id,smiles,activo
CHEMBL4528123,CC(=O)C1(c2ccccc2)CCN(C(=O)c2cnn(-c3nn4cccc4c(=O)[nH]3)c2C)CC1,CHEMBL140110
CHEMBL497721,CC(=O)[C@@H]1C[C@H]2C(C)(C)CCC[C@]2(C)[C@@]1(O)CCC1=CCOC1=O,CHEMBL333281
CHEMBL497794,COCCNc1ccc2ncc(-c3ccc(C#N)cc3)n2n1,CHEMBL293628
CHEMBL497795,COC[C@H](C)Nc1ccc2ncc(-c3ccc(C#N)cc3)n2n1,CHEMBL293628
CHEMBL498093,NC(=O)COc1ccc2c(c1)S(=O)(=O)C=C(c1c(O)c3cc(F)ccc3n(Cc3ccc(F)cc3)c1=O)N2,CHEMBL158693
CHEMBL498095,C[C@H]1/C(=C/C(=O)OCCN(C)C)CC[C@H]2[C@H]1C(=O)C[C@H]1C(C)(C)[C@@H](OS(=O)(=O)O)CC[C@]21C,CHEMBL141624
CHEMBL498471,OC1(c2cccnc2)CCc2cc(-c3ccc(F)cc3)ccc21,CHEMBL293628
CHEMBL498472,OC1(c2ccncc2)CCc2cc(-c3ccc(F)cc3)ccc21,CHEMBL293628
CHEMBL499193,Clc1ccc(C2=NCCCN=C2c2ccccc2Cl)cc1,CHEMBL293626
CHEMBL499194,COC(=O)[C@]1(C)[C@@H](OS(=O)(=O)[O-])CC[C@]23C[C@]24CC[C@]2(C)[C@@H]([C@H](C)CC(=O)C=C(C)C)CC[C@@]2(C)[C@@H]4CC[C@@H]13.[Na+],CHEMBL3137793
CHEMBL501423,CN1CCN(Nc2ncnc3[nH]cnc23)CC1,CHEMBL120418
CHEMBL4528250,CC(C)(C)OC(=O)N1Cc2cn[nH]c2C(C)(C)C1,CHEMBL120418
CHEMBL502389,Cc1ccc(Nc2cc(C)nc3ncnn23)c(F)c1,CHEMBL120418
CHEMBL507338,Cc1ccc2c3c1c1c(n3CCC2)[C@@H]2Oc3c(O)ccc4c3[C@@]23CCN(CC2CC2)[C@H](C4)[C@]3(O)C1,CHEMBL140110
CHEMBL499239,CC(=O)O[C@@H]1CC[C@@]2(C)[C@@H](CC[C@]3(C)/C(=C(\C)C(=O)/C=C/C(C)=C/C=C/C(C)(C)O)C(=O)C[C@@H]23)[C@@]1(C)C(=O)[O-].[Na+],CHEMBL158693
CHEMBL508026,COc1cccc(C2C=C(c3cc(OC)c(OC)c(OC)c3)NC(=S)N2)c1,CHEMBL69114
CHEMBL508030,CNc1ccccc1C(=O)N1CCc2c([nH]c3ccccc23)C1=O,CHEMBL293626
CHEMBL498719,COc1ccc(/C=C2\C(=O)NN(c3ccc(C#N)cc3)C2=O)cc1O,CHEMBL333281
CHEMBL498722,[Cl-].c1c2c(cc3c1OCO3)-c1cc3ccc4c(c3c[n+]1CC2)OCO4,CHEMBL76607
CHEMBL503135,Cc1cc(Nc2cnc3ccccc3c2)n2ncnc2n1,CHEMBL293628
CHEMBL503137,CC1(C)Oc2ccc3ccc(=O)oc3c2C[C@H]1O,CHEMBL120418
CHEMBL503139,COc1ccc(-n2cc(C(=O)Nc3ccc(Oc4ccnc5[nH]ccc45)c(F)c3)c(=O)c(-c3ccc(F)cc3)c2)cc1F,CHEMBL63396
CHEMBL507730,CC(C)(C)CCN1C(=O)C(C2=CS(=O)(=O)c3c(CNS(C)(=O)=O)cccc32)=C(O)[C@@H]1C(C)(C)C,CHEMBL141624
CHEMBL504843,Cc1cn([C@H]2C=C[C@@](C#CCl)(CO)O2)c(=O)[nH]c1=O,CHEMBL333520
CHEMBL505205,COc1ccc(N(Cc2ccccc2)[C@H]2CCN(C)C(C)(C)C2)cc1,CHEMBL293626
CHEMBL505334,COC(=O)CSc1nc(-c2ccc(F)cc2)c(-c2ccncc2)[nH]1,CHEMBL293626
CHEMBL505335,C[C@@H](Nc1c(Nc2cccnc2)c(=O)c1=O)c1ccccc1,CHEMBL293628
CHEMBL498482,CNC[C@@H]1OCc2ccccc2[C@@H]1Oc1cccc(C)c1C,CHEMBL293628
CHEMBL498486,COc1ccc(-c2oc3c(CC=C(C)C)c(OCCO)cc(O)c3c(=O)c2OCCO)cc1,CHEMBL543319
CHEMBL499414,COC(=O)CN1C(=O)N(CC(O)CN2CCN(C(=O)c3ccco3)CC2)C(c2ccccc2)(c2ccccc2)C1=O,CHEMBL140805
CHEMBL498563,CN(C)CCCC1(c2ccccc2)OCc2cc(C#N)ccc21,CHEMBL293628
CHEMBL497024,CCN(CC)CCNC1CCCc2c1[nH]c1ccc(C)cc21,CHEMBL293628
CHEMBL497026,O=C(NO)[C@H]1CC(CC(=O)N2CCCCC2)CC[C@@H]1C(=O)N1CCN(c2ccccc2)CC1,CHEMBL140110
CHEMBL495478,CCCC(=O)O[C@]1(C)CCC2[C@@H]3C4OC(C/C(C)=C\CC[C@]4(C)OC(=O)[C@@H]2C)[C@@H]31,CHEMBL343916
CHEMBL495480,CC1CCC(=O)O[C@@]23C(=O)N[C@@H](Cc4ccccc4)[C@@H]2[C@H](C)[C@@]2(C)O[C@H]2[C@@H]3/C=C/CC(C)(O)C1=O,CHEMBL140110
CHEMBL496719,Cc1ccc(C#Cc2nc(C(N)=O)nn2COCCO)cc1,CHEMBL293628
CHEMBL495177,N#Cc1nc(NCc2ccc(Br)cc2)c2c(n1)N(CCCc1ccccc1)CN2,CHEMBL140616
CHEMBL498421,N#Cc1c(N)nc2[nH]c(=S)[nH]c(=O)c2c1-c1ccc(N2CCOCC2)cc1,CHEMBL331858
CHEMBL498422,CN1CCN(c2ccc(-c3c(C#N)c(N)nc4[nH]c(=S)[nH]c(=O)c34)cc2)CC1,CHEMBL331858
CHEMBL498496,NCCCn1cc(-c2ccc3c(c2)CC/C3=N\O)c(-c2ccncc2)n1,CHEMBL293626
CHEMBL500119,C=C/C(C)=C/C[C@]1(C)[C@H](C)C[C@H](O)[C@@]23C(=C[C@H](OC(=O)c4ccc(O)cc4)C[C@@H]12)[C@@H](OC(C)=O)O[C@H]3OC(C)=O,CHEMBL3137793
CHEMBL500160,O=C1NC(NCc2ccc(Br)cc2)=N/C1=C\c1c[nH]c2ncccc12,CHEMBL331858
CHEMBL501929,CC(C)CCC1(NC(=O)c2ccccc2)C(=O)C(C2=NS(=O)(=O)c3cc(NS(C)(=O)=O)ccc3N2)=C(O)c2ccccc21,CHEMBL3138144
CHEMBL504149,CC1CN(C(=S)NC2CCCCC2)N=C1c1ccccc1,CHEMBL293628
CHEMBL504151,Cc1cc(Nc2nn(C(C)C)c(=O)c3cc(CO)ccc23)[nH]n1,CHEMBL333281
CHEMBL504325,COc1ccc(-c2cc(=O)c3c(O)c(OC)c(O)c(OC)c3o2)cc1OC,CHEMBL331858
CHEMBL499315,COC(=O)[C@@H]1C[C@H](OC(=O)Cc2ccccc2)C(=O)[C@H]2[C@@]1(C)CC[C@H]1C(=O)O[C@H](c3ccoc3)C[C@]21C,CHEMBL141624
CHEMBL501473,CCOC(=O)NCCCCCNC(=O)C1=NO[C@]2(C=C(Br)C(OC)=C(Br)[C@@H]2O)C1,CHEMBL63926
CHEMBL4528258,COc1ccc([C@H]2c3cccc(c3O)NC(=O)/C(C)=C/CC[C@H](OC)[C@@H](OC(N)=O)/C(C)=C/[C@H](C)[C@@H](OC)[C@@H](OC)C[C@@H]2C)cc1,CHEMBL3137780
CHEMBL503487,Cc1nc2c(c3c1C(=O)c1c(O)cccc1C3=O)C(=O)CCC2,CHEMBL333281
CHEMBL503488,C=C1CCC2C(C)(CO)C(O)CCC2(C)C1/C=C/C1=CC(C2(CCC3=CCOC3=O)C(=C)CCC3C(C)(CO)C(O)CCC32C)OC1=O,CHEMBL3137811
CHEMBL503494,COC(=O)[C@@H]1C[C@H](C#N)[C@H](c2ccccc2)N1C,CHEMBL120418
CHEMBL500217,O=C(O[C@H]1CN[C@H](C#Cc2cc3ncnc(Nc4ccc5c(ccn5Cc5ccccc5)c4)c3s2)C1)N1CCOCC1,CHEMBL3137793
CHEMBL497987,Cc1ccc(C(=O)NC2CC2)cc1-c1ccc2cc[nH]c(=O)c2c1,CHEMBL293626
CHEMBL499885,COC(=O)c1c[nH]c2nccc(Oc3ccc(NC(=O)NC(=O)Cc4ccc(F)cc4)cc3F)c12,CHEMBL140110
CHEMBL499886,O=C(Cc1ccc(F)cc1)NC(=O)Nc1ccc(Oc2ccnc3[nH]cc(CO)c23)c(F)c1,CHEMBL140110
CHEMBL4528330,CN1C(=O)S/C(=C\c2cc(OCc3cnc(-c4ccccc4)nc3)c(O)cc2Br)C1=O,CHEMBL141624
CHEMBL501827,C=CCn1cnc2cc(C(=O)NC[C@H]3O[C@@H](n4cnc5c(NCc6ccc(Oc7ccccc7)cc6)ncnc54)[C@H](O)[C@@H]3O)ccc21,CHEMBL3137811
CHEMBL505683,CO[C@@H]1C[C@H]2C(C)(C)CCC[C@]2(C)C2=C1C(=O)C(C(C)C)=C(O)C2=O,CHEMBL293626
CHEMBL505687,Cn1c([N+](=O)[O-])cnc1-c1nnc(N2CCCCC2)s1,CHEMBL333520
CHEMBL498281,C=C(C(CC1OC1(C)C)OC(=O)/C(C)=C\C)[C@H]1C[C@H]2O[C@@]2(C)[C@H](OC(=O)/C(C)=C\C)[C@@H]1O,CHEMBL140616
CHEMBL4548478,Cn1nccc1C(=O)Nc1n[nH]c(C2CCC2)n1,CHEMBL120418
CHEMBL503067,Cc1cc(COc2ccc(S(=O)(=O)C3(C(=O)NO)CCN(C(=O)c4ccncc4)CC3)cc2)c2ccccc2n1,CHEMBL158693
CHEMBL500507,O=c1c2c(-c3ccc(Cl)cc3)c3c(nc2nc2[nH]nc([C@H](O)[C@H](O)[C@H](O)CO)n12)/C(=C/c1ccc(Cl)cc1)CCC3,CHEMBL3138144
CHEMBL507457,COc1c(Br)ccc(Cc2n[nH]c(=O)n2C)c1F,CHEMBL293626
CHEMBL4548544,CN(CC1COc2ccccc2O1)c1ccc(C#N)cn1,CHEMBL333520
CHEMBL4548545,CCN1C(=O)/C(=C/c2ccc(-c3ccc(N4C[C@H](CNC(C)=O)OC4=O)cc3F)cc2)SC1=S,CHEMBL141624
CHEMBL4548547,O=C(Cn1cnc2c(cnn2C2CCS(=O)(=O)C2)c1=O)NCc1ccc2c(c1)OCO2,CHEMBL304757
CHEMBL4548551,CN(C)Cc1cc2nc(-c3ccc(F)cc3)c(-c3ccnc(N)n3)n2cn1,CHEMBL331858
CHEMBL498524,Cn1cc(-c2ccc3c(c2)CCN/C3=N/O)c(-c2ccncc2)n1,CHEMBL333281
CHEMBL1242564,CC[C@H](O)[C@@H](C)[C@H]1O[C@@H]1C[C@@](C)(O)/C=C/C=C(\C)[C@H]1OC(=O)C[C@H](O)CC[C@@](C)(O)[C@@H](OC(C)=O)CC[C@@H]1C,CHEMBL140805
CHEMBL500931,COc1ccccc1N1CCN(C(C)CN2C(=O)C3Oc4ccccc4C3N(C)C2=O)CC1,CHEMBL140110
CHEMBL508314,CC1(C)CC2=C(O1)C1(CO1)c1ccccc1C2=O,CHEMBL120418
CHEMBL508318,COc1ccc2nc3cc(Cl)ccc3c(NCCNCC[C@H]3O[C@@H]4O[C@@]5(C)CC[C@H]6[C@H](C)CC[C@@H]([C@H]3C)[C@@]46OO5)c2c1,CHEMBL3137780
CHEMBL498769,Oc1ccc(Cc2nnc3ncc(-c4ccccc4)nn23)cc1,CHEMBL333281
CHEMBL498770,N/C(=N/CCc1ccc(I)cc1)SCCCc1cnc[nH]1,CHEMBL24473
CHEMBL498772,O=C1CCC(/C=C/c2ccc(-c3ccccc3)cc2)=NN1,CHEMBL293628
CHEMBL501998,COc1cccc2oc3cc4c(c(O)c3c(=O)c12)[C@@H]1C[C@@H](O)C[C@](C)(O4)O1,CHEMBL331858
CHEMBL502065,c1nc(NCc2ccc3c(c2)OCO3)c2sccc2n1,CHEMBL333520
CHEMBL502069,Cc1cn([C@@H]2O[C@H](CO)C=C2F)c(=O)nc1N,CHEMBL120418
CHEMBL508227,C[C@@]12CC[C@]3(C1)[C@H](CC2=O)C[C@@H](OC(=O)c1ccccc1)[C@H]1[C@](C)(CO)CCC[C@@]13C,CHEMBL343916
CHEMBL508228,CC(C)[C@H]1[C@@H]2OC(=O)[C@H]1[C@H]1C[C@H](O[C@@H]3O[C@H](CO)[C@@H](O)[C@H](O)[C@H]3O)[C@]3(CO3)[C@@]1(C)[C@H]2O,CHEMBL304757
CHEMBL508274,CC(=O)Nc1cccc(-c2nc(-c3nnc(Cc4ccc(F)cc4)o3)c(O)c3ncccc23)c1,CHEMBL140110
CHEMBL499597,C=C[C@@]1(C)CCC2=C(C1)C(=O)CC1[C@]2(C)C[C@@H](O)[C@H](O)[C@]1(C)CO[C@]1(C)O[C@](C)(CO)[C@@](C)(O)[C@](C)(O)[C@]1(C)O,CHEMBL3138149
CHEMBL502707,CCOC(=O)N(Cc1ccccc1SC)[C@H]1CCNC1,CHEMBL293628
CHEMBL508918,C=C1[C@H](O)C[C@H]2[C@@](C)(COC(C)=O)C[C@H](O)C[C@]2(C)[C@H]1CCC(C)=O,CHEMBL331858
CHEMBL4528196,C#CCNCc1ccc(CN2C3C4C5CC6C7C5C3C7C2(O)C64)cc1,CHEMBL293626
CHEMBL4528198,Cc1cc2ccccn2c1C(=O)c1cccc2nc3ccccc3nc12,CHEMBL293626
CHEMBL498012,O=C1CCC(c2ccccc2)(C2CCN(Cc3ccc(Cl)c(Cl)c3)CC2)C(=O)N1,CHEMBL343916
CHEMBL498013,CN1CCN(c2ccc3[nH]c(-c4c(N)c5ccc(F)cc5[nH]c4=O)nc3c2)CC1,CHEMBL331858
CHEMBL500410,CCC1=C(O)c2c(oc(-c3ccccc3)cc2=O)C(C)(C)C1=O,CHEMBL333281
CHEMBL500563,CC1(C)CC(=O)C2=C(O1)[C@@]1(C[C@H]1C(C)(C)O)[C@@H](O)[C@@H](O)C2,CHEMBL333281
CHEMBL504119,CN(C)Cc1ccc2c(c1)OCC[C@H]2NC(=O)C[C@@H]1C(=O)Nc2ccccc2N1S(=O)(=O)c1ccc(Cl)c(Cl)c1,CHEMBL3138144
CHEMBL504273,CC1C(=O)Nc2ccc(F)cc2N1S(=O)(=O)c1cccc(C#N)c1,CHEMBL333281
CHEMBL504275,COc1cc(O)c2c(c1)C1=C[C@@H](O)[C@H](O)C[C@]1(C)OC2=O,CHEMBL333520
CHEMBL505842,CC1=C(C(=O)Nc2ccccc2Cl)C(c2cccc([N+](=O)[O-])c2)NC(=O)N1,CHEMBL331858
CHEMBL498159,C/C=C/CCCC(C)/C(O)=C1\C(=O)[C@@H]([C@@H](C)O)N(C)C1=O,CHEMBL293628
CHEMBL500859,O=C(/C=C/c1ccc(Sc2cccc(NC[C@H]3CC[C@@H](C(=O)O)CC3)c2)c(C(F)(F)F)c1C(F)(F)F)N1CCOCC1,CHEMBL3138144
CHEMBL500946,N#Cc1ccc(Cn2cncc2CN[C@H]2CCN(C(=O)c3cncc(Br)c3)C2=O)cc1,CHEMBL140110
CHEMBL505333,Cc1ccnc(N2C(=O)CSC2CC23CC4CC(CC(C4)C2)C3)n1,CHEMBL333281
CHEMBL4528361,Cn1c(CSc2cccs2)n[nH]c1=S,CHEMBL120418
CHEMBL4528362,CC(C)CC(=O)C1Oc2cc(Cc3ccccc3)[nH]c(=O)c2O1,CHEMBL293628
CHEMBL4528363,CC(C)(N)c1ccc(-n2c(-c3cccnc3N)nc3ccc(-c4ccccc4)nc32)cc1,CHEMBL343916
CHEMBL507483,COc1cc2c(cc1OC)[C@@H]1C[C@H](O)[C@@H](CC(C)C)CN1CC2,CHEMBL333281
CHEMBL4548479,CCn1ccnc1CN1CCC(=O)NCC1C,CHEMBL120418
CHEMBL4548482,CS(=O)(=O)c1ccc(Oc2cc(F)cc(C#N)c2)c2c1[C@H](O[C@@H]1O[C@H](C(=O)O)[C@@H](O)[C@H](O)[C@H]1O)C(F)(F)C2,CHEMBL158693
CHEMBL4548483,C#CCN1CCN(c2ccc3c4c(cccc24)C(=O)N(CC(O)Cn2c([N+](=O)[O-])cnc2C)C3=O)CC1,CHEMBL138920
CHEMBL4548486,Cc1cc(=O)n(Cc2cc(CN)cc(C(F)(F)F)n2)c(=O)n1CCO.Cl,CHEMBL331858
CHEMBL498390,Cc1ccc(NC(=O)c2ccnc(N3CCCC3)c2)cc1-c1ccc2cc[nH]c(=O)c2c1,CHEMBL343916
CHEMBL498392,CN(C)CCCn1cc(-c2ccc3c(c2)N(c2nc4c(s2)C(=O)NC(C)(C)C4)CCO3)cn1,CHEMBL140110
CHEMBL502267,CN(CC(=O)N1CCN(c2ccccc2)CC1CN1CCCC1)c1ccc(Cl)c(Cl)c1,CHEMBL140110
CHEMBL502268,O=c1nc(-c2ccc3[nH]ncc3c2)cc(-c2ccccc2F)[nH]1,CHEMBL293628
CHEMBL502269,O=c1nc(-c2ccc3[nH]ncc3c2)cc(-c2cccc(F)c2)[nH]1,CHEMBL293628
CHEMBL507159,COc1ccc(Cc2ccc3nc(O)cc(C)c3c2)cc1S(=O)(=O)O,CHEMBL331858
CHEMBL507160,C/C1=C/C(=O)CC2=C[C@@H](OC2=O)[C@H](C(C)C)CC(=O)/C(C)=C/CC1,CHEMBL333281
CHEMBL507249,O[C@H]1CC[C@H](c2n[nH]cc2-c2ccnc(NC3CCCC3)n2)CC1,CHEMBL333281
CHEMBL508525,O=C(NN1C(=O)CSC1c1ccccc1F)c1cc(-c2ccc(F)cc2F)ccc1O,CHEMBL140110
CHEMBL497797,CCC[C@H]1OC(=O)[C@@H](Sc2ccccc2)[C@@H]1CC(=O)OC,CHEMBL293628
CHEMBL498167,CC(C)Cn1c(CN)c(-c2ccccc2)c2ccccc2c1=O,CHEMBL293628
CHEMBL498237,O=C1NC(c2ccccc2)=N/C1=C\c1c[nH]c2ccccc12,CHEMBL293628
CHEMBL498553,CCN1CCC(c2ccn3c(-c4ccnc(N)n4)c(-c4ccc(F)cc4)nc3c2)CC1,CHEMBL343916
CHEMBL498554,C1CC2(CCN1)COC1(OO2)C2CC3CC(C2)CC1C3.Cl,CHEMBL333281
CHEMBL499364,O=C(Cc1ccccc1Cl)Nc1c[nH]c(=O)[nH]c1=O,CHEMBL293628
CHEMBL4527826,COc1cc2c(cc1C(=O)Nc1nccs1)CCC1C(C)(C)c3nc(C)ncc3C[C@]21C,CHEMBL140110
CHEMBL4527832,O=C(O)c1cc(NS(=O)(=O)c2ccc(OCC3CCOCC3)c3ccccc23)ccc1F,CHEMBL140616
CHEMBL507405,C/C(=C\C(=O)O)CC[C@@H]1[C@@]2(C)CCC[C@@](C)(CO)[C@@H]2CC[C@@]1(C)O,CHEMBL293626
CHEMBL508071,COc1cc2c(c(OC)c1OC)C(C)NCC2.Cl,CHEMBL293628
CHEMBL1205772,Cc1c(CC(N)=O)c2c(OCC(=O)O)cccc2n1Cc1cccc(Cl)c1,CHEMBL24473
CHEMBL4528061,CC(C)N(C)S(=O)(=O)N(C)Cc1ccc(Br)o1,CHEMBL293626
CHEMBL1242344,CCCc1cc(=O)oc2c(C)c(OCC(=O)n3nc(C)cc3C)ccc12,CHEMBL331858
CHEMBL508677,C=C[C@]1(C)C[C@@H](OC(=O)Cn2cc(CCCn3cc(C)c(=O)[nH]c3=O)nn2)[C@]2(C)[C@H](C)CC[C@]3(CCC(=O)[C@@H]32)[C@@H](C)[C@@H]1O,CHEMBL3137780
CHEMBL4528127,Cc1cc(Br)cn(CC(O)COC(C)C)c1=O,CHEMBL293628
CHEMBL4528128,N#Cc1ccnc(N2CCN(c3nc(CSc4ccccc4)nc4sc5c(c34)CCC5)CC2)c1,CHEMBL140616
CHEMBL498798,C[C@H](CS)C(=O)N1[C@@H](SCc2ccccc2)CC[C@H]1C(=O)O,CHEMBL293626
CHEMBL507737,COc1ccc(-n2nc(C(F)(F)F)c3c2C(=O)N(c2ccc(C4(C(N)=O)CC4)cc2)CC3)cc1,CHEMBL140110
CHEMBL504966,CNc1ccccc1C(=O)O[C@@H]1[C@@H](C)[C@]2(O)[C@@H]3C=C(C)C(=O)[C@H]3[C@H](O)C(CO)=C[C@H]2[C@@H]2C(C)(C)[C@]12OC(C)=O,CHEMBL158693
CHEMBL508638,COC1O[C@H](OC)[C@]2(O)[C@]1(O)CC[C@@H]1[C@@]3(C)CCC[C@](C)(C(=O)O)[C@@H]3CC[C@]12C,CHEMBL304757
CHEMBL508639,C=C1CC[C@]23O[C@@]2(C)CC[C@H]2C(=C)C(=O)O[C@@H]2[C@@H]13,CHEMBL120418
CHEMBL498643,COc1ccc(-c2ccc3c(c2)CCC3(O)c2ccncc2)cc1,CHEMBL293626
CHEMBL498724,COc1ccc([C@@H]2COc3c(ccc4occc34)C2)c(OC)c1O,CHEMBL333281
CHEMBL501437,COc1cc([C@H]2Oc3c(OC)cc4ccc(=O)oc4c3O[C@@H]2COC(=O)/C=C/c2ccc(O)cc2)ccc1O,CHEMBL3138149
CHEMBL505109,CCCC[C@H]1C(=O)O[C@H](C(C)C)C(=O)N(C)[C@@H](CCCC)C(=O)O[C@H](C(C)C)C(=O)N(C)[C@@H](C(C)CC)C(=O)O[C@H](C(C)C)C(=O)N1C,CHEMBL3138174
CHEMBL4528302,Cc1c(C(=O)N2CCC2c2cncc(F)c2)cnn1-c1nn2cccc2c(=O)[nH]1,CHEMBL331858
CHEMBL4528303,CC1CN(C(=O)c2ccccc2)CCN1C(=O)C(=O)c1ccc2cc(Br)ccc2n1,CHEMBL140110
CHEMBL505244,Cl.c1ccc(CC2CC(c3ccccc3)=NO2)cc1,CHEMBL293628
CHEMBL505253,COc1cc(C2=C(c3c[nH]c4ccccc34)C(O)NC2=O)cc(OC)c1OC,CHEMBL331858
CHEMBL495938,N#Cc1ccc(-c2cnc3ccc(NC4CCCNC4)nn23)cc1,CHEMBL333281
CHEMBL497099,CO[C@@]12CC[C@H](OC(C)=O)[C@@](C)(CC[C@@H]3/C(=C\C=C\C(C)(C)O)COC(=O)[C@H]31)C2,CHEMBL343916
CHEMBL497102,C=C1CC[C@@H]2O[C@]2(COC(C)=O)C[C@H]2O[C@@]23[C@H](C(C)(C)O)CC[C@@]3(C)CC1,CHEMBL331858
CHEMBL495559,C[C@H]1[C@@H]2CN(C(=O)c3cc4cc(OCCN(C)C)ccc4[nH]3)C3=CC(=O)c4ccccc4[C@@]312,CHEMBL140110
CHEMBL496794,COc1ccccc1N(C)c1ncnc2ccsc12,CHEMBL302715
CHEMBL502009,CO[C@H]1C(=O)N(SC)[C@H]1c1cc(Cl)cc(Cl)c1Cl,CHEMBL293626
CHEMBL502011,O=C(Nc1n[nH]c2nc(-c3ccc(-c4ccccc4)cc3)ccc12)C1CC1,CHEMBL293626
CHEMBL502140,O=C(C[C@@H]1C(=O)Nc2ccccc2N1S(=O)(=O)c1ccccc1)N[C@@H]1CCOc2cc(CN3CCCCC3)ccc21,CHEMBL3138149
CHEMBL502142,CC[C@@]1(OC(=O)C(C)Oc2cc(C(F)(F)F)ncn2)C(=O)OCc2c1cc1n(c2=O)Cc2cc3ccccc3nc2-1,CHEMBL158693
CHEMBL504335,CN1CCN(c2ccc3c(c2)n2nccc2n[n+]3[O-])CC1,CHEMBL333520
CHEMBL503524,O=C(Nc1ccc(Oc2ccnc3cc(-c4cn(CCN5CCCC5)cn4)sc23)c(F)c1)N1CCN(c2ccccc2)C1=O,CHEMBL3137780
CHEMBL500189,CO[C@@H]1C[C@H](O[C@H]2CC[C@]3(C=O)[C@H]4CC[C@]5(C)[C@@H](C6=CC(=O)OC6)CC[C@]5(O)[C@@H]4C=C[C@]3(O)C2)O[C@H](C)[C@H]1O,CHEMBL158693
CHEMBL500191,CC(C)=CC(=O)C[C@@H](C)[C@H]1CC[C@@]2(C)[C@@H]3CC[C@H]4[C@](C)(CO)[C@@H](OS(=O)(=O)[O-])CC[C@@]45C[C@@]35CC[C@]12C.[Na+],CHEMBL2113371
CHEMBL498840,Cc1nc2c(N[C@H]3c4ccccc4C[C@@H]3O)cc(-n3ccccc3=O)cn2c1C,CHEMBL331858
CHEMBL4527834,C[C@@H]1CN(Cc2cc3nc(C(N)=O)cc(-c4ccc(F)cc4)c3s2)C[C@H](C)O1,CHEMBL343916
CHEMBL4527835,COc1ccc(Nc2nc(N3CCNCC3)ncc2F)cc1Cl,CHEMBL333281
CHEMBL4527836,CCOC(=O)N(CC)c1c(N)nc(-c2nn(Cc3sccc3F)c3ncccc23)nc1N,CHEMBL142132
CHEMBL4527840,COc1cccc(CC(=O)Nc2nc3ccc(C)cn3c2C(=O)NC2CCCC2)c1,CHEMBL24473
CHEMBL4527841,Cc1sc2nc(-c3cccnc3)nc(N3CCN(S(=O)(=O)/C=C/c4ccccc4)CC3)c2c1C,CHEMBL141624
CHEMBL4527843,CC(NC(=O)c1nc(-c2nccs2)sc1C1CC1)c1ccc(C(=O)NO)cc1,CHEMBL24473
CHEMBL4527845,COc1cc(OC)c(-c2cn3ccc(N4CCC(NC(=O)OC(C)(C)C)C4)nc3n2)cc1Cl,CHEMBL140110
CHEMBL503014,C=CCSS/C=C\C[S+]([O-])CCC,CHEMBL153094
CHEMBL503015,COc1ccc([C@]23Oc4cc5c(c(OC)c4[C@](O)([C@H](C(=O)N4CCCC4NC(=O)CC(C)C)[C@H]2c2ccccc2)[C@@H]3O)OCO5)cc1,CHEMBL3137811
CHEMBL503017,O=C(/C=C/c1ccccc1)N[C@@H]1CC[C@@]2(OC(=O)Cc3ccccc3)[C@H]3Cc4ccc(O)c5c4[C@@]2(CCN3CC2CC2)[C@H]1O5,CHEMBL3138144
CHEMBL497751,C[C@H]1COc2c(N3CC[C@@H](CNC4CC4)C3)c(F)cc3c(=O)c(C(=O)O)cn1c23,CHEMBL138253
CHEMBL499318,O=C(O)C1=CC[C@@H]2C(C(=O)O)=CO[C@@H](O[C@@H]3O[C@H](COC(=O)c4ccccc4)[C@@H](O)[C@H](O)[C@H]3O)[C@H]12,CHEMBL138920
CHEMBL499544,CN1C[C@@H](c2ccc(F)cc2)[C@@]2(Cc3ccccc3C2=O)[C@@]12C(=O)Nc1ccccc12,CHEMBL343916
CHEMBL4527953,O=C(/C=C/C=C/c1ccc2c(c1)OCO2)Oc1ccccc1,CHEMBL333520
CHEMBL4527954,CO[C@H]1CC[C@@]2(C)[C@@H](CC[C@@H]3[C@@H]2CC[C@]2(C)[C@@H](C4=CC(=O)OC4)[C@@H](O)[C@H]4O[C@]342)C1,CHEMBL343916
CHEMBL499546,C=C1CC[C@H](OO)C(=C)CCC2=C(C(C)C)C(=O)C[C@]2(C)CC1=O,CHEMBL333281
CHEMBL501483,C=CC(C)(C)[C@@]12CCN(C)[C@@H]1Nc1cc(Br)ccc12,CHEMBL293626
CHEMBL501504,O=C1C(Br)=C(Nc2cccc(Br)c2)C(=O)c2[nH]cnc21,CHEMBL331858
CHEMBL501601,c1cc2ccc(OC3CCNCC3)cc2cn1,CHEMBL120418
CHEMBL503582,O=C(Cn1c(=O)oc2ccc(Cl)cc21)N1CCN(S(=O)(=O)c2cc(C(F)(F)F)ccc2Cl)CC1CN1CCCC1,CHEMBL3138424
CHEMBL503583,Cc1cc(Cn2c(=O)c(C3=CS(=O)(=O)c4cc(NS(C)(=O)=O)ccc4N3)c(O)c3cc(F)ccc32)ccc1F,CHEMBL3137793
CHEMBL497990,CN(Cc1cc(-c2ccccc2Cl)no1)C(=O)C1CCNCC1,CHEMBL333281
CHEMBL499924,CCN1CN(C)S(=O)(=O)c2ncc(C)cc21,CHEMBL120418
CHEMBL499927,N#CC(Cc1ccc(O)c(I)c1)c1ccc(O)cc1,CHEMBL293626
CHEMBL499944,COc1ccc(-c2ccc(C(=O)Nc3cccc(Cn4ncc(N5CCN(C(C)=O)CC5)c(Cl)c4=O)c3C)cc2)cn1,CHEMBL3137793
CHEMBL499953,CCCC1(C)SC(NC2C(C)(C)C2(C)C)=NC1=O,CHEMBL302715
CHEMBL499956,CC1(C)SCN(C(=O)[C@@H](O)[C@H](Cc2ccccc2)NC(=O)COc2ccc(N)cc2)[C@@H]1C(=O)N[C@H]1c2ccccc2C[C@H]1O,CHEMBL3137762
CHEMBL499964,C#Cc1ccc2c(c1)C(c1ccccc1)=NCc1c(C(=O)OCCOCCOC(=O)c3ncn4c3CN=C(c3ccccc3)c3cc(C#C)ccc3-4)ncn1-2,CHEMBL264879
CHEMBL499965,C#CCCC[C@H]1OC(=O)[C@H]([C@@H](C)CC)NC(=O)[C@@H]2CCCN2C(=O)[C@H](Cc2ccccc2)OC(=O)[C@H](C(C)C)N(C)C(=O)[C@H](C(C)C)NC(=O)[C@H]1C,CHEMBL264879
CHEMBL501984,COC(=O)/C=C/C(=O)c1nccc2c1[nH]c1ccccc12,CHEMBL333520
CHEMBL505817,C=C1/C(=C\C=C2/CCC[C@]3(C)[C@@H]([C@H](C)C[C@H]4C[C@](C)(O)C(=O)N4Cc4cc(O)cc(O)c4)CC[C@@H]23)C[C@@H](O)C[C@@H]1O,CHEMBL3138149
CHEMBL498362,COc1ccc2c(c1)c1cc(OC)c(OC)cc1c1c[n+]3c(cc21)CCC3.[Cl-],CHEMBL69149
CHEMBL500646,CC(C)[C@@H]1NC(=O)c2csc(n2)[C@H](C(C)C)NC(=O)c2coc(n2)[C@H](C(C)C)NC(=O)[C@H]([C@@H](C)O)NC1=O,CHEMBL3138149
CHEMBL507529,C[C@H](Nc1cc2c(cn1)cnn2-c1ccccc1C(N)=O)c1ccccc1,CHEMBL293626
CHEMBL498606,CC(C)c1cc2c(cc1NC(=O)CN1CCCCC1)[C@@]1(C)CCC[C@@](C)(C(=O)O)[C@@H]1CC2,CHEMBL343916
CHEMBL501166,O=C(/C=C/c1ccc(Sc2cccc(OCc3cccnc3)c2)c(C(F)(F)F)c1C(F)(F)F)N1CCOCC1,CHEMBL63396
CHEMBL501167,CCNc1ncc(C#Cc2cccc(C)c2)cn1,CHEMBL120418
CHEMBL501296,O=C(NCCO)c1cc(-c2cc(F)c(Cl)cc2Cl)n[nH]1,CHEMBL293626
CHEMBL501300,CC(C)[C@@H]1CC[C@]2(C)O[C@H]2[C@H](O)C[C@]2(C)O[C@H]2[C@@H]1O,CHEMBL120418
CHEMBL504230,CCC[C@H]1NC(=O)c2csc(n2)[C@H](C)NC(=O)[C@H](C(C)C)N(C)C(=O)[C@H](C(C)C)NC(=O)[C@H]([C@@H](C)CC)OC(=O)[C@H]1C,CHEMBL3137780
CHEMBL4548513,O=C(NO)c1cc(F)c(Cn2nnc(-c3ccc4ccccc4n3)n2)c(F)c1,CHEMBL331858
CHEMBL498943,Brc1ccc(N2C[C@H]3CNC[C@H]3C2)cn1.O=C(O)C(F)(F)F,CHEMBL331858
CHEMBL498971,C=C1[C@@H](OC(=O)C[C@H](c2ccccc2)N(C)C)CC[C@]2(C)[C@@H]1C[C@@H]1C[C@H](OC(C)=O)C(C)=C([C@@H](OC(C)=O)[C@@H]2OC(C)=O)C1(C)C,CHEMBL3137780
CHEMBL4548553,O=C(NO)c1ccc(-n2cnc3ncncc32)cc1,CHEMBL120418
CHEMBL498976,C(=C/N1CCSCC1)\N=N\c1ccccc1,CHEMBL120418
CHEMBL508276,O=C([O-])c1cccc(Cc2cc(Cl)ccc2OCc2ccccc2F)n1.[Na+],CHEMBL24473
CHEMBL4527850,Cc1c(C(=O)N2CCN(S(=O)(=O)c3ccc(Cl)c4nonc34)CC2)cnn1-c1nn2cccc2c(=O)[nH]1,CHEMBL158693
CHEMBL4527851,CCSc1cc(C(=O)N2CC[S+]([O-])CC2)ccn1,CHEMBL333520
CHEMBL4527852,CC(C)CCNC(=O)CSc1nnc2c3cc(-c4ccccc4)nn3ccn12,CHEMBL69114
CHEMBL4527853,CNc1snc(C)c1C(=O)N(C)Cc1ccc(OC(F)(F)F)cc1,CHEMBL293626
CHEMBL4527860,CCC(C)C(=O)c1coc2c3c(c(O)cc12)[C@@H](O)[C@@H]1[C@@]2(C)CC[C@H](C(C)(C)O)O[C@@H]2CC[C@@]1(C)O3,CHEMBL140616
CHEMBL4527861,C=CC(=O)N1CCN(c2nc(=O)n(-c3c(C)ncnc3C(C)C)c3nc(-c4c(O)cccc4F)c(Cl)cc23)[C@@H](C)C1,CHEMBL3137793
CHEMBL1242437,CCN1C[C@]2(COC)CC[C@H](O)[C@]34C1[C@@H](C[C@H]23)[C@@]1(O)C[C@H](OC)[C@H]2C[C@@H]4[C@@H]1[C@H]2O,CHEMBL304757
CHEMBL508967,CC(C)Cc1cc2c(N(C)C)nc3ccccc3n2n1,CHEMBL302715
CHEMBL4527961,CC(C)(C)OC(=O)Cc1cn2nc(-c3ccc(Cl)cc3)ccc2n1,CHEMBL333281
CHEMBL4527971,COP(=O)(Nc1cc(-c2ccc(-c3cc4nc(C)cc(N)n4n3)cc2)sc1C(=O)O)c1ccc(C)cc1C,CHEMBL3138149
CHEMBL508970,CN1C(=O)[C@H](O)[C@@H](c2ccccc2)[C@H]1[C@H](O)c1ccccc1,CHEMBL293628
CHEMBL500569,O[C@@H]1[C@H](O)CS[C@H]1n1cnc2c(NCc3cccc(I)c3)ncnc21,CHEMBL140110
CHEMBL500574,Cc1cc(C(=O)N(c2ccccc2)c2ccccc2)nn1-c1ccccc1C(=O)N1Cc2ccccc2C[C@H]1CN(C)C,CHEMBL63396
CHEMBL500666,COc1ccccc1N1CCN(CCN2C(=O)C3Nc4ccccc4C3N=C2C)CC1,CHEMBL304757
CHEMBL504277,C(=C1\CN2CCC1CC2)\c1ccc(C2OCCO2)cc1,CHEMBL302715
CHEMBL504278,O=C1C(Cl)=C(Nc2ccc(OC(F)(F)F)cc2)C(=O)c2[nH]cnc21,CHEMBL331858
CHEMBL504481,COc1cc(-c2coc3cc(O)cc(O)c3c2=O)cc(O)c1OC,CHEMBL333281
CHEMBL504483,CC(=O)O[C@H]1C[C@@H](OC(=O)c2ccccc2)C(C)(C)[C@@H]2C[C@@H](OC(C)=O)[C@@]3(C)C4=CC[C@@H](C5COC(=O)C5)[C@]4(C)CC[C@@H]3[C@@]12C,CHEMBL3137780
CHEMBL504486,C=C1OC(=O)[C@]2([C@H](C)C=C[C@H](O)[C@@H]2O)[C@@H]1O,CHEMBL120418
CHEMBL504490,CC(=O)N[C@H]1CC[C@H]2[C@@H]3NC(=O)C=C4C[C@@H](OC(=O)c5ccc(C)c(N(CCCl)CCCl)c5)CC[C@]4(C)[C@H]3CC[C@]12C,CHEMBL3138144
CHEMBL506088,COc1ccc2c(c1)[C@H](O)[C@@H]1c3c(cc4c(c3-2)OCO4)CCN1C,CHEMBL333281
CHEMBL498305,O=C(O)COc1ccc2c(c1)C[C@@H](NC[C@H](O)c1cccc(Cl)c1)CC2,CHEMBL24473
CHEMBL4528267,CCn1[nH]c(C)c2c(C(F)(F)C(F)(F)F)cc(=O)nc1-2,CHEMBL293628
CHEMBL507488,CN(C)[C@@H]1CCC[C@H]1Nc1nc(Nc2ccn3ccnc3c2)ncc1C(F)(F)F,CHEMBL343916
CHEMBL507545,CC(C)=CC[C@H](OC(=O)C1OC1C)C1=CC(=O)c2c(O)ccc(O)c2C1=O,CHEMBL331858
CHEMBL498467,Cn1cc(-c2ccc(-c3cc[nH]n3)cc2)c(-c2ccncc2)n1,CHEMBL293628
CHEMBL498468,Cc1c[nH]nc1-c1ccc(-c2cn(C)nc2-c2ccncc2)cc1,CHEMBL293628
CHEMBL502374,Cc1ccc(CCN2C[C@@H]3C[C@H](C2)c2cccc(=O)n2C3)cc1,CHEMBL293628
CHEMBL502379,CCc1ccccc1O[C@H]1c2ccccc2C[C@@]1(O)CNC,CHEMBL293628
CHEMBL507253,CC#C[C@]1(O)CC[C@H]2[C@@H]3CCC4=CC(=O)CCC4=C3[C@@H](c3ccc(N(C)CCCCCC4OCCO4)cc3)C[C@@]21C,CHEMBL63396
CHEMBL507254,N#CC1CCCN1C(=O)C(N)C1CCCCC1,CHEMBL120418
CHEMBL507326,Cc1nc2c(N3CCN(CCOc4cccc5[nH]c(=S)[nH]c45)CC3)cccc2[nH]1,CHEMBL343916
CHEMBL497717,COc1c(C(=O)c2ccccc2)ccc2c1OCO2,CHEMBL120418
CHEMBL497718,C=C1C[C@](OC)([C@H](O)C(=O)N[C@@H]2OCO[C@H]3[C@@H]2O[C@H](CO)C(C)(C)[C@@H]3OC)O[C@H](C)[C@@H]1C,CHEMBL142132
CHEMBL497719,C=C1C[C@](OC)([C@H](O)C(=O)N[C@@H]2OCO[C@H]3[C@@H]2O[C@H](C[C@H](O)CO)C(C)(C)[C@@H]3OC)O[C@H](C)[C@@H]1C,CHEMBL138920
CHEMBL497720,CC1(C)[C@@H](O)C[C@H](O)[C@]2(C)[C@H]3CCO[C@]3(C)CC[C@@H]12,CHEMBL120418
CHEMBL498239,COC1(OC)CC[C@@H]2O[C@]2(CO)C[C@H]2O[C@@]23[C@H](C(C)(C)O)CC[C@@]3(C)CC1,CHEMBL331858
CHEMBL498241,COc1ccc(N(C)c2nc(C)nc3sc(C)c(C)c23)cc1,CHEMBL333281
CHEMBL498630,COc1cc(C(c2cc(OC)c3c(c2)OCO3)[C@@H]2COC(=O)[C@@H]2CO)cc(OC)c1OC,CHEMBL140616
CHEMBL498631,COc1cc(C(c2cc(OC)c3c(c2)OCO3)[C@@H]2COC(=O)[C@@H]2COC(C)=O)cc(OC)c1O,CHEMBL138920
CHEMBL500962,CC[C@@]1(OC(=O)CNC(=O)C2=CC(C)(C)N(O)C2(C)C)C(=O)OCc2c1cc1n(c2=O)Cc2cc3ccccc3nc2-1,CHEMBL3137793
CHEMBL500681,Nn1c(S)nnc1CS(=O)(=O)C1=NNC[C@@H]1c1ccc(Cl)cc1,CHEMBL331858
CHEMBL502785,COC1=CC(=O)[C@]2(C)O[C@@]23CC(C)OC13O,CHEMBL120418
CHEMBL502787,CO[C@H]1[C@@H](O)[C@H](O)[C@@H](c2ccccc2)OC(=O)C[C@H]1OC,CHEMBL333281
CHEMBL507566,CCC(=O)Oc1cc(C)cc2c1C(=O)c1c(OC(=O)CC)cc(OC)cc1C2=O,CHEMBL331858
CHEMBL508710,Cn1c(=O)c2c(ncn2CCCC(=O)N2CCCCC2=O)n(C)c1=O,CHEMBL13630
CHEMBL508712,Cc1cccc2c(=O)n(C)c(-c3ccc(OC4CCN(C5CCC5)CC4)cc3)nc12,CHEMBL343916
CHEMBL497957,Cc1ccc(-n2ccc(C)c(-c3ccc4nc(N)ncc4c3)c2=O)cc1F,CHEMBL293626
CHEMBL499036,C=C1C[C@](OC)([C@H](O)C(=O)N[C@H]2OCO[C@H]3[C@@H]2O[C@H](C[C@@H](CO)OC)C(C)(C)[C@@H]3OC)O[C@H](C)[C@@H]1C,CHEMBL141624
CHEMBL499220,Cc1ccc(-c2cc(-c3ccco3)nc(N)c2C#N)cc1,CHEMBL293628
CHEMBL507846,O=c1ccc(Cc2ccc(Cl)c(Oc3ccccc3)c2)n[nH]1,CHEMBL293628
CHEMBL507849,Cc1ccc(C(CC(N)=O)NC(=O)C2CCCN(Cc3cc(-c4cccnc4)nn3-c3ccc(Cl)c(Cl)c3)C2)cc1,CHEMBL63396
CHEMBL505610,C(=C/c1c(-c2ccccc2)nc2sccn12)\c1ccncn1,CHEMBL333281
CHEMBL505613,O=[N+]([O-])c1ccc(Sc2nnc(O)n2-c2ccccc2)s1,CHEMBL333281
CHEMBL499738,CC(C)(C)OC(=O)N1CCC(n2cc(C(N)=O)nn2)CC1,CHEMBL333520
CHEMBL499747,O=C(CCc1ccc2c(c1)OCO2)N[C@H]1CCOC1=O,CHEMBL293628
CHEMBL499750,C=C(C)[C@@H]1CC[C@]2(C)C[C@H](O)[C@]3(C)[C@H](C[C@@H](OC(=O)c4ccc(O)c(OC)c4)[C@@H]4[C@@]5(C)CC[C@H](O)C(C)(C)[C@@H]5CC[C@]43C)[C@@H]12,CHEMBL3138144
CHEMBL497814,CN(C)c1ccc(C(C2SC(=S)NC2=O)C(P(=O)(O)O)P(=O)(O)O)cc1,CHEMBL304757
CHEMBL1242568,Nc1ncnc2c1c(-c1ccc(F)c(O)c1)nn2C1CCCC1,CHEMBL333281
CHEMBL497890,CC(C)[C@]12C=C3CC[C@H]4[C@](C)(C(=O)O)CCC[C@]4(C)[C@]3(CC1)OO2,CHEMBL293626
CHEMBL498115,C/C=C1\CN2[C@H]3Cc4c([nH]c5ccccc45)[C@@H]2C[C@@H]1C3(CO)C(=O)OC,CHEMBL331858
CHEMBL498185,CC(C)(O)Cn1cc(-c2ccc3c(c2)N(c2nc4c(s2)C(=O)NC(C)(C)C4)CCO3)cn1,CHEMBL140110
CHEMBL498186,c1ccc(-c2cc(-c3cnn(C4CCNCC4)c3)on2)cc1,CHEMBL333520
CHEMBL498187,Cc1c(-c2cc(-c3ccccc3)no2)cnn1C1CCNCC1,CHEMBL333281
CHEMBL4528164,O=C(N[C@@H]1C[C@H]2CC[C@@H]1C2)c1cc2c(Cl)cc(Cl)cc2[nH]1,CHEMBL293626
CHEMBL495941,Cc1ccc(C2c3c(-c4ccccc4)nn(-c4ccccc4)c3Nc3[nH]c(=O)[nH]c(=O)c32)cc1,CHEMBL140110
CHEMBL497181,C[C@]1(c2nc3c(C(N)=O)cccc3[nH]2)CCC(=O)N1,CHEMBL120418
CHEMBL497185,O=c1[nH]c2c(c(=O)[nH]1)C(c1ccc(Br)cc1)c1c(-c3ccccc3)nn(-c3ccc([N+](=O)[O-])cc3)c1N2,CHEMBL3138149
CHEMBL495634,COc1ccc2c(c1)CCC2NC(=O)C(=O)c1c[nH]c2ccc([N+](=O)[O-])cc12,CHEMBL331858
CHEMBL495635,COc1ccc2c(c1)CCC2NC(=O)C(=O)c1c[nH]c2ccccc12,CHEMBL293626
CHEMBL496873,CN[C@H]1CCc2cc(OC)c(O)c(OC)c2-c2ccc(OC)c(=O)cc21,CHEMBL331858
CHEMBL496874,CCOc1ncc(C#Cc2cccc(C)c2)cn1,CHEMBL120418
CHEMBL4528270,Nc1ccc2c(-c3ccc4ccnc(N)c4c3)cn(CCC(F)F)c2c1,CHEMBL293626
CHEMBL500349,CN(C(=O)c1ccccc1)c1ccc2c(c1)[nH]/c(=N\C(=O)c1ccc(/C=C/c3ccc(N)cc3)s1)n2CCC(N)=O,CHEMBL63396
CHEMBL502270,COc1ccccc1N1CCN(CCCN2C(=O)C3Oc4ccccc4C3N(C)C2=O)CC1,CHEMBL140110
CHEMBL1242336,O=C(Cn1ncc2cc([N+](=O)[O-])ccc21)NN1C(=O)CSC1c1ccccc1[N+](=O)[O-],CHEMBL304757
CHEMBL504558,Cc1cc(C)cc(Nc2nc(CC3CCCC[C@H]3N)n3ccnc3c2C(N)=O)c1,CHEMBL331858
CHEMBL498851,C[C@H]1C/C=C/CC/C=C/C(=O)Cc2cccc(O)c2C(=O)O1,CHEMBL333281
CHEMBL499062,CO[C@H]1C(=O)N(SC)[C@H]1c1cccc(I)c1,CHEMBL293626
CHEMBL499063,CO[C@H]1C(=O)N(SC)[C@H]1c1cc(F)cc(F)c1F,CHEMBL293628
CHEMBL499064,CC[C@]12C=CCN3CC[C@]4(C(=C(C(=O)OC)C1)Nc1cc(OC)c(OC(C)=O)cc14)[C@@H]32,CHEMBL343916
CHEMBL501076,C=C(C)[C@@H]1CC[C@]2(C(=O)O[C@@H]3O[C@H](CO)[C@@H](O)[C@H](O)[C@H]3O)CC[C@]3(C)[C@H](CC[C@@H]4[C@@]5(C)CC[C@H](O)C(C)(C)[C@@H]5CC[C@]43C)[C@@H]12,CHEMBL3138144
CHEMBL501078,Cc1cc(C(=O)N2CCCCc3ccccc32)ccc1CNC(=O)N1C[C@H](OCc2ccccc2)C[C@H]1C(=O)N(C)C,CHEMBL63396
CHEMBL503024,Cc1sc(N)c(C(=O)c2cccs2)c1C,CHEMBL120418
CHEMBL503027,CC(=O)OC(C)(C)/C=C/C(=O)[C@@](C)(O)[C@H]1CC[C@@]2(C)[C@@H]3CC=C4[C@@H](C[C@H](O)C(=O)C4(C)C)[C@]3(C)C(=O)C[C@]12C,CHEMBL3137793
CHEMBL503029,CC(C)(C)CCC1(NCc2ccccc2N)C(=O)C(C2=NS(=O)(=O)c3cc(NS(C)(=O)=O)ccc3N2)=C(O)c2ccccc21,CHEMBL3137811
CHEMBL503230,C/C=C(\C)C(=O)O[C@H]1[C@H]2[C@@H]([C@@H](O)[C@@H](C)C(=O)[C@@]34C[C@H](C)[C@H](OC(C)=O)[C@]3(/C=C(\C)[C@H]1OC(=O)C(C)CC)O4)C2(C)C,CHEMBL3137793
CHEMBL503255,CCOC(=O)Cc1ccccc1OC(=O)Cc1cccc(Cl)c1,CHEMBL293626
CHEMBL497903,COC(=O)/C(C)=C1\C(=O)C[C@@H]2[C@@]3(C)CC[C@@H](OC(C)=O)[C@](C)(C(=O)OC)[C@@H]3CC[C@]12C,CHEMBL140110
CHEMBL499554,CN(C)CCN1CCN(c2ccc3nc(-c4ccccc4)c(-c4ccc(CN5CCC(c6nnc(-c7ccccn7)[nH]6)CC5)cc4)nc3n2)CC1,CHEMBL3138174
CHEMBL499555,Nc1nnc2c3cc(-c4ccccc4)c(-c4ccc(CN5CCC(c6n[nH]c(-c7ccccn7)n6)CC5)cc4)nc3ccn12,CHEMBL3138149
CHEMBL501603,Cc1cc(C[C@@H](OC(=O)N2CCC(c3cc4ccccc4[nH]c3=O)CC2)C(=O)N2CCC3(CCN(C)CC3)CC2)cc2cn[nH]c12,CHEMBL3138144
CHEMBL503704,c1ccc(-c2csc(Nc3ncccn3)n2)nc1,CHEMBL120418
CHEMBL501533,CO[C@H]1[C@H](O)[C@H](O[C@H]2CC[C@@]3(C)[C@H](CC[C@@H]4[C@@H]3CC[C@]3(C)[C@@H](C5=CC(=O)OC5)CC[C@]43O)C2)O[C@@H](C)[C@@H]1O,CHEMBL158693
CHEMBL498127,C=C1C(=O)O[C@@H]2[C@H]3C(C)=CC[C@H]3[C@](C)(O)C[C@@H](OC(=O)/C(C)=C\C)[C@@H]12,CHEMBL293626
CHEMBL500069,c1cc(NC2CCNCC2)nc(-c2n[nH]c3ccccc23)c1,CHEMBL333520
CHEMBL500078,COc1cc([C@@H]2c3cc4c(cc3[C@@H](n3cc(CNc5ccc(C)cc5)nn3)[C@H]3COC(=O)[C@H]23)OCO4)cc(OC)c1O,CHEMBL3137793
CHEMBL505919,COC(=O)N1CCN(C2CCN(c3cc(C)c4nc(-c5c(NC[C@@H](O)c6cccc(Cl)c6)cc[nH]c5=O)[nH]c4c3)CC2)CC1,CHEMBL3138144
CHEMBL502206,C[C@]1([C@@H]2CCC(=O)O2)CC(=O)c2c(O)cc(CO)cc2O1,CHEMBL333520
CHEMBL502211,O=C(NCCN1CCCCC1)[C@@H]1[C@@H](CO)[C@@H]2Cn3c(cccc3=O)[C@H]1N2c1nc(-c2ccc(Cl)cc2)c(-c2ccccc2)s1,CHEMBL3137780
CHEMBL506062,Cc1ccccc1C(=O)Oc1cncc(Cl)c1,CHEMBL120418
CHEMBL506067,C=C1CC(OC(=O)/C(C)=C/C)C2C(=C)C(=O)OC2/C=C(\C)C(O)CC1O,CHEMBL331858
CHEMBL506075,C[C@H]1[C@@H](CCNC(=O)C[C@H]2O[C@@H]3O[C@@]4(C)CC[C@H]5[C@H](C)CC[C@@H]([C@H]2C)[C@@]35OO4)O[C@@H]2O[C@@]3(C)CC[C@H]4[C@H](C)CC[C@@H]1[C@@]24OO3,CHEMBL3137780
CHEMBL498440,C=C1C(=O)[C@]23C[C@H]1C[C@H](O)[C@H]2[C@@]12CO[C@@]3(O)[C@@H](O)[C@@H]1C(C)(C)CC[C@@H]2OC(C)=O,CHEMBL138253
CHEMBL498442,CCCCC(=O)O[C@H]1C[C@@H](C(=O)OC)[C@]2(C)CC[C@H]3C(=O)O[C@H](c4ccoc4)C[C@]3(C)[C@H]2C1=O,CHEMBL140110
CHEMBL503446,CC1CCC1N1C(=O)CSC1c1c(Cl)cccc1Cl,CHEMBL293626
CHEMBL503518,Cc1ccc(-c2n[nH]c(CC3CCCCC3)n2)cc1S(=O)(=O)N1CCOCC1,CHEMBL343916
CHEMBL503526,COc1cc2c(cc1O)CC[N+]1([O-])CC=C3C=C[C@H](OC)C[C@]321,CHEMBL333281
CHEMBL507594,CSc1nc(N2CCCC2)c2cnn(CC(Br)c3ccccc3)c2n1,CHEMBL343916
CHEMBL507595,CN1CCN(NC(=O)c2cnn(-c3ccc(Cl)cc3Cl)c2-c2ccc(Cl)cc2)CC1,CHEMBL140110
CHEMBL1606,Cl.O[C@@H](c1cc(C(F)(F)F)nc2c(C(F)(F)F)cccc12)[C@H]1CCCCN1,CHEMBL343916
CHEMBL498683,CC1CCCC/C1=N/Nc1nc(-c2ccc(C#N)cc2)cs1,CHEMBL333281
CHEMBL498686,CNC[C@H]1CCc2ccccc2[C@@H]1Oc1ccccc1C,CHEMBL293628
CHEMBL498687,CCc1ccccc1O[C@H]1c2ccccc2CO[C@H]1CNC,CHEMBL293628
CHEMBL501304,COc1ccccc1NC(=S)NC1CC(C)(C)Oc2ccc(F)cc21,CHEMBL293626
CHEMBL501308,COc1ccc(C[C@H]2NC(=O)/C=C/C[C@@H]([C@H](C)[C@H]3O[C@H]3c3ccccc3)OC(=O)[C@H](CC(C)C)OC(=O)[C@H](C)CNC2=O)cc1Cl,CHEMBL3137811
CHEMBL504407,CC(=O)Oc1cc2c(cc1OC(C)=O)-c1oc3c(CC=C(C)C)c4c(c(OC(C)=O)c3c(=O)c1C(C=C(C)C)O2)C=CC(C)(C)O4,CHEMBL3137780
CHEMBL504413,Cc1nc(C)c(CN2CCN(C(=O)CCl)CC2)nc1C,CHEMBL333281
CHEMBL499094,COc1cc(C(=O)N/N=C/c2ccc([N+](=O)[O-])o2)ccc1C,CHEMBL105080
CHEMBL499099,Cc1cc(O)cc(C)c1C[C@H](N)C(=O)N1Cc2ccccc2C[C@H]1C(=O)N[C@H](CC(=O)O)c1nc2ccccc2n1C,CHEMBL3138149
CHEMBL499106,C=C1[C@@H](OC(=O)c2ccccc2)CC[C@@]2(C)[C@@H](OC(C)=O)[C@H](OC(C)=O)[C@@]34[C@H](C)C(=O)C[C@@H]([C@@H](OC(C)=O)[C@@]132)C4(C)C,CHEMBL3137793
CHEMBL499335,CC1=C(O)c2c(oc(-c3cc(C)cc(C)c3)cc2=O)C(C)(C)C1=O,CHEMBL333281
CHEMBL502298,C=CCNC1=C2C[C@@H](C)C[C@H](OC)/C(=N/O)[C@@H](C)/C=C(\C)[C@H](OC(N)=O)[C@@H](OC)/C=C\C=C(/C)C(=O)NC(=CC1=O)C2=O,CHEMBL3138173
CHEMBL1242475,Nc1ncnc2c1c(-c1ccc3[nH]ncc3c1)nn2C1CCCC1,CHEMBL333281
CHEMBL508324,C[C@@H]1CCCC/C1=N/Nc1nc(-c2ccc(C#N)cc2)cs1,CHEMBL333281
CHEMBL498006,O=c1[nH]c2c(c(=O)[nH]1)C(c1ccccc1)c1c(-c3ccccc3)nn(-c3ccc([N+](=O)[O-])cc3)c1N2,CHEMBL140110
CHEMBL498007,CN1CCC(C)(c2nc3c(C(N)=O)cccc3[nH]2)C1,CHEMBL120418
CHEMBL498008,CC1(c2nc3c(C(N)=O)cccc3[nH]2)CCN(Cc2ccccc2F)C1,CHEMBL293626
CHEMBL498009,C#CCN(C)Cc1ccn2c(-c3ccnc(N)n3)c(-c3ccc(F)cc3)nc2c1,CHEMBL331858
CHEMBL1242420,Cc1[nH]cnc1C(=O)N/N=C1\SC(CC(=O)O)C(=O)N1c1ccccc1,CHEMBL331858
CHEMBL500156,COC(=O)c1ccc2c(c1C(=O)OC)C(=O)CCC2(C)C,CHEMBL333520
CHEMBL500157,Nc1nccc(Oc2ccc(NC(=O)NC(=O)Cc3ccc(F)cc3)cc2F)c1C#CCO,CHEMBL304757
CHEMBL500159,O=C1NC(NCc2cccc(Br)c2)=N/C1=C\c1c[nH]c2ncccc12,CHEMBL331858
CHEMBL503083,CSC(=O)C#CC(C)(C)N1Cc2ccccc2C1,CHEMBL120418
CHEMBL503757,CC(=O)O[C@@H]1C[C@]2(C)[C@H]3CC[C@]4(C)[C@@H]([C@H](C)[C@@H]5O[C@H]5[C@@H](C)C(C)C)CC[C@H]4C3=CC[C@H]2[C@H](OS(=O)(=O)[O-])[C@H]1O.[Na+],CHEMBL2113371
CHEMBL509002,COc1nc(Nc2ccc(P(C)(C)=O)cc2)c2ncn(/C=C/c3c(C)cccc3C)c2n1,CHEMBL140616
CHEMBL509005,C=C[C@@]1(C)C[C@@H](O)[C@H]2[C@](O)(C1=O)[C@H](OC(C)=O)C[C@H]1C(C)(C)[C@H](OC(C)=O)[C@H](OC(C)=O)[C@H](OC(=O)c3ccccc3)[C@@]12C,CHEMBL3137780
CHEMBL509008,C/C(=C\c1csc(C)n1)[C@@H]1C/C=C\CCC[C@H](COCc2ccccc2)C(O)[C@@H](C)C(=O)C(C)(C)C(O)CC(=O)O1,CHEMBL3138144
CHEMBL509011,c1ccc2c(c1)CC(c1nc3ccc(-c4cn[nH]c4)cc3o1)CO2,CHEMBL333281
CHEMBL500667,O=C1CS/C(=N/c2nc3ccc4oc(=O)ccc4c3s2)N1,CHEMBL333281
CHEMBL500833,C=C(C)[C@@H]1CC[C@]2(C(=O)O)CC[C@]3(C)[C@H](CC[C@@H]4[C@@]5(C)[C@@H](C(=O)O)[C@H](OC(=O)CC(C)(C)C(=O)O)C(C)(C)[C@@H]5CC[C@]43C)[C@@H]12,CHEMBL3138144
CHEMBL500836,Cc1cc(/N=C/c2cc(Cl)cc(Cl)c2O)no1,CHEMBL302715
CHEMBL500837,C=C1OC(=O)[C@]2([C@H](C)CCC(=O)[C@@H]2O)[C@H]1O,CHEMBL120418
CHEMBL504491,[O-][n+]1onc2ccc(/C=N/N=C/c3ccc(O)cc3)cc21,CHEMBL333520
CHEMBL508858,CCn1c(-c2ccc(Br)cc2)cs/c1=N/c1ccc2oc(=O)ccc2c1,CHEMBL343916
CHEMBL508860,CC(=O)OC[C@]12CC[C@H]3[C@@H](C[C@H]4O[C@]45[C@@H](O)C=CC(=O)[C@]35C)[C@@H]1CC[C@@H]2[C@@](C)(O)[C@H]1CC(C)=C(C)C(=O)O1,CHEMBL158693
CHEMBL508861,ClCc1nnc2c3cc(-c4ccccc4)c(-c4ccc(CN5CCC(c6n[nH]c(-c7ccccn7)n6)CC5)cc4)nc3ccn12,CHEMBL3137780
CHEMBL508867,O=C(OCCCl)OC(Cn1cncn1)(Cn1cncn1)c1ccc(F)cc1F,CHEMBL24473
CHEMBL505821,CC(=O)c1c(C)cc2cc3c(c(O)c2c1O)C(=O)C(C)=C(O)C3(C)C,CHEMBL333281
CHEMBL506187,CCN1CCN(c2cc(C(C)(C)C)nc(N)n2)CC1,CHEMBL120418
CHEMBL506191,CO[C@H]1[C@@H](OC)C[C@H](C)CC2=C(NCCN3CCCC3)C(=O)C=C(NC(=O)/C(C)=C/C=C\[C@H](OC)[C@@H](OC(N)=O)/C(C)=C/[C@@H]1C)C2=O,CHEMBL3137811
CHEMBL506192,CCN1C[C@]2(OC(=O)c3ccccc3N)CC[C@H](OC)[C@]34C1[C@H](C[C@H]23)[C@@]1(OC(C)=O)C[C@H](OC)[C@H]2C[C@@H]4[C@]1(OC(C)=O)[C@H]2OC,CHEMBL3137780
CHEMBL506202,CC[C@@]1(O)C(=O)OCc2c1cc1n(c2=S)Cc2cc3ccccc3nc2-1,CHEMBL331858
CHEMBL498308,Cc1ccc(-c2nn(Cc3ccccc3)c(=O)c(C3=CS(=O)(=O)c4ccccc4N3)c2O)s1,CHEMBL140110
CHEMBL498383,Cc1nn(CC(C)(C)O)c(C)c1-c1ccc2c(c1)N(c1nc3c(s1)C(=O)NC(C)(C)C3)CCO2,CHEMBL140110
CHEMBL501184,CN1CCc2nc(C(=O)N[C@@H]3CC[C@H](C(=O)N(C)C)C[C@@H]3NC(=O)c3cc4cc(Cl)ccc4[nH]3)sc2C1,CHEMBL3138149
CHEMBL501370,Fc1ccc(/C=C/c2nc3ccccc3n3cnnc23)cc1,CHEMBL293628
CHEMBL505721,Cc1ccccc1COc1nc(N)nc2nc[nH]c12,CHEMBL120418
CHEMBL1242472,CCOc1ccc(-c2nn(C(C)C)c3ncnc(N)c23)cc1OC,CHEMBL417975
CHEMBL4527863,CCOc1c(OC)cccc1C1=N[C@H](c2cccc(OC)c2OCC)[C@H](c2cccc(OC)c2OCC)N1,CHEMBL50395
CHEMBL4527864,Cc1cccc(C(=O)N2C[C@@H]3C(CC(=O)Nc4cccnc4)[C@@H]3C2)n1,CHEMBL333281
CHEMBL4527865,CS(=O)(=O)CC1(CNc2ccc(Br)cn2)CC1,CHEMBL293626
CHEMBL4527873,CN(C(=O)CN1CCOCC1)c1ccc(OC2CCN(C3CCC3)CC2)cc1,CHEMBL69114
CHEMBL4527874,COCCCN1CCN(C(C)c2nc(C)no2)CC1,CHEMBL67475
CHEMBL507554,C[C@]1(O)C[C@@H](CSC#N)O[C@@H](c2ccc(Cl)cc2)C1,CHEMBL333281
CHEMBL507606,CC(=O)OC[C@@]12[C@@H](OC(C)=O)C[C@@H](C)[C@]3(C[C@H](c4ccoc4)OC3=O)[C@H]1CCC[C@]21CO1,CHEMBL140110
CHEMBL507610,COc1cnc2ccc(=O)n3c4ccccc4c1c23,CHEMBL120418
CHEMBL507611,Cc1c(O)c(C)c2c(c1O)C(=O)C[C@@H](c1ccc(O)cc1)O2,CHEMBL333281
CHEMBL498551,CN1CCN(c2cccc3[nH]c(=O)c(-c4nc5ccccc5[nH]4)c(N)c23)CC1,CHEMBL331858
CHEMBL498552,O=c1c2cc(/C=N/Nc3ccccn3)ccc2oc2cc(O)cc(O)c12,CHEMBL417975
CHEMBL502543,Nc1cc(/C=C/c2c(-c3ccccc3)nc3sccn23)ncn1,CHEMBL333281
CHEMBL507328,CC(C)=Cc1nc2c(n1C)C(=O)C(C)=C(C)C2=O,CHEMBL120418
CHEMBL507331,CO[C@@H]1C(=O)CC[C@]2(CO2)[C@]1(O)/C(C)=C/CC=C(C)C,CHEMBL333520
CHEMBL507333,c1ccc(-c2cc3ccncc3cc2OC2CCCNC2)cc1,CHEMBL293628
CHEMBL498026,Cc1ccccc1CNc1cc(-n2cncn2)cn2c(C)c(C)nc12,CHEMBL333281
CHEMBL498314,COc1cccc(S(=O)(=O)N2CCN(C(=O)Cn3c(=O)oc4ccc(Cl)cc43)C(CN3CCCC3)C2)c1,CHEMBL158693
CHEMBL498315,C=C1CC[C@@H](OC)C(O)=C1C(=O)C1(C)NC(=O)CC[C@H](N)C(=O)O1,CHEMBL333281
CHEMBL498317,OCC(O)Cn1cc(-c2ccc3c(c2)CC/C3=N\O)c(-c2ccncc2)n1,CHEMBL331858
CHEMBL498716,CCNC1=N/C(=C\c2c[nH]c3ncccc23)C(=O)N1,CHEMBL120418
CHEMBL498717,CC(C)NC1=N/C(=C\c2c[nH]c3ncccc23)C(=O)N1,CHEMBL302715
CHEMBL4528167,O=S(=O)(c1ccc2nncn2c1)N(Cc1ccccc1F)c1ccc2c(c1)OCO2,CHEMBL343916
CHEMBL4528168,O=C(c1cnc[nH]1)N1CCC(O)(CN2CCCC2)CC1,CHEMBL293628
CHEMBL500892,O=C(Oc1cncc(Cl)c1)c1ccc(Br)o1,CHEMBL333281
CHEMBL502883,CC1=CCC[C@H]2[C@](C)(CC3=CC(=O)C(N)=CC3=O)[C@@H](C)CC[C@]12C,CHEMBL293626
CHEMBL4528271,CCC(C)(CN)c1cccc(-c2ccnc3[nH]nc(Cl)c23)c1,CHEMBL293628
CHEMBL504602,CCCC[C@H](C)[C@@H]1CC(=O)N[C@@H](C(c2ccccc2)c2ccccc2)C(=O)N[C@H](C)C(=O)N[C@H](CC(C)C)C(=O)O1,CHEMBL63396
CHEMBL504703,COc1ccc(-n2nc(S(C)(=O)=O)c3c2C(=O)N(c2ccc(C4(CN5CCOCC5)CC4)cc2)CC3)cc1.O=C(O)C(F)(F)F,CHEMBL3137811
CHEMBL4528339,COc1ncccc1Cn1ccc2ncccc2c1=O,CHEMBL302715
CHEMBL508752,Cc1ccnc2c1NC(=O)c1cccnc1N2,CHEMBL120418
CHEMBL508754,C[C@H]1CN(c2ncc3cc(-c4ccccc4)c(-c4ccc(CN5CCC(c6nnc(-c7ccccn7)[nH]6)CC5)cc4)nc3n2)CCN1,CHEMBL3137780
CHEMBL498030,CCc1c(C)[nH]c(=O)c([N+](=O)[O-])c1O[C@@H]1C[C@H](C)C[C@H](C)C1,CHEMBL333281
CHEMBL498031,CCc1c(C)[nH]c(=O)c(N(C)C)c1O[C@@H]1C[C@H](C)C[C@H](C)C1,CHEMBL293628
CHEMBL4548518,COCCN1C(=O)[C@@H]2CC[C@H]1CN(c1ncccn1)C2,CHEMBL293628
CHEMBL507940,NC(=O)CN1C(=O)S/C(=C\c2cccc(O)c2)C1=O,CHEMBL293628
CHEMBL508719,CC(C)=CC(=O)O[C@@H]1[C@H]2C(C)=CC(=O)[C@H](O)[C@]2(C)[C@H]2[C@]3(O)OC[C@@]24[C@@H]1OC(=O)C[C@H]4[C@@H](C)[C@H]3O,CHEMBL142132
CHEMBL508720,CC1(C)Oc2ccc(C#N)cc2[C@@H](NP(C)(=O)c2ccccc2)[C@@H]1O,CHEMBL331858
CHEMBL505732,O=c1[nH]c(=O)n([C@H]2C[C@H](O)[C@@H](CO)O2)cc1Cl,CHEMBL120418
CHEMBL505736,c1ccc(-n2nccc2CN2CCC3(CC2)OCc2ccccc23)cc1,CHEMBL293626
CHEMBL505740,COc1ccc([C@]23Oc4cc5c(c(OC)c4[C@](O)([C@H](C(=O)N4CCCC4NC(=O)C=C(C)C)[C@H]2c2ccccc2)[C@@H]3O)OCO5)cc1,CHEMBL3137811
CHEMBL505741,C[C@H]1[C@@H](OCC(O)CO[C@@H]2C[C@@H]3CC[C@@H](C)[C@@H]4CC[C@@]5(C)OO[C@@]34[C@H](O2)O5)O[C@@H]2O[C@@]3(C)CC[C@H]4[C@H](C)CC[C@@H]1[C@@]24OO3,CHEMBL3137780
CHEMBL505859,COC1(CO)Nc2cc(Br)ccc2C1=O,CHEMBL293628
CHEMBL498493,COc1ccc2[nH]c(CN3c4ccccc4C[C@H]3CO)c(CCNC(C)=O)c2c1,CHEMBL24473
CHEMBL498494,COc1ccc2[nH]c(CN3c4ccccc4CC3CO)c(CCNC(C)=O)c2c1,CHEMBL24473
CHEMBL498495,CNC[C@H]1COc2ccccc2[C@@H]1Oc1ccccc1C,CHEMBL293628
CHEMBL498574,O=C1/C(=C/c2ccccc2)CCC/C1=C\c1ccccc1[N+](=O)[O-],CHEMBL293626
CHEMBL498651,C=CCNC(=O)O[C@]1(C(=O)CO)[C@@H](C)C[C@H]2[C@@H]3CCC4=CC(=O)C=C[C@]4(C)[C@@]3(F)[C@@H](O)C[C@@]21C,CHEMBL140110
CHEMBL498652,OC1(c2ccncc2)CCCc2cc(-c3ccc(F)cc3)ccc21,CHEMBL293626
CHEMBL498653,O=C(Nc1cnc2ccccc2c1)C1CCN(c2cccc(C(F)(F)F)c2)CC1,CHEMBL343916
CHEMBL498654,CC(=O)N1CCc2cccc(NC(=O)C3CCN(c4cccc(C(F)(F)F)c4)CC3)c21,CHEMBL343916
CHEMBL498813,CCc1cc(=O)oc2cc3c(c(O)c12)C(=O)CC(C)O3,CHEMBL120418
CHEMBL506273,COC(=O)C(c1ccccc1)N1CCC(CCN2[C@@H]3CC[C@H]2C[C@@H](n2c(C)nc4ccccc42)C3)(c2ccccc2)CC1,CHEMBL63396
CHEMBL499473,O=C(N/N=C/c1ccc(I)o1)c1ccccc1F,CHEMBL293626
CHEMBL499475,COc1cccc2c1c(C(=O)/C=C(\O)C(=O)O)cn2Cc1cc(F)ccc1F,CHEMBL24473
CHEMBL499483,O=C(O)[C@@H](C1CCCCC1)N1C[C@H](CN2CCC(c3cc(C(F)(F)c4ccccc4)n[nH]3)CC2)[C@@H](c2ccccc2)C1,CHEMBL63396
CHEMBL499488,Cc1cc(C[C@@H](OC(=O)N2CCC(c3cc4ccccc4[nH]c3=O)CC2)C(=O)N2CCC(N3CC=CCC3)CC2)cc2cn[nH]c12,CHEMBL3138144
CHEMBL499498,CC(=O)O[C@H]1CC[C@](C)(O)[C@]23OC(C)(C)[C@H]([C@H](OC(=O)/C=C/c4ccccc4)[C@H](OC(=O)c4ccccc4)[C@]12C)[C@H]3OC(C)=O,CHEMBL3137780
CHEMBL496018,CN1CC(CC(=O)N2CCCC2)C[C@H](C(=O)NO)[C@H]1C(=O)N1CCN(c2ccccc2)CC1,CHEMBL140110
CHEMBL500033,CC[C@@](O)(CC(=O)O[C@H]1C(=O)O[C@@H]2C[C@H]3C(C)=CC(=O)[C@@H](O)[C@]3(C)[C@H]3[C@]4(O)OC[C@]32[C@@H]1[C@@H](C)[C@H]4O)C(C)C,CHEMBL158693
CHEMBL497262,CC(=O)OC/C=C/C1=CC2=C(CO1)C(=O)[C@](C)(O)[C@H](OC(=O)c1c(C)cc(O)cc1O)C2,CHEMBL304757
CHEMBL495714,COc1ccc(-c2csc(N/N=C3/CCCC(C)C3)n2)cc1,CHEMBL293626
CHEMBL1796138,CC(=O)O[C@H]1[C@@H]2[C@@H](OC(=O)c3cccnc3)[C@@]3(OC2(C)C)[C@@](C)([C@@H](OC(C)=O)CC[C@]3(C)O)[C@H]1OC(=O)c1ccccc1,CHEMBL3137780
CHEMBL495401,CN1CCC=C(C2CN(S(=O)(=O)c3ccc(C(C)(C)C)cc3)CCO2)C1,CHEMBL331858
CHEMBL495402,C[C@H]1CN(CCO)CCN1c1cc2[nH]c(SC(C)(C)C)nc2cc1Cl,CHEMBL331858
CHEMBL500613,C/C=C(/C)C(=O)OCc1nccc2c1C(=O)C(N)=C(C)C2=O,CHEMBL333281
CHEMBL502413,FC(F)(F)c1ccccc1CNc1cc(Cl)nc2ccnn12,CHEMBL293626
CHEMBL497669,CC[C@]12C=CCN3CC[C@]4(C(=C(C(=O)OC)C1)Nc1cc(OC)c(O)cc14)[C@@H]32,CHEMBL331858
CHEMBL497670,O/N=C1\CCc2cc(-c3cn(CC4CCNCC4)nc3-c3ccncc3)ccc21,CHEMBL24473
CHEMBL501216,CCNc1ncc(C#Cc2ccc(C)cc2)cn1,CHEMBL120418
CHEMBL504354,Cc1ccc(-n2nc(C(C)(C)C)cc2/C(=C/O)C(=O)Nc2ccc(OCCN3CCOCC3)c3ccccc23)cc1,CHEMBL3138149
CHEMBL497981,O=C1CS/C(=N\c2ccccc2)N1c1ncccn1,CHEMBL302715
CHEMBL1242353,Nc1[nH]nc(-c2cn(-c3ccccc3)nc2-c2ccccc2)c1C(=O)Nc1nc2ccccc2s1,CHEMBL140616
CHEMBL1242354,Cc1cc(C)c2c(n1)[nH]n1c(=N)c(C(=O)Nc3nc4ccccc4s3)nnc21,CHEMBL331858
CHEMBL499849,N[C@@H](Cn1c(=O)c(-c2ccc(CNCC(=O)O)cc2)cn(Cc2c(F)cccc2C(F)(F)F)c1=O)c1ccccc1,CHEMBL63396
CHEMBL501705,CCS(=O)(=O)N[C@H]1CN[C@H](C#Cc2cc3ncnc(Nc4ccc(OCc5cccc(F)c5)c(Cl)c4)c3s2)C1,CHEMBL3137793
CHEMBL498128,C=C1C(=O)O[C@H]2[C@H]1[C@H](OC(=O)/C(C)=C\C)C[C@]1(C)C=CC(=O)C(=C)[C@H]2O1,CHEMBL331858
CHEMBL498198,CN(C(=O)c1cccc(C2(C3CCN(Cc4ccc(Br)cc4)CC3)CCC(=O)NC2=O)c1)N1CCNCC1,CHEMBL3138144
CHEMBL502288,CSc1ncccc1C(=O)N1CC[C@H](NCc2cncn2Cc2ccc(C#N)cc2)C1=O,CHEMBL140616
CHEMBL506163,COc1ccc([C@]2(c3ccc(F)cc3)N=C(c3cc(C#N)ccn3)N[C@H]2C)cn1.Cl,CHEMBL343916
CHEMBL506169,CC(=O)N1CCN(C2CCN(c3cc(C)c4nc(-c5c(NC[C@@H](O)c6cccc(Cl)c6)cc[nH]c5=O)[nH]c4c3)CC2)CC1,CHEMBL3138144
CHEMBL4548468,CC(C)C(NC(=O)N1CCCC1)c1nnc2n1CCC2,CHEMBL293628
CHEMBL4548471,Fc1cccc(COc2ccc(Nc3ncnc4ccc(-n5cc(CNC6CCN(Cc7cccnc7)CC6)nn5)cc34)cc2Cl)c1,CHEMBL3137811
CHEMBL506174,C[C@@H](C[C@H]1CO[C@H](/C=C/C=C/c2ccc(C(F)(F)F)cc2)OC1)[C@](O)(Cn1cncn1)c1ccc(F)cc1F.O=C(O)C(=O)O,CHEMBL3137811
CHEMBL506301,O=C1Nc2ccc(/C=C/c3cccc(F)c3)cc2C1=O,CHEMBL302715
CHEMBL503530,CC(C)n1cnc2c(Nc3ccc(Br)cc3)nc(-c3ccncc3)nc21,CHEMBL343916
CHEMBL503534,CNc1ccccc1C(=O)O[C@@H]1[C@@H](C)[C@]2(O)[C@@H]3C=C(C)C(=O)[C@H]3CC(CO)=C[C@H]2[C@@H]2C(C)(C)[C@]12OC(C)=O,CHEMBL141624
CHEMBL503608,C=C(C)[C@@H]1CC[C@]2(C(=O)O)CC[C@]3(C)[C@H](CC[C@@H]4[C@@]5(C)CC[C@H](O[C@H]6OC[C@@H](O)[C@@H](O)[C@@H]6O)C(C)(C)[C@@H]5CC[C@]43C)[C@@H]12,CHEMBL3138144
CHEMBL503611,C=C1CC[C@@H]2[C@](C)(CO)[C@H](O)CC[C@@]2(C)[C@@H]1/C=C/C(=O)O,CHEMBL293628
CHEMBL507698,COC(=O)c1ccc2c(c1C(=O)OC)C(=O)C=CC2(C)C,CHEMBL333520
CHEMBL507699,CC(C)N1CCC[C@@H]1c1nc2c(C(N)=O)cccc2[nH]1,CHEMBL293628
CHEMBL501745,C[C@H]1C[C@H]2[C@@H]3CCC4=CC(=O)C=C[C@]4(C)[C@@]3(F)[C@@H](O)C[C@]2(C)[C@@]1(OC(=O)NC(C)(C)CC(C)(C)C)C(=O)CO,CHEMBL3138149
CHEMBL507471,CC1(C)CC(Nc2ccccc2)C2=C(O1)C(=O)c1ccccc1C2=O,CHEMBL333281
CHEMBL497769,N#C[C@@]1(Cc2ccc(OCc3cc(-c4ccccc4)nc4ccccc34)cc2)C[C@@H]1C(=O)NO,CHEMBL140616
CHEMBL499338,Cc1ccc(C2=CC=C(C=O)C(c3ccc([N+](=O)[O-])cc3)C2)o1,CHEMBL333281
CHEMBL4527943,Cc1cc(O)c2c3c(ccc2c1)C(=O)c1c(ccc([C@H]2C[C@@H](O)[C@H](O)[C@@H](C)O2)c1O)C3=O,CHEMBL343916
CHEMBL508401,CC(C)(C)C(=O)OCC1(CO)C/C(=C/c2ccc(Cl)cc2)C(=O)O1,CHEMBL331858
CHEMBL508404,Cc1cc(Nc2c(F)c(F)cc(F)c2F)n2ncnc2n1,CHEMBL333520
CHEMBL508451,Nc1nc(-c2ccco2)c2nnn(Cc3cccc([N+](=O)[O-])c3)c2n1,CHEMBL417975
CHEMBL503758,C[C@@H]1C(=O)C[C@]23CC(=O)OC[C@]1(C)[C@@]2(O)[C@@H](O)C[C@]3(C)O,CHEMBL333520
CHEMBL509070,Fc1ccc(/C=C/c2nc3ccccc3n3c(C(F)(F)F)nnc23)cc1,CHEMBL293626
CHEMBL509072,CCc1c(C)[nH]c(=O)c(Br)c1O[C@@H]1C[C@H](C)C[C@H](C)C1,CHEMBL293626
CHEMBL509085,C/C=C(\C)C(=O)O[C@@H]1C[C@@]2(C)[C@H]([C@@H]3C[C@@H]([C@@H]4OC4(C)C)O[C@@H]3OC(C)=O)CC[C@]2(C)[C@@H]2CC=C3C(C)(C)C(=O)C[C@H](O)[C@]3(C)[C@H]21,CHEMBL3137780
CHEMBL509090,O=C(O)[C@@H]1C[C@@H](OS(=O)(=O)O)CCN1,CHEMBL120418
CHEMBL509142,CN1CCN(c2nc(NCc3ccsc3)c3cc(Cl)ccc3n2)CC1,CHEMBL24473
CHEMBL498300,O=C(/C=C/c1cccc(O)c1)c1cccc(Oc2cccc(O)c2)c1,CHEMBL293626
CHEMBL500838,COc1cc(O)c2c(c1)C(=O)C1=C(COC=C1)C2=O,CHEMBL120418
CHEMBL500842,CC1CC(=O)C=C(Nc2cccc(Br)c2)C1,CHEMBL302715
CHEMBL500850,COC(=O)c1cc(O)c2c(c1)C(=O)CC(C)(C)O2,CHEMBL120418
CHEMBL508920,CC[C@H]1[C@@H]2CCN3CC[C@@]4(C(=C2C(=O)OC)Nc2ccccc24)[C@@H]13,CHEMBL293626
CHEMBL498385,Ic1ccc(Oc2cncc3sc(-c4nn[nH]n4)cc23)cc1,CHEMBL343916
CHEMBL501371,COc1cc2c3c(C)c[nH]c(=O)c3n(C)c2cc1OC,CHEMBL302715
CHEMBL502113,O=c1ccc(-c2nnc(C3CCN(Cc4ccc(-c5nc6nc(N7CCN(CCO)CC7)ncc6cc5-c5ccccc5)cc4)CC3)[nH]2)c[nH]1,CHEMBL3137811
CHEMBL1242473,Nc1ncnc2c1c(-c1ccc3ccccc3c1)nn2CC1CC1,CHEMBL333520
CHEMBL505848,CN(C)CCN1CCN(c2ncc3cc(-c4ccccc4)c(-c4ccc(CN5CCC(c6nnc(-c7ncccn7)[nH]6)CC5)cc4)nc3n2)CC1,CHEMBL3138174
CHEMBL505851,CCC1(C2=CC3CCC(C2)C3)C(=O)NC(=O)NC1=O,CHEMBL120418
CHEMBL505974,C[C@@H]1CC[C@@H]2[C@]34OO[C@](C)(CC[C@@H]13)O[C@H]4OC(=O)[C@]2(C)O,CHEMBL333520
CHEMBL504572,O=C1C(=O)N(Cc2c(F)cccc2F)c2ccc(OC(F)(F)F)cc21,CHEMBL293626
CHEMBL502544,O=C(Cc1ccc(F)cc1)NC(=O)Nc1ccc(Oc2ccnc3[nH]cc(C(=O)CN4CCC(O)C4)c23)c(F)c1,CHEMBL158693
CHEMBL507495,CC(=O)OC[C@]12[C@@H](OC(=O)c3ccccc3)C[C@@H]3[C@@H](OC(C)=O)[C@]1(OC3(C)C)[C@H](C)C[C@H](OC(C)=O)[C@@H]2O,CHEMBL158693
CHEMBL498718,COc1cc(/C=C2\C(=O)NN(c3ccc(C#N)cc3)C2=O)ccc1O,CHEMBL293626
CHEMBL500893,Cn1c([N+](=O)[O-])cnc1/C=C/c1ccc2c(c1)OCO2,CHEMBL302715
CHEMBL500897,C[C@H](NC(=O)O[C@]1(C(=O)CO)[C@@H](C)C[C@H]2[C@@H]3CCC4=CC(=O)C=C[C@]4(C)[C@@]3(F)[C@@H](O)C[C@@]21C)c1ccccc1,CHEMBL3138149
CHEMBL500969,Cc1oc2ccc3c(C)cc(=O)n(CC(=O)O)c3c2c1C,CHEMBL302715
CHEMBL500972,Oc1ccc(CCNc2ncnc3ccc(Br)cc23)cc1,CHEMBL293626
CHEMBL503121,COc1cc(OC)c2c(c1Br)CC(C)(C)NC2,CHEMBL302715
CHEMBL503122,COc1ccc([C@@H]2[C@@H](O)[C@H](O)[C@@H](CO)N2C)cc1O,CHEMBL67475
CHEMBL504536,C[C@@H]1C[C@H](O)[C@@]2(O)[C@]13CC(=O)OC[C@@]2(C)[C@@](C)(O)C(=O)C3,CHEMBL333520
CHEMBL507724,O/N=C/c1cccc[n+]1CCc1ccccc1.[Br-],CHEMBL302715
CHEMBL507727,COC(=O)c1[nH]c2cc(F)ccc2c1[C@@H]1CNCC[C@H]1F,CHEMBL302715
CHEMBL504718,CC1=C[C@H]2O[C@@H]3C[C@@H](O)[C@](C)([C@@]2(CO)CC1)[C@]31CO1,CHEMBL120418
CHEMBL504830,CC(C)(Nc1c(Nc2ccncc2)c(=O)c1=O)c1ccccc1,CHEMBL302715
CHEMBL507942,CCOC(=O)c1cc(=O)c2cc(C)cc([N+](=O)[O-])c2o1,CHEMBL67475
CHEMBL507985,C=CCOc1ncnc2c1ncn2C1COc2ccccc2CO1,CHEMBL417975
CHEMBL1242335,O=C1C(=O)N(CCCNc2ccnc3cc(C(F)(F)F)ccc23)c2ccccc21,CHEMBL343916
CHEMBL508756,C[C@@]1(CO)C[C@H]2[C@@H](C1)[C@]1(C)CCC(CO)=C1[C@@H]2O,CHEMBL120418
CHEMBL508760,O=C(O[C@H]1CN[C@H](C#Cc2cc3ncnc(Nc4ccc(OCc5cscn5)c(Cl)c4)c3s2)C1)N1CCOCC1,CHEMBL3137780
CHEMBL4528069,Cc1ccnc(NCCNC(=O)Cc2nonc2C)c1,CHEMBL67475
CHEMBL505866,C[C@]12CC(=O)O[C@@](C)(CO)[C@@H]1CC[C@@]1(C)c3cocc3CC[C@H]21,CHEMBL333520
CHEMBL507101,NCCSC1CC(=O)N(c2ccc(F)cc2)C1=O,CHEMBL302715
CHEMBL4528149,CC#CCn1c(N2CCC[C@@H](N)C2)nc2c1c(=O)n(Cc1ccc(Br)cc1C(=O)OCC)c(=O)n2C,CHEMBL158693
CHEMBL4528162,CCc1nc(NC(C)=O)[nH]c1-c1cn(S(=O)(=O)c2ccccc2)c2ccccc12,CHEMBL343916
CHEMBL507197,NC(=O)NC(=O)c1ccc(NC(=O)CBr)o1,CHEMBL333520
CHEMBL507297,C=C1C(=O)[C@]23[C@H](OC(=O)CNC(=O)/C=C/C(=O)O)[C@@H]1CC[C@H]2[C@@]12CO[C@]3(O)[C@@H](O)[C@@H]1C(C)(C)CC[C@@H]2OS(=O)(=O)CCC,CHEMBL3137762
CHEMBL507359,CNC[C@]1(O)Cc2ccccc2[C@@H]1Oc1ccccc1C,CHEMBL302715
CHEMBL507360,COc1nccc2c(=O)n(C)c(-c3ccc(OC4CCN(C5CCC5)CC4)cc3)nc12,CHEMBL343916
CHEMBL4528276,Cn1nnc(-c2ccc3[nH]c4nc(Cc5ccccc5)nc(NCCNC(=O)c5ccc6ccccc6n5)c4c3c2)n1,CHEMBL158693
CHEMBL507691,CNC(=O)c1cccc(-c2ccc(C(CN3CCOCC3)N(C)C(=O)Cn3c(=O)cnc4cc(Cl)c(Cl)cc43)cc2)c1,CHEMBL3138173
CHEMBL501444,Clc1nccc(/C=C/c2c(-c3ccccc3)nc3sccn23)n1,CHEMBL293626
CHEMBL1240552,NC(=O)c1ccccc1Nc1nc(NC2CCCC2)ncc1[N+](=O)[O-],CHEMBL417975
CHEMBL503181,Cc1cc(O)cc(C)c1OCC(=O)N[C@@H](Cc1ccccc1)[C@H](O)C(=O)N1CSC(C)(C)[C@H]1C(=O)N[C@H]1c2ccccc2C[C@H]1O,CHEMBL3137811
CHEMBL1242260,COC(=O)C[C@@H](NC(=O)Cn1cc(C2=C(c3c[nH]c4ccccc34)C(=O)N(C)C2=O)c2ccccc21)C(=O)OC,CHEMBL158693
CHEMBL497451,C=C1C[C@](OC)([C@H](O)C(=O)N[C@H]2OCO[C@H]3[C@@H]2O[C@H](C[C@H](O)CO)C(C)(C)[C@@H]3OC)O[C@H](C)[C@@H]1C,CHEMBL138920
CHEMBL497452,COC1=C(OC)C(=O)[C@]23C(=C1)C[C@@H](C)[C@@]2(C)[C@@H](O)c1cc2c(cc13)OCO2,CHEMBL331858
CHEMBL495792,Cn1nccc1-c1ccc2c(c1)C(=O)CC1(CCN(C(=O)N[C@H]3C[C@@H]3c3ccccc3)CC1)O2,CHEMBL140110
CHEMBL495793,Cn1nccc1Nc1ccc2c(c1)C(=O)CC1(CCN(C(=O)N[C@H]3C[C@@H]3c3ccccc3)CC1)O2,CHEMBL140110
CHEMBL495794,CS(=O)(=O)c1ccc2c(c1)C(=O)CC1(CCN(C(=O)N[C@H]3C[C@@H]3c3ccccc3)CC1)O2,CHEMBL140110
CHEMBL497028,COc1cc(-c2ccc(C=C3C(=O)NC(=S)NC3=O)o2)c(Cl)cc1C(=O)O,CHEMBL138253
CHEMBL498818,CCc1c(C)[nH]c(=O)c(CN=[N+]=[N-])c1O[C@@H]1C[C@H](C)C[C@H](C)C1,CHEMBL293626
CHEMBL500626,N=C(N)Oc1ccc(Sc2ccc(OC(=N)N)cc2)cc1,CHEMBL302715
CHEMBL500686,CCn1cc(C(=O)O)c(=O)c2cc(F)c(N3CCN(CN4C(=O)c5cccc6cccc(c56)C4=O)CC3)cc21,CHEMBL141624
CHEMBL502436,O=C(O[C@H]1[C@@H](OC(=O)c2ccccc2)[C@@H](C(=O)O)O[C@@H](C2=CC(=O)c3ccccc3C2=O)[C@@H]1OC(=O)c1ccccc1)c1ccccc1,CHEMBL3137811
CHEMBL497820,N#Cc1ccc(N2CCN(c3ncc(Cc4ccccc4)c4ccccc34)CC2)nc1,CHEMBL343916
CHEMBL499313,Cc1cc(COc2ccc(S(=O)(=O)C3(C(=O)NO)CCN(C(=O)OC(C)(C)C)CC3)cc2)c2ccccc2n1,CHEMBL158693
CHEMBL499524,N#Cc1cccc(S(=O)(=O)N2CC(=O)Nc3ccc(F)cc32)c1,CHEMBL293626
CHEMBL499534,O=C(O[C@H]1CN[C@H](C#Cc2cc3ncnc(Nc4ccc(OCc5cccc(F)c5)c(Cl)c4)c3s2)C1)N1CCNCC1,CHEMBL3137780
CHEMBL503322,O=C(Cn1c(=O)oc2ccc(Cl)cc21)N1CCN(S(=O)(=O)c2cccc(C(F)(F)F)c2)CC1CN1CCCC1,CHEMBL2113371
CHEMBL497984,CC(C)[C@@H](CO)Nc1ccc2ncc(-c3ccc(C(N)=O)cc3)n2n1,CHEMBL417975
CHEMBL499863,Cn1cnc(-c2ccccc2)c1NCCc1ccnc(N)n1,CHEMBL302715
CHEMBL499878,CN(C)CC(=O)c1c[nH]c2nccc(Oc3ccc(NC(=O)NC(=O)Cc4ccc(F)cc4)cc3F)c12,CHEMBL141624
CHEMBL504018,COc1ccc(C[C@H]2c3cc(Oc4cc(OC)c(OC)cc4C[C@H]4c5cc(O)c(OC)cc5CCN4C)c(OC)cc3CCN2C)cc1O,CHEMBL3137811
CHEMBL504019,[O-][n+]1nc2ccnn2c2cc(-c3cccs3)ccc21,CHEMBL120418
CHEMBL504172,COc1c(C)c(OCC=C(C)C)c2c(c1C(=O)O)C(=O)OC2,CHEMBL302715
CHEMBL498200,Nc1nccc(-c2cc3c([nH]2)C(CCC(F)(F)F)CNC3=O)n1,CHEMBL417975
CHEMBL498276,COC1CCCc2c1oc(-c1ccccc1)c(O)c2=O,CHEMBL302715
CHEMBL4529498,COc1ccc(N(C)c2cc(C)nc3ccccc23)nc1N,CHEMBL333520
CHEMBL4529503,Cc1cc(C#N)cc(C)c1Oc1nc(N[C@H]2CCN(Cc3ccncc3)C2)nc2ccsc12,CHEMBL140616
CHEMBL4529507,O=C(O)c1ccc(N2CCN(C(=O)COc3cccc(C(F)(F)F)c3)CC2)cc1,CHEMBL343916
CHEMBL502503,COC(=O)c1ccc(C(=O)Nc2ccc(CCN3CCc4cc(OC)c(OC)cc4C3)cc2)cc1NC(=O)c1ccc2ccccc2n1,CHEMBL3137811
CHEMBL4529540,COc1cc(/C=C/C(=O)Oc2ccc3c(c2)C(=O)OC3)cc(OC)c1OC,CHEMBL69114
CHEMBL4529541,CCNC(=O)Nc1ccc(-c2nccc([C@@]34CCOC[C@@H]3C4)n2)cc1,CHEMBL417975
CHEMBL506303,CC(C)(O)[C@@]1(O)[C@@H]2CCC(CO)=CC[C@@]2(C)C[C@@H]1O,CHEMBL302715
CHEMBL506312,C=C1[C@@H](OC(C)=O)CC[C@]2(C)[C@@H]1C[C@@H]1C[C@H](OC(C)=O)C(C)=C([C@@H](O)[C@@H]2OC(=O)/C=C/c2ccccc2)C1(C)C,CHEMBL3137793
CHEMBL506408,O=c1[nH]c(=O)c2c(-c3ccccc3)csc2[nH]1,CHEMBL120418
CHEMBL1242435,Cc1cc(=O)n(C(=O)COc2ccc3c(-c4ccccc4)cc(=O)oc3c2C)[nH]1,CHEMBL331858
CHEMBL503729,CC(C)C(=O)OCC1(CO)C/C(=C/c2ccc(F)c(Br)c2)C(=O)O1,CHEMBL343916
CHEMBL507753,CC(=O)O[C@H]1C[C@@H](O)[C@]2(C)[C@@H]1[C@H](C)C[C@H]1OC(=O)[C@@H](C)[C@H]1[C@@H]2O,CHEMBL13630
CHEMBL507754,CCCn1c(=O)c2[nH]c(-c3ccc(S(C)(=O)=O)cc3)c(O)c2n(CCC)c1=O,CHEMBL24473
CHEMBL4529590,CCOC(=O)c1sc(NC(=O)Cn2cc(-c3ccccc3Cl)nn2)nc1C,CHEMBL24473
CHEMBL498925,COC(=O)[C@@H]1[C@@H](c2nc3c(C(N)=O)cccc3[nH]2)C(C)(C)NC1(C)C,CHEMBL417975
CHEMBL498937,CC1=CC(=O)[C@@H](O)[C@]2(C)[C@H]3[C@]4(O)OC[C@]35[C@H]([C@@H](C)[C@H]4O)[C@@H](OC(=O)C=C(C3CC3)C3CC3)C(=O)O[C@@H]5C[C@@H]12,CHEMBL158693
CHEMBL498940,O=c1[nH]cnc2c(CN3C[C@H](O)[C@@](F)(CO)C3)c[nH]c12,CHEMBL302715
CHEMBL498942,CCOc1cccc(-n2cc(C(=O)N3CCN(c4cc(C(=O)O)c5ccccc5c4)CC3)nc2-c2ccc(F)cc2)c1,CHEMBL63396
CHEMBL4529600,CC1CCN(S(=O)(=O)N2CCN(S(C)(=O)=O)CC2)CC1,CHEMBL417975
CHEMBL4529601,NC1CCCN(C(=O)c2cc3c(O)c4c(c(O)c3o2)C(=O)c2ccccc2C4=O)C1,CHEMBL138253
CHEMBL499081,N#C/C(=C\c1cc(O)c(O)c([N+](=O)[O-])c1)C(=O)N1CCOCC1,CHEMBL417975
CHEMBL501847,O=c1ss/c(=N\c2ccccc2)n1-c1ccccc1,CHEMBL333520
CHEMBL507536,CC(C)(C)c1cnc(CSc2cnc(N)s2)o1,CHEMBL120418
CHEMBL497842,Cc1cc(-c2ccc(C(=O)O)c(O)c2)oc1/C=C1\SC(=S)NC1=O,CHEMBL331858
CHEMBL497843,COc1cc(-c2ccc(C(=O)O)c(O)c2)oc1/C=C1\SC(=S)NC1=O,CHEMBL331858
CHEMBL502522,C=C[C@@]1(C)CC[C@H]2C(=CCC3[C@]2(C)CC[C@H](O)[C@]3(C)CO[C@]2(C)O[C@](C)(CO)[C@@](C)(O)[C@](C)(O)[C@]2(C)O)C1,CHEMBL3138149
CHEMBL502650,CCCCCCCCCCC[N+](C)(C)[BH2-]C#N,CHEMBL153094
CHEMBL502651,Nc1ccc(CN/C=C2\C(=O)NC(=O)c3ccc(Br)cc32)cc1O,CHEMBL69114
CHEMBL502670,COc1ccc(CNC2(CCC(C)(C)C)C(=O)C(C3=NS(=O)(=O)c4cc(NS(C)(=O)=O)ccc4N3)=C(O)c3ccccc32)cc1,CHEMBL3137811
CHEMBL508452,C[C@@H]1[C@@H]2C=C[C@@](C)(OO2)[C@@]1(C)CCC1=CC(O)OC1=O,CHEMBL333520
CHEMBL508457,COc1cc([C@@H]2OC[C@@H]3C(=O)OC[C@@H]32)cc(OC)c1OC,CHEMBL333520
CHEMBL4529633,COc1ccc(C(=O)N(C)C2CCS(=O)(=O)C2)cc1F,CHEMBL333520
CHEMBL4529634,CCOC(=O)C1=C(C)Nc2nc3c(c(N)c2C1c1ccccc1OC)CCCC3.Cl,CHEMBL343916
CHEMBL498149,CC1(C)CN=C(c2cccc(Cc3c[nH]cn3)c2)OC1,CHEMBL302715
CHEMBL500406,O/N=C1\CCc2cc(-c3c[nH]nc3-c3ccncc3)ccc21,CHEMBL333520
CHEMBL500550,COc1cc(C(C)C)c(Oc2cnc(N)nc2N)cc1C(=O)O,CHEMBL417975
CHEMBL503943,CSS[C@H]1C[C@H](n2ccc(=O)[nH]c2=O)O[C@@H]1CO,CHEMBL333520
CHEMBL504104,Nc1nc(-c2ccc(P(=O)(O)O)o2)c(-c2ccccc2)s1,CHEMBL417975
CHEMBL509143,COc1cc2cc(CCN(C)C)c3c4cc5c(cc4ncc3c2cc1OC)OCO5,CHEMBL343916
CHEMBL509147,C/C=C(\C)C(=O)O[C@H]1[C@@H]2[C@H](C)C(=O)O[C@@H]2C[C@@H](C)[C@@H]2[C@@H](O)CC(=O)[C@]21C,CHEMBL331858
CHEMBL508971,C=C1CC[C@H](C(C)C)[C@@H]2[C@H]1[C@@H]1O[C@H]2[C@](C)(OC(=O)CCC)CC[C@H](O)C(=C)[C@H]1O,CHEMBL343916
CHEMBL506421,C[C@H]1[C@H](C)CC[C@]2(C(=O)O)CC[C@]3(COC(=O)/C=C\c4ccc(O)cc4)C(=CC[C@@H]4[C@@]5(C)CC[C@H](O)[C@@](C)(CO)[C@@H]5CC[C@]43C)[C@H]12,CHEMBL3138424
CHEMBL506523,Nc1cccc(Nc2ncnc3c2ncn3Cc2ccc(F)cc2)c1,CHEMBL417975
CHEMBL506537,CC(C)(C)CCC1(NCc2ccc(O)cc2)C(=O)C(C2=NS(=O)(=O)c3cc(NS(C)(=O)=O)ccc3N2)=C(O)c2ccccc21,CHEMBL3137811
CHEMBL502261,COc1ccccc1N1CCN(CCCN2C(=O)C3Nc4ccccc4C3N(C)C2=O)CC1,CHEMBL304757
CHEMBL502262,COc1ccccc1N1CCN(C(C)CCN2C(=O)C3Nc4ccccc4C3N(C)C2=O)CC1,CHEMBL140110
CHEMBL505977,Nc1nc(-c2ccco2)c2nnn(Cc3ccc([N+](=O)[O-])cc3)c2n1,CHEMBL417975
CHEMBL506100,CN1CCCN(c2cncc(-c3cccc(CCC(=O)O)c3)n2)CC1,CHEMBL417975
CHEMBL506101,Nc1nc(-c2ccco2)c2nnn(Cc3ccsc3)c2n1,CHEMBL333520
CHEMBL502864,C=C/C(C)=C\C[C@]1(C)[C@H](C)[C@@H](OC(=O)/C=C/c2ccc(O)cc2)[C@H](O)[C@@]23C(=C[C@H](OC(=O)CCC)C[C@@H]12)[C@@H](OC(C)=O)O[C@H]3OC(C)=O,CHEMBL3137811
CHEMBL502882,Cc1c(C2=CCN(C(=O)N(C)C(C)C)CC2)nnn1-c1cccnc1F,CHEMBL331858
CHEMBL507556,CC1(C)OC2=C(C(=O)C(=O)c3ccccc32)C1n1cc(COC2CCCCO2)nn1,CHEMBL343916
CHEMBL507558,Cn1c([N+](=O)[O-])cnc1-c1nnc(N2CCS(=O)(=O)CC2)s1,CHEMBL13630
CHEMBL500979,CC(C)OC(=O)[C@H](C)NP(=O)(OC[C@@]1(N=[N+]=[N-])O[C@@H](n2cnc3c(=O)[nH]cnc32)[C@H](O)[C@@H]1O)Oc1cccc2ccccc12,CHEMBL3137762
CHEMBL501192,COc1cc2c(=O)n(CCN(Cc3ccccc3)C(C)C)c3c4cc5c(cc4nnc3c2cc1OC)OCO5,CHEMBL141624
CHEMBL507781,CNC(=S)Nc1ccc(OCc2n[nH]c(=S)n2C)cc1,CHEMBL333520
CHEMBL507785,Nc1ncnc2c1sc1nc(C3CC3)cc(C(F)(F)F)c12,CHEMBL333520
CHEMBL507786,CCOC(=O)C1=CN(C(=O)c2ccc(OC)cc2)CC(C)(C)c2c1[nH]c1ccccc21,CHEMBL343916
CHEMBL1205771,CO[C@H]1CCC[C@@H]2C1=C(C(=O)O)N1C(=O)[C@H]([C@@H](C)O)C21,CHEMBL333520
CHEMBL504942,CCCCn1c2nc(=O)[nH]c(=O)c-2cc2ccccc21,CHEMBL302715
CHEMBL508870,COc1ccc(C(=O)OCC2(CO)C/C(=C\c3ccc(N(C)C)cc3)C(=O)O2)cc1,CHEMBL24473
CHEMBL498174,c1ccc2c(c1)[nH]c1ccnc(NCCN3CCOCC3)c12,CHEMBL333520
CHEMBL498175,CC(=O)NCCNc1nccc2[nH]c3ccccc3c12,CHEMBL302715
CHEMBL507993,COc1cc2c(cc1OC)[C@]1([C@H](O)c3ccc4c(c3[C@@H]1O)OCO4)N(C)CC2,CHEMBL79939
CHEMBL508031,O=c1[nH]c2c([N+](=O)[O-])cccc2n2c(=O)n(-c3ccccc3)nc12,CHEMBL417975
CHEMBL508032,O=C1OCC2=C1C(c1cncc(Br)c1)c1cc3c(cc1N2)OCO3,CHEMBL69149
CHEMBL508789,O=c1[nH]c(=O)n([C@@H]2O[C@H](CO)[C@@H](O)[C@@H]2F)cc1CCCCCF,CHEMBL1340
CHEMBL497730,CCOC(=O)C(CO)NC(=O)/C=C(C)/C=C/C1(O)C(C)=CC(=O)CC1(C)C,CHEMBL69114
CHEMBL505987,COc1cc2c(c(OC)c1OC(C)=O)-c1ccc(OC)c(=O)cc1[C@@H](N(C)Cc1ccccc1OC(C)=O)CC2,CHEMBL3137793
CHEMBL1242346,CCN1C[C@]2(COC)CC[C@H](O)[C@]34C1[C@@H]([C@H](OC)[C@H]23)[C@@]1(O)C[C@H](OC)[C@H]2C[C@@H]4[C@@H]1[C@H]2O,CHEMBL304757
CHEMBL4529637,CN(CCOc1ccccc1)C(=O)c1cnn(C)c1N,CHEMBL302715
CHEMBL4529638,COC(=O)c1ccc(-c2cnc3ncn(C(C)c4ccc5ncccc5c4C)c3n2)cc1F,CHEMBL140110
CHEMBL497727,O=C(O)C(F)(F)F.c1ccc(-c2ccc(N3C[C@H]4CNC[C@H]4C3)cn2)cc1,CHEMBL69149
CHEMBL505117,CC[C@@]1(OC(=O)[C@H](CC(C)C)NC(=O)C2=CC(C)(C)N(O)C2(C)C)C(=O)OCc2c1cc1n(c2=O)Cc2cc3ccccc3nc2-1,CHEMBL3137780
CHEMBL505120,CCCCN(C)C(=S)N/N=C\c1c[nH]c2ccccc12,CHEMBL302715
CHEMBL505376,CC(C)C(=O)O[C@@H](C[C@@H](C)[C@]12CC[C@@]3(C)[C@@]1(C[C@H](OC(=O)C(C)C)[C@H]1[C@@]4(C)CCC(=O)C(C)(C)[C@@H]4CC[C@@]13C)O2)[C@@H](OC(=O)C(C)C)C(C)(C)O,CHEMBL264879
CHEMBL505666,COc1c(O)c(OC)c(OC)c(C(=O)/C=C/c2ccccc2)c1O,CHEMBL417975
CHEMBL505667,CNc1ccccc1C(=O)O[C@@H]1[C@@H](C)[C@]2(O)[C@@H]3C=C(C)C(=O)[C@H]3[C@H](O)C(C)=C[C@H]2[C@@H]2C(C)(C)[C@]12OC(C)=O,CHEMBL158693
CHEMBL1242440,Cl.Clc1ccc(CN(CCn2cncn2)CCn2cncn2)c(Cl)c1,CHEMBL24473
CHEMBL505801,CC(=O)O[C@H]1CC[C@@]2(C)[C@@H](CC[C@@H](C)[C@]23CCC(=O)O3)C1(C)C,CHEMBL333520
CHEMBL505903,COc1ccc(N(C)c2ncnc3sccc23)cc1,CHEMBL302715
CHEMBL505909,CC(C)N1CCC1(C)c1nc2c(C(N)=O)cccc2[nH]1,CHEMBL302715
CHEMBL497459,CN(C)/N=C/c1c(N)ncnc1Nc1ccc2c(cnn2Cc2cccc(F)c2)c1,CHEMBL24473
CHEMBL1242266,COc1cc(C)cc2c1C(=O)C=C(c1cc(OC)c3c(OC)cc(C)cc3c1OC)C2=O,CHEMBL343916
CHEMBL497461,CNC[C@@H]1COc2ccccc2[C@H]1Oc1ccccc1C,CHEMBL302715
CHEMBL1242269,Cc1ccc(C2C(c3ccccc3)=NN(c3ccccc3)C23C(=O)OC(C)(C)OC3=O)o1,CHEMBL343916
CHEMBL495867,N#Cc1cnc2c(Br)cc(NCc3cn(CC(=O)O)nn3)cc2c1Nc1ccc(F)c(Cl)c1,CHEMBL3138149
CHEMBL497030,CC(C)N1CCC(Oc2ccc3c(c2)cc(C(=O)N2CCOCC2)n3CC(F)(F)F)CC1,CHEMBL140110
CHEMBL497104,COc1cc(-c2oc3c(OC)c(OC)c(O)c(O)c3c(=O)c2O)ccc1O,CHEMBL69114
CHEMBL503253,CC(c1cccc(F)c1)n1ncc2cc(Nc3ncnc4cc(C#C[C@@H]5C[C@@H](OC(=O)N6CCOCC6)CN5)sc34)ccc21,CHEMBL3137780
CHEMBL502798,C=C[C@@]1(C)CC[C@H]2C(=CCC3[C@@](C)(CO[C@]4(C)O[C@](C)(CO)[C@@](C)(O)[C@](C)(O)[C@]4(C)O)C(=O)CC[C@@]32C)C1,CHEMBL158693
CHEMBL502799,CC(=O)O[C@@]12[C@H](OC(=O)[C@@H](C(C)C)N(C)C)[C@@H](C)[C@@]3(O)[C@@H](C=C(CO)C[C@@]4(O)C(=O)C(C)=C[C@@H]34)[C@@H]1C2(C)C,CHEMBL158693
CHEMBL499818,C=C[C@]1(C)C[C@@H](OC(=O)Cn2cc(CCn3cc(C)c(=O)[nH]c3=O)nn2)[C@]2(C)[C@H](C)CC[C@]3(CCC(=O)[C@@H]32)[C@@H](C)[C@@H]1O,CHEMBL3137793
CHEMBL503380,CN1C(=O)[C@H](O)[C@H](c2ccccc2)[C@H]1[C@H](O)c1ccccc1,CHEMBL302715
CHEMBL498052,NC[C@H](Cc1ccccc1F)NC(=O)c1cc(Br)c(-c2ccnc3[nH]ccc23)s1,CHEMBL140110
CHEMBL501784,COc1ccccc1-c1cnc(N)nc1-c1ccccc1O,CHEMBL333520
CHEMBL504180,Cc1ccc2oc(-c3ccccc3)c/c(=N\CCO)c2c1,CHEMBL302715
CHEMBL498279,Cc1cccc(C)c1CNc1cc(-n2ccccc2=O)cn2c(C)c(CO)nc12,CHEMBL24473
CHEMBL4529643,O=C(O)[C@H]1CNC[C@H](CN/N=C/c2ccccc2-n2cccc2)C1,CHEMBL417975
CHEMBL502583,C[C@H]1C2Cc3cc4ncnc(N)c4cc3[C@@]1(C)CCN2CC1CC1,CHEMBL417975
CHEMBL506516,CC(C)N1CC(C)(c2nc3c(C(N)=O)cccc3[nH]2)C1,CHEMBL302715
CHEMBL506519,Cc1ccc([C@H](C)NC2=NC(=O)C(C)(C(C)(C)O)S2)cc1,CHEMBL333520
CHEMBL497688,O=C(O)/C(O)=C/C(=O)c1cn(Cc2ccc(F)cc2)c2cc(Cl)ccc2c1=O,CHEMBL343916
CHEMBL497690,O=c1c(/C=C(/c2ccc([N+](=O)[O-])cc2)c2nnn[nH]2)coc2ccc(Cl)cc12,CHEMBL69114
CHEMBL4529460,O=C1CCCN[C@@H]1CCCn1cnc2ccccc2c1=O,CHEMBL333520
CHEMBL507605,CC(=O)NC[C@H]1CN(c2ccc(-c3ccc(Cn4ccnn4)cc3)c(F)c2)C(=O)O1,CHEMBL24473
CHEMBL497845,CNC[C@@H]1OCc2ccccc2[C@@H]1Oc1cc(F)ccc1C,CHEMBL302715
CHEMBL497846,CNC[C@@H]1OCc2ccccc2[C@@H]1Oc1c(C)cccc1F,CHEMBL302715
CHEMBL500115,CS(=O)(=O)O[C@H]1CN[C@H](C#Cc2cc3ncnc(Nc4ccc(OCc5cccc(F)c5)c(Cl)c4)c3s2)C1,CHEMBL3137793
CHEMBL498218,COc1ccc(N(C)c2ncnc3c(C)csc23)cc1,CHEMBL333520
CHEMBL1242425,O=S(=O)(c1cn(C2CCCNC2)c2ncccc12)c1c(Cl)nc2sccn12,CHEMBL343916
CHEMBL498221,COc1ccc(N(C)c2nc(C)nc3ccsc23)cc1,CHEMBL333520
CHEMBL500659,Cn1cc(-c2ccc3c(c2)CC/C3=N\O)c(-c2ccncc2)n1,CHEMBL333520
CHEMBL501180,COc1ccccc1N1CCN(CCCN2C(=O)NC3c4ccccc4OC3C2=O)CC1,CHEMBL304757
CHEMBL509013,COc1ccc(C(=O)/C=C/c2ccc3c(c2)OCO3)cc1OC,CHEMBL302715
CHEMBL509015,CCN1C[C@]2(COC(=O)c3ccccc3N3C(=O)CC(C)C3=O)CC[C@H](OC)[C@]34C1[C@](O)([C@@H](OC)[C@H]23)[C@@]1(O)C[C@H](OC)[C@H]2C[C@@H]4[C@@H]1C2=O,CHEMBL307401
CHEMBL1242471,CCOc1ccc(-c2n[nH]c3ncnc(N)c23)cc1OC,CHEMBL333520
CHEMBL4529603,COc1ccc(/C=C/C(=N/NC(N)=S)c2nc3ccccc3[nH]2)cc1,CHEMBL417975
CHEMBL4529606,Cc1c(C(=O)N2CC(F)(c3ccccc3)C2)cnn1-c1nn2cccc2c(=O)[nH]1,CHEMBL76607
CHEMBL506665,COc1ccc2c(O[C@@H]3C[C@@H](C(=O)NC4(CC(=O)O)CC4)N(C(=O)[C@@H](NC(=O)OC(C)(C)C)C(C)C)C3)cc(-c3ccccc3)nc2c1,CHEMBL3137811
CHEMBL506669,CCOC(=N)c1nc2ccc3ncn(CC)c(=O)c3c2s1,CHEMBL333520
CHEMBL505596,COc1ccc2nc3cc(Cl)ccc3c(NCCNC(=O)C[C@H]3O[C@@H]4O[C@@]5(C)CC[C@H]6[C@H](C)CC[C@@H]([C@H]3C)[C@@]46OO5)c2c1,CHEMBL3137780
CHEMBL502358,CCc1ccc([N+](=O)[O-])cc1Nc1nc(-c2cccnc2)c[nH]1,CHEMBL302715
CHEMBL502359,COc1cc2c(c(O)c1OC)C(=O)CC(c1ccc(O)cc1)O2,CHEMBL417975
CHEMBL506207,CCN1CCN(c2cc3[nH]c(S[C@]4(C)CC[C@@H](N5CCCC5=O)CC4)nc3cc2Cl)CC1,CHEMBL140110
CHEMBL506213,CN[C@@H](C)C(=O)N[C@H]1CN(Cc2ccccc2)CC[C@H]2CC[C@@H](C(=O)NC(c3ccccc3)c3ccccc3)N2C1=O,CHEMBL63396
CHEMBL498713,O=C(O)/C(O)=C/C(=O)c1cn(Cc2ccc(F)cc2)c2cc(Cl)c(Cl)cc2c1=O,CHEMBL140110
CHEMBL507625,COc1cc(N2CCN(C(C)C)CC2)ccc1Nc1nc(Nc2cccc(F)c2C(N)=O)c2cc[nH]c2n1,CHEMBL158693
CHEMBL501193,CNCCn1c(=O)c2cc(OC)c(OC)cc2c2nnc3cc4c(cc3c21)OCO4,CHEMBL304757
CHEMBL501404,Fc1ccc(C2Cc3nccn3C2)c(-c2ncco2)c1,CHEMBL302715
CHEMBL507060,O=c1ccn([C@@H]2O[C@H](COP(=O)(O)CP(=O)(O)O)[C@@H](O)[C@H]2O)c(=O)[nH]1,CHEMBL148167
CHEMBL507163,CCOC(=O)c1cnc2c(cnn2CC)c1N(C)C1CCOCC1,CHEMBL417975
CHEMBL4529654,C[C@]1(CN2CCc3nc(C(F)(F)F)ccc3C2)Cn2cc([N+](=O)[O-])nc2O1,CHEMBL69114
CHEMBL507981,CCN1C[C@]2(OC(=O)c3ccccc3NC(C)=O)CC[C@H](OC)[C@]34C1[C@H](C[C@H]23)[C@@]12C[C@H](OC)[C@H]3C[C@@H]4[C@]1(OCO2)[C@H]3OC,CHEMBL3137780
CHEMBL508421,CC(C)N1CCCCC1c1nc2c(C(N)=O)cccc2[nH]1,CHEMBL302715
CHEMBL508978,CN1C(=O)COc2ccc(NC(=O)C3CCN(c4cc(F)c(F)c(F)c4)CC3)cc21,CHEMBL343916
CHEMBL508075,C/C=C(\C)C(=O)O[C@H]1C=CC(=O)O[C@H]1/C=C\C(=O)C(C)O,CHEMBL105080
CHEMBL508879,CCCCSc1nc(N)c2[nH]c(=O)c(=O)n(Cc3c(F)cccc3F)c2n1,CHEMBL69114
CHEMBL508882,CO[C@H]1[C@@H]2C[C@@H]3[C@H]1[C@](O)(C[C@@H]2OC)[C@]1(O)C2NC(=O)[C@]4(COC(=O)c5ccccc5N5C(=O)CC(C)C5=O)CC[C@H](OC)[C@@]23[C@@H]4[C@@H]1OC,CHEMBL307401
CHEMBL508884,CC(C)(O)[C@H](O)CC[C@@](C)(O)[C@@H]1CC[C@](C)([C@@H]2CC[C@@H]([C@@]3(C)CC[C@@H]4OC(C)(C)[C@H](Br)CC[C@@]4(C)O3)O2)O1,CHEMBL3137780
CHEMBL506039,CC[C@@](C)(O)C(=O)N[C@@H]1CCCN1C(=O)[C@@H]1[C@@H](c2ccccc2)[C@@]2(O)c3c(OC)cc(OC)cc3O[C@]1(c1ccc(OC)cc1)[C@H]2O,CHEMBL3137811
CHEMBL4529509,N#Cc1ccc(-c2csc(CS(=O)(=O)Cc3cccc(C(F)(F)F)c3)n2)cc1,CHEMBL343916
CHEMBL506153,CCn1c(-c2nonc2N)nc2cncc(C(=O)NCCNC)c21,CHEMBL417975
CHEMBL4529518,O=c1cc(-c2ccc([N+](=O)[O-])cc2)[nH]c2c(-c3ccc(Cl)cc3)c(CO)nn12,CHEMBL69114
CHEMBL4529519,Cc1nc2c(F)cc(-c3cc(=O)n4cc(N5CCN6CCC[C@H]6C5)ccc4n3)cc2o1,CHEMBL343916
CHEMBL4529521,CCc1ccc(C(=O)/C=C\C(=O)O[C@H](CC=C(C)C)C2=CC(=O)c3c(O)ccc(O)c3C2=O)cc1,CHEMBL140616
CHEMBL4529548,OCC1(Nc2nc(-c3ccncc3)nc3cnccc23)CCC1,CHEMBL333520
CHEMBL506278,COC(=O)c1ccc(C(=O)Nc2ccc(CCN3CCc4cc(OC)c(OC)cc4C3)cc2)cc1NC(=O)c1cnc2ccccc2n1,CHEMBL3137811
CHEMBL506626,C[C@H](C[C@H](OC(=O)C1CC1)[C@@H](OC(=O)C1CC1)C(C)(C)O)C1=C2C[C@H](OC(=O)C3CC3)[C@H]3[C@@]4(C)CCC(=O)C(C)(C)[C@@H]4CC[C@]3(C)[C@@]2(C)CC1,CHEMBL264879
CHEMBL506629,COc1ccc2c(c1)OC[C@H]1Oc3cc(O)ccc3C(c3cc([C@@H]4COc5cc(O)ccc5C4)ccc3OC)[C@@]21O,CHEMBL3137793
CHEMBL506631,CC(C)N(C(=S)/N=C1\SC(C)S(=O)(=O)N1C)C(C)C,CHEMBL417975
CHEMBL4529572,CC(=O)OC/C(=C\[C@@H]1[C@@H](C(C)C)CC[C@@]2(O)COC(=O)[C@@H]12)C(=O)O,CHEMBL13630
CHEMBL4529575,COc1cccc(-c2cn3c(-c4ccc(C(=O)NC5CC5)cc4)cnc3cn2)c1F,CHEMBL343916
CHEMBL4529576,CC1=C(C(=O)Nc2cc(C)on2)C(c2csc(-c3ccc(Cl)cc3)n2)NC(=S)N1C1CC1,CHEMBL140616
CHEMBL1242445,COc1ccccc1N1CCN(C[C@@H]2CO[C@](CN3CCCC3=O)(c3ccccc3)O2)CC1,CHEMBL140616
CHEMBL506970,Cn1c([N+](=O)[O-])cnc1/C=C/c1ccc(Br)cc1,CHEMBL302715
CHEMBL507096,O=c1c(-c2ccc(O)cc2)coc2cc(OCCCCN3CCNCC3)cc(O)c12,CHEMBL24473
CHEMBL496248,CCC(=O)O[C@@H]1CC/C(C)=C\[C@@H]2OC(=O)C(C)=C2C[C@H]2C(C)=C[C@H](OC(C)=O)[C@H](OC(C)=O)[C@]12C,CHEMBL140616
CHEMBL496325,CS(=O)(=O)Nc1ccc2c(c1)S(=O)(=O)N=C(C1=C(O)C3CCCCN3N(Cc3ccc(F)cc3)C1=O)N2,CHEMBL158693
CHEMBL495945,CN(CC#N)Cc1ccn2c(-c3ccnc(N)n3)c(-c3ccc(F)cc3)nc2c1,CHEMBL69114
CHEMBL497108,Cl.NC(=O)COc1ccc2c(c1)[C@@]13CCCC[C@@]1(O)[C@@H](C2)N(CC1CCC1)CC3,CHEMBL343916
CHEMBL497187,Nc1nccc(-c2c(-c3ccc(F)cc3)nc3cc(C4CCN(CCO)CC4)ccn23)n1,CHEMBL343916
CHEMBL495639,CC(C)N1CCC(Oc2ccc3c(c2)cc(C(=O)N2CCC(F)(F)CC2)n3S(C)(=O)=O)CC1,CHEMBL140110
CHEMBL495640,C/C=C1\CN(C)[C@H]2C[C@@]3(C(=O)N(OC)c4cc(OC)ccc43)[C@H]3C[C@@H]1[C@@H]2CO3,CHEMBL76607
CHEMBL500907,CC(C)[C@@H]1NC(=O)c2csc(n2)[C@H](C(C)C)NC(=O)c2csc(n2)[C@H](C(C)C)NC(=O)[C@H]([C@@H](C)O)NC1=O,CHEMBL3138149
CHEMBL502976,CC(CCl)(CCl)C(=O)N[C@H]1CCCCNC1=O,CHEMBL302715
CHEMBL502992,C=C[C@@]1(C)CC(=O)[C@H]2[C@](O)(C1=O)[C@H](OC(C)=O)C[C@H]1C(C)(C)[C@H](OC(C)=O)[C@H](OC(C)=O)[C@H](OC(=O)c3ccccc3)[C@@]12C,CHEMBL3137780
CHEMBL503002,COc1cc2c3cc1Oc1c(OC)c(OC)c(OC)c4c1[C@H](Cc1ccc(cc1)Oc1cc(ccc1O)C[C@@H]3N(C)CC2)N(C)CC4,CHEMBL3137780
CHEMBL497901,COc1cc(OC)c2c(O)c3c(c(OC)c2c1)O[C@@H](C)CC3=O,CHEMBL417975
CHEMBL497902,COC(=O)[C@]1(C)[C@@H]2CC[C@]3(C)/C(=C(/C)C=O)C(=O)C[C@@H]3[C@@]2(C)CC[C@H]1OC(C)=O,CHEMBL343916
CHEMBL4529442,C=CC(=O)N(CC(=O)NC1COC1)c1nc(-c2ccccc2)cs1,CHEMBL417975
CHEMBL503471,Cc1nc2cc(C(=O)N/N=C\c3ccco3)c([N+](=O)[O-])cc2[nH]1,CHEMBL333520
CHEMBL503480,CCOC(=O)/C(C#N)=c1\s/c(=C/Nc2cccc(C)c2)c(=O)n1CC,CHEMBL79939
CHEMBL498122,COc1ccc2c(c1O)[C@@H](NC(C)=O)CCc1cc(OC)c(OC)c(OC)c1-2,CHEMBL69114
CHEMBL498123,CN[C@H]1CCc2cc(O)c(OC)c(OC)c2-c2ccc(OC)c(=O)cc21,CHEMBL417975
CHEMBL499921,CC(=O)O[C@@H]1C[C@@H](OC(C)=O)C(C)(C)/C=C/[C@H](C)[C@H](OC(C)=O)[C@@]2(O)C[C@H](C)[C@H](OC(=O)c3ccccc3)[C@@H]2/C=C/1C,CHEMBL3137793
CHEMBL500052,C=C[C@H]1CC[C@H]2[C@@H]3CC[C@@H]4[C@@H](O[C@@H]5O[C@@H](C)[C@@H](O)[C@@H](OC)[C@@H]5OC(C)=O)[C@@H](O)CC[C@]4(C)[C@H]3CC[C@]12C,CHEMBL141624
CHEMBL4529491,CC(Oc1ccc(Oc2ccc(C(F)(F)F)cc2)cc1)C(=O)Cn1nnc(-c2ccc(C(=O)O)cc2)n1,CHEMBL141624
CHEMBL501971,COc1cc2c(c3c1c(=O)c1cc4ccccc4cc1n3C)[C@@H](OC(C)=O)[C@@H](OC(=O)/C=C/c1ccc([N+](=O)[O-])cc1)C(C)(C)O2,CHEMBL3137780
CHEMBL501972,CNc1cc(C)c(OCC(=O)N[C@@H](Cc2ccccc2)[C@H](O)C(=O)N2CSC(C)(C)[C@H]2C(=O)N[C@H]2c3ccccc3C[C@H]2O)c(C)c1,CHEMBL3137811
CHEMBL500433,COc1ccc(-c2ccc(N3C[C@H]4CN(C)C[C@H]4C3)nn2)cc1.Cc1ccc(S(=O)(=O)O)cc1,CHEMBL140110
CHEMBL500434,CN1C[C@@H]2CN(c3ccc(-c4ccc(O)cc4)nn3)C[C@@H]2C1.Cc1ccc(S(=O)(=O)O)cc1,CHEMBL140110
CHEMBL4529550,Cc1ccc(-c2nnn(CC(=O)Nc3cc(C)nn3C3CCCCC3)n2)cc1,CHEMBL69114
CHEMBL4529551,COc1ncc(-c2ccc3ncc(-c4nnc(CCN5CCN(C)CC5)o4)n3c2)cc1N,CHEMBL304757
CHEMBL502816,CCn1cc(-c2ccc3c(c2)CC/C3=N\O)c(-c2ccncc2)n1,CHEMBL333520
CHEMBL506636,CC(C)(C)NC(=O)C(=O)[C@@H]1CCCCCCCCCC[C@H](NC(=O)OC(C)(C)C)C(=O)N2C[C@@H]3[C@H]([C@H]2C(=O)N1)C3(C)C,CHEMBL2113371
CHEMBL4529564,C=C(c1ccc(OC)c(O)c1)c1cn(C)c(=O)n(C)c1=O,CHEMBL333520
CHEMBL506643,NC1=N[C@]23CCCN2C(=O)c2cc(Br)cn2[C@@H]3N1,CHEMBL333520
CHEMBL1242430,COc1ccc(C2SCC(=O)N2NC(=O)Cn2ncc3cc([N+](=O)[O-])ccc32)cc1,CHEMBL304757
CHEMBL501655,O=c1cc(-c2ccc3c(c2)OCCO3)oc2cc(O)cc(O)c12,CHEMBL105080
CHEMBL504066,CS(=O)(=O)NCC#CN1C(=O)[C@H](CC[C@H](O)c2ccc(F)cc2)[C@H]1c1ccc(O[C@@H]2O[C@H](C(=O)O)[C@@H](O)[C@H](O)[C@H]2O)cc1,CHEMBL3137802
CHEMBL497766,CC(=O)c1ccc(N2CCN(C(=O)c3cc(C#N)ccc3N3CCOCC3)CC2)c(F)c1,CHEMBL140110
CHEMBL502035,C=C1C[C@@]23C[C@@H]1CC[C@H]2[C@]1(C)CC[C@@H](OC(=O)c2cnccn2)[C@](C)(COC(C)=O)[C@@H]1C[C@@H]3OC(=O)c1cnccn1,CHEMBL3137793
CHEMBL502038,C=C1/C(=C\C=C2/CCC[C@]3(C)[C@@H]([C@H](C)C[C@@H]4C[C@@](C)(O)C(=O)N4Cc4cc(OC)cc(OC)c4)CC[C@@H]23)C[C@@H](O)C[C@@H]1O,CHEMBL3138144
CHEMBL499109,COc1ccc(C(C(=O)O)N2CCC(CCN3[C@@H]4CC[C@H]3C[C@@H](n3c(C)nc5ccccc53)C4)(c3ccccc3)CC2)cc1,CHEMBL63396
CHEMBL500153,Nc1nccc(/C=C/c2c(-c3ccccc3)ncn2CCN2CCCC2)n1,CHEMBL417975
CHEMBL500298,CCCN1CCC(c2nc3c(C(N)=O)cccc3[nH]2)C1,CHEMBL302715
CHEMBL508549,CCOC(=O)CN1C(=O)S/C(=C/c2coc3ccc(C)cc3c2=O)C1=O,CHEMBL69114
CHEMBL4529430,COc1cc2c(NC3CCN(C)CC3)nc(N3CCCN(C)CC3)nc2cc1-c1cccnc1,CHEMBL140110
CHEMBL504460,CSS[C@H]1C[C@H](n2ccc(N)nc2=O)O[C@@H]1CO,CHEMBL105080
CHEMBL509257,C[C@H](NC1=NC(=O)C(C)(c2ccc(C(=O)NC3CCCC3)cc2)S1)c1ccc(F)cc1,CHEMBL140110
CHEMBL509258,O=C1C(Cl)=C(Nc2cccc(Br)c2)C(=O)c2[nH]c(-c3ccccn3)nc21,CHEMBL343916
CHEMBL509259,Cc1c(Cl)cccc1N1CCC(C(=O)Nc2ccc3c(c2)NC(=O)CO3)CC1,CHEMBL343916
CHEMBL505044,C=C1C[C@]23[C@H]4[C@H]1[C@@H](OC(=O)/C(C)=C/C)[C@@H](OC(=O)/C(C)=C/C)[C@H]2[C@@]12C[C@@H](O)C[C@@](C)(CN(C)[C@H]41)[C@@]2(O)[C@@H](O)[C@@H]3O,CHEMBL158693
CHEMBL498457,OCc1ccc(N2CCN(c3nnc(Cc4ccccc4)c4ccccc34)CC2)nc1,CHEMBL140095
CHEMBL498460,C/C(Cl)=C/C=C/C=C/C=C/C=C/C(O)=C1\C(=O)[C@H](CC(N)=O)N([C@@H]2OC[C@@H](O)[C@H](O)[C@H]2O)C1=O,CHEMBL138920
CHEMBL501364,COc1ccccc1/C=C/c1ccc(C(=O)/N=c2\[nH]c3cc(N(C)C(=O)c4ccccc4)ccc3n2CCC(N)=O)s1,CHEMBL63396
CHEMBL1205629,CCC1CCCc2c1nn(-c1ccc(F)cc1)c2/C=C/[C@@H](O)C[C@@H](O)CC(=O)O,CHEMBL24473
CHEMBL509098,CC1(NC(=O)N[C@H](C(=O)N2C[C@H]3[C@@H](C2C(=O)NC(CC2CCC2)C(=O)C(N)=O)C3(C)C)C(C)(C)C)CCCCC1,CHEMBL63396
CHEMBL498625,Cc1nn2ncccc2c1-c1ccnc(NC2CC2)n1,CHEMBL302715
CHEMBL502367,COC(=O)/C=C\c1c[nH]c2cc(Br)ccc12,CHEMBL302715
CHEMBL506339,C=CCO[C@H]1[C@@H](OC)C[C@H](C)CC2=C(N3CCC3)C(=O)C=C(NC(=O)/C(C)=C/C=C\[C@H](OC)[C@@H](OC(N)=O)/C(C)=C/[C@@H]1C)C2=O,CHEMBL3137780
CHEMBL504915,C=C1[C@@H](OC(=O)/C=C/c2ccccc2)CC[C@@]2(C)[C@H]3OC(C)(C)O[C@@H]3C3=C(C)C(=O)C[C@@H]([C@@H](OC(=O)c4ccccc4)[C@H]12)C3(C)C,CHEMBL3137780
CHEMBL504922,CC(=O)O[C@@H]1[C@H](OC(C)=O)[C@@H](OC(C)=O)C=C2c3cc4c(c(OCc5ccc6ccccc6c5)c3C(=O)N[C@H]21)OCO4,CHEMBL3137793
CHEMBL4529597,N#C/C(=C(/O)c1cc(O)c(O)c([N+](=O)[O-])c1)c1cnccn1,CHEMBL105080
CHEMBL507719,Cc1noc(C(=O)C[C@H](N)Cc2cc(F)ccc2F)n1,CHEMBL105080
CHEMBL507722,Cc1ncc(-c2nc(Nc3ccc(C(=O)NC4CCN(C)CC4)cc3)ncc2F)n1C(C)C,CHEMBL140110
CHEMBL4529666,CC(=O)NC1CCN(C(=O)CSC(C)(C)C)CC1,CHEMBL67475
CHEMBL4529667,COC[C@H]1C[C@@](CC(C)C)(C(=O)O)N(C(=O)c2ccc(C(C)(C)C)c(OC)c2)[C@H]1C(N)=O,CHEMBL140616
CHEMBL508120,O=C(Nc1ccncn1)N1CCN(c2nc(-c3ccccc3)ns2)CC1,CHEMBL69114
CHEMBL497804,O[C@H]1CN[C@H](C#Cc2cc3ncnc(Nc4ccc(OCc5cccc(F)c5)c(Cl)c4)c3s2)C1,CHEMBL141624
CHEMBL497805,N#CC(c1nc2ccccc2s1)C(c1ccccc1Cl)C(P(=O)(O)O)P(=O)(O)O,CHEMBL140110
CHEMBL498414,CC(C)(CN)c1ccn2c(-c3ccnc(N)n3)c(-c3ccc(F)cc3)nc2c1,CHEMBL69114
CHEMBL498256,C=C(C(CC1OC1(C)C)OC(=O)/C(C)=C\C)[C@H]1C[C@H](Cl)[C@@](C)(O)[C@@H](O)[C@H]1OC(=O)/C(C)=C\C,CHEMBL141624
CHEMBL4529466,Cn1cccc1C(=O)NC(=O)CSc1ncccn1,CHEMBL67475
CHEMBL505531,[18F]c1cc(-c2cc(OC[C@@H]3CCN3)cnc2Cl)ccn1,CHEMBL105080
CHEMBL505643,COc1cc([C@@H]2c3cc4c(cc3[C@@H](N[C@@H](C)C(=O)OCCCn3cc(F)c(=O)[nH]c3=O)[C@H]3COC(=O)[C@H]23)OCO4)cc(OC)c1O,CHEMBL3137762
CHEMBL505768,C#Cc1ccc2c(c1)C(c1ccccc1)=NCc1c(C(=O)OCCCOC(=O)c3ncn4c3CN=C(c3ccccc3)c3cc(C#C)ccc3-4)ncn1-2,CHEMBL264879
CHEMBL505787,Cc1csc(-c2nc(N)nc3c2nnn3Cc2ccccc2F)n1,CHEMBL417975
CHEMBL506137,CNC[C@]1(O)Cc2ccccc2[C@@H]1Oc1ccc(F)cc1C,CHEMBL67475
CHEMBL506141,O=C1O[B-]2([NH2+][C@H]1Cc1ccc(O)c(O)c1)C1CCCC2CCC1,CHEMBL417975
CHEMBL4529580,Cc1cc(NC(=O)Cn2nnc(-c3ccc(C(F)(F)F)cc3)n2)n(C2CCCCC2)n1,CHEMBL140095
CHEMBL506620,C=C(C)[C@H]1CC[C@]23O[C@H]2[C@@H](C[C@@]2(C)CC(=O)[C@H](CC(=O)C1)O2)OC3=O,CHEMBL76607
CHEMBL496399,O=C1OC2(CCN(C(=O)Nc3ncc(-c4ccccc4)s3)CC2)c2ccccc21,CHEMBL140095
CHEMBL497188,CC(C)CN1CCC(c2ccn3c(-c4ccnc(N)n4)c(-c4ccc(F)cc4)nc3c2)CC1,CHEMBL140095
CHEMBL497263,CC[C@H](C)/C=C(C)/C=C/C1=CC2=C(Cl)C(=O)[C@@]3(C)OC(=O)C(C(C)=O)=C3C2=CO1,CHEMBL140095
CHEMBL501211,CS(=O)(=O)NCc1ccc2c(c1)S(=O)(=O)C=C(c1c(O)c3cc(F)ccc3n(Cc3ccc(F)cc3)c1=O)N2,CHEMBL3137793
CHEMBL497979,Cc1ccc2c(N3CCN(CCc4ccc5c(c4)NC(=O)CO5)CC3)ccc(F)c2n1,CHEMBL140095
CHEMBL497980,Cc1ccc2c(N3CCN(CCc4ccc5c(c4)NC(=O)CO5)CC3)ccc(Cl)c2n1,CHEMBL140110
CHEMBL501686,O=C(Nc1cc(C(F)(F)F)ccc1N1CCOCC1)Nc1ccc(Oc2ccnc3[nH]c(=O)[nH]c23)c2ccccc12,CHEMBL3138149
CHEMBL509186,Cn1cc2c3c1C(=O)C(N/C=C/c1ccc(O)cc1)=CC3=NCC2,CHEMBL417975
CHEMBL509191,CC1(C)SCN(C(=O)[C@@H](O)[C@H](Cc2ccccc2)NC(=O)COc2c(F)cccc2F)[C@@H]1C(=O)N[C@H]1c2ccccc2C[C@H]1O,CHEMBL3137811
CHEMBL498438,CCC[C@@H](OC(C)=O)C1=C(Br)[C@@](C)(OC)OC1=O,CHEMBL417975
CHEMBL500744,c1cc(-c2nc3cc(C4=NCCN4)ccc3[nH]2)ccc1CCc1ccc(-c2nc3cc(C4=NCCN4)ccc3[nH]2)cc1,CHEMBL3138149
CHEMBL460540,CN1CCN(C(=O)c2nc(-c3nnc(Cc4ccc(F)cc4)o3)c(O)c3ncccc23)CC1,CHEMBL304757
CHEMBL4529446,O=C(CSc1ncnn1-c1ccccc1)N1CCCC1,CHEMBL105080
CHEMBL4529447,O=C(O)CNC(=O)c1c(O)c2c(n(Cc3ccc(F)cc3F)c1=O)COC2,CHEMBL69114
CHEMBL522463,C[C@@H]1CN(CC2(c3cccnc3)CC2)CCN1S(=O)(=O)c1ccc(C(C)(O)C(F)(F)F)cc1,CHEMBL140110
CHEMBL498904,CNC[C@]1(O)Cc2ccccc2[C@@H]1Oc1c(C)cccc1F,CHEMBL67475
CHEMBL502229,CC/C=C\C/C=C\C/C=C\CCCC(C)=O,CHEMBL153094
CHEMBL504206,C=C(C)[C@@]12C[C@@H](C)[C@@]34OC(Cc5ccccc5)(O[C@@H]1[C@@H]3C=C(COC(=O)Cc1ccc(NS(C)(=O)=O)cc1)C[C@]1(O)C(=O)C(C)=C[C@@H]41)O2,CHEMBL3138174
CHEMBL504211,CCCCCC(=O)O[C@@H]1C[C@]2(C)C(=CC[C@H]2[C@@H]2C[C@@H]([C@@H]3OC3(C)C)O[C@@H]2OC(C)=O)[C@@]2(C)[C@H]1[C@@]1(C)C=CC(=O)C(C)(C)[C@@H]1C[C@H]2OC(C)=O,CHEMBL3138174
CHEMBL497839,O=C1OC2(CCN(C(=O)Nc3ccc(-c4ccccc4)nn3)CC2)c2ccccc21,CHEMBL140095
CHEMBL499589,N[C@@H](Cn1c(=O)c(-c2ccc(CSCC(=O)O)cc2)cn(Cc2c(F)cccc2C(F)(F)F)c1=O)c1ccccc1,CHEMBL63396
CHEMBL502042,O=C1N[C@@H]2C(=C[C@H](O)[C@@H](O)[C@H]2O)c2cc3c(c(OP(=O)(OCc4ccccc4)OCc4ccccc4)c21)OCO3,CHEMBL3137793
CHEMBL507763,COc1cc2nc(N3CCN(C)CC3)nc(NC3CCCCCC3)c2cc1OC,CHEMBL140095
CHEMBL507769,CN(C(=O)c1ccccc1)c1ccc2c(c1)[nH]/c(=N\C(=O)c1ccc(/C=C/c3ccccc3N)s1)n2CCC(N)=O,CHEMBL63396
CHEMBL500396,O=S(=O)(Cc1nnc(S)o1)C1=NNC[C@@H]1c1ccccc1,CHEMBL417975
CHEMBL500397,Cc1ccc([C@H]2CNN=C2S(=O)(=O)Cc2nnc(S)o2)cc1,CHEMBL13630
CHEMBL503080,O=C(Cc1csc2ccc(Cl)cc12)N1CCN(c2ccccc2)CC1CN1CCCC1,CHEMBL140110
CHEMBL503658,Cc1cccc2c1N(Cc1ccccc1F)C(=O)C2=O,CHEMBL67475
CHEMBL508598,Cc1oc(-c2ccccc2)nc1C(=O)N(CC(=O)O)Cc1ccncc1,CHEMBL417975
CHEMBL508648,COc1c2ccoc2c(OC[C@@H](O)C(C)(C)O)c2oc(=O)ccc12,CHEMBL417975
CHEMBL498298,CCCCCCCCCCOC(=O)C[C@H]1C[C@H](O)C[C@@]2(CCC3(C=CC(=O)C=C3)O2)O1,CHEMBL543319
CHEMBL498375,CS(=O)(=O)Nc1ccc2c(c1)S(=O)(=O)N=C(C1=C(O)C3CCCN3N(Cc3ccc(F)cc3)C1=O)N2,CHEMBL158693
CHEMBL498376,CC(C)(C)CCN1C(=O)C(C2=NS(=O)(=O)c3cc(NS(C)(=O)=O)ccc3N2)=C(O)C2CCCN21,CHEMBL141624
CHEMBL3350879,COc1cc2c(c(OC)c1OC)-c1cc3c(cc1[C@H](OC(C)=O)[C@@H]1COC(=O)[C@H]1C2)OCO3,CHEMBL142132
CHEMBL505052,C=C1C(=O)C[C@H](OC(C)=O)[C@@]2(C)[C@@H](OC(C)=O)[C@H](OC(=O)c3ccccc3)C3=C(C)[C@H]4C[C@]3([C@@H](OC(C)=O)[C@H]12)C(C)(C)O4,CHEMBL3137780
CHEMBL505053,COc1cc(O)c2c(=O)cc(-c3ccc(OC)c(-c4c(OC)cc5c(c4O)C(=O)C[C@H](c4ccc(O)cc4)O5)c3)oc2c1,CHEMBL3138173
CHEMBL4529628,CCC(CC)O[C@@H]1C=C(B(O)O)C[C@H](N)[C@H]1NC(C)=O,CHEMBL67475
CHEMBL4529650,Cc1cnc(CNC(=O)c2cn3ccsc3n2)cn1,CHEMBL67475
CHEMBL4529651,CCOC(=O)C1=C(C)NC(C)=C(C(=O)OCC)C1c1c(-c2c(F)cccc2F)nc2sccn12,CHEMBL141624
CHEMBL498543,O=C1NC(NCC2CCCCC2)=N/C1=C\c1c[nH]c2ncccc12,CHEMBL417975
CHEMBL502005,O=C(Nc1nc2ccccc2n2c(=O)n(-c3ccccc3)nc12)c1ccncc1,CHEMBL69114
CHEMBL509153,CCCN1CCCCC1c1nc2c(C(N)=O)cccc2[nH]1,CHEMBL67475
CHEMBL509154,C=C(C)[C@@]12C[C@@H](C)[C@@]34OC(Cc5ccccc5)(O[C@@H]1[C@@H]3C=C(COC(=O)Cc1ccc(NS(C)(=O)=O)c(F)c1)C[C@]1(O)C(=O)C(C)=C[C@@H]41)O2,CHEMBL264879
CHEMBL498709,O=c1c(/C=C(/c2ccc([N+](=O)[O-])cc2)c2nnn[nH]2)coc2c(Cl)cc(Cl)cc12,CHEMBL140095
CHEMBL506434,CN1CCN(c2nccc3nc(-c4ccc(CN5CCC(c6nnc(-c7ccccn7)[nH]6)CC5)cc4)c(-c4ccccc4)cc23)CC1,CHEMBL3137780
CHEMBL499029,O=C(/C=C/c1ccc(Sc2cccc(O[C@H]3CC[C@H](C(=O)O)CC3)c2)c(C(F)(F)F)c1C(F)(F)F)N1CCOCC1,CHEMBL63396
CHEMBL4529475,CC(C)c1nnc2c(SCC(=O)Nc3ccc(Br)cc3)nc3ccccc3n12,CHEMBL142132
CHEMBL4529476,C[C@H](Nc1ncc(F)c(N2C(=O)OC[C@@H]2[C@H](C)F)n1)c1ncn2c1CCc1cc(C(F)(F)F)ccc1-2,CHEMBL141624
CHEMBL499180,CS(=O)(=O)Cc1cccc2c1CCC2c1ncc[nH]1,CHEMBL67475
CHEMBL507775,NC(=O)C1=C(N)C2=C(c3ccccc3)C(c3ccccc3)=NNC2[Se]1,CHEMBL69149
CHEMBL507982,COC1=CC(=O)C(O)(CC(C)=O)c2ccc3cc(O)ccc3c21,CHEMBL105080
CHEMBL508023,CC1(C)SCN(C(=O)[C@@H](O)[C@H](Cc2ccccc2)NC(=O)COc2cccc([N+](=O)[O-])c2)[C@@H]1C(=O)N[C@H]1c2ccccc2C[C@H]1O,CHEMBL3137762
CHEMBL508480,O=c1cc(CN2CCCCC2)n(CCN2CCCCC2)cc1O,CHEMBL417975
CHEMBL1242345,Cc1ccc2c(N3CCN(CCc4cccc5c4OCc4c(C(=O)NCC6CC6)ncn4-5)CC3)cccc2n1,CHEMBL141624
CHEMBL498400,O=c1c(-c2ccc(O)cc2)coc2cc(OCCn3cnc4ccccc43)cc(O)c12,CHEMBL140095
CHEMBL501199,COc1cc2c(Nc3nc4ccccc4s3)c(C#N)cnc2cc1OCCN1CCCCC1,CHEMBL140616
CHEMBL508196,COC(=O)c1cccc(Sc2nc(N)c(C#N)c(-c3ccc(Cl)cc3)c2C#N)c1,CHEMBL140095
CHEMBL508992,COc1cc2c(cc1OC)[C@@H]1C(=O)c3c(O)cc4c(c3O[C@@H]1CO2)C=CC(C)(C)O4,CHEMBL140095
CHEMBL1242566,Nc1ncnc2c1c(-c1ccc(F)c(O)c1)nn2C1CCC1,CHEMBL105080
CHEMBL497883,N#Cc1cnc2c(Br)cc(NCc3cn(CCC4CCCN4)nn3)cc2c1Nc1ccc(F)c(Cl)c1,CHEMBL3138149
CHEMBL506744,Fc1ccc(-c2cncnc2)c(C2Cc3nccn3C2)c1,CHEMBL67475
CHEMBL506864,Fc1cc(F)c(-c2c(Cl)nc(-c3cccnc3)nc2NCC(F)(F)F)c(F)c1,CHEMBL140095
CHEMBL507179,Cn1cnc(S(=O)(=O)N(CC2CCN(C(=O)OC(C)(C)C)CC2)[C@H]2CC[C@@H](N(Cc3cncn3C)c3ccc(C#N)cc3)CC2)c1,CHEMBL3138174
CHEMBL507182,Fc1cc(F)cc(C2Cc3[nH]nc(-c4nnn[nH]4)c3C2)c1,CHEMBL105080
CHEMBL507183,CC1(C)N(O)C(c2ccc(OCCNC(=O)C[C@H](N)C(=O)O)cc2)=[N+]([O-])C1(C)C,CHEMBL148167
CHEMBL507738,C[C@@H]1C(=O)NCCCN1C(=O)C[C@H](N)CN1CCCCC1=O,CHEMBL105080
CHEMBL507739,CC1(C)[C@H]2[C@H]3C(=O)N[C@H](C(=O)C(N)=O)CCCCCCCCC[C@H](NC(=O)N[C@H](C(=O)C4CC4)C4CCCCC4)C(=O)N3C[C@H]21,CHEMBL3138144
CHEMBL507740,CN1C(=O)[C@H](O)[C@@H](c2ccccc2)[C@@H]1[C@@H](O)c1ccccc1,CHEMBL67475
CHEMBL509331,C=C(C)[C@@]12C[C@@H](C)[C@@]34OC(Cc5ccccc5)(O[C@@H]1[C@@H]3C=C(COC(=O)Cc1cccc(F)c1F)C[C@]1(O)C(=O)C(C)=C[C@@H]41)O2,CHEMBL3137780
CHEMBL502945,O=C(Cn1c2ccccc2n2ncnc12)c1cccs1,CHEMBL105080
CHEMBL502957,CN(C)C(=O)N(Cc1ccc(O)cc1)Cc1ccco1,CHEMBL67475
CHEMBL508766,N#Cc1c(N)nc(Sc2cccc(O)c2)c(C#N)c1-c1ccc2c(c1)OCCO2,CHEMBL140095
CHEMBL1205773,CO[C@@]1(NC(=O)Cc2ccccc2)C(=O)N2C(C(=O)O)=C(COC(N)=O)COC21,CHEMBL24473
CHEMBL504640,CC[C@@]1(O)C(=O)OCc2c1cc1n(c2=O)[C@@H](N=[N+]=[N-])c2cc3ccccc3nc2-1,CHEMBL76607
CHEMBL504891,CN1C(=O)[C@@H](O)[C@H](c2ccccc2)[C@H]1[C@@H](O)c1ccccc1,CHEMBL67475
CHEMBL496476,O=C(c1ccc2c(c1)c(=O)c(C(=O)O)cn2CCCO)c1ccc(Cl)cc1Cl,CHEMBL24473
CHEMBL497489,CCn1cc(C(=O)O)c(=O)c2c1C(=O)C=C(Nc1cccc(Cl)c1F)C2=O,CHEMBL69114
CHEMBL497490,CCn1cc(C(=O)O)c(=O)c2c1C(=O)C=C(Nc1ccc(F)c(Cl)c1)C2=O,CHEMBL69114
CHEMBL497491,CC(C)(C)CCn1c(=O)c(C2=CS(=O)(=O)c3cc(NS(C)(=O)=O)ccc3N2)c(O)c2cccn21,CHEMBL141624
CHEMBL496094,O=C(c1ccc(C(=O)C(F)(F)F)s1)N1CCn2c(-c3ccccc3)cnc2C1,CHEMBL140095
CHEMBL497266,CC(C)(N)c1ccc(N2CCN(c3nnc(Cc4ccccc4)c4ccccc34)CC2)nc1,CHEMBL142132
CHEMBL495721,COc1c(O)cc2oc(-c3ccccc3O)cc(=O)c2c1O,CHEMBL105080
CHEMBL495795,Cc1cc(COc2ccc(S(=O)(=O)C3(C(=O)NO)CCN(C)CC3)cc2)c2ccccc2n1,CHEMBL142132
CHEMBL499637,O=C1NC(NC2CCCCC2)=N/C1=C\c1c[nH]c2ncccc12,CHEMBL105080
CHEMBL4529436,COc1ccc2[nH]c(C)c(CC(=O)N3CCN(CCCC(N)=O)CC3c3ncc(-c4ccc5ccccc5c4)[nH]3)c2c1,CHEMBL63396
CHEMBL4529437,O=C(c1ccc2[nH]c3c(c2c1)CCCC3)N1CCN(Cc2nc(-c3cccs3)no2)CC1,CHEMBL142132
CHEMBL1242476,CC(C)n1nc(-c2ccc3c(N)n[nH]c3c2)c2c(N)ncnc21,CHEMBL105080
CHEMBL503239,O=C(c1cc(Cc2n[nH]c(=O)c3ccccc23)ccc1F)N1CCN(CC2CC2)CC1,CHEMBL140095
CHEMBL4529450,CCc1nnc(CNC(=O)c2cnn(CC)c2C)s1,CHEMBL105080
CHEMBL501692,COC(=O)C[C@@H]1[C@]2(C)C3=C(C)[C@H](c4ccoc4)C[C@H]3O[C@@H]2[C@H](OC(C)=O)[C@H]2[C@](C)(C=O)[C@H](O)C[C@H](OC(=O)/C=C/c3ccccc3)[C@]12C,CHEMBL3137811
CHEMBL501698,CC(=O)OC[C@]1(O)CC[C@@H]2[C@@]3(C)CCCC(C)(C)[C@@H]3CC[C@@]2(C)[C@H]1CC(O)C1=CC(=O)OC1OC(=O)/C=C/c1ccccc1,CHEMBL3137780
CHEMBL503810,Nc1ccc(-c2nnc(C3CCN(Cc4ccc(-c5nc6nc(N7CCN(CCO)CC7)ncc6cc5-c5ccccc5)cc4)CC3)[nH]2)cn1,CHEMBL3137811
CHEMBL498275,Cc1ccc(CNC2=N/C(=C\c3c[nH]c4ncccc34)C(=O)N2)cc1,CHEMBL417975
CHEMBL500183,CCn1c2cc(Cl)c(F)cc2c(=O)c2c(=O)on(CCO)c21,CHEMBL417975
CHEMBL4529526,O=C(O)Cc1cn2nc(-c3ccc(Cl)cc3)ccc2n1,CHEMBL67475
CHEMBL498592,O=C(NO)c1cc2c(Oc3ccc(I)cc3)cncc2s1,CHEMBL140095
CHEMBL500720,C=C1[C@@H]2[C@H](OC(C)=O)OC=C([C@H](OC(C)=O)[C@@H](C=C(C)C)OC(C)=O)[C@H]2CC[C@]2(C)O[C@H]2[C@@H](OC(=O)c2ccccc2)[C@H]1O,CHEMBL3137780
CHEMBL4529552,FC(F)(F)c1ccc(-c2noc(C3CCNCC3)n2)cc1,CHEMBL105080
CHEMBL4529554,CC(C)Cn1nccc1NC(=O)CN1CCOC(Cn2cccn2)C1,CHEMBL1340
CHEMBL4529556,CCCCn1c(=O)c2sccc2n2c(=O)n(CC(=O)c3ccc(C)cc3C)nc12,CHEMBL24473
CHEMBL503337,COc1ccc(/C=c2\sc3nc4nc5c(c(-c6ccc(Cl)cc6)c4c(=O)n3c2=O)CCC/C5=C/c2ccc(Cl)cc2)cc1,CHEMBL3138424
CHEMBL503348,COC(=O)COc1cc(O)c2c(=O)c(O)c(-c3ccc(O)c(O)c3)oc2c1,CHEMBL79939
CHEMBL504390,Cc1ccc(C(NC(=O)c2ccc(-c3cc(-c4cccnc4)nn3-c3ccc(Cl)c(Cl)c3)s2)C(O)C(N)=O)cc1,CHEMBL3138144
CHEMBL497917,Nc1cc2c(Nc3ccc(F)c(Cl)c3)ncnc2cn1,CHEMBL105080
CHEMBL497919,C[C@H](Nc1ncnc2cnc(N(C)C)cc12)c1ccccc1,CHEMBL105080
CHEMBL500003,O=C(Nc1c(F)cccc1F)c1cccc(-c2nc3ccccn3c2-c2ccnc(Nc3ccc(CCN4CCOCC4)cc3)n2)c1,CHEMBL3137811
CHEMBL500008,N#C[C@@H]1C[C@H](F)CN1C(=O)CNCCNc1ccc(Cl)cn1,CHEMBL417975
CHEMBL507889,Cc1cccc(CNC2(CCC(C)(C)C)C(=O)C(C3=NS(=O)(=O)c4cc(NS(C)(=O)=O)ccc4N3)=C(O)c3ccccc32)n1,CHEMBL3137811
CHEMBL500523,O=C(c1ccco1)N1CCC(OCCN2CCC3(CC2)C(=O)NCN3c2ccccc2)(c2ccc(Cl)c(Cl)c2)CC1,CHEMBL3138173
CHEMBL503752,C[C@@H]1CN(CCN2C(=O)c3cccc4cc([N+](=O)[O-])cc(c34)C2=O)C[C@H](C)N1CCN1C(=O)c2cccc3cc([N+](=O)[O-])cc(c23)C1=O,CHEMBL3138174
CHEMBL503755,O=S(=O)(CO)Nc1cc2c(Nc3cccc(Br)c3)ncnc2cn1,CHEMBL304757
CHEMBL498378,CCC[C@H]1OC(=O)[C@@H](S(=O)(=O)c2ccccc2)[C@@H]1CCO,CHEMBL67475
CHEMBL498455,CC1=C(C)[C@H]2[C@H](Cc3ccccc3)NC(=O)[C@]23OC(=O)/C=C/[C@@](C)(O)C[C@@H](C)C/C=C/[C@H]3[C@@H]1O,CHEMBL142132
CHEMBL500938,CCCNC(=O)O[C@]1(C(=O)CO)[C@@H](C)C[C@H]2[C@@H]3CCC4=CC(=O)C=C[C@]4(C)[C@@]3(F)[C@@H](O)C[C@@]21C,CHEMBL142132
CHEMBL500940,CN(C)C(=O)c1cc(Cn2c(=O)cc(Nc3ccc4c(c3)CCC4)[nH]c2=O)on1,CHEMBL79939
CHEMBL508515,CN(C)CCCn1c2ccc(O)cc2c2c3c(c(-c4ccccc4)cc21)C(=O)NC3=O,CHEMBL140095
CHEMBL4529511,O=C1N(CC2CC2)CCCC1(O)CN1CCSCC1,CHEMBL105080
CHEMBL502107,COc1cc(C2CC(=O)c3ccccc3O2)ccc1O,CHEMBL67475
CHEMBL1242436,Cc1ccc2c(N3CCN(CCc4cccc5c4OCc4c(C(=O)N6CCC6)ncn4-5)CC3)cccc2n1,CHEMBL141624
CHEMBL509211,CC(=O)O[C@H]1C[C@H]2OC[C@@]2(OC(C)=O)[C@H]2[C@H](OC(=O)c3ccccc3)[C@]3(C(C)(C)O)C[C@H](O)C(C)=C3[C@@H](O)[C@H](O)[C@]12C,CHEMBL3137793
CHEMBL506895,CNc1nc2sc(NCCO)nc2c2c1ncn2C,CHEMBL105080
CHEMBL506897,Cn1cnc(S(=O)(=O)N(CC2CCN(C(=O)OC(C)(C)C)CC2)[C@H]2CC[C@H](N(Cc3cncn3C)c3ccc(C#N)cc3)CC2)c1,CHEMBL3138174
CHEMBL498785,C[C@H]1OC(=O)[C@@H]2C[C@@H]3C[C@H](N)CC[C@H]3[C@H](/C=C/c3ccc(-c4cccc(F)c4)cn3)[C@H]12,CHEMBL140095
CHEMBL502745,COc1ccc([C@@H]2CC3=CC[C@]4(C)[C@H]5C=C[C@]67C[C@]6(CC[C@H]7[C@@H]6C[C@H](/C=C(\C)CO)OC6=O)[C@]5(C)[C@H](O)C[C@H]4[C@@]3(C)CO2)cc1,CHEMBL3138144
CHEMBL502840,O=C(O)/C=C/C(=O)O.c1ncc(N2C[C@H]3CNC[C@H]3C2)cc1N1CCOCC1,CHEMBL79939
CHEMBL4529583,Cc1ccc(N2CCN(CCCn3nnnc3C(c3ccccc3)c3ccccc3)CC2)cc1,CHEMBL140616
CHEMBL497791,COc1ccccc1-c1ccc(Oc2cncc3sc(-c4nn[nH]n4)cc23)cc1,CHEMBL140095
CHEMBL499181,O=C1CSC(c2c(F)cccc2F)N1C1CCC1[N+](=O)[O-],CHEMBL417975
CHEMBL499356,CN(c1ccc2c(c1)S(=O)(=O)C=C(c1c(O)c3cc(F)ccc3n(Cc3ccc(F)cc3)c1=O)N2)S(C)(=O)=O,CHEMBL3137793
CHEMBL507832,CC(C)(CO[N+](=O)[O-])C(=O)N1CCN(c2ccc(OC[C@H]3CO[C@](Cn4ccnc4)(c4ccc(Cl)cc4Cl)O3)cc2)CC1,CHEMBL3138174
CHEMBL508558,Nc1nc(-c2nccs2)c2nnn(Cc3ccccc3F)c2n1,CHEMBL417975
CHEMBL508561,C=CCCn1c(Br)nc2c(N)ncnc21,CHEMBL67475
CHEMBL508566,Nc1c2c(=O)cc(-c3ccccc3)[nH]c2nn1-c1ccccc1,CHEMBL67475
CHEMBL497723,COc1cc(OC)c2c(O)c3c(cc2c1)O[C@@H](C)CC3=O,CHEMBL105080
CHEMBL498479,O=C1Nc2ccccc2/C1=N/Nc1ccccc1C(=O)O,CHEMBL105080
CHEMBL508248,COc1cccc2c1[C@@H]1CO[C@@H]3[C@@H]4C[C@@H](C(=O)O)[C@H]([C@H](C2)N31)N4C,CHEMBL13630
CHEMBL509025,Cc1nc(N2CCCCC2)c([N+](=O)[O-])n1CC(=O)c1ccccc1,CHEMBL417975
CHEMBL4529671,CCN(CC1CCOC1)S(=O)(=O)c1cnn(C)c1,CHEMBL67475
CHEMBL1242569,C=CCn1nc(-c2ccc(OCC)c(OC)c2)c2c(N)ncnc21,CHEMBL417975
CHEMBL497968,COc1ccc2c(OCc3nnc4ccc(-c5ccc(F)cc5)nn34)ccnc2c1,CHEMBL140095
CHEMBL508729,N#Cc1c(N)nc(Sc2ccccc2O)c(C#N)c1-c1ccc2c(c1)OCCO2,CHEMBL140095
CHEMBL504648,CC1=CC(=O)[C@@H](O)[C@]2(C)[C@H]3[C@]4(O)OC[C@]35[C@H]([C@@H](C)[C@H]4O)[C@@H](OC(=O)C=C(C(C)C)C(C)C)C(=O)O[C@@H]5C[C@@H]12,CHEMBL158693
CHEMBL504653,CCC[C@@H](O)C1=C(Br)/C(=C/Cl)OC1=O,CHEMBL67475
CHEMBL504771,C/C=C(/C)C(=O)O[C@@]12C[C@@H](C)[C@@]3(O)[C@@H](C=C(COC(C)=O)C[C@]4(O)C(=O)C(C)=C[C@@H]34)[C@@H]1[C@@]2(C)COC(=O)C(C)C,CHEMBL158693
CHEMBL4529455,NC(=O)c1c(NC(=O)c2cccc([N+](=O)[O-])c2)sc2c1CCN(C(=S)Nc1ccccc1Cl)C2,CHEMBL141624
CHEMBL504991,O=C1C(=O)N(Cc2c(F)cccc2F)c2ccccc21,CHEMBL67475
CHEMBL505001,C[C@@H](S[C@H]1CO[C@H](/C=C/C=C/c2ccc(C#N)cc2F)OC1)[C@@](Cn1cncn1)(OP(=O)([O-])O)c1ccc(F)cc1F.[Na+],CHEMBL3137762
CHEMBL509054,C[C@H]1C2Cc3ccc(O)c([N+](=O)[O-])c3[C@@]1(C)CCN2CC1CC1,CHEMBL417975
CHEMBL509055,O[C@@H]1[C@H](O)CS[C@H]1n1cnc2c(NCc3cccc(F)c3)ncnc21,CHEMBL79939
CHEMBL509066,NCCNc1cc2c(NC3CCCCC3)ncnc2cn1,CHEMBL105080
CHEMBL509182,C[C@@H](NC(=O)O[C@]1(C(=O)CO)[C@@H](C)C[C@H]2[C@@H]3CCC4=CC(=O)C=C[C@]4(C)[C@@]3(F)[C@@H](O)C[C@@]21C)c1ccccc1,CHEMBL3138149
CHEMBL509184,COc1c(OC)c2oc(=O)c3cc(O)c(OC)c4oc(=O)c(c1O)c2c43,CHEMBL79939
CHEMBL501060,OC[C@@H]1[C@@H](O)[C@@H](O)CN1Cc1nccc2ccccc12,CHEMBL67475
CHEMBL501200,O=C(c1nc(SCc2ccc(Cl)cc2)n2ccccc12)N1CCN(c2cc(Nc3cccc(Br)c3)ncn2)CC1,CHEMBL3137780
CHEMBL1242368,O=[N+]([O-])c1cnc(Nc2ccncc2)nc1NC1CCCC1,CHEMBL105080
CHEMBL502924,CCOc1cccc(-n2cc(C(=O)N3CCN(c4cnc5ccccc5c4)C[C@@H]3COC(C)=O)nc2-c2ccc(C)cc2)c1,CHEMBL3138424
CHEMBL502934,CC1(C)Oc2ccc3ccc(=O)oc3c2[C@@H](OC(=O)[C@@]23CC[C@](C)(C(=O)O2)C3(C)C)[C@H]1OC(=O)[C@@]12CC[C@](C)(C(=O)O1)C2(C)C,CHEMBL3137780
CHEMBL496477,Cn1cc(-c2ccc3c(c2)C(=O)NC3)c(-c2ccncc2)n1,CHEMBL67475
CHEMBL496478,Cn1cc(-c2ccc3c(c2)CC/C3=N\O)c(-c2cnco2)n1,CHEMBL105080
CHEMBL496479,Cn1cc(-c2ccc3c(c2)CC/C3=N\O)c(-c2ccnc(N)c2)n1,CHEMBL417975
CHEMBL494947,Clc1cccc(COc2cncc(N3CCNCC3)n2)c1,CHEMBL105080
CHEMBL494948,C[C@H](Cc1cccc(F)c1)Oc1nc(N2CCNC[C@H]2C)ncc1F,CHEMBL417975
CHEMBL497506,O=C(c1ccc2c(c1)c(=O)c(C(=O)O)cn2CCO)c1ccc(Cl)cc1Cl,CHEMBL140095
CHEMBL499641,COc1ccc2c(c1OC)C[N+]1(C)CCc3cc4c(cc3C1C2)OCO4.[Cl-],CHEMBL76607
CHEMBL498116,CCCCCC(=O)O[C@H]1C[C@@H](C(=O)OC)[C@]2(C)CC[C@H]3C(=O)O[C@H](c4ccoc4)C[C@]3(C)[C@H]2C1=O,CHEMBL141624
CHEMBL501762,COc1ccc(C[C@H]2c3cc(OC)c(OC)c(OC)c3CC[N+]2(C)C)cc1Oc1ccc(C[C@H]2c3cc(OC)c4c(c3CCN2C)OCO4)cc1.[Cl-],CHEMBL264879
CHEMBL501778,Oc1ccc(C[C@H]2NCCc3cc(O)c(O)cc32)cc1,CHEMBL67475
CHEMBL503987,Fc1ccc2c(c1)nc(N1CCN(Cc3nnc[nH]3)CC1)c1cccn12,CHEMBL417975
CHEMBL500379,CC(=O)Nc1nc2c(Oc3cc(-c4ccc(C(F)(F)F)cc4NC(=O)[C@]4(C)CCCN4)ncn3)cccc2s1,CHEMBL3137793
CHEMBL500380,CC(=O)Nc1nc2c(Oc3cc(-c4ccc(C(F)(F)F)cc4NC(=O)C4CCC(C)(C)N4)ncn3)cccc2s1,CHEMBL3138149
CHEMBL500381,CCC(=O)O[C@H]1CN[C@H](C#Cc2cc3ncnc(Nc4ccc(OCc5cccc(F)c5)c(Cl)c4)c3s2)C1,CHEMBL3138149
CHEMBL502468,CC(=O)OC[C@@]1(C)[C@@H]2CC[C@]3(C)[C@H](CC=C4[C@@H]5CC(C)(C)CC[C@]5(C(=O)O)[C@@H](OC(C)=O)C[C@]43C)[C@@]2(C)CC[C@@H]1OC(C)=O,CHEMBL3137780
CHEMBL509350,Fc1ccc(-c2ccn[nH]2)c(C2Cc3nccn3C2)c1,CHEMBL67475
CHEMBL4529629,COc1ccn2nc(C)c(C(=O)NCc3ccc(-c4ccc(OC(F)(F)F)cc4)nc3)c2c1,CHEMBL142132
CHEMBL505132,CC(=O)O[C@H]1C[C@@]2(C)[C@@H](CC[C@H]3[C@@]4(C)C=CC(=O)[C@@H](C)[C@@H]4[C@H](OC(C)=O)C(=O)[C@@]32C)/C1=C(\CCC=C(C)C)C(=O)O,CHEMBL3137793
CHEMBL498594,NC(=O)c1ccc2[nH]c(N3CCC4(CC3)OC(=O)c3ccccc34)nc2c1,CHEMBL417975
CHEMBL500916,CN1CCc2nc(C(=O)N[C@@H]3C[C@H](C(=O)N(C)C)CC[C@@H]3NC(=O)c3cc4cc(Cl)ccc4[nH]3)sc2C1,CHEMBL3138149
CHEMBL500918,CCOC(=O)c1s/c(=N/c2ccc3oc(=O)ccc3c2)n(CC)c1C,CHEMBL69114
CHEMBL503421,C[C@@H](O/N=C1\[C@H]2CCn3c(=O)n(-c4ccccc4)c(=O)n3C2[C@H](O)[C@@H]2O[C@H]12)c1cn([C@H](CO)Cc2ccccc2)nn1,CHEMBL3137793
CHEMBL503425,O=c1[nH]c(=O)n([C@@H]2O[C@H](CO)[C@@H](O)[C@H]2F)cc1/C=C/[123I],CHEMBL69114
CHEMBL1242337,O=C(Cn1ncc2cc([N+](=O)[O-])ccc21)NN1C(=O)CSC1c1cccc([N+](=O)[O-])c1,CHEMBL304757
CHEMBL501833,O=C1CS/C(=N\c2ccccc2)N1CCCN1CCOCC1,CHEMBL105080
CHEMBL506654,CC1CC2(C)CC(=O)C1C1C(=O)N(CCCCN3CCN(c4ccccc4)CC3)C(=O)C12,CHEMBL142132
CHEMBL506656,CC(=O)OC[C@H]1O[C@@H](n2c(SCc3cc4cc(Br)ccc4oc3=O)nc3ccccc32)C[C@@H](OC(C)=O)[C@@H]1OC(C)=O,CHEMBL3138174
CHEMBL497998,CS(=O)(=O)c1ccc(N2CCCCC2)c(C(=O)N2CCN(c3ccc(C#N)cc3F)CC2)c1,CHEMBL142132
CHEMBL498000,CC1(C)Cc2nc(N3CCOc4ccc(-c5cnn(CCN)c5)cc43)sc2C(=O)N1,CHEMBL304757
CHEMBL500112,O=C(NO)[C@H]1C[C@]1(Cc1ccc(OCc2cc(-c3ccccc3)nc3ccccc23)cc1)C(=O)N1CC[C@H](O)C1,CHEMBL3138149
CHEMBL4529561,COc1cc(OC)c(-c2cn3ccc(NC(=O)CNC(=O)OC(C)(C)C)cc3n2)cc1Cl,CHEMBL142132
CHEMBL498145,COc1ccc(Oc2ccc3c(c2)C[C@@H](NC[C@H](O)c2cccc(Cl)c2)CC3)cc1C(=O)O,CHEMBL140616
CHEMBL498214,CN1CCN(C(=O)c2ccc3[nH]c(-c4c(N)c5ccccc5[nH]c4=O)nc3c2)CC1,CHEMBL138253
CHEMBL500657,COc1ccccc1N1CCN(CCCN2C(=O)C3C(c4ccccc4N3C)N(C)C2=O)CC1,CHEMBL142132
CHEMBL500658,COc1ccccc1N1CCN(C(C)CCN2C(=O)C3C(c4ccccc4N3C)N(C)C2=O)CC1,CHEMBL142132
CHEMBL508550,COc1cc(CCN2C=CC=C3C2=Nc2ccccc2OS3(=O)=O)cc(OC)c1OC,CHEMBL142132
CHEMBL508552,COc1ccc2[nH]c(CN3c4ccccc4CC3C)c(CCNC(C)=O)c2c1,CHEMBL24473
CHEMBL505432,CCOc1cccc(-n2cc(C(=O)N3CCN(c4cnc5ccccc5c4)C[C@H]3C(=O)NC(C)C)nc2-c2ccc(C)cc2)c1,CHEMBL3138173
CHEMBL498702,COc1ccc(Br)cc1[C@@H](O)[C@H]1Sc2ccc(C(F)(F)F)cc2NC1=O,CHEMBL140095
CHEMBL502340,C#Cc1ccc(/C=C2\SC(=S)N(CC(=O)O)C2=O)cc1,CHEMBL105080
CHEMBL509263,C=C/C(C)=C/C[C@]1(C)[C@H](C)C[C@H](OC(=O)c2ccc(O)cc2)[C@@]23C(=C[C@H](OC(C)=O)C[C@@H]12)[C@@H](OC(C)=O)O[C@H]3OC(C)=O,CHEMBL3137780
CHEMBL4529632,CCC1(C#N)CCN(C(=O)c2cnn(-c3nc4ccsc4c(=O)[nH]3)c2C)CC1,CHEMBL69114
CHEMBL499019,C=C1C[C@@]23C[C@@H]1CC[C@H]2[C@]1(C)CC[C@@H](OC(=O)c2ccc(OC)cc2)[C@](C)(COC(C)=O)[C@@H]1C[C@@H]3OC(=O)c1ccc(OC)cc1,CHEMBL3137780
CHEMBL502132,CCC(C)[C@H]1C(=O)Nc2ccc(NCCCN(C)C)cc2-c2nc3cc(C(=O)NCc4cccc(C(F)(F)F)c4)ccc3n21,CHEMBL63396
CHEMBL503093,COc1cc2nc3c(/C=C\c4cc(OC)c(OC)c(OC)c4)ccc(OC)c3nc2cc1OC,CHEMBL140616
CHEMBL506695,C[C@@]12CC[C@@H]3O[C@H](CO)[C@@H](O)C[C@H]3O[C@H]1C[C@H]1O[C@@H](COCc3ccccc3)[C@H](OCc3ccccc3)C[C@@H]1O2,CHEMBL158693
CHEMBL506792,COc1cc2c(c(OC)c1OC)-c1c(cc3c(c1OC)OCO3)[C@H](O)[C@H](C)[C@H](C)C2,CHEMBL140095
CHEMBL497866,Cn1cc(-c2ccc(/C(N)=N\O)cc2)c(-c2ccncc2)n1,CHEMBL105080
CHEMBL497868,C[C@H](CS)C(=O)N1C(c2ccccc2)SC[C@H]1C(=O)O,CHEMBL105080
CHEMBL4529481,COc1ccccc1N1CCN(C(=O)CSc2nc3ccccc3n3c(C(C)C)nnc23)CC1,CHEMBL142132
CHEMBL4529485,CO[C@]12CC[C@@]3(C)[C@@](O)(CC[C@H]4Cc5c([nH]c6ccccc56)[C@@]43C)C1=CC(=O)[C@@H](C(C)(C)O)O2,CHEMBL142132
CHEMBL499609,CC1=CCC[C@H]2[C@](C)(CC3=C(O)C(=O)C=C(NCCC[S+](C)[O-])C3=O)[C@@H](C)CC[C@]12C,CHEMBL140616
CHEMBL506349,CC(C)[C@@](O)(C(=O)OC[C@H]1CCN2CC[C@@H](O)[C@@H]12)[C@H](C)O,CHEMBL105080
CHEMBL507912,C=C(CC[C@@H](C)[C@H]1CC=C2C3=C([C@@H](O)[C@H](OC(C)=O)[C@@]21C)[C@@]1(C)C[C@@H](O)[C@H](OC(=O)c2ccccc2)C(C)(C)[C@@H]1CC3)C(C)C,CHEMBL3138144
CHEMBL507914,COC(=O)[C@@]12OC[C@]34[C@H](CC(=O)[C@H](OC(=O)/C=C(\C)C(C)(C)O)[C@@H]13)C[C@@H](C(C)=O)[C@](C)(CC(=O)O)[C@H]4[C@@H](O)[C@@H]2O,CHEMBL158693
CHEMBL507921,COc1ccc2c(c1)[C@]1(CC[C@@H](C(=O)N(C)CCN3CCCCC3)CC1)OC2=O,CHEMBL140095
CHEMBL504576,CC(C)(CC(=O)OCCS(=O)(=O)O)N(Cl)Cl,CHEMBL67475
CHEMBL4529530,CNC(=O)Nc1ccc(-c2ncc3c(n2)N2CCOCC2CC(=O)N3)cc1,CHEMBL79939
CHEMBL508289,C[C@H]1[C@@H](OCCO[C@H]2O[C@@H]3O[C@@]4(C)CC[C@H]5[C@H](C)CC[C@@H]([C@H]2C)[C@@]35OO4)O[C@@H]2O[C@@]3(C)CC[C@H]4[C@H](C)CC[C@@H]1[C@@]24OO3,CHEMBL3137780
CHEMBL509115,COC(=O)C(NC(=O)[C@]12CC[C@@H](C)[C@H](C)[C@H]1C1=CC[C@@H]3[C@@]4(C)CC[C@H](OC(C)=O)C(C)(C)[C@@H]4CC[C@@]3(C)[C@]1(C)CC2)C(C)O,CHEMBL3138144
CHEMBL498032,CC(=O)N1CCC(C(=O)NO)(S(=O)(=O)c2ccc(OCc3cc(C)nc4ccccc34)cc2)CC1,CHEMBL141624
CHEMBL509126,O=C(O)Cc1cs/c(=N/C(=O)CNc2ccccc2)n1O,CHEMBL105080
CHEMBL509129,C=C[C@@]1(C)C[C@@H](OC(=O)c2ccccc2)[C@H]2[C@](O)(C1=O)[C@H](OC(C)=O)C[C@H]1C(C)(C)[C@H](OC(C)=O)[C@H](O)[C@H](OC(=O)c3ccccc3)[C@@]12C,CHEMBL3138174
CHEMBL509235,C/C=C(\C)C(=O)C(C)C(O)C(C)C(=O)O[C@H]1C=COC=C2C[C@@]3(SC)C(=O)N4c5c(O)cccc5[C@@H](O)[C@@]4(SC)C(=O)N3[C@@H]21,CHEMBL3137811
CHEMBL509323,CC1(C)SCN(C(=O)[C@@H](O)[C@H](Cc2ccccc2)NC(=O)COc2cccc(O)c2)[C@@H]1C(=O)N[C@H]1c2ccccc2C[C@H]1O,CHEMBL3137762
CHEMBL499244,O=C(c1cccc([N+](=O)[O-])c1)N1CCN(C(=O)c2cccc([N+](=O)[O-])c2)C1=S,CHEMBL138253
CHEMBL499623,COc1cc2c(Nc3nc4ccccc4s3)c(C#N)cnc2cc1OCCN1CCN(C)CC1,CHEMBL140616
CHEMBL4529663,O=C(COc1ccc(C(=O)/C=C/c2cccc(Br)c2)cc1)N[C@H]1CCOC1=O,CHEMBL140616
CHEMBL503156,C[C@H](CS)C(=O)N1C(c2cccs2)SC[C@H]1C(=O)O,CHEMBL105080
CHEMBL508362,Cc1ccc(-c2noc(C(C)(C)C)n2)cc1S(=O)(=O)N1CCOCC1,CHEMBL69114
CHEMBL508485,O=C(N/N=C/c1ccc2c(c1)no[n+]2[O-])c1ccc(C(F)(F)F)cc1,CHEMBL76607
CHEMBL504621,CCOC(=O)/C(O)=C/C(=O)c1cn(Cc2ccc(F)cc2)c2ccc(F)cc2c1=O,CHEMBL24473
CHEMBL504977,N=C1S/C(=C/c2ccco2)C(=O)N1c1nccs1,CHEMBL67475
CHEMBL508993,COc1cc([C@H](O)[C@H]2COC[C@@H]2[C@@H](O)c2ccc(O)c(OC)c2)ccc1O,CHEMBL79939
CHEMBL508999,CC[C@H](NC(=O)[C@@H]1[C@@H]2[C@H](CN1C(=O)[C@@H](NC(=O)NC(C)(C)C)C(C)(C)C)C2(C)C)B1O[C@@H]2C[C@@H]3C[C@@H](C3(C)C)[C@]2(C)O1,CHEMBL3138144
CHEMBL495019,O=C(C(=O)N1CCN(C(=O)c2ccccc2)CC1)c1c[nH]c2cc(F)cc(F)c12,CHEMBL69149
CHEMBL4529488,Cc1c(C(=O)N2CCN(S(=O)(=O)c3cc(Cl)sc3Cl)CC2)cnn1-c1nn2cccc2c(=O)[nH]1,CHEMBL158693
CHEMBL496249,C[C@]1(CO)CCC[C@]2(C)[C@H]3CC[C@@H]4C(O)O[C@@H](C5=CC(=O)OC5O)C[C@H]4[C@]3(C)CC[C@H]12,CHEMBL140095
CHEMBL497559,N#Cc1ccc(-c2cnc3ccc(NCc4ccc(N5CCOCC5)cc4)nn23)cc1,CHEMBL140095
CHEMBL495948,COc1cc2nc(N3CCC(N4CCCC(CO)C4)CC3)nc(-c3ccc(Cl)cc3)c2cc1OC,CHEMBL141624
CHEMBL495950,CC1(c2nc3c(C(N)=O)cc(C(F)(F)F)cc3[nH]2)CCCN1,CHEMBL67475
CHEMBL495951,CC(C)N1CCC(C)(c2nc3c(C(N)=O)cccc3[nH]2)CC1,CHEMBL67475
CHEMBL499810,Cc1cc(C[C@@H](OC(=O)N2CCC(c3cc4ccccc4cn3)CC2)C(=O)N2CCC(N3CCCCC3)CC2)cc2cn[nH]c12,CHEMBL3138173
CHEMBL1242571,C#CCn1nc(-c2ccc3ccccc3c2)c2c(N)ncnc21,CHEMBL105080
CHEMBL4529532,C[C@@H]1CCCCn2ncc(-c3nc(Nc4ccc(N5CC6(CN(CCCF)C6)C5)cn4)ncc3F)c21,CHEMBL141624
CHEMBL4529533,C=CCn1c(=O)c2cnc(Nc3ccc(N4CCN(C)CC4)cc3)nc2n1-c1cccc(C(C)(C)O)c1,CHEMBL141624
CHEMBL4529536,O=C1NCC(C(=O)NCCc2ccc(Cl)s2)N1,CHEMBL67475
CHEMBL501456,CC(C)OC(=O)c1c(C(=O)O)ccc2c1C(=O)CCC2,CHEMBL67475
CHEMBL501463,Nc1nc(Nc2ccc3ncsc3c2)cc(N2CCC[C@H]2C(=O)NCCc2cccc(I)c2)n1,CHEMBL3137793
CHEMBL503377,C[C@H](C(O)CC(O)C(C)(C)O[C@@H]1O[C@H](CO)[C@@H](O)[C@H](O)[C@H]1O)[C@H]1CC[C@@]2(C)[C@@H]3CC=C4[C@@H](CC[C@H](O)C4(C)C)[C@]3(C)C(=O)C[C@]12C,CHEMBL3137802
CHEMBL503365,COC(=O)[C@H](CCC(N)=O)NC(=O)[C@@H]1Cc2cccc3c2N1C(=O)[C@@H](NC(=O)/C=C/c1ccc(OP(=O)(O)O)cc1)CC3,CHEMBL3137762
CHEMBL503374,Cc1cc(C)c(CNC2(CCC(C)(C)C)C(=O)C(C3=NS(=O)(=O)c4cc(NS(C)(=O)=O)ccc4N3)=C(O)c3ccccc32)c(C)c1,CHEMBL3137811
CHEMBL501588,CC(=O)O[C@H]1C[C@@]2(C)[C@@H](CC[C@H]3[C@@]4(C)C=CC(=O)[C@@H](C)[C@@H]4[C@H](OC(C)=O)C(=O)[C@@]32C)/C1=C(\CCCC(C)(C)O)C(=O)O,CHEMBL3137793
CHEMBL501946,COc1cc(Nc2cncc(Oc3ccncc3)n2)cc(OC)c1OC,CHEMBL69114
CHEMBL501959,CS(=O)(=O)Nc1ccc2c(c1)S(=O)(=O)N=C(C1=C(O)[C@H]3CCC[C@H]3N(Cc3cccc(C(F)(F)F)c3)C1=O)N2,CHEMBL3137793
CHEMBL501961,COC(=O)[C@H](C)NS(=O)(=O)N[C@@H](C)C(=O)OC,CHEMBL67475
CHEMBL4529626,O=C(NC1CC1)c1ccc(-c2cnc3c(NCc4ccco4)nccn23)cc1,CHEMBL69114
CHEMBL505144,COc1cc2c(c(OC)c1OC)-c1ccc(OC)c(=O)cc1[C@@H](NC(=O)CCC1=[N+]3C(=Cc4cccn4[B-]3(F)F)C=C1)CC2,CHEMBL3138173
CHEMBL505278,CC(=O)OC[C@H]1[C@H]2[C@H](O)[C@]3(C(C)(C)O)C[C@H](O)C(C)=C3[C@@H](O)[C@H](OC(=O)c3ccccc3)[C@]2(C)[C@@H](OC(C)=O)C[C@@H]1OC(C)=O,CHEMBL3137762
CHEMBL501121,CO[C@H]1/C=C\C=C(/C)C(=O)NC2=CC(=O)C(NCCN(C)C)=C(C[C@@H](C)C[C@H](OC)[C@H](N)[C@@H](C)/C=C(\C)[C@@H]1OC(N)=O)C2=O,CHEMBL3137762
CHEMBL501131,CN(C)CCCNc1c2c(nc3ccccc13)CCC2,CHEMBL67475
CHEMBL503510,CCCCNC(=S)N/N=C1\C(=O)Nc2ccc(C)cc21,CHEMBL67475
CHEMBL503511,CCOC(=O)C1CC(C(=O)c2ccccc2N)=NN1CC,CHEMBL105080
CHEMBL503515,CC(=O)O[C@@H]1C[C@@H]2[C@](C)(C=C[C@@H](O)[C@]2(C)OC(C)=O)[C@H]2C(=O)[C@H](OC(C)=O)[C@@]3(C)[C@H](c4ccoc4)C[C@H]4O[C@@]43[C@@]21C,CHEMBL3137793
CHEMBL4529769,N[C@H](CSCc1ccccc1)[C@@H]1CC(Br)=NO1,CHEMBL105080
CHEMBL4529770,CC1(C)C(=O)NC(=O)c2ccc(-c3nc(-c4ccc(S(=O)(=O)NC5CC5)cc4)cnc3N)cc21,CHEMBL142132
CHEMBL4529774,CC(C1CC1)n1cc(-c2c[nH]c3ncc(F)cc23)nc(N[C@H]2C3CCC(CC3)[C@@H]2C(=O)O)c1=O,CHEMBL142132
CHEMBL4529776,CC1(c2ccc(C(=O)O)cc2)NC(=O)N(CC(=O)c2ccc(F)cc2F)C1=O,CHEMBL24473
CHEMBL499576,Fc1ccccc1O[C@@H](c1ccccc1)[C@@H]1CNCCO1,CHEMBL67475
CHEMBL499584,COCC(=O)N1CCN(C2CCN(c3cc(C)c4nc(-c5c(NC[C@@H](O)c6cccc(Cl)c6)cc[nH]c5=O)[nH]c4c3)CC2)CC1,CHEMBL3137811
CHEMBL499588,N[C@@H](Cn1c(=O)c(-c2ccc(COCC(=O)O)cc2)cn(Cc2c(F)cccc2C(F)(F)F)c1=O)c1ccccc1,CHEMBL63396
CHEMBL4529801,CC1(C)c2ccccc2N(CCc2nnn[nH]2)c2ccccc21,CHEMBL105080
CHEMBL502637,CC(C)(C)c1cc(-c2cc(=O)c3ccc(OCC(=O)N4CCN(Cc5ccccc5)CC4)cc3o2)cc(C(C)(C)C)c1O,CHEMBL3138173
CHEMBL507972,CC(=O)O[C@H]1CC[C@]2(C)[C@H]3CC=C4[C@@H]5[C@@H](C)[C@H](C)CC[C@]5(C(=O)NC(CO)C(=O)O)CC[C@@]4(C)[C@]3(C)CC[C@H]2C1(C)C,CHEMBL3138144
CHEMBL507973,Cc1ccc(-c2nc3c(N4CCN(CCOc5cccc6[nH]c(=S)[nH]c56)CC4)cccc3[nH]2)cc1,CHEMBL140616
CHEMBL4529853,Cc1ccc(CC(=O)N2CCOCC23CCOC3)cc1,CHEMBL67475
CHEMBL508006,O=C(Nc1ccc(Oc2ccnc3[nH]ccc23)c(F)c1)c1cccn(C2CC2)c1=O,CHEMBL140095
CHEMBL500814,COc1ccc(N(C)c2nc(Cl)nc3ccccc23)cn1,CHEMBL105080
CHEMBL501334,CCCC(=O)CC/C=C/[C@H](O)[C@@H]1O[C@H]1CO,CHEMBL153094
CHEMBL508620,C=C[C@@]1(C)C[C@@H](OC(=O)c2ccccc2)[C@H]2[C@](O)(C1=O)[C@H](OC(C)=O)C[C@H]1C(C)(C)[C@H](O)[C@H](OC(C)=O)[C@H](OC(=O)c3ccccc3)[C@@]12C,CHEMBL3138174
CHEMBL508627,COc1cc(N2CCC(N3CC[C@@H](F)C3)CC2)ccc1Nc1nccc(-c2c(-c3cccc(C(=O)Nc4c(F)cccc4F)c3)nc3ccccn23)n1,CHEMBL264879
CHEMBL508629,CC(C)C(=O)c1c(O)c([C@H](C2=C(O)C(C)(C)C(=O)C(C)(C)C2=O)C(C)C)c(O)c([C@H](C2=C(O)C(C)(C)C(=O)C(C)(C)C2=O)C(C)C)c1O,CHEMBL3137811
CHEMBL461108,CC(O)CS(=O)(=O)N1CCC(CNC(=O)c2ccc(Cl)cc2Cl)(c2ccccn2)CC1,CHEMBL140616
CHEMBL505559,CNc1nc(N2C[C@H]3CNC[C@H]3C2)nc2ccc(Cl)cc12,CHEMBL105080
CHEMBL498782,NC(=O)c1nc(C#Cc2cccc(F)c2)n(COCCO)n1,CHEMBL105080
CHEMBL502347,Nc1nc2c(c(N3CC[C@@H](N)C3)n1)CCCc1ccccc1-2,CHEMBL105080
CHEMBL502529,CC1=CCC[C@H]2[C@](C)(CC3=C(O)C(=O)C=C(NCCc4cnc[nH]4)C3=O)[C@@H](C)CC[C@]12C,CHEMBL142132
CHEMBL505058,CC[C@H]1C(=O)O[C@H](C(C)C)C(=O)N(C)[C@@H](C(C)C)C(=O)O[C@H](C(C)C)C(=O)N(C)[C@@H](C(C)C)C(=O)O[C@H](C(C)C)C(=O)N1C,CHEMBL3137780
CHEMBL497784,CC(=O)c1ccc(N2CCN(C(=O)c3cc([N+](=O)[O-])ccc3NC3CCCCC3)CC2)c(F)c1,CHEMBL142132
CHEMBL497785,CN(C)C(=O)c1ccc2[nH]c(N3CCC4(CC3)OC(=O)c3ccccc34)nc2c1,CHEMBL69149
CHEMBL499351,CN(CC(=O)N1CCN(S(=O)(=O)c2cccc(Cl)c2)CC1CN1CCCC1)c1ccc(Cl)c(Cl)c1,CHEMBL63396
CHEMBL499352,CN(CC(=O)N1CCN(S(=O)(=O)c2ccc(Cl)cc2)CC1CN1CCCC1)c1ccc(Cl)c(Cl)c1,CHEMBL63396
CHEMBL504669,O=C(/C=C/c1ccc(/C=C/C(=O)c2cccc(Cl)c2)o1)NO,CHEMBL105080
CHEMBL498634,O=C1NC(=S)NC(=O)C1=Cc1ccc(-c2cc(C(=O)O)cc3c2OCO3)o1,CHEMBL79939
CHEMBL498635,O=C1NC(=S)S/C1=C\c1ccc(-c2ccc(C(=O)O)c(O)c2)o1,CHEMBL76607
CHEMBL502789,O=C(/C=C/c1ccc(Sc2cccc(O[C@H]3CC[C@@H](C(=O)O)CC3)c2)c(C(F)(F)F)c1C(F)(F)F)N1CCOCC1,CHEMBL63396
CHEMBL508339,NCCNc1ncc(C(N)=O)c(Nc2cccc(Br)c2)n1,CHEMBL1340
CHEMBL509168,O=C1CN(c2nc(-c3nnc(Cc4ccc(F)cc4)o3)c(O)c3ncccc23)CCN1,CHEMBL304757
CHEMBL501027,CC(C)[C@H]1C(=O)Nc2ccc(NCCCN(C)C)cc2-c2nc3cc(C(=O)N4CCN(c5ccc(F)cc5)CC4)ccc3n21,CHEMBL3138144
CHEMBL505507,COc1ccc(C2(c3ccc(OC)cc3)C(=O)N(C(c3ccccc3)c3ccccc3)C23C(=O)N(C)c2ccccc23)cc1,CHEMBL63396
CHEMBL502927,CCCCC1CN(S(=O)(=O)N2CCOCC2)CCC12CCN(C1(C)CCN(C(=O)c3c(C)ncnc3C)CC1)CC2,CHEMBL3137780
CHEMBL508256,COC1=CN=C2C=CC(=O)N3c4cccc(OC)c4C1C23,CHEMBL105080
CHEMBL1205663,NC(C(=O)N1CC[C@@H]2[C@H]1C(=O)N2S(=O)(=O)O)c1ccc(O)cc1,CHEMBL13630
CHEMBL4529909,CSCCC(O)C(=O)NCCCn1ccnn1,CHEMBL153094
CHEMBL4529910,O=C(N/N=C/c1ccc(O)cc1O)c1ccc[n+]([O-])c1,CHEMBL67475
CHEMBL508435,N[C@@H](Cn1c(=O)c(-c2ccc(COC(=O)C3CC3)cc2)cn(Cc2c(F)cccc2C(F)(F)F)c1=O)c1ccccc1,CHEMBL63396
CHEMBL508436,O=c1c(C2=CS(=O)(=O)c3ccccc3N2)c(O)c2cc(Cl)ccc2n1CCC1CC1,CHEMBL142132
CHEMBL508588,Cc1ccc(-n2c(-c3ccc(Br)cc3)cs/c2=N\N=C/c2cn(-c3ccc(S(=O)(=O)/N=C/N(C)C)cc3)nc2-c2ccccc2)cc1,CHEMBL264879
CHEMBL508537,C=C1C(=O)O[C@H](C2=C(C)[C@@H](O)CC2=O)[C@H]1CCC(C)=O,CHEMBL105080
CHEMBL508542,O=C(c1cncc(SCc2ccccc2)n1)n1[nH]c(=O)c2cc(Br)ccc21,CHEMBL142132
CHEMBL508809,Br.Cn1cc(Cc2ccc(O)cc2)nc1N,CHEMBL67475
CHEMBL508812,CC(=O)OC[C@@]12C([C@H](OC(=O)c3ccccc3)[C@]34CCC(C)=C3[C@@]1(O)C(=O)OC4(C)C)[C@]1(OC(C)=O)CO[C@@H]1C[C@@H]2O,CHEMBL3137793
CHEMBL509043,C=C1CC[C@]2(C)CC[C@]3(C)[C@H]4[C@H](O)[C@H](OC(C)=O)[C@@]5([C@@H](C)O)COC(=O)C=C[C@H]5[C@]4(C)CC[C@@]3(C(=O)OC)[C@]2(O)C1,CHEMBL2113371
CHEMBL1205711,COc1ccc(CCc2noc3cc(OCC(=O)O)cc(O)c23)cc1O,CHEMBL69114
CHEMBL509174,C=C(C)C(=O)O[C@H]1C/C(C=O)=C/CC[C@@]2(C)O[C@H]2[C@H]2OC(=O)C(=C)[C@@H]21,CHEMBL76607
CHEMBL505089,CCCCn1c(Br)nc2c(N)ncnc21,CHEMBL67475
CHEMBL505626,CCN(CC)C(=O)O[C@H]1CN[C@H](C#Cc2cc3ncnc(Nc4ccc(OCc5cccc(F)c5)c(Cl)c4)c3s2)C1,CHEMBL3137780
CHEMBL505988,CNC(=O)COc1ccc2c(c1)S(=O)(=O)C=C(c1c(O)c3cc(F)ccc3n(Cc3ccc(F)cc3)c1=O)N2,CHEMBL158693
CHEMBL506005,CC(=O)O[C@@H](C)[C@]1(O)CC[C@@]2(O)[C@]1(C)[C@H](OC(=O)/C=C/c1ccccc1)C[C@@H]1[C@@]3(C)CC[C@H](O)CC3=CC[C@]12O,CHEMBL158693
CHEMBL506360,COCCNC(=O)[C@H]1[C@H](CO)[C@H]2Cn3c(cccc3=O)[C@@H]1N2c1nc(-c2ccc(Cl)cc2)c(-c2ccccc2)s1,CHEMBL3137793
CHEMBL506363,COc1ccc2cc1Oc1ccc(cc1)C[C@H]1c3c(cc(OC)c(OC)c3Oc3cc4c(cc3OC)CCN[C@@H]4C2)CCN1C,CHEMBL3137780
CHEMBL506471,CNc1nc(C)nc2c1ncn2Cc1ccccc1OC,CHEMBL105080
CHEMBL496629,O=C(NO)[C@H]1C[C@H](CC(=O)N2CCCCC2)CC[C@@H]1C(=O)N1CCN(c2ccccc2)CC1,CHEMBL142132
CHEMBL496631,CCOC(=O)c1c(OC2CCCC(C)C2)c(CC)c(C)[nH]c1=O,CHEMBL105080
CHEMBL496330,CN(Cc1ccc(F)cc1)c1ccc2ncc(-c3ccc(CNCO)cc3)n2n1,CHEMBL69114
CHEMBL496331,CCn1nc(C)c(-c2ccc3c(c2)N(c2nc4c(s2)C(=O)NC(C)(C)C4)CCO3)c1C,CHEMBL142132
CHEMBL496332,COCC(O)Cn1cc(-c2ccc3c(c2)N(c2nc4c(s2)C(=O)NC(C)(C)C4)CCO3)cn1,CHEMBL142132
CHEMBL497522,C=C1C[C@](OC)([C@H](O)C(=O)N[C@H]2OCO[C@H]3[C@@H]2O[C@H](C[C@H](O)CO)C(C)(C)[C@@H]3O)O[C@H](C)[C@@H]1C,CHEMBL138920
CHEMBL495952,COc1cccc2c1c(C(=O)/C=C(\O)C(=O)O)cn2Cc1cccc(F)c1F,CHEMBL24473
CHEMBL495953,CC(C)CC1Cc2[nH]c(-c3ccnc(N)n3)cc2C(=O)N1,CHEMBL105080
CHEMBL501474,C[C@H]1C[C@H]2[C@@H]3CCC4=CC(=O)C=C[C@]4(C)[C@@]3(F)[C@@H](O)C[C@]2(C)[C@@]1(OC(=O)NCCC(C)(C)C)C(=O)CO,CHEMBL141624
CHEMBL501475,CCn1cc(C(=O)O)c(=O)c2cc(F)c(N3CCN(CN4N=C(C)CC4=O)CC3)cc21,CHEMBL304757
CHEMBL501476,CCn1cc(C(=O)O)c(=O)c2cc(F)c(N3CCN(CN4C(=O)CCC4=O)CC3)cc21,CHEMBL304757
CHEMBL503378,CCOC(=O)N(Cc1ccccc1C(C)C)[C@H]1CCNC1,CHEMBL67475
CHEMBL506510,CC(=O)OC[C@H]1C[C@]2(OC(=O)/C=C/c3ccccc3)C(=O)/C(C)=C/[C@@H]3[C@H](CC[C@@]4(C)O[C@@H]4[C@H]2[C@H]1OC(C)=O)C3(C)C,CHEMBL3137793
CHEMBL500121,CCC(=O)N1CC[C@]23c4ccccc4N[C@H]4N(C)c5cccc6c5[C@]42CCN([C@H]6[C@@H]2OC2(C)C)[C@H]13,CHEMBL142132
CHEMBL500122,COC(=O)[C@@H]1C[C@H](OS(=O)(=O)c2ccc(C)cc2)C(=O)[C@H]2[C@@]1(C)CC[C@H]1C(=O)O[C@H](c3ccoc3)C[C@]21C,CHEMBL158693
CHEMBL4529854,CN1C(=O)[C@H]2CN(Cc3cccc(Cl)c3F)C[C@H]2C1=O,CHEMBL67475
CHEMBL4529856,CC(C)N1CCc2c(sc(NC(=O)CCN3CCN(C)CC3)c2-c2nc3ccccc3s2)C1,CHEMBL142132
CHEMBL498509,Cc1ccccc1O[C@H]1c2ccccc2OC[C@H]1CN,CHEMBL67475
CHEMBL500696,CC(C)C1=CC(=O)[C@](C)([C@H]2[C@H](O)C[C@@]3(C)[C@@H]4CC=C5[C@@H](CC[C@@H](O[C@@H]6OC[C@@H](O)[C@H](O)[C@H]6O)C5(C)C)[C@]4(C)C(=O)C[C@]23C)O1,CHEMBL3138144
CHEMBL500697,Cc1cn([C@@H]2O[C@H](CO[Si](C)(C)C(C)(C)C)[C@@]3(OS(=O)(=O)C=C3NC(=O)NCc3ccccc3)[C@H]2O[Si](C)(C)C(C)(C)C)c(=O)n(C)c1=O,CHEMBL264879
CHEMBL502567,CC(C)Oc1cncc(N2C[C@H]3CNC[C@H]3C2)c1.O=C(O)/C=C/C(=O)O,CHEMBL79939
CHEMBL1242429,COc1ccccc1C1SCC(=O)N1NC(=O)Cn1ncc2cc([N+](=O)[O-])ccc21,CHEMBL304757
CHEMBL501133,CO[C@H]1/C=C\C=C(/C)C(=O)NC2=CC(=O)C(NCCc3c[nH]cn3)=C(C[C@@H](C)C[C@H](OC)[C@H](O)[C@@H](C)/C=C(\C)[C@@H]1OC(N)=O)C2=O,CHEMBL3137762
CHEMBL503715,OC(Cc1c[nH]nn1)(Cn1cncn1)c1ccc(F)cc1F,CHEMBL67475
CHEMBL503716,CO[C@H]1[C@@H](OC)C[C@H](C)CC2=C(NCCF)C(=O)C=C(NC(=O)/C(C)=C/C=C\[C@H](OC)[C@@H](OC(N)=O)/C(C)=C/[C@@H]1C)C2=O,CHEMBL3137780
CHEMBL499892,COc1ccccc1N1CCN(CCCN2C(=O)NC3c4ccccc4N(C)C3C2=O)CC1,CHEMBL304757
CHEMBL499969,C=Cc1c(C)c2cc3nc(c4c5[nH]c(cc6nc(cc1[nH]2)C(C)=C6CC)c(C)c5C(=O)[C@]4(O)C(=O)OC)[C@@H](CCC(=O)O)[C@@H]3C,CHEMBL3138144
CHEMBL502029,O=C(CN1C[C@@H]2C[C@H](C1)c1cccc(=O)n1C2)c1ccccc1,CHEMBL67475
CHEMBL498134,CN1CCN(/N=C/c2c(N)ncnc2Nc2ccc3c(cnn3Cc3cccc(F)c3)c2)CC1,CHEMBL142132
CHEMBL508011,COc1c(O)c2c3c(c1OC)CCN[C@@H]3Cc1ccccc1-2,CHEMBL67475
CHEMBL498294,COC[C@H]1C(=O)[C@]23C[C@H]1C[C@H](OC(C)=O)[C@H]2[C@@]12CO[C@@]3(O)[C@@H](O)[C@@H]1C(C)(C)CC[C@@H]2O,CHEMBL304757
CHEMBL502076,CCCCCC(=O)O[C@@H]1C[C@]2(C)C(=CC[C@H]2[C@@H]2C[C@@H]([C@@H]3OC3(C)C)O[C@@H]2OC(C)=O)[C@]2(C)[C@H](O)C[C@H]3C(C)(C)C(=O)C=C[C@]3(C)[C@@H]12,CHEMBL3137811
CHEMBL4529789,C[C@H](Nc1c(-c2nc3c(F)cc(N4CCOCC4)cc3[nH]2)c(=O)[nH]c2cn(C)nc12)c1ncccn1,CHEMBL141624
CHEMBL504435,CC(C)[C@@H]1NC(=O)[C@@H](C(C)C)OC(=O)[C@H](C(C)C)N(C)C(=O)[C@@H](C(C)C)OC(=O)[C@H](C(C)C)N(C)C(=O)[C@@H](C(C)C)OC1=O,CHEMBL3137780
CHEMBL504439,COc1ccc(C(=O)Nc2nc3ccccc3n2CC(=O)NNC(=S)N[C@@H]2OC[C@H](O)[C@H](OC(C)=O)[C@H]2OC(C)=O)cc1,CHEMBL3137762
CHEMBL508772,CCOc1cccc(-n2cc(C(=O)N3CCN(c4cc(C(=O)O)c5ccccc5c4)C[C@@H]3COCC(=O)O)nc2-c2ccc(C)cc2)c1,CHEMBL3137811
CHEMBL498693,COC(=O)C(Cc1ccccc1)OC(CC(C)C)C(=O)O[C@H]1C(=O)C(CO)=C[C@@H](O)[C@@H]1O,CHEMBL543319
CHEMBL501901,COC(=O)/C=C/CNC(=O)CN1C(=O)[C@@H](COC(=O)Nc2ccc(Cl)cc2C(F)(F)F)N=C(c2ccccc2)c2ccccc21,CHEMBL3137811
CHEMBL501905,O=C(CO/N=[N+](\[O-])N1CCCC1)N1CCN(c2ccc(OC[C@H]3CO[C@](Cn4ccnc4)(c4ccc(Cl)cc4Cl)O3)cc2)CC1,CHEMBL3138174
CHEMBL501999,Nc1nc2ccc3ccc(CNc4ccc5c(c4)CN([C@@H](CCC(=O)O)C(=O)O)C5=O)cc3c2c(=O)[nH]1,CHEMBL138920
CHEMBL508632,O=C(N[C@@H]1CCCc2cc(CN3CCCCC3)ccc21)[C@H](O)[C@H](O)CS(=O)(=O)c1cccc(Cl)c1,CHEMBL141624
CHEMBL508658,C=C(CC[C@@H](C(=O)O[C@@H]1OC[C@@H](O)[C@H](O)[C@H]1O)[C@H]1CC[C@@]2(C)C3=C(CC[C@]12C)[C@@]1(C)CC[C@@H](OC(C)=O)C(C)(C)[C@@H]1CC3)C(C)C,CHEMBL3137811
CHEMBL505702,CC(C)[C@@H]1NC(=O)[C@@H]2CCCN2C(=O)[C@@H](CC2CO2)OC(=O)CCNC(=O)[C@H](C)N(C)C(=O)[C@H](C(C)C)N(C)C1=O,CHEMBL138603
CHEMBL499011,CCCCCC(=O)c1c(O)c2c(c3c1O[C@@]1(O)[C@@H](C(O)C(C)(C)C(=O)C1(C)C)[C@@H]3C(C)C)OC1=C(C(=O)C(C)(C)C(=O)C1(C)C)[C@@H]2C(C)C,CHEMBL3138174
CHEMBL502531,C#Cc1c(Oc2ccc(NC(=O)NC(=O)Cc3ccc(F)cc3)cc2F)ccnc1N,CHEMBL140095
CHEMBL504299,C[C@H](CC[C@H](O)C(C)(C)O[C@@H]1O[C@H](CO)[C@@H](O)[C@H](O)[C@H]1O)[C@H]1CC[C@@]2(C)[C@@H]3[C@@H](O)C[C@H]4C(C)(C)C=CC(=O)[C@@]45C[C@@]35CC[C@]12C,CHEMBL3137802
CHEMBL498022,CCCCCCCCC#C[C@@H](O)[C@@H](N)CO,CHEMBL153094
CHEMBL500603,C/C=C(\C)C(=O)N[C@@H]1[C@H](OC(C)=O)[C@@H]2CC[C@@H]3[C@H](CC[C@]4(C)C([C@H](C)NC)=CC[C@@H]34)[C@@]2(C)C[C@@H]1OC(C)=O,CHEMBL141624
CHEMBL506462,O=C1[C@@]2(CO)C=C(I)C(CC2c2ccccc2)[C@]12CO2,CHEMBL76607
CHEMBL506575,COc1ccccc1OCC(=O)N[C@@H](Cc1ccccc1)[C@H](O)C(=O)N1CSC(C)(C)[C@H]1C(=O)N[C@H]1c2ccccc2C[C@H]1O,CHEMBL3137762
CHEMBL502917,C=C1[C@@H](OC(=O)/C=C/c2ccccc2)CC[C@@]2(C)[C@@H](OC(C)=O)[C@H](OC(C)=O)[C@@]34[C@H](C)C(=O)C[C@@](O)([C@@H](OC(C)=O)[C@@]132)C4(C)C,CHEMBL3137780
CHEMBL498178,CC(=O)Oc1cc(OC(C)=O)c2c(=O)c3ccc(/C=N/NC4=NCCN4)cc3oc2c1,CHEMBL304757
CHEMBL508543,O=C(c1cnc(SCc2ccccc2)cn1)n1[nH]c(=O)c2cc(Br)ccc21,CHEMBL142132
CHEMBL508581,C=C1[C@@H](O)C[C@H](OC(C)=O)[C@@]2(C)[C@@H](OC(C)=O)[C@H](OC(=O)c3ccccc3)C3=C(C)C(=O)C[C@@]3(C(C)(C)O)[C@@H](OC(C)=O)[C@H]12,CHEMBL3137780
CHEMBL1242554,O=[N+]([O-])c1ccc(-c2nn(-c3ccccc3)cc2-c2nnc(-c3ccccc3)o2)cc1,CHEMBL140095
CHEMBL1242555,O=[N+]([O-])c1ccc(-n2cc(-c3nnc(-c4ccccc4)o3)c(-c3ccccc3)n2)cc1,CHEMBL140095
CHEMBL4529899,CC[C@H](C)NCCC(=O)Nc1sc2c(c1-c1nc3c(C(F)F)nccc3s1)CCNC2,CHEMBL140616
CHEMBL506472,CC(=O)N(C1=NN(C(C)=O)C(c2cn(-c3ccc(S(=O)(=O)/N=C/N(C)C)cc3)nc2-c2ccccc2)S1)c1ccccc1,CHEMBL3137780
CHEMBL497884,CC(=O)Nc1cccc2c(Oc3cc(NC(=O)c4cc(C)on4)ccc3C)ccnc12,CHEMBL140095
CHEMBL497887,COc1cc2c(cc1OC)[C@H](c1ccc(OCc3ccccc3)c(OC)c1)[C@H]1C(=O)OC[C@@H]1C2,CHEMBL140616
CHEMBL1242357,Cc1ccc(C2C(c3ccccc3)=NN(c3cccc(Cl)c3)C23C(=O)OC(C)(C)OC3=O)o1,CHEMBL142132
CHEMBL4529731,COC(=O)c1ccccc1NC(=O)Cn1nc2c(Oc3ccccc3)nccn2c1=O,CHEMBL304757
CHEMBL4529732,COCCNCCC(=O)Nc1sc2c(c1-c1nc3ccccc3s1)C[C@@H](C)N[C@@H]2C,CHEMBL140616
CHEMBL4529735,CCOc1ccc(-c2ccc(CCCc3nn(-c4ccc(C(F)(F)F)cc4)c(=O)n3-c3ccccc3)cc2)cc1CC(=O)O,CHEMBL63396
CHEMBL495175,Cn1nccc1CN1CCN(c2cccc3[nH]c(-c4ccc(C(C)(C)C)cc4)nc23)CC1,CHEMBL140095
CHEMBL496333,CC(=O)c1ccc(N2CCN(C(=O)c3cc([N+](=O)[O-])ccc3N3CCCCC3)CC2)c(F)c1,CHEMBL142132
CHEMBL496403,O=[N+]([O-])/N=C1\N(Cc2ccc(Cl)nc2)CCN1CN1CCN(Cc2ccc(Cl)nc2)/C1=N\[N+](=O)[O-],CHEMBL141624
CHEMBL4529753,CCCCn1c(=O)c2sccc2n2c(=O)n(CC(=O)NC(C)C)nc12,CHEMBL69114
CHEMBL4529757,CCn1c(=O)cc(N2CCOCC2)c2cc(-n3ccnc3-c3ccccc3)ccc21,CHEMBL140095
CHEMBL497529,C=C1[C@@H](C)[C@H]2[C@H](Cc3ccccc3)NC(=O)[C@]23OC(=O)/C=C/[C@H](C)[C@H](O)[C@@H](C)C/C=C/[C@H]3[C@@H]1O,CHEMBL142132
CHEMBL4529779,CC(=O)c1sc(/N=C2\NC(=O)/C(=C3/C(=O)N(C)c4ccccc43)S2)nc1C,CHEMBL69149
CHEMBL4529781,Cc1nc(C(=O)N2CCC(C)(C(=O)NS(=O)(=O)C3CC3)C2)c(C)o1,CHEMBL13630
CHEMBL499854,CCN(CC)C(=O)N1CCC(C(=O)NO)(S(=O)(=O)c2ccc(OCc3cc(C)nc4ccccc34)cc2)CC1,CHEMBL158693
CHEMBL498347,CN1CCN(c2ccc3[nH]c(-c4c(N)c5c(F)cc(F)cc5[nH]c4=O)nc3c2)CC1,CHEMBL140095
CHEMBL498348,CN1CCN(c2ccc3[nH]c(-c4c(N)c5cc(F)c(N(C)C)cc5[nH]c4=O)nc3c2)CC1,CHEMBL304757
CHEMBL504656,COc1ccc(-c2oc3c(CC=C(C)C)c(OCCO)cc(O)c3c(=O)c2O[C@@H]2O[C@H](C)[C@@H](O)[C@H](O)[C@@H]2O)cc1,CHEMBL140805
CHEMBL498586,CN(C)c1ccc(-c2ccc3c(c2)N(c2nc4c(s2)C(=O)NC(C)(C)C4)CCO3)nn1,CHEMBL142132
CHEMBL498587,COc1ccc(-c2ccc3c(c2)N(c2nc4c(s2)C(=O)NC(C)(C)C4)CCO3)nn1,CHEMBL140095
CHEMBL4529911,Cc1cccc2c1CCN(CCC(=O)Nc1sc3c(c1-c1nc4cnccc4s1)CCNC3)C2,CHEMBL141624
CHEMBL503847,CNCc1ccc2c(c1)OCC[C@H]2NC(=O)C[C@@H]1C(=O)Nc2ccccc2N1S(=O)(=O)c1ccc(Cl)c(Cl)c1,CHEMBL3138144
CHEMBL497994,CC1=NN(c2ccc(OCCCOc3no[n+]([O-])c3-c3ccccc3)cc2)C(=O)C1,CHEMBL24473
CHEMBL499976,C=CC[C@@]12C[C@@H](OC)C(=O)C=C1O[C@@H](c1cc(OC)c3c(c1)OCO3)[C@H]2C,CHEMBL24473
CHEMBL4529698,CN1CCN(c2ccc(-c3cn4c(-c5cccc(N(C)C)c5)cnc4cn3)cn2)CC1,CHEMBL140095
CHEMBL502236,CO[C@@H]1C[C@H](O[C@H]2CC[C@]3(C)[C@H]4CC[C@]5(C)[C@@H](C6=CC(=O)OC6)CC[C@]5(O)[C@@H]4CC[C@]3(O)C2)O[C@H](C)[C@H]1O,CHEMBL158693
CHEMBL498212,CC(C)(N)c1ccn2c(-c3ccnc(N)n3)c(-c3ccc(F)cc3)nc2c1,CHEMBL69114
CHEMBL500482,COc1ccc([C@@H]2CC(=O)c3c(O)cc(O)c([C@@H]4C(O)c5c(O)cc(O)cc5O[C@H]4c4ccc(O)cc4)c3O2)cc1,CHEMBL3138149
CHEMBL500484,Cl.Cl.Clc1ccc(Nc2nc3ccc(C4=NCCN4)cc3s2)nc1,CHEMBL140095
CHEMBL4529737,N#Cc1cnc(N2CCC(Oc3ccc(F)cc3F)CC2)c(NC(=O)c2cc(Cl)ccn2)c1,CHEMBL142132
CHEMBL4529738,Cn1ncc(Cl)c1-c1coc(C(=O)N[C@@H]2CNCC[C@H]2c2ccc(F)c(F)c2)c1,CHEMBL140095
CHEMBL508087,Cl.OC(CN1CCN(C/C=C/c2ccccc2)CC1)Cn1ccc2ccccc21,CHEMBL24473
CHEMBL498448,CC(=O)OC[C@]12CCCC(C)(C)[C@@H]1CC[C@]1(C)[C@@H]2C[C@@H](O)[C@]2(C)[C@@H](C=O)C(C(C)=O)=CC[C@@H]12,CHEMBL142132
CHEMBL498449,CC(=O)OC[C@]12CCCC(C)(C)[C@@H]1CC[C@]1(C)[C@@H]2C[C@@H](O)[C@]2(C)[C@@H]3C(=CC[C@@H]12)[C@H](C)O[C@H]3O,CHEMBL142132
CHEMBL501312,Cc1ccc(/N=C(\OCCN2C(=O)c3ccccc3C2=O)SS/C(=N/c2ccc(C)cc2)OCCN2C(=O)c3ccccc3C2=O)cc1,CHEMBL3138174
CHEMBL498697,O=C(O)/C(O)=C/C(=O)c1cn(Cc2ccc(F)cc2)c2cc(F)ccc2c1=O,CHEMBL24473
CHEMBL498698,O=C(O)/C(O)=C/C(=O)c1cn(Cc2ccc(F)cc2)c2c(F)cccc2c1=O,CHEMBL24473
CHEMBL502084,C=C(c1ccc(OCC(O)COc2ccc(C(=C)C3COC4(OO3)C3CC5CC(C3)CC4C5)cc2)cc1)C1COC2(OO1)C1CC3CC(C1)CC2C3,CHEMBL264879
CHEMBL502092,Cc1cc(N2CCC(N3C[C@@H](C)O[C@@H](C)C3)CC2)cc2[nH]c(-c3c(NC[C@@H](O)c4cccc(Cl)c4)cc[nH]c3=O)nc12,CHEMBL3138144
CHEMBL508663,CCc1cn(C)c2c(N3CCCC3=O)cc(C(=O)N[C@@H](Cc3ccccc3)[C@H](O)CNCc3cccc(C(F)(F)F)c3)cc12,CHEMBL63396
CHEMBL508703,C/C(=N/NC(N)=S)c1sc2nc3nc4c(c(-c5ccc(Cl)cc5)c3c(=O)n2c1C)CCC/C4=C/c1ccc(Cl)cc1,CHEMBL3138144
CHEMBL497706,CCC1=N[C@H]2C[C@@]3(C(=O)N(OC)c4ccccc43)[C@@H]3OC[C@H]2[C@H]1[C@H]3OC(C)=O,CHEMBL79939
CHEMBL499149,Cc1ncc(-c2ccc(C(C)(C)C)cc2NC(=O)Nc2ccc(-c3ccc(CN4CCOCC4)nc3)c3ccccc23)cn1,CHEMBL3138144
CHEMBL499345,Nc1nc(Nc2cccc(Br)c2)c2cc(Cc3ccccc3Cl)[nH]c2n1,CHEMBL140095
CHEMBL499346,N#Cc1cnc2cc(OCCN3CCOCC3)c(O)cc2c1Nc1nc2ccccc2s1,CHEMBL142132
CHEMBL502835,COC(=O)c1ccc2c(c1)NC(=O)/C2=C(\Nc1ccc(N(C)C(=O)CN2CCN(C)CC2)cc1)c1ccccc1,CHEMBL158693
CHEMBL497863,Nc1ncnc(Nc2ccc3c(cnn3Cc3cccc(F)c3)c2)c1/C=N/NCC(F)(F)F,CHEMBL140616
CHEMBL507021,Cc1ccc(C(CC(N)=O)NC(=O)[C@H]2C[C@H](c3cc(-c4cccnc4)nn3-c3ccc(Cl)c(Cl)c3)C2(C)C)cc1,CHEMBL63396
CHEMBL498088,COC(=O)c1ccc2c(c1)NC(=O)/C2=C(\Nc1ccc(N(CC(=O)N(C)C)C(C)=O)cc1)c1ccccc1,CHEMBL141624
CHEMBL500678,CCNC(=O)O[C@]1(C(=O)CO)[C@@H](C)C[C@H]2[C@@H]3CCC4=CC(=O)C=C[C@]4(C)[C@@]3(F)[C@@H](O)C[C@@]21C,CHEMBL142132
CHEMBL506709,C/C=C(\C)C(=O)O[C@@H]1[C@@H]2[C@H]([C@H](OC(C)=O)[C@H](OC(C)=O)/C(C)=C/[C@@]34O[C@@]3(C[C@H](C)[C@@H]4OC(C)=O)C(=O)[C@@H]1C)C2(C)C,CHEMBL3137793
CHEMBL504929,CCn1c(Sc2ccc(Nc3c(C#N)cnc4cc(NCCCN5CCOCC5)c(OC)cc34)cc2Br)nc(C)c1C,CHEMBL3137811
CHEMBL504729,Cc1cccc(C)c1CNC1(CCC(C)(C)C)C(=O)C(C2=NS(=O)(=O)c3cc(NS(C)(=O)=O)ccc3N2)=C(O)c2ccccc21,CHEMBL3137811
CHEMBL504737,CC1(C)CC(=O)C2=C(C1)Nc1c(O)cccc1N(C(=O)c1ncn[nH]1)C2c1ccc(OCc2ccccc2)cc1F,CHEMBL3138149
CHEMBL505071,C[C@H](NC1=NC(=O)C(C)(c2ccc(C(C)(C)C(N)=O)cc2)S1)c1ccc(F)cc1,CHEMBL140095
CHEMBL498246,CCC1=N[C@H]2C[C@@]3(C(=O)N(OC)c4ccccc43)[C@@H]3OC[C@H]2[C@@]1(O)[C@H]3OC(C)=O,CHEMBL138253
CHEMBL498247,CCC(C)[C@@H]1[C@@](C)(C(=O)/C=C/OC)[C@H]2[C@H](C)C[C@@](C)(O)C[C@]2(O)C(=O)[C@@]1(C)O,CHEMBL69114
CHEMBL509298,O=C(c1ccccc1)N1CCCC(CCCN2CCC3(CC2)C(=O)NCN3c2ccccc2)(c2ccc(Cl)c(Cl)c2)C1,CHEMBL63396
CHEMBL509305,CN1C(c2nc(Cc3ccc(F)cc3)c3ccccc3c2O)=CS(=O)(=O)c2ccccc21,CHEMBL142132
CHEMBL505354,CC(C)C[C@@H]1NC(=O)[C@@H](CC(C)C)NC(=O)[C@H](Cc2ccccc2)NC(=O)[C@H](C)OC(=O)[C@H](Cc2ccccc2)NC1=O,CHEMBL3138424
CHEMBL506241,CCC(C)(C)NC(=O)O[C@]1(C(=O)CO)[C@@H](C)C[C@H]2[C@@H]3CCC4=CC(=O)C=C[C@]4(C)[C@@]3(F)[C@@H](O)C[C@@]21C,CHEMBL141624
CHEMBL506249,C=C(C)[C@]12C[C@@H](C)[C@@]34O[C@](Cc5ccccc5)(O[C@@H]1[C@@H]3C=C(COC(=O)Cc1ccc(OC)c(OC)c1)C[C@]1(O)C(=O)C(C)=C[C@@H]41)O2,CHEMBL3137811
CHEMBL497963,Cc1ccc2c(OCCN3CCC(Cc4cccc(NS(C)(=O)=O)c4)CC3)cccc2n1,CHEMBL140616
CHEMBL498182,O=C(c1cc([N+](=O)[O-])ccc1N1CCOCC1)N1CCN(c2ccc(C(F)(F)F)c(F)c2)CC1,CHEMBL142132
CHEMBL498183,Cc1ccc(C(=O)Nc2cccc(N3CCOCC3)c2)cc1-c1ccc2cc[nH]c(=O)c2c1,CHEMBL140095
CHEMBL498184,Cc1n[nH]c(C)c1-c1ccc2c(c1)N(c1nc3c(s1)C(=O)NC(C)(C)C3)CCO2,CHEMBL140095
CHEMBL498487,OCC(CO)n1cc(-c2ccc3c(c2)CC/C3=N\O)c(-c2ccncc2)n1,CHEMBL69114
CHEMBL498488,O=C(C[C@@H]1C(=O)Nc2ccccc2N1S(=O)(=O)c1ccc(Cl)c(Cl)c1)N[C@@H]1CCOc2cc(CO)ccc21,CHEMBL3138149
CHEMBL498489,O=Cc1ccc2c(c1)OCC[C@H]2NC(=O)C[C@@H]1C(=O)Nc2ccccc2N1S(=O)(=O)c1ccc(Cl)c(Cl)c1,CHEMBL3138149
CHEMBL498490,O=C(O)c1cn(CCO)c2ccc(Nc3cccc(Cl)c3F)cc2c1=O,CHEMBL24473
CHEMBL506268,CC(=O)N1C[C@H]2CC(c3ccc(OCCOc4c(Cl)cc(C)c(C)c4Cl)cc3)=C(C(=O)N(Cc3cccc(Cl)c3Cl)C3CC3)[C@@H](C1)N2,CHEMBL264879
CHEMBL506500,CCOC(=O)C(C(=O)O)N1C=CC(C(=O)N/N=C/c2ccccc2Cl)C=C1,CHEMBL69114
CHEMBL496791,COc1cc2nc(N3CCC(N4CCCC(CO)C4)CC3)nc(NC3CCOCC3)c2cc1OC,CHEMBL141624
CHEMBL495253,CC1(C)N(O)C(c2ccc(OCC(=O)NCCCC[C@H](N)C(=O)O)cc2)=[N+]([O-])C1(C)C,CHEMBL148167
CHEMBL496484,O=c1c(/C=C(/c2ccc([N+](=O)[O-])cc2)c2nnn[nH]2)coc2ccc(Br)cc12,CHEMBL142132
CHEMBL1796533,Nn1c(S)nnc1CSc1nnc(Cc2c(NC(=O)CCl)sc3c2CCCC3)n1NC(=O)c1ccc(Cl)cc1,CHEMBL3137811
CHEMBL498262,CCN1C[C@@H]2CN(c3ccc(-c4ccccc4)nn3)C[C@@H]2C1.Cc1ccc(S(=O)(=O)O)cc1,CHEMBL142132
CHEMBL501661,CN(C(=O)c1ccccc1)c1ccc2c(c1)[nH]/c(=N\C(=O)c1ccc(/C=C/c3cccc(N)n3)s1)n2CCC(N)=O,CHEMBL3138149
CHEMBL498427,CCC[C@@H](OC(C)=O)C1=C(Br)[C@@](OC)(C(Br)Br)OC1=O,CHEMBL142132
CHEMBL498503,CN(C)CCCn1cc(-c2ccc3c(c2)CC/C3=N\O)c(-c2ccncc2)n1,CHEMBL24473
CHEMBL504795,C[C@H](NP(=O)(OC[C@@]1(N=[N+]=[N-])O[C@@H](n2cnc3c(=O)[nH]cnc32)[C@H](O)[C@@H]1O)Oc1cccc2ccccc12)C(=O)OC(C)(C)C,CHEMBL3137762
CHEMBL498668,CC(=O)C1=NN(c2ccc([N+](=O)[O-])cc2)SC12c1ccccc1Oc1ccccc12,CHEMBL140095
CHEMBL4529795,O=Cc1cc([N+](=O)[O-])ccc1OCc1cn(CCCOc2ccc3ccc(=O)oc3c2)nn1,CHEMBL543319
CHEMBL500198,CN(C)C[C@H](O)COc1cccc(Nc2nccc(-c3c(-c4cccc(C(=O)Nc5c(F)cccc5F)c4)nc4ccccn34)n2)c1,CHEMBL3137811
CHEMBL500912,COc1ccccc1N1CCN(CCCN2C(=O)NC3c4ccccc4SC3C2=O)CC1,CHEMBL142132
CHEMBL500913,COc1ccccc1N1CCN(C(C)CCN2C(=O)NC3c4ccccc4SC3C2=O)CC1,CHEMBL142132
CHEMBL503056,CC#C[C@]1(O)CC[C@H]2[C@@H]3CCC4=CC(=O)CCC4=C3[C@@H](c3ccc(N(C)C(=O)NCCCCCC(=O)O)cc3)C[C@@]21C,CHEMBL63396
CHEMBL502291,Cc1ccc(C(CC(N)=O)NC(=O)CC[C@H](C)Nc2cc(-c3cccnc3)nn2-c2ccc(Cl)c(Cl)c2)cc1,CHEMBL63396
CHEMBL502598,CC(C)C[C@H](NC(=O)[C@H](Cc1ccccc1)NC(=O)C1CCCc2ccccc21)B1O[C@@H]2C[C@@H]3C[C@@H](C3(C)C)[C@]2(C)O1,CHEMBL63396
CHEMBL507126,Cc1cn([C@H]2C[C@H](O)[C@@H](CI)O2)c(=O)[nH]c1=O,CHEMBL76607
CHEMBL507130,O=c1[nH]ccc2nc(-c3ccc(CN4CCC(c5n[nH]c(-c6ccccn6)n5)CC4)cc3)c(-c3ccccc3)cc12,CHEMBL3138149
CHEMBL498288,COc1cc(C(=O)O)cc(OC)c1-c1ccc(C=C2C(=O)NC(=S)NC2=O)o1,CHEMBL138253
CHEMBL4529946,COC(CNC(=S)c1c(-c2ccc(Cl)cc2)c2c3n(c(-c4cccc(S(=O)(=O)N5CCOCC5)c4)nn13)CCCC2)OC,CHEMBL3137811
CHEMBL503631,O=C1CCC(CCCN2CCC3(CC2)C(=O)NCN3c2ccccc2)(c2ccc(Cl)c(Cl)c2)CN1Cc1ccccc1,CHEMBL63396
CHEMBL508090,CCCn1c(=O)c2[nH]c(-c3ccco3)c(OS(=O)(=O)O)c2n(CCC)c1=O,CHEMBL69114
CHEMBL508165,O=C1OC(CO)(COC(=O)C(c2ccccc2)c2ccccc2)C/C1=C/c1ccc(-c2ccc(C(F)(F)F)cc2)cc1,CHEMBL63396
CHEMBL4529702,CC(C)CCC[C@](C)(O[C@@H]1O[C@H](CO)[C@@H](O)[C@H](O)[C@H]1O)[C@H]1CC[C@]2(C)[C@@H]1C(=O)C[C@@H]1[C@@]3(C)CC[C@H](O)C(C)(C)[C@@H]3CC[C@]12C,CHEMBL3138144
CHEMBL4529714,O=C(CCN1CC2(CNC2)C1)Nc1sc2c(c1-c1nc3cnccc3s1)CCNC2,CHEMBL304757
CHEMBL505914,CN1CC(C)(NC(=O)Nc2cccc(-c3nnnn3C)c2)C(CN2CCC[C@@H](Cc3ccc(F)cc3)C2)OC1=O.Cl,CHEMBL3137793
CHEMBL502255,CCN1C(=O)/C(=C/c2ccc([N+](=O)[O-])cc2)S/C1=N/c1ccc2oc(=O)ccc2c1,CHEMBL140095
CHEMBL4529798,COc1cc(S(=O)(=O)n2cccn2)c(OC)cc1Br,CHEMBL1340
CHEMBL499350,COc1cc2c(=O)c3c(O)c(CC=C(C)C)c4c(c3oc2c2c1[C@@](C/C=C(\C)C(=O)O)(C(=O)O)OC2(C)C)C(C)(C)[C@@H](C)O4,CHEMBL3138144
CHEMBL4529808,Cc1cccc(CN2CCN(c3c(C)n(Cc4c(F)cccc4F)c(=O)n(C[C@H](N)c4ccccc4)c3=O)CC2)c1,CHEMBL63396
CHEMBL507231,C=C1CC[C@@H]2O[C@]2(COC(=O)CCC)C[C@H]2O[C@@]23[C@H](C(C)(C)O)CC[C@@]3(C)CC1,CHEMBL140095
CHEMBL507237,CC(=O)OC(C)(C)/C=C/C(=O)[C@](C)(O)[C@H]1[C@H](O)C[C@@]2(C)[C@@H]3CC=C4[C@H](C[C@H](O)C(=O)C4(C)C)[C@]3(C)C(=O)C[C@]12C,CHEMBL158693
CHEMBL4529921,CC1Sc2ccc(C(=O)Nc3ccnn3Cc3cccc(Cl)c3Cl)cc2NC1=O,CHEMBL140095
CHEMBL506822,C=C(C)[C@]12O[C@@]3(/C=C/C=C/CCCCC)O[C@@H]1[C@@H]1[C@@H]4O[C@]4(CO)[C@@H](O)[C@]4(O)C(=O)C(C)=C[C@H]4[C@@]1(O3)[C@H](C)[C@H]2OC(C)=O,CHEMBL140805
CHEMBL506823,C=C(CO)[C@@H]1CC[C@]2(C(=O)N[C@@H](CC(C)C)C(=O)O)CC[C@]3(C)[C@H](CC[C@@H]4[C@@]5(C)CC[C@H](O)C(C)(C)[C@@H]5CC[C@]43C)[C@@H]12,CHEMBL63396
CHEMBL508185,CC(=O)OC(C)(C)/C=C/C(=O)[C@](C)(O)[C@H]1[C@H](O)C[C@@]2(C)[C@@H]3CC=C4[C@@H](C[C@H](O)C(=O)C4(C)C)[C@]3(C)C(=O)C[C@]12C,CHEMBL158693
CHEMBL505203,CC1(C)CC(=O)C2=C(C1)Nc1c(O)cccc1N(C(=O)c1cccc(Cl)n1)C2c1ccc(OCc2ccccc2)cc1F,CHEMBL3138144
CHEMBL506841,CC1=CC(=O)[C@@H](O)[C@]2(C)[C@H]3[C@]4(O)OC[C@]35[C@H]([C@@H](C)[C@H]4O)[C@@H](OC(=O)CC(C(C)C)C(C)C)C(=O)O[C@@H]5C[C@@H]12,CHEMBL158693
CHEMBL497808,COCCN(C)Cc1ccn2c(-c3ccnc(N)n3)c(-c3ccc(F)cc3)nc2c1,CHEMBL24473
CHEMBL497809,COc1ccc(CN2CCC(C3(c4ccccc4)CCC(=O)NC3=O)CC2)cc1,CHEMBL24473
CHEMBL498251,Cc1nc2c(N[C@H]3c4ccccc4C[C@@H]3O)cc(-n3cncn3)cn2c1C,CHEMBL69114
CHEMBL499629,CCCCNC(=O)O[C@]1(C(=O)CO)[C@@H](C)C[C@H]2[C@@H]3CCC4=CC(=O)C=C[C@]4(C)[C@@]3(F)[C@@H](O)C[C@@]21C,CHEMBL141624
CHEMBL506959,COc1cc2c(c(OC)c1O)C(=O)[C@H](O)[C@@H](c1ccc(O)cc1)O2,CHEMBL1340
CHEMBL506962,C[C@@H]1CC[C@]2(C(=O)O)CC[C@]3(C)C(=CC[C@@H]4[C@@]5(C)CC[C@H](OC(=O)/C=C/c6ccc(O)cc6)[C@@](C)(CO)[C@@H]5CC[C@]43C)[C@@H]2[C@]1(C)O,CHEMBL3138424
CHEMBL507187,CCCC[C@H](C)[C@@H]1CC(=O)N[C@@H](C(c2ccccc2)c2ccccc2)C(=O)N[C@@H](C)C(=O)N[C@H](CC(C)C)C(=O)O1,CHEMBL63396
CHEMBL507575,Cc1cc2c(c(=O)o1)C(/C=C/c1ccc(N(C)C)s1)=[O+][B-](F)(F)O2,CHEMBL69114
CHEMBL507793,COc1cc(OC)cc(C2C3=C(Nc4cc5c(cc42)OCO5)C(C)OC3=O)c1,CHEMBL69114
CHEMBL507857,COC1=C(C)C(=O)C2=C(C1=O)[C@@H](CO)N1[C@H]3[C@H]4N[C@H](C[C@H]4[C@@H]4OCCN4[C@@H]23)[C@@H]1O,CHEMBL79939
CHEMBL507858,COc1ccc2cc1Oc1ccc(cc1)C[C@H]1c3cc(OC)c(OC)c(c3CCN1C)Oc1c(O)c(OC)cc3c1[C@H](C2)N(C)CC3,CHEMBL3138424
CHEMBL499762,Cc1cc(F)cc(C)c1OCC(=O)N[C@@H](Cc1ccccc1)[C@H](O)C(=O)N1CSC(C)(C)[C@H]1C(=O)N[C@H]1c2ccccc2C[C@H]1O,CHEMBL3137811
CHEMBL497736,O=c1c(C2=CS(=O)(=O)c3cc(F)ccc3N2)c(O)c2cc(F)ccc2n1Cc1ccc(F)cc1,CHEMBL142132
CHEMBL496867,CN1Cc2c(ccc3c2OCO3)[C@@H]2[C@H]1c1cc3c(cc1C[C@@H]2O)OCO3,CHEMBL76607
CHEMBL4529812,CCCn1nc(C(=O)NCC(c2ccc(OC)cc2)N2CCOCC2)c2ccccc2c1=O,CHEMBL140616
CHEMBL4529815,COc1cccc(F)c1-n1cc(-c2ccccc2S(=O)(=O)c2ccc(C(=O)[O-])cc2)nn1.C[N+](C)(C)CCO,CHEMBL158693
CHEMBL496869,CC(C)C1=CC2=CCC3[C@](C)(CCC[C@]3(C)C(=O)NC(CO)C(=O)O)[C@@H]2CC1,CHEMBL24473
CHEMBL495322,CC(=O)N1CCN(C(=O)c2cc(Cc3n[nH]c(=O)c4ccccc34)ccc2F)CC1,CHEMBL138253
CHEMBL4529863,Cc1cc(CN2C(=O)c3ccc(Cl)cc3NC(=O)[C@H]2Cc2ccccn2)ccc1C(=O)Nc1ccc(C#N)cn1,CHEMBL3138149
CHEMBL4529864,COc1ccc(CCNC(=O)N2CCc3cc(OC)c(OC)cc3C2c2cccc([N+](=O)[O-])c2)cc1OC,CHEMBL141624
CHEMBL4529866,CCCn1nc(C(=O)N(C)C)c2c1CCC(NC(=O)c1ccc(F)cc1)C2,CHEMBL24473
CHEMBL1796635,COc1c(C)cnc(C[S+]([O-])c2nc3cc(Oc4ccccc4)c(NC(C)=O)cc3[nH]2)c1C,CHEMBL140616
CHEMBL499897,CCCCCCCCCNC1CCNCC1,CHEMBL153094
CHEMBL499898,CCOCCOCCOCCNC1CCNCC1,CHEMBL153094
CHEMBL501719,CC(=O)Nc1cccc2c(Oc3cncc(Nc4ccc5c(c4)C(=O)OC5)n3)cccc12,CHEMBL140095
CHEMBL498583,CC(C)C(=O)N1CCN(c2ccc(N3C[C@H](Cn4ccnn4)OC3=O)cc2F)CC1,CHEMBL138253
CHEMBL500422,Nc1nccc(Oc2ccc(NC(=O)NC(=O)Cc3ccc(F)cc3)cc2F)c1C#Cc1ccccn1,CHEMBL141624
CHEMBL502454,COCCNC(=O)[C@@H]1[C@@H](CO)[C@@H]2Cn3c(cccc3=O)[C@H]1N2c1nc(-c2ccc(Cl)cc2)c(-c2ccccc2)s1,CHEMBL3137793
CHEMBL502455,Cc1nc(C(=O)N2c3cccc(O)c3NC3=C(C(=O)CC(C)(C)C3)[C@@H]2c2ccc(OCc3ccccc3)cc2F)c(C)o1,CHEMBL3138144
CHEMBL502465,C=C(C)[C@@H]1CC[C@]2(C(=O)O)CC[C@]3(C)[C@H](CC[C@@H]4[C@@]5(C)CC[C@H](O[C@@H]6O[C@@H](CO)[C@H](O)[C@H]6O)C(C)(C)[C@@H]5CC[C@]43C)[C@@H]12,CHEMBL3138144
CHEMBL498752,O=C1NC(NCc2ccccc2)=N/C1=C\c1c[nH]c2ncc([N+](=O)[O-])cc12,CHEMBL79939
CHEMBL498753,Nc1cnc2[nH]cc(/C=C3\N=C(NCc4ccccc4)NC3=O)c2c1,CHEMBL1340
CHEMBL501092,CCC[C@@H](OC(C)=O)C1=C(Br)[C@@](CI)(OC)OC1=O,CHEMBL142132
CHEMBL503287,COc1ccc2c(O[C@@H]3C[C@@H](CC(=O)NC4(C(=O)O)CC4)N(C(=O)[C@@H](NC(=O)OC(C)(C)C)C(C)C)C3)cc(-c3ccccc3)nc2c1,CHEMBL3137811
CHEMBL503325,CS(=O)(=O)Nc1ccc2c(c1)S(=O)(=O)C=C(c1c(O)c3cc(F)ccc3n(Cc3ccc(F)c(Cl)c3)c1=O)N2,CHEMBL3138144
CHEMBL497757,COc1ccc2c(c1)c1cc(OC)c(OC)cc1c1cc3[n+](cc21)CCC3.[Cl-],CHEMBL69149
CHEMBL501732,O=c1nc(-c2ccc3[nH]ncc3c2)cc(-c2ccc(N3CCNCC3)cc2)[nH]1,CHEMBL69114
CHEMBL504183,N#C/C=C/CNC(=O)CN1C(=O)[C@@H](COC(=O)Nc2ccc(Cl)cc2C(F)(F)F)N=C(c2ccccc2)c2ccccc21,CHEMBL3138144
CHEMBL504186,CO[C@H]1[C@@H]2C[C@@H]3[C@H]1[C@](O)(C[C@@H]2OC)[C@]1(O)C2NC[C@]4(COC(=O)c5ccccc5N5C(=O)CC(C)C5=O)CC[C@H](OC)[C@@]23[C@@H]4[C@@H]1OC,CHEMBL3137762
CHEMBL504191,CN(CCN1CCCCC1)C(=O)N1CCC2(CC1)NC(=O)c1ccccc12,CHEMBL76607
CHEMBL504194,C/C(=C\c1cccnc1)c1ccc(C(=O)/N=c2\[nH]c3cc(N(C)C(=O)c4ccccc4)ccc3n2CCC(N)=O)s1,CHEMBL63396
CHEMBL498133,Nc1ncnc(Nc2ccc3c(cnn3Cc3cccc(F)c3)c2)c1/C=N/N1CCOCC1,CHEMBL140616
CHEMBL500240,COc1ccc(-c2ccc(C(=O)Nc3cccc(Cn4ncc(N5CCNC(C(N)=O)C5)c(Cl)c4=O)c3C)cc2)cn1,CHEMBL3137793
CHEMBL502593,O=C1NCN(c2ccccc2)C12CCN(CCOC1(c3ccc(Cl)c(Cl)c3)CCN(S(=O)(=O)c3ccccc3)C1)CC2,CHEMBL3138173
CHEMBL507311,CC(=O)OC1CCCC(OP(=O)(OC2CCCC(OC(C)=O)C2)c2ccc(-c3nc4c(N)ncnc4n3CCc3ccccc3)o2)C1,CHEMBL3138174
CHEMBL507312,CSc1nc(N)c2nc(-c3ccc(P(=O)(O)O)o3)n(CC(C)C)c2n1,CHEMBL79939
CHEMBL508172,CON1C(=O)[C@@]2(C[C@@H]3N=C([C@@H](C)C[C@H]4C(=O)OC[C@H]5[C@@H]4[C@@H](O)C[C@@H]5C)[C@@H]4[C@@H](O)[C@H]2OC[C@@H]43)c2ccccc21,CHEMBL158693
CHEMBL508209,CCN(CC)c1nc(C)c2nc(SCC(=O)NCCCN)n(CCn3cncn3)c2n1,CHEMBL543319
CHEMBL508214,CC(C)C[C@H](O)C[C@@H](C)[C@H]1CC[C@@]2(C)[C@@H]3CC[C@H]4[C@](C)(CO)[C@@H](OS(=O)(=O)[O-])CC[C@@]45C[C@@]35CC[C@]12C.[Na+],CHEMBL3138149
CHEMBL498610,CC(=O)Nc1nc2c(Oc3cc(-c4ccc(C(F)(F)F)cc4NC(=O)[C@@H]4CCCN4)ncn3)cccc2s1,CHEMBL3137793
CHEMBL501866,CCCCC(=O)O[C@H]1CC[C@@]2(C)[C@H](CC[C@@H]3[C@@H]2CC[C@]2(C)[C@@H]([C@]45C=CC(=O)O[C@H]4O5)C[C@H]4O[C@]342)C1,CHEMBL140616
CHEMBL4529925,CC(n1nnnc1CCN1CCN(c2ccc(F)cc2)CC1)C(O)(Cn1cncn1)c1ccc(F)cc1F,CHEMBL141624
CHEMBL4529926,COC[C@@]12CC[C@H](OC)[C@@]34[C@@H]5C[C@@]6(O)[C@H](OC(=O)c7ccccc7)[C@@H]5[C@@](OC(C)=O)([C@@H]([C@H](OC)[C@H]13)[C@@H]4N(C)C2)[C@@H](O)[C@@H]6OC,CHEMBL3137762
CHEMBL508064,CN(C)CCNC(=O)/C=C/c1cccc(/C=C2\Oc3ccccc3NC2=O)c1,CHEMBL24473
CHEMBL497697,CN/N=C/c1c(N)ncnc1Nc1ccc2c(cnn2Cc2cccc(F)c2)c1,CHEMBL69114
CHEMBL1242444,COc1ccccc1N1CCN(C[C@H]2CO[C@](CN3CCCC3=O)(c3ccccc3)O2)CC1,CHEMBL140616
CHEMBL502328,COC(=O)[C@@]12OC[C@]34[C@H](CC(=O)[C@H](OC(=O)c5ccccc5)[C@@H]13)C[C@@H](C(C)=O)[C@](C)(CC(=O)O)[C@H]4[C@@H](O)[C@@H]2O,CHEMBL158693
CHEMBL497854,Cc1cc(CNc2ncc(Br)c(Nc3cc(C4CC4)[nH]n3)n2)on1,CHEMBL69114
CHEMBL500321,C=C1C[C@@]23C[C@@H]1CC[C@H]2[C@]1(C)CC[C@@H](OC(=O)c2cccc([N+](=O)[O-])c2)[C@](C)(COC(C)=O)[C@@H]1C[C@@H]3OC(=O)c1cccc([N+](=O)[O-])c1,CHEMBL3138174
CHEMBL500322,COc1ccc(/C=C2\CN(C)C[C@@]3(C2=O)[C@@H](c2ccc(OC)cc2)[C@H](c2ccccc2)N[C@@]32C(=O)Nc3ccccc32)cc1,CHEMBL3138144
CHEMBL503090,O=C(Cc1ccc(F)cc1)NC(=O)Nc1ccc(Oc2ccnc3[nH]ccc23)c(F)c1,CHEMBL140095
CHEMBL503948,N=c1c(N)c(O)ncn1CC(=O)c1ccc(I)cc1,CHEMBL13630
CHEMBL505711,CCC[C@@H](O)C1=C(Br)/C(=C/I)OC1=O,CHEMBL76607
CHEMBL500593,C=Cc1c(C)c2cc3nc(c4c5[nH]c(cc6nc(cc1[nH]2)C(C)=C6CC)c(C)c5C(=O)[C@]4(O)C(=O)OC)[C@@H](CCC(=O)OC)[C@@H]3C,CHEMBL3138144
CHEMBL500671,COc1ccccc1N1CCN(C(C)CN2C(=O)C3Sc4ccccc4C3N(C)C2=O)CC1,CHEMBL140616
CHEMBL500672,COc1ccccc1N1CCN(CCN2C(=O)C3Oc4ccccc4C3N(C)C2=O)CC1,CHEMBL138253
CHEMBL498232,C=CC(C)(C)c1c(O)cc(OC)c2c1O[C@@]13C[C@H]4[C@@H](C=C1C2=O)[C@](CC=C(C)C)(OC4(C)C)C3=O,CHEMBL140616
CHEMBL508237,CCN(CC)c1nc(C)c2nc(SCC(=O)NCCN)n(CCCn3cncn3)c2n1,CHEMBL543319
CHEMBL498327,CN(C)CCn1cc(-c2ccc3c(c2)CC/C3=N\O)c(-c2ccncc2)n1,CHEMBL69114
CHEMBL498329,O=C(Cn1c(=O)oc2ccc(Cl)cc21)N1CCN(S(=O)(=O)c2ccccc2)CC1CN1CCCC1,CHEMBL141624
CHEMBL498330,N#Cc1cccc(S(=O)(=O)N2CCN(C(=O)Cn3c(=O)oc4ccc(Cl)cc43)C(CN3CCCC3)C2)c1,CHEMBL158693
CHEMBL498331,Cc1cc(C)c2occ(/C=C(/c3ccc([N+](=O)[O-])cc3)c3nnn[nH]3)c(=O)c2c1,CHEMBL69114
CHEMBL499630,CCCCCNC(=O)O[C@]1(C(=O)CO)[C@@H](C)C[C@H]2[C@@H]3CCC4=CC(=O)C=C[C@]4(C)[C@@]3(F)[C@@H](O)C[C@@]21C,CHEMBL141624
CHEMBL501205,COC(=O)c1ccc(Cn2c(=O)cc(Nc3ccc4c(c3)CCC4)[nH]c2=O)o1,CHEMBL69114
CHEMBL501206,COc1ccccc1N1CCN(CCCN2C(=O)NC3c4ccccc4NC3C2=O)CC1,CHEMBL304757
CHEMBL505261,O=c1c2c(-c3ccc(Cl)cc3)c3c(nc2nc2[nH]nc([C@H](O)[C@H](O)[C@H](O)[C@H](O)CO)n12)/C(=C/c1ccc(Cl)cc1)CCC3,CHEMBL3138144
CHEMBL4529705,Cc1nn(-c2ccccc2)c(-n2ccnc2)c1C1CC(c2ccc(O)cc2)=NN1,CHEMBL24473
CHEMBL506632,CNS(=O)(=O)c1ccc2c(c1)/C(=C1\C(=O)N([C@@H]3O[C@H](COC(C)=O)[C@@H](OC(C)=O)[C@H](OC(C)=O)[C@H]3OC(C)=O)c3ccccc31)C(=O)N2,CHEMBL307401
CHEMBL505008,Cc1ccc2c(Cc3nn4c(CO)c(-c5ccc(Br)cc5)nc4s3)coc2c1,CHEMBL140616
CHEMBL495477,CCCC(=O)O[C@]1(C)CCC2[C@@H]3C4OC(C[C@](C)(O)[C@H](O)CC[C@]4(C)OC(=O)[C@@H]2C)[C@@H]31,CHEMBL304757
CHEMBL496562,O=c1cc(O)c2ccc3c(c2o1)[C@@H](O)[C@@H](O)C1(O3)C2CC3CC(C2)CC1C3,CHEMBL76607
CHEMBL496635,C=C1C(=O)O[C@H]2[C@H]1[C@H](OC(=O)/C(C)=C\C)C[C@@]1(C)[C@H](O)C[C@H](O)C(=C)[C@@H]21,CHEMBL79939
CHEMBL500030,O=C(O)C(F)(F)F.O=C(O)[C@@]1(N(CCn2cnc3ncncc32)S(=O)(=O)c2ccc(-c3ccc(Cl)cc3)cc2)C[C@H]1c1ccccc1,CHEMBL264879
CHEMBL500032,C=C(C)[C@@H](O)CC[C@@H](C(=O)O)[C@H]1CC[C@@]2(C)[C@@H]3CC[C@H]4[C@](C)(C(=O)OC)[C@@H](O)C[C@H](O)[C@@]45C[C@@]35CC[C@]12C,CHEMBL3138149
CHEMBL501756,COc1cc2c(cc1OC)[C@@]13CCN4CC5=CCO[C@H]6CC(=O)N2[C@H]1[C@H]6[C@H]5C[C@H]43,CHEMBL76607
CHEMBL503217,OC[C@H]1O[C@@H](n2cnc3c(NCCC(c4ccccc4)c4ccccc4)nc(NCc4cccc5ccccc45)nc32)[C@H](O)[C@@H]1O,CHEMBL3137762
CHEMBL503980,C[C@@H]1CN(c2ncc3cc(-c4ccccc4)c(-c4ccc(CN5CCC(c6nnc(-c7ccccn7)[nH]6)CC5)cc4)nc3n2)CCN1,CHEMBL3138144
CHEMBL502561,COc1ccc2c(c1)c(O)c(C1=CS(=O)(=O)c3cc(NS(C)(=O)=O)ccc3N1)c(=O)n2Cc1ccc(F)cc1,CHEMBL3137793
CHEMBL4529872,Cc1ccc(NC(=O)c2cc(Oc3ccc(S(C)(=O)=O)cc3)c3c(c2)OC(C)(C)C3)nc1,CHEMBL140616
CHEMBL498866,CCCc1nn(C)c2c(=O)[nH]c(-c3cc(S(=O)(=O)N4CCN(c5ccc([N+](=O)[O-])cc5)CC4)ccc3OCC)nc12,CHEMBL140805
CHEMBL498868,C[C@@H](S[C@H]1CO[C@H](c2ccc(C(=O)Nc3ccc(SC(F)(F)F)cc3)cc2)OC1)[C@](O)(Cn1cncn1)c1ccc(F)cc1F,CHEMBL3137811
CHEMBL501242,O=C(N[C@@H](Cc1ccccc1)[C@H](O)C(=O)Nc1cccc(-c2nn[nH]n2)c1)c1cc(Cl)cc(C(=O)N2COC[C@@H]2c2ccc(F)cc2)n1,CHEMBL3137811
CHEMBL503331,CCOc1cccc(-n2cc(C(=O)N3CCN(c4cnc5ccccc5c4)C[C@H]3CNC(C)=O)nc2-c2ccc(C)cc2)c1,CHEMBL3138173
CHEMBL503392,O=C1C2=C(CCCC2)S(=O)(=O)N1c1c(F)c(F)c(F)c(F)c1F,CHEMBL76607
CHEMBL503393,CCNC(=O)Nc1nc2cc(-c3cccnc3)cc(-c3cncnc3)n2n1,CHEMBL69114
CHEMBL497907,CS(=O)(=O)Nc1ccc2c(c1)S(=O)(=O)C=C(c1c(O)c3cc(F)ccc3n(Cc3ccncc3)c1=O)N2,CHEMBL158693
CHEMBL504383,COc1ccc(N2CCc3c(-n4ccc(-c5nccs5)n4)ccnc32)c(C)n1,CHEMBL24473
CHEMBL504387,CO[C@]12C=C[C@](C)(O1)[C@@H](OC(=O)/C=C/c1cn(C)cn1)C[C@H]1C(C)=CC[C@H](C(C)C)[C@H]1/C=C\2CO[C@@H]1OC[C@@H](O)[C@@H](O)[C@@H]1OC(C)=O,CHEMBL3137811
CHEMBL498207,Nc1nccc(-c2cc3c([nH]2)C(CCOCc2ccccc2)CNC3=O)n1,CHEMBL69114
CHEMBL500387,CC(=O)O[C@@]12[C@H](OC(=O)[C@@H](C(C)C)N(C)C)[C@@H](C)[C@]3(O)[C@@H]4C=C(C)C(=O)[C@@H]4CC(CO)=C[C@H]3[C@@H]1C2(C)C,CHEMBL141624
CHEMBL502606,CC(C)(C)CCC1(NC(=O)c2ccccc2)C(=O)C(C2=NS(=O)(=O)c3cc(NS(C)(=O)=O)ccc3N2)=C(O)c2ccccc21,CHEMBL3137811
CHEMBL502625,C/C=C(\C)C(=O)O[C@@H]1[C@@H]2[C@H]([C@H](OC(=O)/C(C)=C/C)[C@H](OC(C)=O)/C(C)=C/[C@@]34O[C@@]3(C[C@H](C)[C@@H]4OC(C)=O)C(=O)[C@@H]1C)C2(C)C,CHEMBL3138424
CHEMBL498446,O=C1NC(NCc2ccc(Cl)cc2)=N/C1=C\c1c[nH]c2ncccc12,CHEMBL76607
CHEMBL500803,COc1ccc2nc3cc(Cl)ccc3c(NCCNCc3ccc(CO[C@H]4O[C@@H]5O[C@@]6(C)CC[C@H]7[C@H](C)CC[C@@H]([C@H]4C)[C@@]57OO6)cc3)c2c1,CHEMBL264879
CHEMBL508222,COc1ccc(C2C=C(c3cc(OC)c(OC)c(OC)c3)NC(=S)N2)cc1O,CHEMBL24473
CHEMBL508223,CC(C)C[C@@H]1OC(=O)[C@H](C)NC(=O)[C@H](C(C)C)OC(=O)[C@H](C)N(C)C(=O)[C@@H](C)NC(=O)[C@@H](Cc2ccccc2)N(C)C1=O,CHEMBL2113371
CHEMBL501878,CCCCN1CNc2c(NCc3ccc(Br)cc3)nc(C#N)nc21,CHEMBL24473
CHEMBL508098,CN1CCN(c2ccc3nc(-c4ccccc4)c(-c4ccc(CN5CCC(c6nnc(-c7ncccn7)[nH]6)CC5)cc4)nc3n2)CC1,CHEMBL3138173
CHEMBL512894,CS(=O)(=O)c1ccccc1CNc1nc(Nc2ccc(N3CCOCC3)cc2)ncc1C(N)=O,CHEMBL138920
CHEMBL1205984,CCC(=O)OCC1=C(C(=O)O)N2C(=O)/C(=C/c3ccccn3)C2S(=O)(=O)C1,CHEMBL79939
CHEMBL1659,CN(C)CCC(c1ccc(Cl)cc1)c1ccccn1.O=C(O)/C=C\C(=O)O,CHEMBL24473
CHEMBL514540,CCOC(=O)C1=NOC(c2ccc(N3CCN(C(=O)OC(C)(C)C)CC3)cc2)C1,CHEMBL24473
CHEMBL510212,O=C1CCC(N2C(=O)c3ccccc3C2=O)C(=O)N1CSC(=S)NNc1ccccc1,CHEMBL304757
CHEMBL1242542,COc1ccccc1N1CCN(C[C@@H]2CO[C@@](CN3CCCCC3=O)(c3ccccc3)O2)CC1,CHEMBL140616
CHEMBL511924,COc1ccc(S(=O)(=O)n2nc(-c3nc(CN)no3)c3ccccc32)cc1OC,CHEMBL304757
CHEMBL513494,C/C(=C\COc1c2ccoc2cc2oc(=O)ccc12)CCC(O)C(C)(C)O,CHEMBL24473
CHEMBL514001,Cc1ccc([C@H](Nc2c(Nc3cccc(C(=O)N(C)C)c3O)c(=O)c2=O)[C@H](C)F)o1,CHEMBL24473
CHEMBL510398,CCOc1cc(N2CCOCC2)cc(OCC)c1NC(=O)COC(=O)c1ccc([N+](=O)[O-])o1,CHEMBL543319
CHEMBL4529835,CC1(c2ccc(C#N)cc2)NC(=O)N(CC(=O)c2ccccn2)C1=O,CHEMBL1340
CHEMBL4529836,O=C(c1c(O)cc(O)cc1Nc1ccnn1Cc1ccc(C(F)(F)F)cc1)N1Cc2cccnc2C1,CHEMBL141624
CHEMBL513401,CN1CCC(c2ccc(Nc3ncc(C(N)=O)c(NCc4ccccc4)n3)cc2)CC1,CHEMBL24473
CHEMBL510740,COc1c(NC(C)=O)cc(C(C)(C)C)cc1NC(=O)Nc1ccc(-c2ccc(CN3CCOCC3)nc2)c2ccccc12,CHEMBL3138144
CHEMBL512342,O=C1NC(=O)c2c1c(-c1ccccc1Cl)cc1c2c2cc(O)ccc2n1CCc1nnn[nH]1,CHEMBL140616
CHEMBL1242624,CCN1C[C@]2(COC)CC[C@H](O)[C@]34C1[C@](O)(C[C@H]23)[C@@]1(O)C[C@H](OC)[C@H]2C[C@@H]4[C@@H]1[C@H]2OC(C)=O,CHEMBL138920
CHEMBL512526,COc1ccc2c3c1O[C@H]1C(=O)CC[C@@]4(OC(=O)/C=C/c5ccc(Cl)cc5)[C@@H](C2)N(CC2CC2)CC[C@]314,CHEMBL141624
CHEMBL3350990,COc1cc2c(c(O)c1OC)[C@H](C)[N+](C)(C)CC2.[I-],CHEMBL76607
CHEMBL4529932,O=c1[nH]cnc2c(-n3cc(C4CCN(C5CCCC5)CC4)cn3)nccc12,CHEMBL69114
CHEMBL4529934,Cc1ccc(-c2ccc3nn(CC(=O)N4CCN(c5ccc(F)cc5)CC4)c(=O)n3n2)cc1C,CHEMBL140616
CHEMBL3350993,CCN1CC[C@]23c4c5ccc(O)c4O[C@H]2[C@@]2(OC)CC[C@@]3(C[C@@H]2C(C)(C)O)[C@H]1C5,CHEMBL69114
CHEMBL4529950,O=C(Nc1ccccc1)C1=C(O)[C@@H]2Oc3c(O)ccc4c3[C@@]23CCN(CC2CC2)[C@H](C4)[C@]3(O)C1,CHEMBL353861
CHEMBL4529955,CCc1nc(C(N)=O)c(Nc2ccc3c(c2)CCN(C(=O)C2(N)CC2)CC3)nc1NC1CCOCC1,CHEMBL138920
CHEMBL4529959,CCOC(=O)Cn1c(C)cc(=O)n2cc(-c3ccc(Cl)cc3)nc12,CHEMBL76607
CHEMBL3350995,CO[C@]12CC[C@@]3(C[C@@H]1C(C)(C)O)[C@H]1Cc4ccc(O)c5c4[C@@]3(CCN1CCCCF)[C@H]2O5,CHEMBL140616
CHEMBL512973,COCCSc1ncnc2c1cnn2-c1ncnc2sc3c(c12)-c1ccccc1CC3,CHEMBL140616
CHEMBL513379,COc1ccc(C(=O)OCC2(CO)C/C(=C/c3ccccn3)C(=O)O2)cc1,CHEMBL79939
CHEMBL514660,Nc1ncnc2c1nc(-c1ccc(P(=O)(O)O)o1)n2CCC1CCCCC1,CHEMBL69114
CHEMBL514679,CS(=O)(=O)Nc1ccc2c(c1)S(=O)(=O)N=C(C1=C(O)C3CCCC3N(Cc3ccc(F)cn3)C1=O)N2,CHEMBL158693
CHEMBL510112,COc1cc2nccc(Oc3ccc(NC(=S)NC(=O)Cc4ccccc4)cn3)c2cc1OC,CHEMBL140616
CHEMBL512974,C=C1C(=O)[C@]23[C@H](OC(=O)CN)[C@@H]1CC[C@H]2[C@@]12CO[C@]3(O)[C@@H](O)[C@@H]1C(C)(C)CCC2=O,CHEMBL304757
CHEMBL509832,CC#C[C@]1(O)CC[C@H]2[C@@H]3CCC4=CC(=O)CCC4=C3[C@@H](c3ccc(N(C)CCC(=O)Nc4ccc(C(N)=O)c(O)c4)cc3)C[C@@]21C,CHEMBL3138144
CHEMBL512353,Nc1nc(OC(c2sccc2-c2ccco2)C(F)(F)F)cc(-c2ccc(C[C@H](N)C(=O)O)cc2)n1,CHEMBL141624
CHEMBL509850,COc1cc([C@@H]2c3cc4c(cc3C[C@H]3COC(=O)[C@@H]32)OCO4)cc2c1OCO2,CHEMBL76607
CHEMBL511760,CC(=O)n1nc(-c2nc(CNC(=O)OC(C)(C)C)no2)c2ccccc21,CHEMBL76607
CHEMBL1205886,O=C(Nc1cc(C(F)(F)F)cc(NC(=O)c2nnn[nH]2)c1Cl)c1nnn[nH]1,CHEMBL79939
CHEMBL1205912,C[C@@H](O)[C@H]1C(=O)N2C(C(=O)O)=C(c3ccc4c5cccnc5n(C)c4c3)C[C@H]12,CHEMBL76607
CHEMBL1765856,COC(=O)c1cccc(-c2cnc(C(=O)[C@@H]3CCc4cc(OCc5ccccc5)ccc4C3)o2)n1,CHEMBL140616
CHEMBL1911834,[N-]=[N+]=N[C@]1(CO)O[C@@H](n2cc(F)c3c(N)ncnc32)[C@@H](F)[C@@H]1O,CHEMBL13630
CHEMBL4529842,CN(C)c1ccc(C(=O)N2CCC(c3nc4cc(OS(=O)(=O)c5cccc6cnccc56)ccc4[nH]3)CC2)cc1,CHEMBL3137793
CHEMBL513875,Cc1ccc2c(N3CCN(CCc4cccc5c4OCC(=O)N5C)[C@H](C)C3)cc(F)cc2n1,CHEMBL140616
CHEMBL1242527,CCn1cc(C(=O)N2N=C(c3cc4ccccc4o3)CC2c2ccc(O)cc2)c(=O)c2ccc(C)nc21,CHEMBL140616
CHEMBL4529878,CC(C)CNC(=O)CN1CCN(c2nc(-c3cccs3)nc3sc4c(c23)CCC4)CC1,CHEMBL140616
CHEMBL4529880,CCN1C[C@]2(COC)CC[C@H](OC)[C@@]34[C@@H]5C[C@@]6(O)[C@H](OC(=O)c7ccccc7)[C@@H]5[C@](OC)([C@@H](O)[C@@H]6OC)[C@@H](C[C@H]23)[C@H]14,CHEMBL3137793
CHEMBL510014,CCOP(=S)(OCC)SCSCC,CHEMBL153094
CHEMBL510181,CCOC(=O)CNc1nc(N2CCN(C)CC2)nc2ccc(Cl)cc12,CHEMBL79939
CHEMBL510183,CCC(=O)N1c2c(O)cccc2[C@]23CCN4CCC[C@@]5(CC[C@@H]12)CC(=O)O[C@@]453,CHEMBL76607
CHEMBL4529942,COCCNCCC(=O)Nc1sc2c(c1-c1nc3c(C(F)F)nc(C)cc3s1)CCNC2,CHEMBL141624
CHEMBL513003,CN1C(=O)C(Cc2ccc(C(=N)N)cc2)Oc2cc(N(Cc3ccccc3)C(=O)C(=O)O)ccc21,CHEMBL140616
CHEMBL514623,O=C([C@@H]1C[C@H](N2CCN(c3ncccn3)CC2)CN1)N1CC[C@H](F)C1,CHEMBL13630
CHEMBL511922,COC[C@H]1OC(=O)/C(=C\N(C)c2ccncc2)C2=C(O)C(=O)C3=C([C@H](OC(C)=O)C[C@]4(C)C(=O)CC[C@@H]34)[C@]21C,CHEMBL158693
CHEMBL514541,O[C@@H]1[C@H](O)[C@@H](CCl)O[C@H]1n1cnc2c(NC3CC4CCC3C4)nc(Cl)nc21,CHEMBL304757
CHEMBL4529723,N#Cc1ccccc1N1CC[C@](O)(C(=O)NCc2cc(F)cc(Cl)c2)C1=O,CHEMBL76607
CHEMBL513556,CC[N+]1([O-])C[C@]2(C)CC[C@H](OC)[C@]34C1[C@H]([C@@H](O)[C@H]23)[C@@]1(O)CC[C@H]2C[C@@H]4[C@@H]1C(=O)O2,CHEMBL304757
CHEMBL510564,CCN(CC)C(=O)c1ccc(C[n+]2cn3cc(C4=C(C(=O)[O-])N5C(=O)[C@H]([C@@H](C)O)[C@H]5[C@H]4C)sc3c2SC)cc1,CHEMBL140805
CHEMBL513426,C=C1C(=O)O[C@@H]2[C@@H]1C[C@H]1O[C@]1(CO)CC/C=C(\C)CC/C=C(\C)[C@@H]2O,CHEMBL76607
CHEMBL512912,CCOC(=O)c1c2c(n3cccc(Br)c13)C(=O)c1cccnc1C2=O,CHEMBL69149
CHEMBL513081,CC(=O)O[C@H]1C[C@H](O)[C@H](C)[C@H]2[C@@]1(C)[C@]1(OC(C)=O)CC/C(C)=C\[C@@H]3OC(=O)[C@@]4(C)O[C@]34[C@]21O,CHEMBL353861
CHEMBL4530421,CC[C@@H]1CN2CC[C@]3(Nc4cccc(O)c4C3=O)[C@@H]2C[C@@H]1/C(=C\OC)C(=O)OC,CHEMBL138253
CHEMBL510579,C=C1CC[C@H](OC(C)=O)[C@]2(C)[C@@H](OC(=O)COC(=O)CC(C)C)/C=C\C(=C)[C@H](Cl)[C@@H]3OC(=O)[C@H](C)[C@@]3(O)[C@@H](OC(C)=O)[C@@H]12,CHEMBL3137811
CHEMBL513027,Nc1ccc(-c2cccs2)cc1NC(=O)c1ccc(N2CCC3(CC2)NC(=O)NC3=O)nc1,CHEMBL353861
CHEMBL513383,C=CC[C@@H]1C=C[C@H](O/N=C2\[C@H]3CCn4c(=O)n(-c5ccccc5)c(=O)n4[C@H]3[C@H](O)[C@@H]3O[C@H]23)[C@@H](CO)O1,CHEMBL138920
CHEMBL510254,N[C@@H]1CSCON2CCc3c([nH]c4ccc(O)c(Br)c34)[C@H]12,CHEMBL76607
CHEMBL510268,C=C1CC[C@]2(C)CC[C@]3(C)[C@H]4[C@H](OC(C)=O)C[C@]5(COC(C)=O)[C@@H](C)OC(=O)[C@H]6O[C@H]6[C@H]5[C@]4(C)CC[C@@]3(C(=O)OC)[C@]2(O)C1,CHEMBL3138173
CHEMBL510420,COc1cc(OC)c2c(c1I)CC(C)(C)NC2,CHEMBL76607
CHEMBL514555,CCN1CC(c2nc(C(=O)NCc3ccc(F)cc3S(C)(=O)=O)c(O)c3ncccc23)CC1=O,CHEMBL138920
CHEMBL514573,Cc1cn([C@H]2CO[C@@H](COC(=O)[C@@H](N)Cc3ccccc3)O2)c(=O)[nH]c1=O.Cl,CHEMBL304757
CHEMBL513664,CCO[C@@H](C1=CC2C(c3ccc(OC)cc3)=NN(c3ccccc3)C2N=C1)[C@H](OC)[C@@H](O)COC,CHEMBL543319
CHEMBL514014,COc1cc(Cc2cc3c(Nc4cccc(Br)c4)nc(N)nc3[nH]2)cc(OC)c1OC,CHEMBL141624
CHEMBL512416,Cc1ccc(S(=O)(=O)n2cc(C=C3C(=O)NC(=O)NC3=O)c3ccccc32)cc1,CHEMBL138253
CHEMBL509964,CC(=O)O[C@H]1CC[C@@H](C)[C@]23OC(C)(C)[C@H](C[C@H](OC(=O)c4ccccc4)[C@]12COC(=O)c1ccccc1)[C@H]3OC(C)=O,CHEMBL3137793
CHEMBL4530158,COc1ncc(-c2ccc(-c3cnc4c(c3)CN(C)C4=O)s2)cc1[N-]S(=O)(=O)c1ccccc1[N+](=O)[O-].[Na+],CHEMBL158693
CHEMBL4530161,N#Cc1c(Oc2ccc(F)c(NC(=O)Cc3cccc(C(F)(F)F)c3)c2)ccc2nc(NC(=O)c3ccccc3)sc12,CHEMBL3138144
CHEMBL1205922,COC(=O)/C(Cl)=C/C1=C(C(=O)O)N2C(=O)/C(=C/c3ccccn3)C2S(=O)(=O)C1,CHEMBL304757
CHEMBL509844,CC(=O)O[C@@H]1[C@@H]2[C@@H](OC(=O)c3ccco3)[C@]3(OC2(C)C)[C@H](C)CC[C@H](OC(C)=O)[C@@]3(C)[C@H]1OC(=O)c1ccco1,CHEMBL158693
CHEMBL509385,CC(=O)O[C@@H]1[C@@H]2[C@@H](OC(C)=O)C=C3[C@H]([C@H](O)C[C@]4(C)[C@@H]([C@H](C)[C@H](O)CCC(C)C)CC[C@@H]34)[C@@]2(C)CC[C@@H]1O,CHEMBL3138149
CHEMBL513213,C=C[C@@]1(C)CCC2=C(C1)C(=O)C[C@H]1[C@@](C)(CO[C@@H]3O[C@H](CO)[C@@H](O)[C@@H](O)[C@@H]3O)C(=O)[C@H](O)C[C@]21C,CHEMBL138920
CHEMBL510160,C=C1C(=O)[C@]23C[C@H]1C[C@@H](O)[C@H]2[C@@]12CO[C@@H](O)[C@@H]1C(C)(C)CC[C@@H]2OC3=O,CHEMBL76607
CHEMBL510169,CC(C)=CC(=O)O[C@@H]1/C=C/[C@@](C)(C/C=C/C(C)(C)O)C/C=C(/CO)C(=O)/C=C/[C@@]1(C)O,CHEMBL353861
CHEMBL513901,Cc1cc(C)c2occ(/C=C3/SC(=O)N(CC(=O)O)C3=O)c(=O)c2c1,CHEMBL76607
CHEMBL510021,COc1cccc(-c2cc(C(=O)NN3CCOCC3)cc3cc(C(O)(c4ccc(C#N)cc4)c4cncn4C)oc23)c1,CHEMBL158693
CHEMBL1206147,CC(C)n1c(CC[C@@H](O)C[C@@H](O)CC(=O)O)c(-c2ccc(F)cc2)c2c3ccccc3n(-c3cccc(F)c3)c(=O)c21,CHEMBL63396
CHEMBL510185,COc1ccc2nc3cc(Cl)ccc3c(NCCCCNC(=O)C[C@H]3O[C@@H]4O[C@@]5(C)CC[C@H]6[C@H](C)CC[C@@H]([C@H]3C)[C@@]46OO5)c2c1,CHEMBL3137811
CHEMBL1206148,CC(C)n1c(CC[C@@H](O)C[C@@H](O)CC(=O)O)c(-c2ccc(F)cc2)c2c3ccccc3n(Cc3cccc(F)c3)c(=O)c21,CHEMBL63396
CHEMBL514385,O=C([C@@H]1CCc2ccc(OCc3cc(F)ccc3F)c(=O)n21)N1CCCC1,CHEMBL76607
CHEMBL4530549,COc1ccc(-c2cc3c(s2)C(=O)N(CC[C@](C)(C(=O)NO)S(C)(=O)=O)C3)c(F)c1,CHEMBL138920
CHEMBL511916,CCO[C@@H](C1=CC2C(C)=NN(c3ccccc3)C2N=C1)[C@H](O)[C@@H](O)CO,CHEMBL1340
CHEMBL4529961,COc1cc2c(cc1OC)CN(Cc1ccc(-c3ccc4c(c3)C(N3CCc5cc(OC)c(OC)cc5C3)C(=O)N4)cc1)CC2,CHEMBL3138173
CHEMBL514566,Nc1ncnc(Nc2ccc3c(cnn3Cc3cccc(F)c3)c2)c1/C=N/N1CCN(CCO)CC1,CHEMBL138920
CHEMBL513727,O=C(Nc1nc(-c2ccccc2)nc2c1nnn2Cc1ccccc1)c1ccc(Cl)cc1[N+](=O)[O-],CHEMBL141624
CHEMBL512237,COc1ccc(-c2ccc(S(=O)(=O)N[C@@H](C(=O)O)C3CCN(C(=O)NC(C)(C)C)CC3)s2)cc1,CHEMBL141624
CHEMBL1242511,COc1ccc(N2C(=O)C(CC(=O)O)S/C2=N\NC(=O)c2nc[nH]c2C)cc1,CHEMBL79939
CHEMBL512337,COCCOc1ccc(N2CCN(CCN(CC3CC3)c3cc4nc(-c5ccco5)nn4c(N)n3)CC2)cc1,CHEMBL50395
CHEMBL513152,C=C(CO)[C@@]1(O)C=C2C(=O)C[C@@H](C(C)C)[C@]2(C)C[C@H]2OC(=O)C[C@]21C,CHEMBL76607
CHEMBL514093,C=C1C(=O)O[C@H]2C[C@@]3(C)[C@H](O)CCC(=C)[C@H]3[C@@H](OC(=O)/C(C)=C/C)[C@H]12,CHEMBL76607
CHEMBL513376,Nc1nc(N)nc(N2CCN(c3cc4c(cc3F)c(=O)c(C(=O)O)cn4C3CC3)CC2)n1,CHEMBL304757
CHEMBL4530305,CN(C1CC1)S(=O)(=O)c1ccc(-c2cnc(N)c(-c3ccc4c(c3)OC[C@H](CO)NC4=O)c2)cc1,CHEMBL138920
CHEMBL4530384,CCOC(=O)CCN1C(=O)[C@@H]2SS[C@H]1C(=O)N2Cc1ccccc1,CHEMBL79939
CHEMBL1205911,C[C@@H](O)[C@H]1C(=O)N2C(C(=O)[O-])=C(c3ccc4c(c3)c3ccc[n+](C)c3n4C)C[C@H]12,CHEMBL76607
CHEMBL513468,CN1C(=N)N(C)C(O)(Cc2c[nH]c3cc(Br)ccc23)C1=O,CHEMBL76607
CHEMBL510424,CC1NC(=O)c2csc(n2)[C@H](C)NC(=O)[C@H](Cc2ccccc2)N(C)C(=O)[C@H](C(C)C)N(C)C(=O)[C@H](C(C)C)OC(=O)C1C,CHEMBL3138144
CHEMBL511746,CC(C)(C)OC(=O)N1[C@H](CO)C[C@@H](O)[C@@H]1n1ccc(N)nc1=O,CHEMBL13630
CHEMBL4530500,O=C(N[C@@H]1CC[C@@]2(O)[C@H]3Cc4ccc(O)c5c4[C@@]2(CCN3CC2CC2)[C@H]1O5)c1ccncc1[N+](=O)[O-],CHEMBL138920
CHEMBL507810,COc1cc2c(cc1Nc1nc(Nc3cccc(F)c3C(N)=O)c3cc[nH]c3n1)N(C(=O)CCN1CCOCC1)CC2,CHEMBL140805
CHEMBL507815,COc1ccc(N2NC(=O)NC3(CSC4=C3C(=O)c3ncccc3C4=O)C2=O)cc1,CHEMBL304757
CHEMBL507861,CN(C)CCCOc1no[n+]([O-])c1S(=O)(=O)c1ccccc1.Cl,CHEMBL1340
CHEMBL512418,O=c1[nH]nc(CN2CCN(c3nc4cc(F)ccc4n4cccc34)CC2)[nH]1,CHEMBL13630
CHEMBL4529964,O=c1c2cc(F)ccc2[se]n1-c1ccc2cccc(O)c2n1,CHEMBL76607
CHEMBL4530002,COc1ccc(OC2CCN(c3nc4c(nc3NC3CCC3)CN(C(C)=O)CC4)CC2)c(F)c1.O=C(O)C(F)(F)F,CHEMBL3137793
CHEMBL510312,Cc1cn([C@@H]2O[C@H](CO[Si](C)(C)C(C)(C)C)[C@@]3(OS(=O)(=O)C=C3NC(=O)NC(=O)c3ccccc3)[C@H]2O)c(=O)n(C)c1=O,CHEMBL420572
CHEMBL4530264,CN1CCN(c2ccc(-c3cn4c(-c5cccc(O)c5)cnc4cn3)cn2)CC1,CHEMBL76607
CHEMBL4530268,O=C(Cn1nc2c(N3CCOCC3)nc3ccccc3n2c1=O)NCc1ccccc1Cl,CHEMBL304757
CHEMBL510332,CC(=O)NC[C@@H]1Cc2ccccc2CN1C(=O)c1ccccc1-n1nc(C(=O)N(c2ccccc2)c2ccccc2)cc1C,CHEMBL63396
CHEMBL510481,C=Cc1c(C)c2cc3nc(c(C(=O)C(=O)OC)c4[nH]c(cc5nc(cc1[nH]2)C(C)=C5CC)c(C)c4C(=O)OC)[C@@H](CCC(=O)O)[C@@H]3C,CHEMBL3137811
CHEMBL513929,CC[C@H]1N[C@H]2C[C@@]3(C(=O)N(OC)c4ccccc43)[C@@H]3OC[C@H]2[C@H]1[C@@H]3O,CHEMBL13630
CHEMBL510494,C=C(C)[C@]12C[C@@H](C)[C@@]34O[C@](Cc5ccccc5)(O[C@@H]1[C@@H]3C=C(COC(=O)c1ccccc1)C[C@]1(O)C(=O)C(C)=C[C@@H]41)O2,CHEMBL3137793
CHEMBL510521,COc1cc(-c2c3c(n4c2-c2cc(OC)c(OC)c(OC)c2CC4)COc2cc(OC(C)=O)c(OC)cc2-3)ccc1OC(C)=O,CHEMBL3138424
CHEMBL1205965,CSC(SC)=C1C(C)=C(C(=O)O)N2C(=O)/C(=C/c3ccccn3)[C@H]2S1(=O)=O,CHEMBL304757
CHEMBL512891,COCCOc1ccc2c(c1)CN(CCn1ncc3c1nc(N)n1nc(-c4ccco4)nc31)CC2,CHEMBL138920
CHEMBL512892,Nc1nc2c(cnn2CCN2CCc3ccc(Cl)cc3CC2)c2nc(-c3ccco3)nn12,CHEMBL353861
CHEMBL510697,CC(=O)O[C@@H]1[C@@H](OC(C)=O)[C@@H](O)CO[C@H]1NC(=S)NNC(=O)Cn1cnc2ccccc21,CHEMBL138920
CHEMBL4530107,Cn1c(NC(=O)c2ccccc2I)cc(=O)n(C)c1=O,CHEMBL76607
CHEMBL4530108,C=C1C(=O)[C@]23[C@H](O)[C@@H]1CC[C@H]2[C@]12CCCC(C)(C)[C@H]1[C@H](O)[C@@]3(O)OC2,CHEMBL76607
CHEMBL512181,C#CC[Se]c1c(SCC#CCO)cnc2ccccc12,CHEMBL76607
CHEMBL4530195,CC1=CC(=O)/C(=C/N2C(=O)/C(=C/c3cccc(O)c3)SC2=S)C(=O)O1,CHEMBL76607
CHEMBL1205943,C=C1C(COC(C)=O)=C(C(=O)O)N2C(=O)/C(=C/C(=O)OC(C)(C)C)[C@H]2S1(=O)=O,CHEMBL304757
CHEMBL509452,COc1cc(OC)c2c(c1)O[C@@]1(c3ccc(OC)c(O[C@@H]4O[C@H](C)[C@@H](O)[C@H](OC)[C@@H]4OC(C)=O)c3)[C@H](c3ccccc3)C[C@@H](O)[C@@]21O,CHEMBL3138174
CHEMBL509747,NC(=O)Nc1nnc2c3cc(-c4ccccc4)c(-c4ccc(CN5CCC(c6n[nH]c(-c7ccccn7)n6)CC5)cc4)nc3ccn12,CHEMBL3138144
CHEMBL1205879,C[C@@H](O)[C@H]1C(=O)N2C(C(=O)O)=C(CN3C(=O)c4cccc5cccc(c45)S3(=O)=O)[C@H](C)[C@H]12,CHEMBL304757
CHEMBL514008,CCOC(=O)/C(C)=C/C1=C(C)C(=O)[C@]2(O1)C(=O)N[C@@](OC)(C(=O)c1ccccc1)[C@@H]2O,CHEMBL304757
CHEMBL514009,OC[C@H]1O[C@@H](n2cnc3c(NCc4cccc(I)c4)nc(NCCC4CNc5ccccc54)nc32)[C@H](O)[C@@H]1O,CHEMBL3137802
CHEMBL3350991,COc1cc2c(c(OC)c1OC)[C@H](C)[N+](C)(C)CC2.[I-],CHEMBL76607
CHEMBL4530512,C=C1C(=O)O[C@@H]2C[C@@H](C)[C@H](OC)CC(=O)[C@](C)(OC(C)=O)C[C@H](OC(=O)/C(C)=C\C)[C@@H]12,CHEMBL353861
CHEMBL4530513,O=C(Cn1nc2ccc(Sc3cccc(F)c3)nn2c1=O)Nc1ccc2c(c1)OCCO2,CHEMBL304757
CHEMBL1205934,C=C1C(CSc2nnnn2C)=C(C(=O)O)N2C(=O)/C(=C/C(=O)OC(C)(C)C)[C@H]2S1(=O)=O,CHEMBL138920
CHEMBL513668,CC(=O)NC[C@H]1CN(c2ccc(N3CC(=O)C4(CC4)C3)c(F)c2)C(=O)O1,CHEMBL13630
CHEMBL1205878,C[C@@H](O)[C@H]1C(=O)N2C(C(=O)O)=C(CN3C(=O)c4ccccc4S3(=O)=O)[C@H](C)[C@H]12,CHEMBL138253
CHEMBL4530119,COc1ccc(CNC(=O)Cn2ncc(Cl)c(Cl)c2=O)cc1OC,CHEMBL1340
CHEMBL4530172,O=c1ccn([C@@H]2O[C@H](COP(=O)(O)CP(=O)(O)O)[C@@H](O)[C@@H]2F)c(=O)[nH]1,CHEMBL148167
CHEMBL1796692,C[C@@]12CSC(=N1)c1csc(n1)CNC(=O)C[C@@H](/C=C/CCS)OC(=O)CCNC2=O,CHEMBL353861
CHEMBL513839,CO/N=C1\CN(c2ccc(N3C[C@H](CNC(C)=O)OC3=O)cc2F)CC12CC2,CHEMBL79939
CHEMBL1205653,Cn1ccnc1SCC(=O)N1CC[C@@H]2[C@H]1C(=O)N2S(=O)(=O)O,CHEMBL13630
CHEMBL497973,Cc1ccc(N2CCN(C(=O)c3cc([N+](=O)[O-])ccc3N3CCOCC3)CC2)cc1,CHEMBL69149
CHEMBL4530277,Cc1c(C(=O)N2CCN(CC(F)(F)F)CC2)cnn1-c1nc2c(c(=O)[nH]1)CC(C)(C)C2,CHEMBL138253
CHEMBL4530312,NC(=S)c1cccc(-c2cn(C3CCN(S(N)(=O)=O)CC3)c3cc(N)ccc23)c1,CHEMBL138253
CHEMBL511960,COc1ccc(CNc2ccc(-c3ccc(C[C@H](N)C(=O)O)cc3)nn2)cc1OC1CCCC1,CHEMBL543319
CHEMBL512569,O=C1C2=C(CCCC2)S(=O)(=O)N1c1ccncc1.[O-][Cl+3]([O-])([O-])O,CHEMBL13630
CHEMBL511900,NC(N)=NC(=O)c1nc(Cl)c(Nc2ccc3ncccc3c2)nc1N,CHEMBL79939
CHEMBL510325,O=C1CN(C(=O)c2nc(-c3nnc(Cc4ccc(F)cc4)o3)c(O)c3ncccc23)CCN1,CHEMBL304757
CHEMBL4530520,C[C@]1(c2ccc(Cl)cc2Cl)OC[C@@H](COc2ccc(N3CCN(c4ccc(NC(=O)c5ccncc5)cc4)CC3)cc2)O1,CHEMBL3138173
CHEMBL512660,CC(C)[C@H]1C(O)=C(C2=NS(=O)(=O)c3c(OCC#N)cccc32)C(=O)N1Cc1ccccc1,CHEMBL304757
CHEMBL513954,COc1ccc(-n2nc(C(N)=O)c3c2C(=O)N(c2ccc(C4(C5=NCCO5)CC4)cc2)CC3)cc1,CHEMBL138920
CHEMBL1205857,C[C@@H](O)[C@H]1C(=O)N2C(C(=O)O)=C(CN3Cc4cccc5cccc(c45)S3(=O)=O)[C@H](C)[C@H]12,CHEMBL138253
CHEMBL514213,CC(=O)OC[C@]1(C)[C@@H]2C[C@H](O)[C@@]34CC(=O)[C@@H](CC[C@H]3[C@]2(C)CC[C@H]1O)C4,CHEMBL76607
CHEMBL514230,CC(=O)c1cc(OCC(F)(F)F)c(=O)n2c1CC[C@H]2C(=O)N1CCCC1,CHEMBL76607
CHEMBL1796639,CCOC(=O)N1CCN(c2cc3nc([S+]([O-])Cc4ncc(C)c(OC)c4C)[nH]c3cc2NC(=O)C2CC2)CC1,CHEMBL3137793
CHEMBL514433,CCc1c2nc(-c3cc(S(=O)(=O)N4CCN(CC)CC4)cnc3O[C@@H](C)c3ccccn3)[nH]c(=O)c2nn1C,CHEMBL3137793
CHEMBL512274,Cc1nc2c(N)ncnc2n1[C@@H]1O[C@H](CN(C)C/C=C\CN)[C@@H](O)[C@H]1O,CHEMBL79939
CHEMBL511051,CCCCCCC(Br)C(=O)OC(Cn1cncn1)(Cn1cncn1)c1ccc(F)cc1F,CHEMBL50395
CHEMBL514085,Nc1nc(Cl)c2ccn(Cc3cn([C@H]4C[C@H](O)[C@@H](CO)O4)nn3)c2n1,CHEMBL79939
CHEMBL1206201,CC(=O)N[C@H]1[C@H]([C@@H](O)[C@H](O)CN=[N+]=[N-])O[C@@](OCc2ccccc2)(C(=O)O)C[C@@H]1O,CHEMBL148167
CHEMBL512458,CO[C@@H]1C(=O)C[C@]23CCN(C)[C@@]24C[C@@H](O[C@]14OC)c1cc2c(cc13)OCO2,CHEMBL79939
CHEMBL1205881,C[C@@H](O)[C@H]1C(=O)N2C(C(=O)O)=C(CN3c4ccccc4CS3(=O)=O)[C@H](C)[C@H]12,CHEMBL76607
CHEMBL514482,O=C1c2ccccc2C(=O)N1CCOC(=S)N(C(=O)c1cc([N+](=O)[O-])ccc1Cl)c1ccc(Cl)cc1,CHEMBL3137793
CHEMBL512471,COc1ccc(N/C(=N\C(=O)c2ccno2)N[C@H]2CCCCN(CC(=O)N3CCCC3)C2=O)cc1,CHEMBL138920
CHEMBL1242635,Fc1ccc(OCc2nc3c(OCCCNCc4cccnc4)cccc3o2)c(F)c1F,CHEMBL543319
CHEMBL510626,COc1ccc(-c2c(C#N)[n+]([O-])c3cc(C(F)(F)F)ccc3[n+]2[O-])cc1,CHEMBL76607
CHEMBL513180,Nc1nc(Oc2cccc3[nH]c(=O)c(N)nc23)cc(-c2ccc(C(F)(F)F)cc2N)n1,CHEMBL304757
CHEMBL513199,CSc1c(Cc2nc(C(=O)[O-])cc3c2[nH]c2ccc(O)cc23)n(C)c[n+]1C,CHEMBL76607
CHEMBL4530364,COc1cc(NC(=O)c2cncc(N3CC4CC(C3)N4)c2)cc(OC)c1,CHEMBL1340
CHEMBL510470,CC(C)(C)CCC1(NCc2ccco2)C(=O)C(C2=NS(=O)(=O)c3cc(NS(C)(=O)=O)ccc3N2)=C(O)c2ccccc21,CHEMBL3138144
CHEMBL512002,C/C1=C\C(=O)[C@@H](C(C)C)C[C@@H](OC(=O)[C@]2(C)O[C@@H]2C)[C@](C)(O)C(=O)CC1,CHEMBL76607
CHEMBL512786,C[C@@]12NC(=O)[C@H](C[C@@]13C(=O)Nc1ccccc13)n1c2nc2ccc(Cl)cc2c1=O,CHEMBL69149
CHEMBL1205635,CN(C)C(=O)/C=C/C1=CN2C(=O)c3cc4c(cc3NC(S(=O)(=O)O)[C@@H]2C1)OCO4,CHEMBL304757
CHEMBL4530092,Cc1c(C(=O)N2CC(N3CCC(F)(F)C3)C2)cnn1-c1nc2c(ccn2C)c(=O)[nH]1,CHEMBL138253
CHEMBL1205791,COCC1=C(C(=O)O)N2C(=O)[C@](NC(=O)Cc3ccccc3)(OC)[C@H]2OC1,CHEMBL1340
CHEMBL510690,CCOc1cccc(-n2cc(C(=O)N3CCN(c4cc(C(=O)O)c5ccccc5c4)CC3)nc2-c2ccc(F)cc2F)c1,CHEMBL63396
CHEMBL510859,CC(=O)O[C@H]1[C@H](OC(C)=O)[C@]2(C)[C@@H](C(=O)C[C@H]2c2ccco2)[C@]2(C)[C@H](O)C[C@H]3C(C)(C)O[C@]4(O)C(=O)CC[C@]34[C@@H]12,CHEMBL2113371
CHEMBL4530244,CCOC(=O)c1sc2ncnc(N[C@@H](CC(=O)O)C(=O)O)c2c1C,CHEMBL1340
CHEMBL4530247,CCN(CC)c1ccc2cc(C(=O)c3ccc(N4CCN(C(=O)CN5CCN(CC(=O)c6ccc(F)cc6)CC5)CC4)cc3)oc2c1,CHEMBL3138174
CHEMBL514108,COC(=O)CC[C@H](/N=C(\C)C1=C(O)C=C2Oc3c(C(C)=O)c(O)c(C)c(O)c3[C@@]2(C)C1=O)C(=O)O,CHEMBL138920
CHEMBL512522,C=C[C@@]1(OCP(=O)(O)OP(=O)(O)OP(=O)(O)O)C=C[C@H](n2cnc3c(N)ncnc32)C1,CHEMBL138920
CHEMBL514258,COc1cc2c(cc1Nc1nc(Nc3cccnc3C(N)=O)c3cc[nH]c3n1)N(C(=O)CN(C)C)CC2,CHEMBL138920
CHEMBL514260,CC[C@@]1(OC(=O)C(C)n2cccn2)C(=O)OCc2c1cc1n(c2=O)Cc2cc3ccccc3nc2-1,CHEMBL353861
CHEMBL514507,COC(=O)COc1c2c(cc3c1C(=O)N[C@@H]1C3=C[C@H](O)[C@@H](O)[C@H]1O)OCO2,CHEMBL79939
CHEMBL509773,CC(=O)O[C@H]1[C@@H]2[C@]3(OC(C)=O)CO[C@@H]3C[C@H](O)[C@@]2(C)[C@@H](OC(=O)c2ccccc2)[C@H](O)C2=C(C)[C@@H](O)C[C@]21C(C)(C)O,CHEMBL3137793
CHEMBL3350999,Cc1cn([C@H]2C[C@H](N=[N+]=[N-])[C@@H](COC(=O)C3=CN(C)C=CC3)O2)c(=O)[nH]c1=O,CHEMBL79939
CHEMBL514244,CCCC[C@H](C)[C@@H]1CC(=O)N[C@H](Cc2ccccc2)C(=O)N[C@@H](CC(N)=O)C(=O)N[C@H](CC(C)C)C(=O)O1,CHEMBL63926
CHEMBL514483,Cc1ccccc1CNc1nc(Cl)nc2c1ncn2[C@@H]1O[C@H](C(=O)N(C)C)[C@@H](O)[C@H]1O,CHEMBL138253
CHEMBL4530487,Cc1noc(Cn2c(=O)c(I)cn(C)c2=O)n1,CHEMBL13630
CHEMBL4530521,COc1cc(/C=c2\sc3nc(C)cn3c2=O)c(Br)cc1O,CHEMBL76607
CHEMBL1242512,Cc1[nH]cnc1C(=O)N/N=C1\SC(CC(=O)O)C(=O)N1c1ccc(F)cc1,CHEMBL79939
CHEMBL4529978,CN(C)C(=O)CN1C[C@H]2CC[C@@H](C1)N(Cc1ccc3nsnc3c1)C2,CHEMBL79939
CHEMBL508043,CC(C)(C)NCc1ccc2c(c1)OCC[C@H]2NC(=O)C[C@@H]1C(=O)Nc2ccccc2N1S(=O)(=O)c1ccc(Cl)c(Cl)c1,CHEMBL3138424
CHEMBL508045,CN(C)C(=O)C(=O)N(C)c1nc(-c2nnc(Cc3ccc(F)cc3)o2)c(O)c2ncccc12,CHEMBL353861
CHEMBL513210,Cn1cc(C[C@H](NC(=O)OC(C)(C)C)C(=O)NCCCCNc2n[n+]([O-])c3ccccc3[n+]2[O-])c2ccccc21,CHEMBL63926
CHEMBL513211,Cn1cncc1C(O)(c1ccc(Cl)cc1)c1cc2cc(C(=O)NN3CCOCC3)cc(-c3ccccc3)c2o1,CHEMBL3138149
CHEMBL512610,CC(=O)O[C@@H]1[C@H]2[C@](C)(O)[C@H](O)C=C[C@]2(C)[C@@H](O)[C@H](OC(C)=O)C/C(C)=C\[C@@H]2OC(=O)[C@]3(C)O[C@@]213,CHEMBL353861
CHEMBL513312,CCCC(=O)OC[C@@H](O)[C@@H](OC)[C@@H]1OC(C(=O)O)=C[C@H](NC(=N)N)[C@H]1NC(C)=O,CHEMBL148167
CHEMBL510830,CC[C@H]1NC(=O)c2csc(n2)[C@H](C)NC(=O)[C@H](Cc2ccccc2)N(C)C(=O)[C@H](C(C)C)N(C)C(=O)[C@H](C)OC(=O)[C@H]1C,CHEMBL3138144
CHEMBL510837,CN1CCCN(c2nc(-c3nnc(Cc4ccc(F)cc4)o3)c(O)c3ncccc23)S1(=O)=O,CHEMBL353861
CHEMBL510992,C=C1C(=O)[C@]23[C@H](OC(=O)CNC(=O)/C=C/C(=O)O)[C@@H]1CC[C@H]2[C@@]12CO[C@]3(O)[C@@H](O)[C@@H]1C(C)(C)CC[C@@H]2OC(C)=O,CHEMBL140805
CHEMBL510997,C#CCCCC1OC(=O)CCNC(=O)[C@@H](Cc2ccccc2)N(C)C(=O)[C@H](C(C)C)OC(=O)[C@H](C(C)C)NC(=O)C1(C)C,CHEMBL3138144
CHEMBL512064,C[C@H]1C[C@H]2O[C@@H]2CC/C=C/C(=O)Cc2c(Cl)c(O)cc(O)c2C(=O)O1,CHEMBL69149
CHEMBL512127,CCN(CC(O)(CNC(=O)c1cnn(-c2ccc(F)cc2)c1N)C(F)(F)F)C(=O)c1ccccc1S(C)(=O)=O,CHEMBL140805
CHEMBL512128,COC(=O)[C@@]1(O)C(OC)=C(OC)C(=O)[C@]12OC(c1ccc(O)cc1)=CC2=O,CHEMBL79939
CHEMBL511024,CC(C)[C@H](N)C(=O)OC[C@H]1O[C@@H](n2cnc3c(N)ncnc32)[C@@H](O)[C@@H]1O,CHEMBL79939
CHEMBL1796691,C[C@@]12CSC(=N1)c1csc(n1)CNC(=O)C[C@@H](/C=C/CCS)OC(=O)CNC2=O,CHEMBL353861
CHEMBL514454,Cc1c(C(=O)O[C@H]2[C@@H](O)[C@H](O)O[C@H](CO)[C@H]2O)nnn1Cc1ccccc1,CHEMBL79939
CHEMBL514472,COc1ccccc1N1CCN(CCCN2C(=O)C3C4C(=O)CC(C)(CC4C)C3C2=O)CC1,CHEMBL353861
CHEMBL1205942,COC(=O)/C=C/C1=C(C(=O)O)N2C(=O)/C(=C/c3ccccn3)C2S(=O)(=O)C1,CHEMBL79939
CHEMBL513850,CO[C@@H]1C(=O)C[C@]23CC(=O)N(C)[C@@]24C[C@@H](O[C@]14OC)c1cc2c(cc13)OCO2,CHEMBL79939
CHEMBL511231,CC(=O)NC[C@H]1CN(c2ccc(N3C/C(=N\N)C4(CC4)C3)c(F)c2)C(=O)O1,CHEMBL79939
CHEMBL514375,COC(=O)[C@H](CCC(N)=O)NC(=O)[C@@H]1Cc2c([nH]c3ccccc23)CN1C(=O)OC(C)(C)C,CHEMBL138920
CHEMBL1242535,CCN1C[C@]2(COC)CC[C@H](O)[C@]34C1[C@@H](C[C@H]23)[C@@]1(O)C[C@H](OC)[C@H]2C[C@@H]4[C@@H]1[C@H]2OC(C)=O,CHEMBL353861
CHEMBL514523,COC(=O)/C(C(=O)Nc1nccs1)=C1/SCC(=O)N1c1ccccc1,CHEMBL69149
CHEMBL509924,C[C@@H]1C[C@H]2[C@@H]3C[C@H](F)C4=CC(=O)C=C[C@]4(C)[C@@]3(F)[C@@H](O)C[C@]2(C)[C@H]1C(=O)CO,CHEMBL69149
CHEMBL4530285,O=C(Cn1nc2c(N3CCOCC3)nccn2c1=O)NCc1ccc(F)cc1,CHEMBL79939
CHEMBL1242523,Cc1ccc(C2SCC(=O)N2NC(=O)Cn2ncc3cc([N+](=O)[O-])ccc32)cc1,CHEMBL138253
CHEMBL1242524,CN(C)c1ccc(C2SCC(=O)N2NC(=O)Cn2ncc3cc([N+](=O)[O-])ccc32)cc1,CHEMBL353861
CHEMBL4530328,O=c1nc(NC[C@@H](O)CN2CCN(c3nccc4ccc(F)cc34)CC2)c2ccccc2o1,CHEMBL353861
CHEMBL514229,CC(C)CCN1C(=O)C(C2=NS(=O)(=O)c3cc(NS(C)(=O)=O)ccc3N2)=C(O)C2CCCC21,CHEMBL138920
CHEMBL514249,COC(=O)CC1Oc2ccc(NC(=O)C3CCN(c4cc(F)cc(F)c4)CC3)cc2NC1=O,CHEMBL353861
CHEMBL514251,C=C1C(=O)[C@]23C[C@H]1C[C@H](O)[C@H]2[C@]1(C)CC[C@H](OC(C)=O)C(C)(C)[C@H]1[C@@H](OC(C)=O)[C@@H]3O,CHEMBL138253
CHEMBL4530394,CN1CCN(CCN2Cc3cc(-c4ccc(-c5cncc(NS(=O)(=O)c6ccc(F)cc6F)c5)s4)ccc3C2=O)CC1,CHEMBL3138173
CHEMBL4530406,COc1cc(OC)c(-c2cn3cc(NCCN)c(N4CCN(S(=O)(=O)C5CC5)CC4)nc3n2)cc1Cl,CHEMBL63926
CHEMBL510800,O=S(=O)(Nc1n[nH]cc1Br)c1cccc2nsnc12,CHEMBL79939
CHEMBL510951,CCOC(=O)/C=C\n1nnc(-c2cccc(I)c2)n1,CHEMBL69149
CHEMBL510959,COc1cc2c(cc1OC)C(Cc1ccccc1)N(CCn1ncc3c1nc(N)n1nc(-c4ccco4)nc31)CC2,CHEMBL3137793
CHEMBL511999,CC[C@@]1(C(=O)NCCN2CCCC2)OC(=O)c2c1cc1n(c2=O)Cc2cc3ccccc3nc2-1,CHEMBL138920
CHEMBL510983,COc1c(N2C[C@@H]3CCCN[C@@H]3C2)c(F)cc2c(=O)c(C(=O)OCC(=O)NC(P(=O)(O)O)P(=O)(O)O)cn(C3CC3)c12,CHEMBL3137802
CHEMBL510985,CC(=O)Oc1cc2c(cc1OC(C)=O)-c1oc3c(CC=C(C)C)c4c(c(O)c3c(=O)c1C(C=C(C)C)O2)C=CC(C)(C)O4,CHEMBL3138173
CHEMBL4530098,C=CCOc1ccc(-c2ncc(C(=O)O)c(=O)[nH]2)cc1-n1ccnn1,CHEMBL1340
CHEMBL514676,COC(=O)N1c2c(OC)cccc2[C@@]23CCN4CC=C[C@]5(CC[C@]12[C@](O)(C(=O)OC)[C@@H]5O)[C@H]43,CHEMBL353861
CHEMBL511446,Nc1nc2c(cnn2CCN2CCc3nc(C(F)(F)F)ccc3C2)c2nc(-c3ccco3)nn12,CHEMBL353861
CHEMBL510093,Cn1c(C(C)(C)NC(=O)C(=O)N2CCOCC2)nc(C(=O)NCc2ccc(F)cc2)c(O)c1=O,CHEMBL138920
CHEMBL514281,C=C1C(=O)O[C@@H]2[C@@H]1[C@H](OC(=O)C(C)CC)C(=O)[C@@H](C)C[C@H](O)C[C@](C)(O)[C@H]2OC(=O)C(C)C,CHEMBL138920
CHEMBL1205944,N#CCC1=C(C(=O)O)N2C(=O)/C(=C/c3ccccn3)C2S(=O)(=O)C1,CHEMBL13630
CHEMBL513030,Nc1nc2c(cnn2CCN2CCc3ncncc3C2)c2nc(-c3ccco3)nn12,CHEMBL79939
CHEMBL514096,C=C1[C@@H](O)C[C@H]2C(C)(C)C[C@H](Cl)C[C@]2(C)[C@H]1C[C@H](O)[C@H]1CC(=O)NC1=O,CHEMBL69149
CHEMBL514120,CC(=O)[C@@H](O)[C@@H](C)C/C=C/[C@H]1[C@H](O)C(C)=C(C)[C@H]2[C@H](Cc3ccccc3)NC(=O)[C@@]12O,CHEMBL148167
CHEMBL509650,O=C1OCC(C(O)c2ccc3c(c2)OCO3)C1Cc1ccc2c(c1)OCO2,CHEMBL69149
CHEMBL508142,CN1CCN(CC(=O)c2c[nH]c3nccc(Oc4ccc(NC(=O)NC(=O)Cc5ccc(F)cc5)cc4F)c23)CC1,CHEMBL3138149
CHEMBL510943,COP(=O)(OC[C@H]1O[C@@H]2O[C@@]3(C)CC[C@H]4[C@H](C)CC[C@@H]([C@@H]1C)[C@@]24OO3)OC[C@H]1O[C@@H]2O[C@@]3(C)CC[C@H]4[C@H](C)CC[C@@H]([C@@H]1C)[C@@]24OO3,CHEMBL3138174
CHEMBL511119,Cn1c(Nc2ccc(Br)cc2)nc2cc(Oc3ccnc(C(=O)NCCC4CNCCO4)c3)ccc21,CHEMBL3138149
CHEMBL4530288,COC(=O)C(CO)NC(=O)c1cc2c([nH]c3ccccc32)c(C(=O)c2c[nH]c3ccccc23)n1,CHEMBL353861
CHEMBL511121,CCOC(=O)CNC(=O)N1CCN2C(=O)OC(c3ccccc3)(c3ccccc3)C2C1,CHEMBL138253
CHEMBL511993,COC(=O)C(Cc1cc(O)c(O)c(Br)c1Br)c1cc(O)c(OC)c(Br)c1,CHEMBL3138149
CHEMBL4530331,CC[C@H](N)C(=O)N[C@@H]1C(=O)N2[C@@H](CC[C@@H]1CN(CC)CC)CC[C@H]2C(=O)NC(c1ccccc1)c1ccccc1.Cl,CHEMBL63396
CHEMBL510964,CC(=O)O[C@H](C[C@@H](OC(C)=O)C(C)(C)O)[C@@H](C)[C@H]1CC[C@@]2(C)[C@@H]3CC=C4[C@@H](CCC(=O)C4(C)C)[C@]3(C)CC[C@]12CO,CHEMBL3138149
CHEMBL4530525,COC(=O)Nc1ccc2c(c1)NC(=O)[C@H](C)CCC[C@H](NC(=O)c1cnn(-c3cccc(Cl)c3F)c1C)c1nc-2c[nH]1,CHEMBL3138173
CHEMBL514045,O=C(CC(=O)NN1C(=O)c2c(Cl)c(Cl)c(Cl)c(Cl)c2C1=O)Nc1nccs1,CHEMBL353861
CHEMBL514073,O=C(COc1cnccn1)N/N=c1\scc(-c2ccc(Br)cc2)n1-c1ccc(Cl)cc1[N+](=O)[O-],CHEMBL2113371
CHEMBL1206018,O=C(NCCCCC(SCC1CCCN1C(=O)OCc1ccccc1)C(=O)O)OCc1ccccc1,CHEMBL50395
CHEMBL4530053,CCOc1ccc(-c2ccc(CCCc3nn(-c4ccc(C(F)(F)F)cc4)c(=O)n3C3CC3)cc2)cc1CC(=O)O,CHEMBL63396
CHEMBL512321,O=c1[nH]c(=O)n([C@H]2C[C@H](SS[C@H]3C[C@H](n4cc(Br)c(=O)[nH]c4=O)O[C@@H]3CO)[C@@H](CO)O2)cc1Br,CHEMBL3137762
CHEMBL512514,COC(=O)C1=CC(=O)C=C(OC)C12Oc1cc(C)cc(O)c1C2=O,CHEMBL13630
CHEMBL514701,C[C@@]1(O)[C@H](O)[C@@H](CCl)O[C@H]1n1cnc2c(NC3CC4CCC3C4)nc(Cl)nc21,CHEMBL138253
CHEMBL514089,COc1cc2c(c(OC)c1OC)[C@]13C=C(O)C(=O)C=C1O[C@H]2[C@H]1C(=O)OC[C@@H]1C3,CHEMBL138253
CHEMBL509450,C=C[C@@]1(C)C[C@@H](OC(=O)c2ccccc2)[C@H]2[C@](O)(C1=O)[C@H](O)C[C@H]1C(C)(C)[C@H](OC(C)=O)[C@H](OC(C)=O)[C@H](OC(=O)c3ccccc3)[C@@]12C,CHEMBL3138174
CHEMBL512467,CNCC1(c2ccc(N3CCC4C(S(C)(=O)=O)=NN(c5ccc(OC)cc5)C4C3=O)cc2)CC1,CHEMBL138920
CHEMBL1205897,CC[n+]1cccc2c3cc(C4=C(C(=O)[O-])N5C(=O)[C@H]([C@@H](C)O)[C@H]5C4)ccc3n(C)c21,CHEMBL138253
CHEMBL509808,CC(C)C[C@H]1NC(=O)[C@H]2C[C@@]3([C@@]45C[C@@H]6C(=O)N[C@H](C(C)C)C(=O)N6[C@@H]4Nc4ccccc45)c4ccccc4N[C@H]3N2C1=O,CHEMBL138603
CHEMBL509810,CCCCCC/C=C\CCC[C@@H](O)[C@H](N)CO,CHEMBL153094
CHEMBL1242807,Nn1c(CCc2ccc(O)cc2)nnc1SCC(=O)N1N=C(c2cccs2)CC1c1ccc(Cl)cc1,CHEMBL3138149
CHEMBL1242516,COc1ccc2nc(C)cc(-n3cc(CN4CCC(N5CCOCC5)CC4)nn3)c2c1,CHEMBL138253
CHEMBL508205,CC(=O)N1C[C@H]2CC(c3ccc(OCCOc4c(Cl)cc(C)cc4Cl)cc3)=C(C(=O)N(Cc3cccc(Cl)c3Cl)C3CC3)[C@@H](C1)N2,CHEMBL264879
CHEMBL1205890,N#Cc1cc(NC(=O)c2nnn[nH]2)c(Cl)c(NC(=O)c2nnn[nH]2)c1,CHEMBL79939
CHEMBL513308,Nc1ncnc2c1ncn2[C@H]1C[C@H](OP(=O)(O)O)[C@@H](CO)O1,CHEMBL13630
CHEMBL511125,N#C[C@@H]1C[C@H](F)CN1C(=O)CN[C@H]1[C@@H]2CN(c3ccccn3)C[C@@H]21,CHEMBL13630
CHEMBL4530473,COc1cc(O)c2c(c1)-c1cccc(c1)[C@@H](O)[C@H](O)C(=O)C/C=C/[C@H](C)OC2=O,CHEMBL69149
CHEMBL4530476,CCc1nc(C(N)=O)c(Nc2ccc(N3CCC(N4CCN(C)CC4)CC3)c(C)c2)nc1N[C@H]1CC[C@](O)(CC)CC1,CHEMBL140805
CHEMBL512162,OC[C@H]1O[C@@H](n2cnc3c(SCc4ccc(I)cc4)ncnc32)[C@H](O)[C@@H]1O,CHEMBL138920
CHEMBL1242534,CCN1C[C@]2(COC)CC[C@H](O)[C@]34C1[C@](O)([C@@H](OC)[C@H]23)[C@@]1(O)C[C@H](OC)[C@H]2C[C@@H]4[C@@H]1[C@H]2OC,CHEMBL138920
CHEMBL1205916,C=C1C(C)=C(C(=O)O)N2C(=O)/C(=C/c3ccccn3)[C@H]2S1(=O)=O,CHEMBL13630
CHEMBL509571,CC(=O)O[C@@H]1[C@H]2C[C@H](OC(=O)c3ccccc3)[C@]3(COC(=O)CC(C)C)[C@@H](OC(C)=O)[C@@H](OC(=O)c4ccccc4)C[C@@H](C)[C@@]13OC2(C)C,CHEMBL3138174
CHEMBL509573,COC(=O)[C@@]12OC[C@]34[C@H](CC(=O)[C@H](OC(=O)/C=C(\C)C(C)C)[C@@H]13)C[C@@H](C(C)=O)[C@](C)(CC(=O)O)[C@H]4[C@@H](O)[C@@H]2O,CHEMBL3138149
CHEMBL4529988,COc1ccc(Cl)cc1NC(=O)Cn1nc2ccc(Sc3ccccc3)nn2c1=O,CHEMBL353861
CHEMBL4529991,CN(C)C(=O)CN1C[C@H]2CC[C@@H](C1)N(C(=O)Cc1ccccc1Cl)C2,CHEMBL69149
CHEMBL4530063,Nc1ncnc2c1c(Sc1cccc(Cl)c1)nn2[C@H]1C[C@H](O)[C@@H](COS(N)(=O)=O)O1,CHEMBL138920
CHEMBL513488,Cc1nc(C(C(=O)N2CCOCC2)N2C(=O)[C@@H](C3Cc4ccccc4C3)NC(=O)[C@H]2CC(C)C)co1,CHEMBL138920
CHEMBL4530296,Cc1c(C(=O)N2CCC(c3noc(C(F)(F)F)n3)CC2)cnn1-c1nc2c(c(=O)[nH]1)CCC2,CHEMBL353861
CHEMBL513424,CC(=O)Nc1nc2c(ncn2CC(C)[C@H]2CCC3=Cc4c(cc(C)oc4=O)O[C@H]3C2)c(=O)[nH]1,CHEMBL353861
CHEMBL511588,NC(=O)c1ccc2c3c1O[C@H]1[C@@H](O)CC[C@@]4(O)[C@@H](C2)N(CC2CC2)CC[C@]314,CHEMBL13630
CHEMBL514317,C[C@@H]1CCCN1C(=O)CC(C)(C)[C@H](N)C(=O)N1CCC[C@H]1C#N.O=C(O)C(F)(F)F,CHEMBL138253
CHEMBL513681,Cn1c(=O)c2[nH]c(-c3ccc(COC(=O)Nc4ccsc4)cc3)cc2n(C)c1=O,CHEMBL69149
CHEMBL513864,CNS(=O)(=O)c1cc(-c2c3c(=O)n(C)c(=O)n(CC4CC4)c3nn2Cc2ccnc3ccc(Cl)cc23)n(C)c1,CHEMBL2113371
CHEMBL514597,COC(=O)[C@@H]1C[C@H](OC(C)=O)C(=O)[C@H]2[C@@]1(C)CC[C@H]1C(=O)O[C@H](COC(C)=O)C[C@]21C,CHEMBL353861
CHEMBL512012,NC(=O)CCn1c2ccc(O)cc2c2c3c(c(-c4ccccc4)cc21)C(=O)NC3=O,CHEMBL69149
CHEMBL513241,C=C1C[C@]23C[C@@]1(O)CC[C@H]2[C@@]12C=C[C@H](O)[C@](C)(C(=O)O1)C2[C@@H]3C(=O)O,CHEMBL13630
CHEMBL512684,CCCCSS[C@H]1C[C@H](n2cc(C)c(=O)[nH]c2=O)O[C@@H]1CO,CHEMBL1340
CHEMBL4530784,COc1ccc2c(-c3ccnc(N[C@H]4CC[C@H](O)CC4)n3)cnn2n1,CHEMBL1340
CHEMBL1205967,CCOC(=O)CNC(=O)OCC1=C(C(=O)O)N2C(=O)/C(=C/c3ccccn3)C2S(=O)(=O)C1,CHEMBL138920
CHEMBL4530844,C[C@@](CCN1Cc2cc(C#CC#C[C@@H]3C[C@H]3CO)sc2C1=O)(C(=O)NO)S(C)(=O)=O,CHEMBL353861
CHEMBL3351040,CC(=O)OC1C2C3C[C@H]4C5=[N+](C)c6ccccc6[C@]51C[C@@H]2[N+]4([O-])[C@@H](C)[C@@H]3C(=O)[O-],CHEMBL69149
CHEMBL511272,C=CC[C@@]12C=C(OC)C(=O)[C@](O)([C@H](c3ccc4c(c3)OCO4)[C@H]1C)[C@@H]2O,CHEMBL79939
CHEMBL512160,C[C@@]1(O)[C@@H](CO)O[C@@H](n2cnc3c(N[C@@H]4C[C@@H]5CC[C@@H]4C5)ncnc32)[C@@H]1O,CHEMBL79939
CHEMBL512880,O=c1c(C2=NS(=O)(=O)c3cc(NS(=O)(=O)O)ccc3N2)c(O)c2ccccc2n1NC1CCC1,CHEMBL138920
CHEMBL1205895,O=C(Nc1cc(Cl)cc(NC(=O)c2nnn[nH]2)n1)c1nnn[nH]1,CHEMBL13630
CHEMBL1204404,CCCc1cc(N2CCC(O)C(C)(C)C2)nc2sc(C(N)=O)c(N)c12.Cl,CHEMBL69149
CHEMBL512310,Cc1cc(C)c(S(=O)(=O)N2CCC(C(=O)NN3CCCCC3)CC2)c(C)c1,CHEMBL69149
CHEMBL4531137,C[C@@H]1OCC2(CCN(c3ncc(Sc4cccnc4C(F)(F)F)c(=O)n3C)CC2)[C@@H]1N,CHEMBL353861
CHEMBL1796787,CSCCN1COc2cc3c(cc2C1=O)OC1CCCN1C3=O,CHEMBL1340
CHEMBL512445,NC(N)=NC(=O)c1nc(Cl)c(NCC2CCc3ccccc3C2)nc1N,CHEMBL13630
CHEMBL513517,Nn1c(SCC(=O)c2c([O-])on[n+]2-c2ccccc2)nnc(Cc2ccc(Cl)cc2)c1=O,CHEMBL138920
CHEMBL513932,Cc1ccc(-c2nn(Cc3ccccc3)c(=O)c(C3=CS(=O)(=O)c4cc(NS(C)(=O)=O)ccc4N3)c2O)s1,CHEMBL3138149
CHEMBL509427,C=C[C@]1(C)C[C@@H](OC(=O)Cn2cc(CCCn3cnc4c(N)ncnc43)nn2)[C@]2(C)[C@H](C)CC[C@]3(CCC(=O)[C@@H]32)[C@@H](C)[C@@H]1O,CHEMBL3138173
CHEMBL513822,CC(C)(C)OC(=O)N1CCC([C@@H](NS(=O)(=O)c2ccc(-c3ccccn3)s2)C(=O)O)CC1,CHEMBL353861
CHEMBL509440,COc1cccc(-c2c(C)n(Cc3c(F)cccc3C(F)(F)F)c(=O)n(C[C@H](NCC(=O)O)c3ccccc3)c2=O)c1F,CHEMBL63396
CHEMBL514358,CCn1cc([C@@H]2C[C@]3(C)[C@H]4C(=O)[C@@H](OC(C)=O)C[C@@H](C(=O)OC)[C@]4(C)CC[C@H]3C(=O)O2)nn1,CHEMBL353861
CHEMBL4530795,CCC1(C#N)CCN(C(=O)c2nnn(-c3nn4cccc4c(=O)[nH]3)c2C)CC1,CHEMBL79939
CHEMBL514593,CC(C)C(=O)O[C@H]1CCN(P(=O)(OC[C@H]2O[C@@H](n3ccc(N)nc3=O)[C@](C)(O)[C@@H]2O)Oc2ccccc2)C1,CHEMBL140805
CHEMBL514426,CC(=O)O[C@@H]1[C@@H](OC(C)=O)[C@@H](O)[C@@H](CO)O[C@H]1NC(=S)NNC(=O)Cn1cnc2ccccc21,CHEMBL138920
CHEMBL513991,O=C(CC(=O)Nn1c(=O)c2cc3c(=O)n(NC(=O)CC(=O)Nc4nccs4)c(=O)c3cc2c1=O)Nc1nccs1,CHEMBL75595
CHEMBL514011,N#Cc1cccnc1N1CCN([C@@H]2CN[C@H](C(=O)N3CCC(F)(F)C3)C2)CC1,CHEMBL79939
CHEMBL514615,COc1cc(N2CCN(C(C)C)CC2)c(Cl)cc1Nc1nc(Nc2cccc(F)c2C(N)=O)c2cc[nH]c2n1,CHEMBL3138149
CHEMBL513566,COc1cc(C[C@H]2C(=O)O[C@H](c3ccc(O)c(OC)c3)[C@H]2CO)ccc1O,CHEMBL79939
CHEMBL513710,COc1cc(/C=C2\S/C(=N\c3ccccc3)N([C@@H](C)C(=O)N[C@@H](C)C(N)=O)C2=O)cc(OC)c1O,CHEMBL138920
CHEMBL513962,COC(=O)[C@H]1[C@@H](OC(C)=O)[C@@]2(O)c3c(cc4c(c3OC)OCO4)O[C@@]2(c2ccc(OC)cc2)[C@@H]1c1ccccc1,CHEMBL140805
CHEMBL508302,COc1cc([C@H]2c3c(cc(OC)c(O)c3OC)C[C@@H](CO)[C@@H]2CO)ccc1O,CHEMBL79939
CHEMBL508307,CC(=O)N1CCN(C(=O)Cc2ccc(Nc3ncc(F)c(Nc4ccc(C(=O)Nc5ccccc5Cl)cc4)n3)cc2)CC1,CHEMBL3138173
CHEMBL508370,COc1ccc([C@]23Oc4cc5c(c(OC)c4[C@](O)([C@H](c4ccccc4)[C@H]2C(=O)N2CCCC2NC(=O)CC(C)C)[C@@H]3O)OCO5)cc1,CHEMBL3138174
CHEMBL512645,CON(C)C(=O)CC[C@H]1O[C@@H](n2cnc3c(Cl)ncnc32)C[C@@H]1O,CHEMBL13630
CHEMBL512646,COC(=O)[C@@]12C[C@@H]3C[C@H]([C@@H](C)O)[C@@H]1N(CCc1c2[nH]c2ccc(OC)cc12)C3,CHEMBL69149
CHEMBL512725,Cc1cc(C)c(NC(=O)Nc2cc(-c3ccc(F)c(F)c3)ccc2C(=O)N[C@H](C(=O)O)[C@@H](C)OC(C)(C)C)c(C)c1,CHEMBL63396
CHEMBL513364,Cc1cnc2c(c1)CN(CCn1ncc3c1nc(N)n1nc(-c4ccco4)nc31)CC2,CHEMBL138253
CHEMBL513481,CN1C(=O)[C@@H]2C[C@]3(C(=O)Nc4ccccc43)[C@]1(C)c1nc3ccccc3c(=O)n12,CHEMBL69149
CHEMBL513483,C=C1[C@@H]2C[C@H](O)[C@@H]3[C@@](CC(=O)[C@@H]4C(C)(C)[C@@H](O)C[C@H](O)[C@]43C)(C2)[C@@H]1OC(C)=O,CHEMBL69149
CHEMBL512987,COC[C@H]1OC(=O)/C(=C\NCCCCC(=O)O)C2=C(O)C(=O)C3=C([C@H](OC(C)=O)C[C@]4(C)C(=O)CC[C@@H]34)[C@]21C,CHEMBL140805
CHEMBL511418,COc1cc([C@@H]2Oc3cc(OC)c(O)c(OC)c3C(=O)[C@@H]2O)ccc1O,CHEMBL79939
CHEMBL4530624,N#CN1CCO[C@@H](C(=O)Nc2cc(-c3cccc(-c4cn[nH]c4)c3)ncn2)C1,CHEMBL79939
CHEMBL4530631,CN(C)c1ncc(S(=O)(=O)Nc2ncc(Cl)cc2O)cc1S(C)(=O)=O,CHEMBL138253
CHEMBL512379,COC(=O)N1CCN(/[N+]([O-])=N/Oc2ccc([N+](=O)[O-])cc2[N+](=O)[O-])CC1,CHEMBL13630
CHEMBL514559,CO[C@@H]1C23C=CC(=O)C(O)=C2OC[C@]1(O)Cc1cc(O)c(O)cc13,CHEMBL13630
CHEMBL511431,COC[C@H]1OC(=O)/C(=C\N2CCCC2C(=O)O)C2=C(O)C(=O)C3=C([C@H](OC(C)=O)C[C@]4(C)C(=O)CC[C@@H]34)[C@]21C,CHEMBL3138149
CHEMBL512848,COc1ccc(OCc2cn(C[C@H]3O[C@@H](n4ccc(=O)[nH]c4=O)[C@@H]4OC(C)(C)O[C@@H]43)nn2)cc1,CHEMBL138920
CHEMBL512849,Nn1c(CS(=O)(=O)c2ccc(Cl)cc2)nnc1-c1ccccc1Cl,CHEMBL69149
CHEMBL513520,CCCOc1ccc2cc3[n+](cc2c1OC)CCc1cc2c(cc1-3)OCO2.[Cl-],CHEMBL138253
CHEMBL512961,NC(N)=NC(=O)c1nc(Cl)c(Oc2ccc3ccccc3n2)nc1N,CHEMBL13630
CHEMBL509615,CC(=O)O[C@H]1C[C@@H](C)[C@](C)([C@@H]2C[C@H]3C=CO[C@H]3O2)[C@H]2C[C@@H]3C[C@]4(CO4)[C@]12C(OC(=O)C(C)C)O3,CHEMBL353861
CHEMBL509620,Cn1cnc(S(=O)(=O)N(CC2CCN(C(=O)OC(C)(C)C)CC2)[C@@H]2CC[C@@H](N(Cc3cncn3C)c3ccc(C#N)cc3)C2)c1,CHEMBL3138174
CHEMBL513148,CC(C)OC(=O)N1CCC([C@@H](NS(=O)(=O)c2ccc(-c3ccc(OC(F)(F)F)cc3)s2)C(=O)O)CC1,CHEMBL3138149
CHEMBL514153,CONC(=O)c1cn(-c2ccc3c(c2)CCC3)c2nc(NCc3ccccc3)ncc2c1=O,CHEMBL353861
CHEMBL1205855,C[C@@H](O)[C@H]1C(=O)N2C(C(=O)O)=C(CN3Cc4ccccc4S3(=O)=O)[C@H](C)[C@H]12,CHEMBL69149
CHEMBL4531069,Cc1c(C(=O)N2CCC3OCCCC3C2)cnn1-c1nc2ccsc2c(=O)[nH]1,CHEMBL138253
CHEMBL509472,O=C([C@@H]1[C@@H](CO)[C@@H]2Cn3c(cccc3=O)[C@@H]2N1Cc1ccc(Oc2ccccc2)cc1)N1CCC(Cc2ccccc2)CC1,CHEMBL63396
CHEMBL1796690,CC(C)[C@H]1NC(=O)[C@]2(C)CSC(=N2)c2csc(n2)[C@@H](Cc2ccccc2)NC(=O)C[C@@H](/C=C/CCS)OC1=O,CHEMBL3138173
CHEMBL513595,CC[C@]1(C)NC(=O)[C@H](CCCCCC(=O)[C@@H](C)O)NC(=O)[C@H]2C[C@H](C)CN2C(=O)[C@H](Cc2ccccc2)NC1=O,CHEMBL63926
CHEMBL513596,COc1ccc(C(OCCNCc2cc(F)c(O)c(F)c2)(c2ccc(OC)cc2)c2ccc(OC)cc2)cc1,CHEMBL50395
CHEMBL4531224,CN[C@@H]1CCN(C(=O)c2cnn(-c3nc4ccsc4c(=O)[nH]3)c2C)C1,CHEMBL13630
CHEMBL513891,CC(C)N1C(=O)C(C2=NS(=O)(=O)c3cc(NS(C)(=O)=O)ccc3N2)=C(O)C2CCCC21,CHEMBL353861
CHEMBL509479,Cc1cc(C(=O)N2c3cccc(O)c3NC3=C(C(=O)CC(C)(C)C3)C2c2ccc(OCc3ccccc3)cc2F)nn1C,CHEMBL3138173
CHEMBL509946,Cc1cn([C@@H]2O[C@H](CO[Si](C)(C)C(C)(C)C)[C@@]3(OS(=O)(=O)C=C3NC(=O)Nc3ccccc3)[C@H]2O[Si](C)(C)C(C)(C)C)c(=O)n(C)c1=O,CHEMBL264879
CHEMBL4530639,O=C(Nc1ccc2c(c1)OCO2)N1CCC(NS(=O)(=O)c2cccc3cnccc23)CC1,CHEMBL353861
CHEMBL4530641,CC(=O)N1CCN(C(=S)Nc2sc3c(c2C(=O)OC(C)C)CCC3)CC1,CHEMBL69149
CHEMBL511104,CC1(C)OC2=C(C(=O)C(=O)c3ccccc32)C1n1cc(CO)nn1,CHEMBL13630
CHEMBL511315,CC[C@@]1(C(=O)NCCN2CCN(C)CC2)OC(=O)c2c1cc1n(c2=O)Cc2cc3ccccc3nc2-1,CHEMBL138920
CHEMBL508439,CCOC(=O)C1CCN(c2ncnc(Oc3ccc(OCCOC)cc3)c2[N+](=O)[O-])CC1,CHEMBL543319
CHEMBL1205896,C[C@@H](O)[C@H]1C(=O)N2C(C(=O)[O-])=C(c3ccc4c(c3)c3c(ccc[n+]3C)n4C)C[C@H]12,CHEMBL69149
CHEMBL4530897,Cc1nn(-c2nc3ccsc3c(=O)[nH]2)c(C)c1C(=O)N1CCC(C)(C)C1,CHEMBL69149
CHEMBL4530938,O=C(Cn1nc2c3sc(N4CCCC4)nc3ncn2c1=O)Nc1cccc(Br)c1,CHEMBL353861
CHEMBL512873,COc1cc(-n2ccnc(OCCc3ccccc3)c2=O)ccc1OCCN1CCCC1,CHEMBL543319
CHEMBL4530993,COc1cc(-n2c3c(c4ncnc(N)c42)CCC3)ccc1NC(=O)Cc1cnn(C)c1,CHEMBL138253
CHEMBL512308,N=C(N)N/N=C/c1ccc(OCc2ccc3no[n+]([O-])c3c2)cc1,CHEMBL13630
CHEMBL513326,COC1=C[C@@H](C)[C@@H]2C[C@H]3OC(=O)[C@H](O)[C@H]4C(C)=C(OC)C(=O)[C@H]([C@@]2(C)C1=O)[C@]43C,CHEMBL138253
CHEMBL514275,O=CN1CCN(c2nc(N3CCOCC3)nc(N3CCN(CCNc4ccnc5cc(Cl)ccc45)CC3)n2)CC1,CHEMBL140805
CHEMBL511494,O=C(O)[C@@H](C1CCCCC1)N1C[C@H](CN2CCC(c3ncc(Cc4ccccc4)s3)CC2)[C@@H](c2ccccc2)C1,CHEMBL63396
CHEMBL509598,CC[C@@]1(O)C(=O)OCc2c1cc1n(c2=O)Cc2cc3c4c(ccc3nc2-1)OCN(C)C4,CHEMBL138253
CHEMBL509600,COc1cc2c(cc1OC)-c1c(C)c3ccc4c(c3c[n+]1CC2)OCO4.[Cl-],CHEMBL69149
CHEMBL4531288,Cc1c(C(=O)N2CC3(C2)CC(F)(F)C3)cnn1-c1nc2c(c(=O)[nH]1)COC2,CHEMBL69149
CHEMBL513553,O=C(Nc1cccnc1)N1CCN(c2nc(-c3ccccc3)ns2)CC1,CHEMBL69149
CHEMBL513582,COC(=O)C1=CC[C@@]23CC[C@@H]([C@@](C)(/C=C/C=C(\C)C(=O)OC)OC2=O)[C@@]3(OC(C)=O)CC1,CHEMBL353861
CHEMBL511647,CC(=O)O[C@H]1[C@]2(O)C[C@]34S[C@](CO)(C(=O)N3[C@@H]2C[C@]12O[C@H](C)C(C)(C)C2=O)N(C)C4=O,CHEMBL353861
CHEMBL513762,NC(=O)c1ccc2c3c1O[C@H]1[C@@H](O)CC[C@@]4(O)[C@@H](C2)N(CC2CCC2)CC[C@]314,CHEMBL69149
CHEMBL514176,CS(=O)(=O)Nc1ccc2c(c1)S(=O)(=O)N=C(C1=C(O)[C@H]3CCC[C@H]3N(Cc3ccc(F)c(Cl)c3)C1=O)N2,CHEMBL3138149
CHEMBL511730,COC(=O)C[C@](O)(CCC(C)C)C(=O)O[C@@H]1C(OC)=C[C@]23CCCN2C[C@H](O)c2cc4c(cc2[C@H]13)OCO4,CHEMBL3138149
CHEMBL1796790,N#CSCCN1COc2cc3c(cc2C1=O)OC1CCCN1C3=O,CHEMBL1340
CHEMBL509647,CC(=O)OCC(OC(C)=O)c1c[nH]c2c1C(=N)C(Cl)=C(N)C2=O,CHEMBL13630
CHEMBL510121,COc1cc2c(cc1OC)[C@@H]([C@H]1OC(=O)c3c1ccc1c3OCO1)N(C)CC2,CHEMBL69149
CHEMBL510276,CCCC/C=C\C#CC#CCCCCCC(=O)O,CHEMBL153094
CHEMBL510782,COc1ccc2cc1Oc1ccc(cc1)C[C@H]1c3cc(c(OC)cc3CC[N+]1(C)[O-])Oc1c(OC)c(OC)cc3c1[C@H](C2)N(C)CC3,CHEMBL3138424
CHEMBL510785,COc1cc2c(=O)c3c(O)c4c(c(CC=C(C)C)c3oc2c2c1[C@@](C/C=C(\C)C(=O)O)(C(=O)O)OC2(C)C)OC(C)C4(C)C,CHEMBL3138173
CHEMBL512143,COC(=O)[C@@H]1[C@@H](c2nc3c(C(N)=O)cccc3[nH]2)C(C)(C)N(O)C1(C)C,CHEMBL1340
CHEMBL511410,NC(=O)C(Nc1c(Nc2ccncc2)c(=O)c1=O)c1cccc(O)c1,CHEMBL1340
CHEMBL1242538,COC(=O)CC[C@@H](NC(=O)Cn1cc(C2=C(c3c[nH]c4ccccc34)C(=O)N(C)C2=O)c2ccccc21)C(=O)OC,CHEMBL63926
CHEMBL512302,CC[C@@H]1C=CCC[C@]2(C[C@H]3CC[C@H]4[C@@H](C(=O)O)[C@@]5(CCC[C@H](C)O5)N=C(N2)N34)O1,CHEMBL69149
CHEMBL513873,CCCc1nn(C)c2c(=O)[nH]c(-c3cc(S(=O)(=O)N4CCN(C5CCCCC5)CC4)ccc3OCC)nc12,CHEMBL140805
CHEMBL509390,C=C1C[C@]23[C@H]4[C@H]1[C@@H](OC(=O)/C(C)=C/C)[C@@H](OC(=O)/C(C)=C/CO)[C@H]2[C@@]12C[C@@H](O)C[C@@](C)(CN(C)[C@H]41)[C@@]2(O)[C@@H](O)[C@@H]3O,CHEMBL140805
CHEMBL511484,CNC(=O)c1cn(-c2ccc3c(c2)CCC3)c2nc(Nc3ccc(CCN4CCN(C)CC4)cc3)ncc2c1=O,CHEMBL3138149
CHEMBL1205859,Cn1nnnc1SCC1=C(C(=O)O)N2C(=O)C(NC(=O)C(C(=O)O)c3cccs3)C2SC1,CHEMBL138920
CHEMBL4530729,Cc1c(C(=O)N2CCC(c3cccnc3F)CC2)cnn1-c1nn2cccc2c(=O)[nH]1,CHEMBL138253
CHEMBL4530731,O=C(CCn1cncn1)N1C[C@@H]2CC[C@H]1CN(Cc1cccnc1)C2,CHEMBL13630
CHEMBL1205880,C[C@@H](O)[C@H]1C(=O)N2C(C(=O)O)=C(CN3C(=O)c4cccc5cccc3c45)[C@H](C)[C@H]12,CHEMBL69149
CHEMBL4530910,Cc1c(C(=O)N2CC(CN)C2)cnn1-c1nc2ccsc2c(=O)[nH]1,CHEMBL13630
CHEMBL1796788,C[S+]([O-])CCN1COc2cc3c(cc2C1=O)OC1CCCN1C3=O,CHEMBL13630
CHEMBL1796789,CS(=O)(=O)CCN1COc2cc3c(cc2C1=O)OC1CCCN1C3=O,CHEMBL13630
CHEMBL512718,N[C@@H](CC(=O)NC1(c2nc3ccccc3s2)CCS(=O)(=O)CC1)Cc1ccccc1F,CHEMBL353861
CHEMBL509719,CC(=O)O[C@@]1(C)C[C@@H]([C@H](O)CC2CC(=O)NC(=O)C2)C(=O)[C@@H](C)C1,CHEMBL13630
CHEMBL1205903,CC[C@@](O)(C(=O)O)c1cc2n(c(=O)c1CO)Cc1cc3ccccc3nc1-2,CHEMBL1340
CHEMBL509899,CC(=O)O[C@@H]1[C@@H]2[C@@H](OC(C)=O)[C@]3(OC2(C)C)[C@H](C)CC[C@H](O)[C@@]3(C)[C@@H]1OC(=O)c1ccccc1,CHEMBL353861
CHEMBL513073,O=C(Nc1ccncc1)N1CCN(c2nc(-c3ccccc3)ns2)CC1,CHEMBL69149
CHEMBL4531191,COC(=O)c1ccc(CN(c2ccc(Cl)cc2)S(=O)(=O)c2ccc3nncn3c2)o1,CHEMBL353861
CHEMBL1205655,Cn1cnnc1SCC(=O)N1CC[C@@H]2[C@H]1C(=O)N2S(=O)(=O)O,CHEMBL13630
CHEMBL1242625,CCN1C[C@]2(CO)CC[C@H](O)[C@]34C1[C@](O)([C@@H](OC)[C@H]23)[C@@]1(O)C[C@H](OC)[C@H]2C[C@@H]4[C@@H]1[C@H]2OC,CHEMBL353861
CHEMBL514712,Cc1nc(CS(=O)(=O)c2ccccc2)c([N+](=O)[O-])n1CC(C)O,CHEMBL1340
CHEMBL1205939,O=C(Cc1ccc(O)c(O)c1)OCC1=C(C(=O)O)N2C(=O)/C(=C/c3ccccn3)C2S(=O)(=O)C1,CHEMBL138920
CHEMBL514164,O=C(/N=c1\sc(CCNc2ncnc3ccsc23)cn1COP(=O)(O)O)Nc1cccc(Cl)c1,CHEMBL3138149
CHEMBL1765742,CC[C@@H]1CO[C@H](C(=O)Nc2ccccc2)CN1c1cc(-c2ccc3c(N)n[nH]c3c2)nc(NC)n1,CHEMBL353861
CHEMBL511555,N[C@@H](CN1CCN(c2nc3cc(F)ccc3n3cccc23)CC1)C(=O)O,CHEMBL13630
CHEMBL509391,N#C[C@@H]1C[C@H](F)CN1C(=O)CN[C@H]1[C@@H]2CN(c3nccc4ccccc34)C[C@@H]21,CHEMBL1340
CHEMBL509559,CCCC(=O)c1ccc2c(c1)/C(=C1\C(=O)N([C@@H]3O[C@H](COC(C)=O)[C@@H](OC(C)=O)[C@H](OC(C)=O)[C@H]3OC(C)=O)c3ccccc31)C(=O)N2,CHEMBL3138174
CHEMBL511633,C=C1[C@H]2C[C@]3(C(C)(C)O)CC(=O)C(C)=C3[C@@H](OC(=O)c3ccccc3)[C@H](OC(C)=O)[C@]2(C)[C@@H](OC(C)=O)C[C@@H]1O,CHEMBL3138149
CHEMBL1242380,COc1ccc(-c2nn(C[C@H](C)CO)c3ncnc(N)c23)cc1OC,CHEMBL1340
CHEMBL514103,COc1ccc(-[n+]2noc([O-])c2C(=O)CSc2nnc(Cc3ccc(Br)cc3)c(=O)n2N)cc1,CHEMBL140805
CHEMBL512711,COc1cc(/C=C2\S/C(=N\c3ccccc3)N([C@H](C)C(=O)N[C@@H](CCCN)C(N)=O)C2=O)cc(OC)c1O,CHEMBL63926
CHEMBL514311,COC(=O)C12CCCC(/C=C/C(=O)NS(=O)(=O)c3ccc(F)c(F)c3)=C1N(Cc1ccc(Cl)cc1Cl)C(=O)C2,CHEMBL3138173
CHEMBL509896,Cc1cc(CNC2(CCC(C)(C)C)C(=O)C(C3=NS(=O)(=O)c4cc(NS(C)(=O)=O)ccc4N3)=C(O)c3ccccc32)n(C)n1,CHEMBL3137762
CHEMBL513345,C=C1[C@@H]2C[C@H](O)[C@H]3[C@@]4(C)[C@H]([C@@H](O)[C@H](OC(C)=O)[C@]3(C2)[C@@H]1O)C(C)(C)[C@@H](OC(C)=O)C[C@@H]4O,CHEMBL353861
CHEMBL513348,CN(NC(=O)COc1ccccc1)C1=NS(=O)(=O)c2ccccc21,CHEMBL13630
CHEMBL511930,COc1cc2nc(N3CCN(c4ccccc4)CC3)nc(N)c2cc1OC,CHEMBL69149
CHEMBL511931,COc1cc2c[n+]3c(cc2c(OC)c1OC)-c1cc2c(cc1CC3)OCO2.[Cl-],CHEMBL138253
CHEMBL511739,CC(N)P(=O)(O)O[C@H]1C[C@H](n2cnc3c(N)ncnc32)O[C@@H]1CO[Si](C)(C)C(C)(C)C,CHEMBL138920
CHEMBL511941,C=C1C(=O)[C@]23C[C@H]1C[C@H](OC(C)=O)[C@H]2[C@@]1(C)[C@H](C(=O)[C@@H]3OC(C)=O)C(C)(C)[C@@H](O)C[C@@H]1O,CHEMBL138253
CHEMBL513096,Nn1c(SC(C(=O)O)c2ccccc2)nc2ccc(Br)cc2c1=O,CHEMBL69149
CHEMBL513571,Cc1nn(-c2ncccc2NS(C)(=O)=O)cc1CN1CCC2(CC1)OCc1ccccc12,CHEMBL353861
CHEMBL4530861,COc1ccc(N2CCN(C(=O)Cn3nc4ccc(-c5ccccc5)nn4c3=O)CC2)cc1,CHEMBL138253
CHEMBL511116,CN(CC[C@H](N)CC(=O)N[C@@H]1C=C[C@@H](n2ccc(N)nc2=O)O[C@H]1C(=O)O)C(=N)N,CHEMBL148167
CHEMBL511616,C=CC(C)(C)[C@@]12C[C@H]3C(=O)N[C@H](CC(C)C)C(=O)N3[C@H]1N(C(C)=O)c1ccccc12,CHEMBL69149
CHEMBL4531160,CC(=O)NC[C@H]1CN(c2ccc(-c3ccc(/C=N/N4CCN(C)CC4)cn3)c(F)c2)C(=O)O1,CHEMBL353861
CHEMBL509501,C[C@@H](S[C@H]1CO[C@H](/C=C/S(=O)(=O)c2ccc(F)cc2)OC1)[C@](O)(Cn1cncn1)c1ccc(F)cc1F.O=C(O)/C=C\C(=O)O,CHEMBL3138174
CHEMBL509526,C=C1[C@@H](OCCCO[C@H]2O[C@@H]3O[C@@]4(C)CC[C@H]5[C@H](C)CC[C@@H](C2=C)[C@@]35OO4)O[C@@H]2O[C@@]3(C)CC[C@H]4[C@H](C)CC[C@@H]1[C@@]24OO3,CHEMBL3138424
CHEMBL512428,CCCN1C(=O)N(C)C(C(=O)OC)(C2=CC(=O)c3[nH]cc(CCNC(=O)OCc4ccccc4)c3C2=O)C1=O,CHEMBL63926
CHEMBL512430,CN1C(=O)C(=Cc2cn(C(=O)c3ccccc3)c3ccccc23)C(=O)N(C)C1=O,CHEMBL69149
CHEMBL1242636,Fc1cc(F)c(OCc2nc3c(OCCCNCc4cccnc4)cccc3o2)c(F)c1,CHEMBL543319
CHEMBL509558,Cc1cn([C@H]2C=C[C@@H](COP3(=O)OCc4cc(CCC(=O)N[C@@H](C)C(=O)OCc5ccccc5)ccc4O3)O2)c(=O)[nH]c1=O,CHEMBL3137762
CHEMBL513321,CC(C)(C)OC(=O)N1CCC(NC(=O)/C(O)=C/C(=O)c2ccc(F)cc2)CC1,CHEMBL69149
CHEMBL514104,COc1cccc(C[n+]2cn3cc(C4=C(C(=O)[O-])N5C(=O)[C@H]([C@@H](C)O)[C@H]5[C@H]4C)sc3c2SC)c1,CHEMBL138920
CHEMBL509708,CC[C@@]1(O)C(=O)OCc2c1cc1n(c2=O)C(CCCO)c2cc3ccccc3nc2-1,CHEMBL138253
CHEMBL512801,CC[C@@]1(OC(=O)Cn2cccn2)C(=O)OCc2c1cc1n(c2=O)Cc2cc3ccccc3nc2-1,CHEMBL353861
CHEMBL513652,CN1C(=O)[C@@H]2[C@H]3C(=O)N(c4ccccc4)C(=O)[C@H]3[C@]1(C)c1nc3ccccc3c(=O)n12,CHEMBL138253
CHEMBL510393,Cc1cn([C@H]2CO[C@@H](COC(=O)[C@H](C)N)O2)c(=O)[nH]c1=O.Cl,CHEMBL13630
CHEMBL4531245,COc1cc(Nc2ncc(C(F)(F)F)c(N3Cc4cccc(N(C)S(C)(=O)=O)c4C3)n2)c(OC)cc1Cl,CHEMBL2113371
CHEMBL4531322,O=C(CCN[C@H]1CC[C@@H](O)C1)Nc1sc2c(c1-c1nc3cnccc3s1)CCNC2,CHEMBL353861
CHEMBL4531325,CC(C)=CCC[C@](C)(O[C@@H]1O[C@H](CO)[C@@H](O)[C@H](O)[C@H]1O)[C@H]1CC[C@]2(C)[C@@H]1C(=O)C[C@@H]1[C@@]3(C)CCC(=O)C(C)(C)[C@@H]3CC[C@]12C,CHEMBL3138173
CHEMBL4531326,NC1=NC(c2cn(-c3ccc([N+](=O)[O-])cc3[N+](=O)[O-])nc2-c2ccc(Br)cc2)N=C(N2CCOCC2)N1,CHEMBL140805
CHEMBL4531329,Cc1ccc2c(N)c(C(=O)NCCc3ccc(N4CCNCC4)c(-c4cncnc4)c3)sc2n1,CHEMBL353861
CHEMBL4530583,NC[C@H]1CC[C@H](CC(=O)N[C@H]2Cc3cccc(C(=O)O)c3OB2O)CC1,CHEMBL13630
CHEMBL4530590,Cc1cc(=O)[nH]c(-n2ncc(C(=O)N3CCc4ccccc4C3)c2C(F)F)n1,CHEMBL69149
CHEMBL4530685,COc1c(C)cc(O)c2c1[C@H](O)[C@]1(C(=O)C(CC=C(C)C)=CC[C@H]1O)C2=O,CHEMBL69149
CHEMBL511464,C=C1C(=O)[C@@]23[C@H](O)C[C@@H]4[C@@](C)(CO)CCC[C@@]4(C)[C@@H]2C[C@H](O)[C@@H]1[C@H]3O,CHEMBL13630
CHEMBL4530872,O=C1CN(c2cn[nH]c(=O)c2Cl)CCN1Cc1ccccc1C(F)(F)F,CHEMBL69149
CHEMBL514341,C=C1C(=O)C=C[C@@]2(C)[C@@H](OC(C)=O)[C@H](OC(=O)c3ccccc3)C3=C(C)C(=O)C[C@@]3(C(C)(C)O)[C@@H](OC(C)=O)[C@H]12,CHEMBL140805
CHEMBL512243,CCOc1ccc(-c2ccc(S(=O)(=O)N[C@@H](C(=O)O)C3CCN(S(=O)(=O)C(C)C)CC3)s2)cc1,CHEMBL63926
CHEMBL512287,COc1ccc(-n2nc(C#N)c3c2C(=O)N(c2ccc(C4(CS(C)(=O)=O)CC4)cc2)CC3)cc1,CHEMBL353861
CHEMBL511678,O=C(O)C1CCC(=O)N1Cc1cc(O)c(O)c(Br)c1Br,CHEMBL138253
CHEMBL512978,CC(C)c1nc(N(c2ccnn2C)S(C)(=O)=O)nc(-c2ccc(F)cc2)c1/C=C/[C@@H](O)C[C@@H](O)CC(=O)O,CHEMBL63926
CHEMBL512979,CCCc1nn(C)c2c(=O)[nH]c(-c3cc(S(=O)(=O)N4CCN(c5ccccc5Cl)CC4)ccc3OCC)nc12,CHEMBL140805
CHEMBL1205918,C=C/C=C/C1=C(C(=O)O)N2C(=O)/C(=C/c3ccccn3)C2S(=O)(=O)C1,CHEMBL13630
CHEMBL509514,COc1cc([C@@H]2c3cc4c(cc3[C@@H](n3cc(CNc5ccccc5Cl)nn3)[C@H]3COC(=O)[C@H]23)OCO4)cc(OC)c1OC,CHEMBL3138173
CHEMBL509519,Cc1ccc(-c2nc(C(=O)N3CCN(c4cc(C(=O)O)c5ccccc5c4)CC3)cn2-c2ccc3c(c2)OCCO3)c(F)c1,CHEMBL3138173
CHEMBL509676,CCOC(=O)C1CCC(Nc2cccc(Sc3ccc(/C=C/C(=O)N4CCOCC4)c(C(F)(F)F)c3C(F)(F)F)c2)CC1,CHEMBL3138424
CHEMBL511620,CC(C)(C)[C@H]1C(O)=C(C2=NS(=O)(=O)c3c(OCc4ncon4)cccc32)C(=O)N1Cc1ccc(F)c(Cl)c1,CHEMBL2113371
CHEMBL1205904,C[C@@H](O)[C@H]1C(=O)N2C(C(=O)[O-])=C(c3ccc4[nH]c5c[n+](C)ccc5c4c3)C[C@H]12,CHEMBL69149
CHEMBL513253,CC1(C)O[C@@H]2[C@H](O1)[C@@H](Cn1cc(COc3ccc(Cl)cc3)nn1)O[C@H]2n1ccc(=O)[nH]c1=O,CHEMBL138920
CHEMBL509856,C=C1C[C@](OC)([C@H](O)C(=O)NC[C@H]2O[C@H](CO)C(C)(C)[C@H](O)[C@H]2O)O[C@H](C)[C@@H]1C,CHEMBL148167
CHEMBL511763,CC(C)C[C@@]12NC(=O)[C@H](C[C@]13C(=O)Nc1ccccc13)n1c2nc2ccccc2c1=O,CHEMBL138253
CHEMBL512706,NC(=O)Nc1sc(-c2ccccc2)cc1C(=O)N[C@H]1CN2CCC1CC2,CHEMBL69149
CHEMBL510030,COc1ccc(-n2nc(C(N)=O)c3c2C(=O)N(c2ccc(C4(CN5CCCC5=O)CC4)cc2)CC3)cc1.O=C(O)C(F)(F)F,CHEMBL3138173
CHEMBL512757,Cc1nonc1CN1CCC(Cc2c[nH]cn2)CC1.O=C(O)C(=O)O,CHEMBL13630
CHEMBL509883,Cn1c(=O)c2c(ncn2CCC(=O)N2CCCCCC2=O)n(C)c1=O,CHEMBL13630
CHEMBL1206565,CCOC1CCC2CCCCC2C1C(=O)N[C@@H]1C(=O)N2[C@@H]1SC(C)(C)[C@@H]2C(=O)O,CHEMBL138253
CHEMBL515408,CC(C)Nc1nc2cc(Cl)c(Cl)cc2n1[C@H]1O[C@@H](CO)[C@H](O)[C@@H]1O,CHEMBL1340
CHEMBL1206399,CC(=O)OCC1=C(C(=O)O)N2C(=O)/C(=C\Br)[C@H]2S(=O)(=O)C1,CHEMBL1340
CHEMBL1205978,O=C(O)/C=C/C1=C(C(=O)O)N2C(=O)/C(=C/c3ccccn3)C2S(=O)(=O)C1,CHEMBL1340
CHEMBL516614,C=C(C(=O)OCC)[C@@H]1CC[C@@](C)(O)[C@@H]2CC[C@@](C)(O2)[C@@H](OC(C)=O)CC[C@]2(C)O[C@@H]2C1,CHEMBL353861
CHEMBL4531195,C#Cc1c(C(N)=O)ncn1[C@@H]1[Se][C@H](CO)[C@@H](O)[C@H]1O,CHEMBL13630
CHEMBL1206376,CC(=O)OCC1=C(C(=O)O)N2C(=O)/C(=C/c3ccccn3)[C@H]2SC1,CHEMBL1340
CHEMBL518078,C=C1C(=O)O[C@@H]2[C@H]3C(C)=C[C@H]4OC[C@@](O)(C[C@@H](OC(=O)/C(C)=C/CO)[C@@H]12)[C@@H]34,CHEMBL1340
CHEMBL515483,COC(=O)[C@@]1(C)CC(C)(C)[C@@H]2[C@@H](OC(C)=O)C[C@@H](C)[C@H](C=O)[C@@]21O,CHEMBL1340
CHEMBL516992,Nc1ncnc2c1nc(NCc1ccc(Cl)c(Cl)c1)n2[C@@H]1O[C@H](COCc2cc(F)c(F)c(F)c2)[C@@H](O)[C@H]1O,CHEMBL3138173
CHEMBL515430,O=C1O[C@@H](Cn2ccnn2)CN1c1ccc(N2CCN(Cc3cccnc3)CC2)c(F)c1,CHEMBL353861
CHEMBL515620,O[C@@H]1[C@H](O)[C@H](O)CO[C@H]1n1cnc2c(NCc3ccccc3)ncnc21,CHEMBL1340
CHEMBL516778,Cc1ccc(-c2nnc3c4ccccc4c(C)nn23)cc1S(=O)(=O)N1CCOCC1,CHEMBL138253
CHEMBL4531007,COC1=C[C@@H](C)[C@@H]2C[C@H]3OC(=O)C[C@H]4[C@](C)(O)[C@@H]5OCO[C@H]5[C@H]([C@@]2(C)C1=O)[C@@]34C,CHEMBL138253
CHEMBL4531168,Cc1c(C(=O)N2CCN(CC(F)(F)F)C(C)C2)cnn1-c1nn2cccc2c(=O)[nH]1,CHEMBL138253
CHEMBL514983,CC1CC(OCCO)N2CCN(Cc3ccc(Cl)nc3)C2=C1[N+](=O)[O-],CHEMBL1340
CHEMBL515097,CCCCC1CN(C(=O)C2CCOCC2)CCC12CCN(C1(C)CCN(C(=O)c3c(C)ncnc3C)CC1)CC2,CHEMBL2113371
CHEMBL515404,CCOC(=O)/C=C/[C@H](C[C@@H]1CCNC1=O)NC(=O)[C@H](Cc1ccccc1)NC(=O)/C=C/c1ccc2c(c1)OCO2,CHEMBL63926
CHEMBL517420,CC(=O)OCC(=O)[C@]1(O)CC[C@@H]2[C@H]3CCC4=CC(=O)CC[C@@]4(C)[C@@H]3[C@H](O)C[C@]21C,CHEMBL138253
CHEMBL1206383,CC(=O)OCC1=C(C(=O)O)N2C(=O)/C(=C/c3ccccc3)[C@H]2SC1,CHEMBL1340
CHEMBL517768,C=C1[C@@H]2C[C@H](O)[C@H]3[C@]4(C)CC[C@H](O)C(C)(C)[C@H]4[C@@H](OC(C)=O)[C@H](OC(C)=O)[C@]3(C2)[C@@H]1O,CHEMBL138253
CHEMBL516889,C=CCSSc1ncnc2c1ncn2[C@H]1O[C@@H](CO)[C@H](O)[C@@H]1O,CHEMBL1340
CHEMBL518024,CN[C@@H](C)C(=O)N[C@H](C(=O)N1CC[C@H]2CC[C@H](NC(=O)c3ccc4[nH]nnc4c3)[C@H]21)C(C)(C)C,CHEMBL138920
CHEMBL1204229,Cl.N#Cc1ccccc1N1CCN(CCCN2C(=O)C3CCCCN3C2=O)CC1,CHEMBL138253
CHEMBL518296,CCOC(=O)COc1cccc(CNC(=O)C2CC=NN2C(=O)C[C@H](N)Cc2cc(F)c(F)cc2F)c1.Cl,CHEMBL63926
CHEMBL515068,Cc1cc2c(cc1S(=O)(=O)Oc1cccc(C(=O)N/N=C\c3ccc(/C(N)=N\O)cc3)c1)OCO2,CHEMBL138920
CHEMBL4531016,O=C(c1cc(Cc2n[nH]c(=O)c3ccccc23)ccc1F)N1CCc2c(nc(-c3cccc4[nH]ncc34)nc2N2CCOCC2)C1,CHEMBL3138173
CHEMBL515541,CCCC[C@@]1(OC(=O)CCC(=O)O)CC[C@]2(CC[C@H](C)[C@@H](C/C=C(\C)CO)O2)O[C@H]1/C=C/C(C)=C/C(=O)O,CHEMBL50395
CHEMBL516033,CCN(CC(O)(CNC(=O)c1cnn(-c2ccc(F)cc2)c1N)C(F)(F)F)C(=O)c1c(F)cccc1S(C)(=O)=O,CHEMBL140805
CHEMBL516376,Cc1cc(CN2C(=O)C(C3=NS(=O)(=O)c4cc(NS(C)(=O)=O)ccc4N3)=C(O)[C@H]3CCC[C@H]32)ccc1F,CHEMBL140805
CHEMBL515869,O=C([C@@H]1C[C@H](N2CCN(c3ncccn3)CC2)CN1)N1CC(F)(F)C(F)(F)C1,CHEMBL138253
CHEMBL4530777,CC1(C)CC(=O)N(CC(=O)N2CCC(N3N=C(c4ccc(OC(F)F)c(OC(F)F)c4)[C@H]4CC=CC[C@H]4C3=O)CC2)C(=O)C1,CHEMBL3138424
CHEMBL1242654,CC[C@H](O)[C@](C)(O)[C@H]1O[C@@H]1C[C@H](C)/C=C/C=C(\C)[C@H]1OC(=O)C[C@H](O)CC[C@@](C)(O)[C@@H](OC(C)=O)CC[C@@H]1C,CHEMBL140805
CHEMBL515601,CCCC[C@H](C)[C@@H]1CC(=O)N[C@H](Cc2ccccc2)C(=O)N[C@@H](CC(N)=O)C(=O)N[C@H](C[C@H](C)CC)C(=O)O1,CHEMBL63926
CHEMBL3350660,CCOP(=O)(O)COC[C@@H]1CC[C@H](N2CCC(=N)NC2=O)O1,CHEMBL1340
CHEMBL1243117,Cc1c(O)cccc1C(=O)N[C@H](C(=O)N[C@@H](CO)C(=O)N[C@H](/C=C/C(=O)n1cccc1)CC(C)C)C(C)C,CHEMBL63926
CHEMBL515190,COC(=O)[C@H]1CCCN1c1cc(NC(C)=O)nc(-n2nc(C)cc2C)n1,CHEMBL1340
CHEMBL515192,COC[C@@H]1CCCN1c1cc(NC(C)=O)nc(-n2nc(C)cc2C)n1,CHEMBL1340
CHEMBL515943,CCN(CC)c1nn(CCC(C)C)c(=O)c(C2=NS(=O)(=O)c3cc(NS(C)(=O)=O)ccc3N2)c1O,CHEMBL63926
CHEMBL516684,C=C1C(=O)O[C@H]2[C@H]1[C@H](OC(=O)/C(C)=C\C)CC(CO)=C1C[C@H](O)[C@](C)(O)[C@@H]12,CHEMBL1340
CHEMBL515222,C=C[C@]1(C)C[C@H](OC(=O)C(=C)CCO)[C@@H]2[C@H](OC(=O)[C@H]2C)[C@H]1C(=C)CO,CHEMBL1340
CHEMBL517344,CCS(=O)(=O)C[C@H]1C(=O)O[C@@H]2O[C@@]3(C)CC[C@H]4[C@H](C)CC[C@@H]1[C@@]24OO3,CHEMBL1340
CHEMBL517376,CCOC(=O)CCc1c(/C=C/c2ccc(O)c(OC)c2)n[nH]c1/C=C/c1ccc(O)c(OC)c1,CHEMBL543319
CHEMBL4531637,CC(C)[C@@H](CC(=O)Nc1cncc(C(=O)O)c1N)NC(=O)[C@@H](N)C1CCCCC1,CHEMBL148167
CHEMBL4531769,CNc1cncc(-c2c[nH]c3nc(Nc4ccc(OCCOC)cc4)nc(Oc4ccccc4)c23)n1,CHEMBL543319
CHEMBL3350672,C[n+]1cn([C@@H]2O[C@H](COP(=O)([O-])O)[C@@H](O)[C@H]2O)c2nc(NCc3ccc(-c4ccccc4)cc3)[nH]c(=O)c21,CHEMBL140805
CHEMBL515376,C[C@H](NP(=O)(OC[C@H]1O[C@@H](n2cccnc2=O)[C@@H](F)[C@@H]1O)Oc1ccccc1)C(=O)OCc1ccccc1,CHEMBL63926
CHEMBL1205726,C/C(=C\c1ncc(CCCC(=O)O)o1)C[C@@H]1OC[C@H](C[C@@H]2O[C@H]2[C@@H](C)[C@H](C)O)[C@@H](O)[C@H]1O,CHEMBL311263
CHEMBL1206810,O=C(Nc1ccc2c(c1)OCO2)[C@H]1[C@@H](c2ccc(Cl)c(Cl)c2)OC2(C(=O)c3ccccc3C2=O)[C@H]1C(=O)O,CHEMBL2113371
CHEMBL4531777,CN(C)c1ccc(C(=O)N2CCC(n3cncc3-c3ccc(OS(=O)(=O)c4cccc(C#N)c4)cc3)CC2)cc1,CHEMBL2113371
CHEMBL4531892,CN(C)C/C=C/C(=O)N1CCC[C@@H](NC(=O)c2n[nH]cc2NC(=O)c2c(Cl)cccc2Cl)C1.O=C(O)C(F)(F)F,CHEMBL3138173
CHEMBL1206358,CNCC(=O)NCC1CC(SC2=C(C(=O)O)N3C(=O)[C@H]([C@@H](C)O)[C@H]3[C@H]2C)CO1,CHEMBL148167
CHEMBL517826,Nc1ncnc2c1ncn2Cc1cn([C@H]2C[C@H](O)[C@@H](CO)O2)nn1,CHEMBL1340
CHEMBL3350641,C[N+](C)(C)CC(=O)N/N=C(\C(=O)NC1=C(Cl)C(=O)c2ccccc2C1=O)C(C#N)c1csc(-c2ccc([N+](=O)[O-])cc2)n1.[Cl-],CHEMBL3137762
CHEMBL517029,Cc1c(Cn2ncc(N3CCNCC3)c(Cl)c2=O)cccc1NC(=O)C1CCN(c2ccc(C#N)cc2)CC1,CHEMBL140805
CHEMBL518250,CCOC(=O)CCc1c(/C=C/c2ccc(O)c(OC)c2)noc1/C=C/c1ccc(O)c(OC)c1,CHEMBL543319
CHEMBL517907,C#Cc1cccc(Nc2ncnc3ccc(OCCCCNCCS(C)(=O)=O)cc23)c1,CHEMBL543319
CHEMBL3350668,C[n+]1cn([C@@H]2O[C@H](COP(=O)([O-])O)[C@@H](O)[C@H]2O)c2nc(N(Cc3ccccc3)Cc3ccccc3)[nH]c(=O)c21,CHEMBL63926
CHEMBL1206105,Cc1cc(C[C@H](NS(=O)(=O)c2ccccc2C#N)c2nc3ccccc3[nH]2)ccc1[C@@H]1CC(=O)NS1(=O)=O,CHEMBL140805
CHEMBL1206760,CC(=O)OC[C@@]1(C)[C@H](C(=O)O)N2C(=O)/C(=C/C(N)=O)C2S1(=O)=O,CHEMBL1340
CHEMBL4532009,Cc1cc(Cl)c2cc(C(=O)N[C@H](C)c3ccc(S(=O)(=O)CC(=O)OCC(CO)COC(=O)C(C)(C)C)cc3)n(C)c2c1,CHEMBL3137762
CHEMBL516058,O=C(NCC1CC1)[C@H]1O[C@@H](n2cnc3c(NCc4cccc(I)c4)nc(Cl)nc32)[C@H](O)[C@@H]1O,CHEMBL140805
CHEMBL1206389,CC(=O)OCC1=C(C(=O)O)N2C(=O)/C(=C/c3ccccc3)[C@H]2S(=O)(=O)C1,CHEMBL1340
CHEMBL517535,OC[C@H]1O[C@@H](n2cnc3c(N[C@@H]4C[C@@H]5CC[C@@H]4C5)ncnc32)[C@H](O)[C@@H]1O,CHEMBL1340
CHEMBL4531699,CCC1(C#N)CCN(C(=O)c2cnn(-c3nc4c(c(=O)[nH]3)CCC4)c2)CC1,CHEMBL1340
CHEMBL1206708,C[C@@H](O)[C@H]1C(=O)N2C(C(=O)O)=C(COC(=O)c3cn(CCF)c4c(F)c(N5CCN(C)CC5)c(F)cc4c3=O)C[C@H]12,CHEMBL140805
CHEMBL1206526,CC1(C)SC2C(NC(=O)N/C=C/c3cccs3)C(=O)N2[C@H]1C(=O)O,CHEMBL1340
CHEMBL1206656,COC(=O)/C=C1/C(=O)N2C1S(=O)(=O)[C@@](C)(CCl)[C@@H]2C(=O)O,CHEMBL1340
CHEMBL1206784,CN(CCOc1ccc(CC(OCc2ccccc2)C(=O)O)cc1)c1nc2ccccc2o1,CHEMBL543319
CHEMBL517933,Nc1c(C(=O)NCC(O)(CN(CCO)C(=O)c2c(F)cccc2F)C(F)(F)F)cnn1-c1ccc(F)cc1,CHEMBL63926
CHEMBL1206044,C[C@@H](O)[C@H]1C(=O)N2C(C(=O)O)=C(S[C@@H]3CN[C@H](/C=C/c4cc(C(=O)O)no4)C3)[C@H](C)[C@H]12,CHEMBL148167
CHEMBL1760981,Cn1nnc(-c2ccc(-c3ccc(N4C[C@H](COC(=O)CN)OC4=O)cc3F)cn2)n1.O=C(O)C(F)(F)F,CHEMBL140805
CHEMBL4531711,C=c1ncsc1=C1NN=C(C2CCCN2C(=O)Cn2cccn2)O1,CHEMBL1340
CHEMBL515457,CCn1c(=O)/c(=C\Nc2ccc(OCCN(C)C)cc2)s/c1=C(/C#N)C(=O)NCC(F)F,CHEMBL543319
CHEMBL514744,Cc1cn([C@H]2CO[C@@H](COC(=O)[C@@H]3CCCN3)O2)c(=O)[nH]c1=O.Cl,CHEMBL1340
CHEMBL4531956,CC(C)=CCc1c2c(c(O)c3c1O[C@]14C(=C[C@H]5C[C@@H]1C(C)(C)O[C@@]4(C/C=C(/C)C(=O)O)C5=O)C3=O)CC(O)C(C)(C)O2,CHEMBL2113371
CHEMBL4532013,COCCNCCC(=O)Nc1sc2c(c1-c1nc3ccc(-c4cccc(C(=O)N5CCN(C)CC5)c4)cc3s1)CCNC2,CHEMBL3137762
CHEMBL515774,CCCCOc1nc(NCCN2CCOCC2)c2ncn(Cc3c(F)cccc3F)c2n1,CHEMBL543319
CHEMBL514935,O=C([C@@H]1C[C@H](N2CCN(c3ncccn3)CC2)CN1)N1CC(F)(F)C1,CHEMBL1340
CHEMBL517749,CC(=O)OC[C@H]1O[C@@H](NC(=S)N/N=C/c2ccc(Cl)cc2)[C@H](OC(C)=O)[C@@H](OC(C)=O)[C@@H]1OC(C)=O,CHEMBL140805
CHEMBL510298,Cc1cc(N2CCC(N3CCN(C(=O)C4CC4)CC3)CC2)cc2[nH]c(-c3c(NC[C@@H](O)c4cccc(Cl)c4)cc[nH]c3=O)nc12,CHEMBL3138424
CHEMBL4532145,CC(C)=CCC[C@](C)(O[C@@H]1O[C@H](CO)[C@@H](O)[C@H](O)[C@H]1O)[C@H]1CC[C@]2(C)[C@@H]1C(=O)C[C@@H]1[C@@]3(C)CC/C(=N\O)C(C)(C)[C@@H]3CC[C@]12C,CHEMBL3137762
CHEMBL517147,CCCCCC[C@@H](C)/C=C(C)/C=C/C(=O)N[C@H]1C[C@]2(O)[C@H]3O[C@H]3C(=O)[C@](Cl)([C@H]1O)[C@H]2OC,CHEMBL543319
CHEMBL517670,CCCC[C@H](C)[C@@H]1CC(=O)N[C@@H](Cc2ccccc2)C(=O)N[C@@H](CC(N)=O)C(=O)N[C@H](C[C@@H](C)CC)C(=O)O1,CHEMBL63926
CHEMBL515023,COC1=C(Br)C[C@]2(OC=C1Br)ON=C(C(=O)NCCCOc1c(Br)cc(CCN)cc1Br)[C@@H]2O,CHEMBL264879
CHEMBL1796147,O=C(O)CCNc1sc2c(c1CC(=O)NNC(=S)[S-])CCCC2.[K+],CHEMBL148167
CHEMBL4531493,COc1ncc(-c2ccc3ncc(-c4cn(CCN(C)C)nn4)n3c2)cc1NS(=O)(=O)c1ccc(F)cc1F,CHEMBL140805
CHEMBL517441,CC/C=C\[C@H](O)[C@H](O)C1=C(C)C(=O)[C@]2(O1)C(=O)N[C@@](OCC)(C(=O)c1ccccc1)[C@@H]2O,CHEMBL148167
CHEMBL4531601,CN(C)c1ccc(/C=C2/C(=O)N(/N=C/c3cc4ccccc4n4nnnc34)C(=S)N(c3ccc(Cl)cc3)C2=O)cc1,CHEMBL2113371
CHEMBL514798,CN1CCc2nc(C(=O)N[C@@H]3C[C@@H](C(=O)N4CCCC4)CC[C@@H]3NC(=O)c3cc4cc(Cl)ccc4[nH]3)sc2C1,CHEMBL2113371
CHEMBL515895,CCN(CC)C(=O)[C@H]1CC[C@H](NC(=O)c2cc3cc(Cl)ccc3[nH]2)[C@H](NC(=O)c2nc3c(s2)CN(C)CC3)C1,CHEMBL2113371
CHEMBL515963,CCCC[C@H](C)[C@@H]1CC(=O)N[C@H](Cc2ccccc2)C(=O)N[C@@H](CO)C(=O)N[C@H](C[C@H](C)CC)C(=O)O1,CHEMBL63926
CHEMBL1206727,O=C(O)C1=C(COC(=O)N2CCN(c3cc4c(cc3F)c(=O)c(C(=O)O)cn4C3CC3)CC2)SC2CC(=O)N12,CHEMBL140805
CHEMBL4531664,CCOC(=O)c1c(NC(=O)CSc2nnc3n(-c4c(C)cccc4C)c(=O)c4ccccc4n23)sc(C(C)=O)c1C,CHEMBL3138173
CHEMBL518202,NCCO.O=C(Nc1nc(-c2cccc(C(F)(F)F)c2F)cs1)c1ccc(N2CCC(C(=O)O)C2)nc1,CHEMBL140805
CHEMBL510614,C[C@H]1[C@@H](OCCCO[C@H]2O[C@@H]3O[C@@]4(C)CC[C@H]5[C@H](C)CC[C@@H]([C@H]2C)[C@@]35OO4)O[C@@H]2O[C@@]3(C)CC[C@H]4[C@H](C)CC[C@@H]1[C@@]24OO3,CHEMBL3138424
CHEMBL515273,CS(=O)(=O)Nc1ccc2c(c1)S(=O)(=O)N=C(C1=C(O)C3CCCCCCC3N(Cc3ccc(F)cc3)C1=O)N2,CHEMBL140805
CHEMBL517064,CCCC[C@H](C)[C@@H]1CC(=O)N[C@@H](Cc2ccccc2)C(=O)N[C@@H](CC(N)=O)C(=O)N[C@H](CC(C)C)C(=O)O1,CHEMBL63926
CHEMBL4532231,O=C1c2ccc(-c3ccc(-c4cncc(NS(=O)(=O)c5ccc(F)cc5F)c4)s3)cc2CN1CCN1CCCC1,CHEMBL3138173
CHEMBL4531371,COCCc1nc(CC(C)N(C)C)n(CCO)n1,CHEMBL153094
CHEMBL518191,NC(=O)c1c(CNC(c2c[nH]cn2)C2CCNCC2)no[n+]1[O-].O=C(O)C(F)(F)F,CHEMBL148167
CHEMBL516102,CC(=O)/C=C/C(=O)N[C@@H](Cc1ccccc1)[C@H](O)CN(Cc1cccs1)S(=O)(=O)c1cnoc1C,CHEMBL63926
CHEMBL1204204,COc1cc([C@@H]2c3cc4c(cc3[C@@H](CCN(C)CCN(C)C)C3COC(=O)[C@@H]32)OCO4)cc(OC)c1O.Cl.Cl,CHEMBL140805
CHEMBL1206711,C[C@H]1C(S[C@@H]2CCO[C@@H]2CNC(=O)OCOC(=O)c2ccccc2)=C(C(=O)O)N2C(=O)[C@H]([C@@H](C)O)C12,CHEMBL63926
CHEMBL4531809,CCCCC[C@H](CN(O)C=O)C(=O)NCNC(=O)c1cccc(Oc2ccc(OC)nc2)c1,CHEMBL543319
CHEMBL517272,CCN(CC)c1nc(C)c2nc(SCC(=O)NCCCN)n(CCCN3CCOCC3)c2n1,CHEMBL543319
CHEMBL1206348,O=C(Nc1ccc(-c2csnn2)cc1)[C@H]1[C@@H](C(=O)O)C2(O[C@H]1c1ccc(Cl)c(Cl)c1)C(=O)c1ccccc1C2=O,CHEMBL3138173
CHEMBL514923,COc1cc2c(O[C@@H]3OC[C@@H](OC)[C@H](OC)[C@H]3O)c3c(c(-c4ccc5c(c4)OCO5)c2cc1OC)C(=O)OC3,CHEMBL140805
CHEMBL4531673,CN1CCN(c2nc3cc(C(F)(F)F)ccc3n3cccc23)CC1.O=C(O)/C=C\C(=O)O.O=C(O)/C=C\C(=O)O,CHEMBL140805
CHEMBL518253,COc1ccc(-n2nc(C#N)c3c2C(=O)N(c2ccc(C4(CN(C)C)CC4)cc2)CC3)cc1.O=C(O)C(F)(F)F,CHEMBL2113371
CHEMBL4531820,C[C@]12C[C@@]34C=C(Sc5cccc(C#CCN)c5)C(=O)[C@@](C)(CCC(=O)Nc5c(O)ccc(C(=O)O)c5O)[C@@H]3[C@H](C[C@@H]1C4)O2,CHEMBL3138173
CHEMBL516103,CC(=O)C[C@@H]1C(=O)C(CO)=CC[C@](C)(CCC(O)C(C)(C)O)[C@H]1/C=C/OC(=O)C=C(C)C,CHEMBL543319
CHEMBL517335,CCC[C@H](O)[C@H](O)C1=C(C)C(=O)[C@]2(O1)C(=O)N[C@@](OC)(C(=O)c1ccccc1)[C@@H]2O,CHEMBL148167
CHEMBL4532302,COc1cc([C@@H]2c3cc4c(cc3[C@H](OC(=O)c3cc(Cl)ccn3)[C@H]3COC(=O)[C@H]23)OCO4)cc(OC)c1OC,CHEMBL2113371
CHEMBL515762,NC(=O)C1CCN(C(=O)[C@@H]2Cc3cccc4c3N2C(=O)[C@@H](NC(=O)/C=C/c2ccc(OP(=O)(O)O)cc2)CC4)C1,CHEMBL138603
CHEMBL515952,CCCCN(Cc1ccc([N+](=O)[O-])cc1)CC(O)(Cn1cncn1)c1ccc(F)cc1F,CHEMBL543319
CHEMBL518476,CC1=C(C)[C@H]2[C@H](Cc3ccccc3)NC(=O)[C@@]2(O)[C@@H](/C=C/C[C@H](C)[C@@H](O)[C@@H](C)O)[C@@H]1O,CHEMBL148167
CHEMBL518416,COC1=C(Br)[C@@H](O)[C@]2(C=C1Br)CC(C(=O)NCCCOc1c(Br)cc(CCN)cc1Br)=NO2,CHEMBL264879
CHEMBL516514,O=C1C(Cl)C(c2ccc(O)cc2)N1n1c(CSc2nnc(-c3ccncc3)o2)nc2ccc(Br)cc2c1=O,CHEMBL3138173
CHEMBL4531623,C/C(=C\CCCCP(=O)(OCOC(=O)C(C)(C)C)OCOC(=O)C(C)(C)C)CO,CHEMBL543319
CHEMBL4531624,CCCCN(C)c1ccc2nnc(CCc3nc(-c4ccc(OCc5ccccc5)cc4)no3)n2n1,CHEMBL543319
CHEMBL1242728,O=[N+]([O-])c1cccc(OCc2nc3c(OCCCNCc4cccnc4)cccc3o2)c1,CHEMBL543319
CHEMBL1206110,O=C1CC(c2ccc(C[C@H](NS(=O)(=O)c3ccccc3)c3nc4ccccc4[nH]3)cc2Br)S(=O)(=O)N1,CHEMBL3138173
CHEMBL518444,CCCN(C)c1nn(CCC(C)C)c(=O)c(C2=NS(=O)(=O)c3cc(NS(C)(=O)=O)ccc3N2)c1O,CHEMBL63926
CHEMBL517799,C=C1CC[C@H](OC(=O)C(C)C)[C@@]2(C)[C@@H](OC(C)=O)CC[C@@]3(CO3)[C@@H]2[C@H](OC(C)=O)[C@]2(O)[C@@H](C)C(=O)O[C@H]2[C@H]1Cl,CHEMBL2113371
CHEMBL518571,CN1CC(C)(NC(=O)Nc2cccc(-c3nnnn3C)c2)C(CN2CCC[C@@H](Cc3ccc(F)cc3)C2)OC1=O,CHEMBL140805
CHEMBL515568,Cc1cccc(CNC(=O)C(=O)N[C@@H](C)C(=O)N[C@@H](CC(=O)O)C(=O)COc2c(F)c(F)cc(F)c2F)c1C,CHEMBL63926
CHEMBL515569,CCN(C)C(=O)[C@H]1CC[C@H](NC(=O)c2cc3cc(Cl)ccc3[nH]2)[C@H](NC(=O)c2nc3c(s2)CN(C)CC3)C1,CHEMBL2113371
CHEMBL1206707,C[C@@H](O)[C@H]1C(=O)N2C(C(=O)O)=C(COC(=O)N3CCN(c4cc5c(cc4F)c(=O)c(C(=O)O)cn5C4CC4)CC3)[C@H](C)[C@H]12,CHEMBL2113371
CHEMBL517079,CC(C)(C)NC(=O)N[C@H](C(=O)N1C[C@H]2[C@@H]([C@H]1C(=O)NC(CCCC(F)(F)F)C(=O)C(N)=O)C2(C)C)C(C)(C)C,CHEMBL63926
CHEMBL1206759,Nc1nc(/C(=N\OCCF)C(=O)N[C@@H]2C(=O)N3C(C(=O)O)=C(Sc4nc5ccccc5o4)CC[C@H]23)cs1,CHEMBL140805
CHEMBL4533852,CC(=O)c1c(O)c(C)c(O)c2c1OC1=CC(=O)/C(=C(/C)NCc3cn(CC(=O)N4CCN(c5ccccn5)CC4)nn3)C(=O)C12C,CHEMBL3137762
CHEMBL518539,COc1ccc(/C=C/c2n[nH]c(/C=C/c3ccc(OC)c(OC)c3)c2/C=C/C(N)=O)cc1OC,CHEMBL543319
CHEMBL515442,CNC(=O)OC[C@H]1O[C@@H](n2cnc3c(NCc4cccc(I)c4)nc(Cl)nc32)[C@H](O)[C@@H]1O,CHEMBL140805
CHEMBL516174,CN(C)C(=O)/C(C#N)=C(\Nc1cccc2c(Br)c[nH]c12)N[C@H]1CCCCN(CC(=O)N2CCCC2)C1=O,CHEMBL2113371
CHEMBL3350694,CC(=O)Nc1ccn([C@@H]2O[C@H](CO[Si](C)(C)C(C)(C)C)[C@@]3(OS(=O)(=O)C=C3N)[C@H]2O[Si](C)(C)C(C)(C)C)c(=O)n1,CHEMBL3138173
CHEMBL1206730,Nc1nc(/C(=N\OCCF)C(=O)N[C@@H]2C(=O)N3C(C(=O)O)=C(Sc4snc5ccccc45)CC[C@H]23)cs1,CHEMBL140805
CHEMBL4532375,CC(C)(C)Nc1c(-c2ccccc2OCCN2CCOCC2)nc2c3ncn(CCN4CCOCC4)c3ncn12,CHEMBL140805
CHEMBL1206755,Cc1nc(SC2=C(C(=O)O)N3C(=O)[C@@H](NC(=O)/C(=N/OCCF)c4csc(N)n4)[C@H]3CC2)sc1C,CHEMBL140805
CHEMBL515352,O=C(CCn1c2ccc(O)cc2c2c3c(c(-c4ccccc4Cl)cc21)C(=O)NC3=O)NS(=O)(=O)c1ccccc1,CHEMBL2113371
CHEMBL1206699,COc1ccc(-c2c3n(c4c(=O)oc5cc(OS(=O)(=O)O)c(OC)cc5c24)C(O)Cc2c-3cc(OC)c(OC)c2OC)cc1O,CHEMBL3138174
CHEMBL516503,CC(C)N1CCN(c2nc(Nc3ccc(C(F)(F)F)cc3)c3nc(Nc4c(Cl)cccc4Cl)sc3n2)CC1,CHEMBL3138173
CHEMBL517930,COc1cc(C)c2c(=O)cc(C[C@@H](C)O)oc2c1[C@@H]1O[C@H](CO)[C@@H](O)[C@H](O)[C@H]1OC(=O)/C=C/c1ccccc1,CHEMBL140805
CHEMBL4532321,O=S(=O)(Nc1nc(-c2ccc(F)cc2)c(-c2ccnc(Nc3ccc(N4CCNCC4)cc3)n2)s1)C1CCNCC1,CHEMBL3138173
CHEMBL515562,CS(=O)(=O)Nc1ccc2c(c1)S(=O)(=O)N=C(C1=C(O)[C@@H]3CCCC[C@@H]3N(Cc3ccc(F)cc3)C1=O)N2,CHEMBL140805
CHEMBL4534326,CC(C)Nc1nc2c(nc1N1CCC(C(=O)c3cc(Cl)ccc3F)CC1)CN(C(=O)N(C)C)CC2.O=C(O)C(F)(F)F,CHEMBL3138173
CHEMBL517136,Cc1nnc(C(=O)NC(C)(C)c2nc(C(=O)NCc3ccc(F)cc3)c(O)c(=O)n2C)[nH]1,CHEMBL148167
CHEMBL514837,CCCCOc1ncccc1C(=O)NCCN1CCCN(CC2COc3ccccc3O2)CC1,CHEMBL543319
CHEMBL519075,O=C(O)[C@H](Cc1ccc(-n2c(C3CCCCN3)nc3cccnc32)cc1)NC1=C(Br)C(=O)C12CCCCC2,CHEMBL2113371
CHEMBL517585,CCN(C)C(=O)O[C@H]1CN[C@H](C#Cc2cc3ncnc(Nc4ccc(OCc5cccc(F)c5)c(Cl)c4)c3s2)C1,CHEMBL3138173
CHEMBL517947,COc1cc2c(cc1Nc1nc(Nc3cccc(F)c3C(N)=O)c3cc[nH]c3n1)N(C(=O)CN1CCCC1)CC2,CHEMBL140805
CHEMBL4534570,CC(C)=CCC[C@](C)(O[C@@H]1O[C@H](CO)[C@@H](O)[C@H](O)[C@H]1O)[C@H]1CC[C@]2(C)[C@@H]1C(=O)C[C@@H]1[C@@]3(C)CC=CC(C)(C)[C@@H]3CC[C@]12C,CHEMBL3138173
CHEMBL1243330,CCOC(=O)Cn1cnc2c(c1=O)C(c1ccc(Cl)cc1)C1=C(CC(C)(C)CC1=O)N2c1ccc(S(N)(=O)=O)cc1,CHEMBL3138173
CHEMBL4534068,O=C(c1ccc([N+](=O)[O-])cc1)N1CCN(c2cc(=O)[nH]c(=O)n2Cc2ccc(OS(=O)(=O)c3cccc4cnccc34)cc2)CC1,CHEMBL3138174
CHEMBL1243256,COc1ccccc1CNC(=O)Cc1cccc(C[C@@H](C)NC[C@H](O)c2ccc(O)c(NS(C)(=O)=O)c2)c1,CHEMBL63926
CHEMBL1796364,NNC(=O)CSc1nnc(Cc2c(NCCC(=O)O)sc3c2CCCC3)n1NC(=O)c1ccccc1,CHEMBL63926
CHEMBL1796902,O=C(Nc1ccc(N2CCN(CC(O)(Cn3cncn3)c3ccc(F)cc3F)CC2)c(C(F)(F)F)c1)c1ccccc1,CHEMBL3138173
CHEMBL522569,CS(=O)(=O)Nc1ccc2c(c1)S(=O)(=O)C=C(c1c(O)c3cc(F)ccc3n(Cc3ccccn3)c1=O)N2,CHEMBL140805
CHEMBL1796254,COCCN1CCc2cc(Nc3ncc(Cl)c(N[C@@H]4CCCC[C@H]4NS(C)(=O)=O)n3)c(OC)cc2CC1,CHEMBL63926
CHEMBL1796259,COCCN1CCc2ccc(Nc3ncc(Cl)c(N[C@H]4CC[C@H](NS(C)(=O)=O)CC4)n3)cc2CC1,CHEMBL63926
CHEMBL520081,CC(C)CC[C@@]1(NS(C)(=O)=O)C(=O)C(C2=NS(=O)(=O)c3cc(NS(C)(=O)=O)ccc3N2)=C(O)c2ccccc21,CHEMBL138603
CHEMBL520383,O=C(C(=O)N1CCN(c2ccc(N3C[C@H](CNC(=O)C(F)F)OC3=O)cc2F)CC1)c1c[nH]c2ccc(Br)cc12,CHEMBL3138173
CHEMBL520384,COc1c(C)c(OC)c(OC)c2c1C[C@H]1[C@@H](O)N(C(=O)OC(C)(C)C)CC(=O)N1[C@H]2COCc1ccccc1,CHEMBL140805
CHEMBL1796260,COCCN1CCc2ccc(Nc3ncc(Cl)c(N[C@H]4CC[C@@H](NS(C)(=O)=O)CC4)n3)cc2CC1,CHEMBL63926
CHEMBL1796898,CC(C)(C)C(=O)Nc1ccc(N2CCN(CC(O)(Cn3cncn3)c3ccc(F)cc3F)CC2)c(C(F)(F)F)c1,CHEMBL2113371
CHEMBL520039,CC[NH+](CC)CC.Cc1cc2c(c(=O)o1)C(/C=C/C=C1\O[B-](F)(F)Oc3cc(C)oc(=O)c31)=[O+][B-](F)(F)O2,CHEMBL140805
CHEMBL520078,O=C([C@@H]1C[C@H]1c1ccc(C(F)(F)F)cc1)N1CCN(S(=O)(=O)c2cc(-c3noc(=O)[nH]3)cc(C(F)(F)F)c2)CC1,CHEMBL3138173
CHEMBL1207252,Cc1cc(C[C@H](NS(=O)(=O)c2cccc(Cl)c2)c2nc3ccccc3[nH]2)ccc1[C@@H]1CC(=O)NS1(=O)=O,CHEMBL2113371
CHEMBL521963,COc1c(N2CCNC(C)C2)c(F)cc2c(=O)c(C(=O)OCC(=O)N(C)C(P(=O)(O)O)P(=O)(O)O)cn(C3CC3)c12,CHEMBL3137762
CHEMBL4534528,C=C1C(=O)[C@]23[C@H](OC(=O)c4cc5cc(OC)c(OC)cc5[nH]4)[C@H]1CC[C@H]2[C@@]12CO[C@]3(O)[C@@H](O)[C@@H]1C(C)(C)CC[C@@H]2O,CHEMBL138603
CHEMBL520432,CN(C(=O)c1ccccc1)c1ccc2c(c1)[nH]/c(=N\C(=O)c1ccc(-c3csc(N)n3)s1)n2CCC(N)=O,CHEMBL140805
CHEMBL1796906,Cc1ccc(C(=O)Nc2ccc(N3CCN(CC(O)(Cn4cncn4)c4ccc(F)cc4F)CC3)c(C(F)(F)F)c2)cc1,CHEMBL3138173
CHEMBL1796366,CC(=O)Nc1sc2c(c1Cc1nnc(SCC(=O)NN)n1NC(C)=O)CCCC2,CHEMBL148167
CHEMBL1206901,CCC(C)(C)OC(=O)C(c1cc(C)cc(C)c1OCC(O)C[C@@H](O)CC(=O)O)C1CCCCC1,CHEMBL543319
CHEMBL520589,CCOC(=O)C(C)(C)NP(=O)(NC(C)(C)C(=O)OCC)c1ccc(-c2nc(N)sc2CC(C)C)o1,CHEMBL50395
CHEMBL520075,C[C@H](O)C(=O)CCCCC[C@@H]1NC(=O)[C@@H]2CCCN2C(=O)[C@H](Cc2ccccc2)NC(=O)C(C)(C)NC1=O,CHEMBL63926
CHEMBL521443,CN1CCN(CN(C)C(=O)c2noc([C@H](CCCC3CCCCC3)CC(=O)NO)n2)CC1,CHEMBL543319
CHEMBL4534287,CCOC(=O)C1=C(C)N=c2s/c(=C/c3cc(Br)c(O)c(Br)c3)c(=O)n2C1c1ccc(Cl)cc1,CHEMBL3138173
CHEMBL4534475,COc1ncc(-c2ccc3ncc(C(=O)NCc4cn(-c5ccccc5O)nn4)n3c2)cc1NS(=O)(=O)c1ccc(F)cc1F,CHEMBL3137762
CHEMBL4532360,Cc1[nH]c(=O)c(CNC(=O)c2cc(-c3ccc(N4CCN(C(C)C)CC4)nc3)cc3c2cnn3C(C)C)c2c1CCC2,CHEMBL2113371
CHEMBL1795903,COCCCc1cc(CN(C(=O)[C@H]2CNCC[C@@H]2c2ccn(C)c(=O)c2)C2CC2)cc(OCCOC)c1,CHEMBL50395
CHEMBL1795904,CCn1ccc([C@H]2CCNC[C@@H]2C(=O)N(Cc2cc(CCCOC)cc(OCCOC)c2)C2CC2)cc1=O,CHEMBL50395
CHEMBL521802,CCCC(=O)OC[C@H]1OC(OC(=O)CCC)[C@@H](NC(C)=O)[C@@H](OC(=O)CCC)[C@@H]1OC(=O)CCC,CHEMBL50395
CHEMBL520773,CCOC(=O)C(C)NP(=O)(NC(C)C(=O)OCC)c1ccc(-c2nc(N)sc2CC(C)C)o1,CHEMBL50395
CHEMBL519290,Cc1ccccc1Nc1nc2ccc(CC(=O)N3C[C@@H](F)C[C@H]3COCCCC(=O)O)cc2o1,CHEMBL543319
CHEMBL522316,CCCCC/C=C\C[C@@]1(O)C=C(I)C(=O)[C@@H]1[C@H](/C=C\CCCC(=O)OC)OC(C)=O,CHEMBL50395
CHEMBL4534137,CCOc1ccc(N2C(=O)[C@H](Oc3ccc(C4C(C#N)=C(N)Oc5c4c(=O)oc4ccccc54)cc3)[C@@H]2c2ccc(Cl)cc2)cc1,CHEMBL3138424
CHEMBL519565,COc1cc(/C=C2\S/C(=N\c3ccccc3)N([C@@H](CCCN)C(=O)N[C@@H](C)C(N)=O)C2=O)cc(OC)c1O,CHEMBL63926
CHEMBL1795905,COCCCc1cc(CN(C(=O)[C@H]2CNCC[C@@H]2c2cc(=O)n(C)c(C)c2C)C2CC2)cc(OCCOC)c1,CHEMBL50395
CHEMBL451463,COc1ccc(C=O)cc1Oc1ccc(C[C@H]2c3c(cc(OC)c(OC)c3Oc3cc4c(cc3OC)CCN(C)C4=O)CCN2C)cc1.Cl,CHEMBL264879
CHEMBL1243235,CC1(C)CC(=O)C2=C(C1)N(c1ccc(S(N)(=O)=O)cc1)C(N1C(=O)CCC1=O)=C(C#N)C2c1ccc(Cl)cc1,CHEMBL2113371
CHEMBL519567,COC(=O)[C@@H]1CCCN1C(=O)CCc1ccc2c(c1)COP(=O)(OC[C@@H]1C=C[C@H](n3cc(C)c(=O)[nH]c3=O)O1)O2,CHEMBL138603
CHEMBL521059,C/C=C\[C@H](O)[C@H](O)C1=C(C)C(=O)[C@]2(O1)C(=O)N[C@@](OC)(C(=O)c1ccccc1)[C@@H]2O,CHEMBL148167
CHEMBL4533414,C=C[C@]1(C)C[C@@H](OC(=O)COc2ccc3c(c2F)B(O)N(C(=O)OC)N=C3)[C@]2(C)[C@H](C)CC[C@]3(CCC(=O)[C@H]32)[C@@H](C)[C@@H]1O,CHEMBL3138173
CHEMBL522654,C=CCOc1nc(OCC=C)nc(OC[C@@H]2CN(C(=S)NCc3ccco3)CCO2)n1,CHEMBL543319
CHEMBL519390,CCn1c(=O)[nH]c2nc(-c3ccc(S(=O)(=O)N4CCN(Cc5cccc(C(F)(F)F)c5)CC4)cc3)[nH]c2c1=O,CHEMBL2113371
CHEMBL4533729,CN(C)CC[S+]([O-])CCCCN=C=S,CHEMBL153094
CHEMBL521794,COCCN1CC(C(=O)N[C@@H](Cc2cc(F)cc(F)c2)[C@H](O)[C@@H]2NCCN(Cc3ccccc3)C2=O)CC1=O,CHEMBL63926
CHEMBL1207091,O=P(O)(O)O[C@@H]1[C@@H](O)[C@H](OP(=O)(O)O)[C@H](O)C[C@H]1OP(=O)(O)O,CHEMBL148167
CHEMBL4533555,CN(CCCOc1ccccc1[N+](=O)[O-])CC(O)(Cn1cncn1)c1ccc(F)cc1F,CHEMBL543319
CHEMBL1207920,Nc1nc(-c2ccc(-c3ccccc3)cc2)nc2c1ncn2[C@@H]1O[C@H](COS(=O)(=O)NC(=O)c2ccccc2O)[C@@H](O)[C@H]1O,CHEMBL3137762
CHEMBL1796006,CC(=O)O[C@@H]1[C@@H]2[C@@H](OC(=O)c3ccccc3)[C@@]3(OC2(C)C)[C@@](C)([C@@H](OC(C)=O)CC[C@]3(C)O)[C@H]1OC(=O)c1ccccc1,CHEMBL3138173
CHEMBL522681,COC(=O)NC1(CCC(C)C)C(=O)C(C2=NS(=O)(=O)c3cc(NS(C)(=O)=O)ccc3N2)=C(O)c2ccccc21,CHEMBL138603
CHEMBL1796903,O=C(Nc1ccc(N2CCN(CC(O)(Cn3cncn3)c3ccc(F)cc3F)CC2)c(C(F)(F)F)c1)c1ccc(F)cc1,CHEMBL3138424
CHEMBL518943,COC(=O)[C@@H](C)NP(=O)(N[C@H](C)C(=O)OC)c1ccc(-c2nc(N)sc2CC(C)C)o1,CHEMBL543319
CHEMBL518944,CCN(CC)C(=O)[C@H](C)[C@H]1CC[C@@H](C[C@@H](C)n2cc(C#CCOc3ccc(OC)cc3)nn2)O1,CHEMBL543319
CHEMBL1243077,CC(=O)N(C(C)=O)C1=C(C#N)C(c2ccc(Cl)cc2)C2=C(CC(C)(C)CC2=O)N1c1ccc(S(N)(=O)=O)cc1,CHEMBL2113371
CHEMBL520693,Nc1ccc(/C=C2/CCCc3c2nc2nc4s/c(=C\c5cccs5)c(=O)n4c(=O)c2c3-c2ccc(N)cc2)cc1,CHEMBL2113371
CHEMBL518679,O=C1C(Cl)C(c2ccccc2)N1n1c(CSc2nnc(-c3ccncc3)o2)nc2ccc(Br)cc2c1=O,CHEMBL3138424
CHEMBL1207051,C/C(=C\c1ncc(/C=C/C(=O)O)o1)C[C@@H]1OC[C@H](C[C@@H]2O[C@H]2[C@@H](C)[C@H](C)O)[C@@H](O)[C@H]1O,CHEMBL148167
CHEMBL1796007,CC(=O)O[C@H]1CC[C@](C)(O)[C@]23OC(C)(C)[C@H]([C@H](OC(=O)[C@H](O)[C@@H](O)c4ccccc4)[C@H](OC(=O)c4ccccc4)[C@]12C)[C@H]3O,CHEMBL3137762
CHEMBL4533740,C/C=C\C(=O)Nc1cc(Nc2nc3c(c(-c4cn(C)c5ccccc45)n2)CS(=O)(=O)CC3)c(OC)cc1N(C)CCN(C)C,CHEMBL3137762
CHEMBL520751,COc1ccc(/C=C/C(=O)C(/C=C/C(N)=O)C(=O)/C=C/c2ccc(OC)c(OC)c2)cc1OC,CHEMBL543319
CHEMBL1243239,OC[C@H]1O[C@@H](Oc2cccc(Cl)c2Cc2cnn(-c3ccccc3)c2)[C@H](O)[C@@H](O)[C@@H]1O,CHEMBL148167
CHEMBL521744,C/C(=C/SS/C=C(/C)n1c(C(=O)c2ccc(Br)cc2)noc1=O)n1c(C(=O)c2ccc(Br)cc2)noc1=O,CHEMBL3138174
CHEMBL518998,CCCCCCCCCC(=O)N1CCN(c2ccc(N3C[C@H](Cn4ccnn4)OC3=O)cc2F)CC1,CHEMBL50395
CHEMBL519522,O=[N+]([O-])c1ccc2c(c1)c(OCc1ccccc1)nn2CCOCC[N+]1([O-])CCCCC1,CHEMBL543319
CHEMBL1207069,C/C(=C\c1ncc(C(=O)O)o1)C[C@@H]1OC[C@H](C[C@@H]2O[C@H]2[C@@H](C)[C@H](C)O)[C@@H](O)[C@H]1O,CHEMBL148167
CHEMBL519802,COc1ccccc1-c1nc(CCOc2ccc(CC(OC)C(=O)O)c3sccc23)c(C)o1,CHEMBL543319
CHEMBL518795,CC(C)OC(=O)C(C)NP(=O)(CO[C@H](C)Cn1cnc2c(N)ncnc21)Oc1ccccc1,CHEMBL543319
CHEMBL4533449,COc1ccc(-c2nc(CNC(=O)/C(=C/c3ccc(OC)c(O)c3)c3cc(OC)c(OC)c(OC)c3)cc3c2[nH]c2ccccc23)cc1,CHEMBL3138174
CHEMBL519907,CN(Cc1cccc2c1S(=O)(=O)N=C2C1=C(O)C(C)(C)N(Cc2ccc(F)c(Cl)c2)C1=O)S(C)(=O)=O,CHEMBL2113371
CHEMBL520532,CC(C)CC(NC(=O)[C@@H](O)[C@@H](O)C1CCCO1)C1Cc2cccc(O)c2C(=O)O1,CHEMBL148167
CHEMBL520747,C=C[C@]1(C)C[C@@H]2OC(=O)C(C)=C2C[C@H]1C(=C)CO[C@@H]1O[C@H](CO)[C@@H](O)[C@H](O)[C@H]1O,CHEMBL148167
CHEMBL521533,O=C1NC(=S)SC1C(c1ccc([N+](=O)[O-])cc1)C(P(=O)(O)O)P(=O)(O)O,CHEMBL148167
CHEMBL1207395,CC(C)(C)CCCCC1(C)C(=O)C(C2=NS(=O)(=O)c3cc(NS(C)(=O)=O)ccc3N2)=C(O)c2ccccc21,CHEMBL2113371
CHEMBL1243240,CCc1ccc(Cc2c(Cl)cccc2O[C@@H]2O[C@H](CO)[C@@H](O)[C@H](O)[C@H]2O)cn1,CHEMBL148167
CHEMBL4533332,Cn1cc2c(nc(NCCOCCOCCNC(=O)OC(C)(C)C)n3nc(-c4ccco4)nc23)n1,CHEMBL311263
CHEMBL4533604,C=C1C(=O)[C@]23[C@H](OC(=O)[C@H](C)NC(=O)OC(C)(C)C)[C@H]1C[C@H](O)[C@H]2[C@]1(COC(C)=O)CCCC(C)(C)[C@H]1C[C@H]3OC,CHEMBL2113371
CHEMBL4533776,COC[C@@H](C)Nc1nc2c(nc1N1CCC(Oc3ccc(F)cc3F)CC1)CCN(C(C)=O)C2.O=C(O)C(F)(F)F,CHEMBL3138424
CHEMBL4534744,COc1cc(C2Oc3cc(-c4cc(=O)c5c(O)cc(O)cc5o4)ccc3OC2c2cc(Cc3ccccc3)on2)ccc1O,CHEMBL3138424
CHEMBL1796262,COCCN1CCc2ccc(Nc3ncc(Cl)c(N[C@@H]4CCC[C@H](NS(C)(=O)=O)C4)n3)cc2CC1,CHEMBL63926
CHEMBL1207353,COc1ccc(CN(C)C(=O)c2nn(-c3ccc(F)cc3)c(CC[C@@H](O)C[C@@H](O)CC(=O)O)c2C(C)C)cc1,CHEMBL50395
CHEMBL4532633,CC(C)(C)C(=O)OCn1c(=O)c(C#Cc2ccc3c4cccc5cccc(c6cccc2c63)c54)cn(CC(=O)NCCCCO)c1=O,CHEMBL3138424
CHEMBL522158,O=C(c1ccco1)N1CCC(OCCN2CCC3(CC2)C(=O)NCN3c2ccccc2)(c2ccc(Cl)c(Cl)c2)C1,CHEMBL2113371
CHEMBL1796356,COC(=O)CSc1nnc(Cc2c(NCCC(=O)O)sc3c2CCCC3)n1NC(C)=O,CHEMBL543319
CHEMBL4534673,C=C1C(=O)[C@]23[C@H](OC(=O)[C@@H](N)CCCC)[C@H]1C[C@H](O)[C@H]2[C@]1(COC(C)=O)CCCC(C)(C)[C@H]1C[C@H]3OC.O=C(O)C(F)(F)F,CHEMBL3138424
CHEMBL521892,CCCC[C@H](C)C[C@H](C)C(=O)N1CCC[C@H]1C(=O)O[C@@H](C(=O)O[C@H](C(=O)O)[C@@H](C)CC)[C@@H](C)CC,CHEMBL50395
CHEMBL518983,CONC(=O)c1ccc(F)c(Nc2ncnn3cc(NC(=O)OCCCS(C)(=O)=O)c(C(C)C)c23)c1,CHEMBL63926
CHEMBL521912,CCCN(CCC)C(=O)c1cc(C)cc(C(=O)N[C@@H](Cc2cc(F)cc(F)c2)[C@H](O)[C@@H]2NCCN(CC)C2=O)c1,CHEMBL63926
CHEMBL1796261,COCCN1CCc2ccc(Nc3ncc(Cl)c(N[C@@H]4CCC[C@@H](NS(C)(=O)=O)C4)n3)cc2CC1,CHEMBL63926
CHEMBL4532734,N=C(N)N1CCC(C(NC(=O)C#Cc2ccc3c(c2)OCO3)P(=O)(Oc2ccccc2)Oc2ccccc2)CC1,CHEMBL2113371
CHEMBL518959,O=C([N-]S(=O)(=O)OC[C@H]1O[C@@H](n2cnc3c(NC4CCCC4)ncnc32)[C@H](O)[C@@H]1O)c1ccccc1O.[Na+],CHEMBL75595
CHEMBL520256,C=C(CC)C(=O)c1ccc(OCC(=O)Nc2cc(OC)c(OC)cc2C(=O)O)c(Cl)c1Cl,CHEMBL543319
CHEMBL1796003,CC(=O)O[C@H]1[C@@H]2[C@@H](OC(=O)c3cccnc3)[C@]3(OC2(C)C)[C@H](C)CC[C@H](OC(C)=O)[C@@]3(C)[C@H]1OC(=O)c1ccccc1,CHEMBL2113371
CHEMBL4532744,CN(C)C(=O)c1cc2cnc(Nc3ccc(NC(=O)CCCCCCN=C=S)cc3)nc2n1C1CCCC1,CHEMBL50395
CHEMBL1795902,COCCCc1cc(CN(C(=O)[C@H]2CNCC[C@@H]2c2cccnc2)C2CC2)cc(OCCOC)c1,CHEMBL543319
CHEMBL522314,CC(C)CC(NC(=O)C(O)C(O)C1CCCN1)C1Cc2cccc(O)c2C(=O)O1,CHEMBL148167
CHEMBL1796904,O=C(Nc1ccc(N2CCN(CC(O)(Cn3cncn3)c3ccc(F)cc3F)CC2)c(C(F)(F)F)c1)c1ccc(Cl)cc1,CHEMBL3138424
CHEMBL519031,O=C(OC[C@H]1O[C@@H](COc2ccccc2CO)[C@H](O)[C@@H](O)[C@@H]1O)c1ccccc1,CHEMBL148167
CHEMBL519177,COc1ccccc1N1CCN(CC(O)CNC(=O)c2cccnc2Sc2cccc(N(C)C)c2)CC1,CHEMBL63926
CHEMBL4533481,CCN1CCC(C(=O)NC2CCN(c3ccc(NC(=O)Nc4cccc(Oc5ccnc6cc(OC)c(OC)cc56)c4)cc3C(F)(F)F)CC2)CC1,CHEMBL264879
CHEMBL1207892,CC(=O)[C@H]1CC[C@H]2[C@@H]3C[C@H](O[C@H]4O[C@@H](C)[C@H](O)[C@@H](O)[C@@H]4O)[C@H]4C[C@@H](OS(=O)(=O)O)CC[C@]4(C)C3=CC[C@]12C,CHEMBL138603
CHEMBL524707,C=C/C(C)=C/C[C@]1(C)[C@H](C)C[C@H](OC(=O)c2ccc(O)cc2)[C@@]23C(=C[C@H](O)C[C@@H]12)[C@@H](OC(C)=O)O[C@H]3OC(C)=O,CHEMBL2113371
CHEMBL524221,COc1ccc2nccc([C@@H](O)CN3CCC(NC(=O)C(c4cc5ccccc5o4)N4CCN(c5ccc(F)cc5)CC4)CC3)c2c1,CHEMBL3138174
CHEMBL524492,CC[C@H](NC(=O)[C@@H]1[C@@H]2[C@H](CN1C(=O)[C@@H](NC(=O)N[C@H](CN(C)S(C)(=O)=O)C(C)(C)C)C(C)(C)C)C2(C)C)B1O[C@@H]2C[C@@H]3C[C@@H](C3(C)C)[C@]2(C)O1,CHEMBL264879
CHEMBL1208218,CC(=O)O[C@@H]1C[C@]2(C)[C@H]3CC[C@]4(C)[C@@H]([C@H](C)[C@@H]5O[C@H]5[C@H](C)C(C)C)CC[C@H]4C3=CC[C@H]2[C@H](OS(=O)(=O)O)[C@H]1O,CHEMBL2113371
CHEMBL523323,Cc1cn([C@H]2C=C[C@@H](COP3(=O)OCc4cc(CCC(=O)N[C@@H](C)C(=O)O)ccc4O3)O2)c(=O)[nH]c1=O,CHEMBL63926
CHEMBL527526,COCC(=O)N(Cc1ccccc1-c1cccc(CNCc2ccc3c(c2)OCO3)c1)C1CCN(Cc2ccccc2)CC1.O=C(O)C(F)(F)F,CHEMBL264879
CHEMBL1795564,CO/N=C(\C(=O)NCP(=O)(O)Oc1ccc(C#N)c(F)c1)c1cnc(NC(=O)C(Cl)(Cl)Cl)s1,CHEMBL138603
CHEMBL526553,CS(=O)(=O)Nc1ccc2c(c1)S(=O)(=O)C=C(c1c(O)c3ccc(Cl)cc3n(Cc3ccc(F)cc3)c1=O)N2,CHEMBL2113371
CHEMBL1243142,CC1(C)CC(=O)C2=C(C1)N(c1ccc(S(N)(=O)=O)cc1)c1nc(CCl)[nH]c(=O)c1C2c1ccc(Cl)cc1,CHEMBL2113371
CHEMBL1208178,CC(C)[C@H](/C=C/[C@@H](C)[C@H]1C[C@@H](O)[C@@H]2[C@]1(C)CC[C@@H]1[C@@]3(C)CC[C@H](OS(=O)(=O)O)C[C@@H]3[C@@H](O)C[C@]12O)O[C@@H]1OC[C@@H](O)[C@H](O)[C@H]1O,CHEMBL3137802
CHEMBL1808196,CCCCCCCC(C/C=C/CCC(=O)O)OC,CHEMBL153094
CHEMBL527848,COc1ccc(Cn2c(N3CCN(S(=O)(=O)c4ccc(OC)cc4)CC3)nc3c2c(=O)n(CC2CC2)c(=O)n3CC2CC2)cc1,CHEMBL3138174
CHEMBL524580,COc1ccccc1CCNC(=O)c1cnc(N2CCN(c3ccncc3)CC2)c(Cl)c1.O=C(O)C(F)(F)F,CHEMBL2113371
CHEMBL525743,CCCCCCCCCCOC(=O)C[C@@H]1C[C@@H](O)C[C@]2(CCC3(C=CC(=O)C=C3)O2)O1,CHEMBL543319
CHEMBL526624,COc1ccc2nccc([C@@H](O)CN3CCC(NCCOc4cccc(C(F)(F)F)c4Cl)CC3)c2c1.O=C(O)C(=O)O,CHEMBL3137762
CHEMBL526753,CC1(NC(=O)N[C@H](C(=O)N2C[C@H]3[C@@H]([C@H]2C(=O)NC(CC2CC2)C(=O)C(N)=O)C3(C)C)C(C)(C)C)CCCCC1,CHEMBL63926
CHEMBL1795488,CC(C)[C@H](N)C(=O)Oc1ccc2c3c1O[C@H]1C(=O)CC[C@@]4(O)[C@@H](C2)N(CC2CC2)CC[C@]314.O=C(O)C(F)(F)F,CHEMBL2113371
CHEMBL525899,O=C1CC[C@@H](C(=O)N2CCC(NS(=O)(=O)c3cc(S(=O)(=O)c4ccccc4)ccc3C(F)(F)F)CC2)N1,CHEMBL2113371
CHEMBL526565,CC(=O)[C@@H](NC(=O)N[C@H](C(=O)N1C[C@H]2[C@@H]([C@H]1C(=O)NC(CC1CC1)C(=O)C(N)=O)C2(C)C)C(C)(C)C)C(C)C,CHEMBL63926
CHEMBL525942,CC(=O)O[C@@H]1[C@@H]2[C@@H](OC(C)=O)[C@]3(OC2(C)C)[C@H](C)CC[C@H](OC(=O)c2ccccc2)[C@@]3(C)[C@@H]1OC(=O)c1ccccc1,CHEMBL2113371
CHEMBL525277,COc1ccc(C(C(=O)NC2CCN(C[C@H](O)c3ccnc4ccc(OC)cc34)CC2)N2CCN(Cc3ccccc3)CC2)cc1,CHEMBL3137762
CHEMBL1808198,CCCCCCC[C@H](C/C=C/CCC(=O)O)OC,CHEMBL153094
CHEMBL1207905,CC1=C(Cc2cc(OS(=O)(=O)O)ccc2OS(=O)(=O)O)[C@]2(C)CCC[C@@](C)(CC[C@@]3(O)[C@H](C)CC[C@@H]4OC(C)(C)CCC[C@@]43C)[C@H]2CC1,CHEMBL264879
CHEMBL526803,CS(=O)(=O)CCNCc1nc(-c2ccc3ncnc(Nc4ccc(OCc5cccc(F)c5)c(Cl)c4)c3c2)cs1.Cl,CHEMBL3138174
CHEMBL1627153,CN[C@@H](C)C(=O)N[C@H](C(=O)N[C@@H](C)C(=O)Nc1ccc([N+](=O)[O-])c2ccccc12)C(C)C,CHEMBL148167
CHEMBL522803,CCCCN1CC(C(=O)N[C@@H](Cc2cc(F)cc(F)c2)[C@H](O)[C@@H]2NCN(Cc3ccccc3)C2=O)[C@@H](CC)C1=O,CHEMBL63926
CHEMBL525718,O=C(CN1CCNCC1)N1CCC(NS(=O)(=O)c2cc(S(=O)(=O)c3ccccc3)ccc2C(F)(F)F)CC1,CHEMBL2113371
CHEMBL1207956,C=CCCCCCC#CC#CCOCC(=O)O,CHEMBL153094
CHEMBL524567,COc1ccc(CCNc2nc(NCc3ccccc3)c3cc(OC)c(OC)cc3n2)cc1OC,CHEMBL543319
CHEMBL522874,CN1CCN=C1c1ccc(OCCCCCOc2ccc(C3=NCCN3C)cc2)cc1.Cl,CHEMBL543319
CHEMBL527437,COc1ccc(CNC(=N)Nc2nc(-c3ccc(OCCCn4ccnc4)cc3)cs2)cc1,CHEMBL543319
CHEMBL527731,CCOC(=O)CCc1cc(F)c(F)c(OC[C@H](O)CNC(C)(C)C(O)c2ccc3ccccc3c2)c1,CHEMBL50395
CHEMBL524371,CC[C@H]1CN2CCc3cc(OC)c(OC)cc3[C@@H]2C[C@@H]1CC1=NCCc2cc(OC)c(OC)cc21.O=S(=O)(O)O,CHEMBL2113371
CHEMBL555527,CC(C)=CCC[C@]1(C)C=Cc2c(O)c3c(c(C/C=C(\C)CO)c2O1)O[C@]12C(=C[C@@H]4C[C@H]1C(C)(C)O[C@@]2(C/C=C(/C)C(=O)O)C4=O)C3=O,CHEMBL3138174
CHEMBL4563428,NC[C@H](NC(=O)c1ccc(-c2ccc(C(F)(F)F)cn2)[nH]1)c1nc(CO)c(CO)s1,CHEMBL148167
CHEMBL556158,COc1cc([C@@H]2c3cc4c(cc3[C@@H](Nc3ccc(NC(=O)c5cc([N+](=O)[O-])cn5C)cc3)[C@H]3COC(=O)[C@H]23)OCO4)cc(OC)c1O.Cl,CHEMBL3138174
CHEMBL554177,COC(=O)CN(Cc1cc[n+](C)cc1)C(=O)c1cc2ccccc2n1Cc1cccc(C(=N)N)c1.O=C([O-])C(F)(F)F,CHEMBL138603
CHEMBL4563995,COc1cc2c(Oc3ccc(NC(=O)NN4C(=O)CSC4c4c(F)cccc4F)c4ccccc34)ccnc2cc1OCCCN1CCCC1,CHEMBL264879
CHEMBL551050,CCCOCCn1c(=O)c(NCCN2CCOCC2)nc2ncc(-c3ccc(OC)nc3)nc21,CHEMBL543319
CHEMBL553366,COc1ccc(OCCN(C)CCCN2CCc3cc(OC)c(OC)cc3CC2=O)cc1OC.Cl,CHEMBL50395
CHEMBL554579,CC[C@@]1(O)C(=O)OCc2c1cc1n(c2=O)Cc2c-1nc1ccccc1c2/C=N/NC(=O)C(N)Cc1ccc(O)cc1.Cl,CHEMBL138603
CHEMBL553570,C[C@H](NP(=O)(OC[C@H]1O[C@@H](n2cnc3c(=O)[nH]c(N)nc32)[C@](C)(O)[C@@H]1O)Oc1cccc2ccccc12)C(=O)OCc1ccccc1,CHEMBL3137802
CHEMBL553388,CC(C)[C@H]1Oc2ccc(cc2)/C=C\NC(=O)[C@H]([C@H](O)c2ccccc2)NC(=O)[C@H]1NC(=O)[C@H](Cc1ccccc1)N(C)C,CHEMBL138603
CHEMBL4564826,CN(C)C/C=C/C(=O)N1CCC[C@H](NC(=O)c2n[nH]cc2NC(=O)c2c(Cl)cccc2Cl)C1.O=C(O)C(F)(F)F,CHEMBL3138424
CHEMBL556140,CCN1CCN(Cc2ccc(NC(=O)c3ccc(C)c(NC(=O)c4cncc(-c5cccs5)c4)c3)cc2C(F)(F)F)CC1,CHEMBL3138424
CHEMBL555516,CCc1ccc(C2=N[C@H]3CCC[C@H](C)[C@H](O)[C@@H](C)C(=O)C(C)(C)[C@@H](O)CC(=O)O[C@H](/C(C)=C/c4csc(C)n4)C[C@@H]3O2)cc1,CHEMBL3138424
CHEMBL4564145,C=C1C(=O)[C@]23[C@H](OC(=O)[C@@H]4CCCCN4C(=O)OC(C)(C)C)[C@H]1C[C@H](O)[C@H]2[C@]1(COC(C)=O)CCCC(C)(C)[C@H]1C[C@H]3OC,CHEMBL3138424
CHEMBL555960,CC(NCC(O)COc1ccc(CC(N)=O)cc1)C(O)c1ccc(O)cc1.Cl,CHEMBL148167
CHEMBL555262,C/C=C(\C)C(=O)O[C@H]1[C@H]2[C@@H]([C@H](OC(C)=O)[C@@H](C)C(=O)[C@@]34C[C@H](C)[C@H](OC(=O)c5ccccc5)[C@]3(/C=C(\C)[C@H]1O)O4)C2(C)C,CHEMBL3138424
CHEMBL554564,C/C(=C\c1csc(C)n1)[C@@H]1C[C@@H]2OC(c3cccnc3)=N[C@H]2CCC[C@H](C)[C@H](O)[C@@H](C)C(=O)C(C)(C)[C@@H](O)CC(=O)O1,CHEMBL2113371
CHEMBL551052,CCCOCCn1c(=O)c(NCCN2CCOCC2)nc2cnc(-c3ccc(OC)nc3)cc21,CHEMBL311263
CHEMBL4564552,COCCN1CCN(C(=O)[C@H]2CC[C@@H](c3cc4c(N[C@H](C)c5cc(N)cc(C(F)(F)F)c5F)nc(C)nc4cc3OC)CC2)CC1,CHEMBL3138174
CHEMBL556338,CSc1ncc(C2C(C(=O)Nc3ccccc3Cl)=C(C)NC(C)=C2C(=O)Nc2ccccc2Cl)n1Nc1ccccc1,CHEMBL3138424
CHEMBL1210940,COc1c(N2CCCC(N(C)CCN3C(=O)C(=O)c4ccccc43)C2)c(F)cc2c(=O)c(C(=O)O)cn(C3CC3)c12,CHEMBL138603
CHEMBL554399,COc1ccc(/C=N/c2nc3[nH]nc(C)n3c(=O)c2S(=O)(=O)NN2C(=O)C(CN3CCOCC3)SC2c2ccc(OC)cc2)cc1,CHEMBL307401
CHEMBL555586,COc1cc2nc3c(c4c2c(c1OC)N(C(=O)CN1CCN(C)CC1)CC4)Cc1cc(OCCCN2CCN(C)CC2)ccc1-3.Cl,CHEMBL3138174
CHEMBL4564854,c1ccc(CN(Cc2ccc3c(c2)-c2cc(CN4CCCNCCNCCCNCC4)ccc2OCCCCO3)Cc2ccccn2)nc1,CHEMBL3138174
CHEMBL4564270,c1cnn(CCCNCCCn2cccn2)c1,CHEMBL153094
CHEMBL4562734,Cc1nn(-c2ccccc2)c(-n2cncn2)c1C1C2CCCN2C2(C(=O)Nc3ccccc32)C1C(=O)c1ccc([N+](=O)[O-])cc1,CHEMBL3138424
CHEMBL4564275,CC(C)=C[C@H]1O[C@H]2[C@H]3O[C@@]34[C@H](CC[C@@]3(C)[C@@]4(O)CC[C@H]4Cc5c([nH]c6cccc(C[C@H](O)C(C)(C)O)c56)[C@@]43C)O[C@@H]2C(C)(C)O1,CHEMBL3138424
CHEMBL558031,C=C[C@@]1(C)CC(=O)[C@]2(O)C3(C)C(C(O)C(OC(=O)CCCN4CCOCC4)[C@@]2(C)O1)C(C)(C)CC[C@@H]3O.Cl,CHEMBL138603
CHEMBL4564573,COC(C)C(=O)N1CCc2nc(N3CCC(Oc4ccc(F)cc4F)CC3)c(NC(C)C)nc2C1.O=C(O)C(F)(F)F,CHEMBL3138424
CHEMBL4564862,Cl.Cl.Cl.Cl.O=C(NCc1ncccc1F)c1coc(CCN(CCc2nc3ccccc3[nH]2)CCc2nc3ccccc3[nH]2)n1,CHEMBL264879
CHEMBL558353,CC(C)=CCC/C(C)=C/Cc1c(O)c2c(c3c1O[C@@H](C(C)(C)O)C3)O[C@]13C(=C[C@@H]4C[C@H]1C(C)(C)O[C@@]3(C/C=C(/C)C(=O)O)C4=O)C2=O,CHEMBL3138174
CHEMBL4564291,Cc1cc2c(cc(C(=O)N[C@H](CO)c3ccc(S(=O)(=O)CC(=O)OCCO)cc3)n2C)c(Cl)c1Cl,CHEMBL63926
CHEMBL4564365,NS(=O)(=O)OC[C@H]1C[C@@H](Nc2ncncc2C(=O)c2nn(Cc3cccc(Br)c3)c3ccccc23)[C@H](O)[C@@H]1O,CHEMBL3137762
CHEMBL561601,Br.CCOC(=O)[C@H](C)NP(=O)(OC[C@H]1O[C@@H](n2ccc(N)nc2=O)[C@](C)(O)[C@@H]1O)Oc1ccc(Cl)cc1,CHEMBL3137762
CHEMBL4564508,CCOC(=O)[C@H](Cc1ccccc1)NP(N)(=O)CCO[C@H](CO)Cn1cnc2c(=O)[nH]cnc21,CHEMBL311263
CHEMBL4564580,COc1ccc(C2=NCCN2)cc1-c1cn(-c2cccc(C3=NCCN3)c2)nn1.O=C(O)C(F)(F)F.O=C(O)C(F)(F)F,CHEMBL3138424
CHEMBL557879,NC(=O)CC[C@H](N)C(=O)NNC(=O)c1cc(C23CC4CC(CC(C4)C2)C3)c2ccccc2n1,CHEMBL148167
CHEMBL4564929,CCOC(=O)C1=C(C)NC(C)=C(C(=O)OCC)C1c1c(-c2cc([N+](=O)[O-])c(Cl)cc2Cl)nc2sc(Cl)cn12,CHEMBL3138424
CHEMBL561171,N=C(N)NCCNc1nc(=O)n(Cc2ccccc2)c(=O)n1Cc1ccc(F)cc1,CHEMBL148167
CHEMBL556982,COc1cc2cc(CO)c(CO)c(-c3ccnc(-n4nc(-c5cccnc5)c5ccccc5c4=O)c3)c2cc1OCc1ccccc1.Cl,CHEMBL3138174
CHEMBL4564803,O=C(NCc1ccc[nH]c1=O)c1csc(CCNCc2nc3ccccc3[nH]2)n1,CHEMBL148167
CHEMBL4564662,C=C1C(=O)[C@]23[C@H](OC(=O)[C@@H](N)CCSC)[C@H]1C[C@H](O)[C@H]2[C@]1(COC(C)=O)CCCC(C)(C)[C@H]1C[C@H]3OC.O=C(O)C(F)(F)F,CHEMBL3138174
CHEMBL561358,Nc1nc(OCCc2ccccc2)nc2c1ncn2CCCCOP(=O)(O)OP(=O)(O)O,CHEMBL311263
CHEMBL4637506,C=C[C@]1(C)C[C@@H](OC(=O)c2ccccc2)[C@H]2[C@](O)(C1=O)[C@H](OC(C)=O)C[C@H]1C(C)(C)[C@H](O)[C@H](OC(C)=O)[C@H](OC(=O)c3ccccc3)[C@@]12C,CHEMBL3138174
CHEMBL558045,Cl.N=C(NCCCCCC(=O)N[C@@H]1CN[C@H](C(=O)Nc2ccc(Br)cc2)C1)N[N+](=O)[O-],CHEMBL63926
CHEMBL560894,CCNc1cc(C(=O)N[C@@H](Cc2ccccc2)[C@H](O)CNCCC(F)(F)F)cc2c1CCCS(=O)(=O)N2C,CHEMBL63926
CHEMBL4636712,CN(C)c1ccc(/C=N/c2ccc(/N=C3/C(=O)N(CN4CCN(c5cc6c(cc5F)c(=O)c(C(=O)O)cn6C5CC5)CC4)c4ccc(F)cc43)cc2)cc1,CHEMBL264879
CHEMBL4638237,CCn1cc(-c2nnc(SC/C(=N/NC(N)=S)c3ccc(Cl)cc3)[nH]2)c(=O)c2cc(F)c(N3CCN(C)CC3)cc21,CHEMBL3138424
CHEMBL4636997,COc1c(N2CCN(C[C@H](O)Cn3cc([N+](=O)[O-])nc3C)C(C)C2)c(F)cc2c(=O)c(C(=O)O)cn(C3CC3)c12,CHEMBL63926
CHEMBL1210423,COc1cnc(-c2ccc(Cn3c(CC(C)(C)C(=O)[O-])c(SC(C)(C)C)c4cc(OCc5ccc(C)cn5)ccc43)cc2)nc1.[Na+],CHEMBL3138174
CHEMBL4637541,O=C(O)c1cn([C@@H]2C[C@@H]2F)c2cc(N3CCN(Cn4nc(-c5ccccn5)n(Cc5ccccc5)c4=S)CC3)c(F)cc2c1=O,CHEMBL3138424
CHEMBL4637914,COC(=O)/C=C/c1ccc2c(c1)C1(C(=O)N2Cc2ccc(OC)cc2)[C@H](C(=O)/C=C/c2ccc(F)cc2)[C@@H](c2ccc(F)cc2)[C@@H]2CSCN21,CHEMBL264879
CHEMBL1209318,CC(C)N(CC(C1CCCCC1)N1CCN(C(=O)[C@@H]2CN(C(C)(C)C)C[C@H]2c2ccc(F)cc2F)CC1)C(=O)c1cccnn1,CHEMBL3138424
CHEMBL4636486,CCn1cc(C(=O)O)c(=O)c2cc(F)c(N3CCN(Cn4nc(CN5CCN(c6ccc([N+](=O)[O-])cc6)CC5)oc4=S)CC3)cc21,CHEMBL3138174
CHEMBL4637014,CC1(C)[C@@H](O[C@@H]2O[C@H](CO)[C@@H](O)[C@H](O)[C@H]2O)CC[C@]2(C)[C@H]3C(=O)C=C4[C@@H]5C[C@@](C)(C=O)CC[C@]5(C)CC[C@@]4(C)[C@]3(C)CC[C@@H]12,CHEMBL3138424
CHEMBL4637364,C#CCOC1O[C@H](COCC#CC)[C@@H](OCc2ccccc2)[C@H](OCc2ccccc2)[C@H]1OCc1ccccc1,CHEMBL50395
CHEMBL4636883,COc1ccc(-c2nc(NC(=O)c3cnc(N(C)CC(=O)[O-])cn3)sc2CN2CCCC(C)(C)C2)cc1C(F)(F)F.[K+],CHEMBL3137762
CHEMBL4637372,COc1cc2c(cc1OCCCC(=O)Nc1cc(C(=O)Nc3ccc(-c4cc(C(=O)N5CCOCC5)n(C)c4)cc3)n(C)c1)N=C[C@@H]1CCCN1C2=O,CHEMBL264879
CHEMBL4636496,CC(C)CCCCCCC(=O)c1c[nH]cn1,CHEMBL153094
CHEMBL4637585,O=CN1CCC[C@H](NC(=O)[C@H]2CN(S(=O)(=O)c3ccccc3)C[C@@H]2NC(=O)c2cc(-c3ccccc3Cl)on2)C1,CHEMBL138603
CHEMBL4637751,CCC(C)CCCCCCC(=O)c1c[nH]cn1,CHEMBL153094
CHEMBL4638077,C#CCOC[C@H]1O[C@H](OC)[C@H](OCc2ccccc2)[C@@H](OCc2ccccc2)[C@@H]1OCc1ccccc1,CHEMBL50395
CHEMBL4638566,Cc1oc(-c2ccc(C(F)(F)F)cc2)nc1C(=O)N[C@H]1CN(S(=O)(=O)c2ccccc2)C[C@@H]1C(=O)N[C@H]1CCCNC1,CHEMBL3138424
CHEMBL4638569,CC1COc2c(N3CCN(C)CC3)c(F)cc3c(=O)c(-c4nnc(SCC(=O)N/N=C/c5ccc(Cl)cc5)[nH]4)cn1c23,CHEMBL3138424
CHEMBL4636502,Cc1oc(-c2ccccc2Cl)nc1C(=O)N[C@H]1CN(S(=O)(=O)c2ccccc2)C[C@@H]1C(=O)N[C@H]1CCCNC1,CHEMBL138603
CHEMBL4636611,C=CC(=O)N1CCN(c2nc(OC[C@@H]3CCCN3C)nc3c2CCN(c2cccc4cccc(C(F)(F)F)c24)C3)C[C@@H]1CC#N,CHEMBL3138424
CHEMBL4636780,O=C(N[C@H]1CN(S(=O)(=O)c2ccccc2)C[C@@H]1C(=O)N1C[C@H]2CCNC[C@H]21)c1cc(-c2ccccc2Cl)on1,CHEMBL138603
CHEMBL4636911,CC[C@H]1CN2CCc3cc(OC)c(OC)cc3[C@@H]2C[C@@H]1C[C@@H]1c2cc(OC)c(OC)cc2CCN1C(=O)CCNC(=O)OC(C)(C)C,CHEMBL3138174
CHEMBL4637200,COCCN1CCN(C(=O)c2nc(NS(=O)(=O)c3cc(Br)cc(Cl)c3O)cn2C2CCCC2)CC1,CHEMBL3138424
CHEMBL4638584,CO/N=C1\CCN(c2c(F)cc3c(=O)c(C(=O)O)cn(C4CC4)c3c2OC)CC1NC(=O)C(C)NC(=O)C(C)N,CHEMBL63926
CHEMBL4638585,COc1cc(-c2nn(CN3CCN(c4cc5c(cc4F)c(=O)c(C(=O)O)cn5[C@@H]4C[C@@H]4F)CC3)c(=S)n2-c2ccccc2)cc(OC)c1OC,CHEMBL264879
CHEMBL4637397,CCC(=O)CCCCC[C@H](NC(=O)[C@@H]1CC12CCCN(C)C2)c1ncc(-c2cc3ccccc3nc2OC)[nH]1,CHEMBL50395
CHEMBL4637773,C[C@@H]1CCCN1Cc1sc(NC(=O)c2cnc(N3CCC(C(=O)O)CC3)cn2)nc1-c1cc(Cl)cs1.Cl.Cl,CHEMBL3138424
CHEMBL4637778,COC(=O)C[C@H]1CCCC[C@H](NC(=O)/C=C/c2cc(Cl)ccc2-n2cnnn2)c2nc(c[nH]2)-c2ccc(NC(=O)OC)cc2N1,CHEMBL3138424
CHEMBL559392,CCCCc1nc(Cl)c(CO)n1CCCOc1cc2c(Nc3cccc(F)c3)ncnc2cc1OC,CHEMBL50395
CHEMBL4638091,O=C(O)c1cn(C2CC2)c2cc(N3CCN(CN4C(=O)/C(=N/c5ccc(/N=C/c6ccc(Cl)cc6)cc5)c5cc(F)ccc54)CC3)c(F)cc2c1=O,CHEMBL264879
CHEMBL4638111,C=C[C@]1(C)C[C@@H](OC(=O)CS[C@@H]2CC[C@H](C(=O)OCC)C[C@H]2NS(=O)(=O)c2ccc(F)cc2)[C@]2(C)[C@H](C)CC[C@]3(CCC(=O)[C@H]32)[C@@H](C)[C@@H]1O,CHEMBL264879
CHEMBL4637622,O=C1CCC(N2Cc3c(OCc4ccc(C(=O)N5CCN(c6ccc(Cl)cc6Cl)CC5)cc4)cccc3C2=O)C(=O)N1,CHEMBL3138424
CHEMBL4637801,N#Cc1ccc(N2CCN(Cc3ccc(COc4cccc5c4CN(C4CCC(=O)NC4=O)C5=O)cc3)CC2)c(F)c1,CHEMBL138603
CHEMBL4638330,CCC(=O)CCCCC[C@H](NC(=O)[C@@H]1CC12CN(C)C2)c1ncc(-c2cc3ccccc3nc2OC)[nH]1,CHEMBL50395
CHEMBL4638464,CCn1cc(-c2nnc(SCC(=O)N/N=C/c3cc(OC)c(OC)c(OC)c3)o2)c(=O)c2cc(F)c(N3CCN(C)CC3)cc21,CHEMBL3138174
CHEMBL4638631,O=C(CN1CCN(c2ccc([N+](=O)[O-])cc2)CC1)Nc1ccc(C(=O)/C=C/c2cn(Cc3ccc(Br)cc3)nn2)cc1,CHEMBL3137762
CHEMBL4637081,CC(=O)O.Cc1cc(Nc2nn(C3CC3)c3cnc(S(=O)(=O)N4CCC(OC(=O)CN(C)C)CC4)cc23)ccc1F,CHEMBL3138424
CHEMBL4637089,COc1ccc2cc3[n+](cc2c1OCc1cn(-c2ccc(S(=O)(=O)N4CCOCC4)cc2)nn1)CCc1cc2c(cc1-3)OCO2.[Cl-],CHEMBL307401
CHEMBL4637252,COC(=O)Nc1ccc2c(c1)C[C@@H](C(=O)OC)CCCC[C@H](NC(=O)/C=C/c1cc(Cl)ccc1-n1cnnn1)c1nc-2c[nH]1,CHEMBL3138424
CHEMBL4637255,O=C(N[C@H]1CN(S(=O)(=O)c2ccccc2)C[C@@H]1C(=O)N[C@H]1CCCNC1)c1nnc(-c2ccc(F)cc2)s1,CHEMBL138603
CHEMBL4638473,CC1COc2c(N3CCN(C)CC3)c(F)cc3c(=O)c(-c4nnc(SCC(=O)N/N=C/c5ccccc5)[nH]4)cn1c23,CHEMBL138603
CHEMBL4638633,COc1nc2ccccc2cc1-c1cnc([C@@H]2CN(CC3CCOC3)CCN2C(=O)n2c(C(F)(F)F)nc3ccccc32)[nH]1,CHEMBL3138424
CHEMBL4638646,N=C(N)NCCn1c(=O)c2cc(F)c(N3CC[C@@H](CN)C3)cc2n(C2CC2)c1=O,CHEMBL148167
CHEMBL4636392,CCn1c(-n2cc(/C=N/N=c3\[nH]c(-c4ccc(Br)cc4)cs3)c(-c3ccc(OC)cc3)n2)nc2c1c(=O)n(C)c(=O)n2C,CHEMBL3138174
CHEMBL4636549,CCn1cc(C(=O)O)c(=O)c2cc(F)c(-n3cc(CO[C@H]4O[C@@H](C)[C@H](OC(C)=O)[C@@H](OC(C)=O)[C@H]4OC(C)=O)nn3)c(F)c21,CHEMBL3137762
CHEMBL4636816,CCC(C)n1ncn(-c2ccc(N3CCN(c4ccc(OC[C@@H]5CO[C@@](Cn6ccnc6)(c6ccc(Cl)cc6Cl)O5)cc4)CC3)cn2)c1=O,CHEMBL264879
CHEMBL4637261,COC(=O)/C=C/c1ccc2c(c1)C1(C(=O)N2Cc2ccc(OC)cc2)[C@H](C(=O)/C=C/c2ccc(OC)cc2)[C@@H](c2ccc(OC)cc2)[C@@H]2CSCN21,CHEMBL264879
CHEMBL4637991,CC(C)OC(=O)[C@H](C)N[P@](=O)(OC[C@H]1O[C@@H](n2ccc(=O)[nH]c2=O)C(C)(C)[C@@H]1O)Oc1ccccc1,CHEMBL63926
CHEMBL4638479,C=C1CC[C@]2(C(=O)O)CC[C@]3(C)C(=CC[C@@H]4[C@@]5(C)C[C@@H](OC(=O)/C=C/c6ccc(O)cc6)[C@H](O)[C@@](C)(CO)[C@@H]5CC[C@]43C)[C@@H]2[C@H]1C,CHEMBL3138424
CHEMBL4638484,C=CC(=O)N1CCN(c2nc(OC[C@@H]3CCCN3C)nc3c2CCN(c2cccc4ccccc24)C3)C(CCO)C1,CHEMBL138603
CHEMBL4636556,CCN(c1cc(/C=C/c2ccc(CN3CCC4(CC3)OCCO4)cc2)cc(C(=O)NCc2c3c(c(C)[nH]c2=O)CCCC3)c1C)C1CCOCC1,CHEMBL264879
CHEMBL4636642,CCCCOC(=O)[C@@H](NP(=O)(COC(C)COc1nccc(N)n1)Oc1ccccc1)C(C)C,CHEMBL50395
CHEMBL4636646,C[C@H]1COc2c(N3CCN(C)CC3)c(F)cc3c(=O)c(C(=O)NCc4cn(CCCCCC(=O)O)nn4)cn1c23,CHEMBL63926
CHEMBL4636652,CCC(=O)CCCCC[C@H](NC(=O)[C@H]1CC12CN(C)C2)c1ncc(-c2cc3ccccc3nc2OC)[nH]1,CHEMBL50395
CHEMBL1210953,COc1c(N2CCCC(N(C)CCN3C(=O)/C(=N\Nc4ccccc4)c4cc(F)ccc43)C2)ccc2c(=O)c(C(=O)O)cn(C3CC3)c12,CHEMBL3138174
CHEMBL4637854,O=C(O)c1cn(C2CC2)c2cc(N3CCN(CN4C(=O)/C(=N/c5ccc(/N=C/c6ccc([N+](=O)[O-])cc6)cc5)c5cc(F)ccc54)CC3)c(F)cc2c1=O,CHEMBL264879
CHEMBL4636665,O=C(COc1ccc(N2C(=O)C(Cl)C2c2ccccc2)c2cccnc12)N/N=C1\C(=O)N(CN2CCOCC2)c2ccccc21,CHEMBL3137762
CHEMBL557014,COc1ccccc1CC[S+](C)OC[C@H]1O[C@@H](n2cnc3c(N)ncnc32)[C@H](O)[C@@H]1O.[I-],CHEMBL75595
CHEMBL558271,COc1cc(-c2ccc3c(c2)Nc2ccc(CCOc4ccc(N5CCOCC5)cc4)cc2NC3=O)ccc1C(O)c1nccs1,CHEMBL3138174
CHEMBL4636954,Cc1ccc(-n2nc3c(=O)n(CCCC(=O)NCCCNc4cccc5c4C(=O)N(C4CCC(=O)NC4=O)C5=O)nc(C)c3c2C)cc1,CHEMBL3137762
CHEMBL4637301,O=C(CN1C(=O)C2(CCOC[C@H]2F)O[C@H]1c1cccc(Cl)c1)Nc1cc2c(cn1)C[C@]1(C2)C(=O)Nc2ncccc21,CHEMBL138603
CHEMBL4637688,C#CCOC1O[C@H](COC(C)=O)[C@@H](OCc2ccccc2)[C@H](OCc2ccccc2)[C@H]1OCc1ccccc1,CHEMBL50395
CHEMBL4638022,C=C(/C=C/CCCCCCC)CCCC(=O)O,CHEMBL153094
CHEMBL4637698,Brc1cncc(OC[C@@H]2C[C@H]3C[C@H]3N2)c1.O=C(O)C(O)C(O)C(=O)O,CHEMBL148167
CHEMBL4638028,CC#CCOC1O[C@H](CO)[C@@H](OCc2ccccc2)[C@H](OCc2ccccc2)[C@H]1OCc1ccccc1,CHEMBL50395
CHEMBL4568775,CCCCCCCCN(C)c1cc(=O)[nH]c(=O)[nH]1,CHEMBL153094
CHEMBL561176,Cc1ccc2oc(=O)c(C(=O)NCCCCCCCCNC(=O)CCCCC3CCSS3)c(O)c2c1,CHEMBL50395
CHEMBL4569443,COc1ccc(/C=C(/C(=O)NCc2cc3c([nH]c4ccccc43)c(-c3cccc(F)c3)n2)c2cc(OC)c(OC)c(OC)c2)cc1OC(C)=O,CHEMBL3138174
CHEMBL4568681,CO[C@H]1[C@H](C)O[C@@H](O[C@H]2CC[C@]3(C)C4C[C@@H](O)[C@]5(C)[C@@H](C6=CC(=O)OC6)[C@@H](OC(C)=O)C[C@]5(O)C4CC[C@@H]3C2)C[C@@H]1O,CHEMBL138603
CHEMBL4567770,COc1ccc2cc3[n+](cc2c1OCCCCCNc1nc2ccc(I)cc2s1)CCc1cc2c(cc1-3)OCO2.[Cl-],CHEMBL264879
CHEMBL4567852,NS(=O)(=O)OC[C@H]1C[C@@H](Nc2ncncc2C(=O)c2cn(Cc3cccc(Br)c3)c3ncccc23)[C@H](O)[C@@H]1O,CHEMBL3137762
CHEMBL1862009,C=COCCCNCc1coc(-c2ccccc2)n1,CHEMBL153094
CHEMBL4568796,Cc1n[nH]cc1CNCC(O)COCC(C)C,CHEMBL153094
CHEMBL4568065,NC[C@@H](NC(=O)c1ccc(-c2ccc(C(F)(F)F)cn2)[nH]1)c1ncc(C(O)CO)s1,CHEMBL148167
CHEMBL557195,COCC(=O)N1CC[C@H](NC(=O)c2cc3cc(Cl)ccc3[nH]2)[C@H](NC(=O)c2nc3c(s2)CN(C)CC3)C1.Cl,CHEMBL138603
CHEMBL4569352,COCCOC(=O)NCCCCN=C=S,CHEMBL153094
CHEMBL4568180,CC(C)=CCC[C@](C)(O[C@@H]1O[C@H](CO)[C@@H](O)[C@H](O)[C@H]1O)[C@H]1CC[C@]2(C)[C@@H]1C(=O)C[C@@H]1[C@@]3(C)CC[C@H](O)C(C)(C)[C@@H]3CC[C@]12C,CHEMBL3137762
CHEMBL4568375,C=C1C(=O)[C@]23[C@H](OC(=O)[C@H](CC(C)C)NC(=O)OC(C)(C)C)[C@H]1CC[C@H]2[C@@]12CO[C@]3(O)[C@@H](O)[C@@H]1C(C)(C)CC[C@@H]2O,CHEMBL138603
CHEMBL4638784,C=C(C)[C@@]12O[C@@]3(c4ccccc4)O[C@@H]1[C@@H]1[C@@H]4O[C@]4(CO)[C@@H](O)[C@]4(O)C(=O)C(C)=C[C@H]4[C@@]1(O3)[C@H](C)[C@H]2OC(=O)C(C)C,CHEMBL138603
CHEMBL4568607,CCN1C[C@]2(COC)CC[C@H](OC)[C@@]34[C@@H]5C[C@@H]6[C@@H](OC)[C@H](O)[C@@](OC)([C@H]5[C@H]6OC(=O)c5ccccc5)[C@@H](C[C@H]23)[C@H]14,CHEMBL138603
CHEMBL560666,COc1ccc(/C=N/c2nc3[nH]nc(C)n3c(=O)c2S(=O)(=O)NN2C(=O)CSC2c2ccc(OC)cc2)cc1,CHEMBL138603
CHEMBL4568529,COc1ccc(CS(=O)(=O)[C@@H]2C[C@@H](C(=O)N[C@H](C(=O)C(F)(F)F)C(C)C)N(C(=O)[C@H](C)NC(=O)C(F)(F)c3cccc(Cl)c3)C2)cc1,CHEMBL264879
CHEMBL558851,C[C@H](NP(=O)(OC[C@H]1O[C@@H](n2cnc3c(N)ncnc32)[C@](C)(O)[C@@H]1O)Oc1cccc2ccccc12)C(=O)OCc1ccccc1,CHEMBL3137762
CHEMBL4568759,COC1CN(C(=O)OCCN2CCN(CCNc3nonc3/C(=N/O)Nc3ccc(F)c(Br)c3)S2(=O)=O)C1,CHEMBL3137762
CHEMBL559129,Cn1c([S-])n[n+]2c(N)c(C#N)c(-c3ccccc3OCCOc3ccccc3-c3c(C#N)c(N)[n+]4nc([S-])n(C)c4c3C#N)c(C#N)c12,CHEMBL307401
CHEMBL561597,CCCCCC(=O)OCC(COC(=O)CCCCC)O[C@@H]1O[C@H](CO)[C@@H](O)[C@H](O)[C@H]1O,CHEMBL311263
CHEMBL1210866,CN1CCN(c2cc(N3CCN(C)CC3)nc(N3CCc4c([nH]c5ccccc45)C3c3ccc4c(c3)OCO4)n2)CC1,CHEMBL138603
CHEMBL4639299,CCOc1ccc2cc(C3CC(c4ccc(I)cc4)=NN3C(=O)CCCC(=O)NCCCN3CCOCC3)c(Cl)nc2c1,CHEMBL264879
CHEMBL4639310,O=C1[C@@H](Oc2ccccc2)[C@@H](c2cccc([N+](=O)[O-])c2)N1c1ccc(Nc2nc(N3CCOCC3)nc(N3CCOCC3)n2)cc1,CHEMBL3137762
CHEMBL4639720,CCn1cc(-c2nnc(SCC(=O)N/N=C/c3ccc(C#N)cc3)o2)c(=O)c2cc(F)c(N3CCN(C)CC3)cc21,CHEMBL138603
CHEMBL4639325,CNC(=O)c1c(-c2ccc(F)cc2)oc2cc(N(C)S(C)(=O)=O)c(-c3ccc4nnn(C(CO)c5ccc(F)cc5)c(=O)c4c3)cc12,CHEMBL3137762
CHEMBL4566189,CC(=O)OC[C@H]1O[C@@H](CC(=O)CC2(O)C(=O)N(Cc3ccccc3)c3ccccc32)[C@H](OC(C)=O)[C@@H](OC(C)=O)[C@@H]1OC(C)=O,CHEMBL3137762
CHEMBL561931,O=C1OCC/C=C/CC/C=C/C(=N/OCC(=O)N2CCCCC2)Cc2cc(OCOP(=O)([O-])[O-])cc(O)c21.[Na+].[Na+],CHEMBL77986
CHEMBL561102,CC(=O)Oc1ccccc1C(=O)OCOC(=O)c1ccc(CC(CO[N+](=O)[O-])O[N+](=O)[O-])cc1,CHEMBL311263
CHEMBL4638886,CC(C)(CC(=O)Nc1cncc(C(=O)O)c1N)NC(=O)[C@@H](N)CC1CCCCC1,CHEMBL148167
CHEMBL4639360,CC1COc2c(N3CCN(C)CC3)c(F)cc3c(=O)c(-c4nnc(SCC(=O)N/N=C/c5ccc(F)cc5)[nH]4)cn1c23,CHEMBL138603
CHEMBL4639537,CN1CCN(c2cc3c(cc2F)c(=O)c(-c2nc4s/c(=C\c5cccc(C(=O)O)c5)c(=O)n4n2)cn3C2CC2)CC1,CHEMBL138603
CHEMBL561106,C[C@@H](NC(=O)/C=C/c1ccc2c(c1)OCO2)P(=O)(O)C[C@H](CCC(=O)O)C(=O)O,CHEMBL148167
CHEMBL4638905,Cc1cc(Nc2nn(C3CC3)c3cnc(S(=O)(=O)N4CCC(OC(=O)CN(C)C)CC4)cc23)ccc1F.O=C(O)/C=C\C(=O)O,CHEMBL3137762
CHEMBL4639075,CC(C)(CC(=O)Nc1cncc(C(=O)O)c1N)NC(=O)CC[C@@H](N)Cc1ccccc1,CHEMBL148167
CHEMBL559737,COc1ccc(/C=N/c2nc3[nH]nc(C)n3c(=O)c2S(=O)(=O)NN2C(=O)CSC2c2ccc(Cl)cc2)cc1,CHEMBL138603
CHEMBL4566577,COc1cc2c(Oc3c(F)cc(NC(=O)NN4C(=O)CCSC4c4c(F)cccc4F)cc3F)ccnc2cc1OCCCN1CCCC1,CHEMBL264879
CHEMBL561191,NC(=O)CC[C@H](N)C(=O)OC[C@@H]1S[C@H](CC=O)S[C@@H]1COC(=O)[C@@H](N)CCC(N)=O,CHEMBL311263
CHEMBL4639237,CCCCCCC/C=C/C(C)=C/C=C/C(=O)O,CHEMBL153094
CHEMBL559224,CN(C)CCNc1ccc2c3c(nn2CCO)-c2c(O)ccc(O)c2C(=O)c13.Cl,CHEMBL148167
CHEMBL4638941,COc1cc(/C=N/c2ccc(/N=C3/C(=O)N(CN4CCN(c5cc6c(cc5F)c(=O)c(C(=O)O)cn6C5CC5)CC4)c4ccc(F)cc43)cc2)ccc1O,CHEMBL264879
CHEMBL4639111,O=C(N[C@H]1CN(S(=O)(=O)c2ccccc2)C[C@@H]1C(=O)N[C@H]1CCCNC1)c1cc(-c2ccccc2Cl)on1,CHEMBL138603
CHEMBL4639274,CC[C@@H](C)n1ncn(-c2ccc(N3CCN(c4ccc(OC[C@@H]5CO[C@@](c6ccc(Cl)cc6Cl)(C(F)(F)F)O5)cc4)CC3)cc2)c1=O,CHEMBL264879
CHEMBL4639275,CCCCCOC(=O)[C@@H](NP(=O)(CO[C@H](C)COc1ncc(F)c(N)n1)Oc1ccccc1)C(C)C,CHEMBL50395
CHEMBL1864557,COc1ccc(S(=O)(=O)N(C)C[C@@H]2Oc3c(NC(=O)Nc4c(C)noc4C)cccc3C(=O)N([C@@H](C)CO)C[C@H]2C)cc1,CHEMBL3137762
CHEMBL559283,O=C(O)[C@@H]1C[C@H](SC[C@H]2O[C@@H](n3cnc4c(NCCc5ccc(-c6ccccc6)cc5)nc(Cl)nc43)[C@H](O)[C@@H]2O)CN1,CHEMBL3137762
CHEMBL4638976,CCC(=O)CCCCC[C@H](NC(=O)CC1CC2(C1)CN(C)C2)c1ncc(-c2cc3ccccc3nc2OC)[nH]1,CHEMBL50395
CHEMBL1210014,O=C(CSc1ccc2ccccc2c1)N[C@@H]1C(=O)N2C(C(=O)O)=C(/C=C/CNS(=O)(=O)c3csc(Cl)c3)CS[C@H]12,CHEMBL3137762
CHEMBL4639646,CCN(CCC(F)(F)F)C(=O)c1nc(C(=O)NCC(C)(C)O)sc1-c1ccc(S(=O)(=O)N[C@@H](C)C(F)(F)F)c(Cl)c1Cl,CHEMBL264879
CHEMBL4639659,CC#CCOC[C@H]1OC(OC)[C@H](OCc2ccccc2)[C@@H](OCc2ccccc2)[C@@H]1OCc1ccccc1,CHEMBL50395
CHEMBL557644,CCCCc1nc(Cl)c(CO)n1CCCOc1cc2c(Nc3ccc(OC)cc3)ncnc2cc1OC,CHEMBL50395
CHEMBL4575190,Nc1ncnc2c1ncn2[C@@H]1O[C@H](COP(=O)(O)OP(=O)(O)OP(=O)(O)O)[C@@H](O)[C@H]1I,CHEMBL3137802
CHEMBL4581774,CCCCC[C@H](CN(O)C=O)C(=O)NCNC(=O)c1cccc(-c2ccc(OC(F)(F)F)cc2)n1,CHEMBL50395
CHEMBL561775,COC(=O)Nc1cc(C(=O)Nc2cc(C(=O)NCCc3cnc[nH]3)n(C)c2)n(C)c1,CHEMBL148167
CHEMBL1210943,COc1c(N2CCCC(N(C)CCN3C(=O)/C(=N/O)c4cc(F)ccc43)C2)ccc2c(=O)c(C(=O)O)cn(C3CC3)c12,CHEMBL138603
CHEMBL559943,COCCCn1c(CN2C(=O)/C(=N/OC(CC(O)O)C(O)O)c3ccccc32)nc2ccccc21,CHEMBL311263
CHEMBL559944,CCOC(=O)[C@H](C)NP(=O)(OCCOCn1cnc2c(=O)[nH]c(N)nc21)Oc1cccc2ccccc12,CHEMBL50395
CHEMBL4580921,COc1cc(/C=C/C(=O)Oc2c(OC)ccc3cc4[n+](cc23)CCc2cc3c(cc2-4)OCO3)ccc1OC(C)=O.[Cl-],CHEMBL138603
CHEMBL561681,CCOC(=O)[C@H](C)NP(=O)(OC[C@H]1O[C@@H](n2ccc(N)nc2=O)[C@](C)(O)[C@@H]1O)Oc1ccc(Cl)cc1.I,CHEMBL307401
CHEMBL564734,COc1ccc(Cn2c(NCCNC(=N)N)nc(=O)n(Cc3ccc(O)cc3)c2=O)cc1,CHEMBL148167
CHEMBL558223,C=C[C@@]1(C)CC(=O)[C@]2(O)C3(C)C(C(OC(=O)CCCN4CCN(C)CC4)C(O)[C@@]2(C)O1)C(C)(C)CC[C@@H]3O.Cl,CHEMBL138603
CHEMBL4581573,COc1ccc2cc3[n+](cc2c1OCc1cn([C@@H]2O[C@H](CO)[C@H](O)[C@H](O)[C@H]2O)nn1)CCc1cc2c(cc1-3)OCO2.[Cl-],CHEMBL77986
CHEMBL4581038,COc1cc2nccc(Oc3cccc(NC(=O)Nc4ccc(N5CCC(NC(=O)C6CCN(C(C)=O)CC6)CC5)c(C(F)(F)F)c4)c3)c2cc1OC,CHEMBL264879
CHEMBL1864292,CCOC(=O)CSc1nc2cc3c(cc2c(=O)n1CCCCCC(=O)NCc1ccc(OC)cc1)OCO3,CHEMBL50395
CHEMBL4580854,COc1ccc(C(=O)NCCn2cc(C(=O)N[C@@H](CC(C)C)B(O)O)nn2)c(OC)c1OC,CHEMBL311263
CHEMBL558544,CC(=O)O[C@@H]1C[C@]2(O)[C@@H]3CC[C@H]4C[C@H]5O[C@@H]6O[C@H](CO)C[C@@H](O)[C@]6(O)O[C@@H]5C[C@]4(C=O)[C@H]3CC[C@]2(C)[C@H]1C1=CC(=O)OC1,CHEMBL77986
CHEMBL4582379,C=CC/C=C\Cc1csc(C(C)(C)[C@H](O)CC2C=C(CCNC(=O)OC)CN(c3ccccc3)O2)n1,CHEMBL50395
CHEMBL564356,N[C@@H](CCC(=O)O)C(=O)OC[C@@H]1S[C@H](CC=O)S[C@@H]1COC(=O)[C@@H](N)CCC(=O)O,CHEMBL311263
CHEMBL4584880,COc1ccc(CCC(Cc2ccc(OC)c(OC)c2)N(C)CCc2ccc(OC)c(OC)c2)cc1OC,CHEMBL50395
CHEMBL4584614,COc1cc(/C=c2\s/c(=C(/C#N)C(=O)Nc3cccc(S(=O)(=O)N4CCCCC4)c3)n(CCc3ccccc3)c2=O)ccc1OC(F)F,CHEMBL264879
CHEMBL565283,CCCCCc1ccc(C#Cc2nc(C(N)=O)n([C@@H]3O[C@H](CO)[C@@H](O)[C@H]3O)n2)cc1,CHEMBL148167
CHEMBL4584914,CCN1CCN(CCOc2cc3nccc(Oc4c(F)cc(NC(=O)NN5C(=O)CSC5c5c(F)cccc5F)cc4F)c3cc2OC)CC1,CHEMBL264879
CHEMBL564074,O=C1OCC/C=C/CC/C=C/C(=N/OCC(=O)N2CCCCC2)Cc2c(Cl)c(OP(=O)([O-])[O-])cc(O)c21.[Na+].[Na+],CHEMBL77986
CHEMBL1865983,Cc1noc(C)c1NC(=O)N(C)C[C@H]1Oc2ccc(NS(=O)(=O)c3cn(C)cn3)cc2C(=O)N([C@H](C)CO)C[C@@H]1C,CHEMBL138603
CHEMBL4584630,C=CC(=O)N1CCC[C@@H](n2nc(-c3cn(Cc4nc5ccc(Cl)cn5c4Br)nn3)c3c(N)ncnc32)C1,CHEMBL138603
CHEMBL4584707,CCCN(CCN(C)C)C(=O)CCCOC,CHEMBL153094
CHEMBL4582587,Cl.Cn1cc(S(=O)(=O)N2CCN(C3(CNC(=O)c4ccc(Cl)cc4Cl)CCC(F)(F)CC3)CC2)nn1,CHEMBL138603
CHEMBL566381,C=C(C)[C@@H]1CC[C@]2(C(=O)NCCCCCCNC(C)=O)CC[C@]3(C)[C@H](CC[C@@H]4[C@@]5(C)CC[C@H](OC(C)=O)[C@@](C)(COC(C)=O)[C@@H]5CC[C@]43C)[C@@H]12,CHEMBL264879
CHEMBL4582367,Cc1c(N2CCN(Cc3cccc([N+](=O)[O-])c3)CC2)c(=O)n(C[C@H](N)c2ccccc2OCC(=O)O)c(=O)n1Cc1c(F)cccc1C(F)(F)F,CHEMBL264879
CHEMBL4582520,COc1ccc(/C=C/C(=O)c2cc(OC)c(OC)c(OC)c2)cc1OCc1cn(Cc2ccc(F)cc2)nn1,CHEMBL50395
CHEMBL4635610,CCN(c1cc(/C=C/c2ccc(CN3CCC4(CC3)OCCO4)cc2)cc(C(=O)NCc2c(C)c3c([nH]c2=O)CCCC3)c1C)C1CCOCC1,CHEMBL264879
CHEMBL4636149,N=C(NS(=O)(=O)c1ccccc1C(F)(F)F)N1CCN(c2cc3c(cc2F)c(=O)c(C(=O)O)cn3C2CC2)CC1,CHEMBL138603
CHEMBL4636178,Cc1oc(-c2ccc(Cl)cc2)nc1C(=O)N[C@H]1CN(S(=O)(=O)c2ccccc2)C[C@@H]1C(=O)N[C@H]1CCCNC1,CHEMBL138603
CHEMBL4636184,O=C1CCC(N2Cc3c(OCc4ccc(C(=O)N5CCN(c6ccc(F)cc6F)CC5)cc4)cccc3C2=O)C(=O)N1,CHEMBL138603
CHEMBL565198,CCO[C@@H](Cc1ccc(OCCN2CCC(C)(C)c3cc(/C(=N/OC)c4ccccc4)ccc32)cc1)C(=O)O,CHEMBL50395
CHEMBL1865577,COc1ccc(N(CC(=O)NCC2CCCO2)C(=O)CCC(=O)Nc2nccs2)c(OC)c1,CHEMBL311263
CHEMBL4636229,CN(C(=O)[C@H]1CN(S(=O)(=O)c2ccccc2)C[C@@H]1N(C)C(=O)c1cc(-c2ccccc2Cl)on1)[C@H]1CCCNC1,CHEMBL138603
CHEMBL1864777,CCN(C[C@H]1N[C@@](Cc2ccccc2)(C(=O)OC)[C@H]2C(=O)N(C)C(=O)[C@@H]12)C(=O)Nc1ccccc1.O=C(O)C(F)(F)F,CHEMBL138603
CHEMBL4636333,COc1cc(/C=C/C(=O)/C=C(O)/C=C/c2ccc(OC(C)C(N)=O)c(OC)c2)ccc1OC(C)C(N)=O,CHEMBL50395
CHEMBL1863597,COc1cc(Cl)c(CNC[C@H]2O[C@@H](n3ccc(=O)[nH]c3=O)[C@H](O)[C@@H]2O)c(Cl)c1O,CHEMBL148167
CHEMBL563529,C[C@@H]1C/C=C/CC/C=C/C(=N/OCC(=O)N2CCCCC2)Cc2cc(OP(=O)([O-])[O-])cc(O)c2C(=O)O1.[Na+].[Na+],CHEMBL75595
CHEMBL4635354,Cc1noc(C)c1-c1ccc2c(c1)C(c1ccccc1)N(CC(=O)NCCCCC(=O)Nc1cccc3c1CN(C1CCC(=O)NC1=O)C3=O)C(=O)N2C,CHEMBL264879
CHEMBL4635737,CCCCCCCCCC(C(=O)O)C1C=CCC1,CHEMBL153094
CHEMBL1865688,C[C@@H]1CN([C@@H](C)CO)S(=O)(=O)c2ccc(C#Cc3cccc(F)c3)cc2O[C@H]1CN(C)S(=O)(=O)c1cn(C)cn1,CHEMBL138603
CHEMBL4634698,COc1cccc(-n2cc(CN(Cc3cn(-c4cccc(OC)c4)nn3)c3ccc4nc(-c5ccc(F)cc5)c(-c5ccc(F)cc5)nc4c3)nn2)c1,CHEMBL264879
CHEMBL4585274,CCCN(CCO)CC(=O)NC(CC)CC,CHEMBL153094
CHEMBL564583,C/C1=C/CC[C@@]2(C)O[C@H]2[C@H]2OC(=O)[C@@H](CNCCCO)[C@@H]2CC1.O=C(O)/C=C/C(=O)O,CHEMBL148167
CHEMBL4634829,CCC(=O)CCCCC[C@H](NC(=O)[C@H]1C[C@@]12CCN(C)C2)c1ncc(-c2cc3ccccc3nc2OC)[nH]1,CHEMBL50395
CHEMBL1864614,CC(C)(C)OC(=O)NC(CO)c1cn([C@@H](Cc2cc3ccccc3[nH]2)C(=O)N2CCN(C(=O)OC(C)(C)C)CC2)nn1,CHEMBL138603
CHEMBL4634855,C#CCOC[C@H]1OC(OCC#C)[C@H](OCc2ccccc2)[C@@H](OCc2ccccc2)[C@@H]1OCc1ccccc1,CHEMBL50395
CHEMBL1864635,CCN1C(=O)[C@H]2[C@@H](c3ccc(OC)cc3)N[C@]3(CCCN(Cc4cccn4C)C3=O)[C@H]2C1=O.O=C(O)C(F)(F)F,CHEMBL138603
CHEMBL4635303,CCCCCOC(=O)[C@@H](NP(=O)(CO[C@@H](C)COc1ncc(F)c(N)n1)Oc1ccccc1)C(C)C,CHEMBL50395
CHEMBL4635694,CC(=O)N1CCC[C@H](NC(=O)[C@H]2CN(S(=O)(=O)c3ccccc3)C[C@@H]2NC(=O)c2cc(-c3ccccc3Cl)on2)C1,CHEMBL138603
CHEMBL564276,C/C1=C/CC[C@@]2(C)O[C@H]2[C@H]2OC(=O)[C@@H](CNCCO)[C@@H]2CC1.O=C(O)/C=C/C(=O)O,CHEMBL148167
CHEMBL4634909,CCn1cc(C(=O)O)c(=O)c2cc(F)c(N3CCN(C(=N)NS(=O)(=O)c4ccccc4C(F)(F)F)CC3)cc21,CHEMBL138603
CHEMBL564374,CCCOCCn1c(=O)c(NCCN2CCOCC2)nc2ccc(-c3ccc(OC)nc3)nc21,CHEMBL311263
CHEMBL564414,O=C1OCC/C=C/CC/C=C/C(=N/OCC(=O)N2CCCCC2)Cc2c(Cl)c(O)cc(OP(=O)([O-])[O-])c21.[Na+].[Na+],CHEMBL77986
CHEMBL4570714,NC[C@@H](NC(=O)c1ccc(-c2ccc(C(F)(F)F)cn2)[nH]1)c1nc(CO)c(CO)s1,CHEMBL148167
CHEMBL4570220,C#CCNS(=O)(=O)c1ccc(CCN(Cc2cc(Cl)ccc2OCCC)C(=O)c2cnsn2)cc1,CHEMBL50395
CHEMBL4570866,CCCCCCCCCCCC(=O)N1CCN(Cn2nc(-c3ccc([N+](=O)[O-])cc3)oc2=S)CC1,CHEMBL50395
CHEMBL4570366,COCCOCCOc1ccccc1-c1nnc(Nc2ccc(CC(N)=O)cc2F)c2ccsc12,CHEMBL50395
CHEMBL565727,O=C(COC(=O)Cc1ccccc1Nc1c(Cl)cccc1Cl)OCCSSCCO[N+](=O)[O-],CHEMBL50395
CHEMBL4572862,COc1cc(-c2cccc(C(=O)NCNC(=O)[C@H](CCc3ccccc3)CN(O)C=O)c2)c(OC)nn1,CHEMBL50395
CHEMBL562756,CCCOCCn1c(=O)c(NCCN2CCOCC2)nc2ccc(-c3cnc(OC)nc3)nc21,CHEMBL311263
CHEMBL4571973,COCCC1(CO)CCCN(CCCSC)C1,CHEMBL153094
CHEMBL4574189,CCC(CC)O[C@@H]1C=C(C(=O)O)C[C@H](n2cc(COCC(C)(CO)CO)nn2)[C@H]1NC(C)=O,CHEMBL311263
NELFINAVIR MESYLATE,CS(=O)(=O)O.Cc1c(O)cccc1C(=O)N[C@@H](CSc1ccccc1)[C@H](O)CN1C[C@H]2CCCC[C@H]2C[C@H]1C(=O)NC(C)(C)C,CHEMBL3137802
ALATROFLOXACIN MESYLATE,CS(=O)(=O)O.C[C@H](N)C(=O)N[C@@H](C)C(=O)N[C@H]1[C@@H]2CN(c3nc4c(cc3F)c(=O)c(C(=O)O)cn4-c3ccc(F)cc3F)C[C@@H]21,CHEMBL3137802
CEFEPIME HYDROCHLORIDE,CO/N=C(\C(=O)N[C@@H]1C(=O)N2C(C(=O)O)=C(C[N+]3(C)CCCC3)CS[C@H]12)c1csc(N)n1.Cl.O.[Cl-],CHEMBL75595
MEZLOCILLIN SODIUM,CC1(C)S[C@@H]2[C@H](NC(=O)[C@H](NC(=O)N3CCN(S(C)(=O)=O)C3=O)c3ccccc3)C(=O)N2[C@H]1C(=O)[O-].[Na+],CHEMBL75595
INFIGRATINIB PHOSPHATE,CCN1CCN(c2ccc(Nc3cc(N(C)C(=O)Nc4c(Cl)c(OC)cc(OC)c4Cl)ncn3)cc2)CC1.O=P(O)(O)O,CHEMBL3137802
CABOZANTINIB S-MALATE,COc1cc2nccc(Oc3ccc(NC(=O)C4(C(=O)Nc5ccc(F)cc5)CC4)cc3)c2cc1OC.O=C(O)C[C@H](O)C(=O)O,CHEMBL3137802
CEFPIROME SULFATE,CO/N=C(\C(=O)N[C@@H]1C(=O)N2C(C(=O)[O-])=C(C[n+]3cccc4c3CCC4)CS[C@H]12)c1csc(N)n1.O=S(=O)(O)O,CHEMBL77986
ACEFYLLINE PIPERAZINE,C1CNCCN1.Cn1c(=O)c2c(ncn2CC(=O)O)n(C)c1=O.Cn1c(=O)c2c(ncn2CC(=O)O)n(C)c1=O,CHEMBL75595
ACETOPHENAZINE MALEATE,CC(=O)c1ccc2c(c1)N(CCCN1CCN(CCO)CC1)c1ccccc1S2.O=C(O)/C=C\C(=O)O.O=C(O)/C=C\C(=O)O,CHEMBL3137802
NOVOBIOCIN SODIUM,CO[C@@H]1[C@@H](OC(N)=O)[C@@H](O)[C@H](Oc2ccc3c([O-])c(NC(=O)c4ccc(O)c(CC=C(C)C)c4)c(=O)oc3c2C)OC1(C)C.[Na+],CHEMBL3137802
THIETHYLPERAZINE MALEATE,CCSc1ccc2c(c1)N(CCCN1CCN(C)CC1)c1ccccc1S2.O=C(O)/C=C\C(=O)O.O=C(O)/C=C\C(=O)O,CHEMBL3137802
PACRITINIB CITRATE,C1=C/COCc2cc(ccc2OCCN2CCCC2)Nc2nccc(n2)-c2cccc(c2)COC/1.O=C(O)CC(O)(CC(=O)O)C(=O)O,CHEMBL3137802
MONENSIN SODIUM,CC[C@@]1([C@H]2O[C@H]([C@H]3O[C@@](O)(CO)[C@H](C)C[C@@H]3C)C[C@H]2C)CC[C@H]([C@@]2(C)CC[C@]3(C[C@H](O)[C@@H](C)[C@@H]([C@H](C)[C@H](OC)[C@@H](C)C(=O)[O-])O3)O2)O1.[Na+],CHEMBL307401
CHEMBL1098866,CC1(C)O[C@@H]2[C@H](O1)[C@H](CNCCNc1ncccn1)O[C@@H]2CC(=O)NCCc1c[nH]c2ccccc12,CHEMBL311263
CHEMBL1169604,C[C@H](NP(=O)(OC[C@H]1O[C@@H](n2cnc3c(=O)[nH]c(N)nc32)[C@](C)(O)[C@@H]1O)Oc1cccc2ccccc12)C(=O)OC1CCCC1,CHEMBL3137802
CHEMBL1207408,C[C@@H]1O[C@@H](O[C@@H]2CCCC[C@H]2O[C@@H]2O[C@H](CO)[C@H](O)[C@H](O[C@@H](CC34CC5CC(CC(C5)C3)C4)C(=O)O)[C@H]2O)[C@@H](O)[C@H](O)[C@@H]1O,CHEMBL3137802
CHEMBL29879,CN(C)c1cc(NC(=O)CNC2CCCCCCC2)c(O)c2c1CC1CC3[C@H](N(C)C)C(=O)C(C(N)=O)=C(O)[C@@]3(O)C(=O)C1=C2O,CHEMBL3137802
CHEMBL30430,CN1C(=O)[C@H](NC(=O)Nc2cccc(CC(=O)NCCSCc3csc(N=C(N)N)n3)c2)N=C(c2ccccc2)c2ccccc21,CHEMBL3137802
CHEMBL502985,CC1(C)SCN(C(=O)[C@@H](O)[C@H](Cc2ccccc2)NC(=O)COc2ccccc2O)[C@@H]1C(=O)N[C@H]1c2ccccc2C[C@H]1O,CHEMBL3137802
CHEMBL507538,C[C@H](CC[C@@H](O)C(C)(C)O)[C@H]1CC[C@@]2(C)[C@@H]3C[C@@H]4O[C@]45[C@@H](CC[C@H](O[C@@H]4O[C@H](CO)[C@@H](O)[C@H](O)[C@H]4O)C5(C)C)[C@]3(C)C(=O)C[C@]12C,CHEMBL3137802
CHEMBL7928,Nc1cc(C2=NOC(CNS(=O)(=O)c3cccnc3)(C(=O)Nc3ccc(-c4ccccc4S(N)(=O)=O)cn3)C2)ccc1Cl,CHEMBL3137802
CHEMBL1098866,CC1(C)O[C@@H]2[C@H](O1)[C@H](CNCCNc1ncccn1)O[C@@H]2CC(=O)NCCc1c[nH]c2ccccc12,CHEMBL311263
CHEMBL1169604,C[C@H](NP(=O)(OC[C@H]1O[C@@H](n2cnc3c(=O)[nH]c(N)nc32)[C@](C)(O)[C@@H]1O)Oc1cccc2ccccc12)C(=O)OC1CCCC1,CHEMBL3137802
CHEMBL1207408,C[C@@H]1O[C@@H](O[C@@H]2CCCC[C@H]2O[C@@H]2O[C@H](CO)[C@H](O)[C@H](O[C@@H](CC34CC5CC(CC(C5)C3)C4)C(=O)O)[C@H]2O)[C@@H](O)[C@H](O)[C@@H]1O,CHEMBL3137802
CHEMBL29879,CN(C)c1cc(NC(=O)CNC2CCCCCCC2)c(O)c2c1CC1CC3[C@H](N(C)C)C(=O)C(C(N)=O)=C(O)[C@@]3(O)C(=O)C1=C2O,CHEMBL3137802
CHEMBL30430,CN1C(=O)[C@H](NC(=O)Nc2cccc(CC(=O)NCCSCc3csc(N=C(N)N)n3)c2)N=C(c2ccccc2)c2ccccc21,CHEMBL3137802
CHEMBL502985,CC1(C)SCN(C(=O)[C@@H](O)[C@H](Cc2ccccc2)NC(=O)COc2ccccc2O)[C@@H]1C(=O)N[C@H]1c2ccccc2C[C@H]1O,CHEMBL3137802
CHEMBL507538,C[C@H](CC[C@@H](O)C(C)(C)O)[C@H]1CC[C@@]2(C)[C@@H]3C[C@@H]4O[C@]45[C@@H](CC[C@H](O[C@@H]4O[C@H](CO)[C@@H](O)[C@H](O)[C@H]4O)C5(C)C)[C@]3(C)C(=O)C[C@]12C,CHEMBL3137802
CHEMBL7928,Nc1cc(C2=NOC(CNS(=O)(=O)c3cccnc3)(C(=O)Nc3ccc(-c4ccccc4S(N)(=O)=O)cn3)C2)ccc1Cl,CHEMBL3137802
CHEMBL1205,CS(=O)(=O)O.Cc1c(O)cccc1C(=O)N[C@@H](CSc1ccccc1)[C@H](O)CN1C[C@H]2CCCC[C@H]2C[C@H]1C(=O)NC(C)(C)C,CHEMBL3137802
CHEMBL1200498,CS(=O)(=O)O.C[C@H](N)C(=O)N[C@@H](C)C(=O)N[C@H]1[C@@H]2CN(c3nc4c(cc3F)c(=O)c(C(=O)O)cn4-c3ccc(F)cc3F)C[C@@H]21,CHEMBL3137802
CHEMBL1200962,CO/N=C(\C(=O)N[C@@H]1C(=O)N2C(C(=O)O)=C(C[N+]3(C)CCCC3)CS[C@H]12)c1csc(N)n1.Cl.O.[Cl-],CHEMBL75595
CHEMBL1697708,CC1(C)S[C@@H]2[C@H](NC(=O)[C@H](NC(=O)N3CCN(S(C)(=O)=O)C3=O)c3ccccc3)C(=O)N2[C@H]1C(=O)[O-].[Na+],CHEMBL75595
CHEMBL1834657,CCN1CCN(c2ccc(Nc3cc(N(C)C(=O)Nc4c(Cl)c(OC)cc(OC)c4Cl)ncn3)cc2)CC1.O=P(O)(O)O,CHEMBL3137802
CHEMBL2103868,COc1cc2nccc(Oc3ccc(NC(=O)C4(C(=O)Nc5ccc(F)cc5)CC4)cc3)c2cc1OC.O=C(O)C[C@H](O)C(=O)O,CHEMBL3137802
CHEMBL2106076,CO/N=C(\C(=O)N[C@@H]1C(=O)N2C(C(=O)[O-])=C(C[n+]3cccc4c3CCC4)CS[C@H]12)c1csc(N)n1.O=S(=O)(O)O,CHEMBL77986
CHEMBL2106660,C1CNCCN1.Cn1c(=O)c2c(ncn2CC(=O)O)n(C)c1=O.Cn1c(=O)c2c(ncn2CC(=O)O)n(C)c1=O,CHEMBL75595
CHEMBL2360079,CC(=O)c1ccc2c(c1)N(CCCN1CCN(CCO)CC1)c1ccccc1S2.O=C(O)/C=C\C(=O)O.O=C(O)/C=C\C(=O)O,CHEMBL3137802
CHEMBL3183453,CO[C@@H]1[C@@H](OC(N)=O)[C@@H](O)[C@H](Oc2ccc3c([O-])c(NC(=O)c4ccc(O)c(CC=C(C)C)c4)c(=O)oc3c2C)OC1(C)C.[Na+],CHEMBL3137802
CHEMBL3989478,CCSc1ccc2c(c1)N(CCCN1CCN(C)CC1)c1ccccc1S2.O=C(O)/C=C\C(=O)O.O=C(O)/C=C\C(=O)O,CHEMBL3137802
CHEMBL5095049,C1=C/COCc2cc(ccc2OCCN2CCCC2)Nc2nccc(n2)-c2cccc(c2)COC/1.O=C(O)CC(O)(CC(=O)O)C(=O)O,CHEMBL3137802
CHEMBL5314365,CC[C@@]1([C@H]2O[C@H]([C@H]3O[C@@](O)(CO)[C@H](C)C[C@@H]3C)C[C@H]2C)CC[C@H]([C@@]2(C)CC[C@]3(C[C@H](O)[C@@H](C)[C@@H]([C@H](C)[C@H](OC)[C@@H](C)C(=O)[O-])O3)O2)O1.[Na+],CHEMBL307401
