nombre,etiqueta,id
ACT_301074,ACT,301074
ACT_317056,ACT,317056
ACT_494078,ACT,494078
ACT_166090,ACT,166090
ACT_166118,ACT,166118
ACT_86358,ACT,86358
ACT_317024,ACT,317024
ACT_490328,ACT,490328
ACT_429987,ACT,429987
ACT_226694,ACT,226694
ACT_78067,ACT,78067
ACT_165159,ACT,165159
ACT_490120,ACT,490120
ACT_453179,ACT,453179
ACT_452437,ACT,452437
ACT_556304,ACT,556304
ACT_648053,ACT,648053
ACT_171252,ACT,171252
ACT_137264,ACT,137264
ACT_440878,ACT,440878
ACT_226552,ACT,226552
ACT_441189,ACT,441189
ACT_225583,ACT,225583
ACT_441192,ACT,441192
ACT_226864,ACT,226864
ACT_440596,ACT,440596
ACT_629412,ACT,629412
ACT_226431,ACT,226431
ACT_440760,ACT,440760
ACT_285926,ACT,285926
ACT_211080,ACT,211080
ACT_165236,ACT,165236
ACT_165130,ACT,165130
ACT_67781,ACT,67781
ACT_301152,ACT,301152
ACT_226229,ACT,226229
ACT_429307,ACT,429307
ACT_440919,ACT,440919
ACT_115177,ACT,115177
ACT_453027,ACT,453027
ACT_452367,ACT,452367
ACT_452435,ACT,452435
ACT_559781,ACT,559781
ACT_300694,ACT,300694
ACT_361236,ACT,361236
ACT_136526,ACT,136526
ACT_440677,ACT,440677
ACT_226107,ACT,226107
ACT_440797,ACT,440797
ACT_136525,ACT,136525
ACT_440961,ACT,440961
ACT_441194,ACT,441194
ACT_285699,ACT,285699
ACT_72744,ACT,72744
ACT_209857,ACT,209857
ACT_490122,ACT,490122
ACT_512308,ACT,512308
ACT_454960,ACT,454960
ACT_453124,ACT,453124
ACT_441563,ACT,441563
ACT_165131,ACT,165131
ACT_130745,ACT,130745
ACT_187025,ACT,187025
ACT_514598,ACT,514598
ACT_494080,ACT,494080
ACT_359178,ACT,359178
ACT_226213,ACT,226213
ACT_286240,ACT,286240
ACT_116081,ACT,116081
ACT_211292,ACT,211292
ACT_454884,ACT,454884
ACT_301073,ACT,301073
ACT_91277,ACT,91277
ACT_300793,ACT,300793
ACT_495238,ACT,495238
ACT_475959,ACT,475959
ACT_136688,ACT,136688
ACT_71726,ACT,71726
ACT_210905,ACT,210905
ACT_247581,ACT,247581
ACT_429566,ACT,429566
ACT_429266,ACT,429266
ACT_131439,ACT,131439
ACT_510126,ACT,510126
ACT_475349,ACT,475349
ACT_171551,ACT,171551
ACT_136652,ACT,136652
ACT_226516,ACT,226516
ACT_226567,ACT,226567
ACT_548739,ACT,548739
ACT_116460,ACT,116460
ACT_167937,ACT,167937
ACT_312601,ACT,312601
ACT_312762,ACT,312762
ACT_248691,ACT,248691
ACT_494698,ACT,494698
ACT_317746,ACT,317746
ACT_626425,ACT,626425
ACT_424718,ACT,424718
ACT_440595,ACT,440595
ACT_248129,ACT,248129
ACT_490327,ACT,490327
ACT_301016,ACT,301016
ACT_136527,ACT,136527
ACT_226517,ACT,226517
ACT_440680,ACT,440680
ACT_248836,ACT,248836
ACT_127719,ACT,127719
ACT_310698,ACT,310698
ACT_316348,ACT,316348
ACT_90437,ACT,90437
ACT_91414,ACT,91414
ACT_424753,ACT,424753
ACT_453116,ACT,453116
ACT_226641,ACT,226641
ACT_440682,ACT,440682
ACT_226531,ACT,226531
ACT_226159,ACT,226159
ACT_440675,ACT,440675
ACT_310931,ACT,310931
ACT_310895,ACT,310895
ACT_310777,ACT,310777
ACT_310679,ACT,310679
ACT_310836,ACT,310836
ACT_310557,ACT,310557
ACT_548958,ACT,548958
ACT_317001,ACT,317001
ACT_312710,ACT,312710
ACT_166083,ACT,166083
ACT_249063,ACT,249063
ACT_320877,ACT,320877
ACT_300600,ACT,300600
ACT_247578,ACT,247578
ACT_512382,ACT,512382
ACT_235763,ACT,235763
ACT_137416,ACT,137416
ACT_226544,ACT,226544
ACT_440719,ACT,440719
ACT_440638,ACT,440638
ACT_648052,ACT,648052
ACT_612816,ACT,612816
ACT_247983,ACT,247983
ACT_190715,ACT,190715
ACT_320891,ACT,320891
ACT_136968,ACT,136968
ACT_440761,ACT,440761
ACT_514963,ACT,514963
ACT_235383,ACT,235383
ACT_352284,ACT,352284
ACT_226612,ACT,226612
ACT_424754,ACT,424754
ACT_566909,ACT,566909
ACT_248244,ACT,248244
ACT_626423,ACT,626423
ACT_234708,ACT,234708
ACT_311505,ACT,311505
ACT_115475,ACT,115475
ACT_574809,ACT,574809
ACT_300759,ACT,300759
ACT_320729,ACT,320729
ACT_453023,ACT,453023
ACT_612805,ACT,612805
ACT_300622,ACT,300622
ACT_248043,ACT,248043
ACT_301238,ACT,301238
ACT_130701,ACT,130701
ACT_137414,ACT,137414
ACT_440639,ACT,440639
ACT_514883,ACT,514883
ACT_324481,ACT,324481
ACT_301205,ACT,301205
ACT_321194,ACT,321194
ACT_424743,ACT,424743
ACT_602499,ACT,602499
ACT_324526,ACT,324526
ACT_248913,ACT,248913
ACT_248727,ACT,248727
ACT_137417,ACT,137417
ACT_440720,ACT,440720
ACT_248245,ACT,248245
ACT_250355,ACT,250355
ACT_512309,ACT,512309
ACT_225942,ACT,225942
ACT_440715,ACT,440715
ACT_248006,ACT,248006
ACT_248288,ACT,248288
ACT_248603,ACT,248603
ACT_72782,ACT,72782
ACT_311379,ACT,311379
ACT_311460,ACT,311460
ACT_312914,ACT,312914
ACT_499372,ACT,499372
ACT_347765,ACT,347765
ACT_303954,ACT,303954
ACT_320066,ACT,320066
ACT_248407,ACT,248407
ACT_187203,ACT,187203
ACT_554577,ACT,554577
ACT_310937,ACT,310937
ACT_310896,ACT,310896
ACT_512230,ACT,512230
ACT_73969,ACT,73969
ACT_307235,ACT,307235
ACT_301242,ACT,301242
ACT_316544,ACT,316544
ACT_339602,ACT,339602
ACT_626518,ACT,626518
ACT_396958,ACT,396958
ACT_424755,ACT,424755
ACT_424733,ACT,424733
ACT_579370,ACT,579370
ACT_248344,ACT,248344
ACT_311378,ACT,311378
ACT_339662,ACT,339662
ACT_312878,ACT,312878
ACT_514965,ACT,514965
ACT_186839,ACT,186839
ACT_602216,ACT,602216
ACT_620576,ACT,620576
ACT_248287,ACT,248287
ACT_339586,ACT,339586
ACT_565101,ACT,565101
ACT_247613,ACT,247613
ACT_188036,ACT,188036
ACT_235680,ACT,235680
ACT_35498,ACT,35498
ACT_188035,ACT,188035
ACT_311452,ACT,311452
ACT_474128,ACT,474128
ACT_4346,ACT,4346
ACT_247574,ACT,247574
ACT_453026,ACT,453026
ACT_311610,ACT,311610
ACT_511185,ACT,511185
ACT_490330,ACT,490330
ACT_350635,ACT,350635
ACT_511261,ACT,511261
ACT_556316,ACT,556316
ACT_250326,ACT,250326
ACT_90458,ACT,90458
ACT_210738,ACT,210738
ACT_310725,ACT,310725
ACT_187143,ACT,187143
ACT_523214,ACT,523214
ACT_389486,ACT,389486
ACT_579280,ACT,579280
ACT_339679,ACT,339679
ACT_495134,ACT,495134
ACT_612744,ACT,612744
ACT_248914,ACT,248914
ACT_311564,ACT,311564
ACT_563325,ACT,563325
ACT_613038,ACT,613038
ACT_396990,ACT,396990
ACT_342760,ACT,342760
ACT_235435,ACT,235435
ACT_559804,ACT,559804
ACT_208132,ACT,208132
ACT_429228,ACT,429228
ACT_249025,ACT,249025
ACT_166060,ACT,166060
ACT_301043,ACT,301043
ACT_613651,ACT,613651
ACT_312614,ACT,312614
ACT_182308,ACT,182308
ACT_311518,ACT,311518
ACT_321259,ACT,321259
ACT_311788,ACT,311788
ACT_301255,ACT,301255
ACT_397000,ACT,397000
ACT_248361,ACT,248361
ACT_613860,ACT,613860
ACT_320865,ACT,320865
ACT_301147,ACT,301147
ACT_235491,ACT,235491
ACT_169940,ACT,169940
ACT_612945,ACT,612945
ACT_441662,ACT,441662
ACT_559772,ACT,559772
ACT_453103,ACT,453103
ACT_514814,ACT,514814
ACT_248963,ACT,248963
ACT_325784,ACT,325784
ACT_248604,ACT,248604
ACT_301155,ACT,301155
ACT_187144,ACT,187144
ACT_512306,ACT,512306
ACT_316291,ACT,316291
ACT_612818,ACT,612818
ACT_248687,ACT,248687
ACT_187202,ACT,187202
ACT_613649,ACT,613649
ACT_311617,ACT,311617
ACT_311570,ACT,311570
ACT_311389,ACT,311389
ACT_459783,ACT,459783
ACT_626517,ACT,626517
ACT_311670,ACT,311670
ACT_14494,ACT,14494
ACT_430410,ACT,430410
ACT_511636,ACT,511636
ACT_612819,ACT,612819
ACT_350676,ACT,350676
ACT_122337,ACT,122337
ACT_339735,ACT,339735
ACT_341649,ACT,341649
ACT_494951,ACT,494951
ACT_410904,ACT,410904
ACT_321119,ACT,321119
ACT_612944,ACT,612944
ACT_612891,ACT,612891
ACT_574915,ACT,574915
ACT_613113,ACT,613113
ACT_248962,ACT,248962
ACT_248995,ACT,248995
ACT_210869,ACT,210869
ACT_495135,ACT,495135
ACT_356963,ACT,356963
ACT_590207,ACT,590207
ACT_376676,ACT,376676
ACT_303808,ACT,303808
ACT_211219,ACT,211219
ACT_301224,ACT,301224
ACT_612900,ACT,612900
ACT_631959,ACT,631959
ACT_311789,ACT,311789
ACT_495227,ACT,495227
ACT_494064,ACT,494064
ACT_645411,ACT,645411
ACT_554584,ACT,554584
ACT_234747,ACT,234747
ACT_311522,ACT,311522
ACT_311529,ACT,311529
ACT_494695,ACT,494695
ACT_314797,ACT,314797
ACT_424680,ACT,424680
ACT_575087,ACT,575087
ACT_248381,ACT,248381
ACT_127440,ACT,127440
ACT_303742,ACT,303742
ACT_235207,ACT,235207
ACT_423074,ACT,423074
ACT_567525,ACT,567525
ACT_613039,ACT,613039
ACT_127439,ACT,127439
ACT_187160,ACT,187160
ACT_549014,ACT,549014
ACT_321265,ACT,321265
ACT_424677,ACT,424677
ACT_303847,ACT,303847
ACT_303741,ACT,303741
ACT_127400,ACT,127400
ACT_473758,ACT,473758
ACT_187198,ACT,187198
ACT_494619,ACT,494619
ACT_516750,ACT,516750
ACT_316203,ACT,316203
ACT_423090,ACT,423090
ACT_320804,ACT,320804
ACT_378628,ACT,378628
ACT_319947,ACT,319947
ACT_554576,ACT,554576
ACT_210868,ACT,210868
ACT_303796,ACT,303796
ACT_301254,ACT,301254
ACT_303228,ACT,303228
ACT_565701,ACT,565701
ACT_575055,ACT,575055
ACT_342729,ACT,342729
ACT_35352,ACT,35352
ACT_300993,ACT,300993
ACT_341803,ACT,341803
ACT_311608,ACT,311608
ACT_350157,ACT,350157
ACT_207045,ACT,207045
ACT_613115,ACT,613115
ACT_14605,ACT,14605
ACT_613114,ACT,613114
ACT_311390,ACT,311390
ACT_303597,ACT,303597
ACT_632024,ACT,632024
ACT_648117,ACT,648117
ACT_116950,ACT,116950
ACT_558590,ACT,558590
ACT_126973,ACT,126973
ACT_210798,ACT,210798
ACT_395657,ACT,395657
ACT_170006,ACT,170006
ACT_612889,ACT,612889
ACT_210624,ACT,210624
ACT_341439,ACT,341439
ACT_248128,ACT,248128
ACT_512154,ACT,512154
ACT_186121,ACT,186121
ACT_303681,ACT,303681
ACT_316473,ACT,316473
ACT_645493,ACT,645493
ACT_341636,ACT,341636
ACT_615034,ACT,615034
ACT_560413,ACT,560413
ACT_303750,ACT,303750
ACT_306490,ACT,306490
ACT_625722,ACT,625722
ACT_116925,ACT,116925
ACT_306722,ACT,306722
ACT_494354,ACT,494354
ACT_436278,ACT,436278
ACT_392694,ACT,392694
ACT_429512,ACT,429512
ACT_165978,ACT,165978
ACT_429514,ACT,429514
ACT_498922,ACT,498922
ACT_615037,ACT,615037
ACT_648118,ACT,648118
ACT_392777,ACT,392777
ACT_126971,ACT,126971
ACT_494790,ACT,494790
ACT_17079,ACT,17079
ACT_313265,ACT,313265
ACT_410900,ACT,410900
ACT_301232,ACT,301232
ACT_556839,ACT,556839
ACT_625721,ACT,625721
ACT_559773,ACT,559773
ACT_81405,ACT,81405
ACT_316523,ACT,316523
ACT_520708,ACT,520708
ACT_147432,ACT,147432
ACT_147969,ACT,147969
ACT_148175,ACT,148175
ACT_16997,ACT,16997
ACT_410894,ACT,410894
ACT_316442,ACT,316442
ACT_392692,ACT,392692
ACT_645410,ACT,645410
ACT_396971,ACT,396971
ACT_169195,ACT,169195
ACT_429225,ACT,429225
ACT_396978,ACT,396978
ACT_575047,ACT,575047
ACT_311572,ACT,311572
ACT_170064,ACT,170064
ACT_14347,ACT,14347
ACT_512232,ACT,512232
ACT_303705,ACT,303705
ACT_303143,ACT,303143
ACT_211391,ACT,211391
ACT_115235,ACT,115235
ACT_117602,ACT,117602
ACT_457360,ACT,457360
ACT_117185,ACT,117185
ACT_512304,ACT,512304
ACT_339601,ACT,339601
ACT_568339,ACT,568339
ACT_248781,ACT,248781
ACT_17089,ACT,17089
ACT_116535,ACT,116535
ACT_147436,ACT,147436
ACT_314531,ACT,314531
ACT_349538,ACT,349538
ACT_562222,ACT,562222
ACT_319984,ACT,319984
ACT_499528,ACT,499528
ACT_248166,ACT,248166
ACT_134677,ACT,134677
ACT_614967,ACT,614967
ACT_116899,ACT,116899
ACT_116606,ACT,116606
ACT_116543,ACT,116543
ACT_203121,ACT,203121
ACT_311629,ACT,311629
ACT_495133,ACT,495133
ACT_214952,ACT,214952
ACT_311751,ACT,311751
DEC_C02780389,DEC,C02780389
DEC_C13699693,DEC,C13699693
DEC_C19480756,DEC,C19480756
DEC_C19480758,DEC,C19480758
DEC_C19511928,DEC,C19511928
DEC_C32159084,DEC,C32159084
DEC_C32967720,DEC,C32967720
DEC_C35360757,DEC,C35360757
DEC_C35609516,DEC,C35609516
DEC_C36863589,DEC,C36863589
DEC_C37036852,DEC,C37036852
DEC_C38062491,DEC,C38062491
DEC_C40215496,DEC,C40215496
DEC_C40215878,DEC,C40215878
DEC_C40311064,DEC,C40311064
DEC_C44687931,DEC,C44687931
DEC_C44760200,DEC,C44760200
DEC_C44785286,DEC,C44785286
DEC_C44785305,DEC,C44785305
DEC_C44785306,DEC,C44785306
DEC_C44791591,DEC,C44791591
DEC_C44792632,DEC,C44792632
DEC_C44819276,DEC,C44819276
DEC_C46643335,DEC,C46643335
DEC_C47621759,DEC,C47621759
DEC_C48412316,DEC,C48412316
DEC_C48421039,DEC,C48421039
DEC_C48941976,DEC,C48941976
DEC_C49281932,DEC,C49281932
DEC_C50252678,DEC,C50252678
DEC_C50306003,DEC,C50306003
DEC_C51037737,DEC,C51037737
DEC_C51587129,DEC,C51587129
DEC_C51687632,DEC,C51687632
DEC_C51711520,DEC,C51711520
DEC_C51711522,DEC,C51711522
DEC_C52016017,DEC,C52016017
DEC_C54636731,DEC,C54636731
DEC_C55185778,DEC,C55185778
DEC_C40739534,DEC,C40739534
DEC_C59669553,DEC,C59669553
DEC_C61091877,DEC,C61091877
DEC_C61373452,DEC,C61373452
DEC_C62006830,DEC,C62006830
DEC_C62133037,DEC,C62133037
DEC_C62133038,DEC,C62133038
DEC_C62431361,DEC,C62431361
DEC_C62702802,DEC,C62702802
DEC_C62748824,DEC,C62748824
DEC_C62847388,DEC,C62847388
DEC_C03991475,DEC,C03991475
DEC_C00707183,DEC,C00707183
DEC_C04728129,DEC,C04728129
DEC_C02334802,DEC,C02334802
DEC_C02868905,DEC,C02868905
DEC_C05496204,DEC,C05496204
DEC_C05590273,DEC,C05590273
DEC_C06921259,DEC,C06921259
DEC_C07126442,DEC,C07126442
DEC_C09520381,DEC,C09520381
DEC_C09659597,DEC,C09659597
DEC_C09901208,DEC,C09901208
DEC_C14439315,DEC,C14439315
DEC_C19460585,DEC,C19460585
DEC_C19460609,DEC,C19460609
DEC_C19462100,DEC,C19462100
DEC_C19961512,DEC,C19961512
DEC_C20479776,DEC,C20479776
DEC_C20864808,DEC,C20864808
DEC_C24945331,DEC,C24945331
DEC_C28290028,DEC,C28290028
DEC_C31370838,DEC,C31370838
DEC_C35306561,DEC,C35306561
DEC_C36437914,DEC,C36437914
DEC_C36882674,DEC,C36882674
DEC_C01331376,DEC,C01331376
DEC_C39549251,DEC,C39549251
DEC_C41545887,DEC,C41545887
DEC_C41547954,DEC,C41547954
DEC_C41547960,DEC,C41547960
DEC_C41907749,DEC,C41907749
DEC_C43667141,DEC,C43667141
DEC_C43771918,DEC,C43771918
DEC_C44975382,DEC,C44975382
DEC_C47807198,DEC,C47807198
DEC_C47852515,DEC,C47852515
DEC_C49472689,DEC,C49472689
DEC_C25724691,DEC,C25724691
DEC_C22021872,DEC,C22021872
DEC_C17115229,DEC,C17115229
DEC_C17115230,DEC,C17115230
DEC_C36358555,DEC,C36358555
DEC_C66057837,DEC,C66057837
DEC_C66341548,DEC,C66341548
DEC_C66405047,DEC,C66405047
DEC_C66856617,DEC,C66856617
DEC_C67288559,DEC,C67288559
DEC_C67320951,DEC,C67320951
DEC_C67320961,DEC,C67320961
DEC_C67430319,DEC,C67430319
DEC_C01092151,DEC,C01092151
DEC_C04237008,DEC,C04237008
DEC_C01048234,DEC,C01048234
DEC_C05548735,DEC,C05548735
DEC_C08231996,DEC,C08231996
DEC_C08629655,DEC,C08629655
DEC_C01198794,DEC,C01198794
DEC_C09229791,DEC,C09229791
DEC_C09724644,DEC,C09724644
DEC_C12296868,DEC,C12296868
DEC_C05727578,DEC,C05727578
DEC_C12896444,DEC,C12896444
DEC_C16046264,DEC,C16046264
DEC_C16382411,DEC,C16382411
DEC_C19353190,DEC,C19353190
DEC_C21323068,DEC,C21323068
DEC_C21385581,DEC,C21385581
DEC_C21698858,DEC,C21698858
DEC_C21737623,DEC,C21737623
DEC_C16804736,DEC,C16804736
DEC_C22135315,DEC,C22135315
DEC_C23915054,DEC,C23915054
DEC_C32058450,DEC,C32058450
DEC_C32603043,DEC,C32603043
DEC_C36499272,DEC,C36499272
DEC_C36500467,DEC,C36500467
DEC_C36500703,DEC,C36500703
DEC_C36502719,DEC,C36502719
DEC_C36505027,DEC,C36505027
DEC_C36543941,DEC,C36543941
DEC_C36571185,DEC,C36571185
DEC_C36601628,DEC,C36601628
DEC_C36601635,DEC,C36601635
DEC_C01807362,DEC,C01807362
DEC_C39252477,DEC,C39252477
DEC_C39252482,DEC,C39252482
DEC_C39544368,DEC,C39544368
DEC_C39916043,DEC,C39916043
DEC_C40527307,DEC,C40527307
DEC_C40784451,DEC,C40784451
DEC_C45947480,DEC,C45947480
DEC_C15967815,DEC,C15967815
DEC_C36610244,DEC,C36610244
DEC_C40824368,DEC,C40824368
DEC_C58361369,DEC,C58361369
DEC_C27313908,DEC,C27313908
DEC_C06336492,DEC,C06336492
DEC_C59815737,DEC,C59815737
DEC_C39561970,DEC,C39561970
DEC_C66085804,DEC,C66085804
DEC_C03288552,DEC,C03288552
DEC_C01427790,DEC,C01427790
DEC_C00871866,DEC,C00871866
DEC_C04176363,DEC,C04176363
DEC_C00715686,DEC,C00715686
DEC_C02258032,DEC,C02258032
DEC_C06078958,DEC,C06078958
DEC_C06587761,DEC,C06587761
DEC_C08045530,DEC,C08045530
DEC_C08745540,DEC,C08745540
DEC_C03252234,DEC,C03252234
DEC_C12324439,DEC,C12324439
DEC_C12420082,DEC,C12420082
DEC_C12555374,DEC,C12555374
DEC_C13100248,DEC,C13100248
DEC_C14473283,DEC,C14473283
DEC_C24945572,DEC,C24945572
DEC_C27904873,DEC,C27904873
DEC_C32779178,DEC,C32779178
DEC_C18097460,DEC,C18097460
DEC_C34792481,DEC,C34792481
DEC_C03288783,DEC,C03288783
DEC_C38995151,DEC,C38995151
DEC_C39315625,DEC,C39315625
DEC_C39447253,DEC,C39447253
DEC_C39464316,DEC,C39464316
DEC_C39464499,DEC,C39464499
DEC_C39469355,DEC,C39469355
DEC_C06236206,DEC,C06236206
DEC_C36692957,DEC,C36692957
DEC_C39747572,DEC,C39747572
DEC_C39909777,DEC,C39909777
DEC_C39943320,DEC,C39943320
DEC_C44744872,DEC,C44744872
DEC_C45773644,DEC,C45773644
DEC_C25158204,DEC,C25158204
DEC_C12445804,DEC,C12445804
DEC_C50956290,DEC,C50956290
DEC_C36365561,DEC,C36365561
DEC_C05680803,DEC,C05680803
DEC_C19669520,DEC,C19669520
DEC_C05975380,DEC,C05975380
DEC_C53475950,DEC,C53475950
DEC_C47285501,DEC,C47285501
DEC_C20727860,DEC,C20727860
DEC_C20745745,DEC,C20745745
DEC_C00985814,DEC,C00985814
DEC_C04659782,DEC,C04659782
DEC_C39024722,DEC,C39024722
DEC_C65087322,DEC,C65087322
DEC_C06894712,DEC,C06894712
DEC_C12130945,DEC,C12130945
DEC_C30538019,DEC,C30538019
DEC_C38966346,DEC,C38966346
DEC_C39205118,DEC,C39205118
DEC_C39594847,DEC,C39594847
DEC_C39628645,DEC,C39628645
DEC_C39662943,DEC,C39662943
DEC_C39663193,DEC,C39663193
DEC_C39663231,DEC,C39663231
DEC_C39663240,DEC,C39663240
DEC_C39663241,DEC,C39663241
DEC_C39663242,DEC,C39663242
DEC_C39663244,DEC,C39663244
DEC_C39664131,DEC,C39664131
DEC_C39664133,DEC,C39664133
DEC_C39670107,DEC,C39670107
DEC_C39670122,DEC,C39670122
DEC_C39670194,DEC,C39670194
DEC_C39670245,DEC,C39670245
DEC_C39670251,DEC,C39670251
DEC_C39670612,DEC,C39670612
DEC_C39670787,DEC,C39670787
DEC_C39674784,DEC,C39674784
DEC_C39674785,DEC,C39674785
DEC_C39674851,DEC,C39674851
DEC_C39681949,DEC,C39681949
DEC_C39689196,DEC,C39689196
DEC_C39698058,DEC,C39698058
DEC_C36028062,DEC,C36028062
DEC_C36028065,DEC,C36028065
DEC_C63162962,DEC,C63162962
DEC_C63506871,DEC,C63506871
DEC_C63529044,DEC,C63529044
DEC_C63537948,DEC,C63537948
DEC_C63537953,DEC,C63537953
DEC_C63537967,DEC,C63537967
DEC_C63546948,DEC,C63546948
DEC_C63547030,DEC,C63547030
DEC_C63547041,DEC,C63547041
DEC_C63626084,DEC,C63626084
DEC_C63807620,DEC,C63807620
DEC_C63818916,DEC,C63818916
DEC_C64164328,DEC,C64164328
DEC_C64164331,DEC,C64164331
DEC_C64450346,DEC,C64450346
DEC_C64450876,DEC,C64450876
DEC_C64450877,DEC,C64450877
DEC_C64519995,DEC,C64519995
DEC_C06707325,DEC,C06707325
DEC_C06448136,DEC,C06448136
DEC_C06448184,DEC,C06448184
DEC_C06448187,DEC,C06448187
DEC_C08309256,DEC,C08309256
DEC_C02433757,DEC,C02433757
DEC_C11712521,DEC,C11712521
DEC_C12712925,DEC,C12712925
DEC_C13702980,DEC,C13702980
DEC_C09935073,DEC,C09935073
DEC_C19795080,DEC,C19795080
DEC_C29547582,DEC,C29547582
DEC_C24985522,DEC,C24985522
DEC_C37330775,DEC,C37330775
DEC_C37711755,DEC,C37711755
DEC_C38819074,DEC,C38819074
DEC_C39605362,DEC,C39605362
DEC_C39605396,DEC,C39605396
DEC_C39605417,DEC,C39605417
DEC_C39605510,DEC,C39605510
DEC_C39631147,DEC,C39631147
DEC_C39683993,DEC,C39683993
DEC_C40728124,DEC,C40728124
DEC_C44713797,DEC,C44713797
DEC_C46338822,DEC,C46338822
DEC_C49060973,DEC,C49060973
DEC_C49547891,DEC,C49547891
DEC_C50649154,DEC,C50649154
DEC_C50660254,DEC,C50660254
DEC_C29327699,DEC,C29327699
DEC_C60042856,DEC,C60042856
DEC_C63795383,DEC,C63795383
DEC_C63870864,DEC,C63870864
DEC_C64309584,DEC,C64309584
DEC_C65251651,DEC,C65251651
DEC_C65404920,DEC,C65404920
DEC_C65443920,DEC,C65443920
DEC_C65488386,DEC,C65488386
DEC_C65522588,DEC,C65522588
DEC_C65534765,DEC,C65534765
DEC_C65638705,DEC,C65638705
DEC_C65781508,DEC,C65781508
DEC_C65965035,DEC,C65965035
DEC_C66390507,DEC,C66390507
DEC_C66980595,DEC,C66980595
DEC_C67128859,DEC,C67128859
DEC_C67401216,DEC,C67401216
DEC_C67614395,DEC,C67614395
DEC_C67622558,DEC,C67622558
DEC_C67640027,DEC,C67640027
DEC_C04087263,DEC,C04087263
DEC_C04556399,DEC,C04556399
DEC_C04708266,DEC,C04708266
DEC_C04741798,DEC,C04741798
DEC_C12483472,DEC,C12483472
DEC_C17079533,DEC,C17079533
DEC_C20464905,DEC,C20464905
DEC_C20849232,DEC,C20849232
DEC_C25126289,DEC,C25126289
DEC_C26603247,DEC,C26603247
DEC_C30260677,DEC,C30260677
DEC_C30879657,DEC,C30879657
DEC_C32791557,DEC,C32791557
DEC_C32791559,DEC,C32791559
DEC_C01819585,DEC,C01819585
DEC_C01819584,DEC,C01819584
DEC_C38506998,DEC,C38506998
DEC_C39467059,DEC,C39467059
DEC_C39467063,DEC,C39467063
DEC_C39631346,DEC,C39631346
DEC_C39631385,DEC,C39631385
DEC_C39631394,DEC,C39631394
DEC_C39631596,DEC,C39631596
DEC_C39631622,DEC,C39631622
DEC_C39631785,DEC,C39631785
DEC_C43111740,DEC,C43111740
DEC_C43307515,DEC,C43307515
DEC_C44713644,DEC,C44713644
DEC_C45789212,DEC,C45789212
DEC_C51063921,DEC,C51063921
DEC_C51684378,DEC,C51684378
DEC_C44736990,DEC,C44736990
DEC_C52808189,DEC,C52808189
DEC_C44737124,DEC,C44737124
DEC_C44737214,DEC,C44737214
DEC_C39695813,DEC,C39695813
DEC_C44737412,DEC,C44737412
DEC_C54681193,DEC,C54681193
DEC_C55325237,DEC,C55325237
DEC_C57481733,DEC,C57481733
DEC_C04335261,DEC,C04335261
DEC_C61862549,DEC,C61862549
DEC_C63295090,DEC,C63295090
DEC_C63303063,DEC,C63303063
DEC_C63386827,DEC,C63386827
DEC_C63896912,DEC,C63896912
DEC_C63948113,DEC,C63948113
DEC_C67392792,DEC,C67392792
DEC_C67392815,DEC,C67392815
DEC_C67606997,DEC,C67606997
DEC_C02430217,DEC,C02430217
DEC_C08880761,DEC,C08880761
DEC_C08893822,DEC,C08893822
DEC_C09798808,DEC,C09798808
DEC_C10440261,DEC,C10440261
DEC_C10440263,DEC,C10440263
DEC_C12321498,DEC,C12321498
DEC_C12321500,DEC,C12321500
DEC_C12421297,DEC,C12421297
DEC_C03359783,DEC,C03359783
DEC_C14110512,DEC,C14110512
DEC_C15795005,DEC,C15795005
DEC_C16613193,DEC,C16613193
DEC_C17795686,DEC,C17795686
DEC_C20086024,DEC,C20086024
DEC_C03014111,DEC,C03014111
DEC_C20756601,DEC,C20756601
DEC_C21121536,DEC,C21121536
DEC_C21121547,DEC,C21121547
DEC_C21475780,DEC,C21475780
DEC_C21629517,DEC,C21629517
DEC_C15304755,DEC,C15304755
DEC_C17162040,DEC,C17162040
DEC_C22739356,DEC,C22739356
DEC_C23154193,DEC,C23154193
DEC_C24763475,DEC,C24763475
DEC_C27240181,DEC,C27240181
DEC_C33141470,DEC,C33141470
DEC_C33421923,DEC,C33421923
DEC_C35167781,DEC,C35167781
DEC_C35485866,DEC,C35485866
DEC_C36189839,DEC,C36189839
DEC_C19292521,DEC,C19292521
DEC_C38577312,DEC,C38577312
DEC_C39450516,DEC,C39450516
DEC_C39700522,DEC,C39700522
DEC_C39836246,DEC,C39836246
DEC_C40066148,DEC,C40066148
DEC_C40066166,DEC,C40066166
DEC_C46877585,DEC,C46877585
DEC_C01380931,DEC,C01380931
DEC_C60195700,DEC,C60195700
DEC_C60346316,DEC,C60346316
DEC_C10796861,DEC,C10796861
DEC_C63374184,DEC,C63374184
DEC_C39210339,DEC,C39210339
DEC_C64230954,DEC,C64230954
DEC_C35378942,DEC,C35378942
DEC_C35379037,DEC,C35379037
DEC_C14607965,DEC,C14607965
DEC_C02216701,DEC,C02216701
DEC_C02659303,DEC,C02659303
DEC_C08893394,DEC,C08893394
DEC_C09468149,DEC,C09468149
DEC_C09485973,DEC,C09485973
DEC_C09594496,DEC,C09594496
DEC_C12349453,DEC,C12349453
DEC_C00718553,DEC,C00718553
DEC_C03669885,DEC,C03669885
DEC_C12854753,DEC,C12854753
DEC_C14625138,DEC,C14625138
DEC_C04019916,DEC,C04019916
DEC_C19882976,DEC,C19882976
DEC_C32971114,DEC,C32971114
DEC_C35099368,DEC,C35099368
DEC_C35365959,DEC,C35365959
DEC_C35459091,DEC,C35459091
DEC_C19643983,DEC,C19643983
DEC_C36544375,DEC,C36544375
DEC_C09643611,DEC,C09643611
DEC_C38556199,DEC,C38556199
DEC_C38556201,DEC,C38556201
DEC_C38626809,DEC,C38626809
DEC_C38752466,DEC,C38752466
DEC_C39252434,DEC,C39252434
DEC_C39361524,DEC,C39361524
DEC_C39361846,DEC,C39361846
DEC_C39587530,DEC,C39587530
DEC_C39916003,DEC,C39916003
DEC_C43867027,DEC,C43867027
DEC_C49034851,DEC,C49034851
DEC_C20611465,DEC,C20611465
DEC_C15968075,DEC,C15968075
DEC_C02248145,DEC,C02248145
DEC_C08845171,DEC,C08845171
DEC_C16012571,DEC,C16012571
DEC_C16012573,DEC,C16012573
DEC_C16021255,DEC,C16021255
DEC_C16022297,DEC,C16022297
DEC_C16022296,DEC,C16022296
DEC_C36610243,DEC,C36610243
DEC_C57142619,DEC,C57142619
DEC_C57303691,DEC,C57303691
DEC_C58981197,DEC,C58981197
DEC_C59017020,DEC,C59017020
DEC_C15972885,DEC,C15972885
DEC_C31634138,DEC,C31634138
DEC_C16977555,DEC,C16977555
DEC_C39936251,DEC,C39936251
DEC_C64890984,DEC,C64890984
DEC_C05831947,DEC,C05831947
DEC_C08789560,DEC,C08789560
DEC_C08790875,DEC,C08790875
DEC_C09008287,DEC,C09008287
DEC_C09109277,DEC,C09109277
DEC_C09375905,DEC,C09375905
DEC_C09185077,DEC,C09185077
DEC_C09046250,DEC,C09046250
DEC_C20155144,DEC,C20155144
DEC_C20155174,DEC,C20155174
DEC_C35883732,DEC,C35883732
DEC_C36645734,DEC,C36645734
DEC_C08660939,DEC,C08660939
DEC_C39237426,DEC,C39237426
DEC_C39467476,DEC,C39467476
DEC_C39631499,DEC,C39631499
DEC_C39661818,DEC,C39661818
DEC_C39661820,DEC,C39661820
DEC_C39671439,DEC,C39671439
DEC_C39671480,DEC,C39671480
DEC_C39671489,DEC,C39671489
DEC_C39671524,DEC,C39671524
DEC_C39671564,DEC,C39671564
DEC_C39673952,DEC,C39673952
DEC_C39684063,DEC,C39684063
DEC_C39684197,DEC,C39684197
DEC_C39685803,DEC,C39685803
DEC_C39769750,DEC,C39769750
DEC_C40804808,DEC,C40804808
DEC_C40813084,DEC,C40813084
DEC_C44728488,DEC,C44728488
DEC_C50224228,DEC,C50224228
DEC_C44737551,DEC,C44737551
DEC_C12506445,DEC,C12506445
DEC_C15015346,DEC,C15015346
DEC_C12506447,DEC,C12506447
DEC_C15947078,DEC,C15947078
DEC_C63182735,DEC,C63182735
DEC_C63281361,DEC,C63281361
DEC_C63375706,DEC,C63375706
DEC_C63633445,DEC,C63633445
DEC_C63690795,DEC,C63690795
DEC_C63690803,DEC,C63690803
DEC_C63896770,DEC,C63896770
DEC_C64046518,DEC,C64046518
DEC_C64097969,DEC,C64097969
DEC_C64227828,DEC,C64227828
DEC_C63385755,DEC,C63385755
DEC_C65259935,DEC,C65259935
DEC_C65491277,DEC,C65491277
DEC_C02807220,DEC,C02807220
DEC_C00197243,DEC,C00197243
DEC_C00199103,DEC,C00199103
DEC_C02435549,DEC,C02435549
DEC_C02354565,DEC,C02354565
DEC_C00424257,DEC,C00424257
DEC_C11566907,DEC,C11566907
DEC_C11903667,DEC,C11903667
DEC_C12346964,DEC,C12346964
DEC_C16602929,DEC,C16602929
DEC_C19733964,DEC,C19733964
DEC_C19733965,DEC,C19733965
DEC_C20086061,DEC,C20086061
DEC_C20086830,DEC,C20086830
DEC_C20135796,DEC,C20135796
DEC_C24124220,DEC,C24124220
DEC_C10215440,DEC,C10215440
DEC_C32819561,DEC,C32819561
DEC_C35669005,DEC,C35669005
DEC_C20763840,DEC,C20763840
DEC_C37558028,DEC,C37558028
DEC_C39468761,DEC,C39468761
DEC_C39856146,DEC,C39856146
DEC_C40291894,DEC,C40291894
DEC_C40824438,DEC,C40824438
DEC_C41069908,DEC,C41069908
DEC_C41069927,DEC,C41069927
DEC_C43428243,DEC,C43428243
DEC_C45439960,DEC,C45439960
DEC_C46907034,DEC,C46907034
DEC_C47534331,DEC,C47534331
DEC_C50636430,DEC,C50636430
DEC_C50650068,DEC,C50650068
DEC_C51149562,DEC,C51149562
DEC_C51327323,DEC,C51327323
DEC_C55166967,DEC,C55166967
DEC_C61639357,DEC,C61639357
DEC_C61639358,DEC,C61639358
DEC_C63074142,DEC,C63074142
DEC_C00091262,DEC,C00091262
DEC_C39272763,DEC,C39272763
DEC_C64070832,DEC,C64070832
DEC_C64959816,DEC,C64959816
DEC_C65547807,DEC,C65547807
DEC_C65547810,DEC,C65547810
DEC_C66106421,DEC,C66106421
DEC_C66708704,DEC,C66708704
DEC_C66708705,DEC,C66708705
DEC_C67239501,DEC,C67239501
DEC_C67267186,DEC,C67267186
DEC_C01511119,DEC,C01511119
DEC_C03091418,DEC,C03091418
DEC_C05086572,DEC,C05086572
DEC_C01635782,DEC,C01635782
DEC_C13476153,DEC,C13476153
DEC_C29171451,DEC,C29171451
DEC_C35344706,DEC,C35344706
DEC_C35599395,DEC,C35599395
DEC_C35701116,DEC,C35701116
DEC_C35734548,DEC,C35734548
DEC_C36227008,DEC,C36227008
DEC_C36747585,DEC,C36747585
DEC_C37001951,DEC,C37001951
DEC_C37799416,DEC,C37799416
DEC_C40295427,DEC,C40295427
DEC_C40303340,DEC,C40303340
DEC_C40303553,DEC,C40303553
DEC_C40373079,DEC,C40373079
DEC_C40724196,DEC,C40724196
DEC_C41302295,DEC,C41302295
DEC_C42270526,DEC,C42270526
DEC_C42358618,DEC,C42358618
DEC_C44783238,DEC,C44783238
DEC_C44784964,DEC,C44784964
DEC_C44864583,DEC,C44864583
DEC_C45116218,DEC,C45116218
DEC_C48934251,DEC,C48934251
DEC_C48951697,DEC,C48951697
DEC_C49095542,DEC,C49095542
DEC_C50030461,DEC,C50030461
DEC_C51096240,DEC,C51096240
DEC_C51173196,DEC,C51173196
DEC_C51819747,DEC,C51819747
DEC_C52060999,DEC,C52060999
DEC_C52295601,DEC,C52295601
DEC_C52999268,DEC,C52999268
DEC_C53111780,DEC,C53111780
DEC_C53114576,DEC,C53114576
DEC_C54154577,DEC,C54154577
DEC_C55189275,DEC,C55189275
DEC_C55189324,DEC,C55189324
DEC_C61371142,DEC,C61371142
DEC_C61886257,DEC,C61886257
DEC_C61887690,DEC,C61887690
DEC_C61887693,DEC,C61887693
DEC_C62789547,DEC,C62789547
DEC_C62832379,DEC,C62832379
DEC_C63010183,DEC,C63010183
DEC_C63103749,DEC,C63103749
DEC_C63202487,DEC,C63202487
DEC_C00279074,DEC,C00279074
DEC_C16884315,DEC,C16884315
DEC_C19979355,DEC,C19979355
DEC_C25500688,DEC,C25500688
DEC_C31655798,DEC,C31655798
DEC_C32587058,DEC,C32587058
DEC_C27825393,DEC,C27825393
DEC_C35355951,DEC,C35355951
DEC_C37486303,DEC,C37486303
DEC_C37486305,DEC,C37486305
DEC_C37486403,DEC,C37486403
DEC_C37558120,DEC,C37558120
DEC_C40372133,DEC,C40372133
DEC_C40372220,DEC,C40372220
DEC_C40373132,DEC,C40373132
DEC_C40471610,DEC,C40471610
DEC_C40708151,DEC,C40708151
DEC_C41023697,DEC,C41023697
DEC_C42139589,DEC,C42139589
DEC_C44784749,DEC,C44784749
DEC_C44784980,DEC,C44784980
DEC_C44786294,DEC,C44786294
DEC_C44792560,DEC,C44792560
DEC_C44862599,DEC,C44862599
DEC_C44863093,DEC,C44863093
DEC_C45821220,DEC,C45821220
DEC_C48840143,DEC,C48840143
DEC_C49118694,DEC,C49118694
DEC_C49118700,DEC,C49118700
DEC_C49118855,DEC,C49118855
DEC_C50019199,DEC,C50019199
DEC_C50032305,DEC,C50032305
DEC_C50323056,DEC,C50323056
DEC_C51096563,DEC,C51096563
DEC_C51096566,DEC,C51096566
DEC_C51173203,DEC,C51173203
DEC_C51636171,DEC,C51636171
DEC_C52341111,DEC,C52341111
DEC_C53006637,DEC,C53006637
DEC_C53114301,DEC,C53114301
DEC_C53115039,DEC,C53115039
DEC_C53716155,DEC,C53716155
DEC_C59165462,DEC,C59165462
DEC_C33946071,DEC,C33946071
DEC_C61122165,DEC,C61122165
DEC_C61564418,DEC,C61564418
DEC_C62424881,DEC,C62424881
DEC_C62794201,DEC,C62794201
DEC_C63058935,DEC,C63058935
DEC_C58202766,DEC,C58202766
DEC_C02857263,DEC,C02857263
DEC_C08006881,DEC,C08006881
DEC_C08224110,DEC,C08224110
DEC_C08985555,DEC,C08985555
DEC_C08985561,DEC,C08985561
DEC_C13212061,DEC,C13212061
DEC_C17211515,DEC,C17211515
DEC_C20424882,DEC,C20424882
DEC_C20424884,DEC,C20424884
DEC_C31354532,DEC,C31354532
DEC_C32266942,DEC,C32266942
DEC_C08974662,DEC,C08974662
DEC_C35678083,DEC,C35678083
DEC_C36319252,DEC,C36319252
DEC_C37486249,DEC,C37486249
DEC_C37486409,DEC,C37486409
DEC_C37557636,DEC,C37557636
DEC_C05420521,DEC,C05420521
DEC_C40307511,DEC,C40307511
DEC_C40372793,DEC,C40372793
DEC_C40377053,DEC,C40377053
DEC_C40377247,DEC,C40377247
DEC_C40377271,DEC,C40377271
DEC_C40480146,DEC,C40480146
DEC_C41013895,DEC,C41013895
DEC_C42147025,DEC,C42147025
DEC_C42804661,DEC,C42804661
DEC_C44249979,DEC,C44249979
DEC_C44783332,DEC,C44783332
DEC_C44785113,DEC,C44785113
DEC_C44785153,DEC,C44785153
DEC_C47873471,DEC,C47873471
DEC_C48421550,DEC,C48421550
DEC_C48630362,DEC,C48630362
DEC_C48843971,DEC,C48843971
DEC_C49352263,DEC,C49352263
DEC_C50306092,DEC,C50306092
DEC_C50397337,DEC,C50397337
DEC_C51119549,DEC,C51119549
DEC_C51123776,DEC,C51123776
DEC_C16383477,DEC,C16383477
DEC_C55165525,DEC,C55165525
DEC_C13737416,DEC,C13737416
DEC_C61324138,DEC,C61324138
DEC_C62812002,DEC,C62812002
DEC_C62833698,DEC,C62833698
DEC_C62834419,DEC,C62834419
DEC_C63007430,DEC,C63007430
DEC_C63090989,DEC,C63090989
DEC_C66740422,DEC,C66740422
DEC_C00293613,DEC,C00293613
DEC_C04894135,DEC,C04894135
DEC_C13864408,DEC,C13864408
DEC_C08488050,DEC,C08488050
DEC_C20094964,DEC,C20094964
DEC_C20307895,DEC,C20307895
DEC_C08914778,DEC,C08914778
DEC_C35453275,DEC,C35453275
DEC_C35734542,DEC,C35734542
DEC_C36929703,DEC,C36929703
DEC_C37614677,DEC,C37614677
DEC_C39313665,DEC,C39313665
DEC_C40369762,DEC,C40369762
DEC_C40372774,DEC,C40372774
DEC_C40701928,DEC,C40701928
DEC_C41094538,DEC,C41094538
DEC_C42139843,DEC,C42139843
DEC_C42142382,DEC,C42142382
DEC_C42813826,DEC,C42813826
DEC_C42813831,DEC,C42813831
DEC_C42892598,DEC,C42892598
DEC_C44250178,DEC,C44250178
DEC_C44784257,DEC,C44784257
DEC_C44784394,DEC,C44784394
DEC_C44784518,DEC,C44784518
DEC_C44793043,DEC,C44793043
DEC_C44863474,DEC,C44863474
DEC_C44981889,DEC,C44981889
DEC_C46581214,DEC,C46581214
DEC_C48380228,DEC,C48380228
DEC_C48675220,DEC,C48675220
DEC_C49128315,DEC,C49128315
DEC_C50369082,DEC,C50369082
DEC_C50389332,DEC,C50389332
DEC_C51094478,DEC,C51094478
DEC_C51173212,DEC,C51173212
DEC_C51633753,DEC,C51633753
DEC_C51999001,DEC,C51999001
DEC_C52344503,DEC,C52344503
DEC_C53044325,DEC,C53044325
DEC_C53044405,DEC,C53044405
DEC_C53112275,DEC,C53112275
DEC_C53112666,DEC,C53112666
DEC_C53160671,DEC,C53160671
DEC_C54154965,DEC,C54154965
DEC_C54155335,DEC,C54155335
DEC_C54155615,DEC,C54155615
DEC_C54669622,DEC,C54669622
DEC_C62714990,DEC,C62714990
DEC_C62833719,DEC,C62833719
DEC_C04234539,DEC,C04234539
DEC_C01436432,DEC,C01436432
DEC_C16670223,DEC,C16670223
DEC_C04574734,DEC,C04574734
DEC_C20307897,DEC,C20307897
DEC_C20396378,DEC,C20396378
DEC_C27683633,DEC,C27683633
DEC_C35344157,DEC,C35344157
DEC_C35354902,DEC,C35354902
DEC_C35453273,DEC,C35453273
DEC_C35599460,DEC,C35599460
DEC_C35734543,DEC,C35734543
DEC_C36742822,DEC,C36742822
DEC_C37071645,DEC,C37071645
DEC_C01648164,DEC,C01648164
DEC_C40372500,DEC,C40372500
DEC_C40713768,DEC,C40713768
DEC_C40723738,DEC,C40723738
DEC_C42740669,DEC,C42740669
DEC_C44793046,DEC,C44793046
DEC_C44862593,DEC,C44862593
DEC_C44863472,DEC,C44863472
DEC_C44981867,DEC,C44981867
DEC_C45109908,DEC,C45109908
DEC_C45434110,DEC,C45434110
DEC_C46581216,DEC,C46581216
DEC_C48443857,DEC,C48443857
DEC_C48856585,DEC,C48856585
DEC_C50033295,DEC,C50033295
DEC_C50033673,DEC,C50033673
DEC_C51092583,DEC,C51092583
DEC_C51113374,DEC,C51113374
DEC_C51326021,DEC,C51326021
DEC_C51633786,DEC,C51633786
DEC_C51633788,DEC,C51633788
DEC_C52010582,DEC,C52010582
DEC_C52860437,DEC,C52860437
DEC_C53111819,DEC,C53111819
DEC_C53112663,DEC,C53112663
DEC_C54477007,DEC,C54477007
DEC_C54669568,DEC,C54669568
DEC_C48846835,DEC,C48846835
DEC_C48846839,DEC,C48846839
DEC_C61564491,DEC,C61564491
DEC_C61886671,DEC,C61886671
DEC_C61948918,DEC,C61948918
DEC_C62833718,DEC,C62833718
DEC_C62833720,DEC,C62833720
DEC_C63007544,DEC,C63007544
DEC_C63151989,DEC,C63151989
DEC_C04027326,DEC,C04027326
DEC_C02125673,DEC,C02125673
DEC_C02125669,DEC,C02125669
DEC_C05449963,DEC,C05449963
DEC_C02126592,DEC,C02126592
DEC_C11859161,DEC,C11859161
DEC_C12604067,DEC,C12604067
DEC_C06017139,DEC,C06017139
DEC_C08636520,DEC,C08636520
DEC_C16265986,DEC,C16265986
DEC_C17046509,DEC,C17046509
DEC_C19325480,DEC,C19325480
DEC_C09014183,DEC,C09014183
DEC_C26901651,DEC,C26901651
DEC_C26901660,DEC,C26901660
DEC_C32883599,DEC,C32883599
DEC_C33374673,DEC,C33374673
DEC_C37288708,DEC,C37288708
DEC_C38556235,DEC,C38556235
DEC_C38556236,DEC,C38556236
DEC_C38556238,DEC,C38556238
DEC_C38994758,DEC,C38994758
DEC_C39215128,DEC,C39215128
DEC_C39215130,DEC,C39215130
DEC_C39490024,DEC,C39490024
DEC_C40334418,DEC,C40334418
DEC_C40334462,DEC,C40334462
DEC_C40376006,DEC,C40376006
DEC_C40376759,DEC,C40376759
DEC_C06910145,DEC,C06910145
DEC_C41070077,DEC,C41070077
DEC_C41094514,DEC,C41094514
DEC_C41632527,DEC,C41632527
DEC_C42272549,DEC,C42272549
DEC_C45138297,DEC,C45138297
DEC_C48839772,DEC,C48839772
DEC_C48839778,DEC,C48839778
DEC_C48839781,DEC,C48839781
DEC_C48935195,DEC,C48935195
DEC_C49006205,DEC,C49006205
DEC_C49061003,DEC,C49061003
DEC_C49435743,DEC,C49435743
DEC_C51088626,DEC,C51088626
DEC_C54156148,DEC,C54156148
DEC_C61882168,DEC,C61882168
DEC_C61882528,DEC,C61882528
DEC_C62824498,DEC,C62824498
DEC_C66233673,DEC,C66233673
DEC_C67311717,DEC,C67311717
DEC_C67311720,DEC,C67311720
DEC_C00421477,DEC,C00421477
DEC_C00933857,DEC,C00933857
DEC_C01430914,DEC,C01430914
DEC_C05127860,DEC,C05127860
DEC_C05530634,DEC,C05530634
DEC_C05727606,DEC,C05727606
DEC_C03586551,DEC,C03586551
DEC_C13562997,DEC,C13562997
DEC_C15206248,DEC,C15206248
DEC_C06859092,DEC,C06859092
DEC_C20411347,DEC,C20411347
DEC_C01272782,DEC,C01272782
DEC_C35763472,DEC,C35763472
DEC_C38556259,DEC,C38556259
DEC_C38556262,DEC,C38556262
DEC_C38752890,DEC,C38752890
DEC_C38752897,DEC,C38752897
DEC_C36577367,DEC,C36577367
DEC_C40376090,DEC,C40376090
DEC_C40376790,DEC,C40376790
DEC_C40377264,DEC,C40377264
DEC_C08514987,DEC,C08514987
DEC_C40779991,DEC,C40779991
DEC_C41069870,DEC,C41069870
DEC_C41644337,DEC,C41644337
DEC_C42620645,DEC,C42620645
DEC_C44785470,DEC,C44785470
DEC_C08488070,DEC,C08488070
DEC_C49147401,DEC,C49147401
DEC_C50226849,DEC,C50226849
DEC_C50389832,DEC,C50389832
DEC_C00846308,DEC,C00846308
DEC_C53851214,DEC,C53851214
DEC_C33358919,DEC,C33358919
DEC_C04898588,DEC,C04898588
DEC_C04898591,DEC,C04898591
DEC_C34719358,DEC,C34719358
DEC_C58352450,DEC,C58352450
DEC_C58949855,DEC,C58949855
DEC_C59146665,DEC,C59146665
DEC_C60512399,DEC,C60512399
DEC_C61368630,DEC,C61368630
DEC_C61881849,DEC,C61881849
DEC_C61888133,DEC,C61888133
DEC_C62824886,DEC,C62824886
DEC_C66908063,DEC,C66908063
DEC_C66908655,DEC,C66908655
DEC_C67241112,DEC,C67241112
DEC_C67308552,DEC,C67308552
DEC_C67559833,DEC,C67559833
DEC_C00202346,DEC,C00202346
DEC_C01239268,DEC,C01239268
DEC_C04423222,DEC,C04423222
DEC_C03370089,DEC,C03370089
DEC_C04623404,DEC,C04623404
DEC_C04674746,DEC,C04674746
DEC_C03007776,DEC,C03007776
DEC_C05937769,DEC,C05937769
DEC_C06108157,DEC,C06108157
DEC_C05121353,DEC,C05121353
DEC_C06429658,DEC,C06429658
DEC_C07947216,DEC,C07947216
DEC_C07957172,DEC,C07957172
DEC_C01854722,DEC,C01854722
DEC_C11294872,DEC,C11294872
DEC_C12321263,DEC,C12321263
DEC_C12559281,DEC,C12559281
DEC_C16462256,DEC,C16462256
DEC_C20546585,DEC,C20546585
DEC_C32869782,DEC,C32869782
DEC_C18267937,DEC,C18267937
DEC_C37232757,DEC,C37232757
DEC_C37369320,DEC,C37369320
DEC_C37376387,DEC,C37376387
DEC_C37985269,DEC,C37985269
DEC_C40241590,DEC,C40241590
DEC_C40264480,DEC,C40264480
DEC_C40821102,DEC,C40821102
DEC_C41186757,DEC,C41186757
DEC_C43266390,DEC,C43266390
DEC_C43763554,DEC,C43763554
DEC_C45629703,DEC,C45629703
DEC_C45905976,DEC,C45905976
DEC_C51362427,DEC,C51362427
DEC_C54346841,DEC,C54346841
DEC_C57083492,DEC,C57083492
DEC_C08888300,DEC,C08888300
DEC_C16617744,DEC,C16617744
DEC_C28942891,DEC,C28942891
DEC_C58736645,DEC,C58736645
DEC_C61365456,DEC,C61365456
DEC_C61416548,DEC,C61416548
DEC_C62447311,DEC,C62447311
DEC_C07001192,DEC,C07001192
DEC_C64220706,DEC,C64220706
DEC_C66795120,DEC,C66795120
DEC_C67066083,DEC,C67066083
DEC_C67177061,DEC,C67177061
DEC_C67252046,DEC,C67252046
DEC_C67518157,DEC,C67518157
DEC_C05103962,DEC,C05103962
DEC_C00104520,DEC,C00104520
DEC_C05151288,DEC,C05151288
DEC_C09378956,DEC,C09378956
DEC_C20383757,DEC,C20383757
DEC_C21304769,DEC,C21304769
DEC_C25151361,DEC,C25151361
DEC_C31913079,DEC,C31913079
DEC_C33161939,DEC,C33161939
DEC_C35368344,DEC,C35368344
DEC_C35382017,DEC,C35382017
DEC_C35719738,DEC,C35719738
DEC_C36243661,DEC,C36243661
DEC_C36284711,DEC,C36284711
DEC_C36764706,DEC,C36764706
DEC_C37165537,DEC,C37165537
DEC_C37716921,DEC,C37716921
DEC_C37802644,DEC,C37802644
DEC_C37802646,DEC,C37802646
DEC_C37809724,DEC,C37809724
DEC_C40996855,DEC,C40996855
DEC_C40999749,DEC,C40999749
DEC_C41153990,DEC,C41153990
DEC_C41154685,DEC,C41154685
DEC_C41678525,DEC,C41678525
DEC_C42404956,DEC,C42404956
DEC_C42441031,DEC,C42441031
DEC_C43233296,DEC,C43233296
DEC_C43367672,DEC,C43367672
DEC_C44136254,DEC,C44136254
DEC_C44136342,DEC,C44136342
DEC_C44731242,DEC,C44731242
DEC_C44977640,DEC,C44977640
DEC_C49008426,DEC,C49008426
DEC_C50814258,DEC,C50814258
DEC_C52577456,DEC,C52577456
DEC_C53126433,DEC,C53126433
DEC_C54184760,DEC,C54184760
DEC_C36897320,DEC,C36897320
DEC_C57789204,DEC,C57789204
DEC_C57791066,DEC,C57791066
DEC_C37786225,DEC,C37786225
DEC_C58021250,DEC,C58021250
DEC_C61672527,DEC,C61672527
DEC_C62173696,DEC,C62173696
DEC_C62857808,DEC,C62857808
DEC_C62900720,DEC,C62900720
DEC_C63027343,DEC,C63027343
DEC_C63326758,DEC,C63326758
DEC_C64212797,DEC,C64212797
DEC_C05543658,DEC,C05543658
DEC_C01683923,DEC,C01683923
DEC_C04126192,DEC,C04126192
DEC_C04648847,DEC,C04648847
DEC_C17428905,DEC,C17428905
DEC_C26421809,DEC,C26421809
DEC_C27788522,DEC,C27788522
DEC_C17160622,DEC,C17160622
DEC_C32627841,DEC,C32627841
DEC_C34781491,DEC,C34781491
DEC_C37227494,DEC,C37227494
DEC_C37388163,DEC,C37388163
DEC_C01399966,DEC,C01399966
DEC_C05788753,DEC,C05788753
DEC_C38743803,DEC,C38743803
DEC_C38743805,DEC,C38743805
DEC_C37487648,DEC,C37487648
DEC_C39126777,DEC,C39126777
DEC_C39930015,DEC,C39930015
DEC_C16991226,DEC,C16991226
DEC_C40783776,DEC,C40783776
DEC_C40907137,DEC,C40907137
DEC_C44783388,DEC,C44783388
DEC_C44783392,DEC,C44783392
DEC_C44785694,DEC,C44785694
DEC_C44867250,DEC,C44867250
DEC_C44981965,DEC,C44981965
DEC_C45145573,DEC,C45145573
DEC_C45922512,DEC,C45922512
DEC_C49776625,DEC,C49776625
DEC_C50973292,DEC,C50973292
DEC_C51089050,DEC,C51089050
DEC_C51095647,DEC,C51095647
DEC_C51113391,DEC,C51113391
DEC_C51999769,DEC,C51999769
DEC_C52290250,DEC,C52290250
DEC_C52833939,DEC,C52833939
DEC_C52834494,DEC,C52834494
DEC_C53045100,DEC,C53045100
DEC_C12653890,DEC,C12653890
DEC_C15924515,DEC,C15924515
DEC_C54600722,DEC,C54600722
DEC_C35793066,DEC,C35793066
DEC_C41050740,DEC,C41050740
DEC_C34927018,DEC,C34927018
DEC_C62718318,DEC,C62718318
DEC_C62965498,DEC,C62965498
DEC_C64233257,DEC,C64233257
DEC_C66135687,DEC,C66135687
DEC_C66402903,DEC,C66402903
DEC_C13965306,DEC,C13965306
DEC_C16578337,DEC,C16578337
DEC_C19970325,DEC,C19970325
DEC_C20189223,DEC,C20189223
DEC_C20189325,DEC,C20189325
DEC_C20469646,DEC,C20469646
DEC_C03179609,DEC,C03179609
DEC_C35507053,DEC,C35507053
DEC_C36250777,DEC,C36250777
DEC_C36331679,DEC,C36331679
DEC_C36763953,DEC,C36763953
DEC_C36764995,DEC,C36764995
DEC_C00061413,DEC,C00061413
DEC_C00180759,DEC,C00180759
DEC_C38122587,DEC,C38122587
DEC_C38137533,DEC,C38137533
DEC_C27577777,DEC,C27577777
DEC_C39211737,DEC,C39211737
DEC_C40999799,DEC,C40999799
DEC_C41033404,DEC,C41033404
DEC_C41154590,DEC,C41154590
DEC_C43233306,DEC,C43233306
DEC_C43235229,DEC,C43235229
DEC_C43410854,DEC,C43410854
DEC_C33938146,DEC,C33938146
DEC_C44540789,DEC,C44540789
DEC_C45167955,DEC,C45167955
DEC_C49015599,DEC,C49015599
DEC_C49043242,DEC,C49043242
DEC_C49851733,DEC,C49851733
DEC_C50372196,DEC,C50372196
DEC_C51570555,DEC,C51570555
DEC_C51571785,DEC,C51571785
DEC_C51928517,DEC,C51928517
DEC_C51996391,DEC,C51996391
DEC_C22010058,DEC,C22010058
DEC_C58616006,DEC,C58616006
DEC_C62101578,DEC,C62101578
DEC_C62179924,DEC,C62179924
DEC_C62210433,DEC,C62210433
DEC_C62244816,DEC,C62244816
DEC_C62976035,DEC,C62976035
DEC_C63193886,DEC,C63193886
DEC_C63194191,DEC,C63194191
DEC_C63214953,DEC,C63214953
DEC_C63349954,DEC,C63349954
DEC_C63709727,DEC,C63709727
DEC_C63961793,DEC,C63961793
DEC_C65381648,DEC,C65381648
DEC_C65460018,DEC,C65460018
DEC_C00092682,DEC,C00092682
DEC_C02044483,DEC,C02044483
DEC_C01697900,DEC,C01697900
DEC_C19503893,DEC,C19503893
DEC_C19594905,DEC,C19594905
DEC_C00758794,DEC,C00758794
DEC_C20191155,DEC,C20191155
DEC_C20321031,DEC,C20321031
DEC_C20390666,DEC,C20390666
DEC_C20852270,DEC,C20852270
DEC_C21010563,DEC,C21010563
DEC_C23435875,DEC,C23435875
DEC_C24056404,DEC,C24056404
DEC_C31995764,DEC,C31995764
DEC_C05788555,DEC,C05788555
DEC_C35780345,DEC,C35780345
DEC_C36969261,DEC,C36969261
DEC_C37053449,DEC,C37053449
DEC_C37053448,DEC,C37053448
DEC_C37509376,DEC,C37509376
DEC_C37686011,DEC,C37686011
DEC_C38999158,DEC,C38999158
DEC_C39379314,DEC,C39379314
DEC_C40291407,DEC,C40291407
DEC_C40334747,DEC,C40334747
DEC_C40571743,DEC,C40571743
DEC_C41087123,DEC,C41087123
DEC_C42175468,DEC,C42175468
DEC_C42378515,DEC,C42378515
DEC_C42879159,DEC,C42879159
DEC_C48666801,DEC,C48666801
DEC_C48819117,DEC,C48819117
DEC_C48978314,DEC,C48978314
DEC_C49531869,DEC,C49531869
DEC_C49559809,DEC,C49559809
DEC_C31952416,DEC,C31952416
DEC_C49883126,DEC,C49883126
DEC_C49991967,DEC,C49991967
DEC_C50014794,DEC,C50014794
DEC_C50453542,DEC,C50453542
DEC_C50698617,DEC,C50698617
DEC_C50710089,DEC,C50710089
DEC_C50832224,DEC,C50832224
DEC_C51332522,DEC,C51332522
DEC_C54398245,DEC,C54398245
DEC_C36803874,DEC,C36803874
DEC_C59155303,DEC,C59155303
DEC_C30769854,DEC,C30769854
DEC_C61097948,DEC,C61097948
DEC_C61682680,DEC,C61682680
DEC_C03204833,DEC,C03204833
DEC_C02122889,DEC,C02122889
DEC_C01097613,DEC,C01097613
DEC_C09763632,DEC,C09763632
DEC_C09057772,DEC,C09057772
DEC_C12349733,DEC,C12349733
DEC_C02117354,DEC,C02117354
DEC_C13052642,DEC,C13052642
DEC_C13071949,DEC,C13071949
DEC_C13192242,DEC,C13192242
DEC_C13311064,DEC,C13311064
DEC_C13345481,DEC,C13345481
DEC_C13438221,DEC,C13438221
DEC_C13464789,DEC,C13464789
DEC_C15746587,DEC,C15746587
DEC_C16906489,DEC,C16906489
DEC_C16906872,DEC,C16906872
DEC_C18115372,DEC,C18115372
DEC_C09600982,DEC,C09600982
DEC_C01408997,DEC,C01408997
DEC_C09273510,DEC,C09273510
DEC_C22146312,DEC,C22146312
DEC_C27533498,DEC,C27533498
DEC_C31931992,DEC,C31931992
DEC_C01268783,DEC,C01268783
DEC_C33306457,DEC,C33306457
DEC_C33370004,DEC,C33370004
DEC_C33551422,DEC,C33551422
DEC_C34930681,DEC,C34930681
DEC_C35455751,DEC,C35455751
DEC_C35667355,DEC,C35667355
DEC_C00832969,DEC,C00832969
DEC_C39289915,DEC,C39289915
DEC_C39451504,DEC,C39451504
DEC_C39482131,DEC,C39482131
DEC_C09633651,DEC,C09633651
DEC_C39724736,DEC,C39724736
DEC_C39899588,DEC,C39899588
DEC_C40084352,DEC,C40084352
DEC_C40097217,DEC,C40097217
DEC_C13393585,DEC,C13393585
DEC_C02369161,DEC,C02369161
DEC_C58946119,DEC,C58946119
DEC_C59679004,DEC,C59679004
DEC_C09597468,DEC,C09597468
DEC_C13175316,DEC,C13175316
DEC_C35397426,DEC,C35397426
DEC_C35397599,DEC,C35397599
DEC_C65021742,DEC,C65021742
DEC_C65021902,DEC,C65021902
DEC_C04235455,DEC,C04235455
DEC_C00959851,DEC,C00959851
DEC_C08947092,DEC,C08947092
DEC_C09085476,DEC,C09085476
DEC_C09533382,DEC,C09533382
DEC_C12887602,DEC,C12887602
DEC_C12887610,DEC,C12887610
DEC_C12526489,DEC,C12526489
DEC_C02251187,DEC,C02251187
DEC_C14382993,DEC,C14382993
DEC_C14457156,DEC,C14457156
DEC_C14584948,DEC,C14584948
DEC_C15478136,DEC,C15478136
DEC_C09739152,DEC,C09739152
DEC_C16958625,DEC,C16958625
DEC_C18200721,DEC,C18200721
DEC_C18257800,DEC,C18257800
DEC_C19708249,DEC,C19708249
DEC_C08439515,DEC,C08439515
DEC_C20881969,DEC,C20881969
DEC_C20885376,DEC,C20885376
DEC_C21247144,DEC,C21247144
DEC_C21337201,DEC,C21337201
DEC_C21355564,DEC,C21355564
DEC_C21706065,DEC,C21706065
DEC_C21969334,DEC,C21969334
DEC_C23104724,DEC,C23104724
DEC_C27489248,DEC,C27489248
DEC_C16364049,DEC,C16364049
DEC_C35004429,DEC,C35004429
DEC_C36597771,DEC,C36597771
DEC_C38161116,DEC,C38161116
DEC_C40815519,DEC,C40815519
DEC_C40917875,DEC,C40917875
DEC_C40923811,DEC,C40923811
DEC_C40923813,DEC,C40923813
DEC_C40923867,DEC,C40923867
DEC_C41006515,DEC,C41006515
DEC_C41006519,DEC,C41006519
DEC_C41006806,DEC,C41006806
DEC_C41024063,DEC,C41024063
DEC_C43218909,DEC,C43218909
DEC_C04793427,DEC,C04793427
DEC_C13591645,DEC,C13591645
DEC_C15971712,DEC,C15971712
DEC_C21176900,DEC,C21176900
DEC_C64870133,DEC,C64870133
DEC_C64870164,DEC,C64870164
DEC_C64871073,DEC,C64871073
DEC_C36617837,DEC,C36617837
DEC_C00913060,DEC,C00913060
DEC_C04347032,DEC,C04347032
DEC_C04622443,DEC,C04622443
DEC_C05126647,DEC,C05126647
DEC_C05152237,DEC,C05152237
DEC_C07001312,DEC,C07001312
DEC_C08295605,DEC,C08295605
DEC_C12378538,DEC,C12378538
DEC_C09552934,DEC,C09552934
DEC_C06669783,DEC,C06669783
DEC_C19624380,DEC,C19624380
DEC_C20589027,DEC,C20589027
DEC_C27015672,DEC,C27015672
DEC_C35188448,DEC,C35188448
DEC_C35188450,DEC,C35188450
DEC_C36815355,DEC,C36815355
DEC_C38556246,DEC,C38556246
DEC_C38748360,DEC,C38748360
DEC_C39373570,DEC,C39373570
DEC_C39915814,DEC,C39915814
DEC_C40824548,DEC,C40824548
DEC_C41070030,DEC,C41070030
DEC_C41070125,DEC,C41070125
DEC_C41897413,DEC,C41897413
DEC_C44218067,DEC,C44218067
DEC_C44218071,DEC,C44218071
DEC_C16810172,DEC,C16810172
DEC_C46680485,DEC,C46680485
DEC_C47692933,DEC,C47692933
DEC_C47966437,DEC,C47966437
DEC_C51106615,DEC,C51106615
DEC_C51577305,DEC,C51577305
DEC_C55477641,DEC,C55477641
DEC_C61147663,DEC,C61147663
DEC_C02890244,DEC,C02890244
DEC_C62149466,DEC,C62149466
DEC_C04899128,DEC,C04899128
DEC_C64981114,DEC,C64981114
DEC_C65474326,DEC,C65474326
DEC_C66143041,DEC,C66143041
DEC_C66143043,DEC,C66143043
DEC_C66617670,DEC,C66617670
DEC_C66995520,DEC,C66995520
DEC_C67000711,DEC,C67000711
DEC_C67201900,DEC,C67201900
DEC_C67240721,DEC,C67240721
DEC_C67387769,DEC,C67387769
DEC_C67469389,DEC,C67469389
DEC_C67556405,DEC,C67556405
DEC_C67557873,DEC,C67557873
DEC_C03670949,DEC,C03670949
DEC_C05238064,DEC,C05238064
DEC_C05634723,DEC,C05634723
DEC_C03262534,DEC,C03262534
DEC_C04933168,DEC,C04933168
DEC_C08764275,DEC,C08764275
DEC_C11902847,DEC,C11902847
DEC_C06830482,DEC,C06830482
DEC_C18192171,DEC,C18192171
DEC_C21604727,DEC,C21604727
DEC_C27754380,DEC,C27754380
DEC_C27754408,DEC,C27754408
DEC_C29340917,DEC,C29340917
DEC_C09239772,DEC,C09239772
DEC_C36569843,DEC,C36569843
DEC_C03086074,DEC,C03086074
DEC_C07204894,DEC,C07204894
DEC_C39011786,DEC,C39011786
DEC_C39590256,DEC,C39590256
DEC_C39962493,DEC,C39962493
DEC_C45697813,DEC,C45697813
DEC_C46594626,DEC,C46594626
DEC_C08690031,DEC,C08690031
DEC_C53299847,DEC,C53299847
DEC_C36609061,DEC,C36609061
DEC_C55452106,DEC,C55452106
DEC_C56163196,DEC,C56163196
DEC_C56709239,DEC,C56709239
DEC_C57463939,DEC,C57463939
DEC_C45607051,DEC,C45607051
DEC_C58948544,DEC,C58948544
DEC_C58948546,DEC,C58948546
DEC_C58949336,DEC,C58949336
DEC_C03254229,DEC,C03254229
DEC_C59815670,DEC,C59815670
DEC_C60396972,DEC,C60396972
DEC_C48257378,DEC,C48257378
DEC_C63468508,DEC,C63468508
DEC_C63775083,DEC,C63775083
DEC_C65087223,DEC,C65087223
DEC_C65349311,DEC,C65349311
DEC_C65580479,DEC,C65580479
DEC_C66641116,DEC,C66641116
DEC_C66677542,DEC,C66677542
DEC_C66713829,DEC,C66713829
DEC_C66790117,DEC,C66790117
DEC_C67103381,DEC,C67103381
DEC_C67270434,DEC,C67270434
DEC_C67337254,DEC,C67337254
DEC_C67474385,DEC,C67474385
DEC_C00048460,DEC,C00048460
DEC_C04672928,DEC,C04672928
DEC_C04773074,DEC,C04773074
DEC_C00288815,DEC,C00288815
DEC_C11737103,DEC,C11737103
DEC_C11737109,DEC,C11737109
DEC_C05646867,DEC,C05646867
DEC_C14250194,DEC,C14250194
DEC_C19759729,DEC,C19759729
DEC_C20020594,DEC,C20020594
DEC_C20275565,DEC,C20275565
DEC_C20390636,DEC,C20390636
DEC_C20443943,DEC,C20443943
DEC_C20852275,DEC,C20852275
DEC_C31054890,DEC,C31054890
DEC_C31977663,DEC,C31977663
DEC_C36142676,DEC,C36142676
DEC_C36278014,DEC,C36278014
DEC_C37054745,DEC,C37054745
DEC_C37063163,DEC,C37063163
DEC_C37065555,DEC,C37065555
DEC_C37295027,DEC,C37295027
DEC_C37371586,DEC,C37371586
DEC_C37606039,DEC,C37606039
DEC_C37907185,DEC,C37907185
DEC_C37908385,DEC,C37908385
DEC_C39379313,DEC,C39379313
DEC_C40291394,DEC,C40291394
DEC_C41087121,DEC,C41087121
DEC_C41088175,DEC,C41088175
DEC_C43409114,DEC,C43409114
DEC_C43667571,DEC,C43667571
DEC_C44731483,DEC,C44731483
DEC_C44731491,DEC,C44731491
DEC_C45068648,DEC,C45068648
DEC_C50102427,DEC,C50102427
DEC_C50471481,DEC,C50471481
DEC_C50870742,DEC,C50870742
DEC_C53096404,DEC,C53096404
DEC_C53110435,DEC,C53110435
DEC_C08472956,DEC,C08472956
DEC_C57342382,DEC,C57342382
DEC_C16273081,DEC,C16273081
DEC_C51697381,DEC,C51697381
DEC_C61630811,DEC,C61630811
DEC_C61687582,DEC,C61687582
DEC_C61687584,DEC,C61687584
DEC_C62198446,DEC,C62198446
DEC_C62349413,DEC,C62349413
DEC_C62997811,DEC,C62997811
DEC_C00425165,DEC,C00425165
DEC_C00509264,DEC,C00509264
DEC_C00127173,DEC,C00127173
DEC_C04511934,DEC,C04511934
DEC_C00521366,DEC,C00521366
DEC_C00413930,DEC,C00413930
DEC_C05271817,DEC,C05271817
DEC_C05544015,DEC,C05544015
DEC_C06221090,DEC,C06221090
DEC_C07536306,DEC,C07536306
DEC_C07664762,DEC,C07664762
DEC_C08378270,DEC,C08378270
DEC_C12143122,DEC,C12143122
DEC_C03911864,DEC,C03911864
DEC_C14189465,DEC,C14189465
DEC_C14457357,DEC,C14457357
DEC_C15293000,DEC,C15293000
DEC_C16040692,DEC,C16040692
DEC_C18215086,DEC,C18215086
DEC_C19760715,DEC,C19760715
DEC_C20352004,DEC,C20352004
DEC_C20693829,DEC,C20693829
DEC_C25161537,DEC,C25161537
DEC_C32978680,DEC,C32978680
DEC_C07601535,DEC,C07601535
DEC_C36993217,DEC,C36993217
DEC_C37035080,DEC,C37035080
DEC_C37037336,DEC,C37037336
DEC_C37203902,DEC,C37203902
DEC_C36670402,DEC,C36670402
DEC_C37516489,DEC,C37516489
DEC_C38117548,DEC,C38117548
DEC_C39529946,DEC,C39529946
DEC_C40163735,DEC,C40163735
DEC_C40757774,DEC,C40757774
DEC_C41165348,DEC,C41165348
DEC_C41677428,DEC,C41677428
DEC_C41738111,DEC,C41738111
DEC_C48661017,DEC,C48661017
DEC_C49570586,DEC,C49570586
DEC_C49630636,DEC,C49630636
DEC_C50786606,DEC,C50786606
DEC_C52301638,DEC,C52301638
DEC_C43668648,DEC,C43668648
DEC_C26457161,DEC,C26457161
DEC_C61700072,DEC,C61700072
DEC_C62496099,DEC,C62496099
DEC_C62497186,DEC,C62497186
DEC_C62497434,DEC,C62497434
DEC_C66129660,DEC,C66129660
DEC_C01768091,DEC,C01768091
DEC_C05173973,DEC,C05173973
DEC_C06233734,DEC,C06233734
DEC_C10167916,DEC,C10167916
DEC_C12501610,DEC,C12501610
DEC_C19418614,DEC,C19418614
DEC_C22090069,DEC,C22090069
DEC_C23388067,DEC,C23388067
DEC_C31356091,DEC,C31356091
DEC_C37182115,DEC,C37182115
DEC_C37486257,DEC,C37486257
DEC_C04755007,DEC,C04755007
DEC_C40314822,DEC,C40314822
DEC_C40335638,DEC,C40335638
DEC_C40687132,DEC,C40687132
DEC_C41094402,DEC,C41094402
DEC_C41117458,DEC,C41117458
DEC_C42691418,DEC,C42691418
DEC_C44249803,DEC,C44249803
DEC_C44483419,DEC,C44483419
DEC_C44791502,DEC,C44791502
DEC_C48843758,DEC,C48843758
DEC_C49194392,DEC,C49194392
DEC_C49194428,DEC,C49194428
DEC_C49957154,DEC,C49957154
DEC_C50033358,DEC,C50033358
DEC_C50036500,DEC,C50036500
DEC_C50183938,DEC,C50183938
DEC_C18106694,DEC,C18106694
DEC_C50710539,DEC,C50710539
DEC_C51667420,DEC,C51667420
DEC_C52010909,DEC,C52010909
DEC_C38145378,DEC,C38145378
DEC_C53103552,DEC,C53103552
DEC_C53105960,DEC,C53105960
DEC_C53106755,DEC,C53106755
DEC_C53114964,DEC,C53114964
DEC_C54416023,DEC,C54416023
DEC_C56896295,DEC,C56896295
DEC_C58949325,DEC,C58949325
DEC_C45585927,DEC,C45585927
DEC_C59973282,DEC,C59973282
DEC_C61079720,DEC,C61079720
DEC_C62788456,DEC,C62788456
DEC_C62833594,DEC,C62833594
DEC_C62833788,DEC,C62833788
DEC_C62834291,DEC,C62834291
DEC_C66134657,DEC,C66134657
DEC_C66704856,DEC,C66704856
DEC_C66783015,DEC,C66783015
DEC_C04814828,DEC,C04814828
DEC_C02508272,DEC,C02508272
DEC_C09614786,DEC,C09614786
DEC_C20596961,DEC,C20596961
DEC_C31468896,DEC,C31468896
DEC_C17128388,DEC,C17128388
DEC_C33440645,DEC,C33440645
DEC_C37626772,DEC,C37626772
DEC_C37626889,DEC,C37626889
DEC_C37627149,DEC,C37627149
DEC_C37627995,DEC,C37627995
DEC_C37629053,DEC,C37629053
DEC_C37629478,DEC,C37629478
DEC_C37629514,DEC,C37629514
DEC_C37767609,DEC,C37767609
DEC_C37820472,DEC,C37820472
DEC_C37934058,DEC,C37934058
DEC_C37934059,DEC,C37934059
DEC_C38050981,DEC,C38050981
DEC_C37626990,DEC,C37626990
DEC_C40500134,DEC,C40500134
DEC_C40680965,DEC,C40680965
DEC_C40736308,DEC,C40736308
DEC_C40779779,DEC,C40779779
DEC_C41023820,DEC,C41023820
DEC_C42944040,DEC,C42944040
DEC_C42970464,DEC,C42970464
DEC_C42974828,DEC,C42974828
DEC_C43041970,DEC,C43041970
DEC_C43114719,DEC,C43114719
DEC_C43238534,DEC,C43238534
DEC_C43238569,DEC,C43238569
DEC_C43338636,DEC,C43338636
DEC_C43338648,DEC,C43338648
DEC_C43352789,DEC,C43352789
DEC_C43363575,DEC,C43363575
DEC_C43386435,DEC,C43386435
DEC_C46253344,DEC,C46253344
DEC_C50032312,DEC,C50032312
DEC_C50033228,DEC,C50033228
DEC_C50439801,DEC,C50439801
DEC_C51145216,DEC,C51145216
DEC_C51147180,DEC,C51147180
DEC_C51324684,DEC,C51324684
DEC_C54727053,DEC,C54727053
DEC_C56945342,DEC,C56945342
DEC_C01410749,DEC,C01410749
DEC_C41224239,DEC,C41224239
DEC_C62082819,DEC,C62082819
DEC_C65481339,DEC,C65481339
DEC_C12538233,DEC,C12538233
DEC_C04908833,DEC,C04908833
DEC_C14115167,DEC,C14115167
DEC_C16847894,DEC,C16847894
DEC_C20527312,DEC,C20527312
DEC_C24879263,DEC,C24879263
DEC_C03409073,DEC,C03409073
DEC_C29811683,DEC,C29811683
DEC_C31275152,DEC,C31275152
DEC_C13002690,DEC,C13002690
DEC_C33935981,DEC,C33935981
DEC_C33935982,DEC,C33935982
DEC_C01889672,DEC,C01889672
DEC_C37929958,DEC,C37929958
DEC_C39001064,DEC,C39001064
DEC_C00031160,DEC,C00031160
DEC_C40149935,DEC,C40149935
DEC_C41301151,DEC,C41301151
DEC_C41301251,DEC,C41301251
DEC_C43761292,DEC,C43761292
DEC_C45599423,DEC,C45599423
DEC_C45619030,DEC,C45619030
DEC_C45782770,DEC,C45782770
DEC_C46694729,DEC,C46694729
DEC_C26988926,DEC,C26988926
DEC_C47876858,DEC,C47876858
DEC_C50057825,DEC,C50057825
DEC_C12679625,DEC,C12679625
DEC_C54446066,DEC,C54446066
DEC_C58568983,DEC,C58568983
DEC_C59153781,DEC,C59153781
DEC_C48245360,DEC,C48245360
DEC_C59879950,DEC,C59879950
DEC_C61482790,DEC,C61482790
DEC_C63270101,DEC,C63270101
DEC_C05942295,DEC,C05942295
DEC_C05942288,DEC,C05942288
DEC_C63645352,DEC,C63645352
DEC_C20028232,DEC,C20028232
DEC_C65832937,DEC,C65832937
DEC_C65882273,DEC,C65882273
DEC_C66582784,DEC,C66582784
DEC_C66605066,DEC,C66605066
DEC_C66679191,DEC,C66679191
DEC_C66746458,DEC,C66746458
DEC_C67138224,DEC,C67138224
DEC_C67143002,DEC,C67143002
DEC_C67238465,DEC,C67238465
DEC_C67315455,DEC,C67315455
DEC_C67576115,DEC,C67576115
DEC_C03999710,DEC,C03999710
DEC_C04360796,DEC,C04360796
DEC_C05274820,DEC,C05274820
DEC_C05955304,DEC,C05955304
DEC_C06464382,DEC,C06464382
DEC_C06920695,DEC,C06920695
DEC_C06934847,DEC,C06934847
DEC_C07179947,DEC,C07179947
DEC_C03450323,DEC,C03450323
DEC_C12516048,DEC,C12516048
DEC_C13476140,DEC,C13476140
DEC_C15551546,DEC,C15551546
DEC_C30525307,DEC,C30525307
DEC_C31820018,DEC,C31820018
DEC_C32561818,DEC,C32561818
DEC_C32561819,DEC,C32561819
DEC_C37555970,DEC,C37555970
DEC_C01684448,DEC,C01684448
DEC_C38989929,DEC,C38989929
DEC_C39211626,DEC,C39211626
DEC_C40377395,DEC,C40377395
DEC_C40731291,DEC,C40731291
DEC_C40733008,DEC,C40733008
DEC_C40794210,DEC,C40794210
DEC_C40794442,DEC,C40794442
DEC_C41547149,DEC,C41547149
DEC_C42142811,DEC,C42142811
DEC_C43214033,DEC,C43214033
DEC_C49053151,DEC,C49053151
DEC_C52015716,DEC,C52015716
DEC_C52015720,DEC,C52015720
DEC_C52015726,DEC,C52015726
DEC_C53733628,DEC,C53733628
DEC_C55395407,DEC,C55395407
DEC_C55844601,DEC,C55844601
DEC_C09483121,DEC,C09483121
DEC_C53399906,DEC,C53399906
DEC_C06506382,DEC,C06506382
DEC_C58949006,DEC,C58949006
DEC_C61148847,DEC,C61148847
DEC_C61544231,DEC,C61544231
DEC_C61544241,DEC,C61544241
DEC_C63646743,DEC,C63646743
DEC_C15961952,DEC,C15961952
DEC_C64788404,DEC,C64788404
DEC_C65452962,DEC,C65452962
DEC_C65882880,DEC,C65882880
DEC_C66260706,DEC,C66260706
DEC_C66366055,DEC,C66366055
DEC_C67565848,DEC,C67565848
DEC_C04044085,DEC,C04044085
DEC_C01270229,DEC,C01270229
DEC_C20224943,DEC,C20224943
DEC_C22288740,DEC,C22288740
DEC_C31890925,DEC,C31890925
DEC_C31946464,DEC,C31946464
DEC_C31947006,DEC,C31947006
DEC_C35047479,DEC,C35047479
DEC_C35629543,DEC,C35629543
DEC_C18080805,DEC,C18080805
DEC_C36877092,DEC,C36877092
DEC_C36929417,DEC,C36929417
DEC_C37014984,DEC,C37014984
DEC_C37766111,DEC,C37766111
DEC_C37766112,DEC,C37766112
DEC_C37817527,DEC,C37817527
DEC_C37943260,DEC,C37943260
DEC_C37943262,DEC,C37943262
DEC_C37996600,DEC,C37996600
DEC_C38049982,DEC,C38049982
DEC_C38142884,DEC,C38142884
DEC_C37042375,DEC,C37042375
DEC_C40463721,DEC,C40463721
DEC_C40680797,DEC,C40680797
DEC_C43231627,DEC,C43231627
DEC_C49365285,DEC,C49365285
DEC_C50265174,DEC,C50265174
DEC_C50265337,DEC,C50265337
DEC_C50420293,DEC,C50420293
DEC_C50470359,DEC,C50470359
DEC_C50675437,DEC,C50675437
DEC_C50816385,DEC,C50816385
DEC_C51036339,DEC,C51036339
DEC_C52860369,DEC,C52860369
DEC_C52860374,DEC,C52860374
DEC_C12550493,DEC,C12550493
DEC_C50674809,DEC,C50674809
DEC_C01408193,DEC,C01408193
DEC_C54339565,DEC,C54339565
DEC_C51359678,DEC,C51359678
DEC_C61857003,DEC,C61857003
DEC_C62740039,DEC,C62740039
DEC_C63190207,DEC,C63190207
DEC_C63354569,DEC,C63354569
DEC_C64058406,DEC,C64058406
DEC_C64328908,DEC,C64328908
DEC_C64328910,DEC,C64328910
DEC_C65397264,DEC,C65397264
DEC_C67264709,DEC,C67264709
DEC_C67571559,DEC,C67571559
DEC_C04308488,DEC,C04308488
DEC_C00803894,DEC,C00803894
DEC_C00081935,DEC,C00081935
DEC_C05385323,DEC,C05385323
DEC_C08020391,DEC,C08020391
DEC_C08020403,DEC,C08020403
DEC_C23630705,DEC,C23630705
DEC_C25747991,DEC,C25747991
DEC_C31454032,DEC,C31454032
DEC_C04294261,DEC,C04294261
DEC_C04294262,DEC,C04294262
DEC_C37556290,DEC,C37556290
DEC_C37556295,DEC,C37556295
DEC_C00108508,DEC,C00108508
DEC_C38050100,DEC,C38050100
DEC_C40376143,DEC,C40376143
DEC_C40376483,DEC,C40376483
DEC_C40377039,DEC,C40377039
DEC_C40734560,DEC,C40734560
DEC_C40823625,DEC,C40823625
DEC_C41070140,DEC,C41070140
DEC_C42349841,DEC,C42349841
DEC_C43130869,DEC,C43130869
DEC_C44832656,DEC,C44832656
DEC_C44934535,DEC,C44934535
DEC_C47168873,DEC,C47168873
DEC_C48874015,DEC,C48874015
DEC_C50265066,DEC,C50265066
DEC_C50376081,DEC,C50376081
DEC_C50639215,DEC,C50639215
DEC_C51116193,DEC,C51116193
DEC_C53156382,DEC,C53156382
DEC_C53854494,DEC,C53854494
DEC_C53855400,DEC,C53855400
DEC_C53855404,DEC,C53855404
DEC_C54156283,DEC,C54156283
DEC_C54390507,DEC,C54390507
DEC_C54731074,DEC,C54731074
DEC_C56229186,DEC,C56229186
DEC_C58949045,DEC,C58949045
DEC_C52015706,DEC,C52015706
DEC_C61608359,DEC,C61608359
DEC_C63646760,DEC,C63646760
DEC_C58289916,DEC,C58289916
DEC_C65382625,DEC,C65382625
DEC_C65490234,DEC,C65490234
DEC_C65577758,DEC,C65577758
DEC_C66262937,DEC,C66262937
DEC_C66262939,DEC,C66262939
DEC_C67304061,DEC,C67304061
DEC_C16389019,DEC,C16389019
DEC_C19848088,DEC,C19848088
DEC_C20149201,DEC,C20149201
DEC_C34785969,DEC,C34785969
DEC_C35047481,DEC,C35047481
DEC_C36159603,DEC,C36159603
DEC_C36267236,DEC,C36267236
DEC_C06266445,DEC,C06266445
DEC_C00525524,DEC,C00525524
DEC_C36877711,DEC,C36877711
DEC_C36999605,DEC,C36999605
DEC_C37008035,DEC,C37008035
DEC_C37021073,DEC,C37021073
DEC_C37288915,DEC,C37288915
DEC_C37552961,DEC,C37552961
DEC_C37580958,DEC,C37580958
DEC_C37661765,DEC,C37661765
DEC_C37803760,DEC,C37803760
DEC_C37803780,DEC,C37803780
DEC_C37945808,DEC,C37945808
DEC_C40468336,DEC,C40468336
DEC_C40852736,DEC,C40852736
DEC_C45606076,DEC,C45606076
DEC_C49025569,DEC,C49025569
DEC_C49150516,DEC,C49150516
DEC_C49365281,DEC,C49365281
DEC_C50093003,DEC,C50093003
DEC_C50163381,DEC,C50163381
DEC_C50163383,DEC,C50163383
DEC_C37918136,DEC,C37918136
DEC_C40748666,DEC,C40748666
DEC_C46953283,DEC,C46953283
DEC_C61595169,DEC,C61595169
DEC_C62320286,DEC,C62320286
DEC_C62382946,DEC,C62382946
DEC_C62384075,DEC,C62384075
DEC_C62746472,DEC,C62746472
DEC_C62777797,DEC,C62777797
DEC_C62813894,DEC,C62813894
DEC_C63020613,DEC,C63020613
DEC_C63175610,DEC,C63175610
DEC_C63175612,DEC,C63175612
DEC_C63176414,DEC,C63176414
DEC_C63176416,DEC,C63176416
DEC_C63303157,DEC,C63303157
DEC_C63710870,DEC,C63710870
DEC_C63884193,DEC,C63884193
DEC_C64312122,DEC,C64312122
DEC_C66143528,DEC,C66143528
DEC_C67129431,DEC,C67129431
DEC_C01665651,DEC,C01665651
DEC_C02900813,DEC,C02900813
DEC_C08627537,DEC,C08627537
DEC_C08649719,DEC,C08649719
DEC_C08652520,DEC,C08652520
DEC_C08653308,DEC,C08653308
DEC_C08750728,DEC,C08750728
DEC_C09209675,DEC,C09209675
DEC_C09998611,DEC,C09998611
DEC_C13142292,DEC,C13142292
DEC_C20265340,DEC,C20265340
DEC_C20779029,DEC,C20779029
DEC_C21263853,DEC,C21263853
DEC_C29124157,DEC,C29124157
DEC_C25762783,DEC,C25762783
DEC_C28631715,DEC,C28631715
DEC_C39552671,DEC,C39552671
DEC_C39934660,DEC,C39934660
DEC_C39946862,DEC,C39946862
DEC_C40151081,DEC,C40151081
DEC_C40151087,DEC,C40151087
DEC_C40151245,DEC,C40151245
DEC_C40701987,DEC,C40701987
DEC_C43093108,DEC,C43093108
DEC_C43093123,DEC,C43093123
DEC_C43262444,DEC,C43262444
DEC_C43287069,DEC,C43287069
DEC_C43287143,DEC,C43287143
DEC_C43287292,DEC,C43287292
DEC_C52426217,DEC,C52426217
DEC_C52426218,DEC,C52426218
DEC_C52426234,DEC,C52426234
DEC_C52541761,DEC,C52541761
DEC_C52541776,DEC,C52541776
DEC_C52594550,DEC,C52594550
DEC_C01719593,DEC,C01719593
DEC_C40939988,DEC,C40939988
DEC_C49055303,DEC,C49055303
DEC_C49055306,DEC,C49055306
DEC_C23255799,DEC,C23255799
DEC_C22075540,DEC,C22075540
DEC_C59992961,DEC,C59992961
DEC_C63178288,DEC,C63178288
DEC_C63648745,DEC,C63648745
DEC_C64164805,DEC,C64164805
DEC_C64343503,DEC,C64343503
DEC_C64600179,DEC,C64600179
DEC_C64657141,DEC,C64657141
DEC_C65467324,DEC,C65467324
DEC_C67637484,DEC,C67637484
DEC_C04944772,DEC,C04944772
DEC_C01617597,DEC,C01617597
DEC_C06333770,DEC,C06333770
DEC_C19470648,DEC,C19470648
DEC_C19470650,DEC,C19470650
DEC_C19954076,DEC,C19954076
DEC_C09358395,DEC,C09358395
DEC_C16994518,DEC,C16994518
DEC_C20276301,DEC,C20276301
DEC_C20294066,DEC,C20294066
DEC_C20362460,DEC,C20362460
DEC_C20799762,DEC,C20799762
DEC_C05993430,DEC,C05993430
DEC_C33637585,DEC,C33637585
DEC_C35186998,DEC,C35186998
DEC_C36792698,DEC,C36792698
DEC_C36863495,DEC,C36863495
DEC_C37190125,DEC,C37190125
DEC_C37224604,DEC,C37224604
DEC_C37270367,DEC,C37270367
DEC_C37557555,DEC,C37557555
DEC_C39281255,DEC,C39281255
DEC_C39359398,DEC,C39359398
DEC_C40320163,DEC,C40320163
DEC_C40329323,DEC,C40329323
DEC_C40335774,DEC,C40335774
DEC_C40370553,DEC,C40370553
DEC_C41672478,DEC,C41672478
DEC_C41804523,DEC,C41804523
DEC_C42139072,DEC,C42139072
DEC_C42431192,DEC,C42431192
DEC_C42500555,DEC,C42500555
DEC_C43410632,DEC,C43410632
DEC_C44785840,DEC,C44785840
DEC_C44876701,DEC,C44876701
DEC_C48837184,DEC,C48837184
DEC_C48837305,DEC,C48837305
DEC_C48843977,DEC,C48843977
DEC_C49191640,DEC,C49191640
DEC_C49432210,DEC,C49432210
DEC_C50397300,DEC,C50397300
DEC_C51578114,DEC,C51578114
DEC_C51840056,DEC,C51840056
DEC_C52015809,DEC,C52015809
DEC_C52756808,DEC,C52756808
DEC_C52764172,DEC,C52764172
DEC_C53112232,DEC,C53112232
DEC_C54397408,DEC,C54397408
DEC_C42527477,DEC,C42527477
DEC_C61708883,DEC,C61708883
DEC_C00876514,DEC,C00876514
DEC_C00876536,DEC,C00876536
DEC_C04779347,DEC,C04779347
DEC_C00495681,DEC,C00495681
DEC_C07128510,DEC,C07128510
DEC_C07203942,DEC,C07203942
DEC_C10357377,DEC,C10357377
DEC_C12408442,DEC,C12408442
DEC_C12556684,DEC,C12556684
DEC_C14146962,DEC,C14146962
DEC_C14656546,DEC,C14656546
DEC_C15424581,DEC,C15424581
DEC_C21146023,DEC,C21146023
DEC_C21673595,DEC,C21673595
DEC_C24833783,DEC,C24833783
DEC_C16870765,DEC,C16870765
DEC_C04795080,DEC,C04795080
DEC_C04924986,DEC,C04924986
DEC_C39022394,DEC,C39022394
DEC_C40111022,DEC,C40111022
DEC_C40735366,DEC,C40735366
DEC_C42130620,DEC,C42130620
DEC_C43875976,DEC,C43875976
DEC_C46896891,DEC,C46896891
DEC_C48690058,DEC,C48690058
DEC_C50004753,DEC,C50004753
DEC_C50441680,DEC,C50441680
DEC_C20395269,DEC,C20395269
DEC_C54912515,DEC,C54912515
DEC_C09724868,DEC,C09724868
DEC_C59168732,DEC,C59168732
DEC_C25499446,DEC,C25499446
DEC_C63269251,DEC,C63269251
DEC_C04525004,DEC,C04525004
DEC_C35462798,DEC,C35462798
DEC_C64561592,DEC,C64561592
DEC_C64612652,DEC,C64612652
DEC_C64900624,DEC,C64900624
DEC_C65192308,DEC,C65192308
DEC_C65237888,DEC,C65237888
DEC_C65842853,DEC,C65842853
DEC_C66080637,DEC,C66080637
DEC_C66536719,DEC,C66536719
DEC_C66600137,DEC,C66600137
DEC_C66672464,DEC,C66672464
DEC_C66740675,DEC,C66740675
DEC_C66783029,DEC,C66783029
DEC_C67017603,DEC,C67017603
DEC_C67384306,DEC,C67384306
DEC_C65373986,DEC,C65373986
DEC_C03327016,DEC,C03327016
DEC_C08036901,DEC,C08036901
DEC_C12004465,DEC,C12004465
DEC_C14975146,DEC,C14975146
DEC_C16386144,DEC,C16386144
DEC_C20539382,DEC,C20539382
DEC_C29493680,DEC,C29493680
DEC_C31868558,DEC,C31868558
DEC_C36293058,DEC,C36293058
DEC_C37288906,DEC,C37288906
DEC_C38800250,DEC,C38800250
DEC_C40477806,DEC,C40477806
DEC_C41321261,DEC,C41321261
DEC_C42071924,DEC,C42071924
DEC_C43941370,DEC,C43941370
DEC_C44330497,DEC,C44330497
DEC_C48247227,DEC,C48247227
DEC_C48587688,DEC,C48587688
DEC_C48826738,DEC,C48826738
DEC_C54809905,DEC,C54809905
DEC_C56788048,DEC,C56788048
DEC_C58191827,DEC,C58191827
DEC_C07178538,DEC,C07178538
DEC_C43418441,DEC,C43418441
DEC_C60143259,DEC,C60143259
DEC_C47683260,DEC,C47683260
DEC_C47793107,DEC,C47793107
DEC_C61746587,DEC,C61746587
DEC_C54042012,DEC,C54042012
DEC_C62359203,DEC,C62359203
DEC_C62475141,DEC,C62475141
DEC_C39771721,DEC,C39771721
DEC_C63680611,DEC,C63680611
DEC_C63709973,DEC,C63709973
DEC_C58307279,DEC,C58307279
DEC_C65244445,DEC,C65244445
DEC_C65477393,DEC,C65477393
DEC_C65510122,DEC,C65510122
DEC_C65638748,DEC,C65638748
DEC_C65933080,DEC,C65933080
DEC_C66148075,DEC,C66148075
DEC_C66195241,DEC,C66195241
DEC_C66195686,DEC,C66195686
DEC_C67061990,DEC,C67061990
DEC_C67081242,DEC,C67081242
DEC_C67349147,DEC,C67349147
DEC_C67379581,DEC,C67379581
DEC_C67390044,DEC,C67390044
DEC_C67480905,DEC,C67480905
DEC_C67480913,DEC,C67480913
DEC_C03841087,DEC,C03841087
DEC_C02050107,DEC,C02050107
DEC_C04177292,DEC,C04177292
DEC_C04236695,DEC,C04236695
DEC_C04236778,DEC,C04236778
DEC_C05496226,DEC,C05496226
DEC_C00882211,DEC,C00882211
DEC_C00907433,DEC,C00907433
DEC_C09620230,DEC,C09620230
DEC_C10052046,DEC,C10052046
DEC_C14662813,DEC,C14662813
DEC_C15122864,DEC,C15122864
DEC_C15847260,DEC,C15847260
DEC_C16698846,DEC,C16698846
DEC_C17660844,DEC,C17660844
DEC_C19124361,DEC,C19124361
DEC_C02794399,DEC,C02794399
DEC_C20916456,DEC,C20916456
DEC_C21186471,DEC,C21186471
DEC_C21320692,DEC,C21320692
DEC_C24502917,DEC,C24502917
DEC_C30960756,DEC,C30960756
DEC_C30961329,DEC,C30961329
DEC_C31641529,DEC,C31641529
DEC_C36506223,DEC,C36506223
DEC_C36374669,DEC,C36374669
DEC_C36374666,DEC,C36374666
DEC_C38488521,DEC,C38488521
DEC_C38890895,DEC,C38890895
DEC_C39361528,DEC,C39361528
DEC_C39361749,DEC,C39361749
DEC_C39559493,DEC,C39559493
DEC_C39658747,DEC,C39658747
DEC_C39916041,DEC,C39916041
DEC_C43225863,DEC,C43225863
DEC_C43553581,DEC,C43553581
DEC_C45520473,DEC,C45520473
DEC_C49037422,DEC,C49037422
DEC_C49037424,DEC,C49037424
DEC_C49037428,DEC,C49037428
DEC_C03376192,DEC,C03376192
DEC_C54672191,DEC,C54672191
DEC_C57316551,DEC,C57316551
DEC_C57364125,DEC,C57364125
DEC_C28792565,DEC,C28792565
DEC_C59039813,DEC,C59039813
DEC_C33908587,DEC,C33908587
DEC_C16010214,DEC,C16010214
DEC_C60324325,DEC,C60324325
DEC_C64891185,DEC,C64891185
DEC_C00048961,DEC,C00048961
DEC_C04949726,DEC,C04949726
DEC_C19769057,DEC,C19769057
DEC_C19769058,DEC,C19769058
DEC_C19769059,DEC,C19769059
DEC_C19769060,DEC,C19769060
DEC_C01842644,DEC,C01842644
DEC_C29335046,DEC,C29335046
DEC_C30513949,DEC,C30513949
DEC_C31936211,DEC,C31936211
DEC_C33521141,DEC,C33521141
DEC_C33535449,DEC,C33535449
DEC_C37014554,DEC,C37014554
DEC_C37015545,DEC,C37015545
DEC_C37053466,DEC,C37053466
DEC_C37063026,DEC,C37063026
DEC_C37822299,DEC,C37822299
DEC_C37822303,DEC,C37822303
DEC_C37951564,DEC,C37951564
DEC_C04197595,DEC,C04197595
DEC_C39605451,DEC,C39605451
DEC_C40726875,DEC,C40726875
DEC_C40807462,DEC,C40807462
DEC_C42273478,DEC,C42273478
DEC_C43167554,DEC,C43167554
DEC_C43216016,DEC,C43216016
DEC_C43222555,DEC,C43222555
DEC_C43741052,DEC,C43741052
DEC_C44954763,DEC,C44954763
DEC_C44967876,DEC,C44967876
DEC_C45069852,DEC,C45069852
DEC_C49563850,DEC,C49563850
DEC_C52792007,DEC,C52792007
DEC_C54501679,DEC,C54501679
DEC_C55028665,DEC,C55028665
DEC_C61592623,DEC,C61592623
DEC_C61594568,DEC,C61594568
DEC_C61594570,DEC,C61594570
DEC_C61700519,DEC,C61700519
DEC_C62115247,DEC,C62115247
DEC_C39774066,DEC,C39774066
DEC_C63217190,DEC,C63217190
DEC_C64003446,DEC,C64003446
DEC_C64310847,DEC,C64310847
DEC_C64775571,DEC,C64775571
DEC_C67128685,DEC,C67128685
DEC_C67459227,DEC,C67459227
DEC_C67623453,DEC,C67623453
DEC_C67623458,DEC,C67623458
DEC_C67636703,DEC,C67636703
DEC_C04625858,DEC,C04625858
DEC_C03272312,DEC,C03272312
DEC_C03284271,DEC,C03284271
DEC_C00292618,DEC,C00292618
DEC_C04818329,DEC,C04818329
DEC_C06550462,DEC,C06550462
DEC_C06625602,DEC,C06625602
DEC_C10140405,DEC,C10140405
DEC_C11466863,DEC,C11466863
DEC_C18285610,DEC,C18285610
DEC_C10784968,DEC,C10784968
DEC_C29603549,DEC,C29603549
DEC_C14562651,DEC,C14562651
DEC_C39361823,DEC,C39361823
DEC_C43674539,DEC,C43674539
DEC_C43876258,DEC,C43876258
DEC_C45079896,DEC,C45079896
DEC_C32563413,DEC,C32563413
DEC_C45876726,DEC,C45876726
DEC_C46876678,DEC,C46876678
DEC_C47524464,DEC,C47524464
DEC_C48258741,DEC,C48258741
DEC_C48650796,DEC,C48650796
DEC_C52459978,DEC,C52459978
DEC_C54045175,DEC,C54045175
DEC_C54089991,DEC,C54089991
DEC_C55156709,DEC,C55156709
DEC_C56195158,DEC,C56195158
DEC_C56195160,DEC,C56195160
DEC_C57120758,DEC,C57120758
DEC_C22178968,DEC,C22178968
DEC_C58278658,DEC,C58278658
DEC_C59888705,DEC,C59888705
DEC_C63391440,DEC,C63391440
DEC_C64405988,DEC,C64405988
DEC_C64426791,DEC,C64426791
DEC_C64884927,DEC,C64884927
DEC_C65145892,DEC,C65145892
DEC_C65181660,DEC,C65181660
DEC_C65727201,DEC,C65727201
DEC_C66235340,DEC,C66235340
DEC_C66610146,DEC,C66610146
DEC_C66642459,DEC,C66642459
DEC_C66661278,DEC,C66661278
DEC_C67003118,DEC,C67003118
DEC_C67082013,DEC,C67082013
DEC_C67103588,DEC,C67103588
DEC_C67214285,DEC,C67214285
DEC_C67285785,DEC,C67285785
DEC_C67640268,DEC,C67640268
DEC_C02260488,DEC,C02260488
DEC_C02008607,DEC,C02008607
DEC_C07274002,DEC,C07274002
DEC_C03374718,DEC,C03374718
DEC_C12884152,DEC,C12884152
DEC_C12658153,DEC,C12658153
DEC_C15730648,DEC,C15730648
DEC_C04721657,DEC,C04721657
DEC_C21601059,DEC,C21601059
DEC_C23105923,DEC,C23105923
DEC_C30983507,DEC,C30983507
DEC_C33172518,DEC,C33172518
DEC_C34804561,DEC,C34804561
DEC_C01515227,DEC,C01515227
DEC_C36320364,DEC,C36320364
DEC_C37403595,DEC,C37403595
DEC_C00072341,DEC,C00072341
DEC_C02190079,DEC,C02190079
DEC_C04008555,DEC,C04008555
DEC_C39857275,DEC,C39857275
DEC_C40267271,DEC,C40267271
DEC_C41196788,DEC,C41196788
DEC_C42934263,DEC,C42934263
DEC_C43390158,DEC,C43390158
DEC_C43865122,DEC,C43865122
DEC_C44317404,DEC,C44317404
DEC_C44608112,DEC,C44608112
DEC_C47527565,DEC,C47527565
DEC_C47963480,DEC,C47963480
DEC_C48234250,DEC,C48234250
DEC_C50852304,DEC,C50852304
DEC_C51157054,DEC,C51157054
DEC_C59830321,DEC,C59830321
DEC_C61187569,DEC,C61187569
DEC_C61718685,DEC,C61718685
DEC_C62398401,DEC,C62398401
DEC_C62407046,DEC,C62407046
DEC_C62496429,DEC,C62496429
DEC_C63458798,DEC,C63458798
DEC_C63476958,DEC,C63476958
DEC_C64227986,DEC,C64227986
DEC_C64968904,DEC,C64968904
DEC_C66237660,DEC,C66237660
DEC_C66347892,DEC,C66347892
DEC_C66406521,DEC,C66406521
DEC_C66582148,DEC,C66582148
DEC_C66921667,DEC,C66921667
DEC_C67100325,DEC,C67100325
DEC_C67359080,DEC,C67359080
DEC_C67535934,DEC,C67535934
DEC_C08632549,DEC,C08632549
DEC_C09124797,DEC,C09124797
DEC_C09244465,DEC,C09244465
DEC_C09305983,DEC,C09305983
DEC_C09705937,DEC,C09705937
DEC_C09905580,DEC,C09905580
DEC_C02349737,DEC,C02349737
DEC_C14382996,DEC,C14382996
DEC_C14510337,DEC,C14510337
DEC_C15040403,DEC,C15040403
DEC_C15388583,DEC,C15388583
DEC_C16788381,DEC,C16788381
DEC_C17344226,DEC,C17344226
DEC_C18271203,DEC,C18271203
DEC_C18599747,DEC,C18599747
DEC_C20175701,DEC,C20175701
DEC_C20175703,DEC,C20175703
DEC_C21139145,DEC,C21139145
DEC_C21243368,DEC,C21243368
DEC_C22240375,DEC,C22240375
DEC_C26533300,DEC,C26533300
DEC_C31857555,DEC,C31857555
DEC_C34779785,DEC,C34779785
DEC_C00969737,DEC,C00969737
DEC_C36213817,DEC,C36213817
DEC_C36497868,DEC,C36497868
DEC_C13718421,DEC,C13718421
DEC_C36595255,DEC,C36595255
DEC_C36597421,DEC,C36597421
DEC_C36597484,DEC,C36597484
DEC_C36597645,DEC,C36597645
DEC_C36597669,DEC,C36597669
DEC_C13136205,DEC,C13136205
DEC_C39243127,DEC,C39243127
DEC_C40144272,DEC,C40144272
DEC_C40170459,DEC,C40170459
DEC_C40170461,DEC,C40170461
DEC_C45336038,DEC,C45336038
DEC_C15874375,DEC,C15874375
DEC_C46768463,DEC,C46768463
DEC_C01089454,DEC,C01089454
DEC_C01089453,DEC,C01089453
DEC_C00919461,DEC,C00919461
DEC_C00919455,DEC,C00919455
DEC_C58161593,DEC,C58161593
DEC_C25802088,DEC,C25802088
DEC_C33244600,DEC,C33244600
DEC_C59461848,DEC,C59461848
DEC_C02870258,DEC,C02870258
DEC_C64870820,DEC,C64870820
DEC_C04233341,DEC,C04233341
DEC_C00153115,DEC,C00153115
DEC_C00255115,DEC,C00255115
DEC_C01462736,DEC,C01462736
DEC_C06465566,DEC,C06465566
DEC_C08323130,DEC,C08323130
DEC_C03475648,DEC,C03475648
DEC_C08938566,DEC,C08938566
DEC_C08938592,DEC,C08938592
DEC_C08940329,DEC,C08940329
DEC_C09068734,DEC,C09068734
DEC_C09322125,DEC,C09322125
DEC_C10224542,DEC,C10224542
DEC_C15389146,DEC,C15389146
DEC_C21704988,DEC,C21704988
DEC_C27664188,DEC,C27664188
DEC_C30895158,DEC,C30895158
DEC_C34733769,DEC,C34733769
DEC_C34901516,DEC,C34901516
DEC_C36970925,DEC,C36970925
DEC_C36970927,DEC,C36970927
DEC_C37059902,DEC,C37059902
DEC_C37694603,DEC,C37694603
DEC_C37773629,DEC,C37773629
DEC_C39016764,DEC,C39016764
DEC_C04126613,DEC,C04126613
DEC_C39584314,DEC,C39584314
DEC_C39956687,DEC,C39956687
DEC_C41176195,DEC,C41176195
DEC_C41531298,DEC,C41531298
DEC_C41614787,DEC,C41614787
DEC_C43403880,DEC,C43403880
DEC_C45654776,DEC,C45654776
DEC_C48342005,DEC,C48342005
DEC_C52712691,DEC,C52712691
DEC_C36635479,DEC,C36635479
DEC_C55324864,DEC,C55324864
DEC_C01332685,DEC,C01332685
DEC_C58354331,DEC,C58354331
DEC_C20246251,DEC,C20246251
DEC_C60371791,DEC,C60371791
DEC_C60455866,DEC,C60455866
DEC_C13570679,DEC,C13570679
DEC_C63878464,DEC,C63878464
DEC_C46598052,DEC,C46598052
DEC_C65331028,DEC,C65331028
DEC_C65439465,DEC,C65439465
DEC_C66433570,DEC,C66433570
DEC_C67502157,DEC,C67502157
DEC_C67535800,DEC,C67535800
DEC_C00175952,DEC,C00175952
DEC_C04132348,DEC,C04132348
DEC_C04320917,DEC,C04320917
DEC_C04479455,DEC,C04479455
DEC_C04547792,DEC,C04547792
DEC_C00335924,DEC,C00335924
DEC_C00177111,DEC,C00177111
DEC_C00307196,DEC,C00307196
DEC_C03544736,DEC,C03544736
DEC_C04948204,DEC,C04948204
DEC_C04966080,DEC,C04966080
DEC_C04966082,DEC,C04966082
DEC_C00438847,DEC,C00438847
DEC_C00444062,DEC,C00444062
DEC_C05226357,DEC,C05226357
DEC_C05294592,DEC,C05294592
DEC_C05174319,DEC,C05174319
DEC_C05356041,DEC,C05356041
DEC_C05745638,DEC,C05745638
DEC_C06357307,DEC,C06357307
DEC_C08054121,DEC,C08054121
DEC_C09615204,DEC,C09615204
DEC_C17023113,DEC,C17023113
DEC_C08741372,DEC,C08741372
DEC_C20468342,DEC,C20468342
DEC_C23125436,DEC,C23125436
DEC_C30845139,DEC,C30845139
DEC_C01504405,DEC,C01504405
DEC_C34755372,DEC,C34755372
DEC_C35622103,DEC,C35622103
DEC_C36012777,DEC,C36012777
DEC_C36811055,DEC,C36811055
DEC_C36922880,DEC,C36922880
DEC_C37008883,DEC,C37008883
DEC_C37196964,DEC,C37196964
DEC_C37424577,DEC,C37424577
DEC_C01824487,DEC,C01824487
DEC_C40103673,DEC,C40103673
DEC_C40424511,DEC,C40424511
DEC_C44903423,DEC,C44903423
DEC_C47320304,DEC,C47320304
DEC_C06719893,DEC,C06719893
DEC_C22899622,DEC,C22899622
DEC_C46784495,DEC,C46784495
DEC_C60455662,DEC,C60455662
DEC_C60455760,DEC,C60455760
DEC_C61537636,DEC,C61537636
DEC_C62219762,DEC,C62219762
DEC_C63957460,DEC,C63957460
DEC_C65137107,DEC,C65137107
DEC_C00425185,DEC,C00425185
DEC_C02135261,DEC,C02135261
DEC_C00313575,DEC,C00313575
DEC_C05902044,DEC,C05902044
DEC_C11847703,DEC,C11847703
DEC_C19393437,DEC,C19393437
DEC_C20002967,DEC,C20002967
DEC_C20275428,DEC,C20275428
DEC_C20296521,DEC,C20296521
DEC_C20296525,DEC,C20296525
DEC_C21117900,DEC,C21117900
DEC_C20553286,DEC,C20553286
DEC_C35101489,DEC,C35101489
DEC_C35328518,DEC,C35328518
DEC_C36743594,DEC,C36743594
DEC_C37549029,DEC,C37549029
DEC_C37759236,DEC,C37759236
DEC_C20366291,DEC,C20366291
DEC_C37912791,DEC,C37912791
DEC_C38051302,DEC,C38051302
DEC_C39954847,DEC,C39954847
DEC_C41486322,DEC,C41486322
DEC_C42477787,DEC,C42477787
DEC_C43460637,DEC,C43460637
DEC_C43464101,DEC,C43464101
DEC_C44551332,DEC,C44551332
DEC_C49007944,DEC,C49007944
DEC_C49316869,DEC,C49316869
DEC_C49350792,DEC,C49350792
DEC_C49549617,DEC,C49549617
DEC_C49964572,DEC,C49964572
DEC_C50563706,DEC,C50563706
DEC_C50563762,DEC,C50563762
DEC_C50830580,DEC,C50830580
DEC_C51996732,DEC,C51996732
DEC_C55187430,DEC,C55187430
DEC_C55369102,DEC,C55369102
DEC_C58100973,DEC,C58100973
DEC_C58157956,DEC,C58157956
DEC_C40365511,DEC,C40365511
DEC_C58377478,DEC,C58377478
DEC_C59035730,DEC,C59035730
DEC_C19428805,DEC,C19428805
DEC_C61691712,DEC,C61691712
DEC_C62011930,DEC,C62011930
DEC_C62564638,DEC,C62564638
DEC_C62610009,DEC,C62610009
DEC_C64316591,DEC,C64316591
DEC_C35259825,DEC,C35259825
DEC_C67369282,DEC,C67369282
DEC_C00284824,DEC,C00284824
DEC_C03652523,DEC,C03652523
DEC_C02765438,DEC,C02765438
DEC_C04111695,DEC,C04111695
DEC_C00107733,DEC,C00107733
DEC_C04520709,DEC,C04520709
DEC_C00196802,DEC,C00196802
DEC_C00196804,DEC,C00196804
DEC_C04840491,DEC,C04840491
DEC_C15938178,DEC,C15938178
DEC_C19776243,DEC,C19776243
DEC_C20276236,DEC,C20276236
DEC_C20276250,DEC,C20276250
DEC_C20276423,DEC,C20276423
DEC_C32803529,DEC,C32803529
DEC_C32952240,DEC,C32952240
DEC_C34936949,DEC,C34936949
DEC_C35908894,DEC,C35908894
DEC_C37082892,DEC,C37082892
DEC_C37401995,DEC,C37401995
DEC_C37671270,DEC,C37671270
DEC_C06829846,DEC,C06829846
DEC_C37928724,DEC,C37928724
DEC_C00466088,DEC,C00466088
DEC_C39215201,DEC,C39215201
DEC_C40089846,DEC,C40089846
DEC_C40346598,DEC,C40346598
DEC_C40346613,DEC,C40346613
DEC_C17963054,DEC,C17963054
DEC_C41068057,DEC,C41068057
DEC_C41068287,DEC,C41068287
DEC_C42192299,DEC,C42192299
DEC_C48482362,DEC,C48482362
DEC_C48488962,DEC,C48488962
DEC_C48765177,DEC,C48765177
DEC_C50208669,DEC,C50208669
DEC_C50396852,DEC,C50396852
DEC_C50396853,DEC,C50396853
DEC_C52005390,DEC,C52005390
DEC_C52095112,DEC,C52095112
DEC_C16273123,DEC,C16273123
DEC_C16273125,DEC,C16273125
DEC_C43668521,DEC,C43668521
DEC_C62236662,DEC,C62236662
DEC_C62363686,DEC,C62363686
DEC_C62496602,DEC,C62496602
DEC_C62497568,DEC,C62497568
DEC_C62497569,DEC,C62497569
DEC_C62952811,DEC,C62952811
DEC_C63339383,DEC,C63339383
DEC_C00241701,DEC,C00241701
DEC_C00413490,DEC,C00413490
DEC_C05272260,DEC,C05272260
DEC_C05305862,DEC,C05305862
DEC_C01609351,DEC,C01609351
DEC_C04245303,DEC,C04245303
DEC_C06697760,DEC,C06697760
DEC_C06818815,DEC,C06818815
DEC_C00569177,DEC,C00569177
DEC_C12697849,DEC,C12697849
DEC_C14545867,DEC,C14545867
DEC_C19435949,DEC,C19435949
DEC_C20339488,DEC,C20339488
DEC_C20706868,DEC,C20706868
DEC_C20749006,DEC,C20749006
DEC_C28465868,DEC,C28465868
DEC_C31335373,DEC,C31335373
DEC_C31862869,DEC,C31862869
DEC_C33796304,DEC,C33796304
DEC_C36055680,DEC,C36055680
DEC_C36367815,DEC,C36367815
DEC_C37052959,DEC,C37052959
DEC_C37077405,DEC,C37077405
DEC_C37291238,DEC,C37291238
DEC_C37351700,DEC,C37351700
DEC_C26919695,DEC,C26919695
DEC_C40291419,DEC,C40291419
DEC_C40317423,DEC,C40317423
DEC_C40816128,DEC,C40816128
DEC_C40838882,DEC,C40838882
DEC_C43560573,DEC,C43560573
DEC_C44265874,DEC,C44265874
DEC_C44269293,DEC,C44269293
DEC_C44978620,DEC,C44978620
DEC_C48416624,DEC,C48416624
DEC_C48434192,DEC,C48434192
DEC_C48795243,DEC,C48795243
DEC_C49978562,DEC,C49978562
DEC_C50014804,DEC,C50014804
DEC_C04125407,DEC,C04125407
DEC_C50830646,DEC,C50830646
DEC_C53713924,DEC,C53713924
DEC_C57420419,DEC,C57420419
DEC_C57898337,DEC,C57898337
DEC_C58406872,DEC,C58406872
DEC_C61053139,DEC,C61053139
DEC_C61672531,DEC,C61672531
DEC_C12559068,DEC,C12559068
DEC_C65564926,DEC,C65564926
DEC_C66394468,DEC,C66394468
DEC_C05348192,DEC,C05348192
DEC_C08306450,DEC,C08306450
DEC_C08767093,DEC,C08767093
DEC_C15276481,DEC,C15276481
DEC_C07061292,DEC,C07061292
DEC_C18016407,DEC,C18016407
DEC_C22033155,DEC,C22033155
DEC_C25362321,DEC,C25362321
DEC_C32200321,DEC,C32200321
DEC_C04289122,DEC,C04289122
DEC_C36277926,DEC,C36277926
DEC_C37022504,DEC,C37022504
DEC_C37758971,DEC,C37758971
DEC_C37791175,DEC,C37791175
DEC_C06321573,DEC,C06321573
DEC_C40732119,DEC,C40732119
DEC_C43861457,DEC,C43861457
DEC_C45070980,DEC,C45070980
DEC_C45070981,DEC,C45070981
DEC_C48849581,DEC,C48849581
DEC_C48856703,DEC,C48856703
DEC_C49182887,DEC,C49182887
DEC_C49410974,DEC,C49410974
DEC_C50212795,DEC,C50212795
DEC_C50698319,DEC,C50698319
DEC_C50698600,DEC,C50698600
DEC_C50701859,DEC,C50701859
DEC_C50706151,DEC,C50706151
DEC_C50707364,DEC,C50707364
DEC_C50710227,DEC,C50710227
DEC_C50710795,DEC,C50710795
DEC_C51168254,DEC,C51168254
DEC_C03664989,DEC,C03664989
DEC_C52345033,DEC,C52345033
DEC_C52841504,DEC,C52841504
DEC_C53006072,DEC,C53006072
DEC_C54381807,DEC,C54381807
DEC_C54414703,DEC,C54414703
DEC_C54451692,DEC,C54451692
DEC_C56077615,DEC,C56077615
DEC_C19847868,DEC,C19847868
DEC_C06997391,DEC,C06997391
DEC_C07812942,DEC,C07812942
DEC_C62777865,DEC,C62777865
DEC_C58247966,DEC,C58247966
DEC_C65501056,DEC,C65501056
DEC_C66135953,DEC,C66135953
DEC_C66135954,DEC,C66135954
DEC_C66598450,DEC,C66598450
DEC_C66740144,DEC,C66740144
DEC_C04086344,DEC,C04086344
DEC_C00706396,DEC,C00706396
DEC_C05456807,DEC,C05456807
DEC_C06085124,DEC,C06085124
DEC_C03593212,DEC,C03593212
DEC_C08546885,DEC,C08546885
DEC_C08710508,DEC,C08710508
DEC_C09157453,DEC,C09157453
DEC_C10098341,DEC,C10098341
DEC_C10932867,DEC,C10932867
DEC_C14655137,DEC,C14655137
DEC_C15236050,DEC,C15236050
DEC_C17458053,DEC,C17458053
DEC_C17913912,DEC,C17913912
DEC_C19462080,DEC,C19462080
DEC_C19818975,DEC,C19818975
DEC_C19821395,DEC,C19821395
DEC_C22977542,DEC,C22977542
DEC_C23761805,DEC,C23761805
DEC_C31256246,DEC,C31256246
DEC_C19129181,DEC,C19129181
DEC_C03326096,DEC,C03326096
DEC_C13124771,DEC,C13124771
DEC_C36895221,DEC,C36895221
DEC_C40081777,DEC,C40081777
DEC_C40144203,DEC,C40144203
DEC_C40814063,DEC,C40814063
DEC_C04546263,DEC,C04546263
DEC_C05095411,DEC,C05095411
DEC_C54036974,DEC,C54036974
DEC_C54163785,DEC,C54163785
DEC_C54343600,DEC,C54343600
DEC_C55314549,DEC,C55314549
DEC_C56718249,DEC,C56718249
DEC_C58096232,DEC,C58096232
DEC_C60093746,DEC,C60093746
DEC_C31994685,DEC,C31994685
DEC_C13571198,DEC,C13571198
DEC_C64939095,DEC,C64939095
DEC_C65144319,DEC,C65144319
DEC_C16349645,DEC,C16349645
DEC_C66524708,DEC,C66524708
DEC_C66556171,DEC,C66556171
DEC_C66635502,DEC,C66635502
DEC_C66857948,DEC,C66857948
DEC_C67063490,DEC,C67063490
DEC_C67147706,DEC,C67147706
DEC_C67163339,DEC,C67163339
DEC_C67179921,DEC,C67179921
DEC_C67283574,DEC,C67283574
DEC_C03452755,DEC,C03452755
DEC_C08724845,DEC,C08724845
DEC_C09126178,DEC,C09126178
DEC_C09518768,DEC,C09518768
DEC_C09547196,DEC,C09547196
DEC_C10244508,DEC,C10244508
DEC_C11452759,DEC,C11452759
DEC_C12425130,DEC,C12425130
DEC_C12572688,DEC,C12572688
DEC_C12786875,DEC,C12786875
DEC_C12869704,DEC,C12869704
DEC_C12923384,DEC,C12923384
DEC_C13063092,DEC,C13063092
DEC_C13147559,DEC,C13147559
DEC_C09468888,DEC,C09468888
DEC_C09716293,DEC,C09716293
DEC_C13532844,DEC,C13532844
DEC_C14510685,DEC,C14510685
DEC_C14655116,DEC,C14655116
DEC_C17114557,DEC,C17114557
DEC_C17115406,DEC,C17115406
DEC_C19355754,DEC,C19355754
DEC_C19357286,DEC,C19357286
DEC_C20911871,DEC,C20911871
DEC_C21084379,DEC,C21084379
DEC_C21755498,DEC,C21755498
DEC_C21944649,DEC,C21944649
DEC_C22691800,DEC,C22691800
DEC_C23061314,DEC,C23061314
DEC_C23552438,DEC,C23552438
DEC_C23560060,DEC,C23560060
DEC_C24022549,DEC,C24022549
DEC_C24719804,DEC,C24719804
DEC_C25376580,DEC,C25376580
DEC_C29406041,DEC,C29406041
DEC_C32909163,DEC,C32909163
DEC_C36390216,DEC,C36390216
DEC_C24749465,DEC,C24749465
DEC_C38576609,DEC,C38576609
DEC_C39361899,DEC,C39361899
DEC_C10708192,DEC,C10708192
DEC_C40382786,DEC,C40382786
DEC_C24294714,DEC,C24294714
DEC_C45776097,DEC,C45776097
DEC_C46680614,DEC,C46680614
DEC_C20220533,DEC,C20220533
DEC_C12541354,DEC,C12541354
DEC_C20153151,DEC,C20153151
DEC_C63376089,DEC,C63376089
DEC_C38598552,DEC,C38598552
DEC_C08621753,DEC,C08621753
DEC_C08879923,DEC,C08879923
DEC_C09223432,DEC,C09223432
DEC_C09376293,DEC,C09376293
DEC_C09646939,DEC,C09646939
DEC_C10933684,DEC,C10933684
DEC_C11375027,DEC,C11375027
DEC_C11538296,DEC,C11538296
DEC_C11896563,DEC,C11896563
DEC_C12502265,DEC,C12502265
DEC_C12531924,DEC,C12531924
DEC_C12768916,DEC,C12768916
DEC_C12779351,DEC,C12779351
DEC_C12820279,DEC,C12820279
DEC_C12859069,DEC,C12859069
DEC_C13030394,DEC,C13030394
DEC_C06135007,DEC,C06135007
DEC_C13071112,DEC,C13071112
DEC_C14625587,DEC,C14625587
DEC_C15342175,DEC,C15342175
DEC_C16544049,DEC,C16544049
DEC_C17880320,DEC,C17880320
DEC_C16957696,DEC,C16957696
DEC_C19357284,DEC,C19357284
DEC_C20895095,DEC,C20895095
DEC_C21139131,DEC,C21139131
DEC_C21946170,DEC,C21946170
DEC_C22406557,DEC,C22406557
DEC_C24641772,DEC,C24641772
DEC_C25629285,DEC,C25629285
DEC_C32186336,DEC,C32186336
DEC_C35982610,DEC,C35982610
DEC_C36757963,DEC,C36757963
DEC_C15323905,DEC,C15323905
DEC_C32994480,DEC,C32994480
DEC_C09815025,DEC,C09815025
DEC_C12856235,DEC,C12856235
DEC_C12945956,DEC,C12945956
DEC_C03428015,DEC,C03428015
DEC_C38517100,DEC,C38517100
DEC_C38576607,DEC,C38576607
DEC_C39362378,DEC,C39362378
DEC_C39662737,DEC,C39662737
DEC_C39663577,DEC,C39663577
DEC_C39711647,DEC,C39711647
DEC_C33624941,DEC,C33624941
DEC_C15954336,DEC,C15954336
DEC_C59599441,DEC,C59599441
DEC_C59844370,DEC,C59844370
DEC_C64337901,DEC,C64337901
DEC_C02565213,DEC,C02565213
DEC_C03665931,DEC,C03665931
DEC_C01430854,DEC,C01430854
DEC_C05482444,DEC,C05482444
DEC_C00999954,DEC,C00999954
DEC_C06667965,DEC,C06667965
DEC_C08140614,DEC,C08140614
DEC_C08778225,DEC,C08778225
DEC_C13361311,DEC,C13361311
DEC_C23972258,DEC,C23972258
DEC_C33234568,DEC,C33234568
DEC_C00800601,DEC,C00800601
DEC_C37866617,DEC,C37866617
DEC_C40716466,DEC,C40716466
DEC_C42866971,DEC,C42866971
DEC_C44547675,DEC,C44547675
DEC_C49520307,DEC,C49520307
DEC_C50208868,DEC,C50208868
DEC_C56710333,DEC,C56710333
DEC_C58245563,DEC,C58245563
DEC_C29336458,DEC,C29336458
DEC_C29336470,DEC,C29336470
DEC_C13921771,DEC,C13921771
DEC_C60375997,DEC,C60375997
DEC_C63162308,DEC,C63162308
DEC_C63394142,DEC,C63394142
DEC_C64561753,DEC,C64561753
DEC_C65179177,DEC,C65179177
DEC_C65507148,DEC,C65507148
DEC_C66135896,DEC,C66135896
DEC_C66135897,DEC,C66135897
DEC_C66160283,DEC,C66160283
DEC_C66160286,DEC,C66160286
DEC_C66235440,DEC,C66235440
DEC_C66717039,DEC,C66717039
DEC_C66782187,DEC,C66782187
DEC_C67055553,DEC,C67055553
DEC_C67080788,DEC,C67080788
DEC_C67080791,DEC,C67080791
DEC_C67277129,DEC,C67277129
DEC_C67282900,DEC,C67282900
DEC_C67318482,DEC,C67318482
DEC_C67381400,DEC,C67381400
DEC_C67381401,DEC,C67381401
DEC_C67561571,DEC,C67561571
DEC_C67561575,DEC,C67561575
DEC_C67563595,DEC,C67563595
DEC_C67565746,DEC,C67565746
DEC_C67565896,DEC,C67565896
DEC_C67565899,DEC,C67565899
DEC_C02502644,DEC,C02502644
DEC_C06496397,DEC,C06496397
DEC_C12316676,DEC,C12316676
DEC_C12893751,DEC,C12893751
DEC_C05525846,DEC,C05525846
DEC_C23281211,DEC,C23281211
DEC_C23281215,DEC,C23281215
DEC_C01352996,DEC,C01352996
DEC_C05480169,DEC,C05480169
DEC_C06607378,DEC,C06607378
DEC_C38685469,DEC,C38685469
DEC_C47007441,DEC,C47007441
DEC_C47084365,DEC,C47084365
DEC_C47872079,DEC,C47872079
DEC_C48360987,DEC,C48360987
DEC_C50553672,DEC,C50553672
DEC_C13736667,DEC,C13736667
DEC_C53264043,DEC,C53264043
DEC_C53281206,DEC,C53281206
DEC_C39029535,DEC,C39029535
DEC_C54095025,DEC,C54095025
DEC_C54109426,DEC,C54109426
DEC_C54286471,DEC,C54286471
DEC_C56083263,DEC,C56083263
DEC_C57862756,DEC,C57862756
DEC_C58226517,DEC,C58226517
DEC_C28912688,DEC,C28912688
DEC_C23699584,DEC,C23699584
DEC_C06507382,DEC,C06507382
DEC_C56852914,DEC,C56852914
DEC_C60940544,DEC,C60940544
DEC_C63265308,DEC,C63265308
DEC_C63513579,DEC,C63513579
DEC_C64900235,DEC,C64900235
DEC_C65189453,DEC,C65189453
DEC_C65410362,DEC,C65410362
DEC_C65507414,DEC,C65507414
DEC_C55475912,DEC,C55475912
DEC_C66160273,DEC,C66160273
DEC_C66161286,DEC,C66161286
DEC_C66682422,DEC,C66682422
DEC_C66718470,DEC,C66718470
DEC_C66740482,DEC,C66740482
DEC_C66775997,DEC,C66775997
DEC_C67081803,DEC,C67081803
DEC_C67089909,DEC,C67089909
DEC_C67252026,DEC,C67252026
DEC_C67252282,DEC,C67252282
DEC_C67306325,DEC,C67306325
DEC_C67564540,DEC,C67564540
DEC_C04313810,DEC,C04313810
DEC_C06062851,DEC,C06062851
DEC_C11520622,DEC,C11520622
DEC_C12651753,DEC,C12651753
DEC_C14598853,DEC,C14598853
DEC_C19953872,DEC,C19953872
DEC_C20032739,DEC,C20032739
DEC_C20339323,DEC,C20339323
DEC_C36128291,DEC,C36128291
DEC_C36128336,DEC,C36128336
DEC_C36743333,DEC,C36743333
DEC_C36743344,DEC,C36743344
DEC_C39711977,DEC,C39711977
DEC_C40346818,DEC,C40346818
DEC_C40346856,DEC,C40346856
DEC_C40480272,DEC,C40480272
DEC_C40480274,DEC,C40480274
DEC_C40569249,DEC,C40569249
DEC_C42459541,DEC,C42459541
DEC_C43232006,DEC,C43232006
DEC_C44458820,DEC,C44458820
DEC_C49275357,DEC,C49275357
DEC_C49275413,DEC,C49275413
DEC_C49351726,DEC,C49351726
DEC_C49351886,DEC,C49351886
DEC_C49411259,DEC,C49411259
DEC_C49504588,DEC,C49504588
DEC_C50265721,DEC,C50265721
DEC_C50396643,DEC,C50396643
DEC_C50583707,DEC,C50583707
DEC_C50671557,DEC,C50671557
DEC_C50709844,DEC,C50709844
DEC_C51148142,DEC,C51148142
DEC_C53071395,DEC,C53071395
DEC_C57849780,DEC,C57849780
DEC_C59363612,DEC,C59363612
DEC_C47163264,DEC,C47163264
DEC_C62222426,DEC,C62222426
DEC_C62320242,DEC,C62320242
DEC_C62828501,DEC,C62828501
DEC_C63603801,DEC,C63603801
DEC_C58406454,DEC,C58406454
DEC_C64695383,DEC,C64695383
DEC_C51722795,DEC,C51722795
DEC_C66161819,DEC,C66161819
DEC_C66222468,DEC,C66222468
DEC_C66222543,DEC,C66222543
DEC_C66615365,DEC,C66615365
DEC_C67080823,DEC,C67080823
DEC_C67236610,DEC,C67236610
DEC_C04624007,DEC,C04624007
DEC_C19685637,DEC,C19685637
DEC_C22635938,DEC,C22635938
DEC_C32066617,DEC,C32066617
DEC_C33502530,DEC,C33502530
DEC_C33503263,DEC,C33503263
DEC_C33512705,DEC,C33512705
DEC_C36195362,DEC,C36195362
DEC_C37580470,DEC,C37580470
DEC_C37581318,DEC,C37581318
DEC_C37581642,DEC,C37581642
DEC_C37581854,DEC,C37581854
DEC_C37681933,DEC,C37681933
DEC_C37683198,DEC,C37683198
DEC_C37929117,DEC,C37929117
DEC_C39443738,DEC,C39443738
DEC_C39916056,DEC,C39916056
DEC_C43226585,DEC,C43226585
DEC_C43592243,DEC,C43592243
DEC_C44258251,DEC,C44258251
DEC_C44327952,DEC,C44327952
DEC_C44534051,DEC,C44534051
DEC_C44762952,DEC,C44762952
DEC_C44782802,DEC,C44782802
DEC_C44883009,DEC,C44883009
DEC_C45437552,DEC,C45437552
DEC_C45623177,DEC,C45623177
DEC_C49147357,DEC,C49147357
DEC_C49147359,DEC,C49147359
DEC_C49226711,DEC,C49226711
DEC_C49500745,DEC,C49500745
DEC_C49563270,DEC,C49563270
DEC_C49587547,DEC,C49587547
DEC_C49691828,DEC,C49691828
DEC_C50252059,DEC,C50252059
DEC_C50252071,DEC,C50252071
DEC_C50351642,DEC,C50351642
DEC_C51036119,DEC,C51036119
DEC_C51036276,DEC,C51036276
DEC_C57004989,DEC,C57004989
DEC_C57841025,DEC,C57841025
DEC_C58020581,DEC,C58020581
DEC_C58020709,DEC,C58020709
DEC_C61606847,DEC,C61606847
DEC_C13130331,DEC,C13130331
DEC_C62080006,DEC,C62080006
DEC_C62199410,DEC,C62199410
DEC_C63195478,DEC,C63195478
DEC_C63213619,DEC,C63213619
DEC_C67472802,DEC,C67472802
DEC_C01903143,DEC,C01903143
DEC_C05956854,DEC,C05956854
DEC_C03240785,DEC,C03240785
DEC_C02882361,DEC,C02882361
DEC_C03022616,DEC,C03022616
DEC_C04469749,DEC,C04469749
DEC_C08780897,DEC,C08780897
DEC_C09414297,DEC,C09414297
DEC_C12361975,DEC,C12361975
DEC_C12413802,DEC,C12413802
DEC_C12724770,DEC,C12724770
DEC_C12904947,DEC,C12904947
DEC_C04823328,DEC,C04823328
DEC_C16655336,DEC,C16655336
DEC_C20467279,DEC,C20467279
DEC_C24140376,DEC,C24140376
DEC_C26786682,DEC,C26786682
DEC_C34785201,DEC,C34785201
DEC_C35099356,DEC,C35099356
DEC_C22355946,DEC,C22355946
DEC_C09050478,DEC,C09050478
DEC_C34896962,DEC,C34896962
DEC_C38751917,DEC,C38751917
DEC_C38789700,DEC,C38789700
DEC_C39147147,DEC,C39147147
DEC_C39915896,DEC,C39915896
DEC_C39915972,DEC,C39915972
DEC_C39969613,DEC,C39969613
DEC_C43732414,DEC,C43732414
DEC_C46773295,DEC,C46773295
DEC_C20610965,DEC,C20610965
DEC_C15959598,DEC,C15959598
DEC_C16009836,DEC,C16009836
DEC_C16009835,DEC,C16009835
DEC_C16009838,DEC,C16009838
DEC_C16034082,DEC,C16034082
DEC_C16034080,DEC,C16034080
DEC_C16022056,DEC,C16022056
DEC_C16022134,DEC,C16022134
DEC_C16024696,DEC,C16024696
DEC_C16024698,DEC,C16024698
DEC_C08854871,DEC,C08854871
DEC_C08410134,DEC,C08410134
DEC_C58948575,DEC,C58948575
DEC_C58982502,DEC,C58982502
DEC_C58982510,DEC,C58982510
DEC_C15959874,DEC,C15959874
DEC_C18046579,DEC,C18046579
DEC_C65740795,DEC,C65740795
DEC_C35851729,DEC,C35851729
DEC_C00283407,DEC,C00283407
DEC_C04024375,DEC,C04024375
DEC_C02146257,DEC,C02146257
DEC_C04476308,DEC,C04476308
DEC_C03946756,DEC,C03946756
DEC_C05437349,DEC,C05437349
DEC_C08710076,DEC,C08710076
DEC_C15085505,DEC,C15085505
DEC_C18200488,DEC,C18200488
DEC_C05408397,DEC,C05408397
DEC_C20731413,DEC,C20731413
DEC_C21050720,DEC,C21050720
DEC_C26492891,DEC,C26492891
DEC_C31735620,DEC,C31735620
DEC_C09009096,DEC,C09009096
DEC_C39315565,DEC,C39315565
DEC_C39468792,DEC,C39468792
DEC_C39590227,DEC,C39590227
DEC_C39942936,DEC,C39942936
DEC_C40463428,DEC,C40463428
DEC_C41168798,DEC,C41168798
DEC_C43165707,DEC,C43165707
DEC_C44227153,DEC,C44227153
DEC_C44926731,DEC,C44926731
DEC_C46816439,DEC,C46816439
DEC_C46961198,DEC,C46961198
DEC_C46961202,DEC,C46961202
DEC_C05453505,DEC,C05453505
DEC_C06785685,DEC,C06785685
DEC_C50656549,DEC,C50656549
DEC_C16010372,DEC,C16010372
DEC_C16021937,DEC,C16021937
DEC_C56017474,DEC,C56017474
DEC_C56017475,DEC,C56017475
DEC_C56100421,DEC,C56100421
DEC_C07719524,DEC,C07719524
DEC_C19339151,DEC,C19339151
DEC_C00949123,DEC,C00949123
DEC_C62208276,DEC,C62208276
DEC_C63161683,DEC,C63161683
DEC_C05442296,DEC,C05442296
DEC_C05130058,DEC,C05130058
DEC_C63372808,DEC,C63372808
DEC_C64423022,DEC,C64423022
DEC_C65238063,DEC,C65238063
DEC_C46871878,DEC,C46871878
DEC_C65457021,DEC,C65457021
DEC_C65470717,DEC,C65470717
DEC_C66241462,DEC,C66241462
DEC_C67000637,DEC,C67000637
DEC_C03999319,DEC,C03999319
DEC_C01559620,DEC,C01559620
DEC_C04043081,DEC,C04043081
DEC_C04607772,DEC,C04607772
DEC_C01044267,DEC,C01044267
DEC_C05541651,DEC,C05541651
DEC_C05760748,DEC,C05760748
DEC_C06095031,DEC,C06095031
DEC_C06623689,DEC,C06623689
DEC_C12378548,DEC,C12378548
DEC_C05389757,DEC,C05389757
DEC_C13724829,DEC,C13724829
DEC_C15206347,DEC,C15206347
DEC_C00622182,DEC,C00622182
DEC_C20337710,DEC,C20337710
DEC_C20337786,DEC,C20337786
DEC_C20337822,DEC,C20337822
DEC_C08994291,DEC,C08994291
DEC_C27990641,DEC,C27990641
DEC_C17142919,DEC,C17142919
DEC_C35052871,DEC,C35052871
DEC_C36201649,DEC,C36201649
DEC_C36330845,DEC,C36330845
DEC_C36332394,DEC,C36332394
DEC_C37053118,DEC,C37053118
DEC_C37579641,DEC,C37579641
DEC_C39590283,DEC,C39590283
DEC_C39590284,DEC,C39590284
DEC_C39886306,DEC,C39886306
DEC_C40329222,DEC,C40329222
DEC_C41068524,DEC,C41068524
DEC_C42028919,DEC,C42028919
DEC_C42195090,DEC,C42195090
DEC_C33916507,DEC,C33916507
DEC_C33916508,DEC,C33916508
DEC_C44060927,DEC,C44060927
DEC_C44168268,DEC,C44168268
DEC_C44169956,DEC,C44169956
DEC_C44932446,DEC,C44932446
DEC_C44934380,DEC,C44934380
DEC_C44934402,DEC,C44934402
DEC_C45113753,DEC,C45113753
DEC_C48582910,DEC,C48582910
DEC_C48668294,DEC,C48668294
DEC_C51118767,DEC,C51118767
DEC_C58474757,DEC,C58474757
DEC_C63772489,DEC,C63772489
DEC_C66961271,DEC,C66961271
DEC_C66961275,DEC,C66961275
DEC_C67268322,DEC,C67268322
DEC_C02891855,DEC,C02891855
DEC_C04417976,DEC,C04417976
DEC_C05022872,DEC,C05022872
DEC_C05323744,DEC,C05323744
DEC_C07252619,DEC,C07252619
DEC_C09047788,DEC,C09047788
DEC_C12792759,DEC,C12792759
DEC_C15277569,DEC,C15277569
DEC_C19079786,DEC,C19079786
DEC_C19079790,DEC,C19079790
DEC_C21705541,DEC,C21705541
DEC_C25042644,DEC,C25042644
DEC_C28240576,DEC,C28240576
DEC_C33436924,DEC,C33436924
DEC_C04149595,DEC,C04149595
DEC_C37556308,DEC,C37556308
DEC_C39214564,DEC,C39214564
DEC_C39715181,DEC,C39715181
DEC_C41074460,DEC,C41074460
DEC_C42960554,DEC,C42960554
DEC_C48006297,DEC,C48006297
DEC_C49947120,DEC,C49947120
DEC_C40554253,DEC,C40554253
DEC_C50416853,DEC,C50416853
DEC_C50639235,DEC,C50639235
DEC_C50672499,DEC,C50672499
DEC_C50672881,DEC,C50672881
DEC_C50846688,DEC,C50846688
DEC_C51131290,DEC,C51131290
DEC_C51156531,DEC,C51156531
DEC_C16805095,DEC,C16805095
DEC_C55187829,DEC,C55187829
DEC_C56818728,DEC,C56818728
DEC_C58399974,DEC,C58399974
DEC_C50038658,DEC,C50038658
DEC_C05466738,DEC,C05466738
DEC_C13165367,DEC,C13165367
DEC_C63289569,DEC,C63289569
DEC_C63862844,DEC,C63862844
DEC_C64603445,DEC,C64603445
DEC_C64900550,DEC,C64900550
DEC_C65051296,DEC,C65051296
DEC_C65373518,DEC,C65373518
DEC_C66175953,DEC,C66175953
DEC_C67271821,DEC,C67271821
DEC_C67352878,DEC,C67352878
DEC_C67490914,DEC,C67490914
DEC_C67572213,DEC,C67572213
DEC_C67608227,DEC,C67608227
DEC_C67646242,DEC,C67646242
DEC_C03898650,DEC,C03898650
DEC_C03999711,DEC,C03999711
DEC_C04043193,DEC,C04043193
DEC_C04342943,DEC,C04342943
DEC_C04618417,DEC,C04618417
DEC_C05208112,DEC,C05208112
DEC_C03764203,DEC,C03764203
DEC_C05496482,DEC,C05496482
DEC_C05760741,DEC,C05760741
DEC_C00488469,DEC,C00488469
DEC_C11580937,DEC,C11580937
DEC_C13382195,DEC,C13382195
DEC_C13549194,DEC,C13549194
DEC_C15657736,DEC,C15657736
DEC_C16958780,DEC,C16958780
DEC_C20573601,DEC,C20573601
DEC_C24507118,DEC,C24507118
DEC_C31745579,DEC,C31745579
DEC_C32603120,DEC,C32603120
DEC_C33737312,DEC,C33737312
DEC_C33938237,DEC,C33938237
DEC_C36320080,DEC,C36320080
DEC_C37486791,DEC,C37486791
DEC_C37840732,DEC,C37840732
DEC_C37841914,DEC,C37841914
DEC_C04098340,DEC,C04098340
DEC_C03898630,DEC,C03898630
DEC_C38748324,DEC,C38748324
DEC_C39610979,DEC,C39610979
DEC_C39610980,DEC,C39610980
DEC_C40348076,DEC,C40348076
DEC_C40862268,DEC,C40862268
DEC_C43163804,DEC,C43163804
DEC_C43764179,DEC,C43764179
DEC_C44166773,DEC,C44166773
DEC_C44168714,DEC,C44168714
DEC_C44171477,DEC,C44171477
DEC_C44934408,DEC,C44934408
DEC_C50351753,DEC,C50351753
DEC_C50351765,DEC,C50351765
DEC_C50421087,DEC,C50421087
DEC_C50604384,DEC,C50604384
DEC_C51106659,DEC,C51106659
DEC_C53773488,DEC,C53773488
DEC_C54156163,DEC,C54156163
DEC_C59092474,DEC,C59092474
DEC_C64428214,DEC,C64428214
DEC_C65734329,DEC,C65734329
DEC_C65734332,DEC,C65734332
DEC_C66899225,DEC,C66899225
DEC_C05059162,DEC,C05059162
DEC_C07505926,DEC,C07505926
DEC_C08848444,DEC,C08848444
DEC_C09465083,DEC,C09465083
DEC_C09551818,DEC,C09551818
DEC_C05198502,DEC,C05198502
DEC_C13941936,DEC,C13941936
DEC_C13985463,DEC,C13985463
DEC_C04565005,DEC,C04565005
DEC_C20877799,DEC,C20877799
DEC_C25589079,DEC,C25589079
DEC_C27988584,DEC,C27988584
DEC_C28807115,DEC,C28807115
DEC_C31823604,DEC,C31823604
DEC_C35066397,DEC,C35066397
DEC_C16685298,DEC,C16685298
DEC_C36034646,DEC,C36034646
DEC_C36574194,DEC,C36574194
DEC_C36589426,DEC,C36589426
DEC_C00897222,DEC,C00897222
DEC_C15935171,DEC,C15935171
DEC_C00930563,DEC,C00930563
DEC_C38748333,DEC,C38748333
DEC_C39536056,DEC,C39536056
DEC_C39856083,DEC,C39856083
DEC_C40736460,DEC,C40736460
DEC_C56608836,DEC,C56608836
DEC_C56769255,DEC,C56769255
DEC_C56917054,DEC,C56917054
DEC_C19096728,DEC,C19096728
DEC_C58090159,DEC,C58090159
DEC_C48193060,DEC,C48193060
DEC_C53519709,DEC,C53519709
DEC_C61523330,DEC,C61523330
DEC_C61636262,DEC,C61636262
DEC_C63640868,DEC,C63640868
DEC_C63678203,DEC,C63678203
DEC_C64241749,DEC,C64241749
DEC_C64311152,DEC,C64311152
DEC_C65181720,DEC,C65181720
DEC_C65623101,DEC,C65623101
DEC_C65623759,DEC,C65623759
DEC_C65839639,DEC,C65839639
DEC_C66118829,DEC,C66118829
DEC_C57434100,DEC,C57434100
DEC_C66925791,DEC,C66925791
DEC_C67102185,DEC,C67102185
DEC_C67352819,DEC,C67352819
DEC_C67468482,DEC,C67468482
DEC_C67624088,DEC,C67624088
DEC_C02642270,DEC,C02642270
DEC_C00944922,DEC,C00944922
DEC_C04098465,DEC,C04098465
DEC_C00814251,DEC,C00814251
DEC_C00641187,DEC,C00641187
DEC_C01119244,DEC,C01119244
DEC_C05068793,DEC,C05068793
DEC_C06421800,DEC,C06421800
DEC_C05689460,DEC,C05689460
DEC_C06825719,DEC,C06825719
DEC_C07974479,DEC,C07974479
DEC_C12731688,DEC,C12731688
DEC_C06711607,DEC,C06711607
DEC_C14563945,DEC,C14563945
DEC_C14833974,DEC,C14833974
DEC_C21233582,DEC,C21233582
DEC_C21233586,DEC,C21233586
DEC_C22516316,DEC,C22516316
DEC_C23129731,DEC,C23129731
DEC_C23590864,DEC,C23590864
DEC_C24583795,DEC,C24583795
DEC_C25589226,DEC,C25589226
DEC_C27070983,DEC,C27070983
DEC_C28286712,DEC,C28286712
DEC_C29900360,DEC,C29900360
DEC_C31170058,DEC,C31170058
DEC_C31170061,DEC,C31170061
DEC_C32936980,DEC,C32936980
DEC_C38688872,DEC,C38688872
DEC_C39323687,DEC,C39323687
DEC_C39323689,DEC,C39323689
DEC_C39326170,DEC,C39326170
DEC_C39529908,DEC,C39529908
DEC_C40681492,DEC,C40681492
DEC_C40683186,DEC,C40683186
DEC_C40702173,DEC,C40702173
DEC_C40755596,DEC,C40755596
DEC_C40777795,DEC,C40777795
DEC_C52840909,DEC,C52840909
DEC_C01175688,DEC,C01175688
DEC_C56636421,DEC,C56636421
DEC_C56649142,DEC,C56649142
DEC_C58069438,DEC,C58069438
DEC_C30112937,DEC,C30112937
DEC_C20152230,DEC,C20152230
DEC_C15028098,DEC,C15028098
DEC_C60102792,DEC,C60102792
DEC_C41326616,DEC,C41326616
DEC_C67252952,DEC,C67252952
DEC_C67396090,DEC,C67396090
DEC_C00421479,DEC,C00421479
DEC_C00856132,DEC,C00856132
DEC_C00041316,DEC,C00041316
DEC_C04551067,DEC,C04551067
DEC_C04185487,DEC,C04185487
DEC_C02126594,DEC,C02126594
DEC_C06793327,DEC,C06793327
DEC_C06793336,DEC,C06793336
DEC_C02564247,DEC,C02564247
DEC_C20410731,DEC,C20410731
DEC_C31158144,DEC,C31158144
DEC_C31158154,DEC,C31158154
DEC_C31166934,DEC,C31166934
DEC_C35183061,DEC,C35183061
DEC_C36378013,DEC,C36378013
DEC_C37556297,DEC,C37556297
DEC_C35455843,DEC,C35455843
DEC_C35455839,DEC,C35455839
DEC_C37987137,DEC,C37987137
DEC_C37999197,DEC,C37999197
DEC_C38599760,DEC,C38599760
DEC_C39359019,DEC,C39359019
DEC_C39468803,DEC,C39468803
DEC_C39590270,DEC,C39590270
DEC_C40334247,DEC,C40334247
DEC_C40334254,DEC,C40334254
DEC_C40377121,DEC,C40377121
DEC_C40497909,DEC,C40497909
DEC_C42524617,DEC,C42524617
DEC_C45530480,DEC,C45530480
DEC_C48839799,DEC,C48839799
DEC_C50039009,DEC,C50039009
DEC_C50389853,DEC,C50389853
DEC_C51667775,DEC,C51667775
DEC_C54156080,DEC,C54156080
DEC_C18201100,DEC,C18201100
DEC_C58950008,DEC,C58950008
DEC_C59373316,DEC,C59373316
DEC_C55879638,DEC,C55879638
DEC_C60582423,DEC,C60582423
DEC_C61632637,DEC,C61632637
DEC_C61881441,DEC,C61881441
DEC_C61881866,DEC,C61881866
DEC_C63386367,DEC,C63386367
DEC_C04587533,DEC,C04587533
DEC_C66403003,DEC,C66403003
DEC_C67106408,DEC,C67106408
DEC_C67240171,DEC,C67240171
DEC_C67240835,DEC,C67240835
DEC_C67387778,DEC,C67387778
DEC_C02899005,DEC,C02899005
DEC_C06460136,DEC,C06460136
DEC_C02881920,DEC,C02881920
DEC_C08297068,DEC,C08297068
DEC_C08299908,DEC,C08299908
DEC_C08783346,DEC,C08783346
DEC_C08934141,DEC,C08934141
DEC_C09262065,DEC,C09262065
DEC_C11592780,DEC,C11592780
DEC_C11865546,DEC,C11865546
DEC_C13051393,DEC,C13051393
DEC_C13051980,DEC,C13051980
DEC_C13211883,DEC,C13211883
DEC_C13239869,DEC,C13239869
DEC_C13247785,DEC,C13247785
DEC_C13251362,DEC,C13251362
DEC_C13346771,DEC,C13346771
DEC_C13367676,DEC,C13367676
DEC_C13445293,DEC,C13445293
DEC_C08996049,DEC,C08996049
DEC_C16688174,DEC,C16688174
DEC_C20170782,DEC,C20170782
DEC_C20757943,DEC,C20757943
DEC_C24277936,DEC,C24277936
DEC_C24602181,DEC,C24602181
DEC_C00729255,DEC,C00729255
DEC_C03778636,DEC,C03778636
DEC_C38653534,DEC,C38653534
DEC_C39350893,DEC,C39350893
DEC_C18216047,DEC,C18216047
DEC_C39861931,DEC,C39861931
DEC_C39861943,DEC,C39861943
DEC_C39961166,DEC,C39961166
DEC_C40028360,DEC,C40028360
DEC_C40095457,DEC,C40095457
DEC_C40103057,DEC,C40103057
DEC_C43209345,DEC,C43209345
DEC_C43743417,DEC,C43743417
DEC_C44670752,DEC,C44670752
DEC_C15958410,DEC,C15958410
DEC_C16009979,DEC,C16009979
DEC_C16009981,DEC,C16009981
DEC_C16010340,DEC,C16010340
DEC_C03230286,DEC,C03230286
DEC_C12997076,DEC,C12997076
DEC_C58725182,DEC,C58725182
DEC_C58889159,DEC,C58889159
DEC_C15226510,DEC,C15226510
DEC_C16032980,DEC,C16032980
DEC_C02216000,DEC,C02216000
DEC_C04236682,DEC,C04236682
DEC_C00958547,DEC,C00958547
DEC_C08925984,DEC,C08925984
DEC_C09282846,DEC,C09282846
DEC_C09440083,DEC,C09440083
DEC_C09467390,DEC,C09467390
DEC_C09596379,DEC,C09596379
DEC_C02652982,DEC,C02652982
DEC_C02616723,DEC,C02616723
DEC_C10243555,DEC,C10243555
DEC_C12225229,DEC,C12225229
DEC_C12606937,DEC,C12606937
DEC_C14753599,DEC,C14753599
DEC_C15619322,DEC,C15619322
DEC_C17663666,DEC,C17663666
DEC_C18252330,DEC,C18252330
DEC_C19010423,DEC,C19010423
DEC_C20214382,DEC,C20214382
DEC_C20832467,DEC,C20832467
DEC_C21078737,DEC,C21078737
DEC_C22019503,DEC,C22019503
DEC_C22019505,DEC,C22019505
DEC_C22110176,DEC,C22110176
DEC_C23187774,DEC,C23187774
DEC_C23187776,DEC,C23187776
DEC_C23642112,DEC,C23642112
DEC_C24705339,DEC,C24705339
DEC_C25406568,DEC,C25406568
DEC_C26538820,DEC,C26538820
DEC_C34783236,DEC,C34783236
DEC_C36500918,DEC,C36500918
DEC_C36502377,DEC,C36502377
DEC_C36531022,DEC,C36531022
DEC_C36602004,DEC,C36602004
DEC_C39252393,DEC,C39252393
DEC_C39327003,DEC,C39327003
DEC_C39361745,DEC,C39361745
DEC_C39361748,DEC,C39361748
DEC_C39658745,DEC,C39658745
DEC_C39969621,DEC,C39969621
DEC_C43553449,DEC,C43553449
DEC_C45873426,DEC,C45873426
DEC_C57978611,DEC,C57978611
DEC_C57980011,DEC,C57980011
DEC_C27308178,DEC,C27308178
DEC_C59039727,DEC,C59039727
DEC_C59039811,DEC,C59039811
DEC_C59879250,DEC,C59879250
DEC_C59915543,DEC,C59915543
DEC_C09043199,DEC,C09043199
DEC_C08754135,DEC,C08754135
DEC_C09396715,DEC,C09396715
DEC_C03342753,DEC,C03342753
DEC_C09590972,DEC,C09590972
DEC_C10000226,DEC,C10000226
DEC_C10000288,DEC,C10000288
DEC_C10000289,DEC,C10000289
DEC_C10000760,DEC,C10000760
DEC_C11938798,DEC,C11938798
DEC_C12039533,DEC,C12039533
DEC_C12502156,DEC,C12502156
DEC_C12503406,DEC,C12503406
DEC_C12999790,DEC,C12999790
DEC_C13147730,DEC,C13147730
DEC_C03308546,DEC,C03308546
DEC_C14584121,DEC,C14584121
DEC_C15085910,DEC,C15085910
DEC_C15899398,DEC,C15899398
DEC_C15899399,DEC,C15899399
DEC_C16050530,DEC,C16050530
DEC_C16819438,DEC,C16819438
DEC_C20911713,DEC,C20911713
DEC_C20991112,DEC,C20991112
DEC_C21119731,DEC,C21119731
DEC_C21119734,DEC,C21119734
DEC_C25160968,DEC,C25160968
DEC_C28624370,DEC,C28624370
DEC_C28869565,DEC,C28869565
DEC_C31118717,DEC,C31118717
DEC_C36592236,DEC,C36592236
DEC_C36596271,DEC,C36596271
DEC_C36611787,DEC,C36611787
DEC_C12476561,DEC,C12476561
DEC_C39362194,DEC,C39362194
DEC_C39916025,DEC,C39916025
DEC_C45873400,DEC,C45873400
DEC_C46759105,DEC,C46759105
DEC_C46773323,DEC,C46773323
DEC_C20503053,DEC,C20503053
DEC_C18224050,DEC,C18224050
DEC_C15289310,DEC,C15289310
DEC_C21148264,DEC,C21148264
DEC_C58372987,DEC,C58372987
DEC_C58998356,DEC,C58998356
DEC_C59016865,DEC,C59016865
DEC_C59887557,DEC,C59887557
DEC_C59887633,DEC,C59887633
DEC_C59887899,DEC,C59887899
DEC_C59931823,DEC,C59931823
DEC_C64338149,DEC,C64338149
DEC_C03140860,DEC,C03140860
DEC_C08183380,DEC,C08183380
DEC_C09861534,DEC,C09861534
DEC_C09885007,DEC,C09885007
DEC_C12567352,DEC,C12567352
DEC_C06752706,DEC,C06752706
DEC_C13327319,DEC,C13327319
DEC_C15729948,DEC,C15729948
DEC_C19974016,DEC,C19974016
DEC_C30554253,DEC,C30554253
DEC_C32754192,DEC,C32754192
DEC_C32776941,DEC,C32776941
DEC_C08150724,DEC,C08150724
DEC_C39628730,DEC,C39628730
DEC_C40572073,DEC,C40572073
DEC_C40682912,DEC,C40682912
DEC_C40723218,DEC,C40723218
DEC_C40795817,DEC,C40795817
DEC_C40795995,DEC,C40795995
DEC_C41630452,DEC,C41630452
DEC_C43025336,DEC,C43025336
DEC_C45156312,DEC,C45156312
DEC_C46973787,DEC,C46973787
DEC_C17066383,DEC,C17066383
DEC_C00527006,DEC,C00527006
DEC_C51710162,DEC,C51710162
DEC_C54384367,DEC,C54384367
DEC_C54420605,DEC,C54420605
DEC_C54527587,DEC,C54527587
DEC_C02892224,DEC,C02892224
DEC_C05362711,DEC,C05362711
DEC_C57430199,DEC,C57430199
DEC_C57741987,DEC,C57741987
DEC_C06685200,DEC,C06685200
DEC_C48166915,DEC,C48166915
DEC_C59640229,DEC,C59640229
DEC_C60556386,DEC,C60556386
DEC_C13131262,DEC,C13131262
DEC_C13131261,DEC,C13131261
DEC_C13131630,DEC,C13131630
DEC_C41495137,DEC,C41495137
DEC_C05362711,DEC,C05362711
DEC_C66347764,DEC,C66347764
DEC_C66405769,DEC,C66405769
DEC_C66597487,DEC,C66597487
DEC_C66617697,DEC,C66617697
DEC_C66791334,DEC,C66791334
DEC_C67266812,DEC,C67266812
DEC_C67330484,DEC,C67330484
DEC_C67470859,DEC,C67470859
DEC_C04010938,DEC,C04010938
DEC_C11568840,DEC,C11568840
DEC_C11568843,DEC,C11568843
DEC_C15206336,DEC,C15206336
DEC_C02537082,DEC,C02537082
DEC_C20275497,DEC,C20275497
DEC_C20362459,DEC,C20362459
DEC_C35188030,DEC,C35188030
DEC_C36747228,DEC,C36747228
DEC_C37895767,DEC,C37895767
DEC_C37896769,DEC,C37896769
DEC_C40301966,DEC,C40301966
DEC_C40363779,DEC,C40363779
DEC_C40372349,DEC,C40372349
DEC_C40377120,DEC,C40377120
DEC_C40470882,DEC,C40470882
DEC_C41084180,DEC,C41084180
DEC_C42194386,DEC,C42194386
DEC_C42431231,DEC,C42431231
DEC_C42560473,DEC,C42560473
DEC_C42709479,DEC,C42709479
DEC_C44171447,DEC,C44171447
DEC_C44608272,DEC,C44608272
DEC_C44608275,DEC,C44608275
DEC_C44783380,DEC,C44783380
DEC_C44785118,DEC,C44785118
DEC_C44785369,DEC,C44785369
DEC_C44864778,DEC,C44864778
DEC_C44865324,DEC,C44865324
DEC_C45109083,DEC,C45109083
DEC_C45136702,DEC,C45136702
DEC_C48843583,DEC,C48843583
DEC_C50376790,DEC,C50376790
DEC_C50376791,DEC,C50376791
DEC_C50397150,DEC,C50397150
DEC_C50930195,DEC,C50930195
DEC_C51635116,DEC,C51635116
DEC_C51885301,DEC,C51885301
DEC_C53112235,DEC,C53112235
DEC_C54163063,DEC,C54163063
DEC_C61592445,DEC,C61592445
DEC_C61706115,DEC,C61706115
DEC_C61706118,DEC,C61706118
DEC_C61713326,DEC,C61713326
DEC_C61808910,DEC,C61808910
DEC_C61912451,DEC,C61912451
DEC_C62744126,DEC,C62744126
DEC_C62744127,DEC,C62744127
DEC_C62812081,DEC,C62812081
DEC_C63102958,DEC,C63102958
DEC_C04222384,DEC,C04222384
DEC_C08896547,DEC,C08896547
DEC_C12371891,DEC,C12371891
DEC_C01430918,DEC,C01430918
DEC_C12584212,DEC,C12584212
DEC_C13451343,DEC,C13451343
DEC_C14276554,DEC,C14276554
DEC_C14276560,DEC,C14276560
DEC_C15306194,DEC,C15306194
DEC_C16137638,DEC,C16137638
DEC_C02962312,DEC,C02962312
DEC_C04256585,DEC,C04256585
DEC_C33699198,DEC,C33699198
DEC_C14806458,DEC,C14806458
DEC_C18188767,DEC,C18188767
DEC_C35932682,DEC,C35932682
DEC_C33928151,DEC,C33928151
DEC_C36523164,DEC,C36523164
DEC_C36542055,DEC,C36542055
DEC_C36542057,DEC,C36542057
DEC_C36542526,DEC,C36542526
DEC_C36545159,DEC,C36545159
DEC_C36545338,DEC,C36545338
DEC_C36545339,DEC,C36545339
DEC_C36545347,DEC,C36545347
DEC_C36545388,DEC,C36545388
DEC_C36557582,DEC,C36557582
DEC_C36559606,DEC,C36559606
DEC_C36579166,DEC,C36579166
DEC_C02962308,DEC,C02962308
DEC_C02962387,DEC,C02962387
DEC_C39273092,DEC,C39273092
DEC_C39440393,DEC,C39440393
DEC_C39895272,DEC,C39895272
DEC_C39895282,DEC,C39895282
DEC_C39895311,DEC,C39895311
DEC_C40684112,DEC,C40684112
DEC_C40688704,DEC,C40688704
DEC_C40688727,DEC,C40688727
DEC_C40688782,DEC,C40688782
DEC_C44605205,DEC,C44605205
DEC_C01828172,DEC,C01828172
DEC_C03438180,DEC,C03438180
DEC_C36606164,DEC,C36606164
DEC_C36607132,DEC,C36607132
DEC_C36610081,DEC,C36610081
DEC_C36610324,DEC,C36610324
DEC_C59478061,DEC,C59478061
DEC_C59780674,DEC,C59780674
DEC_C19721276,DEC,C19721276
DEC_C03830608,DEC,C03830608
DEC_C05059247,DEC,C05059247
DEC_C05514401,DEC,C05514401
DEC_C05956090,DEC,C05956090
DEC_C05957224,DEC,C05957224
DEC_C01700363,DEC,C01700363
DEC_C07787385,DEC,C07787385
DEC_C08296099,DEC,C08296099
DEC_C08254758,DEC,C08254758
DEC_C12645374,DEC,C12645374
DEC_C03211161,DEC,C03211161
DEC_C15082941,DEC,C15082941
DEC_C16958603,DEC,C16958603
DEC_C04260333,DEC,C04260333
DEC_C06188198,DEC,C06188198
DEC_C20568314,DEC,C20568314
DEC_C23607641,DEC,C23607641
DEC_C24124374,DEC,C24124374
DEC_C25726447,DEC,C25726447
DEC_C35050902,DEC,C35050902
DEC_C35050904,DEC,C35050904
DEC_C35316340,DEC,C35316340
DEC_C36056506,DEC,C36056506
DEC_C37556170,DEC,C37556170
DEC_C36375405,DEC,C36375405
DEC_C20840677,DEC,C20840677
DEC_C39073194,DEC,C39073194
DEC_C38989661,DEC,C38989661
DEC_C39359132,DEC,C39359132
DEC_C39590290,DEC,C39590290
DEC_C14120851,DEC,C14120851
DEC_C40824417,DEC,C40824417
DEC_C02321762,DEC,C02321762
DEC_C56017328,DEC,C56017328
DEC_C09490000,DEC,C09490000
DEC_C59124468,DEC,C59124468
DEC_C15924292,DEC,C15924292
DEC_C00090523,DEC,C00090523
DEC_C63869761,DEC,C63869761
DEC_C08579539,DEC,C08579539
DEC_C64760589,DEC,C64760589
DEC_C64788462,DEC,C64788462
DEC_C66605776,DEC,C66605776
DEC_C66818277,DEC,C66818277
DEC_C66981174,DEC,C66981174
DEC_C67000276,DEC,C67000276
DEC_C67396098,DEC,C67396098
DEC_C67396101,DEC,C67396101
DEC_C67606662,DEC,C67606662
DEC_C67606663,DEC,C67606663
DEC_C04185480,DEC,C04185480
DEC_C04785858,DEC,C04785858
DEC_C02369238,DEC,C02369238
DEC_C03310473,DEC,C03310473
DEC_C08526471,DEC,C08526471
DEC_C08526476,DEC,C08526476
DEC_C01249394,DEC,C01249394
DEC_C09646592,DEC,C09646592
DEC_C15240623,DEC,C15240623
DEC_C02308499,DEC,C02308499
DEC_C19897490,DEC,C19897490
DEC_C36525559,DEC,C36525559
DEC_C36375399,DEC,C36375399
DEC_C38964787,DEC,C38964787
DEC_C39016672,DEC,C39016672
DEC_C39545405,DEC,C39545405
DEC_C39559487,DEC,C39559487
DEC_C39561224,DEC,C39561224
DEC_C39691837,DEC,C39691837
DEC_C39915859,DEC,C39915859
DEC_C39915861,DEC,C39915861
DEC_C39915862,DEC,C39915862
DEC_C39915863,DEC,C39915863
DEC_C16870721,DEC,C16870721
DEC_C40400509,DEC,C40400509
DEC_C40734413,DEC,C40734413
DEC_C40822107,DEC,C40822107
DEC_C45599401,DEC,C45599401
DEC_C20611523,DEC,C20611523
DEC_C16026187,DEC,C16026187
DEC_C04648311,DEC,C04648311
DEC_C20548366,DEC,C20548366
DEC_C20566266,DEC,C20566266
DEC_C20566269,DEC,C20566269
DEC_C16024666,DEC,C16024666
DEC_C20566406,DEC,C20566406
DEC_C00718436,DEC,C00718436
DEC_C54544265,DEC,C54544265
DEC_C40156421,DEC,C40156421
DEC_C24879781,DEC,C24879781
DEC_C59488011,DEC,C59488011
DEC_C04168453,DEC,C04168453
DEC_C21715382,DEC,C21715382
DEC_C50574078,DEC,C50574078
DEC_C66089418,DEC,C66089418
DEC_C66859807,DEC,C66859807
DEC_C66859808,DEC,C66859808
DEC_C66859822,DEC,C66859822
DEC_C67267986,DEC,C67267986
DEC_C67300250,DEC,C67300250
DEC_C04282201,DEC,C04282201
DEC_C04282235,DEC,C04282235
DEC_C04820559,DEC,C04820559
DEC_C05215348,DEC,C05215348
DEC_C07787382,DEC,C07787382
DEC_C12358867,DEC,C12358867
DEC_C12374666,DEC,C12374666
DEC_C13476133,DEC,C13476133
DEC_C15205952,DEC,C15205952
DEC_C02539735,DEC,C02539735
DEC_C15206481,DEC,C15206481
DEC_C01639432,DEC,C01639432
DEC_C21438662,DEC,C21438662
DEC_C22064602,DEC,C22064602
DEC_C28847788,DEC,C28847788
DEC_C28847800,DEC,C28847800
DEC_C28847801,DEC,C28847801
DEC_C31628469,DEC,C31628469
DEC_C16932666,DEC,C16932666
DEC_C33587739,DEC,C33587739
DEC_C24506020,DEC,C24506020
DEC_C37730330,DEC,C37730330
DEC_C37745160,DEC,C37745160
DEC_C39326555,DEC,C39326555
DEC_C43535251,DEC,C43535251
DEC_C44170260,DEC,C44170260
DEC_C44593889,DEC,C44593889
DEC_C44932439,DEC,C44932439
DEC_C45631121,DEC,C45631121
DEC_C48967158,DEC,C48967158
DEC_C49183682,DEC,C49183682
DEC_C13211775,DEC,C13211775
DEC_C50604555,DEC,C50604555
DEC_C50661722,DEC,C50661722
DEC_C50661845,DEC,C50661845
DEC_C50845382,DEC,C50845382
DEC_C50859493,DEC,C50859493
DEC_C52096723,DEC,C52096723
DEC_C57816315,DEC,C57816315
DEC_C15085256,DEC,C15085256
DEC_C60376000,DEC,C60376000
DEC_C61483516,DEC,C61483516
DEC_C61712753,DEC,C61712753
DEC_C65190483,DEC,C65190483
DEC_C65233865,DEC,C65233865
DEC_C65747722,DEC,C65747722
DEC_C33358931,DEC,C33358931
DEC_C67269102,DEC,C67269102
DEC_C67310882,DEC,C67310882
DEC_C67586057,DEC,C67586057
DEC_C04557046,DEC,C04557046
DEC_C04981759,DEC,C04981759
DEC_C05273993,DEC,C05273993
DEC_C13346792,DEC,C13346792
DEC_C15020145,DEC,C15020145
DEC_C18199410,DEC,C18199410
DEC_C18199442,DEC,C18199442
DEC_C05626216,DEC,C05626216
DEC_C22054973,DEC,C22054973
DEC_C22066299,DEC,C22066299
DEC_C22066316,DEC,C22066316
DEC_C06220257,DEC,C06220257
DEC_C23549959,DEC,C23549959
DEC_C25719235,DEC,C25719235
DEC_C27834725,DEC,C27834725
DEC_C33414021,DEC,C33414021
DEC_C36368059,DEC,C36368059
DEC_C37115624,DEC,C37115624
DEC_C05082429,DEC,C05082429
DEC_C39345178,DEC,C39345178
DEC_C39571043,DEC,C39571043
DEC_C39593267,DEC,C39593267
DEC_C39964314,DEC,C39964314
DEC_C40578949,DEC,C40578949
DEC_C40816219,DEC,C40816219
DEC_C43763849,DEC,C43763849
DEC_C44593255,DEC,C44593255
DEC_C44887284,DEC,C44887284
DEC_C44963031,DEC,C44963031
DEC_C51088678,DEC,C51088678
DEC_C54502110,DEC,C54502110
DEC_C37116821,DEC,C37116821
DEC_C15774564,DEC,C15774564
DEC_C58357009,DEC,C58357009
DEC_C58950071,DEC,C58950071
DEC_C58950118,DEC,C58950118
DEC_C58950456,DEC,C58950456
DEC_C61564782,DEC,C61564782
DEC_C62826379,DEC,C62826379
DEC_C62827862,DEC,C62827862
DEC_C62831818,DEC,C62831818
DEC_C39954891,DEC,C39954891
DEC_C63767037,DEC,C63767037
DEC_C63823044,DEC,C63823044
DEC_C63908595,DEC,C63908595
DEC_C64120283,DEC,C64120283
DEC_C33816043,DEC,C33816043
DEC_C16901996,DEC,C16901996
DEC_C65381877,DEC,C65381877
DEC_C65409383,DEC,C65409383
DEC_C03897426,DEC,C03897426
DEC_C04133959,DEC,C04133959
DEC_C05175710,DEC,C05175710
DEC_C08442585,DEC,C08442585
DEC_C08935228,DEC,C08935228
DEC_C01869596,DEC,C01869596
DEC_C09318924,DEC,C09318924
DEC_C12444773,DEC,C12444773
DEC_C07203276,DEC,C07203276
DEC_C14109737,DEC,C14109737
DEC_C14806331,DEC,C14806331
DEC_C16266834,DEC,C16266834
DEC_C16385879,DEC,C16385879
DEC_C19418608,DEC,C19418608
DEC_C13811305,DEC,C13811305
DEC_C26468144,DEC,C26468144
DEC_C26490099,DEC,C26490099
DEC_C10716123,DEC,C10716123
DEC_C10715802,DEC,C10715802
DEC_C06506436,DEC,C06506436
DEC_C23442830,DEC,C23442830
DEC_C33374338,DEC,C33374338
DEC_C05567088,DEC,C05567088
DEC_C06607216,DEC,C06607216
DEC_C10716114,DEC,C10716114
DEC_C07113688,DEC,C07113688
DEC_C07183763,DEC,C07183763
DEC_C38580961,DEC,C38580961
DEC_C15226566,DEC,C15226566
DEC_C40626730,DEC,C40626730
DEC_C41301541,DEC,C41301541
DEC_C43794266,DEC,C43794266
DEC_C45349245,DEC,C45349245
DEC_C09242539,DEC,C09242539
DEC_C01821903,DEC,C01821903
DEC_C09360999,DEC,C09360999
DEC_C16248717,DEC,C16248717
DEC_C55580764,DEC,C55580764
DEC_C18053636,DEC,C18053636
DEC_C58949009,DEC,C58949009
DEC_C31818585,DEC,C31818585
DEC_C27743554,DEC,C27743554
DEC_C13132772,DEC,C13132772
DEC_C15884956,DEC,C15884956
DEC_C39355736,DEC,C39355736
DEC_C63818271,DEC,C63818271
DEC_C65178500,DEC,C65178500
DEC_C65617556,DEC,C65617556
DEC_C65918948,DEC,C65918948
DEC_C66626724,DEC,C66626724
DEC_C06134607,DEC,C06134607
DEC_C06940483,DEC,C06940483
DEC_C08602675,DEC,C08602675
DEC_C08872275,DEC,C08872275
DEC_C06940481,DEC,C06940481
DEC_C12467550,DEC,C12467550
DEC_C12769318,DEC,C12769318
DEC_C12892797,DEC,C12892797
DEC_C12896400,DEC,C12896400
DEC_C13425181,DEC,C13425181
DEC_C13521027,DEC,C13521027
DEC_C15774938,DEC,C15774938
DEC_C16431508,DEC,C16431508
DEC_C16951757,DEC,C16951757
DEC_C16957772,DEC,C16957772
DEC_C16990177,DEC,C16990177
DEC_C20894667,DEC,C20894667
DEC_C20912059,DEC,C20912059
DEC_C20973350,DEC,C20973350
DEC_C21981333,DEC,C21981333
DEC_C22056439,DEC,C22056439
DEC_C22061115,DEC,C22061115
DEC_C17211620,DEC,C17211620
DEC_C33703730,DEC,C33703730
DEC_C33717842,DEC,C33717842
DEC_C33764918,DEC,C33764918
DEC_C33764919,DEC,C33764919
DEC_C35163843,DEC,C35163843
DEC_C35645831,DEC,C35645831
DEC_C36369722,DEC,C36369722
DEC_C37538176,DEC,C37538176
DEC_C37538182,DEC,C37538182
DEC_C36374612,DEC,C36374612
DEC_C36374609,DEC,C36374609
DEC_C31168775,DEC,C31168775
DEC_C31156700,DEC,C31156700
DEC_C04195418,DEC,C04195418
DEC_C12474123,DEC,C12474123
DEC_C38999064,DEC,C38999064
DEC_C39000544,DEC,C39000544
DEC_C40172497,DEC,C40172497
DEC_C40173509,DEC,C40173509
DEC_C33910434,DEC,C33910434
DEC_C43221924,DEC,C43221924
DEC_C44021884,DEC,C44021884
DEC_C44166813,DEC,C44166813
DEC_C49601720,DEC,C49601720
DEC_C19596852,DEC,C19596852
DEC_C65747905,DEC,C65747905
DEC_C67285647,DEC,C67285647
DEC_C03838469,DEC,C03838469
DEC_C09159336,DEC,C09159336
DEC_C09455476,DEC,C09455476
DEC_C09531191,DEC,C09531191
DEC_C09960467,DEC,C09960467
DEC_C10271818,DEC,C10271818
DEC_C10565741,DEC,C10565741
DEC_C10850013,DEC,C10850013
DEC_C13057387,DEC,C13057387
DEC_C13436045,DEC,C13436045
DEC_C14332901,DEC,C14332901
DEC_C14332902,DEC,C14332902
DEC_C03311062,DEC,C03311062
DEC_C14584262,DEC,C14584262
DEC_C14654951,DEC,C14654951
DEC_C15180609,DEC,C15180609
DEC_C19926186,DEC,C19926186
DEC_C20905223,DEC,C20905223
DEC_C20921323,DEC,C20921323
DEC_C21126014,DEC,C21126014
DEC_C21139138,DEC,C21139138
DEC_C21178076,DEC,C21178076
DEC_C22571862,DEC,C22571862
DEC_C22802115,DEC,C22802115
DEC_C24145636,DEC,C24145636
DEC_C25018388,DEC,C25018388
DEC_C26576983,DEC,C26576983
DEC_C32594302,DEC,C32594302
DEC_C32594336,DEC,C32594336
DEC_C13041176,DEC,C13041176
DEC_C34783091,DEC,C34783091
DEC_C35240696,DEC,C35240696
DEC_C17967531,DEC,C17967531
DEC_C38581245,DEC,C38581245
DEC_C38810931,DEC,C38810931
DEC_C39252323,DEC,C39252323
DEC_C39362570,DEC,C39362570
DEC_C44530324,DEC,C44530324
DEC_C45873272,DEC,C45873272
DEC_C09162904,DEC,C09162904
DEC_C16024952,DEC,C16024952
DEC_C34887956,DEC,C34887956
DEC_C21939389,DEC,C21939389
DEC_C22055501,DEC,C22055501
DEC_C58149208,DEC,C58149208
DEC_C58997507,DEC,C58997507
DEC_C59831519,DEC,C59831519
DEC_C59878433,DEC,C59878433
DEC_C59953933,DEC,C59953933
DEC_C64684461,DEC,C64684461
DEC_C03839085,DEC,C03839085
DEC_C03839140,DEC,C03839140
DEC_C03839153,DEC,C03839153
DEC_C03840089,DEC,C03840089
DEC_C04151639,DEC,C04151639
DEC_C06134216,DEC,C06134216
DEC_C06462111,DEC,C06462111
DEC_C06462116,DEC,C06462116
DEC_C06462118,DEC,C06462118
DEC_C06631482,DEC,C06631482
DEC_C06904925,DEC,C06904925
DEC_C09975258,DEC,C09975258
DEC_C12467545,DEC,C12467545
DEC_C06190444,DEC,C06190444
DEC_C12479629,DEC,C12479629
DEC_C12654744,DEC,C12654744
DEC_C12706304,DEC,C12706304
DEC_C12711550,DEC,C12711550
DEC_C12715104,DEC,C12715104
DEC_C08740244,DEC,C08740244
DEC_C12548243,DEC,C12548243
DEC_C16737833,DEC,C16737833
DEC_C20915330,DEC,C20915330
DEC_C20916728,DEC,C20916728
DEC_C20916853,DEC,C20916853
DEC_C20922745,DEC,C20922745
DEC_C24956272,DEC,C24956272
DEC_C28026020,DEC,C28026020
DEC_C28026024,DEC,C28026024
DEC_C31165501,DEC,C31165501
DEC_C09716022,DEC,C09716022
DEC_C34864257,DEC,C34864257
DEC_C34898314,DEC,C34898314
DEC_C35653053,DEC,C35653053
DEC_C36504533,DEC,C36504533
DEC_C36504536,DEC,C36504536
DEC_C36575671,DEC,C36575671
DEC_C39559553,DEC,C39559553
DEC_C39007761,DEC,C39007761
DEC_C41301864,DEC,C41301864
DEC_C43221909,DEC,C43221909
DEC_C08740058,DEC,C08740058
DEC_C39205287,DEC,C39205287
DEC_C39205288,DEC,C39205288
DEC_C14131998,DEC,C14131998
DEC_C59813265,DEC,C59813265
DEC_C59815644,DEC,C59815644
DEC_C59878737,DEC,C59878737
DEC_C39932294,DEC,C39932294
DEC_C65748514,DEC,C65748514
DEC_C03838396,DEC,C03838396
DEC_C06144761,DEC,C06144761
DEC_C08624932,DEC,C08624932
DEC_C08825304,DEC,C08825304
DEC_C08904947,DEC,C08904947
DEC_C09325352,DEC,C09325352
DEC_C09837075,DEC,C09837075
DEC_C08995428,DEC,C08995428
DEC_C09973088,DEC,C09973088
DEC_C10159654,DEC,C10159654
DEC_C10243576,DEC,C10243576
DEC_C10431794,DEC,C10431794
DEC_C11940630,DEC,C11940630
DEC_C12607666,DEC,C12607666
DEC_C13040706,DEC,C13040706
DEC_C02793722,DEC,C02793722
DEC_C14676558,DEC,C14676558
DEC_C14802472,DEC,C14802472
DEC_C16710612,DEC,C16710612
DEC_C16771159,DEC,C16771159
DEC_C17402026,DEC,C17402026
DEC_C19009199,DEC,C19009199
DEC_C20157777,DEC,C20157777
DEC_C20822816,DEC,C20822816
DEC_C20911513,DEC,C20911513
DEC_C20911533,DEC,C20911533
DEC_C24786809,DEC,C24786809
DEC_C25079373,DEC,C25079373
DEC_C32927092,DEC,C32927092
DEC_C36308229,DEC,C36308229
DEC_C11859428,DEC,C11859428
DEC_C39361751,DEC,C39361751
DEC_C39558959,DEC,C39558959
DEC_C39612301,DEC,C39612301
DEC_C13451218,DEC,C13451218
DEC_C39916027,DEC,C39916027
DEC_C45353397,DEC,C45353397
DEC_C45841775,DEC,C45841775
DEC_C45873455,DEC,C45873455
DEC_C20611968,DEC,C20611968
DEC_C17051154,DEC,C17051154
DEC_C23046171,DEC,C23046171
DEC_C57763562,DEC,C57763562
DEC_C32421723,DEC,C32421723
DEC_C32421722,DEC,C32421722
DEC_C58988384,DEC,C58988384
DEC_C59017714,DEC,C59017714
DEC_C59293260,DEC,C59293260
DEC_C15958580,DEC,C15958580
DEC_C63384529,DEC,C63384529
DEC_C02291752,DEC,C02291752
DEC_C00622974,DEC,C00622974
DEC_C05408940,DEC,C05408940
DEC_C07986473,DEC,C07986473
DEC_C03670209,DEC,C03670209
DEC_C00845161,DEC,C00845161
DEC_C10000991,DEC,C10000991
DEC_C10000992,DEC,C10000992
DEC_C10040150,DEC,C10040150
DEC_C12930543,DEC,C12930543
DEC_C13057484,DEC,C13057484
DEC_C13321595,DEC,C13321595
DEC_C13321597,DEC,C13321597
DEC_C13503472,DEC,C13503472
DEC_C13765914,DEC,C13765914
DEC_C15906001,DEC,C15906001
DEC_C16988756,DEC,C16988756
DEC_C17093870,DEC,C17093870
DEC_C17096414,DEC,C17096414
DEC_C09087928,DEC,C09087928
DEC_C20466283,DEC,C20466283
DEC_C20694585,DEC,C20694585
DEC_C20694588,DEC,C20694588
DEC_C21788765,DEC,C21788765
DEC_C13150140,DEC,C13150140
DEC_C25589010,DEC,C25589010
DEC_C35956509,DEC,C35956509
DEC_C36011473,DEC,C36011473
DEC_C36258501,DEC,C36258501
DEC_C36547705,DEC,C36547705
DEC_C05158973,DEC,C05158973
DEC_C38741730,DEC,C38741730
DEC_C39152434,DEC,C39152434
DEC_C39481394,DEC,C39481394
DEC_C39542353,DEC,C39542353
DEC_C39992163,DEC,C39992163
DEC_C41548814,DEC,C41548814
DEC_C41549390,DEC,C41549390
DEC_C00735819,DEC,C00735819
DEC_C35938089,DEC,C35938089
DEC_C39583647,DEC,C39583647
DEC_C39583721,DEC,C39583721
DEC_C05790299,DEC,C05790299
DEC_C03642495,DEC,C03642495
DEC_C08860921,DEC,C08860921
DEC_C08860923,DEC,C08860923
DEC_C59384644,DEC,C59384644
DEC_C59942059,DEC,C59942059
DEC_C63686611,DEC,C63686611
DEC_C20115281,DEC,C20115281
DEC_C04177285,DEC,C04177285
DEC_C04222501,DEC,C04222501
DEC_C04222534,DEC,C04222534
DEC_C04236553,DEC,C04236553
DEC_C04236703,DEC,C04236703
DEC_C04236704,DEC,C04236704
DEC_C08643459,DEC,C08643459
DEC_C09180353,DEC,C09180353
DEC_C12276227,DEC,C12276227
DEC_C12372407,DEC,C12372407
DEC_C12502327,DEC,C12502327
DEC_C12893027,DEC,C12893027
DEC_C14848355,DEC,C14848355
DEC_C16320848,DEC,C16320848
DEC_C20973469,DEC,C20973469
DEC_C21119716,DEC,C21119716
DEC_C21136926,DEC,C21136926
DEC_C21136929,DEC,C21136929
DEC_C21238519,DEC,C21238519
DEC_C21238531,DEC,C21238531
DEC_C21345411,DEC,C21345411
DEC_C22323567,DEC,C22323567
DEC_C22618384,DEC,C22618384
DEC_C22762119,DEC,C22762119
DEC_C22762123,DEC,C22762123
DEC_C25258993,DEC,C25258993
DEC_C26949706,DEC,C26949706
DEC_C26949972,DEC,C26949972
DEC_C34789330,DEC,C34789330
DEC_C35047251,DEC,C35047251
DEC_C35455572,DEC,C35455572
DEC_C36500704,DEC,C36500704
DEC_C36500705,DEC,C36500705
DEC_C36594220,DEC,C36594220
DEC_C13497400,DEC,C13497400
DEC_C15935176,DEC,C15935176
DEC_C38573542,DEC,C38573542
DEC_C39012521,DEC,C39012521
DEC_C39012522,DEC,C39012522
DEC_C39012523,DEC,C39012523
DEC_C39252139,DEC,C39252139
DEC_C43553591,DEC,C43553591
DEC_C43553771,DEC,C43553771
DEC_C43553896,DEC,C43553896
DEC_C43553931,DEC,C43553931
DEC_C43595151,DEC,C43595151
DEC_C44681464,DEC,C44681464
DEC_C05790057,DEC,C05790057
DEC_C58331451,DEC,C58331451
DEC_C58951471,DEC,C58951471
DEC_C04854632,DEC,C04854632
DEC_C06483562,DEC,C06483562
DEC_C06484089,DEC,C06484089
DEC_C06614437,DEC,C06614437
DEC_C11635336,DEC,C11635336
DEC_C19256749,DEC,C19256749
DEC_C19847880,DEC,C19847880
DEC_C28629018,DEC,C28629018
DEC_C35108251,DEC,C35108251
DEC_C35356082,DEC,C35356082
DEC_C36232586,DEC,C36232586
DEC_C36869593,DEC,C36869593
DEC_C02232879,DEC,C02232879
DEC_C37958957,DEC,C37958957
DEC_C39969907,DEC,C39969907
DEC_C40325378,DEC,C40325378
DEC_C40473543,DEC,C40473543
DEC_C41043997,DEC,C41043997
DEC_C42190770,DEC,C42190770
DEC_C42439180,DEC,C42439180
DEC_C42440529,DEC,C42440529
DEC_C42740711,DEC,C42740711
DEC_C43385187,DEC,C43385187
DEC_C43400946,DEC,C43400946
DEC_C44785895,DEC,C44785895
DEC_C45006794,DEC,C45006794
DEC_C45059855,DEC,C45059855
DEC_C47255253,DEC,C47255253
DEC_C47461194,DEC,C47461194
DEC_C48915156,DEC,C48915156
DEC_C49177321,DEC,C49177321
DEC_C32500792,DEC,C32500792
DEC_C50199099,DEC,C50199099
DEC_C50251042,DEC,C50251042
DEC_C50397773,DEC,C50397773
DEC_C51128850,DEC,C51128850
DEC_C51144953,DEC,C51144953
DEC_C51144956,DEC,C51144956
DEC_C52095906,DEC,C52095906
DEC_C52789459,DEC,C52789459
DEC_C53736502,DEC,C53736502
DEC_C54342852,DEC,C54342852
DEC_C55169614,DEC,C55169614
DEC_C17878329,DEC,C17878329
DEC_C61938143,DEC,C61938143
DEC_C62100126,DEC,C62100126
DEC_C63167691,DEC,C63167691
DEC_C65793778,DEC,C65793778
DEC_C67172771,DEC,C67172771
DEC_C67277076,DEC,C67277076
DEC_C02231151,DEC,C02231151
DEC_C03442448,DEC,C03442448
DEC_C08753017,DEC,C08753017
DEC_C08844374,DEC,C08844374
DEC_C09488342,DEC,C09488342
DEC_C09703780,DEC,C09703780
DEC_C11440504,DEC,C11440504
DEC_C11666973,DEC,C11666973
DEC_C12892299,DEC,C12892299
DEC_C04822295,DEC,C04822295
DEC_C15692214,DEC,C15692214
DEC_C19209044,DEC,C19209044
DEC_C20803419,DEC,C20803419
DEC_C20803423,DEC,C20803423
DEC_C22067032,DEC,C22067032
DEC_C23076886,DEC,C23076886
DEC_C23076888,DEC,C23076888
DEC_C25656366,DEC,C25656366
DEC_C26960173,DEC,C26960173
DEC_C30984077,DEC,C30984077
DEC_C31906020,DEC,C31906020
DEC_C35395411,DEC,C35395411
DEC_C35993638,DEC,C35993638
DEC_C00814145,DEC,C00814145
DEC_C00814147,DEC,C00814147
DEC_C06080921,DEC,C06080921
DEC_C39361610,DEC,C39361610
DEC_C39558636,DEC,C39558636
DEC_C39558977,DEC,C39558977
DEC_C22001321,DEC,C22001321
DEC_C22001309,DEC,C22001309
DEC_C13451071,DEC,C13451071
DEC_C43771685,DEC,C43771685
DEC_C45267017,DEC,C45267017
DEC_C51713303,DEC,C51713303
DEC_C19974115,DEC,C19974115
DEC_C54919882,DEC,C54919882
DEC_C58038616,DEC,C58038616
DEC_C47235011,DEC,C47235011
DEC_C59669476,DEC,C59669476
DEC_C59882810,DEC,C59882810
DEC_C20548992,DEC,C20548992
DEC_C64534955,DEC,C64534955
DEC_C64788507,DEC,C64788507
DEC_C64788511,DEC,C64788511
DEC_C65146163,DEC,C65146163
DEC_C65499076,DEC,C65499076
DEC_C66470856,DEC,C66470856
DEC_C67444032,DEC,C67444032
DEC_C67590756,DEC,C67590756
DEC_C06727369,DEC,C06727369
DEC_C11174378,DEC,C11174378
DEC_C06710579,DEC,C06710579
DEC_C08770428,DEC,C08770428
DEC_C24843214,DEC,C24843214
DEC_C28905449,DEC,C28905449
DEC_C39011686,DEC,C39011686
DEC_C39037547,DEC,C39037547
DEC_C40598681,DEC,C40598681
DEC_C40761413,DEC,C40761413
DEC_C32561723,DEC,C32561723
DEC_C43454795,DEC,C43454795
DEC_C45313899,DEC,C45313899
DEC_C45491159,DEC,C45491159
DEC_C46338607,DEC,C46338607
DEC_C47028908,DEC,C47028908
DEC_C51713734,DEC,C51713734
DEC_C52588225,DEC,C52588225
DEC_C54043486,DEC,C54043486
DEC_C54260170,DEC,C54260170
DEC_C56203790,DEC,C56203790
DEC_C15550120,DEC,C15550120
DEC_C58893170,DEC,C58893170
DEC_C58893318,DEC,C58893318
DEC_C58893319,DEC,C58893319
DEC_C59544374,DEC,C59544374
DEC_C59544375,DEC,C59544375
DEC_C20573492,DEC,C20573492
DEC_C61721631,DEC,C61721631
DEC_C61863345,DEC,C61863345
DEC_C63293998,DEC,C63293998
DEC_C39959206,DEC,C39959206
DEC_C63492779,DEC,C63492779
DEC_C63875080,DEC,C63875080
DEC_C64416994,DEC,C64416994
DEC_C65244115,DEC,C65244115
DEC_C65372738,DEC,C65372738
DEC_C65435158,DEC,C65435158
DEC_C65469513,DEC,C65469513
DEC_C65477920,DEC,C65477920
DEC_C65917056,DEC,C65917056
DEC_C65963397,DEC,C65963397
DEC_C66120030,DEC,C66120030
DEC_C66563586,DEC,C66563586
DEC_C66594732,DEC,C66594732
DEC_C67059403,DEC,C67059403
DEC_C20573644,DEC,C20573644
DEC_C20573492,DEC,C20573492
DEC_C67392713,DEC,C67392713
DEC_C67642621,DEC,C67642621
DEC_C05882553,DEC,C05882553
DEC_C07894843,DEC,C07894843
DEC_C17040775,DEC,C17040775
DEC_C01584927,DEC,C01584927
DEC_C18199169,DEC,C18199169
DEC_C19945766,DEC,C19945766
DEC_C16157436,DEC,C16157436
DEC_C12979206,DEC,C12979206
DEC_C36296523,DEC,C36296523
DEC_C36742936,DEC,C36742936
DEC_C37022360,DEC,C37022360
DEC_C37605472,DEC,C37605472
DEC_C37734181,DEC,C37734181
DEC_C00216837,DEC,C00216837
DEC_C38577356,DEC,C38577356
DEC_C38712276,DEC,C38712276
DEC_C39232578,DEC,C39232578
DEC_C40291567,DEC,C40291567
DEC_C40292630,DEC,C40292630
DEC_C40473520,DEC,C40473520
DEC_C40473523,DEC,C40473523
DEC_C40924614,DEC,C40924614
DEC_C41027269,DEC,C41027269
DEC_C44593563,DEC,C44593563
DEC_C44862150,DEC,C44862150
DEC_C48950593,DEC,C48950593
DEC_C48962087,DEC,C48962087
DEC_C49776650,DEC,C49776650
DEC_C50467441,DEC,C50467441
DEC_C20406606,DEC,C20406606
DEC_C50637055,DEC,C50637055
DEC_C50709558,DEC,C50709558
DEC_C50829117,DEC,C50829117
DEC_C51021874,DEC,C51021874
DEC_C51096655,DEC,C51096655
DEC_C51128676,DEC,C51128676
DEC_C51147699,DEC,C51147699
DEC_C51147810,DEC,C51147810
DEC_C51151251,DEC,C51151251
DEC_C52095912,DEC,C52095912
DEC_C52303464,DEC,C52303464
DEC_C55169613,DEC,C55169613
DEC_C57522130,DEC,C57522130
DEC_C59669608,DEC,C59669608
DEC_C61639163,DEC,C61639163
DEC_C61951520,DEC,C61951520
DEC_C62203239,DEC,C62203239
DEC_C62364036,DEC,C62364036
DEC_C62958019,DEC,C62958019
DEC_C66739979,DEC,C66739979
DEC_C05325032,DEC,C05325032
DEC_C19431032,DEC,C19431032
DEC_C19724107,DEC,C19724107
DEC_C22050795,DEC,C22050795
DEC_C06614445,DEC,C06614445
DEC_C36797383,DEC,C36797383
DEC_C36861011,DEC,C36861011
DEC_C36861041,DEC,C36861041
DEC_C37022591,DEC,C37022591
DEC_C37225138,DEC,C37225138
DEC_C00141897,DEC,C00141897
DEC_C37896701,DEC,C37896701
DEC_C39944847,DEC,C39944847
DEC_C39969871,DEC,C39969871
DEC_C39969909,DEC,C39969909
DEC_C26507275,DEC,C26507275
DEC_C40333678,DEC,C40333678
DEC_C40473522,DEC,C40473522
DEC_C40816491,DEC,C40816491
DEC_C42176218,DEC,C42176218
DEC_C42338474,DEC,C42338474
DEC_C43407900,DEC,C43407900
DEC_C44785577,DEC,C44785577
DEC_C44873058,DEC,C44873058
DEC_C44924353,DEC,C44924353
DEC_C45355518,DEC,C45355518
DEC_C50244738,DEC,C50244738
DEC_C50251476,DEC,C50251476
DEC_C50700099,DEC,C50700099
DEC_C50931013,DEC,C50931013
DEC_C51127321,DEC,C51127321
DEC_C51144957,DEC,C51144957
DEC_C55303200,DEC,C55303200
DEC_C49799851,DEC,C49799851
DEC_C17147530,DEC,C17147530
DEC_C58994439,DEC,C58994439
DEC_C44926884,DEC,C44926884
DEC_C61657908,DEC,C61657908
DEC_C61657909,DEC,C61657909
DEC_C61689098,DEC,C61689098
DEC_C61918730,DEC,C61918730
DEC_C61918735,DEC,C61918735
DEC_C61918768,DEC,C61918768
DEC_C61938114,DEC,C61938114
DEC_C62100122,DEC,C62100122
DEC_C62876322,DEC,C62876322
DEC_C62876324,DEC,C62876324
DEC_C62935083,DEC,C62935083
DEC_C63159528,DEC,C63159528
DEC_C65421493,DEC,C65421493
DEC_C00614064,DEC,C00614064
DEC_C01935904,DEC,C01935904
DEC_C05993663,DEC,C05993663
DEC_C07635406,DEC,C07635406
DEC_C08226522,DEC,C08226522
DEC_C14129515,DEC,C14129515
DEC_C17355880,DEC,C17355880
DEC_C17958656,DEC,C17958656
DEC_C20321228,DEC,C20321228
DEC_C21813386,DEC,C21813386
DEC_C21814588,DEC,C21814588
DEC_C21971022,DEC,C21971022
DEC_C21971025,DEC,C21971025
DEC_C32209899,DEC,C32209899
DEC_C35908923,DEC,C35908923
DEC_C37036686,DEC,C37036686
DEC_C37194807,DEC,C37194807
DEC_C37773671,DEC,C37773671
DEC_C04577311,DEC,C04577311
DEC_C05783466,DEC,C05783466
DEC_C37937548,DEC,C37937548
DEC_C40234514,DEC,C40234514
DEC_C40334301,DEC,C40334301
DEC_C41068084,DEC,C41068084
DEC_C41107331,DEC,C41107331
DEC_C41698726,DEC,C41698726
DEC_C42959222,DEC,C42959222
DEC_C45147473,DEC,C45147473
DEC_C45147787,DEC,C45147787
DEC_C49043634,DEC,C49043634
DEC_C49978696,DEC,C49978696
DEC_C49978745,DEC,C49978745
DEC_C50640459,DEC,C50640459
DEC_C52004249,DEC,C52004249
DEC_C52214963,DEC,C52214963
DEC_C53046213,DEC,C53046213
DEC_C56249571,DEC,C56249571
DEC_C58139961,DEC,C58139961
DEC_C60132145,DEC,C60132145
DEC_C62496733,DEC,C62496733
DEC_C62497166,DEC,C62497166
DEC_C62497208,DEC,C62497208
DEC_C62498220,DEC,C62498220
DEC_C65552670,DEC,C65552670
DEC_C66602747,DEC,C66602747
DEC_C67193173,DEC,C67193173
DEC_C67463011,DEC,C67463011
DEC_C67611801,DEC,C67611801
DEC_C67611805,DEC,C67611805
DEC_C67618869,DEC,C67618869
DEC_C00268294,DEC,C00268294
DEC_C05027489,DEC,C05027489
DEC_C05184011,DEC,C05184011
DEC_C05184389,DEC,C05184389
DEC_C01574208,DEC,C01574208
DEC_C07136145,DEC,C07136145
DEC_C07773738,DEC,C07773738
DEC_C05046100,DEC,C05046100
DEC_C12082899,DEC,C12082899
DEC_C14233516,DEC,C14233516
DEC_C20507009,DEC,C20507009
DEC_C20690703,DEC,C20690703
DEC_C22322310,DEC,C22322310
DEC_C29482823,DEC,C29482823
DEC_C31900849,DEC,C31900849
DEC_C32528060,DEC,C32528060
DEC_C37065630,DEC,C37065630
DEC_C37129576,DEC,C37129576
DEC_C37205399,DEC,C37205399
DEC_C37368344,DEC,C37368344
DEC_C00092403,DEC,C00092403
DEC_C03269611,DEC,C03269611
DEC_C37506075,DEC,C37506075
DEC_C39313416,DEC,C39313416
DEC_C39530200,DEC,C39530200
DEC_C40629532,DEC,C40629532
DEC_C41595713,DEC,C41595713
DEC_C41666361,DEC,C41666361
DEC_C41728592,DEC,C41728592
DEC_C41812990,DEC,C41812990
DEC_C42828037,DEC,C42828037
DEC_C42912907,DEC,C42912907
DEC_C45153794,DEC,C45153794
DEC_C48096542,DEC,C48096542
DEC_C48673352,DEC,C48673352
DEC_C48983091,DEC,C48983091
DEC_C49300086,DEC,C49300086
DEC_C49563046,DEC,C49563046
DEC_C09389832,DEC,C09389832
DEC_C42270174,DEC,C42270174
DEC_C61925463,DEC,C61925463
DEC_C62093128,DEC,C62093128
DEC_C62239796,DEC,C62239796
DEC_C62398653,DEC,C62398653
DEC_C21355396,DEC,C21355396
DEC_C66343136,DEC,C66343136
DEC_C66439235,DEC,C66439235
DEC_C67104686,DEC,C67104686
DEC_C67487231,DEC,C67487231
DEC_C67573833,DEC,C67573833
DEC_C00206216,DEC,C00206216
DEC_C04264444,DEC,C04264444
DEC_C04469809,DEC,C04469809
DEC_C04525120,DEC,C04525120
DEC_C00307448,DEC,C00307448
DEC_C04795590,DEC,C04795590
DEC_C04855377,DEC,C04855377
DEC_C06490155,DEC,C06490155
DEC_C00182388,DEC,C00182388
DEC_C10624347,DEC,C10624347
DEC_C17068808,DEC,C17068808
DEC_C22032905,DEC,C22032905
DEC_C07057865,DEC,C07057865
DEC_C28198883,DEC,C28198883
DEC_C33063187,DEC,C33063187
DEC_C36142282,DEC,C36142282
DEC_C36142298,DEC,C36142298
DEC_C37558095,DEC,C37558095
DEC_C19638197,DEC,C19638197
DEC_C08685014,DEC,C08685014
DEC_C40686917,DEC,C40686917
DEC_C40982836,DEC,C40982836
DEC_C42870298,DEC,C42870298
DEC_C45166514,DEC,C45166514
DEC_C48326521,DEC,C48326521
DEC_C49095876,DEC,C49095876
DEC_C49209289,DEC,C49209289
DEC_C09866911,DEC,C09866911
DEC_C55175186,DEC,C55175186
DEC_C47191004,DEC,C47191004
DEC_C03548546,DEC,C03548546
DEC_C58385565,DEC,C58385565
DEC_C10918486,DEC,C10918486
DEC_C60370764,DEC,C60370764
DEC_C61858981,DEC,C61858981
DEC_C62369842,DEC,C62369842
DEC_C57952040,DEC,C57952040
DEC_C57952048,DEC,C57952048
DEC_C62828359,DEC,C62828359
DEC_C65461026,DEC,C65461026
DEC_C65946228,DEC,C65946228
DEC_C66135910,DEC,C66135910
DEC_C66135945,DEC,C66135945
DEC_C66136159,DEC,C66136159
DEC_C66327830,DEC,C66327830
DEC_C66714286,DEC,C66714286
DEC_C67028437,DEC,C67028437
DEC_C67287779,DEC,C67287779
DEC_C67561196,DEC,C67561196
DEC_C67616008,DEC,C67616008
DEC_C00690864,DEC,C00690864
DEC_C00974113,DEC,C00974113
DEC_C02073610,DEC,C02073610
DEC_C02420817,DEC,C02420817
DEC_C09427270,DEC,C09427270
DEC_C09494262,DEC,C09494262
DEC_C02433787,DEC,C02433787
DEC_C12428980,DEC,C12428980
DEC_C12462788,DEC,C12462788
DEC_C02792974,DEC,C02792974
DEC_C12660895,DEC,C12660895
DEC_C00881832,DEC,C00881832
DEC_C01457723,DEC,C01457723
DEC_C13567592,DEC,C13567592
DEC_C13567624,DEC,C13567624
DEC_C13567649,DEC,C13567649
DEC_C13567654,DEC,C13567654
DEC_C15023843,DEC,C15023843
DEC_C16754137,DEC,C16754137
DEC_C02769772,DEC,C02769772
DEC_C02769771,DEC,C02769771
DEC_C20558233,DEC,C20558233
DEC_C20558514,DEC,C20558514
DEC_C20558546,DEC,C20558546
DEC_C20558681,DEC,C20558681
DEC_C20751722,DEC,C20751722
DEC_C20899154,DEC,C20899154
DEC_C09600664,DEC,C09600664
DEC_C02225801,DEC,C02225801
DEC_C38999617,DEC,C38999617
DEC_C39463987,DEC,C39463987
DEC_C39464304,DEC,C39464304
DEC_C39469479,DEC,C39469479
DEC_C39940577,DEC,C39940577
DEC_C40113339,DEC,C40113339
DEC_C43219071,DEC,C43219071
DEC_C47145248,DEC,C47145248
DEC_C49942368,DEC,C49942368
DEC_C15958621,DEC,C15958621
DEC_C57510504,DEC,C57510504
DEC_C40153005,DEC,C40153005
DEC_C22716135,DEC,C22716135
DEC_C22564435,DEC,C22564435
DEC_C59619535,DEC,C59619535
DEC_C15957250,DEC,C15957250
DEC_C39760475,DEC,C39760475
DEC_C63526184,DEC,C63526184
DEC_C22531476,DEC,C22531476
DEC_C08845131,DEC,C08845131
DEC_C12275865,DEC,C12275865
DEC_C04267594,DEC,C04267594
DEC_C04290835,DEC,C04290835
DEC_C04956330,DEC,C04956330
DEC_C05415897,DEC,C05415897
DEC_C01588542,DEC,C01588542
DEC_C12485087,DEC,C12485087
DEC_C14985781,DEC,C14985781
DEC_C16545694,DEC,C16545694
DEC_C21990622,DEC,C21990622
DEC_C01530930,DEC,C01530930
DEC_C22452764,DEC,C22452764
DEC_C35452330,DEC,C35452330
DEC_C35702616,DEC,C35702616
DEC_C35781453,DEC,C35781453
DEC_C37694763,DEC,C37694763
DEC_C37696192,DEC,C37696192
DEC_C37696433,DEC,C37696433
DEC_C06530719,DEC,C06530719
DEC_C38578228,DEC,C38578228
DEC_C39488399,DEC,C39488399
DEC_C40254712,DEC,C40254712
DEC_C40367063,DEC,C40367063
DEC_C40412258,DEC,C40412258
DEC_C40452802,DEC,C40452802
DEC_C40452916,DEC,C40452916
DEC_C40452967,DEC,C40452967
DEC_C41092457,DEC,C41092457
DEC_C41092458,DEC,C41092458
DEC_C42731149,DEC,C42731149
DEC_C43435567,DEC,C43435567
DEC_C47240746,DEC,C47240746
DEC_C48607811,DEC,C48607811
DEC_C48865254,DEC,C48865254
DEC_C50864803,DEC,C50864803
DEC_C51886372,DEC,C51886372
DEC_C52064603,DEC,C52064603
DEC_C52297871,DEC,C52297871
DEC_C30991363,DEC,C30991363
DEC_C53735061,DEC,C53735061
DEC_C42610679,DEC,C42610679
DEC_C42610681,DEC,C42610681
DEC_C61053146,DEC,C61053146
DEC_C61053147,DEC,C61053147
DEC_C62242963,DEC,C62242963
DEC_C63039968,DEC,C63039968
DEC_C63063883,DEC,C63063883
DEC_C64717949,DEC,C64717949
DEC_C65337468,DEC,C65337468
DEC_C67608595,DEC,C67608595
DEC_C67608597,DEC,C67608597
DEC_C04030478,DEC,C04030478
DEC_C09135796,DEC,C09135796
DEC_C09217277,DEC,C09217277
DEC_C09407002,DEC,C09407002
DEC_C02362805,DEC,C02362805
DEC_C09982964,DEC,C09982964
DEC_C11898351,DEC,C11898351
DEC_C13000561,DEC,C13000561
DEC_C14537506,DEC,C14537506
DEC_C16042025,DEC,C16042025
DEC_C02975474,DEC,C02975474
DEC_C23371625,DEC,C23371625
DEC_C34757690,DEC,C34757690
DEC_C31810476,DEC,C31810476
DEC_C39302179,DEC,C39302179
DEC_C39355819,DEC,C39355819
DEC_C39609317,DEC,C39609317
DEC_C39652751,DEC,C39652751
DEC_C39655056,DEC,C39655056
DEC_C39659018,DEC,C39659018
DEC_C39659638,DEC,C39659638
DEC_C39672262,DEC,C39672262
DEC_C39674531,DEC,C39674531
DEC_C39678821,DEC,C39678821
DEC_C39680917,DEC,C39680917
DEC_C39680918,DEC,C39680918
DEC_C39681411,DEC,C39681411
DEC_C39684704,DEC,C39684704
DEC_C39689995,DEC,C39689995
DEC_C39940434,DEC,C39940434
DEC_C39947188,DEC,C39947188
DEC_C45766051,DEC,C45766051
DEC_C46791260,DEC,C46791260
DEC_C49512823,DEC,C49512823
DEC_C09430234,DEC,C09430234
DEC_C31558015,DEC,C31558015
DEC_C60330175,DEC,C60330175
DEC_C63270261,DEC,C63270261
DEC_C63270485,DEC,C63270485
DEC_C63314739,DEC,C63314739
DEC_C63373551,DEC,C63373551
DEC_C63383557,DEC,C63383557
DEC_C63383754,DEC,C63383754
DEC_C63425005,DEC,C63425005
DEC_C64392130,DEC,C64392130
DEC_C64392183,DEC,C64392183
DEC_C64392521,DEC,C64392521
DEC_C64539226,DEC,C64539226
DEC_C64839424,DEC,C64839424
DEC_C67286101,DEC,C67286101
DEC_C04030489,DEC,C04030489
DEC_C09159439,DEC,C09159439
DEC_C09319117,DEC,C09319117
DEC_C09320818,DEC,C09320818
DEC_C09376727,DEC,C09376727
DEC_C11614909,DEC,C11614909
DEC_C11898487,DEC,C11898487
DEC_C12659842,DEC,C12659842
DEC_C14883646,DEC,C14883646
DEC_C20168103,DEC,C20168103
DEC_C22242727,DEC,C22242727
DEC_C23229781,DEC,C23229781
DEC_C12310005,DEC,C12310005
DEC_C24850074,DEC,C24850074
DEC_C32959062,DEC,C32959062
DEC_C35543970,DEC,C35543970
DEC_C35934691,DEC,C35934691
DEC_C36800511,DEC,C36800511
DEC_C38576470,DEC,C38576470
DEC_C39467569,DEC,C39467569
DEC_C39468490,DEC,C39468490
DEC_C39469689,DEC,C39469689
DEC_C39634410,DEC,C39634410
DEC_C39636094,DEC,C39636094
DEC_C39661300,DEC,C39661300
DEC_C39665329,DEC,C39665329
DEC_C39666193,DEC,C39666193
DEC_C39666203,DEC,C39666203
DEC_C39671023,DEC,C39671023
DEC_C39674528,DEC,C39674528
DEC_C39675089,DEC,C39675089
DEC_C39678825,DEC,C39678825
DEC_C39681355,DEC,C39681355
DEC_C39694637,DEC,C39694637
DEC_C39919016,DEC,C39919016
DEC_C39941733,DEC,C39941733
DEC_C39982702,DEC,C39982702
DEC_C41252447,DEC,C41252447
DEC_C41252898,DEC,C41252898
DEC_C26601399,DEC,C26601399
DEC_C15016831,DEC,C15016831
DEC_C63209462,DEC,C63209462
DEC_C63384082,DEC,C63384082
DEC_C63425274,DEC,C63425274
DEC_C63541296,DEC,C63541296
DEC_C63785073,DEC,C63785073
DEC_C64392142,DEC,C64392142
DEC_C64403257,DEC,C64403257
DEC_C64538222,DEC,C64538222
DEC_C64713827,DEC,C64713827
DEC_C01083993,DEC,C01083993
DEC_C09096128,DEC,C09096128
DEC_C01221361,DEC,C01221361
DEC_C09973336,DEC,C09973336
DEC_C13267952,DEC,C13267952
DEC_C13399254,DEC,C13399254
DEC_C14245955,DEC,C14245955
DEC_C03635189,DEC,C03635189
DEC_C16247919,DEC,C16247919
DEC_C01819094,DEC,C01819094
DEC_C01157219,DEC,C01157219
DEC_C11240301,DEC,C11240301
DEC_C22216197,DEC,C22216197
DEC_C22758923,DEC,C22758923
DEC_C29876558,DEC,C29876558
DEC_C09243459,DEC,C09243459
DEC_C09124467,DEC,C09124467
DEC_C35393876,DEC,C35393876
DEC_C02659888,DEC,C02659888
DEC_C39127234,DEC,C39127234
DEC_C39324204,DEC,C39324204
DEC_C39337296,DEC,C39337296
DEC_C39337299,DEC,C39337299
DEC_C39700819,DEC,C39700819
DEC_C39848505,DEC,C39848505
DEC_C39860968,DEC,C39860968
DEC_C47146091,DEC,C47146091
DEC_C48653986,DEC,C48653986
DEC_C49509794,DEC,C49509794
DEC_C49938454,DEC,C49938454
DEC_C40475562,DEC,C40475562
DEC_C08744458,DEC,C08744458
DEC_C59109487,DEC,C59109487
DEC_C59109493,DEC,C59109493
DEC_C59135356,DEC,C59135356
DEC_C59135682,DEC,C59135682
DEC_C59135871,DEC,C59135871
DEC_C59136040,DEC,C59136040
DEC_C59198558,DEC,C59198558
DEC_C59249114,DEC,C59249114
DEC_C59250026,DEC,C59250026
DEC_C08914079,DEC,C08914079
DEC_C33343267,DEC,C33343267
DEC_C59567270,DEC,C59567270
DEC_C59772987,DEC,C59772987
DEC_C39729947,DEC,C39729947
DEC_C39730022,DEC,C39730022
DEC_C17162104,DEC,C17162104
DEC_C26256627,DEC,C26256627
DEC_C13616181,DEC,C13616181
DEC_C02111688,DEC,C02111688
DEC_C04320610,DEC,C04320610
DEC_C06730721,DEC,C06730721
DEC_C09118020,DEC,C09118020
DEC_C13425722,DEC,C13425722
DEC_C13429565,DEC,C13429565
DEC_C15775784,DEC,C15775784
DEC_C17098013,DEC,C17098013
DEC_C09235228,DEC,C09235228
DEC_C21157965,DEC,C21157965
DEC_C33414051,DEC,C33414051
DEC_C05322858,DEC,C05322858
DEC_C05322861,DEC,C05322861
DEC_C36983952,DEC,C36983952
DEC_C00847046,DEC,C00847046
DEC_C06662823,DEC,C06662823
DEC_C38783131,DEC,C38783131
DEC_C39452251,DEC,C39452251
DEC_C39452257,DEC,C39452257
DEC_C13350349,DEC,C13350349
DEC_C40691521,DEC,C40691521
DEC_C43254363,DEC,C43254363
DEC_C44199389,DEC,C44199389
DEC_C44930464,DEC,C44930464
DEC_C44930720,DEC,C44930720
DEC_C48427632,DEC,C48427632
DEC_C48983308,DEC,C48983308
DEC_C51330786,DEC,C51330786
DEC_C51347435,DEC,C51347435
DEC_C51347469,DEC,C51347469
DEC_C06062632,DEC,C06062632
DEC_C55104794,DEC,C55104794
DEC_C55628580,DEC,C55628580
DEC_C00959309,DEC,C00959309
DEC_C06413446,DEC,C06413446
DEC_C59858004,DEC,C59858004
DEC_C18142279,DEC,C18142279
DEC_C36360907,DEC,C36360907
DEC_C36365704,DEC,C36365704
DEC_C39964182,DEC,C39964182
DEC_C63349177,DEC,C63349177
DEC_C36357250,DEC,C36357250
DEC_C22079264,DEC,C22079264
DEC_C39231591,DEC,C39231591
DEC_C01235331,DEC,C01235331
DEC_C63878940,DEC,C63878940
DEC_C13655854,DEC,C13655854
DEC_C65021401,DEC,C65021401
DEC_C66736964,DEC,C66736964
DEC_C67304868,DEC,C67304868
DEC_C01471266,DEC,C01471266
DEC_C06601783,DEC,C06601783
DEC_C04150065,DEC,C04150065
DEC_C04150072,DEC,C04150072
DEC_C03764246,DEC,C03764246
DEC_C09520497,DEC,C09520497
DEC_C10761449,DEC,C10761449
DEC_C12296212,DEC,C12296212
DEC_C01434789,DEC,C01434789
DEC_C12659648,DEC,C12659648
DEC_C12660062,DEC,C12660062
DEC_C12660460,DEC,C12660460
DEC_C13521569,DEC,C13521569
DEC_C13623302,DEC,C13623302
DEC_C20677034,DEC,C20677034
DEC_C20681805,DEC,C20681805
DEC_C28901379,DEC,C28901379
DEC_C33363855,DEC,C33363855
DEC_C33602097,DEC,C33602097
DEC_C33650507,DEC,C33650507
DEC_C33763457,DEC,C33763457
DEC_C02713957,DEC,C02713957
DEC_C35056656,DEC,C35056656
DEC_C35757388,DEC,C35757388
DEC_C12859231,DEC,C12859231
DEC_C35964381,DEC,C35964381
DEC_C35971411,DEC,C35971411
DEC_C36066200,DEC,C36066200
DEC_C36528609,DEC,C36528609
DEC_C36586544,DEC,C36586544
DEC_C08829311,DEC,C08829311
DEC_C12526205,DEC,C12526205
DEC_C39465868,DEC,C39465868
DEC_C39466006,DEC,C39466006
DEC_C39662840,DEC,C39662840
DEC_C39918640,DEC,C39918640
DEC_C40044299,DEC,C40044299
DEC_C40061972,DEC,C40061972
DEC_C40914205,DEC,C40914205
DEC_C43218826,DEC,C43218826
DEC_C43221567,DEC,C43221567
DEC_C44173707,DEC,C44173707
DEC_C44681225,DEC,C44681225
DEC_C00930927,DEC,C00930927
DEC_C55104662,DEC,C55104662
DEC_C03849671,DEC,C03849671
DEC_C63361797,DEC,C63361797
DEC_C64581118,DEC,C64581118
DEC_C35378947,DEC,C35378947
DEC_C45943420,DEC,C45943420
DEC_C03840899,DEC,C03840899
DEC_C00649963,DEC,C00649963
DEC_C08791838,DEC,C08791838
DEC_C08990509,DEC,C08990509
DEC_C09129944,DEC,C09129944
DEC_C09389405,DEC,C09389405
DEC_C09437358,DEC,C09437358
DEC_C09466171,DEC,C09466171
DEC_C09692156,DEC,C09692156
DEC_C09782161,DEC,C09782161
DEC_C09821192,DEC,C09821192
DEC_C09845957,DEC,C09845957
DEC_C09870925,DEC,C09870925
DEC_C11073839,DEC,C11073839
DEC_C00717447,DEC,C00717447
DEC_C12530550,DEC,C12530550
DEC_C10037814,DEC,C10037814
DEC_C13593423,DEC,C13593423
DEC_C14068748,DEC,C14068748
DEC_C15226040,DEC,C15226040
DEC_C15947401,DEC,C15947401
DEC_C15956228,DEC,C15956228
DEC_C16593984,DEC,C16593984
DEC_C16740781,DEC,C16740781
DEC_C17262949,DEC,C17262949
DEC_C09695404,DEC,C09695404
DEC_C12467056,DEC,C12467056
DEC_C21037906,DEC,C21037906
DEC_C21876231,DEC,C21876231
DEC_C21876985,DEC,C21876985
DEC_C22851578,DEC,C22851578
DEC_C18045175,DEC,C18045175
DEC_C09636371,DEC,C09636371
DEC_C33141170,DEC,C33141170
DEC_C33141392,DEC,C33141392
DEC_C35056811,DEC,C35056811
DEC_C35344458,DEC,C35344458
DEC_C33939930,DEC,C33939930
DEC_C36601158,DEC,C36601158
DEC_C39464336,DEC,C39464336
DEC_C33619077,DEC,C33619077
DEC_C45352764,DEC,C45352764
DEC_C46555665,DEC,C46555665
DEC_C49523605,DEC,C49523605
DEC_C47145998,DEC,C47145998
DEC_C20289195,DEC,C20289195
DEC_C59599376,DEC,C59599376
DEC_C39940007,DEC,C39940007
DEC_C09160083,DEC,C09160083
DEC_C64954600,DEC,C64954600
DEC_C00253299,DEC,C00253299
DEC_C06049333,DEC,C06049333
DEC_C06533347,DEC,C06533347
DEC_C20254771,DEC,C20254771
DEC_C35354486,DEC,C35354486
DEC_C35453129,DEC,C35453129
DEC_C37193731,DEC,C37193731
DEC_C37486824,DEC,C37486824
DEC_C37486827,DEC,C37486827
DEC_C37905145,DEC,C37905145
DEC_C38008920,DEC,C38008920
DEC_C38008929,DEC,C38008929
DEC_C39280339,DEC,C39280339
DEC_C40369102,DEC,C40369102
DEC_C40370273,DEC,C40370273
DEC_C40371570,DEC,C40371570
DEC_C40372747,DEC,C40372747
DEC_C40471591,DEC,C40471591
DEC_C40724076,DEC,C40724076
DEC_C41023792,DEC,C41023792
DEC_C41298723,DEC,C41298723
DEC_C42139963,DEC,C42139963
DEC_C43683424,DEC,C43683424
DEC_C44784048,DEC,C44784048
DEC_C44784294,DEC,C44784294
DEC_C44784530,DEC,C44784530
DEC_C44784634,DEC,C44784634
DEC_C44865761,DEC,C44865761
DEC_C48456766,DEC,C48456766
DEC_C48856619,DEC,C48856619
DEC_C49118857,DEC,C49118857
DEC_C50202220,DEC,C50202220
DEC_C50439523,DEC,C50439523
DEC_C51096556,DEC,C51096556
DEC_C51116110,DEC,C51116110
DEC_C51118047,DEC,C51118047
DEC_C51118065,DEC,C51118065
DEC_C51123789,DEC,C51123789
DEC_C51638917,DEC,C51638917
DEC_C51993919,DEC,C51993919
DEC_C53113144,DEC,C53113144
DEC_C54217012,DEC,C54217012
DEC_C56229119,DEC,C56229119
DEC_C56229120,DEC,C56229120
DEC_C60512395,DEC,C60512395
DEC_C61371060,DEC,C61371060
DEC_C61887610,DEC,C61887610
DEC_C61888187,DEC,C61888187
DEC_C61888190,DEC,C61888190
DEC_C62926138,DEC,C62926138
DEC_C00446655,DEC,C00446655
DEC_C00039675,DEC,C00039675
DEC_C00492394,DEC,C00492394
DEC_C00507290,DEC,C00507290
DEC_C00876402,DEC,C00876402
DEC_C04027970,DEC,C04027970
DEC_C04027973,DEC,C04027973
DEC_C04027972,DEC,C04027972
DEC_C07371084,DEC,C07371084
DEC_C13467051,DEC,C13467051
DEC_C14094206,DEC,C14094206
DEC_C20420203,DEC,C20420203
DEC_C21041170,DEC,C21041170
DEC_C35453183,DEC,C35453183
DEC_C35576302,DEC,C35576302
DEC_C36736643,DEC,C36736643
DEC_C37638536,DEC,C37638536
DEC_C00092153,DEC,C00092153
DEC_C22239106,DEC,C22239106
DEC_C40332530,DEC,C40332530
DEC_C40371531,DEC,C40371531
DEC_C40373223,DEC,C40373223
DEC_C08515792,DEC,C08515792
DEC_C08514719,DEC,C08514719
DEC_C08236384,DEC,C08236384
DEC_C42270660,DEC,C42270660
DEC_C43460896,DEC,C43460896
DEC_C43736959,DEC,C43736959
DEC_C44783718,DEC,C44783718
DEC_C44784695,DEC,C44784695
DEC_C19907735,DEC,C19907735
DEC_C01794214,DEC,C01794214
DEC_C51994716,DEC,C51994716
DEC_C53113024,DEC,C53113024
DEC_C53113226,DEC,C53113226
DEC_C53113229,DEC,C53113229
DEC_C53113374,DEC,C53113374
DEC_C53113380,DEC,C53113380
DEC_C53113400,DEC,C53113400
DEC_C53113509,DEC,C53113509
DEC_C53113512,DEC,C53113512
DEC_C58949934,DEC,C58949934
DEC_C58950987,DEC,C58950987
DEC_C59165116,DEC,C59165116
DEC_C36498748,DEC,C36498748
DEC_C61126611,DEC,C61126611
DEC_C61887136,DEC,C61887136
DEC_C62702735,DEC,C62702735
DEC_C63059269,DEC,C63059269
DEC_C66135733,DEC,C66135733
DEC_C03978073,DEC,C03978073
DEC_C04259105,DEC,C04259105
DEC_C09424863,DEC,C09424863
DEC_C01823913,DEC,C01823913
DEC_C09631103,DEC,C09631103
DEC_C09970416,DEC,C09970416
DEC_C09970418,DEC,C09970418
DEC_C11061775,DEC,C11061775
DEC_C11615966,DEC,C11615966
DEC_C11883250,DEC,C11883250
DEC_C12883432,DEC,C12883432
DEC_C13520842,DEC,C13520842
DEC_C14966421,DEC,C14966421
DEC_C20559595,DEC,C20559595
DEC_C20976334,DEC,C20976334
DEC_C22063379,DEC,C22063379
DEC_C22429337,DEC,C22429337
DEC_C31164645,DEC,C31164645
DEC_C32738665,DEC,C32738665
DEC_C33436083,DEC,C33436083
DEC_C33743431,DEC,C33743431
DEC_C34259521,DEC,C34259521
DEC_C34262066,DEC,C34262066
DEC_C35458873,DEC,C35458873
DEC_C36570135,DEC,C36570135
DEC_C36585828,DEC,C36585828
DEC_C17263722,DEC,C17263722
DEC_C23078908,DEC,C23078908
DEC_C04098735,DEC,C04098735
DEC_C38794634,DEC,C38794634
DEC_C39553707,DEC,C39553707
DEC_C33933477,DEC,C33933477
DEC_C44963586,DEC,C44963586
DEC_C16958161,DEC,C16958161
DEC_C49181136,DEC,C49181136
DEC_C49181655,DEC,C49181655
DEC_C13142043,DEC,C13142043
DEC_C26477098,DEC,C26477098
DEC_C15967759,DEC,C15967759
DEC_C16033755,DEC,C16033755
DEC_C16013247,DEC,C16013247
DEC_C01813283,DEC,C01813283
DEC_C01872845,DEC,C01872845
DEC_C36609494,DEC,C36609494
DEC_C36609497,DEC,C36609497
DEC_C54617438,DEC,C54617438
DEC_C54617623,DEC,C54617623
DEC_C22804342,DEC,C22804342
DEC_C39884074,DEC,C39884074
DEC_C65742645,DEC,C65742645
DEC_C00172587,DEC,C00172587
DEC_C00291078,DEC,C00291078
DEC_C05034147,DEC,C05034147
DEC_C16855270,DEC,C16855270
DEC_C16856699,DEC,C16856699
DEC_C16856704,DEC,C16856704
DEC_C20413723,DEC,C20413723
DEC_C20413726,DEC,C20413726
DEC_C21520876,DEC,C21520876
DEC_C21812000,DEC,C21812000
DEC_C27256779,DEC,C27256779
DEC_C36297433,DEC,C36297433
DEC_C37022432,DEC,C37022432
DEC_C37022914,DEC,C37022914
DEC_C37393971,DEC,C37393971
DEC_C37393973,DEC,C37393973
DEC_C04010282,DEC,C04010282
DEC_C04010284,DEC,C04010284
DEC_C38989657,DEC,C38989657
DEC_C39484946,DEC,C39484946
DEC_C40915871,DEC,C40915871
DEC_C40915873,DEC,C40915873
DEC_C41027068,DEC,C41027068
DEC_C43165961,DEC,C43165961
DEC_C50635356,DEC,C50635356
DEC_C50641019,DEC,C50641019
DEC_C50641031,DEC,C50641031
DEC_C50641037,DEC,C50641037
DEC_C50649423,DEC,C50649423
DEC_C50649903,DEC,C50649903
DEC_C50653672,DEC,C50653672
DEC_C50705364,DEC,C50705364
DEC_C51147793,DEC,C51147793
DEC_C52818931,DEC,C52818931
DEC_C52907472,DEC,C52907472
DEC_C54691084,DEC,C54691084
DEC_C56710847,DEC,C56710847
DEC_C57029153,DEC,C57029153
DEC_C14183496,DEC,C14183496
DEC_C43871113,DEC,C43871113
DEC_C20154722,DEC,C20154722
DEC_C50653691,DEC,C50653691
DEC_C62217570,DEC,C62217570
DEC_C64410995,DEC,C64410995
DEC_C64427113,DEC,C64427113
DEC_C64427114,DEC,C64427114
DEC_C66047831,DEC,C66047831
DEC_C66400940,DEC,C66400940
DEC_C66677555,DEC,C66677555
DEC_C66978165,DEC,C66978165
DEC_C03516784,DEC,C03516784
DEC_C04596805,DEC,C04596805
DEC_C06022825,DEC,C06022825
DEC_C00251946,DEC,C00251946
DEC_C06922328,DEC,C06922328
DEC_C03528291,DEC,C03528291
DEC_C16740791,DEC,C16740791
DEC_C20421433,DEC,C20421433
DEC_C35149040,DEC,C35149040
DEC_C36228021,DEC,C36228021
DEC_C37022370,DEC,C37022370
DEC_C37115583,DEC,C37115583
DEC_C37929962,DEC,C37929962
DEC_C37981572,DEC,C37981572
DEC_C38081021,DEC,C38081021
DEC_C40922216,DEC,C40922216
DEC_C40922466,DEC,C40922466
DEC_C40922469,DEC,C40922469
DEC_C46916696,DEC,C46916696
DEC_C48831927,DEC,C48831927
DEC_C50441739,DEC,C50441739
DEC_C50442434,DEC,C50442434
DEC_C50634623,DEC,C50634623
DEC_C50635347,DEC,C50635347
DEC_C50635350,DEC,C50635350
DEC_C50650024,DEC,C50650024
DEC_C50659074,DEC,C50659074
DEC_C50673102,DEC,C50673102
DEC_C50699960,DEC,C50699960
DEC_C51609703,DEC,C51609703
DEC_C51688690,DEC,C51688690
DEC_C37519100,DEC,C37519100
DEC_C50654143,DEC,C50654143
DEC_C56978857,DEC,C56978857
DEC_C57124947,DEC,C57124947
DEC_C57349228,DEC,C57349228
DEC_C22109017,DEC,C22109017
DEC_C20201219,DEC,C20201219
DEC_C20202000,DEC,C20202000
DEC_C59669581,DEC,C59669581
DEC_C60429581,DEC,C60429581
DEC_C53043590,DEC,C53043590
DEC_C61608346,DEC,C61608346
DEC_C62521673,DEC,C62521673
DEC_C63270072,DEC,C63270072
DEC_C32074717,DEC,C32074717
DEC_C64899966,DEC,C64899966
DEC_C64940136,DEC,C64940136
DEC_C67236826,DEC,C67236826
DEC_C67544901,DEC,C67544901
DEC_C05743480,DEC,C05743480
DEC_C06858384,DEC,C06858384
DEC_C07688471,DEC,C07688471
DEC_C08238560,DEC,C08238560
DEC_C08296680,DEC,C08296680
DEC_C02291135,DEC,C02291135
DEC_C12508495,DEC,C12508495
DEC_C13686317,DEC,C13686317
DEC_C14394602,DEC,C14394602
DEC_C14394603,DEC,C14394603
DEC_C21231276,DEC,C21231276
DEC_C21231283,DEC,C21231283
DEC_C22242346,DEC,C22242346
DEC_C22710772,DEC,C22710772
DEC_C23136160,DEC,C23136160
DEC_C26561759,DEC,C26561759
DEC_C29650314,DEC,C29650314
DEC_C31823562,DEC,C31823562
DEC_C34779524,DEC,C34779524
DEC_C39362989,DEC,C39362989
DEC_C39919387,DEC,C39919387
DEC_C44452942,DEC,C44452942
DEC_C47007434,DEC,C47007434
DEC_C48052252,DEC,C48052252
DEC_C48560146,DEC,C48560146
DEC_C48803832,DEC,C48803832
DEC_C50057689,DEC,C50057689
DEC_C39461649,DEC,C39461649
DEC_C51588229,DEC,C51588229
DEC_C54064502,DEC,C54064502
DEC_C56941698,DEC,C56941698
DEC_C47169035,DEC,C47169035
DEC_C59385601,DEC,C59385601
DEC_C50382228,DEC,C50382228
DEC_C60555114,DEC,C60555114
DEC_C62318279,DEC,C62318279
DEC_C63269559,DEC,C63269559
DEC_C65132913,DEC,C65132913
DEC_C65133509,DEC,C65133509
DEC_C66179513,DEC,C66179513
DEC_C66269994,DEC,C66269994
DEC_C66679394,DEC,C66679394
DEC_C66859853,DEC,C66859853
DEC_C67046013,DEC,C67046013
DEC_C67082406,DEC,C67082406
DEC_C67131638,DEC,C67131638
DEC_C67267924,DEC,C67267924
DEC_C67280599,DEC,C67280599
DEC_C67432753,DEC,C67432753
DEC_C67470834,DEC,C67470834
DEC_C04303411,DEC,C04303411
DEC_C00639947,DEC,C00639947
DEC_C04940467,DEC,C04940467
DEC_C06884355,DEC,C06884355
DEC_C09154255,DEC,C09154255
DEC_C10149402,DEC,C10149402
DEC_C10149406,DEC,C10149406
DEC_C12777472,DEC,C12777472
DEC_C05728233,DEC,C05728233
DEC_C19924167,DEC,C19924167
DEC_C19924179,DEC,C19924179
DEC_C14476243,DEC,C14476243
DEC_C20805332,DEC,C20805332
DEC_C07057382,DEC,C07057382
DEC_C07057384,DEC,C07057384
DEC_C25394140,DEC,C25394140
DEC_C06707628,DEC,C06707628
DEC_C25764643,DEC,C25764643
DEC_C26540738,DEC,C26540738
DEC_C29202936,DEC,C29202936
DEC_C35668118,DEC,C35668118
DEC_C36828006,DEC,C36828006
DEC_C03595327,DEC,C03595327
DEC_C03350831,DEC,C03350831
DEC_C02857485,DEC,C02857485
DEC_C41222850,DEC,C41222850
DEC_C43149428,DEC,C43149428
DEC_C46915143,DEC,C46915143
DEC_C47584904,DEC,C47584904
DEC_C47872163,DEC,C47872163
DEC_C50170512,DEC,C50170512
DEC_C51754915,DEC,C51754915
DEC_C52104447,DEC,C52104447
DEC_C54982174,DEC,C54982174
DEC_C55104483,DEC,C55104483
DEC_C05282454,DEC,C05282454
DEC_C55881737,DEC,C55881737
DEC_C56905984,DEC,C56905984
DEC_C59020084,DEC,C59020084
DEC_C59251111,DEC,C59251111
DEC_C60213527,DEC,C60213527
DEC_C60377971,DEC,C60377971
DEC_C22712839,DEC,C22712839
DEC_C22712843,DEC,C22712843
DEC_C14807606,DEC,C14807606
DEC_C63258123,DEC,C63258123
DEC_C65774552,DEC,C65774552
DEC_C66790241,DEC,C66790241
DEC_C67000329,DEC,C67000329
DEC_C67576423,DEC,C67576423
DEC_C03670162,DEC,C03670162
DEC_C20500613,DEC,C20500613
DEC_C27546185,DEC,C27546185
DEC_C29189938,DEC,C29189938
DEC_C30498727,DEC,C30498727
DEC_C32271468,DEC,C32271468
DEC_C31987842,DEC,C31987842
DEC_C32710761,DEC,C32710761
DEC_C32912631,DEC,C32912631
DEC_C39362577,DEC,C39362577
DEC_C39774267,DEC,C39774267
DEC_C39774269,DEC,C39774269
DEC_C40146442,DEC,C40146442
DEC_C40146443,DEC,C40146443
DEC_C40629960,DEC,C40629960
DEC_C43064888,DEC,C43064888
DEC_C43147388,DEC,C43147388
DEC_C43188318,DEC,C43188318
DEC_C44302021,DEC,C44302021
DEC_C45789435,DEC,C45789435
DEC_C45986653,DEC,C45986653
DEC_C46311191,DEC,C46311191
DEC_C46757625,DEC,C46757625
DEC_C47751792,DEC,C47751792
DEC_C49794757,DEC,C49794757
DEC_C49799349,DEC,C49799349
DEC_C53491811,DEC,C53491811
DEC_C19718045,DEC,C19718045
DEC_C54805332,DEC,C54805332
DEC_C56755032,DEC,C56755032
DEC_C56785848,DEC,C56785848
DEC_C56950494,DEC,C56950494
DEC_C56950495,DEC,C56950495
DEC_C57043382,DEC,C57043382
DEC_C12630203,DEC,C12630203
DEC_C07679761,DEC,C07679761
DEC_C58179459,DEC,C58179459
DEC_C43034150,DEC,C43034150
DEC_C63271877,DEC,C63271877
DEC_C63296362,DEC,C63296362
DEC_C63303026,DEC,C63303026
DEC_C63308280,DEC,C63308280
DEC_C63407854,DEC,C63407854
DEC_C63488603,DEC,C63488603
DEC_C50584506,DEC,C50584506
DEC_C67042807,DEC,C67042807
DEC_C67062363,DEC,C67062363
DEC_C67382412,DEC,C67382412
DEC_C67383194,DEC,C67383194
DEC_C67588681,DEC,C67588681
DEC_C00910501,DEC,C00910501
DEC_C12041229,DEC,C12041229
DEC_C12531489,DEC,C12531489
DEC_C14230240,DEC,C14230240
DEC_C22635193,DEC,C22635193
DEC_C36069074,DEC,C36069074
DEC_C37358884,DEC,C37358884
DEC_C39315606,DEC,C39315606
DEC_C39394585,DEC,C39394585
DEC_C39598745,DEC,C39598745
DEC_C39658897,DEC,C39658897
DEC_C39659671,DEC,C39659671
DEC_C39667625,DEC,C39667625
DEC_C39677447,DEC,C39677447
DEC_C39681853,DEC,C39681853
DEC_C39681854,DEC,C39681854
DEC_C39683776,DEC,C39683776
DEC_C39684699,DEC,C39684699
DEC_C39684702,DEC,C39684702
DEC_C39684925,DEC,C39684925
DEC_C39684927,DEC,C39684927
DEC_C39687892,DEC,C39687892
DEC_C39687895,DEC,C39687895
DEC_C39689463,DEC,C39689463
DEC_C39696679,DEC,C39696679
DEC_C39696737,DEC,C39696737
DEC_C39696904,DEC,C39696904
DEC_C41106552,DEC,C41106552
DEC_C41639664,DEC,C41639664
DEC_C43743499,DEC,C43743499
DEC_C20208702,DEC,C20208702
DEC_C54369480,DEC,C54369480
DEC_C54318027,DEC,C54318027
DEC_C15226872,DEC,C15226872
DEC_C13124037,DEC,C13124037
DEC_C18286543,DEC,C18286543
DEC_C63426639,DEC,C63426639
DEC_C63842744,DEC,C63842744
DEC_C63856489,DEC,C63856489
DEC_C64151017,DEC,C64151017
DEC_C64435929,DEC,C64435929
DEC_C64636562,DEC,C64636562
DEC_C64636563,DEC,C64636563
DEC_C66223440,DEC,C66223440
DEC_C66481958,DEC,C66481958
DEC_C67119335,DEC,C67119335
DEC_C67119336,DEC,C67119336
DEC_C67119346,DEC,C67119346
DEC_C67119447,DEC,C67119447
DEC_C67588201,DEC,C67588201
DEC_C01247512,DEC,C01247512
DEC_C05077038,DEC,C05077038
DEC_C05226301,DEC,C05226301
DEC_C05573357,DEC,C05573357
DEC_C03593204,DEC,C03593204
DEC_C09435279,DEC,C09435279
DEC_C09730267,DEC,C09730267
DEC_C09883416,DEC,C09883416
DEC_C09339044,DEC,C09339044
DEC_C10803088,DEC,C10803088
DEC_C11255745,DEC,C11255745
DEC_C04263342,DEC,C04263342
DEC_C09285263,DEC,C09285263
DEC_C13551100,DEC,C13551100
DEC_C14253253,DEC,C14253253
DEC_C14829202,DEC,C14829202
DEC_C18200848,DEC,C18200848
DEC_C19932146,DEC,C19932146
DEC_C21523794,DEC,C21523794
DEC_C21523796,DEC,C21523796
DEC_C22429208,DEC,C22429208
DEC_C24584282,DEC,C24584282
DEC_C24811540,DEC,C24811540
DEC_C28759255,DEC,C28759255
DEC_C35455308,DEC,C35455308
DEC_C35489102,DEC,C35489102
DEC_C35877861,DEC,C35877861
DEC_C36384791,DEC,C36384791
DEC_C36384793,DEC,C36384793
DEC_C36828218,DEC,C36828218
DEC_C11269707,DEC,C11269707
DEC_C23557083,DEC,C23557083
DEC_C39359236,DEC,C39359236
DEC_C39359338,DEC,C39359338
DEC_C39359339,DEC,C39359339
DEC_C39359340,DEC,C39359340
DEC_C25989559,DEC,C25989559
DEC_C39964608,DEC,C39964608
DEC_C40512675,DEC,C40512675
DEC_C45632320,DEC,C45632320
DEC_C02237520,DEC,C02237520
DEC_C56952803,DEC,C56952803
DEC_C60154783,DEC,C60154783
DEC_C08410137,DEC,C08410137
DEC_C63376100,DEC,C63376100
DEC_C00718592,DEC,C00718592
DEC_C64164904,DEC,C64164904
DEC_C12447625,DEC,C12447625
DEC_C64788643,DEC,C64788643
DEC_C12462654,DEC,C12462654
DEC_C08705840,DEC,C08705840
DEC_C08725034,DEC,C08725034
DEC_C09488195,DEC,C09488195
DEC_C10055656,DEC,C10055656
DEC_C10851907,DEC,C10851907
DEC_C12533539,DEC,C12533539
DEC_C12662083,DEC,C12662083
DEC_C13074816,DEC,C13074816
DEC_C08720150,DEC,C08720150
DEC_C14226291,DEC,C14226291
DEC_C03426141,DEC,C03426141
DEC_C18401850,DEC,C18401850
DEC_C18528382,DEC,C18528382
DEC_C20084966,DEC,C20084966
DEC_C13722760,DEC,C13722760
DEC_C13726581,DEC,C13726581
DEC_C13732549,DEC,C13732549
DEC_C20862141,DEC,C20862141
DEC_C21879495,DEC,C21879495
DEC_C22007288,DEC,C22007288
DEC_C22133896,DEC,C22133896
DEC_C24901262,DEC,C24901262
DEC_C24980670,DEC,C24980670
DEC_C28775474,DEC,C28775474
DEC_C36537684,DEC,C36537684
DEC_C04111049,DEC,C04111049
DEC_C03672162,DEC,C03672162
DEC_C04142956,DEC,C04142956
DEC_C08673093,DEC,C08673093
DEC_C39148706,DEC,C39148706
DEC_C39148918,DEC,C39148918
DEC_C39751219,DEC,C39751219
DEC_C40066855,DEC,C40066855
DEC_C44428057,DEC,C44428057
DEC_C22667718,DEC,C22667718
DEC_C46792150,DEC,C46792150
DEC_C01373093,DEC,C01373093
DEC_C32862360,DEC,C32862360
DEC_C57607928,DEC,C57607928
DEC_C57643397,DEC,C57643397
DEC_C31652739,DEC,C31652739
DEC_C15336330,DEC,C15336330
DEC_C59420520,DEC,C59420520
DEC_C60346331,DEC,C60346331
DEC_C60350376,DEC,C60350376
DEC_C60372752,DEC,C60372752
DEC_C09066933,DEC,C09066933
DEC_C04039873,DEC,C04039873
DEC_C64491961,DEC,C64491961
DEC_C64895895,DEC,C64895895
DEC_C04163238,DEC,C04163238
DEC_C04205613,DEC,C04205613
DEC_C04285058,DEC,C04285058
DEC_C00643851,DEC,C00643851
DEC_C03082600,DEC,C03082600
DEC_C01291490,DEC,C01291490
DEC_C07780328,DEC,C07780328
DEC_C08079882,DEC,C08079882
DEC_C08922185,DEC,C08922185
DEC_C08922190,DEC,C08922190
DEC_C11134523,DEC,C11134523
DEC_C11690515,DEC,C11690515
DEC_C08135517,DEC,C08135517
DEC_C03496020,DEC,C03496020
DEC_C03496022,DEC,C03496022
DEC_C14184696,DEC,C14184696
DEC_C16845795,DEC,C16845795
DEC_C23606924,DEC,C23606924
DEC_C28851428,DEC,C28851428
DEC_C29603514,DEC,C29603514
DEC_C08838318,DEC,C08838318
DEC_C08838319,DEC,C08838319
DEC_C35685771,DEC,C35685771
DEC_C04061361,DEC,C04061361
DEC_C38743146,DEC,C38743146
DEC_C08429685,DEC,C08429685
DEC_C39370426,DEC,C39370426
DEC_C39438433,DEC,C39438433
DEC_C39451696,DEC,C39451696
DEC_C39516296,DEC,C39516296
DEC_C39733258,DEC,C39733258
DEC_C39998772,DEC,C39998772
DEC_C39998859,DEC,C39998859
DEC_C41546280,DEC,C41546280
DEC_C41546898,DEC,C41546898
DEC_C41919142,DEC,C41919142
DEC_C46538787,DEC,C46538787
DEC_C47927872,DEC,C47927872
DEC_C50095652,DEC,C50095652
DEC_C53136693,DEC,C53136693
DEC_C08569312,DEC,C08569312
DEC_C63282870,DEC,C63282870
DEC_C63501973,DEC,C63501973
DEC_C01062030,DEC,C01062030
DEC_C65483163,DEC,C65483163
DEC_C66571468,DEC,C66571468
DEC_C66597662,DEC,C66597662
DEC_C66671297,DEC,C66671297
DEC_C67049917,DEC,C67049917
DEC_C67062067,DEC,C67062067
DEC_C02645217,DEC,C02645217
DEC_C05006530,DEC,C05006530
DEC_C05053710,DEC,C05053710
DEC_C05101623,DEC,C05101623
DEC_C01384571,DEC,C01384571
DEC_C03525263,DEC,C03525263
DEC_C03516496,DEC,C03516496
DEC_C07984197,DEC,C07984197
DEC_C00211640,DEC,C00211640
DEC_C08746932,DEC,C08746932
DEC_C10459423,DEC,C10459423
DEC_C10468025,DEC,C10468025
DEC_C11859209,DEC,C11859209
DEC_C06105086,DEC,C06105086
DEC_C20467954,DEC,C20467954
DEC_C20602358,DEC,C20602358
DEC_C22409861,DEC,C22409861
DEC_C24381619,DEC,C24381619
DEC_C31722553,DEC,C31722553
DEC_C32716879,DEC,C32716879
DEC_C36100894,DEC,C36100894
DEC_C01461157,DEC,C01461157
DEC_C38556382,DEC,C38556382
DEC_C39370450,DEC,C39370450
DEC_C39445092,DEC,C39445092
DEC_C39737184,DEC,C39737184
DEC_C40050451,DEC,C40050451
DEC_C40383659,DEC,C40383659
DEC_C41626535,DEC,C41626535
DEC_C42761332,DEC,C42761332
DEC_C49722422,DEC,C49722422
DEC_C15251013,DEC,C15251013
DEC_C55998443,DEC,C55998443
DEC_C58323557,DEC,C58323557
DEC_C61852911,DEC,C61852911
DEC_C62369634,DEC,C62369634
DEC_C63961302,DEC,C63961302
DEC_C45308487,DEC,C45308487
DEC_C64926456,DEC,C64926456
DEC_C65395331,DEC,C65395331
DEC_C65397742,DEC,C65397742
DEC_C65839896,DEC,C65839896
DEC_C66818283,DEC,C66818283
DEC_C66957074,DEC,C66957074
DEC_C67004925,DEC,C67004925
DEC_C67103886,DEC,C67103886
DEC_C67242758,DEC,C67242758
DEC_C67420194,DEC,C67420194
DEC_C67534847,DEC,C67534847
DEC_C67534848,DEC,C67534848
DEC_C11817941,DEC,C11817941
DEC_C14990825,DEC,C14990825
DEC_C20503813,DEC,C20503813
DEC_C32905534,DEC,C32905534
DEC_C32949525,DEC,C32949525
DEC_C33024420,DEC,C33024420
DEC_C33489790,DEC,C33489790
DEC_C35198302,DEC,C35198302
DEC_C36159617,DEC,C36159617
DEC_C36160966,DEC,C36160966
DEC_C08588084,DEC,C08588084
DEC_C08588085,DEC,C08588085
DEC_C39603899,DEC,C39603899
DEC_C39603902,DEC,C39603902
DEC_C39603982,DEC,C39603982
DEC_C39603986,DEC,C39603986
DEC_C39605204,DEC,C39605204
DEC_C39623688,DEC,C39623688
DEC_C39625201,DEC,C39625201
DEC_C39633236,DEC,C39633236
DEC_C39634527,DEC,C39634527
DEC_C39653046,DEC,C39653046
DEC_C39664331,DEC,C39664331
DEC_C39664333,DEC,C39664333
DEC_C39664344,DEC,C39664344
DEC_C39664460,DEC,C39664460
DEC_C39664462,DEC,C39664462
DEC_C39671088,DEC,C39671088
DEC_C39672628,DEC,C39672628
DEC_C39675040,DEC,C39675040
DEC_C39675083,DEC,C39675083
DEC_C39677757,DEC,C39677757
DEC_C39677965,DEC,C39677965
DEC_C39677967,DEC,C39677967
DEC_C39678680,DEC,C39678680
DEC_C39686320,DEC,C39686320
DEC_C39689508,DEC,C39689508
DEC_C39690970,DEC,C39690970
DEC_C39690971,DEC,C39690971
DEC_C39694538,DEC,C39694538
DEC_C39948811,DEC,C39948811
DEC_C43225208,DEC,C43225208
DEC_C45861227,DEC,C45861227
DEC_C59489427,DEC,C59489427
DEC_C63119382,DEC,C63119382
DEC_C63817224,DEC,C63817224
DEC_C63899652,DEC,C63899652
DEC_C64042681,DEC,C64042681
DEC_C64202088,DEC,C64202088
DEC_C64538151,DEC,C64538151
DEC_C05445906,DEC,C05445906
DEC_C09244275,DEC,C09244275
DEC_C09630066,DEC,C09630066
DEC_C09683269,DEC,C09683269
DEC_C11813776,DEC,C11813776
DEC_C11963991,DEC,C11963991
DEC_C11790578,DEC,C11790578
DEC_C12452556,DEC,C12452556
DEC_C09312006,DEC,C09312006
DEC_C12305294,DEC,C12305294
DEC_C11663146,DEC,C11663146
DEC_C15674570,DEC,C15674570
DEC_C15988756,DEC,C15988756
DEC_C06813385,DEC,C06813385
DEC_C19740359,DEC,C19740359
DEC_C14881350,DEC,C14881350
DEC_C20426927,DEC,C20426927
DEC_C20448637,DEC,C20448637
DEC_C22253284,DEC,C22253284
DEC_C22681107,DEC,C22681107
DEC_C24215178,DEC,C24215178
DEC_C27441787,DEC,C27441787
DEC_C32536161,DEC,C32536161
DEC_C08817301,DEC,C08817301
DEC_C35487026,DEC,C35487026
DEC_C36057953,DEC,C36057953
DEC_C36437928,DEC,C36437928
DEC_C36674259,DEC,C36674259
DEC_C14984363,DEC,C14984363
DEC_C40149642,DEC,C40149642
DEC_C13813406,DEC,C13813406
DEC_C55089135,DEC,C55089135
DEC_C58337688,DEC,C58337688
DEC_C12848573,DEC,C12848573
DEC_C60367717,DEC,C60367717
DEC_C62606690,DEC,C62606690
DEC_C39777395,DEC,C39777395
DEC_C63142364,DEC,C63142364
DEC_C63279417,DEC,C63279417
DEC_C63281118,DEC,C63281118
DEC_C63362141,DEC,C63362141
DEC_C63373777,DEC,C63373777
DEC_C63480717,DEC,C63480717
DEC_C63562914,DEC,C63562914
DEC_C63993544,DEC,C63993544
DEC_C64020248,DEC,C64020248
DEC_C64173555,DEC,C64173555
DEC_C64538943,DEC,C64538943
DEC_C65183080,DEC,C65183080
DEC_C65210495,DEC,C65210495
DEC_C04063440,DEC,C04063440
DEC_C06428328,DEC,C06428328
DEC_C08318596,DEC,C08318596
DEC_C08894710,DEC,C08894710
DEC_C09629670,DEC,C09629670
DEC_C09642715,DEC,C09642715
DEC_C09780737,DEC,C09780737
DEC_C11870134,DEC,C11870134
DEC_C11872167,DEC,C11872167
DEC_C11790576,DEC,C11790576
DEC_C12133345,DEC,C12133345
DEC_C12278813,DEC,C12278813
DEC_C12661503,DEC,C12661503
DEC_C02103030,DEC,C02103030
DEC_C06787517,DEC,C06787517
DEC_C14883590,DEC,C14883590
DEC_C15416954,DEC,C15416954
DEC_C04770758,DEC,C04770758
DEC_C20567247,DEC,C20567247
DEC_C23257690,DEC,C23257690
DEC_C36389938,DEC,C36389938
DEC_C37142132,DEC,C37142132
DEC_C02972122,DEC,C02972122
DEC_C04304594,DEC,C04304594
DEC_C38671094,DEC,C38671094
DEC_C38762567,DEC,C38762567
DEC_C23191598,DEC,C23191598
DEC_C39947431,DEC,C39947431
DEC_C40156063,DEC,C40156063
DEC_C44872405,DEC,C44872405
DEC_C45456685,DEC,C45456685
DEC_C48289157,DEC,C48289157
DEC_C49713919,DEC,C49713919
DEC_C49722058,DEC,C49722058
DEC_C36660026,DEC,C36660026
DEC_C36024161,DEC,C36024161
DEC_C59117982,DEC,C59117982
DEC_C60061654,DEC,C60061654
DEC_C63514575,DEC,C63514575
DEC_C63619958,DEC,C63619958
DEC_C63655431,DEC,C63655431
DEC_C64006944,DEC,C64006944
DEC_C64020246,DEC,C64020246
DEC_C64074241,DEC,C64074241
DEC_C64540949,DEC,C64540949
DEC_C64653789,DEC,C64653789
DEC_C65181839,DEC,C65181839
DEC_C65183078,DEC,C65183078
DEC_C65356890,DEC,C65356890
DEC_C65356892,DEC,C65356892
DEC_C04085567,DEC,C04085567
DEC_C09054613,DEC,C09054613
DEC_C10207310,DEC,C10207310
DEC_C11817021,DEC,C11817021
DEC_C12159829,DEC,C12159829
DEC_C12747156,DEC,C12747156
DEC_C13440598,DEC,C13440598
DEC_C14745873,DEC,C14745873
DEC_C19347295,DEC,C19347295
DEC_C19852349,DEC,C19852349
DEC_C22797752,DEC,C22797752
DEC_C23256958,DEC,C23256958
DEC_C29581486,DEC,C29581486
DEC_C22786035,DEC,C22786035
DEC_C32690533,DEC,C32690533
DEC_C08691507,DEC,C08691507
DEC_C39345299,DEC,C39345299
DEC_C39980712,DEC,C39980712
DEC_C43085248,DEC,C43085248
DEC_C43526661,DEC,C43526661
DEC_C46934582,DEC,C46934582
DEC_C46934583,DEC,C46934583
DEC_C48155871,DEC,C48155871
DEC_C20236085,DEC,C20236085
DEC_C53093857,DEC,C53093857
DEC_C07524720,DEC,C07524720
DEC_C58452514,DEC,C58452514
DEC_C39935222,DEC,C39935222
DEC_C63593920,DEC,C63593920
DEC_C63738631,DEC,C63738631
DEC_C63775533,DEC,C63775533
DEC_C63794425,DEC,C63794425
DEC_C40001943,DEC,C40001943
DEC_C64502972,DEC,C64502972
DEC_C64733463,DEC,C64733463
DEC_C64816716,DEC,C64816716
DEC_C65256554,DEC,C65256554
DEC_C66079624,DEC,C66079624
DEC_C66193283,DEC,C66193283
DEC_C66733409,DEC,C66733409
DEC_C66834216,DEC,C66834216
DEC_C66858897,DEC,C66858897
DEC_C66892348,DEC,C66892348
DEC_C66947411,DEC,C66947411
DEC_C67117619,DEC,C67117619
DEC_C67204407,DEC,C67204407
DEC_C67204409,DEC,C67204409
DEC_C67214340,DEC,C67214340
DEC_C67214342,DEC,C67214342
DEC_C67501418,DEC,C67501418
DEC_C01085004,DEC,C01085004
DEC_C04383925,DEC,C04383925
DEC_C00798498,DEC,C00798498
DEC_C02221422,DEC,C02221422
DEC_C05145811,DEC,C05145811
DEC_C06926319,DEC,C06926319
DEC_C07087786,DEC,C07087786
DEC_C09690565,DEC,C09690565
DEC_C10252256,DEC,C10252256
DEC_C11708890,DEC,C11708890
DEC_C25723862,DEC,C25723862
DEC_C25742427,DEC,C25742427
DEC_C27018249,DEC,C27018249
DEC_C31027028,DEC,C31027028
DEC_C06681800,DEC,C06681800
DEC_C32841154,DEC,C32841154
DEC_C06384909,DEC,C06384909
DEC_C06384938,DEC,C06384938
DEC_C36100888,DEC,C36100888
DEC_C04938576,DEC,C04938576
DEC_C17820325,DEC,C17820325
DEC_C39747360,DEC,C39747360
DEC_C40266846,DEC,C40266846
DEC_C40789358,DEC,C40789358
DEC_C42047846,DEC,C42047846
DEC_C42121720,DEC,C42121720
DEC_C42178438,DEC,C42178438
DEC_C47871665,DEC,C47871665
DEC_C48237393,DEC,C48237393
DEC_C49544422,DEC,C49544422
DEC_C49739166,DEC,C49739166
DEC_C15794265,DEC,C15794265
DEC_C53552331,DEC,C53552331
DEC_C05101462,DEC,C05101462
DEC_C55764802,DEC,C55764802
DEC_C22624849,DEC,C22624849
DEC_C58185240,DEC,C58185240
DEC_C58192266,DEC,C58192266
DEC_C16401483,DEC,C16401483
DEC_C30343372,DEC,C30343372
DEC_C07682442,DEC,C07682442
DEC_C66195107,DEC,C66195107
DEC_C66278788,DEC,C66278788
DEC_C66303826,DEC,C66303826
DEC_C66537860,DEC,C66537860
DEC_C66756851,DEC,C66756851
DEC_C66759710,DEC,C66759710
DEC_C66856564,DEC,C66856564
DEC_C66998481,DEC,C66998481
DEC_C67242381,DEC,C67242381
DEC_C00891532,DEC,C00891532
DEC_C08788777,DEC,C08788777
DEC_C08873418,DEC,C08873418
DEC_C09135739,DEC,C09135739
DEC_C09135741,DEC,C09135741
DEC_C09488744,DEC,C09488744
DEC_C11898493,DEC,C11898493
DEC_C12207423,DEC,C12207423
DEC_C12458568,DEC,C12458568
DEC_C13061797,DEC,C13061797
DEC_C08951532,DEC,C08951532
DEC_C14748698,DEC,C14748698
DEC_C09452144,DEC,C09452144
DEC_C19563054,DEC,C19563054
DEC_C22464484,DEC,C22464484
DEC_C24215700,DEC,C24215700
DEC_C34747919,DEC,C34747919
DEC_C34748611,DEC,C34748611
DEC_C27333456,DEC,C27333456
DEC_C09829590,DEC,C09829590
DEC_C38613357,DEC,C38613357
DEC_C36703225,DEC,C36703225
DEC_C36702640,DEC,C36702640
DEC_C39609278,DEC,C39609278
DEC_C39624575,DEC,C39624575
DEC_C39636299,DEC,C39636299
DEC_C39638701,DEC,C39638701
DEC_C39639383,DEC,C39639383
DEC_C39653027,DEC,C39653027
DEC_C39657558,DEC,C39657558
DEC_C39664243,DEC,C39664243
DEC_C39669013,DEC,C39669013
DEC_C39671077,DEC,C39671077
DEC_C39672625,DEC,C39672625
DEC_C39676549,DEC,C39676549
DEC_C39677501,DEC,C39677501
DEC_C39684617,DEC,C39684617
DEC_C39694112,DEC,C39694112
DEC_C39694113,DEC,C39694113
DEC_C39992496,DEC,C39992496
DEC_C49486347,DEC,C49486347
DEC_C58775456,DEC,C58775456
DEC_C33400099,DEC,C33400099
DEC_C63182768,DEC,C63182768
DEC_C63383624,DEC,C63383624
DEC_C63399333,DEC,C63399333
DEC_C63899644,DEC,C63899644
DEC_C64137634,DEC,C64137634
DEC_C64220383,DEC,C64220383
DEC_C64220384,DEC,C64220384
DEC_C02399881,DEC,C02399881
DEC_C04785983,DEC,C04785983
DEC_C02639839,DEC,C02639839
DEC_C07656258,DEC,C07656258
DEC_C08346406,DEC,C08346406
DEC_C03764631,DEC,C03764631
DEC_C11902979,DEC,C11902979
DEC_C12036033,DEC,C12036033
DEC_C12940838,DEC,C12940838
DEC_C13005654,DEC,C13005654
DEC_C13575319,DEC,C13575319
DEC_C13961486,DEC,C13961486
DEC_C16145532,DEC,C16145532
DEC_C19717068,DEC,C19717068
DEC_C20247997,DEC,C20247997
DEC_C21166110,DEC,C21166110
DEC_C21601007,DEC,C21601007
DEC_C21919778,DEC,C21919778
DEC_C22062651,DEC,C22062651
DEC_C22520595,DEC,C22520595
DEC_C28125189,DEC,C28125189
DEC_C32160528,DEC,C32160528
DEC_C32332095,DEC,C32332095
DEC_C06769318,DEC,C06769318
DEC_C35484355,DEC,C35484355
DEC_C35596855,DEC,C35596855
DEC_C06345575,DEC,C06345575
DEC_C35636262,DEC,C35636262
DEC_C35966035,DEC,C35966035
DEC_C36393443,DEC,C36393443
DEC_C01080517,DEC,C01080517
DEC_C04357566,DEC,C04357566
DEC_C38582633,DEC,C38582633
DEC_C38654047,DEC,C38654047
DEC_C39759664,DEC,C39759664
DEC_C40426559,DEC,C40426559
DEC_C33919684,DEC,C33919684
DEC_C44453345,DEC,C44453345
DEC_C45898279,DEC,C45898279
DEC_C47868274,DEC,C47868274
DEC_C55107590,DEC,C55107590
DEC_C59824246,DEC,C59824246
DEC_C59824249,DEC,C59824249
DEC_C08580784,DEC,C08580784
DEC_C39778106,DEC,C39778106
DEC_C39778107,DEC,C39778107
DEC_C06753190,DEC,C06753190
DEC_C64435381,DEC,C64435381
DEC_C35405811,DEC,C35405811
DEC_C65271814,DEC,C65271814
DEC_C00869399,DEC,C00869399
DEC_C08387081,DEC,C08387081
DEC_C09670674,DEC,C09670674
DEC_C09685285,DEC,C09685285
DEC_C10800097,DEC,C10800097
DEC_C11590936,DEC,C11590936
DEC_C11858164,DEC,C11858164
DEC_C12279949,DEC,C12279949
DEC_C09155815,DEC,C09155815
DEC_C13001678,DEC,C13001678
DEC_C14253639,DEC,C14253639
DEC_C15070978,DEC,C15070978
DEC_C16263207,DEC,C16263207
DEC_C18104100,DEC,C18104100
DEC_C02762783,DEC,C02762783
DEC_C19818158,DEC,C19818158
DEC_C19818160,DEC,C19818160
DEC_C20389093,DEC,C20389093
DEC_C20883723,DEC,C20883723
DEC_C13956920,DEC,C13956920
DEC_C24147534,DEC,C24147534
DEC_C24681298,DEC,C24681298
DEC_C26545561,DEC,C26545561
DEC_C32506912,DEC,C32506912
DEC_C32506172,DEC,C32506172
DEC_C32736043,DEC,C32736043
DEC_C10525635,DEC,C10525635
DEC_C32768162,DEC,C32768162
DEC_C33249483,DEC,C33249483
DEC_C34785694,DEC,C34785694
DEC_C35617608,DEC,C35617608
DEC_C36085159,DEC,C36085159
DEC_C36395097,DEC,C36395097
DEC_C38692790,DEC,C38692790
DEC_C38745156,DEC,C38745156
DEC_C38751210,DEC,C38751210
DEC_C39466022,DEC,C39466022
DEC_C39469764,DEC,C39469764
DEC_C23485799,DEC,C23485799
DEC_C40389693,DEC,C40389693
DEC_C40390436,DEC,C40390436
DEC_C45798280,DEC,C45798280
DEC_C49036070,DEC,C49036070
DEC_C17098727,DEC,C17098727
DEC_C59108837,DEC,C59108837
DEC_C20728770,DEC,C20728770
DEC_C35555268,DEC,C35555268
DEC_C35558266,DEC,C35558266
DEC_C64920970,DEC,C64920970
DEC_C65259096,DEC,C65259096
DEC_C03890224,DEC,C03890224
DEC_C00804456,DEC,C00804456
DEC_C05040929,DEC,C05040929
DEC_C01320748,DEC,C01320748
DEC_C07747447,DEC,C07747447
DEC_C08838513,DEC,C08838513
DEC_C08849806,DEC,C08849806
DEC_C08990393,DEC,C08990393
DEC_C09189879,DEC,C09189879
DEC_C09383105,DEC,C09383105
DEC_C09870959,DEC,C09870959
DEC_C11380109,DEC,C11380109
DEC_C12776621,DEC,C12776621
DEC_C15626004,DEC,C15626004
DEC_C15670261,DEC,C15670261
DEC_C15786424,DEC,C15786424
DEC_C18100468,DEC,C18100468
DEC_C19236537,DEC,C19236537
DEC_C19526699,DEC,C19526699
DEC_C20379754,DEC,C20379754
DEC_C20511325,DEC,C20511325
DEC_C20567318,DEC,C20567318
DEC_C21883532,DEC,C21883532
DEC_C23703329,DEC,C23703329
DEC_C24987188,DEC,C24987188
DEC_C31216604,DEC,C31216604
DEC_C31949407,DEC,C31949407
DEC_C32124395,DEC,C32124395
DEC_C32859615,DEC,C32859615
DEC_C35636689,DEC,C35636689
DEC_C35988234,DEC,C35988234
DEC_C09517992,DEC,C09517992
DEC_C38710435,DEC,C38710435
DEC_C36693250,DEC,C36693250
DEC_C39228054,DEC,C39228054
DEC_C39360036,DEC,C39360036
DEC_C40324487,DEC,C40324487
DEC_C48310511,DEC,C48310511
DEC_C06935213,DEC,C06935213
DEC_C19198565,DEC,C19198565
DEC_C58157696,DEC,C58157696
DEC_C54905709,DEC,C54905709
DEC_C50534692,DEC,C50534692
DEC_C32072616,DEC,C32072616
DEC_C20729537,DEC,C20729537
DEC_C63596826,DEC,C63596826
DEC_C63731339,DEC,C63731339
DEC_C63807886,DEC,C63807886
DEC_C64950237,DEC,C64950237
DEC_C65591111,DEC,C65591111
DEC_C02794571,DEC,C02794571
DEC_C04554970,DEC,C04554970
DEC_C00896287,DEC,C00896287
DEC_C05025211,DEC,C05025211
DEC_C04938160,DEC,C04938160
DEC_C02788110,DEC,C02788110
DEC_C07252179,DEC,C07252179
DEC_C08013658,DEC,C08013658
DEC_C08176380,DEC,C08176380
DEC_C08621626,DEC,C08621626
DEC_C08976400,DEC,C08976400
DEC_C10490745,DEC,C10490745
DEC_C12894585,DEC,C12894585
DEC_C15757236,DEC,C15757236
DEC_C22577402,DEC,C22577402
DEC_C22608275,DEC,C22608275
DEC_C17480686,DEC,C17480686
DEC_C17193974,DEC,C17193974
DEC_C38507937,DEC,C38507937
DEC_C38738446,DEC,C38738446
DEC_C38752130,DEC,C38752130
DEC_C38783041,DEC,C38783041
DEC_C39553601,DEC,C39553601
DEC_C39785437,DEC,C39785437
DEC_C40796816,DEC,C40796816
DEC_C40923658,DEC,C40923658
DEC_C45630444,DEC,C45630444
DEC_C46729227,DEC,C46729227
DEC_C47759254,DEC,C47759254
DEC_C48651087,DEC,C48651087
DEC_C57716890,DEC,C57716890
DEC_C58244498,DEC,C58244498
DEC_C29710626,DEC,C29710626
DEC_C48007819,DEC,C48007819
DEC_C32070523,DEC,C32070523
DEC_C32092117,DEC,C32092117
DEC_C63467886,DEC,C63467886
DEC_C12697689,DEC,C12697689
DEC_C64128486,DEC,C64128486
DEC_C64764825,DEC,C64764825
DEC_C64836359,DEC,C64836359
DEC_C64871717,DEC,C64871717
DEC_C65225172,DEC,C65225172
DEC_C65591140,DEC,C65591140
DEC_C66250748,DEC,C66250748
DEC_C66926323,DEC,C66926323
DEC_C67036544,DEC,C67036544
DEC_C67037928,DEC,C67037928
DEC_C67262677,DEC,C67262677
DEC_C67373562,DEC,C67373562
DEC_C01237073,DEC,C01237073
DEC_C09665138,DEC,C09665138
DEC_C10346411,DEC,C10346411
DEC_C03568975,DEC,C03568975
DEC_C11584400,DEC,C11584400
DEC_C12233007,DEC,C12233007
DEC_C12781861,DEC,C12781861
DEC_C13082986,DEC,C13082986
DEC_C09684367,DEC,C09684367
DEC_C03659349,DEC,C03659349
DEC_C09730922,DEC,C09730922
DEC_C14165151,DEC,C14165151
DEC_C14993366,DEC,C14993366
DEC_C15634402,DEC,C15634402
DEC_C15799733,DEC,C15799733
DEC_C18598530,DEC,C18598530
DEC_C19502390,DEC,C19502390
DEC_C21023542,DEC,C21023542
DEC_C21151953,DEC,C21151953
DEC_C21528808,DEC,C21528808
DEC_C21529151,DEC,C21529151
DEC_C21649036,DEC,C21649036
DEC_C21859798,DEC,C21859798
DEC_C22328967,DEC,C22328967
DEC_C23245479,DEC,C23245479
DEC_C23632987,DEC,C23632987
DEC_C23955585,DEC,C23955585
DEC_C24968168,DEC,C24968168
DEC_C25157049,DEC,C25157049
DEC_C32753138,DEC,C32753138
DEC_C21178353,DEC,C21178353
DEC_C15935871,DEC,C15935871
DEC_C38632331,DEC,C38632331
DEC_C40115723,DEC,C40115723
DEC_C40390340,DEC,C40390340
DEC_C41056506,DEC,C41056506
DEC_C41551612,DEC,C41551612
DEC_C18234985,DEC,C18234985
DEC_C49002601,DEC,C49002601
DEC_C55182633,DEC,C55182633
DEC_C58315653,DEC,C58315653
DEC_C58512671,DEC,C58512671
DEC_C59375377,DEC,C59375377
DEC_C60164265,DEC,C60164265
DEC_C60331120,DEC,C60331120
DEC_C39791979,DEC,C39791979
DEC_C63617329,DEC,C63617329
DEC_C64816344,DEC,C64816344
DEC_C64816345,DEC,C64816345
DEC_C65293833,DEC,C65293833
DEC_C05392793,DEC,C05392793
DEC_C07006671,DEC,C07006671
DEC_C08728115,DEC,C08728115
DEC_C08879988,DEC,C08879988
DEC_C09410522,DEC,C09410522
DEC_C09630846,DEC,C09630846
DEC_C09684916,DEC,C09684916
DEC_C11694107,DEC,C11694107
DEC_C11694119,DEC,C11694119
DEC_C12149850,DEC,C12149850
DEC_C13117874,DEC,C13117874
DEC_C14200737,DEC,C14200737
DEC_C15069189,DEC,C15069189
DEC_C15277930,DEC,C15277930
DEC_C16677053,DEC,C16677053
DEC_C17299589,DEC,C17299589
DEC_C15320673,DEC,C15320673
DEC_C04312334,DEC,C04312334
DEC_C20548928,DEC,C20548928
DEC_C20622654,DEC,C20622654
DEC_C21150622,DEC,C21150622
DEC_C22521634,DEC,C22521634
DEC_C22735672,DEC,C22735672
DEC_C22978071,DEC,C22978071
DEC_C25154233,DEC,C25154233
DEC_C25250166,DEC,C25250166
DEC_C25878659,DEC,C25878659
DEC_C28626771,DEC,C28626771
DEC_C31419062,DEC,C31419062
DEC_C31783928,DEC,C31783928
DEC_C32949630,DEC,C32949630
DEC_C33006414,DEC,C33006414
DEC_C39543905,DEC,C39543905
DEC_C45470721,DEC,C45470721
DEC_C46842508,DEC,C46842508
DEC_C03302953,DEC,C03302953
DEC_C15837972,DEC,C15837972
DEC_C57607592,DEC,C57607592
DEC_C59007281,DEC,C59007281
DEC_C14706921,DEC,C14706921
DEC_C12637410,DEC,C12637410
DEC_C63133238,DEC,C63133238
DEC_C63710186,DEC,C63710186
DEC_C64076097,DEC,C64076097
DEC_C64414881,DEC,C64414881
DEC_C35478355,DEC,C35478355
DEC_C35482432,DEC,C35482432
DEC_C64688263,DEC,C64688263
DEC_C64711976,DEC,C64711976
DEC_C65259065,DEC,C65259065
DEC_C11868278,DEC,C11868278
DEC_C14535702,DEC,C14535702
DEC_C39406094,DEC,C39406094
DEC_C39556119,DEC,C39556119
DEC_C39594174,DEC,C39594174
DEC_C39594187,DEC,C39594187
DEC_C39594792,DEC,C39594792
DEC_C39594983,DEC,C39594983
DEC_C39608634,DEC,C39608634
DEC_C39626485,DEC,C39626485
DEC_C39627943,DEC,C39627943
DEC_C39628309,DEC,C39628309
DEC_C39628496,DEC,C39628496
DEC_C39628554,DEC,C39628554
DEC_C39630580,DEC,C39630580
DEC_C39630751,DEC,C39630751
DEC_C39630869,DEC,C39630869
DEC_C39634764,DEC,C39634764
DEC_C39634816,DEC,C39634816
DEC_C39634838,DEC,C39634838
DEC_C39663904,DEC,C39663904
DEC_C39664174,DEC,C39664174
DEC_C39664812,DEC,C39664812
DEC_C39674628,DEC,C39674628
DEC_C39674770,DEC,C39674770
DEC_C39674883,DEC,C39674883
DEC_C39675828,DEC,C39675828
DEC_C39675829,DEC,C39675829
DEC_C39678889,DEC,C39678889
DEC_C39678891,DEC,C39678891
DEC_C39683479,DEC,C39683479
DEC_C39689790,DEC,C39689790
DEC_C39695519,DEC,C39695519
DEC_C39710237,DEC,C39710237
DEC_C39711465,DEC,C39711465
DEC_C39711622,DEC,C39711622
DEC_C39711659,DEC,C39711659
DEC_C46555914,DEC,C46555914
DEC_C63208857,DEC,C63208857
DEC_C63330620,DEC,C63330620
DEC_C63362270,DEC,C63362270
DEC_C63372676,DEC,C63372676
DEC_C63494624,DEC,C63494624
DEC_C63494626,DEC,C63494626
DEC_C63739246,DEC,C63739246
DEC_C63908198,DEC,C63908198
DEC_C63908199,DEC,C63908199
DEC_C63985562,DEC,C63985562
DEC_C64230984,DEC,C64230984
DEC_C65326029,DEC,C65326029
DEC_C04111790,DEC,C04111790
DEC_C09222648,DEC,C09222648
DEC_C09953212,DEC,C09953212
DEC_C10318012,DEC,C10318012
DEC_C11456575,DEC,C11456575
DEC_C12771835,DEC,C12771835
DEC_C12867795,DEC,C12867795
DEC_C12893880,DEC,C12893880
DEC_C12686811,DEC,C12686811
DEC_C13502457,DEC,C13502457
DEC_C13692194,DEC,C13692194
DEC_C13692278,DEC,C13692278
DEC_C14101180,DEC,C14101180
DEC_C14960065,DEC,C14960065
DEC_C15354562,DEC,C15354562
DEC_C15677790,DEC,C15677790
DEC_C16163572,DEC,C16163572
DEC_C21464698,DEC,C21464698
DEC_C22389218,DEC,C22389218
DEC_C22425071,DEC,C22425071
DEC_C22901598,DEC,C22901598
DEC_C23228010,DEC,C23228010
DEC_C24144963,DEC,C24144963
DEC_C24219000,DEC,C24219000
DEC_C24789722,DEC,C24789722
DEC_C25797136,DEC,C25797136
DEC_C26680988,DEC,C26680988
DEC_C26713010,DEC,C26713010
DEC_C35287179,DEC,C35287179
DEC_C36499404,DEC,C36499404
DEC_C36499554,DEC,C36499554
DEC_C36602123,DEC,C36602123
DEC_C15941630,DEC,C15941630
DEC_C15941628,DEC,C15941628
DEC_C13150661,DEC,C13150661
DEC_C08582754,DEC,C08582754
DEC_C33812628,DEC,C33812628
DEC_C39617617,DEC,C39617617
DEC_C40155508,DEC,C40155508
DEC_C41537066,DEC,C41537066
DEC_C43987186,DEC,C43987186
DEC_C46716946,DEC,C46716946
DEC_C12285383,DEC,C12285383
DEC_C57286372,DEC,C57286372
DEC_C14247340,DEC,C14247340
DEC_C41082569,DEC,C41082569
DEC_C20205604,DEC,C20205604
DEC_C13942723,DEC,C13942723
DEC_C64155587,DEC,C64155587
DEC_C64732590,DEC,C64732590
DEC_C04936314,DEC,C04936314
DEC_C06546066,DEC,C06546066
DEC_C09411304,DEC,C09411304
DEC_C09412264,DEC,C09412264
DEC_C09440734,DEC,C09440734
DEC_C09449917,DEC,C09449917
DEC_C10068219,DEC,C10068219
DEC_C10209565,DEC,C10209565
DEC_C11242229,DEC,C11242229
DEC_C12624528,DEC,C12624528
DEC_C12764578,DEC,C12764578
DEC_C12918446,DEC,C12918446
DEC_C13012107,DEC,C13012107
DEC_C14880856,DEC,C14880856
DEC_C16109615,DEC,C16109615
DEC_C16133516,DEC,C16133516
DEC_C17306872,DEC,C17306872
DEC_C19354486,DEC,C19354486
DEC_C20046191,DEC,C20046191
DEC_C13690528,DEC,C13690528
DEC_C21744711,DEC,C21744711
DEC_C21877509,DEC,C21877509
DEC_C24962704,DEC,C24962704
DEC_C26058448,DEC,C26058448
DEC_C27836023,DEC,C27836023
DEC_C29529003,DEC,C29529003
DEC_C32091133,DEC,C32091133
DEC_C32091138,DEC,C32091138
DEC_C32983149,DEC,C32983149
DEC_C35271772,DEC,C35271772
DEC_C36329782,DEC,C36329782
DEC_C03355403,DEC,C03355403
DEC_C12686686,DEC,C12686686
DEC_C13008604,DEC,C13008604
DEC_C39326969,DEC,C39326969
DEC_C36007292,DEC,C36007292
DEC_C39749598,DEC,C39749598
DEC_C40158628,DEC,C40158628
DEC_C45253869,DEC,C45253869
DEC_C45537339,DEC,C45537339
DEC_C45680822,DEC,C45680822
DEC_C58012928,DEC,C58012928
DEC_C58012930,DEC,C58012930
DEC_C24097286,DEC,C24097286
DEC_C58880658,DEC,C58880658
DEC_C58880695,DEC,C58880695
DEC_C59022158,DEC,C59022158
DEC_C60126392,DEC,C60126392
DEC_C39782259,DEC,C39782259
DEC_C65101206,DEC,C65101206
DEC_C05530495,DEC,C05530495
DEC_C05717418,DEC,C05717418
DEC_C06754851,DEC,C06754851
DEC_C08534412,DEC,C08534412
DEC_C00909084,DEC,C00909084
DEC_C09706359,DEC,C09706359
DEC_C10174613,DEC,C10174613
DEC_C11859110,DEC,C11859110
DEC_C09849237,DEC,C09849237
DEC_C20467303,DEC,C20467303
DEC_C20467304,DEC,C20467304
DEC_C29617240,DEC,C29617240
DEC_C31297566,DEC,C31297566
DEC_C32891430,DEC,C32891430
DEC_C17214464,DEC,C17214464
DEC_C01234792,DEC,C01234792
DEC_C38556175,DEC,C38556175
DEC_C38556178,DEC,C38556178
DEC_C38556191,DEC,C38556191
DEC_C38556194,DEC,C38556194
DEC_C38556207,DEC,C38556207
DEC_C38748420,DEC,C38748420
DEC_C39915957,DEC,C39915957
DEC_C39915959,DEC,C39915959
DEC_C41547172,DEC,C41547172
DEC_C42620211,DEC,C42620211
DEC_C44452616,DEC,C44452616
DEC_C47483496,DEC,C47483496
DEC_C47588235,DEC,C47588235
DEC_C52357699,DEC,C52357699
DEC_C53575815,DEC,C53575815
DEC_C09647428,DEC,C09647428
DEC_C57649017,DEC,C57649017
DEC_C57996422,DEC,C57996422
DEC_C25035249,DEC,C25035249
DEC_C58236270,DEC,C58236270
DEC_C58247739,DEC,C58247739
DEC_C26024619,DEC,C26024619
DEC_C53899066,DEC,C53899066
DEC_C19819792,DEC,C19819792
DEC_C61044037,DEC,C61044037
DEC_C63160915,DEC,C63160915
DEC_C66348911,DEC,C66348911
DEC_C66402693,DEC,C66402693
DEC_C66951885,DEC,C66951885
DEC_C66952682,DEC,C66952682
DEC_C67000535,DEC,C67000535
DEC_C67354373,DEC,C67354373
DEC_C67396050,DEC,C67396050
DEC_C67571686,DEC,C67571686
DEC_C08863600,DEC,C08863600
DEC_C09012148,DEC,C09012148
DEC_C13218290,DEC,C13218290
DEC_C13413820,DEC,C13413820
DEC_C13458268,DEC,C13458268
DEC_C13897598,DEC,C13897598
DEC_C16431020,DEC,C16431020
DEC_C08763571,DEC,C08763571
DEC_C09403672,DEC,C09403672
DEC_C02217954,DEC,C02217954
DEC_C22750491,DEC,C22750491
DEC_C09065446,DEC,C09065446
DEC_C16293574,DEC,C16293574
DEC_C33551040,DEC,C33551040
DEC_C34112396,DEC,C34112396
DEC_C34954311,DEC,C34954311
DEC_C35263576,DEC,C35263576
DEC_C35279282,DEC,C35279282
DEC_C35518997,DEC,C35518997
DEC_C35656406,DEC,C35656406
DEC_C35656870,DEC,C35656870
DEC_C36050848,DEC,C36050848
DEC_C36061317,DEC,C36061317
DEC_C09403416,DEC,C09403416
DEC_C38620038,DEC,C38620038
DEC_C38620724,DEC,C38620724
DEC_C38621581,DEC,C38621581
DEC_C38623348,DEC,C38623348
DEC_C38693644,DEC,C38693644
DEC_C38707356,DEC,C38707356
DEC_C39126678,DEC,C39126678
DEC_C39870790,DEC,C39870790
DEC_C39997869,DEC,C39997869
DEC_C39998159,DEC,C39998159
DEC_C41120721,DEC,C41120721
DEC_C47146734,DEC,C47146734
DEC_C02819262,DEC,C02819262
DEC_C59104680,DEC,C59104680
DEC_C59156584,DEC,C59156584
DEC_C59224972,DEC,C59224972
DEC_C16451053,DEC,C16451053
DEC_C33551994,DEC,C33551994
DEC_C59599968,DEC,C59599968
DEC_C59862833,DEC,C59862833
DEC_C59862884,DEC,C59862884
DEC_C39730364,DEC,C39730364
DEC_C39730380,DEC,C39730380
DEC_C39749154,DEC,C39749154
DEC_C02361216,DEC,C02361216
DEC_C65010999,DEC,C65010999
DEC_C12413229,DEC,C12413229
DEC_C12662703,DEC,C12662703
DEC_C13268554,DEC,C13268554
DEC_C13269400,DEC,C13269400
DEC_C16194838,DEC,C16194838
DEC_C18198759,DEC,C18198759
DEC_C01458904,DEC,C01458904
DEC_C09360824,DEC,C09360824
DEC_C09360822,DEC,C09360822
DEC_C25365566,DEC,C25365566
DEC_C27662403,DEC,C27662403
DEC_C33727080,DEC,C33727080
DEC_C33789885,DEC,C33789885
DEC_C09292116,DEC,C09292116
DEC_C34923871,DEC,C34923871
DEC_C34954412,DEC,C34954412
DEC_C35361908,DEC,C35361908
DEC_C35421387,DEC,C35421387
DEC_C35421391,DEC,C35421391
DEC_C35421526,DEC,C35421526
DEC_C35456435,DEC,C35456435
DEC_C35520109,DEC,C35520109
DEC_C35520432,DEC,C35520432
DEC_C21191047,DEC,C21191047
DEC_C35698107,DEC,C35698107
DEC_C35829503,DEC,C35829503
DEC_C36058876,DEC,C36058876
DEC_C38277885,DEC,C38277885
DEC_C39887480,DEC,C39887480
DEC_C39887577,DEC,C39887577
DEC_C40124297,DEC,C40124297
DEC_C40147969,DEC,C40147969
DEC_C40363710,DEC,C40363710
DEC_C40823275,DEC,C40823275
DEC_C43741404,DEC,C43741404
DEC_C44320521,DEC,C44320521
DEC_C44325654,DEC,C44325654
DEC_C13425869,DEC,C13425869
DEC_C13416044,DEC,C13416044
DEC_C13401704,DEC,C13401704
DEC_C13049212,DEC,C13049212
DEC_C32655192,DEC,C32655192
DEC_C59105362,DEC,C59105362
DEC_C33715684,DEC,C33715684
DEC_C59250024,DEC,C59250024
DEC_C02312291,DEC,C02312291
DEC_C02312290,DEC,C02312290
DEC_C63600858,DEC,C63600858
DEC_C36357940,DEC,C36357940
DEC_C09311838,DEC,C09311838
DEC_C06655445,DEC,C06655445
DEC_C06615556,DEC,C06615556
DEC_C02092790,DEC,C02092790
DEC_C13076683,DEC,C13076683
DEC_C13200895,DEC,C13200895
DEC_C13312679,DEC,C13312679
DEC_C13342805,DEC,C13342805
DEC_C13463762,DEC,C13463762
DEC_C16185208,DEC,C16185208
DEC_C03039889,DEC,C03039889
DEC_C17251576,DEC,C17251576
DEC_C23217187,DEC,C23217187
DEC_C27526001,DEC,C27526001
DEC_C28245245,DEC,C28245245
DEC_C29869101,DEC,C29869101
DEC_C33263901,DEC,C33263901
DEC_C09331919,DEC,C09331919
DEC_C34990424,DEC,C34990424
DEC_C35263570,DEC,C35263570
DEC_C09471396,DEC,C09471396
DEC_C09454435,DEC,C09454435
DEC_C09424573,DEC,C09424573
DEC_C09370777,DEC,C09370777
DEC_C38623654,DEC,C38623654
DEC_C38701786,DEC,C38701786
DEC_C38718467,DEC,C38718467
DEC_C13550938,DEC,C13550938
DEC_C39868060,DEC,C39868060
DEC_C43681927,DEC,C43681927
DEC_C38710714,DEC,C38710714
DEC_C01445620,DEC,C01445620
DEC_C40844503,DEC,C40844503
DEC_C15434033,DEC,C15434033
DEC_C21188584,DEC,C21188584
DEC_C02308879,DEC,C02308879
DEC_C33457892,DEC,C33457892
DEC_C20227892,DEC,C20227892
DEC_C39729978,DEC,C39729978
DEC_C39731088,DEC,C39731088
DEC_C39765127,DEC,C39765127
DEC_C18284295,DEC,C18284295
DEC_C63763213,DEC,C63763213
DEC_C63763219,DEC,C63763219
DEC_C64450509,DEC,C64450509
DEC_C35476183,DEC,C35476183
DEC_C64747833,DEC,C64747833
DEC_C35557545,DEC,C35557545
DEC_C35557552,DEC,C35557552
DEC_C65021173,DEC,C65021173
DEC_C66323925,DEC,C66323925
DEC_C04189341,DEC,C04189341
DEC_C06811900,DEC,C06811900
DEC_C08948022,DEC,C08948022
DEC_C02367221,DEC,C02367221
DEC_C09238909,DEC,C09238909
DEC_C09254871,DEC,C09254871
DEC_C09952140,DEC,C09952140
DEC_C09956968,DEC,C09956968
DEC_C10876415,DEC,C10876415
DEC_C12461809,DEC,C12461809
DEC_C14551047,DEC,C14551047
DEC_C16780241,DEC,C16780241
DEC_C18270801,DEC,C18270801
DEC_C19420750,DEC,C19420750
DEC_C20413857,DEC,C20413857
DEC_C21242423,DEC,C21242423
DEC_C21251951,DEC,C21251951
DEC_C22609853,DEC,C22609853
DEC_C24304995,DEC,C24304995
DEC_C27533356,DEC,C27533356
DEC_C34792782,DEC,C34792782
DEC_C34792950,DEC,C34792950
DEC_C35578102,DEC,C35578102
DEC_C35807321,DEC,C35807321
DEC_C36877090,DEC,C36877090
DEC_C38659310,DEC,C38659310
DEC_C38743530,DEC,C38743530
DEC_C39352275,DEC,C39352275
DEC_C29698510,DEC,C29698510
DEC_C13246236,DEC,C13246236
DEC_C13249619,DEC,C13249619
DEC_C13249639,DEC,C13249639
DEC_C40796672,DEC,C40796672
DEC_C40801832,DEC,C40801832
DEC_C40816149,DEC,C40816149
DEC_C40823425,DEC,C40823425
DEC_C40983096,DEC,C40983096
DEC_C41020100,DEC,C41020100
DEC_C41089684,DEC,C41089684
DEC_C41548629,DEC,C41548629
DEC_C45452654,DEC,C45452654
DEC_C02419199,DEC,C02419199
DEC_C02475873,DEC,C02475873
DEC_C15645563,DEC,C15645563
DEC_C16397711,DEC,C16397711
DEC_C13055889,DEC,C13055889
DEC_C21537166,DEC,C21537166
DEC_C46004867,DEC,C46004867
DEC_C64874191,DEC,C64874191
DEC_C64930617,DEC,C64930617
DEC_C00938454,DEC,C00938454
DEC_C04987496,DEC,C04987496
DEC_C08285437,DEC,C08285437
DEC_C08716067,DEC,C08716067
DEC_C08914870,DEC,C08914870
DEC_C09039419,DEC,C09039419
DEC_C03593363,DEC,C03593363
DEC_C00917441,DEC,C00917441
DEC_C01378172,DEC,C01378172
DEC_C13286610,DEC,C13286610
DEC_C14471888,DEC,C14471888
DEC_C15465143,DEC,C15465143
DEC_C15465145,DEC,C15465145
DEC_C16173929,DEC,C16173929
DEC_C16742781,DEC,C16742781
DEC_C20601853,DEC,C20601853
DEC_C06389559,DEC,C06389559
DEC_C05858735,DEC,C05858735
DEC_C22685391,DEC,C22685391
DEC_C23498896,DEC,C23498896
DEC_C23995450,DEC,C23995450
DEC_C31659614,DEC,C31659614
DEC_C24108377,DEC,C24108377
DEC_C01060240,DEC,C01060240
DEC_C38517913,DEC,C38517913
DEC_C39920501,DEC,C39920501
DEC_C39920502,DEC,C39920502
DEC_C40569627,DEC,C40569627
DEC_C40839482,DEC,C40839482
DEC_C45731698,DEC,C45731698
DEC_C08660817,DEC,C08660817
DEC_C08660818,DEC,C08660818
DEC_C54219807,DEC,C54219807
DEC_C00866913,DEC,C00866913
DEC_C00866912,DEC,C00866912
DEC_C57992291,DEC,C57992291
DEC_C15823508,DEC,C15823508
DEC_C21898117,DEC,C21898117
DEC_C58917403,DEC,C58917403
DEC_C58999253,DEC,C58999253
DEC_C59013118,DEC,C59013118
DEC_C59168148,DEC,C59168148
DEC_C59515550,DEC,C59515550
DEC_C54882122,DEC,C54882122
DEC_C13995173,DEC,C13995173
DEC_C13995179,DEC,C13995179
DEC_C60205694,DEC,C60205694
DEC_C02501505,DEC,C02501505
DEC_C63974845,DEC,C63974845
DEC_C66575486,DEC,C66575486
DEC_C04019872,DEC,C04019872
DEC_C04316238,DEC,C04316238
DEC_C03599363,DEC,C03599363
DEC_C06520938,DEC,C06520938
DEC_C12534682,DEC,C12534682
DEC_C09049181,DEC,C09049181
DEC_C17016426,DEC,C17016426
DEC_C18601450,DEC,C18601450
DEC_C21603569,DEC,C21603569
DEC_C21824163,DEC,C21824163
DEC_C22868069,DEC,C22868069
DEC_C24216909,DEC,C24216909
DEC_C31167890,DEC,C31167890
DEC_C36538474,DEC,C36538474
DEC_C06844203,DEC,C06844203
DEC_C42890733,DEC,C42890733
DEC_C42890738,DEC,C42890738
DEC_C43713249,DEC,C43713249
DEC_C45724604,DEC,C45724604
DEC_C46266076,DEC,C46266076
DEC_C46266078,DEC,C46266078
DEC_C47444535,DEC,C47444535
DEC_C49271280,DEC,C49271280
DEC_C50139884,DEC,C50139884
DEC_C51617583,DEC,C51617583
DEC_C54731115,DEC,C54731115
DEC_C55109380,DEC,C55109380
DEC_C56159511,DEC,C56159511
DEC_C57414206,DEC,C57414206
DEC_C08123683,DEC,C08123683
DEC_C58171180,DEC,C58171180
DEC_C59816154,DEC,C59816154
DEC_C60354239,DEC,C60354239
DEC_C11391815,DEC,C11391815
DEC_C61500376,DEC,C61500376
DEC_C63404350,DEC,C63404350
DEC_C40009787,DEC,C40009787
DEC_C40014262,DEC,C40014262
DEC_C64629529,DEC,C64629529
DEC_C64940579,DEC,C64940579
DEC_C66241197,DEC,C66241197
DEC_C25880367,DEC,C25880367
DEC_C66856624,DEC,C66856624
DEC_C66923142,DEC,C66923142
DEC_C67239345,DEC,C67239345
DEC_C67262615,DEC,C67262615
DEC_C67310877,DEC,C67310877
DEC_C67463751,DEC,C67463751
DEC_C67554586,DEC,C67554586
DEC_C67564785,DEC,C67564785
DEC_C03600445,DEC,C03600445
DEC_C03610800,DEC,C03610800
DEC_C05021541,DEC,C05021541
DEC_C07118509,DEC,C07118509
DEC_C07519757,DEC,C07519757
DEC_C00907969,DEC,C00907969
DEC_C02435225,DEC,C02435225
DEC_C08962032,DEC,C08962032
DEC_C08962072,DEC,C08962072
DEC_C11214836,DEC,C11214836
DEC_C11335541,DEC,C11335541
DEC_C11851877,DEC,C11851877
DEC_C05209790,DEC,C05209790
DEC_C29283875,DEC,C29283875
DEC_C29283877,DEC,C29283877
DEC_C01626622,DEC,C01626622
DEC_C36624159,DEC,C36624159
DEC_C04515705,DEC,C04515705
DEC_C39395896,DEC,C39395896
DEC_C39574663,DEC,C39574663
DEC_C39583522,DEC,C39583522
DEC_C39862906,DEC,C39862906
DEC_C40112901,DEC,C40112901
DEC_C42996948,DEC,C42996948
DEC_C43357216,DEC,C43357216
DEC_C46865996,DEC,C46865996
DEC_C48575939,DEC,C48575939
DEC_C13121926,DEC,C13121926
DEC_C05415001,DEC,C05415001
DEC_C56775237,DEC,C56775237
DEC_C06556823,DEC,C06556823
DEC_C57343749,DEC,C57343749
DEC_C58272206,DEC,C58272206
DEC_C59465877,DEC,C59465877
DEC_C48135269,DEC,C48135269
DEC_C61442238,DEC,C61442238
DEC_C61448905,DEC,C61448905
DEC_C61462174,DEC,C61462174
DEC_C61852986,DEC,C61852986
DEC_C63651605,DEC,C63651605
DEC_C06744567,DEC,C06744567
DEC_C06744564,DEC,C06744564
DEC_C64592277,DEC,C64592277
DEC_C64609275,DEC,C64609275
DEC_C65461959,DEC,C65461959
DEC_C65666435,DEC,C65666435
DEC_C23154092,DEC,C23154092
DEC_C66396503,DEC,C66396503
DEC_C66487976,DEC,C66487976
DEC_C66859835,DEC,C66859835
DEC_C00121676,DEC,C00121676
DEC_C04944366,DEC,C04944366
DEC_C01690047,DEC,C01690047
DEC_C01247471,DEC,C01247471
DEC_C07112571,DEC,C07112571
DEC_C07420312,DEC,C07420312
DEC_C07253163,DEC,C07253163
DEC_C07253580,DEC,C07253580
DEC_C04941332,DEC,C04941332
DEC_C08839332,DEC,C08839332
DEC_C08879544,DEC,C08879544
DEC_C16208971,DEC,C16208971
DEC_C20599502,DEC,C20599502
DEC_C21729835,DEC,C21729835
DEC_C25067040,DEC,C25067040
DEC_C06909195,DEC,C06909195
DEC_C39440956,DEC,C39440956
DEC_C39578311,DEC,C39578311
DEC_C39737885,DEC,C39737885
DEC_C14085995,DEC,C14085995
DEC_C39859835,DEC,C39859835
DEC_C40151648,DEC,C40151648
DEC_C40569125,DEC,C40569125
DEC_C43275868,DEC,C43275868
DEC_C44002845,DEC,C44002845
DEC_C44019532,DEC,C44019532
DEC_C45797101,DEC,C45797101
DEC_C45962105,DEC,C45962105
DEC_C47152500,DEC,C47152500
DEC_C47317860,DEC,C47317860
DEC_C48099689,DEC,C48099689
DEC_C48099729,DEC,C48099729
DEC_C49739125,DEC,C49739125
DEC_C54729509,DEC,C54729509
DEC_C19322346,DEC,C19322346
DEC_C58382017,DEC,C58382017
DEC_C58396114,DEC,C58396114
DEC_C43534890,DEC,C43534890
DEC_C60786592,DEC,C60786592
DEC_C13127032,DEC,C13127032
DEC_C06753009,DEC,C06753009
DEC_C65313609,DEC,C65313609
DEC_C14898503,DEC,C14898503
DEC_C65623136,DEC,C65623136
DEC_C66106591,DEC,C66106591
DEC_C66234932,DEC,C66234932
DEC_C66978729,DEC,C66978729
DEC_C67040052,DEC,C67040052
DEC_C67056075,DEC,C67056075
DEC_C67577267,DEC,C67577267
DEC_C04373154,DEC,C04373154
DEC_C05359110,DEC,C05359110
DEC_C01441645,DEC,C01441645
DEC_C06514327,DEC,C06514327
DEC_C02152079,DEC,C02152079
DEC_C07545068,DEC,C07545068
DEC_C08708279,DEC,C08708279
DEC_C08724871,DEC,C08724871
DEC_C10389022,DEC,C10389022
DEC_C12146704,DEC,C12146704
DEC_C12554788,DEC,C12554788
DEC_C14251760,DEC,C14251760
DEC_C01026740,DEC,C01026740
DEC_C26112400,DEC,C26112400
DEC_C28248885,DEC,C28248885
DEC_C29086258,DEC,C29086258
DEC_C36754196,DEC,C36754196
DEC_C00822990,DEC,C00822990
DEC_C02112873,DEC,C02112873
DEC_C04470074,DEC,C04470074
DEC_C39451697,DEC,C39451697
DEC_C40823393,DEC,C40823393
DEC_C41546333,DEC,C41546333
DEC_C44921239,DEC,C44921239
DEC_C45962117,DEC,C45962117
DEC_C47325711,DEC,C47325711
DEC_C53219810,DEC,C53219810
DEC_C53576763,DEC,C53576763
DEC_C44667436,DEC,C44667436
DEC_C02749260,DEC,C02749260
DEC_C56875851,DEC,C56875851
DEC_C57634479,DEC,C57634479
DEC_C07408916,DEC,C07408916
DEC_C58153057,DEC,C58153057
DEC_C22641370,DEC,C22641370
DEC_C17441137,DEC,C17441137
DEC_C14413012,DEC,C14413012
DEC_C59772728,DEC,C59772728
DEC_C63330317,DEC,C63330317
DEC_C63869533,DEC,C63869533
DEC_C64811616,DEC,C64811616
DEC_C65420127,DEC,C65420127
DEC_C66234671,DEC,C66234671
DEC_C66398528,DEC,C66398528
DEC_C66497732,DEC,C66497732
DEC_C66869342,DEC,C66869342
DEC_C66956897,DEC,C66956897
DEC_C67020775,DEC,C67020775
DEC_C67081247,DEC,C67081247
DEC_C67127739,DEC,C67127739
DEC_C04289824,DEC,C04289824
DEC_C02571767,DEC,C02571767
DEC_C04808406,DEC,C04808406
DEC_C05582195,DEC,C05582195
DEC_C06353524,DEC,C06353524
DEC_C06643199,DEC,C06643199
DEC_C06940900,DEC,C06940900
DEC_C08327606,DEC,C08327606
DEC_C08393042,DEC,C08393042
DEC_C07138778,DEC,C07138778
DEC_C15226110,DEC,C15226110
DEC_C16069212,DEC,C16069212
DEC_C21056840,DEC,C21056840
DEC_C29273260,DEC,C29273260
DEC_C28658784,DEC,C28658784
DEC_C37556213,DEC,C37556213
DEC_C37556238,DEC,C37556238
DEC_C02387291,DEC,C02387291
DEC_C38556404,DEC,C38556404
DEC_C37556366,DEC,C37556366
DEC_C39518493,DEC,C39518493
DEC_C14076163,DEC,C14076163
DEC_C14076165,DEC,C14076165
DEC_C42593934,DEC,C42593934
DEC_C45540365,DEC,C45540365
DEC_C46609176,DEC,C46609176
DEC_C48604735,DEC,C48604735
DEC_C50226854,DEC,C50226854
DEC_C51614146,DEC,C51614146
DEC_C51711763,DEC,C51711763
DEC_C53129620,DEC,C53129620
DEC_C53457540,DEC,C53457540
DEC_C53852295,DEC,C53852295
DEC_C54062834,DEC,C54062834
DEC_C11237656,DEC,C11237656
DEC_C57849701,DEC,C57849701
DEC_C45816912,DEC,C45816912
DEC_C05936642,DEC,C05936642
DEC_C48560574,DEC,C48560574
DEC_C09066209,DEC,C09066209
DEC_C63651199,DEC,C63651199
DEC_C64939073,DEC,C64939073
DEC_C64940226,DEC,C64940226
DEC_C65919143,DEC,C65919143
DEC_C65975510,DEC,C65975510
DEC_C66365889,DEC,C66365889
DEC_C66605070,DEC,C66605070
DEC_C67359315,DEC,C67359315
DEC_C67389934,DEC,C67389934
DEC_C67614672,DEC,C67614672
DEC_C04514148,DEC,C04514148
DEC_C02839095,DEC,C02839095
DEC_C04978951,DEC,C04978951
DEC_C06528627,DEC,C06528627
DEC_C03532928,DEC,C03532928
DEC_C06984684,DEC,C06984684
DEC_C11379315,DEC,C11379315
DEC_C14657633,DEC,C14657633
DEC_C21056764,DEC,C21056764
DEC_C21083019,DEC,C21083019
DEC_C21603582,DEC,C21603582
DEC_C28658635,DEC,C28658635
DEC_C36806282,DEC,C36806282
DEC_C02064528,DEC,C02064528
DEC_C04869356,DEC,C04869356
DEC_C39539241,DEC,C39539241
DEC_C40152817,DEC,C40152817
DEC_C40172480,DEC,C40172480
DEC_C42844377,DEC,C42844377
DEC_C45120971,DEC,C45120971
DEC_C45799276,DEC,C45799276
DEC_C46958679,DEC,C46958679
DEC_C48370295,DEC,C48370295
DEC_C49682057,DEC,C49682057
DEC_C51289497,DEC,C51289497
DEC_C09755630,DEC,C09755630
DEC_C55396461,DEC,C55396461
DEC_C56248435,DEC,C56248435
DEC_C58089968,DEC,C58089968
DEC_C58101506,DEC,C58101506
DEC_C60332852,DEC,C60332852
DEC_C61202927,DEC,C61202927
DEC_C62241771,DEC,C62241771
DEC_C63213253,DEC,C63213253
DEC_C63934775,DEC,C63934775
DEC_C23143359,DEC,C23143359
DEC_C53324134,DEC,C53324134
DEC_C64899940,DEC,C64899940
DEC_C65133520,DEC,C65133520
DEC_C65135467,DEC,C65135467
DEC_C65144410,DEC,C65144410
DEC_C65833017,DEC,C65833017
DEC_C66159297,DEC,C66159297
DEC_C57456158,DEC,C57456158
DEC_C66524599,DEC,C66524599
DEC_C66679731,DEC,C66679731
DEC_C67175254,DEC,C67175254
DEC_C67236897,DEC,C67236897
DEC_C67323113,DEC,C67323113
DEC_C67357356,DEC,C67357356
DEC_C05188763,DEC,C05188763
DEC_C05206408,DEC,C05206408
DEC_C06049247,DEC,C06049247
DEC_C06049249,DEC,C06049249
DEC_C07530609,DEC,C07530609
DEC_C08327763,DEC,C08327763
DEC_C03531971,DEC,C03531971
DEC_C16553916,DEC,C16553916
DEC_C17472502,DEC,C17472502
DEC_C22234323,DEC,C22234323
DEC_C23465852,DEC,C23465852
DEC_C37665342,DEC,C37665342
DEC_C39514845,DEC,C39514845
DEC_C42448392,DEC,C42448392
DEC_C45233355,DEC,C45233355
DEC_C46973680,DEC,C46973680
DEC_C46974008,DEC,C46974008
DEC_C47525436,DEC,C47525436
DEC_C51613931,DEC,C51613931
DEC_C07473724,DEC,C07473724
DEC_C38448421,DEC,C38448421
DEC_C58161925,DEC,C58161925
DEC_C58161926,DEC,C58161926
DEC_C45634253,DEC,C45634253
DEC_C20202064,DEC,C20202064
DEC_C60372226,DEC,C60372226
DEC_C61479492,DEC,C61479492
DEC_C48372752,DEC,C48372752
DEC_C49270579,DEC,C49270579
DEC_C61976712,DEC,C61976712
DEC_C63261204,DEC,C63261204
DEC_C64425080,DEC,C64425080
DEC_C64899038,DEC,C64899038
DEC_C64899419,DEC,C64899419
DEC_C64899632,DEC,C64899632
DEC_C65190157,DEC,C65190157
DEC_C65206272,DEC,C65206272
DEC_C65207385,DEC,C65207385
DEC_C66179265,DEC,C66179265
DEC_C66203683,DEC,C66203683
DEC_C66644168,DEC,C66644168
DEC_C67066962,DEC,C67066962
DEC_C67314894,DEC,C67314894
DEC_C67359257,DEC,C67359257
DEC_C67389459,DEC,C67389459
DEC_C67412916,DEC,C67412916
DEC_C67514049,DEC,C67514049
DEC_C67543721,DEC,C67543721
DEC_C67575343,DEC,C67575343
DEC_C67604550,DEC,C67604550
DEC_C02490472,DEC,C02490472
DEC_C04960413,DEC,C04960413
DEC_C05009394,DEC,C05009394
DEC_C08728639,DEC,C08728639
DEC_C10551244,DEC,C10551244
DEC_C07131269,DEC,C07131269
DEC_C08569127,DEC,C08569127
DEC_C05020119,DEC,C05020119
DEC_C20534688,DEC,C20534688
DEC_C21603580,DEC,C21603580
DEC_C07236092,DEC,C07236092
DEC_C31025262,DEC,C31025262
DEC_C05732527,DEC,C05732527
DEC_C32577085,DEC,C32577085
DEC_C04869353,DEC,C04869353
DEC_C39206064,DEC,C39206064
DEC_C40152816,DEC,C40152816
DEC_C40172053,DEC,C40172053
DEC_C40172479,DEC,C40172479
DEC_C42085202,DEC,C42085202
DEC_C42158118,DEC,C42158118
DEC_C42844376,DEC,C42844376
DEC_C43711229,DEC,C43711229
DEC_C46078445,DEC,C46078445
DEC_C46235320,DEC,C46235320
DEC_C47007221,DEC,C47007221
DEC_C55250388,DEC,C55250388
DEC_C08502743,DEC,C08502743
DEC_C58201098,DEC,C58201098
DEC_C29600483,DEC,C29600483
DEC_C20201426,DEC,C20201426
DEC_C60415350,DEC,C60415350
DEC_C17398714,DEC,C17398714
DEC_C61107418,DEC,C61107418
DEC_C61541254,DEC,C61541254
DEC_C63069589,DEC,C63069589
DEC_C63452072,DEC,C63452072
DEC_C64372314,DEC,C64372314
DEC_C64898776,DEC,C64898776
DEC_C64939149,DEC,C64939149
DEC_C65147775,DEC,C65147775
DEC_C65180616,DEC,C65180616
DEC_C65786874,DEC,C65786874
DEC_C66203684,DEC,C66203684
DEC_C66327532,DEC,C66327532
DEC_C66574319,DEC,C66574319
DEC_C66679730,DEC,C66679730
DEC_C66790832,DEC,C66790832
DEC_C67236770,DEC,C67236770
DEC_C67561008,DEC,C67561008
DEC_C04172278,DEC,C04172278
DEC_C04632427,DEC,C04632427
DEC_C04908046,DEC,C04908046
DEC_C09515547,DEC,C09515547
DEC_C12446272,DEC,C12446272
DEC_C16043186,DEC,C16043186
DEC_C19562171,DEC,C19562171
DEC_C19798558,DEC,C19798558
DEC_C25865512,DEC,C25865512
DEC_C29049473,DEC,C29049473
DEC_C29049477,DEC,C29049477
DEC_C30879757,DEC,C30879757
DEC_C32561074,DEC,C32561074
DEC_C34899531,DEC,C34899531
DEC_C37769914,DEC,C37769914
DEC_C00940744,DEC,C00940744
DEC_C39605291,DEC,C39605291
DEC_C39605411,DEC,C39605411
DEC_C39655271,DEC,C39655271
DEC_C39655274,DEC,C39655274
DEC_C39655524,DEC,C39655524
DEC_C39671381,DEC,C39671381
DEC_C20598401,DEC,C20598401
DEC_C43929637,DEC,C43929637
DEC_C48081036,DEC,C48081036
DEC_C49036801,DEC,C49036801
DEC_C50669554,DEC,C50669554
DEC_C54276921,DEC,C54276921
DEC_C48284575,DEC,C48284575
DEC_C48488640,DEC,C48488640
DEC_C55996331,DEC,C55996331
DEC_C56134834,DEC,C56134834
DEC_C56946125,DEC,C56946125
DEC_C57653834,DEC,C57653834
DEC_C58175529,DEC,C58175529
DEC_C54394344,DEC,C54394344
DEC_C62525421,DEC,C62525421
DEC_C63162442,DEC,C63162442
DEC_C63242481,DEC,C63242481
DEC_C63665639,DEC,C63665639
DEC_C63862670,DEC,C63862670
DEC_C65761270,DEC,C65761270
DEC_C66121258,DEC,C66121258
DEC_C66390328,DEC,C66390328
DEC_C66698264,DEC,C66698264
DEC_C66698628,DEC,C66698628
DEC_C67042040,DEC,C67042040
DEC_C67102554,DEC,C67102554
DEC_C67415567,DEC,C67415567
DEC_C67649551,DEC,C67649551
DEC_C02623455,DEC,C02623455
DEC_C06293071,DEC,C06293071
DEC_C14170279,DEC,C14170279
DEC_C15290667,DEC,C15290667
DEC_C11731203,DEC,C11731203
DEC_C19221823,DEC,C19221823
DEC_C08488055,DEC,C08488055
DEC_C35081878,DEC,C35081878
DEC_C35331812,DEC,C35331812
DEC_C35661164,DEC,C35661164
DEC_C36939669,DEC,C36939669
DEC_C19851455,DEC,C19851455
DEC_C35081890,DEC,C35081890
DEC_C02512313,DEC,C02512313
DEC_C40303843,DEC,C40303843
DEC_C40369655,DEC,C40369655
DEC_C40370520,DEC,C40370520
DEC_C40371081,DEC,C40371081
DEC_C40372257,DEC,C40372257
DEC_C40373014,DEC,C40373014
DEC_C40471598,DEC,C40471598
DEC_C40480192,DEC,C40480192
DEC_C41023685,DEC,C41023685
DEC_C44560412,DEC,C44560412
DEC_C44783372,DEC,C44783372
DEC_C44784291,DEC,C44784291
DEC_C44785001,DEC,C44785001
DEC_C44863251,DEC,C44863251
DEC_C44863866,DEC,C44863866
DEC_C45047586,DEC,C45047586
DEC_C48834144,DEC,C48834144
DEC_C49092451,DEC,C49092451
DEC_C49519270,DEC,C49519270
DEC_C50397376,DEC,C50397376
DEC_C51113404,DEC,C51113404
DEC_C51151206,DEC,C51151206
DEC_C51992851,DEC,C51992851
DEC_C52852869,DEC,C52852869
DEC_C53008399,DEC,C53008399
DEC_C53115088,DEC,C53115088
DEC_C54155562,DEC,C54155562
DEC_C57325084,DEC,C57325084
DEC_C58056669,DEC,C58056669
DEC_C52146783,DEC,C52146783
DEC_C61440304,DEC,C61440304
DEC_C61886234,DEC,C61886234
DEC_C62810599,DEC,C62810599
DEC_C62810600,DEC,C62810600
DEC_C62953168,DEC,C62953168
DEC_C15973671,DEC,C15973671
DEC_C04064379,DEC,C04064379
DEC_C04377857,DEC,C04377857
DEC_C04518548,DEC,C04518548
DEC_C07719029,DEC,C07719029
DEC_C08775406,DEC,C08775406
DEC_C09683261,DEC,C09683261
DEC_C12155744,DEC,C12155744
DEC_C12859963,DEC,C12859963
DEC_C12859973,DEC,C12859973
DEC_C12726680,DEC,C12726680
DEC_C14991167,DEC,C14991167
DEC_C12129918,DEC,C12129918
DEC_C20852555,DEC,C20852555
DEC_C20988527,DEC,C20988527
DEC_C21787762,DEC,C21787762
DEC_C27299516,DEC,C27299516
DEC_C27579781,DEC,C27579781
DEC_C28290762,DEC,C28290762
DEC_C28293711,DEC,C28293711
DEC_C03455805,DEC,C03455805
DEC_C34740652,DEC,C34740652
DEC_C07699119,DEC,C07699119
DEC_C38688993,DEC,C38688993
DEC_C38789270,DEC,C38789270
DEC_C38984815,DEC,C38984815
DEC_C39143098,DEC,C39143098
DEC_C39412835,DEC,C39412835
DEC_C39581501,DEC,C39581501
DEC_C05587831,DEC,C05587831
DEC_C39960152,DEC,C39960152
DEC_C39960478,DEC,C39960478
DEC_C39982933,DEC,C39982933
DEC_C43465364,DEC,C43465364
DEC_C45471460,DEC,C45471460
DEC_C36652185,DEC,C36652185
DEC_C05470608,DEC,C05470608
DEC_C50274162,DEC,C50274162
DEC_C05948666,DEC,C05948666
DEC_C05726727,DEC,C05726727
DEC_C13806198,DEC,C13806198
DEC_C41354998,DEC,C41354998
DEC_C41356186,DEC,C41356186
DEC_C41514726,DEC,C41514726
DEC_C63627413,DEC,C63627413
DEC_C63663688,DEC,C63663688
DEC_C63804540,DEC,C63804540
DEC_C38984815,DEC,C38984815
DEC_C64041932,DEC,C64041932
DEC_C67295365,DEC,C67295365
DEC_C67296615,DEC,C67296615
DEC_C04227434,DEC,C04227434
DEC_C00161641,DEC,C00161641
DEC_C05766706,DEC,C05766706
DEC_C03284427,DEC,C03284427
DEC_C14459581,DEC,C14459581
DEC_C20328929,DEC,C20328929
DEC_C20390606,DEC,C20390606
DEC_C21013718,DEC,C21013718
DEC_C21059715,DEC,C21059715
DEC_C21061728,DEC,C21061728
DEC_C21511102,DEC,C21511102
DEC_C21789191,DEC,C21789191
DEC_C22862458,DEC,C22862458
DEC_C17108933,DEC,C17108933
DEC_C32227320,DEC,C32227320
DEC_C36277550,DEC,C36277550
DEC_C36278095,DEC,C36278095
DEC_C36290175,DEC,C36290175
DEC_C36922543,DEC,C36922543
DEC_C37327623,DEC,C37327623
DEC_C37902127,DEC,C37902127
DEC_C38090164,DEC,C38090164
DEC_C39335740,DEC,C39335740
DEC_C39521245,DEC,C39521245
DEC_C39521358,DEC,C39521358
DEC_C39521811,DEC,C39521811
DEC_C40707799,DEC,C40707799
DEC_C40708012,DEC,C40708012
DEC_C41545581,DEC,C41545581
DEC_C41660229,DEC,C41660229
DEC_C42038823,DEC,C42038823
DEC_C45026277,DEC,C45026277
DEC_C48413506,DEC,C48413506
DEC_C48978185,DEC,C48978185
DEC_C49009484,DEC,C49009484
DEC_C49009635,DEC,C49009635
DEC_C49978845,DEC,C49978845
DEC_C49978855,DEC,C49978855
DEC_C49978972,DEC,C49978972
DEC_C49978982,DEC,C49978982
DEC_C54402222,DEC,C54402222
DEC_C54699375,DEC,C54699375
DEC_C43668515,DEC,C43668515
DEC_C47334048,DEC,C47334048
DEC_C62496611,DEC,C62496611
DEC_C62497005,DEC,C62497005
DEC_C62497017,DEC,C62497017
DEC_C62826843,DEC,C62826843
DEC_C64316487,DEC,C64316487
DEC_C66859827,DEC,C66859827
DEC_C11851105,DEC,C11851105
DEC_C00481573,DEC,C00481573
DEC_C13460331,DEC,C13460331
DEC_C05510640,DEC,C05510640
DEC_C11568852,DEC,C11568852
DEC_C12410406,DEC,C12410406
DEC_C19870505,DEC,C19870505
DEC_C20841882,DEC,C20841882
DEC_C21045558,DEC,C21045558
DEC_C22995865,DEC,C22995865
DEC_C19760434,DEC,C19760434
DEC_C36749584,DEC,C36749584
DEC_C36722168,DEC,C36722168
DEC_C36915788,DEC,C36915788
DEC_C37638332,DEC,C37638332
DEC_C37653954,DEC,C37653954
DEC_C38537109,DEC,C38537109
DEC_C37759137,DEC,C37759137
DEC_C39101097,DEC,C39101097
DEC_C39101098,DEC,C39101098
DEC_C39102502,DEC,C39102502
DEC_C39115540,DEC,C39115540
DEC_C39294815,DEC,C39294815
DEC_C39523342,DEC,C39523342
DEC_C39952811,DEC,C39952811
DEC_C40350319,DEC,C40350319
DEC_C42844640,DEC,C42844640
DEC_C42844642,DEC,C42844642
DEC_C43512876,DEC,C43512876
DEC_C43554062,DEC,C43554062
DEC_C49241216,DEC,C49241216
DEC_C49932840,DEC,C49932840
DEC_C50430137,DEC,C50430137
DEC_C50867163,DEC,C50867163
DEC_C51596050,DEC,C51596050
DEC_C51730244,DEC,C51730244
DEC_C52012423,DEC,C52012423
DEC_C52756657,DEC,C52756657
DEC_C53072773,DEC,C53072773
DEC_C54498037,DEC,C54498037
DEC_C54526161,DEC,C54526161
DEC_C54961808,DEC,C54961808
DEC_C54965285,DEC,C54965285
DEC_C58040526,DEC,C58040526
DEC_C41046695,DEC,C41046695
DEC_C41161466,DEC,C41161466
DEC_C62153023,DEC,C62153023
DEC_C62349356,DEC,C62349356
DEC_C63075467,DEC,C63075467
DEC_C63737433,DEC,C63737433
DEC_C07203978,DEC,C07203978
DEC_C01873301,DEC,C01873301
DEC_C08749158,DEC,C08749158
DEC_C09167054,DEC,C09167054
DEC_C13427038,DEC,C13427038
DEC_C18325447,DEC,C18325447
DEC_C27261014,DEC,C27261014
DEC_C36570921,DEC,C36570921
DEC_C38556254,DEC,C38556254
DEC_C38786894,DEC,C38786894
DEC_C39558806,DEC,C39558806
DEC_C39559514,DEC,C39559514
DEC_C40309296,DEC,C40309296
DEC_C44452665,DEC,C44452665
DEC_C45148569,DEC,C45148569
DEC_C45233542,DEC,C45233542
DEC_C45677889,DEC,C45677889
DEC_C45725008,DEC,C45725008
DEC_C45853186,DEC,C45853186
DEC_C46646307,DEC,C46646307
DEC_C47872040,DEC,C47872040
DEC_C47872041,DEC,C47872041
DEC_C05315752,DEC,C05315752
DEC_C56206717,DEC,C56206717
DEC_C24080465,DEC,C24080465
DEC_C58385112,DEC,C58385112
DEC_C58570573,DEC,C58570573
DEC_C59474651,DEC,C59474651
DEC_C06533174,DEC,C06533174
DEC_C61263001,DEC,C61263001
DEC_C48180004,DEC,C48180004
DEC_C04751039,DEC,C04751039
DEC_C64227631,DEC,C64227631
DEC_C64409725,DEC,C64409725
DEC_C65133759,DEC,C65133759
DEC_C65480732,DEC,C65480732
DEC_C66426444,DEC,C66426444
DEC_C66684225,DEC,C66684225
DEC_C66705017,DEC,C66705017
DEC_C66925742,DEC,C66925742
DEC_C66952949,DEC,C66952949
DEC_C67240411,DEC,C67240411
DEC_C67462202,DEC,C67462202
DEC_C67470370,DEC,C67470370
DEC_C67527902,DEC,C67527902
DEC_C67558070,DEC,C67558070
DEC_C67563702,DEC,C67563702
DEC_C67564473,DEC,C67564473
DEC_C67564475,DEC,C67564475
DEC_C67583734,DEC,C67583734
DEC_C00731964,DEC,C00731964
DEC_C01830514,DEC,C01830514
DEC_C09846266,DEC,C09846266
DEC_C01430909,DEC,C01430909
DEC_C13018140,DEC,C13018140
DEC_C06108694,DEC,C06108694
DEC_C16215145,DEC,C16215145
DEC_C01268970,DEC,C01268970
DEC_C25985224,DEC,C25985224
DEC_C27263271,DEC,C27263271
DEC_C28358979,DEC,C28358979
DEC_C33171872,DEC,C33171872
DEC_C33171912,DEC,C33171912
DEC_C38994959,DEC,C38994959
DEC_C39006821,DEC,C39006821
DEC_C41069947,DEC,C41069947
DEC_C44249293,DEC,C44249293
DEC_C44249296,DEC,C44249296
DEC_C45533594,DEC,C45533594
DEC_C45699305,DEC,C45699305
DEC_C46613667,DEC,C46613667
DEC_C47878603,DEC,C47878603
DEC_C49102190,DEC,C49102190
DEC_C49102193,DEC,C49102193
DEC_C56206687,DEC,C56206687
DEC_C56644385,DEC,C56644385
DEC_C56644412,DEC,C56644412
DEC_C56813752,DEC,C56813752
DEC_C57195548,DEC,C57195548
DEC_C57481701,DEC,C57481701
DEC_C58166050,DEC,C58166050
DEC_C58548645,DEC,C58548645
DEC_C62824766,DEC,C62824766
DEC_C63415974,DEC,C63415974
DEC_C63717995,DEC,C63717995
DEC_C64643593,DEC,C64643593
DEC_C66135684,DEC,C66135684
DEC_C66161986,DEC,C66161986
DEC_C66234334,DEC,C66234334
DEC_C66343423,DEC,C66343423
DEC_C66596610,DEC,C66596610
DEC_C66668290,DEC,C66668290
DEC_C66925981,DEC,C66925981
DEC_C66938966,DEC,C66938966
DEC_C67144455,DEC,C67144455
DEC_C67144458,DEC,C67144458
DEC_C67309390,DEC,C67309390
DEC_C67313606,DEC,C67313606
DEC_C67492927,DEC,C67492927
DEC_C67605891,DEC,C67605891
DEC_C00931608,DEC,C00931608
DEC_C04571501,DEC,C04571501
DEC_C02851127,DEC,C02851127
DEC_C05795140,DEC,C05795140
DEC_C06028110,DEC,C06028110
DEC_C06325588,DEC,C06325588
DEC_C06723174,DEC,C06723174
DEC_C07723793,DEC,C07723793
DEC_C08393021,DEC,C08393021
DEC_C01165706,DEC,C01165706
DEC_C09194000,DEC,C09194000
DEC_C09912489,DEC,C09912489
DEC_C10418954,DEC,C10418954
DEC_C11697072,DEC,C11697072
DEC_C12768799,DEC,C12768799
DEC_C12771890,DEC,C12771890
DEC_C12645442,DEC,C12645442
DEC_C06994366,DEC,C06994366
DEC_C05387560,DEC,C05387560
DEC_C14652470,DEC,C14652470
DEC_C14656323,DEC,C14656323
DEC_C14721580,DEC,C14721580
DEC_C16139107,DEC,C16139107
DEC_C16467078,DEC,C16467078
DEC_C17750232,DEC,C17750232
DEC_C18080526,DEC,C18080526
DEC_C18259167,DEC,C18259167
DEC_C19655693,DEC,C19655693
DEC_C20827624,DEC,C20827624
DEC_C20931343,DEC,C20931343
DEC_C03528615,DEC,C03528615
DEC_C21082574,DEC,C21082574
DEC_C22356314,DEC,C22356314
DEC_C22571458,DEC,C22571458
DEC_C36566906,DEC,C36566906
DEC_C15558928,DEC,C15558928
DEC_C08694147,DEC,C08694147
DEC_C40914665,DEC,C40914665
DEC_C41962539,DEC,C41962539
DEC_C43876559,DEC,C43876559
DEC_C46876667,DEC,C46876667
DEC_C58880840,DEC,C58880840
DEC_C06334025,DEC,C06334025
DEC_C59250429,DEC,C59250429
DEC_C59385641,DEC,C59385641
DEC_C10460379,DEC,C10460379
DEC_C59891887,DEC,C59891887
DEC_C60213395,DEC,C60213395
DEC_C05095407,DEC,C05095407
DEC_C67200386,DEC,C67200386
DEC_C04176425,DEC,C04176425
DEC_C05223041,DEC,C05223041
DEC_C03468278,DEC,C03468278
DEC_C04338509,DEC,C04338509
DEC_C07653322,DEC,C07653322
DEC_C09038499,DEC,C09038499
DEC_C09061134,DEC,C09061134
DEC_C10322428,DEC,C10322428
DEC_C10602616,DEC,C10602616
DEC_C11859065,DEC,C11859065
DEC_C12974683,DEC,C12974683
DEC_C14045129,DEC,C14045129
DEC_C14655286,DEC,C14655286
DEC_C18997989,DEC,C18997989
DEC_C20910561,DEC,C20910561
DEC_C21383938,DEC,C21383938
DEC_C21444067,DEC,C21444067
DEC_C16681257,DEC,C16681257
DEC_C21711119,DEC,C21711119
DEC_C22281345,DEC,C22281345
DEC_C05861851,DEC,C05861851
DEC_C26991263,DEC,C26991263
DEC_C28471388,DEC,C28471388
DEC_C31118451,DEC,C31118451
DEC_C03595308,DEC,C03595308
DEC_C03360392,DEC,C03360392
DEC_C13521464,DEC,C13521464
DEC_C09956513,DEC,C09956513
DEC_C23078606,DEC,C23078606
DEC_C39156810,DEC,C39156810
DEC_C39590876,DEC,C39590876
DEC_C40173473,DEC,C40173473
DEC_C40173481,DEC,C40173481
DEC_C40173506,DEC,C40173506
DEC_C40569206,DEC,C40569206
DEC_C40917515,DEC,C40917515
DEC_C21355793,DEC,C21355793
DEC_C45868422,DEC,C45868422
DEC_C46830733,DEC,C46830733
DEC_C24161483,DEC,C24161483
DEC_C18974682,DEC,C18974682
DEC_C14924011,DEC,C14924011
DEC_C58522290,DEC,C58522290
DEC_C58604633,DEC,C58604633
DEC_C59023824,DEC,C59023824
DEC_C10490864,DEC,C10490864
DEC_C14083162,DEC,C14083162
DEC_C60340334,DEC,C60340334
DEC_C33260786,DEC,C33260786
DEC_C08688002,DEC,C08688002
DEC_C02356494,DEC,C02356494
DEC_C02312317,DEC,C02312317
DEC_C02249843,DEC,C02249843
DEC_C01968089,DEC,C01968089
DEC_C05245415,DEC,C05245415
DEC_C03417724,DEC,C03417724
DEC_C08645017,DEC,C08645017
DEC_C02387602,DEC,C02387602
DEC_C09748956,DEC,C09748956
DEC_C10001003,DEC,C10001003
DEC_C04908787,DEC,C04908787
DEC_C14981187,DEC,C14981187
DEC_C17135995,DEC,C17135995
DEC_C18405716,DEC,C18405716
DEC_C20917378,DEC,C20917378
DEC_C20990040,DEC,C20990040
DEC_C20990044,DEC,C20990044
DEC_C21139523,DEC,C21139523
DEC_C28535824,DEC,C28535824
DEC_C06216853,DEC,C06216853
DEC_C35576981,DEC,C35576981
DEC_C35767089,DEC,C35767089
DEC_C35929911,DEC,C35929911
DEC_C37359789,DEC,C37359789
DEC_C37360423,DEC,C37360423
DEC_C05353197,DEC,C05353197
DEC_C39429857,DEC,C39429857
DEC_C39429858,DEC,C39429858
DEC_C39969171,DEC,C39969171
DEC_C40569583,DEC,C40569583
DEC_C40779909,DEC,C40779909
DEC_C40783778,DEC,C40783778
DEC_C43977506,DEC,C43977506
DEC_C47701351,DEC,C47701351
DEC_C04685338,DEC,C04685338
DEC_C00622868,DEC,C00622868
DEC_C36610172,DEC,C36610172
DEC_C55849210,DEC,C55849210
DEC_C57405958,DEC,C57405958
DEC_C57913566,DEC,C57913566
DEC_C04587458,DEC,C04587458
DEC_C44695362,DEC,C44695362
DEC_C59238636,DEC,C59238636
DEC_C03417711,DEC,C03417711
DEC_C05624281,DEC,C05624281
DEC_C61432096,DEC,C61432096
DEC_C21356564,DEC,C21356564
DEC_C66571271,DEC,C66571271
DEC_C67260525,DEC,C67260525
DEC_C67584646,DEC,C67584646
DEC_C02103191,DEC,C02103191
DEC_C01684039,DEC,C01684039
DEC_C06001418,DEC,C06001418
DEC_C11865400,DEC,C11865400
DEC_C12127294,DEC,C12127294
DEC_C12949490,DEC,C12949490
DEC_C05818824,DEC,C05818824
DEC_C13254518,DEC,C13254518
DEC_C13415676,DEC,C13415676
DEC_C13423260,DEC,C13423260
DEC_C14653834,DEC,C14653834
DEC_C20311590,DEC,C20311590
DEC_C20374171,DEC,C20374171
DEC_C20376022,DEC,C20376022
DEC_C21816319,DEC,C21816319
DEC_C26580498,DEC,C26580498
DEC_C31948462,DEC,C31948462
DEC_C35425169,DEC,C35425169
DEC_C36227128,DEC,C36227128
DEC_C37238675,DEC,C37238675
DEC_C37404581,DEC,C37404581
DEC_C36682910,DEC,C36682910
DEC_C37586861,DEC,C37586861
DEC_C37838275,DEC,C37838275
DEC_C01389932,DEC,C01389932
DEC_C12601020,DEC,C12601020
DEC_C40577415,DEC,C40577415
DEC_C43321292,DEC,C43321292
DEC_C48445697,DEC,C48445697
DEC_C48445705,DEC,C48445705
DEC_C48654635,DEC,C48654635
DEC_C49513866,DEC,C49513866
DEC_C49975336,DEC,C49975336
DEC_C50397505,DEC,C50397505
DEC_C50398450,DEC,C50398450
DEC_C50987048,DEC,C50987048
DEC_C51992187,DEC,C51992187
DEC_C53105924,DEC,C53105924
DEC_C53117613,DEC,C53117613
DEC_C54304977,DEC,C54304977
DEC_C58884947,DEC,C58884947
DEC_C59385355,DEC,C59385355
DEC_C15961949,DEC,C15961949
DEC_C61827852,DEC,C61827852
DEC_C62324368,DEC,C62324368
DEC_C62468516,DEC,C62468516
DEC_C62826160,DEC,C62826160
DEC_C62828320,DEC,C62828320
DEC_C62934013,DEC,C62934013
DEC_C55243568,DEC,C55243568
DEC_C00108489,DEC,C00108489
DEC_C01738408,DEC,C01738408
DEC_C05539737,DEC,C05539737
DEC_C06865991,DEC,C06865991
DEC_C08323937,DEC,C08323937
DEC_C03578082,DEC,C03578082
DEC_C13555328,DEC,C13555328
DEC_C16795955,DEC,C16795955
DEC_C20199056,DEC,C20199056
DEC_C20519376,DEC,C20519376
DEC_C20524724,DEC,C20524724
DEC_C22450257,DEC,C22450257
DEC_C35451769,DEC,C35451769
DEC_C35630386,DEC,C35630386
DEC_C35677867,DEC,C35677867
DEC_C36972220,DEC,C36972220
DEC_C37027749,DEC,C37027749
DEC_C37125647,DEC,C37125647
DEC_C37648752,DEC,C37648752
DEC_C38103107,DEC,C38103107
DEC_C37265030,DEC,C37265030
DEC_C10627597,DEC,C10627597
DEC_C42297481,DEC,C42297481
DEC_C42297547,DEC,C42297547
DEC_C42525843,DEC,C42525843
DEC_C49398770,DEC,C49398770
DEC_C49495458,DEC,C49495458
DEC_C49519542,DEC,C49519542
DEC_C49963464,DEC,C49963464
DEC_C50037676,DEC,C50037676
DEC_C50197669,DEC,C50197669
DEC_C50430262,DEC,C50430262
DEC_C50517812,DEC,C50517812
DEC_C50831040,DEC,C50831040
DEC_C50832512,DEC,C50832512
DEC_C50832513,DEC,C50832513
DEC_C52560714,DEC,C52560714
DEC_C53500259,DEC,C53500259
DEC_C53735051,DEC,C53735051
DEC_C57596737,DEC,C57596737
DEC_C04718823,DEC,C04718823
DEC_C57932413,DEC,C57932413
DEC_C59829795,DEC,C59829795
DEC_C56477777,DEC,C56477777
DEC_C62726310,DEC,C62726310
DEC_C62726616,DEC,C62726616
DEC_C62726732,DEC,C62726732
DEC_C62771522,DEC,C62771522
DEC_C35479122,DEC,C35479122
DEC_C67087223,DEC,C67087223
DEC_C03847534,DEC,C03847534
DEC_C00711280,DEC,C00711280
DEC_C01973006,DEC,C01973006
DEC_C00735055,DEC,C00735055
DEC_C01050120,DEC,C01050120
DEC_C01438778,DEC,C01438778
DEC_C00254048,DEC,C00254048
DEC_C03438035,DEC,C03438035
DEC_C06217380,DEC,C06217380
DEC_C06887774,DEC,C06887774
DEC_C07378728,DEC,C07378728
DEC_C07395814,DEC,C07395814
DEC_C07636158,DEC,C07636158
DEC_C10244994,DEC,C10244994
DEC_C11158378,DEC,C11158378
DEC_C11899740,DEC,C11899740
DEC_C15517298,DEC,C15517298
DEC_C15598426,DEC,C15598426
DEC_C18094186,DEC,C18094186
DEC_C01449300,DEC,C01449300
DEC_C19849241,DEC,C19849241
DEC_C06932872,DEC,C06932872
DEC_C20612800,DEC,C20612800
DEC_C21707265,DEC,C21707265
DEC_C23407532,DEC,C23407532
DEC_C31297002,DEC,C31297002
DEC_C34831162,DEC,C34831162
DEC_C35223825,DEC,C35223825
DEC_C35708549,DEC,C35708549
DEC_C37011432,DEC,C37011432
DEC_C39935590,DEC,C39935590
DEC_C01972961,DEC,C01972961
DEC_C46588506,DEC,C46588506
DEC_C49060170,DEC,C49060170
DEC_C49514463,DEC,C49514463
DEC_C50334959,DEC,C50334959
DEC_C52067913,DEC,C52067913
DEC_C55238407,DEC,C55238407
DEC_C36308915,DEC,C36308915
DEC_C49876375,DEC,C49876375
DEC_C26240204,DEC,C26240204
DEC_C60380954,DEC,C60380954
DEC_C60385438,DEC,C60385438
DEC_C13858377,DEC,C13858377
DEC_C64517572,DEC,C64517572
DEC_C64517578,DEC,C64517578
DEC_C55604972,DEC,C55604972
DEC_C66600394,DEC,C66600394
DEC_C67339667,DEC,C67339667
DEC_C67569479,DEC,C67569479
DEC_C04290856,DEC,C04290856
DEC_C07462068,DEC,C07462068
DEC_C11583226,DEC,C11583226
DEC_C12366828,DEC,C12366828
DEC_C27939568,DEC,C27939568
DEC_C35993662,DEC,C35993662
DEC_C37069430,DEC,C37069430
DEC_C37298427,DEC,C37298427
DEC_C37340218,DEC,C37340218
DEC_C37773632,DEC,C37773632
DEC_C18250016,DEC,C18250016
DEC_C36703726,DEC,C36703726
DEC_C40679181,DEC,C40679181
DEC_C41640431,DEC,C41640431
DEC_C42013232,DEC,C42013232
DEC_C42180429,DEC,C42180429
DEC_C42485353,DEC,C42485353
DEC_C44337336,DEC,C44337336
DEC_C44497370,DEC,C44497370
DEC_C45094663,DEC,C45094663
DEC_C45214326,DEC,C45214326
DEC_C45214431,DEC,C45214431
DEC_C45331325,DEC,C45331325
DEC_C47172172,DEC,C47172172
DEC_C48664342,DEC,C48664342
DEC_C48707585,DEC,C48707585
DEC_C16987469,DEC,C16987469
DEC_C49236277,DEC,C49236277
DEC_C49240546,DEC,C49240546
DEC_C49282546,DEC,C49282546
DEC_C49531258,DEC,C49531258
DEC_C51163609,DEC,C51163609
DEC_C51625682,DEC,C51625682
DEC_C51625686,DEC,C51625686
DEC_C51755632,DEC,C51755632
DEC_C52065817,DEC,C52065817
DEC_C52812754,DEC,C52812754
DEC_C53164021,DEC,C53164021
DEC_C54084712,DEC,C54084712
DEC_C55463827,DEC,C55463827
DEC_C55482275,DEC,C55482275
DEC_C57572289,DEC,C57572289
DEC_C13939164,DEC,C13939164
DEC_C62450220,DEC,C62450220
DEC_C62450778,DEC,C62450778
DEC_C64245302,DEC,C64245302
DEC_C65408107,DEC,C65408107
DEC_C66327155,DEC,C66327155
DEC_C66744551,DEC,C66744551
DEC_C67027998,DEC,C67027998
DEC_C05069062,DEC,C05069062
DEC_C06291093,DEC,C06291093
DEC_C07177129,DEC,C07177129
DEC_C09153928,DEC,C09153928
DEC_C11764604,DEC,C11764604
DEC_C15822177,DEC,C15822177
DEC_C20468246,DEC,C20468246
DEC_C23779508,DEC,C23779508
DEC_C26083067,DEC,C26083067
DEC_C31910801,DEC,C31910801
DEC_C33155097,DEC,C33155097
DEC_C34773316,DEC,C34773316
DEC_C35627506,DEC,C35627506
DEC_C05322925,DEC,C05322925
DEC_C37284558,DEC,C37284558
DEC_C38056890,DEC,C38056890
DEC_C40235309,DEC,C40235309
DEC_C40642145,DEC,C40642145
DEC_C40913654,DEC,C40913654
DEC_C43683027,DEC,C43683027
DEC_C48646016,DEC,C48646016
DEC_C48664590,DEC,C48664590
DEC_C48770188,DEC,C48770188
DEC_C49253310,DEC,C49253310
DEC_C49338467,DEC,C49338467
DEC_C49622769,DEC,C49622769
DEC_C50816284,DEC,C50816284
DEC_C50865359,DEC,C50865359
DEC_C50953639,DEC,C50953639
DEC_C52790150,DEC,C52790150
DEC_C54084475,DEC,C54084475
DEC_C54105629,DEC,C54105629
DEC_C26534502,DEC,C26534502
DEC_C56147334,DEC,C56147334
DEC_C57656173,DEC,C57656173
DEC_C57844506,DEC,C57844506
DEC_C61863882,DEC,C61863882
DEC_C62397037,DEC,C62397037
DEC_C63474336,DEC,C63474336
DEC_C64714335,DEC,C64714335
DEC_C65689851,DEC,C65689851
DEC_C65833779,DEC,C65833779
DEC_C66381500,DEC,C66381500
DEC_C66397242,DEC,C66397242
DEC_C66397243,DEC,C66397243
DEC_C66808456,DEC,C66808456
DEC_C67001881,DEC,C67001881
DEC_C67190661,DEC,C67190661
DEC_C67481857,DEC,C67481857
DEC_C67503211,DEC,C67503211
DEC_C02908117,DEC,C02908117
DEC_C04503706,DEC,C04503706
DEC_C00452192,DEC,C00452192
DEC_C06643434,DEC,C06643434
DEC_C06643533,DEC,C06643533
DEC_C06893707,DEC,C06893707
DEC_C07718618,DEC,C07718618
DEC_C08724750,DEC,C08724750
DEC_C09449996,DEC,C09449996
DEC_C09913202,DEC,C09913202
DEC_C12033924,DEC,C12033924
DEC_C10591429,DEC,C10591429
DEC_C14677770,DEC,C14677770
DEC_C19832637,DEC,C19832637
DEC_C09359964,DEC,C09359964
DEC_C28244724,DEC,C28244724
DEC_C29566053,DEC,C29566053
DEC_C30343134,DEC,C30343134
DEC_C33171650,DEC,C33171650
DEC_C34674721,DEC,C34674721
DEC_C35176517,DEC,C35176517
DEC_C36289866,DEC,C36289866
DEC_C04985454,DEC,C04985454
DEC_C39956789,DEC,C39956789
DEC_C40713481,DEC,C40713481
DEC_C41360716,DEC,C41360716
DEC_C43165546,DEC,C43165546
DEC_C45549514,DEC,C45549514
DEC_C45625316,DEC,C45625316
DEC_C47220200,DEC,C47220200
DEC_C48985452,DEC,C48985452
DEC_C12021419,DEC,C12021419
DEC_C49705622,DEC,C49705622
DEC_C50755430,DEC,C50755430
DEC_C50829430,DEC,C50829430
DEC_C50834170,DEC,C50834170
DEC_C51036439,DEC,C51036439
DEC_C54059843,DEC,C54059843
DEC_C59271546,DEC,C59271546
DEC_C35181093,DEC,C35181093
DEC_C60708355,DEC,C60708355
DEC_C61539168,DEC,C61539168
DEC_C62937469,DEC,C62937469
DEC_C63487007,DEC,C63487007
DEC_C65383077,DEC,C65383077
DEC_C65434872,DEC,C65434872
DEC_C66205678,DEC,C66205678
DEC_C66745761,DEC,C66745761
DEC_C67359618,DEC,C67359618
DEC_C67499439,DEC,C67499439
DEC_C05735911,DEC,C05735911
DEC_C06091710,DEC,C06091710
DEC_C12395361,DEC,C12395361
DEC_C01682363,DEC,C01682363
DEC_C02190583,DEC,C02190583
DEC_C08698793,DEC,C08698793
DEC_C12357779,DEC,C12357779
DEC_C19810671,DEC,C19810671
DEC_C19869401,DEC,C19869401
DEC_C19869645,DEC,C19869645
DEC_C20314653,DEC,C20314653
DEC_C22114250,DEC,C22114250
DEC_C34083850,DEC,C34083850
DEC_C35322479,DEC,C35322479
DEC_C36769763,DEC,C36769763
DEC_C37180574,DEC,C37180574
DEC_C37180724,DEC,C37180724
DEC_C37420640,DEC,C37420640
DEC_C37631477,DEC,C37631477
DEC_C37872345,DEC,C37872345
DEC_C37883952,DEC,C37883952
DEC_C00191449,DEC,C00191449
DEC_C39540801,DEC,C39540801
DEC_C40232401,DEC,C40232401
DEC_C45209963,DEC,C45209963
DEC_C49805373,DEC,C49805373
DEC_C49806661,DEC,C49806661
DEC_C49813945,DEC,C49813945
DEC_C09553384,DEC,C09553384
DEC_C50350037,DEC,C50350037
DEC_C50350588,DEC,C50350588
DEC_C50561034,DEC,C50561034
DEC_C51990817,DEC,C51990817
DEC_C52000802,DEC,C52000802
DEC_C52015282,DEC,C52015282
DEC_C52924002,DEC,C52924002
DEC_C53047024,DEC,C53047024
DEC_C53096793,DEC,C53096793
DEC_C36224488,DEC,C36224488
DEC_C54825037,DEC,C54825037
DEC_C54829515,DEC,C54829515
DEC_C20164126,DEC,C20164126
DEC_C58094295,DEC,C58094295
DEC_C58113461,DEC,C58113461
DEC_C48604807,DEC,C48604807
DEC_C42074892,DEC,C42074892
DEC_C37624832,DEC,C37624832
DEC_C62778361,DEC,C62778361
DEC_C62778381,DEC,C62778381
DEC_C62778569,DEC,C62778569
DEC_C02508690,DEC,C02508690
DEC_C04491350,DEC,C04491350
DEC_C04545182,DEC,C04545182
DEC_C05311262,DEC,C05311262
DEC_C05634381,DEC,C05634381
DEC_C04196595,DEC,C04196595
DEC_C08990673,DEC,C08990673
DEC_C14823620,DEC,C14823620
DEC_C21319664,DEC,C21319664
DEC_C21771195,DEC,C21771195
DEC_C21839605,DEC,C21839605
DEC_C26846923,DEC,C26846923
DEC_C28376396,DEC,C28376396
DEC_C40141153,DEC,C40141153
DEC_C40982204,DEC,C40982204
DEC_C42105405,DEC,C42105405
DEC_C42846944,DEC,C42846944
DEC_C44801821,DEC,C44801821
DEC_C44801823,DEC,C44801823
DEC_C45526564,DEC,C45526564
DEC_C50057062,DEC,C50057062
DEC_C54436796,DEC,C54436796
DEC_C56143234,DEC,C56143234
DEC_C56154609,DEC,C56154609
DEC_C56205152,DEC,C56205152
DEC_C56478146,DEC,C56478146
DEC_C57857003,DEC,C57857003
DEC_C18525268,DEC,C18525268
DEC_C21075675,DEC,C21075675
DEC_C61498021,DEC,C61498021
DEC_C63323749,DEC,C63323749
DEC_C65181939,DEC,C65181939
DEC_C65182068,DEC,C65182068
DEC_C65360779,DEC,C65360779
DEC_C54575562,DEC,C54575562
DEC_C66162458,DEC,C66162458
DEC_C57429399,DEC,C57429399
DEC_C66366239,DEC,C66366239
DEC_C66396864,DEC,C66396864
DEC_C66426859,DEC,C66426859
DEC_C66929145,DEC,C66929145
DEC_C67061187,DEC,C67061187
DEC_C67061720,DEC,C67061720
DEC_C67298774,DEC,C67298774
DEC_C67391647,DEC,C67391647
DEC_C67511094,DEC,C67511094
DEC_C67519195,DEC,C67519195
DEC_C67554026,DEC,C67554026
DEC_C67556272,DEC,C67556272
DEC_C67557253,DEC,C67557253
DEC_C05322528,DEC,C05322528
DEC_C20255489,DEC,C20255489
DEC_C20873188,DEC,C20873188
DEC_C20873432,DEC,C20873432
DEC_C33521151,DEC,C33521151
DEC_C35353383,DEC,C35353383
DEC_C35353384,DEC,C35353384
DEC_C37226780,DEC,C37226780
DEC_C37311933,DEC,C37311933
DEC_C37663454,DEC,C37663454
DEC_C37928792,DEC,C37928792
DEC_C38064781,DEC,C38064781
DEC_C40139465,DEC,C40139465
DEC_C40732743,DEC,C40732743
DEC_C40852728,DEC,C40852728
DEC_C40858863,DEC,C40858863
DEC_C41681043,DEC,C41681043
DEC_C42314077,DEC,C42314077
DEC_C42447023,DEC,C42447023
DEC_C42874368,DEC,C42874368
DEC_C44493542,DEC,C44493542
DEC_C45666465,DEC,C45666465
DEC_C48571981,DEC,C48571981
DEC_C49244336,DEC,C49244336
DEC_C49554587,DEC,C49554587
DEC_C49555019,DEC,C49555019
DEC_C49570855,DEC,C49570855
DEC_C50102084,DEC,C50102084
DEC_C50396219,DEC,C50396219
DEC_C51094571,DEC,C51094571
DEC_C51332423,DEC,C51332423
DEC_C51608528,DEC,C51608528
DEC_C55022452,DEC,C55022452
DEC_C55060508,DEC,C55060508
DEC_C57663316,DEC,C57663316
DEC_C57846190,DEC,C57846190
DEC_C08473899,DEC,C08473899
DEC_C59152736,DEC,C59152736
DEC_C61963617,DEC,C61963617
DEC_C62069446,DEC,C62069446
DEC_C62733009,DEC,C62733009
DEC_C66214442,DEC,C66214442
DEC_C66243914,DEC,C66243914
DEC_C66244130,DEC,C66244130
DEC_C66244214,DEC,C66244214
DEC_C66873956,DEC,C66873956
DEC_C66886079,DEC,C66886079
DEC_C67148695,DEC,C67148695
DEC_C67581433,DEC,C67581433
DEC_C67587758,DEC,C67587758
DEC_C07813564,DEC,C07813564
DEC_C11422588,DEC,C11422588
DEC_C40743982,DEC,C40743982
DEC_C43004609,DEC,C43004609
DEC_C43394488,DEC,C43394488
DEC_C44149045,DEC,C44149045
DEC_C45126379,DEC,C45126379
DEC_C45538669,DEC,C45538669
DEC_C46280642,DEC,C46280642
DEC_C47604197,DEC,C47604197
DEC_C48260493,DEC,C48260493
DEC_C04355538,DEC,C04355538
DEC_C35496416,DEC,C35496416
DEC_C52525445,DEC,C52525445
DEC_C54753631,DEC,C54753631
DEC_C55154586,DEC,C55154586
DEC_C56660971,DEC,C56660971
DEC_C56950472,DEC,C56950472
DEC_C42345679,DEC,C42345679
DEC_C54271971,DEC,C54271971
DEC_C56796389,DEC,C56796389
DEC_C60207301,DEC,C60207301
DEC_C47684042,DEC,C47684042
DEC_C61547836,DEC,C61547836
DEC_C62229580,DEC,C62229580
DEC_C62528310,DEC,C62528310
DEC_C63073113,DEC,C63073113
DEC_C63316586,DEC,C63316586
DEC_C64299893,DEC,C64299893
DEC_C65096924,DEC,C65096924
DEC_C50576235,DEC,C50576235
DEC_C65102251,DEC,C65102251
DEC_C65466442,DEC,C65466442
DEC_C65936484,DEC,C65936484
DEC_C65987950,DEC,C65987950
DEC_C66149825,DEC,C66149825
DEC_C66179318,DEC,C66179318
DEC_C66242119,DEC,C66242119
DEC_C66597739,DEC,C66597739
DEC_C66598371,DEC,C66598371
DEC_C67043333,DEC,C67043333
DEC_C41816210,DEC,C41816210
DEC_C67224995,DEC,C67224995
DEC_C67264551,DEC,C67264551
DEC_C67384949,DEC,C67384949
DEC_C67390500,DEC,C67390500
DEC_C67608978,DEC,C67608978
DEC_C67612979,DEC,C67612979
DEC_C67632223,DEC,C67632223
DEC_C67633504,DEC,C67633504
DEC_C01817179,DEC,C01817179
DEC_C05206858,DEC,C05206858
DEC_C05608113,DEC,C05608113
DEC_C03430882,DEC,C03430882
DEC_C06214403,DEC,C06214403
DEC_C06589373,DEC,C06589373
DEC_C07132079,DEC,C07132079
DEC_C07545822,DEC,C07545822
DEC_C08490364,DEC,C08490364
DEC_C08880425,DEC,C08880425
DEC_C11212731,DEC,C11212731
DEC_C12144626,DEC,C12144626
DEC_C12776273,DEC,C12776273
DEC_C07049367,DEC,C07049367
DEC_C14302509,DEC,C14302509
DEC_C14597884,DEC,C14597884
DEC_C15241081,DEC,C15241081
DEC_C16122349,DEC,C16122349
DEC_C16122353,DEC,C16122353
DEC_C17087259,DEC,C17087259
DEC_C04371375,DEC,C04371375
DEC_C21846347,DEC,C21846347
DEC_C22131230,DEC,C22131230
DEC_C23582007,DEC,C23582007
DEC_C24000628,DEC,C24000628
DEC_C28788080,DEC,C28788080
DEC_C06385058,DEC,C06385058
DEC_C36314111,DEC,C36314111
DEC_C05965378,DEC,C05965378
DEC_C39430291,DEC,C39430291
DEC_C40387164,DEC,C40387164
DEC_C42981732,DEC,C42981732
DEC_C45575459,DEC,C45575459
DEC_C48569641,DEC,C48569641
DEC_C06802034,DEC,C06802034
DEC_C53014646,DEC,C53014646
DEC_C07766125,DEC,C07766125
DEC_C58302048,DEC,C58302048
DEC_C16401481,DEC,C16401481
DEC_C24497413,DEC,C24497413
DEC_C61463278,DEC,C61463278
DEC_C63683763,DEC,C63683763
DEC_C64739933,DEC,C64739933
DEC_C66254764,DEC,C66254764
DEC_C66406114,DEC,C66406114
DEC_C66557698,DEC,C66557698
DEC_C67130816,DEC,C67130816
DEC_C67549055,DEC,C67549055
DEC_C67549084,DEC,C67549084
DEC_C67550176,DEC,C67550176
DEC_C00706651,DEC,C00706651
DEC_C00706650,DEC,C00706650
DEC_C00820281,DEC,C00820281
DEC_C00854862,DEC,C00854862
DEC_C04485599,DEC,C04485599
DEC_C04937071,DEC,C04937071
DEC_C03203688,DEC,C03203688
DEC_C06648058,DEC,C06648058
DEC_C08340214,DEC,C08340214
DEC_C08986433,DEC,C08986433
DEC_C09115664,DEC,C09115664
DEC_C09593777,DEC,C09593777
DEC_C13636236,DEC,C13636236
DEC_C13695870,DEC,C13695870
DEC_C15464537,DEC,C15464537
DEC_C15465932,DEC,C15465932
DEC_C17057548,DEC,C17057548
DEC_C19663775,DEC,C19663775
DEC_C20034213,DEC,C20034213
DEC_C21701992,DEC,C21701992
DEC_C31635350,DEC,C31635350
DEC_C32517519,DEC,C32517519
DEC_C36047426,DEC,C36047426
DEC_C36235611,DEC,C36235611
DEC_C36630025,DEC,C36630025
DEC_C36630026,DEC,C36630026
DEC_C36696887,DEC,C36696887
DEC_C38979446,DEC,C38979446
DEC_C39272717,DEC,C39272717
DEC_C39383753,DEC,C39383753
DEC_C39616222,DEC,C39616222
DEC_C39918054,DEC,C39918054
DEC_C39918055,DEC,C39918055
DEC_C05460866,DEC,C05460866
DEC_C06474571,DEC,C06474571
DEC_C53102999,DEC,C53102999
DEC_C57148035,DEC,C57148035
DEC_C02919773,DEC,C02919773
DEC_C59766951,DEC,C59766951
DEC_C64369716,DEC,C64369716
DEC_C05341788,DEC,C05341788
DEC_C13371715,DEC,C13371715
DEC_C64890779,DEC,C64890779
DEC_C65149339,DEC,C65149339
DEC_C66371754,DEC,C66371754
DEC_C66732945,DEC,C66732945
DEC_C66761775,DEC,C66761775
DEC_C67182937,DEC,C67182937
DEC_C67249961,DEC,C67249961
DEC_C67264815,DEC,C67264815
DEC_C04515245,DEC,C04515245
DEC_C03444263,DEC,C03444263
DEC_C05633499,DEC,C05633499
DEC_C01460549,DEC,C01460549
DEC_C07195024,DEC,C07195024
DEC_C07688351,DEC,C07688351
DEC_C08718313,DEC,C08718313
DEC_C09314928,DEC,C09314928
DEC_C12348480,DEC,C12348480
DEC_C04262779,DEC,C04262779
DEC_C13494642,DEC,C13494642
DEC_C20530856,DEC,C20530856
DEC_C24587999,DEC,C24587999
DEC_C24992021,DEC,C24992021
DEC_C25991715,DEC,C25991715
DEC_C04195146,DEC,C04195146
DEC_C38581131,DEC,C38581131
DEC_C38810720,DEC,C38810720
DEC_C39359008,DEC,C39359008
DEC_C36893066,DEC,C36893066
DEC_C36893068,DEC,C36893068
DEC_C39554649,DEC,C39554649
DEC_C09547036,DEC,C09547036
DEC_C43474144,DEC,C43474144
DEC_C18103985,DEC,C18103985
DEC_C49152135,DEC,C49152135
DEC_C51585811,DEC,C51585811
DEC_C40935333,DEC,C40935333
DEC_C17303744,DEC,C17303744
DEC_C09186926,DEC,C09186926
DEC_C04555763,DEC,C04555763
DEC_C56101103,DEC,C56101103
DEC_C57501423,DEC,C57501423
DEC_C57501435,DEC,C57501435
DEC_C05680009,DEC,C05680009
DEC_C58481252,DEC,C58481252
DEC_C58552166,DEC,C58552166
DEC_C04311195,DEC,C04311195
DEC_C59845106,DEC,C59845106
DEC_C63079099,DEC,C63079099
DEC_C04311508,DEC,C04311508
DEC_C12446197,DEC,C12446197
DEC_C64346553,DEC,C64346553
DEC_C20518996,DEC,C20518996
DEC_C65380771,DEC,C65380771
DEC_C66088028,DEC,C66088028
DEC_C66739990,DEC,C66739990
DEC_C66956999,DEC,C66956999
DEC_C67236166,DEC,C67236166
DEC_C67255256,DEC,C67255256
DEC_C01432278,DEC,C01432278
DEC_C04753283,DEC,C04753283
DEC_C06008141,DEC,C06008141
DEC_C02411052,DEC,C02411052
DEC_C08628148,DEC,C08628148
DEC_C09253528,DEC,C09253528
DEC_C09332547,DEC,C09332547
DEC_C16955683,DEC,C16955683
DEC_C19144536,DEC,C19144536
DEC_C19794712,DEC,C19794712
DEC_C00112760,DEC,C00112760
DEC_C28604293,DEC,C28604293
DEC_C33372916,DEC,C33372916
DEC_C38976040,DEC,C38976040
DEC_C39143264,DEC,C39143264
DEC_C39729773,DEC,C39729773
DEC_C39970123,DEC,C39970123
DEC_C33923716,DEC,C33923716
DEC_C47243228,DEC,C47243228
DEC_C49723401,DEC,C49723401
DEC_C49728365,DEC,C49728365
DEC_C26505266,DEC,C26505266
DEC_C50060660,DEC,C50060660
DEC_C51226278,DEC,C51226278
DEC_C24246033,DEC,C24246033
DEC_C19960080,DEC,C19960080
DEC_C15105912,DEC,C15105912
DEC_C63111990,DEC,C63111990
DEC_C63350986,DEC,C63350986
DEC_C63521311,DEC,C63521311
DEC_C36358772,DEC,C36358772
DEC_C63855889,DEC,C63855889
DEC_C63883529,DEC,C63883529
DEC_C64024238,DEC,C64024238
DEC_C64028533,DEC,C64028533
DEC_C64120667,DEC,C64120667
DEC_C64423635,DEC,C64423635
DEC_C64480193,DEC,C64480193
DEC_C64491709,DEC,C64491709
DEC_C64622197,DEC,C64622197
DEC_C64650047,DEC,C64650047
DEC_C65356887,DEC,C65356887
DEC_C65405950,DEC,C65405950
DEC_C65429150,DEC,C65429150
DEC_C65529571,DEC,C65529571
DEC_C65954533,DEC,C65954533
DEC_C66080801,DEC,C66080801
DEC_C66248164,DEC,C66248164
DEC_C66811442,DEC,C66811442
DEC_C67446057,DEC,C67446057
DEC_C04429538,DEC,C04429538
DEC_C04126730,DEC,C04126730
DEC_C08010089,DEC,C08010089
DEC_C08879373,DEC,C08879373
DEC_C09316031,DEC,C09316031
DEC_C10643774,DEC,C10643774
DEC_C12418205,DEC,C12418205
DEC_C18104808,DEC,C18104808
DEC_C19078913,DEC,C19078913
DEC_C21050550,DEC,C21050550
DEC_C27550020,DEC,C27550020
DEC_C29650468,DEC,C29650468
DEC_C34779519,DEC,C34779519
DEC_C35026151,DEC,C35026151
DEC_C05029762,DEC,C05029762
DEC_C02134201,DEC,C02134201
DEC_C40384373,DEC,C40384373
DEC_C42756986,DEC,C42756986
DEC_C42871625,DEC,C42871625
DEC_C42960602,DEC,C42960602
DEC_C45116411,DEC,C45116411
DEC_C46874850,DEC,C46874850
DEC_C46973308,DEC,C46973308
DEC_C47235301,DEC,C47235301
DEC_C48603733,DEC,C48603733
DEC_C49202855,DEC,C49202855
DEC_C50086480,DEC,C50086480
DEC_C50333219,DEC,C50333219
DEC_C51616983,DEC,C51616983
DEC_C51641549,DEC,C51641549
DEC_C51710143,DEC,C51710143
DEC_C53094532,DEC,C53094532
DEC_C53493851,DEC,C53493851
DEC_C56017061,DEC,C56017061
DEC_C56072556,DEC,C56072556
DEC_C57267772,DEC,C57267772
DEC_C58386257,DEC,C58386257
DEC_C61189964,DEC,C61189964
DEC_C64960851,DEC,C64960851
DEC_C65142676,DEC,C65142676
DEC_C51190916,DEC,C51190916
DEC_C65373509,DEC,C65373509
DEC_C66204895,DEC,C66204895
DEC_C66616915,DEC,C66616915
DEC_C66981212,DEC,C66981212
DEC_C67017519,DEC,C67017519
DEC_C67063629,DEC,C67063629
DEC_C67100880,DEC,C67100880
DEC_C67330843,DEC,C67330843
DEC_C67459848,DEC,C67459848
DEC_C06062857,DEC,C06062857
DEC_C19676860,DEC,C19676860
DEC_C35697435,DEC,C35697435
DEC_C36268355,DEC,C36268355
DEC_C36269057,DEC,C36269057
DEC_C36764332,DEC,C36764332
DEC_C37908215,DEC,C37908215
DEC_C37919740,DEC,C37919740
DEC_C38034410,DEC,C38034410
DEC_C39073355,DEC,C39073355
DEC_C39073395,DEC,C39073395
DEC_C39610588,DEC,C39610588
DEC_C39934123,DEC,C39934123
DEC_C40998918,DEC,C40998918
DEC_C41052829,DEC,C41052829
DEC_C41052967,DEC,C41052967
DEC_C41151409,DEC,C41151409
DEC_C41153625,DEC,C41153625
DEC_C41201728,DEC,C41201728
DEC_C42199194,DEC,C42199194
DEC_C43367169,DEC,C43367169
DEC_C43402102,DEC,C43402102
DEC_C43569682,DEC,C43569682
DEC_C50101164,DEC,C50101164
DEC_C50224983,DEC,C50224983
DEC_C50228584,DEC,C50228584
DEC_C54158534,DEC,C54158534
DEC_C54161442,DEC,C54161442
DEC_C54334697,DEC,C54334697
DEC_C54419520,DEC,C54419520
DEC_C54431267,DEC,C54431267
DEC_C54746696,DEC,C54746696
DEC_C51004064,DEC,C51004064
DEC_C60280969,DEC,C60280969
DEC_C61496755,DEC,C61496755
DEC_C61496834,DEC,C61496834
DEC_C61628678,DEC,C61628678
DEC_C61665725,DEC,C61665725
DEC_C61909284,DEC,C61909284
DEC_C62203303,DEC,C62203303
DEC_C62314805,DEC,C62314805
DEC_C62426631,DEC,C62426631
DEC_C62427964,DEC,C62427964
DEC_C62810160,DEC,C62810160
DEC_C62915519,DEC,C62915519
DEC_C63077519,DEC,C63077519
DEC_C00519818,DEC,C00519818
DEC_C63393841,DEC,C63393841
DEC_C16848125,DEC,C16848125
DEC_C16848118,DEC,C16848118
DEC_C08635525,DEC,C08635525
DEC_C08812990,DEC,C08812990
DEC_C09828841,DEC,C09828841
DEC_C09911744,DEC,C09911744
DEC_C11789611,DEC,C11789611
DEC_C08738421,DEC,C08738421
DEC_C20132202,DEC,C20132202
DEC_C20214461,DEC,C20214461
DEC_C20214637,DEC,C20214637
DEC_C20450589,DEC,C20450589
DEC_C20618101,DEC,C20618101
DEC_C20764890,DEC,C20764890
DEC_C22781812,DEC,C22781812
DEC_C35747160,DEC,C35747160
DEC_C35747231,DEC,C35747231
DEC_C35747663,DEC,C35747663
DEC_C35966639,DEC,C35966639
DEC_C36207578,DEC,C36207578
DEC_C36207654,DEC,C36207654
DEC_C29897852,DEC,C29897852
DEC_C39534247,DEC,C39534247
DEC_C39596036,DEC,C39596036
DEC_C39596038,DEC,C39596038
DEC_C39596040,DEC,C39596040
DEC_C39609027,DEC,C39609027
DEC_C39634581,DEC,C39634581
DEC_C39635126,DEC,C39635126
DEC_C39642034,DEC,C39642034
DEC_C39653100,DEC,C39653100
DEC_C39665277,DEC,C39665277
DEC_C39666173,DEC,C39666173
DEC_C39666628,DEC,C39666628
DEC_C39668351,DEC,C39668351
DEC_C39676568,DEC,C39676568
DEC_C39677657,DEC,C39677657
DEC_C39683346,DEC,C39683346
DEC_C39687251,DEC,C39687251
DEC_C39688707,DEC,C39688707
DEC_C40722003,DEC,C40722003
DEC_C52603391,DEC,C52603391
DEC_C59118003,DEC,C59118003
DEC_C59723498,DEC,C59723498
DEC_C22933886,DEC,C22933886
DEC_C15947094,DEC,C15947094
DEC_C41514181,DEC,C41514181
DEC_C63253554,DEC,C63253554
DEC_C63383719,DEC,C63383719
DEC_C63864642,DEC,C63864642
DEC_C64538794,DEC,C64538794
DEC_C64704139,DEC,C64704139
DEC_C08780726,DEC,C08780726
DEC_C09377004,DEC,C09377004
DEC_C09514155,DEC,C09514155
DEC_C03670368,DEC,C03670368
DEC_C03355418,DEC,C03355418
DEC_C12777141,DEC,C12777141
DEC_C12859106,DEC,C12859106
DEC_C13687603,DEC,C13687603
DEC_C15412204,DEC,C15412204
DEC_C15451737,DEC,C15451737
DEC_C08971403,DEC,C08971403
DEC_C20877113,DEC,C20877113
DEC_C21581280,DEC,C21581280
DEC_C22964845,DEC,C22964845
DEC_C25389804,DEC,C25389804
DEC_C27557858,DEC,C27557858
DEC_C33033222,DEC,C33033222
DEC_C24986830,DEC,C24986830
DEC_C08687568,DEC,C08687568
DEC_C39344536,DEC,C39344536
DEC_C39631566,DEC,C39631566
DEC_C39631802,DEC,C39631802
DEC_C39632006,DEC,C39632006
DEC_C39656120,DEC,C39656120
DEC_C39669979,DEC,C39669979
DEC_C39674036,DEC,C39674036
DEC_C39676330,DEC,C39676330
DEC_C39684162,DEC,C39684162
DEC_C39685886,DEC,C39685886
DEC_C39685888,DEC,C39685888
DEC_C39685889,DEC,C39685889
DEC_C39685902,DEC,C39685902
DEC_C39923396,DEC,C39923396
DEC_C44737087,DEC,C44737087
DEC_C17466794,DEC,C17466794
DEC_C04180963,DEC,C04180963
DEC_C63069383,DEC,C63069383
DEC_C63376389,DEC,C63376389
DEC_C63399212,DEC,C63399212
DEC_C63399213,DEC,C63399213
DEC_C63494728,DEC,C63494728
DEC_C63557092,DEC,C63557092
DEC_C63557634,DEC,C63557634
DEC_C63687971,DEC,C63687971
DEC_C63709807,DEC,C63709807
DEC_C63732001,DEC,C63732001
DEC_C63893111,DEC,C63893111
DEC_C64064515,DEC,C64064515
DEC_C64219110,DEC,C64219110
DEC_C64600205,DEC,C64600205
DEC_C05234579,DEC,C05234579
DEC_C05508711,DEC,C05508711
DEC_C06337251,DEC,C06337251
DEC_C06363914,DEC,C06363914
DEC_C19636943,DEC,C19636943
DEC_C20156098,DEC,C20156098
DEC_C06459061,DEC,C06459061
DEC_C17029300,DEC,C17029300
DEC_C04235610,DEC,C04235610
DEC_C36413016,DEC,C36413016
DEC_C33849473,DEC,C33849473
DEC_C37055313,DEC,C37055313
DEC_C37731749,DEC,C37731749
DEC_C06748295,DEC,C06748295
DEC_C39359193,DEC,C39359193
DEC_C39387922,DEC,C39387922
DEC_C39465229,DEC,C39465229
DEC_C39465241,DEC,C39465241
DEC_C40348976,DEC,C40348976
DEC_C39898025,DEC,C39898025
DEC_C44295848,DEC,C44295848
DEC_C44319235,DEC,C44319235
DEC_C45334254,DEC,C45334254
DEC_C46406143,DEC,C46406143
DEC_C46660240,DEC,C46660240
DEC_C49840725,DEC,C49840725
DEC_C09421849,DEC,C09421849
DEC_C50975214,DEC,C50975214
DEC_C33530214,DEC,C33530214
DEC_C16995094,DEC,C16995094
DEC_C13568711,DEC,C13568711
DEC_C07357397,DEC,C07357397
DEC_C58391574,DEC,C58391574
DEC_C06240022,DEC,C06240022
DEC_C59382663,DEC,C59382663
DEC_C60099812,DEC,C60099812
DEC_C60443137,DEC,C60443137
DEC_C36365135,DEC,C36365135
DEC_C62824749,DEC,C62824749
DEC_C62824804,DEC,C62824804
DEC_C63426583,DEC,C63426583
DEC_C63809499,DEC,C63809499
DEC_C63823474,DEC,C63823474
DEC_C63824456,DEC,C63824456
DEC_C16995094,DEC,C16995094
DEC_C64198339,DEC,C64198339
DEC_C64788340,DEC,C64788340
DEC_C16901932,DEC,C16901932
DEC_C65349312,DEC,C65349312
DEC_C65740764,DEC,C65740764
DEC_C02708577,DEC,C02708577
DEC_C04246294,DEC,C04246294
DEC_C03339985,DEC,C03339985
DEC_C08327984,DEC,C08327984
DEC_C08748678,DEC,C08748678
DEC_C10491463,DEC,C10491463
DEC_C11905456,DEC,C11905456
DEC_C12103701,DEC,C12103701
DEC_C12792325,DEC,C12792325
DEC_C14267000,DEC,C14267000
DEC_C17742012,DEC,C17742012
DEC_C20467318,DEC,C20467318
DEC_C20467320,DEC,C20467320
DEC_C23632294,DEC,C23632294
DEC_C23632296,DEC,C23632296
DEC_C36550403,DEC,C36550403
DEC_C36570395,DEC,C36570395
DEC_C36586595,DEC,C36586595
DEC_C36586866,DEC,C36586866
DEC_C36590031,DEC,C36590031
DEC_C38748334,DEC,C38748334
DEC_C38752612,DEC,C38752612
DEC_C38752624,DEC,C38752624
DEC_C38984688,DEC,C38984688
DEC_C39147128,DEC,C39147128
DEC_C40375801,DEC,C40375801
DEC_C40733011,DEC,C40733011
DEC_C52889957,DEC,C52889957
DEC_C56806639,DEC,C56806639
DEC_C29994976,DEC,C29994976
DEC_C29994975,DEC,C29994975
DEC_C58153408,DEC,C58153408
DEC_C58370953,DEC,C58370953
DEC_C58394569,DEC,C58394569
DEC_C04899127,DEC,C04899127
DEC_C63483815,DEC,C63483815
DEC_C64020809,DEC,C64020809
DEC_C64838506,DEC,C64838506
DEC_C65315464,DEC,C65315464
DEC_C66664094,DEC,C66664094
DEC_C66664095,DEC,C66664095
DEC_C66682176,DEC,C66682176
DEC_C66684617,DEC,C66684617
DEC_C66717139,DEC,C66717139
DEC_C66925820,DEC,C66925820
DEC_C66926347,DEC,C66926347
DEC_C66952685,DEC,C66952685
DEC_C67000592,DEC,C67000592
DEC_C67142807,DEC,C67142807
DEC_C67550282,DEC,C67550282
DEC_C04978749,DEC,C04978749
DEC_C04978750,DEC,C04978750
DEC_C05384328,DEC,C05384328
DEC_C01817067,DEC,C01817067
DEC_C02140055,DEC,C02140055
DEC_C01657129,DEC,C01657129
DEC_C07583417,DEC,C07583417
DEC_C09747886,DEC,C09747886
DEC_C06621501,DEC,C06621501
DEC_C15015815,DEC,C15015815
DEC_C20166114,DEC,C20166114
DEC_C20166116,DEC,C20166116
DEC_C21794930,DEC,C21794930
DEC_C29932996,DEC,C29932996
DEC_C32860154,DEC,C32860154
DEC_C32994562,DEC,C32994562
DEC_C33280306,DEC,C33280306
DEC_C33280315,DEC,C33280315
DEC_C35577603,DEC,C35577603
DEC_C12851196,DEC,C12851196
DEC_C09060020,DEC,C09060020
DEC_C36274009,DEC,C36274009
DEC_C38798670,DEC,C38798670
DEC_C38814397,DEC,C38814397
DEC_C38966155,DEC,C38966155
DEC_C39315484,DEC,C39315484
DEC_C39325780,DEC,C39325780
DEC_C39479102,DEC,C39479102
DEC_C39674329,DEC,C39674329
DEC_C39909856,DEC,C39909856
DEC_C40645243,DEC,C40645243
DEC_C41604342,DEC,C41604342
DEC_C25526422,DEC,C25526422
DEC_C45876734,DEC,C45876734
DEC_C57994086,DEC,C57994086
DEC_C58019005,DEC,C58019005
DEC_C43347995,DEC,C43347995
DEC_C47257558,DEC,C47257558
DEC_C63270890,DEC,C63270890
DEC_C63280477,DEC,C63280477
DEC_C63282082,DEC,C63282082
DEC_C63383844,DEC,C63383844
DEC_C63491494,DEC,C63491494
DEC_C63746521,DEC,C63746521
DEC_C52837386,DEC,C52837386
DEC_C64636354,DEC,C64636354
DEC_C65411079,DEC,C65411079
DEC_C67298071,DEC,C67298071
DEC_C67299203,DEC,C67299203
DEC_C67527556,DEC,C67527556
DEC_C03594924,DEC,C03594924
DEC_C03346790,DEC,C03346790
DEC_C00679824,DEC,C00679824
DEC_C04121362,DEC,C04121362
DEC_C00899578,DEC,C00899578
DEC_C03646523,DEC,C03646523
DEC_C04515374,DEC,C04515374
DEC_C02751426,DEC,C02751426
DEC_C05563591,DEC,C05563591
DEC_C06237788,DEC,C06237788
DEC_C06732493,DEC,C06732493
DEC_C01466019,DEC,C01466019
DEC_C03522817,DEC,C03522817
DEC_C00876819,DEC,C00876819
DEC_C10577416,DEC,C10577416
DEC_C11694855,DEC,C11694855
DEC_C12706191,DEC,C12706191
DEC_C14573470,DEC,C14573470
DEC_C01003009,DEC,C01003009
DEC_C20673063,DEC,C20673063
DEC_C20803958,DEC,C20803958
DEC_C20804686,DEC,C20804686
DEC_C27556011,DEC,C27556011
DEC_C31482185,DEC,C31482185
DEC_C33130126,DEC,C33130126
DEC_C12893183,DEC,C12893183
DEC_C13735945,DEC,C13735945
DEC_C36611880,DEC,C36611880
DEC_C36611881,DEC,C36611881
DEC_C36817710,DEC,C36817710
DEC_C01223575,DEC,C01223575
DEC_C04469668,DEC,C04469668
DEC_C38657528,DEC,C38657528
DEC_C38742899,DEC,C38742899
DEC_C39453423,DEC,C39453423
DEC_C41548724,DEC,C41548724
DEC_C41548762,DEC,C41548762
DEC_C43667511,DEC,C43667511
DEC_C49471823,DEC,C49471823
DEC_C05450941,DEC,C05450941
DEC_C04945113,DEC,C04945113
DEC_C04945114,DEC,C04945114
DEC_C04945115,DEC,C04945115
DEC_C54729482,DEC,C54729482
DEC_C19596015,DEC,C19596015
DEC_C29129338,DEC,C29129338
DEC_C11330013,DEC,C11330013
DEC_C59293603,DEC,C59293603
DEC_C65434015,DEC,C65434015
DEC_C67102040,DEC,C67102040
DEC_C01427247,DEC,C01427247
DEC_C01177153,DEC,C01177153
DEC_C05698611,DEC,C05698611
DEC_C06817144,DEC,C06817144
DEC_C08382171,DEC,C08382171
DEC_C12770968,DEC,C12770968
DEC_C01038487,DEC,C01038487
DEC_C01073819,DEC,C01073819
DEC_C20739701,DEC,C20739701
DEC_C32903122,DEC,C32903122
DEC_C04453513,DEC,C04453513
DEC_C36848492,DEC,C36848492
DEC_C01080044,DEC,C01080044
DEC_C02213516,DEC,C02213516
DEC_C04099013,DEC,C04099013
DEC_C04302082,DEC,C04302082
DEC_C38018880,DEC,C38018880
DEC_C39450942,DEC,C39450942
DEC_C39918895,DEC,C39918895
DEC_C40153774,DEC,C40153774
DEC_C41558373,DEC,C41558373
DEC_C44974059,DEC,C44974059
DEC_C48554274,DEC,C48554274
DEC_C50062536,DEC,C50062536
DEC_C55006329,DEC,C55006329
DEC_C57011313,DEC,C57011313
DEC_C58982365,DEC,C58982365
DEC_C22607087,DEC,C22607087
DEC_C63221985,DEC,C63221985
DEC_C63387271,DEC,C63387271
DEC_C05196112,DEC,C05196112
DEC_C12348729,DEC,C12348729
DEC_C06851520,DEC,C06851520
DEC_C04741510,DEC,C04741510
DEC_C04741513,DEC,C04741513
DEC_C04741512,DEC,C04741512
DEC_C64062074,DEC,C64062074
DEC_C35506927,DEC,C35506927
DEC_C64890883,DEC,C64890883
DEC_C64959812,DEC,C64959812
DEC_C65248219,DEC,C65248219
DEC_C65393710,DEC,C65393710
DEC_C65397737,DEC,C65397737
DEC_C66089388,DEC,C66089388
DEC_C66845169,DEC,C66845169
DEC_C66984358,DEC,C66984358
DEC_C67019386,DEC,C67019386
DEC_C67225190,DEC,C67225190
DEC_C67602041,DEC,C67602041
DEC_C67642395,DEC,C67642395
DEC_C00089412,DEC,C00089412
DEC_C00273921,DEC,C00273921
DEC_C04854636,DEC,C04854636
DEC_C01630846,DEC,C01630846
DEC_C05973784,DEC,C05973784
DEC_C01244014,DEC,C01244014
DEC_C04107578,DEC,C04107578
DEC_C09477756,DEC,C09477756
DEC_C10152481,DEC,C10152481
DEC_C13003759,DEC,C13003759
DEC_C22607970,DEC,C22607970
DEC_C26511331,DEC,C26511331
DEC_C28875605,DEC,C28875605
DEC_C32487952,DEC,C32487952
DEC_C19763826,DEC,C19763826
DEC_C35336393,DEC,C35336393
DEC_C35367599,DEC,C35367599
DEC_C35591396,DEC,C35591396
DEC_C35732262,DEC,C35732262
DEC_C04453421,DEC,C04453421
DEC_C36743596,DEC,C36743596
DEC_C36829136,DEC,C36829136
DEC_C37770274,DEC,C37770274
DEC_C00050404,DEC,C00050404
DEC_C39579339,DEC,C39579339
DEC_C40329808,DEC,C40329808
DEC_C40398606,DEC,C40398606
DEC_C40804335,DEC,C40804335
DEC_C40933053,DEC,C40933053
DEC_C41486250,DEC,C41486250
DEC_C41599408,DEC,C41599408
DEC_C42028465,DEC,C42028465
DEC_C44458649,DEC,C44458649
DEC_C48554690,DEC,C48554690
DEC_C49078641,DEC,C49078641
DEC_C50672442,DEC,C50672442
DEC_C51296507,DEC,C51296507
DEC_C52005519,DEC,C52005519
DEC_C52886328,DEC,C52886328
DEC_C54396781,DEC,C54396781
DEC_C55220698,DEC,C55220698
DEC_C56056142,DEC,C56056142
DEC_C13098282,DEC,C13098282
DEC_C58249000,DEC,C58249000
DEC_C61145520,DEC,C61145520
DEC_C62843648,DEC,C62843648
DEC_C62876035,DEC,C62876035
DEC_C00309223,DEC,C00309223
DEC_C65313503,DEC,C65313503
DEC_C65565455,DEC,C65565455
DEC_C05554077,DEC,C05554077
DEC_C19656921,DEC,C19656921
DEC_C19875088,DEC,C19875088
DEC_C19875090,DEC,C19875090
DEC_C20135197,DEC,C20135197
DEC_C37065386,DEC,C37065386
DEC_C37693170,DEC,C37693170
DEC_C39467885,DEC,C39467885
DEC_C40461028,DEC,C40461028
DEC_C40569301,DEC,C40569301
DEC_C42889107,DEC,C42889107
DEC_C44931973,DEC,C44931973
DEC_C44931975,DEC,C44931975
DEC_C48779260,DEC,C48779260
DEC_C49090292,DEC,C49090292
DEC_C49126727,DEC,C49126727
DEC_C49210539,DEC,C49210539
DEC_C49377736,DEC,C49377736
DEC_C50636953,DEC,C50636953
DEC_C50674221,DEC,C50674221
DEC_C50829540,DEC,C50829540
DEC_C51164249,DEC,C51164249
DEC_C52788375,DEC,C52788375
DEC_C06259817,DEC,C06259817
DEC_C07813293,DEC,C07813293
DEC_C61890835,DEC,C61890835
DEC_C62101692,DEC,C62101692
DEC_C62827582,DEC,C62827582
DEC_C62843840,DEC,C62843840
DEC_C62874464,DEC,C62874464
DEC_C62876018,DEC,C62876018
DEC_C05024340,DEC,C05024340
DEC_C04718511,DEC,C04718511
DEC_C04718510,DEC,C04718510
DEC_C63646925,DEC,C63646925
DEC_C48236604,DEC,C48236604
DEC_C65289096,DEC,C65289096
DEC_C65463404,DEC,C65463404
DEC_C65476033,DEC,C65476033
DEC_C65490832,DEC,C65490832
DEC_C66058754,DEC,C66058754
DEC_C66598283,DEC,C66598283
DEC_C66739644,DEC,C66739644
DEC_C66847054,DEC,C66847054
DEC_C66849004,DEC,C66849004
DEC_C66932185,DEC,C66932185
DEC_C67271763,DEC,C67271763
DEC_C67272723,DEC,C67272723
DEC_C67348582,DEC,C67348582
DEC_C67540217,DEC,C67540217
DEC_C01605877,DEC,C01605877
DEC_C04776587,DEC,C04776587
DEC_C04868339,DEC,C04868339
DEC_C09970431,DEC,C09970431
DEC_C19847912,DEC,C19847912
DEC_C20078598,DEC,C20078598
DEC_C20849415,DEC,C20849415
DEC_C36887636,DEC,C36887636
DEC_C37037610,DEC,C37037610
DEC_C37083741,DEC,C37083741
DEC_C04894732,DEC,C04894732
DEC_C38056075,DEC,C38056075
DEC_C39291619,DEC,C39291619
DEC_C39738111,DEC,C39738111
DEC_C40247718,DEC,C40247718
DEC_C40396973,DEC,C40396973
DEC_C40469187,DEC,C40469187
DEC_C40717765,DEC,C40717765
DEC_C41043971,DEC,C41043971
DEC_C42580855,DEC,C42580855
DEC_C42864558,DEC,C42864558
DEC_C42873324,DEC,C42873324
DEC_C43539365,DEC,C43539365
DEC_C43540625,DEC,C43540625
DEC_C43540726,DEC,C43540726
DEC_C44784471,DEC,C44784471
DEC_C44785647,DEC,C44785647
DEC_C44861453,DEC,C44861453
DEC_C44865006,DEC,C44865006
DEC_C44871049,DEC,C44871049
DEC_C44878984,DEC,C44878984
DEC_C45694126,DEC,C45694126
DEC_C48860733,DEC,C48860733
DEC_C48945626,DEC,C48945626
DEC_C49183557,DEC,C49183557
DEC_C04124820,DEC,C04124820
DEC_C50987748,DEC,C50987748
DEC_C15109429,DEC,C15109429
DEC_C52814945,DEC,C52814945
DEC_C53008426,DEC,C53008426
DEC_C55297302,DEC,C55297302
DEC_C57347268,DEC,C57347268
DEC_C40397324,DEC,C40397324
DEC_C50244919,DEC,C50244919
DEC_C61630733,DEC,C61630733
DEC_C00550761,DEC,C00550761
DEC_C62203219,DEC,C62203219
DEC_C63074610,DEC,C63074610
DEC_C65347155,DEC,C65347155
DEC_C20732785,DEC,C20732785
DEC_C04073925,DEC,C04073925
DEC_C05014680,DEC,C05014680
DEC_C01606478,DEC,C01606478
DEC_C15118046,DEC,C15118046
DEC_C19817180,DEC,C19817180
DEC_C35794222,DEC,C35794222
DEC_C37435915,DEC,C37435915
DEC_C40531174,DEC,C40531174
DEC_C40558456,DEC,C40558456
DEC_C40558475,DEC,C40558475
DEC_C40558478,DEC,C40558478
DEC_C40558520,DEC,C40558520
DEC_C40572734,DEC,C40572734
DEC_C40578486,DEC,C40578486
DEC_C40791695,DEC,C40791695
DEC_C42407124,DEC,C42407124
DEC_C42407232,DEC,C42407232
DEC_C42407238,DEC,C42407238
DEC_C42439265,DEC,C42439265
DEC_C42439273,DEC,C42439273
DEC_C42439483,DEC,C42439483
DEC_C42439608,DEC,C42439608
DEC_C42439650,DEC,C42439650
DEC_C42870342,DEC,C42870342
DEC_C43428700,DEC,C43428700
DEC_C43564615,DEC,C43564615
DEC_C43702459,DEC,C43702459
DEC_C44201220,DEC,C44201220
DEC_C44887241,DEC,C44887241
DEC_C44887530,DEC,C44887530
DEC_C44925925,DEC,C44925925
DEC_C44933266,DEC,C44933266
DEC_C45047506,DEC,C45047506
DEC_C45112427,DEC,C45112427
DEC_C48916866,DEC,C48916866
DEC_C49016050,DEC,C49016050
DEC_C49103515,DEC,C49103515
DEC_C49124156,DEC,C49124156
DEC_C50102929,DEC,C50102929
DEC_C50921897,DEC,C50921897
DEC_C50927654,DEC,C50927654
DEC_C51040290,DEC,C51040290
DEC_C53071222,DEC,C53071222
DEC_C35982286,DEC,C35982286
DEC_C54336768,DEC,C54336768
DEC_C49496695,DEC,C49496695
DEC_C62364043,DEC,C62364043
DEC_C62869910,DEC,C62869910
DEC_C62876196,DEC,C62876196
DEC_C62925311,DEC,C62925311
DEC_C00691497,DEC,C00691497
DEC_C05345331,DEC,C05345331
DEC_C01428876,DEC,C01428876
DEC_C02130499,DEC,C02130499
DEC_C03624864,DEC,C03624864
DEC_C11777511,DEC,C11777511
DEC_C12371924,DEC,C12371924
DEC_C12390202,DEC,C12390202
DEC_C02130497,DEC,C02130497
DEC_C14315805,DEC,C14315805
DEC_C15230407,DEC,C15230407
DEC_C24509417,DEC,C24509417
DEC_C28115492,DEC,C28115492
DEC_C29087987,DEC,C29087987
DEC_C30756436,DEC,C30756436
DEC_C33580494,DEC,C33580494
DEC_C34898336,DEC,C34898336
DEC_C36748636,DEC,C36748636
DEC_C38776678,DEC,C38776678
DEC_C39590154,DEC,C39590154
DEC_C48603932,DEC,C48603932
DEC_C48933851,DEC,C48933851
DEC_C51689717,DEC,C51689717
DEC_C51713179,DEC,C51713179
DEC_C54061923,DEC,C54061923
DEC_C02207709,DEC,C02207709
DEC_C58191027,DEC,C58191027
DEC_C12781575,DEC,C12781575
DEC_C60241808,DEC,C60241808
DEC_C60241823,DEC,C60241823
DEC_C60411248,DEC,C60411248
DEC_C61465129,DEC,C61465129
DEC_C61551691,DEC,C61551691
DEC_C32089447,DEC,C32089447
DEC_C02493393,DEC,C02493393
DEC_C20726158,DEC,C20726158
DEC_C63864106,DEC,C63864106
DEC_C17045435,DEC,C17045435
DEC_C64939259,DEC,C64939259
DEC_C65145644,DEC,C65145644
DEC_C65226159,DEC,C65226159
DEC_C66305793,DEC,C66305793
DEC_C66475737,DEC,C66475737
DEC_C66632414,DEC,C66632414
DEC_C67000577,DEC,C67000577
DEC_C67271812,DEC,C67271812
DEC_C67388255,DEC,C67388255
DEC_C67525548,DEC,C67525548
DEC_C67531834,DEC,C67531834
DEC_C67606694,DEC,C67606694
DEC_C04517111,DEC,C04517111
DEC_C08658507,DEC,C08658507
DEC_C09189966,DEC,C09189966
DEC_C09255348,DEC,C09255348
DEC_C12393503,DEC,C12393503
DEC_C12864198,DEC,C12864198
DEC_C02129176,DEC,C02129176
DEC_C14111718,DEC,C14111718
DEC_C15052603,DEC,C15052603
DEC_C18200558,DEC,C18200558
DEC_C15482140,DEC,C15482140
DEC_C24716994,DEC,C24716994
DEC_C24961064,DEC,C24961064
DEC_C25582886,DEC,C25582886
DEC_C31413324,DEC,C31413324
DEC_C33029044,DEC,C33029044
DEC_C34866216,DEC,C34866216
DEC_C22384499,DEC,C22384499
DEC_C05981412,DEC,C05981412
DEC_C38776674,DEC,C38776674
DEC_C39464403,DEC,C39464403
DEC_C39469835,DEC,C39469835
DEC_C39545450,DEC,C39545450
DEC_C39662772,DEC,C39662772
DEC_C38701951,DEC,C38701951
DEC_C33931141,DEC,C33931141
DEC_C46742800,DEC,C46742800
DEC_C48817763,DEC,C48817763
DEC_C16020879,DEC,C16020879
DEC_C51643151,DEC,C51643151
DEC_C51644616,DEC,C51644616
DEC_C51710402,DEC,C51710402
DEC_C01886615,DEC,C01886615
DEC_C25411816,DEC,C25411816
DEC_C58202617,DEC,C58202617
DEC_C16450223,DEC,C16450223
DEC_C59086957,DEC,C59086957
DEC_C59293045,DEC,C59293045
DEC_C20720643,DEC,C20720643
DEC_C15957052,DEC,C15957052
DEC_C62009069,DEC,C62009069
DEC_C62689366,DEC,C62689366
DEC_C63161725,DEC,C63161725
DEC_C63217119,DEC,C63217119
DEC_C39976716,DEC,C39976716
DEC_C39984219,DEC,C39984219
DEC_C63373535,DEC,C63373535
DEC_C66632417,DEC,C66632417
DEC_C67000526,DEC,C67000526
DEC_C67273493,DEC,C67273493
DEC_C00838559,DEC,C00838559
DEC_C08789875,DEC,C08789875
DEC_C09505368,DEC,C09505368
DEC_C09638699,DEC,C09638699
DEC_C09665530,DEC,C09665530
DEC_C09728543,DEC,C09728543
DEC_C09813552,DEC,C09813552
DEC_C09882546,DEC,C09882546
DEC_C11788136,DEC,C11788136
DEC_C11865362,DEC,C11865362
DEC_C11871501,DEC,C11871501
DEC_C11971059,DEC,C11971059
DEC_C11978858,DEC,C11978858
DEC_C11995313,DEC,C11995313
DEC_C11998517,DEC,C11998517
DEC_C12279012,DEC,C12279012
DEC_C13033372,DEC,C13033372
DEC_C14532239,DEC,C14532239
DEC_C14882914,DEC,C14882914
DEC_C14994175,DEC,C14994175
DEC_C15547920,DEC,C15547920
DEC_C15598470,DEC,C15598470
DEC_C16920072,DEC,C16920072
DEC_C16938631,DEC,C16938631
DEC_C21526691,DEC,C21526691
DEC_C21810712,DEC,C21810712
DEC_C22921927,DEC,C22921927
DEC_C32041578,DEC,C32041578
DEC_C09835737,DEC,C09835737
DEC_C35483276,DEC,C35483276
DEC_C12521561,DEC,C12521561
DEC_C32716882,DEC,C32716882
DEC_C16959686,DEC,C16959686
DEC_C38597732,DEC,C38597732
DEC_C39360353,DEC,C39360353
DEC_C14972648,DEC,C14972648
DEC_C39530741,DEC,C39530741
DEC_C09381123,DEC,C09381123
DEC_C22933419,DEC,C22933419
DEC_C59286710,DEC,C59286710
DEC_C59588629,DEC,C59588629
DEC_C39781361,DEC,C39781361
DEC_C63362032,DEC,C63362032
DEC_C63373974,DEC,C63373974
DEC_C63373975,DEC,C63373975
DEC_C63873702,DEC,C63873702
DEC_C63873704,DEC,C63873704
DEC_C64539212,DEC,C64539212
DEC_C65010679,DEC,C65010679
DEC_C65301321,DEC,C65301321
DEC_C02774690,DEC,C02774690
DEC_C11737039,DEC,C11737039
DEC_C17197375,DEC,C17197375
DEC_C05052083,DEC,C05052083
DEC_C21056141,DEC,C21056141
DEC_C09668071,DEC,C09668071
DEC_C35453197,DEC,C35453197
DEC_C35763496,DEC,C35763496
DEC_C10715875,DEC,C10715875
DEC_C37486863,DEC,C37486863
DEC_C04595699,DEC,C04595699
DEC_C38743863,DEC,C38743863
DEC_C38743864,DEC,C38743864
DEC_C38743866,DEC,C38743866
DEC_C40304352,DEC,C40304352
DEC_C40320944,DEC,C40320944
DEC_C40332597,DEC,C40332597
DEC_C40347144,DEC,C40347144
DEC_C40369835,DEC,C40369835
DEC_C40372347,DEC,C40372347
DEC_C40372588,DEC,C40372588
DEC_C40372864,DEC,C40372864
DEC_C41023606,DEC,C41023606
DEC_C41023907,DEC,C41023907
DEC_C41834193,DEC,C41834193
DEC_C42014599,DEC,C42014599
DEC_C42015551,DEC,C42015551
DEC_C42026432,DEC,C42026432
DEC_C42026440,DEC,C42026440
DEC_C42029283,DEC,C42029283
DEC_C42393394,DEC,C42393394
DEC_C42406005,DEC,C42406005
DEC_C42804638,DEC,C42804638
DEC_C42824548,DEC,C42824548
DEC_C44587689,DEC,C44587689
DEC_C44785158,DEC,C44785158
DEC_C44981909,DEC,C44981909
DEC_C44982804,DEC,C44982804
DEC_C44982806,DEC,C44982806
DEC_C49422698,DEC,C49422698
DEC_C50369143,DEC,C50369143
DEC_C50377062,DEC,C50377062
DEC_C50510489,DEC,C50510489
DEC_C51988295,DEC,C51988295
DEC_C06418307,DEC,C06418307
DEC_C56296251,DEC,C56296251
DEC_C61592324,DEC,C61592324
DEC_C62349105,DEC,C62349105
DEC_C66739958,DEC,C66739958
DEC_C66740078,DEC,C66740078
DEC_C00705595,DEC,C00705595
DEC_C04374894,DEC,C04374894
DEC_C04374896,DEC,C04374896
DEC_C02886459,DEC,C02886459
DEC_C01144960,DEC,C01144960
DEC_C05044029,DEC,C05044029
DEC_C06141357,DEC,C06141357
DEC_C03277073,DEC,C03277073
DEC_C07799644,DEC,C07799644
DEC_C07321381,DEC,C07321381
DEC_C10056601,DEC,C10056601
DEC_C14656338,DEC,C14656338
DEC_C16021525,DEC,C16021525
DEC_C09108915,DEC,C09108915
DEC_C21082442,DEC,C21082442
DEC_C32655085,DEC,C32655085
DEC_C10395931,DEC,C10395931
DEC_C35290743,DEC,C35290743
DEC_C35993635,DEC,C35993635
DEC_C04992874,DEC,C04992874
DEC_C20865172,DEC,C20865172
DEC_C36270570,DEC,C36270570
DEC_C38576864,DEC,C38576864
DEC_C39578386,DEC,C39578386
DEC_C40117789,DEC,C40117789
DEC_C41214252,DEC,C41214252
DEC_C44017013,DEC,C44017013
DEC_C44177186,DEC,C44177186
DEC_C46874776,DEC,C46874776
DEC_C54095520,DEC,C54095520
DEC_C55325332,DEC,C55325332
DEC_C57739683,DEC,C57739683
DEC_C58227288,DEC,C58227288
DEC_C43441262,DEC,C43441262
DEC_C59040665,DEC,C59040665
DEC_C47383932,DEC,C47383932
DEC_C08856557,DEC,C08856557
DEC_C62386977,DEC,C62386977
DEC_C12753492,DEC,C12753492
DEC_C39933402,DEC,C39933402
DEC_C63394684,DEC,C63394684
DEC_C63686291,DEC,C63686291
DEC_C65199756,DEC,C65199756
DEC_C66494604,DEC,C66494604
DEC_C66523674,DEC,C66523674
DEC_C66663422,DEC,C66663422
DEC_C66929200,DEC,C66929200
DEC_C67461765,DEC,C67461765
DEC_C67539180,DEC,C67539180
DEC_C67546687,DEC,C67546687
DEC_C04302281,DEC,C04302281
DEC_C08868024,DEC,C08868024
DEC_C09067921,DEC,C09067921
DEC_C09304343,DEC,C09304343
DEC_C09508701,DEC,C09508701
DEC_C11424071,DEC,C11424071
DEC_C12339986,DEC,C12339986
DEC_C12875361,DEC,C12875361
DEC_C08964055,DEC,C08964055
DEC_C08994218,DEC,C08994218
DEC_C19208559,DEC,C19208559
DEC_C25308824,DEC,C25308824
DEC_C34863177,DEC,C34863177
DEC_C36039463,DEC,C36039463
DEC_C14731576,DEC,C14731576
DEC_C39606660,DEC,C39606660
DEC_C39636005,DEC,C39636005
DEC_C39637522,DEC,C39637522
DEC_C39639434,DEC,C39639434
DEC_C39665379,DEC,C39665379
DEC_C39665909,DEC,C39665909
DEC_C39666077,DEC,C39666077
DEC_C39666231,DEC,C39666231
DEC_C39666234,DEC,C39666234
DEC_C39672309,DEC,C39672309
DEC_C39992136,DEC,C39992136
DEC_C12780742,DEC,C12780742
DEC_C43604370,DEC,C43604370
DEC_C44551589,DEC,C44551589
DEC_C04647345,DEC,C04647345
DEC_C13124158,DEC,C13124158
DEC_C04131313,DEC,C04131313
DEC_C63182406,DEC,C63182406
DEC_C39939641,DEC,C39939641
DEC_C63491366,DEC,C63491366
DEC_C63531498,DEC,C63531498
DEC_C63531501,DEC,C63531501
DEC_C63541373,DEC,C63541373
DEC_C63541375,DEC,C63541375
DEC_C63557187,DEC,C63557187
DEC_C63655777,DEC,C63655777
DEC_C63655778,DEC,C63655778
DEC_C64048348,DEC,C64048348
DEC_C64057388,DEC,C64057388
DEC_C64173271,DEC,C64173271
DEC_C64435824,DEC,C64435824
DEC_C64600388,DEC,C64600388
DEC_C64600530,DEC,C64600530
DEC_C65074675,DEC,C65074675
DEC_C67299267,DEC,C67299267
DEC_C08634556,DEC,C08634556
DEC_C08940240,DEC,C08940240
DEC_C08978194,DEC,C08978194
DEC_C00867452,DEC,C00867452
DEC_C03260611,DEC,C03260611
DEC_C09430345,DEC,C09430345
DEC_C10765951,DEC,C10765951
DEC_C11066259,DEC,C11066259
DEC_C12515433,DEC,C12515433
DEC_C02148935,DEC,C02148935
DEC_C12735723,DEC,C12735723
DEC_C12754755,DEC,C12754755
DEC_C14199755,DEC,C14199755
DEC_C14944851,DEC,C14944851
DEC_C15670135,DEC,C15670135
DEC_C01892366,DEC,C01892366
DEC_C20258951,DEC,C20258951
DEC_C20496958,DEC,C20496958
DEC_C13577203,DEC,C13577203
DEC_C21253987,DEC,C21253987
DEC_C23636097,DEC,C23636097
DEC_C24909977,DEC,C24909977
DEC_C01334460,DEC,C01334460
DEC_C28060477,DEC,C28060477
DEC_C28060485,DEC,C28060485
DEC_C28198434,DEC,C28198434
DEC_C33088215,DEC,C33088215
DEC_C34792493,DEC,C34792493
DEC_C35852043,DEC,C35852043
DEC_C13591794,DEC,C13591794
DEC_C36358070,DEC,C36358070
DEC_C36818983,DEC,C36818983
DEC_C09293399,DEC,C09293399
DEC_C02249550,DEC,C02249550
DEC_C38487397,DEC,C38487397
DEC_C38933955,DEC,C38933955
DEC_C39994085,DEC,C39994085
DEC_C40398912,DEC,C40398912
DEC_C22852127,DEC,C22852127
DEC_C28916706,DEC,C28916706
DEC_C21532255,DEC,C21532255
DEC_C21532252,DEC,C21532252
DEC_C58647799,DEC,C58647799
DEC_C59485600,DEC,C59485600
DEC_C60110255,DEC,C60110255
DEC_C60213016,DEC,C60213016
DEC_C23969551,DEC,C23969551
DEC_C35780368,DEC,C35780368
DEC_C64390800,DEC,C64390800
DEC_C64793439,DEC,C64793439
DEC_C09189936,DEC,C09189936
DEC_C09439352,DEC,C09439352
DEC_C10274537,DEC,C10274537
DEC_C11814116,DEC,C11814116
DEC_C13498796,DEC,C13498796
DEC_C13498797,DEC,C13498797
DEC_C19925600,DEC,C19925600
DEC_C19961959,DEC,C19961959
DEC_C20103564,DEC,C20103564
DEC_C22819857,DEC,C22819857
DEC_C23300161,DEC,C23300161
DEC_C23355082,DEC,C23355082
DEC_C24881124,DEC,C24881124
DEC_C25383501,DEC,C25383501
DEC_C29189188,DEC,C29189188
DEC_C32738669,DEC,C32738669
DEC_C38776897,DEC,C38776897
DEC_C39607176,DEC,C39607176
DEC_C39634573,DEC,C39634573
DEC_C39636626,DEC,C39636626
DEC_C39639377,DEC,C39639377
DEC_C39653091,DEC,C39653091
DEC_C39659323,DEC,C39659323
DEC_C39661359,DEC,C39661359
DEC_C39669742,DEC,C39669742
DEC_C39669744,DEC,C39669744
DEC_C39669786,DEC,C39669786
DEC_C39669789,DEC,C39669789
DEC_C39676780,DEC,C39676780
DEC_C39677532,DEC,C39677532
DEC_C39678784,DEC,C39678784
DEC_C39678815,DEC,C39678815
DEC_C39681114,DEC,C39681114
DEC_C39688257,DEC,C39688257
DEC_C39688337,DEC,C39688337
DEC_C39689457,DEC,C39689457
DEC_C39690281,DEC,C39690281
DEC_C39691140,DEC,C39691140
DEC_C39918621,DEC,C39918621
DEC_C41252303,DEC,C41252303
DEC_C49489762,DEC,C49489762
DEC_C60354839,DEC,C60354839
DEC_C60376887,DEC,C60376887
DEC_C63295139,DEC,C63295139
DEC_C63384390,DEC,C63384390
DEC_C63676468,DEC,C63676468
DEC_C63679651,DEC,C63679651
DEC_C63681099,DEC,C63681099
DEC_C64181683,DEC,C64181683
DEC_C64538752,DEC,C64538752
DEC_C04027841,DEC,C04027841
DEC_C01510804,DEC,C01510804
DEC_C04488809,DEC,C04488809
DEC_C04485098,DEC,C04485098
DEC_C05894350,DEC,C05894350
DEC_C06257426,DEC,C06257426
DEC_C02778930,DEC,C02778930
DEC_C06624534,DEC,C06624534
DEC_C06668237,DEC,C06668237
DEC_C06732485,DEC,C06732485
DEC_C07064530,DEC,C07064530
DEC_C07736275,DEC,C07736275
DEC_C07837370,DEC,C07837370
DEC_C08921359,DEC,C08921359
DEC_C09100431,DEC,C09100431
DEC_C09638749,DEC,C09638749
DEC_C09949165,DEC,C09949165
DEC_C11610746,DEC,C11610746
DEC_C12376640,DEC,C12376640
DEC_C13131174,DEC,C13131174
DEC_C15684709,DEC,C15684709
DEC_C16623799,DEC,C16623799
DEC_C17028930,DEC,C17028930
DEC_C17080096,DEC,C17080096
DEC_C19665759,DEC,C19665759
DEC_C22958690,DEC,C22958690
DEC_C36619428,DEC,C36619428
DEC_C08684537,DEC,C08684537
DEC_C09309680,DEC,C09309680
DEC_C38692291,DEC,C38692291
DEC_C38751477,DEC,C38751477
DEC_C39030291,DEC,C39030291
DEC_C39159680,DEC,C39159680
DEC_C39730706,DEC,C39730706
DEC_C40116929,DEC,C40116929
DEC_C40921410,DEC,C40921410
DEC_C40921451,DEC,C40921451
DEC_C43736917,DEC,C43736917
DEC_C07098603,DEC,C07098603
DEC_C47138099,DEC,C47138099
DEC_C53986090,DEC,C53986090
DEC_C18117121,DEC,C18117121
DEC_C13592884,DEC,C13592884
DEC_C17089766,DEC,C17089766
DEC_C52958883,DEC,C52958883
DEC_C64890953,DEC,C64890953
DEC_C64945823,DEC,C64945823
DEC_C65115167,DEC,C65115167
DEC_C65364078,DEC,C65364078
DEC_C66311392,DEC,C66311392
DEC_C00734851,DEC,C00734851
DEC_C00809159,DEC,C00809159
DEC_C02466960,DEC,C02466960
DEC_C04974102,DEC,C04974102
DEC_C08545461,DEC,C08545461
DEC_C09133816,DEC,C09133816
DEC_C09333844,DEC,C09333844
DEC_C09547058,DEC,C09547058
DEC_C09548115,DEC,C09548115
DEC_C09583881,DEC,C09583881
DEC_C09668135,DEC,C09668135
DEC_C10069351,DEC,C10069351
DEC_C11615601,DEC,C11615601
DEC_C01080268,DEC,C01080268
DEC_C12658631,DEC,C12658631
DEC_C08436704,DEC,C08436704
DEC_C03308543,DEC,C03308543
DEC_C15827109,DEC,C15827109
DEC_C15906031,DEC,C15906031
DEC_C16843639,DEC,C16843639
DEC_C17026396,DEC,C17026396
DEC_C17095145,DEC,C17095145
DEC_C20070973,DEC,C20070973
DEC_C20070989,DEC,C20070989
DEC_C02697316,DEC,C02697316
DEC_C21976078,DEC,C21976078
DEC_C24341160,DEC,C24341160
DEC_C28054931,DEC,C28054931
DEC_C28056460,DEC,C28056460
DEC_C28060067,DEC,C28060067
DEC_C32560873,DEC,C32560873
DEC_C35289709,DEC,C35289709
DEC_C35894475,DEC,C35894475
DEC_C35894647,DEC,C35894647
DEC_C38187573,DEC,C38187573
DEC_C38653778,DEC,C38653778
DEC_C39468833,DEC,C39468833
DEC_C39592017,DEC,C39592017
DEC_C40016357,DEC,C40016357
DEC_C40586150,DEC,C40586150
DEC_C40923614,DEC,C40923614
DEC_C45773021,DEC,C45773021
DEC_C46875529,DEC,C46875529
DEC_C07889410,DEC,C07889410
DEC_C12524475,DEC,C12524475
DEC_C59501520,DEC,C59501520
DEC_C63374970,DEC,C63374970
DEC_C33706099,DEC,C33706099
DEC_C13141768,DEC,C13141768
DEC_C67239053,DEC,C67239053
DEC_C09663720,DEC,C09663720
DEC_C09873945,DEC,C09873945
DEC_C06445135,DEC,C06445135
DEC_C09042442,DEC,C09042442
DEC_C13498799,DEC,C13498799
DEC_C13498807,DEC,C13498807
DEC_C02394872,DEC,C02394872
DEC_C09158107,DEC,C09158107
DEC_C34734968,DEC,C34734968
DEC_C35636770,DEC,C35636770
DEC_C38932735,DEC,C38932735
DEC_C39604919,DEC,C39604919
DEC_C39605208,DEC,C39605208
DEC_C39638248,DEC,C39638248
DEC_C39638249,DEC,C39638249
DEC_C39639052,DEC,C39639052
DEC_C39639177,DEC,C39639177
DEC_C39659263,DEC,C39659263
DEC_C39659581,DEC,C39659581
DEC_C39659620,DEC,C39659620
DEC_C39662551,DEC,C39662551
DEC_C39665160,DEC,C39665160
DEC_C39669608,DEC,C39669608
DEC_C39671278,DEC,C39671278
DEC_C39672551,DEC,C39672551
DEC_C39672610,DEC,C39672610
DEC_C39672890,DEC,C39672890
DEC_C39675113,DEC,C39675113
DEC_C39676295,DEC,C39676295
DEC_C39677450,DEC,C39677450
DEC_C39680642,DEC,C39680642
DEC_C39680643,DEC,C39680643
DEC_C39681351,DEC,C39681351
DEC_C39682172,DEC,C39682172
DEC_C39694514,DEC,C39694514
DEC_C39696808,DEC,C39696808
DEC_C39840960,DEC,C39840960
DEC_C39841006,DEC,C39841006
DEC_C39841012,DEC,C39841012
DEC_C39841118,DEC,C39841118
DEC_C44714268,DEC,C44714268
DEC_C44714542,DEC,C44714542
DEC_C22937077,DEC,C22937077
DEC_C22787872,DEC,C22787872
DEC_C59890413,DEC,C59890413
DEC_C39934495,DEC,C39934495
DEC_C63679641,DEC,C63679641
DEC_C38976336,DEC,C38976336
DEC_C64055370,DEC,C64055370
DEC_C67286761,DEC,C67286761
DEC_C04102268,DEC,C04102268
DEC_C01956086,DEC,C01956086
DEC_C03433502,DEC,C03433502
DEC_C04277866,DEC,C04277866
DEC_C04150088,DEC,C04150088
DEC_C01921163,DEC,C01921163
DEC_C10154567,DEC,C10154567
DEC_C10264125,DEC,C10264125
DEC_C10246228,DEC,C10246228
DEC_C11017820,DEC,C11017820
DEC_C12477686,DEC,C12477686
DEC_C12568606,DEC,C12568606
DEC_C12568608,DEC,C12568608
DEC_C12661201,DEC,C12661201
DEC_C12661203,DEC,C12661203
DEC_C12864973,DEC,C12864973
DEC_C13148729,DEC,C13148729
DEC_C13148731,DEC,C13148731
DEC_C15978456,DEC,C15978456
DEC_C20613917,DEC,C20613917
DEC_C20905180,DEC,C20905180
DEC_C20907691,DEC,C20907691
DEC_C21369555,DEC,C21369555
DEC_C24845288,DEC,C24845288
DEC_C27519326,DEC,C27519326
DEC_C28853889,DEC,C28853889
DEC_C32666613,DEC,C32666613
DEC_C32971925,DEC,C32971925
DEC_C32971929,DEC,C32971929
DEC_C32972005,DEC,C32972005
DEC_C32988047,DEC,C32988047
DEC_C33743429,DEC,C33743429
DEC_C34139028,DEC,C34139028
DEC_C36382360,DEC,C36382360
DEC_C13139149,DEC,C13139149
DEC_C12715149,DEC,C12715149
DEC_C15934918,DEC,C15934918
DEC_C23079650,DEC,C23079650
DEC_C32994530,DEC,C32994530
DEC_C12914557,DEC,C12914557
DEC_C13138424,DEC,C13138424
DEC_C12976806,DEC,C12976806
DEC_C39359268,DEC,C39359268
DEC_C39658182,DEC,C39658182
DEC_C40658035,DEC,C40658035
DEC_C33597631,DEC,C33597631
DEC_C20085988,DEC,C20085988
DEC_C01758404,DEC,C01758404
DEC_C20153323,DEC,C20153323
DEC_C14623940,DEC,C14623940
DEC_C08756683,DEC,C08756683
DEC_C08942373,DEC,C08942373
DEC_C01828520,DEC,C01828520
DEC_C09173589,DEC,C09173589
DEC_C09505395,DEC,C09505395
DEC_C12498030,DEC,C12498030
DEC_C01828522,DEC,C01828522
DEC_C12874099,DEC,C12874099
DEC_C14749335,DEC,C14749335
DEC_C15007961,DEC,C15007961
DEC_C16700906,DEC,C16700906
DEC_C20358346,DEC,C20358346
DEC_C23259768,DEC,C23259768
DEC_C24143591,DEC,C24143591
DEC_C25981118,DEC,C25981118
DEC_C27104440,DEC,C27104440
DEC_C34734921,DEC,C34734921
DEC_C35167787,DEC,C35167787
DEC_C35294155,DEC,C35294155
DEC_C39606618,DEC,C39606618
DEC_C39639118,DEC,C39639118
DEC_C39659637,DEC,C39659637
DEC_C39661296,DEC,C39661296
DEC_C39666200,DEC,C39666200
DEC_C39669549,DEC,C39669549
DEC_C39674208,DEC,C39674208
DEC_C39674449,DEC,C39674449
DEC_C39676097,DEC,C39676097
DEC_C39677610,DEC,C39677610
DEC_C39677611,DEC,C39677611
DEC_C39678344,DEC,C39678344
DEC_C39684938,DEC,C39684938
DEC_C39694879,DEC,C39694879
DEC_C39982672,DEC,C39982672
DEC_C39982674,DEC,C39982674
DEC_C39982675,DEC,C39982675
DEC_C43730049,DEC,C43730049
DEC_C16025254,DEC,C16025254
DEC_C45356459,DEC,C45356459
DEC_C58357756,DEC,C58357756
DEC_C63270259,DEC,C63270259
DEC_C63375186,DEC,C63375186
DEC_C63383458,DEC,C63383458
DEC_C63541319,DEC,C63541319
DEC_C64392520,DEC,C64392520
DEC_C64428108,DEC,C64428108
DEC_C64428111,DEC,C64428111
DEC_C35378968,DEC,C35378968
DEC_C64713714,DEC,C64713714
DEC_C64733836,DEC,C64733836
DEC_C04388603,DEC,C04388603
DEC_C04556331,DEC,C04556331
DEC_C01563224,DEC,C01563224
DEC_C08275204,DEC,C08275204
DEC_C09033840,DEC,C09033840
DEC_C09312289,DEC,C09312289
DEC_C12497148,DEC,C12497148
DEC_C12554731,DEC,C12554731
DEC_C20215698,DEC,C20215698
DEC_C22834810,DEC,C22834810
DEC_C32913425,DEC,C32913425
DEC_C36093638,DEC,C36093638
DEC_C01326491,DEC,C01326491
DEC_C38769043,DEC,C38769043
DEC_C39313679,DEC,C39313679
DEC_C39467528,DEC,C39467528
DEC_C39467533,DEC,C39467533
DEC_C39607296,DEC,C39607296
DEC_C39608306,DEC,C39608306
DEC_C39632551,DEC,C39632551
DEC_C39658868,DEC,C39658868
DEC_C39677083,DEC,C39677083
DEC_C39694230,DEC,C39694230
DEC_C39694922,DEC,C39694922
DEC_C39941785,DEC,C39941785
DEC_C15971663,DEC,C15971663
DEC_C46585971,DEC,C46585971
DEC_C49068278,DEC,C49068278
DEC_C20356246,DEC,C20356246
DEC_C22324971,DEC,C22324971
DEC_C40395274,DEC,C40395274
DEC_C16475986,DEC,C16475986
DEC_C58951333,DEC,C58951333
DEC_C58951432,DEC,C58951432
DEC_C13124038,DEC,C13124038
DEC_C63373913,DEC,C63373913
DEC_C63374606,DEC,C63374606
DEC_C63376157,DEC,C63376157
DEC_C63384222,DEC,C63384222
DEC_C63472815,DEC,C63472815
DEC_C63478762,DEC,C63478762
DEC_C63479665,DEC,C63479665
DEC_C63479832,DEC,C63479832
DEC_C63480283,DEC,C63480283
DEC_C63617445,DEC,C63617445
DEC_C53629510,DEC,C53629510
DEC_C64870721,DEC,C64870721
DEC_C65248547,DEC,C65248547
DEC_C65265770,DEC,C65265770
DEC_C65266421,DEC,C65266421
DEC_C01226934,DEC,C01226934
DEC_C01226935,DEC,C01226935
DEC_C03461899,DEC,C03461899
DEC_C04518740,DEC,C04518740
DEC_C04518765,DEC,C04518765
DEC_C01516880,DEC,C01516880
DEC_C05636405,DEC,C05636405
DEC_C05661149,DEC,C05661149
DEC_C08629202,DEC,C08629202
DEC_C08644615,DEC,C08644615
DEC_C03457891,DEC,C03457891
DEC_C08837258,DEC,C08837258
DEC_C08947617,DEC,C08947617
DEC_C08947721,DEC,C08947721
DEC_C09959718,DEC,C09959718
DEC_C09959724,DEC,C09959724
DEC_C15619332,DEC,C15619332
DEC_C16856591,DEC,C16856591
DEC_C18198957,DEC,C18198957
DEC_C18198958,DEC,C18198958
DEC_C20569103,DEC,C20569103
DEC_C22197243,DEC,C22197243
DEC_C24224802,DEC,C24224802
DEC_C02542335,DEC,C02542335
DEC_C27329941,DEC,C27329941
DEC_C04144336,DEC,C04144336
DEC_C04144338,DEC,C04144338
DEC_C36668118,DEC,C36668118
DEC_C39167348,DEC,C39167348
DEC_C39167349,DEC,C39167349
DEC_C36895149,DEC,C36895149
DEC_C15613950,DEC,C15613950
DEC_C39561132,DEC,C39561132
DEC_C40383427,DEC,C40383427
DEC_C40388626,DEC,C40388626
DEC_C40923968,DEC,C40923968
DEC_C42297953,DEC,C42297953
DEC_C49181362,DEC,C49181362
DEC_C20757233,DEC,C20757233
DEC_C01097781,DEC,C01097781
DEC_C52955702,DEC,C52955702
DEC_C38203327,DEC,C38203327
DEC_C01859533,DEC,C01859533
DEC_C06928953,DEC,C06928953
DEC_C60106697,DEC,C60106697
DEC_C63269063,DEC,C63269063
DEC_C63478741,DEC,C63478741
DEC_C63478744,DEC,C63478744
DEC_C31813417,DEC,C31813417
DEC_C67471176,DEC,C67471176
DEC_C02203812,DEC,C02203812
DEC_C03624825,DEC,C03624825
DEC_C08429484,DEC,C08429484
DEC_C02201364,DEC,C02201364
DEC_C09092740,DEC,C09092740
DEC_C09092741,DEC,C09092741
DEC_C09960270,DEC,C09960270
DEC_C02786048,DEC,C02786048
DEC_C10364789,DEC,C10364789
DEC_C10368846,DEC,C10368846
DEC_C10424805,DEC,C10424805
DEC_C10824339,DEC,C10824339
DEC_C11268832,DEC,C11268832
DEC_C11658815,DEC,C11658815
DEC_C09972642,DEC,C09972642
DEC_C12773219,DEC,C12773219
DEC_C12904394,DEC,C12904394
DEC_C13231022,DEC,C13231022
DEC_C04278436,DEC,C04278436
DEC_C14251832,DEC,C14251832
DEC_C14585120,DEC,C14585120
DEC_C15546103,DEC,C15546103
DEC_C01452766,DEC,C01452766
DEC_C02469229,DEC,C02469229
DEC_C22061461,DEC,C22061461
DEC_C22699342,DEC,C22699342
DEC_C24148772,DEC,C24148772
DEC_C24880342,DEC,C24880342
DEC_C24960934,DEC,C24960934
DEC_C28394277,DEC,C28394277
DEC_C34785164,DEC,C34785164
DEC_C05255326,DEC,C05255326
DEC_C38689206,DEC,C38689206
DEC_C38752410,DEC,C38752410
DEC_C39590335,DEC,C39590335
DEC_C40512694,DEC,C40512694
DEC_C43221085,DEC,C43221085
DEC_C44174085,DEC,C44174085
DEC_C45728538,DEC,C45728538
DEC_C46773348,DEC,C46773348
DEC_C35363835,DEC,C35363835
DEC_C09341382,DEC,C09341382
DEC_C41083790,DEC,C41083790
DEC_C09486157,DEC,C09486157
DEC_C60163835,DEC,C60163835
DEC_C60378703,DEC,C60378703
DEC_C39953181,DEC,C39953181
DEC_C64407750,DEC,C64407750
DEC_C64665867,DEC,C64665867
DEC_C65734477,DEC,C65734477
DEC_C07854813,DEC,C07854813
DEC_C14323279,DEC,C14323279
DEC_C16420244,DEC,C16420244
DEC_C08768506,DEC,C08768506
DEC_C04665312,DEC,C04665312
DEC_C12309333,DEC,C12309333
DEC_C24116341,DEC,C24116341
DEC_C34734972,DEC,C34734972
DEC_C34749265,DEC,C34749265
DEC_C34749266,DEC,C34749266
DEC_C36759188,DEC,C36759188
DEC_C22815662,DEC,C22815662
DEC_C08834862,DEC,C08834862
DEC_C08663651,DEC,C08663651
DEC_C39030426,DEC,C39030426
DEC_C39443963,DEC,C39443963
DEC_C39598563,DEC,C39598563
DEC_C39598565,DEC,C39598565
DEC_C39603609,DEC,C39603609
DEC_C39633148,DEC,C39633148
DEC_C39638244,DEC,C39638244
DEC_C39659309,DEC,C39659309
DEC_C39659699,DEC,C39659699
DEC_C39660667,DEC,C39660667
DEC_C39660885,DEC,C39660885
DEC_C39660886,DEC,C39660886
DEC_C39661154,DEC,C39661154
DEC_C39661155,DEC,C39661155
DEC_C39661312,DEC,C39661312
DEC_C39668783,DEC,C39668783
DEC_C39671086,DEC,C39671086
DEC_C39671215,DEC,C39671215
DEC_C39671231,DEC,C39671231
DEC_C39672971,DEC,C39672971
DEC_C39675127,DEC,C39675127
DEC_C39675129,DEC,C39675129
DEC_C39676148,DEC,C39676148
DEC_C39678598,DEC,C39678598
DEC_C39678738,DEC,C39678738
DEC_C39678859,DEC,C39678859
DEC_C39680569,DEC,C39680569
DEC_C39684875,DEC,C39684875
DEC_C39694401,DEC,C39694401
DEC_C39694602,DEC,C39694602
DEC_C39694605,DEC,C39694605
DEC_C39696764,DEC,C39696764
DEC_C39841135,DEC,C39841135
DEC_C13581811,DEC,C13581811
DEC_C63272588,DEC,C63272588
DEC_C63780818,DEC,C63780818
DEC_C04738938,DEC,C04738938
DEC_C04744615,DEC,C04744615
DEC_C05437880,DEC,C05437880
DEC_C06787438,DEC,C06787438
DEC_C12744027,DEC,C12744027
DEC_C12748554,DEC,C12748554
DEC_C13747738,DEC,C13747738
DEC_C17080438,DEC,C17080438
DEC_C21627500,DEC,C21627500
DEC_C22901797,DEC,C22901797
DEC_C22901802,DEC,C22901802
DEC_C25047577,DEC,C25047577
DEC_C25602576,DEC,C25602576
DEC_C27259460,DEC,C27259460
DEC_C28977621,DEC,C28977621
DEC_C41378765,DEC,C41378765
DEC_C46583245,DEC,C46583245
DEC_C50059900,DEC,C50059900
DEC_C54047683,DEC,C54047683
DEC_C54735204,DEC,C54735204
DEC_C55527744,DEC,C55527744
DEC_C56952199,DEC,C56952199
DEC_C17604023,DEC,C17604023
DEC_C58090878,DEC,C58090878
DEC_C16242841,DEC,C16242841
DEC_C58304575,DEC,C58304575
DEC_C47884420,DEC,C47884420
DEC_C59942030,DEC,C59942030
DEC_C60241938,DEC,C60241938
DEC_C61853035,DEC,C61853035
DEC_C62123870,DEC,C62123870
DEC_C62630253,DEC,C62630253
DEC_C63460506,DEC,C63460506
DEC_C63768320,DEC,C63768320
DEC_C63886714,DEC,C63886714
DEC_C64579678,DEC,C64579678
DEC_C64899623,DEC,C64899623
DEC_C65205397,DEC,C65205397
DEC_C66441530,DEC,C66441530
DEC_C66634030,DEC,C66634030
DEC_C66832039,DEC,C66832039
DEC_C66886488,DEC,C66886488
DEC_C66908854,DEC,C66908854
DEC_C66909111,DEC,C66909111
DEC_C66930057,DEC,C66930057
DEC_C67102098,DEC,C67102098
DEC_C67381754,DEC,C67381754
DEC_C67381853,DEC,C67381853
DEC_C67456920,DEC,C67456920
DEC_C67593264,DEC,C67593264
DEC_C06430856,DEC,C06430856
DEC_C15708057,DEC,C15708057
DEC_C20465219,DEC,C20465219
DEC_C04686309,DEC,C04686309
DEC_C22063378,DEC,C22063378
DEC_C22265236,DEC,C22265236
DEC_C29335446,DEC,C29335446
DEC_C29469094,DEC,C29469094
DEC_C24987115,DEC,C24987115
DEC_C36629490,DEC,C36629490
DEC_C40686899,DEC,C40686899
DEC_C45067973,DEC,C45067973
DEC_C45534431,DEC,C45534431
DEC_C46225865,DEC,C46225865
DEC_C46280322,DEC,C46280322
DEC_C46286880,DEC,C46286880
DEC_C46368181,DEC,C46368181
DEC_C46368182,DEC,C46368182
DEC_C49750215,DEC,C49750215
DEC_C49798232,DEC,C49798232
DEC_C50038605,DEC,C50038605
DEC_C51711515,DEC,C51711515
DEC_C08532949,DEC,C08532949
DEC_C54043336,DEC,C54043336
DEC_C54479372,DEC,C54479372
DEC_C57796837,DEC,C57796837
DEC_C60368125,DEC,C60368125
DEC_C62406621,DEC,C62406621
DEC_C63303109,DEC,C63303109
DEC_C63521498,DEC,C63521498
DEC_C64311232,DEC,C64311232
DEC_C65252308,DEC,C65252308
DEC_C65252692,DEC,C65252692
DEC_C65520913,DEC,C65520913
DEC_C65557228,DEC,C65557228
DEC_C65963150,DEC,C65963150
DEC_C66233105,DEC,C66233105
DEC_C66233658,DEC,C66233658
DEC_C66686718,DEC,C66686718
DEC_C66876219,DEC,C66876219
DEC_C67036768,DEC,C67036768
DEC_C67128759,DEC,C67128759
DEC_C67268717,DEC,C67268717
DEC_C67392788,DEC,C67392788
DEC_C67438834,DEC,C67438834
DEC_C67468042,DEC,C67468042
DEC_C67633590,DEC,C67633590
DEC_C67633594,DEC,C67633594
DEC_C67637650,DEC,C67637650
DEC_C67637766,DEC,C67637766
DEC_C05760717,DEC,C05760717
DEC_C02080830,DEC,C02080830
DEC_C08644933,DEC,C08644933
DEC_C08645083,DEC,C08645083
DEC_C08885493,DEC,C08885493
DEC_C08985833,DEC,C08985833
DEC_C09156356,DEC,C09156356
DEC_C09222414,DEC,C09222414
DEC_C09238759,DEC,C09238759
DEC_C09459935,DEC,C09459935
DEC_C09942733,DEC,C09942733
DEC_C10060078,DEC,C10060078
DEC_C10953122,DEC,C10953122
DEC_C11265167,DEC,C11265167
DEC_C12698327,DEC,C12698327
DEC_C12512584,DEC,C12512584
DEC_C15619444,DEC,C15619444
DEC_C18049693,DEC,C18049693
DEC_C22762400,DEC,C22762400
DEC_C23873258,DEC,C23873258
DEC_C25856475,DEC,C25856475
DEC_C27830409,DEC,C27830409
DEC_C28887156,DEC,C28887156
DEC_C29744607,DEC,C29744607
DEC_C32665956,DEC,C32665956
DEC_C33006949,DEC,C33006949
DEC_C33123095,DEC,C33123095
DEC_C33253024,DEC,C33253024
DEC_C35379252,DEC,C35379252
DEC_C36772003,DEC,C36772003
DEC_C38745969,DEC,C38745969
DEC_C39359349,DEC,C39359349
DEC_C39538579,DEC,C39538579
DEC_C22039088,DEC,C22039088
DEC_C22039083,DEC,C22039083
DEC_C39880228,DEC,C39880228
DEC_C34889345,DEC,C34889345
DEC_C23272750,DEC,C23272750
DEC_C20755670,DEC,C20755670
DEC_C38610417,DEC,C38610417
DEC_C40974806,DEC,C40974806
DEC_C41021658,DEC,C41021658
DEC_C45599172,DEC,C45599172
DEC_C02655820,DEC,C02655820
DEC_C58645284,DEC,C58645284
DEC_C60346580,DEC,C60346580
DEC_C01217244,DEC,C01217244
DEC_C08568292,DEC,C08568292
DEC_C09307293,DEC,C09307293
DEC_C04643559,DEC,C04643559
DEC_C01934926,DEC,C01934926
DEC_C08747145,DEC,C08747145
DEC_C08747146,DEC,C08747146
DEC_C10153009,DEC,C10153009
DEC_C10323198,DEC,C10323198
DEC_C10550588,DEC,C10550588
DEC_C12252478,DEC,C12252478
DEC_C12793105,DEC,C12793105
DEC_C13639765,DEC,C13639765
DEC_C18264407,DEC,C18264407
DEC_C05408216,DEC,C05408216
DEC_C20639159,DEC,C20639159
DEC_C14459646,DEC,C14459646
DEC_C22607262,DEC,C22607262
DEC_C29456829,DEC,C29456829
DEC_C19851604,DEC,C19851604
DEC_C35325994,DEC,C35325994
DEC_C04348862,DEC,C04348862
DEC_C02294110,DEC,C02294110
DEC_C06024616,DEC,C06024616
DEC_C38791263,DEC,C38791263
DEC_C39272226,DEC,C39272226
DEC_C42934205,DEC,C42934205
DEC_C44021431,DEC,C44021431
DEC_C04741511,DEC,C04741511
DEC_C05197649,DEC,C05197649
DEC_C08971558,DEC,C08971558
DEC_C01068178,DEC,C01068178
DEC_C51587281,DEC,C51587281
DEC_C52796600,DEC,C52796600
DEC_C05483298,DEC,C05483298
DEC_C00846346,DEC,C00846346
DEC_C00846358,DEC,C00846358
DEC_C60396762,DEC,C60396762
DEC_C09066709,DEC,C09066709
DEC_C20150182,DEC,C20150182
DEC_C63351588,DEC,C63351588
DEC_C63373687,DEC,C63373687
DEC_C63373692,DEC,C63373692
DEC_C63373687,DEC,C63373687
DEC_C39022046,DEC,C39022046
DEC_C64788676,DEC,C64788676
DEC_C55492989,DEC,C55492989
DEC_C66740375,DEC,C66740375
DEC_C66905211,DEC,C66905211
DEC_C66929893,DEC,C66929893
DEC_C66951701,DEC,C66951701
DEC_C67052228,DEC,C67052228
DEC_C67390587,DEC,C67390587
DEC_C67603566,DEC,C67603566
DEC_C01098744,DEC,C01098744
DEC_C00931604,DEC,C00931604
DEC_C02303665,DEC,C02303665
DEC_C04852694,DEC,C04852694
DEC_C03572672,DEC,C03572672
DEC_C05335327,DEC,C05335327
DEC_C00747419,DEC,C00747419
DEC_C05728509,DEC,C05728509
DEC_C06292396,DEC,C06292396
DEC_C01505434,DEC,C01505434
DEC_C09472459,DEC,C09472459
DEC_C09705813,DEC,C09705813
DEC_C12596084,DEC,C12596084
DEC_C05624190,DEC,C05624190
DEC_C05030559,DEC,C05030559
DEC_C14359814,DEC,C14359814
DEC_C15162395,DEC,C15162395
DEC_C16768023,DEC,C16768023
DEC_C20413822,DEC,C20413822
DEC_C20969321,DEC,C20969321
DEC_C21083901,DEC,C21083901
DEC_C21900674,DEC,C21900674
DEC_C24578291,DEC,C24578291
DEC_C25092611,DEC,C25092611
DEC_C28808370,DEC,C28808370
DEC_C05634124,DEC,C05634124
DEC_C36708136,DEC,C36708136
DEC_C39920291,DEC,C39920291
DEC_C40755853,DEC,C40755853
DEC_C41223220,DEC,C41223220
DEC_C41970626,DEC,C41970626
DEC_C43877145,DEC,C43877145
DEC_C46585943,DEC,C46585943
DEC_C01159017,DEC,C01159017
DEC_C51710586,DEC,C51710586
DEC_C54071719,DEC,C54071719
DEC_C10259487,DEC,C10259487
DEC_C55647556,DEC,C55647556
DEC_C56400958,DEC,C56400958
DEC_C56967012,DEC,C56967012
DEC_C58294021,DEC,C58294021
DEC_C58887664,DEC,C58887664
DEC_C60361512,DEC,C60361512
DEC_C65310618,DEC,C65310618
DEC_C66303543,DEC,C66303543
DEC_C66679593,DEC,C66679593
DEC_C66859943,DEC,C66859943
DEC_C67103550,DEC,C67103550
DEC_C67103660,DEC,C67103660
DEC_C67589289,DEC,C67589289
DEC_C01684231,DEC,C01684231
DEC_C01715210,DEC,C01715210
DEC_C05368561,DEC,C05368561
DEC_C01921644,DEC,C01921644
DEC_C05648741,DEC,C05648741
DEC_C08132296,DEC,C08132296
DEC_C11851126,DEC,C11851126
DEC_C11990993,DEC,C11990993
DEC_C00207367,DEC,C00207367
DEC_C00613933,DEC,C00613933
DEC_C05018920,DEC,C05018920
DEC_C05221744,DEC,C05221744
DEC_C19758619,DEC,C19758619
DEC_C20336964,DEC,C20336964
DEC_C20336969,DEC,C20336969
DEC_C21953109,DEC,C21953109
DEC_C32597913,DEC,C32597913
DEC_C33464663,DEC,C33464663
DEC_C35059601,DEC,C35059601
DEC_C35132789,DEC,C35132789
DEC_C07891519,DEC,C07891519
DEC_C37744631,DEC,C37744631
DEC_C13688074,DEC,C13688074
DEC_C38577623,DEC,C38577623
DEC_C39565313,DEC,C39565313
DEC_C39954931,DEC,C39954931
DEC_C39955437,DEC,C39955437
DEC_C40411644,DEC,C40411644
DEC_C40516884,DEC,C40516884
DEC_C43406200,DEC,C43406200
DEC_C43406371,DEC,C43406371
DEC_C44386864,DEC,C44386864
DEC_C44500825,DEC,C44500825
DEC_C45169825,DEC,C45169825
DEC_C49204988,DEC,C49204988
DEC_C49474037,DEC,C49474037
DEC_C44927370,DEC,C44927370
DEC_C50544287,DEC,C50544287
DEC_C50704088,DEC,C50704088
DEC_C54530180,DEC,C54530180
DEC_C00575204,DEC,C00575204
DEC_C48501906,DEC,C48501906
DEC_C07813299,DEC,C07813299
DEC_C61591487,DEC,C61591487
DEC_C61752311,DEC,C61752311
DEC_C61914050,DEC,C61914050
DEC_C62364170,DEC,C62364170
DEC_C62743619,DEC,C62743619
DEC_C62800357,DEC,C62800357
DEC_C65336575,DEC,C65336575
DEC_C01435836,DEC,C01435836
DEC_C04845019,DEC,C04845019
DEC_C11782952,DEC,C11782952
DEC_C12042736,DEC,C12042736
DEC_C12138963,DEC,C12138963
DEC_C13041953,DEC,C13041953
DEC_C20532311,DEC,C20532311
DEC_C21584301,DEC,C21584301
DEC_C27562701,DEC,C27562701
DEC_C27993350,DEC,C27993350
DEC_C27994043,DEC,C27994043
DEC_C28287588,DEC,C28287588
DEC_C28289698,DEC,C28289698
DEC_C28323730,DEC,C28323730
DEC_C03239896,DEC,C03239896
DEC_C35523106,DEC,C35523106
DEC_C38564462,DEC,C38564462
DEC_C38664368,DEC,C38664368
DEC_C38670395,DEC,C38670395
DEC_C38759910,DEC,C38759910
DEC_C38759989,DEC,C38759989
DEC_C38769048,DEC,C38769048
DEC_C38775709,DEC,C38775709
DEC_C39006922,DEC,C39006922
DEC_C39035132,DEC,C39035132
DEC_C39227682,DEC,C39227682
DEC_C39702781,DEC,C39702781
DEC_C41311487,DEC,C41311487
DEC_C22289627,DEC,C22289627
DEC_C22293324,DEC,C22293324
DEC_C13774086,DEC,C13774086
DEC_C05458306,DEC,C05458306
DEC_C05460660,DEC,C05460660
DEC_C04755972,DEC,C04755972
DEC_C13806201,DEC,C13806201
DEC_C15930321,DEC,C15930321
DEC_C01061094,DEC,C01061094
DEC_C09292719,DEC,C09292719
DEC_C41352282,DEC,C41352282
DEC_C38897651,DEC,C38897651
DEC_C63506470,DEC,C63506470
DEC_C63530965,DEC,C63530965
DEC_C63531120,DEC,C63531120
DEC_C63627466,DEC,C63627466
DEC_C38984112,DEC,C38984112
DEC_C64622946,DEC,C64622946
DEC_C64962278,DEC,C64962278
DEC_C67295148,DEC,C67295148
DEC_C67297162,DEC,C67297162
DEC_C67297215,DEC,C67297215
DEC_C04236712,DEC,C04236712
DEC_C01221378,DEC,C01221378
DEC_C08444248,DEC,C08444248
DEC_C08623790,DEC,C08623790
DEC_C08643449,DEC,C08643449
DEC_C08644247,DEC,C08644247
DEC_C08645560,DEC,C08645560
DEC_C03770008,DEC,C03770008
DEC_C10430959,DEC,C10430959
DEC_C11380039,DEC,C11380039
DEC_C12376574,DEC,C12376574
DEC_C12471497,DEC,C12471497
DEC_C12766355,DEC,C12766355
DEC_C12774345,DEC,C12774345
DEC_C15427866,DEC,C15427866
DEC_C15913763,DEC,C15913763
DEC_C16183243,DEC,C16183243
DEC_C18103214,DEC,C18103214
DEC_C18199065,DEC,C18199065
DEC_C18274403,DEC,C18274403
DEC_C18341696,DEC,C18341696
DEC_C15277505,DEC,C15277505
DEC_C13398502,DEC,C13398502
DEC_C20404901,DEC,C20404901
DEC_C20885260,DEC,C20885260
DEC_C21231393,DEC,C21231393
DEC_C24704559,DEC,C24704559
DEC_C25511771,DEC,C25511771
DEC_C32620056,DEC,C32620056
DEC_C35004660,DEC,C35004660
DEC_C12908728,DEC,C12908728
DEC_C36727634,DEC,C36727634
DEC_C09217054,DEC,C09217054
DEC_C03458100,DEC,C03458100
DEC_C38571562,DEC,C38571562
DEC_C38989376,DEC,C38989376
DEC_C39016927,DEC,C39016927
DEC_C39016929,DEC,C39016929
DEC_C39326859,DEC,C39326859
DEC_C39356770,DEC,C39356770
DEC_C39545542,DEC,C39545542
DEC_C39545652,DEC,C39545652
DEC_C40825844,DEC,C40825844
DEC_C43737071,DEC,C43737071
DEC_C45849974,DEC,C45849974
DEC_C57315651,DEC,C57315651
DEC_C59815686,DEC,C59815686
DEC_C60204145,DEC,C60204145
DEC_C08845171,DEC,C08845171
DEC_C08845171,DEC,C08845171
DEC_C03259094,DEC,C03259094
DEC_C08746877,DEC,C08746877
DEC_C08746878,DEC,C08746878
DEC_C01790668,DEC,C01790668
DEC_C10220076,DEC,C10220076
DEC_C11011075,DEC,C11011075
DEC_C12494190,DEC,C12494190
DEC_C10191126,DEC,C10191126
DEC_C05287981,DEC,C05287981
DEC_C20575032,DEC,C20575032
DEC_C20837840,DEC,C20837840
DEC_C22058406,DEC,C22058406
DEC_C30026599,DEC,C30026599
DEC_C03443442,DEC,C03443442
DEC_C34889462,DEC,C34889462
DEC_C34889464,DEC,C34889464
DEC_C36748656,DEC,C36748656
DEC_C36644565,DEC,C36644565
DEC_C36644566,DEC,C36644566
DEC_C09359707,DEC,C09359707
DEC_C04126880,DEC,C04126880
DEC_C38751997,DEC,C38751997
DEC_C39264945,DEC,C39264945
DEC_C13451092,DEC,C13451092
DEC_C39927330,DEC,C39927330
DEC_C40399227,DEC,C40399227
DEC_C41301116,DEC,C41301116
DEC_C41301143,DEC,C41301143
DEC_C41301147,DEC,C41301147
DEC_C41301681,DEC,C41301681
DEC_C12564251,DEC,C12564251
DEC_C45863497,DEC,C45863497
DEC_C48321945,DEC,C48321945
DEC_C01739065,DEC,C01739065
DEC_C21040731,DEC,C21040731
DEC_C20799913,DEC,C20799913
DEC_C03262289,DEC,C03262289
DEC_C58236959,DEC,C58236959
DEC_C58246828,DEC,C58246828
DEC_C59368429,DEC,C59368429
DEC_C59503388,DEC,C59503388
DEC_C59520321,DEC,C59520321
DEC_C60157633,DEC,C60157633
DEC_C47167525,DEC,C47167525
DEC_C61865748,DEC,C61865748
DEC_C64890992,DEC,C64890992
DEC_C65771837,DEC,C65771837
DEC_C10716060,DEC,C10716060
DEC_C67469278,DEC,C67469278
DEC_C67606536,DEC,C67606536
DEC_C03841007,DEC,C03841007
DEC_C00978333,DEC,C00978333
DEC_C06263063,DEC,C06263063
DEC_C05700436,DEC,C05700436
DEC_C08320826,DEC,C08320826
DEC_C08346238,DEC,C08346238
DEC_C08418740,DEC,C08418740
DEC_C02859205,DEC,C02859205
DEC_C12499441,DEC,C12499441
DEC_C12499608,DEC,C12499608
DEC_C12500087,DEC,C12500087
DEC_C12500347,DEC,C12500347
DEC_C15018641,DEC,C15018641
DEC_C01126696,DEC,C01126696
DEC_C04019913,DEC,C04019913
DEC_C01196773,DEC,C01196773
DEC_C21741995,DEC,C21741995
DEC_C17191854,DEC,C17191854
DEC_C34789289,DEC,C34789289
DEC_C14347881,DEC,C14347881
DEC_C36527329,DEC,C36527329
DEC_C36570930,DEC,C36570930
DEC_C36571282,DEC,C36571282
DEC_C39335357,DEC,C39335357
DEC_C39545413,DEC,C39545413
DEC_C08533998,DEC,C08533998
DEC_C40735114,DEC,C40735114
DEC_C42759343,DEC,C42759343
DEC_C42759351,DEC,C42759351
DEC_C44198012,DEC,C44198012
DEC_C45079151,DEC,C45079151
DEC_C45555403,DEC,C45555403
DEC_C45629601,DEC,C45629601
DEC_C46673644,DEC,C46673644
DEC_C11405504,DEC,C11405504
DEC_C54751840,DEC,C54751840
DEC_C56574766,DEC,C56574766
DEC_C57028380,DEC,C57028380
DEC_C57142871,DEC,C57142871
DEC_C13592204,DEC,C13592204
DEC_C26540782,DEC,C26540782
DEC_C58887293,DEC,C58887293
DEC_C59309563,DEC,C59309563
DEC_C15133323,DEC,C15133323
DEC_C65531809,DEC,C65531809
DEC_C66396556,DEC,C66396556
DEC_C66396557,DEC,C66396557
DEC_C67193419,DEC,C67193419
DEC_C67463606,DEC,C67463606
DEC_C67627565,DEC,C67627565
DEC_C04087267,DEC,C04087267
DEC_C04088602,DEC,C04088602
DEC_C06509943,DEC,C06509943
DEC_C09088144,DEC,C09088144
DEC_C09135801,DEC,C09135801
DEC_C09312200,DEC,C09312200
DEC_C08964210,DEC,C08964210
DEC_C11965234,DEC,C11965234
DEC_C12530483,DEC,C12530483
DEC_C12872682,DEC,C12872682
DEC_C12881775,DEC,C12881775
DEC_C17043953,DEC,C17043953
DEC_C17306238,DEC,C17306238
DEC_C22792016,DEC,C22792016
DEC_C27376335,DEC,C27376335
DEC_C36213540,DEC,C36213540
DEC_C03670440,DEC,C03670440
DEC_C38797081,DEC,C38797081
DEC_C39578338,DEC,C39578338
DEC_C39605530,DEC,C39605530
DEC_C39671609,DEC,C39671609
DEC_C39676252,DEC,C39676252
DEC_C39676288,DEC,C39676288
DEC_C39676320,DEC,C39676320
DEC_C39683998,DEC,C39683998
DEC_C39685775,DEC,C39685775
DEC_C39693433,DEC,C39693433
DEC_C39693459,DEC,C39693459
DEC_C39693502,DEC,C39693502
DEC_C39693540,DEC,C39693540
DEC_C39693574,DEC,C39693574
DEC_C39693577,DEC,C39693577
DEC_C40024827,DEC,C40024827
DEC_C44714096,DEC,C44714096
DEC_C44714517,DEC,C44714517
DEC_C50441520,DEC,C50441520
DEC_C44737097,DEC,C44737097
DEC_C59170369,DEC,C59170369
DEC_C39763551,DEC,C39763551
DEC_C63279469,DEC,C63279469
DEC_C63296267,DEC,C63296267
DEC_C63314841,DEC,C63314841
DEC_C63473072,DEC,C63473072
DEC_C63683817,DEC,C63683817
DEC_C63737644,DEC,C63737644
DEC_C63941209,DEC,C63941209
DEC_C64015023,DEC,C64015023
DEC_C64097879,DEC,C64097879
DEC_C64600259,DEC,C64600259
DEC_C64717885,DEC,C64717885
DEC_C03846586,DEC,C03846586
DEC_C02135326,DEC,C02135326
DEC_C02138807,DEC,C02138807
DEC_C03978082,DEC,C03978082
DEC_C04097283,DEC,C04097283
DEC_C07499706,DEC,C07499706
DEC_C07524739,DEC,C07524739
DEC_C02136476,DEC,C02136476
DEC_C08790373,DEC,C08790373
DEC_C08790374,DEC,C08790374
DEC_C08790905,DEC,C08790905
DEC_C08790906,DEC,C08790906
DEC_C08790907,DEC,C08790907
DEC_C02242869,DEC,C02242869
DEC_C08996031,DEC,C08996031
DEC_C09446437,DEC,C09446437
DEC_C12876754,DEC,C12876754
DEC_C08789699,DEC,C08789699
DEC_C12885428,DEC,C12885428
DEC_C12886178,DEC,C12886178
DEC_C08996043,DEC,C08996043
DEC_C09329481,DEC,C09329481
DEC_C08969505,DEC,C08969505
DEC_C19925893,DEC,C19925893
DEC_C19926775,DEC,C19926775
DEC_C26663294,DEC,C26663294
DEC_C13782503,DEC,C13782503
DEC_C38545704,DEC,C38545704
DEC_C38545731,DEC,C38545731
DEC_C38549321,DEC,C38549321
DEC_C39661812,DEC,C39661812
DEC_C39661813,DEC,C39661813
DEC_C39661853,DEC,C39661853
DEC_C39856033,DEC,C39856033
DEC_C40744386,DEC,C40744386
DEC_C43213762,DEC,C43213762
DEC_C45028227,DEC,C45028227
DEC_C45605867,DEC,C45605867
DEC_C26012869,DEC,C26012869
DEC_C57481608,DEC,C57481608
DEC_C12507607,DEC,C12507607
DEC_C39938630,DEC,C39938630
DEC_C39938631,DEC,C39938631
DEC_C63234742,DEC,C63234742
DEC_C63270466,DEC,C63270466
DEC_C63808361,DEC,C63808361
DEC_C63818738,DEC,C63818738
DEC_C63818740,DEC,C63818740
DEC_C64684168,DEC,C64684168
DEC_C64684693,DEC,C64684693
DEC_C03843277,DEC,C03843277
DEC_C04235664,DEC,C04235664
DEC_C02263123,DEC,C02263123
DEC_C04485504,DEC,C04485504
DEC_C01428059,DEC,C01428059
DEC_C05067712,DEC,C05067712
DEC_C05312434,DEC,C05312434
DEC_C07765536,DEC,C07765536
DEC_C09165838,DEC,C09165838
DEC_C09170204,DEC,C09170204
DEC_C09575922,DEC,C09575922
DEC_C09579133,DEC,C09579133
DEC_C09596647,DEC,C09596647
DEC_C09867895,DEC,C09867895
DEC_C12561032,DEC,C12561032
DEC_C12551629,DEC,C12551629
DEC_C05172511,DEC,C05172511
DEC_C09968328,DEC,C09968328
DEC_C16976278,DEC,C16976278
DEC_C06952521,DEC,C06952521
DEC_C18198458,DEC,C18198458
DEC_C19285306,DEC,C19285306
DEC_C21604687,DEC,C21604687
DEC_C21690756,DEC,C21690756
DEC_C22207443,DEC,C22207443
DEC_C22862973,DEC,C22862973
DEC_C24195513,DEC,C24195513
DEC_C24760876,DEC,C24760876
DEC_C28563400,DEC,C28563400
DEC_C29695193,DEC,C29695193
DEC_C30987583,DEC,C30987583
DEC_C29848136,DEC,C29848136
DEC_C22335237,DEC,C22335237
DEC_C34896594,DEC,C34896594
DEC_C35307976,DEC,C35307976
DEC_C35966980,DEC,C35966980
DEC_C36537487,DEC,C36537487
DEC_C01065389,DEC,C01065389
DEC_C38743065,DEC,C38743065
DEC_C22302224,DEC,C22302224
DEC_C39918761,DEC,C39918761
DEC_C39977947,DEC,C39977947
DEC_C21973536,DEC,C21973536
DEC_C05308704,DEC,C05308704
DEC_C54979057,DEC,C54979057
DEC_C58597491,DEC,C58597491
DEC_C59938033,DEC,C59938033
DEC_C39939585,DEC,C39939585
DEC_C63786682,DEC,C63786682
DEC_C66045287,DEC,C66045287
DEC_C08040172,DEC,C08040172
DEC_C08749683,DEC,C08749683
DEC_C02134735,DEC,C02134735
DEC_C11898432,DEC,C11898432
DEC_C11898497,DEC,C11898497
DEC_C04002416,DEC,C04002416
DEC_C35370228,DEC,C35370228
DEC_C39596413,DEC,C39596413
DEC_C39601398,DEC,C39601398
DEC_C39606045,DEC,C39606045
DEC_C39607039,DEC,C39607039
DEC_C39635119,DEC,C39635119
DEC_C39662379,DEC,C39662379
DEC_C39665138,DEC,C39665138
DEC_C39665298,DEC,C39665298
DEC_C39665904,DEC,C39665904
DEC_C39666447,DEC,C39666447
DEC_C39667675,DEC,C39667675
DEC_C39668187,DEC,C39668187
DEC_C39668237,DEC,C39668237
DEC_C39668870,DEC,C39668870
DEC_C39669018,DEC,C39669018
DEC_C39673243,DEC,C39673243
DEC_C39673737,DEC,C39673737
DEC_C39677208,DEC,C39677208
DEC_C39677209,DEC,C39677209
DEC_C39677641,DEC,C39677641
DEC_C39677643,DEC,C39677643
DEC_C39678270,DEC,C39678270
DEC_C39678489,DEC,C39678489
DEC_C39684854,DEC,C39684854
DEC_C39684930,DEC,C39684930
DEC_C39685459,DEC,C39685459
DEC_C39685460,DEC,C39685460
DEC_C39686649,DEC,C39686649
DEC_C39730511,DEC,C39730511
DEC_C15676334,DEC,C15676334
DEC_C60355159,DEC,C60355159
DEC_C63541377,DEC,C63541377
DEC_C63541379,DEC,C63541379
DEC_C63789065,DEC,C63789065
DEC_C63801429,DEC,C63801429
DEC_C64011721,DEC,C64011721
DEC_C64011728,DEC,C64011728
DEC_C65074642,DEC,C65074642
DEC_C65074769,DEC,C65074769
DEC_C65259911,DEC,C65259911
DEC_C65265752,DEC,C65265752
DEC_C65265777,DEC,C65265777
DEC_C65265778,DEC,C65265778
DEC_C01065329,DEC,C01065329
DEC_C00995182,DEC,C00995182
DEC_C04421702,DEC,C04421702
DEC_C03670274,DEC,C03670274
DEC_C03670273,DEC,C03670273
DEC_C02457843,DEC,C02457843
DEC_C01103814,DEC,C01103814
DEC_C03227083,DEC,C03227083
DEC_C03227085,DEC,C03227085
DEC_C08283377,DEC,C08283377
DEC_C09972071,DEC,C09972071
DEC_C12536991,DEC,C12536991
DEC_C13920648,DEC,C13920648
DEC_C14459731,DEC,C14459731
DEC_C16976654,DEC,C16976654
DEC_C17099290,DEC,C17099290
DEC_C17361094,DEC,C17361094
DEC_C18196490,DEC,C18196490
DEC_C20883102,DEC,C20883102
DEC_C21233546,DEC,C21233546
DEC_C23479547,DEC,C23479547
DEC_C23479551,DEC,C23479551
DEC_C17222117,DEC,C17222117
DEC_C34784865,DEC,C34784865
DEC_C04655785,DEC,C04655785
DEC_C36220902,DEC,C36220902
DEC_C36531106,DEC,C36531106
DEC_C36531402,DEC,C36531402
DEC_C02659895,DEC,C02659895
DEC_C04176706,DEC,C04176706
DEC_C39432556,DEC,C39432556
DEC_C36640289,DEC,C36640289
DEC_C40005494,DEC,C40005494
DEC_C06855590,DEC,C06855590
DEC_C40569577,DEC,C40569577
DEC_C40687791,DEC,C40687791
DEC_C40729202,DEC,C40729202
DEC_C40824477,DEC,C40824477
DEC_C05219718,DEC,C05219718
DEC_C09292686,DEC,C09292686
DEC_C04809695,DEC,C04809695
DEC_C59324061,DEC,C59324061
DEC_C47156223,DEC,C47156223
DEC_C21079770,DEC,C21079770
DEC_C59384640,DEC,C59384640
DEC_C59384661,DEC,C59384661
DEC_C04816031,DEC,C04816031
DEC_C05564324,DEC,C05564324
DEC_C63686424,DEC,C63686424
DEC_C67324669,DEC,C67324669
DEC_C04541231,DEC,C04541231
DEC_C05034544,DEC,C05034544
DEC_C02387972,DEC,C02387972
DEC_C01005720,DEC,C01005720
DEC_C03251707,DEC,C03251707
DEC_C08816193,DEC,C08816193
DEC_C03430365,DEC,C03430365
DEC_C09493278,DEC,C09493278
DEC_C11756813,DEC,C11756813
DEC_C12926404,DEC,C12926404
DEC_C12526015,DEC,C12526015
DEC_C08845578,DEC,C08845578
DEC_C13304883,DEC,C13304883
DEC_C13321915,DEC,C13321915
DEC_C15225105,DEC,C15225105
DEC_C15685975,DEC,C15685975
DEC_C15810168,DEC,C15810168
DEC_C16610717,DEC,C16610717
DEC_C02744470,DEC,C02744470
DEC_C14476199,DEC,C14476199
DEC_C11198371,DEC,C11198371
DEC_C31609072,DEC,C31609072
DEC_C31609081,DEC,C31609081
DEC_C32655262,DEC,C32655262
DEC_C02685333,DEC,C02685333
DEC_C17216593,DEC,C17216593
DEC_C36260003,DEC,C36260003
DEC_C36485119,DEC,C36485119
DEC_C13690840,DEC,C13690840
DEC_C36643869,DEC,C36643869
DEC_C04176660,DEC,C04176660
DEC_C39361912,DEC,C39361912
DEC_C39362925,DEC,C39362925
DEC_C39363154,DEC,C39363154
DEC_C03482524,DEC,C03482524
DEC_C39912090,DEC,C39912090
DEC_C40804646,DEC,C40804646
DEC_C43553800,DEC,C43553800
DEC_C01175860,DEC,C01175860
DEC_C01110938,DEC,C01110938
DEC_C13629539,DEC,C13629539
DEC_C06239673,DEC,C06239673
DEC_C58986269,DEC,C58986269
DEC_C59384614,DEC,C59384614
DEC_C59385708,DEC,C59385708
DEC_C59806330,DEC,C59806330
DEC_C15973029,DEC,C15973029
DEC_C15973031,DEC,C15973031
DEC_C53620403,DEC,C53620403
DEC_C64392546,DEC,C64392546
DEC_C00706151,DEC,C00706151
DEC_C00706412,DEC,C00706412
DEC_C04517122,DEC,C04517122
DEC_C03179779,DEC,C03179779
DEC_C02890503,DEC,C02890503
DEC_C06802273,DEC,C06802273
DEC_C08622830,DEC,C08622830
DEC_C08713216,DEC,C08713216
DEC_C08836202,DEC,C08836202
DEC_C09173671,DEC,C09173671
DEC_C09284391,DEC,C09284391
DEC_C09451920,DEC,C09451920
DEC_C02255368,DEC,C02255368
DEC_C10531732,DEC,C10531732
DEC_C11670322,DEC,C11670322
DEC_C12231244,DEC,C12231244
DEC_C12500868,DEC,C12500868
DEC_C03376539,DEC,C03376539
DEC_C12897329,DEC,C12897329
DEC_C13427044,DEC,C13427044
DEC_C17410168,DEC,C17410168
DEC_C19715308,DEC,C19715308
DEC_C23996121,DEC,C23996121
DEC_C24418262,DEC,C24418262
DEC_C24901151,DEC,C24901151
DEC_C24979800,DEC,C24979800
DEC_C33810176,DEC,C33810176
DEC_C34892363,DEC,C34892363
DEC_C24506049,DEC,C24506049
DEC_C36849594,DEC,C36849594
DEC_C36701661,DEC,C36701661
DEC_C39448721,DEC,C39448721
DEC_C22616772,DEC,C22616772
DEC_C22616770,DEC,C22616770
DEC_C31408193,DEC,C31408193
DEC_C40897981,DEC,C40897981
DEC_C40921720,DEC,C40921720
DEC_C39325851,DEC,C39325851
DEC_C39325853,DEC,C39325853
DEC_C20757430,DEC,C20757430
DEC_C15319541,DEC,C15319541
DEC_C57988036,DEC,C57988036
DEC_C11116771,DEC,C11116771
DEC_C12501398,DEC,C12501398
DEC_C12501746,DEC,C12501746
DEC_C59040501,DEC,C59040501
DEC_C63372363,DEC,C63372363
DEC_C09293098,DEC,C09293098
DEC_C64870102,DEC,C64870102
DEC_C64874145,DEC,C64874145
DEC_C00753148,DEC,C00753148
DEC_C04125682,DEC,C04125682
DEC_C00668475,DEC,C00668475
DEC_C05421426,DEC,C05421426
DEC_C06038889,DEC,C06038889
DEC_C06400161,DEC,C06400161
DEC_C06942118,DEC,C06942118
DEC_C03530634,DEC,C03530634
DEC_C07813902,DEC,C07813902
DEC_C00995288,DEC,C00995288
DEC_C09592668,DEC,C09592668
DEC_C09993479,DEC,C09993479
DEC_C12321364,DEC,C12321364
DEC_C12886709,DEC,C12886709
DEC_C00702469,DEC,C00702469
DEC_C09738971,DEC,C09738971
DEC_C08615349,DEC,C08615349
DEC_C18258854,DEC,C18258854
DEC_C20709007,DEC,C20709007
DEC_C01010334,DEC,C01010334
DEC_C33721093,DEC,C33721093
DEC_C04189660,DEC,C04189660
DEC_C14475747,DEC,C14475747
DEC_C39000127,DEC,C39000127
DEC_C39007714,DEC,C39007714
DEC_C39228445,DEC,C39228445
DEC_C39449357,DEC,C39449357
DEC_C39450151,DEC,C39450151
DEC_C39794909,DEC,C39794909
DEC_C39794982,DEC,C39794982
DEC_C40512782,DEC,C40512782
DEC_C40797258,DEC,C40797258
DEC_C40824406,DEC,C40824406
DEC_C45624551,DEC,C45624551
DEC_C08670818,DEC,C08670818
DEC_C50650472,DEC,C50650472
DEC_C51616624,DEC,C51616624
DEC_C17304291,DEC,C17304291
DEC_C20885326,DEC,C20885326
DEC_C09125070,DEC,C09125070
DEC_C63351189,DEC,C63351189
DEC_C63351561,DEC,C63351561
DEC_C63374128,DEC,C63374128
DEC_C63374125,DEC,C63374125
DEC_C64871173,DEC,C64871173
DEC_C65237789,DEC,C65237789
DEC_C65532038,DEC,C65532038
DEC_C66240777,DEC,C66240777
DEC_C67022028,DEC,C67022028
DEC_C67285282,DEC,C67285282
DEC_C04483356,DEC,C04483356
DEC_C01895878,DEC,C01895878
DEC_C03162190,DEC,C03162190
DEC_C05902053,DEC,C05902053
DEC_C03521993,DEC,C03521993
DEC_C08763677,DEC,C08763677
DEC_C09120193,DEC,C09120193
DEC_C09246571,DEC,C09246571
DEC_C09429142,DEC,C09429142
DEC_C09632909,DEC,C09632909
DEC_C02246109,DEC,C02246109
DEC_C10419904,DEC,C10419904
DEC_C12408475,DEC,C12408475
DEC_C03521753,DEC,C03521753
DEC_C16789135,DEC,C16789135
DEC_C18197295,DEC,C18197295
DEC_C18200668,DEC,C18200668
DEC_C18200670,DEC,C18200670
DEC_C20894805,DEC,C20894805
DEC_C20990067,DEC,C20990067
DEC_C21237602,DEC,C21237602
DEC_C18115354,DEC,C18115354
DEC_C36259999,DEC,C36259999
DEC_C00936901,DEC,C00936901
DEC_C38578009,DEC,C38578009
DEC_C38704015,DEC,C38704015
DEC_C38990301,DEC,C38990301
DEC_C39421207,DEC,C39421207
DEC_C39856286,DEC,C39856286
DEC_C39920296,DEC,C39920296
DEC_C40783114,DEC,C40783114
DEC_C40812043,DEC,C40812043
DEC_C16972868,DEC,C16972868
DEC_C20756181,DEC,C20756181
DEC_C09292657,DEC,C09292657
DEC_C35375087,DEC,C35375087
DEC_C03299497,DEC,C03299497
DEC_C35552875,DEC,C35552875
DEC_C06239670,DEC,C06239670
DEC_C59645665,DEC,C59645665
DEC_C15225680,DEC,C15225680
DEC_C22572338,DEC,C22572338
DEC_C10860989,DEC,C10860989
DEC_C10860990,DEC,C10860990
DEC_C62038726,DEC,C62038726
DEC_C62038809,DEC,C62038809
DEC_C01177554,DEC,C01177554
DEC_C64871189,DEC,C64871189
DEC_C64871195,DEC,C64871195
DEC_C20567678,DEC,C20567678
DEC_C02609910,DEC,C02609910
DEC_C01189518,DEC,C01189518
DEC_C02856023,DEC,C02856023
DEC_C01123205,DEC,C01123205
DEC_C01629867,DEC,C01629867
DEC_C08029880,DEC,C08029880
DEC_C08562315,DEC,C08562315
DEC_C08886908,DEC,C08886908
DEC_C08951753,DEC,C08951753
DEC_C09194836,DEC,C09194836
DEC_C12145921,DEC,C12145921
DEC_C03623865,DEC,C03623865
DEC_C12820565,DEC,C12820565
DEC_C03595232,DEC,C03595232
DEC_C15938388,DEC,C15938388
DEC_C18196521,DEC,C18196521
DEC_C20534233,DEC,C20534233
DEC_C22299812,DEC,C22299812
DEC_C22602691,DEC,C22602691
DEC_C24257523,DEC,C24257523
DEC_C35351389,DEC,C35351389
DEC_C24950816,DEC,C24950816
DEC_C32118801,DEC,C32118801
DEC_C13131760,DEC,C13131760
DEC_C16671882,DEC,C16671882
DEC_C38791250,DEC,C38791250
DEC_C38828210,DEC,C38828210
DEC_C38828211,DEC,C38828211
DEC_C13136833,DEC,C13136833
DEC_C40388644,DEC,C40388644
DEC_C40390427,DEC,C40390427
DEC_C40923342,DEC,C40923342
DEC_C42661567,DEC,C42661567
DEC_C45455981,DEC,C45455981
DEC_C48522901,DEC,C48522901
DEC_C50058368,DEC,C50058368
DEC_C01153992,DEC,C01153992
DEC_C56860329,DEC,C56860329
DEC_C01840640,DEC,C01840640
DEC_C07461969,DEC,C07461969
DEC_C16673718,DEC,C16673718
DEC_C60213639,DEC,C60213639
DEC_C63373364,DEC,C63373364
DEC_C63373627,DEC,C63373627
DEC_C63374752,DEC,C63374752
DEC_C63478742,DEC,C63478742
DEC_C63373366,DEC,C63373366
DEC_C63373370,DEC,C63373370
DEC_C66956376,DEC,C66956376
DEC_C31813413,DEC,C31813413
DEC_C00661022,DEC,C00661022
DEC_C01781943,DEC,C01781943
DEC_C02644064,DEC,C02644064
DEC_C02745395,DEC,C02745395
DEC_C08757718,DEC,C08757718
DEC_C08797600,DEC,C08797600
DEC_C08856217,DEC,C08856217
DEC_C08921368,DEC,C08921368
DEC_C02121861,DEC,C02121861
DEC_C09456784,DEC,C09456784
DEC_C12887287,DEC,C12887287
DEC_C03663692,DEC,C03663692
DEC_C14383311,DEC,C14383311
DEC_C15304341,DEC,C15304341
DEC_C15803478,DEC,C15803478
DEC_C15970249,DEC,C15970249
DEC_C16134338,DEC,C16134338
DEC_C16612535,DEC,C16612535
DEC_C16842476,DEC,C16842476
DEC_C18197086,DEC,C18197086
DEC_C09331731,DEC,C09331731
DEC_C01460991,DEC,C01460991
DEC_C21596044,DEC,C21596044
DEC_C22833613,DEC,C22833613
DEC_C28249803,DEC,C28249803
DEC_C28632376,DEC,C28632376
DEC_C28632381,DEC,C28632381
DEC_C34210887,DEC,C34210887
DEC_C36092915,DEC,C36092915
DEC_C36500886,DEC,C36500886
DEC_C32116544,DEC,C32116544
DEC_C39252209,DEC,C39252209
DEC_C39920601,DEC,C39920601
DEC_C39920609,DEC,C39920609
DEC_C40167894,DEC,C40167894
DEC_C39914326,DEC,C39914326
DEC_C40565499,DEC,C40565499
DEC_C40565503,DEC,C40565503
DEC_C40743091,DEC,C40743091
DEC_C40743095,DEC,C40743095
DEC_C40812017,DEC,C40812017
DEC_C41006349,DEC,C41006349
DEC_C41006778,DEC,C41006778
DEC_C41019483,DEC,C41019483
DEC_C43218932,DEC,C43218932
DEC_C08915336,DEC,C08915336
DEC_C00622817,DEC,C00622817
DEC_C16322970,DEC,C16322970
DEC_C59461857,DEC,C59461857
DEC_C64870903,DEC,C64870903
DEC_C02889114,DEC,C02889114
DEC_C01773203,DEC,C01773203
DEC_C00622925,DEC,C00622925
DEC_C08965885,DEC,C08965885
DEC_C09152157,DEC,C09152157
DEC_C09456789,DEC,C09456789
DEC_C09662504,DEC,C09662504
DEC_C09716195,DEC,C09716195
DEC_C09836200,DEC,C09836200
DEC_C10128064,DEC,C10128064
DEC_C11619406,DEC,C11619406
DEC_C04177332,DEC,C04177332
DEC_C12462315,DEC,C12462315
DEC_C12784468,DEC,C12784468
DEC_C13361619,DEC,C13361619
DEC_C14697658,DEC,C14697658
DEC_C16909395,DEC,C16909395
DEC_C08919980,DEC,C08919980
DEC_C12274256,DEC,C12274256
DEC_C20331526,DEC,C20331526
DEC_C20882660,DEC,C20882660
DEC_C21320562,DEC,C21320562
DEC_C21969365,DEC,C21969365
DEC_C22833617,DEC,C22833617
DEC_C25515990,DEC,C25515990
DEC_C26029144,DEC,C26029144
DEC_C33244599,DEC,C33244599
DEC_C33810612,DEC,C33810612
DEC_C35074097,DEC,C35074097
DEC_C35099442,DEC,C35099442
DEC_C35535509,DEC,C35535509
DEC_C35723310,DEC,C35723310
DEC_C36557815,DEC,C36557815
DEC_C36595309,DEC,C36595309
DEC_C32116356,DEC,C32116356
DEC_C39237682,DEC,C39237682
DEC_C39279801,DEC,C39279801
DEC_C40144282,DEC,C40144282
DEC_C40168734,DEC,C40168734
DEC_C40719022,DEC,C40719022
DEC_C40729889,DEC,C40729889
DEC_C41006443,DEC,C41006443
DEC_C41006776,DEC,C41006776
DEC_C13471707,DEC,C13471707
DEC_C09379861,DEC,C09379861
DEC_C09282213,DEC,C09282213
DEC_C15971754,DEC,C15971754
DEC_C13734805,DEC,C13734805
DEC_C01139530,DEC,C01139530
DEC_C13734811,DEC,C13734811
DEC_C06074940,DEC,C06074940
DEC_C02451473,DEC,C02451473
DEC_C12473672,DEC,C12473672
DEC_C12702152,DEC,C12702152
DEC_C12703568,DEC,C12703568
DEC_C12703773,DEC,C12703773
DEC_C12704095,DEC,C12704095
DEC_C12714613,DEC,C12714613
DEC_C12714753,DEC,C12714753
DEC_C12715302,DEC,C12715302
DEC_C17215328,DEC,C17215328
DEC_C20806841,DEC,C20806841
DEC_C20916154,DEC,C20916154
DEC_C22616923,DEC,C22616923
DEC_C24719763,DEC,C24719763
DEC_C30831878,DEC,C30831878
DEC_C31167277,DEC,C31167277
DEC_C35270811,DEC,C35270811
DEC_C35270813,DEC,C35270813
DEC_C36492616,DEC,C36492616
DEC_C36492617,DEC,C36492617
DEC_C00830358,DEC,C00830358
DEC_C38989799,DEC,C38989799
DEC_C38990143,DEC,C38990143
DEC_C38994284,DEC,C38994284
DEC_C38995058,DEC,C38995058
DEC_C38999913,DEC,C38999913
DEC_C39006869,DEC,C39006869
DEC_C39007176,DEC,C39007176
DEC_C39007182,DEC,C39007182
DEC_C39007440,DEC,C39007440
DEC_C39012042,DEC,C39012042
DEC_C39012198,DEC,C39012198
DEC_C39012200,DEC,C39012200
DEC_C39012257,DEC,C39012257
DEC_C39012633,DEC,C39012633
DEC_C39015606,DEC,C39015606
DEC_C39015609,DEC,C39015609
DEC_C39015889,DEC,C39015889
DEC_C39448608,DEC,C39448608
DEC_C12500018,DEC,C12500018
DEC_C39856215,DEC,C39856215
DEC_C40761101,DEC,C40761101
DEC_C41006207,DEC,C41006207
DEC_C41301505,DEC,C41301505
DEC_C08856828,DEC,C08856828
DEC_C08618895,DEC,C08618895
DEC_C01881108,DEC,C01881108
DEC_C36609341,DEC,C36609341
DEC_C64164939,DEC,C64164939
DEC_C05371517,DEC,C05371517
DEC_C00943099,DEC,C00943099
DEC_C08862403,DEC,C08862403
DEC_C09331478,DEC,C09331478
DEC_C02638286,DEC,C02638286
DEC_C09915629,DEC,C09915629
DEC_C09915836,DEC,C09915836
DEC_C11612407,DEC,C11612407
DEC_C12033623,DEC,C12033623
DEC_C12375038,DEC,C12375038
DEC_C12494170,DEC,C12494170
DEC_C12783824,DEC,C12783824
DEC_C12894462,DEC,C12894462
DEC_C09684675,DEC,C09684675
DEC_C13552077,DEC,C13552077
DEC_C13552741,DEC,C13552741
DEC_C14240896,DEC,C14240896
DEC_C15083548,DEC,C15083548
DEC_C08636357,DEC,C08636357
DEC_C16361668,DEC,C16361668
DEC_C18199280,DEC,C18199280
DEC_C20915891,DEC,C20915891
DEC_C21321423,DEC,C21321423
DEC_C22058398,DEC,C22058398
DEC_C25450984,DEC,C25450984
DEC_C29030902,DEC,C29030902
DEC_C08439390,DEC,C08439390
DEC_C34779632,DEC,C34779632
DEC_C34783191,DEC,C34783191
DEC_C35767092,DEC,C35767092
DEC_C36585490,DEC,C36585490
DEC_C39578087,DEC,C39578087
DEC_C40119400,DEC,C40119400
DEC_C40400491,DEC,C40400491
DEC_C40657706,DEC,C40657706
DEC_C40825268,DEC,C40825268
DEC_C44020170,DEC,C44020170
DEC_C44452574,DEC,C44452574
DEC_C44452591,DEC,C44452591
DEC_C03337610,DEC,C03337610
DEC_C15998950,DEC,C15998950
DEC_C09110932,DEC,C09110932
DEC_C13540613,DEC,C13540613
DEC_C08854872,DEC,C08854872
DEC_C57440112,DEC,C57440112
DEC_C58159697,DEC,C58159697
DEC_C59599220,DEC,C59599220
DEC_C59804663,DEC,C59804663
DEC_C60390415,DEC,C60390415
DEC_C33722722,DEC,C33722722
DEC_C04030339,DEC,C04030339
DEC_C05371497,DEC,C05371497
DEC_C05371510,DEC,C05371510
DEC_C03237928,DEC,C03237928
DEC_C08740164,DEC,C08740164
DEC_C08754788,DEC,C08754788
DEC_C09359810,DEC,C09359810
DEC_C09970331,DEC,C09970331
DEC_C04258334,DEC,C04258334
DEC_C12783829,DEC,C12783829
DEC_C09684670,DEC,C09684670
DEC_C13552860,DEC,C13552860
DEC_C15162762,DEC,C15162762
DEC_C18198949,DEC,C18198949
DEC_C20220447,DEC,C20220447
DEC_C20412271,DEC,C20412271
DEC_C20465557,DEC,C20465557
DEC_C22060735,DEC,C22060735
DEC_C23587623,DEC,C23587623
DEC_C24786819,DEC,C24786819
DEC_C27531088,DEC,C27531088
DEC_C33253898,DEC,C33253898
DEC_C34783373,DEC,C34783373
DEC_C36529204,DEC,C36529204
DEC_C36530949,DEC,C36530949
DEC_C36585491,DEC,C36585491
DEC_C39264943,DEC,C39264943
DEC_C39327007,DEC,C39327007
DEC_C39327009,DEC,C39327009
DEC_C39361908,DEC,C39361908
DEC_C39578088,DEC,C39578088
DEC_C39579888,DEC,C39579888
DEC_C39937138,DEC,C39937138
DEC_C40033552,DEC,C40033552
DEC_C40399303,DEC,C40399303
DEC_C40400482,DEC,C40400482
DEC_C44963572,DEC,C44963572
DEC_C45520977,DEC,C45520977
DEC_C20610758,DEC,C20610758
DEC_C15968020,DEC,C15968020
DEC_C01772671,DEC,C01772671
DEC_C16010102,DEC,C16010102
DEC_C16020493,DEC,C16020493
DEC_C20799993,DEC,C20799993
DEC_C57380548,DEC,C57380548
DEC_C09086876,DEC,C09086876
DEC_C16677695,DEC,C16677695
DEC_C15959431,DEC,C15959431
DEC_C15969405,DEC,C15969405
DEC_C15969404,DEC,C15969404
DEC_C06075275,DEC,C06075275
DEC_C03229928,DEC,C03229928
DEC_C03264654,DEC,C03264654
DEC_C09218315,DEC,C09218315
DEC_C09306523,DEC,C09306523
DEC_C09518177,DEC,C09518177
DEC_C10211225,DEC,C10211225
DEC_C10864526,DEC,C10864526
DEC_C12923476,DEC,C12923476
DEC_C13039739,DEC,C13039739
DEC_C09466397,DEC,C09466397
DEC_C14599640,DEC,C14599640
DEC_C15081146,DEC,C15081146
DEC_C15081148,DEC,C15081148
DEC_C20833112,DEC,C20833112
DEC_C21080080,DEC,C21080080
DEC_C16678042,DEC,C16678042
DEC_C23271422,DEC,C23271422
DEC_C29699489,DEC,C29699489
DEC_C29699494,DEC,C29699494
DEC_C32605479,DEC,C32605479
DEC_C36494146,DEC,C36494146
DEC_C36537543,DEC,C36537543
DEC_C36556614,DEC,C36556614
DEC_C36556616,DEC,C36556616
DEC_C36556620,DEC,C36556620
DEC_C36576039,DEC,C36576039
DEC_C36591932,DEC,C36591932
DEC_C36596277,DEC,C36596277
DEC_C36602764,DEC,C36602764
DEC_C02520324,DEC,C02520324
DEC_C39237433,DEC,C39237433
DEC_C39327001,DEC,C39327001
DEC_C39361870,DEC,C39361870
DEC_C39362303,DEC,C39362303
DEC_C18581227,DEC,C18581227
DEC_C39561242,DEC,C39561242
DEC_C44710252,DEC,C44710252
DEC_C09272784,DEC,C09272784
DEC_C20611539,DEC,C20611539
DEC_C28994847,DEC,C28994847
DEC_C58912583,DEC,C58912583
DEC_C58995024,DEC,C58995024
DEC_C59016887,DEC,C59016887
DEC_C59915206,DEC,C59915206
DEC_C09350732,DEC,C09350732
DEC_C09350731,DEC,C09350731
DEC_C64891186,DEC,C64891186
DEC_C64891188,DEC,C64891188
DEC_C08845503,DEC,C08845503
DEC_C03443227,DEC,C03443227
DEC_C04236552,DEC,C04236552
DEC_C04236781,DEC,C04236781
DEC_C04237007,DEC,C04237007
DEC_C04237025,DEC,C04237025
DEC_C03362897,DEC,C03362897
DEC_C04647197,DEC,C04647197
DEC_C04647442,DEC,C04647442
DEC_C09053438,DEC,C09053438
DEC_C10609609,DEC,C10609609
DEC_C12276229,DEC,C12276229
DEC_C13117913,DEC,C13117913
DEC_C13978495,DEC,C13978495
DEC_C14792600,DEC,C14792600
DEC_C15114443,DEC,C15114443
DEC_C15123078,DEC,C15123078
DEC_C15760214,DEC,C15760214
DEC_C18750453,DEC,C18750453
DEC_C02794162,DEC,C02794162
DEC_C17028537,DEC,C17028537
DEC_C20832655,DEC,C20832655
DEC_C20832657,DEC,C20832657
DEC_C21320614,DEC,C21320614
DEC_C21330531,DEC,C21330531
DEC_C21330535,DEC,C21330535
DEC_C22749828,DEC,C22749828
DEC_C17222335,DEC,C17222335
DEC_C33770303,DEC,C33770303
DEC_C36494960,DEC,C36494960
DEC_C36500680,DEC,C36500680
DEC_C36571204,DEC,C36571204
DEC_C36573279,DEC,C36573279
DEC_C36576411,DEC,C36576411
DEC_C36597853,DEC,C36597853
DEC_C36599965,DEC,C36599965
DEC_C09955474,DEC,C09955474
DEC_C39361584,DEC,C39361584
DEC_C39361885,DEC,C39361885
DEC_C39363102,DEC,C39363102
DEC_C39611767,DEC,C39611767
DEC_C39969623,DEC,C39969623
DEC_C39969624,DEC,C39969624
DEC_C43553945,DEC,C43553945
DEC_C43554235,DEC,C43554235
DEC_C44452595,DEC,C44452595
DEC_C45670060,DEC,C45670060
DEC_C46793436,DEC,C46793436
DEC_C31749172,DEC,C31749172
DEC_C65743029,DEC,C65743029
DEC_C66107526,DEC,C66107526
DEC_C04277915,DEC,C04277915
DEC_C05438319,DEC,C05438319
DEC_C01588365,DEC,C01588365
DEC_C06074868,DEC,C06074868
DEC_C06631764,DEC,C06631764
DEC_C06631801,DEC,C06631801
DEC_C06821097,DEC,C06821097
DEC_C09016074,DEC,C09016074
DEC_C12376943,DEC,C12376943
DEC_C12473646,DEC,C12473646
DEC_C12473649,DEC,C12473649
DEC_C12477066,DEC,C12477066
DEC_C12702130,DEC,C12702130
DEC_C12702139,DEC,C12702139
DEC_C12709616,DEC,C12709616
DEC_C13844174,DEC,C13844174
DEC_C16347485,DEC,C16347485
DEC_C16347491,DEC,C16347491
DEC_C17215325,DEC,C17215325
DEC_C02242780,DEC,C02242780
DEC_C33839095,DEC,C33839095
DEC_C38984630,DEC,C38984630
DEC_C38984729,DEC,C38984729
DEC_C38984735,DEC,C38984735
DEC_C38984737,DEC,C38984737
DEC_C38989645,DEC,C38989645
DEC_C38990027,DEC,C38990027
DEC_C38995102,DEC,C38995102
DEC_C38999968,DEC,C38999968
DEC_C39006588,DEC,C39006588
DEC_C39007731,DEC,C39007731
DEC_C39012634,DEC,C39012634
DEC_C39012756,DEC,C39012756
DEC_C39012853,DEC,C39012853
DEC_C39012855,DEC,C39012855
DEC_C39015624,DEC,C39015624
DEC_C12500011,DEC,C12500011
DEC_C39591902,DEC,C39591902
DEC_C26780125,DEC,C26780125
DEC_C26780130,DEC,C26780130
DEC_C41301501,DEC,C41301501
DEC_C16577727,DEC,C16577727
DEC_C16577724,DEC,C16577724
DEC_C16577734,DEC,C16577734
DEC_C20066288,DEC,C20066288
DEC_C08972060,DEC,C08972060
DEC_C57110703,DEC,C57110703
DEC_C59599298,DEC,C59599298
DEC_C12558182,DEC,C12558182
DEC_C64728942,DEC,C64728942
DEC_C02796088,DEC,C02796088
DEC_C04625393,DEC,C04625393
DEC_C04963790,DEC,C04963790
DEC_C03318517,DEC,C03318517
DEC_C11124970,DEC,C11124970
DEC_C14047201,DEC,C14047201
DEC_C04390686,DEC,C04390686
DEC_C35739772,DEC,C35739772
DEC_C36277062,DEC,C36277062
DEC_C36287920,DEC,C36287920
DEC_C37774524,DEC,C37774524
DEC_C37791224,DEC,C37791224
DEC_C01649872,DEC,C01649872
DEC_C40970202,DEC,C40970202
DEC_C41523145,DEC,C41523145
DEC_C41802940,DEC,C41802940
DEC_C42871036,DEC,C42871036
DEC_C44550526,DEC,C44550526
DEC_C46269321,DEC,C46269321
DEC_C46905964,DEC,C46905964
DEC_C46906373,DEC,C46906373
DEC_C46993671,DEC,C46993671
DEC_C47031994,DEC,C47031994
DEC_C47895505,DEC,C47895505
DEC_C47929337,DEC,C47929337
DEC_C47929341,DEC,C47929341
DEC_C48284143,DEC,C48284143
DEC_C49518459,DEC,C49518459
DEC_C49534913,DEC,C49534913
DEC_C50375491,DEC,C50375491
DEC_C50427953,DEC,C50427953
DEC_C50640171,DEC,C50640171
DEC_C50653804,DEC,C50653804
DEC_C52170608,DEC,C52170608
DEC_C42791472,DEC,C42791472
DEC_C54527602,DEC,C54527602
DEC_C21356874,DEC,C21356874
DEC_C41020105,DEC,C41020105
DEC_C59042120,DEC,C59042120
DEC_C59435536,DEC,C59435536
DEC_C60161338,DEC,C60161338
DEC_C60161339,DEC,C60161339
DEC_C61663957,DEC,C61663957
DEC_C61677515,DEC,C61677515
DEC_C61767201,DEC,C61767201
DEC_C62160104,DEC,C62160104
DEC_C62768830,DEC,C62768830
DEC_C62800348,DEC,C62800348
DEC_C62870735,DEC,C62870735
DEC_C65403487,DEC,C65403487
DEC_C04236632,DEC,C04236632
DEC_C03309152,DEC,C03309152
DEC_C06077013,DEC,C06077013
DEC_C00661030,DEC,C00661030
DEC_C08719241,DEC,C08719241
DEC_C09793083,DEC,C09793083
DEC_C08816197,DEC,C08816197
DEC_C12756562,DEC,C12756562
DEC_C12887968,DEC,C12887968
DEC_C03505111,DEC,C03505111
DEC_C03340933,DEC,C03340933
DEC_C12557610,DEC,C12557610
DEC_C14902584,DEC,C14902584
DEC_C15945708,DEC,C15945708
DEC_C16842182,DEC,C16842182
DEC_C17666932,DEC,C17666932
DEC_C20028280,DEC,C20028280
DEC_C21078465,DEC,C21078465
DEC_C24891705,DEC,C24891705
DEC_C28049788,DEC,C28049788
DEC_C32926642,DEC,C32926642
DEC_C32939967,DEC,C32939967
DEC_C33557718,DEC,C33557718
DEC_C33628602,DEC,C33628602
DEC_C33810523,DEC,C33810523
DEC_C35316328,DEC,C35316328
DEC_C35578378,DEC,C35578378
DEC_C36012598,DEC,C36012598
DEC_C36552877,DEC,C36552877
DEC_C14475973,DEC,C14475973
DEC_C14383164,DEC,C14383164
DEC_C12939969,DEC,C12939969
DEC_C39252201,DEC,C39252201
DEC_C39361617,DEC,C39361617
DEC_C39362923,DEC,C39362923
DEC_C09243066,DEC,C09243066
DEC_C03134975,DEC,C03134975
DEC_C20607854,DEC,C20607854
DEC_C01134560,DEC,C01134560
DEC_C57122059,DEC,C57122059
DEC_C59446933,DEC,C59446933
DEC_C59989140,DEC,C59989140
DEC_C60340131,DEC,C60340131
DEC_C09488164,DEC,C09488164
DEC_C13552803,DEC,C13552803
DEC_C39040770,DEC,C39040770
DEC_C64870837,DEC,C64870837
DEC_C64871013,DEC,C64871013
DEC_C64871159,DEC,C64871159
DEC_C64871198,DEC,C64871198
DEC_C02952969,DEC,C02952969
DEC_C07868112,DEC,C07868112
DEC_C10430574,DEC,C10430574
DEC_C11814477,DEC,C11814477
DEC_C12156087,DEC,C12156087
DEC_C02879555,DEC,C02879555
DEC_C13513022,DEC,C13513022
DEC_C02780883,DEC,C02780883
DEC_C14251708,DEC,C14251708
DEC_C15882786,DEC,C15882786
DEC_C16047959,DEC,C16047959
DEC_C19848860,DEC,C19848860
DEC_C17195728,DEC,C17195728
DEC_C20466127,DEC,C20466127
DEC_C20680258,DEC,C20680258
DEC_C21999626,DEC,C21999626
DEC_C22060374,DEC,C22060374
DEC_C23366748,DEC,C23366748
DEC_C26477645,DEC,C26477645
DEC_C34789284,DEC,C34789284
DEC_C32778729,DEC,C32778729
DEC_C35734377,DEC,C35734377
DEC_C35734379,DEC,C35734379
DEC_C10041775,DEC,C10041775
DEC_C39298874,DEC,C39298874
DEC_C40346561,DEC,C40346561
DEC_C40346837,DEC,C40346837
DEC_C40451969,DEC,C40451969
DEC_C40795610,DEC,C40795610
DEC_C41011839,DEC,C41011839
DEC_C33912835,DEC,C33912835
DEC_C43221443,DEC,C43221443
DEC_C43221765,DEC,C43221765
DEC_C43221954,DEC,C43221954
DEC_C45713013,DEC,C45713013
DEC_C50368289,DEC,C50368289
DEC_C16009689,DEC,C16009689
DEC_C16012084,DEC,C16012084
DEC_C16012088,DEC,C16012088
DEC_C16024995,DEC,C16024995
DEC_C59459474,DEC,C59459474
DEC_C59513428,DEC,C59513428
DEC_C17878613,DEC,C17878613
DEC_C17878641,DEC,C17878641
DEC_C59640243,DEC,C59640243
DEC_C13995422,DEC,C13995422
DEC_C63351463,DEC,C63351463
DEC_C38653195,DEC,C38653195
DEC_C64066784,DEC,C64066784
DEC_C35808836,DEC,C35808836
DEC_C00085965,DEC,C00085965
DEC_C05858326,DEC,C05858326
DEC_C01647971,DEC,C01647971
DEC_C07602345,DEC,C07602345
DEC_C01157385,DEC,C01157385
DEC_C12735711,DEC,C12735711
DEC_C17472998,DEC,C17472998
DEC_C24609377,DEC,C24609377
DEC_C25922032,DEC,C25922032
DEC_C31773387,DEC,C31773387
DEC_C33154984,DEC,C33154984
DEC_C36142454,DEC,C36142454
DEC_C37643154,DEC,C37643154
DEC_C36788199,DEC,C36788199
DEC_C39291884,DEC,C39291884
DEC_C42650984,DEC,C42650984
DEC_C44924784,DEC,C44924784
DEC_C48488972,DEC,C48488972
DEC_C48893834,DEC,C48893834
DEC_C49044825,DEC,C49044825
DEC_C50630606,DEC,C50630606
DEC_C50631151,DEC,C50631151
DEC_C50635602,DEC,C50635602
DEC_C50635934,DEC,C50635934
DEC_C50671387,DEC,C50671387
DEC_C50829426,DEC,C50829426
DEC_C51886453,DEC,C51886453
DEC_C52002034,DEC,C52002034
DEC_C52003568,DEC,C52003568
DEC_C53104057,DEC,C53104057
DEC_C12785054,DEC,C12785054
DEC_C19330310,DEC,C19330310
DEC_C58000589,DEC,C58000589
DEC_C42371385,DEC,C42371385
DEC_C50651277,DEC,C50651277
DEC_C50657598,DEC,C50657598
DEC_C57893569,DEC,C57893569
DEC_C52302343,DEC,C52302343
DEC_C61147923,DEC,C61147923
DEC_C61148734,DEC,C61148734
DEC_C61824171,DEC,C61824171
DEC_C62514790,DEC,C62514790
DEC_C63038412,DEC,C63038412
DEC_C63038710,DEC,C63038710
DEC_C23258237,DEC,C23258237
DEC_C65426269,DEC,C65426269
DEC_C65506449,DEC,C65506449
DEC_C65901726,DEC,C65901726
DEC_C67286989,DEC,C67286989
DEC_C67592632,DEC,C67592632
DEC_C00049988,DEC,C00049988
DEC_C02628848,DEC,C02628848
DEC_C05716048,DEC,C05716048
DEC_C01617286,DEC,C01617286
DEC_C06442030,DEC,C06442030
DEC_C19685073,DEC,C19685073
DEC_C08994532,DEC,C08994532
DEC_C19863659,DEC,C19863659
DEC_C20008300,DEC,C20008300
DEC_C20277808,DEC,C20277808
DEC_C20277924,DEC,C20277924
DEC_C35367013,DEC,C35367013
DEC_C35599736,DEC,C35599736
DEC_C37055367,DEC,C37055367
DEC_C37064141,DEC,C37064141
DEC_C37243998,DEC,C37243998
DEC_C37244231,DEC,C37244231
DEC_C37338844,DEC,C37338844
DEC_C37338848,DEC,C37338848
DEC_C02539723,DEC,C02539723
DEC_C38051353,DEC,C38051353
DEC_C40167695,DEC,C40167695
DEC_C40310972,DEC,C40310972
DEC_C40322147,DEC,C40322147
DEC_C40326013,DEC,C40326013
DEC_C40364027,DEC,C40364027
DEC_C40962763,DEC,C40962763
DEC_C41067902,DEC,C41067902
DEC_C42427630,DEC,C42427630
DEC_C42438944,DEC,C42438944
DEC_C44774293,DEC,C44774293
DEC_C44781321,DEC,C44781321
DEC_C44781524,DEC,C44781524
DEC_C44781577,DEC,C44781577
DEC_C44924287,DEC,C44924287
DEC_C48947509,DEC,C48947509
DEC_C49526817,DEC,C49526817
DEC_C49538650,DEC,C49538650
DEC_C50397198,DEC,C50397198
DEC_C50397239,DEC,C50397239
DEC_C51040362,DEC,C51040362
DEC_C52010293,DEC,C52010293
DEC_C52760241,DEC,C52760241
DEC_C54216981,DEC,C54216981
DEC_C57476726,DEC,C57476726
DEC_C52094343,DEC,C52094343
DEC_C61364076,DEC,C61364076
DEC_C61374299,DEC,C61374299
DEC_C61678081,DEC,C61678081
DEC_C61948906,DEC,C61948906
DEC_C04548210,DEC,C04548210
DEC_C09349007,DEC,C09349007
DEC_C08867388,DEC,C08867388
DEC_C13592171,DEC,C13592171
DEC_C17179804,DEC,C17179804
DEC_C34256005,DEC,C34256005
DEC_C34256007,DEC,C34256007
DEC_C34262061,DEC,C34262061
DEC_C34380494,DEC,C34380494
DEC_C34703472,DEC,C34703472
DEC_C34703473,DEC,C34703473
DEC_C35277501,DEC,C35277501
DEC_C35876687,DEC,C35876687
DEC_C35946834,DEC,C35946834
DEC_C36330907,DEC,C36330907
DEC_C19848380,DEC,C19848380
DEC_C35457323,DEC,C35457323
DEC_C38062534,DEC,C38062534
DEC_C04086243,DEC,C04086243
DEC_C39543051,DEC,C39543051
DEC_C39657807,DEC,C39657807
DEC_C39657924,DEC,C39657924
DEC_C39658172,DEC,C39658172
DEC_C39662868,DEC,C39662868
DEC_C39662869,DEC,C39662869
DEC_C39662874,DEC,C39662874
DEC_C39682227,DEC,C39682227
DEC_C40348745,DEC,C40348745
DEC_C40385554,DEC,C40385554
DEC_C41158622,DEC,C41158622
DEC_C33599085,DEC,C33599085
DEC_C33897184,DEC,C33897184
DEC_C43220997,DEC,C43220997
DEC_C33869202,DEC,C33869202
DEC_C33630923,DEC,C33630923
DEC_C43221894,DEC,C43221894
DEC_C43509329,DEC,C43509329
DEC_C43509800,DEC,C43509800
DEC_C43618836,DEC,C43618836
DEC_C43746698,DEC,C43746698
DEC_C44020984,DEC,C44020984
DEC_C44173946,DEC,C44173946
DEC_C35375293,DEC,C35375293
DEC_C17878767,DEC,C17878767
DEC_C13546967,DEC,C13546967
DEC_C15972849,DEC,C15972849
DEC_C63315590,DEC,C63315590
DEC_C12402070,DEC,C12402070
DEC_C63767198,DEC,C63767198
DEC_C64683468,DEC,C64683468
DEC_C01096543,DEC,C01096543
DEC_C04025970,DEC,C04025970
DEC_C04039141,DEC,C04039141
DEC_C00117001,DEC,C00117001
DEC_C05223557,DEC,C05223557
DEC_C05496473,DEC,C05496473
DEC_C05641746,DEC,C05641746
DEC_C06282245,DEC,C06282245
DEC_C02779563,DEC,C02779563
DEC_C06932930,DEC,C06932930
DEC_C08344072,DEC,C08344072
DEC_C06381672,DEC,C06381672
DEC_C13629980,DEC,C13629980
DEC_C15320539,DEC,C15320539
DEC_C17779640,DEC,C17779640
DEC_C23425540,DEC,C23425540
DEC_C01125891,DEC,C01125891
DEC_C36375235,DEC,C36375235
DEC_C44169527,DEC,C44169527
DEC_C44890812,DEC,C44890812
DEC_C45019461,DEC,C45019461
DEC_C45019463,DEC,C45019463
DEC_C46811503,DEC,C46811503
DEC_C47068643,DEC,C47068643
DEC_C49508803,DEC,C49508803
DEC_C49693036,DEC,C49693036
DEC_C01861929,DEC,C01861929
DEC_C51105134,DEC,C51105134
DEC_C51130522,DEC,C51130522
DEC_C51483942,DEC,C51483942
DEC_C52096727,DEC,C52096727
DEC_C46979293,DEC,C46979293
DEC_C63264544,DEC,C63264544
DEC_C39955851,DEC,C39955851
DEC_C39958886,DEC,C39958886
DEC_C63376290,DEC,C63376290
DEC_C04453341,DEC,C04453341
DEC_C05249070,DEC,C05249070
DEC_C63843566,DEC,C63843566
DEC_C64098512,DEC,C64098512
DEC_C65395591,DEC,C65395591
DEC_C57050263,DEC,C57050263
DEC_C65406460,DEC,C65406460
DEC_C65424999,DEC,C65424999
DEC_C65794053,DEC,C65794053
DEC_C66836667,DEC,C66836667
DEC_C66836669,DEC,C66836669
DEC_C67268245,DEC,C67268245
DEC_C67509102,DEC,C67509102
DEC_C67562617,DEC,C67562617
DEC_C04773054,DEC,C04773054
DEC_C00478273,DEC,C00478273
DEC_C01666485,DEC,C01666485
DEC_C04159347,DEC,C04159347
DEC_C04575270,DEC,C04575270
DEC_C19264947,DEC,C19264947
DEC_C20266729,DEC,C20266729
DEC_C21792649,DEC,C21792649
DEC_C21948356,DEC,C21948356
DEC_C35287832,DEC,C35287832
DEC_C28531859,DEC,C28531859
DEC_C36749273,DEC,C36749273
DEC_C36657552,DEC,C36657552
DEC_C36937186,DEC,C36937186
DEC_C37078323,DEC,C37078323
DEC_C02548494,DEC,C02548494
DEC_C37475114,DEC,C37475114
DEC_C37492032,DEC,C37492032
DEC_C37913032,DEC,C37913032
DEC_C35188598,DEC,C35188598
DEC_C35188600,DEC,C35188600
DEC_C08939878,DEC,C08939878
DEC_C36905718,DEC,C36905718
DEC_C39937243,DEC,C39937243
DEC_C40361978,DEC,C40361978
DEC_C40455873,DEC,C40455873
DEC_C40516835,DEC,C40516835
DEC_C40933442,DEC,C40933442
DEC_C41043683,DEC,C41043683
DEC_C43113913,DEC,C43113913
DEC_C43113917,DEC,C43113917
DEC_C43556684,DEC,C43556684
DEC_C44713203,DEC,C44713203
DEC_C44965578,DEC,C44965578
DEC_C48611096,DEC,C48611096
DEC_C50871213,DEC,C50871213
DEC_C52708810,DEC,C52708810
DEC_C52813584,DEC,C52813584
DEC_C08101044,DEC,C08101044
DEC_C53096658,DEC,C53096658
DEC_C37978332,DEC,C37978332
DEC_C61569591,DEC,C61569591
DEC_C61839628,DEC,C61839628
DEC_C61992348,DEC,C61992348
DEC_C62063542,DEC,C62063542
DEC_C62063544,DEC,C62063544
DEC_C62238190,DEC,C62238190
DEC_C62349379,DEC,C62349379
DEC_C62349494,DEC,C62349494
DEC_C65404525,DEC,C65404525
DEC_C01004401,DEC,C01004401
DEC_C04177337,DEC,C04177337
DEC_C00690790,DEC,C00690790
DEC_C00729460,DEC,C00729460
DEC_C00875352,DEC,C00875352
DEC_C04897147,DEC,C04897147
DEC_C06233915,DEC,C06233915
DEC_C05942408,DEC,C05942408
DEC_C06725086,DEC,C06725086
DEC_C07101920,DEC,C07101920
DEC_C12658171,DEC,C12658171
DEC_C12862552,DEC,C12862552
DEC_C04331422,DEC,C04331422
DEC_C13639850,DEC,C13639850
DEC_C13639856,DEC,C13639856
DEC_C13639872,DEC,C13639872
DEC_C14857367,DEC,C14857367
DEC_C15203535,DEC,C15203535
DEC_C01228343,DEC,C01228343
DEC_C16755508,DEC,C16755508
DEC_C18200664,DEC,C18200664
DEC_C04386915,DEC,C04386915
DEC_C20477645,DEC,C20477645
DEC_C20681685,DEC,C20681685
DEC_C03647443,DEC,C03647443
DEC_C28052288,DEC,C28052288
DEC_C31817647,DEC,C31817647
DEC_C36219730,DEC,C36219730
DEC_C38827475,DEC,C38827475
DEC_C39030132,DEC,C39030132
DEC_C39324879,DEC,C39324879
DEC_C39464293,DEC,C39464293
DEC_C39468789,DEC,C39468789
DEC_C39559914,DEC,C39559914
DEC_C41007206,DEC,C41007206
DEC_C43726404,DEC,C43726404
DEC_C45321629,DEC,C45321629
DEC_C39324249,DEC,C39324249
DEC_C18201218,DEC,C18201218
DEC_C09281351,DEC,C09281351
DEC_C01438069,DEC,C01438069
DEC_C07660681,DEC,C07660681
DEC_C13521666,DEC,C13521666
DEC_C13131423,DEC,C13131423
DEC_C33937812,DEC,C33937812
DEC_C06025512,DEC,C06025512
DEC_C04167422,DEC,C04167422
DEC_C04167422,DEC,C04167422
DEC_C08686936,DEC,C08686936
DEC_C08684299,DEC,C08684299
DEC_C04593901,DEC,C04593901
DEC_C04751291,DEC,C04751291
DEC_C04757937,DEC,C04757937
DEC_C04757938,DEC,C04757938
DEC_C04189065,DEC,C04189065
DEC_C12292725,DEC,C12292725
DEC_C12293495,DEC,C12293495
DEC_C12293721,DEC,C12293721
DEC_C12329420,DEC,C12329420
DEC_C12329438,DEC,C12329438
DEC_C12329799,DEC,C12329799
DEC_C12330243,DEC,C12330243
DEC_C19970280,DEC,C19970280
DEC_C19970410,DEC,C19970410
DEC_C20759819,DEC,C20759819
DEC_C22635168,DEC,C22635168
DEC_C23431759,DEC,C23431759
DEC_C27838089,DEC,C27838089
DEC_C31946733,DEC,C31946733
DEC_C35311054,DEC,C35311054
DEC_C37324694,DEC,C37324694
DEC_C39315449,DEC,C39315449
DEC_C39467191,DEC,C39467191
DEC_C39467386,DEC,C39467386
DEC_C39467422,DEC,C39467422
DEC_C39632606,DEC,C39632606
DEC_C39635856,DEC,C39635856
DEC_C39659799,DEC,C39659799
DEC_C39715980,DEC,C39715980
DEC_C39926579,DEC,C39926579
DEC_C41153707,DEC,C41153707
DEC_C41153935,DEC,C41153935
DEC_C41863594,DEC,C41863594
DEC_C42421396,DEC,C42421396
DEC_C43415043,DEC,C43415043
DEC_C48796488,DEC,C48796488
DEC_C49692552,DEC,C49692552
DEC_C51361955,DEC,C51361955
DEC_C51995604,DEC,C51995604
DEC_C40750125,DEC,C40750125
DEC_C44684890,DEC,C44684890
DEC_C61719504,DEC,C61719504
DEC_C63127821,DEC,C63127821
DEC_C63159180,DEC,C63159180
DEC_C63991440,DEC,C63991440
DEC_C64409676,DEC,C64409676
DEC_C65248322,DEC,C65248322
DEC_C65260063,DEC,C65260063
DEC_C65394090,DEC,C65394090
DEC_C65394091,DEC,C65394091
DEC_C03831088,DEC,C03831088
DEC_C00651667,DEC,C00651667
DEC_C00651669,DEC,C00651669
DEC_C04016857,DEC,C04016857
DEC_C04026792,DEC,C04026792
DEC_C01029483,DEC,C01029483
DEC_C04855959,DEC,C04855959
DEC_C05276371,DEC,C05276371
DEC_C05528371,DEC,C05528371
DEC_C14467776,DEC,C14467776
DEC_C15919773,DEC,C15919773
DEC_C16969335,DEC,C16969335
DEC_C17004567,DEC,C17004567
DEC_C08995709,DEC,C08995709
DEC_C11592703,DEC,C11592703
DEC_C19893729,DEC,C19893729
DEC_C19897767,DEC,C19897767
DEC_C20231203,DEC,C20231203
DEC_C20701775,DEC,C20701775
DEC_C21503610,DEC,C21503610
DEC_C34173016,DEC,C34173016
DEC_C33997807,DEC,C33997807
DEC_C36142189,DEC,C36142189
DEC_C36371067,DEC,C36371067
DEC_C36371068,DEC,C36371068
DEC_C36385541,DEC,C36385541
DEC_C31157853,DEC,C31157853
DEC_C03831087,DEC,C03831087
DEC_C00708291,DEC,C00708291
DEC_C38592681,DEC,C38592681
DEC_C38643256,DEC,C38643256
DEC_C39559744,DEC,C39559744
DEC_C39559747,DEC,C39559747
DEC_C39579406,DEC,C39579406
DEC_C40302264,DEC,C40302264
DEC_C43193639,DEC,C43193639
DEC_C43736468,DEC,C43736468
DEC_C44021532,DEC,C44021532
DEC_C44248556,DEC,C44248556
DEC_C44785433,DEC,C44785433
DEC_C49776666,DEC,C49776666
DEC_C50987906,DEC,C50987906
DEC_C22079669,DEC,C22079669
DEC_C39575061,DEC,C39575061
DEC_C53735987,DEC,C53735987
DEC_C61856092,DEC,C61856092
DEC_C62789297,DEC,C62789297
DEC_C62943469,DEC,C62943469
DEC_C62960563,DEC,C62960563
DEC_C65461998,DEC,C65461998
DEC_C01393195,DEC,C01393195
DEC_C00522659,DEC,C00522659
DEC_C05514501,DEC,C05514501
DEC_C06715177,DEC,C06715177
DEC_C19266059,DEC,C19266059
DEC_C19433870,DEC,C19433870
DEC_C19447518,DEC,C19447518
DEC_C19760157,DEC,C19760157
DEC_C20335825,DEC,C20335825
DEC_C32578414,DEC,C32578414
DEC_C34157617,DEC,C34157617
DEC_C36142396,DEC,C36142396
DEC_C36142714,DEC,C36142714
DEC_C36936814,DEC,C36936814
DEC_C37066272,DEC,C37066272
DEC_C37077435,DEC,C37077435
DEC_C37191438,DEC,C37191438
DEC_C37549242,DEC,C37549242
DEC_C37715794,DEC,C37715794
DEC_C37756576,DEC,C37756576
DEC_C00615738,DEC,C00615738
DEC_C20357484,DEC,C20357484
DEC_C38089915,DEC,C38089915
DEC_C13132468,DEC,C13132468
DEC_C39505153,DEC,C39505153
DEC_C33960346,DEC,C33960346
DEC_C40290614,DEC,C40290614
DEC_C41078952,DEC,C41078952
DEC_C42039300,DEC,C42039300
DEC_C43409730,DEC,C43409730
DEC_C43671660,DEC,C43671660
DEC_C44498216,DEC,C44498216
DEC_C49121808,DEC,C49121808
DEC_C49542446,DEC,C49542446
DEC_C49545611,DEC,C49545611
DEC_C49977350,DEC,C49977350
DEC_C50309538,DEC,C50309538
DEC_C50867096,DEC,C50867096
DEC_C52341960,DEC,C52341960
DEC_C53128540,DEC,C53128540
DEC_C54698653,DEC,C54698653
DEC_C00341742,DEC,C00341742
DEC_C43667419,DEC,C43667419
DEC_C43667421,DEC,C43667421
DEC_C61681335,DEC,C61681335
DEC_C62364230,DEC,C62364230
DEC_C62365009,DEC,C62365009
DEC_C62609821,DEC,C62609821
DEC_C01251161,DEC,C01251161
DEC_C67173817,DEC,C67173817
DEC_C04089459,DEC,C04089459
DEC_C12158501,DEC,C12158501
DEC_C13022696,DEC,C13022696
DEC_C13225919,DEC,C13225919
DEC_C13249345,DEC,C13249345
DEC_C13431685,DEC,C13431685
DEC_C18196364,DEC,C18196364
DEC_C16051106,DEC,C16051106
DEC_C19880149,DEC,C19880149
DEC_C04312176,DEC,C04312176
DEC_C13831869,DEC,C13831869
DEC_C22023115,DEC,C22023115
DEC_C16363305,DEC,C16363305
DEC_C17086539,DEC,C17086539
DEC_C37656278,DEC,C37656278
DEC_C37657066,DEC,C37657066
DEC_C37657067,DEC,C37657067
DEC_C05695629,DEC,C05695629
DEC_C09684287,DEC,C09684287
DEC_C38715025,DEC,C38715025
DEC_C39441955,DEC,C39441955
DEC_C40095274,DEC,C40095274
DEC_C40095467,DEC,C40095467
DEC_C40097264,DEC,C40097264
DEC_C40098791,DEC,C40098791
DEC_C43736263,DEC,C43736263
DEC_C49048244,DEC,C49048244
DEC_C49590533,DEC,C49590533
DEC_C13692509,DEC,C13692509
DEC_C17028468,DEC,C17028468
DEC_C55312297,DEC,C55312297
DEC_C55313292,DEC,C55313292
DEC_C48623316,DEC,C48623316
DEC_C57121537,DEC,C57121537
DEC_C17058256,DEC,C17058256
DEC_C58235566,DEC,C58235566
DEC_C58327700,DEC,C58327700
DEC_C61593876,DEC,C61593876
DEC_C61596310,DEC,C61596310
DEC_C61890154,DEC,C61890154
DEC_C13147143,DEC,C13147143
DEC_C08995063,DEC,C08995063
DEC_C08972032,DEC,C08972032
DEC_C62828196,DEC,C62828196
DEC_C39955083,DEC,C39955083
DEC_C36354982,DEC,C36354982
DEC_C36633745,DEC,C36633745
DEC_C65119298,DEC,C65119298
DEC_C65651399,DEC,C65651399
DEC_C67177773,DEC,C67177773
DEC_C04488911,DEC,C04488911
DEC_C05092345,DEC,C05092345
DEC_C00269208,DEC,C00269208
DEC_C06949310,DEC,C06949310
DEC_C07535582,DEC,C07535582
DEC_C09322628,DEC,C09322628
DEC_C12553301,DEC,C12553301
DEC_C13524732,DEC,C13524732
DEC_C14183529,DEC,C14183529
DEC_C20262635,DEC,C20262635
DEC_C20262883,DEC,C20262883
DEC_C27556331,DEC,C27556331
DEC_C31814648,DEC,C31814648
DEC_C31934133,DEC,C31934133
DEC_C32646366,DEC,C32646366
DEC_C36128849,DEC,C36128849
DEC_C36322370,DEC,C36322370
DEC_C37791253,DEC,C37791253
DEC_C38971092,DEC,C38971092
DEC_C39440502,DEC,C39440502
DEC_C40033636,DEC,C40033636
DEC_C41681032,DEC,C41681032
DEC_C41695275,DEC,C41695275
DEC_C41759687,DEC,C41759687
DEC_C42174313,DEC,C42174313
DEC_C42747820,DEC,C42747820
DEC_C44922944,DEC,C44922944
DEC_C45741264,DEC,C45741264
DEC_C48545242,DEC,C48545242
DEC_C48793980,DEC,C48793980
DEC_C48939031,DEC,C48939031
DEC_C50649168,DEC,C50649168
DEC_C50833482,DEC,C50833482
DEC_C50839582,DEC,C50839582
DEC_C52004812,DEC,C52004812
DEC_C27553089,DEC,C27553089
DEC_C53640009,DEC,C53640009
DEC_C57292271,DEC,C57292271
DEC_C49236344,DEC,C49236344
DEC_C47575471,DEC,C47575471
DEC_C59437464,DEC,C59437464
DEC_C60916804,DEC,C60916804
DEC_C61473905,DEC,C61473905
DEC_C61767071,DEC,C61767071
DEC_C61770043,DEC,C61770043
DEC_C62102096,DEC,C62102096
DEC_C62320993,DEC,C62320993
DEC_C66647038,DEC,C66647038
DEC_C67104237,DEC,C67104237
DEC_C20729800,DEC,C20729800
DEC_C04646064,DEC,C04646064
DEC_C04652746,DEC,C04652746
DEC_C04029396,DEC,C04029396
DEC_C06856688,DEC,C06856688
DEC_C07010162,DEC,C07010162
DEC_C06960371,DEC,C06960371
DEC_C16932821,DEC,C16932821
DEC_C08997328,DEC,C08997328
DEC_C06073578,DEC,C06073578
DEC_C24448909,DEC,C24448909
DEC_C25081374,DEC,C25081374
DEC_C32094914,DEC,C32094914
DEC_C32594714,DEC,C32594714
DEC_C32608118,DEC,C32608118
DEC_C35306482,DEC,C35306482
DEC_C35426878,DEC,C35426878
DEC_C35458023,DEC,C35458023
DEC_C36961266,DEC,C36961266
DEC_C37312919,DEC,C37312919
DEC_C37404743,DEC,C37404743
DEC_C38812303,DEC,C38812303
DEC_C39465275,DEC,C39465275
DEC_C39887613,DEC,C39887613
DEC_C41069832,DEC,C41069832
DEC_C42523013,DEC,C42523013
DEC_C43710891,DEC,C43710891
DEC_C43769576,DEC,C43769576
DEC_C44483670,DEC,C44483670
DEC_C45135001,DEC,C45135001
DEC_C49060921,DEC,C49060921
DEC_C49546794,DEC,C49546794
DEC_C50654114,DEC,C50654114
DEC_C54261327,DEC,C54261327
DEC_C54357301,DEC,C54357301
DEC_C54357308,DEC,C54357308
DEC_C55329715,DEC,C55329715
DEC_C55370750,DEC,C55370750
DEC_C58334611,DEC,C58334611
DEC_C53476499,DEC,C53476499
DEC_C41979379,DEC,C41979379
DEC_C33937818,DEC,C33937818
DEC_C13351846,DEC,C13351846
DEC_C62826436,DEC,C62826436
DEC_C36360158,DEC,C36360158
DEC_C63809935,DEC,C63809935
DEC_C02291307,DEC,C02291307
DEC_C65215306,DEC,C65215306
DEC_C53304845,DEC,C53304845
DEC_C25367797,DEC,C25367797
DEC_C67028499,DEC,C67028499
DEC_C01022816,DEC,C01022816
DEC_C01022815,DEC,C01022815
DEC_C04150125,DEC,C04150125
DEC_C09318781,DEC,C09318781
DEC_C03120011,DEC,C03120011
DEC_C07128316,DEC,C07128316
DEC_C14854755,DEC,C14854755
DEC_C18201182,DEC,C18201182
DEC_C19721623,DEC,C19721623
DEC_C20568332,DEC,C20568332
DEC_C16952196,DEC,C16952196
DEC_C31819944,DEC,C31819944
DEC_C28565323,DEC,C28565323
DEC_C38564820,DEC,C38564820
DEC_C38581467,DEC,C38581467
DEC_C38587471,DEC,C38587471
DEC_C39336682,DEC,C39336682
DEC_C39359024,DEC,C39359024
DEC_C39364470,DEC,C39364470
DEC_C39450246,DEC,C39450246
DEC_C39450248,DEC,C39450248
DEC_C39450314,DEC,C39450314
DEC_C39707571,DEC,C39707571
DEC_C39707572,DEC,C39707572
DEC_C16884088,DEC,C16884088
DEC_C40608704,DEC,C40608704
DEC_C40685862,DEC,C40685862
DEC_C45048947,DEC,C45048947
DEC_C46701606,DEC,C46701606
DEC_C50828908,DEC,C50828908
DEC_C12523726,DEC,C12523726
DEC_C55186559,DEC,C55186559
DEC_C60583041,DEC,C60583041
DEC_C61743086,DEC,C61743086
DEC_C62826722,DEC,C62826722
DEC_C39958785,DEC,C39958785
DEC_C63637770,DEC,C63637770
DEC_C63637772,DEC,C63637772
DEC_C63637774,DEC,C63637774
DEC_C63637775,DEC,C63637775
DEC_C63637777,DEC,C63637777
DEC_C05164040,DEC,C05164040
DEC_C04812811,DEC,C04812811
DEC_C63781727,DEC,C63781727
DEC_C01273514,DEC,C01273514
DEC_C64788621,DEC,C64788621
DEC_C65238220,DEC,C65238220
DEC_C66740628,DEC,C66740628
DEC_C66741176,DEC,C66741176
DEC_C66952877,DEC,C66952877
DEC_C03306810,DEC,C03306810
DEC_C01094235,DEC,C01094235
DEC_C01094236,DEC,C01094236
DEC_C03322121,DEC,C03322121
DEC_C06578276,DEC,C06578276
DEC_C08254688,DEC,C08254688
DEC_C08636479,DEC,C08636479
DEC_C08748657,DEC,C08748657
DEC_C09144728,DEC,C09144728
DEC_C09706085,DEC,C09706085
DEC_C09905866,DEC,C09905866
DEC_C10125418,DEC,C10125418
DEC_C15387968,DEC,C15387968
DEC_C17315572,DEC,C17315572
DEC_C18243446,DEC,C18243446
DEC_C20130079,DEC,C20130079
DEC_C20835512,DEC,C20835512
DEC_C21993500,DEC,C21993500
DEC_C22617733,DEC,C22617733
DEC_C23358026,DEC,C23358026
DEC_C25518527,DEC,C25518527
DEC_C26109371,DEC,C26109371
DEC_C34779536,DEC,C34779536
DEC_C34783225,DEC,C34783225
DEC_C32776031,DEC,C32776031
DEC_C34898312,DEC,C34898312
DEC_C04879311,DEC,C04879311
DEC_C36539970,DEC,C36539970
DEC_C37262674,DEC,C37262674
DEC_C39248155,DEC,C39248155
DEC_C39248156,DEC,C39248156
DEC_C39252271,DEC,C39252271
DEC_C39361809,DEC,C39361809
DEC_C39415620,DEC,C39415620
DEC_C39458081,DEC,C39458081
DEC_C39470435,DEC,C39470435
DEC_C39559525,DEC,C39559525
DEC_C40073259,DEC,C40073259
DEC_C46585615,DEC,C46585615
DEC_C02240344,DEC,C02240344
DEC_C13558602,DEC,C13558602
DEC_C02782016,DEC,C02782016
DEC_C02782015,DEC,C02782015
DEC_C02782014,DEC,C02782014
DEC_C58023059,DEC,C58023059
DEC_C58157216,DEC,C58157216
DEC_C44699795,DEC,C44699795
DEC_C23021302,DEC,C23021302
DEC_C60211116,DEC,C60211116
DEC_C60385196,DEC,C60385196
DEC_C03844880,DEC,C03844880
DEC_C00289867,DEC,C00289867
DEC_C04839671,DEC,C04839671
DEC_C01736562,DEC,C01736562
DEC_C01581129,DEC,C01581129
DEC_C04774389,DEC,C04774389
DEC_C12375009,DEC,C12375009
DEC_C01718893,DEC,C01718893
DEC_C31863005,DEC,C31863005
DEC_C34089338,DEC,C34089338
DEC_C36938960,DEC,C36938960
DEC_C36964077,DEC,C36964077
DEC_C04051123,DEC,C04051123
DEC_C20436840,DEC,C20436840
DEC_C00207240,DEC,C00207240
DEC_C09024269,DEC,C09024269
DEC_C06703765,DEC,C06703765
DEC_C40217096,DEC,C40217096
DEC_C40428509,DEC,C40428509
DEC_C40537836,DEC,C40537836
DEC_C42144004,DEC,C42144004
DEC_C42603023,DEC,C42603023
DEC_C43383999,DEC,C43383999
DEC_C43384103,DEC,C43384103
DEC_C43385318,DEC,C43385318
DEC_C43668545,DEC,C43668545
DEC_C43762046,DEC,C43762046
DEC_C45285658,DEC,C45285658
DEC_C48546215,DEC,C48546215
DEC_C48907616,DEC,C48907616
DEC_C49206060,DEC,C49206060
DEC_C50523829,DEC,C50523829
DEC_C06315843,DEC,C06315843
DEC_C52122286,DEC,C52122286
DEC_C52813692,DEC,C52813692
DEC_C53169909,DEC,C53169909
DEC_C01036607,DEC,C01036607
DEC_C57342197,DEC,C57342197
DEC_C01281276,DEC,C01281276
DEC_C59183827,DEC,C59183827
DEC_C59505711,DEC,C59505711
DEC_C62535728,DEC,C62535728
DEC_C62535891,DEC,C62535891
DEC_C62562611,DEC,C62562611
DEC_C63063737,DEC,C63063737
DEC_C63063786,DEC,C63063786
DEC_C63063843,DEC,C63063843
DEC_C12465983,DEC,C12465983
DEC_C13687457,DEC,C13687457
DEC_C65336905,DEC,C65336905
DEC_C04081855,DEC,C04081855
DEC_C01693079,DEC,C01693079
DEC_C05242797,DEC,C05242797
DEC_C02765079,DEC,C02765079
DEC_C02765078,DEC,C02765078
DEC_C01579038,DEC,C01579038
DEC_C02754878,DEC,C02754878
DEC_C02755101,DEC,C02755101
DEC_C12913986,DEC,C12913986
DEC_C15050895,DEC,C15050895
DEC_C16478834,DEC,C16478834
DEC_C16609813,DEC,C16609813
DEC_C19894305,DEC,C19894305
DEC_C05595945,DEC,C05595945
DEC_C21790395,DEC,C21790395
DEC_C27931070,DEC,C27931070
DEC_C28466119,DEC,C28466119
DEC_C31720878,DEC,C31720878
DEC_C34938966,DEC,C34938966
DEC_C36333802,DEC,C36333802
DEC_C37055106,DEC,C37055106
DEC_C37064652,DEC,C37064652
DEC_C37928648,DEC,C37928648
DEC_C37929357,DEC,C37929357
DEC_C39422181,DEC,C39422181
DEC_C39462682,DEC,C39462682
DEC_C39465336,DEC,C39465336
DEC_C40323430,DEC,C40323430
DEC_C40327417,DEC,C40327417
DEC_C40533674,DEC,C40533674
DEC_C40560378,DEC,C40560378
DEC_C41067764,DEC,C41067764
DEC_C41990853,DEC,C41990853
DEC_C42334872,DEC,C42334872
DEC_C43726827,DEC,C43726827
DEC_C48870009,DEC,C48870009
DEC_C49061173,DEC,C49061173
DEC_C50633242,DEC,C50633242
DEC_C51351564,DEC,C51351564
DEC_C51652303,DEC,C51652303
DEC_C55575796,DEC,C55575796
DEC_C07708695,DEC,C07708695
DEC_C52431069,DEC,C52431069
DEC_C62832003,DEC,C62832003
DEC_C63182301,DEC,C63182301
DEC_C63212965,DEC,C63212965
DEC_C53150906,DEC,C53150906
DEC_C33820797,DEC,C33820797
DEC_C66230732,DEC,C66230732
DEC_C66931141,DEC,C66931141
DEC_C04155573,DEC,C04155573
DEC_C05095143,DEC,C05095143
DEC_C01610826,DEC,C01610826
DEC_C05956701,DEC,C05956701
DEC_C03885853,DEC,C03885853
DEC_C03885823,DEC,C03885823
DEC_C06659313,DEC,C06659313
DEC_C08922416,DEC,C08922416
DEC_C09514457,DEC,C09514457
DEC_C12083759,DEC,C12083759
DEC_C06933853,DEC,C06933853
DEC_C17070426,DEC,C17070426
DEC_C17212728,DEC,C17212728
DEC_C09015432,DEC,C09015432
DEC_C18195629,DEC,C18195629
DEC_C18336895,DEC,C18336895
DEC_C23619202,DEC,C23619202
DEC_C03194470,DEC,C03194470
DEC_C08483365,DEC,C08483365
DEC_C26556916,DEC,C26556916
DEC_C29985242,DEC,C29985242
DEC_C08236380,DEC,C08236380
DEC_C36008367,DEC,C36008367
DEC_C36369664,DEC,C36369664
DEC_C03626046,DEC,C03626046
DEC_C39015529,DEC,C39015529
DEC_C39015531,DEC,C39015531
DEC_C39016138,DEC,C39016138
DEC_C39481127,DEC,C39481127
DEC_C39722318,DEC,C39722318
DEC_C39856275,DEC,C39856275
DEC_C40757806,DEC,C40757806
DEC_C40784759,DEC,C40784759
DEC_C40793786,DEC,C40793786
DEC_C40824366,DEC,C40824366
DEC_C44990206,DEC,C44990206
DEC_C47272775,DEC,C47272775
DEC_C18201262,DEC,C18201262
DEC_C20799941,DEC,C20799941
DEC_C55436633,DEC,C55436633
DEC_C12324018,DEC,C12324018
DEC_C10735526,DEC,C10735526
DEC_C58380976,DEC,C58380976
DEC_C54681417,DEC,C54681417
DEC_C39217323,DEC,C39217323
DEC_C65384823,DEC,C65384823
DEC_C65504109,DEC,C65504109
DEC_C65513013,DEC,C65513013
DEC_C66220197,DEC,C66220197
DEC_C66671916,DEC,C66671916
DEC_C04073807,DEC,C04073807
DEC_C04081849,DEC,C04081849
DEC_C01432054,DEC,C01432054
DEC_C05505987,DEC,C05505987
DEC_C05667879,DEC,C05667879
DEC_C05667881,DEC,C05667881
DEC_C05667885,DEC,C05667885
DEC_C08886806,DEC,C08886806
DEC_C08886808,DEC,C08886808
DEC_C12358923,DEC,C12358923
DEC_C12545281,DEC,C12545281
DEC_C06108828,DEC,C06108828
DEC_C13154503,DEC,C13154503
DEC_C16525299,DEC,C16525299
DEC_C18200229,DEC,C18200229
DEC_C18263623,DEC,C18263623
DEC_C19418685,DEC,C19418685
DEC_C19797049,DEC,C19797049
DEC_C21247264,DEC,C21247264
DEC_C21318570,DEC,C21318570
DEC_C23296123,DEC,C23296123
DEC_C26580681,DEC,C26580681
DEC_C29575774,DEC,C29575774
DEC_C29627439,DEC,C29627439
DEC_C31853515,DEC,C31853515
DEC_C35375093,DEC,C35375093
DEC_C03846493,DEC,C03846493
DEC_C36034007,DEC,C36034007
DEC_C03595297,DEC,C03595297
DEC_C08609947,DEC,C08609947
DEC_C39373556,DEC,C39373556
DEC_C39559087,DEC,C39559087
DEC_C40497743,DEC,C40497743
DEC_C40824375,DEC,C40824375
DEC_C43465428,DEC,C43465428
DEC_C08579810,DEC,C08579810
DEC_C46501756,DEC,C46501756
DEC_C35375100,DEC,C35375100
DEC_C39468839,DEC,C39468839
DEC_C39029451,DEC,C39029451
DEC_C10645091,DEC,C10645091
DEC_C58949097,DEC,C58949097
DEC_C60168642,DEC,C60168642
DEC_C39355951,DEC,C39355951
DEC_C39948337,DEC,C39948337
DEC_C64749341,DEC,C64749341
DEC_C64788525,DEC,C64788525
DEC_C65031743,DEC,C65031743
DEC_C66678764,DEC,C66678764
DEC_C67592107,DEC,C67592107
DEC_C05373412,DEC,C05373412
DEC_C05373423,DEC,C05373423
DEC_C05373435,DEC,C05373435
DEC_C01300970,DEC,C01300970
DEC_C13167420,DEC,C13167420
DEC_C13225861,DEC,C13225861
DEC_C13390267,DEC,C13390267
DEC_C16905878,DEC,C16905878
DEC_C01170356,DEC,C01170356
DEC_C20430696,DEC,C20430696
DEC_C22215804,DEC,C22215804
DEC_C27925291,DEC,C27925291
DEC_C32589743,DEC,C32589743
DEC_C32597623,DEC,C32597623
DEC_C36322030,DEC,C36322030
DEC_C37454282,DEC,C37454282
DEC_C37832432,DEC,C37832432
DEC_C40165827,DEC,C40165827
DEC_C40446655,DEC,C40446655
DEC_C41876460,DEC,C41876460
DEC_C41877033,DEC,C41877033
DEC_C41881776,DEC,C41881776
DEC_C41987178,DEC,C41987178
DEC_C42233217,DEC,C42233217
DEC_C42266800,DEC,C42266800
DEC_C42280926,DEC,C42280926
DEC_C48487553,DEC,C48487553
DEC_C48505871,DEC,C48505871
DEC_C48949726,DEC,C48949726
DEC_C49691050,DEC,C49691050
DEC_C49691051,DEC,C49691051
DEC_C51173434,DEC,C51173434
DEC_C51393726,DEC,C51393726
DEC_C53199189,DEC,C53199189
DEC_C54295113,DEC,C54295113
DEC_C57339615,DEC,C57339615
DEC_C48461043,DEC,C48461043
DEC_C61450178,DEC,C61450178
DEC_C61690184,DEC,C61690184
DEC_C61693045,DEC,C61693045
DEC_C62914780,DEC,C62914780
DEC_C62915336,DEC,C62915336
DEC_C62915337,DEC,C62915337
DEC_C63277948,DEC,C63277948
DEC_C64696858,DEC,C64696858
DEC_C65147743,DEC,C65147743
DEC_C65536304,DEC,C65536304
DEC_C66003835,DEC,C66003835
DEC_C66503842,DEC,C66503842
DEC_C66503855,DEC,C66503855
DEC_C04873325,DEC,C04873325
DEC_C00440077,DEC,C00440077
DEC_C05033747,DEC,C05033747
DEC_C05648295,DEC,C05648295
DEC_C06108353,DEC,C06108353
DEC_C06394928,DEC,C06394928
DEC_C06509016,DEC,C06509016
DEC_C07716218,DEC,C07716218
DEC_C00558950,DEC,C00558950
DEC_C15396571,DEC,C15396571
DEC_C20277647,DEC,C20277647
DEC_C20613522,DEC,C20613522
DEC_C32005111,DEC,C32005111
DEC_C32898950,DEC,C32898950
DEC_C36203393,DEC,C36203393
DEC_C36685786,DEC,C36685786
DEC_C18094148,DEC,C18094148
DEC_C37915579,DEC,C37915579
DEC_C37915584,DEC,C37915584
DEC_C39847066,DEC,C39847066
DEC_C39847100,DEC,C39847100
DEC_C40882256,DEC,C40882256
DEC_C41012922,DEC,C41012922
DEC_C42418351,DEC,C42418351
DEC_C43687386,DEC,C43687386
DEC_C44598994,DEC,C44598994
DEC_C44674953,DEC,C44674953
DEC_C45584485,DEC,C45584485
DEC_C45630197,DEC,C45630197
DEC_C45698596,DEC,C45698596
DEC_C48366347,DEC,C48366347
DEC_C49752681,DEC,C49752681
DEC_C50670212,DEC,C50670212
DEC_C51927580,DEC,C51927580
DEC_C57666062,DEC,C57666062
DEC_C58855404,DEC,C58855404
DEC_C59464619,DEC,C59464619
DEC_C13320721,DEC,C13320721
DEC_C36635751,DEC,C36635751
DEC_C61600573,DEC,C61600573
DEC_C62551897,DEC,C62551897
DEC_C62689584,DEC,C62689584
DEC_C41284094,DEC,C41284094
DEC_C04593014,DEC,C04593014
DEC_C63723535,DEC,C63723535
DEC_C58293258,DEC,C58293258
DEC_C36635380,DEC,C36635380
DEC_C65343673,DEC,C65343673
DEC_C66680227,DEC,C66680227
DEC_C66739298,DEC,C66739298
DEC_C00196691,DEC,C00196691
DEC_C02350928,DEC,C02350928
DEC_C00493704,DEC,C00493704
DEC_C04854723,DEC,C04854723
DEC_C05069723,DEC,C05069723
DEC_C05340043,DEC,C05340043
DEC_C05785168,DEC,C05785168
DEC_C06678837,DEC,C06678837
DEC_C07375573,DEC,C07375573
DEC_C08015913,DEC,C08015913
DEC_C00616336,DEC,C00616336
DEC_C12923658,DEC,C12923658
DEC_C07048005,DEC,C07048005
DEC_C13651305,DEC,C13651305
DEC_C14160930,DEC,C14160930
DEC_C14824333,DEC,C14824333
DEC_C15156387,DEC,C15156387
DEC_C19485062,DEC,C19485062
DEC_C20191205,DEC,C20191205
DEC_C21008043,DEC,C21008043
DEC_C36736357,DEC,C36736357
DEC_C19129309,DEC,C19129309
DEC_C37577925,DEC,C37577925
DEC_C38777193,DEC,C38777193
DEC_C40510891,DEC,C40510891
DEC_C40517082,DEC,C40517082
DEC_C40731999,DEC,C40731999
DEC_C42016093,DEC,C42016093
DEC_C42026520,DEC,C42026520
DEC_C44260399,DEC,C44260399
DEC_C45626352,DEC,C45626352
DEC_C48364828,DEC,C48364828
DEC_C52390915,DEC,C52390915
DEC_C52645353,DEC,C52645353
DEC_C52844921,DEC,C52844921
DEC_C53168460,DEC,C53168460
DEC_C55334662,DEC,C55334662
DEC_C57992082,DEC,C57992082
DEC_C24056537,DEC,C24056537
DEC_C61957794,DEC,C61957794
DEC_C62496473,DEC,C62496473
DEC_C00472341,DEC,C00472341
DEC_C00052177,DEC,C00052177
DEC_C06681848,DEC,C06681848
DEC_C06420757,DEC,C06420757
DEC_C32558252,DEC,C32558252
DEC_C64391275,DEC,C64391275
DEC_C04147643,DEC,C04147643
DEC_C66255621,DEC,C66255621
DEC_C66483251,DEC,C66483251
DEC_C03909714,DEC,C03909714
DEC_C00274662,DEC,C00274662
DEC_C00059246,DEC,C00059246
DEC_C00108653,DEC,C00108653
DEC_C01425725,DEC,C01425725
DEC_C00221528,DEC,C00221528
DEC_C05123081,DEC,C05123081
DEC_C06921133,DEC,C06921133
DEC_C09484434,DEC,C09484434
DEC_C11568476,DEC,C11568476
DEC_C13005279,DEC,C13005279
DEC_C14477928,DEC,C14477928
DEC_C14550684,DEC,C14550684
DEC_C15900684,DEC,C15900684
DEC_C15942393,DEC,C15942393
DEC_C01573970,DEC,C01573970
DEC_C09694593,DEC,C09694593
DEC_C09694595,DEC,C09694595
DEC_C19152649,DEC,C19152649
DEC_C20679618,DEC,C20679618
DEC_C20986206,DEC,C20986206
DEC_C21313756,DEC,C21313756
DEC_C26721056,DEC,C26721056
DEC_C35935062,DEC,C35935062
DEC_C00390247,DEC,C00390247
DEC_C37987098,DEC,C37987098
DEC_C39955292,DEC,C39955292
DEC_C40816512,DEC,C40816512
DEC_C42867038,DEC,C42867038
DEC_C44749563,DEC,C44749563
DEC_C45626305,DEC,C45626305
DEC_C45626312,DEC,C45626312
DEC_C47561889,DEC,C47561889
DEC_C48735808,DEC,C48735808
DEC_C56135152,DEC,C56135152
DEC_C56813801,DEC,C56813801
DEC_C56905051,DEC,C56905051
DEC_C57931510,DEC,C57931510
DEC_C23951919,DEC,C23951919
DEC_C58413765,DEC,C58413765
DEC_C43435091,DEC,C43435091
DEC_C03468634,DEC,C03468634
DEC_C48192581,DEC,C48192581
DEC_C61874797,DEC,C61874797
DEC_C62770522,DEC,C62770522
DEC_C63406434,DEC,C63406434
DEC_C64677087,DEC,C64677087
DEC_C65456112,DEC,C65456112
DEC_C67380797,DEC,C67380797
DEC_C67591242,DEC,C67591242
DEC_C00078390,DEC,C00078390
DEC_C00548390,DEC,C00548390
DEC_C00309637,DEC,C00309637
DEC_C04194079,DEC,C04194079
DEC_C05133724,DEC,C05133724
DEC_C00982332,DEC,C00982332
DEC_C03141982,DEC,C03141982
DEC_C06661140,DEC,C06661140
DEC_C06805770,DEC,C06805770
DEC_C00257425,DEC,C00257425
DEC_C09118059,DEC,C09118059
DEC_C09823528,DEC,C09823528
DEC_C16649740,DEC,C16649740
DEC_C05799164,DEC,C05799164
DEC_C22133182,DEC,C22133182
DEC_C07094478,DEC,C07094478
DEC_C33127695,DEC,C33127695
DEC_C33419217,DEC,C33419217
DEC_C34791315,DEC,C34791315
DEC_C36277819,DEC,C36277819
DEC_C00343713,DEC,C00343713
DEC_C40779150,DEC,C40779150
DEC_C41462282,DEC,C41462282
DEC_C41600280,DEC,C41600280
DEC_C42013907,DEC,C42013907
DEC_C42014229,DEC,C42014229
DEC_C42014660,DEC,C42014660
DEC_C42016561,DEC,C42016561
DEC_C42016565,DEC,C42016565
DEC_C43761841,DEC,C43761841
DEC_C44874096,DEC,C44874096
DEC_C45626220,DEC,C45626220
DEC_C48388263,DEC,C48388263
DEC_C04944176,DEC,C04944176
DEC_C04944290,DEC,C04944290
DEC_C11334127,DEC,C11334127
DEC_C58563980,DEC,C58563980
DEC_C34928933,DEC,C34928933
DEC_C61979729,DEC,C61979729
DEC_C36357802,DEC,C36357802
DEC_C04312117,DEC,C04312117
DEC_C00076387,DEC,C00076387
DEC_C00076387,DEC,C00076387
DEC_C36358031,DEC,C36358031
DEC_C65302870,DEC,C65302870
DEC_C52392319,DEC,C52392319
DEC_C65769062,DEC,C65769062
DEC_C66763766,DEC,C66763766
DEC_C67545460,DEC,C67545460
DEC_C67621088,DEC,C67621088
DEC_C04673549,DEC,C04673549
DEC_C03528253,DEC,C03528253
DEC_C12743893,DEC,C12743893
DEC_C13284626,DEC,C13284626
DEC_C15082605,DEC,C15082605
DEC_C00244214,DEC,C00244214
DEC_C00300796,DEC,C00300796
DEC_C08325481,DEC,C08325481
DEC_C08616127,DEC,C08616127
DEC_C16844632,DEC,C16844632
DEC_C20187051,DEC,C20187051
DEC_C25581371,DEC,C25581371
DEC_C25581378,DEC,C25581378
DEC_C27062082,DEC,C27062082
DEC_C32537243,DEC,C32537243
DEC_C32651381,DEC,C32651381
DEC_C32911351,DEC,C32911351
DEC_C35624183,DEC,C35624183
DEC_C36990555,DEC,C36990555
DEC_C37059010,DEC,C37059010
DEC_C37104022,DEC,C37104022
DEC_C37332103,DEC,C37332103
DEC_C02638604,DEC,C02638604
DEC_C39413150,DEC,C39413150
DEC_C39579890,DEC,C39579890
DEC_C39709183,DEC,C39709183
DEC_C09218454,DEC,C09218454
DEC_C40437326,DEC,C40437326
DEC_C40879415,DEC,C40879415
DEC_C42012505,DEC,C42012505
DEC_C44137345,DEC,C44137345
DEC_C44348631,DEC,C44348631
DEC_C44730938,DEC,C44730938
DEC_C48619782,DEC,C48619782
DEC_C48783557,DEC,C48783557
DEC_C49000164,DEC,C49000164
DEC_C50268426,DEC,C50268426
DEC_C50517481,DEC,C50517481
DEC_C01390667,DEC,C01390667
DEC_C51036708,DEC,C51036708
DEC_C52222341,DEC,C52222341
DEC_C54552095,DEC,C54552095
DEC_C57346121,DEC,C57346121
DEC_C59371546,DEC,C59371546
DEC_C60280929,DEC,C60280929
DEC_C61496539,DEC,C61496539
DEC_C61569841,DEC,C61569841
DEC_C61844575,DEC,C61844575
DEC_C63038252,DEC,C63038252
DEC_C67649344,DEC,C67649344
DEC_C00848936,DEC,C00848936
DEC_C05252220,DEC,C05252220
DEC_C06083974,DEC,C06083974
DEC_C06312308,DEC,C06312308
DEC_C02782526,DEC,C02782526
DEC_C08656825,DEC,C08656825
DEC_C12083090,DEC,C12083090
DEC_C12585623,DEC,C12585623
DEC_C13540538,DEC,C13540538
DEC_C13697049,DEC,C13697049
DEC_C15018349,DEC,C15018349
DEC_C19959661,DEC,C19959661
DEC_C19959669,DEC,C19959669
DEC_C22701159,DEC,C22701159
DEC_C24020596,DEC,C24020596
DEC_C24152213,DEC,C24152213
DEC_C31836426,DEC,C31836426
DEC_C31836792,DEC,C31836792
DEC_C33011310,DEC,C33011310
DEC_C38742877,DEC,C38742877
DEC_C38744659,DEC,C38744659
DEC_C38798963,DEC,C38798963
DEC_C38980830,DEC,C38980830
DEC_C39443270,DEC,C39443270
DEC_C12791205,DEC,C12791205
DEC_C39977788,DEC,C39977788
DEC_C40526292,DEC,C40526292
DEC_C40621889,DEC,C40621889
DEC_C44449517,DEC,C44449517
DEC_C04425457,DEC,C04425457
DEC_C17784673,DEC,C17784673
DEC_C00936937,DEC,C00936937
DEC_C54451838,DEC,C54451838
DEC_C54645484,DEC,C54645484
DEC_C54645497,DEC,C54645497
DEC_C31671650,DEC,C31671650
DEC_C13637601,DEC,C13637601
DEC_C60355943,DEC,C60355943
DEC_C29869468,DEC,C29869468
DEC_C62642528,DEC,C62642528
DEC_C17075547,DEC,C17075547
DEC_C04425457,DEC,C04425457
DEC_C63275719,DEC,C63275719
DEC_C17784673,DEC,C17784673
DEC_C63477897,DEC,C63477897
DEC_C06500941,DEC,C06500941
DEC_C16001219,DEC,C16001219
DEC_C66532743,DEC,C66532743
DEC_C67128204,DEC,C67128204
DEC_C67168542,DEC,C67168542
DEC_C00797429,DEC,C00797429
DEC_C00177438,DEC,C00177438
DEC_C03439789,DEC,C03439789
DEC_C07783342,DEC,C07783342
DEC_C08236574,DEC,C08236574
DEC_C14983180,DEC,C14983180
DEC_C15865265,DEC,C15865265
DEC_C16620534,DEC,C16620534
DEC_C19789149,DEC,C19789149
DEC_C20101775,DEC,C20101775
DEC_C22590469,DEC,C22590469
DEC_C23904829,DEC,C23904829
DEC_C31660432,DEC,C31660432
DEC_C32508903,DEC,C32508903
DEC_C00801971,DEC,C00801971
DEC_C38598360,DEC,C38598360
DEC_C38742003,DEC,C38742003
DEC_C38756781,DEC,C38756781
DEC_C38775679,DEC,C38775679
DEC_C38971734,DEC,C38971734
DEC_C40608424,DEC,C40608424
DEC_C41634629,DEC,C41634629
DEC_C44114237,DEC,C44114237
DEC_C47905390,DEC,C47905390
DEC_C49455267,DEC,C49455267
DEC_C04372491,DEC,C04372491
DEC_C05737588,DEC,C05737588
DEC_C18219343,DEC,C18219343
DEC_C18190365,DEC,C18190365
DEC_C08559721,DEC,C08559721
DEC_C55826333,DEC,C55826333
DEC_C55942541,DEC,C55942541
DEC_C57101254,DEC,C57101254
DEC_C57435554,DEC,C57435554
DEC_C24008422,DEC,C24008422
DEC_C35476243,DEC,C35476243
DEC_C58197089,DEC,C58197089
DEC_C58869351,DEC,C58869351
DEC_C08304377,DEC,C08304377
DEC_C39954539,DEC,C39954539
DEC_C04171363,DEC,C04171363
DEC_C63457916,DEC,C63457916
DEC_C63466959,DEC,C63466959
DEC_C63495035,DEC,C63495035
DEC_C40267461,DEC,C40267461
DEC_C63807199,DEC,C63807199
DEC_C64436078,DEC,C64436078
DEC_C65138275,DEC,C65138275
DEC_C65381136,DEC,C65381136
DEC_C66288931,DEC,C66288931
DEC_C02601940,DEC,C02601940
DEC_C01060815,DEC,C01060815
DEC_C00178327,DEC,C00178327
DEC_C04785795,DEC,C04785795
DEC_C00309138,DEC,C00309138
DEC_C02578358,DEC,C02578358
DEC_C05261920,DEC,C05261920
DEC_C07813408,DEC,C07813408
DEC_C09494654,DEC,C09494654
DEC_C09520352,DEC,C09520352
DEC_C09739408,DEC,C09739408
DEC_C10537541,DEC,C10537541
DEC_C12417053,DEC,C12417053
DEC_C04249381,DEC,C04249381
DEC_C14471646,DEC,C14471646
DEC_C20607197,DEC,C20607197
DEC_C21294961,DEC,C21294961
DEC_C22958751,DEC,C22958751
DEC_C23606983,DEC,C23606983
DEC_C24152432,DEC,C24152432
DEC_C31625139,DEC,C31625139
DEC_C31625156,DEC,C31625156
DEC_C33280089,DEC,C33280089
DEC_C34727035,DEC,C34727035
DEC_C00556105,DEC,C00556105
DEC_C05577851,DEC,C05577851
DEC_C12338907,DEC,C12338907
DEC_C38588007,DEC,C38588007
DEC_C38745477,DEC,C38745477
DEC_C39337489,DEC,C39337489
DEC_C39771556,DEC,C39771556
DEC_C40091204,DEC,C40091204
DEC_C40713397,DEC,C40713397
DEC_C52324862,DEC,C52324862
DEC_C10536877,DEC,C10536877
DEC_C48316538,DEC,C48316538
DEC_C58530864,DEC,C58530864
DEC_C13582351,DEC,C13582351
DEC_C39024827,DEC,C39024827
DEC_C64926403,DEC,C64926403
DEC_C65257732,DEC,C65257732
DEC_C65260724,DEC,C65260724
DEC_C65385083,DEC,C65385083
DEC_C65404940,DEC,C65404940
DEC_C65406166,DEC,C65406166
DEC_C56875361,DEC,C56875361
DEC_C66057741,DEC,C66057741
DEC_C66246976,DEC,C66246976
DEC_C67031406,DEC,C67031406
DEC_C19837540,DEC,C19837540
DEC_C00107342,DEC,C00107342
DEC_C00482922,DEC,C00482922
DEC_C00050606,DEC,C00050606
DEC_C04563204,DEC,C04563204
DEC_C00312493,DEC,C00312493
DEC_C04882978,DEC,C04882978
DEC_C03442073,DEC,C03442073
DEC_C00249423,DEC,C00249423
DEC_C03442070,DEC,C03442070
DEC_C00366442,DEC,C00366442
DEC_C10343003,DEC,C10343003
DEC_C16129583,DEC,C16129583
DEC_C22115360,DEC,C22115360
DEC_C29256918,DEC,C29256918
DEC_C36148869,DEC,C36148869
DEC_C36148871,DEC,C36148871
DEC_C36148874,DEC,C36148874
DEC_C36203389,DEC,C36203389
DEC_C36924606,DEC,C36924606
DEC_C37329963,DEC,C37329963
DEC_C04074051,DEC,C04074051
DEC_C00204700,DEC,C00204700
DEC_C39523458,DEC,C39523458
DEC_C40130349,DEC,C40130349
DEC_C40445493,DEC,C40445493
DEC_C40477317,DEC,C40477317
DEC_C40535806,DEC,C40535806
DEC_C41188084,DEC,C41188084
DEC_C41249191,DEC,C41249191
DEC_C25412571,DEC,C25412571
DEC_C43150324,DEC,C43150324
DEC_C43544682,DEC,C43544682
DEC_C44826996,DEC,C44826996
DEC_C45748218,DEC,C45748218
DEC_C47926006,DEC,C47926006
DEC_C48666273,DEC,C48666273
DEC_C49506848,DEC,C49506848
DEC_C49750310,DEC,C49750310
DEC_C54910144,DEC,C54910144
DEC_C57850478,DEC,C57850478
DEC_C61487620,DEC,C61487620
DEC_C61766893,DEC,C61766893
DEC_C61890806,DEC,C61890806
DEC_C19331462,DEC,C19331462
DEC_C62552544,DEC,C62552544
DEC_C66131082,DEC,C66131082
DEC_C67026823,DEC,C67026823
DEC_C67177154,DEC,C67177154
DEC_C67513210,DEC,C67513210
DEC_C67515952,DEC,C67515952
DEC_C03846487,DEC,C03846487
DEC_C03347943,DEC,C03347943
DEC_C01631869,DEC,C01631869
DEC_C04784661,DEC,C04784661
DEC_C05517868,DEC,C05517868
DEC_C01647969,DEC,C01647969
DEC_C08346127,DEC,C08346127
DEC_C00381265,DEC,C00381265
DEC_C09822709,DEC,C09822709
DEC_C11334069,DEC,C11334069
DEC_C00475990,DEC,C00475990
DEC_C13541427,DEC,C13541427
DEC_C13985669,DEC,C13985669
DEC_C22133183,DEC,C22133183
DEC_C28078451,DEC,C28078451
DEC_C32995808,DEC,C32995808
DEC_C35937686,DEC,C35937686
DEC_C37441866,DEC,C37441866
DEC_C02228067,DEC,C02228067
DEC_C39140995,DEC,C39140995
DEC_C39315458,DEC,C39315458
DEC_C39327260,DEC,C39327260
DEC_C40569172,DEC,C40569172
DEC_C40569296,DEC,C40569296
DEC_C40725497,DEC,C40725497
DEC_C40783458,DEC,C40783458
DEC_C40796439,DEC,C40796439
DEC_C41546003,DEC,C41546003
DEC_C42014301,DEC,C42014301
DEC_C42015398,DEC,C42015398
DEC_C42028389,DEC,C42028389
DEC_C43456044,DEC,C43456044
DEC_C46088490,DEC,C46088490
DEC_C48096597,DEC,C48096597
DEC_C48866619,DEC,C48866619
DEC_C49323062,DEC,C49323062
DEC_C49960874,DEC,C49960874
DEC_C50096595,DEC,C50096595
DEC_C08765339,DEC,C08765339
DEC_C40834858,DEC,C40834858
DEC_C04944177,DEC,C04944177
DEC_C16901764,DEC,C16901764
DEC_C62362417,DEC,C62362417
DEC_C05051895,DEC,C05051895
DEC_C04721650,DEC,C04721650
DEC_C64391301,DEC,C64391301
DEC_C16901634,DEC,C16901634
DEC_C12643544,DEC,C12643544
DEC_C66929013,DEC,C66929013
DEC_C67447040,DEC,C67447040
DEC_C00242471,DEC,C00242471
DEC_C01241284,DEC,C01241284
DEC_C01248984,DEC,C01248984
DEC_C00062987,DEC,C00062987
DEC_C00269934,DEC,C00269934
DEC_C01426959,DEC,C01426959
DEC_C00040924,DEC,C00040924
DEC_C00103469,DEC,C00103469
DEC_C00103466,DEC,C00103466
DEC_C05482446,DEC,C05482446
DEC_C03288295,DEC,C03288295
DEC_C08075456,DEC,C08075456
DEC_C11730260,DEC,C11730260
DEC_C12700861,DEC,C12700861
DEC_C21809558,DEC,C21809558
DEC_C22239238,DEC,C22239238
DEC_C20276126,DEC,C20276126
DEC_C33073339,DEC,C33073339
DEC_C36290278,DEC,C36290278
DEC_C05069838,DEC,C05069838
DEC_C38600141,DEC,C38600141
DEC_C38714961,DEC,C38714961
DEC_C38601217,DEC,C38601217
DEC_C39022026,DEC,C39022026
DEC_C39862896,DEC,C39862896
DEC_C40569164,DEC,C40569164
DEC_C40797406,DEC,C40797406
DEC_C41645383,DEC,C41645383
DEC_C42015407,DEC,C42015407
DEC_C42027108,DEC,C42027108
DEC_C43866837,DEC,C43866837
DEC_C44458289,DEC,C44458289
DEC_C44981205,DEC,C44981205
DEC_C45166336,DEC,C45166336
DEC_C49932231,DEC,C49932231
DEC_C50096596,DEC,C50096596
DEC_C20672579,DEC,C20672579
DEC_C54683242,DEC,C54683242
DEC_C28352021,DEC,C28352021
DEC_C08514914,DEC,C08514914
DEC_C58235534,DEC,C58235534
DEC_C58363201,DEC,C58363201
DEC_C34928930,DEC,C34928930
DEC_C59251029,DEC,C59251029
DEC_C61500563,DEC,C61500563
DEC_C48570121,DEC,C48570121
DEC_C62497149,DEC,C62497149
DEC_C36358030,DEC,C36358030
DEC_C65302792,DEC,C65302792
DEC_C65302811,DEC,C65302811
DEC_C03850843,DEC,C03850843
DEC_C00199730,DEC,C00199730
DEC_C00477828,DEC,C00477828
DEC_C00523414,DEC,C00523414
DEC_C06556820,DEC,C06556820
DEC_C11807350,DEC,C11807350
DEC_C16771207,DEC,C16771207
DEC_C19689660,DEC,C19689660
DEC_C19974053,DEC,C19974053
DEC_C06294572,DEC,C06294572
DEC_C21876091,DEC,C21876091
DEC_C25561537,DEC,C25561537
DEC_C26492763,DEC,C26492763
DEC_C26492810,DEC,C26492810
DEC_C31907742,DEC,C31907742
DEC_C36742908,DEC,C36742908
DEC_C37018354,DEC,C37018354
DEC_C37076763,DEC,C37076763
DEC_C39315412,DEC,C39315412
DEC_C40733502,DEC,C40733502
DEC_C40733505,DEC,C40733505
DEC_C40758412,DEC,C40758412
DEC_C40780679,DEC,C40780679
DEC_C41117038,DEC,C41117038
DEC_C41117040,DEC,C41117040
DEC_C43177338,DEC,C43177338
DEC_C43177669,DEC,C43177669
DEC_C48439903,DEC,C48439903
DEC_C48655884,DEC,C48655884
DEC_C49150072,DEC,C49150072
DEC_C49541680,DEC,C49541680
DEC_C50212826,DEC,C50212826
DEC_C50530767,DEC,C50530767
DEC_C50701755,DEC,C50701755
DEC_C00090728,DEC,C00090728
DEC_C06901667,DEC,C06901667
DEC_C52860911,DEC,C52860911
DEC_C54185567,DEC,C54185567
DEC_C55163801,DEC,C55163801
DEC_C57143031,DEC,C57143031
DEC_C06195277,DEC,C06195277
DEC_C04944436,DEC,C04944436
DEC_C58950569,DEC,C58950569
DEC_C04555653,DEC,C04555653
DEC_C61373916,DEC,C61373916
DEC_C63428700,DEC,C63428700
DEC_C65921059,DEC,C65921059
DEC_C66106409,DEC,C66106409
DEC_C66158694,DEC,C66158694
DEC_C67641141,DEC,C67641141
DEC_C04082980,DEC,C04082980
DEC_C04555579,DEC,C04555579
DEC_C00846143,DEC,C00846143
DEC_C04567874,DEC,C04567874
DEC_C11665102,DEC,C11665102
DEC_C12293324,DEC,C12293324
DEC_C12293332,DEC,C12293332
DEC_C12293537,DEC,C12293537
DEC_C12293728,DEC,C12293728
DEC_C12329347,DEC,C12329347
DEC_C19220530,DEC,C19220530
DEC_C19345589,DEC,C19345589
DEC_C20562403,DEC,C20562403
DEC_C22635123,DEC,C22635123
DEC_C26494149,DEC,C26494149
DEC_C28823565,DEC,C28823565
DEC_C35368389,DEC,C35368389
DEC_C36977060,DEC,C36977060
DEC_C36977062,DEC,C36977062
DEC_C37324693,DEC,C37324693
DEC_C38591827,DEC,C38591827
DEC_C39323262,DEC,C39323262
DEC_C33936165,DEC,C33936165
DEC_C39635857,DEC,C39635857
DEC_C39969277,DEC,C39969277
DEC_C40177144,DEC,C40177144
DEC_C40633412,DEC,C40633412
DEC_C36278220,DEC,C36278220
DEC_C41153293,DEC,C41153293
DEC_C41154157,DEC,C41154157
DEC_C41154163,DEC,C41154163
DEC_C46889958,DEC,C46889958
DEC_C46889960,DEC,C46889960
DEC_C48896054,DEC,C48896054
DEC_C50361552,DEC,C50361552
DEC_C50361555,DEC,C50361555
DEC_C52879421,DEC,C52879421
DEC_C53778494,DEC,C53778494
DEC_C53847326,DEC,C53847326
DEC_C04306571,DEC,C04306571
DEC_C59170963,DEC,C59170963
DEC_C44687723,DEC,C44687723
DEC_C44687814,DEC,C44687814
DEC_C61720267,DEC,C61720267
DEC_C63194430,DEC,C63194430
DEC_C39016288,DEC,C39016288
DEC_C65248535,DEC,C65248535
DEC_C65266006,DEC,C65266006
DEC_C66396951,DEC,C66396951
DEC_C67587464,DEC,C67587464
DEC_C03978279,DEC,C03978279
DEC_C08415693,DEC,C08415693
DEC_C08723502,DEC,C08723502
DEC_C08966309,DEC,C08966309
DEC_C06474959,DEC,C06474959
DEC_C09233277,DEC,C09233277
DEC_C12361931,DEC,C12361931
DEC_C13567660,DEC,C13567660
DEC_C13572080,DEC,C13572080
DEC_C14671827,DEC,C14671827
DEC_C01199597,DEC,C01199597
DEC_C17197227,DEC,C17197227
DEC_C31160267,DEC,C31160267
DEC_C31160293,DEC,C31160293
DEC_C31160803,DEC,C31160803
DEC_C33162059,DEC,C33162059
DEC_C35270674,DEC,C35270674
DEC_C35489930,DEC,C35489930
DEC_C36378990,DEC,C36378990
DEC_C01907905,DEC,C01907905
DEC_C31160796,DEC,C31160796
DEC_C13660161,DEC,C13660161
DEC_C38166912,DEC,C38166912
DEC_C03977851,DEC,C03977851
DEC_C39352196,DEC,C39352196
DEC_C39451520,DEC,C39451520
DEC_C39480001,DEC,C39480001
DEC_C39480642,DEC,C39480642
DEC_C35465376,DEC,C35465376
DEC_C35465719,DEC,C35465719
DEC_C25548423,DEC,C25548423
DEC_C35843258,DEC,C35843258
DEC_C44963360,DEC,C44963360
DEC_C20464129,DEC,C20464129
DEC_C35851618,DEC,C35851618
DEC_C17861394,DEC,C17861394
DEC_C18046764,DEC,C18046764
DEC_C16693824,DEC,C16693824
DEC_C58450395,DEC,C58450395
DEC_C59497854,DEC,C59497854
DEC_C18219556,DEC,C18219556
DEC_C18180061,DEC,C18180061
DEC_C13304693,DEC,C13304693
DEC_C18180064,DEC,C18180064
DEC_C18180323,DEC,C18180323
DEC_C35843317,DEC,C35843317
DEC_C35843298,DEC,C35843298
DEC_C34793152,DEC,C34793152
DEC_C35851921,DEC,C35851921
DEC_C35843332,DEC,C35843332
DEC_C03886370,DEC,C03886370
DEC_C01384155,DEC,C01384155
DEC_C00277075,DEC,C00277075
DEC_C02692948,DEC,C02692948
DEC_C03073376,DEC,C03073376
DEC_C04543373,DEC,C04543373
DEC_C00569819,DEC,C00569819
DEC_C00282315,DEC,C00282315
DEC_C05440817,DEC,C05440817
DEC_C01560718,DEC,C01560718
DEC_C14473749,DEC,C14473749
DEC_C16857155,DEC,C16857155
DEC_C16991072,DEC,C16991072
DEC_C19757433,DEC,C19757433
DEC_C20058394,DEC,C20058394
DEC_C20478608,DEC,C20478608
DEC_C20586144,DEC,C20586144
DEC_C20586213,DEC,C20586213
DEC_C20751506,DEC,C20751506
DEC_C22348636,DEC,C22348636
DEC_C31919299,DEC,C31919299
DEC_C35343745,DEC,C35343745
DEC_C05236676,DEC,C05236676
DEC_C35676003,DEC,C35676003
DEC_C35415708,DEC,C35415708
DEC_C36899494,DEC,C36899494
DEC_C36923447,DEC,C36923447
DEC_C36993238,DEC,C36993238
DEC_C37288097,DEC,C37288097
DEC_C37349905,DEC,C37349905
DEC_C37401315,DEC,C37401315
DEC_C37641956,DEC,C37641956
DEC_C38052722,DEC,C38052722
DEC_C04089782,DEC,C04089782
DEC_C39510506,DEC,C39510506
DEC_C00197215,DEC,C00197215
DEC_C43596493,DEC,C43596493
DEC_C43666595,DEC,C43666595
DEC_C43666750,DEC,C43666750
DEC_C49671930,DEC,C49671930
DEC_C50039415,DEC,C50039415
DEC_C50039566,DEC,C50039566
DEC_C00542930,DEC,C00542930
DEC_C55332920,DEC,C55332920
DEC_C55334262,DEC,C55334262
DEC_C43681642,DEC,C43681642
DEC_C00584376,DEC,C00584376
DEC_C33320382,DEC,C33320382
DEC_C59500791,DEC,C59500791
DEC_C64869100,DEC,C64869100
DEC_C04150861,DEC,C04150861
DEC_C04150870,DEC,C04150870
DEC_C04284928,DEC,C04284928
DEC_C04469991,DEC,C04469991
DEC_C00709762,DEC,C00709762
DEC_C04889937,DEC,C04889937
DEC_C03482663,DEC,C03482663
DEC_C02657973,DEC,C02657973
DEC_C06680185,DEC,C06680185
DEC_C06706838,DEC,C06706838
DEC_C06915752,DEC,C06915752
DEC_C08036860,DEC,C08036860
DEC_C08442832,DEC,C08442832
DEC_C08772356,DEC,C08772356
DEC_C11996072,DEC,C11996072
DEC_C06104747,DEC,C06104747
DEC_C10395782,DEC,C10395782
DEC_C13833445,DEC,C13833445
DEC_C15181132,DEC,C15181132
DEC_C16677530,DEC,C16677530
DEC_C16769406,DEC,C16769406
DEC_C20219018,DEC,C20219018
DEC_C20676290,DEC,C20676290
DEC_C21247500,DEC,C21247500
DEC_C17157357,DEC,C17157357
DEC_C30343323,DEC,C30343323
DEC_C33271709,DEC,C33271709
DEC_C34974961,DEC,C34974961
DEC_C35934598,DEC,C35934598
DEC_C36802142,DEC,C36802142
DEC_C38519846,DEC,C38519846
DEC_C38688515,DEC,C38688515
DEC_C39358546,DEC,C39358546
DEC_C39469516,DEC,C39469516
DEC_C03459221,DEC,C03459221
DEC_C39940569,DEC,C39940569
DEC_C40144200,DEC,C40144200
DEC_C40823361,DEC,C40823361
DEC_C17303846,DEC,C17303846
DEC_C00955867,DEC,C00955867
DEC_C10840842,DEC,C10840842
DEC_C58156955,DEC,C58156955
DEC_C10722506,DEC,C10722506
DEC_C59307055,DEC,C59307055
DEC_C60100722,DEC,C60100722
DEC_C60158206,DEC,C60158206
DEC_C20716368,DEC,C20716368
DEC_C05457635,DEC,C05457635
DEC_C63709318,DEC,C63709318
DEC_C63709753,DEC,C63709753
DEC_C01405870,DEC,C01405870
DEC_C04150790,DEC,C04150790
DEC_C01054732,DEC,C01054732
DEC_C05809726,DEC,C05809726
DEC_C05675215,DEC,C05675215
DEC_C09029068,DEC,C09029068
DEC_C19314372,DEC,C19314372
DEC_C20900947,DEC,C20900947
DEC_C21895659,DEC,C21895659
DEC_C22020516,DEC,C22020516
DEC_C25261014,DEC,C25261014
DEC_C26693551,DEC,C26693551
DEC_C34799561,DEC,C34799561
DEC_C36922437,DEC,C36922437
DEC_C00440677,DEC,C00440677
DEC_C04518201,DEC,C04518201
DEC_C38089661,DEC,C38089661
DEC_C18143224,DEC,C18143224
DEC_C40485070,DEC,C40485070
DEC_C41394155,DEC,C41394155
DEC_C41497693,DEC,C41497693
DEC_C41631431,DEC,C41631431
DEC_C41892862,DEC,C41892862
DEC_C42656608,DEC,C42656608
DEC_C42669033,DEC,C42669033
DEC_C43070942,DEC,C43070942
DEC_C43235507,DEC,C43235507
DEC_C43671581,DEC,C43671581
DEC_C44214876,DEC,C44214876
DEC_C44386031,DEC,C44386031
DEC_C47415828,DEC,C47415828
DEC_C47873445,DEC,C47873445
DEC_C06845155,DEC,C06845155
DEC_C50787317,DEC,C50787317
DEC_C50787320,DEC,C50787320
DEC_C18100017,DEC,C18100017
DEC_C57926331,DEC,C57926331
DEC_C43460611,DEC,C43460611
DEC_C00227874,DEC,C00227874
DEC_C07212453,DEC,C07212453
DEC_C61325998,DEC,C61325998
DEC_C62552590,DEC,C62552590
DEC_C41284097,DEC,C41284097
DEC_C63062191,DEC,C63062191
DEC_C17107289,DEC,C17107289
DEC_C07212764,DEC,C07212764
DEC_C30542625,DEC,C30542625
DEC_C66128305,DEC,C66128305
DEC_C66596411,DEC,C66596411
DEC_C55551899,DEC,C55551899
DEC_C03589605,DEC,C03589605
DEC_C05728999,DEC,C05728999
DEC_C07154641,DEC,C07154641
DEC_C08747290,DEC,C08747290
DEC_C12860155,DEC,C12860155
DEC_C12976051,DEC,C12976051
DEC_C13637208,DEC,C13637208
DEC_C19953838,DEC,C19953838
DEC_C20096164,DEC,C20096164
DEC_C20277766,DEC,C20277766
DEC_C34717525,DEC,C34717525
DEC_C37193096,DEC,C37193096
DEC_C37552490,DEC,C37552490
DEC_C37552504,DEC,C37552504
DEC_C37577943,DEC,C37577943
DEC_C00367031,DEC,C00367031
DEC_C00538560,DEC,C00538560
DEC_C37912809,DEC,C37912809
DEC_C39330575,DEC,C39330575
DEC_C40233493,DEC,C40233493
DEC_C40290624,DEC,C40290624
DEC_C40314942,DEC,C40314942
DEC_C40346584,DEC,C40346584
DEC_C40495156,DEC,C40495156
DEC_C40838938,DEC,C40838938
DEC_C41076201,DEC,C41076201
DEC_C41107393,DEC,C41107393
DEC_C42862484,DEC,C42862484
DEC_C43410990,DEC,C43410990
DEC_C43538544,DEC,C43538544
DEC_C45207291,DEC,C45207291
DEC_C45793961,DEC,C45793961
DEC_C47828452,DEC,C47828452
DEC_C50649162,DEC,C50649162
DEC_C50751066,DEC,C50751066
DEC_C52003752,DEC,C52003752
DEC_C52004217,DEC,C52004217
DEC_C55173964,DEC,C55173964
DEC_C55187114,DEC,C55187114
DEC_C56017322,DEC,C56017322
DEC_C57873621,DEC,C57873621
DEC_C58164037,DEC,C58164037
DEC_C36854599,DEC,C36854599
DEC_C61700137,DEC,C61700137
DEC_C62363175,DEC,C62363175
DEC_C62387538,DEC,C62387538
DEC_C62497559,DEC,C62497559
DEC_C62497577,DEC,C62497577
DEC_C62497599,DEC,C62497599
DEC_C66929016,DEC,C66929016
DEC_C01695742,DEC,C01695742
DEC_C08995315,DEC,C08995315
DEC_C09114381,DEC,C09114381
DEC_C09137154,DEC,C09137154
DEC_C09111218,DEC,C09111218
DEC_C02138892,DEC,C02138892
DEC_C02138895,DEC,C02138895
DEC_C02138946,DEC,C02138946
DEC_C13644405,DEC,C13644405
DEC_C16026636,DEC,C16026636
DEC_C09331456,DEC,C09331456
DEC_C13841712,DEC,C13841712
DEC_C20835654,DEC,C20835654
DEC_C15830196,DEC,C15830196
DEC_C15830202,DEC,C15830202
DEC_C23125398,DEC,C23125398
DEC_C33301840,DEC,C33301840
DEC_C05946317,DEC,C05946317
DEC_C34789430,DEC,C34789430
DEC_C35877469,DEC,C35877469
DEC_C37626066,DEC,C37626066
DEC_C37769945,DEC,C37769945
DEC_C15952205,DEC,C15952205
DEC_C12941143,DEC,C12941143
DEC_C04275268,DEC,C04275268
DEC_C39228716,DEC,C39228716
DEC_C39855931,DEC,C39855931
DEC_C39855954,DEC,C39855954
DEC_C39964303,DEC,C39964303
DEC_C40345914,DEC,C40345914
DEC_C40704504,DEC,C40704504
DEC_C40760798,DEC,C40760798
DEC_C40824945,DEC,C40824945
DEC_C40824981,DEC,C40824981
DEC_C42910432,DEC,C42910432
DEC_C42910944,DEC,C42910944
DEC_C43025230,DEC,C43025230
DEC_C43284227,DEC,C43284227
DEC_C43291165,DEC,C43291165
DEC_C43291191,DEC,C43291191
DEC_C45076885,DEC,C45076885
DEC_C45545597,DEC,C45545597
DEC_C49087681,DEC,C49087681
DEC_C57944911,DEC,C57944911
DEC_C06952273,DEC,C06952273
DEC_C59170363,DEC,C59170363
DEC_C61700317,DEC,C61700317
DEC_C39933369,DEC,C39933369
DEC_C63795388,DEC,C63795388
DEC_C65789523,DEC,C65789523
DEC_C01621704,DEC,C01621704
DEC_C06092955,DEC,C06092955
DEC_C12632729,DEC,C12632729
DEC_C16757096,DEC,C16757096
DEC_C20396384,DEC,C20396384
DEC_C25495174,DEC,C25495174
DEC_C35137466,DEC,C35137466
DEC_C35347061,DEC,C35347061
DEC_C35358467,DEC,C35358467
DEC_C36331142,DEC,C36331142
DEC_C36742803,DEC,C36742803
DEC_C36781399,DEC,C36781399
DEC_C37486226,DEC,C37486226
DEC_C37671226,DEC,C37671226
DEC_C00972626,DEC,C00972626
DEC_C38008913,DEC,C38008913
DEC_C39335076,DEC,C39335076
DEC_C39496630,DEC,C39496630
DEC_C40347133,DEC,C40347133
DEC_C40370890,DEC,C40370890
DEC_C40376788,DEC,C40376788
DEC_C40430671,DEC,C40430671
DEC_C42027610,DEC,C42027610
DEC_C42598459,DEC,C42598459
DEC_C42804612,DEC,C42804612
DEC_C42804623,DEC,C42804623
DEC_C44792886,DEC,C44792886
DEC_C44880043,DEC,C44880043
DEC_C45092982,DEC,C45092982
DEC_C45166520,DEC,C45166520
DEC_C48705681,DEC,C48705681
DEC_C50211034,DEC,C50211034
DEC_C50376069,DEC,C50376069
DEC_C50973290,DEC,C50973290
DEC_C51093957,DEC,C51093957
DEC_C51117057,DEC,C51117057
DEC_C51127904,DEC,C51127904
DEC_C51328599,DEC,C51328599
DEC_C51988313,DEC,C51988313
DEC_C53106304,DEC,C53106304
DEC_C56806576,DEC,C56806576
DEC_C59309585,DEC,C59309585
DEC_C61099037,DEC,C61099037
DEC_C61320757,DEC,C61320757
DEC_C61595040,DEC,C61595040
DEC_C62243102,DEC,C62243102
DEC_C62319555,DEC,C62319555
DEC_C62319761,DEC,C62319761
DEC_C62834349,DEC,C62834349
DEC_C62843414,DEC,C62843414
DEC_C00420317,DEC,C00420317
DEC_C02500092,DEC,C02500092
DEC_C04179982,DEC,C04179982
DEC_C04254199,DEC,C04254199
DEC_C04346816,DEC,C04346816
DEC_C00371418,DEC,C00371418
DEC_C04645884,DEC,C04645884
DEC_C04923379,DEC,C04923379
DEC_C00437022,DEC,C00437022
DEC_C05557371,DEC,C05557371
DEC_C05734752,DEC,C05734752
DEC_C00302467,DEC,C00302467
DEC_C06527299,DEC,C06527299
DEC_C06811310,DEC,C06811310
DEC_C07303152,DEC,C07303152
DEC_C10157393,DEC,C10157393
DEC_C13011055,DEC,C13011055
DEC_C13327887,DEC,C13327887
DEC_C13615483,DEC,C13615483
DEC_C16250031,DEC,C16250031
DEC_C16948611,DEC,C16948611
DEC_C17067543,DEC,C17067543
DEC_C17070553,DEC,C17070553
DEC_C27794555,DEC,C27794555
DEC_C28629187,DEC,C28629187
DEC_C06715323,DEC,C06715323
DEC_C33321259,DEC,C33321259
DEC_C33809876,DEC,C33809876
DEC_C35889337,DEC,C35889337
DEC_C36925858,DEC,C36925858
DEC_C37316663,DEC,C37316663
DEC_C37318425,DEC,C37318425
DEC_C00608572,DEC,C00608572
DEC_C20459237,DEC,C20459237
DEC_C08594374,DEC,C08594374
DEC_C39584374,DEC,C39584374
DEC_C39862501,DEC,C39862501
DEC_C04385887,DEC,C04385887
DEC_C58175706,DEC,C58175706
DEC_C58414435,DEC,C58414435
DEC_C59431948,DEC,C59431948
DEC_C61537374,DEC,C61537374
DEC_C61697329,DEC,C61697329
DEC_C62391151,DEC,C62391151
DEC_C66253103,DEC,C66253103
DEC_C66618059,DEC,C66618059
DEC_C66671950,DEC,C66671950
DEC_C66671951,DEC,C66671951
DEC_C67088845,DEC,C67088845
DEC_C43828453,DEC,C43828453
DEC_C04090060,DEC,C04090060
DEC_C04811980,DEC,C04811980
DEC_C04962150,DEC,C04962150
DEC_C12410971,DEC,C12410971
DEC_C19681448,DEC,C19681448
DEC_C12484048,DEC,C12484048
DEC_C23334475,DEC,C23334475
DEC_C36267168,DEC,C36267168
DEC_C37542521,DEC,C37542521
DEC_C37711745,DEC,C37711745
DEC_C38050074,DEC,C38050074
DEC_C38050078,DEC,C38050078
DEC_C38050093,DEC,C38050093
DEC_C38050191,DEC,C38050191
DEC_C38050319,DEC,C38050319
DEC_C38050448,DEC,C38050448
DEC_C39531698,DEC,C39531698
DEC_C39550211,DEC,C39550211
DEC_C40366442,DEC,C40366442
DEC_C40366444,DEC,C40366444
DEC_C41069217,DEC,C41069217
DEC_C42358658,DEC,C42358658
DEC_C44232695,DEC,C44232695
DEC_C44234152,DEC,C44234152
DEC_C44255018,DEC,C44255018
DEC_C45141208,DEC,C45141208
DEC_C50660227,DEC,C50660227
DEC_C50672780,DEC,C50672780
DEC_C50672986,DEC,C50672986
DEC_C51144530,DEC,C51144530
DEC_C52094250,DEC,C52094250
DEC_C52094313,DEC,C52094313
DEC_C28923029,DEC,C28923029
DEC_C57841040,DEC,C57841040
DEC_C57845443,DEC,C57845443
DEC_C27342525,DEC,C27342525
DEC_C62235137,DEC,C62235137
DEC_C62235138,DEC,C62235138
DEC_C62564407,DEC,C62564407
DEC_C63174659,DEC,C63174659
DEC_C63213049,DEC,C63213049
DEC_C39946301,DEC,C39946301
DEC_C64733489,DEC,C64733489
DEC_C65395729,DEC,C65395729
DEC_C65425640,DEC,C65425640
DEC_C65526293,DEC,C65526293
DEC_C67267397,DEC,C67267397
DEC_C67273343,DEC,C67273343
DEC_C67305382,DEC,C67305382
DEC_C67411373,DEC,C67411373
DEC_C03984814,DEC,C03984814
DEC_C04087202,DEC,C04087202
DEC_C04261431,DEC,C04261431
DEC_C04539075,DEC,C04539075
DEC_C05872765,DEC,C05872765
DEC_C00206909,DEC,C00206909
DEC_C12330230,DEC,C12330230
DEC_C14808460,DEC,C14808460
DEC_C03719665,DEC,C03719665
DEC_C01273951,DEC,C01273951
DEC_C03852038,DEC,C03852038
DEC_C25876492,DEC,C25876492
DEC_C31947378,DEC,C31947378
DEC_C13124720,DEC,C13124720
DEC_C38533063,DEC,C38533063
DEC_C38819071,DEC,C38819071
DEC_C39467316,DEC,C39467316
DEC_C39467348,DEC,C39467348
DEC_C39467389,DEC,C39467389
DEC_C39919336,DEC,C39919336
DEC_C39919338,DEC,C39919338
DEC_C39921240,DEC,C39921240
DEC_C44563406,DEC,C44563406
DEC_C44686643,DEC,C44686643
DEC_C44924362,DEC,C44924362
DEC_C44924364,DEC,C44924364
DEC_C49563875,DEC,C49563875
DEC_C50351601,DEC,C50351601
DEC_C51036220,DEC,C51036220
DEC_C51714038,DEC,C51714038
DEC_C52094593,DEC,C52094593
DEC_C52634774,DEC,C52634774
DEC_C54242436,DEC,C54242436
DEC_C58786795,DEC,C58786795
DEC_C61592639,DEC,C61592639
DEC_C61592640,DEC,C61592640
DEC_C61592700,DEC,C61592700
DEC_C61882377,DEC,C61882377
DEC_C61913909,DEC,C61913909
DEC_C62777423,DEC,C62777423
DEC_C63020902,DEC,C63020902
DEC_C63830668,DEC,C63830668
DEC_C63869430,DEC,C63869430
DEC_C64349183,DEC,C64349183
DEC_C64349184,DEC,C64349184
DEC_C64653798,DEC,C64653798
DEC_C65968265,DEC,C65968265
DEC_C67245807,DEC,C67245807
DEC_C67305384,DEC,C67305384
DEC_C67447283,DEC,C67447283
DEC_C04222554,DEC,C04222554
DEC_C06921833,DEC,C06921833
DEC_C08317882,DEC,C08317882
DEC_C01002015,DEC,C01002015
DEC_C02231271,DEC,C02231271
DEC_C09963800,DEC,C09963800
DEC_C12225106,DEC,C12225106
DEC_C01430780,DEC,C01430780
DEC_C01430779,DEC,C01430779
DEC_C13636578,DEC,C13636578
DEC_C13639536,DEC,C13639536
DEC_C16736032,DEC,C16736032
DEC_C16800576,DEC,C16800576
DEC_C17093591,DEC,C17093591
DEC_C20467286,DEC,C20467286
DEC_C20681378,DEC,C20681378
DEC_C20681380,DEC,C20681380
DEC_C21345363,DEC,C21345363
DEC_C27267343,DEC,C27267343
DEC_C27267356,DEC,C27267356
DEC_C28347389,DEC,C28347389
DEC_C22014474,DEC,C22014474
DEC_C34785798,DEC,C34785798
DEC_C35181700,DEC,C35181700
DEC_C36289746,DEC,C36289746
DEC_C37538386,DEC,C37538386
DEC_C38995144,DEC,C38995144
DEC_C39015762,DEC,C39015762
DEC_C39405208,DEC,C39405208
DEC_C39482459,DEC,C39482459
DEC_C39559026,DEC,C39559026
DEC_C39856133,DEC,C39856133
DEC_C40758426,DEC,C40758426
DEC_C40758594,DEC,C40758594
DEC_C40824467,DEC,C40824467
DEC_C40824675,DEC,C40824675
DEC_C45694818,DEC,C45694818
DEC_C19812047,DEC,C19812047
DEC_C16692128,DEC,C16692128
DEC_C28615929,DEC,C28615929
DEC_C59373335,DEC,C59373335
DEC_C08402578,DEC,C08402578
DEC_C62520127,DEC,C62520127
DEC_C63953295,DEC,C63953295
DEC_C64024634,DEC,C64024634
DEC_C67012848,DEC,C67012848
DEC_C67193255,DEC,C67193255
DEC_C67193422,DEC,C67193422
DEC_C67193424,DEC,C67193424
DEC_C67352804,DEC,C67352804
DEC_C03838533,DEC,C03838533
DEC_C04236966,DEC,C04236966
DEC_C07258093,DEC,C07258093
DEC_C08643818,DEC,C08643818
DEC_C08748675,DEC,C08748675
DEC_C09668153,DEC,C09668153
DEC_C09868492,DEC,C09868492
DEC_C10313771,DEC,C10313771
DEC_C12496125,DEC,C12496125
DEC_C12499224,DEC,C12499224
DEC_C12499398,DEC,C12499398
DEC_C12499889,DEC,C12499889
DEC_C14307795,DEC,C14307795
DEC_C15574441,DEC,C15574441
DEC_C15574443,DEC,C15574443
DEC_C16382365,DEC,C16382365
DEC_C20755812,DEC,C20755812
DEC_C20899134,DEC,C20899134
DEC_C07031529,DEC,C07031529
DEC_C28689572,DEC,C28689572
DEC_C31167954,DEC,C31167954
DEC_C32462102,DEC,C32462102
DEC_C33171881,DEC,C33171881
DEC_C06908810,DEC,C06908810
DEC_C38999763,DEC,C38999763
DEC_C39590265,DEC,C39590265
DEC_C40166587,DEC,C40166587
DEC_C40863072,DEC,C40863072
DEC_C42937455,DEC,C42937455
DEC_C45695297,DEC,C45695297
DEC_C45695299,DEC,C45695299
DEC_C46577007,DEC,C46577007
DEC_C46795631,DEC,C46795631
DEC_C49164262,DEC,C49164262
DEC_C50389785,DEC,C50389785
DEC_C54156135,DEC,C54156135
DEC_C56644419,DEC,C56644419
DEC_C56762490,DEC,C56762490
DEC_C57275665,DEC,C57275665
DEC_C28621225,DEC,C28621225
DEC_C16185426,DEC,C16185426
DEC_C27590655,DEC,C27590655
DEC_C05612666,DEC,C05612666
DEC_C20115243,DEC,C20115243
DEC_C54314024,DEC,C54314024
DEC_C61882040,DEC,C61882040
DEC_C62715546,DEC,C62715546
DEC_C55634206,DEC,C55634206
DEC_C66051331,DEC,C66051331
DEC_C67466172,DEC,C67466172
DEC_C04177339,DEC,C04177339
DEC_C01904239,DEC,C01904239
DEC_C08718740,DEC,C08718740
DEC_C09092326,DEC,C09092326
DEC_C09128040,DEC,C09128040
DEC_C02374877,DEC,C02374877
DEC_C09456884,DEC,C09456884
DEC_C09793078,DEC,C09793078
DEC_C10464494,DEC,C10464494
DEC_C11670608,DEC,C11670608
DEC_C12807370,DEC,C12807370
DEC_C01217883,DEC,C01217883
DEC_C06089494,DEC,C06089494
DEC_C16610647,DEC,C16610647
DEC_C16612537,DEC,C16612537
DEC_C16790816,DEC,C16790816
DEC_C16852966,DEC,C16852966
DEC_C17445937,DEC,C17445937
DEC_C08566479,DEC,C08566479
DEC_C18197292,DEC,C18197292
DEC_C18199825,DEC,C18199825
DEC_C21739988,DEC,C21739988
DEC_C24225357,DEC,C24225357
DEC_C31118629,DEC,C31118629
DEC_C35031945,DEC,C35031945
DEC_C35031948,DEC,C35031948
DEC_C35682820,DEC,C35682820
DEC_C36092869,DEC,C36092869
DEC_C13597847,DEC,C13597847
DEC_C39231972,DEC,C39231972
DEC_C39327351,DEC,C39327351
DEC_C39361618,DEC,C39361618
DEC_C39363180,DEC,C39363180
DEC_C39448727,DEC,C39448727
DEC_C39895356,DEC,C39895356
DEC_C43553785,DEC,C43553785
DEC_C45520980,DEC,C45520980
DEC_C45684103,DEC,C45684103
DEC_C20757172,DEC,C20757172
DEC_C20367376,DEC,C20367376
DEC_C16286466,DEC,C16286466
DEC_C00866805,DEC,C00866805
DEC_C58152292,DEC,C58152292
DEC_C15970193,DEC,C15970193
DEC_C16286480,DEC,C16286480
DEC_C53626544,DEC,C53626544
DEC_C64392541,DEC,C64392541
DEC_C64793917,DEC,C64793917
DEC_C64870601,DEC,C64870601
DEC_C64870834,DEC,C64870834
DEC_C05049553,DEC,C05049553
DEC_C05542480,DEC,C05542480
DEC_C05744643,DEC,C05744643
DEC_C06999952,DEC,C06999952
DEC_C01083583,DEC,C01083583
DEC_C08910769,DEC,C08910769
DEC_C09129241,DEC,C09129241
DEC_C09144634,DEC,C09144634
DEC_C02370929,DEC,C02370929
DEC_C12367458,DEC,C12367458
DEC_C12569983,DEC,C12569983
DEC_C16857002,DEC,C16857002
DEC_C20527829,DEC,C20527829
DEC_C20916189,DEC,C20916189
DEC_C23632393,DEC,C23632393
DEC_C29811337,DEC,C29811337
DEC_C29811576,DEC,C29811576
DEC_C36257698,DEC,C36257698
DEC_C36491251,DEC,C36491251
DEC_C36494402,DEC,C36494402
DEC_C36527822,DEC,C36527822
DEC_C36589129,DEC,C36589129
DEC_C36821168,DEC,C36821168
DEC_C37624837,DEC,C37624837
DEC_C39704598,DEC,C39704598
DEC_C39856373,DEC,C39856373
DEC_C39895254,DEC,C39895254
DEC_C39895267,DEC,C39895267
DEC_C39930041,DEC,C39930041
DEC_C40686818,DEC,C40686818
DEC_C40701640,DEC,C40701640
DEC_C40758350,DEC,C40758350
DEC_C40758929,DEC,C40758929
DEC_C40778223,DEC,C40778223
DEC_C40783536,DEC,C40783536
DEC_C40783594,DEC,C40783594
DEC_C40794791,DEC,C40794791
DEC_C06050268,DEC,C06050268
DEC_C06050269,DEC,C06050269
DEC_C45621752,DEC,C45621752
DEC_C07718834,DEC,C07718834
DEC_C01283242,DEC,C01283242
DEC_C09459387,DEC,C09459387
DEC_C36609067,DEC,C36609067
DEC_C36609558,DEC,C36609558
DEC_C54278074,DEC,C54278074
DEC_C18201196,DEC,C18201196
DEC_C58997058,DEC,C58997058
DEC_C59830437,DEC,C59830437
DEC_C09124149,DEC,C09124149
DEC_C00911952,DEC,C00911952
DEC_C06222446,DEC,C06222446
DEC_C06934869,DEC,C06934869
DEC_C07325931,DEC,C07325931
DEC_C10961288,DEC,C10961288
DEC_C06934347,DEC,C06934347
DEC_C13628952,DEC,C13628952
DEC_C13639560,DEC,C13639560
DEC_C13639886,DEC,C13639886
DEC_C13639888,DEC,C13639888
DEC_C08709952,DEC,C08709952
DEC_C14653826,DEC,C14653826
DEC_C16060735,DEC,C16060735
DEC_C20572527,DEC,C20572527
DEC_C20681403,DEC,C20681403
DEC_C20806717,DEC,C20806717
DEC_C22018845,DEC,C22018845
DEC_C30529875,DEC,C30529875
DEC_C29811653,DEC,C29811653
DEC_C29811886,DEC,C29811886
DEC_C35365939,DEC,C35365939
DEC_C36560520,DEC,C36560520
DEC_C03978776,DEC,C03978776
DEC_C04713774,DEC,C04713774
DEC_C39371198,DEC,C39371198
DEC_C39856169,DEC,C39856169
DEC_C39856274,DEC,C39856274
DEC_C39895250,DEC,C39895250
DEC_C40682278,DEC,C40682278
DEC_C40701566,DEC,C40701566
DEC_C40758543,DEC,C40758543
DEC_C40758634,DEC,C40758634
DEC_C40761027,DEC,C40761027
DEC_C40778118,DEC,C40778118
DEC_C40783631,DEC,C40783631
DEC_C40796577,DEC,C40796577
DEC_C06050257,DEC,C06050257
DEC_C47877683,DEC,C47877683
DEC_C51033035,DEC,C51033035
DEC_C08396401,DEC,C08396401
DEC_C07963447,DEC,C07963447
DEC_C36610259,DEC,C36610259
DEC_C55941212,DEC,C55941212
DEC_C55941213,DEC,C55941213
DEC_C56709040,DEC,C56709040
DEC_C59829687,DEC,C59829687
DEC_C60106588,DEC,C60106588
DEC_C60881330,DEC,C60881330
DEC_C67193214,DEC,C67193214
DEC_C67584896,DEC,C67584896
DEC_C04142365,DEC,C04142365
DEC_C04772742,DEC,C04772742
DEC_C02857154,DEC,C02857154
DEC_C06470175,DEC,C06470175
DEC_C07975471,DEC,C07975471
DEC_C08559042,DEC,C08559042
DEC_C08764500,DEC,C08764500
DEC_C09635045,DEC,C09635045
DEC_C13985496,DEC,C13985496
DEC_C15107711,DEC,C15107711
DEC_C15938555,DEC,C15938555
DEC_C17524291,DEC,C17524291
DEC_C01102354,DEC,C01102354
DEC_C20527535,DEC,C20527535
DEC_C21741992,DEC,C21741992
DEC_C23084232,DEC,C23084232
DEC_C28361259,DEC,C28361259
DEC_C35271448,DEC,C35271448
DEC_C35313760,DEC,C35313760
DEC_C35455520,DEC,C35455520
DEC_C23449030,DEC,C23449030
DEC_C36491856,DEC,C36491856
DEC_C36491857,DEC,C36491857
DEC_C36573890,DEC,C36573890
DEC_C36590034,DEC,C36590034
DEC_C36592834,DEC,C36592834
DEC_C36594525,DEC,C36594525
DEC_C37538773,DEC,C37538773
DEC_C04697809,DEC,C04697809
DEC_C38573796,DEC,C38573796
DEC_C38573797,DEC,C38573797
DEC_C39272758,DEC,C39272758
DEC_C39345281,DEC,C39345281
DEC_C39388375,DEC,C39388375
DEC_C39969694,DEC,C39969694
DEC_C36624817,DEC,C36624817
DEC_C40735757,DEC,C40735757
DEC_C41224172,DEC,C41224172
DEC_C42660683,DEC,C42660683
DEC_C45726802,DEC,C45726802
DEC_C46778654,DEC,C46778654
DEC_C47872122,DEC,C47872122
DEC_C56160461,DEC,C56160461
DEC_C56206700,DEC,C56206700
DEC_C58948659,DEC,C58948659
DEC_C60366366,DEC,C60366366
DEC_C39561957,DEC,C39561957
DEC_C65595026,DEC,C65595026
DEC_C66939398,DEC,C66939398
DEC_C67416218,DEC,C67416218
DEC_C04541225,DEC,C04541225
DEC_C05055658,DEC,C05055658
DEC_C05664543,DEC,C05664543
DEC_C06108440,DEC,C06108440
DEC_C01646896,DEC,C01646896
DEC_C08476227,DEC,C08476227
DEC_C00958218,DEC,C00958218
DEC_C09095029,DEC,C09095029
DEC_C09151717,DEC,C09151717
DEC_C09238594,DEC,C09238594
DEC_C09425394,DEC,C09425394
DEC_C09866123,DEC,C09866123
DEC_C12973613,DEC,C12973613
DEC_C06284100,DEC,C06284100
DEC_C13569929,DEC,C13569929
DEC_C15225160,DEC,C15225160
DEC_C15239311,DEC,C15239311
DEC_C16167888,DEC,C16167888
DEC_C16872576,DEC,C16872576
DEC_C17448534,DEC,C17448534
DEC_C18493709,DEC,C18493709
DEC_C19497989,DEC,C19497989
DEC_C20027252,DEC,C20027252
DEC_C20029228,DEC,C20029228
DEC_C20503258,DEC,C20503258
DEC_C20757332,DEC,C20757332
DEC_C21742716,DEC,C21742716
DEC_C21878079,DEC,C21878079
DEC_C22985171,DEC,C22985171
DEC_C36848794,DEC,C36848794
DEC_C04166202,DEC,C04166202
DEC_C38815256,DEC,C38815256
DEC_C38826380,DEC,C38826380
DEC_C39001374,DEC,C39001374
DEC_C39279881,DEC,C39279881
DEC_C39315357,DEC,C39315357
DEC_C39469519,DEC,C39469519
DEC_C39550987,DEC,C39550987
DEC_C39561243,DEC,C39561243
DEC_C39562204,DEC,C39562204
DEC_C40814385,DEC,C40814385
DEC_C40901798,DEC,C40901798
DEC_C49402954,DEC,C49402954
DEC_C09264387,DEC,C09264387
DEC_C02420532,DEC,C02420532
DEC_C09058498,DEC,C09058498
DEC_C25014251,DEC,C25014251
DEC_C13552063,DEC,C13552063
DEC_C09308595,DEC,C09308595
DEC_C09210739,DEC,C09210739
DEC_C05084779,DEC,C05084779
DEC_C08757859,DEC,C08757859
DEC_C08881224,DEC,C08881224
DEC_C12890018,DEC,C12890018
DEC_C13473720,DEC,C13473720
DEC_C13643387,DEC,C13643387
DEC_C13650742,DEC,C13650742
DEC_C16492760,DEC,C16492760
DEC_C16957683,DEC,C16957683
DEC_C20734796,DEC,C20734796
DEC_C20873220,DEC,C20873220
DEC_C02793791,DEC,C02793791
DEC_C26805795,DEC,C26805795
DEC_C32810869,DEC,C32810869
DEC_C33595816,DEC,C33595816
DEC_C33595818,DEC,C33595818
DEC_C36056931,DEC,C36056931
DEC_C36748714,DEC,C36748714
DEC_C04475094,DEC,C04475094
DEC_C39143301,DEC,C39143301
DEC_C39143302,DEC,C39143302
DEC_C39303717,DEC,C39303717
DEC_C39330855,DEC,C39330855
DEC_C36703215,DEC,C36703215
DEC_C39531037,DEC,C39531037
DEC_C39531038,DEC,C39531038
DEC_C39534189,DEC,C39534189
DEC_C39657744,DEC,C39657744
DEC_C39867501,DEC,C39867501
DEC_C40744484,DEC,C40744484
DEC_C43227042,DEC,C43227042
DEC_C44169143,DEC,C44169143
DEC_C44169994,DEC,C44169994
DEC_C44254659,DEC,C44254659
DEC_C29134212,DEC,C29134212
DEC_C27215253,DEC,C27215253
DEC_C05318349,DEC,C05318349
DEC_C58040432,DEC,C58040432
DEC_C58687068,DEC,C58687068
DEC_C59350371,DEC,C59350371
DEC_C14158944,DEC,C14158944
DEC_C13733313,DEC,C13733313
DEC_C59876068,DEC,C59876068
DEC_C59876070,DEC,C59876070
DEC_C60039777,DEC,C60039777
DEC_C60039781,DEC,C60039781
DEC_C39939951,DEC,C39939951
DEC_C63746300,DEC,C63746300
DEC_C64055444,DEC,C64055444
DEC_C64055447,DEC,C64055447
DEC_C03840846,DEC,C03840846
DEC_C03840855,DEC,C03840855
DEC_C02502646,DEC,C02502646
DEC_C00878221,DEC,C00878221
DEC_C01042993,DEC,C01042993
DEC_C04710697,DEC,C04710697
DEC_C05698415,DEC,C05698415
DEC_C05750145,DEC,C05750145
DEC_C03331836,DEC,C03331836
DEC_C05165439,DEC,C05165439
DEC_C07884590,DEC,C07884590
DEC_C07982120,DEC,C07982120
DEC_C09497386,DEC,C09497386
DEC_C12276220,DEC,C12276220
DEC_C12276221,DEC,C12276221
DEC_C12347477,DEC,C12347477
DEC_C12375443,DEC,C12375443
DEC_C12428849,DEC,C12428849
DEC_C05658535,DEC,C05658535
DEC_C05658574,DEC,C05658574
DEC_C13640471,DEC,C13640471
DEC_C13747784,DEC,C13747784
DEC_C15082035,DEC,C15082035
DEC_C05045036,DEC,C05045036
DEC_C20020740,DEC,C20020740
DEC_C20690935,DEC,C20690935
DEC_C20693588,DEC,C20693588
DEC_C20707709,DEC,C20707709
DEC_C21508060,DEC,C21508060
DEC_C33064792,DEC,C33064792
DEC_C37392090,DEC,C37392090
DEC_C37518918,DEC,C37518918
DEC_C01199809,DEC,C01199809
DEC_C39246058,DEC,C39246058
DEC_C39544287,DEC,C39544287
DEC_C13520711,DEC,C13520711
DEC_C48399157,DEC,C48399157
DEC_C48950644,DEC,C48950644
DEC_C50650462,DEC,C50650462
DEC_C53944919,DEC,C53944919
DEC_C10431296,DEC,C10431296
DEC_C33219084,DEC,C33219084
DEC_C60582420,DEC,C60582420
DEC_C61565366,DEC,C61565366
DEC_C63161966,DEC,C63161966
DEC_C63686460,DEC,C63686460
DEC_C50557136,DEC,C50557136
DEC_C65376469,DEC,C65376469
DEC_C66402656,DEC,C66402656
DEC_C66952489,DEC,C66952489
DEC_C01435501,DEC,C01435501
DEC_C04691290,DEC,C04691290
DEC_C04934164,DEC,C04934164
DEC_C02853174,DEC,C02853174
DEC_C05943055,DEC,C05943055
DEC_C03280425,DEC,C03280425
DEC_C06496290,DEC,C06496290
DEC_C06660330,DEC,C06660330
DEC_C06725082,DEC,C06725082
DEC_C06772561,DEC,C06772561
DEC_C08283390,DEC,C08283390
DEC_C09192435,DEC,C09192435
DEC_C09764060,DEC,C09764060
DEC_C12925692,DEC,C12925692
DEC_C01158381,DEC,C01158381
DEC_C07127008,DEC,C07127008
DEC_C19796882,DEC,C19796882
DEC_C21327193,DEC,C21327193
DEC_C28535709,DEC,C28535709
DEC_C28535801,DEC,C28535801
DEC_C28536043,DEC,C28536043
DEC_C34785324,DEC,C34785324
DEC_C04279758,DEC,C04279758
DEC_C36713183,DEC,C36713183
DEC_C37360114,DEC,C37360114
DEC_C04171734,DEC,C04171734
DEC_C38806477,DEC,C38806477
DEC_C39578409,DEC,C39578409
DEC_C40426304,DEC,C40426304
DEC_C40681396,DEC,C40681396
DEC_C43668788,DEC,C43668788
DEC_C44021257,DEC,C44021257
DEC_C45263585,DEC,C45263585
DEC_C46025667,DEC,C46025667
DEC_C46705061,DEC,C46705061
DEC_C47487835,DEC,C47487835
DEC_C04685335,DEC,C04685335
DEC_C02395991,DEC,C02395991
DEC_C55196005,DEC,C55196005
DEC_C55647522,DEC,C55647522
DEC_C56714009,DEC,C56714009
DEC_C42765941,DEC,C42765941
DEC_C16578225,DEC,C16578225
DEC_C61459572,DEC,C61459572
DEC_C65360330,DEC,C65360330
DEC_C66582032,DEC,C66582032
DEC_C66671695,DEC,C66671695
DEC_C66678811,DEC,C66678811
DEC_C66679668,DEC,C66679668
DEC_C67315084,DEC,C67315084
DEC_C02568597,DEC,C02568597
DEC_C01750727,DEC,C01750727
DEC_C05734550,DEC,C05734550
DEC_C08030187,DEC,C08030187
DEC_C06627251,DEC,C06627251
DEC_C07048610,DEC,C07048610
DEC_C09117603,DEC,C09117603
DEC_C16880973,DEC,C16880973
DEC_C18194435,DEC,C18194435
DEC_C19926956,DEC,C19926956
DEC_C20303097,DEC,C20303097
DEC_C21510819,DEC,C21510819
DEC_C29624709,DEC,C29624709
DEC_C35453352,DEC,C35453352
DEC_C36296316,DEC,C36296316
DEC_C37428859,DEC,C37428859
DEC_C08691668,DEC,C08691668
DEC_C05667092,DEC,C05667092
DEC_C40515707,DEC,C40515707
DEC_C40680482,DEC,C40680482
DEC_C40701623,DEC,C40701623
DEC_C40755787,DEC,C40755787
DEC_C40780819,DEC,C40780819
DEC_C42840245,DEC,C42840245
DEC_C43540868,DEC,C43540868
DEC_C43631863,DEC,C43631863
DEC_C44792340,DEC,C44792340
DEC_C47097978,DEC,C47097978
DEC_C47534670,DEC,C47534670
DEC_C48737518,DEC,C48737518
DEC_C48949553,DEC,C48949553
DEC_C49075048,DEC,C49075048
DEC_C49974370,DEC,C49974370
DEC_C50322400,DEC,C50322400
DEC_C51147989,DEC,C51147989
DEC_C51148877,DEC,C51148877
DEC_C51149528,DEC,C51149528
DEC_C51151411,DEC,C51151411
DEC_C05095131,DEC,C05095131
DEC_C51987193,DEC,C51987193
DEC_C54396617,DEC,C54396617
DEC_C57867801,DEC,C57867801
DEC_C20595708,DEC,C20595708
DEC_C59352962,DEC,C59352962
DEC_C00253972,DEC,C00253972
DEC_C61823948,DEC,C61823948
DEC_C16348313,DEC,C16348313
DEC_C65190625,DEC,C65190625
DEC_C66319112,DEC,C66319112
DEC_C67551159,DEC,C67551159
DEC_C01148705,DEC,C01148705
DEC_C06725077,DEC,C06725077
DEC_C07962538,DEC,C07962538
DEC_C08572643,DEC,C08572643
DEC_C09743762,DEC,C09743762
DEC_C12371655,DEC,C12371655
DEC_C12437871,DEC,C12437871
DEC_C12719947,DEC,C12719947
DEC_C06664704,DEC,C06664704
DEC_C18259466,DEC,C18259466
DEC_C05409096,DEC,C05409096
DEC_C08568272,DEC,C08568272
DEC_C20103443,DEC,C20103443
DEC_C32575642,DEC,C32575642
DEC_C36020660,DEC,C36020660
DEC_C37040237,DEC,C37040237
DEC_C18062429,DEC,C18062429
DEC_C36270474,DEC,C36270474
DEC_C39012424,DEC,C39012424
DEC_C40024004,DEC,C40024004
DEC_C40024005,DEC,C40024005
DEC_C40685866,DEC,C40685866
DEC_C40798956,DEC,C40798956
DEC_C45631731,DEC,C45631731
DEC_C47006963,DEC,C47006963
DEC_C48725677,DEC,C48725677
DEC_C48737507,DEC,C48737507
DEC_C02409193,DEC,C02409193
DEC_C04993093,DEC,C04993093
DEC_C19913712,DEC,C19913712
DEC_C04978218,DEC,C04978218
DEC_C56694489,DEC,C56694489
DEC_C16827741,DEC,C16827741
DEC_C58279365,DEC,C58279365
DEC_C58385671,DEC,C58385671
DEC_C04643791,DEC,C04643791
DEC_C58982845,DEC,C58982845
DEC_C45125705,DEC,C45125705
DEC_C45125709,DEC,C45125709
DEC_C59804170,DEC,C59804170
DEC_C61373159,DEC,C61373159
DEC_C13127478,DEC,C13127478
DEC_C13131836,DEC,C13131836
DEC_C13131864,DEC,C13131864
DEC_C13131837,DEC,C13131837
DEC_C13131836,DEC,C13131836
DEC_C66678887,DEC,C66678887
DEC_C66740246,DEC,C66740246
DEC_C66741118,DEC,C66741118
DEC_C66953043,DEC,C66953043
DEC_C02416632,DEC,C02416632
DEC_C01253522,DEC,C01253522
DEC_C02416633,DEC,C02416633
DEC_C02117737,DEC,C02117737
DEC_C09197661,DEC,C09197661
DEC_C09238575,DEC,C09238575
DEC_C09418921,DEC,C09418921
DEC_C09435606,DEC,C09435606
DEC_C10718036,DEC,C10718036
DEC_C11254246,DEC,C11254246
DEC_C12021512,DEC,C12021512
DEC_C01371629,DEC,C01371629
DEC_C12523781,DEC,C12523781
DEC_C14019483,DEC,C14019483
DEC_C14471786,DEC,C14471786
DEC_C15009693,DEC,C15009693
DEC_C16098476,DEC,C16098476
DEC_C16856566,DEC,C16856566
DEC_C16889071,DEC,C16889071
DEC_C17026690,DEC,C17026690
DEC_C20713156,DEC,C20713156
DEC_C21237408,DEC,C21237408
DEC_C21605861,DEC,C21605861
DEC_C22984326,DEC,C22984326
DEC_C23564304,DEC,C23564304
DEC_C23590143,DEC,C23590143
DEC_C09008594,DEC,C09008594
DEC_C34791854,DEC,C34791854
DEC_C16152929,DEC,C16152929
DEC_C35969219,DEC,C35969219
DEC_C36848335,DEC,C36848335
DEC_C08614460,DEC,C08614460
DEC_C08614459,DEC,C08614459
DEC_C38573381,DEC,C38573381
DEC_C38573461,DEC,C38573461
DEC_C38659106,DEC,C38659106
DEC_C38687937,DEC,C38687937
DEC_C38745154,DEC,C38745154
DEC_C39851829,DEC,C39851829
DEC_C39920658,DEC,C39920658
DEC_C40104029,DEC,C40104029
DEC_C40485078,DEC,C40485078
DEC_C40823508,DEC,C40823508
DEC_C43219048,DEC,C43219048
DEC_C44938599,DEC,C44938599
DEC_C49601565,DEC,C49601565
DEC_C06171059,DEC,C06171059
DEC_C10372711,DEC,C10372711
DEC_C59720813,DEC,C59720813
DEC_C60237906,DEC,C60237906
DEC_C04059589,DEC,C04059589
DEC_C04177491,DEC,C04177491
DEC_C04571313,DEC,C04571313
DEC_C04619850,DEC,C04619850
DEC_C04702264,DEC,C04702264
DEC_C04775575,DEC,C04775575
DEC_C05226997,DEC,C05226997
DEC_C05603814,DEC,C05603814
DEC_C05680317,DEC,C05680317
DEC_C07557803,DEC,C07557803
DEC_C03439000,DEC,C03439000
DEC_C16855301,DEC,C16855301
DEC_C17360883,DEC,C17360883
DEC_C20616627,DEC,C20616627
DEC_C22580083,DEC,C22580083
DEC_C23386185,DEC,C23386185
DEC_C29003511,DEC,C29003511
DEC_C30953490,DEC,C30953490
DEC_C17950006,DEC,C17950006
DEC_C32779477,DEC,C32779477
DEC_C13574725,DEC,C13574725
DEC_C38999678,DEC,C38999678
DEC_C39325839,DEC,C39325839
DEC_C40755306,DEC,C40755306
DEC_C43357367,DEC,C43357367
DEC_C47128517,DEC,C47128517
DEC_C47538250,DEC,C47538250
DEC_C48257558,DEC,C48257558
DEC_C50052779,DEC,C50052779
DEC_C00279809,DEC,C00279809
DEC_C28807902,DEC,C28807902
DEC_C53993874,DEC,C53993874
DEC_C54103813,DEC,C54103813
DEC_C55859935,DEC,C55859935
DEC_C06572760,DEC,C06572760
DEC_C43150708,DEC,C43150708
DEC_C58278730,DEC,C58278730
DEC_C58414325,DEC,C58414325
DEC_C04393716,DEC,C04393716
DEC_C17074038,DEC,C17074038
DEC_C21084437,DEC,C21084437
DEC_C20154715,DEC,C20154715
DEC_C59729816,DEC,C59729816
DEC_C15225481,DEC,C15225481
DEC_C61639686,DEC,C61639686
DEC_C32096281,DEC,C32096281
DEC_C15974549,DEC,C15974549
DEC_C67035556,DEC,C67035556
DEC_C67313324,DEC,C67313324
DEC_C67373849,DEC,C67373849
DEC_C01628287,DEC,C01628287
DEC_C01431478,DEC,C01431478
DEC_C06455203,DEC,C06455203
DEC_C07980820,DEC,C07980820
DEC_C03595783,DEC,C03595783
DEC_C08962084,DEC,C08962084
DEC_C13003401,DEC,C13003401
DEC_C13563864,DEC,C13563864
DEC_C16188642,DEC,C16188642
DEC_C02482017,DEC,C02482017
DEC_C25603861,DEC,C25603861
DEC_C12894338,DEC,C12894338
DEC_C33140035,DEC,C33140035
DEC_C03600662,DEC,C03600662
DEC_C37497194,DEC,C37497194
DEC_C03313893,DEC,C03313893
DEC_C38692966,DEC,C38692966
DEC_C39206523,DEC,C39206523
DEC_C38549564,DEC,C38549564
DEC_C39535131,DEC,C39535131
DEC_C39672689,DEC,C39672689
DEC_C39855497,DEC,C39855497
DEC_C39922902,DEC,C39922902
DEC_C06561661,DEC,C06561661
DEC_C40891218,DEC,C40891218
DEC_C41014100,DEC,C41014100
DEC_C44515262,DEC,C44515262
DEC_C45129468,DEC,C45129468
DEC_C47334031,DEC,C47334031
DEC_C36743937,DEC,C36743937
DEC_C49932405,DEC,C49932405
DEC_C50034731,DEC,C50034731
DEC_C21051300,DEC,C21051300
DEC_C39444607,DEC,C39444607
DEC_C57597067,DEC,C57597067
DEC_C28618508,DEC,C28618508
DEC_C58853125,DEC,C58853125
DEC_C17074548,DEC,C17074548
DEC_C60428204,DEC,C60428204
DEC_C57159215,DEC,C57159215
DEC_C62501657,DEC,C62501657
DEC_C00985594,DEC,C00985594
DEC_C38549561,DEC,C38549561
DEC_C63803314,DEC,C63803314
DEC_C64609245,DEC,C64609245
DEC_C64609247,DEC,C64609247
DEC_C65375457,DEC,C65375457
DEC_C55477447,DEC,C55477447
DEC_C66363024,DEC,C66363024
DEC_C67258062,DEC,C67258062
DEC_C04190383,DEC,C04190383
DEC_C00721323,DEC,C00721323
DEC_C04577373,DEC,C04577373
DEC_C02980016,DEC,C02980016
DEC_C03206333,DEC,C03206333
DEC_C01568069,DEC,C01568069
DEC_C03441439,DEC,C03441439
DEC_C02654404,DEC,C02654404
DEC_C08326303,DEC,C08326303
DEC_C08326322,DEC,C08326322
DEC_C10474309,DEC,C10474309
DEC_C11799210,DEC,C11799210
DEC_C11879478,DEC,C11879478
DEC_C11948866,DEC,C11948866
DEC_C12292187,DEC,C12292187
DEC_C12292294,DEC,C12292294
DEC_C13633568,DEC,C13633568
DEC_C14965877,DEC,C14965877
DEC_C16695495,DEC,C16695495
DEC_C18925429,DEC,C18925429
DEC_C20874568,DEC,C20874568
DEC_C21262811,DEC,C21262811
DEC_C22060537,DEC,C22060537
DEC_C22060540,DEC,C22060540
DEC_C22785128,DEC,C22785128
DEC_C23935736,DEC,C23935736
DEC_C17971922,DEC,C17971922
DEC_C32747149,DEC,C32747149
DEC_C35392970,DEC,C35392970
DEC_C35476909,DEC,C35476909
DEC_C37617428,DEC,C37617428
DEC_C22941992,DEC,C22941992
DEC_C39532073,DEC,C39532073
DEC_C39533023,DEC,C39533023
DEC_C40088632,DEC,C40088632
DEC_C40373138,DEC,C40373138
DEC_C40743427,DEC,C40743427
DEC_C44164208,DEC,C44164208
DEC_C44164862,DEC,C44164862
DEC_C44165862,DEC,C44165862
DEC_C44169060,DEC,C44169060
DEC_C46919111,DEC,C46919111
DEC_C50361616,DEC,C50361616
DEC_C16241302,DEC,C16241302
DEC_C58858964,DEC,C58858964
DEC_C59093128,DEC,C59093128
DEC_C62013430,DEC,C62013430
DEC_C63289535,DEC,C63289535
DEC_C63664112,DEC,C63664112
DEC_C67247421,DEC,C67247421
DEC_C04820709,DEC,C04820709
DEC_C06587259,DEC,C06587259
DEC_C06764467,DEC,C06764467
DEC_C09593346,DEC,C09593346
DEC_C15033709,DEC,C15033709
DEC_C15103865,DEC,C15103865
DEC_C20873046,DEC,C20873046
DEC_C25383104,DEC,C25383104
DEC_C27345671,DEC,C27345671
DEC_C27367876,DEC,C27367876
DEC_C30499039,DEC,C30499039
DEC_C32730476,DEC,C32730476
DEC_C35047442,DEC,C35047442
DEC_C39356209,DEC,C39356209
DEC_C39445410,DEC,C39445410
DEC_C39445411,DEC,C39445411
DEC_C39671386,DEC,C39671386
DEC_C42640224,DEC,C42640224
DEC_C43222983,DEC,C43222983
DEC_C44358047,DEC,C44358047
DEC_C44358051,DEC,C44358051
DEC_C44362027,DEC,C44362027
DEC_C46751334,DEC,C46751334
DEC_C46752933,DEC,C46752933
DEC_C47039581,DEC,C47039581
DEC_C50441403,DEC,C50441403
DEC_C55370128,DEC,C55370128
DEC_C56202222,DEC,C56202222
DEC_C56694093,DEC,C56694093
DEC_C56797254,DEC,C56797254
DEC_C57043253,DEC,C57043253
DEC_C39758910,DEC,C39758910
DEC_C63340728,DEC,C63340728
DEC_C63730274,DEC,C63730274
DEC_C64237017,DEC,C64237017
DEC_C66196919,DEC,C66196919
DEC_C66244242,DEC,C66244242
DEC_C66614297,DEC,C66614297
DEC_C66924886,DEC,C66924886
DEC_C66925563,DEC,C66925563
DEC_C66939574,DEC,C66939574
DEC_C66940492,DEC,C66940492
DEC_C66952361,DEC,C66952361
DEC_C66967851,DEC,C66967851
DEC_C67066889,DEC,C67066889
DEC_C67433435,DEC,C67433435
DEC_C67588882,DEC,C67588882
DEC_C67617658,DEC,C67617658
DEC_C67620280,DEC,C67620280
DEC_C67624381,DEC,C67624381
DEC_C02274536,DEC,C02274536
DEC_C05190809,DEC,C05190809
DEC_C09477511,DEC,C09477511
DEC_C20477758,DEC,C20477758
DEC_C24747470,DEC,C24747470
DEC_C29467211,DEC,C29467211
DEC_C30514357,DEC,C30514357
DEC_C27904833,DEC,C27904833
DEC_C36612918,DEC,C36612918
DEC_C36612921,DEC,C36612921
DEC_C36629426,DEC,C36629426
DEC_C02907759,DEC,C02907759
DEC_C39230412,DEC,C39230412
DEC_C39533668,DEC,C39533668
DEC_C39631111,DEC,C39631111
DEC_C39631641,DEC,C39631641
DEC_C39631678,DEC,C39631678
DEC_C39631816,DEC,C39631816
DEC_C39673991,DEC,C39673991
DEC_C39674022,DEC,C39674022
DEC_C39684218,DEC,C39684218
DEC_C20464660,DEC,C20464660
DEC_C40348184,DEC,C40348184
DEC_C41641935,DEC,C41641935
DEC_C43222339,DEC,C43222339
DEC_C43222873,DEC,C43222873
DEC_C43223359,DEC,C43223359
DEC_C43223441,DEC,C43223441
DEC_C44362480,DEC,C44362480
DEC_C45541461,DEC,C45541461
DEC_C46347178,DEC,C46347178
DEC_C46347179,DEC,C46347179
DEC_C46347533,DEC,C46347533
DEC_C53350444,DEC,C53350444
DEC_C55036455,DEC,C55036455
DEC_C56878239,DEC,C56878239
DEC_C32870735,DEC,C32870735
DEC_C52770182,DEC,C52770182
DEC_C60343238,DEC,C60343238
DEC_C61551354,DEC,C61551354
DEC_C61594609,DEC,C61594609
DEC_C62240773,DEC,C62240773
DEC_C63162309,DEC,C63162309
DEC_C64010241,DEC,C64010241
DEC_C65420194,DEC,C65420194
DEC_C54753828,DEC,C54753828
DEC_C67391261,DEC,C67391261
DEC_C67613792,DEC,C67613792
DEC_C67631023,DEC,C67631023
DEC_C67633628,DEC,C67633628
DEC_C08551996,DEC,C08551996
DEC_C08788870,DEC,C08788870
DEC_C02135405,DEC,C02135405
DEC_C09389487,DEC,C09389487
DEC_C11963770,DEC,C11963770
DEC_C12225037,DEC,C12225037
DEC_C12985747,DEC,C12985747
DEC_C13112549,DEC,C13112549
DEC_C13298314,DEC,C13298314
DEC_C13298315,DEC,C13298315
DEC_C13474030,DEC,C13474030
DEC_C14197471,DEC,C14197471
DEC_C16696689,DEC,C16696689
DEC_C09058750,DEC,C09058750
DEC_C20503603,DEC,C20503603
DEC_C20588982,DEC,C20588982
DEC_C20835763,DEC,C20835763
DEC_C01568071,DEC,C01568071
DEC_C23486883,DEC,C23486883
DEC_C08552275,DEC,C08552275
DEC_C38994320,DEC,C38994320
DEC_C39035093,DEC,C39035093
DEC_C39352577,DEC,C39352577
DEC_C39661856,DEC,C39661856
DEC_C39661904,DEC,C39661904
DEC_C40709496,DEC,C40709496
DEC_C40744496,DEC,C40744496
DEC_C40744516,DEC,C40744516
DEC_C40760928,DEC,C40760928
DEC_C40784878,DEC,C40784878
DEC_C40798934,DEC,C40798934
DEC_C40801530,DEC,C40801530
DEC_C50441533,DEC,C50441533
DEC_C05023001,DEC,C05023001
DEC_C57042672,DEC,C57042672
DEC_C18053659,DEC,C18053659
DEC_C43145402,DEC,C43145402
DEC_C58436565,DEC,C58436565
DEC_C58436566,DEC,C58436566
DEC_C12958096,DEC,C12958096
DEC_C63686262,DEC,C63686262
DEC_C63686263,DEC,C63686263
DEC_C64055454,DEC,C64055454
DEC_C64073398,DEC,C64073398
DEC_C39500634,DEC,C39500634
DEC_C39500635,DEC,C39500635
DEC_C40895611,DEC,C40895611
DEC_C67495476,DEC,C67495476
DEC_C67495479,DEC,C67495479
DEC_C67589426,DEC,C67589426
DEC_C04087239,DEC,C04087239
DEC_C04694255,DEC,C04694255
DEC_C08129435,DEC,C08129435
DEC_C15972191,DEC,C15972191
DEC_C19113539,DEC,C19113539
DEC_C30499953,DEC,C30499953
DEC_C32952400,DEC,C32952400
DEC_C36007382,DEC,C36007382
DEC_C36612890,DEC,C36612890
DEC_C39531570,DEC,C39531570
DEC_C39533669,DEC,C39533669
DEC_C39631363,DEC,C39631363
DEC_C39631671,DEC,C39631671
DEC_C39631800,DEC,C39631800
DEC_C39631977,DEC,C39631977
DEC_C39655781,DEC,C39655781
DEC_C39671447,DEC,C39671447
DEC_C39684058,DEC,C39684058
DEC_C40017889,DEC,C40017889
DEC_C40462947,DEC,C40462947
DEC_C40719648,DEC,C40719648
DEC_C43223261,DEC,C43223261
DEC_C43547733,DEC,C43547733
DEC_C44137426,DEC,C44137426
DEC_C45541460,DEC,C45541460
DEC_C49570840,DEC,C49570840
DEC_C01820056,DEC,C01820056
DEC_C53500787,DEC,C53500787
DEC_C53500788,DEC,C53500788
DEC_C54419210,DEC,C54419210
DEC_C55023643,DEC,C55023643
DEC_C55242783,DEC,C55242783
DEC_C56796321,DEC,C56796321
DEC_C59264560,DEC,C59264560
DEC_C60113018,DEC,C60113018
DEC_C41406058,DEC,C41406058
DEC_C63676503,DEC,C63676503
DEC_C63801465,DEC,C63801465
DEC_C64165612,DEC,C64165612
DEC_C64375476,DEC,C64375476
DEC_C65398939,DEC,C65398939
DEC_C66106446,DEC,C66106446
DEC_C66402959,DEC,C66402959
DEC_C66684666,DEC,C66684666
DEC_C66840316,DEC,C66840316
DEC_C67344636,DEC,C67344636
DEC_C67544518,DEC,C67544518
DEC_C67588027,DEC,C67588027
DEC_C67612875,DEC,C67612875
DEC_C67637995,DEC,C67637995
DEC_C04085559,DEC,C04085559
DEC_C03670382,DEC,C03670382
DEC_C05190911,DEC,C05190911
DEC_C06693059,DEC,C06693059
DEC_C08213975,DEC,C08213975
DEC_C09472911,DEC,C09472911
DEC_C09762730,DEC,C09762730
DEC_C12690723,DEC,C12690723
DEC_C13588191,DEC,C13588191
DEC_C14922642,DEC,C14922642
DEC_C20477905,DEC,C20477905
DEC_C22064462,DEC,C22064462
DEC_C22073851,DEC,C22073851
DEC_C22589476,DEC,C22589476
DEC_C22589482,DEC,C22589482
DEC_C25537172,DEC,C25537172
DEC_C26271800,DEC,C26271800
DEC_C17039536,DEC,C17039536
DEC_C28258247,DEC,C28258247
DEC_C33246841,DEC,C33246841
DEC_C01885215,DEC,C01885215
DEC_C36286151,DEC,C36286151
DEC_C36628559,DEC,C36628559
DEC_C39531064,DEC,C39531064
DEC_C39531370,DEC,C39531370
DEC_C39532118,DEC,C39532118
DEC_C39533970,DEC,C39533970
DEC_C39534157,DEC,C39534157
DEC_C40538178,DEC,C40538178
DEC_C40538180,DEC,C40538180
DEC_C40778087,DEC,C40778087
DEC_C44164109,DEC,C44164109
DEC_C44164843,DEC,C44164843
DEC_C44254466,DEC,C44254466
DEC_C44254469,DEC,C44254469
DEC_C05379291,DEC,C05379291
DEC_C55091206,DEC,C55091206
DEC_C58159977,DEC,C58159977
DEC_C58224764,DEC,C58224764
DEC_C58866805,DEC,C58866805
DEC_C20873031,DEC,C20873031
DEC_C54726014,DEC,C54726014
DEC_C63182702,DEC,C63182702
DEC_C63557619,DEC,C63557619
DEC_C63686718,DEC,C63686718
DEC_C63690769,DEC,C63690769
DEC_C64044026,DEC,C64044026
DEC_C64348803,DEC,C64348803
DEC_C65742832,DEC,C65742832
DEC_C65742906,DEC,C65742906
DEC_C04477951,DEC,C04477951
DEC_C05000301,DEC,C05000301
DEC_C06883122,DEC,C06883122
DEC_C02654574,DEC,C02654574
DEC_C07540810,DEC,C07540810
DEC_C13517346,DEC,C13517346
DEC_C13517358,DEC,C13517358
DEC_C13730630,DEC,C13730630
DEC_C14237851,DEC,C14237851
DEC_C16688426,DEC,C16688426
DEC_C20536787,DEC,C20536787
DEC_C21263418,DEC,C21263418
DEC_C36325083,DEC,C36325083
DEC_C37722326,DEC,C37722326
DEC_C37860092,DEC,C37860092
DEC_C39533482,DEC,C39533482
DEC_C40729964,DEC,C40729964
DEC_C40733213,DEC,C40733213
DEC_C40744339,DEC,C40744339
DEC_C42361776,DEC,C42361776
DEC_C42398344,DEC,C42398344
DEC_C42398540,DEC,C42398540
DEC_C43250237,DEC,C43250237
DEC_C43250349,DEC,C43250349
DEC_C43253614,DEC,C43253614
DEC_C43261749,DEC,C43261749
DEC_C43262365,DEC,C43262365
DEC_C43262372,DEC,C43262372
DEC_C43286757,DEC,C43286757
DEC_C43289333,DEC,C43289333
DEC_C43290031,DEC,C43290031
DEC_C43290035,DEC,C43290035
DEC_C43677117,DEC,C43677117
DEC_C48797797,DEC,C48797797
DEC_C48817715,DEC,C48817715
DEC_C48881933,DEC,C48881933
DEC_C48892233,DEC,C48892233
DEC_C48892298,DEC,C48892298
DEC_C48971723,DEC,C48971723
DEC_C59087478,DEC,C59087478
DEC_C59170143,DEC,C59170143
DEC_C59435031,DEC,C59435031
DEC_C51188215,DEC,C51188215
DEC_C62704714,DEC,C62704714
DEC_C63230239,DEC,C63230239
DEC_C63663935,DEC,C63663935
DEC_C66390199,DEC,C66390199
DEC_C67247637,DEC,C67247637
DEC_C67449528,DEC,C67449528
DEC_C67504122,DEC,C67504122
DEC_C06264167,DEC,C06264167
DEC_C07880033,DEC,C07880033
DEC_C08164305,DEC,C08164305
DEC_C08306816,DEC,C08306816
DEC_C08445327,DEC,C08445327
DEC_C09125645,DEC,C09125645
DEC_C09504072,DEC,C09504072
DEC_C12029582,DEC,C12029582
DEC_C12100267,DEC,C12100267
DEC_C13164799,DEC,C13164799
DEC_C13474024,DEC,C13474024
DEC_C15103227,DEC,C15103227
DEC_C15946667,DEC,C15946667
DEC_C20477704,DEC,C20477704
DEC_C29411687,DEC,C29411687
DEC_C29112855,DEC,C29112855
DEC_C06663776,DEC,C06663776
DEC_C36612879,DEC,C36612879
DEC_C36612887,DEC,C36612887
DEC_C39201034,DEC,C39201034
DEC_C39230543,DEC,C39230543
DEC_C14751746,DEC,C14751746
DEC_C39533345,DEC,C39533345
DEC_C39533381,DEC,C39533381
DEC_C39631751,DEC,C39631751
DEC_C39656050,DEC,C39656050
DEC_C39684059,DEC,C39684059
DEC_C39684060,DEC,C39684060
DEC_C39684199,DEC,C39684199
DEC_C39867003,DEC,C39867003
DEC_C12531687,DEC,C12531687
DEC_C40150061,DEC,C40150061
DEC_C40150062,DEC,C40150062
DEC_C40661802,DEC,C40661802
DEC_C40734147,DEC,C40734147
DEC_C43223263,DEC,C43223263
DEC_C54476123,DEC,C54476123
DEC_C57358747,DEC,C57358747
DEC_C58129218,DEC,C58129218
DEC_C06952237,DEC,C06952237
DEC_C59264562,DEC,C59264562
DEC_C59875418,DEC,C59875418
DEC_C47969689,DEC,C47969689
DEC_C63280879,DEC,C63280879
DEC_C64540106,DEC,C64540106
DEC_C66991734,DEC,C66991734
DEC_C67010912,DEC,C67010912
DEC_C67255074,DEC,C67255074
DEC_C67389575,DEC,C67389575
DEC_C67389873,DEC,C67389873
DEC_C04087051,DEC,C04087051
DEC_C07607146,DEC,C07607146
DEC_C08738709,DEC,C08738709
DEC_C12763114,DEC,C12763114
DEC_C20132047,DEC,C20132047
DEC_C22738652,DEC,C22738652
DEC_C27345675,DEC,C27345675
DEC_C27452672,DEC,C27452672
DEC_C29201856,DEC,C29201856
DEC_C29912570,DEC,C29912570
DEC_C42183379,DEC,C42183379
DEC_C42908569,DEC,C42908569
DEC_C43147405,DEC,C43147405
DEC_C43411136,DEC,C43411136
DEC_C43547896,DEC,C43547896
DEC_C45122678,DEC,C45122678
DEC_C45463852,DEC,C45463852
DEC_C46311664,DEC,C46311664
DEC_C46394626,DEC,C46394626
DEC_C46749732,DEC,C46749732
DEC_C45347940,DEC,C45347940
DEC_C04353985,DEC,C04353985
DEC_C50441402,DEC,C50441402
DEC_C51267847,DEC,C51267847
DEC_C53123717,DEC,C53123717
DEC_C53236605,DEC,C53236605
DEC_C53681465,DEC,C53681465
DEC_C56159565,DEC,C56159565
DEC_C57043430,DEC,C57043430
DEC_C57153940,DEC,C57153940
DEC_C57153941,DEC,C57153941
DEC_C59167193,DEC,C59167193
DEC_C47937542,DEC,C47937542
DEC_C48183696,DEC,C48183696
DEC_C61881488,DEC,C61881488
DEC_C12571288,DEC,C12571288
DEC_C39758912,DEC,C39758912
DEC_C54649855,DEC,C54649855
DEC_C66178555,DEC,C66178555
DEC_C57477805,DEC,C57477805
DEC_C66627514,DEC,C66627514
DEC_C66925376,DEC,C66925376
DEC_C67066888,DEC,C67066888
DEC_C67163816,DEC,C67163816
DEC_C67255079,DEC,C67255079
DEC_C67382899,DEC,C67382899
DEC_C67401212,DEC,C67401212
DEC_C67479368,DEC,C67479368
DEC_C67608818,DEC,C67608818
DEC_C67615620,DEC,C67615620
DEC_C06744940,DEC,C06744940
DEC_C09059011,DEC,C09059011
DEC_C09474901,DEC,C09474901
DEC_C12242969,DEC,C12242969
DEC_C12480433,DEC,C12480433
DEC_C12950908,DEC,C12950908
DEC_C03440647,DEC,C03440647
DEC_C03440650,DEC,C03440650
DEC_C13649983,DEC,C13649983
DEC_C14538210,DEC,C14538210
DEC_C16957675,DEC,C16957675
DEC_C16957677,DEC,C16957677
DEC_C09059008,DEC,C09059008
DEC_C20967894,DEC,C20967894
DEC_C28048834,DEC,C28048834
DEC_C32936857,DEC,C32936857
DEC_C33558278,DEC,C33558278
DEC_C33643336,DEC,C33643336
DEC_C36734392,DEC,C36734392
DEC_C03670354,DEC,C03670354
DEC_C39330539,DEC,C39330539
DEC_C39331065,DEC,C39331065
DEC_C39344766,DEC,C39344766
DEC_C39533955,DEC,C39533955
DEC_C39534190,DEC,C39534190
DEC_C39599257,DEC,C39599257
DEC_C39631820,DEC,C39631820
DEC_C39631827,DEC,C39631827
DEC_C39766317,DEC,C39766317
DEC_C40720401,DEC,C40720401
DEC_C40901515,DEC,C40901515
DEC_C18006989,DEC,C18006989
DEC_C30802279,DEC,C30802279
DEC_C27214849,DEC,C27214849
DEC_C44737544,DEC,C44737544
DEC_C13475849,DEC,C13475849
DEC_C15483816,DEC,C15483816
DEC_C59409175,DEC,C59409175
DEC_C59447152,DEC,C59447152
DEC_C14157379,DEC,C14157379
DEC_C13109251,DEC,C13109251
DEC_C60039721,DEC,C60039721
DEC_C39933352,DEC,C39933352
DEC_C39939484,DEC,C39939484
DEC_C39939486,DEC,C39939486
DEC_C63744055,DEC,C63744055
DEC_C63887179,DEC,C63887179
DEC_C64044025,DEC,C64044025
DEC_C64340189,DEC,C64340189
DEC_C66109747,DEC,C66109747
DEC_C04858709,DEC,C04858709
DEC_C05007058,DEC,C05007058
DEC_C06264164,DEC,C06264164
DEC_C03407266,DEC,C03407266
DEC_C08469995,DEC,C08469995
DEC_C08876738,DEC,C08876738
DEC_C09256528,DEC,C09256528
DEC_C09472929,DEC,C09472929
DEC_C09474908,DEC,C09474908
DEC_C12029578,DEC,C12029578
DEC_C12159886,DEC,C12159886
DEC_C13474013,DEC,C13474013
DEC_C12603302,DEC,C12603302
DEC_C23985964,DEC,C23985964
DEC_C29495461,DEC,C29495461
DEC_C29549476,DEC,C29549476
DEC_C06663775,DEC,C06663775
DEC_C35375041,DEC,C35375041
DEC_C13586103,DEC,C13586103
DEC_C35851991,DEC,C35851991
DEC_C36628890,DEC,C36628890
DEC_C37769933,DEC,C37769933
DEC_C04670905,DEC,C04670905
DEC_C39430997,DEC,C39430997
DEC_C39481054,DEC,C39481054
DEC_C39532122,DEC,C39532122
DEC_C39533981,DEC,C39533981
DEC_C39631744,DEC,C39631744
DEC_C39631749,DEC,C39631749
DEC_C40729619,DEC,C40729619
DEC_C40781343,DEC,C40781343
DEC_C40954777,DEC,C40954777
DEC_C41003447,DEC,C41003447
DEC_C43222442,DEC,C43222442
DEC_C43222903,DEC,C43222903
DEC_C44135646,DEC,C44135646
DEC_C44135655,DEC,C44135655
DEC_C04354028,DEC,C04354028
DEC_C51646642,DEC,C51646642
DEC_C56168654,DEC,C56168654
DEC_C10644930,DEC,C10644930
DEC_C43755023,DEC,C43755023
DEC_C63182724,DEC,C63182724
DEC_C63229093,DEC,C63229093
DEC_C63463102,DEC,C63463102
DEC_C63684002,DEC,C63684002
DEC_C64352850,DEC,C64352850
DEC_C66682045,DEC,C66682045
DEC_C67406972,DEC,C67406972
DEC_C67460867,DEC,C67460867
DEC_C02972905,DEC,C02972905
DEC_C00198312,DEC,C00198312
DEC_C00044363,DEC,C00044363
DEC_C04941460,DEC,C04941460
DEC_C01755167,DEC,C01755167
DEC_C07307243,DEC,C07307243
DEC_C00045683,DEC,C00045683
DEC_C09288043,DEC,C09288043
DEC_C11034664,DEC,C11034664
DEC_C12845184,DEC,C12845184
DEC_C08216822,DEC,C08216822
DEC_C06863676,DEC,C06863676
DEC_C17029415,DEC,C17029415
DEC_C21249446,DEC,C21249446
DEC_C22561869,DEC,C22561869
DEC_C23362811,DEC,C23362811
DEC_C25459448,DEC,C25459448
DEC_C27101389,DEC,C27101389
DEC_C37692694,DEC,C37692694
DEC_C37692695,DEC,C37692695
DEC_C08193177,DEC,C08193177
DEC_C38734921,DEC,C38734921
DEC_C39165060,DEC,C39165060
DEC_C39275896,DEC,C39275896
DEC_C39747751,DEC,C39747751
DEC_C40668309,DEC,C40668309
DEC_C42024497,DEC,C42024497
DEC_C44170646,DEC,C44170646
DEC_C44170653,DEC,C44170653
DEC_C47002193,DEC,C47002193
DEC_C52008938,DEC,C52008938
DEC_C09316267,DEC,C09316267
DEC_C57450394,DEC,C57450394
DEC_C57929188,DEC,C57929188
DEC_C58180120,DEC,C58180120
DEC_C48452941,DEC,C48452941
DEC_C45622940,DEC,C45622940
DEC_C60376725,DEC,C60376725
DEC_C05579076,DEC,C05579076
DEC_C60428207,DEC,C60428207
DEC_C21424417,DEC,C21424417
DEC_C00071170,DEC,C00071170
DEC_C26127139,DEC,C26127139
DEC_C64621385,DEC,C64621385
DEC_C65167969,DEC,C65167969
DEC_C65609780,DEC,C65609780
DEC_C65737104,DEC,C65737104
DEC_C66120024,DEC,C66120024
DEC_C67162145,DEC,C67162145
DEC_C67271018,DEC,C67271018
DEC_C08622910,DEC,C08622910
DEC_C08918464,DEC,C08918464
DEC_C09166471,DEC,C09166471
DEC_C09167178,DEC,C09167178
DEC_C01455392,DEC,C01455392
DEC_C09591717,DEC,C09591717
DEC_C10109302,DEC,C10109302
DEC_C11312974,DEC,C11312974
DEC_C12781815,DEC,C12781815
DEC_C14379190,DEC,C14379190
DEC_C15277499,DEC,C15277499
DEC_C16020973,DEC,C16020973
DEC_C16110757,DEC,C16110757
DEC_C17962004,DEC,C17962004
DEC_C20676981,DEC,C20676981
DEC_C20676985,DEC,C20676985
DEC_C20677024,DEC,C20677024
DEC_C21559532,DEC,C21559532
DEC_C21559538,DEC,C21559538
DEC_C21874119,DEC,C21874119
DEC_C21874943,DEC,C21874943
DEC_C26033876,DEC,C26033876
DEC_C28413332,DEC,C28413332
DEC_C29038010,DEC,C29038010
DEC_C30000174,DEC,C30000174
DEC_C35000553,DEC,C35000553
DEC_C35452482,DEC,C35452482
DEC_C35452728,DEC,C35452728
DEC_C35514502,DEC,C35514502
DEC_C35965172,DEC,C35965172
DEC_C36229067,DEC,C36229067
DEC_C19167722,DEC,C19167722
DEC_C01133996,DEC,C01133996
DEC_C08654536,DEC,C08654536
DEC_C38669414,DEC,C38669414
DEC_C39452222,DEC,C39452222
DEC_C39464558,DEC,C39464558
DEC_C39465796,DEC,C39465796
DEC_C39543293,DEC,C39543293
DEC_C39918788,DEC,C39918788
DEC_C33916776,DEC,C33916776
DEC_C44453343,DEC,C44453343
DEC_C45334178,DEC,C45334178
DEC_C45446769,DEC,C45446769
DEC_C45632097,DEC,C45632097
DEC_C46891726,DEC,C46891726
DEC_C09059207,DEC,C09059207
DEC_C09813748,DEC,C09813748
DEC_C58666625,DEC,C58666625
DEC_C64921373,DEC,C64921373
DEC_C08623856,DEC,C08623856
DEC_C08818478,DEC,C08818478
DEC_C08935759,DEC,C08935759
DEC_C09493362,DEC,C09493362
DEC_C09814422,DEC,C09814422
DEC_C12770563,DEC,C12770563
DEC_C12537055,DEC,C12537055
DEC_C09193040,DEC,C09193040
DEC_C09395386,DEC,C09395386
DEC_C10731794,DEC,C10731794
DEC_C14067122,DEC,C14067122
DEC_C14306158,DEC,C14306158
DEC_C14478337,DEC,C14478337
DEC_C15084749,DEC,C15084749
DEC_C15546684,DEC,C15546684
DEC_C15640628,DEC,C15640628
DEC_C15640629,DEC,C15640629
DEC_C09374680,DEC,C09374680
DEC_C20549769,DEC,C20549769
DEC_C02792339,DEC,C02792339
DEC_C20895481,DEC,C20895481
DEC_C21133563,DEC,C21133563
DEC_C21875383,DEC,C21875383
DEC_C21971010,DEC,C21971010
DEC_C22063704,DEC,C22063704
DEC_C22250449,DEC,C22250449
DEC_C28286071,DEC,C28286071
DEC_C34792601,DEC,C34792601
DEC_C34792604,DEC,C34792604
DEC_C36259932,DEC,C36259932
DEC_C38826660,DEC,C38826660
DEC_C08890509,DEC,C08890509
DEC_C39575333,DEC,C39575333
DEC_C39579871,DEC,C39579871
DEC_C39738846,DEC,C39738846
DEC_C39982719,DEC,C39982719
DEC_C40426568,DEC,C40426568
DEC_C40825728,DEC,C40825728
DEC_C33597559,DEC,C33597559
DEC_C46056174,DEC,C46056174
DEC_C00959073,DEC,C00959073
DEC_C17099248,DEC,C17099248
DEC_C57420682,DEC,C57420682
DEC_C59005077,DEC,C59005077
DEC_C59293417,DEC,C59293417
DEC_C59669817,DEC,C59669817
DEC_C60309329,DEC,C60309329
DEC_C10962880,DEC,C10962880
DEC_C63731680,DEC,C63731680
DEC_C12063451,DEC,C12063451
DEC_C02642296,DEC,C02642296
DEC_C01441057,DEC,C01441057
DEC_C01441056,DEC,C01441056
DEC_C09142744,DEC,C09142744
DEC_C14639368,DEC,C14639368
DEC_C08699835,DEC,C08699835
DEC_C13331197,DEC,C13331197
DEC_C35415366,DEC,C35415366
DEC_C35631944,DEC,C35631944
DEC_C36238831,DEC,C36238831
DEC_C37101328,DEC,C37101328
DEC_C37543771,DEC,C37543771
DEC_C37785660,DEC,C37785660
DEC_C37861822,DEC,C37861822
DEC_C40258932,DEC,C40258932
DEC_C41091006,DEC,C41091006
DEC_C41710209,DEC,C41710209
DEC_C41838669,DEC,C41838669
DEC_C41855877,DEC,C41855877
DEC_C42609786,DEC,C42609786
DEC_C43682368,DEC,C43682368
DEC_C43699031,DEC,C43699031
DEC_C44117007,DEC,C44117007
DEC_C44132289,DEC,C44132289
DEC_C44159939,DEC,C44159939
DEC_C44221097,DEC,C44221097
DEC_C44237342,DEC,C44237342
DEC_C44237351,DEC,C44237351
DEC_C44416550,DEC,C44416550
DEC_C44809143,DEC,C44809143
DEC_C45400564,DEC,C45400564
DEC_C48606757,DEC,C48606757
DEC_C48916541,DEC,C48916541
DEC_C49531412,DEC,C49531412
DEC_C49847859,DEC,C49847859
DEC_C49866756,DEC,C49866756
DEC_C52907469,DEC,C52907469
DEC_C36677011,DEC,C36677011
DEC_C58000609,DEC,C58000609
DEC_C58502375,DEC,C58502375
DEC_C42063515,DEC,C42063515
DEC_C42065116,DEC,C42065116
DEC_C42422770,DEC,C42422770
DEC_C61874822,DEC,C61874822
DEC_C62750296,DEC,C62750296
DEC_C62800364,DEC,C62800364
DEC_C62959244,DEC,C62959244
DEC_C63062841,DEC,C63062841
DEC_C66130200,DEC,C66130200
DEC_C66329687,DEC,C66329687
DEC_C04599766,DEC,C04599766
DEC_C05515439,DEC,C05515439
DEC_C05545986,DEC,C05545986
DEC_C08429519,DEC,C08429519
DEC_C08700353,DEC,C08700353
DEC_C11009936,DEC,C11009936
DEC_C12199864,DEC,C12199864
DEC_C14424285,DEC,C14424285
DEC_C15797039,DEC,C15797039
DEC_C16093956,DEC,C16093956
DEC_C19625181,DEC,C19625181
DEC_C20143890,DEC,C20143890
DEC_C24516380,DEC,C24516380
DEC_C25525542,DEC,C25525542
DEC_C26727150,DEC,C26727150
DEC_C31949196,DEC,C31949196
DEC_C35057429,DEC,C35057429
DEC_C36896997,DEC,C36896997
DEC_C36922460,DEC,C36922460
DEC_C37101536,DEC,C37101536
DEC_C37312726,DEC,C37312726
DEC_C37509624,DEC,C37509624
DEC_C00104207,DEC,C00104207
DEC_C00103054,DEC,C00103054
DEC_C04257694,DEC,C04257694
DEC_C37986037,DEC,C37986037
DEC_C01055022,DEC,C01055022
DEC_C40261805,DEC,C40261805
DEC_C40468674,DEC,C40468674
DEC_C40882347,DEC,C40882347
DEC_C41439328,DEC,C41439328
DEC_C41723520,DEC,C41723520
DEC_C41840384,DEC,C41840384
DEC_C44184719,DEC,C44184719
DEC_C44212065,DEC,C44212065
DEC_C44385612,DEC,C44385612
DEC_C45167037,DEC,C45167037
DEC_C45402852,DEC,C45402852
DEC_C47835151,DEC,C47835151
DEC_C48639996,DEC,C48639996
DEC_C50287452,DEC,C50287452
DEC_C51755671,DEC,C51755671
DEC_C52815817,DEC,C52815817
DEC_C53004703,DEC,C53004703
DEC_C54560804,DEC,C54560804
DEC_C54911710,DEC,C54911710
DEC_C57929611,DEC,C57929611
DEC_C61820941,DEC,C61820941
DEC_C62756854,DEC,C62756854
DEC_C63003197,DEC,C63003197
DEC_C02867315,DEC,C02867315
DEC_C02867316,DEC,C02867316
DEC_C04156313,DEC,C04156313
DEC_C00443301,DEC,C00443301
DEC_C04267728,DEC,C04267728
DEC_C04140488,DEC,C04140488
DEC_C04544424,DEC,C04544424
DEC_C03131541,DEC,C03131541
DEC_C02766951,DEC,C02766951
DEC_C06651696,DEC,C06651696
DEC_C01465025,DEC,C01465025
DEC_C20552432,DEC,C20552432
DEC_C21813875,DEC,C21813875
DEC_C23217996,DEC,C23217996
DEC_C25497689,DEC,C25497689
DEC_C31948959,DEC,C31948959
DEC_C31914274,DEC,C31914274
DEC_C32601748,DEC,C32601748
DEC_C35157165,DEC,C35157165
DEC_C36956670,DEC,C36956670
DEC_C37075854,DEC,C37075854
DEC_C37127182,DEC,C37127182
DEC_C00088242,DEC,C00088242
DEC_C00620386,DEC,C00620386
DEC_C39951721,DEC,C39951721
DEC_C40222104,DEC,C40222104
DEC_C40309222,DEC,C40309222
DEC_C40357016,DEC,C40357016
DEC_C40879914,DEC,C40879914
DEC_C40880152,DEC,C40880152
DEC_C40881053,DEC,C40881053
DEC_C41850891,DEC,C41850891
DEC_C49078818,DEC,C49078818
DEC_C49913315,DEC,C49913315
DEC_C50268043,DEC,C50268043
DEC_C50777847,DEC,C50777847
DEC_C50849500,DEC,C50849500
DEC_C52178758,DEC,C52178758
DEC_C52811520,DEC,C52811520
DEC_C54911513,DEC,C54911513
DEC_C02783615,DEC,C02783615
DEC_C57928793,DEC,C57928793
DEC_C07350844,DEC,C07350844
DEC_C13522222,DEC,C13522222
DEC_C61687377,DEC,C61687377
DEC_C62497889,DEC,C62497889
DEC_C62497926,DEC,C62497926
DEC_C62498008,DEC,C62498008
DEC_C62498125,DEC,C62498125
DEC_C30542551,DEC,C30542551
DEC_C03839706,DEC,C03839706
DEC_C05856270,DEC,C05856270
DEC_C08636729,DEC,C08636729
DEC_C10864580,DEC,C10864580
DEC_C12367460,DEC,C12367460
DEC_C13145816,DEC,C13145816
DEC_C13298070,DEC,C13298070
DEC_C14530979,DEC,C14530979
DEC_C03277077,DEC,C03277077
DEC_C16428423,DEC,C16428423
DEC_C17051905,DEC,C17051905
DEC_C03637696,DEC,C03637696
DEC_C20494514,DEC,C20494514
DEC_C20613830,DEC,C20613830
DEC_C20644853,DEC,C20644853
DEC_C20644861,DEC,C20644861
DEC_C24895371,DEC,C24895371
DEC_C36504786,DEC,C36504786
DEC_C36506461,DEC,C36506461
DEC_C36530114,DEC,C36530114
DEC_C36598221,DEC,C36598221
DEC_C36601339,DEC,C36601339
DEC_C39252504,DEC,C39252504
DEC_C39361542,DEC,C39361542
DEC_C39361736,DEC,C39361736
DEC_C39361743,DEC,C39361743
DEC_C39361744,DEC,C39361744
DEC_C39362036,DEC,C39362036
DEC_C39362296,DEC,C39362296
DEC_C39640329,DEC,C39640329
DEC_C39722549,DEC,C39722549
DEC_C40399554,DEC,C40399554
DEC_C40729959,DEC,C40729959
DEC_C45484648,DEC,C45484648
DEC_C45484669,DEC,C45484669
DEC_C45485203,DEC,C45485203
DEC_C18197763,DEC,C18197763
DEC_C20610662,DEC,C20610662
DEC_C09356733,DEC,C09356733
DEC_C09210711,DEC,C09210711
DEC_C19940242,DEC,C19940242
DEC_C20457638,DEC,C20457638
DEC_C58997538,DEC,C58997538
DEC_C58997556,DEC,C58997556
DEC_C59016863,DEC,C59016863
DEC_C59461818,DEC,C59461818
DEC_C15956946,DEC,C15956946
DEC_C63129339,DEC,C63129339
DEC_C39945986,DEC,C39945986
DEC_C64891175,DEC,C64891175
DEC_C04183821,DEC,C04183821
DEC_C08748879,DEC,C08748879
DEC_C34785981,DEC,C34785981
DEC_C35491156,DEC,C35491156
DEC_C37622465,DEC,C37622465
DEC_C40729220,DEC,C40729220
DEC_C42150429,DEC,C42150429
DEC_C43188344,DEC,C43188344
DEC_C43188346,DEC,C43188346
DEC_C44549909,DEC,C44549909
DEC_C45875282,DEC,C45875282
DEC_C46987047,DEC,C46987047
DEC_C48116656,DEC,C48116656
DEC_C48179293,DEC,C48179293
DEC_C04355490,DEC,C04355490
DEC_C50117003,DEC,C50117003
DEC_C50117441,DEC,C50117441
DEC_C51144896,DEC,C51144896
DEC_C52587280,DEC,C52587280
DEC_C52774626,DEC,C52774626
DEC_C52936836,DEC,C52936836
DEC_C53350486,DEC,C53350486
DEC_C46478925,DEC,C46478925
DEC_C12635710,DEC,C12635710
DEC_C54412336,DEC,C54412336
DEC_C56648459,DEC,C56648459
DEC_C62504956,DEC,C62504956
DEC_C63407625,DEC,C63407625
DEC_C63803866,DEC,C63803866
DEC_C63831271,DEC,C63831271
DEC_C63836087,DEC,C63836087
DEC_C50579720,DEC,C50579720
DEC_C65510313,DEC,C65510313
DEC_C65533074,DEC,C65533074
DEC_C66203165,DEC,C66203165
DEC_C66203166,DEC,C66203166
DEC_C66243860,DEC,C66243860
DEC_C66599530,DEC,C66599530
DEC_C66599555,DEC,C66599555
DEC_C66682133,DEC,C66682133
DEC_C66684536,DEC,C66684536
DEC_C66906262,DEC,C66906262
DEC_C66967150,DEC,C66967150
DEC_C67102468,DEC,C67102468
DEC_C67104511,DEC,C67104511
DEC_C67382688,DEC,C67382688
DEC_C67382911,DEC,C67382911
DEC_C67406929,DEC,C67406929
DEC_C67412229,DEC,C67412229
DEC_C67570964,DEC,C67570964
DEC_C05018194,DEC,C05018194
DEC_C06757617,DEC,C06757617
DEC_C07984325,DEC,C07984325
DEC_C08120561,DEC,C08120561
DEC_C08738528,DEC,C08738528
DEC_C09586256,DEC,C09586256
DEC_C09586262,DEC,C09586262
DEC_C11422585,DEC,C11422585
DEC_C11717264,DEC,C11717264
DEC_C12718465,DEC,C12718465
DEC_C15228562,DEC,C15228562
DEC_C23232545,DEC,C23232545
DEC_C35666532,DEC,C35666532
DEC_C40701989,DEC,C40701989
DEC_C40701996,DEC,C40701996
DEC_C40780384,DEC,C40780384
DEC_C41151232,DEC,C41151232
DEC_C42183371,DEC,C42183371
DEC_C43418890,DEC,C43418890
DEC_C45209175,DEC,C45209175
DEC_C45654567,DEC,C45654567
DEC_C45804979,DEC,C45804979
DEC_C49554591,DEC,C49554591
DEC_C50084316,DEC,C50084316
DEC_C51534541,DEC,C51534541
DEC_C16282798,DEC,C16282798
DEC_C16282795,DEC,C16282795
DEC_C55060791,DEC,C55060791
DEC_C56648538,DEC,C56648538
DEC_C56718262,DEC,C56718262
DEC_C52892021,DEC,C52892021
DEC_C06952416,DEC,C06952416
DEC_C06952124,DEC,C06952124
DEC_C06952298,DEC,C06952298
DEC_C48390212,DEC,C48390212
DEC_C63789304,DEC,C63789304
DEC_C64254597,DEC,C64254597
DEC_C65371106,DEC,C65371106
DEC_C65523061,DEC,C65523061
DEC_C65526346,DEC,C65526346
DEC_C66121711,DEC,C66121711
DEC_C66244883,DEC,C66244883
DEC_C66864432,DEC,C66864432
DEC_C66908179,DEC,C66908179
DEC_C66908822,DEC,C66908822
DEC_C67064865,DEC,C67064865
DEC_C67066589,DEC,C67066589
DEC_C67253303,DEC,C67253303
DEC_C67267136,DEC,C67267136
DEC_C67612279,DEC,C67612279
DEC_C00134007,DEC,C00134007
DEC_C08752301,DEC,C08752301
DEC_C12211267,DEC,C12211267
DEC_C13408439,DEC,C13408439
DEC_C13468696,DEC,C13468696
DEC_C16935262,DEC,C16935262
DEC_C19754214,DEC,C19754214
DEC_C19842987,DEC,C19842987
DEC_C20316828,DEC,C20316828
DEC_C21633118,DEC,C21633118
DEC_C35252676,DEC,C35252676
DEC_C35426528,DEC,C35426528
DEC_C35898143,DEC,C35898143
DEC_C36805087,DEC,C36805087
DEC_C13067848,DEC,C13067848
DEC_C36962613,DEC,C36962613
DEC_C37330522,DEC,C37330522
DEC_C37370795,DEC,C37370795
DEC_C37690482,DEC,C37690482
DEC_C37690485,DEC,C37690485
DEC_C00273461,DEC,C00273461
DEC_C38058821,DEC,C38058821
DEC_C38693546,DEC,C38693546
DEC_C39680356,DEC,C39680356
DEC_C39692216,DEC,C39692216
DEC_C40022500,DEC,C40022500
DEC_C40025599,DEC,C40025599
DEC_C40116469,DEC,C40116469
DEC_C40116610,DEC,C40116610
DEC_C40124441,DEC,C40124441
DEC_C40357883,DEC,C40357883
DEC_C40560415,DEC,C40560415
DEC_C49045127,DEC,C49045127
DEC_C51006653,DEC,C51006653
DEC_C51347929,DEC,C51347929
DEC_C52276525,DEC,C52276525
DEC_C52878704,DEC,C52878704
DEC_C53149633,DEC,C53149633
DEC_C57933883,DEC,C57933883
DEC_C16645146,DEC,C16645146
DEC_C17842712,DEC,C17842712
DEC_C61213368,DEC,C61213368
DEC_C61363582,DEC,C61363582
DEC_C61589653,DEC,C61589653
DEC_C62870573,DEC,C62870573
DEC_C29388455,DEC,C29388455
DEC_C05196632,DEC,C05196632
DEC_C57084277,DEC,C57084277
DEC_C58306593,DEC,C58306593
DEC_C66443022,DEC,C66443022
DEC_C08700600,DEC,C08700600
DEC_C09046540,DEC,C09046540
DEC_C09120398,DEC,C09120398
DEC_C12660647,DEC,C12660647
DEC_C13051413,DEC,C13051413
DEC_C13051415,DEC,C13051415
DEC_C13052379,DEC,C13052379
DEC_C13241790,DEC,C13241790
DEC_C13250965,DEC,C13250965
DEC_C13251317,DEC,C13251317
DEC_C13252198,DEC,C13252198
DEC_C13252202,DEC,C13252202
DEC_C13261890,DEC,C13261890
DEC_C13300343,DEC,C13300343
DEC_C13346629,DEC,C13346629
DEC_C13349125,DEC,C13349125
DEC_C13465589,DEC,C13465589
DEC_C13915267,DEC,C13915267
DEC_C15931958,DEC,C15931958
DEC_C16161850,DEC,C16161850
DEC_C18055229,DEC,C18055229
DEC_C20158585,DEC,C20158585
DEC_C21004820,DEC,C21004820
DEC_C24177023,DEC,C24177023
DEC_C27987271,DEC,C27987271
DEC_C28866375,DEC,C28866375
DEC_C28866550,DEC,C28866550
DEC_C12467325,DEC,C12467325
DEC_C02235136,DEC,C02235136
DEC_C08435417,DEC,C08435417
DEC_C39653324,DEC,C39653324
DEC_C39667810,DEC,C39667810
DEC_C39722203,DEC,C39722203
DEC_C40126832,DEC,C40126832
DEC_C40126966,DEC,C40126966
DEC_C39898547,DEC,C39898547
DEC_C44318439,DEC,C44318439
DEC_C44320451,DEC,C44320451
DEC_C44321456,DEC,C44321456
DEC_C44324180,DEC,C44324180
DEC_C13407570,DEC,C13407570
DEC_C13068484,DEC,C13068484
DEC_C13914096,DEC,C13914096
DEC_C59248535,DEC,C59248535
DEC_C13568753,DEC,C13568753
DEC_C14944213,DEC,C14944213
DEC_C14944215,DEC,C14944215
DEC_C14944218,DEC,C14944218
DEC_C13189525,DEC,C13189525
DEC_C64165491,DEC,C64165491
DEC_C03838890,DEC,C03838890
DEC_C04200855,DEC,C04200855
DEC_C04200897,DEC,C04200897
DEC_C04383613,DEC,C04383613
DEC_C06546650,DEC,C06546650
DEC_C06631404,DEC,C06631404
DEC_C06631408,DEC,C06631408
DEC_C06631484,DEC,C06631484
DEC_C04221712,DEC,C04221712
DEC_C02207588,DEC,C02207588
DEC_C08876369,DEC,C08876369
DEC_C09056582,DEC,C09056582
DEC_C09846964,DEC,C09846964
DEC_C11477492,DEC,C11477492
DEC_C06195555,DEC,C06195555
DEC_C06280345,DEC,C06280345
DEC_C12636399,DEC,C12636399
DEC_C12654131,DEC,C12654131
DEC_C12654136,DEC,C12654136
DEC_C12715992,DEC,C12715992
DEC_C12664215,DEC,C12664215
DEC_C14360151,DEC,C14360151
DEC_C14382909,DEC,C14382909
DEC_C14440717,DEC,C14440717
DEC_C19314858,DEC,C19314858
DEC_C08951342,DEC,C08951342
DEC_C20911402,DEC,C20911402
DEC_C23989360,DEC,C23989360
DEC_C26579721,DEC,C26579721
DEC_C09434923,DEC,C09434923
DEC_C32796463,DEC,C32796463
DEC_C35361193,DEC,C35361193
DEC_C36568689,DEC,C36568689
DEC_C36572017,DEC,C36572017
DEC_C15940679,DEC,C15940679
DEC_C06546294,DEC,C06546294
DEC_C24746067,DEC,C24746067
DEC_C13006033,DEC,C13006033
DEC_C12103835,DEC,C12103835
DEC_C38787547,DEC,C38787547
DEC_C39362562,DEC,C39362562
DEC_C39667945,DEC,C39667945
DEC_C39667947,DEC,C39667947
DEC_C33877273,DEC,C33877273
DEC_C43746668,DEC,C43746668
DEC_C49601782,DEC,C49601782
DEC_C36031948,DEC,C36031948
DEC_C01825866,DEC,C01825866
DEC_C59719888,DEC,C59719888
DEC_C65742946,DEC,C65742946
DEC_C02123969,DEC,C02123969
DEC_C09424147,DEC,C09424147
DEC_C16347232,DEC,C16347232
DEC_C09892564,DEC,C09892564
DEC_C18158711,DEC,C18158711
DEC_C09007642,DEC,C09007642
DEC_C09177310,DEC,C09177310
DEC_C09357943,DEC,C09357943
DEC_C20568988,DEC,C20568988
DEC_C13301163,DEC,C13301163
DEC_C26460864,DEC,C26460864
DEC_C01092505,DEC,C01092505
DEC_C33547978,DEC,C33547978
DEC_C33552368,DEC,C33552368
DEC_C33552753,DEC,C33552753
DEC_C33771390,DEC,C33771390
DEC_C33795967,DEC,C33795967
DEC_C09994090,DEC,C09994090
DEC_C34923627,DEC,C34923627
DEC_C35263618,DEC,C35263618
DEC_C35420913,DEC,C35420913
DEC_C35483769,DEC,C35483769
DEC_C35566494,DEC,C35566494
DEC_C35667393,DEC,C35667393
DEC_C35693066,DEC,C35693066
DEC_C35969544,DEC,C35969544
DEC_C36052840,DEC,C36052840
DEC_C36061457,DEC,C36061457
DEC_C36063528,DEC,C36063528
DEC_C36064762,DEC,C36064762
DEC_C36071852,DEC,C36071852
DEC_C39835647,DEC,C39835647
DEC_C39871600,DEC,C39871600
DEC_C39998029,DEC,C39998029
DEC_C40000460,DEC,C40000460
DEC_C40003193,DEC,C40003193
DEC_C40109083,DEC,C40109083
DEC_C40936333,DEC,C40936333
DEC_C36646828,DEC,C36646828
DEC_C13510851,DEC,C13510851
DEC_C52627254,DEC,C52627254
DEC_C01294991,DEC,C01294991
DEC_C39894530,DEC,C39894530
DEC_C59104200,DEC,C59104200
DEC_C59104482,DEC,C59104482
DEC_C59135608,DEC,C59135608
DEC_C59135610,DEC,C59135610
DEC_C59135892,DEC,C59135892
DEC_C59247901,DEC,C59247901
DEC_C59595919,DEC,C59595919
DEC_C04525415,DEC,C04525415
DEC_C03100276,DEC,C03100276
DEC_C04815572,DEC,C04815572
DEC_C01030562,DEC,C01030562
DEC_C01738943,DEC,C01738943
DEC_C06664269,DEC,C06664269
DEC_C12324506,DEC,C12324506
DEC_C05137232,DEC,C05137232
DEC_C05137204,DEC,C05137204
DEC_C20682883,DEC,C20682883
DEC_C21218334,DEC,C21218334
DEC_C22305689,DEC,C22305689
DEC_C06934496,DEC,C06934496
DEC_C06934495,DEC,C06934495
DEC_C23633876,DEC,C23633876
DEC_C25895748,DEC,C25895748
DEC_C05092672,DEC,C05092672
DEC_C27533370,DEC,C27533370
DEC_C28466462,DEC,C28466462
DEC_C32631970,DEC,C32631970
DEC_C33775845,DEC,C33775845
DEC_C36818938,DEC,C36818938
DEC_C00753174,DEC,C00753174
DEC_C25176597,DEC,C25176597
DEC_C38777288,DEC,C38777288
DEC_C38903509,DEC,C38903509
DEC_C40569152,DEC,C40569152
DEC_C40569445,DEC,C40569445
DEC_C41549181,DEC,C41549181
DEC_C43928746,DEC,C43928746
DEC_C47730114,DEC,C47730114
DEC_C49473249,DEC,C49473249
DEC_C06743289,DEC,C06743289
DEC_C54367229,DEC,C54367229
DEC_C17751646,DEC,C17751646
DEC_C04802781,DEC,C04802781
DEC_C07983139,DEC,C07983139
DEC_C58421698,DEC,C58421698
DEC_C59168547,DEC,C59168547
DEC_C59391922,DEC,C59391922
DEC_C60292122,DEC,C60292122
DEC_C48257677,DEC,C48257677
DEC_C13655809,DEC,C13655809
DEC_C64530459,DEC,C64530459
DEC_C66684464,DEC,C66684464
DEC_C66684839,DEC,C66684839
DEC_C66684841,DEC,C66684841
DEC_C66967510,DEC,C66967510
DEC_C67256560,DEC,C67256560
DEC_C67551137,DEC,C67551137
DEC_C00755735,DEC,C00755735
DEC_C04872732,DEC,C04872732
DEC_C05788403,DEC,C05788403
DEC_C06190140,DEC,C06190140
DEC_C02836575,DEC,C02836575
DEC_C06268455,DEC,C06268455
DEC_C06720175,DEC,C06720175
DEC_C02050124,DEC,C02050124
DEC_C00663827,DEC,C00663827
DEC_C08934136,DEC,C08934136
DEC_C01435785,DEC,C01435785
DEC_C01060233,DEC,C01060233
DEC_C12375654,DEC,C12375654
DEC_C01051741,DEC,C01051741
DEC_C12922954,DEC,C12922954
DEC_C13467260,DEC,C13467260
DEC_C13638939,DEC,C13638939
DEC_C13642697,DEC,C13642697
DEC_C13642811,DEC,C13642811
DEC_C13645344,DEC,C13645344
DEC_C14387756,DEC,C14387756
DEC_C14455983,DEC,C14455983
DEC_C14456276,DEC,C14456276
DEC_C14461131,DEC,C14461131
DEC_C14466613,DEC,C14466613
DEC_C14477062,DEC,C14477062
DEC_C14477604,DEC,C14477604
DEC_C14480129,DEC,C14480129
DEC_C14545603,DEC,C14545603
DEC_C14548385,DEC,C14548385
DEC_C14551937,DEC,C14551937
DEC_C16426212,DEC,C16426212
DEC_C19597252,DEC,C19597252
DEC_C01445045,DEC,C01445045
DEC_C20686734,DEC,C20686734
DEC_C20748710,DEC,C20748710
DEC_C20758890,DEC,C20758890
DEC_C20764549,DEC,C20764549
DEC_C20764648,DEC,C20764648
DEC_C15840433,DEC,C15840433
DEC_C26804708,DEC,C26804708
DEC_C01312290,DEC,C01312290
DEC_C14458252,DEC,C14458252
DEC_C04032923,DEC,C04032923
DEC_C53362941,DEC,C53362941
DEC_C53363603,DEC,C53363603
DEC_C58846951,DEC,C58846951
DEC_C20137939,DEC,C20137939
DEC_C15945373,DEC,C15945373
DEC_C15945433,DEC,C15945433
DEC_C00755761,DEC,C00755761
DEC_C01057511,DEC,C01057511
DEC_C01505359,DEC,C01505359
DEC_C04235275,DEC,C04235275
DEC_C01512576,DEC,C01512576
DEC_C00709517,DEC,C00709517
DEC_C00709634,DEC,C00709634
DEC_C00709949,DEC,C00709949
DEC_C04619195,DEC,C04619195
DEC_C04848572,DEC,C04848572
DEC_C05419633,DEC,C05419633
DEC_C08711548,DEC,C08711548
DEC_C08748671,DEC,C08748671
DEC_C08870740,DEC,C08870740
DEC_C08892616,DEC,C08892616
DEC_C01251745,DEC,C01251745
DEC_C09608774,DEC,C09608774
DEC_C09685477,DEC,C09685477
DEC_C12560398,DEC,C12560398
DEC_C01352814,DEC,C01352814
DEC_C06108803,DEC,C06108803
DEC_C15520153,DEC,C15520153
DEC_C15959376,DEC,C15959376
DEC_C03148132,DEC,C03148132
DEC_C17177787,DEC,C17177787
DEC_C00883377,DEC,C00883377
DEC_C04473450,DEC,C04473450
DEC_C08442017,DEC,C08442017
DEC_C16975639,DEC,C16975639
DEC_C20058331,DEC,C20058331
DEC_C20418427,DEC,C20418427
DEC_C20629417,DEC,C20629417
DEC_C20720052,DEC,C20720052
DEC_C21722899,DEC,C21722899
DEC_C06396213,DEC,C06396213
DEC_C27533338,DEC,C27533338
DEC_C32675431,DEC,C32675431
DEC_C33334244,DEC,C33334244
DEC_C33810470,DEC,C33810470
DEC_C34262478,DEC,C34262478
DEC_C38651241,DEC,C38651241
DEC_C38652570,DEC,C38652570
DEC_C38656273,DEC,C38656273
DEC_C08326130,DEC,C08326130
DEC_C10032539,DEC,C10032539
DEC_C58246587,DEC,C58246587
DEC_C62689493,DEC,C62689493
DEC_C15947647,DEC,C15947647
DEC_C19770312,DEC,C19770312
DEC_C64868986,DEC,C64868986
DEC_C09329145,DEC,C09329145
DEC_C11592732,DEC,C11592732
DEC_C13054106,DEC,C13054106
DEC_C13066982,DEC,C13066982
DEC_C13077288,DEC,C13077288
DEC_C13077308,DEC,C13077308
DEC_C13077867,DEC,C13077867
DEC_C13195818,DEC,C13195818
DEC_C13222413,DEC,C13222413
DEC_C13260418,DEC,C13260418
DEC_C13337145,DEC,C13337145
DEC_C13364711,DEC,C13364711
DEC_C13453789,DEC,C13453789
DEC_C13799170,DEC,C13799170
DEC_C19897972,DEC,C19897972
DEC_C09311946,DEC,C09311946
DEC_C25392168,DEC,C25392168
DEC_C25524164,DEC,C25524164
DEC_C26599801,DEC,C26599801
DEC_C28631330,DEC,C28631330
DEC_C29057038,DEC,C29057038
DEC_C33450939,DEC,C33450939
DEC_C33634437,DEC,C33634437
DEC_C34131951,DEC,C34131951
DEC_C34377974,DEC,C34377974
DEC_C34886003,DEC,C34886003
DEC_C34886005,DEC,C34886005
DEC_C19419218,DEC,C19419218
DEC_C36596586,DEC,C36596586
DEC_C01778168,DEC,C01778168
DEC_C16951845,DEC,C16951845
DEC_C38564776,DEC,C38564776
DEC_C38569968,DEC,C38569968
DEC_C39345398,DEC,C39345398
DEC_C39939264,DEC,C39939264
DEC_C43210544,DEC,C43210544
DEC_C33546536,DEC,C33546536
DEC_C43221178,DEC,C43221178
DEC_C33929030,DEC,C33929030
DEC_C46660795,DEC,C46660795
DEC_C05314882,DEC,C05314882
DEC_C15967744,DEC,C15967744
DEC_C52603800,DEC,C52603800
DEC_C58901900,DEC,C58901900
DEC_C59461651,DEC,C59461651
DEC_C59599026,DEC,C59599026
DEC_C20153300,DEC,C20153300
DEC_C15959860,DEC,C15959860
DEC_C09235102,DEC,C09235102
DEC_C65739590,DEC,C65739590
DEC_C03839134,DEC,C03839134
DEC_C04185341,DEC,C04185341
DEC_C05321080,DEC,C05321080
DEC_C01796743,DEC,C01796743
DEC_C02249587,DEC,C02249587
DEC_C09513869,DEC,C09513869
DEC_C12549109,DEC,C12549109
DEC_C12705168,DEC,C12705168
DEC_C12715293,DEC,C12715293
DEC_C14953356,DEC,C14953356
DEC_C18197683,DEC,C18197683
DEC_C16273811,DEC,C16273811
DEC_C21105669,DEC,C21105669
DEC_C21386509,DEC,C21386509
DEC_C22612272,DEC,C22612272
DEC_C25386661,DEC,C25386661
DEC_C28661877,DEC,C28661877
DEC_C28852127,DEC,C28852127
DEC_C35464356,DEC,C35464356
DEC_C36490669,DEC,C36490669
DEC_C36504532,DEC,C36504532
DEC_C36536334,DEC,C36536334
DEC_C06550681,DEC,C06550681
DEC_C06821131,DEC,C06821131
DEC_C38663577,DEC,C38663577
DEC_C06488157,DEC,C06488157
DEC_C38989391,DEC,C38989391
DEC_C38989990,DEC,C38989990
DEC_C38990118,DEC,C38990118
DEC_C38994396,DEC,C38994396
DEC_C38995099,DEC,C38995099
DEC_C38995107,DEC,C38995107
DEC_C39006677,DEC,C39006677
DEC_C39006678,DEC,C39006678
DEC_C39012501,DEC,C39012501
DEC_C39015689,DEC,C39015689
DEC_C39016091,DEC,C39016091
DEC_C39856201,DEC,C39856201
DEC_C40782377,DEC,C40782377
DEC_C45818670,DEC,C45818670
DEC_C05817895,DEC,C05817895
DEC_C05817896,DEC,C05817896
DEC_C54887579,DEC,C54887579
DEC_C59309418,DEC,C59309418
DEC_C59309530,DEC,C59309530
DEC_C59829706,DEC,C59829706
DEC_C59829722,DEC,C59829722
DEC_C59830689,DEC,C59830689
DEC_C60397412,DEC,C60397412
DEC_C54753985,DEC,C54753985
DEC_C01891913,DEC,C01891913
DEC_C05710088,DEC,C05710088
DEC_C06589262,DEC,C06589262
DEC_C07206794,DEC,C07206794
DEC_C07206795,DEC,C07206795
DEC_C07206849,DEC,C07206849
DEC_C08194687,DEC,C08194687
DEC_C08752067,DEC,C08752067
DEC_C08891856,DEC,C08891856
DEC_C09074086,DEC,C09074086
DEC_C09077035,DEC,C09077035
DEC_C09077037,DEC,C09077037
DEC_C09402885,DEC,C09402885
DEC_C12521004,DEC,C12521004
DEC_C13306878,DEC,C13306878
DEC_C14157367,DEC,C14157367
DEC_C16701272,DEC,C16701272
DEC_C19042345,DEC,C19042345
DEC_C19715374,DEC,C19715374
DEC_C21284532,DEC,C21284532
DEC_C21657588,DEC,C21657588
DEC_C25455770,DEC,C25455770
DEC_C27987509,DEC,C27987509
DEC_C27987519,DEC,C27987519
DEC_C36020509,DEC,C36020509
DEC_C04279578,DEC,C04279578
DEC_C12883743,DEC,C12883743
DEC_C03171234,DEC,C03171234
DEC_C36007680,DEC,C36007680
DEC_C39577617,DEC,C39577617
DEC_C39922766,DEC,C39922766
DEC_C42359756,DEC,C42359756
DEC_C31643613,DEC,C31643613
DEC_C42934157,DEC,C42934157
DEC_C44010651,DEC,C44010651
DEC_C45873291,DEC,C45873291
DEC_C47007049,DEC,C47007049
DEC_C47276216,DEC,C47276216
DEC_C47872096,DEC,C47872096
DEC_C01167738,DEC,C01167738
DEC_C15649517,DEC,C15649517
DEC_C14005291,DEC,C14005291
DEC_C59502117,DEC,C59502117
DEC_C65190417,DEC,C65190417
DEC_C65365050,DEC,C65365050
DEC_C65502596,DEC,C65502596
DEC_C66927624,DEC,C66927624
DEC_C67085293,DEC,C67085293
DEC_C46385836,DEC,C46385836
DEC_C67175132,DEC,C67175132
DEC_C03897722,DEC,C03897722
DEC_C00426609,DEC,C00426609
DEC_C04011028,DEC,C04011028
DEC_C02725285,DEC,C02725285
DEC_C04652916,DEC,C04652916
DEC_C01681025,DEC,C01681025
DEC_C07001669,DEC,C07001669
DEC_C09743697,DEC,C09743697
DEC_C09926864,DEC,C09926864
DEC_C11124818,DEC,C11124818
DEC_C03896540,DEC,C03896540
DEC_C14462732,DEC,C14462732
DEC_C16933540,DEC,C16933540
DEC_C17067902,DEC,C17067902
DEC_C18269273,DEC,C18269273
DEC_C25047215,DEC,C25047215
DEC_C16951214,DEC,C16951214
DEC_C00517397,DEC,C00517397
DEC_C35288128,DEC,C35288128
DEC_C36970264,DEC,C36970264
DEC_C37131067,DEC,C37131067
DEC_C37139937,DEC,C37139937
DEC_C37140098,DEC,C37140098
DEC_C28540277,DEC,C28540277
DEC_C00406253,DEC,C00406253
DEC_C39736967,DEC,C39736967
DEC_C40687296,DEC,C40687296
DEC_C41545959,DEC,C41545959
DEC_C42029291,DEC,C42029291
DEC_C00120749,DEC,C00120749
DEC_C05918732,DEC,C05918732
DEC_C52841642,DEC,C52841642
DEC_C53110301,DEC,C53110301
DEC_C04965943,DEC,C04965943
DEC_C04988452,DEC,C04988452
DEC_C08284663,DEC,C08284663
DEC_C04988457,DEC,C04988457
DEC_C58407553,DEC,C58407553
DEC_C06720917,DEC,C06720917
DEC_C46030790,DEC,C46030790
DEC_C59248490,DEC,C59248490
DEC_C59597988,DEC,C59597988
DEC_C62489186,DEC,C62489186
DEC_C62494438,DEC,C62494438
DEC_C62702824,DEC,C62702824
DEC_C06922359,DEC,C06922359
DEC_C08783479,DEC,C08783479
DEC_C05790396,DEC,C05790396
DEC_C66255622,DEC,C66255622
DEC_C67629179,DEC,C67629179
DEC_C01897672,DEC,C01897672
DEC_C05118994,DEC,C05118994
DEC_C05327839,DEC,C05327839
DEC_C06999826,DEC,C06999826
DEC_C12569153,DEC,C12569153
DEC_C02280985,DEC,C02280985
DEC_C15084417,DEC,C15084417
DEC_C16915960,DEC,C16915960
DEC_C18744596,DEC,C18744596
DEC_C20915132,DEC,C20915132
DEC_C20915917,DEC,C20915917
DEC_C21318918,DEC,C21318918
DEC_C21326442,DEC,C21326442
DEC_C23036133,DEC,C23036133
DEC_C23357943,DEC,C23357943
DEC_C28376859,DEC,C28376859
DEC_C29811379,DEC,C29811379
DEC_C29811803,DEC,C29811803
DEC_C29811806,DEC,C29811806
DEC_C29811816,DEC,C29811816
DEC_C29811864,DEC,C29811864
DEC_C36596274,DEC,C36596274
DEC_C02335890,DEC,C02335890
DEC_C39361949,DEC,C39361949
DEC_C39558771,DEC,C39558771
DEC_C40400395,DEC,C40400395
DEC_C40795473,DEC,C40795473
DEC_C41334162,DEC,C41334162
DEC_C42316037,DEC,C42316037
DEC_C42889692,DEC,C42889692
DEC_C42895816,DEC,C42895816
DEC_C05415205,DEC,C05415205
DEC_C44103914,DEC,C44103914
DEC_C45482826,DEC,C45482826
DEC_C45484231,DEC,C45484231
DEC_C48105538,DEC,C48105538
DEC_C53799667,DEC,C53799667
DEC_C55866116,DEC,C55866116
DEC_C56206612,DEC,C56206612
DEC_C06909253,DEC,C06909253
DEC_C58991142,DEC,C58991142
DEC_C08583686,DEC,C08583686
DEC_C59830840,DEC,C59830840
DEC_C62404909,DEC,C62404909
DEC_C65143345,DEC,C65143345
DEC_C66276962,DEC,C66276962
DEC_C66682234,DEC,C66682234
DEC_C66684488,DEC,C66684488
DEC_C67530267,DEC,C67530267
DEC_C67582323,DEC,C67582323
DEC_C03849012,DEC,C03849012
DEC_C00832330,DEC,C00832330
DEC_C02725335,DEC,C02725335
DEC_C00989922,DEC,C00989922
DEC_C02057033,DEC,C02057033
DEC_C00655614,DEC,C00655614
DEC_C00855677,DEC,C00855677
DEC_C00855828,DEC,C00855828
DEC_C02231678,DEC,C02231678
DEC_C05775380,DEC,C05775380
DEC_C05551026,DEC,C05551026
DEC_C06476090,DEC,C06476090
DEC_C07813297,DEC,C07813297
DEC_C00863646,DEC,C00863646
DEC_C09835753,DEC,C09835753
DEC_C11619436,DEC,C11619436
DEC_C11635283,DEC,C11635283
DEC_C16210885,DEC,C16210885
DEC_C19737239,DEC,C19737239
DEC_C08321081,DEC,C08321081
DEC_C19920793,DEC,C19920793
DEC_C20696881,DEC,C20696881
DEC_C14476093,DEC,C14476093
DEC_C14544079,DEC,C14544079
DEC_C24766875,DEC,C24766875
DEC_C28367534,DEC,C28367534
DEC_C35929867,DEC,C35929867
DEC_C05045070,DEC,C05045070
DEC_C38571323,DEC,C38571323
DEC_C38659092,DEC,C38659092
DEC_C38659343,DEC,C38659343
DEC_C38741816,DEC,C38741816
DEC_C38974846,DEC,C38974846
DEC_C38979515,DEC,C38979515
DEC_C49306461,DEC,C49306461
DEC_C38344197,DEC,C38344197
DEC_C19325516,DEC,C19325516
DEC_C54618891,DEC,C54618891
DEC_C57315940,DEC,C57315940
DEC_C57345260,DEC,C57345260
DEC_C04611087,DEC,C04611087
DEC_C59165720,DEC,C59165720
DEC_C59386875,DEC,C59386875
DEC_C39953370,DEC,C39953370
DEC_C06720184,DEC,C06720184
DEC_C05219719,DEC,C05219719
DEC_C63772663,DEC,C63772663
DEC_C65319343,DEC,C65319343
DEC_C05044923,DEC,C05044923
DEC_C66353770,DEC,C66353770
DEC_C02289732,DEC,C02289732
DEC_C08765150,DEC,C08765150
DEC_C09045790,DEC,C09045790
DEC_C09671870,DEC,C09671870
DEC_C12196309,DEC,C12196309
DEC_C12279714,DEC,C12279714
DEC_C12703888,DEC,C12703888
DEC_C12703893,DEC,C12703893
DEC_C20323517,DEC,C20323517
DEC_C20504071,DEC,C20504071
DEC_C20532168,DEC,C20532168
DEC_C20617040,DEC,C20617040
DEC_C20617173,DEC,C20617173
DEC_C20617224,DEC,C20617224
DEC_C24631116,DEC,C24631116
DEC_C28650015,DEC,C28650015
DEC_C34761963,DEC,C34761963
DEC_C34774668,DEC,C34774668
DEC_C34997574,DEC,C34997574
DEC_C35577230,DEC,C35577230
DEC_C36569333,DEC,C36569333
DEC_C36569335,DEC,C36569335
DEC_C37376178,DEC,C37376178
DEC_C38547094,DEC,C38547094
DEC_C38547552,DEC,C38547552
DEC_C38547899,DEC,C38547899
DEC_C39261804,DEC,C39261804
DEC_C39529014,DEC,C39529014
DEC_C39533897,DEC,C39533897
DEC_C39948398,DEC,C39948398
DEC_C39948400,DEC,C39948400
DEC_C40386872,DEC,C40386872
DEC_C40650676,DEC,C40650676
DEC_C38551043,DEC,C38551043
DEC_C38551045,DEC,C38551045
DEC_C38550607,DEC,C38550607
DEC_C09721100,DEC,C09721100
DEC_C59170653,DEC,C59170653
DEC_C60343165,DEC,C60343165
DEC_C63182703,DEC,C63182703
DEC_C39946180,DEC,C39946180
DEC_C63393997,DEC,C63393997
DEC_C63409356,DEC,C63409356
DEC_C63437144,DEC,C63437144
DEC_C63588921,DEC,C63588921
DEC_C63589154,DEC,C63589154
DEC_C63589402,DEC,C63589402
DEC_C63996504,DEC,C63996504
DEC_C65074721,DEC,C65074721
DEC_C65329904,DEC,C65329904
DEC_C00239380,DEC,C00239380
DEC_C04132271,DEC,C04132271
DEC_C04123614,DEC,C04123614
DEC_C04140449,DEC,C04140449
DEC_C01004376,DEC,C01004376
DEC_C04998370,DEC,C04998370
DEC_C02969533,DEC,C02969533
DEC_C05356062,DEC,C05356062
DEC_C05611290,DEC,C05611290
DEC_C05679504,DEC,C05679504
DEC_C05765387,DEC,C05765387
DEC_C00558002,DEC,C00558002
DEC_C11335955,DEC,C11335955
DEC_C13199807,DEC,C13199807
DEC_C16363476,DEC,C16363476
DEC_C28239683,DEC,C28239683
DEC_C30822990,DEC,C30822990
DEC_C30823941,DEC,C30823941
DEC_C15768746,DEC,C15768746
DEC_C34699847,DEC,C34699847
DEC_C35472096,DEC,C35472096
DEC_C36970060,DEC,C36970060
DEC_C36970886,DEC,C36970886
DEC_C36985165,DEC,C36985165
DEC_C37004673,DEC,C37004673
DEC_C37299064,DEC,C37299064
DEC_C37299421,DEC,C37299421
DEC_C36669748,DEC,C36669748
DEC_C37563014,DEC,C37563014
DEC_C05687098,DEC,C05687098
DEC_C04450170,DEC,C04450170
DEC_C04171287,DEC,C04171287
DEC_C46024387,DEC,C46024387
DEC_C46438570,DEC,C46438570
DEC_C48156815,DEC,C48156815
DEC_C48999527,DEC,C48999527
DEC_C49503138,DEC,C49503138
DEC_C49513819,DEC,C49513819
DEC_C49561696,DEC,C49561696
DEC_C50335668,DEC,C50335668
DEC_C50470514,DEC,C50470514
DEC_C55175245,DEC,C55175245
DEC_C57825813,DEC,C57825813
DEC_C59054943,DEC,C59054943
DEC_C00620852,DEC,C00620852
DEC_C59643879,DEC,C59643879
DEC_C61536662,DEC,C61536662
DEC_C62998174,DEC,C62998174
DEC_C20177921,DEC,C20177921
DEC_C65690433,DEC,C65690433
DEC_C04905865,DEC,C04905865
DEC_C05311688,DEC,C05311688
DEC_C05563573,DEC,C05563573
DEC_C06383624,DEC,C06383624
DEC_C06996508,DEC,C06996508
DEC_C07985302,DEC,C07985302
DEC_C11964044,DEC,C11964044
DEC_C12131386,DEC,C12131386
DEC_C12218617,DEC,C12218617
DEC_C12282893,DEC,C12282893
DEC_C12979720,DEC,C12979720
DEC_C08741463,DEC,C08741463
DEC_C21317786,DEC,C21317786
DEC_C21342798,DEC,C21342798
DEC_C21883328,DEC,C21883328
DEC_C22439206,DEC,C22439206
DEC_C22473004,DEC,C22473004
DEC_C28232090,DEC,C28232090
DEC_C28289560,DEC,C28289560
DEC_C29541545,DEC,C29541545
DEC_C34907195,DEC,C34907195
DEC_C35541686,DEC,C35541686
DEC_C04939811,DEC,C04939811
DEC_C17093405,DEC,C17093405
DEC_C38673576,DEC,C38673576
DEC_C38979487,DEC,C38979487
DEC_C39355262,DEC,C39355262
DEC_C39413318,DEC,C39413318
DEC_C39461210,DEC,C39461210
DEC_C39698798,DEC,C39698798
DEC_C40034118,DEC,C40034118
DEC_C22289414,DEC,C22289414
DEC_C52470727,DEC,C52470727
DEC_C58055100,DEC,C58055100
DEC_C59264381,DEC,C59264381
DEC_C59334249,DEC,C59334249
DEC_C60342669,DEC,C60342669
DEC_C63398529,DEC,C63398529
DEC_C63503401,DEC,C63503401
DEC_C63515174,DEC,C63515174
DEC_C63515267,DEC,C63515267
DEC_C64045156,DEC,C64045156
DEC_C64061297,DEC,C64061297
DEC_C64622740,DEC,C64622740
DEC_C65096739,DEC,C65096739
DEC_C66177667,DEC,C66177667
DEC_C66178087,DEC,C66178087
DEC_C66717065,DEC,C66717065
DEC_C67296564,DEC,C67296564
DEC_C67296603,DEC,C67296603
DEC_C04119297,DEC,C04119297
DEC_C01040131,DEC,C01040131
DEC_C02288799,DEC,C02288799
DEC_C04913422,DEC,C04913422
DEC_C05210573,DEC,C05210573
DEC_C05417453,DEC,C05417453
DEC_C05670488,DEC,C05670488
DEC_C02359085,DEC,C02359085
DEC_C03310951,DEC,C03310951
DEC_C07045295,DEC,C07045295
DEC_C04471226,DEC,C04471226
DEC_C12229165,DEC,C12229165
DEC_C12600472,DEC,C12600472
DEC_C13040669,DEC,C13040669
DEC_C13694920,DEC,C13694920
DEC_C14607739,DEC,C14607739
DEC_C21775519,DEC,C21775519
DEC_C28053345,DEC,C28053345
DEC_C02914528,DEC,C02914528
DEC_C02914525,DEC,C02914525
DEC_C38742154,DEC,C38742154
DEC_C38744615,DEC,C38744615
DEC_C38745218,DEC,C38745218
DEC_C39159679,DEC,C39159679
DEC_C40923537,DEC,C40923537
DEC_C42918069,DEC,C42918069
DEC_C45050514,DEC,C45050514
DEC_C20028270,DEC,C20028270
DEC_C53263584,DEC,C53263584
DEC_C53775750,DEC,C53775750
DEC_C00958975,DEC,C00958975
DEC_C05568056,DEC,C05568056
DEC_C35334680,DEC,C35334680
DEC_C56546394,DEC,C56546394
DEC_C08379275,DEC,C08379275
DEC_C06883659,DEC,C06883659
DEC_C07227834,DEC,C07227834
DEC_C46497734,DEC,C46497734
DEC_C59503589,DEC,C59503589
DEC_C60243428,DEC,C60243428
DEC_C32103565,DEC,C32103565
DEC_C09328106,DEC,C09328106
DEC_C35507256,DEC,C35507256
DEC_C35481972,DEC,C35481972
DEC_C64819178,DEC,C64819178
DEC_C66338764,DEC,C66338764
DEC_C67028456,DEC,C67028456
DEC_C67064357,DEC,C67064357
DEC_C67348607,DEC,C67348607
DEC_C67557895,DEC,C67557895
DEC_C01480521,DEC,C01480521
DEC_C00673299,DEC,C00673299
DEC_C04849451,DEC,C04849451
DEC_C05151568,DEC,C05151568
DEC_C07779790,DEC,C07779790
DEC_C09337853,DEC,C09337853
DEC_C09705644,DEC,C09705644
DEC_C07127591,DEC,C07127591
DEC_C16926044,DEC,C16926044
DEC_C05782093,DEC,C05782093
DEC_C20709523,DEC,C20709523
DEC_C20804674,DEC,C20804674
DEC_C20841817,DEC,C20841817
DEC_C21623951,DEC,C21623951
DEC_C26044859,DEC,C26044859
DEC_C26560326,DEC,C26560326
DEC_C27266801,DEC,C27266801
DEC_C30599614,DEC,C30599614
DEC_C32847921,DEC,C32847921
DEC_C32929444,DEC,C32929444
DEC_C34779553,DEC,C34779553
DEC_C36007626,DEC,C36007626
DEC_C37361600,DEC,C37361600
DEC_C04030391,DEC,C04030391
DEC_C39855697,DEC,C39855697
DEC_C40071313,DEC,C40071313
DEC_C40568743,DEC,C40568743
DEC_C40569110,DEC,C40569110
DEC_C40802318,DEC,C40802318
DEC_C43165651,DEC,C43165651
DEC_C43851004,DEC,C43851004
DEC_C46876867,DEC,C46876867
DEC_C02472259,DEC,C02472259
DEC_C20374700,DEC,C20374700
DEC_C56177628,DEC,C56177628
DEC_C43005633,DEC,C43005633
DEC_C61212218,DEC,C61212218
DEC_C62392765,DEC,C62392765
DEC_C18209673,DEC,C18209673
DEC_C63162012,DEC,C63162012
DEC_C64870766,DEC,C64870766
DEC_C64903860,DEC,C64903860
DEC_C65843611,DEC,C65843611
DEC_C66343782,DEC,C66343782
DEC_C66393167,DEC,C66393167
DEC_C66679503,DEC,C66679503
DEC_C67127849,DEC,C67127849
DEC_C67467505,DEC,C67467505
DEC_C67558719,DEC,C67558719
DEC_C67576553,DEC,C67576553
DEC_C00815918,DEC,C00815918
DEC_C04189573,DEC,C04189573
DEC_C01934925,DEC,C01934925
DEC_C05742703,DEC,C05742703
DEC_C06589278,DEC,C06589278
DEC_C07260501,DEC,C07260501
DEC_C07884091,DEC,C07884091
DEC_C03500092,DEC,C03500092
DEC_C03878499,DEC,C03878499
DEC_C08655304,DEC,C08655304
DEC_C06584633,DEC,C06584633
DEC_C12794993,DEC,C12794993
DEC_C04835591,DEC,C04835591
DEC_C14472650,DEC,C14472650
DEC_C16284848,DEC,C16284848
DEC_C19236683,DEC,C19236683
DEC_C20804755,DEC,C20804755
DEC_C25540621,DEC,C25540621
DEC_C29696365,DEC,C29696365
DEC_C31822628,DEC,C31822628
DEC_C16949347,DEC,C16949347
DEC_C14476157,DEC,C14476157
DEC_C36271858,DEC,C36271858
DEC_C06023976,DEC,C06023976
DEC_C00940722,DEC,C00940722
DEC_C05924062,DEC,C05924062
DEC_C08382606,DEC,C08382606
DEC_C39536088,DEC,C39536088
DEC_C40110855,DEC,C40110855
DEC_C40752111,DEC,C40752111
DEC_C40811578,DEC,C40811578
DEC_C40844712,DEC,C40844712
DEC_C40847962,DEC,C40847962
DEC_C47548181,DEC,C47548181
DEC_C04724043,DEC,C04724043
DEC_C12571294,DEC,C12571294
DEC_C55881643,DEC,C55881643
DEC_C05444937,DEC,C05444937
DEC_C04897871,DEC,C04897871
DEC_C10406434,DEC,C10406434
DEC_C08743565,DEC,C08743565
DEC_C12533857,DEC,C12533857
DEC_C05924075,DEC,C05924075
DEC_C64870614,DEC,C64870614
DEC_C05130267,DEC,C05130267
DEC_C65975591,DEC,C65975591
DEC_C66249596,DEC,C66249596
DEC_C66664495,DEC,C66664495
DEC_C66679173,DEC,C66679173
DEC_C67067086,DEC,C67067086
DEC_C01401265,DEC,C01401265
DEC_C04556325,DEC,C04556325
DEC_C05347844,DEC,C05347844
DEC_C08254311,DEC,C08254311
DEC_C08307458,DEC,C08307458
DEC_C12447397,DEC,C12447397
DEC_C20862526,DEC,C20862526
DEC_C23376364,DEC,C23376364
DEC_C27496681,DEC,C27496681
DEC_C28535009,DEC,C28535009
DEC_C32792032,DEC,C32792032
DEC_C37542811,DEC,C37542811
DEC_C36273188,DEC,C36273188
DEC_C38050442,DEC,C38050442
DEC_C08913986,DEC,C08913986
DEC_C38509024,DEC,C38509024
DEC_C27577924,DEC,C27577924
DEC_C39443560,DEC,C39443560
DEC_C39534490,DEC,C39534490
DEC_C39605322,DEC,C39605322
DEC_C39605327,DEC,C39605327
DEC_C39605342,DEC,C39605342
DEC_C39631531,DEC,C39631531
DEC_C39673927,DEC,C39673927
DEC_C39683908,DEC,C39683908
DEC_C40756997,DEC,C40756997
DEC_C43222867,DEC,C43222867
DEC_C44335241,DEC,C44335241
DEC_C47028947,DEC,C47028947
DEC_C48039891,DEC,C48039891
DEC_C50038711,DEC,C50038711
DEC_C50038714,DEC,C50038714
DEC_C51094573,DEC,C51094573
DEC_C53799436,DEC,C53799436
DEC_C55307437,DEC,C55307437
DEC_C56156185,DEC,C56156185
DEC_C56156200,DEC,C56156200
DEC_C62985126,DEC,C62985126
DEC_C63162074,DEC,C63162074
DEC_C63745626,DEC,C63745626
DEC_C63766735,DEC,C63766735
DEC_C63795215,DEC,C63795215
DEC_C63882518,DEC,C63882518
DEC_C64480073,DEC,C64480073
DEC_C65398203,DEC,C65398203
DEC_C65506352,DEC,C65506352
DEC_C66940533,DEC,C66940533
DEC_C67269556,DEC,C67269556
DEC_C20573582,DEC,C20573582
DEC_C67610020,DEC,C67610020
DEC_C02229975,DEC,C02229975
DEC_C05320493,DEC,C05320493
DEC_C05606379,DEC,C05606379
DEC_C08132297,DEC,C08132297
DEC_C08643728,DEC,C08643728
DEC_C10309584,DEC,C10309584
DEC_C06414314,DEC,C06414314
DEC_C04480622,DEC,C04480622
DEC_C31972168,DEC,C31972168
DEC_C37034045,DEC,C37034045
DEC_C37822344,DEC,C37822344
DEC_C37934027,DEC,C37934027
DEC_C39775228,DEC,C39775228
DEC_C40694688,DEC,C40694688
DEC_C40744475,DEC,C40744475
DEC_C40824923,DEC,C40824923
DEC_C43209692,DEC,C43209692
DEC_C43217273,DEC,C43217273
DEC_C44253752,DEC,C44253752
DEC_C44253755,DEC,C44253755
DEC_C45545026,DEC,C45545026
DEC_C46751434,DEC,C46751434
DEC_C47549055,DEC,C47549055
DEC_C47998079,DEC,C47998079
DEC_C49502614,DEC,C49502614
DEC_C49502615,DEC,C49502615
DEC_C49974502,DEC,C49974502
DEC_C50209182,DEC,C50209182
DEC_C51054692,DEC,C51054692
DEC_C52066377,DEC,C52066377
DEC_C52588344,DEC,C52588344
DEC_C52792213,DEC,C52792213
DEC_C52792214,DEC,C52792214
DEC_C52808999,DEC,C52808999
DEC_C58896775,DEC,C58896775
DEC_C04866364,DEC,C04866364
DEC_C60015935,DEC,C60015935
DEC_C54108883,DEC,C54108883
DEC_C49166236,DEC,C49166236
DEC_C63689083,DEC,C63689083
DEC_C63807457,DEC,C63807457
DEC_C45441022,DEC,C45441022
DEC_C66115445,DEC,C66115445
DEC_C66151555,DEC,C66151555
DEC_C66864254,DEC,C66864254
DEC_C66886294,DEC,C66886294
DEC_C67311257,DEC,C67311257
DEC_C67392845,DEC,C67392845
DEC_C67491421,DEC,C67491421
DEC_C67556937,DEC,C67556937
DEC_C04087156,DEC,C04087156
DEC_C02963811,DEC,C02963811
DEC_C06549714,DEC,C06549714
DEC_C07726183,DEC,C07726183
DEC_C11898864,DEC,C11898864
DEC_C15129228,DEC,C15129228
DEC_C15129229,DEC,C15129229
DEC_C15550450,DEC,C15550450
DEC_C15708905,DEC,C15708905
DEC_C19354080,DEC,C19354080
DEC_C19499331,DEC,C19499331
DEC_C33034177,DEC,C33034177
DEC_C00940759,DEC,C00940759
DEC_C40146745,DEC,C40146745
DEC_C40146746,DEC,C40146746
DEC_C46347476,DEC,C46347476
DEC_C46983322,DEC,C46983322
DEC_C47729723,DEC,C47729723
DEC_C51684470,DEC,C51684470
DEC_C52679578,DEC,C52679578
DEC_C54042957,DEC,C54042957
DEC_C54043596,DEC,C54043596
DEC_C54478357,DEC,C54478357
DEC_C56950053,DEC,C56950053
DEC_C57481570,DEC,C57481570
DEC_C58414576,DEC,C58414576
DEC_C58439604,DEC,C58439604
DEC_C47500991,DEC,C47500991
DEC_C48007217,DEC,C48007217
DEC_C63270635,DEC,C63270635
DEC_C63281124,DEC,C63281124
DEC_C39996659,DEC,C39996659
DEC_C63948104,DEC,C63948104
DEC_C64245424,DEC,C64245424
DEC_C50139685,DEC,C50139685
DEC_C65476792,DEC,C65476792
DEC_C65601199,DEC,C65601199
DEC_C66243764,DEC,C66243764
DEC_C66392574,DEC,C66392574
DEC_C67142603,DEC,C67142603
DEC_C67142605,DEC,C67142605
DEC_C67381693,DEC,C67381693
DEC_C67381694,DEC,C67381694
DEC_C67389573,DEC,C67389573
DEC_C67438024,DEC,C67438024
DEC_C67438029,DEC,C67438029
DEC_C67478538,DEC,C67478538
DEC_C67617764,DEC,C67617764
DEC_C67620163,DEC,C67620163
DEC_C67620169,DEC,C67620169
DEC_C04180599,DEC,C04180599
DEC_C04839143,DEC,C04839143
DEC_C05864514,DEC,C05864514
DEC_C07595556,DEC,C07595556
DEC_C07683521,DEC,C07683521
DEC_C08190477,DEC,C08190477
DEC_C08772554,DEC,C08772554
DEC_C09585680,DEC,C09585680
DEC_C10964282,DEC,C10964282
DEC_C12364067,DEC,C12364067
DEC_C12406708,DEC,C12406708
DEC_C12825322,DEC,C12825322
DEC_C15369378,DEC,C15369378
DEC_C15866153,DEC,C15866153
DEC_C20295784,DEC,C20295784
DEC_C21686239,DEC,C21686239
DEC_C24058397,DEC,C24058397
DEC_C28304907,DEC,C28304907
DEC_C31845634,DEC,C31845634
DEC_C35567938,DEC,C35567938
DEC_C36803093,DEC,C36803093
DEC_C01212108,DEC,C01212108
DEC_C01216869,DEC,C01216869
DEC_C33926746,DEC,C33926746
DEC_C02915377,DEC,C02915377
DEC_C38576815,DEC,C38576815
DEC_C38979657,DEC,C38979657
DEC_C38979661,DEC,C38979661
DEC_C39593704,DEC,C39593704
DEC_C39918019,DEC,C39918019
DEC_C41016816,DEC,C41016816
DEC_C41634651,DEC,C41634651
DEC_C42918609,DEC,C42918609
DEC_C46501358,DEC,C46501358
DEC_C56905680,DEC,C56905680
DEC_C05315032,DEC,C05315032
DEC_C58160914,DEC,C58160914
DEC_C16200000,DEC,C16200000
DEC_C16205988,DEC,C16205988
DEC_C58423491,DEC,C58423491
DEC_C06849455,DEC,C06849455
DEC_C59239287,DEC,C59239287
DEC_C59262379,DEC,C59262379
DEC_C63840269,DEC,C63840269
DEC_C65357108,DEC,C65357108
DEC_C66470100,DEC,C66470100
DEC_C66587614,DEC,C66587614
DEC_C67039453,DEC,C67039453
DEC_C67123732,DEC,C67123732
DEC_C67429568,DEC,C67429568
DEC_C06947621,DEC,C06947621
DEC_C07082440,DEC,C07082440
DEC_C09705654,DEC,C09705654
DEC_C12369933,DEC,C12369933
DEC_C12608366,DEC,C12608366
DEC_C12981648,DEC,C12981648
DEC_C13566258,DEC,C13566258
DEC_C14162048,DEC,C14162048
DEC_C15085078,DEC,C15085078
DEC_C15573238,DEC,C15573238
DEC_C16857004,DEC,C16857004
DEC_C17642895,DEC,C17642895
DEC_C14074948,DEC,C14074948
DEC_C26786650,DEC,C26786650
DEC_C27664401,DEC,C27664401
DEC_C27664403,DEC,C27664403
DEC_C33310192,DEC,C33310192
DEC_C35092927,DEC,C35092927
DEC_C04889908,DEC,C04889908
DEC_C38187081,DEC,C38187081
DEC_C39001066,DEC,C39001066
DEC_C39324646,DEC,C39324646
DEC_C39335369,DEC,C39335369
DEC_C40117809,DEC,C40117809
DEC_C40784317,DEC,C40784317
DEC_C40784318,DEC,C40784318
DEC_C43107598,DEC,C43107598
DEC_C44221112,DEC,C44221112
DEC_C15806170,DEC,C15806170
DEC_C46670046,DEC,C46670046
DEC_C48264751,DEC,C48264751
DEC_C49437370,DEC,C49437370
DEC_C22018699,DEC,C22018699
DEC_C05716242,DEC,C05716242
DEC_C54733793,DEC,C54733793
DEC_C56186580,DEC,C56186580
DEC_C56818509,DEC,C56818509
DEC_C56818512,DEC,C56818512
DEC_C20986814,DEC,C20986814
DEC_C58369306,DEC,C58369306
DEC_C58756990,DEC,C58756990
DEC_C59883305,DEC,C59883305
DEC_C62297419,DEC,C62297419
DEC_C64291076,DEC,C64291076
DEC_C35422610,DEC,C35422610
DEC_C64858083,DEC,C64858083
DEC_C65135403,DEC,C65135403
DEC_C43936939,DEC,C43936939
DEC_C67352798,DEC,C67352798
DEC_C67466006,DEC,C67466006
DEC_C03872846,DEC,C03872846
DEC_C04209682,DEC,C04209682
DEC_C02555081,DEC,C02555081
DEC_C01752331,DEC,C01752331
DEC_C02123699,DEC,C02123699
DEC_C11592873,DEC,C11592873
DEC_C11616176,DEC,C11616176
DEC_C11866828,DEC,C11866828
DEC_C11866968,DEC,C11866968
DEC_C12296921,DEC,C12296921
DEC_C12889473,DEC,C12889473
DEC_C13020500,DEC,C13020500
DEC_C13020831,DEC,C13020831
DEC_C13052024,DEC,C13052024
DEC_C13052199,DEC,C13052199
DEC_C13059202,DEC,C13059202
DEC_C13066496,DEC,C13066496
DEC_C13066542,DEC,C13066542
DEC_C13079008,DEC,C13079008
DEC_C13238855,DEC,C13238855
DEC_C13245566,DEC,C13245566
DEC_C13264198,DEC,C13264198
DEC_C13450572,DEC,C13450572
DEC_C13451001,DEC,C13451001
DEC_C13470011,DEC,C13470011
DEC_C15956561,DEC,C15956561
DEC_C16887327,DEC,C16887327
DEC_C16924148,DEC,C16924148
DEC_C09329998,DEC,C09329998
DEC_C16969316,DEC,C16969316
DEC_C17029105,DEC,C17029105
DEC_C20220960,DEC,C20220960
DEC_C12857260,DEC,C12857260
DEC_C27489563,DEC,C27489563
DEC_C31170287,DEC,C31170287
DEC_C35568241,DEC,C35568241
DEC_C08686847,DEC,C08686847
DEC_C38798814,DEC,C38798814
DEC_C13461524,DEC,C13461524
DEC_C39861928,DEC,C39861928
DEC_C02850641,DEC,C02850641
DEC_C40054521,DEC,C40054521
DEC_C40084377,DEC,C40084377
DEC_C40092133,DEC,C40092133
DEC_C15045074,DEC,C15045074
DEC_C15048039,DEC,C15048039
DEC_C16021948,DEC,C16021948
DEC_C58890223,DEC,C58890223
DEC_C15920098,DEC,C15920098
DEC_C60318265,DEC,C60318265
DEC_C05051978,DEC,C05051978
DEC_C05945774,DEC,C05945774
DEC_C11991365,DEC,C11991365
DEC_C15922191,DEC,C15922191
DEC_C17124963,DEC,C17124963
DEC_C19772002,DEC,C19772002
DEC_C20009360,DEC,C20009360
DEC_C20566571,DEC,C20566571
DEC_C23444484,DEC,C23444484
DEC_C23444486,DEC,C23444486
DEC_C17311734,DEC,C17311734
DEC_C35333147,DEC,C35333147
DEC_C35663832,DEC,C35663832
DEC_C36290432,DEC,C36290432
DEC_C36936812,DEC,C36936812
DEC_C36973382,DEC,C36973382
DEC_C37295497,DEC,C37295497
DEC_C37351949,DEC,C37351949
DEC_C37561014,DEC,C37561014
DEC_C37715873,DEC,C37715873
DEC_C37969329,DEC,C37969329
DEC_C37969330,DEC,C37969330
DEC_C37995925,DEC,C37995925
DEC_C39931073,DEC,C39931073
DEC_C40067509,DEC,C40067509
DEC_C40455908,DEC,C40455908
DEC_C40933094,DEC,C40933094
DEC_C41092257,DEC,C41092257
DEC_C41343543,DEC,C41343543
DEC_C42414149,DEC,C42414149
DEC_C42582971,DEC,C42582971
DEC_C42582974,DEC,C42582974
DEC_C42582980,DEC,C42582980
DEC_C43519029,DEC,C43519029
DEC_C44732246,DEC,C44732246
DEC_C44750338,DEC,C44750338
DEC_C44977859,DEC,C44977859
DEC_C45026660,DEC,C45026660
DEC_C45682906,DEC,C45682906
DEC_C45682907,DEC,C45682907
DEC_C48703571,DEC,C48703571
DEC_C49146915,DEC,C49146915
DEC_C49846014,DEC,C49846014
DEC_C52983686,DEC,C52983686
DEC_C22119793,DEC,C22119793
DEC_C58005278,DEC,C58005278
DEC_C58479143,DEC,C58479143
DEC_C42109373,DEC,C42109373
DEC_C62349534,DEC,C62349534
DEC_C62539063,DEC,C62539063
DEC_C04081776,DEC,C04081776
DEC_C04082105,DEC,C04082105
DEC_C04349284,DEC,C04349284
DEC_C04454729,DEC,C04454729
DEC_C05633478,DEC,C05633478
DEC_C05948900,DEC,C05948900
DEC_C06359387,DEC,C06359387
DEC_C07501359,DEC,C07501359
DEC_C07692751,DEC,C07692751
DEC_C08175144,DEC,C08175144
DEC_C08947555,DEC,C08947555
DEC_C08985328,DEC,C08985328
DEC_C09051266,DEC,C09051266
DEC_C11321781,DEC,C11321781
DEC_C12864281,DEC,C12864281
DEC_C13424723,DEC,C13424723
DEC_C16255769,DEC,C16255769
DEC_C17914214,DEC,C17914214
DEC_C20916324,DEC,C20916324
DEC_C31027274,DEC,C31027274
DEC_C03846494,DEC,C03846494
DEC_C36534830,DEC,C36534830
DEC_C08609948,DEC,C08609948
DEC_C39561063,DEC,C39561063
DEC_C39856243,DEC,C39856243
DEC_C40497377,DEC,C40497377
DEC_C40780612,DEC,C40780612
DEC_C43415311,DEC,C43415311
DEC_C49435619,DEC,C49435619
DEC_C15957824,DEC,C15957824
DEC_C20757769,DEC,C20757769
DEC_C50510717,DEC,C50510717
DEC_C16022078,DEC,C16022078
DEC_C20566229,DEC,C20566229
DEC_C16024521,DEC,C16024521
DEC_C20566231,DEC,C20566231
DEC_C16024523,DEC,C16024523
DEC_C35189322,DEC,C35189322
DEC_C55477598,DEC,C55477598
DEC_C56013785,DEC,C56013785
DEC_C56126276,DEC,C56126276
DEC_C10645092,DEC,C10645092
DEC_C21661773,DEC,C21661773
DEC_C58949486,DEC,C58949486
DEC_C08579539,DEC,C08579539
DEC_C62720519,DEC,C62720519
DEC_C63948174,DEC,C63948174
DEC_C66257722,DEC,C66257722
DEC_C67019954,DEC,C67019954
DEC_C67271768,DEC,C67271768
DEC_C04313302,DEC,C04313302
DEC_C04338447,DEC,C04338447
DEC_C05640248,DEC,C05640248
DEC_C04499996,DEC,C04499996
DEC_C08123714,DEC,C08123714
DEC_C09156656,DEC,C09156656
DEC_C09970449,DEC,C09970449
DEC_C12672790,DEC,C12672790
DEC_C14394966,DEC,C14394966
DEC_C16671661,DEC,C16671661
DEC_C16896766,DEC,C16896766
DEC_C17448490,DEC,C17448490
DEC_C23053424,DEC,C23053424
DEC_C23939937,DEC,C23939937
DEC_C26949998,DEC,C26949998
DEC_C29451229,DEC,C29451229
DEC_C32102762,DEC,C32102762
DEC_C32605643,DEC,C32605643
DEC_C32117032,DEC,C32117032
DEC_C38989478,DEC,C38989478
DEC_C39558768,DEC,C39558768
DEC_C39856389,DEC,C39856389
DEC_C06977930,DEC,C06977930
DEC_C40734277,DEC,C40734277
DEC_C42073205,DEC,C42073205
DEC_C42896062,DEC,C42896062
DEC_C44457924,DEC,C44457924
DEC_C45835247,DEC,C45835247
DEC_C47685466,DEC,C47685466
DEC_C51756412,DEC,C51756412
DEC_C53107094,DEC,C53107094
DEC_C53120657,DEC,C53120657
DEC_C20635769,DEC,C20635769
DEC_C54095363,DEC,C54095363
DEC_C54731131,DEC,C54731131
DEC_C55844326,DEC,C55844326
DEC_C56710071,DEC,C56710071
DEC_C57415046,DEC,C57415046
DEC_C58827288,DEC,C58827288
DEC_C59854657,DEC,C59854657
DEC_C63456289,DEC,C63456289
DEC_C63839354,DEC,C63839354
DEC_C20567253,DEC,C20567253
DEC_C15085119,DEC,C15085119
DEC_C64940561,DEC,C64940561
DEC_C65863335,DEC,C65863335
DEC_C66442088,DEC,C66442088
DEC_C67142867,DEC,C67142867
DEC_C67241119,DEC,C67241119
DEC_C67575987,DEC,C67575987
DEC_C03350269,DEC,C03350269
DEC_C05464459,DEC,C05464459
DEC_C05514304,DEC,C05514304
DEC_C05850589,DEC,C05850589
DEC_C05956265,DEC,C05956265
DEC_C02232082,DEC,C02232082
DEC_C06476155,DEC,C06476155
DEC_C09375927,DEC,C09375927
DEC_C09915832,DEC,C09915832
DEC_C09915834,DEC,C09915834
DEC_C09970310,DEC,C09970310
DEC_C10271810,DEC,C10271810
DEC_C12652359,DEC,C12652359
DEC_C15017293,DEC,C15017293
DEC_C08636404,DEC,C08636404
DEC_C16450518,DEC,C16450518
DEC_C20493826,DEC,C20493826
DEC_C24777747,DEC,C24777747
DEC_C33623392,DEC,C33623392
DEC_C33630623,DEC,C33630623
DEC_C33771844,DEC,C33771844
DEC_C34380627,DEC,C34380627
DEC_C34388725,DEC,C34388725
DEC_C04257543,DEC,C04257543
DEC_C35590892,DEC,C35590892
DEC_C35590898,DEC,C35590898
DEC_C13660219,DEC,C13660219
DEC_C39252298,DEC,C39252298
DEC_C39252302,DEC,C39252302
DEC_C39915949,DEC,C39915949
DEC_C39928815,DEC,C39928815
DEC_C43211235,DEC,C43211235
DEC_C43212180,DEC,C43212180
DEC_C43221869,DEC,C43221869
DEC_C15957737,DEC,C15957737
DEC_C06061058,DEC,C06061058
DEC_C16022207,DEC,C16022207
DEC_C20565825,DEC,C20565825
DEC_C16022206,DEC,C16022206
DEC_C55161949,DEC,C55161949
DEC_C16629035,DEC,C16629035
DEC_C13068887,DEC,C13068887
DEC_C39937819,DEC,C39937819
DEC_C63217418,DEC,C63217418
DEC_C63384166,DEC,C63384166
DEC_C20565827,DEC,C20565827
DEC_C20572367,DEC,C20572367
DEC_C64683362,DEC,C64683362
DEC_C64683667,DEC,C64683667
DEC_C64684127,DEC,C64684127
DEC_C06670377,DEC,C06670377
DEC_C08295013,DEC,C08295013
DEC_C08643310,DEC,C08643310
DEC_C08738349,DEC,C08738349
DEC_C09659987,DEC,C09659987
DEC_C13216878,DEC,C13216878
DEC_C13518271,DEC,C13518271
DEC_C13800331,DEC,C13800331
DEC_C15708107,DEC,C15708107
DEC_C19323229,DEC,C19323229
DEC_C22052047,DEC,C22052047
DEC_C26134670,DEC,C26134670
DEC_C26922817,DEC,C26922817
DEC_C32935673,DEC,C32935673
DEC_C05445445,DEC,C05445445
DEC_C36281915,DEC,C36281915
DEC_C04245630,DEC,C04245630
DEC_C09975231,DEC,C09975231
DEC_C38669585,DEC,C38669585
DEC_C39030305,DEC,C39030305
DEC_C39661848,DEC,C39661848
DEC_C39661911,DEC,C39661911
DEC_C39661916,DEC,C39661916
DEC_C39934115,DEC,C39934115
DEC_C36369753,DEC,C36369753
DEC_C22936916,DEC,C22936916
DEC_C40744480,DEC,C40744480
DEC_C41026388,DEC,C41026388
DEC_C43218187,DEC,C43218187
DEC_C43735785,DEC,C43735785
DEC_C44410834,DEC,C44410834
DEC_C45681831,DEC,C45681831
DEC_C47613488,DEC,C47613488
DEC_C14257298,DEC,C14257298
DEC_C51054699,DEC,C51054699
DEC_C13489361,DEC,C13489361
DEC_C13489377,DEC,C13489377
DEC_C55161959,DEC,C55161959
DEC_C63362689,DEC,C63362689
DEC_C63372988,DEC,C63372988
DEC_C63848244,DEC,C63848244
DEC_C63934201,DEC,C63934201
DEC_C63994057,DEC,C63994057
DEC_C64409695,DEC,C64409695
DEC_C64684846,DEC,C64684846
DEC_C64684849,DEC,C64684849
DEC_C65124624,DEC,C65124624
DEC_C67561922,DEC,C67561922
DEC_C67608524,DEC,C67608524
DEC_C67642849,DEC,C67642849
DEC_C03938480,DEC,C03938480
DEC_C09350611,DEC,C09350611
DEC_C09911734,DEC,C09911734
DEC_C15519169,DEC,C15519169
DEC_C18939433,DEC,C18939433
DEC_C19732749,DEC,C19732749
DEC_C19812108,DEC,C19812108
DEC_C23667578,DEC,C23667578
DEC_C24892510,DEC,C24892510
DEC_C25124294,DEC,C25124294
DEC_C25539829,DEC,C25539829
DEC_C26647878,DEC,C26647878
DEC_C27557873,DEC,C27557873
DEC_C28535047,DEC,C28535047
DEC_C29499932,DEC,C29499932
DEC_C22808222,DEC,C22808222
DEC_C39605351,DEC,C39605351
DEC_C39605419,DEC,C39605419
DEC_C39605469,DEC,C39605469
DEC_C39656232,DEC,C39656232
DEC_C39683978,DEC,C39683978
DEC_C39693497,DEC,C39693497
DEC_C39709417,DEC,C39709417
DEC_C22922299,DEC,C22922299
DEC_C43138200,DEC,C43138200
DEC_C45511629,DEC,C45511629
DEC_C45565217,DEC,C45565217
DEC_C48305410,DEC,C48305410
DEC_C48340550,DEC,C48340550
DEC_C54044259,DEC,C54044259
DEC_C57037714,DEC,C57037714
DEC_C33626475,DEC,C33626475
DEC_C26647301,DEC,C26647301
DEC_C59038227,DEC,C59038227
DEC_C60042055,DEC,C60042055
DEC_C63097723,DEC,C63097723
DEC_C63492299,DEC,C63492299
DEC_C63855249,DEC,C63855249
DEC_C64228641,DEC,C64228641
DEC_C51101461,DEC,C51101461
DEC_C65482852,DEC,C65482852
DEC_C66497133,DEC,C66497133
DEC_C66651191,DEC,C66651191
DEC_C66651193,DEC,C66651193
DEC_C66702748,DEC,C66702748
DEC_C67381680,DEC,C67381680
DEC_C67389366,DEC,C67389366
DEC_C19742381,DEC,C19742381
DEC_C67609600,DEC,C67609600
DEC_C67643346,DEC,C67643346
DEC_C03610672,DEC,C03610672
DEC_C05018305,DEC,C05018305
DEC_C06566419,DEC,C06566419
DEC_C06999802,DEC,C06999802
DEC_C09140217,DEC,C09140217
DEC_C03408850,DEC,C03408850
DEC_C10243368,DEC,C10243368
DEC_C10532193,DEC,C10532193
DEC_C12629937,DEC,C12629937
DEC_C12532367,DEC,C12532367
DEC_C14900004,DEC,C14900004
DEC_C16213953,DEC,C16213953
DEC_C16673600,DEC,C16673600
DEC_C20906612,DEC,C20906612
DEC_C15587235,DEC,C15587235
DEC_C25886019,DEC,C25886019
DEC_C33310250,DEC,C33310250
DEC_C34909260,DEC,C34909260
DEC_C34909261,DEC,C34909261
DEC_C35128973,DEC,C35128973
DEC_C20547276,DEC,C20547276
DEC_C03595387,DEC,C03595387
DEC_C40757829,DEC,C40757829
DEC_C40824367,DEC,C40824367
DEC_C41301376,DEC,C41301376
DEC_C41301387,DEC,C41301387
DEC_C48552733,DEC,C48552733
DEC_C19974234,DEC,C19974234
DEC_C50056750,DEC,C50056750
DEC_C09329280,DEC,C09329280
DEC_C54550876,DEC,C54550876
DEC_C57029429,DEC,C57029429
DEC_C57029430,DEC,C57029430
DEC_C07722402,DEC,C07722402
DEC_C36051592,DEC,C36051592
DEC_C58319383,DEC,C58319383
DEC_C58386272,DEC,C58386272
DEC_C58569714,DEC,C58569714
DEC_C27836231,DEC,C27836231
DEC_C63646899,DEC,C63646899
DEC_C63807137,DEC,C63807137
DEC_C65462840,DEC,C65462840
DEC_C65492891,DEC,C65492891
DEC_C65696188,DEC,C65696188
DEC_C65865566,DEC,C65865566
DEC_C66614034,DEC,C66614034
DEC_C66782847,DEC,C66782847
DEC_C67309946,DEC,C67309946
DEC_C67372890,DEC,C67372890
DEC_C67561097,DEC,C67561097
DEC_C08253762,DEC,C08253762
DEC_C08745362,DEC,C08745362
DEC_C09220300,DEC,C09220300
DEC_C10217766,DEC,C10217766
DEC_C11666970,DEC,C11666970
DEC_C12693748,DEC,C12693748
DEC_C12520567,DEC,C12520567
DEC_C14748451,DEC,C14748451
DEC_C16554024,DEC,C16554024
DEC_C16714108,DEC,C16714108
DEC_C20366503,DEC,C20366503
DEC_C20504124,DEC,C20504124
DEC_C20973344,DEC,C20973344
DEC_C21761912,DEC,C21761912
DEC_C25401842,DEC,C25401842
DEC_C25612473,DEC,C25612473
DEC_C26570278,DEC,C26570278
DEC_C28467019,DEC,C28467019
DEC_C29043378,DEC,C29043378
DEC_C32827953,DEC,C32827953
DEC_C34388735,DEC,C34388735
DEC_C32776032,DEC,C32776032
DEC_C04337484,DEC,C04337484
DEC_C39147120,DEC,C39147120
DEC_C39916029,DEC,C39916029
DEC_C40394889,DEC,C40394889
DEC_C33893510,DEC,C33893510
DEC_C33630068,DEC,C33630068
DEC_C43221885,DEC,C43221885
DEC_C43553758,DEC,C43553758
DEC_C43743788,DEC,C43743788
DEC_C45162412,DEC,C45162412
DEC_C45255503,DEC,C45255503
DEC_C45716537,DEC,C45716537
DEC_C15957697,DEC,C15957697
DEC_C15959799,DEC,C15959799
DEC_C15968727,DEC,C15968727
DEC_C15969835,DEC,C15969835
DEC_C16021176,DEC,C16021176
DEC_C16021179,DEC,C16021179
DEC_C16022199,DEC,C16022199
DEC_C13592151,DEC,C13592151
DEC_C57699814,DEC,C57699814
DEC_C16010131,DEC,C16010131
DEC_C15956657,DEC,C15956657
DEC_C20611108,DEC,C20611108
DEC_C64683994,DEC,C64683994
DEC_C64684139,DEC,C64684139
DEC_C64684345,DEC,C64684345
DEC_C64684639,DEC,C64684639
DEC_C04556992,DEC,C04556992
DEC_C05469936,DEC,C05469936
DEC_C06719458,DEC,C06719458
DEC_C08873260,DEC,C08873260
DEC_C10129401,DEC,C10129401
DEC_C11592628,DEC,C11592628
DEC_C12411455,DEC,C12411455
DEC_C12885125,DEC,C12885125
DEC_C13799369,DEC,C13799369
DEC_C15708752,DEC,C15708752
DEC_C19802029,DEC,C19802029
DEC_C20465893,DEC,C20465893
DEC_C21985994,DEC,C21985994
DEC_C22047728,DEC,C22047728
DEC_C22842503,DEC,C22842503
DEC_C02455118,DEC,C02455118
DEC_C24671676,DEC,C24671676
DEC_C26490926,DEC,C26490926
DEC_C29569029,DEC,C29569029
DEC_C28974378,DEC,C28974378
DEC_C20463921,DEC,C20463921
DEC_C32935672,DEC,C32935672
DEC_C33034166,DEC,C33034166
DEC_C34747413,DEC,C34747413
DEC_C17020573,DEC,C17020573
DEC_C36369754,DEC,C36369754
DEC_C05045010,DEC,C05045010
DEC_C03830997,DEC,C03830997
DEC_C38688943,DEC,C38688943
DEC_C38966009,DEC,C38966009
DEC_C39559754,DEC,C39559754
DEC_C39676356,DEC,C39676356
DEC_C39948773,DEC,C39948773
DEC_C41301868,DEC,C41301868
DEC_C42893859,DEC,C42893859
DEC_C33700037,DEC,C33700037
DEC_C43554256,DEC,C43554256
DEC_C44463971,DEC,C44463971
DEC_C44550560,DEC,C44550560
DEC_C47964140,DEC,C47964140
DEC_C48447371,DEC,C48447371
DEC_C51061539,DEC,C51061539
DEC_C29467636,DEC,C29467636
DEC_C62587478,DEC,C62587478
DEC_C38971422,DEC,C38971422
DEC_C39995866,DEC,C39995866
DEC_C63994060,DEC,C63994060
DEC_C64277620,DEC,C64277620
DEC_C64622241,DEC,C64622241
DEC_C65435736,DEC,C65435736
DEC_C01586980,DEC,C01586980
DEC_C06760830,DEC,C06760830
DEC_C04177762,DEC,C04177762
DEC_C08914083,DEC,C08914083
DEC_C08964019,DEC,C08964019
DEC_C16444980,DEC,C16444980
DEC_C19732747,DEC,C19732747
DEC_C24339040,DEC,C24339040
DEC_C25518172,DEC,C25518172
DEC_C28000285,DEC,C28000285
DEC_C31816590,DEC,C31816590
DEC_C36352090,DEC,C36352090
DEC_C39482851,DEC,C39482851
DEC_C39601619,DEC,C39601619
DEC_C39601708,DEC,C39601708
DEC_C39601735,DEC,C39601735
DEC_C39605570,DEC,C39605570
DEC_C39631226,DEC,C39631226
DEC_C39631230,DEC,C39631230
DEC_C39631234,DEC,C39631234
DEC_C39631261,DEC,C39631261
DEC_C22936729,DEC,C22936729
DEC_C41666179,DEC,C41666179
DEC_C43109713,DEC,C43109713
DEC_C43676889,DEC,C43676889
DEC_C44714082,DEC,C44714082
DEC_C44714138,DEC,C44714138
DEC_C44714250,DEC,C44714250
DEC_C44802830,DEC,C44802830
DEC_C46254876,DEC,C46254876
DEC_C46602167,DEC,C46602167
DEC_C46763237,DEC,C46763237
DEC_C48305411,DEC,C48305411
DEC_C49750220,DEC,C49750220
DEC_C56170521,DEC,C56170521
DEC_C57037713,DEC,C57037713
DEC_C57626974,DEC,C57626974
DEC_C63333056,DEC,C63333056
DEC_C63508128,DEC,C63508128
DEC_C63557273,DEC,C63557273
DEC_C63557546,DEC,C63557546
DEC_C63710629,DEC,C63710629
DEC_C64190781,DEC,C64190781
DEC_C64479910,DEC,C64479910
DEC_C64697317,DEC,C64697317
DEC_C64735101,DEC,C64735101
DEC_C65124788,DEC,C65124788
DEC_C65467062,DEC,C65467062
DEC_C07289479,DEC,C07289479
DEC_C67460206,DEC,C67460206
DEC_C04727976,DEC,C04727976
DEC_C04738075,DEC,C04738075
DEC_C04971302,DEC,C04971302
DEC_C01738505,DEC,C01738505
DEC_C05341225,DEC,C05341225
DEC_C01797215,DEC,C01797215
DEC_C07717805,DEC,C07717805
DEC_C08724564,DEC,C08724564
DEC_C09067779,DEC,C09067779
DEC_C12751213,DEC,C12751213
DEC_C12925032,DEC,C12925032
DEC_C15369303,DEC,C15369303
DEC_C19805164,DEC,C19805164
DEC_C32743508,DEC,C32743508
DEC_C33435933,DEC,C33435933
DEC_C16577118,DEC,C16577118
DEC_C00848938,DEC,C00848938
DEC_C00862672,DEC,C00862672
DEC_C04626116,DEC,C04626116
DEC_C38613236,DEC,C38613236
DEC_C38626304,DEC,C38626304
DEC_C38708372,DEC,C38708372
DEC_C38976522,DEC,C38976522
DEC_C38980834,DEC,C38980834
DEC_C39279909,DEC,C39279909
DEC_C39502159,DEC,C39502159
DEC_C39571095,DEC,C39571095
DEC_C39573915,DEC,C39573915
DEC_C40586121,DEC,C40586121
DEC_C40596175,DEC,C40596175
DEC_C40608383,DEC,C40608383
DEC_C40612608,DEC,C40612608
DEC_C42678126,DEC,C42678126
DEC_C43965421,DEC,C43965421
DEC_C06557808,DEC,C06557808
DEC_C50929764,DEC,C50929764
DEC_C52488164,DEC,C52488164
DEC_C21548834,DEC,C21548834
DEC_C44966795,DEC,C44966795
DEC_C31657933,DEC,C31657933
DEC_C58865918,DEC,C58865918
DEC_C06949276,DEC,C06949276
DEC_C54251716,DEC,C54251716
DEC_C05921470,DEC,C05921470
DEC_C61596001,DEC,C61596001
DEC_C62720503,DEC,C62720503
DEC_C63412772,DEC,C63412772
DEC_C65137928,DEC,C65137928
DEC_C65691521,DEC,C65691521
DEC_C66670159,DEC,C66670159
DEC_C08870738,DEC,C08870738
DEC_C09028334,DEC,C09028334
DEC_C09238227,DEC,C09238227
DEC_C09313203,DEC,C09313203
DEC_C13050207,DEC,C13050207
DEC_C13079413,DEC,C13079413
DEC_C13184515,DEC,C13184515
DEC_C13248983,DEC,C13248983
DEC_C13254206,DEC,C13254206
DEC_C13336883,DEC,C13336883
DEC_C13356139,DEC,C13356139
DEC_C15930789,DEC,C15930789
DEC_C16926982,DEC,C16926982
DEC_C16928031,DEC,C16928031
DEC_C19645142,DEC,C19645142
DEC_C19648096,DEC,C19648096
DEC_C20791378,DEC,C20791378
DEC_C17094626,DEC,C17094626
DEC_C17094627,DEC,C17094627
DEC_C03846501,DEC,C03846501
DEC_C35709722,DEC,C35709722
DEC_C35709911,DEC,C35709911
DEC_C03072671,DEC,C03072671
DEC_C13142122,DEC,C13142122
DEC_C39899539,DEC,C39899539
DEC_C13598436,DEC,C13598436
DEC_C40284432,DEC,C40284432
DEC_C39898034,DEC,C39898034
DEC_C02583009,DEC,C02583009
DEC_C44321596,DEC,C44321596
DEC_C44321629,DEC,C44321629
DEC_C44322752,DEC,C44322752
DEC_C44323048,DEC,C44323048
DEC_C44323335,DEC,C44323335
DEC_C44323448,DEC,C44323448
DEC_C44324513,DEC,C44324513
DEC_C44325102,DEC,C44325102
DEC_C44377823,DEC,C44377823
DEC_C44859344,DEC,C44859344
DEC_C58845895,DEC,C58845895
DEC_C14360137,DEC,C14360137
DEC_C59226945,DEC,C59226945
DEC_C59248405,DEC,C59248405
DEC_C59598842,DEC,C59598842
DEC_C20144495,DEC,C20144495
DEC_C59720910,DEC,C59720910
DEC_C63426581,DEC,C63426581
DEC_C64076448,DEC,C64076448
DEC_C13189398,DEC,C13189398
DEC_C65547927,DEC,C65547927
DEC_C03127212,DEC,C03127212
DEC_C04851955,DEC,C04851955
DEC_C01029759,DEC,C01029759
DEC_C01662799,DEC,C01662799
DEC_C03269163,DEC,C03269163
DEC_C03299122,DEC,C03299122
DEC_C07363629,DEC,C07363629
DEC_C02457818,DEC,C02457818
DEC_C03670608,DEC,C03670608
DEC_C06108997,DEC,C06108997
DEC_C14762669,DEC,C14762669
DEC_C16949455,DEC,C16949455
DEC_C18054276,DEC,C18054276
DEC_C19861593,DEC,C19861593
DEC_C09319492,DEC,C09319492
DEC_C04993307,DEC,C04993307
DEC_C21233503,DEC,C21233503
DEC_C21246628,DEC,C21246628
DEC_C02727120,DEC,C02727120
DEC_C31169798,DEC,C31169798
DEC_C33063223,DEC,C33063223
DEC_C38806461,DEC,C38806461
DEC_C40683195,DEC,C40683195
DEC_C40761239,DEC,C40761239
DEC_C40778774,DEC,C40778774
DEC_C41601585,DEC,C41601585
DEC_C45255924,DEC,C45255924
DEC_C45631709,DEC,C45631709
DEC_C47069957,DEC,C47069957
DEC_C00673805,DEC,C00673805
DEC_C00673801,DEC,C00673801
DEC_C00803150,DEC,C00803150
DEC_C05343998,DEC,C05343998
DEC_C51678911,DEC,C51678911
DEC_C38870304,DEC,C38870304
DEC_C18130930,DEC,C18130930
DEC_C55647823,DEC,C55647823
DEC_C55841993,DEC,C55841993
DEC_C56793497,DEC,C56793497
DEC_C00843346,DEC,C00843346
DEC_C57521144,DEC,C57521144
DEC_C07177480,DEC,C07177480
DEC_C59168408,DEC,C59168408
DEC_C12774167,DEC,C12774167
DEC_C13131433,DEC,C13131433
DEC_C63270887,DEC,C63270887
DEC_C13132261,DEC,C13132261
DEC_C05002565,DEC,C05002565
DEC_C67576323,DEC,C67576323
DEC_C67637747,DEC,C67637747
DEC_C05014578,DEC,C05014578
DEC_C03503391,DEC,C03503391
DEC_C02742029,DEC,C02742029
DEC_C04030514,DEC,C04030514
DEC_C06787288,DEC,C06787288
DEC_C08624336,DEC,C08624336
DEC_C08629208,DEC,C08629208
DEC_C12218688,DEC,C12218688
DEC_C06244514,DEC,C06244514
DEC_C16988894,DEC,C16988894
DEC_C19297729,DEC,C19297729
DEC_C21142919,DEC,C21142919
DEC_C21332064,DEC,C21332064
DEC_C24536470,DEC,C24536470
DEC_C32578438,DEC,C32578438
DEC_C03764599,DEC,C03764599
DEC_C36525837,DEC,C36525837
DEC_C36540281,DEC,C36540281
DEC_C36570924,DEC,C36570924
DEC_C36570925,DEC,C36570925
DEC_C36574198,DEC,C36574198
DEC_C36821238,DEC,C36821238
DEC_C36438446,DEC,C36438446
DEC_C40159227,DEC,C40159227
DEC_C40399166,DEC,C40399166
DEC_C40399268,DEC,C40399268
DEC_C40399426,DEC,C40399426
DEC_C40400533,DEC,C40400533
DEC_C40735081,DEC,C40735081
DEC_C40780595,DEC,C40780595
DEC_C44577535,DEC,C44577535
DEC_C45723367,DEC,C45723367
DEC_C46560637,DEC,C46560637
DEC_C46772147,DEC,C46772147
DEC_C01070341,DEC,C01070341
DEC_C54544405,DEC,C54544405
DEC_C56161060,DEC,C56161060
DEC_C22179243,DEC,C22179243
DEC_C08294824,DEC,C08294824
DEC_C58364392,DEC,C58364392
DEC_C11859302,DEC,C11859302
DEC_C61377428,DEC,C61377428
DEC_C63767080,DEC,C63767080
DEC_C64313313,DEC,C64313313
DEC_C50139283,DEC,C50139283
DEC_C65315474,DEC,C65315474
DEC_C65499176,DEC,C65499176
DEC_C66282444,DEC,C66282444
DEC_C67313599,DEC,C67313599
DEC_C67466830,DEC,C67466830
DEC_C04941357,DEC,C04941357
DEC_C05077279,DEC,C05077279
DEC_C05201447,DEC,C05201447
DEC_C05203430,DEC,C05203430
DEC_C07404341,DEC,C07404341
DEC_C03568445,DEC,C03568445
DEC_C10933079,DEC,C10933079
DEC_C11786718,DEC,C11786718
DEC_C10250605,DEC,C10250605
DEC_C13567458,DEC,C13567458
DEC_C16104100,DEC,C16104100
DEC_C17149013,DEC,C17149013
DEC_C19924294,DEC,C19924294
DEC_C21540080,DEC,C21540080
DEC_C21874136,DEC,C21874136
DEC_C26481773,DEC,C26481773
DEC_C27764652,DEC,C27764652
DEC_C30943595,DEC,C30943595
DEC_C31668998,DEC,C31668998
DEC_C28814902,DEC,C28814902
DEC_C05022350,DEC,C05022350
DEC_C02418134,DEC,C02418134
DEC_C08233012,DEC,C08233012
DEC_C39363233,DEC,C39363233
DEC_C42175922,DEC,C42175922
DEC_C43790004,DEC,C43790004
DEC_C45893996,DEC,C45893996
DEC_C46585933,DEC,C46585933
DEC_C46620194,DEC,C46620194
DEC_C48648760,DEC,C48648760
DEC_C00884620,DEC,C00884620
DEC_C57036442,DEC,C57036442
DEC_C58218392,DEC,C58218392
DEC_C42567985,DEC,C42567985
DEC_C61464897,DEC,C61464897
DEC_C64449032,DEC,C64449032
DEC_C65566182,DEC,C65566182
DEC_C65615158,DEC,C65615158
DEC_C65717559,DEC,C65717559
DEC_C66186818,DEC,C66186818
DEC_C66203577,DEC,C66203577
DEC_C66303570,DEC,C66303570
DEC_C66420790,DEC,C66420790
DEC_C41789919,DEC,C41789919
DEC_C66976032,DEC,C66976032
DEC_C67019952,DEC,C67019952
DEC_C67242958,DEC,C67242958
DEC_C67305429,DEC,C67305429
DEC_C67394337,DEC,C67394337
DEC_C67535073,DEC,C67535073
DEC_C04044111,DEC,C04044111
DEC_C00158575,DEC,C00158575
DEC_C00341258,DEC,C00341258
DEC_C13035242,DEC,C13035242
DEC_C13076647,DEC,C13076647
DEC_C13435142,DEC,C13435142
DEC_C16082891,DEC,C16082891
DEC_C16698051,DEC,C16698051
DEC_C06442668,DEC,C06442668
DEC_C01259821,DEC,C01259821
DEC_C19878658,DEC,C19878658
DEC_C19951742,DEC,C19951742
DEC_C20393129,DEC,C20393129
DEC_C20800435,DEC,C20800435
DEC_C21028659,DEC,C21028659
DEC_C21163828,DEC,C21163828
DEC_C21729998,DEC,C21729998
DEC_C26549029,DEC,C26549029
DEC_C32216741,DEC,C32216741
DEC_C35357493,DEC,C35357493
DEC_C35428859,DEC,C35428859
DEC_C37756647,DEC,C37756647
DEC_C00260654,DEC,C00260654
DEC_C05969759,DEC,C05969759
DEC_C08592312,DEC,C08592312
DEC_C41143790,DEC,C41143790
DEC_C41562827,DEC,C41562827
DEC_C41581408,DEC,C41581408
DEC_C41629798,DEC,C41629798
DEC_C41910367,DEC,C41910367
DEC_C43586950,DEC,C43586950
DEC_C47521277,DEC,C47521277
DEC_C49165064,DEC,C49165064
DEC_C49200838,DEC,C49200838
DEC_C49975552,DEC,C49975552
DEC_C50438645,DEC,C50438645
DEC_C51329320,DEC,C51329320
DEC_C52837721,DEC,C52837721
DEC_C54303152,DEC,C54303152
DEC_C57766148,DEC,C57766148
DEC_C57833456,DEC,C57833456
DEC_C54753783,DEC,C54753783
DEC_C61224579,DEC,C61224579
DEC_C61683809,DEC,C61683809
DEC_C62208533,DEC,C62208533
DEC_C62709362,DEC,C62709362
DEC_C62765260,DEC,C62765260
DEC_C62924100,DEC,C62924100
DEC_C62934947,DEC,C62934947
DEC_C49453932,DEC,C49453932
DEC_C01819272,DEC,C01819272
DEC_C01874267,DEC,C01874267
DEC_C00861903,DEC,C00861903
DEC_C00638326,DEC,C00638326
DEC_C03918293,DEC,C03918293
DEC_C08214812,DEC,C08214812
DEC_C00627828,DEC,C00627828
DEC_C02173023,DEC,C02173023
DEC_C01821891,DEC,C01821891
DEC_C08695545,DEC,C08695545
DEC_C08749705,DEC,C08749705
DEC_C08793522,DEC,C08793522
DEC_C08796833,DEC,C08796833
DEC_C09583947,DEC,C09583947
DEC_C09765676,DEC,C09765676
DEC_C11690861,DEC,C11690861
DEC_C09279924,DEC,C09279924
DEC_C09511080,DEC,C09511080
DEC_C13574518,DEC,C13574518
DEC_C13986212,DEC,C13986212
DEC_C09805023,DEC,C09805023
DEC_C16393089,DEC,C16393089
DEC_C03639951,DEC,C03639951
DEC_C35636253,DEC,C35636253
DEC_C35636255,DEC,C35636255
DEC_C35644835,DEC,C35644835
DEC_C35664892,DEC,C35664892
DEC_C35912539,DEC,C35912539
DEC_C36491148,DEC,C36491148
DEC_C36497176,DEC,C36497176
DEC_C08583283,DEC,C08583283
DEC_C39487817,DEC,C39487817
DEC_C00863367,DEC,C00863367
DEC_C00863365,DEC,C00863365
DEC_C00863484,DEC,C00863484
DEC_C20123497,DEC,C20123497
DEC_C00649206,DEC,C00649206
DEC_C00649806,DEC,C00649806
DEC_C00678756,DEC,C00678756
DEC_C01238766,DEC,C01238766
DEC_C01308223,DEC,C01308223
DEC_C01382080,DEC,C01382080
DEC_C01759223,DEC,C01759223
DEC_C01813704,DEC,C01813704
DEC_C01852422,DEC,C01852422
DEC_C01875966,DEC,C01875966
DEC_C01896090,DEC,C01896090
DEC_C02651365,DEC,C02651365
DEC_C03232721,DEC,C03232721
DEC_C08214844,DEC,C08214844
DEC_C08740072,DEC,C08740072
DEC_C08791013,DEC,C08791013
DEC_C03670374,DEC,C03670374
DEC_C09846893,DEC,C09846893
DEC_C10059078,DEC,C10059078
DEC_C12882650,DEC,C12882650
DEC_C13455753,DEC,C13455753
DEC_C13650757,DEC,C13650757
DEC_C15069344,DEC,C15069344
DEC_C16591131,DEC,C16591131
DEC_C19908511,DEC,C19908511
DEC_C20504510,DEC,C20504510
DEC_C20837396,DEC,C20837396
DEC_C26270447,DEC,C26270447
DEC_C13782497,DEC,C13782497
DEC_C38769713,DEC,C38769713
DEC_C39481899,DEC,C39481899
DEC_C39531062,DEC,C39531062
DEC_C39532132,DEC,C39532132
DEC_C39532133,DEC,C39532133
DEC_C39532678,DEC,C39532678
DEC_C39631443,DEC,C39631443
DEC_C39631453,DEC,C39631453
DEC_C39631553,DEC,C39631553
DEC_C39631558,DEC,C39631558
DEC_C39631851,DEC,C39631851
DEC_C39631930,DEC,C39631930
DEC_C39631965,DEC,C39631965
DEC_C39661881,DEC,C39661881
DEC_C39674538,DEC,C39674538
DEC_C39684152,DEC,C39684152
DEC_C39684241,DEC,C39684241
DEC_C39685758,DEC,C39685758
DEC_C40744468,DEC,C40744468
DEC_C43735935,DEC,C43735935
DEC_C44714218,DEC,C44714218
DEC_C44714457,DEC,C44714457
DEC_C44714511,DEC,C44714511
DEC_C19321868,DEC,C19321868
DEC_C19913459,DEC,C19913459
DEC_C19913461,DEC,C19913461
DEC_C12844686,DEC,C12844686
DEC_C63472956,DEC,C63472956
DEC_C63552607,DEC,C63552607
DEC_C63626079,DEC,C63626079
DEC_C53631893,DEC,C53631893
DEC_C63730271,DEC,C63730271
DEC_C63731999,DEC,C63731999
DEC_C64674483,DEC,C64674483
DEC_C64697776,DEC,C64697776
DEC_C04088627,DEC,C04088627
DEC_C08869021,DEC,C08869021
DEC_C09383506,DEC,C09383506
DEC_C04177838,DEC,C04177838
DEC_C09881504,DEC,C09881504
DEC_C12880953,DEC,C12880953
DEC_C05280917,DEC,C05280917
DEC_C13687633,DEC,C13687633
DEC_C15708088,DEC,C15708088
DEC_C09088431,DEC,C09088431
DEC_C19531820,DEC,C19531820
DEC_C24215707,DEC,C24215707
DEC_C30262234,DEC,C30262234
DEC_C30262238,DEC,C30262238
DEC_C33740735,DEC,C33740735
DEC_C36213542,DEC,C36213542
DEC_C08881247,DEC,C08881247
DEC_C38733008,DEC,C38733008
DEC_C38574002,DEC,C38574002
DEC_C39550197,DEC,C39550197
DEC_C39567364,DEC,C39567364
DEC_C39656101,DEC,C39656101
DEC_C39656115,DEC,C39656115
DEC_C39676191,DEC,C39676191
DEC_C39676235,DEC,C39676235
DEC_C39676248,DEC,C39676248
DEC_C39676255,DEC,C39676255
DEC_C39676264,DEC,C39676264
DEC_C39676265,DEC,C39676265
DEC_C39685747,DEC,C39685747
DEC_C39685765,DEC,C39685765
DEC_C39685883,DEC,C39685883
DEC_C39693438,DEC,C39693438
DEC_C39693504,DEC,C39693504
DEC_C39693505,DEC,C39693505
DEC_C40758766,DEC,C40758766
DEC_C43548285,DEC,C43548285
DEC_C44707871,DEC,C44707871
DEC_C44713845,DEC,C44713845
DEC_C44714163,DEC,C44714163
DEC_C49549920,DEC,C49549920
DEC_C44737334,DEC,C44737334
DEC_C12520297,DEC,C12520297
DEC_C63386340,DEC,C63386340
DEC_C63416387,DEC,C63416387
DEC_C63941193,DEC,C63941193
DEC_C63948429,DEC,C63948429
DEC_C64097907,DEC,C64097907
DEC_C64152362,DEC,C64152362
DEC_C64480137,DEC,C64480137
DEC_C02711236,DEC,C02711236
DEC_C07209760,DEC,C07209760
DEC_C11986920,DEC,C11986920
DEC_C12389460,DEC,C12389460
DEC_C12507020,DEC,C12507020
DEC_C14142970,DEC,C14142970
DEC_C08581203,DEC,C08581203
DEC_C17836226,DEC,C17836226
DEC_C05179063,DEC,C05179063
DEC_C30560514,DEC,C30560514
DEC_C31667593,DEC,C31667593
DEC_C32537300,DEC,C32537300
DEC_C32633206,DEC,C32633206
DEC_C35215872,DEC,C35215872
DEC_C35357716,DEC,C35357716
DEC_C00528638,DEC,C00528638
DEC_C38056215,DEC,C38056215
DEC_C38103772,DEC,C38103772
DEC_C38744704,DEC,C38744704
DEC_C39358245,DEC,C39358245
DEC_C39396742,DEC,C39396742
DEC_C39552497,DEC,C39552497
DEC_C40444214,DEC,C40444214
DEC_C41256553,DEC,C41256553
DEC_C41527718,DEC,C41527718
DEC_C43409507,DEC,C43409507
DEC_C43460746,DEC,C43460746
DEC_C45918578,DEC,C45918578
DEC_C48340262,DEC,C48340262
DEC_C50778430,DEC,C50778430
DEC_C50818646,DEC,C50818646
DEC_C51883730,DEC,C51883730
DEC_C53958531,DEC,C53958531
DEC_C55037086,DEC,C55037086
DEC_C57084881,DEC,C57084881
DEC_C57932329,DEC,C57932329
DEC_C60861820,DEC,C60861820
DEC_C62961260,DEC,C62961260
DEC_C62986490,DEC,C62986490
DEC_C63064026,DEC,C63064026
DEC_C63151327,DEC,C63151327
DEC_C64383649,DEC,C64383649
DEC_C64383654,DEC,C64383654
DEC_C65407119,DEC,C65407119
DEC_C65434924,DEC,C65434924
DEC_C65434926,DEC,C65434926
DEC_C65463804,DEC,C65463804
DEC_C65495255,DEC,C65495255
DEC_C65694802,DEC,C65694802
DEC_C66206029,DEC,C66206029
DEC_C00124021,DEC,C00124021
DEC_C04506775,DEC,C04506775
DEC_C04703181,DEC,C04703181
DEC_C05006141,DEC,C05006141
DEC_C00097473,DEC,C00097473
DEC_C06490755,DEC,C06490755
DEC_C00390928,DEC,C00390928
DEC_C08570203,DEC,C08570203
DEC_C08938665,DEC,C08938665
DEC_C09219332,DEC,C09219332
DEC_C11153984,DEC,C11153984
DEC_C11862780,DEC,C11862780
DEC_C12364679,DEC,C12364679
DEC_C14851885,DEC,C14851885
DEC_C16667128,DEC,C16667128
DEC_C19755031,DEC,C19755031
DEC_C20784933,DEC,C20784933
DEC_C21066018,DEC,C21066018
DEC_C27046940,DEC,C27046940
DEC_C33300485,DEC,C33300485
DEC_C35894302,DEC,C35894302
DEC_C06726711,DEC,C06726711
DEC_C39542989,DEC,C39542989
DEC_C39588094,DEC,C39588094
DEC_C39855111,DEC,C39855111
DEC_C40467657,DEC,C40467657
DEC_C41637463,DEC,C41637463
DEC_C44935339,DEC,C44935339
DEC_C45699131,DEC,C45699131
DEC_C48194339,DEC,C48194339
DEC_C48278442,DEC,C48278442
DEC_C48342986,DEC,C48342986
DEC_C48559255,DEC,C48559255
DEC_C50351856,DEC,C50351856
DEC_C57521577,DEC,C57521577
DEC_C08997351,DEC,C08997351
DEC_C57682337,DEC,C57682337
DEC_C58161787,DEC,C58161787
DEC_C42009535,DEC,C42009535
DEC_C16698246,DEC,C16698246
DEC_C61140906,DEC,C61140906
DEC_C61844537,DEC,C61844537
DEC_C61997366,DEC,C61997366
DEC_C63846656,DEC,C63846656
DEC_C58282365,DEC,C58282365
DEC_C64550238,DEC,C64550238
DEC_C46962577,DEC,C46962577
DEC_C65432568,DEC,C65432568
DEC_C65488873,DEC,C65488873
DEC_C67014102,DEC,C67014102
DEC_C03838400,DEC,C03838400
DEC_C01196783,DEC,C01196783
DEC_C02856919,DEC,C02856919
DEC_C05956124,DEC,C05956124
DEC_C06825143,DEC,C06825143
DEC_C08295876,DEC,C08295876
DEC_C08636352,DEC,C08636352
DEC_C12425048,DEC,C12425048
DEC_C12940376,DEC,C12940376
DEC_C12940391,DEC,C12940391
DEC_C13864431,DEC,C13864431
DEC_C16958604,DEC,C16958604
DEC_C17133621,DEC,C17133621
DEC_C17252494,DEC,C17252494
DEC_C02794119,DEC,C02794119
DEC_C02794117,DEC,C02794117
DEC_C20504112,DEC,C20504112
DEC_C25612481,DEC,C25612481
DEC_C26402557,DEC,C26402557
DEC_C26477907,DEC,C26477907
DEC_C06137713,DEC,C06137713
DEC_C32991024,DEC,C32991024
DEC_C33063386,DEC,C33063386
DEC_C04452931,DEC,C04452931
DEC_C06477013,DEC,C06477013
DEC_C35644645,DEC,C35644645
DEC_C36598218,DEC,C36598218
DEC_C39147119,DEC,C39147119
DEC_C39147121,DEC,C39147121
DEC_C39252457,DEC,C39252457
DEC_C39252459,DEC,C39252459
DEC_C39916028,DEC,C39916028
DEC_C43743790,DEC,C43743790
DEC_C44020934,DEC,C44020934
DEC_C15956671,DEC,C15956671
DEC_C15959703,DEC,C15959703
DEC_C16032917,DEC,C16032917
DEC_C16032934,DEC,C16032934
DEC_C16032936,DEC,C16032936
DEC_C15969833,DEC,C15969833
DEC_C15969930,DEC,C15969930
DEC_C16010299,DEC,C16010299
DEC_C16010301,DEC,C16010301
DEC_C16011470,DEC,C16011470
DEC_C16012950,DEC,C16012950
DEC_C59854632,DEC,C59854632
DEC_C59989185,DEC,C59989185
DEC_C62001290,DEC,C62001290
DEC_C64683977,DEC,C64683977
DEC_C64684137,DEC,C64684137
DEC_C04018103,DEC,C04018103
DEC_C04018726,DEC,C04018726
DEC_C04097843,DEC,C04097843
DEC_C04200944,DEC,C04200944
DEC_C04897163,DEC,C04897163
DEC_C06616822,DEC,C06616822
DEC_C06974653,DEC,C06974653
DEC_C08844387,DEC,C08844387
DEC_C10271817,DEC,C10271817
DEC_C12296272,DEC,C12296272
DEC_C12402313,DEC,C12402313
DEC_C06571234,DEC,C06571234
DEC_C06571236,DEC,C06571236
DEC_C13570044,DEC,C13570044
DEC_C14811844,DEC,C14811844
DEC_C15899462,DEC,C15899462
DEC_C16655602,DEC,C16655602
DEC_C20504108,DEC,C20504108
DEC_C20504135,DEC,C20504135
DEC_C22024188,DEC,C22024188
DEC_C32594330,DEC,C32594330
DEC_C33771843,DEC,C33771843
DEC_C34388731,DEC,C34388731
DEC_C35590900,DEC,C35590900
DEC_C03361130,DEC,C03361130
DEC_C39252296,DEC,C39252296
DEC_C39454650,DEC,C39454650
DEC_C39590263,DEC,C39590263
DEC_C39915950,DEC,C39915950
DEC_C39915983,DEC,C39915983
DEC_C40129485,DEC,C40129485
DEC_C43212001,DEC,C43212001
DEC_C43212179,DEC,C43212179
DEC_C45842291,DEC,C45842291
DEC_C15967535,DEC,C15967535
DEC_C15968833,DEC,C15968833
DEC_C13774800,DEC,C13774800
DEC_C16021536,DEC,C16021536
DEC_C20572232,DEC,C20572232
DEC_C16254789,DEC,C16254789
DEC_C59008694,DEC,C59008694
DEC_C59293241,DEC,C59293241
DEC_C13464227,DEC,C13464227
DEC_C15959940,DEC,C15959940
DEC_C63552516,DEC,C63552516
DEC_C64097940,DEC,C64097940
DEC_C64198807,DEC,C64198807
DEC_C64683331,DEC,C64683331
DEC_C64684123,DEC,C64684123
DEC_C64684320,DEC,C64684320
DEC_C03524710,DEC,C03524710
DEC_C03516769,DEC,C03516769
DEC_C03516768,DEC,C03516768
DEC_C04477159,DEC,C04477159
DEC_C04768191,DEC,C04768191
DEC_C04768192,DEC,C04768192
DEC_C06464260,DEC,C06464260
DEC_C07726214,DEC,C07726214
DEC_C07778208,DEC,C07778208
DEC_C07778209,DEC,C07778209
DEC_C08947595,DEC,C08947595
DEC_C09262237,DEC,C09262237
DEC_C14268057,DEC,C14268057
DEC_C14268133,DEC,C14268133
DEC_C18041187,DEC,C18041187
DEC_C19961262,DEC,C19961262
DEC_C20725372,DEC,C20725372
DEC_C20804160,DEC,C20804160
DEC_C21543586,DEC,C21543586
DEC_C12623459,DEC,C12623459
DEC_C27832867,DEC,C27832867
DEC_C30681170,DEC,C30681170
DEC_C32602564,DEC,C32602564
DEC_C36701643,DEC,C36701643
DEC_C03290783,DEC,C03290783
DEC_C39370343,DEC,C39370343
DEC_C40736608,DEC,C40736608
DEC_C43070379,DEC,C43070379
DEC_C43925871,DEC,C43925871
DEC_C07222102,DEC,C07222102
DEC_C45551255,DEC,C45551255
DEC_C45551260,DEC,C45551260
DEC_C46489745,DEC,C46489745
DEC_C46501043,DEC,C46501043
DEC_C51618519,DEC,C51618519
DEC_C08995246,DEC,C08995246
DEC_C29867722,DEC,C29867722
DEC_C08321069,DEC,C08321069
DEC_C48102339,DEC,C48102339
DEC_C62411451,DEC,C62411451
DEC_C63416429,DEC,C63416429
DEC_C64120332,DEC,C64120332
DEC_C64732445,DEC,C64732445
DEC_C64959848,DEC,C64959848
DEC_C65964708,DEC,C65964708
DEC_C66288079,DEC,C66288079
DEC_C05293293,DEC,C05293293
DEC_C66683146,DEC,C66683146
DEC_C67313022,DEC,C67313022
DEC_C67475556,DEC,C67475556
DEC_C03843260,DEC,C03843260
DEC_C04317070,DEC,C04317070
DEC_C04474136,DEC,C04474136
DEC_C00306709,DEC,C00306709
DEC_C04870382,DEC,C04870382
DEC_C01738492,DEC,C01738492
DEC_C01774188,DEC,C01774188
DEC_C06061529,DEC,C06061529
DEC_C06763770,DEC,C06763770
DEC_C07053326,DEC,C07053326
DEC_C07821598,DEC,C07821598
DEC_C08212664,DEC,C08212664
DEC_C08546872,DEC,C08546872
DEC_C00337264,DEC,C00337264
DEC_C10031659,DEC,C10031659
DEC_C10121514,DEC,C10121514
DEC_C13495321,DEC,C13495321
DEC_C13631843,DEC,C13631843
DEC_C13719193,DEC,C13719193
DEC_C21125522,DEC,C21125522
DEC_C25406251,DEC,C25406251
DEC_C32578852,DEC,C32578852
DEC_C06797586,DEC,C06797586
DEC_C03324169,DEC,C03324169
DEC_C04488720,DEC,C04488720
DEC_C05069479,DEC,C05069479
DEC_C05069482,DEC,C05069482
DEC_C08597051,DEC,C08597051
DEC_C39352136,DEC,C39352136
DEC_C35026851,DEC,C35026851
DEC_C54827612,DEC,C54827612
DEC_C56455107,DEC,C56455107
DEC_C46008906,DEC,C46008906
DEC_C59517912,DEC,C59517912
DEC_C28294283,DEC,C28294283
DEC_C63806986,DEC,C63806986
DEC_C40002440,DEC,C40002440
DEC_C64981585,DEC,C64981585
DEC_C64982298,DEC,C64982298
DEC_C64982300,DEC,C64982300
DEC_C66129279,DEC,C66129279
DEC_C66129310,DEC,C66129310
DEC_C66254077,DEC,C66254077
DEC_C66433716,DEC,C66433716
DEC_C66454317,DEC,C66454317
DEC_C66956669,DEC,C66956669
DEC_C67028461,DEC,C67028461
DEC_C67099480,DEC,C67099480
DEC_C67194087,DEC,C67194087
DEC_C67566613,DEC,C67566613
DEC_C02129948,DEC,C02129948
DEC_C03610256,DEC,C03610256
DEC_C01921783,DEC,C01921783
DEC_C01427255,DEC,C01427255
DEC_C00450725,DEC,C00450725
DEC_C05145849,DEC,C05145849
DEC_C05146026,DEC,C05146026
DEC_C08622934,DEC,C08622934
DEC_C09721393,DEC,C09721393
DEC_C12346845,DEC,C12346845
DEC_C07048199,DEC,C07048199
DEC_C15274356,DEC,C15274356
DEC_C19593030,DEC,C19593030
DEC_C14095581,DEC,C14095581
DEC_C37323791,DEC,C37323791
DEC_C37856692,DEC,C37856692
DEC_C02915422,DEC,C02915422
DEC_C09089152,DEC,C09089152
DEC_C39195895,DEC,C39195895
DEC_C39323286,DEC,C39323286
DEC_C39447616,DEC,C39447616
DEC_C39715960,DEC,C39715960
DEC_C01511050,DEC,C01511050
DEC_C12790138,DEC,C12790138
DEC_C40802390,DEC,C40802390
DEC_C41546947,DEC,C41546947
DEC_C42028775,DEC,C42028775
DEC_C42824433,DEC,C42824433
DEC_C44272514,DEC,C44272514
DEC_C44281500,DEC,C44281500
DEC_C44496935,DEC,C44496935
DEC_C45282780,DEC,C45282780
DEC_C12341105,DEC,C12341105
DEC_C50376982,DEC,C50376982
DEC_C50710440,DEC,C50710440
DEC_C54982228,DEC,C54982228
DEC_C56145247,DEC,C56145247
DEC_C58457608,DEC,C58457608
DEC_C61053331,DEC,C61053331
DEC_C61518825,DEC,C61518825
DEC_C62842862,DEC,C62842862
DEC_C63807631,DEC,C63807631
DEC_C63525723,DEC,C63525723
DEC_C63847123,DEC,C63847123
DEC_C64208416,DEC,C64208416
DEC_C65371197,DEC,C65371197
DEC_C65407430,DEC,C65407430
DEC_C66179986,DEC,C66179986
DEC_C66191356,DEC,C66191356
DEC_C31807523,DEC,C31807523
DEC_C11634122,DEC,C11634122
DEC_C17140393,DEC,C17140393
DEC_C17352104,DEC,C17352104
DEC_C19470014,DEC,C19470014
DEC_C19507731,DEC,C19507731
DEC_C19845586,DEC,C19845586
DEC_C34719329,DEC,C34719329
DEC_C35354304,DEC,C35354304
DEC_C35383244,DEC,C35383244
DEC_C35428153,DEC,C35428153
DEC_C36142267,DEC,C36142267
DEC_C36788884,DEC,C36788884
DEC_C36790139,DEC,C36790139
DEC_C37757228,DEC,C37757228
DEC_C00292458,DEC,C00292458
DEC_C32534242,DEC,C32534242
DEC_C40687872,DEC,C40687872
DEC_C40708274,DEC,C40708274
DEC_C40732560,DEC,C40732560
DEC_C43541114,DEC,C43541114
DEC_C44784652,DEC,C44784652
DEC_C44785315,DEC,C44785315
DEC_C44864500,DEC,C44864500
DEC_C45091504,DEC,C45091504
DEC_C48258242,DEC,C48258242
DEC_C48421995,DEC,C48421995
DEC_C48443645,DEC,C48443645
DEC_C48889158,DEC,C48889158
DEC_C48923282,DEC,C48923282
DEC_C49144570,DEC,C49144570
DEC_C49163867,DEC,C49163867
DEC_C49352250,DEC,C49352250
DEC_C49469058,DEC,C49469058
DEC_C49477409,DEC,C49477409
DEC_C49976152,DEC,C49976152
DEC_C51126435,DEC,C51126435
DEC_C51150221,DEC,C51150221
DEC_C51150651,DEC,C51150651
DEC_C51170472,DEC,C51170472
DEC_C51580404,DEC,C51580404
DEC_C51750429,DEC,C51750429
DEC_C52731336,DEC,C52731336
DEC_C50648847,DEC,C50648847
DEC_C37139886,DEC,C37139886
DEC_C37783708,DEC,C37783708
DEC_C61594048,DEC,C61594048
DEC_C61640117,DEC,C61640117
DEC_C62350766,DEC,C62350766
DEC_C12112692,DEC,C12112692
DEC_C62777819,DEC,C62777819
DEC_C04029053,DEC,C04029053
DEC_C04553996,DEC,C04553996
DEC_C01950564,DEC,C01950564
DEC_C05424186,DEC,C05424186
DEC_C05741041,DEC,C05741041
DEC_C05741043,DEC,C05741043
DEC_C20275554,DEC,C20275554
DEC_C03866081,DEC,C03866081
DEC_C25182309,DEC,C25182309
DEC_C29571570,DEC,C29571570
DEC_C34938941,DEC,C34938941
DEC_C34938945,DEC,C34938945
DEC_C35285002,DEC,C35285002
DEC_C36813013,DEC,C36813013
DEC_C36949856,DEC,C36949856
DEC_C36991672,DEC,C36991672
DEC_C36991703,DEC,C36991703
DEC_C37129856,DEC,C37129856
DEC_C37151521,DEC,C37151521
DEC_C37334673,DEC,C37334673
DEC_C37766983,DEC,C37766983
DEC_C05275637,DEC,C05275637
DEC_C04011478,DEC,C04011478
DEC_C41069198,DEC,C41069198
DEC_C43259036,DEC,C43259036
DEC_C43290077,DEC,C43290077
DEC_C43407313,DEC,C43407313
DEC_C43569134,DEC,C43569134
DEC_C43675692,DEC,C43675692
DEC_C43737406,DEC,C43737406
DEC_C44233522,DEC,C44233522
DEC_C48786696,DEC,C48786696
DEC_C48866684,DEC,C48866684
DEC_C49514682,DEC,C49514682
DEC_C49514684,DEC,C49514684
DEC_C50369193,DEC,C50369193
DEC_C51580459,DEC,C51580459
DEC_C52094570,DEC,C52094570
DEC_C52860143,DEC,C52860143
DEC_C55023703,DEC,C55023703
DEC_C55023810,DEC,C55023810
DEC_C12384372,DEC,C12384372
DEC_C36877936,DEC,C36877936
DEC_C42952396,DEC,C42952396
DEC_C43090839,DEC,C43090839
DEC_C43090848,DEC,C43090848
DEC_C61812422,DEC,C61812422
DEC_C61856911,DEC,C61856911
DEC_C62776069,DEC,C62776069
DEC_C62789130,DEC,C62789130
DEC_C07091494,DEC,C07091494
DEC_C12660519,DEC,C12660519
DEC_C14083577,DEC,C14083577
DEC_C36268863,DEC,C36268863
DEC_C36746960,DEC,C36746960
DEC_C36813139,DEC,C36813139
DEC_C37031327,DEC,C37031327
DEC_C37630601,DEC,C37630601
DEC_C37636871,DEC,C37636871
DEC_C37725355,DEC,C37725355
DEC_C37734473,DEC,C37734473
DEC_C37899974,DEC,C37899974
DEC_C39531161,DEC,C39531161
DEC_C39531556,DEC,C39531556
DEC_C39533413,DEC,C39533413
DEC_C39850866,DEC,C39850866
DEC_C40940936,DEC,C40940936
DEC_C41027246,DEC,C41027246
DEC_C42692070,DEC,C42692070
DEC_C42946595,DEC,C42946595
DEC_C42948962,DEC,C42948962
DEC_C43087836,DEC,C43087836
DEC_C43252235,DEC,C43252235
DEC_C43253784,DEC,C43253784
DEC_C43262654,DEC,C43262654
DEC_C44254179,DEC,C44254179
DEC_C44254557,DEC,C44254557
DEC_C44399180,DEC,C44399180
DEC_C45551364,DEC,C45551364
DEC_C45551506,DEC,C45551506
DEC_C45552380,DEC,C45552380
DEC_C45557716,DEC,C45557716
DEC_C48633784,DEC,C48633784
DEC_C49224921,DEC,C49224921
DEC_C52094328,DEC,C52094328
DEC_C52094402,DEC,C52094402
DEC_C52094433,DEC,C52094433
DEC_C52094436,DEC,C52094436
DEC_C52905695,DEC,C52905695
DEC_C54205713,DEC,C54205713
DEC_C17025395,DEC,C17025395
DEC_C57830773,DEC,C57830773
DEC_C42404691,DEC,C42404691
DEC_C61441015,DEC,C61441015
DEC_C61678459,DEC,C61678459
DEC_C62070898,DEC,C62070898
DEC_C62704228,DEC,C62704228
DEC_C62794229,DEC,C62794229
DEC_C66244917,DEC,C66244917
DEC_C67004532,DEC,C67004532
DEC_C19482115,DEC,C19482115
DEC_C19918814,DEC,C19918814
DEC_C20077919,DEC,C20077919
DEC_C21037134,DEC,C21037134
DEC_C21046859,DEC,C21046859
DEC_C22017485,DEC,C22017485
DEC_C34132282,DEC,C34132282
DEC_C34957340,DEC,C34957340
DEC_C35488679,DEC,C35488679
DEC_C36307787,DEC,C36307787
DEC_C37393010,DEC,C37393010
DEC_C37997430,DEC,C37997430
DEC_C41116939,DEC,C41116939
DEC_C41116941,DEC,C41116941
DEC_C42352288,DEC,C42352288
DEC_C42398126,DEC,C42398126
DEC_C43290073,DEC,C43290073
DEC_C43475310,DEC,C43475310
DEC_C43475311,DEC,C43475311
DEC_C43687530,DEC,C43687530
DEC_C48786693,DEC,C48786693
DEC_C48891556,DEC,C48891556
DEC_C49148543,DEC,C49148543
DEC_C49148544,DEC,C49148544
DEC_C49511941,DEC,C49511941
DEC_C49561913,DEC,C49561913
DEC_C51169281,DEC,C51169281
DEC_C51169288,DEC,C51169288
DEC_C51169300,DEC,C51169300
DEC_C51169308,DEC,C51169308
DEC_C51580762,DEC,C51580762
DEC_C51580947,DEC,C51580947
DEC_C53125919,DEC,C53125919
DEC_C54733699,DEC,C54733699
DEC_C55023625,DEC,C55023625
DEC_C57663641,DEC,C57663641
DEC_C43091174,DEC,C43091174
DEC_C43092509,DEC,C43092509
DEC_C43092512,DEC,C43092512
DEC_C61811990,DEC,C61811990
DEC_C61812346,DEC,C61812346
DEC_C61856830,DEC,C61856830
DEC_C61951193,DEC,C61951193
DEC_C61951194,DEC,C61951194
DEC_C62014742,DEC,C62014742
DEC_C62794463,DEC,C62794463
DEC_C63000828,DEC,C63000828
DEC_C65393386,DEC,C65393386
DEC_C66940287,DEC,C66940287
DEC_C67298412,DEC,C67298412
DEC_C05807487,DEC,C05807487
DEC_C00537699,DEC,C00537699
DEC_C12112745,DEC,C12112745
DEC_C16808587,DEC,C16808587
DEC_C19838296,DEC,C19838296
DEC_C20159551,DEC,C20159551
DEC_C24959470,DEC,C24959470
DEC_C24959476,DEC,C24959476
DEC_C35556474,DEC,C35556474
DEC_C35675975,DEC,C35675975
DEC_C37060287,DEC,C37060287
DEC_C37320894,DEC,C37320894
DEC_C37906052,DEC,C37906052
DEC_C38056471,DEC,C38056471
DEC_C06499293,DEC,C06499293
DEC_C40676487,DEC,C40676487
DEC_C41021494,DEC,C41021494
DEC_C42014863,DEC,C42014863
DEC_C42014992,DEC,C42014992
DEC_C42014997,DEC,C42014997
DEC_C42015293,DEC,C42015293
DEC_C42016313,DEC,C42016313
DEC_C42026908,DEC,C42026908
DEC_C42029640,DEC,C42029640
DEC_C44022598,DEC,C44022598
DEC_C44716736,DEC,C44716736
DEC_C44749578,DEC,C44749578
DEC_C44923195,DEC,C44923195
DEC_C44923199,DEC,C44923199
DEC_C44928897,DEC,C44928897
DEC_C48927080,DEC,C48927080
DEC_C49094930,DEC,C49094930
DEC_C49147017,DEC,C49147017
DEC_C49236938,DEC,C49236938
DEC_C49236939,DEC,C49236939
DEC_C09359789,DEC,C09359789
DEC_C50309507,DEC,C50309507
DEC_C50792341,DEC,C50792341
DEC_C00078626,DEC,C00078626
DEC_C52298570,DEC,C52298570
DEC_C17146904,DEC,C17146904
DEC_C52841479,DEC,C52841479
DEC_C53070878,DEC,C53070878
DEC_C54414028,DEC,C54414028
DEC_C54414070,DEC,C54414070
DEC_C54527508,DEC,C54527508
DEC_C44923700,DEC,C44923700
DEC_C53110221,DEC,C53110221
DEC_C63216246,DEC,C63216246
DEC_C63458852,DEC,C63458852
DEC_C04884142,DEC,C04884142
DEC_C06857626,DEC,C06857626
DEC_C08131949,DEC,C08131949
DEC_C09912617,DEC,C09912617
DEC_C12430268,DEC,C12430268
DEC_C14745146,DEC,C14745146
DEC_C27400506,DEC,C27400506
DEC_C34812178,DEC,C34812178
DEC_C35990946,DEC,C35990946
DEC_C35990947,DEC,C35990947
DEC_C36007097,DEC,C36007097
DEC_C36314131,DEC,C36314131
DEC_C08765513,DEC,C08765513
DEC_C00876875,DEC,C00876875
DEC_C36274299,DEC,C36274299
DEC_C13116184,DEC,C13116184
DEC_C38508888,DEC,C38508888
DEC_C38732935,DEC,C38732935
DEC_C39000937,DEC,C39000937
DEC_C39162212,DEC,C39162212
DEC_C39314554,DEC,C39314554
DEC_C39325786,DEC,C39325786
DEC_C39748373,DEC,C39748373
DEC_C43414213,DEC,C43414213
DEC_C48375023,DEC,C48375023
DEC_C22292488,DEC,C22292488
DEC_C47263299,DEC,C47263299
DEC_C13591933,DEC,C13591933
DEC_C38798476,DEC,C38798476
DEC_C18046396,DEC,C18046396
DEC_C55758048,DEC,C55758048
DEC_C57414201,DEC,C57414201
DEC_C58133322,DEC,C58133322
DEC_C43149727,DEC,C43149727
DEC_C58853676,DEC,C58853676
DEC_C59364344,DEC,C59364344
DEC_C15676338,DEC,C15676338
DEC_C61473857,DEC,C61473857
DEC_C63303039,DEC,C63303039
DEC_C63376170,DEC,C63376170
DEC_C63478738,DEC,C63478738
DEC_C40287210,DEC,C40287210
DEC_C63824299,DEC,C63824299
DEC_C64479978,DEC,C64479978
DEC_C65034943,DEC,C65034943
DEC_C65260030,DEC,C65260030
DEC_C65265926,DEC,C65265926
DEC_C65266004,DEC,C65266004
DEC_C67480695,DEC,C67480695
DEC_C67480704,DEC,C67480704
DEC_C08374981,DEC,C08374981
DEC_C09819910,DEC,C09819910
DEC_C13511264,DEC,C13511264
DEC_C19948241,DEC,C19948241
DEC_C24567246,DEC,C24567246
DEC_C33501160,DEC,C33501160
DEC_C34897475,DEC,C34897475
DEC_C35283269,DEC,C35283269
DEC_C35346914,DEC,C35346914
DEC_C36749556,DEC,C36749556
DEC_C36955821,DEC,C36955821
DEC_C36973384,DEC,C36973384
DEC_C37069212,DEC,C37069212
DEC_C37295503,DEC,C37295503
DEC_C37691159,DEC,C37691159
DEC_C04195596,DEC,C04195596
DEC_C38089541,DEC,C38089541
DEC_C40220670,DEC,C40220670
DEC_C40361632,DEC,C40361632
DEC_C41092528,DEC,C41092528
DEC_C41402867,DEC,C41402867
DEC_C43384175,DEC,C43384175
DEC_C43385998,DEC,C43385998
DEC_C43560194,DEC,C43560194
DEC_C44011851,DEC,C44011851
DEC_C44977781,DEC,C44977781
DEC_C44977808,DEC,C44977808
DEC_C44978077,DEC,C44978077
DEC_C44978207,DEC,C44978207
DEC_C48469506,DEC,C48469506
DEC_C48847592,DEC,C48847592
DEC_C49121811,DEC,C49121811
DEC_C49179930,DEC,C49179930
DEC_C49212083,DEC,C49212083
DEC_C49432421,DEC,C49432421
DEC_C49861564,DEC,C49861564
DEC_C50564080,DEC,C50564080
DEC_C51752407,DEC,C51752407
DEC_C52099523,DEC,C52099523
DEC_C54498013,DEC,C54498013
DEC_C54689218,DEC,C54689218
DEC_C54965305,DEC,C54965305
DEC_C06678335,DEC,C06678335
DEC_C06678336,DEC,C06678336
DEC_C61846777,DEC,C61846777
DEC_C62540346,DEC,C62540346
DEC_C62666662,DEC,C62666662
DEC_C62825979,DEC,C62825979
DEC_C63010038,DEC,C63010038
DEC_C63057947,DEC,C63057947
DEC_C02502634,DEC,C02502634
DEC_C04085273,DEC,C04085273
DEC_C04369632,DEC,C04369632
DEC_C05195768,DEC,C05195768
DEC_C05195778,DEC,C05195778
DEC_C05600587,DEC,C05600587
DEC_C03222457,DEC,C03222457
DEC_C03353904,DEC,C03353904
DEC_C07666098,DEC,C07666098
DEC_C11324806,DEC,C11324806
DEC_C11665625,DEC,C11665625
DEC_C12346067,DEC,C12346067
DEC_C12346198,DEC,C12346198
DEC_C12346780,DEC,C12346780
DEC_C01096821,DEC,C01096821
DEC_C15730329,DEC,C15730329
DEC_C15730342,DEC,C15730342
DEC_C15730643,DEC,C15730643
DEC_C20431846,DEC,C20431846
DEC_C21895085,DEC,C21895085
DEC_C28573169,DEC,C28573169
DEC_C32591544,DEC,C32591544
DEC_C02051265,DEC,C02051265
DEC_C35745851,DEC,C35745851
DEC_C39507975,DEC,C39507975
DEC_C43746384,DEC,C43746384
DEC_C50039070,DEC,C50039070
DEC_C00844891,DEC,C00844891
DEC_C02236985,DEC,C02236985
DEC_C53994457,DEC,C53994457
DEC_C29491328,DEC,C29491328
DEC_C56768652,DEC,C56768652
DEC_C58391511,DEC,C58391511
DEC_C58436200,DEC,C58436200
DEC_C58456720,DEC,C58456720
DEC_C58456739,DEC,C58456739
DEC_C59381747,DEC,C59381747
DEC_C60241801,DEC,C60241801
DEC_C61692381,DEC,C61692381
DEC_C63161825,DEC,C63161825
DEC_C05130148,DEC,C05130148
DEC_C39955381,DEC,C39955381
DEC_C01065412,DEC,C01065412
DEC_C63869900,DEC,C63869900
DEC_C39405289,DEC,C39405289
DEC_C64660670,DEC,C64660670
DEC_C64775511,DEC,C64775511
DEC_C16901782,DEC,C16901782
DEC_C66044056,DEC,C66044056
DEC_C66739661,DEC,C66739661
DEC_C01393283,DEC,C01393283
DEC_C02840302,DEC,C02840302
DEC_C08789393,DEC,C08789393
DEC_C08790266,DEC,C08790266
DEC_C08791015,DEC,C08791015
DEC_C08791194,DEC,C08791194
DEC_C08855298,DEC,C08855298
DEC_C04177855,DEC,C04177855
DEC_C09356982,DEC,C09356982
DEC_C09383524,DEC,C09383524
DEC_C04177819,DEC,C04177819
DEC_C09723373,DEC,C09723373
DEC_C03670327,DEC,C03670327
DEC_C12332424,DEC,C12332424
DEC_C12243947,DEC,C12243947
DEC_C15007088,DEC,C15007088
DEC_C16495942,DEC,C16495942
DEC_C16495948,DEC,C16495948
DEC_C16958089,DEC,C16958089
DEC_C20504563,DEC,C20504563
DEC_C17127912,DEC,C17127912
DEC_C33301974,DEC,C33301974
DEC_C35375022,DEC,C35375022
DEC_C12570212,DEC,C12570212
DEC_C39534291,DEC,C39534291
DEC_C39534450,DEC,C39534450
DEC_C39631629,DEC,C39631629
DEC_C39656081,DEC,C39656081
DEC_C39656082,DEC,C39656082
DEC_C39657667,DEC,C39657667
DEC_C39657703,DEC,C39657703
DEC_C39671368,DEC,C39671368
DEC_C39674090,DEC,C39674090
DEC_C39684170,DEC,C39684170
DEC_C39684224,DEC,C39684224
DEC_C40744395,DEC,C40744395
DEC_C40826240,DEC,C40826240
DEC_C43548287,DEC,C43548287
DEC_C44714622,DEC,C44714622
DEC_C46585968,DEC,C46585968
DEC_C06733344,DEC,C06733344
DEC_C14157968,DEC,C14157968
DEC_C13387871,DEC,C13387871
DEC_C15015348,DEC,C15015348
DEC_C15947352,DEC,C15947352
DEC_C17466794,DEC,C17466794
DEC_C63746404,DEC,C63746404
DEC_C63784120,DEC,C63784120
DEC_C63785796,DEC,C63785796
DEC_C63948432,DEC,C63948432
DEC_C01083684,DEC,C01083684
DEC_C01760795,DEC,C01760795
DEC_C01705233,DEC,C01705233
DEC_C01705243,DEC,C01705243
DEC_C01762343,DEC,C01762343
DEC_C02541248,DEC,C02541248
DEC_C06480099,DEC,C06480099
DEC_C00330917,DEC,C00330917
DEC_C01578024,DEC,C01578024
DEC_C01698775,DEC,C01698775
DEC_C02242601,DEC,C02242601
DEC_C03844434,DEC,C03844434
DEC_C04578224,DEC,C04578224
DEC_C05010653,DEC,C05010653
DEC_C05376854,DEC,C05376854
DEC_C16892202,DEC,C16892202
DEC_C17109959,DEC,C17109959
DEC_C19168626,DEC,C19168626
DEC_C19726921,DEC,C19726921
DEC_C20443114,DEC,C20443114
DEC_C21948638,DEC,C21948638
DEC_C27638049,DEC,C27638049
DEC_C28615162,DEC,C28615162
DEC_C36334997,DEC,C36334997
DEC_C36868053,DEC,C36868053
DEC_C38342168,DEC,C38342168
DEC_C38949179,DEC,C38949179
DEC_C39061088,DEC,C39061088
DEC_C39061142,DEC,C39061142
DEC_C39061278,DEC,C39061278
DEC_C39063057,DEC,C39063057
DEC_C39064963,DEC,C39064963
DEC_C39069928,DEC,C39069928
DEC_C39072634,DEC,C39072634
DEC_C39072651,DEC,C39072651
DEC_C39073594,DEC,C39073594
DEC_C39079336,DEC,C39079336
DEC_C39103361,DEC,C39103361
DEC_C39113972,DEC,C39113972
DEC_C39140545,DEC,C39140545
DEC_C39276607,DEC,C39276607
DEC_C39330392,DEC,C39330392
DEC_C40542589,DEC,C40542589
DEC_C45793585,DEC,C45793585
DEC_C45821474,DEC,C45821474
DEC_C50284422,DEC,C50284422
DEC_C17420931,DEC,C17420931
DEC_C39944151,DEC,C39944151
DEC_C64033246,DEC,C64033246
DEC_C65335532,DEC,C65335532
DEC_C01703805,DEC,C01703805
DEC_C05290454,DEC,C05290454
DEC_C00472316,DEC,C00472316
DEC_C01574092,DEC,C01574092
DEC_C02513960,DEC,C02513960
DEC_C04608284,DEC,C04608284
DEC_C06668074,DEC,C06668074
DEC_C20177974,DEC,C20177974
DEC_C22009909,DEC,C22009909
DEC_C32015642,DEC,C32015642
DEC_C35203456,DEC,C35203456
DEC_C35458095,DEC,C35458095
DEC_C35572353,DEC,C35572353
DEC_C36242501,DEC,C36242501
DEC_C36854433,DEC,C36854433
DEC_C37083504,DEC,C37083504
DEC_C37666624,DEC,C37666624
DEC_C38120539,DEC,C38120539
DEC_C05190361,DEC,C05190361
DEC_C39111962,DEC,C39111962
DEC_C39249110,DEC,C39249110
DEC_C39504848,DEC,C39504848
DEC_C39523721,DEC,C39523721
DEC_C41727620,DEC,C41727620
DEC_C43464667,DEC,C43464667
DEC_C43539322,DEC,C43539322
DEC_C43541053,DEC,C43541053
DEC_C43541073,DEC,C43541073
DEC_C44768211,DEC,C44768211
DEC_C44768212,DEC,C44768212
DEC_C44774931,DEC,C44774931
DEC_C44833577,DEC,C44833577
DEC_C45060033,DEC,C45060033
DEC_C45072162,DEC,C45072162
DEC_C45141712,DEC,C45141712
DEC_C45141960,DEC,C45141960
DEC_C45325532,DEC,C45325532
DEC_C45692501,DEC,C45692501
DEC_C49352892,DEC,C49352892
DEC_C50566285,DEC,C50566285
DEC_C52214831,DEC,C52214831
DEC_C52301361,DEC,C52301361
DEC_C19406892,DEC,C19406892
DEC_C35775639,DEC,C35775639
DEC_C44773427,DEC,C44773427
DEC_C50426723,DEC,C50426723
DEC_C04009929,DEC,C04009929
DEC_C14671754,DEC,C14671754
DEC_C67173047,DEC,C67173047
DEC_C09668772,DEC,C09668772
DEC_C10698161,DEC,C10698161
DEC_C20322452,DEC,C20322452
DEC_C20562852,DEC,C20562852
DEC_C20849189,DEC,C20849189
DEC_C24374294,DEC,C24374294
DEC_C36745220,DEC,C36745220
DEC_C36824648,DEC,C36824648
DEC_C38065068,DEC,C38065068
DEC_C38065069,DEC,C38065069
DEC_C39531077,DEC,C39531077
DEC_C39533423,DEC,C39533423
DEC_C39990762,DEC,C39990762
DEC_C40347191,DEC,C40347191
DEC_C40347230,DEC,C40347230
DEC_C40621388,DEC,C40621388
DEC_C40621391,DEC,C40621391
DEC_C40687512,DEC,C40687512
DEC_C40757723,DEC,C40757723
DEC_C43222108,DEC,C43222108
DEC_C45166674,DEC,C45166674
DEC_C47598349,DEC,C47598349
DEC_C49150346,DEC,C49150346
DEC_C49554487,DEC,C49554487
DEC_C49554488,DEC,C49554488
DEC_C52094658,DEC,C52094658
DEC_C12669941,DEC,C12669941
DEC_C52907322,DEC,C52907322
DEC_C12635714,DEC,C12635714
DEC_C55327542,DEC,C55327542
DEC_C55575337,DEC,C55575337
DEC_C57663903,DEC,C57663903
DEC_C58184882,DEC,C58184882
DEC_C61594783,DEC,C61594783
DEC_C61594786,DEC,C61594786
DEC_C61594826,DEC,C61594826
DEC_C61595125,DEC,C61595125
DEC_C61595203,DEC,C61595203
DEC_C61862178,DEC,C61862178
DEC_C63089635,DEC,C63089635
DEC_C63842800,DEC,C63842800
DEC_C65527103,DEC,C65527103
DEC_C65978770,DEC,C65978770
DEC_C66908375,DEC,C66908375
DEC_C66975924,DEC,C66975924
DEC_C67129442,DEC,C67129442
DEC_C67224531,DEC,C67224531
DEC_C67581558,DEC,C67581558
DEC_C67582754,DEC,C67582754
DEC_C67622421,DEC,C67622421
DEC_C03373628,DEC,C03373628
DEC_C09237637,DEC,C09237637
DEC_C01114700,DEC,C01114700
DEC_C09782034,DEC,C09782034
DEC_C01049621,DEC,C01049621
DEC_C11690690,DEC,C11690690
DEC_C01056978,DEC,C01056978
DEC_C01057128,DEC,C01057128
DEC_C06284094,DEC,C06284094
DEC_C09210833,DEC,C09210833
DEC_C14459054,DEC,C14459054
DEC_C11055701,DEC,C11055701
DEC_C20558430,DEC,C20558430
DEC_C01459516,DEC,C01459516
DEC_C09144774,DEC,C09144774
DEC_C21971016,DEC,C21971016
DEC_C22240228,DEC,C22240228
DEC_C12567754,DEC,C12567754
DEC_C25782571,DEC,C25782571
DEC_C09113433,DEC,C09113433
DEC_C13475459,DEC,C13475459
DEC_C27550429,DEC,C27550429
DEC_C27550694,DEC,C27550694
DEC_C29341438,DEC,C29341438
DEC_C21866487,DEC,C21866487
DEC_C08902064,DEC,C08902064
DEC_C03978918,DEC,C03978918
DEC_C03978301,DEC,C03978301
DEC_C39237777,DEC,C39237777
DEC_C39273138,DEC,C39273138
DEC_C39273139,DEC,C39273139
DEC_C39449492,DEC,C39449492
DEC_C39468306,DEC,C39468306
DEC_C39918935,DEC,C39918935
DEC_C39918981,DEC,C39918981
DEC_C39949540,DEC,C39949540
DEC_C40812079,DEC,C40812079
DEC_C49066518,DEC,C49066518
DEC_C08676894,DEC,C08676894
DEC_C16267915,DEC,C16267915
DEC_C59293280,DEC,C59293280
DEC_C13149258,DEC,C13149258
DEC_C39936308,DEC,C39936308
DEC_C01075158,DEC,C01075158
DEC_C63375422,DEC,C63375422
DEC_C63448210,DEC,C63448210
DEC_C63492853,DEC,C63492853
DEC_C63492855,DEC,C63492855
DEC_C63492859,DEC,C63492859
DEC_C63825310,DEC,C63825310
DEC_C04489345,DEC,C04489345
DEC_C00889983,DEC,C00889983
DEC_C00893749,DEC,C00893749
DEC_C08790298,DEC,C08790298
DEC_C09010356,DEC,C09010356
DEC_C09087580,DEC,C09087580
DEC_C09123914,DEC,C09123914
DEC_C09307230,DEC,C09307230
DEC_C09330098,DEC,C09330098
DEC_C09666390,DEC,C09666390
DEC_C12000358,DEC,C12000358
DEC_C12513721,DEC,C12513721
DEC_C12584169,DEC,C12584169
DEC_C12587825,DEC,C12587825
DEC_C13576967,DEC,C13576967
DEC_C04391521,DEC,C04391521
DEC_C15731067,DEC,C15731067
DEC_C09358672,DEC,C09358672
DEC_C20513568,DEC,C20513568
DEC_C16033787,DEC,C16033787
DEC_C16013044,DEC,C16013044
DEC_C18168746,DEC,C18168746
DEC_C20735198,DEC,C20735198
DEC_C21235388,DEC,C21235388
DEC_C24071661,DEC,C24071661
DEC_C31264253,DEC,C31264253
DEC_C33628497,DEC,C33628497
DEC_C35555848,DEC,C35555848
DEC_C15951913,DEC,C15951913
DEC_C19880395,DEC,C19880395
DEC_C02918613,DEC,C02918613
DEC_C38925976,DEC,C38925976
DEC_C39699311,DEC,C39699311
DEC_C39707842,DEC,C39707842
DEC_C39712498,DEC,C39712498
DEC_C39834312,DEC,C39834312
DEC_C39834313,DEC,C39834313
DEC_C35840358,DEC,C35840358
DEC_C02347964,DEC,C02347964
DEC_C08762943,DEC,C08762943
DEC_C35851723,DEC,C35851723
DEC_C59805882,DEC,C59805882
DEC_C36353970,DEC,C36353970
DEC_C43194856,DEC,C43194856
DEC_C63374817,DEC,C63374817
DEC_C63375278,DEC,C63375278
DEC_C63627311,DEC,C63627311
DEC_C63908666,DEC,C63908666
DEC_C38989467,DEC,C38989467
DEC_C64024376,DEC,C64024376
DEC_C00858714,DEC,C00858714
DEC_C13757964,DEC,C13757964
DEC_C28510273,DEC,C28510273
DEC_C31947373,DEC,C31947373
DEC_C31934545,DEC,C31934545
DEC_C35679193,DEC,C35679193
DEC_C36266772,DEC,C36266772
DEC_C37082769,DEC,C37082769
DEC_C04577072,DEC,C04577072
DEC_C39531560,DEC,C39531560
DEC_C39532854,DEC,C39532854
DEC_C39533674,DEC,C39533674
DEC_C39955816,DEC,C39955816
DEC_C40464259,DEC,C40464259
DEC_C40674209,DEC,C40674209
DEC_C40674210,DEC,C40674210
DEC_C40757958,DEC,C40757958
DEC_C42737249,DEC,C42737249
DEC_C42737252,DEC,C42737252
DEC_C43257339,DEC,C43257339
DEC_C43418743,DEC,C43418743
DEC_C44235473,DEC,C44235473
DEC_C45554706,DEC,C45554706
DEC_C49527086,DEC,C49527086
DEC_C49548306,DEC,C49548306
DEC_C49560680,DEC,C49560680
DEC_C50098771,DEC,C50098771
DEC_C52094523,DEC,C52094523
DEC_C52094716,DEC,C52094716
DEC_C52907492,DEC,C52907492
DEC_C54403061,DEC,C54403061
DEC_C57395433,DEC,C57395433
DEC_C57663355,DEC,C57663355
DEC_C57850222,DEC,C57850222
DEC_C61911507,DEC,C61911507
DEC_C62235151,DEC,C62235151
DEC_C62462984,DEC,C62462984
DEC_C62789167,DEC,C62789167
DEC_C62789194,DEC,C62789194
DEC_C63020721,DEC,C63020721
DEC_C63465577,DEC,C63465577
DEC_C19112881,DEC,C19112881
DEC_C65525878,DEC,C65525878
DEC_C65696240,DEC,C65696240
DEC_C66242894,DEC,C66242894
DEC_C66243664,DEC,C66243664
DEC_C66243909,DEC,C66243909
DEC_C66246527,DEC,C66246527
DEC_C66876465,DEC,C66876465
DEC_C66939192,DEC,C66939192
DEC_C01697252,DEC,C01697252
DEC_C07802767,DEC,C07802767
DEC_C07878543,DEC,C07878543
DEC_C09495855,DEC,C09495855
DEC_C11882467,DEC,C11882467
DEC_C12329384,DEC,C12329384
DEC_C12858063,DEC,C12858063
DEC_C20857264,DEC,C20857264
DEC_C28567848,DEC,C28567848
DEC_C37063617,DEC,C37063617
DEC_C37105877,DEC,C37105877
DEC_C37607997,DEC,C37607997
DEC_C39531552,DEC,C39531552
DEC_C40731961,DEC,C40731961
DEC_C41117426,DEC,C41117426
DEC_C42399573,DEC,C42399573
DEC_C43286320,DEC,C43286320
DEC_C43548215,DEC,C43548215
DEC_C44164075,DEC,C44164075
DEC_C44464816,DEC,C44464816
DEC_C45069351,DEC,C45069351
DEC_C48798092,DEC,C48798092
DEC_C48798267,DEC,C48798267
DEC_C48798270,DEC,C48798270
DEC_C49309199,DEC,C49309199
DEC_C49786303,DEC,C49786303
DEC_C52094664,DEC,C52094664
DEC_C52094682,DEC,C52094682
DEC_C52094693,DEC,C52094693
DEC_C39926796,DEC,C39926796
DEC_C54491320,DEC,C54491320
DEC_C55223287,DEC,C55223287
DEC_C54423752,DEC,C54423752
DEC_C61088457,DEC,C61088457
DEC_C61594920,DEC,C61594920
DEC_C62704845,DEC,C62704845
DEC_C62705384,DEC,C62705384
DEC_C63774026,DEC,C63774026
DEC_C63833778,DEC,C63833778
DEC_C19144750,DEC,C19144750
DEC_C65455877,DEC,C65455877
DEC_C66242858,DEC,C66242858
DEC_C66244029,DEC,C66244029
DEC_C66244681,DEC,C66244681
DEC_C66244743,DEC,C66244743
DEC_C66246528,DEC,C66246528
DEC_C66906120,DEC,C66906120
DEC_C66940367,DEC,C66940367
DEC_C67625789,DEC,C67625789
DEC_C67626280,DEC,C67626280
DEC_C04524080,DEC,C04524080
DEC_C04766260,DEC,C04766260
DEC_C04828885,DEC,C04828885
DEC_C03442481,DEC,C03442481
DEC_C02798576,DEC,C02798576
DEC_C06370593,DEC,C06370593
DEC_C09069063,DEC,C09069063
DEC_C09522260,DEC,C09522260
DEC_C10083309,DEC,C10083309
DEC_C10085007,DEC,C10085007
DEC_C03400984,DEC,C03400984
DEC_C13962740,DEC,C13962740
DEC_C17750355,DEC,C17750355
DEC_C21105452,DEC,C21105452
DEC_C21686248,DEC,C21686248
DEC_C21689048,DEC,C21689048
DEC_C22451390,DEC,C22451390
DEC_C22451395,DEC,C22451395
DEC_C24951547,DEC,C24951547
DEC_C25859572,DEC,C25859572
DEC_C30802646,DEC,C30802646
DEC_C04851489,DEC,C04851489
DEC_C35318107,DEC,C35318107
DEC_C38144621,DEC,C38144621
DEC_C03634051,DEC,C03634051
DEC_C39571128,DEC,C39571128
DEC_C39584714,DEC,C39584714
DEC_C39611211,DEC,C39611211
DEC_C39922866,DEC,C39922866
DEC_C39923138,DEC,C39923138
DEC_C40589164,DEC,C40589164
DEC_C40913622,DEC,C40913622
DEC_C40921031,DEC,C40921031
DEC_C40922109,DEC,C40922109
DEC_C43346762,DEC,C43346762
DEC_C46060854,DEC,C46060854
DEC_C04875875,DEC,C04875875
DEC_C05447093,DEC,C05447093
DEC_C56596928,DEC,C56596928
DEC_C47353955,DEC,C47353955
DEC_C59304616,DEC,C59304616
DEC_C59489575,DEC,C59489575
DEC_C17077539,DEC,C17077539
DEC_C59792139,DEC,C59792139
DEC_C11025455,DEC,C11025455
DEC_C65552053,DEC,C65552053
DEC_C66000041,DEC,C66000041
DEC_C66286068,DEC,C66286068
DEC_C66966849,DEC,C66966849
DEC_C67636451,DEC,C67636451
DEC_C00422901,DEC,C00422901
DEC_C03363453,DEC,C03363453
DEC_C00132380,DEC,C00132380
DEC_C03026687,DEC,C03026687
DEC_C00107340,DEC,C00107340
DEC_C04384517,DEC,C04384517
DEC_C00212482,DEC,C00212482
DEC_C03021337,DEC,C03021337
DEC_C05319412,DEC,C05319412
DEC_C06115456,DEC,C06115456
DEC_C00429537,DEC,C00429537
DEC_C06945677,DEC,C06945677
DEC_C07163760,DEC,C07163760
DEC_C15464480,DEC,C15464480
DEC_C15807611,DEC,C15807611
DEC_C16451078,DEC,C16451078
DEC_C16579636,DEC,C16579636
DEC_C32434073,DEC,C32434073
DEC_C36184137,DEC,C36184137
DEC_C40031171,DEC,C40031171
DEC_C40225119,DEC,C40225119
DEC_C40779839,DEC,C40779839
DEC_C41637008,DEC,C41637008
DEC_C44896121,DEC,C44896121
DEC_C45523563,DEC,C45523563
DEC_C48515326,DEC,C48515326
DEC_C54645065,DEC,C54645065
DEC_C14307829,DEC,C14307829
DEC_C57369478,DEC,C57369478
DEC_C57815073,DEC,C57815073
DEC_C00085220,DEC,C00085220
DEC_C30342882,DEC,C30342882
DEC_C52963830,DEC,C52963830
DEC_C59760840,DEC,C59760840
DEC_C13120163,DEC,C13120163
DEC_C36359962,DEC,C36359962
DEC_C00522454,DEC,C00522454
DEC_C63892274,DEC,C63892274
DEC_C33212327,DEC,C33212327
DEC_C64391282,DEC,C64391282
DEC_C64613207,DEC,C64613207
DEC_C64613219,DEC,C64613219
DEC_C64613223,DEC,C64613223
DEC_C64613585,DEC,C64613585
DEC_C65736216,DEC,C65736216
DEC_C66468083,DEC,C66468083
DEC_C66650415,DEC,C66650415
DEC_C67080339,DEC,C67080339
DEC_C67189709,DEC,C67189709
DEC_C67373711,DEC,C67373711
DEC_C04110975,DEC,C04110975
DEC_C00714562,DEC,C00714562
DEC_C01857146,DEC,C01857146
DEC_C09032485,DEC,C09032485
DEC_C09357918,DEC,C09357918
DEC_C09377319,DEC,C09377319
DEC_C09467654,DEC,C09467654
DEC_C09531055,DEC,C09531055
DEC_C09723158,DEC,C09723158
DEC_C10886738,DEC,C10886738
DEC_C11591246,DEC,C11591246
DEC_C03262925,DEC,C03262925
DEC_C12687913,DEC,C12687913
DEC_C03237759,DEC,C03237759
DEC_C12534164,DEC,C12534164
DEC_C14021194,DEC,C14021194
DEC_C14849818,DEC,C14849818
DEC_C16575973,DEC,C16575973
DEC_C16859161,DEC,C16859161
DEC_C20394328,DEC,C20394328
DEC_C21459393,DEC,C21459393
DEC_C23587922,DEC,C23587922
DEC_C24853122,DEC,C24853122
DEC_C25005206,DEC,C25005206
DEC_C25223335,DEC,C25223335
DEC_C34982267,DEC,C34982267
DEC_C35289983,DEC,C35289983
DEC_C35485701,DEC,C35485701
DEC_C35489595,DEC,C35489595
DEC_C35489786,DEC,C35489786
DEC_C09441516,DEC,C09441516
DEC_C36383266,DEC,C36383266
DEC_C39223284,DEC,C39223284
DEC_C09091507,DEC,C09091507
DEC_C39469276,DEC,C39469276
DEC_C39535070,DEC,C39535070
DEC_C22219845,DEC,C22219845
DEC_C00659198,DEC,C00659198
DEC_C32861793,DEC,C32861793
DEC_C21727846,DEC,C21727846
DEC_C57510548,DEC,C57510548
DEC_C58489377,DEC,C58489377
DEC_C17261164,DEC,C17261164
DEC_C09244435,DEC,C09244435
DEC_C00717426,DEC,C00717426
DEC_C01087851,DEC,C01087851
DEC_C06498947,DEC,C06498947
DEC_C16009663,DEC,C16009663
DEC_C64789378,DEC,C64789378
DEC_C64794441,DEC,C64794441
DEC_C08705164,DEC,C08705164
DEC_C08726923,DEC,C08726923
DEC_C09298100,DEC,C09298100
DEC_C09413649,DEC,C09413649
DEC_C02700174,DEC,C02700174
DEC_C09491408,DEC,C09491408
DEC_C02659989,DEC,C02659989
DEC_C09665972,DEC,C09665972
DEC_C09789144,DEC,C09789144
DEC_C08846515,DEC,C08846515
DEC_C10055577,DEC,C10055577
DEC_C10191710,DEC,C10191710
DEC_C10192022,DEC,C10192022
DEC_C11298245,DEC,C11298245
DEC_C12694667,DEC,C12694667
DEC_C14021197,DEC,C14021197
DEC_C15226091,DEC,C15226091
DEC_C16202775,DEC,C16202775
DEC_C22189977,DEC,C22189977
DEC_C22759990,DEC,C22759990
DEC_C23587926,DEC,C23587926
DEC_C23632873,DEC,C23632873
DEC_C16010065,DEC,C16010065
DEC_C33306452,DEC,C33306452
DEC_C35378796,DEC,C35378796
DEC_C35452878,DEC,C35452878
DEC_C35485699,DEC,C35485699
DEC_C35491002,DEC,C35491002
DEC_C03241072,DEC,C03241072
DEC_C13005590,DEC,C13005590
DEC_C39449527,DEC,C39449527
DEC_C39449819,DEC,C39449819
DEC_C39451966,DEC,C39451966
DEC_C39595196,DEC,C39595196
DEC_C39607200,DEC,C39607200
DEC_C40158532,DEC,C40158532
DEC_C40176942,DEC,C40176942
DEC_C00659197,DEC,C00659197
DEC_C00659189,DEC,C00659189
DEC_C57415125,DEC,C57415125
DEC_C59011307,DEC,C59011307
DEC_C60240684,DEC,C60240684
DEC_C60346134,DEC,C60346134
DEC_C60346246,DEC,C60346246
DEC_C10796841,DEC,C10796841
DEC_C00717425,DEC,C00717425
DEC_C38581771,DEC,C38581771
DEC_C16009613,DEC,C16009613
DEC_C33260743,DEC,C33260743
DEC_C45900846,DEC,C45900846
DEC_C00989392,DEC,C00989392
DEC_C02618335,DEC,C02618335
DEC_C05398888,DEC,C05398888
DEC_C05824063,DEC,C05824063
DEC_C01638160,DEC,C01638160
DEC_C08896229,DEC,C08896229
DEC_C09128161,DEC,C09128161
DEC_C09298099,DEC,C09298099
DEC_C09926783,DEC,C09926783
DEC_C10233673,DEC,C10233673
DEC_C12401676,DEC,C12401676
DEC_C12401700,DEC,C12401700
DEC_C12402356,DEC,C12402356
DEC_C12408549,DEC,C12408549
DEC_C13346603,DEC,C13346603
DEC_C13431295,DEC,C13431295
DEC_C13730536,DEC,C13730536
DEC_C02772856,DEC,C02772856
DEC_C18023410,DEC,C18023410
DEC_C17124252,DEC,C17124252
DEC_C16037333,DEC,C16037333
DEC_C21336845,DEC,C21336845
DEC_C21761331,DEC,C21761331
DEC_C16684919,DEC,C16684919
DEC_C22704245,DEC,C22704245
DEC_C26991245,DEC,C26991245
DEC_C32958859,DEC,C32958859
DEC_C32958863,DEC,C32958863
DEC_C04453542,DEC,C04453542
DEC_C38599181,DEC,C38599181
DEC_C06446295,DEC,C06446295
DEC_C39315612,DEC,C39315612
DEC_C39422630,DEC,C39422630
DEC_C39465919,DEC,C39465919
DEC_C39918501,DEC,C39918501
DEC_C45334060,DEC,C45334060
DEC_C45547393,DEC,C45547393
DEC_C45748186,DEC,C45748186
DEC_C05862245,DEC,C05862245
DEC_C36569598,DEC,C36569598
DEC_C59368084,DEC,C59368084
DEC_C63349132,DEC,C63349132
DEC_C27528381,DEC,C27528381
DEC_C09210892,DEC,C09210892
DEC_C09307779,DEC,C09307779
DEC_C05126472,DEC,C05126472
DEC_C20728521,DEC,C20728521
DEC_C38586326,DEC,C38586326
DEC_C64891197,DEC,C64891197
DEC_C64920964,DEC,C64920964
DEC_C01858929,DEC,C01858929
DEC_C08928019,DEC,C08928019
DEC_C09135725,DEC,C09135725
DEC_C09135791,DEC,C09135791
DEC_C10024549,DEC,C10024549
DEC_C11816003,DEC,C11816003
DEC_C11816005,DEC,C11816005
DEC_C11898352,DEC,C11898352
DEC_C11996029,DEC,C11996029
DEC_C12037323,DEC,C12037323
DEC_C02121595,DEC,C02121595
DEC_C12911771,DEC,C12911771
DEC_C14883644,DEC,C14883644
DEC_C03013174,DEC,C03013174
DEC_C23859489,DEC,C23859489
DEC_C24215011,DEC,C24215011
DEC_C32958658,DEC,C32958658
DEC_C35871044,DEC,C35871044
DEC_C36869770,DEC,C36869770
DEC_C38647543,DEC,C38647543
DEC_C39467214,DEC,C39467214
DEC_C39467583,DEC,C39467583
DEC_C39468489,DEC,C39468489
DEC_C39469688,DEC,C39469688
DEC_C39609560,DEC,C39609560
DEC_C39637268,DEC,C39637268
DEC_C39637472,DEC,C39637472
DEC_C39659399,DEC,C39659399
DEC_C39667673,DEC,C39667673
DEC_C39669512,DEC,C39669512
DEC_C39671025,DEC,C39671025
DEC_C39672069,DEC,C39672069
DEC_C39673826,DEC,C39673826
DEC_C39677466,DEC,C39677466
DEC_C39678394,DEC,C39678394
DEC_C39678547,DEC,C39678547
DEC_C39684450,DEC,C39684450
DEC_C39694636,DEC,C39694636
DEC_C39940436,DEC,C39940436
DEC_C39982705,DEC,C39982705
DEC_C63270480,DEC,C63270480
DEC_C63279972,DEC,C63279972
DEC_C63383756,DEC,C63383756
DEC_C64137688,DEC,C64137688
DEC_C63480050,DEC,C63480050
DEC_C63376178,DEC,C63376178
DEC_C64392139,DEC,C64392139
DEC_C64471143,DEC,C64471143
DEC_C64661386,DEC,C64661386
DEC_C65265802,DEC,C65265802
DEC_C08924188,DEC,C08924188
DEC_C12497918,DEC,C12497918
DEC_C12710631,DEC,C12710631
DEC_C22603189,DEC,C22603189
DEC_C24143587,DEC,C24143587
DEC_C24881159,DEC,C24881159
DEC_C28012883,DEC,C28012883
DEC_C29055794,DEC,C29055794
DEC_C33665923,DEC,C33665923
DEC_C35425337,DEC,C35425337
DEC_C04197133,DEC,C04197133
DEC_C38140739,DEC,C38140739
DEC_C38784398,DEC,C38784398
DEC_C39467371,DEC,C39467371
DEC_C39468681,DEC,C39468681
DEC_C39637520,DEC,C39637520
DEC_C39653991,DEC,C39653991
DEC_C39654508,DEC,C39654508
DEC_C39657584,DEC,C39657584
DEC_C39659648,DEC,C39659648
DEC_C39665330,DEC,C39665330
DEC_C39666909,DEC,C39666909
DEC_C39669292,DEC,C39669292
DEC_C39672071,DEC,C39672071
DEC_C39684703,DEC,C39684703
DEC_C39694307,DEC,C39694307
DEC_C39694907,DEC,C39694907
DEC_C43710785,DEC,C43710785
DEC_C39231247,DEC,C39231247
DEC_C46791259,DEC,C46791259
DEC_C39932204,DEC,C39932204
DEC_C39938861,DEC,C39938861
DEC_C63209467,DEC,C63209467
DEC_C63376181,DEC,C63376181
DEC_C63383556,DEC,C63383556
DEC_C63383934,DEC,C63383934
DEC_C63425003,DEC,C63425003
DEC_C63541318,DEC,C63541318
DEC_C63667299,DEC,C63667299
DEC_C63869467,DEC,C63869467
DEC_C63907809,DEC,C63907809
DEC_C63480119,DEC,C63480119
DEC_C64392082,DEC,C64392082
DEC_C64471147,DEC,C64471147
DEC_C64525992,DEC,C64525992
DEC_C64538184,DEC,C64538184
DEC_C35378951,DEC,C35378951
DEC_C64649134,DEC,C64649134
DEC_C65260032,DEC,C65260032
DEC_C65265703,DEC,C65265703
DEC_C00691493,DEC,C00691493
DEC_C08644812,DEC,C08644812
DEC_C08862238,DEC,C08862238
DEC_C02436035,DEC,C02436035
DEC_C02410982,DEC,C02410982
DEC_C09297962,DEC,C09297962
DEC_C02251950,DEC,C02251950
DEC_C03640779,DEC,C03640779
DEC_C11677168,DEC,C11677168
DEC_C12401694,DEC,C12401694
DEC_C01065512,DEC,C01065512
DEC_C12661278,DEC,C12661278
DEC_C12870791,DEC,C12870791
DEC_C13567640,DEC,C13567640
DEC_C13712383,DEC,C13712383
DEC_C14544780,DEC,C14544780
DEC_C15906455,DEC,C15906455
DEC_C01159664,DEC,C01159664
DEC_C19848627,DEC,C19848627
DEC_C20558308,DEC,C20558308
DEC_C20558335,DEC,C20558335
DEC_C20558477,DEC,C20558477
DEC_C20558548,DEC,C20558548
DEC_C20701364,DEC,C20701364
DEC_C20710120,DEC,C20710120
DEC_C14476217,DEC,C14476217
DEC_C21149828,DEC,C21149828
DEC_C22965638,DEC,C22965638
DEC_C33810242,DEC,C33810242
DEC_C36551238,DEC,C36551238
DEC_C14476180,DEC,C14476180
DEC_C36633790,DEC,C36633790
DEC_C00631016,DEC,C00631016
DEC_C05945438,DEC,C05945438
DEC_C38582626,DEC,C38582626
DEC_C38971373,DEC,C38971373
DEC_C38971374,DEC,C38971374
DEC_C39029500,DEC,C39029500
DEC_C39154645,DEC,C39154645
DEC_C39324777,DEC,C39324777
DEC_C39431071,DEC,C39431071
DEC_C39464331,DEC,C39464331
DEC_C39464586,DEC,C39464586
DEC_C39465720,DEC,C39465720
DEC_C39469497,DEC,C39469497
DEC_C36725384,DEC,C36725384
DEC_C33366408,DEC,C33366408
DEC_C09160743,DEC,C09160743
DEC_C10035286,DEC,C10035286
DEC_C47147111,DEC,C47147111
DEC_C04046704,DEC,C04046704
DEC_C02470579,DEC,C02470579
DEC_C00086684,DEC,C00086684
DEC_C02781567,DEC,C02781567
DEC_C11911157,DEC,C11911157
DEC_C12146649,DEC,C12146649
DEC_C12146831,DEC,C12146831
DEC_C12292240,DEC,C12292240
DEC_C12114510,DEC,C12114510
DEC_C19332954,DEC,C19332954
DEC_C20865033,DEC,C20865033
DEC_C25876361,DEC,C25876361
DEC_C35310539,DEC,C35310539
DEC_C36286426,DEC,C36286426
DEC_C36320707,DEC,C36320707
DEC_C36764665,DEC,C36764665
DEC_C38052547,DEC,C38052547
DEC_C06995454,DEC,C06995454
DEC_C39607219,DEC,C39607219
DEC_C39635859,DEC,C39635859
DEC_C39667535,DEC,C39667535
DEC_C39677109,DEC,C39677109
DEC_C39677191,DEC,C39677191
DEC_C39684711,DEC,C39684711
DEC_C39690949,DEC,C39690949
DEC_C39709560,DEC,C39709560
DEC_C43473340,DEC,C43473340
DEC_C39231341,DEC,C39231341
DEC_C45796221,DEC,C45796221
DEC_C45947546,DEC,C45947546
DEC_C46418442,DEC,C46418442
DEC_C48787534,DEC,C48787534
DEC_C50867596,DEC,C50867596
DEC_C54621926,DEC,C54621926
DEC_C54888190,DEC,C54888190
DEC_C14152018,DEC,C14152018
DEC_C19557549,DEC,C19557549
DEC_C37650433,DEC,C37650433
DEC_C45127444,DEC,C45127444
DEC_C58872092,DEC,C58872092
DEC_C61642600,DEC,C61642600
DEC_C61642601,DEC,C61642601
DEC_C63385060,DEC,C63385060
DEC_C63795892,DEC,C63795892
DEC_C40060966,DEC,C40060966
DEC_C65260060,DEC,C65260060
DEC_C65405418,DEC,C65405418
DEC_C65527862,DEC,C65527862
DEC_C66563331,DEC,C66563331
DEC_C67642991,DEC,C67642991
DEC_C04274093,DEC,C04274093
DEC_C05600620,DEC,C05600620
DEC_C06393468,DEC,C06393468
DEC_C09507732,DEC,C09507732
DEC_C09691309,DEC,C09691309
DEC_C10159572,DEC,C10159572
DEC_C12445752,DEC,C12445752
DEC_C12776498,DEC,C12776498
DEC_C12820476,DEC,C12820476
DEC_C14896042,DEC,C14896042
DEC_C16189508,DEC,C16189508
DEC_C16249599,DEC,C16249599
DEC_C17115026,DEC,C17115026
DEC_C17381096,DEC,C17381096
DEC_C25764027,DEC,C25764027
DEC_C28680432,DEC,C28680432
DEC_C32935271,DEC,C32935271
DEC_C33433989,DEC,C33433989
DEC_C15303359,DEC,C15303359
DEC_C18137849,DEC,C18137849
DEC_C05315854,DEC,C05315854
DEC_C38576123,DEC,C38576123
DEC_C38746291,DEC,C38746291
DEC_C09359544,DEC,C09359544
DEC_C39358943,DEC,C39358943
DEC_C39449531,DEC,C39449531
DEC_C39449532,DEC,C39449532
DEC_C08566304,DEC,C08566304
DEC_C39856244,DEC,C39856244
DEC_C39991461,DEC,C39991461
DEC_C46961512,DEC,C46961512
DEC_C01080620,DEC,C01080620
DEC_C04717712,DEC,C04717712
DEC_C20635585,DEC,C20635585
DEC_C55647567,DEC,C55647567
DEC_C18283802,DEC,C18283802
DEC_C58551878,DEC,C58551878
DEC_C58950614,DEC,C58950614
DEC_C60208403,DEC,C60208403
DEC_C60208406,DEC,C60208406
DEC_C60355942,DEC,C60355942
DEC_C27530877,DEC,C27530877
DEC_C63808365,DEC,C63808365
DEC_C63846442,DEC,C63846442
DEC_C63972390,DEC,C63972390
DEC_C63972392,DEC,C63972392
DEC_C08783199,DEC,C08783199
DEC_C67090147,DEC,C67090147
DEC_C67432906,DEC,C67432906
DEC_C67578059,DEC,C67578059
DEC_C00058312,DEC,C00058312
DEC_C00293190,DEC,C00293190
DEC_C04084651,DEC,C04084651
DEC_C00240020,DEC,C00240020
DEC_C00240022,DEC,C00240022
DEC_C00321109,DEC,C00321109
DEC_C00321108,DEC,C00321108
DEC_C05390811,DEC,C05390811
DEC_C08846165,DEC,C08846165
DEC_C20344369,DEC,C20344369
DEC_C22124836,DEC,C22124836
DEC_C23702310,DEC,C23702310
DEC_C35341487,DEC,C35341487
DEC_C35355763,DEC,C35355763
DEC_C35465385,DEC,C35465385
DEC_C00115372,DEC,C00115372
DEC_C40349996,DEC,C40349996
DEC_C40366395,DEC,C40366395
DEC_C41087771,DEC,C41087771
DEC_C42438937,DEC,C42438937
DEC_C42438939,DEC,C42438939
DEC_C42860063,DEC,C42860063
DEC_C43509611,DEC,C43509611
DEC_C43509617,DEC,C43509617
DEC_C43509620,DEC,C43509620
DEC_C43597305,DEC,C43597305
DEC_C44884093,DEC,C44884093
DEC_C49126473,DEC,C49126473
DEC_C49977291,DEC,C49977291
DEC_C50031278,DEC,C50031278
DEC_C50032833,DEC,C50032833
DEC_C50032839,DEC,C50032839
DEC_C50035274,DEC,C50035274
DEC_C50035290,DEC,C50035290
DEC_C13154047,DEC,C13154047
DEC_C51597236,DEC,C51597236
DEC_C51999488,DEC,C51999488
DEC_C51999491,DEC,C51999491
DEC_C52838085,DEC,C52838085
DEC_C53006171,DEC,C53006171
DEC_C53111683,DEC,C53111683
DEC_C53112319,DEC,C53112319
DEC_C48640317,DEC,C48640317
DEC_C57866370,DEC,C57866370
DEC_C58267349,DEC,C58267349
DEC_C42613373,DEC,C42613373
DEC_C53114546,DEC,C53114546
DEC_C53114554,DEC,C53114554
DEC_C61885045,DEC,C61885045
DEC_C62951644,DEC,C62951644
DEC_C04248275,DEC,C04248275
DEC_C06601787,DEC,C06601787
DEC_C07046965,DEC,C07046965
DEC_C09484204,DEC,C09484204
DEC_C09820880,DEC,C09820880
DEC_C12485344,DEC,C12485344
DEC_C14246110,DEC,C14246110
DEC_C01026741,DEC,C01026741
DEC_C17735744,DEC,C17735744
DEC_C20795606,DEC,C20795606
DEC_C20804214,DEC,C20804214
DEC_C22607193,DEC,C22607193
DEC_C22991803,DEC,C22991803
DEC_C33088179,DEC,C33088179
DEC_C35928336,DEC,C35928336
DEC_C36882677,DEC,C36882677
DEC_C01068472,DEC,C01068472
DEC_C13571463,DEC,C13571463
DEC_C36270384,DEC,C36270384
DEC_C01428303,DEC,C01428303
DEC_C39217692,DEC,C39217692
DEC_C39371264,DEC,C39371264
DEC_C39574301,DEC,C39574301
DEC_C39590815,DEC,C39590815
DEC_C41124775,DEC,C41124775
DEC_C41548912,DEC,C41548912
DEC_C46864834,DEC,C46864834
DEC_C05433104,DEC,C05433104
DEC_C05642627,DEC,C05642627
DEC_C05643064,DEC,C05643064
DEC_C52399990,DEC,C52399990
DEC_C53126274,DEC,C53126274
DEC_C54475478,DEC,C54475478
DEC_C56574650,DEC,C56574650
DEC_C57152806,DEC,C57152806
DEC_C57893442,DEC,C57893442
DEC_C58232543,DEC,C58232543
DEC_C58302053,DEC,C58302053
DEC_C58326642,DEC,C58326642
DEC_C14607556,DEC,C14607556
DEC_C48656848,DEC,C48656848
DEC_C61865210,DEC,C61865210
DEC_C63067997,DEC,C63067997
DEC_C04659801,DEC,C04659801
DEC_C65238134,DEC,C65238134
DEC_C65373397,DEC,C65373397
DEC_C65455349,DEC,C65455349
DEC_C65738624,DEC,C65738624
DEC_C67028344,DEC,C67028344
DEC_C67138899,DEC,C67138899
DEC_C16021864,DEC,C16021864
DEC_C02672067,DEC,C02672067
DEC_C02801178,DEC,C02801178
DEC_C20616177,DEC,C20616177
DEC_C34849347,DEC,C34849347
DEC_C34857287,DEC,C34857287
DEC_C35370285,DEC,C35370285
DEC_C39467548,DEC,C39467548
DEC_C39530904,DEC,C39530904
DEC_C39560803,DEC,C39560803
DEC_C39595793,DEC,C39595793
DEC_C39595829,DEC,C39595829
DEC_C39600150,DEC,C39600150
DEC_C39600546,DEC,C39600546
DEC_C39600832,DEC,C39600832
DEC_C39609504,DEC,C39609504
DEC_C39609600,DEC,C39609600
DEC_C39623754,DEC,C39623754
DEC_C39637043,DEC,C39637043
DEC_C39639149,DEC,C39639149
DEC_C39639355,DEC,C39639355
DEC_C39652839,DEC,C39652839
DEC_C39652863,DEC,C39652863
DEC_C39652930,DEC,C39652930
DEC_C39652933,DEC,C39652933
DEC_C39653747,DEC,C39653747
DEC_C39664447,DEC,C39664447
DEC_C39665295,DEC,C39665295
DEC_C39665776,DEC,C39665776
DEC_C39665783,DEC,C39665783
DEC_C39666529,DEC,C39666529
DEC_C39666597,DEC,C39666597
DEC_C39668962,DEC,C39668962
DEC_C39668990,DEC,C39668990
DEC_C39669324,DEC,C39669324
DEC_C39675430,DEC,C39675430
DEC_C39676590,DEC,C39676590
DEC_C39677880,DEC,C39677880
DEC_C39678472,DEC,C39678472
DEC_C39683689,DEC,C39683689
DEC_C39685039,DEC,C39685039
DEC_C39690759,DEC,C39690759
DEC_C39690763,DEC,C39690763
DEC_C39694386,DEC,C39694386
DEC_C39696502,DEC,C39696502
DEC_C39696512,DEC,C39696512
DEC_C39696536,DEC,C39696536
DEC_C40641564,DEC,C40641564
DEC_C52565400,DEC,C52565400
DEC_C59516367,DEC,C59516367
DEC_C04489429,DEC,C04489429
DEC_C04288501,DEC,C04288501
DEC_C08622844,DEC,C08622844
DEC_C08763393,DEC,C08763393
DEC_C09402975,DEC,C09402975
DEC_C11603461,DEC,C11603461
DEC_C11680799,DEC,C11680799
DEC_C12055745,DEC,C12055745
DEC_C12331466,DEC,C12331466
DEC_C12780222,DEC,C12780222
DEC_C12780226,DEC,C12780226
DEC_C13726464,DEC,C13726464
DEC_C19880477,DEC,C19880477
DEC_C20764010,DEC,C20764010
DEC_C20877186,DEC,C20877186
DEC_C21263824,DEC,C21263824
DEC_C22619332,DEC,C22619332
DEC_C22780113,DEC,C22780113
DEC_C29391912,DEC,C29391912
DEC_C33537967,DEC,C33537967
DEC_C34757672,DEC,C34757672
DEC_C35424265,DEC,C35424265
DEC_C35424268,DEC,C35424268
DEC_C36160210,DEC,C36160210
DEC_C36206195,DEC,C36206195
DEC_C36206470,DEC,C36206470
DEC_C36694557,DEC,C36694557
DEC_C39607261,DEC,C39607261
DEC_C39609361,DEC,C39609361
DEC_C39652725,DEC,C39652725
DEC_C39652929,DEC,C39652929
DEC_C39654387,DEC,C39654387
DEC_C39654447,DEC,C39654447
DEC_C39656857,DEC,C39656857
DEC_C39665896,DEC,C39665896
DEC_C39666384,DEC,C39666384
DEC_C39666569,DEC,C39666569
DEC_C39666572,DEC,C39666572
DEC_C39667169,DEC,C39667169
DEC_C39675294,DEC,C39675294
DEC_C39675423,DEC,C39675423
DEC_C39677690,DEC,C39677690
DEC_C39681332,DEC,C39681332
DEC_C39695139,DEC,C39695139
DEC_C39695949,DEC,C39695949
DEC_C39696181,DEC,C39696181
DEC_C40146929,DEC,C40146929
DEC_C44168839,DEC,C44168839
DEC_C51347581,DEC,C51347581
DEC_C64215473,DEC,C64215473
DEC_C00753144,DEC,C00753144
DEC_C01087811,DEC,C01087811
DEC_C01087810,DEC,C01087810
DEC_C01432810,DEC,C01432810
DEC_C01227896,DEC,C01227896
DEC_C02977480,DEC,C02977480
DEC_C05231384,DEC,C05231384
DEC_C03521280,DEC,C03521280
DEC_C06667729,DEC,C06667729
DEC_C06459137,DEC,C06459137
DEC_C09993485,DEC,C09993485
DEC_C03553443,DEC,C03553443
DEC_C17727917,DEC,C17727917
DEC_C18405872,DEC,C18405872
DEC_C05447815,DEC,C05447815
DEC_C20114019,DEC,C20114019
DEC_C20709722,DEC,C20709722
DEC_C32818934,DEC,C32818934
DEC_C32818935,DEC,C32818935
DEC_C36006119,DEC,C36006119
DEC_C38556430,DEC,C38556430
DEC_C38576892,DEC,C38576892
DEC_C38632817,DEC,C38632817
DEC_C38704341,DEC,C38704341
DEC_C39338114,DEC,C39338114
DEC_C39359087,DEC,C39359087
DEC_C39359089,DEC,C39359089
DEC_C39545944,DEC,C39545944
DEC_C39658006,DEC,C39658006
DEC_C39658008,DEC,C39658008
DEC_C44858669,DEC,C44858669
DEC_C45799907,DEC,C45799907
DEC_C16033837,DEC,C16033837
DEC_C16020149,DEC,C16020149
DEC_C01154259,DEC,C01154259
DEC_C17092243,DEC,C17092243
DEC_C05896087,DEC,C05896087
DEC_C06728119,DEC,C06728119
DEC_C15959440,DEC,C15959440
DEC_C59843807,DEC,C59843807
DEC_C61969177,DEC,C61969177
DEC_C15959890,DEC,C15959890
DEC_C63372841,DEC,C63372841
DEC_C63374654,DEC,C63374654
DEC_C63374669,DEC,C63374669
DEC_C63824875,DEC,C63824875
DEC_C38653207,DEC,C38653207
DEC_C38653224,DEC,C38653224
DEC_C66823636,DEC,C66823636
DEC_C66908560,DEC,C66908560
DEC_C07220574,DEC,C07220574
DEC_C08846153,DEC,C08846153
DEC_C16788560,DEC,C16788560
DEC_C20622529,DEC,C20622529
DEC_C20681911,DEC,C20681911
DEC_C25261803,DEC,C25261803
DEC_C26785330,DEC,C26785330
DEC_C27753440,DEC,C27753440
DEC_C28361679,DEC,C28361679
DEC_C29811355,DEC,C29811355
DEC_C31161239,DEC,C31161239
DEC_C33171879,DEC,C33171879
DEC_C33701469,DEC,C33701469
DEC_C05343751,DEC,C05343751
DEC_C38986377,DEC,C38986377
DEC_C40009612,DEC,C40009612
DEC_C40760628,DEC,C40760628
DEC_C42085330,DEC,C42085330
DEC_C42085331,DEC,C42085331
DEC_C42085332,DEC,C42085332
DEC_C45782025,DEC,C45782025
DEC_C46958726,DEC,C46958726
DEC_C56206599,DEC,C56206599
DEC_C56206605,DEC,C56206605
DEC_C56206621,DEC,C56206621
DEC_C56206791,DEC,C56206791
DEC_C56206795,DEC,C56206795
DEC_C56206800,DEC,C56206800
DEC_C56206821,DEC,C56206821
DEC_C56206823,DEC,C56206823
DEC_C56206947,DEC,C56206947
DEC_C56709342,DEC,C56709342
DEC_C56729147,DEC,C56729147
DEC_C57618982,DEC,C57618982
DEC_C15642952,DEC,C15642952
DEC_C15642950,DEC,C15642950
DEC_C58236010,DEC,C58236010
DEC_C58836880,DEC,C58836880
DEC_C59922324,DEC,C59922324
DEC_C60454268,DEC,C60454268
DEC_C63404329,DEC,C63404329
DEC_C63823112,DEC,C63823112
DEC_C65414966,DEC,C65414966
DEC_C65466320,DEC,C65466320
DEC_C66396418,DEC,C66396418
DEC_C66940826,DEC,C66940826
DEC_C66940827,DEC,C66940827
DEC_C67101611,DEC,C67101611
DEC_C67263730,DEC,C67263730
DEC_C67311494,DEC,C67311494
DEC_C01461885,DEC,C01461885
DEC_C04591875,DEC,C04591875
DEC_C00999758,DEC,C00999758
DEC_C00491449,DEC,C00491449
DEC_C05677156,DEC,C05677156
DEC_C05031568,DEC,C05031568
DEC_C01735706,DEC,C01735706
DEC_C02659892,DEC,C02659892
DEC_C11287738,DEC,C11287738
DEC_C11692697,DEC,C11692697
DEC_C04552350,DEC,C04552350
DEC_C13381886,DEC,C13381886
DEC_C14478661,DEC,C14478661
DEC_C14550700,DEC,C14550700
DEC_C05738729,DEC,C05738729
DEC_C21396671,DEC,C21396671
DEC_C22135291,DEC,C22135291
DEC_C22450884,DEC,C22450884
DEC_C22452402,DEC,C22452402
DEC_C22453503,DEC,C22453503
DEC_C36151374,DEC,C36151374
DEC_C36151384,DEC,C36151384
DEC_C37084768,DEC,C37084768
DEC_C37084771,DEC,C37084771
DEC_C37128310,DEC,C37128310
DEC_C37200276,DEC,C37200276
DEC_C37330686,DEC,C37330686
DEC_C37409640,DEC,C37409640
DEC_C00500770,DEC,C00500770
DEC_C37936866,DEC,C37936866
DEC_C38037167,DEC,C38037167
DEC_C05686817,DEC,C05686817
DEC_C39024945,DEC,C39024945
DEC_C39521726,DEC,C39521726
DEC_C39521727,DEC,C39521727
DEC_C39858931,DEC,C39858931
DEC_C43187869,DEC,C43187869
DEC_C44231485,DEC,C44231485
DEC_C15570571,DEC,C15570571
DEC_C54533382,DEC,C54533382
DEC_C55014483,DEC,C55014483
DEC_C06556804,DEC,C06556804
DEC_C59501860,DEC,C59501860
DEC_C36635357,DEC,C36635357
DEC_C61327143,DEC,C61327143
DEC_C61327378,DEC,C61327378
DEC_C61707498,DEC,C61707498
DEC_C61954732,DEC,C61954732
DEC_C62496864,DEC,C62496864
DEC_C65056873,DEC,C65056873
DEC_C08938572,DEC,C08938572
DEC_C11785696,DEC,C11785696
DEC_C11880226,DEC,C11880226
DEC_C12164186,DEC,C12164186
DEC_C12279683,DEC,C12279683
DEC_C06321905,DEC,C06321905
DEC_C14990749,DEC,C14990749
DEC_C16688367,DEC,C16688367
DEC_C20560250,DEC,C20560250
DEC_C21240604,DEC,C21240604
DEC_C21263434,DEC,C21263434
DEC_C22682304,DEC,C22682304
DEC_C24216736,DEC,C24216736
DEC_C24800378,DEC,C24800378
DEC_C27558209,DEC,C27558209
DEC_C32316316,DEC,C32316316
DEC_C34757528,DEC,C34757528
DEC_C35640712,DEC,C35640712
DEC_C35664443,DEC,C35664443
DEC_C35781249,DEC,C35781249
DEC_C35990789,DEC,C35990789
DEC_C36039586,DEC,C36039586
DEC_C36076609,DEC,C36076609
DEC_C36121624,DEC,C36121624
DEC_C36206777,DEC,C36206777
DEC_C36206834,DEC,C36206834
DEC_C36207772,DEC,C36207772
DEC_C13119415,DEC,C13119415
DEC_C38547912,DEC,C38547912
DEC_C38547917,DEC,C38547917
DEC_C38563696,DEC,C38563696
DEC_C38798990,DEC,C38798990
DEC_C39666488,DEC,C39666488
DEC_C39676560,DEC,C39676560
DEC_C45513198,DEC,C45513198
DEC_C46865064,DEC,C46865064
DEC_C49574760,DEC,C49574760
DEC_C59333979,DEC,C59333979
DEC_C60379950,DEC,C60379950
DEC_C63151104,DEC,C63151104
DEC_C63280540,DEC,C63280540
DEC_C63383484,DEC,C63383484
DEC_C63383790,DEC,C63383790
DEC_C63513887,DEC,C63513887
DEC_C63772676,DEC,C63772676
DEC_C63778158,DEC,C63778158
DEC_C63835367,DEC,C63835367
DEC_C63974674,DEC,C63974674
DEC_C64704164,DEC,C64704164
DEC_C67286899,DEC,C67286899
DEC_C04481441,DEC,C04481441
DEC_C09008486,DEC,C09008486
DEC_C09505376,DEC,C09505376
DEC_C09581512,DEC,C09581512
DEC_C09753732,DEC,C09753732
DEC_C09867887,DEC,C09867887
DEC_C09951016,DEC,C09951016
DEC_C10013298,DEC,C10013298
DEC_C06282143,DEC,C06282143
DEC_C06281550,DEC,C06281550
DEC_C06281789,DEC,C06281789
DEC_C06281900,DEC,C06281900
DEC_C06283269,DEC,C06283269
DEC_C09540614,DEC,C09540614
DEC_C01381916,DEC,C01381916
DEC_C21648059,DEC,C21648059
DEC_C23372411,DEC,C23372411
DEC_C12567436,DEC,C12567436
DEC_C24228190,DEC,C24228190
DEC_C34734595,DEC,C34734595
DEC_C35564519,DEC,C35564519
DEC_C35642731,DEC,C35642731
DEC_C35870823,DEC,C35870823
DEC_C35926286,DEC,C35926286
DEC_C38150049,DEC,C38150049
DEC_C38803469,DEC,C38803469
DEC_C39293150,DEC,C39293150
DEC_C39344642,DEC,C39344642
DEC_C39617704,DEC,C39617704
DEC_C36648021,DEC,C36648021
DEC_C39726421,DEC,C39726421
DEC_C40156283,DEC,C40156283
DEC_C44879844,DEC,C44879844
DEC_C44932553,DEC,C44932553
DEC_C28619987,DEC,C28619987
DEC_C48326256,DEC,C48326256
DEC_C20207552,DEC,C20207552
DEC_C20207696,DEC,C20207696
DEC_C20207936,DEC,C20207936
DEC_C32964323,DEC,C32964323
DEC_C32964445,DEC,C32964445
DEC_C32964468,DEC,C32964468
DEC_C20235846,DEC,C20235846
DEC_C20235865,DEC,C20235865
DEC_C20356666,DEC,C20356666
DEC_C63303079,DEC,C63303079
DEC_C63666745,DEC,C63666745
DEC_C35379102,DEC,C35379102
DEC_C37447405,DEC,C37447405
DEC_C64502579,DEC,C64502579
DEC_C02651737,DEC,C02651737
DEC_C06193149,DEC,C06193149
DEC_C06089907,DEC,C06089907
DEC_C09690680,DEC,C09690680
DEC_C09828945,DEC,C09828945
DEC_C06445099,DEC,C06445099
DEC_C06445146,DEC,C06445146
DEC_C06283210,DEC,C06283210
DEC_C02129527,DEC,C02129527
DEC_C14951547,DEC,C14951547
DEC_C19940536,DEC,C19940536
DEC_C02092711,DEC,C02092711
DEC_C21531069,DEC,C21531069
DEC_C22358427,DEC,C22358427
DEC_C22684472,DEC,C22684472
DEC_C23029492,DEC,C23029492
DEC_C12309788,DEC,C12309788
DEC_C34735033,DEC,C34735033
DEC_C34988152,DEC,C34988152
DEC_C35744122,DEC,C35744122
DEC_C35746798,DEC,C35746798
DEC_C36156040,DEC,C36156040
DEC_C36204919,DEC,C36204919
DEC_C36206642,DEC,C36206642
DEC_C36207195,DEC,C36207195
DEC_C36207392,DEC,C36207392
DEC_C36207511,DEC,C36207511
DEC_C33937244,DEC,C33937244
DEC_C09215747,DEC,C09215747
DEC_C39601865,DEC,C39601865
DEC_C39604175,DEC,C39604175
DEC_C39605124,DEC,C39605124
DEC_C39632076,DEC,C39632076
DEC_C39637065,DEC,C39637065
DEC_C39639097,DEC,C39639097
DEC_C39639099,DEC,C39639099
DEC_C39664388,DEC,C39664388
DEC_C39664467,DEC,C39664467
DEC_C39665028,DEC,C39665028
DEC_C39667297,DEC,C39667297
DEC_C39675291,DEC,C39675291
DEC_C39676108,DEC,C39676108
DEC_C39678316,DEC,C39678316
DEC_C39683325,DEC,C39683325
DEC_C39685819,DEC,C39685819
DEC_C39696701,DEC,C39696701
DEC_C39841005,DEC,C39841005
DEC_C39993533,DEC,C39993533
DEC_C39993689,DEC,C39993689
DEC_C43209019,DEC,C43209019
DEC_C00709738,DEC,C00709738
DEC_C02928730,DEC,C02928730
DEC_C08833004,DEC,C08833004
DEC_C10042142,DEC,C10042142
DEC_C10155347,DEC,C10155347
DEC_C10210225,DEC,C10210225
DEC_C10665951,DEC,C10665951
DEC_C10912675,DEC,C10912675
DEC_C12382618,DEC,C12382618
DEC_C12477590,DEC,C12477590
DEC_C12555949,DEC,C12555949
DEC_C01380925,DEC,C01380925
DEC_C12888879,DEC,C12888879
DEC_C13138892,DEC,C13138892
DEC_C13138893,DEC,C13138893
DEC_C13553019,DEC,C13553019
DEC_C15910855,DEC,C15910855
DEC_C16043475,DEC,C16043475
DEC_C20757699,DEC,C20757699
DEC_C21084156,DEC,C21084156
DEC_C22472074,DEC,C22472074
DEC_C27229608,DEC,C27229608
DEC_C28059782,DEC,C28059782
DEC_C29570804,DEC,C29570804
DEC_C29570807,DEC,C29570807
DEC_C36275098,DEC,C36275098
DEC_C36504949,DEC,C36504949
DEC_C09539877,DEC,C09539877
DEC_C13022158,DEC,C13022158
DEC_C04100024,DEC,C04100024
DEC_C02660859,DEC,C02660859
DEC_C38557206,DEC,C38557206
DEC_C39466196,DEC,C39466196
DEC_C39469896,DEC,C39469896
DEC_C39545850,DEC,C39545850
DEC_C39556109,DEC,C39556109
DEC_C39836200,DEC,C39836200
DEC_C39836372,DEC,C39836372
DEC_C43209388,DEC,C43209388
DEC_C04147721,DEC,C04147721
DEC_C39225699,DEC,C39225699
DEC_C54617345,DEC,C54617345
DEC_C59058617,DEC,C59058617
DEC_C20480166,DEC,C20480166
DEC_C02656230,DEC,C02656230
DEC_C63448317,DEC,C63448317
DEC_C33033287,DEC,C33033287
DEC_C35851764,DEC,C35851764
DEC_C64581073,DEC,C64581073
DEC_C64789387,DEC,C64789387
DEC_C00930930,DEC,C00930930
DEC_C00946904,DEC,C00946904
DEC_C03841350,DEC,C03841350
DEC_C01107265,DEC,C01107265
DEC_C08772243,DEC,C08772243
DEC_C08820664,DEC,C08820664
DEC_C08937514,DEC,C08937514
DEC_C09124911,DEC,C09124911
DEC_C09325568,DEC,C09325568
DEC_C09390412,DEC,C09390412
DEC_C09465910,DEC,C09465910
DEC_C09422160,DEC,C09422160
DEC_C09627367,DEC,C09627367
DEC_C03085613,DEC,C03085613
DEC_C10048570,DEC,C10048570
DEC_C10048579,DEC,C10048579
DEC_C10425696,DEC,C10425696
DEC_C10773782,DEC,C10773782
DEC_C13015347,DEC,C13015347
DEC_C14242118,DEC,C14242118
DEC_C14276437,DEC,C14276437
DEC_C14806655,DEC,C14806655
DEC_C15274634,DEC,C15274634
DEC_C21875097,DEC,C21875097
DEC_C21973531,DEC,C21973531
DEC_C22001237,DEC,C22001237
DEC_C22021440,DEC,C22021440
DEC_C22063677,DEC,C22063677
DEC_C22189030,DEC,C22189030
DEC_C25671725,DEC,C25671725
DEC_C33141385,DEC,C33141385
DEC_C36826046,DEC,C36826046
DEC_C38651312,DEC,C38651312
DEC_C38654716,DEC,C38654716
DEC_C38654875,DEC,C38654875
DEC_C39400742,DEC,C39400742
DEC_C39467733,DEC,C39467733
DEC_C39468116,DEC,C39468116
DEC_C40066168,DEC,C40066168
DEC_C38223078,DEC,C38223078
DEC_C38185104,DEC,C38185104
DEC_C38185109,DEC,C38185109
DEC_C44173555,DEC,C44173555
DEC_C45266558,DEC,C45266558
DEC_C45266567,DEC,C45266567
DEC_C02281408,DEC,C02281408
DEC_C20150730,DEC,C20150730
DEC_C59456822,DEC,C59456822
DEC_C16425178,DEC,C16425178
DEC_C15320080,DEC,C15320080
DEC_C03849246,DEC,C03849246
DEC_C04025980,DEC,C04025980
DEC_C04225087,DEC,C04225087
DEC_C04469561,DEC,C04469561
DEC_C00499312,DEC,C00499312
DEC_C00231391,DEC,C00231391
DEC_C03211882,DEC,C03211882
DEC_C06721284,DEC,C06721284
DEC_C08428816,DEC,C08428816
DEC_C00291061,DEC,C00291061
DEC_C08727498,DEC,C08727498
DEC_C13643708,DEC,C13643708
DEC_C14458982,DEC,C14458982
DEC_C14544703,DEC,C14544703
DEC_C16205913,DEC,C16205913
DEC_C13643674,DEC,C13643674
DEC_C13643671,DEC,C13643671
DEC_C20694013,DEC,C20694013
DEC_C20708886,DEC,C20708886
DEC_C06252576,DEC,C06252576
DEC_C29855398,DEC,C29855398
DEC_C33040336,DEC,C33040336
DEC_C38985212,DEC,C38985212
DEC_C39700641,DEC,C39700641
DEC_C40723144,DEC,C40723144
DEC_C24379589,DEC,C24379589
DEC_C47347161,DEC,C47347161
DEC_C04545406,DEC,C04545406
DEC_C04545408,DEC,C04545408
DEC_C04545411,DEC,C04545411
DEC_C00526939,DEC,C00526939
DEC_C52006524,DEC,C52006524
DEC_C52006531,DEC,C52006531
DEC_C17303691,DEC,C17303691
DEC_C19320882,DEC,C19320882
DEC_C19332647,DEC,C19332647
DEC_C53993881,DEC,C53993881
DEC_C57343766,DEC,C57343766
DEC_C57343973,DEC,C57343973
DEC_C08528980,DEC,C08528980
DEC_C58368167,DEC,C58368167
DEC_C61622769,DEC,C61622769
DEC_C62411418,DEC,C62411418
DEC_C18189998,DEC,C18189998
DEC_C03998300,DEC,C03998300
DEC_C09015938,DEC,C09015938
DEC_C65394057,DEC,C65394057
DEC_C66765514,DEC,C66765514
DEC_C67019253,DEC,C67019253
DEC_C67558154,DEC,C67558154
DEC_C05359652,DEC,C05359652
DEC_C05956083,DEC,C05956083
DEC_C06790223,DEC,C06790223
DEC_C07536097,DEC,C07536097
DEC_C09544504,DEC,C09544504
DEC_C09915889,DEC,C09915889
DEC_C10469675,DEC,C10469675
DEC_C05594644,DEC,C05594644
DEC_C02573164,DEC,C02573164
DEC_C18199690,DEC,C18199690
DEC_C24101444,DEC,C24101444
DEC_C33088617,DEC,C33088617
DEC_C37555988,DEC,C37555988
DEC_C37556119,DEC,C37556119
DEC_C37556122,DEC,C37556122
DEC_C37556263,DEC,C37556263
DEC_C38994369,DEC,C38994369
DEC_C39217231,DEC,C39217231
DEC_C39915812,DEC,C39915812
DEC_C39915815,DEC,C39915815
DEC_C40315891,DEC,C40315891
DEC_C40824449,DEC,C40824449
DEC_C41093496,DEC,C41093496
DEC_C41545546,DEC,C41545546
DEC_C42755836,DEC,C42755836
DEC_C44980467,DEC,C44980467
DEC_C45835140,DEC,C45835140
DEC_C49298270,DEC,C49298270
DEC_C51756900,DEC,C51756900
DEC_C08568976,DEC,C08568976
DEC_C53266200,DEC,C53266200
DEC_C55276364,DEC,C55276364
DEC_C57456056,DEC,C57456056
DEC_C45697285,DEC,C45697285
DEC_C58236172,DEC,C58236172
DEC_C58385162,DEC,C58385162
DEC_C53898998,DEC,C53898998
DEC_C58853720,DEC,C58853720
DEC_C13691580,DEC,C13691580
DEC_C62131602,DEC,C62131602
DEC_C58223131,DEC,C58223131
DEC_C65143666,DEC,C65143666
DEC_C65349243,DEC,C65349243
DEC_C65349259,DEC,C65349259
DEC_C65356161,DEC,C65356161
DEC_C65474285,DEC,C65474285
DEC_C66617668,DEC,C66617668
DEC_C66820601,DEC,C66820601
DEC_C67240711,DEC,C67240711
DEC_C67492398,DEC,C67492398
DEC_C03841031,DEC,C03841031
DEC_C02050094,DEC,C02050094
DEC_C04236620,DEC,C04236620
DEC_C02247392,DEC,C02247392
DEC_C09560603,DEC,C09560603
DEC_C10040722,DEC,C10040722
DEC_C10040916,DEC,C10040916
DEC_C11338494,DEC,C11338494
DEC_C12497141,DEC,C12497141
DEC_C12498080,DEC,C12498080
DEC_C13130129,DEC,C13130129
DEC_C04774107,DEC,C04774107
DEC_C13639574,DEC,C13639574
DEC_C02793974,DEC,C02793974
DEC_C14158745,DEC,C14158745
DEC_C15086313,DEC,C15086313
DEC_C17059949,DEC,C17059949
DEC_C19296798,DEC,C19296798
DEC_C20054557,DEC,C20054557
DEC_C21040895,DEC,C21040895
DEC_C21320041,DEC,C21320041
DEC_C25533073,DEC,C25533073
DEC_C15972615,DEC,C15972615
DEC_C36496869,DEC,C36496869
DEC_C36523162,DEC,C36523162
DEC_C36525843,DEC,C36525843
DEC_C36540626,DEC,C36540626
DEC_C36556992,DEC,C36556992
DEC_C36556995,DEC,C36556995
DEC_C36562468,DEC,C36562468
DEC_C36570936,DEC,C36570936
DEC_C36571209,DEC,C36571209
DEC_C36579684,DEC,C36579684
DEC_C36586882,DEC,C36586882
DEC_C36597664,DEC,C36597664
DEC_C36599966,DEC,C36599966
DEC_C36599967,DEC,C36599967
DEC_C36603236,DEC,C36603236
DEC_C36603509,DEC,C36603509
DEC_C02794014,DEC,C02794014
DEC_C39303066,DEC,C39303066
DEC_C39327053,DEC,C39327053
DEC_C40549838,DEC,C40549838
DEC_C41006559,DEC,C41006559
DEC_C43225893,DEC,C43225893
DEC_C16429502,DEC,C16429502
DEC_C59016998,DEC,C59016998
DEC_C59373826,DEC,C59373826
DEC_C20115283,DEC,C20115283
DEC_C64015086,DEC,C64015086
DEC_C03118816,DEC,C03118816
DEC_C02863742,DEC,C02863742
DEC_C08430528,DEC,C08430528
DEC_C02406991,DEC,C02406991
DEC_C08901395,DEC,C08901395
DEC_C08901398,DEC,C08901398
DEC_C08768549,DEC,C08768549
DEC_C10153926,DEC,C10153926
DEC_C12296239,DEC,C12296239
DEC_C09290263,DEC,C09290263
DEC_C14279122,DEC,C14279122
DEC_C14547958,DEC,C14547958
DEC_C14833826,DEC,C14833826
DEC_C16183303,DEC,C16183303
DEC_C06195737,DEC,C06195737
DEC_C02769361,DEC,C02769361
DEC_C20466432,DEC,C20466432
DEC_C21256864,DEC,C21256864
DEC_C23943788,DEC,C23943788
DEC_C24720092,DEC,C24720092
DEC_C30825653,DEC,C30825653
DEC_C36586637,DEC,C36586637
DEC_C36586652,DEC,C36586652
DEC_C27498215,DEC,C27498215
DEC_C39337096,DEC,C39337096
DEC_C39481413,DEC,C39481413
DEC_C39561185,DEC,C39561185
DEC_C39850293,DEC,C39850293
DEC_C40709572,DEC,C40709572
DEC_C40948580,DEC,C40948580
DEC_C41006315,DEC,C41006315
DEC_C41006411,DEC,C41006411
DEC_C41006573,DEC,C41006573
DEC_C44960228,DEC,C44960228
DEC_C45334976,DEC,C45334976
DEC_C46620188,DEC,C46620188
DEC_C39324710,DEC,C39324710
DEC_C09075483,DEC,C09075483
DEC_C09308747,DEC,C09308747
DEC_C09292672,DEC,C09292672
DEC_C08854898,DEC,C08854898
DEC_C03077458,DEC,C03077458
DEC_C18988144,DEC,C18988144
DEC_C59293537,DEC,C59293537
DEC_C59293545,DEC,C59293545
DEC_C60106737,DEC,C60106737
DEC_C62042002,DEC,C62042002
DEC_C08445082,DEC,C08445082
DEC_C63686593,DEC,C63686593
DEC_C66200093,DEC,C66200093
DEC_C01820105,DEC,C01820105
DEC_C04366778,DEC,C04366778
DEC_C04366785,DEC,C04366785
DEC_C01867950,DEC,C01867950
DEC_C09229844,DEC,C09229844
DEC_C10021224,DEC,C10021224
DEC_C10609616,DEC,C10609616
DEC_C10785101,DEC,C10785101
DEC_C10864583,DEC,C10864583
DEC_C11350793,DEC,C11350793
DEC_C12570416,DEC,C12570416
DEC_C12656159,DEC,C12656159
DEC_C08845441,DEC,C08845441
DEC_C15906748,DEC,C15906748
DEC_C15947255,DEC,C15947255
DEC_C18243366,DEC,C18243366
DEC_C19314173,DEC,C19314173
DEC_C20805782,DEC,C20805782
DEC_C20911697,DEC,C20911697
DEC_C20911875,DEC,C20911875
DEC_C20911883,DEC,C20911883
DEC_C21364529,DEC,C21364529
DEC_C02794800,DEC,C02794800
DEC_C02794799,DEC,C02794799
DEC_C23125517,DEC,C23125517
DEC_C23358404,DEC,C23358404
DEC_C24790085,DEC,C24790085
DEC_C25068732,DEC,C25068732
DEC_C25857906,DEC,C25857906
DEC_C31635073,DEC,C31635073
DEC_C35877900,DEC,C35877900
DEC_C36339823,DEC,C36339823
DEC_C36556343,DEC,C36556343
DEC_C36556344,DEC,C36556344
DEC_C36573578,DEC,C36573578
DEC_C36597709,DEC,C36597709
DEC_C36598862,DEC,C36598862
DEC_C14158480,DEC,C14158480
DEC_C21940293,DEC,C21940293
DEC_C26123610,DEC,C26123610
DEC_C39916036,DEC,C39916036
DEC_C40549403,DEC,C40549403
DEC_C40549848,DEC,C40549848
DEC_C43553925,DEC,C43553925
DEC_C36476332,DEC,C36476332
DEC_C26109627,DEC,C26109627
DEC_C59004770,DEC,C59004770
DEC_C06298905,DEC,C06298905
DEC_C33688179,DEC,C33688179
DEC_C31634145,DEC,C31634145
DEC_C03840733,DEC,C03840733
DEC_C08384635,DEC,C08384635
DEC_C08791563,DEC,C08791563
DEC_C09127358,DEC,C09127358
DEC_C10441945,DEC,C10441945
DEC_C12502153,DEC,C12502153
DEC_C12503431,DEC,C12503431
DEC_C12573475,DEC,C12573475
DEC_C12573651,DEC,C12573651
DEC_C12887722,DEC,C12887722
DEC_C12887790,DEC,C12887790
DEC_C13936354,DEC,C13936354
DEC_C13978073,DEC,C13978073
DEC_C14159363,DEC,C14159363
DEC_C14241783,DEC,C14241783
DEC_C14623547,DEC,C14623547
DEC_C14770889,DEC,C14770889
DEC_C03144890,DEC,C03144890
DEC_C15483555,DEC,C15483555
DEC_C16988865,DEC,C16988865
DEC_C19831327,DEC,C19831327
DEC_C06015246,DEC,C06015246
DEC_C12250162,DEC,C12250162
DEC_C12250181,DEC,C12250181
DEC_C12250294,DEC,C12250294
DEC_C21054596,DEC,C21054596
DEC_C22009117,DEC,C22009117
DEC_C23647854,DEC,C23647854
DEC_C24901496,DEC,C24901496
DEC_C30277830,DEC,C30277830
DEC_C12250155,DEC,C12250155
DEC_C34906274,DEC,C34906274
DEC_C13407956,DEC,C13407956
DEC_C35633366,DEC,C35633366
DEC_C36500211,DEC,C36500211
DEC_C36500212,DEC,C36500212
DEC_C36500745,DEC,C36500745
DEC_C36548186,DEC,C36548186
DEC_C36552816,DEC,C36552816
DEC_C02618116,DEC,C02618116
DEC_C39557118,DEC,C39557118
DEC_C39850303,DEC,C39850303
DEC_C40315491,DEC,C40315491
DEC_C40983049,DEC,C40983049
DEC_C17274384,DEC,C17274384
DEC_C46772367,DEC,C46772367
DEC_C09243762,DEC,C09243762
DEC_C59294000,DEC,C59294000
DEC_C59310289,DEC,C59310289
DEC_C20152444,DEC,C20152444
DEC_C05258224,DEC,C05258224
DEC_C08050611,DEC,C08050611
DEC_C08200980,DEC,C08200980
DEC_C08416526,DEC,C08416526
DEC_C08735270,DEC,C08735270
DEC_C08846155,DEC,C08846155
DEC_C08846180,DEC,C08846180
DEC_C12502439,DEC,C12502439
DEC_C12502850,DEC,C12502850
DEC_C15262349,DEC,C15262349
DEC_C01200814,DEC,C01200814
DEC_C12512808,DEC,C12512808
DEC_C05642271,DEC,C05642271
DEC_C26677608,DEC,C26677608
DEC_C28362630,DEC,C28362630
DEC_C33171871,DEC,C33171871
DEC_C33704327,DEC,C33704327
DEC_C36535146,DEC,C36535146
DEC_C36553258,DEC,C36553258
DEC_C00958565,DEC,C00958565
DEC_C39369139,DEC,C39369139
DEC_C39482379,DEC,C39482379
DEC_C39856320,DEC,C39856320
DEC_C41630462,DEC,C41630462
DEC_C41630500,DEC,C41630500
DEC_C45694693,DEC,C45694693
DEC_C45724926,DEC,C45724926
DEC_C46570987,DEC,C46570987
DEC_C47036812,DEC,C47036812
DEC_C44320904,DEC,C44320904
DEC_C36610022,DEC,C36610022
DEC_C54679767,DEC,C54679767
DEC_C56708907,DEC,C56708907
DEC_C56709256,DEC,C56709256
DEC_C56710594,DEC,C56710594
DEC_C58553226,DEC,C58553226
DEC_C47469727,DEC,C47469727
DEC_C59349870,DEC,C59349870
DEC_C60368984,DEC,C60368984
DEC_C61637798,DEC,C61637798
DEC_C66122336,DEC,C66122336
DEC_C66122505,DEC,C66122505
DEC_C66426801,DEC,C66426801
DEC_C66426826,DEC,C66426826
DEC_C66664645,DEC,C66664645
DEC_C66926283,DEC,C66926283
DEC_C66938910,DEC,C66938910
DEC_C67239785,DEC,C67239785
DEC_C67396492,DEC,C67396492
DEC_C67647220,DEC,C67647220
DEC_C04859528,DEC,C04859528
DEC_C05282479,DEC,C05282479
DEC_C05583578,DEC,C05583578
DEC_C05671438,DEC,C05671438
DEC_C05678950,DEC,C05678950
DEC_C02616580,DEC,C02616580
DEC_C05849718,DEC,C05849718
DEC_C06608449,DEC,C06608449
DEC_C03292330,DEC,C03292330
DEC_C14007949,DEC,C14007949
DEC_C15129717,DEC,C15129717
DEC_C17353170,DEC,C17353170
DEC_C19414872,DEC,C19414872
DEC_C19414874,DEC,C19414874
DEC_C20301508,DEC,C20301508
DEC_C20301595,DEC,C20301595
DEC_C32741542,DEC,C32741542
DEC_C07799571,DEC,C07799571
DEC_C35287253,DEC,C35287253
DEC_C35474420,DEC,C35474420
DEC_C37338139,DEC,C37338139
DEC_C01167341,DEC,C01167341
DEC_C39448431,DEC,C39448431
DEC_C39587750,DEC,C39587750
DEC_C39700598,DEC,C39700598
DEC_C40723598,DEC,C40723598
DEC_C41671550,DEC,C41671550
DEC_C50440472,DEC,C50440472
DEC_C50440474,DEC,C50440474
DEC_C50441652,DEC,C50441652
DEC_C50653433,DEC,C50653433
DEC_C51143682,DEC,C51143682
DEC_C51143684,DEC,C51143684
DEC_C51608673,DEC,C51608673
DEC_C55386521,DEC,C55386521
DEC_C58244947,DEC,C58244947
DEC_C59272898,DEC,C59272898
DEC_C59434531,DEC,C59434531
DEC_C63436518,DEC,C63436518
DEC_C63865039,DEC,C63865039
DEC_C15974574,DEC,C15974574
DEC_C65189610,DEC,C65189610
DEC_C65237594,DEC,C65237594
DEC_C65463253,DEC,C65463253
DEC_C66157937,DEC,C66157937
DEC_C66442512,DEC,C66442512
DEC_C66468099,DEC,C66468099
DEC_C67035600,DEC,C67035600
DEC_C67203325,DEC,C67203325
DEC_C67371176,DEC,C67371176
DEC_C04225845,DEC,C04225845
DEC_C03145471,DEC,C03145471
DEC_C05040695,DEC,C05040695
DEC_C05040697,DEC,C05040697
DEC_C05744505,DEC,C05744505
DEC_C03621567,DEC,C03621567
DEC_C07975376,DEC,C07975376
DEC_C08013431,DEC,C08013431
DEC_C08429112,DEC,C08429112
DEC_C09549206,DEC,C09549206
DEC_C10138530,DEC,C10138530
DEC_C10242361,DEC,C10242361
DEC_C11986328,DEC,C11986328
DEC_C09966595,DEC,C09966595
DEC_C12922443,DEC,C12922443
DEC_C13019259,DEC,C13019259
DEC_C08934421,DEC,C08934421
DEC_C14232991,DEC,C14232991
DEC_C19075315,DEC,C19075315
DEC_C20627994,DEC,C20627994
DEC_C20761906,DEC,C20761906
DEC_C25110952,DEC,C25110952
DEC_C26673055,DEC,C26673055
DEC_C31263403,DEC,C31263403
DEC_C32073887,DEC,C32073887
DEC_C35337351,DEC,C35337351
DEC_C35683631,DEC,C35683631
DEC_C20500905,DEC,C20500905
DEC_C39041074,DEC,C39041074
DEC_C39232463,DEC,C39232463
DEC_C36007659,DEC,C36007659
DEC_C36640933,DEC,C36640933
DEC_C40069145,DEC,C40069145
DEC_C44334304,DEC,C44334304
DEC_C45899572,DEC,C45899572
DEC_C49402905,DEC,C49402905
DEC_C49402911,DEC,C49402911
DEC_C17092468,DEC,C17092468
DEC_C24114630,DEC,C24114630
DEC_C27728665,DEC,C27728665
DEC_C58054815,DEC,C58054815
DEC_C07961978,DEC,C07961978
DEC_C28805980,DEC,C28805980
DEC_C59285573,DEC,C59285573
DEC_C59421683,DEC,C59421683
DEC_C13611126,DEC,C13611126
DEC_C00846323,DEC,C00846323
DEC_C63807396,DEC,C63807396
DEC_C08845677,DEC,C08845677
DEC_C01423728,DEC,C01423728
DEC_C05221020,DEC,C05221020
DEC_C00316035,DEC,C00316035
DEC_C01872202,DEC,C01872202
DEC_C09339125,DEC,C09339125
DEC_C12604325,DEC,C12604325
DEC_C12813559,DEC,C12813559
DEC_C13072592,DEC,C13072592
DEC_C14212470,DEC,C14212470
DEC_C20674707,DEC,C20674707
DEC_C34919107,DEC,C34919107
DEC_C36839288,DEC,C36839288
DEC_C37129245,DEC,C37129245
DEC_C01819352,DEC,C01819352
DEC_C38090162,DEC,C38090162
DEC_C38106561,DEC,C38106561
DEC_C38108312,DEC,C38108312
DEC_C39313164,DEC,C39313164
DEC_C39698126,DEC,C39698126
DEC_C40005594,DEC,C40005594
DEC_C40692563,DEC,C40692563
DEC_C41186754,DEC,C41186754
DEC_C41249310,DEC,C41249310
DEC_C43594174,DEC,C43594174
DEC_C44243739,DEC,C44243739
DEC_C48290650,DEC,C48290650
DEC_C48571486,DEC,C48571486
DEC_C48817036,DEC,C48817036
DEC_C49319339,DEC,C49319339
DEC_C49391570,DEC,C49391570
DEC_C51885974,DEC,C51885974
DEC_C51927663,DEC,C51927663
DEC_C15053479,DEC,C15053479
DEC_C07942225,DEC,C07942225
DEC_C58194950,DEC,C58194950
DEC_C05741120,DEC,C05741120
DEC_C13846484,DEC,C13846484
DEC_C61365432,DEC,C61365432
DEC_C61890898,DEC,C61890898
DEC_C63412617,DEC,C63412617
DEC_C64867646,DEC,C64867646
DEC_C36635771,DEC,C36635771
DEC_C65155141,DEC,C65155141
DEC_C65273216,DEC,C65273216
DEC_C65553815,DEC,C65553815
DEC_C65594446,DEC,C65594446
DEC_C66794440,DEC,C66794440
DEC_C67030043,DEC,C67030043
DEC_C67041329,DEC,C67041329
DEC_C15547262,DEC,C15547262
DEC_C02357384,DEC,C02357384
DEC_C05887115,DEC,C05887115
DEC_C00927081,DEC,C00927081
DEC_C09090416,DEC,C09090416
DEC_C09763396,DEC,C09763396
DEC_C11815591,DEC,C11815591
DEC_C11871639,DEC,C11871639
DEC_C11997761,DEC,C11997761
DEC_C12037359,DEC,C12037359
DEC_C12279901,DEC,C12279901
DEC_C12314489,DEC,C12314489
DEC_C12315338,DEC,C12315338
DEC_C12701711,DEC,C12701711
DEC_C06443544,DEC,C06443544
DEC_C04802756,DEC,C04802756
DEC_C14992228,DEC,C14992228
DEC_C15225533,DEC,C15225533
DEC_C16363955,DEC,C16363955
DEC_C19715965,DEC,C19715965
DEC_C20574624,DEC,C20574624
DEC_C20816336,DEC,C20816336
DEC_C20997634,DEC,C20997634
DEC_C21022390,DEC,C21022390
DEC_C22513904,DEC,C22513904
DEC_C24058288,DEC,C24058288
DEC_C32536805,DEC,C32536805
DEC_C35276026,DEC,C35276026
DEC_C35617517,DEC,C35617517
DEC_C35839668,DEC,C35839668
DEC_C35840564,DEC,C35840564
DEC_C36256219,DEC,C36256219
DEC_C34677845,DEC,C34677845
DEC_C15391725,DEC,C15391725
DEC_C09716549,DEC,C09716549
DEC_C32492990,DEC,C32492990
DEC_C38786371,DEC,C38786371
DEC_C40118613,DEC,C40118613
DEC_C40320101,DEC,C40320101
DEC_C22937211,DEC,C22937211
DEC_C04847546,DEC,C04847546
DEC_C12551228,DEC,C12551228
DEC_C60267099,DEC,C60267099
DEC_C36370002,DEC,C36370002
DEC_C13555009,DEC,C13555009
DEC_C63908107,DEC,C63908107
DEC_C14744051,DEC,C14744051
DEC_C64492031,DEC,C64492031
DEC_C64713835,DEC,C64713835
DEC_C64732351,DEC,C64732351
DEC_C65111684,DEC,C65111684
DEC_C04811146,DEC,C04811146
DEC_C04885647,DEC,C04885647
DEC_C09066426,DEC,C09066426
DEC_C12443804,DEC,C12443804
DEC_C06392200,DEC,C06392200
DEC_C16378666,DEC,C16378666
DEC_C20154396,DEC,C20154396
DEC_C20448801,DEC,C20448801
DEC_C21578703,DEC,C21578703
DEC_C27372686,DEC,C27372686
DEC_C35990887,DEC,C35990887
DEC_C35990931,DEC,C35990931
DEC_C31811945,DEC,C31811945
DEC_C39400197,DEC,C39400197
DEC_C39733551,DEC,C39733551
DEC_C39970172,DEC,C39970172
DEC_C40796265,DEC,C40796265
DEC_C41638682,DEC,C41638682
DEC_C42133488,DEC,C42133488
DEC_C44649604,DEC,C44649604
DEC_C44649606,DEC,C44649606
DEC_C45615957,DEC,C45615957
DEC_C47257376,DEC,C47257376
DEC_C47405912,DEC,C47405912
DEC_C48742163,DEC,C48742163
DEC_C50062521,DEC,C50062521
DEC_C50077810,DEC,C50077810
DEC_C52521688,DEC,C52521688
DEC_C52587935,DEC,C52587935
DEC_C52588406,DEC,C52588406
DEC_C53523919,DEC,C53523919
DEC_C53523923,DEC,C53523923
DEC_C56786540,DEC,C56786540
DEC_C56946802,DEC,C56946802
DEC_C56946803,DEC,C56946803
DEC_C58304706,DEC,C58304706
DEC_C58535459,DEC,C58535459
DEC_C54727961,DEC,C54727961
DEC_C60162534,DEC,C60162534
DEC_C20731841,DEC,C20731841
DEC_C20731844,DEC,C20731844
DEC_C63486264,DEC,C63486264
DEC_C63517455,DEC,C63517455
DEC_C63796258,DEC,C63796258
DEC_C63925985,DEC,C63925985
DEC_C63952573,DEC,C63952573
DEC_C66978758,DEC,C66978758
DEC_C67270912,DEC,C67270912
DEC_C67272885,DEC,C67272885
DEC_C67304525,DEC,C67304525
DEC_C07591417,DEC,C07591417
DEC_C03302588,DEC,C03302588
DEC_C12299093,DEC,C12299093
DEC_C19525944,DEC,C19525944
DEC_C26334479,DEC,C26334479
DEC_C00848839,DEC,C00848839
DEC_C33024206,DEC,C33024206
DEC_C39445505,DEC,C39445505
DEC_C41653186,DEC,C41653186
DEC_C41717862,DEC,C41717862
DEC_C41725893,DEC,C41725893
DEC_C42506278,DEC,C42506278
DEC_C44966536,DEC,C44966536
DEC_C44966538,DEC,C44966538
DEC_C47916169,DEC,C47916169
DEC_C48372306,DEC,C48372306
DEC_C48752276,DEC,C48752276
DEC_C02892730,DEC,C02892730
DEC_C58174791,DEC,C58174791
DEC_C43405365,DEC,C43405365
DEC_C47777666,DEC,C47777666
DEC_C47777811,DEC,C47777811
DEC_C48483991,DEC,C48483991
DEC_C47140673,DEC,C47140673
DEC_C63772693,DEC,C63772693
DEC_C63835509,DEC,C63835509
DEC_C63948135,DEC,C63948135
DEC_C47777850,DEC,C47777850
DEC_C43136741,DEC,C43136741
DEC_C64657402,DEC,C64657402
DEC_C53811392,DEC,C53811392
DEC_C65161999,DEC,C65161999
DEC_C51335458,DEC,C51335458
DEC_C65378554,DEC,C65378554
DEC_C65601734,DEC,C65601734
DEC_C66194574,DEC,C66194574
DEC_C66233579,DEC,C66233579
DEC_C66233968,DEC,C66233968
DEC_C66472569,DEC,C66472569
DEC_C66473399,DEC,C66473399
DEC_C66599112,DEC,C66599112
DEC_C67010331,DEC,C67010331
DEC_C67389641,DEC,C67389641
DEC_C67389828,DEC,C67389828
DEC_C67391258,DEC,C67391258
DEC_C67392646,DEC,C67392646
DEC_C67392951,DEC,C67392951
DEC_C67438048,DEC,C67438048
DEC_C67438102,DEC,C67438102
DEC_C67438187,DEC,C67438187
DEC_C11872015,DEC,C11872015
DEC_C11881462,DEC,C11881462
DEC_C12073009,DEC,C12073009
DEC_C12592685,DEC,C12592685
DEC_C12705260,DEC,C12705260
DEC_C11661282,DEC,C11661282
DEC_C19536901,DEC,C19536901
DEC_C20320252,DEC,C20320252
DEC_C12602492,DEC,C12602492
DEC_C20503897,DEC,C20503897
DEC_C35863634,DEC,C35863634
DEC_C38971718,DEC,C38971718
DEC_C39608792,DEC,C39608792
DEC_C39608794,DEC,C39608794
DEC_C39627581,DEC,C39627581
DEC_C39628075,DEC,C39628075
DEC_C39630987,DEC,C39630987
DEC_C39631013,DEC,C39631013
DEC_C39631094,DEC,C39631094
DEC_C39634683,DEC,C39634683
DEC_C39634783,DEC,C39634783
DEC_C39634784,DEC,C39634784
DEC_C39634852,DEC,C39634852
DEC_C39634875,DEC,C39634875
DEC_C39663912,DEC,C39663912
DEC_C39663913,DEC,C39663913
DEC_C39663914,DEC,C39663914
DEC_C39664164,DEC,C39664164
DEC_C39664852,DEC,C39664852
DEC_C39670380,DEC,C39670380
DEC_C39670777,DEC,C39670777
DEC_C39674619,DEC,C39674619
DEC_C39674660,DEC,C39674660
DEC_C39674719,DEC,C39674719
DEC_C39674824,DEC,C39674824
DEC_C39675563,DEC,C39675563
DEC_C39675717,DEC,C39675717
DEC_C39679019,DEC,C39679019
DEC_C39695665,DEC,C39695665
DEC_C45772623,DEC,C45772623
DEC_C35442523,DEC,C35442523
DEC_C56813604,DEC,C56813604
DEC_C63097966,DEC,C63097966
DEC_C63340079,DEC,C63340079
DEC_C38601108,DEC,C38601108
DEC_C63666891,DEC,C63666891
DEC_C63775697,DEC,C63775697
DEC_C64143540,DEC,C64143540
DEC_C64391485,DEC,C64391485
DEC_C66702911,DEC,C66702911
DEC_C06760086,DEC,C06760086
DEC_C08746000,DEC,C08746000
DEC_C09429886,DEC,C09429886
DEC_C09744778,DEC,C09744778
DEC_C11966359,DEC,C11966359
DEC_C11912395,DEC,C11912395
DEC_C12313934,DEC,C12313934
DEC_C12429547,DEC,C12429547
DEC_C19455933,DEC,C19455933
DEC_C19883278,DEC,C19883278
DEC_C20858447,DEC,C20858447
DEC_C20916915,DEC,C20916915
DEC_C20999904,DEC,C20999904
DEC_C22595973,DEC,C22595973
DEC_C19145482,DEC,C19145482
DEC_C35853736,DEC,C35853736
DEC_C09353131,DEC,C09353131
DEC_C38664297,DEC,C38664297
DEC_C38767406,DEC,C38767406
DEC_C39287432,DEC,C39287432
DEC_C39356094,DEC,C39356094
DEC_C39605567,DEC,C39605567
DEC_C39689232,DEC,C39689232
DEC_C39695543,DEC,C39695543
DEC_C39699329,DEC,C39699329
DEC_C39709620,DEC,C39709620
DEC_C39709622,DEC,C39709622
DEC_C39710438,DEC,C39710438
DEC_C39711457,DEC,C39711457
DEC_C45501124,DEC,C45501124
DEC_C20780728,DEC,C20780728
DEC_C63139020,DEC,C63139020
DEC_C63139039,DEC,C63139039
DEC_C63139378,DEC,C63139378
DEC_C38827534,DEC,C38827534
DEC_C63280040,DEC,C63280040
DEC_C63295188,DEC,C63295188
DEC_C63374344,DEC,C63374344
DEC_C63624891,DEC,C63624891
DEC_C63730963,DEC,C63730963
DEC_C63985512,DEC,C63985512
DEC_C63985545,DEC,C63985545
DEC_C63985935,DEC,C63985935
DEC_C63993654,DEC,C63993654
DEC_C63994091,DEC,C63994091
DEC_C63994145,DEC,C63994145
DEC_C64093665,DEC,C64093665
DEC_C64540641,DEC,C64540641
DEC_C64622335,DEC,C64622335
DEC_C65117975,DEC,C65117975
DEC_C04097449,DEC,C04097449
DEC_C04177146,DEC,C04177146
DEC_C06678571,DEC,C06678571
DEC_C11995440,DEC,C11995440
DEC_C11997260,DEC,C11997260
DEC_C12050226,DEC,C12050226
DEC_C20600908,DEC,C20600908
DEC_C12745823,DEC,C12745823
DEC_C12581087,DEC,C12581087
DEC_C38818463,DEC,C38818463
DEC_C39357235,DEC,C39357235
DEC_C39400464,DEC,C39400464
DEC_C39626833,DEC,C39626833
DEC_C39628144,DEC,C39628144
DEC_C39630826,DEC,C39630826
DEC_C39663095,DEC,C39663095
DEC_C39663255,DEC,C39663255
DEC_C39663272,DEC,C39663272
DEC_C39663330,DEC,C39663330
DEC_C39664755,DEC,C39664755
DEC_C39670359,DEC,C39670359
DEC_C39670410,DEC,C39670410
DEC_C39670572,DEC,C39670572
DEC_C39674612,DEC,C39674612
DEC_C39695560,DEC,C39695560
DEC_C39695561,DEC,C39695561
DEC_C39695641,DEC,C39695641
DEC_C43619829,DEC,C43619829
DEC_C52637231,DEC,C52637231
DEC_C52637251,DEC,C52637251
DEC_C22915376,DEC,C22915376
DEC_C63249851,DEC,C63249851
DEC_C63271177,DEC,C63271177
DEC_C20738133,DEC,C20738133
DEC_C18223064,DEC,C18223064
DEC_C63526369,DEC,C63526369
DEC_C63624889,DEC,C63624889
DEC_C63426794,DEC,C63426794
DEC_C63731004,DEC,C63731004
DEC_C63808564,DEC,C63808564
DEC_C63808566,DEC,C63808566
DEC_C63985862,DEC,C63985862
DEC_C64008848,DEC,C64008848
DEC_C64058137,DEC,C64058137
DEC_C64062204,DEC,C64062204
DEC_C32808457,DEC,C32808457
DEC_C64491429,DEC,C64491429
DEC_C64976584,DEC,C64976584
DEC_C65216098,DEC,C65216098
DEC_C65216100,DEC,C65216100
DEC_C03905608,DEC,C03905608
DEC_C04476870,DEC,C04476870
DEC_C05248374,DEC,C05248374
DEC_C05352210,DEC,C05352210
DEC_C09500548,DEC,C09500548
DEC_C11771340,DEC,C11771340
DEC_C12028918,DEC,C12028918
DEC_C11661098,DEC,C11661098
DEC_C19496652,DEC,C19496652
DEC_C20351391,DEC,C20351391
DEC_C23466334,DEC,C23466334
DEC_C28465126,DEC,C28465126
DEC_C18209771,DEC,C18209771
DEC_C38652938,DEC,C38652938
DEC_C39627913,DEC,C39627913
DEC_C39627969,DEC,C39627969
DEC_C39663206,DEC,C39663206
DEC_C39681939,DEC,C39681939
DEC_C39727085,DEC,C39727085
DEC_C39727087,DEC,C39727087
DEC_C39760514,DEC,C39760514
DEC_C39992098,DEC,C39992098
DEC_C40049537,DEC,C40049537
DEC_C41113696,DEC,C41113696
DEC_C43189347,DEC,C43189347
DEC_C43631298,DEC,C43631298
DEC_C48135066,DEC,C48135066
DEC_C12676686,DEC,C12676686
DEC_C22780164,DEC,C22780164
DEC_C61637820,DEC,C61637820
DEC_C39781335,DEC,C39781335
DEC_C20724494,DEC,C20724494
DEC_C63448239,DEC,C63448239
DEC_C63448368,DEC,C63448368
DEC_C06938582,DEC,C06938582
DEC_C06938614,DEC,C06938614
DEC_C38974747,DEC,C38974747
DEC_C63870409,DEC,C63870409
DEC_C64002240,DEC,C64002240
DEC_C64012528,DEC,C64012528
DEC_C38995227,DEC,C38995227
DEC_C64166479,DEC,C64166479
DEC_C64166614,DEC,C64166614
DEC_C64410757,DEC,C64410757
DEC_C65410113,DEC,C65410113
DEC_C66535250,DEC,C66535250
DEC_C66535921,DEC,C66535921
DEC_C66536779,DEC,C66536779
DEC_C67481997,DEC,C67481997
DEC_C67592469,DEC,C67592469
DEC_C08147950,DEC,C08147950
DEC_C02374647,DEC,C02374647
DEC_C14998575,DEC,C14998575
DEC_C15066514,DEC,C15066514
DEC_C19715406,DEC,C19715406
DEC_C15378421,DEC,C15378421
DEC_C29121135,DEC,C29121135
DEC_C31042168,DEC,C31042168
DEC_C31174435,DEC,C31174435
DEC_C12475993,DEC,C12475993
DEC_C38577563,DEC,C38577563
DEC_C39037739,DEC,C39037739
DEC_C36674840,DEC,C36674840
DEC_C39394908,DEC,C39394908
DEC_C39430972,DEC,C39430972
DEC_C39660470,DEC,C39660470
DEC_C41724867,DEC,C41724867
DEC_C44037926,DEC,C44037926
DEC_C46033400,DEC,C46033400
DEC_C47057100,DEC,C47057100
DEC_C48767798,DEC,C48767798
DEC_C47999948,DEC,C47999948
DEC_C50900264,DEC,C50900264
DEC_C53574758,DEC,C53574758
DEC_C54396245,DEC,C54396245
DEC_C54670629,DEC,C54670629
DEC_C54945594,DEC,C54945594
DEC_C56937730,DEC,C56937730
DEC_C58102426,DEC,C58102426
DEC_C52842997,DEC,C52842997
DEC_C39945126,DEC,C39945126
DEC_C63375731,DEC,C63375731
DEC_C63522123,DEC,C63522123
DEC_C63529314,DEC,C63529314
DEC_C64227822,DEC,C64227822
DEC_C64808985,DEC,C64808985
DEC_C65248545,DEC,C65248545
DEC_C54805596,DEC,C54805596
DEC_C55055341,DEC,C55055341
DEC_C66186923,DEC,C66186923
DEC_C66189449,DEC,C66189449
DEC_C66357741,DEC,C66357741
DEC_C67005283,DEC,C67005283
DEC_C67247964,DEC,C67247964
DEC_C67268338,DEC,C67268338
DEC_C67390374,DEC,C67390374
DEC_C67608150,DEC,C67608150
DEC_C67610699,DEC,C67610699
DEC_C67622813,DEC,C67622813
DEC_C67632594,DEC,C67632594
DEC_C11881811,DEC,C11881811
DEC_C08443383,DEC,C08443383
DEC_C35564307,DEC,C35564307
DEC_C03830352,DEC,C03830352
DEC_C03830351,DEC,C03830351
DEC_C32513808,DEC,C32513808
DEC_C32533090,DEC,C32533090
DEC_C32533089,DEC,C32533089
DEC_C39444094,DEC,C39444094
DEC_C39444120,DEC,C39444120
DEC_C39595244,DEC,C39595244
DEC_C39628304,DEC,C39628304
DEC_C39628386,DEC,C39628386
DEC_C39630814,DEC,C39630814
DEC_C39630888,DEC,C39630888
DEC_C39634870,DEC,C39634870
DEC_C39663299,DEC,C39663299
DEC_C39664168,DEC,C39664168
DEC_C39664817,DEC,C39664817
DEC_C39664873,DEC,C39664873
DEC_C39664875,DEC,C39664875
DEC_C39670063,DEC,C39670063
DEC_C39670600,DEC,C39670600
DEC_C39670835,DEC,C39670835
DEC_C39674800,DEC,C39674800
DEC_C39675603,DEC,C39675603
DEC_C39675893,DEC,C39675893
DEC_C39683571,DEC,C39683571
DEC_C39689234,DEC,C39689234
DEC_C39689246,DEC,C39689246
DEC_C39710791,DEC,C39710791
DEC_C39710792,DEC,C39710792
DEC_C39710793,DEC,C39710793
DEC_C39710861,DEC,C39710861
DEC_C39711394,DEC,C39711394
DEC_C35442522,DEC,C35442522
DEC_C36027444,DEC,C36027444
DEC_C52565773,DEC,C52565773
DEC_C63110953,DEC,C63110953
DEC_C39444095,DEC,C39444095
DEC_C39444120,DEC,C39444120
DEC_C63205833,DEC,C63205833
DEC_C63695708,DEC,C63695708
DEC_C64023760,DEC,C64023760
DEC_C64031541,DEC,C64031541
DEC_C64131762,DEC,C64131762
DEC_C64414794,DEC,C64414794
DEC_C64604213,DEC,C64604213
DEC_C64604216,DEC,C64604216
DEC_C64697349,DEC,C64697349
DEC_C05753474,DEC,C05753474
DEC_C12159173,DEC,C12159173
DEC_C12319827,DEC,C12319827
DEC_C22734360,DEC,C22734360
DEC_C29712273,DEC,C29712273
DEC_C32932817,DEC,C32932817
DEC_C33017787,DEC,C33017787
DEC_C38776689,DEC,C38776689
DEC_C39035186,DEC,C39035186
DEC_C39442659,DEC,C39442659
DEC_C39454566,DEC,C39454566
DEC_C39629687,DEC,C39629687
DEC_C39629690,DEC,C39629690
DEC_C39634227,DEC,C39634227
DEC_C39634379,DEC,C39634379
DEC_C39637806,DEC,C39637806
DEC_C39654860,DEC,C39654860
DEC_C39654866,DEC,C39654866
DEC_C39658847,DEC,C39658847
DEC_C39658996,DEC,C39658996
DEC_C39659287,DEC,C39659287
DEC_C39659344,DEC,C39659344
DEC_C39659504,DEC,C39659504
DEC_C39659509,DEC,C39659509
DEC_C39668578,DEC,C39668578
DEC_C39668794,DEC,C39668794
DEC_C39669075,DEC,C39669075
DEC_C39671723,DEC,C39671723
DEC_C39671810,DEC,C39671810
DEC_C39673322,DEC,C39673322
DEC_C39674157,DEC,C39674157
DEC_C39674197,DEC,C39674197
DEC_C39674559,DEC,C39674559
DEC_C39678728,DEC,C39678728
DEC_C39688056,DEC,C39688056
DEC_C39694527,DEC,C39694527
DEC_C39696978,DEC,C39696978
DEC_C41517442,DEC,C41517442
DEC_C41638414,DEC,C41638414
DEC_C48363887,DEC,C48363887
DEC_C48793257,DEC,C48793257
DEC_C53460953,DEC,C53460953
DEC_C58328572,DEC,C58328572
DEC_C18250508,DEC,C18250508
DEC_C63270421,DEC,C63270421
DEC_C63781020,DEC,C63781020
DEC_C64600424,DEC,C64600424
DEC_C66823987,DEC,C66823987
DEC_C67202563,DEC,C67202563
DEC_C67392619,DEC,C67392619
DEC_C08781918,DEC,C08781918
DEC_C08933786,DEC,C08933786
DEC_C09468085,DEC,C09468085
DEC_C10249041,DEC,C10249041
DEC_C10645694,DEC,C10645694
DEC_C11814271,DEC,C11814271
DEC_C11971938,DEC,C11971938
DEC_C11995993,DEC,C11995993
DEC_C11996016,DEC,C11996016
DEC_C11998598,DEC,C11998598
DEC_C12026545,DEC,C12026545
DEC_C12878393,DEC,C12878393
DEC_C06300550,DEC,C06300550
DEC_C09271603,DEC,C09271603
DEC_C15062319,DEC,C15062319
DEC_C15729694,DEC,C15729694
DEC_C19826528,DEC,C19826528
DEC_C19864844,DEC,C19864844
DEC_C21164603,DEC,C21164603
DEC_C23039172,DEC,C23039172
DEC_C24081899,DEC,C24081899
DEC_C24081902,DEC,C24081902
DEC_C32691623,DEC,C32691623
DEC_C32882074,DEC,C32882074
DEC_C33809615,DEC,C33809615
DEC_C34036632,DEC,C34036632
DEC_C35564496,DEC,C35564496
DEC_C38672377,DEC,C38672377
DEC_C38783300,DEC,C38783300
DEC_C38965794,DEC,C38965794
DEC_C44670754,DEC,C44670754
DEC_C45621234,DEC,C45621234
DEC_C39771828,DEC,C39771828
DEC_C63209121,DEC,C63209121
DEC_C63279527,DEC,C63279527
DEC_C63351157,DEC,C63351157
DEC_C63372893,DEC,C63372893
DEC_C63373071,DEC,C63373071
DEC_C63375192,DEC,C63375192
DEC_C63375214,DEC,C63375214
DEC_C63375216,DEC,C63375216
DEC_C63385389,DEC,C63385389
DEC_C63492599,DEC,C63492599
DEC_C63514412,DEC,C63514412
DEC_C63633089,DEC,C63633089
DEC_C63633091,DEC,C63633091
DEC_C63633094,DEC,C63633094
DEC_C63756213,DEC,C63756213
DEC_C40014097,DEC,C40014097
DEC_C64480026,DEC,C64480026
DEC_C04453492,DEC,C04453492
DEC_C04453495,DEC,C04453495
DEC_C08314675,DEC,C08314675
DEC_C08468061,DEC,C08468061
DEC_C08707791,DEC,C08707791
DEC_C09516175,DEC,C09516175
DEC_C07445587,DEC,C07445587
DEC_C11937551,DEC,C11937551
DEC_C12496675,DEC,C12496675
DEC_C12601258,DEC,C12601258
DEC_C14535030,DEC,C14535030
DEC_C19572476,DEC,C19572476
DEC_C13551432,DEC,C13551432
DEC_C14187470,DEC,C14187470
DEC_C28103568,DEC,C28103568
DEC_C30431813,DEC,C30431813
DEC_C36735049,DEC,C36735049
DEC_C38556628,DEC,C38556628
DEC_C39980726,DEC,C39980726
DEC_C40034162,DEC,C40034162
DEC_C40396991,DEC,C40396991
DEC_C43109634,DEC,C43109634
DEC_C20206562,DEC,C20206562
DEC_C20673346,DEC,C20673346
DEC_C40399747,DEC,C40399747
DEC_C50900272,DEC,C50900272
DEC_C51705955,DEC,C51705955
DEC_C56102312,DEC,C56102312
DEC_C47263824,DEC,C47263824
DEC_C59152069,DEC,C59152069
DEC_C19959922,DEC,C19959922
DEC_C60208467,DEC,C60208467
DEC_C61619677,DEC,C61619677
DEC_C39792459,DEC,C39792459
DEC_C63874061,DEC,C63874061
DEC_C64305278,DEC,C64305278
DEC_C64637523,DEC,C64637523
DEC_C64637524,DEC,C64637524
DEC_C65181997,DEC,C65181997
DEC_C65182015,DEC,C65182015
DEC_C65182016,DEC,C65182016
DEC_C65182741,DEC,C65182741
DEC_C65329703,DEC,C65329703
DEC_C66100766,DEC,C66100766
DEC_C66179974,DEC,C66179974
DEC_C66187621,DEC,C66187621
DEC_C66195188,DEC,C66195188
DEC_C66899999,DEC,C66899999
DEC_C67317349,DEC,C67317349
DEC_C67411380,DEC,C67411380
DEC_C04028276,DEC,C04028276
DEC_C04160575,DEC,C04160575
DEC_C04400116,DEC,C04400116
DEC_C04889847,DEC,C04889847
DEC_C03053319,DEC,C03053319
DEC_C05282809,DEC,C05282809
DEC_C05282814,DEC,C05282814
DEC_C05444253,DEC,C05444253
DEC_C05727748,DEC,C05727748
DEC_C00909460,DEC,C00909460
DEC_C00889543,DEC,C00889543
DEC_C08963169,DEC,C08963169
DEC_C08963319,DEC,C08963319
DEC_C11844655,DEC,C11844655
DEC_C12660522,DEC,C12660522
DEC_C14923835,DEC,C14923835
DEC_C15007923,DEC,C15007923
DEC_C15674353,DEC,C15674353
DEC_C15768930,DEC,C15768930
DEC_C19554220,DEC,C19554220
DEC_C21868578,DEC,C21868578
DEC_C12309723,DEC,C12309723
DEC_C00999722,DEC,C00999722
DEC_C34810076,DEC,C34810076
DEC_C36014890,DEC,C36014890
DEC_C08764779,DEC,C08764779
DEC_C38565018,DEC,C38565018
DEC_C38994414,DEC,C38994414
DEC_C39697604,DEC,C39697604
DEC_C39733632,DEC,C39733632
DEC_C39981040,DEC,C39981040
DEC_C43973600,DEC,C43973600
DEC_C47510363,DEC,C47510363
DEC_C48070104,DEC,C48070104
DEC_C54060580,DEC,C54060580
DEC_C56760695,DEC,C56760695
DEC_C02712039,DEC,C02712039
DEC_C41585955,DEC,C41585955
DEC_C63182482,DEC,C63182482
DEC_C63502972,DEC,C63502972
DEC_C63514223,DEC,C63514223
DEC_C38980436,DEC,C38980436
DEC_C63899814,DEC,C63899814
DEC_C64650077,DEC,C64650077
DEC_C64671048,DEC,C64671048
DEC_C65181634,DEC,C65181634
DEC_C65181826,DEC,C65181826
DEC_C65182890,DEC,C65182890
DEC_C66701101,DEC,C66701101
DEC_C66701102,DEC,C66701102
DEC_C03838678,DEC,C03838678
DEC_C08297601,DEC,C08297601
DEC_C09723821,DEC,C09723821
DEC_C11783143,DEC,C11783143
DEC_C11882180,DEC,C11882180
DEC_C09278426,DEC,C09278426
DEC_C11910692,DEC,C11910692
DEC_C11913541,DEC,C11913541
DEC_C12035060,DEC,C12035060
DEC_C12053344,DEC,C12053344
DEC_C12150398,DEC,C12150398
DEC_C12246914,DEC,C12246914
DEC_C12325462,DEC,C12325462
DEC_C12375915,DEC,C12375915
DEC_C12771730,DEC,C12771730
DEC_C12832922,DEC,C12832922
DEC_C12833170,DEC,C12833170
DEC_C13065496,DEC,C13065496
DEC_C08817192,DEC,C08817192
DEC_C12444691,DEC,C12444691
DEC_C14957478,DEC,C14957478
DEC_C15025281,DEC,C15025281
DEC_C15551236,DEC,C15551236
DEC_C15988792,DEC,C15988792
DEC_C21155300,DEC,C21155300
DEC_C24592956,DEC,C24592956
DEC_C24757361,DEC,C24757361
DEC_C33272636,DEC,C33272636
DEC_C33290261,DEC,C33290261
DEC_C34927947,DEC,C34927947
DEC_C35457365,DEC,C35457365
DEC_C35671673,DEC,C35671673
DEC_C39413094,DEC,C39413094
DEC_C39573262,DEC,C39573262
DEC_C45547819,DEC,C45547819
DEC_C45861285,DEC,C45861285
DEC_C22290684,DEC,C22290684
DEC_C36024485,DEC,C36024485
DEC_C14531482,DEC,C14531482
DEC_C57760510,DEC,C57760510
DEC_C17164313,DEC,C17164313
DEC_C59057761,DEC,C59057761
DEC_C63270551,DEC,C63270551
DEC_C63557170,DEC,C63557170
DEC_C63818560,DEC,C63818560
DEC_C64380843,DEC,C64380843
DEC_C64480191,DEC,C64480191
DEC_C65182325,DEC,C65182325
DEC_C65182328,DEC,C65182328
DEC_C65183109,DEC,C65183109
DEC_C02214590,DEC,C02214590
DEC_C04685913,DEC,C04685913
DEC_C07450672,DEC,C07450672
DEC_C02157423,DEC,C02157423
DEC_C09337341,DEC,C09337341
DEC_C09337344,DEC,C09337344
DEC_C09516570,DEC,C09516570
DEC_C11838817,DEC,C11838817
DEC_C12031340,DEC,C12031340
DEC_C11819892,DEC,C11819892
DEC_C12158207,DEC,C12158207
DEC_C12219079,DEC,C12219079
DEC_C16609229,DEC,C16609229
DEC_C05045398,DEC,C05045398
DEC_C19497876,DEC,C19497876
DEC_C19661880,DEC,C19661880
DEC_C19731855,DEC,C19731855
DEC_C19838336,DEC,C19838336
DEC_C22789824,DEC,C22789824
DEC_C22816592,DEC,C22816592
DEC_C23982316,DEC,C23982316
DEC_C24214858,DEC,C24214858
DEC_C25337472,DEC,C25337472
DEC_C25760701,DEC,C25760701
DEC_C27910979,DEC,C27910979
DEC_C34682153,DEC,C34682153
DEC_C35564809,DEC,C35564809
DEC_C38672834,DEC,C38672834
DEC_C38831941,DEC,C38831941
DEC_C23353857,DEC,C23353857
DEC_C39990777,DEC,C39990777
DEC_C40049921,DEC,C40049921
DEC_C40986001,DEC,C40986001
DEC_C44943796,DEC,C44943796
DEC_C38740782,DEC,C38740782
DEC_C58217833,DEC,C58217833
DEC_C60156672,DEC,C60156672
DEC_C39776532,DEC,C39776532
DEC_C63141021,DEC,C63141021
DEC_C63271895,DEC,C63271895
DEC_C63294388,DEC,C63294388
DEC_C63453506,DEC,C63453506
DEC_C63514218,DEC,C63514218
DEC_C63514219,DEC,C63514219
DEC_C63738433,DEC,C63738433
DEC_C64057984,DEC,C64057984
DEC_C64181863,DEC,C64181863
DEC_C64357268,DEC,C64357268
DEC_C64600172,DEC,C64600172
DEC_C65181977,DEC,C65181977
DEC_C06194957,DEC,C06194957
DEC_C06196743,DEC,C06196743
DEC_C09505370,DEC,C09505370
DEC_C09505373,DEC,C09505373
DEC_C10063143,DEC,C10063143
DEC_C11913570,DEC,C11913570
DEC_C12244305,DEC,C12244305
DEC_C06529623,DEC,C06529623
DEC_C13033214,DEC,C13033214
DEC_C12246055,DEC,C12246055
DEC_C14749432,DEC,C14749432
DEC_C14883596,DEC,C14883596
DEC_C15484799,DEC,C15484799
DEC_C15674006,DEC,C15674006
DEC_C15776017,DEC,C15776017
DEC_C15786769,DEC,C15786769
DEC_C14994761,DEC,C14994761
DEC_C21022472,DEC,C21022472
DEC_C22382534,DEC,C22382534
DEC_C24584701,DEC,C24584701
DEC_C25952931,DEC,C25952931
DEC_C31589784,DEC,C31589784
DEC_C35497396,DEC,C35497396
DEC_C35839505,DEC,C35839505
DEC_C36313410,DEC,C36313410
DEC_C33937354,DEC,C33937354
DEC_C22807631,DEC,C22807631
DEC_C34677886,DEC,C34677886
DEC_C34677891,DEC,C34677891
DEC_C13064748,DEC,C13064748
DEC_C08603725,DEC,C08603725
DEC_C38786609,DEC,C38786609
DEC_C39375465,DEC,C39375465
DEC_C39460782,DEC,C39460782
DEC_C39610987,DEC,C39610987
DEC_C39612891,DEC,C39612891
DEC_C39730329,DEC,C39730329
DEC_C40313694,DEC,C40313694
DEC_C40316446,DEC,C40316446
DEC_C40318423,DEC,C40318423
DEC_C40988664,DEC,C40988664
DEC_C20205641,DEC,C20205641
DEC_C63133427,DEC,C63133427
DEC_C39933345,DEC,C39933345
DEC_C39943211,DEC,C39943211
DEC_C63557079,DEC,C63557079
DEC_C63679596,DEC,C63679596
DEC_C64520688,DEC,C64520688
DEC_C35399013,DEC,C35399013
DEC_C64951441,DEC,C64951441
DEC_C02924854,DEC,C02924854
DEC_C04847544,DEC,C04847544
DEC_C04272991,DEC,C04272991
DEC_C06670456,DEC,C06670456
DEC_C07989413,DEC,C07989413
DEC_C08299069,DEC,C08299069
DEC_C09079670,DEC,C09079670
DEC_C09828926,DEC,C09828926
DEC_C10080002,DEC,C10080002
DEC_C11013146,DEC,C11013146
DEC_C11432520,DEC,C11432520
DEC_C11898341,DEC,C11898341
DEC_C11898665,DEC,C11898665
DEC_C12207130,DEC,C12207130
DEC_C12314075,DEC,C12314075
DEC_C23133230,DEC,C23133230
DEC_C23332312,DEC,C23332312
DEC_C27499185,DEC,C27499185
DEC_C35747134,DEC,C35747134
DEC_C36207232,DEC,C36207232
DEC_C34677434,DEC,C34677434
DEC_C34677379,DEC,C34677379
DEC_C34677958,DEC,C34677958
DEC_C39462174,DEC,C39462174
DEC_C39605168,DEC,C39605168
DEC_C39607778,DEC,C39607778
DEC_C39625675,DEC,C39625675
DEC_C41637600,DEC,C41637600
DEC_C41638491,DEC,C41638491
DEC_C41648523,DEC,C41648523
DEC_C41728603,DEC,C41728603
DEC_C41791625,DEC,C41791625
DEC_C48733409,DEC,C48733409
DEC_C20266245,DEC,C20266245
DEC_C50611508,DEC,C50611508
DEC_C51423052,DEC,C51423052
DEC_C51423054,DEC,C51423054
DEC_C15686453,DEC,C15686453
DEC_C62123066,DEC,C62123066
DEC_C31813992,DEC,C31813992
DEC_C22782588,DEC,C22782588
DEC_C64568649,DEC,C64568649
DEC_C64717891,DEC,C64717891
DEC_C65482401,DEC,C65482401
DEC_C65591169,DEC,C65591169
DEC_C65602226,DEC,C65602226
DEC_C66631199,DEC,C66631199
DEC_C67275664,DEC,C67275664
DEC_C67525245,DEC,C67525245
DEC_C67570665,DEC,C67570665
DEC_C00194737,DEC,C00194737
DEC_C00507381,DEC,C00507381
DEC_C03051860,DEC,C03051860
DEC_C01601201,DEC,C01601201
DEC_C00128749,DEC,C00128749
DEC_C00339572,DEC,C00339572
DEC_C02886804,DEC,C02886804
DEC_C19202471,DEC,C19202471
DEC_C19266275,DEC,C19266275
DEC_C01847424,DEC,C01847424
DEC_C19877653,DEC,C19877653
DEC_C24056203,DEC,C24056203
DEC_C27828198,DEC,C27828198
DEC_C17194389,DEC,C17194389
DEC_C31886700,DEC,C31886700
DEC_C35774386,DEC,C35774386
DEC_C35803894,DEC,C35803894
DEC_C36131820,DEC,C36131820
DEC_C36131823,DEC,C36131823
DEC_C36559247,DEC,C36559247
DEC_C36827976,DEC,C36827976
DEC_C37359735,DEC,C37359735
DEC_C37418710,DEC,C37418710
DEC_C37759456,DEC,C37759456
DEC_C00075882,DEC,C00075882
DEC_C38062769,DEC,C38062769
DEC_C39531199,DEC,C39531199
DEC_C39954859,DEC,C39954859
DEC_C39956902,DEC,C39956902
DEC_C40516622,DEC,C40516622
DEC_C40516900,DEC,C40516900
DEC_C42143869,DEC,C42143869
DEC_C42192659,DEC,C42192659
DEC_C42193049,DEC,C42193049
DEC_C44022571,DEC,C44022571
DEC_C44293447,DEC,C44293447
DEC_C44500799,DEC,C44500799
DEC_C44765310,DEC,C44765310
DEC_C52001236,DEC,C52001236
DEC_C19330790,DEC,C19330790
DEC_C06557125,DEC,C06557125
DEC_C54398416,DEC,C54398416
DEC_C55185686,DEC,C55185686
DEC_C38004134,DEC,C38004134
DEC_C59282960,DEC,C59282960
DEC_C60392954,DEC,C60392954
DEC_C61687571,DEC,C61687571
DEC_C61916744,DEC,C61916744
DEC_C62198616,DEC,C62198616
DEC_C65248875,DEC,C65248875
DEC_C04557155,DEC,C04557155
DEC_C04831383,DEC,C04831383
DEC_C05226402,DEC,C05226402
DEC_C02194382,DEC,C02194382
DEC_C00077895,DEC,C00077895
DEC_C00077921,DEC,C00077921
DEC_C14152507,DEC,C14152507
DEC_C17252638,DEC,C17252638
DEC_C19761275,DEC,C19761275
DEC_C20257645,DEC,C20257645
DEC_C22763157,DEC,C22763157
DEC_C08655160,DEC,C08655160
DEC_C33719785,DEC,C33719785
DEC_C08791970,DEC,C08791970
DEC_C35203806,DEC,C35203806
DEC_C35325271,DEC,C35325271
DEC_C35388098,DEC,C35388098
DEC_C36227995,DEC,C36227995
DEC_C36869325,DEC,C36869325
DEC_C37760964,DEC,C37760964
DEC_C40314926,DEC,C40314926
DEC_C40551200,DEC,C40551200
DEC_C40552901,DEC,C40552901
DEC_C40636963,DEC,C40636963
DEC_C41042179,DEC,C41042179
DEC_C42356228,DEC,C42356228
DEC_C42372581,DEC,C42372581
DEC_C42576100,DEC,C42576100
DEC_C44527183,DEC,C44527183
DEC_C44549467,DEC,C44549467
DEC_C44592698,DEC,C44592698
DEC_C45048981,DEC,C45048981
DEC_C48842566,DEC,C48842566
DEC_C48863586,DEC,C48863586
DEC_C49960926,DEC,C49960926
DEC_C50423029,DEC,C50423029
DEC_C51661053,DEC,C51661053
DEC_C53249439,DEC,C53249439
DEC_C54055456,DEC,C54055456
DEC_C54067675,DEC,C54067675
DEC_C54525883,DEC,C54525883
DEC_C55185719,DEC,C55185719
DEC_C58443211,DEC,C58443211
DEC_C61409985,DEC,C61409985
DEC_C61766245,DEC,C61766245
DEC_C61843580,DEC,C61843580
DEC_C62388228,DEC,C62388228
DEC_C62846238,DEC,C62846238
DEC_C62870183,DEC,C62870183
DEC_C62870745,DEC,C62870745
DEC_C08809505,DEC,C08809505
DEC_C09263097,DEC,C09263097
DEC_C09501308,DEC,C09501308
DEC_C03327473,DEC,C03327473
DEC_C09558855,DEC,C09558855
DEC_C10088736,DEC,C10088736
DEC_C12601311,DEC,C12601311
DEC_C01173993,DEC,C01173993
DEC_C16772574,DEC,C16772574
DEC_C18337655,DEC,C18337655
DEC_C18779324,DEC,C18779324
DEC_C20109990,DEC,C20109990
DEC_C01129931,DEC,C01129931
DEC_C01066327,DEC,C01066327
DEC_C01066335,DEC,C01066335
DEC_C22077372,DEC,C22077372
DEC_C22240323,DEC,C22240323
DEC_C22671006,DEC,C22671006
DEC_C25154371,DEC,C25154371
DEC_C33266849,DEC,C33266849
DEC_C01467956,DEC,C01467956
DEC_C35027540,DEC,C35027540
DEC_C35532586,DEC,C35532586
DEC_C22852336,DEC,C22852336
DEC_C27519257,DEC,C27519257
DEC_C02231963,DEC,C02231963
DEC_C09291993,DEC,C09291993
DEC_C38866343,DEC,C38866343
DEC_C39367126,DEC,C39367126
DEC_C39701787,DEC,C39701787
DEC_C33960519,DEC,C33960519
DEC_C39768547,DEC,C39768547
DEC_C39858599,DEC,C39858599
DEC_C39858693,DEC,C39858693
DEC_C39858773,DEC,C39858773
DEC_C39959738,DEC,C39959738
DEC_C39993110,DEC,C39993110
DEC_C39993141,DEC,C39993141
DEC_C40170463,DEC,C40170463
DEC_C40798003,DEC,C40798003
DEC_C40827005,DEC,C40827005
DEC_C45335283,DEC,C45335283
DEC_C01860576,DEC,C01860576
DEC_C59245192,DEC,C59245192
DEC_C13541083,DEC,C13541083
DEC_C13541244,DEC,C13541244
DEC_C13556211,DEC,C13556211
DEC_C16960608,DEC,C16960608
DEC_C13476600,DEC,C13476600
DEC_C64986073,DEC,C64986073
DEC_C06078536,DEC,C06078536
DEC_C06078540,DEC,C06078540
DEC_C08790249,DEC,C08790249
DEC_C08790250,DEC,C08790250
DEC_C08835232,DEC,C08835232
DEC_C08922220,DEC,C08922220
DEC_C08937237,DEC,C08937237
DEC_C12886157,DEC,C12886157
DEC_C13056582,DEC,C13056582
DEC_C13056587,DEC,C13056587
DEC_C13095600,DEC,C13095600
DEC_C13114592,DEC,C13114592
DEC_C02977827,DEC,C02977827
DEC_C17026683,DEC,C17026683
DEC_C21241416,DEC,C21241416
DEC_C21241433,DEC,C21241433
DEC_C21601884,DEC,C21601884
DEC_C21722961,DEC,C21722961
DEC_C22558161,DEC,C22558161
DEC_C22747077,DEC,C22747077
DEC_C22822073,DEC,C22822073
DEC_C27263034,DEC,C27263034
DEC_C27265196,DEC,C27265196
DEC_C30791368,DEC,C30791368
DEC_C33007100,DEC,C33007100
DEC_C33695519,DEC,C33695519
DEC_C34791603,DEC,C34791603
DEC_C34849355,DEC,C34849355
DEC_C35026570,DEC,C35026570
DEC_C35934671,DEC,C35934671
DEC_C36066399,DEC,C36066399
DEC_C38687147,DEC,C38687147
DEC_C38688311,DEC,C38688311
DEC_C39228653,DEC,C39228653
DEC_C39920598,DEC,C39920598
DEC_C39920668,DEC,C39920668
DEC_C39920671,DEC,C39920671
DEC_C40816245,DEC,C40816245
DEC_C40825807,DEC,C40825807
DEC_C43219053,DEC,C43219053
DEC_C43221511,DEC,C43221511
DEC_C03011203,DEC,C03011203
DEC_C04229708,DEC,C04229708
DEC_C19727890,DEC,C19727890
DEC_C15084801,DEC,C15084801
DEC_C13130648,DEC,C13130648
DEC_C10013828,DEC,C10013828
DEC_C63426687,DEC,C63426687
DEC_C20274643,DEC,C20274643
DEC_C00623044,DEC,C00623044
DEC_C06721739,DEC,C06721739
DEC_C08915255,DEC,C08915255
DEC_C09593949,DEC,C09593949
DEC_C09673142,DEC,C09673142
DEC_C13302487,DEC,C13302487
DEC_C01376454,DEC,C01376454
DEC_C13690321,DEC,C13690321
DEC_C13958327,DEC,C13958327
DEC_C14471291,DEC,C14471291
DEC_C14478429,DEC,C14478429
DEC_C16310518,DEC,C16310518
DEC_C17097353,DEC,C17097353
DEC_C17099225,DEC,C17099225
DEC_C17121217,DEC,C17121217
DEC_C19929048,DEC,C19929048
DEC_C21177653,DEC,C21177653
DEC_C21190622,DEC,C21190622
DEC_C21526830,DEC,C21526830
DEC_C21722795,DEC,C21722795
DEC_C21728805,DEC,C21728805
DEC_C21810504,DEC,C21810504
DEC_C21915824,DEC,C21915824
DEC_C22758931,DEC,C22758931
DEC_C23635449,DEC,C23635449
DEC_C23969246,DEC,C23969246
DEC_C24923969,DEC,C24923969
DEC_C16081795,DEC,C16081795
DEC_C28057260,DEC,C28057260
DEC_C29552601,DEC,C29552601
DEC_C31783199,DEC,C31783199
DEC_C32722823,DEC,C32722823
DEC_C33271517,DEC,C33271517
DEC_C37409797,DEC,C37409797
DEC_C37443381,DEC,C37443381
DEC_C01375681,DEC,C01375681
DEC_C09369254,DEC,C09369254
DEC_C19892161,DEC,C19892161
DEC_C02915190,DEC,C02915190
DEC_C38849598,DEC,C38849598
DEC_C39237986,DEC,C39237986
DEC_C39590839,DEC,C39590839
DEC_C41015370,DEC,C41015370
DEC_C01188667,DEC,C01188667
DEC_C41108147,DEC,C41108147
DEC_C59371247,DEC,C59371247
DEC_C32105492,DEC,C32105492
DEC_C35538458,DEC,C35538458
DEC_C37443717,DEC,C37443717
DEC_C64985956,DEC,C64985956
DEC_C65010723,DEC,C65010723
DEC_C04615230,DEC,C04615230
DEC_C02459746,DEC,C02459746
DEC_C08645137,DEC,C08645137
DEC_C08645171,DEC,C08645171
DEC_C08811216,DEC,C08811216
DEC_C08847609,DEC,C08847609
DEC_C08947713,DEC,C08947713
DEC_C08947717,DEC,C08947717
DEC_C08961111,DEC,C08961111
DEC_C03655335,DEC,C03655335
DEC_C09685446,DEC,C09685446
DEC_C09703733,DEC,C09703733
DEC_C09910325,DEC,C09910325
DEC_C02110705,DEC,C02110705
DEC_C12604710,DEC,C12604710
DEC_C13003440,DEC,C13003440
DEC_C13692116,DEC,C13692116
DEC_C15672805,DEC,C15672805
DEC_C19315162,DEC,C19315162
DEC_C13513513,DEC,C13513513
DEC_C01201489,DEC,C01201489
DEC_C20706462,DEC,C20706462
DEC_C20706465,DEC,C20706465
DEC_C21810484,DEC,C21810484
DEC_C23156894,DEC,C23156894
DEC_C28060593,DEC,C28060593
DEC_C28676974,DEC,C28676974
DEC_C01065219,DEC,C01065219
DEC_C00635854,DEC,C00635854
DEC_C38742920,DEC,C38742920
DEC_C38833630,DEC,C38833630
DEC_C38853510,DEC,C38853510
DEC_C27489340,DEC,C27489340
DEC_C13494708,DEC,C13494708
DEC_C40804686,DEC,C40804686
DEC_C45471168,DEC,C45471168
DEC_C45920477,DEC,C45920477
DEC_C02602012,DEC,C02602012
DEC_C09425680,DEC,C09425680
DEC_C01387700,DEC,C01387700
DEC_C22536072,DEC,C22536072
DEC_C57880569,DEC,C57880569
DEC_C58481607,DEC,C58481607
DEC_C15084915,DEC,C15084915
DEC_C09462005,DEC,C09462005
DEC_C13942221,DEC,C13942221
DEC_C12346920,DEC,C12346920
DEC_C37443647,DEC,C37443647
DEC_C37443956,DEC,C37443956
DEC_C64981192,DEC,C64981192
DEC_C03954077,DEC,C03954077
DEC_C01789048,DEC,C01789048
DEC_C00713670,DEC,C00713670
DEC_C01783829,DEC,C01783829
DEC_C02881128,DEC,C02881128
DEC_C06846323,DEC,C06846323
DEC_C02240885,DEC,C02240885
DEC_C08947429,DEC,C08947429
DEC_C09166177,DEC,C09166177
DEC_C09170638,DEC,C09170638
DEC_C09252678,DEC,C09252678
DEC_C09282808,DEC,C09282808
DEC_C09389051,DEC,C09389051
DEC_C01080421,DEC,C01080421
DEC_C09501502,DEC,C09501502
DEC_C09765991,DEC,C09765991
DEC_C10060114,DEC,C10060114
DEC_C09129833,DEC,C09129833
DEC_C13687495,DEC,C13687495
DEC_C15829728,DEC,C15829728
DEC_C02111550,DEC,C02111550
DEC_C16740202,DEC,C16740202
DEC_C17010261,DEC,C17010261
DEC_C17097355,DEC,C17097355
DEC_C00781158,DEC,C00781158
DEC_C21226706,DEC,C21226706
DEC_C21660433,DEC,C21660433
DEC_C21846685,DEC,C21846685
DEC_C21861283,DEC,C21861283
DEC_C22131354,DEC,C22131354
DEC_C24046458,DEC,C24046458
DEC_C09580246,DEC,C09580246
DEC_C12360115,DEC,C12360115
DEC_C36614294,DEC,C36614294
DEC_C36823621,DEC,C36823621
DEC_C08590795,DEC,C08590795
DEC_C08588417,DEC,C08588417
DEC_C13213824,DEC,C13213824
DEC_C02917820,DEC,C02917820
DEC_C38833631,DEC,C38833631
DEC_C39237988,DEC,C39237988
DEC_C40811889,DEC,C40811889
DEC_C45631212,DEC,C45631212
DEC_C49464170,DEC,C49464170
DEC_C59153481,DEC,C59153481
DEC_C13661781,DEC,C13661781
DEC_C13134724,DEC,C13134724
DEC_C32072020,DEC,C32072020
DEC_C64848212,DEC,C64848212
DEC_C65010445,DEC,C65010445
DEC_C02100978,DEC,C02100978
DEC_C08385091,DEC,C08385091
DEC_C02050269,DEC,C02050269
DEC_C09135752,DEC,C09135752
DEC_C09138325,DEC,C09138325
DEC_C09138328,DEC,C09138328
DEC_C09290492,DEC,C09290492
DEC_C09464268,DEC,C09464268
DEC_C12705597,DEC,C12705597
DEC_C02130274,DEC,C02130274
DEC_C05043618,DEC,C05043618
DEC_C19520595,DEC,C19520595
DEC_C09720776,DEC,C09720776
DEC_C14885808,DEC,C14885808
DEC_C12602888,DEC,C12602888
DEC_C20968681,DEC,C20968681
DEC_C01352976,DEC,C01352976
DEC_C26371850,DEC,C26371850
DEC_C27426569,DEC,C27426569
DEC_C35288900,DEC,C35288900
DEC_C12602941,DEC,C12602941
DEC_C35747674,DEC,C35747674
DEC_C36041087,DEC,C36041087
DEC_C36225199,DEC,C36225199
DEC_C38547547,DEC,C38547547
DEC_C38806268,DEC,C38806268
DEC_C39421878,DEC,C39421878
DEC_C39529966,DEC,C39529966
DEC_C39607079,DEC,C39607079
DEC_C39652686,DEC,C39652686
DEC_C39653832,DEC,C39653832
DEC_C39665165,DEC,C39665165
DEC_C39686546,DEC,C39686546
DEC_C39689410,DEC,C39689410
DEC_C39696297,DEC,C39696297
DEC_C22289610,DEC,C22289610
DEC_C55384936,DEC,C55384936
DEC_C58313349,DEC,C58313349
DEC_C29935434,DEC,C29935434
DEC_C59040590,DEC,C59040590
DEC_C59489264,DEC,C59489264
DEC_C59987501,DEC,C59987501
DEC_C63182687,DEC,C63182687
DEC_C63209075,DEC,C63209075
DEC_C16675637,DEC,C16675637
DEC_C63280093,DEC,C63280093
DEC_C63280095,DEC,C63280095
DEC_C63842596,DEC,C63842596
DEC_C65074886,DEC,C65074886
DEC_C65266443,DEC,C65266443
DEC_C04132317,DEC,C04132317
DEC_C04406572,DEC,C04406572
DEC_C00670476,DEC,C00670476
DEC_C00672991,DEC,C00672991
DEC_C04867566,DEC,C04867566
DEC_C04975145,DEC,C04975145
DEC_C05155862,DEC,C05155862
DEC_C01007323,DEC,C01007323
DEC_C05669489,DEC,C05669489
DEC_C05720940,DEC,C05720940
DEC_C05797223,DEC,C05797223
DEC_C02314104,DEC,C02314104
DEC_C06199442,DEC,C06199442
DEC_C06233457,DEC,C06233457
DEC_C06306033,DEC,C06306033
DEC_C06721717,DEC,C06721717
DEC_C06808069,DEC,C06808069
DEC_C08428939,DEC,C08428939
DEC_C09614645,DEC,C09614645
DEC_C10993562,DEC,C10993562
DEC_C12788404,DEC,C12788404
DEC_C12537155,DEC,C12537155
DEC_C16348183,DEC,C16348183
DEC_C20178078,DEC,C20178078
DEC_C20700215,DEC,C20700215
DEC_C21258700,DEC,C21258700
DEC_C21713457,DEC,C21713457
DEC_C20129997,DEC,C20129997
DEC_C35493021,DEC,C35493021
DEC_C38594580,DEC,C38594580
DEC_C38685580,DEC,C38685580
DEC_C39330084,DEC,C39330084
DEC_C39770381,DEC,C39770381
DEC_C39871931,DEC,C39871931
DEC_C40214869,DEC,C40214869
DEC_C49508443,DEC,C49508443
DEC_C09358966,DEC,C09358966
DEC_C05442685,DEC,C05442685
DEC_C02914803,DEC,C02914803
DEC_C59315746,DEC,C59315746
DEC_C38154606,DEC,C38154606
DEC_C05646531,DEC,C05646531
DEC_C61692733,DEC,C61692733
DEC_C63038827,DEC,C63038827
DEC_C05740232,DEC,C05740232
DEC_C39980412,DEC,C39980412
DEC_C35478715,DEC,C35478715
DEC_C64837709,DEC,C64837709
DEC_C67020542,DEC,C67020542
DEC_C67320749,DEC,C67320749
DEC_C00752691,DEC,C00752691
DEC_C04292990,DEC,C04292990
DEC_C04292991,DEC,C04292991
DEC_C00630978,DEC,C00630978
DEC_C04315717,DEC,C04315717
DEC_C04543386,DEC,C04543386
DEC_C04547569,DEC,C04547569
DEC_C01083329,DEC,C01083329
DEC_C00684739,DEC,C00684739
DEC_C01123683,DEC,C01123683
DEC_C05041309,DEC,C05041309
DEC_C05055768,DEC,C05055768
DEC_C05175719,DEC,C05175719
DEC_C05449979,DEC,C05449979
DEC_C01624386,DEC,C01624386
DEC_C01624388,DEC,C01624388
DEC_C05846073,DEC,C05846073
DEC_C06468849,DEC,C06468849
DEC_C14459333,DEC,C14459333
DEC_C14459985,DEC,C14459985
DEC_C14478694,DEC,C14478694
DEC_C14478697,DEC,C14478697
DEC_C14478831,DEC,C14478831
DEC_C15900477,DEC,C15900477
DEC_C18199549,DEC,C18199549
DEC_C19889359,DEC,C19889359
DEC_C20691429,DEC,C20691429
DEC_C20699608,DEC,C20699608
DEC_C20701269,DEC,C20701269
DEC_C20779512,DEC,C20779512
DEC_C21374096,DEC,C21374096
DEC_C22007150,DEC,C22007150
DEC_C06720741,DEC,C06720741
DEC_C12782639,DEC,C12782639
DEC_C14478485,DEC,C14478485
DEC_C14478486,DEC,C14478486
DEC_C40173567,DEC,C40173567
DEC_C43726729,DEC,C43726729
DEC_C43726732,DEC,C43726732
DEC_C45521112,DEC,C45521112
DEC_C45820129,DEC,C45820129
DEC_C02765513,DEC,C02765513
DEC_C54621863,DEC,C54621863
DEC_C16425762,DEC,C16425762
DEC_C57465954,DEC,C57465954
DEC_C03139739,DEC,C03139739
DEC_C53362898,DEC,C53362898
DEC_C53363439,DEC,C53363439
DEC_C15945435,DEC,C15945435
DEC_C67193251,DEC,C67193251
DEC_C03265016,DEC,C03265016
DEC_C05013885,DEC,C05013885
DEC_C06654961,DEC,C06654961
DEC_C07749694,DEC,C07749694
DEC_C08172027,DEC,C08172027
DEC_C09336983,DEC,C09336983
DEC_C11789101,DEC,C11789101
DEC_C12074216,DEC,C12074216
DEC_C12112114,DEC,C12112114
DEC_C12203693,DEC,C12203693
DEC_C12448176,DEC,C12448176
DEC_C14966597,DEC,C14966597
DEC_C15070889,DEC,C15070889
DEC_C19085717,DEC,C19085717
DEC_C36039470,DEC,C36039470
DEC_C36156737,DEC,C36156737
DEC_C36205746,DEC,C36205746
DEC_C36313586,DEC,C36313586
DEC_C04952582,DEC,C04952582
DEC_C06877453,DEC,C06877453
DEC_C38517546,DEC,C38517546
DEC_C38517699,DEC,C38517699
DEC_C38546939,DEC,C38546939
DEC_C38547586,DEC,C38547586
DEC_C39515531,DEC,C39515531
DEC_C39635991,DEC,C39635991
DEC_C39654625,DEC,C39654625
DEC_C39659856,DEC,C39659856
DEC_C39684625,DEC,C39684625
DEC_C40701950,DEC,C40701950
DEC_C43362764,DEC,C43362764
DEC_C43604534,DEC,C43604534
DEC_C44164779,DEC,C44164779
DEC_C44357821,DEC,C44357821
DEC_C49640515,DEC,C49640515
DEC_C51429509,DEC,C51429509
DEC_C52907437,DEC,C52907437
DEC_C54818563,DEC,C54818563
DEC_C56718320,DEC,C56718320
DEC_C27540703,DEC,C27540703
DEC_C43150695,DEC,C43150695
DEC_C59891094,DEC,C59891094
DEC_C62362844,DEC,C62362844
DEC_C63743932,DEC,C63743932
DEC_C64084036,DEC,C64084036
DEC_C50925396,DEC,C50925396
DEC_C65298321,DEC,C65298321
DEC_C65440346,DEC,C65440346
DEC_C65529601,DEC,C65529601
DEC_C66619104,DEC,C66619104
DEC_C06903436,DEC,C06903436
DEC_C07634180,DEC,C07634180
DEC_C09068091,DEC,C09068091
DEC_C10062995,DEC,C10062995
DEC_C12998219,DEC,C12998219
DEC_C14731104,DEC,C14731104
DEC_C15072100,DEC,C15072100
DEC_C19136698,DEC,C19136698
DEC_C21469554,DEC,C21469554
DEC_C26878836,DEC,C26878836
DEC_C28915622,DEC,C28915622
DEC_C31681170,DEC,C31681170
DEC_C17440275,DEC,C17440275
DEC_C18181410,DEC,C18181410
DEC_C08596945,DEC,C08596945
DEC_C39462036,DEC,C39462036
DEC_C39462337,DEC,C39462337
DEC_C41210194,DEC,C41210194
DEC_C41247854,DEC,C41247854
DEC_C43563053,DEC,C43563053
DEC_C43595616,DEC,C43595616
DEC_C45455050,DEC,C45455050
DEC_C46154951,DEC,C46154951
DEC_C46199146,DEC,C46199146
DEC_C05741945,DEC,C05741945
DEC_C55119357,DEC,C55119357
DEC_C55155654,DEC,C55155654
DEC_C55183113,DEC,C55183113
DEC_C55568881,DEC,C55568881
DEC_C56173426,DEC,C56173426
DEC_C57526128,DEC,C57526128
DEC_C20150498,DEC,C20150498
DEC_C47009513,DEC,C47009513
DEC_C59515669,DEC,C59515669
DEC_C61190258,DEC,C61190258
DEC_C61728954,DEC,C61728954
DEC_C62627259,DEC,C62627259
DEC_C50498169,DEC,C50498169
DEC_C65395028,DEC,C65395028
DEC_C51450133,DEC,C51450133
DEC_C58622583,DEC,C58622583
DEC_C66142096,DEC,C66142096
DEC_C66282564,DEC,C66282564
DEC_C66461019,DEC,C66461019
DEC_C66596243,DEC,C66596243
DEC_C66662007,DEC,C66662007
DEC_C66724127,DEC,C66724127
DEC_C66933449,DEC,C66933449
DEC_C67118606,DEC,C67118606
DEC_C67433256,DEC,C67433256
DEC_C00421464,DEC,C00421464
DEC_C04426851,DEC,C04426851
DEC_C04832010,DEC,C04832010
DEC_C03448169,DEC,C03448169
DEC_C06068005,DEC,C06068005
DEC_C00187765,DEC,C00187765
DEC_C07986510,DEC,C07986510
DEC_C00187774,DEC,C00187774
DEC_C09915805,DEC,C09915805
DEC_C11592695,DEC,C11592695
DEC_C02564245,DEC,C02564245
DEC_C13376294,DEC,C13376294
DEC_C13783420,DEC,C13783420
DEC_C13783422,DEC,C13783422
DEC_C16969627,DEC,C16969627
DEC_C20337483,DEC,C20337483
DEC_C22157164,DEC,C22157164
DEC_C32984642,DEC,C32984642
DEC_C01617710,DEC,C01617710
DEC_C36128651,DEC,C36128651
DEC_C37054002,DEC,C37054002
DEC_C37263684,DEC,C37263684
DEC_C40334409,DEC,C40334409
DEC_C40347175,DEC,C40347175
DEC_C42027150,DEC,C42027150
DEC_C43721936,DEC,C43721936
DEC_C43721942,DEC,C43721942
DEC_C43763806,DEC,C43763806
DEC_C43763808,DEC,C43763808
DEC_C44004039,DEC,C44004039
DEC_C44020620,DEC,C44020620
DEC_C44028928,DEC,C44028928
DEC_C44699342,DEC,C44699342
DEC_C44699598,DEC,C44699598
DEC_C44699600,DEC,C44699600
DEC_C44699602,DEC,C44699602
DEC_C45166466,DEC,C45166466
DEC_C45166468,DEC,C45166468
DEC_C48047545,DEC,C48047545
DEC_C49435731,DEC,C49435731
DEC_C52068400,DEC,C52068400
DEC_C45723583,DEC,C45723583
DEC_C58853715,DEC,C58853715
DEC_C58900060,DEC,C58900060
DEC_C63141504,DEC,C63141504
DEC_C63147531,DEC,C63147531
DEC_C63933777,DEC,C63933777
DEC_C64435864,DEC,C64435864
DEC_C65399175,DEC,C65399175
DEC_C66619879,DEC,C66619879
DEC_C02470410,DEC,C02470410
DEC_C04631201,DEC,C04631201
DEC_C04710287,DEC,C04710287
DEC_C04730036,DEC,C04730036
DEC_C04825757,DEC,C04825757
DEC_C11816011,DEC,C11816011
DEC_C12031887,DEC,C12031887
DEC_C12293231,DEC,C12293231
DEC_C12330117,DEC,C12330117
DEC_C12453849,DEC,C12453849
DEC_C15004951,DEC,C15004951
DEC_C15069062,DEC,C15069062
DEC_C19569209,DEC,C19569209
DEC_C19810121,DEC,C19810121
DEC_C22683989,DEC,C22683989
DEC_C23506704,DEC,C23506704
DEC_C25443973,DEC,C25443973
DEC_C35746414,DEC,C35746414
DEC_C36039344,DEC,C36039344
DEC_C36039452,DEC,C36039452
DEC_C36272471,DEC,C36272471
DEC_C22913896,DEC,C22913896
DEC_C04191266,DEC,C04191266
DEC_C38517639,DEC,C38517639
DEC_C38517840,DEC,C38517840
DEC_C38517865,DEC,C38517865
DEC_C38675422,DEC,C38675422
DEC_C39354759,DEC,C39354759
DEC_C39357908,DEC,C39357908
DEC_C39412485,DEC,C39412485
DEC_C40701944,DEC,C40701944
DEC_C40701948,DEC,C40701948
DEC_C44357824,DEC,C44357824
DEC_C46587247,DEC,C46587247
DEC_C06448945,DEC,C06448945
DEC_C55541634,DEC,C55541634
DEC_C58391616,DEC,C58391616
DEC_C59260140,DEC,C59260140
DEC_C63165431,DEC,C63165431
DEC_C63182741,DEC,C63182741
DEC_C63221864,DEC,C63221864
DEC_C63686441,DEC,C63686441
DEC_C63752295,DEC,C63752295
DEC_C63752319,DEC,C63752319
DEC_C64048328,DEC,C64048328
DEC_C64066530,DEC,C64066530
DEC_C65265876,DEC,C65265876
DEC_C65523080,DEC,C65523080
DEC_C66391929,DEC,C66391929
DEC_C66876843,DEC,C66876843
DEC_C01171668,DEC,C01171668
DEC_C05018201,DEC,C05018201
DEC_C06057281,DEC,C06057281
DEC_C00038230,DEC,C00038230
DEC_C07785890,DEC,C07785890
DEC_C00787366,DEC,C00787366
DEC_C08764700,DEC,C08764700
DEC_C13060151,DEC,C13060151
DEC_C04709453,DEC,C04709453
DEC_C21742203,DEC,C21742203
DEC_C28048731,DEC,C28048731
DEC_C29493542,DEC,C29493542
DEC_C29496308,DEC,C29496308
DEC_C37033801,DEC,C37033801
DEC_C00792099,DEC,C00792099
DEC_C39531581,DEC,C39531581
DEC_C39931852,DEC,C39931852
DEC_C40686830,DEC,C40686830
DEC_C40687348,DEC,C40687348
DEC_C40780132,DEC,C40780132
DEC_C40780416,DEC,C40780416
DEC_C43038473,DEC,C43038473
DEC_C43137086,DEC,C43137086
DEC_C43406711,DEC,C43406711
DEC_C43430483,DEC,C43430483
DEC_C45534601,DEC,C45534601
DEC_C47969164,DEC,C47969164
DEC_C48257058,DEC,C48257058
DEC_C50900060,DEC,C50900060
DEC_C50901699,DEC,C50901699
DEC_C53791908,DEC,C53791908
DEC_C54681408,DEC,C54681408
DEC_C55029191,DEC,C55029191
DEC_C55242518,DEC,C55242518
DEC_C60369165,DEC,C60369165
DEC_C61687579,DEC,C61687579
DEC_C63161219,DEC,C63161219
DEC_C63562339,DEC,C63562339
DEC_C63586822,DEC,C63586822
DEC_C63807106,DEC,C63807106
DEC_C63813491,DEC,C63813491
DEC_C39445151,DEC,C39445151
DEC_C64988312,DEC,C64988312
DEC_C65409609,DEC,C65409609
DEC_C65523573,DEC,C65523573
DEC_C65577727,DEC,C65577727
DEC_C66203383,DEC,C66203383
DEC_C66243922,DEC,C66243922
DEC_C67389899,DEC,C67389899
DEC_C67612282,DEC,C67612282
DEC_C02846478,DEC,C02846478
DEC_C02755703,DEC,C02755703
DEC_C04526003,DEC,C04526003
DEC_C04595636,DEC,C04595636
DEC_C04615106,DEC,C04615106
DEC_C01107231,DEC,C01107231
DEC_C02261936,DEC,C02261936
DEC_C04676823,DEC,C04676823
DEC_C00829351,DEC,C00829351
DEC_C02915898,DEC,C02915898
DEC_C04735579,DEC,C04735579
DEC_C02741758,DEC,C02741758
DEC_C06227256,DEC,C06227256
DEC_C08624152,DEC,C08624152
DEC_C08654222,DEC,C08654222
DEC_C09018809,DEC,C09018809
DEC_C09521752,DEC,C09521752
DEC_C02591035,DEC,C02591035
DEC_C14471057,DEC,C14471057
DEC_C15980887,DEC,C15980887
DEC_C18366919,DEC,C18366919
DEC_C20166053,DEC,C20166053
DEC_C20635870,DEC,C20635870
DEC_C20712980,DEC,C20712980
DEC_C22439328,DEC,C22439328
DEC_C08458304,DEC,C08458304
DEC_C28527312,DEC,C28527312
DEC_C30855964,DEC,C30855964
DEC_C32865953,DEC,C32865953
DEC_C33261852,DEC,C33261852
DEC_C35474672,DEC,C35474672
DEC_C35953998,DEC,C35953998
DEC_C39921144,DEC,C39921144
DEC_C39942804,DEC,C39942804
DEC_C45159976,DEC,C45159976
DEC_C02395284,DEC,C02395284
DEC_C05561680,DEC,C05561680
DEC_C05353452,DEC,C05353452
DEC_C03666077,DEC,C03666077
DEC_C21169552,DEC,C21169552
DEC_C59303731,DEC,C59303731
DEC_C59476432,DEC,C59476432
DEC_C49959352,DEC,C49959352
DEC_C19959455,DEC,C19959455
DEC_C03138456,DEC,C03138456
DEC_C65001229,DEC,C65001229
DEC_C13286323,DEC,C13286323
DEC_C66616387,DEC,C66616387
DEC_C66616390,DEC,C66616390
DEC_C01242950,DEC,C01242950
DEC_C01037860,DEC,C01037860
DEC_C04802132,DEC,C04802132
DEC_C01640264,DEC,C01640264
DEC_C05063815,DEC,C05063815
DEC_C05414951,DEC,C05414951
DEC_C05958366,DEC,C05958366
DEC_C04176782,DEC,C04176782
DEC_C06033029,DEC,C06033029
DEC_C06428668,DEC,C06428668
DEC_C06743916,DEC,C06743916
DEC_C06743935,DEC,C06743935
DEC_C09340766,DEC,C09340766
DEC_C09366053,DEC,C09366053
DEC_C07040086,DEC,C07040086
DEC_C13628715,DEC,C13628715
DEC_C14470698,DEC,C14470698
DEC_C14472738,DEC,C14472738
DEC_C14902403,DEC,C14902403
DEC_C15410459,DEC,C15410459
DEC_C19213707,DEC,C19213707
DEC_C02063667,DEC,C02063667
DEC_C19907530,DEC,C19907530
DEC_C20705844,DEC,C20705844
DEC_C20717259,DEC,C20717259
DEC_C20756881,DEC,C20756881
DEC_C21714828,DEC,C21714828
DEC_C22852199,DEC,C22852199
DEC_C26571845,DEC,C26571845
DEC_C31702103,DEC,C31702103
DEC_C36775534,DEC,C36775534
DEC_C38750515,DEC,C38750515
DEC_C42918328,DEC,C42918328
DEC_C46085392,DEC,C46085392
DEC_C02309949,DEC,C02309949
DEC_C04263947,DEC,C04263947
DEC_C54444421,DEC,C54444421
DEC_C06826344,DEC,C06826344
DEC_C57839783,DEC,C57839783
DEC_C58156511,DEC,C58156511
DEC_C59158062,DEC,C59158062
DEC_C61444105,DEC,C61444105
DEC_C64981116,DEC,C64981116
DEC_C64982608,DEC,C64982608
DEC_C64982968,DEC,C64982968
DEC_C64983378,DEC,C64983378
DEC_C65010172,DEC,C65010172
DEC_C66261133,DEC,C66261133
DEC_C66361630,DEC,C66361630
DEC_C66859742,DEC,C66859742
DEC_C67386046,DEC,C67386046
DEC_C03880682,DEC,C03880682
DEC_C02556265,DEC,C02556265
DEC_C03176803,DEC,C03176803
DEC_C02801894,DEC,C02801894
DEC_C19707593,DEC,C19707593
DEC_C21016676,DEC,C21016676
DEC_C22130497,DEC,C22130497
DEC_C25157188,DEC,C25157188
DEC_C35333191,DEC,C35333191
DEC_C35344919,DEC,C35344919
DEC_C35675016,DEC,C35675016
DEC_C37027214,DEC,C37027214
DEC_C37124082,DEC,C37124082
DEC_C37125913,DEC,C37125913
DEC_C37316535,DEC,C37316535
DEC_C37316546,DEC,C37316546
DEC_C37349694,DEC,C37349694
DEC_C37349855,DEC,C37349855
DEC_C37350233,DEC,C37350233
DEC_C37351080,DEC,C37351080
DEC_C37352227,DEC,C37352227
DEC_C00135808,DEC,C00135808
DEC_C05137831,DEC,C05137831
DEC_C40802602,DEC,C40802602
DEC_C41092748,DEC,C41092748
DEC_C41392915,DEC,C41392915
DEC_C42175453,DEC,C42175453
DEC_C43146966,DEC,C43146966
DEC_C43376057,DEC,C43376057
DEC_C43665253,DEC,C43665253
DEC_C44366261,DEC,C44366261
DEC_C50039539,DEC,C50039539
DEC_C50350024,DEC,C50350024
DEC_C50846835,DEC,C50846835
DEC_C51172413,DEC,C51172413
DEC_C52123094,DEC,C52123094
DEC_C54668078,DEC,C54668078
DEC_C37071633,DEC,C37071633
DEC_C58110471,DEC,C58110471
DEC_C61640116,DEC,C61640116
DEC_C61675443,DEC,C61675443
DEC_C61681325,DEC,C61681325
DEC_C62537801,DEC,C62537801
DEC_C62538200,DEC,C62538200
DEC_C62540162,DEC,C62540162
DEC_C62541799,DEC,C62541799
DEC_C62564548,DEC,C62564548
DEC_C62791256,DEC,C62791256
DEC_C63057344,DEC,C63057344
DEC_C63061517,DEC,C63061517
DEC_C00249364,DEC,C00249364
DEC_C06725970,DEC,C06725970
DEC_C14131052,DEC,C14131052
DEC_C20590312,DEC,C20590312
DEC_C25974933,DEC,C25974933
DEC_C31914362,DEC,C31914362
DEC_C32967757,DEC,C32967757
DEC_C35082661,DEC,C35082661
DEC_C35222661,DEC,C35222661
DEC_C36904774,DEC,C36904774
DEC_C37101379,DEC,C37101379
DEC_C37108933,DEC,C37108933
DEC_C37110650,DEC,C37110650
DEC_C37110655,DEC,C37110655
DEC_C37129320,DEC,C37129320
DEC_C37509275,DEC,C37509275
DEC_C37560215,DEC,C37560215
DEC_C37561043,DEC,C37561043
DEC_C00128841,DEC,C00128841
DEC_C37976222,DEC,C37976222
DEC_C38008269,DEC,C38008269
DEC_C38010134,DEC,C38010134
DEC_C38086457,DEC,C38086457
DEC_C40864492,DEC,C40864492
DEC_C40881297,DEC,C40881297
DEC_C40881894,DEC,C40881894
DEC_C40881899,DEC,C40881899
DEC_C40882010,DEC,C40882010
DEC_C40889094,DEC,C40889094
DEC_C41161010,DEC,C41161010
DEC_C42265952,DEC,C42265952
DEC_C43395067,DEC,C43395067
DEC_C43538150,DEC,C43538150
DEC_C44188105,DEC,C44188105
DEC_C48462300,DEC,C48462300
DEC_C48625198,DEC,C48625198
DEC_C48987416,DEC,C48987416
DEC_C48998886,DEC,C48998886
DEC_C50527753,DEC,C50527753
DEC_C54558298,DEC,C54558298
DEC_C55004052,DEC,C55004052
DEC_C57345653,DEC,C57345653
DEC_C57536430,DEC,C57536430
DEC_C57545785,DEC,C57545785
DEC_C57956314,DEC,C57956314
DEC_C58089831,DEC,C58089831
DEC_C62750339,DEC,C62750339
DEC_C62754050,DEC,C62754050
DEC_C62755161,DEC,C62755161
DEC_C63038901,DEC,C63038901
DEC_C04202485,DEC,C04202485
DEC_C01762277,DEC,C01762277
DEC_C05509942,DEC,C05509942
DEC_C00151000,DEC,C00151000
DEC_C05936365,DEC,C05936365
DEC_C02519585,DEC,C02519585
DEC_C02534960,DEC,C02534960
DEC_C16843941,DEC,C16843941
DEC_C16853068,DEC,C16853068
DEC_C16990021,DEC,C16990021
DEC_C19869319,DEC,C19869319
DEC_C19948642,DEC,C19948642
DEC_C20125523,DEC,C20125523
DEC_C20222839,DEC,C20222839
DEC_C35660375,DEC,C35660375
DEC_C35696861,DEC,C35696861
DEC_C36749502,DEC,C36749502
DEC_C36937404,DEC,C36937404
DEC_C36993291,DEC,C36993291
DEC_C37068637,DEC,C37068637
DEC_C37068763,DEC,C37068763
DEC_C37104812,DEC,C37104812
DEC_C37326371,DEC,C37326371
DEC_C37330648,DEC,C37330648
DEC_C37759238,DEC,C37759238
DEC_C37875368,DEC,C37875368
DEC_C40220805,DEC,C40220805
DEC_C40352168,DEC,C40352168
DEC_C40361704,DEC,C40361704
DEC_C40766561,DEC,C40766561
DEC_C41078957,DEC,C41078957
DEC_C41296245,DEC,C41296245
DEC_C42188887,DEC,C42188887
DEC_C42196739,DEC,C42196739
DEC_C42289724,DEC,C42289724
DEC_C49731235,DEC,C49731235
DEC_C49861562,DEC,C49861562
DEC_C49979321,DEC,C49979321
DEC_C50701377,DEC,C50701377
DEC_C50833651,DEC,C50833651
DEC_C51043700,DEC,C51043700
DEC_C52017738,DEC,C52017738
DEC_C52841826,DEC,C52841826
DEC_C52841892,DEC,C52841892
DEC_C52984130,DEC,C52984130
DEC_C53200691,DEC,C53200691
DEC_C54378710,DEC,C54378710
DEC_C40802452,DEC,C40802452
DEC_C13879003,DEC,C13879003
DEC_C67173094,DEC,C67173094
DEC_C04813708,DEC,C04813708
DEC_C06225313,DEC,C06225313
DEC_C01429035,DEC,C01429035
DEC_C16931839,DEC,C16931839
DEC_C20144073,DEC,C20144073
DEC_C21952475,DEC,C21952475
DEC_C22452528,DEC,C22452528
DEC_C22453294,DEC,C22453294
DEC_C00407348,DEC,C00407348
DEC_C25629334,DEC,C25629334
DEC_C36755536,DEC,C36755536
DEC_C36906050,DEC,C36906050
DEC_C36991032,DEC,C36991032
DEC_C37060921,DEC,C37060921
DEC_C37566311,DEC,C37566311
DEC_C37566409,DEC,C37566409
DEC_C37783415,DEC,C37783415
DEC_C19607604,DEC,C19607604
DEC_C12374912,DEC,C12374912
DEC_C38003986,DEC,C38003986
DEC_C06438308,DEC,C06438308
DEC_C40176619,DEC,C40176619
DEC_C41719254,DEC,C41719254
DEC_C42173336,DEC,C42173336
DEC_C43658851,DEC,C43658851
DEC_C43660012,DEC,C43660012
DEC_C44416487,DEC,C44416487
DEC_C44558341,DEC,C44558341
DEC_C46542044,DEC,C46542044
DEC_C48417391,DEC,C48417391
DEC_C48610378,DEC,C48610378
DEC_C48890647,DEC,C48890647
DEC_C48891120,DEC,C48891120
DEC_C49340443,DEC,C49340443
DEC_C49424680,DEC,C49424680
DEC_C49424895,DEC,C49424895
DEC_C50530413,DEC,C50530413
DEC_C51042681,DEC,C51042681
DEC_C52176593,DEC,C52176593
DEC_C53173357,DEC,C53173357
DEC_C54441429,DEC,C54441429
DEC_C06493354,DEC,C06493354
DEC_C57570573,DEC,C57570573
DEC_C59417741,DEC,C59417741
DEC_C59886220,DEC,C59886220
DEC_C62300716,DEC,C62300716
DEC_C62466988,DEC,C62466988
DEC_C63039314,DEC,C63039314
DEC_C17993018,DEC,C17993018
DEC_C66113203,DEC,C66113203
DEC_C04388463,DEC,C04388463
DEC_C02311670,DEC,C02311670
DEC_C06545699,DEC,C06545699
DEC_C11872061,DEC,C11872061
DEC_C12051998,DEC,C12051998
DEC_C12497371,DEC,C12497371
DEC_C22735139,DEC,C22735139
DEC_C34749757,DEC,C34749757
DEC_C34797432,DEC,C34797432
DEC_C36093601,DEC,C36093601
DEC_C39442199,DEC,C39442199
DEC_C39442200,DEC,C39442200
DEC_C39604970,DEC,C39604970
DEC_C39604973,DEC,C39604973
DEC_C39610143,DEC,C39610143
DEC_C39634268,DEC,C39634268
DEC_C39635602,DEC,C39635602
DEC_C39655118,DEC,C39655118
DEC_C39662312,DEC,C39662312
DEC_C39662494,DEC,C39662494
DEC_C39664368,DEC,C39664368
DEC_C39664369,DEC,C39664369
DEC_C39664426,DEC,C39664426
DEC_C39664455,DEC,C39664455
DEC_C39667607,DEC,C39667607
DEC_C39667612,DEC,C39667612
DEC_C39669132,DEC,C39669132
DEC_C39669189,DEC,C39669189
DEC_C39672885,DEC,C39672885
DEC_C39676814,DEC,C39676814
DEC_C39677276,DEC,C39677276
DEC_C39677684,DEC,C39677684
DEC_C39694408,DEC,C39694408
DEC_C39694409,DEC,C39694409
DEC_C39696198,DEC,C39696198
DEC_C39696201,DEC,C39696201
DEC_C49111099,DEC,C49111099
DEC_C59040587,DEC,C59040587
DEC_C60373611,DEC,C60373611
DEC_C13124046,DEC,C13124046
DEC_C13124045,DEC,C13124045
DEC_C12469139,DEC,C12469139
DEC_C39937670,DEC,C39937670
DEC_C39354220,DEC,C39354220
DEC_C63361845,DEC,C63361845
DEC_C63376182,DEC,C63376182
DEC_C63383468,DEC,C63383468
DEC_C63383684,DEC,C63383684
DEC_C64870651,DEC,C64870651
DEC_C65265693,DEC,C65265693
DEC_C04227423,DEC,C04227423
DEC_C00033554,DEC,C00033554
DEC_C05887216,DEC,C05887216
DEC_C16697033,DEC,C16697033
DEC_C19965353,DEC,C19965353
DEC_C21001216,DEC,C21001216
DEC_C36749460,DEC,C36749460
DEC_C36993212,DEC,C36993212
DEC_C37066455,DEC,C37066455
DEC_C37109289,DEC,C37109289
DEC_C37135112,DEC,C37135112
DEC_C37351045,DEC,C37351045
DEC_C37908493,DEC,C37908493
DEC_C37938775,DEC,C37938775
DEC_C40449050,DEC,C40449050
DEC_C41067327,DEC,C41067327
DEC_C41080596,DEC,C41080596
DEC_C41596244,DEC,C41596244
DEC_C41602616,DEC,C41602616
DEC_C41631172,DEC,C41631172
DEC_C42191778,DEC,C42191778
DEC_C43348761,DEC,C43348761
DEC_C43560164,DEC,C43560164
DEC_C43665363,DEC,C43665363
DEC_C47577367,DEC,C47577367
DEC_C47577368,DEC,C47577368
DEC_C48120667,DEC,C48120667
DEC_C48122218,DEC,C48122218
DEC_C48406838,DEC,C48406838
DEC_C49100802,DEC,C49100802
DEC_C49146923,DEC,C49146923
DEC_C49359082,DEC,C49359082
DEC_C49771001,DEC,C49771001
DEC_C49771003,DEC,C49771003
DEC_C49882417,DEC,C49882417
DEC_C49977356,DEC,C49977356
DEC_C50615199,DEC,C50615199
DEC_C50833979,DEC,C50833979
DEC_C37139597,DEC,C37139597
DEC_C53994450,DEC,C53994450
DEC_C54532223,DEC,C54532223
DEC_C57418615,DEC,C57418615
DEC_C44415364,DEC,C44415364
DEC_C61673047,DEC,C61673047
DEC_C62495701,DEC,C62495701
DEC_C62960701,DEC,C62960701
DEC_C63105079,DEC,C63105079
DEC_C66595390,DEC,C66595390
DEC_C67346988,DEC,C67346988
DEC_C67581267,DEC,C67581267
DEC_C02890791,DEC,C02890791
DEC_C06597712,DEC,C06597712
DEC_C07320014,DEC,C07320014
DEC_C16857000,DEC,C16857000
DEC_C20527463,DEC,C20527463
DEC_C20806609,DEC,C20806609
DEC_C20889161,DEC,C20889161
DEC_C28361839,DEC,C28361839
DEC_C28361931,DEC,C28361931
DEC_C29006581,DEC,C29006581
DEC_C29720052,DEC,C29720052
DEC_C29811555,DEC,C29811555
DEC_C29811827,DEC,C29811827
DEC_C36571000,DEC,C36571000
DEC_C36576414,DEC,C36576414
DEC_C36589430,DEC,C36589430
DEC_C36817729,DEC,C36817729
DEC_C40704886,DEC,C40704886
DEC_C40758323,DEC,C40758323
DEC_C40759078,DEC,C40759078
DEC_C40798602,DEC,C40798602
DEC_C42666878,DEC,C42666878
DEC_C44010657,DEC,C44010657
DEC_C44628817,DEC,C44628817
DEC_C45781769,DEC,C45781769
DEC_C46705086,DEC,C46705086
DEC_C47128756,DEC,C47128756
DEC_C47703226,DEC,C47703226
DEC_C48106092,DEC,C48106092
DEC_C50125718,DEC,C50125718
DEC_C53733668,DEC,C53733668
DEC_C56206790,DEC,C56206790
DEC_C56206794,DEC,C56206794
DEC_C56628694,DEC,C56628694
DEC_C58236483,DEC,C58236483
DEC_C58246850,DEC,C58246850
DEC_C58837203,DEC,C58837203
DEC_C58937318,DEC,C58937318
DEC_C58937347,DEC,C58937347
DEC_C58949210,DEC,C58949210
DEC_C13110609,DEC,C13110609
DEC_C63643245,DEC,C63643245
DEC_C63823091,DEC,C63823091
DEC_C64561665,DEC,C64561665
DEC_C65617459,DEC,C65617459
DEC_C65786991,DEC,C65786991
DEC_C66614013,DEC,C66614013
DEC_C66614014,DEC,C66614014
DEC_C66680083,DEC,C66680083
DEC_C67474507,DEC,C67474507
DEC_C03290650,DEC,C03290650
DEC_C01645733,DEC,C01645733
DEC_C09877297,DEC,C09877297
DEC_C10083429,DEC,C10083429
DEC_C11859241,DEC,C11859241
DEC_C12083765,DEC,C12083765
DEC_C13747821,DEC,C13747821
DEC_C08721502,DEC,C08721502
DEC_C02480154,DEC,C02480154
DEC_C23708837,DEC,C23708837
DEC_C26855117,DEC,C26855117
DEC_C28361603,DEC,C28361603
DEC_C28362061,DEC,C28362061
DEC_C05684147,DEC,C05684147
DEC_C35092941,DEC,C35092941
DEC_C37448217,DEC,C37448217
DEC_C39016239,DEC,C39016239
DEC_C39159020,DEC,C39159020
DEC_C40824480,DEC,C40824480
DEC_C44029199,DEC,C44029199
DEC_C44711151,DEC,C44711151
DEC_C45697110,DEC,C45697110
DEC_C46011039,DEC,C46011039
DEC_C48841336,DEC,C48841336
DEC_C49061001,DEC,C49061001
DEC_C15616471,DEC,C15616471
DEC_C50117992,DEC,C50117992
DEC_C50406656,DEC,C50406656
DEC_C50890198,DEC,C50890198
DEC_C50890199,DEC,C50890199
DEC_C52890047,DEC,C52890047
DEC_C54410016,DEC,C54410016
DEC_C56645048,DEC,C56645048
DEC_C56661164,DEC,C56661164
DEC_C58235641,DEC,C58235641
DEC_C58247066,DEC,C58247066
DEC_C55292747,DEC,C55292747
DEC_C06446031,DEC,C06446031
DEC_C59507632,DEC,C59507632
DEC_C63778709,DEC,C63778709
DEC_C64289986,DEC,C64289986
DEC_C66686564,DEC,C66686564
DEC_C25881846,DEC,C25881846
DEC_C66938980,DEC,C66938980
DEC_C66938986,DEC,C66938986
DEC_C67144423,DEC,C67144423
DEC_C67190420,DEC,C67190420
DEC_C67240342,DEC,C67240342
DEC_C67307541,DEC,C67307541
DEC_C67410397,DEC,C67410397
DEC_C04086414,DEC,C04086414
DEC_C04323506,DEC,C04323506
DEC_C01051516,DEC,C01051516
DEC_C04742756,DEC,C04742756
DEC_C07804350,DEC,C07804350
DEC_C07813881,DEC,C07813881
DEC_C06964472,DEC,C06964472
DEC_C08909460,DEC,C08909460
DEC_C09711053,DEC,C09711053
DEC_C13000972,DEC,C13000972
DEC_C13551273,DEC,C13551273
DEC_C16072377,DEC,C16072377
DEC_C16072379,DEC,C16072379
DEC_C20345281,DEC,C20345281
DEC_C20692879,DEC,C20692879
DEC_C25442994,DEC,C25442994
DEC_C12254408,DEC,C12254408
DEC_C35311368,DEC,C35311368
DEC_C36257122,DEC,C36257122
DEC_C39411813,DEC,C39411813
DEC_C39919594,DEC,C39919594
DEC_C40839128,DEC,C40839128
DEC_C41114072,DEC,C41114072
DEC_C46119872,DEC,C46119872
DEC_C47337950,DEC,C47337950
DEC_C47461609,DEC,C47461609
DEC_C51583380,DEC,C51583380
DEC_C52845494,DEC,C52845494
DEC_C54477672,DEC,C54477672
DEC_C54914948,DEC,C54914948
DEC_C56556967,DEC,C56556967
DEC_C56689660,DEC,C56689660
DEC_C56689661,DEC,C56689661
DEC_C56775858,DEC,C56775858
DEC_C56776029,DEC,C56776029
DEC_C57784639,DEC,C57784639
DEC_C07094381,DEC,C07094381
DEC_C59387757,DEC,C59387757
DEC_C61555631,DEC,C61555631
DEC_C63960625,DEC,C63960625
DEC_C64291226,DEC,C64291226
DEC_C53060924,DEC,C53060924
DEC_C64827862,DEC,C64827862
DEC_C50339686,DEC,C50339686
DEC_C66402024,DEC,C66402024
DEC_C66489846,DEC,C66489846
DEC_C66523641,DEC,C66523641
DEC_C67284408,DEC,C67284408
DEC_C67536160,DEC,C67536160
DEC_C67538353,DEC,C67538353
DEC_C00939599,DEC,C00939599
DEC_C02124114,DEC,C02124114
DEC_C00921154,DEC,C00921154
DEC_C00723984,DEC,C00723984
DEC_C00671623,DEC,C00671623
DEC_C09906168,DEC,C09906168
DEC_C11440863,DEC,C11440863
DEC_C11441251,DEC,C11441251
DEC_C12488109,DEC,C12488109
DEC_C12502459,DEC,C12502459
DEC_C12503141,DEC,C12503141
DEC_C12852567,DEC,C12852567
DEC_C13976187,DEC,C13976187
DEC_C13979801,DEC,C13979801
DEC_C14625367,DEC,C14625367
DEC_C14643098,DEC,C14643098
DEC_C14665822,DEC,C14665822
DEC_C15418338,DEC,C15418338
DEC_C15483558,DEC,C15483558
DEC_C15912570,DEC,C15912570
DEC_C16361503,DEC,C16361503
DEC_C17150352,DEC,C17150352
DEC_C17185850,DEC,C17185850
DEC_C17344242,DEC,C17344242
DEC_C20329053,DEC,C20329053
DEC_C12250136,DEC,C12250136
DEC_C21077786,DEC,C21077786
DEC_C22635385,DEC,C22635385
DEC_C23871465,DEC,C23871465
DEC_C24581366,DEC,C24581366
DEC_C24706432,DEC,C24706432
DEC_C25535872,DEC,C25535872
DEC_C28580146,DEC,C28580146
DEC_C31490936,DEC,C31490936
DEC_C34906191,DEC,C34906191
DEC_C36490623,DEC,C36490623
DEC_C36536895,DEC,C36536895
DEC_C36597587,DEC,C36597587
DEC_C12998939,DEC,C12998939
DEC_C04177376,DEC,C04177376
DEC_C02861299,DEC,C02861299
DEC_C40986870,DEC,C40986870
DEC_C02654088,DEC,C02654088
DEC_C15289105,DEC,C15289105
DEC_C10960067,DEC,C10960067
DEC_C58443678,DEC,C58443678
DEC_C59014528,DEC,C59014528
DEC_C59412195,DEC,C59412195
DEC_C59802511,DEC,C59802511
DEC_C36093618,DEC,C36093618
DEC_C01912309,DEC,C01912309
DEC_C02649240,DEC,C02649240
DEC_C00349584,DEC,C00349584
DEC_C02204865,DEC,C02204865
DEC_C00745770,DEC,C00745770
DEC_C05524577,DEC,C05524577
DEC_C05942471,DEC,C05942471
DEC_C00033140,DEC,C00033140
DEC_C06728061,DEC,C06728061
DEC_C06825686,DEC,C06825686
DEC_C07549902,DEC,C07549902
DEC_C10151130,DEC,C10151130
DEC_C03555930,DEC,C03555930
DEC_C12534540,DEC,C12534540
DEC_C14255367,DEC,C14255367
DEC_C14472061,DEC,C14472061
DEC_C14478257,DEC,C14478257
DEC_C15840807,DEC,C15840807
DEC_C16066724,DEC,C16066724
DEC_C16856986,DEC,C16856986
DEC_C17118693,DEC,C17118693
DEC_C22449599,DEC,C22449599
DEC_C22452970,DEC,C22452970
DEC_C30868242,DEC,C30868242
DEC_C31283714,DEC,C31283714
DEC_C32672477,DEC,C32672477
DEC_C33341682,DEC,C33341682
DEC_C02793557,DEC,C02793557
DEC_C36063174,DEC,C36063174
DEC_C15987961,DEC,C15987961
DEC_C08323931,DEC,C08323931
DEC_C29080955,DEC,C29080955
DEC_C39942776,DEC,C39942776
DEC_C40868523,DEC,C40868523
DEC_C40885247,DEC,C40885247
DEC_C40961299,DEC,C40961299
DEC_C41119385,DEC,C41119385
DEC_C45800634,DEC,C45800634
DEC_C33014621,DEC,C33014621
DEC_C02880984,DEC,C02880984
DEC_C05024564,DEC,C05024564
DEC_C07793022,DEC,C07793022
DEC_C58172730,DEC,C58172730
DEC_C06825179,DEC,C06825179
DEC_C07265809,DEC,C07265809
DEC_C62519164,DEC,C62519164
DEC_C66084933,DEC,C66084933
DEC_C66597522,DEC,C66597522
DEC_C66976245,DEC,C66976245
DEC_C67139302,DEC,C67139302
DEC_C02058678,DEC,C02058678
DEC_C04365982,DEC,C04365982
DEC_C03060464,DEC,C03060464
DEC_C02915262,DEC,C02915262
DEC_C04724666,DEC,C04724666
DEC_C04805538,DEC,C04805538
DEC_C04834703,DEC,C04834703
DEC_C04989146,DEC,C04989146
DEC_C01973005,DEC,C01973005
DEC_C05697590,DEC,C05697590
DEC_C06564182,DEC,C06564182
DEC_C03277294,DEC,C03277294
DEC_C10010970,DEC,C10010970
DEC_C11443455,DEC,C11443455
DEC_C12799683,DEC,C12799683
DEC_C07246453,DEC,C07246453
DEC_C14550981,DEC,C14550981
DEC_C14550984,DEC,C14550984
DEC_C19312446,DEC,C19312446
DEC_C05661217,DEC,C05661217
DEC_C24736747,DEC,C24736747
DEC_C28572899,DEC,C28572899
DEC_C00148967,DEC,C00148967
DEC_C36001867,DEC,C36001867
DEC_C36012703,DEC,C36012703
DEC_C08612406,DEC,C08612406
DEC_C38766138,DEC,C38766138
DEC_C40067797,DEC,C40067797
DEC_C41025859,DEC,C41025859
DEC_C43876410,DEC,C43876410
DEC_C46085119,DEC,C46085119
DEC_C49778612,DEC,C49778612
DEC_C49778614,DEC,C49778614
DEC_C00238482,DEC,C00238482
DEC_C53219067,DEC,C53219067
DEC_C15791027,DEC,C15791027
DEC_C57566538,DEC,C57566538
DEC_C19212057,DEC,C19212057
DEC_C49656543,DEC,C49656543
DEC_C59280244,DEC,C59280244
DEC_C59323962,DEC,C59323962
DEC_C59916344,DEC,C59916344
DEC_C60992888,DEC,C60992888
DEC_C61539520,DEC,C61539520
DEC_C08994797,DEC,C08994797
DEC_C64517337,DEC,C64517337
DEC_C64517341,DEC,C64517341
DEC_C66971908,DEC,C66971908
DEC_C44069011,DEC,C44069011
DEC_C67145084,DEC,C67145084
DEC_C04820955,DEC,C04820955
DEC_C05091055,DEC,C05091055
DEC_C05445058,DEC,C05445058
DEC_C07588848,DEC,C07588848
DEC_C08748752,DEC,C08748752
DEC_C09534203,DEC,C09534203
DEC_C10028302,DEC,C10028302
DEC_C12344544,DEC,C12344544
DEC_C13041423,DEC,C13041423
DEC_C19792419,DEC,C19792419
DEC_C19794635,DEC,C19794635
DEC_C21579475,DEC,C21579475
DEC_C26362653,DEC,C26362653
DEC_C29396395,DEC,C29396395
DEC_C28705180,DEC,C28705180
DEC_C32740378,DEC,C32740378
DEC_C35231462,DEC,C35231462
DEC_C35430583,DEC,C35430583
DEC_C36917057,DEC,C36917057
DEC_C36919693,DEC,C36919693
DEC_C37142897,DEC,C37142897
DEC_C37507745,DEC,C37507745
DEC_C37537161,DEC,C37537161
DEC_C37562780,DEC,C37562780
DEC_C37562781,DEC,C37562781
DEC_C38132055,DEC,C38132055
DEC_C38564731,DEC,C38564731
DEC_C38789343,DEC,C38789343
DEC_C39140848,DEC,C39140848
DEC_C39246340,DEC,C39246340
DEC_C40387848,DEC,C40387848
DEC_C41332850,DEC,C41332850
DEC_C49392530,DEC,C49392530
DEC_C50620648,DEC,C50620648
DEC_C50898775,DEC,C50898775
DEC_C50898792,DEC,C50898792
DEC_C51545220,DEC,C51545220
DEC_C51570273,DEC,C51570273
DEC_C57041200,DEC,C57041200
DEC_C57050883,DEC,C57050883
DEC_C60439481,DEC,C60439481
DEC_C39796137,DEC,C39796137
DEC_C63512311,DEC,C63512311
DEC_C63547566,DEC,C63547566
DEC_C64640213,DEC,C64640213
DEC_C64697875,DEC,C64697875
DEC_C66079128,DEC,C66079128
DEC_C66176684,DEC,C66176684
DEC_C67186478,DEC,C67186478
DEC_C67251165,DEC,C67251165
DEC_C08533728,DEC,C08533728
DEC_C12121849,DEC,C12121849
DEC_C12186432,DEC,C12186432
DEC_C12441862,DEC,C12441862
DEC_C14197131,DEC,C14197131
DEC_C19672908,DEC,C19672908
DEC_C22583667,DEC,C22583667
DEC_C35745879,DEC,C35745879
DEC_C35781026,DEC,C35781026
DEC_C36039440,DEC,C36039440
DEC_C37700931,DEC,C37700931
DEC_C12716018,DEC,C12716018
DEC_C38675383,DEC,C38675383
DEC_C39737361,DEC,C39737361
DEC_C41642006,DEC,C41642006
DEC_C43257233,DEC,C43257233
DEC_C47959406,DEC,C47959406
DEC_C48024988,DEC,C48024988
DEC_C48456151,DEC,C48456151
DEC_C36028024,DEC,C36028024
DEC_C54260214,DEC,C54260214
DEC_C54893732,DEC,C54893732
DEC_C54894003,DEC,C54894003
DEC_C55100176,DEC,C55100176
DEC_C58369907,DEC,C58369907
DEC_C48797809,DEC,C48797809
DEC_C46946054,DEC,C46946054
DEC_C47150367,DEC,C47150367
DEC_C62361910,DEC,C62361910
DEC_C62362077,DEC,C62362077
DEC_C62776934,DEC,C62776934
DEC_C63488660,DEC,C63488660
DEC_C63530392,DEC,C63530392
DEC_C63789314,DEC,C63789314
DEC_C64220395,DEC,C64220395
DEC_C64541634,DEC,C64541634
DEC_C64724112,DEC,C64724112
DEC_C54260430,DEC,C54260430
DEC_C46379017,DEC,C46379017
DEC_C66596731,DEC,C66596731
DEC_C67010260,DEC,C67010260
DEC_C67156493,DEC,C67156493
DEC_C67159222,DEC,C67159222
DEC_C67185971,DEC,C67185971
DEC_C67332462,DEC,C67332462
DEC_C67479457,DEC,C67479457
DEC_C67586967,DEC,C67586967
DEC_C67609951,DEC,C67609951
DEC_C67614097,DEC,C67614097
DEC_C67619113,DEC,C67619113
DEC_C04372600,DEC,C04372600
DEC_C04402237,DEC,C04402237
DEC_C02087362,DEC,C02087362
DEC_C02948665,DEC,C02948665
DEC_C04157541,DEC,C04157541
DEC_C03027335,DEC,C03027335
DEC_C04724421,DEC,C04724421
DEC_C04784486,DEC,C04784486
DEC_C04895081,DEC,C04895081
DEC_C04911272,DEC,C04911272
DEC_C04912170,DEC,C04912170
DEC_C02221297,DEC,C02221297
DEC_C05045585,DEC,C05045585
DEC_C05180344,DEC,C05180344
DEC_C02737241,DEC,C02737241
DEC_C04882560,DEC,C04882560
DEC_C05631395,DEC,C05631395
DEC_C02660485,DEC,C02660485
DEC_C06263755,DEC,C06263755
DEC_C06392055,DEC,C06392055
DEC_C06797396,DEC,C06797396
DEC_C06797398,DEC,C06797398
DEC_C07026792,DEC,C07026792
DEC_C08905669,DEC,C08905669
DEC_C09822927,DEC,C09822927
DEC_C13982883,DEC,C13982883
DEC_C14480562,DEC,C14480562
DEC_C14783799,DEC,C14783799
DEC_C15227602,DEC,C15227602
DEC_C16890297,DEC,C16890297
DEC_C02055302,DEC,C02055302
DEC_C11948990,DEC,C11948990
DEC_C11800640,DEC,C11800640
DEC_C22327434,DEC,C22327434
DEC_C22330296,DEC,C22330296
DEC_C22449016,DEC,C22449016
DEC_C31829409,DEC,C31829409
DEC_C34928899,DEC,C34928899
DEC_C36491317,DEC,C36491317
DEC_C36536604,DEC,C36536604
DEC_C36573543,DEC,C36573543
DEC_C39287739,DEC,C39287739
DEC_C40897127,DEC,C40897127
DEC_C40970995,DEC,C40970995
DEC_C36608997,DEC,C36608997
DEC_C04590530,DEC,C04590530
DEC_C06305372,DEC,C06305372
DEC_C59274362,DEC,C59274362
DEC_C66133466,DEC,C66133466
DEC_C66807078,DEC,C66807078
DEC_C07683997,DEC,C07683997
DEC_C07684287,DEC,C07684287
DEC_C07737522,DEC,C07737522
DEC_C08204032,DEC,C08204032
DEC_C09218319,DEC,C09218319
DEC_C09943111,DEC,C09943111
DEC_C11873467,DEC,C11873467
DEC_C12053075,DEC,C12053075
DEC_C12714236,DEC,C12714236
DEC_C15360489,DEC,C15360489
DEC_C20999598,DEC,C20999598
DEC_C23674703,DEC,C23674703
DEC_C26371506,DEC,C26371506
DEC_C30492440,DEC,C30492440
DEC_C08477307,DEC,C08477307
DEC_C36313639,DEC,C36313639
DEC_C22417191,DEC,C22417191
DEC_C39360912,DEC,C39360912
DEC_C39684552,DEC,C39684552
DEC_C41791092,DEC,C41791092
DEC_C42184201,DEC,C42184201
DEC_C43167491,DEC,C43167491
DEC_C44359282,DEC,C44359282
DEC_C45777455,DEC,C45777455
DEC_C45790593,DEC,C45790593
DEC_C48144722,DEC,C48144722
DEC_C56595182,DEC,C56595182
DEC_C58467351,DEC,C58467351
DEC_C59264443,DEC,C59264443
DEC_C59334313,DEC,C59334313
DEC_C57244564,DEC,C57244564
DEC_C60041523,DEC,C60041523
DEC_C60092713,DEC,C60092713
DEC_C62127811,DEC,C62127811
DEC_C63488994,DEC,C63488994
DEC_C63529838,DEC,C63529838
DEC_C64011990,DEC,C64011990
DEC_C64255125,DEC,C64255125
DEC_C64715672,DEC,C64715672
DEC_C53304038,DEC,C53304038
DEC_C65441265,DEC,C65441265
DEC_C65964454,DEC,C65964454
DEC_C65965608,DEC,C65965608
DEC_C66474438,DEC,C66474438
DEC_C66594509,DEC,C66594509
DEC_C67089424,DEC,C67089424
DEC_C67186465,DEC,C67186465
DEC_C67189031,DEC,C67189031
DEC_C67332837,DEC,C67332837
DEC_C67347958,DEC,C67347958
DEC_C02928356,DEC,C02928356
DEC_C04546743,DEC,C04546743
DEC_C05237564,DEC,C05237564
DEC_C05602761,DEC,C05602761
DEC_C05859200,DEC,C05859200
DEC_C05860347,DEC,C05860347
DEC_C07550937,DEC,C07550937
DEC_C07737864,DEC,C07737864
DEC_C08099441,DEC,C08099441
DEC_C04587058,DEC,C04587058
DEC_C08886446,DEC,C08886446
DEC_C12082996,DEC,C12082996
DEC_C12734429,DEC,C12734429
DEC_C12905185,DEC,C12905185
DEC_C02781368,DEC,C02781368
DEC_C05525779,DEC,C05525779
DEC_C13695259,DEC,C13695259
DEC_C15676867,DEC,C15676867
DEC_C16312405,DEC,C16312405
DEC_C16397437,DEC,C16397437
DEC_C20696811,DEC,C20696811
DEC_C20696814,DEC,C20696814
DEC_C23118108,DEC,C23118108
DEC_C23585624,DEC,C23585624
DEC_C24421420,DEC,C24421420
DEC_C25611157,DEC,C25611157
DEC_C30552722,DEC,C30552722
DEC_C30825158,DEC,C30825158
DEC_C31685119,DEC,C31685119
DEC_C02331332,DEC,C02331332
DEC_C39273451,DEC,C39273451
DEC_C39843869,DEC,C39843869
DEC_C39922905,DEC,C39922905
DEC_C44267400,DEC,C44267400
DEC_C46084909,DEC,C46084909
DEC_C15859833,DEC,C15859833
DEC_C58987431,DEC,C58987431
DEC_C04927654,DEC,C04927654
DEC_C59316806,DEC,C59316806
DEC_C05677236,DEC,C05677236
DEC_C03188701,DEC,C03188701
DEC_C04138054,DEC,C04138054
DEC_C04143067,DEC,C04143067
DEC_C64763939,DEC,C64763939
DEC_C09356326,DEC,C09356326
DEC_C66203730,DEC,C66203730
DEC_C66452172,DEC,C66452172
DEC_C67066666,DEC,C67066666
DEC_C67197045,DEC,C67197045
DEC_C67583500,DEC,C67583500
DEC_C04132879,DEC,C04132879
DEC_C05487191,DEC,C05487191
DEC_C06511222,DEC,C06511222
DEC_C03427089,DEC,C03427089
DEC_C09514977,DEC,C09514977
DEC_C09884579,DEC,C09884579
DEC_C13060999,DEC,C13060999
DEC_C15046243,DEC,C15046243
DEC_C15102685,DEC,C15102685
DEC_C15103821,DEC,C15103821
DEC_C15416793,DEC,C15416793
DEC_C15484858,DEC,C15484858
DEC_C15484868,DEC,C15484868
DEC_C16322873,DEC,C16322873
DEC_C16628198,DEC,C16628198
DEC_C16632951,DEC,C16632951
DEC_C19534140,DEC,C19534140
DEC_C20613909,DEC,C20613909
DEC_C20877009,DEC,C20877009
DEC_C22924144,DEC,C22924144
DEC_C31174313,DEC,C31174313
DEC_C17218656,DEC,C17218656
DEC_C32935577,DEC,C32935577
DEC_C33624229,DEC,C33624229
DEC_C33636121,DEC,C33636121
DEC_C33636124,DEC,C33636124
DEC_C33917311,DEC,C33917311
DEC_C35317778,DEC,C35317778
DEC_C35491301,DEC,C35491301
DEC_C35591921,DEC,C35591921
DEC_C06501018,DEC,C06501018
DEC_C34868033,DEC,C34868033
DEC_C39303104,DEC,C39303104
DEC_C39631420,DEC,C39631420
DEC_C39631539,DEC,C39631539
DEC_C43216255,DEC,C43216255
DEC_C43547719,DEC,C43547719
DEC_C14977992,DEC,C14977992
DEC_C24673924,DEC,C24673924
DEC_C24820504,DEC,C24820504
DEC_C58439316,DEC,C58439316
DEC_C58954614,DEC,C58954614
DEC_C13456508,DEC,C13456508
DEC_C59350269,DEC,C59350269
DEC_C59447168,DEC,C59447168
DEC_C63411781,DEC,C63411781
DEC_C63557266,DEC,C63557266
DEC_C63557267,DEC,C63557267
DEC_C63801439,DEC,C63801439
DEC_C13456552,DEC,C13456552
DEC_C02424446,DEC,C02424446
DEC_C07990958,DEC,C07990958
DEC_C08346001,DEC,C08346001
DEC_C08644735,DEC,C08644735
DEC_C08948103,DEC,C08948103
DEC_C09239584,DEC,C09239584
DEC_C09461420,DEC,C09461420
DEC_C09220844,DEC,C09220844
DEC_C11443602,DEC,C11443602
DEC_C13548614,DEC,C13548614
DEC_C14551063,DEC,C14551063
DEC_C18281269,DEC,C18281269
DEC_C19296052,DEC,C19296052
DEC_C19296224,DEC,C19296224
DEC_C20755943,DEC,C20755943
DEC_C21706602,DEC,C21706602
DEC_C21706625,DEC,C21706625
DEC_C21706627,DEC,C21706627
DEC_C24871504,DEC,C24871504
DEC_C25155952,DEC,C25155952
DEC_C32111959,DEC,C32111959
DEC_C33810545,DEC,C33810545
DEC_C35449642,DEC,C35449642
DEC_C35771266,DEC,C35771266
DEC_C36801711,DEC,C36801711
DEC_C00968276,DEC,C00968276
DEC_C01183200,DEC,C01183200
DEC_C38649257,DEC,C38649257
DEC_C38649988,DEC,C38649988
DEC_C38650306,DEC,C38650306
DEC_C38657995,DEC,C38657995
DEC_C38678222,DEC,C38678222
DEC_C38684877,DEC,C38684877
DEC_C36689109,DEC,C36689109
DEC_C39919403,DEC,C39919403
DEC_C09788867,DEC,C09788867
DEC_C39911826,DEC,C39911826
DEC_C39914108,DEC,C39914108
DEC_C40822525,DEC,C40822525
DEC_C03070891,DEC,C03070891
DEC_C45827837,DEC,C45827837
DEC_C09346210,DEC,C09346210
DEC_C00919285,DEC,C00919285
DEC_C15125405,DEC,C15125405
DEC_C58311948,DEC,C58311948
DEC_C06546023,DEC,C06546023
DEC_C59520387,DEC,C59520387
DEC_C13112496,DEC,C13112496
DEC_C64869511,DEC,C64869511
DEC_C46021969,DEC,C46021969
DEC_C04230027,DEC,C04230027
DEC_C04715660,DEC,C04715660
DEC_C00830517,DEC,C00830517
DEC_C01463192,DEC,C01463192
DEC_C01463193,DEC,C01463193
DEC_C05348334,DEC,C05348334
DEC_C06049534,DEC,C06049534
DEC_C06128202,DEC,C06128202
DEC_C06839157,DEC,C06839157
DEC_C06941076,DEC,C06941076
DEC_C07068075,DEC,C07068075
DEC_C07065115,DEC,C07065115
DEC_C07805172,DEC,C07805172
DEC_C04920447,DEC,C04920447
DEC_C09434690,DEC,C09434690
DEC_C12376148,DEC,C12376148
DEC_C02626891,DEC,C02626891
DEC_C13495003,DEC,C13495003
DEC_C14473325,DEC,C14473325
DEC_C15227036,DEC,C15227036
DEC_C16853648,DEC,C16853648
DEC_C20884544,DEC,C20884544
DEC_C21837500,DEC,C21837500
DEC_C21889223,DEC,C21889223
DEC_C24943300,DEC,C24943300
DEC_C25113757,DEC,C25113757
DEC_C23293937,DEC,C23293937
DEC_C03259234,DEC,C03259234
DEC_C38612833,DEC,C38612833
DEC_C39379834,DEC,C39379834
DEC_C39380246,DEC,C39380246
DEC_C39579080,DEC,C39579080
DEC_C39763610,DEC,C39763610
DEC_C08395098,DEC,C08395098
DEC_C39943819,DEC,C39943819
DEC_C40138225,DEC,C40138225
DEC_C40927567,DEC,C40927567
DEC_C40981791,DEC,C40981791
DEC_C40983303,DEC,C40983303
DEC_C40983304,DEC,C40983304
DEC_C41003612,DEC,C41003612
DEC_C41017026,DEC,C41017026
DEC_C50137414,DEC,C50137414
DEC_C10494817,DEC,C10494817
DEC_C58168425,DEC,C58168425
DEC_C58960304,DEC,C58960304
DEC_C05169784,DEC,C05169784
DEC_C59278069,DEC,C59278069
DEC_C06714908,DEC,C06714908
DEC_C66704969,DEC,C66704969
DEC_C00643964,DEC,C00643964
DEC_C02109563,DEC,C02109563
DEC_C03467647,DEC,C03467647
DEC_C00669005,DEC,C00669005
DEC_C01181657,DEC,C01181657
DEC_C02745537,DEC,C02745537
DEC_C04724139,DEC,C04724139
DEC_C02416903,DEC,C02416903
DEC_C05443932,DEC,C05443932
DEC_C06064873,DEC,C06064873
DEC_C06279692,DEC,C06279692
DEC_C06696269,DEC,C06696269
DEC_C07428386,DEC,C07428386
DEC_C00643691,DEC,C00643691
DEC_C08719914,DEC,C08719914
DEC_C09201854,DEC,C09201854
DEC_C06781038,DEC,C06781038
DEC_C13709977,DEC,C13709977
DEC_C15840831,DEC,C15840831
DEC_C20489924,DEC,C20489924
DEC_C21095178,DEC,C21095178
DEC_C21891048,DEC,C21891048
DEC_C22527491,DEC,C22527491
DEC_C24107057,DEC,C24107057
DEC_C24109992,DEC,C24109992
DEC_C32109259,DEC,C32109259
DEC_C32753789,DEC,C32753789
DEC_C38079415,DEC,C38079415
DEC_C38702868,DEC,C38702868
DEC_C38772300,DEC,C38772300
DEC_C39342504,DEC,C39342504
DEC_C39844146,DEC,C39844146
DEC_C40925198,DEC,C40925198
DEC_C40989394,DEC,C40989394
DEC_C41095699,DEC,C41095699
DEC_C41650253,DEC,C41650253
DEC_C45921363,DEC,C45921363
DEC_C50164409,DEC,C50164409
DEC_C05977879,DEC,C05977879
DEC_C56237775,DEC,C56237775
DEC_C56748135,DEC,C56748135
DEC_C07924614,DEC,C07924614
DEC_C59157172,DEC,C59157172
DEC_C59254207,DEC,C59254207
DEC_C59853992,DEC,C59853992
DEC_C66118463,DEC,C66118463
DEC_C66118515,DEC,C66118515
DEC_C66175748,DEC,C66175748
DEC_C66977549,DEC,C66977549
DEC_C67651849,DEC,C67651849
DEC_C04687182,DEC,C04687182
DEC_C04623632,DEC,C04623632
DEC_C00622042,DEC,C00622042
DEC_C06133496,DEC,C06133496
DEC_C13199581,DEC,C13199581
DEC_C13338590,DEC,C13338590
DEC_C13469035,DEC,C13469035
DEC_C16400198,DEC,C16400198
DEC_C16428785,DEC,C16428785
DEC_C16450844,DEC,C16450844
DEC_C17087452,DEC,C17087452
DEC_C17102366,DEC,C17102366
DEC_C19645431,DEC,C19645431
DEC_C19894197,DEC,C19894197
DEC_C03024931,DEC,C03024931
DEC_C20878974,DEC,C20878974
DEC_C27642591,DEC,C27642591
DEC_C06016046,DEC,C06016046
DEC_C35668500,DEC,C35668500
DEC_C35709710,DEC,C35709710
DEC_C16853106,DEC,C16853106
DEC_C16853107,DEC,C16853107
DEC_C13469941,DEC,C13469941
DEC_C13361387,DEC,C13361387
DEC_C13361421,DEC,C13361421
DEC_C39866657,DEC,C39866657
DEC_C40116947,DEC,C40116947
DEC_C39898013,DEC,C39898013
DEC_C40536387,DEC,C40536387
DEC_C40544722,DEC,C40544722
DEC_C44318393,DEC,C44318393
DEC_C44319287,DEC,C44319287
DEC_C49049672,DEC,C49049672
DEC_C49570960,DEC,C49570960
DEC_C50949512,DEC,C50949512
DEC_C06288225,DEC,C06288225
DEC_C20144443,DEC,C20144443
DEC_C20153545,DEC,C20153545
DEC_C61626862,DEC,C61626862
DEC_C62827402,DEC,C62827402
DEC_C63809455,DEC,C63809455
DEC_C63878154,DEC,C63878154
DEC_C06184942,DEC,C06184942
DEC_C64796023,DEC,C64796023
DEC_C64796136,DEC,C64796136
DEC_C66349324,DEC,C66349324
DEC_C66584931,DEC,C66584931
DEC_C66587203,DEC,C66587203
DEC_C66587204,DEC,C66587204
DEC_C67619737,DEC,C67619737
DEC_C00290680,DEC,C00290680
DEC_C05714493,DEC,C05714493
DEC_C05846708,DEC,C05846708
DEC_C20086909,DEC,C20086909
DEC_C20088921,DEC,C20088921
DEC_C20517366,DEC,C20517366
DEC_C20524721,DEC,C20524721
DEC_C20524722,DEC,C20524722
DEC_C28008548,DEC,C28008548
DEC_C34990245,DEC,C34990245
DEC_C35134975,DEC,C35134975
DEC_C35648887,DEC,C35648887
DEC_C36005687,DEC,C36005687
DEC_C36277834,DEC,C36277834
DEC_C36954197,DEC,C36954197
DEC_C36970939,DEC,C36970939
DEC_C37010459,DEC,C37010459
DEC_C37085984,DEC,C37085984
DEC_C37196799,DEC,C37196799
DEC_C37281650,DEC,C37281650
DEC_C37281729,DEC,C37281729
DEC_C37281732,DEC,C37281732
DEC_C37299687,DEC,C37299687
DEC_C38056173,DEC,C38056173
DEC_C38079338,DEC,C38079338
DEC_C38899220,DEC,C38899220
DEC_C39571219,DEC,C39571219
DEC_C39922446,DEC,C39922446
DEC_C40254146,DEC,C40254146
DEC_C41256277,DEC,C41256277
DEC_C41571808,DEC,C41571808
DEC_C42252880,DEC,C42252880
DEC_C49987539,DEC,C49987539
DEC_C49987581,DEC,C49987581
DEC_C50009013,DEC,C50009013
DEC_C50441939,DEC,C50441939
DEC_C50565994,DEC,C50565994
DEC_C50830933,DEC,C50830933
DEC_C51723413,DEC,C51723413
DEC_C52098084,DEC,C52098084
DEC_C54107562,DEC,C54107562
DEC_C59166223,DEC,C59166223
DEC_C61327085,DEC,C61327085
DEC_C61534318,DEC,C61534318
DEC_C61537308,DEC,C61537308
DEC_C61539054,DEC,C61539054
DEC_C61566219,DEC,C61566219
DEC_C63151317,DEC,C63151317
DEC_C66594427,DEC,C66594427
DEC_C67162857,DEC,C67162857
DEC_C03954110,DEC,C03954110
DEC_C00377770,DEC,C00377770
DEC_C04532799,DEC,C04532799
DEC_C00998886,DEC,C00998886
DEC_C02382660,DEC,C02382660
DEC_C05559836,DEC,C05559836
DEC_C00226612,DEC,C00226612
DEC_C03291706,DEC,C03291706
DEC_C06756807,DEC,C06756807
DEC_C06276897,DEC,C06276897
DEC_C08343786,DEC,C08343786
DEC_C00377771,DEC,C00377771
DEC_C12659328,DEC,C12659328
DEC_C00422675,DEC,C00422675
DEC_C06870864,DEC,C06870864
DEC_C13640181,DEC,C13640181
DEC_C13640262,DEC,C13640262
DEC_C13640323,DEC,C13640323
DEC_C19232949,DEC,C19232949
DEC_C19736541,DEC,C19736541
DEC_C20470981,DEC,C20470981
DEC_C20480323,DEC,C20480323
DEC_C20566442,DEC,C20566442
DEC_C20682057,DEC,C20682057
DEC_C21009297,DEC,C21009297
DEC_C21519291,DEC,C21519291
DEC_C21788866,DEC,C21788866
DEC_C31944158,DEC,C31944158
DEC_C35342085,DEC,C35342085
DEC_C36288577,DEC,C36288577
DEC_C36858555,DEC,C36858555
DEC_C36952175,DEC,C36952175
DEC_C36962193,DEC,C36962193
DEC_C37381162,DEC,C37381162
DEC_C37950934,DEC,C37950934
DEC_C39408785,DEC,C39408785
DEC_C40322820,DEC,C40322820
DEC_C42577433,DEC,C42577433
DEC_C02578761,DEC,C02578761
DEC_C45298471,DEC,C45298471
DEC_C48859905,DEC,C48859905
DEC_C50453664,DEC,C50453664
DEC_C51001371,DEC,C51001371
DEC_C51327681,DEC,C51327681
DEC_C51580866,DEC,C51580866
DEC_C52333384,DEC,C52333384
DEC_C52333714,DEC,C52333714
DEC_C55066013,DEC,C55066013
DEC_C59119318,DEC,C59119318
DEC_C49244015,DEC,C49244015
DEC_C01158034,DEC,C01158034
DEC_C00133308,DEC,C00133308
DEC_C04473614,DEC,C04473614
DEC_C02283315,DEC,C02283315
DEC_C02250774,DEC,C02250774
DEC_C00503015,DEC,C00503015
DEC_C00045824,DEC,C00045824
DEC_C00828359,DEC,C00828359
DEC_C03877427,DEC,C03877427
DEC_C02250775,DEC,C02250775
DEC_C01414083,DEC,C01414083
DEC_C04798354,DEC,C04798354
DEC_C04992377,DEC,C04992377
DEC_C05414838,DEC,C05414838
DEC_C03205610,DEC,C03205610
DEC_C05559381,DEC,C05559381
DEC_C06477040,DEC,C06477040
DEC_C06493096,DEC,C06493096
DEC_C01057047,DEC,C01057047
DEC_C00438450,DEC,C00438450
DEC_C12408022,DEC,C12408022
DEC_C12495428,DEC,C12495428
DEC_C12734602,DEC,C12734602
DEC_C12984223,DEC,C12984223
DEC_C13636149,DEC,C13636149
DEC_C14457832,DEC,C14457832
DEC_C14550537,DEC,C14550537
DEC_C15587970,DEC,C15587970
DEC_C15223741,DEC,C15223741
DEC_C20467475,DEC,C20467475
DEC_C25143090,DEC,C25143090
DEC_C26295086,DEC,C26295086
DEC_C28701148,DEC,C28701148
DEC_C32601920,DEC,C32601920
DEC_C33252852,DEC,C33252852
DEC_C33271126,DEC,C33271126
DEC_C36370622,DEC,C36370622
DEC_C36636277,DEC,C36636277
DEC_C37072269,DEC,C37072269
DEC_C37129193,DEC,C37129193
DEC_C37278049,DEC,C37278049
DEC_C00342080,DEC,C00342080
DEC_C39526452,DEC,C39526452
DEC_C39847235,DEC,C39847235
DEC_C43756678,DEC,C43756678
DEC_C48396910,DEC,C48396910
DEC_C02342471,DEC,C02342471
DEC_C62017678,DEC,C62017678
DEC_C64604453,DEC,C64604453
DEC_C08478711,DEC,C08478711
DEC_C03998113,DEC,C03998113
DEC_C04499635,DEC,C04499635
DEC_C05528123,DEC,C05528123
DEC_C01959695,DEC,C01959695
DEC_C05925230,DEC,C05925230
DEC_C02863229,DEC,C02863229
DEC_C06587727,DEC,C06587727
DEC_C09355387,DEC,C09355387
DEC_C12596931,DEC,C12596931
DEC_C13768602,DEC,C13768602
DEC_C14545488,DEC,C14545488
DEC_C16640580,DEC,C16640580
DEC_C19809154,DEC,C19809154
DEC_C20627891,DEC,C20627891
DEC_C20750692,DEC,C20750692
DEC_C20985973,DEC,C20985973
DEC_C21044232,DEC,C21044232
DEC_C21255993,DEC,C21255993
DEC_C23295819,DEC,C23295819
DEC_C24589556,DEC,C24589556
DEC_C26843960,DEC,C26843960
DEC_C27529344,DEC,C27529344
DEC_C28576666,DEC,C28576666
DEC_C31157412,DEC,C31157412
DEC_C36922455,DEC,C36922455
DEC_C36923105,DEC,C36923105
DEC_C36969836,DEC,C36969836
DEC_C37262303,DEC,C37262303
DEC_C37414851,DEC,C37414851
DEC_C37442164,DEC,C37442164
DEC_C37785638,DEC,C37785638
DEC_C00037718,DEC,C00037718
DEC_C03259532,DEC,C03259532
DEC_C38811798,DEC,C38811798
DEC_C39859063,DEC,C39859063
DEC_C15053375,DEC,C15053375
DEC_C31854625,DEC,C31854625
DEC_C50043641,DEC,C50043641
DEC_C20064750,DEC,C20064750
DEC_C56173909,DEC,C56173909
DEC_C56384220,DEC,C56384220
DEC_C57925731,DEC,C57925731
DEC_C57933248,DEC,C57933248
DEC_C57933251,DEC,C57933251
DEC_C62495763,DEC,C62495763
DEC_C03126108,DEC,C03126108
DEC_C66129185,DEC,C66129185
DEC_C66131041,DEC,C66131041
DEC_C66348642,DEC,C66348642
DEC_C67614423,DEC,C67614423
DEC_C04236713,DEC,C04236713
DEC_C01062592,DEC,C01062592
DEC_C09373057,DEC,C09373057
DEC_C10150059,DEC,C10150059
DEC_C11507271,DEC,C11507271
DEC_C11507281,DEC,C11507281
DEC_C12503285,DEC,C12503285
DEC_C12570126,DEC,C12570126
DEC_C13979095,DEC,C13979095
DEC_C14783897,DEC,C14783897
DEC_C15885983,DEC,C15885983
DEC_C20907174,DEC,C20907174
DEC_C14729819,DEC,C14729819
DEC_C24955962,DEC,C24955962
DEC_C24955988,DEC,C24955988
DEC_C25530141,DEC,C25530141
DEC_C25530146,DEC,C25530146
DEC_C26384774,DEC,C26384774
DEC_C31118914,DEC,C31118914
DEC_C12624147,DEC,C12624147
DEC_C09716108,DEC,C09716108
DEC_C36481111,DEC,C36481111
DEC_C36481112,DEC,C36481112
DEC_C36483616,DEC,C36483616
DEC_C36483617,DEC,C36483617
DEC_C36508634,DEC,C36508634
DEC_C36515386,DEC,C36515386
DEC_C36522242,DEC,C36522242
DEC_C36526777,DEC,C36526777
DEC_C36526780,DEC,C36526780
DEC_C36540840,DEC,C36540840
DEC_C36541335,DEC,C36541335
DEC_C36563216,DEC,C36563216
DEC_C36583028,DEC,C36583028
DEC_C36590305,DEC,C36590305
DEC_C36753954,DEC,C36753954
DEC_C39915888,DEC,C39915888
DEC_C39915891,DEC,C39915891
DEC_C39915919,DEC,C39915919
DEC_C40549429,DEC,C40549429
DEC_C43553911,DEC,C43553911
DEC_C46773272,DEC,C46773272
DEC_C36610263,DEC,C36610263
DEC_C13031550,DEC,C13031550
DEC_C13031554,DEC,C13031554
DEC_C58556459,DEC,C58556459
DEC_C59110221,DEC,C59110221
DEC_C59110222,DEC,C59110222
DEC_C59114012,DEC,C59114012
DEC_C16809569,DEC,C16809569
DEC_C05123669,DEC,C05123669
DEC_C05730046,DEC,C05730046
DEC_C06287700,DEC,C06287700
DEC_C07040177,DEC,C07040177
DEC_C07746405,DEC,C07746405
DEC_C03434481,DEC,C03434481
DEC_C06473259,DEC,C06473259
DEC_C14222476,DEC,C14222476
DEC_C16603596,DEC,C16603596
DEC_C21713501,DEC,C21713501
DEC_C21714845,DEC,C21714845
DEC_C25511425,DEC,C25511425
DEC_C31973147,DEC,C31973147
DEC_C32812694,DEC,C32812694
DEC_C34942844,DEC,C34942844
DEC_C37352154,DEC,C37352154
DEC_C03448329,DEC,C03448329
DEC_C38498696,DEC,C38498696
DEC_C38771310,DEC,C38771310
DEC_C39500980,DEC,C39500980
DEC_C39567250,DEC,C39567250
DEC_C39586617,DEC,C39586617
DEC_C41530601,DEC,C41530601
DEC_C44195290,DEC,C44195290
DEC_C45738666,DEC,C45738666
DEC_C48126935,DEC,C48126935
DEC_C48550971,DEC,C48550971
DEC_C49683742,DEC,C49683742
DEC_C49778606,DEC,C49778606
DEC_C49922912,DEC,C49922912
DEC_C51717776,DEC,C51717776
DEC_C52098142,DEC,C52098142
DEC_C54472117,DEC,C54472117
DEC_C57844579,DEC,C57844579
DEC_C58418168,DEC,C58418168
DEC_C32416845,DEC,C32416845
DEC_C59158986,DEC,C59158986
DEC_C36635366,DEC,C36635366
DEC_C61863884,DEC,C61863884
DEC_C63887860,DEC,C63887860
DEC_C64030157,DEC,C64030157
DEC_C58282093,DEC,C58282093
DEC_C58432529,DEC,C58432529
DEC_C66068050,DEC,C66068050
DEC_C66382480,DEC,C66382480
DEC_C66674988,DEC,C66674988
DEC_C66767589,DEC,C66767589
DEC_C67011979,DEC,C67011979
DEC_C67039884,DEC,C67039884
DEC_C67084348,DEC,C67084348
DEC_C03400432,DEC,C03400432
DEC_C01360538,DEC,C01360538
DEC_C04902902,DEC,C04902902
DEC_C04967467,DEC,C04967467
DEC_C05109384,DEC,C05109384
DEC_C03382329,DEC,C03382329
DEC_C03446573,DEC,C03446573
DEC_C05285049,DEC,C05285049
DEC_C03497838,DEC,C03497838
DEC_C08312326,DEC,C08312326
DEC_C09939768,DEC,C09939768
DEC_C10402932,DEC,C10402932
DEC_C11033427,DEC,C11033427
DEC_C11621594,DEC,C11621594
DEC_C11709946,DEC,C11709946
DEC_C12520260,DEC,C12520260
DEC_C14186617,DEC,C14186617
DEC_C16088937,DEC,C16088937
DEC_C20821381,DEC,C20821381
DEC_C35622463,DEC,C35622463
DEC_C36360011,DEC,C36360011
DEC_C40061820,DEC,C40061820
DEC_C41025801,DEC,C41025801
DEC_C41025849,DEC,C41025849
DEC_C44191981,DEC,C44191981
DEC_C11341460,DEC,C11341460
DEC_C50933992,DEC,C50933992
DEC_C52914297,DEC,C52914297
DEC_C53126685,DEC,C53126685
DEC_C57342438,DEC,C57342438
DEC_C54216505,DEC,C54216505
DEC_C31302219,DEC,C31302219
DEC_C58513547,DEC,C58513547
DEC_C42180161,DEC,C42180161
DEC_C59477668,DEC,C59477668
DEC_C60811772,DEC,C60811772
DEC_C63186964,DEC,C63186964
DEC_C63524028,DEC,C63524028
DEC_C63653417,DEC,C63653417
DEC_C64679378,DEC,C64679378
DEC_C64755295,DEC,C64755295
DEC_C65257744,DEC,C65257744
DEC_C65942794,DEC,C65942794
DEC_C66278217,DEC,C66278217
DEC_C66369863,DEC,C66369863
DEC_C67072459,DEC,C67072459
DEC_C67119865,DEC,C67119865
DEC_C67511971,DEC,C67511971
DEC_C67648666,DEC,C67648666
DEC_C67649064,DEC,C67649064
DEC_C04190913,DEC,C04190913
DEC_C08630017,DEC,C08630017
DEC_C09018450,DEC,C09018450
DEC_C09218988,DEC,C09218988
DEC_C09316508,DEC,C09316508
DEC_C10556415,DEC,C10556415
DEC_C10858281,DEC,C10858281
DEC_C11137095,DEC,C11137095
DEC_C11288812,DEC,C11288812
DEC_C03444052,DEC,C03444052
DEC_C11681682,DEC,C11681682
DEC_C12779931,DEC,C12779931
DEC_C12812548,DEC,C12812548
DEC_C13039534,DEC,C13039534
DEC_C12543002,DEC,C12543002
DEC_C14034002,DEC,C14034002
DEC_C14038062,DEC,C14038062
DEC_C14274376,DEC,C14274376
DEC_C14974195,DEC,C14974195
DEC_C15224945,DEC,C15224945
DEC_C15802486,DEC,C15802486
DEC_C15947306,DEC,C15947306
DEC_C17244863,DEC,C17244863
DEC_C18071688,DEC,C18071688
DEC_C19417536,DEC,C19417536
DEC_C19928890,DEC,C19928890
DEC_C04624807,DEC,C04624807
DEC_C20561439,DEC,C20561439
DEC_C21178601,DEC,C21178601
DEC_C21467522,DEC,C21467522
DEC_C22133472,DEC,C22133472
DEC_C24890696,DEC,C24890696
DEC_C32859584,DEC,C32859584
DEC_C32906253,DEC,C32906253
DEC_C33128798,DEC,C33128798
DEC_C35266229,DEC,C35266229
DEC_C36001544,DEC,C36001544
DEC_C36016866,DEC,C36016866
DEC_C36504758,DEC,C36504758
DEC_C36537078,DEC,C36537078
DEC_C36537328,DEC,C36537328
DEC_C36593764,DEC,C36593764
DEC_C36597318,DEC,C36597318
DEC_C08598471,DEC,C08598471
DEC_C19852613,DEC,C19852613
DEC_C39578166,DEC,C39578166
DEC_C39620027,DEC,C39620027
DEC_C16400168,DEC,C16400168
DEC_C14160191,DEC,C14160191
DEC_C16794572,DEC,C16794572
DEC_C03450477,DEC,C03450477
DEC_C02290382,DEC,C02290382
DEC_C04888238,DEC,C04888238
DEC_C06241555,DEC,C06241555
DEC_C13453997,DEC,C13453997
DEC_C15223130,DEC,C15223130
DEC_C20530011,DEC,C20530011
DEC_C20807035,DEC,C20807035
DEC_C21323302,DEC,C21323302
DEC_C22034758,DEC,C22034758
DEC_C24726410,DEC,C24726410
DEC_C25283326,DEC,C25283326
DEC_C28349873,DEC,C28349873
DEC_C29222010,DEC,C29222010
DEC_C22111751,DEC,C22111751
DEC_C41627512,DEC,C41627512
DEC_C43793303,DEC,C43793303
DEC_C44024144,DEC,C44024144
DEC_C44807448,DEC,C44807448
DEC_C45454770,DEC,C45454770
DEC_C46028215,DEC,C46028215
DEC_C49160196,DEC,C49160196
DEC_C49399120,DEC,C49399120
DEC_C52073657,DEC,C52073657
DEC_C53447087,DEC,C53447087
DEC_C39583691,DEC,C39583691
DEC_C54887534,DEC,C54887534
DEC_C55258531,DEC,C55258531
DEC_C57143678,DEC,C57143678
DEC_C57220276,DEC,C57220276
DEC_C05051883,DEC,C05051883
DEC_C21665515,DEC,C21665515
DEC_C20834814,DEC,C20834814
DEC_C62197886,DEC,C62197886
DEC_C63161711,DEC,C63161711
DEC_C64939074,DEC,C64939074
DEC_C65413108,DEC,C65413108
DEC_C65437841,DEC,C65437841
DEC_C65521329,DEC,C65521329
DEC_C20115179,DEC,C20115179
DEC_C66405575,DEC,C66405575
DEC_C66675525,DEC,C66675525
DEC_C66683063,DEC,C66683063
DEC_C66686098,DEC,C66686098
DEC_C66909067,DEC,C66909067
DEC_C66929663,DEC,C66929663
DEC_C67060994,DEC,C67060994
DEC_C67263222,DEC,C67263222
DEC_C67312552,DEC,C67312552
DEC_C67615130,DEC,C67615130
DEC_C04711068,DEC,C04711068
DEC_C01366174,DEC,C01366174
DEC_C05027611,DEC,C05027611
DEC_C05208955,DEC,C05208955
DEC_C05352382,DEC,C05352382
DEC_C02869134,DEC,C02869134
DEC_C06800949,DEC,C06800949
DEC_C08060963,DEC,C08060963
DEC_C09225290,DEC,C09225290
DEC_C10756459,DEC,C10756459
DEC_C10756480,DEC,C10756480
DEC_C11197555,DEC,C11197555
DEC_C12150014,DEC,C12150014
DEC_C12283143,DEC,C12283143
DEC_C12419665,DEC,C12419665
DEC_C12758424,DEC,C12758424
DEC_C05641516,DEC,C05641516
DEC_C00318502,DEC,C00318502
DEC_C16331173,DEC,C16331173
DEC_C20363248,DEC,C20363248
DEC_C21209963,DEC,C21209963
DEC_C09723196,DEC,C09723196
DEC_C24937026,DEC,C24937026
DEC_C25151571,DEC,C25151571
DEC_C26129839,DEC,C26129839
DEC_C27809446,DEC,C27809446
DEC_C02908849,DEC,C02908849
DEC_C04101488,DEC,C04101488
DEC_C39562760,DEC,C39562760
DEC_C09501698,DEC,C09501698
DEC_C40142609,DEC,C40142609
DEC_C41643533,DEC,C41643533
DEC_C42108631,DEC,C42108631
DEC_C43150530,DEC,C43150530
DEC_C44790189,DEC,C44790189
DEC_C44953805,DEC,C44953805
DEC_C47354583,DEC,C47354583
DEC_C50448340,DEC,C50448340
DEC_C54731486,DEC,C54731486
DEC_C06210834,DEC,C06210834
DEC_C58197764,DEC,C58197764
DEC_C58201279,DEC,C58201279
DEC_C59883041,DEC,C59883041
DEC_C60366692,DEC,C60366692
DEC_C62580597,DEC,C62580597
DEC_C63932317,DEC,C63932317
DEC_C45454674,DEC,C45454674
DEC_C65847671,DEC,C65847671
DEC_C66598168,DEC,C66598168
DEC_C67535787,DEC,C67535787
DEC_C05028181,DEC,C05028181
DEC_C05692941,DEC,C05692941
DEC_C05689647,DEC,C05689647
DEC_C02794293,DEC,C02794293
DEC_C02794135,DEC,C02794135
DEC_C07594246,DEC,C07594246
DEC_C07594481,DEC,C07594481
DEC_C03576710,DEC,C03576710
DEC_C09315305,DEC,C09315305
DEC_C11999216,DEC,C11999216
DEC_C12414916,DEC,C12414916
DEC_C12751585,DEC,C12751585
DEC_C14352310,DEC,C14352310
DEC_C14132374,DEC,C14132374
DEC_C16710249,DEC,C16710249
DEC_C19078160,DEC,C19078160
DEC_C20136091,DEC,C20136091
DEC_C21510266,DEC,C21510266
DEC_C21540904,DEC,C21540904
DEC_C22990593,DEC,C22990593
DEC_C23700314,DEC,C23700314
DEC_C29132256,DEC,C29132256
DEC_C29403194,DEC,C29403194
DEC_C03303107,DEC,C03303107
DEC_C38934347,DEC,C38934347
DEC_C39462405,DEC,C39462405
DEC_C39587027,DEC,C39587027
DEC_C39939296,DEC,C39939296
DEC_C04807548,DEC,C04807548
DEC_C42986616,DEC,C42986616
DEC_C47963059,DEC,C47963059
DEC_C49007502,DEC,C49007502
DEC_C17832027,DEC,C17832027
DEC_C18209061,DEC,C18209061
DEC_C18209371,DEC,C18209371
DEC_C56860256,DEC,C56860256
DEC_C32178289,DEC,C32178289
DEC_C26865367,DEC,C26865367
DEC_C58410184,DEC,C58410184
DEC_C59681803,DEC,C59681803
DEC_C62022787,DEC,C62022787
DEC_C62158877,DEC,C62158877
DEC_C62165031,DEC,C62165031
DEC_C63910819,DEC,C63910819
DEC_C63985128,DEC,C63985128
DEC_C65246362,DEC,C65246362
DEC_C66358670,DEC,C66358670
DEC_C66647497,DEC,C66647497
DEC_C66687262,DEC,C66687262
DEC_C67072930,DEC,C67072930
DEC_C04937118,DEC,C04937118
DEC_C05052194,DEC,C05052194
DEC_C04382828,DEC,C04382828
DEC_C29494406,DEC,C29494406
DEC_C05591994,DEC,C05591994
DEC_C41624461,DEC,C41624461
DEC_C43064644,DEC,C43064644
DEC_C46279712,DEC,C46279712
DEC_C46342305,DEC,C46342305
DEC_C46421939,DEC,C46421939
DEC_C46905775,DEC,C46905775
DEC_C46905837,DEC,C46905837
DEC_C46950428,DEC,C46950428
DEC_C04355530,DEC,C04355530
DEC_C03350568,DEC,C03350568
DEC_C54479474,DEC,C54479474
DEC_C54727007,DEC,C54727007
DEC_C63162068,DEC,C63162068
DEC_C64806210,DEC,C64806210
DEC_C65133920,DEC,C65133920
DEC_C65360131,DEC,C65360131
DEC_C65365285,DEC,C65365285
DEC_C65933126,DEC,C65933126
DEC_C65988965,DEC,C65988965
DEC_C66152755,DEC,C66152755
DEC_C66213058,DEC,C66213058
DEC_C66214462,DEC,C66214462
DEC_C66242281,DEC,C66242281
DEC_C66327028,DEC,C66327028
DEC_C66402792,DEC,C66402792
DEC_C66593800,DEC,C66593800
DEC_C66597539,DEC,C66597539
DEC_C66682310,DEC,C66682310
DEC_C67163484,DEC,C67163484
DEC_C67163485,DEC,C67163485
DEC_C67237555,DEC,C67237555
DEC_C67390126,DEC,C67390126
DEC_C67390736,DEC,C67390736
DEC_C67407800,DEC,C67407800
DEC_C67408030,DEC,C67408030
DEC_C67410131,DEC,C67410131
DEC_C67412452,DEC,C67412452
DEC_C67420625,DEC,C67420625
DEC_C67456857,DEC,C67456857
DEC_C67610390,DEC,C67610390
DEC_C67626970,DEC,C67626970
DEC_C67630026,DEC,C67630026
DEC_C67631904,DEC,C67631904
DEC_C67632321,DEC,C67632321
DEC_C67633529,DEC,C67633529
DEC_C04562682,DEC,C04562682
DEC_C01465213,DEC,C01465213
DEC_C05634349,DEC,C05634349
DEC_C06550464,DEC,C06550464
DEC_C07723742,DEC,C07723742
DEC_C10659868,DEC,C10659868
DEC_C11522208,DEC,C11522208
DEC_C14937982,DEC,C14937982
DEC_C15761724,DEC,C15761724
DEC_C16782338,DEC,C16782338
DEC_C16808232,DEC,C16808232
DEC_C27790190,DEC,C27790190
DEC_C29208290,DEC,C29208290
DEC_C07268748,DEC,C07268748
DEC_C40981981,DEC,C40981981
DEC_C41962129,DEC,C41962129
DEC_C42930316,DEC,C42930316
DEC_C43043309,DEC,C43043309
DEC_C46155518,DEC,C46155518
DEC_C48650794,DEC,C48650794
DEC_C56604414,DEC,C56604414
DEC_C56644129,DEC,C56644129
DEC_C56739108,DEC,C56739108
DEC_C56744931,DEC,C56744931
DEC_C57245009,DEC,C57245009
DEC_C03528700,DEC,C03528700
DEC_C57857014,DEC,C57857014
DEC_C25608750,DEC,C25608750
DEC_C58161915,DEC,C58161915
DEC_C59814576,DEC,C59814576
DEC_C08391228,DEC,C08391228
DEC_C63312091,DEC,C63312091
DEC_C64374222,DEC,C64374222
DEC_C65004020,DEC,C65004020
DEC_C65144213,DEC,C65144213
DEC_C65193520,DEC,C65193520
DEC_C65204903,DEC,C65204903
DEC_C65504094,DEC,C65504094
DEC_C65722566,DEC,C65722566
DEC_C66555970,DEC,C66555970
DEC_C66661108,DEC,C66661108
DEC_C66684495,DEC,C66684495
DEC_C66782964,DEC,C66782964
DEC_C67042794,DEC,C67042794
DEC_C67061785,DEC,C67061785
DEC_C67164850,DEC,C67164850
DEC_C67383531,DEC,C67383531
DEC_C67384682,DEC,C67384682
DEC_C67388296,DEC,C67388296
DEC_C67630555,DEC,C67630555
DEC_C08734795,DEC,C08734795
DEC_C11664309,DEC,C11664309
DEC_C11874583,DEC,C11874583
DEC_C12586052,DEC,C12586052
DEC_C13594499,DEC,C13594499
DEC_C21981361,DEC,C21981361
DEC_C24879984,DEC,C24879984
DEC_C30566871,DEC,C30566871
DEC_C35990923,DEC,C35990923
DEC_C14981437,DEC,C14981437
DEC_C39350638,DEC,C39350638
DEC_C40154236,DEC,C40154236
DEC_C41639417,DEC,C41639417
DEC_C44334208,DEC,C44334208
DEC_C45820491,DEC,C45820491
DEC_C46347259,DEC,C46347259
DEC_C46586719,DEC,C46586719
DEC_C53574761,DEC,C53574761
DEC_C54945596,DEC,C54945596
DEC_C54947075,DEC,C54947075
DEC_C54947135,DEC,C54947135
DEC_C56735087,DEC,C56735087
DEC_C06995922,DEC,C06995922
DEC_C58045157,DEC,C58045157
DEC_C58264958,DEC,C58264958
DEC_C47871854,DEC,C47871854
DEC_C17793675,DEC,C17793675
DEC_C50168522,DEC,C50168522
DEC_C48996847,DEC,C48996847
DEC_C62177786,DEC,C62177786
DEC_C62520689,DEC,C62520689
DEC_C52529949,DEC,C52529949
DEC_C63359720,DEC,C63359720
DEC_C63816126,DEC,C63816126
DEC_C64137638,DEC,C64137638
DEC_C64246406,DEC,C64246406
DEC_C65601847,DEC,C65601847
DEC_C65638275,DEC,C65638275
DEC_C66189447,DEC,C66189447
DEC_C66357296,DEC,C66357296
DEC_C66473402,DEC,C66473402
DEC_C66474414,DEC,C66474414
DEC_C66701883,DEC,C66701883
DEC_C66978695,DEC,C66978695
DEC_C67186246,DEC,C67186246
DEC_C67287758,DEC,C67287758
DEC_C67318049,DEC,C67318049
DEC_C67392832,DEC,C67392832
DEC_C67397859,DEC,C67397859
DEC_C67622807,DEC,C67622807
DEC_C04366350,DEC,C04366350
DEC_C03665904,DEC,C03665904
DEC_C02908146,DEC,C02908146
DEC_C05302507,DEC,C05302507
DEC_C05484674,DEC,C05484674
DEC_C00568498,DEC,C00568498
DEC_C05687574,DEC,C05687574
DEC_C07022716,DEC,C07022716
DEC_C07272205,DEC,C07272205
DEC_C11162903,DEC,C11162903
DEC_C11749933,DEC,C11749933
DEC_C05920972,DEC,C05920972
DEC_C13747297,DEC,C13747297
DEC_C18009047,DEC,C18009047
DEC_C28888554,DEC,C28888554
DEC_C36995946,DEC,C36995946
DEC_C37077859,DEC,C37077859
DEC_C00119102,DEC,C00119102
DEC_C00132096,DEC,C00132096
DEC_C39320617,DEC,C39320617
DEC_C40733429,DEC,C40733429
DEC_C42805683,DEC,C42805683
DEC_C43042323,DEC,C43042323
DEC_C43140159,DEC,C43140159
DEC_C43434213,DEC,C43434213
DEC_C43913107,DEC,C43913107
DEC_C48255929,DEC,C48255929
DEC_C49152223,DEC,C49152223
DEC_C49164445,DEC,C49164445
DEC_C04365187,DEC,C04365187
DEC_C51145425,DEC,C51145425
DEC_C51148784,DEC,C51148784
DEC_C54420692,DEC,C54420692
DEC_C55154851,DEC,C55154851
DEC_C55647478,DEC,C55647478
DEC_C55890491,DEC,C55890491
DEC_C60343517,DEC,C60343517
DEC_C63130601,DEC,C63130601
DEC_C63130695,DEC,C63130695
DEC_C63390588,DEC,C63390588
DEC_C63889915,DEC,C63889915
DEC_C64424957,DEC,C64424957
DEC_C65148075,DEC,C65148075
DEC_C66106774,DEC,C66106774
DEC_C66136132,DEC,C66136132
DEC_C20115370,DEC,C20115370
DEC_C67044502,DEC,C67044502
DEC_C67301310,DEC,C67301310
DEC_C67463790,DEC,C67463790
DEC_C67463796,DEC,C67463796
DEC_C04017376,DEC,C04017376
DEC_C04590986,DEC,C04590986
DEC_C06093693,DEC,C06093693
DEC_C02251146,DEC,C02251146
DEC_C09441453,DEC,C09441453
DEC_C09836167,DEC,C09836167
DEC_C10296106,DEC,C10296106
DEC_C10670124,DEC,C10670124
DEC_C10683664,DEC,C10683664
DEC_C11439296,DEC,C11439296
DEC_C12739237,DEC,C12739237
DEC_C05407953,DEC,C05407953
DEC_C13856464,DEC,C13856464
DEC_C13976649,DEC,C13976649
DEC_C13981182,DEC,C13981182
DEC_C14031239,DEC,C14031239
DEC_C14035312,DEC,C14035312
DEC_C14041885,DEC,C14041885
DEC_C14273313,DEC,C14273313
DEC_C14660689,DEC,C14660689
DEC_C02472333,DEC,C02472333
DEC_C20331306,DEC,C20331306
DEC_C21336040,DEC,C21336040
DEC_C23064915,DEC,C23064915
DEC_C27643458,DEC,C27643458
DEC_C28294156,DEC,C28294156
DEC_C34906258,DEC,C34906258
DEC_C34906270,DEC,C34906270
DEC_C35712403,DEC,C35712403
DEC_C36500778,DEC,C36500778
DEC_C36595314,DEC,C36595314
DEC_C36597524,DEC,C36597524
DEC_C36597544,DEC,C36597544
DEC_C13000236,DEC,C13000236
DEC_C24271327,DEC,C24271327
DEC_C40705778,DEC,C40705778
DEC_C40986897,DEC,C40986897
DEC_C45353204,DEC,C45353204
DEC_C46914463,DEC,C46914463
DEC_C35946403,DEC,C35946403
DEC_C58301938,DEC,C58301938
DEC_C58634267,DEC,C58634267
DEC_C59016251,DEC,C59016251
DEC_C59016336,DEC,C59016336
DEC_C59021224,DEC,C59021224
DEC_C59427662,DEC,C59427662
DEC_C59806714,DEC,C59806714
DEC_C60348373,DEC,C60348373
DEC_C60374689,DEC,C60374689
DEC_C66227114,DEC,C66227114
DEC_C04128356,DEC,C04128356
DEC_C05145354,DEC,C05145354
DEC_C05961362,DEC,C05961362
DEC_C06860861,DEC,C06860861
DEC_C08722685,DEC,C08722685
DEC_C09246429,DEC,C09246429
DEC_C10401610,DEC,C10401610
DEC_C11500823,DEC,C11500823
DEC_C12394827,DEC,C12394827
DEC_C12573929,DEC,C12573929
DEC_C12803919,DEC,C12803919
DEC_C09745460,DEC,C09745460
DEC_C14623578,DEC,C14623578
DEC_C14624293,DEC,C14624293
DEC_C16204537,DEC,C16204537
DEC_C16915901,DEC,C16915901
DEC_C20904975,DEC,C20904975
DEC_C22737519,DEC,C22737519
DEC_C23044836,DEC,C23044836
DEC_C23062762,DEC,C23062762
DEC_C24982199,DEC,C24982199
DEC_C26372041,DEC,C26372041
DEC_C12908426,DEC,C12908426
DEC_C40051280,DEC,C40051280
DEC_C40598851,DEC,C40598851
DEC_C44248145,DEC,C44248145
DEC_C44805132,DEC,C44805132
DEC_C45159965,DEC,C45159965
DEC_C07629083,DEC,C07629083
DEC_C45632053,DEC,C45632053
DEC_C46658264,DEC,C46658264
DEC_C48373962,DEC,C48373962
DEC_C51714742,DEC,C51714742
DEC_C26122072,DEC,C26122072
DEC_C10450611,DEC,C10450611
DEC_C59817473,DEC,C59817473
DEC_C60210842,DEC,C60210842
DEC_C60318230,DEC,C60318230
DEC_C61357218,DEC,C61357218
DEC_C62213480,DEC,C62213480
DEC_C64320551,DEC,C64320551
DEC_C65134132,DEC,C65134132
DEC_C65191038,DEC,C65191038
DEC_C65470173,DEC,C65470173
DEC_C65507775,DEC,C65507775
DEC_C67157472,DEC,C67157472
DEC_C67476716,DEC,C67476716
DEC_C67493049,DEC,C67493049
DEC_C41836553,DEC,C41836553
DEC_C67645557,DEC,C67645557
DEC_C04375667,DEC,C04375667
DEC_C04499604,DEC,C04499604
DEC_C04574505,DEC,C04574505
DEC_C09322590,DEC,C09322590
DEC_C09162718,DEC,C09162718
DEC_C10043893,DEC,C10043893
DEC_C11351021,DEC,C11351021
DEC_C11459307,DEC,C11459307
DEC_C11459691,DEC,C11459691
DEC_C12342441,DEC,C12342441
DEC_C12463385,DEC,C12463385
DEC_C12502899,DEC,C12502899
DEC_C01222994,DEC,C01222994
DEC_C13621148,DEC,C13621148
DEC_C13979045,DEC,C13979045
DEC_C14158914,DEC,C14158914
DEC_C14246800,DEC,C14246800
DEC_C15218692,DEC,C15218692
DEC_C15321281,DEC,C15321281
DEC_C15551924,DEC,C15551924
DEC_C20906909,DEC,C20906909
DEC_C20912367,DEC,C20912367
DEC_C21040598,DEC,C21040598
DEC_C23007573,DEC,C23007573
DEC_C23357637,DEC,C23357637
DEC_C24956410,DEC,C24956410
DEC_C25529682,DEC,C25529682
DEC_C25678873,DEC,C25678873
DEC_C28360386,DEC,C28360386
DEC_C13976191,DEC,C13976191
DEC_C36506683,DEC,C36506683
DEC_C36520897,DEC,C36520897
DEC_C01950139,DEC,C01950139
DEC_C45481277,DEC,C45481277
DEC_C45764404,DEC,C45764404
DEC_C45873047,DEC,C45873047
DEC_C47056745,DEC,C47056745
DEC_C36603810,DEC,C36603810
DEC_C12342442,DEC,C12342442
DEC_C16182362,DEC,C16182362
DEC_C58236067,DEC,C58236067
DEC_C58821864,DEC,C58821864
DEC_C58997977,DEC,C58997977
DEC_C58998229,DEC,C58998229
DEC_C58998291,DEC,C58998291
DEC_C59018497,DEC,C59018497
DEC_C59830337,DEC,C59830337
DEC_C66086818,DEC,C66086818
DEC_C66088020,DEC,C66088020
DEC_C66110934,DEC,C66110934
DEC_C04017678,DEC,C04017678
DEC_C03014168,DEC,C03014168
DEC_C01117368,DEC,C01117368
DEC_C10443999,DEC,C10443999
DEC_C11388713,DEC,C11388713
DEC_C12382746,DEC,C12382746
DEC_C12411050,DEC,C12411050
DEC_C12502375,DEC,C12502375
DEC_C12574038,DEC,C12574038
DEC_C09491405,DEC,C09491405
DEC_C13946306,DEC,C13946306
DEC_C14042202,DEC,C14042202
DEC_C14146913,DEC,C14146913
DEC_C14199232,DEC,C14199232
DEC_C14510558,DEC,C14510558
DEC_C14663717,DEC,C14663717
DEC_C14669868,DEC,C14669868
DEC_C14720645,DEC,C14720645
DEC_C15799356,DEC,C15799356
DEC_C16072601,DEC,C16072601
DEC_C16552117,DEC,C16552117
DEC_C18101974,DEC,C18101974
DEC_C18951478,DEC,C18951478
DEC_C19639895,DEC,C19639895
DEC_C20220642,DEC,C20220642
DEC_C21077545,DEC,C21077545
DEC_C21141407,DEC,C21141407
DEC_C21605469,DEC,C21605469
DEC_C24270365,DEC,C24270365
DEC_C03158712,DEC,C03158712
DEC_C27308261,DEC,C27308261
DEC_C29568415,DEC,C29568415
DEC_C32442700,DEC,C32442700
DEC_C33021693,DEC,C33021693
DEC_C33154863,DEC,C33154863
DEC_C18322948,DEC,C18322948
DEC_C34906329,DEC,C34906329
DEC_C35266406,DEC,C35266406
DEC_C35620742,DEC,C35620742
DEC_C36490721,DEC,C36490721
DEC_C36500793,DEC,C36500793
DEC_C36597650,DEC,C36597650
DEC_C39549110,DEC,C39549110
DEC_C40011625,DEC,C40011625
DEC_C45540866,DEC,C45540866
DEC_C46544587,DEC,C46544587
DEC_C46747771,DEC,C46747771
DEC_C46794937,DEC,C46794937
DEC_C59816596,DEC,C59816596
DEC_C60374718,DEC,C60374718
DEC_C04086379,DEC,C04086379
DEC_C04251620,DEC,C04251620
DEC_C04356150,DEC,C04356150
DEC_C04672946,DEC,C04672946
DEC_C04861026,DEC,C04861026
DEC_C04967707,DEC,C04967707
DEC_C04453526,DEC,C04453526
DEC_C08230002,DEC,C08230002
DEC_C08734974,DEC,C08734974
DEC_C10610685,DEC,C10610685
DEC_C12496946,DEC,C12496946
DEC_C12497487,DEC,C12497487
DEC_C13651287,DEC,C13651287
DEC_C15730840,DEC,C15730840
DEC_C19236276,DEC,C19236276
DEC_C24848059,DEC,C24848059
DEC_C37286009,DEC,C37286009
DEC_C01846044,DEC,C01846044
DEC_C04885372,DEC,C04885372
DEC_C04885455,DEC,C04885455
DEC_C19460559,DEC,C19460559
DEC_C38554284,DEC,C38554284
DEC_C38554545,DEC,C38554545
DEC_C38889644,DEC,C38889644
DEC_C39409720,DEC,C39409720
DEC_C39447656,DEC,C39447656
DEC_C39725196,DEC,C39725196
DEC_C39935158,DEC,C39935158
DEC_C39980677,DEC,C39980677
DEC_C39981108,DEC,C39981108
DEC_C39981126,DEC,C39981126
DEC_C43495066,DEC,C43495066
DEC_C45848662,DEC,C45848662
DEC_C45968130,DEC,C45968130
DEC_C55874852,DEC,C55874852
DEC_C12849209,DEC,C12849209
DEC_C13450451,DEC,C13450451
DEC_C46718887,DEC,C46718887
DEC_C39932188,DEC,C39932188
DEC_C63234496,DEC,C63234496
DEC_C63458017,DEC,C63458017
DEC_C63560258,DEC,C63560258
DEC_C63561713,DEC,C63561713
DEC_C64128793,DEC,C64128793
DEC_C64202531,DEC,C64202531
DEC_C65356935,DEC,C65356935
DEC_C65478449,DEC,C65478449
DEC_C66174502,DEC,C66174502
DEC_C66437542,DEC,C66437542
DEC_C67413101,DEC,C67413101
DEC_C03301521,DEC,C03301521
DEC_C06933844,DEC,C06933844
DEC_C20431573,DEC,C20431573
DEC_C21016296,DEC,C21016296
DEC_C35364866,DEC,C35364866
DEC_C35364867,DEC,C35364867
DEC_C36797421,DEC,C36797421
DEC_C36797433,DEC,C36797433
DEC_C37021119,DEC,C37021119
DEC_C37615484,DEC,C37615484
DEC_C38075964,DEC,C38075964
DEC_C38089067,DEC,C38089067
DEC_C40464530,DEC,C40464530
DEC_C40468406,DEC,C40468406
DEC_C40621328,DEC,C40621328
DEC_C42427217,DEC,C42427217
DEC_C42910392,DEC,C42910392
DEC_C43407550,DEC,C43407550
DEC_C43794163,DEC,C43794163
DEC_C44680585,DEC,C44680585
DEC_C44784407,DEC,C44784407
DEC_C44784499,DEC,C44784499
DEC_C44785487,DEC,C44785487
DEC_C44786223,DEC,C44786223
DEC_C44793078,DEC,C44793078
DEC_C44793081,DEC,C44793081
DEC_C44802941,DEC,C44802941
DEC_C45088085,DEC,C45088085
DEC_C48575004,DEC,C48575004
DEC_C49570824,DEC,C49570824
DEC_C49688311,DEC,C49688311
DEC_C50224275,DEC,C50224275
DEC_C50471897,DEC,C50471897
DEC_C51036575,DEC,C51036575
DEC_C51144596,DEC,C51144596
DEC_C57288304,DEC,C57288304
DEC_C58003282,DEC,C58003282
DEC_C61806997,DEC,C61806997
DEC_C62747015,DEC,C62747015
DEC_C62804405,DEC,C62804405
DEC_C62804927,DEC,C62804927
DEC_C62840274,DEC,C62840274
DEC_C62998285,DEC,C62998285
DEC_C63171583,DEC,C63171583
DEC_C63195388,DEC,C63195388
DEC_C63213553,DEC,C63213553
DEC_C63802968,DEC,C63802968
DEC_C63805175,DEC,C63805175
DEC_C66776289,DEC,C66776289
DEC_C67483777,DEC,C67483777
DEC_C09315913,DEC,C09315913
DEC_C10667711,DEC,C10667711
DEC_C11737030,DEC,C11737030
DEC_C19791832,DEC,C19791832
DEC_C19974064,DEC,C19974064
DEC_C03535324,DEC,C03535324
DEC_C36816512,DEC,C36816512
DEC_C36861861,DEC,C36861861
DEC_C37488229,DEC,C37488229
DEC_C39957276,DEC,C39957276
DEC_C40291919,DEC,C40291919
DEC_C40291929,DEC,C40291929
DEC_C40291930,DEC,C40291930
DEC_C40307515,DEC,C40307515
DEC_C40369228,DEC,C40369228
DEC_C41099811,DEC,C41099811
DEC_C42458529,DEC,C42458529
DEC_C42946038,DEC,C42946038
DEC_C43596530,DEC,C43596530
DEC_C44927850,DEC,C44927850
DEC_C07204497,DEC,C07204497
DEC_C45508747,DEC,C45508747
DEC_C45631253,DEC,C45631253
DEC_C47451440,DEC,C47451440
DEC_C48833539,DEC,C48833539
DEC_C48855154,DEC,C48855154
DEC_C48949366,DEC,C48949366
DEC_C49063824,DEC,C49063824
DEC_C49143747,DEC,C49143747
DEC_C49143755,DEC,C49143755
DEC_C49351883,DEC,C49351883
DEC_C49479079,DEC,C49479079
DEC_C49508413,DEC,C49508413
DEC_C50323095,DEC,C50323095
DEC_C51147800,DEC,C51147800
DEC_C52840518,DEC,C52840518
DEC_C54075932,DEC,C54075932
DEC_C10117309,DEC,C10117309
DEC_C55022891,DEC,C55022891
DEC_C48750244,DEC,C48750244
DEC_C56371026,DEC,C56371026
DEC_C42879783,DEC,C42879783
DEC_C61320732,DEC,C61320732
DEC_C61678220,DEC,C61678220
DEC_C62828372,DEC,C62828372
DEC_C63090032,DEC,C63090032
DEC_C63102744,DEC,C63102744
DEC_C64718320,DEC,C64718320
DEC_C65136714,DEC,C65136714
DEC_C65578504,DEC,C65578504
DEC_C04090395,DEC,C04090395
DEC_C01168896,DEC,C01168896
DEC_C07005583,DEC,C07005583
DEC_C03600596,DEC,C03600596
DEC_C07077896,DEC,C07077896
DEC_C08323827,DEC,C08323827
DEC_C08323829,DEC,C08323829
DEC_C08560024,DEC,C08560024
DEC_C08890334,DEC,C08890334
DEC_C09501896,DEC,C09501896
DEC_C12792580,DEC,C12792580
DEC_C15319860,DEC,C15319860
DEC_C20899064,DEC,C20899064
DEC_C22058780,DEC,C22058780
DEC_C14118389,DEC,C14118389
DEC_C34695726,DEC,C34695726
DEC_C04038546,DEC,C04038546
DEC_C17436273,DEC,C17436273
DEC_C38710168,DEC,C38710168
DEC_C38747845,DEC,C38747845
DEC_C38909590,DEC,C38909590
DEC_C39449725,DEC,C39449725
DEC_C39449909,DEC,C39449909
DEC_C39451255,DEC,C39451255
DEC_C39479485,DEC,C39479485
DEC_C39888533,DEC,C39888533
DEC_C21625836,DEC,C21625836
DEC_C43965051,DEC,C43965051
DEC_C49662126,DEC,C49662126
DEC_C16009743,DEC,C16009743
DEC_C57147593,DEC,C57147593
DEC_C33912079,DEC,C33912079
DEC_C04287753,DEC,C04287753
DEC_C05680465,DEC,C05680465
DEC_C06679380,DEC,C06679380
DEC_C60240587,DEC,C60240587
DEC_C49214923,DEC,C49214923
DEC_C20733253,DEC,C20733253
DEC_C32088122,DEC,C32088122
DEC_C32092667,DEC,C32092667
DEC_C36352806,DEC,C36352806
DEC_C20730846,DEC,C20730846
DEC_C20733080,DEC,C20733080
DEC_C20720960,DEC,C20720960
DEC_C63783146,DEC,C63783146
DEC_C65461356,DEC,C65461356
DEC_C29240645,DEC,C29240645
DEC_C29240653,DEC,C29240653
DEC_C65814444,DEC,C65814444
DEC_C66606415,DEC,C66606415
DEC_C02283239,DEC,C02283239
DEC_C02745266,DEC,C02745266
DEC_C08756896,DEC,C08756896
DEC_C08859183,DEC,C08859183
DEC_C10154386,DEC,C10154386
DEC_C10460446,DEC,C10460446
DEC_C12499887,DEC,C12499887
DEC_C12503437,DEC,C12503437
DEC_C03374346,DEC,C03374346
DEC_C02951870,DEC,C02951870
DEC_C13302691,DEC,C13302691
DEC_C13976783,DEC,C13976783
DEC_C13980115,DEC,C13980115
DEC_C13987319,DEC,C13987319
DEC_C14037256,DEC,C14037256
DEC_C14641623,DEC,C14641623
DEC_C14645996,DEC,C14645996
DEC_C14647787,DEC,C14647787
DEC_C14649935,DEC,C14649935
DEC_C14653497,DEC,C14653497
DEC_C14654148,DEC,C14654148
DEC_C14655818,DEC,C14655818
DEC_C14832248,DEC,C14832248
DEC_C16610495,DEC,C16610495
DEC_C20348600,DEC,C20348600
DEC_C20439092,DEC,C20439092
DEC_C17210732,DEC,C17210732
DEC_C34906251,DEC,C34906251
DEC_C36485043,DEC,C36485043
DEC_C36485123,DEC,C36485123
DEC_C36500890,DEC,C36500890
DEC_C36500891,DEC,C36500891
DEC_C36514739,DEC,C36514739
DEC_C36531284,DEC,C36531284
DEC_C36534758,DEC,C36534758
DEC_C36545238,DEC,C36545238
DEC_C36573207,DEC,C36573207
DEC_C36588758,DEC,C36588758
DEC_C36597702,DEC,C36597702
DEC_C36598997,DEC,C36598997
DEC_C37425195,DEC,C37425195
DEC_C39559941,DEC,C39559941
DEC_C33907372,DEC,C33907372
DEC_C40313303,DEC,C40313303
DEC_C40721143,DEC,C40721143
DEC_C43224030,DEC,C43224030
DEC_C43225738,DEC,C43225738
DEC_C66199599,DEC,C66199599
DEC_C66201523,DEC,C66201523
DEC_C66201610,DEC,C66201610
DEC_C06134170,DEC,C06134170
DEC_C06190446,DEC,C06190446
DEC_C06481312,DEC,C06481312
DEC_C06481495,DEC,C06481495
DEC_C06501182,DEC,C06501182
DEC_C06501194,DEC,C06501194
DEC_C06501497,DEC,C06501497
DEC_C06546193,DEC,C06546193
DEC_C06601033,DEC,C06601033
DEC_C06601391,DEC,C06601391
DEC_C06631457,DEC,C06631457
DEC_C06631718,DEC,C06631718
DEC_C06631821,DEC,C06631821
DEC_C06860675,DEC,C06860675
DEC_C08824730,DEC,C08824730
DEC_C11339254,DEC,C11339254
DEC_C11620168,DEC,C11620168
DEC_C12472382,DEC,C12472382
DEC_C12473046,DEC,C12473046
DEC_C12479424,DEC,C12479424
DEC_C12479574,DEC,C12479574
DEC_C12479722,DEC,C12479722
DEC_C12479756,DEC,C12479756
DEC_C12886920,DEC,C12886920
DEC_C14585187,DEC,C14585187
DEC_C04177665,DEC,C04177665
DEC_C04177670,DEC,C04177670
DEC_C04177636,DEC,C04177636
DEC_C04177583,DEC,C04177583
DEC_C20527543,DEC,C20527543
DEC_C21320404,DEC,C21320404
DEC_C24535289,DEC,C24535289
DEC_C25679652,DEC,C25679652
DEC_C26996682,DEC,C26996682
DEC_C31167456,DEC,C31167456
DEC_C35464468,DEC,C35464468
DEC_C36353958,DEC,C36353958
DEC_C36514271,DEC,C36514271
DEC_C36567667,DEC,C36567667
DEC_C36575341,DEC,C36575341
DEC_C09162781,DEC,C09162781
DEC_C06631826,DEC,C06631826
DEC_C06600039,DEC,C06600039
DEC_C06600122,DEC,C06600122
DEC_C39560157,DEC,C39560157
DEC_C35375784,DEC,C35375784
DEC_C44606667,DEC,C44606667
DEC_C12501044,DEC,C12501044
DEC_C59914502,DEC,C59914502
DEC_C65742900,DEC,C65742900
DEC_C04276919,DEC,C04276919
DEC_C01417110,DEC,C01417110
DEC_C13153632,DEC,C13153632
DEC_C04774206,DEC,C04774206
DEC_C14586363,DEC,C14586363
DEC_C00497841,DEC,C00497841
DEC_C04429584,DEC,C04429584
DEC_C12877936,DEC,C12877936
DEC_C01611130,DEC,C01611130
DEC_C20270878,DEC,C20270878
DEC_C20468155,DEC,C20468155
DEC_C04244999,DEC,C04244999
DEC_C35655676,DEC,C35655676
DEC_C36749444,DEC,C36749444
DEC_C36800728,DEC,C36800728
DEC_C03886579,DEC,C03886579
DEC_C38062921,DEC,C38062921
DEC_C38975440,DEC,C38975440
DEC_C39206339,DEC,C39206339
DEC_C41048048,DEC,C41048048
DEC_C42403601,DEC,C42403601
DEC_C42426410,DEC,C42426410
DEC_C43669571,DEC,C43669571
DEC_C43705648,DEC,C43705648
DEC_C44929047,DEC,C44929047
DEC_C44931278,DEC,C44931278
DEC_C45009876,DEC,C45009876
DEC_C48852759,DEC,C48852759
DEC_C48888779,DEC,C48888779
DEC_C48921181,DEC,C48921181
DEC_C49834525,DEC,C49834525
DEC_C50818456,DEC,C50818456
DEC_C50829316,DEC,C50829316
DEC_C52841574,DEC,C52841574
DEC_C40387204,DEC,C40387204
DEC_C32581043,DEC,C32581043
DEC_C54379378,DEC,C54379378
DEC_C54415087,DEC,C54415087
DEC_C55189400,DEC,C55189400
DEC_C57346334,DEC,C57346334
DEC_C61685438,DEC,C61685438
DEC_C61843556,DEC,C61843556
DEC_C18205462,DEC,C18205462
DEC_C61912374,DEC,C61912374
DEC_C63216225,DEC,C63216225
DEC_C06530416,DEC,C06530416
DEC_C63907071,DEC,C63907071
DEC_C64652783,DEC,C64652783
DEC_C37976473,DEC,C37976473
DEC_C04163320,DEC,C04163320
DEC_C02677504,DEC,C02677504
DEC_C04997234,DEC,C04997234
DEC_C05055554,DEC,C05055554
DEC_C02364496,DEC,C02364496
DEC_C03091788,DEC,C03091788
DEC_C05840564,DEC,C05840564
DEC_C07876279,DEC,C07876279
DEC_C11621197,DEC,C11621197
DEC_C11712893,DEC,C11712893
DEC_C12918838,DEC,C12918838
DEC_C13014081,DEC,C13014081
DEC_C13805602,DEC,C13805602
DEC_C18751698,DEC,C18751698
DEC_C19445537,DEC,C19445537
DEC_C20751040,DEC,C20751040
DEC_C20803863,DEC,C20803863
DEC_C21992463,DEC,C21992463
DEC_C22632667,DEC,C22632667
DEC_C25832054,DEC,C25832054
DEC_C26913980,DEC,C26913980
DEC_C29570968,DEC,C29570968
DEC_C35097755,DEC,C35097755
DEC_C35966888,DEC,C35966888
DEC_C17356556,DEC,C17356556
DEC_C40848448,DEC,C40848448
DEC_C42981659,DEC,C42981659
DEC_C45605893,DEC,C45605893
DEC_C48873881,DEC,C48873881
DEC_C51036952,DEC,C51036952
DEC_C05059928,DEC,C05059928
DEC_C04821466,DEC,C04821466
DEC_C54899630,DEC,C54899630
DEC_C55043354,DEC,C55043354
DEC_C58840983,DEC,C58840983
DEC_C08610051,DEC,C08610051
DEC_C59795201,DEC,C59795201
DEC_C60362606,DEC,C60362606
DEC_C41218028,DEC,C41218028
DEC_C63182902,DEC,C63182902
DEC_C19320900,DEC,C19320900
DEC_C35373393,DEC,C35373393
DEC_C65744040,DEC,C65744040
DEC_C56306640,DEC,C56306640
DEC_C66288116,DEC,C66288116
DEC_C66463703,DEC,C66463703
DEC_C66784886,DEC,C66784886
DEC_C66813546,DEC,C66813546
DEC_C67270642,DEC,C67270642
DEC_C67322226,DEC,C67322226
DEC_C00242016,DEC,C00242016
DEC_C00116031,DEC,C00116031
DEC_C04156435,DEC,C04156435
DEC_C00793330,DEC,C00793330
DEC_C04923828,DEC,C04923828
DEC_C04923836,DEC,C04923836
DEC_C05274855,DEC,C05274855
DEC_C05755466,DEC,C05755466
DEC_C00491835,DEC,C00491835
DEC_C00546387,DEC,C00546387
DEC_C09248018,DEC,C09248018
DEC_C12986496,DEC,C12986496
DEC_C06518620,DEC,C06518620
DEC_C15879109,DEC,C15879109
DEC_C15922881,DEC,C15922881
DEC_C16880967,DEC,C16880967
DEC_C18322350,DEC,C18322350
DEC_C19224644,DEC,C19224644
DEC_C26023606,DEC,C26023606
DEC_C32665974,DEC,C32665974
DEC_C35813595,DEC,C35813595
DEC_C37130623,DEC,C37130623
DEC_C37193197,DEC,C37193197
DEC_C00814220,DEC,C00814220
DEC_C08600093,DEC,C08600093
DEC_C40888382,DEC,C40888382
DEC_C41597363,DEC,C41597363
DEC_C42027687,DEC,C42027687
DEC_C43188051,DEC,C43188051
DEC_C45543461,DEC,C45543461
DEC_C46706443,DEC,C46706443
DEC_C49034122,DEC,C49034122
DEC_C54750813,DEC,C54750813
DEC_C08182858,DEC,C08182858
DEC_C47321214,DEC,C47321214
DEC_C62526074,DEC,C62526074
DEC_C64316535,DEC,C64316535
DEC_C65306233,DEC,C65306233
DEC_C54731427,DEC,C54731427
DEC_C65719974,DEC,C65719974
DEC_C65834513,DEC,C65834513
DEC_C65885552,DEC,C65885552
DEC_C66194664,DEC,C66194664
DEC_C66367165,DEC,C66367165
DEC_C66463402,DEC,C66463402
DEC_C66489853,DEC,C66489853
DEC_C66635378,DEC,C66635378
DEC_C66686068,DEC,C66686068
DEC_C67100630,DEC,C67100630
DEC_C67566978,DEC,C67566978
DEC_C04660473,DEC,C04660473
DEC_C04660475,DEC,C04660475
DEC_C04694315,DEC,C04694315
DEC_C02880897,DEC,C02880897
DEC_C02622426,DEC,C02622426
DEC_C06108104,DEC,C06108104
DEC_C00261074,DEC,C00261074
DEC_C00261070,DEC,C00261070
DEC_C00027804,DEC,C00027804
DEC_C03463288,DEC,C03463288
DEC_C00580947,DEC,C00580947
DEC_C09690033,DEC,C09690033
DEC_C12654089,DEC,C12654089
DEC_C12517060,DEC,C12517060
DEC_C12517063,DEC,C12517063
DEC_C17067434,DEC,C17067434
DEC_C35079618,DEC,C35079618
DEC_C08634662,DEC,C08634662
DEC_C40468832,DEC,C40468832
DEC_C40736579,DEC,C40736579
DEC_C44956624,DEC,C44956624
DEC_C45551262,DEC,C45551262
DEC_C46793111,DEC,C46793111
DEC_C04600070,DEC,C04600070
DEC_C06801384,DEC,C06801384
DEC_C04592567,DEC,C04592567
DEC_C54144648,DEC,C54144648
DEC_C54420567,DEC,C54420567
DEC_C56316132,DEC,C56316132
DEC_C56546404,DEC,C56546404
DEC_C58304384,DEC,C58304384
DEC_C20201423,DEC,C20201423
DEC_C59379236,DEC,C59379236
DEC_C61544261,DEC,C61544261
DEC_C12446197,DEC,C12446197
DEC_C63363496,DEC,C63363496
DEC_C63913847,DEC,C63913847
DEC_C64663081,DEC,C64663081
DEC_C43644428,DEC,C43644428
DEC_C66402321,DEC,C66402321
DEC_C66442024,DEC,C66442024
DEC_C67000352,DEC,C67000352
DEC_C67029020,DEC,C67029020
DEC_C67065523,DEC,C67065523
DEC_C67082229,DEC,C67082229
DEC_C67102107,DEC,C67102107
DEC_C67608417,DEC,C67608417
DEC_C67609839,DEC,C67609839
DEC_C67609854,DEC,C67609854
DEC_C67617742,DEC,C67617742
DEC_C00959824,DEC,C00959824
DEC_C00959837,DEC,C00959837
DEC_C01107292,DEC,C01107292
DEC_C01028326,DEC,C01028326
DEC_C02566383,DEC,C02566383
DEC_C05583392,DEC,C05583392
DEC_C06456061,DEC,C06456061
DEC_C07404858,DEC,C07404858
DEC_C00845766,DEC,C00845766
DEC_C00850218,DEC,C00850218
DEC_C09419041,DEC,C09419041
DEC_C12463639,DEC,C12463639
DEC_C03833333,DEC,C03833333
DEC_C16737775,DEC,C16737775
DEC_C18260832,DEC,C18260832
DEC_C13640829,DEC,C13640829
DEC_C20882962,DEC,C20882962
DEC_C22507989,DEC,C22507989
DEC_C22702276,DEC,C22702276
DEC_C22703929,DEC,C22703929
DEC_C24965652,DEC,C24965652
DEC_C16183854,DEC,C16183854
DEC_C36236335,DEC,C36236335
DEC_C36631278,DEC,C36631278
DEC_C23078616,DEC,C23078616
DEC_C39359598,DEC,C39359598
DEC_C39543176,DEC,C39543176
DEC_C36710086,DEC,C36710086
DEC_C40569449,DEC,C40569449
DEC_C40569450,DEC,C40569450
DEC_C45599372,DEC,C45599372
DEC_C20745157,DEC,C20745157
DEC_C18805463,DEC,C18805463
DEC_C33809962,DEC,C33809962
DEC_C06002202,DEC,C06002202
DEC_C54641223,DEC,C54641223
DEC_C00938774,DEC,C00938774
DEC_C57420365,DEC,C57420365
DEC_C57862800,DEC,C57862800
DEC_C58949749,DEC,C58949749
DEC_C09202048,DEC,C09202048
DEC_C60422588,DEC,C60422588
DEC_C13127006,DEC,C13127006
DEC_C13562917,DEC,C13562917
DEC_C04453074,DEC,C04453074
DEC_C04997568,DEC,C04997568
DEC_C63738581,DEC,C63738581
DEC_C65395502,DEC,C65395502
DEC_C67020582,DEC,C67020582
DEC_C67048968,DEC,C67048968
DEC_C00845568,DEC,C00845568
DEC_C04358536,DEC,C04358536
DEC_C03670205,DEC,C03670205
DEC_C05106368,DEC,C05106368
DEC_C02754697,DEC,C02754697
DEC_C05960190,DEC,C05960190
DEC_C07091888,DEC,C07091888
DEC_C08283391,DEC,C08283391
DEC_C01021240,DEC,C01021240
DEC_C08960780,DEC,C08960780
DEC_C10888446,DEC,C10888446
DEC_C12698570,DEC,C12698570
DEC_C03552523,DEC,C03552523
DEC_C04929901,DEC,C04929901
DEC_C07126278,DEC,C07126278
DEC_C05905909,DEC,C05905909
DEC_C20701260,DEC,C20701260
DEC_C20701263,DEC,C20701263
DEC_C20701287,DEC,C20701287
DEC_C20701292,DEC,C20701292
DEC_C09741743,DEC,C09741743
DEC_C23844573,DEC,C23844573
DEC_C28566812,DEC,C28566812
DEC_C00880454,DEC,C00880454
DEC_C01795602,DEC,C01795602
DEC_C35380583,DEC,C35380583
DEC_C40110964,DEC,C40110964
DEC_C40755895,DEC,C40755895
DEC_C40758238,DEC,C40758238
DEC_C40783179,DEC,C40783179
DEC_C44452923,DEC,C44452923
DEC_C45565505,DEC,C45565505
DEC_C49739018,DEC,C49739018
DEC_C51149434,DEC,C51149434
DEC_C51149490,DEC,C51149490
DEC_C01029871,DEC,C01029871
DEC_C20374603,DEC,C20374603
DEC_C06346830,DEC,C06346830
DEC_C00971252,DEC,C00971252
DEC_C58983173,DEC,C58983173
DEC_C47383966,DEC,C47383966
DEC_C59038452,DEC,C59038452
DEC_C48255941,DEC,C48255941
DEC_C07813120,DEC,C07813120
DEC_C59501514,DEC,C59501514
DEC_C13132286,DEC,C13132286
DEC_C39012637,DEC,C39012637
DEC_C66678802,DEC,C66678802
DEC_C67240075,DEC,C67240075
DEC_C67289782,DEC,C67289782
DEC_C02141347,DEC,C02141347
DEC_C03058230,DEC,C03058230
DEC_C07602433,DEC,C07602433
DEC_C07602631,DEC,C07602631
DEC_C08088019,DEC,C08088019
DEC_C08130318,DEC,C08130318
DEC_C06816390,DEC,C06816390
DEC_C12752956,DEC,C12752956
DEC_C14655590,DEC,C14655590
DEC_C13569520,DEC,C13569520
DEC_C20407280,DEC,C20407280
DEC_C27323148,DEC,C27323148
DEC_C29001120,DEC,C29001120
DEC_C30779177,DEC,C30779177
DEC_C35597355,DEC,C35597355
DEC_C39618394,DEC,C39618394
DEC_C39880629,DEC,C39880629
DEC_C41488189,DEC,C41488189
DEC_C45716027,DEC,C45716027
DEC_C46994088,DEC,C46994088
DEC_C54538829,DEC,C54538829
DEC_C54911956,DEC,C54911956
DEC_C55887278,DEC,C55887278
DEC_C55887279,DEC,C55887279
DEC_C56155515,DEC,C56155515
DEC_C07889816,DEC,C07889816
DEC_C08502735,DEC,C08502735
DEC_C58178002,DEC,C58178002
DEC_C59813546,DEC,C59813546
DEC_C59830075,DEC,C59830075
DEC_C62526844,DEC,C62526844
DEC_C63256930,DEC,C63256930
DEC_C63740978,DEC,C63740978
DEC_C64082853,DEC,C64082853
DEC_C64140776,DEC,C64140776
DEC_C64312415,DEC,C64312415
DEC_C64419165,DEC,C64419165
DEC_C64449262,DEC,C64449262
DEC_C64499556,DEC,C64499556
DEC_C65134088,DEC,C65134088
DEC_C65253651,DEC,C65253651
DEC_C65501827,DEC,C65501827
DEC_C65669579,DEC,C65669579
DEC_C66556127,DEC,C66556127
DEC_C66556167,DEC,C66556167
DEC_C66590540,DEC,C66590540
DEC_C67309888,DEC,C67309888
DEC_C67310821,DEC,C67310821
DEC_C67390590,DEC,C67390590
DEC_C67418021,DEC,C67418021
DEC_C04200755,DEC,C04200755
DEC_C06190958,DEC,C06190958
DEC_C06190960,DEC,C06190960
DEC_C08704710,DEC,C08704710
DEC_C08824754,DEC,C08824754
DEC_C09083594,DEC,C09083594
DEC_C09814948,DEC,C09814948
DEC_C10708274,DEC,C10708274
DEC_C12898539,DEC,C12898539
DEC_C13000136,DEC,C13000136
DEC_C02665293,DEC,C02665293
DEC_C14013899,DEC,C14013899
DEC_C14242157,DEC,C14242157
DEC_C14624289,DEC,C14624289
DEC_C16431249,DEC,C16431249
DEC_C20916884,DEC,C20916884
DEC_C22064942,DEC,C22064942
DEC_C17163111,DEC,C17163111
DEC_C32594366,DEC,C32594366
DEC_C33657476,DEC,C33657476
DEC_C33699326,DEC,C33699326
DEC_C33759831,DEC,C33759831
DEC_C33759834,DEC,C33759834
DEC_C34380618,DEC,C34380618
DEC_C35352858,DEC,C35352858
DEC_C35465843,DEC,C35465843
DEC_C39960451,DEC,C39960451
DEC_C40487600,DEC,C40487600
DEC_C40659149,DEC,C40659149
DEC_C43214537,DEC,C43214537
DEC_C33476172,DEC,C33476172
DEC_C33904194,DEC,C33904194
DEC_C44075497,DEC,C44075497
DEC_C45842297,DEC,C45842297
DEC_C13489281,DEC,C13489281
DEC_C13489297,DEC,C13489297
DEC_C57603415,DEC,C57603415
DEC_C59012971,DEC,C59012971
DEC_C59831574,DEC,C59831574
DEC_C59881805,DEC,C59881805
DEC_C59883948,DEC,C59883948
DEC_C39782135,DEC,C39782135
DEC_C63374759,DEC,C63374759
DEC_C63384163,DEC,C63384163
DEC_C63985136,DEC,C63985136
DEC_C63985137,DEC,C63985137
DEC_C64020200,DEC,C64020200
DEC_C64684403,DEC,C64684403
DEC_C64684762,DEC,C64684762
DEC_C64684766,DEC,C64684766
DEC_C00906209,DEC,C00906209
DEC_C04236776,DEC,C04236776
DEC_C04147993,DEC,C04147993
DEC_C01748113,DEC,C01748113
DEC_C06134196,DEC,C06134196
DEC_C06600063,DEC,C06600063
DEC_C01895567,DEC,C01895567
DEC_C09471955,DEC,C09471955
DEC_C10001541,DEC,C10001541
DEC_C11854770,DEC,C11854770
DEC_C12702975,DEC,C12702975
DEC_C13486982,DEC,C13486982
DEC_C13526802,DEC,C13526802
DEC_C14094704,DEC,C14094704
DEC_C14359221,DEC,C14359221
DEC_C14359228,DEC,C14359228
DEC_C14741586,DEC,C14741586
DEC_C15723780,DEC,C15723780
DEC_C02312456,DEC,C02312456
DEC_C20190383,DEC,C20190383
DEC_C30956248,DEC,C30956248
DEC_C33566552,DEC,C33566552
DEC_C08740280,DEC,C08740280
DEC_C35707337,DEC,C35707337
DEC_C35760647,DEC,C35760647
DEC_C36066170,DEC,C36066170
DEC_C36066174,DEC,C36066174
DEC_C36494000,DEC,C36494000
DEC_C36500632,DEC,C36500632
DEC_C36500633,DEC,C36500633
DEC_C36504468,DEC,C36504468
DEC_C36575992,DEC,C36575992
DEC_C15940429,DEC,C15940429
DEC_C23080538,DEC,C23080538
DEC_C39197564,DEC,C39197564
DEC_C39556150,DEC,C39556150
DEC_C39760870,DEC,C39760870
DEC_C40004106,DEC,C40004106
DEC_C41022335,DEC,C41022335
DEC_C43736751,DEC,C43736751
DEC_C00906202,DEC,C00906202
DEC_C01821329,DEC,C01821329
DEC_C02639694,DEC,C02639694
DEC_C54614727,DEC,C54614727
DEC_C54614732,DEC,C54614732
DEC_C59331650,DEC,C59331650
DEC_C59601420,DEC,C59601420
DEC_C13139064,DEC,C13139064
DEC_C63453509,DEC,C63453509
DEC_C63708026,DEC,C63708026
DEC_C00072970,DEC,C00072970
DEC_C13407173,DEC,C13407173
DEC_C18150633,DEC,C18150633
DEC_C19216705,DEC,C19216705
DEC_C22049192,DEC,C22049192
DEC_C22159247,DEC,C22159247
DEC_C28568062,DEC,C28568062
DEC_C36231498,DEC,C36231498
DEC_C37471366,DEC,C37471366
DEC_C37577219,DEC,C37577219
DEC_C37630185,DEC,C37630185
DEC_C37988157,DEC,C37988157
DEC_C40309174,DEC,C40309174
DEC_C40315844,DEC,C40315844
DEC_C40321032,DEC,C40321032
DEC_C40332674,DEC,C40332674
DEC_C40377112,DEC,C40377112
DEC_C40473402,DEC,C40473402
DEC_C40486683,DEC,C40486683
DEC_C40670377,DEC,C40670377
DEC_C41094352,DEC,C41094352
DEC_C43509533,DEC,C43509533
DEC_C43771768,DEC,C43771768
DEC_C44167748,DEC,C44167748
DEC_C44245478,DEC,C44245478
DEC_C44608245,DEC,C44608245
DEC_C44785375,DEC,C44785375
DEC_C44785386,DEC,C44785386
DEC_C44785600,DEC,C44785600
DEC_C44863675,DEC,C44863675
DEC_C44877699,DEC,C44877699
DEC_C45156355,DEC,C45156355
DEC_C48836062,DEC,C48836062
DEC_C50031365,DEC,C50031365
DEC_C50397949,DEC,C50397949
DEC_C50417245,DEC,C50417245
DEC_C50705971,DEC,C50705971
DEC_C51118760,DEC,C51118760
DEC_C54155169,DEC,C54155169
DEC_C55305395,DEC,C55305395
DEC_C06379404,DEC,C06379404
DEC_C44877847,DEC,C44877847
DEC_C44882709,DEC,C44882709
DEC_C61174571,DEC,C61174571
DEC_C61174578,DEC,C61174578
DEC_C62101371,DEC,C62101371
DEC_C62935474,DEC,C62935474
DEC_C62936891,DEC,C62936891
DEC_C62937200,DEC,C62937200
DEC_C62975597,DEC,C62975597
DEC_C01729028,DEC,C01729028
DEC_C02570507,DEC,C02570507
DEC_C04504914,DEC,C04504914
DEC_C08236746,DEC,C08236746
DEC_C08699027,DEC,C08699027
DEC_C16953599,DEC,C16953599
DEC_C08994424,DEC,C08994424
DEC_C20445978,DEC,C20445978
DEC_C24237717,DEC,C24237717
DEC_C24656640,DEC,C24656640
DEC_C32123068,DEC,C32123068
DEC_C36175710,DEC,C36175710
DEC_C36749965,DEC,C36749965
DEC_C36870343,DEC,C36870343
DEC_C37364024,DEC,C37364024
DEC_C37750888,DEC,C37750888
DEC_C37823299,DEC,C37823299
DEC_C00069811,DEC,C00069811
DEC_C38062889,DEC,C38062889
DEC_C41580992,DEC,C41580992
DEC_C41710696,DEC,C41710696
DEC_C41892296,DEC,C41892296
DEC_C43303274,DEC,C43303274
DEC_C43908095,DEC,C43908095
DEC_C44195722,DEC,C44195722
DEC_C46191883,DEC,C46191883
DEC_C48861004,DEC,C48861004
DEC_C48912844,DEC,C48912844
DEC_C49278240,DEC,C49278240
DEC_C49534030,DEC,C49534030
DEC_C49550756,DEC,C49550756
DEC_C50046993,DEC,C50046993
DEC_C50279563,DEC,C50279563
DEC_C51086918,DEC,C51086918
DEC_C51886012,DEC,C51886012
DEC_C51893950,DEC,C51893950
DEC_C52789716,DEC,C52789716
DEC_C52836843,DEC,C52836843
DEC_C54557726,DEC,C54557726
DEC_C40797992,DEC,C40797992
DEC_C42063690,DEC,C42063690
DEC_C61706137,DEC,C61706137
DEC_C61766901,DEC,C61766901
DEC_C62101456,DEC,C62101456
DEC_C62626633,DEC,C62626633
DEC_C62756142,DEC,C62756142
DEC_C62809137,DEC,C62809137
DEC_C62961607,DEC,C62961607
DEC_C63095483,DEC,C63095483
DEC_C63728841,DEC,C63728841
DEC_C00233715,DEC,C00233715
DEC_C01585087,DEC,C01585087
DEC_C07734594,DEC,C07734594
DEC_C09100955,DEC,C09100955
DEC_C09861712,DEC,C09861712
DEC_C12143073,DEC,C12143073
DEC_C12906368,DEC,C12906368
DEC_C15324965,DEC,C15324965
DEC_C01241865,DEC,C01241865
DEC_C19112309,DEC,C19112309
DEC_C19315184,DEC,C19315184
DEC_C26401354,DEC,C26401354
DEC_C27865510,DEC,C27865510
DEC_C31973118,DEC,C31973118
DEC_C35045522,DEC,C35045522
DEC_C01106057,DEC,C01106057
DEC_C38025650,DEC,C38025650
DEC_C39001082,DEC,C39001082
DEC_C39502125,DEC,C39502125
DEC_C39523371,DEC,C39523371
DEC_C39544627,DEC,C39544627
DEC_C40061866,DEC,C40061866
DEC_C40480108,DEC,C40480108
DEC_C22184766,DEC,C22184766
DEC_C40836936,DEC,C40836936
DEC_C41286199,DEC,C41286199
DEC_C44026529,DEC,C44026529
DEC_C44847428,DEC,C44847428
DEC_C44920648,DEC,C44920648
DEC_C46785489,DEC,C46785489
DEC_C49419620,DEC,C49419620
DEC_C49431967,DEC,C49431967
DEC_C05013993,DEC,C05013993
DEC_C54753342,DEC,C54753342
DEC_C55082608,DEC,C55082608
DEC_C08458596,DEC,C08458596
DEC_C57927832,DEC,C57927832
DEC_C58423731,DEC,C58423731
DEC_C58699215,DEC,C58699215
DEC_C62496506,DEC,C62496506
DEC_C39980114,DEC,C39980114
DEC_C63525967,DEC,C63525967
DEC_C58312280,DEC,C58312280
DEC_C64517202,DEC,C64517202
DEC_C65020772,DEC,C65020772
DEC_C65714893,DEC,C65714893
DEC_C65717122,DEC,C65717122
DEC_C66396780,DEC,C66396780
DEC_C66631145,DEC,C66631145
DEC_C67095452,DEC,C67095452
DEC_C04501056,DEC,C04501056
DEC_C03443435,DEC,C03443435
DEC_C04860658,DEC,C04860658
DEC_C04910064,DEC,C04910064
DEC_C05700383,DEC,C05700383
DEC_C01249156,DEC,C01249156
DEC_C06316292,DEC,C06316292
DEC_C07283092,DEC,C07283092
DEC_C07887965,DEC,C07887965
DEC_C06870459,DEC,C06870459
DEC_C08986365,DEC,C08986365
DEC_C09252821,DEC,C09252821
DEC_C11984094,DEC,C11984094
DEC_C00619223,DEC,C00619223
DEC_C13369658,DEC,C13369658
DEC_C15784706,DEC,C15784706
DEC_C00135402,DEC,C00135402
DEC_C25171881,DEC,C25171881
DEC_C33138797,DEC,C33138797
DEC_C35007512,DEC,C35007512
DEC_C07756907,DEC,C07756907
DEC_C08592304,DEC,C08592304
DEC_C39536007,DEC,C39536007
DEC_C28462387,DEC,C28462387
DEC_C42095761,DEC,C42095761
DEC_C42755946,DEC,C42755946
DEC_C44571041,DEC,C44571041
DEC_C47559298,DEC,C47559298
DEC_C48999824,DEC,C48999824
DEC_C06776786,DEC,C06776786
DEC_C53851987,DEC,C53851987
DEC_C54829590,DEC,C54829590
DEC_C55502907,DEC,C55502907
DEC_C56883947,DEC,C56883947
DEC_C09512991,DEC,C09512991
DEC_C19159269,DEC,C19159269
DEC_C29282548,DEC,C29282548
DEC_C29282542,DEC,C29282542
DEC_C58178929,DEC,C58178929
DEC_C42525831,DEC,C42525831
DEC_C59116960,DEC,C59116960
DEC_C60142549,DEC,C60142549
DEC_C63489665,DEC,C63489665
DEC_C63529097,DEC,C63529097
DEC_C63958697,DEC,C63958697
DEC_C65669065,DEC,C65669065
DEC_C66178159,DEC,C66178159
DEC_C66348366,DEC,C66348366
DEC_C67514754,DEC,C67514754
DEC_C67590258,DEC,C67590258
DEC_C00067384,DEC,C00067384
DEC_C05665776,DEC,C05665776
DEC_C02709634,DEC,C02709634
DEC_C06291843,DEC,C06291843
DEC_C09067433,DEC,C09067433
DEC_C10851096,DEC,C10851096
DEC_C13961042,DEC,C13961042
DEC_C15053846,DEC,C15053846
DEC_C01294309,DEC,C01294309
DEC_C19989945,DEC,C19989945
DEC_C19990043,DEC,C19990043
DEC_C20757010,DEC,C20757010
DEC_C20828691,DEC,C20828691
DEC_C21032432,DEC,C21032432
DEC_C21723547,DEC,C21723547
DEC_C21901835,DEC,C21901835
DEC_C29509681,DEC,C29509681
DEC_C04536696,DEC,C04536696
DEC_C35672052,DEC,C35672052
DEC_C37669546,DEC,C37669546
DEC_C00067390,DEC,C00067390
DEC_C04680534,DEC,C04680534
DEC_C39750488,DEC,C39750488
DEC_C39774271,DEC,C39774271
DEC_C40052414,DEC,C40052414
DEC_C45225698,DEC,C45225698
DEC_C07246450,DEC,C07246450
DEC_C48908510,DEC,C48908510
DEC_C48925900,DEC,C48925900
DEC_C48995859,DEC,C48995859
DEC_C49124461,DEC,C49124461
DEC_C51036449,DEC,C51036449
DEC_C54616604,DEC,C54616604
DEC_C56854428,DEC,C56854428
DEC_C57479250,DEC,C57479250
DEC_C57844542,DEC,C57844542
DEC_C46565086,DEC,C46565086
DEC_C61365053,DEC,C61365053
DEC_C61487644,DEC,C61487644
DEC_C13114072,DEC,C13114072
DEC_C62138710,DEC,C62138710
DEC_C62140099,DEC,C62140099
DEC_C62247450,DEC,C62247450
DEC_C62261311,DEC,C62261311
DEC_C63570031,DEC,C63570031
DEC_C63845962,DEC,C63845962
DEC_C65819057,DEC,C65819057
DEC_C67059218,DEC,C67059218
DEC_C67326285,DEC,C67326285
DEC_C67514788,DEC,C67514788
DEC_C04497230,DEC,C04497230
DEC_C05061165,DEC,C05061165
DEC_C05155101,DEC,C05155101
DEC_C01465321,DEC,C01465321
DEC_C04519362,DEC,C04519362
DEC_C06743462,DEC,C06743462
DEC_C09337830,DEC,C09337830
DEC_C09850594,DEC,C09850594
DEC_C11962095,DEC,C11962095
DEC_C12775853,DEC,C12775853
DEC_C12898825,DEC,C12898825
DEC_C14033096,DEC,C14033096
DEC_C23295501,DEC,C23295501
DEC_C23841453,DEC,C23841453
DEC_C26068268,DEC,C26068268
DEC_C26976671,DEC,C26976671
DEC_C32176483,DEC,C32176483
DEC_C32910519,DEC,C32910519
DEC_C36540167,DEC,C36540167
DEC_C37274892,DEC,C37274892
DEC_C08486243,DEC,C08486243
DEC_C40362497,DEC,C40362497
DEC_C41249564,DEC,C41249564
DEC_C41318001,DEC,C41318001
DEC_C42361446,DEC,C42361446
DEC_C42876427,DEC,C42876427
DEC_C44001812,DEC,C44001812
DEC_C45087852,DEC,C45087852
DEC_C46168804,DEC,C46168804
DEC_C48673755,DEC,C48673755
DEC_C49179700,DEC,C49179700
DEC_C50657329,DEC,C50657329
DEC_C51189818,DEC,C51189818
DEC_C55197030,DEC,C55197030
DEC_C57835936,DEC,C57835936
DEC_C57919284,DEC,C57919284
DEC_C58049708,DEC,C58049708
DEC_C58073698,DEC,C58073698
DEC_C45293384,DEC,C45293384
DEC_C58504300,DEC,C58504300
DEC_C59763333,DEC,C59763333
DEC_C59845154,DEC,C59845154
DEC_C61256474,DEC,C61256474
DEC_C62389965,DEC,C62389965
DEC_C64594187,DEC,C64594187
DEC_C65172196,DEC,C65172196
DEC_C66724077,DEC,C66724077
DEC_C66736809,DEC,C66736809
DEC_C66779098,DEC,C66779098
DEC_C67499451,DEC,C67499451
DEC_C01731275,DEC,C01731275
DEC_C00452036,DEC,C00452036
DEC_C02759822,DEC,C02759822
DEC_C09253479,DEC,C09253479
DEC_C19220279,DEC,C19220279
DEC_C32547806,DEC,C32547806
DEC_C36110843,DEC,C36110843
DEC_C36760592,DEC,C36760592
DEC_C36920175,DEC,C36920175
DEC_C37358315,DEC,C37358315
DEC_C37823520,DEC,C37823520
DEC_C38090926,DEC,C38090926
DEC_C40511382,DEC,C40511382
DEC_C41892813,DEC,C41892813
DEC_C42152822,DEC,C42152822
DEC_C42163037,DEC,C42163037
DEC_C42558431,DEC,C42558431
DEC_C42706801,DEC,C42706801
DEC_C43370330,DEC,C43370330
DEC_C43595460,DEC,C43595460
DEC_C43640633,DEC,C43640633
DEC_C45218841,DEC,C45218841
DEC_C45364465,DEC,C45364465
DEC_C45489318,DEC,C45489318
DEC_C45742977,DEC,C45742977
DEC_C45743489,DEC,C45743489
DEC_C48708462,DEC,C48708462
DEC_C48904712,DEC,C48904712
DEC_C49180642,DEC,C49180642
DEC_C49298022,DEC,C49298022
DEC_C50670107,DEC,C50670107
DEC_C50815359,DEC,C50815359
DEC_C50971649,DEC,C50971649
DEC_C51605243,DEC,C51605243
DEC_C51820722,DEC,C51820722
DEC_C52886212,DEC,C52886212
DEC_C52886213,DEC,C52886213
DEC_C54860601,DEC,C54860601
DEC_C42379958,DEC,C42379958
DEC_C59829945,DEC,C59829945
DEC_C61526988,DEC,C61526988
DEC_C61655566,DEC,C61655566
DEC_C61769588,DEC,C61769588
DEC_C61769641,DEC,C61769641
DEC_C62239232,DEC,C62239232
DEC_C08747087,DEC,C08747087
DEC_C66086032,DEC,C66086032
DEC_C66614142,DEC,C66614142
DEC_C66743056,DEC,C66743056
DEC_C66743057,DEC,C66743057
DEC_C03874802,DEC,C03874802
DEC_C00720226,DEC,C00720226
DEC_C01295777,DEC,C01295777
DEC_C06725814,DEC,C06725814
DEC_C12705975,DEC,C12705975
DEC_C12606492,DEC,C12606492
DEC_C12551974,DEC,C12551974
DEC_C02776817,DEC,C02776817
DEC_C02802165,DEC,C02802165
DEC_C14042840,DEC,C14042840
DEC_C15150537,DEC,C15150537
DEC_C17005077,DEC,C17005077
DEC_C21824568,DEC,C21824568
DEC_C22454207,DEC,C22454207
DEC_C07124777,DEC,C07124777
DEC_C12805608,DEC,C12805608
DEC_C32876456,DEC,C32876456
DEC_C35343871,DEC,C35343871
DEC_C37867939,DEC,C37867939
DEC_C38571585,DEC,C38571585
DEC_C39448201,DEC,C39448201
DEC_C43306602,DEC,C43306602
DEC_C46810472,DEC,C46810472
DEC_C47158091,DEC,C47158091
DEC_C48268688,DEC,C48268688
DEC_C51587893,DEC,C51587893
DEC_C53853035,DEC,C53853035
DEC_C57005993,DEC,C57005993
DEC_C57428695,DEC,C57428695
DEC_C27265056,DEC,C27265056
DEC_C58386238,DEC,C58386238
DEC_C06756808,DEC,C06756808
DEC_C35143720,DEC,C35143720
DEC_C59459453,DEC,C59459453
DEC_C59459459,DEC,C59459459
DEC_C09880601,DEC,C09880601
DEC_C17878347,DEC,C17878347
DEC_C61498683,DEC,C61498683
DEC_C61882611,DEC,C61882611
DEC_C61963402,DEC,C61963402
DEC_C62372896,DEC,C62372896
DEC_C65670103,DEC,C65670103
DEC_C66136125,DEC,C66136125
DEC_C66176782,DEC,C66176782
DEC_C66684635,DEC,C66684635
DEC_C66908005,DEC,C66908005
DEC_C66925492,DEC,C66925492
DEC_C67000221,DEC,C67000221
DEC_C67082522,DEC,C67082522
DEC_C67354217,DEC,C67354217
DEC_C05191908,DEC,C05191908
DEC_C09474781,DEC,C09474781
DEC_C10903933,DEC,C10903933
DEC_C14926794,DEC,C14926794
DEC_C19531818,DEC,C19531818
DEC_C35327975,DEC,C35327975
DEC_C35375035,DEC,C35375035
DEC_C04809629,DEC,C04809629
DEC_C39229395,DEC,C39229395
DEC_C39454544,DEC,C39454544
DEC_C39480841,DEC,C39480841
DEC_C39533982,DEC,C39533982
DEC_C39631275,DEC,C39631275
DEC_C39631352,DEC,C39631352
DEC_C39631581,DEC,C39631581
DEC_C39632019,DEC,C39632019
DEC_C39632023,DEC,C39632023
DEC_C39655908,DEC,C39655908
DEC_C39657685,DEC,C39657685
DEC_C39674034,DEC,C39674034
DEC_C39676436,DEC,C39676436
DEC_C39684150,DEC,C39684150
DEC_C39684246,DEC,C39684246
DEC_C12531474,DEC,C12531474
DEC_C35442598,DEC,C35442598
DEC_C44699188,DEC,C44699188
DEC_C47571157,DEC,C47571157
DEC_C44737136,DEC,C44737136
DEC_C54111677,DEC,C54111677
DEC_C19913449,DEC,C19913449
DEC_C56950295,DEC,C56950295
DEC_C49243424,DEC,C49243424
DEC_C61503064,DEC,C61503064
DEC_C61882504,DEC,C61882504
DEC_C13142686,DEC,C13142686
DEC_C63279947,DEC,C63279947
DEC_C63315524,DEC,C63315524
DEC_C63315525,DEC,C63315525
DEC_C63375936,DEC,C63375936
DEC_C63386379,DEC,C63386379
DEC_C63515133,DEC,C63515133
DEC_C64518426,DEC,C64518426
DEC_C65423536,DEC,C65423536
DEC_C65423539,DEC,C65423539
DEC_C65423546,DEC,C65423546
DEC_C65546278,DEC,C65546278
DEC_C66679734,DEC,C66679734
DEC_C66679736,DEC,C66679736
DEC_C67251450,DEC,C67251450
DEC_C67582721,DEC,C67582721
DEC_C04209458,DEC,C04209458
DEC_C05263542,DEC,C05263542
DEC_C05304756,DEC,C05304756
DEC_C05487298,DEC,C05487298
DEC_C05702098,DEC,C05702098
DEC_C08325728,DEC,C08325728
DEC_C08659761,DEC,C08659761
DEC_C09479207,DEC,C09479207
DEC_C09858675,DEC,C09858675
DEC_C11308697,DEC,C11308697
DEC_C12604288,DEC,C12604288
DEC_C04843503,DEC,C04843503
DEC_C18264295,DEC,C18264295
DEC_C19766931,DEC,C19766931
DEC_C19766933,DEC,C19766933
DEC_C28851414,DEC,C28851414
DEC_C00545492,DEC,C00545492
DEC_C05817666,DEC,C05817666
DEC_C05817664,DEC,C05817664
DEC_C39464309,DEC,C39464309
DEC_C08708256,DEC,C08708256
DEC_C40962114,DEC,C40962114
DEC_C08744532,DEC,C08744532
DEC_C04342109,DEC,C04342109
DEC_C56085189,DEC,C56085189
DEC_C19324244,DEC,C19324244
DEC_C00900588,DEC,C00900588
DEC_C20029555,DEC,C20029555
DEC_C47297252,DEC,C47297252
DEC_C50854234,DEC,C50854234
DEC_C54871352,DEC,C54871352
DEC_C01235348,DEC,C01235348
DEC_C63162140,DEC,C63162140
DEC_C63254951,DEC,C63254951
DEC_C04039703,DEC,C04039703
DEC_C04163651,DEC,C04163651
DEC_C18211810,DEC,C18211810
DEC_C17724773,DEC,C17724773
DEC_C17724773,DEC,C17724773
DEC_C64923400,DEC,C64923400
DEC_C65236368,DEC,C65236368
DEC_C65394077,DEC,C65394077
DEC_C65496120,DEC,C65496120
DEC_C66058214,DEC,C66058214
DEC_C66689501,DEC,C66689501
DEC_C66760142,DEC,C66760142
DEC_C66815106,DEC,C66815106
DEC_C66846517,DEC,C66846517
DEC_C66846518,DEC,C66846518
DEC_C67572425,DEC,C67572425
DEC_C00752468,DEC,C00752468
DEC_C05102388,DEC,C05102388
DEC_C05588282,DEC,C05588282
DEC_C05800433,DEC,C05800433
DEC_C07778663,DEC,C07778663
DEC_C08253110,DEC,C08253110
DEC_C08312439,DEC,C08312439
DEC_C08724331,DEC,C08724331
DEC_C07899902,DEC,C07899902
DEC_C10652399,DEC,C10652399
DEC_C11692073,DEC,C11692073
DEC_C13006276,DEC,C13006276
DEC_C07200441,DEC,C07200441
DEC_C19961558,DEC,C19961558
DEC_C35575690,DEC,C35575690
DEC_C05331210,DEC,C05331210
DEC_C36732883,DEC,C36732883
DEC_C12045361,DEC,C12045361
DEC_C38556474,DEC,C38556474
DEC_C38742633,DEC,C38742633
DEC_C38743362,DEC,C38743362
DEC_C38743363,DEC,C38743363
DEC_C38936194,DEC,C38936194
DEC_C39154623,DEC,C39154623
DEC_C39920697,DEC,C39920697
DEC_C40962622,DEC,C40962622
DEC_C41546116,DEC,C41546116
DEC_C44754798,DEC,C44754798
DEC_C45026133,DEC,C45026133
DEC_C45333875,DEC,C45333875
DEC_C45667904,DEC,C45667904
DEC_C46649847,DEC,C46649847
DEC_C48661500,DEC,C48661500
DEC_C48734766,DEC,C48734766
DEC_C09359989,DEC,C09359989
DEC_C56577318,DEC,C56577318
DEC_C04863118,DEC,C04863118
DEC_C19616822,DEC,C19616822
DEC_C07189150,DEC,C07189150
DEC_C52796315,DEC,C52796315
DEC_C58386520,DEC,C58386520
DEC_C10214787,DEC,C10214787
DEC_C59897081,DEC,C59897081
DEC_C39778041,DEC,C39778041
DEC_C64653041,DEC,C64653041
DEC_C65266630,DEC,C65266630
DEC_C66454836,DEC,C66454836
DEC_C66664468,DEC,C66664468
DEC_C66746071,DEC,C66746071
DEC_C67537665,DEC,C67537665
DEC_C00946537,DEC,C00946537
DEC_C03530681,DEC,C03530681
DEC_C05180387,DEC,C05180387
DEC_C05696991,DEC,C05696991
DEC_C06549314,DEC,C06549314
DEC_C06624392,DEC,C06624392
DEC_C06352485,DEC,C06352485
DEC_C00639279,DEC,C00639279
DEC_C09731323,DEC,C09731323
DEC_C09731325,DEC,C09731325
DEC_C10841467,DEC,C10841467
DEC_C12480163,DEC,C12480163
DEC_C12578224,DEC,C12578224
DEC_C09944402,DEC,C09944402
DEC_C05072526,DEC,C05072526
DEC_C04840803,DEC,C04840803
DEC_C13503464,DEC,C13503464
DEC_C20135860,DEC,C20135860
DEC_C21093024,DEC,C21093024
DEC_C27802079,DEC,C27802079
DEC_C30681929,DEC,C30681929
DEC_C34779611,DEC,C34779611
DEC_C35668700,DEC,C35668700
DEC_C02428598,DEC,C02428598
DEC_C38556450,DEC,C38556450
DEC_C38571172,DEC,C38571172
DEC_C38829474,DEC,C38829474
DEC_C38829476,DEC,C38829476
DEC_C39302216,DEC,C39302216
DEC_C39361621,DEC,C39361621
DEC_C39530413,DEC,C39530413
DEC_C09690464,DEC,C09690464
DEC_C40812412,DEC,C40812412
DEC_C40916561,DEC,C40916561
DEC_C42981755,DEC,C42981755
DEC_C48452544,DEC,C48452544
DEC_C02798272,DEC,C02798272
DEC_C09086295,DEC,C09086295
DEC_C05164316,DEC,C05164316
DEC_C09292660,DEC,C09292660
DEC_C00800669,DEC,C00800669
DEC_C54219803,DEC,C54219803
DEC_C54219804,DEC,C54219804
DEC_C54237072,DEC,C54237072
DEC_C58983121,DEC,C58983121
DEC_C16949340,DEC,C16949340
DEC_C05296352,DEC,C05296352
DEC_C59942018,DEC,C59942018
DEC_C60271495,DEC,C60271495
DEC_C64899525,DEC,C64899525
DEC_C02257210,DEC,C02257210
DEC_C04726854,DEC,C04726854
DEC_C04024729,DEC,C04024729
DEC_C05352311,DEC,C05352311
DEC_C12079375,DEC,C12079375
DEC_C16420920,DEC,C16420920
DEC_C14974914,DEC,C14974914
DEC_C23367807,DEC,C23367807
DEC_C33374390,DEC,C33374390
DEC_C35021041,DEC,C35021041
DEC_C38776582,DEC,C38776582
DEC_C39598737,DEC,C39598737
DEC_C39601341,DEC,C39601341
DEC_C39603041,DEC,C39603041
DEC_C39606783,DEC,C39606783
DEC_C39608310,DEC,C39608310
DEC_C39632445,DEC,C39632445
DEC_C39632671,DEC,C39632671
DEC_C39636141,DEC,C39636141
DEC_C39636632,DEC,C39636632
DEC_C39637542,DEC,C39637542
DEC_C39659205,DEC,C39659205
DEC_C39659355,DEC,C39659355
DEC_C39661231,DEC,C39661231
DEC_C39662105,DEC,C39662105
DEC_C39669593,DEC,C39669593
DEC_C39669668,DEC,C39669668
DEC_C39680575,DEC,C39680575
DEC_C39684977,DEC,C39684977
DEC_C39686154,DEC,C39686154
DEC_C39693692,DEC,C39693692
DEC_C39694482,DEC,C39694482
DEC_C39698446,DEC,C39698446
DEC_C39698448,DEC,C39698448
DEC_C39993375,DEC,C39993375
DEC_C40286609,DEC,C40286609
DEC_C41634728,DEC,C41634728
DEC_C53618204,DEC,C53618204
DEC_C11717638,DEC,C11717638
DEC_C60567616,DEC,C60567616
DEC_C63406017,DEC,C63406017
DEC_C20289169,DEC,C20289169
DEC_C63907364,DEC,C63907364
DEC_C64401629,DEC,C64401629
DEC_C64776016,DEC,C64776016
DEC_C65369772,DEC,C65369772
DEC_C65381351,DEC,C65381351
DEC_C66079921,DEC,C66079921
DEC_C67318132,DEC,C67318132
DEC_C67649903,DEC,C67649903
DEC_C04593536,DEC,C04593536
DEC_C08157396,DEC,C08157396
DEC_C12836352,DEC,C12836352
DEC_C12317692,DEC,C12317692
DEC_C13399320,DEC,C13399320
DEC_C17076572,DEC,C17076572
DEC_C20618064,DEC,C20618064
DEC_C23128968,DEC,C23128968
DEC_C34749828,DEC,C34749828
DEC_C39462183,DEC,C39462183
DEC_C39467160,DEC,C39467160
DEC_C39467485,DEC,C39467485
DEC_C39545615,DEC,C39545615
DEC_C39601448,DEC,C39601448
DEC_C39607291,DEC,C39607291
DEC_C39637132,DEC,C39637132
DEC_C39654931,DEC,C39654931
DEC_C39659203,DEC,C39659203
DEC_C39667197,DEC,C39667197
DEC_C39674161,DEC,C39674161
DEC_C39674211,DEC,C39674211
DEC_C39674301,DEC,C39674301
DEC_C39674975,DEC,C39674975
DEC_C39678312,DEC,C39678312
DEC_C39690820,DEC,C39690820
DEC_C39693695,DEC,C39693695
DEC_C39693768,DEC,C39693768
DEC_C39694919,DEC,C39694919
DEC_C39696658,DEC,C39696658
DEC_C39696685,DEC,C39696685
DEC_C39696799,DEC,C39696799
DEC_C39696897,DEC,C39696897
DEC_C39696903,DEC,C39696903
DEC_C39697129,DEC,C39697129
DEC_C39698449,DEC,C39698449
DEC_C40662598,DEC,C40662598
DEC_C05348751,DEC,C05348751
DEC_C34804851,DEC,C34804851
DEC_C58194897,DEC,C58194897
DEC_C15403489,DEC,C15403489
DEC_C18286168,DEC,C18286168
DEC_C63802811,DEC,C63802811
DEC_C63948126,DEC,C63948126
DEC_C64305066,DEC,C64305066
DEC_C64600509,DEC,C64600509
DEC_C65369771,DEC,C65369771
DEC_C66438116,DEC,C66438116
DEC_C67132628,DEC,C67132628
DEC_C67373187,DEC,C67373187
DEC_C67649901,DEC,C67649901
DEC_C00691495,DEC,C00691495
DEC_C05345552,DEC,C05345552
DEC_C03870877,DEC,C03870877
DEC_C02214967,DEC,C02214967
DEC_C08133241,DEC,C08133241
DEC_C08345912,DEC,C08345912
DEC_C09355626,DEC,C09355626
DEC_C12677119,DEC,C12677119
DEC_C12948522,DEC,C12948522
DEC_C14118355,DEC,C14118355
DEC_C07104825,DEC,C07104825
DEC_C15866625,DEC,C15866625
DEC_C23557501,DEC,C23557501
DEC_C34898335,DEC,C34898335
DEC_C00850085,DEC,C00850085
DEC_C39464548,DEC,C39464548
DEC_C39466170,DEC,C39466170
DEC_C33631500,DEC,C33631500
DEC_C44452957,DEC,C44452957
DEC_C45683802,DEC,C45683802
DEC_C46961332,DEC,C46961332
DEC_C49472497,DEC,C49472497
DEC_C05454058,DEC,C05454058
DEC_C04124402,DEC,C04124402
DEC_C51106178,DEC,C51106178
DEC_C51586913,DEC,C51586913
DEC_C51586914,DEC,C51586914
DEC_C51679594,DEC,C51679594
DEC_C56133489,DEC,C56133489
DEC_C56133491,DEC,C56133491
DEC_C57125058,DEC,C57125058
DEC_C57125061,DEC,C57125061
DEC_C51411490,DEC,C51411490
DEC_C58551509,DEC,C58551509
DEC_C60684664,DEC,C60684664
DEC_C05186048,DEC,C05186048
DEC_C07126287,DEC,C07126287
DEC_C32103263,DEC,C32103263
DEC_C63372465,DEC,C63372465
DEC_C63373933,DEC,C63373933
DEC_C64960831,DEC,C64960831
DEC_C64960832,DEC,C64960832
DEC_C65500075,DEC,C65500075
DEC_C66289480,DEC,C66289480
DEC_C66437568,DEC,C66437568
DEC_C66768469,DEC,C66768469
DEC_C67272055,DEC,C67272055
DEC_C67273481,DEC,C67273481
DEC_C67273483,DEC,C67273483
DEC_C67513734,DEC,C67513734
DEC_C02999703,DEC,C02999703
DEC_C05018330,DEC,C05018330
DEC_C02103264,DEC,C02103264
DEC_C03325167,DEC,C03325167
DEC_C01110249,DEC,C01110249
DEC_C14109591,DEC,C14109591
DEC_C01124179,DEC,C01124179
DEC_C16327919,DEC,C16327919
DEC_C18750104,DEC,C18750104
DEC_C19042929,DEC,C19042929
DEC_C21142917,DEC,C21142917
DEC_C21142921,DEC,C21142921
DEC_C21332062,DEC,C21332062
DEC_C23866738,DEC,C23866738
DEC_C25452431,DEC,C25452431
DEC_C25452435,DEC,C25452435
DEC_C25702764,DEC,C25702764
DEC_C27753992,DEC,C27753992
DEC_C35092963,DEC,C35092963
DEC_C35092965,DEC,C35092965
DEC_C35932688,DEC,C35932688
DEC_C36578545,DEC,C36578545
DEC_C36586087,DEC,C36586087
DEC_C36587639,DEC,C36587639
DEC_C02889315,DEC,C02889315
DEC_C02688836,DEC,C02688836
DEC_C39147106,DEC,C39147106
DEC_C39152749,DEC,C39152749
DEC_C39534209,DEC,C39534209
DEC_C39558816,DEC,C39558816
DEC_C39856113,DEC,C39856113
DEC_C40399212,DEC,C40399212
DEC_C40400391,DEC,C40400391
DEC_C40681520,DEC,C40681520
DEC_C47731436,DEC,C47731436
DEC_C00951778,DEC,C00951778
DEC_C20799976,DEC,C20799976
DEC_C53575817,DEC,C53575817
DEC_C32250317,DEC,C32250317
DEC_C56871856,DEC,C56871856
DEC_C58167529,DEC,C58167529
DEC_C58236977,DEC,C58236977
DEC_C15972121,DEC,C15972121
DEC_C60340326,DEC,C60340326
DEC_C08670757,DEC,C08670757
DEC_C63767082,DEC,C63767082
DEC_C63888431,DEC,C63888431
DEC_C64198978,DEC,C64198978
DEC_C66908193,DEC,C66908193
DEC_C67467374,DEC,C67467374
DEC_C04150791,DEC,C04150791
DEC_C00985278,DEC,C00985278
DEC_C04426609,DEC,C04426609
DEC_C04532730,DEC,C04532730
DEC_C04574929,DEC,C04574929
DEC_C00690781,DEC,C00690781
DEC_C00690802,DEC,C00690802
DEC_C00690804,DEC,C00690804
DEC_C04915010,DEC,C04915010
DEC_C04973614,DEC,C04973614
DEC_C05482447,DEC,C05482447
DEC_C00679985,DEC,C00679985
DEC_C01475147,DEC,C01475147
DEC_C08614620,DEC,C08614620
DEC_C08748118,DEC,C08748118
DEC_C04193525,DEC,C04193525
DEC_C13567638,DEC,C13567638
DEC_C05634257,DEC,C05634257
DEC_C19816271,DEC,C19816271
DEC_C04802952,DEC,C04802952
DEC_C20059209,DEC,C20059209
DEC_C20149644,DEC,C20149644
DEC_C00705612,DEC,C00705612
DEC_C00705610,DEC,C00705610
DEC_C16034246,DEC,C16034246
DEC_C09138232,DEC,C09138232
DEC_C13623989,DEC,C13623989
DEC_C20751897,DEC,C20751897
DEC_C08926176,DEC,C08926176
DEC_C17095731,DEC,C17095731
DEC_C36020327,DEC,C36020327
DEC_C36170547,DEC,C36170547
DEC_C37054783,DEC,C37054783
DEC_C01229894,DEC,C01229894
DEC_C04925586,DEC,C04925586
DEC_C01440781,DEC,C01440781
DEC_C39464351,DEC,C39464351
DEC_C39464892,DEC,C39464892
DEC_C39465045,DEC,C39465045
DEC_C39468772,DEC,C39468772
DEC_C39521565,DEC,C39521565
DEC_C39522924,DEC,C39522924
DEC_C33942276,DEC,C33942276
DEC_C39851994,DEC,C39851994
DEC_C43735328,DEC,C43735328
DEC_C43750497,DEC,C43750497
DEC_C46511481,DEC,C46511481
DEC_C23425649,DEC,C23425649
DEC_C66394727,DEC,C66394727
DEC_C67028921,DEC,C67028921
DEC_C09123840,DEC,C09123840
DEC_C09312867,DEC,C09312867
DEC_C09329440,DEC,C09329440
DEC_C09357622,DEC,C09357622
DEC_C13596117,DEC,C13596117
DEC_C16011521,DEC,C16011521
DEC_C16020777,DEC,C16020777
DEC_C20984961,DEC,C20984961
DEC_C34774715,DEC,C34774715
DEC_C39596382,DEC,C39596382
DEC_C39609320,DEC,C39609320
DEC_C39609766,DEC,C39609766
DEC_C39637429,DEC,C39637429
DEC_C39638742,DEC,C39638742
DEC_C39653136,DEC,C39653136
DEC_C39664482,DEC,C39664482
DEC_C39664489,DEC,C39664489
DEC_C39665804,DEC,C39665804
DEC_C39666213,DEC,C39666213
DEC_C39666636,DEC,C39666636
DEC_C39667130,DEC,C39667130
DEC_C39667131,DEC,C39667131
DEC_C39670470,DEC,C39670470
DEC_C39671021,DEC,C39671021
DEC_C39673401,DEC,C39673401
DEC_C39673419,DEC,C39673419
DEC_C39677270,DEC,C39677270
DEC_C39681125,DEC,C39681125
DEC_C39685463,DEC,C39685463
DEC_C39687097,DEC,C39687097
DEC_C39688303,DEC,C39688303
DEC_C39688619,DEC,C39688619
DEC_C39688621,DEC,C39688621
DEC_C39694102,DEC,C39694102
DEC_C39694203,DEC,C39694203
DEC_C39696245,DEC,C39696245
DEC_C40876938,DEC,C40876938
DEC_C40920653,DEC,C40920653
DEC_C49421233,DEC,C49421233
DEC_C63383452,DEC,C63383452
DEC_C63384363,DEC,C63384363
DEC_C63479921,DEC,C63479921
DEC_C63479934,DEC,C63479934
DEC_C63479935,DEC,C63479935
DEC_C63666772,DEC,C63666772
DEC_C63830545,DEC,C63830545
DEC_C63830790,DEC,C63830790
DEC_C64152495,DEC,C64152495
DEC_C63479932,DEC,C63479932
DEC_C64870236,DEC,C64870236
DEC_C09502595,DEC,C09502595
DEC_C09641787,DEC,C09641787
DEC_C09731806,DEC,C09731806
DEC_C12149099,DEC,C12149099
DEC_C00931343,DEC,C00931343
DEC_C12511484,DEC,C12511484
DEC_C13029000,DEC,C13029000
DEC_C13121483,DEC,C13121483
DEC_C01169026,DEC,C01169026
DEC_C15669047,DEC,C15669047
DEC_C16044968,DEC,C16044968
DEC_C16044971,DEC,C16044971
DEC_C16646957,DEC,C16646957
DEC_C16676567,DEC,C16676567
DEC_C18198207,DEC,C18198207
DEC_C19973155,DEC,C19973155
DEC_C12958527,DEC,C12958527
DEC_C23882053,DEC,C23882053
DEC_C24504946,DEC,C24504946
DEC_C26772065,DEC,C26772065
DEC_C27059907,DEC,C27059907
DEC_C28230405,DEC,C28230405
DEC_C32680264,DEC,C32680264
DEC_C13098087,DEC,C13098087
DEC_C00747191,DEC,C00747191
DEC_C34888564,DEC,C34888564
DEC_C21179835,DEC,C21179835
DEC_C35851578,DEC,C35851578
DEC_C35883584,DEC,C35883584
DEC_C14753826,DEC,C14753826
DEC_C14472888,DEC,C14472888
DEC_C38788093,DEC,C38788093
DEC_C39455901,DEC,C39455901
DEC_C39457636,DEC,C39457636
DEC_C39527190,DEC,C39527190
DEC_C39706808,DEC,C39706808
DEC_C32479966,DEC,C32479966
DEC_C44167551,DEC,C44167551
DEC_C45334352,DEC,C45334352
DEC_C00958237,DEC,C00958237
DEC_C56952856,DEC,C56952856
DEC_C20150727,DEC,C20150727
DEC_C02327809,DEC,C02327809
DEC_C63628340,DEC,C63628340
DEC_C63628342,DEC,C63628342
DEC_C64439111,DEC,C64439111
DEC_C37443440,DEC,C37443440
DEC_C64613003,DEC,C64613003
DEC_C35456712,DEC,C35456712
DEC_C64776065,DEC,C64776065
DEC_C08781474,DEC,C08781474
DEC_C08951962,DEC,C08951962
DEC_C09215984,DEC,C09215984
DEC_C09357517,DEC,C09357517
DEC_C09359670,DEC,C09359670
DEC_C09369224,DEC,C09369224
DEC_C09885598,DEC,C09885598
DEC_C11965436,DEC,C11965436
DEC_C12485479,DEC,C12485479
DEC_C12497540,DEC,C12497540
DEC_C12900398,DEC,C12900398
DEC_C15733763,DEC,C15733763
DEC_C15860510,DEC,C15860510
DEC_C16012230,DEC,C16012230
DEC_C21776630,DEC,C21776630
DEC_C25061925,DEC,C25061925
DEC_C28932964,DEC,C28932964
DEC_C35325142,DEC,C35325142
DEC_C35671550,DEC,C35671550
DEC_C35936918,DEC,C35936918
DEC_C37409793,DEC,C37409793
DEC_C00676886,DEC,C00676886
DEC_C02257646,DEC,C02257646
DEC_C38564782,DEC,C38564782
DEC_C38604547,DEC,C38604547
DEC_C38671057,DEC,C38671057
DEC_C38776946,DEC,C38776946
DEC_C39939753,DEC,C39939753
DEC_C40010143,DEC,C40010143
DEC_C35855553,DEC,C35855553
DEC_C49590282,DEC,C49590282
DEC_C36027217,DEC,C36027217
DEC_C36027277,DEC,C36027277
DEC_C35665381,DEC,C35665381
DEC_C36032519,DEC,C36032519
DEC_C01828906,DEC,C01828906
DEC_C59890290,DEC,C59890290
DEC_C62580104,DEC,C62580104
DEC_C39939553,DEC,C39939553
DEC_C63384855,DEC,C63384855
DEC_C63486207,DEC,C63486207
DEC_C63526559,DEC,C63526559
DEC_C38965547,DEC,C38965547
DEC_C63746716,DEC,C63746716
DEC_C63752958,DEC,C63752958
DEC_C63761318,DEC,C63761318
DEC_C63780568,DEC,C63780568
DEC_C64417727,DEC,C64417727
DEC_C16038167,DEC,C16038167
DEC_C67295021,DEC,C67295021
DEC_C05649062,DEC,C05649062
DEC_C09331831,DEC,C09331831
DEC_C09391514,DEC,C09391514
DEC_C12150414,DEC,C12150414
DEC_C11789397,DEC,C11789397
DEC_C12212501,DEC,C12212501
DEC_C12497384,DEC,C12497384
DEC_C14881248,DEC,C14881248
DEC_C16012234,DEC,C16012234
DEC_C23983654,DEC,C23983654
DEC_C34792482,DEC,C34792482
DEC_C15951911,DEC,C15951911
DEC_C36093617,DEC,C36093617
DEC_C39596931,DEC,C39596931
DEC_C39596933,DEC,C39596933
DEC_C39601311,DEC,C39601311
DEC_C39607174,DEC,C39607174
DEC_C39636624,DEC,C39636624
DEC_C39670471,DEC,C39670471
DEC_C39672904,DEC,C39672904
DEC_C39672907,DEC,C39672907
DEC_C39676816,DEC,C39676816
DEC_C39681397,DEC,C39681397
DEC_C39681398,DEC,C39681398
DEC_C39686235,DEC,C39686235
DEC_C39687299,DEC,C39687299
DEC_C39694128,DEC,C39694128
DEC_C39694190,DEC,C39694190
DEC_C45245723,DEC,C45245723
DEC_C46551475,DEC,C46551475
DEC_C49765417,DEC,C49765417
DEC_C49765419,DEC,C49765419
DEC_C59061007,DEC,C59061007
DEC_C63180965,DEC,C63180965
DEC_C63373609,DEC,C63373609
DEC_C63472728,DEC,C63472728
DEC_C63472946,DEC,C63472946
DEC_C63472947,DEC,C63472947
DEC_C63479903,DEC,C63479903
DEC_C63479997,DEC,C63479997
DEC_C63480111,DEC,C63480111
DEC_C63513798,DEC,C63513798
DEC_C63546992,DEC,C63546992
DEC_C63557159,DEC,C63557159
DEC_C63557161,DEC,C63557161
DEC_C63731554,DEC,C63731554
DEC_C63772438,DEC,C63772438
DEC_C63899660,DEC,C63899660
DEC_C53627422,DEC,C53627422
DEC_C64518594,DEC,C64518594
DEC_C11973371,DEC,C11973371
DEC_C12005437,DEC,C12005437
DEC_C12883449,DEC,C12883449
DEC_C15733818,DEC,C15733818
DEC_C16612547,DEC,C16612547
DEC_C19789301,DEC,C19789301
DEC_C20860495,DEC,C20860495
DEC_C22911687,DEC,C22911687
DEC_C39355367,DEC,C39355367
DEC_C39560910,DEC,C39560910
DEC_C39560911,DEC,C39560911
DEC_C38899557,DEC,C38899557
DEC_C39596558,DEC,C39596558
DEC_C39623760,DEC,C39623760
DEC_C39623765,DEC,C39623765
DEC_C39635107,DEC,C39635107
DEC_C39636112,DEC,C39636112
DEC_C39638617,DEC,C39638617
DEC_C39638726,DEC,C39638726
DEC_C39652707,DEC,C39652707
DEC_C39652739,DEC,C39652739
DEC_C39654538,DEC,C39654538
DEC_C39657590,DEC,C39657590
DEC_C39662187,DEC,C39662187
DEC_C39665221,DEC,C39665221
DEC_C39666065,DEC,C39666065
DEC_C39667046,DEC,C39667046
DEC_C39667141,DEC,C39667141
DEC_C39668897,DEC,C39668897
DEC_C39668910,DEC,C39668910
DEC_C39669225,DEC,C39669225
DEC_C39673151,DEC,C39673151
DEC_C39673231,DEC,C39673231
DEC_C39675449,DEC,C39675449
DEC_C39676959,DEC,C39676959
DEC_C39685419,DEC,C39685419
DEC_C39688552,DEC,C39688552
DEC_C39688553,DEC,C39688553
DEC_C39689453,DEC,C39689453
DEC_C39690016,DEC,C39690016
DEC_C39691258,DEC,C39691258
DEC_C49071732,DEC,C49071732
DEC_C59060813,DEC,C59060813
DEC_C63098799,DEC,C63098799
DEC_C63234728,DEC,C63234728
DEC_C63403738,DEC,C63403738
DEC_C63526791,DEC,C63526791
DEC_C63547065,DEC,C63547065
DEC_C65074730,DEC,C65074730
DEC_C65074748,DEC,C65074748
DEC_C02130313,DEC,C02130313
DEC_C02131103,DEC,C02131103
DEC_C08790150,DEC,C08790150
DEC_C08790300,DEC,C08790300
DEC_C11173695,DEC,C11173695
DEC_C02129723,DEC,C02129723
DEC_C12881935,DEC,C12881935
DEC_C12882492,DEC,C12882492
DEC_C12902051,DEC,C12902051
DEC_C09613424,DEC,C09613424
DEC_C09356988,DEC,C09356988
DEC_C03204136,DEC,C03204136
DEC_C19354078,DEC,C19354078
DEC_C36629533,DEC,C36629533
DEC_C01898640,DEC,C01898640
DEC_C05295468,DEC,C05295468
DEC_C38964765,DEC,C38964765
DEC_C39467231,DEC,C39467231
DEC_C39467420,DEC,C39467420
DEC_C39467475,DEC,C39467475
DEC_C39656095,DEC,C39656095
DEC_C39661792,DEC,C39661792
DEC_C39669959,DEC,C39669959
DEC_C39671519,DEC,C39671519
DEC_C39674064,DEC,C39674064
DEC_C39674068,DEC,C39674068
DEC_C39684194,DEC,C39684194
DEC_C39685798,DEC,C39685798
DEC_C39685899,DEC,C39685899
DEC_C39751585,DEC,C39751585
DEC_C40866289,DEC,C40866289
DEC_C44714601,DEC,C44714601
DEC_C22325186,DEC,C22325186
DEC_C44737509,DEC,C44737509
DEC_C25336441,DEC,C25336441
DEC_C57481622,DEC,C57481622
DEC_C10644921,DEC,C10644921
DEC_C12850468,DEC,C12850468
DEC_C12549552,DEC,C12549552
DEC_C63641866,DEC,C63641866
DEC_C63641868,DEC,C63641868
DEC_C63690787,DEC,C63690787
DEC_C63690790,DEC,C63690790
DEC_C63933355,DEC,C63933355
DEC_C63985273,DEC,C63985273
DEC_C64097983,DEC,C64097983
DEC_C64097984,DEC,C64097984
DEC_C64098016,DEC,C64098016
DEC_C64197790,DEC,C64197790
DEC_C64540132,DEC,C64540132
DEC_C09186757,DEC,C09186757
DEC_C12319504,DEC,C12319504
DEC_C38546949,DEC,C38546949
DEC_C38546965,DEC,C38546965
DEC_C38546967,DEC,C38546967
DEC_C38547736,DEC,C38547736
DEC_C39600419,DEC,C39600419
DEC_C39600748,DEC,C39600748
DEC_C39600901,DEC,C39600901
DEC_C39606878,DEC,C39606878
DEC_C39607068,DEC,C39607068
DEC_C39609217,DEC,C39609217
DEC_C39609726,DEC,C39609726
DEC_C39623170,DEC,C39623170
DEC_C39623239,DEC,C39623239
DEC_C39623749,DEC,C39623749
DEC_C39639515,DEC,C39639515
DEC_C39639517,DEC,C39639517
DEC_C39639519,DEC,C39639519
DEC_C39652860,DEC,C39652860
DEC_C39652898,DEC,C39652898
DEC_C39654471,DEC,C39654471
DEC_C39654556,DEC,C39654556
DEC_C39657196,DEC,C39657196
DEC_C39657319,DEC,C39657319
DEC_C39657386,DEC,C39657386
DEC_C39666876,DEC,C39666876
DEC_C39667054,DEC,C39667054
DEC_C39667072,DEC,C39667072
DEC_C39667515,DEC,C39667515
DEC_C39667550,DEC,C39667550
DEC_C39669222,DEC,C39669222
DEC_C39673676,DEC,C39673676
DEC_C39676894,DEC,C39676894
DEC_C39677110,DEC,C39677110
DEC_C39683674,DEC,C39683674
DEC_C39689402,DEC,C39689402
DEC_C39690474,DEC,C39690474
DEC_C39690493,DEC,C39690493
DEC_C39690750,DEC,C39690750
DEC_C39691049,DEC,C39691049
DEC_C39691280,DEC,C39691280
DEC_C39696456,DEC,C39696456
DEC_C38550678,DEC,C38550678
DEC_C43609156,DEC,C43609156
DEC_C44249939,DEC,C44249939
DEC_C59410955,DEC,C59410955
DEC_C26440810,DEC,C26440810
DEC_C39934439,DEC,C39934439
DEC_C63234614,DEC,C63234614
DEC_C08573523,DEC,C08573523
DEC_C08789074,DEC,C08789074
DEC_C08791220,DEC,C08791220
DEC_C08923386,DEC,C08923386
DEC_C08927633,DEC,C08927633
DEC_C02335561,DEC,C02335561
DEC_C03670396,DEC,C03670396
DEC_C12340209,DEC,C12340209
DEC_C12653410,DEC,C12653410
DEC_C12653415,DEC,C12653415
DEC_C14996354,DEC,C14996354
DEC_C19022412,DEC,C19022412
DEC_C19219598,DEC,C19219598
DEC_C19219604,DEC,C19219604
DEC_C19219612,DEC,C19219612
DEC_C19581412,DEC,C19581412
DEC_C13569231,DEC,C13569231
DEC_C33626643,DEC,C33626643
DEC_C35375121,DEC,C35375121
DEC_C24172433,DEC,C24172433
DEC_C37643658,DEC,C37643658
DEC_C39227944,DEC,C39227944
DEC_C39448853,DEC,C39448853
DEC_C39448864,DEC,C39448864
DEC_C39467093,DEC,C39467093
DEC_C39467154,DEC,C39467154
DEC_C39671436,DEC,C39671436
DEC_C39671437,DEC,C39671437
DEC_C39671518,DEC,C39671518
DEC_C39674026,DEC,C39674026
DEC_C39674082,DEC,C39674082
DEC_C39684116,DEC,C39684116
DEC_C39684188,DEC,C39684188
DEC_C39684212,DEC,C39684212
DEC_C39684215,DEC,C39684215
DEC_C39684239,DEC,C39684239
DEC_C39855967,DEC,C39855967
DEC_C40812764,DEC,C40812764
DEC_C44714585,DEC,C44714585
DEC_C39231309,DEC,C39231309
DEC_C39357289,DEC,C39357289
DEC_C44737511,DEC,C44737511
DEC_C12520455,DEC,C12520455
DEC_C12576348,DEC,C12576348
DEC_C12549556,DEC,C12549556
DEC_C63633448,DEC,C63633448
DEC_C63795401,DEC,C63795401
DEC_C64138795,DEC,C64138795
DEC_C64416882,DEC,C64416882
DEC_C64623285,DEC,C64623285
DEC_C00630883,DEC,C00630883
DEC_C00625568,DEC,C00625568
DEC_C08430495,DEC,C08430495
DEC_C00713533,DEC,C00713533
DEC_C00647912,DEC,C00647912
DEC_C06143655,DEC,C06143655
DEC_C01253858,DEC,C01253858
DEC_C06189482,DEC,C06189482
DEC_C02576497,DEC,C02576497
DEC_C03772524,DEC,C03772524
DEC_C14460924,DEC,C14460924
DEC_C14467251,DEC,C14467251
DEC_C14547912,DEC,C14547912
DEC_C14547913,DEC,C14547913
DEC_C16286413,DEC,C16286413
DEC_C16447441,DEC,C16447441
DEC_C06280947,DEC,C06280947
DEC_C00647869,DEC,C00647869
DEC_C20701352,DEC,C20701352
DEC_C14475857,DEC,C14475857
DEC_C21225139,DEC,C21225139
DEC_C21944666,DEC,C21944666
DEC_C17085914,DEC,C17085914
DEC_C27532695,DEC,C27532695
DEC_C06720279,DEC,C06720279
DEC_C33810568,DEC,C33810568
DEC_C02422630,DEC,C02422630
DEC_C35409460,DEC,C35409460
DEC_C22265129,DEC,C22265129
DEC_C08411444,DEC,C08411444
DEC_C19458494,DEC,C19458494
DEC_C38651053,DEC,C38651053
DEC_C38651294,DEC,C38651294
DEC_C38655707,DEC,C38655707
DEC_C38657651,DEC,C38657651
DEC_C38679470,DEC,C38679470
DEC_C39324492,DEC,C39324492
DEC_C00664707,DEC,C00664707
DEC_C39395783,DEC,C39395783
DEC_C18196275,DEC,C18196275
DEC_C57403292,DEC,C57403292
DEC_C58823924,DEC,C58823924
DEC_C59303654,DEC,C59303654
DEC_C30782452,DEC,C30782452
DEC_C13720936,DEC,C13720936
DEC_C15945752,DEC,C15945752
DEC_C06300277,DEC,C06300277
DEC_C06300265,DEC,C06300265
DEC_C39980339,DEC,C39980339
DEC_C10013818,DEC,C10013818
DEC_C00422906,DEC,C00422906
DEC_C00304433,DEC,C00304433
DEC_C02462671,DEC,C02462671
DEC_C05480274,DEC,C05480274
DEC_C00994458,DEC,C00994458
DEC_C06623935,DEC,C06623935
DEC_C08132325,DEC,C08132325
DEC_C08502019,DEC,C08502019
DEC_C00793395,DEC,C00793395
DEC_C09482774,DEC,C09482774
DEC_C09686684,DEC,C09686684
DEC_C09698472,DEC,C09698472
DEC_C09698473,DEC,C09698473
DEC_C12395069,DEC,C12395069
DEC_C12408667,DEC,C12408667
DEC_C00522010,DEC,C00522010
DEC_C09015738,DEC,C09015738
DEC_C15208118,DEC,C15208118
DEC_C19207779,DEC,C19207779
DEC_C20990199,DEC,C20990199
DEC_C20990205,DEC,C20990205
DEC_C22608439,DEC,C22608439
DEC_C36867951,DEC,C36867951
DEC_C04195481,DEC,C04195481
DEC_C03531962,DEC,C03531962
DEC_C39441531,DEC,C39441531
DEC_C39454748,DEC,C39454748
DEC_C39479893,DEC,C39479893
DEC_C44124174,DEC,C44124174
DEC_C15996673,DEC,C15996673
DEC_C51148166,DEC,C51148166
DEC_C57406014,DEC,C57406014
DEC_C57991819,DEC,C57991819
DEC_C02501297,DEC,C02501297
DEC_C60526437,DEC,C60526437
DEC_C13735288,DEC,C13735288
DEC_C62380496,DEC,C62380496
DEC_C39777711,DEC,C39777711
DEC_C40268836,DEC,C40268836
DEC_C64450238,DEC,C64450238
DEC_C64613549,DEC,C64613549
DEC_C19959732,DEC,C19959732
DEC_C19959729,DEC,C19959729
DEC_C65656805,DEC,C65656805
DEC_C65751536,DEC,C65751536
DEC_C66418494,DEC,C66418494
DEC_C66733034,DEC,C66733034
DEC_C66796070,DEC,C66796070
DEC_C66803271,DEC,C66803271
DEC_C67305632,DEC,C67305632
DEC_C04140117,DEC,C04140117
DEC_C00647655,DEC,C00647655
DEC_C04517250,DEC,C04517250
DEC_C04997602,DEC,C04997602
DEC_C04107160,DEC,C04107160
DEC_C05255346,DEC,C05255346
DEC_C05483629,DEC,C05483629
DEC_C05808863,DEC,C05808863
DEC_C06858396,DEC,C06858396
DEC_C12027628,DEC,C12027628
DEC_C12182912,DEC,C12182912
DEC_C12183819,DEC,C12183819
DEC_C12393784,DEC,C12393784
DEC_C12763783,DEC,C12763783
DEC_C03081775,DEC,C03081775
DEC_C23865540,DEC,C23865540
DEC_C04523026,DEC,C04523026
DEC_C32850784,DEC,C32850784
DEC_C36802933,DEC,C36802933
DEC_C04326723,DEC,C04326723
DEC_C38556431,DEC,C38556431
DEC_C04544087,DEC,C04544087
DEC_C39991950,DEC,C39991950
DEC_C40170926,DEC,C40170926
DEC_C49788134,DEC,C49788134
DEC_C04123528,DEC,C04123528
DEC_C56072573,DEC,C56072573
DEC_C56604398,DEC,C56604398
DEC_C58161621,DEC,C58161621
DEC_C30826407,DEC,C30826407
DEC_C07688360,DEC,C07688360
DEC_C60767028,DEC,C60767028
DEC_C05466517,DEC,C05466517
DEC_C63084306,DEC,C63084306
DEC_C63392905,DEC,C63392905
DEC_C40284686,DEC,C40284686
DEC_C64097924,DEC,C64097924
DEC_C64163822,DEC,C64163822
DEC_C64163823,DEC,C64163823
DEC_C65180043,DEC,C65180043
DEC_C65491765,DEC,C65491765
DEC_C66325980,DEC,C66325980
DEC_C66587265,DEC,C66587265
DEC_C66746463,DEC,C66746463
DEC_C66846403,DEC,C66846403
DEC_C66931311,DEC,C66931311
DEC_C66931440,DEC,C66931440
DEC_C67280528,DEC,C67280528
DEC_C67390586,DEC,C67390586
DEC_C67470791,DEC,C67470791
DEC_C03335810,DEC,C03335810
DEC_C03841702,DEC,C03841702
DEC_C08180817,DEC,C08180817
DEC_C08742503,DEC,C08742503
DEC_C08764404,DEC,C08764404
DEC_C10572814,DEC,C10572814
DEC_C11740142,DEC,C11740142
DEC_C11740146,DEC,C11740146
DEC_C12546563,DEC,C12546563
DEC_C17042487,DEC,C17042487
DEC_C20504794,DEC,C20504794
DEC_C20785940,DEC,C20785940
DEC_C24437508,DEC,C24437508
DEC_C24437523,DEC,C24437523
DEC_C25353816,DEC,C25353816
DEC_C25597544,DEC,C25597544
DEC_C41295655,DEC,C41295655
DEC_C41740366,DEC,C41740366
DEC_C42084438,DEC,C42084438
DEC_C44544936,DEC,C44544936
DEC_C46671312,DEC,C46671312
DEC_C46671313,DEC,C46671313
DEC_C46718177,DEC,C46718177
DEC_C50902984,DEC,C50902984
DEC_C54903902,DEC,C54903902
DEC_C54949432,DEC,C54949432
DEC_C56862541,DEC,C56862541
DEC_C57698798,DEC,C57698798
DEC_C25102214,DEC,C25102214
DEC_C61001960,DEC,C61001960
DEC_C61632408,DEC,C61632408
DEC_C61998771,DEC,C61998771
DEC_C63317427,DEC,C63317427
DEC_C63825314,DEC,C63825314
DEC_C64081777,DEC,C64081777
DEC_C65202978,DEC,C65202978
DEC_C65308535,DEC,C65308535
DEC_C66426957,DEC,C66426957
DEC_C66456615,DEC,C66456615
DEC_C66591939,DEC,C66591939
DEC_C66714326,DEC,C66714326
DEC_C66827860,DEC,C66827860
DEC_C66939652,DEC,C66939652
DEC_C67125649,DEC,C67125649
DEC_C67125652,DEC,C67125652
DEC_C67130429,DEC,C67130429
DEC_C67130430,DEC,C67130430
DEC_C67414887,DEC,C67414887
DEC_C67426391,DEC,C67426391
DEC_C67465362,DEC,C67465362
DEC_C08764334,DEC,C08764334
DEC_C08869302,DEC,C08869302
DEC_C08920781,DEC,C08920781
DEC_C08920784,DEC,C08920784
DEC_C09972531,DEC,C09972531
DEC_C10735672,DEC,C10735672
DEC_C10768353,DEC,C10768353
DEC_C12727607,DEC,C12727607
DEC_C14021025,DEC,C14021025
DEC_C14252133,DEC,C14252133
DEC_C14457453,DEC,C14457453
DEC_C14956853,DEC,C14956853
DEC_C15620712,DEC,C15620712
DEC_C16575819,DEC,C16575819
DEC_C16819571,DEC,C16819571
DEC_C19295357,DEC,C19295357
DEC_C20467177,DEC,C20467177
DEC_C20467378,DEC,C20467378
DEC_C20694609,DEC,C20694609
DEC_C20989150,DEC,C20989150
DEC_C24295295,DEC,C24295295
DEC_C25076992,DEC,C25076992
DEC_C26338182,DEC,C26338182
DEC_C36213877,DEC,C36213877
DEC_C36612897,DEC,C36612897
DEC_C02887130,DEC,C02887130
DEC_C10040550,DEC,C10040550
DEC_C38556466,DEC,C38556466
DEC_C08791694,DEC,C08791694
DEC_C39280330,DEC,C39280330
DEC_C39495753,DEC,C39495753
DEC_C39658078,DEC,C39658078
DEC_C39662662,DEC,C39662662
DEC_C40801255,DEC,C40801255
DEC_C33888404,DEC,C33888404
DEC_C43221263,DEC,C43221263
DEC_C43553757,DEC,C43553757
DEC_C43553761,DEC,C43553761
DEC_C45925143,DEC,C45925143
DEC_C16010194,DEC,C16010194
DEC_C22883509,DEC,C22883509
DEC_C12051080,DEC,C12051080
DEC_C58821749,DEC,C58821749
DEC_C59640078,DEC,C59640078
DEC_C19832590,DEC,C19832590
DEC_C28719897,DEC,C28719897
DEC_C60340303,DEC,C60340303
DEC_C63686667,DEC,C63686667
DEC_C38741247,DEC,C38741247
DEC_C09488164,DEC,C09488164
DEC_C04784736,DEC,C04784736
DEC_C08686562,DEC,C08686562
DEC_C08790619,DEC,C08790619
DEC_C12877564,DEC,C12877564
DEC_C12881490,DEC,C12881490
DEC_C08636345,DEC,C08636345
DEC_C08995726,DEC,C08995726
DEC_C08972077,DEC,C08972077
DEC_C22313484,DEC,C22313484
DEC_C22840219,DEC,C22840219
DEC_C06058533,DEC,C06058533
DEC_C25680382,DEC,C25680382
DEC_C36273235,DEC,C36273235
DEC_C39029696,DEC,C39029696
DEC_C39323858,DEC,C39323858
DEC_C39353580,DEC,C39353580
DEC_C39661738,DEC,C39661738
DEC_C39661900,DEC,C39661900
DEC_C39671592,DEC,C39671592
DEC_C39671593,DEC,C39671593
DEC_C39674577,DEC,C39674577
DEC_C39676156,DEC,C39676156
DEC_C39676167,DEC,C39676167
DEC_C39159896,DEC,C39159896
DEC_C39940649,DEC,C39940649
DEC_C40687410,DEC,C40687410
DEC_C42632638,DEC,C42632638
DEC_C33898210,DEC,C33898210
DEC_C44399193,DEC,C44399193
DEC_C45254514,DEC,C45254514
DEC_C39695854,DEC,C39695854
DEC_C54726314,DEC,C54726314
DEC_C12507610,DEC,C12507610
DEC_C19357025,DEC,C19357025
DEC_C05172582,DEC,C05172582
DEC_C59926794,DEC,C59926794
DEC_C12506245,DEC,C12506245
DEC_C39760392,DEC,C39760392
DEC_C39760393,DEC,C39760393
DEC_C63686320,DEC,C63686320
DEC_C63686322,DEC,C63686322
DEC_C63686323,DEC,C63686323
DEC_C64044452,DEC,C64044452
DEC_C64198057,DEC,C64198057
DEC_C64227746,DEC,C64227746
DEC_C25107902,DEC,C25107902
DEC_C65330189,DEC,C65330189
DEC_C65330194,DEC,C65330194
DEC_C66195028,DEC,C66195028
DEC_C67273439,DEC,C67273439
DEC_C04087265,DEC,C04087265
DEC_C07990160,DEC,C07990160
DEC_C07990161,DEC,C07990161
DEC_C08253925,DEC,C08253925
DEC_C08253929,DEC,C08253929
DEC_C04585753,DEC,C04585753
DEC_C06727371,DEC,C06727371
DEC_C11423112,DEC,C11423112
DEC_C12590882,DEC,C12590882
DEC_C20465710,DEC,C20465710
DEC_C04489158,DEC,C04489158
DEC_C29820822,DEC,C29820822
DEC_C31663612,DEC,C31663612
DEC_C36007419,DEC,C36007419
DEC_C36007417,DEC,C36007417
DEC_C04088582,DEC,C04088582
DEC_C38508743,DEC,C38508743
DEC_C38586138,DEC,C38586138
DEC_C38748330,DEC,C38748330
DEC_C39951318,DEC,C39951318
DEC_C40629930,DEC,C40629930
DEC_C42814015,DEC,C42814015
DEC_C43303480,DEC,C43303480
DEC_C44713638,DEC,C44713638
DEC_C45254512,DEC,C45254512
DEC_C45848105,DEC,C45848105
DEC_C45848108,DEC,C45848108
DEC_C23471007,DEC,C23471007
DEC_C52829863,DEC,C52829863
DEC_C29033441,DEC,C29033441
DEC_C48310460,DEC,C48310460
DEC_C58162059,DEC,C58162059
DEC_C18126020,DEC,C18126020
DEC_C20572783,DEC,C20572783
DEC_C39760437,DEC,C39760437
DEC_C63271374,DEC,C63271374
DEC_C63758954,DEC,C63758954
DEC_C63791338,DEC,C63791338
DEC_C63985102,DEC,C63985102
DEC_C61904222,DEC,C61904222
DEC_C64380809,DEC,C64380809
DEC_C64417611,DEC,C64417611
DEC_C65118354,DEC,C65118354
DEC_C66402587,DEC,C66402587
DEC_C66562925,DEC,C66562925
DEC_C67267646,DEC,C67267646
DEC_C67304518,DEC,C67304518
DEC_C67392712,DEC,C67392712
DEC_C67421295,DEC,C67421295
DEC_C67487972,DEC,C67487972
DEC_C04123973,DEC,C04123973
DEC_C04730002,DEC,C04730002
DEC_C05102077,DEC,C05102077
DEC_C06894683,DEC,C06894683
DEC_C00814372,DEC,C00814372
DEC_C00969383,DEC,C00969383
DEC_C12293446,DEC,C12293446
DEC_C12318350,DEC,C12318350
DEC_C12330093,DEC,C12330093
DEC_C12330195,DEC,C12330195
DEC_C12432688,DEC,C12432688
DEC_C05590460,DEC,C05590460
DEC_C04787247,DEC,C04787247
DEC_C11662257,DEC,C11662257
DEC_C15080083,DEC,C15080083
DEC_C18284347,DEC,C18284347
DEC_C19374119,DEC,C19374119
DEC_C20059283,DEC,C20059283
DEC_C20562398,DEC,C20562398
DEC_C21013287,DEC,C21013287
DEC_C21026586,DEC,C21026586
DEC_C27360077,DEC,C27360077
DEC_C34868071,DEC,C34868071
DEC_C36266033,DEC,C36266033
DEC_C36938614,DEC,C36938614
DEC_C37020243,DEC,C37020243
DEC_C37282704,DEC,C37282704
DEC_C38122590,DEC,C38122590
DEC_C38733925,DEC,C38733925
DEC_C39295725,DEC,C39295725
DEC_C39466639,DEC,C39466639
DEC_C39466775,DEC,C39466775
DEC_C39633736,DEC,C39633736
DEC_C39933252,DEC,C39933252
DEC_C40740986,DEC,C40740986
DEC_C42958955,DEC,C42958955
DEC_C43095889,DEC,C43095889
DEC_C43283523,DEC,C43283523
DEC_C43290482,DEC,C43290482
DEC_C44556224,DEC,C44556224
DEC_C45545588,DEC,C45545588
DEC_C47042477,DEC,C47042477
DEC_C50361932,DEC,C50361932
DEC_C44517101,DEC,C44517101
DEC_C60485354,DEC,C60485354
DEC_C61642574,DEC,C61642574
DEC_C63386421,DEC,C63386421
DEC_C63794307,DEC,C63794307
DEC_C65265974,DEC,C65265974
DEC_C67489260,DEC,C67489260
DEC_C04161776,DEC,C04161776
DEC_C04847811,DEC,C04847811
DEC_C05576438,DEC,C05576438
DEC_C03353879,DEC,C03353879
DEC_C00896864,DEC,C00896864
DEC_C09269469,DEC,C09269469
DEC_C09264595,DEC,C09264595
DEC_C08963260,DEC,C08963260
DEC_C12217807,DEC,C12217807
DEC_C12296363,DEC,C12296363
DEC_C12390840,DEC,C12390840
DEC_C06300630,DEC,C06300630
DEC_C06300822,DEC,C06300822
DEC_C09007904,DEC,C09007904
DEC_C09468701,DEC,C09468701
DEC_C13591961,DEC,C13591961
DEC_C14882221,DEC,C14882221
DEC_C13550346,DEC,C13550346
DEC_C21242905,DEC,C21242905
DEC_C22918525,DEC,C22918525
DEC_C25607371,DEC,C25607371
DEC_C26458158,DEC,C26458158
DEC_C30587499,DEC,C30587499
DEC_C33331895,DEC,C33331895
DEC_C34207846,DEC,C34207846
DEC_C34748952,DEC,C34748952
DEC_C35834549,DEC,C35834549
DEC_C35870221,DEC,C35870221
DEC_C19568306,DEC,C19568306
DEC_C22577385,DEC,C22577385
DEC_C38597572,DEC,C38597572
DEC_C39206320,DEC,C39206320
DEC_C39336686,DEC,C39336686
DEC_C39445978,DEC,C39445978
DEC_C39467577,DEC,C39467577
DEC_C39467580,DEC,C39467580
DEC_C18935580,DEC,C18935580
DEC_C59825673,DEC,C59825673
DEC_C39938710,DEC,C39938710
DEC_C39945876,DEC,C39945876
DEC_C39946772,DEC,C39946772
DEC_C39946773,DEC,C39946773
DEC_C63339561,DEC,C63339561
DEC_C63361980,DEC,C63361980
DEC_C63362653,DEC,C63362653
DEC_C63362778,DEC,C63362778
DEC_C63374648,DEC,C63374648
DEC_C63558260,DEC,C63558260
DEC_C63830600,DEC,C63830600
DEC_C64480290,DEC,C64480290
DEC_C04723488,DEC,C04723488
DEC_C04885530,DEC,C04885530
DEC_C04885874,DEC,C04885874
DEC_C04971769,DEC,C04971769
DEC_C04991713,DEC,C04991713
DEC_C02393176,DEC,C02393176
DEC_C08764815,DEC,C08764815
DEC_C09576195,DEC,C09576195
DEC_C10611950,DEC,C10611950
DEC_C12114624,DEC,C12114624
DEC_C12496955,DEC,C12496955
DEC_C15004701,DEC,C15004701
DEC_C15860421,DEC,C15860421
DEC_C15860434,DEC,C15860434
DEC_C15931189,DEC,C15931189
DEC_C20411770,DEC,C20411770
DEC_C20849328,DEC,C20849328
DEC_C20935965,DEC,C20935965
DEC_C21158641,DEC,C21158641
DEC_C27492356,DEC,C27492356
DEC_C28822246,DEC,C28822246
DEC_C36204050,DEC,C36204050
DEC_C39012290,DEC,C39012290
DEC_C39357942,DEC,C39357942
DEC_C39708053,DEC,C39708053
DEC_C39708106,DEC,C39708106
DEC_C39957834,DEC,C39957834
DEC_C39981077,DEC,C39981077
DEC_C39981170,DEC,C39981170
DEC_C39981283,DEC,C39981283
DEC_C35851607,DEC,C35851607
DEC_C44645911,DEC,C44645911
DEC_C44657929,DEC,C44657929
DEC_C46791327,DEC,C46791327
DEC_C47281022,DEC,C47281022
DEC_C49765500,DEC,C49765500
DEC_C13450473,DEC,C13450473
DEC_C15675596,DEC,C15675596
DEC_C41430252,DEC,C41430252
DEC_C38898420,DEC,C38898420
DEC_C64151859,DEC,C64151859
DEC_C64201803,DEC,C64201803
DEC_C64704779,DEC,C64704779
DEC_C65172213,DEC,C65172213
DEC_C65182047,DEC,C65182047
DEC_C65182581,DEC,C65182581
DEC_C65182586,DEC,C65182586
DEC_C65182693,DEC,C65182693
DEC_C66175782,DEC,C66175782
DEC_C42912291,DEC,C42912291
DEC_C04569227,DEC,C04569227
DEC_C09338145,DEC,C09338145
DEC_C11934187,DEC,C11934187
DEC_C12497107,DEC,C12497107
DEC_C12809438,DEC,C12809438
DEC_C12924710,DEC,C12924710
DEC_C12305896,DEC,C12305896
DEC_C15672896,DEC,C15672896
DEC_C35641649,DEC,C35641649
DEC_C35641655,DEC,C35641655
DEC_C35641859,DEC,C35641859
DEC_C35991570,DEC,C35991570
DEC_C35991680,DEC,C35991680
DEC_C15079519,DEC,C15079519
DEC_C38570381,DEC,C38570381
DEC_C38789390,DEC,C38789390
DEC_C36685791,DEC,C36685791
DEC_C39011895,DEC,C39011895
DEC_C39573661,DEC,C39573661
DEC_C39935159,DEC,C39935159
DEC_C39981008,DEC,C39981008
DEC_C40038433,DEC,C40038433
DEC_C41151289,DEC,C41151289
DEC_C43746795,DEC,C43746795
DEC_C45800739,DEC,C45800739
DEC_C08782372,DEC,C08782372
DEC_C56612839,DEC,C56612839
DEC_C59264637,DEC,C59264637
DEC_C12848455,DEC,C12848455
DEC_C14651162,DEC,C14651162
DEC_C39980131,DEC,C39980131
DEC_C63375248,DEC,C63375248
DEC_C63375382,DEC,C63375382
DEC_C18022571,DEC,C18022571
DEC_C63572004,DEC,C63572004
DEC_C38966111,DEC,C38966111
DEC_C38966296,DEC,C38966296
DEC_C18068097,DEC,C18068097
DEC_C64002187,DEC,C64002187
DEC_C64414529,DEC,C64414529
DEC_C64567038,DEC,C64567038
DEC_C64978335,DEC,C64978335
DEC_C64978336,DEC,C64978336
DEC_C65182115,DEC,C65182115
DEC_C65182570,DEC,C65182570
DEC_C65182680,DEC,C65182680
DEC_C65182684,DEC,C65182684
DEC_C65182702,DEC,C65182702
DEC_C66186959,DEC,C66186959
DEC_C66986038,DEC,C66986038
DEC_C02651171,DEC,C02651171
DEC_C06149032,DEC,C06149032
DEC_C06149113,DEC,C06149113
DEC_C06077575,DEC,C06077575
DEC_C06077754,DEC,C06077754
DEC_C00907470,DEC,C00907470
DEC_C09433320,DEC,C09433320
DEC_C09433322,DEC,C09433322
DEC_C02449566,DEC,C02449566
DEC_C09831442,DEC,C09831442
DEC_C10315666,DEC,C10315666
DEC_C12498019,DEC,C12498019
DEC_C12498021,DEC,C12498021
DEC_C13065138,DEC,C13065138
DEC_C06410001,DEC,C06410001
DEC_C13146152,DEC,C13146152
DEC_C13495845,DEC,C13495845
DEC_C06442868,DEC,C06442868
DEC_C09311979,DEC,C09311979
DEC_C12497968,DEC,C12497968
DEC_C19955551,DEC,C19955551
DEC_C21090373,DEC,C21090373
DEC_C30828310,DEC,C30828310
DEC_C32960887,DEC,C32960887
DEC_C35097080,DEC,C35097080
DEC_C35591777,DEC,C35591777
DEC_C35642029,DEC,C35642029
DEC_C35642035,DEC,C35642035
DEC_C35646539,DEC,C35646539
DEC_C35745398,DEC,C35745398
DEC_C35926300,DEC,C35926300
DEC_C35926667,DEC,C35926667
DEC_C36013832,DEC,C36013832
DEC_C36013871,DEC,C36013871
DEC_C36122163,DEC,C36122163
DEC_C37264027,DEC,C37264027
DEC_C01318672,DEC,C01318672
DEC_C38596018,DEC,C38596018
DEC_C38596020,DEC,C38596020
DEC_C39609039,DEC,C39609039
DEC_C40410690,DEC,C40410690
DEC_C36024455,DEC,C36024455
DEC_C36028117,DEC,C36028117
DEC_C52636936,DEC,C52636936
DEC_C01821179,DEC,C01821179
DEC_C41585982,DEC,C41585982
DEC_C63205565,DEC,C63205565
DEC_C63351383,DEC,C63351383
DEC_C63375837,DEC,C63375837
DEC_C63426767,DEC,C63426767
DEC_C03415934,DEC,C03415934
DEC_C09260519,DEC,C09260519
DEC_C09856503,DEC,C09856503
DEC_C02344096,DEC,C02344096
DEC_C02631621,DEC,C02631621
DEC_C13013732,DEC,C13013732
DEC_C13016283,DEC,C13016283
DEC_C13020579,DEC,C13020579
DEC_C13048665,DEC,C13048665
DEC_C13048850,DEC,C13048850
DEC_C13052354,DEC,C13052354
DEC_C13184367,DEC,C13184367
DEC_C13210731,DEC,C13210731
DEC_C13219975,DEC,C13219975
DEC_C13231276,DEC,C13231276
DEC_C13241873,DEC,C13241873
DEC_C13241999,DEC,C13241999
DEC_C13242490,DEC,C13242490
DEC_C13244606,DEC,C13244606
DEC_C13266583,DEC,C13266583
DEC_C13444189,DEC,C13444189
DEC_C13444578,DEC,C13444578
DEC_C15446447,DEC,C15446447
DEC_C08652569,DEC,C08652569
DEC_C05955481,DEC,C05955481
DEC_C19796775,DEC,C19796775
DEC_C20920491,DEC,C20920491
DEC_C22574480,DEC,C22574480
DEC_C26771628,DEC,C26771628
DEC_C13567380,DEC,C13567380
DEC_C35694153,DEC,C35694153
DEC_C35697586,DEC,C35697586
DEC_C09348333,DEC,C09348333
DEC_C04199847,DEC,C04199847
DEC_C39457666,DEC,C39457666
DEC_C13249472,DEC,C13249472
DEC_C39928827,DEC,C39928827
DEC_C44320912,DEC,C44320912
DEC_C13014921,DEC,C13014921
DEC_C13255544,DEC,C13255544
DEC_C13255583,DEC,C13255583
DEC_C46642933,DEC,C46642933
DEC_C46815853,DEC,C46815853
DEC_C57380981,DEC,C57380981
DEC_C35167055,DEC,C35167055
DEC_C14291491,DEC,C14291491
DEC_C02380145,DEC,C02380145
DEC_C39984402,DEC,C39984402
DEC_C13174498,DEC,C13174498
DEC_C64982512,DEC,C64982512
DEC_C06014932,DEC,C06014932
DEC_C06135228,DEC,C06135228
DEC_C09045745,DEC,C09045745
DEC_C09324925,DEC,C09324925
DEC_C09118582,DEC,C09118582
DEC_C09516694,DEC,C09516694
DEC_C09569154,DEC,C09569154
DEC_C09796018,DEC,C09796018
DEC_C09796874,DEC,C09796874
DEC_C11787917,DEC,C11787917
DEC_C11840799,DEC,C11840799
DEC_C12132248,DEC,C12132248
DEC_C12244472,DEC,C12244472
DEC_C12371321,DEC,C12371321
DEC_C12498212,DEC,C12498212
DEC_C12712888,DEC,C12712888
DEC_C12717369,DEC,C12717369
DEC_C13065531,DEC,C13065531
DEC_C13500616,DEC,C13500616
DEC_C14993638,DEC,C14993638
DEC_C14996733,DEC,C14996733
DEC_C16042192,DEC,C16042192
DEC_C08920306,DEC,C08920306
DEC_C09241700,DEC,C09241700
DEC_C08586413,DEC,C08586413
DEC_C08586267,DEC,C08586267
DEC_C20876734,DEC,C20876734
DEC_C21868250,DEC,C21868250
DEC_C23192428,DEC,C23192428
DEC_C23192433,DEC,C23192433
DEC_C35564274,DEC,C35564274
DEC_C35564721,DEC,C35564721
DEC_C35642684,DEC,C35642684
DEC_C35646643,DEC,C35646643
DEC_C35664730,DEC,C35664730
DEC_C37512980,DEC,C37512980
DEC_C13151173,DEC,C13151173
DEC_C39440564,DEC,C39440564
DEC_C40149304,DEC,C40149304
DEC_C40410628,DEC,C40410628
DEC_C15006078,DEC,C15006078
DEC_C22924958,DEC,C22924958
DEC_C45568849,DEC,C45568849
DEC_C15016825,DEC,C15016825
DEC_C60156255,DEC,C60156255
DEC_C63375103,DEC,C63375103
DEC_C63699231,DEC,C63699231
DEC_C63974564,DEC,C63974564
DEC_C64337956,DEC,C64337956
DEC_C35423409,DEC,C35423409
DEC_C04588092,DEC,C04588092
DEC_C03670164,DEC,C03670164
DEC_C09041344,DEC,C09041344
DEC_C11936692,DEC,C11936692
DEC_C12391152,DEC,C12391152
DEC_C14540704,DEC,C14540704
DEC_C15913108,DEC,C15913108
DEC_C29128222,DEC,C29128222
DEC_C35375103,DEC,C35375103
DEC_C36629385,DEC,C36629385
DEC_C36273490,DEC,C36273490
DEC_C04125262,DEC,C04125262
DEC_C04180561,DEC,C04180561
DEC_C00940749,DEC,C00940749
DEC_C00940740,DEC,C00940740
DEC_C39306802,DEC,C39306802
DEC_C39916330,DEC,C39916330
DEC_C42908572,DEC,C42908572
DEC_C45724283,DEC,C45724283
DEC_C46254898,DEC,C46254898
DEC_C46368281,DEC,C46368281
DEC_C46883872,DEC,C46883872
DEC_C48180736,DEC,C48180736
DEC_C48270384,DEC,C48270384
DEC_C48605294,DEC,C48605294
DEC_C49779719,DEC,C49779719
DEC_C54681250,DEC,C54681250
DEC_C56418107,DEC,C56418107
DEC_C56649225,DEC,C56649225
DEC_C56934499,DEC,C56934499
DEC_C56937895,DEC,C56937895
DEC_C58214902,DEC,C58214902
DEC_C59619515,DEC,C59619515
DEC_C63244334,DEC,C63244334
DEC_C63492699,DEC,C63492699
DEC_C40017026,DEC,C40017026
DEC_C64062029,DEC,C64062029
DEC_C66390221,DEC,C66390221
DEC_C66390435,DEC,C66390435
DEC_C66678992,DEC,C66678992
DEC_C66977378,DEC,C66977378
DEC_C67130010,DEC,C67130010
DEC_C67332879,DEC,C67332879
DEC_C67382676,DEC,C67382676
DEC_C67463169,DEC,C67463169
DEC_C67481930,DEC,C67481930
DEC_C67486761,DEC,C67486761
DEC_C67550915,DEC,C67550915
DEC_C67624517,DEC,C67624517
DEC_C67654431,DEC,C67654431
DEC_C03978066,DEC,C03978066
DEC_C03978069,DEC,C03978069
DEC_C04482093,DEC,C04482093
DEC_C02276623,DEC,C02276623
DEC_C08789705,DEC,C08789705
DEC_C08790225,DEC,C08790225
DEC_C08790472,DEC,C08790472
DEC_C08790566,DEC,C08790566
DEC_C08791034,DEC,C08791034
DEC_C08868742,DEC,C08868742
DEC_C09359508,DEC,C09359508
DEC_C10025535,DEC,C10025535
DEC_C09379405,DEC,C09379405
DEC_C10775621,DEC,C10775621
DEC_C02127070,DEC,C02127070
DEC_C13062898,DEC,C13062898
DEC_C13804157,DEC,C13804157
DEC_C16591191,DEC,C16591191
DEC_C20504808,DEC,C20504808
DEC_C20569499,DEC,C20569499
DEC_C26273342,DEC,C26273342
DEC_C27607501,DEC,C27607501
DEC_C36386094,DEC,C36386094
DEC_C38610019,DEC,C38610019
DEC_C39631719,DEC,C39631719
DEC_C39631726,DEC,C39631726
DEC_C39631998,DEC,C39631998
DEC_C39661748,DEC,C39661748
DEC_C39671492,DEC,C39671492
DEC_C39671570,DEC,C39671570
DEC_C39674462,DEC,C39674462
DEC_C39676292,DEC,C39676292
DEC_C39676293,DEC,C39676293
DEC_C39684085,DEC,C39684085
DEC_C39685782,DEC,C39685782
DEC_C39726913,DEC,C39726913
DEC_C44714380,DEC,C44714380
DEC_C44714496,DEC,C44714496
DEC_C44714635,DEC,C44714635
DEC_C44714652,DEC,C44714652
DEC_C44714660,DEC,C44714660
DEC_C59293337,DEC,C59293337
DEC_C12551860,DEC,C12551860
DEC_C63110602,DEC,C63110602
DEC_C39933392,DEC,C39933392
DEC_C63828019,DEC,C63828019
DEC_C39995168,DEC,C39995168
DEC_C24985565,DEC,C24985565
DEC_C64626563,DEC,C64626563
DEC_C64890713,DEC,C64890713
DEC_C03585374,DEC,C03585374
DEC_C08790672,DEC,C08790672
DEC_C08791308,DEC,C08791308
DEC_C08873270,DEC,C08873270
DEC_C12874574,DEC,C12874574
DEC_C13120921,DEC,C13120921
DEC_C15550493,DEC,C15550493
DEC_C17043947,DEC,C17043947
DEC_C08995694,DEC,C08995694
DEC_C20905207,DEC,C20905207
DEC_C22782017,DEC,C22782017
DEC_C02242815,DEC,C02242815
DEC_C25782396,DEC,C25782396
DEC_C27325785,DEC,C27325785
DEC_C02256653,DEC,C02256653
DEC_C04466155,DEC,C04466155
DEC_C03633179,DEC,C03633179
DEC_C39210616,DEC,C39210616
DEC_C39631866,DEC,C39631866
DEC_C39631888,DEC,C39631888
DEC_C39655938,DEC,C39655938
DEC_C39657794,DEC,C39657794
DEC_C39657796,DEC,C39657796
DEC_C39661721,DEC,C39661721
DEC_C39661839,DEC,C39661839
DEC_C39671571,DEC,C39671571
DEC_C39671580,DEC,C39671580
DEC_C39676331,DEC,C39676331
DEC_C39684238,DEC,C39684238
DEC_C39685726,DEC,C39685726
DEC_C39693467,DEC,C39693467
DEC_C39709346,DEC,C39709346
DEC_C01882384,DEC,C01882384
DEC_C33904211,DEC,C33904211
DEC_C33904298,DEC,C33904298
DEC_C33923904,DEC,C33923904
DEC_C40744498,DEC,C40744498
DEC_C44714443,DEC,C44714443
DEC_C44737505,DEC,C44737505
DEC_C28956128,DEC,C28956128
DEC_C10167006,DEC,C10167006
DEC_C63069385,DEC,C63069385
DEC_C63182777,DEC,C63182777
DEC_C63204297,DEC,C63204297
DEC_C63361905,DEC,C63361905
DEC_C63472952,DEC,C63472952
DEC_C63709806,DEC,C63709806
DEC_C63781938,DEC,C63781938
DEC_C63806828,DEC,C63806828
DEC_C64055487,DEC,C64055487
DEC_C08643715,DEC,C08643715
DEC_C02366757,DEC,C02366757
DEC_C08993832,DEC,C08993832
DEC_C02645818,DEC,C02645818
DEC_C11173477,DEC,C11173477
DEC_C12875892,DEC,C12875892
DEC_C17306030,DEC,C17306030
DEC_C19808224,DEC,C19808224
DEC_C19927178,DEC,C19927178
DEC_C20465622,DEC,C20465622
DEC_C21984078,DEC,C21984078
DEC_C25760764,DEC,C25760764
DEC_C25782040,DEC,C25782040
DEC_C30202066,DEC,C30202066
DEC_C25760486,DEC,C25760486
DEC_C34748619,DEC,C34748619
DEC_C03953037,DEC,C03953037
DEC_C39676355,DEC,C39676355
DEC_C39683847,DEC,C39683847
DEC_C39683951,DEC,C39683951
DEC_C39683975,DEC,C39683975
DEC_C40106824,DEC,C40106824
DEC_C41607392,DEC,C41607392
DEC_C44714336,DEC,C44714336
DEC_C44714345,DEC,C44714345
DEC_C44714347,DEC,C44714347
DEC_C44714349,DEC,C44714349
DEC_C46299851,DEC,C46299851
DEC_C46424319,DEC,C46424319
DEC_C48732079,DEC,C48732079
DEC_C49605871,DEC,C49605871
DEC_C51062459,DEC,C51062459
DEC_C20573659,DEC,C20573659
DEC_C55541269,DEC,C55541269
DEC_C56182308,DEC,C56182308
DEC_C24108007,DEC,C24108007
DEC_C07659894,DEC,C07659894
DEC_C48558867,DEC,C48558867
DEC_C61879686,DEC,C61879686
DEC_C63329004,DEC,C63329004
DEC_C63406140,DEC,C63406140
DEC_C63541304,DEC,C63541304
DEC_C64048249,DEC,C64048249
DEC_C64890547,DEC,C64890547
DEC_C65988730,DEC,C65988730
DEC_C66671015,DEC,C66671015
DEC_C67373316,DEC,C67373316
DEC_C67414932,DEC,C67414932
DEC_C67497234,DEC,C67497234
DEC_C67650237,DEC,C67650237
DEC_C03954438,DEC,C03954438
DEC_C02232431,DEC,C02232431
DEC_C04291912,DEC,C04291912
DEC_C04517132,DEC,C04517132
DEC_C02020074,DEC,C02020074
DEC_C02539733,DEC,C02539733
DEC_C02562394,DEC,C02562394
DEC_C04855165,DEC,C04855165
DEC_C02209064,DEC,C02209064
DEC_C05208116,DEC,C05208116
DEC_C01581670,DEC,C01581670
DEC_C06562897,DEC,C06562897
DEC_C00060405,DEC,C00060405
DEC_C06658122,DEC,C06658122
DEC_C08624405,DEC,C08624405
DEC_C13139168,DEC,C13139168
DEC_C13424889,DEC,C13424889
DEC_C14488854,DEC,C14488854
DEC_C16789236,DEC,C16789236
DEC_C17109323,DEC,C17109323
DEC_C21735680,DEC,C21735680
DEC_C21735684,DEC,C21735684
DEC_C23107614,DEC,C23107614
DEC_C16026454,DEC,C16026454
DEC_C27610157,DEC,C27610157
DEC_C27986468,DEC,C27986468
DEC_C34380645,DEC,C34380645
DEC_C34779482,DEC,C34779482
DEC_C36532630,DEC,C36532630
DEC_C37021916,DEC,C37021916
DEC_C03830517,DEC,C03830517
DEC_C03830516,DEC,C03830516
DEC_C02662542,DEC,C02662542
DEC_C38752343,DEC,C38752343
DEC_C38752355,DEC,C38752355
DEC_C40550488,DEC,C40550488
DEC_C41069848,DEC,C41069848
DEC_C43303630,DEC,C43303630
DEC_C53327774,DEC,C53327774
DEC_C56850339,DEC,C56850339
DEC_C16026456,DEC,C16026456
DEC_C64655770,DEC,C64655770
DEC_C66250906,DEC,C66250906
DEC_C66643787,DEC,C66643787
DEC_C67124271,DEC,C67124271
DEC_C67268332,DEC,C67268332
DEC_C67268714,DEC,C67268714
DEC_C67274314,DEC,C67274314
DEC_C67447080,DEC,C67447080
DEC_C67447081,DEC,C67447081
DEC_C03838939,DEC,C03838939
DEC_C04318568,DEC,C04318568
DEC_C04580757,DEC,C04580757
DEC_C01420983,DEC,C01420983
DEC_C05610061,DEC,C05610061
DEC_C06669830,DEC,C06669830
DEC_C16429802,DEC,C16429802
DEC_C16619331,DEC,C16619331
DEC_C17420833,DEC,C17420833
DEC_C19983398,DEC,C19983398
DEC_C20727078,DEC,C20727078
DEC_C24505949,DEC,C24505949
DEC_C32093887,DEC,C32093887
DEC_C35384610,DEC,C35384610
DEC_C00112768,DEC,C00112768
DEC_C28541700,DEC,C28541700
DEC_C39125263,DEC,C39125263
DEC_C39277006,DEC,C39277006
DEC_C39323369,DEC,C39323369
DEC_C39543844,DEC,C39543844
DEC_C40347330,DEC,C40347330
DEC_C40384284,DEC,C40384284
DEC_C41070130,DEC,C41070130
DEC_C44357055,DEC,C44357055
DEC_C44357063,DEC,C44357063
DEC_C44966683,DEC,C44966683
DEC_C49499288,DEC,C49499288
DEC_C50926192,DEC,C50926192
DEC_C52240072,DEC,C52240072
DEC_C27371807,DEC,C27371807
DEC_C56196037,DEC,C56196037
DEC_C40466354,DEC,C40466354
DEC_C01420982,DEC,C01420982
DEC_C43005593,DEC,C43005593
DEC_C61323942,DEC,C61323942
DEC_C63161978,DEC,C63161978
DEC_C63250122,DEC,C63250122
DEC_C38588144,DEC,C38588144
DEC_C63406564,DEC,C63406564
DEC_C18095738,DEC,C18095738
DEC_C58293591,DEC,C58293591
DEC_C51131186,DEC,C51131186
DEC_C66239816,DEC,C66239816
DEC_C66587638,DEC,C66587638
DEC_C66634764,DEC,C66634764
DEC_C66876865,DEC,C66876865
DEC_C66876867,DEC,C66876867
DEC_C67266407,DEC,C67266407
DEC_C67547128,DEC,C67547128
DEC_C67562572,DEC,C67562572
DEC_C03893135,DEC,C03893135
DEC_C01047393,DEC,C01047393
DEC_C04404863,DEC,C04404863
DEC_C05018474,DEC,C05018474
DEC_C05077195,DEC,C05077195
DEC_C01749133,DEC,C01749133
DEC_C06184209,DEC,C06184209
DEC_C05518976,DEC,C05518976
DEC_C08158032,DEC,C08158032
DEC_C08189182,DEC,C08189182
DEC_C03856164,DEC,C03856164
DEC_C12867536,DEC,C12867536
DEC_C12932018,DEC,C12932018
DEC_C13622967,DEC,C13622967
DEC_C18517644,DEC,C18517644
DEC_C19078737,DEC,C19078737
DEC_C19078740,DEC,C19078740
DEC_C19939182,DEC,C19939182
DEC_C21633035,DEC,C21633035
DEC_C23074448,DEC,C23074448
DEC_C23281699,DEC,C23281699
DEC_C23953660,DEC,C23953660
DEC_C24750766,DEC,C24750766
DEC_C24980692,DEC,C24980692
DEC_C15503824,DEC,C15503824
DEC_C36584605,DEC,C36584605
DEC_C38980958,DEC,C38980958
DEC_C38984189,DEC,C38984189
DEC_C42523636,DEC,C42523636
DEC_C42569682,DEC,C42569682
DEC_C46028206,DEC,C46028206
DEC_C48125661,DEC,C48125661
DEC_C48703908,DEC,C48703908
DEC_C16323593,DEC,C16323593
DEC_C05339786,DEC,C05339786
DEC_C55356922,DEC,C55356922
DEC_C56147088,DEC,C56147088
DEC_C14924066,DEC,C14924066
DEC_C58148326,DEC,C58148326
DEC_C58381792,DEC,C58381792
DEC_C16269594,DEC,C16269594
DEC_C60238463,DEC,C60238463
DEC_C48704654,DEC,C48704654
DEC_C61958329,DEC,C61958329
DEC_C63187732,DEC,C63187732
DEC_C63770212,DEC,C63770212
DEC_C66327728,DEC,C66327728
DEC_C66960610,DEC,C66960610
DEC_C67170274,DEC,C67170274
DEC_C67284308,DEC,C67284308
DEC_C00850189,DEC,C00850189
DEC_C00996211,DEC,C00996211
DEC_C00996339,DEC,C00996339
DEC_C00996953,DEC,C00996953
DEC_C00997024,DEC,C00997024
DEC_C02616647,DEC,C02616647
DEC_C02922295,DEC,C02922295
DEC_C05039259,DEC,C05039259
DEC_C06122375,DEC,C06122375
DEC_C07256068,DEC,C07256068
DEC_C02291178,DEC,C02291178
DEC_C09044172,DEC,C09044172
DEC_C09642454,DEC,C09642454
DEC_C07049337,DEC,C07049337
DEC_C09738906,DEC,C09738906
DEC_C09739145,DEC,C09739145
DEC_C19659867,DEC,C19659867
DEC_C20710140,DEC,C20710140
DEC_C20710238,DEC,C20710238
DEC_C20710299,DEC,C20710299
DEC_C23751670,DEC,C23751670
DEC_C24583851,DEC,C24583851
DEC_C24583859,DEC,C24583859
DEC_C32666533,DEC,C32666533
DEC_C34779583,DEC,C34779583
DEC_C14476188,DEC,C14476188
DEC_C14476220,DEC,C14476220
DEC_C14476222,DEC,C14476222
DEC_C14476224,DEC,C14476224
DEC_C13123647,DEC,C13123647
DEC_C39315390,DEC,C39315390
DEC_C39699433,DEC,C39699433
DEC_C39710428,DEC,C39710428
DEC_C39856276,DEC,C39856276
DEC_C40812020,DEC,C40812020
DEC_C40812045,DEC,C40812045
DEC_C40868671,DEC,C40868671
DEC_C48150790,DEC,C48150790
DEC_C20503092,DEC,C20503092
DEC_C54550954,DEC,C54550954
DEC_C04384163,DEC,C04384163
DEC_C18329161,DEC,C18329161
DEC_C58983016,DEC,C58983016
DEC_C48560349,DEC,C48560349
DEC_C59385486,DEC,C59385486
DEC_C59385702,DEC,C59385702
DEC_C39949076,DEC,C39949076
DEC_C64354565,DEC,C64354565
DEC_C64871146,DEC,C64871146
DEC_C50552026,DEC,C50552026
DEC_C00152450,DEC,C00152450
DEC_C00002824,DEC,C00002824
DEC_C05875133,DEC,C05875133
DEC_C05330591,DEC,C05330591
DEC_C12340210,DEC,C12340210
DEC_C20980453,DEC,C20980453
DEC_C36142229,DEC,C36142229
DEC_C36142241,DEC,C36142241
DEC_C36222684,DEC,C36222684
DEC_C37551663,DEC,C37551663
DEC_C19707139,DEC,C19707139
DEC_C37936674,DEC,C37936674
DEC_C33413811,DEC,C33413811
DEC_C40227759,DEC,C40227759
DEC_C40247915,DEC,C40247915
DEC_C40302375,DEC,C40302375
DEC_C42176409,DEC,C42176409
DEC_C42577214,DEC,C42577214
DEC_C42828520,DEC,C42828520
DEC_C48462368,DEC,C48462368
DEC_C48633298,DEC,C48633298
DEC_C49846703,DEC,C49846703
DEC_C51151326,DEC,C51151326
DEC_C51168266,DEC,C51168266
DEC_C51753219,DEC,C51753219
DEC_C52271840,DEC,C52271840
DEC_C52272022,DEC,C52272022
DEC_C52903990,DEC,C52903990
DEC_C53737126,DEC,C53737126
DEC_C54599729,DEC,C54599729
DEC_C55186067,DEC,C55186067
DEC_C57003476,DEC,C57003476
DEC_C57003478,DEC,C57003478
DEC_C57003482,DEC,C57003482
DEC_C57463276,DEC,C57463276
DEC_C58014079,DEC,C58014079
DEC_C58014090,DEC,C58014090
DEC_C58133990,DEC,C58133990
DEC_C59464813,DEC,C59464813
DEC_C61439822,DEC,C61439822
DEC_C61891260,DEC,C61891260
DEC_C62203189,DEC,C62203189
DEC_C62495239,DEC,C62495239
DEC_C62539100,DEC,C62539100
DEC_C62611253,DEC,C62611253
DEC_C62833995,DEC,C62833995
DEC_C62944738,DEC,C62944738
DEC_C63118928,DEC,C63118928
DEC_C13124883,DEC,C13124883
DEC_C24056513,DEC,C24056513
DEC_C04470840,DEC,C04470840
DEC_C05013695,DEC,C05013695
DEC_C05054820,DEC,C05054820
DEC_C05602047,DEC,C05602047
DEC_C06005841,DEC,C06005841
DEC_C07649683,DEC,C07649683
DEC_C14257957,DEC,C14257957
DEC_C15163235,DEC,C15163235
DEC_C16844983,DEC,C16844983
DEC_C16904228,DEC,C16904228
DEC_C16904347,DEC,C16904347
DEC_C17352116,DEC,C17352116
DEC_C20090239,DEC,C20090239
DEC_C20544798,DEC,C20544798
DEC_C20900177,DEC,C20900177
DEC_C33428825,DEC,C33428825
DEC_C34993708,DEC,C34993708
DEC_C35019713,DEC,C35019713
DEC_C35052272,DEC,C35052272
DEC_C35252189,DEC,C35252189
DEC_C36950012,DEC,C36950012
DEC_C37059039,DEC,C37059039
DEC_C37059082,DEC,C37059082
DEC_C37059735,DEC,C37059735
DEC_C37061249,DEC,C37061249
DEC_C37061807,DEC,C37061807
DEC_C37104421,DEC,C37104421
DEC_C37129069,DEC,C37129069
DEC_C37251490,DEC,C37251490
DEC_C37251494,DEC,C37251494
DEC_C37299657,DEC,C37299657
DEC_C37420442,DEC,C37420442
DEC_C04734142,DEC,C04734142
DEC_C13878715,DEC,C13878715
DEC_C05071382,DEC,C05071382
DEC_C37988093,DEC,C37988093
DEC_C40433423,DEC,C40433423
DEC_C43190739,DEC,C43190739
DEC_C01453788,DEC,C01453788
DEC_C13464817,DEC,C13464817
DEC_C34107808,DEC,C34107808
DEC_C34988580,DEC,C34988580
DEC_C59147782,DEC,C59147782
DEC_C59148865,DEC,C59148865
DEC_C39557540,DEC,C39557540
DEC_C59193807,DEC,C59193807
DEC_C59501848,DEC,C59501848
DEC_C64663531,DEC,C64663531
DEC_C66280434,DEC,C66280434
DEC_C67065804,DEC,C67065804
DEC_C02470598,DEC,C02470598
DEC_C04178905,DEC,C04178905
DEC_C07989652,DEC,C07989652
DEC_C08264266,DEC,C08264266
DEC_C03449858,DEC,C03449858
DEC_C08768010,DEC,C08768010
DEC_C08994997,DEC,C08994997
DEC_C11422820,DEC,C11422820
DEC_C13474047,DEC,C13474047
DEC_C15835647,DEC,C15835647
DEC_C16033235,DEC,C16033235
DEC_C16033237,DEC,C16033237
DEC_C19581639,DEC,C19581639
DEC_C19899184,DEC,C19899184
DEC_C04709482,DEC,C04709482
DEC_C20132021,DEC,C20132021
DEC_C04705423,DEC,C04705423
DEC_C28048723,DEC,C28048723
DEC_C33947200,DEC,C33947200
DEC_C36245357,DEC,C36245357
DEC_C36629957,DEC,C36629957
DEC_C04848755,DEC,C04848755
DEC_C06662333,DEC,C06662333
DEC_C39336623,DEC,C39336623
DEC_C39533644,DEC,C39533644
DEC_C39980781,DEC,C39980781
DEC_C40687423,DEC,C40687423
DEC_C40755529,DEC,C40755529
DEC_C40780275,DEC,C40780275
DEC_C42910679,DEC,C42910679
DEC_C43222412,DEC,C43222412
DEC_C44165552,DEC,C44165552
DEC_C45410211,DEC,C45410211
DEC_C45545384,DEC,C45545384
DEC_C49779926,DEC,C49779926
DEC_C51673657,DEC,C51673657
DEC_C28703812,DEC,C28703812
DEC_C53954839,DEC,C53954839
DEC_C55360397,DEC,C55360397
DEC_C56598702,DEC,C56598702
DEC_C56896342,DEC,C56896342
DEC_C08997340,DEC,C08997340
DEC_C63598779,DEC,C63598779
DEC_C63746380,DEC,C63746380
DEC_C64409169,DEC,C64409169
DEC_C66683842,DEC,C66683842
DEC_C66905213,DEC,C66905213
DEC_C67294487,DEC,C67294487
DEC_C67294918,DEC,C67294918
DEC_C67381572,DEC,C67381572
DEC_C04282074,DEC,C04282074
DEC_C04322068,DEC,C04322068
DEC_C03088710,DEC,C03088710
DEC_C00717328,DEC,C00717328
DEC_C04480359,DEC,C04480359
DEC_C04550950,DEC,C04550950
DEC_C02937644,DEC,C02937644
DEC_C00852991,DEC,C00852991
DEC_C05017596,DEC,C05017596
DEC_C01209768,DEC,C01209768
DEC_C05175749,DEC,C05175749
DEC_C05237430,DEC,C05237430
DEC_C06727877,DEC,C06727877
DEC_C08722182,DEC,C08722182
DEC_C09251046,DEC,C09251046
DEC_C12381753,DEC,C12381753
DEC_C06865519,DEC,C06865519
DEC_C04767911,DEC,C04767911
DEC_C04767914,DEC,C04767914
DEC_C04787253,DEC,C04787253
DEC_C14471040,DEC,C14471040
DEC_C14471070,DEC,C14471070
DEC_C14473181,DEC,C14473181
DEC_C14473309,DEC,C14473309
DEC_C14473311,DEC,C14473311
DEC_C16841830,DEC,C16841830
DEC_C19879725,DEC,C19879725
DEC_C20427051,DEC,C20427051
DEC_C20427625,DEC,C20427625
DEC_C20705399,DEC,C20705399
DEC_C22457325,DEC,C22457325
DEC_C23382696,DEC,C23382696
DEC_C32521959,DEC,C32521959
DEC_C35197577,DEC,C35197577
DEC_C01207249,DEC,C01207249
DEC_C38288172,DEC,C38288172
DEC_C38716221,DEC,C38716221
DEC_C38716941,DEC,C38716941
DEC_C38804197,DEC,C38804197
DEC_C39584381,DEC,C39584381
DEC_C40170312,DEC,C40170312
DEC_C41309514,DEC,C41309514
DEC_C02202879,DEC,C02202879
DEC_C05792957,DEC,C05792957
DEC_C08190753,DEC,C08190753
DEC_C59401337,DEC,C59401337
DEC_C59476428,DEC,C59476428
DEC_C17088732,DEC,C17088732
DEC_C15163268,DEC,C15163268
DEC_C62039933,DEC,C62039933
DEC_C04969797,DEC,C04969797
DEC_C05182554,DEC,C05182554
DEC_C04373615,DEC,C04373615
DEC_C07985303,DEC,C07985303
DEC_C08923444,DEC,C08923444
DEC_C11817025,DEC,C11817025
DEC_C11966021,DEC,C11966021
DEC_C12156447,DEC,C12156447
DEC_C12191625,DEC,C12191625
DEC_C12195138,DEC,C12195138
DEC_C12208604,DEC,C12208604
DEC_C12456446,DEC,C12456446
DEC_C12745521,DEC,C12745521
DEC_C12301717,DEC,C12301717
DEC_C12317161,DEC,C12317161
DEC_C14244290,DEC,C14244290
DEC_C19792727,DEC,C19792727
DEC_C20686306,DEC,C20686306
DEC_C22419141,DEC,C22419141
DEC_C22619891,DEC,C22619891
DEC_C27412835,DEC,C27412835
DEC_C28295934,DEC,C28295934
DEC_C01930673,DEC,C01930673
DEC_C16513652,DEC,C16513652
DEC_C35087256,DEC,C35087256
DEC_C12495024,DEC,C12495024
DEC_C38517553,DEC,C38517553
DEC_C38547544,DEC,C38547544
DEC_C39404908,DEC,C39404908
DEC_C39442218,DEC,C39442218
DEC_C39596887,DEC,C39596887
DEC_C39596891,DEC,C39596891
DEC_C39659948,DEC,C39659948
DEC_C41597104,DEC,C41597104
DEC_C41604850,DEC,C41604850
DEC_C44164153,DEC,C44164153
DEC_C56947110,DEC,C56947110
DEC_C58016788,DEC,C58016788
DEC_C58930562,DEC,C58930562
DEC_C05359685,DEC,C05359685
DEC_C59037230,DEC,C59037230
DEC_C59263924,DEC,C59263924
DEC_C59564752,DEC,C59564752
DEC_C63204731,DEC,C63204731
DEC_C63281536,DEC,C63281536
DEC_C63883815,DEC,C63883815
DEC_C06090661,DEC,C06090661
DEC_C64723214,DEC,C64723214
DEC_C66886030,DEC,C66886030
DEC_C66886358,DEC,C66886358
DEC_C00479445,DEC,C00479445
DEC_C05700449,DEC,C05700449
DEC_C00223494,DEC,C00223494
DEC_C09112751,DEC,C09112751
DEC_C10017226,DEC,C10017226
DEC_C12999122,DEC,C12999122
DEC_C14009805,DEC,C14009805
DEC_C15805419,DEC,C15805419
DEC_C17729120,DEC,C17729120
DEC_C18262884,DEC,C18262884
DEC_C24099237,DEC,C24099237
DEC_C24900878,DEC,C24900878
DEC_C25807394,DEC,C25807394
DEC_C35292684,DEC,C35292684
DEC_C36005162,DEC,C36005162
DEC_C36622654,DEC,C36622654
DEC_C36622655,DEC,C36622655
DEC_C37563004,DEC,C37563004
DEC_C04520883,DEC,C04520883
DEC_C39239779,DEC,C39239779
DEC_C39327207,DEC,C39327207
DEC_C44264192,DEC,C44264192
DEC_C50676077,DEC,C50676077
DEC_C18161859,DEC,C18161859
DEC_C51968288,DEC,C51968288
DEC_C54900141,DEC,C54900141
DEC_C55195799,DEC,C55195799
DEC_C04985932,DEC,C04985932
DEC_C57004054,DEC,C57004054
DEC_C19320810,DEC,C19320810
DEC_C60391351,DEC,C60391351
DEC_C48570085,DEC,C48570085
DEC_C61855502,DEC,C61855502
DEC_C13124469,DEC,C13124469
DEC_C63415404,DEC,C63415404
DEC_C41624621,DEC,C41624621
DEC_C47251325,DEC,C47251325
DEC_C54647358,DEC,C54647358
DEC_C51383048,DEC,C51383048
DEC_C65945779,DEC,C65945779
DEC_C66096613,DEC,C66096613
DEC_C66608707,DEC,C66608707
DEC_C66722003,DEC,C66722003
DEC_C67031470,DEC,C67031470
DEC_C67373904,DEC,C67373904
DEC_C67455491,DEC,C67455491
DEC_C67556225,DEC,C67556225
DEC_C67574028,DEC,C67574028
DEC_C67592080,DEC,C67592080
DEC_C67643038,DEC,C67643038
DEC_C00458741,DEC,C00458741
DEC_C04581836,DEC,C04581836
DEC_C00084243,DEC,C00084243
DEC_C01360943,DEC,C01360943
DEC_C05221885,DEC,C05221885
DEC_C03528191,DEC,C03528191
DEC_C08187419,DEC,C08187419
DEC_C09365557,DEC,C09365557
DEC_C09953915,DEC,C09953915
DEC_C12920654,DEC,C12920654
DEC_C16846447,DEC,C16846447
DEC_C16496775,DEC,C16496775
DEC_C25299958,DEC,C25299958
DEC_C32415058,DEC,C32415058
DEC_C15608374,DEC,C15608374
DEC_C15980332,DEC,C15980332
DEC_C34763303,DEC,C34763303
DEC_C35736145,DEC,C35736145
DEC_C37691963,DEC,C37691963
DEC_C00453220,DEC,C00453220
DEC_C38094052,DEC,C38094052
DEC_C17128728,DEC,C17128728
DEC_C38718884,DEC,C38718884
DEC_C38742236,DEC,C38742236
DEC_C38976512,DEC,C38976512
DEC_C39140966,DEC,C39140966
DEC_C41545132,DEC,C41545132
DEC_C42349945,DEC,C42349945
DEC_C42429350,DEC,C42429350
DEC_C42653346,DEC,C42653346
DEC_C42739982,DEC,C42739982
DEC_C43570292,DEC,C43570292
DEC_C43925903,DEC,C43925903
DEC_C44924786,DEC,C44924786
DEC_C48698579,DEC,C48698579
DEC_C48798392,DEC,C48798392
DEC_C50535963,DEC,C50535963
DEC_C50638779,DEC,C50638779
DEC_C50671390,DEC,C50671390
DEC_C51751661,DEC,C51751661
DEC_C53072410,DEC,C53072410
DEC_C36259972,DEC,C36259972
DEC_C50660843,DEC,C50660843
DEC_C50677155,DEC,C50677155
DEC_C61541843,DEC,C61541843
DEC_C62427997,DEC,C62427997
DEC_C64517045,DEC,C64517045
DEC_C65801267,DEC,C65801267
DEC_C67098791,DEC,C67098791
DEC_C67099925,DEC,C67099925
DEC_C06076908,DEC,C06076908
DEC_C06077463,DEC,C06077463
DEC_C06601030,DEC,C06601030
DEC_C06631392,DEC,C06631392
DEC_C06631494,DEC,C06631494
DEC_C06821981,DEC,C06821981
DEC_C06822200,DEC,C06822200
DEC_C06860678,DEC,C06860678
DEC_C10660770,DEC,C10660770
DEC_C12480040,DEC,C12480040
DEC_C12908087,DEC,C12908087
DEC_C06134769,DEC,C06134769
DEC_C06245088,DEC,C06245088
DEC_C12523669,DEC,C12523669
DEC_C12523671,DEC,C12523671
DEC_C14849411,DEC,C14849411
DEC_C20228005,DEC,C20228005
DEC_C20805378,DEC,C20805378
DEC_C20866253,DEC,C20866253
DEC_C20921243,DEC,C20921243
DEC_C21080113,DEC,C21080113
DEC_C22590291,DEC,C22590291
DEC_C24172097,DEC,C24172097
DEC_C24956576,DEC,C24956576
DEC_C25075765,DEC,C25075765
DEC_C27571992,DEC,C27571992
DEC_C34779793,DEC,C34779793
DEC_C36505404,DEC,C36505404
DEC_C36506459,DEC,C36506459
DEC_C36528101,DEC,C36528101
DEC_C36576041,DEC,C36576041
DEC_C36591126,DEC,C36591126
DEC_C36594526,DEC,C36594526
DEC_C36603503,DEC,C36603503
DEC_C06860716,DEC,C06860716
DEC_C38800699,DEC,C38800699
DEC_C39362325,DEC,C39362325
DEC_C39362336,DEC,C39362336
DEC_C39362346,DEC,C39362346
DEC_C39362812,DEC,C39362812
DEC_C39711563,DEC,C39711563
DEC_C45873501,DEC,C45873501
DEC_C06196126,DEC,C06196126
DEC_C58992051,DEC,C58992051
DEC_C59040032,DEC,C59040032
DEC_C59040119,DEC,C59040119
DEC_C59309590,DEC,C59309590
DEC_C59884769,DEC,C59884769
DEC_C63489298,DEC,C63489298
DEC_C63489305,DEC,C63489305
DEC_C03443186,DEC,C03443186
DEC_C06134473,DEC,C06134473
DEC_C06631394,DEC,C06631394
DEC_C09112527,DEC,C09112527
DEC_C09634786,DEC,C09634786
DEC_C10401037,DEC,C10401037
DEC_C12793408,DEC,C12793408
DEC_C12801000,DEC,C12801000
DEC_C13976692,DEC,C13976692
DEC_C15124474,DEC,C15124474
DEC_C08636360,DEC,C08636360
DEC_C05371866,DEC,C05371866
DEC_C17633563,DEC,C17633563
DEC_C18332376,DEC,C18332376
DEC_C20833756,DEC,C20833756
DEC_C20834537,DEC,C20834537
DEC_C20923871,DEC,C20923871
DEC_C20982235,DEC,C20982235
DEC_C20984393,DEC,C20984393
DEC_C21353869,DEC,C21353869
DEC_C22066501,DEC,C22066501
DEC_C23046157,DEC,C23046157
DEC_C24758907,DEC,C24758907
DEC_C29591003,DEC,C29591003
DEC_C36491564,DEC,C36491564
DEC_C36499269,DEC,C36499269
DEC_C36506464,DEC,C36506464
DEC_C36626470,DEC,C36626470
DEC_C36795288,DEC,C36795288
DEC_C06822096,DEC,C06822096
DEC_C09508874,DEC,C09508874
DEC_C09634182,DEC,C09634182
DEC_C28629599,DEC,C28629599
DEC_C39362808,DEC,C39362808
DEC_C39915941,DEC,C39915941
DEC_C45537393,DEC,C45537393
DEC_C46739162,DEC,C46739162
DEC_C16020743,DEC,C16020743
DEC_C01899313,DEC,C01899313
DEC_C26509939,DEC,C26509939
DEC_C58990087,DEC,C58990087
DEC_C59039944,DEC,C59039944
DEC_C59040016,DEC,C59040016
DEC_C59040044,DEC,C59040044
DEC_C59817544,DEC,C59817544
DEC_C59829900,DEC,C59829900
DEC_C15276078,DEC,C15276078
DEC_C63493866,DEC,C63493866
DEC_C65742797,DEC,C65742797
DEC_C15276078,DEC,C15276078
DEC_C04436237,DEC,C04436237
DEC_C05261925,DEC,C05261925
DEC_C03770038,DEC,C03770038
DEC_C08820249,DEC,C08820249
DEC_C01295771,DEC,C01295771
DEC_C12426919,DEC,C12426919
DEC_C03430651,DEC,C03430651
DEC_C02127335,DEC,C02127335
DEC_C13149612,DEC,C13149612
DEC_C13630196,DEC,C13630196
DEC_C13630294,DEC,C13630294
DEC_C14509220,DEC,C14509220
DEC_C14511824,DEC,C14511824
DEC_C14558670,DEC,C14558670
DEC_C14584527,DEC,C14584527
DEC_C14721662,DEC,C14721662
DEC_C15069247,DEC,C15069247
DEC_C15902272,DEC,C15902272
DEC_C17104319,DEC,C17104319
DEC_C17833186,DEC,C17833186
DEC_C20897307,DEC,C20897307
DEC_C20977099,DEC,C20977099
DEC_C22702324,DEC,C22702324
DEC_C23041654,DEC,C23041654
DEC_C25444690,DEC,C25444690
DEC_C29771511,DEC,C29771511
DEC_C29821169,DEC,C29821169
DEC_C32788715,DEC,C32788715
DEC_C33431905,DEC,C33431905
DEC_C35591938,DEC,C35591938
DEC_C14921544,DEC,C14921544
DEC_C13147417,DEC,C13147417
DEC_C12881851,DEC,C12881851
DEC_C39546978,DEC,C39546978
DEC_C39658128,DEC,C39658128
DEC_C39662862,DEC,C39662862
DEC_C39682859,DEC,C39682859
DEC_C39975550,DEC,C39975550
DEC_C40058107,DEC,C40058107
DEC_C43218727,DEC,C43218727
DEC_C43221744,DEC,C43221744
DEC_C43221892,DEC,C43221892
DEC_C02802421,DEC,C02802421
DEC_C58371270,DEC,C58371270
DEC_C58457919,DEC,C58457919
DEC_C59888166,DEC,C59888166
DEC_C59936724,DEC,C59936724
DEC_C64684002,DEC,C64684002
DEC_C64684588,DEC,C64684588
DEC_C64684612,DEC,C64684612
DEC_C00236579,DEC,C00236579
DEC_C03898639,DEC,C03898639
DEC_C01203477,DEC,C01203477
DEC_C01199529,DEC,C01199529
DEC_C05394434,DEC,C05394434
DEC_C01600204,DEC,C01600204
DEC_C12384951,DEC,C12384951
DEC_C16029962,DEC,C16029962
DEC_C16698510,DEC,C16698510
DEC_C03900051,DEC,C03900051
DEC_C20803491,DEC,C20803491
DEC_C36263949,DEC,C36263949
DEC_C37558557,DEC,C37558557
DEC_C04004458,DEC,C04004458
DEC_C03897401,DEC,C03897401
DEC_C38008934,DEC,C38008934
DEC_C40377014,DEC,C40377014
DEC_C40675330,DEC,C40675330
DEC_C41099528,DEC,C41099528
DEC_C42824566,DEC,C42824566
DEC_C44608137,DEC,C44608137
DEC_C44877869,DEC,C44877869
DEC_C48421838,DEC,C48421838
DEC_C48812673,DEC,C48812673
DEC_C48950624,DEC,C48950624
DEC_C49075069,DEC,C49075069
DEC_C49075077,DEC,C49075077
DEC_C49467611,DEC,C49467611
DEC_C50417253,DEC,C50417253
DEC_C50417254,DEC,C50417254
DEC_C50422020,DEC,C50422020
DEC_C51089018,DEC,C51089018
DEC_C51120897,DEC,C51120897
DEC_C51147712,DEC,C51147712
DEC_C44924568,DEC,C44924568
DEC_C52730752,DEC,C52730752
DEC_C54432258,DEC,C54432258
DEC_C51120599,DEC,C51120599
DEC_C21425468,DEC,C21425468
DEC_C61592323,DEC,C61592323
DEC_C61592380,DEC,C61592380
DEC_C61595516,DEC,C61595516
DEC_C61640327,DEC,C61640327
DEC_C61684831,DEC,C61684831
DEC_C61712729,DEC,C61712729
DEC_C61712733,DEC,C61712733
DEC_C62101363,DEC,C62101363
DEC_C39959114,DEC,C39959114
DEC_C63646955,DEC,C63646955
DEC_C66740971,DEC,C66740971
DEC_C05514559,DEC,C05514559
DEC_C00331467,DEC,C00331467
DEC_C11729651,DEC,C11729651
DEC_C19080818,DEC,C19080818
DEC_C19230877,DEC,C19230877
DEC_C26272823,DEC,C26272823
DEC_C35577438,DEC,C35577438
DEC_C32610508,DEC,C32610508
DEC_C36617105,DEC,C36617105
DEC_C15879980,DEC,C15879980
DEC_C13124279,DEC,C13124279
DEC_C38108554,DEC,C38108554
DEC_C39024772,DEC,C39024772
DEC_C41144682,DEC,C41144682
DEC_C44728080,DEC,C44728080
DEC_C44925830,DEC,C44925830
DEC_C45648473,DEC,C45648473
DEC_C48719751,DEC,C48719751
DEC_C48719787,DEC,C48719787
DEC_C49012497,DEC,C49012497
DEC_C50197243,DEC,C50197243
DEC_C50213773,DEC,C50213773
DEC_C50711916,DEC,C50711916
DEC_C50834271,DEC,C50834271
DEC_C19702463,DEC,C19702463
DEC_C51840862,DEC,C51840862
DEC_C54305036,DEC,C54305036
DEC_C55175389,DEC,C55175389
DEC_C18276277,DEC,C18276277
DEC_C57329577,DEC,C57329577
DEC_C09419267,DEC,C09419267
DEC_C59106204,DEC,C59106204
DEC_C61592267,DEC,C61592267
DEC_C61822737,DEC,C61822737
DEC_C61832480,DEC,C61832480
DEC_C61844929,DEC,C61844929
DEC_C16689965,DEC,C16689965
DEC_C16689962,DEC,C16689962
DEC_C62766428,DEC,C62766428
DEC_C62766431,DEC,C62766431
DEC_C62827846,DEC,C62827846
DEC_C62827870,DEC,C62827870
DEC_C62828018,DEC,C62828018
DEC_C13896037,DEC,C13896037
DEC_C62846737,DEC,C62846737
DEC_C62934713,DEC,C62934713
DEC_C62960011,DEC,C62960011
DEC_C63096950,DEC,C63096950
DEC_C64104215,DEC,C64104215
DEC_C66584786,DEC,C66584786
DEC_C05346816,DEC,C05346816
DEC_C05425648,DEC,C05425648
DEC_C05685483,DEC,C05685483
DEC_C03265666,DEC,C03265666
DEC_C08995293,DEC,C08995293
DEC_C12378177,DEC,C12378177
DEC_C13370851,DEC,C13370851
DEC_C24987499,DEC,C24987499
DEC_C31808966,DEC,C31808966
DEC_C31810176,DEC,C31810176
DEC_C05424538,DEC,C05424538
DEC_C05424475,DEC,C05424475
DEC_C00078742,DEC,C00078742
DEC_C39217318,DEC,C39217318
DEC_C39290027,DEC,C39290027
DEC_C39953899,DEC,C39953899
DEC_C40011192,DEC,C40011192
DEC_C40371415,DEC,C40371415
DEC_C40780933,DEC,C40780933
DEC_C41241311,DEC,C41241311
DEC_C43025248,DEC,C43025248
DEC_C43093119,DEC,C43093119
DEC_C43123187,DEC,C43123187
DEC_C43262567,DEC,C43262567
DEC_C44463997,DEC,C44463997
DEC_C49570832,DEC,C49570832
DEC_C19849572,DEC,C19849572
DEC_C52094239,DEC,C52094239
DEC_C52838999,DEC,C52838999
DEC_C52839136,DEC,C52839136
DEC_C12507762,DEC,C12507762
DEC_C12507763,DEC,C12507763
DEC_C10645064,DEC,C10645064
DEC_C01410725,DEC,C01410725
DEC_C43287224,DEC,C43287224
DEC_C61700328,DEC,C61700328
DEC_C63162504,DEC,C63162504
DEC_C39933473,DEC,C39933473
DEC_C39958853,DEC,C39958853
DEC_C63513939,DEC,C63513939
DEC_C39583039,DEC,C39583039
DEC_C63831354,DEC,C63831354
DEC_C64044355,DEC,C64044355
DEC_C64062234,DEC,C64062234
DEC_C64380677,DEC,C64380677
DEC_C65371013,DEC,C65371013
DEC_C65374032,DEC,C65374032
DEC_C66738760,DEC,C66738760
DEC_C67401370,DEC,C67401370
DEC_C67489979,DEC,C67489979
DEC_C00732046,DEC,C00732046
DEC_C04372004,DEC,C04372004
DEC_C04384702,DEC,C04384702
DEC_C01423062,DEC,C01423062
DEC_C06002218,DEC,C06002218
DEC_C11592557,DEC,C11592557
DEC_C11816343,DEC,C11816343
DEC_C13530391,DEC,C13530391
DEC_C13813219,DEC,C13813219
DEC_C16990493,DEC,C16990493
DEC_C00664322,DEC,C00664322
DEC_C20110076,DEC,C20110076
DEC_C31163120,DEC,C31163120
DEC_C35023285,DEC,C35023285
DEC_C36743390,DEC,C36743390
DEC_C37064384,DEC,C37064384
DEC_C37552878,DEC,C37552878
DEC_C35458081,DEC,C35458081
DEC_C03872833,DEC,C03872833
DEC_C03830286,DEC,C03830286
DEC_C04175586,DEC,C04175586
DEC_C03978059,DEC,C03978059
DEC_C39035034,DEC,C39035034
DEC_C39359226,DEC,C39359226
DEC_C39468817,DEC,C39468817
DEC_C39469137,DEC,C39469137
DEC_C39542563,DEC,C39542563
DEC_C39544882,DEC,C39544882
DEC_C39545504,DEC,C39545504
DEC_C39545581,DEC,C39545581
DEC_C40287183,DEC,C40287183
DEC_C40332664,DEC,C40332664
DEC_C43735382,DEC,C43735382
DEC_C43735384,DEC,C43735384
DEC_C44460421,DEC,C44460421
DEC_C44963350,DEC,C44963350
DEC_C44963354,DEC,C44963354
DEC_C48891558,DEC,C48891558
DEC_C04598789,DEC,C04598789
DEC_C50252799,DEC,C50252799
DEC_C02328636,DEC,C02328636
DEC_C54670427,DEC,C54670427
DEC_C32925219,DEC,C32925219
DEC_C56054058,DEC,C56054058
DEC_C61090889,DEC,C61090889
DEC_C61690321,DEC,C61690321
DEC_C62824758,DEC,C62824758
DEC_C63350638,DEC,C63350638
DEC_C63948968,DEC,C63948968
DEC_C35506980,DEC,C35506980
DEC_C04554078,DEC,C04554078
DEC_C06000024,DEC,C06000024
DEC_C05072156,DEC,C05072156
DEC_C05072157,DEC,C05072157
DEC_C15768961,DEC,C15768961
DEC_C01246321,DEC,C01246321
DEC_C20849446,DEC,C20849446
DEC_C21047538,DEC,C21047538
DEC_C21059337,DEC,C21059337
DEC_C26180238,DEC,C26180238
DEC_C28444085,DEC,C28444085
DEC_C36628541,DEC,C36628541
DEC_C36813144,DEC,C36813144
DEC_C36929402,DEC,C36929402
DEC_C37063032,DEC,C37063032
DEC_C37129723,DEC,C37129723
DEC_C37581181,DEC,C37581181
DEC_C37654841,DEC,C37654841
DEC_C07126037,DEC,C07126037
DEC_C39951045,DEC,C39951045
DEC_C39951249,DEC,C39951249
DEC_C41599568,DEC,C41599568
DEC_C42135279,DEC,C42135279
DEC_C43283337,DEC,C43283337
DEC_C43401555,DEC,C43401555
DEC_C43407033,DEC,C43407033
DEC_C43460982,DEC,C43460982
DEC_C43576552,DEC,C43576552
DEC_C48895942,DEC,C48895942
DEC_C49186648,DEC,C49186648
DEC_C50359417,DEC,C50359417
DEC_C51329903,DEC,C51329903
DEC_C52002421,DEC,C52002421
DEC_C52094447,DEC,C52094447
DEC_C52094455,DEC,C52094455
DEC_C52094504,DEC,C52094504
DEC_C52094620,DEC,C52094620
DEC_C52860368,DEC,C52860368
DEC_C54929327,DEC,C54929327
DEC_C08704647,DEC,C08704647
DEC_C09111155,DEC,C09111155
DEC_C36266805,DEC,C36266805
DEC_C57845589,DEC,C57845589
DEC_C51699844,DEC,C51699844
DEC_C61982616,DEC,C61982616
DEC_C62357136,DEC,C62357136
DEC_C12523704,DEC,C12523704
DEC_C13124413,DEC,C13124413
DEC_C62794778,DEC,C62794778
DEC_C65297969,DEC,C65297969
DEC_C01619591,DEC,C01619591
DEC_C04803083,DEC,C04803083
DEC_C12404569,DEC,C12404569
DEC_C35452820,DEC,C35452820
DEC_C36913992,DEC,C36913992
DEC_C37144347,DEC,C37144347
DEC_C37581718,DEC,C37581718
DEC_C37616598,DEC,C37616598
DEC_C37627774,DEC,C37627774
DEC_C37730757,DEC,C37730757
DEC_C37799193,DEC,C37799193
DEC_C37816118,DEC,C37816118
DEC_C38008950,DEC,C38008950
DEC_C40857331,DEC,C40857331
DEC_C40953845,DEC,C40953845
DEC_C40953851,DEC,C40953851
DEC_C41027243,DEC,C41027243
DEC_C42403799,DEC,C42403799
DEC_C42507299,DEC,C42507299
DEC_C42974832,DEC,C42974832
DEC_C43050370,DEC,C43050370
DEC_C43367721,DEC,C43367721
DEC_C44250944,DEC,C44250944
DEC_C44254313,DEC,C44254313
DEC_C44563180,DEC,C44563180
DEC_C44680594,DEC,C44680594
DEC_C44680600,DEC,C44680600
DEC_C45070736,DEC,C45070736
DEC_C45140564,DEC,C45140564
DEC_C49042840,DEC,C49042840
DEC_C49106350,DEC,C49106350
DEC_C49232233,DEC,C49232233
DEC_C49570822,DEC,C49570822
DEC_C43691424,DEC,C43691424
DEC_C52008490,DEC,C52008490
DEC_C52094287,DEC,C52094287
DEC_C52094293,DEC,C52094293
DEC_C52908158,DEC,C52908158
DEC_C54074079,DEC,C54074079
DEC_C55161450,DEC,C55161450
DEC_C36753853,DEC,C36753853
DEC_C61830293,DEC,C61830293
DEC_C62785750,DEC,C62785750
DEC_C62789276,DEC,C62789276
DEC_C62857515,DEC,C62857515
DEC_C62899451,DEC,C62899451
DEC_C34927024,DEC,C34927024
DEC_C63807708,DEC,C63807708
DEC_C67004490,DEC,C67004490
DEC_C67129316,DEC,C67129316
DEC_C04335765,DEC,C04335765
DEC_C02962203,DEC,C02962203
DEC_C08448661,DEC,C08448661
DEC_C08448662,DEC,C08448662
DEC_C08789678,DEC,C08789678
DEC_C08812122,DEC,C08812122
DEC_C08949309,DEC,C08949309
DEC_C09298376,DEC,C09298376
DEC_C02255809,DEC,C02255809
DEC_C09777274,DEC,C09777274
DEC_C10904391,DEC,C10904391
DEC_C12263448,DEC,C12263448
DEC_C12487637,DEC,C12487637
DEC_C12491439,DEC,C12491439
DEC_C13501839,DEC,C13501839
DEC_C13501840,DEC,C13501840
DEC_C13564460,DEC,C13564460
DEC_C14645904,DEC,C14645904
DEC_C14755699,DEC,C14755699
DEC_C14775285,DEC,C14775285
DEC_C01819265,DEC,C01819265
DEC_C02074451,DEC,C02074451
DEC_C20234549,DEC,C20234549
DEC_C33058688,DEC,C33058688
DEC_C34921822,DEC,C34921822
DEC_C34922807,DEC,C34922807
DEC_C34978771,DEC,C34978771
DEC_C35636700,DEC,C35636700
DEC_C35696282,DEC,C35696282
DEC_C35751119,DEC,C35751119
DEC_C04765334,DEC,C04765334
DEC_C36217072,DEC,C36217072
DEC_C36217419,DEC,C36217419
DEC_C36253190,DEC,C36253190
DEC_C33936922,DEC,C33936922
DEC_C36497908,DEC,C36497908
DEC_C36512934,DEC,C36512934
DEC_C36534233,DEC,C36534233
DEC_C36549104,DEC,C36549104
DEC_C36588700,DEC,C36588700
DEC_C39730298,DEC,C39730298
DEC_C40040989,DEC,C40040989
DEC_C39914189,DEC,C39914189
DEC_C40548012,DEC,C40548012
DEC_C38706051,DEC,C38706051
DEC_C40919912,DEC,C40919912
DEC_C00875041,DEC,C00875041
DEC_C00885305,DEC,C00885305
DEC_C01872092,DEC,C01872092
DEC_C39945660,DEC,C39945660
DEC_C02108130,DEC,C02108130
DEC_C04064920,DEC,C04064920
DEC_C00999611,DEC,C00999611
DEC_C01368024,DEC,C01368024
DEC_C00691385,DEC,C00691385
DEC_C04607646,DEC,C04607646
DEC_C04670304,DEC,C04670304
DEC_C04670306,DEC,C04670306
DEC_C00997488,DEC,C00997488
DEC_C04971760,DEC,C04971760
DEC_C06624570,DEC,C06624570
DEC_C07377621,DEC,C07377621
DEC_C09691112,DEC,C09691112
DEC_C09908999,DEC,C09908999
DEC_C12599174,DEC,C12599174
DEC_C04124644,DEC,C04124644
DEC_C19959815,DEC,C19959815
DEC_C20642186,DEC,C20642186
DEC_C20673484,DEC,C20673484
DEC_C20745458,DEC,C20745458
DEC_C21661012,DEC,C21661012
DEC_C22626131,DEC,C22626131
DEC_C28052339,DEC,C28052339
DEC_C31663319,DEC,C31663319
DEC_C17062692,DEC,C17062692
DEC_C33026389,DEC,C33026389
DEC_C33026392,DEC,C33026392
DEC_C05223151,DEC,C05223151
DEC_C36006835,DEC,C36006835
DEC_C36151939,DEC,C36151939
DEC_C09009127,DEC,C09009127
DEC_C38818724,DEC,C38818724
DEC_C39361430,DEC,C39361430
DEC_C39457534,DEC,C39457534
DEC_C40797765,DEC,C40797765
DEC_C46056494,DEC,C46056494
DEC_C47808543,DEC,C47808543
DEC_C18202932,DEC,C18202932
DEC_C06203583,DEC,C06203583
DEC_C59302282,DEC,C59302282
DEC_C13036430,DEC,C13036430
DEC_C40359777,DEC,C40359777
DEC_C15543209,DEC,C15543209
DEC_C41353858,DEC,C41353858
DEC_C05200885,DEC,C05200885
DEC_C05200889,DEC,C05200889
DEC_C05997455,DEC,C05997455
DEC_C12348018,DEC,C12348018
DEC_C67259746,DEC,C67259746
DEC_C18265313,DEC,C18265313
