target,ligand,vina_affinity,mmgbsa_dG,atomos_pesados,eficiencia_ligando,residual,puesto_dG_bruto,puesto_residual,puesto_eficiencia,sube_puestos
FUS,CHEMBL4582280,-8.1,-50.41,37,-1.3624,3.26,259,282,351,-23
FUS,CHEMBL4634995,-7.7,-42.03,32,-1.3134,9.94,376,380,377,-4
FUS,CHEMBL4636707,-7.6,-50.73,35,-1.4494,2.26,257,264,316,-7
FUS,CHEMBL4584906,-7.5,-47.69,37,-1.2889,5.98,300,321,387,-21
FUS,CHEMBL20834,-7.3,-71.09,28,-2.5389,-20.48,47,44,21,3
FUS,CHEMBL4581567,-7.3,-55.53,35,-1.5866,-2.54,183,194,239,-11
FUS,CHEMBL4530658,-7.2,-46.43,36,-1.2897,6.90,317,332,386,-15
FUS,CHEMBL4543357,-7.2,-61.58,36,-1.7106,-8.25,122,131,182,-9
FUS,CHEMBL4574605,-7.2,-47.60,35,-1.3600,5.39,303,314,353,-11
FUS,CHEMBL4581253,-7.2,-45.02,33,-1.3642,7.29,340,337,348,3
FUS,CHEMBL4581905,-7.2,-56.44,30,-1.8813,-5.15,174,161,130,13
FUS,CHEMBL4637973,-7.2,-84.82,37,-2.2924,-31.15,12,14,49,-2
FUS,CHEMBL498331,-7.2,-62.01,30,-2.0670,-10.72,116,107,83,9
FUS,CHEMBL27509,-7.1,-33.76,36,-0.9378,19.57,452,461,474,-9
FUS,CHEMBL3311108,-7.1,-80.49,39,-2.0638,-26.14,16,20,85,-4
FUS,CHEMBL3311110,-7.1,-40.42,39,-1.0364,13.93,400,423,461,-23
FUS,CHEMBL4435185,-7.1,-50.80,35,-1.4514,2.19,254,263,314,-9
FUS,CHEMBL4531795,-7.1,-49.69,34,-1.4615,2.96,268,273,307,-5
FUS,CHEMBL4564343,-7.1,-57.00,34,-1.6765,-4.35,166,174,199,-8
FUS,CHEMBL4575062,-7.1,-42.68,33,-1.2933,9.63,357,374,384,-17
FUS,CHEMBL4581829,-7.1,-67.86,33,-2.0564,-15.55,75,78,89,-3
FUS,CHEMBL4582406,-7.1,-49.14,33,-1.4891,3.17,276,277,286,-1
FUS,CHEMBL498013,-7.1,-39.50,33,-1.1970,12.81,407,410,422,-3
FUS,CHEMBL498166,-7.1,-49.28,29,-1.6993,1.67,274,255,187,19
FUS,CHEMBL16215,-7.0,-51.41,34,-1.5121,1.24,243,248,274,-5
FUS,CHEMBL26996,-7.0,-44.39,31,-1.4319,7.24,343,335,323,8
FUS,CHEMBL27348,-7.0,-53.01,30,-1.7670,-1.72,221,207,163,14
FUS,CHEMBL4531084,-7.0,-51.90,34,-1.5265,0.75,234,241,269,-7
FUS,CHEMBL4543556,-7.0,-54.73,35,-1.5637,-1.74,194,205,249,-11
FUS,CHEMBL4562749,-7.0,-55.36,35,-1.5817,-2.37,187,199,241,-12
FUS,CHEMBL4570741,-7.0,-43.29,35,-1.2369,9.70,353,376,405,-23
FUS,CHEMBL4574116,-7.0,-60.40,33,-1.8303,-8.09,133,133,143,0
FUS,CHEMBL4585282,-7.0,-55.53,33,-1.6827,-3.22,182,185,196,-3
FUS,CHEMBL27387,-6.9,-98.27,30,-3.2757,-46.98,3,2,3,1
FUS,CHEMBL28751,-6.9,-88.85,27,-3.2907,-38.58,6,5,2,1
FUS,CHEMBL4435086,-6.9,-63.34,37,-1.7119,-9.67,106,117,181,-11
FUS,CHEMBL4435183,-6.9,-49.80,34,-1.4647,2.85,265,270,303,-5
FUS,CHEMBL4435941,-6.9,-57.25,35,-1.6357,-4.26,161,176,219,-15
FUS,CHEMBL4530239,-6.9,-45.54,36,-1.2650,7.79,327,348,396,-21
FUS,CHEMBL4530474,-6.9,-31.38,33,-0.9509,20.93,471,474,473,-3
FUS,CHEMBL4531832,-6.9,-53.64,35,-1.5326,-0.65,209,223,265,-14
FUS,CHEMBL4531853,-6.9,-62.34,36,-1.7317,-9.01,112,125,169,-13
FUS,CHEMBL4531945,-6.9,-42.07,31,-1.3571,9.56,374,370,354,4
FUS,CHEMBL4532451,-6.9,-54.82,34,-1.6124,-2.17,193,200,229,-7
FUS,CHEMBL4533577,-6.9,-32.60,29,-1.1241,18.35,461,455,444,6
FUS,CHEMBL4553700,-6.9,-28.87,27,-1.0693,21.40,483,477,455,6
FUS,CHEMBL4562703,-6.9,-31.25,37,-0.8446,22.42,472,478,486,-6
FUS,CHEMBL4570803,-6.9,-51.09,35,-1.4597,1.90,249,260,308,-11
FUS,CHEMBL4571844,-6.9,-53.93,34,-1.5862,-1.28,204,215,240,-11
FUS,CHEMBL4574920,-6.9,-57.34,31,-1.8497,-5.71,160,155,138,5
FUS,CHEMBL4574953,-6.9,-44.01,34,-1.2944,8.64,349,356,383,-7
FUS,CHEMBL4575603,-6.9,-45.15,31,-1.4565,6.48,336,330,309,6
FUS,CHEMBL4634723,-6.9,-58.72,34,-1.7271,-6.07,147,152,171,-5
FUS,CHEMBL4635162,-6.9,-53.09,37,-1.4349,0.58,219,239,320,-20
FUS,CHEMBL4636792,-6.9,-68.93,31,-2.2235,-17.30,63,64,60,-1
FUS,CHEMBL495322,-6.9,-53.28,31,-1.7187,-1.65,217,209,178,8
FUS,CHEMBL495952,-6.9,-72.84,30,-2.4280,-21.55,39,36,33,3
FUS,CHEMBL498347,-6.9,-42.37,34,-1.2462,10.28,369,384,403,-15
FUS,CHEMBL498594,-6.9,-32.91,30,-1.0970,18.38,457,456,448,1
FUS,CHEMBL1796970,-6.8,-74.82,29,-2.5800,-23.87,30,25,17,5
FUS,CHEMBL1864755,-6.8,-44.96,34,-1.3224,7.69,342,346,374,-4
FUS,CHEMBL20196,-6.8,-91.37,35,-2.6106,-38.38,5,6,14,-1
FUS,CHEMBL21597,-6.8,-53.92,33,-1.6339,-1.61,205,211,220,-6
FUS,CHEMBL26936,-6.8,-40.59,30,-1.3530,10.70,399,388,355,11
FUS,CHEMBL28388,-6.8,-65.84,33,-1.9952,-13.53,85,86,101,-1
FUS,CHEMBL3311109,-6.8,-63.04,37,-1.7038,-9.37,110,121,186,-11
FUS,CHEMBL4434725,-6.8,-38.58,33,-1.1691,13.73,415,417,431,-2
FUS,CHEMBL4435739,-6.8,-41.26,35,-1.1789,11.73,390,402,429,-12
FUS,CHEMBL4532201,-6.8,-45.61,29,-1.5728,5.34,322,313,244,9
FUS,CHEMBL4532868,-6.8,-56.83,34,-1.6715,-4.18,167,177,205,-10
FUS,CHEMBL4533771,-6.8,-51.40,33,-1.5576,0.91,244,243,254,1
FUS,CHEMBL4534411,-6.8,-34.21,33,-1.0367,18.10,447,453,460,-6
FUS,CHEMBL4564327,-6.8,-62.20,34,-1.8294,-9.55,114,118,144,-4
FUS,CHEMBL4568125,-6.8,-38.36,34,-1.1282,14.29,420,430,443,-10
FUS,CHEMBL4568323,-6.8,-29.52,34,-0.8682,23.13,480,483,483,-3
FUS,CHEMBL4568499,-6.8,-104.79,29,-3.6134,-53.84,1,1,1,0
FUS,CHEMBL4569304,-6.8,-32.17,32,-1.0053,19.80,467,466,467,1
FUS,CHEMBL4570368,-6.8,-56.64,34,-1.6659,-3.99,169,180,208,-11
FUS,CHEMBL4571223,-6.8,-50.84,33,-1.5406,1.47,251,253,262,-2
FUS,CHEMBL4571316,-6.8,-23.73,33,-0.7191,28.58,491,492,491,-1
FUS,CHEMBL4572055,-6.8,-70.81,29,-2.4417,-19.86,51,46,30,5
FUS,CHEMBL4580639,-6.8,-32.48,31,-1.0477,19.15,465,460,457,5
FUS,CHEMBL4581153,-6.8,-75.57,34,-2.2226,-22.92,26,29,61,-3
FUS,CHEMBL4581184,-6.8,-26.78,31,-0.8639,24.85,486,486,485,0
FUS,CHEMBL4636263,-6.8,-53.25,34,-1.5662,-0.60,218,224,247,-6
FUS,CHEMBL4636405,-6.8,-72.11,30,-2.4037,-20.82,42,38,36,4
FUS,CHEMBL4638039,-6.8,-51.78,33,-1.5691,0.53,235,238,246,-3
FUS,CHEMBL4638803,-6.8,-42.40,31,-1.3677,9.23,367,363,345,4
FUS,CHEMBL4639751,-6.8,-72.35,32,-2.2609,-20.38,41,45,55,-4
FUS,CHEMBL498709,-6.8,-69.13,30,-2.3043,-17.84,62,60,47,2
FUS,CHEMBL498713,-6.8,-71.04,31,-2.2916,-19.41,49,49,50,0
FUS,CHEMBL498752,-6.8,-67.45,30,-2.2483,-16.16,78,70,56,8
FUS,CHEMBL500662,-6.8,-63.52,32,-1.9850,-11.55,104,101,103,3
FUS,CHEMBL501732,-6.8,-70.58,31,-2.2768,-18.95,53,52,52,1
FUS,CHEMBL503090,-6.8,-45.42,34,-1.3359,7.23,330,334,362,-4
FUS,CHEMBL1163540,-6.7,-69.35,26,-2.6673,-19.42,61,48,12,13
FUS,CHEMBL11757,-6.7,-42.04,33,-1.2739,10.27,375,383,393,-8
FUS,CHEMBL1206889,-6.7,-30.03,29,-1.0355,20.92,478,473,462,5
FUS,CHEMBL1222790,-6.7,-61.97,35,-1.7706,-8.98,119,126,161,-7
FUS,CHEMBL1242515,-6.7,-60.41,31,-1.9487,-8.78,131,127,112,4
FUS,CHEMBL1242810,-6.7,-30.07,37,-0.8127,23.60,477,484,488,-7
FUS,CHEMBL1795541,-6.7,-58.17,30,-1.9390,-6.88,152,146,116,6
FUS,CHEMBL1863528,-6.7,-64.68,36,-1.7967,-11.35,91,102,155,-11
FUS,CHEMBL1863704,-6.7,-68.46,32,-2.1394,-16.49,66,68,71,-2
FUS,CHEMBL20413,-6.7,-48.39,36,-1.3442,4.94,292,306,358,-14
FUS,CHEMBL20673,-6.7,-32.15,33,-0.9742,20.16,468,469,470,-1
FUS,CHEMBL21610,-6.7,-53.62,32,-1.6756,-1.65,210,210,201,0
FUS,CHEMBL26074,-6.7,-52.40,33,-1.5879,-0.09,228,234,238,-6
FUS,CHEMBL26603,-6.7,-64.12,32,-2.0038,-12.15,96,94,100,2
FUS,CHEMBL28202,-6.7,-83.73,30,-2.7910,-32.44,13,12,8,1
FUS,CHEMBL28286,-6.7,-39.27,32,-1.2272,12.70,408,409,411,-1
FUS,CHEMBL3310039,-6.7,-33.02,27,-1.2230,17.25,456,446,413,10
FUS,CHEMBL4435180,-6.7,-48.77,34,-1.4344,3.88,286,297,321,-11
FUS,CHEMBL4435669,-6.7,-66.47,32,-2.0772,-14.50,83,83,81,0
FUS,CHEMBL4435833,-6.7,-41.10,34,-1.2088,11.55,392,399,416,-7
FUS,CHEMBL4436123,-6.7,-48.10,37,-1.3000,5.57,297,315,380,-18
FUS,CHEMBL4527972,-6.7,-29.43,32,-0.9197,22.54,482,480,476,2
FUS,CHEMBL4529519,-6.7,-47.50,31,-1.5323,4.13,308,300,266,8
FUS,CHEMBL4529911,-6.7,-58.38,36,-1.6217,-5.05,151,165,227,-14
FUS,CHEMBL4530588,-6.7,-41.64,36,-1.1567,11.69,382,401,433,-19
FUS,CHEMBL4530620,-6.7,-42.38,32,-1.3244,9.59,368,371,371,-3
FUS,CHEMBL4530729,-6.7,-42.61,32,-1.3316,9.36,360,365,368,-5
FUS,CHEMBL4531395,-6.7,-55.40,34,-1.6294,-2.75,185,192,223,-7
FUS,CHEMBL4531799,-6.7,-64.62,31,-2.0845,-12.99,93,91,79,2
FUS,CHEMBL4532195,-6.7,-55.77,34,-1.6403,-3.12,181,188,217,-7
FUS,CHEMBL4532761,-6.7,-40.66,33,-1.2321,11.65,397,400,408,-3
FUS,CHEMBL4533198,-6.7,-37.60,30,-1.2533,13.69,428,416,399,12
FUS,CHEMBL4533484,-6.7,-58.38,32,-1.8244,-6.41,150,147,146,3
FUS,CHEMBL4533979,-6.7,-40.91,33,-1.2397,11.40,395,397,404,-2
FUS,CHEMBL4534769,-6.7,-42.91,34,-1.2621,9.74,356,378,397,-22
FUS,CHEMBL4543190,-6.7,-37.38,31,-1.2058,14.25,430,429,418,1
FUS,CHEMBL4543414,-6.7,-57.73,37,-1.5603,-4.06,157,179,251,-22
FUS,CHEMBL4564116,-6.7,-53.84,37,-1.4551,-0.17,206,232,311,-26
FUS,CHEMBL4564717,-6.7,-57.75,28,-2.0625,-7.14,156,144,86,12
FUS,CHEMBL4568013,-6.7,-68.25,28,-2.4375,-17.64,70,61,31,9
FUS,CHEMBL4568616,-6.7,-59.14,36,-1.6428,-5.81,144,154,216,-10
FUS,CHEMBL4569182,-6.7,-41.92,28,-1.4971,8.69,379,358,284,21
FUS,CHEMBL4571330,-6.7,-54.41,33,-1.6488,-2.10,197,202,213,-5
FUS,CHEMBL4574731,-6.7,-77.14,35,-2.2040,-24.15,21,24,65,-3
FUS,CHEMBL4574977,-6.7,-42.49,29,-1.4652,8.46,363,353,301,10
FUS,CHEMBL4575412,-6.7,-58.09,34,-1.7085,-5.44,154,158,184,-4
FUS,CHEMBL4575446,-6.7,-49.92,37,-1.3492,3.75,263,293,356,-30
FUS,CHEMBL4575516,-6.7,-35.10,31,-1.1323,16.53,444,443,441,1
FUS,CHEMBL4581299,-6.7,-45.04,34,-1.3247,7.61,338,342,370,-4
FUS,CHEMBL4583640,-6.7,-35.25,34,-1.0368,17.40,442,448,459,-6
FUS,CHEMBL4585076,-6.7,-49.50,34,-1.4559,3.15,270,276,310,-6
FUS,CHEMBL4634641,-6.7,-65.80,25,-2.6320,-16.21,86,69,13,17
FUS,CHEMBL4635374,-6.7,-44.21,36,-1.2281,9.12,347,362,410,-15
FUS,CHEMBL4635402,-6.7,-43.50,30,-1.4500,7.79,351,347,315,4
FUS,CHEMBL4635528,-6.7,-55.34,29,-1.9083,-4.39,188,173,126,15
FUS,CHEMBL4635744,-6.7,-44.25,28,-1.5804,6.36,346,327,242,19
FUS,CHEMBL4635830,-6.7,-53.51,33,-1.6215,-1.20,211,217,228,-6
FUS,CHEMBL4636168,-6.7,-50.15,30,-1.6717,1.14,262,246,204,16
FUS,CHEMBL4636424,-6.7,-63.83,32,-1.9947,-11.86,98,96,102,2
FUS,CHEMBL4638559,-6.7,-60.34,35,-1.7240,-7.35,134,142,175,-8
FUS,CHEMBL4638972,-6.7,-37.74,31,-1.2174,13.89,426,422,414,4
FUS,CHEMBL4638982,-6.7,-45.40,34,-1.3353,7.25,331,336,363,-5
FUS,CHEMBL497688,-6.7,-70.07,30,-2.3357,-18.78,57,53,41,4
FUS,CHEMBL497736,-6.7,-37.50,36,-1.0417,15.83,429,440,458,-11
FUS,CHEMBL497979,-6.7,-37.90,32,-1.1844,14.07,425,424,427,1
FUS,CHEMBL498214,-6.7,-46.47,34,-1.3668,6.18,316,324,347,-8
FUS,CHEMBL498348,-6.7,-47.58,36,-1.3217,5.75,305,318,376,-13
FUS,CHEMBL499624,-6.7,-86.25,39,-2.2115,-31.90,9,13,63,-4
FUS,CHEMBL1088172,-6.6,-71.28,35,-2.0366,-18.29,45,57,94,-12
FUS,CHEMBL1163230,-6.6,-74.76,32,-2.3363,-22.79,31,30,40,1
FUS,CHEMBL1206581,-6.6,-67.71,28,-2.4182,-17.10,76,66,35,10
FUS,CHEMBL1207227,-6.6,-82.87,27,-3.0693,-32.60,14,11,5,3
FUS,CHEMBL1208600,-6.6,-86.90,27,-3.2185,-36.63,8,7,4,1
FUS,CHEMBL1210718,-6.6,-45.61,37,-1.2327,8.06,323,350,407,-27
FUS,CHEMBL1222867,-6.6,-53.07,34,-1.5609,-0.42,220,227,250,-7
FUS,CHEMBL1242354,-6.6,-40.29,31,-1.2997,11.34,401,396,381,5
FUS,CHEMBL1242373,-6.6,-49.73,33,-1.5070,2.58,266,268,279,-2
FUS,CHEMBL1343658,-6.6,-45.21,29,-1.5590,5.74,335,317,253,18
FUS,CHEMBL17339,-6.6,-44.99,33,-1.3633,7.32,341,339,349,2
FUS,CHEMBL17346,-6.6,-48.37,32,-1.5116,3.60,293,289,275,4
FUS,CHEMBL17934,-6.6,-53.34,32,-1.6669,-1.37,215,214,207,1
FUS,CHEMBL1809060,-6.6,-54.35,36,-1.5097,-1.02,198,219,277,-21
FUS,CHEMBL18210,-6.6,-49.07,32,-1.5334,2.90,279,271,264,8
FUS,CHEMBL1859697,-6.6,-46.63,34,-1.3715,6.02,314,322,344,-8
FUS,CHEMBL1860770,-6.6,-49.55,30,-1.6517,1.74,269,258,212,11
FUS,CHEMBL1864784,-6.6,-38.58,34,-1.1347,14.07,416,425,438,-9
FUS,CHEMBL20752,-6.6,-43.47,29,-1.4990,7.48,352,340,283,12
FUS,CHEMBL21594,-6.6,-87.58,32,-2.7369,-35.61,7,8,10,-1
FUS,CHEMBL21992,-6.6,-68.48,37,-1.8508,-14.81,65,82,136,-17
FUS,CHEMBL26420,-6.6,-45.81,31,-1.4777,5.82,318,319,291,-1
FUS,CHEMBL26872,-6.6,-71.31,28,-2.5468,-20.70,44,40,18,4
FUS,CHEMBL3309491,-6.6,-46.52,30,-1.5507,4.77,315,302,256,13
FUS,CHEMBL3309659,-6.6,-42.45,32,-1.3266,9.52,365,369,369,-4
FUS,CHEMBL3310337,-6.6,-41.92,33,-1.2703,10.39,378,386,394,-8
FUS,CHEMBL4434808,-6.6,-30.28,31,-0.9768,21.35,476,476,469,0
FUS,CHEMBL4434821,-6.6,-61.52,36,-1.7089,-8.19,123,132,183,-9
FUS,CHEMBL4434862,-6.6,-41.94,34,-1.2335,10.71,377,389,406,-12
FUS,CHEMBL4435514,-6.6,-64.10,33,-1.9424,-11.79,97,97,114,0
FUS,CHEMBL4530954,-6.6,-61.35,32,-1.9172,-9.38,124,119,125,5
FUS,CHEMBL4531634,-6.6,-42.46,29,-1.4641,8.49,364,354,304,10
FUS,CHEMBL4532334,-6.6,-26.50,30,-0.8833,24.79,487,485,480,2
FUS,CHEMBL4532886,-6.6,-37.25,27,-1.3796,13.02,431,412,341,19
FUS,CHEMBL4533171,-6.6,-66.63,29,-2.2976,-15.68,81,77,48,4
FUS,CHEMBL4533268,-6.6,-56.07,29,-1.9334,-5.12,180,162,118,18
FUS,CHEMBL4533492,-6.6,-33.94,30,-1.1313,17.35,449,447,442,2
FUS,CHEMBL4534391,-6.6,-68.33,33,-2.0706,-16.02,69,72,82,-3
FUS,CHEMBL4534757,-6.6,-49.12,33,-1.4885,3.19,277,279,288,-2
FUS,CHEMBL4543405,-6.6,-46.79,31,-1.5094,4.84,313,304,278,9
FUS,CHEMBL4564458,-6.6,-59.03,31,-1.9042,-7.40,145,140,127,5
FUS,CHEMBL4566384,-6.6,-52.41,33,-1.5882,-0.10,227,233,237,-6
FUS,CHEMBL4567872,-6.6,-32.68,30,-1.0893,18.61,459,457,451,2
FUS,CHEMBL4568031,-6.6,-26.36,30,-0.8787,24.93,488,487,481,1
FUS,CHEMBL4568196,-6.6,-59.54,36,-1.6539,-6.21,140,150,211,-10
FUS,CHEMBL4568767,-6.6,-32.51,31,-1.0487,19.12,463,459,456,4
FUS,CHEMBL4568847,-6.6,-71.06,34,-2.0900,-18.41,48,55,77,-7
FUS,CHEMBL4569409,-6.6,-33.97,33,-1.0294,18.34,448,454,464,-6
FUS,CHEMBL4570402,-6.6,-50.74,34,-1.4924,1.91,256,261,285,-5
FUS,CHEMBL4570458,-6.6,-51.47,33,-1.5597,0.84,242,242,252,0
FUS,CHEMBL4570851,-6.6,-70.06,34,-2.0606,-17.41,58,62,88,-4
FUS,CHEMBL4571045,-6.6,-56.63,29,-1.9528,-5.68,170,156,110,14
FUS,CHEMBL4571371,-6.6,-48.75,33,-1.4773,3.56,287,287,292,0
FUS,CHEMBL4571884,-6.6,-70.51,36,-1.9586,-17.18,54,65,108,-11
FUS,CHEMBL4572128,-6.6,-51.57,32,-1.6116,0.40,241,235,231,6
FUS,CHEMBL4572210,-6.6,-42.64,31,-1.3755,8.99,359,361,343,-2
FUS,CHEMBL4572765,-6.6,-71.20,34,-2.0941,-18.55,46,54,76,-8
FUS,CHEMBL4572894,-6.6,-35.54,29,-1.2255,15.41,439,437,412,2
FUS,CHEMBL4573066,-6.6,-42.98,31,-1.3865,8.65,355,357,339,-2
FUS,CHEMBL4574000,-6.6,-40.80,27,-1.5111,9.47,396,368,276,28
FUS,CHEMBL4574201,-6.6,-41.51,35,-1.1860,11.48,386,398,425,-12
FUS,CHEMBL4581099,-6.6,-45.70,34,-1.3441,6.95,319,333,359,-14
FUS,CHEMBL4581775,-6.6,-39.59,36,-1.0997,13.74,405,418,446,-13
FUS,CHEMBL4582573,-6.6,-63.74,34,-1.8747,-11.09,99,103,132,-4
FUS,CHEMBL4582732,-6.6,-86.21,34,-2.5356,-33.56,10,9,24,1
FUS,CHEMBL4584626,-6.6,-75.28,31,-2.4284,-23.65,27,26,32,1
FUS,CHEMBL4584689,-6.6,-38.11,27,-1.4115,12.16,423,404,332,19
FUS,CHEMBL4584853,-6.6,-45.37,30,-1.5123,5.92,332,320,273,12
FUS,CHEMBL4584942,-6.6,-42.21,33,-1.2791,10.10,372,381,390,-9
FUS,CHEMBL4584973,-6.6,-49.73,29,-1.7148,1.22,267,247,180,20
FUS,CHEMBL4585059,-6.6,-45.35,34,-1.3338,7.30,334,338,364,-4
FUS,CHEMBL460540,-6.6,-54.57,34,-1.6050,-1.92,195,204,233,-9
FUS,CHEMBL4634998,-6.6,-36.72,31,-1.1845,14.91,433,434,426,-1
FUS,CHEMBL4636072,-6.6,-45.59,38,-1.1997,8.42,324,352,420,-28
FUS,CHEMBL4636403,-6.6,-56.27,33,-1.7052,-3.96,177,181,185,-4
FUS,CHEMBL4637979,-6.6,-62.01,37,-1.6759,-8.34,117,130,200,-13
FUS,CHEMBL4638758,-6.6,-68.05,33,-2.0621,-15.74,72,74,87,-2
FUS,CHEMBL4638885,-6.6,-98.99,36,-2.7497,-45.66,2,3,9,-1
FUS,CHEMBL4638917,-6.6,-70.98,34,-2.0876,-18.33,50,56,78,-6
FUS,CHEMBL4639184,-6.6,-44.14,31,-1.4239,7.49,348,341,326,7
FUS,CHEMBL497786,-6.6,-58.53,30,-1.9510,-7.24,148,143,111,5
FUS,CHEMBL497980,-6.6,-52.27,32,-1.6334,-0.30,232,230,221,2
FUS,CHEMBL497986,-6.6,-38.25,37,-1.0338,15.42,422,438,463,-16
FUS,CHEMBL498202,-6.6,-62.25,31,-2.0081,-10.62,113,109,99,4
FUS,CHEMBL498379,-6.6,-56.50,36,-1.5694,-3.17,172,187,245,-15
FUS,CHEMBL498396,-6.6,-30.02,26,-1.1546,19.91,479,467,434,12
FUS,CHEMBL498698,-6.6,-43.62,30,-1.4540,7.67,350,344,312,6
FUS,CHEMBL498785,-6.6,-40.00,33,-1.2121,12.31,402,406,415,-4
FUS,CHEMBL499475,-6.6,-67.02,30,-2.2340,-15.73,80,75,59,5
FUS,CHEMBL501462,-6.6,-59.46,32,-1.8581,-7.49,141,136,134,5
FUS,CHEMBL10039,-6.5,-25.81,31,-0.8326,25.82,489,489,487,0
FUS,CHEMBL1204619,-6.5,-79.98,27,-2.9622,-29.71,17,16,7,1
FUS,CHEMBL1205929,-6.5,-52.45,29,-1.8086,-1.50,226,212,151,14
FUS,CHEMBL1207157,-6.5,-74.10,32,-2.3156,-22.13,34,34,45,0
FUS,CHEMBL1207368,-6.5,-53.41,29,-1.8417,-2.46,213,197,142,16
FUS,CHEMBL1210661,-6.5,-54.31,25,-2.1724,-4.72,199,169,67,30
FUS,CHEMBL1210981,-6.5,-71.77,29,-2.4748,-20.82,43,37,28,6
FUS,CHEMBL1242845,-6.5,-55.33,34,-1.6274,-2.68,189,193,224,-4
FUS,CHEMBL1242895,-6.5,-65.16,30,-2.1720,-13.87,90,85,68,5
FUS,CHEMBL13464,-6.5,-67.12,31,-2.1652,-15.49,79,79,69,0
FUS,CHEMBL14504,-6.5,-34.65,29,-1.1948,16.30,445,441,424,4
FUS,CHEMBL1488129,-6.5,-50.40,36,-1.4000,2.93,260,272,335,-12
FUS,CHEMBL1546634,-6.5,-45.50,32,-1.4219,6.47,329,329,328,0
FUS,CHEMBL16254,-6.5,-62.04,32,-1.9387,-10.07,115,113,117,2
FUS,CHEMBL1795492,-6.5,-54.25,33,-1.6439,-1.94,200,203,215,-3
FUS,CHEMBL1796172,-6.5,-56.30,29,-1.9414,-5.35,176,159,115,17
FUS,CHEMBL1858612,-6.5,-56.47,34,-1.6609,-3.82,173,182,210,-9
FUS,CHEMBL1860006,-6.5,-45.07,30,-1.5023,6.22,337,325,282,12
FUS,CHEMBL1864626,-6.5,-53.40,30,-1.7800,-2.11,214,201,159,13
FUS,CHEMBL1865383,-6.5,-78.72,31,-2.5394,-27.09,19,17,20,2
FUS,CHEMBL1865685,-6.5,-59.45,32,-1.8578,-7.48,142,137,135,5
FUS,CHEMBL1866035,-6.5,-37.08,29,-1.2786,13.87,432,421,391,11
FUS,CHEMBL19347,-6.5,-55.51,33,-1.6821,-3.20,184,186,197,-2
FUS,CHEMBL19747,-6.5,-51.28,35,-1.4651,1.71,247,257,302,-10
FUS,CHEMBL19991,-6.5,-76.95,37,-2.0797,-23.28,22,28,80,-6
FUS,CHEMBL20031,-6.5,-49.40,35,-1.4114,3.59,272,288,333,-16
FUS,CHEMBL20825,-6.5,-44.30,33,-1.3424,8.01,345,349,361,-4
FUS,CHEMBL21079,-6.5,-74.47,32,-2.3272,-22.50,32,32,43,0
FUS,CHEMBL2142889,-6.5,-48.82,27,-1.8081,1.45,285,252,153,33
FUS,CHEMBL22736,-6.5,-63.36,33,-1.9200,-11.05,105,104,123,1
FUS,CHEMBL24875,-6.5,-58.12,33,-1.7612,-5.81,153,153,165,0
FUS,CHEMBL26817,-6.5,-65.38,32,-2.0431,-13.41,89,88,91,1
FUS,CHEMBL27890,-6.5,-79.17,34,-2.3285,-26.52,18,19,42,-1
FUS,CHEMBL3309444,-6.5,-59.65,31,-1.9242,-8.02,139,134,122,5
FUS,CHEMBL3309648,-6.5,-47.65,32,-1.4891,4.32,302,301,287,1
FUS,CHEMBL3310151,-6.5,-38.86,34,-1.1429,13.79,412,420,437,-8
FUS,CHEMBL3355155,-6.5,-66.33,35,-1.8951,-13.34,84,89,128,-5
FUS,CHEMBL4434756,-6.5,-67.49,33,-2.0452,-15.18,77,80,90,-3
FUS,CHEMBL4435035,-6.5,-63.31,33,-1.9185,-11.00,107,105,124,2
FUS,CHEMBL4435396,-6.5,-59.68,33,-1.8085,-7.37,138,141,152,-3
FUS,CHEMBL4435744,-6.5,-42.34,32,-1.3231,9.63,370,373,373,-3
FUS,CHEMBL4435827,-6.5,-45.03,28,-1.6082,5.58,339,316,232,23
FUS,CHEMBL4436157,-6.5,-51.64,30,-1.7213,-0.35,238,228,176,10
FUS,CHEMBL4529698,-6.5,-52.36,31,-1.6890,-0.73,229,221,194,8
FUS,CHEMBL4529707,-6.5,-51.08,26,-1.9646,-1.15,250,218,107,32
FUS,CHEMBL4530098,-6.5,-60.40,27,-2.2370,-10.13,132,112,57,20
FUS,CHEMBL4530123,-6.5,-30.51,35,-0.8717,22.48,474,479,482,-5
FUS,CHEMBL4530341,-6.5,-53.77,35,-1.5363,-0.78,208,220,263,-12
FUS,CHEMBL4530829,-6.5,-31.89,35,-0.9111,21.10,469,475,477,-6
FUS,CHEMBL4531069,-6.5,-41.49,29,-1.4307,9.46,387,367,325,20
FUS,CHEMBL4531804,-6.5,-56.62,33,-1.7158,-4.31,171,175,179,-4
FUS,CHEMBL4533140,-6.5,-45.53,32,-1.4228,6.44,328,328,327,0
FUS,CHEMBL4533224,-6.5,-48.64,32,-1.5200,3.33,289,284,271,5
FUS,CHEMBL4533316,-6.5,-62.01,34,-1.8238,-9.36,118,122,147,-4
FUS,CHEMBL4534196,-6.5,-69.48,30,-2.3160,-18.19,59,59,44,0
FUS,CHEMBL4534436,-6.5,-55.20,32,-1.7250,-3.23,190,184,173,6
FUS,CHEMBL4534671,-6.5,-61.17,36,-1.6992,-7.84,126,135,189,-9
FUS,CHEMBL4534767,-6.5,-40.96,25,-1.6384,8.63,394,355,218,39
FUS,CHEMBL4543398,-6.5,-61.18,30,-2.0393,-9.89,125,115,93,10
FUS,CHEMBL4543497,-6.5,-39.10,34,-1.1500,13.55,410,414,435,-4
FUS,CHEMBL4543572,-6.5,-35.78,28,-1.2779,14.83,437,433,392,4
FUS,CHEMBL4553137,-6.5,-60.44,35,-1.7269,-7.45,130,139,172,-9
FUS,CHEMBL4564177,-6.5,-66.57,36,-1.8492,-13.24,82,90,139,-8
FUS,CHEMBL4564670,-6.5,-49.10,33,-1.4879,3.21,278,280,289,-2
FUS,CHEMBL4564867,-6.5,-38.56,34,-1.1341,14.09,417,426,439,-9
FUS,CHEMBL4564908,-6.5,-55.12,33,-1.6703,-2.81,191,191,206,0
FUS,CHEMBL4565091,-6.5,-42.67,32,-1.3334,9.30,358,364,366,-6
FUS,CHEMBL4565104,-6.5,-35.45,27,-1.3130,14.82,440,432,378,8
FUS,CHEMBL4566549,-6.5,-94.21,31,-3.0390,-42.58,4,4,6,0
FUS,CHEMBL4566557,-6.5,-51.64,34,-1.5188,1.01,239,244,272,-5
FUS,CHEMBL4567857,-6.5,-75.15,29,-2.5914,-24.20,28,23,16,5
FUS,CHEMBL4568171,-6.5,-56.18,30,-1.8727,-4.89,178,167,133,11
FUS,CHEMBL4568203,-6.5,-32.56,34,-0.9576,20.09,462,468,471,-6
FUS,CHEMBL4568382,-6.5,-59.80,28,-2.1357,-9.19,137,124,72,13
FUS,CHEMBL4568472,-6.5,-57.77,34,-1.6991,-5.12,155,163,190,-8
FUS,CHEMBL4569433,-6.5,-45.37,32,-1.4178,6.60,333,331,329,2
FUS,CHEMBL4569434,-6.5,-38.88,34,-1.1435,13.77,411,419,436,-8
FUS,CHEMBL4570217,-6.5,-65.60,34,-1.9294,-12.95,88,92,119,-4
FUS,CHEMBL4570452,-6.5,-35.98,33,-1.0903,16.33,436,442,450,-6
FUS,CHEMBL4570539,-6.5,-45.54,28,-1.6264,5.07,326,309,226,17
FUS,CHEMBL4570691,-6.5,-60.32,27,-2.2341,-10.05,135,114,58,21
FUS,CHEMBL4571226,-6.5,-64.37,29,-2.2197,-13.42,94,87,62,7
FUS,CHEMBL4571472,-6.5,-64.66,35,-1.8474,-11.67,92,99,140,-7
FUS,CHEMBL4571685,-6.5,-52.27,37,-1.4127,1.40,231,249,331,-18
FUS,CHEMBL4572169,-6.5,-41.33,31,-1.3332,10.30,388,385,367,3
FUS,CHEMBL4572216,-6.5,-52.74,21,-2.5114,-4.52,223,171,27,52
FUS,CHEMBL4572947,-6.5,-49.47,32,-1.5459,2.50,271,267,259,4
FUS,CHEMBL4573275,-6.5,-76.71,31,-2.4745,-25.08,24,21,29,3
FUS,CHEMBL4573391,-6.5,-37.74,30,-1.2580,13.55,427,413,398,14
FUS,CHEMBL4573482,-6.5,-31.57,33,-0.9567,20.74,470,471,472,-1
FUS,CHEMBL4573495,-6.5,-54.01,31,-1.7423,-2.38,203,198,167,5
FUS,CHEMBL4573526,-6.5,-32.76,37,-0.8854,20.91,458,472,479,-14
FUS,CHEMBL4574630,-6.5,-39.82,31,-1.2845,11.81,404,403,389,1
FUS,CHEMBL4574860,-6.5,-56.08,31,-1.8090,-4.45,179,172,150,7
FUS,CHEMBL4575162,-6.5,-52.28,31,-1.6865,-0.65,230,222,195,8
FUS,CHEMBL4575539,-6.5,-56.65,31,-1.8274,-5.02,168,166,145,2
FUS,CHEMBL4575782,-6.5,-76.28,30,-2.5427,-24.99,25,22,19,3
FUS,CHEMBL4581156,-6.5,-34.29,32,-1.0716,17.68,446,449,454,-3
FUS,CHEMBL4581455,-6.5,-35.44,28,-1.2657,15.17,441,435,395,6
FUS,CHEMBL4581760,-6.5,-60.53,32,-1.8916,-8.56,129,129,129,0
FUS,CHEMBL4581931,-6.5,-59.20,35,-1.6914,-6.21,143,149,193,-6
FUS,CHEMBL4582240,-6.5,-63.67,35,-1.8191,-10.68,100,108,148,-8
FUS,CHEMBL4583574,-6.5,-57.19,31,-1.8448,-5.56,162,157,141,5
FUS,CHEMBL4583616,-6.5,-51.21,35,-1.4631,1.78,248,259,305,-11
FUS,CHEMBL4583617,-6.5,-74.46,37,-2.0124,-20.79,33,39,97,-6
FUS,CHEMBL4584771,-6.5,-44.30,32,-1.3844,7.67,344,345,340,-1
FUS,CHEMBL4585010,-6.5,-42.99,32,-1.3434,8.98,354,359,360,-5
FUS,CHEMBL4634693,-6.5,-28.72,24,-1.1967,20.52,484,470,423,14
FUS,CHEMBL4634782,-6.5,-24.97,35,-0.7134,28.02,490,491,492,-1
FUS,CHEMBL4635384,-6.5,-38.54,34,-1.1335,14.11,418,427,440,-9
FUS,CHEMBL4635410,-6.5,-48.11,30,-1.6037,3.18,296,278,234,18
FUS,CHEMBL4635896,-6.5,-68.38,34,-2.0112,-15.73,67,76,98,-9
FUS,CHEMBL4636314,-6.5,-69.43,36,-1.9286,-16.10,60,71,120,-11
FUS,CHEMBL4636909,-6.5,-42.57,33,-1.2900,9.74,361,377,385,-16
FUS,CHEMBL4636992,-6.5,-47.81,31,-1.5423,3.82,299,294,260,5
FUS,CHEMBL4637048,-6.5,-42.56,36,-1.1822,10.77,362,390,428,-28
FUS,CHEMBL4637095,-6.5,-50.19,34,-1.4762,2.46,261,266,293,-5
FUS,CHEMBL4637418,-6.5,-33.66,33,-1.0200,18.65,454,458,465,-4
FUS,CHEMBL4637495,-6.5,-72.94,33,-2.2103,-20.63,38,41,64,-3
FUS,CHEMBL4637570,-6.5,-41.02,30,-1.3673,10.27,393,382,346,11
FUS,CHEMBL4637683,-6.5,-39.20,36,-1.0889,14.13,409,428,452,-19
FUS,CHEMBL4638498,-6.5,-38.38,29,-1.3234,12.57,419,408,372,11
FUS,CHEMBL4638521,-6.5,-64.21,36,-1.7836,-10.88,95,106,158,-11
FUS,CHEMBL4639227,-6.5,-45.56,31,-1.4697,6.07,325,323,295,2
FUS,CHEMBL4639260,-6.5,-35.70,27,-1.3222,14.57,438,431,375,7
FUS,CHEMBL4639597,-6.5,-76.84,36,-2.1344,-23.51,23,27,73,-4
FUS,CHEMBL495941,-6.5,-28.39,37,-0.7673,25.28,485,488,490,-3
FUS,CHEMBL496484,-6.5,-73.41,29,-2.5314,-22.46,36,33,25,3
FUS,CHEMBL497690,-6.5,-67.86,29,-2.3400,-16.91,74,67,39,7
FUS,CHEMBL497839,-6.5,-36.43,31,-1.1752,15.20,434,436,430,-2
FUS,CHEMBL501998,-6.5,-13.86,29,-0.4779,37.09,493,493,493,0
FUS,BETAMETHASONE ACETATE,-6.4,-47.52,33,-1.4400,4.79,307,303,319,4
FUS,CHEMBL10211,-6.4,-33.72,31,-1.0877,17.91,453,452,453,1
FUS,CHEMBL10295,-6.4,-53.30,31,-1.7194,-1.67,216,208,177,8
FUS,CHEMBL11533,-6.4,-52.84,36,-1.4678,0.49,222,237,298,-15
FUS,CHEMBL11899,-6.4,-47.05,36,-1.3069,6.28,310,326,379,-16
FUS,CHEMBL1204622,-6.4,-32.48,27,-1.2030,17.79,464,451,419,13
FUS,CHEMBL1205646,-6.4,-51.34,35,-1.4669,1.65,245,254,299,-9
FUS,CHEMBL1205903,-6.4,-41.64,30,-1.3880,9.65,381,375,338,6
FUS,CHEMBL1206988,-6.4,-57.73,34,-1.6979,-5.08,158,164,191,-6
FUS,CHEMBL1207130,-6.4,-60.95,31,-1.9661,-9.32,128,123,106,5
FUS,CHEMBL1207133,-6.4,-65.79,31,-2.1223,-14.16,87,84,74,3
FUS,CHEMBL1209968,-6.4,-55.07,36,-1.5297,-1.74,192,206,267,-14
FUS,CHEMBL1210643,-6.4,-47.25,33,-1.4318,5.06,309,308,324,1
FUS,CHEMBL1210815,-6.4,-63.52,36,-1.7644,-10.19,103,111,164,-8
FUS,CHEMBL1210835,-6.4,-48.96,35,-1.3989,4.03,282,299,336,-17
FUS,CHEMBL1242357,-6.4,-51.67,33,-1.5658,0.64,237,240,248,-3
FUS,CHEMBL1242896,-6.4,-68.54,27,-2.5385,-18.27,64,58,23,6
FUS,CHEMBL1242904,-6.4,-57.17,32,-1.7866,-5.20,164,160,157,4
FUS,CHEMBL12638,-6.4,-61.93,26,-2.3819,-12.00,120,95,37,25
FUS,CHEMBL12910,-6.4,-68.04,35,-1.9440,-15.05,73,81,113,-8
FUS,CHEMBL13184,-6.4,-72.53,32,-2.2666,-20.56,40,43,54,-3
FUS,CHEMBL13495,-6.4,-54.44,27,-2.0163,-4.17,196,178,96,18
FUS,CHEMBL1357321,-6.4,-48.92,32,-1.5288,3.05,283,275,268,8
FUS,CHEMBL14272,-6.4,-45.66,29,-1.5745,5.29,320,312,243,8
FUS,CHEMBL1485553,-6.4,-38.67,29,-1.3334,12.28,414,405,365,9
FUS,CHEMBL14921,-6.4,-49.32,32,-1.5413,2.65,273,269,261,4
FUS,CHEMBL1608464,-6.4,-29.43,33,-0.8918,22.88,481,482,478,-1
FUS,CHEMBL16243,-6.4,-70.41,28,-2.5146,-19.80,55,47,26,8
FUS,CHEMBL16750,-6.4,-45.63,23,-1.9839,3.27,321,283,104,38
FUS,CHEMBL16948,-6.4,-38.36,32,-1.1987,13.61,421,415,421,6
FUS,CHEMBL17391,-6.4,-47.67,30,-1.5890,3.62,301,290,236,11
FUS,CHEMBL1795645,-6.4,-54.22,35,-1.5491,-1.23,201,216,257,-15
FUS,CHEMBL1795920,-6.4,-48.15,31,-1.5532,3.48,294,286,255,8
FUS,CHEMBL1808974,-6.4,-31.02,28,-1.1079,19.59,473,462,445,11
FUS,CHEMBL1808999,-6.4,-68.20,33,-2.0667,-15.89,71,73,84,-2
FUS,CHEMBL1809058,-6.4,-60.22,36,-1.6728,-6.89,136,145,203,-9
FUS,CHEMBL18189,-6.4,-36.17,31,-1.1668,15.46,435,439,432,-4
FUS,CHEMBL1858263,-6.4,-70.69,31,-2.2803,-19.06,52,51,51,1
FUS,CHEMBL1858825,-6.4,-73.76,32,-2.3050,-21.79,35,35,46,0
FUS,CHEMBL1859156,-6.4,-55.39,33,-1.6785,-3.08,186,189,198,-3
FUS,CHEMBL1863708,-6.4,-58.45,33,-1.7712,-6.14,149,151,160,-2
FUS,CHEMBL1863935,-6.4,-41.63,26,-1.6012,8.30,383,351,235,32
FUS,CHEMBL1864417,-6.4,-41.87,34,-1.2315,10.78,380,391,409,-11
FUS,CHEMBL1864439,-6.4,-39.95,29,-1.3776,11.00,403,392,342,11
FUS,CHEMBL1864561,-6.4,-46.99,32,-1.4684,4.98,311,307,297,4
FUS,CHEMBL1865240,-6.4,-63.22,31,-2.0394,-11.59,108,100,92,8
FUS,CHEMBL18657,-6.4,-49.87,30,-1.6623,1.42,264,251,209,13
FUS,CHEMBL19051,-6.4,-48.97,34,-1.4403,3.68,281,291,318,-10
FUS,CHEMBL19801,-6.4,-63.63,36,-1.7675,-10.30,101,110,162,-9
FUS,CHEMBL20160,-6.4,-48.84,26,-1.8785,1.09,284,245,131,39
FUS,CHEMBL20304,-6.4,-47.94,31,-1.5465,3.69,298,292,258,6
FUS,CHEMBL20466,-6.4,-32.26,32,-1.0081,19.71,466,464,466,2
FUS,CHEMBL20714,-6.4,-51.31,35,-1.4660,1.68,246,256,300,-10
FUS,CHEMBL21042,-6.4,-57.04,33,-1.7285,-4.73,165,168,170,-3
FUS,CHEMBL21250,-6.4,-85.71,33,-2.5973,-33.40,11,10,15,1
FUS,CHEMBL21346,-6.4,-48.46,33,-1.4685,3.85,290,296,296,-6
FUS,CHEMBL2135293,-6.4,-41.53,32,-1.2978,10.44,385,387,382,-2
FUS,CHEMBL2165614,-6.4,-41.62,28,-1.4864,8.99,384,360,290,24
FUS,CHEMBL22971,-6.4,-42.30,26,-1.6269,7.63,371,343,225,28
FUS,CHEMBL25084,-6.4,-70.34,29,-2.4255,-19.39,56,50,34,6
FUS,CHEMBL25345,-6.4,-57.59,35,-1.6454,-4.60,159,170,214,-11
FUS,CHEMBL27091,-6.4,-40.65,27,-1.5056,9.62,398,372,280,26
FUS,CHEMBL27388,-6.4,-42.21,31,-1.3616,9.42,373,366,352,7
FUS,CHEMBL30370,-6.4,-52.72,30,-1.7573,-1.43,224,213,166,11
FUS,CHEMBL3309381,-6.4,-62.70,36,-1.7417,-9.37,111,120,168,-9
FUS,CHEMBL3309652,-6.4,-48.15,32,-1.5047,3.82,295,295,281,0
FUS,CHEMBL4116087,-6.4,-78.70,31,-2.5387,-27.07,20,18,22,2
FUS,CHEMBL4434647,-6.4,-68.34,29,-2.3566,-17.39,68,63,38,5
FUS,CHEMBL4435018,-6.4,-35.17,32,-1.0991,16.80,443,445,447,-2
FUS,CHEMBL4435164,-6.4,-51.58,35,-1.4737,1.41,240,250,294,-10
FUS,CHEMBL4435572,-6.4,-63.61,29,-2.1934,-12.66,102,93,66,9
FUS,CHEMBL4435750,-6.4,-58.75,30,-1.9583,-7.46,146,138,109,8
FUS,CHEMBL4435968,-6.4,-61.64,32,-1.9263,-9.67,121,116,121,5
FUS,CHEMBL4436028,-6.4,-30.37,35,-0.8677,22.62,475,481,484,-6
FUS,CHEMBL4436041,-6.4,-42.40,33,-1.2848,9.91,366,379,388,-13
FUS,CHEMBL4436151,-6.4,-53.42,35,-1.5263,-0.43,212,226,270,-14
FUS,CHEMBL4436202,-6.4,-74.98,33,-2.2721,-22.67,29,31,53,-2
FUS,CHEMBL4436273,-6.4,-46.82,32,-1.4631,5.15,312,311,306,1
FUS,CHEMBL4529447,-6.4,-63.05,30,-2.1017,-11.76,109,98,75,11
FUS,CHEMBL4529855,-6.4,-33.84,28,-1.2086,16.77,451,444,417,7
FUS,CHEMBL4530081,-6.4,-50.42,37,-1.3627,3.25,258,281,350,-23
FUS,CHEMBL4530672,-6.4,-39.56,28,-1.4129,11.05,406,394,330,12
FUS,CHEMBL4530812,-6.4,-56.42,35,-1.6120,-3.43,175,183,230,-8
FUS,CHEMBL4531294,-6.4,-50.83,35,-1.4523,2.16,252,262,313,-10
FUS,CHEMBL4531539,-6.4,-73.28,34,-2.1553,-20.63,37,42,70,-5
FUS,CHEMBL4533364,-6.4,-48.98,30,-1.6327,2.31,280,265,222,15
FUS,CHEMBL4533473,-6.4,-48.41,36,-1.3447,4.92,291,305,357,-14
FUS,CHEMBL4533958,-6.4,-22.72,28,-0.8114,27.89,492,490,489,2
FUS,CHEMBL4534280,-6.4,-52.46,26,-2.0177,-2.53,225,195,95,30
FUS,CHEMBL4534610,-6.4,-61.04,33,-1.8497,-8.73,127,128,137,-1
FUS,CHEMBL4534639,-6.4,-53.78,30,-1.7927,-2.49,207,196,156,11
FUS,CHEMBL4534728,-6.4,-33.62,36,-0.9339,19.71,455,465,475,-10
FUS,CHEMBL4548513,-6.4,-81.58,30,-2.7193,-30.29,15,15,11,0
FUS,CHEMBL4553575,-6.4,-41.31,33,-1.2518,11.00,389,393,400,-4
FUS,CHEMBL4553614,-6.4,-49.21,34,-1.4474,3.44,275,285,317,-10
FUS,CHEMBL4559933,-6.4,-50.83,30,-1.6943,0.46,253,236,192,17
FUS,CHEMBL4564493,-6.4,-37.95,27,-1.4056,12.32,424,407,334,17
FUS,CHEMBL4564502,-6.4,-47.54,34,-1.3982,5.11,306,310,337,-4
FUS,CHEMBL4564812,-6.4,-51.73,30,-1.7243,-0.44,236,225,174,11
FUS,CHEMBL4565038,-6.4,-57.18,29,-1.9717,-6.23,163,148,105,15
FUS,CHEMBL4565154,-6.4,-54.20,30,-1.8067,-2.91,202,190,154,12
FUS,CHEMBL4566183,-6.4,-51.94,31,-1.6755,-0.31,233,229,202,4
FUS,CHEMBL4566570,-6.4,-38.70,31,-1.2484,12.93,413,411,402,2
FUS,CHEMBL4566603,-6.4,-32.61,33,-0.9882,19.70,460,463,468,-3
FUS,CHEMBL4567666,-6.4,-47.58,28,-1.6993,3.03,304,274,188,30
FUS,CHEMBL4567981,-6.4,-41.22,33,-1.2491,11.09,391,395,401,-4
FUS,CHEMBL4568719,-6.4,-48.72,34,-1.4329,3.93,288,298,322,-10
FUS,CHEMBL4569164,-6.4,-33.87,31,-1.0926,17.76,450,450,449,0
FUS,CHEMBL4569431,-6.4,-50.79,28,-1.8139,-0.18,255,231,149,24
SOD1,CHEMBL4584906,-7.7,-66.74,37,-1.8038,9.50,410,734,691,-324
SOD1,CHEMBL4637347,-7.6,-70.48,35,-2.0137,1.54,340,548,533,-208
SOD1,CHEMBL27556,-7.4,-60.93,27,-2.2567,-5.79,528,365,354,163
SOD1,CHEMBL4530189,-7.3,-78.38,36,-2.1772,-4.25,229,391,400,-162
SOD1,CHEMBL4534728,-7.3,-50.33,36,-1.3981,23.80,761,997,938,-236
SOD1,CHEMBL523154,-7.3,-44.38,28,-1.5850,12.87,896,826,841,70
SOD1,CHEMBL4531853,-7.2,-80.10,36,-2.2250,-5.97,211,361,373,-150
SOD1,CHEMBL4531945,-7.2,-52.29,31,-1.6868,11.29,722,779,773,-57
SOD1,CHEMBL4568323,-7.2,-56.31,34,-1.6562,13.60,635,843,795,-208
SOD1,CHEMBL4636104,-7.2,-96.06,29,-3.3124,-36.70,75,52,39,23
SOD1,CHEMBL526671,-7.2,-61.70,28,-2.2036,-4.45,505,386,385,119
SOD1,CHEMBL26518,-7.1,-57.76,27,-2.1393,-2.62,606,430,428,176
SOD1,CHEMBL4436123,-7.1,-95.52,37,-2.5816,-19.28,78,160,191,-82
SOD1,CHEMBL4533386,-7.1,-71.90,32,-2.2469,-6.21,317,357,359,-40
SOD1,CHEMBL4568196,-7.1,-82.30,36,-2.2861,-8.17,183,318,340,-135
SOD1,CHEMBL4571895,-7.1,-89.36,34,-2.6282,-19.45,126,156,169,-30
SOD1,CHEMBL4571979,-7.1,-72.75,33,-2.2045,-4.95,303,377,384,-74
SOD1,CHEMBL4572132,-7.1,-79.27,38,-2.0861,-0.92,220,472,465,-252
SOD1,CHEMBL499624,-7.1,-80.82,39,-2.0723,-0.36,198,491,483,-293
SOD1,CHEMBL19433,-7.0,-63.00,35,-1.8000,9.02,485,721,693,-236
SOD1,CHEMBL20420,-7.0,-60.28,34,-1.7729,9.63,544,736,716,-192
SOD1,CHEMBL21140,-7.0,-67.28,34,-1.9788,2.63,403,571,559,-168
SOD1,CHEMBL4434725,-7.0,-94.43,33,-2.8615,-26.63,91,101,121,-10
SOD1,CHEMBL4564908,-7.0,-108.41,33,-3.2852,-40.61,27,34,42,-7
SOD1,CHEMBL4585076,-7.0,-71.89,34,-2.1144,-1.98,318,445,446,-127
SOD1,CHEMBL4637570,-7.0,-65.47,30,-2.1823,-4.00,434,396,396,38
SOD1,CHEMBL514503,-7.0,-84.07,39,-2.1556,-3.61,169,408,417,-239
SOD1,CHEMBL566402,-7.0,-62.00,29,-2.1379,-2.64,503,429,429,74
SOD1,CAPMATINIB,-6.9,-66.10,32,-2.0656,-0.41,423,490,490,-67
SOD1,CHEMBL1210539,-6.9,-62.38,30,-2.0793,-0.91,495,474,473,21
SOD1,CHEMBL1242810,-6.9,-82.21,37,-2.2219,-5.97,184,362,375,-178
SOD1,CHEMBL1608464,-6.9,-110.49,33,-3.3482,-42.69,21,26,34,-5
SOD1,CHEMBL16198,-6.9,-62.02,36,-1.7228,12.11,502,807,744,-305
SOD1,CHEMBL1796459,-6.9,-52.73,24,-2.1971,-3.93,711,402,387,309
SOD1,CHEMBL20304,-6.9,-59.60,31,-1.9226,3.98,557,600,595,-43
SOD1,CHEMBL23584,-6.9,-49.99,29,-1.7238,9.37,771,728,743,43
SOD1,CHEMBL23867,-6.9,-38.61,30,-1.2870,22.86,977,984,990,-7
SOD1,CHEMBL3309993,-6.9,-49.94,28,-1.7836,7.31,772,693,708,79
SOD1,CHEMBL4435086,-6.9,-77.32,37,-2.0897,-1.08,247,464,460,-217
SOD1,CHEMBL4435471,-6.9,-94.64,31,-3.0529,-31.06,85,78,82,7
SOD1,CHEMBL4531799,-6.9,-47.48,31,-1.5316,16.10,817,891,877,-74
SOD1,CHEMBL4534187,-6.9,-41.47,25,-1.6588,9.44,936,732,794,204
SOD1,CHEMBL4566329,-6.9,-80.80,32,-2.5250,-15.11,200,214,217,-14
SOD1,CHEMBL4568330,-6.9,-93.56,36,-2.5989,-19.43,93,158,186,-65
SOD1,CHEMBL4570672,-6.9,-32.49,34,-0.9556,37.42,1038,1067,1063,-29
SOD1,CHEMBL4575882,-6.9,-97.55,29,-3.3638,-38.19,67,42,32,25
SOD1,CHEMBL4580979,-6.9,-63.56,26,-2.4446,-10.54,470,273,255,197
SOD1,CHEMBL4581818,-6.9,-61.24,27,-2.2681,-6.10,519,359,350,160
SOD1,CHEMBL498101,-6.9,-48.70,33,-1.4758,19.10,800,938,908,-138
SOD1,CHEMBL501743,-6.9,-105.69,35,-3.0197,-33.67,32,68,87,-36
SOD1,CHEMBL503090,-6.9,-104.79,34,-3.0821,-34.88,36,60,76,-24
SOD1,CHEMBL510316,-6.9,-92.27,35,-2.6363,-20.25,103,148,164,-45
SOD1,CHEMBL513061,-6.9,-70.00,37,-1.8919,6.24,349,656,618,-307
SOD1,CHEMBL514794,-6.9,-74.44,32,-2.3262,-8.75,286,302,311,-16
SOD1,CHEMBL514934,-6.9,-53.51,31,-1.7261,10.07,694,749,740,-55
SOD1,CHEMBL518824,-6.9,-81.69,29,-2.8169,-22.33,191,127,126,64
SOD1,CHEMBL519939,-6.9,-115.00,29,-3.9655,-55.64,12,4,2,8
SOD1,CHEMBL523712,-6.9,-70.91,35,-2.0260,1.11,332,535,523,-203
SOD1,CHEMBL556916,-6.9,-77.77,38,-2.0466,0.58,237,519,505,-282
SOD1,CHEMBL557330,-6.9,-94.59,34,-2.7821,-24.68,87,115,134,-28
SOD1,CHEMBL565933,-6.9,-77.74,34,-2.2865,-7.83,238,327,337,-89
SOD1,CHEMBL566192,-6.9,-58.16,28,-2.0771,-0.91,598,473,478,125
SOD1,VIBEGRON,-6.9,-63.46,36,-1.7628,10.67,475,763,724,-288
SOD1,CHEMBL14272,-6.8,-62.84,29,-2.1669,-3.48,489,412,410,77
SOD1,CHEMBL14906,-6.8,-63.31,29,-2.1831,-3.95,478,399,395,79
SOD1,CHEMBL14921,-6.8,-70.06,32,-2.1894,-4.37,348,389,391,-41
SOD1,CHEMBL1796460,-6.8,-73.29,23,-3.1865,-26.60,294,102,57,192
SOD1,CHEMBL1864417,-6.8,-77.29,34,-2.2732,-7.38,248,334,346,-86
SOD1,CHEMBL1864639,-6.8,-42.37,31,-1.3668,21.21,926,967,953,-41
SOD1,CHEMBL1865305,-6.8,-71.31,32,-2.2284,-5.62,325,366,371,-41
SOD1,CHEMBL1865710,-6.8,-70.96,27,-2.6281,-15.82,330,203,170,127
SOD1,CHEMBL20396,-6.8,-48.43,34,-1.4244,21.48,804,969,927,-165
SOD1,CHEMBL20834,-6.8,-45.69,28,-1.6318,11.56,868,789,819,79
SOD1,CHEMBL22924,-6.8,-39.60,29,-1.3655,19.76,962,944,955,18
SOD1,CHEMBL23211,-6.8,-39.78,29,-1.3717,19.58,956,941,950,15
SOD1,CHEMBL23374,-6.8,-49.50,29,-1.7069,9.86,784,742,757,42
SOD1,CHEMBL28280,-6.8,-63.53,27,-2.3530,-8.39,471,310,296,161
SOD1,CHEMBL29213,-6.8,-35.92,24,-1.4967,12.88,1005,828,895,177
SOD1,CHEMBL3309986,-6.8,-51.86,27,-1.9207,3.28,731,584,596,147
SOD1,CHEMBL4436134,-6.8,-56.89,30,-1.8963,4.58,624,618,615,6
SOD1,CHEMBL4527972,-6.8,-58.14,32,-1.8169,7.55,599,700,681,-101
SOD1,CHEMBL4531190,-6.8,-54.05,35,-1.5443,17.97,684,915,866,-231
SOD1,CHEMBL4531294,-6.8,-46.50,35,-1.3286,25.52,843,1012,973,-169
SOD1,CHEMBL4543405,-6.8,-103.79,31,-3.3481,-40.21,38,35,35,3
SOD1,CHEMBL4543416,-6.8,-61.13,32,-1.9103,4.56,522,617,602,-95
SOD1,CHEMBL4570458,-6.8,-58.07,33,-1.7597,9.73,602,739,726,-137
SOD1,CHEMBL4571676,-6.8,-43.13,27,-1.5974,12.01,920,802,839,118
SOD1,CHEMBL4571884,-6.8,-78.21,36,-2.1725,-4.08,232,395,404,-163
SOD1,CHEMBL4572894,-6.8,-49.58,29,-1.7097,9.78,780,740,753,40
SOD1,CHEMBL4574201,-6.8,-77.58,35,-2.2166,-5.56,241,369,379,-128
SOD1,CHEMBL4575547,-6.8,-58.09,29,-2.0031,1.27,600,538,543,62
SOD1,CHEMBL4581724,-6.8,-36.67,29,-1.2645,22.69,998,981,1000,17
SOD1,CHEMBL4636707,-6.8,-106.86,35,-3.0531,-34.84,31,61,81,-30
SOD1,CHEMBL4638944,-6.8,-52.38,31,-1.6897,11.20,720,776,772,-56
SOD1,CHEMBL501732,-6.8,-85.87,31,-2.7700,-22.29,152,128,138,24
SOD1,CHEMBL513151,-6.8,-45.55,35,-1.3014,26.47,872,1025,984,-153
SOD1,CHEMBL514678,-6.8,-88.02,35,-2.5149,-16.00,134,197,222,-63
SOD1,CHEMBL516802,-6.8,-77.00,34,-2.2647,-7.09,252,343,352,-91
SOD1,CHEMBL517068,-6.8,-94.89,28,-3.3889,-37.64,84,46,30,38
SOD1,CHEMBL524898,-6.8,-70.08,34,-2.0612,-0.17,347,496,494,-149
SOD1,CHEMBL526656,-6.8,-61.58,33,-1.8661,6.22,509,654,638,-145
SOD1,CHEMBL527590,-6.8,-83.70,34,-2.4618,-13.79,175,233,251,-58
SOD1,CHEMBL561610,-6.8,-121.28,35,-3.4651,-49.26,6,12,28,-6
SOD1,CHEMBL561738,-6.8,-90.58,34,-2.6641,-20.67,115,143,154,-28
SOD1,CHEMBL564972,-6.8,-67.71,35,-1.9346,4.31,394,612,587,-218
SOD1,TROGLITAZONE,-6.8,-45.95,33,-1.3924,21.85,854,974,941,-120
SOD1,CHEMBL11118,-6.7,-46.72,21,-2.2248,-4.25,838,392,374,446
SOD1,CHEMBL11899,-6.7,-91.11,36,-2.5308,-16.98,109,183,211,-74
SOD1,CHEMBL21250,-7.3,-88.90,33,-2.6939,-21.10,128,139,147,-11
SOD1,CHEMBL4435180,-7.3,-46.35,34,-1.3632,23.56,844,992,956,-148
SOD1,CHEMBL1210641,-7.1,-61.27,33,-1.8567,6.53,518,667,644,-149
SOD1,CHEMBL562394,-7.1,-85.36,36,-2.3711,-11.23,157,262,284,-105
SOD1,CHEMBL4575412,-7.0,-42.72,34,-1.2565,27.19,924,1031,1004,-107
SOD1,CHEMBL20714,-6.9,-60.68,35,-1.7337,11.34,532,781,737,-249
SOD1,CHEMBL526097,-6.9,-75.71,32,-2.3659,-10.02,273,284,286,-11
SOD1,CHEMBL563162,-6.9,-72.86,30,-2.4287,-11.39,299,259,262,40
SOD1,CHEMBL4564327,-6.8,-70.96,34,-2.0871,-1.05,331,465,464,-134
SOD1,CHEMBL498704,-6.8,-55.44,34,-1.6306,14.47,656,864,821,-208
SOD1,CHEMBL518019,-6.8,-32.99,29,-1.1376,26.37,1034,1021,1039,13
SOD1,CHEMBL1207367,-6.7,-55.91,25,-2.2364,-5.00,643,376,365,267
SOD1,CHEMBL1210518,-6.7,-112.78,36,-3.1328,-38.65,14,41,67,-27
SOD1,CHEMBL1210815,-6.7,-94.64,36,-2.6289,-20.51,86,144,168,-58
SOD1,CHEMBL18339,-6.7,-93.31,32,-2.9159,-27.62,97,96,108,1
SOD1,CHEMBL1858357,-6.7,-26.20,27,-0.9704,28.94,1064,1042,1060,22
SOD1,CHEMBL1858521,-6.7,-36.12,27,-1.3378,19.02,1004,936,969,68
SOD1,CHEMBL1859541,-6.7,-50.39,30,-1.6797,11.08,759,773,780,-14
SOD1,CHEMBL1865389,-6.7,-98.15,29,-3.3845,-38.79,63,40,31,23
SOD1,CHEMBL1865696,-6.7,-88.40,30,-2.9467,-26.93,132,100,102,32
SOD1,CHEMBL18826,-6.7,-34.68,26,-1.3338,18.34,1022,925,970,97
SOD1,CHEMBL22434,-6.7,-45.93,28,-1.6404,11.32,856,780,808,76
SOD1,CHEMBL24738,-6.7,-41.44,28,-1.4800,15.81,938,882,905,56
SOD1,CHEMBL26996,-6.7,-43.14,31,-1.3916,20.44,918,956,942,-38
SOD1,CHEMBL27509,-6.7,-44.95,36,-1.2486,29.18,885,1043,1009,-158
SOD1,CHEMBL27805,-6.7,-45.22,30,-1.5073,16.25,879,892,889,-13
SOD1,CHEMBL3309999,-6.7,-53.61,33,-1.6245,14.19,690,860,826,-170
SOD1,CHEMBL4434821,-6.7,-87.96,36,-2.4433,-13.83,135,232,257,-97
SOD1,CHEMBL4435881,-6.7,-66.02,26,-2.5392,-13.00,424,243,208,181
SOD1,CHEMBL4529655,-6.7,-72.63,30,-2.4210,-11.16,306,263,265,43
SOD1,CHEMBL4530741,-6.7,-92.44,35,-2.6411,-20.42,102,145,163,-43
SOD1,CHEMBL4534269,-6.7,-37.15,31,-1.1984,26.43,994,1023,1024,-29
SOD1,CHEMBL4543398,-6.7,-56.17,30,-1.8723,5.30,638,633,636,5
SOD1,CHEMBL4567661,-6.7,-47.61,33,-1.4427,20.19,815,953,919,-138
SOD1,CHEMBL4570803,-6.7,-89.71,35,-2.5631,-17.69,120,176,200,-56
SOD1,CHEMBL4571316,-6.7,-67.70,33,-2.0515,0.10,395,509,500,-114
SOD1,CHEMBL4571685,-6.7,-86.99,37,-2.3511,-10.75,143,266,297,-123
SOD1,CHEMBL4573427,-6.7,-47.36,29,-1.6331,12.00,823,801,817,22
SOD1,CHEMBL4580960,-6.7,-58.53,36,-1.6258,15.60,586,876,825,-290
SOD1,CHEMBL4583640,-6.7,-38.04,34,-1.1188,31.87,980,1052,1042,-72
SOD1,CHEMBL4634782,-6.7,-59.40,35,-1.6971,12.62,561,820,762,-259
SOD1,CHEMBL4635573,-6.7,-99.88,32,-3.1212,-34.19,57,65,68,-8
SOD1,CHEMBL4636826,-6.7,-71.54,28,-2.5550,-14.29,321,226,202,95
SOD1,CHEMBL505653,-6.7,-34.20,26,-1.3154,18.82,1026,935,980,91
SOD1,CHEMBL512254,-6.7,-47.40,32,-1.4812,18.29,820,923,904,-103
SOD1,CHEMBL513841,-6.7,-103.04,32,-3.2200,-37.35,40,48,52,-8
SOD1,CHEMBL515433,-6.7,-50.82,24,-2.1175,-2.02,752,443,440,309
SOD1,CHEMBL515644,-6.7,-95.12,33,-2.8824,-27.32,80,98,118,-18
SOD1,CHEMBL516309,-6.7,-93.54,31,-3.0174,-29.96,95,85,88,10
SOD1,CHEMBL517333,-6.7,-73.97,29,-2.5507,-14.61,291,219,203,72
SOD1,CHEMBL517514,-6.7,-64.34,31,-2.0755,-0.76,453,480,480,-27
SOD1,CHEMBL521548,-6.7,-129.45,37,-3.4986,-53.21,2,5,25,-3
SOD1,CHEMBL522678,-6.7,-49.63,30,-1.6543,11.84,777,793,797,-16
SOD1,CHEMBL523297,-6.7,-33.90,27,-1.2556,21.24,1029,968,1006,61
SOD1,CHEMBL556939,-6.7,-43.40,25,-1.7360,7.51,914,697,735,217
SOD1,CHEMBL563005,-6.7,-95.29,38,-2.5076,-16.94,79,184,230,-105
SOD1,CHEMBL563303,-6.7,-65.72,37,-1.7762,10.52,429,759,711,-330
SOD1,CHEMBL564243,-6.7,-69.86,37,-1.8881,6.38,356,661,624,-305
SOD1,CHEMBL8935,-6.7,-49.30,25,-1.9720,1.61,788,551,562,237
SOD1,CHEMBL10861,-6.6,-36.64,22,-1.6655,7.94,999,705,789,294
SOD1,CHEMBL1210642,-6.6,-44.65,29,-1.5397,14.71,890,866,872,24
SOD1,CHEMBL1210643,-6.6,-61.69,33,-1.8694,6.11,507,652,637,-145
SOD1,CHEMBL1242296,-6.6,-56.13,26,-2.1588,-3.11,639,419,414,220
SOD1,CHEMBL1242373,-6.6,-77.71,33,-2.3548,-9.91,240,286,293,-46
SOD1,CHEMBL1242382,-6.6,-58.76,30,-1.9587,2.71,577,574,570,3
SOD1,CHEMBL12426,-6.6,-52.78,27,-1.9548,2.36,708,564,575,144
SOD1,CHEMBL12566,-6.6,-52.30,32,-1.6344,13.39,721,838,813,-117
SOD1,CHEMBL1469032,-6.6,-40.21,26,-1.5465,12.81,954,823,864,131
SOD1,CHEMBL1540525,-6.6,-97.91,26,-3.7658,-44.89,66,22,7,44
SOD1,CHEMBL16415,-6.6,-31.68,24,-1.3200,17.12,1047,908,977,139
SOD1,CHEMBL1795629,-6.6,-80.18,37,-2.1670,-3.94,209,400,409,-191
SOD1,CHEMBL18045,-6.6,-36.34,26,-1.3977,16.68,1003,901,939,102
SOD1,CHEMBL1859651,-6.6,-26.41,27,-0.9781,28.73,1063,1040,1059,23
SOD1,CHEMBL1863420,-6.6,-43.48,32,-1.3587,22.21,913,977,960,-64
SOD1,CHEMBL1865837,-6.6,-49.12,25,-1.9648,1.79,792,555,566,237
SOD1,CHEMBL20424,-6.6,-45.12,34,-1.3271,24.79,882,1004,974,-122
SOD1,CHEMBL20466,-6.6,-39.57,32,-1.2366,26.12,964,1018,1012,-54
SOD1,CHEMBL22477,-6.6,-32.49,27,-1.2033,22.65,1039,979,1022,60
SOD1,CHEMBL23744,-6.6,-50.07,28,-1.7882,7.18,767,689,706,78
SOD1,CHEMBL25502,-6.6,-63.89,36,-1.7747,10.24,466,753,713,-287
SOD1,CHEMBL27758,-6.6,-72.14,31,-2.3271,-8.56,314,307,310,7
SOD1,CHEMBL3309444,-6.6,-56.36,31,-1.8181,7.22,634,690,677,-56
SOD1,CHEMBL4435623,-6.6,-78.61,34,-2.3121,-8.70,227,303,321,-76
SOD1,CHEMBL4436056,-6.6,-58.56,35,-1.6731,13.46,581,840,784,-259
SOD1,CHEMBL4528197,-6.6,-78.96,35,-2.2560,-6.94,223,348,355,-125
SOD1,CHEMBL4530341,-6.6,-63.51,35,-1.8146,8.51,473,711,683,-238
SOD1,CHEMBL4531084,-6.6,-75.52,34,-2.2212,-5.61,274,367,376,-93
SOD1,CHEMBL4531124,-6.6,-77.23,34,-2.2715,-7.32,249,337,347,-88
SOD1,CHEMBL4532148,-6.6,-60.47,34,-1.7785,9.44,536,731,710,-195
SOD1,CHEMBL4532195,-6.6,-65.22,34,-1.9182,4.69,438,622,597,-184
SOD1,CHEMBL4532204,-6.6,-78.34,31,-2.5271,-14.76,230,218,215,12
SOD1,CHEMBL4532387,-6.6,-75.93,30,-2.5310,-14.46,268,222,210,46
SOD1,CHEMBL4534336,-6.6,-58.24,33,-1.7648,9.56,592,735,722,-143
SOD1,CHEMBL4534361,-6.6,-60.04,29,-2.0703,-0.68,549,486,484,63
SOD1,CHEMBL4534391,-6.6,-117.93,33,-3.5736,-50.13,8,10,16,-2
SOD1,CHEMBL4548513,-6.6,-47.29,30,-1.5763,14.18,827,859,845,-32
SOD1,CHEMBL4562703,-6.6,-65.81,37,-1.7786,10.43,427,758,709,-331
SOD1,CHEMBL4564248,-6.6,-57.11,31,-1.8423,6.47,621,664,655,-43
SOD1,CHEMBL4564744,-6.6,-55.83,30,-1.8610,5.64,647,641,641,6
SOD1,CHEMBL4567758,-6.6,-75.41,36,-2.0947,-1.28,278,457,457,-179
SOD1,CHEMBL4567872,-6.6,-69.41,30,-2.3137,-7.94,366,322,320,44
SOD1,CHEMBL4568240,-6.6,-76.32,32,-2.3850,-10.63,264,271,281,-7
SOD1,CHEMBL4569409,-6.6,-50.21,33,-1.5215,17.59,763,913,885,-150
SOD1,CHEMBL4570848,-6.6,-54.52,28,-1.9471,2.73,676,575,579,101
SOD1,CHEMBL4571590,-6.6,-41.92,33,-1.2703,25.88,933,1014,997,-81
SOD1,CHEMBL4573275,-6.6,-110.56,31,-3.5665,-46.98,20,14,18,6
SOD1,CHEMBL4573290,-6.6,-97.16,32,-3.0362,-31.47,73,75,86,-2
SOD1,CHEMBL4580639,-6.6,-52.44,31,-1.6916,11.14,717,774,769,-57
SOD1,CHEMBL4580803,-6.6,-69.42,34,-2.0418,0.49,365,516,511,-151
SOD1,CHEMBL4581055,-6.6,-80.72,35,-2.3063,-8.70,201,304,327,-103
SOD1,CHEMBL4581268,-6.6,-56.88,23,-2.4730,-10.19,625,281,245,344
SOD1,CHEMBL4581413,-6.6,-58.76,31,-1.8955,4.82,576,624,616,-48
SOD1,CHEMBL4582130,-6.6,-83.00,32,-2.5938,-17.31,179,180,187,-1
SOD1,CHEMBL4583698,-6.6,-33.52,34,-0.9859,36.39,1030,1066,1058,-36
SOD1,CHEMBL4585367,-6.6,-54.54,30,-1.8180,6.93,675,678,678,-3
SOD1,CHEMBL4635744,-6.6,-45.28,28,-1.6171,11.97,877,796,828,81
SOD1,CHEMBL4637018,-6.6,-85.50,35,-2.4429,-13.48,156,236,258,-80
SOD1,CHEMBL4637495,-6.6,-69.62,33,-2.1097,-1.82,361,451,451,-90
SOD1,CHEMBL4637997,-6.6,-47.44,36,-1.3178,26.69,819,1028,978,-209
SOD1,CHEMBL4638521,-6.6,-62.73,36,-1.7425,11.40,490,783,730,-293
SOD1,CHEMBL495019,-6.6,-57.37,30,-1.9123,4.10,614,606,600,8
SOD1,CHEMBL495322,-6.6,-45.92,31,-1.4813,17.66,857,914,903,-57
SOD1,CHEMBL496249,-6.6,-71.54,34,-2.1041,-1.63,322,455,455,-133
SOD1,CHEMBL496481,-6.6,-72.30,29,-2.4931,-12.94,310,244,237,66
SOD1,CHEMBL500662,-6.6,-93.85,32,-2.9328,-28.16,92,94,104,-2
SOD1,CHEMBL501182,-6.6,-91.76,34,-2.6988,-21.85,106,130,146,-24
SOD1,CHEMBL511797,-6.6,-75.25,35,-2.1500,-3.23,279,416,423,-137
SOD1,CHEMBL512693,-6.6,-65.22,26,-2.5085,-12.20,437,252,229,185
SOD1,CHEMBL514420,-6.6,-97.94,31,-3.1594,-34.36,65,63,62,2
SOD1,CHEMBL514762,-6.6,-96.14,33,-2.9133,-28.34,74,92,109,-18
SOD1,CHEMBL514994,-6.6,-64.86,30,-2.1620,-3.39,445,414,413,31
SOD1,CHEMBL515405,-6.6,-44.09,32,-1.3778,21.60,904,970,947,-66
SOD1,CHEMBL516687,-6.6,-55.02,32,-1.7194,10.67,663,762,747,-99
SOD1,CHEMBL516790,-6.6,-69.66,35,-1.9903,2.36,360,566,550,-206
SOD1,CHEMBL516952,-6.6,-86.22,34,-2.5359,-16.31,147,188,209,-41
SOD1,CHEMBL517117,-6.6,-63.99,33,-1.9391,3.81,461,597,585,-136
SOD1,CHEMBL517996,-6.6,-87.89,32,-2.7466,-22.20,136,129,140,7
SOD1,CHEMBL520195,-6.6,-34.95,31,-1.1274,28.63,1015,1039,1041,-24
SOD1,CHEMBL521809,-6.6,-72.37,33,-2.1930,-4.57,309,383,390,-74
SOD1,CHEMBL521815,-6.6,-44.75,29,-1.5431,14.61,887,865,869,22
SOD1,CHEMBL523361,-6.6,-58.19,28,-2.0782,-0.94,594,469,476,125
SOD1,CHEMBL523874,-6.6,-43.15,27,-1.5981,11.99,917,799,837,118
SOD1,CHEMBL524096,-6.6,-81.88,33,-2.4812,-14.08,189,231,242,-42
SOD1,CHEMBL524800,-6.6,-49.46,28,-1.7664,7.79,785,701,721,84
SOD1,CHEMBL527569,-6.6,-86.28,37,-2.3319,-10.04,146,283,308,-137
SOD1,CHEMBL551205,-6.6,-101.45,33,-3.0742,-33.65,48,69,79,-21
SOD1,CHEMBL558025,-6.6,-79.50,31,-2.5645,-15.92,218,199,199,19
SOD1,CHEMBL559638,-6.6,-67.84,28,-2.4229,-10.59,390,272,264,118
SOD1,CHEMBL561019,-6.6,-77.89,36,-2.1636,-3.76,234,403,412,-169
SOD1,CHEMBL561206,-6.6,-100.82,34,-2.9653,-30.91,53,80,95,-27
SOD1,CHEMBL561540,-6.6,-70.35,33,-2.1318,-2.55,342,431,431,-89
SOD1,CHEMBL563189,-6.6,-79.08,36,-2.1967,-4.95,221,378,388,-157
SOD1,CHEMBL564118,-6.6,-61.51,27,-2.2781,-6.37,512,354,344,158
SOD1,CHEMBL564268,-6.6,-69.89,34,-2.0556,0.02,355,504,498,-149
SOD1,CHEMBL564397,-6.6,-52.67,32,-1.6459,13.02,712,829,804,-117
SOD1,CHEMBL565614,-6.6,-64.21,34,-1.8885,5.70,456,644,623,-188
SOD1,DEXAMETHASONE,-6.6,-62.28,31,-2.0090,1.30,499,539,538,-40
SOD1,CHEMBL10309,-6.5,-48.54,29,-1.6738,10.82,803,767,783,36
SOD1,CHEMBL10676,-6.5,-65.06,36,-1.8072,9.07,442,724,688,-282
SOD1,CHEMBL1210898,-6.5,-76.66,27,-2.8393,-21.52,256,135,123,121
SOD1,CHEMBL1242845,-6.5,-68.22,34,-2.0065,1.69,383,553,540,-170
SOD1,CHEMBL1349775,-6.5,-82.16,33,-2.4897,-14.36,185,224,239,-39
SOD1,CHEMBL14048,-6.5,-69.76,29,-2.4055,-10.40,358,276,272,82
SOD1,CHEMBL14853,-6.5,-60.41,28,-2.1575,-3.16,541,417,415,124
SOD1,CHEMBL17198,-6.5,-34.73,32,-1.0853,30.96,1020,1050,1047,-30
SOD1,CHEMBL17624,-6.5,-60.99,28,-2.1782,-3.74,524,405,399,119
SOD1,CHEMBL1796457,-6.5,-47.44,23,-2.0626,-0.75,818,481,492,337
SOD1,CHEMBL1859919,-6.5,-49.60,26,-1.9077,3.42,778,586,606,192
SOD1,CHEMBL1860618,-6.5,-48.67,27,-1.8026,6.47,802,663,692,139
SOD1,CHEMBL1860868,-6.5,-55.64,24,-2.3183,-6.84,652,349,313,303
SOD1,CHEMBL1863308,-6.5,-34.75,34,-1.0221,35.16,1019,1063,1052,-44
SOD1,CHEMBL1863617,-6.5,-45.09,27,-1.6700,10.05,883,748,785,135
SOD1,CHEMBL1864123,-6.5,-51.55,27,-1.9093,3.59,736,591,605,145
SOD1,CHEMBL1864439,-6.5,-84.01,29,-2.8969,-24.65,171,116,113,55
SOD1,CHEMBL1864963,-6.5,-92.64,28,-3.3086,-35.39,100,57,40,43
SOD1,CHEMBL1865181,-6.5,-97.53,27,-3.6122,-42.39,68,28,14,40
SOD1,CHEMBL1865552,-6.5,-78.69,30,-2.6230,-17.22,226,181,175,45
SOD1,CHEMBL1866082,-6.5,-54.48,28,-1.9457,2.77,677,577,581,100
SOD1,CHEMBL19270,-6.5,-69.66,34,-2.0488,0.25,359,512,503,-153
SOD1,CHEMBL19349,-6.5,-54.40,30,-1.8133,7.07,679,684,684,-5
SOD1,CHEMBL19626,-6.5,-92.64,30,-3.0880,-31.17,101,77,75,24
SOD1,CHEMBL20825,-6.5,-80.65,33,-2.4439,-12.85,202,246,256,-44
SOD1,CHEMBL25345,-6.5,-78.42,35,-2.2406,-6.40,228,353,363,-125
SOD1,CHEMBL25666,-6.5,-48.76,26,-1.8754,4.26,798,610,635,188
SOD1,CHEMBL26936,-6.5,-51.56,30,-1.7187,9.91,735,746,749,-11
SOD1,CHEMBL29217,-6.5,-77.56,33,-2.3503,-9.76,243,287,298,-44
SOD1,CHEMBL29571,-6.5,-70.37,28,-2.5132,-13.12,341,240,224,101
SOD1,CHEMBL3309985,-6.5,-46.80,26,-1.8000,6.22,837,655,694,182
SOD1,CHEMBL3309991,-6.5,-47.89,28,-1.7104,9.36,810,727,751,83
SOD1,CHEMBL4434951,-6.5,-34.95,24,-1.4563,13.85,1016,851,913,165
SOD1,CHEMBL4434956,-6.5,-46.32,30,-1.5440,15.15,845,871,867,-26
SOD1,CHEMBL4435905,-6.5,-67.63,32,-2.1134,-1.94,397,449,449,-52
SOD1,CHEMBL4436016,-6.5,-89.78,31,-2.8961,-26.20,119,107,114,12
SOD1,CHEMBL4436157,-6.5,-79.03,30,-2.6343,-17.56,222,178,166,44
SOD1,CHEMBL4530208,-6.5,-59.56,34,-1.7518,10.35,558,756,727,-198
SOD1,CHEMBL4530658,-6.5,-68.74,36,-1.9094,5.39,376,636,604,-260
SOD1,CHEMBL4530939,-6.5,-79.70,31,-2.5710,-16.12,215,192,195,23
SOD1,CHEMBL4531786,-6.5,-67.30,30,-2.2433,-5.83,402,364,361,38
SOD1,CHEMBL4533631,-6.5,-45.77,30,-1.5257,15.70,863,878,880,-15
SOD1,CHEMBL4533958,-6.5,-57.16,28,-2.0414,0.09,620,508,512,112
SOD1,CHEMBL4534050,-6.5,-97.19,37,-2.6268,-20.95,72,140,172,-68
SOD1,CHEMBL4543556,-6.5,-71.43,35,-2.0409,0.59,324,520,513,-196
SOD1,CHEMBL4553151,-6.5,-59.14,29,-2.0393,0.22,567,511,515,56
SOD1,CHEMBL4564277,-6.5,-75.99,33,-2.3027,-8.19,267,316,329,-49
SOD1,CHEMBL4564351,-6.5,-50.89,27,-1.8848,4.25,749,608,627,141
SOD1,CHEMBL4564624,-6.5,-56.53,31,-1.8235,7.05,633,682,670,-49
SOD1,CHEMBL4565091,-6.5,-60.04,32,-1.8762,5.65,548,642,633,-94
SOD1,CHEMBL4566549,-6.5,-63.57,31,-2.0506,0.01,469,502,501,-33
SOD1,CHEMBL4568382,-6.5,-41.16,28,-1.4700,16.09,945,890,910,55
SOD1,CHEMBL4569164,-6.5,-55.03,31,-1.7752,8.55,662,712,712,-50
SOD1,CHEMBL4569304,-6.5,-66.19,32,-2.0684,-0.50,418,488,486,-70
SOD1,CHEMBL4569357,-6.5,-111.34,34,-3.2747,-41.43,18,30,45,-12
SOD1,CHEMBL4570510,-6.5,-46.92,25,-1.8768,3.99,834,601,632,233
SOD1,CHEMBL4571045,-6.5,-42.25,29,-1.4569,17.11,927,907,912,20
SOD1,CHEMBL4571226,-6.5,-60.46,29,-2.0848,-1.10,539,463,466,76
SOD1,CHEMBL4571586,-6.5,-44.21,26,-1.7004,8.81,900,715,760,185
SOD1,CHEMBL4573105,-6.5,-85.95,34,-2.5279,-16.04,149,196,214,-47
SOD1,CHEMBL4575049,-6.5,-81.10,33,-2.4576,-13.30,196,239,252,-43
SOD1,CHEMBL4575184,-6.5,-47.35,29,-1.6328,12.01,824,803,818,21
SOD1,CHEMBL4580842,-6.5,-70.88,31,-2.2865,-7.30,333,338,338,-5
SOD1,CHEMBL4581184,-6.5,-40.83,31,-1.3171,22.75,947,983,979,-36
SOD1,CHEMBL4581299,-6.5,-77.73,34,-2.2862,-7.82,239,328,339,-89
SOD1,CHEMBL4581931,-6.5,-72.91,35,-2.0831,-0.89,298,475,469,-177
SOD1,CHEMBL4583574,-6.5,-94.93,31,-3.0623,-31.35,83,76,80,7
SOD1,CHEMBL4583613,-6.5,-53.52,30,-1.7840,7.95,693,706,707,-13
SOD1,CHEMBL4635552,-6.5,-53.30,29,-1.8379,6.06,701,650,658,51
SOD1,CHEMBL4637016,-6.5,-69.98,27,-2.5919,-14.84,353,217,188,136
SOD1,CHEMBL4637325,-6.5,-67.20,38,-1.7684,11.15,405,775,718,-370
SOD1,CHEMBL4637658,-6.5,-47.24,29,-1.6290,12.12,830,808,823,22
SOD1,CHEMBL4638039,-6.5,-98.64,33,-2.9891,-30.84,60,83,93,-23
SOD1,CHEMBL4638078,-6.5,-98.68,30,-3.2893,-37.21,59,49,41,10
SOD1,CHEMBL4638505,-6.5,-47.26,29,-1.6297,12.10,828,805,822,23
SOD1,CHEMBL4638561,-6.5,-64.00,29,-2.2069,-4.64,460,380,381,80
SOD1,CHEMBL4638917,-6.5,-111.00,34,-3.2647,-41.09,19,32,47,-13
SOD1,CHEMBL4638972,-6.5,-47.17,31,-1.5216,16.41,832,896,884,-64
SOD1,CHEMBL4639051,-6.5,-41.28,27,-1.5289,13.86,941,852,879,89
SOD1,CHEMBL4639112,-6.5,-53.46,34,-1.5724,16.45,697,897,849,-200
SOD1,CHEMBL4639614,-6.5,-38.98,26,-1.4992,14.04,971,856,894,115
SOD1,CHEMBL497980,-6.5,-40.53,32,-1.2666,25.16,950,1009,999,-59
SOD1,CHEMBL498197,-6.5,-70.21,25,-2.8084,-19.30,345,159,127,186
SOD1,CHEMBL498199,-6.5,-67.24,31,-2.1690,-3.66,404,407,406,-3
SOD1,CHEMBL498343,-6.5,-65.07,30,-2.1690,-3.60,441,409,407,32
SOD1,CHEMBL500635,-6.5,-41.22,25,-1.6488,9.69,942,738,802,204
SOD1,CHEMBL500921,-6.5,-119.43,34,-3.5126,-49.52,7,11,22,-4
SOD1,CHEMBL501462,-6.5,-77.40,32,-2.4188,-11.71,246,254,266,-8
SOD1,CHEMBL501486,-6.5,-66.86,33,-2.0261,0.94,407,531,522,-124
SOD1,CHEMBL503089,-6.5,-53.59,28,-1.9139,3.66,691,592,599,99
SOD1,CHEMBL504005,-6.5,-70.99,22,-3.2268,-26.41,329,105,51,224
SOD1,CHEMBL511137,-6.5,-76.33,31,-2.4623,-12.75,263,248,250,15
SOD1,CHEMBL511475,-6.5,-70.15,34,-2.0632,-0.24,346,494,491,-148
SOD1,CHEMBL511669,-6.5,-63.99,34,-1.8821,5.92,462,647,630,-185
SOD1,CHEMBL511942,-6.5,-86.93,30,-2.8977,-25.46,144,110,112,34
SOD1,CHEMBL512267,-6.5,-66.43,28,-2.3725,-9.18,416,294,282,122
SOD1,CHEMBL512290,-6.5,-65.68,32,-2.0525,0.01,430,503,499,-73
SOD1,CHEMBL512308,-6.5,-82.13,28,-2.9332,-24.88,186,114,103,72
SOD1,CHEMBL513227,-6.5,-60.65,36,-1.6847,13.48,533,841,775,-308
SOD1,CHEMBL513422,-6.5,-82.68,31,-2.6671,-19.10,182,161,152,21
SOD1,CHEMBL513720,-6.5,-56.63,31,-1.8268,6.95,631,680,668,-49
SOD1,CHEMBL514185,-6.5,-101.05,32,-3.1578,-35.36,51,58,63,-7
SOD1,CHEMBL514419,-6.5,-79.54,31,-2.5658,-15.96,217,198,197,19
SOD1,CHEMBL515179,-6.5,-64.63,33,-1.9585,3.17,449,583,571,-134
SOD1,CHEMBL515491,-6.5,-89.98,36,-2.4994,-15.85,117,202,233,-85
SOD1,CHEMBL516855,-6.5,-63.71,30,-2.1237,-2.24,467,438,436,29
SOD1,CHEMBL517010,-6.5,-58.84,25,-2.3536,-7.93,573,323,295,250
SOD1,CHEMBL519416,-6.5,-58.09,37,-1.5700,18.15,601,920,851,-319
SOD1,CHEMBL519851,-6.5,-55.92,28,-1.9971,1.33,642,543,548,99
SOD1,CHEMBL520129,-6.5,-83.26,33,-2.5230,-15.46,177,208,218,-31
SOD1,CHEMBL520557,-6.5,-44.59,36,-1.2386,29.54,891,1044,1011,-153
SOD1,CHEMBL521037,-6.5,-60.23,27,-2.2307,-5.09,547,375,369,172
SOD1,CHEMBL521532,-6.5,-63.92,33,-1.9370,3.88,465,598,586,-133
SOD1,CHEMBL522143,-6.5,-42.15,36,-1.1708,31.98,929,1053,1031,-124
SOD1,CHEMBL522502,-6.5,-61.51,30,-2.0503,-0.04,513,501,502,12
SOD1,CHEMBL522596,-6.5,-45.73,29,-1.5769,13.63,866,844,844,22
SOD1,CHEMBL523261,-6.5,-52.63,25,-2.1052,-1.72,713,453,454,260
SOD1,CHEMBL524551,-6.5,-60.25,23,-2.6196,-13.56,546,234,177,312
SOD1,CHEMBL557910,-6.5,-101.54,27,-3.7607,-46.40,46,16,8,30
SOD1,CHEMBL559562,-6.5,-105.61,29,-3.6417,-46.25,33,17,11,16
SOD1,CHEMBL559878,-6.5,-64.29,32,-2.0091,1.40,455,545,537,-90
SOD1,CHEMBL561445,-6.5,-47.85,31,-1.5435,15.73,813,879,868,-66
SOD1,CHEMBL562407,-6.5,-90.95,36,-2.5264,-16.82,111,186,216,-75
SOD1,CHEMBL562923,-6.5,-66.11,38,-1.7397,12.24,422,811,732,-389
SOD1,CHEMBL563019,-6.5,-74.72,32,-2.3350,-9.03,282,297,306,-15
SOD1,CHEMBL563590,-6.5,-76.42,36,-2.1228,-2.29,259,435,437,-176
SOD1,CHEMBL564211,-6.5,-69.08,34,-2.0318,0.83,369,527,519,-158
SOD1,CHEMBL564436,-6.5,-59.22,32,-1.8506,6.47,563,665,648,-102
SOD1,CHEMBL565310,-6.5,-57.21,30,-1.9070,4.26,618,609,608,9
SOD1,CHEMBL565857,-6.5,-55.90,29,-1.9276,3.46,644,589,589,55
SOD1,CHEMBL565921,-6.5,-75.08,27,-2.7807,-19.94,281,152,135,129
SOD1,CHEMBL566219,-6.5,-45.87,28,-1.6382,11.38,859,782,811,77
SOD1,CHEMBL568580,-6.5,-35.86,35,-1.0246,36.16,1007,1065,1051,-58
SOD1,GLASDEGIB,-6.5,-101.28,31,-3.2671,-37.70,50,45,46,5
SOD1,INDACATEROL,-6.5,-54.65,33,-1.6561,13.15,674,834,796,-160
SOD1,BICTEGRAVIR,-6.4,-45.33,34,-1.3332,24.58,876,1003,971,-127
SOD1,CARBAMAZEPINE,-6.4,-39.05,20,-1.9525,1.31,970,542,578,428
SOD1,CHEMBL10211,-6.4,-65.08,31,-2.0994,-1.50,440,456,456,-16
SOD1,CHEMBL11150,-6.4,-44.77,25,-1.7908,6.14,886,653,701,233
SOD1,CHEMBL1163133,-6.4,-39.14,24,-1.6308,9.66,969,737,820,232
SOD1,CHEMBL1163540,-6.4,-60.01,26,-2.3081,-6.99,551,345,324,206
SOD1,CHEMBL11824,-6.4,-50.90,33,-1.5424,16.90,747,902,870,-155
SOD1,CHEMBL1204619,-6.4,-98.02,27,-3.6304,-42.88,64,25,13,39
SOD1,CHEMBL1207010,-6.4,-76.08,29,-2.6234,-16.72,266,187,174,79
SOD1,CHEMBL1207227,-6.4,-58.21,27,-2.1559,-3.07,593,420,416,173
SOD1,CHEMBL124937,-6.4,-40.28,22,-1.8309,4.30,952,611,665,341
SOD1,CHEMBL1310576,-6.4,-87.61,35,-2.5031,-15.59,139,205,232,-66
SOD1,CHEMBL13148,-6.4,-63.65,25,-2.5460,-12.74,468,249,205,219
SOD1,CHEMBL1343658,-6.4,-58.72,29,-2.0248,0.64,578,521,524,57
SOD1,CHEMBL15855,-6.4,-46.89,35,-1.3397,25.13,836,1008,967,-172
SOD1,CHEMBL15961,-6.4,-72.71,36,-2.0197,1.42,304,547,526,-243
SOD1,CHEMBL16303,-6.4,-63.04,27,-2.3348,-7.90,484,325,307,159
SOD1,CHEMBL16544,-6.4,-48.39,29,-1.6686,10.97,805,770,788,35
SOD1,CHEMBL16820,-6.4,-43.65,24,-1.8187,5.15,910,631,675,279
SOD1,CHEMBL17200,-6.4,-39.67,20,-1.9835,0.69,960,522,555,438
SOD1,CHEMBL17479,-6.4,-54.68,28,-1.9529,2.57,670,570,577,100
SOD1,CHEMBL17634,-6.4,-76.99,29,-2.6548,-17.63,253,177,159,76
SOD1,CHEMBL17787,-6.4,-114.64,30,-3.8213,-53.17,13,6,6,7
SOD1,CHEMBL1782170,-6.4,-67.74,22,-3.0791,-23.16,393,120,77,273
SOD1,CHEMBL1808973,-6.4,-50.01,25,-2.0004,0.90,770,530,545,240
SOD1,CHEMBL1809186,-6.4,-69.77,33,-2.1142,-1.97,357,447,448,-90
SOD1,CHEMBL1858377,-6.4,-34.71,24,-1.4463,14.09,1021,858,918,163
SOD1,CHEMBL1858853,-6.4,-43.40,25,-1.7360,7.51,915,698,736,217
SOD1,CHEMBL1858900,-6.4,-83.84,33,-2.5406,-16.04,172,195,206,-23
SOD1,CHEMBL1858903,-6.4,-32.51,24,-1.3546,16.29,1037,894,961,143
SOD1,CHEMBL1859211,-6.4,-55.40,32,-1.7312,10.29,657,755,739,-98
SOD1,CHEMBL1859818,-6.4,-36.91,27,-1.3670,18.23,996,921,952,75
SOD1,CHEMBL1862912,-6.4,-54.93,33,-1.6645,12.87,667,827,791,-160
SOD1,CHEMBL1863068,-6.4,-80.28,32,-2.5088,-14.59,206,220,228,-14
SOD1,CHEMBL1863508,-6.4,-64.08,33,-1.9418,3.72,459,594,582,-135
SOD1,CHEMBL1863528,-6.4,-89.16,36,-2.4767,-15.03,127,215,244,-88
SOD1,CHEMBL1863926,-6.4,-105.31,30,-3.5103,-43.84,34,24,23,10
SOD1,CHEMBL1864789,-6.4,-46.62,28,-1.6650,10.63,840,761,790,79
SOD1,CHEMBL1864929,-6.4,-55.83,28,-1.9939,1.42,648,546,549,102
SOD1,CHEMBL1865383,-6.4,-65.91,31,-2.1261,-2.33,425,434,435,-9
SOD1,CHEMBL1865896,-6.4,-94.47,31,-3.0474,-30.89,90,81,83,9
SOD1,CHEMBL1866121,-6.4,-71.22,32,-2.2256,-5.53,326,370,372,-44
SOD1,CHEMBL18727,-6.4,-111.75,36,-3.1042,-37.62,16,47,71,-31
SOD1,CHEMBL19179,-6.4,-111.61,27,-4.1337,-56.47,17,3,1,14
SOD1,CHEMBL19348,-6.4,-69.00,33,-2.0909,-1.20,371,459,458,-88
SOD1,CHEMBL19404,-6.4,-71.18,31,-2.2961,-7.60,327,330,333,-3
SOD1,CHEMBL20160,-6.4,-62.62,26,-2.4085,-9.60,491,289,271,202
SOD1,CHEMBL21079,-6.4,-85.13,32,-2.6603,-19.44,159,157,156,2
SOD1,CHEMBL22736,-6.4,-49.19,33,-1.4906,18.61,790,929,899,-139
SOD1,CHEMBL24950,-6.4,-48.35,27,-1.7907,6.79,806,674,702,132
SOD1,CHEMBL25091,-6.4,-55.46,25,-2.2184,-4.55,655,384,378,271
SOD1,CHEMBL26844,-6.4,-51.25,29,-1.7672,8.11,740,708,720,32
SOD1,CHEMBL26872,-6.4,-53.49,28,-1.9104,3.76,695,596,601,99
SOD1,CHEMBL27387,-6.4,-91.38,30,-3.0460,-29.91,108,86,84,22
SOD1,CHEMBL28177,-6.4,-51.04,27,-1.8904,4.10,745,605,621,140
SOD1,CHEMBL3309506,-6.4,-56.02,29,-1.9317,3.34,640,585,588,55
SOD1,CHEMBL3309659,-6.4,-48.67,32,-1.5209,17.02,801,904,886,-103
SOD1,CHEMBL3310155,-6.4,-51.78,34,-1.5229,18.13,732,918,883,-186
SOD1,CHEMBL4434912,-6.4,-44.15,31,-1.4242,19.43,901,939,928,-38
SOD1,CHEMBL4435016,-6.4,-35.74,30,-1.1913,25.73,1009,1013,1025,-4
SOD1,CHEMBL4435183,-6.4,-80.34,34,-2.3629,-10.43,204,275,288,-71
SOD1,CHEMBL4435185,-6.4,-66.65,35,-1.9043,5.37,411,634,612,-223
SOD1,CHEMBL4435470,-6.4,-38.81,30,-1.2937,22.66,974,980,985,-6
SOD1,CHEMBL4435695,-6.4,-59.99,33,-1.8179,7.81,552,702,679,-150
SOD1,CHEMBL4436565,-6.4,-67.64,28,-2.4157,-10.39,396,278,267,118
SOD1,CHEMBL4529573,-6.4,-58.81,35,-1.6803,13.21,574,835,778,-261
SOD1,CHEMBL4529578,-6.4,-67.33,31,-2.1719,-3.75,401,404,405,-3
SOD1,CHEMBL4529958,-6.4,-54.94,34,-1.6159,14.97,665,869,829,-204
SOD1,CHEMBL4529977,-6.4,-85.99,31,-2.7739,-22.41,148,125,136,23
SOD1,CHEMBL4530238,-6.4,-59.87,25,-2.3948,-8.96,554,298,277,256
SOD1,CHEMBL4530759,-6.4,-43.66,28,-1.5593,13.59,909,842,855,67
SOD1,CHEMBL4530812,-6.4,-87.28,35,-2.4937,-15.26,141,212,235,-71
SOD1,CHEMBL4531804,-6.4,-61.06,33,-1.8503,6.74,523,672,650,-149
SOD1,CHEMBL4532246,-6.4,-65.14,25,-2.6056,-14.23,439,227,182,212
SOD1,CHEMBL4532472,-6.4,-91.84,32,-2.8700,-26.15,105,108,120,-3
SOD1,CHEMBL4533198,-6.4,-33.92,30,-1.1307,27.55,1028,1032,1040,-4
SOD1,CHEMBL4533354,-6.4,-98.49,33,-2.9845,-30.69,61,84,94,-23
SOD1,CHEMBL4533577,-6.4,-59.77,29,-2.0610,-0.41,555,489,495,66
SOD1,CHEMBL4533616,-6.4,-46.08,26,-1.7723,6.94,849,679,717,170
SOD1,CHEMBL4533624,-6.4,-31.78,33,-0.9630,36.02,1045,1064,1062,-19
SOD1,CHEMBL4534739,-6.4,-71.91,33,-2.1791,-4.11,316,394,398,-78
SOD1,CHEMBL4534757,-6.4,-77.42,33,-2.3461,-9.62,245,288,301,-43
SOD1,CHEMBL4543207,-6.4,-102.88,31,-3.3187,-39.30,41,38,38,3
SOD1,CHEMBL4543224,-6.4,-68.99,33,-2.0906,-1.19,372,460,459,-88
SOD1,CHEMBL4543232,-6.4,-49.58,26,-1.9069,3.44,779,588,609,191
SOD1,CHEMBL4543326,-6.4,-81.16,29,-2.7986,-21.80,194,131,130,63
SOD1,CHEMBL4553137,-6.4,-87.82,35,-2.5091,-15.80,138,204,227,-66
SOD1,CHEMBL4564116,-6.4,-85.75,37,-2.3176,-9.51,153,290,314,-137
SOD1,CHEMBL4564502,-6.4,-67.43,34,-1.9832,2.48,399,569,556,-170
SOD1,CHEMBL4564789,-6.4,-67.82,36,-1.8839,6.31,391,659,628,-268
SOD1,CHEMBL4564827,-6.4,-38.79,32,-1.2122,26.90,975,1029,1019,-54
SOD1,CHEMBL4565186,-6.4,-62.85,35,-1.7957,9.17,488,725,696,-237
SOD1,CHEMBL4566385,-6.4,-64.77,35,-1.8506,7.25,446,691,649,-245
SOD1,CHEMBL4567879,-6.4,-112.52,29,-3.8800,-53.16,15,7,3,8
SOD1,CHEMBL4568429,-6.4,-68.02,26,-2.6162,-15.00,388,216,181,172
SOD1,CHEMBL4568617,-6.4,-89.52,35,-2.5577,-17.50,124,179,201,-55
SOD1,CHEMBL4568740,-6.4,-72.16,34,-2.1224,-2.25,313,436,439,-123
SOD1,CHEMBL4570314,-6.4,-49.84,30,-1.6613,11.63,773,790,793,-17
SOD1,CHEMBL4570385,-6.4,-94.57,29,-3.2610,-35.21,88,59,48,29
SOD1,CHEMBL4570725,-6.4,-41.34,27,-1.5311,13.80,940,850,878,90
SOD1,CHEMBL4570793,-6.4,-85.92,29,-2.9628,-26.56,151,103,98,48
SOD1,CHEMBL4570831,-6.4,-65.44,30,-2.1813,-3.97,435,398,397,37
SOD1,CHEMBL4570841,-6.4,-60.96,35,-1.7417,11.06,525,772,731,-247
SOD1,CHEMBL4570991,-6.4,-46.90,25,-1.8760,4.01,835,602,634,233
SOD1,CHEMBL4571061,-6.4,-72.80,29,-2.5103,-13.44,302,238,225,64
SOD1,CHEMBL4571143,-6.4,-54.32,27,-2.0119,0.82,680,526,535,154
SOD1,CHEMBL4571193,-6.4,-74.43,36,-2.0675,-0.30,287,493,489,-206
SOD1,CHEMBL4571223,-6.4,-97.53,33,-2.9555,-29.73,69,87,100,-18
SOD1,CHEMBL4572123,-6.4,-71.80,30,-2.3933,-10.33,319,279,278,40
SOD1,CHEMBL4572844,-6.4,-47.03,26,-1.8088,5.99,833,649,686,184
SOD1,CHEMBL4573134,-6.4,-50.89,25,-2.0356,0.02,748,505,518,243
SOD1,CHEMBL4574592,-6.4,-72.39,29,-2.4962,-13.03,308,242,234,66
SOD1,CHEMBL4574605,-6.4,-109.92,35,-3.1406,-37.90,23,43,65,-20
SOD1,CHEMBL4574735,-6.4,-52.55,31,-1.6952,11.03,715,771,765,-56
SOD1,CHEMBL4574953,-6.4,-68.56,34,-2.0165,1.35,381,544,530,-163
SOD1,CHEMBL4574999,-6.4,-60.50,36,-1.6806,13.63,535,845,776,-310
SOD1,CHEMBL4575704,-6.4,-75.43,37,-2.0386,0.81,275,525,516,-250
SOD1,CHEMBL4580659,-6.4,-57.21,31,-1.8455,6.37,617,660,652,-43
SOD1,CHEMBL4580840,-6.4,-108.90,34,-3.2029,-38.99,26,39,54,-13
SOD1,CHEMBL4580964,-6.4,-110.11,31,-3.5519,-46.53,22,15,19,7
SOD1,CHEMBL4581099,-6.4,-81.62,34,-2.4006,-11.71,192,255,275,-63
SOD1,CHEMBL4581368,-6.4,-81.93,33,-2.4827,-14.13,188,229,241,-41
SOD1,CHEMBL4581370,-6.4,-49.50,29,-1.7069,9.86,783,741,756,42
SOD1,CHEMBL4581650,-6.4,-78.26,34,-2.3018,-8.35,231,311,331,-80
SOD1,CHEMBL4581856,-6.4,-66.47,39,-1.7044,13.99,415,854,759,-439
SOD1,CHEMBL4582133,-6.4,-79.30,35,-2.2657,-7.28,219,340,351,-121
SOD1,CHEMBL4582368,-6.4,-47.39,29,-1.6341,11.97,821,797,814,24
SOD1,CHEMBL4583533,-6.4,-81.11,35,-2.3174,-9.09,195,296,315,-101
SOD1,CHEMBL4583678,-6.4,-60.28,29,-2.0786,-0.92,545,471,474,74
SOD1,CHEMBL4583732,-6.4,-62.39,29,-2.1514,-3.03,494,424,421,70
SOD1,CHEMBL4584909,-6.4,-95.71,30,-3.1903,-34.24,77,64,56,13
SOD1,CHEMBL4584911,-6.4,-97.30,30,-3.2433,-35.83,70,55,50,15
SOD1,CHEMBL4585441,-6.4,-65.82,36,-1.8283,8.31,426,710,667,-284
SOD1,CHEMBL460540,-6.4,-67.50,34,-1.9853,2.41,398,567,554,-169
SOD1,CHEMBL4634998,-6.4,-57.17,31,-1.8442,6.41,619,662,653,-43
SOD1,CHEMBL4635586,-6.4,-58.76,35,-1.6789,13.26,575,836,781,-261
SOD1,CHEMBL4636148,-6.4,-49.65,25,-1.9860,1.26,776,537,552,239
SOD1,CHEMBL4636191,-6.4,-44.08,29,-1.5200,15.28,905,872,887,33
SOD1,CHEMBL4637022,-6.4,-50.03,25,-2.0012,0.88,769,529,544,240
SOD1,CHEMBL4637161,-6.4,-36.41,27,-1.3485,18.73,1002,931,963,71
SOD1,CHEMBL4638594,-6.4,-79.59,30,-2.6530,-18.12,216,173,160,43
SOD1,CHEMBL4638693,-6.4,-60.96,39,-1.5631,19.50,526,940,853,-414
SOD1,CHEMBL4639429,-6.4,-63.14,31,-2.0368,0.44,483,515,517,-32
SOD1,CHEMBL4639444,-6.4,-67.37,24,-2.8071,-18.57,400,166,128,234
SOD1,CHEMBL4639530,-6.4,-52.07,33,-1.5779,15.73,728,880,843,-152
SOD1,CHEMBL4639606,-6.4,-87.37,33,-2.6476,-19.57,140,154,162,-14
SOD1,CHEMBL4639751,-6.4,-61.54,32,-1.9231,4.15,511,607,593,-96
SOD1,CHEMBL497690,-6.4,-50.44,29,-1.7393,8.92,758,718,733,40
SOD1,CHEMBL497786,-6.4,-67.90,30,-2.2633,-6.43,389,352,353,37
SOD1,CHEMBL498396,-6.4,-32.39,26,-1.2458,20.63,1041,960,1010,81
SOD1,CHEMBL504267,-6.4,-50.72,27,-1.8785,4.42,755,613,631,142
SOD1,CHEMBL505011,-6.4,-40.37,26,-1.5527,12.65,951,821,862,130
SOD1,CHEMBL507348,-6.4,-69.16,26,-2.6600,-16.14,367,191,157,176
SOD1,CHEMBL508592,-6.4,-69.99,25,-2.7996,-19.08,352,162,129,190
SOD1,CHEMBL510364,-6.4,-63.26,30,-2.1087,-1.79,481,452,452,29
SOD1,CHEMBL511214,-6.4,-68.19,32,-2.1309,-2.50,384,432,433,-48
SOD1,CHEMBL511923,-6.4,-32.44,34,-0.9541,37.47,1040,1068,1064,-28
SOD1,CHEMBL512187,-6.4,-62.61,27,-2.3189,-7.47,492,332,312,160
SOD1,CHEMBL512239,-6.4,-70.21,38,-1.8476,8.14,344,709,651,-365
SOD1,CHEMBL512326,-6.4,-87.86,27,-3.2541,-32.72,137,71,49,66
SOD1,CHEMBL512544,-6.4,-79.78,32,-2.4931,-14.09,214,230,236,-16
SOD1,CHEMBL512905,-6.4,-80.89,29,-2.7893,-21.53,197,134,132,63
SOD1,CHEMBL513759,-6.4,-44.48,36,-1.2356,29.65,894,1045,1013,-151
SOD1,CHEMBL515219,-6.4,-84.81,29,-2.9245,-25.45,162,111,105,51
SOD1,CHEMBL515733,-6.4,-41.81,36,-1.1614,32.32,934,1054,1035,-120
SOD1,CHEMBL515897,-6.4,-86.55,28,-3.0911,-29.30,145,91,74,54
SOD1,CHEMBL516230,-6.4,-84.95,33,-2.5742,-17.15,160,182,193,-22
SOD1,CHEMBL516745,-6.4,-28.93,28,-1.0332,28.32,1058,1034,1049,24
SOD1,CHEMBL517404,-6.4,-45.08,31,-1.4542,18.50,884,928,914,-44
SOD1,CHEMBL517591,-6.4,-52.08,31,-1.6800,11.50,726,787,779,-61
SOD1,CHEMBL517723,-6.4,-58.18,32,-1.8181,7.51,596,696,676,-100
SOD1,CHEMBL517891,-6.4,-49.77,32,-1.5553,15.92,774,888,859,-114
SOD1,CHEMBL518017,-6.4,-34.47,29,-1.1886,24.89,1024,1005,1026,19
SOD1,CHEMBL518324,-6.4,-62.06,34,-1.8253,7.85,501,703,669,-202
SOD1,CHEMBL518421,-6.4,-70.00,29,-2.4138,-10.64,350,270,269,80
SOD1,CHEMBL519101,-6.4,-48.83,27,-1.8085,6.31,797,658,687,139
SOD1,CHEMBL519242,-6.4,-63.19,35,-1.8054,8.83,482,716,690,-234
SOD1,CHEMBL520021,-6.4,-52.40,27,-1.9407,2.74,718,576,583,142
SOD1,CHEMBL520632,-6.4,-44.35,33,-1.3439,23.45,897,989,966,-92
SOD1,CHEMBL520745,-6.4,-45.75,28,-1.6339,11.50,864,786,815,78
SOD1,CHEMBL520872,-6.4,-47.80,37,-1.2919,28.44,814,1036,987,-222
SOD1,CHEMBL520905,-6.4,-44.70,34,-1.3147,25.21,888,1010,981,-122
SOD1,CHEMBL521006,-6.4,-101.50,32,-3.1719,-35.81,47,56,61,-9
SOD1,CHEMBL521491,-6.4,-57.59,28,-2.0568,-0.34,612,492,497,120
SOD1,CHEMBL521703,-6.4,-55.55,31,-1.7919,8.03,653,707,699,-54
SOD1,CHEMBL521720,-6.4,-44.56,27,-1.6504,10.58,892,760,800,132
SOD1,CHEMBL522281,-6.4,-55.27,33,-1.6748,12.53,660,817,782,-157
SOD1,CHEMBL522438,-6.4,-78.74,36,-2.1872,-4.61,225,381,393,-156
SOD1,CHEMBL522575,-6.4,-90.60,34,-2.6647,-20.69,114,142,153,-28
SOD1,CHEMBL522649,-6.4,-52.16,28,-1.8629,5.09,724,629,639,95
SOD1,CHEMBL523723,-6.4,-44.65,33,-1.3530,23.15,889,986,962,-97
SOD1,CHEMBL524909,-6.4,-44.51,31,-1.4358,19.07,893,937,922,-44
SOD1,CHEMBL524988,-6.4,-54.65,31,-1.7629,8.93,673,720,723,-47
SOD1,CHEMBL526269,-6.4,-50.08,25,-2.0032,0.83,766,528,542,238
SOD1,CHEMBL526466,-6.4,-62.87,33,-1.9052,4.93,487,627,611,-140
SOD1,CHEMBL526655,-6.4,-58.56,31,-1.8890,5.02,582,628,622,-46
SOD1,CHEMBL526897,-6.4,-109.10,31,-3.5194,-45.52,24,20,20,4
SOD1,CHEMBL526991,-6.4,-36.41,33,-1.1033,31.39,1001,1051,1044,-50
SOD1,CHEMBL527370,-6.4,-57.79,32,-1.8059,7.90,605,704,689,-99
SOD1,CHEMBL527492,-6.4,-34.80,27,-1.2889,20.34,1017,955,989,62
SOD1,CHEMBL527851,-6.4,-100.66,39,-2.5810,-20.20,55,150,192,-95
SOD1,CHEMBL550991,-6.4,-39.28,23,-1.7078,7.41,967,694,755,273
SOD1,CHEMBL558482,-6.4,-55.28,25,-2.2112,-4.37,659,390,380,269
SOD1,CHEMBL559433,-6.4,-38.94,25,-1.5576,11.97,972,798,858,174
SOD1,CHEMBL559605,-6.4,-72.18,35,-2.0623,-0.16,312,497,493,-185
SOD1,CHEMBL559897,-6.4,-40.12,25,-1.6048,10.79,955,766,833,189
SOD1,CHEMBL559947,-6.4,-55.87,29,-1.9266,3.49,645,590,590,55
SOD1,CHEMBL560765,-6.4,-62.37,27,-2.3100,-7.23,496,341,322,155
SOD1,CHEMBL561061,-6.4,-34.05,27,-1.2611,21.09,1027,964,1002,63
SOD1,CHEMBL561437,-6.4,-45.27,29,-1.5610,14.09,878,857,854,21
SOD1,CHEMBL561880,-6.4,-50.10,28,-1.7893,7.15,765,687,704,78
SOD1,CHEMBL562034,-6.4,-54.45,30,-1.8150,7.02,678,681,682,-3
SOD1,CHEMBL562426,-6.4,-41.60,28,-1.4857,15.65,935,877,902,58
SOD1,CHEMBL562467,-6.4,-58.97,35,-1.6849,13.05,572,830,774,-258
SOD1,CHEMBL563500,-6.4,-90.65,35,-2.5900,-18.63,113,165,189,-52
SOD1,CHEMBL563745,-6.4,-34.76,24,-1.4483,14.04,1018,855,916,163
SOD1,CHEMBL563770,-6.4,-72.84,31,-2.3497,-9.26,300,293,299,7
SOD1,CHEMBL564411,-6.4,-42.96,31,-1.3858,20.62,921,959,944,-38
SOD1,CHEMBL565447,-6.4,-73.19,32,-2.2872,-7.50,296,331,336,-35
SOD1,CHEMBL566345,-6.4,-101.96,32,-3.1862,-36.27,43,54,58,-11
SOD1,CHEMBL566415,-6.4,-43.80,31,-1.4129,19.78,907,945,931,-38
SOD1,CHEMBL566486,-6.4,-58.29,28,-2.0818,-1.04,590,467,470,123
SOD1,CHEMBL566540,-6.4,-84.06,33,-2.5473,-16.26,170,189,204,-19
SOD1,CHEMBL567845,-6.4,-81.24,34,-2.3894,-11.33,193,261,279,-68
SOD1,CHEMBL9250,-6.4,-53.29,31,-1.7190,10.29,702,754,748,-52
SOD1,CHEMBL9521,-6.4,-66.16,23,-2.8765,-19.47,419,155,119,264
SOD1,DUVELISIB,-6.4,-84.08,32,-2.6275,-18.39,168,169,171,-1
SOD1,GLIPIZIDE,-6.4,-106.91,34,-3.1444,-37.00,30,50,64,-20
SOD1,OXYPHENISATINE,-6.4,-60.32,27,-2.2341,-5.18,543,374,367,169
SOD1,SELINEXOR,-6.4,-58.35,33,-1.7682,9.45,589,733,719,-144
SOD1,VILAZODONE,-6.4,-75.18,36,-2.0883,-1.05,280,466,462,-186
SOD1,CHEMBL10295,-6.3,-59.00,31,-1.9032,4.58,570,619,614,-49
SOD1,CHEMBL1096286,-6.3,-42.09,23,-1.8300,4.60,930,620,666,310
SOD1,CHEMBL11521,-6.3,-37.19,26,-1.4304,15.83,992,884,923,108
SOD1,CHEMBL11533,-6.3,-137.74,36,-3.8261,-63.61,1,1,5,0
SOD1,CHEMBL11857,-6.3,-47.37,28,-1.6918,9.88,822,744,768,78
SOD1,CHEMBL1205929,-6.3,-45.63,29,-1.5734,13.73,870,848,848,22
SOD1,CHEMBL1210515,-6.3,-59.12,33,-1.7915,8.68,568,713,700,-145
SOD1,CHEMBL1210979,-6.3,-98.23,28,-3.5082,-40.98,62,33,24,29
SOD1,CHEMBL1210980,-6.3,-89.90,27,-3.3296,-34.76,118,62,37,56
SOD1,CHEMBL1242383,-6.3,-64.65,28,-2.3089,-7.40,448,333,323,115
SOD1,CHEMBL1242723,-6.3,-65.37,34,-1.9226,4.54,436,616,594,-180
SOD1,CHEMBL1242740,-6.3,-46.55,34,-1.3691,23.36,841,987,951,-146
SOD1,CHEMBL1243043,-6.3,-68.73,32,-2.1478,-3.04,377,422,425,-45
SOD1,CHEMBL1243311,-6.3,-76.45,27,-2.8315,-21.31,257,137,124,120
SOD1,CHEMBL1243340,-6.3,-89.50,33,-2.7121,-21.70,125,132,144,-7
SOD1,CHEMBL13876,-6.3,-55.49,23,-2.4126,-8.80,654,301,270,353
SOD1,CHEMBL14375,-6.3,-42.76,23,-1.8591,3.93,923,599,642,324
SOD1,CHEMBL1547450,-6.3,-66.40,28,-2.3714,-9.15,417,295,283,122
SOD1,CHEMBL16215,-6.3,-103.24,34,-3.0365,-33.33,39,70,85,-31
SOD1,CHEMBL16488,-6.3,-62.33,30,-2.0777,-0.86,498,476,477,22
SOD1,CHEMBL1858947,-6.3,-63.52,30,-2.1173,-2.05,472,440,441,32
SOD1,CHEMBL1859344,-6.3,-52.07,29,-1.7955,7.29,727,692,697,35
SOD1,CHEMBL1859625,-6.3,-58.62,32,-1.8319,7.07,580,685,662,-105
SOD1,CHEMBL1859843,-6.3,-53.14,22,-2.4155,-8.56,706,308,268,398
SOD1,CHEMBL1859909,-6.3,-40.68,29,-1.4028,18.68,949,930,937,19
SOD1,CHEMBL1861121,-6.3,-53.42,32,-1.6694,12.27,699,812,786,-113
SOD1,CHEMBL1862003,-6.3,-51.13,25,-2.0452,-0.22,744,495,506,249
SOD1,CHEMBL1862981,-6.3,-57.59,34,-1.6938,12.32,613,814,767,-201
SOD1,CHEMBL1863035,-6.3,-35.87,26,-1.3796,17.15,1006,909,946,97
SOD1,CHEMBL1863089,-6.3,-46.24,34,-1.3600,23.67,846,995,959,-149
SOD1,CHEMBL1863099,-6.3,-59.19,35,-1.6911,12.83,565,824,771,-259
SOD1,CHEMBL1863354,-6.3,-45.50,34,-1.3382,24.41,873,1001,968,-128
SOD1,CHEMBL1863708,-6.3,-55.81,33,-1.6912,11.99,649,800,770,-151
SOD1,CHEMBL1864356,-6.3,-60.94,28,-2.1764,-3.69,527,406,401,121
SOD1,CHEMBL1864711,-6.3,-53.40,32,-1.6687,12.29,700,813,787,-113
SOD1,CHEMBL1865471,-6.3,-49.44,27,-1.8311,5.70,786,643,664,143
SOD1,CHEMBL1865930,-6.3,-57.67,22,-2.6214,-13.09,608,241,176,367
SOD1,CHEMBL1866020,-6.3,-58.41,29,-2.0141,0.95,588,532,532,56
SOD1,CHEMBL1866100,-6.3,-60.34,27,-2.2348,-5.20,542,373,366,169
SOD1,CHEMBL1866108,-6.3,-34.32,29,-1.1834,25.04,1025,1007,1029,18
SOD1,CHEMBL1866230,-6.3,-54.84,29,-1.8910,4.52,668,615,619,53
SOD1,CHEMBL1911407,-6.3,-27.54,22,-1.2518,17.04,1061,905,1008,156
SOD1,CHEMBL19801,-6.3,-45.22,36,-1.2561,28.91,880,1041,1005,-161
SOD1,CHEMBL19929,-6.3,-64.29,31,-2.0739,-0.71,454,484,482,-30
SOD1,CHEMBL20196,-6.3,-74.00,35,-2.1143,-1.98,289,446,447,-157
SOD1,CHEMBL20227,-6.3,-30.82,31,-0.9942,32.76,1050,1056,1057,-6
SOD1,CHEMBL20393,-6.3,-48.10,30,-1.6033,13.37,808,837,834,-29
SOD1,CHEMBL20673,-6.3,-68.59,33,-2.0785,-0.79,379,479,475,-100
SOD1,CHEMBL20884,-6.3,-73.01,32,-2.2816,-7.32,297,336,342,-39
SOD1,CHEMBL20926,-6.3,-84.47,31,-2.7248,-20.89,164,141,141,23
SOD1,CHEMBL21594,-6.3,-84.33,32,-2.6353,-18.64,165,164,165,1
SOD1,CHEMBL23620,-6.3,-38.77,30,-1.2923,22.70,976,982,986,-6
SOD1,CHEMBL24244,-6.3,-36.89,27,-1.3663,18.25,997,922,954,75
SOD1,CHEMBL25084,-6.3,-56.27,29,-1.9403,3.09,636,581,584,55
SOD1,CHEMBL25299,-6.3,-52.49,26,-2.0188,0.53,716,517,527,199
SOD1,CHEMBL28066,-6.3,-58.46,28,-2.0879,-1.21,587,458,463,129
SOD1,CHEMBL28202,-6.3,-70.27,30,-2.3423,-8.80,343,300,302,43
SOD1,CHEMBL3309784,-6.3,-44.13,30,-1.4710,17.34,903,911,909,-8
SOD1,CHEMBL3309988,-6.3,-48.34,27,-1.7904,6.80,807,676,703,131
SOD1,CHEMBL3310003,-6.3,-58.25,32,-1.8203,7.44,591,695,672,-104
SOD1,CHEMBL3310193,-6.3,-40.24,25,-1.6096,10.67,953,764,830,189
SOD1,CHEMBL3355155,-6.3,-101.43,35,-2.8980,-29.41,49,90,111,-41
SOD1,CHEMBL4434862,-6.3,-51.17,34,-1.5050,18.74,741,932,890,-191
SOD1,CHEMBL4434887,-6.3,-32.35,28,-1.1554,24.90,1042,1006,1036,36
SOD1,CHEMBL4435533,-6.3,-40.70,26,-1.5654,12.32,948,815,852,133
SOD1,CHEMBL4436488,-6.3,-97.25,29,-3.3534,-37.89,71,44,33,27
SOD1,CHEMBL4528123,-6.3,-70.87,34,-2.0844,-0.96,334,468,468,-134
SOD1,CHEMBL4529649,-6.3,-80.13,34,-2.3568,-10.22,210,280,292,-70
SOD1,CHEMBL4530048,-6.3,-92.25,34,-2.7132,-22.34,104,126,143,-22
SOD1,CHEMBL4530231,-6.3,-66.55,32,-2.0797,-0.86,413,477,472,-64
SOD1,CHEMBL4530250,-6.3,-93.28,29,-3.2166,-33.92,98,66,53,32
SOD1,CHEMBL4530312,-6.3,-90.39,35,-2.5826,-18.37,116,170,190,-54
SOD1,CHEMBL4530588,-6.3,-45.66,36,-1.2683,28.47,869,1038,998,-169
SOD1,CHEMBL4530620,-6.3,-63.93,32,-1.9978,1.76,464,554,546,-90
SOD1,CHEMBL4530624,-6.3,-107.65,30,-3.5883,-46.18,29,18,15,11
SOD1,CHEMBL4531076,-6.3,-50.36,25,-2.0144,0.55,760,518,531,242
SOD1,CHEMBL4531375,-6.3,-51.44,32,-1.6075,14.25,738,862,831,-124
SOD1,CHEMBL4531632,-6.3,-51.32,33,-1.5552,16.48,739,898,860,-159
SOD1,CHEMBL4532451,-6.3,-88.37,34,-2.5991,-18.46,133,168,185,-35
SOD1,CHEMBL4532488,-6.3,-59.53,27,-2.2048,-4.39,559,388,383,171
SOD1,CHEMBL4533700,-6.3,-101.60,33,-3.0788,-33.80,45,67,78,-22
SOD1,CHEMBL4533979,-6.3,-76.44,33,-2.3164,-8.64,258,305,316,-47
SOD1,CHEMBL4534280,-6.3,-37.17,26,-1.4296,15.85,993,886,924,107
SOD1,CHEMBL4534281,-6.3,-39.68,31,-1.2800,23.90,959,999,992,-40
SOD1,CHEMBL4560048,-6.3,-39.62,26,-1.5238,13.40,961,839,882,122
SOD1,CHEMBL4562890,-6.3,-54.66,30,-1.8220,6.81,672,677,671,-5
SOD1,CHEMBL4564586,-6.3,-77.57,28,-2.7704,-20.32,242,146,137,96
SOD1,CHEMBL4565154,-6.3,-55.69,30,-1.8563,5.78,650,646,645,4
SOD1,CHEMBL4566175,-6.3,-54.73,32,-1.7103,10.96,669,769,752,-100
SOD1,CHEMBL4566570,-6.3,-89.57,31,-2.8894,-25.99,123,109,115,14
SOD1,CHEMBL4568448,-6.3,-31.84,26,-1.2246,21.18,1044,966,1017,78
SOD1,CHEMBL4568594,-6.3,-93.56,35,-2.6731,-21.54,94,133,151,-39
SOD1,CHEMBL4568613,-6.3,-53.82,29,-1.8559,5.54,687,639,646,48
SOD1,CHEMBL4568716,-6.3,-56.19,35,-1.6054,15.83,637,883,832,-246
SOD1,CHEMBL4570860,-6.3,-81.96,35,-2.3417,-9.94,187,285,303,-98
SOD1,CHEMBL4570912,-6.3,-50.18,28,-1.7921,7.07,764,683,698,81
SOD1,CHEMBL4571242,-6.3,-48.09,31,-1.5513,15.49,809,875,863,-66
SOD1,CHEMBL4571257,-6.3,-77.54,29,-2.6738,-18.18,244,171,150,73
SOD1,CHEMBL4571829,-6.3,-75.90,34,-2.2324,-5.99,269,360,368,-91
SOD1,CHEMBL4571833,-6.3,-46.51,31,-1.5003,17.07,842,906,892,-64
SOD1,CHEMBL4571844,-6.3,-84.30,34,-2.4794,-14.39,166,223,243,-57
SOD1,CHEMBL4572214,-6.3,-63.37,27,-2.3470,-8.23,476,314,300,162
SOD1,CHEMBL4572750,-6.3,-41.18,32,-1.2869,24.51,944,1002,991,-58
SOD1,CHEMBL4572930,-6.3,-52.23,35,-1.4923,19.79,723,946,897,-223
SOD1,CHEMBL4573337,-6.3,-45.79,25,-1.8316,5.12,861,630,663,231
SOD1,CHEMBL4573390,-6.3,-83.07,33,-2.5173,-15.27,178,211,221,-33
SOD1,CHEMBL4573391,-6.3,-44.31,30,-1.4770,17.16,899,910,907,-11
SOD1,CHEMBL4574116,-6.3,-90.92,33,-2.7552,-23.12,112,121,139,-9
SOD1,CHEMBL4574211,-6.3,-50.07,28,-1.7882,7.18,768,688,705,80
SOD1,CHEMBL4575165,-6.3,-51.15,34,-1.5044,18.76,743,933,891,-190
SOD1,CHEMBL4575350,-6.3,-73.49,28,-2.6246,-16.24,293,190,173,103
SOD1,CHEMBL4575360,-6.3,-31.47,27,-1.1656,23.67,1049,994,1034,55
SOD1,CHEMBL4575516,-6.3,-67.17,31,-2.1668,-3.59,406,410,411,-4
SOD1,CHEMBL4575621,-6.3,-60.46,29,-2.0848,-1.10,538,462,467,76
SOD1,CHEMBL4580709,-6.3,-93.43,30,-3.1143,-31.96,96,73,69,23
SOD1,CHEMBL4581156,-6.3,-105.05,32,-3.2828,-39.36,35,37,43,-2
SOD1,CHEMBL4581329,-6.3,-37.94,23,-1.6496,8.75,983,714,801,269
SOD1,CHEMBL4581618,-6.3,-102.19,32,-3.1934,-36.50,42,53,55,-11
SOD1,CHEMBL4581637,-6.3,-44.15,26,-1.6981,8.87,902,717,761,185
SOD1,CHEMBL4582175,-6.3,-54.18,27,-2.0067,0.96,682,533,539,149
SOD1,CHEMBL4582218,-6.3,-21.39,23,-0.9300,25.30,1072,1011,1068,61
SOD1,CHEMBL4582226,-6.3,-74.05,35,-2.1157,-2.03,288,442,443,-154
SOD1,CHEMBL4582424,-6.3,-63.30,30,-2.1100,-1.83,479,450,450,29
SOD1,CHEMBL4582483,-6.3,-76.39,32,-2.3872,-10.70,262,268,280,-6
SOD1,CHEMBL4583461,-6.3,-35.15,22,-1.5977,9.43,1013,730,838,283
SOD1,CHEMBL4583682,-6.3,-37.46,31,-1.2084,26.12,988,1017,1020,-29
SOD1,CHEMBL4584742,-6.3,-82.94,33,-2.5133,-15.14,180,213,223,-33
SOD1,CHEMBL4584771,-6.3,-74.50,32,-2.3281,-8.81,285,299,309,-14
SOD1,CHEMBL4585490,-6.3,-46.07,27,-1.7063,9.07,850,722,758,128
SOD1,CHEMBL4634704,-6.3,-45.90,36,-1.2750,28.23,858,1033,995,-175
SOD1,CHEMBL4634723,-6.3,-59.08,34,-1.7376,10.83,569,768,734,-199
SOD1,CHEMBL4634844,-6.3,-24.86,25,-0.9944,26.05,1067,1016,1056,51
SOD1,CHEMBL4635162,-6.3,-52.73,37,-1.4251,23.51,710,991,926,-281
SOD1,CHEMBL4635193,-6.3,-64.97,32,-2.0303,0.72,443,523,520,-80
SOD1,CHEMBL4635236,-6.3,-40.92,25,-1.6368,9.99,946,747,812,199
SOD1,CHEMBL4635243,-6.3,-41.20,26,-1.5846,11.82,943,792,842,151
SOD1,CHEMBL4635402,-6.3,-70.81,30,-2.3603,-9.34,336,291,289,45
SOD1,CHEMBL4636075,-6.3,-85.94,32,-2.6856,-20.25,150,147,148,3
SOD1,CHEMBL4636263,-6.3,-70.56,34,-2.0753,-0.65,338,487,481,-149
SOD1,CHEMBL4636426,-6.3,-20.80,25,-0.8320,30.11,1073,1048,1070,25
SOD1,CHEMBL4636581,-6.3,-24.27,31,-0.7829,39.31,1068,1071,1072,-3
SOD1,CHEMBL4636897,-6.3,-58.54,33,-1.7739,9.26,584,726,715,-142
SOD1,CHEMBL4637048,-6.3,-76.18,36,-2.1161,-2.05,265,441,442,-176
SOD1,CHEMBL4637079,-6.3,-35.06,30,-1.1687,26.41,1014,1022,1032,-8
SOD1,CHEMBL4637170,-6.3,-88.45,34,-2.6015,-18.54,131,167,183,-36
SOD1,CHEMBL4637354,-6.3,-76.41,33,-2.3155,-8.61,261,306,318,-45
SOD1,CHEMBL4637374,-6.3,-88.71,36,-2.4642,-14.58,129,221,249,-92
SOD1,CHEMBL4637410,-6.3,-77.12,33,-2.3370,-9.32,251,292,305,-41
SOD1,CHEMBL4637990,-6.3,-82.79,34,-2.4350,-12.88,181,245,260,-64
SOD1,CHEMBL4638009,-6.3,-50.95,22,-2.3159,-6.37,746,355,317,391
SOD1,CHEMBL4638060,-6.3,-69.99,34,-2.0585,-0.08,351,500,496,-149
SOD1,CHEMBL4638423,-6.3,-56.99,31,-1.8384,6.59,622,668,657,-46
SOD1,CHEMBL4638729,-6.3,-39.20,32,-1.2250,26.49,968,1026,1016,-58
SOD1,CHEMBL4639207,-6.3,-80.46,26,-3.0946,-27.44,203,97,72,106
SOD1,CHEMBL4639285,-6.3,-48.91,25,-1.9564,2.00,796,558,572,238
SOD1,CHEMBL4639553,-6.3,-35.58,30,-1.1860,25.89,1010,1015,1028,-5
SOD1,CHEMBL4639704,-6.3,-68.06,36,-1.8906,6.07,386,651,620,-265
SOD1,CHEMBL495180,-6.3,-54.09,33,-1.6391,13.71,683,847,810,-164
SOD1,CHEMBL496867,-6.3,-21.75,27,-0.8056,33.39,1071,1058,1071,13
SOD1,CHEMBL497105,-6.3,-64.58,28,-2.3064,-7.33,450,335,326,115
SOD1,CHEMBL497670,-6.3,-70.86,31,-2.2858,-7.28,335,339,341,-4
SOD1,CHEMBL497839,-6.3,-67.81,31,-2.1874,-4.23,392,393,392,-1
SOD1,CHEMBL498300,-6.3,-71.03,27,-2.6307,-15.89,328,200,167,128
SOD1,CHEMBL498305,-6.3,-75.42,29,-2.6007,-16.06,276,193,184,83
SOD1,CHEMBL498390,-6.3,-57.67,34,-1.6962,12.24,609,810,763,-201
SOD1,CHEMBL498414,-6.3,-54.22,32,-1.6944,11.47,681,784,766,-103
SOD1,CHEMBL498674,-6.3,-62.40,30,-2.0800,-0.93,493,470,471,23
SOD1,CHEMBL498703,-6.3,-83.42,34,-2.4535,-13.51,176,235,253,-59
SOD1,CHEMBL499347,-6.3,-54.68,29,-1.8855,4.68,671,621,626,50
SOD1,CHEMBL499349,-6.3,-56.94,29,-1.9634,2.42,623,568,567,55
SOD1,CHEMBL499544,-6.3,-53.17,32,-1.6616,12.52,705,816,792,-111
SOD1,CHEMBL499618,-6.3,-115.94,33,-3.5133,-48.14,11,13,21,-2
SOD1,CHEMBL501719,-6.3,-66.16,34,-1.9459,3.75,420,595,580,-175
SOD1,CHEMBL501731,-6.3,-73.25,26,-2.8173,-20.23,295,149,125,146
SOD1,CHEMBL502021,-6.3,-42.65,30,-1.4217,18.82,925,934,929,-9
SOD1,CHEMBL502531,-6.3,-101.74,35,-2.9069,-29.72,44,88,110,-44
SOD1,CHEMBL502555,-6.3,-52.57,29,-1.8128,6.79,714,675,685,39
SOD1,CHEMBL502556,-6.3,-68.11,30,-2.2703,-6.64,385,351,348,34
SOD1,CHEMBL504467,-6.3,-49.57,30,-1.6523,11.90,781,794,798,-13
SOD1,CHEMBL505417,-6.3,-38.00,26,-1.4615,15.02,981,870,911,111
SOD1,CHEMBL505866,-6.3,-60.45,24,-2.5188,-11.65,540,257,220,283
SOD1,CHEMBL506266,-6.3,-60.47,24,-2.5196,-11.67,537,256,219,281
SOD1,CHEMBL507747,-6.3,-37.27,25,-1.4908,13.64,991,846,898,145
SOD1,CHEMBL508494,-6.3,-58.17,27,-2.1544,-3.03,597,423,420,174
SOD1,CHEMBL508922,-6.3,-46.16,24,-1.9233,2.64,848,572,592,276
SOD1,CHEMBL509650,-6.3,-47.86,28,-1.7093,9.39,812,729,754,83
SOD1,CHEMBL510325,-6.3,-45.80,35,-1.3086,26.22,860,1019,982,-159
SOD1,CHEMBL510545,-6.3,-64.16,26,-2.4677,-11.14,458,264,247,194
SOD1,CHEMBL510668,-6.3,-100.57,36,-2.7936,-26.44,56,104,131,-48
SOD1,CHEMBL511318,-6.3,-30.67,24,-1.2779,18.13,1051,919,993,132
SOD1,CHEMBL511448,-6.3,-64.21,30,-2.1403,-2.74,457,426,427,31
SOD1,CHEMBL511592,-6.3,-46.01,33,-1.3942,21.79,852,972,940,-120
SOD1,CHEMBL511779,-6.3,-50.49,21,-2.4043,-8.02,757,320,274,437
SOD1,CHEMBL511795,-6.3,-38.21,37,-1.0327,38.03,979,1069,1050,-90
SOD1,CHEMBL511812,-6.3,-35.35,28,-1.2625,21.90,1011,975,1001,36
SOD1,CHEMBL512012,-6.3,-100.79,34,-2.9644,-30.88,54,82,97,-28
SOD1,CHEMBL512633,-6.3,-65.80,27,-2.4370,-10.66,428,269,259,159
SOD1,CHEMBL512821,-6.3,-58.53,26,-2.2512,-5.51,585,371,357,214
SOD1,CHEMBL513335,-6.3,-75.41,25,-3.0164,-24.50,277,118,89,159
SOD1,CHEMBL513384,-6.3,-58.65,30,-1.9550,2.82,579,579,574,0
SOD1,CHEMBL513562,-6.3,-41.46,34,-1.2194,28.45,937,1037,1018,-100
SOD1,CHEMBL513764,-6.3,-53.49,31,-1.7255,10.09,696,750,741,-54
SOD1,CHEMBL513916,-6.3,-68.05,31,-2.1952,-4.47,387,385,389,2
SOD1,CHEMBL514067,-6.3,-126.48,33,-3.8327,-58.68,3,2,4,1
SOD1,CHEMBL514661,-6.3,-53.17,26,-2.0450,-0.15,704,499,507,205
SOD1,CHEMBL515072,-6.3,-59.18,30,-1.9727,2.29,566,563,561,3
SOD1,CHEMBL515208,-6.3,-70.53,31,-2.2752,-6.95,339,346,345,-7
SOD1,CHEMBL515338,-6.3,-45.94,24,-1.9142,2.86,855,580,598,275
SOD1,CHEMBL515521,-6.3,-58.99,32,-1.8434,6.70,571,671,654,-100
SOD1,CHEMBL515633,-6.3,-77.15,29,-2.6603,-17.79,250,175,155,75
SOD1,CHEMBL515655,-6.3,-61.35,26,-2.3596,-8.33,516,312,290,204
SOD1,CHEMBL515680,-6.3,-60.01,35,-1.7146,12.01,550,804,750,-254
SOD1,CHEMBL516244,-6.3,-80.24,35,-2.2926,-8.22,207,315,334,-108
SOD1,CHEMBL516504,-6.3,-66.65,27,-2.4685,-11.51,412,258,246,154
SOD1,CHEMBL516864,-6.3,-45.44,25,-1.8176,5.47,874,637,680,237
SOD1,CHEMBL516874,-6.3,-53.57,34,-1.5756,16.34,692,895,846,-203
SOD1,CHEMBL5169322,-6.3,-68.93,33,-2.0888,-1.13,373,461,461,-88
SOD1,CHEMBL517614,-6.3,-46.00,28,-1.6429,11.25,853,777,807,76
SOD1,CHEMBL517795,-6.3,-68.59,27,-2.5404,-13.45,380,237,207,143
SOD1,CHEMBL519010,-6.3,-73.99,33,-2.2421,-6.19,290,358,362,-68
SOD1,CHEMBL519111,-6.3,-91.68,35,-2.6194,-19.66,107,153,178,-46
SOD1,CHEMBL519795,-6.3,-117.60,37,-3.1784,-41.36,9,31,60,-22
SOD1,CHEMBL520067,-6.3,-43.55,31,-1.4048,20.03,911,952,935,-41
SOD1,CHEMBL520254,-6.3,-124.67,36,-3.4631,-50.54,4,9,29,-5
SOD1,CHEMBL520304,-6.3,-95.09,37,-2.5700,-18.85,81,163,196,-82
SOD1,CHEMBL520358,-6.3,-50.82,31,-1.6394,12.76,751,822,809,-71
SOD1,CHEMBL520826,-6.3,-50.76,36,-1.4100,23.37,754,988,933,-234
SOD1,CHEMBL520878,-6.3,-69.96,22,-3.1800,-25.38,354,112,59,242
SOD1,CHEMBL521022,-6.3,-45.72,30,-1.5240,15.75,867,881,881,-14
SOD1,CHEMBL521096,-6.3,-45.58,35,-1.3023,26.44,871,1024,983,-153
SOD1,CHEMBL521570,-6.3,-53.71,31,-1.7326,9.87,688,743,738,-55
SOD1,CHEMBL522224,-6.3,-51.45,34,-1.5132,18.46,737,927,888,-190
SOD1,CHEMBL522487,-6.3,-75.79,36,-2.1053,-1.66,271,454,453,-183
SOD1,CHEMBL522589,-6.3,-77.79,31,-2.5094,-14.21,236,228,226,8
SOD1,CHEMBL522609,-6.3,-47.24,30,-1.5747,14.23,829,861,847,-32
SOD1,CHEMBL522618,-6.3,-37.31,28,-1.3325,19.94,990,950,972,40
SOD1,CHEMBL522752,-6.3,-39.76,30,-1.3253,21.71,957,971,975,-14
SOD1,CHEMBL525358,-6.3,-57.64,36,-1.6011,16.49,610,900,835,-290
SOD1,CHEMBL525727,-6.3,-62.36,31,-2.0116,1.22,497,536,536,-39
SOD1,CHEMBL525897,-6.3,-29.48,29,-1.0166,29.88,1055,1047,1054,8
SOD1,CHEMBL526061,-6.3,-66.14,33,-2.0042,1.66,421,552,541,-131
SOD1,CHEMBL526098,-6.3,-69.07,26,-2.6565,-16.05,370,194,158,176
SOD1,CHEMBL526224,-6.3,-53.84,36,-1.4956,20.29,686,954,896,-268
SOD1,CHEMBL526243,-6.3,-55.67,28,-1.9882,1.58,651,550,551,101
SOD1,CHEMBL526775,-6.3,-47.29,26,-1.8188,5.73,826,645,674,181
SOD1,CHEMBL528745,-6.3,-49.23,34,-1.4479,20.68,789,961,917,-172
SOD1,CHEMBL554497,-6.3,-62.95,33,-1.9076,4.85,486,625,607,-139
SOD1,CHEMBL557030,-6.3,-69.47,29,-2.3955,-10.11,363,282,276,81
SOD1,CHEMBL557971,-6.3,-24.17,21,-1.1510,18.30,1069,924,1037,145
SOD1,CHEMBL558480,-6.3,-85.21,34,-2.5062,-15.30,158,209,231,-51
SOD1,CHEMBL558845,-6.3,-54.93,29,-1.8941,4.43,666,614,617,52
SOD1,CHEMBL558848,-6.3,-44.43,27,-1.6456,10.71,895,765,806,130
SOD1,CHEMBL559234,-6.3,-38.87,27,-1.4396,16.27,973,893,920,80
SOD1,CHEMBL559401,-6.3,-84.16,35,-2.4046,-12.14,167,253,273,-86
SOD1,CHEMBL559537,-6.3,-68.61,34,-2.0179,1.30,378,540,529,-162
SOD1,CHEMBL559935,-6.3,-95.02,35,-2.7149,-23.00,82,122,142,-40
SOD1,CHEMBL560219,-6.3,-48.71,31,-1.5713,14.87,799,867,850,-68
SOD1,CHEMBL561101,-6.3,-53.70,25,-2.1480,-2.79,689,425,424,264
SOD1,CHEMBL561130,-6.3,-34.51,24,-1.4379,14.29,1023,863,921,160
SOD1,CHEMBL561567,-6.3,-62.27,33,-1.8870,5.53,500,638,625,-138
SOD1,CHEMBL562009,-6.3,-30.65,28,-1.0946,26.60,1052,1027,1046,25
SOD1,CHEMBL562030,-6.3,-46.67,33,-1.4142,21.13,839,965,930,-126
SOD1,CHEMBL562080,-6.3,-61.44,26,-2.3631,-8.42,514,309,287,205
SOD1,CHEMBL562512,-6.3,-42.79,31,-1.3803,20.79,922,962,945,-40
SOD1,CHEMBL563107,-6.3,-72.63,32,-2.2697,-6.94,305,347,349,-42
SOD1,CHEMBL563326,-6.3,-68.83,32,-2.1509,-3.14,375,418,422,-43
SOD1,CHEMBL563536,-6.3,-121.29,37,-3.2781,-45.05,5,21,44,-16
SOD1,CHEMBL563569,-6.3,-22.35,33,-0.6773,45.45,1070,1073,1073,-3
SOD1,CHEMBL563577,-6.3,-57.60,33,-1.7455,10.20,611,752,729,-141
SOD1,CHEMBL563612,-6.3,-65.52,33,-1.9855,2.28,432,562,553,-130
SOD1,CHEMBL563968,-6.3,-51.16,26,-1.9677,1.86,742,556,564,186
SOD1,CHEMBL563997,-6.3,-32.95,24,-1.3729,15.85,1035,885,949,150
SOD1,CHEMBL564611,-6.3,-24.96,21,-1.1886,17.51,1066,912,1027,154
SOD1,CHEMBL564783,-6.3,-59.43,32,-1.8572,6.26,560,657,643,-97
SOD1,CHEMBL565255,-6.3,-83.72,32,-2.6162,-18.03,174,174,180,0
SOD1,CHEMBL565408,-6.3,-53.42,29,-1.8421,5.94,698,648,656,50
SOD1,CHEMBL565790,-6.3,-42.17,35,-1.2049,29.85,928,1046,1021,-118
SOD1,CHEMBL565881,-6.3,-84.73,27,-3.1381,-29.59,163,89,66,74
SOD1,CHEMBL565939,-6.3,-51.71,25,-2.0684,-0.80,733,478,487,255
SOD1,CHEMBL566099,-6.3,-43.18,27,-1.5993,11.96,916,795,836,121
SOD1,CHEMBL566148,-6.3,-30.52,30,-1.0173,30.95,1053,1049,1053,4
SOD1,CHEMBL566395,-6.3,-35.74,24,-1.4892,13.06,1008,832,900,176
SOD1,CHEMBL566505,-6.3,-48.94,26,-1.8823,4.08,795,604,629,191
SOD1,CHEMBL596211,-6.3,-75.84,31,-2.4465,-12.26,270,251,254,19
SOD1,CHEMBL7735,-6.3,-80.31,24,-3.3462,-31.51,205,74,36,131
SOD1,CHEMBL8208,-6.3,-37.09,24,-1.5454,11.71,995,791,865,204
SOD1,CHEMBL9363,-6.3,-117.34,32,-3.6669,-51.65,10,8,10,2
SOD1,CHEMBL9368,-6.3,-59.76,24,-2.4900,-10.96,556,265,238,291
SOD1,CHEMBL9616,-6.3,-47.18,29,-1.6269,12.18,831,809,824,22
SOD1,CHEMBL9961,-6.3,-69.13,30,-2.3043,-7.66,368,329,328,39
SOD1,NEBIVOLOL,-6.3,-63.33,32,-1.9791,2.36,477,565,558,-88
SOD1,NIRAPARIB,-6.3,-42.06,27,-1.5578,13.08,932,833,857,99
SOD1,TALAZOPARIB,-6.3,-37.71,30,-1.2570,23.76,984,996,1003,-12
SOD1,BETAMETHASONE,-6.2,-66.82,31,-2.1555,-3.24,409,415,418,-6
SOD1,CHEMBL1204622,-6.2,-77.83,27,-2.8826,-22.69,235,123,117,112
SOD1,CHEMBL1205903,-6.2,-89.70,30,-2.9900,-28.23,121,93,92,28
SOD1,CHEMBL1206043,-6.2,-51.59,30,-1.7197,9.88,734,745,746,-11
SOD1,CHEMBL1206352,-6.2,-56.57,26,-2.1758,-3.55,632,411,402,221
SOD1,CHEMBL1207044,-6.2,-51.94,26,-1.9977,1.08,729,534,547,195
SOD1,CHEMBL1208600,-6.2,-78.84,27,-2.9200,-23.70,224,119,107,105
SOD1,CHEMBL1209968,-6.2,-89.60,36,-2.4889,-15.47,122,207,240,-85
SOD1,CHEMBL1210538,-6.2,-81.80,28,-2.9214,-24.55,190,117,106,73
SOD1,CHEMBL1210556,-6.2,-60.64,27,-2.2459,-5.50,534,372,360,162
SOD1,CHEMBL1210826,-6.2,-61.23,28,-2.1868,-3.98,520,397,394,123
SOD1,CHEMBL1210834,-6.2,-94.53,26,-3.6358,-41.51,89,29,12,60
SOD1,CHEMBL1210981,-6.2,-87.12,29,-3.0041,-27.76,142,95,90,47
SOD1,CHEMBL1215806,-6.2,-64.95,29,-2.2397,-5.59,444,368,364,76
SOD1,CHEMBL1242335,-6.2,-54.99,30,-1.8330,6.48,664,666,660,-2
SOD1,CHEMBL1242431,-6.2,-64.45,28,-2.3018,-7.20,451,342,330,109
SOD1,CHEMBL1242888,-6.2,-50.27,27,-1.8619,4.87,762,626,640,136
SOD1,CHEMBL1242895,-6.2,-37.66,30,-1.2553,23.81,985,998,1007,-13
SOD1,CHEMBL1242906,-6.2,-70.63,31,-2.2784,-7.05,337,344,343,-7
SOD1,CHEMBL1242981,-6.2,-58.55,27,-2.1685,-3.41,583,413,408,170
SOD1,CHEMBL1243012,-6.2,-49.56,27,-1.8356,5.58,782,640,659,142
SOD1,CHEMBL130247,-6.2,-29.93,21,-1.4252,12.54,1054,818,925,236
SOD1,CHEMBL13464,-6.2,-60.81,31,-1.9616,2.77,530,578,568,-48
SOD1,CHEMBL13495,-6.2,-55.84,27,-2.0681,-0.70,646,485,488,161
SOD1,CHEMBL1355230,-6.2,-63.46,30,-2.1153,-1.99,474,444,444,30
SOD1,CHEMBL1355267,-6.2,-72.22,25,-2.8888,-21.31,311,138,116,173
SOD1,CHEMBL13588,-6.2,-57.86,27,-2.1430,-2.72,604,427,426,177
SOD1,CHEMBL14316,-6.2,-61.21,26,-2.3542,-8.19,521,317,294,204
SOD1,CHEMBL14932,-6.2,-56.84,28,-2.0300,0.41,626,514,521,112
SOD1,CHEMBL16151,-6.2,-84.85,36,-2.3569,-10.72,161,267,291,-106
SOD1,CHEMBL17358,-6.2,-78.20,33,-2.3697,-10.40,233,277,285,-44
SOD1,CHEMBL1795489,-6.2,-55.29,29,-1.9066,4.07,658,603,610,55
SOD1,CHEMBL1795545,-6.2,-56.83,21,-2.7062,-14.36,627,225,145,402
SOD1,CHEMBL1795628,-6.2,-74.68,37,-2.0184,1.56,283,549,528,-266
SOD1,CHEMBL1795646,-6.2,-91.05,36,-2.5292,-16.92,110,185,213,-75
SOD1,CHEMBL1796550,-6.2,-61.32,30,-2.0440,0.15,517,510,508,7
SOD1,CHEMBL1796730,-6.2,-64.67,33,-1.9597,3.13,447,582,569,-135
SOD1,CHEMBL1808539,-6.2,-63.96,29,-2.2055,-4.60,463,382,382,81
SOD1,CHEMBL1808645,-6.2,-51.87,28,-1.8525,5.38,730,635,647,95
SOD1,CHEMBL18413,-6.2,-60.92,32,-1.9038,4.77,529,623,613,-94
SOD1,CHEMBL18564,-6.2,-45.20,32,-1.4125,20.49,881,958,932,-77
SOD1,CHEMBL1857916,-6.2,-50.78,32,-1.5869,14.91,753,868,840,-115
SOD1,CHEMBL1858078,-6.2,-59.32,30,-1.9773,2.15,562,559,560,3
SOD1,CHEMBL1858083,-6.2,-39.51,29,-1.3624,19.85,966,948,958,18
SOD1,CHEMBL1858212,-6.2,-61.80,29,-2.1310,-2.44,504,433,432,71
SOD1,CHEMBL1858647,-6.2,-33.15,26,-1.2750,19.87,1032,949,994,83
SOD1,CHEMBL1858708,-6.2,-59.91,27,-2.2189,-4.77,553,379,377,174
SOD1,CHEMBL1858904,-6.2,-47.33,32,-1.4791,18.36,825,926,906,-101
SOD1,CHEMBL1859092,-6.2,-53.93,30,-1.7977,7.54,685,699,695,-14
SOD1,CHEMBL1859186,-6.2,-32.05,26,-1.2327,20.97,1043,963,1015,80
SOD1,CHEMBL1859337,-6.2,-39.52,29,-1.3628,19.84,965,947,957,18
SOD1,CHEMBL1859341,-6.2,-49.16,29,-1.6952,10.20,791,751,764,40
SOD1,CHEMBL1859483,-6.2,-29.01,30,-0.9670,32.46,1057,1055,1061,2
SOD1,CHEMBL1862792,-6.2,-52.09,31,-1.6803,11.49,725,785,777,-60
SOD1,CHEMBL1862843,-6.2,-50.85,33,-1.5409,16.95,750,903,871,-153
SOD1,CHEMBL1862934,-6.2,-47.86,33,-1.4503,19.94,811,951,915,-140
SOD1,CHEMBL1862988,-6.2,-48.94,23,-2.1278,-2.25,794,437,434,357
SOD1,CHEMBL1863039,-6.2,-79.94,28,-2.8550,-22.69,213,124,122,89
SOD1,CHEMBL1863077,-6.2,-59.21,28,-2.1146,-1.96,564,448,445,116
SOD1,CHEMBL1863138,-6.2,-56.66,29,-1.9538,2.70,630,573,576,57
SOD1,CHEMBL1863141,-6.2,-35.26,34,-1.0371,34.65,1012,1062,1048,-50
SOD1,CHEMBL1863167,-6.2,-45.74,28,-1.6336,11.51,865,788,816,77
SOD1,CHEMBL1863179,-6.2,-72.81,30,-2.4270,-11.34,301,260,263,41
SOD1,CHEMBL1863239,-6.2,-57.96,28,-2.0700,-0.71,603,483,485,120
SOD1,CHEMBL1863297,-6.2,-76.67,34,-2.2550,-6.76,255,350,356,-95
SOD1,CHEMBL1863323,-6.2,-57.76,30,-1.9253,3.71,607,593,591,14
SOD1,CHEMBL1863382,-6.2,-52.85,32,-1.6516,12.84,707,825,799,-118
SOD1,CHEMBL1863426,-6.2,-45.36,33,-1.3745,22.44,875,978,948,-103
SOD1,CHEMBL1863507,-6.2,-73.55,32,-2.2984,-7.86,292,326,332,-34
SOD1,CHEMBL1863610,-6.2,-80.06,27,-2.9652,-24.92,212,113,96,99
SOD1,CHEMBL1863740,-6.2,-46.17,30,-1.5390,15.30,847,873,873,-26
SOD1,CHEMBL1863817,-6.2,-63.27,25,-2.5308,-12.36,480,250,212,230
SOD1,CHEMBL1864148,-6.2,-65.61,27,-2.4300,-10.47,431,274,261,157
SOD1,CHEMBL1864233,-6.2,-60.73,30,-2.0243,0.74,531,524,525,7
SOD1,CHEMBL1864360,-6.2,-85.73,32,-2.6791,-20.04,154,151,149,3
SOD1,CHEMBL1864601,-6.2,-65.51,28,-2.3396,-8.26,433,313,304,120
SOD1,CHEMBL1864784,-6.2,-31.73,34,-0.9332,38.18,1046,1070,1067,-24
SOD1,CHEMBL1864868,-6.2,-83.82,32,-2.6194,-18.13,173,172,179,1
SOD1,CHEMBL1865174,-6.2,-37.96,22,-1.7255,6.62,982,670,742,312
SOD1,CHEMBL1865211,-6.2,-38.33,25,-1.5332,12.58,978,819,876,159
SOD1,CHEMBL1865485,-6.2,-61.69,28,-2.2032,-4.44,506,387,386,119
SOD1,CHEMBL1865514,-6.2,-37.65,28,-1.3446,19.60,987,942,964,45
SOD1,CHEMBL1865669,-6.2,-61.40,31,-1.9806,2.18,515,560,557,-45
SOD1,CHEMBL1865717,-6.2,-44.34,38,-1.1668,34.01,898,1059,1033,-161
SOD1,CHEMBL1865730,-6.2,-71.99,32,-2.2497,-6.30,315,356,358,-41
SOD1,CHEMBL1865953,-6.2,-48.96,24,-2.0400,-0.16,793,498,514,295
SOD1,CHEMBL18816,-6.2,-68.53,33,-2.0767,-0.73,382,482,479,-100
SOD1,CHEMBL1896436,-6.2,-100.90,27,-3.7370,-45.76,52,19,9,33
SOD1,CHEMBL19897,-6.2,-49.37,30,-1.6457,12.10,787,806,805,-19
SOD1,CHEMBL20389,-6.2,-26.47,22,-1.2032,18.11,1062,917,1023,145
SOD1,CHEMBL20448,-6.2,-37.41,29,-1.2900,21.95,989,976,988,13
SOD1,CHEMBL20756,-6.2,-46.04,30,-1.5347,15.43,851,874,874,-23
SOD1,CHEMBL2143379,-6.2,-108.30,31,-3.4935,-44.72,28,23,26,5
SOD1,CHEMBL23174,-6.2,-61.55,29,-2.1224,-2.19,510,439,438,71
SOD1,CHEMBL26074,-6.2,-43.69,33,-1.3239,24.11,908,1000,976,-92
SOD1,CHEMBL27388,-6.2,-43.13,31,-1.3913,20.45,919,957,943,-38
SOD1,CHEMBL27645,-6.2,-64.38,32,-2.0119,1.31,452,541,534,-89
SOD1,CHEMBL30651,-6.2,-33.11,29,-1.1417,26.25,1033,1020,1038,13
SOD1,CHEMBL3309508,-6.2,-71.73,33,-2.1736,-3.93,320,401,403,-81
SOD1,CHEMBL3309987,-6.2,-58.18,27,-2.1548,-3.04,595,421,419,174
SOD1,CHEMBL3309992,-6.2,-42.08,27,-1.5585,13.06,931,831,856,100
SOD1,CHEMBL3310151,-6.2,-72.58,34,-2.1347,-2.67,307,428,430,-121
SOD1,CHEMBL4434863,-6.2,-39.58,23,-1.7209,7.11,963,686,745,277
SOD1,CHEMBL4435286,-6.2,-61.67,35,-1.7620,10.35,508,757,725,-249
SOD1,CHEMBL4435778,-6.2,-52.40,30,-1.7467,9.07,719,723,728,-4
SOD1,CHEMBL4435941,-6.2,-80.18,35,-2.2909,-8.16,208,319,335,-111
SOD1,CHEMBL4529563,-6.2,-71.50,31,-2.3065,-7.92,323,324,325,-1
SOD1,CHEMBL4529911,-6.2,-32.69,36,-0.9081,41.44,1036,1072,1069,-36
SOD1,CHEMBL4529919,-6.2,-26.01,26,-1.0004,27.01,1065,1030,1055,35
SOD1,CHEMBL4530022,-6.2,-27.77,25,-1.1108,23.14,1060,985,1043,75
SOD1,CHEMBL4530028,-6.2,-41.40,27,-1.5333,13.74,939,849,875,90
SOD1,CHEMBL4530045,-6.2,-33.30,27,-1.2333,21.84,1031,973,1014,58
SOD1,CHEMBL4530192,-6.2,-103.97,30,-3.4657,-42.50,37,27,27,10
SOD1,CHEMBL4530239,-6.2,-39.68,36,-1.1022,34.45,958,1060,1045,-102
SOD1,CHEMBL4530472,-6.2,-28.58,30,-0.9527,32.89,1059,1057,1065,2
SOD1,CHEMBL4530728,-6.2,-92.86,26,-3.5715,-39.84,99,36,17,63
SOD1,CHEMBL4530767,-6.2,-98.74,33,-2.9921,-30.94,58,79,91,-21
SOD1,CHEMBL4530829,-6.2,-66.85,35,-1.9100,5.17,408,632,603,-224
SOD1,CHEMBL4530878,-6.2,-31.65,27,-1.1722,23.49,1048,990,1030,58
SOD1,CHEMBL4530932,-6.2,-43.85,27,-1.6241,11.29,906,778,827,128
SOD1,CHEMBL4530954,-6.2,-56.77,32,-1.7741,8.92,629,719,714,-90
SOD1,CHEMBL4531012,-6.2,-66.48,34,-1.9553,3.43,414,587,573,-173
SOD1,CHEMBL4531162,-6.2,-47.58,32,-1.4869,18.11,816,916,901,-100
SOD1,CHEMBL4531181,-6.2,-76.94,30,-2.5647,-15.47,254,206,198,48
SOD1,CHEMBL4531566,-6.2,-36.54,26,-1.4054,16.48,1000,899,934,101
SOD1,CHEMBL4531634,-6.2,-52.76,29,-1.8193,6.60,709,669,673,40
SOD1,CHEMBL4531832,-6.2,-108.91,35,-3.1117,-36.89,25,51,70,-26
SOD1,CHEMBL4531880,-6.2,-74.65,29,-2.5741,-15.29,284,210,194,74
SOD1,CHEMBL4531954,-6.2,-55.04,28,-1.9657,2.21,661,561,565,100
SOD1,CHEMBL4532413,-6.2,-53.23,27,-1.9715,1.91,703,557,563,146
SOD1,CHEMBL4532868,-6.2,-69.62,34,-2.0476,0.29,362,513,504,-151
SOD1,CHEMBL4532922,-6.2,-68.91,26,-2.6504,-15.89,374,201,161,173
SOD1,CHEMBL4533272,-6.2,-88.67,30,-2.9557,-27.20,130,99,99,31
SOD1,CHEMBL4534054,-6.2,-85.59,29,-2.9514,-26.23,155,106,101,49
SOD1,CHEMBL4534076,-6.2,-95.90,31,-3.0935,-32.32,76,72,73,4
SOD1,CHEMBL4534320,-6.2,-29.09,31,-0.9384,34.49,1056,1061,1066,-5
SOD1,CHEMBL4534340,-6.2,-57.22,28,-2.0436,0.03,615,507,509,108
SOD1,CHEMBL4534436,-6.2,-49.69,32,-1.5528,16.00,775,889,861,-114
SOD1,CHEMBL4534671,-6.2,-50.56,36,-1.4044,23.57,756,993,936,-237
SOD1,CHEMBL4534702,-6.2,-80.81,29,-2.7866,-21.45,199,136,133,63
SOD1,CHEMBL4534769,-6.2,-56.01,34,-1.6474,13.90,641,853,803,-212
SOD1,CHEMBL4543190,-6.2,-56.80,31,-1.8323,6.78,628,673,661,-45
SOD1,CHEMBL4543357,-6.2,-45.78,36,-1.2717,28.35,862,1035,996,-173
SOD1,CHEMBL4548511,-6.2,-75.77,34,-2.2285,-5.86,272,363,370,-91
SOD1,CHEMBL4560005,-6.2,-43.50,29,-1.5000,15.86,912,887,893,25
SOD1,CHEMBL4564110,-6.2,-57.22,28,-2.0436,0.03,616,506,510,110
SOD1,CHEMBL4564630,-6.2,-69.44,30,-2.3147,-7.97,364,321,319,43
SOD1,CHEMBL4564798,-6.2,-37.65,28,-1.3446,19.60,986,943,965,43
SOD1,CHEMBL4565216,-6.2,-76.41,31,-2.4648,-12.83,260,247,248,13
TDP43_v2,CHEMBL4571895,-10.5,-66.50,34,-1.9559,8.43,545,876,860,-331
TDP43_v2,CHEMBL4572816,-10.4,-92.42,34,-2.7182,-17.49,61,109,154,-48
TDP43_v2,CHEMBL1863982,-10.3,-66.40,29,-2.2897,-1.58,548,505,501,43
TDP43_v2,CHEMBL4434956,-10.2,-63.80,30,-2.1267,3.04,647,686,687,-39
TDP43_v2,CAPMATINIB,-10.1,-67.17,32,-2.0991,3.71,529,708,719,-179
TDP43_v2,CHEMBL4584906,-10.1,-110.21,37,-2.9786,-29.22,8,26,62,-18
TDP43_v2,CHEMBL1242810,-10.0,-97.37,37,-2.6316,-16.38,37,122,203,-85
TDP43_v2,CHEMBL4571689,-10.0,-84.79,35,-2.4226,-7.84,143,296,355,-153
TDP43_v2,CHEMBL4573307,-10.0,-56.50,30,-1.8833,10.34,828,935,932,-107
TDP43_v2,CHEMBL497261,-10.0,-63.07,28,-2.2525,-0.27,665,555,542,110
TDP43_v2,CHEMBL515619,-10.0,-39.76,22,-1.8073,10.91,1135,952,984,183
TDP43_v2,CHEMBL18657,-9.9,-44.43,30,-1.4810,22.41,1088,1137,1137,-49
TDP43_v2,CHEMBL4568035,-9.9,-90.50,36,-2.5139,-11.53,82,209,285,-127
TDP43_v2,CHEMBL4574630,-9.9,-74.58,31,-2.4058,-5.72,332,353,378,-21
TDP43_v2,CHEMBL522940,-9.9,-54.84,24,-2.2850,-0.13,894,560,508,334
TDP43_v2,CHEMBL563536,-9.9,-86.57,37,-2.3397,-5.58,113,360,442,-247
TDP43_v2,CHEMBL25299,-9.8,-60.53,26,-2.3281,-1.78,715,498,453,217
TDP43_v2,CHEMBL562248,-9.8,-76.80,32,-2.4000,-5.92,277,347,383,-70
TDP43_v2,CHEMBL1210539,-9.7,-74.09,30,-2.4697,-7.25,343,308,314,35
TDP43_v2,CHEMBL16254,-9.7,-90.78,32,-2.8369,-19.90,78,79,102,-1
TDP43_v2,CHEMBL18803,-9.7,-68.64,32,-2.1450,2.24,476,650,671,-174
TDP43_v2,CHEMBL20420,-9.7,-85.75,34,-2.5221,-10.82,125,230,277,-105
TDP43_v2,CHEMBL4567738,-9.7,-46.12,23,-2.0052,6.57,1066,807,810,259
TDP43_v2,CHEMBL4568382,-9.7,-67.37,28,-2.4061,-4.57,522,392,377,130
TDP43_v2,CHEMBL4575792,-9.7,-55.25,28,-1.9732,7.55,877,840,843,37
TDP43_v2,CHEMBL4637828,-9.7,-71.69,30,-2.3897,-4.85,400,386,394,14
TDP43_v2,CHEMBL498390,-9.7,-82.17,34,-2.4168,-7.24,187,310,363,-123
TDP43_v2,CHEMBL513422,-9.7,-63.48,31,-2.0477,5.38,652,766,769,-114
TDP43_v2,CHEMBL560170,-9.7,-67.89,35,-1.9397,9.06,500,896,880,-396
TDP43_v2,CHEMBL563303,-9.7,-64.68,37,-1.7481,16.31,612,1063,1020,-451
TDP43_v2,CHEMBL1163540,-9.6,-77.25,26,-2.9712,-18.50,267,91,65,176
TDP43_v2,CHEMBL16215,-9.6,-78.93,34,-2.3215,-4.00,239,415,464,-176
TDP43_v2,CHEMBL20714,-9.6,-89.29,35,-2.5511,-12.34,94,185,250,-91
TDP43_v2,CHEMBL4584771,-9.6,-88.81,32,-2.7753,-17.93,97,101,128,-4
TDP43_v2,CHEMBL523874,-9.6,-55.31,27,-2.0485,5.46,875,770,767,105
TDP43_v2,CHEMBL8550,-9.6,-81.61,29,-2.8141,-16.79,196,117,115,79
TDP43_v2,CHEMBL1354146,-9.5,-46.62,19,-2.4537,-2.02,1055,489,327,566
TDP43_v2,CHEMBL1591882,-9.5,-67.76,30,-2.2587,-0.92,509,529,536,-20
TDP43_v2,CHEMBL1809186,-9.5,-103.46,33,-3.1352,-30.55,13,21,41,-8
TDP43_v2,CHEMBL1865710,-9.5,-42.83,27,-1.5863,17.94,1104,1101,1110,3
TDP43_v2,CHEMBL20413,-9.5,-83.60,36,-2.3222,-4.63,163,391,463,-228
TDP43_v2,CHEMBL20673,-9.5,-65.24,33,-1.9770,7.67,592,843,838,-251
TDP43_v2,CHEMBL4434821,-9.5,-82.84,36,-2.3011,-3.87,172,419,486,-247
TDP43_v2,CHEMBL4567907,-9.5,-56.34,27,-2.0867,4.43,839,735,727,104
TDP43_v2,CHEMBL498391,-9.5,-81.75,37,-2.2095,-0.76,194,537,592,-343
TDP43_v2,CHEMBL519040,-9.5,-92.82,36,-2.5783,-13.85,58,164,234,-106
TDP43_v2,CHEMBL520458,-9.5,-81.97,37,-2.2154,-0.98,192,528,584,-336
TDP43_v2,CHEMBL523297,-9.5,-61.80,27,-2.2889,-1.03,691,527,502,164
TDP43_v2,CHEMBL557003,-9.5,-69.27,32,-2.1647,1.61,460,622,648,-162
TDP43_v2,CHEMBL564268,-9.5,-90.75,34,-2.6691,-15.82,79,129,185,-50
TDP43_v2,CHEMBL24244,-9.4,-43.88,27,-1.6252,16.89,1092,1081,1095,11
TDP43_v2,CHEMBL4530022,-9.4,-39.02,25,-1.5608,17.71,1140,1097,1118,43
TDP43_v2,CHEMBL4532246,-9.4,-55.37,25,-2.2148,1.36,873,615,586,258
TDP43_v2,CHEMBL4574116,-9.4,-56.56,33,-1.7139,16.35,826,1064,1045,-238
TDP43_v2,CHEMBL4581775,-9.4,-81.06,36,-2.2517,-2.09,205,488,543,-283
TDP43_v2,CHEMBL4584649,-9.4,-45.40,24,-1.8917,9.31,1075,902,922,173
TDP43_v2,CHEMBL500144,-9.4,-45.39,27,-1.6811,15.38,1076,1046,1068,30
TDP43_v2,CHEMBL514105,-9.4,-72.21,29,-2.4900,-7.39,388,303,299,85
TDP43_v2,CHEMBL521804,-9.4,-63.13,26,-2.4281,-4.38,661,401,352,260
TDP43_v2,CHEMBL524137,-9.4,-47.18,24,-1.9658,7.53,1043,838,847,205
TDP43_v2,CHEMBL556916,-9.4,-71.17,38,-1.8729,11.85,414,974,942,-560
TDP43_v2,CHEMBL557208,-9.4,-66.36,33,-2.0109,6.55,549,804,801,-255
TDP43_v2,CHEMBL560320,-9.4,-48.44,31,-1.5626,20.42,1015,1126,1117,-111
TDP43_v2,CHEMBL563019,-9.4,-86.29,32,-2.6966,-15.41,116,138,168,-22
TDP43_v2,CHEMBL564411,-9.4,-64.33,31,-2.0752,4.53,628,738,739,-110
TDP43_v2,MEFLOQUINE,-9.4,-64.79,28,-2.3139,-1.99,607,491,473,116
TDP43_v2,CHEMBL11533,-9.3,-91.08,36,-2.5300,-12.11,72,192,268,-120
TDP43_v2,CHEMBL11899,-9.3,-96.91,36,-2.6919,-17.94,38,100,171,-62
TDP43_v2,CHEMBL1210515,-9.3,-90.99,33,-2.7573,-18.08,73,98,136,-25
TDP43_v2,CHEMBL1210643,-9.3,-78.12,33,-2.3673,-5.21,254,373,419,-119
TDP43_v2,CHEMBL14089,-9.3,-70.61,33,-2.1397,2.30,423,653,675,-230
TDP43_v2,CHEMBL1592725,-9.3,-66.08,32,-2.0650,4.80,558,743,751,-185
TDP43_v2,CHEMBL18189,-9.3,-68.25,31,-2.2016,0.61,488,590,603,-102
TDP43_v2,CHEMBL1863533,-9.3,-55.66,31,-1.7955,13.20,864,1000,990,-136
TDP43_v2,CHEMBL1863708,-9.3,-75.58,33,-2.2903,-2.67,309,466,500,-157
TDP43_v2,CHEMBL4434725,-9.3,-76.91,33,-2.3306,-4.00,274,414,449,-140
TDP43_v2,CHEMBL4435568,-9.3,-49.82,29,-1.7179,15.00,992,1038,1039,-46
TDP43_v2,CHEMBL4436028,-9.3,-84.03,35,-2.4009,-7.08,157,315,382,-158
TDP43_v2,CHEMBL4531084,-9.3,-69.73,34,-2.0509,5.20,444,756,764,-312
TDP43_v2,CHEMBL4532868,-9.3,-75.41,34,-2.2179,-0.48,314,549,581,-235
TDP43_v2,CHEMBL4533771,-9.3,-78.89,33,-2.3906,-5.98,240,345,392,-105
TDP43_v2,CHEMBL4534171,-9.3,-71.06,32,-2.2206,-0.18,415,559,578,-144
TDP43_v2,CHEMBL4534757,-9.3,-52.35,33,-1.5864,20.56,938,1127,1109,-189
TDP43_v2,CHEMBL4543398,-9.3,-85.19,30,-2.8397,-18.35,139,93,100,46
TDP43_v2,CHEMBL4553657,-9.3,-57.07,28,-2.0382,5.73,807,773,772,34
TDP43_v2,CHEMBL4567661,-9.3,-76.44,33,-2.3164,-3.53,285,428,471,-143
TDP43_v2,CHEMBL4581818,-9.3,-68.22,27,-2.5267,-7.45,489,302,272,187
TDP43_v2,CHEMBL4584800,-9.3,-100.84,37,-2.7254,-19.85,19,80,151,-61
TDP43_v2,CHEMBL4636075,-9.3,-82.60,32,-2.5812,-11.72,176,202,231,-26
TDP43_v2,CHEMBL4637418,-9.3,-61.04,33,-1.8497,11.87,705,975,959,-270
TDP43_v2,CHEMBL500662,-9.3,-76.38,32,-2.3869,-5.50,287,361,401,-74
TDP43_v2,CHEMBL508203,-9.3,-75.53,33,-2.2888,-2.62,310,471,503,-161
TDP43_v2,CHEMBL514994,-9.3,-61.59,30,-2.0530,5.25,699,761,763,-62
TDP43_v2,CHEMBL517876,-9.3,-58.12,38,-1.5295,24.90,774,1152,1130,-378
TDP43_v2,CHEMBL521051,-9.3,-85.59,35,-2.4454,-8.64,131,276,337,-145
TDP43_v2,CHEMBL558480,-9.3,-72.38,34,-2.1288,2.55,384,668,686,-284
TDP43_v2,CHEMBL560348,-9.3,-62.53,32,-1.9541,8.35,676,868,865,-192
TDP43_v2,CHEMBL561445,-9.3,-60.35,31,-1.9468,8.51,724,879,870,-155
TDP43_v2,CHEMBL562923,-9.3,-64.92,38,-1.7084,18.10,602,1103,1049,-501
TDP43_v2,CHEMBL565043,-9.3,-63.38,32,-1.9806,7.50,654,836,833,-182
TDP43_v2,CHEMBL565857,-9.3,-71.26,29,-2.4572,-6.44,409,338,324,71
TDP43_v2,CHEMBL565988,-9.3,-104.72,32,-3.2725,-33.84,12,12,22,0
TDP43_v2,CHEMBL566219,-9.3,-49.29,28,-1.7604,13.51,1001,1010,1013,-9
TDP43_v2,CHEMBL1243011,-9.2,-70.40,32,-2.2000,0.48,430,581,607,-151
TDP43_v2,CHEMBL1451971,-9.2,-59.01,28,-2.1075,3.79,750,710,707,40
TDP43_v2,CHEMBL18210,-9.2,-68.21,32,-2.1316,2.67,490,670,683,-180
TDP43_v2,CHEMBL1862076,-9.2,-44.50,26,-1.7115,14.25,1087,1022,1047,65
TDP43_v2,CHEMBL1863929,-9.2,-56.97,23,-2.4770,-4.28,814,404,309,410
TDP43_v2,CHEMBL19348,-9.2,-61.75,33,-1.8712,11.16,694,961,945,-267
TDP43_v2,CHEMBL20872,-9.2,-70.52,32,-2.2037,0.36,426,577,599,-151
TDP43_v2,CHEMBL23374,-9.2,-72.03,29,-2.4838,-7.21,390,312,305,78
TDP43_v2,CHEMBL23867,-9.2,-69.73,30,-2.3243,-2.89,445,456,461,-11
TDP43_v2,CHEMBL27388,-9.2,-47.30,31,-1.5258,21.56,1040,1131,1132,-91
TDP43_v2,CHEMBL3309444,-9.2,-51.52,31,-1.6619,17.34,953,1089,1074,-136
TDP43_v2,CHEMBL4436017,-9.2,-82.40,35,-2.3543,-5.45,182,366,429,-184
TDP43_v2,CHEMBL4529457,-9.2,-53.00,23,-2.3043,-0.31,927,553,482,374
TDP43_v2,CHEMBL4530028,-9.2,-61.97,27,-2.2952,-1.20,687,515,495,172
TDP43_v2,CHEMBL4533979,-9.2,-57.27,33,-1.7355,15.64,801,1053,1026,-252
TDP43_v2,CHEMBL4570672,-9.2,-71.90,34,-2.1147,3.03,395,685,699,-290
TDP43_v2,CHEMBL4570674,-9.2,-85.87,35,-2.4534,-8.92,124,270,328,-146
TDP43_v2,CHEMBL4573521,-9.2,-80.15,29,-2.7638,-15.33,222,140,130,82
TDP43_v2,CHEMBL4574977,-9.2,-64.66,29,-2.2297,0.16,613,568,566,45
TDP43_v2,CHEMBL4583640,-9.2,-66.49,34,-1.9556,8.44,547,877,862,-330
TDP43_v2,CHEMBL4585306,-9.2,-44.52,22,-2.0236,6.15,1086,789,789,297
TDP43_v2,CHEMBL4585441,-9.2,-46.76,36,-1.2989,32.21,1053,1162,1161,-109
TDP43_v2,CHEMBL4635552,-9.2,-74.66,29,-2.5745,-9.84,331,250,237,81
TDP43_v2,CHEMBL4637410,-9.2,-75.94,33,-2.3012,-3.03,297,449,485,-152
TDP43_v2,CHEMBL4637658,-9.2,-75.32,29,-2.5972,-10.50,317,236,222,81
TDP43_v2,CHEMBL4637935,-9.2,-60.29,33,-1.8270,12.62,727,989,972,-262
TDP43_v2,CHEMBL4638060,-9.2,-102.70,34,-3.0206,-27.77,14,32,54,-18
TDP43_v2,CHEMBL4639614,-9.2,-52.26,26,-2.0100,6.49,940,800,805,140
TDP43_v2,CHEMBL510455,-9.2,-52.36,27,-1.9393,8.41,937,874,881,63
TDP43_v2,CHEMBL511318,-9.2,-45.02,24,-1.8758,9.69,1080,913,940,167
TDP43_v2,CHEMBL514503,-9.2,-66.92,39,-1.7159,18.12,536,1105,1041,-569
TDP43_v2,CHEMBL517101,-9.2,-73.27,30,-2.4423,-6.43,368,339,342,29
TDP43_v2,CHEMBL518650,-9.2,-55.21,32,-1.7253,15.67,883,1054,1034,-171
TDP43_v2,CHEMBL519508,-9.2,-62.00,29,-2.1379,2.82,686,677,676,9
TDP43_v2,CHEMBL520812,-9.2,-56.22,26,-2.1623,2.53,842,667,651,175
TDP43_v2,CHEMBL521873,-9.2,-58.49,32,-1.8278,12.39,766,984,970,-218
TDP43_v2,CHEMBL560179,-9.2,-52.44,23,-2.2800,0.25,935,571,515,364
TDP43_v2,CHEMBL563421,-9.2,-98.34,30,-3.2780,-31.50,28,18,21,10
TDP43_v2,CHEMBL566242,-9.2,-81.59,32,-2.5497,-10.71,197,233,252,-36
TDP43_v2,NOMEGESTROL ACETATE,-9.2,-50.40,27,-1.8667,10.37,977,937,949,40
TDP43_v2,CHEMBL11131,-9.1,-75.15,30,-2.5050,-8.31,322,285,289,37
TDP43_v2,CHEMBL1210640,-9.1,-78.12,33,-2.3673,-5.21,255,374,420,-119
TDP43_v2,CHEMBL1210767,-9.1,-59.41,36,-1.6503,19.56,741,1119,1083,-378
TDP43_v2,CHEMBL14048,-9.1,-65.12,29,-2.2455,-0.30,597,554,551,43
TDP43_v2,CHEMBL16795,-9.1,-74.55,25,-2.9820,-17.82,333,103,60,230
TDP43_v2,CHEMBL1708737,-9.1,-56.44,27,-2.0904,4.33,833,731,722,102
TDP43_v2,CHEMBL1859341,-9.1,-47.31,29,-1.6314,17.51,1039,1092,1093,-53
TDP43_v2,CHEMBL1865158,-9.1,-30.99,19,-1.6311,13.61,1162,1011,1094,151
TDP43_v2,CHEMBL19270,-9.1,-67.13,34,-1.9744,7.80,531,850,841,-319
TDP43_v2,CHEMBL23584,-9.1,-76.77,29,-2.6472,-11.95,278,197,194,81
TDP43_v2,CHEMBL3310193,-9.1,-42.20,25,-1.6880,14.53,1113,1027,1062,86
TDP43_v2,CHEMBL4435239,-9.1,-66.03,30,-2.2010,0.81,562,598,604,-36
TDP43_v2,CHEMBL4530518,-9.1,-72.32,25,-2.8928,-15.59,386,134,86,252
TDP43_v2,CHEMBL4531945,-9.1,-64.25,31,-2.0726,4.61,630,740,741,-110
TDP43_v2,CHEMBL4532886,-9.1,-59.00,27,-2.1852,1.77,751,632,625,119
TDP43_v2,CHEMBL4534610,-9.1,-88.52,33,-2.6824,-15.61,99,133,178,-34
TDP43_v2,CHEMBL4566557,-9.1,-52.41,34,-1.5415,22.52,936,1138,1126,-202
TDP43_v2,CHEMBL4568740,-9.1,-85.67,34,-2.5197,-10.74,129,232,279,-103
TDP43_v2,CHEMBL4569434,-9.1,-52.28,34,-1.5376,22.65,939,1141,1127,-202
TDP43_v2,CHEMBL4570860,-9.1,-50.86,35,-1.4531,26.09,964,1155,1144,-191
TDP43_v2,CHEMBL4581371,-9.1,-58.71,32,-1.8347,12.17,757,982,966,-225
TDP43_v2,CHEMBL4581905,-9.1,-83.15,30,-2.7717,-16.31,168,123,129,45
TDP43_v2,CHEMBL4637341,-9.1,-68.54,35,-1.9583,8.41,483,873,855,-390
TDP43_v2,CHEMBL4638498,-9.1,-69.25,29,-2.3879,-4.43,462,398,397,64
TDP43_v2,CHEMBL496562,-9.1,-78.39,30,-2.6130,-11.55,245,208,215,37
TDP43_v2,CHEMBL502005,-9.1,-78.05,30,-2.6017,-11.21,256,216,220,40
TDP43_v2,CHEMBL513763,-9.1,-46.87,22,-2.1305,3.80,1050,711,684,339
TDP43_v2,CHEMBL514266,-9.1,-79.51,31,-2.5648,-10.65,230,234,245,-4
TDP43_v2,CHEMBL519126,-9.1,-81.01,30,-2.7003,-14.17,207,162,167,45
TDP43_v2,CHEMBL521548,-9.1,-127.00,37,-3.4324,-46.01,3,6,17,-3
TDP43_v2,CHEMBL524898,-9.1,-86.65,34,-2.5485,-11.72,110,201,254,-91
TDP43_v2,CHEMBL527647,-9.1,-55.85,29,-1.9259,8.97,855,892,890,-37
TDP43_v2,CHEMBL557910,-9.1,-56.41,27,-2.0893,4.36,835,733,725,102
TDP43_v2,CHEMBL557936,-9.1,-50.12,29,-1.7283,14.70,985,1032,1031,-47
TDP43_v2,CHEMBL560022,-9.1,-70.41,33,-2.1336,2.50,429,666,681,-237
TDP43_v2,CHEMBL560198,-9.1,-61.28,29,-2.1131,3.54,701,702,703,-1
TDP43_v2,CHEMBL564040,-9.1,-60.80,31,-1.9613,8.06,709,858,851,-149
TDP43_v2,CHEMBL565843,-9.1,-86.57,33,-2.6233,-13.66,112,168,209,-56
TDP43_v2,CHEMBL9250,-9.1,-64.03,31,-2.0655,4.83,637,744,750,-107
TDP43_v2,CHEMBL1210718,-9.0,-67.87,37,-1.8343,13.12,503,997,967,-494
TDP43_v2,CHEMBL13816,-9.0,-71.53,31,-2.3074,-2.67,404,468,480,-64
TDP43_v2,CHEMBL13979,-9.0,-54.52,29,-1.8800,10.30,904,933,936,-29
TDP43_v2,CHEMBL18564,-9.0,-90.45,32,-2.8266,-19.57,83,85,108,-2
TDP43_v2,CHEMBL1864215,-9.0,-66.03,27,-2.4456,-5.26,561,372,336,189
TDP43_v2,CHEMBL2134798,-9.0,-67.86,29,-2.3400,-3.04,506,448,441,58
TDP43_v2,CHEMBL2135253,-9.0,-61.62,29,-2.1248,3.20,698,690,689,8
TDP43_v2,CHEMBL2361580,-9.0,-67.28,28,-2.4029,-4.48,527,393,381,134
TDP43_v2,CHEMBL24898,-9.0,-68.66,34,-2.0194,6.27,475,793,792,-318
TDP43_v2,CHEMBL28471,-9.0,-47.45,20,-2.3725,-0.83,1031,535,414,496
TDP43_v2,CHEMBL4529563,-9.0,-61.82,31,-1.9942,7.04,690,820,821,-130
TDP43_v2,CHEMBL4530227,-9.0,-82.11,33,-2.4882,-9.20,189,262,301,-73
TDP43_v2,CHEMBL4531109,-9.0,-39.89,26,-1.5342,18.86,1133,1111,1129,22
TDP43_v2,CHEMBL4532334,-9.0,-64.48,30,-2.1493,2.36,620,659,667,-39
TDP43_v2,CHEMBL4532846,-9.0,-72.51,37,-1.9597,8.48,380,878,854,-498
TDP43_v2,CHEMBL4533171,-9.0,-73.98,29,-2.5510,-9.16,349,264,251,85
TDP43_v2,CHEMBL4543357,-9.0,-88.73,36,-2.4647,-9.76,98,252,318,-154
TDP43_v2,CHEMBL4563668,-9.0,-54.25,25,-2.1700,2.48,911,665,644,246
TDP43_v2,CHEMBL4564744,-9.0,-90.73,30,-3.0243,-23.89,80,47,53,33
TDP43_v2,CHEMBL4567872,-9.0,-66.29,30,-2.2097,0.55,550,586,591,-36
TDP43_v2,CHEMBL4567878,-9.0,-54.95,34,-1.6162,19.98,888,1125,1100,-237
TDP43_v2,CHEMBL4568132,-9.0,-54.88,31,-1.7703,13.98,892,1020,1006,-128
TDP43_v2,CHEMBL4569326,-9.0,-48.13,29,-1.6597,16.69,1022,1074,1078,-52
TDP43_v2,CHEMBL4570458,-9.0,-95.02,33,-2.8794,-22.11,44,61,89,-17
TDP43_v2,CHEMBL4573526,-9.0,-85.26,37,-2.3043,-4.27,138,405,483,-267
TDP43_v2,CHEMBL4575360,-9.0,-50.57,27,-1.8730,10.20,971,930,941,41
TDP43_v2,CHEMBL4581006,-9.0,-73.72,30,-2.4573,-6.88,356,322,323,34
TDP43_v2,CHEMBL4582265,-9.0,-85.96,29,-2.9641,-21.14,122,71,67,51
TDP43_v2,CHEMBL4636909,-9.0,-80.84,33,-2.4497,-7.93,213,294,333,-81
TDP43_v2,CHEMBL4637048,-9.0,-85.96,36,-2.3878,-6.99,121,318,398,-197
TDP43_v2,CHEMBL4638558,-9.0,-67.56,34,-1.9871,7.37,515,832,828,-317
TDP43_v2,CHEMBL497832,-9.0,-49.65,24,-2.0688,5.06,996,753,745,243
TDP43_v2,CHEMBL498114,-9.0,-49.69,28,-1.7746,13.11,995,996,1004,-1
TDP43_v2,CHEMBL498471,-9.0,-65.73,24,-2.7388,-11.02,574,220,144,354
TDP43_v2,CHEMBL498585,-9.0,-55.16,26,-2.1215,3.59,884,706,693,178
TDP43_v2,CHEMBL509408,-9.0,-48.84,24,-2.0350,5.87,1010,778,777,232
TDP43_v2,CHEMBL511169,-9.0,-46.82,25,-1.8728,9.91,1051,921,943,130
TDP43_v2,CHEMBL512012,-9.0,-90.96,34,-2.6753,-16.03,74,126,183,-52
TDP43_v2,CHEMBL512187,-9.0,-80.95,27,-2.9981,-20.18,210,76,59,134
TDP43_v2,CHEMBL513759,-9.0,-84.64,36,-2.3511,-5.67,145,354,432,-209
TDP43_v2,CHEMBL516662,-9.0,-71.95,30,-2.3983,-5.11,393,378,385,15
TDP43_v2,CHEMBL519891,-9.0,-85.33,32,-2.6666,-14.45,137,155,186,-18
TDP43_v2,CHEMBL522461,-9.0,-60.45,27,-2.2389,0.32,720,574,558,146
TDP43_v2,CHEMBL523656,-9.0,-46.97,24,-1.9571,7.74,1048,847,858,201
TDP43_v2,CHEMBL525897,-9.0,-69.71,29,-2.4038,-4.89,447,383,379,64
TDP43_v2,CHEMBL526044,-9.0,-96.58,36,-2.6828,-17.61,40,104,177,-64
TDP43_v2,CHEMBL559683,-9.0,-58.48,25,-2.3392,-1.75,767,499,444,268
TDP43_v2,CHEMBL561557,-9.0,-66.56,29,-2.2952,-1.74,543,500,496,43
TDP43_v2,CHEMBL563850,-9.0,-75.48,26,-2.9031,-16.73,313,119,83,194
TDP43_v2,CHEMBL564523,-9.0,-45.60,24,-1.9000,9.11,1073,897,915,176
TDP43_v2,DESOGESTREL,-9.0,-39.28,24,-1.6367,15.43,1139,1050,1089,89
TDP43_v2,DIENOGEST,-9.0,-59.98,24,-2.4992,-5.27,730,371,294,359
TDP43_v2,CHEMBL1206701,-8.9,-62.03,21,-2.9538,-13.39,685,172,69,513
TDP43_v2,CHEMBL1208812,-8.9,-56.37,28,-2.0132,6.43,837,797,798,40
TDP43_v2,CHEMBL1242845,-8.9,-86.62,34,-2.5476,-11.69,111,203,255,-92
TDP43_v2,CHEMBL1243052,-8.9,-66.87,23,-2.9074,-14.18,537,160,80,377
TDP43_v2,CHEMBL16488,-8.9,-57.26,30,-1.9087,9.58,802,907,903,-105
TDP43_v2,CHEMBL18339,-8.9,-90.96,32,-2.8425,-20.08,75,78,99,-3
TDP43_v2,CHEMBL1859424,-8.9,-57.72,28,-2.0614,5.08,787,754,752,33
TDP43_v2,CHEMBL18597,-8.9,-95.82,33,-2.9036,-22.91,41,55,81,-14
TDP43_v2,CHEMBL1864417,-8.9,-80.57,34,-2.3697,-5.64,216,355,418,-139
TDP43_v2,CHEMBL1864835,-8.9,-55.68,28,-1.9886,7.12,861,823,827,38
TDP43_v2,CHEMBL1864851,-8.9,-60.36,28,-2.1557,2.44,723,663,662,60
TDP43_v2,CHEMBL1865211,-8.9,-43.88,25,-1.7552,12.85,1093,992,1016,101
TDP43_v2,CHEMBL19991,-8.9,-78.16,37,-2.1124,2.83,253,678,704,-425
TDP43_v2,CHEMBL23211,-8.9,-76.31,29,-2.6314,-11.49,289,211,204,78
TDP43_v2,CHEMBL4435881,-8.9,-69.58,26,-2.6762,-10.83,451,228,182,223
TDP43_v2,CHEMBL4436007,-8.9,-69.63,28,-2.4868,-6.83,449,323,302,126
TDP43_v2,CHEMBL4436041,-8.9,-91.14,33,-2.7618,-18.23,69,97,134,-28
TDP43_v2,CHEMBL4529982,-8.9,-89.54,28,-3.1979,-26.74,90,35,33,55
TDP43_v2,CHEMBL4530081,-8.9,-84.09,37,-2.2727,-3.10,156,442,524,-286
TDP43_v2,CHEMBL4530239,-8.9,-88.15,36,-2.4486,-9.18,103,263,334,-160
TDP43_v2,CHEMBL4530727,-8.9,-60.56,25,-2.4224,-3.83,714,421,356,293
TDP43_v2,CHEMBL4531795,-8.9,-44.39,34,-1.3056,30.54,1089,1160,1159,-71
TDP43_v2,CHEMBL4534366,-8.9,-92.15,29,-3.1776,-27.33,62,34,37,28
TDP43_v2,CHEMBL4534391,-8.9,-75.58,33,-2.2903,-2.67,308,467,499,-159
TDP43_v2,CHEMBL4534507,-8.9,-72.65,28,-2.5946,-9.85,378,249,225,129
TDP43_v2,CHEMBL4543405,-8.9,-54.91,31,-1.7713,13.95,890,1019,1005,-129
TDP43_v2,CHEMBL4543497,-8.9,-74.08,34,-2.1788,0.85,345,601,632,-256
TDP43_v2,CHEMBL4565024,-8.9,-47.35,23,-2.0587,5.34,1037,763,755,274
TDP43_v2,CHEMBL4568472,-8.9,-65.99,34,-1.9409,8.94,566,891,876,-325
TDP43_v2,CHEMBL4570029,-8.9,-78.54,29,-2.7083,-13.72,241,165,162,76
TDP43_v2,CHEMBL4571586,-8.9,-49.21,26,-1.8927,9.54,1002,906,920,96
TDP43_v2,CHEMBL4571740,-8.9,-42.68,29,-1.4717,22.14,1106,1135,1140,-29
TDP43_v2,CHEMBL4571828,-8.9,-64.43,27,-2.3863,-3.66,623,423,402,200
TDP43_v2,CHEMBL4573138,-8.9,-57.04,32,-1.7825,13.84,811,1017,995,-206
TDP43_v2,CHEMBL4581840,-8.9,-54.75,22,-2.4886,-4.08,897,411,300,486
TDP43_v2,CHEMBL4582483,-8.9,-83.13,32,-2.5978,-12.25,169,188,221,-19
TDP43_v2,CHEMBL4583461,-8.9,-39.92,22,-1.8145,10.75,1132,943,981,189
TDP43_v2,CHEMBL4585023,-8.9,-77.99,34,-2.2938,-3.06,257,444,498,-187
TDP43_v2,CHEMBL4585282,-8.9,-77.07,33,-2.3355,-4.16,270,408,445,-138
TDP43_v2,CHEMBL4585368,-8.9,-55.47,34,-1.6315,19.46,870,1117,1092,-247
TDP43_v2,CHEMBL4634867,-8.9,-60.49,28,-2.1604,2.31,717,654,653,63
TDP43_v2,CHEMBL4635784,-8.9,-41.06,23,-1.7852,11.63,1122,970,994,152
TDP43_v2,CHEMBL4636132,-8.9,-85.17,34,-2.5050,-10.24,140,241,290,-101
TDP43_v2,CHEMBL4636148,-8.9,-66.98,25,-2.6792,-10.25,534,240,180,294
TDP43_v2,CHEMBL4636994,-8.9,-97.92,26,-3.7662,-39.17,33,8,5,25
TDP43_v2,CHEMBL4637558,-8.9,-39.77,24,-1.6571,14.94,1134,1037,1079,97
TDP43_v2,CHEMBL4638063,-8.9,-43.83,24,-1.8262,10.88,1094,950,974,144
TDP43_v2,CHEMBL497779,-8.9,-62.65,29,-2.1603,2.17,675,647,654,28
TDP43_v2,CHEMBL498130,-8.9,-65.85,28,-2.3518,-3.05,570,445,431,125
TDP43_v2,CHEMBL498237,-8.9,-53.36,24,-2.2233,1.35,922,614,575,308
TDP43_v2,CHEMBL498544,-8.9,-63.86,31,-2.0600,5.00,643,751,753,-108
TDP43_v2,CHEMBL502133,-8.9,-56.74,26,-2.1823,2.01,822,643,628,179
TDP43_v2,CHEMBL502569,-8.9,-31.79,18,-1.7661,10.79,1160,945,1009,215
TDP43_v2,CHEMBL504803,-8.9,-53.43,24,-2.2262,1.28,920,611,571,309
TDP43_v2,CHEMBL505698,-8.9,-80.25,31,-2.5887,-11.39,221,213,230,8
TDP43_v2,CHEMBL509913,-8.9,-75.76,30,-2.5253,-8.92,302,271,273,31
TDP43_v2,CHEMBL511605,-8.9,-77.08,29,-2.6579,-12.26,269,187,189,82
TDP43_v2,CHEMBL514360,-8.9,-57.67,27,-2.1359,3.10,790,687,679,103
TDP43_v2,CHEMBL515644,-8.9,-64.90,33,-1.9667,8.01,604,854,845,-250
TDP43_v2,CHEMBL516823,-8.9,-69.44,28,-2.4800,-6.64,454,332,307,122
TDP43_v2,CHEMBL518019,-8.9,-65.99,29,-2.2755,-1.17,565,516,519,49
TDP43_v2,CHEMBL518633,-8.9,-66.63,35,-1.9037,10.32,540,934,911,-394
TDP43_v2,CHEMBL518824,-8.9,-76.76,29,-2.6469,-11.94,279,198,196,81
TDP43_v2,CHEMBL520129,-8.9,-68.59,33,-2.0785,4.32,480,728,735,-248
TDP43_v2,CHEMBL521727,-8.9,-70.70,30,-2.3567,-3.86,419,420,426,-1
TDP43_v2,CHEMBL521809,-8.9,-79.73,33,-2.4161,-6.82,226,325,366,-99
TDP43_v2,CHEMBL521844,-8.9,-52.20,27,-1.9333,8.57,941,882,885,59
TDP43_v2,CHEMBL521850,-8.9,-68.80,28,-2.4571,-6.00,472,344,325,128
TDP43_v2,CHEMBL523244,-8.9,-48.93,25,-1.9572,7.80,1009,851,857,158
TDP43_v2,CHEMBL524988,-8.9,-60.70,31,-1.9581,8.16,711,862,856,-151
TDP43_v2,CHEMBL525149,-8.9,-79.09,27,-2.9293,-18.32,236,94,76,142
TDP43_v2,CHEMBL525523,-8.9,-83.64,35,-2.3897,-6.69,162,330,393,-168
TDP43_v2,CHEMBL527851,-8.9,-97.51,39,-2.5003,-12.47,35,181,293,-146
TDP43_v2,CHEMBL557057,-8.9,-81.32,31,-2.6232,-12.46,202,182,210,20
TDP43_v2,CHEMBL558255,-8.9,-37.02,22,-1.6827,13.65,1150,1013,1066,137
TDP43_v2,CHEMBL558675,-8.9,-59.61,35,-1.7031,17.34,735,1088,1050,-353
TDP43_v2,CHEMBL561061,-8.9,-77.81,27,-2.8819,-17.04,258,113,88,145
TDP43_v2,CHEMBL561136,-8.9,-44.62,24,-1.8592,10.09,1084,928,956,156
TDP43_v2,CHEMBL561765,-8.9,-50.77,25,-2.0308,5.96,968,782,780,186
TDP43_v2,CHEMBL562112,-8.9,-69.54,32,-2.1731,1.34,453,613,638,-160
TDP43_v2,CHEMBL564972,-8.9,-54.31,35,-1.5517,22.64,908,1140,1122,-232
TDP43_v2,CHEMBL565122,-8.9,-86.77,32,-2.7116,-15.89,109,128,160,-19
TDP43_v2,CHEMBL565856,-8.9,-63.04,29,-2.1738,1.78,666,633,637,33
TDP43_v2,CHEMBL565960,-8.9,-39.98,21,-1.9038,8.66,1131,885,910,246
TDP43_v2,CHEMBL566234,-8.9,-86.05,33,-2.6076,-13.14,120,176,217,-56
TDP43_v2,CHEMBL566257,-8.9,-71.48,32,-2.2338,-0.60,406,542,563,-136
TDP43_v2,ESTRONE SULFURIC ACID,-8.9,-89.89,25,-3.5956,-33.16,86,14,11,72
TDP43_v2,ESTRONE,-8.9,-41.50,21,-1.9762,7.14,1120,826,839,294
TDP43_v2,ETONOGESTREL,-8.9,-53.86,25,-2.1544,2.87,917,680,663,237
TDP43_v2,FLUOROESTRADIOL F-18,-8.9,-42.20,23,-1.8348,10.49,1114,939,965,175
TDP43_v2,FLUOROESTRADIOL,-8.9,-43.47,23,-1.8900,9.22,1100,901,923,199
TDP43_v2,NOMEGESTROL,-8.9,-55.66,25,-2.2264,1.07,865,606,570,259
TDP43_v2,PERAMPANEL,-8.9,-74.25,27,-2.7500,-13.48,338,170,138,168
TDP43_v2,CHEMBL1204537,-8.8,-49.38,28,-1.7636,13.42,1000,1008,1011,-8
TDP43_v2,CHEMBL1210517,-8.8,-84.75,33,-2.5682,-11.84,144,199,243,-55
TDP43_v2,CHEMBL1242906,-8.8,-55.25,31,-1.7823,13.61,878,1012,996,-134
TDP43_v2,CHEMBL1355230,-8.8,-58.27,30,-1.9423,8.57,772,881,875,-109
TDP43_v2,CHEMBL13694,-8.8,-81.03,38,-2.1324,1.99,206,641,682,-435
TDP43_v2,CHEMBL1857851,-8.8,-54.27,29,-1.8714,10.55,910,940,944,-30
TDP43_v2,CHEMBL1857908,-8.8,-68.92,28,-2.4614,-6.12,468,342,321,126
TDP43_v2,CHEMBL1858566,-8.8,-58.69,30,-1.9563,8.15,759,861,859,-102
TDP43_v2,CHEMBL1858607,-8.8,-46.20,28,-1.6500,16.60,1064,1071,1084,-7
TDP43_v2,CHEMBL1858903,-8.8,-51.84,24,-2.1600,2.87,947,679,655,268
TDP43_v2,CHEMBL18589,-8.8,-72.56,34,-2.1341,2.37,379,660,680,-281
TDP43_v2,CHEMBL1859161,-8.8,-48.15,29,-1.6603,16.67,1021,1073,1076,-52
TDP43_v2,CHEMBL1860738,-8.8,-70.37,32,-2.1991,0.51,432,584,609,-152
TDP43_v2,CHEMBL1862002,-8.8,-58.62,29,-2.0214,6.20,762,791,791,-29
TDP43_v2,CHEMBL1862915,-8.8,-69.73,32,-2.1791,1.15,446,609,631,-163
TDP43_v2,CHEMBL1863061,-8.8,-56.05,25,-2.2420,0.68,847,592,555,255
TDP43_v2,CHEMBL1864753,-8.8,-67.86,22,-3.0845,-17.19,505,112,45,393
TDP43_v2,CHEMBL1865296,-8.8,-59.14,23,-2.5713,-6.45,747,337,240,410
TDP43_v2,CHEMBL18826,-8.8,-57.11,26,-2.1965,1.64,805,623,614,182
TDP43_v2,CHEMBL20639,-8.8,-76.35,32,-2.3859,-5.47,288,363,403,-75
TDP43_v2,CHEMBL22924,-8.8,-73.75,29,-2.5431,-8.93,355,269,259,86
TDP43_v2,CHEMBL27758,-8.8,-75.62,31,-2.4394,-6.76,307,327,346,-20
TDP43_v2,CHEMBL27805,-8.8,-76.14,30,-2.5380,-9.30,293,260,263,33
TDP43_v2,CHEMBL28280,-8.8,-83.21,27,-3.0819,-22.44,166,59,46,107
TDP43_v2,CHEMBL3355155,-8.8,-81.40,35,-2.3257,-4.45,199,396,457,-197
TDP43_v2,CHEMBL4435739,-8.8,-57.80,35,-1.6514,19.15,784,1116,1082,-332
TDP43_v2,CHEMBL4529649,-8.8,-58.57,34,-1.7226,16.36,764,1066,1036,-302
TDP43_v2,CHEMBL4530672,-8.8,-50.40,28,-1.8000,12.40,978,985,987,-7
TDP43_v2,CHEMBL4531162,-8.8,-98.22,32,-3.0694,-27.34,31,33,48,-2
TDP43_v2,CHEMBL4533198,-8.8,-67.88,30,-2.2627,-1.04,501,524,532,-23
TDP43_v2,CHEMBL4534187,-8.8,-54.30,25,-2.1720,2.43,909,661,640,248
TDP43_v2,CHEMBL4564272,-8.8,-93.83,32,-2.9322,-22.95,49,54,74,-5
TDP43_v2,CHEMBL4564438,-8.8,-88.51,29,-3.0521,-23.69,100,49,49,51
TDP43_v2,CHEMBL4569239,-8.8,-58.13,24,-2.4221,-3.42,773,431,357,342
TDP43_v2,CHEMBL4570402,-8.8,-50.30,34,-1.4794,24.63,980,1150,1138,-170
TDP43_v2,CHEMBL4570452,-8.8,-57.49,33,-1.7421,15.42,796,1048,1023,-252
TDP43_v2,CHEMBL4571193,-8.8,-79.88,36,-2.2189,-0.91,223,531,580,-308
TDP43_v2,CHEMBL4572044,-8.8,-111.19,31,-3.5868,-42.33,6,7,12,-1
TDP43_v2,CHEMBL4573324,-8.8,-50.00,23,-2.1739,2.69,986,671,636,315
TDP43_v2,CHEMBL4574403,-8.8,-57.65,30,-1.9217,9.19,791,899,894,-108
TDP43_v2,CHEMBL4575547,-8.8,-42.82,29,-1.4766,22.00,1105,1134,1139,-29
TDP43_v2,CHEMBL4581099,-8.8,-49.99,34,-1.4703,24.94,987,1153,1141,-166
TDP43_v2,CHEMBL4581664,-8.8,-82.54,35,-2.3583,-5.59,180,359,425,-179
TDP43_v2,CHEMBL4582128,-8.8,-47.92,23,-2.0835,4.77,1026,742,729,284
TDP43_v2,CHEMBL4582545,-8.8,-70.26,31,-2.2665,-1.40,434,510,528,-76
TDP43_v2,CHEMBL4635360,-8.8,-68.63,22,-3.1195,-17.96,478,99,42,379
TDP43_v2,CHEMBL4635900,-8.8,-61.42,28,-2.1936,1.38,700,616,618,84
TDP43_v2,CHEMBL4636979,-8.8,-75.53,30,-2.5177,-8.69,311,273,280,38
TDP43_v2,CHEMBL4637095,-8.8,-85.45,34,-2.5132,-10.52,133,235,286,-102
TDP43_v2,CHEMBL4637155,-8.8,-62.20,29,-2.1448,2.62,681,669,672,12
TDP43_v2,CHEMBL4637197,-8.8,-101.46,36,-2.8183,-22.49,17,58,113,-41
TDP43_v2,CHEMBL4637889,-8.8,-71.29,31,-2.2997,-2.43,408,478,490,-70
TDP43_v2,CHEMBL4639048,-8.8,-91.17,29,-3.1438,-26.35,68,36,40,32
TDP43_v2,CHEMBL4639535,-8.8,-68.89,29,-2.3755,-4.07,469,412,409,57
TDP43_v2,CHEMBL4639704,-8.8,-80.31,36,-2.2308,-1.34,220,511,564,-291
TDP43_v2,CHEMBL498004,-8.8,-73.80,26,-2.8385,-15.05,353,144,101,209
TDP43_v2,CHEMBL498344,-8.8,-88.35,31,-2.8500,-19.49,101,86,95,15
TDP43_v2,CHEMBL498472,-8.8,-54.92,24,-2.2883,-0.21,889,556,504,333
TDP43_v2,CHEMBL499335,-8.8,-40.60,25,-1.6240,16.13,1125,1059,1097,66
TDP43_v2,CHEMBL506266,-8.8,-47.50,24,-1.9792,7.21,1030,829,836,201
TDP43_v2,CHEMBL506873,-8.8,-27.13,19,-1.4279,17.47,1165,1091,1149,74
TDP43_v2,CHEMBL509131,-8.8,-46.25,26,-1.7788,12.50,1061,988,998,73
TDP43_v2,CHEMBL509305,-8.8,-54.81,33,-1.6609,18.10,896,1104,1075,-208
TDP43_v2,CHEMBL510668,-8.8,-93.47,36,-2.5964,-14.50,53,153,223,-100
TDP43_v2,CHEMBL512600,-8.8,-61.00,32,-1.9062,9.88,706,917,904,-211
TDP43_v2,CHEMBL514439,-8.8,-67.34,34,-1.9806,7.59,523,841,834,-318
TDP43_v2,CHEMBL515680,-8.8,-85.60,35,-2.4457,-8.65,130,275,335,-145
TDP43_v2,CHEMBL517493,-8.8,-46.73,25,-1.8692,10.00,1054,925,947,129
TDP43_v2,CHEMBL519068,-8.8,-70.33,30,-2.3443,-3.49,433,429,438,4
TDP43_v2,CHEMBL519795,-8.8,-86.09,37,-2.3268,-5.10,119,380,456,-261
TDP43_v2,CHEMBL519982,-8.8,-80.54,22,-3.6609,-29.87,217,24,7,193
TDP43_v2,CHEMBL520018,-8.8,-43.82,23,-1.9052,8.87,1095,889,907,206
TDP43_v2,CHEMBL520908,-8.8,-79.72,36,-2.2144,-0.75,227,538,587,-311
TDP43_v2,CHEMBL521033,-8.8,-66.13,24,-2.7554,-11.42,556,212,137,344
TDP43_v2,CHEMBL521528,-8.8,-79.31,33,-2.4033,-6.40,232,340,380,-108
TDP43_v2,CHEMBL521733,-8.8,-66.21,28,-2.3646,-3.41,554,433,423,121
TDP43_v2,CHEMBL522790,-8.8,-57.20,27,-2.1185,3.57,803,705,696,98
TDP43_v2,CHEMBL523778,-8.8,-57.63,31,-1.8590,11.23,792,963,957,-171
TDP43_v2,CHEMBL526705,-8.8,-47.23,22,-2.1468,3.44,1041,695,669,346
TDP43_v2,CHEMBL559290,-8.8,-93.08,33,-2.8206,-20.17,56,77,112,-21
TDP43_v2,CHEMBL559502,-8.8,-49.73,18,-2.7628,-7.15,994,314,132,680
TDP43_v2,CHEMBL559823,-8.8,-83.82,33,-2.5400,-10.91,159,223,261,-64
TDP43_v2,CHEMBL560014,-8.8,-48.99,29,-1.6893,15.83,1008,1055,1061,-47
TDP43_v2,CHEMBL560336,-8.8,-37.15,24,-1.5479,17.56,1148,1094,1124,54
TDP43_v2,CHEMBL560903,-8.8,-59.61,29,-2.0555,5.21,736,757,760,-21
TDP43_v2,CHEMBL561969,-8.8,-84.64,37,-2.2876,-3.65,146,425,505,-279
TDP43_v2,CHEMBL562121,-8.8,-36.33,23,-1.5796,16.36,1152,1065,1114,87
TDP43_v2,CHEMBL563466,-8.8,-89.25,34,-2.6250,-14.32,95,158,208,-63
TDP43_v2,CHEMBL564500,-8.8,-74.20,33,-2.2485,-1.29,341,513,547,-172
TDP43_v2,CHEMBL565351,-8.8,-49.45,28,-1.7661,13.35,999,1006,1010,-7
TDP43_v2,CHEMBL566112,-8.8,-89.94,35,-2.5697,-12.99,85,178,241,-93
TDP43_v2,CHEMBL568414,-8.8,-82.63,26,-3.1781,-23.88,174,48,36,126
TDP43_v2,CHEMBL596211,-8.8,-70.00,31,-2.2581,-1.14,438,519,538,-81
TDP43_v2,CHEMBL9952,-8.8,-50.92,29,-1.7559,13.90,961,1018,1015,-57
TDP43_v2,ESTRADIOL,-8.8,-46.25,22,-2.1023,4.42,1060,734,715,326
TDP43_v2,LEVONORGESTREL,-8.8,-52.82,24,-2.2008,1.89,931,638,605,293
TDP43_v2,LYNESTRENOL,-8.8,-36.02,22,-1.6373,14.65,1153,1030,1088,123
TDP43_v2,NORGESTREL,-8.8,-49.75,24,-2.0729,4.96,993,749,740,244
TDP43_v2,CHEMBL1210538,-8.7,-60.56,28,-2.1629,2.24,713,649,650,64
TDP43_v2,CHEMBL1210641,-8.7,-69.43,33,-2.1039,3.48,457,697,714,-240
TDP43_v2,CHEMBL1210815,-8.7,-62.15,36,-1.7264,16.82,682,1079,1032,-397
TDP43_v2,CHEMBL1242382,-8.7,-56.04,30,-1.8680,10.80,848,946,948,-98
TDP43_v2,CHEMBL1242809,-8.7,-60.31,30,-2.0103,6.53,726,803,803,-77
TDP43_v2,CHEMBL1242817,-8.7,-45.23,22,-2.0559,5.44,1078,768,759,310
TDP43_v2,CHEMBL1242951,-8.7,-76.18,33,-2.3085,-3.27,292,437,478,-145
TDP43_v2,CHEMBL1332994,-8.7,-51.54,21,-2.4543,-2.90,952,454,326,498
TDP43_v2,CHEMBL13972,-8.7,-70.57,34,-2.0756,4.36,424,732,738,-308
TDP43_v2,CHEMBL1418541,-8.7,-63.16,29,-2.1779,1.66,660,625,633,35
TDP43_v2,CHEMBL1440958,-8.7,-44.73,25,-1.7892,12.00,1083,978,993,105
TDP43_v2,CHEMBL14504,-8.7,-47.92,29,-1.6524,16.90,1025,1082,1081,-57
TDP43_v2,CHEMBL16468,-8.7,-85.44,35,-2.4411,-8.49,135,281,345,-146
TDP43_v2,CHEMBL1731606,-8.7,-42.62,19,-2.2432,1.98,1108,640,553,468
TDP43_v2,CHEMBL17358,-8.7,-76.81,33,-2.3276,-3.90,276,418,454,-142
TDP43_v2,CHEMBL1808545,-8.7,-55.67,19,-2.9300,-11.07,862,218,75,644
TDP43_v2,CHEMBL1808764,-8.7,-65.16,24,-2.7150,-10.45,595,238,157,357
TDP43_v2,CHEMBL18392,-8.7,-44.95,31,-1.4500,23.91,1082,1146,1145,-64
TDP43_v2,CHEMBL1858571,-8.7,-40.20,22,-1.8273,10.47,1128,938,971,190
TDP43_v2,CHEMBL1858591,-8.7,-50.99,27,-1.8885,9.78,960,914,926,46
TDP43_v2,CHEMBL1858647,-8.7,-53.74,26,-2.0669,5.01,918,752,747,166
TDP43_v2,CHEMBL1858932,-8.7,-44.97,30,-1.4990,21.87,1081,1133,1136,-52
TDP43_v2,CHEMBL1859337,-8.7,-48.28,29,-1.6648,16.54,1020,1070,1073,-50
TDP43_v2,CHEMBL1859657,-8.7,-50.83,28,-1.8154,11.97,966,977,980,-11
TDP43_v2,CHEMBL1861110,-8.7,-85.73,32,-2.6791,-14.85,127,148,181,-21
TDP43_v2,CHEMBL1862831,-8.7,-42.32,33,-1.2824,30.59,1111,1161,1162,-50
TDP43_v2,CHEMBL1862954,-8.7,-97.39,33,-2.9512,-24.48,36,43,70,-7
TDP43_v2,CHEMBL1863567,-8.7,-46.30,21,-2.2048,2.34,1057,658,598,399
TDP43_v2,CHEMBL1864560,-8.7,-65.61,31,-2.1165,3.25,579,691,698,-112
TDP43_v2,CHEMBL1865061,-8.7,-79.21,29,-2.7314,-14.39,234,157,146,77
TDP43_v2,CHEMBL1865717,-8.7,-90.79,38,-2.3892,-7.77,77,300,396,-223
TDP43_v2,CHEMBL1866108,-8.7,-74.40,29,-2.5655,-9.58,336,255,244,81
TDP43_v2,CHEMBL1900571,-8.7,-64.53,25,-2.5812,-7.80,618,298,232,320
TDP43_v2,CHEMBL19419,-8.7,-84.34,30,-2.8113,-17.50,152,108,117,44
TDP43_v2,CHEMBL21250,-8.7,-55.88,33,-1.6933,17.03,853,1083,1055,-230
TDP43_v2,CHEMBL2165614,-8.7,-59.45,28,-2.1232,3.35,739,693,691,46
TDP43_v2,CHEMBL22829,-8.7,-59.58,23,-2.5904,-6.89,737,321,228,416
TDP43_v2,CHEMBL2360861,-8.7,-69.97,34,-2.0579,4.96,439,748,757,-309
TDP43_v2,CHEMBL28106,-8.7,-76.55,33,-2.3197,-3.64,282,426,468,-144
TDP43_v2,CHEMBL3309988,-8.7,-71.75,27,-2.6574,-10.98,398,221,190,177
TDP43_v2,CHEMBL4435261,-8.7,-71.91,32,-2.2472,-1.03,394,526,549,-132
TDP43_v2,CHEMBL4435778,-8.7,-73.89,30,-2.4630,-7.05,351,316,320,35
TDP43_v2,CHEMBL4528139,-8.7,-87.35,34,-2.5691,-12.42,107,183,242,-76
TDP43_v2,CHEMBL4529575,-8.7,-81.95,31,-2.6435,-13.09,193,177,199,16
TDP43_v2,CHEMBL4530123,-8.7,-78.51,35,-2.2431,-1.56,242,506,554,-264
TDP43_v2,CHEMBL4530728,-8.7,-52.86,26,-2.0331,5.89,929,779,778,150
TDP43_v2,CHEMBL4530818,-8.7,-69.44,30,-2.3147,-2.60,455,472,472,-17
TDP43_v2,CHEMBL4530954,-8.7,-66.70,32,-2.0844,4.18,539,723,728,-184
TDP43_v2,CHEMBL4531694,-8.7,-56.08,27,-2.0770,4.69,846,741,737,105
TDP43_v2,CHEMBL4531970,-8.7,-85.69,39,-2.1972,-0.65,128,539,613,-411
TDP43_v2,CHEMBL4532451,-8.7,-63.78,34,-1.8759,11.15,648,960,939,-312
TDP43_v2,CHEMBL4533962,-8.7,-65.31,28,-2.3325,-2.51,588,474,446,114
TDP43_v2,CHEMBL4534269,-8.7,-82.04,31,-2.6465,-13.18,191,175,197,16
TDP43_v2,CHEMBL4534436,-8.7,-64.93,32,-2.0291,5.95,601,781,782,-180
TDP43_v2,CHEMBL4534470,-8.7,-59.02,25,-2.3608,-2.29,749,483,424,266
TDP43_v2,CHEMBL4534639,-8.7,-56.94,30,-1.8980,9.90,816,920,917,-104
TDP43_v2,CHEMBL4564913,-8.7,-68.30,25,-2.7320,-11.57,487,205,145,282
TDP43_v2,CHEMBL4567981,-8.7,-74.92,33,-2.2703,-2.01,325,490,526,-165
TDP43_v2,CHEMBL4567982,-8.7,-67.28,33,-2.0388,5.63,526,771,771,-245
TDP43_v2,CHEMBL4568125,-8.7,-68.20,34,-2.0059,6.73,491,811,809,-320
TDP43_v2,CHEMBL4568196,-8.7,-67.10,36,-1.8639,11.87,532,976,951,-444
TDP43_v2,CHEMBL4568203,-8.7,-67.51,34,-1.9856,7.42,517,834,830,-317
TDP43_v2,CHEMBL4568847,-8.7,-85.34,34,-2.5100,-10.41,136,239,287,-103
TDP43_v2,CHEMBL4570368,-8.7,-64.18,34,-1.8876,10.75,633,944,930,-311
TDP43_v2,CHEMBL4571045,-8.7,-54.88,29,-1.8924,9.94,893,924,921,-31
TDP43_v2,CHEMBL4571233,-8.7,-83.40,31,-2.6903,-14.54,165,152,172,13
TDP43_v2,CHEMBL4571761,-8.7,-61.20,34,-1.8000,13.73,703,1014,986,-311
TDP43_v2,CHEMBL4572029,-8.7,-73.15,32,-2.2859,-2.27,369,484,507,-115
TDP43_v2,CHEMBL4573297,-8.7,-65.75,31,-2.1210,3.11,572,688,695,-116
TDP43_v2,CHEMBL4573391,-8.7,-51.92,30,-1.7307,14.92,946,1035,1030,-89
TDP43_v2,CHEMBL4573482,-8.7,-65.68,33,-1.9903,7.23,577,830,825,-253
TDP43_v2,CHEMBL4573585,-8.7,-50.52,27,-1.8711,10.25,974,932,946,42
TDP43_v2,CHEMBL4574109,-8.7,-64.46,27,-2.3874,-3.69,622,422,399,200
TDP43_v2,CHEMBL4574229,-8.7,-77.23,33,-2.3403,-4.32,268,402,440,-134
TDP43_v2,CHEMBL4575350,-8.7,-47.86,28,-1.7093,14.94,1027,1036,1048,-9
TDP43_v2,CHEMBL4575412,-8.7,-77.59,34,-2.2821,-2.66,262,469,513,-207
TDP43_v2,CHEMBL4581153,-8.7,-80.94,34,-2.3806,-6.01,212,343,406,-131
TDP43_v2,CHEMBL4581508,-8.7,-39.71,26,-1.5273,19.04,1136,1113,1131,23
TDP43_v2,CHEMBL4581602,-8.7,-73.04,30,-2.4347,-6.20,370,341,348,29
TDP43_v2,CHEMBL4581856,-8.7,-76.98,39,-1.9738,8.06,273,857,842,-584
TDP43_v2,CHEMBL4581923,-8.7,-56.45,25,-2.2580,0.28,832,572,539,260
TDP43_v2,CHEMBL4582298,-8.7,-46.97,30,-1.5657,19.87,1047,1124,1116,-77
TDP43_v2,CHEMBL4584624,-8.7,-75.40,35,-2.1543,1.55,315,620,664,-305
TDP43_v2,CHEMBL4584931,-8.7,-71.50,30,-2.3833,-4.66,405,390,405,15
TDP43_v2,CHEMBL4634844,-8.7,-75.03,25,-3.0012,-18.30,324,95,57,229
TDP43_v2,CHEMBL4635265,-8.7,-58.47,28,-2.0882,4.33,768,730,726,38
TDP43_v2,CHEMBL4636424,-8.7,-101.68,32,-3.1775,-30.80,16,20,38,-4
TDP43_v2,CHEMBL4637608,-8.7,-64.64,28,-2.3086,-1.84,615,495,477,120
TDP43_v2,CHEMBL4638806,-8.7,-64.25,31,-2.0726,4.61,631,739,742,-108
TDP43_v2,CHEMBL4639157,-8.7,-49.97,22,-2.2714,0.70,988,593,525,395
TDP43_v2,CHEMBL4639692,-8.7,-80.66,36,-2.2406,-1.69,215,501,557,-286
TDP43_v2,CHEMBL495018,-8.7,-71.20,34,-2.0941,3.73,412,709,721,-297
TDP43_v2,CHEMBL498492,-8.7,-51.84,32,-1.6200,19.04,948,1114,1098,-166
TDP43_v2,CHEMBL500635,-8.7,-56.52,25,-2.2608,0.21,827,569,534,258
TDP43_v2,CHEMBL502159,-8.7,-54.89,28,-1.9604,7.91,891,852,852,39
TDP43_v2,CHEMBL503546,-8.7,-42.06,25,-1.6824,14.67,1115,1031,1067,84
TDP43_v2,CHEMBL507835,-8.7,-55.06,24,-2.2942,-0.35,886,550,497,336
TDP43_v2,CHEMBL508515,-8.7,-87.35,33,-2.6470,-14.44,106,156,195,-50
TDP43_v2,CHEMBL508836,-8.7,-66.09,29,-2.2790,-1.27,557,514,516,43
TDP43_v2,CHEMBL510545,-8.7,-75.49,26,-2.9035,-16.74,312,118,82,194
TDP43_v2,CHEMBL510902,-8.7,-67.68,23,-2.9426,-14.99,511,145,72,366
TDP43_v2,CHEMBL511317,-8.7,-43.66,24,-1.8192,11.05,1097,956,977,141
TDP43_v2,CHEMBL511475,-8.7,-58.66,34,-1.7253,16.27,760,1061,1035,-301
TDP43_v2,CHEMBL512326,-8.7,-76.25,27,-2.8241,-15.48,290,136,109,154
TDP43_v2,CHEMBL512559,-8.7,-72.74,21,-3.4638,-24.10,376,45,15,331
TDP43_v2,CHEMBL513061,-8.7,-65.49,37,-1.7700,15.50,581,1051,1007,-470
TDP43_v2,CHEMBL513662,-8.7,-71.65,29,-2.4707,-6.83,401,324,313,77
TDP43_v2,CHEMBL514041,-8.7,-78.16,32,-2.4425,-7.28,252,306,341,-54
TDP43_v2,CHEMBL514934,-8.7,-55.52,31,-1.7910,13.34,868,1004,992,-136
TDP43_v2,CHEMBL515219,-8.7,-59.57,29,-2.0541,5.25,738,760,761,-22
TDP43_v2,CHEMBL515548,-8.7,-56.63,25,-2.2652,0.10,824,567,530,257
TDP43_v2,CHEMBL516278,-8.7,-64.57,30,-2.1523,2.27,616,651,665,-35
TDP43_v2,CHEMBL516959,-8.7,-67.92,35,-1.9406,9.03,499,895,878,-396
TDP43_v2,CHEMBL516966,-8.7,-70.55,29,-2.4328,-5.73,425,352,350,73
TDP43_v2,CHEMBL518063,-8.7,-77.28,24,-3.2200,-22.57,265,57,27,208
TDP43_v2,CHEMBL520122,-8.7,-63.69,29,-2.1962,1.13,649,607,615,42
TDP43_v2,CHEMBL520745,-8.7,-67.57,28,-2.4132,-4.77,514,388,371,126
TDP43_v2,CHEMBL521670,-8.7,-40.70,29,-1.4034,24.12,1123,1148,1154,-25
TDP43_v2,CHEMBL521724,-8.7,-68.13,29,-2.3493,-3.31,493,434,434,59
TDP43_v2,CHEMBL522196,-8.7,-69.04,31,-2.2271,-0.18,464,557,567,-93
TDP43_v2,CHEMBL522716,-8.7,-47.08,26,-1.8108,11.67,1045,972,982,73
TDP43_v2,CHEMBL523780,-8.7,-61.26,33,-1.8564,11.65,702,971,958,-269
TDP43_v2,CHEMBL523873,-8.7,-46.23,27,-1.7122,14.54,1063,1029,1046,34
TDP43_v2,CHEMBL524445,-8.7,-84.52,31,-2.7265,-15.66,150,131,150,19
TDP43_v2,CHEMBL527521,-8.7,-55.69,33,-1.6876,17.22,860,1086,1063,-226
TDP43_v2,CHEMBL527748,-8.7,-55.71,32,-1.7409,15.17,859,1041,1025,-182
TDP43_v2,CHEMBL550991,-8.7,-52.15,23,-2.2674,0.54,942,585,527,357
TDP43_v2,CHEMBL559579,-8.7,-65.94,33,-1.9982,6.97,568,817,816,-249
TDP43_v2,CHEMBL560367,-8.7,-69.75,28,-2.4911,-6.95,442,320,298,122
TDP43_v2,CHEMBL561567,-8.7,-93.42,33,-2.8309,-20.51,54,74,103,-20
TDP43_v2,CHEMBL561880,-8.7,-56.08,28,-2.0029,6.72,845,810,813,35
TDP43_v2,CHEMBL562355,-8.7,-80.45,27,-2.9796,-19.68,218,84,61,134
TDP43_v2,CHEMBL562431,-8.7,-91.86,31,-2.9632,-23.00,64,53,68,11
TDP43_v2,CHEMBL563965,-8.7,-71.25,31,-2.2984,-2.39,410,480,493,-70
TDP43_v2,CHEMBL564227,-8.7,-76.62,32,-2.3944,-5.74,280,351,389,-71
TDP43_v2,CHEMBL564391,-8.7,-66.24,29,-2.2841,-1.42,551,509,511,42
TDP43_v2,CHEMBL564694,-8.7,-82.89,32,-2.5903,-12.01,171,194,229,-23
TDP43_v2,CHEMBL564933,-8.7,-41.65,22,-1.8932,9.02,1118,893,919,225
TDP43_v2,CHEMBL565061,-8.7,-84.16,34,-2.4753,-9.23,154,261,311,-107
TDP43_v2,CHEMBL565206,-8.7,-56.96,26,-2.1908,1.79,815,634,619,181
TDP43_v2,CHEMBL565378,-8.7,-72.96,33,-2.2109,-0.05,373,562,590,-189
TDP43_v2,CHEMBL566084,-8.7,-30.95,22,-1.4068,19.72,1163,1123,1153,40
TDP43_v2,CHEMBL566345,-8.7,-69.27,32,-2.1647,1.61,461,621,647,-160
TDP43_v2,CHEMBL566402,-8.7,-75.88,29,-2.6166,-11.06,299,219,214,80
TDP43_v2,CHEMBL566447,-8.7,-59.72,30,-1.9907,7.12,734,824,824,-90
TDP43_v2,CHEMBL602526,-8.7,-66.00,26,-2.5385,-7.25,564,309,262,255
TDP43_v2,CHEMBL7914,-8.7,-87.56,30,-2.9187,-20.72,105,73,79,32
TDP43_v2,CHEMBL8208,-8.7,-45.87,24,-1.9112,8.84,1068,888,901,180
TDP43_v2,ESTRIOL,-8.7,-46.94,24,-1.9558,7.77,1049,848,861,201
TDP43_v2,ETHINYL ESTRADIOL,-8.7,-42.66,24,-1.7775,12.05,1107,979,1001,128
TDP43_v2,PALONOSETRON,-8.7,-48.99,22,-2.2268,1.68,1006,626,568,380
TDP43_v2,CHEMBL1210540,-8.6,-57.05,30,-1.9017,9.79,810,916,913,-106
TDP43_v2,CHEMBL12225,-8.6,-131.78,30,-4.3927,-64.94,1,1,1,0
TDP43_v2,CHEMBL1242758,-8.6,-64.71,27,-2.3967,-3.94,608,417,386,191
TDP43_v2,CHEMBL1242790,-8.6,-59.12,24,-2.4633,-4.41,748,399,319,349
TDP43_v2,CHEMBL1242888,-8.6,-42.84,27,-1.5867,17.93,1103,1100,1108,3
TDP43_v2,CHEMBL124937,-8.6,-32.31,22,-1.4686,18.36,1159,1110,1143,49
TDP43_v2,CHEMBL1367070,-8.6,-73.93,29,-2.5493,-9.11,350,265,253,85
TDP43_v2,CHEMBL14272,-8.6,-54.60,29,-1.8828,10.22,901,931,933,-30
TDP43_v2,CHEMBL1524917,-8.6,-50.84,26,-1.9554,7.91,965,853,863,112
TDP43_v2,CHEMBL17580,-8.6,-76.56,33,-2.3200,-3.65,281,424,467,-143
TDP43_v2,CHEMBL17934,-8.6,-48.04,32,-1.5012,22.84,1024,1143,1135,-119
TDP43_v2,CHEMBL1795794,-8.6,-81.53,30,-2.7177,-14.69,198,150,155,48
TDP43_v2,CHEMBL1795802,-8.6,-59.32,25,-2.3728,-2.59,744,473,413,271
TDP43_v2,CHEMBL1808762,-8.6,-77.80,24,-3.2417,-23.09,260,52,26,208
TDP43_v2,CHEMBL1858634,-8.6,-55.62,28,-1.9864,7.18,866,828,829,38
TDP43_v2,CHEMBL1859594,-8.6,-61.69,27,-2.2848,-0.92,697,530,509,167
TDP43_v2,CHEMBL1859758,-8.6,-56.86,27,-2.1059,3.91,819,715,708,104
TDP43_v2,CHEMBL1862981,-8.6,-60.39,34,-1.7762,14.54,721,1028,1002,-307
TDP43_v2,CHEMBL1863704,-8.6,-51.27,32,-1.6022,19.61,957,1120,1104,-163
TDP43_v2,CHEMBL1864148,-8.6,-58.00,27,-2.1481,2.77,776,676,668,100
TDP43_v2,CHEMBL1865181,-8.6,-79.07,27,-2.9285,-18.30,237,96,77,141
TDP43_v2,CHEMBL1865323,-8.6,-92.78,34,-2.7288,-17.85,59,102,149,-43
TDP43_v2,CHEMBL1865473,-8.6,-56.85,26,-2.1865,1.90,821,639,623,182
TDP43_v2,CHEMBL1865562,-8.6,-57.60,26,-2.2154,1.15,794,608,585,186
TDP43_v2,CHEMBL1865574,-8.6,-57.82,25,-2.3128,-1.09,782,521,475,261
TDP43_v2,CHEMBL19051,-8.6,-65.45,34,-1.9250,9.48,583,904,891,-321
TDP43_v2,CHEMBL19957,-8.6,-56.29,28,-2.0104,6.51,840,802,802,38
TDP43_v2,CHEMBL20834,-8.6,-53.17,28,-1.8989,9.63,925,910,916,15
TDP43_v2,CHEMBL21992,-8.6,-64.20,37,-1.7351,16.79,632,1078,1027,-446
TDP43_v2,CHEMBL24827,-8.6,-98.35,34,-2.8926,-23.42,27,51,87,-24
TDP43_v2,CHEMBL4434647,-8.6,-63.13,29,-2.1769,1.69,663,627,634,36
TDP43_v2,CHEMBL4434862,-8.6,-107.64,34,-3.1659,-32.71,9,17,39,-8
TDP43_v2,CHEMBL4528173,-8.6,-81.17,37,-2.1938,-0.18,203,558,617,-355
TDP43_v2,CHEMBL4528363,-8.6,-86.16,36,-2.3933,-7.19,117,313,390,-196
TDP43_v2,CHEMBL4529627,-8.6,-66.98,26,-2.5762,-8.23,535,286,236,249
TDP43_v2,CHEMBL4530813,-8.6,-54.12,32,-1.6912,16.76,913,1077,1057,-164
TDP43_v2,CHEMBL4530924,-8.6,-75.73,30,-2.5243,-8.89,303,272,274,31
TDP43_v2,CHEMBL4531076,-8.6,-47.40,25,-1.8960,9.33,1035,903,918,132
TDP43_v2,CHEMBL4531349,-8.6,-79.82,35,-2.2806,-2.87,224,457,514,-233
TDP43_v2,CHEMBL4531618,-8.6,-55.61,24,-2.3171,-0.90,867,532,470,335
TDP43_v2,CHEMBL4531919,-8.6,-76.41,27,-2.8300,-15.64,286,132,104,154
TDP43_v2,CHEMBL4532181,-8.6,-72.19,28,-2.5782,-9.39,389,257,235,132
TDP43_v2,CHEMBL4532455,-8.6,-54.38,27,-2.0141,6.39,907,795,796,112
TDP43_v2,CHEMBL4533450,-8.6,-60.95,32,-1.9047,9.93,707,923,909,-216
TDP43_v2,CHEMBL4533617,-8.6,-47.00,21,-2.2381,1.64,1046,624,560,422
TDP43_v2,CHEMBL4534146,-8.6,-48.52,25,-1.9408,8.21,1013,864,877,149
TDP43_v2,CHEMBL4534361,-8.6,-75.95,29,-2.6190,-11.13,296,217,211,79
TDP43_v2,CHEMBL4534671,-8.6,-74.90,36,-2.0806,4.07,326,718,732,-392
TDP43_v2,CHEMBL4564248,-8.6,-80.39,31,-2.5932,-11.53,219,210,227,9
TDP43_v2,CHEMBL4564493,-8.6,-47.43,27,-1.7567,13.34,1033,1005,1014,28
TDP43_v2,CHEMBL4564717,-8.6,-75.17,28,-2.6846,-12.37,320,184,175,136
TDP43_v2,CHEMBL4564941,-8.6,-57.00,28,-2.0357,5.80,813,776,776,37
TDP43_v2,CHEMBL4565044,-8.6,-68.56,31,-2.2116,0.30,482,573,589,-91
TDP43_v2,CHEMBL4565154,-8.6,-69.75,30,-2.3250,-2.91,443,453,460,-10
TDP43_v2,CHEMBL4566306,-8.6,-76.46,34,-2.2488,-1.53,284,508,546,-224
TDP43_v2,CHEMBL4566420,-8.6,-64.33,32,-2.0103,6.55,627,805,804,-178
TDP43_v2,CHEMBL4566603,-8.6,-63.01,33,-1.9094,9.90,667,919,902,-252
TDP43_v2,CHEMBL4566630,-8.6,-66.24,33,-2.0073,6.67,552,809,807,-257
TDP43_v2,CHEMBL4568480,-8.6,-58.31,31,-1.8810,10.55,770,941,934,-171
TDP43_v2,CHEMBL4570634,-8.6,-57.71,29,-1.9900,7.11,788,822,826,-34
TDP43_v2,CHEMBL4571235,-8.6,-52.98,27,-1.9622,7.79,928,849,850,79
TDP43_v2,CHEMBL4571330,-8.6,-62.87,33,-1.9052,10.04,669,927,908,-258
TDP43_v2,CHEMBL4571531,-8.6,-62.22,32,-1.9444,8.66,679,886,873,-207
TDP43_v2,CHEMBL4571884,-8.6,-84.61,36,-2.3503,-5.64,147,357,433,-210
TDP43_v2,CHEMBL4572783,-8.6,-37.86,23,-1.6461,14.83,1144,1034,1087,110
TDP43_v2,CHEMBL4573527,-8.6,-53.23,19,-2.8016,-8.63,924,277,123,647
TDP43_v2,CHEMBL4573582,-8.6,-78.22,34,-2.3006,-3.29,250,436,488,-186
TDP43_v2,CHEMBL4574735,-8.6,-55.13,31,-1.7784,13.73,885,1015,1000,-130
TDP43_v2,CHEMBL4574936,-8.6,-69.01,32,-2.1566,1.87,465,637,660,-172
TDP43_v2,CHEMBL4575882,-8.6,-74.84,29,-2.5807,-10.02,328,247,233,81
TDP43_v2,CHEMBL4581669,-8.6,-78.22,30,-2.6073,-11.38,249,214,218,35
TDP43_v2,CHEMBL4581962,-8.6,-55.91,27,-2.0707,4.86,852,745,743,107
TDP43_v2,CHEMBL4583678,-8.6,-65.42,29,-2.2559,-0.60,584,541,540,43
TDP43_v2,CHEMBL4585010,-8.6,-48.29,32,-1.5091,22.59,1019,1139,1134,-120
TDP43_v2,CHEMBL4585059,-8.6,-58.40,34,-1.7176,16.53,769,1069,1040,-300
TDP43_v2,CHEMBL4585367,-8.6,-67.87,30,-2.2623,-1.03,502,525,533,-23
TDP43_v2,CHEMBL4634985,-8.6,-49.14,23,-2.1365,3.55,1003,703,678,300
TDP43_v2,CHEMBL4634995,-8.6,-55.48,32,-1.7337,15.40,869,1047,1029,-178
TDP43_v2,CHEMBL4635528,-8.6,-89.32,29,-3.0800,-24.50,92,42,47,50
TDP43_v2,CHEMBL4635680,-8.6,-59.39,29,-2.0479,5.43,743,767,768,-24
TDP43_v2,CHEMBL4636029,-8.6,-63.13,31,-2.0365,5.73,662,774,775,-112
TDP43_v2,CHEMBL4636158,-8.6,-65.93,29,-2.2734,-1.11,569,520,523,49
TDP43_v2,CHEMBL4636168,-8.6,-55.23,30,-1.8410,11.61,880,969,963,-89
TDP43_v2,CHEMBL4636435,-8.6,-68.92,34,-2.0271,6.01,467,784,785,-317
TDP43_v2,CHEMBL4636507,-8.6,-44.06,30,-1.4687,22.78,1091,1142,1142,-51
TDP43_v2,CHEMBL4636799,-8.6,-62.24,40,-1.5560,24.82,678,1151,1120,-473
TDP43_v2,CHEMBL4637120,-8.6,-42.30,22,-1.9227,8.37,1112,870,892,242
TDP43_v2,CHEMBL4637198,-8.6,-57.37,26,-2.2065,1.38,799,618,597,181
TDP43_v2,CHEMBL4637707,-8.6,-51.75,24,-2.1562,2.96,949,683,661,266
TDP43_v2,CHEMBL4638219,-8.6,-58.89,29,-2.0307,5.93,753,780,781,-27
TDP43_v2,CHEMBL4638693,-8.6,-60.60,39,-1.5538,24.44,712,1149,1121,-437
TDP43_v2,CHEMBL4638982,-8.6,-85.74,34,-2.5218,-10.81,126,231,278,-105
TDP43_v2,CHEMBL495019,-8.6,-64.36,30,-2.1453,2.48,626,664,670,-38
TDP43_v2,CHEMBL496400,-8.6,-67.64,29,-2.3324,-2.82,512,460,447,52
TDP43_v2,CHEMBL497670,-8.6,-83.48,31,-2.6929,-14.62,164,151,170,13
TDP43_v2,CHEMBL497736,-8.6,-42.85,36,-1.1903,36.12,1102,1164,1164,-62
TDP43_v2,CHEMBL498220,-8.6,-58.69,29,-2.0238,6.13,758,788,788,-30
TDP43_v2,CHEMBL499812,-8.6,-47.34,23,-2.0583,5.35,1038,764,756,274
TDP43_v2,CHEMBL500401,-8.6,-61.73,23,-2.6839,-9.04,695,267,176,428
TDP43_v2,CHEMBL500821,-8.6,-55.26,17,-3.2506,-14.70,876,149,24,727
TDP43_v2,CHEMBL502269,-8.6,-66.77,25,-2.6708,-10.04,538,246,184,292
TDP43_v2,CHEMBL503748,-8.6,-48.35,17,-2.8441,-7.79,1018,299,98,719
TDP43_v2,CHEMBL504473,-8.6,-47.44,19,-2.4968,-2.84,1032,458,295,574
TDP43_v2,CHEMBL506671,-8.6,-52.08,23,-2.2643,0.61,944,589,531,355
TDP43_v2,CHEMBL511056,-8.6,-67.14,23,-2.9191,-14.45,530,154,78,376
TDP43_v2,CHEMBL511218,-8.6,-32.79,18,-1.8217,9.79,1157,915,976,242
TDP43_v2,CHEMBL511409,-8.6,-78.17,32,-2.4428,-7.29,251,305,340,-54
TDP43_v2,CHEMBL511563,-8.6,-73.31,27,-2.7152,-12.54,367,180,156,187
TDP43_v2,CHEMBL511703,-8.6,-67.29,24,-2.8038,-12.58,525,179,122,346
TDP43_v2,CHEMBL511752,-8.6,-123.89,34,-3.6438,-48.96,4,3,8,1
TDP43_v2,CHEMBL511923,-8.6,-68.50,34,-2.0147,6.43,484,798,795,-314
TDP43_v2,CHEMBL512904,-8.6,-86.43,31,-2.7881,-17.57,115,106,127,9
TDP43_v2,CHEMBL513841,-8.6,-57.69,32,-1.8028,13.19,789,999,985,-210
TDP43_v2,CHEMBL514153,-8.6,-96.73,35,-2.7637,-19.78,39,81,131,-42
TDP43_v2,CHEMBL514278,-8.6,-97.91,30,-3.2637,-31.07,34,19,23,15
TDP43_v2,CHEMBL514757,-8.6,-58.00,26,-2.2308,0.75,777,594,565,183
TDP43_v2,CHEMBL514820,-8.6,-70.81,37,-1.9138,10.18,417,929,899,-512
TDP43_v2,CHEMBL514865,-8.6,-64.51,23,-2.8048,-11.82,619,200,121,419
TDP43_v2,CHEMBL514867,-8.6,-39.50,22,-1.7955,11.17,1138,962,991,176
TDP43_v2,CHEMBL515155,-8.6,-55.96,22,-2.5436,-5.29,850,370,257,480
TDP43_v2,CHEMBL515522,-8.6,-60.91,29,-2.1003,3.91,708,714,716,-6
TDP43_v2,CHEMBL515831,-8.6,-93.91,26,-3.6119,-35.16,47,10,10,37
TDP43_v2,CHEMBL515855,-8.6,-82.60,24,-3.4417,-27.89,177,31,16,146
TDP43_v2,CHEMBL516231,-8.6,-62.73,29,-2.1631,2.09,673,644,649,29
TDP43_v2,CHEMBL516244,-8.6,-73.69,35,-2.1054,3.26,357,692,711,-335
TDP43_v2,CHEMBL516284,-8.6,-66.62,30,-2.2207,0.22,541,570,577,-29
TDP43_v2,CHEMBL516326,-8.6,-53.94,24,-2.2475,0.77,916,595,548,321
TDP43_v2,CHEMBL517258,-8.6,-63.23,33,-1.9161,9.68,659,912,898,-253
TDP43_v2,CHEMBL518200,-8.6,-56.42,29,-1.9455,8.40,834,872,871,-38
TDP43_v2,CHEMBL518779,-8.6,-48.04,28,-1.7157,14.76,1023,1033,1042,-10
TDP43_v2,CHEMBL519178,-8.6,-62.83,28,-2.2439,-0.03,670,563,552,107
TDP43_v2,CHEMBL519238,-8.6,-89.02,35,-2.5434,-12.07,96,193,258,-97
TDP43_v2,CHEMBL519554,-8.6,-56.93,26,-2.1896,1.82,817,635,621,182
TDP43_v2,CHEMBL519620,-8.6,-90.54,36,-2.5150,-11.57,81,206,283,-125
TDP43_v2,CHEMBL520502,-8.6,-74.79,35,-2.1369,2.16,330,646,677,-316
TDP43_v2,CHEMBL520602,-8.6,-73.33,36,-2.0369,5.64,366,772,774,-406
TDP43_v2,CHEMBL520803,-8.6,-59.84,31,-1.9303,9.02,732,894,887,-162
TDP43_v2,CHEMBL521010,-8.6,-58.01,24,-2.4171,-3.30,775,435,360,340
TDP43_v2,CHEMBL522325,-8.6,-68.89,24,-2.8704,-14.18,470,161,91,309
TDP43_v2,CHEMBL522462,-8.6,-72.91,36,-2.0253,6.06,374,786,787,-412
TDP43_v2,CHEMBL522596,-8.6,-67.85,29,-2.3397,-3.03,507,450,443,57
TDP43_v2,CHEMBL522622,-8.6,-101.84,36,-2.8289,-22.87,15,56,106,-41
TDP43_v2,CHEMBL523374,-8.6,-82.24,30,-2.7413,-15.40,185,139,142,46
TDP43_v2,CHEMBL523678,-8.6,-65.39,26,-2.5150,-6.64,586,333,284,253
TDP43_v2,CHEMBL523712,-8.6,-65.71,35,-1.8774,11.24,576,965,937,-389
TDP43_v2,CHEMBL523793,-8.6,-58.81,24,-2.4504,-4.10,754,410,332,344
TDP43_v2,CHEMBL523800,-8.6,-40.48,24,-1.6867,14.23,1126,1021,1065,105
TDP43_v2,CHEMBL527496,-8.6,-84.54,34,-2.4865,-9.61,149,254,303,-105
TDP43_v2,CHEMBL527548,-8.6,-99.36,31,-3.2052,-30.50,20,22,30,-2
TDP43_v2,CHEMBL527783,-8.6,-64.70,38,-1.7026,18.32,610,1109,1051,-499
TDP43_v2,CHEMBL557321,-8.6,-41.54,22,-1.8882,9.13,1119,898,927,221
TDP43_v2,CHEMBL557892,-8.6,-48.46,24,-2.0192,6.25,1014,792,793,222
TDP43_v2,CHEMBL558242,-8.6,-37.16,24,-1.5483,17.55,1147,1093,1123,54
TDP43_v2,CHEMBL559891,-8.6,-63.86,31,-2.0600,5.00,644,750,754,-106
TDP43_v2,CHEMBL560411,-8.6,-67.78,34,-1.9935,7.15,508,827,823,-319
TDP43_v2,CHEMBL560781,-8.6,-65.72,36,-1.8256,13.25,575,1001,975,-426
TDP43_v2,CHEMBL561008,-8.6,-49.64,30,-1.6547,17.20,997,1085,1080,-88
TDP43_v2,CHEMBL562267,-8.6,-57.05,26,-2.1942,1.70,808,630,616,178
TDP43_v2,CHEMBL562892,-8.6,-84.59,33,-2.5633,-11.68,148,204,247,-56
TDP43_v2,CHEMBL563189,-8.6,-61.73,36,-1.7147,17.24,696,1087,1043,-391
TDP43_v2,CHEMBL563749,-8.6,-73.00,29,-2.5172,-8.18,372,289,282,83
TDP43_v2,CHEMBL563776,-8.6,-61.13,25,-2.4452,-4.40,704,400,338,304
TDP43_v2,CHEMBL564389,-8.6,-65.25,27,-2.4167,-4.48,590,395,365,195
TDP43_v2,CHEMBL565509,-8.6,-68.68,35,-1.9623,8.27,473,866,849,-393
TDP43_v2,CHEMBL565570,-8.6,-55.88,33,-1.6933,17.03,854,1084,1054,-230
TDP43_v2,CHEMBL565790,-8.6,-82.81,35,-2.3660,-5.86,173,350,422,-177
TDP43_v2,CHEMBL566165,-8.6,-81.39,35,-2.3254,-4.44,200,397,459,-197
TDP43_v2,CHEMBL566192,-8.6,-63.43,28,-2.2654,-0.63,653,540,529,113
TDP43_v2,CHEMBL566211,-8.6,-90.93,30,-3.0310,-24.09,76,46,52,30
TDP43_v2,CHEMBL7640,-8.6,-63.33,24,-2.6387,-8.62,656,278,202,378
TDP43_v2,ESTETROL ANHYDROUS,-8.6,-49.13,26,-1.8896,9.62,1004,909,924,95
TDP43_v2,SELINEXOR,-8.6,-79.56,33,-2.4109,-6.65,229,331,373,-102
TDP43_v2,BENPERIDOL,-8.5,-60.33,29,-2.0803,4.49,725,736,733,-11
TDP43_v2,CHEMBL1206916,-8.5,-59.82,30,-1.9940,7.02,733,819,822,-86
TDP43_v2,CHEMBL1210518,-8.5,-79.47,36,-2.2075,-0.50,231,548,596,-317
TDP43_v2,CHEMBL1210579,-8.5,-65.14,30,-2.1713,1.70,596,629,642,-33
TDP43_v2,CHEMBL1210840,-8.5,-55.85,30,-1.8617,10.99,856,954,954,-98
TDP43_v2,CHEMBL1242835,-8.5,-93.86,33,-2.8442,-20.95,48,72,97,-24
TDP43_v2,CHEMBL1243140,-8.5,-65.25,27,-2.4167,-4.48,591,394,364,197
TDP43_v2,CHEMBL13588,-8.5,-67.41,27,-2.4967,-6.64,519,334,296,185
TDP43_v2,CHEMBL14316,-8.5,-58.72,26,-2.2585,0.03,756,564,537,192
TDP43_v2,CHEMBL15174,-8.5,-67.33,32,-2.1041,3.55,524,704,713,-180
TDP43_v2,CHEMBL1530826,-8.5,-77.80,30,-2.5933,-10.96,259,222,226,37
TDP43_v2,CHEMBL1546634,-8.5,-95.20,32,-2.9750,-24.32,43,44,63,-1
TDP43_v2,CHEMBL16151,-8.5,-80.96,36,-2.2489,-1.99,209,492,545,-283
TDP43_v2,CHEMBL16948,-8.5,-74.42,32,-2.3256,-3.54,335,427,458,-92
TDP43_v2,CHEMBL1760931,-8.5,-70.42,29,-2.4283,-5.60,427,358,351,69
TDP43_v2,CHEMBL1766559,-8.5,-71.97,24,-2.9987,-17.26,391,110,58,281
TDP43_v2,CHEMBL17956,-8.5,-91.13,31,-2.9397,-22.27,71,60,73,11
TDP43_v2,CHEMBL1808478,-8.5,-64.39,28,-2.2996,-1.59,624,504,491,120
TDP43_v2,CHEMBL1858096,-8.5,-46.26,30,-1.5420,20.58,1059,1128,1125,-69
TDP43_v2,CHEMBL1858531,-8.5,-65.56,30,-2.1853,1.28,580,612,624,-32
TDP43_v2,CHEMBL1858536,-8.5,-63.84,32,-1.9950,7.04,645,821,820,-176
TDP43_v2,CHEMBL1858689,-8.5,-56.02,28,-2.0007,6.78,849,814,814,35
TDP43_v2,CHEMBL1858731,-8.5,-54.56,25,-2.1824,2.17,903,648,627,255
TDP43_v2,CHEMBL1858842,-8.5,-45.66,27,-1.6911,15.11,1070,1039,1058,31
TDP43_v2,CHEMBL1858904,-8.5,-91.37,32,-2.8553,-20.49,66,75,94,-9
TDP43_v2,CHEMBL1859061,-8.5,-57.89,27,-2.1441,2.88,778,681,673,97
TDP43_v2,CHEMBL1859541,-8.5,-65.97,30,-2.1990,0.87,567,602,610,-35
TDP43_v2,CHEMBL1861279,-8.5,-59.89,30,-1.9963,6.95,731,816,817,-85
TDP43_v2,CHEMBL1861783,-8.5,-39.70,23,-1.7261,12.99,1137,993,1033,144
TDP43_v2,CHEMBL1861954,-8.5,-46.14,24,-1.9225,8.57,1065,880,893,185
TDP43_v2,CHEMBL1862922,-8.5,-73.56,30,-2.4520,-6.72,361,329,331,32
TDP43_v2,CHEMBL1862932,-8.5,-56.12,35,-1.6034,20.83,844,1130,1103,-286
TDP43_v2,CHEMBL1863357,-8.5,-63.90,27,-2.3667,-3.13,642,441,421,201
TDP43_v2,CHEMBL1863785,-8.5,-70.10,32,-2.1906,0.78,436,597,620,-161
TDP43_v2,CHEMBL1864591,-8.5,-73.80,30,-2.4600,-6.96,354,319,322,35
TDP43_v2,CHEMBL1864661,-8.5,-71.95,30,-2.3983,-5.11,392,379,384,13
TDP43_v2,CHEMBL1864925,-8.5,-55.23,24,-2.3013,-0.52,879,546,484,333
TDP43_v2,CHEMBL1864929,-8.5,-67.74,28,-2.4193,-4.94,510,382,359,128
TDP43_v2,CHEMBL1864973,-8.5,-78.37,33,-2.3748,-5.46,246,365,411,-119
TDP43_v2,CHEMBL1865097,-8.5,-57.79,24,-2.4079,-3.08,785,443,374,342
TDP43_v2,CHEMBL1865254,-8.5,-69.39,31,-2.2384,-0.53,458,545,559,-87
TDP43_v2,CHEMBL18816,-8.5,-106.03,33,-3.2130,-33.12,10,15,28,-5
TDP43_v2,CHEMBL19527,-8.5,-98.29,36,-2.7303,-19.32,29,88,148,-59
TDP43_v2,CHEMBL19897,-8.5,-67.38,30,-2.2460,-0.54,521,544,550,-23
TDP43_v2,CHEMBL19929,-8.5,-98.68,31,-3.1832,-29.82,25,25,34,0
TDP43_v2,CHEMBL20424,-8.5,-67.26,34,-1.9782,7.67,528,844,837,-316
TDP43_v2,CHEMBL20466,-8.5,-64.38,32,-2.0119,6.50,625,801,800,-176
TDP43_v2,CHEMBL20825,-8.5,-75.87,33,-2.2991,-2.96,300,452,492,-152
TDP43_v2,CHEMBL2356147,-8.5,-73.43,35,-2.0980,3.52,364,699,720,-335
TDP43_v2,CHEMBL24950,-8.5,-60.38,27,-2.2363,0.39,722,578,561,144
TDP43_v2,CHEMBL25084,-8.5,-68.05,29,-2.3466,-3.23,494,439,437,55
TDP43_v2,CHEMBL25152,-8.5,-50.54,24,-2.1058,4.17,973,722,709,251
TDP43_v2,CHEMBL25502,-8.5,-78.46,36,-2.1794,0.51,243,583,630,-340
TDP43_v2,CHEMBL26420,-8.5,-51.15,31,-1.6500,17.71,959,1098,1085,-139
TDP43_v2,CHEMBL3309443,-8.5,-51.45,31,-1.6597,17.41,954,1090,1077,-136
TDP43_v2,CHEMBL3309991,-8.5,-56.24,28,-2.0086,6.56,841,806,806,35
TDP43_v2,CHEMBL3309992,-8.5,-50.88,27,-1.8844,9.89,963,918,931,45
TDP43_v2,CHEMBL4435985,-8.5,-55.21,24,-2.3004,-0.50,882,547,489,335
TDP43_v2,CHEMBL4436558,-8.5,-78.40,33,-2.3758,-5.49,244,362,408,-118
TDP43_v2,CHEMBL4436565,-8.5,-57.05,28,-2.0375,5.75,809,775,773,34
TDP43_v2,CHEMBL4528332,-8.5,-75.16,30,-2.5053,-8.32,321,284,288,37
TDP43_v2,CHEMBL4529577,-8.5,-70.61,21,-3.3624,-21.97,422,64,20,358
TDP43_v2,CHEMBL4529698,-8.5,-68.44,31,-2.2077,0.42,485,580,594,-95
TDP43_v2,CHEMBL4530341,-8.5,-72.42,35,-2.0691,4.53,383,737,744,-354
TDP43_v2,CHEMBL4530362,-8.5,-58.49,34,-1.7203,16.44,765,1068,1037,-303
TDP43_v2,CHEMBL4530737,-8.5,-61.80,26,-2.3769,-3.05,692,447,407,245
TDP43_v2,CHEMBL4530916,-8.5,-55.84,27,-2.0681,4.93,857,747,746,110
TDP43_v2,CHEMBL4530997,-8.5,-61.77,23,-2.6857,-9.08,693,266,174,427
TDP43_v2,CHEMBL4531190,-8.5,-75.93,35,-2.1694,1.02,298,604,645,-306
TDP43_v2,CHEMBL4531294,-8.5,-73.49,35,-2.0997,3.46,363,696,718,-333
TDP43_v2,CHEMBL4531337,-8.5,-41.69,29,-1.4376,23.13,1117,1144,1146,-27
TDP43_v2,CHEMBL4531758,-8.5,-51.67,28,-1.8454,11.13,950,958,961,-8
TDP43_v2,CHEMBL4531776,-8.5,-64.89,24,-2.7037,-10.18,605,242,163,363
TDP43_v2,CHEMBL4532195,-8.5,-75.99,34,-2.2350,-1.06,295,523,562,-228
TDP43_v2,CHEMBL4532201,-8.5,-55.93,29,-1.9286,8.89,851,890,888,-39
TDP43_v2,CHEMBL4532413,-8.5,-38.40,27,-1.4222,22.37,1142,1136,1151,6
TDP43_v2,CHEMBL4533403,-8.5,-84.86,32,-2.6519,-13.98,142,163,192,-21
TDP43_v2,CHEMBL4533670,-8.5,-48.35,22,-2.1977,2.32,1017,655,611,362
TDP43_v2,CHEMBL4533764,-8.5,-79.59,35,-2.2740,-2.64,228,470,522,-242
TDP43_v2,CHEMBL4533958,-8.5,-51.56,28,-1.8414,11.24,951,964,962,-13
TDP43_v2,CHEMBL4534742,-8.5,-68.59,33,-2.0785,4.32,481,729,736,-248
TDP43_v2,CHEMBL4553597,-8.5,-56.49,24,-2.3538,-1.78,829,497,430,332
TDP43_v2,CHEMBL4553636,-8.5,-56.91,24,-2.3712,-2.20,818,485,416,333
TDP43_v2,CHEMBL4559933,-8.5,-50.21,30,-1.6737,16.63,984,1072,1071,-88
TDP43_v2,CHEMBL4560031,-8.5,-98.73,35,-2.8209,-21.78,24,65,111,-41
TDP43_v2,CHEMBL4564116,-8.5,-77.01,37,-2.0814,3.98,272,716,731,-444
TDP43_v2,CHEMBL4564177,-8.5,-73.53,36,-2.0425,5.44,362,769,770,-407
TDP43_v2,CHEMBL4564343,-8.5,-59.40,34,-1.7471,15.53,742,1052,1021,-310
TDP43_v2,CHEMBL4564351,-8.5,-54.43,27,-2.0159,6.34,905,794,794,111
TDP43_v2,CHEMBL4564440,-8.5,-82.54,31,-2.6626,-13.68,181,167,188,14
TDP43_v2,CHEMBL4564526,-8.5,-55.42,28,-1.9793,7.38,872,833,835,39
TDP43_v2,CHEMBL4564822,-8.5,-86.12,29,-2.9697,-21.30,118,68,66,50
TDP43_v2,CHEMBL4565038,-8.5,-66.62,29,-2.2972,-1.80,542,496,494,46
TDP43_v2,CHEMBL4565133,-8.5,-55.35,25,-2.2140,1.38,874,617,588,257
TDP43_v2,CHEMBL4566549,-8.5,-93.48,31,-3.0155,-24.62,52,41,55,11
TDP43_v2,CHEMBL4566700,-8.5,-74.88,30,-2.4960,-8.04,327,291,297,36
TDP43_v2,CHEMBL4567794,-8.5,-64.26,29,-2.2159,0.56,629,587,583,42
TDP43_v2,CHEMBL4568476,-8.5,-68.41,27,-2.5337,-7.64,486,301,265,185
TDP43_v2,CHEMBL4569164,-8.5,-67.03,31,-2.1623,1.83,533,636,652,-103
TDP43_v2,CHEMBL4570217,-8.5,-93.75,34,-2.7574,-18.82,50,90,135,-40
TDP43_v2,CHEMBL4570283,-8.5,-50.91,24,-2.1212,3.80,962,712,694,250
TDP43_v2,CHEMBL4570851,-8.5,-89.79,34,-2.6409,-14.86,88,146,200,-58
TDP43_v2,CHEMBL4570912,-8.5,-54.57,28,-1.9489,8.23,902,865,869,37
TDP43_v2,CHEMBL4571316,-8.5,-89.51,33,-2.7124,-16.60,91,121,159,-30
TDP43_v2,CHEMBL4571569,-8.5,-95.40,30,-3.1800,-28.56,42,28,35,14
TDP43_v2,CHEMBL4571844,-8.5,-110.22,34,-3.2418,-35.29,7,9,25,-2
TDP43_v2,CHEMBL4572719,-8.5,-63.80,34,-1.8765,11.13,646,959,938,-313
TDP43_v2,CHEMBL4573486,-8.5,-67.98,32,-2.1244,2.90,496,682,690,-186
TDP43_v2,CHEMBL4573584,-8.5,-56.58,21,-2.6943,-7.94,825,293,169,532
TDP43_v2,CHEMBL4573824,-8.5,-75.36,33,-2.2836,-2.45,316,477,512,-161
TDP43_v2,CHEMBL4574755,-8.5,-48.42,23,-2.1052,4.27,1016,725,712,291
TDP43_v2,CHEMBL4575518,-8.5,-54.74,28,-1.9550,8.06,898,856,864,42
TDP43_v2,CHEMBL4580639,-8.5,-69.75,31,-2.2500,-0.89,441,534,544,-93
TDP43_v2,CHEMBL4580800,-8.5,-62.37,31,-2.0119,6.49,677,799,799,-122
TDP43_v2,CHEMBL4580964,-8.5,-83.72,31,-2.7006,-14.86,161,147,166,14
TDP43_v2,CHEMBL4581271,-8.5,-105.84,26,-4.0708,-47.09,11,5,2,6
TDP43_v2,CHEMBL4581435,-8.5,-72.23,30,-2.4077,-5.39,387,367,375,20
TDP43_v2,CHEMBL4581531,-8.5,-77.06,31,-2.4858,-8.20,271,288,304,-17
TDP43_v2,CHEMBL4581606,-8.5,-84.28,28,-3.0100,-21.48,153,67,56,86
TDP43_v2,CHEMBL4581608,-8.5,-71.85,25,-2.8740,-15.12,397,143,90,254
TDP43_v2,CHEMBL4581661,-8.5,-69.55,30,-2.3183,-2.71,452,464,469,-12
TDP43_v2,CHEMBL4581829,-8.5,-121.28,33,-3.6752,-48.37,5,4,6,1
TDP43_v2,CHEMBL4581868,-8.5,-80.95,35,-2.3129,-4.00,211,416,474,-205
TDP43_v2,CHEMBL4581873,-8.5,-57.57,28,-2.0561,5.23,795,758,758,37
TDP43_v2,CHEMBL4582130,-8.5,-64.02,32,-2.0006,6.86,638,815,815,-177
TDP43_v2,CHEMBL4582309,-8.5,-78.24,37,-2.1146,2.75,248,674,700,-426
TDP43_v2,CHEMBL4582456,-8.5,-64.92,23,-2.8226,-12.23,603,189,110,414
TDP43_v2,CHEMBL4583548,-8.5,-98.15,29,-3.3845,-33.33,32,13,19,19
TDP43_v2,CHEMBL4635162,-8.5,-59.17,37,-1.5992,21.82,746,1132,1106,-386
TDP43_v2,CHEMBL4635193,-8.5,-98.88,32,-3.0900,-28.00,23,30,44,-7
TDP43_v2,CHEMBL4635243,-8.5,-46.25,26,-1.7788,12.50,1062,987,999,75
TDP43_v2,CHEMBL4635819,-8.5,-67.87,29,-2.3403,-3.05,504,446,439,58
TDP43_v2,CHEMBL4635912,-8.5,-101.02,36,-2.8061,-22.05,18,62,119,-44
TDP43_v2,CHEMBL4635954,-8.5,-83.73,33,-2.5373,-10.82,160,229,264,-69
TDP43_v2,CHEMBL4636009,-8.5,-60.46,28,-2.1593,2.34,719,657,657,62
TDP43_v2,CHEMBL4636413,-8.5,-82.18,34,-2.4171,-7.25,186,307,361,-121
TDP43_v2,CHEMBL4636512,-8.5,-59.27,28,-2.1168,3.53,745,700,697,45
TDP43_v2,CHEMBL4636528,-8.5,-64.97,28,-2.3204,-2.17,599,486,466,113
TDP43_v2,CHEMBL4637130,-8.5,-54.83,23,-2.3839,-2.14,895,487,404,408
TDP43_v2,CHEMBL4637780,-8.5,-45.15,21,-2.1500,3.49,1079,698,666,381
TDP43_v2,CHEMBL4638755,-8.5,-66.49,30,-2.2163,0.35,546,576,582,-30
TDP43_v2,CHEMBL4638944,-8.5,-82.55,31,-2.6629,-13.69,179,166,187,13
TDP43_v2,CHEMBL4639333,-8.5,-65.37,33,-1.9809,7.54,587,839,832,-252
TDP43_v2,CHEMBL4639542,-8.5,-68.68,28,-2.4529,-5.88,474,349,330,125
TDP43_v2,CHEMBL4639606,-8.5,-68.63,33,-2.0797,4.28,477,726,734,-249
TDP43_v2,CHEMBL4639745,-8.5,-92.01,33,-2.7882,-19.10,63,89,126,-26
TDP43_v2,CHEMBL497968,-8.5,-57.63,30,-1.9210,9.21,793,900,896,-107
TDP43_v2,CHEMBL498005,-8.5,-74.31,25,-2.9724,-17.58,337,105,64,232
TDP43_v2,CHEMBL498434,-8.5,-67.60,28,-2.4143,-4.80,513,387,369,126
TDP43_v2,CHEMBL498572,-8.5,-42.44,26,-1.6323,16.31,1110,1062,1091,48
TDP43_v2,CHEMBL498704,-8.5,-128.65,34,-3.7838,-53.72,2,2,4,0
TDP43_v2,CHEMBL499637,-8.5,-50.56,26,-1.9446,8.19,972,863,872,109
TDP43_v2,CHEMBL504812,-8.5,-55.06,28,-1.9664,7.74,887,846,846,41
TDP43_v2,CHEMBL508248,-8.5,-39.98,25,-1.5992,16.75,1130,1076,1105,54
TDP43_v2,CHEMBL509257,-8.5,-72.85,33,-2.2076,0.06,375,565,595,-190
TDP43_v2,CHEMBL510459,-8.5,-63.34,29,-2.1841,1.48,655,619,626,36
TDP43_v2,CHEMBL511228,-8.5,-75.27,29,-2.5955,-10.45,319,237,224,82
TDP43_v2,CHEMBL511521,-8.5,-63.31,25,-2.5324,-6.58,658,335,266,323
TDP43_v2,CHEMBL511599,-8.5,-45.84,34,-1.3482,29.09,1069,1157,1156,-88
TDP43_v2,CHEMBL512322,-8.5,-64.48,29,-2.2234,0.34,621,575,574,46
TDP43_v2,CHEMBL512403,-8.5,-61.92,25,-2.4768,-5.19,688,376,310,312
TDP43_v2,CHEMBL512515,-8.5,-53.56,22,-2.4345,-2.89,919,455,349,464
TDP43_v2,CHEMBL513018,-8.5,-64.11,32,-2.0034,6.77,635,813,812,-178
TDP43_v2,CHEMBL513170,-8.5,-71.61,30,-2.3870,-4.77,402,389,400,13
TDP43_v2,CHEMBL513351,-8.5,-58.80,30,-1.9600,8.04,755,855,853,-100
TDP43_v2,CHEMBL514397,-8.5,-73.65,28,-2.6304,-10.85,358,226,206,132
TDP43_v2,CHEMBL514533,-8.5,-67.97,36,-1.8881,11.00,497,955,928,-458
TDP43_v2,CHEMBL514547,-8.5,-63.09,29,-2.1755,1.73,664,631,635,33
TDP43_v2,CHEMBL514645,-8.5,-56.36,24,-2.3483,-1.65,838,503,435,335
TDP43_v2,CHEMBL514681,-8.5,-74.07,31,-2.3894,-5.21,348,375,395,-27
TDP43_v2,CHEMBL514861,-8.5,-89.29,32,-2.7903,-18.41,93,92,125,1
TDP43_v2,CHEMBL515003,-8.5,-62.88,33,-1.9055,10.03,668,926,906,-258
TDP43_v2,CHEMBL515072,-8.5,-51.42,30,-1.7140,15.42,955,1049,1044,-94
TDP43_v2,CHEMBL516091,-8.5,-45.64,27,-1.6904,15.13,1071,1040,1059,31
TDP43_v2,CHEMBL516744,-8.5,-73.65,28,-2.6304,-10.85,359,225,205,134
TDP43_v2,CHEMBL517097,-8.5,-81.13,31,-2.6171,-12.27,204,186,213,18
TDP43_v2,CHEMBL517404,-8.5,-58.94,31,-1.9013,9.92,752,922,914,-170
TDP43_v2,CHEMBL517410,-8.5,-71.21,33,-2.1579,1.70,411,628,658,-217
TDP43_v2,CHEMBL517672,-8.5,-42.98,25,-1.7192,13.75,1101,1016,1038,85
TDP43_v2,CHEMBL518088,-8.5,-49.12,25,-1.9648,7.61,1005,842,848,163
TDP43_v2,CHEMBL518841,-8.5,-58.63,32,-1.8322,12.25,761,983,969,-222
TDP43_v2,CHEMBL518969,-8.5,-77.38,27,-2.8659,-16.61,264,120,92,144
TDP43_v2,CHEMBL519325,-8.5,-98.98,35,-2.8280,-22.03,22,63,107,-41
TDP43_v2,CHEMBL519416,-8.5,-51.24,37,-1.3849,29.75,958,1159,1155,-201
TDP43_v2,CHEMBL521395,-8.5,-47.38,38,-1.2468,35.64,1036,1163,1163,-127
TDP43_v2,CHEMBL522290,-8.5,-84.10,31,-2.7129,-15.24,155,141,158,14
TDP43_v2,CHEMBL522708,-8.5,-77.73,34,-2.2862,-2.80,261,461,506,-200
TDP43_v2,CHEMBL523261,-8.5,-58.28,25,-2.3312,-1.55,771,507,448,264
TDP43_v2,CHEMBL523460,-8.5,-44.57,28,-1.5918,18.23,1085,1107,1107,-22
TDP43_v2,CHEMBL523748,-8.5,-75.82,30,-2.5273,-8.98,301,268,271,33
TDP43_v2,CHEMBL523842,-8.5,-54.00,29,-1.8621,10.82,914,948,953,-34
TDP43_v2,CHEMBL524197,-8.5,-65.41,29,-2.2555,-0.59,585,543,541,42
TDP43_v2,CHEMBL524830,-8.5,-48.63,24,-2.0263,6.08,1011,787,786,224
TDP43_v2,CHEMBL525524,-8.5,-66.50,37,-1.7973,14.49,544,1025,988,-481
TDP43_v2,CHEMBL526619,-8.5,-47.57,28,-1.6989,15.23,1029,1045,1053,-16
TDP43_v2,CHEMBL527052,-8.5,-31.29,24,-1.3037,23.42,1161,1145,1160,16
TDP43_v2,CHEMBL528745,-8.5,-79.24,34,-2.3306,-4.31,233,403,450,-170
TDP43_v2,CHEMBL552271,-8.5,-89.81,33,-2.7215,-16.90,87,115,153,-28
TDP43_v2,CHEMBL557012,-8.5,-65.75,26,-2.5288,-7.00,573,317,269,256
TDP43_v2,CHEMBL557755,-8.5,-63.69,28,-2.2746,-0.89,650,533,520,117
TDP43_v2,CHEMBL558903,-8.5,-66.07,30,-2.2023,0.77,559,596,602,-37
TDP43_v2,CHEMBL559588,-8.5,-50.68,23,-2.2035,2.01,970,642,600,328
TDP43_v2,CHEMBL559808,-8.5,-55.67,25,-2.2268,1.06,863,605,569,258
TDP43_v2,CHEMBL560590,-8.5,-56.70,27,-2.1000,4.07,823,719,717,104
TDP43_v2,CHEMBL560765,-8.5,-72.34,27,-2.6793,-11.57,385,207,179,178
TDP43_v2,CHEMBL560844,-8.5,-55.46,27,-2.0541,5.31,871,762,762,109
TDP43_v2,CHEMBL562197,-8.5,-88.19,31,-2.8448,-19.33,102,87,96,15
TDP43_v2,CHEMBL563577,-8.5,-81.39,33,-2.4664,-8.48,201,283,316,-82
TDP43_v2,CHEMBL564614,-8.5,-50.42,30,-1.6807,16.42,976,1067,1069,-91
TDP43_v2,CHEMBL565035,-8.5,-64.80,31,-2.0903,4.06,606,717,723,-111
TDP43_v2,CHEMBL565614,-8.5,-65.27,34,-1.9197,9.66,589,911,897,-322
TDP43_v2,CHEMBL566011,-8.5,-84.45,32,-2.6391,-13.57,151,169,201,-18
TDP43_v2,CHEMBL566258,-8.5,-70.68,27,-2.6178,-9.91,420,248,212,172
TDP43_v2,CHEMBL566362,-8.5,-91.18,35,-2.6051,-14.23,67,159,219,-92
TDP43_v2,CHEMBL566415,-8.5,-83.99,31,-2.7094,-15.13,158,142,161,16
TDP43_v2,CHEMBL8620,-8.5,-50.29,29,-1.7341,14.53,982,1026,1028,-44
TDP43_v2,CHEMBL8845,-8.5,-49.54,28,-1.7693,13.26,998,1002,1008,-4
TDP43_v2,CHEMBL8960,-8.5,-64.11,26,-2.4658,-5.36,634,368,317,266
TDP43_v2,CHEMBL9951,-8.5,-57.35,30,-1.9117,9.49,800,905,900,-105
TDP43_v2,RILPIVIRINE,-8.5,-71.72,30,-2.3907,-4.88,399,385,391,14
TDP43_v2,CHEMBL1094870,-8.4,-98.59,34,-2.8997,-23.66,26,50,84,-24
TDP43_v2,CHEMBL1207638,-8.4,-69.22,30,-2.3073,-2.38,463,481,481,-18
TDP43_v2,CHEMBL1210537,-8.4,-69.43,27,-2.5715,-8.66,456,274,239,182
TDP43_v2,CHEMBL1242980,-8.4,-38.42,25,-1.5368,18.31,1141,1108,1128,33
TDP43_v2,CHEMBL1243230,-8.4,-70.03,31,-2.2590,-1.17,437,517,535,-80
TDP43_v2,CHEMBL12566,-8.4,-80.71,32,-2.5222,-9.83,214,251,276,-37
TDP43_v2,CHEMBL13078,-8.4,-53.25,29,-1.8362,11.57,923,968,964,-45
TDP43_v2,CHEMBL1422628,-8.4,-56.21,29,-1.9383,8.61,843,883,882,-40
TDP43_v2,CHEMBL1501463,-8.4,-45.47,22,-2.0668,5.20,1074,755,748,319
TDP43_v2,CHEMBL1513171,-8.4,-74.51,26,-2.8658,-15.76,334,130,93,204
TDP43_v2,CHEMBL1590708,-8.4,-50.33,26,-1.9358,8.42,979,875,883,104
TDP43_v2,CHEMBL166209,-8.4,-47.67,22,-2.1668,3.00,1028,684,646,344
TDP43_v2,CHEMBL1795744,-8.4,-50.30,21,-2.3952,-1.66,981,502,387,479
TDP43_v2,CHEMBL1795801,-8.4,-65.80,27,-2.4370,-5.03,571,381,347,190
TDP43_v2,CHEMBL1795920,-8.4,-94.07,31,-3.0345,-25.21,45,37,50,8
TDP43_v2,CHEMBL1796807,-8.4,-75.32,22,-3.4236,-24.65,318,40,18,278
TDP43_v2,CHEMBL1808742,-8.4,-37.98,24,-1.5825,16.73,1143,1075,1112,68
TDP43_v2,CHEMBL18518,-8.4,-90.45,33,-2.7409,-17.54,84,107,143,-23
TDP43_v2,CHEMBL1858811,-8.4,-57.87,28,-2.0668,4.93,780,746,749,34
TDP43_v2,CHEMBL1858965,-8.4,-48.99,29,-1.6893,15.83,1007,1056,1060,-49
TDP43_v2,CHEMBL1859068,-8.4,-70.67,28,-2.5239,-7.87,421,295,275,126
TDP43_v2,CHEMBL1859186,-8.4,-49.95,26,-1.9212,8.80,990,887,895,103
TDP43_v2,CHEMBL1859233,-8.4,-40.07,23,-1.7422,12.62,1129,990,1022,139
TDP43_v2,CHEMBL1859526,-8.4,-46.33,24,-1.9304,8.38,1056,871,886,185
TDP43_v2,CHEMBL1859737,-8.4,-46.27,26,-1.7796,12.48,1058,986,997,72
TDP43_v2,CHEMBL1859833,-8.4,-83.21,24,-3.4671,-28.50,167,29,14,138
TDP43_v2,CHEMBL1859834,-8.4,-74.08,30,-2.4693,-7.24,344,311,315,33
TDP43_v2,CHEMBL1860176,-8.4,-54.15,28,-1.9339,8.65,912,884,884,28
TDP43_v2,CHEMBL1860385,-8.4,-73.00,31,-2.3548,-4.14,371,409,428,-38
TDP43_v2,CHEMBL1860747,-8.4,-47.41,24,-1.9754,7.30,1034,831,840,203
TDP43_v2,CHEMBL1861513,-8.4,-62.13,28,-2.2189,0.67,684,591,579,93
TDP43_v2,CHEMBL1861785,-8.4,-37.39,22,-1.6995,13.28,1146,1003,1052,143
TDP43_v2,CHEMBL1862849,-8.4,-43.56,33,-1.3200,29.35,1098,1158,1157,-60
TDP43_v2,CHEMBL1862944,-8.4,-47.17,33,-1.4294,25.74,1044,1154,1148,-110
TDP43_v2,CHEMBL1863195,-8.4,-53.36,33,-1.6170,19.55,921,1118,1099,-197
TDP43_v2,CHEMBL1863219,-8.4,-84.88,33,-2.5721,-11.97,141,196,238,-55
TDP43_v2,CHEMBL1863325,-8.4,-60.46,28,-2.1593,2.34,718,656,656,62
TDP43_v2,CHEMBL1863368,-8.4,-52.14,33,-1.5800,20.77,943,1129,1113,-186
TDP43_v2,CHEMBL1864636,-8.4,-69.58,37,-1.8805,11.41,450,966,935,-516
TDP43_v2,CHEMBL1864943,-8.4,-60.78,22,-2.7627,-10.11,710,243,133,467
TDP43_v2,CHEMBL1865048,-8.4,-64.56,31,-2.0826,4.30,617,727,730,-110
TDP43_v2,CHEMBL1865174,-8.4,-35.44,22,-1.6109,15.23,1154,1044,1102,110
TDP43_v2,CHEMBL1865285,-8.4,-72.48,30,-2.4160,-5.64,382,356,367,26
TDP43_v2,CHEMBL1865345,-8.4,-66.07,35,-1.8877,10.88,560,951,929,-391
TDP43_v2,CHEMBL1865669,-8.4,-57.80,31,-1.8645,11.06,783,957,950,-174
TDP43_v2,CHEMBL1865801,-8.4,-49.94,23,-2.1713,2.75,991,673,643,318
TDP43_v2,CHEMBL1866455,-8.4,-64.97,27,-2.4063,-4.20,600,407,376,193
TDP43_v2,CHEMBL1872278,-8.4,-44.08,25,-1.7632,12.65,1090,991,1012,99
TDP43_v2,CHEMBL191991,-8.4,-56.48,26,-2.1723,2.27,830,652,639,178
TDP43_v2,CHEMBL19349,-8.4,-63.31,30,-2.1103,3.53,657,701,706,-44
TDP43_v2,CHEMBL20375,-8.4,-57.48,24,-2.3950,-2.77,798,462,388,336
TDP43_v2,CHEMBL21140,-8.4,-69.68,34,-2.0494,5.25,448,759,766,-311
TDP43_v2,CHEMBL21190,-8.4,-65.62,30,-2.1873,1.22,578,610,622,-32
TDP43_v2,CHEMBL25345,-8.4,-70.78,35,-2.0223,6.17,418,790,790,-372
TDP43_v2,CHEMBL26844,-8.4,-80.96,29,-2.7917,-16.14,208,125,124,83
TDP43_v2,CHEMBL28177,-8.4,-57.08,27,-2.1141,3.69,806,707,701,99
TDP43_v2,CHEMBL29364,-8.4,-65.48,31,-2.1123,3.38,582,694,705,-112
TDP43_v2,CHEMBL30051,-8.4,-47.22,30,-1.5740,19.62,1042,1121,1115,-79
TDP43_v2,CHEMBL3309993,-8.4,-73.63,28,-2.6296,-10.83,360,227,207,133
TDP43_v2,CHEMBL3311108,-8.4,-74.22,39,-1.9031,10.82,339,947,912,-608
TDP43_v2,CHEMBL3311109,-8.4,-82.94,37,-2.2416,-1.95,170,493,556,-323
TDP43_v2,CHEMBL4434863,-8.4,-62.80,23,-2.7304,-10.11,672,244,147,428
TDP43_v2,CHEMBL4435086,-8.4,-85.88,37,-2.3211,-4.89,123,384,465,-261
TDP43_v2,CHEMBL4435183,-8.4,-36.57,34,-1.0756,38.36,1151,1165,1165,-14
TDP43_v2,CHEMBL4435572,-8.4,-68.86,29,-2.3745,-4.04,471,413,412,58
TDP43_v2,CHEMBL4435833,-8.4,-75.69,34,-2.2262,-0.76,305,536,572,-231
TDP43_v2,CHEMBL4436056,-8.4,-65.23,35,-1.8637,11.72,593,973,952,-380
TDP43_v2,CHEMBL4528205,-8.4,-62.80,34,-1.8471,12.13,671,981,960,-310
TDP43_v2,CHEMBL4529431,-8.4,-81.62,29,-2.8145,-16.80,195,116,114,79
TDP43_v2,CHEMBL4529977,-8.4,-94.03,31,-3.0332,-25.17,46,38,51,8
TDP43_v2,CHEMBL4530238,-8.4,-70.15,25,-2.8060,-13.42,435,171,120,264
TDP43_v2,CHEMBL4530572,-8.4,-57.85,32,-1.8078,13.03,781,995,983,-214
TDP43_v2,CHEMBL4530588,-8.4,-67.99,36,-1.8886,10.98,495,953,925,-458
TDP43_v2,CHEMBL4530623,-8.4,-66.01,30,-2.2003,0.83,563,600,606,-37
TDP43_v2,CHEMBL4530711,-8.4,-73.83,23,-3.2100,-21.14,352,70,29,282
TDP43_v2,CHEMBL4530829,-8.4,-76.02,35,-2.1720,0.93,294,603,641,-309
TDP43_v2,CHEMBL4530878,-8.4,-50.22,27,-1.8600,10.55,983,942,955,41
TDP43_v2,CHEMBL4531198,-8.4,-79.10,32,-2.4719,-8.22,235,287,312,-52
TDP43_v2,CHEMBL4531264,-8.4,-70.98,35,-2.0280,5.97,416,783,784,-367
TDP43_v2,CHEMBL4531266,-8.4,-33.03,23,-1.4361,19.66,1156,1122,1147,34
TDP43_v2,CHEMBL4531394,-8.4,-60.50,31,-1.9516,8.36,716,869,868,-153
TDP43_v2,CHEMBL4531401,-8.4,-57.15,29,-1.9707,7.67,804,845,844,-41
TDP43_v2,CHEMBL4531544,-8.4,-64.01,27,-2.3707,-3.24,639,438,417,201
TDP43_v2,CHEMBL4531786,-8.4,-69.82,30,-2.3273,-2.98,440,451,455,-11
TDP43_v2,CHEMBL4531799,-8.4,-54.39,31,-1.7545,14.47,906,1024,1017,-118
TDP43_v2,CHEMBL4532223,-8.4,-87.11,32,-2.7222,-16.23,108,124,152,-16
TDP43_v2,CHEMBL4532287,-8.4,-89.78,29,-3.0959,-24.96,89,39,43,50
TDP43_v2,CHEMBL4532313,-8.4,-56.47,21,-2.6890,-7.83,831,297,173,534
TDP43_v2,CHEMBL4532359,-8.4,-56.39,28,-2.0139,6.41,836,796,797,40
TDP43_v2,CHEMBL4532735,-8.4,-64.09,25,-2.5636,-7.36,636,304,246,332
TDP43_v2,CHEMBL4533401,-8.4,-65.04,32,-2.0325,5.84,598,777,779,-179
TDP43_v2,CHEMBL4534320,-8.4,-75.68,31,-2.4413,-6.82,306,326,343,-20
TDP43_v2,CHEMBL4534511,-8.4,-64.69,23,-2.8126,-12.00,611,195,116,416
TDP43_v2,CHEMBL4534728,-8.4,-91.13,36,-2.5314,-12.16,70,190,267,-120
TDP43_v2,CHEMBL4543556,-8.4,-49.97,35,-1.4277,26.98,989,1156,1150,-167
TDP43_v2,CHEMBL4553589,-8.4,-98.24,35,-2.8069,-21.29,30,69,118,-39
TDP43_v2,CHEMBL4562707,-8.4,-40.34,19,-2.1232,4.26,1127,724,692,403
TDP43_v2,CHEMBL4562825,-8.4,-62.14,23,-2.7017,-9.45,683,256,164,427
TDP43_v2,CHEMBL4565057,-8.4,-41.81,23,-1.8178,10.88,1116,949,979,167
TDP43_v2,CHEMBL4569433,-8.4,-52.70,32,-1.6469,18.18,933,1106,1086,-173
TDP43_v2,CHEMBL4570266,-8.4,-41.17,26,-1.5835,17.58,1121,1095,1111,26
TDP43_v2,CHEMBL4570314,-8.4,-82.27,30,-2.7423,-15.43,184,137,141,47
TDP43_v2,CHEMBL4570385,-8.4,-52.74,29,-1.8186,12.08,932,980,978,-48
TDP43_v2,CHEMBL4570440,-8.4,-68.62,36,-1.9061,10.35,479,936,905,-457
TDP43_v2,CHEMBL4571187,-8.4,-82.12,31,-2.6490,-13.26,188,174,193,14
TDP43_v2,CHEMBL4571300,-8.4,-76.20,30,-2.5400,-9.36,291,259,260,32
TDP43_v2,CHEMBL4571349,-8.4,-59.45,29,-2.0500,5.37,740,765,765,-25
TDP43_v2,CHEMBL4571461,-8.4,-92.64,32,-2.8950,-21.76,60,66,85,-6
TDP43_v2,CHEMBL4572090,-8.4,-62.22,28,-2.2221,0.58,680,588,576,92
TDP43_v2,CHEMBL4572205,-8.4,-48.59,25,-1.9436,8.14,1012,860,874,152
TDP43_v2,CHEMBL4572927,-8.4,-45.28,26,-1.7415,13.47,1077,1009,1024,68
TDP43_v2,CHEMBL4573316,-8.4,-63.96,28,-2.2843,-1.16,640,518,510,122
TDP43_v2,CHEMBL4573333,-8.4,-74.08,28,-2.6457,-11.28,346,215,198,131
TDP43_v2,CHEMBL4573695,-8.4,-72.73,30,-2.4243,-5.89,377,348,354,29
TDP43_v2,CHEMBL4573918,-8.4,-53.99,32,-1.6872,16.89,915,1080,1064,-165
TDP43_v2,CHEMBL4575361,-8.4,-93.15,37,-2.5176,-12.16,55,191,281,-136
TDP43_v2,CHEMBL4575421,-8.4,-40.61,25,-1.6244,16.12,1124,1058,1096,66
TDP43_v2,CHEMBL4575814,-8.4,-56.86,25,-2.2744,-0.13,820,561,521,259
TDP43_v2,CHEMBL4580706,-8.4,-57.88,24,-2.4117,-3.17,779,440,372,339
TDP43_v2,CHEMBL4580911,-8.4,-75.70,29,-2.6103,-10.88,304,224,216,80
TDP43_v2,CHEMBL4581299,-8.4,-91.84,34,-2.7012,-16.91,65,114,165,-49
TDP43_v2,CHEMBL4581383,-8.4,-58.60,33,-1.7758,14.31,763,1023,1003,-260
TDP43_v2,CHEMBL4581665,-8.4,-60.19,30,-2.0063,6.65,728,808,808,-80
TDP43_v2,CHEMBL4584611,-8.4,-82.57,28,-2.9489,-19.77,178,82,71,96
TDP43_v2,CHEMBL4634835,-8.4,-69.35,36,-1.9264,9.62,459,908,889,-449
TDP43_v2,CHEMBL4635020,-8.4,-57.49,32,-1.7966,13.39,797,1007,989,-210
TDP43_v2,CHEMBL4635746,-8.4,-74.21,29,-2.5590,-9.39,340,258,248,82
TDP43_v2,CHEMBL4635830,-8.4,-57.73,33,-1.7494,15.18,786,1042,1019,-256
TDP43_v2,CHEMBL4636028,-8.4,-71.33,31,-2.3010,-2.47,407,475,487,-68
TDP43_v2,CHEMBL4636254,-8.4,-71.85,36,-1.9958,7.12,396,825,818,-429
TDP43_v2,CHEMBL4636331,-8.4,-55.22,33,-1.6733,17.69,881,1096,1072,-215
TDP43_v2,CHEMBL4636766,-8.4,-70.39,32,-2.1997,0.49,431,582,608,-151
TDP43_v2,CHEMBL4636779,-8.4,-77.44,32,-2.4200,-6.56,263,336,358,-73
TDP43_v2,CHEMBL4637306,-8.4,-82.32,30,-2.7440,-15.48,183,135,139,48
TDP43_v2,CHEMBL4637380,-8.4,-82.62,33,-2.5036,-9.71,175,253,291,-78
TDP43_v2,CHEMBL4637560,-8.4,-60.03,28,-2.1439,2.77,729,675,674,54
TDP43_v2,CHEMBL4637610,-8.4,-72.51,33,-2.1973,0.40,381,579,612,-198
TDP43_v2,CHEMBL4638343,-8.4,-86.47,38,-2.2755,-3.45,114,430,518,-316
TDP43_v2,CHEMBL4638387,-8.4,-55.78,24,-2.3242,-1.07,858,522,462,336
TDP43_v2,CHEMBL4638639,-8.4,-76.54,36,-2.1261,2.43,283,662,688,-379
TDP43_v2,CHEMBL4638751,-8.4,-34.86,23,-1.5157,17.83,1155,1099,1133,56
TDP43_v2,CHEMBL4638888,-8.4,-75.13,32,-2.3478,-4.25,323,406,436,-83
TDP43_v2,CHEMBL4638937,-8.4,-85.54,35,-2.4440,-8.59,132,279,339,-147
TDP43_v2,CHEMBL4638972,-8.4,-74.84,31,-2.4142,-5.98,329,346,370,-17
TDP43_v2,CHEMBL496101,-8.4,-57.01,24,-2.3754,-2.30,812,482,410,330
TDP43_v2,CHEMBL497735,-8.4,-50.78,30,-1.6927,16.06,967,1057,1056,-90
TDP43_v2,CHEMBL497765,-8.4,-54.65,24,-2.2771,0.06,900,566,517,334
TDP43_v2,CHEMBL497781,-8.4,-37.12,19,-1.9537,7.48,1149,835,866,314
TDP43_v2,CHEMBL497809,-8.4,-62.68,30,-2.0893,4.16,674,721,724,-47
TDP43_v2,CHEMBL497967,-8.4,-42.50,26,-1.6346,16.25,1109,1060,1090,49
TDP43_v2,CHEMBL498280,-8.4,-64.65,28,-2.3089,-1.85,614,494,476,120
TDP43_v2,CHEMBL498749,-8.4,-71.20,32,-2.2250,-0.32,413,552,573,-139
TDP43_v2,CHEMBL499605,-8.4,-78.26,33,-2.3715,-5.35,247,369,415,-122
TDP43_v2,CHEMBL501013,-8.4,-37.44,17,-2.2024,3.12,1145,689,601,456
TDP43_v2,CHEMBL501462,-8.4,-68.14,32,-2.1294,2.74,492,672,685,-180
TDP43_v2,CHEMBL501726,-8.4,-74.11,34,-2.1797,0.82,342,599,629,-257
TDP43_v2,CHEMBL502837,-8.4,-64.70,30,-2.1567,2.14,609,645,659,-36
TDP43_v2,CHEMBL502966,-8.4,-29.78,21,-1.4181,18.86,1164,1112,1152,52
TDP43_v2,CHEMBL504261,-8.4,-52.06,21,-2.4790,-3.42,945,432,308,513
TDP43_v2,CHEMBL504267,-8.4,-67.51,27,-2.5004,-6.74,518,328,292,190
TDP43_v2,CHEMBL506611,-8.4,-45.92,19,-2.4168,-1.32,1067,512,362,555
TDP43_v2,CHEMBL506980,-8.4,-50.44,26,-1.9400,8.31,975,867,879,108
TDP43_v2,CHEMBL507348,-8.4,-43.53,26,-1.6742,15.22,1099,1043,1070,56
TDP43_v2,CHEMBL507747,-8.4,-50.72,25,-2.0288,6.01,969,785,783,184
TDP43_v2,CHEMBL508050,-8.4,-63.61,27,-2.3559,-2.84,651,459,427,192
TDP43_v2,CHEMBL508187,-8.4,-76.89,31,-2.4803,-8.03,275,292,306,-17
TDP43_v2,CHEMBL508883,-8.4,-52.85,25,-2.1140,3.88,930,713,702,217
TDP43_v2,CHEMBL509970,-8.4,-73.33,29,-2.5286,-8.51,365,280,270,85
TDP43_v2,CHEMBL510009,-8.4,-74.08,27,-2.7437,-13.31,347,173,140,174
TDP43_v2,CHEMBL510937,-8.4,-61.85,31,-1.9952,7.01,689,818,819,-129
TDP43_v2,CHEMBL511177,-8.4,-45.61,26,-1.7542,13.14,1072,998,1018,74
TDP43_v2,CHEMBL511458,-8.4,-78.97,31,-2.5474,-10.11,238,245,256,-7
TDP43_v2,CHEMBL511518,-8.4,-70.41,22,-3.2005,-19.74,428,83,32,345
TDP43_v2,CHEMBL511812,-8.4,-43.68,28,-1.5600,19.12,1096,1115,1119,-19
TDP43_v2,CHEMBL512038,-8.4,-53.13,22,-2.4150,-2.46,926,476,368,450
TDP43_v2,CHEMBL512206,-8.4,-68.95,27,-2.5537,-8.18,466,290,249,176
TDP43_v2,CHEMBL512267,-8.4,-67.96,28,-2.4271,-5.16,498,377,353,121
TDP43_v2,CHEMBL512573,-8.4,-46.82,29,-1.6145,18.00,1052,1102,1101,-50
TDP43_v2,CHEMBL514968,-8.4,-66.14,33,-2.0042,6.77,555,812,811,-257
TDP43_v2,CHEMBL515453,-8.4,-77.28,35,-2.2080,-0.33,266,551,593,-285
TDP43_v2,CHEMBL515786,-8.4,-65.20,28,-2.3286,-2.40,594,479,452,115
TDP43_v2,CHEMBL516163,-8.4,-71.56,31,-2.3084,-2.70,403,465,479,-62
TDP43_v2,CHEMBL517068,-8.4,-54.69,28,-1.9532,8.11,899,859,867,40
TDP43_v2,CHEMBL517170,-8.4,-63.93,35,-1.8266,13.02,641,994,973,-353
TDP43_v2,CHEMBL517333,-8.4,-67.55,29,-2.3293,-2.73,516,463,451,53
TDP43_v2,CHEMBL517351,-8.4,-52.64,25,-2.1056,4.09,934,720,710,214
TDP43_v2,CHEMBL517867,-8.4,-51.34,28,-1.8336,11.46,956,967,968,-11
TDP43_v2,CHEMBL518018,-8.4,-93.73,27,-3.4715,-32.96,51,16,13,35
TDP43_v2,CHEMBL518113,-8.4,-82.05,29,-2.8293,-17.23,190,111,105,79
TDP43_v2,CHEMBL518545,-8.4,-92.86,35,-2.6531,-15.91,57,127,191,-70
TDP43_v2,CHEMBL518588,-8.4,-79.76,22,-3.6255,-29.09,225,27,9,198
TDP43_v2,CHEMBL519264,-8.4,-85.44,35,-2.4411,-8.49,134,282,344,-148
TDP43_v2,CHEMBL519419,-8.4,-87.77,23,-3.8161,-35.08,104,11,3,93
TDP43_v2,CHEMBL519601,-8.4,-99.29,31,-3.2029,-30.43,21,23,31,-2
TDP43_v2,CHEMBL519836,-8.4,-32.66,25,-1.3064,24.07,1158,1147,1158,11
TDP43_v2,CHEMBL520034,-8.4,-66.24,27,-2.4533,-5.47,553,364,329,189
TDP43_v2,CHEMBL520037,-8.4,-67.40,34,-1.9824,7.53,520,837,831,-317
