target,ligand,vina_affinity,smiles,mmgbsa_dG,e_complex,e_receptor,e_ligand,error
SOD1,CHEMBL4584906,-7.7,N=C1N/C(=N/NC(=O)c2ccc(CN3C(=O)c4cccc5cccc3c45)cc2)c2ccccc21,-66.74,-457.98,-443.03,51.78,
SOD1,CHEMBL4637347,-7.6,O=C(c1ccccc1)N1CCN(C2CN(C(=O)c3ccc4c(cnn4-c4ccccc4)c3)C2)CC1,-70.48,-835.56,-984.07,218.99,
SOD1,CHEMBL27556,-7.4,O=C(NO)c1ccc(CNC(=O)c2ccc3ccccc3c2)cc1,-60.93,-624.65,-605.81,42.09,
SOD1,CHEMBL4530189,-7.3,O=S(=O)(NCCNCc1ccc2cc(-c3cccnc3)ccc2c1)c1cccc2cnccc12,-78.38,-777.29,-719.66,20.75,
SOD1,CHEMBL4534728,-7.3,CC(C)(Oc1ccc(-c2cnc(N)c(-c3ccc4c(c3)CCNC4=O)n2)cc1)C(N)=O,-50.33,-604.29,-638.34,84.38,
SOD1,CHEMBL523154,-7.3,C[C@@]1(CO)C[C@H](O)C[C@@]2(C)[C@H]1CC[C@H]1C[C@H]3[C@H](O)[C@]12CC[C@]3(C)O,-44.38,-1383.08,-1471.55,132.85,
SOD1,CHEMBL4531853,-7.2,O=C(NO)c1ccc(CNC(=O)c2cc(Cn3c4ccccc4c4ccccc43)on2)cc1,-80.1,-611.21,-598.29,67.18,
SOD1,CHEMBL4531945,-7.2,Cc1cc(O)c(=O)c(O)cc1C(=O)c1cccc(-c2cccc3ccccc23)c1,-52.29,-332.94,-427.59,146.94,
SOD1,CHEMBL4568323,-7.2,O=C(O)[C@H]1C2CCC(CC2)[C@@H]1Nc1nc(-c2c[nH]c3ncc(F)cc23)nc2sccc12,-56.31,-1474.0,-1405.25,-12.44,
SOD1,CHEMBL4636104,-7.2,Cc1ccc2nc(-c3cccc(C(=O)NCCc4ccccc4)c3)[nH]c2c1,-96.06,-735.22,-678.99,39.82,
SOD1,CHEMBL526671,-7.2,Cn1cc(-c2ccc3c(c2)CC/C3=N\O)c(-c2ccc3c(cnn3C)c2)n1,-61.7,-381.6,-434.82,114.92,
SOD1,CHEMBL26518,-7.1,O=C(NCC1CCC(C(=O)NO)CC1)c1ccc2ccccc2c1,-57.76,-605.09,-594.74,47.41,
SOD1,CHEMBL4436123,-7.1,Nc1ncnc2c3c(n(-c4ccc(NC(=O)Cc5cc(C(F)(F)F)ccc5F)cc4)c12)CCC3,-95.52,-1368.73,-1263.4,-9.81,
SOD1,CHEMBL4533386,-7.1,C=C1[C@@]2(C)CC3=C(C)[C@]4(C=CC(=O)OC4(C)C)CC[C@]3(C)[C@@]13C(=O)O[C@@H](C)[C@@]3(O)C2=O,-71.9,-1534.81,-1621.9,158.99,
SOD1,CHEMBL4568196,-7.1,N#CC1(c2ccc(-c3cnc(N)c(-c4ccc5c(c4)C4(CC4)NC5=O)n3)cc2)CCOCC1,-82.3,-623.87,-606.8,65.23,
SOD1,CHEMBL4571895,-7.1,O=C(COc1ccc(-c2nc3ccccc3c(=O)[nH]2)cc1)Nc1cccc2ccccc12,-89.36,-1353.74,-1271.76,7.39,
SOD1,CHEMBL4571979,-7.1,CC1CCc2cc(F)cc3c(O)c(C(=O)NCc4ccc5c(c4)OCCO5)c(=O)n1c23,-72.75,-542.86,-418.76,-51.35,
SOD1,CHEMBL4572132,-7.1,COc1ccc2[nH]cc(C3CCN(CCN4C(=O)CC(c5c[nH]c6ccc(F)cc56)C4=O)CC3)c2c1,-79.27,-540.41,-493.86,32.71,
SOD1,CHEMBL499624,-7.1,O=C(NC1Cc2ccccc2C1)c1cccc(Nc2ccnc(N3CCN(c4ccccc4)CC3)n2)c1,-80.82,-1189.36,-1075.64,-32.91,
SOD1,CHEMBL19433,-7.0,Cn1c(C(=O)N2CCN(C(c3ccc(F)cc3)c3ccc(F)cc3)CC2)cc2cc(O)ccc21,-63.0,-583.16,-599.56,79.39,
SOD1,CHEMBL20420,-7.0,C/N=C(\N)c1ccc(NC(=O)c2cc(C)nn2-c2cc3ccccc3cc2F)c(F)c1,-60.28,-577.43,-486.56,-30.58,
SOD1,CHEMBL21140,-7.0,Cc1cc(C(=O)Nc2ccc(C(=N)N(C)C)cc2F)n(-c2cc3ccccc3cc2F)n1,-67.28,-564.78,-455.89,-41.6,
SOD1,CHEMBL4434725,-7.0,O=c1cc(Cn2cc(CSc3nc4ccccc4[nH]3)nn2)c2ccc3ccccc3c2o1,-94.43,-815.55,-772.34,51.23,
SOD1,CHEMBL4564908,-7.0,O=C(Cc1ccccc1)NC(C(=O)NO)c1ccc(-c2cc(F)c(F)c(F)c2)cc1,-108.41,-347.71,-353.48,114.18,
SOD1,CHEMBL4585076,-7.0,Cc1cccc2c(=O)[nH]c(N3CCC4(CC3)C(=O)N(CCO)c3cc(F)cc(F)c34)nc12,-71.89,-1211.73,-1023.22,-116.62,
SOD1,CHEMBL4637570,-7.0,O=C(Nc1nc2ccccc2[nH]1)c1c(O)c2cccc3c2n(c1=O)CCC3,-65.47,-1341.08,-1194.68,-80.93,
SOD1,CHEMBL514503,-7.0,Nc1ccc(-c2ccc(F)cc2)cc1NC(=O)c1ccc(C(=O)N2CCC3(CCCN3)CC2)cc1,-84.07,-1022.93,-991.73,52.87,
SOD1,CHEMBL566402,-7.0,O=C(c1ccc2ccccc2c1)c1nc2cc(N3CCNCC3)ccc2[nH]1,-62.0,-479.96,-561.91,143.95,
SOD1,CAPMATINIB,-6.9,CNC(=O)c1ccc(-c2cnc3ncc(Cc4ccc5ncccc5c4)n3n2)cc1F,-66.1,-475.7,-485.88,76.28,
SOD1,CHEMBL1210539,-6.9,O=C(Nc1ncnc2[nH]c(-c3ccc4ccccc4c3)nc12)c1ccccc1,-62.38,-591.07,-556.26,27.57,
SOD1,CHEMBL1242810,-6.9,Cc1ccc2[nH]c(-c3ccccc3)c(/C=C/C(=C3C(=O)NC(=O)NC3=O)c3ccccc3)c2c1,-82.21,-628.01,-424.54,-121.26,
SOD1,CHEMBL1608464,-6.9,Cc1cccc(OCC(=O)Nc2cccc(C(=O)Nc3ccccc3C(=O)O)c2)c1,-110.49,-826.69,-726.33,10.13,
SOD1,CHEMBL16198,-6.9,COc1cccc([C@@H]2C/C(=N\NC(=O)C(=O)NC(C)c3ccccc3)c3ccccc3N2)c1,-62.02,-619.48,-645.9,88.43,
SOD1,CHEMBL1796459,-6.9,Cc1ccc(C2CC(c3ccccc3)=NN2C(=N)N)cc1,-52.73,-1727.49,-1619.13,-55.64,
SOD1,CHEMBL20304,-6.9,Cc1cccc2c(CC(=O)O)nn(Cc3nc4c(ccc5ccccc54)s3)c(=O)c12,-59.6,-491.59,-476.86,44.88,
SOD1,CHEMBL23584,-6.9,Cc1c(CSc2cccc3ccccc23)cnc2nc(N)nc(N)c12,-49.99,-847.43,-631.08,-166.37,
SOD1,CHEMBL23867,-6.9,Cc1c(CNc2cccc3ccccc23)cnc2nc(N)nc(N)c12,-38.61,-908.4,-691.48,-178.31,
SOD1,CHEMBL3309993,-6.9,Nc1nc2c3ccc(O)cc3nc(Cc3ccc4c(c3)OCO4)n2n1,-49.94,-1750.14,-1620.44,-79.76,
SOD1,CHEMBL4435086,-6.9,Nc1ncnc2c3c(n(-c4ccc(NC(=O)Cc5cnn(-c6ccccc6)c5)cc4)c12)CCC3,-77.32,-1296.32,-1213.51,-5.49,
SOD1,CHEMBL4435471,-6.9,Cc1ccc(-c2nn(-c3ccccc3)cc2C2N=C(N)NC(N(C)C)=N2)cc1,-94.64,-1812.31,-1494.64,-223.04,
SOD1,CHEMBL4531799,-6.9,Cn1ncc2ccc(-c3ccc4cnn(Cc5ccc(F)c(C(=O)O)c5)c4c3)cc21,-47.48,-528.96,-563.7,82.21,
SOD1,CHEMBL4534187,-6.9,O=C(NCC12CC3CC(CC(C3)C1)C2)c1ccc2ccccc2c1,-41.47,-573.21,-564.33,32.6,
SOD1,CHEMBL4566329,-6.9,C[C@H](NC(=O)c1cn(Cc2ccc(C(F)(F)F)cc2)nn1)c1ccc(C(=O)O)cc1,-80.8,-611.26,-604.25,73.8,
SOD1,CHEMBL4568330,-6.9,O=C(NCC(O)CN1CCc2ccccc2C1)c1cc2c(s1)CCN(C(=O)c1ccncc1)C2,-93.56,-1414.57,-1375.54,54.53,
SOD1,CHEMBL4570672,-6.9,CCN1C(=O)N(C2Cc3ccccc3C2)C(=O)C12CCN(Cc1cc3ccccc3[nH]1)CC2,-32.49,-549.39,-490.72,-26.18,
SOD1,CHEMBL4575882,-6.9,Cc1cccc(Nc2ncc(C(=O)c3cccc(-c4ccncc4)c3)[nH]2)c1,-97.55,-1247.43,-1159.92,10.04,
SOD1,CHEMBL4580979,-6.9,CC(NC(=O)Nc1ccc(C#N)cc1)c1ccc2ccccc2c1,-63.56,-698.02,-576.58,-57.88,
SOD1,CHEMBL4581818,-6.9,CNC(=O)c1ccc(/C=C/C(=O)c2ccc3c4c(cccc24)CC3)cc1,-61.24,-642.0,-639.0,58.24,
SOD1,CHEMBL498101,-6.9,N#Cc1ccc2cc1Oc1ccc3c(c1)[C@@H](CC3)N1CC[C@H](NCc3cncn3C2)C1=O,-48.7,-1307.15,-1283.82,25.36,
SOD1,CHEMBL501743,-6.9,CC(=O)Nc1ccc(CC2N[C@H](C(=O)Nc3ccc4c(c3)Cc3ccccc3-4)CS2)cc1,-105.69,-685.29,-655.91,76.31,
SOD1,CHEMBL503090,-6.9,O=C(Cc1ccc(F)cc1)NC(=O)Nc1ccc(Oc2ccnc3[nH]ccc23)c(F)c1,-104.79,-1387.11,-1229.46,-52.86,
SOD1,CHEMBL510316,-6.9,O=C(Nc1ccc(Oc2ccnc3[nH]ccc23)c(F)c1)c1cccn(-c2cccnc2)c1=O,-92.27,-1245.95,-1195.29,41.6,
SOD1,CHEMBL513061,-6.9,Nc1ccc(-c2ccccc2)cc1NC(=O)c1ccc(CN2CCC3(CCNC3)CC2)cc1,-70.0,-1247.79,-1239.87,62.08,
SOD1,CHEMBL514794,-6.9,Cc1cc(CNC(=O)c2cc(C(=O)NCc3ccc(F)c(C)c3)ncn2)ccc1F,-74.44,-703.74,-645.3,15.99,
SOD1,CHEMBL514934,-6.9,O=S(=O)(c1ccc(-c2ccccc2)cc1)N1CCC(c2nc3ccccc3[nH]2)CC1,-53.51,-513.64,-466.2,6.07,
SOD1,CHEMBL518824,-6.9,Nc1nc2[nH]c(-c3ccnc(/C=C/c4ccccc4)c3)cc2c(=O)[nH]1,-81.69,-755.34,-543.94,-129.71,
SOD1,CHEMBL519939,-6.9,CC(=O)Nc1nc(-c2ccc(F)c(C)n2)c(-c2ccc3nccnc3c2)[nH]1,-115.0,-722.51,-691.25,83.73,
SOD1,CHEMBL523712,-6.9,O=C(NCc1cccc(-c2cccc(CN3CCNCC3)c2)c1)c1ccc(C(F)(F)F)cc1,-70.91,-350.17,-408.13,128.87,
SOD1,CHEMBL556916,-6.9,O=C(C=C1CCN(C(=O)c2cccc(O)c2)CC1)N[C@@H]1CCN(Cc2ccc3cc(F)ccc3c2)C1,-77.77,-1155.98,-1113.49,35.28,
SOD1,CHEMBL557330,-6.9,COc1ccccc1N1CCN(C(=O)NC(=N)NCc2cccc3ccccc23)CC1,-94.59,-1309.09,-1121.63,-92.88,
SOD1,CHEMBL565933,-6.9,C[C@H](Nc1nccc(-n2cnc3cc(-c4ccnc(N)n4)ccc32)n1)c1ccccc1,-77.74,-1391.62,-1124.01,-189.87,
SOD1,CHEMBL566192,-6.9,c1ccc2cc(Cc3nc4cc(N5CCNCC5)ccc4[nH]3)ccc2c1,-58.16,-415.09,-474.5,117.57,
SOD1,VIBEGRON,-6.9,O=C(Nc1ccc(C[C@@H]2CC[C@H]([C@H](O)c3ccccc3)N2)cc1)[C@@H]1CCc2nccc(=O)n21,-63.46,-1247.15,-1190.72,7.03,
SOD1,CHEMBL14272,-6.8,CC1CCC(=NNc2ccc3ccccc3c2)c2ncc(C(=O)O)c(=O)n21,-62.84,-688.62,-586.1,-39.68,
SOD1,CHEMBL14906,-6.8,CC1CC/C(=N\Nc2ccc(C(F)(F)F)cc2)c2ncc(C(=O)O)c(=O)n21,-63.31,-683.68,-620.6,0.23,
SOD1,CHEMBL14921,-6.8,O=C(NNc1nccc(C(F)(F)F)n1)Nc1cc(C(F)(F)F)cc(C(F)(F)F)c1,-70.06,-716.4,-692.15,45.8,
SOD1,CHEMBL1796460,-6.8,N=C(N)N1N=C(c2ccccc2)CC1c1ccncc1,-73.29,-1698.89,-1579.77,-45.84,
SOD1,CHEMBL1864417,-6.8,C[C@@H](CN1CC=C(n2c(=O)[nH]c3ccccc32)CC1)NC(=O)c1ccc2ccccc2c1,-77.29,-554.17,-495.15,18.27,
SOD1,CHEMBL1864639,-6.8,NC(=O)c1cccc(-c2ccnc3c2CC(C(=O)NCc2ccccc2)O3)c1,-42.37,-639.79,-572.78,-24.64,
SOD1,CHEMBL1865305,-6.8,O=C(CCc1nnc2ccc(NCc3ccccc3)nn12)N1CCC2(CC1)OCCO2,-71.31,-847.54,-745.45,-30.78,
SOD1,CHEMBL1865710,-6.8,Cc1ccc(C(O)c2nc(-c3cccc4ccccc34)c[nH]2)c(C)c1,-70.96,-380.56,-381.17,71.58,
SOD1,CHEMBL20396,-6.8,Cc1cc(C(=O)Nc2ccc(C(=N)N)cc2F)n(-c2cc3ccccc3cc2F)n1,-48.43,-698.98,-590.95,-59.6,
SOD1,CHEMBL20834,-6.8,O=C1NC(=O)c2c1c1c(ccc3cccnc31)c1[nH]c3ccccc3c21,-45.69,-1722.87,-1687.9,10.71,
SOD1,CHEMBL22924,-6.8,Nc1nc(N)c2cc(CNc3cccc4ccccc34)cnc2n1,-39.6,-875.67,-650.07,-186.0,
SOD1,CHEMBL23211,-6.8,Nc1nc(N)c2cc(CNc3cccc4ccccc34)ccc2n1,-39.78,-874.92,-682.85,-152.28,
SOD1,CHEMBL23374,-6.8,Cc1c(CCc2cccc3ccccc23)cnc2nc(N)nc(N)c12,-49.5,-834.23,-625.7,-159.03,
SOD1,CHEMBL28280,-6.8,O=C(NO)c1ccc(CNC(=O)c2cccc3ccccc23)cc1,-63.53,-639.38,-625.87,50.01,
SOD1,CHEMBL29213,-6.8,O=C(C(=O)N1CCc2ccccc2C1)c1c[nH]c2ccccc12,-35.92,-317.44,-399.16,117.64,
SOD1,CHEMBL3309986,-6.8,Nc1nc2c3ccccc3nc(Cc3cc(O)cc(O)c3)n2n1,-51.86,-626.79,-476.09,-98.83,
SOD1,CHEMBL4436134,-6.8,Cc1c(CC(=O)O)c(=O)oc2c(C)c(OCc3cccc(C(F)(F)F)c3)ccc12,-56.89,-474.74,-461.43,43.58,
SOD1,CHEMBL4527972,-6.8,N#CC1=C(N)Oc2c(c(=O)[nH]c3c2ccc2ccccc23)C1c1cccc(F)c1,-58.14,-1234.81,-1120.99,-55.67,
SOD1,CHEMBL4531190,-6.8,N#C[C@]1(c2ccc(-c3cnc(N)c(-c4ccc5c(c4)CCNC5=O)n3)cc2)[C@@H]2COC[C@@H]21,-54.05,-564.17,-611.22,101.09,
SOD1,CHEMBL4531294,-6.8,O=C(NCc1ccccc1)c1cc(-c2ccc(CN3CCOCC3)cc2)nc2ccc(F)cc12,-46.5,-745.42,-762.0,63.08,
SOD1,CHEMBL4543405,-6.8,O=C(COc1ccc2c3c(c(=O)oc2c1)CCC3)Nc1nc(-c2ccccn2)cs1,-103.79,-1114.42,-1043.41,32.78,
SOD1,CHEMBL4543416,-6.8,CN(C)c1ccc(C#Cc2ccc(C(=O)N3C[C@@H](O)C[C@H]3C(=O)NO)cc2)cc1,-61.13,-1052.98,-1077.23,85.38,
SOD1,CHEMBL4570458,-6.8,Nc1ncc(-c2ccc3c(c2)CNS3(=O)=O)cc1-c1ccc2c(c1)CCNC2=O,-58.07,-726.6,-624.74,-43.78,
SOD1,CHEMBL4571676,-6.8,O=C1COc2ccc(-c3cnc4ccccc4c3)cc2N1c1ccccc1,-43.13,-413.77,-443.41,72.77,
SOD1,CHEMBL4571884,-6.8,Cn1ccc2cc(NC(=O)Cc3ccc(-n4c5c(c6ncnc(N)c64)CCC5)cc3)ccc21,-78.21,-1094.84,-994.91,-21.72,
SOD1,CHEMBL4572894,-6.8,O=C1N[C@H](c2cncc(C#Cc3ccccc3)c2)[C@@H](c2c(F)cccc2F)O1,-49.58,-820.74,-734.18,-36.98,
SOD1,CHEMBL4574201,-6.8,Cc1ccc2c(N)c(C(=O)NCCc3ccc(-n4ncc5c4CNC5)cc3F)sc2n1,-77.58,-1444.93,-1396.12,28.77,
SOD1,CHEMBL4575547,-6.8,O=C1N[C@H](c2cncc(C#Cc3ccnc(F)c3)c2)[C@@H](c2ccc(F)cc2)O1,-58.09,-722.16,-634.57,-29.5,
SOD1,CHEMBL4581724,-6.8,COc1ccc(N2C(=O)COc3ccc(-c4cnc5ccccc5c4)cc32)cc1,-36.67,-503.86,-533.94,66.74,
SOD1,CHEMBL4636707,-6.8,CN1CCN(c2cc(-c3cc4c5c(n[nH]c5c3)Nc3ccccc3O4)nc(N)n2)CC1,-106.86,-1501.94,-1318.03,-77.05,
SOD1,CHEMBL4638944,-6.8,NC(=O)c1ccccc1Nc1cccc(-c2cn(Cc3ccccc3)nn2)c1,-52.38,-590.89,-563.51,25.0,
SOD1,CHEMBL501732,-6.8,O=c1nc(-c2ccc3[nH]ncc3c2)cc(-c2ccc(N3CCNCC3)cc2)[nH]1,-85.87,-569.97,-553.59,69.49,
SOD1,CHEMBL513151,-6.8,Nc1cc(C(F)(F)F)ccc1-c1cc(Oc2cccc3[nH]c(=O)c(N)nc23)ncn1,-45.55,-649.64,-652.39,48.3,
SOD1,CHEMBL514678,-6.8,CC(C)(C)c1ccc2c(c1)/C(=C/NCc1cc(O)c(-c3ccccc3)cn1)C(=O)NC2=O,-88.02,-1240.27,-1188.68,36.43,
SOD1,CHEMBL516802,-6.8,O=C(c1ccc(/C=C/c2cc(-c3cc4c(=O)[nH]cnc4[nH]3)ccn2)cc1)N1CCOCC1,-77.0,-1296.77,-1236.56,16.79,
SOD1,CHEMBL517068,-6.8,CC(=O)Nc1nc(-c2ccc(F)c(C)n2)c(-c2ccc3ncnn3c2)[nH]1,-94.89,-783.54,-717.82,29.18,
SOD1,CHEMBL524898,-6.8,Cc1cccc(N(C)c2cc(N3CCN(C(=O)Cc4c[nH]c5ccccc45)CC3)ncn2)c1,-70.08,-1435.41,-1362.69,-2.64,
SOD1,CHEMBL526656,-6.8,N#Cc1ccc2cc1Oc1ccc3c(c1)[C@H](CC3)N1CC[C@@H](NCc3cncn3C2)C1=O,-61.58,-1422.72,-1382.18,21.05,
SOD1,CHEMBL527590,-6.8,O=C(Cc1c[nH]cn1)Nc1ccc(-c2cccc(-c3nc4cc(F)ccc4[nH]3)c2)cc1,-83.7,-1224.8,-1160.59,19.5,
SOD1,CHEMBL561610,-6.8,Cc1ccc(C/C=N/NC(=O)Cn2nc(N3CCN(c4ccc(Cl)cc4)CC3)ccc2=O)cc1,-121.28,-1011.75,-1048.23,157.77,
SOD1,CHEMBL561738,-6.8,CC(C)(C)c1ccc(-c2cc(-c3cn([C@H]4C[C@H](O)[C@@H](CO)O4)c(=O)[nH]c3=O)on2)cc1,-90.58,-592.6,-444.36,-57.66,
SOD1,CHEMBL564972,-6.8,O=C1COc2ccc(-c3cc(-c4ccccc4)cc(-c4ccc5oc(=O)[nH]c5c4)n3)cc2N1,-67.71,-1082.61,-1031.73,16.83,
SOD1,TROGLITAZONE,-6.8,Cc1c(C)c2c(c(C)c1O)CCC(C)(COc1ccc(CC3SC(=O)NC3=O)cc1)O2,-45.95,-738.59,-643.36,-49.28,
SOD1,CHEMBL11118,-6.7,NCC12NC(Cc3ccccc31)c1ccccc12,-46.72,-1545.96,-1578.9,79.66,
SOD1,CHEMBL11899,-6.7,O=C(/C=C/c1ccc(OCc2ccc3ccccc3n2)cc1)c1cc(-c2nn[nH]n2)ccc1O,-91.11,-1416.65,-1402.2,76.66,
SOD1,CHEMBL21250,-7.3,CN(C)C(=N)c1ccc(NC(=O)c2nnnn2-c2ccc3cc(Cl)ccc3c2)c(F)c1,-88.9,-499.52,-412.02,1.4,
SOD1,CHEMBL4435180,-7.3,O=C1Nc2cc(Cl)ccc2/C1=C/c1ccc(-c2nnc(-c3cc(O)cc(O)c3)o2)cc1,-46.35,-1230.62,-1193.84,9.57,
SOD1,CHEMBL515955,-7.3,CC1=C[C@@H]2C3=C(C)C(=O)O[C@]3([C@@]34C[C@@H](C)[C@@H]5CC(=O)C(C)=C[C@@H]5C3=C(C)C(=O)O4)C[C@@H](C)[C@@H]2CC1=O,,,,,"{""mmgbsa_dG"": null, ""error"": ""embed fallo (6 semillas) para C:\\Users\\Fredy\\masive-als\\gpu_dock\\resultados_libreria\\results_SOD1\\CHEMBL515955_out.pdbqt""}"
SOD1,CHEMBL1210641,-7.1,O=C(Cn1nc(-c2ccc(Cl)cc2)c2cc(F)ccc2c1=O)NC1Cc2ccccc2C1,-61.27,-662.34,-690.77,89.7,
SOD1,CHEMBL1862978,-7.1,O=C(c1ccccc1)N1CC(NC(c2ccc(C(F)(F)F)cc2)c2cccnc2)C1,,,,,"{""mmgbsa_dG"": null, ""error"": ""embed fallo (6 semillas) para C:\\Users\\Fredy\\masive-als\\gpu_dock\\resultados_libreria\\results_SOD1\\CHEMBL1862978_out.pdbqt""}"
SOD1,CHEMBL495875,-7.1,NC(=O)c1ccc(N2CCN(c3nnc(Cc4ccccc4)c4ccccc34)CC2)nc1,,,,,"{""mmgbsa_dG"": null, ""error"": ""embed fallo (6 semillas) para C:\\Users\\Fredy\\masive-als\\gpu_dock\\resultados_libreria\\results_SOD1\\CHEMBL495875_out.pdbqt""}"
SOD1,CHEMBL562394,-7.1,CN1C(=O)C=C[C@]2(C)[C@H]3CC[C@]4(C)[C@@H](O)/C(=C/c5cnc(-c6ccccn6)nc5)C[C@H]4[C@@H]3CC[C@@H]12,-85.36,-1341.79,-1355.52,99.09,
SOD1,CHEMBL1858494,-7.0,Cc1ccc(Oc2cc(/C(=N/O)N3CCN(c4ccc(F)cc4)CC3)ccn2)c2c1CCC2,,,,,"{""mmgbsa_dG"": null, ""error"": ""embed fallo (6 semillas) para C:\\Users\\Fredy\\masive-als\\gpu_dock\\resultados_libreria\\results_SOD1\\CHEMBL1858494_out.pdbqt""}"
SOD1,CHEMBL4575412,-7.0,O=C1CCc2cc(N3CC[C@](O)(C(=O)NCc4ccc(F)c(Cl)c4F)C3=O)ccc2N1,-42.72,-1545.8,-1506.68,3.59,
SOD1,CHEMBL1210863,-6.9,c1ccc2c(c1)CCN(c1nc(N3CCOCC3)nc(N3CCc4ccccc4C3)n1)C2,,,,,"{""mmgbsa_dG"": null, ""error"": ""embed fallo (6 semillas) para C:\\Users\\Fredy\\masive-als\\gpu_dock\\resultados_libreria\\results_SOD1\\CHEMBL1210863_out.pdbqt""}"
SOD1,CHEMBL20714,-6.9,Cc1cc(C(=O)Nc2ccc(N3CCOCC3=O)cc2F)n(-c2ccc3cc(Cl)ccc3c2)n1,-60.68,-432.17,-430.84,59.35,
SOD1,CHEMBL22561,-6.9,CN(Cc1coc2nc(N)nc(N)c12)c1ccc2ccccc2c1,,,,,"{""mmgbsa_dG"": null, ""error"": ""embed fallo (6 semillas) para C:\\Users\\Fredy\\masive-als\\gpu_dock\\resultados_libreria\\results_SOD1\\CHEMBL22561_out.pdbqt""}"
SOD1,CHEMBL526097,-6.9,Nc1cccc(C2(C3CCN(Cc4ccc(Br)cc4)CC3)CCC(=O)NC2=O)c1,-75.71,-514.88,-434.22,-4.95,
SOD1,CHEMBL563162,-6.9,NC(=O)Cn1cc(C(=O)O)c(=O)c2cc(Cc3cccc(Cl)c3Cl)ccc21,-72.86,-1407.12,-1362.32,28.05,
SOD1,IMATINIB,-6.9,Cc1ccc(NC(=O)c2ccc(CN3CCN(C)CC3)cc2)cc1Nc1nccc(-c2cccnc2)n1,,,,,"{""mmgbsa_dG"": null, ""error"": ""embed fallo (6 semillas) para C:\\Users\\Fredy\\masive-als\\gpu_dock\\resultados_libreria\\results_SOD1\\IMATINIB_out.pdbqt""}"
SOD1,CHEMBL4564327,-6.8,Cc1cnc2cc(CC[C@H]3C[C@@H](n4ccc5c(N)ncnc54)[C@H](O)[C@@H]3O)c(Cl)cn12,-70.96,-1535.03,-1482.49,18.41,
SOD1,CHEMBL498704,-6.8,O=C(O)c1cccnc1Oc1ccc2c(c1)C[C@@H](NC[C@H](O)c1cccc(Cl)c1)CC2,-55.44,-520.72,-524.52,59.24,
SOD1,CHEMBL518019,-6.8,CC1(C)c2[nH]c3cc(Cl)ccc3c2C[C@@]23NC(=O)[C@]4(CCCN4C2=O)C[C@@H]13,-32.99,-1502.08,-1590.27,121.17,
SOD1,CHEMBL521478,-6.8,CC(=O)N1CCN(C(=O)c2cccc(Nc3cc(N(C)c4cccc(C)c4)ncn3)c2)CC1,,,,,"{""mmgbsa_dG"": null, ""error"": ""embed fallo (6 semillas) para C:\\Users\\Fredy\\masive-als\\gpu_dock\\resultados_libreria\\results_SOD1\\CHEMBL521478_out.pdbqt""}"
SOD1,CHEMBL1206483,-6.7,CC1(C)SC2C(NC(=O)NCc3ccc4ccccc4c3)C(=O)N2[C@H]1C(=O)O,,,,,"{""mmgbsa_dG"": null, ""error"": ""embed fallo (6 semillas) para C:\\Users\\Fredy\\masive-als\\gpu_dock\\resultados_libreria\\results_SOD1\\CHEMBL1206483_out.pdbqt""}"
SOD1,CHEMBL1207367,-6.7,CC[C@@]12C=C(C(=O)O)n3c4c(c5ccccc53)CCN(CCC1)[C@@H]42,-55.91,-1736.46,-1636.84,-43.7,
SOD1,CHEMBL1210518,-6.7,COc1ccc(Cc2cc(C3CCCCC3)nn(CC(=O)NC3Cc4ccccc4C3)c2=O)cn1,-112.78,-751.9,-699.1,59.97,
SOD1,CHEMBL1210815,-6.7,Cc1ccc(F)cc1NC(=O)CN1CCN(c2nnc(Cc3ccccc3)c3ccccc23)CC1,-94.64,-1108.29,-1171.11,157.46,
SOD1,CHEMBL18339,-6.7,c1ccc2nc(COc3ccc(COc4ccc(-c5nn[nH]n5)cc4)cc3)ccc2c1,-93.31,-974.19,-964.74,83.86,
SOD1,CHEMBL1858357,-6.7,Cc1cn(/C(=N\O)c2ccc(Oc3ccc4ccccc4c3)nc2)cn1,-26.2,-492.4,-542.67,76.47,
SOD1,CHEMBL1858521,-6.7,O/N=C(/c1ccc(Oc2ccc3ccccc3c2)nc1)N1CCSCC1,-36.12,-500.66,-547.62,83.08,
SOD1,CHEMBL1859541,-6.7,O/N=C(\NCc1ccccc1)c1ccc(Oc2ccc3ccccc3c2)nc1,-50.39,-466.95,-446.72,30.15,
SOD1,CHEMBL1865389,-6.7,O=C(NCCCc1ccccc1)c1cccc(NC(=O)c2ccccc2)c1,-98.15,-757.2,-661.78,2.73,
SOD1,CHEMBL1865696,-6.7,CC(CNC(=O)CCS(=O)(=O)c1ccc2c(c1)NC(=O)CO2)c1ccccc1,-88.4,-1082.21,-1015.22,21.4,
SOD1,CHEMBL18826,-6.7,N=C(Nc1ccc2ccc3cccnc3c2n1)c1cccc(Cl)c1,-34.68,-466.46,-433.27,1.49,
SOD1,CHEMBL22434,-6.7,Nc1nc(N)c2nc(CSc3cccc4ccccc34)cnc2n1,-45.93,-791.22,-686.75,-58.54,
SOD1,CHEMBL24738,-6.7,Nc1nc(C2CCN(C(=O)Cc3ccccc3)CC2)c2ccccc2n1,-41.44,-697.03,-562.32,-93.27,
SOD1,CHEMBL26996,-6.7,O=C1NC(=O)c2c1c1c3ccccc3n3c1c1c2c2ccccc2n1CN(O)C3,-43.14,-1258.91,-1252.11,36.34,
SOD1,CHEMBL27509,-6.7,CO[C@H]1[C@@H]2OC[C@H]1O[C@@H]1[C@H]2n2c3ccccc3c3c4c(c5c6ccccc6n1c5c32)C(=O)NC4=O,-44.95,-1373.54,-1259.84,-68.75,
SOD1,CHEMBL27805,-6.7,N=C(N)c1ccc2[nH]c(Cc3cccc(Oc4ccccc4)c3)cc2c1,-45.22,-620.3,-583.0,7.92,
SOD1,CHEMBL3309999,-6.7,NCCNc1ccc2c(c1)nc(Cc1ccc3c(c1)OCO3)n1nc(N)nc21,-53.61,-1685.38,-1588.91,-42.87,
SOD1,CHEMBL4434821,-6.7,O=C(O)c1cc(-c2ccc(C3CCNCC3)cc2)cc(-n2cc(-c3cccc(O)c3)nn2)c1,-87.96,-1323.25,-1262.37,27.08,
SOD1,CHEMBL4435881,-6.7,CC1(C)Oc2c(c(=O)[nH]c3ccccc23)[C@H]2[C@@H](Cl)[C@](C)(O)CC[C@@H]21,-66.02,-1487.34,-1432.29,10.96,
SOD1,CHEMBL4529655,-6.7,Cc1ccc(C(=O)CC2(O)C(=O)Nc3ccc(Nc4ccco4)cc32)cc1,-72.63,-1572.81,-1530.23,30.05,
SOD1,CHEMBL4530741,-6.7,Cc1ccc(-c2cc3c4nnc(CCC(=O)NCCCc5ccccc5)n4ccn3n2)cc1C,-92.44,-1520.58,-1417.17,-10.97,
SOD1,CHEMBL4534269,-6.7,NC(=S)c1cccc(-c2cccc3[nH]c(CNCc4ccccc4)cc23)c1,-37.15,-546.79,-526.64,16.99,
SOD1,CHEMBL4543398,-6.7,CC(C)c1cccc(-c2ccc3nnc(-c4ccc5c(c4)NC(=O)CO5)n3c2)c1,-56.17,-564.11,-560.22,52.28,
SOD1,CHEMBL4567661,-6.7,Nc1ncc(-c2ccc(C(=O)C(F)(F)F)cc2)nc1-c1ccc2c(c1)CCNC2=O,-47.61,-554.52,-651.5,144.59,
SOD1,CHEMBL4570803,-6.7,Nc1ncnc2c3c(n(-c4ccc(NC(=O)c5c[nH]c6ccccc56)cc4)c12)CCC3,-89.71,-1042.87,-926.43,-26.73,
SOD1,CHEMBL4571316,-6.7,CC1CCc2cc(F)cc3c(O)c(C(=O)NCc4cccc5cc[nH]c45)c(=O)n1c23,-67.7,-577.21,-464.03,-45.48,
SOD1,CHEMBL4571685,-6.7,C[C@@H](CNC(=O)c1sc2ncc(F)cc2c1N)c1cc(F)c(N2CC3CCC(C2)N3)cc1F,-86.99,-1061.21,-1113.78,139.56,
SOD1,CHEMBL4573427,-6.7,CC1(c2ccc(C#N)cc2)NC(=O)N(C2Cc3cc(F)cc(F)c3C2=O)C1=O,-47.36,-1655.53,-1582.15,-26.02,
SOD1,CHEMBL4573897,-6.7,CN[C@H]1CN(c2cc(F)c(CCNC(=O)c3sc4nc(C)ccc4c3N)cc2F)C[C@@H]1F,,,,,"{""mmgbsa_dG"": null, ""error"": ""embed fallo (6 semillas) para C:\\Users\\Fredy\\masive-als\\gpu_dock\\resultados_libreria\\results_SOD1\\CHEMBL4573897_out.pdbqt""}"
SOD1,CHEMBL4580960,-6.7,Cc1ccc(-c2nn(-c3ccccc3)cc2/C=C/C(=O)NCc2ccc(-n3ccnc3)nc2)cc1,-58.53,-616.95,-603.9,45.49,
SOD1,CHEMBL4583640,-6.7,O=C(c1cc(-c2cccc3ccccc23)nc2ccccc12)N1CCN(c2ncccn2)CC1,-38.04,-537.39,-490.49,-8.86,
SOD1,CHEMBL4634782,-6.7,Cc1ccc(C2C(C#N)=C(N)Oc3cc4oc(-c5ccccc5)cc(=O)c4c(O)c32)cc1,-59.4,-1392.68,-1320.65,-12.63,
SOD1,CHEMBL4635573,-6.7,CC1(C)C(O)=C(C(N)=O)C(=O)c2cc(C(=O)NCCc3ccccc3)ccc21,-99.88,-561.51,-477.21,15.58,
SOD1,CHEMBL4636826,-6.7,Cc1ccc(O)c(C(=O)c2cnc3c(c2)c(C)nn3-c2ccc(F)cc2)c1,-71.54,-1427.52,-1469.75,113.77,
SOD1,CHEMBL505653,-6.7,C[C@]1(CO)C[C@H](O)C[C@@]2(C)[C@H]1CC[C@H]1C[C@H]3C[C@]12CC[C@]3(C)O,-34.2,-1375.27,-1479.47,138.4,
SOD1,CHEMBL512254,-6.7,C[C@H](N)C(=O)NCc1cccc(-c2ocnc2-c2nnc(-c3ccccc3)o2)c1,-47.4,-420.34,-470.22,97.28,
SOD1,CHEMBL513841,-6.7,N#Cc1cccc(NC(=O)Nc2ccc3ncnc(Nc4ccccc4)c3c2)c1,-103.04,-1203.0,-996.07,-103.89,
SOD1,CHEMBL515433,-6.7,Nc1nc2ncccc2n2c(=O)n(-c3ccc(F)cc3)nc12,-50.82,-1842.75,-1800.98,9.05,
SOD1,CHEMBL515644,-6.7,O=C(CNC(=O)c1ccc(F)cc1)NCC1c2ccccc2COc2ccc(F)cc21,-95.12,-644.76,-623.69,74.04,
SOD1,CHEMBL516232,-6.7,CC(=O)C1=C(O)C=C2Oc3c4c(cc(O)c3[C@]2(C)C1=O)OC1(CCCCC1)NC4=O,,,,,"{""mmgbsa_dG"": null, ""error"": ""embed fallo (6 semillas) para C:\\Users\\Fredy\\masive-als\\gpu_dock\\resultados_libreria\\results_SOD1\\CHEMBL516232_out.pdbqt""}"
SOD1,CHEMBL516309,-6.7,Cc1cccc(NC(=O)CSc2nnc(-c3cc(F)c(Cl)cc3Cl)n2N)c1C,-93.54,-1188.2,-1159.62,64.97,
SOD1,CHEMBL517333,-6.7,O=C1NC[C@H](c2c[nH]c3ccccc23)N=C1c1c[nH]c2cc(Br)ccc12,-73.97,-386.63,-468.93,156.27,
SOD1,CHEMBL517514,-6.7,CC1Oc2cc3oc4c(O)c5c(cc4c(=O)c3c(O)c2C1(C)C)C=CC(C)(C)O5,-64.34,-1168.92,-1151.25,46.67,
SOD1,CHEMBL519294,-6.7,N#Cc1cccc(Cc2nc(-c3ccc(F)cc3)c(-c3ccnc(N)n3)[nH]2)c1,,,,,"{""mmgbsa_dG"": null, ""error"": ""embed fallo (6 semillas) para C:\\Users\\Fredy\\masive-als\\gpu_dock\\resultados_libreria\\results_SOD1\\CHEMBL519294_out.pdbqt""}"
SOD1,CHEMBL521548,-6.7,Cc1ccc(NC(=O)c2ccnc(N3CCCC3)c2)cc1-c1ccc2nc(N)[nH]c(=O)c2c1,-129.45,-1221.65,-921.76,-170.45,
SOD1,CHEMBL522678,-6.7,CCN(Cc1ccc2ccccc2c1)c1ccc2nc(N)nc(N)c2c1,-49.63,-833.7,-620.06,-164.02,
SOD1,CHEMBL523297,-6.7,O=C1Oc2ccc3ccccc3c2CC1C(=O)c1ccc(C(F)(F)F)cc1,-33.9,-582.69,-580.29,31.49,
SOD1,CHEMBL526816,-6.7,CC1(C)N=C(N)N=C(N)N1OCc1cccc2c1ccc1ccccc12,,,,,"{""mmgbsa_dG"": null, ""error"": ""embed fallo (6 semillas) para C:\\Users\\Fredy\\masive-als\\gpu_dock\\resultados_libreria\\results_SOD1\\CHEMBL526816_out.pdbqt""}"
SOD1,CHEMBL556939,-6.7,C[C@]1(CO)CCC[C@]2(C)[C@H]1C[C@H](O)[C@@]13C[C@@H](CC[C@@H]21)[C@]1(C)O[C@@H]13,-43.4,-1448.83,-1576.58,171.15,
SOD1,CHEMBL563005,-6.7,O=C(NC1CCN(Cc2ccn(-c3ccc(C(F)(F)F)cc3)c2)CC1)N[C@@H](CO)c1ccccc1,-95.29,-1532.05,-1441.22,4.46,
SOD1,CHEMBL563303,-6.7,O=C(/C=C/C1CCN(C(=O)c2ccccc2)CC1)N[C@@H]1CCN(Cc2ccc3cc(F)ccc3c2)C1,-65.72,-740.25,-693.62,19.1,
SOD1,CHEMBL564243,-6.7,O=C(NC[C@@H]1CCCC[C@H]1O)NC1CCN(Cc2ccn(-c3ccc(C(F)(F)F)cc3)c2)CC1,-69.86,-1098.35,-1018.8,-9.69,
SOD1,CHEMBL565350,-6.7,CN1CCN(c2ccc3[nH]c(Cc4ccc5ccccc5c4)nc3c2)CC1,,,,,"{""mmgbsa_dG"": null, ""error"": ""embed fallo (6 semillas) para C:\\Users\\Fredy\\masive-als\\gpu_dock\\resultados_libreria\\results_SOD1\\CHEMBL565350_out.pdbqt""}"
SOD1,CHEMBL8935,-6.7,FC(F)(F)c1ccc(Sc2ccc(NC3=NCCN3)cc2)cc1,-49.3,-688.65,-609.5,-29.85,
SOD1,TRILACICLIB,-6.7,CN1CCN(c2ccc(Nc3ncc4cc5n(c4n3)C3(CCCCC3)CNC5=O)nc2)CC1,,,,,"{""mmgbsa_dG"": null, ""error"": ""embed fallo (6 semillas) para C:\\Users\\Fredy\\masive-als\\gpu_dock\\resultados_libreria\\results_SOD1\\TRILACICLIB_out.pdbqt""}"
SOD1,CHEMBL10861,-6.6,NC(=O)C12NC(Cc3ccccc31)c1ccccc12,-36.64,-1501.88,-1538.2,72.96,
SOD1,CHEMBL1207101,-6.6,C[C@@H](O)[C@H]1C(=O)N2C(C(=O)O)=C(CN3C(=O)c4cccc5cccc(c45)C3=O)[C@H](C)[C@H]12,,,,,"{""mmgbsa_dG"": null, ""error"": ""embed fallo (6 semillas) para C:\\Users\\Fredy\\masive-als\\gpu_dock\\resultados_libreria\\results_SOD1\\CHEMBL1207101_out.pdbqt""}"
SOD1,CHEMBL1210642,-6.6,O=C(Cc1nc(C2CCCCC2)c2ccsc2n1)NC1Cc2ccccc2C1,-44.65,-724.44,-698.85,19.07,
SOD1,CHEMBL1210643,-6.6,O=C(Cc1nc(-c2ccc3c(c2)OCO3)c2ccccc2n1)NC1Cc2ccccc2C1,-61.69,-587.15,-538.6,13.15,
SOD1,CHEMBL1242296,-6.6,Cn1cc(-c2cccc3cc(C(=O)NC(=N)N)ccc23)cn1,-56.13,-644.96,-482.49,-106.34,
SOD1,CHEMBL1242373,-6.6,Cc1cccc(NC(=O)Nc2ccc3c(c2)CCc2sc4ncnc(N)c4c2-3)c1,-77.71,-1434.14,-1243.8,-112.63,
SOD1,CHEMBL1242382,-6.6,Nc1ncnc2c1c(-c1ccc3ccccc3c1)nn2CCc1ccccc1,-58.76,-454.72,-401.81,5.85,
SOD1,CHEMBL12426,-6.6,CC12C(=CC(=O)C3CC31)[C@H]1CC1C1C2CCC2(C)C1CCC21CCC(=O)O1,-52.78,-1555.01,-1604.62,102.38,
SOD1,CHEMBL12566,-6.6,Cc1c(C(=O)c2cccc3ccccc23)c2ccccc2n1CCN1CCOC(O)C1,-52.3,-434.44,-547.73,165.59,
SOD1,CHEMBL1469032,-6.6,O=c1oc2ccccc2cc1-c1csc(Nc2ccc(O)cc2)n1,-40.21,-611.0,-551.73,-19.06,
SOD1,CHEMBL1540525,-6.6,Cc1cccc(C(=O)NC(=S)NNC(=O)Cc2ccccc2)c1,-97.91,-698.93,-625.3,24.27,
SOD1,CHEMBL16415,-6.6,CC12CCC3C4CCC(=O)C=C4CCC3C1CC[C@@]21CCS(=O)O1,-31.68,-1397.1,-1468.38,102.96,
SOD1,CHEMBL1795629,-6.6,COc1ccccc1C(=O)c1cnc(NC2CCN(c3nc4ccccc4[nH]3)CC2)nc1N,-80.18,-1596.55,-1358.43,-157.94,
SOD1,CHEMBL1796568,-6.6,Cc1ccc(C2OOC(c3ccc(C(=O)N4CCN(c5ccccc5)CC4)cc3)OO2)cc1,,,,,"{""mmgbsa_dG"": null, ""error"": ""embed fallo (6 semillas) para C:\\Users\\Fredy\\masive-als\\gpu_dock\\resultados_libreria\\results_SOD1\\CHEMBL1796568_out.pdbqt""}"
SOD1,CHEMBL18045,-6.6,O=C1CS(=O)(=O)Nc2cc(OCc3ccc4ccccc4n3)ccc21,-36.34,-759.61,-661.29,-61.98,
SOD1,CHEMBL1859651,-6.6,Cc1nccn1/C(=N\O)c1ccc(Oc2ccc3ccccc3c2)nc1,-26.41,-467.75,-521.99,80.65,
SOD1,CHEMBL1863420,-6.6,O=C(c1ccc(Cl)cc1)N1CCC(NC(c2cnccn2)c2ccc(F)cc2F)CC1,-43.48,-627.09,-651.02,67.4,
SOD1,CHEMBL1865837,-6.6,Cc1ccc(C)c(NC2=NC(N)=NC3(CCCCC3)N2)c1,-49.12,-2098.89,-1766.16,-283.62,
SOD1,CHEMBL20424,-6.6,CC1(C)N=C(N)N=C(N)N1c1cccc(COc2cccc(-c3ccccc3)c2)c1,-45.12,-845.37,-538.72,-261.53,
SOD1,CHEMBL20466,-6.6,CC1(C)N=C(N)N=C(N)N1c1cccc(COc2cccc3ccccc23)c1,-39.57,-898.8,-601.72,-257.51,
SOD1,CHEMBL22477,-6.6,Nc1nc(N)c2c(COc3ccc4ccccc4c3)coc2n1,-32.49,-753.31,-564.32,-156.5,
SOD1,CHEMBL23744,-6.6,NS(=O)(=O)c1ccc(CNC(=O)c2cc3ccccc3oc2=O)cc1,-50.07,-746.92,-604.93,-91.91,
SOD1,CHEMBL25502,-6.6,CC(=O)N1CCC(Oc2ccc(CC(=O)N3CCC(N4C(=O)OCc5ccccc54)CC3)cc2)CC1,-63.89,-1287.21,-1171.59,-51.72,
SOD1,CHEMBL27758,-6.6,N=C(N)c1ccc2[nH]c(Cc3cccc(CCc4ccccc4)c3)cc2c1,-72.14,-507.87,-445.34,9.6,
SOD1,CHEMBL3309444,-6.6,NS(=O)(=O)c1ccc(N2N=C(C(F)(F)F)CC2c2ccc3ccccc3c2)cc1,-56.36,-495.2,-442.61,3.77,
SOD1,CHEMBL4435623,-6.6,Cc1ccc(F)c(NC(=O)Cc2ccc(-n3c4c(c5ncnc(N)c53)COC4)cc2)c1,-78.61,-1265.81,-1154.58,-32.62,
SOD1,CHEMBL4435664,-6.6,C=CC(=O)N1CCN(c2ccc(C(F)(F)F)c(C3=C(c4c[nH]c5ccccc45)C(=O)NC3=O)c2)CC1,,,,,"{""mmgbsa_dG"": null, ""error"": ""embed fallo (6 semillas) para C:\\Users\\Fredy\\masive-als\\gpu_dock\\resultados_libreria\\results_SOD1\\CHEMBL4435664_out.pdbqt""}"
SOD1,CHEMBL4436056,-6.6,CC(NC(=O)c1ccccc1)c1nn(-c2ccc(C(N)=O)cc2)c2c1C(=O)CC(C)(C)C2,-58.56,-1077.95,-1059.18,39.79,
SOD1,CHEMBL4528197,-6.6,O=C1NCc2c1cccc2S(=O)(=O)NCCNC/C=C/c1ccc(-c2cccnc2)cc1,-78.96,-787.23,-690.74,-17.53,
SOD1,CHEMBL4530341,-6.6,Nc1ncc(-c2ccc(C(=O)N3CCC(N)C3)cc2)nc1-c1ccc(C(F)(F)F)cc1,-63.51,-553.86,-650.85,160.51,
SOD1,CHEMBL4531084,-6.6,Cc1ccc(-c2cc3c4nn(CC(=O)Nc5cccc(C)c5C)c(=O)n4ccn3n2)cc1C,-75.52,-432.81,-344.14,-13.15,
SOD1,CHEMBL4531124,-6.6,CCS(=O)(=O)Nc1ccc(-c2cnc(N)c(-c3ccc4c(c3)CCNC4=O)c2)cc1,-77.23,-695.99,-542.6,-76.17,
SOD1,CHEMBL4532148,-6.6,O=S(=O)(NCCNCCCc1ccc(-c2cccnc2)cc1)c1cccc2cnccc12,-60.47,-642.93,-601.68,19.22,
SOD1,CHEMBL4532195,-6.6,Nc1ncnc2c3c(n(-c4ccc(NC(=O)Cc5ccc(Cl)c(Cl)c5)cc4)c12)CCC3,-65.22,-1315.82,-1217.25,-33.34,
SOD1,CHEMBL4532204,-6.6,Nc1ncccc1-c1cc(Cc2ccc(OCCc3ccccc3F)nc2)no1,-78.34,-846.82,-731.68,-36.8,
SOD1,CHEMBL4532387,-6.6,O=C(/C=C/c1cnn(Cc2ccccc2)c1)N1CCN(Cc2ccc(Cl)cc2)CC1,-75.93,-1077.08,-1101.76,100.61,
SOD1,CHEMBL4534336,-6.6,O=C(O)COc1ccc([C@H]2CC[C@]3(CC2)OOC2(O3)C3CC4CC2CC(C3)C4O)cc1,-58.24,-1155.08,-1185.54,88.7,
SOD1,CHEMBL4534361,-6.6,N#Cc1ccc(-c2cnc(N)c(-c3cc4c(cn3)C(=O)NCC4)c2)cc1,-60.04,-510.22,-454.8,4.62,
SOD1,CHEMBL4534391,-6.6,O=C(COc1ccc(-c2nc3ccccc3c(=O)[nH]2)cc1O)Nc1ccc(Cl)cc1,-117.93,-1436.74,-1309.86,-8.94,
SOD1,CHEMBL4543530,-6.6,Cc1ccc2c(N)c(C(=O)NCCc3cc(F)c(N4C[C@@H]5CCN[C@@H]5C4)cc3F)sc2n1.Cl,,,,,"{""mmgbsa_dG"": null, ""error"": ""n atomos no coincide: SMILES 33 vs pose 32 (C:\\Users\\Fredy\\masive-als\\gpu_dock\\resultados_libreria\\results_SOD1\\CHEMBL4543530_out.pdbqt)""}"
SOD1,CHEMBL4548513,-6.6,O=C(NO)c1cc(F)c(Cn2nnc(-c3ccc4ccccc4n3)n2)c(F)c1,-47.29,-600.96,-644.38,90.71,
SOD1,CHEMBL4562703,-6.6,Cc1ccc(-c2cc3c4nn(CC(=O)N5CCN(c6ccccc6F)CC5)c(=O)n4ccn3n2)cc1C,-65.81,-651.84,-671.0,84.98,
SOD1,CHEMBL4563944,-6.6,COc1ccccc1N1CCN(CCCNC(=O)NN(Cc2ccccc2)c2ccc(F)cc2)CC1,,,,,"{""mmgbsa_dG"": null, ""error"": ""embed fallo (6 semillas) para C:\\Users\\Fredy\\masive-als\\gpu_dock\\resultados_libreria\\results_SOD1\\CHEMBL4563944_out.pdbqt""}"
SOD1,CHEMBL4564248,-6.6,N#Cc1c(N)n[nH]c1-c1ccc2ccn(Cc3ccnc4ccccc34)c2c1,-57.11,-644.63,-602.82,15.31,
SOD1,CHEMBL4564744,-6.6,NC(=O)c1cc(-c2ccc(F)cc2)cc2c(C3CCS(=O)(=O)CC3)c[nH]c12,-55.83,-1394.77,-1345.89,6.94,
SOD1,CHEMBL4567758,-6.6,O=C(NCCCN1CCN(c2ncccn2)CC1)NN(Cc1ccc(F)cc1)c1ccccc1,-75.41,-906.46,-808.68,-22.37,
SOD1,CHEMBL4567872,-6.6,O=C1CC(c2cccc3ccccc23)c2c([nH]c(-c3ccccc3)nc2=O)N1,-69.41,-727.44,-557.54,-100.49,
SOD1,CHEMBL4568240,-6.6,O=C(Cn1nc2c(Sc3ccccc3)nccn2c1=O)Nc1ccc2c(c1)OCCO2,-76.32,-664.94,-660.22,71.61,
SOD1,CHEMBL4569409,-6.6,O=C1c2cc(-c3ccnc(NC4CCOCC4)n3)ccc2CN1Cc1ccc(Cl)c(F)c1,-50.21,-623.29,-467.51,-105.57,
SOD1,CHEMBL4570848,-6.6,c1ccc2cc(-c3cnc4ccc(NCc5ccncc5)nn34)ccc2c1,-54.52,-682.79,-607.19,-21.08,
SOD1,CHEMBL4571590,-6.6,CC1(C)C(=O)C=C[C@@]2(C)[C@@H]1C[C@H](O)[C@@]1(C)[C@H]2CC[C@@]2(C)[C@@H](c3ccoc3)OC(=O)[C@H]3O[C@@]312,-41.92,-1313.31,-1442.04,170.65,
SOD1,CHEMBL4571872,-6.6,N#Cc1ccc(N2CCC(c3n[nH]c4c3C(O)(C(F)(F)F)CC(=O)N4)CC2)cn1,,,,,"{""mmgbsa_dG"": null, ""error"": ""embed fallo (6 semillas) para C:\\Users\\Fredy\\masive-als\\gpu_dock\\resultados_libreria\\results_SOD1\\CHEMBL4571872_out.pdbqt""}"
SOD1,CHEMBL4573275,-6.6,CC(C)(C)c1ccc(C(=O)NC(=S)NNC(=O)c2cccc([N+](=O)[O-])c2)cc1,-110.56,-724.2,-656.56,42.93,
SOD1,CHEMBL4573290,-6.6,Cc1ccc(NC(=O)CSc2nnc3c4cc(-c5ccccc5)nn4ccn23)c(C)c1,-97.16,-1402.35,-1333.85,28.66,
SOD1,CHEMBL4574733,-6.6,O=C(C1CCN(c2cc(N3CCOCC3)ncn2)CC1)N1CCOC(Cc2ccccc2)C1,,,,,"{""mmgbsa_dG"": null, ""error"": ""embed fallo (6 semillas) para C:\\Users\\Fredy\\masive-als\\gpu_dock\\resultados_libreria\\results_SOD1\\CHEMBL4574733_out.pdbqt""}"
SOD1,CHEMBL4580639,-6.6,N#Cc1ccc(-c2cnc(N)c(-c3ccc4c(c3)C3(CC3)CNC4=O)n2)cc1,-52.44,-432.37,-464.68,84.75,
SOD1,CHEMBL4580803,-6.6,Cc1oc(CCNCCc2nc3ccccc3[nH]2)nc1C(=O)NCc1ncccc1F,-69.42,-900.39,-911.37,80.41,
SOD1,CHEMBL4581055,-6.6,Cc1ccc2c(N)c(C(=O)NCCc3cc(F)c(N4C[C@@H]5C[C@H]4CN5)cc3F)sc2n1,-80.72,-1062.07,-1117.57,136.22,
SOD1,CHEMBL4581268,-6.6,O=C(/C=C/c1ccccc1F)c1ccc2ccccc2c1O,-56.88,-419.45,-420.37,57.8,
SOD1,CHEMBL4581413,-6.6,Cc1ccccc1S(=O)(=O)NC(=O)c1ccc(Cc2c[nH]c3ccccc23)cc1,-58.76,-850.54,-748.21,-43.57,
SOD1,CHEMBL4582130,-6.6,CC(=O)c1ccc(NC(=O)Cn2nc3ccc(-c4ccc(C)c(C)c4)nn3c2=O)cc1,-83.0,-464.11,-487.49,106.38,
SOD1,CHEMBL4583698,-6.6,Cc1cc(C)cc(Nc2nc(C)cc3nn(CC(=O)Nc4cc(F)ccc4F)c(=O)n23)c1,-33.52,-681.6,-569.76,-78.32,
SOD1,CHEMBL4585367,-6.6,NC(=O)c1ccc(-c2cc(-c3cccc(C(F)(F)F)c3)cnc2N)cc1,-54.54,-512.47,-467.01,9.08,
SOD1,CHEMBL4635744,-6.6,Cc1cc(-c2ccc(=O)n(C)c2C)cc2cn(C3CNCCC3(F)F)nc12,-45.28,-506.57,-473.38,12.09,
SOD1,CHEMBL4637018,-6.6,CN1CCN(c2ccc(Nc3ncc(Cl)c(Nc4cccc(OC(F)(F)F)c4)n3)nc2)CC1,-85.5,-1133.19,-1011.67,-36.01,
SOD1,CHEMBL4637495,-6.6,O=C(CCc1cccc(-c2nc3ccccc3[nH]2)c1)NCc1ccc2[nH]ncc2c1,-69.62,-556.97,-509.22,21.87,
SOD1,CHEMBL4637997,-6.6,Cn1nccc1-c1cc(C(F)(F)F)ccc1[C@H]1CCc2cc(S(=O)(=O)Nc3ncccn3)ccc21,-47.44,-727.29,-571.31,-108.54,
SOD1,CHEMBL4638521,-6.6,O=C(c1ccc2c(ccn2-c2ccc(F)cc2)c1)N1CC(N2CC(N3Cc4ccccc4C3=O)C2)C1,-62.73,-417.1,-543.39,189.01,
SOD1,CHEMBL495019,-6.6,O=C(C(=O)N1CCN(C(=O)c2ccccc2)CC1)c1c[nH]c2cc(F)cc(F)c12,-57.37,-625.21,-726.19,158.36,
SOD1,CHEMBL495322,-6.6,CC(=O)N1CCN(C(=O)c2cc(Cc3n[nH]c(=O)c4ccccc34)ccc2F)CC1,-45.92,-478.59,-523.33,90.66,
SOD1,CHEMBL496249,-6.6,C[C@]1(CO)CCC[C@]2(C)[C@H]3CC[C@@H]4C(O)O[C@@H](C5=CC(=O)OC5O)C[C@H]4[C@]3(C)CC[C@H]12,-71.54,-1021.35,-984.99,35.18,
SOD1,CHEMBL496481,-6.6,O=C(NCCc1c[nH]c2ccccc12)c1ccc(-c2ccc(F)cc2)cc1,-72.3,-1394.69,-1368.85,46.46,
SOD1,CHEMBL500662,-6.6,O=c1nc(-c2ccc3[nH]ncc3c2)cc(-c2cccc(OCc3ccccc3)c2)[nH]1,-93.85,-668.02,-570.16,-4.0,
SOD1,CHEMBL501182,-6.6,O=C(NCc1cccnc1)c1cccc(-c2ccc(Nc3ccc4ncsc4c3)nn2)c1,-91.76,-1190.26,-1101.62,3.11,
SOD1,CHEMBL511797,-6.6,Nc1ccc(-c2ccsc2)cc1NC(=O)c1ccc(N2CCC3(CCNC3)CC2)nc1,-75.25,-1178.67,-1113.38,9.96,
SOD1,CHEMBL512693,-6.6,CC(C)=CCc1cc(-c2coc3cc(O)ccc3c2=O)ccc1O,-65.22,-465.66,-430.12,29.68,
SOD1,CHEMBL514420,-6.6,Nn1c(SCC(=O)Nc2ccc(F)c(Cl)c2)nnc1-c1cc(F)c(Cl)cc1Cl,-97.94,-1240.18,-1208.2,65.96,
SOD1,CHEMBL514762,-6.6,N#Cc1ccc2c(c1)c(=O)[nH]n2C(=O)c1cccc(S(=O)(=O)N2CCc3ccccc32)c1,-96.14,-1466.68,-1446.9,76.36,
SOD1,CHEMBL514994,-6.6,O=C([C@@H]1CCc2c(Cl)cc(OCc3ccc4ccccc4c3)c(=O)n21)N1CCCC1,-64.86,-461.7,-452.99,56.16,
SOD1,CHEMBL515405,-6.6,CN1C(=O)[C@@]2(c3ccccc31)N(C)C[C@@H](c1ccc(F)cc1)[C@@]21Cc2ccccc2C1=O,-44.09,-1468.32,-1495.73,71.5,
SOD1,CHEMBL516687,-6.6,Nc1cccc(Nc2ncnc3c2ncn3CCc2ccc3ccccc3c2)c1,-55.02,-593.1,-553.16,15.08,
SOD1,CHEMBL516790,-6.6,Nc1cc(Oc2ccc(NC(=O)c3cccn(-c4ccc(F)cc4)c3=O)cc2F)ccn1,-69.66,-1138.63,-988.49,-80.48,
SOD1,CHEMBL516952,-6.6,O=C(NCc1ccc2c(c1)OCO2)c1cccc(C(=O)NCc2ccc3c(c2)OCO3)c1,-86.22,-777.64,-690.69,-0.73,
SOD1,CHEMBL517117,-6.6,COc1ccc2c(c1)CCc1c-2c2c(c3c4ccccc4n(CCCO)c13)CNC2=O,-63.99,-1474.73,-1446.57,35.83,
SOD1,CHEMBL517996,-6.6,c1cc(N2CCN([C@H]3CC[C@@H](c4c[nH]c5ccccc54)CC3)CC2)c2nc[nH]c2c1,-87.89,-1239.73,-1329.52,177.67,
SOD1,CHEMBL520195,-6.6,CC1(C)[C@@H](O)CC[C@]2(C)[C@H]3C[C@@H](O)[C@]4(C)C5=C(CC[C@H]4[C@]3(C)CC[C@@H]12)COC5=O,-34.95,-312.59,-390.84,113.2,
SOD1,CHEMBL521809,-6.6,O=C(c1cccc(Cc2n[nH]c(=O)c3ccccc23)c1)N1CCN(c2ncccn2)CC1,-72.37,-1398.15,-1357.8,32.02,
SOD1,CHEMBL521815,-6.6,CN1CCN(C(=O)c2cc(Cc3n[nH]c(=O)c4ccccc34)ccc2F)CC1,-44.75,-447.36,-518.37,115.76,
SOD1,CHEMBL523361,-6.6,CN1CCN(c2cc(-c3ccc(-c4ccccc4)cc3)nc(N)n2)CC1,-58.19,-1780.24,-1652.69,-69.36,
SOD1,CHEMBL523874,-6.6,Cc1ccc2oc(=O)c(C(=O)NCc3cccc4ccccc34)cc2c1,-43.15,-1555.61,-1491.65,-20.81,
SOD1,CHEMBL524029,-6.6,CC(=O)c1ccc(NC(=O)N2CCC3(CC2)CN(S(N)(=O)=O)c2ccccc23)cc1,,,,,"{""mmgbsa_dG"": null, ""error"": ""embed fallo (6 semillas) para C:\\Users\\Fredy\\masive-als\\gpu_dock\\resultados_libreria\\results_SOD1\\CHEMBL524029_out.pdbqt""}"
SOD1,CHEMBL524096,-6.6,O=C(Nc1ccc(Oc2ccnc3[nH]c(=O)[nH]c23)cc1)c1cccc(C(F)(F)F)c1,-81.88,-1579.59,-1467.36,-30.36,
SOD1,CHEMBL524800,-6.6,O=C1C=CC2(C=C1)CC[C@]1(C[C@@H](O)C[C@@]3(CCC4(C=CC(=O)C=C4)O3)O1)O2,-49.46,-1606.26,-1577.57,20.77,
SOD1,CHEMBL527569,-6.6,COc1cccc(CNC(=O)c2cccc(-c3cccc(CN4CCC(N5CCCC5)CC4)c3)n2)c1,-86.28,-984.89,-974.47,75.85,
SOD1,CHEMBL527905,-6.6,CC(CN1CCN(C)CC1)C(=O)Nc1ccc(-c2cccc(-c3nc4ccccc4[nH]3)c2)cc1,,,,,"{""mmgbsa_dG"": null, ""error"": ""embed fallo (6 semillas) para C:\\Users\\Fredy\\masive-als\\gpu_dock\\resultados_libreria\\results_SOD1\\CHEMBL527905_out.pdbqt""}"
SOD1,CHEMBL551205,-6.6,O=C(NC1CCN(Cc2ccc3cc(F)ccc3c2)CC1)NS(=O)(=O)c1ccccc1,-101.45,-1726.78,-1443.07,-182.26,
SOD1,CHEMBL558025,-6.6,Cc1cccc(S(=O)(=O)NCCNC(=N)N2CCC(c3ccccc3)CC2)c1,-79.5,-1061.68,-839.42,-142.76,
SOD1,CHEMBL559638,-6.6,O=C1c2cccc3c(NCCO)ccc(c23)C(=O)N1c1cccc(Br)c1,-67.84,-441.8,-419.32,45.36,
SOD1,CHEMBL561019,-6.6,CC1(C)CC(=O)c2c(C(F)F)nn(-c3ccc(C(N)=O)c(N[C@H]4CC[C@H](O)CC4)c3)c2C1,-77.89,-1482.43,-1498.84,94.3,
SOD1,CHEMBL561206,-6.6,Cc1ccc(C/C=N/NC(=O)Cn2nc(N3CCN(c4ccccn4)CC3)ccc2=O)cc1,-100.82,-982.88,-986.8,104.73,
SOD1,CHEMBL561540,-6.6,O=C1/C(=N\O)c2c(/C=C/c3ccccc3)cccc2N1Cc1cc(F)cc2c1OCOC2,-70.35,-1510.23,-1497.19,57.31,
SOD1,CHEMBL563189,-6.6,O=C(C=C1CCN(C(=O)c2ccccc2)CC1)N[C@@H]1CCN(Cc2ccc3cc(F)ccc3c2)C1,-79.08,-1093.81,-1078.91,64.18,
SOD1,CHEMBL564118,-6.6,O=C1c2cccc3c(NCCO)ccc(c23)C(=O)N1c1ccccc1,-61.51,-468.39,-463.3,56.42,
SOD1,CHEMBL564268,-6.6,NC(=O)c1cnn2c(-c3cccc(NC(=O)c4cccc(C(F)(F)F)c4)c3)ccnc12,-69.89,-653.13,-610.65,27.4,
SOD1,CHEMBL564397,-6.6,C[C@@H]1CN(C(=O)c2ccc(CNS(=O)(=O)c3cccc(C(F)(F)F)c3)cc2)C[C@H](C)O1,-52.67,-548.87,-548.59,52.39,
SOD1,CHEMBL565614,-6.6,O/N=C(\c1ccc(CN2CCC3(CC2)OCc2cc(F)ncc23)cc1)c1ccc(F)c(F)c1,-64.21,-1492.85,-1496.01,67.37,
SOD1,DEXAMETHASONE,-6.6,C[C@@H]1C[C@H]2[C@@H]3CCC4=CC(=O)C=C[C@]4(C)[C@@]3(F)[C@@H](O)C[C@]2(C)[C@@]1(O)C(=O)CO,-62.28,-1196.39,-1327.5,193.39,
SOD1,CHEMBL10309,-6.5,O=C1CCC(c2ccccc2)(C2CCN(Cc3ccc(Br)cc3)CC2)C(=O)N1,-48.54,-556.55,-508.47,0.46,
SOD1,CHEMBL10676,-6.5,COc1ccc(C2(O)OC(=O)C(c3ccc4c(c3)OCO4)=C2Cc2cccc(C(F)(F)F)c2)cc1,-65.06,-1196.9,-1143.35,11.51,
SOD1,CHEMBL1210898,-6.5,Cc1cccc(NC(=O)CSc2nnc3c(n2)[nH]c2ccccc23)c1,-76.66,-1209.08,-1180.06,47.64,
SOD1,CHEMBL1242845,-6.5,Cc1nn(-c2ccccc2)nc1Cn1nc(-c2ccc(F)c(O)c2)c2c(N)ncnc21,-68.22,-576.31,-546.68,38.59,
SOD1,CHEMBL1349775,-6.5,O=C(/C=C/Nc1ccc(S(=O)(=O)Nc2ncccn2)cc1)c1ccc2ccccc2c1,-82.16,-730.42,-496.35,-151.92,
SOD1,CHEMBL14048,-6.5,CN1C[C@H](CNC(=O)c2ccccc2)C[C@@H]2c3cccc4[nH]cc(c34)C[C@H]21,-69.76,-651.02,-627.68,46.42,
SOD1,CHEMBL14853,-6.5,CC(C)c1ccc(N/N=C2\CCC(C)n3c2ncc(C(=O)O)c3=O)cc1,-60.41,-593.7,-505.6,-27.69,
SOD1,CHEMBL17198,-6.5,Oc1ccc2c(c1)OC[C@@H](N1CCC(O)(c3ccc(C(F)(F)F)cc3)CC1)[C@H]2O,-34.73,-591.08,-630.8,74.45,
SOD1,CHEMBL17624,-6.5,CS(=O)(=O)Nc1ccc2ccc(OCc3ccc4ccccc4n3)cc2c1,-60.99,-560.39,-471.29,-28.11,
SOD1,CHEMBL1796457,-6.5,NC(=O)N1N=C(c2ccccc2)CC1c1ccc(Cl)cc1,-47.44,-1671.81,-1613.63,-10.73,
SOD1,CHEMBL1859919,-6.5,O/N=C(/c1ccc(Oc2ccc3ccccc3c2)nc1)n1cccn1,-49.6,-522.0,-575.53,103.13,
SOD1,CHEMBL1860618,-6.5,O/N=C(\NC1CCC1)c1ccc(Oc2ccc3ccccc3c2)nc1,-48.67,-545.0,-539.39,43.06,
SOD1,CHEMBL1860868,-6.5,N/C(=N\O)c1cccnc1Oc1c(F)c(F)cc(F)c1F,-55.64,-1703.28,-1661.07,13.43,
SOD1,CHEMBL1863308,-6.5,O=S(=O)(c1ccccc1)N1CCC(NC(c2ccc(C(F)(F)F)cc2)c2cnccn2)CC1,-34.75,-550.33,-612.61,97.04,
SOD1,CHEMBL1863617,-6.5,Cc1ccc(C)c(C(O)c2nc(-c3ccc(C(F)(F)F)cc3)c[nH]2)c1,-45.09,-414.03,-453.73,84.79,
SOD1,CHEMBL1864123,-6.5,OC(c1cc(F)cc(Cl)c1)c1nc(-c2cccc(C(F)(F)F)c2)c[nH]1,-51.55,-479.53,-491.85,63.87,
SOD1,CHEMBL1864439,-6.5,CC1(C)C=Cc2cc(-c3coc4cc(O)cc(O)c4c3=O)cc(O)c2O1,-84.01,-1350.83,-1288.58,21.76,
SOD1,CHEMBL1864963,-6.5,Cc1cc(C)cc(NC(=O)CNS(=O)(=O)c2ccc3nc(C)sc3c2)c1,-92.64,-1458.53,-1350.48,-15.41,
SOD1,CHEMBL1865181,-6.5,Cc1ccc(-c2nnn(CC(=O)NC(=O)NC3CCCCC3)n2)cc1,-97.53,-1358.95,-1170.94,-90.47,
SOD1,CHEMBL1865552,-6.5,O=C(NC(=O)c1c(F)cccc1F)Nc1cccc(Oc2ncc(Cl)cn2)c1,-78.69,-1271.88,-1085.1,-108.09,
SOD1,CHEMBL1866082,-6.5,Cc1c(CC(=O)O)c(=O)oc2c(C)c(OCc3ccc(F)cc3F)ccc12,-54.48,-626.25,-563.32,-8.46,
SOD1,CHEMBL19270,-6.5,O=S1(=O)c2cccc3cccc(c23)N1CCN1CCC(Cc2cc3cc(F)ccc3[nH]2)CC1,-69.66,-575.37,-564.54,58.82,
SOD1,CHEMBL19349,-6.5,Cc1cc(C#CCN2CCC(Cc3ccc(F)cc3)CC2)cc2[nH]c(O)nc12,-54.4,-1251.08,-1197.99,1.31,
SOD1,CHEMBL19626,-6.5,N=C(N)c1ccc2oc(CCc3ccc(O[C@H]4CCNC4)cc3)cc2c1,-92.64,-655.65,-586.3,23.29,
SOD1,CHEMBL20825,-6.5,CCOC(=O)[C@@H](Cc1ccc2ccccc2c1)NC(=O)c1cccc(C(=N)N)c1,-80.65,-501.53,-424.12,3.23,
SOD1,CHEMBL25345,-6.5,COc1ccc(Cc2cc(C3CCN(C(=O)c4ccc5c(c4)OCO5)CC3)nc(N)n2)cc1,-78.42,-875.93,-713.87,-83.64,
SOD1,CHEMBL25666,-6.5,Oc1cc2c(cc1Cc1ccccc1)OC(CCc1ccccc1)C2,-48.76,-605.2,-582.74,26.3,
SOD1,CHEMBL26678,-6.5,Cn1c2cccc(C(N)=O)c2c2ncnc(N3CCN(CCc4ccc(F)c(F)c4)CC3)c21,,,,,"{""mmgbsa_dG"": null, ""error"": ""embed fallo (6 semillas) para C:\\Users\\Fredy\\masive-als\\gpu_dock\\resultados_libreria\\results_SOD1\\CHEMBL26678_out.pdbqt""}"
SOD1,CHEMBL26936,-6.5,O=C1NC(=O)c2c1c1c3ccccc3n3c1c1c2c2ccccc2n1CNC3,-51.56,-1460.78,-1395.88,-13.34,
SOD1,CHEMBL28505,-6.5,COc1ccc2c(c1)CC[C@@H](CN1CCN(CCOC(c3ccccc3)c3ccccc3)CC1)[C@H]2O,,,,,"{""mmgbsa_dG"": null, ""error"": ""embed fallo (6 semillas) para C:\\Users\\Fredy\\masive-als\\gpu_dock\\resultados_libreria\\results_SOD1\\CHEMBL28505_out.pdbqt""}"
SOD1,CHEMBL29217,-6.5,N#Cc1cccc(COc2ccc(S(=O)(=O)N3CC[C@H](O)C[C@@H]3C(=O)NO)cc2)c1,-77.56,-1063.78,-1050.61,64.39,
SOD1,CHEMBL29571,-6.5,O=C1N[C@@H]2CCCC[C@H]2N1C1CCN(Cc2ccc3ccccc3c2)CC1,-70.37,-621.15,-500.58,-50.21,
SOD1,CHEMBL3309985,-6.5,Nc1nc2c3ccccc3nc(Cc3ccc4c(c3)OCO4)n2n1,-46.8,-1711.88,-1601.56,-63.52,
SOD1,CHEMBL3309991,-6.5,Nc1nc2c3c(F)cc(F)cc3nc(Cc3ccc4c(c3)OCO4)n2n1,-47.89,-1711.27,-1576.05,-87.33,
SOD1,CHEMBL4434951,-6.5,Nc1nonc1/C(=N/O)NC1c2ccccc2C1(F)F,-34.95,-1605.5,-1608.49,37.95,
SOD1,CHEMBL4434956,-6.5,Cc1ccc(F)cc1-c1cccc(C2(c3ccccc3)N=C(N)N(C)C2=O)c1,-46.32,-1537.59,-1479.67,-11.61,
SOD1,CHEMBL4435905,-6.5,O=C(O)COc1ccc([C@H]2CC[C@]3(CC2)OOC2(O3)C3CC4CC2CC(C3)C4=O)cc1,-67.63,-390.74,-410.61,87.5,
SOD1,CHEMBL4436016,-6.5,O=C(/C=C/c1cccc(O)c1)c1ccc(NS(=O)(=O)c2cccc(O)c2)cc1,-89.78,-661.85,-536.55,-35.51,
SOD1,CHEMBL4436157,-6.5,O=C1NCCn2c(C3CCN(C(=O)c4cccc(Cl)c4)CC3)nc3cncc1c32,-79.03,-1403.19,-1355.96,31.81,
SOD1,CHEMBL4529934,-6.5,Cc1ccc(-c2ccc3nn(CC(=O)N4CCN(c5ccc(F)cc5)CC4)c(=O)n3n2)cc1C,,,,,"{""mmgbsa_dG"": null, ""error"": ""embed fallo (6 semillas) para C:\\Users\\Fredy\\masive-als\\gpu_dock\\resultados_libreria\\results_SOD1\\CHEMBL4529934_out.pdbqt""}"
SOD1,CHEMBL4530208,-6.5,COc1ncc(CC2CCOCC2)c2c1C[C@]1(c3ccc(F)cc3F)N=C(N)SC[C@@H]1C2,-59.56,-1648.7,-1490.57,-98.58,
SOD1,CHEMBL4530658,-6.5,Nc1ncnc2c3c(n(-c4ccc(NC(=O)[C@@H](N)Cc5ccccc5)cc4)c12)CCC3,-68.74,-1247.83,-1178.02,-1.06,
SOD1,CHEMBL4530939,-6.5,O=C(c1cnc(Nc2cccc(Cc3ccccc3)c2)[nH]1)c1ccccc1O,-79.7,-817.65,-754.46,16.51,
SOD1,CHEMBL4531786,-6.5,O=C(Nc1nn(Cc2ccc(C(F)(F)F)cc2)c2ccccc12)c1cnc[nH]1,-67.3,-519.93,-496.24,43.61,
SOD1,CHEMBL4532233,-6.5,[2H]C([2H])([2H])N(C([2H])([2H])[2H])S(=O)(=O)c1ccc(-c2cnc(N)c(-c3ccc4c(c3)CCNC4=O)n2)cc1,,,,,"{""mmgbsa_dG"": null, ""error"": ""n atomos no coincide: SMILES 36 vs pose 30 (C:\\Users\\Fredy\\masive-als\\gpu_dock\\resultados_libreria\\results_SOD1\\CHEMBL4532233_out.pdbqt)""}"
SOD1,CHEMBL4532439,-6.5,Cc1c(NC(=O)c2noc3c2CCc2cc(CC(C)C)ccc2-3)c(=O)n(-c2ccccc2)n1C,,,,,"{""mmgbsa_dG"": null, ""error"": ""embed fallo (6 semillas) para C:\\Users\\Fredy\\masive-als\\gpu_dock\\resultados_libreria\\results_SOD1\\CHEMBL4532439_out.pdbqt""}"
SOD1,CHEMBL4532846,-6.5,Cc1ccc(NCc2ccnn2-c2nnc(N3CCC(C(=O)NC4CCCCC4C)CC3)s2)cc1,,,,,"{""mmgbsa_dG"": null, ""error"": ""embed fallo (6 semillas) para C:\\Users\\Fredy\\masive-als\\gpu_dock\\resultados_libreria\\results_SOD1\\CHEMBL4532846_out.pdbqt""}"
SOD1,CHEMBL4533631,-6.5,Nc1nc2ccccc2cc1CCC(=O)N1CCC[C@]2(COCC[C@H]2O)C1,-45.77,-709.59,-605.45,-58.37,
SOD1,CHEMBL4533958,-6.5,Cc1ccc2[nH]c(CCN3C(=O)c4cccc5cccc(c45)C3=O)nc2c1,-57.16,-669.76,-615.08,2.49,
SOD1,CHEMBL4534050,-6.5,CCOc1ccc(-c2nc(/C(N)=N\O)c3[nH]c(=O)n(-c4cccc5ccccc45)c3n2)cc1,-97.19,-1559.13,-1473.46,11.52,
SOD1,CHEMBL4543556,-6.5,Cc1c(C(=O)N2C3CCC2CC(F)(c2ccc(Cl)cc2)C3)cnn1-c1nn2cccc2c(=O)[nH]1,-71.43,-555.38,-475.66,-8.29,
SOD1,CHEMBL4553151,-6.5,CN(C)c1nc(-c2cnc(N)c(-c3ccc4c(c3)CCNC4=O)c2)cs1,-59.14,-507.16,-409.81,-38.21,
SOD1,CHEMBL4564277,-6.5,COc1ccc2[nH]c(C(=O)NCc3cccc(Cn4cnc5ccccc54)c3)cc2c1,-75.99,-1263.55,-1194.8,7.24,
SOD1,CHEMBL4564351,-6.5,Cc1ccc(-c2cnc(N)c(-c3ccc4c(c3)CCNC4=O)c2)s1,-50.89,-482.21,-425.92,-5.39,
SOD1,CHEMBL4564624,-6.5,C[C@@H](CN)c1ccc(-c2c(O)cc(Cl)c3[nH]c(=O)c4ccccc4c23)cc1,-56.53,-1171.15,-1162.14,47.52,
SOD1,CHEMBL4565091,-6.5,CC1(C)C[C@H](c2c[nH]c3c(C(N)=O)cc(-c4ccc(F)cc4)cc23)CCS1(=O)=O,-60.04,-1558.46,-1511.27,12.86,
SOD1,CHEMBL4566549,-6.5,C/C(=N/NC(=N)N)c1sc(-c2ccc(C#Cc3ccccc3)cc2)nc1C,-63.57,-1122.71,-1012.28,-46.87,
SOD1,CHEMBL4568382,-6.5,NC(=O)c1cccc(-c2cn3c(-c4ccc(F)c(Cl)c4)cnc3cn2)c1,-41.16,-510.74,-474.86,5.27,
SOD1,CHEMBL4569164,-6.5,Cc1cc(=O)[nH]c(-n2ncc(C(=O)N3CCc4ccc(C(F)(F)F)cc4C3)c2C)n1,-55.03,-694.97,-693.01,53.07,
SOD1,CHEMBL4569304,-6.5,Cc1cn2cc(-c3cc4ccc(N5CCN[C@@H](C(C)C)C5)cc4oc3=O)nc2c(C)n1,-66.19,-939.73,-987.24,113.71,
SOD1,CHEMBL4569357,-6.5,CN(C)c1ccc(C(=O)Nc2cccc(NC(=O)COc3ccc4c(c3)OCO4)c2)cc1,-111.34,-788.16,-681.24,4.42,
SOD1,CHEMBL4570510,-6.5,Cn1ccc2cc(-c3cn4c(-c5ccccc5)cnc4cn3)ccc21,-46.92,-434.81,-430.89,43.0,
SOD1,CHEMBL4571045,-6.5,O=S(=O)(c1cnc2ccccc2c1)n1cc(C2=CCNCC2)c2ccccc21,-42.25,-563.95,-618.6,96.9,
SOD1,CHEMBL4571226,-6.5,O=S(=O)(NCc1ccc(-c2ccccc2)cc1)c1cc2ccc(Cl)cc2[nH]1,-60.46,-629.87,-510.53,-58.88,
SOD1,CHEMBL4571586,-6.5,Fc1cccc(-c2cn3c(-c4ccc5ncccc5c4)cnc3cn2)c1,-44.21,-626.6,-605.51,23.12,
SOD1,CHEMBL4573105,-6.5,NC(=O)c1ccc(-c2cc(-c3ccc(CC(=O)N4CCCC4)cc3)cnc2N)cc1,-85.95,-565.74,-472.75,-7.04,
SOD1,CHEMBL4575049,-6.5,O=C(CCc1nnc2c3cc(-c4ccc(F)cc4)nn3ccn12)NCc1ccccc1Cl,-81.1,-1556.42,-1440.4,-34.92,
SOD1,CHEMBL4575184,-6.5,Oc1ccc2ncnc(Nc3ccc(OCc4ccc(F)cc4)cc3)c2c1,-47.35,-1515.17,-1421.7,-46.12,
SOD1,CHEMBL4580842,-6.5,O=C(c1cc(Cc2n[nH]c(=O)c3ccccc23)ccc1F)N1CCn2cnnc2C1,-70.88,-525.69,-501.04,46.23,
SOD1,CHEMBL4581184,-6.5,CN1C[C@@H](Nc2nc3cc[nH]c3c(=O)n2C)C[C@@H](c2ccc3c(c2)OCCO3)C1,-40.83,-714.47,-627.0,-46.64,
SOD1,CHEMBL4581299,-6.5,Cc1cccc(NC(=O)c2ccc3nn(CC(=O)N4CCc5ccccc5C4)c(=O)n3c2)c1,-77.73,-1416.68,-1359.65,20.7,
SOD1,CHEMBL4581931,-6.5,Cc1c(-c2ccc(Oc3ccc(N4CCNCC4)cc3)c(F)c2)[nH]c2cccc(F)c2c1=O,-72.91,-1000.16,-1029.4,102.15,
SOD1,CHEMBL4582280,-6.5,CN1CCN(c2cc(F)c3c(c2)N(C)C(=O)C32CCN(c3nc4c(c(=O)[nH]3)CCCN4C)CC2)CC1,,,,,"{""mmgbsa_dG"": null, ""error"": ""embed fallo (6 semillas) para C:\\Users\\Fredy\\masive-als\\gpu_dock\\resultados_libreria\\results_SOD1\\CHEMBL4582280_out.pdbqt""}"
SOD1,CHEMBL4583574,-6.5,Cc1cc(C)cc(NC(=O)Cn2nc3ccc(-c4ccc(C)c(C)c4)nn3c2=O)c1,-94.93,-1410.17,-1403.55,88.31,
SOD1,CHEMBL4583613,-6.5,O=S(=O)(c1ccc2ncccc2c1)n1cc(C2=CCNCC2)c2ccc(Cl)cc21,-53.52,-558.54,-622.04,117.03,
SOD1,CHEMBL4635552,-6.5,O=C1CCN(C(=O)c2cc(Cc3n[nH]c(=O)c4ccccc34)ccc2F)CC1,-53.3,-547.32,-534.19,40.16,
SOD1,CHEMBL4637016,-6.5,Cc1nn(-c2ccc(F)cc2)c2ncc(C(=O)c3ccccc3O)cc12,-69.98,-1431.95,-1477.95,115.98,
SOD1,CHEMBL4637325,-6.5,C=C1CC[C@@H]2[C@](C)(CO)[C@H](O)CC[C@@]2(C)[C@@H]1C/C=C1/C(=O)OC[C@H]1Oc1cccc2ccc(C)nc12,-67.2,-483.2,-558.15,142.15,
SOD1,CHEMBL4637658,-6.5,O=C(Nc1cccc(Cl)c1)C1CCN(C(=O)c2ccc3ccccc3c2)CC1,-47.24,-527.88,-467.18,-13.46,
SOD1,CHEMBL4638039,-6.5,Nc1nc(-c2cc3c4c(n[nH]c4c2)Nc2ccccc2O3)cc(N2CCCC2)n1,-98.64,-1525.2,-1265.74,-160.81,
SOD1,CHEMBL4638078,-6.5,COc1ccc(/C=C/C(=O)Nc2cccc(-c3nc4ccccc4[nH]3)c2)cc1,-98.68,-1256.93,-1155.75,-2.51,
SOD1,CHEMBL4638505,-6.5,CC(C)N(C(=O)c1ccc(F)c(C(F)(F)F)c1)c1ccc(C(=O)NO)cc1,-47.26,-447.85,-471.22,70.63,
SOD1,CHEMBL4638561,-6.5,O=C(Nc1nc2ccc(Cl)cc2s1)c1c(O)c2cccc3c2n(c1=O)CC3,-64.0,-1185.1,-1056.85,-64.25,
SOD1,CHEMBL4638828,-6.5,Nc1nc2nc(SCc3ccccc3)nc(N3CCc4ccccc4C3)c2s1,,,,,"{""mmgbsa_dG"": null, ""error"": ""embed fallo (6 semillas) para C:\\Users\\Fredy\\masive-als\\gpu_dock\\resultados_libreria\\results_SOD1\\CHEMBL4638828_out.pdbqt""}"
SOD1,CHEMBL4638917,-6.5,C[C@@H](Nc1nc2c(cnn2C2CCCC2)c(=O)[nH]1)C(=O)Nc1ccc2c(c1)CCC2=O,-111.0,-1436.81,-1279.61,-46.2,
SOD1,CHEMBL4638972,-6.5,Nc1nc(-c2cc3c4c(n[nH]c4c2)Nc2ccccc2O3)cc(C2CC2)n1,-47.17,-1377.55,-1204.85,-125.54,
SOD1,CHEMBL4639051,-6.5,CC(=O)N(Cc1cccc(C(F)(F)F)c1)c1ccc(C(=O)NO)cc1,-41.28,-421.71,-453.43,73.01,
SOD1,CHEMBL4639112,-6.5,O=C(C[C@H]1CC[C@@H](C(=O)O)CC1)N1CCc2c(n(Cc3cccc(F)c3)c3ncccc23)C1,-53.46,-715.07,-682.11,20.5,
SOD1,CHEMBL4639614,-6.5,O=C1CSC(N/N=C/c2ccc3ccc4cccc5ccc2c3c45)=N1,-38.98,-433.39,-432.07,37.67,
SOD1,CHEMBL497980,-6.5,Cc1ccc2c(N3CCN(CCc4ccc5c(c4)NC(=O)CO5)CC3)ccc(Cl)c2n1,-40.53,-391.28,-512.74,161.99,
SOD1,CHEMBL498197,-6.5,O=C1O[C@]2(CC[C@@H](c3nc4cccnc4[nH]3)CC2)c2ccccc21,-70.21,-1332.99,-1334.7,71.92,
SOD1,CHEMBL498199,-6.5,O=C1CCC(c2cccc(O)c2)(C2CCN(Cc3ccc(Br)cc3)CC2)C(=O)N1,-67.24,-515.16,-440.96,-6.96,
SOD1,CHEMBL498343,-6.5,O/N=C1\CCc2cc(-c3cn([C@H]4CCC[C@H]4O)nc3-c3ccncc3)ccc21,-65.07,-428.81,-461.3,97.56,
SOD1,CHEMBL500635,-6.5,C(#Cc1cccc2ccccc12)c1cccc(Cc2c[nH]cn2)c1,-41.22,-480.54,-492.36,53.03,
SOD1,CHEMBL500921,-6.5,O=C(CC(=O)Nc1ccc(Oc2ccnc3[nH]ccc23)c(F)c1)Nc1ccc(F)cc1,-119.43,-1335.59,-1200.02,-16.14,
SOD1,CHEMBL501462,-6.5,O=c1nc(-c2ccc3[nH]ncc3c2)cc(-c2ccc(OCc3ccccc3)cc2)[nH]1,-77.4,-858.89,-772.53,-8.96,
SOD1,CHEMBL501486,-6.5,O=C(NCc1cccc(-c2cccc(CN3CCNCC3)c2)c1)c1cccc(O)c1,-66.86,-563.91,-572.03,74.98,
SOD1,CHEMBL503089,-6.5,O/N=C1\CCc2cc(-c3cn(C4CCCC4)nc3-c3ccncc3)ccc21,-53.59,-402.57,-435.39,86.41,
SOD1,CHEMBL504005,-6.5,O=C1NC(=O)C2C3c4ccccc4C(c4ccccc43)C12,-70.99,-797.2,-695.99,-30.22,
SOD1,CHEMBL511137,-6.5,Cc1cc(C)c(S(=O)(=O)N2CCC(C(=O)NC3Cc4ccccc4C3)CC2)c(C)c1,-76.33,-830.54,-758.64,4.44,
SOD1,CHEMBL511475,-6.5,O=C(NCCN1CCC2(CC1)C(=O)NCN2c1ccccc1)c1ccc2ccccc2c1,-70.15,-707.47,-643.64,6.31,
SOD1,CHEMBL511669,-6.5,CNC(=O)c1cc(Oc2ccc3[nH]c(Nc4cccc(C(F)(F)F)c4)nc3c2)ccn1,-63.99,-1228.66,-1188.39,23.71,
SOD1,CHEMBL511942,-6.5,Cc1cccc(CNC(=O)c2cc(C(=O)NCc3cccc(C)c3)ncn2)c1,-86.93,-695.37,-630.45,22.01,
SOD1,CHEMBL512267,-6.5,N=C(NO)c1ccc(-n2c3c(c4ccccc42)C(=O)CCC3)c(Br)c1,-66.43,-902.13,-919.81,84.11,
SOD1,CHEMBL512290,-6.5,Cn1c(=O)c2[nH]c(-c3ccc(COC(=O)Nc4ccccc4)cc3)cc2n(C)c1=O,-65.68,-1343.71,-1131.14,-146.9,
SOD1,CHEMBL512308,-6.5,N=C(N)N/N=C/c1ccc(OCc2ccc3no[n+]([O-])c3c2)cc1,-82.13,-726.9,-580.3,-64.47,
SOD1,CHEMBL513227,-6.5,Nc1nccc(-c2c(-c3cccc(C(=O)Nc4c(F)cccc4F)c3)nc3ccccn23)n1,-60.65,-1633.56,-1473.28,-99.64,
SOD1,CHEMBL513422,-6.5,Cc1cccc(NC(=S)Nc2ccc(-c3cnc4ccnn4c3N)cc2)c1,-82.68,-1352.48,-1325.49,55.69,
SOD1,CHEMBL513720,-6.5,C[C@@H](c1ccc2c(c1)CC[C@H]1[C@H]2C[C@@H]2O[C@@]23CC=CC(=O)[C@]13C)[C@@H]1C[C@@H]2O[C@@H]2C(=O)O1,-56.63,-802.31,-957.73,212.04,
SOD1,CHEMBL514185,-6.5,CC1(C(=O)Nc2ccc([N+](=O)[O-])cc2O)CC2c3ccccc3C1c1ccccc12,-101.05,-538.62,-500.5,62.94,
SOD1,CHEMBL514419,-6.5,Cc1ccc(NN=C(c2nc3ccccc3[nH]2)c2nc3ccccc3[nH]2)cc1,-79.54,-788.05,-818.4,109.88,
SOD1,CHEMBL515179,-6.5,C[C@@]12NC(=O)[C@@H](C[C@@]13c1ccccc1N1C(=O)CN[C@@H]13)n1c2nc2ccccc2c1=O,-64.63,-1473.27,-1366.07,-42.57,
SOD1,CHEMBL515491,-6.5,O=C(NCCN1CCOCC1)c1nc(-c2ccc3c(c2)CC/C3=N\O)c(-c2ccncc2)[nH]1,-89.98,-336.85,-398.39,151.52,
SOD1,CHEMBL516855,-6.5,CC1(C)C=Cc2c(cc(O)c3c2OCC(c2cc4c(cc2O)OCO4)C3=O)O1,-63.71,-1320.82,-1280.74,23.63,
SOD1,CHEMBL517010,-6.5,C=C1C(=O)[C@]23C[C@H]1CC[C@H]2[C@]1(COC3=O)C2CC[C@@]3(C)COC(O2)[C@H]31,-58.84,-1528.79,-1534.56,64.61,
SOD1,CHEMBL517876,-6.5,Cc1ccccc1/C=C1\CN(C)C[C@@]2(C1=O)[C@@H](c1ccccc1C)CN(C)[C@@]21C(=O)Nc2ccccc21,,,,,"{""mmgbsa_dG"": null, ""error"": ""embed fallo (6 semillas) para C:\\Users\\Fredy\\masive-als\\gpu_dock\\resultados_libreria\\results_SOD1\\CHEMBL517876_out.pdbqt""}"
SOD1,CHEMBL519416,-6.5,Oc1ccc2c3c1O[C@H]1c4c(c5cc(Cl)cc6c5n4CCC6)C[C@@]4(O)[C@@H](C2)N(CC2CC2)CC[C@]314,-58.09,-1586.5,-1567.93,39.52,
SOD1,CHEMBL519851,-6.5,C[C@@]12C[C@@H](c3ccoc3)OC(=O)[C@H]1CC[C@@H]1[C@H]2C[C@@H]2OC(=O)[C@@]1(O)[C@@H]2O,-55.92,-1410.33,-1477.59,123.19,
SOD1,CHEMBL520129,-6.5,O=C(Nc1ccc2cnn(S(=O)(=O)c3cccc4ccccc34)c2c1)C1CCCNC1,-83.26,-636.99,-694.58,140.85,
SOD1,CHEMBL520529,-6.5,CC1(C)CCC[C@]2(C)[C@H]3C[C@@H](O)[C@]4(C)C5=C(C(=O)O[C@H]5O)[C@@H](O)C[C@H]4[C@]3(C)CC[C@@H]12,,,,,"{""mmgbsa_dG"": null, ""error"": ""embed fallo (6 semillas) para C:\\Users\\Fredy\\masive-als\\gpu_dock\\resultados_libreria\\results_SOD1\\CHEMBL520529_out.pdbqt""}"
SOD1,CHEMBL520557,-6.5,Oc1ccc2c3c1O[C@H]1c4c(c5cccc6c5n4CCC6)C[C@@]4(O)[C@@H](C2)N(CC2CC2)CC[C@]314,-44.59,-416.99,-419.25,46.85,
SOD1,CHEMBL521037,-6.5,CC1(C)OC(=O)C2=C1Nc1cc3c(cc1C2c1cccc(Cl)c1)OCO3,-60.23,-1492.83,-1436.4,3.8,
SOD1,CHEMBL521532,-6.5,C[C@]12C[C@H](NCCc3ccccc3)[C@@H](O)C[C@@H]1CC[C@@H]1[C@@H]2CC[C@]2(C)[C@@H](O)CC[C@@H]12,-63.92,-388.28,-483.59,159.23,
SOD1,CHEMBL522143,-6.5,O=C(N[C@@H]1CC[C@@]2(O)[C@H]3Cc4ccc(O)c5c4[C@@]2(CCN3CC2CC2)[C@H]1O5)c1ccncc1,-42.15,-1539.21,-1545.22,48.16,
SOD1,CHEMBL522502,-6.5,Nc1ccc2ncnc(NCCc3ccc(Oc4ccccc4)cc3)c2c1,-61.51,-549.23,-446.6,-41.13,
SOD1,CHEMBL522596,-6.5,O=C(OC12C3C4CC5C6C4C1C6C1(OCCCN12)C53)c1n[nH]c2ccccc12,-45.73,-1564.41,-1554.07,35.4,
SOD1,CHEMBL523261,-6.5,Cn1cc(-c2ccc3c(c2)Cc2c[nH]nc2-3)c(-c2ccncc2)n1,-52.63,-396.63,-427.02,83.01,
SOD1,CHEMBL524551,-6.5,Nc1nccc2ccc(-c3ccc4ncccc4c3)cc12,-60.25,-1849.17,-1776.69,-12.23,
SOD1,CHEMBL557910,-6.5,O=C(NC(=O)c1ccccc1)NC1c2ccccc2-c2ccccc21,-101.54,-949.58,-780.12,-67.92,
SOD1,CHEMBL559562,-6.5,N=C(N)c1ccc2cc(C(=O)Nc3ccc4c(c3)CCC4)ccc2c1,-105.61,-1194.72,-1070.03,-19.08,
SOD1,CHEMBL559878,-6.5,COc1ncc(/C=C2\C[C@H]3[C@@H]4CC[C@H]5N(C)C(=O)C=C[C@]5(C)[C@H]4CC[C@]3(C)[C@H]2O)cn1,-64.29,-1147.76,-1087.77,4.3,
SOD1,CHEMBL561445,-6.5,N#Cc1cnn2c(-c3cccc(NC(=O)c4cccc(C(F)(F)F)c4)c3)ccnc12,-47.85,-548.26,-578.35,77.93,
SOD1,CHEMBL562407,-6.5,CCC(C)[C@H](N)C(=O)NNC(=O)c1cc(C23CC4CC(CC(C4)C2)C3)c2ccccc2n1,-90.95,-1268.76,-1354.26,176.45,
SOD1,CHEMBL562923,-6.5,O=C(C=C1CCN(C(=O)c2ccc(O)cc2)CC1)N[C@@H]1CCN(Cc2ccc3cc(F)ccc3c2)C1,-66.11,-1025.2,-1001.2,42.11,
SOD1,CHEMBL563019,-6.5,O=C(N[C@@H]1CCN(Cc2ccc3cc(F)ccc3c2)C1)NS(=O)(=O)c1ccccc1,-74.72,-1624.04,-1386.68,-162.64,
SOD1,CHEMBL563590,-6.5,CC(C)C[C@H](N)C(=O)NNC(=O)c1cc(C23CC4CC(CC(C4)C2)C3)c2ccccc2n1,-76.42,-1144.43,-1239.27,171.26,
SOD1,CHEMBL564211,-6.5,Cc1nn(-c2ccc(C(N)=O)c(N[C@H]3CC[C@H](O)CC3)c2)c2c1C(=O)CC(C)(C)C2,-69.08,-1549.32,-1536.84,56.6,
SOD1,CHEMBL564436,-6.5,CN1CCC(=O)[C@]2(C1)[C@@H](c1ccccc1Cl)[C@@H]1CCCN1[C@@]21C(=O)Nc2ccccc21,-59.22,-1498.07,-1466.0,27.15,
SOD1,CHEMBL565310,-6.5,O=C(C(=O)N1CCN(C(=O)c2c(F)cccc2F)CC1)c1c[nH]c2ccccc12,-57.21,-628.6,-706.45,135.06,
SOD1,CHEMBL565857,-6.5,Cc1[nH]c2ccccc2c1C(=O)C(=O)Nc1cccc2c(O)cccc12,-55.9,-362.25,-417.84,111.5,
SOD1,CHEMBL565921,-6.5,O=C(NO)c1ccc2nc(CCCc3ccccc3)c(=O)[nH]c2c1,-75.08,-487.6,-500.77,88.26,
SOD1,CHEMBL566219,-6.5,c1ccc2cc(Cc3nc4c(N5CCNCC5)cccc4[nH]3)ccc2c1,-45.87,-510.35,-631.98,167.5,
SOD1,CHEMBL568580,-6.5,CN1CCN(c2cc(C3=C(c4c[nH]c5ccccc45)C(=O)NC3=O)c3ccccc3c2)CC1,-35.86,-551.71,-581.88,66.03,
SOD1,DELAFLOXACIN,-6.5,Nc1nc(-n2cc(C(=O)O)c(=O)c3cc(F)c(N4CC(O)C4)c(Cl)c32)c(F)cc1F,,,,,"{""mmgbsa_dG"": null, ""error"": ""embed fallo (6 semillas) para C:\\Users\\Fredy\\masive-als\\gpu_dock\\resultados_libreria\\results_SOD1\\DELAFLOXACIN_out.pdbqt""}"
SOD1,EPLERENONE,-6.5,COC(=O)[C@@H]1CC2=CC(=O)CC[C@]2(C)[C@@]23O[C@@H]2C[C@@]2(C)[C@@H](CC[C@@]24CCC(=O)O4)[C@H]13,,,,,"{""mmgbsa_dG"": null, ""error"": ""embed fallo (6 semillas) para C:\\Users\\Fredy\\masive-als\\gpu_dock\\resultados_libreria\\results_SOD1\\EPLERENONE_out.pdbqt""}"
SOD1,GLASDEGIB,-6.5,CN1CC[C@@H](NC(=O)Nc2ccc(C#N)cc2)C[C@@H]1c1nc2ccccc2[nH]1,-101.28,-1301.45,-1162.6,-37.57,
SOD1,GLIBORNURIDE,-6.5,Cc1ccc(S(=O)(=O)NC(=O)N[C@H]2[C@H]3CC[C@@](C)([C@H]2O)C3(C)C)cc1,,,,,"{""mmgbsa_dG"": null, ""error"": ""embed fallo (6 semillas) para C:\\Users\\Fredy\\masive-als\\gpu_dock\\resultados_libreria\\results_SOD1\\GLIBORNURIDE_out.pdbqt""}"
SOD1,INDACATEROL,-6.5,CCc1cc2c(cc1CC)CC(NC[C@H](O)c1ccc(O)c3[nH]c(=O)ccc13)C2,-54.65,-562.33,-581.54,73.85,
SOD1,BICTEGRAVIR,-6.4,O=C(NCc1c(F)cc(F)cc1F)c1cn2c(c(O)c1=O)C(=O)N1[C@H]3CC[C@H](C3)O[C@@H]1C2,-45.33,-1367.36,-1263.95,-58.08,
SOD1,CARBAMAZEPINE,-6.4,NC(=O)N1c2ccccc2C=Cc2ccccc21,-39.05,-593.51,-524.65,-29.82,
SOD1,CHEMBL10211,-6.4,O=C(O)c1c(-c2ccc3c(c2)OCO3)c2ccccc2n1-c1ccc2c(c1)OCO2,-65.08,-1268.28,-1213.1,9.9,
SOD1,CHEMBL11150,-6.4,C[C@@]1(N2C(=O)c3c(F)c(F)c(F)c(F)c3C2=O)CCC(=O)NC1=O,-44.77,-1815.59,-1679.85,-90.97,
SOD1,CHEMBL1163133,-6.4,COc1ccc(-c2ccc3cccc4c3c2C(=O)C(O)=C4)cc1,-39.14,-1807.48,-1816.54,48.2,
SOD1,CHEMBL1163540,-6.4,C[C@@]12CC[C@H](O)[C@@H]3COC(=C31)C(=O)c1cc3cccc(O)c3cc12,-60.01,-1581.41,-1606.66,85.25,
SOD1,CHEMBL11824,-6.4,O=C1CC2(CCCC2)CC(=O)N1CCCCNCC1COc2cc3ccccc3cc2O1,-50.9,-707.68,-693.57,36.79,
SOD1,CHEMBL1204619,-6.4,O=C1N[C@H]2[C@@H]3OP(=O)(O)O[C@@H]3[C@@H](O)C[C@@H]2c2cc3c(cc21)OCO3,-98.02,-1584.33,-1399.66,-86.65,
SOD1,CHEMBL1205880,-6.4,C[C@@H](O)[C@H]1C(=O)N2C(C(=O)O)=C(CN3C(=O)c4cccc5cccc3c45)[C@H](C)[C@H]12,,,,,"{""mmgbsa_dG"": null, ""error"": ""embed fallo (6 semillas) para C:\\Users\\Fredy\\masive-als\\gpu_dock\\resultados_libreria\\results_SOD1\\CHEMBL1205880_out.pdbqt""}"
SOD1,CHEMBL1207010,-6.4,O=C(O)CCCc1ccc2c(c1)CC(CNS(=O)(=O)c1ccc(Cl)cc1)C2,-76.08,-656.86,-532.69,-48.09,
SOD1,CHEMBL1207227,-6.4,O=C1C(c2c(O)[nH]c3ccc(S(=O)(=O)O)cc23)=Nc2ccccc21,-58.21,-1338.84,-1341.21,60.57,
SOD1,CHEMBL124937,-6.4,O=c1cc(Nc2ccc3ccccc3c2)[nH]c(=O)[nH]1,-40.28,-734.45,-515.47,-178.71,
SOD1,CHEMBL1310576,-6.4,Cc1ccc(S(=O)(=O)c2c(N)n(NC(=O)c3ccco3)c3nc4ccccc4nc23)cc1,-87.61,-1392.68,-1437.56,132.49,
SOD1,CHEMBL13148,-6.4,CC12C=CC(=O)C=C1C=CC1C2CCC2(C)C1CCC21CCC(=O)O1,-63.65,-1458.5,-1489.57,94.72,
SOD1,CHEMBL1343658,-6.4,Cn1c(=O)c(C(=O)NNC(=O)c2ccccc2F)c(O)c2ccccc21,-58.72,-1144.14,-1087.85,2.42,
SOD1,CHEMBL15855,-6.4,COc1ccc(NC(=O)N2CCC(c3c[nH]c4ccccc34)CC2)cc1N1CCN(C)CC1,-46.89,-813.36,-817.42,50.96,
SOD1,CHEMBL1587221,-6.4,N#C/C(=C\c1cn(Cc2ccccc2F)c2ccccc12)C(=O)NCc1ccco1,,,,,"{""mmgbsa_dG"": null, ""error"": ""embed fallo (6 semillas) para C:\\Users\\Fredy\\masive-als\\gpu_dock\\resultados_libreria\\results_SOD1\\CHEMBL1587221_out.pdbqt""}"
SOD1,CHEMBL15961,-6.4,COc1ccc(NC(=O)N2CCC(c3c[nH]c4cccc(F)c34)CC2)cc1N1CCN(C)CC1,-72.71,-1161.26,-1154.78,66.22,
SOD1,CHEMBL16303,-6.4,O=C(O)C1CC2CC(c3ccc(-c4nn[nH]n4)cc3)CCC2CN1,-63.04,-594.53,-631.43,99.93,
SOD1,CHEMBL16544,-6.4,NC(=O)N1CCN(C2=Nc3ccc(Br)cc3CC=C2c2ccccc2)CC1,-48.39,-607.3,-521.97,-36.94,
SOD1,CHEMBL16820,-6.4,Nc1nc2ccccc2n2c(=O)n(-c3ccc(Cl)cc3)nc12,-43.65,-1806.35,-1780.61,17.91,
SOD1,CHEMBL17200,-6.4,O=C(/C=C/c1ccccc1)c1ccc2ccccc2c1,-39.67,-453.5,-457.49,43.66,
SOD1,CHEMBL17479,-6.4,Nc1nc(N)c2c(CSc3cccc4ccccc34)c[nH]c2n1,-54.68,-716.77,-556.25,-105.84,
SOD1,CHEMBL17634,-6.4,CCS(=O)(=O)Nc1ccc2ccc(OCc3ccc4ccccc4n3)cc2c1,-76.99,-548.33,-440.28,-31.06,
SOD1,CHEMBL17787,-6.4,O=C(NCCOc1ccc(CC2SC(=O)NC2=O)cc1)Nc1ccccc1,-114.64,-1570.99,-1331.79,-124.55,
SOD1,CHEMBL1782170,-6.4,O=C1Cc2c([nH]c3cc[n+]([O-])cc23)-c2ccccc2N1,-67.74,-1648.18,-1601.53,21.09,
SOD1,CHEMBL1808973,-6.4,C1=Nn2c(nnc2-c2ccccc2)Nc2nc3ccccc3cc21,-50.01,-1593.56,-1595.9,52.35,
SOD1,CHEMBL1809186,-6.4,CCc1nn(-c2ccccc2)c2cc(NC(=O)c3cccc(C(=N)N)c3)ccc12,-69.77,-981.52,-922.02,10.26,
SOD1,CHEMBL1858377,-6.4,N/C(=N/O)c1cccnc1Oc1ccc2ccccc2c1,-34.71,-568.61,-549.14,15.24,
SOD1,CHEMBL1858853,-6.4,Cc1ccc2cccc(Oc3cc(/C(N)=N/O)ccn3)c2n1,-43.4,-551.14,-526.81,19.07,
SOD1,CHEMBL1858900,-6.4,O/N=C(/c1ccc(Oc2cccc3cccnc23)nc1)N1CCN(c2ccccc2)CC1,-83.84,-981.27,-1043.33,145.91,
SOD1,CHEMBL1858903,-6.4,Cc1ccc(Oc2ncccc2/C(N)=N/O)c2c1CCC2,-32.51,-483.47,-472.66,21.7,
SOD1,CHEMBL1859211,-6.4,O/N=C(/c1cccnc1Oc1ccc(F)c(Cl)c1)N1CCN(c2ccc(F)cc2)CC1,-55.4,-1504.54,-1568.48,119.34,
SOD1,CHEMBL1859818,-6.4,CC(C)CN/C(=N\O)c1ccc(Oc2ccc3ccccc3c2)nc1,-36.91,-576.62,-564.68,24.96,
SOD1,CHEMBL1862912,-6.4,CC(C)c1ccc(S(=O)(=O)N2CCN(C(c3cncnc3)c3ccc(Cl)cc3F)CC2)cc1,-54.93,-599.46,-581.9,37.37,
SOD1,CHEMBL1863068,-6.4,O=C(c1cccc(C(O)(c2ccc(Cl)cc2)c2cccnc2)c1)N1CCC(O)CC1,-80.28,-529.66,-490.83,41.44,
SOD1,CHEMBL1863508,-6.4,O=C(NCc1ccccc1)c1cccc(C(O)(c2ccc(Cl)cc2)c2cccnc2)c1,-64.08,-549.86,-519.81,34.03,
SOD1,CHEMBL1863528,-6.4,CS(=O)(=O)Nc1cccc(NC(=O)c2cccc3c(-c4cccc(C(N)=O)c4)coc23)c1,-89.16,-1314.59,-1142.85,-82.58,
SOD1,CHEMBL1863926,-6.4,CC(=O)Nc1cccc(NC(=O)C2CC(=O)N(CCc3ccc(F)cc3)C2)c1,-105.31,-1374.98,-1221.31,-48.35,
SOD1,CHEMBL1864789,-6.4,O=C(Cc1nnc(O)c2ccccc12)N1CCN(c2ccc(F)cc2)CC1,-46.62,-600.36,-635.21,81.48,
SOD1,CHEMBL1864929,-6.4,O=C(NCc1ccccc1Cl)c1ccc2nc(Cc3ccccc3)oc2c1,-55.83,-624.11,-589.99,21.7,
SOD1,CHEMBL1865383,-6.4,O=C(CN1CCCN(Cc2cccc(F)c2)S1(=O)=O)Nc1ccc2c(c1)OCCO2,-65.91,-1648.24,-1423.45,-158.88,
SOD1,CHEMBL1865896,-6.4,NS(=O)(=O)c1ccc(NC(=O)COC(=O)Cc2c[nH]c3ccccc23)cc1,-94.47,-683.76,-575.72,-13.56,
SOD1,CHEMBL1866121,-6.4,Cc1onc(-c2ccccc2)c1C(=O)Nc1cccc(S(=O)(=O)NC2=NCCC2)c1,-71.22,-679.55,-457.44,-150.9,
SOD1,CHEMBL18727,-6.4,C[C@H](NC(=O)C1C=C2c3cccc4[nH]cc(c34)CC2N(C)C1)C(=O)NCCc1ccccc1,-111.75,-1338.54,-1325.96,99.17,
SOD1,CHEMBL19179,-6.4,O=C1N[C@@H](C(=O)NO)C[C@H]1c1ccc(OCc2ccccc2)cc1,-111.61,-499.57,-481.93,93.97,
SOD1,CHEMBL19348,-6.4,Oc1nc2c(C(F)(F)F)cc(C#CCN3CCC(Cc4ccc(F)cc4)CC3)cc2[nH]1,-69.0,-1188.15,-1120.93,1.78,
SOD1,CHEMBL19404,-6.4,COc1cc2[nH]c(O)nc2cc1C#CCN1CCC(Cc2ccc(F)cc2)CC1,-71.18,-668.13,-605.17,8.23,
SOD1,CHEMBL20160,-6.4,O=C1N[C@@H](C(=O)NO)C[C@H]1c1ccc(-c2ccc(F)cc2)cc1,-62.62,-1500.08,-1509.26,71.8,
SOD1,CHEMBL21079,-6.4,Cc1ccc(NC(=O)c2ccccc2)cc1Nc1nccc(-c2ccc[n+]([O-])c2)n1,-85.13,-613.53,-433.82,-94.58,
SOD1,CHEMBL22736,-6.4,OC1(c2cccc(COc3ccc4c(-c5ccoc5)cncc4c3)n2)CC2COC(C1)O2,-49.19,-1155.89,-1201.39,94.69,
SOD1,CHEMBL24950,-6.4,Oc1cccc(C2=Cc3cc(O)ccc3C23Cc2ccccc2C3)c1,-48.35,-479.85,-458.25,26.74,
SOD1,CHEMBL25091,-6.4,Nc1nc(C2CCN(C3CCCCC3)CC2)c2ccccc2n1,-55.46,-1573.64,-1434.6,-83.59,
SOD1,CHEMBL26844,-6.4,O=C(NO)c1ccc(CNC(=O)c2ccc(-c3ccccc3)cc2)cc1,-51.25,-503.44,-500.58,48.39,
SOD1,CHEMBL26872,-6.4,O=C1NCc2c1c1c3ccccc3n3c1c1c2c2ccccc2n1CSC3,-53.49,-1678.8,-1635.73,10.41,
SOD1,CHEMBL27387,-6.4,O=C1NC(=O)c2c1c1c3ccccc3n3c1c1c2c2ccccc2n1C[S+]([O-])C3,-91.38,-1509.84,-1403.89,-14.57,
SOD1,CHEMBL28177,-6.4,CC(CC(=O)Nc1ccccc1C(=O)O)c1ccc2ccccc2c1,-51.04,-676.54,-608.04,-17.45,
SOD1,CHEMBL3309506,-6.4,CN1C(=O)CCC2=C1[C@@H]1Oc3c(O)ccc4c3[C@@]13CCN(C)[C@H](C4)[C@]3(O)C2,-56.02,-1603.41,-1590.16,42.76,
SOD1,CHEMBL3309659,-6.4,O=C1OCC2=C1C(c1cc(F)c(F)c(F)c1)c1c(c3cccnc3c3ncccc13)N2,-48.67,-469.33,-493.0,72.33,
SOD1,CHEMBL3310155,-6.4,NCCNc1cc(F)cc2nc(Cc3ccc4c(c3)OCO4)n3nc(N)nc3c12,-51.78,-601.68,-505.58,-44.31,
SOD1,CHEMBL4434912,-6.4,C[C@](O)(C#Cc1ccc(F)c(-c2c[nH]c3cnc(N)nc23)c1)c1nccs1,-44.15,-652.31,-563.8,-44.37,
SOD1,CHEMBL4435016,-6.4,Cc1nn(-c2ccccc2)c2c1C(/C=C/c1ccc(C(F)(F)F)cc1)CS(=O)(=O)O2,-35.74,-476.06,-520.64,80.33,
SOD1,CHEMBL4435183,-6.4,CN1C(=O)C2(c3ccccc31)c1c(c3ccccc3oc1=O)Oc1c2c(=O)oc2ccccc12,-80.34,-1366.78,-1270.9,-15.55,
SOD1,CHEMBL4435185,-6.4,Cc1ccc(C)c2c1CCC21CCN(CCc2cnn(-c3nccc4c(=O)[nH]cnc34)c2)CC1,-66.65,-1251.87,-1268.39,83.17,
SOD1,CHEMBL4435470,-6.4,Cc1ccc(S(=O)(=O)N2[C@@H](c3cccc(F)c3)C(C(=O)O)=C[C@H]2C(C)(C)C)cc1,-38.81,-1625.96,-1492.9,-94.25,
SOD1,CHEMBL4435695,-6.4,O=C(Cc1ccc(OCc2nc(C3CCN(Cc4ccccc4)CC3)no2)cc1)NO,-59.99,-646.26,-635.4,49.14,
SOD1,CHEMBL4436565,-6.4,CC1(Cc2ccccc2)C(=O)Nc2ccc(-c3nccn4nccc34)cc21,-67.64,-1647.0,-1576.82,-2.54,
SOD1,CHEMBL4529573,-6.4,C[C@@H](O)[C@@]12Cc3c(CO)cnn3C[C@@H]1C[C@H]1[C@@H]3CC=C4C[C@@H](O)CC[C@]4(C)[C@H]3CC[C@@]12C,-58.81,-370.38,-446.12,134.54,
SOD1,CHEMBL4529578,-6.4,COc1ccccc1C(=O)c1cnc(Nc2cccc(Cc3ccccc3)c2)[nH]1,-67.33,-740.97,-703.18,29.54,
SOD1,CHEMBL4529958,-6.4,CN(C)CCNC(=O)c1ccc(-c2cn3c(-c4ccc5ncccc5c4)cnc3cn2)cc1,-54.94,-611.57,-606.72,50.09,
SOD1,CHEMBL4529977,-6.4,O=C(O)c1cccc(-n2c(/C=C/c3ccc([N+](=O)[O-])o3)nc3ccccc3c2=O)c1,-85.99,-1618.43,-1559.53,27.08,
SOD1,CHEMBL4530238,-6.4,O=C(NO)c1ccc(Nc2nnc(-c3ccccc3)o2)cc1,-59.87,-626.58,-605.69,38.98,
SOD1,CHEMBL4530759,-6.4,Cc1nn(-c2ccccc2)c(C)c1C(=O)ONC(=N)c1cccc(Cl)c1,-43.66,-1006.24,-1043.19,80.61,
SOD1,CHEMBL4530812,-6.4,Nc1ncnc2c3c(n(-c4ccc(CC(=O)Nc5nc(C(F)(F)F)co5)cc4)c12)CCC3,-87.28,-1436.25,-1318.54,-30.43,
SOD1,CHEMBL4531007,-6.4,COC1=C[C@@H](C)[C@@H]2C[C@H]3OC(=O)C[C@H]4[C@](C)(O)[C@@H]5OCO[C@H]5[C@H]([C@@]2(C)C1=O)[C@@]34C,,,,,"{""mmgbsa_dG"": null, ""error"": ""embed fallo (6 semillas) para C:\\Users\\Fredy\\masive-als\\gpu_dock\\resultados_libreria\\results_SOD1\\CHEMBL4531007_out.pdbqt""}"
SOD1,CHEMBL4531804,-6.4,C#Cc1ccc(/C=C/c2nc3ccccc3c(=O)n2-c2cccc(S(N)(=O)=O)c2)cc1,-61.06,-590.09,-459.03,-69.99,
SOD1,CHEMBL4532246,-6.4,C/C=C1/C(=O)C(O)=C2c3ccc4ccc(O)cc4c3CC[C@@]21C,-65.14,-440.74,-427.51,51.9,
SOD1,CHEMBL4532472,-6.4,NS(=O)(=O)C[C@H]1COc2cc(F)ccc2N1C(=O)c1ccc2c(c1)NC(=O)CO2,-91.84,-1410.78,-1264.75,-54.2,
SOD1,CHEMBL4533198,-6.4,O=C1c2cccc3cccc(c23)C(=O)N1CCNc1ccnc2cc(Cl)ccc12,-33.92,-603.56,-560.13,-9.51,
SOD1,CHEMBL4533354,-6.4,O=C(O)c1cc(-c2ccc(C3CCNCC3)cc2)cc(-n2cc(-c3ccsc3)nn2)c1,-98.49,-1628.4,-1561.73,31.81,
SOD1,CHEMBL4533577,-6.4,O=c1[nH]c(N2CCC3(CC2)CNc2cc(F)cc(F)c23)nc2c1CCCC2,-59.77,-1564.54,-1367.61,-137.16,
SOD1,CHEMBL4533616,-6.4,CC(C)(C)c1ccc(-c2csc(CNCC3CCNCC3)n2)cc1,-46.08,-564.96,-584.06,65.18,
SOD1,CHEMBL4533624,-6.4,Cc1cccc(Nc2ncnc3sc4c(c23)CCN(S(=O)(=O)c2ccc(F)cc2F)C4)c1,-31.78,-625.33,-498.9,-94.66,
SOD1,CHEMBL4534739,-6.4,Cn1ccc2cc(-c3cnc4cnc(-c5ccc(C(=O)NCCO)cc5)cn34)ccc21,-71.91,-575.54,-567.89,64.26,
SOD1,CHEMBL4534757,-6.4,Cc1cc(C)cc(Nc2nc(C)cc3nn(CC(=O)Nc4ccc(Cl)cc4)c(=O)n23)c1,-77.42,-876.2,-710.37,-88.41,
SOD1,CHEMBL4543207,-6.4,NS(=O)(=O)c1ccc(Nc2nccc(Nc3nc4ccccc4s3)n2)cc1,-102.88,-1691.19,-1376.05,-212.26,
SOD1,CHEMBL4543224,-6.4,Cc1c(C(=O)N2CC(C(F)(F)F)CC(C(F)(F)F)C2)cnn1-c1nc2ccsc2c(=O)[nH]1,-68.99,-1555.92,-1464.02,-22.9,
SOD1,CHEMBL4543232,-6.4,O=C(c1cncc(N2CC3CC(C2)N3)c1)N1CCc2ccccc2C1,-49.58,-517.68,-623.58,155.47,
SOD1,CHEMBL4543326,-6.4,O=C(c1cnn(-c2nc3c(c(=O)[nH]2)CCC3)c1)N1CCC(CC(F)(F)F)CC1,-81.16,-1487.75,-1432.6,26.01,
SOD1,CHEMBL4553137,-6.4,Cc1cccc(Oc2nccn3c(=O)n(CC(=O)N4CCN(c5ccc(F)cc5)CC4)nc23)c1C,-87.82,-1308.3,-1371.83,151.35,
SOD1,CHEMBL4564116,-6.4,Cc1ccc(-c2cc3c4nnc(CCC(=O)NCc5ccc(C(F)(F)F)cc5)n4ccn3n2)cc1C,-85.75,-743.84,-669.85,11.76,
SOD1,CHEMBL4564502,-6.4,Nc1ncnc2c3c(n(-c4ccc(NC(=O)Cc5ccc(F)cc5Br)cc4)c12)CCC3,-67.43,-1187.87,-1063.57,-56.86,
SOD1,CHEMBL4564789,-6.4,CC1(C)NC(=O)c2ccc(-c3nc(-c4ccc(S(=O)(=O)NC5CC5)cc4)cnc3N)cc21,-67.82,-577.96,-534.05,23.9,
SOD1,CHEMBL4564827,-6.4,O=C(Cn1cnc2c(oc3ccccc32)c1=O)NCc1ccccc1Cn1ccnc1,-38.79,-697.79,-661.12,2.12,
SOD1,CHEMBL4565186,-6.4,O=C1OC(c2ccccc2)Cc2cc(C(=O)N3CCC(C(=O)Nc4ccccc4)CC3)ccc21,-62.85,-476.64,-444.17,30.38,
SOD1,CHEMBL4566385,-6.4,Cc1ccc2c(N)c(C(=O)NCCc3cc(F)c(N4C[C@H]5C[C@@H]4CN5)cc3F)sc2n1,-64.77,-592.66,-665.52,137.63,
SOD1,CHEMBL4567879,-6.4,O=C(NCc1ccccc1)Nc1cccc(NC(=O)c2ccccn2)c1,-112.52,-858.45,-692.72,-53.21,
SOD1,CHEMBL4568429,-6.4,Cc1cccc(C(=O)NNS(=O)(=O)c2ccc3ccccc3c2)c1,-68.02,-850.44,-857.14,74.72,
SOD1,CHEMBL4568617,-6.4,CCNS(=O)(=O)c1ccc(-c2cnc(N)c(-c3ccc4c(c3)CCC/C4=N\O)c2)cc1,-89.52,-605.25,-504.11,-11.62,
SOD1,CHEMBL4568740,-6.4,Cn1c(SCc2ccc(C(=O)Nc3ccccc3N)cc2)nc2cc(F)ccc2c1=O,-72.16,-756.56,-622.46,-61.94,
SOD1,CHEMBL4570314,-6.4,Cn1c(-c2c(-c3ccccc3)n[nH]c2-c2ccccc2O)nc2ccccc21,-49.84,-1325.95,-1339.76,63.65,
SOD1,CHEMBL4570385,-6.4,Cc1ccc(CNC(=O)c2ccc(CN3CCc4ccccc4C3)cc2)cc1,-94.57,-1380.47,-1317.14,31.25,
SOD1,CHEMBL4570725,-6.4,N#CC1=C(N)Oc2ccc3ccccc3c2C1c1ccc(O)cc1,-41.34,-1665.76,-1606.2,-18.22,
SOD1,CHEMBL4570793,-6.4,Cc1ccc(NC(=O)Nc2ccc3nc(Cc4ccccc4)nn3c2)cc1,-85.92,-901.97,-772.44,-43.61,
SOD1,CHEMBL4570831,-6.4,Cc1c(C(=O)N2CCC(C(F)(F)F)CC2)cnn1-c1nc2[nH]ccc2c(=O)[nH]1,-65.44,-1458.52,-1424.78,31.7,
SOD1,CHEMBL4570841,-6.4,O=c1c(Cc2ccc(O)cc2)nc2c(Cc3ccccc3)[nH]c(-c3ccc(O)cc3)cn1-2,-60.96,-573.57,-562.39,49.78,
SOD1,CHEMBL4570988,-6.4,Fc1ccc2c(c1)CCN(c1cccc(-c3nc4ccc(F)cc4[nH]3)n1)C2,,,,,"{""mmgbsa_dG"": null, ""error"": ""embed fallo (6 semillas) para C:\\Users\\Fredy\\masive-als\\gpu_dock\\resultados_libreria\\results_SOD1\\CHEMBL4570988_out.pdbqt""}"
SOD1,CHEMBL4570991,-6.4,OCc1ccc(-c2cnc3ccc(-c4cccc(F)c4)nn23)cc1,-46.9,-469.69,-458.77,35.98,
SOD1,CHEMBL4571061,-6.4,Cc1ccccc1-c1noc(Cn2nc3ccc(-c4ccccc4)nn3c2=O)n1,-72.8,-1315.43,-1317.15,74.52,
SOD1,CHEMBL4571143,-6.4,CC(C)c1ccc(/C=C2/C=C(CC(=O)NO)c3cc(F)ccc32)cc1,-54.32,-428.33,-450.59,76.57,
SOD1,CHEMBL4571193,-6.4,O=C(NCc1ccc(CNS(=O)(=O)c2ccc(CN3CCCC3)cc2)cc1)c1ccc(F)cc1,-74.43,-861.44,-745.19,-41.82,
SOD1,CHEMBL4571223,-6.4,O=C(NC(C(=O)NO)c1ccc(-c2cc(F)c(F)c(F)c2)cc1)c1cccc(F)c1,-97.53,-1236.88,-1221.56,82.21,
SOD1,CHEMBL4572123,-6.4,OC(CNc1ccccc1)CNc1ccc(-c2nc3ccccc3o2)cc1,-71.8,-1310.56,-1311.04,72.28,
SOD1,CHEMBL4572844,-6.4,CC(C)(C)c1ccc(C(=O)Nc2nonc2-c2ccc(F)cc2)cc1,-47.03,-685.97,-590.78,-48.17,
SOD1,CHEMBL4573134,-6.4,Nc1cccc2c1C1c3ccccc3C2C2C(=O)NC(=O)C12,-50.89,-835.92,-720.77,-64.25,
SOD1,CHEMBL4574592,-6.4,Cc1ccc(Cc2ccc3c(c2)[C@]2(OC3)O[C@H](C)[C@@H](O)[C@H](O)[C@H]2O)cc1,-72.39,-476.49,-557.5,153.39,
SOD1,CHEMBL4574605,-6.4,C[C@]1(c2cc(NC(=O)c3ccc(C#N)cn3)ccc2F)N=C(N)O[C@@H]2CCCC(F)(F)[C@@H]21,-109.92,-1402.27,-1230.35,-62.0,
SOD1,CHEMBL4574735,-6.4,CNc1cc(-c2ccc3cnn(Cc4ccc(C(F)(F)F)cc4)c3c2)cn(C)c1=O,-52.55,-387.48,-479.04,144.11,
SOD1,CHEMBL4574953,-6.4,Cc1c(C(=O)N2CCC3(CC2)CC3C(=O)N2CCCC2)cnn1-c1nn2cccc2c(=O)[nH]1,-68.56,-1208.73,-1122.41,-17.76,
SOD1,CHEMBL4574999,-6.4,CSc1ccc(CNC(=O)Cn2nc3c(N4CCN(c5ccccc5)CC4)nccn3c2=O)cc1,-60.5,-630.29,-688.34,118.55,
SOD1,CHEMBL4575704,-6.4,Cc1nc2sc(C(=O)NCCc3cc(F)c(N4CC5CCC(C4)N5)cc3F)c(N)c2cc1F,-75.43,-948.28,-1008.34,135.49,
SOD1,CHEMBL4580659,-6.4,CC(=O)N1N=C(c2ccc(OS(N)(=O)=O)cc2)CC1c1ccc(C(F)(F)F)cc1,-57.21,-641.11,-560.16,-23.74,
SOD1,CHEMBL4580840,-6.4,O=C(Nc1ccc(-c2nc3ccccc3[nH]2)cc1)c1cccc(S(=O)(=O)NC2CC2)c1,-108.9,-1587.42,-1459.54,-18.98,
SOD1,CHEMBL4580964,-6.4,Cc1cccn2c(=O)cc(CSc3nnc(NC(=O)Nc4ccccc4)s3)nc12,-110.11,-1580.83,-1336.83,-133.9,
SOD1,CHEMBL4581099,-6.4,Cc1cc2nn(CC(=O)Nc3cc(F)ccc3C)c(=O)n2c(Nc2ccc(C)c(F)c2)n1,-81.62,-890.92,-708.14,-101.17,
SOD1,CHEMBL4581368,-6.4,O=C(Nc1ccc(Cl)c(C(F)(F)F)c1)N[C@H]1CCN(c2ccnc(NC3CC3)n2)C1,-81.93,-1661.75,-1361.02,-218.8,
SOD1,CHEMBL4581370,-6.4,CC(=O)Nc1cccc(-c2cn3c(-c4ccc(CO)cc4)cnc3cn2)c1,-49.5,-488.76,-439.45,0.19,
SOD1,CHEMBL4581650,-6.4,Nc1nc2ccc(C(=O)NCc3ccc(C(=O)NCc4ccccc4)cc3)cc2s1,-78.26,-1548.18,-1416.88,-53.03,
SOD1,CHEMBL4581856,-6.4,Cc1ccc(-c2cc(CCNC(=O)c3sc4nc(C)ccc4c3N)ccc2N2CCNCC2)cc1,-66.47,-684.39,-738.45,120.54,
SOD1,CHEMBL4582133,-6.4,Nc1ncc(-c2ccc(S(=O)(=O)NC3CC3)cc2)cc1-c1ccc2c(c1)CCNC2=O,-79.3,-682.92,-563.12,-40.49,
SOD1,CHEMBL4582368,-6.4,N=C1NC(=O)C(C2(O)C(=O)N(Cc3ccccc3)c3ccc(Cl)cc32)S1,-47.39,-1501.51,-1407.55,-46.57,
SOD1,CHEMBL4582603,-6.4,FC(F)(F)c1cccnc1N1CCN(c2ccc(NC(=S)NCc3ccccc3)cn2)CC1,,,,,"{""mmgbsa_dG"": null, ""error"": ""embed fallo (6 semillas) para C:\\Users\\Fredy\\masive-als\\gpu_dock\\resultados_libreria\\results_SOD1\\CHEMBL4582603_out.pdbqt""}"
SOD1,CHEMBL4583533,-6.4,O=C(NCc1ncccc1F)c1cnn(CC2CCCN(Cc3nc4ccccc4[nH]3)C2)c1,-81.11,-1269.62,-1249.1,60.59,
SOD1,CHEMBL4583678,-6.4,O=C(N/N=C/c1ccc(Cl)cc1)c1nc(-c2cc3ccccc3oc2=O)cs1,-60.28,-420.42,-471.25,111.11,
SOD1,CHEMBL4583732,-6.4,CC(C)C(=O)c1c(O)c2c(c3c1OC(C)(C)C=C3)OC(C)(C)[C@H](O)[C@@H]2O,-62.39,-1623.81,-1630.98,69.56,
SOD1,CHEMBL4584909,-6.4,CCc1cccc(NC(=O)CSc2nnc3c(=O)n(-c4ccccc4)ccn23)c1,-95.71,-1401.88,-1332.24,26.07,
SOD1,CHEMBL4584911,-6.4,NC(=O)c1cnc2c(F)cc(-c3cccnc3)cc2c1NC1CCOCC1,-97.3,-1522.85,-1453.93,28.38,
SOD1,CHEMBL4585441,-6.4,Cc1cc(CNC(=O)c2cc(Cn3ccn(C)c3=N)cc(-c3ccc(F)cc3C)c2)ccc1F,-65.82,-590.17,-484.46,-39.88,
SOD1,CHEMBL460540,-6.4,CN1CCN(C(=O)c2nc(-c3nnc(Cc4ccc(F)cc4)o3)c(O)c3ncccc23)CC1,-67.5,-575.16,-692.53,184.87,
SOD1,CHEMBL4634998,-6.4,Cc1nn(Cc2ccc(Cl)cc2)c2c1C1(CC(=O)N2)C(=O)Nc2ccc(Cl)cc21,-57.17,-487.78,-457.82,27.21,
SOD1,CHEMBL4635586,-6.4,NC(=O)c1ccc(-c2cc(NC(=O)c3ccc(C(F)(F)F)cc3)cc(C(=O)O)c2)cc1,-58.76,-517.41,-465.09,6.44,
SOD1,CHEMBL4636148,-6.4,CN1CCc2cccc3c2C1Cc1ccc(NC(N)=O)cc1-3,-49.65,-1426.51,-1311.12,-65.74,
SOD1,CHEMBL4636191,-6.4,CC12CC3CC(C(=O)NCC4CCNCC4)(C1)CC(c1ccccc1)(C3)C2,-44.08,-567.95,-554.78,30.91,
SOD1,CHEMBL4637022,-6.4,CS(=O)(=O)c1sc(-c2ccc(C#N)c(F)c2)c2c1[C@H](O)C(F)(F)C2,-50.03,-1441.28,-1506.11,114.85,
SOD1,CHEMBL4637161,-6.4,CC1=C2[C@@H](OC1=O)C(=O)[C@@H]1[C@@](O)(CCC3C(C)(C)CCC[C@]31C)[C@H]2O,-36.41,-1535.15,-1565.28,66.54,
SOD1,CHEMBL4637464,-6.4,CN(C)c1cc(-c2cc3c4c(n[nH]c4c2)Nc2ccccc2O3)nc(N)n1,,,,,"{""mmgbsa_dG"": null, ""error"": ""embed fallo (6 semillas) para C:\\Users\\Fredy\\masive-als\\gpu_dock\\resultados_libreria\\results_SOD1\\CHEMBL4637464_out.pdbqt""}"
SOD1,CHEMBL4638594,-6.4,Cn1nc(-c2cccnc2)c2c1NC(=O)C[C@@H]2c1ccc2cccc(O)c2n1,-79.59,-1461.68,-1439.33,57.25,
SOD1,CHEMBL4638693,-6.4,O=C(Cc1ccccc1)N1CC[C@]23c4c5ccc(O)c4O[C@H]2c2[nH]c4ccccc4c2C[C@@]3(O)[C@H]1C5,-60.96,-1212.63,-1224.17,72.5,
SOD1,CHEMBL4639429,-6.4,Oc1nc2nonc2nc1Nc1cccc(OCc2ccc(C(F)(F)F)cc2)c1,-63.14,-539.35,-477.12,0.9,
SOD1,CHEMBL4639444,-6.4,O=C(NCc1ccc(Cl)cc1)c1ncc2ccccc2c1O,-67.37,-454.21,-477.66,90.82,
SOD1,CHEMBL4639530,-6.4,O=C(c1cc2ccc(C(F)(F)F)cc2s1)N1CC(N2CC(N3Cc4ccccc4C3=O)C2)C1,-52.07,-558.98,-679.56,172.65,
SOD1,CHEMBL4639606,-6.4,Cc1[nH]nc2[nH]c(=O)cc([C@H]3CC[C@H](CC(=O)N4CCC(c5ccccc5)C4)CC3)c12,-87.37,-1370.13,-1244.76,-38.0,
SOD1,CHEMBL4639751,-6.4,OC1c2ccccc2C(O)c2c1nnn2-c1cc(F)c(-c2ccccc2F)c(F)c1,-61.54,-1309.6,-1299.18,51.12,
SOD1,CHEMBL497690,-6.4,O=c1c(/C=C(/c2ccc([N+](=O)[O-])cc2)c2nnn[nH]2)coc2ccc(Cl)cc12,-50.44,-1535.48,-1560.56,75.52,
SOD1,CHEMBL497786,-6.4,CC(=O)Nc1ccc2[nH]c(N3CCC4(CC3)OC(=O)c3ccccc34)nc2c1,-67.9,-1066.34,-977.5,-20.93,
SOD1,CHEMBL498396,-6.4,O=C1OC2(CCN(c3nc4c(F)cccc4[nH]3)CC2)c2ccccc21,-32.39,-1311.24,-1304.76,25.92,
SOD1,CHEMBL498449,-6.4,CC(=O)OC[C@]12CCCC(C)(C)[C@@H]1CC[C@]1(C)[C@@H]2C[C@@H](O)[C@]2(C)[C@@H]3C(=CC[C@@H]12)[C@H](C)O[C@H]3O,,,,,"{""mmgbsa_dG"": null, ""error"": ""embed fallo (6 semillas) para C:\\Users\\Fredy\\masive-als\\gpu_dock\\resultados_libreria\\results_SOD1\\CHEMBL498449_out.pdbqt""}"
SOD1,CHEMBL501714,-6.4,CC1=C2C[C@H]3[C@@H](CC(=O)[C@H]4C[C@@H](O)CC[C@@]43C)[C@@H]2CC[C@@H]1[C@@H](C)[C@@H]1[C@H](O)C[C@@H](C)CN1C,,,,,"{""mmgbsa_dG"": null, ""error"": ""embed fallo (6 semillas) para C:\\Users\\Fredy\\masive-als\\gpu_dock\\resultados_libreria\\results_SOD1\\CHEMBL501714_out.pdbqt""}"
SOD1,CHEMBL504267,-6.4,Cc1nc2[nH]c(-c3ccnc(/C=C/c4ccccc4)c3)cc2c(=O)[nH]1,-50.72,-594.71,-500.36,-43.62,
SOD1,CHEMBL505011,-6.4,CN1CC[C@]23c4c5ccc(C(N)=O)c4O[C@H]2[C@@H](O)C=C[C@H]3[C@H]1C5,-40.37,-1709.76,-1721.36,51.97,
SOD1,CHEMBL507348,-6.4,O=c1[nH]cnc2[nH]c(-c3ccnc(/C=C/c4ccccc4)c3)cc12,-69.16,-679.22,-561.43,-48.63,
SOD1,CHEMBL508592,-6.4,O=C(NCc1ccc(Cl)cc1)c1cnc2c(F)cccc2c1O,-69.99,-516.74,-474.58,27.84,
SOD1,CHEMBL510364,-6.4,COc1cc2c(cc1OCc1ccccc1)C(Cc1ccc(O)cc1)NCC2,-63.26,-435.54,-433.53,61.26,
SOD1,CHEMBL511214,-6.4,O=C(NNC(=S)Nc1ccc(F)cc1)c1nc(-c2cccc3ccccc23)no1,-68.19,-1278.33,-1239.43,29.28,
SOD1,CHEMBL511923,-6.4,O=c1c2ccccc2oc2cc(OCCCN3CCN(c4cccc(Cl)c4)CC3)cc(O)c12,-32.44,-528.81,-583.7,87.33,
SOD1,CHEMBL512187,-6.4,C[C@@]12CCC(=O)c3coc(c31)C(=O)c1cc3c(O)ccc(O)c3cc12,-62.61,-1244.07,-1266.93,85.47,
SOD1,CHEMBL512191,-6.4,Cc1ccc(/C=C2\CN(C)C[C@@]3(C2=O)[C@@H](c2ccc(C)cc2)CN(C)[C@@]32C(=O)Nc3ccccc32)cc1,,,,,"{""mmgbsa_dG"": null, ""error"": ""embed fallo (6 semillas) para C:\\Users\\Fredy\\masive-als\\gpu_dock\\resultados_libreria\\results_SOD1\\CHEMBL512191_out.pdbqt""}"
SOD1,CHEMBL512239,-6.4,CN1C/C(=C\c2ccccc2)C(=O)[C@]2(C1)[C@@H](c1ccccc1)[C@@H]1CCCN1[C@@]21C(=O)Nc2ccccc21,-70.21,-1372.27,-1340.13,38.07,
SOD1,CHEMBL512326,-6.4,Cc1ccc(C(=O)Nc2cccc(-c3nc4ccccc4[nH]3)c2)cc1,-87.86,-1348.33,-1284.27,23.8,
SOD1,CHEMBL512544,-6.4,COc1cc2c(c3c1c(=O)c1cc4ccccc4cc1n3C)C[C@H]([C@]1(C)COC(=O)O1)O2,-79.78,-1346.25,-1298.0,31.53,
SOD1,CHEMBL512905,-6.4,C[C@@]12CCC[C@]3(C)c4cc5c(O)ccc(O)c5cc4C(=O)[C@](O)(OC1)[C@H]23,-80.89,-1463.49,-1440.71,58.11,
SOD1,CHEMBL513759,-6.4,CC1(C)C(c2cccc(C(F)(F)F)c2)=C(c2nc3c(C(N)=O)cccc3[nH]2)C(C)(C)N1O,-44.48,-501.41,-533.95,77.02,
SOD1,CHEMBL513993,-6.4,O=C(c1ccc(-c2ccccc2)cc1)N1CCN(c2nc3ccccc3[nH]2)CC1,,,,,"{""mmgbsa_dG"": null, ""error"": ""embed fallo (6 semillas) para C:\\Users\\Fredy\\masive-als\\gpu_dock\\resultados_libreria\\results_SOD1\\CHEMBL513993_out.pdbqt""}"
SOD1,CHEMBL515219,-6.4,CN(C)c1ccc(C2=Nn3c(Cc4c[nH]c5ccccc45)nnc3SC2)cc1,-84.81,-435.66,-442.55,91.69,
SOD1,CHEMBL515733,-6.4,CN1C/C(=C\c2ccccc2)C(=O)[C@]2(C1)[C@@H](c1ccccc1)CN(C)[C@@]21C(=O)Nc2ccccc21,-41.81,-1450.29,-1433.75,25.27,
SOD1,CHEMBL515897,-6.4,O=C(N/N=C/c1ccc(F)cc1)Nc1nc2c(ccc3ccccc32)s1,-86.55,-1539.23,-1450.43,-2.25,
SOD1,CHEMBL516230,-6.4,C[C@](N)(CO)C(=O)Nc1ccc(OCCc2cccc(-c3ccccc3)c2)cc1,-84.95,-1150.33,-1151.18,85.81,
SOD1,CHEMBL516745,-6.4,Cc1ccc(CSc2nc(Cc3c(F)cccc3F)c(C)c(=O)[nH]2)c(C)c1,-28.93,-841.63,-716.11,-96.59,
SOD1,CHEMBL517404,-6.4,N#Cc1ccc(Nc2nc(N)nc(Oc3ccc4ccccc4c3Br)n2)cc1,-45.08,-865.52,-570.23,-250.22,
SOD1,CHEMBL517591,-6.4,N#Cc1ccc(Nc2nc(N)nc(Oc3ccc4cc(Br)ccc4c3)n2)cc1,-52.08,-1892.08,-1583.88,-256.13,
SOD1,CHEMBL517723,-6.4,CNC(=O)c1cccc(Sc2ccc(NC(=O)NC(=O)c3ccccc3)cc2)c1,-58.18,-842.05,-684.11,-99.76,
SOD1,CHEMBL517891,-6.4,CC(C)Oc1ccc2c(c1)CC(c1nc3ccc(-c4ccnc(N)n4)cc3o1)CO2,-49.77,-1459.09,-1294.52,-114.8,
SOD1,CHEMBL518017,-6.4,O=S(=O)(c1ccc(C(F)(F)F)cc1)c1cccc2oc(N3CCNCC3)nc12,-34.47,-529.84,-630.68,135.31,
SOD1,CHEMBL518324,-6.4,N[C@@H](Cc1ccc(-c2cnc(NCc3ccc4ccccc4c3)cn2)cc1)C(=O)O,-62.06,-463.35,-494.39,93.09,
SOD1,CHEMBL518421,-6.4,COc1cc(C[C@H]2CO[C@H](c3ccc(O)c(OC)c3)[C@H]2CO)ccc1O,-70.0,-1647.92,-1606.3,28.38,
SOD1,CHEMBL519101,-6.4,O=C(Nc1ccc(-c2cn[nH]c2)cc1F)C1COc2ccccc2C1,-48.83,-530.96,-475.32,-6.8,
SOD1,CHEMBL519242,-6.4,COc1ccc2c(c1)[nH]c(=O)n2CC(=O)Nc1ccc2c(c1)C[C@]1(C2)C(=O)NC(=O)N1C,-63.19,-628.25,-458.66,-106.4,
SOD1,CHEMBL520021,-6.4,N[C@@H](Cc1c[nH]cn1)C(=O)N1Cc2ccccc2C[C@H]1C(=O)O,-52.4,-1617.06,-1641.0,76.33,
SOD1,CHEMBL520632,-6.4,COc1cc(Nc2cncc(Oc3ccc4c(c3)/C(=N/O)CC4)n2)cc(OC)c1OC,-44.35,-573.52,-616.67,87.5,
SOD1,CHEMBL520745,-6.4,NC(=O)c1cccc2[nH]c(C3(N)CCc4ccccc4C3)nc12,-45.75,-573.44,-551.1,23.41,
SOD1,CHEMBL520872,-6.4,Oc1ccc2c3c1O[C@H]1c4c(c5cc(F)cc6c5n4CCC6)C[C@@]4(O)[C@@H](C2)N(CC2CC2)CC[C@]314,-47.8,-401.54,-389.19,35.46,
SOD1,CHEMBL520905,-6.4,CN1C(=O)NC(=O)[C@]12Cc1ccc(NC(=O)Cn3c(=O)[nH]c4ccc(F)cc43)cc1C2,-44.7,-735.15,-579.73,-110.72,
SOD1,CHEMBL521006,-6.4,Cc1ccc(CN2CCC(C(=O)Nc3ccc4c(c3)CCc3nnc(C)n3-4)CC2)cc1,-101.5,-1554.23,-1438.45,-14.28,
SOD1,CHEMBL521491,-6.4,N=C(N)NS(=O)(=O)c1ccc(N2C(=O)c3ccccc3C2=O)cc1,-57.59,-1790.06,-1495.54,-236.93,
SOD1,CHEMBL521703,-6.4,CC1(C)CC[C@@]2(CC[C@H]3[C@@H]4CCc5cc(C(N)=O)ccc5[C@H]4CC[C@@]32C)OC1=O,-55.55,-1098.14,-1109.22,66.64,
SOD1,CHEMBL521719,-6.4,O=C(NO)[C@H]1CC2(CC[C@@H]1C(=O)N1CCN(c3ccccc3)CC1)CC2,,,,,"{""mmgbsa_dG"": null, ""error"": ""embed fallo (6 semillas) para C:\\Users\\Fredy\\masive-als\\gpu_dock\\resultados_libreria\\results_SOD1\\CHEMBL521719_out.pdbqt""}"
SOD1,CHEMBL521720,-6.4,N#Cc1ccc2[nH]c(N3CCC4(CC3)OC(=O)c3ccccc34)nc2c1,-44.56,-652.6,-606.4,-1.64,
SOD1,CHEMBL522281,-6.4,Cc1c(C(=O)NCCOc2ccc(F)cc2)cnc2c(-c3ccc(C(C)C)cc3)cnn12,-55.27,-726.87,-704.08,32.48,
SOD1,CHEMBL522438,-6.4,CN1CCC2(CC1)CCN(C(=O)CCNC(=O)c1nc3ccccc3n1Cc1ccccc1)CC2,-78.74,-740.14,-705.58,44.18,
SOD1,CHEMBL522575,-6.4,Cc1ccc(NC(=O)c2cccc(S(=O)(=O)n3ccc4ccc(C)cc43)c2)c(C(=O)O)c1,-90.6,-1081.91,-1098.92,107.62,
SOD1,CHEMBL522649,-6.4,O=C(CCc1ccc2cc(O)ccc2c1)Nc1ccccc1C(=O)O,-52.16,-807.85,-719.89,-35.79,
SOD1,CHEMBL523723,-6.4,CC(C)CN1CCN([C@H]2C[C@@]3(C)[C@@H](CC[C@@H]4[C@@H]3CC[C@]3(C)[C@@H](O)CC[C@@H]43)C[C@@H]2O)CC1,-44.65,-309.89,-484.85,219.61,
SOD1,CHEMBL524909,-6.4,N#Cc1ccc2cc1Oc1cccc(c1)CN1CC[C@H](NCc3cncn3C2)C1=O,-44.51,-1258.55,-1269.02,54.98,
SOD1,CHEMBL524988,-6.4,O=C1OC2(CCN(c3nc4c(-c5ccccc5)cccc4[nH]3)CC2)c2ccccc21,-54.65,-397.06,-372.16,29.75,
SOD1,CHEMBL526269,-6.4,O=C(O)c1cn(CCO)c2ccc(-c3ccncc3)cc2c1=O,-50.08,-1480.28,-1441.29,11.1,
SOD1,CHEMBL526466,-6.4,N#Cc1ccc2cc1Oc1ccc3c(c1)[C@@H](CC3)N1CC[C@@H](NCc3cncn3C2)C1=O,-62.87,-1322.39,-1285.89,26.37,
SOD1,CHEMBL526655,-6.4,CN(C)C(=N)c1ccn2c(-c3ccnc(N)n3)c(-c3ccc(F)cc3)nc2c1,-58.56,-1557.41,-1338.57,-160.27,
SOD1,CHEMBL526897,-6.4,O=C(NNc1ccccc1)c1cc2ccc(OCc3ccccc3)cc2oc1=O,-109.1,-599.23,-525.04,34.91,
SOD1,CHEMBL526991,-6.4,O=C(NCCNc1ccnc(NCc2ccc(F)cc2)n1)c1cc2ccccc2s1,-36.41,-794.48,-599.47,-158.6,
SOD1,CHEMBL527370,-6.4,CN1CCN(c2cc(NC(=O)c3ccc(-c4ccc(C#N)cc4)cc3)ccc2Cl)CC1,-57.79,-1154.88,-1232.83,135.75,
SOD1,CHEMBL527492,-6.4,CCc1c(C)c2ccc3c(c2oc1=O)CN(CCc1ccc(F)cc1)CO3,-34.8,-542.28,-507.2,-0.27,
SOD1,CHEMBL527547,-6.4,CN(Cc1ccccc1)C1CCCN(c2cc(NC(=O)c3ccc(F)cc3)ccn2)C1,,,,,"{""mmgbsa_dG"": null, ""error"": ""embed fallo (6 semillas) para C:\\Users\\Fredy\\masive-als\\gpu_dock\\resultados_libreria\\results_SOD1\\CHEMBL527547_out.pdbqt""}"
SOD1,CHEMBL527851,-6.4,COc1ccc2nccc([C@@H](O)CN3CCC(NCc4cc5cccc6c5n(c4=O)CCC6)CC3)c2c1,-100.66,-1473.05,-1394.63,22.24,
SOD1,CHEMBL550991,-6.4,Cc1ccc(C(=O)N[C@H](C)c2ccc3ccccc3c2)cc1,-39.28,-646.38,-613.41,6.31,
SOD1,CHEMBL558482,-6.4,CC1(C)C=Cc2cc(C3CC(=O)c4ccc(O)cc4O3)ccc2O1,-55.28,-1296.29,-1258.0,16.99,
SOD1,CHEMBL559399,-6.4,Cn1c(N2CCCC2)nc2c(CN3CCN(c4ccc(F)cc4)CC3)c[nH]c2c1=O,,,,,"{""mmgbsa_dG"": null, ""error"": ""embed fallo (6 semillas) para C:\\Users\\Fredy\\masive-als\\gpu_dock\\resultados_libreria\\results_SOD1\\CHEMBL559399_out.pdbqt""}"
SOD1,CHEMBL559433,-6.4,O=C(Cc1ccc2ccccc2c1)NCCc1ccc(O)cc1,-38.94,-612.55,-588.18,14.57,
SOD1,CHEMBL559605,-6.4,CC(C)(C)c1ccc(Cn2cc(-c3cn([C@H]4C[C@H](O)[C@@H](CO)O4)c(=O)[nH]c3=O)nn2)cc1,-72.18,-549.34,-457.18,-19.99,
SOD1,CHEMBL559897,-6.4,N=C(N)c1ccc2cc(-c3ccc(N)cc3)ccc2c1,-40.12,-542.72,-452.67,-49.93,
SOD1,CHEMBL559947,-6.4,O=C(CCC(c1c[nH]c2ccccc12)c1c[nH]c2ccccc12)NO,-55.87,-1529.17,-1558.67,85.37,
SOD1,CHEMBL560765,-6.4,O=C1c2ccc(NCCO)c3cccc(c23)CN1c1cccc(Br)c1,-62.37,-478.08,-465.95,50.24,
SOD1,CHEMBL561061,-6.4,Cc1ccc(CN)cc1C(=O)N[C@H](C)c1cccc2ccccc12,-34.05,-597.02,-567.67,4.71,
SOD1,CHEMBL561437,-6.4,NCCn1cc(C(=O)O)c(=O)c2cc(Cc3cccc(Cl)c3Cl)ccc21,-45.27,-482.27,-483.92,46.92,
SOD1,CHEMBL561880,-6.4,Cc1cc(N/N=C/c2ccnc3ccccc23)c2cc3c(cc2n1)OCO3,-50.1,-558.26,-539.45,31.29,
SOD1,CHEMBL562034,-6.4,C[C@H](C(=O)NCCc1ccc(O)cc1)c1cccc(C(=O)c2ccccc2)c1,-54.45,-552.54,-554.08,55.99,
SOD1,CHEMBL562426,-6.4,C=C1C(=O)[C@@]23[C@H](O)C[C@@H]4C(C)(C)CCC[C@@]4(C)[C@@H]2C(=O)[C@H](O)[C@@H]1[C@H]3O,-41.6,-1549.82,-1620.58,112.36,
SOD1,CHEMBL562467,-6.4,N[C@@H](CC(=O)N1CCC[C@H]1CNc1ccc(C(F)(F)F)nc1)Cc1cc(F)c(F)cc1F,-58.97,-635.97,-707.98,130.97,
SOD1,CHEMBL563500,-6.4,CCc1nn(-c2ccc(C(N)=O)c(N[C@H]3CC[C@H](O)CC3)c2)c2c1C(=O)CC(C)(C)C2,-90.65,-1482.04,-1454.65,63.26,
SOD1,CHEMBL563745,-6.4,Cc1cc(Cl)cc(-c2cc3cc(C(=N)N)ccc3[nH]2)c1,-34.76,-496.07,-433.04,-28.27,
SOD1,CHEMBL563770,-6.4,O=C(CN1CCN(Cc2ccc(F)cc2)CC1)Nc1ccc2c(c1)OCC(=O)N2,-72.84,-618.8,-673.91,127.94,
SOD1,CHEMBL564411,-6.4,Cn1cc(C2(c3cn(C)c4ccccc34)C(=O)Nc3ccccc32)c2ccccc21,-42.96,-395.06,-469.19,117.09,
SOD1,CHEMBL565447,-6.4,O=C(Nc1ccc(Cl)cc1)c1c2c(c3n1CCC3)c(=O)nc1n2C(=O)c2ccccc2-1,-73.19,-1554.93,-1439.28,-42.46,
SOD1,CHEMBL565544,-6.4,CN(Cc1nc2cccc(N3CCN(C(=O)OC(C)(C)C)CC3)c2[nH]1)C1CCCc2cccnc21,,,,,"{""mmgbsa_dG"": null, ""error"": ""embed fallo (6 semillas) para C:\\Users\\Fredy\\masive-als\\gpu_dock\\resultados_libreria\\results_SOD1\\CHEMBL565544_out.pdbqt""}"
SOD1,CHEMBL566345,-6.4,O=C(NOC1CCCCO1)c1ccc2[nH]c(=O)c(CCCc3ccccc3)nc2c1,-101.96,-788.57,-781.22,94.62,
SOD1,CHEMBL566415,-6.4,CN1C(=O)C(c2cccc(-c3cccnc3)c2)(c2ccc3c(c2)OCO3)N=C1N,-43.8,-628.15,-582.11,-2.24,
SOD1,CHEMBL566486,-6.4,O=C(Nc1cccc2ccc(O)cc12)C(=O)c1c[nH]c2ccccc12,-58.29,-1561.27,-1588.43,85.46,
SOD1,CHEMBL566540,-6.4,Nc1ncnc2c1ccn2-c1ccc(NC(=O)c2ccc(Cl)c(C(F)(F)F)c2)cc1,-84.06,-1303.0,-1228.23,9.29,
SOD1,CHEMBL567845,-6.4,NC(=O)c1ccccc1NS(=O)(=O)c1cccc(-c2cnn(Cc3ccccc3)c2)c1,-81.24,-807.7,-723.26,-3.2,
SOD1,CHEMBL9250,-6.4,O=C1c2ccccc2CCCN1CCN1CCC(n2c(=O)oc3cc(F)ccc32)CC1,-53.29,-467.82,-450.71,36.19,
SOD1,CHEMBL9521,-6.4,OCCC12NC(O)(Cc3ccccc31)C1CCCCC12,-66.16,-1731.8,-1620.19,-45.45,
SOD1,CHEMBL9671,-6.4,CNC1=Nc2ccc(N(C)Cc3ccc(S(=O)(=O)N4CCOCC4)cc3)c3c(C)ccc1c23,,,,,"{""mmgbsa_dG"": null, ""error"": ""embed fallo (6 semillas) para C:\\Users\\Fredy\\masive-als\\gpu_dock\\resultados_libreria\\results_SOD1\\CHEMBL9671_out.pdbqt""}"
SOD1,DUVELISIB,-6.4,C[C@H](Nc1ncnc2nc[nH]c12)c1cc2cccc(Cl)c2c(=O)n1-c1ccccc1,-84.08,-817.52,-668.74,-64.69,
SOD1,GLIPIZIDE,-6.4,Cc1cnc(C(=O)NCCc2ccc(S(=O)(=O)NC(=O)NC3CCCCC3)cc2)cn1,-106.91,-1592.81,-1389.37,-96.53,
SOD1,OXYPHENISATINE,-6.4,O=C1Nc2ccccc2C1(c1ccc(O)cc1)c1ccc(O)cc1,-60.32,-549.35,-530.46,41.42,
SOD1,SELINEXOR,-6.4,O=C(/C=C\n1cnc(-c2cc(C(F)(F)F)cc(C(F)(F)F)c2)n1)NNc1cnccn1,-58.35,-1322.33,-1415.98,152.01,
SOD1,VILAZODONE,-6.4,N#Cc1ccc2[nH]cc(CCCCN3CCN(c4ccc5oc(C(N)=O)cc5c4)CC3)c2c1,-75.18,-1340.82,-1390.07,124.43,
SOD1,CANRENONE,-6.3,C[C@]12CCC(=O)C=C1C=C[C@@H]1[C@@H]2CC[C@@]2(C)[C@H]1CC[C@@]21CCC(=O)O1,,,,,"{""mmgbsa_dG"": null, ""error"": ""embed fallo (6 semillas) para C:\\Users\\Fredy\\masive-als\\gpu_dock\\resultados_libreria\\results_SOD1\\CANRENONE_out.pdbqt""}"
SOD1,CHEMBL10295,-6.3,NC[C@@H](NC(=O)c1cc(-c2ccccc2)nc2ccccc12)c1ccccc1,-59.0,-1518.06,-1504.01,44.95,
SOD1,CHEMBL1096286,-6.3,O=C(/C=C/c1cccc([N+](=O)[O-])c1)c1ccc2ccccc2c1,-42.09,-591.56,-610.57,61.1,
SOD1,CHEMBL11521,-6.3,O=C(O)c1cc(Br)cc2c(=O)cc(-c3ccc4ccccc4n3)oc12,-37.19,-1390.65,-1347.1,-6.36,
SOD1,CHEMBL11533,-6.3,O=C(/C=C/c1cccc(OCc2ccc3ccccc3n2)c1)c1cc(-c2nn[nH]n2)ccc1O,-137.74,-1154.92,-1115.69,98.51,
SOD1,CHEMBL1163505,-6.3,CN1CCN(c2ccc(-c3cnc4c(c3)N(S(=O)(=O)c3cc(F)ccc3F)CCN4)cn2)CC1,,,,,"{""mmgbsa_dG"": null, ""error"": ""embed fallo (6 semillas) para C:\\Users\\Fredy\\masive-als\\gpu_dock\\resultados_libreria\\results_SOD1\\CHEMBL1163505_out.pdbqt""}"
SOD1,CHEMBL11857,-6.3,Cc1ccc(C#CCC2(S(=O)(=O)c3ccc(C)cc3)SC(=O)NC2=O)cc1,-47.37,-1686.52,-1565.01,-74.15,
SOD1,CHEMBL1205929,-6.3,O=C(/C=C/c1c(C(=O)O)[nH]c2cc(Cl)cc(Cl)c12)Nc1ccc(F)cc1,-45.63,-1665.89,-1572.23,-48.04,
SOD1,CHEMBL1210515,-6.3,O=C(Cn1nc(C2CCCCC2)cc(Cc2ccco2)c1=O)NC1Cc2ccccc2C1,-59.12,-526.53,-551.52,84.11,
SOD1,CHEMBL1210874,-6.3,Cc1ccc(NC(=O)CN2CCN(c3nnc(Cc4ccccc4)c4ccccc34)CC2)c(C)c1,,,,,"{""mmgbsa_dG"": null, ""error"": ""embed fallo (6 semillas) para C:\\Users\\Fredy\\masive-als\\gpu_dock\\resultados_libreria\\results_SOD1\\CHEMBL1210874_out.pdbqt""}"
SOD1,CHEMBL1210979,-6.3,COc1cccc(NC(=O)CSc2nnc3c(n2)[nH]c2ccccc23)c1,-98.23,-1467.47,-1409.17,39.93,
SOD1,CHEMBL1210980,-6.3,O=C(CSc1nnc2c(n1)[nH]c1ccccc12)Nc1cccc(Cl)c1,-89.9,-1428.65,-1380.62,41.87,
SOD1,CHEMBL1242383,-6.3,NC(=O)Cn1nc(-c2ccc3ccccc3c2)c2c(N)ncnc21,-64.65,-1590.83,-1491.43,-34.75,
SOD1,CHEMBL1242723,-6.3,O=C(NN1C(=O)[C@@H]2C3C=CC(C4CC43)[C@@H]2C1=O)c1ccc(CNc2cccc(Cl)c2)cc1,-65.37,-674.37,-641.72,32.72,
SOD1,CHEMBL1242740,-6.3,CC(C)(C)c1ccc(Nc2ncc([N+](=O)[O-])c(Nc3ccccc3C(N)=O)n2)cc1,-46.55,-731.46,-554.92,-130.0,
SOD1,CHEMBL1243043,-6.3,O=C(Cc1ccccc1)NC1CCN(CCCN2C(=O)CCc3cc(F)ccc32)CC1,-68.73,-1575.75,-1493.37,-13.66,
SOD1,CHEMBL1243298,-6.3,CN1CC[C@@]2(C)c3cc(OC(=O)N4CCc5ccccc5C4)ccc3N(C)[C@@H]12,,,,,"{""mmgbsa_dG"": null, ""error"": ""embed fallo (6 semillas) para C:\\Users\\Fredy\\masive-als\\gpu_dock\\resultados_libreria\\results_SOD1\\CHEMBL1243298_out.pdbqt""}"
SOD1,CHEMBL1243311,-6.3,Nc1ncnc2c(CN3C[C@H](c4ccccc4)[C@@H](O)C3)c[nH]c12,-76.45,-1575.18,-1496.16,-2.56,
SOD1,CHEMBL1243340,-6.3,Nc1ncnc2c(CN3C[C@H](c4cn(Cc5ccccc5)nn4)[C@@H](O)C3)c[nH]c12,-89.5,-1277.56,-1203.57,15.52,
SOD1,CHEMBL12638,-6.3,CC12C=CC(=O)C=C1[C@H]1C[C@H]1C1C2CCC2(C)C1CCC21CCC(=O)O1,,,,,"{""mmgbsa_dG"": null, ""error"": ""embed fallo (6 semillas) para C:\\Users\\Fredy\\masive-als\\gpu_dock\\resultados_libreria\\results_SOD1\\CHEMBL12638_out.pdbqt""}"
SOD1,CHEMBL13876,-6.3,O=[N+]([O-])c1ccc(-c2[nH]ccc3c4ccccc4nc2-3)cc1,-55.49,-1723.76,-1759.42,91.16,
SOD1,CHEMBL14375,-6.3,O=[N+]([O-])c1cccc(-c2[nH]ccc3c4ccccc4nc2-3)c1,-42.76,-1726.31,-1766.98,83.43,
SOD1,CHEMBL1445418,-6.3,Cc1ccc(C)c(N2CCN(C(=O)CCCCn3c(=O)[nH]c4ccccc4c3=O)CC2)c1,,,,,"{""mmgbsa_dG"": null, ""error"": ""embed fallo (6 semillas) para C:\\Users\\Fredy\\masive-als\\gpu_dock\\resultados_libreria\\results_SOD1\\CHEMBL1445418_out.pdbqt""}"
SOD1,CHEMBL1547450,-6.3,COc1ccc(-c2[nH]nc(C)c2-c2cnn(-c3ccccc3)c2)c(O)c1,-66.4,-540.66,-534.12,59.86,
SOD1,CHEMBL15744,-6.3,CC1CN(c2cc3c(c(N)c2F)c(=O)c(C(=O)O)cn3-c2ccc(F)cc2F)CCN1,,,,,"{""mmgbsa_dG"": null, ""error"": ""embed fallo (6 semillas) para C:\\Users\\Fredy\\masive-als\\gpu_dock\\resultados_libreria\\results_SOD1\\CHEMBL15744_out.pdbqt""}"
SOD1,CHEMBL16215,-6.3,COc1ccc(NC(=O)Nc2nc3ccccc3n3c(=O)n(-c4ccccc4)nc23)cc1,-103.24,-1036.75,-878.57,-54.94,
SOD1,CHEMBL16488,-6.3,O=C(Nc1nc2ccccc2n2c(=O)n(-c3ccccc3)nc12)c1ccccc1,-62.33,-1283.14,-1238.81,17.99,
SOD1,CHEMBL1858947,-6.3,CN(Cc1cccnc1)/C(=N\O)c1ccc(Oc2ccc3ccccc3c2)nc1,-63.52,-506.16,-489.82,47.18,
SOD1,CHEMBL1859344,-6.3,O/N=C(\NCC1CCCO1)c1ccc(Oc2ccc3ccccc3c2)nc1,-52.07,-449.9,-461.76,63.93,
SOD1,CHEMBL1859625,-6.3,O/N=C(\NC1CCc2ccccc21)c1ccc(Oc2c(F)c(F)cc(F)c2F)nc1,-58.62,-634.87,-608.04,31.79,
SOD1,CHEMBL1859843,-6.3,Cc1ccc(Oc2nc(C)ccc2/C(N)=N/O)cc1,-53.14,-531.5,-491.94,13.57,
SOD1,CHEMBL1859909,-6.3,CC(C)(C)c1ccc(-c2nc(CN3CCN(C(=O)c4ccco4)CC3)co2)cc1,-40.68,-1141.43,-1239.21,138.46,
SOD1,CHEMBL1860551,-6.3,Cc1cc(C)cc(Oc2ccc(/C(=N/O)N3CCN(c4ccc(F)cc4)CC3)cn2)c1,,,,,"{""mmgbsa_dG"": null, ""error"": ""embed fallo (6 semillas) para C:\\Users\\Fredy\\masive-als\\gpu_dock\\resultados_libreria\\results_SOD1\\CHEMBL1860551_out.pdbqt""}"
SOD1,CHEMBL1861121,-6.3,O/N=C(\NC1CCc2ccccc21)c1ccnc(Oc2cccc3cnccc23)c1,-53.42,-717.4,-681.68,17.7,
SOD1,CHEMBL1862003,-6.3,Cc1cc(Oc2nc(C)ccc2/C(N)=N/O)cc(C(C)C)c1,-51.13,-538.09,-509.67,22.71,
SOD1,CHEMBL1862981,-6.3,Cc1cc(C(=O)NC2CCN(C(c3ccc(C(F)(F)F)cc3)c3cccnc3)CC2)[nH]n1,-57.59,-682.9,-641.5,16.2,
SOD1,CHEMBL1863035,-6.3,OC(c1ccc(C(F)(F)F)cc1)(c1cccnc1)c1ccccc1F,-35.87,-500.52,-527.17,62.52,
SOD1,CHEMBL1863089,-6.3,Cc1cc(C(=O)N2CCC(NC(c3ccc(C(F)(F)F)cc3)c3cccnc3)CC2)[nH]n1,-46.24,-766.94,-741.11,20.41,
SOD1,CHEMBL1863099,-6.3,Cc1n[nH]c(C)c1C(=O)N1CCC(NC(c2ccc(C(F)(F)F)cc2)c2cccnc2)CC1,-59.19,-571.24,-571.72,59.66,
SOD1,CHEMBL1863354,-6.3,O=C(Cc1ccccc1)NC1CCN(C(c2ccc(C(F)(F)F)cc2)c2cnccn2)CC1,-45.5,-395.33,-478.25,128.42,
SOD1,CHEMBL1863549,-6.3,O=C([C@@H]1CC=C[C@@H]2CCN(C3CCCCC3)C(=O)[C@@H]21)N1CCN(c2ccccc2)CC1,,,,,"{""mmgbsa_dG"": null, ""error"": ""embed fallo (6 semillas) para C:\\Users\\Fredy\\masive-als\\gpu_dock\\resultados_libreria\\results_SOD1\\CHEMBL1863549_out.pdbqt""}"
SOD1,CHEMBL1863708,-6.3,CC1(C(=O)Nc2cccc(C(F)(F)F)c2)Cc2c(-c3ccc4c(c3)OCO4)ccnc2O1,-55.81,-496.4,-481.51,40.91,
SOD1,CHEMBL1864356,-6.3,O=S(=O)(NCc1ccc2c(c1)OCO2)c1ccc2oc3ccccc3c2c1,-60.94,-659.4,-587.71,-10.74,
SOD1,CHEMBL1864711,-6.3,CN1CCN(C(=O)c2ccc3c(=O)n(Cc4ccc5c(c4)OCO5)c(=S)[nH]c3c2)CC1,-53.4,-512.79,-475.06,15.67,
SOD1,CHEMBL1865471,-6.3,CC1CC(C)CN(C(=O)c2cccc(N3C(=O)c4ccccc4C3=O)c2)C1,-49.44,-486.9,-463.73,26.27,
SOD1,CHEMBL1865930,-6.3,O=C(C=Cc1ccccc1)c1cnc2ccccc2c1O,-57.67,-450.78,-430.26,37.15,
SOD1,CHEMBL1866020,-6.3,Cc1ccc(CNC(=O)CN2C(=O)NC3(CC(C)CC(C)(C)C3)C2=O)cc1,-58.41,-866.77,-756.01,-52.35,
SOD1,CHEMBL1866100,-6.3,Cc1cc(=O)oc2cc(OCC(=O)N3CCC(C(N)=O)CC3)ccc12,-60.34,-694.11,-624.87,-8.91,
SOD1,CHEMBL1866108,-6.3,O=C(NCc1nnc(O)c2ccccc12)C1CC(=O)N(c2ccccc2)C1,-34.32,-731.96,-669.07,-28.57,
SOD1,CHEMBL1866230,-6.3,O=C(O)c1ccc(S(=O)(=O)N2CCC3(CC2)CC(=O)c2ccccc2O3)cc1,-54.84,-531.13,-461.3,-14.99,
SOD1,CHEMBL1911407,-6.3,Cc1ccc(C2(CC(=O)O)C3CC4CC(C3)CC2C4)cc1,-27.54,-1553.4,-1544.54,18.68,
SOD1,CHEMBL19801,-6.3,Cc1nnc2n1-c1ccc(C#CCN3C(=O)c4ccccc4C3=O)cc1C(c1ccccc1F)=NC2,-45.22,-621.69,-566.9,-9.57,
SOD1,CHEMBL19929,-6.3,CC(C)(C#Cc1ccc2[nH]c(O)nc2c1)N1CCC(Cc2ccc(F)cc2)CC1,-64.29,-666.71,-598.39,-4.03,
SOD1,CHEMBL20196,-6.3,Cc1nnc2nc(-c3ccccc3F)c3cc(C#CCN4C(=O)c5ccccc5C4=O)ccc3n12,-74.0,-998.6,-923.31,-1.29,
SOD1,CHEMBL20227,-6.3,CC(C)c1cccc(OCc2cccc(N3C(N)=NC(N)=NC3(C)C)c2)c1,-30.82,-940.8,-643.38,-266.6,
SOD1,CHEMBL20393,-6.3,CC1(C)N=C(N)N=C(N)N1c1cccc(CNc2ccc(Cl)cc2)c1,-48.1,-911.23,-569.51,-293.62,
SOD1,CHEMBL20673,-6.3,CN1CCN=C1c1ccc(NC(=O)c2nnnn2-c2cc3ccccc3cc2F)c(F)c1,-68.59,-800.61,-752.6,20.57,
SOD1,CHEMBL20884,-6.3,O=C(O)Cc1nn(Cc2nc3cc(C(F)(F)F)c(O)cc3s2)c(=O)c2ccccc12,-73.01,-618.72,-588.92,43.21,
SOD1,CHEMBL20926,-6.3,Cc1ccc(NC(=O)c2ccccc2)cc1Nc1nccc(-c2cccnc2)n1,-84.47,-909.17,-749.5,-75.2,
SOD1,CHEMBL21594,-6.3,CC(=O)Nc1nc2ccnc(-c3cccc(NS(=O)(=O)c4ccc(C)cc4)c3)n2n1,-84.33,-1391.9,-1234.99,-72.58,
SOD1,CHEMBL23620,-6.3,O=C(c1ccc2c(c1)c1c3c(cc4c1n2C(=O)CC4)CNCC3)N1CCOCC1,-38.77,-1014.22,-1079.57,104.12,
SOD1,CHEMBL24244,-6.3,O[C@H]1[C@H]2O[C@H]2c2c(ccc3cc4ccc5ccccc5c4cc23)[C@@H]1O,-36.89,-438.34,-508.76,107.31,
SOD1,CHEMBL25084,-6.3,Nc1nc(C2CCN(C(=O)CCc3ccccc3)CC2)c2ccccc2n1,-56.27,-631.5,-459.15,-116.07,
SOD1,CHEMBL25299,-6.3,O[C@H]1C=Cc2c(ccc3cc4ccc5ccccc5c4cc23)[C@@H]1O,-52.49,-1205.78,-1227.11,73.82,
SOD1,CHEMBL28066,-6.3,COC1(c2cc(F)cc(Sc3ccc4c(c3)CC/C4=N\O)c2)CCOCC1,-58.46,-649.89,-617.15,25.71,
SOD1,CHEMBL28202,-6.3,CN1Cn2c3ccccc3c3c4c(c5c6ccccc6n(c5c32)C1)C(=O)NC4=O,-70.27,-1611.0,-1533.06,-7.67,
SOD1,CHEMBL3309784,-6.3,O=C(NCc1ccccc1)c1cn(Cc2ccccc2)c2ccc(F)cc2c1=O,-44.13,-633.22,-577.5,-11.59,
SOD1,CHEMBL3309988,-6.3,Nc1nc2c3ccc(F)cc3nc(Cc3ccc4c(c3)OCO4)n2n1,-48.34,-1697.23,-1576.83,-72.07,
SOD1,CHEMBL3310003,-6.3,COCCNc1ccc2c(c1)nc(Cc1ccc3c(c1)OCO3)n1nc(N)nc21,-58.25,-1763.06,-1650.5,-54.31,
SOD1,CHEMBL3310193,-6.3,c1ccc(-c2cc3nccc(-c4ccc5c(c4)CCCC5)n3n2)cc1,-40.24,-566.92,-589.58,62.9,
SOD1,CHEMBL3355155,-6.3,Cc1ccc(NC(=O)c2cccc(-n3cc(NC(=O)N4CCc5ccccc54)cn3)c2)cn1,-101.43,-876.18,-791.69,16.95,
SOD1,CHEMBL4434862,-6.3,O=C(O)[C@H]1C2CCC(CC2)[C@@H]1Nc1nc(-c2n[nH]c3ncc(F)cc23)nc2ccsc12,-51.17,-513.6,-495.74,33.32,
SOD1,CHEMBL4434887,-6.3,O=C(/C=C/c1ccccc1Oc1nnnn1-c1ccccc1)c1ccccc1,-32.35,-420.12,-482.43,94.66,
SOD1,CHEMBL4435533,-6.3,Cc1onc(-c2ccccc2)c1C(=O)Nc1ccc2c(c1)C(=O)CC2,-40.7,-510.89,-442.04,-28.16,
SOD1,CHEMBL4436488,-6.3,O=C(Nc1cccc(Cl)c1)Nc1cccc(NC(=O)c2ccccn2)c1,-97.25,-1488.13,-1357.32,-33.55,
SOD1,CHEMBL4528123,-6.3,CC(=O)C1(c2ccccc2)CCN(C(=O)c2cnn(-c3nn4cccc4c(=O)[nH]3)c2C)CC1,-70.87,-1452.42,-1347.07,-34.48,
SOD1,CHEMBL4529649,-6.3,COc1ccc(NC(=O)Cn2nc3cc(C)nc(Nc4cc(C)cc(C)c4)n3c2=O)cc1,-80.13,-888.64,-715.41,-93.1,
SOD1,CHEMBL4530048,-6.3,COc1ccc(-n2cc(NC(=O)c3cccc(NS(=O)(=O)c4ccccc4)c3)cn2)cc1,-92.25,-1080.11,-969.97,-17.89,
SOD1,CHEMBL4530231,-6.3,c1ccc(C(c2ccccc2)c2nnnn2CCN2CCN(c3ccccn3)CC2)cc1,-66.55,-570.48,-605.58,101.64,
SOD1,CHEMBL4530250,-6.3,C/C(=N\NC(N)=S)c1ccc(OCc2ncc(C(F)(F)F)cc2Cl)cc1,-93.28,-425.12,-369.93,38.09,
SOD1,CHEMBL4530312,-6.3,NC(=S)c1cccc(-c2cn(C3CCN(S(N)(=O)=O)CC3)c3cc(N)ccc23)c1,-90.39,-1889.73,-1571.14,-228.2,
SOD1,CHEMBL4530588,-6.3,O=C(Cn1nc2c3cc(-c4ccc(F)cc4)nn3ccn2c1=O)N1CCN(c2ccccc2F)CC1,-45.66,-855.07,-890.75,81.34,
SOD1,CHEMBL4530620,-6.3,Cc1c(C(=O)N2CCC(c3cccnc3Cl)CC2)cnn1-c1nn2cccc2c(=O)[nH]1,-63.93,-1361.79,-1263.02,-34.84,
SOD1,CHEMBL4530624,-6.3,N#CN1CCO[C@@H](C(=O)Nc2cc(-c3cccc(-c4cn[nH]c4)c3)ncn2)C1,-107.65,-1294.03,-1207.47,21.09,
SOD1,CHEMBL4531076,-6.3,Cc1cc(O)c(=O)c(O)cc1C(=O)c1ccc2ccccc2c1,-50.36,-383.72,-462.89,129.53,
SOD1,CHEMBL4531375,-6.3,c1cc(-c2ccc(CN3CCCCC3)cc2)cc(-c2cn([C@H]3CN4CCC3CC4)nn2)c1,-51.44,-559.11,-580.29,72.62,
SOD1,CHEMBL4531632,-6.3,NC(=O)C1=CN(Cc2ccccc2)C=C(C(N)=O)C1c1ccc2ccccc2c1,-51.32,-1745.22,-1625.39,-68.5,
SOD1,CHEMBL4532443,-6.3,Fc1ccc2nc(-c3cccc(N4CCc5ccccc5C4)n3)[nH]c2c1,,,,,"{""mmgbsa_dG"": null, ""error"": ""embed fallo (6 semillas) para C:\\Users\\Fredy\\masive-als\\gpu_dock\\resultados_libreria\\results_SOD1\\CHEMBL4532443_out.pdbqt""}"
SOD1,CHEMBL4532451,-6.3,Cc1nccc2c1[nH]c1cc(OCc3cn(C/C=C/c4ccc5c(c4)OCO5)nn3)ccc12,-88.37,-946.95,-941.38,82.81,
SOD1,CHEMBL4532488,-6.3,OCc1ccc(-c2ccc3ncc(-c4cccc(CO)c4)n3n2)cc1,-59.53,-461.56,-450.98,48.95,
SOD1,CHEMBL4533700,-6.3,O=C(Nc1cnn2cccnc12)[C@@H]1CCCC[C@H]1C(=O)c1ccc(-c2cc[nH]n2)cc1,-101.6,-618.33,-588.58,71.85,
SOD1,CHEMBL4533979,-6.3,Cc1ccc(C)c(NC(=O)Cn2nc3cc(C)nc(Nc4ccc(F)cc4)n3c2=O)c1,-76.44,-917.79,-751.84,-89.51,
SOD1,CHEMBL4534280,-6.3,CC(C)(O)C#Cc1cccc(-c2c[nH]c3cnc(N)nc23)c1,-37.17,-619.89,-490.85,-91.87,
SOD1,CHEMBL4534281,-6.3,c1ccc(COc2ccc3[nH]nc(-c4ccc(N5CCNCC5)nc4)c3c2)cc1,-39.68,-708.87,-783.75,114.56,
SOD1,CHEMBL4560048,-6.3,Cn1c(=O)oc2ccc(S(=O)(=O)Nc3ccc4c(c3)CCCC4)cc21,-39.62,-666.37,-592.48,-34.28,
SOD1,CHEMBL4562819,-6.3,CN1CCN(c2ccc(-c3cn4c(-c5ccc6c(ccn6C)c5)cnc4cn3)cn2)CC1,,,,,"{""mmgbsa_dG"": null, ""error"": ""embed fallo (6 semillas) para C:\\Users\\Fredy\\masive-als\\gpu_dock\\resultados_libreria\\results_SOD1\\CHEMBL4562819_out.pdbqt""}"
SOD1,CHEMBL4562890,-6.3,C[C@@H]1C(=O)C=C[C@]2(c3ccccc3)c3nc(Nc4ccccc4)ncc3CC[C@@H]12,-54.66,-1666.6,-1588.18,-23.77,
SOD1,CHEMBL4564123,-6.3,O=c1cc(N2CCN(c3ccccc3Cl)CC2)c2ccc3ccccc3c2o1,,,,,"{""mmgbsa_dG"": null, ""error"": ""embed fallo (6 semillas) para C:\\Users\\Fredy\\masive-als\\gpu_dock\\resultados_libreria\\results_SOD1\\CHEMBL4564123_out.pdbqt""}"
SOD1,CHEMBL4564493,-6.3,Cc1ccc2c(=O)c3c(oc2c1)N1C[C@@H]2CCCN4CCC[C@@H]([C@H]24)[C@H]1CC3,,,,,"{""mmgbsa_dG"": null, ""error"": ""embed fallo (6 semillas) para C:\\Users\\Fredy\\masive-als\\gpu_dock\\resultados_libreria\\results_SOD1\\CHEMBL4564493_out.pdbqt""}"
SOD1,CHEMBL4564586,-6.3,NC(=O)c1cc(Cl)c2c(Cl)c(C#CC3CC3)n([C@H]3CCCNC3)c2n1,-77.57,-1561.46,-1526.37,42.48,
SOD1,CHEMBL4565154,-6.3,O=C(Cn1nc2c3c4c(sc3ncn2c1=O)CCCC4)N1CCc2ccccc2C1,-55.69,-1491.52,-1411.44,-24.39,
SOD1,CHEMBL4566175,-6.3,Cc1nc2ccc(OCc3cn(-c4cccc(Cl)c4)nn3)cc2c(=O)n1-c1ccccc1,-54.73,-1271.67,-1246.74,29.81,
SOD1,CHEMBL4566570,-6.3,O=c1cc(Cn2cc(CSc3nc4ccccc4[nH]3)nn2)c2ccc(Cl)cc2[nH]1,-89.57,-773.41,-686.81,2.97,
SOD1,CHEMBL4568448,-6.3,C=C(c1ccc2c(c1)c1ccccc1n2C)c1cn(C)c(=O)n(C)c1=O,-31.84,-490.15,-437.59,-20.72,
SOD1,CHEMBL4568594,-6.3,Cc1cc(-c2ccc(C(=O)[C@@H]3CCCC[C@H]3C(=O)Nc3cnn(C)c3C(=O)O)cc2)[nH]n1,-93.56,-1616.91,-1500.7,-22.65,
SOD1,CHEMBL4568613,-6.3,CC1CCC(N(C)C(=O)C2CCN(S(=O)(=O)c3ccc4c(c3)CCC4)CC2)CC1,-53.82,-521.1,-464.24,-3.03,
SOD1,CHEMBL4568716,-6.3,COc1ccc(C(=O)Nc2cc(C(=O)O)cc(-c3ccc(C4CCNCC4)cc3)c2)cc1,-56.19,-468.79,-405.3,-7.29,
SOD1,CHEMBL4570860,-6.3,Cc1cccc(CNC(=O)c2cc(Cn3ccn(C)c3=N)cc(-c3ccc(F)cc3C)c2)c1,-81.96,-1124.83,-1000.87,-42.0,
SOD1,CHEMBL4570912,-6.3,CC(=O)Nc1ccc(-c2cnc3ccc(Cc4ccc(F)cc4)nn23)cc1,-50.18,-469.85,-440.46,20.79,
SOD1,CHEMBL4571242,-6.3,N#CCOc1ccc(-c2cnc(N)c(-c3ccc4c(c3)CCNC4=O)n2)cc1,-48.09,-535.09,-580.43,93.43,
SOD1,CHEMBL4571257,-6.3,O=C(Nc1cccc(Cl)c1)Nc1ccc2nc(Cc3ccccc3)nn2c1,-77.54,-839.35,-713.17,-48.65,
SOD1,CHEMBL4571829,-6.3,CC(C)c1noc(CC(=O)Nc2ccc(-n3c4c(c5ncnc(N)c53)CCC4)cc2)n1,-75.9,-1316.76,-1145.86,-95.0,
SOD1,CHEMBL4571833,-6.3,NC(=O)c1ccc(-c2cc(-c3ccc(-n4ccnc4)cc3)cnc2N)cc1,-46.51,-713.43,-673.75,6.83,
SOD1,CHEMBL4571844,-6.3,Cc1nnc2n1CCN(C(=O)c1ccc(/C=C3\Oc4c(C(N)=O)cccc4C3=O)cc1)C2,-84.3,-1256.66,-1196.85,24.49,
SOD1,CHEMBL4572214,-6.3,Cc1ncncc1-c1ccc(C(C(=O)NO)c2ccccc2F)cc1,-63.37,-1498.01,-1520.98,86.34,
SOD1,CHEMBL4572750,-6.3,O=C(Nc1ccccc1-c1nc(=O)c2ccccc2[nH]1)C12CC3CC(CC(C3)C1)C2,-41.18,-587.86,-550.24,3.56,
SOD1,CHEMBL4572930,-6.3,CN1CCC(Cn2nc(-c3ccc4cc(OCC5CC5)ccc4c3)c3c(N)ncnc32)CC1,-52.23,-474.85,-432.13,9.51,
SOD1,CHEMBL4573337,-6.3,O[C@H]1C[C@@H](c2ccccc2)N2CCc3cc4c(cc3[C@@H]2C1)OCO4,-45.79,-1613.53,-1564.02,-3.73,
SOD1,CHEMBL4573390,-6.3,CC1(c2cccc(Cl)c2)CCN(CCc2cnn(-c3nccc4c(=O)[nH]cnc34)c2)CC1,-83.07,-1066.91,-1042.09,58.25,
SOD1,CHEMBL4573391,-6.3,O=c1c(-c2nnc(-c3ccc(Cl)cc3)o2)c[nH]c2ncc(-c3ccccc3)cc12,-44.31,-545.5,-532.73,31.54,
SOD1,CHEMBL4573576,-6.3,Cc1c(C(=O)N2CC(c3cccc(F)n3)C2)cnn1-c1nn2cccc2c(=O)[nH]1,,,,,"{""mmgbsa_dG"": null, ""error"": ""embed fallo (6 semillas) para C:\\Users\\Fredy\\masive-als\\gpu_dock\\resultados_libreria\\results_SOD1\\CHEMBL4573576_out.pdbqt""}"
SOD1,CHEMBL4574116,-6.3,Cc1cc(C)cc(NC(=O)Cn2nc3c4cc(-c5ccc(Cl)cc5)nn4ccn3c2=O)c1,-90.92,-869.92,-752.56,-26.44,
SOD1,CHEMBL4574211,-6.3,Cc1cc2cc(CNc3ccc(-n4cnnn4)cc3)c(=O)[nH]c2cc1C,-50.07,-674.12,-604.18,-19.87,
SOD1,CHEMBL4575165,-6.3,CCN(C)S(=O)(=O)c1ccc(-c2cnc(N)c(-c3ccc4c(O)nccc4c3)n2)cc1,-51.15,-676.88,-653.51,27.78,
SOD1,CHEMBL4575350,-6.3,FC(F)(F)c1ccc(-c2cn(Cc3ccc(-c4cn[nH]c4)cc3)nn2)cc1,-73.49,-588.31,-612.61,97.8,
SOD1,CHEMBL4575360,-6.3,O=C(NCC#Cc1cccc(C(F)(F)F)c1)c1[nH]nc2ccccc12,-31.47,-622.01,-564.38,-26.17,
SOD1,CHEMBL4575516,-6.3,CC1(c2ccccc2)NC(=O)N(NC(=O)c2ccc(-c3ccccc3)cc2)C1=O,-67.17,-1502.68,-1486.21,50.7,
SOD1,CHEMBL4575621,-6.3,CC(=O)NCc1ccc(-c2cc(Cl)cc(C3(C(=N)N)CCC3)c2)cc1,-60.46,-589.76,-496.25,-33.05,
SOD1,CHEMBL4580709,-6.3,COc1ccc(-c2ccc(CNS(=O)(=O)c3cc4ccccc4[nH]3)cc2)cc1,-93.43,-1640.54,-1484.13,-62.98,
SOD1,CHEMBL4580770,-6.3,N#Cc1cc(NS(=O)(=O)c2c[nH]c(C(=O)N3CCCC3)c2)ccc1Cl,,,,,"{""mmgbsa_dG"": null, ""error"": ""embed fallo (6 semillas) para C:\\Users\\Fredy\\masive-als\\gpu_dock\\resultados_libreria\\results_SOD1\\CHEMBL4580770_out.pdbqt""}"
SOD1,CHEMBL4581156,-6.3,Cc1c(C(=O)N2CCC(F)(c3ccccn3)CC2)cnn1-c1nn2cccc2c(=O)[nH]1,-105.05,-1564.85,-1433.76,-26.03,
SOD1,CHEMBL4581329,-6.3,O=C1Nc2ccccc2/C1=C/c1ccc(C(F)(F)F)cc1Cl,-37.94,-1442.28,-1456.75,52.41,
SOD1,CHEMBL4581474,-6.3,COc1ncc(N2CCc3ncnc(-c4ccnc(N[C@H]5CC[C@H](O)CC5)c4)c3C2)cc1C,,,,,"{""mmgbsa_dG"": null, ""error"": ""embed fallo (6 semillas) para C:\\Users\\Fredy\\masive-als\\gpu_dock\\resultados_libreria\\results_SOD1\\CHEMBL4581474_out.pdbqt""}"
SOD1,CHEMBL4581618,-6.3,COc1cc(NC(=O)Nc2cc(Nc3ccc(C)c(F)c3)ncn2)cc(OC)c1,-102.19,-1670.43,-1354.73,-213.51,
SOD1,CHEMBL4581637,-6.3,Cc1ccc(-c2cccc(Nc3cc(=O)n(O)c(=O)n3C)c2)cc1,-44.15,-708.59,-628.34,-36.1,
SOD1,CHEMBL4582175,-6.3,O=C(/C=C/c1cccc(NC(=O)C(F)(F)F)c1)c1cc2ccccc2o1,-54.18,-540.74,-613.27,126.71,
SOD1,CHEMBL4582218,-6.3,CC(Nc1cccc2c1CCCC2)C(=O)NC(N)=O,-21.39,-660.27,-548.79,-90.09,
SOD1,CHEMBL4582226,-6.3,COc1ccc(CC(=O)Nc2ccc(-n3c4c(c5ncnc(N)c53)COC4)cc2)cc1C,-74.05,-1312.8,-1187.08,-51.68,
SOD1,CHEMBL4582424,-6.3,Cc1ncnc2c1ccn2[C@@H]1O[C@H]([C@H](O)c2ccc(F)c(F)c2)[C@@H](O)[C@H]1O,-63.3,-1487.21,-1574.52,150.61,
SOD1,CHEMBL4582448,-6.3,c1ccc(-c2nc(-c3cccnc3)cc(N3CCc4ccccc4C3)n2)cc1,,,,,"{""mmgbsa_dG"": null, ""error"": ""embed fallo (6 semillas) para C:\\Users\\Fredy\\masive-als\\gpu_dock\\resultados_libreria\\results_SOD1\\CHEMBL4582448_out.pdbqt""}"
SOD1,CHEMBL4582483,-6.3,O=C(CSc1nnc(-c2ccccc2)[nH]1)N1c2ccccc2OCC1c1ccccc1,-76.39,-702.64,-685.17,58.92,
SOD1,CHEMBL4583461,-6.3,c1cnc2cc(OCc3ccc4ccccc4n3)ccc2c1,-35.15,-591.47,-603.3,46.98,
SOD1,CHEMBL4583682,-6.3,Cc1ccc(-c2ccc3nn(CC(=O)Nc4c(C)cccc4C)c(=O)n3n2)cc1C,-37.46,-495.23,-547.99,90.23,
SOD1,CHEMBL4584685,-6.3,Cc1c(C(=O)N2CC3(C2)CC(F)(F)C3)cnn1-c1nc2[nH]ccc2c(=O)[nH]1,,,,,"{""mmgbsa_dG"": null, ""error"": ""embed fallo (6 semillas) para C:\\Users\\Fredy\\masive-als\\gpu_dock\\resultados_libreria\\results_SOD1\\CHEMBL4584685_out.pdbqt""}"
SOD1,CHEMBL4584742,-6.3,COc1cccc(NC(=O)Cn2nc3c4cc(-c5ccc(Cl)cc5)nn4ccn3c2=O)c1,-82.94,-1558.12,-1441.28,-33.9,
SOD1,CHEMBL4584771,-6.3,O=C1c2ccccc2C(=O)N1c1ccc(S(=O)(=O)Nc2cccc3ccccc23)cc1,-74.5,-1459.77,-1378.46,-6.8,
SOD1,CHEMBL4585490,-6.3,CC(=O)c1cccc(-c2cnc3ccc(-c4cccc(N)c4)nn23)c1,-46.07,-668.36,-655.37,33.08,
SOD1,CHEMBL4634704,-6.3,O=C(CC12CCC(C(=O)O)(CC1)C2)N1CCc2c(n(Cc3ccc(F)cc3F)c3ncccc23)C1,-45.9,-673.9,-652.94,24.95,
SOD1,CHEMBL4634723,-6.3,c1cn2cc(-c3ccc4cn[nH]c4c3)nc(Nc3ccc(N4C[C@@H]5C[C@H]4CO5)cc3)c2n1,-59.08,-1087.18,-1128.04,99.95,
SOD1,CHEMBL4634844,-6.3,Cc1c(C(=O)N/N=C\c2cccc(F)c2)oc2cccc(O)c12,-24.86,-582.44,-639.01,81.42,
SOD1,CHEMBL4635162,-6.3,CN(C)[C@H]1C[C@@]23CC[C@@]4(O2)C(=CC[C@]2(C)[C@@H](c5ccc6cnccc6c5)CC[C@H]24)C=C3[C@@H](O)[C@@H]1O,-52.73,-1329.85,-1413.3,136.18,
SOD1,CHEMBL4635193,-6.3,Cc1cc(-c2ccc3nc(NC(=O)NCc4ccccc4)nn3c2)cc(C)c1O,-64.97,-1438.55,-1235.26,-138.32,
SOD1,CHEMBL4635236,-6.3,Cc1ccc(/C=N/NC(=S)Nc2ccc(C(F)(F)F)cc2)cc1,-40.92,-477.04,-475.71,39.59,
SOD1,CHEMBL4635243,-6.3,Fc1ccc2c(c1)CCC(c1nnc(-c3cc(F)c(F)c(F)c3F)o1)O2,-41.2,-490.74,-475.98,26.44,
SOD1,CHEMBL4635402,-6.3,Fc1ccc2c(c1)CCC(c1nnc(-c3cn(Cc4c(F)cccc4F)nn3)o1)O2,-70.81,-898.56,-876.2,48.45,
SOD1,CHEMBL4636035,-6.3,O=S1(=O)CCCN1c1ccc2oc(-c3ccc4ccccc4c3)nc2c1,,,,,"{""mmgbsa_dG"": null, ""error"": ""embed fallo (6 semillas) para C:\\Users\\Fredy\\masive-als\\gpu_dock\\resultados_libreria\\results_SOD1\\CHEMBL4636035_out.pdbqt""}"
SOD1,CHEMBL4636075,-6.3,O=C1NC(=O)C(c2ccccc2)=C1Nc1ccc(C(=O)Nc2ccccc2)cc1,-85.94,-1433.91,-1330.39,-17.59,
SOD1,CHEMBL4636263,-6.3,Cc1nnc(N2C[C@H]3CC[C@@H](C2)[C@@H]3Nc2nc3n(n2)CCCC3c2ccc(F)c(F)c2F)o1,-70.56,-785.41,-653.48,-61.37,
SOD1,CHEMBL4636426,-6.3,Cc1c(C(=O)N/N=C\c2ccccc2F)oc2cccc(O)c12,-20.8,-614.21,-679.44,86.03,
SOD1,CHEMBL4636517,-6.3,C[C@@](O)(C#Cc1ccc(N2CCOCC2)c(Nc2ncnc3[nH]ccc23)c1)c1nccs1,,,,,"{""mmgbsa_dG"": null, ""error"": ""embed fallo (6 semillas) para C:\\Users\\Fredy\\masive-als\\gpu_dock\\resultados_libreria\\results_SOD1\\CHEMBL4636517_out.pdbqt""}"
SOD1,CHEMBL4636581,-6.3,CC12CC3CC(C(=O)NC4CC5(CC(N)C5)C4)(C1)CC(c1ccccc1)(C3)C2,-24.27,-466.51,-548.1,105.86,
SOD1,CHEMBL4636897,-6.3,C=C1C(=O)[C@@]23C(=O)[C@@H]4OC[C@]5(C=CCC(C)(C)[C@@H]45)[C@@H]2CC[C@@H]1[C@H]3OC(=O)/C=C/c1ccoc1,-58.54,-1574.4,-1597.01,81.15,
SOD1,CHEMBL4637048,-6.3,O=C(c1ccc(F)cc1)c1cccc(/C=c2\[nH]c(=O)/c(=C/c3nc[nH]c3C3CC3)[nH]c2=O)c1,-76.18,-793.42,-766.34,49.1,
SOD1,CHEMBL4637079,-6.3,CC1(C)OCCn2c1nc(-c1nc(Cl)c(Cc3ccc(F)cc3)[nH]1)c(O)c2=O,-35.06,-762.48,-766.63,39.2,
SOD1,CHEMBL4637170,-6.3,COc1ccc(CCNc2nc(Nc3ccc(N4CCN(C)CC4)cn3)ncc2Cl)cc1,-88.45,-680.1,-588.74,-2.91,
SOD1,CHEMBL4637354,-6.3,N=c1oc2ccccc2cc1C(=O)Nc1ccc(S(=O)(=O)Nc2ncccn2)cc1,-76.41,-1428.97,-1155.52,-197.04,
SOD1,CHEMBL4637374,-6.3,Cc1ncn(C2CCC2)c1-c1nnc([C@@H]2C[C@H](N(C)C(=O)c3cccc(C(F)(F)F)c3)CCO2)[nH]1,-88.71,-1449.15,-1437.01,76.57,
SOD1,CHEMBL4637410,-6.3,O=C1CC2(C(=O)Nc3ccc(Cl)cc32)c2c(C3CC3)nn(Cc3ccc(Cl)cc3)c2N1,-77.12,-519.19,-461.82,19.74,
SOD1,CHEMBL4637990,-6.3,COc1cc2[nH]c3cc(Nc4ccc(CN5CCOCC5)cc4)ccc3c(=O)c2cc1Cl,-82.79,-859.99,-858.47,81.27,
SOD1,CHEMBL4638009,-6.3,NC(=O)c1nc(-c2ccc(F)cc2)c2ccccc2n1,-50.95,-1287.92,-1300.57,63.59,
SOD1,CHEMBL4638060,-6.3,O=C1NCSC1Cc1ccc(OCCn2nc(-c3ccccc3)c3ccccc3c2=O)cc1,-69.99,-517.05,-509.97,62.91,
SOD1,CHEMBL4638423,-6.3,Cc1c(C(=O)N2CC(N3CC(NC(=O)c4ccccc4)C3)C2)sc2ccc(Cl)cc12,-56.99,-939.04,-1023.05,141.01,
SOD1,CHEMBL4638729,-6.3,C=C1C(=O)[C@@]23C(=O)[C@@H]4OC[C@]5(C=CCC(C)(C)[C@@H]45)[C@@H]2CC[C@@H]1[C@H]3OC(=O)c1ccncc1,-39.2,-1379.94,-1422.38,81.64,
SOD1,CHEMBL4639207,-6.3,Cc1nn(-c2ncccn2)c2ncc(C(=O)c3ccccc3O)cc12,-80.46,-1430.43,-1490.18,140.21,
SOD1,CHEMBL4639285,-6.3,Fc1ccc(/C=N/NC(=S)Nc2ccc(C(F)(F)F)cc2)cc1,-48.91,-473.17,-462.07,37.81,
SOD1,CHEMBL4639553,-6.3,Nc1cc(-c2cc3c(=O)n(Cc4cccc(C(F)(F)F)c4)cnc3s2)ccn1,-35.58,-677.81,-555.04,-87.18,
SOD1,CHEMBL4639704,-6.3,O=S(=O)(c1ccc2c(c1)c(Nc1ccc(F)c(C(F)(F)F)c1)nn2C1CC1)N1CCC(O)CC1,-68.06,-532.3,-441.04,-23.21,
SOD1,CHEMBL495025,-6.3,N#Cc1ccccc1C(=O)NCc1cccc(-c2cccc(CN3CCNCC3)c2)c1,,,,,"{""mmgbsa_dG"": null, ""error"": ""embed fallo (6 semillas) para C:\\Users\\Fredy\\masive-als\\gpu_dock\\resultados_libreria\\results_SOD1\\CHEMBL495025_out.pdbqt""}"
SOD1,CHEMBL495180,-6.3,COc1cccc(C(=O)NCc2cccc(-c3cccc(CN4CCNCC4)c3)c2)c1,-54.09,-667.11,-693.5,80.48,
SOD1,CHEMBL496867,-6.3,CN1Cc2c(ccc3c2OCO3)[C@@H]2[C@H]1c1cc3c(cc1C[C@@H]2O)OCO3,-21.75,-1387.86,-1390.18,24.06,
SOD1,CHEMBL497105,-6.3,N#Cc1ccc(-c2ccc(S(=O)(=O)Nc3cccc(C4CC4)n3)cc2)cc1,-64.58,-1635.64,-1498.61,-72.45,
SOD1,CHEMBL497670,-6.3,O/N=C1\CCc2cc(-c3cn(CC4CCNCC4)nc3-c3ccncc3)ccc21,-70.86,-442.71,-453.09,81.24,
SOD1,CHEMBL497839,-6.3,O=C1OC2(CCN(C(=O)Nc3ccc(-c4ccccc4)nn3)CC2)c2ccccc21,-67.81,-1523.46,-1409.67,-45.98,
SOD1,CHEMBL498300,-6.3,O=C(/C=C/c1cccc(O)c1)c1cccc(Oc2cccc(O)c2)c1,-71.03,-696.46,-635.54,10.1,
SOD1,CHEMBL498305,-6.3,O=C(O)COc1ccc2c(c1)C[C@@H](NC[C@H](O)c1cccc(Cl)c1)CC2,-75.42,-491.32,-494.21,78.3,
SOD1,CHEMBL498390,-6.3,Cc1ccc(NC(=O)c2ccnc(N3CCCC3)c2)cc1-c1ccc2cc[nH]c(=O)c2c1,-57.67,-592.29,-489.01,-45.61,
SOD1,CHEMBL498414,-6.3,CC(C)(CN)c1ccn2c(-c3ccnc(N)n3)c(-c3ccc(F)cc3)nc2c1,-54.22,-1500.84,-1340.54,-106.09,
SOD1,CHEMBL498674,-6.3,CN1CCC(n2cc(-c3ccc4c(c3)CC/C4=N\O)c(-c3ccncc3)n2)CC1,-62.4,-524.94,-523.9,61.36,
SOD1,CHEMBL498703,-6.3,O=C(O)c1ccc(Oc2ccc3c(c2)C[C@@H](NC[C@H](O)c2cccc(Cl)c2)CC3)nc1,-83.42,-700.76,-680.23,62.89,
SOD1,CHEMBL499347,-6.3,NS(=O)(=O)c1ccc(-c2[nH]c3ccccc3c2-c2ccc(F)cc2)cc1,-54.68,-1261.65,-1181.21,-25.77,
SOD1,CHEMBL499349,-6.3,NS(=O)(=O)c1ccc(-c2[nH]c3ccc(Cl)cc3c2-c2ccccc2)cc1,-56.94,-1178.38,-1093.25,-28.2,
SOD1,CHEMBL499544,-6.3,CN1C[C@@H](c2ccc(F)cc2)[C@@]2(Cc3ccccc3C2=O)[C@@]12C(=O)Nc1ccccc12,-53.17,-1533.38,-1547.07,66.86,
SOD1,CHEMBL499618,-6.3,Nc1cc(Oc2ccc(NC(=O)CC(=O)Nc3ccc(F)cc3)cc2F)ccn1,-115.94,-1499.36,-1269.8,-113.61,
SOD1,CHEMBL501719,-6.3,CC(=O)Nc1cccc2c(Oc3cncc(Nc4ccc5c(c4)C(=O)OC5)n3)cccc12,-66.16,-493.89,-482.51,54.78,
SOD1,CHEMBL501731,-6.3,CCc1ccc(-c2cc(-c3ccc4[nH]ncc4c3)nc(=O)[nH]2)cc1,-73.25,-614.75,-519.14,-22.36,
SOD1,CHEMBL502021,-6.3,O=C(NCc1ccccc1)c1cc2ccc(OCc3ccccc3)cc2oc1=O,-42.65,-576.41,-515.62,-18.14,
SOD1,CHEMBL502531,-6.3,C#Cc1c(Oc2ccc(NC(=O)NC(=O)Cc3ccc(F)cc3)cc2F)ccnc1N,-101.74,-1354.23,-1151.46,-101.03,
SOD1,CHEMBL502555,-6.3,Cc1ccc(-c2c(-c3ccc(S(N)(=O)=O)cc3)[nH]c3ccccc23)cc1,-52.57,-1232.53,-1158.58,-21.38,
SOD1,CHEMBL502556,-6.3,Cc1ccc(-c2c(-c3ccc(S(N)(=O)=O)cc3)[nH]c3ccccc23)cc1C,-68.11,-1233.39,-1149.14,-16.13,
SOD1,CHEMBL504467,-6.3,N#CC1=C(N)OC2=C(C(=O)CC(c3cccs3)C2)C1c1ccc([N+](=O)[O-])cc1,-49.57,-1514.86,-1473.86,8.56,
SOD1,CHEMBL505417,-6.3,Cc1ccc2c(c1O)[C@@]1(C)CC[C@H]3C(C)(C)[C@@H](O)CC[C@]3(C)[C@H]1C2,-38.0,-1543.77,-1598.24,92.47,
SOD1,CHEMBL505866,-6.3,C[C@]12CC(=O)O[C@@](C)(CO)[C@@H]1CC[C@@]1(C)c3cocc3CC[C@H]21,-60.45,-1440.13,-1475.96,96.28,
SOD1,CHEMBL506266,-6.3,O=S1(=O)C=C(OCc2ccccc2)C2(CCc3ccccc3C2)O1,-60.47,-484.92,-450.2,25.75,
SOD1,CHEMBL507747,-6.3,Cc1ccc(C(=O)C=C2c3ccccc3C(=O)c3ccccc32)cc1,-37.27,-534.22,-568.51,71.56,
SOD1,CHEMBL508494,-6.3,COc1cc2cc(Oc3ccc4ccc(=O)oc4c3)c(=O)oc2cc1O,-58.17,-655.5,-639.77,42.44,
SOD1,CHEMBL508922,-6.3,N#CC12c3ccccc3C(c3ccccc31)C1C(=O)NC(=O)C12,-46.16,-911.15,-864.49,-0.5,
SOD1,CHEMBL509650,-6.3,O=C1OCC(C(O)c2ccc3c(c2)OCO3)C1Cc1ccc2c(c1)OCO2,-47.86,-1772.66,-1729.75,4.94,
SOD1,CHEMBL510325,-6.3,O=C1CN(C(=O)c2nc(-c3nnc(Cc4ccc(F)cc4)o3)c(O)c3ncccc23)CCN1,-45.8,-411.61,-542.17,176.36,
SOD1,CHEMBL510545,-6.3,O=C1NCCc2[nH]c(-c3ccnc(/C=C/c4ccccc4)c3)cc21,-64.16,-492.71,-455.34,26.79,
SOD1,CHEMBL510668,-6.3,O=C1NC(=O)c2c1c(-c1ccccc1)cc1c2c2cc(O)ccc2n1CCCN1CCOCC1,-100.57,-1462.25,-1416.88,55.2,
SOD1,CHEMBL511318,-6.3,Cc1ccc(C(=O)C2Cc3c(ccc4ccccc34)OC2=O)cc1,-30.67,-471.81,-444.82,3.68,
SOD1,CHEMBL511448,-6.3,Cc1cc(C)c(S(=O)(=O)N2CCC(C(=O)NNc3ccccc3)CC2)c(C)c1,-64.21,-691.19,-648.58,21.6,
SOD1,CHEMBL511592,-6.3,CN1CCN(c2cnc3cc(C(F)(F)F)cc(-c4ccc5[nH]c(=O)[nH]c5c4)c3n2)CC1,-46.01,-1061.5,-1125.4,109.91,
SOD1,CHEMBL511779,-6.3,C[C@@]1(CO)C[C@]2(C)CC(=O)O[C@H]3OC(=O)[C@@H]4CC[C@@H]1[C@]342,-50.49,-1528.58,-1518.56,40.48,
SOD1,CHEMBL511795,-6.3,NC(=O)c1ccc2c3c1O[C@H]1c4[nH]c5ccccc5c4C[C@@]4(O)[C@@H](C2)N(CC2CC2)CC[C@]314,-38.21,-443.1,-458.52,53.63,
SOD1,CHEMBL511812,-6.3,CC[C@@]12C[C@H](O)[C@](O)(c3ccccc3)C[C@H]1CCc1cc(O)ccc12,-35.35,-465.51,-506.95,76.79,
SOD1,CHEMBL512012,-6.3,NC(=O)CCn1c2ccc(O)cc2c2c3c(c(-c4ccccc4)cc21)C(=O)NC3=O,-100.79,-1759.95,-1604.19,-54.96,
SOD1,CHEMBL512633,-6.3,NC(=O)c1[nH]c2ccc(S(N)(=O)=O)cc2c1-c1ccccc1,-65.8,-1673.78,-1520.99,-86.98,
SOD1,CHEMBL512821,-6.3,Oc1cc(O)cc(CCc2ccc(OCc3ccccc3)cc2)c1,-58.53,-608.85,-558.66,8.34,
SOD1,CHEMBL513335,-6.3,Cc1ccc(CNC(=O)c2ccc3nc(C)ccc3c2O)cc1,-75.41,-452.87,-403.82,26.36,
SOD1,CHEMBL513384,-6.3,CC1=CC(=O)O[C@H]1[C@@]1(C)C[C@H]2OC(=O)[C@H](O)[C@H]3[C@@H](C)[C@@H](O)[C@]4(O)OC[C@@]32[C@@H]14,-58.65,-1538.06,-1587.71,108.3,
SOD1,CHEMBL513562,-6.3,CNC(=O)c1cc(Oc2ccc3c(c2)nc(Nc2cccc(C(F)(F)F)c2)n3C)ccn1,-41.46,-836.07,-823.65,29.03,
SOD1,CHEMBL513764,-6.3,CC1(NC(=O)C[C@H](N)Cc2ccccc2F)CCN(Cc2ccccc2)CC1,-53.49,-712.28,-659.16,0.37,
SOD1,CHEMBL513916,-6.3,Cc1oc(-c2ccccc2)nc1COc1ccc([C@H]2CO[C@@](C)(C(=O)O)OC2)cc1,-68.05,-1415.24,-1456.23,109.03,
SOD1,CHEMBL514067,-6.3,CC(=O)Nc1ccc(Cc2noc(CCC(=O)Nc3ccc(C(F)(F)F)cc3)n2)cc1,-126.48,-800.21,-646.08,-27.65,
SOD1,CHEMBL514661,-6.3,CC1=C(/C=C/C(=O)/C=C/c2ccc(O)c([N+](=O)[O-])c2)C(C)(C)CCC1,-53.17,-599.44,-597.92,51.66,
SOD1,CHEMBL515072,-6.3,O=C(COc1ccc2c(=O)cc(-c3ccccc3)oc2c1)Nc1ccc(F)cc1,-59.18,-591.43,-556.47,24.22,
SOD1,CHEMBL515208,-6.3,C[C@]12C3=CC[C@@H](c4ccoc4)[C@]3(C)CC[C@@H]1[C@@]1(C)C(=O)C=C[C@@]3(C)CO[C@@H]([C@H]2O)[C@H]13,-70.53,-1104.26,-1172.28,138.54,
SOD1,CHEMBL515338,-6.3,Oc1ccc(-c2cncc(-c3cc4ccccc4[nH]3)c2)cc1,-45.94,-444.93,-439.73,40.74,
SOD1,CHEMBL515521,-6.3,C[C@]12C3=CC[C@@H](C4=CCOC4=O)[C@]3(C)CC[C@@H]1[C@@]1(C)C(=O)C=C[C@@]3(C)CO[C@@H]([C@H]2O)[C@H]13,-58.99,-1219.33,-1269.7,109.36,
SOD1,CHEMBL515633,-6.3,CC(=O)c1ccc2[nH]c(C(=O)N3CCN(Cc4ccc(F)cc4)CC3)cc2c1,-77.15,-1289.8,-1297.43,84.78,
SOD1,CHEMBL515655,-6.3,C[C@]12CC[C@@H]3c4ccc(O)cc4CC[C@H]3[C@@H]1CC[C@@]21CCCC(=O)O1,-61.35,-914.57,-925.33,72.1,
SOD1,CHEMBL515680,-6.3,COc1ccc(Cc2cc(C3CCN(C(=O)c4ccc5ncoc5c4)CC3)nc(N)n2)cc1,-60.01,-1467.58,-1329.74,-77.83,
SOD1,CHEMBL516244,-6.3,COc1ccccc1-c1ccc2c(-c3nc4c(N5CCN(C)CC5)cccc4[nH]3)n[nH]c2c1,-80.24,-976.89,-1103.58,206.93,
SOD1,CHEMBL516504,-6.3,O=c1[nH]cnc2[nH]c(-c3ccnc(/C=C/c4ccc(F)cc4)c3)cc12,-66.65,-680.74,-564.44,-49.65,
SOD1,CHEMBL516864,-6.3,O=C1C[C@]23C=CCN4CC[C@H]5c6cc7c(cc6N1[C@@]5(CC2)[C@@H]43)OCO7,-45.44,-1557.92,-1541.94,29.46,
SOD1,CHEMBL516874,-6.3,N#Cc1ccc2cc1Oc1ccc3c(c1)[C@@H](CCO3)N1CC[C@@H](NCc3cncn3C2)C1=O,-53.57,-1421.63,-1362.73,-5.33,
SOD1,CHEMBL5169322,-6.3,NS(=O)(=O)c1ccc(NC(=O)c2cc(-c3cccc(Cl)c3)nc3ccccc23)cc1,-68.93,-592.47,-467.46,-56.09,
SOD1,CHEMBL517614,-6.3,C=C1C(=O)[C@]23[C@H](O)C[C@@H]4C(C)(C)CCC[C@]45CO[C@](O)(C[C@@H]1[C@H]2O)[C@@H]53,-46.0,-1600.85,-1599.5,44.65,
SOD1,CHEMBL517795,-6.3,CC1(C)C=Cc2c(ccc3c2O[C@@H](O)[C@@H]2c4ccc(O)cc4O[C@H]32)O1,-68.59,-1467.19,-1365.26,-33.34,
SOD1,CHEMBL519010,-6.3,Cc1ccc2c(OCCCN3CC(COc4ccc5c(c4)NC(=O)CO5)C3)cccc2n1,-73.99,-880.03,-866.45,60.4,
SOD1,CHEMBL519111,-6.3,Cc1ccc(-c2ccc(CCn3ncc4c3nc(N)n3nc(-c5ccco5)nc43)cc2)cn1,-91.68,-1370.95,-1403.72,124.45,
SOD1,CHEMBL519651,-6.3,Cc1cc2nc(N3CCC4(CC3)OC(=O)c3ccccc34)[nH]c2cc1C,,,,,"{""mmgbsa_dG"": null, ""error"": ""embed fallo (6 semillas) para C:\\Users\\Fredy\\masive-als\\gpu_dock\\resultados_libreria\\results_SOD1\\CHEMBL519651_out.pdbqt""}"
SOD1,CHEMBL519795,-6.3,CN1CCN(c2cccc3[nH]c(-c4n[nH]c5cc(-c6ccc(N)c(F)c6)ccc45)nc23)CC1,-117.6,-1355.66,-1439.53,201.47,
SOD1,CHEMBL520067,-6.3,C[C@@H](c1nc(-c2ccc(OC(F)(F)F)cc2)no1)[C@H](N)Cc1cc(F)ccc1F,-43.55,-719.6,-684.52,8.47,
SOD1,CHEMBL520192,-6.3,C[C@H]1CC[C@H]([C@@H](C)[C@H]2[C@H](O)C[C@H]3[C@@H]4CC=C5C[C@@H](O)CC[C@]5(C)[C@H]4CC[C@]23C)NC1,,,,,"{""mmgbsa_dG"": null, ""error"": ""embed fallo (6 semillas) para C:\\Users\\Fredy\\masive-als\\gpu_dock\\resultados_libreria\\results_SOD1\\CHEMBL520192_out.pdbqt""}"
SOD1,CHEMBL520254,-6.3,O=C(CN1CC2CC1CN2Cc1ccc(C(=O)O)cc1)Nc1ccc(Oc2ccccc2)cc1,-124.67,-1200.88,-1215.21,139.0,
SOD1,CHEMBL520304,-6.3,O=C([C@H]1CCCN1C(=O)c1nc2ccccc2n1Cc1ccccc1)N1CCN(c2ccncc2)CC1,-95.09,-677.45,-713.58,131.22,
SOD1,CHEMBL520358,-6.3,COc1cc(-c2ccccc2)cc(C(C)C#Cc2c(C)nc(N)nc2N)c1,-50.82,-804.3,-625.26,-128.23,
SOD1,CHEMBL520826,-6.3,NC[C@]1(c2ccc(-c3ccc(N4C[C@H](Cn5ccnn5)OC4=O)cc3F)cn2)[C@@H]2CNC[C@@H]21,-50.76,-1245.85,-1203.27,8.18,
SOD1,CHEMBL520878,-6.3,C[C@H]1NC(=O)c2[nH]c3ccccc3c2-c2ccccc21,-69.96,-508.1,-454.49,16.35,
SOD1,CHEMBL521022,-6.3,Cc1nc2ccccc2c(=O)n1-c1ccc(O[C@H]2CC[C@@H](N3CCCC3)CC2)cc1,-45.72,-1177.07,-1160.3,28.96,
SOD1,CHEMBL521096,-6.3,CCOc1cc2ncc(C(N)=O)c(Nc3ccc(C)cc3F)c2cc1N1CCN(C)CC1,-45.58,-1397.14,-1463.04,111.48,
SOD1,CHEMBL521570,-6.3,N=C(N)N1CCC(C(=O)Nc2cccc(OCc3ccc(F)cc3)c2)CC1,-53.71,-1726.66,-1482.12,-190.82,
SOD1,CHEMBL521900,-6.3,N#Cc1ccc(N2CCN(c3nnc(Cc4cccc(Cl)c4)c4ccccc34)CC2)nc1,,,,,"{""mmgbsa_dG"": null, ""error"": ""embed fallo (6 semillas) para C:\\Users\\Fredy\\masive-als\\gpu_dock\\resultados_libreria\\results_SOD1\\CHEMBL521900_out.pdbqt""}"
SOD1,CHEMBL522224,-6.3,Cc1ccc(NC(=O)c2cccc(S(=O)(=O)n3ccc4cccc(C)c43)c2)c(C(=O)O)c1,-51.45,-489.75,-549.44,111.14,
SOD1,CHEMBL522487,-6.3,O=C(c1cc(Cc2n[nH]c(=O)c3ccccc23)ccc1F)N1CCN(C(=O)C2CCCCC2)CC1,-75.79,-1305.33,-1333.19,103.64,
SOD1,CHEMBL522589,-6.3,Cc1nc(-c2ccc3[nH]c([C@H]4CC[C@@]5(CC4)OC(=O)c4ccccc45)nc3c2)no1,-77.79,-1297.39,-1244.1,24.5,
SOD1,CHEMBL522609,-6.3,O=C1O[C@]2(CC[C@H](c3nc4cc(-c5nnco5)ccc4[nH]3)CC2)c2ccccc21,-47.24,-1350.89,-1371.48,67.84,
SOD1,CHEMBL522618,-6.3,C[C@H](Nc1cc2c(-c3ccc4c(c3)OCO4)noc2cn1)c1ccccc1,-37.31,-811.63,-727.93,-46.39,
SOD1,CHEMBL522752,-6.3,CC/C=C/c1cccc(-c2cc3cn([C@H]4C[C@H](O)[C@@H](CO)O4)c(=O)nc3o2)c1,-39.76,-1141.4,-1088.36,-13.28,
SOD1,CHEMBL522846,-6.3,C[C@]12C[C@H](N3CCN(c4ccc(F)cc4)CC3)[C@@H](O)C[C@@H]1CC[C@@H]1[C@@H]2CC[C@]2(C)[C@@H](O)CC[C@@H]12,,,,,"{""mmgbsa_dG"": null, ""error"": ""embed fallo (6 semillas) para C:\\Users\\Fredy\\masive-als\\gpu_dock\\resultados_libreria\\results_SOD1\\CHEMBL522846_out.pdbqt""}"
SOD1,CHEMBL525358,-6.3,O=C(O)COc1ccc(Oc2ccc3c(c2)C[C@@H](NC[C@H](O)c2cccc(Cl)c2)CC3)cc1,-57.64,-898.12,-925.17,84.69,
SOD1,CHEMBL525727,-6.3,Cc1ccc(C(=O)NC2CC2)cc1-c1ccc2c(=O)[nH]c(-c3cccs3)nc2c1,-62.36,-649.58,-526.58,-60.64,
SOD1,CHEMBL525897,-6.3,O=C(NC(=O)c1c(F)cccc1F)NC1c2ccccc2-c2ccccc21,-29.48,-652.94,-504.95,-118.52,
SOD1,CHEMBL526061,-6.3,Cc1cc(N2Cc3ccccc3C2)nc(Nc2ccc(S(=O)(=O)N3CCOCC3)cc2)n1,-66.14,-624.13,-473.36,-84.62,
SOD1,CHEMBL526098,-6.3,Cc1cccc(NS(=O)(=O)c2ccc(-c3ccc(C#N)cc3)cc2)n1,-69.07,-1632.51,-1499.17,-64.27,
SOD1,CHEMBL526224,-6.3,Cc1cc(N[C@@H](Cc2ccccc2)C(=O)NC2CCCC2)nc(NCc2ccccc2C)n1,-53.84,-801.12,-638.4,-108.89,
SOD1,CHEMBL526243,-6.3,N#Cc1ccc(Cn2ccc3c4c(N)nc(N)nc4ccc32)cc1,-55.67,-735.78,-568.2,-111.91,
SOD1,CHEMBL526687,-6.3,CC1(C)CC[C@@]23CC[C@]4(C)[C@@](OC2=O)([C@@H]3C1)[C@H]1O[C@H]1[C@@H]1[C@@]2(C)CC[C@H](O)C(C)(C)[C@@H]2[C@H](O)C[C@]14C,,,,,"{""mmgbsa_dG"": null, ""error"": ""embed fallo (6 semillas) para C:\\Users\\Fredy\\masive-als\\gpu_dock\\resultados_libreria\\results_SOD1\\CHEMBL526687_out.pdbqt""}"
SOD1,CHEMBL526775,-6.3,Cc1cc(N2Cc3ccccc3C2)nc(Nc2cccc(C#N)c2)n1,-47.29,-607.49,-449.76,-110.43,
SOD1,CHEMBL528745,-6.3,Nc1nc(N)c2c(ccc3c2ccn3Cc2ccc(OCc3ccccc3)cc2)n1,-49.23,-837.75,-673.56,-114.95,
SOD1,CHEMBL554497,-6.3,O=S(=O)(c1cccc2nonc12)n1ccc2ncc(-c3cnn(C4CCNCC4)c3)cc21,-62.95,-747.8,-701.56,16.71,
SOD1,CHEMBL557030,-6.3,Cc1ccc(NC(=O)N2CCN(Cc3sc4ccc(F)cc4c3C)CC2)cn1,-69.47,-846.93,-808.16,30.7,
SOD1,CHEMBL557080,-6.3,OCCNc1ccc2c3c(cccc13)CN(c1cccc(Br)c1)C2,,,,,"{""mmgbsa_dG"": null, ""error"": ""embed fallo (6 semillas) para C:\\Users\\Fredy\\masive-als\\gpu_dock\\resultados_libreria\\results_SOD1\\CHEMBL557080_out.pdbqt""}"
SOD1,CHEMBL557971,-6.3,Cc1cccc(CN2C(=O)/C(=N\O)c3ccccc32)c1,-24.17,-468.96,-514.2,69.41,
SOD1,CHEMBL558480,-6.3,O=C1C2ON=C(c3cn(-c4ccccc4)nc3-c3ccc(Cl)cc3)C2C(=O)N1c1ccccc1,-85.21,-1487.46,-1360.82,-41.43,
SOD1,CHEMBL558845,-6.3,O=C1NCCc2c1ccc1[nH]cc(CCNC(=O)N3CCNCC3)c21,-54.93,-525.77,-491.69,20.84,
SOD1,CHEMBL558848,-6.3,Nc1ncc(-c2ccc(O)cc2)nc1-c1ccc(C(F)(F)F)cc1,-44.43,-418.93,-465.89,91.39,
SOD1,CHEMBL559234,-6.3,CNCc1ccc(C)c(C(=O)N[C@H](C)c2cccc3ccccc23)c1,-38.87,-572.51,-540.28,6.63,
SOD1,CHEMBL559330,-6.3,O=C1c2ccccc2CN1CC#CCN1CCN(c2nsc3ccccc23)CC1,,,,,"{""mmgbsa_dG"": null, ""error"": ""embed fallo (6 semillas) para C:\\Users\\Fredy\\masive-als\\gpu_dock\\resultados_libreria\\results_SOD1\\CHEMBL559330_out.pdbqt""}"
SOD1,CHEMBL559401,-6.3,Cc1ccc(C(=O)NC2CC2)cc1Nc1cc(=O)n(C)c2c1cnn2-c1ccc(F)cc1F,-84.16,-1467.91,-1376.78,-6.97,
SOD1,CHEMBL559537,-6.3,CC1(C)c2nc(C(=O)NCc3ccc(F)cc3)c(O)c(=O)n2CCN1Cc1ccn[nH]1,-68.61,-484.04,-456.61,41.19,
SOD1,CHEMBL559935,-6.3,Cn1c(=O)cc(Nc2cc(C(=O)NC3CC3)ccc2F)c2cnn(-c3ccc(F)cc3F)c21,-95.02,-1342.02,-1254.45,7.46,
SOD1,CHEMBL560219,-6.3,O=C(Cc1ccc(Cl)c(C(F)(F)F)c1)Nc1cccc2c(=O)n(CCO)ccc12,-48.71,-539.24,-533.24,42.71,
SOD1,CHEMBL561101,-6.3,CC1(C)CCc2cc(C3CC(=O)c4ccc(O)cc4O3)ccc2O1,-53.7,-1505.26,-1458.06,6.51,
SOD1,CHEMBL561130,-6.3,N=C(N)c1ccc2[nH]c(-c3cc(F)cc(Cl)c3)cc2c1,-34.51,-566.02,-490.76,-40.74,
SOD1,CHEMBL561567,-6.3,O=C(Nc1cccc(-c2ccnc3c(C(=O)O)cnn23)c1)c1cccc(C(F)(F)F)c1,-62.27,-597.9,-582.8,47.17,
SOD1,CHEMBL562009,-6.3,Nc1ccc2c(c1)N(Cc1cc(F)cc3c1OCOC3)C(=O)/C2=N\O,-30.65,-496.29,-480.15,14.51,
SOD1,CHEMBL562030,-6.3,Cn1nc(C(=O)NCc2ccccc2)c2c1-c1nc(Nc3ccccc3)ncc1CC2,-46.67,-631.2,-521.29,-63.24,
SOD1,CHEMBL562080,-6.3,O=C(O)c1nc(Cc2c(Br)sc3ccc(Cl)cc23)nc(O)c1O,-61.44,-1593.23,-1547.33,15.54,
SOD1,CHEMBL562512,-6.3,O=C1C[C@@H]2c3ccccc3O[C@H]3c4ccc(O)cc4-c4c(O)cc(O)c1c4[C@H]23,-42.79,-1530.42,-1465.48,-22.15,
SOD1,CHEMBL563107,-6.3,O=C(c1ccc(-c2cc3[nH]c(=O)c4ccccc4n3n2)cc1)N1CCN2CCC[C@H]2C1,-72.63,-1310.48,-1334.83,96.99,
SOD1,CHEMBL563326,-6.3,Cc1ccc(C(=O)O)cc1Nc1cc(=O)n(C)c2c1cnn2-c1ccc(F)cc1F,-68.83,-683.34,-622.53,8.03,
SOD1,CHEMBL563536,-6.3,O=C(C=C1CCN(C(=O)c2cccc(F)c2)CC1)N[C@@H]1CCN(Cc2ccc3cc(F)ccc3c2)C1,-121.29,-758.4,-687.58,50.47,
SOD1,CHEMBL563569,-6.3,O=C(Cc1ccc(Cl)c(C(F)(F)F)c1)Nc1cccc2c(=O)n([C@H]3CCNC3)ccc12,-22.35,-531.7,-564.91,55.55,
SOD1,CHEMBL563577,-6.3,Cc1ccc(C(=O)Nc2cccc(C(F)(F)F)c2)cc1Nc1[nH]cnc2ncnc1-2,-57.6,-592.23,-509.6,-25.02,
SOD1,CHEMBL563612,-6.3,CC[C@@H](Nc1c(Nc2cc(C)cc(C(=O)N(C)C)c2O)c(=O)c1=O)c1ccccc1,-65.52,-548.04,-733.82,251.3,
SOD1,CHEMBL563968,-6.3,C=C1[C@@H]2CC[C@H]3[C@]4(C)CCC[C@](C)(CO)[C@@H]4C[C@H](O)[C@]3(C2)[C@@H]1O,-51.16,-1521.45,-1593.91,123.61,
SOD1,CHEMBL563997,-6.3,N=C(N)c1ccc2[nH]c(-c3cc(Cl)cc(Cl)c3)cc2c1,-32.95,-494.86,-422.65,-39.26,
SOD1,CHEMBL564611,-6.3,O=C1/C(=N\O)c2ccccc2N1Cc1cccc(F)c1,-24.96,-467.64,-507.88,65.2,
SOD1,CHEMBL564783,-6.3,O=C1[C@@H]2[C@H](C(=O)N1[C@H]1CC[C@H](C(=O)Nc3cccc4cccnc34)CC1)[C@@H]1C=C[C@H]2C1,-59.43,-972.91,-917.35,3.87,
SOD1,CHEMBL565234,-6.3,Cc1ccc2c3c(ccc2n1)OC[C@H](CN1CCN(c2ccc4ccccc4n2)C[C@@H]1C)O3,,,,,"{""mmgbsa_dG"": null, ""error"": ""embed fallo (6 semillas) para C:\\Users\\Fredy\\masive-als\\gpu_dock\\resultados_libreria\\results_SOD1\\CHEMBL565234_out.pdbqt""}"
SOD1,CHEMBL565255,-6.3,Nc1ncnc2c1ccn2-c1ccc(NC(=O)Nc2ccc(Cl)c(Cl)c2)cc1,-83.72,-1289.79,-1136.59,-69.48,
SOD1,CHEMBL565408,-6.3,CN1CCN(C(=O)CN(Cc2ccccc2)Cc2ccc3ccccc3c2)CC1,-53.42,-514.65,-583.26,122.03,
SOD1,CHEMBL565790,-6.3,COc1ccc(C2(c3cccc(-c4cccnc4)c3)N=C(N)N(C)C2=O)cc1C1CCCC1,-42.17,-794.26,-758.33,6.24,
SOD1,CHEMBL565881,-6.3,NC(=O)c1cccc2[nH]c(-c3ccc(-c4ncc[nH]4)cc3)nc12,-84.73,-1560.41,-1510.43,34.75,
SOD1,CHEMBL565939,-6.3,Cc1cccc2c(C(=O)O)cc(-c3ccc(S(C)(=O)=O)cc3)nc12,-51.71,-1265.0,-1244.58,31.28,
SOD1,CHEMBL566099,-6.3,O=C(NO)c1ccc2[nH]c(=O)c(CCCc3ccccc3)nc2c1,-43.18,-535.04,-573.04,81.18,
SOD1,CHEMBL566148,-6.3,O=C(C(=O)N1CCN(C(=O)c2cccc(Cl)c2F)CC1)c1c[nH]c2ccccc12,-30.52,-479.71,-609.81,160.62,
SOD1,CHEMBL566395,-6.3,Cc1ccc(CCNc2ncnc3ccc(N)cc23)cc1,-35.74,-628.63,-537.61,-55.27,
SOD1,CHEMBL566505,-6.3,O=C(Nc1ccc(C(F)(F)F)cc1)C(=O)c1c[nH]c2ccccc12,-48.94,-394.97,-467.34,121.31,
SOD1,CHEMBL596211,-6.3,COc1ccc(-c2ccc(Cn3cc(C(=O)O)c(=O)c4cccc(F)c43)cc2)cn1,-75.84,-1324.64,-1262.2,13.41,
SOD1,CHEMBL7735,-6.3,O=C(c1cc2ccccc2[nH]1)c1cc2cc(O)ccc2[nH]1,-80.31,-1561.58,-1535.1,53.82,
SOD1,CHEMBL8208,-6.3,c1ccc2c(CNCc3c[nH]c4ccccc34)cccc2c1,-37.09,-405.44,-398.71,30.37,
SOD1,CHEMBL9363,-6.3,O=P(O)(O)C(F)(F)c1ccc(CC(c2ccccc2)n2nnc3ccccc32)cc1,-117.34,-388.3,-450.32,179.36,
SOD1,CHEMBL9368,-6.3,CC(C)c1ccc(Sc2ccc(NC3=NCCN3)cc2)cc1,-59.76,-710.83,-595.7,-55.37,
SOD1,CHEMBL9616,-6.3,O=C(c1ccc(F)cc1)C1CCN(CCN2CCCc3ccccc3C2=O)CC1,-47.18,-477.1,-498.09,68.17,
SOD1,CHEMBL9961,-6.3,O=C(NC(CO)c1ccccc1)c1cc(-c2ccccc2)nc2ccccc12,-69.13,-1657.21,-1627.33,39.25,
SOD1,NEBIVOLOL,-6.3,OC(CNCC(O)C1CCc2cc(F)ccc2O1)C1CCc2cc(F)ccc2O1,-63.33,-565.87,-605.92,103.39,
SOD1,NIRAPARIB,-6.3,NC(=O)c1cccc2cn(-c3ccc([C@@H]4CCCNC4)cc3)nc12,-42.06,-1461.73,-1455.99,36.31,
SOD1,TALAZOPARIB,-6.3,Cn1ncnc1[C@H]1c2n[nH]c(=O)c3cc(F)cc(c23)N[C@@H]1c1ccc(F)cc1,-37.71,-543.01,-535.73,30.42,
SOD1,TEMAFLOXACIN,-6.3,CC1CN(c2cc3c(cc2F)c(=O)c(C(=O)O)cn3-c2ccc(F)cc2F)CCN1,,,,,"{""mmgbsa_dG"": null, ""error"": ""embed fallo (6 semillas) para C:\\Users\\Fredy\\masive-als\\gpu_dock\\resultados_libreria\\results_SOD1\\TEMAFLOXACIN_out.pdbqt""}"
SOD1,BETAMETHASONE,-6.2,C[C@H]1C[C@H]2[C@@H]3CCC4=CC(=O)C=C[C@]4(C)[C@@]3(F)[C@@H](O)C[C@]2(C)[C@@]1(O)C(=O)CO,-66.82,-1276.53,-1400.5,190.8,
SOD1,CHEMBL1204622,-6.2,O=C1N[C@@H]2C(=C[C@H](O)[C@H]3OP(=O)(O)O[C@H]32)c2cc3c(cc21)OCO3,-77.83,-1656.53,-1466.49,-112.21,
SOD1,CHEMBL1205903,-6.2,CC[C@@](O)(C(=O)O)c1cc2n(c(=O)c1CO)Cc1cc3ccccc3nc1-2,-89.7,-1521.51,-1449.72,17.91,
SOD1,CHEMBL1206043,-6.2,O=C(O)c1cc2c(Cl)cc3c(c2c(-c2ccc4c(c2)OCO4)c1CO)OCO3,-51.59,-1689.24,-1650.29,12.64,
SOD1,CHEMBL1206352,-6.2,O=C(O)c1ccc2c(c1)CC(CNS(=O)(=O)c1ccc(Cl)cc1)C2,-56.57,-639.49,-548.32,-34.6,
SOD1,CHEMBL1207044,-6.2,O=C(O)Cc1ccc2c(c1)CC(CNS(=O)(=O)c1ccccc1)C2,-51.94,-583.58,-498.47,-33.17,
SOD1,CHEMBL1208600,-6.2,O=C1Nc2ccc(S(=O)(=O)O)cc2/C1=C1/Nc2ccccc2C1=O,-78.84,-1647.19,-1598.44,30.09,
SOD1,CHEMBL1209968,-6.2,N#Cc1cccc(N2C(=O)C3(CCN(C(=O)Nc4cc(F)cc(F)c4)CC3)C2c2ccccn2)c1,-89.6,-1160.22,-1048.33,-22.29,
SOD1,CHEMBL1210538,-6.2,N#Cc1cccc(-c2nc3c(NC(=O)c4ccccc4)ncnc3[nH]2)c1,-81.8,-602.69,-553.85,32.95,
SOD1,CHEMBL1210547,-6.2,O=C(CN1CCN(c2nnc(Cc3ccncc3)c3ccccc23)CC1)Nc1ccc(F)c(F)c1,,,,,"{""mmgbsa_dG"": null, ""error"": ""embed fallo (6 semillas) para C:\\Users\\Fredy\\masive-als\\gpu_dock\\resultados_libreria\\results_SOD1\\CHEMBL1210547_out.pdbqt""}"
SOD1,CHEMBL1210556,-6.2,Cc1cccc(NC(=O)C2Cc3ccccc3N2C(=O)OC(C)(C)C)c1,-60.64,-827.17,-753.22,-13.31,
SOD1,CHEMBL1210672,-6.2,Cc1ccc(NC(=O)CN2CCN(c3nnc(Cc4ccncc4)c4ccccc34)CC2)c(C)c1,,,,,"{""mmgbsa_dG"": null, ""error"": ""embed fallo (6 semillas) para C:\\Users\\Fredy\\masive-als\\gpu_dock\\resultados_libreria\\results_SOD1\\CHEMBL1210672_out.pdbqt""}"
SOD1,CHEMBL1210826,-6.2,Cc1cc(C)cc(NC(=O)C2Cc3ccccc3N2C(=O)OC(C)(C)C)c1,-61.23,-730.29,-654.58,-14.48,
SOD1,CHEMBL1210834,-6.2,O=C(CSc1nnc2c(n1)[nH]c1ccccc12)Nc1ccccc1,-94.53,-1436.76,-1391.23,49.0,
SOD1,CHEMBL1210861,-6.2,CC(C)(C)Nc1nc(N2CCc3ccccc3C2)nc(N2CCc3ccccc3C2)n1,,,,,"{""mmgbsa_dG"": null, ""error"": ""embed fallo (6 semillas) para C:\\Users\\Fredy\\masive-als\\gpu_dock\\resultados_libreria\\results_SOD1\\CHEMBL1210861_out.pdbqt""}"
SOD1,CHEMBL1210981,-6.2,O=C(CSc1nnc2c(n1)[nH]c1ccccc12)Nc1cccc([N+](=O)[O-])c1,-87.12,-1077.64,-1060.52,69.99,
SOD1,CHEMBL1215806,-6.2,O=C(O)c1c(O)c(C2(c3ccccc3)CC2)nc2c3c(ccc12)CCCC3,-64.95,-470.54,-447.2,41.61,
SOD1,CHEMBL1240561,-6.2,O=C(NN1CNC(Cc2ccccc2)C1=O)C1CC(=O)N(Cc2ccc(F)cc2)C1,,,,,"{""mmgbsa_dG"": null, ""error"": ""embed fallo (6 semillas) para C:\\Users\\Fredy\\masive-als\\gpu_dock\\resultados_libreria\\results_SOD1\\CHEMBL1240561_out.pdbqt""}"
SOD1,CHEMBL1242335,-6.2,O=C1C(=O)N(CCCNc2ccnc3cc(C(F)(F)F)ccc23)c2ccccc21,-54.99,-618.47,-646.42,82.94,
SOD1,CHEMBL1242431,-6.2,COc1c(C(=O)O)c(O)c(S(=O)(=O)Nc2ccccc2)c2occc12,-64.45,-1756.4,-1610.07,-81.88,
SOD1,CHEMBL1242888,-6.2,O=c1cc(CC2NCCc3ccccc32)c2ccc3ccccc3c2o1,-50.27,-1592.44,-1607.59,65.43,
SOD1,CHEMBL1242895,-6.2,Cc1nn(-c2ccccc2)c(Cl)c1/C=N/NC(=O)Cc1cccc2ccccc12,-37.66,-416.91,-485.1,105.85,
SOD1,CHEMBL1242906,-6.2,Cc1ccc(C(/C=C/c2c[nH]c3ccccc23)=C2C(=O)NC(=O)NC2=O)cc1,-70.63,-565.99,-364.76,-130.6,
SOD1,CHEMBL1242981,-6.2,CC(C)c1ccc(NC(=O)Oc2ccc3c(c2)[C@]2(C)CCOC2O3)cc1,-58.55,-722.08,-631.09,-32.44,
SOD1,CHEMBL1243012,-6.2,Cc1ccccc1NC(=O)Oc1ccc2c(c1)[C@]1(C)CCN(C)[C@@H]1N2,-49.56,-676.55,-545.35,-81.63,
SOD1,CHEMBL130247,-6.2,CNc1ccc2c(c1)C13CCCCC1C(C2)N(C)CC3,-29.93,-487.46,-468.85,11.32,
SOD1,CHEMBL13464,-6.2,CN1C[C@H](CN2CC(=O)NC2=O)C[C@@H]2c3ccc(C(C)(C)C)c4[nH]cc(c34)C[C@H]21,-60.81,-484.35,-405.8,-17.74,
SOD1,CHEMBL13495,-6.2,CC[C@@]1(O)C(=O)OCc2c1cc1n(c2=O)Cc2cc3ccncc3nc2-1,-55.84,-1685.2,-1669.05,39.7,
SOD1,CHEMBL1355230,-6.2,Fc1ccc(Nc2nc3nonc3nc2Nc2cccc(C(F)(F)F)c2)cc1,-63.46,-501.01,-438.58,1.02,
SOD1,CHEMBL1355267,-6.2,Cc1cc(C)cc(C(=O)OCC(=O)NC(=O)NC2CCCC2)c1,-72.22,-827.65,-696.71,-58.72,
SOD1,CHEMBL13588,-6.2,CN1C[C@H](CN2CC(=O)NC2=O)C[C@@H]2c3cccc4[nH]cc(c34)C[C@H]21,-57.86,-609.0,-532.12,-19.02,
SOD1,CHEMBL14316,-6.2,Cc1ccc(-c2nnc3c4ccccc4c(N4CCCC4)nn23)cc1C,-61.21,-426.66,-401.31,35.86,
SOD1,CHEMBL14932,-6.2,Oc1ccc2ncnc(Nc3ccc(OCc4ccccc4)cc3)c2c1,-56.84,-1541.15,-1441.37,-42.94,
SOD1,CHEMBL16151,-6.2,COc1cccc([C@H]2C/C(=N\NC(=O)C(=O)NC(C)c3ccccc3)c3ccccc3N2)c1,-84.85,-1355.98,-1380.52,109.38,
SOD1,CHEMBL17358,-6.2,O=C(O)c1ccc(S(=O)(=O)Nc2cccc(OCc3ccc4ccccc4n3)c2)cc1,-78.2,-818.25,-731.02,-9.03,
SOD1,CHEMBL1795489,-6.2,O=c1[nH]c2c(OCc3ccccc3)cccc2c2cn(-c3ccccc3)nc12,-55.29,-1428.74,-1461.89,88.45,
SOD1,CHEMBL1795545,-6.2,N=C1c2ccccc2C(=O)N1C1CCC(=O)NC1=O,-56.83,-1696.97,-1580.01,-60.13,
SOD1,CHEMBL1795628,-6.2,COc1ccccc1C(=O)c1cnc(NC2CCN(C(=O)Nc3ccccc3)CC2)nc1N,-74.68,-1780.84,-1504.88,-201.28,
SOD1,CHEMBL1795646,-6.2,COc1ccccc1C(=O)c1cnc(NC2CCN(C(=O)Nc3ccccc3)C2)nc1N,-91.05,-1719.42,-1464.65,-163.73,
SOD1,CHEMBL1796550,-6.2,Cc1ccc(C2OOC(c3ccc(CNc4cccc(O)c4)cc3)OO2)cc1,-61.32,-476.47,-517.31,102.15,
SOD1,CHEMBL1796730,-6.2,CNC(=O)c1cc(Oc2ccc(NS(=O)(=O)c3ccc4ccccc4c3)cc2)ccn1,-64.67,-506.28,-429.52,-12.08,
SOD1,CHEMBL1808539,-6.2,O=C(Nc1ccccc1)c1nn(S(=O)(=O)c2ccc(Cl)cc2)c2ccccc12,-63.96,-1392.17,-1518.17,189.96,
SOD1,CHEMBL1808645,-6.2,O=C(/C=C/c1ccc2c(c1)CN(CCc1cnn3ccccc13)C2)NO,-51.87,-444.93,-456.83,63.77,
SOD1,CHEMBL18413,-6.2,c1cc(OCc2ccc3ccccc3n2)cc(OCc2ccccc2-c2nn[nH]n2)c1,-60.92,-443.87,-452.15,69.2,
SOD1,CHEMBL18564,-6.2,c1cc(OCc2cccc(-c3nn[nH]n3)c2)cc(OCc2ccc3ccccc3n2)c1,-45.2,-716.8,-741.36,69.76,
SOD1,CHEMBL1857916,-6.2,Cc1ccc(CNC(c2nc(Cc3ccccc3)c(N3CCOCC3)o2)C2CC2)cc1,-50.78,-465.9,-560.75,145.63,
SOD1,CHEMBL1858078,-6.2,CC(C)(C)c1ccc(-c2nc(CNC3CCN(Cc4ccccc4)C3)co2)cc1,-59.32,-978.73,-1017.33,97.92,
SOD1,CHEMBL1858083,-6.2,CSc1ccc(Oc2cc(/C(=N/O)NCc3ccccc3F)ccn2)cc1,-39.51,-672.65,-623.79,-9.35,
SOD1,CHEMBL1858212,-6.2,O/N=C(/c1ccc(Oc2ccc3oc4ccccc4c3c2)nc1)N1CCC=N1,-61.8,-602.96,-628.13,86.97,
SOD1,CHEMBL1858636,-6.2,Cc1ccc(-c2nc(CN3CCN(c4cc(C)nc5ccccc45)CC3)co2)cc1,,,,,"{""mmgbsa_dG"": null, ""error"": ""embed fallo (6 semillas) para C:\\Users\\Fredy\\masive-als\\gpu_dock\\resultados_libreria\\results_SOD1\\CHEMBL1858636_out.pdbqt""}"
SOD1,CHEMBL1858647,-6.2,Fc1ccccc1-c1nc(CNCc2cccc3ccccc23)co1,-33.15,-682.62,-698.19,48.72,
SOD1,CHEMBL1858708,-6.2,Cc1ccc(-c2nc(Cn3nc(N)cc3-c3ccccc3)co2)cc1,-59.91,-1697.92,-1646.46,8.45,
SOD1,CHEMBL1858904,-6.2,COc1ccc(CN/C(=N\O)c2ccc(Oc3ccc4ccccc4c3)nc2)cc1,-47.33,-481.15,-456.16,22.34,
SOD1,CHEMBL1859092,-6.2,Cc1nccn1/C(=N\O)c1ccc(Oc2ccc3oc4ccccc4c3c2)nc1,-53.93,-563.47,-617.67,108.13,
SOD1,CHEMBL1859186,-6.2,Fc1cccc(-c2nc(CNCc3cccc4ccccc34)co2)c1,-32.05,-609.69,-621.27,43.63,
SOD1,CHEMBL1859337,-6.2,Cc1ccc(-c2nc(CN3CCN(c4cccc(C(F)(F)F)c4)CC3)co2)cc1,-39.52,-654.4,-770.96,156.08,
SOD1,CHEMBL1859341,-6.2,Cc1ccccc1-c1nc(CN2CCN(c3cccc(C(F)(F)F)c3)CC2)co1,-49.16,-1110.62,-1224.75,163.28,
SOD1,CHEMBL1859483,-6.2,O/N=C(\NCc1ccccc1)c1ccc(Oc2cccc3cccnc23)nc1,-29.01,-394.15,-413.43,48.28,
SOD1,CHEMBL1859498,-6.2,CC1CN1/C(=N\O)c1ccc(Oc2ccc3oc4ccccc4c3c2)nc1,,,,,"{""mmgbsa_dG"": null, ""error"": ""embed fallo (6 semillas) para C:\\Users\\Fredy\\masive-als\\gpu_dock\\resultados_libreria\\results_SOD1\\CHEMBL1859498_out.pdbqt""}"
SOD1,CHEMBL1862792,-6.2,CC(C)(C)C(=O)N1CCC(NC(c2ccc(C(F)(F)F)cc2)c2cccnc2)CC1,-52.09,-796.41,-777.83,33.51,
SOD1,CHEMBL1862843,-6.2,Cc1noc(C)c1C(=O)N1CCC(NC(c2ccc(C(F)(F)F)cc2)c2cncs2)CC1,-50.85,-720.1,-653.67,-15.58,
SOD1,CHEMBL1862934,-6.2,Cn1ccnc1C(=O)N1CCC(NC(c2ccc(C(F)(F)F)cc2)c2cccnc2)CC1,-47.86,-713.47,-736.97,71.36,
SOD1,CHEMBL1862988,-6.2,O=C1OC(c2ccc(Cl)cc2)(c2cccnc2)c2ccccc21,-48.94,-589.66,-585.86,45.14,
SOD1,CHEMBL1863039,-6.2,NC(=O)c1cccc(C(O)(c2cccnc2)c2ccc(Cl)cc2F)c1,-79.94,-789.43,-715.88,6.4,
SOD1,CHEMBL1863077,-6.2,O=C(Cc1ccccc1)NC(c1ccc(C(F)(F)F)cc1)c1cnccn1,-59.21,-384.61,-432.2,106.8,
SOD1,CHEMBL1863138,-6.2,CC1(C)COC(c2cccc(C(O)(c3ccc(Cl)cc3)c3cncnc3)c2)=N1,-56.66,-863.45,-840.05,33.26,
SOD1,CHEMBL1863141,-6.2,O=S(=O)(C1CCCCC1)N1CCC(NC(c2ccc(C(F)(F)F)cc2)c2cnccn2)CC1,-35.26,-483.54,-526.51,78.23,
SOD1,CHEMBL1863167,-6.2,O=C(NC(c1ccc(C(F)(F)F)cc1)c1cnccn1)c1ccc(Cl)cc1,-45.74,-403.91,-453.02,94.84,
SOD1,CHEMBL1863179,-6.2,NC(=O)c1cccc(C(O)(c2ccc(C(F)(F)F)cc2)c2cccnc2)c1,-72.81,-714.58,-699.62,57.85,
SOD1,CHEMBL1863239,-6.2,NC(=O)c1cccc(C(O)(c2cncnc2)c2ccc(Cl)cc2F)c1,-57.96,-669.46,-582.71,-28.78,
SOD1,CHEMBL1863297,-6.2,O=C(NCCN1CCOCC1)c1cccc(C(O)(c2ccc(Cl)cc2)c2cccnc2)c1,-76.67,-590.73,-643.64,129.58,
SOD1,CHEMBL1863323,-6.2,O=C(c1cccc(C(O)(c2ccc(Cl)cc2)c2cccnc2)c1)N1CCOCC1,-57.76,-735.15,-781.4,104.01,
SOD1,CHEMBL1863382,-6.2,O=C(c1nccs1)N1CCC(NC(c2ccc(C(F)(F)F)cc2)c2cccnc2)CC1,-52.85,-694.37,-725.26,83.74,
SOD1,CHEMBL1863426,-6.2,Cc1nc(C(=O)N2CCC(NC(c3ccc(C(F)(F)F)cc3)c3cccnc3)CC2)cs1,-45.36,-576.65,-603.42,72.13,
SOD1,CHEMBL1863507,-6.2,O=C(NC1CCCCC1)NC1CCN(C(c2ccc(Cl)cc2)c2cccnc2)CC1,-73.55,-1402.67,-1260.76,-68.35,
SOD1,CHEMBL1863610,-6.2,Cc1cc(F)ccc1C(O)c1nc(-c2ccc3ccccc3c2)c[nH]1,-80.06,-607.59,-598.96,71.42,
SOD1,CHEMBL1863740,-6.2,COc1cc(F)ccc1-c1cc(C(=O)NCc2ccc(C(F)(F)F)cc2)[nH]n1,-46.17,-741.99,-711.43,15.61,
SOD1,CHEMBL1863817,-6.2,COc1ccc(-c2cc(-c3ccccc3)nc(N)n2)c(O)c1,-63.27,-1803.14,-1621.95,-117.93,
SOD1,CHEMBL1864148,-6.2,Cc1cccc(C(O)c2nc(-c3cccc(C(F)(F)F)c3)c[nH]2)c1C,-65.61,-459.91,-485.12,90.83,
SOD1,CHEMBL1864233,-6.2,CC(C)(C)c1ccc(-c2noc(CCC(=O)Nc3cccc([N+](=O)[O-])c3)n2)cc1,-60.73,-1385.24,-1305.06,-19.45,
SOD1,CHEMBL1864360,-6.2,CC(CNC(=O)Cn1cnc2c(NCc3ccccc3)ncnc21)c1ccccc1,-85.73,-755.28,-704.03,34.48,
SOD1,CHEMBL1864601,-6.2,COc1cccc(N2C(=O)c3cccnc3C2Nc2ccc(C)c(C)c2)c1,-65.51,-497.45,-431.4,-0.54,
SOD1,CHEMBL1864784,-6.2,CC1(C(=O)Nc2cccc(OC(F)(F)F)c2)Cc2c(-c3ccc4c(c3)OCO4)ccnc2O1,-31.73,-549.63,-518.56,0.66,
SOD1,CHEMBL1864868,-6.2,O=C(CN1C(=O)NC(c2ccccc2)(c2ccccc2)C1=O)NCc1ccccc1,-83.82,-683.08,-566.39,-32.87,
SOD1,CHEMBL1865174,-6.2,O=C(NCc1ccccc1F)c1ccc2ccccc2n1,-37.96,-446.8,-448.28,39.45,
SOD1,CHEMBL1865211,-6.2,Cc1ccc(-c2cc3ncc4c(n3n2)-c2cc(C)ccc2OC4)cc1,-38.33,-473.88,-470.46,34.91,
SOD1,CHEMBL1865485,-6.2,Cc1ccc2c(c1)nnn2C1CCN(CC(=O)Nc2ccc(F)cc2)CC1,-61.69,-1280.42,-1268.45,49.72,
SOD1,CHEMBL1865514,-6.2,CC1(Cc2ccc3ccccc3n2)C(=O)Nc2ccc(OC(F)(F)F)cc21,-37.65,-678.34,-639.98,-0.71,
SOD1,CHEMBL1865669,-6.2,O=C(CCC1CCCN(C2C3CC4CC(C3)CC2C4)C1)NCc1ccc(F)c(F)c1,-61.4,-1393.23,-1360.56,28.72,
SOD1,CHEMBL1865717,-6.2,CN(C)CCNC(=O)c1cccc(-c2cc(NC=O)c3ncc(-c4cccc(C(F)(F)F)c4)n3c2)c1,-44.34,-506.74,-515.74,53.34,
SOD1,CHEMBL1865730,-6.2,O=C(COc1coc(CN2CCN(c3ccc(F)cc3)CC2)cc1=O)NC1CCCC1,-71.99,-1383.55,-1444.48,132.92,
SOD1,CHEMBL1865953,-6.2,C[C@]12C[C@@H](O)[C@H](O)CC1=CCC1C2CC[C@]2(C)C(=O)CCC12,-48.96,-385.36,-462.59,126.18,
SOD1,CHEMBL18816,-6.2,c1ccc2nc(COc3ccc(OCc4ccc(Cc5nnn[nH]5)cc4)cc3)ccc2c1,-68.53,-763.44,-753.64,58.74,
SOD1,CHEMBL1896436,-6.2,O=C(COC(=O)c1c(F)cccc1F)NC(=O)NCc1ccccc1,-100.9,-1589.75,-1379.84,-109.01,
SOD1,CHEMBL19897,-6.2,C(#Cc1nc(-c2ccccc2)nc2c1ncn2Cc1ccccc1)c1ccccc1,-49.37,-450.84,-474.33,72.86,
SOD1,CHEMBL20389,-6.2,Nc1nc2ccnc(-c3cccc(C(F)(F)F)c3)n2n1,-26.47,-593.62,-549.12,-18.04,
SOD1,CHEMBL20448,-6.2,Cn1c(=O)ccc2cc(COc3cccc(C4(CO)CCOCC4)c3)ccc21,-37.41,-653.7,-644.89,28.6,
SOD1,CHEMBL20756,-6.2,O=C(O)Cc1nn(Cc2nc3c(ccc4ccccc43)s2)c(=O)c2ccccc12,-46.04,-603.23,-595.93,38.75,
SOD1,CHEMBL2143379,-6.2,COc1ccc(C(=O)N2CCCC(c3cc(C(=O)Nc4ccccc4)no3)C2)cc1,-108.3,-908.18,-807.19,7.31,
SOD1,CHEMBL23174,-6.2,NS(=O)(=O)c1ccc(CCNC(=O)c2cc3ccccc3oc2=O)cc1,-61.55,-757.08,-624.8,-70.74,
SOD1,CHEMBL23220,-6.2,Cc1c(CN(C)c2cccc3c2CCCC3)cnc2nc(N)nc(N)c12,,,,,"{""mmgbsa_dG"": null, ""error"": ""embed fallo (6 semillas) para C:\\Users\\Fredy\\masive-als\\gpu_dock\\resultados_libreria\\results_SOD1\\CHEMBL23220_out.pdbqt""}"
SOD1,CHEMBL26074,-6.2,O=C1NC(=O)c2c1c1c3ccccc3n3c1c1c2c2ccccc2n1CN(CCO)C3,-43.69,-1204.01,-1180.33,20.01,
SOD1,CHEMBL27388,-6.2,O=C(c1cccc2ccccc12)c1cn2c3c(cccc13)OCC2CN1CCOCC1,-43.13,-484.23,-587.55,146.45,
SOD1,CHEMBL27645,-6.2,COc1ccc(-c2[nH]nc3c2C(=O)c2c(NC(=O)c4ccccc4)cccc2-3)cc1,-64.38,-1463.41,-1449.79,50.76,
SOD1,CHEMBL30651,-6.2,CN([C@@H]1CCN2CCc3ccccc3[C@@H]2C1)S(=O)(=O)c1cccc2ccccc12,-33.11,-564.61,-490.92,-40.57,
SOD1,CHEMBL3309508,-6.2,CN1C(=O)[C@H](CCO)CC2=C1[C@@H]1Oc3c(O)ccc4c3[C@@]13CCN(C)[C@H](C4)[C@]3(O)C2,-71.73,-1446.76,-1417.12,42.08,
SOD1,CHEMBL3309987,-6.2,Nc1nc2c3ccccc3nc(Cc3ccc(O)cc3O)n2n1,-58.18,-1712.77,-1552.65,-101.94,
SOD1,CHEMBL3309992,-6.2,Nc1nc2c3c(Cl)cccc3nc(Cc3ccc4c(c3)OCO4)n2n1,-42.08,-1739.31,-1631.08,-66.14,
SOD1,CHEMBL3310151,-6.2,CN1CCN(c2cc(F)c3c(c2)nc(Cc2ccc4c(c2)OCO4)n2nc(N)nc32)CC1,-72.58,-1689.34,-1624.83,8.08,
SOD1,CHEMBL4434863,-6.2,O/N=c1\cc(-c2ccccc2)oc2c1ccc1ccccc12,-39.58,-556.9,-567.09,49.77,
SOD1,CHEMBL4435286,-6.2,O=C1c2cc(-c3ccnc(NC4CCOCC4)n3)ccc2CN1C(CO)c1ccc(Cl)cc1,-61.67,-660.96,-525.46,-73.83,
SOD1,CHEMBL4435778,-6.2,Cc1cccc([C@@H](C)Nc2nc(C)nc3ccc(-c4ccc(=O)n(C)c4)cc23)c1,-52.4,-1385.21,-1287.86,-44.95,
SOD1,CHEMBL4435941,-6.2,O=C(O)c1ccc(/N=C/c2cc3cc(-c4nc5ccccc5[nH]4)ccc3n3nnnc23)cc1,-80.18,-541.04,-469.35,8.49,
SOD1,CHEMBL4529563,-6.2,N#Cc1ccc(CN2CCN(c3ccc(-c4nc5ccccc5[nH]4)cn3)CC2)cc1,-71.5,-1216.06,-1240.83,96.27,
SOD1,CHEMBL4529911,-6.2,Cc1cccc2c1CCN(CCC(=O)Nc1sc3c(c1-c1nc4cnccc4s1)CCNC3)C2,-32.69,-476.67,-505.47,61.48,
SOD1,CHEMBL4529919,-6.2,CC(=O)c1cccc(-c2cnc3ccc(Cc4ccc(F)cc4)nn23)c1,-26.01,-462.15,-491.63,55.49,
SOD1,CHEMBL4530022,-6.2,Cc1cc(C(=O)/C=C/c2cccc3[nH]ccc23)c2ccccc2n1,-27.77,-487.86,-511.19,51.1,
SOD1,CHEMBL4530028,-6.2,Fc1ccc(-c2nc(Cc3c[nH]c4ccccc34)no2)c(C(F)(F)F)c1,-41.4,-477.29,-481.24,45.36,
SOD1,CHEMBL4530045,-6.2,Cc1cccc(C#CC=C2CCN(C(=O)Cc3cc(F)cc(F)c3)CC2)n1,-33.3,-636.89,-639.55,35.95,
SOD1,CHEMBL4530192,-6.2,Cc1ccc(OCC(=O)Nc2cc(NC(=O)c3ccco3)ccc2C)c(C)c1,-103.97,-1154.87,-1082.99,32.09,
SOD1,CHEMBL4530239,-6.2,Cc1cccc2nc(-c3c[nH]c4ncc(F)cc34)nc(N[C@H]3C4CCC(CC4)[C@@H]3C(=O)O)c12,-39.68,-1423.53,-1363.86,-19.99,
SOD1,CHEMBL4530264,-6.2,CN1CCN(c2ccc(-c3cn4c(-c5cccc(O)c5)cnc4cn3)cn2)CC1,,,,,"{""mmgbsa_dG"": null, ""error"": ""embed fallo (6 semillas) para C:\\Users\\Fredy\\masive-als\\gpu_dock\\resultados_libreria\\results_SOD1\\CHEMBL4530264_out.pdbqt""}"
SOD1,CHEMBL4530328,-6.2,O=c1nc(NC[C@@H](O)CN2CCN(c3nccc4ccc(F)cc34)CC2)c2ccccc2o1,,,,,"{""mmgbsa_dG"": null, ""error"": ""embed fallo (6 semillas) para C:\\Users\\Fredy\\masive-als\\gpu_dock\\resultados_libreria\\results_SOD1\\CHEMBL4530328_out.pdbqt""}"
SOD1,CHEMBL4530472,-6.2,Cc1c(CN(C)C(=O)/C=C/c2cnc3c(c2)C(C)(C)C(=O)N3)oc2ccccc12,-28.58,-691.22,-627.5,-35.15,
SOD1,CHEMBL4530728,-6.2,Fc1cccc(-c2nc3ccnc(NCc4ccccc4)c3[nH]2)c1,-92.86,-887.86,-749.65,-45.35,
SOD1,CHEMBL4530767,-6.2,C[C@@H](NC(=O)c1cc(-c2ccc(F)cc2)nn1C)c1ccc(S(=O)(=O)CC(=O)O)cc1,-98.74,-1013.03,-856.15,-58.14,
SOD1,CHEMBL4530829,-6.2,CC1CCCC(C)N1CCC(=O)NNC(=O)c1cc(-c2ccc(Cl)cc2)nc2ccccc12,-66.85,-660.73,-646.58,52.7,
SOD1,CHEMBL4530878,-6.2,CC(=O)c1cccc(-c2cnc3ccc(-c4ccc5c(c4)OCO5)nn23)c1,-31.65,-446.17,-477.25,62.73,
SOD1,CHEMBL4530932,-6.2,NC(=O)c1ccc(-c2cc(-c3ccc(F)cc3)cnc2N)cc1,-43.85,-526.41,-460.55,-22.01,
SOD1,CHEMBL4530954,-6.2,CC(=O)NC12CC3CC(C1)CC(C(=O)Nc1ccc4c(c1)-c1ccccc1C4)(C3)C2,-56.77,-1442.69,-1394.45,8.53,
SOD1,CHEMBL4531012,-6.2,Cc1ccc2c(N)c(C(=O)NCCc3c(F)cc(N4CCNCC4)cc3F)sc2n1,-66.48,-660.75,-675.23,80.96,
SOD1,CHEMBL4531162,-6.2,O=C(NO)c1cccc(OCc2ccc(-c3noc(-c4cccc(F)c4)n3)cc2)c1,-47.58,-455.49,-452.56,44.64,
SOD1,CHEMBL4531181,-6.2,O=C(Nc1cc(F)c(F)c(F)c1)c1cccc(S(=O)(=O)N2CCC(O)CC2)c1,-76.94,-1499.55,-1397.79,-24.81,
SOD1,CHEMBL4531426,-6.2,CN1c2ccc(F)cc2C(=O)N2CCn3c(cc4cc(OC5CCCC5)ccc43)C21,,,,,"{""mmgbsa_dG"": null, ""error"": ""embed fallo (6 semillas) para C:\\Users\\Fredy\\masive-als\\gpu_dock\\resultados_libreria\\results_SOD1\\CHEMBL4531426_out.pdbqt""}"
SOD1,CHEMBL4531566,-6.2,O=c1cc(Nc2cccc(-c3ccc(F)cc3)c2)[nH]c(=O)n1O,-36.54,-739.87,-645.96,-57.37,
SOD1,CHEMBL4531634,-6.2,O=C(c1ccnc(-c2nc3c(c(=O)[nH]2)CCC3)c1)N1CCC(C(F)(F)F)CC1,-52.76,-699.64,-619.94,-26.93,
SOD1,CHEMBL4531832,-6.2,Nc1ncnc2c3c(n(-c4ccc(NC(=O)Cc5nnc(C(F)(F)F)o5)cc4)c12)CCC3,-108.91,-1270.58,-1156.41,-5.26,
SOD1,CHEMBL4531880,-6.2,O=C(NO)C(c1ccc(-c2cnc(C3CC3)nc2)cc1)c1ccccc1F,-74.65,-1429.97,-1436.7,81.38,
SOD1,CHEMBL4531954,-6.2,Cc1c(Cl)cccc1/N=C1/NC(=O)/C(=C2/C(=O)Nc3ccc(Br)cc32)S1,-55.04,-1627.02,-1479.42,-92.55,
SOD1,CHEMBL4532096,-6.2,Clc1ccc2nc(-c3cccc(N4CCc5ccccc5C4)n3)[nH]c2c1,,,,,"{""mmgbsa_dG"": null, ""error"": ""embed fallo (6 semillas) para C:\\Users\\Fredy\\masive-als\\gpu_dock\\resultados_libreria\\results_SOD1\\CHEMBL4532096_out.pdbqt""}"
SOD1,CHEMBL4532413,-6.2,COc1cc2c(cc1OCCc1cccc3ccccc13)C1CCC2N1,-53.23,-634.99,-633.1,51.34,
SOD1,CHEMBL4532868,-6.2,Fc1ccc(N2CCCn3nc(N[C@@H]4[C@@H]5CC[C@H]4CN(c4ccnc(Cl)c4)C5)nc32)cc1F,-69.62,-891.35,-715.95,-105.79,
SOD1,CHEMBL4532922,-6.2,Oc1ccc(Cc2cc(Oc3ccc(O)cc3)ccc2O)cc1,-68.91,-494.63,-415.87,-9.85,
SOD1,CHEMBL4532935,-6.2,CCc1nc(N)nc(N)c1C#CC(C)c1cc2c(c(-c3ccncc3)c1)OCO2,,,,,"{""mmgbsa_dG"": null, ""error"": ""embed fallo (6 semillas) para C:\\Users\\Fredy\\masive-als\\gpu_dock\\resultados_libreria\\results_SOD1\\CHEMBL4532935_out.pdbqt""}"
SOD1,CHEMBL4533272,-6.2,N#Cc1ccc(NC(=O)Cn2nc3c(Oc4ccccc4)nccn3c2=O)cc1,-88.67,-768.79,-762.71,82.59,
SOD1,CHEMBL4534054,-6.2,Cc1cc(C)c(NC(=O)CSc2nc3ccccc3n3c(C)nnc23)c(C)c1,-85.59,-768.99,-674.72,-8.68,
SOD1,CHEMBL4534076,-6.2,CN1CCC(c2ccc3c(c2)oc(=O)n3C(=O)NCCCCc2ccccc2)CC1,-95.9,-1531.79,-1403.39,-32.5,
SOD1,CHEMBL4534320,-6.2,Nc1nc(CN2CCN(Cc3cccc4cccnc34)CC2)nc2ccccc12,-29.09,-473.32,-523.67,79.43,
SOD1,CHEMBL4534340,-6.2,O=C(O)c1cccc(-n2c(/C=C/c3nccs3)nc3ccccc3c2=O)c1,-57.22,-1609.8,-1525.26,-27.32,
SOD1,CHEMBL4534436,-6.2,Cc1cc(C)c(NC(=O)Cn2nc3ccc(-c4ccc(C)c(C)c4)nn3c2=O)c(C)c1,-49.69,-1033.29,-1086.66,103.06,
SOD1,CHEMBL4534671,-6.2,COc1cccc(NC(=O)c2ccc(C)c(C#Cc3cc(-c4cnn(C)c4)cnc3N)c2)c1,-50.56,-1004.06,-952.6,-0.9,
SOD1,CHEMBL4534702,-6.2,Cc1ccc(CNc2ccnc(NC3CC(C)(C)NC(C)(C)C3)n2)cc1,-80.81,-1627.87,-1397.77,-149.29,
SOD1,CHEMBL4534769,-6.2,CN(c1cc(Cl)nn2c(-c3ccc4[nH]ncc4c3)cnc12)[C@H]1CC[C@H](N2CCOCC2)CC1,-56.01,-492.11,-559.99,123.88,
SOD1,CHEMBL4543190,-6.2,Cc1c(C(=O)N2C3CCC2CC(C(F)(F)F)C3)cnn1-c1nn2cccc2c(=O)[nH]1,-56.8,-1350.25,-1275.89,-17.55,
SOD1,CHEMBL4543357,-6.2,O=C(/C=C/c1ccc2c(c1)OCO2)N1CCN(CCN2C(=O)c3cccc4cccc(c34)C2=O)CC1,-45.78,-467.07,-476.22,54.93,
SOD1,CHEMBL4548511,-6.2,CCNS(=O)(=O)c1ccc(-c2cnc(N)c(-c3ccc4c(O)ncnc4c3)c2)cc1,-75.77,-836.79,-655.66,-105.36,
SOD1,CHEMBL4560005,-6.2,CC(=O)Nc1cccc(-c2ccc3ncc(-c4ccc(CO)cc4)n3n2)c1,-43.5,-512.62,-484.73,15.62,
SOD1,CHEMBL4564110,-6.2,COc1ccc(-c2cc(=O)n3nc(C)c(Cc4ccc(Cl)cc4)c3[nH]2)cc1,-57.22,-446.99,-473.01,83.24,
SOD1,CHEMBL4564630,-6.2,Clc1ccc(-c2n[nH]cc2CNCC2CN(Cc3ccccc3)CCO2)cc1,-69.44,-640.02,-698.53,127.95,
SOD1,CHEMBL4564798,-6.2,CCc1nc(Nc2ccc(C(N)=O)cc2)nc(-c2cccc(Cl)c2)n1,-37.65,-664.06,-470.95,-155.45,
SOD1,CHEMBL4565216,-6.2,COc1ccc2c(c1)c(C1=CCNCC1)cn2S(=O)(=O)c1ccc2ncccc2c1,-76.41,-577.86,-616.21,114.76,
TDP43_v2,CHEMBL4571895,-10.5,O=C(COc1ccc(-c2nc3ccccc3c(=O)[nH]2)cc1)Nc1cccc2ccccc12,-66.5,-1410.05,-1350.35,6.8,
TDP43_v2,CHEMBL4572816,-10.4,CCCn1nc(C(=O)Nc2cccc(-c3nc4ccccc4[nH]3)c2)c2ccccc2c1=O,-92.42,-1156.24,-1160.18,96.36,
TDP43_v2,CHEMBL1863982,-10.3,O=C(O)c1ccc2c3c(cccc13)C(=O)N(c1cccc3ccccc13)C2=O,-66.4,-1154.57,-1109.59,21.42,
TDP43_v2,CHEMBL4434956,-10.2,Cc1ccc(F)cc1-c1cccc(C2(c3ccccc3)N=C(N)N(C)C2=O)c1,-63.8,-1203.27,-1126.03,-13.44,
TDP43_v2,CAPMATINIB,-10.1,CNC(=O)c1ccc(-c2cnc3ncc(Cc4ccc5ncccc5c4)n3n2)cc1F,-67.17,-1034.51,-1042.96,75.63,
TDP43_v2,CHEMBL4584906,-10.1,N=C1N/C(=N/NC(=O)c2ccc(CN3C(=O)c4cccc5cccc3c45)cc2)c2ccccc21,-110.21,-1271.26,-1217.5,56.45,
TDP43_v2,CHEMBL1242810,-10.0,Cc1ccc2[nH]c(-c3ccccc3)c(/C=C/C(=C3C(=O)NC(=O)NC3=O)c3ccccc3)c2c1,-97.37,-1536.93,-1319.19,-120.37,
TDP43_v2,CHEMBL4571689,-10.0,N#Cc1ccc2c(c1)CN(CC[C@H]1CC[C@H](NC(=O)c3cc4c(F)cccc4[nH]3)CC1)CC2,-84.79,-1137.09,-1100.23,47.92,
TDP43_v2,CHEMBL4573307,-10.0,Cc1ccc(-c2cccc(C3(c4ccccc4)N=C(N)N(C)C3=O)c2)c(C)c1,-56.5,-1251.71,-1189.67,-5.55,
TDP43_v2,CHEMBL497261,-10.0,Oc1cccc2c(-c3ccc(O)c4c(O)cccc34)ccc(O)c12,-63.07,-1350.58,-1305.25,17.74,
TDP43_v2,CHEMBL515619,-10.0,O=C1Nc2ccccc2/C1=C\c1cccc2ccccc12,-39.76,-1325.73,-1312.96,27.0,
TDP43_v2,CHEMBL18657,-9.9,Cc1cc(F)ccc1-c1nc(N(C(N)=O)c2ccccc2)c2ncn(C)c2n1,-44.43,-959.27,-909.2,-5.64,
TDP43_v2,CHEMBL4568035,-9.9,Cc1ccc(C(=O)N2CCN(C(=O)c3ccc(-c4cccc5[nH]nc(N)c45)cc3)CC2)cc1,-90.5,-1211.06,-1185.06,64.5,
TDP43_v2,CHEMBL4574630,-9.9,O=C(N/N=C/c1cccc(Cl)c1)c1cc(-c2ccc3c4c(cccc24)CC3)[nH]n1,-74.58,-1109.22,-1185.67,151.02,
TDP43_v2,CHEMBL522940,-9.9,Cc1ccc(C(=O)c2cc3c(ccc4ccccc43)oc2=O)cc1,-54.84,-1368.3,-1360.88,47.41,
TDP43_v2,CHEMBL563536,-9.9,O=C(C=C1CCN(C(=O)c2cccc(F)c2)CC1)N[C@@H]1CCN(Cc2ccc3cc(F)ccc3c2)C1,-86.57,-1118.37,-1069.1,37.3,
TDP43_v2,CHEMBL25299,-9.8,O[C@H]1C=Cc2c(ccc3cc4ccc5ccccc5c4cc23)[C@@H]1O,-60.53,-1262.37,-1277.2,75.36,
TDP43_v2,CHEMBL562248,-9.8,Cc1ccc2c3c(ccc2n1)OC[C@H](CN1CC=C(c2c[nH]c4ccccc24)CC1)O3,-76.8,-986.56,-993.18,83.42,
TDP43_v2,CHEMBL1210539,-9.7,O=C(Nc1ncnc2[nH]c(-c3ccc4ccccc4c3)nc12)c1ccccc1,-74.09,-1069.16,-1021.85,26.78,
TDP43_v2,CHEMBL16254,-9.7,O=C(Nc1ccccc1)Nc1nc2ccccc2n2c(=O)n(-c3ccccc3)nc12,-90.78,-1211.44,-1076.45,-44.21,
TDP43_v2,CHEMBL18803,-9.7,Cc1cc(F)ccc1-c1nc(N(C(N)=O)c2c(F)cccc2F)c2ncn(C)c2n1,-68.64,-1095.15,-1023.52,-2.98,
TDP43_v2,CHEMBL20420,-9.7,C/N=C(\N)c1ccc(NC(=O)c2cc(C)nn2-c2cc3ccccc3cc2F)c(F)c1,-85.75,-1151.67,-1037.92,-28.0,
TDP43_v2,CHEMBL4567738,-9.7,N#Cc1c(-c2ccccc2)c2c(ccc3ccccc32)oc1=O,-46.12,-1298.21,-1275.29,23.2,
TDP43_v2,CHEMBL4568382,-9.7,NC(=O)c1cccc(-c2cn3c(-c4ccc(F)c(Cl)c4)cnc3cn2)c1,-67.37,-1034.56,-972.08,4.89,
TDP43_v2,CHEMBL4575792,-9.7,O=C(Nc1nnc(-c2ccc(F)cc2)o1)c1cccc(-c2ccccc2)c1,-55.25,-1148.92,-1095.67,2.0,
TDP43_v2,CHEMBL4637828,-9.7,O=C1CC2(C(=O)Nc3ccc(Cl)cc32)c2cnn(Cc3ccc(F)cc3)c2N1,-71.69,-1231.76,-1194.57,34.5,
TDP43_v2,CHEMBL498390,-9.7,Cc1ccc(NC(=O)c2ccnc(N3CCCC3)c2)cc1-c1ccc2cc[nH]c(=O)c2c1,-82.17,-1403.75,-1272.46,-49.12,
TDP43_v2,CHEMBL513422,-9.7,Cc1cccc(NC(=S)Nc2ccc(-c3cnc4ccnn4c3N)cc2)c1,-63.48,-1194.11,-1179.97,49.34,
TDP43_v2,CHEMBL560170,-9.7,Cc1ccc2c3c(ccc2n1)OC[C@H](CN1CCN(c2ccc4cc(C#N)ccc4n2)C[C@H]1C)O3,-67.89,-1031.63,-1099.14,135.4,
TDP43_v2,CHEMBL563303,-9.7,O=C(/C=C/C1CCN(C(=O)c2ccccc2)CC1)N[C@@H]1CCN(Cc2ccc3cc(F)ccc3c2)C1,-64.68,-964.0,-924.99,25.66,
TDP43_v2,CHEMBL1163540,-9.6,C[C@@]12CC[C@H](O)[C@@H]3COC(=C31)C(=O)c1cc3cccc(O)c3cc12,-77.25,-1261.96,-1274.67,89.96,
TDP43_v2,CHEMBL16215,-9.6,COc1ccc(NC(=O)Nc2nc3ccccc3n3c(=O)n(-c4ccccc4)nc23)cc1,-78.93,-1200.51,-1065.96,-55.62,
TDP43_v2,CHEMBL20714,-9.6,Cc1cc(C(=O)Nc2ccc(N3CCOCC3=O)cc2F)n(-c2ccc3cc(Cl)ccc3c2)n1,-89.29,-1046.85,-1012.03,54.47,
TDP43_v2,CHEMBL4584771,-9.6,O=C1c2ccccc2C(=O)N1c1ccc(S(=O)(=O)Nc2cccc3ccccc23)cc1,-88.81,-1175.73,-1083.76,-3.16,
TDP43_v2,CHEMBL523874,-9.6,Cc1ccc2oc(=O)c(C(=O)NCc3cccc4ccccc34)cc2c1,-55.31,-1345.7,-1277.54,-12.85,
TDP43_v2,CHEMBL565234,-9.6,Cc1ccc2c3c(ccc2n1)OC[C@H](CN1CCN(c2ccc4ccccc4n2)C[C@@H]1C)O3,,,,,"{""mmgbsa_dG"": null, ""error"": ""embed fallo (6 semillas) para C:\\Users\\Fredy\\masive-als\\gpu_dock\\resultados_libreria\\results_TDP43_v2\\CHEMBL565234_out.pdbqt""}"
TDP43_v2,CHEMBL8550,-9.6,CC1Cc2cc3c(cc2C(c2ccc(N)cc2)=NN1C(=O)C1CC1)OCO3,-81.61,-943.62,-928.97,66.96,
TDP43_v2,CHEMBL1354146,-9.5,O=c1oc2ccccc2c2c1ccc1ccccc12,-46.62,-1329.55,-1333.24,50.31,
TDP43_v2,CHEMBL1591882,-9.5,COc1cc2ccccc2cc1C(=O)N1CCN(c2nc3c(F)cccc3s2)CC1,-67.76,-1292.86,-1299.59,74.49,
TDP43_v2,CHEMBL1809186,-9.5,CCc1nn(-c2ccccc2)c2cc(NC(=O)c3cccc(C(=N)N)c3)ccc12,-103.46,-1137.25,-1053.56,19.78,
TDP43_v2,CHEMBL1865710,-9.5,Cc1ccc(C(O)c2nc(-c3cccc4ccccc34)c[nH]2)c(C)c1,-42.83,-1085.92,-1113.0,69.91,
TDP43_v2,CHEMBL20413,-9.5,Cc1cc(C(=O)Nc2ccc(N3CCNCCC3=O)cc2)n(-c2ccc3cc(Cl)ccc3c2)n1,-83.6,-1550.3,-1479.06,12.36,
TDP43_v2,CHEMBL20673,-9.5,CN1CCN=C1c1ccc(NC(=O)c2nnnn2-c2cc3ccccc3cc2F)c(F)c1,-65.24,-1045.98,-1004.66,23.93,
TDP43_v2,CHEMBL4434821,-9.5,O=C(O)c1cc(-c2ccc(C3CCNCC3)cc2)cc(-n2cc(-c3cccc(O)c3)nn2)c1,-82.84,-1106.91,-1045.11,21.05,
TDP43_v2,CHEMBL4567907,-9.5,N#CC1=C(N)Oc2c(ccc3ccccc23)C1c1ccc(C#N)cc1,-56.34,-1134.8,-1122.06,43.6,
TDP43_v2,CHEMBL498391,-9.5,Cc1ccc(NC(=O)c2ccc(CN3CCN(C)CC3)cc2)cc1-c1ccc2cc[nH]c(=O)c2c1,-81.75,-1094.29,-1097.94,85.41,
TDP43_v2,CHEMBL519040,-9.5,O=C(Nc1c(O)cccc1-c1nc2c(C(=O)O)cccc2o1)c1cc(-c2ccccc2)on1,-92.82,-1127.39,-1048.06,13.49,
TDP43_v2,CHEMBL520458,-9.5,O=C1NC(=O)c2ccc(-c3cccc(O)c3)cc2/C1=C/Nc1ccc(CN2CCCCC2)cc1,-81.97,-1042.64,-936.03,-24.64,
TDP43_v2,CHEMBL523297,-9.5,O=C1Oc2ccc3ccccc3c2CC1C(=O)c1ccc(C(F)(F)F)cc1,-61.8,-1320.47,-1295.39,36.73,
TDP43_v2,CHEMBL557003,-9.5,O=C1/C(=N\O)c2c(-c3cccc(F)c3)cccc2N1Cc1cc(F)cc2c1OCOC2,-69.27,-998.93,-972.26,42.6,
TDP43_v2,CHEMBL564268,-9.5,NC(=O)c1cnn2c(-c3cccc(NC(=O)c4cccc(C(F)(F)F)c4)c3)ccnc12,-90.75,-1154.51,-1096.56,32.8,
TDP43_v2,CHEMBL1210803,-9.4,c1ccc2c(c1)CCCN2c1nc(N2CCOCC2)nc(N2CCCc3ccccc32)n1,,,,,"{""mmgbsa_dG"": null, ""error"": ""embed fallo (6 semillas) para C:\\Users\\Fredy\\masive-als\\gpu_dock\\resultados_libreria\\results_TDP43_v2\\CHEMBL1210803_out.pdbqt""}"
TDP43_v2,CHEMBL24244,-9.4,O[C@H]1[C@H]2O[C@H]2c2c(ccc3cc4ccc5ccccc5c4cc23)[C@@H]1O,-43.88,-1081.31,-1143.14,105.71,
TDP43_v2,CHEMBL4530022,-9.4,Cc1cc(C(=O)/C=C/c2cccc3[nH]ccc23)c2ccccc2n1,-39.02,-1046.47,-1059.79,52.34,
TDP43_v2,CHEMBL4532246,-9.4,C/C=C1/C(=O)C(O)=C2c3ccc4ccc(O)cc4c3CC[C@@]21C,-55.37,-1181.87,-1167.19,40.69,
TDP43_v2,CHEMBL4574116,-9.4,Cc1cc(C)cc(NC(=O)Cn2nc3c4cc(-c5ccc(Cl)cc5)nn4ccn3c2=O)c1,-56.56,-986.08,-907.17,-22.35,
TDP43_v2,CHEMBL4581775,-9.4,CC(=O)N1CCN(c2nccc3c(-c4ccc5c(c4)CC(=O)N5)c(-c4ccc(F)cc4)nn23)CC1,-81.06,-942.88,-1005.64,143.82,
TDP43_v2,CHEMBL4584649,-9.4,c1coc(-c2cc(-c3cccc4ccccc34)nc3nncn23)c1,-45.4,-1391.76,-1392.36,46.0,
TDP43_v2,CHEMBL500144,-9.4,CC1=C(O)c2c(oc(-c3cccc4ccccc34)cc2=O)C(C)(C)C1=O,-45.39,-1090.47,-1064.91,19.83,
TDP43_v2,CHEMBL514105,-9.4,Cc1c2c(c3oc4cc(=O)c(C)c5c-4c(c3c1O)O[C@H](C)[C@H]5C)O[C@H](C)[C@H]2C,-72.21,-1158.48,-1114.33,28.06,
TDP43_v2,CHEMBL521804,-9.4,O=C(c1ccccc1[N+](=O)[O-])c1cc2c(ccc3ccccc32)oc1=O,-63.13,-1003.81,-995.86,55.18,
TDP43_v2,CHEMBL524137,-9.4,O=C(c1cccc(F)c1)c1cc2c(ccc3ccccc32)oc1=O,-47.18,-950.47,-936.91,33.62,
TDP43_v2,CHEMBL556916,-9.4,O=C(C=C1CCN(C(=O)c2cccc(O)c2)CC1)N[C@@H]1CCN(Cc2ccc3cc(F)ccc3c2)C1,-71.17,-1116.25,-1076.55,31.47,
TDP43_v2,CHEMBL557208,-9.4,Cc1ccc(NC(=O)CN2C(=O)NC(C)(c3ccc4ccccc4c3)C2=O)c(O)c1,-66.36,-1167.33,-1055.44,-45.53,
TDP43_v2,CHEMBL560320,-9.4,O=C(Oc1ccc(-c2ccc(F)cc2F)cc1C(=O)N1CCOCC1)c1ccccc1,-48.44,-1238.45,-1283.12,93.1,
TDP43_v2,CHEMBL563019,-9.4,O=C(N[C@@H]1CCN(Cc2ccc3cc(F)ccc3c2)C1)NS(=O)(=O)c1ccccc1,-86.29,-1347.67,-1114.91,-146.46,
TDP43_v2,CHEMBL564411,-9.4,Cn1cc(C2(c3cn(C)c4ccccc34)C(=O)Nc3ccccc32)c2ccccc21,-64.33,-863.51,-924.53,125.36,
TDP43_v2,MEFLOQUINE,-9.4,OC(c1cc(C(F)(F)F)nc2c(C(F)(F)F)cccc12)C1CCCCN1,-64.79,-1067.75,-1141.13,138.18,
TDP43_v2,CHEMBL11533,-9.3,O=C(/C=C/c1cccc(OCc2ccc3ccccc3n2)c1)c1cc(-c2nn[nH]n2)ccc1O,-91.08,-1272.89,-1255.25,73.45,
TDP43_v2,CHEMBL11899,-9.3,O=C(/C=C/c1ccc(OCc2ccc3ccccc3n2)cc1)c1cc(-c2nn[nH]n2)ccc1O,-96.91,-861.45,-848.74,84.2,
TDP43_v2,CHEMBL1210515,-9.3,O=C(Cn1nc(C2CCCCC2)cc(Cc2ccco2)c1=O)NC1Cc2ccccc2C1,-90.99,-1213.42,-1212.09,89.67,
TDP43_v2,CHEMBL1210643,-9.3,O=C(Cc1nc(-c2ccc3c(c2)OCO3)c2ccccc2n1)NC1Cc2ccccc2C1,-78.12,-1318.22,-1259.0,18.9,
TDP43_v2,CHEMBL14089,-9.3,CN1C[C@H](C(=O)Nc2ccc(Cl)nn2)C[C@@H]2c3ccc(C(C)(C)C)c4[nH]cc(c34)C[C@H]21,-70.61,-1112.01,-1062.3,20.89,
TDP43_v2,CHEMBL1592725,-9.3,Cc1ccc(NC(=O)Cn2nc(N3CCN(c4ccccc4)CC3)ccc2=O)cc1F,-66.08,-1110.69,-1115.66,71.06,
TDP43_v2,CHEMBL18189,-9.3,Cc1ccc(-c2nc(N(C(N)=O)c3c(F)cccc3F)c3ncn(C)c3n2)cc1,-68.25,-995.32,-923.28,-3.79,
TDP43_v2,CHEMBL1863533,-9.3,Cc1ccc(-c2nc3nc(C)cc(N4CCN(c5cc(Cl)ccc5C)CC4)n3n2)cc1,-55.66,-1087.87,-1205.79,173.59,
TDP43_v2,CHEMBL1863708,-9.3,CC1(C(=O)Nc2cccc(C(F)(F)F)c2)Cc2c(-c3ccc4c(c3)OCO4)ccnc2O1,-75.58,-1169.04,-1134.49,41.03,
TDP43_v2,CHEMBL4434725,-9.3,O=c1cc(Cn2cc(CSc3nc4ccccc4[nH]3)nn2)c2ccc3ccccc3c2o1,-76.91,-1123.81,-1098.18,51.28,
TDP43_v2,CHEMBL4435568,-9.3,CC1(Cc2ccccc2)C(=O)Nc2ccc(-c3ccnc4cnccc34)cc21,-49.82,-1125.46,-1120.49,44.84,
TDP43_v2,CHEMBL4436028,-9.3,O=C1Cc2cc(-c3c(-c4ccc(F)cc4)nn4c(N5CCC(O)CC5)nccc34)ccc2N1,-84.03,-922.46,-927.25,88.83,
TDP43_v2,CHEMBL4531084,-9.3,Cc1ccc(-c2cc3c4nn(CC(=O)Nc5cccc(C)c5C)c(=O)n4ccn3n2)cc1C,-69.73,-995.15,-917.64,-7.78,
TDP43_v2,CHEMBL4532868,-9.3,Fc1ccc(N2CCCn3nc(N[C@@H]4[C@@H]5CC[C@H]4CN(c4ccnc(Cl)c4)C5)nc32)cc1F,-75.41,-1304.83,-1128.33,-101.1,
TDP43_v2,CHEMBL4533771,-9.3,Cc1ccc(-c2cc3c4nn(CC(=O)Nc5ccc(F)cc5Cl)c(=O)n4ccn3n2)cc1,-78.89,-1208.81,-1114.32,-15.6,
TDP43_v2,CHEMBL4534171,-9.3,Cc1c(CCN2CCN(CCc3ccc4c(c3C)COC4=O)CC2)ccc2c1COC2=O,-71.06,-1020.06,-1112.06,163.05,
TDP43_v2,CHEMBL4534757,-9.3,Cc1cc(C)cc(Nc2nc(C)cc3nn(CC(=O)Nc4ccc(Cl)cc4)c(=O)n23)c1,-52.35,-1371.99,-1227.64,-92.0,
TDP43_v2,CHEMBL4543398,-9.3,CC(C)c1cccc(-c2ccc3nnc(-c4ccc5c(c4)NC(=O)CO5)n3c2)c1,-85.19,-1042.46,-1022.6,65.33,
TDP43_v2,CHEMBL4553657,-9.3,CC(c1cc2cccnc2cc1F)n1cnc2ncc(-c3ccncc3)nc21,-57.07,-1412.52,-1424.42,68.97,
TDP43_v2,CHEMBL4567661,-9.3,Nc1ncc(-c2ccc(C(=O)C(F)(F)F)cc2)nc1-c1ccc2c(c1)CCNC2=O,-76.44,-1206.6,-1273.72,143.57,
TDP43_v2,CHEMBL4581818,-9.3,CNC(=O)c1ccc(/C=C/C(=O)c2ccc3c4c(cccc24)CC3)cc1,-68.22,-1124.02,-1107.86,52.06,
TDP43_v2,CHEMBL4584800,-9.3,Cc1ccccc1-c1ccc2nc(N)c(CCC(=O)NC[C@@]34CCCO[C@@H]3CCOC4)cc2c1,-100.84,-1039.27,-855.55,-82.88,
TDP43_v2,CHEMBL4636075,-9.3,O=C1NC(=O)C(c2ccccc2)=C1Nc1ccc(C(=O)Nc2ccccc2)cc1,-82.6,-1063.37,-967.35,-13.42,
TDP43_v2,CHEMBL4637418,-9.3,O=c1[nH]c2ccccc2c2n[nH]c(-c3cn(-c4ccccc4)nc3-c3ccccc3)c12,-61.04,-829.01,-802.68,34.71,
TDP43_v2,CHEMBL500662,-9.3,O=c1nc(-c2ccc3[nH]ncc3c2)cc(-c2cccc(OCc3ccccc3)c2)[nH]1,-76.38,-1327.75,-1241.49,-9.88,
TDP43_v2,CHEMBL508203,-9.3,O=C(NCc1ccccc1)Nc1nc2ccccc2n2c(=O)n(-c3ccccc3)nc12,-75.53,-1152.07,-1006.69,-69.85,
TDP43_v2,CHEMBL514994,-9.3,O=C([C@@H]1CCc2c(Cl)cc(OCc3ccc4ccccc4c3)c(=O)n21)N1CCCC1,-61.59,-1178.32,-1175.31,58.59,
TDP43_v2,CHEMBL517876,-9.3,Cc1ccccc1/C=C1\CN(C)C[C@@]2(C1=O)[C@@H](c1ccccc1C)CN(C)[C@@]21C(=O)Nc2ccccc21,-58.12,-835.65,-821.14,43.6,
TDP43_v2,CHEMBL521051,-9.3,O=C1NC(=O)c2c1c(-c1ccccc1)cc1c2c2cc(O)ccc2n1CCN1CCOCC1,-85.59,-1283.12,-1272.66,75.12,
TDP43_v2,CHEMBL558480,-9.3,O=C1C2ON=C(c3cn(-c4ccccc4)nc3-c3ccc(Cl)cc3)C2C(=O)N1c1ccccc1,-72.38,-1065.88,-953.01,-40.5,
TDP43_v2,CHEMBL560348,-9.3,Cn1c2c(c(=O)n(C)c1=O)C(c1cc(F)cc(F)c1F)C1=C(N2)c2ccccc2C1=O,-62.53,-1158.85,-954.55,-141.78,
TDP43_v2,CHEMBL561445,-9.3,N#Cc1cnn2c(-c3cccc(NC(=O)c4cccc(C(F)(F)F)c4)c3)ccnc12,-60.35,-1307.58,-1324.1,76.88,
TDP43_v2,CHEMBL562923,-9.3,O=C(C=C1CCN(C(=O)c2ccc(O)cc2)CC1)N[C@@H]1CCN(Cc2ccc3cc(F)ccc3c2)C1,-64.92,-1165.63,-1138.16,37.45,
TDP43_v2,CHEMBL565043,-9.3,CN1CCN(C(=O)c2cc(-c3ccc(F)cc3F)ccc2OC(=O)c2ccccc2)CC1,-63.38,-1073.16,-1119.54,109.76,
TDP43_v2,CHEMBL565857,-9.3,Cc1[nH]c2ccccc2c1C(=O)C(=O)Nc1cccc2c(O)cccc12,-71.26,-1093.56,-1130.15,107.86,
TDP43_v2,CHEMBL565988,-9.3,Cc1ccc(Cn2ccc3cccc(/C=C/C(=O)NS(=O)(=O)c4cccs4)c32)cc1C,-104.72,-1212.59,-1040.2,-67.67,
TDP43_v2,CHEMBL566219,-9.3,c1ccc2cc(Cc3nc4c(N5CCNCC5)cccc4[nH]3)ccc2c1,-49.29,-780.03,-897.68,166.95,
TDP43_v2,CHEMBL1210874,-9.2,Cc1ccc(NC(=O)CN2CCN(c3nnc(Cc4ccccc4)c4ccccc34)CC2)c(C)c1,,,,,"{""mmgbsa_dG"": null, ""error"": ""embed fallo (6 semillas) para C:\\Users\\Fredy\\masive-als\\gpu_dock\\resultados_libreria\\results_TDP43_v2\\CHEMBL1210874_out.pdbqt""}"
TDP43_v2,CHEMBL1243011,-9.2,O=C(Cc1ccccc1)NC1CCN(CCCN2C(=O)CCc3c(F)cccc32)CC1,-70.4,-1313.31,-1235.57,-7.34,
TDP43_v2,CHEMBL1451971,-9.2,O=c1c2ccccc2nc(/C=C/c2ccc(F)cc2)n1-c1ccccc1O,-59.01,-1004.25,-944.91,-0.33,
TDP43_v2,CHEMBL18210,-9.2,Cn1cnc2c(N(C(N)=O)c3c(F)cccc3F)nc(-c3cc(F)cc(F)c3)nc21,-68.21,-1062.72,-965.19,-29.32,
TDP43_v2,CHEMBL1862076,-9.2,C#CC1(NCc2coc(-c3cccc4ccccc34)n2)CCCCC1,-44.5,-1113.89,-1130.52,61.13,
TDP43_v2,CHEMBL1863929,-9.2,Cc1ccc(C)c(S(=O)(=O)Nc2cccc3ccccc23)c1,-56.97,-1065.36,-1001.34,-7.05,
TDP43_v2,CHEMBL19348,-9.2,Oc1nc2c(C(F)(F)F)cc(C#CCN3CCC(Cc4ccc(F)cc4)CC3)cc2[nH]1,-61.75,-1197.76,-1133.98,-2.03,
TDP43_v2,CHEMBL20872,-9.2,O=C1Nc2ccccc2C(c2ccccc2F)=NC1Cc1c[nH]c2cc(F)ccc12,-70.52,-959.64,-988.43,99.3,
TDP43_v2,CHEMBL23374,-9.2,Cc1c(CCc2cccc3ccccc23)cnc2nc(N)nc(N)c12,-72.03,-1290.89,-1066.09,-152.78,
TDP43_v2,CHEMBL23867,-9.2,Cc1c(CNc2cccc3ccccc23)cnc2nc(N)nc(N)c12,-69.73,-1296.88,-1054.13,-173.02,
TDP43_v2,CHEMBL27388,-9.2,O=C(c1cccc2ccccc12)c1cn2c3c(cccc13)OCC2CN1CCOCC1,-47.3,-737.01,-830.45,140.74,
TDP43_v2,CHEMBL3309444,-9.2,NS(=O)(=O)c1ccc(N2N=C(C(F)(F)F)CC2c2ccc3ccccc3c2)cc1,-51.52,-972.06,-928.19,7.65,
TDP43_v2,CHEMBL4436017,-9.2,N#Cc1ccc2c(c1)CN(CC[C@H]1CC[C@H](NC(=O)c3cc4ccc(F)cc4[nH]3)CC1)CC2,-82.4,-1272.77,-1224.79,34.42,
TDP43_v2,CHEMBL4529457,-9.2,O=C(Cn1c(=O)oc2ccccc21)c1cccc2ccccc12,-53.0,-920.75,-906.25,38.5,
TDP43_v2,CHEMBL4530028,-9.2,Fc1ccc(-c2nc(Cc3c[nH]c4ccccc34)no2)c(C(F)(F)F)c1,-61.97,-1330.03,-1319.02,50.96,
TDP43_v2,CHEMBL4533979,-9.2,Cc1ccc(C)c(NC(=O)Cn2nc3cc(C)nc(Nc4ccc(F)cc4)n3c2=O)c1,-57.27,-1425.8,-1278.01,-90.52,
TDP43_v2,CHEMBL4570672,-9.2,CCN1C(=O)N(C2Cc3ccccc3C2)C(=O)C12CCN(Cc1cc3ccccc3[nH]1)CC2,-71.9,-1019.25,-934.19,-13.16,
TDP43_v2,CHEMBL4570674,-9.2,CN(Cc1ccc2c(c1)OCCO2)C(=O)c1ccc(NC(=O)C23CC4CC(CC(C4)C2)C3)cc1,-85.87,-1235.39,-1184.23,34.71,
TDP43_v2,CHEMBL4573521,-9.2,C#Cc1ccc(-n2c(/C=C/c3ccc(O)cc3)nc3ccccc3c2=O)cc1,-80.15,-1024.38,-929.12,-15.11,
TDP43_v2,CHEMBL4574977,-9.2,O=C1N[C@H](c2cncc(C#Cc3ccccc3)c2)[C@@H](c2ccc(F)cc2F)O1,-64.66,-1241.77,-1158.12,-19.0,
TDP43_v2,CHEMBL4583640,-9.2,O=C(c1cc(-c2cccc3ccccc23)nc2ccccc12)N1CCN(c2ncccn2)CC1,-66.49,-1028.91,-954.66,-7.76,
TDP43_v2,CHEMBL4585306,-9.2,Cc1cccc2c(Cc3cc4ccccc4[nH]3)c[nH]c12,-44.52,-1070.51,-1082.62,56.63,
TDP43_v2,CHEMBL4585441,-9.2,Cc1cc(CNC(=O)c2cc(Cn3ccn(C)c3=N)cc(-c3ccc(F)cc3C)c2)ccc1F,-46.76,-1257.58,-1171.24,-39.58,
TDP43_v2,CHEMBL4635552,-9.2,O=C1CCN(C(=O)c2cc(Cc3n[nH]c(=O)c4ccccc34)ccc2F)CC1,-74.66,-989.45,-955.24,40.45,
TDP43_v2,CHEMBL4637410,-9.2,O=C1CC2(C(=O)Nc3ccc(Cl)cc32)c2c(C3CC3)nn(Cc3ccc(Cl)cc3)c2N1,-75.94,-1084.38,-1027.98,19.53,
TDP43_v2,CHEMBL4637658,-9.2,O=C(Nc1cccc(Cl)c1)C1CCN(C(=O)c2ccc3ccccc3c2)CC1,-75.32,-1329.38,-1247.76,-6.3,
TDP43_v2,CHEMBL4637935,-9.2,CC(=O)N1CCN(Cc2ccc3oc(-c4cccc(-c5ccccc5)c4)cc(=O)c3c2)CC1,-60.29,-725.14,-751.35,86.51,
TDP43_v2,CHEMBL4638060,-9.2,O=C1NCSC1Cc1ccc(OCCn2nc(-c3ccccc3)c3ccccc3c2=O)cc1,-102.7,-1282.37,-1241.41,61.74,
TDP43_v2,CHEMBL4639614,-9.2,O=C1CSC(N/N=C/c2ccc3ccc4cccc5ccc2c3c45)=N1,-52.26,-1197.35,-1177.58,32.49,
TDP43_v2,CHEMBL510455,-9.2,Cc1cc2c(cc1Cl)SC(C(=O)c1ccc3ccccc3c1)NS2(=O)=O,-52.36,-1390.69,-1300.58,-37.76,
TDP43_v2,CHEMBL511318,-9.2,Cc1ccc(C(=O)C2Cc3c(ccc4ccccc34)OC2=O)cc1,-45.02,-1184.72,-1143.47,3.76,
TDP43_v2,CHEMBL514503,-9.2,Nc1ccc(-c2ccc(F)cc2)cc1NC(=O)c1ccc(C(=O)N2CCC3(CCCN3)CC2)cc1,-66.92,-709.09,-693.0,50.84,
TDP43_v2,CHEMBL517101,-9.2,O=C(Nc1nnc(CCS(=O)(=O)c2ccc3ccccc3c2)s1)c1ccccc1,-73.27,-1362.21,-1286.98,-1.96,
TDP43_v2,CHEMBL518650,-9.2,O=S1(=O)N=C(c2nc(Cc3ccc(F)cc3)c3ccccc3c2O)c2cccc(Cl)c21,-55.21,-774.24,-805.45,86.42,
TDP43_v2,CHEMBL519508,-9.2,CCOC(=O)c1c(Cc2cccc(F)c2)[nH]c2c1cc(O)c1ccccc12,-62.0,-1383.76,-1369.86,48.1,
TDP43_v2,CHEMBL520812,-9.2,Cc1cc(C)cc(C2C3=C(COC3=O)Nc3cc4c(cc32)OCO4)c1,-56.22,-890.74,-842.15,7.63,
TDP43_v2,CHEMBL521873,-9.2,Cc1ccc2c(N3CCN(CCc4ccc5c(c4)NC(=O)CO5)[C@H](C)C3)cccc2n1,-58.49,-1047.14,-1147.93,159.28,
TDP43_v2,CHEMBL560179,-9.2,Cc1ccccc1C(=O)N[C@H](C)c1cccc2ccccc12,-52.44,-1028.65,-986.13,9.92,
TDP43_v2,CHEMBL563421,-9.2,Cc1cccc(-c2nc(Nc3cccc(C(N)=O)c3)c3ccccc3n2)n1,-98.34,-975.8,-870.26,-7.2,
TDP43_v2,CHEMBL566242,-9.2,COc1cnc2c(NCc3nnc4ccc(-c5ccc(F)c(F)c5)nn34)ccnc2c1,-81.59,-1065.15,-1085.63,102.06,
TDP43_v2,NOMEGESTROL ACETATE,-9.2,CC(=O)O[C@]1(C(C)=O)CC[C@H]2[C@@H]3C=C(C)C4=CC(=O)CC[C@@H]4[C@H]3CC[C@@]21C,-50.4,-1111.54,-1129.2,68.06,
TDP43_v2,CHEMBL11131,-9.1,O=C1OC(O)(c2ccccc2)C(Cc2ccccc2)=C1c1ccc2c(c1)OCO2,-75.15,-1445.76,-1352.0,-18.62,
TDP43_v2,CHEMBL1210640,-9.1,O=C(Cn1nc(C2CCC(F)(F)CC2)c2ccccc2c1=O)NCCOc1ccccc1,-78.12,-1107.09,-1110.34,81.37,
TDP43_v2,CHEMBL1210767,-9.1,O=C(Nc1ccc(F)c(F)c1)N1CCC2(CC1)C(=O)N(c1cccc(Cl)c1)C2c1cccc[n+]1[O-],-59.41,-857.18,-755.56,-42.21,
TDP43_v2,CHEMBL14048,-9.1,CN1C[C@H](CNC(=O)c2ccccc2)C[C@@H]2c3cccc4[nH]cc(c34)C[C@H]21,-65.12,-1272.91,-1250.4,42.6,
TDP43_v2,CHEMBL16795,-9.1,Cn1c2ccccc2c2c3c(c(-c4ccccc4)cc21)CNC3=O,-74.55,-1322.61,-1284.49,36.43,
TDP43_v2,CHEMBL1708737,-9.1,O=c1c2ccccc2nc(/C=C/c2ccccc2)n1-c1ccccc1O,-56.44,-964.41,-911.12,3.14,
TDP43_v2,CHEMBL1859341,-9.1,Cc1ccccc1-c1nc(CN2CCN(c3cccc(C(F)(F)F)c3)CC2)co1,-47.31,-1045.07,-1160.87,163.11,
TDP43_v2,CHEMBL1865158,-9.1,O=C1CCCc2cc3c(ccc4ccccc43)cc21,-30.99,-1276.9,-1287.33,41.41,
TDP43_v2,CHEMBL19270,-9.1,O=S1(=O)c2cccc3cccc(c23)N1CCN1CCC(Cc2cc3cc(F)ccc3[nH]2)CC1,-67.13,-1110.62,-1103.16,59.67,
TDP43_v2,CHEMBL23584,-9.1,Cc1c(CSc2cccc3ccccc23)cnc2nc(N)nc(N)c12,-76.77,-1188.75,-951.64,-160.34,
TDP43_v2,CHEMBL3310193,-9.1,c1ccc(-c2cc3nccc(-c4ccc5c(c4)CCCC5)n3n2)cc1,-42.2,-1210.93,-1232.26,63.53,
TDP43_v2,CHEMBL4435239,-9.1,O=C1c2cccc3cccc(c23)C(=O)N1CCc1n[nH]c(=S)n1-c1ccccc1,-66.03,-1186.73,-1113.97,-6.73,
TDP43_v2,CHEMBL4530518,-9.1,NC(=O)c1cccc(-c2ccc3ncc(-c4cccs4)n3n2)c1,-72.32,-1141.39,-1095.91,26.84,
TDP43_v2,CHEMBL4531945,-9.1,Cc1cc(O)c(=O)c(O)cc1C(=O)c1cccc(-c2cccc3ccccc23)c1,-64.25,-949.43,-1026.24,141.07,
TDP43_v2,CHEMBL4532886,-9.1,O=c1cc(-c2cccc(N3CCOCC3)c2)oc2c1ccc1ccccc12,-59.0,-996.85,-1026.99,89.14,
TDP43_v2,CHEMBL4534610,-9.1,O=C(Nc1ccccc1)c1cc(C(=O)Nc2nc3ccccc3[nH]2)cc([N+](=O)[O-])c1,-88.52,-1135.36,-1063.16,16.32,
TDP43_v2,CHEMBL4566557,-9.1,CC(=O)Nc1nc(C)c(-c2cn(S(=O)(=O)c3cccc4ccccc34)c3ccccc23)[nH]1,-52.41,-884.77,-897.99,65.63,
TDP43_v2,CHEMBL4568740,-9.1,Cn1c(SCc2ccc(C(=O)Nc3ccccc3N)cc2)nc2cc(F)ccc2c1=O,-85.67,-1461.12,-1320.43,-55.02,
TDP43_v2,CHEMBL4569434,-9.1,Cc1cc2nn(CC(=O)Nc3cc(F)ccc3C)c(=O)n2c(Nc2ccc(F)c(C)c2)n1,-52.28,-1127.3,-979.47,-95.55,
TDP43_v2,CHEMBL4570860,-9.1,Cc1cccc(CNC(=O)c2cc(Cn3ccn(C)c3=N)cc(-c3ccc(F)cc3C)c2)c1,-50.86,-1246.09,-1158.21,-37.01,
TDP43_v2,CHEMBL4581371,-9.1,Cc1c(C(=O)N(C)Cc2ccc3ncccc3c2)cnn1-c1nc2c(c(=O)[nH]1)CCC2,-58.71,-1160.35,-1113.5,11.86,
TDP43_v2,CHEMBL4581905,-9.1,N#Cc1ccc2cc3c(=O)[nH]c(=O)nc-3n(-c3ccc4c(c3)OC(F)(F)O4)c2c1,-83.15,-1211.38,-997.51,-130.73,
TDP43_v2,CHEMBL4637341,-9.1,Cc1cccc(-c2nn(CC(=O)Nc3cccc(C#N)c3)cc2-c2ccnc3ccccc23)n1,-68.54,-1130.48,-1126.47,64.53,
TDP43_v2,CHEMBL4638498,-9.1,O=[N+]([O-])c1cccc(-c2nnnn2-c2ccc(-c3nc4ccccc4o3)cc2)c1,-69.25,-1191.67,-1236.97,114.55,
TDP43_v2,CHEMBL496562,-9.1,O=c1cc(O)c2ccc3c(c2o1)[C@@H](O)[C@@H](O)C1(O3)C2CC3CC(C2)CC1C3,-78.39,-1144.74,-1137.37,71.02,
TDP43_v2,CHEMBL502005,-9.1,O=C(Nc1nc2ccccc2n2c(=O)n(-c3ccccc3)nc12)c1ccncc1,-78.05,-1004.24,-930.18,3.99,
TDP43_v2,CHEMBL513763,-9.1,O=c1oc2ccc3ccccc3c2cc1Cc1ccccc1,-46.87,-963.73,-952.78,35.92,
TDP43_v2,CHEMBL514266,-9.1,O=C(c1ccccc1)c1ccc2n1CCC2C(=O)NCc1c[nH]c2ccccc12,-79.51,-1053.76,-1042.76,68.5,
TDP43_v2,CHEMBL519126,-9.1,Nc1nc(N)c2c(ccc3c2ccn3Cc2ccccc2C(F)(F)F)n1,-81.01,-1135.11,-965.52,-88.58,
TDP43_v2,CHEMBL521548,-9.1,Cc1ccc(NC(=O)c2ccnc(N3CCCC3)c2)cc1-c1ccc2nc(N)[nH]c(=O)c2c1,-127.0,-1700.0,-1395.91,-177.08,
TDP43_v2,CHEMBL524898,-9.1,Cc1cccc(N(C)c2cc(N3CCN(C(=O)Cc4c[nH]c5ccccc45)CC3)ncn2)c1,-86.65,-1148.57,-1061.36,-0.57,
TDP43_v2,CHEMBL527647,-9.1,O=C([C@@H]1C[C@H](Nc2cccc3ccccc23)CN1)N1Cc2ccccc2C1,-55.85,-1168.42,-1196.3,83.72,
TDP43_v2,CHEMBL557910,-9.1,O=C(NC(=O)c1ccccc1)NC1c2ccccc2-c2ccccc21,-56.41,-1209.27,-1069.17,-83.69,
TDP43_v2,CHEMBL557936,-9.1,O=C(Cc1ccccc1)NC1CCN(Cc2ccc3cc(F)ccc3c2)CC1,-50.12,-1258.27,-1218.03,9.88,
TDP43_v2,CHEMBL560022,-9.1,O=C1C2ON=C(c3cn(-c4ccccc4)nc3-c3ccccc3)C2C(=O)N1c1ccccc1,-70.41,-1164.61,-1054.0,-40.19,
TDP43_v2,CHEMBL560198,-9.1,O=C(/C=C/c1ccccc1)N[C@@H]1CCN(Cc2ccc3cc(F)ccc3c2)C1,-61.28,-1335.49,-1286.62,12.41,
TDP43_v2,CHEMBL564040,-9.1,Cn1c2c(c(=O)n(C)c1=O)C(c1cc(F)cc(F)c1)C1=C(N2)c2ccccc2C1=O,-60.8,-1134.39,-927.18,-146.41,
TDP43_v2,CHEMBL565843,-9.1,COc1cnc2c(NCc3nnc4ccc(-c5cc(F)c(F)c(F)c5)nn34)ccnc2c1,-86.57,-1062.79,-1079.83,103.61,
TDP43_v2,CHEMBL9250,-9.1,O=C1c2ccccc2CCCN1CCN1CCC(n2c(=O)oc3cc(F)ccc32)CC1,-64.03,-1279.24,-1251.28,36.07,
TDP43_v2,CHEMBL1210718,-9.0,CCCNC1COCCN1c1nc(N2CCCc3ccccc32)nc(N2CCCc3ccccc32)n1,-67.87,-1262.15,-932.36,-261.92,
TDP43_v2,CHEMBL13816,-9.0,CN1C[C@H](CNC(=O)OCc2ccccc2)C[C@@H]2c3cccc4[nH]cc(c34)C[C@H]21,-71.53,-1222.2,-1145.74,-4.94,
TDP43_v2,CHEMBL13979,-9.0,CN1C[C@H](C(=O)Nc2ccc(Cl)nn2)C[C@@H]2c3cccc4[nH]cc(c34)C[C@H]21,-54.52,-1031.48,-987.07,10.11,
TDP43_v2,CHEMBL18564,-9.0,c1cc(OCc2cccc(-c3nn[nH]n3)c2)cc(OCc2ccc3ccccc3n2)c1,-90.45,-1211.52,-1198.61,77.54,
TDP43_v2,CHEMBL1858494,-9.0,Cc1ccc(Oc2cc(/C(=N/O)N3CCN(c4ccc(F)cc4)CC3)ccn2)c2c1CCC2,,,,,"{""mmgbsa_dG"": null, ""error"": ""embed fallo (6 semillas) para C:\\Users\\Fredy\\masive-als\\gpu_dock\\resultados_libreria\\results_TDP43_v2\\CHEMBL1858494_out.pdbqt""}"
TDP43_v2,CHEMBL1864215,-9.0,CC(=O)c1cccc(-c2ccnc3c2CC(C(=O)N2CCN(C)CC2)O3)c1,-66.03,-1047.55,-1068.12,86.61,
TDP43_v2,CHEMBL2134798,-9.0,CC(=O)c1cccc(NC(=O)C2Cc3c(-c4cccc(F)c4)ccnc3O2)c1,-67.86,-1149.26,-1093.33,11.94,
TDP43_v2,CHEMBL2135253,-9.0,CC(=O)c1cccc(NC(=O)C2Cc3c(-c4ccc(Cl)cc4)ccnc3O2)c1,-61.62,-1272.06,-1228.54,18.11,
TDP43_v2,CHEMBL2361580,-9.0,CC1(C(=O)Nc2cccc3c2CCCC3)CCN1C(=O)c1cccc(F)c1,-67.28,-1278.91,-1271.46,59.84,
TDP43_v2,CHEMBL24898,-9.0,COc1ccc(Cc2cc(C3CCN(C(=O)c4ccc(Cl)c(Cl)c4)CC3)nc(N)n2)cc1,-68.66,-1154.24,-993.17,-92.41,
TDP43_v2,CHEMBL28471,-9.0,Cc1ccc(/C=C2\CCCc3ccccc3C2=O)cc1,-47.45,-1139.8,-1145.07,52.72,
TDP43_v2,CHEMBL4435911,-9.0,C[C@@H](NC(=O)N1C(=O)C[C@H]1Sc1c(F)c(F)c(F)c(F)c1F)c1ccccc1,,,,,"{""mmgbsa_dG"": null, ""error"": ""embed fallo (6 semillas) para C:\\Users\\Fredy\\masive-als\\gpu_dock\\resultados_libreria\\results_TDP43_v2\\CHEMBL4435911_out.pdbqt""}"
TDP43_v2,CHEMBL4529563,-9.0,N#Cc1ccc(CN2CCN(c3ccc(-c4nc5ccccc5[nH]4)cn3)CC2)cc1,-61.82,-999.75,-1036.34,98.41,
TDP43_v2,CHEMBL4530227,-9.0,O=C(c1ccc(Cl)cc1)N1CCCC(C(=O)N2CCN(Cc3ccc4c(c3)CCO4)CC2)C1,-82.11,-1073.04,-1073.36,82.42,
TDP43_v2,CHEMBL4531109,-9.0,O=C1Nc2ccccc2N/C1=C\C(=O)c1cccc2ccccc12,-39.89,-1081.9,-1082.56,40.55,
TDP43_v2,CHEMBL4532334,-9.0,O=C(/C=C/c1ccc2ccccc2n1)N1CCCC(c2nc3ccccc3[nH]2)C1,-64.48,-1159.27,-1105.95,11.17,
TDP43_v2,CHEMBL4532846,-9.0,Cc1ccc(NCc2ccnn2-c2nnc(N3CCC(C(=O)NC4CCCCC4C)CC3)s2)cc1,-72.51,-1134.79,-1062.23,-0.04,
TDP43_v2,CHEMBL4533171,-9.0,CC(=O)Nc1cccc(Nc2nccc3[nH]c(-c4ccccc4)cc23)c1,-73.98,-1001.35,-912.32,-15.06,
TDP43_v2,CHEMBL4543357,-9.0,O=C(/C=C/c1ccc2c(c1)OCO2)N1CCN(CCN2C(=O)c3cccc4cccc(c34)C2=O)CC1,-88.73,-1143.95,-1118.48,63.26,
TDP43_v2,CHEMBL4563668,-9.0,Cc1ccccc1-c1cn2c(-c3ccc(CO)cc3)cnc2cn1,-54.25,-1173.36,-1151.27,32.17,
TDP43_v2,CHEMBL4564744,-9.0,NC(=O)c1cc(-c2ccc(F)cc2)cc2c(C3CCS(=O)(=O)CC3)c[nH]c12,-90.73,-989.96,-911.59,12.36,
TDP43_v2,CHEMBL4567872,-9.0,O=C1CC(c2cccc3ccccc23)c2c([nH]c(-c3ccccc3)nc2=O)N1,-66.29,-1107.65,-944.84,-96.51,
TDP43_v2,CHEMBL4567878,-9.0,Cc1cc(F)ccc1-c1cc(Cn2ccn(C)c2=N)cc(C(=O)NCc2ccccc2)c1,-54.95,-1220.89,-1122.5,-43.43,
TDP43_v2,CHEMBL4568132,-9.0,Cn1c2c(cc(-c3ccccc3)c1=O)CN(Cc1cnn(-c3ccc(F)cc3)c1)CC2,-54.88,-1029.68,-1044.9,70.1,
TDP43_v2,CHEMBL4569326,-9.0,COc1ccc(S(=O)(=O)Nc2ccc3[nH]c(=O)c4ccccc4c3c2)cc1,-48.13,-1154.4,-1070.4,-35.87,
TDP43_v2,CHEMBL4570458,-9.0,Nc1ncc(-c2ccc3c(c2)CNS3(=O)=O)cc1-c1ccc2c(c1)CCNC2=O,-95.02,-1078.59,-945.55,-38.01,
TDP43_v2,CHEMBL4573526,-9.0,Cc1[nH]c2c(-c3ccccc3)c(-c3ccccc3)nn2c(=O)c1-c1ccc2ncnc(N)c2c1,-85.26,-831.04,-804.17,58.4,
TDP43_v2,CHEMBL4575360,-9.0,O=C(NCC#Cc1cccc(C(F)(F)F)c1)c1[nH]nc2ccccc12,-50.57,-1329.44,-1262.33,-16.54,
TDP43_v2,CHEMBL4581006,-9.0,Cc1c(-c2ccccc2)oc2c(C(=O)N3CCc4ccccc4C3)cccc2c1=O,-73.72,-1065.98,-1045.89,53.64,
TDP43_v2,CHEMBL4582265,-9.0,Cc1cc(C)n2ncc(C(=O)Nc3cccc(/C=C/c4ccccn4)c3)c2n1,-85.96,-1318.54,-1239.31,6.73,
TDP43_v2,CHEMBL4583721,-9.0,COc1cccc(C2C(C#N)=C(N)Oc3c2ccc2ccccc32)c1,,,,,"{""mmgbsa_dG"": null, ""error"": ""embed fallo (6 semillas) para C:\\Users\\Fredy\\masive-als\\gpu_dock\\resultados_libreria\\results_TDP43_v2\\CHEMBL4583721_out.pdbqt""}"
TDP43_v2,CHEMBL4636909,-9.0,Nc1ncnc2c1c(Oc1cc(C(F)(F)F)ccn1)nn2[C@@H]1CC(F)(F)CC[C@H]1O,-80.84,-1210.26,-1117.89,-11.53,
TDP43_v2,CHEMBL4637048,-9.0,O=C(c1ccc(F)cc1)c1cccc(/C=c2\[nH]c(=O)/c(=C/c3nc[nH]c3C3CC3)[nH]c2=O)c1,-85.96,-1155.73,-1111.56,41.79,
TDP43_v2,CHEMBL4638558,-9.0,O=C(/C=C/c1ccccc1)[C@@H]1[C@@H](c2ccccc2)[C@@H]2CSCN2C12C(=O)Nc1ccccc12,-67.56,-890.51,-850.42,27.47,
TDP43_v2,CHEMBL497832,-9.0,Cc1ccc2c(ccc3c(C#N)cc(C(=O)c4ccccc4)n32)c1,-49.65,-908.62,-911.97,53.0,
TDP43_v2,CHEMBL498114,-9.0,Cc1cccc(C)c1CCc1cc(-n2ccccc2=O)cn2c(C)c(C)nc12,-49.69,-983.37,-955.89,22.21,
TDP43_v2,CHEMBL498471,-9.0,OC1(c2cccnc2)CCc2cc(-c3ccc(F)cc3)ccc21,-65.73,-1335.69,-1304.59,34.63,
TDP43_v2,CHEMBL498585,-9.0,O=c1[nH]c2c(c(-c3ccccc3)nn2-c2ccccc2)c2c1CCC2,-55.16,-1238.64,-1261.94,78.46,
TDP43_v2,CHEMBL509408,-9.0,Cc1ccc(C(=O)c2cc(C#N)c3ccc4ccccc4n23)cc1,-48.84,-928.34,-932.7,53.2,
TDP43_v2,CHEMBL511169,-9.0,O=C1CCC2(Oc3cccc4cccc(c34)O2)c2cccc(O)c21,-46.82,-1458.28,-1432.6,21.15,
TDP43_v2,CHEMBL512012,-9.0,NC(=O)CCn1c2ccc(O)cc2c2c3c(c(-c4ccccc4)cc21)C(=O)NC3=O,-90.96,-1299.14,-1156.3,-51.88,
TDP43_v2,CHEMBL512187,-9.0,C[C@@]12CCC(=O)c3coc(c31)C(=O)c1cc3c(O)ccc(O)c3cc12,-80.95,-1055.0,-1057.95,83.91,
TDP43_v2,CHEMBL513759,-9.0,CC1(C)C(c2cccc(C(F)(F)F)c2)=C(c2nc3c(C(N)=O)cccc3[nH]2)C(C)(C)N1O,-84.64,-1069.71,-1081.71,96.64,
TDP43_v2,CHEMBL516662,-9.0,N#Cc1cc(C(=O)c2ccc(N3CCNCC3)cc2)n2c1ccc1ccccc12,-71.95,-856.23,-915.7,131.42,
TDP43_v2,CHEMBL519891,-9.0,CN(C)CCn1c2ccc(O)cc2c2c3c(c(-c4ccccc4)cc21)C(=O)NC3=O,-85.33,-1206.13,-1132.26,11.45,
TDP43_v2,CHEMBL522461,-9.0,COc1ccccc1-c1cc(=O)n2nc(C)c(-c3ccc(Br)cc3)c2[nH]1,-60.45,-1089.61,-1119.65,90.5,
TDP43_v2,CHEMBL523656,-9.0,O=C1Oc2ccc3ccccc3c2CC1C(=O)c1cccc(Cl)c1,-46.97,-1047.23,-995.97,-4.29,
TDP43_v2,CHEMBL524614,-9.0,Cc1ccc(CON2C(N)=NC(N)=NC23CCCCC3)c2ccccc12,,,,,"{""mmgbsa_dG"": null, ""error"": ""embed fallo (6 semillas) para C:\\Users\\Fredy\\masive-als\\gpu_dock\\resultados_libreria\\results_TDP43_v2\\CHEMBL524614_out.pdbqt""}"
TDP43_v2,CHEMBL525897,-9.0,O=C(NC(=O)c1c(F)cccc1F)NC1c2ccccc2-c2ccccc21,-69.71,-1171.25,-1001.83,-99.71,
TDP43_v2,CHEMBL526044,-9.0,COc1cc(F)c2ncc(C#N)c(CCN3CCC(NCc4ccc5c(c4)OCCO5)CC3)c2c1,-96.58,-1268.08,-1248.35,76.85,
TDP43_v2,CHEMBL559683,-9.0,O=C(C(=O)N1CCc2cc(F)ccc21)c1c[nH]c2ccc(F)cc12,-58.48,-896.41,-950.62,112.7,
TDP43_v2,CHEMBL561557,-9.0,COc1ccc2ccccc2c1-c1cc(C(=O)N/N=C/c2cccs2)[nH]n1,-66.56,-1165.37,-1174.78,75.97,
TDP43_v2,CHEMBL563850,-9.0,Cc1c(-c2cccc3ccccc23)c(=O)[nH]c2cc3c(cc12)OCO3,-75.48,-1177.55,-1123.89,21.81,
TDP43_v2,CHEMBL564523,-9.0,Cc1cccc(C)c1C(=O)N[C@H](C)c1ccc2ccccc2c1,-45.6,-1157.39,-1125.88,14.09,
TDP43_v2,DESOGESTREL,-9.0,C#C[C@]1(O)CC[C@H]2[C@@H]3CCC4=CCCC[C@@H]4[C@H]3C(=C)C[C@@]21CC,-39.28,-1091.67,-1131.03,78.64,
TDP43_v2,DIENOGEST,-9.0,C[C@]12CCC3=C4CCC(=O)C=C4CC[C@H]3[C@@H]1CC[C@@]2(O)CC#N,-59.98,-969.16,-967.87,58.7,
TDP43_v2,CHEMBL1206701,-8.9,O=C(O)c1ccc2c(c1)nc(O)c1cc(F)ccc12,-62.03,-1349.59,-1258.83,-28.73,
TDP43_v2,CHEMBL1208812,-8.9,C[C@]12CNC[C@](C)(O1)[C@@H]1C(=O)N(c3ccc(C#N)c(C(F)(F)F)c3)C(=O)[C@@H]12,-56.37,-1048.21,-1004.4,12.56,
TDP43_v2,CHEMBL1210872,-8.9,Cc1cccc(Cl)c1NC(=O)CN1CCN(c2nnc(Cc3ccccc3)c3ccccc23)CC1,,,,,"{""mmgbsa_dG"": null, ""error"": ""embed fallo (6 semillas) para C:\\Users\\Fredy\\masive-als\\gpu_dock\\resultados_libreria\\results_TDP43_v2\\CHEMBL1210872_out.pdbqt""}"
TDP43_v2,CHEMBL1242845,-8.9,Cc1nn(-c2ccccc2)nc1Cn1nc(-c2ccc(F)c(O)c2)c2c(N)ncnc21,-86.62,-1122.91,-1075.45,39.17,
TDP43_v2,CHEMBL1243052,-8.9,O=C1OC(=O)c2cc(Oc3ccc4c(c3)C(=O)OC4=O)ccc21,-66.87,-1145.9,-1075.87,-3.16,
TDP43_v2,CHEMBL16488,-8.9,O=C(Nc1nc2ccccc2n2c(=O)n(-c3ccccc3)nc12)c1ccccc1,-57.26,-971.94,-933.46,18.78,
TDP43_v2,CHEMBL18339,-8.9,c1ccc2nc(COc3ccc(COc4ccc(-c5nn[nH]n5)cc4)cc3)ccc2c1,-90.96,-973.63,-958.31,75.64,
TDP43_v2,CHEMBL1859424,-8.9,Cc1cn(/C(=N\O)c2ccc(C)nc2Oc2ccc3ccccc3c2)cn1,-57.72,-1161.8,-1182.53,78.45,
TDP43_v2,CHEMBL18597,-8.9,c1cc(COc2ccc(OCc3ccc4ccccc4n3)cc2)cc(Cc2nnn[nH]2)c1,-95.82,-1191.15,-1155.76,60.42,
TDP43_v2,CHEMBL1864417,-8.9,C[C@@H](CN1CC=C(n2c(=O)[nH]c3ccccc32)CC1)NC(=O)c1ccc2ccccc2c1,-80.57,-917.35,-849.55,12.77,
TDP43_v2,CHEMBL1864835,-8.9,CC1(C(=O)NCC2CC2)Cc2c(-c3cccc(C(F)(F)F)c3)ccnc2O1,-55.68,-1432.17,-1406.89,30.41,
TDP43_v2,CHEMBL1864851,-8.9,O=C(Nc1cccc(C(F)(F)F)c1)C1Cc2c(-c3ccco3)ccnc2O1,-60.36,-1117.48,-1089.98,32.87,
TDP43_v2,CHEMBL1865211,-8.9,Cc1ccc(-c2cc3ncc4c(n3n2)-c2cc(C)ccc2OC4)cc1,-43.88,-922.33,-908.31,29.85,
TDP43_v2,CHEMBL19991,-8.9,Cc1nnc2n1-c1ccc(C#CCCN3C(=O)c4ccccc4C3=O)cc1C(c1ccccc1F)=NC2,-78.16,-995.07,-932.53,15.62,
TDP43_v2,CHEMBL23211,-8.9,Nc1nc(N)c2cc(CNc3cccc4ccccc34)ccc2n1,-76.31,-1200.25,-980.06,-143.88,
TDP43_v2,CHEMBL4435881,-8.9,CC1(C)Oc2c(c(=O)[nH]c3ccccc23)[C@H]2[C@@H](Cl)[C@](C)(O)CC[C@@H]21,-69.58,-1257.34,-1197.09,9.32,
TDP43_v2,CHEMBL4436007,-8.9,O=C(Nc1nc2nccc(-c3ccccc3)n2n1)c1cccc([N+](=O)[O-])c1,-69.63,-1298.08,-1221.32,-7.13,
TDP43_v2,CHEMBL4436041,-8.9,c1ccc(COc2cccc(Nc3ncnc4cc5c(cc34)OCCOCCO5)c2)cc1,-91.14,-983.32,-903.2,11.02,
TDP43_v2,CHEMBL4529982,-8.9,N=C(N)N/N=C\c1cn(S(=O)(=O)c2ccccc2)c2ccccc12,-89.54,-1305.12,-1268.47,52.89,
TDP43_v2,CHEMBL4530081,-8.9,O=C(CN1CCN(CCN2C(=O)c3cccc4cccc(c34)C2=O)CC1)Nc1nc2ccccc2s1,-84.09,-1092.28,-1099.15,90.96,
TDP43_v2,CHEMBL4530239,-8.9,Cc1cccc2nc(-c3c[nH]c4ncc(F)cc34)nc(N[C@H]3C4CCC(CC4)[C@@H]3C(=O)O)c12,-88.15,-1301.45,-1208.72,-4.58,
TDP43_v2,CHEMBL4530727,-8.9,Cc1nn(-c2ccc(F)cc2)c2c1C(c1ccccc1)CS(=O)(=O)O2,-60.56,-1227.62,-1208.61,41.54,
TDP43_v2,CHEMBL4531795,-8.9,Cc1ccc(-c2cc3c4nn(CC(=O)Nc5ccc(C)c(Cl)c5)c(=O)n4ccn3n2)cc1C,-44.39,-1075.32,-996.11,-34.81,
TDP43_v2,CHEMBL4533228,-8.9,O=C1CCC[C@@H]2[C@H]3CC([C@H]4CC[C@H]5CN6C(=O)CCC[C@@H]6[C@H]6CCCN4[C@@H]56)=CN4CCC[C@@H](CN12)[C@@H]34,,,,,"{""mmgbsa_dG"": null, ""error"": ""embed fallo (6 semillas) para C:\\Users\\Fredy\\masive-als\\gpu_dock\\resultados_libreria\\results_TDP43_v2\\CHEMBL4533228_out.pdbqt""}"
TDP43_v2,CHEMBL4534366,-8.9,NC(=O)c1ccc(-c2cnn3ccc(NCc4ccncc4)nc23)cc1,-92.15,-1457.45,-1359.71,-5.6,
TDP43_v2,CHEMBL4534391,-8.9,O=C(COc1ccc(-c2nc3ccccc3c(=O)[nH]2)cc1O)Nc1ccc(Cl)cc1,-75.58,-1172.05,-1086.95,-9.52,
TDP43_v2,CHEMBL4534507,-8.9,N[C@@H]1C[C@@H]2CCCC[C@H]2[C@@H]1/C=C\C=C\[C@H]1[C@@H]2CCCC[C@H]2C[C@@H]1N,-72.65,-1076.97,-1110.71,106.39,
TDP43_v2,CHEMBL4543405,-8.9,O=C(COc1ccc2c3c(c(=O)oc2c1)CCC3)Nc1nc(-c2ccccn2)cs1,-54.91,-1208.9,-1175.25,21.25,
TDP43_v2,CHEMBL4543497,-8.9,CN1C[C@H](Nc2nc3cc[nH]c3c(=O)n2C)C[C@H](c2ccc(Oc3ccccc3)cc2)C1,-74.08,-1298.77,-1172.61,-52.08,
TDP43_v2,CHEMBL4565024,-8.9,O=S(=O)(C1=Cc2ccccc2CC1)N1CCOC2CCCCC21,-47.35,-1058.48,-1008.72,-2.4,
TDP43_v2,CHEMBL4568472,-8.9,c1ccc(-c2cc(Cn3cc(Cn4ccc5cncnc54)nn3)cc(-c3ccccc3)n2)cc1,-65.99,-1090.26,-1114.81,90.53,
TDP43_v2,CHEMBL4570029,-8.9,NC(=O)c1ccc(-c2cnn3ccc(NCc4cccnc4)nc23)cc1,-78.54,-1254.59,-1162.11,-13.94,
TDP43_v2,CHEMBL4571586,-8.9,Fc1cccc(-c2cn3c(-c4ccc5ncccc5c4)cnc3cn2)c1,-49.21,-984.26,-958.1,23.05,
TDP43_v2,CHEMBL4571740,-8.9,COc1cc(C2C(C#N)=C(N)Oc3c2ccc2ccccc32)ccc1O,-42.68,-1000.98,-957.88,-0.42,
TDP43_v2,CHEMBL4571828,-8.9,Nc1ncc(-c2cccc(O)c2)cc1-c1cccc(C(F)(F)F)c1,-64.43,-1209.64,-1152.23,7.02,
TDP43_v2,CHEMBL4573138,-8.9,COc1cc2ncnc(C3CCN(C(=O)c4ccc(C(C)(C)C)cc4)CC3)c2cc1OC,-57.04,-1241.15,-1198.27,14.16,
TDP43_v2,CHEMBL4581840,-8.9,O=c1cc(O)c2c(=O)oc3ccc4ccccc4c3c2o1,-54.75,-1325.28,-1278.91,8.38,
TDP43_v2,CHEMBL4582483,-8.9,O=C(CSc1nnc(-c2ccccc2)[nH]1)N1c2ccccc2OCC1c1ccccc1,-83.13,-984.01,-965.59,64.71,
TDP43_v2,CHEMBL4583461,-8.9,c1cnc2cc(OCc3ccc4ccccc4n3)ccc2c1,-39.92,-967.83,-970.0,42.09,
TDP43_v2,CHEMBL4585023,-8.9,Cc1ccc(-c2ccc3nnc(CCC(=O)NCc4ccc(C(F)(F)F)cc4)n3n2)cc1C,-77.99,-1154.28,-1127.39,51.09,
TDP43_v2,CHEMBL4585282,-8.9,Cc1ccc(NC(=O)Cn2nc3c4cc(-c5ccc(C)c(C)c5)nn4ccn3c2=O)cc1,-77.07,-1187.28,-1095.97,-14.24,
TDP43_v2,CHEMBL4585368,-8.9,CCc1ccc(NC(=O)Cn2nc3cc(C)nc(Nc4ccc(F)c(C)c4)n3c2=O)cc1,-55.47,-1289.04,-1142.96,-90.62,
TDP43_v2,CHEMBL4634867,-8.9,O=C(NCC1CCOC1)c1n[nH]c2ccc(-c3cccc(F)c3F)cc12,-60.49,-1392.56,-1413.38,81.31,
TDP43_v2,CHEMBL4635784,-8.9,Oc1nc2nonc2nc1Nc1ccc2ccccc2c1,-41.06,-1032.94,-957.89,-34.0,
TDP43_v2,CHEMBL4636132,-8.9,O=S(=O)(c1cc2c(Nc3ccc(F)c(C(F)(F)F)c3)nn(C3CC3)c2cn1)N1CCOCC1,-85.17,-1015.09,-1014.61,84.68,
TDP43_v2,CHEMBL4636148,-8.9,CN1CCc2cccc3c2C1Cc1ccc(NC(N)=O)cc1-3,-66.98,-1454.02,-1316.19,-70.85,
TDP43_v2,CHEMBL4636994,-8.9,O=C(NO)c1cccc(-c2nc(CSc3ccccc3)n[nH]2)c1,-97.92,-1291.98,-1292.14,98.09,
TDP43_v2,CHEMBL4637558,-8.9,O=C(O)c1ccc(/C=C/C(=O)c2cccc3ccccc23)cc1,-39.77,-1096.44,-1086.72,30.04,
TDP43_v2,CHEMBL4638063,-8.9,Cc1ccc2[nH]cc(C(=O)NC3CCc4ccccc43)c2c1,-43.83,-1321.86,-1290.96,12.93,
TDP43_v2,CHEMBL497779,-8.9,O=c1c2cccc(/C=N\Nc3ccccc3)c2oc2cc(O)cc(O)c12,-62.65,-966.66,-932.44,28.43,
TDP43_v2,CHEMBL498130,-8.9,O=C(NCCc1c[nH]c2ccccc12)c1cccc(-c2ccccc2)c1,-65.85,-1074.67,-1050.66,41.84,
TDP43_v2,CHEMBL498237,-8.9,O=C1NC(c2ccccc2)=N/C1=C\c1c[nH]c2ccccc12,-53.36,-1103.87,-1090.57,40.05,
TDP43_v2,CHEMBL498544,-8.9,O=C1NC(NCC23CC4CC(CC(C4)C2)C3)=N/C1=C\c1c[nH]c2ncccc12,-63.86,-1320.46,-1232.71,-23.88,
TDP43_v2,CHEMBL502133,-8.9,O=C(Cc1ccccc1)NCCC(c1ccccc1)c1ccccc1,-56.74,-992.13,-968.23,32.83,
TDP43_v2,CHEMBL502569,-8.9,Cc1ccc([C@H]2CC=CC(=O)O2)c2ccccc12,-31.79,-1421.94,-1419.91,29.76,
TDP43_v2,CHEMBL504803,-8.9,N#Cc1cc(C(=O)c2ccc(Cl)cc2)n2c1ccc1ccccc12,-53.43,-985.77,-984.04,51.69,
TDP43_v2,CHEMBL505698,-8.9,Cc1cccc(NC(=O)Nc2cccc(-c3cnc4ccnn4c3N)c2)c1,-80.25,-1043.91,-992.12,28.46,
TDP43_v2,CHEMBL509913,-8.9,Cn1c(N/N=C(/C=C/c2ccccc2)c2ccccc2)nc2ccccc2c1=O,-75.76,-1153.98,-1080.09,1.87,
TDP43_v2,CHEMBL511605,-8.9,CC1(C)Cc2nc(N3CCOc4ccc(-c5ccccc5)cc43)sc2C(=O)N1,-77.08,-1078.05,-1016.84,15.87,
TDP43_v2,CHEMBL514360,-8.9,c1ccc(-c2cccc(-c3cncc4sc(-c5nnn[nH]5)cc34)c2)cc1,-57.67,-1157.92,-1150.79,50.54,
TDP43_v2,CHEMBL515644,-8.9,O=C(CNC(=O)c1ccc(F)cc1)NCC1c2ccccc2COc2ccc(F)cc21,-64.9,-1212.7,-1210.27,62.47,
TDP43_v2,CHEMBL516823,-8.9,N#Cc1cc(C(=O)c2ccc(-n3cccn3)cc2)n2c1ccc1ccccc12,-69.44,-1167.24,-1179.0,81.21,
TDP43_v2,CHEMBL518019,-8.9,CC1(C)c2[nH]c3cc(Cl)ccc3c2C[C@@]23NC(=O)[C@]4(CCCN4C2=O)C[C@@H]13,-65.99,-1126.39,-1185.89,125.48,
TDP43_v2,CHEMBL518633,-8.9,CC1(C)C=Cc2c(ccc3c4c([nH]c23)C(C)(C)[C@@H]2C[C@]35CCCN3C(=O)[C@]2(NC5=O)C4=O)O1,-66.63,-731.72,-820.65,155.55,
TDP43_v2,CHEMBL518824,-8.9,Nc1nc2[nH]c(-c3ccnc(/C=C/c4ccccc4)c3)cc2c(=O)[nH]1,-76.76,-1303.74,-1098.36,-128.62,
TDP43_v2,CHEMBL520129,-8.9,O=C(Nc1ccc2cnn(S(=O)(=O)c3cccc4ccccc34)c2c1)C1CCCNC1,-68.59,-959.1,-1030.85,140.34,
TDP43_v2,CHEMBL520593,-8.9,CN1CCN(c2cccc3[nH]c(-c4n[nH]c5cc(C6=CCC7C=COC7=C6)ccc45)nc23)CC1,,,,,"{""mmgbsa_dG"": null, ""error"": ""embed fallo (6 semillas) para C:\\Users\\Fredy\\masive-als\\gpu_dock\\resultados_libreria\\results_TDP43_v2\\CHEMBL520593_out.pdbqt""}"
TDP43_v2,CHEMBL521727,-8.9,Cc1ccc(/C(=N/NC(N)=S)c2cc(C(F)(F)F)cc(C(F)(F)F)c2)cc1,-70.7,-1295.88,-1296.65,71.47,
TDP43_v2,CHEMBL521809,-8.9,O=C(c1cccc(Cc2n[nH]c(=O)c3ccccc23)c1)N1CCN(c2ncccn2)CC1,-79.73,-1192.33,-1154.4,41.8,
TDP43_v2,CHEMBL521844,-8.9,Fc1ccc(C2(c3ccc(F)cc3)CNC(c3ccccc3Cl)=N2)cc1,-52.2,-851.25,-872.83,73.78,
TDP43_v2,CHEMBL521850,-8.9,CN1CCC(N(C)c2ccc3nnc(-c4cccc(C(F)(F)F)c4)n3n2)CC1,-68.8,-1422.95,-1381.64,27.49,
TDP43_v2,CHEMBL523244,-8.9,Cc1cccc(C2=N/C(=C\c3c[nH]c4ncccc34)C(=O)N2)c1,-48.93,-898.65,-892.89,43.17,
TDP43_v2,CHEMBL524988,-8.9,O=C1OC2(CCN(c3nc4c(-c5ccccc5)cccc4[nH]3)CC2)c2ccccc21,-60.7,-1060.34,-1022.44,22.8,
TDP43_v2,CHEMBL525149,-8.9,Nc1nc(N)c2c(ccc3c2ccn3Cc2cccc(F)c2)n1,-79.09,-1189.87,-987.57,-123.21,
TDP43_v2,CHEMBL525523,-8.9,COc1ccc2ncc(F)c(CCN3CC[C@@H](CNCc4cc(C)c5c(c4)OCCO5)C3)c2n1,-83.64,-1218.15,-1207.89,73.38,
TDP43_v2,CHEMBL527851,-8.9,COc1ccc2nccc([C@@H](O)CN3CCC(NCc4cc5cccc6c5n(c4=O)CCC6)CC3)c2c1,-97.51,-1185.43,-1111.05,23.13,
TDP43_v2,CHEMBL557057,-8.9,O=C1Nc2ccccc2C1(c1c[nH]c2ccccc12)c1c[nH]c2ccccc12,-81.32,-855.91,-890.48,115.89,
TDP43_v2,CHEMBL558255,-8.9,O=C(c1cccc(C(F)(F)F)c1)c1ccc2ccccc2n1,-37.02,-1255.81,-1314.06,95.27,
TDP43_v2,CHEMBL558675,-8.9,Cc1ccc(N2C(=O)C3ON=C(c4cn(-c5ccccc5)nc4-c4ccc(Cl)cc4)C3C2=O)cc1,-59.61,-1107.22,-1006.95,-40.66,
TDP43_v2,CHEMBL561061,-8.9,Cc1ccc(CN)cc1C(=O)N[C@H](C)c1cccc2ccccc12,-77.81,-1000.43,-931.87,9.25,
TDP43_v2,CHEMBL561136,-8.9,Cc1ccc2c(c1)CCN2C(=O)C(=O)c1c[nH]c2ccccc12,-44.62,-901.34,-972.75,116.04,
TDP43_v2,CHEMBL561765,-8.9,O=c1cc(-c2ccnc3ccccc23)[nH]c2cc3c(cc12)OCO3,-50.77,-1160.15,-1121.18,11.8,
TDP43_v2,CHEMBL562112,-8.9,O=C(CC1(CC(=O)NC2C3CC4CC(C3)CC2C4)CCCC1)NCc1ccccc1,-69.54,-1008.54,-942.65,3.66,
TDP43_v2,CHEMBL564972,-8.9,O=C1COc2ccc(-c3cc(-c4ccccc4)cc(-c4ccc5oc(=O)[nH]c5c4)n3)cc2N1,-54.31,-967.02,-928.3,15.59,
TDP43_v2,CHEMBL565122,-8.9,C[C@H](Cc1ccccc1)n1c(-c2ccccc2O)nc2ccnc(C(F)(F)F)c2c1=O,-86.77,-1294.38,-1243.31,35.7,
TDP43_v2,CHEMBL565350,-8.9,CN1CCN(c2ccc3[nH]c(Cc4ccc5ccccc5c4)nc3c2)CC1,,,,,"{""mmgbsa_dG"": null, ""error"": ""embed fallo (6 semillas) para C:\\Users\\Fredy\\masive-als\\gpu_dock\\resultados_libreria\\results_TDP43_v2\\CHEMBL565350_out.pdbqt""}"
TDP43_v2,CHEMBL565856,-8.9,Cc1cccc(CNc2ncnc3ccc(-c4ccc5c(c4)OCO5)cc23)c1,-63.04,-1467.33,-1371.18,-33.11,
TDP43_v2,CHEMBL565960,-8.9,c1ccc2c(Nc3noc4ccccc34)cccc2c1,-39.98,-1305.09,-1252.68,-12.43,
TDP43_v2,CHEMBL566234,-8.9,c1ccc(-c2n[nH]cc2-c2ccnc(-c3ccc(CNC4CCCOC4)cc3)c2)nc1,-86.05,-1186.87,-1206.84,106.03,
TDP43_v2,CHEMBL566257,-8.9,O=C(c1ccc(CN2CCC3(CC2)OCc2cc(F)ncc23)cc1)c1ccc(F)c(F)c1,-71.48,-1021.02,-1011.65,62.11,
TDP43_v2,ESTRONE SULFURIC ACID,-8.9,C[C@]12CC[C@@H]3c4ccc(OS(=O)(=O)O)cc4CC[C@H]3[C@@H]1CCC2=O,-89.89,-1100.38,-1008.4,-2.1,
TDP43_v2,ESTRONE,-8.9,C[C@]12CC[C@@H]3c4ccc(O)cc4CC[C@H]3[C@@H]1CCC2=O,-41.5,-1131.04,-1128.88,39.34,
TDP43_v2,ETONOGESTREL,-8.9,C#C[C@]1(O)CC[C@H]2[C@@H]3CCC4=CC(=O)CC[C@@H]4[C@H]3C(=C)C[C@@]21CC,-53.86,-1098.86,-1124.74,79.74,
TDP43_v2,FLUOROESTRADIOL F-18,-8.9,C[C@]12CC[C@@H]3c4ccc(O)cc4CC[C@H]3[C@@H]1C[C@@H]([18F])[C@@H]2O,-42.2,-940.06,-971.25,73.39,
TDP43_v2,FLUOROESTRADIOL,-8.9,C[C@]12CC[C@@H]3c4ccc(O)cc4CC[C@H]3[C@@H]1C[C@@H](F)[C@@H]2O,-43.47,-929.56,-958.82,72.73,
TDP43_v2,NOMEGESTROL,-8.9,CC(=O)[C@@]1(O)CC[C@H]2[C@@H]3C=C(C)C4=CC(=O)CC[C@@H]4[C@H]3CC[C@@]21C,-55.66,-1141.97,-1174.89,88.57,
TDP43_v2,PERAMPANEL,-8.9,N#Cc1ccccc1-c1cc(-c2ccccn2)cn(-c2ccccc2)c1=O,-74.25,-985.78,-972.78,61.25,
TDP43_v2,CHEMBL1204537,-8.8,O=C(O)[C@@H]1CSc2c(C3CC3)c(Cc3cccc4ccccc34)cc(=O)n21,-49.38,-1036.65,-958.16,-29.11,
TDP43_v2,CHEMBL1210517,-8.8,O=C(Cn1nc(C2CCCCC2)cc(Cc2ccoc2)c1=O)NC1Cc2ccccc2C1,-84.75,-1217.03,-1223.77,91.5,
TDP43_v2,CHEMBL1210606,-8.8,Cc1ccc(F)cc1NC(=O)CN1CCN(c2nnc(Cc3ccncc3)c3ccccc23)CC1,,,,,"{""mmgbsa_dG"": null, ""error"": ""embed fallo (6 semillas) para C:\\Users\\Fredy\\masive-als\\gpu_dock\\resultados_libreria\\results_TDP43_v2\\CHEMBL1210606_out.pdbqt""}"
TDP43_v2,CHEMBL1210671,-8.8,O=C(CN1CCN(c2nnc(Cc3ccncc3)c3ccccc23)CC1)Nc1c(F)cccc1F,,,,,"{""mmgbsa_dG"": null, ""error"": ""embed fallo (6 semillas) para C:\\Users\\Fredy\\masive-als\\gpu_dock\\resultados_libreria\\results_TDP43_v2\\CHEMBL1210671_out.pdbqt""}"
TDP43_v2,CHEMBL1242906,-8.8,Cc1ccc(C(/C=C/c2c[nH]c3ccccc23)=C2C(=O)NC(=O)NC2=O)cc1,-55.25,-1339.64,-1152.93,-131.46,
TDP43_v2,CHEMBL1355230,-8.8,Fc1ccc(Nc2nc3nonc3nc2Nc2cccc(C(F)(F)F)c2)cc1,-58.27,-1208.49,-1150.45,0.24,
TDP43_v2,CHEMBL13694,-8.8,CC1=C(C(=O)OC(c2ccccc2)c2ccccc2)N2C(=O)[C@@H](Nc3nc4ccccc4[nH]3)C2SC1,-81.03,-918.28,-918.29,81.04,
TDP43_v2,CHEMBL1857851,-8.8,C/C(=C\C#N)N/C(=N\O)c1ccc(C)nc1Oc1ccc2ccccc2c1,-54.27,-982.95,-975.04,46.35,
TDP43_v2,CHEMBL1857908,-8.8,Cc1cccc(Oc2ccc(/C(=N/O)N3CCCc4ccccc43)cn2)c1,-68.92,-1046.37,-1012.49,35.04,
TDP43_v2,CHEMBL1858566,-8.8,Cc1ccc(Oc2ncccc2/C(=N/O)NC2CCC(C)CC2)c2c1CCC2,-58.69,-914.58,-898.77,42.88,
TDP43_v2,CHEMBL1858607,-8.8,c1ccc2c(-c3nc(CN4CCN(C5CCCCC5)CC4)co3)cccc2c1,-46.2,-883.37,-991.15,153.99,
TDP43_v2,CHEMBL1858903,-8.8,Cc1ccc(Oc2ncccc2/C(N)=N/O)c2c1CCC2,-51.84,-1181.11,-1154.71,25.44,
TDP43_v2,CHEMBL18589,-8.8,COc1cc(-c2nn[nH]n2)ccc1COc1cccc(OCc2ccc3ccccc3n2)c1,-72.56,-974.25,-960.31,58.63,
TDP43_v2,CHEMBL1859161,-8.8,Cc1ccc(/C(=N/O)N2CCN(C)CC2)c(Oc2ccc3ccccc3c2)n1,-48.15,-889.92,-959.28,117.51,
TDP43_v2,CHEMBL1860738,-8.8,Cc1ccc(Oc2ncccc2/C(=N/O)NCc2cc(F)ccc2F)c2c1CCC2,-70.37,-977.11,-933.31,26.56,
TDP43_v2,CHEMBL1862002,-8.8,Cc1ccc(/C(=N/O)n2nc(C)cc2C)c(Oc2ccc3ccccc3c2)n1,-58.62,-1101.67,-1150.93,107.88,
TDP43_v2,CHEMBL1862915,-8.8,O=C(NC1CCCCC1)N1CCC(NC(c2ccc(Cl)cc2)c2cccnc2)CC1,-69.73,-1374.61,-1246.76,-58.12,
TDP43_v2,CHEMBL1863061,-8.8,CNC1=C(c2cccc(C(F)(F)F)c2)C(=O)C(c2ccccc2)O1,-56.05,-1273.2,-1291.68,74.52,
TDP43_v2,CHEMBL1864579,-8.8,COc1cc2ccccc2cc1C(=O)N1CCN(c2ccccc2O)CC1,,,,,"{""mmgbsa_dG"": null, ""error"": ""embed fallo (6 semillas) para C:\\Users\\Fredy\\masive-als\\gpu_dock\\resultados_libreria\\results_TDP43_v2\\CHEMBL1864579_out.pdbqt""}"
TDP43_v2,CHEMBL1864753,-8.8,Nc1ccc2c(c1)C(O)c1cccc(C(=O)O)c1-2,-67.86,-1468.21,-1401.15,0.8,
TDP43_v2,CHEMBL1865296,-8.8,CC(NC(=O)c1ccccc1F)c1cccc2ccccc12,-59.14,-1060.99,-1003.34,1.49,
TDP43_v2,CHEMBL18826,-8.8,N=C(Nc1ccc2ccc3cccnc3c2n1)c1cccc(Cl)c1,-57.11,-1380.81,-1332.92,9.22,
TDP43_v2,CHEMBL20639,-8.8,Cc1cc(C(=O)Nc2ccc(C(=O)N(C)C)cc2)n(-c2ccc3cc(Cl)ccc3c2)n1,-76.35,-1113.43,-1032.57,-4.51,
TDP43_v2,CHEMBL22924,-8.8,Nc1nc(N)c2cc(CNc3cccc4ccccc34)cnc2n1,-73.75,-1215.88,-965.82,-176.31,
TDP43_v2,CHEMBL23220,-8.8,Cc1c(CN(C)c2cccc3c2CCCC3)cnc2nc(N)nc(N)c12,,,,,"{""mmgbsa_dG"": null, ""error"": ""embed fallo (6 semillas) para C:\\Users\\Fredy\\masive-als\\gpu_dock\\resultados_libreria\\results_TDP43_v2\\CHEMBL23220_out.pdbqt""}"
TDP43_v2,CHEMBL27758,-8.8,N=C(N)c1ccc2[nH]c(Cc3cccc(CCc4ccccc4)c3)cc2c1,-75.62,-1196.55,-1132.7,11.77,
TDP43_v2,CHEMBL27805,-8.8,N=C(N)c1ccc2[nH]c(Cc3cccc(Oc4ccccc4)c3)cc2c1,-76.14,-1209.52,-1137.4,4.02,
TDP43_v2,CHEMBL28280,-8.8,O=C(NO)c1ccc(CNC(=O)c2cccc3ccccc23)cc1,-83.21,-1049.75,-1013.13,46.58,
TDP43_v2,CHEMBL3355155,-8.8,Cc1ccc(NC(=O)c2cccc(-n3cc(NC(=O)N4CCc5ccccc54)cn3)c2)cn1,-81.4,-1107.57,-1040.29,14.12,
TDP43_v2,CHEMBL4435739,-8.8,Cc1cc(OC2CN(C(=O)c3nnc(-c4ccccc4)o3)C2)ccc1CN1CCCC2(COC2)C1,-57.8,-836.27,-953.46,175.0,
TDP43_v2,CHEMBL4529649,-8.8,COc1ccc(NC(=O)Cn2nc3cc(C)nc(Nc4cc(C)cc(C)c4)n3c2=O)cc1,-58.57,-1370.29,-1217.12,-94.6,
TDP43_v2,CHEMBL4530672,-8.8,N#Cc1c(-c2cccc(-c3cccc(C(=O)O)c3)c2)[nH]c(=S)[nH]c1=O,-50.4,-1288.55,-1140.46,-97.69,
TDP43_v2,CHEMBL4531162,-8.8,O=C(NO)c1cccc(OCc2ccc(-c3noc(-c4cccc(F)c4)n3)cc2)c1,-98.22,-1365.6,-1321.91,54.53,
TDP43_v2,CHEMBL4533198,-8.8,O=C1c2cccc3cccc(c23)C(=O)N1CCNc1ccnc2cc(Cl)ccc12,-67.88,-1098.07,-1028.89,-1.31,
TDP43_v2,CHEMBL4534187,-8.8,O=C(NCC12CC3CC(CC(C3)C1)C2)c1ccc2ccccc2c1,-54.3,-991.47,-969.24,32.07,
TDP43_v2,CHEMBL4564272,-8.8,Cc1cccc(NC(=O)Nc2nnc(SCc3cc(=O)n4cccc(C)c4n3)s2)c1,-93.83,-1455.17,-1231.11,-130.23,
TDP43_v2,CHEMBL4564438,-8.8,Cn1cc(NC(=O)c2cn(Cc3ccc(F)cc3)c(=O)c3ccccc23)cn1,-88.51,-1168.07,-1117.98,38.41,
TDP43_v2,CHEMBL4569239,-8.8,Oc1cccc(-c2cnc3cnc(-c4ccccc4Cl)cn23)c1,-58.13,-1174.91,-1127.49,10.71,
TDP43_v2,CHEMBL4570402,-8.8,Cc1cc2nn(CC(=O)Nc3ccc(C)c(F)c3)c(=O)n2c(Nc2ccc(C)c(F)c2)n1,-50.3,-1339.54,-1180.92,-108.32,
TDP43_v2,CHEMBL4570452,-8.8,Cc1cc2nn(CC(=O)Nc3ccc(F)cc3Cl)c(=O)n2c(Nc2ccc(F)cc2)n1,-57.49,-1263.61,-1113.45,-92.67,
TDP43_v2,CHEMBL4571193,-8.8,O=C(NCc1ccc(CNS(=O)(=O)c2ccc(CN3CCCC3)cc2)cc1)c1ccc(F)cc1,-79.88,-1059.47,-953.91,-25.68,
TDP43_v2,CHEMBL4572044,-8.8,Cc1occc1C(=O)NN=CC1C(=O)N(Cc2ccccc2)C(=O)c2ccccc21,-111.19,-1050.02,-989.93,51.11,
TDP43_v2,CHEMBL4573324,-8.8,O=c1cc(C2CCCC(S)C2)oc2c1ccc1ccccc12,-50.0,-1162.76,-1153.86,41.1,
TDP43_v2,CHEMBL4574403,-8.8,Cc1cccc(-c2noc(CNC(=O)Cc3ccc(-c4ccccc4)cc3)n2)c1,-57.65,-1197.93,-1153.69,13.41,
TDP43_v2,CHEMBL4574882,-8.8,C[C@@H]1COCCN1c1nc(N2CCOC[C@@H]2C)nc2sc(-c3cccc4[nH]ccc34)nc12,,,,,"{""mmgbsa_dG"": null, ""error"": ""embed fallo (6 semillas) para C:\\Users\\Fredy\\masive-als\\gpu_dock\\resultados_libreria\\results_TDP43_v2\\CHEMBL4574882_out.pdbqt""}"
TDP43_v2,CHEMBL4575547,-8.8,O=C1N[C@H](c2cncc(C#Cc3ccnc(F)c3)c2)[C@@H](c2ccc(F)cc2)O1,-42.82,-1337.94,-1259.38,-35.74,
TDP43_v2,CHEMBL4581099,-8.8,Cc1cc2nn(CC(=O)Nc3cc(F)ccc3C)c(=O)n2c(Nc2ccc(C)c(F)c2)n1,-49.99,-1409.01,-1257.57,-101.45,
TDP43_v2,CHEMBL4581664,-8.8,Cc1ccc(-c2cn(Cc3ccc4ccccc4c3)nn2)cc1C(=O)NCCN1CCOCC1,-82.54,-850.72,-903.7,135.52,
TDP43_v2,CHEMBL4582128,-8.8,Cc1noc2c(F)cc(Nc3n[nH]c4ncccc34)cc12,-47.92,-1007.48,-943.91,-15.65,
TDP43_v2,CHEMBL4582545,-8.8,Cc1ccc(S(=O)(=O)Nc2ccc(C(=O)Nc3ccccc3O)cc2)cc1C,-70.26,-1299.39,-1215.42,-13.7,
TDP43_v2,CHEMBL4635360,-8.8,O=C1NCc2c1nc(-c1ccc(F)cc1)c1ccccc21,-68.63,-1391.69,-1375.95,52.89,
TDP43_v2,CHEMBL4635900,-8.8,O=C(NCC1CCCO1)c1n[nH]c2ccc(-c3cccc(F)c3F)cc12,-61.42,-1331.6,-1379.83,109.65,
TDP43_v2,CHEMBL4636979,-8.8,O=C(CN1[C@@H]2CCC[C@H]1C[C@H](NC(=O)c1ccccc1)C2)Nc1ccccc1,-75.53,-1068.52,-1043.37,50.38,
TDP43_v2,CHEMBL4637095,-8.8,O=C1Nc2cc(Cl)ccc2/C1=C\c1ccc(-c2nnc(-c3cc(O)cc(O)c3)o2)cc1,-85.45,-1123.81,-1059.8,21.44,
TDP43_v2,CHEMBL4637155,-8.8,O=C(Nc1ccc(F)cc1-c1cc(F)c(F)c(F)c1)OCC1CCNCC1,-62.2,-1200.26,-1122.07,-15.99,
TDP43_v2,CHEMBL4637197,-8.8,O=C(O)c1ccc(COc2ccc(CNC(=O)[C@H]3CCCN3Cc3ccc(F)cc3)cc2)cc1,-101.46,-976.58,-928.46,53.34,
TDP43_v2,CHEMBL4637889,-8.8,Cc1ccc(NC(=O)CN2C(=O)/C(=N\c3cc(C)ccc3C)c3ccccc32)cc1,-71.29,-967.27,-956.6,60.62,
TDP43_v2,CHEMBL4639048,-8.8,Cc1[nH]nc2[nH]c(=O)cc([C@H]3CC[C@H](NS(=O)(=O)CC4CCC4)CC3)c12,-91.17,-1293.14,-1119.59,-82.38,
TDP43_v2,CHEMBL4639535,-8.8,Nc1ncnc2c1c(Oc1cc(C(F)(F)F)ccn1)nn2C1CCCCC1,-68.89,-1461.49,-1386.71,-5.89,
TDP43_v2,CHEMBL4639704,-8.8,O=S(=O)(c1ccc2c(c1)c(Nc1ccc(F)c(C(F)(F)F)c1)nn2C1CC1)N1CCC(O)CC1,-80.31,-1088.53,-981.13,-27.09,
TDP43_v2,CHEMBL498004,-8.8,O=c1cc(O)c2ccc3c(c2o1)C=CC1(O3)C2CC3CC(C2)CC1C3,-73.8,-1217.54,-1185.37,41.63,
TDP43_v2,CHEMBL498344,-8.8,O/N=C1\CCc2cc(-c3cn([C@@H]4CCC[C@H](O)C4)nc3-c3ccncc3)ccc21,-88.35,-1133.51,-1122.56,77.4,
TDP43_v2,CHEMBL498472,-8.8,OC1(c2ccncc2)CCc2cc(-c3ccc(F)cc3)ccc21,-54.92,-1309.94,-1293.62,38.61,
TDP43_v2,CHEMBL499335,-8.8,CC1=C(O)c2c(oc(-c3cc(C)cc(C)c3)cc2=O)C(C)(C)C1=O,-40.6,-1166.73,-1136.58,10.45,
TDP43_v2,CHEMBL506266,-8.8,O=S1(=O)C=C(OCc2ccccc2)C2(CCc3ccccc3C2)O1,-47.5,-1108.33,-1085.37,24.54,
TDP43_v2,CHEMBL506873,-8.8,c1ccc2cc(CC3CN4CCC3CC4)ccc2c1,-27.13,-1079.88,-1096.99,44.24,
TDP43_v2,CHEMBL509131,-8.8,Cc1ccccc1N1CCN(C(=O)c2cc3ccccc3oc2=O)CC1,-46.25,-1080.82,-1100.24,65.67,
TDP43_v2,CHEMBL509305,-8.8,CN1C(c2nc(Cc3ccc(F)cc3)c3ccccc3c2O)=CS(=O)(=O)c2ccccc21,-54.81,-782.0,-812.07,84.88,
TDP43_v2,CHEMBL510668,-8.8,O=C1NC(=O)c2c1c(-c1ccccc1)cc1c2c2cc(O)ccc2n1CCCN1CCOCC1,-93.47,-1352.55,-1326.62,67.54,
TDP43_v2,CHEMBL512600,-8.8,CC(C)(C)OC(=O)NCc1noc(-c2c3ccccc3nn2Cc2cccc(Cl)c2)n1,-61.0,-1226.17,-1135.64,-29.54,
TDP43_v2,CHEMBL514439,-8.8,Cc1ccc(C(c2c(O)c3ccccc3oc2=O)c2c(O)c3ccccc3oc2=O)cc1,-67.34,-971.83,-904.63,0.14,
TDP43_v2,CHEMBL515456,-8.8,Cc1c(Nc2c(C#N)cnc3sc(/C=C/C(=O)NN4CCCC4)cc23)ccc2[nH]ccc12,,,,,"{""mmgbsa_dG"": null, ""error"": ""embed fallo (6 semillas) para C:\\Users\\Fredy\\masive-als\\gpu_dock\\resultados_libreria\\results_TDP43_v2\\CHEMBL515456_out.pdbqt""}"
TDP43_v2,CHEMBL515680,-8.8,COc1ccc(Cc2cc(C3CCN(C(=O)c4ccc5ncoc5c4)CC3)nc(N)n2)cc1,-85.6,-1260.02,-1085.18,-89.23,
TDP43_v2,CHEMBL517493,-8.8,O=C1NC(=O)C2C1c1[nH]c3ccccc3c1C1C(=O)OC(=O)C12,-46.73,-1269.19,-1202.33,-20.13,
TDP43_v2,CHEMBL519068,-8.8,Fc1cccc(-c2nc3ccccc3n2Cc2cn(-c3ccc(F)cc3F)nn2)c1,-70.33,-1163.07,-1123.65,30.9,
TDP43_v2,CHEMBL519795,-8.8,CN1CCN(c2cccc3[nH]c(-c4n[nH]c5cc(-c6ccc(N)c(F)c6)ccc45)nc23)CC1,-86.09,-740.67,-846.48,191.91,
TDP43_v2,CHEMBL519982,-8.8,Cc1cc(O)cc2oc(=O)c3c(O)cc(O)cc3c12,-80.54,-1335.33,-1262.54,7.75,
TDP43_v2,CHEMBL520018,-8.8,Cc1cccc(Cn2c3ccccc3c(=O)c3ccccc32)c1,-43.82,-1298.28,-1303.49,49.03,
TDP43_v2,CHEMBL520050,-8.8,Nc1ccccc1NC(=O)c1ccc(N2CCC3(CC2)CNc2ccccc23)nc1,,,,,"{""mmgbsa_dG"": null, ""error"": ""embed fallo (6 semillas) para C:\\Users\\Fredy\\masive-als\\gpu_dock\\resultados_libreria\\results_TDP43_v2\\CHEMBL520050_out.pdbqt""}"
TDP43_v2,CHEMBL520908,-8.8,CC1=C(C(=O)N2CCN(c3ccc(F)cc3)CC2)C(c2ccc3ccccc3n2)n2nccc2N1,-79.72,-944.65,-949.97,85.05,
TDP43_v2,CHEMBL521033,-8.8,COc1ccc2[nH]c3c(c2c1)-c1ccccc1[C@H](C)NC3=O,-66.13,-1235.75,-1154.71,-14.91,
TDP43_v2,CHEMBL521528,-8.8,Cc1ccc(C#Cc2cn(C/C=C\CN3C(=O)c4ccccc4C3=O)c(=O)[nH]c2=O)cc1,-79.31,-1251.09,-1068.82,-102.96,
TDP43_v2,CHEMBL521733,-8.8,O=C(NCCc1c[nH]c2ccccc12)c1ccc(-c2ccccc2)cc1,-66.21,-1160.59,-1141.62,47.24,
TDP43_v2,CHEMBL522790,-8.8,Cc1cccc(NC(=O)c2cccc3c(=O)c4ccccc4[nH]c23)c1,-57.2,-1354.38,-1324.52,27.34,
TDP43_v2,CHEMBL523778,-8.8,O=C1CC(c2ccccc2C(F)(F)F)C(=O)N1CCN1CCN(c2ccccc2)CC1,-57.63,-1129.88,-1187.62,115.37,
TDP43_v2,CHEMBL526705,-8.8,C[C@@H]1NC(=O)c2[nH]c3ccccc3c2-c2ccccc21,-47.23,-1185.84,-1130.14,-8.47,
TDP43_v2,CHEMBL557628,-8.8,N#Cc1ccccc1C(=O)NC(=O)NC1c2ccccc2-c2ccccc21,,,,,"{""mmgbsa_dG"": null, ""error"": ""embed fallo (6 semillas) para C:\\Users\\Fredy\\masive-als\\gpu_dock\\resultados_libreria\\results_TDP43_v2\\CHEMBL557628_out.pdbqt""}"
TDP43_v2,CHEMBL559290,-8.8,Cc1cc(C(=O)Nc2cccc3cccnc23)ccc1N1C(=O)[C@@H]2[C@H](C1=O)[C@@H]1C=C[C@H]2C1,-93.08,-852.3,-823.1,63.88,
TDP43_v2,CHEMBL559502,-8.8,O=C1c2ccccc2-c2cccc3ccnc1c23,-49.73,-1290.72,-1304.72,63.73,
TDP43_v2,CHEMBL559823,-8.8,CC(=O)c1cc(-c2ccc(C(=O)C(=O)N3CCN(C(=O)c4ccccc4)CC3C)cc2)cs1,-83.82,-1168.59,-1249.24,164.47,
TDP43_v2,CHEMBL560014,-8.8,C[C@@H](Oc1cc(-c2cnc3ccccn23)sc1C(N)=O)c1ccccc1Cl,-48.99,-1190.04,-1142.93,1.88,
TDP43_v2,CHEMBL560336,-8.8,O=C(O)/C=C(\CCc1ccc2ccccc2c1)c1ccccc1,-37.15,-1192.88,-1148.56,-7.17,
TDP43_v2,CHEMBL560903,-8.8,O=C(Nc1cccc(-c2ccnc3ccnn23)c1)c1cccc(C(F)(F)F)c1,-59.61,-1155.74,-1173.12,76.99,
TDP43_v2,CHEMBL561969,-8.8,CN(C)CCOC(=O)c1cnn2c(-c3cccc(NC(=O)c4cccc(C(F)(F)F)c4)c3)ccnc12,-84.64,-1116.48,-1119.37,87.53,
TDP43_v2,CHEMBL562121,-8.8,Cc1ccccc1C(=O)NC(C)c1ccc2ccccc2c1,-36.33,-1135.79,-1109.03,9.57,
TDP43_v2,CHEMBL563466,-8.8,c1cc(COc2ccc(C3=NCCN3)cc2)cc(COc2ccc(C3=NCCN3)cc2)c1,-89.25,-1058.16,-1043.76,74.85,
TDP43_v2,CHEMBL564500,-8.8,O=C(CC1(CC(=O)NC2C3CC4CC(C3)CC2C4)CCCC1)NCc1ccc(F)cc1,-74.2,-984.0,-911.21,1.41,
TDP43_v2,CHEMBL565351,-8.8,C[C@@H]1CNCCN1c1cc(=O)n(C)c(CCc2ccccc2C(F)(F)F)n1,-49.45,-1316.16,-1283.44,16.73,
TDP43_v2,CHEMBL566112,-8.8,NC1=NC(c2ccc(OC(F)(F)F)cc2)(c2cccc(-c3cccnc3F)c2)C2=NCCN12,-89.94,-999.03,-926.12,17.02,
TDP43_v2,CHEMBL568414,-8.8,N#Cc1c(-c2ccc3c(c2)OCO3)[nH]c2nc(N)[nH]c(=O)c12,-82.63,-1577.69,-1380.58,-114.49,
TDP43_v2,CHEMBL596211,-8.8,COc1ccc(-c2ccc(Cn3cc(C(=O)O)c(=O)c4cccc(F)c43)cc2)cn1,-70.0,-1273.71,-1218.81,15.1,
TDP43_v2,CHEMBL610879,-8.8,Cc1ccc2c3c1O[C@@H]1c4[nH]c5ccccc5c4C[C@@]4(O)[C@@H](C2)N(CC2CC2)CC[C@]314,,,,,"{""mmgbsa_dG"": null, ""error"": ""embed fallo (6 semillas) para C:\\Users\\Fredy\\masive-als\\gpu_dock\\resultados_libreria\\results_TDP43_v2\\CHEMBL610879_out.pdbqt""}"
TDP43_v2,CHEMBL9952,-8.8,O=C1c2ccccc2CCCN1CCN1CCC(n2ccc3ccccc32)CC1,-50.92,-1028.57,-1050.71,73.06,
TDP43_v2,ESTRADIOL,-8.8,C[C@]12CC[C@@H]3c4ccc(O)cc4CC[C@H]3[C@@H]1CC[C@@H]2O,-46.25,-1156.66,-1164.91,54.5,
TDP43_v2,LEVONORGESTREL,-8.8,C#C[C@]1(O)CC[C@H]2[C@@H]3CCC4=CC(=O)CC[C@@H]4[C@H]3CC[C@@]21CC,-52.82,-1119.88,-1146.34,79.29,
TDP43_v2,LYNESTRENOL,-8.8,C#C[C@]1(O)CC[C@H]2[C@@H]3CCC4=CCCC[C@@H]4[C@H]3CC[C@@]21C,-36.02,-1101.15,-1134.96,69.83,
TDP43_v2,NORGESTREL,-8.8,C#CC1(O)CC[C@H]2[C@@H]3CCC4=CC(=O)CC[C@@H]4[C@H]3CC[C@@]21CC,-49.75,-1124.27,-1166.32,91.8,
TDP43_v2,CHEMBL1210538,-8.7,N#Cc1cccc(-c2nc3c(NC(=O)c4ccccc4)ncnc3[nH]2)c1,-60.56,-1131.74,-1104.81,33.64,
TDP43_v2,CHEMBL1210641,-8.7,O=C(Cn1nc(-c2ccc(Cl)cc2)c2cc(F)ccc2c1=O)NC1Cc2ccccc2C1,-69.43,-949.85,-972.56,92.14,
TDP43_v2,CHEMBL1210815,-8.7,Cc1ccc(F)cc1NC(=O)CN1CCN(c2nnc(Cc3ccccc3)c3ccccc23)CC1,-62.15,-956.78,-1048.04,153.41,
TDP43_v2,CHEMBL1210863,-8.7,c1ccc2c(c1)CCN(c1nc(N3CCOCC3)nc(N3CCc4ccccc4C3)n1)C2,,,,,"{""mmgbsa_dG"": null, ""error"": ""embed fallo (6 semillas) para C:\\Users\\Fredy\\masive-als\\gpu_dock\\resultados_libreria\\results_TDP43_v2\\CHEMBL1210863_out.pdbqt""}"
TDP43_v2,CHEMBL1242382,-8.7,Nc1ncnc2c1c(-c1ccc3ccccc3c1)nn2CCc1ccccc1,-56.04,-974.61,-916.23,-2.34,
TDP43_v2,CHEMBL1242809,-8.7,O=C1NC(=O)C(=C(/C=C/c2c[nH]c3ccccc23)c2ccccc2)C(=O)N1,-60.31,-1198.41,-1002.05,-136.05,
TDP43_v2,CHEMBL1242817,-8.7,CC1Cn2c(nc3ccccc32)-c2ccc3ccccc3c21,-45.23,-1231.23,-1178.3,-7.7,
TDP43_v2,CHEMBL1242951,-8.7,O=C(Cc1ccccc1)NC1CCN(CCCN2C(=O)CCc3cc(F)c(F)cc32)CC1,-76.18,-927.88,-846.78,-4.92,
TDP43_v2,CHEMBL1332994,-8.7,O=C(c1noc2c1CCCC2)N1CCc2ccccc2C1,-51.54,-1017.78,-975.77,9.52,
TDP43_v2,CHEMBL13972,-8.7,N#Cc1ccc(Oc2nccc(-c3c(-c4ccc(F)cc4)ncn3C3CCNCC3)n2)cc1,-70.57,-1140.62,-1066.77,-3.28,
TDP43_v2,CHEMBL1418541,-8.7,CNc1oc(-c2ccccc2Cl)nc1P(=O)(c1ccccc1)c1ccccc1,-63.16,-945.09,-956.47,74.54,
TDP43_v2,CHEMBL1440958,-8.7,CCc1nnc2c3ccccc3nc(Nc3ccc(F)cc3C)n12,-44.73,-1354.9,-1294.29,-15.88,
TDP43_v2,CHEMBL14504,-8.7,CC1CCC(=NNc2cccc3ccccc23)c2ncc(C(=O)O)c(=O)n21,-47.92,-1250.84,-1172.74,-30.18,
TDP43_v2,CHEMBL16468,-8.7,COc1ccccc1C(=O)NC[C@]1(c2ccccc2)CC[C@H](NC(=O)c2ccccc2)CC1,-85.44,-1083.68,-1043.36,45.12,
TDP43_v2,CHEMBL1731606,-8.7,Oc1ccc(Cc2ccccc2)c2cccnc12,-42.62,-1316.32,-1325.33,51.63,
TDP43_v2,CHEMBL17358,-8.7,O=C(O)c1ccc(S(=O)(=O)Nc2cccc(OCc3ccc4ccccc4n3)c2)cc1,-76.81,-1089.26,-1001.77,-10.68,
TDP43_v2,CHEMBL1808545,-8.7,Cc1cccc(C(=O)n2nc(C)c3ccccc32)c1,-55.67,-1263.14,-1316.69,109.22,
TDP43_v2,CHEMBL1808764,-8.7,Clc1ccc(CNc2cc3c(cn2)[nH]c2ccccc23)cc1,-65.16,-1195.26,-1106.96,-23.13,
TDP43_v2,CHEMBL18392,-8.7,Cc1ccccc1-c1nc(N(C(N)=O)c2c(F)cccc2F)c2ncn(C)c2n1,-44.95,-992.44,-943.46,-4.03,
TDP43_v2,CHEMBL1858571,-8.7,c1ccc2c(-c3nc(CN4CCCCC4)co3)cccc2c1,-40.2,-1235.14,-1259.08,64.14,
TDP43_v2,CHEMBL1858591,-8.7,COc1ccc(-c2nc(CNCc3cccc4ccccc34)co2)cc1,-50.99,-1334.92,-1332.21,48.27,
TDP43_v2,CHEMBL1858647,-8.7,Fc1ccccc1-c1nc(CNCc2cccc3ccccc23)co1,-53.74,-1157.68,-1155.72,51.78,
TDP43_v2,CHEMBL1858932,-8.7,Nc1cc(-c2ccccc2)n(Cc2coc(-c3cccc4ccccc34)n2)n1,-44.97,-982.79,-952.18,14.36,
TDP43_v2,CHEMBL1859337,-8.7,Cc1ccc(-c2nc(CN3CCN(c4cccc(C(F)(F)F)c4)CC3)co2)cc1,-48.28,-1082.93,-1196.55,161.9,
TDP43_v2,CHEMBL1859657,-8.7,Cc1ccc(/C(=N/O)N2CCOCC2)c(Oc2ccc3ccccc3c2)n1,-50.83,-883.76,-937.9,104.98,
TDP43_v2,CHEMBL1861110,-8.7,O/N=C(\NCc1cc(F)ccc1F)c1ccc(Oc2c(F)c(F)cc(F)c2F)nc1,-85.73,-1331.16,-1272.44,27.01,
TDP43_v2,CHEMBL1862831,-8.7,Cc1cc(C(=O)N2CCC(NC(c3ccc(C(F)(F)F)cc3)c3cccnc3)CC2)no1,-42.32,-1046.86,-1035.76,31.22,
TDP43_v2,CHEMBL1862954,-8.7,N#Cc1ccc(C(c2cccnc2)N2CCC(NC(=O)Nc3ccccc3)CC2)cc1,-97.39,-1322.43,-1177.66,-47.38,
TDP43_v2,CHEMBL1863567,-8.7,O=C1C=CC(=O)N1c1ccc2c(c1)Cc1cc(F)ccc1-2,-46.3,-1154.77,-1112.35,3.88,
TDP43_v2,CHEMBL1864560,-8.7,COc1ccc(-n2c3c(cc(C(=O)Nc4ccc(C)cc4)c2=O)C(=O)CCC3)cc1,-65.61,-1294.81,-1224.78,-4.41,
TDP43_v2,CHEMBL1864770,-8.7,O=C(Cn1c2ncccc2c(=O)n1-c1ccccc1)NCc1ccccc1,,,,,"{""mmgbsa_dG"": null, ""error"": ""embed fallo (6 semillas) para C:\\Users\\Fredy\\masive-als\\gpu_dock\\resultados_libreria\\results_TDP43_v2\\CHEMBL1864770_out.pdbqt""}"
TDP43_v2,CHEMBL1865061,-8.7,Cc1ccc(S(=O)(=O)/N=C(/Sc2ccccc2C(=O)O)c2ccccc2)cc1,-79.21,-1137.79,-1079.59,21.01,
TDP43_v2,CHEMBL1865717,-8.7,CN(C)CCNC(=O)c1cccc(-c2cc(NC=O)c3ncc(-c4cccc(C(F)(F)F)c4)n3c2)c1,-90.79,-1135.56,-1089.95,45.18,
TDP43_v2,CHEMBL1866108,-8.7,O=C(NCc1nnc(O)c2ccccc12)C1CC(=O)N(c2ccccc2)C1,-74.4,-1381.48,-1288.57,-18.51,
TDP43_v2,CHEMBL1900571,-8.7,Cc1ccc(NC(=O)CN2C=NS(=O)(=O)c3ccccc32)c(C)c1,-64.53,-1040.91,-957.41,-18.97,
TDP43_v2,CHEMBL19419,-8.7,Cc1cc2[nH]c(O)nc2cc1C#CCN1CCC(Cc2ccc(F)cc2)CC1,-84.34,-1285.82,-1196.84,-4.64,
TDP43_v2,CHEMBL21250,-8.7,CN(C)C(=N)c1ccc(NC(=O)c2nnnn2-c2ccc3cc(Cl)ccc3c2)c(F)c1,-55.88,-1078.93,-1014.41,-8.64,
TDP43_v2,CHEMBL2165614,-8.7,O=c1cc(COc2cc(-c3ccccc3)cc(-c3ccccc3)c2)[nH][nH]1,-59.45,-936.63,-938.13,60.95,
TDP43_v2,CHEMBL22829,-8.7,CN1CCCC[C@@H]1/C=C/C1c2ccccc2Cc2ccccc21,-59.58,-1228.62,-1224.32,55.28,
TDP43_v2,CHEMBL2360312,-8.7,CC1(C(=O)NS(=O)(=O)c2ccccc2Cl)CCN1C(=O)c1cccc2ccccc12,,,,,"{""mmgbsa_dG"": null, ""error"": ""embed fallo (6 semillas) para C:\\Users\\Fredy\\masive-als\\gpu_dock\\resultados_libreria\\results_TDP43_v2\\CHEMBL2360312_out.pdbqt""}"
TDP43_v2,CHEMBL2360861,-8.7,CC(C)(C)c1ccc(S(=O)(=O)NC(=O)C2(C)CCN2C(=O)c2cccc3ccccc23)cc1,-69.97,-1303.99,-1212.88,-21.14,
TDP43_v2,CHEMBL28106,-8.7,Cc1nn(-c2cccc([N+](=O)[O-])c2)c2oc3cc(OCCc4ccccc4)ccc3c(=O)c12,-76.55,-1137.69,-1171.67,110.53,
TDP43_v2,CHEMBL3309988,-8.7,Nc1nc2c3ccc(F)cc3nc(Cc3ccc4c(c3)OCO4)n2n1,-71.75,-1423.33,-1285.51,-66.07,
TDP43_v2,CHEMBL4435261,-8.7,NC(=O)c1ccc(-c2cc(-c3ccc([N+](=O)[O-])cc3)nc(-c3ccccn3)c2)cc1,-71.91,-1122.02,-1127.33,77.21,
TDP43_v2,CHEMBL4435778,-8.7,Cc1cccc([C@@H](C)Nc2nc(C)nc3ccc(-c4ccc(=O)n(C)c4)cc23)c1,-73.89,-1056.51,-933.93,-48.69,
TDP43_v2,CHEMBL4528139,-8.7,CCN1C(=O)N(CCCc2cccnc2)C(=O)C12CCN(Cc1cccc(C(F)(F)F)c1)CC2,-87.35,-1117.99,-1029.72,-0.92,
TDP43_v2,CHEMBL4529575,-8.7,COc1cccc(-c2cn3c(-c4ccc(C(=O)NC5CC5)cc4)cnc3cn2)c1F,-81.95,-1186.19,-1117.5,13.25,
TDP43_v2,CHEMBL4530123,-8.7,O=C(/C=C/c1cc(F)ccc1F)N1CCN(CCN2C(=O)c3cccc4cccc(c34)C2=O)CC1,-78.51,-1196.98,-1182.71,64.24,
TDP43_v2,CHEMBL4530728,-8.7,Fc1cccc(-c2nc3ccnc(NCc4ccccc4)c3[nH]2)c1,-52.86,-1115.47,-1013.52,-49.09,
TDP43_v2,CHEMBL4530818,-8.7,Cc1cccc(C(=O)Nc2nc3ccccn3c2C(=O)NC2CCCCC2)c1,-69.44,-1080.44,-926.97,-84.04,
TDP43_v2,CHEMBL4530954,-8.7,CC(=O)NC12CC3CC(C1)CC(C(=O)Nc1ccc4c(c1)-c1ccccc1C4)(C3)C2,-66.7,-1041.69,-985.53,10.54,
TDP43_v2,CHEMBL4531694,-8.7,Cc1cc(-c2cnc(N)c(C(=O)Nc3ccccc3)c2)ccc1F,-56.08,-1280.19,-1197.18,-26.93,
TDP43_v2,CHEMBL4531970,-8.7,Cc1cccc(-c2cc(CCNC(=O)c3sc4nc(C)ccc4c3N)ccc2N2CCNCC2)c1,-85.69,-901.17,-942.38,126.89,
TDP43_v2,CHEMBL4532451,-8.7,Cc1nccc2c1[nH]c1cc(OCc3cn(C/C=C/c4ccc5c(c4)OCO5)nn3)ccc12,-63.78,-839.4,-856.18,80.57,
TDP43_v2,CHEMBL4533962,-8.7,O=C(C(=O)N1CCN(C(=O)c2ccccc2)CC1)c1cccc2ccccc12,-65.31,-1079.52,-1151.79,137.58,
TDP43_v2,CHEMBL4534269,-8.7,NC(=S)c1cccc(-c2cccc3[nH]c(CNCc4ccccc4)cc23)c1,-82.04,-1262.47,-1217.14,36.71,
TDP43_v2,CHEMBL4534436,-8.7,Cc1cc(C)c(NC(=O)Cn2nc3ccc(-c4ccc(C)c(C)c4)nn3c2=O)c(C)c1,-64.93,-924.09,-950.85,91.7,
TDP43_v2,CHEMBL4534470,-8.7,CS(=O)(=O)/C(C#N)=C/c1cc(-c2ccnc3ccccc23)ccc1F,-59.02,-1181.7,-1138.18,15.5,
TDP43_v2,CHEMBL4534639,-8.7,Cc1nn(-c2ccccc2)c2c1C(c1cccs1)c1c(n(C)c(=O)n(C)c1=O)N2,-56.94,-1078.01,-938.39,-82.68,
TDP43_v2,CHEMBL4562819,-8.7,CN1CCN(c2ccc(-c3cn4c(-c5ccc6c(ccn6C)c5)cnc4cn3)cn2)CC1,,,,,"{""mmgbsa_dG"": null, ""error"": ""embed fallo (6 semillas) para C:\\Users\\Fredy\\masive-als\\gpu_dock\\resultados_libreria\\results_TDP43_v2\\CHEMBL4562819_out.pdbqt""}"
TDP43_v2,CHEMBL4564913,-8.7,O=C(NNS(=O)(=O)c1ccccc1)c1cccc(C(F)(F)F)c1,-68.3,-909.23,-941.04,100.11,
TDP43_v2,CHEMBL4564965,-8.7,NC(=O)c1cc(N2CCOCC2)nc2ccc(F)cc12,,,,,"{""mmgbsa_dG"": null, ""error"": ""embed fallo (6 semillas) para C:\\Users\\Fredy\\masive-als\\gpu_dock\\resultados_libreria\\results_TDP43_v2\\CHEMBL4564965_out.pdbqt""}"
TDP43_v2,CHEMBL4567981,-8.7,Cn1nc(CC(=O)N2CC(C(=O)N3CCCCC3)Oc3ccccc32)c2ccccc2c1=O,-74.92,-892.57,-897.08,79.42,
TDP43_v2,CHEMBL4567982,-8.7,Cc1ccc(NC(=O)Cn2nc3c4cc(-c5ccc(Cl)cc5)nn4ccn3c2=O)cc1C,-67.28,-1168.6,-1082.56,-18.76,
TDP43_v2,CHEMBL4568125,-8.7,CCOC(=O)N1CCC2(CC1)C[C@@H](NC(=O)c1cccc3cn[nH]c13)c1ccccc1O2,-68.2,-1022.3,-910.82,-43.29,
TDP43_v2,CHEMBL4568196,-8.7,N#CC1(c2ccc(-c3cnc(N)c(-c4ccc5c(c4)C4(CC4)NC5=O)n3)cc2)CCOCC1,-67.1,-376.86,-369.62,59.86,
TDP43_v2,CHEMBL4568203,-8.7,Cc1ccc(-c2cc3c4nn(CC(=O)Nc5ccc6c(c5)OCO6)c(=O)n4ccn3n2)cc1,-67.51,-1035.23,-947.97,-19.75,
TDP43_v2,CHEMBL4568847,-8.7,COc1ccc(-c2cc3c4nnc(SCC(=O)Nc5cccc(C)c5C)n4ccn3n2)cc1,-85.34,-1090.95,-1027.94,22.33,
TDP43_v2,CHEMBL4570368,-8.7,O=C1CCc2cc(N3CC[C@](O)(C(=O)NCc4c(F)ccc(F)c4F)C3=O)ccc2N1,-64.18,-984.26,-910.6,-9.47,
TDP43_v2,CHEMBL4570988,-8.7,Fc1ccc2c(c1)CCN(c1cccc(-c3nc4ccc(F)cc4[nH]3)n1)C2,,,,,"{""mmgbsa_dG"": null, ""error"": ""embed fallo (6 semillas) para C:\\Users\\Fredy\\masive-als\\gpu_dock\\resultados_libreria\\results_TDP43_v2\\CHEMBL4570988_out.pdbqt""}"
TDP43_v2,CHEMBL4571045,-8.7,O=S(=O)(c1cnc2ccccc2c1)n1cc(C2=CCNCC2)c2ccccc21,-54.88,-866.55,-910.45,98.78,
TDP43_v2,CHEMBL4571233,-8.7,Cc1ccc2c(Cn3cc(CSc4nc5ccccc5[nH]4)nn3)cc(=O)oc2c1C,-83.4,-1316.9,-1281.0,47.5,
TDP43_v2,CHEMBL4571761,-8.7,Cc1ccc(NC(=O)Cn2nc3c(Sc4ccccc4)nc4ccccc4n3c2=O)cc1C,-61.2,-1131.62,-1106.0,35.59,
TDP43_v2,CHEMBL4572029,-8.7,Cc1cc2nn(CC(=O)Nc3ccc(F)cc3)c(=O)n2c(Nc2ccccc2C)n1,-73.15,-1181.05,-1018.19,-89.72,
TDP43_v2,CHEMBL4573297,-8.7,Cc1ccc(F)cc1C(=O)Nc1nc2ccccn2c1C(=O)NC1CCCCC1,-65.75,-1030.57,-879.99,-84.84,
TDP43_v2,CHEMBL4573391,-8.7,O=c1c(-c2nnc(-c3ccc(Cl)cc3)o2)c[nH]c2ncc(-c3ccccc3)cc12,-51.92,-1016.22,-991.75,27.44,
TDP43_v2,CHEMBL4573482,-8.7,Cc1ccc(-c2cc3c4nn(CC(=O)Nc5ccccc5Br)c(=O)n4ccn3n2)cc1C,-65.68,-1018.39,-945.67,-7.04,
TDP43_v2,CHEMBL4573585,-8.7,Cc1nc(-c2ccccc2)cc(C2COC3(CCCCC3)O2)c1C(=O)O,-50.52,-938.2,-935.45,47.77,
TDP43_v2,CHEMBL4574109,-8.7,COc1ccccc1C(=O)Nc1nonc1-c1ccc2c(c1)CCCC2,-64.46,-1379.34,-1259.7,-55.19,
TDP43_v2,CHEMBL4574229,-8.7,N#Cc1ccc2c(c1)CN(CC[C@H]1CC[C@H](NC(=O)c3cnc4ccccn34)CC1)CC2,-77.23,-971.27,-912.69,18.65,
TDP43_v2,CHEMBL4575350,-8.7,FC(F)(F)c1ccc(-c2cn(Cc3ccc(-c4cn[nH]c4)cc3)nn2)cc1,-47.86,-1205.37,-1256.46,98.95,
TDP43_v2,CHEMBL4575412,-8.7,O=C1CCc2cc(N3CC[C@](O)(C(=O)NCc4ccc(F)c(Cl)c4F)C3=O)ccc2N1,-77.59,-996.56,-924.6,5.63,
TDP43_v2,CHEMBL4581153,-8.7,O=C(Nc1ccncc1)Nc1cccc(C2CCCN(c3ncnc4[nH]ccc34)C2)c1,-80.94,-1397.52,-1254.23,-62.36,
TDP43_v2,CHEMBL4581508,-8.7,c1cnc2ccc(Cn3cnc4ncc(-c5ccncc5)nc43)cc2c1,-39.71,-1215.52,-1264.72,88.9,
TDP43_v2,CHEMBL4581602,-8.7,O=C(Nc1ccc2[nH]ncc2c1)c1c[nH]c2cc(-c3ccccc3)cnc12,-73.04,-1183.2,-1156.01,45.85,
TDP43_v2,CHEMBL4581856,-8.7,Cc1ccc(-c2cc(CCNC(=O)c3sc4nc(C)ccc4c3N)ccc2N2CCNCC2)cc1,-76.98,-945.53,-993.27,124.71,
TDP43_v2,CHEMBL4581923,-8.7,Cc1nn(-c2ccccc2)c2c1C(c1ccc(F)cc1)CS(=O)(=O)O2,-56.45,-1167.94,-1154.42,42.93,
TDP43_v2,CHEMBL4582298,-8.7,Cc1ccc(-n2c(=O)[nH]cc(C(=O)Nc3ccc(C(C)C)cc3)c2=O)cc1C,-46.97,-1350.54,-1227.54,-76.03,
TDP43_v2,CHEMBL4582448,-8.7,c1ccc(-c2nc(-c3cccnc3)cc(N3CCc4ccccc4C3)n2)cc1,,,,,"{""mmgbsa_dG"": null, ""error"": ""embed fallo (6 semillas) para C:\\Users\\Fredy\\masive-als\\gpu_dock\\resultados_libreria\\results_TDP43_v2\\CHEMBL4582448_out.pdbqt""}"
TDP43_v2,CHEMBL4584624,-8.7,Cc1ccc(C(=O)N(C)c2ccc(Cl)cc2)cc1C#Cc1cc(-c2cnn(C)c2)cnc1N,-75.4,-927.06,-882.19,30.53,
TDP43_v2,CHEMBL4584931,-8.7,Cc1ccc(C2(c3ccccc3)NC(=O)N(CC(=O)c3cccs3)C2=O)cc1C,-71.5,-902.02,-833.84,3.33,
TDP43_v2,CHEMBL4634844,-8.7,Cc1c(C(=O)N/N=C\c2cccc(F)c2)oc2cccc(O)c12,-75.03,-943.11,-957.69,89.61,
TDP43_v2,CHEMBL4635265,-8.7,O=c1cc(-c2ccccc2)oc2ccc(NS(=O)(=O)c3ccccc3)cc12,-58.47,-1098.68,-1015.67,-24.54,
TDP43_v2,CHEMBL4636424,-8.7,O=C(Nc1ccccc1)Nc1ccc(F)c(C(=O)c2c[nH]c3ncccc23)c1F,-101.68,-1124.54,-1020.23,-2.63,
TDP43_v2,CHEMBL4637608,-8.7,O=C1CCc2cc(CNC(=O)Cn3ncc4ccccc4c3=O)ccc2C1,-64.64,-1331.04,-1323.06,56.65,
TDP43_v2,CHEMBL4638806,-8.7,O=C1CC2(C(=O)Nc3ccc(Cl)cc32)c2cnn(Cc3ccc(Cl)c(F)c3)c2N1,-64.25,-822.3,-796.88,38.83,
TDP43_v2,CHEMBL4639157,-8.7,Cc1ccc(C(=O)c2ccn(-c3ccccc3F)c2)cc1C,-49.97,-878.35,-912.26,83.88,
TDP43_v2,CHEMBL4639692,-8.7,COc1cc(C(=O)N[C@@H]2C[C@H]3CCC[C@@H](C2)N3Cc2nc3c(C)cccc3s2)cc(OC)c1OC,-80.66,-1167.82,-1145.42,58.26,
TDP43_v2,CHEMBL495018,-8.7,O=C(NCCN1CCC(n2c(=O)[nH]c3ccccc32)CC1)c1ccc2cc(F)ccc2c1,-71.2,-1479.95,-1384.1,-24.65,
TDP43_v2,CHEMBL498492,-8.7,CC(=O)N1CCc2cc(NC(=O)C3CCN(c4cccc(C(F)(F)F)c4)CC3)ccc21,-51.84,-1002.4,-954.28,3.71,
TDP43_v2,CHEMBL499604,-8.7,O=c1ccc(-n2ccc3ccccc32)nn1CCCN1CCN(c2ccccc2Cl)CC1,,,,,"{""mmgbsa_dG"": null, ""error"": ""embed fallo (6 semillas) para C:\\Users\\Fredy\\masive-als\\gpu_dock\\resultados_libreria\\results_TDP43_v2\\CHEMBL499604_out.pdbqt""}"
TDP43_v2,CHEMBL500635,-8.7,C(#Cc1cccc2ccccc12)c1cccc(Cc2c[nH]cn2)c1,-56.52,-1114.45,-1112.89,54.95,
TDP43_v2,CHEMBL502159,-8.7,Cc1ccc2[nH]c(-c3cc(Cc4ccccc4)ccc3O)cc(=O)c2c1,-54.89,-1211.16,-1182.89,26.62,
TDP43_v2,CHEMBL503546,-8.7,O=c1[nH]c2ccccc2c2cn(-c3cccc(C(F)(F)F)c3)nc12,-42.06,-1021.33,-1070.56,91.29,
TDP43_v2,CHEMBL507835,-8.7,N#Cc1cc(C(=O)c2ccc(F)cc2)n2c1ccc1ccccc12,-55.06,-816.27,-810.6,49.39,
TDP43_v2,CHEMBL508515,-8.7,CN(C)CCCn1c2ccc(O)cc2c2c3c(c(-c4ccccc4)cc21)C(=O)NC3=O,-87.35,-1409.95,-1319.94,-2.66,
TDP43_v2,CHEMBL508836,-8.7,Cc1ccccc1-n1cc(Cn2c(-c3cccc(F)c3)nc3ccccc32)nn1,-66.09,-1205.7,-1204.08,64.48,
TDP43_v2,CHEMBL510545,-8.7,O=C1NCCc2[nH]c(-c3ccnc(/C=C/c4ccccc4)c3)cc21,-75.49,-1251.47,-1201.54,25.57,
TDP43_v2,CHEMBL510902,-8.7,N#Cc1cc(C(=O)c2cccnc2)n2c1ccc1ccccc12,-67.68,-979.76,-956.26,44.17,
TDP43_v2,CHEMBL511317,-8.7,O=C1Oc2ccc3ccccc3c2CC1C(=O)c1ccc(Br)cc1,-43.66,-1224.79,-1187.02,5.89,
TDP43_v2,CHEMBL511475,-8.7,O=C(NCCN1CCC2(CC1)C(=O)NCN2c1ccccc1)c1ccc2ccccc2c1,-58.66,-1010.19,-958.92,7.39,
TDP43_v2,CHEMBL512326,-8.7,Cc1ccc(C(=O)Nc2cccc(-c3nc4ccccc4[nH]3)c2)cc1,-76.25,-1283.6,-1231.69,24.34,
TDP43_v2,CHEMBL512559,-8.7,O=C(O)c1cc2c(c3c1ccc1ccccc13)OCO2,-72.74,-1332.15,-1289.46,30.05,
TDP43_v2,CHEMBL513061,-8.7,Nc1ccc(-c2ccccc2)cc1NC(=O)c1ccc(CN2CCC3(CCNC3)CC2)cc1,-65.49,-832.72,-820.46,53.23,
TDP43_v2,CHEMBL513662,-8.7,O=C(Nc1ccccc1-n1cccn1)c1cccc2c1C(=O)c1ccccc1-2,-71.65,-1120.44,-1108.07,59.28,
TDP43_v2,CHEMBL514041,-8.7,CCNC(=O)/C=C/c1cc2c(Nc3ccc4[nH]ccc4c3C)c(C#N)cnc2s1,-78.16,-1144.37,-1067.21,1.01,
TDP43_v2,CHEMBL514934,-8.7,O=S(=O)(c1ccc(-c2ccccc2)cc1)N1CCC(c2nc3ccccc3[nH]2)CC1,-55.52,-1230.21,-1180.8,6.1,
TDP43_v2,CHEMBL515219,-8.7,CN(C)c1ccc(C2=Nn3c(Cc4c[nH]c5ccccc45)nnc3SC2)cc1,-59.57,-1400.5,-1424.92,83.99,
TDP43_v2,CHEMBL515548,-8.7,Cc1n[nH]c2c(CO)ccc(Oc3cc(C#N)cc(C#N)c3)c12,-56.63,-1374.01,-1372.12,54.74,
TDP43_v2,CHEMBL516278,-8.7,O=C1Nc2ccccc2/C1=C\c1cccc(/C=C2/C(=O)Nc3ccccc32)n1,-64.57,-1164.67,-1102.51,2.41,
TDP43_v2,CHEMBL516959,-8.7,COc1ccc(Cc2cc(C3CCN(C(=O)c4ccc5occc5c4)CC3)nc(N)n2)cc1,-67.92,-1136.14,-985.52,-82.71,
TDP43_v2,CHEMBL516966,-8.7,Cc1ccc(C(=O)Nc2nc3ccccc3c3cn(-c4ccccc4)nc23)o1,-70.55,-934.49,-922.29,58.35,
TDP43_v2,CHEMBL518063,-8.7,CCc1nc2cc(Cl)ccc2c(=O)n1-c1n[nH]c2ccccc12,-77.28,-1208.23,-1134.27,3.31,
TDP43_v2,CHEMBL519534,-8.7,Cc1cccc(N(C)c2cc(N3CCN(CC(=O)Nc4nc(-c5ccccc5)cs4)CC3)ncn2)c1,,,,,"{""mmgbsa_dG"": null, ""error"": ""embed fallo (6 semillas) para C:\\Users\\Fredy\\masive-als\\gpu_dock\\resultados_libreria\\results_TDP43_v2\\CHEMBL519534_out.pdbqt""}"
TDP43_v2,CHEMBL520122,-8.7,O=C(Nc1nc2ccccc2c2cn(-c3ccccc3)nc12)c1ccccn1,-63.69,-906.04,-927.07,84.72,
TDP43_v2,CHEMBL520512,-8.7,Cc1cccc(Oc2ccnc(N3CCN(CC(=O)Nc4cccc5c4CCCC5)CC3)n2)c1,,,,,"{""mmgbsa_dG"": null, ""error"": ""embed fallo (6 semillas) para C:\\Users\\Fredy\\masive-als\\gpu_dock\\resultados_libreria\\results_TDP43_v2\\CHEMBL520512_out.pdbqt""}"
TDP43_v2,CHEMBL520745,-8.7,NC(=O)c1cccc2[nH]c(C3(N)CCc4ccccc4C3)nc12,-67.57,-998.77,-962.6,31.39,
TDP43_v2,CHEMBL521670,-8.7,O=C(NNc1cccc2ncccc12)C1(c2ccccc2F)CCCCC1,-40.7,-1081.29,-1112.94,72.35,
TDP43_v2,CHEMBL521724,-8.7,Cc1nc2c(N[C@H]3CCc4ccccc43)cc(-n3ccccc3=O)cn2c1C,-68.13,-1090.27,-1047.92,25.78,
TDP43_v2,CHEMBL522196,-8.7,COc1ccc2c(OCc3nnc4ccc(-c5ccc(F)c(F)c5)nn34)ccnc2c1,-69.04,-1145.41,-1113.97,37.6,
TDP43_v2,CHEMBL522716,-8.7,O=C(NC1CCc2cc(F)ccc21)C(=O)c1c[nH]c2ccccc12,-47.08,-935.97,-983.36,94.47,
TDP43_v2,CHEMBL523780,-8.7,COc1ccc(CN/C=C2\C(=O)NC(=O)c3ccc(-c4ccccc4)cc32)cc1O,-61.26,-1049.57,-988.07,-0.24,
TDP43_v2,CHEMBL523873,-8.7,O=C(NNc1cccc2ncccc12)C12CC3CC(CC(Cl)(C3)C1)C2,-46.23,-1080.09,-1100.39,66.53,
TDP43_v2,CHEMBL524445,-8.7,O/N=C1\CCc2cc(-c3cn(CC4CCCNC4)nc3-c3ccncc3)ccc21,-84.52,-1091.68,-1082.14,74.98,
TDP43_v2,CHEMBL527521,-8.7,O=c1[nH]c2c(cc1CNC1CCCCC1)c(-c1cccc(F)c1)nn2-c1ccccc1,-55.69,-1168.82,-1171.01,57.88,
TDP43_v2,CHEMBL527748,-8.7,NC1CCCN(Cc2cccc(-c3cccc(-c4nc5ccccc5[nH]4)c3)c2)C1,-55.71,-1042.43,-1069.95,83.23,
TDP43_v2,CHEMBL550991,-8.7,Cc1ccc(C(=O)N[C@H](C)c2ccc3ccccc3c2)cc1,-52.15,-996.18,-949.54,5.51,
TDP43_v2,CHEMBL559579,-8.7,Cc1ccc2c3c(ccc2n1)OC[C@H](CN1CCN(c2ccc4cc(Cl)ccc4n2)CC1)O3,-65.94,-960.1,-1003.91,109.74,
TDP43_v2,CHEMBL560367,-8.7,Fc1cccc(CNC2=N[C@H](c3ccccc3)[C@H](c3ccccc3)N2)c1,-69.75,-1091.97,-958.54,-63.67,
TDP43_v2,CHEMBL561567,-8.7,O=C(Nc1cccc(-c2ccnc3c(C(=O)O)cnn23)c1)c1cccc(C(F)(F)F)c1,-93.42,-1168.17,-1116.6,41.85,
TDP43_v2,CHEMBL561880,-8.7,Cc1cc(N/N=C/c2ccnc3ccccc23)c2cc3c(cc2n1)OCO3,-56.08,-1152.41,-1126.95,30.61,
TDP43_v2,CHEMBL562355,-8.7,O=C(NCCc1ccc(O)cc1)C(c1ccccc1)c1ccccc1,-80.45,-1010.85,-975.44,45.05,
TDP43_v2,CHEMBL562431,-8.7,C[C@H](C(=O)NCCc1ccc(O)cc1)c1cccc(C(O)c2ccccc2)c1,-91.86,-1253.59,-1190.5,28.78,
TDP43_v2,CHEMBL563965,-8.7,O=C(CN1C(=O)N/C(=C/c2ccc(Cl)cc2)C1=O)Nc1cccc(C(F)(F)F)c1,-71.25,-1251.41,-1153.17,-26.99,
TDP43_v2,CHEMBL564227,-8.7,CS(=O)(=O)c1ccc([C@H](CCNC(=O)c2ccc(C#N)cc2)c2ccc(F)cc2)cc1,-76.62,-1299.95,-1292.33,69.01,
TDP43_v2,CHEMBL564391,-8.7,COc1ccccc1C(=O)NC(=O)NC1c2ccccc2-c2ccccc21,-66.24,-1176.25,-1034.17,-75.84,
TDP43_v2,CHEMBL564694,-8.7,Cc1cc(C(=O)C(=O)N2CCN(C(=O)c3ccccc3)C[C@H]2C)ccc1-c1cc[nH]n1,-82.89,-958.25,-1039.83,164.47,
TDP43_v2,CHEMBL564933,-8.7,O=C(c1ccc2ccccc2n1)c1ccccc1C(F)(F)F,-41.65,-954.3,-988.4,75.75,
TDP43_v2,CHEMBL565061,-8.7,CCOC(=O)c1cnn2c(-c3cccc(NC(=O)c4cccc(C(F)(F)F)c4)c3)ccnc12,-84.16,-1217.49,-1205.15,71.82,
TDP43_v2,CHEMBL565206,-8.7,CC(=O)c1cccc(-c2ccc3c(c2)CC[C@]24CN(C)C[C@H]2CC[C@@H]34)c1,-56.96,-989.42,-1018.61,86.16,
TDP43_v2,CHEMBL565378,-8.7,COc1ccc(C2(c3ccc(C#N)c(-c4cccnc4)c3)N=C(N)N(C)C2=O)cc1C,-72.96,-1224.41,-1156.96,5.5,
TDP43_v2,CHEMBL566084,-8.7,CN(C1CCCc2ccccc21)C1CC(=O)c2ccccc21,-30.95,-1016.49,-1031.03,45.5,
TDP43_v2,CHEMBL566345,-8.7,O=C(NOC1CCCCO1)c1ccc2[nH]c(=O)c(CCCc3ccccc3)nc2c1,-69.27,-895.76,-920.02,93.52,
TDP43_v2,CHEMBL566402,-8.7,O=C(c1ccc2ccccc2c1)c1nc2cc(N3CCNCC3)ccc2[nH]1,-75.88,-827.69,-895.8,144.0,
TDP43_v2,CHEMBL566447,-8.7,CCc1cc2c(N3CCN(C(=O)Oc4cccc5ccccc45)CC3)ncnc2s1,-59.72,-1200.45,-1159.61,18.89,
TDP43_v2,CHEMBL602526,-8.7,Cc1cccc(C(=O)ONC(=N)Cc2cccc3ccccc23)c1,-66.0,-1113.76,-1123.91,76.15,
TDP43_v2,CHEMBL7914,-8.7,Cc1ccc(Nc2cc3c(cc2Nc2ccc(C)cc2)C(=O)NC3=O)cc1,-87.56,-1231.51,-1106.12,-37.83,
TDP43_v2,CHEMBL8208,-8.7,c1ccc2c(CNCc3c[nH]c4ccccc34)cccc2c1,-45.87,-999.54,-980.48,26.81,
TDP43_v2,CHEMBL9127,-8.7,Cc1onc2c(=O)n(CCCN3CCN(c4cccc(Cl)c4)CC3)nc(-c3ccccc3)c12,,,,,"{""mmgbsa_dG"": null, ""error"": ""embed fallo (6 semillas) para C:\\Users\\Fredy\\masive-als\\gpu_dock\\resultados_libreria\\results_TDP43_v2\\CHEMBL9127_out.pdbqt""}"
TDP43_v2,ESTRIOL,-8.7,C[C@]12CC[C@@H]3c4ccc(O)cc4CC[C@H]3[C@@H]1C[C@@H](O)[C@@H]2O,-46.94,-939.94,-970.25,77.24,
TDP43_v2,ETHINYL ESTRADIOL,-8.7,C#C[C@]1(O)CC[C@H]2[C@@H]3CCc4cc(O)ccc4[C@H]3CC[C@@]21C,-42.66,-1031.45,-1044.21,55.43,
TDP43_v2,PALONOSETRON,-8.7,O=C1c2cccc3c2[C@H](CCC3)CN1[C@@H]1CN2CCC1CC2,-48.99,-1270.56,-1305.97,84.39,
TDP43_v2,CHEMBL1210540,-8.6,COc1ccc(C(=O)Nc2ncnc3[nH]c(/C=C/c4ccccc4)nc23)cc1,-57.05,-1247.71,-1195.17,4.51,
TDP43_v2,CHEMBL1210801,-8.6,CN1CCN(c2nc(N3CCCc4ccccc43)nc(N3CCCc4ccccc43)n2)CC1,,,,,"{""mmgbsa_dG"": null, ""error"": ""embed fallo (6 semillas) para C:\\Users\\Fredy\\masive-als\\gpu_dock\\resultados_libreria\\results_TDP43_v2\\CHEMBL1210801_out.pdbqt""}"
TDP43_v2,CHEMBL12225,-8.6,O=C(O)c1ccc(O)c(C(=O)/C=C/c2ccccc2OCc2ccccc2)c1,-131.78,-1153.59,-1082.01,60.2,
TDP43_v2,CHEMBL1242758,-8.6,Nc1ncnc2c1c(-c1cccc3[nH]ccc13)nn2C1CCCC1,-64.71,-1150.27,-1110.35,24.79,
TDP43_v2,CHEMBL1242790,-8.6,Cc1ccc2c(CC3NCCc4ccccc43)cc(=O)oc2c1,-59.12,-1368.52,-1368.32,58.92,
TDP43_v2,CHEMBL1242888,-8.6,O=c1cc(CC2NCCc3ccccc32)c2ccc3ccccc3c2o1,-42.84,-1294.75,-1317.7,65.78,
TDP43_v2,CHEMBL124937,-8.6,O=c1cc(Nc2ccc3ccccc3c2)[nH]c(=O)[nH]1,-32.31,-1163.78,-951.7,-179.77,
TDP43_v2,CHEMBL1367070,-8.6,Cc1ccccc1C(=O)c1cccn1CC(=O)NCc1ccc2c(c1)OCO2,-73.93,-1232.76,-1224.47,65.64,
TDP43_v2,CHEMBL14272,-8.6,CC1CCC(=NNc2ccc3ccccc3c2)c2ncc(C(=O)O)c(=O)n21,-54.6,-1285.61,-1182.91,-48.11,
TDP43_v2,CHEMBL1435510,-8.6,O=C(c1ccc(-c2ccccc2Cl)o1)N1CCN(c2ccccc2O)CC1,,,,,"{""mmgbsa_dG"": null, ""error"": ""embed fallo (6 semillas) para C:\\Users\\Fredy\\masive-als\\gpu_dock\\resultados_libreria\\results_TDP43_v2\\CHEMBL1435510_out.pdbqt""}"
TDP43_v2,CHEMBL1524917,-8.6,O=C(CSc1ccc(-c2ccccc2)nn1)N1CCCc2ccccc21,-50.84,-1199.15,-1191.7,43.38,
TDP43_v2,CHEMBL17580,-8.6,N=C(N)c1ccc(CNC(=O)C2CCC=C2C(=O)N2CCc3ccccc32)cc1,-76.56,-1306.07,-1191.69,-37.82,
TDP43_v2,CHEMBL17934,-8.6,CC1=NN(C(=O)Nc2cc(C)cc(C)c2)C(C)=NN1C(=O)Nc1cc(C)cc(C)c1,-48.04,-861.55,-836.01,22.5,
TDP43_v2,CHEMBL1795794,-8.6,CC1(C)CC(NC(=S)Nc2cccc(C#N)c2)c2cc(NC=O)ccc2O1,-81.53,-1454.02,-1288.07,-84.43,
TDP43_v2,CHEMBL1795802,-8.6,Cc1cc(C)c2c(=O)n(CC(=O)Nc3ccc(F)cc3C)sc2n1,-59.32,-979.39,-943.94,23.87,
TDP43_v2,CHEMBL1808762,-8.6,Clc1ccccc1CNc1cc2c(cn1)[nH]c1ccccc12,-77.8,-1159.96,-1051.43,-30.73,
TDP43_v2,CHEMBL1857968,-8.6,Cc1ccc(/C(=N/O)N2CCCC2)c(Oc2ccc3ccccc3c2)n1,,,,,"{""mmgbsa_dG"": null, ""error"": ""embed fallo (6 semillas) para C:\\Users\\Fredy\\masive-als\\gpu_dock\\resultados_libreria\\results_TDP43_v2\\CHEMBL1857968_out.pdbqt""}"
TDP43_v2,CHEMBL1858634,-8.6,Cc1ccc(/C(=N/O)NC2CCC2)c(Oc2cccc3c2CCCC3)n1,-55.62,-1237.64,-1231.94,49.92,
TDP43_v2,CHEMBL1859594,-8.6,Cc1ccc2cccc(Oc3ccc(/C(=N/O)n4cccn4)cn3)c2n1,-61.69,-910.48,-989.99,141.2,
TDP43_v2,CHEMBL1859758,-8.6,Cc1ccc(/C(=N/O)N2CCSC2)c(Oc2ccc3ccccc3c2)n1,-56.86,-1213.53,-1193.6,36.93,
TDP43_v2,CHEMBL1862981,-8.6,Cc1cc(C(=O)NC2CCN(C(c3ccc(C(F)(F)F)cc3)c3cccnc3)CC2)[nH]n1,-60.39,-1076.67,-1038.36,22.07,
TDP43_v2,CHEMBL1863704,-8.6,O=C(c1cc(Cl)nc2ccccc12)N1CCN(S(=O)(=O)c2cccc(C(F)(F)F)c2)CC1,-51.27,-1030.83,-1040.12,60.56,
TDP43_v2,CHEMBL1864148,-8.6,Cc1cccc(C(O)c2nc(-c3cccc(C(F)(F)F)c3)c[nH]2)c1C,-58.0,-1131.54,-1157.84,84.3,
TDP43_v2,CHEMBL1865181,-8.6,Cc1ccc(-c2nnn(CC(=O)NC(=O)NC3CCCCC3)n2)cc1,-79.07,-1420.48,-1257.49,-83.93,
TDP43_v2,CHEMBL1865323,-8.6,CC1CC(C)(C)CC2(C1)NC(=O)N(CC(=O)N(C)Cc1nc(O)c3ccccc3n1)C2=O,-92.78,-957.89,-829.21,-35.91,
TDP43_v2,CHEMBL1865473,-8.6,Cc1cc(C)cc(N2CC(c3nc(-c4cccc(Cl)c4)no3)CC2=O)c1,-56.85,-1380.91,-1285.63,-38.42,
TDP43_v2,CHEMBL1865562,-8.6,O=C(NCc1ccccc1)c1ccc(-c2cn[nH]c2)c2ccoc12,-57.6,-1106.92,-1072.87,23.55,
TDP43_v2,CHEMBL1865574,-8.6,CC(C)(C)n1nc(Cc2cccc3ccccc23)c(C#N)c1N,-57.82,-998.17,-1027.36,87.01,
TDP43_v2,CHEMBL19051,-8.6,O=S1(=O)c2cccc3cccc(c23)N1CCN1CC=C(Cc2c[nH]c3ccc(F)cc23)CC1,-65.45,-1162.48,-1156.49,59.46,
TDP43_v2,CHEMBL19957,-8.6,O=C1Cc2cc(C#CCN3CCC(Cc4ccc(F)cc4)CC3)ccc2N1,-56.29,-1269.78,-1228.88,15.39,
TDP43_v2,CHEMBL20834,-8.6,O=C1NC(=O)c2c1c1c(ccc3cccnc31)c1[nH]c3ccccc3c21,-53.17,-1173.27,-1130.12,10.02,
TDP43_v2,CHEMBL21992,-8.6,CC(=O)N1CCc2ccc(N(C(=O)/C=C/c3ccccc3)C3CCN(C(=O)c4ccccc4)CC3)cc21,-64.2,-985.05,-930.37,9.52,
TDP43_v2,CHEMBL24827,-8.6,N=C(N)c1ccc(COc2cccc(CCNS(=O)(=O)c3ccc(Cl)cc3)c2)cc1,-98.35,-1236.37,-1100.18,-37.84,
TDP43_v2,CHEMBL4434647,-8.6,O=C(Cn1cc(Cn2c3ccccc3c3ccccc32)nn1)c1cccc(F)c1,-63.13,-1179.5,-1179.85,63.49,
TDP43_v2,CHEMBL4434862,-8.6,O=C(O)[C@H]1C2CCC(CC2)[C@@H]1Nc1nc(-c2n[nH]c3ncc(F)cc23)nc2ccsc12,-107.64,-1165.29,-1101.42,43.78,
TDP43_v2,CHEMBL4435536,-8.6,c1ccc(CCc2ccc3[nH]nc(-c4ccc(N5CCNCC5)nc4)c3c2)cc1,,,,,"{""mmgbsa_dG"": null, ""error"": ""embed fallo (6 semillas) para C:\\Users\\Fredy\\masive-als\\gpu_dock\\resultados_libreria\\results_TDP43_v2\\CHEMBL4435536_out.pdbqt""}"
TDP43_v2,CHEMBL4528173,-8.6,COc1cccc(CN2C(=O)CN(C(=O)c3cc4cc(OC)ccc4o3)C[C@@H]2CCc2ccccc2)c1,-81.17,-971.97,-986.67,95.87,
TDP43_v2,CHEMBL4528363,-8.6,CC(C)(N)c1ccc(-n2c(-c3cccnc3N)nc3ccc(-c4ccccc4)nc32)cc1,-86.16,-953.48,-925.71,58.39,
TDP43_v2,CHEMBL4529627,-8.6,Cc1ccc(C)c(C(=O)COC(=O)c2c(O)ccc3ccccc23)c1,-66.98,-962.02,-956.4,61.36,
TDP43_v2,CHEMBL4530813,-8.6,CC(C)S(=O)(=O)c1ccc(-c2cnc(N)c(-c3cc(-c4ccccc4)on3)n2)cc1,-54.12,-1121.66,-1149.6,82.06,
TDP43_v2,CHEMBL4530924,-8.6,C[C@H]1NC(=O)c2cc(-c3nccc4c(=O)n(C)c(NC(C)(C)C)nc34)[nH]c21,-75.73,-1317.91,-1175.25,-66.92,
TDP43_v2,CHEMBL4531076,-8.6,Cc1cc(O)c(=O)c(O)cc1C(=O)c1ccc2ccccc2c1,-47.4,-1108.48,-1184.04,122.96,
TDP43_v2,CHEMBL4531349,-8.6,O=C(c1nnc(-c2ccc(C(F)F)cc2)o1)N1CC(Oc2ccc(CN3CC4(COC4)C3)cc2)C1,-79.82,-934.38,-1109.73,255.16,
TDP43_v2,CHEMBL4531618,-8.6,OCc1cccc(-c2cnc3ccc(-c4ccccc4)nn23)c1,-55.61,-1144.19,-1138.68,50.1,
TDP43_v2,CHEMBL4531919,-8.6,N#Cc1ccccc1Cn1ccc2ccc(-c3cc(N)n[nH]3)cc21,-76.41,-1377.38,-1307.58,6.62,
TDP43_v2,CHEMBL4532181,-8.6,CN1CCCC1c1cn(Cc2ccc(C(=O)NO)cc2)c2ccccc12,-72.19,-1088.45,-1120.86,104.61,
TDP43_v2,CHEMBL4532455,-8.6,Cc1ccc2nc(CNc3ccccc3-c3ccccc3)cc(=O)n2c1,-54.38,-1200.34,-1128.78,-17.18,
TDP43_v2,CHEMBL4533450,-8.6,O=c1c2ccccc2nnn1CSc1nc2ccccc2c(=O)n1CCC1=CCCCC1,-60.95,-1026.21,-900.91,-64.35,
TDP43_v2,CHEMBL4533617,-8.6,C=C1C(c2ccccc2F)=CC(=O)N1Cc1ccccc1,-47.0,-1156.37,-1107.61,-1.75,
TDP43_v2,CHEMBL4534146,-8.6,N#Cc1ccc(-c2cnc3cnc(/C=C/c4ccccc4)cn23)cc1,-48.52,-1095.68,-1069.55,22.39,
TDP43_v2,CHEMBL4534361,-8.6,N#Cc1ccc(-c2cnc(N)c(-c3cc4c(cn3)C(=O)NCC4)c2)cc1,-75.95,-1309.89,-1239.71,5.77,
TDP43_v2,CHEMBL4534671,-8.6,COc1cccc(NC(=O)c2ccc(C)c(C#Cc3cc(-c4cnn(C)c4)cnc3N)c2)c1,-74.9,-1002.09,-925.15,-2.04,
TDP43_v2,CHEMBL4564248,-8.6,N#Cc1c(N)n[nH]c1-c1ccc2ccn(Cc3ccnc4ccccc34)c2c1,-80.39,-844.09,-784.83,21.13,
TDP43_v2,CHEMBL4564493,-8.6,Cc1ccc2c(=O)c3c(oc2c1)N1C[C@@H]2CCCN4CCC[C@@H]([C@H]24)[C@H]1CC3,-47.43,-1330.71,-1173.66,-109.61,
TDP43_v2,CHEMBL4564717,-8.6,CC(=O)Nc1cccc(-c2cn3c(-c4ccc(C#N)cc4)cnc3cn2)c1,-75.17,-1167.88,-1101.09,8.38,
TDP43_v2,CHEMBL4564941,-8.6,CN1C(=O)C(NCc2ccccc2Cl)=C(c2cn(C)c3ccccc23)C1=O,-57.0,-973.76,-962.63,45.87,
TDP43_v2,CHEMBL4565044,-8.6,Cc1ccc(S(=O)(=O)Nc2ccc(C(=O)Nc3ncccc3O)cc2)cc1C,-68.56,-1338.88,-1236.94,-33.38,
TDP43_v2,CHEMBL4565154,-8.6,O=C(Cn1nc2c3c4c(sc3ncn2c1=O)CCCC4)N1CCc2ccccc2C1,-69.75,-1139.84,-1038.13,-31.96,
TDP43_v2,CHEMBL4566306,-8.6,Cc1ccc(Sc2nccn3c(=O)n(CC(=O)N4CCN(c5ccccc5)CC4)nc23)c(C)c1,-76.46,-959.45,-1026.9,143.91,
TDP43_v2,CHEMBL4566420,-8.6,NC(=O)c1ccc(-c2cc(-c3ccncc3)nc(-c3ccc([N+](=O)[O-])cc3)c2)cc1,-64.33,-1128.93,-1104.72,40.12,
TDP43_v2,CHEMBL4566603,-8.6,Cc1cc2nn(CC(=O)Nc3ccccc3F)c(=O)n2c(Nc2ccc(C)c(F)c2)n1,-63.01,-1303.67,-1155.23,-85.43,
TDP43_v2,CHEMBL4566630,-8.6,O=C(Nc1ccccc1)C1CSc2c(O)c(Cc3cccc4ccccc34)cc(=O)n21,-66.24,-1231.42,-1152.14,-13.05,
TDP43_v2,CHEMBL4568077,-8.6,C[C@H]1COCCN1c1nc(-c2cnc(N)cc2C(F)F)cc(N2CCOCC2)n1,,,,,"{""mmgbsa_dG"": null, ""error"": ""embed fallo (6 semillas) para C:\\Users\\Fredy\\masive-als\\gpu_dock\\resultados_libreria\\results_TDP43_v2\\CHEMBL4568077_out.pdbqt""}"
TDP43_v2,CHEMBL4568480,-8.6,O=C(O)c1ccc(-c2cc(=O)n3nc(C4CC4)c(-c4ccc(Cl)cc4)c3[nH]2)cc1,-58.31,-903.12,-912.39,67.57,
TDP43_v2,CHEMBL4570634,-8.6,CN(C[C@H]1COc2ccccc2O1)c1nc(-c2cccnc2)nc2ccccc12,-57.71,-1155.93,-1109.16,10.94,
TDP43_v2,CHEMBL4571235,-8.6,COc1cccc2cc3c(cc12)C(=O)N(c1ccccc1C(F)(F)F)C3=O,-52.98,-1052.17,-1028.85,29.66,
TDP43_v2,CHEMBL4571330,-8.6,Cc1cc2nn(CC(=O)Nc3cc(F)cc(F)c3)c(=O)n2c(Nc2ccccc2C)n1,-62.87,-1388.93,-1212.17,-113.89,
TDP43_v2,CHEMBL4571531,-8.6,COc1ccc(S(=O)(=O)N2CCc3ccccc32)cc1C(=O)NOCc1ccccc1,-62.22,-1156.39,-1144.45,50.28,
TDP43_v2,CHEMBL4571884,-8.6,Cn1ccc2cc(NC(=O)Cc3ccc(-n4c5c(c6ncnc(N)c64)CCC5)cc3)ccc21,-84.61,-1255.22,-1159.62,-10.99,
TDP43_v2,CHEMBL4572783,-8.6,Fc1ccc2[nH]c(Cc3c[nH]c4c(F)cccc34)cc2c1,-37.86,-978.89,-987.25,46.22,
TDP43_v2,CHEMBL4573527,-8.6,Cc1cccc(-c2ccc3c(c2)CCNC3=O)c1,-53.23,-1454.12,-1423.84,22.95,
TDP43_v2,CHEMBL4573582,-8.6,Cc1ccc2nc(NC(=O)c3cccc(C(F)(F)F)c3)c(C(=O)NC3CCCCC3)n2c1,-78.22,-1065.24,-943.88,-43.14,
TDP43_v2,CHEMBL4574735,-8.6,CNc1cc(-c2ccc3cnn(Cc4ccc(C(F)(F)F)cc4)c3c2)cn(C)c1=O,-55.13,-1280.23,-1373.03,147.93,
TDP43_v2,CHEMBL4574936,-8.6,O=C(c1cccc(NCc2cc(-c3ccc(Cl)cc3)c[nH]c2=O)c1)N1CCOCC1,-69.01,-1049.37,-1013.25,32.89,
TDP43_v2,CHEMBL4575882,-8.6,Cc1cccc(Nc2ncc(C(=O)c3cccc(-c4ccncc4)c3)[nH]2)c1,-74.84,-1392.07,-1322.43,5.21,
TDP43_v2,CHEMBL4581669,-8.6,CC(C)(C(=O)NCCc1ccccc1)n1cc(-c2ccc3c(c2)OCCO3)cn1,-78.22,-1193.55,-1162.58,47.25,
TDP43_v2,CHEMBL4581962,-8.6,O=C1C=CC2(C=C1)OCC(Cc1cccc(Br)c1)C(=O)N2c1ccccc1,-55.91,-1165.35,-1048.86,-60.58,
TDP43_v2,CHEMBL4583678,-8.6,O=C(N/N=C/c1ccc(Cl)cc1)c1nc(-c2cc3ccccc3oc2=O)cs1,-65.42,-1043.93,-1092.02,113.51,
TDP43_v2,CHEMBL4585010,-8.6,Cc1c(C(=O)N2CCC(F)(c3ccc(F)cc3)C2)cnn1-c1nn2cccc2c(=O)[nH]1,-48.29,-1007.69,-959.26,-0.14,
TDP43_v2,CHEMBL4585059,-8.6,Cc1cc2nn(CC(=O)Nc3cccc(C)c3C)c(=O)n2c(Nc2ccc(C)c(F)c2)n1,-58.4,-1240.88,-1092.13,-90.35,
TDP43_v2,CHEMBL4585069,-8.6,CNC(=O)c1ccc(CNc2cc(C(F)(F)F)c(C#N)c3nc4ccccc4n23)cc1,,,,,"{""mmgbsa_dG"": null, ""error"": ""embed fallo (6 semillas) para C:\\Users\\Fredy\\masive-als\\gpu_dock\\resultados_libreria\\results_TDP43_v2\\CHEMBL4585069_out.pdbqt""}"
TDP43_v2,CHEMBL4585367,-8.6,NC(=O)c1ccc(-c2cc(-c3cccc(C(F)(F)F)c3)cnc2N)cc1,-67.87,-1162.11,-1110.85,16.61,
TDP43_v2,CHEMBL4634985,-8.6,Cc1ccc2[nH]cc(C(=O)On3nnc4ccccc43)c2c1,-49.14,-998.6,-982.09,32.63,
TDP43_v2,CHEMBL4634995,-8.6,O=c1[nH]cc(C#Cc2ccc3c4cccc5cccc(c6cccc2c63)c54)c(=O)[nH]1,-55.48,-666.48,-561.79,-49.2,
TDP43_v2,CHEMBL4635528,-8.6,NC(=O)c1cc(-c2ccc(F)cc2)c2ccc(CN3CCCC3=O)cc2n1,-89.32,-978.26,-922.4,33.46,
TDP43_v2,CHEMBL4635680,-8.6,O=C(NCC1CCCOC1)c1n[nH]c2ccc(-c3cccc(F)c3F)cc12,-59.39,-1215.91,-1238.61,82.08,
TDP43_v2,CHEMBL4636029,-8.6,COc1ccc(OC[C@H]2c3cccn3CC(=O)N2Cc2cccc(C(F)(F)F)c2)cc1,-63.13,-1057.5,-1039.95,45.58,
TDP43_v2,CHEMBL4636158,-8.6,O=[N+]([O-])c1ccc(-c2nnnn2-c2ccc(-c3nc4ccccc4o3)cc2)cc1,-65.93,-1198.38,-1251.88,119.43,
TDP43_v2,CHEMBL4636168,-8.6,O=C1CC2(C(=O)Nc3ccc(Cl)cc32)c2cn(Cc3ccc(Cl)cc3)nc2N1,-55.23,-863.04,-765.64,-42.17,
TDP43_v2,CHEMBL4636435,-8.6,O=C1[C@@H]2[C@H]3CC[C@H](C3)[C@@H]2C(=O)N1CCCCCCN1CCN(c2cccc(C(F)(F)F)c2)CC1,-68.92,-1126.87,-1176.26,118.31,
TDP43_v2,CHEMBL4636507,-8.6,Cc1[nH]nc2[nH]c(=O)cc([C@H]3CC[C@H](CC(=O)N4CCC(C)(C)CC4)CC3)c12,-44.06,-1130.35,-1039.43,-46.85,
TDP43_v2,CHEMBL4636799,-8.6,O=C(CCc1ccccc1)N1CC[C@]23c4c5ccc(O)c4O[C@H]2c2[nH]c4ccccc4c2C[C@@]3(O)[C@H]1C5,-62.24,-788.95,-765.13,38.42,
TDP43_v2,CHEMBL4637120,-8.6,Fc1ccc(-c2cccn3cc(-c4ccccc4)nc23)cc1,-42.3,-1145.12,-1135.13,32.31,
TDP43_v2,CHEMBL4637198,-8.6,Cc1noc(C)c1-c1ccc2c(c1)C(c1ccccc1)NC(=O)N2C,-57.37,-1344.82,-1174.55,-112.91,
TDP43_v2,CHEMBL4637707,-8.6,O=C1/C(=C/c2c[nH]c3ncccc23)CCc2cc(O)ccc21,-51.75,-1119.18,-1117.48,50.05,
TDP43_v2,CHEMBL4638219,-8.6,Cc1ccccc1-n1ncc2c1CCC[C@H]2NC(=O)c1noc2c1CCCC2,-58.89,-1392.76,-1358.73,24.86,
TDP43_v2,CHEMBL4638693,-8.6,O=C(Cc1ccccc1)N1CC[C@]23c4c5ccc(O)c4O[C@H]2c2[nH]c4ccccc4c2C[C@@]3(O)[C@H]1C5,-60.6,-696.26,-707.93,72.27,
TDP43_v2,CHEMBL4638982,-8.6,Cc1cc(N2C[C@H]3CC[C@@H](C2)[C@@H]3Nc2nc3n(n2)CCCN3c2ccc(F)c(F)c2)cnn1,-85.74,-1249.88,-1104.67,-59.47,
TDP43_v2,CHEMBL495019,-8.6,O=C(C(=O)N1CCN(C(=O)c2ccccc2)CC1)c1c[nH]c2cc(F)cc(F)c12,-64.36,-1044.8,-1145.72,165.28,
TDP43_v2,CHEMBL496400,-8.6,Cc1cccc(C)c1CNc1cc(N2CCCCC2=O)cn2c(C)c(C)nc12,-67.64,-999.45,-952.06,20.25,
TDP43_v2,CHEMBL497670,-8.6,O/N=C1\CCc2cc(-c3cn(CC4CCNCC4)nc3-c3ccncc3)ccc21,-83.48,-926.74,-923.81,80.55,
TDP43_v2,CHEMBL497736,-8.6,O=c1c(C2=CS(=O)(=O)c3cc(F)ccc3N2)c(O)c2cc(F)ccc2n1Cc1ccc(F)cc1,-42.85,-1109.42,-1049.39,-17.18,
TDP43_v2,CHEMBL498220,-8.6,Cc1nc2c(NCc3ccc(F)cc3Cl)cc(-n3ccccc3=O)cn2c1C,-58.69,-1042.82,-982.85,-1.28,
TDP43_v2,CHEMBL499812,-8.6,Oc1ccc2c(c1)CC[C@@H]1[C@@H]2CC[C@]2(O)[C@@H](O)CC[C@@H]12,-47.34,-986.0,-981.96,43.3,
TDP43_v2,CHEMBL500401,-8.6,O=S(=O)(Nc1cccc(C(F)(F)F)c1)c1cc(Cl)cc(Cl)c1,-61.73,-1008.35,-917.59,-29.02,
TDP43_v2,CHEMBL500821,-8.6,O=c1ccc2cc(O)c3c(c2o1)CCCC3,-55.26,-1346.55,-1296.27,4.98,
TDP43_v2,CHEMBL502269,-8.6,O=c1nc(-c2ccc3[nH]ncc3c2)cc(-c2cccc(F)c2)[nH]1,-66.77,-1266.05,-1166.73,-32.56,
TDP43_v2,CHEMBL503748,-8.6,O=c1ccc2c(cc(O)c3ccccc32)o1,-48.35,-1420.69,-1390.07,17.74,
TDP43_v2,CHEMBL504473,-8.6,Cc1cc(C)c(/C=C/C(=O)c2ccccc2)c(C)c1,-47.44,-978.71,-976.11,44.84,
TDP43_v2,CHEMBL506671,-8.6,Cc1cc2c(cc1O)[nH]c1ccc3c(c12)C=CC(C)(C)O3,-52.08,-1331.02,-1321.89,42.95,
TDP43_v2,CHEMBL511056,-8.6,Cc1cc(I)ccc1Nc1cc(F)ccc1C(=O)NO,-67.14,-1353.5,-1322.39,36.04,
TDP43_v2,CHEMBL511218,-8.6,CN1C(=O)c2cccc3c2c1cc1ccccc13,-32.79,-1317.7,-1315.47,30.55,
TDP43_v2,CHEMBL511409,-8.6,Cc1ccc(Cn2nc(-c3nc(CNC(=O)OC(C)(C)C)no3)c3ccccc32)cc1,-78.17,-1178.74,-1129.92,29.36,
TDP43_v2,CHEMBL511563,-8.6,COc1ccc(-c2cnc3c(-c4ccnc5ccccc45)cnn3c2)cc1,-73.31,-1125.25,-1112.09,60.16,
TDP43_v2,CHEMBL511703,-8.6,O=C(c1cc(-c2ccncc2)nc2ccccc12)N1CCCCC1,-67.29,-1462.63,-1402.87,7.53,
TDP43_v2,CHEMBL511752,-8.6,CCc1cc(COc2ccc(N3CCN(C(C)C(=O)NO)C3=O)cc2)c2ccccc2n1,-123.89,-1127.22,-1064.45,61.12,
TDP43_v2,CHEMBL511923,-8.6,O=c1c2ccccc2oc2cc(OCCCN3CCN(c4cccc(Cl)c4)CC3)cc(O)c12,-68.5,-1144.49,-1168.44,92.45,
TDP43_v2,CHEMBL512904,-8.6,O=c1c2ccccc2nc2n1CCC2Cc1ccc(OCCCN2CCCCC2)cc1,-86.43,-1341.3,-1230.37,-24.5,
TDP43_v2,CHEMBL513841,-8.6,N#Cc1cccc(NC(=O)Nc2ccc3ncnc(Nc4ccccc4)c3c2)c1,-57.69,-1315.46,-1140.35,-117.42,
TDP43_v2,CHEMBL514153,-8.6,CONC(=O)c1cn(-c2ccc3c(c2)CCC3)c2nc(NCc3ccccc3)ncc2c1=O,-96.73,-1344.81,-1144.99,-103.1,
TDP43_v2,CHEMBL514278,-8.6,O=C(N/N=C/c1ccco1)c1cc(-c2ccccc2)nn1Cc1ccc(Cl)nc1,-97.91,-1001.5,-1007.8,104.22,
TDP43_v2,CHEMBL514757,-8.6,O=C1CCCC1C1(O)c2ccccc2-n2c1nc1ccccc1c2=O,-58.0,-1245.37,-1188.24,0.86,
TDP43_v2,CHEMBL514820,-8.6,C[C@](N)(CO)C(=O)Nc1ccc(OCCc2ccc(-c3cccc(C(F)(F)F)c3)cc2)cc1,-70.81,-1132.87,-1171.79,109.73,
TDP43_v2,CHEMBL514865,-8.6,O=C1Nc2cc(F)ccc2/C1=C\c1cccc(C(F)(F)F)c1,-64.51,-1338.61,-1313.41,39.32,
TDP43_v2,CHEMBL514867,-8.6,O=C1Nc2ccccc2/C1=C\c1ccccc1C(F)(F)F,-39.5,-1325.01,-1321.69,36.19,
TDP43_v2,CHEMBL515155,-8.6,O=C1Nc2ccccc2/C1=C1\C(=O)Nc2ccccc21,-55.96,-1395.7,-1339.52,-0.23,
TDP43_v2,CHEMBL515522,-8.6,O=C(c1cc(-c2cccnc2)nc2ccccc12)N1CCC(N2CCCC2)CC1,-60.91,-1116.71,-1080.26,24.46,
TDP43_v2,CHEMBL515831,-8.6,O=C(O)CC1=C/C(=C\c2cccc3cccnc23)c2ccc(F)cc21,-93.91,-1360.49,-1323.4,56.83,
TDP43_v2,CHEMBL515855,-8.6,Cc1cc2c(c(=O)[nH]1)C(=O)O/C2=C\c1cn(C)c2ccccc12,-82.6,-1440.86,-1360.31,2.06,
TDP43_v2,CHEMBL516231,-8.6,Cc1cc(Nc2nn(Cc3cc(F)ccc3F)c(=O)c3ccccc23)n[nH]1,-62.73,-1187.75,-1127.26,2.23,
TDP43_v2,CHEMBL516244,-8.6,COc1ccccc1-c1ccc2c(-c3nc4c(N5CCN(C)CC5)cccc4[nH]3)n[nH]c2c1,-73.69,-928.75,-1050.09,195.03,
TDP43_v2,CHEMBL516284,-8.6,O=C([C@@H]1CCc2c(Cl)cc(OCc3ccc(C(F)(F)F)cc3)c(=O)n21)N1CCCC1,-66.62,-1136.25,-1154.2,84.57,
TDP43_v2,CHEMBL516326,-8.6,S=C(N1CCC(c2cccc(Br)c2)=N1)N1CCCc2ccccc21,-53.94,-995.01,-968.52,27.45,
TDP43_v2,CHEMBL517258,-8.6,O=C(Nc1nc(-c2ccccc2)nc2c1nnn2Cc1ccccc1)c1cccc(F)c1,-63.23,-944.56,-923.09,41.76,
TDP43_v2,CHEMBL518200,-8.6,N#Cc1cc(C(O)c2ccc(-n3cccn3)cc2)n2c1ccc1ccccc12,-56.42,-950.79,-953.33,58.96,
TDP43_v2,CHEMBL518779,-8.6,CC1(C)CC2(CN(Cc3ccc(C(F)(F)F)cc3)CCO2)c2ccccc2O1,-48.04,-1096.21,-1176.5,128.34,
TDP43_v2,CHEMBL519178,-8.6,O=C(CCc1cccc(-c2ccccc2)c1)NC1=C(C(=O)O)CCCC1,-62.83,-1201.91,-1114.33,-24.75,
TDP43_v2,CHEMBL519238,-8.6,O=C1NC(=O)c2c1c(-c1ccccc1)cc1c2c2cc(O)ccc2n1CCCn1ccnc1,-89.02,-1289.63,-1210.35,9.73,
TDP43_v2,CHEMBL519554,-8.6,CC(=O)Nc1cc(-c2cc(C)ccc2C)nc(-n2nc(C)cc2C)n1,-56.93,-1103.8,-1053.4,6.52,
TDP43_v2,CHEMBL519620,-8.6,NC(=O)c1cccc(Cc2nc(-c3ccc(F)cc3)c(-c3ccnc(NC4CC4)n3)[nH]2)c1,-90.54,-1112.7,-927.91,-94.25,
TDP43_v2,CHEMBL520104,-8.6,Cc1nc(-c2nc(N3CCOCC3)[nH]c2-c2ccc3ncnn3c2)ccc1F,,,,,"{""mmgbsa_dG"": null, ""error"": ""embed fallo (6 semillas) para C:\\Users\\Fredy\\masive-als\\gpu_dock\\resultados_libreria\\results_TDP43_v2\\CHEMBL520104_out.pdbqt""}"
TDP43_v2,CHEMBL520502,-8.6,CC(C)(O)c1ccc(-c2cccc(-n3cc(C(=O)NC4CC4)c(=O)c4cccnc43)c2)cn1,-74.79,-1094.82,-1023.18,3.15,
TDP43_v2,CHEMBL520602,-8.6,CN(C(=O)N1CC(c2cc(F)ccc2F)=C[C@@]1(CO)c1ccccc1)C1CCN(CC(F)F)CC1,-73.33,-1022.22,-987.8,38.91,
TDP43_v2,CHEMBL520803,-8.6,C#Cc1cccc(Nc2nc(N)nc3[nH]c(CCc4ccccc4)cc23)c1,-59.84,-1126.95,-972.61,-94.5,
TDP43_v2,CHEMBL521010,-8.6,O=C(c1cccc2c(=O)c3ccccc3[nH]c12)N1CCCCC1,-58.01,-1338.72,-1320.25,39.54,
TDP43_v2,CHEMBL522325,-8.6,Cc1cc(Nc2ccc(C#N)c(C(F)(F)F)c2)n2ncnc2n1,-68.89,-1108.39,-1109.8,70.3,
TDP43_v2,CHEMBL522462,-8.6,COc1cccc(-n2c(=O)n(Cc3c(F)cccc3F)c3cnc(NCc4ccccc4)nc32)c1,-72.91,-1285.75,-1065.87,-146.97,
TDP43_v2,CHEMBL522596,-8.6,O=C(OC12C3C4CC5C6C4C1C6C1(OCCCN12)C53)c1n[nH]c2ccccc12,-67.85,-1210.71,-1183.3,40.44,
TDP43_v2,CHEMBL522622,-8.6,O=C(Nc1ccccc1-c1cn2c(CN3CCNCC3)csc2n1)c1cccc2cccnc12,-101.84,-950.06,-961.24,113.02,
TDP43_v2,CHEMBL523374,-8.6,CNc1noc2c(-c3ccc4c(N5CCOC[C@@H]5C)nncc4c3)c(C)ccc12,-82.24,-1106.93,-1093.49,68.81,
TDP43_v2,CHEMBL523678,-8.6,Cc1cccn2c(=O)c(O)c(C(=O)NCc3ccc(F)cc3)nc12,-65.39,-1081.63,-1014.67,-1.56,
TDP43_v2,CHEMBL523712,-8.6,O=C(NCc1cccc(-c2cccc(CN3CCNCC3)c2)c1)c1ccc(C(F)(F)F)cc1,-65.71,-860.5,-919.17,124.38,
TDP43_v2,CHEMBL523793,-8.6,O=C(C=C1c2ccccc2C(=O)c2ccccc21)c1ccccc1,-58.81,-1173.84,-1192.5,77.47,
TDP43_v2,CHEMBL523800,-8.6,O=C1Oc2ccc3ccccc3c2CC1C(=O)c1ccc(F)cc1,-40.48,-1110.16,-1074.77,5.09,
TDP43_v2,CHEMBL527496,-8.6,Cc1cccc(C(=O)NCCCN2CCC(NC(=O)/C=C/c3ccc(Cl)c(Cl)c3)CC2)c1,-84.54,-1172.27,-1068.87,-18.86,
TDP43_v2,CHEMBL527548,-8.6,Cn1cncc1C(=O)Nc1cccc(-c2csc(-c3nc4ccccc4[nH]3)c2)c1,-99.36,-1357.88,-1259.75,1.23,
TDP43_v2,CHEMBL527783,-8.6,COc1ccc2nccc([C@@H](O)CN3CCC(NCc4ccc5c(c4)NC(=O)C(C)S5)CC3)c2c1,-64.7,-1047.63,-1052.66,69.73,
TDP43_v2,CHEMBL557321,-8.6,Fc1ccc2[nH]cc(CCn3ccc4ccccc43)c2c1,-41.54,-1075.89,-1081.18,46.83,
TDP43_v2,CHEMBL557892,-8.6,O=c1cc(-c2coc3ccccc23)[nH]c2cc3c(cc12)OCO3,-48.46,-1157.97,-1124.73,15.23,
TDP43_v2,CHEMBL558242,-8.6,C[C@@H](NC(=O)c1ccccc1O)c1ccc2ccccc2c1,-37.16,-1190.59,-1148.94,-4.5,
TDP43_v2,CHEMBL559891,-8.6,NC(=O)c1sc(-c2cnn3ccccc23)cc1OCc1ccccc1C(F)(F)F,-63.86,-1138.63,-1096.45,21.67,
TDP43_v2,CHEMBL560411,-8.6,Cn1c2c(c(=O)n(C)c1=O)C(c1ccc(F)c(F)c1F)C1=C(CC(c3ccco3)CC1=O)N2,-67.78,-1207.15,-998.66,-140.71,
TDP43_v2,CHEMBL560588,-8.6,Cc1cccc2nc(-c3cccnc3N3CCC(C(=O)O)CC3)oc(=O)c12,,,,,"{""mmgbsa_dG"": null, ""error"": ""embed fallo (6 semillas) para C:\\Users\\Fredy\\masive-als\\gpu_dock\\resultados_libreria\\results_TDP43_v2\\CHEMBL560588_out.pdbqt""}"
TDP43_v2,CHEMBL560781,-8.6,Cc1ccc(-c2nn(Cc3nnc(S)n3-c3ccccc3)c(=O)n2/N=C/c2ccc(F)cc2)cc1,-65.72,-960.67,-1024.18,129.24,
TDP43_v2,CHEMBL561008,-8.6,Cc1cccc(-c2nc(-c3ccc(C#N)cc3)cn2-c2ccc3c(c2)OCCO3)n1,-49.64,-980.58,-1029.98,99.04,
TDP43_v2,CHEMBL562267,-8.6,Cc1nc2c(-c3ccccc3)[nH]c(-c3ccc(O)cc3)cn-2c1=O,-57.05,-1181.28,-1171.37,47.14,
TDP43_v2,CHEMBL562892,-8.6,O=C(Nc1cccc2cccnc12)c1ccc(N2C(=O)[C@@H]3[C@H](C2=O)[C@@H]2C=C[C@H]3C2)c(Cl)c1,-84.59,-800.93,-770.41,54.06,
TDP43_v2,CHEMBL563189,-8.6,O=C(C=C1CCN(C(=O)c2ccccc2)CC1)N[C@@H]1CCN(Cc2ccc3cc(F)ccc3c2)C1,-61.73,-1062.36,-1062.04,61.41,
TDP43_v2,CHEMBL563749,-8.6,Nc1c(C(=O)c2ccccc2C(F)(F)F)cc[n+]([O-])c1-c1ccccc1Cl,-73.0,-1140.69,-1151.63,83.94,
TDP43_v2,CHEMBL563776,-8.6,N=C(N)c1ccc2cc(C3OC3c3ccccc3)ccc2c1,-61.13,-1225.94,-1175.53,10.72,
TDP43_v2,CHEMBL564389,-8.6,C=Cc1cccc2c1/C(=N/O)C(=O)N2Cc1cc(F)cc2c1OCOC2,-65.25,-1024.4,-1000.32,41.18,
TDP43_v2,CHEMBL565509,-8.6,CC(Nc1nccc(-n2cnc3ccccc32)n1)C1CCCN(C(=O)OCc2ccccc2)C1,-68.68,-1359.46,-1170.07,-120.71,
TDP43_v2,CHEMBL565570,-8.6,c1ccc(C2NC(N3CCN(c4ccccn4)CC3)=NC3=C2CCc2ccccc23)cc1,-55.88,-983.91,-826.04,-101.99,
TDP43_v2,CHEMBL565790,-8.6,COc1ccc(C2(c3cccc(-c4cccnc4)c3)N=C(N)N(C)C2=O)cc1C1CCCC1,-82.81,-1066.77,-992.24,8.28,
TDP43_v2,CHEMBL566165,-8.6,COc1cc2ncn(-c3sc(C(N)=O)cc3OCc3ccccc3C(F)(F)F)c2cc1OC,-81.39,-1097.98,-1075.07,58.47,
TDP43_v2,CHEMBL566192,-8.6,c1ccc2cc(Cc3nc4cc(N5CCNCC5)ccc4[nH]3)ccc2c1,-63.43,-999.85,-1051.74,115.32,
TDP43_v2,CHEMBL566211,-8.6,O=C(/C=C/c1cccc2ccn(Cc3ccccc3)c12)NS(=O)(=O)c1cccs1,-90.93,-1202.96,-1040.05,-71.98,
TDP43_v2,CHEMBL7640,-8.6,Cc1c2c(cc3c(-c4ccccc4F)noc13)CC(C(=O)O)O2,-63.33,-1350.03,-1293.74,7.04,
TDP43_v2,ESTETROL ANHYDROUS,-8.6,C[C@]12CC[C@@H]3c4ccc(O)cc4CC[C@H]3[C@@H]1[C@@H](O)[C@@H](O)[C@@H]2O,-49.13,-940.57,-986.69,95.25,
TDP43_v2,SELINEXOR,-8.6,O=C(/C=C\n1cnc(-c2cc(C(F)(F)F)cc(C(F)(F)F)c2)n1)NNc1cnccn1,-79.56,-1378.51,-1452.53,153.58,
TDP43_v2,BENPERIDOL,-8.5,O=C(CCCN1CCC(n2c(=O)[nH]c3ccccc32)CC1)c1ccc(F)cc1,-60.33,-1057.95,-979.34,-18.27,
TDP43_v2,CHEMBL1163505,-8.5,CN1CCN(c2ccc(-c3cnc4c(c3)N(S(=O)(=O)c3cc(F)ccc3F)CCN4)cn2)CC1,,,,,"{""mmgbsa_dG"": null, ""error"": ""embed fallo (6 semillas) para C:\\Users\\Fredy\\masive-als\\gpu_dock\\resultados_libreria\\results_TDP43_v2\\CHEMBL1163505_out.pdbqt""}"
TDP43_v2,CHEMBL1206916,-8.5,O=C(O)c1ccc2c(c1)/C(=C\Cn1cnc3ccccc31)c1ccccc1CO2,-59.82,-930.12,-913.53,43.23,
TDP43_v2,CHEMBL1210518,-8.5,COc1ccc(Cc2cc(C3CCCCC3)nn(CC(=O)NC3Cc4ccccc4C3)c2=O)cn1,-79.47,-1025.37,-1012.21,66.31,
TDP43_v2,CHEMBL1210579,-8.5,O=C(Cn1nc(C2CCCCC2)c2ccccc2c1=O)NCCc1ccccc1,-65.14,-1105.7,-1124.67,84.12,
TDP43_v2,CHEMBL1210672,-8.5,Cc1ccc(NC(=O)CN2CCN(c3nnc(Cc4ccncc4)c4ccccc34)CC2)c(C)c1,,,,,"{""mmgbsa_dG"": null, ""error"": ""embed fallo (6 semillas) para C:\\Users\\Fredy\\masive-als\\gpu_dock\\resultados_libreria\\results_TDP43_v2\\CHEMBL1210672_out.pdbqt""}"
TDP43_v2,CHEMBL1210813,-8.5,O=C(CN1CCN(c2nnc(Cc3ccccc3)c3ccccc23)CC1)Nc1ccc(F)c(Cl)c1,,,,,"{""mmgbsa_dG"": null, ""error"": ""embed fallo (6 semillas) para C:\\Users\\Fredy\\masive-als\\gpu_dock\\resultados_libreria\\results_TDP43_v2\\CHEMBL1210813_out.pdbqt""}"
TDP43_v2,CHEMBL1210840,-8.5,CN1C(=O)[C@]2(C)O[C@](C)(C1=O)[C@H]1C(=O)N(c3ccc(C#N)c(C(F)(F)F)c3)C(=O)[C@H]12,-55.85,-1180.76,-1084.7,-40.21,
TDP43_v2,CHEMBL1240561,-8.5,O=C(NN1CNC(Cc2ccccc2)C1=O)C1CC(=O)N(Cc2ccc(F)cc2)C1,,,,,"{""mmgbsa_dG"": null, ""error"": ""embed fallo (6 semillas) para C:\\Users\\Fredy\\masive-als\\gpu_dock\\resultados_libreria\\results_TDP43_v2\\CHEMBL1240561_out.pdbqt""}"
TDP43_v2,CHEMBL1242835,-8.5,CC(C)(Nc1ncc([N+](=O)[O-])c(Nc2ccccc2C(N)=O)n1)c1ccccc1,-93.86,-1510.41,-1274.25,-142.3,
TDP43_v2,CHEMBL1243140,-8.5,Cc1ccccc1NC(=O)Oc1ccc2c(c1)[C@]1(C)CCN[C@@H]1N2,-65.25,-1117.49,-960.98,-91.26,
TDP43_v2,CHEMBL1243298,-8.5,CN1CC[C@@]2(C)c3cc(OC(=O)N4CCc5ccccc5C4)ccc3N(C)[C@@H]12,,,,,"{""mmgbsa_dG"": null, ""error"": ""embed fallo (6 semillas) para C:\\Users\\Fredy\\masive-als\\gpu_dock\\resultados_libreria\\results_TDP43_v2\\CHEMBL1243298_out.pdbqt""}"
TDP43_v2,CHEMBL13588,-8.5,CN1C[C@H](CN2CC(=O)NC2=O)C[C@@H]2c3cccc4[nH]cc(c34)C[C@H]21,-67.41,-1405.29,-1311.35,-26.52,
TDP43_v2,CHEMBL14316,-8.5,Cc1ccc(-c2nnc3c4ccccc4c(N4CCCC4)nn23)cc1C,-58.72,-978.73,-952.86,32.85,
TDP43_v2,CHEMBL15174,-8.5,CC1Nc2ccccc2C(=O)N1Cc1ccc(-c2ccccc2-c2nn[nH]n2)cc1,-67.33,-1134.84,-1052.04,-15.47,
TDP43_v2,CHEMBL1530826,-8.5,COc1ccc2nc(-c3ccccc3)cc(C(=O)OCC(=O)N3CCCCC3)c2c1,-77.8,-1143.6,-1090.07,24.26,
TDP43_v2,CHEMBL1546634,-8.5,O=C(c1cnn2c(C(F)(F)F)cc(-c3ccc(F)cc3)nc12)N1CCc2ccccc2C1,-95.2,-1096.01,-1012.09,11.29,
TDP43_v2,CHEMBL16151,-8.5,COc1cccc([C@H]2C/C(=N\NC(=O)C(=O)NC(C)c3ccccc3)c3ccccc3N2)c1,-80.96,-1207.78,-1213.48,86.66,
TDP43_v2,CHEMBL16948,-8.5,O=C(Cn1c(=O)sc2ccc(Cl)cc21)N1CCC(C(=O)N2CCCc3ccccc32)CC1,-74.42,-1061.34,-964.15,-22.77,
TDP43_v2,CHEMBL1760931,-8.5,O=C(c1cccc(F)c1C(F)(F)F)c1nc(CN2CCOCC2)c2ccccn12,-70.42,-1106.49,-1145.11,109.04,
TDP43_v2,CHEMBL1766559,-8.5,O=C(O)c1cc(/C=C2\COc3ccccc3C2=O)ccc1O,-71.97,-1231.32,-1158.46,-0.89,
TDP43_v2,CHEMBL17956,-8.5,Cc1cnc(N/C(O)=C2\C(=O)N(Cc3ccccc3)C(=O)c3ccc(Cl)cc32)s1,-91.13,-1116.76,-954.36,-71.27,
TDP43_v2,CHEMBL1808478,-8.5,Cc1cccc(C(=O)n2nc(C(=O)Nc3ccccc3)c3ccccc32)c1,-64.39,-825.16,-883.05,122.28,
TDP43_v2,CHEMBL1858096,-8.5,Nc1cc(-c2ccccc2)n(Cc2coc(-c3ccc(C(F)(F)F)cc3)n2)n1,-46.26,-1082.34,-1078.95,42.87,
TDP43_v2,CHEMBL1858531,-8.5,Cc1ccc(/C(=N/O)NCc2ccco2)c(Oc2cccc3ccccc23)n1,-65.56,-1241.1,-1220.0,44.46,
TDP43_v2,CHEMBL1858536,-8.5,Cc1cc(C)cc(CN/C(=N\O)c2ccc(Oc3c(F)c(F)cc(F)c3F)nc2)c1,-63.84,-1170.18,-1141.2,34.85,
TDP43_v2,CHEMBL1858689,-8.5,Cc1ccc(/C(=N/O)N2CCSCC2)c(Oc2ccc3ccccc3c2)n1,-56.02,-906.45,-938.98,88.55,
TDP43_v2,CHEMBL1858731,-8.5,CC1C=CC(C)N1/C(=N\O)c1ccc(Oc2cccc(F)c2)nc1,-54.56,-1008.49,-970.32,16.39,
TDP43_v2,CHEMBL1858842,-8.5,c1ccc2c(-c3nc(CN4CCC(N5CCCC5)CC4)co3)cccc2c1,-45.66,-997.04,-1025.3,73.92,
TDP43_v2,CHEMBL1858904,-8.5,COc1ccc(CN/C(=N\O)c2ccc(Oc3ccc4ccccc4c3)nc2)cc1,-91.37,-1174.71,-1115.63,32.29,
TDP43_v2,CHEMBL1859061,-8.5,Oc1ccc(-c2nc(CNCc3ccccc3C(F)(F)F)co2)cc1,-57.89,-968.05,-975.63,65.47,
TDP43_v2,CHEMBL1859541,-8.5,O/N=C(\NCc1ccccc1)c1ccc(Oc2ccc3ccccc3c2)nc1,-65.97,-1150.39,-1113.61,29.18,
TDP43_v2,CHEMBL1861279,-8.5,O/N=C(\NCc1cccnc1)c1cccnc1Oc1ccc2ccccc2c1,-59.89,-1220.97,-1180.65,19.57,
TDP43_v2,CHEMBL1861783,-8.5,Fc1ccc(-c2nc(CN3CCc4ccccc4C3)co2)cc1,-39.7,-1215.06,-1242.85,67.49,
TDP43_v2,CHEMBL1861954,-8.5,CC1CN(Cc2coc(-c3cccc4ccccc34)n2)CC(C)O1,-46.14,-1056.6,-1137.43,126.97,
TDP43_v2,CHEMBL1862922,-8.5,NC(=O)c1ccc(C(O)(c2ccc(C(F)(F)F)cc2)c2cccnc2)cc1,-73.56,-929.75,-919.85,63.66,
TDP43_v2,CHEMBL1862932,-8.5,O=C(NC1CCN(C(c2cnccn2)c2ccc(F)cc2F)CC1)c1ccc(C(F)(F)F)cc1,-56.12,-1057.8,-1103.46,101.78,
TDP43_v2,CHEMBL1863357,-8.5,NC(=O)c1cccc(C(O)(c2ccc(Cl)cc2)c2cncnc2)c1,-63.9,-1197.67,-1130.59,-3.17,
TDP43_v2,CHEMBL1863785,-8.5,Cc1ccc2c(c1)c1c(c(=O)n(Cc3ccccc3)c(=O)n1Cc1cccc(F)c1)n2C,-70.1,-1364.19,-1210.35,-83.73,
TDP43_v2,CHEMBL1864591,-8.5,COc1ccc(NC(=O)N2CCCC(C(=O)Nc3cccc(C)c3C)C2)cc1,-73.8,-1442.57,-1286.63,-82.13,
TDP43_v2,CHEMBL1864661,-8.5,CC1(C(=O)NCc2ccc(C(F)(F)F)cc2)CCN1Cc1cc2ccccc2o1,-71.95,-1067.5,-1107.06,111.51,
TDP43_v2,CHEMBL1864925,-8.5,Cc1cc(C)cc(OCc2cc(=O)n3c4c(sc3n2)CCCC4)c1,-55.23,-1239.45,-1143.88,-40.34,
TDP43_v2,CHEMBL1864929,-8.5,O=C(NCc1ccccc1Cl)c1ccc2nc(Cc3ccccc3)oc2c1,-67.74,-910.03,-864.87,22.58,
TDP43_v2,CHEMBL1864973,-8.5,CC1(C(=O)Nc2ccc3c(c2)OCO3)CCN1C(=O)Cc1ccc(-c2ccccc2)cc1,-78.37,-963.02,-976.26,91.61,
TDP43_v2,CHEMBL1865097,-8.5,OC(c1cc(F)cc(Cl)c1)c1nc(-c2ccccc2Cl)c[nH]1,-57.79,-1002.89,-985.47,40.37,
TDP43_v2,CHEMBL1865254,-8.5,CC1CCC2(CC1)NC(=O)N(CC(=O)NCCc1c[nH]c3ccccc13)C2=O,-69.39,-1290.94,-1200.96,-20.58,
TDP43_v2,CHEMBL18816,-8.5,c1ccc2nc(COc3ccc(OCc4ccc(Cc5nnn[nH]5)cc4)cc3)ccc2c1,-106.03,-1253.08,-1212.73,65.67,
TDP43_v2,CHEMBL19527,-8.5,Cc1nc(N)ncc1CNC(=O)Cn1c(C)cnc(NCC(F)(F)c2ccccc2)c1=O,-98.29,-1078.18,-994.26,14.37,
TDP43_v2,CHEMBL19897,-8.5,C(#Cc1nc(-c2ccccc2)nc2c1ncn2Cc1ccccc1)c1ccccc1,-67.38,-1060.79,-1066.86,73.45,
TDP43_v2,CHEMBL19929,-8.5,CC(C)(C#Cc1ccc2[nH]c(O)nc2c1)N1CCC(Cc2ccc(F)cc2)CC1,-98.68,-1362.22,-1272.04,8.5,
TDP43_v2,CHEMBL20424,-8.5,CC1(C)N=C(N)N=C(N)N1c1cccc(COc2cccc(-c3ccccc3)c2)c1,-67.26,-1446.18,-1117.4,-261.53,
TDP43_v2,CHEMBL20466,-8.5,CC1(C)N=C(N)N=C(N)N1c1cccc(COc2cccc3ccccc23)c1,-64.38,-1308.02,-985.8,-257.85,
TDP43_v2,CHEMBL20825,-8.5,CCOC(=O)[C@@H](Cc1ccc2ccccc2c1)NC(=O)c1cccc(C(=N)N)c1,-75.87,-1061.77,-986.1,0.2,
TDP43_v2,CHEMBL2356147,-8.5,O=C(Nc1ccc2c(c1)OCCO2)C(C1CC1)n1c(=O)c(-c2ccccc2)nc2ccccc21,-73.43,-947.56,-985.68,111.55,
TDP43_v2,CHEMBL24950,-8.5,Oc1cccc(C2=Cc3cc(O)ccc3C23Cc2ccccc2C3)c1,-60.38,-891.0,-851.48,20.87,
TDP43_v2,CHEMBL25084,-8.5,Nc1nc(C2CCN(C(=O)CCc3ccccc3)CC2)c2ccccc2n1,-68.05,-1154.17,-968.0,-118.12,
TDP43_v2,CHEMBL25152,-8.5,O=C1Nc2ccccc2Cn2cc3nc4ccccc4c-3cc21,-50.54,-1146.5,-1132.48,36.52,
TDP43_v2,CHEMBL25502,-8.5,CC(=O)N1CCC(Oc2ccc(CC(=O)N3CCC(N4C(=O)OCc5ccccc54)CC3)cc2)CC1,-78.46,-982.94,-849.09,-55.39,
TDP43_v2,CHEMBL26420,-8.5,NNC(=O)C(NCc1cccc(C(F)(F)F)c1)c1cccc2ccccc12,-51.15,-1023.69,-1125.8,153.26,
TDP43_v2,CHEMBL3309443,-8.5,NS(=O)(=O)c1ccc(N2N=C(C(F)(F)F)CC2c2cccc3ccccc23)cc1,-51.45,-923.4,-880.14,8.2,
TDP43_v2,CHEMBL3309991,-8.5,Nc1nc2c3c(F)cc(F)cc3nc(Cc3ccc4c(c3)OCO4)n2n1,-56.24,-1162.89,-1018.35,-88.29,
TDP43_v2,CHEMBL3309992,-8.5,Nc1nc2c3c(Cl)cccc3nc(Cc3ccc4c(c3)OCO4)n2n1,-50.88,-1056.72,-939.0,-66.84,
TDP43_v2,CHEMBL4435985,-8.5,COc1cccc2cc3c(cc12)C(=O)N(Cc1ccccc1)C3=O,-55.21,-1076.01,-1008.47,-12.33,
TDP43_v2,CHEMBL4436558,-8.5,CCc1cccc(NC(=O)c2cccc(/C=C3\CC(=O)N(Cc4ccccc4)C3=O)c2)c1,-78.4,-926.33,-820.59,-27.34,
TDP43_v2,CHEMBL4436565,-8.5,CC1(Cc2ccccc2)C(=O)Nc2ccc(-c3nccn4nccc34)cc21,-57.05,-1198.14,-1135.51,-5.58,
TDP43_v2,CHEMBL4528332,-8.5,Cc1ccc(-c2ccc3nnc(CCC(=O)NCc4ccc(Br)cc4)n3n2)cc1,-75.16,-1203.8,-1133.26,4.62,
TDP43_v2,CHEMBL4529577,-8.5,O=C1CCC2=C1C(c1ccc([N+](=O)[O-])cc1)CS(=O)(=O)O2,-70.61,-1368.22,-1333.26,35.65,
TDP43_v2,CHEMBL4529698,-8.5,CN1CCN(c2ccc(-c3cn4c(-c5cccc(N(C)C)c5)cnc4cn3)cn2)CC1,-68.44,-1241.47,-1232.25,59.21,
TDP43_v2,CHEMBL4530341,-8.5,Nc1ncc(-c2ccc(C(=O)N3CCC(N)C3)cc2)nc1-c1ccc(C(F)(F)F)cc1,-72.42,-1058.75,-1134.35,148.02,
TDP43_v2,CHEMBL4530362,-8.5,CCc1ccc(NC(=O)Cn2nc3cc(C)nc(Nc4ccc(C)c(F)c4)n3c2=O)cc1,-58.49,-1226.88,-1071.67,-96.72,
TDP43_v2,CHEMBL4530573,-8.5,C[C@](O)(CN1CCc2cc(Cl)c(F)cc21)C(=O)Nc1ccc(C#N)c(C(F)(F)F)c1,,,,,"{""mmgbsa_dG"": null, ""error"": ""embed fallo (6 semillas) para C:\\Users\\Fredy\\masive-als\\gpu_dock\\resultados_libreria\\results_TDP43_v2\\CHEMBL4530573_out.pdbqt""}"
TDP43_v2,CHEMBL4530737,-8.5,NCc1cc(=O)c2cc(-c3cccc4cccnc34)ccc2[nH]1,-61.8,-1375.41,-1362.6,48.99,
TDP43_v2,CHEMBL4530916,-8.5,NCc1ccc(C/N=C2/C3C4CC5C6C4C2C6C2(OCCO2)C53)cc1,-55.84,-999.31,-1062.74,119.26,
TDP43_v2,CHEMBL4530997,-8.5,NC(=O)c1cccc(CNCC=Cc2ccccc2)c1,-61.77,-1130.12,-1053.53,-14.81,
TDP43_v2,CHEMBL4531106,-8.5,O=S(=O)(c1ccccc1)N1CCc2cc(C3CCNCC3)ccc21,,,,,"{""mmgbsa_dG"": null, ""error"": ""embed fallo (6 semillas) para C:\\Users\\Fredy\\masive-als\\gpu_dock\\resultados_libreria\\results_TDP43_v2\\CHEMBL4531106_out.pdbqt""}"
TDP43_v2,CHEMBL4531190,-8.5,N#C[C@]1(c2ccc(-c3cnc(N)c(-c4ccc5c(c4)CCNC5=O)n3)cc2)[C@@H]2COC[C@@H]21,-75.93,-389.31,-416.73,103.35,
TDP43_v2,CHEMBL4531294,-8.5,O=C(NCc1ccccc1)c1cc(-c2ccc(CN3CCOCC3)cc2)nc2ccc(F)cc12,-73.49,-971.09,-961.1,63.5,
TDP43_v2,CHEMBL4531337,-8.5,Cc1cc(-c2cnc(N)c(C(=O)Nc3c(C)cccc3Cl)c2)ccc1F,-41.69,-1129.85,-1081.68,-6.48,
TDP43_v2,CHEMBL4531758,-8.5,Cc1cc(-c2cnc(N)c(C(=O)Nc3ccccc3C)c2)ccc1F,-51.67,-1180.05,-1102.26,-26.12,
TDP43_v2,CHEMBL4531776,-8.5,O=C(NC(=O)N1CCCc2ccccc21)c1ccc(Cl)cc1Cl,-64.89,-1115.41,-968.04,-82.48,
TDP43_v2,CHEMBL4532195,-8.5,Nc1ncnc2c3c(n(-c4ccc(NC(=O)Cc5ccc(Cl)c(Cl)c5)cc4)c12)CCC3,-75.99,-1186.67,-1082.67,-28.02,
TDP43_v2,CHEMBL4532201,-8.5,O=C1NC2(CCOc3ccccc32)C(=O)N1Cc1cc2ccccc2nc1Cl,-55.93,-1281.71,-1137.67,-88.11,
TDP43_v2,CHEMBL4532413,-8.5,COc1cc2c(cc1OCCc1cccc3ccccc13)C1CCC2N1,-38.4,-1100.55,-1110.32,48.17,
TDP43_v2,CHEMBL4533403,-8.5,CCC(Cc1cccc(-c2cc(Cc3ccccc3)ccc2C(N)=O)c1)C(=O)O,-84.86,-1179.19,-1088.19,-6.13,
TDP43_v2,CHEMBL4533670,-8.5,CC(C)CNC(=O)c1cc2ccccc2c2ccccc12,-48.35,-1423.42,-1390.58,15.52,
TDP43_v2,CHEMBL4533764,-8.5,CN(Cc1cnn(Cc2ccccc2)c1)C(=O)c1cccc(S(=O)(=O)N2CCc3ccccc32)c1,-79.59,-1053.08,-1015.0,41.51,
TDP43_v2,CHEMBL4533958,-8.5,Cc1ccc2[nH]c(CCN3C(=O)c4cccc5cccc(c45)C3=O)nc2c1,-51.56,-1035.72,-982.63,-1.52,
TDP43_v2,CHEMBL4534742,-8.5,COc1ccc(-c2cc3ncnc(NCC4CN(Cc5ccccc5)CCO4)c3s2)cc1,-68.59,-1111.94,-1093.98,50.64,
TDP43_v2,CHEMBL4553597,-8.5,O=C(Cn1c(=O)oc2cc(Br)ccc21)c1ccc2ccccc2c1,-56.49,-1144.0,-1116.16,28.65,
TDP43_v2,CHEMBL4553636,-8.5,OCc1ccc(-c2cn3c(-c4ccccc4)cnc3cn2)cc1,-56.91,-1304.0,-1271.4,24.3,
TDP43_v2,CHEMBL4559933,-8.5,CC(C)N1CCN(c2ccc(-c3cn4c(-c5ccccc5)cnc4cn3)cc2)CC1,-50.21,-1038.25,-1095.44,107.39,
TDP43_v2,CHEMBL4560031,-8.5,CC(C)(C)NC(=O)CNC(=O)c1cc(-c2ccccc2)nc2c1cnn2Cc1ccccc1,-98.73,-1062.2,-1035.05,71.57,
TDP43_v2,CHEMBL4564116,-8.5,Cc1ccc(-c2cc3c4nnc(CCC(=O)NCc5ccc(C(F)(F)F)cc5)n4ccn3n2)cc1C,-77.01,-1131.82,-1069.48,14.68,
TDP43_v2,CHEMBL4564177,-8.5,C[C@@H]1CN(C2CCc3c(NC(=O)c4cccc(C#N)c4)cccc32)C[C@H](C)N1C(=O)C1CCCC1,-73.53,-1106.39,-1126.82,93.96,
TDP43_v2,CHEMBL4564343,-8.5,Cc1ccc(NC(=O)Cn2nc3c4cc(-c5ccc(C)c(C)c5)nn4ccn3c2=O)c(C)c1,-59.4,-1076.46,-1003.56,-13.5,
TDP43_v2,CHEMBL4564351,-8.5,Cc1ccc(-c2cnc(N)c(-c3ccc4c(c3)CCNC4=O)c2)s1,-54.43,-1163.96,-1102.53,-7.0,
TDP43_v2,CHEMBL4564440,-8.5,Cc1ccccc1C(=O)NCc1ccc(CNS(=O)(=O)c2cccc(F)c2)cc1,-82.54,-1214.46,-1082.52,-49.39,
TDP43_v2,CHEMBL4564526,-8.5,Cc1ccc(C)c(CSc2nnc3c(=O)n(-c4ccc(F)c(F)c4)ccn23)c1,-55.42,-1115.51,-1105.02,44.93,
TDP43_v2,CHEMBL4564822,-8.5,O=C(N/N=C/Cc1ccccc1)c1cc2ccccc2n1Cc1ccccc1,-86.12,-1033.67,-1040.83,93.29,
TDP43_v2,CHEMBL4565038,-8.5,CN(C)c1cccc(-c2cnc3ncn(Cc4ccc5ncccc5c4)c3n2)c1,-66.62,-1048.76,-1070.16,88.01,
TDP43_v2,CHEMBL4565133,-8.5,Cc1cc(C(=O)/C=C/c2ccc3[nH]ccc3c2)c2ccccc2n1,-55.35,-1188.02,-1175.57,42.89,
TDP43_v2,CHEMBL4566549,-8.5,C/C(=N/NC(=N)N)c1sc(-c2ccc(C#Cc3ccccc3)cc2)nc1C,-93.48,-888.11,-742.97,-51.66,
TDP43_v2,CHEMBL4566700,-8.5,O=C1/C(=C/Nc2cccc(O)c2)c2ccccc2C(=O)N1Cc1ccccc1,-74.88,-1064.26,-956.72,-32.66,
TDP43_v2,CHEMBL4567794,-8.5,O=C(Nc1ccc(OS(=O)(=O)c2ccc(C(F)(F)F)cc2)cc1)C1CCCC1,-64.26,-1220.17,-1231.14,75.23,
TDP43_v2,CHEMBL4568476,-8.5,OCc1ccc(-c2cnc3cnc(-c4ccccc4CO)cn23)cc1,-68.41,-1163.02,-1123.58,28.97,
TDP43_v2,CHEMBL4569164,-8.5,Cc1cc(=O)[nH]c(-n2ncc(C(=O)N3CCc4ccc(C(F)(F)F)cc4C3)c2C)n1,-67.03,-977.03,-955.79,45.78,
TDP43_v2,CHEMBL4570217,-8.5,C[C@@H](c1cc2cccnc2cc1F)n1cnc2ncc(-c3ccc(C(N)=O)c(F)c3)nc21,-93.75,-1020.04,-983.16,56.87,
TDP43_v2,CHEMBL4570283,-8.5,O=C(/C=C/c1ccccc1[N+](=O)[O-])n1nnnc1-c1ccccc1,-50.91,-1074.69,-1125.13,101.35,
TDP43_v2,CHEMBL4570851,-8.5,O=C(O)[C@H]1C2CCC(CC2)[C@@H]1Nc1nc(-c2c[nH]c3ncc(F)cc23)nc2c1SCC2,-89.79,-1197.13,-1123.46,16.12,
TDP43_v2,CHEMBL4570912,-8.5,CC(=O)Nc1ccc(-c2cnc3ccc(Cc4ccc(F)cc4)nn23)cc1,-54.57,-1055.53,-1021.76,20.8,
TDP43_v2,CHEMBL4571316,-8.5,CC1CCc2cc(F)cc3c(O)c(C(=O)NCc4cccc5cc[nH]c45)c(=O)n1c23,-89.51,-1276.67,-1148.39,-38.77,
TDP43_v2,CHEMBL4571569,-8.5,COc1cccc(Nc2ncc(C(=O)c3cccc(-c4cccnc4)c3)[nH]2)c1,-95.4,-1166.96,-1102.54,30.98,
TDP43_v2,CHEMBL4571844,-8.5,Cc1nnc2n1CCN(C(=O)c1ccc(/C=C3\Oc4c(C(N)=O)cccc4C3=O)cc1)C2,-110.22,-1125.37,-1039.18,24.03,
TDP43_v2,CHEMBL4572719,-8.5,Cc1[nH]c2c(N3CCC(F)(F)C3)c(-c3ccccc3)nn2c(=O)c1-c1ccc2nccn2c1,-63.8,-915.38,-1028.5,176.93,
TDP43_v2,CHEMBL4573486,-8.5,CCc1ccc(-c2cc(C(=O)O)ccc2Nc2ccc([N+](=O)[O-])c3nonc23)cc1,-67.98,-1407.32,-1287.85,-51.48,
TDP43_v2,CHEMBL4573584,-8.5,Cc1ccc(C(=O)n2nnc3cc(Cl)c(Cl)cc32)cc1C,-56.58,-1277.38,-1317.99,97.18,
TDP43_v2,CHEMBL4573824,-8.5,Cc1cc(C(=O)NCc2cccc(C(=O)O)c2)n(Cc2csc(N3CCCCC3)n2)c1,-75.36,-1029.55,-928.12,-26.07,
TDP43_v2,CHEMBL4574755,-8.5,Cc1cccc(/C=C/c2ccc(=O)n(-c3ccc(F)cc3)n2)c1,-48.42,-1077.34,-1077.95,49.03,
TDP43_v2,CHEMBL4575518,-8.5,O=C(Nc1ccc2nc(Cc3ccccc3)nn2c1)NC1CCCCC1,-54.74,-1244.68,-1146.25,-43.68,
TDP43_v2,CHEMBL4580639,-8.5,N#Cc1ccc(-c2cnc(N)c(-c3ccc4c(c3)C3(CC3)CNC4=O)n2)cc1,-69.75,-1032.97,-1049.11,85.9,
TDP43_v2,CHEMBL4580800,-8.5,CC[C@H]1C[N@]2CC[C@H]1C[C@H]2[C@H](O)c1ccnc2ccc(OCc3ccccc3)cc12,-62.37,-886.55,-926.71,102.53,
TDP43_v2,CHEMBL4580964,-8.5,Cc1cccn2c(=O)cc(CSc3nnc(NC(=O)Nc4ccccc4)s3)nc12,-83.72,-1377.79,-1172.16,-121.91,
TDP43_v2,CHEMBL4581271,-8.5,O=C(NO)C(c1ccc(-c2ncccn2)cc1)c1ccccc1F,-105.84,-1182.8,-1157.96,81.01,
TDP43_v2,CHEMBL4581435,-8.5,COc1ccccc1Cc1cc(C)nn(CC(=O)Nc2ccc(C#N)cc2)c1=O,-72.23,-1292.33,-1265.58,45.48,
TDP43_v2,CHEMBL4581531,-8.5,O=C(Nc1nc2ccccn2c1C(=O)NC1CCCCC1)c1cc(F)ccc1F,-77.06,-1093.58,-914.48,-102.05,
TDP43_v2,CHEMBL4581606,-8.5,O=C(NO)c1ccc(CN2c3ccccc3Sc3cc(Cl)nnc32)cc1,-84.28,-1090.32,-1094.38,88.34,
TDP43_v2,CHEMBL4581608,-8.5,OCc1cccc(-c2ccc3nc(-c4ccc(Cl)cc4)nn3n2)c1,-71.85,-978.23,-942.52,36.13,
TDP43_v2,CHEMBL4581661,-8.5,Cc1cc2c(C(N)=O)cccc2n1-c1nccc(NCc2ccccc2)n1,-69.55,-1120.39,-1036.95,-13.9,
TDP43_v2,CHEMBL4581829,-8.5,N#Cc1ccc(Cn2nccc2-c2ccc3nnn(-c4ccc5cn[nH]c5c4)c3c2)nc1,-121.28,-935.3,-956.12,142.11,
TDP43_v2,CHEMBL4581868,-8.5,CN(C)CCNC(=O)c1ccc(-c2cn3c(-c4cccc(OC(F)(F)F)c4)cnc3cn2)cc1,-80.95,-1215.45,-1174.02,39.51,
TDP43_v2,CHEMBL4581873,-8.5,O=C(Cc1nc(=O)c2c3c(sc2[nH]1)CCCC3)c1c[nH]c2ccccc12,-57.57,-1056.57,-990.24,-8.76,
TDP43_v2,CHEMBL4582130,-8.5,CC(=O)c1ccc(NC(=O)Cn2nc3ccc(-c4ccc(C)c(C)c4)nn3c2=O)cc1,-64.02,-903.69,-944.18,104.51,
TDP43_v2,CHEMBL4582309,-8.5,Cc1ccc(C(=O)N2CCc3sc(C(=O)NCC(O)CN4CCc5ccccc5C4)cc3C2)cc1,-78.24,-852.52,-858.9,84.61,
TDP43_v2,CHEMBL4582456,-8.5,C=Cc1cc(C(=O)O)cc2c1CCc1c-2ccc(O)c1C,-64.92,-1201.55,-1131.71,-4.92,
TDP43_v2,CHEMBL4583548,-8.5,N/C(=N\O)c1cccc(/C=C/c2ccc(O)c(-c3ncccn3)c2)c1,-98.15,-1111.04,-1016.19,3.29,
TDP43_v2,CHEMBL4585398,-8.5,NC(=O)C1CCN(c2nc(-c3ccc(Cl)cc3)nc3sc4c(c23)CCC4)CC1,,,,,"{""mmgbsa_dG"": null, ""error"": ""embed fallo (6 semillas) para C:\\Users\\Fredy\\masive-als\\gpu_dock\\resultados_libreria\\results_TDP43_v2\\CHEMBL4585398_out.pdbqt""}"
TDP43_v2,CHEMBL4635162,-8.5,CN(C)[C@H]1C[C@@]23CC[C@@]4(O2)C(=CC[C@]2(C)[C@@H](c5ccc6cnccc6c5)CC[C@H]24)C=C3[C@@H](O)[C@@H]1O,-59.17,-688.55,-768.95,139.57,
TDP43_v2,CHEMBL4635193,-8.5,Cc1cc(-c2ccc3nc(NC(=O)NCc4ccccc4)nn3c2)cc(C)c1O,-98.88,-1237.13,-990.96,-147.28,
TDP43_v2,CHEMBL4635243,-8.5,Fc1ccc2c(c1)CCC(c1nnc(-c3cc(F)c(F)c(F)c3F)o1)O2,-46.25,-1169.79,-1152.02,28.48,
TDP43_v2,CHEMBL4635819,-8.5,Cc1ccc(-n2cc(CSC3=NC(c4ccccc4)CC(=O)N3C)nn2)cc1C,-67.87,-1232.9,-1126.87,-38.16,
TDP43_v2,CHEMBL4635912,-8.5,CC1(C)COc2c(COc3ccccc3CC(=O)O)cc(-c3ccc4c(c3)[C@H](N)CO4)cc21,-101.02,-1018.26,-966.27,49.03,
TDP43_v2,CHEMBL4635954,-8.5,COc1ccc2c(c1)O/C(=C\c1ccc(OCC(=O)Nc3ccccc3)c(OC)c1)C2=O,-83.73,-945.38,-922.27,60.62,
TDP43_v2,CHEMBL4636009,-8.5,N#Cc1ccc(-c2cc(F)ccc2NC(=O)OCC2CCNCC2)cc1,-60.46,-1193.11,-1129.67,-2.97,
TDP43_v2,CHEMBL4636413,-8.5,O=C(NCCCNc1nccc(-n2ccc3cccnc32)n1)c1ccc(C(F)(F)F)cc1,-82.18,-1042.91,-944.61,-16.12,
TDP43_v2,CHEMBL4636512,-8.5,N#Cc1ccc(Cn2nc(-c3ccc(F)nc3F)c3ccccc3c2=O)cc1,-59.27,-962.28,-977.33,74.32,
TDP43_v2,CHEMBL4636528,-8.5,O=C(Nc1ccc(F)cc1-c1ccc(F)c(Cl)c1)OCC1CCNCC1,-64.97,-1214.53,-1138.25,-11.31,
TDP43_v2,CHEMBL4637130,-8.5,Cc1cc(C)c2[nH]ccc2c1Cc1nc2ccccc2[nH]1,-54.83,-953.85,-953.25,54.24,
TDP43_v2,CHEMBL4637780,-8.5,c1ccc2c(Sc3nccc4ccccc34)nccc2c1,-45.15,-947.56,-927.32,24.91,
TDP43_v2,CHEMBL4638755,-8.5,Nc1ncnc2c1c(Oc1cc(C(F)(F)F)ccn1)nn2C1CCCNC1,-66.49,-1045.1,-983.67,5.06,
TDP43_v2,CHEMBL4638944,-8.5,NC(=O)c1ccccc1Nc1cccc(-c2cn(Cc3ccccc3)nn2)c1,-82.55,-1322.82,-1269.54,29.27,
TDP43_v2,CHEMBL4639333,-8.5,Cc1ncc(-c2nnc([C@H]3CCC[C@@H](N(C)C(=O)c4cccc(C(F)(F)F)c4)C3)[nH]2)n1C,-65.37,-1273.59,-1272.73,64.51,
TDP43_v2,CHEMBL4639542,-8.5,Cc1ccc(-c2nn(Cc3ccc(C#N)cc3)c(=O)c3ccccc23)c(F)n1,-68.68,-962.29,-982.48,88.87,
TDP43_v2,CHEMBL4639606,-8.5,Cc1[nH]nc2[nH]c(=O)cc([C@H]3CC[C@H](CC(=O)N4CCC(c5ccccc5)C4)CC3)c12,-68.63,-1235.25,-1140.49,-26.13,
TDP43_v2,CHEMBL4639706,-8.5,CC1CCN(c2nc(C(F)(F)F)ccc2CNC(=O)Cc2ccc3c(c2)CCC3)CC1,,,,,"{""mmgbsa_dG"": null, ""error"": ""embed fallo (6 semillas) para C:\\Users\\Fredy\\masive-als\\gpu_dock\\resultados_libreria\\results_TDP43_v2\\CHEMBL4639706_out.pdbqt""}"
TDP43_v2,CHEMBL4639745,-8.5,NC(=O)c1cccc(CNC(=O)[C@H](CC2CCCCC2)NC(=O)c2ccno2)c1,-92.01,-1286.06,-1169.18,-24.87,
TDP43_v2,CHEMBL497968,-8.5,COc1ccc2c(OCc3nnc4ccc(-c5ccc(F)cc5)nn34)ccnc2c1,-57.63,-1308.78,-1281.91,30.76,
TDP43_v2,CHEMBL498005,-8.5,O=c1cc(O)c2ccc3c(c2o1)[C@@H](O)[C@@H](O)C1(CCCC1)O3,-74.31,-1167.23,-1155.25,62.33,
TDP43_v2,CHEMBL498434,-8.5,Cc1cccc(C)c1COc1cc(-n2ccccc2=O)cn2c(C)c(C)nc12,-67.6,-1003.34,-965.49,29.76,
TDP43_v2,CHEMBL498572,-8.5,O=C(OC1CC2CC3CC(C1)N2CC3O)c1c[nH]c2ccccc12,-42.44,-1110.43,-1120.06,52.06,
TDP43_v2,CHEMBL498704,-8.5,O=C(O)c1cccnc1Oc1ccc2c(c1)C[C@@H](NC[C@H](O)c1cccc(Cl)c1)CC2,-128.65,-1148.75,-1097.67,77.56,
TDP43_v2,CHEMBL499637,-8.5,O=C1NC(NC2CCCCC2)=N/C1=C\c1c[nH]c2ncccc12,-50.56,-1063.38,-969.48,-43.34,
TDP43_v2,CHEMBL503079,-8.5,O=C(Cc1cccc2ccccc12)N1CCN(c2ccccc2)CC1CN1CCCC1,,,,,"{""mmgbsa_dG"": null, ""error"": ""embed fallo (6 semillas) para C:\\Users\\Fredy\\masive-als\\gpu_dock\\resultados_libreria\\results_TDP43_v2\\CHEMBL503079_out.pdbqt""}"
TDP43_v2,CHEMBL504812,-8.5,CC(=O)Nc1cc(-c2cccc(C(F)(F)F)c2)nc(-n2nc(C)cc2C)n1,-55.06,-1115.94,-1091.83,30.95,
TDP43_v2,CHEMBL508248,-8.5,COc1cccc2c1[C@@H]1CO[C@@H]3[C@@H]4C[C@@H](C(=O)O)[C@H]([C@H](C2)N31)N4C,-39.98,-1122.79,-1038.89,-43.92,
TDP43_v2,CHEMBL509257,-8.5,C[C@H](NC1=NC(=O)C(C)(c2ccc(C(=O)NC3CCCC3)cc2)S1)c1ccc(F)cc1,-72.85,-1045.51,-941.6,-31.06,
TDP43_v2,CHEMBL510459,-8.5,CC(=O)N1CCN(c2cnc3cc(C(F)(F)F)cc(-c4ccccc4)c3n2)CC1,-63.34,-952.81,-1039.35,149.88,
TDP43_v2,CHEMBL511228,-8.5,CC1(C)Cc2nc(N3CCOc4ccc(-c5ccn[nH]5)cc43)sc2C(=O)N1,-75.27,-1053.97,-993.66,14.96,
TDP43_v2,CHEMBL511521,-8.5,O=C(Nc1ccccc1)c1c2n(c(=O)c3ccccc13)CCN2,-63.31,-1442.93,-1358.17,-21.46,
TDP43_v2,CHEMBL511599,-8.5,CC(C)(C)c1ccc(-c2noc(C(=O)NCC(=O)Nc3cccc(C(F)(F)F)c3)n2)cc1,-45.84,-1036.36,-1051.94,61.43,
TDP43_v2,CHEMBL512322,-8.5,O=c1cc(N2CCOCC2)oc2c(-c3cccc(-c4ccccc4)c3)cccc12,-64.48,-912.65,-945.71,97.55,
TDP43_v2,CHEMBL512403,-8.5,Nc1c2c(c3nc4ccccc4c4c3c1N=C4)NCCC2=O,-61.92,-1134.24,-1144.87,72.56,
TDP43_v2,CHEMBL512409,-8.5,N#Cc1ccccc1NC(=O)c1cccc2c1C(=O)c1ccccc1-2,,,,,"{""mmgbsa_dG"": null, ""error"": ""embed fallo (6 semillas) para C:\\Users\\Fredy\\masive-als\\gpu_dock\\resultados_libreria\\results_TDP43_v2\\CHEMBL512409_out.pdbqt""}"
TDP43_v2,CHEMBL512515,-8.5,CC(c1c[nH]c2ccccc12)c1c[nH]c2ccccc12,-53.56,-990.55,-996.77,59.78,
TDP43_v2,CHEMBL513018,-8.5,c1ccc2c(c1)CC(Nc1cc3c(NC4Cc5ccccc5C4)ncnc3cn1)C2,-64.11,-1182.87,-1103.68,-15.08,
TDP43_v2,CHEMBL513127,-8.5,Nc1ccccc1C#C/C=C\C#Cc1ccccc1OC(F)(F)F,,,,,"{""mmgbsa_dG"": null, ""error"": ""embed fallo (6 semillas) para C:\\Users\\Fredy\\masive-als\\gpu_dock\\resultados_libreria\\results_TDP43_v2\\CHEMBL513127_out.pdbqt""}"
TDP43_v2,CHEMBL513170,-8.5,O=C(Nc1ccccn1)c1c(O)ccc2cc(-c3cccc(O)c3)ccc12,-71.61,-1096.28,-984.77,-39.9,
TDP43_v2,CHEMBL513351,-8.5,COc1ccc(C(C)C(F)(F)F)cc1CN[C@H]1CCCN[C@H]1c1ccccc1,-58.8,-889.34,-925.45,94.91,
TDP43_v2,CHEMBL514356,-8.5,Cc1c(Nc2c(C#N)cnc3sc(/C=C/C(=O)N4CC[C@H](N(C)C)C4)cc23)ccc2[nH]ccc12,,,,,"{""mmgbsa_dG"": null, ""error"": ""embed fallo (6 semillas) para C:\\Users\\Fredy\\masive-als\\gpu_dock\\resultados_libreria\\results_TDP43_v2\\CHEMBL514356_out.pdbqt""}"
TDP43_v2,CHEMBL514397,-8.5,O=C([C@@H]1CCc2c(Cl)cc(OCc3ccc(F)c(F)c3)c(=O)n21)N1CCCC1,-73.65,-984.89,-974.15,62.92,
TDP43_v2,CHEMBL514533,-8.5,Cc1c(Nc2c(C#N)cnc3sc(/C=C/C(=O)N4CC[C@@H](N(C)C)C4)cc23)ccc2[nH]ccc12,-67.97,-1159.02,-1138.35,47.3,
TDP43_v2,CHEMBL514547,-8.5,O=c1c2ccccc2cc2n1Cc1c-2nc2ccccc2c1CN1CCOCC1,-63.09,-893.93,-902.48,71.64,
TDP43_v2,CHEMBL514645,-8.5,Cc1cc(C)c2c(=O)[nH]c(-c3cc(C)c(O)c(C)c3)nc2n1,-56.36,-1182.39,-1072.39,-53.65,
TDP43_v2,CHEMBL514681,-8.5,O=C(CCc1ccccc1)NCC(=O)NC(c1ccccc1)c1ccc(Cl)cc1,-74.07,-1252.09,-1190.11,12.09,
TDP43_v2,CHEMBL514861,-8.5,Cc1nccn1CCC1CCN(C(=O)CCS(=O)(=O)c2ccc3cc(Cl)ccc3c2)CC1,-89.29,-1268.96,-1213.37,33.69,
TDP43_v2,CHEMBL515003,-8.5,Cc1ccc(-c2nc(CCOc3ccc([C@H]4CO[C@@](C)(C(=O)O)OC4)cc3)c(C)o2)cc1,-62.88,-791.59,-826.88,98.17,
TDP43_v2,CHEMBL515072,-8.5,O=C(COc1ccc2c(=O)cc(-c3ccccc3)oc2c1)Nc1ccc(F)cc1,-51.42,-1191.59,-1165.49,25.31,
TDP43_v2,CHEMBL516091,-8.5,Fc1cccc2c1CCC(Cn1cncn1)/C2=N/OCc1cccc(Cl)c1,-45.64,-889.11,-894.93,51.46,
TDP43_v2,CHEMBL516744,-8.5,O=C([C@@H]1CCc2c(Cl)cc(OCc3ccc(F)c(Cl)c3)c(=O)n21)N1CCCC1,-73.65,-956.24,-944.62,62.02,
TDP43_v2,CHEMBL517097,-8.5,O=C(Nc1nc(-c2ccccc2)nc2c1nnn2Cc1ccccc1)c1ccco1,-81.13,-1077.73,-1063.43,66.82,
TDP43_v2,CHEMBL517404,-8.5,N#Cc1ccc(Nc2nc(N)nc(Oc3ccc4ccccc4c3Br)n2)cc1,-58.94,-1386.65,-1079.22,-248.49,
TDP43_v2,CHEMBL517410,-8.5,CCCS(=O)(=O)N1CCC(c2ccccn2)([C@H](C)NC(=O)c2cc(F)cc(F)c2Cl)CC1,-71.21,-1232.33,-1102.97,-58.14,
TDP43_v2,CHEMBL517672,-8.5,CC(C)c1c(O)ccc2c1CC[C@H]1[C@@](C)(C(=O)O)CCC[C@]21C,-42.98,-1122.01,-1098.49,19.46,
TDP43_v2,CHEMBL518088,-8.5,COc1cc2c(cc1O)C[C@@H]1NCCc3cc4c(c-2c31)OCO4,-49.12,-1125.56,-1111.89,35.45,
TDP43_v2,CHEMBL518841,-8.5,Cc1ccc([C@@H]2CN(C)[C@]3(C(=O)N(C)c4ccccc43)[C@]23Cc2ccccc2C3=O)cc1,-58.63,-856.08,-876.86,79.41,
TDP43_v2,CHEMBL518969,-8.5,Cc1cc2nc(Nc3nc(O)c4ccccc4n3)nc(C)c2cc1C,-77.38,-1424.8,-1151.84,-195.58,
TDP43_v2,CHEMBL519325,-8.5,NC(=O)c1ccc(F)c2c1CC(N(CCCCn1ccc3cccc(F)c31)C1CCC1)CO2,-98.98,-1243.47,-1230.52,86.03,
TDP43_v2,CHEMBL519416,-8.5,Oc1ccc2c3c1O[C@H]1c4c(c5cc(Cl)cc6c5n4CCC6)C[C@@]4(O)[C@@H](C2)N(CC2CC2)CC[C@]314,-51.24,-748.03,-734.54,37.75,
TDP43_v2,CHEMBL521395,-8.5,COc1ccc2c3c(n4c2c1CCC4)[C@@H]1Oc2c(O)ccc4c2[C@@]12CCN(CC1CC1)[C@H](C4)[C@]2(O)C3,-47.38,-740.82,-728.51,35.08,
TDP43_v2,CHEMBL522290,-8.5,Cc1ncsc1C(=O)N(Cc1cc(=O)[nH]c2c(F)cccc12)c1cccc(C#N)c1,-84.1,-992.23,-924.29,16.16,
TDP43_v2,CHEMBL522708,-8.5,Cc1ccc2c(OCCN3CCC(Cc4cccc(N5CCCS5(=O)=O)c4)CC3)cccc2n1,-77.73,-1136.47,-1081.15,22.41,
TDP43_v2,CHEMBL523261,-8.5,Cn1cc(-c2ccc3c(c2)Cc2c[nH]nc2-3)c(-c2ccncc2)n1,-58.28,-1007.9,-1026.29,76.67,
TDP43_v2,CHEMBL523460,-8.5,O=C(O)c1cc2c(cc1O)-c1[nH]c3ccc(C(F)(F)F)cc3c1CC2,-44.57,-1153.72,-1139.81,30.66,
TDP43_v2,CHEMBL523748,-8.5,O=C1CCC(c2cccc(Cl)c2)(C2CCN(Cc3ccc(Br)cc3)CC2)C(=O)N1,-75.82,-1077.54,-1005.4,3.68,
TDP43_v2,CHEMBL523842,-8.5,O=C(C(=O)N1CCN(C(=O)c2ccccc2)CC1)c1c[nH]c2cccc(Cl)c12,-54.0,-985.07,-1103.4,172.33,
TDP43_v2,CHEMBL524197,-8.5,C[C@@H](NC(=O)/C=C/c1ccccc1)C(=O)Nc1nnc(-c2ccccc2)s1,-65.41,-1086.62,-1007.78,-13.43,
TDP43_v2,CHEMBL524830,-8.5,O=C1NC(c2ccccc2)=N/C1=C\c1c[nH]c2ncccc12,-48.63,-1279.14,-1272.27,41.76,
TDP43_v2,CHEMBL525524,-8.5,Cn1nc(-c2ccc(CN[C@@H]3CCc4ccc(O)cc43)cc2)c2cnc(NC3CCCC3)nc21,-66.5,-1141.17,-1043.12,-31.55,
TDP43_v2,CHEMBL526619,-8.5,COc1ccc(C=NN=c2cc(C)[nH]c3ccc(C)cc23)c2ccccc12,-47.57,-981.06,-998.79,65.3,
TDP43_v2,CHEMBL527052,-8.5,CC1=C(O)c2c(oc(-c3ccccc3C)cc2=O)C(C)(C)C1=O,-31.29,-1162.12,-1143.6,12.77,
TDP43_v2,CHEMBL528745,-8.5,Nc1nc(N)c2c(ccc3c2ccn3Cc2ccc(OCc3ccccc3)cc2)n1,-79.24,-1599.34,-1408.22,-111.88,
TDP43_v2,CHEMBL531595,-8.5,Cc1nc2nc(N)nc(N)c2c(C)c1Cc1ccccc1Cl.Cl,,,,,"{""mmgbsa_dG"": null, ""error"": ""n atomos no coincide: SMILES 23 vs pose 22 (C:\\Users\\Fredy\\masive-als\\gpu_dock\\resultados_libreria\\results_TDP43_v2\\CHEMBL531595_out.pdbqt)""}"
TDP43_v2,CHEMBL552271,-8.5,Cc1ccc(C(N)=O)cc1Nc1cc(=O)n(C)c2c1cnn2-c1ccc(F)cc1F,-89.81,-1149.54,-1057.17,-2.56,
TDP43_v2,CHEMBL557012,-8.5,Cc1cccc2c1/C(=N/O)C(=O)N2Cc1cc(F)cc2c1OCOC2,-65.75,-970.01,-949.76,45.5,
TDP43_v2,CHEMBL557755,-8.5,Nc1nc2ccc(-c3ccc(F)cc3)nc2n(CC2CCCCC2)c1=O,-63.69,-1401.48,-1405.19,67.39,
TDP43_v2,CHEMBL558903,-8.5,Cc1cccc(Cn2c(-c3ccc(-n4cncn4)cc3)nc3c(F)cc(F)cc32)c1,-66.07,-995.06,-1018.37,89.38,
TDP43_v2,CHEMBL559588,-8.5,Cc1cccc(C(=O)N[C@H](C)c2ccc3ccccc3c2)c1,-50.68,-1015.4,-969.9,5.17,
TDP43_v2,CHEMBL559808,-8.5,O=C(/C=C/c1ccccc1Cl)N1CCN(Cc2ccc(F)cc2)CC1,-55.67,-1225.31,-1237.61,67.97,
TDP43_v2,CHEMBL560590,-8.5,O=C(Nc1ccccc1)N1CCC(Cc2cnc3ccccc3c2)CC1,-56.7,-1229.74,-1132.38,-40.66,
TDP43_v2,CHEMBL560765,-8.5,O=C1c2ccc(NCCO)c3cccc(c23)CN1c1cccc(Br)c1,-72.34,-952.67,-927.85,47.53,
TDP43_v2,CHEMBL560844,-8.5,Fc1cccc(COC2=N[C@H](c3ccccc3)[C@H](c3ccccc3)N2)c1,-55.46,-1023.44,-957.83,-10.15,
TDP43_v2,CHEMBL562197,-8.5,Cc1cccnc1-c1nc2ccnc(C(F)(F)F)c2c(=O)n1[C@H](C)Cc1ccccc1,-88.19,-1146.14,-1124.09,66.15,
TDP43_v2,CHEMBL563577,-8.5,Cc1ccc(C(=O)Nc2cccc(C(F)(F)F)c2)cc1Nc1[nH]cnc2ncnc1-2,-81.39,-1340.49,-1236.99,-22.11,
TDP43_v2,CHEMBL564614,-8.5,O=C(Nc1ccc(F)c(F)c1)c1ccc(N2C(=O)[C@@H]3[C@H](C2=O)[C@@H]2C=C[C@H]3C2)cc1,-50.42,-1059.85,-1027.49,18.07,
TDP43_v2,CHEMBL565035,-8.5,Cc1nn(-c2ccc(C(N)=O)c(NC3CC=CC3)c2)c2c1C(=O)CC(C)(C)C2,-64.8,-1339.0,-1359.68,85.48,
TDP43_v2,CHEMBL565529,-8.5,Fc1ccc(-c2nc(N3CCOCC3)nc3c2CCc2ccccc2-3)cc1,,,,,"{""mmgbsa_dG"": null, ""error"": ""embed fallo (6 semillas) para C:\\Users\\Fredy\\masive-als\\gpu_dock\\resultados_libreria\\results_TDP43_v2\\CHEMBL565529_out.pdbqt""}"
TDP43_v2,CHEMBL565614,-8.5,O/N=C(\c1ccc(CN2CCC3(CC2)OCc2cc(F)ncc23)cc1)c1ccc(F)c(F)c1,-65.27,-821.28,-829.58,73.57,
TDP43_v2,CHEMBL566011,-8.5,COc1ccc(C2(c3cccc(-c4cccnc4F)c3)N=C(N)N(C)C2=O)cc1C,-84.45,-1047.87,-962.7,-0.73,
TDP43_v2,CHEMBL566258,-8.5,O=C(NCc1ccccc1)[C@@H]1CCC[C@H]1c1cc(-c2ccccc2)on1,-70.68,-1262.2,-1149.21,-42.31,
TDP43_v2,CHEMBL566362,-8.5,CC(Nc1nccc(-n2cnc3ccccc32)n1)C1CCCN(C(=O)Nc2ccccc2)C1,-91.18,-1196.6,-970.02,-135.4,
TDP43_v2,CHEMBL566415,-8.5,CN1C(=O)C(c2cccc(-c3cccnc3)c2)(c2ccc3c(c2)OCO3)N=C1N,-83.99,-1241.26,-1155.4,-1.87,
TDP43_v2,CHEMBL8620,-8.5,CN1CC=C(c2c(O)cc(O)c3c(=O)oc(-c4ccccc4Cl)cc23)CC1,-50.29,-930.1,-913.05,33.23,
TDP43_v2,CHEMBL8845,-8.5,CCC(=O)N1N=C(c2ccc(N)cc2)c2cc3c(cc2CC1C)OCO3,-49.54,-969.31,-980.59,60.82,
TDP43_v2,CHEMBL8960,-8.5,CC1Cc2cc3c(cc2C(c2ccc(N)cc2)=NN1C=O)OCO3,-64.11,-975.59,-973.23,61.74,
TDP43_v2,CHEMBL9951,-8.5,O=C1c2ccccc2CCCN1CCN1CCC(n2ccc3cc(F)ccc32)CC1,-57.35,-938.11,-946.64,65.88,
TDP43_v2,RILPIVIRINE,-8.5,Cc1cc(/C=C/C#N)cc(C)c1Nc1ccnc(Nc2ccc(C#N)cc2)n1,-71.72,-1251.49,-1069.77,-110.0,
TDP43_v2,CHEMBL1094870,-8.4,CN1CCC[C@@H]1C(=O)NCc1c(CN(C)[C@H]2CCCc3cccnc32)ncc2ccccc12,-98.59,-913.8,-931.29,116.08,
TDP43_v2,CHEMBL1207638,-8.4,O=C(O)Cc1ccc2c(c1)CC(CNS(=O)(=O)c1cccc3ccccc13)C2,-69.22,-1247.97,-1146.62,-32.13,
TDP43_v2,CHEMBL1210537,-8.4,O=C(Nc1ncnc2[nH]c(-c3cccc(Cl)c3)nc12)c1ccccc1,-69.43,-1137.45,-1085.95,17.93,
TDP43_v2,CHEMBL1210547,-8.4,O=C(CN1CCN(c2nnc(Cc3ccncc3)c3ccccc23)CC1)Nc1ccc(F)c(F)c1,,,,,"{""mmgbsa_dG"": null, ""error"": ""embed fallo (6 semillas) para C:\\Users\\Fredy\\masive-als\\gpu_dock\\resultados_libreria\\results_TDP43_v2\\CHEMBL1210547_out.pdbqt""}"
TDP43_v2,CHEMBL1210674,-8.4,O=C(CN1CCN(c2nnc(Cc3ccncc3)c3ccccc23)CC1)Nc1cccc(F)c1,,,,,"{""mmgbsa_dG"": null, ""error"": ""embed fallo (6 semillas) para C:\\Users\\Fredy\\masive-als\\gpu_dock\\resultados_libreria\\results_TDP43_v2\\CHEMBL1210674_out.pdbqt""}"
TDP43_v2,CHEMBL1210731,-8.4,Cc1ccccc1NC(=O)CN1CCN(c2nnc(Cc3ccncc3)c3ccccc23)CC1,,,,,"{""mmgbsa_dG"": null, ""error"": ""embed fallo (6 semillas) para C:\\Users\\Fredy\\masive-als\\gpu_dock\\resultados_libreria\\results_TDP43_v2\\CHEMBL1210731_out.pdbqt""}"
TDP43_v2,CHEMBL1242980,-8.4,Cc1ccccc1NC(=O)Oc1ccc2c(c1)[C@]1(C)CCOC1O2,-38.42,-1056.17,-1009.63,-8.12,
TDP43_v2,CHEMBL1243230,-8.4,COc1ccc2c(c1)/C(=N\OCCN1CCCCC1)c1c-2c(O)nc2ccccc12,-70.03,-1439.01,-1410.55,41.57,
TDP43_v2,CHEMBL12566,-8.4,Cc1c(C(=O)c2cccc3ccccc23)c2ccccc2n1CCN1CCOC(O)C1,-80.71,-1011.48,-1105.29,174.52,
TDP43_v2,CHEMBL13078,-8.4,O=C(c1cccc2ccccc12)c1cn(CCN2CCOCC2)c2ccccc12,-53.25,-1071.27,-1180.65,162.64,
TDP43_v2,CHEMBL1422628,-8.4,COc1nnc(-c2ccc(N3CCCCC3)c(NC(C)=O)c2)c2ccccc12,-56.21,-1065.93,-1057.25,47.52,
TDP43_v2,CHEMBL1501463,-8.4,Cc1c(C(=O)N2CCc3ccccc3C2)oc2ccccc12,-45.47,-947.69,-947.75,45.53,
TDP43_v2,CHEMBL1513171,-8.4,Cc1cc(C)c2c(c1)c(C)cc1nnc(SCc3ccccc3C#N)n12,-74.51,-1247.93,-1212.68,39.26,
TDP43_v2,CHEMBL1590708,-8.4,Cc1ccc(Cl)cc1N(C)C(=O)c1cc2ccc3cccnc3c2[nH]1,-50.33,-1031.44,-996.67,15.56,
TDP43_v2,CHEMBL166209,-8.4,O=C(O)c1ccc2c3c(ncnc13)-c1ccccc1C2=O,-47.67,-1372.62,-1302.94,-22.01,
TDP43_v2,CHEMBL1795744,-8.4,O=c1nc(N2CCOCC2)oc2cc3ccccc3cc12,-50.3,-1241.16,-1197.19,6.34,
TDP43_v2,CHEMBL1795801,-8.4,O=C(Cn1sc2cc(F)ccc2c1=O)Nc1nc(-c2ccccc2)cs1,-65.8,-1194.28,-1121.0,-7.48,
TDP43_v2,CHEMBL1795920,-8.4,CC(=O)Nc1ccc2c(c1)C(NC(=S)Nc1cccc(C#N)c1)CC(C)(C)O2,-94.07,-1341.54,-1162.38,-85.09,
TDP43_v2,CHEMBL1796807,-8.4,O=C(c1ccccc1)c1cc2cc(Br)cc(O)c2oc1=O,-75.32,-963.61,-914.06,25.77,
TDP43_v2,CHEMBL1808742,-8.4,Cc1cccc(CNc2nccc3c2[nH]c2ccccc23)c1,-37.98,-1159.57,-1103.48,-18.11,
TDP43_v2,CHEMBL18518,-8.4,c1ccc(Cc2nn[nH]n2)c(COc2ccc(OCc3ccc4ccccc4n3)cc2)c1,-90.45,-1082.48,-1079.4,87.37,
TDP43_v2,CHEMBL1858811,-8.4,c1cnc(N2CCN(Cc3coc(-c4cccc5ccccc45)n3)CC2)nc1,-57.87,-1073.71,-1063.23,47.4,
TDP43_v2,CHEMBL1858965,-8.4,Cc1ccccc1CN/C(=N\O)c1ccnc(Oc2ccc(F)c(Cl)c2)c1,-48.99,-1296.84,-1247.87,0.03,
TDP43_v2,CHEMBL1859068,-8.4,CC(=O)c1ccc(N2CCN(Cc3coc(-c4ccccc4C)n3)CC2)cc1,-70.67,-1137.32,-1227.88,161.24,
TDP43_v2,CHEMBL1859186,-8.4,Fc1cccc(-c2nc(CNCc3cccc4ccccc34)co2)c1,-49.95,-1205.67,-1198.92,43.21,
TDP43_v2,CHEMBL1859233,-8.4,CC1CCCN(Cc2coc(-c3cccc4ccccc34)n2)C1,-40.07,-1133.83,-1164.37,70.61,
TDP43_v2,CHEMBL1859300,-8.4,Cc1cc(C)cc(Oc2nc(C)ccc2/C(=N/O)N2C(C)CCC2C)c1,,,,,"{""mmgbsa_dG"": null, ""error"": ""embed fallo (6 semillas) para C:\\Users\\Fredy\\masive-als\\gpu_dock\\resultados_libreria\\results_TDP43_v2\\CHEMBL1859300_out.pdbqt""}"
TDP43_v2,CHEMBL1859301,-8.4,Cc1ccc(/C(=N/O)N2CCN(c3ccccc3)CC2)c(Oc2cccc3cnccc23)n1,,,,,"{""mmgbsa_dG"": null, ""error"": ""embed fallo (6 semillas) para C:\\Users\\Fredy\\masive-als\\gpu_dock\\resultados_libreria\\results_TDP43_v2\\CHEMBL1859301_out.pdbqt""}"
TDP43_v2,CHEMBL1859526,-8.4,Clc1ccccc1-c1nc(Cn2cnc(-c3ccccc3)c2)co1,-46.33,-1241.88,-1260.26,64.71,
TDP43_v2,CHEMBL1859737,-8.4,Fc1cccc(-c2nc(CNCc3ccccc3C(F)(F)F)co2)c1,-46.27,-915.26,-939.08,70.1,
TDP43_v2,CHEMBL1859833,-8.4,Cc1ccc(Oc2ccc(/C(N)=N/O)cn2)c2c1CCC2,-83.21,-992.97,-936.72,26.97,
TDP43_v2,CHEMBL1859834,-8.4,Cc1ccc(Oc2ncccc2/C(=N/O)NCc2ccccc2)c2c1CCC2,-74.08,-942.28,-907.51,39.31,
TDP43_v2,CHEMBL1860176,-8.4,Cc1ccc(/C(=N/O)NC2CCC2)c(Oc2ccc3ccccc3c2)n1,-54.15,-956.4,-946.73,44.48,
TDP43_v2,CHEMBL1860385,-8.4,CN1CCCC1CCN/C(=N\O)c1cccnc1Oc1ccc2c(c1)CCCC2,-73.0,-1163.17,-1126.14,35.97,
TDP43_v2,CHEMBL1860747,-8.4,CCN1CCN(Cc2coc(-c3cccc4ccccc34)n2)CC1,-47.41,-1069.2,-1155.62,133.83,
TDP43_v2,CHEMBL1860994,-8.4,O/N=C(/c1cccnc1Oc1ccc2c(c1)CCCC2)N1CCSCC1,,,,,"{""mmgbsa_dG"": null, ""error"": ""embed fallo (6 semillas) para C:\\Users\\Fredy\\masive-als\\gpu_dock\\resultados_libreria\\results_TDP43_v2\\CHEMBL1860994_out.pdbqt""}"
TDP43_v2,CHEMBL1861513,-8.4,CC1CCCCN1CCCNCc1coc(-c2cccc3ccccc23)n1,-62.13,-1225.6,-1231.28,67.8,
TDP43_v2,CHEMBL1861785,-8.4,C1=CCN(Cc2coc(-c3cccc4ccccc34)n2)CC1,-37.39,-1254.04,-1286.15,69.5,
TDP43_v2,CHEMBL1862849,-8.4,O=S(=O)(c1ccc(C(F)(F)F)cc1)N1CCN(C(c2ccc(Cl)cc2)c2cccnc2)CC1,-43.56,-974.42,-1044.76,113.91,
TDP43_v2,CHEMBL1862944,-8.4,Cc1nc(C(=O)NC2CCN(C(c3ccc(C(F)(F)F)cc3)c3cccnc3)CC2)cs1,-47.17,-976.91,-990.58,60.84,
TDP43_v2,CHEMBL1863161,-8.4,N#Cc1ccnc(N2CCC(NC(c3ccc(C(F)(F)F)cc3)c3cccnc3)CC2)n1,,,,,"{""mmgbsa_dG"": null, ""error"": ""embed fallo (6 semillas) para C:\\Users\\Fredy\\masive-als\\gpu_dock\\resultados_libreria\\results_TDP43_v2\\CHEMBL1863161_out.pdbqt""}"
TDP43_v2,CHEMBL1863195,-8.4,Cc1oncc1C(=O)N1CCC(NC(c2ccc(C(F)(F)F)cc2)c2cccnc2)CC1,-53.36,-1178.86,-1113.9,-11.61,
TDP43_v2,CHEMBL1863219,-8.4,N#Cc1ccc(C(c2cccnc2)N2CCC(NC(=O)c3cc(F)ccc3F)CC2)cc1,-84.88,-972.65,-914.67,26.9,
TDP43_v2,CHEMBL1863325,-8.4,N#Cc1ccc(C(O)(c2ccc(C(F)(F)F)cc2)c2cccnc2)c(F)c1,-60.46,-948.64,-961.88,73.69,
TDP43_v2,CHEMBL1863368,-8.4,O=S(=O)(c1ccc(C(F)(F)F)cc1)N1CCN(C(c2ccc(Cl)cc2)c2cncnc2)CC1,-52.14,-1035.26,-1063.8,80.68,
TDP43_v2,CHEMBL1864636,-8.4,CN(C)CCNC(=O)c1cccc(-c2cnc3c(NC=O)cc(-c4cc(F)c(F)c(F)c4)cn23)c1,-69.58,-1181.98,-1130.54,18.14,
TDP43_v2,CHEMBL1864943,-8.4,Cc1cc(=O)oc2cc(O)cc(OCc3ccccc3)c12,-60.78,-1085.33,-1041.55,17.0,
TDP43_v2,CHEMBL1865048,-8.4,Cc1ccccc1OCC(=O)Nc1cc(C)c(O)c(-c2nc3ccccc3o2)c1,-64.56,-1089.03,-1062.66,38.19,
TDP43_v2,CHEMBL1865174,-8.4,O=C(NCc1ccccc1F)c1ccc2ccccc2n1,-35.44,-1093.18,-1088.25,30.51,
TDP43_v2,CHEMBL1865285,-8.4,O=C(Nc1cccc(C(F)(F)F)c1)c1cccc(NC(=O)c2cnccn2)c1,-72.48,-1122.64,-1151.53,101.38,
TDP43_v2,CHEMBL1865345,-8.4,COc1ccccc1N1CCN(C(=O)CSc2nc3ccccc3nc2Cc2ccccc2)CC1,-66.07,-923.43,-1033.82,176.46,
TDP43_v2,CHEMBL1865669,-8.4,O=C(CCC1CCCN(C2C3CC4CC(C3)CC2C4)C1)NCc1ccc(F)c(F)c1,-57.8,-1205.48,-1178.29,30.61,
TDP43_v2,CHEMBL1865801,-8.4,COc1c(F)cccc1C1=CC(=O)C[C@H](c2ccc(F)cc2)C1,-49.94,-969.27,-962.87,43.54,
TDP43_v2,CHEMBL1866455,-8.4,CN1C(C(=O)NCc2ccccc2)CC2Cn3c(nc4ccccc43)C21,-64.97,-1022.4,-954.77,-2.66,
TDP43_v2,CHEMBL1872278,-8.4,Cn1ccc2c(-c3ccc4c(c3)OCCO4)cc3c(c21)C1CCC3C1,-44.08,-1012.38,-1072.72,104.42,
TDP43_v2,CHEMBL191991,-8.4,Oc1noc(C2CCNCC2)c1Cc1ccc2ccccc2c1Br,-56.48,-1118.27,-1020.4,-41.39,
TDP43_v2,CHEMBL19349,-8.4,Cc1cc(C#CCN2CCC(Cc3ccc(F)cc3)CC2)cc2[nH]c(O)nc12,-63.31,-1290.05,-1227.35,0.61,
TDP43_v2,CHEMBL20375,-8.4,c1ccc(NNC2c3ccccc3Oc3ccccc32)cc1,-57.48,-1168.62,-1159.53,48.39,
TDP43_v2,CHEMBL21140,-8.4,Cc1cc(C(=O)Nc2ccc(C(=N)N(C)C)cc2F)n(-c2cc3ccccc3cc2F)n1,-69.68,-1150.95,-1045.53,-35.74,
TDP43_v2,CHEMBL21190,-8.4,O=S(=O)(NS(=O)(=O)N1CCc2c(Cl)cccc2C1)N1CCc2c(Cl)cccc2C1,-65.62,-1574.12,-1035.54,-472.96,
TDP43_v2,CHEMBL25345,-8.4,COc1ccc(Cc2cc(C3CCN(C(=O)c4ccc5c(c4)OCO5)CC3)nc(N)n2)cc1,-70.78,-1206.26,-1044.17,-91.31,
TDP43_v2,CHEMBL26844,-8.4,O=C(NO)c1ccc(CNC(=O)c2ccc(-c3ccccc3)cc2)cc1,-80.96,-1236.26,-1220.64,65.34,
TDP43_v2,CHEMBL28177,-8.4,CC(CC(=O)Nc1ccccc1C(=O)O)c1ccc2ccccc2c1,-57.08,-1316.43,-1246.79,-12.55,
TDP43_v2,CHEMBL29364,-8.4,Cc1ccc(CNC(=O)CCn2c3c(c4ccccc42)C(=O)CN2CCCCC32)o1,-65.48,-1166.91,-1123.25,21.82,
TDP43_v2,CHEMBL30051,-8.4,O=C(NO)C(NCc1cccc(C(F)(F)F)c1)c1cccc2ccccc12,-47.22,-1000.07,-1081.73,128.89,
TDP43_v2,CHEMBL3309993,-8.4,Nc1nc2c3ccc(O)cc3nc(Cc3ccc4c(c3)OCO4)n2n1,-73.63,-1244.91,-1089.93,-81.35,
TDP43_v2,CHEMBL3311108,-8.4,c1cc2cc(-c3ccc(-c4cn5cc(C6=NCCCN6)ccc5n4)cc3)[nH]c2cc1C1=NCCCN1,-74.22,-645.24,-533.2,-37.82,
TDP43_v2,CHEMBL3311109,-8.4,c1cc2cc(-c3ccc(-c4cn5ccc(C6=NCCN6)cc5n4)cc3)[nH]c2cc1C1=NCCN1,-82.94,-718.15,-693.93,58.72,
TDP43_v2,CHEMBL4434863,-8.4,O/N=c1\cc(-c2ccccc2)oc2c1ccc1ccccc12,-62.8,-984.94,-970.93,48.79,
TDP43_v2,CHEMBL4435086,-8.4,Nc1ncnc2c3c(n(-c4ccc(NC(=O)Cc5cnn(-c6ccccc6)c5)cc4)c12)CCC3,-85.88,-1287.81,-1205.01,3.09,
TDP43_v2,CHEMBL4435183,-8.4,CN1C(=O)C2(c3ccccc31)c1c(c3ccccc3oc1=O)Oc1c2c(=O)oc2ccccc12,-36.57,-1123.05,-1061.61,-24.88,
TDP43_v2,CHEMBL4435572,-8.4,O=C(Cn1cc(Cn2c3ccccc3c3ccccc32)nn1)c1ccc(F)cc1,-68.86,-1197.33,-1200.58,72.12,
TDP43_v2,CHEMBL4435833,-8.4,O=C(O)[C@H]1C2CCC(CC2)[C@@H]1Nc1nc(-c2c[nH]c3ncc(F)cc23)nc2scnc12,-75.69,-1169.05,-1113.85,20.5,
TDP43_v2,CHEMBL4436056,-8.4,CC(NC(=O)c1ccccc1)c1nn(-c2ccc(C(N)=O)cc2)c2c1C(=O)CC(C)(C)C2,-65.23,-821.83,-799.94,43.33,
TDP43_v2,CHEMBL4528205,-8.4,CCc1cccc2c(C(=O)CN3CCC(C(=O)Nc4ccc5c(c4)OCO5)CC3)c[nH]c12,-62.8,-1046.7,-1058.52,74.63,
TDP43_v2,CHEMBL4529431,-8.4,Cc1c(COc2cc(N)nc3[nH]nnc23)cccc1-c1cccc(F)c1,-81.62,-1016.06,-951.96,17.51,
TDP43_v2,CHEMBL4529934,-8.4,Cc1ccc(-c2ccc3nn(CC(=O)N4CCN(c5ccc(F)cc5)CC4)c(=O)n3n2)cc1C,,,,,"{""mmgbsa_dG"": null, ""error"": ""embed fallo (6 semillas) para C:\\Users\\Fredy\\masive-als\\gpu_dock\\resultados_libreria\\results_TDP43_v2\\CHEMBL4529934_out.pdbqt""}"
TDP43_v2,CHEMBL4529977,-8.4,O=C(O)c1cccc(-n2c(/C=C/c3ccc([N+](=O)[O-])o3)nc3ccccc3c2=O)c1,-94.03,-963.64,-893.84,24.24,
TDP43_v2,CHEMBL4530238,-8.4,O=C(NO)c1ccc(Nc2nnc(-c3ccccc3)o2)cc1,-70.15,-1088.92,-1059.38,40.6,
TDP43_v2,CHEMBL4530264,-8.4,CN1CCN(c2ccc(-c3cn4c(-c5cccc(O)c5)cnc4cn3)cn2)CC1,,,,,"{""mmgbsa_dG"": null, ""error"": ""embed fallo (6 semillas) para C:\\Users\\Fredy\\masive-als\\gpu_dock\\resultados_libreria\\results_TDP43_v2\\CHEMBL4530264_out.pdbqt""}"
TDP43_v2,CHEMBL4530572,-8.4,O=C(Cn1nc2c3cc(-c4ccc(F)cc4)nn3ccn2c1=O)Nc1ccc(Br)cc1,-57.85,-1121.82,-1040.51,-23.47,
TDP43_v2,CHEMBL4530588,-8.4,O=C(Cn1nc2c3cc(-c4ccc(F)cc4)nn3ccn2c1=O)N1CCN(c2ccccc2F)CC1,-67.99,-1226.7,-1240.03,81.33,
TDP43_v2,CHEMBL4530623,-8.4,Cc1ccccc1CN(c1ccc(C(C)C)cc1)S(=O)(=O)c1cccn2cnnc12,-66.01,-1026.07,-935.47,-24.6,
TDP43_v2,CHEMBL4530711,-8.4,NC(=S)c1cccc(-c2cccc3[nH]ccc23)c1O,-73.83,-1353.89,-1323.69,43.63,
TDP43_v2,CHEMBL4530829,-8.4,CC1CCCC(C)N1CCC(=O)NNC(=O)c1cc(-c2ccc(Cl)cc2)nc2ccccc12,-76.02,-1073.91,-1057.16,59.28,
TDP43_v2,CHEMBL4530878,-8.4,CC(=O)c1cccc(-c2cnc3ccc(-c4ccc5c(c4)OCO5)nn23)c1,-50.22,-887.92,-894.28,56.58,
TDP43_v2,CHEMBL4531198,-8.4,O=C(NNc1ccc(F)cc1)c1cccc(S(=O)(=O)N2CCc3ccccc3C2)c1,-79.1,-962.6,-910.81,27.3,
TDP43_v2,CHEMBL4531264,-8.4,Nc1c(C(c2ccccc2)c2c(N)c3ccccc3oc2=O)c(=O)oc2ccccc12,-70.98,-923.89,-854.97,2.06,
TDP43_v2,CHEMBL4531266,-8.4,O=C1Cc2ccc(F)cc2C[C@@H]1C1=Cc2ccc(F)cc2CC1,-33.03,-1181.66,-1195.0,46.37,
TDP43_v2,CHEMBL4531394,-8.4,Cc1cccc(-c2cc(Nc3ccc([N+](=O)[O-])c4nonc34)ccc2C(=O)O)c1,-60.5,-1160.13,-1050.46,-49.18,
TDP43_v2,CHEMBL4531401,-8.4,OCc1ccc(-c2cn3c(-c4cccc(OC(F)(F)F)c4)cnc3cn2)cc1,-57.15,-1010.78,-968.95,15.33,
TDP43_v2,CHEMBL4531544,-8.4,O=C(/C=C/c1ccc(-n2nncc2-c2ccccc2)cc1)c1ccccc1,-64.01,-1105.2,-1119.11,77.92,
TDP43_v2,CHEMBL4531786,-8.4,O=C(Nc1nn(Cc2ccc(C(F)(F)F)cc2)c2ccccc12)c1cnc[nH]1,-69.82,-930.39,-903.61,43.03,
TDP43_v2,CHEMBL4531799,-8.4,Cn1ncc2ccc(-c3ccc4cnn(Cc5ccc(F)c(C(=O)O)c5)c4c3)cc21,-54.39,-988.25,-1014.59,80.73,
TDP43_v2,CHEMBL4532096,-8.4,Clc1ccc2nc(-c3cccc(N4CCc5ccccc5C4)n3)[nH]c2c1,,,,,"{""mmgbsa_dG"": null, ""error"": ""embed fallo (6 semillas) para C:\\Users\\Fredy\\masive-als\\gpu_dock\\resultados_libreria\\results_TDP43_v2\\CHEMBL4532096_out.pdbqt""}"
TDP43_v2,CHEMBL4532223,-8.4,O=C(NC(Cn1ccnc1)C(=O)c1cccc(F)c1)c1ccc(-c2ccccc2)cc1,-87.11,-1110.71,-1074.63,51.03,
TDP43_v2,CHEMBL4532287,-8.4,N#CN1CCC[C@](F)(C(=O)Nc2ccc(-c3cccc4[nH]ncc34)nn2)C1,-89.78,-1004.95,-962.1,46.93,
TDP43_v2,CHEMBL4532313,-8.4,NC(=S)c1cccc(-c2cccc3[nH]ccc23)c1,-56.47,-1397.61,-1372.96,31.82,
TDP43_v2,CHEMBL4532359,-8.4,CCc1ccc(S(=O)(=O)Nc2ccc(-c3nc4ccccc4o3)cc2)cc1,-56.39,-1008.25,-951.82,-0.04,
TDP43_v2,CHEMBL4532735,-8.4,Cn1c(Oc2ccccc2-c2ccc(Cl)cc2)cc(=O)n(O)c1=O,-64.09,-1361.33,-1295.84,-1.39,
TDP43_v2,CHEMBL4533401,-8.4,COc1ccc(-n2ncc3c(C(=O)NCc4cccc(C(F)(F)F)c4)cccc32)cc1,-65.04,-1246.41,-1258.71,77.35,
TDP43_v2,CHEMBL4534320,-8.4,Nc1nc(CN2CCN(Cc3cccc4cccnc34)CC2)nc2ccccc12,-75.68,-970.67,-978.5,83.51,
TDP43_v2,CHEMBL4534511,-8.4,COc1cc(C(N)=S)cc(-c2cccc3[nH]ccc23)c1,-64.69,-1419.82,-1377.02,21.9,
TDP43_v2,CHEMBL4534728,-8.4,CC(C)(Oc1ccc(-c2cnc(N)c(-c3ccc4c(c3)CCNC4=O)n2)cc1)C(N)=O,-91.13,-1217.93,-1210.39,83.59,
TDP43_v2,CHEMBL4543556,-8.4,Cc1c(C(=O)N2C3CCC2CC(F)(c2ccc(Cl)cc2)C3)cnn1-c1nn2cccc2c(=O)[nH]1,-49.97,-1036.88,-980.76,-6.15,
TDP43_v2,CHEMBL4553589,-8.4,Cc1cc(-c2csc(Cc3ccccc3)n2)c(C)n1NC(=O)c1nn(C)c(=O)c2ccccc12,-98.24,-1054.86,-1028.17,71.55,
TDP43_v2,CHEMBL4562707,-8.4,N#CC1=C(N)Oc2ccc3ccccc3c2C1,-40.34,-1329.95,-1273.76,-15.85,
TDP43_v2,CHEMBL4562825,-8.4,C=Cc1cc(C(=O)O)cc2c1-c1ccc(O)c(C)c1CC2,-62.14,-1356.51,-1306.82,12.45,
TDP43_v2,CHEMBL4564089,-8.4,N#Cc1c(C(F)(F)F)cc(NCc2ccncc2)n2c1nc1ccccc12,,,,,"{""mmgbsa_dG"": null, ""error"": ""embed fallo (6 semillas) para C:\\Users\\Fredy\\masive-als\\gpu_dock\\resultados_libreria\\results_TDP43_v2\\CHEMBL4564089_out.pdbqt""}"
TDP43_v2,CHEMBL4565057,-8.4,C=C(c1ccc2c(ccn2C)c1)c1nc(C)nc2ccccc12,-41.81,-1001.3,-990.32,30.83,
TDP43_v2,CHEMBL4569433,-8.4,Cc1c(C(=O)N2Cc3cc(C(F)(F)F)cnc3C2)cnn1-c1nn2cccc2c(=O)[nH]1,-52.7,-1286.29,-1210.54,-23.05,
TDP43_v2,CHEMBL4570266,-8.4,Cc1cccc(-c2nc(NC(=O)C3CC3)cc3c2CCCN3)c1C,-41.17,-1257.0,-1138.57,-77.25,
TDP43_v2,CHEMBL4570314,-8.4,Cn1c(-c2c(-c3ccccc3)n[nH]c2-c2ccccc2O)nc2ccccc21,-82.27,-940.26,-926.8,68.8,
TDP43_v2,CHEMBL4570385,-8.4,Cc1ccc(CNC(=O)c2ccc(CN3CCc4ccccc4C3)cc2)cc1,-52.74,-1180.62,-1156.11,28.23,
TDP43_v2,CHEMBL4570423,-8.4,O=c1cc(NCCCN2CCN(c3nccc4ccc(Cl)cc34)CC2)c2ccccc2o1,,,,,"{""mmgbsa_dG"": null, ""error"": ""embed fallo (6 semillas) para C:\\Users\\Fredy\\masive-als\\gpu_dock\\resultados_libreria\\results_TDP43_v2\\CHEMBL4570423_out.pdbqt""}"
TDP43_v2,CHEMBL4570440,-8.4,C[C@@H](CN1CCC2(CC1)C(=O)NC[C@H]2c1ccc(F)cc1)NC(=O)c1cnc2ccccc2c1,-68.62,-934.15,-900.36,34.83,
TDP43_v2,CHEMBL4571187,-8.4,N#Cc1ccc(CCc2nc3ccccc3c(=O)n2-c2cccc(C(=O)O)c2)cc1,-82.12,-1093.9,-1016.49,4.72,
TDP43_v2,CHEMBL4571300,-8.4,Cc1ccccc1N1C[C@@]2(CCC[C@H](Cn3cnc4ccc(C#N)cc43)C2)OC1=O,-76.2,-946.28,-929.59,59.52,
TDP43_v2,CHEMBL4571349,-8.4,Cc1cc2nccn2c2sc(C(=O)NC3Cc4ccccc4C3)c(N)c12,-59.45,-1007.72,-956.93,8.66,
TDP43_v2,CHEMBL4571461,-8.4,Cc1ccc2nc(NC(=O)c3ccc(C#N)cc3)c(C(=O)NC3CCCCC3)n2c1,-92.64,-1210.1,-1068.68,-48.78,
TDP43_v2,CHEMBL4572090,-8.4,CC(=O)N1CCC(n2c(-c3cc(C)c(O)c(C)c3)nc3ccccc32)CC1,-62.22,-1174.46,-1110.66,-1.59,
TDP43_v2,CHEMBL4572205,-8.4,Cc1cccc(-c2cn3c(-c4ccc(C#N)cc4)cnc3cn2)c1C,-48.59,-1280.46,-1278.63,46.76,
TDP43_v2,CHEMBL4572927,-8.4,CC(C)n1nnc2cnc3ccc(-c4cnc5[nH]ccc5c4)cc3c21,-45.28,-1098.52,-1136.87,83.63,
TDP43_v2,CHEMBL4573316,-8.4,O=C(NCC1(c2ccc(Cl)nc2)CCCCC1)C1CCCc2[nH]ccc21,-63.96,-999.25,-983.37,48.08,
TDP43_v2,CHEMBL4573333,-8.4,NC(=O)c1cc([N+](=O)[O-])ccc1Nc1ccccc1-c1ccccc1,-74.08,-1358.82,-1316.23,31.5,
TDP43_v2,CHEMBL4573695,-8.4,Cc1ccccc1-c1nc2oc3ccccc3c(=O)c2c(=O)n1Cc1ccccc1,-72.73,-1222.84,-1115.07,-35.04,
TDP43_v2,CHEMBL4573918,-8.4,O=C(Cn1nc2c(N3CCOCC3)nccn2c1=O)NCc1ccc(C(F)(F)F)cc1,-53.99,-1179.95,-1262.25,136.29,
TDP43_v2,CHEMBL4574114,-8.4,Oc1ccc(C2=CCN(c3ncnc4ccccc34)CC2)cc1,,,,,"{""mmgbsa_dG"": null, ""error"": ""embed fallo (6 semillas) para C:\\Users\\Fredy\\masive-als\\gpu_dock\\resultados_libreria\\results_TDP43_v2\\CHEMBL4574114_out.pdbqt""}"
TDP43_v2,CHEMBL4575361,-8.4,COc1ccc(OCCN2CCN(CC(=O)Nc3nc(-c4c[nH]c5ccccc45)cs3)CC2)cc1,-93.15,-1455.98,-1490.9,128.07,
TDP43_v2,CHEMBL4575421,-8.4,Cc1ccc(OCc2n[nH]c(=S)n2C2CCCCC2)c2c1CCC2,-40.61,-1125.92,-1127.74,42.43,
TDP43_v2,CHEMBL4575814,-8.4,O=C(/C=C/c1ccccc1C(F)(F)F)Nc1ccc2c(c1)CCC2,-56.86,-1273.67,-1232.23,15.43,
TDP43_v2,CHEMBL4580706,-8.4,O=C1COc2ccc(C(=O)N3CCCc4ccccc43)cc2N1,-57.88,-997.68,-972.64,32.84,
TDP43_v2,CHEMBL4580911,-8.4,CC(C)(C)c1ccc(S(=O)(=O)Oc2ccc(NC(=O)C3CCCC3)cc2)cc1,-75.7,-1257.33,-1230.94,49.3,
TDP43_v2,CHEMBL4581299,-8.4,Cc1cccc(NC(=O)c2ccc3nn(CC(=O)N4CCc5ccccc5C4)c(=O)n3c2)c1,-91.84,-1052.09,-981.25,21.0,
TDP43_v2,CHEMBL4581383,-8.4,Cc1cc(C)cc(Oc2cccc(-c3c(C)nnn3C3CCN(C(=N)N)CC3)c2)c1,-58.6,-1253.74,-1043.34,-151.81,
TDP43_v2,CHEMBL4581665,-8.4,O=c1c2ccccc2nc(NCc2ccc(F)cc2)n1-c1cccc([N+](=O)[O-])c1,-60.19,-1019.27,-921.22,-37.86,
TDP43_v2,CHEMBL4584611,-8.4,COc1cc(/C=C/C=C2\N=C(/C=C/c3ccccc3)NC2=O)ccc1O,-82.57,-1319.36,-1234.5,-2.29,
TDP43_v2,CHEMBL4634835,-8.4,CC(C)(C)c1[nH]cnc1/C=c1\[nH]c(=O)/c(=C/c2cccc(Oc3ccc(F)cc3)c2)[nH]c1=O,-69.35,-1011.53,-969.41,27.23,
TDP43_v2,CHEMBL4634851,-8.4,CC(C)c1cc(Nc2nc(N3CCC[C@H](N)C3)ncc2C(N)=O)cc(C(C)C)c1,,,,,"{""mmgbsa_dG"": null, ""error"": ""embed fallo (6 semillas) para C:\\Users\\Fredy\\masive-als\\gpu_dock\\resultados_libreria\\results_TDP43_v2\\CHEMBL4634851_out.pdbqt""}"
TDP43_v2,CHEMBL4635020,-8.4,CC(C)(C)c1cc(CNC(=O)Cc2ccc3c(c2)OCO3)n(-c2ccc(F)c(F)c2)n1,-57.49,-1273.92,-1237.89,21.46,
TDP43_v2,CHEMBL4635746,-8.4,N#Cc1ccnc(Oc2nn(C3CCC(F)(F)CC3)c3ncnc(N)c23)c1,-74.21,-1231.54,-1130.06,-27.27,
TDP43_v2,CHEMBL4635830,-8.4,Cc1[nH]cnc1/C=c1\[nH]c(=O)/c(=C/c2cccc(Oc3ccc(F)cc3)c2)[nH]c1=O,-57.73,-846.72,-815.86,26.87,
TDP43_v2,CHEMBL4636028,-8.4,COc1ccc(C(C)(O)c2nc(-c3ccc4c(c3)OCO4)nc3ccccc23)cc1,-71.33,-880.13,-875.74,66.94,
TDP43_v2,CHEMBL4636254,-8.4,Cc1ncn(CC2CN(C)C2)c1NC(=O)[C@H]1CCC[C@@H](N(C)C(=O)c2cccc(C(F)(F)F)c2)C1,-71.85,-1064.37,-1086.95,94.43,
TDP43_v2,CHEMBL4636331,-8.4,CC1c2ccccc2CCN1c1nc2c(cnn2C(C)(C)C)c(=O)n1Cc1ccc(F)cc1,-55.22,-1257.37,-1153.93,-48.22,
TDP43_v2,CHEMBL4636766,-8.4,COc1ccc(-c2cc(C(=O)NCc3ccc(F)cc3)c3ccccc3n2)cc1OC,-70.39,-965.03,-900.87,6.23,
TDP43_v2,CHEMBL4636779,-8.4,CC1CCN(c2cc(C(C)(C)C)ccc2CNC(=O)Cc2ccc3c(c2)OCO3)CC1,-77.44,-1114.13,-1053.22,16.53,
TDP43_v2,CHEMBL4637050,-8.4,N#CN1CC(OCc2ccc(-c3ccc4c(c3)OCO4)cc2)(c2ccccc2)C1,,,,,"{""mmgbsa_dG"": null, ""error"": ""embed fallo (6 semillas) para C:\\Users\\Fredy\\masive-als\\gpu_dock\\resultados_libreria\\results_TDP43_v2\\CHEMBL4637050_out.pdbqt""}"
TDP43_v2,CHEMBL4637306,-8.4,O=C(O)Cc1ccccc1OCc1cccc(-c2ccc3c(c2)CNCC3)c1,-82.32,-1225.75,-1184.11,40.68,
TDP43_v2,CHEMBL4637380,-8.4,CC1(C)O[C@H]2CC(=O)OC[C@]23[C@H]2CCC4=C([C@H]5CCC(=O)O5)C(=O)CC[C@@]4(C)[C@]2(C)CC[C@@H]13,-82.62,-944.84,-950.29,88.06,
TDP43_v2,CHEMBL4637560,-8.4,Nc1ncnc2c1c(Oc1cccc(C(F)(F)F)c1)nn2[C@H]1C[C@H](F)C1,-60.03,-1414.74,-1375.43,20.72,
TDP43_v2,CHEMBL4637610,-8.4,Cc1ccc(S(=O)(=NC(N)=O)NC(=O)Nc2c3c(cc4c2CCC4)CCC3)cc1,-72.51,-1354.7,-971.99,-310.2,
TDP43_v2,CHEMBL4638343,-8.4,COc1cc(C(=O)N[C@@H]2C[C@H]3CCC[C@@H](C2)N3CC(=O)Nc2c(C)cccc2C)cc(OC)c1OC,-86.47,-973.03,-950.12,63.56,
TDP43_v2,CHEMBL4638387,-8.4,C[C@@H]1CN(c2snc3ccc(-c4cccc(Cl)c4)nc23)C[C@H](C)O1,-55.78,-917.82,-1014.45,152.41,
TDP43_v2,CHEMBL4638639,-8.4,C=C1C(=O)[C@@]23C(=O)[C@@H]4OC[C@]5(C=CCC(C)(C)[C@@H]45)[C@@H]2CC[C@@H]1[C@H]3OC(=O)/C=C/c1ccc(OC)cc1,-76.54,-833.54,-845.0,87.99,
TDP43_v2,CHEMBL4638751,-8.4,C(=N/n1cnnc1)\c1cc2ccc3cccc4ccc(c1)c2c34,-34.86,-1095.25,-1108.4,48.01,
TDP43_v2,CHEMBL4638888,-8.4,COc1ccc(C(=O)N2[C@H](C)CN(C(=O)c3ccc4cc(C)[nH]c4c3)C[C@H]2C)c(F)c1,-75.13,-919.57,-931.85,87.41,
TDP43_v2,CHEMBL4638937,-8.4,FC(F)(F)COc1cccn2nc(N[C@@H]3[C@@H]4CC[C@H]3CN(c3ccnc(C(F)(F)F)c3)C4)nc12,-85.54,-1211.22,-1154.54,28.87,
TDP43_v2,CHEMBL4638972,-8.4,Nc1nc(-c2cc3c4c(n[nH]c4c2)Nc2ccccc2O3)cc(C2CC2)n1,-74.84,-1236.37,-1042.65,-118.89,
TDP43_v2,CHEMBL496101,-8.4,Oc1ccc(Cc2nnc3ccc(-c4ccccc4)cn23)cc1,-57.01,-946.44,-899.71,10.27,
TDP43_v2,CHEMBL497735,-8.4,N[C@H](Cc1cc(F)c(F)cc1F)C1CCN(C(=O)c2ccc(F)cc2F)CC1,-50.78,-1290.0,-1270.52,31.3,
TDP43_v2,CHEMBL497765,-8.4,c1ccc(CCNc2nccc3[nH]c4ccccc4c23)cc1,-54.65,-981.37,-958.77,32.04,
TDP43_v2,CHEMBL497781,-8.4,Cc1cccc(-c2cc(=O)c3cc(Br)ccc3o2)c1,-37.12,-1195.7,-1175.27,16.68,
TDP43_v2,CHEMBL497809,-8.4,COc1ccc(CN2CCC(C3(c4ccccc4)CCC(=O)NC3=O)CC2)cc1,-62.68,-1103.45,-1048.35,7.58,
TDP43_v2,CHEMBL497967,-8.4,O=C(NNc1cccc2ncccc12)C12CC3CC(CC(C3)C1)C2,-42.5,-948.58,-966.99,60.91,
TDP43_v2,CHEMBL498280,-8.4,Cc1cn2cc(-n3ccccc3=O)cc(NCc3c(C)cccc3C)c2n1,-64.65,-913.55,-875.26,26.37,
TDP43_v2,CHEMBL498749,-8.4,N[C@H](Cc1cc(F)c(F)cc1F)C1CCN(C(=O)c2cc3ccccc3cn2)CC1,-71.2,-1043.24,-1066.03,93.99,
TDP43_v2,CHEMBL499605,-8.4,O=c1ccc(-n2ccc3ccccc32)nn1CCCCN1CCN(c2ccccc2Cl)CC1,-78.26,-915.53,-1042.93,205.66,
TDP43_v2,CHEMBL501013,-8.4,C=C1CC(c2cccc3ccccc23)OC1=O,-37.44,-1393.11,-1386.66,31.0,
TDP43_v2,CHEMBL501462,-8.4,O=c1nc(-c2ccc3[nH]ncc3c2)cc(-c2ccc(OCc3ccccc3)cc2)[nH]1,-68.14,-1038.84,-966.16,-4.54,
TDP43_v2,CHEMBL501726,-8.4,O=c1ccc(-n2ccc3ccccc32)nn1CCCCCN1CCN(c2ccccc2Cl)CC1,-74.11,-840.17,-977.01,210.95,
TDP43_v2,CHEMBL502837,-8.4,CC(C)(C)C1CCC(NC2=N/C(=C\c3c[nH]c4ncccc34)C(=O)N2)CC1,-64.7,-1354.02,-1262.51,-26.81,
TDP43_v2,CHEMBL502966,-8.4,O=C(c1ccc(C(F)(F)F)cc1)n1ccc2ccccc21,-29.78,-854.14,-938.9,114.53,
TDP43_v2,CHEMBL504261,-8.4,NC(=O)c1ccc(-c2ccnc3[nH]ccc23)cc1,-52.06,-1469.37,-1438.34,21.03,
TDP43_v2,CHEMBL504267,-8.4,Cc1nc2[nH]c(-c3ccnc(/C=C/c4ccccc4)c3)cc2c(=O)[nH]1,-67.51,-1249.2,-1133.65,-48.04,
TDP43_v2,CHEMBL506611,-8.4,CN1C2C=C(c3cccc4ccccc34)CC1CC2,-45.92,-1373.45,-1381.25,53.72,
TDP43_v2,CHEMBL506980,-8.4,O=C(Nc1ccncc1)c1cccc2c(=O)c3ccccc3[nH]c12,-50.44,-1431.91,-1392.83,11.35,
TDP43_v2,CHEMBL507348,-8.4,O=c1[nH]cnc2[nH]c(-c3ccnc(/C=C/c4ccccc4)c3)cc12,-43.53,-1204.39,-1110.77,-50.08,
TDP43_v2,CHEMBL507747,-8.4,Cc1ccc(C(=O)C=C2c3ccccc3C(=O)c3ccccc32)cc1,-50.72,-884.53,-908.39,74.57,
TDP43_v2,CHEMBL508050,-8.4,CC1(C)Oc2ccc(C#N)cc2C(NC(=O)c2ccc(Cl)cc2)C1O,-63.61,-1065.66,-1057.2,55.15,
TDP43_v2,CHEMBL508187,-8.4,CC(C)=CCc1c2c(c3[nH]c4c(O)cccc4c(=O)c3c1O)C=CC(C)(C)O2,-76.89,-1136.66,-1127.47,67.7,
TDP43_v2,CHEMBL508883,-8.4,O=c1nc(-c2ccc3[nH]ncc3c2)cc(-c2cccc(Cl)c2)[nH]1,-52.85,-1180.86,-1095.97,-32.04,
TDP43_v2,CHEMBL509961,-8.4,CN1CCN(c2nc(NCc3cc4ccccc4s3)c3cc(Cl)ccc3n2)CC1,,,,,"{""mmgbsa_dG"": null, ""error"": ""embed fallo (6 semillas) para C:\\Users\\Fredy\\masive-als\\gpu_dock\\resultados_libreria\\results_TDP43_v2\\CHEMBL509961_out.pdbqt""}"
TDP43_v2,CHEMBL509970,-8.4,O=C(c1cc(-c2ccccn2)nc2ccccc12)N1CCC(N2CCCC2)CC1,-73.33,-1086.9,-1052.56,38.99,
TDP43_v2,CHEMBL510009,-8.4,N#Cc1ccccc1-c1ccc2ncnc(NCc3ccccc3)c2c1,-74.08,-1218.06,-1120.77,-23.21,
TDP43_v2,CHEMBL510937,-8.4,C[C@H](NC1=NC(=O)C(C)(c2ccc(C(=O)N3CCCC3)cc2)S1)c1ccc(F)cc1,-61.85,-920.5,-833.01,-25.64,
TDP43_v2,CHEMBL511177,-8.4,O=c1c2ccccc2c(C(=S)Nc2ccc(Cl)cc2)c2n1CCN2,-45.61,-1249.42,-1189.16,-14.65,
TDP43_v2,CHEMBL511458,-8.4,CC1(C)NC(C)(C)C(c2nc3c(C(N)=O)cccc3[nH]2)=C1c1ccccc1,-78.97,-1034.93,-965.9,9.94,
TDP43_v2,CHEMBL511518,-8.4,O=C1NC(=O)/C(=C/c2cccc(-c3ccccc3)c2)N1,-70.41,-1420.29,-1289.83,-60.05,
TDP43_v2,CHEMBL511812,-8.4,CC[C@@]12C[C@H](O)[C@](O)(c3ccccc3)C[C@H]1CCc1cc(O)ccc12,-43.68,-899.01,-933.04,77.7,
TDP43_v2,CHEMBL511815,-8.4,Cc1ccc2c(N3CCN(CCc4cccc5c4OCC(=O)N5C)[C@H](C)C3)cccc2n1,,,,,"{""mmgbsa_dG"": null, ""error"": ""embed fallo (6 semillas) para C:\\Users\\Fredy\\masive-als\\gpu_dock\\resultados_libreria\\results_TDP43_v2\\CHEMBL511815_out.pdbqt""}"
TDP43_v2,CHEMBL512038,-8.4,C[C@]12CC[C@H](c3cc(F)c(O)cc3F)C[C@@H]1CC[C@@H]2O,-53.13,-936.72,-939.38,55.8,
TDP43_v2,CHEMBL512206,-8.4,N=C(N)N/N=C/C1=C(Oc2ccccc2)c2ccccc2CC1,-68.95,-1305.39,-1173.58,-62.87,
TDP43_v2,CHEMBL512267,-8.4,N=C(NO)c1ccc(-n2c3c(c4ccccc42)C(=O)CCC3)c(Br)c1,-67.96,-906.21,-932.77,94.51,
TDP43_v2,CHEMBL512573,-8.4,N#CC1=C(N)OC2=C(C(=O)CC(c3ccccc3)C2)C1c1ccccc1F,-46.82,-1217.38,-1143.9,-26.66,
TDP43_v2,CHEMBL514968,-8.4,COc1ccc2c(c1)ncn2-c1cc(OCc2ccccc2C(F)(F)F)c(C(N)=O)s1,-66.14,-1079.94,-1051.66,37.85,
TDP43_v2,CHEMBL515453,-8.4,Cc1ccc(NC(=O)c2cccc(C(C)(C)C#N)c2)cc1C(=O)Nc1ccc(N)nc1,-77.28,-1163.04,-1063.04,-22.72,
TDP43_v2,CHEMBL515786,-8.4,O=C([C@@H]1CCc2c(Cl)cc(NCc3ccc(F)cc3)c(=O)n21)N1CCCC1,-65.2,-974.16,-971.16,62.2,
TDP43_v2,CHEMBL516163,-8.4,COc1cc2c(c3c1C(=O)C[C@@H](c1ccccc1)O3)[C@H]1[C@@H](O2)OC(C)(C)[C@@H]1OC(C)=O,-71.56,-1007.63,-948.85,12.78,
TDP43_v2,CHEMBL517068,-8.4,CC(=O)Nc1nc(-c2ccc(F)c(C)n2)c(-c2ccc3ncnn3c2)[nH]1,-54.69,-1189.36,-1138.2,3.53,
TDP43_v2,CHEMBL517170,-8.4,Cc1ccc2c(OCCN3CCC(Cc4cccc(N5CCN[C@H](C)C5)c4)CC3)cccc2n1,-63.93,-990.47,-1078.92,152.38,
TDP43_v2,CHEMBL517333,-8.4,O=C1NC[C@H](c2c[nH]c3ccccc23)N=C1c1c[nH]c2cc(Br)ccc12,-67.55,-998.79,-1089.33,158.09,
TDP43_v2,CHEMBL517351,-8.4,O=c1c2cc3ccccc3cc2oc2c3c(cc(O)c12)OCCC3,-52.64,-1169.99,-1127.26,9.91,
TDP43_v2,CHEMBL517867,-8.4,O=C(Nc1nc2ccccc2c2cn(-c3ccccc3)nc12)c1ccco1,-51.34,-953.19,-958.94,57.08,
TDP43_v2,CHEMBL518018,-8.4,CC1(C)C=C(c2nc3c(C(N)=O)cccc3[nH]2)CC(C)(C)N1O,-93.73,-1401.06,-1362.81,55.48,
TDP43_v2,CHEMBL518113,-8.4,CCC(=O)NCCc1cc(-c2cccc(CO)c2)cc2ccc(OC)cc12,-82.05,-1096.83,-1017.43,2.65,
TDP43_v2,CHEMBL518516,-8.4,CN1CCN(c2cnc3cc(C(F)(F)F)cc(NCc4cccc([N+](=O)[O-])c4)c3n2)CC1,,,,,"{""mmgbsa_dG"": null, ""error"": ""embed fallo (6 semillas) para C:\\Users\\Fredy\\masive-als\\gpu_dock\\resultados_libreria\\results_TDP43_v2\\CHEMBL518516_out.pdbqt""}"
TDP43_v2,CHEMBL518545,-8.4,Cc1ccc2c(OCCN3CCC(Cc4cccc(N5CCN[C@@H](C)C5)c4)CC3)cccc2n1,-92.86,-1245.24,-1308.13,155.75,
TDP43_v2,CHEMBL518588,-8.4,Oc1ccc(CC2CC(CCc3ccccc3)=NO2)cc1,-79.76,-1403.32,-1300.19,-23.37,
TDP43_v2,CHEMBL519264,-8.4,O=C(CN1CCN(Cc2ccc(C(=O)O)cc2)CC1)Nc1ccc(Oc2ccccc2)cc1,-85.44,-980.24,-1012.91,118.11,
TDP43_v2,CHEMBL519419,-8.4,Cc1cc(I)ccc1Nc1c(C(=O)O)cc(F)c(F)c1F,-87.77,-1320.64,-1247.97,15.09,
TDP43_v2,CHEMBL519601,-8.4,O=C(Nc1ccccc1)c1ccc(CNc2nccc(-c3cccnc3)n2)cc1,-99.29,-1353.21,-1152.55,-101.37,
TDP43_v2,CHEMBL519836,-8.4,FC(F)(F)c1cc(Nc2ccc3ccccc3c2)n2ncnc2n1,-32.66,-965.16,-1038.36,105.86,
TDP43_v2,CHEMBL520034,-8.4,CN(C)C(=O)n1nnc(CNC(=O)c2cccc(-c3ccccc3)c2)n1,-66.24,-1078.21,-1136.39,124.42,
TDP43_v2,CHEMBL520037,-8.4,COc1cc(Nc2ncc3c(C)nc(-c4cccc(C(F)(F)F)c4)n3n2)cc(OC)c1OC,-67.4,-1098.77,-978.46,-52.91,
FUS,CHEMBL4582280,-8.1,CN1CCN(c2cc(F)c3c(c2)N(C)C(=O)C32CCN(c3nc4c(c(=O)[nH]3)CCCN4C)CC2)CC1,-50.41,-1025.05,-829.23,-145.42,
FUS,CHEMBL4634995,-7.7,O=c1[nH]cc(C#Cc2ccc3c4cccc5cccc(c6cccc2c63)c54)c(=O)[nH]1,-42.03,-840.66,-749.95,-48.68,
FUS,CHEMBL4636707,-7.6,CN1CCN(c2cc(-c3cc4c5c(n[nH]c5c3)Nc3ccccc3O4)nc(N)n2)CC1,-50.73,-761.09,-626.74,-83.62,
FUS,CHEMBL4584906,-7.5,N=C1N/C(=N/NC(=O)c2ccc(CN3C(=O)c4cccc5cccc3c45)cc2)c2ccccc21,-47.69,-727.34,-726.12,46.47,
FUS,CHEMBL20834,-7.3,O=C1NC(=O)c2c1c1c(ccc3cccnc31)c1[nH]c3ccccc3c21,-71.09,-1142.42,-1079.64,8.31,
FUS,CHEMBL4581567,-7.3,CN1CCCc2c1nc(N1CCC3(CC1)C(=O)N(CC1COC1)c1cc(F)cc(F)c13)[nH]c2=O,-55.53,-1082.96,-819.41,-208.03,
FUS,CHEMBL4530658,-7.2,Nc1ncnc2c3c(n(-c4ccc(NC(=O)[C@@H](N)Cc5ccccc5)cc4)c12)CCC3,-46.43,-824.85,-771.0,-7.42,
FUS,CHEMBL4543357,-7.2,O=C(/C=C/c1ccc2c(c1)OCO2)N1CCN(CCN2C(=O)c3cccc4cccc(c34)C2=O)CC1,-61.58,-614.93,-610.06,56.71,
FUS,CHEMBL4574605,-7.2,C[C@]1(c2cc(NC(=O)c3ccc(C#N)cn3)ccc2F)N=C(N)O[C@@H]2CCCC(F)(F)[C@@H]21,-47.6,-880.25,-760.25,-72.4,
FUS,CHEMBL4581253,-7.2,CC1(C)C(=O)N2c3ccccc3[C@@]3(C[C@H](n4cnc5ccccc5c4=O)C(=O)O3)[C@@H]2N1O,-45.02,-864.23,-836.87,17.66,
FUS,CHEMBL4581905,-7.2,N#Cc1ccc2cc3c(=O)[nH]c(=O)nc-3n(-c3ccc4c(c3)OC(F)(F)O4)c2c1,-56.44,-934.98,-746.7,-131.83,
FUS,CHEMBL4637973,-7.2,N#Cc1ccc(-n2ccc3cc(C(=O)N4CC(N5CCN(C(=O)c6ccccc6)CC5)C4)ccc32)cc1,-84.82,-306.85,-446.2,224.17,
FUS,CHEMBL498331,-7.2,Cc1cc(C)c2occ(/C=C(/c3ccc([N+](=O)[O-])cc3)c3nnn[nH]3)c(=O)c2c1,-62.01,-789.11,-820.71,93.61,
FUS,CHEMBL1210803,-7.1,c1ccc2c(c1)CCCN2c1nc(N2CCOCC2)nc(N2CCCc3ccccc32)n1,,,,,"{""mmgbsa_dG"": null, ""error"": ""embed fallo (6 semillas) para C:\\Users\\Fredy\\masive-als\\gpu_dock\\resultados_libreria\\results_FUS\\CHEMBL1210803_out.pdbqt""}"
FUS,CHEMBL27509,-7.1,CO[C@H]1[C@@H]2OC[C@H]1O[C@@H]1[C@H]2n2c3ccccc3c3c4c(c5c6ccccc6n1c5c32)C(=O)NC4=O,-33.76,-914.4,-810.67,-69.97,
FUS,CHEMBL3311108,-7.1,c1cc2cc(-c3ccc(-c4cn5cc(C6=NCCCN6)ccc5n4)cc3)[nH]c2cc1C1=NCCCN1,-80.49,-632.67,-515.63,-36.56,
FUS,CHEMBL3311110,-7.1,c1cc2cc(-c3ccc(-c4cn5ccc(C6=NCCCN6)cc5n4)cc3)[nH]c2cc1C1=NCCCN1,-40.42,-564.78,-488.91,-35.45,
FUS,CHEMBL4435185,-7.1,Cc1ccc(C)c2c1CCC21CCN(CCc2cnn(-c3nccc4c(=O)[nH]cnc34)c2)CC1,-50.8,-792.98,-821.64,79.46,
FUS,CHEMBL4531795,-7.1,Cc1ccc(-c2cc3c4nn(CC(=O)Nc5ccc(C)c(Cl)c5)c(=O)n4ccn3n2)cc1C,-49.69,-640.71,-559.03,-31.98,
FUS,CHEMBL4564343,-7.1,Cc1ccc(NC(=O)Cn2nc3c4cc(-c5ccc(C)c(C)c5)nn4ccn3c2=O)c(C)c1,-57.0,-621.15,-545.05,-19.1,
FUS,CHEMBL4575062,-7.1,Cc1c(C(=O)N2CCN(c3ccc(C#N)cc3)CC2)cnn1-c1nn2cccc2c(=O)[nH]1,-42.68,-841.23,-834.31,35.76,
FUS,CHEMBL4581829,-7.1,N#Cc1ccc(Cn2nccc2-c2ccc3nnn(-c4ccc5cn[nH]c5c4)c3c2)nc1,-67.86,-721.68,-793.75,139.92,
FUS,CHEMBL4582406,-7.1,Cc1c(C(=O)N2CCC(c3nnc4n3CCC4)CC2)cnn1-c1nn2cccc2c(=O)[nH]1,-49.14,-929.18,-829.19,-50.85,
FUS,CHEMBL498013,-7.1,CN1CCN(c2ccc3[nH]c(-c4c(N)c5ccc(F)cc5[nH]c4=O)nc3c2)CC1,-39.5,-815.95,-838.86,62.41,
FUS,CHEMBL498166,-7.1,O=C1OC2(CCN(c3nc4c(C(F)(F)F)cccc4[nH]3)CC2)c2ccccc21,-49.28,-741.97,-691.94,-0.75,
FUS,CHEMBL16215,-7.0,COc1ccc(NC(=O)Nc2nc3ccccc3n3c(=O)n(-c4ccccc4)nc23)cc1,-51.41,-938.23,-830.02,-56.8,
FUS,CHEMBL26996,-7.0,O=C1NC(=O)c2c1c1c3ccccc3n3c1c1c2c2ccccc2n1CN(O)C3,-44.39,-1207.65,-1194.42,31.17,
FUS,CHEMBL27348,-7.0,NNC(=O)N(CCc1cccc(C(F)(F)F)c1)c1cccc2ccccc12,-53.01,-699.73,-725.83,79.11,
FUS,CHEMBL4530328,-7.0,O=c1nc(NC[C@@H](O)CN2CCN(c3nccc4ccc(F)cc34)CC2)c2ccccc2o1,,,,,"{""mmgbsa_dG"": null, ""error"": ""embed fallo (6 semillas) para C:\\Users\\Fredy\\masive-als\\gpu_dock\\resultados_libreria\\results_FUS\\CHEMBL4530328_out.pdbqt""}"
FUS,CHEMBL4531084,-7.0,Cc1ccc(-c2cc3c4nn(CC(=O)Nc5cccc(C)c5C)c(=O)n4ccn3n2)cc1C,-51.9,-653.12,-577.85,-23.37,
FUS,CHEMBL4543556,-7.0,Cc1c(C(=O)N2C3CCC2CC(F)(c2ccc(Cl)cc2)C3)cnn1-c1nn2cccc2c(=O)[nH]1,-54.73,-501.06,-436.32,-10.01,
FUS,CHEMBL4562749,-7.0,NC(=O)c1cccc2c1O/C(=C\c1ccc(CN3CCN(c4ncccn4)CC3)cc1)C2=O,-55.36,-876.44,-828.02,6.94,
FUS,CHEMBL4570741,-7.0,CC1=C(C)C(=O)O[C@@H]([C@](C)(O)[C@H]2CC[C@H]3[C@@H]4[C@H](O)C=C5CC=CC(=O)[C@]5(C)[C@H]4CC[C@]23C)C1,-43.29,-871.48,-974.77,146.58,
FUS,CHEMBL4574116,-7.0,Cc1cc(C)cc(NC(=O)Cn2nc3c4cc(-c5ccc(Cl)cc5)nn4ccn3c2=O)c1,-60.4,-672.16,-579.64,-32.12,
FUS,CHEMBL4585282,-7.0,Cc1ccc(NC(=O)Cn2nc3c4cc(-c5ccc(C)c(C)c5)nn4ccn3c2=O)cc1,-55.53,-682.53,-598.36,-28.63,
FUS,CHEMBL20685,-6.9,O=C1NC(=O)C2(CN(Cc3nc4ccccc4s3)c3ccc(Cl)cc32)N1,,,,,"{""mmgbsa_dG"": null, ""error"": ""embed fallo (6 semillas) para C:\\Users\\Fredy\\masive-als\\gpu_dock\\resultados_libreria\\results_FUS\\CHEMBL20685_out.pdbqt""}"
FUS,CHEMBL27387,-6.9,O=C1NC(=O)c2c1c1c3ccccc3n3c1c1c2c2ccccc2n1C[S+]([O-])C3,-98.27,-1285.89,-1172.46,-15.16,
FUS,CHEMBL28751,-6.9,CC(=O)Nc1ccc2ccc(S(=O)(=O)Nc3onc(C)c3C)cc2c1,-88.85,-718.6,-528.78,-100.97,
FUS,CHEMBL4435086,-6.9,Nc1ncnc2c3c(n(-c4ccc(NC(=O)Cc5cnn(-c6ccccc6)c5)cc4)c12)CCC3,-63.34,-670.35,-593.26,-13.75,
FUS,CHEMBL4435183,-6.9,CN1C(=O)C2(c3ccccc31)c1c(c3ccccc3oc1=O)Oc1c2c(=O)oc2ccccc12,-49.8,-510.72,-436.39,-24.53,
FUS,CHEMBL4435941,-6.9,O=C(O)c1ccc(/N=C/c2cc3cc(-c4nc5ccccc5[nH]4)ccc3n3nnnc23)cc1,-57.25,-891.95,-827.06,-7.64,
FUS,CHEMBL4530239,-6.9,Cc1cccc2nc(-c3c[nH]c4ncc(F)cc34)nc(N[C@H]3C4CCC(CC4)[C@@H]3C(=O)O)c12,-45.54,-909.13,-836.48,-27.11,
FUS,CHEMBL4530474,-6.9,Cc1c(C(=O)N2CC3CCCC(C2)N3CC(F)(F)F)cnn1-c1nn2cccc2c(=O)[nH]1,-31.38,-1079.4,-1157.03,109.01,
FUS,CHEMBL4531832,-6.9,Nc1ncnc2c3c(n(-c4ccc(NC(=O)Cc5nnc(C(F)(F)F)o5)cc4)c12)CCC3,-53.64,-824.52,-756.56,-14.32,
FUS,CHEMBL4531853,-6.9,O=C(NO)c1ccc(CNC(=O)c2cc(Cn3c4ccccc4c4ccccc43)on2)cc1,-62.34,-580.69,-566.03,47.67,
FUS,CHEMBL4531945,-6.9,Cc1cc(O)c(=O)c(O)cc1C(=O)c1cccc(-c2cccc3ccccc23)c1,-42.07,-538.44,-643.15,146.78,
FUS,CHEMBL4532451,-6.9,Cc1nccc2c1[nH]c1cc(OCc3cn(C/C=C/c4ccc5c(c4)OCO5)nn3)ccc12,-54.82,-796.47,-822.25,80.59,
FUS,CHEMBL4533577,-6.9,O=c1[nH]c(N2CCC3(CC2)CNc2cc(F)cc(F)c23)nc2c1CCCC2,-32.6,-1044.53,-868.33,-143.6,
FUS,CHEMBL4553700,-6.9,N=C1N/C(=N\Nc2nc(-c3ccc(Cl)cc3)cs2)c2ccccc21,-28.87,-875.25,-846.84,0.46,
FUS,CHEMBL4562703,-6.9,Cc1ccc(-c2cc3c4nn(CC(=O)N5CCN(c6ccccc6F)CC5)c(=O)n4ccn3n2)cc1C,-31.25,-780.84,-827.28,77.7,
FUS,CHEMBL4570803,-6.9,Nc1ncnc2c3c(n(-c4ccc(NC(=O)c5c[nH]c6ccccc56)cc4)c12)CCC3,-51.09,-806.11,-718.42,-36.6,
FUS,CHEMBL4571844,-6.9,Cc1nnc2n1CCN(C(=O)c1ccc(/C=C3\Oc4c(C(N)=O)cccc4C3=O)cc1)C2,-53.93,-761.93,-726.31,18.3,
FUS,CHEMBL4574920,-6.9,Cc1nc(-c2ccccc2)cc2nn(CC(=O)Nc3ccc4c(c3)OCO4)c(=O)n12,-57.34,-935.29,-825.6,-52.35,
FUS,CHEMBL4574953,-6.9,Cc1c(C(=O)N2CCC3(CC2)CC3C(=O)N2CCCC2)cnn1-c1nn2cccc2c(=O)[nH]1,-44.01,-854.77,-788.42,-22.34,
FUS,CHEMBL4575603,-6.9,Cc1c(C(=O)N2CCN(c3ccccn3)CC2)cnn1-c1nn2cccc2c(=O)[nH]1,-45.15,-841.62,-783.93,-12.54,
FUS,CHEMBL4584887,-6.9,O=c1c2c(oc3cc(C(F)(F)F)ccc13)N1C[C@@H]3CCC[N+]4([O-])CCC[C@@H]([C@H]34)[C@H]1CC2,,,,,"{""mmgbsa_dG"": null, ""error"": ""embed fallo (6 semillas) para C:\\Users\\Fredy\\masive-als\\gpu_dock\\resultados_libreria\\results_FUS\\CHEMBL4584887_out.pdbqt""}"
FUS,CHEMBL4634723,-6.9,c1cn2cc(-c3ccc4cn[nH]c4c3)nc(Nc3ccc(N4C[C@@H]5C[C@H]4CO5)cc3)c2n1,-58.72,-788.08,-824.44,95.07,
FUS,CHEMBL4635162,-6.9,CN(C)[C@H]1C[C@@]23CC[C@@]4(O2)C(=CC[C@]2(C)[C@@H](c5ccc6cnccc6c5)CC[C@H]24)C=C3[C@@H](O)[C@@H]1O,-53.09,-578.6,-666.9,141.4,
FUS,CHEMBL4636792,-6.9,N[C@@H](Cc1cn(-c2nc(Cl)nc(N3CCOCC3)n2)c2ccccc12)C(=O)O,-68.93,-1275.31,-1184.6,-21.78,
FUS,CHEMBL495322,-6.9,CC(=O)N1CCN(C(=O)c2cc(Cc3n[nH]c(=O)c4ccccc34)ccc2F)CC1,-53.28,-733.82,-773.99,93.46,
FUS,CHEMBL495952,-6.9,COc1cccc2c1c(C(=O)/C=C(\O)C(=O)O)cn2Cc1cccc(F)c1F,-72.84,-1111.39,-1100.55,62.01,
FUS,CHEMBL498347,-6.9,CN1CCN(c2ccc3[nH]c(-c4c(N)c5c(F)cc(F)cc5[nH]c4=O)nc3c2)CC1,-42.37,-776.01,-791.31,57.68,
FUS,CHEMBL498594,-6.9,NC(=O)c1ccc2[nH]c(N3CCC4(CC3)OC(=O)c3ccccc34)nc2c1,-32.91,-893.77,-833.02,-27.84,
FUS,CHEMBL1210813,-6.8,O=C(CN1CCN(c2nnc(Cc3ccccc3)c3ccccc23)CC1)Nc1ccc(F)c(Cl)c1,,,,,"{""mmgbsa_dG"": null, ""error"": ""embed fallo (6 semillas) para C:\\Users\\Fredy\\masive-als\\gpu_dock\\resultados_libreria\\results_FUS\\CHEMBL1210813_out.pdbqt""}"
FUS,CHEMBL15744,-6.8,CC1CN(c2cc3c(c(N)c2F)c(=O)c(C(=O)O)cn3-c2ccc(F)cc2F)CCN1,,,,,"{""mmgbsa_dG"": null, ""error"": ""embed fallo (6 semillas) para C:\\Users\\Fredy\\masive-als\\gpu_dock\\resultados_libreria\\results_FUS\\CHEMBL15744_out.pdbqt""}"
FUS,CHEMBL1796970,-6.8,O=C1c2cc3c(cc2OCN1CCn1cnc([N+](=O)[O-])n1)C(=O)N1CCCC1O3,-74.82,-896.26,-878.92,57.48,
FUS,CHEMBL1864755,-6.8,COc1cccc(CN2CCN(C(=O)c3cc(-c4ccncc4)nc4ccc(C)cc34)CC2)c1,-44.96,-816.43,-833.37,61.9,
FUS,CHEMBL20196,-6.8,Cc1nnc2nc(-c3ccccc3F)c3cc(C#CCN4C(=O)c5ccccc5C4=O)ccc3n12,-91.37,-842.64,-750.83,-0.43,
FUS,CHEMBL21597,-6.8,O=C1NC(=O)c2c1c1c3ccccc3cnc1c1c2c2ccccc2n1CCCCO,-53.92,-1098.49,-1057.4,12.83,
FUS,CHEMBL26936,-6.8,O=C1NC(=O)c2c1c1c3ccccc3n3c1c1c2c2ccccc2n1CNC3,-40.59,-1259.07,-1202.65,-15.83,
FUS,CHEMBL28388,-6.8,O=C(O)Cc1cccc2c1Cc1c-2nc(O)c2nc(-c3cccc(C(=O)O)c3)cn12,-65.84,-877.5,-769.43,-42.23,
FUS,CHEMBL3311109,-6.8,c1cc2cc(-c3ccc(-c4cn5ccc(C6=NCCN6)cc5n4)cc3)[nH]c2cc1C1=NCCN1,-63.04,-783.82,-782.95,62.17,
FUS,CHEMBL4434725,-6.8,O=c1cc(Cn2cc(CSc3nc4ccccc4[nH]3)nn2)c2ccc3ccccc3c2o1,-38.58,-806.11,-812.25,44.72,
FUS,CHEMBL4434819,-6.8,C[C@@H]1CN(c2ccnc3ccc(Cl)cc23)CC[C@@H]1C(=O)N1CCn2c(nnc2C(F)(F)F)C1,,,,,"{""mmgbsa_dG"": null, ""error"": ""embed fallo (6 semillas) para C:\\Users\\Fredy\\masive-als\\gpu_dock\\resultados_libreria\\results_FUS\\CHEMBL4434819_out.pdbqt""}"
FUS,CHEMBL4435739,-6.8,Cc1cc(OC2CN(C(=O)c3nnc(-c4ccccc4)o3)C2)ccc1CN1CCCC2(COC2)C1,-41.26,-824.08,-958.13,175.31,
FUS,CHEMBL4532201,-6.8,O=C1NC2(CCOc3ccccc32)C(=O)N1Cc1cc2ccccc2nc1Cl,-45.61,-690.43,-558.11,-86.71,
FUS,CHEMBL4532868,-6.8,Fc1ccc(N2CCCn3nc(N[C@@H]4[C@@H]5CC[C@H]4CN(c4ccnc(Cl)c4)C5)nc32)cc1F,-56.83,-949.15,-782.89,-109.43,
FUS,CHEMBL4533771,-6.8,Cc1ccc(-c2cc3c4nn(CC(=O)Nc5ccc(F)cc5Cl)c(=O)n4ccn3n2)cc1,-51.4,-652.07,-577.08,-23.59,
FUS,CHEMBL4534411,-6.8,COc1ccc(NC(=O)N2CCC3(CC2)Nc2ccccc2-n2cccc23)c(OC)c1,-34.21,-626.44,-474.96,-117.27,
FUS,CHEMBL4564327,-6.8,Cc1cnc2cc(CC[C@H]3C[C@@H](n4ccc5c(N)ncnc54)[C@H](O)[C@@H]3O)c(Cl)cn12,-62.2,-825.84,-788.75,25.12,
FUS,CHEMBL4566410,-6.8,Cc1cn2cc(-c3cc4ccc(N5CCN6CCC[C@H]6C5)cc4oc3=O)nc2c(C)n1,,,,,"{""mmgbsa_dG"": null, ""error"": ""embed fallo (6 semillas) para C:\\Users\\Fredy\\masive-als\\gpu_dock\\resultados_libreria\\results_FUS\\CHEMBL4566410_out.pdbqt""}"
FUS,CHEMBL4568125,-6.8,CCOC(=O)N1CCC2(CC1)C[C@@H](NC(=O)c1cccc3cn[nH]c13)c1ccccc1O2,-38.36,-910.55,-815.49,-56.7,
FUS,CHEMBL4568323,-6.8,O=C(O)[C@H]1C2CCC(CC2)[C@@H]1Nc1nc(-c2c[nH]c3ncc(F)cc23)nc2sccc12,-29.52,-921.45,-868.41,-23.52,
FUS,CHEMBL4568499,-6.8,O=C(NNC(=O)c1cc2cc(Cl)ccc2oc1=O)c1cc(Cl)ccc1O,-104.79,-797.66,-727.53,34.66,
FUS,CHEMBL4569304,-6.8,Cc1cn2cc(-c3cc4ccc(N5CCN[C@@H](C(C)C)C5)cc4oc3=O)nc2c(C)n1,-32.17,-653.78,-730.59,108.98,
FUS,CHEMBL4570368,-6.8,O=C1CCc2cc(N3CC[C@](O)(C(=O)NCc4c(F)ccc(F)c4F)C3=O)ccc2N1,-56.64,-746.01,-673.63,-15.73,
FUS,CHEMBL4571223,-6.8,O=C(NC(C(=O)NO)c1ccc(-c2cc(F)c(F)c(F)c2)cc1)c1cccc(F)c1,-50.84,-849.16,-870.13,71.81,
FUS,CHEMBL4571316,-6.8,CC1CCc2cc(F)cc3c(O)c(C(=O)NCc4cccc5cc[nH]c45)c(=O)n1c23,-23.73,-917.02,-833.9,-59.39,
FUS,CHEMBL4572055,-6.8,Nc1n[nH]c2ccc(-c3cnc(-c4ccccc4-n4cnnn4)s3)cc12,-70.81,-897.7,-843.85,16.96,
FUS,CHEMBL4580639,-6.8,N#Cc1ccc(-c2cnc(N)c(-c3ccc4c(c3)C3(CC3)CNC4=O)n2)cc1,-32.48,-674.24,-723.47,81.71,
FUS,CHEMBL4581153,-6.8,O=C(Nc1ccncc1)Nc1cccc(C2CCCN(c3ncnc4[nH]ccc34)C2)c1,-75.57,-980.48,-833.33,-71.58,
FUS,CHEMBL4581184,-6.8,CN1C[C@@H](Nc2nc3cc[nH]c3c(=O)n2C)C[C@@H](c2ccc3c(c2)OCCO3)C1,-26.78,-752.3,-674.35,-51.18,
FUS,CHEMBL4636263,-6.8,Cc1nnc(N2C[C@H]3CC[C@@H](C2)[C@@H]3Nc2nc3n(n2)CCCC3c2ccc(F)c(F)c2F)o1,-53.25,-1007.37,-874.04,-80.08,
FUS,CHEMBL4636405,-6.8,CCOC(=O)c1cn(Cc2cn(-c3ccc(Cl)cc3)nn2)c2ccc(F)cc2c1=O,-72.11,-594.41,-571.33,49.03,
FUS,CHEMBL4638039,-6.8,Nc1nc(-c2cc3c4c(n[nH]c4c2)Nc2ccccc2O3)cc(N2CCCC2)n1,-51.78,-1034.55,-821.55,-161.21,
FUS,CHEMBL4638803,-6.8,Cc1noc(N2C[C@H]3CC[C@@H](C2)[C@@H]3Nc2nc3c(OCC(F)(F)F)cccn3n2)n1,-42.4,-857.38,-717.36,-97.63,
FUS,CHEMBL4639751,-6.8,OC1c2ccccc2C(O)c2c1nnn2-c1cc(F)c(-c2ccccc2F)c(F)c1,-72.35,-654.22,-629.71,47.84,
FUS,CHEMBL498709,-6.8,O=c1c(/C=C(/c2ccc([N+](=O)[O-])cc2)c2nnn[nH]2)coc2c(Cl)cc(Cl)cc12,-69.13,-809.02,-814.42,74.53,
FUS,CHEMBL498713,-6.8,O=C(O)/C(O)=C/C(=O)c1cn(Cc2ccc(F)cc2)c2cc(Cl)c(Cl)cc2c1=O,-71.04,-843.28,-795.75,23.51,
FUS,CHEMBL498752,-6.8,O=C1NC(NCc2ccccc2)=N/C1=C\c1c[nH]c2ncc([N+](=O)[O-])cc12,-67.45,-669.7,-558.68,-43.56,
FUS,CHEMBL500662,-6.8,O=c1nc(-c2ccc3[nH]ncc3c2)cc(-c2cccc(OCc3ccccc3)c2)[nH]1,-63.52,-897.44,-822.56,-11.36,
FUS,CHEMBL501732,-6.8,O=c1nc(-c2ccc3[nH]ncc3c2)cc(-c2ccc(N3CCNCC3)cc2)[nH]1,-70.58,-774.59,-766.61,62.6,
FUS,CHEMBL503090,-6.8,O=C(Cc1ccc(F)cc1)NC(=O)Nc1ccc(Oc2ccnc3[nH]ccc23)c(F)c1,-45.42,-936.89,-831.76,-59.71,
FUS,CHEMBL1163540,-6.7,C[C@@]12CC[C@H](O)[C@@H]3COC(=C31)C(=O)c1cc3cccc(O)c3cc12,-69.35,-451.09,-468.65,86.91,
FUS,CHEMBL11757,-6.7,O=S(=O)(Nc1nc2nc(-c3ccccc3)cc(-c3ccccc3)n2n1)c1ccc(Cl)cc1,-42.04,-1003.17,-871.43,-89.7,
FUS,CHEMBL1206889,-6.7,O=C(O)c1c2c(nc3ccc(F)cc13)-c1cnc(-c3ccccc3)nc1CC2,-30.03,-686.39,-634.4,-21.97,
FUS,CHEMBL1210731,-6.7,Cc1ccccc1NC(=O)CN1CCN(c2nnc(Cc3ccncc3)c3ccccc23)CC1,,,,,"{""mmgbsa_dG"": null, ""error"": ""embed fallo (6 semillas) para C:\\Users\\Fredy\\masive-als\\gpu_dock\\resultados_libreria\\results_FUS\\CHEMBL1210731_out.pdbqt""}"
FUS,CHEMBL1210860,-6.7,CCCNC1COCCN1c1nc(N2CCc3ccccc3C2)nc(N2CCc3ccccc3C2)n1,,,,,"{""mmgbsa_dG"": null, ""error"": ""embed fallo (6 semillas) para C:\\Users\\Fredy\\masive-als\\gpu_dock\\resultados_libreria\\results_FUS\\CHEMBL1210860_out.pdbqt""}"
FUS,CHEMBL1222790,-6.7,O=C1CC[C@@H](c2nc(Nc3cc(C4CC4)[nH]n3)c3cccn3n2)N1C(=O)c1ccc(F)nc1,-61.97,-1018.97,-805.87,-151.13,
FUS,CHEMBL1242515,-6.7,COc1ccc2nc(C)cc(-n3cc(CN4CCN(c5ccccc5)CC4)nn3)c2c1,-60.41,-471.67,-534.26,122.99,
FUS,CHEMBL1242810,-6.7,Cc1ccc2[nH]c(-c3ccccc3)c(/C=C/C(=C3C(=O)NC(=O)NC3=O)c3ccccc3)c2c1,-30.07,-673.9,-518.05,-125.78,
FUS,CHEMBL14369,-6.7,Cc1c(NN=C2CCC(C)n3c2ncc(C(=O)O)c3=O)c(=O)n(-c2ccccc2)n1C,,,,,"{""mmgbsa_dG"": null, ""error"": ""embed fallo (6 semillas) para C:\\Users\\Fredy\\masive-als\\gpu_dock\\resultados_libreria\\results_FUS\\CHEMBL14369_out.pdbqt""}"
FUS,CHEMBL1795541,-6.7,O=C1CCC(N2Cc3ccccc3C2=O)C(=O)N1CN1C(=O)c2ccccc2C1=O,-58.17,-803.9,-666.16,-79.56,
FUS,CHEMBL1858746,-6.7,Cc1ccc2cccc(Oc3ccc(/C(=N/O)N4CCN(c5ccccc5)CC4)cn3)c2n1,,,,,"{""mmgbsa_dG"": null, ""error"": ""embed fallo (6 semillas) para C:\\Users\\Fredy\\masive-als\\gpu_dock\\resultados_libreria\\results_FUS\\CHEMBL1858746_out.pdbqt""}"
FUS,CHEMBL1863528,-6.7,CS(=O)(=O)Nc1cccc(NC(=O)c2cccc3c(-c4cccc(C(N)=O)c4)coc23)c1,-64.68,-915.83,-773.37,-77.78,
FUS,CHEMBL1863704,-6.7,O=C(c1cc(Cl)nc2ccccc12)N1CCN(S(=O)(=O)c2cccc(C(F)(F)F)c2)CC1,-68.46,-755.43,-749.31,62.35,
FUS,CHEMBL20413,-6.7,Cc1cc(C(=O)Nc2ccc(N3CCNCCC3=O)cc2)n(-c2ccc3cc(Cl)ccc3c2)n1,-48.39,-815.21,-779.06,12.24,
FUS,CHEMBL20673,-6.7,CN1CCN=C1c1ccc(NC(=O)c2nnnn2-c2cc3ccccc3cc2F)c(F)c1,-32.15,-753.32,-740.89,19.71,
FUS,CHEMBL21610,-6.7,O=C1NC(=O)c2c1c1cnc3ccccc3c1c1c2c2ccccc2n1CCCO,-53.62,-1101.03,-1063.73,16.32,
FUS,CHEMBL25593,-6.7,CC(C)NC(=O)N(C(=O)[C@H]1CCC2C3CCC4N(C)C(=O)C=C[C@]4(C)C3CC[C@@]21C)C(C)C,,,,,"{""mmgbsa_dG"": null, ""error"": ""embed fallo (6 semillas) para C:\\Users\\Fredy\\masive-als\\gpu_dock\\resultados_libreria\\results_FUS\\CHEMBL25593_out.pdbqt""}"
FUS,CHEMBL26074,-6.7,O=C1NC(=O)c2c1c1c3ccccc3n3c1c1c2c2ccccc2n1CN(CCO)C3,-52.4,-953.97,-917.31,15.74,
FUS,CHEMBL26603,-6.7,NS(=O)(=O)OC[C@@]12OC[C@H]3O[C@@H](c4ccccc4)O[C@H]3[C@@H]1O[C@H](c1ccccc1)O2,-64.12,-1049.8,-829.97,-155.71,
FUS,CHEMBL28202,-6.7,CN1Cn2c3ccccc3c3c4c(c5c6ccccc6n(c5c32)C1)C(=O)NC4=O,-83.73,-1223.56,-1129.52,-10.31,
FUS,CHEMBL28286,-6.7,Cn1cc(C(=O)O)c(=O)c2c3cc(N4C[C@@]5(C)C[C@@H]4CC(C)(C)C5)c(F)cc3ncc21,-39.27,-756.33,-760.79,43.74,
FUS,CHEMBL3310039,-6.7,O=c1[nH]c(-c2ccc3ccccc3c2)nc2ccc(N3CCCC3)cc12,-33.02,-889.31,-828.26,-28.03,
FUS,CHEMBL4435180,-6.7,O=C1Nc2cc(Cl)ccc2/C1=C/c1ccc(-c2nnc(-c3cc(O)cc(O)c3)o2)cc1,-48.77,-835.18,-793.39,6.98,
FUS,CHEMBL4435669,-6.7,C[C@H]1CCCn2ncc(-c3nc(Nc4ccc(N5CCN(C)CC5)cn4)ncc3F)c21,-66.47,-763.04,-730.51,33.94,
FUS,CHEMBL4435833,-6.7,O=C(O)[C@H]1C2CCC(CC2)[C@@H]1Nc1nc(-c2c[nH]c3ncc(F)cc23)nc2scnc12,-41.1,-900.8,-872.2,12.51,
FUS,CHEMBL4436123,-6.7,Nc1ncnc2c3c(n(-c4ccc(NC(=O)Cc5cc(C(F)(F)F)ccc5F)cc4)c12)CCC3,-48.1,-864.13,-796.96,-19.07,
FUS,CHEMBL4527972,-6.7,N#CC1=C(N)Oc2c(c(=O)[nH]c3c2ccc2ccccc23)C1c1cccc(F)c1,-29.43,-739.62,-650.92,-59.28,
FUS,CHEMBL4529519,-6.7,Cc1nc2c(F)cc(-c3cc(=O)n4cc(N5CCN6CCC[C@H]6C5)ccc4n3)cc2o1,-47.5,-840.03,-827.41,34.89,
FUS,CHEMBL4529911,-6.7,Cc1cccc2c1CCN(CCC(=O)Nc1sc3c(c1-c1nc4cnccc4s1)CCNC3)C2,-58.38,-584.82,-590.23,63.79,
FUS,CHEMBL4530588,-6.7,O=C(Cn1nc2c3cc(-c4ccc(F)cc4)nn3ccn2c1=O)N1CCN(c2ccccc2F)CC1,-41.64,-804.34,-838.22,75.52,
FUS,CHEMBL4530620,-6.7,Cc1c(C(=O)N2CCC(c3cccnc3Cl)CC2)cnn1-c1nn2cccc2c(=O)[nH]1,-42.38,-911.92,-831.72,-37.81,
FUS,CHEMBL4530729,-6.7,Cc1c(C(=O)N2CCC(c3cccnc3F)CC2)cnn1-c1nn2cccc2c(=O)[nH]1,-42.61,-913.02,-832.0,-38.41,
FUS,CHEMBL4531395,-6.7,COc1cccc(C(=O)NC(C(=O)NO)c2ccc(-c3cc(F)c(F)c(F)c3)cc2)c1,-55.4,-807.85,-821.75,69.3,
FUS,CHEMBL4531799,-6.7,Cn1ncc2ccc(-c3ccc4cnn(Cc5ccc(F)c(C(=O)O)c5)c4c3)cc21,-64.62,-1038.82,-1056.94,82.74,
FUS,CHEMBL4532195,-6.7,Nc1ncnc2c3c(n(-c4ccc(NC(=O)Cc5ccc(Cl)c(Cl)c5)cc4)c12)CCC3,-55.77,-571.24,-477.92,-37.55,
FUS,CHEMBL4532761,-6.7,Cc1c(C(=O)N2CCN(C(C#N)c3cccs3)CC2)cnn1-c1nn2cccc2c(=O)[nH]1,-40.66,-811.83,-833.71,62.54,
FUS,CHEMBL4533198,-6.7,O=C1c2cccc3cccc(c23)C(=O)N1CCNc1ccnc2cc(Cl)ccc12,-37.6,-714.79,-670.1,-7.09,
FUS,CHEMBL4533228,-6.7,O=C1CCC[C@@H]2[C@H]3CC([C@H]4CC[C@H]5CN6C(=O)CCC[C@@H]6[C@H]6CCCN4[C@@H]56)=CN4CCC[C@@H](CN12)[C@@H]34,,,,,"{""mmgbsa_dG"": null, ""error"": ""embed fallo (6 semillas) para C:\\Users\\Fredy\\masive-als\\gpu_dock\\resultados_libreria\\results_FUS\\CHEMBL4533228_out.pdbqt""}"
FUS,CHEMBL4533484,-6.7,Cc1ccc(Sc2nccn3c(=O)n(CC(=O)Nc4ccc(C)c(Cl)c4)nc23)c(C)c1,-58.38,-586.6,-584.21,55.99,
FUS,CHEMBL4533979,-6.7,Cc1ccc(C)c(NC(=O)Cn2nc3cc(C)nc(Nc4ccc(F)cc4)n3c2=O)c1,-40.91,-965.74,-834.03,-90.8,
FUS,CHEMBL4534769,-6.7,CN(c1cc(Cl)nn2c(-c3ccc4[nH]ncc4c3)cnc12)[C@H]1CC[C@H](N2CCOCC2)CC1,-42.91,-698.69,-784.15,128.36,
FUS,CHEMBL4543190,-6.7,Cc1c(C(=O)N2C3CCC2CC(C(F)(F)F)C3)cnn1-c1nn2cccc2c(=O)[nH]1,-37.38,-840.85,-784.6,-18.86,
FUS,CHEMBL4543414,-6.7,Cc1cc(-c2ccc(C(=O)[C@@H]3CCCC[C@H]3C(=O)Nc3c(C)nn(C)c3C(N)=O)cc2)n[nH]1,-57.73,-853.33,-786.92,-8.68,
FUS,CHEMBL4562819,-6.7,CN1CCN(c2ccc(-c3cn4c(-c5ccc6c(ccn6C)c5)cnc4cn3)cn2)CC1,,,,,"{""mmgbsa_dG"": null, ""error"": ""embed fallo (6 semillas) para C:\\Users\\Fredy\\masive-als\\gpu_dock\\resultados_libreria\\results_FUS\\CHEMBL4562819_out.pdbqt""}"
FUS,CHEMBL4564116,-6.7,Cc1ccc(-c2cc3c4nnc(CCC(=O)NCc5ccc(C(F)(F)F)cc5)n4ccn3n2)cc1C,-53.84,-466.01,-429.44,17.28,
FUS,CHEMBL4564717,-6.7,CC(=O)Nc1cccc(-c2cn3c(-c4ccc(C#N)cc4)cnc3cn2)c1,-57.75,-497.54,-447.54,7.76,
FUS,CHEMBL4568013,-6.7,Cc1c(C(=O)N2CC3(C2)CC(F)(F)C3)nnn1-c1nn2cccc2c(=O)[nH]1,-68.25,-752.12,-779.66,95.79,
FUS,CHEMBL4568616,-6.7,C[C@H](Nc1nccc(N2C(=O)OC[C@@H]2[C@H](C)F)n1)c1ncn2c1CCc1cc(C(F)(F)F)ccc1-2,-59.14,-941.89,-750.7,-132.05,
FUS,CHEMBL4569182,-6.7,O=C(NNC(=O)c1cnc2ccccn2c1=O)c1cc(Cl)ccc1O,-41.92,-948.31,-870.01,-36.38,
FUS,CHEMBL4571330,-6.7,Cc1cc2nn(CC(=O)Nc3cc(F)cc(F)c3)c(=O)n2c(Nc2ccccc2C)n1,-54.41,-1009.75,-841.8,-113.54,
FUS,CHEMBL4574731,-6.7,Cc1cc(C)c(CNc2nc(-c3ccc(N4CCOCC4)cc3)nc3[nH]cnc23)c(=O)[nH]1,-77.14,-805.23,-786.09,58.0,
FUS,CHEMBL4574977,-6.7,O=C1N[C@H](c2cncc(C#Cc3ccccc3)c2)[C@@H](c2ccc(F)cc2F)O1,-42.49,-1258.32,-1183.62,-32.21,
FUS,CHEMBL4575412,-6.7,O=C1CCc2cc(N3CC[C@](O)(C(=O)NCc4ccc(F)c(Cl)c4F)C3=O)ccc2N1,-58.09,-693.23,-634.42,-0.72,
FUS,CHEMBL4575446,-6.7,O=C(N/N=C/c1ccccc1)c1cn(C2CC2)c2cc(N/N=C/c3ccccc3)c(F)cc2c1=O,-49.92,-586.96,-587.88,50.84,
FUS,CHEMBL4575516,-6.7,CC1(c2ccccc2)NC(=O)N(NC(=O)c2ccc(-c3ccccc3)cc2)C1=O,-35.1,-829.6,-836.99,42.49,
FUS,CHEMBL4581299,-6.7,Cc1cccc(NC(=O)c2ccc3nn(CC(=O)N4CCc5ccccc5C4)c(=O)n3c2)c1,-45.04,-716.19,-687.91,16.76,
FUS,CHEMBL4583640,-6.7,O=C(c1cc(-c2cccc3ccccc23)nc2ccccc12)N1CCN(c2ncccn2)CC1,-35.25,-750.5,-706.46,-8.78,
FUS,CHEMBL4585076,-6.7,Cc1cccc2c(=O)[nH]c(N3CCC4(CC3)C(=O)N(CCO)c3cc(F)cc(F)c34)nc12,-49.5,-903.22,-730.75,-122.98,
FUS,CHEMBL4634641,-6.7,O=C1c2cccc3cc([N+](=O)[O-])cc(c23)C(=O)N1C1N=CNN1,-65.8,-488.92,-386.16,-36.97,
FUS,CHEMBL4635374,-6.7,COc1ccccc1C1C(C#N)=C(N)Oc2cc3oc(-c4ccccc4)cc(=O)c3c(O)c21,-44.21,-755.42,-687.41,-23.8,
FUS,CHEMBL4635402,-6.7,Fc1ccc2c(c1)CCC(c1nnc(-c3cn(Cc4c(F)cccc4F)nn3)o1)O2,-43.5,-609.48,-606.75,40.78,
FUS,CHEMBL4635528,-6.7,NC(=O)c1cc(-c2ccc(F)cc2)c2ccc(CN3CCCC3=O)cc2n1,-55.34,-859.91,-830.1,25.54,
FUS,CHEMBL4635744,-6.7,Cc1cc(-c2ccc(=O)n(C)c2C)cc2cn(C3CNCCC3(F)F)nc12,-44.25,-863.48,-829.57,10.34,
FUS,CHEMBL4635830,-6.7,Cc1[nH]cnc1/C=c1\[nH]c(=O)/c(=C/c2cccc(Oc3ccc(F)cc3)c2)[nH]c1=O,-53.51,-849.05,-828.2,32.67,
FUS,CHEMBL4636168,-6.7,O=C1CC2(C(=O)Nc3ccc(Cl)cc32)c2cn(Cc3ccc(Cl)cc3)nc2N1,-50.15,-870.08,-777.38,-42.55,
FUS,CHEMBL4636424,-6.7,O=C(Nc1ccccc1)Nc1ccc(F)c(C(=O)c2c[nH]c3ncccc23)c1F,-63.83,-843.81,-769.52,-10.46,
FUS,CHEMBL4638559,-6.7,COc1cc(N2C[C@H]3CC[C@@H](C2)[C@@H]3Nc2nc3n(n2)CCCN3c2ccc(F)c(F)c2)ccn1,-60.34,-1002.13,-825.32,-116.47,
FUS,CHEMBL4638972,-6.7,Nc1nc(-c2cc3c4c(n[nH]c4c2)Nc2ccccc2O3)cc(C2CC2)n1,-37.74,-833.71,-668.05,-127.92,
FUS,CHEMBL4638982,-6.7,Cc1cc(N2C[C@H]3CC[C@@H](C2)[C@@H]3Nc2nc3n(n2)CCCN3c2ccc(F)c(F)c2)cnn1,-45.4,-917.48,-805.96,-66.12,
FUS,CHEMBL4639502,-6.7,FC(F)(F)Oc1cccc(-n2nnnc2N2CCN(c3ncnc4sc5c(c34)CCC5)CC2)c1,,,,,"{""mmgbsa_dG"": null, ""error"": ""embed fallo (6 semillas) para C:\\Users\\Fredy\\masive-als\\gpu_dock\\resultados_libreria\\results_FUS\\CHEMBL4639502_out.pdbqt""}"
FUS,CHEMBL497688,-6.7,O=C(O)/C(O)=C/C(=O)c1cn(Cc2ccc(F)cc2)c2cc(Cl)ccc2c1=O,-70.07,-852.41,-808.18,25.85,
FUS,CHEMBL497736,-6.7,O=c1c(C2=CS(=O)(=O)c3cc(F)ccc3N2)c(O)c2cc(F)ccc2n1Cc1ccc(F)cc1,-37.5,-647.39,-586.33,-23.56,
FUS,CHEMBL497979,-6.7,Cc1ccc2c(N3CCN(CCc4ccc5c(c4)NC(=O)CO5)CC3)ccc(F)c2n1,-37.9,-716.21,-842.13,163.82,
FUS,CHEMBL498214,-6.7,CN1CCN(C(=O)c2ccc3[nH]c(-c4c(N)c5ccccc5[nH]c4=O)nc3c2)CC1,-46.47,-799.52,-815.23,62.18,
FUS,CHEMBL498348,-6.7,CN1CCN(c2ccc3[nH]c(-c4c(N)c5cc(F)c(N(C)C)cc5[nH]c4=O)nc3c2)CC1,-47.58,-780.37,-817.38,84.59,
FUS,CHEMBL499624,-6.7,O=C(NC1Cc2ccccc2C1)c1cccc(Nc2ccnc(N3CCN(c4ccccc4)CC3)n2)c1,-86.25,-932.36,-808.18,-37.93,
FUS,CHEMBL1088172,-6.6,O=C(C[C@@H]1C/C=C/CCCC(=O)O[C@H](c2ccccc2)CNC1=O)NCc1ccc(Cl)cc1,-71.28,-764.83,-660.66,-32.89,
FUS,CHEMBL1163230,-6.6,Clc1ccc(/C=N/Nc2nc(Nc3cccc(Br)c3)nc(N3CCOCC3)n2)cc1,-74.76,-938.8,-679.3,-184.74,
FUS,CHEMBL1163505,-6.6,CN1CCN(c2ccc(-c3cnc4c(c3)N(S(=O)(=O)c3cc(F)ccc3F)CCN4)cn2)CC1,,,,,"{""mmgbsa_dG"": null, ""error"": ""embed fallo (6 semillas) para C:\\Users\\Fredy\\masive-als\\gpu_dock\\resultados_libreria\\results_FUS\\CHEMBL1163505_out.pdbqt""}"
FUS,CHEMBL1205904,-6.6,C[C@@H](O)[C@H]1C(=O)N2C(C(=O)[O-])=C(c3ccc4[nH]c5c[n+](C)ccc5c4c3)C[C@H]12,,,,,"{""mmgbsa_dG"": null, ""error"": ""embed fallo (6 semillas) para C:\\Users\\Fredy\\masive-als\\gpu_dock\\resultados_libreria\\results_FUS\\CHEMBL1205904_out.pdbqt""}"
FUS,CHEMBL1206581,-6.6,CC(C)c1ccc(/C(=C\CC(N)C(=O)O)c2ccc(C#N)cc2)cc1,-67.71,-709.56,-731.21,89.36,
FUS,CHEMBL1207227,-6.6,O=C1C(c2c(O)[nH]c3ccc(S(=O)(=O)O)cc23)=Nc2ccccc21,-82.87,-819.47,-802.24,65.64,
FUS,CHEMBL1208600,-6.6,O=C1Nc2ccc(S(=O)(=O)O)cc2/C1=C1/Nc2ccccc2C1=O,-86.9,-953.56,-897.27,30.6,
FUS,CHEMBL1210718,-6.6,CCCNC1COCCN1c1nc(N2CCCc3ccccc32)nc(N2CCCc3ccccc32)n1,-45.61,-1127.16,-827.52,-254.04,
FUS,CHEMBL1222867,-6.6,COc1ccc2c(c1)C(=O)N(C[C@@]1(c3ccc(-c4cccnc4)cc3)NC(=O)NC1=O)C2,-53.07,-928.08,-835.6,-39.41,
FUS,CHEMBL1242354,-6.6,Cc1cc(C)c2c(n1)[nH]n1c(=N)c(C(=O)Nc3nc4ccccc4s3)nnc21,-40.29,-824.27,-842.66,58.68,
FUS,CHEMBL1242373,-6.6,Cc1cccc(NC(=O)Nc2ccc3c(c2)CCc2sc4ncnc(N)c4c2-3)c1,-49.73,-940.53,-779.99,-110.8,
FUS,CHEMBL1343658,-6.6,Cn1c(=O)c(C(=O)NNC(=O)c2ccccc2F)c(O)c2ccccc21,-45.21,-871.92,-839.36,12.66,
FUS,CHEMBL17339,-6.6,CC1(C)NC(c2ccc(-c3nc(-c4ccc(F)cc4)c(-c4ccncc4)[nH]3)cc2)=NO1,-44.99,-746.3,-698.42,-2.89,
FUS,CHEMBL17346,-6.6,N/C(=N/O)c1ccc(-c2nc(-c3ccc(F)cc3)c(-c3ccncc3)[nH]2)cc1,-48.37,-714.82,-691.17,24.71,
FUS,CHEMBL17934,-6.6,CC1=NN(C(=O)Nc2cc(C)cc(C)c2)C(C)=NN1C(=O)Nc1cc(C)cc(C)c1,-53.34,-825.92,-796.27,23.68,
FUS,CHEMBL1809060,-6.6,COc1cc(N2CC3COCC(C2)N3)ccc1Nc1ncc(Cl)c(-c2cnc3ccccn23)n1,-54.35,-799.52,-832.98,87.81,
FUS,CHEMBL18210,-6.6,Cn1cnc2c(N(C(N)=O)c3c(F)cccc3F)nc(-c3cc(F)cc(F)c3)nc21,-49.07,-917.79,-835.24,-33.48,
FUS,CHEMBL1859697,-6.6,O/N=C(/c1ccnc(Oc2cccc3c2CCCC3)c1)N1CCN(c2ccc(F)cc2)CC1,-46.63,-780.57,-834.22,100.28,
FUS,CHEMBL1860770,-6.6,CC1CCC(N/C(=N\O)c2ccnc(Oc3cccc4cccnc34)c2)CC1,-49.55,-848.37,-836.7,37.88,
FUS,CHEMBL1864784,-6.6,CC1(C(=O)Nc2cccc(OC(F)(F)F)c2)Cc2c(-c3ccc4c(c3)OCO4)ccnc2O1,-38.58,-856.53,-816.98,-0.97,
FUS,CHEMBL20752,-6.6,O=C1OC(n2cc(F)c(=O)n(C3OC(=O)c4ccccc43)c2=O)c2ccccc21,-43.47,-907.86,-748.78,-115.61,
FUS,CHEMBL21594,-6.6,CC(=O)Nc1nc2ccnc(-c3cccc(NS(=O)(=O)c4ccc(C)cc4)c3)n2n1,-87.58,-950.89,-797.66,-65.65,
FUS,CHEMBL21992,-6.6,CC(=O)N1CCc2ccc(N(C(=O)/C=C/c3ccccc3)C3CCN(C(=O)c4ccccc4)CC3)cc21,-68.48,-891.8,-827.64,4.32,
FUS,CHEMBL26420,-6.6,NNC(=O)C(NCc1cccc(C(F)(F)F)c1)c1cccc2ccccc12,-45.81,-689.99,-793.77,149.59,
FUS,CHEMBL26599,-6.6,NC(=O)c1c2n(c3c(N4CCN(CCc5ccc(F)c(F)c5)CC4)ncnc13)CCCC2,,,,,"{""mmgbsa_dG"": null, ""error"": ""embed fallo (6 semillas) para C:\\Users\\Fredy\\masive-als\\gpu_dock\\resultados_libreria\\results_FUS\\CHEMBL26599_out.pdbqt""}"
FUS,CHEMBL26872,-6.6,O=C1NCc2c1c1c3ccccc3n3c1c1c2c2ccccc2n1CSC3,-71.31,-1190.56,-1130.51,11.27,
FUS,CHEMBL28629,-6.6,Cn1c2ccnc(N3CCOCC3)c2c2ncnc(N3CCN(CCc4ccc(F)c(F)c4)CC3)c21,,,,,"{""mmgbsa_dG"": null, ""error"": ""embed fallo (6 semillas) para C:\\Users\\Fredy\\masive-als\\gpu_dock\\resultados_libreria\\results_FUS\\CHEMBL28629_out.pdbqt""}"
FUS,CHEMBL28809,-6.6,CC1COc2c(N3CCOC(CN)C3)c(F)cc3c(=O)c(C(=O)O)cn1c23,,,,,"{""mmgbsa_dG"": null, ""error"": ""embed fallo (6 semillas) para C:\\Users\\Fredy\\masive-als\\gpu_dock\\resultados_libreria\\results_FUS\\CHEMBL28809_out.pdbqt""}"
FUS,CHEMBL3309491,-6.6,O=C1OCC2=C1C(c1cccc(Cl)c1)c1c(c3cccnc3c3ncccc13)N2,-46.52,-662.81,-676.05,59.76,
FUS,CHEMBL3309659,-6.6,O=C1OCC2=C1C(c1cc(F)c(F)c(F)c1)c1c(c3cccnc3c3ncccc13)N2,-42.45,-642.21,-668.56,68.8,
FUS,CHEMBL3310337,-6.6,Cc1cc(O)cc(-c2c(-c3cc(N4CC(O)C4)nc(-c4cccnc4)n3)cnn2C)c1,-41.92,-816.71,-797.93,23.13,
FUS,CHEMBL4434808,-6.6,Cc1nc2cc(NC(=O)C3CCCN(c4cc(-n5cccn5)ncn4)C3)ccc2s1,-30.28,-919.41,-835.23,-53.9,
FUS,CHEMBL4434821,-6.6,O=C(O)c1cc(-c2ccc(C3CCNCC3)cc2)cc(-n2cc(-c3cccc(O)c3)nn2)c1,-61.52,-1221.28,-1181.43,21.67,
FUS,CHEMBL4434862,-6.6,O=C(O)[C@H]1C2CCC(CC2)[C@@H]1Nc1nc(-c2n[nH]c3ncc(F)cc23)nc2ccsc12,-41.94,-679.14,-668.03,30.83,
FUS,CHEMBL4435514,-6.6,Nc1ncnc2c3c(n(-c4ccc(NC(=O)C(F)c5ccccc5)cc4)c12)CCC3,-64.1,-989.18,-924.74,-0.34,
FUS,CHEMBL4530954,-6.6,CC(=O)NC12CC3CC(C1)CC(C(=O)Nc1ccc4c(c1)-c1ccccc1C4)(C3)C2,-61.35,-939.81,-886.33,7.88,
FUS,CHEMBL4531634,-6.6,O=C(c1ccnc(-c2nc3c(c(=O)[nH]2)CCC3)c1)N1CCC(C(F)(F)F)CC1,-42.46,-894.71,-823.88,-28.37,
FUS,CHEMBL4532334,-6.6,O=C(/C=C/c1ccc2ccccc2n1)N1CCCC(c2nc3ccccc3[nH]2)C1,-26.5,-815.55,-787.58,-1.48,
FUS,CHEMBL4532886,-6.6,O=c1cc(-c2cccc(N3CCOCC3)c2)oc2c1ccc1ccccc12,-37.25,-698.73,-746.11,84.63,
FUS,CHEMBL4533171,-6.6,CC(=O)Nc1cccc(Nc2nccc3[nH]c(-c4ccccc4)cc23)c1,-66.63,-1221.18,-1140.54,-14.01,
FUS,CHEMBL4533268,-6.6,Cc1ccccc1-c1cnc2cnc(-c3ccc(N4CCN(C)CC4)nc3)cn12,-56.07,-615.66,-632.41,72.82,
FUS,CHEMBL4533492,-6.6,Cc1nc2cc(-n3cc(-c4ccc(Br)cc4)nn3)ccc2c(=O)n1-c1ccccc1,-33.94,-845.19,-836.37,25.12,
FUS,CHEMBL4534391,-6.6,O=C(COc1ccc(-c2nc3ccccc3c(=O)[nH]2)cc1O)Nc1ccc(Cl)cc1,-68.33,-917.34,-829.89,-19.12,
FUS,CHEMBL4534757,-6.6,Cc1cc(C)cc(Nc2nc(C)cc3nn(CC(=O)Nc4ccc(Cl)cc4)c(=O)n23)c1,-49.12,-944.57,-804.96,-90.49,
FUS,CHEMBL4543405,-6.6,O=C(COc1ccc2c3c(c(=O)oc2c1)CCC3)Nc1nc(-c2ccccn2)cs1,-46.79,-864.28,-829.97,12.48,
FUS,CHEMBL4564458,-6.6,Cc1c(C(=O)N2CC3CCC2c2ccccc23)cnn1-c1nn2cccc2c(=O)[nH]1,-59.03,-738.38,-656.27,-23.09,
FUS,CHEMBL4566384,-6.6,COc1ccc(NC(=O)Cn2nc3c(N4CC(C)CC(C)C4)nccn3c2=O)c(OC)c1,-52.41,-496.91,-504.24,59.74,
FUS,CHEMBL4567872,-6.6,O=C1CC(c2cccc3ccccc23)c2c([nH]c(-c3ccccc3)nc2=O)N1,-32.68,-1017.48,-883.61,-101.19,
FUS,CHEMBL4568031,-6.6,Cc1cn2nc(-c3cc(=O)n4cc(C5CCN(C)CC5)cc(C)c4n3)cc2c(C)n1,-26.36,-899.22,-792.16,-80.69,
FUS,CHEMBL4568196,-6.6,N#CC1(c2ccc(-c3cnc(N)c(-c4ccc5c(c4)C4(CC4)NC5=O)n3)cc2)CCOCC1,-59.54,-781.93,-777.5,55.11,
FUS,CHEMBL4568767,-6.6,Cc1c(C(=O)N2CCN(C3CC(F)(F)C3)CC2)cnn1-c1nn2cccc2c(=O)[nH]1,-32.51,-837.47,-834.27,29.31,
FUS,CHEMBL4568847,-6.6,COc1ccc(-c2cc3c4nnc(SCC(=O)Nc5cccc(C)c5C)n4ccn3n2)cc1,-71.06,-587.53,-543.05,26.58,
FUS,CHEMBL4569409,-6.6,O=C1c2cc(-c3ccnc(NC4CCOCC4)n3)ccc2CN1Cc1ccc(Cl)c(F)c1,-33.97,-878.67,-734.04,-110.66,
FUS,CHEMBL4570402,-6.6,Cc1cc2nn(CC(=O)Nc3ccc(C)c(F)c3)c(=O)n2c(Nc2ccc(C)c(F)c2)n1,-50.74,-918.38,-761.38,-106.26,
FUS,CHEMBL4570458,-6.6,Nc1ncc(-c2ccc3c(c2)CNS3(=O)=O)cc1-c1ccc2c(c1)CCNC2=O,-51.47,-940.2,-844.65,-44.08,
FUS,CHEMBL4570744,-6.6,COc1ccccc1C1CCN(c2nc(C3CC3)nc3ccc(N4CC[C@H](O)C4)cc23)CC1,,,,,"{""mmgbsa_dG"": null, ""error"": ""embed fallo (6 semillas) para C:\\Users\\Fredy\\masive-als\\gpu_dock\\resultados_libreria\\results_FUS\\CHEMBL4570744_out.pdbqt""}"
FUS,CHEMBL4570851,-6.6,O=C(O)[C@H]1C2CCC(CC2)[C@@H]1Nc1nc(-c2c[nH]c3ncc(F)cc23)nc2c1SCC2,-70.06,-905.05,-837.36,2.36,
FUS,CHEMBL4571045,-6.6,O=S(=O)(c1cnc2ccccc2c1)n1cc(C2=CCNCC2)c2ccccc21,-56.63,-426.66,-465.52,95.49,
FUS,CHEMBL4571371,-6.6,COC1(c2ccccc2)CCN(C(=O)c2cnn(-c3nc4c(c(=O)[nH]3)CCC4)c2C)CC1,-48.75,-872.17,-832.83,9.42,
FUS,CHEMBL4571884,-6.6,Cn1ccc2cc(NC(=O)Cc3ccc(-n4c5c(c6ncnc(N)c64)CCC5)cc3)ccc21,-70.51,-924.18,-835.61,-18.07,
FUS,CHEMBL4572128,-6.6,O=C(Nc1ccc(Cl)cc1C(=O)O)c1ccc2c(c1)C(=O)N(c1ccccc1)C2=O,-51.57,-785.03,-716.55,-16.91,
FUS,CHEMBL4572210,-6.6,Cc1ccccc1Oc1cc(-n2c(=O)cc(C(F)(F)F)[nH]c2=O)c2ccccc2c1,-42.64,-837.5,-793.57,-1.29,
FUS,CHEMBL4572765,-6.6,Cc1ccc(F)c(NC(=O)Cc2ccc(-n3c4c(c5ncnc(N)c53)CCC4)cc2)c1,-71.2,-814.28,-724.74,-18.34,
FUS,CHEMBL4572894,-6.6,O=C1N[C@H](c2cncc(C#Cc3ccccc3)c2)[C@@H](c2c(F)cccc2F)O1,-35.54,-1239.52,-1164.06,-39.91,
FUS,CHEMBL4573066,-6.6,O=C(Cn1nc2ccc(SC3CCCCC3)nn2c1=O)Nc1ccc2c(c1)CCC2,-42.98,-454.84,-477.09,65.22,
FUS,CHEMBL4573576,-6.6,Cc1c(C(=O)N2CC(c3cccc(F)n3)C2)cnn1-c1nn2cccc2c(=O)[nH]1,,,,,"{""mmgbsa_dG"": null, ""error"": ""embed fallo (6 semillas) para C:\\Users\\Fredy\\masive-als\\gpu_dock\\resultados_libreria\\results_FUS\\CHEMBL4573576_out.pdbqt""}"
FUS,CHEMBL4574000,-6.6,NC(=O)c1cccc2c1O/C(=C\c1ccc(-n3cncn3)cc1)C2=O,-40.8,-763.69,-773.15,50.26,
FUS,CHEMBL4574201,-6.6,Cc1ccc2c(N)c(C(=O)NCCc3ccc(-n4ncc5c4CNC5)cc3F)sc2n1,-41.51,-505.58,-482.0,17.93,
FUS,CHEMBL4575619,-6.6,O=C(Cn1nc2ccc(-c3ccc(Cl)cc3)nn2c1=O)N1CCN(c2ccccc2F)CC1,,,,,"{""mmgbsa_dG"": null, ""error"": ""embed fallo (6 semillas) para C:\\Users\\Fredy\\masive-als\\gpu_dock\\resultados_libreria\\results_FUS\\CHEMBL4575619_out.pdbqt""}"
FUS,CHEMBL4581099,-6.6,Cc1cc2nn(CC(=O)Nc3cc(F)ccc3C)c(=O)n2c(Nc2ccc(C)c(F)c2)n1,-45.7,-969.77,-825.7,-98.37,
FUS,CHEMBL4581474,-6.6,COc1ncc(N2CCc3ncnc(-c4ccnc(N[C@H]5CC[C@H](O)CC5)c4)c3C2)cc1C,,,,,"{""mmgbsa_dG"": null, ""error"": ""embed fallo (6 semillas) para C:\\Users\\Fredy\\masive-als\\gpu_dock\\resultados_libreria\\results_FUS\\CHEMBL4581474_out.pdbqt""}"
FUS,CHEMBL4581775,-6.6,CC(=O)N1CCN(c2nccc3c(-c4ccc5c(c4)CC(=O)N5)c(-c4ccc(F)cc4)nn23)CC1,-39.59,-343.17,-439.1,135.53,
FUS,CHEMBL4582573,-6.6,CC(=O)c1c(O)c(C)c(O)c2c1OC1=Cc3c(c(C)nn3-c3ccc(C)cc3)C(=O)[C@]12C,-63.74,-802.41,-822.44,83.77,
FUS,CHEMBL4582732,-6.6,COc1ccc(CN2C(=O)c3ccccc3C(C=NNc3nc(=O)cc(C)[nH]3)C2=O)cc1,-86.21,-687.27,-512.89,-88.17,
FUS,CHEMBL4584626,-6.6,Cc1ccc(C(=O)C(C)Sc2nnc3c(=O)n(-c4ccc(F)c(F)c4)ccn23)cc1C,-75.28,-490.81,-484.16,68.64,
FUS,CHEMBL4584689,-6.6,Cc1cc(F)cc2c(=O)[nH]c(-c3ccc(N4CCN(C)CC4)cc3)nc12,-38.11,-685.77,-693.53,45.86,
FUS,CHEMBL4584853,-6.6,Cc1cn2nc(-c3cc(=O)n4cc(N5CCN6CCC[C@H]6C5)ccc4n3)ccc2n1,-45.37,-852.89,-840.37,32.86,
FUS,CHEMBL4584942,-6.6,NC(=O)c1cccc2c1O/C(=C\c1ccc(C(=O)N3CCn4cnnc4C3)cc1)C2=O,-42.21,-860.34,-830.27,12.15,
FUS,CHEMBL4584973,-6.6,Cc1ccc(/C=N/Nc2nn3c(=O)c4ccccc4nc3c3ccccc23)o1,-49.73,-664.92,-694.78,79.59,
FUS,CHEMBL4585059,-6.6,Cc1cc2nn(CC(=O)Nc3cccc(C)c3C)c(=O)n2c(Nc2ccc(C)c(F)c2)n1,-45.35,-927.43,-792.58,-89.5,
FUS,CHEMBL460540,-6.6,CN1CCN(C(=O)c2nc(-c3nnc(Cc4ccc(F)cc4)o3)c(O)c3ncccc23)CC1,-54.57,-357.5,-488.35,185.42,
FUS,CHEMBL4634998,-6.6,Cc1nn(Cc2ccc(Cl)cc2)c2c1C1(CC(=O)N2)C(=O)Nc2ccc(Cl)cc21,-36.72,-917.07,-908.26,27.91,
FUS,CHEMBL4636072,-6.6,COc1cc(N2CCN(C)CC2)ccc1Nc1ncc2c(n1)N(C1CCC1)c1ccccc1C(=O)N2C,-45.59,-794.3,-798.03,49.32,
FUS,CHEMBL4636403,-6.6,O=C(O)c1ccccc1C(=O)c1ccc(Nc2cccc3cccnc23)c([N+](=O)[O-])c1,-56.27,-815.01,-832.63,73.88,
FUS,CHEMBL4637464,-6.6,CN(C)c1cc(-c2cc3c4c(n[nH]c4c2)Nc2ccccc2O3)nc(N)n1,,,,,"{""mmgbsa_dG"": null, ""error"": ""embed fallo (6 semillas) para C:\\Users\\Fredy\\masive-als\\gpu_dock\\resultados_libreria\\results_FUS\\CHEMBL4637464_out.pdbqt""}"
FUS,CHEMBL4637979,-6.6,CCn1nnc2c(C)c([C@@H](CC(=O)O)c3ccc4c(c3)CN(C(=O)c3ccccc3C)CC4)ccc21,-62.01,-761.9,-741.6,41.71,
FUS,CHEMBL4638758,-6.6,Cc1ccc2cc(NC(=O)Cn3c(-c4nonc4N)nc4ccccc43)ccc2n1,-68.05,-914.55,-784.22,-62.28,
FUS,CHEMBL4638885,-6.6,COc1cc(Cn2cc(Cn3c4ccccc4c(=O)c4cccc(OC)c43)nn2)cc(OC)c1OC,-98.99,-484.53,-503.88,118.34,
FUS,CHEMBL4638917,-6.6,C[C@@H](Nc1nc2c(cnn2C2CCCC2)c(=O)[nH]1)C(=O)Nc1ccc2c(c1)CCC2=O,-70.98,-966.63,-847.74,-47.91,
FUS,CHEMBL4639184,-6.6,Cc1nsc(N2C[C@H]3CC[C@@H](C2)[C@@H]3Nc2nc3c(OCC(F)(F)F)cccn3n2)n1,-44.14,-803.3,-716.6,-42.55,
FUS,CHEMBL495875,-6.6,NC(=O)c1ccc(N2CCN(c3nnc(Cc4ccccc4)c4ccccc34)CC2)nc1,,,,,"{""mmgbsa_dG"": null, ""error"": ""embed fallo (6 semillas) para C:\\Users\\Fredy\\masive-als\\gpu_dock\\resultados_libreria\\results_FUS\\CHEMBL495875_out.pdbqt""}"
FUS,CHEMBL497786,-6.6,CC(=O)Nc1ccc2[nH]c(N3CCC4(CC3)OC(=O)c3ccccc34)nc2c1,-58.53,-784.46,-694.53,-31.39,
FUS,CHEMBL497980,-6.6,Cc1ccc2c(N3CCN(CCc4ccc5c(c4)NC(=O)CO5)CC3)ccc(Cl)c2n1,-52.27,-681.97,-789.18,159.48,
FUS,CHEMBL497986,-6.6,Cc1ccc(NC(=O)c2ccc(CN3CCN(C)CC3)cc2)cc1-c1ccc2[nH]c(=O)ccc2c1,-38.25,-793.13,-820.47,65.6,
FUS,CHEMBL498202,-6.6,COc1cccc2c1c(C(=O)/C=C(\O)C(=O)O)cn2Cc1cc(F)c(F)c(F)c1,-62.25,-764.71,-776.13,73.67,
FUS,CHEMBL498379,-6.6,CN1CCN(c2ccc(-c3ccc4c(c3)N(c3nc5c(s3)C(=O)NC(C)(C)C5)CCO4)nn2)CC1,-56.5,-773.15,-814.52,97.86,
FUS,CHEMBL498396,-6.6,O=C1OC2(CCN(c3nc4c(F)cccc4[nH]3)CC2)c2ccccc21,-30.02,-832.44,-820.81,18.39,
FUS,CHEMBL498698,-6.6,O=C(O)/C(O)=C/C(=O)c1cn(Cc2ccc(F)cc2)c2c(F)cccc2c1=O,-43.62,-800.04,-791.62,35.2,
FUS,CHEMBL498785,-6.6,C[C@H]1OC(=O)[C@@H]2C[C@@H]3C[C@H](N)CC[C@H]3[C@H](/C=C/c3ccc(-c4cccc(F)c4)cn3)[C@H]12,-40.0,-440.35,-458.93,58.58,
FUS,CHEMBL499475,-6.6,COc1cccc2c1c(C(=O)/C=C(\O)C(=O)O)cn2Cc1cc(F)ccc1F,-67.02,-787.75,-775.08,54.35,
FUS,CHEMBL501462,-6.6,O=c1nc(-c2ccc3[nH]ncc3c2)cc(-c2ccc(OCc3ccccc3)cc2)[nH]1,-59.46,-792.98,-727.61,-5.92,
FUS,ALECTINIB,-6.5,CCc1cc2c(cc1N1CCC(N3CCOCC3)CC1)C(C)(C)c1[nH]c3cc(C#N)ccc3c1C2=O,,,,,"{""mmgbsa_dG"": null, ""error"": ""embed fallo (6 semillas) para C:\\Users\\Fredy\\masive-als\\gpu_dock\\resultados_libreria\\results_FUS\\ALECTINIB_out.pdbqt""}"
FUS,CHEMBL10039,-6.5,O=C(N[C@H](C(=O)O)c1ccccc1)c1cc(-c2ccccc2)nc2ccccc12,-25.81,-786.3,-792.8,32.31,
FUS,CHEMBL1160771,-6.5,C[C@@H](O)[C@H]1C(=O)N2C(C(=O)O)=C(c3cc(C#N)c4oc5ccccc5c4c3)C[C@H]12,,,,,"{""mmgbsa_dG"": null, ""error"": ""embed fallo (6 semillas) para C:\\Users\\Fredy\\masive-als\\gpu_dock\\resultados_libreria\\results_FUS\\CHEMBL1160771_out.pdbqt""}"
FUS,CHEMBL1204619,-6.5,O=C1N[C@H]2[C@@H]3OP(=O)(O)O[C@@H]3[C@@H](O)C[C@@H]2c2cc3c(cc21)OCO3,-79.98,-726.31,-557.26,-89.07,
FUS,CHEMBL1205929,-6.5,O=C(/C=C/c1c(C(=O)O)[nH]c2cc(Cl)cc(Cl)c12)Nc1ccc(F)cc1,-52.45,-888.09,-788.78,-46.86,
FUS,CHEMBL1206488,-6.5,CC1(C)SC2C(NC(=O)NCCc3ccc4ccccc4c3)C(=O)N2[C@H]1C(=O)O,,,,,"{""mmgbsa_dG"": null, ""error"": ""embed fallo (6 semillas) para C:\\Users\\Fredy\\masive-als\\gpu_dock\\resultados_libreria\\results_FUS\\CHEMBL1206488_out.pdbqt""}"
FUS,CHEMBL1206489,-6.5,CC1(C)SC2C(NC(=O)N/C=C/c3ccc4ccccc4c3)C(=O)N2[C@H]1C(=O)O,,,,,"{""mmgbsa_dG"": null, ""error"": ""embed fallo (6 semillas) para C:\\Users\\Fredy\\masive-als\\gpu_dock\\resultados_libreria\\results_FUS\\CHEMBL1206489_out.pdbqt""}"
FUS,CHEMBL1207144,-6.5,C[C@@H](O)[C@H]1C(=O)N2C(C(=O)O)=C(c3ccc4c(c3)c3ncccc3n4C)C[C@H]12,,,,,"{""mmgbsa_dG"": null, ""error"": ""embed fallo (6 semillas) para C:\\Users\\Fredy\\masive-als\\gpu_dock\\resultados_libreria\\results_FUS\\CHEMBL1207144_out.pdbqt""}"
FUS,CHEMBL1207157,-6.5,O=C(/C=C/c1c(C(=O)O)[nH]c2cc(Cl)cc(Cl)c12)Nc1cccc([N+](=O)[O-])c1F,-74.1,-933.24,-834.36,-24.78,
FUS,CHEMBL1207261,-6.5,O=C(O)C1=CS[C@@H]2/C(=C\c3cc4c(s3)CCN(c3cc5c(s3)CCOC5)C4)C(=O)N12,,,,,"{""mmgbsa_dG"": null, ""error"": ""embed fallo (6 semillas) para C:\\Users\\Fredy\\masive-als\\gpu_dock\\resultados_libreria\\results_FUS\\CHEMBL1207261_out.pdbqt""}"
FUS,CHEMBL1207368,-6.5,O=C(O)C1C/C(=C2/CC(=O)N(c3ccccc3)C2=O)c2ccc(Cl)cc2N1,-53.41,-829.84,-820.9,44.47,
FUS,CHEMBL1210547,-6.5,O=C(CN1CCN(c2nnc(Cc3ccncc3)c3ccccc23)CC1)Nc1ccc(F)c(F)c1,,,,,"{""mmgbsa_dG"": null, ""error"": ""embed fallo (6 semillas) para C:\\Users\\Fredy\\masive-als\\gpu_dock\\resultados_libreria\\results_FUS\\CHEMBL1210547_out.pdbqt""}"
FUS,CHEMBL1210661,-6.5,CC(=O)Nc1ncnc2[nH]c(-c3ccc4ccccc4c3)nc12,-54.31,-1256.05,-1201.91,0.17,
FUS,CHEMBL1210672,-6.5,Cc1ccc(NC(=O)CN2CCN(c3nnc(Cc4ccncc4)c4ccccc34)CC2)c(C)c1,,,,,"{""mmgbsa_dG"": null, ""error"": ""embed fallo (6 semillas) para C:\\Users\\Fredy\\masive-als\\gpu_dock\\resultados_libreria\\results_FUS\\CHEMBL1210672_out.pdbqt""}"
FUS,CHEMBL1210981,-6.5,O=C(CSc1nnc2c(n1)[nH]c1ccccc12)Nc1cccc([N+](=O)[O-])c1,-71.77,-787.65,-784.18,68.3,
FUS,CHEMBL1242845,-6.5,Cc1nn(-c2ccccc2)nc1Cn1nc(-c2ccc(F)c(O)c2)c2c(N)ncnc21,-55.33,-496.58,-473.35,32.1,
FUS,CHEMBL1242895,-6.5,Cc1nn(-c2ccccc2)c(Cl)c1/C=N/NC(=O)Cc1cccc2ccccc12,-65.16,-540.95,-588.87,113.08,
FUS,CHEMBL13464,-6.5,CN1C[C@H](CN2CC(=O)NC2=O)C[C@@H]2c3ccc(C(C)(C)C)c4[nH]cc(c34)C[C@H]21,-67.12,-921.72,-827.55,-27.04,
FUS,CHEMBL13998,-6.5,CC[C@@]1(O)C(=O)OCc2c1cc1n(c2=O)Cc2c-1nc1cnc(C#N)cc1c2C,,,,,"{""mmgbsa_dG"": null, ""error"": ""embed fallo (6 semillas) para C:\\Users\\Fredy\\masive-als\\gpu_dock\\resultados_libreria\\results_FUS\\CHEMBL13998_out.pdbqt""}"
FUS,CHEMBL14504,-6.5,CC1CCC(=NNc2cccc3ccccc23)c2ncc(C(=O)O)c(=O)n21,-34.65,-836.98,-758.86,-43.47,
FUS,CHEMBL1472702,-6.5,Cc1ccc2c(c1)-c1c(cnn1CC(=O)N1CCN(c3cc(C)ccc3C)CC1)CO2,,,,,"{""mmgbsa_dG"": null, ""error"": ""embed fallo (6 semillas) para C:\\Users\\Fredy\\masive-als\\gpu_dock\\resultados_libreria\\results_FUS\\CHEMBL1472702_out.pdbqt""}"
FUS,CHEMBL1488129,-6.5,Cc1nc2c(-c3ccc(F)cc3)c(C)nn2c(C)c1CCC(=O)N1CCN(c2ccc(F)cc2)CC1,-50.4,-783.67,-833.69,100.43,
FUS,CHEMBL1546634,-6.5,O=C(c1cnn2c(C(F)(F)F)cc(-c3ccc(F)cc3)nc12)N1CCc2ccccc2C1,-45.5,-700.9,-668.26,12.87,
FUS,CHEMBL16254,-6.5,O=C(Nc1ccccc1)Nc1nc2ccccc2n2c(=O)n(-c3ccccc3)nc12,-62.04,-646.17,-531.31,-52.82,
FUS,CHEMBL1795492,-6.5,O=C(Nc1cccc2c1[nH]c(=O)c1nn(-c3ccccc3)cc12)OCc1ccccc1,-54.25,-761.7,-730.64,23.19,
FUS,CHEMBL1796172,-6.5,O=C(NNC(=O)c1ccc([N+](=O)[O-])cc1)C(=O)c1c[nH]c2ccccc12,-56.3,-704.37,-824.5,176.43,
FUS,CHEMBL1796568,-6.5,Cc1ccc(C2OOC(c3ccc(C(=O)N4CCN(c5ccccc5)CC4)cc3)OO2)cc1,,,,,"{""mmgbsa_dG"": null, ""error"": ""embed fallo (6 semillas) para C:\\Users\\Fredy\\masive-als\\gpu_dock\\resultados_libreria\\results_FUS\\CHEMBL1796568_out.pdbqt""}"
FUS,CHEMBL1808285,-6.5,CN(C(=O)N1CCN2C(=O)N([C@H]3C[C@@H]3c3ccccc3)C(=O)C2C1)c1ccccc1-c1ccccc1,,,,,"{""mmgbsa_dG"": null, ""error"": ""embed fallo (6 semillas) para C:\\Users\\Fredy\\masive-als\\gpu_dock\\resultados_libreria\\results_FUS\\CHEMBL1808285_out.pdbqt""}"
FUS,CHEMBL1858494,-6.5,Cc1ccc(Oc2cc(/C(=N/O)N3CCN(c4ccc(F)cc4)CC3)ccn2)c2c1CCC2,,,,,"{""mmgbsa_dG"": null, ""error"": ""embed fallo (6 semillas) para C:\\Users\\Fredy\\masive-als\\gpu_dock\\resultados_libreria\\results_FUS\\CHEMBL1858494_out.pdbqt""}"
FUS,CHEMBL1858612,-6.5,O/N=C(\NCCN1CCOCC1)c1ccc(Oc2ccc3oc4ccccc4c3c2)nc1,-56.47,-698.99,-782.27,139.75,
FUS,CHEMBL1860006,-6.5,O/N=C(/c1ccc(Oc2c(F)c(F)cc(F)c2F)nc1)N1Cc2ccccc2C1,-45.07,-1186.34,-1194.51,53.23,
FUS,CHEMBL1864626,-6.5,O=C(c1nc(C(F)(F)F)[nH]c1-c1ccccc1)N1CCN(c2ccccc2)CC1,-53.4,-1046.14,-1158.22,165.48,
FUS,CHEMBL1865383,-6.5,O=C(CN1CCCN(Cc2cccc(F)c2)S1(=O)=O)Nc1ccc2c(c1)OCCO2,-78.72,-871.64,-638.24,-154.68,
FUS,CHEMBL1865685,-6.5,O=C(CN1C(=O)NC2(CCCC2)C1=O)Nc1ccc(S(=O)(=O)N2CCOCC2)cc1,-59.45,-901.52,-821.22,-20.84,
FUS,CHEMBL1866035,-6.5,O=C(NC1CC(=O)N(c2ccccc2)C1)N1CCN(C(=O)c2ccco2)CC1,-37.08,-846.5,-801.54,-7.88,
FUS,CHEMBL19347,-6.5,O=c1n(CCN2CCC(Cc3c[nH]c4ccc(F)cc34)CC2)c2cccc3c2n1CCC3,-55.51,-867.99,-828.19,15.7,
FUS,CHEMBL19747,-6.5,Cc1nnc2n1-c1sc(C#CCN3C(=O)COc4ccccc43)cc1C(c1ccccc1Cl)=NC2,-51.28,-837.68,-825.84,39.44,
FUS,CHEMBL19991,-6.5,Cc1nnc2n1-c1ccc(C#CCCN3C(=O)c4ccccc4C3=O)cc1C(c1ccccc1F)=NC2,-76.95,-817.19,-756.07,15.84,
FUS,CHEMBL20031,-6.5,O=C(Cn1c(C2CCNCC2)nc2cc(Cl)c(Cl)cc21)N/N=C/c1ccc2c(c1)OCCO2,-49.4,-752.66,-780.54,77.28,
FUS,CHEMBL20825,-6.5,CCOC(=O)[C@@H](Cc1ccc2ccccc2c1)NC(=O)c1cccc(C(=N)N)c1,-44.3,-878.96,-828.79,-5.87,
FUS,CHEMBL21079,-6.5,Cc1ccc(NC(=O)c2ccccc2)cc1Nc1nccc(-c2ccc[n+]([O-])c2)n1,-74.47,-1039.84,-868.98,-96.4,
FUS,CHEMBL2142889,-6.5,O=C1CC2(CCN(C(=O)c3ccccc3[N+](=O)[O-])CC2)Oc2ccccc21,-48.82,-759.61,-730.87,20.07,
FUS,CHEMBL22736,-6.5,OC1(c2cccc(COc3ccc4c(-c5ccoc5)cncc4c3)n2)CC2COC(C1)O2,-63.36,-798.36,-828.15,93.16,
FUS,CHEMBL24875,-6.5,O=C(O)Cc1cccc2c1Cc1c-2nc(O)c2nc(-c3ccc(C(=O)O)cc3)cn12,-58.12,-864.27,-767.48,-38.67,
FUS,CHEMBL26817,-6.5,O=C1NCc2c1c1c3ccccc3n3c1c1c2c2ccccc2n1CN(CCO)C3,-65.38,-926.26,-904.69,43.81,
FUS,CHEMBL27890,-6.5,COc1ccc2c(O)cc(=O)n(Cc3ccc(-c4ccccc4-c4nn[nH]n4)cc3)c2c1,-79.17,-550.9,-486.3,14.57,
FUS,CHEMBL3309444,-6.5,NS(=O)(=O)c1ccc(N2N=C(C(F)(F)F)CC2c2ccc3ccccc3c2)cc1,-59.65,-787.54,-732.18,4.29,
FUS,CHEMBL3309648,-6.5,COc1ccc(F)c(C2C3=C(COC3=O)Nc3c2c2cccnc2c2ncccc32)c1,-47.65,-675.88,-676.9,48.67,
FUS,CHEMBL3310151,-6.5,CN1CCN(c2cc(F)c3c(c2)nc(Cc2ccc4c(c2)OCO4)n2nc(N)nc32)CC1,-38.86,-831.24,-792.74,0.35,
FUS,CHEMBL3355155,-6.5,Cc1ccc(NC(=O)c2cccc(-n3cc(NC(=O)N4CCc5ccccc54)cn3)c2)cn1,-66.33,-602.31,-543.1,7.12,
FUS,CHEMBL4434756,-6.5,O=C(c1ccnc(Nc2nc3cnc(NC4CC4)cc3[nH]2)c1)N1CCC(F)(F)CC1,-67.49,-1023.0,-821.72,-133.78,
FUS,CHEMBL4435035,-6.5,CN1CC2(CCN(c3ncc(-c4ccc5c(Nc6cnccn6)ccnc5c4)cn3)C2)C1,-63.31,-1024.63,-951.08,-10.24,
FUS,CHEMBL4435396,-6.5,NC(=O)c1cc(-c2ccc(F)cc2)n2nc(COc3ccnc(C(F)(F)F)c3)cc2n1,-59.68,-802.62,-903.28,160.35,
FUS,CHEMBL4435744,-6.5,O=C(N[C@@H](C(=O)NO)c1ccc(-c2cc(F)c(F)c(F)c2)cc1)[C@@H](F)C(F)(F)F,-42.34,-749.65,-795.06,87.75,
FUS,CHEMBL4435827,-6.5,O=C(Nc1nc2ccc(-c3ccccc3)cn2n1)c1cccc([N+](=O)[O-])c1,-45.03,-878.54,-800.67,-32.85,
FUS,CHEMBL4436157,-6.5,O=C1NCCn2c(C3CCN(C(=O)c4cccc(Cl)c4)CC3)nc3cncc1c32,-51.64,-765.21,-732.88,19.31,
FUS,CHEMBL4529698,-6.5,CN1CCN(c2ccc(-c3cn4c(-c5cccc(N(C)C)c5)cnc4cn3)cn2)CC1,-52.36,-680.16,-684.27,56.47,
FUS,CHEMBL4529707,-6.5,c1ccc2[nH]c(-c3ccc(-c4nc5ccccc5[nH]4)nc3)nc2c1,-51.08,-677.71,-676.2,49.57,
FUS,CHEMBL4529934,-6.5,Cc1ccc(-c2ccc3nn(CC(=O)N4CCN(c5ccc(F)cc5)CC4)c(=O)n3n2)cc1C,,,,,"{""mmgbsa_dG"": null, ""error"": ""embed fallo (6 semillas) para C:\\Users\\Fredy\\masive-als\\gpu_dock\\resultados_libreria\\results_FUS\\CHEMBL4529934_out.pdbqt""}"
FUS,CHEMBL4530098,-6.5,C=CCOc1ccc(-c2ncc(C(=O)O)c(=O)[nH]2)cc1-n1ccnn1,-60.4,-765.63,-652.08,-53.15,
FUS,CHEMBL4530123,-6.5,O=C(/C=C/c1cc(F)ccc1F)N1CCN(CCN2C(=O)c3cccc4cccc(c34)C2=O)CC1,-30.51,-808.34,-835.86,58.03,
FUS,CHEMBL4530341,-6.5,Nc1ncc(-c2ccc(C(=O)N3CCC(N)C3)cc2)nc1-c1ccc(C(F)(F)F)cc1,-53.77,-695.51,-787.29,145.55,
FUS,CHEMBL4530829,-6.5,CC1CCCC(C)N1CCC(=O)NNC(=O)c1cc(-c2ccc(Cl)cc2)nc2ccccc12,-31.89,-784.86,-795.39,42.42,
FUS,CHEMBL4531069,-6.5,Cc1c(C(=O)N2CCC3OCCCC3C2)cnn1-c1nc2ccsc2c(=O)[nH]1,-41.49,-857.03,-792.18,-23.36,
FUS,CHEMBL4531519,-6.5,Cc1ccc(Sc2nccn3c(=O)n(CC(=O)N4CCN(c5ccc(F)cc5)CC4)nc23)c(C)c1,,,,,"{""mmgbsa_dG"": null, ""error"": ""embed fallo (6 semillas) para C:\\Users\\Fredy\\masive-als\\gpu_dock\\resultados_libreria\\results_FUS\\CHEMBL4531519_out.pdbqt""}"
FUS,CHEMBL4531607,-6.5,CC#CC(=O)N1CCC[C@@H](n2nc(C#CCOc3ccccc3)c3c(N)ncnc32)C1,,,,,"{""mmgbsa_dG"": null, ""error"": ""embed fallo (6 semillas) para C:\\Users\\Fredy\\masive-als\\gpu_dock\\resultados_libreria\\results_FUS\\CHEMBL4531607_out.pdbqt""}"
FUS,CHEMBL4531804,-6.5,C#Cc1ccc(/C=C/c2nc3ccccc3c(=O)n2-c2cccc(S(N)(=O)=O)c2)cc1,-56.62,-885.77,-756.42,-72.73,
FUS,CHEMBL4533140,-6.5,Cc1c(C(=O)N2CCn3cc(C(F)(F)F)nc3C2)cnn1-c1nn2cccc2c(=O)[nH]1,-45.53,-851.42,-839.06,33.18,
FUS,CHEMBL4533224,-6.5,CN1CCN(c2ccc(C(=O)Nc3cc(-c4ccc5c(c4)OCO5)n[nH]3)cc2)CC1,-48.64,-749.38,-824.25,123.51,
FUS,CHEMBL4533316,-6.5,COc1ccc(NC(=O)COc2cc(-c3nc4ccccc4c(=O)[nH]3)ccc2OC)cc1,-62.01,-901.05,-821.68,-17.35,
FUS,CHEMBL4534196,-6.5,CCC(O)(C#Cc1cc(-n2ccc3cnc(N)nc32)ccn1)c1nccs1,-69.48,-857.65,-771.75,-16.42,
FUS,CHEMBL4534436,-6.5,Cc1cc(C)c(NC(=O)Cn2nc3ccc(-c4ccc(C)c(C)c4)nn3c2=O)c(C)c1,-55.2,-789.22,-827.03,93.0,
FUS,CHEMBL4534671,-6.5,COc1cccc(NC(=O)c2ccc(C)c(C#Cc3cc(-c4cnn(C)c4)cnc3N)c2)c1,-61.17,-865.2,-794.67,-9.36,
FUS,CHEMBL4534767,-6.5,O=[N+]([O-])c1ccc2cc(-c3nnc(-c4ccccc4O)o3)oc2c1,-40.96,-683.94,-722.22,79.24,
FUS,CHEMBL4543398,-6.5,CC(C)c1cccc(-c2ccc3nnc(-c4ccc5c(c4)NC(=O)CO5)n3c2)c1,-61.18,-464.18,-452.64,49.65,
FUS,CHEMBL4543497,-6.5,CN1C[C@H](Nc2nc3cc[nH]c3c(=O)n2C)C[C@H](c2ccc(Oc3ccccc3)cc2)C1,-39.1,-913.62,-815.13,-59.39,
FUS,CHEMBL4543572,-6.5,Cc1nc2ccc(-c3cc(=O)n4cc(N5CCN(C)CC5)ccc4n3)cc2o1,-35.78,-828.01,-827.58,35.35,
FUS,CHEMBL4553137,-6.5,Cc1cccc(Oc2nccn3c(=O)n(CC(=O)N4CCN(c5ccc(F)cc5)CC4)nc23)c1C,-60.44,-497.03,-582.82,146.23,
FUS,CHEMBL4564097,-6.5,Cc1c(C(=O)N2CC(N3CCC(F)(F)C3)C2)cnn1-c1nc2[nH]ccc2c(=O)[nH]1,,,,,"{""mmgbsa_dG"": null, ""error"": ""embed fallo (6 semillas) para C:\\Users\\Fredy\\masive-als\\gpu_dock\\resultados_libreria\\results_FUS\\CHEMBL4564097_out.pdbqt""}"
FUS,CHEMBL4564177,-6.5,C[C@@H]1CN(C2CCc3c(NC(=O)c4cccc(C#N)c4)cccc32)C[C@H](C)N1C(=O)C1CCCC1,-66.57,-478.83,-509.82,97.56,
FUS,CHEMBL4564670,-6.5,Nc1ncnc2c3c(n(-c4ccc(NC(=O)Cc5cccc(Cl)c5)cc4)c12)CCC3,-49.1,-597.39,-503.44,-44.85,
FUS,CHEMBL4564867,-6.5,COc1ccc(-c2cc3c4nnc(SCC(=O)Nc5cc(F)ccc5C)n4ccn3n2)cc1,-38.56,-856.88,-829.15,10.84,
FUS,CHEMBL4564908,-6.5,O=C(Cc1ccccc1)NC(C(=O)NO)c1ccc(-c2cc(F)c(F)c(F)c2)cc1,-55.12,-735.03,-769.38,89.48,
FUS,CHEMBL4565091,-6.5,CC1(C)C[C@H](c2c[nH]c3c(C(N)=O)cc(-c4ccc(F)cc4)cc23)CCS1(=O)=O,-42.67,-799.74,-768.86,11.79,
FUS,CHEMBL4565104,-6.5,O/N=C1/c2ccccc2-c2nnc(-c3cccc(OC(F)(F)F)c3)cc21,-35.45,-650.7,-676.4,61.15,
FUS,CHEMBL4566549,-6.5,C/C(=N/NC(=N)N)c1sc(-c2ccc(C#Cc3ccccc3)cc2)nc1C,-94.21,-577.3,-446.07,-37.01,
FUS,CHEMBL4566557,-6.5,CC(=O)Nc1nc(C)c(-c2cn(S(=O)(=O)c3cccc4ccccc34)c3ccccc23)[nH]1,-51.64,-818.84,-830.15,62.94,
FUS,CHEMBL4566625,-6.5,Cc1cccc2c(=O)[nH]c(N3CCC4(CC3)CN(CCO)c3cc(F)cc(F)c34)nc12,,,,,"{""mmgbsa_dG"": null, ""error"": ""embed fallo (6 semillas) para C:\\Users\\Fredy\\masive-als\\gpu_dock\\resultados_libreria\\results_FUS\\CHEMBL4566625_out.pdbqt""}"
FUS,CHEMBL4567857,-6.5,CC1c2nnn(-c3ccc4ccccc4n3)c2CCN1C(=O)c1ccc(F)cc1,-75.15,-545.32,-566.35,96.18,
FUS,CHEMBL4568171,-6.5,CCC1(C#N)CCN(C(=O)c2cnn(-c3nn4c(F)ccc4c(=O)[nH]3)c2C)CC1,-56.18,-791.44,-723.46,-11.79,
FUS,CHEMBL4568203,-6.5,Cc1ccc(-c2cc3c4nn(CC(=O)Nc5ccc6c(c5)OCO6)c(=O)n4ccn3n2)cc1,-32.56,-882.29,-820.74,-28.99,
FUS,CHEMBL4568382,-6.5,NC(=O)c1cccc(-c2cn3c(-c4ccc(F)c(Cl)c4)cnc3cn2)c1,-59.8,-549.61,-493.57,3.75,
FUS,CHEMBL4568427,-6.5,CN1CCN(c2ccc(-c3cc(=O)c4c(O)cc(O)c(OC5CCCC5)c4o3)cc2)CC1,,,,,"{""mmgbsa_dG"": null, ""error"": ""embed fallo (6 semillas) para C:\\Users\\Fredy\\masive-als\\gpu_dock\\resultados_libreria\\results_FUS\\CHEMBL4568427_out.pdbqt""}"
FUS,CHEMBL4568472,-6.5,c1ccc(-c2cc(Cn3cc(Cn4ccc5cncnc54)nn3)cc(-c3ccccc3)n2)cc1,-57.77,-710.87,-748.58,95.48,
FUS,CHEMBL4568515,-6.5,CS(=O)(=O)NC1CCN(c2nc(-c3ccccn3)nc3sc(-c4ccccc4)cc23)CC1,,,,,"{""mmgbsa_dG"": null, ""error"": ""embed fallo (6 semillas) para C:\\Users\\Fredy\\masive-als\\gpu_dock\\resultados_libreria\\results_FUS\\CHEMBL4568515_out.pdbqt""}"
FUS,CHEMBL4569433,-6.5,Cc1c(C(=O)N2Cc3cc(C(F)(F)F)cnc3C2)cnn1-c1nn2cccc2c(=O)[nH]1,-45.37,-899.29,-826.34,-27.57,
FUS,CHEMBL4569434,-6.5,Cc1cc2nn(CC(=O)Nc3cc(F)ccc3C)c(=O)n2c(Nc2ccc(F)c(C)c2)n1,-38.88,-945.29,-807.7,-98.72,
FUS,CHEMBL4570217,-6.5,C[C@@H](c1cc2cccnc2cc1F)n1cnc2ncc(-c3ccc(C(N)=O)c(F)c3)nc21,-65.6,-528.46,-512.36,49.49,
FUS,CHEMBL4570452,-6.5,Cc1cc2nn(CC(=O)Nc3ccc(F)cc3Cl)c(=O)n2c(Nc2ccc(F)cc2)n1,-35.98,-965.78,-833.68,-96.11,
FUS,CHEMBL4570539,-6.5,CN1CCN(c2ccc(-c3cn4c(-c5ccccc5)cnc4cn3)cn2)CC1,-45.54,-610.61,-633.24,68.16,
FUS,CHEMBL4570691,-6.5,Cc1nnc2ccc(NCc3cn(-c4ccccc4)nc3C(C)C)nn12,-60.32,-642.03,-571.19,-10.53,
FUS,CHEMBL4571226,-6.5,O=S(=O)(NCc1ccc(-c2ccccc2)cc1)c1cc2ccc(Cl)cc2[nH]1,-64.37,-578.68,-458.11,-56.19,
FUS,CHEMBL4571384,-6.5,Cc1c(C(=O)N2CC(N3CCCC(F)(F)C3)C2)cnn1-c1nn2cccc2c(=O)[nH]1,,,,,"{""mmgbsa_dG"": null, ""error"": ""embed fallo (6 semillas) para C:\\Users\\Fredy\\masive-als\\gpu_dock\\resultados_libreria\\results_FUS\\CHEMBL4571384_out.pdbqt""}"
FUS,CHEMBL4571472,-6.5,N#Cc1ccc(/C=C/c2nc3ccccc3c(=O)n2-c2cccc(NC(=O)C(F)(F)F)c2)cc1,-64.66,-477.62,-493.57,80.61,
FUS,CHEMBL4571685,-6.5,C[C@@H](CNC(=O)c1sc2ncc(F)cc2c1N)c1cc(F)c(N2CC3CCC(C2)N3)cc1F,-52.27,-708.49,-794.55,138.33,
FUS,CHEMBL4572046,-6.5,c1cc(-c2nc(-c3ccc(N4CCOCC4)nc3)cc(N3CCC(N4CCOCC4)CC3)n2)ccn1,,,,,"{""mmgbsa_dG"": null, ""error"": ""embed fallo (6 semillas) para C:\\Users\\Fredy\\masive-als\\gpu_dock\\resultados_libreria\\results_FUS\\CHEMBL4572046_out.pdbqt""}"
FUS,CHEMBL4572169,-6.5,O=c1cc(Cn2cc(CSc3nc4ccccc4[nH]3)nn2)c2ccc(O)cc2o1,-41.33,-875.45,-852.29,18.17,
FUS,CHEMBL4572216,-6.5,Cc1cc(O)cc2c1C(=O)/C(=C/c1ccc(F)cc1)O2,-52.74,-618.76,-594.38,28.37,
FUS,CHEMBL4572563,-6.5,Cc1ccccc1N1CCN(C(=O)c2cnn(-c3nc4c(c(=O)[nH]3)CCC4)c2C)CC1,,,,,"{""mmgbsa_dG"": null, ""error"": ""embed fallo (6 semillas) para C:\\Users\\Fredy\\masive-als\\gpu_dock\\resultados_libreria\\results_FUS\\CHEMBL4572563_out.pdbqt""}"
FUS,CHEMBL4572947,-6.5,CCn1ccc2c(=O)[nH]c(-n3ncc(C(=O)N4CCN(CC(F)(F)F)CC4)c3C)nc21,-49.47,-669.23,-793.12,173.36,
FUS,CHEMBL4573275,-6.5,CC(C)(C)c1ccc(C(=O)NC(=S)NNC(=O)c2cccc([N+](=O)[O-])c2)cc1,-76.71,-818.51,-788.16,46.35,
FUS,CHEMBL4573391,-6.5,O=c1c(-c2nnc(-c3ccc(Cl)cc3)o2)c[nH]c2ncc(-c3ccccc3)cc12,-37.74,-601.41,-590.63,26.96,
FUS,CHEMBL4573482,-6.5,Cc1ccc(-c2cc3c4nn(CC(=O)Nc5ccccc5Br)c(=O)n4ccn3n2)cc1C,-31.57,-844.75,-793.26,-19.93,
FUS,CHEMBL4573495,-6.5,COc1ccc(-c2ccc(C(=O)NNC(=O)Nc3ccccc3)c(C)n2)cc1,-54.01,-833.1,-785.71,6.62,
FUS,CHEMBL4573526,-6.5,Cc1[nH]c2c(-c3ccccc3)c(-c3ccccc3)nn2c(=O)c1-c1ccc2ncnc(N)c2c1,-32.76,-808.26,-829.42,53.92,
FUS,CHEMBL4574630,-6.5,O=C(N/N=C/c1cccc(Cl)c1)c1cc(-c2ccc3c4c(cccc24)CC3)[nH]n1,-39.82,-698.71,-795.62,136.73,
FUS,CHEMBL4574860,-6.5,CCc1c(-c2ccc(N3C[C@@H]4CCCN(C)[C@@H]4C3)cc2)[nH]c(=O)c2c(=O)[nH]sc12,-56.08,-875.3,-789.48,-29.73,
FUS,CHEMBL4575162,-6.5,CN1CCN(c2ccc(-c3cn4c(-c5ccc6c(c5)OCO6)cnc4cn3)cn2)CC1,-52.28,-648.97,-667.62,70.93,
FUS,CHEMBL4575539,-6.5,CN(C)c1nc2ccccc2n2c(=O)n(CC(=O)Nc3ccc4c(c3)OCO4)nc12,-56.65,-870.32,-837.95,24.29,
FUS,CHEMBL4575782,-6.5,Cc1cccc(NC(=O)Cn2nc3ccc(-c4ccc(C)c(C)c4)nn3c2=O)c1,-76.28,-607.2,-616.65,85.73,
FUS,CHEMBL4581156,-6.5,Cc1c(C(=O)N2CCC(F)(c3ccccn3)CC2)cnn1-c1nn2cccc2c(=O)[nH]1,-34.29,-899.48,-824.7,-40.49,
FUS,CHEMBL4581455,-6.5,O=C(c1cc(C(F)(F)F)n[nH]1)N1CCCC(c2cc3ncccc3[nH]2)C1,-35.44,-1076.7,-1147.86,106.6,
FUS,CHEMBL4581760,-6.5,N#Cc1ccc2c(c1)c(NC(=O)c1cccnn1)nn2Cc1ccc(C(F)(F)F)nc1,-60.53,-520.56,-604.16,144.13,
FUS,CHEMBL4581931,-6.5,Cc1c(-c2ccc(Oc3ccc(N4CCNCC4)cc3)c(F)c2)[nH]c2cccc(F)c2c1=O,-59.2,-785.06,-828.79,102.92,
FUS,CHEMBL4582240,-6.5,COc1cccc(-n2ccn3c(SCC(=O)N4CCN(c5ccc(F)cc5)CC4)nnc3c2=O)c1,-63.67,-819.53,-841.51,85.66,
FUS,CHEMBL4583574,-6.5,Cc1cc(C)cc(NC(=O)Cn2nc3ccc(-c4ccc(C)c(C)c4)nn3c2=O)c1,-57.19,-866.18,-889.71,80.72,
FUS,CHEMBL4583616,-6.5,Nc1ncnc2c3c(n(-c4ccc(NC(=O)Cc5cc(C(F)(F)F)on5)cc4)c12)CCC3,-51.21,-558.8,-424.17,-83.42,
FUS,CHEMBL4583617,-6.5,CNC(=O)c1cnc(N)c(C#Cc2cc(C(=O)Nc3cc(OC)cc(OC)c3)ccc2C)c1,-74.46,-999.36,-861.68,-63.21,
FUS,CHEMBL4584771,-6.5,O=C1c2ccccc2C(=O)N1c1ccc(S(=O)(=O)Nc2cccc3ccccc23)cc1,-44.3,-824.01,-773.49,-6.22,
FUS,CHEMBL4585010,-6.5,Cc1c(C(=O)N2CCC(F)(c3ccc(F)cc3)C2)cnn1-c1nn2cccc2c(=O)[nH]1,-42.99,-922.69,-874.37,-5.33,
FUS,CHEMBL4634693,-6.5,O=C1NCCc2c1c1ccccc1n1c(=O)c3ccccc3n21,-28.72,-1190.08,-1140.81,-20.55,
FUS,CHEMBL4634782,-6.5,Cc1ccc(C2C(C#N)=C(N)Oc3cc4oc(-c5ccccc5)cc(=O)c4c(O)c32)cc1,-24.97,-466.03,-421.51,-19.55,
FUS,CHEMBL4635384,-6.5,O=C(O)c1ccccc1Nc1nc(Cl)nc(Nc2ccc(N3CCOCC3=O)cc2)n1,-38.54,-1003.25,-752.65,-212.06,
FUS,CHEMBL4635410,-6.5,O=C(O)c1cn(C2CC2)c2c(c1=O)C=C(F)C1=NN=C(c3ccc(F)cc3)CN12,-48.11,-821.79,-721.03,-52.65,
FUS,CHEMBL4635896,-6.5,Cn1nnc2cc(C(CC(=O)O)c3ccc4c(c3)CN(C(=O)c3ccccc3)CC4)ccc21,-68.38,-706.16,-661.24,23.46,
FUS,CHEMBL4636035,-6.5,O=S1(=O)CCCN1c1ccc2oc(-c3ccc4ccccc4c3)nc2c1,,,,,"{""mmgbsa_dG"": null, ""error"": ""embed fallo (6 semillas) para C:\\Users\\Fredy\\masive-als\\gpu_dock\\resultados_libreria\\results_FUS\\CHEMBL4636035_out.pdbqt""}"
FUS,CHEMBL4636314,-6.5,COc1cc(-c2cnc3c(N4C[C@@H](C)O[C@@H](C)C4)snc3c2)ccc1C(=O)NCc1ccccc1,-69.43,-773.59,-855.43,151.27,
FUS,CHEMBL4636909,-6.5,Nc1ncnc2c1c(Oc1cc(C(F)(F)F)ccn1)nn2[C@@H]1CC(F)(F)CC[C@H]1O,-42.57,-844.82,-786.81,-15.44,
FUS,CHEMBL4636992,-6.5,NC1CCN(C2C(F)=Cc3c4n(cc(C(=O)O)c3=O)-c3ccccc3OC42)C1,-47.81,-730.47,-708.0,25.33,
FUS,CHEMBL4637048,-6.5,O=C(c1ccc(F)cc1)c1cccc(/C=c2\[nH]c(=O)/c(=C/c3nc[nH]c3C3CC3)[nH]c2=O)c1,-42.56,-563.36,-559.32,38.53,
FUS,CHEMBL4637069,-6.5,CCc1ccc(N2CC=C(c3nc(COc4ccc(-n5cnnn5)cc4Cl)cs3)CC2)nc1,,,,,"{""mmgbsa_dG"": null, ""error"": ""embed fallo (6 semillas) para C:\\Users\\Fredy\\masive-als\\gpu_dock\\resultados_libreria\\results_FUS\\CHEMBL4637069_out.pdbqt""}"
FUS,CHEMBL4637095,-6.5,O=C1Nc2cc(Cl)ccc2/C1=C\c1ccc(-c2nnc(-c3cc(O)cc(O)c3)o2)cc1,-50.19,-825.45,-780.96,5.7,
FUS,CHEMBL4637418,-6.5,O=c1[nH]c2ccccc2c2n[nH]c(-c3cn(-c4ccccc4)nc3-c3ccccc3)c12,-33.66,-873.51,-877.25,37.41,
FUS,CHEMBL4637495,-6.5,O=C(CCc1cccc(-c2nc3ccccc3[nH]2)c1)NCc1ccc2[nH]ncc2c1,-72.94,-839.62,-786.11,19.42,
FUS,CHEMBL4637570,-6.5,O=C(Nc1nc2ccccc2[nH]1)c1c(O)c2cccc3c2n(c1=O)CCC3,-41.02,-839.14,-718.86,-79.26,
FUS,CHEMBL4637683,-6.5,CC(C)(O)c1cc(COc2ccccc2CC(=O)O)cc(-c2ccc3c(c2)[C@H](N)CO3)c1,-39.2,-363.05,-369.31,45.46,
FUS,CHEMBL4638498,-6.5,O=[N+]([O-])c1cccc(-c2nnnn2-c2ccc(-c3nc4ccccc4o3)cc2)c1,-38.38,-1215.88,-1282.83,105.33,
FUS,CHEMBL4638521,-6.5,O=C(c1ccc2c(ccn2-c2ccc(F)cc2)c1)N1CC(N2CC(N3Cc4ccccc4C3=O)C2)C1,-64.21,-999.97,-1123.66,187.9,
FUS,CHEMBL4638880,-6.5,COc1cc(N2CCN(C)CC2)ccc1Nc1nc(C)c2c(n1)N(C)c1ccccc1C(=O)N2C,,,,,"{""mmgbsa_dG"": null, ""error"": ""embed fallo (6 semillas) para C:\\Users\\Fredy\\masive-als\\gpu_dock\\resultados_libreria\\results_FUS\\CHEMBL4638880_out.pdbqt""}"
FUS,CHEMBL4639227,-6.5,O=C1CC2(C(=O)Nc3ccc(Cl)cc32)c2cnn(Cc3ccc(Cl)c(Cl)c3)c2N1,-45.56,-832.76,-825.8,38.6,
FUS,CHEMBL4639260,-6.5,O=C(c1c[nH]c2ccccc12)N1CCC(N2CCc3ccccc3C2)C1,-35.7,-796.63,-839.73,78.8,
FUS,CHEMBL4639597,-6.5,NC(=O)c1cnc(N2CCC[C@H](N)C2)nc1Nc1cc(C(F)(F)F)cc(C(F)(F)F)c1,-76.84,-957.83,-822.08,-58.92,
FUS,CHEMBL495941,-6.5,Cc1ccc(C2c3c(-c4ccccc4)nn(-c4ccccc4)c3Nc3[nH]c(=O)[nH]c(=O)c32)cc1,-28.39,-520.2,-386.56,-105.25,
FUS,CHEMBL496484,-6.5,O=c1c(/C=C(/c2ccc([N+](=O)[O-])cc2)c2nnn[nH]2)coc2ccc(Br)cc12,-73.41,-812.62,-825.85,86.63,
FUS,CHEMBL497266,-6.5,CC(C)(N)c1ccc(N2CCN(c3nnc(Cc4ccccc4)c4ccccc34)CC2)nc1,,,,,"{""mmgbsa_dG"": null, ""error"": ""embed fallo (6 semillas) para C:\\Users\\Fredy\\masive-als\\gpu_dock\\resultados_libreria\\results_FUS\\CHEMBL497266_out.pdbqt""}"
FUS,CHEMBL497690,-6.5,O=c1c(/C=C(/c2ccc([N+](=O)[O-])cc2)c2nnn[nH]2)coc2ccc(Cl)cc12,-67.86,-780.27,-794.5,82.09,
FUS,CHEMBL497819,-6.5,N#Cc1ccc(N2CCN(c3cnc(Cc4ccccc4)c4ccccc34)CC2)nc1,,,,,"{""mmgbsa_dG"": null, ""error"": ""embed fallo (6 semillas) para C:\\Users\\Fredy\\masive-als\\gpu_dock\\resultados_libreria\\results_FUS\\CHEMBL497819_out.pdbqt""}"
FUS,CHEMBL497839,-6.5,O=C1OC2(CCN(C(=O)Nc3ccc(-c4ccccc4)nn3)CC2)c2ccccc21,-36.43,-850.37,-760.23,-53.71,
FUS,CHEMBL501998,-6.5,COc1cccc2oc3cc4c(c(O)c3c(=O)c12)[C@@H]1C[C@@H](O)C[C@](C)(O4)O1,-13.86,-643.83,-602.34,-27.62,
FUS,BETAMETHASONE ACETATE,-6.4,CC(=O)OCC(=O)[C@@]1(O)[C@@H](C)C[C@H]2[C@@H]3CCC4=CC(=O)C=C[C@]4(C)[C@@]3(F)[C@@H](O)C[C@@]21C,-47.52,-705.46,-818.19,160.25,
FUS,CHEMBL10211,-6.4,O=C(O)c1c(-c2ccc3c(c2)OCO3)c2ccccc2n1-c1ccc2c(c1)OCO2,-33.72,-948.44,-923.01,8.29,
FUS,CHEMBL10295,-6.4,NC[C@@H](NC(=O)c1cc(-c2ccccc2)nc2ccccc12)c1ccccc1,-53.3,-686.89,-679.28,45.69,
FUS,CHEMBL11533,-6.4,O=C(/C=C/c1cccc(OCc2ccc3ccccc3n2)c1)c1cc(-c2nn[nH]n2)ccc1O,-52.84,-804.87,-830.13,78.1,
FUS,CHEMBL11899,-6.4,O=C(/C=C/c1ccc(OCc2ccc3ccccc3n2)cc1)c1cc(-c2nn[nH]n2)ccc1O,-47.05,-720.09,-756.3,83.26,
FUS,CHEMBL1204622,-6.4,O=C1N[C@@H]2C(=C[C@H](O)[C@H]3OP(=O)(O)O[C@H]32)c2cc3c(cc21)OCO3,-32.48,-981.5,-830.27,-118.76,
FUS,CHEMBL1205646,-6.4,O=C(O)COc1cccc(CC(C(=O)O)c2nc(-c3ccccc3)c(-c3ccccc3)o2)c1,-51.34,-782.21,-744.3,13.43,
FUS,CHEMBL1205903,-6.4,CC[C@@](O)(C(=O)O)c1cc2n(c(=O)c1CO)Cc1cc3ccccc3nc1-2,-41.64,-1292.8,-1261.93,10.76,
FUS,CHEMBL1206988,-6.4,O=C(O)C[C@H](O)C[C@H](O)/C=C/c1c2c(nn1-c1ccc(F)cc1)-c1ccccc1CC2,-57.73,-787.3,-735.84,6.28,
FUS,CHEMBL1207130,-6.4,O=C(/C=C/c1c(C(=O)O)[nH]c2cc(Cl)cc(Cl)c12)Nc1ccc([N+](=O)[O-])cc1,-60.95,-918.91,-835.19,-22.78,
FUS,CHEMBL1207133,-6.4,O=C(/C=C/c1c(C(=O)O)[nH]c2cc(Cl)cc(Cl)c12)Nc1ccccc1[N+](=O)[O-],-65.79,-913.74,-831.16,-16.8,
FUS,CHEMBL1209968,-6.4,N#Cc1cccc(N2C(=O)C3(CCN(C(=O)Nc4cc(F)cc(F)c4)CC3)C2c2ccccn2)c1,-55.07,-902.32,-819.69,-27.56,
FUS,CHEMBL1210548,-6.4,O=C(CN1CCN(c2nnc(Cc3ccncc3)c3ccccc23)CC1)Nc1ccc(F)c(Cl)c1,,,,,"{""mmgbsa_dG"": null, ""error"": ""embed fallo (6 semillas) para C:\\Users\\Fredy\\masive-als\\gpu_dock\\resultados_libreria\\results_FUS\\CHEMBL1210548_out.pdbqt""}"
FUS,CHEMBL1210643,-6.4,O=C(Cc1nc(-c2ccc3c(c2)OCO3)c2ccccc2n1)NC1Cc2ccccc2C1,-47.25,-869.6,-834.21,11.86,
FUS,CHEMBL1210717,-6.4,CCNC1CN(c2nc(N3CCCc4ccccc43)nc(N3CCCc4ccccc43)n2)CCO1,,,,,"{""mmgbsa_dG"": null, ""error"": ""embed fallo (6 semillas) para C:\\Users\\Fredy\\masive-als\\gpu_dock\\resultados_libreria\\results_FUS\\CHEMBL1210717_out.pdbqt""}"
FUS,CHEMBL1210815,-6.4,Cc1ccc(F)cc1NC(=O)CN1CCN(c2nnc(Cc3ccccc3)c3ccccc23)CC1,-63.52,-700.2,-785.38,148.71,
FUS,CHEMBL1210835,-6.4,O=C(Nc1cc(F)cc(F)c1)N1CCC2(CC1)C(=O)N(c1cncc(Cl)c1)C2c1ccccn1,-48.96,-938.86,-879.23,-10.66,
FUS,CHEMBL1210863,-6.4,c1ccc2c(c1)CCN(c1nc(N3CCOCC3)nc(N3CCc4ccccc4C3)n1)C2,,,,,"{""mmgbsa_dG"": null, ""error"": ""embed fallo (6 semillas) para C:\\Users\\Fredy\\masive-als\\gpu_dock\\resultados_libreria\\results_FUS\\CHEMBL1210863_out.pdbqt""}"
FUS,CHEMBL1242357,-6.4,Cc1ccc(C2C(c3ccccc3)=NN(c3cccc(Cl)c3)C23C(=O)OC(C)(C)OC3=O)o1,-51.67,-565.76,-530.83,16.74,
FUS,CHEMBL1242526,-6.4,COc1c(C(=O)O)c(O)c(S(=O)(=O)Nc2ccc(Cl)cc2Cl)c2occc12,,,,,"{""mmgbsa_dG"": null, ""error"": ""embed fallo (6 semillas) para C:\\Users\\Fredy\\masive-als\\gpu_dock\\resultados_libreria\\results_FUS\\CHEMBL1242526_out.pdbqt""}"
FUS,CHEMBL1242896,-6.4,Cc1nn(-c2ccccc2)c(Cl)c1/C=N/NC(=O)Cc1ccc(Cl)cc1,-68.54,-539.84,-573.62,102.32,
FUS,CHEMBL1242904,-6.4,Cc1ccc2c(N3CCN(CCc4cccc5c4OCc4nccn4-5)CC3)cccc2n1,-57.17,-703.19,-764.54,118.53,
FUS,CHEMBL1243248,-6.4,N#C[C@@H]1CCCN1C(=O)[C@@H]1CC(CC(=O)N2Cc3ccccc3C2)C(=O)N1,,,,,"{""mmgbsa_dG"": null, ""error"": ""embed fallo (6 semillas) para C:\\Users\\Fredy\\masive-als\\gpu_dock\\resultados_libreria\\results_FUS\\CHEMBL1243248_out.pdbqt""}"
FUS,CHEMBL12638,-6.4,CC12C=CC(=O)C=C1[C@H]1C[C@H]1C1C2CCC2(C)C1CCC21CCC(=O)O1,-61.93,-1056.88,-1090.3,95.35,
FUS,CHEMBL12910,-6.4,O=C1NCCN1CCN1CCC(c2cn(-c3ccc(F)cc3)c3ccc(C(F)(F)F)cc23)CC1,-68.04,-852.34,-831.6,47.3,
FUS,CHEMBL13184,-6.4,CC(C)=CCc1c(O)n(Cc2ccccc2)c2nc3c(c(=O)n(C)c(=O)n3C)n2c1=O,-72.53,-1313.1,-1033.26,-207.3,
FUS,CHEMBL1327582,-6.4,COc1ccc(-c2cc(C(=O)N3CCN(c4ncccn4)CC3)c3ccccc3n2)cc1,,,,,"{""mmgbsa_dG"": null, ""error"": ""embed fallo (6 semillas) para C:\\Users\\Fredy\\masive-als\\gpu_dock\\resultados_libreria\\results_FUS\\CHEMBL1327582_out.pdbqt""}"
FUS,CHEMBL13495,-6.4,CC[C@@]1(O)C(=O)OCc2c1cc1n(c2=O)Cc2cc3ccncc3nc2-1,-54.44,-863.57,-848.42,39.28,
FUS,CHEMBL1357321,-6.4,COc1ccc2nc(-c3ccccc3)cc(C(=O)OCC(=O)N3CC(C)OC(C)C3)c2c1,-48.92,-763.4,-792.91,78.44,
FUS,CHEMBL14272,-6.4,CC1CCC(=NNc2ccc3ccccc3c2)c2ncc(C(=O)O)c(=O)n21,-45.66,-1163.25,-1068.64,-48.96,
FUS,CHEMBL1485553,-6.4,FC(F)(F)c1cccc(N2CCN(c3ncnc4c3nc3n4CCCC3)CC2)c1,-38.67,-753.76,-826.92,111.83,
FUS,CHEMBL14921,-6.4,O=C(NNc1nccc(C(F)(F)F)n1)Nc1cc(C(F)(F)F)cc(C(F)(F)F)c1,-49.32,-1123.94,-1115.68,41.07,
FUS,CHEMBL15579,-6.4,NC1CCN(c2c(F)c(O)c3c(=O)c(C(=O)O)cn(C4CC4)c3c2F)C1,,,,,"{""mmgbsa_dG"": null, ""error"": ""embed fallo (6 semillas) para C:\\Users\\Fredy\\masive-als\\gpu_dock\\resultados_libreria\\results_FUS\\CHEMBL15579_out.pdbqt""}"
FUS,CHEMBL1608464,-6.4,Cc1cccc(OCC(=O)Nc2cccc(C(=O)Nc3ccccc3C(=O)O)c2)c1,-29.43,-676.73,-641.67,-5.63,
FUS,CHEMBL16243,-6.4,O=C(O)[C@@H]1C[C@H]2C[C@@H](c3ccc(Cc4nnn[nH]4)cc3)CC[C@H]2CN1,-70.41,-464.62,-467.62,73.4,
FUS,CHEMBL16750,-6.4,O=c1[nH]c2ccccc2n2c(=O)n(-c3cccc(F)c3)nc12,-45.63,-570.47,-543.89,19.05,
FUS,CHEMBL16948,-6.4,O=C(Cn1c(=O)sc2ccc(Cl)cc21)N1CCC(C(=O)N2CCCc3ccccc32)CC1,-38.36,-736.18,-668.8,-29.02,
FUS,CHEMBL17391,-6.4,CC1=NN(C(=O)Nc2ccccc2C)C(C)=NN1C(=O)Nc1ccccc1C,-47.67,-803.26,-781.32,25.72,
FUS,CHEMBL17519,-6.4,CN1CCN(C(=O)N2c3ccccc3C(=O)Nc3cccnc32)CC1,,,,,"{""mmgbsa_dG"": null, ""error"": ""embed fallo (6 semillas) para C:\\Users\\Fredy\\masive-als\\gpu_dock\\resultados_libreria\\results_FUS\\CHEMBL17519_out.pdbqt""}"
FUS,CHEMBL1795645,-6.4,COc1ccccc1C(=O)c1cnc(N2CCN(C(=O)Nc3ccccc3)CC2)nc1N,-54.22,-855.01,-678.56,-122.22,
FUS,CHEMBL1795920,-6.4,CC(=O)Nc1ccc2c(c1)C(NC(=S)Nc1cccc(C#N)c1)CC(C)(C)O2,-48.15,-961.84,-833.17,-80.52,
FUS,CHEMBL18016,-6.4,COc1cc2nc(N3CCC(N4Cc5ccccc5C4=O)CC3)nc(N)c2cc1OC,,,,,"{""mmgbsa_dG"": null, ""error"": ""embed fallo (6 semillas) para C:\\Users\\Fredy\\masive-als\\gpu_dock\\resultados_libreria\\results_FUS\\CHEMBL18016_out.pdbqt""}"
FUS,CHEMBL1808974,-6.4,O=[N+]([O-])c1ccc(-c2nnc3n2N=Cc2cc4ccccc4nc2N3)cc1,-31.02,-732.23,-783.71,82.5,
FUS,CHEMBL1808999,-6.4,O=C([C@@H]1C=C2c3cccc4[nH]cc(c34)C[C@H]2N(C(=O)Nc2ccccc2)C1)N1CCC1,-68.2,-442.94,-399.54,24.81,
FUS,CHEMBL1809058,-6.4,COc1cc(N2CC3CNCC(C2)O3)ccc1Nc1ncc(Cl)c(-c2cnc3ccccn23)n1,-60.22,-765.19,-774.42,69.44,
FUS,CHEMBL18189,-6.4,Cc1ccc(-c2nc(N(C(N)=O)c3c(F)cccc3F)c3ncn(C)c3n2)cc1,-36.17,-901.81,-867.21,1.57,
FUS,CHEMBL1858263,-6.4,Cc1cc(N2CCN(Cc3coc(-c4ccc(O)cc4)n3)CC2)c2ccccc2n1,-70.69,-461.73,-531.75,140.71,
FUS,CHEMBL1858825,-6.4,Cc1cccc(Oc2ncccc2/C(=N/O)N2CCN(c3ccc(F)cc3)CC2)c1C,-73.76,-470.03,-516.64,120.36,
FUS,CHEMBL1859156,-6.4,O=C1CCCN1CCCNc1cc(-c2ccccc2)nc2cc(-c3cccc(F)c3)nn12,-55.39,-810.8,-836.3,80.9,
FUS,CHEMBL1863708,-6.4,CC1(C(=O)Nc2cccc(C(F)(F)F)c2)Cc2c(-c3ccc4c(c3)OCO4)ccnc2O1,-58.45,-739.71,-717.61,36.35,
FUS,CHEMBL1863935,-6.4,COc1ccc(Nc2ccc3nnc(-c4ccc(Br)cc4)n3n2)cc1,-41.63,-578.63,-534.16,-2.84,
FUS,CHEMBL1864417,-6.4,C[C@@H](CN1CC=C(n2c(=O)[nH]c3ccccc32)CC1)NC(=O)c1ccc2ccccc2c1,-41.87,-621.12,-597.83,18.58,
FUS,CHEMBL1864439,-6.4,CC1(C)C=Cc2cc(-c3coc4cc(O)cc(O)c4c3=O)cc(O)c2O1,-39.95,-769.82,-746.17,16.3,
FUS,CHEMBL1864561,-6.4,Cc1ccc(C)c(NC(=O)Cn2nc(C)c3nn(-c4ccc(Cl)cc4)c(C)c3c2=O)c1,-46.99,-404.54,-464.85,107.3,
FUS,CHEMBL1864764,-6.4,COc1ccccc1N1CCN(C(=O)Cn2nc3n(C)c4ccccc4n3c(=O)c2=O)CC1,,,,,"{""mmgbsa_dG"": null, ""error"": ""embed fallo (6 semillas) para C:\\Users\\Fredy\\masive-als\\gpu_dock\\resultados_libreria\\results_FUS\\CHEMBL1864764_out.pdbqt""}"
FUS,CHEMBL1865240,-6.4,Cc1sc2ncn(/N=C/c3cn(-c4ccccc4)nc3-c3ccccc3)c(=O)c2c1C,-63.22,-773.66,-801.1,90.66,
FUS,CHEMBL18657,-6.4,Cc1cc(F)ccc1-c1nc(N(C(N)=O)c2ccccc2)c2ncn(C)c2n1,-49.87,-694.97,-636.56,-8.55,
FUS,CHEMBL19051,-6.4,O=S1(=O)c2cccc3cccc(c23)N1CCN1CC=C(Cc2c[nH]c3ccc(F)cc23)CC1,-48.97,-575.83,-592.8,65.94,
FUS,CHEMBL19801,-6.4,Cc1nnc2n1-c1ccc(C#CCN3C(=O)c4ccccc4C3=O)cc1C(c1ccccc1F)=NC2,-63.63,-836.07,-763.89,-8.55,
FUS,CHEMBL20160,-6.4,O=C1N[C@@H](C(=O)NO)C[C@H]1c1ccc(-c2ccc(F)cc2)cc1,-48.84,-738.27,-762.07,72.64,
FUS,CHEMBL20304,-6.4,Cc1cccc2c(CC(=O)O)nn(Cc3nc4c(ccc5ccccc54)s3)c(=O)c12,-47.94,-759.17,-751.1,39.87,
FUS,CHEMBL20466,-6.4,CC1(C)N=C(N)N=C(N)N1c1cccc(COc2cccc3ccccc23)c1,-32.26,-1125.67,-834.67,-258.74,
FUS,CHEMBL20714,-6.4,Cc1cc(C(=O)Nc2ccc(N3CCOCC3=O)cc2F)n(-c2ccc3cc(Cl)ccc3c2)n1,-51.31,-807.73,-812.54,56.12,
FUS,CHEMBL21042,-6.4,CN(C)CCCn1c2ccccc2c2c3c(c4c5ccccc5cnc4c21)C(=O)NC3=O,-57.04,-1102.26,-1055.21,9.99,
FUS,CHEMBL21250,-6.4,CN(C)C(=N)c1ccc(NC(=O)c2nnnn2-c2ccc3cc(Cl)ccc3c2)c(F)c1,-85.71,-811.88,-717.91,-8.26,
FUS,CHEMBL21346,-6.4,CC(=O)Nc1nc2c(C)cnc(-c3cccc(NS(=O)(=O)c4ccc(C)cc4)c3)n2n1,-48.46,-914.44,-785.55,-80.43,
FUS,CHEMBL2135293,-6.4,COc1ccc(Cn2cc(CN3CCc4onc(-c5ccc(Br)cc5)c4C3=O)nn2)cc1,-41.53,-817.36,-774.54,-1.29,
FUS,CHEMBL2165614,-6.4,O=c1cc(COc2cc(-c3ccccc3)cc(-c3ccccc3)c2)[nH][nH]1,-41.62,-752.23,-767.88,57.27,
FUS,CHEMBL22971,-6.4,Cc1ccc2c(c1)c1oc(C(=O)Nc3nn[nH]n3)cc(=O)c1n2C,-42.3,-712.5,-618.03,-52.17,
FUS,CHEMBL25084,-6.4,Nc1nc(C2CCN(C(=O)CCc3ccccc3)CC2)c2ccccc2n1,-70.34,-890.86,-707.72,-112.8,
FUS,CHEMBL25345,-6.4,COc1ccc(Cc2cc(C3CCN(C(=O)c4ccc5c(c4)OCO5)CC3)nc(N)n2)cc1,-57.59,-937.46,-792.67,-87.2,
FUS,CHEMBL25538,-6.4,COc1ccc(-c2cc3nc(N4CCOCC4)c4ccccc4c3nn2)cc1,,,,,"{""mmgbsa_dG"": null, ""error"": ""embed fallo (6 semillas) para C:\\Users\\Fredy\\masive-als\\gpu_dock\\resultados_libreria\\results_FUS\\CHEMBL25538_out.pdbqt""}"
FUS,CHEMBL26081,-6.4,Fc1ccc(CCN2CCN(c3ncnc4c5cnccc5n(Cc5ccccc5)c34)CC2)cc1F,,,,,"{""mmgbsa_dG"": null, ""error"": ""embed fallo (6 semillas) para C:\\Users\\Fredy\\masive-als\\gpu_dock\\resultados_libreria\\results_FUS\\CHEMBL26081_out.pdbqt""}"
FUS,CHEMBL26678,-6.4,Cn1c2cccc(C(N)=O)c2c2ncnc(N3CCN(CCc4ccc(F)c(F)c4)CC3)c21,,,,,"{""mmgbsa_dG"": null, ""error"": ""embed fallo (6 semillas) para C:\\Users\\Fredy\\masive-als\\gpu_dock\\resultados_libreria\\results_FUS\\CHEMBL26678_out.pdbqt""}"
FUS,CHEMBL27091,-6.4,O=c1cnn(-c2cc(Cl)c(S(=O)(=O)c3ccc(Cl)cc3)c(Cl)c2)c(=O)[nH]1,-40.65,-844.59,-812.13,8.19,
FUS,CHEMBL27388,-6.4,O=C(c1cccc2ccccc12)c1cn2c3c(cccc13)OCC2CN1CCOCC1,-42.21,-691.26,-793.48,144.43,
FUS,CHEMBL30370,-6.4,CC1(C)N=C(N)N=C(N)N1c1ccc(OCC(=O)N2CCOCC2)cc1,-52.72,-1101.44,-835.84,-212.87,
FUS,CHEMBL3309381,-6.4,C[C@H](O)CNc1nccc(-n2ccnc2Cc2cccc(NC(=O)c3ccccc3F)c2)n1,-62.7,-947.81,-839.15,-45.96,
FUS,CHEMBL3309652,-6.4,O=C1OCC2=C1C(c1cc(Cl)ccc1O)c1c(c3cccnc3c3ncccc13)N2,-48.15,-646.77,-635.94,37.32,
FUS,CHEMBL4116087,-6.4,CC(=O)c1c[n+](Cc2ccccc2C)ccc1CC1Cc2cc3c(cc2C1=O)OCO3,-78.7,-660.26,-667.2,85.64,
FUS,CHEMBL4434647,-6.4,O=C(Cn1cc(Cn2c3ccccc3c3ccccc32)nn1)c1cccc(F)c1,-68.34,-567.83,-564.95,65.47,
FUS,CHEMBL4435018,-6.4,O=C(Nc1ccc(Oc2ncnc3[nH]ncc23)cc1)Nc1nc2ccccc2s1,-35.17,-948.18,-834.5,-78.5,
FUS,CHEMBL4435164,-6.4,O=C(O)[C@H]1C2CCC(CC2)[C@@H]1Nc1nc(-c2c[nH]c3ncc(F)cc23)cn(C2CC2)c1=O,-51.58,-863.52,-867.55,55.61,
FUS,CHEMBL4435302,-6.4,CCNC(=O)c1ccc(Nc2nccc(N3C[C@H]4C[C@@H]3CN4C(=O)CC#N)n2)cc1,,,,,"{""mmgbsa_dG"": null, ""error"": ""embed fallo (6 semillas) para C:\\Users\\Fredy\\masive-als\\gpu_dock\\resultados_libreria\\results_FUS\\CHEMBL4435302_out.pdbqt""}"
FUS,CHEMBL4435572,-6.4,O=C(Cn1cc(Cn2c3ccccc3c3ccccc32)nn1)c1ccc(F)cc1,-63.61,-548.07,-560.67,76.21,
FUS,CHEMBL4435750,-6.4,CC1=C(c2nc(C)no2)N2C(=O)[C@@H](NC(=O)[C@H](N)c3ccccc3)[C@H]2SC1,-58.75,-754.38,-770.41,74.78,
FUS,CHEMBL4435968,-6.4,NS(=O)(=O)c1ccc(Nc2ncc(F)c(Nc3nc4ccccc4s3)n2)cc1,-61.64,-1288.79,-1054.44,-172.71,
FUS,CHEMBL4436028,-6.4,O=C1Cc2cc(-c3c(-c4ccc(F)cc4)nn4c(N5CCC(O)CC5)nccc34)ccc2N1,-30.37,-638.82,-690.26,81.8,
FUS,CHEMBL4436041,-6.4,c1ccc(COc2cccc(Nc3ncnc4cc5c(cc34)OCCOCCO5)c2)cc1,-42.4,-729.88,-696.02,8.54,
FUS,CHEMBL4436151,-6.4,COc1ccc(NC(=O)Cc2ccc(-n3c4c(c5ncnc(N)c53)CCC4)cc2)c(F)c1,-53.42,-884.4,-792.3,-38.67,
FUS,CHEMBL4436202,-6.4,N#Cc1ccc2cc3c(=O)n(-c4ccc(Cl)cc4)c(=O)nc-3n(-c3cccc(O)c3)c2c1,-74.98,-1029.77,-876.14,-78.65,
FUS,CHEMBL4436273,-6.4,Clc1cccnc1Cn1nccc1-c1ccc2nnn(-c3ccc4cn[nH]c4c3)c2c1,-46.82,-713.83,-793.23,126.23,
FUS,CHEMBL4529447,-6.4,O=C(O)CNC(=O)c1c(O)c2c(n(Cc3ccc(F)cc3F)c1=O)COC2,-63.05,-616.13,-502.26,-50.81,
FUS,CHEMBL4529606,-6.4,Cc1c(C(=O)N2CC(F)(c3ccccc3)C2)cnn1-c1nn2cccc2c(=O)[nH]1,,,,,"{""mmgbsa_dG"": null, ""error"": ""embed fallo (6 semillas) para C:\\Users\\Fredy\\masive-als\\gpu_dock\\resultados_libreria\\results_FUS\\CHEMBL4529606_out.pdbqt""}"
FUS,CHEMBL4529855,-6.4,Cc1nc([C@H]2CC[C@H](c3nnc4n3-c3ccc(Cl)cc3CN(C)C4)CC2)no1,-33.84,-926.22,-868.4,-23.98,
FUS,CHEMBL4530081,-6.4,O=C(CN1CCN(CCN2C(=O)c3cccc4cccc(c34)C2=O)CC1)Nc1nc2ccccc2s1,-50.42,-643.22,-684.43,91.63,
FUS,CHEMBL4530092,-6.4,Cc1c(C(=O)N2CC(N3CCC(F)(F)C3)C2)cnn1-c1nc2c(ccn2C)c(=O)[nH]1,,,,,"{""mmgbsa_dG"": null, ""error"": ""embed fallo (6 semillas) para C:\\Users\\Fredy\\masive-als\\gpu_dock\\resultados_libreria\\results_FUS\\CHEMBL4530092_out.pdbqt""}"
FUS,CHEMBL4530264,-6.4,CN1CCN(c2ccc(-c3cn4c(-c5cccc(O)c5)cnc4cn3)cn2)CC1,,,,,"{""mmgbsa_dG"": null, ""error"": ""embed fallo (6 semillas) para C:\\Users\\Fredy\\masive-als\\gpu_dock\\resultados_libreria\\results_FUS\\CHEMBL4530264_out.pdbqt""}"
FUS,CHEMBL4530672,-6.4,N#Cc1c(-c2cccc(-c3cccc(C(=O)O)c3)c2)[nH]c(=S)[nH]c1=O,-39.56,-1295.64,-1158.53,-97.54,
FUS,CHEMBL4530812,-6.4,Nc1ncnc2c3c(n(-c4ccc(CC(=O)Nc5nc(C(F)(F)F)co5)cc4)c12)CCC3,-56.42,-846.54,-757.17,-32.95,
FUS,CHEMBL4531294,-6.4,O=C(NCc1ccccc1)c1cc(-c2ccc(CN3CCOCC3)cc2)nc2ccc(F)cc12,-50.83,-646.6,-660.83,65.06,
FUS,CHEMBL4531539,-6.4,COc1ccc(-c2cc3c4nnc(CCC(=O)NCCc5ccccc5)n4ccn3n2)cc1,-73.28,-686.69,-602.37,-11.04,
FUS,CHEMBL4533364,-6.4,COc1ccc(O)c(C(=O)NNC(=O)c2cc3cc(Cl)ccc3oc2=O)c1,-48.98,-822.77,-788.6,14.81,
FUS,CHEMBL4533473,-6.4,Cc1cccc(C(=O)N[C@@H]2C(=O)Nc3c(c(C)nn3-c3ccccc3)[C@H]2c2cccc(F)c2)c1,-48.41,-503.91,-555.57,100.07,
FUS,CHEMBL4533958,-6.4,Cc1ccc2[nH]c(CCN3C(=O)c4cccc5cccc(c45)C3=O)nc2c1,-22.72,-835.79,-809.37,-3.71,
FUS,CHEMBL4534280,-6.4,CC(C)(O)C#Cc1cccc(-c2c[nH]c3cnc(N)nc23)c1,-52.46,-925.88,-782.54,-90.87,
FUS,CHEMBL4534610,-6.4,O=C(Nc1ccccc1)c1cc(C(=O)Nc2nc3ccccc3[nH]2)cc([N+](=O)[O-])c1,-61.04,-900.4,-826.94,-12.42,
FUS,CHEMBL4534639,-6.4,Cc1nn(-c2ccccc2)c2c1C(c1cccs1)c1c(n(C)c(=O)n(C)c1=O)N2,-53.78,-841.04,-702.54,-84.73,
FUS,CHEMBL4534647,-6.4,N#CCCn1cc(/C=C(\C#N)c2nc3ccccc3[nH]2)c(-c2ccccc2)n1,,,,,"{""mmgbsa_dG"": null, ""error"": ""embed fallo (6 semillas) para C:\\Users\\Fredy\\masive-als\\gpu_dock\\resultados_libreria\\results_FUS\\CHEMBL4534647_out.pdbqt""}"
FUS,CHEMBL4534668,-6.4,N#Cc1c(-c2cccc([N+](=O)[O-])c2)c2ccc3ccccc3c2oc1=O,,,,,"{""mmgbsa_dG"": null, ""error"": ""embed fallo (6 semillas) para C:\\Users\\Fredy\\masive-als\\gpu_dock\\resultados_libreria\\results_FUS\\CHEMBL4534668_out.pdbqt""}"
FUS,CHEMBL4534728,-6.4,CC(C)(Oc1ccc(-c2cnc(N)c(-c3ccc4c(c3)CCNC4=O)n2)cc1)C(N)=O,-33.62,-627.65,-678.45,84.41,
FUS,CHEMBL4548513,-6.4,O=C(NO)c1cc(F)c(Cn2nnc(-c3ccc4ccccc4n3)n2)c(F)c1,-81.58,-570.01,-597.94,109.51,
FUS,CHEMBL4553575,-6.4,Cc1c(C(=O)N2CCN(C(=O)OC(C)(C)C)[C@H](C)C2)cnn1-c1nn2cccc2c(=O)[nH]1,-41.31,-916.28,-834.55,-40.42,
FUS,CHEMBL4553614,-6.4,Cc1c(C(=O)N2CCCC(c3n[nH]c(C4CC4)n3)C2)cnn1-c1nn2cccc2c(=O)[nH]1,-49.21,-923.15,-835.92,-38.02,
FUS,CHEMBL4559933,-6.4,CC(C)N1CCN(c2ccc(-c3cn4c(-c5ccccc5)cnc4cn3)cc2)CC1,-50.83,-681.36,-735.85,105.32,
FUS,CHEMBL4564493,-6.4,Cc1ccc2c(=O)c3c(oc2c1)N1C[C@@H]2CCCN4CCC[C@@H]([C@H]24)[C@H]1CC3,-37.95,-872.14,-726.37,-107.81,
FUS,CHEMBL4564502,-6.4,Nc1ncnc2c3c(n(-c4ccc(NC(=O)Cc5ccc(F)cc5Br)cc4)c12)CCC3,-47.54,-620.26,-516.04,-56.69,
FUS,CHEMBL4564812,-6.4,O=C(Nc1cccc(C(F)(F)F)c1)Nc1ccc2nc(-c3ccco3)nn2c1,-51.73,-830.9,-761.87,-17.3,
FUS,CHEMBL4565038,-6.4,CN(C)c1cccc(-c2cnc3ncn(Cc4ccc5ncccc5c4)c3n2)c1,-57.18,-444.13,-475.1,88.15,
FUS,CHEMBL4565085,-6.4,O=C(Nc1cnc(Oc2cccnc2)c(Cl)c1)C1CCN(c2ncccc2Cl)CC1,,,,,"{""mmgbsa_dG"": null, ""error"": ""embed fallo (6 semillas) para C:\\Users\\Fredy\\masive-als\\gpu_dock\\resultados_libreria\\results_FUS\\CHEMBL4565085_out.pdbqt""}"
FUS,CHEMBL4565154,-6.4,O=C(Cn1nc2c3c4c(sc3ncn2c1=O)CCCC4)N1CCc2ccccc2C1,-54.2,-895.37,-808.12,-33.05,
FUS,CHEMBL4566183,-6.4,CN1CCN(C(=O)c2cccc(-c3cnc4cnc(-c5ccc(Cl)cc5)cn34)c2)CC1,-51.94,-807.57,-841.86,86.23,
FUS,CHEMBL4566570,-6.4,O=c1cc(Cn2cc(CSc3nc4ccccc4[nH]3)nn2)c2ccc(Cl)cc2[nH]1,-38.7,-866.25,-821.47,-6.09,
FUS,CHEMBL4566603,-6.4,Cc1cc2nn(CC(=O)Nc3ccccc3F)c(=O)n2c(Nc2ccc(C)c(F)c2)n1,-32.61,-918.92,-803.38,-82.92,
FUS,CHEMBL4567666,-6.4,CCOc1cccc2c(C)nc(Nc3nc(=O)c4ccccc4[nH]3)nc12,-47.58,-854.61,-655.35,-151.69,
FUS,CHEMBL4567981,-6.4,Cn1nc(CC(=O)N2CC(C(=O)N3CCCCC3)Oc3ccccc32)c2ccccc2c1=O,-41.22,-765.37,-794.78,70.64,
FUS,CHEMBL4568319,-6.4,CNc1ccnc(N2CCN(c3ccn4cc(-c5cc(Cl)c(OC)cc5OC)nc4c3)CC2)n1,,,,,"{""mmgbsa_dG"": null, ""error"": ""embed fallo (6 semillas) para C:\\Users\\Fredy\\masive-als\\gpu_dock\\resultados_libreria\\results_FUS\\CHEMBL4568319_out.pdbqt""}"
FUS,CHEMBL4568719,-6.4,O=C(Nc1ncnc2c1ncn2COCc1ccccc1)c1cccc(-c2ccccc2)c1,-48.72,-810.98,-795.88,33.63,
FUS,CHEMBL4569164,-6.4,Cc1cc(=O)[nH]c(-n2ncc(C(=O)N3CCc4ccc(C(F)(F)F)cc4C3)c2C)n1,-33.87,-842.51,-843.92,35.28,
FUS,CHEMBL4569431,-6.4,N#CN1CCO[C@@H](C(=O)Nc2cc3cc(-c4cn[nH]c4)ccc3cn2)C1,-50.79,-764.48,-752.17,38.48,
