ligando,grupo,evidencia_funcional,atomos_pesados,residuo_flexible,modelo,semilla,modo,afinidad,contactos,atomos_del_ligando_en_contacto,fraccion_ligando_en_contacto,residuos,toca_trp334,dist_min_al_anillo_trp334,dist_min_a_un_atomo_del_anillo
XL20,union medida,"union_directa (SPR + CETSA, dependiente del Trp334)",26,334,1,42,1,-5.459,8,20,0.77,331 334 335 337 338 341 342 346,True,3.71,3.64
XL20,union medida,"union_directa (SPR + CETSA, dependiente del Trp334)",26,334,1,42,2,-4.906,5,16,0.62,326 327 330 331 334,True,3.66,3.61
XL20,union medida,"union_directa (SPR + CETSA, dependiente del Trp334)",26,334,1,42,3,-4.824,4,19,0.73,330 331 333 334,True,3.64,3.53
XL20,union medida,"union_directa (SPR + CETSA, dependiente del Trp334)",26,334,1,42,4,-4.813,5,12,0.46,326 327 330 331 334,True,3.69,3.68
XL20,union medida,"union_directa (SPR + CETSA, dependiente del Trp334)",26,334,1,42,5,-4.688,4,21,0.81,327 330 331 334,True,3.68,3.59
XL20,union medida,"union_directa (SPR + CETSA, dependiente del Trp334)",26,334,1,42,6,-4.652,4,16,0.62,327 330 331 334,True,3.64,3.57
XL20,union medida,"union_directa (SPR + CETSA, dependiente del Trp334)",26,334,1,42,7,-4.61,4,15,0.58,327 330 331 334,True,3.72,3.56
XL20,union medida,"union_directa (SPR + CETSA, dependiente del Trp334)",26,334,1,42,8,-4.591,7,12,0.46,331 334 335 337 338 341 342,True,3.56,3.63
XL20,union medida,"union_directa (SPR + CETSA, dependiente del Trp334)",26,334,1,42,9,-4.508,5,17,0.65,326 327 330 331 334,True,3.73,3.59
XL20,union medida,"union_directa (SPR + CETSA, dependiente del Trp334)",26,334,1,2026,1,-5.529,8,20,0.77,331 334 335 337 338 341 342 346,True,3.72,3.61
XL20,union medida,"union_directa (SPR + CETSA, dependiente del Trp334)",26,334,1,2026,2,-5.125,6,20,0.77,331 334 335 338 342 346,True,3.61,3.6
XL20,union medida,"union_directa (SPR + CETSA, dependiente del Trp334)",26,334,1,2026,3,-4.978,5,13,0.5,326 327 330 331 334,True,3.64,3.64
XL20,union medida,"union_directa (SPR + CETSA, dependiente del Trp334)",26,334,1,2026,4,-4.875,5,15,0.58,326 327 330 331 334,True,3.66,3.66
XL20,union medida,"union_directa (SPR + CETSA, dependiente del Trp334)",26,334,1,2026,5,-4.819,8,20,0.77,331 334 335 337 338 341 342 346,True,3.71,3.63
XL20,union medida,"union_directa (SPR + CETSA, dependiente del Trp334)",26,334,1,2026,6,-4.809,4,17,0.65,327 330 331 334,True,3.75,3.47
XL20,union medida,"union_directa (SPR + CETSA, dependiente del Trp334)",26,334,1,2026,7,-4.722,6,21,0.81,326 327 330 331 333 334,True,3.7,3.47
XL20,union medida,"union_directa (SPR + CETSA, dependiente del Trp334)",26,334,1,2026,8,-4.653,4,16,0.62,327 330 331 334,True,3.72,3.58
XL20,union medida,"union_directa (SPR + CETSA, dependiente del Trp334)",26,334,1,2026,9,-4.584,4,18,0.69,327 330 331 334,True,3.76,3.59
XL20,union medida,"union_directa (SPR + CETSA, dependiente del Trp334)",26,334,1,777,1,-5.54,8,20,0.77,331 334 335 337 338 341 342 346,True,3.71,3.63
XL20,union medida,"union_directa (SPR + CETSA, dependiente del Trp334)",26,334,1,777,2,-5.015,5,16,0.62,326 327 330 331 334,True,3.66,3.6
XL20,union medida,"union_directa (SPR + CETSA, dependiente del Trp334)",26,334,1,777,3,-4.985,7,20,0.77,331 334 335 337 338 342 346,True,3.65,3.68
XL20,union medida,"union_directa (SPR + CETSA, dependiente del Trp334)",26,334,1,777,4,-4.982,5,13,0.5,326 327 330 331 334,True,3.62,3.61
XL20,union medida,"union_directa (SPR + CETSA, dependiente del Trp334)",26,334,1,777,5,-4.927,8,12,0.46,331 334 335 337 338 341 342 346,True,3.54,3.45
XL20,union medida,"union_directa (SPR + CETSA, dependiente del Trp334)",26,334,1,777,6,-4.887,5,16,0.62,326 327 330 331 334,True,3.65,3.63
XL20,union medida,"union_directa (SPR + CETSA, dependiente del Trp334)",26,334,1,777,7,-4.757,4,12,0.46,327 330 331 334,True,3.69,3.51
XL20,union medida,"union_directa (SPR + CETSA, dependiente del Trp334)",26,334,1,777,8,-4.707,5,20,0.77,327 330 331 333 334,True,3.61,3.4
XL20,union medida,"union_directa (SPR + CETSA, dependiente del Trp334)",26,334,1,777,9,-4.698,6,20,0.77,331 334 335 337 338 342,True,3.68,3.56
XL20,union medida,"union_directa (SPR + CETSA, dependiente del Trp334)",26,334,2,42,1,-5.491,7,21,0.81,333 334 337 338 341 342 346,True,3.74,3.49
XL20,union medida,"union_directa (SPR + CETSA, dependiente del Trp334)",26,334,2,42,2,-5.489,5,20,0.77,331 334 335 338 342,True,4.45,3.48
XL20,union medida,"union_directa (SPR + CETSA, dependiente del Trp334)",26,334,2,42,3,-5.466,8,20,0.77,331 334 335 338 339 342 346 348,True,3.67,3.59
XL20,union medida,"union_directa (SPR + CETSA, dependiente del Trp334)",26,334,2,42,4,-5.434,5,20,0.77,334 337 338 341 342,True,3.68,3.56
XL20,union medida,"union_directa (SPR + CETSA, dependiente del Trp334)",26,334,2,42,5,-5.391,7,16,0.62,331 334 335 338 341 342 346,True,3.78,3.6
XL20,union medida,"union_directa (SPR + CETSA, dependiente del Trp334)",26,334,2,42,6,-5.353,5,19,0.73,334 338 341 342 346,True,3.62,3.59
XL20,union medida,"union_directa (SPR + CETSA, dependiente del Trp334)",26,334,2,42,7,-5.343,6,21,0.81,334 337 338 341 342 346,True,3.66,3.6
XL20,union medida,"union_directa (SPR + CETSA, dependiente del Trp334)",26,334,2,42,8,-5.326,6,16,0.62,331 334 335 338 339 342,True,3.66,3.41
XL20,union medida,"union_directa (SPR + CETSA, dependiente del Trp334)",26,334,2,42,9,-5.276,7,17,0.65,331 334 335 338 341 342 346,True,3.77,3.59
XL20,union medida,"union_directa (SPR + CETSA, dependiente del Trp334)",26,334,2,2026,1,-5.128,6,20,0.77,331 334 335 338 339 342,True,4.44,3.52
XL20,union medida,"union_directa (SPR + CETSA, dependiente del Trp334)",26,334,2,2026,2,-5.123,7,21,0.81,333 334 337 338 341 342 346,True,3.72,3.49
XL20,union medida,"union_directa (SPR + CETSA, dependiente del Trp334)",26,334,2,2026,3,-5.107,8,19,0.73,331 334 335 338 339 342 346 348,True,3.66,3.61
XL20,union medida,"union_directa (SPR + CETSA, dependiente del Trp334)",26,334,2,2026,4,-5.052,5,20,0.77,334 337 338 341 342,True,3.65,3.55
XL20,union medida,"union_directa (SPR + CETSA, dependiente del Trp334)",26,334,2,2026,5,-5.011,7,16,0.62,331 334 335 338 341 342 346,True,3.84,3.61
XL20,union medida,"union_directa (SPR + CETSA, dependiente del Trp334)",26,334,2,2026,6,-5.008,7,19,0.73,331 334 335 338 341 342 346,True,3.8,3.48
XL20,union medida,"union_directa (SPR + CETSA, dependiente del Trp334)",26,334,2,2026,7,-4.963,5,19,0.73,334 338 341 342 346,True,3.63,3.62
XL20,union medida,"union_directa (SPR + CETSA, dependiente del Trp334)",26,334,2,2026,8,-4.933,6,16,0.62,331 334 335 338 339 342,True,3.64,3.36
XL20,union medida,"union_directa (SPR + CETSA, dependiente del Trp334)",26,334,2,2026,9,-4.894,4,16,0.62,327 330 331 334,True,3.81,3.62
XL20,union medida,"union_directa (SPR + CETSA, dependiente del Trp334)",26,334,2,777,1,-5.113,8,20,0.77,331 334 335 338 339 342 346 348,True,3.66,3.58
XL20,union medida,"union_directa (SPR + CETSA, dependiente del Trp334)",26,334,2,777,2,-5.108,5,20,0.77,331 334 335 338 342,True,4.44,3.5
XL20,union medida,"union_directa (SPR + CETSA, dependiente del Trp334)",26,334,2,777,3,-5.085,7,20,0.77,333 334 337 338 341 342 346,True,3.81,3.49
XL20,union medida,"union_directa (SPR + CETSA, dependiente del Trp334)",26,334,2,777,4,-5.051,6,20,0.77,334 337 338 341 342 346,True,3.67,3.58
XL20,union medida,"union_directa (SPR + CETSA, dependiente del Trp334)",26,334,2,777,5,-4.979,7,17,0.65,331 334 335 338 341 342 346,True,3.78,3.57
XL20,union medida,"union_directa (SPR + CETSA, dependiente del Trp334)",26,334,2,777,6,-4.943,5,18,0.69,334 338 341 342 346,True,3.6,3.6
XL20,union medida,"union_directa (SPR + CETSA, dependiente del Trp334)",26,334,2,777,7,-4.939,6,16,0.62,331 334 335 338 339 342,True,3.65,3.37
XL20,union medida,"union_directa (SPR + CETSA, dependiente del Trp334)",26,334,2,777,8,-4.917,4,16,0.62,327 330 331 334,True,3.85,3.61
XL20,union medida,"union_directa (SPR + CETSA, dependiente del Trp334)",26,334,2,777,9,-4.893,7,18,0.69,331 334 335 338 341 342 346,True,3.86,3.65
XL20,union medida,"union_directa (SPR + CETSA, dependiente del Trp334)",26,334,3,42,1,-4.908,5,18,0.69,326 327 330 331 334,True,3.69,3.36
XL20,union medida,"union_directa (SPR + CETSA, dependiente del Trp334)",26,334,3,42,2,-4.799,5,18,0.69,326 327 330 331 334,True,3.65,3.59
XL20,union medida,"union_directa (SPR + CETSA, dependiente del Trp334)",26,334,3,42,3,-4.778,9,14,0.54,311 312 313 314 323 324 327 328 331,False,9.11,7.37
XL20,union medida,"union_directa (SPR + CETSA, dependiente del Trp334)",26,334,3,42,4,-4.762,7,14,0.54,307 311 312 313 323 327 331,False,6.57,4.31
XL20,union medida,"union_directa (SPR + CETSA, dependiente del Trp334)",26,334,3,42,5,-4.624,4,21,0.81,327 330 331 334,True,3.61,3.57
XL20,union medida,"union_directa (SPR + CETSA, dependiente del Trp334)",26,334,3,42,6,-4.517,5,15,0.58,326 327 330 331 334,True,3.68,3.61
XL20,union medida,"union_directa (SPR + CETSA, dependiente del Trp334)",26,334,3,42,7,-4.494,4,12,0.46,327 330 331 334,True,3.71,3.56
XL20,union medida,"union_directa (SPR + CETSA, dependiente del Trp334)",26,334,3,42,8,-4.458,5,16,0.62,326 327 330 331 334,True,3.6,3.61
XL20,union medida,"union_directa (SPR + CETSA, dependiente del Trp334)",26,334,3,42,9,-4.316,4,17,0.65,327 330 331 334,True,3.71,3.55
XL20,union medida,"union_directa (SPR + CETSA, dependiente del Trp334)",26,334,3,2026,1,-5.077,5,18,0.69,326 327 330 331 334,True,3.7,3.36
XL20,union medida,"union_directa (SPR + CETSA, dependiente del Trp334)",26,334,3,2026,2,-4.966,5,18,0.69,331 334 337 338 342,True,4.27,3.43
XL20,union medida,"union_directa (SPR + CETSA, dependiente del Trp334)",26,334,3,2026,3,-4.962,9,13,0.5,311 312 313 314 323 324 327 328 331,False,9.18,7.41
XL20,union medida,"union_directa (SPR + CETSA, dependiente del Trp334)",26,334,3,2026,4,-4.954,5,18,0.69,326 327 330 331 334,True,3.69,3.6
XL20,union medida,"union_directa (SPR + CETSA, dependiente del Trp334)",26,334,3,2026,5,-4.82,9,13,0.5,311 312 313 314 318 323 327 328 331,False,8.67,7.06
XL20,union medida,"union_directa (SPR + CETSA, dependiente del Trp334)",26,334,3,2026,6,-4.807,4,21,0.81,327 330 331 334,True,3.61,3.58
XL20,union medida,"union_directa (SPR + CETSA, dependiente del Trp334)",26,334,3,2026,7,-4.68,4,12,0.46,327 330 331 334,True,3.71,3.45
XL20,union medida,"union_directa (SPR + CETSA, dependiente del Trp334)",26,334,3,2026,8,-4.628,4,16,0.62,327 330 331 334,True,3.68,3.62
XL20,union medida,"union_directa (SPR + CETSA, dependiente del Trp334)",26,334,3,2026,9,-4.62,4,14,0.54,327 330 331 334,True,3.79,3.6
XL20,union medida,"union_directa (SPR + CETSA, dependiente del Trp334)",26,334,3,777,1,-4.996,5,17,0.65,326 327 330 331 334,True,3.69,3.44
XL20,union medida,"union_directa (SPR + CETSA, dependiente del Trp334)",26,334,3,777,2,-4.914,5,17,0.65,331 334 337 338 342,True,4.37,3.47
XL20,union medida,"union_directa (SPR + CETSA, dependiente del Trp334)",26,334,3,777,3,-4.885,7,14,0.54,307 311 312 313 323 327 331,False,6.77,4.51
XL20,union medida,"union_directa (SPR + CETSA, dependiente del Trp334)",26,334,3,777,4,-4.88,5,18,0.69,326 327 330 331 334,True,3.65,3.59
XL20,union medida,"union_directa (SPR + CETSA, dependiente del Trp334)",26,334,3,777,5,-4.847,4,17,0.65,334 337 338 342,True,3.66,3.6
XL20,union medida,"union_directa (SPR + CETSA, dependiente del Trp334)",26,334,3,777,6,-4.763,9,12,0.46,311 312 313 314 318 323 327 328 331,False,8.51,6.88
XL20,union medida,"union_directa (SPR + CETSA, dependiente del Trp334)",26,334,3,777,7,-4.545,4,16,0.62,327 330 331 334,True,3.65,3.61
XL20,union medida,"union_directa (SPR + CETSA, dependiente del Trp334)",26,334,3,777,8,-4.485,4,16,0.62,331 334 338 342,True,3.65,3.6
XL20,union medida,"union_directa (SPR + CETSA, dependiente del Trp334)",26,334,3,777,9,-4.461,9,11,0.42,311 312 313 314 318 323 327 328 331,False,9.43,8.67
XL20,union medida,"union_directa (SPR + CETSA, dependiente del Trp334)",26,334,4,42,1,-6.114,6,21,0.81,331 334 335 338 348 349,True,3.67,3.31
XL20,union medida,"union_directa (SPR + CETSA, dependiente del Trp334)",26,334,4,42,2,-6.047,7,22,0.85,331 334 335 337 338 347 349,True,3.97,3.55
XL20,union medida,"union_directa (SPR + CETSA, dependiente del Trp334)",26,334,4,42,3,-5.949,8,15,0.58,331 334 335 338 341 347 348 349,True,3.73,3.65
XL20,union medida,"union_directa (SPR + CETSA, dependiente del Trp334)",26,334,4,42,4,-5.943,8,15,0.58,331 334 335 337 338 341 347 349,True,3.64,3.6
XL20,union medida,"union_directa (SPR + CETSA, dependiente del Trp334)",26,334,4,42,5,-5.917,8,18,0.69,331 334 335 338 341 347 348 349,True,3.62,3.58
XL20,union medida,"union_directa (SPR + CETSA, dependiente del Trp334)",26,334,4,42,6,-5.905,5,21,0.81,331 334 335 338 349,True,3.61,3.53
XL20,union medida,"union_directa (SPR + CETSA, dependiente del Trp334)",26,334,4,42,7,-5.78,9,20,0.77,331 334 335 337 338 341 347 348 349,True,3.96,3.62
XL20,union medida,"union_directa (SPR + CETSA, dependiente del Trp334)",26,334,4,42,8,-5.701,8,19,0.73,324 327 328 331 334 335 338 349,True,3.71,3.66
XL20,union medida,"union_directa (SPR + CETSA, dependiente del Trp334)",26,334,4,42,9,-5.646,9,16,0.62,331 334 335 338 339 341 347 348 349,True,3.78,3.61
XL20,union medida,"union_directa (SPR + CETSA, dependiente del Trp334)",26,334,4,2026,1,-5.78,7,21,0.81,331 334 335 338 347 348 349,True,3.72,3.31
XL20,union medida,"union_directa (SPR + CETSA, dependiente del Trp334)",26,334,4,2026,2,-5.697,7,22,0.85,331 334 335 337 338 347 349,True,3.98,3.56
XL20,union medida,"union_directa (SPR + CETSA, dependiente del Trp334)",26,334,4,2026,3,-5.612,8,15,0.58,331 334 335 338 341 347 348 349,True,3.8,3.65
XL20,union medida,"union_directa (SPR + CETSA, dependiente del Trp334)",26,334,4,2026,4,-5.574,8,18,0.69,331 334 335 337 338 341 347 349,True,3.6,3.57
XL20,union medida,"union_directa (SPR + CETSA, dependiente del Trp334)",26,334,4,2026,5,-5.391,8,18,0.69,327 328 331 332 334 335 338 349,True,5.16,3.59
XL20,union medida,"union_directa (SPR + CETSA, dependiente del Trp334)",26,334,4,2026,6,-5.39,8,19,0.73,331 334 335 337 338 347 348 349,True,3.97,3.64
XL20,union medida,"union_directa (SPR + CETSA, dependiente del Trp334)",26,334,4,2026,7,-5.338,6,16,0.62,331 334 335 338 347 348,True,3.7,3.5
XL20,union medida,"union_directa (SPR + CETSA, dependiente del Trp334)",26,334,4,2026,8,-5.207,8,19,0.73,331 334 335 337 338 341 347 349,True,3.97,3.54
XL20,union medida,"union_directa (SPR + CETSA, dependiente del Trp334)",26,334,4,2026,9,-5.198,9,18,0.69,331 334 335 338 339 341 347 348 349,True,3.62,3.55
XL20,union medida,"union_directa (SPR + CETSA, dependiente del Trp334)",26,334,4,777,1,-5.634,7,21,0.81,331 334 335 338 347 348 349,True,3.71,3.29
XL20,union medida,"union_directa (SPR + CETSA, dependiente del Trp334)",26,334,4,777,2,-5.59,6,20,0.77,331 334 335 337 338 349,True,3.59,3.64
XL20,union medida,"union_directa (SPR + CETSA, dependiente del Trp334)",26,334,4,777,3,-5.456,8,16,0.62,331 334 335 338 341 347 348 349,True,3.81,3.66
XL20,union medida,"union_directa (SPR + CETSA, dependiente del Trp334)",26,334,4,777,4,-5.443,8,19,0.73,331 334 335 338 341 347 348 349,True,3.57,3.62
XL20,union medida,"union_directa (SPR + CETSA, dependiente del Trp334)",26,334,4,777,5,-5.429,7,15,0.58,331 334 335 337 338 347 349,True,3.65,3.6
XL20,union medida,"union_directa (SPR + CETSA, dependiente del Trp334)",26,334,4,777,6,-5.283,8,20,0.77,324 327 328 331 334 335 338 349,True,3.8,3.67
XL20,union medida,"union_directa (SPR + CETSA, dependiente del Trp334)",26,334,4,777,7,-5.256,8,19,0.73,331 334 335 337 338 347 348 349,True,3.94,3.61
XL20,union medida,"union_directa (SPR + CETSA, dependiente del Trp334)",26,334,4,777,8,-5.223,8,17,0.65,327 328 331 332 334 335 338 349,True,5.25,3.65
XL20,union medida,"union_directa (SPR + CETSA, dependiente del Trp334)",26,334,4,777,9,-5.142,8,20,0.77,331 334 335 337 338 341 347 349,True,3.96,3.59
XL20,union medida,"union_directa (SPR + CETSA, dependiente del Trp334)",26,334,5,42,1,-5.023,7,19,0.73,331 334 335 337 341 347 349,True,3.49,3.56
XL20,union medida,"union_directa (SPR + CETSA, dependiente del Trp334)",26,334,5,42,2,-4.98,5,15,0.58,326 327 330 331 334,True,3.65,3.63
XL20,union medida,"union_directa (SPR + CETSA, dependiente del Trp334)",26,334,5,42,3,-4.9,6,17,0.65,328 331 332 334 335 349,True,5.35,3.69
XL20,union medida,"union_directa (SPR + CETSA, dependiente del Trp334)",26,334,5,42,4,-4.786,6,14,0.54,334 337 338 341 347 349,True,3.72,3.65
XL20,union medida,"union_directa (SPR + CETSA, dependiente del Trp334)",26,334,5,42,5,-4.779,5,19,0.73,334 337 338 341 349,True,3.7,3.61
XL20,union medida,"union_directa (SPR + CETSA, dependiente del Trp334)",26,334,5,42,6,-4.735,5,16,0.62,326 327 330 331 334,True,3.77,3.6
XL20,union medida,"union_directa (SPR + CETSA, dependiente del Trp334)",26,334,5,42,7,-4.723,5,17,0.65,334 335 338 341 349,True,3.67,3.58
XL20,union medida,"union_directa (SPR + CETSA, dependiente del Trp334)",26,334,5,42,8,-4.461,5,21,0.81,326 327 330 331 334,True,3.63,3.51
XL20,union medida,"union_directa (SPR + CETSA, dependiente del Trp334)",26,334,5,42,9,-4.394,5,16,0.62,334 337 341 347 349,True,3.63,3.61
XL20,union medida,"union_directa (SPR + CETSA, dependiente del Trp334)",26,334,5,2026,1,-4.964,5,15,0.58,326 327 330 331 334,True,3.65,3.62
XL20,union medida,"union_directa (SPR + CETSA, dependiente del Trp334)",26,334,5,2026,2,-4.947,6,20,0.77,331 334 335 337 338 349,True,3.81,3.5
XL20,union medida,"union_directa (SPR + CETSA, dependiente del Trp334)",26,334,5,2026,3,-4.92,7,18,0.69,331 334 335 337 341 347 349,True,3.48,3.55
XL20,union medida,"union_directa (SPR + CETSA, dependiente del Trp334)",26,334,5,2026,4,-4.808,6,22,0.85,327 331 334 335 337 349,True,3.6,3.56
XL20,union medida,"union_directa (SPR + CETSA, dependiente del Trp334)",26,334,5,2026,5,-4.773,5,19,0.73,334 337 338 341 349,True,3.73,3.58
XL20,union medida,"union_directa (SPR + CETSA, dependiente del Trp334)",26,334,5,2026,6,-4.713,5,16,0.62,326 327 330 331 334,True,3.79,3.61
XL20,union medida,"union_directa (SPR + CETSA, dependiente del Trp334)",26,334,5,2026,7,-4.681,5,18,0.69,334 335 338 341 349,True,3.74,3.48
XL20,union medida,"union_directa (SPR + CETSA, dependiente del Trp334)",26,334,5,2026,8,-4.666,5,16,0.62,326 327 330 331 334,True,3.75,3.6
XL20,union medida,"union_directa (SPR + CETSA, dependiente del Trp334)",26,334,5,2026,9,-4.443,5,16,0.62,331 334 337 338 349,True,3.53,3.51
XL20,union medida,"union_directa (SPR + CETSA, dependiente del Trp334)",26,334,5,777,1,-5.138,7,19,0.73,331 334 335 337 341 347 349,True,3.49,3.56
XL20,union medida,"union_directa (SPR + CETSA, dependiente del Trp334)",26,334,5,777,2,-5.132,6,19,0.73,331 334 335 337 338 349,True,3.85,3.5
XL20,union medida,"union_directa (SPR + CETSA, dependiente del Trp334)",26,334,5,777,3,-5.11,5,15,0.58,326 327 330 331 334,True,3.65,3.62
XL20,union medida,"union_directa (SPR + CETSA, dependiente del Trp334)",26,334,5,777,4,-4.858,5,16,0.62,326 327 330 331 334,True,3.78,3.63
XL20,union medida,"union_directa (SPR + CETSA, dependiente del Trp334)",26,334,5,777,5,-4.704,5,18,0.69,331 334 337 338 349,True,3.59,3.53
XL20,union medida,"union_directa (SPR + CETSA, dependiente del Trp334)",26,334,5,777,6,-4.686,5,18,0.69,334 337 338 347 349,True,3.62,3.55
XL20,union medida,"union_directa (SPR + CETSA, dependiente del Trp334)",26,334,5,777,7,-4.663,5,16,0.62,331 334 335 338 349,True,3.58,3.55
XL20,union medida,"union_directa (SPR + CETSA, dependiente del Trp334)",26,334,5,777,8,-4.601,5,20,0.77,326 327 330 331 334,True,3.64,3.53
XL20,union medida,"union_directa (SPR + CETSA, dependiente del Trp334)",26,334,5,777,9,-4.581,6,14,0.54,334 337 338 341 347 349,True,3.57,3.58
XL20,union medida,"union_directa (SPR + CETSA, dependiente del Trp334)",26,334,6,42,1,-5.543,5,18,0.69,331 334 335 338 342,True,3.72,3.43
XL20,union medida,"union_directa (SPR + CETSA, dependiente del Trp334)",26,334,6,42,2,-5.48,6,18,0.69,331 334 335 337 338 342,True,4.64,3.63
XL20,union medida,"union_directa (SPR + CETSA, dependiente del Trp334)",26,334,6,42,3,-5.422,5,19,0.73,331 334 335 337 338,True,3.66,3.63
XL20,union medida,"union_directa (SPR + CETSA, dependiente del Trp334)",26,334,6,42,4,-5.422,5,16,0.62,326 327 330 331 334,True,3.65,3.61
XL20,union medida,"union_directa (SPR + CETSA, dependiente del Trp334)",26,334,6,42,5,-5.278,7,16,0.62,311 313 323 324 327 328 331,False,11.13,9.46
XL20,union medida,"union_directa (SPR + CETSA, dependiente del Trp334)",26,334,6,42,6,-5.259,5,17,0.65,326 327 330 331 334,True,3.71,3.63
XL20,union medida,"union_directa (SPR + CETSA, dependiente del Trp334)",26,334,6,42,7,-5.205,5,20,0.77,331 334 335 337 338,True,3.66,3.63
XL20,union medida,"union_directa (SPR + CETSA, dependiente del Trp334)",26,334,6,42,8,-5.182,5,16,0.62,326 327 330 331 334,True,3.68,3.53
XL20,union medida,"union_directa (SPR + CETSA, dependiente del Trp334)",26,334,6,42,9,-5.172,4,16,0.62,327 330 331 334,True,3.63,3.51
XL20,union medida,"union_directa (SPR + CETSA, dependiente del Trp334)",26,334,6,2026,1,-5.047,5,18,0.69,331 334 335 338 342,True,3.7,3.43
XL20,union medida,"union_directa (SPR + CETSA, dependiente del Trp334)",26,334,6,2026,2,-5.023,5,18,0.69,331 334 337 338 342,True,4.6,3.6
XL20,union medida,"union_directa (SPR + CETSA, dependiente del Trp334)",26,334,6,2026,3,-4.999,5,17,0.65,326 327 330 331 334,True,3.68,3.62
XL20,union medida,"union_directa (SPR + CETSA, dependiente del Trp334)",26,334,6,2026,4,-4.837,5,20,0.77,330 331 333 334 337,True,3.7,3.55
XL20,union medida,"union_directa (SPR + CETSA, dependiente del Trp334)",26,334,6,2026,5,-4.764,5,17,0.65,326 327 330 331 334,True,3.78,3.59
XL20,union medida,"union_directa (SPR + CETSA, dependiente del Trp334)",26,334,6,2026,6,-4.759,5,16,0.62,326 327 330 331 334,True,3.7,3.54
XL20,union medida,"union_directa (SPR + CETSA, dependiente del Trp334)",26,334,6,2026,7,-4.754,5,20,0.77,331 334 335 337 338,True,3.66,3.61
XL20,union medida,"union_directa (SPR + CETSA, dependiente del Trp334)",26,334,6,2026,8,-4.752,5,14,0.54,331 334 335 338 342,True,4.7,3.54
XL20,union medida,"union_directa (SPR + CETSA, dependiente del Trp334)",26,334,6,2026,9,-4.617,5,18,0.69,326 327 330 331 334,True,3.75,3.48
XL20,union medida,"union_directa (SPR + CETSA, dependiente del Trp334)",26,334,6,777,1,-5.694,5,18,0.69,331 334 335 338 342,True,3.72,3.48
XL20,union medida,"union_directa (SPR + CETSA, dependiente del Trp334)",26,334,6,777,2,-5.68,6,18,0.69,331 334 335 337 338 342,True,4.66,3.65
XL20,union medida,"union_directa (SPR + CETSA, dependiente del Trp334)",26,334,6,777,3,-5.599,5,17,0.65,326 327 330 331 334,True,3.68,3.62
XL20,union medida,"union_directa (SPR + CETSA, dependiente del Trp334)",26,334,6,777,4,-5.367,5,16,0.62,326 327 330 331 334,True,3.69,3.62
XL20,union medida,"union_directa (SPR + CETSA, dependiente del Trp334)",26,334,6,777,5,-5.341,4,16,0.62,327 330 331 334,True,3.64,3.57
XL20,union medida,"union_directa (SPR + CETSA, dependiente del Trp334)",26,334,6,777,6,-5.321,5,16,0.62,326 327 330 331 334,True,3.7,3.53
XL20,union medida,"union_directa (SPR + CETSA, dependiente del Trp334)",26,334,6,777,7,-5.065,4,18,0.69,327 330 331 334,True,3.68,3.51
XL20,union medida,"union_directa (SPR + CETSA, dependiente del Trp334)",26,334,6,777,8,-4.945,4,12,0.46,327 330 331 334,True,3.62,3.58
XL20,union medida,"union_directa (SPR + CETSA, dependiente del Trp334)",26,334,6,777,9,-4.864,5,16,0.62,326 327 330 331 334,True,3.75,3.65
XL21,inhibe la agregacion,inhibe la agregacion del LCD in vitro a 100 uM; sin union medida,23,334,1,42,1,-4.86,8,15,0.65,331 334 335 337 338 341 342 346,True,5.29,3.67
XL21,inhibe la agregacion,inhibe la agregacion del LCD in vitro a 100 uM; sin union medida,23,334,1,42,2,-4.694,6,19,0.83,330 331 334 335 338 342,True,3.69,3.55
XL21,inhibe la agregacion,inhibe la agregacion del LCD in vitro a 100 uM; sin union medida,23,334,1,42,3,-4.645,6,16,0.7,331 334 335 338 342 346,True,4.68,3.57
XL21,inhibe la agregacion,inhibe la agregacion del LCD in vitro a 100 uM; sin union medida,23,334,1,42,4,-4.532,8,15,0.65,331 334 335 337 338 341 342 346,True,3.62,3.62
XL21,inhibe la agregacion,inhibe la agregacion del LCD in vitro a 100 uM; sin union medida,23,334,1,42,5,-4.507,7,13,0.57,307 326 327 330 331 333 334,True,5.17,3.29
XL21,inhibe la agregacion,inhibe la agregacion del LCD in vitro a 100 uM; sin union medida,23,334,1,42,6,-4.461,7,18,0.78,331 334 335 337 338 342 346,True,3.56,3.47
XL21,inhibe la agregacion,inhibe la agregacion del LCD in vitro a 100 uM; sin union medida,23,334,1,42,7,-4.392,7,16,0.7,307 326 327 330 331 333 334,True,3.45,3.51
XL21,inhibe la agregacion,inhibe la agregacion del LCD in vitro a 100 uM; sin union medida,23,334,1,42,8,-4.379,6,16,0.7,327 330 331 334 335 338,True,3.76,3.45
XL21,inhibe la agregacion,inhibe la agregacion del LCD in vitro a 100 uM; sin union medida,23,334,1,42,9,-4.271,5,18,0.78,326 327 330 331 334,True,3.68,3.37
XL21,inhibe la agregacion,inhibe la agregacion del LCD in vitro a 100 uM; sin union medida,23,334,1,2026,1,-5.023,8,15,0.65,331 334 335 337 338 341 342 346,True,5.38,3.76
XL21,inhibe la agregacion,inhibe la agregacion del LCD in vitro a 100 uM; sin union medida,23,334,1,2026,2,-4.783,6,15,0.65,331 334 335 338 342 346,True,4.51,3.54
XL21,inhibe la agregacion,inhibe la agregacion del LCD in vitro a 100 uM; sin union medida,23,334,1,2026,3,-4.717,8,20,0.87,331 334 335 338 339 341 342 346,True,3.88,3.41
XL21,inhibe la agregacion,inhibe la agregacion del LCD in vitro a 100 uM; sin union medida,23,334,1,2026,4,-4.716,6,21,0.91,327 331 334 335 338 339,True,3.56,3.3
XL21,inhibe la agregacion,inhibe la agregacion del LCD in vitro a 100 uM; sin union medida,23,334,1,2026,5,-4.621,7,15,0.65,307 326 327 330 331 333 334,True,4.37,3.38
XL21,inhibe la agregacion,inhibe la agregacion del LCD in vitro a 100 uM; sin union medida,23,334,1,2026,6,-4.598,6,16,0.7,326 327 330 331 333 334,True,3.67,3.61
XL21,inhibe la agregacion,inhibe la agregacion del LCD in vitro a 100 uM; sin union medida,23,334,1,2026,7,-4.534,5,18,0.78,326 327 330 331 334,True,3.72,3.54
XL21,inhibe la agregacion,inhibe la agregacion del LCD in vitro a 100 uM; sin union medida,23,334,1,2026,8,-4.514,5,19,0.83,326 327 330 331 334,True,3.7,3.4
XL21,inhibe la agregacion,inhibe la agregacion del LCD in vitro a 100 uM; sin union medida,23,334,1,2026,9,-4.471,5,18,0.78,326 327 330 331 334,True,3.81,3.42
XL21,inhibe la agregacion,inhibe la agregacion del LCD in vitro a 100 uM; sin union medida,23,334,1,777,1,-4.702,8,16,0.7,331 334 335 337 338 341 342 346,True,5.28,3.68
XL21,inhibe la agregacion,inhibe la agregacion del LCD in vitro a 100 uM; sin union medida,23,334,1,777,2,-4.616,5,18,0.78,331 334 335 338 342,True,3.58,3.41
XL21,inhibe la agregacion,inhibe la agregacion del LCD in vitro a 100 uM; sin union medida,23,334,1,777,3,-4.458,6,16,0.7,331 334 335 338 342 346,True,4.18,3.48
XL21,inhibe la agregacion,inhibe la agregacion del LCD in vitro a 100 uM; sin union medida,23,334,1,777,4,-4.376,5,18,0.78,331 334 335 338 342,True,3.57,3.33
XL21,inhibe la agregacion,inhibe la agregacion del LCD in vitro a 100 uM; sin union medida,23,334,1,777,5,-4.251,5,17,0.74,327 331 334 335 338,True,4.33,3.69
XL21,inhibe la agregacion,inhibe la agregacion del LCD in vitro a 100 uM; sin union medida,23,334,1,777,6,-4.237,9,17,0.74,331 334 335 337 338 339 341 342 346,True,5.31,3.62
XL21,inhibe la agregacion,inhibe la agregacion del LCD in vitro a 100 uM; sin union medida,23,334,1,777,7,-4.207,9,17,0.74,331 332 334 335 337 338 339 342 346,True,5.08,3.44
XL21,inhibe la agregacion,inhibe la agregacion del LCD in vitro a 100 uM; sin union medida,23,334,1,777,8,-4.203,5,17,0.74,326 327 330 331 334,True,3.6,3.28
XL21,inhibe la agregacion,inhibe la agregacion del LCD in vitro a 100 uM; sin union medida,23,334,1,777,9,-4.049,6,12,0.52,331 334 335 338 341 342,True,3.56,3.6
XL21,inhibe la agregacion,inhibe la agregacion del LCD in vitro a 100 uM; sin union medida,23,334,2,42,1,-4.812,8,14,0.61,313 314 318 323 324 327 331 334,True,5.11,3.52
XL21,inhibe la agregacion,inhibe la agregacion del LCD in vitro a 100 uM; sin union medida,23,334,2,42,2,-4.465,7,14,0.61,313 314 318 323 324 327 331,False,6.8,5.92
XL21,inhibe la agregacion,inhibe la agregacion del LCD in vitro a 100 uM; sin union medida,23,334,2,42,3,-4.368,7,18,0.78,327 330 331 334 335 338 342,True,3.51,3.51
XL21,inhibe la agregacion,inhibe la agregacion del LCD in vitro a 100 uM; sin union medida,23,334,2,42,4,-4.234,6,16,0.7,331 334 335 338 339 342,True,3.45,3.41
XL21,inhibe la agregacion,inhibe la agregacion del LCD in vitro a 100 uM; sin union medida,23,334,2,42,5,-4.234,6,16,0.7,326 327 330 331 334 335,True,3.59,3.55
XL21,inhibe la agregacion,inhibe la agregacion del LCD in vitro a 100 uM; sin union medida,23,334,2,42,6,-4.23,6,17,0.74,327 331 334 335 338 342,True,4.75,3.54
XL21,inhibe la agregacion,inhibe la agregacion del LCD in vitro a 100 uM; sin union medida,23,334,2,42,7,-4.211,6,14,0.61,326 327 331 334 335 338,True,3.74,3.41
XL21,inhibe la agregacion,inhibe la agregacion del LCD in vitro a 100 uM; sin union medida,23,334,2,42,8,-4.203,6,16,0.7,331 334 335 338 339 342,True,3.84,3.73
XL21,inhibe la agregacion,inhibe la agregacion del LCD in vitro a 100 uM; sin union medida,23,334,2,42,9,-4.068,8,16,0.7,331 334 335 337 338 339 341 342,True,3.59,3.12
XL21,inhibe la agregacion,inhibe la agregacion del LCD in vitro a 100 uM; sin union medida,23,334,2,2026,1,-5.229,8,14,0.61,313 314 318 323 324 327 331 334,True,5.12,3.5
XL21,inhibe la agregacion,inhibe la agregacion del LCD in vitro a 100 uM; sin union medida,23,334,2,2026,2,-4.986,5,15,0.65,311 313 318 327 331,False,6.72,4.51
XL21,inhibe la agregacion,inhibe la agregacion del LCD in vitro a 100 uM; sin union medida,23,334,2,2026,3,-4.905,8,18,0.78,313 314 318 323 324 327 331 334,True,5.08,3.65
XL21,inhibe la agregacion,inhibe la agregacion del LCD in vitro a 100 uM; sin union medida,23,334,2,2026,4,-4.811,6,12,0.52,334 337 338 339 341 342,True,5.6,3.98
XL21,inhibe la agregacion,inhibe la agregacion del LCD in vitro a 100 uM; sin union medida,23,334,2,2026,5,-4.805,7,15,0.65,313 314 318 323 324 327 331,False,7.08,5.39
XL21,inhibe la agregacion,inhibe la agregacion del LCD in vitro a 100 uM; sin union medida,23,334,2,2026,6,-4.675,6,16,0.7,326 327 330 331 334 335,True,3.62,3.55
XL21,inhibe la agregacion,inhibe la agregacion del LCD in vitro a 100 uM; sin union medida,23,334,2,2026,7,-4.66,6,18,0.78,334 337 338 341 342 346,True,3.47,3.28
XL21,inhibe la agregacion,inhibe la agregacion del LCD in vitro a 100 uM; sin union medida,23,334,2,2026,8,-4.642,4,16,0.7,327 330 331 334,True,3.47,3.47
XL21,inhibe la agregacion,inhibe la agregacion del LCD in vitro a 100 uM; sin union medida,23,334,2,2026,9,-4.597,6,16,0.7,331 334 335 338 339 342,True,3.76,3.69
XL21,inhibe la agregacion,inhibe la agregacion del LCD in vitro a 100 uM; sin union medida,23,334,2,777,1,-4.651,8,14,0.61,313 314 318 323 324 327 331 334,True,5.11,3.51
XL21,inhibe la agregacion,inhibe la agregacion del LCD in vitro a 100 uM; sin union medida,23,334,2,777,2,-4.362,6,17,0.74,334 337 338 341 342 346,True,3.43,3.25
XL21,inhibe la agregacion,inhibe la agregacion del LCD in vitro a 100 uM; sin union medida,23,334,2,777,3,-4.337,5,14,0.61,311 313 318 327 331,False,6.62,4.41
XL21,inhibe la agregacion,inhibe la agregacion del LCD in vitro a 100 uM; sin union medida,23,334,2,777,4,-4.264,6,17,0.74,327 331 334 335 338 342,True,4.52,3.64
XL21,inhibe la agregacion,inhibe la agregacion del LCD in vitro a 100 uM; sin union medida,23,334,2,777,5,-4.196,8,19,0.83,313 314 318 323 324 327 331 334,True,4.94,3.66
XL21,inhibe la agregacion,inhibe la agregacion del LCD in vitro a 100 uM; sin union medida,23,334,2,777,6,-4.138,6,15,0.65,331 334 335 338 339 342,True,5.31,4.17
XL21,inhibe la agregacion,inhibe la agregacion del LCD in vitro a 100 uM; sin union medida,23,334,2,777,7,-4.107,6,22,0.96,326 327 330 331 333 334,True,3.55,3.5
XL21,inhibe la agregacion,inhibe la agregacion del LCD in vitro a 100 uM; sin union medida,23,334,2,777,8,-4.071,7,16,0.7,326 327 330 331 334 335 338,True,3.85,3.22
XL21,inhibe la agregacion,inhibe la agregacion del LCD in vitro a 100 uM; sin union medida,23,334,2,777,9,-4.028,7,17,0.74,334 335 337 338 339 341 342,True,3.67,3.21
XL21,inhibe la agregacion,inhibe la agregacion del LCD in vitro a 100 uM; sin union medida,23,334,3,42,1,-5.667,10,15,0.65,311 312 313 314 318 323 324 327 328 331,False,7.61,5.59
XL21,inhibe la agregacion,inhibe la agregacion del LCD in vitro a 100 uM; sin union medida,23,334,3,42,2,-5.321,10,14,0.61,311 312 313 314 318 323 324 327 328 331,False,10.19,8.92
XL21,inhibe la agregacion,inhibe la agregacion del LCD in vitro a 100 uM; sin union medida,23,334,3,42,3,-5.163,9,16,0.7,311 312 313 314 323 324 327 328 331,False,8.56,6.96
XL21,inhibe la agregacion,inhibe la agregacion del LCD in vitro a 100 uM; sin union medida,23,334,3,42,4,-5.122,9,14,0.61,311 312 313 314 318 323 324 327 331,False,9.46,7.85
XL21,inhibe la agregacion,inhibe la agregacion del LCD in vitro a 100 uM; sin union medida,23,334,3,42,5,-5.111,10,12,0.52,311 312 313 314 318 323 324 327 328 331,False,10.39,9.64
XL21,inhibe la agregacion,inhibe la agregacion del LCD in vitro a 100 uM; sin union medida,23,334,3,42,6,-5.002,9,14,0.61,311 312 313 318 323 324 327 328 331,False,8.82,7.17
XL21,inhibe la agregacion,inhibe la agregacion del LCD in vitro a 100 uM; sin union medida,23,334,3,42,7,-4.94,10,15,0.65,311 312 313 314 318 323 327 330 331 334,True,5.59,3.62
XL21,inhibe la agregacion,inhibe la agregacion del LCD in vitro a 100 uM; sin union medida,23,334,3,42,8,-4.91,6,16,0.7,326 327 330 331 333 334,True,3.65,3.23
XL21,inhibe la agregacion,inhibe la agregacion del LCD in vitro a 100 uM; sin union medida,23,334,3,42,9,-4.836,7,13,0.57,331 334 335 337 338 339 342,True,3.55,3.35
XL21,inhibe la agregacion,inhibe la agregacion del LCD in vitro a 100 uM; sin union medida,23,334,3,2026,1,-5.125,10,11,0.48,311 312 313 314 318 323 324 327 328 331,False,8.94,7.21
XL21,inhibe la agregacion,inhibe la agregacion del LCD in vitro a 100 uM; sin union medida,23,334,3,2026,2,-4.987,10,14,0.61,311 312 313 314 318 323 324 327 328 331,False,9.73,8.94
XL21,inhibe la agregacion,inhibe la agregacion del LCD in vitro a 100 uM; sin union medida,23,334,3,2026,3,-4.928,9,16,0.7,311 312 313 314 323 324 327 328 331,False,8.17,6.32
XL21,inhibe la agregacion,inhibe la agregacion del LCD in vitro a 100 uM; sin union medida,23,334,3,2026,4,-4.816,10,10,0.43,311 312 313 314 318 323 324 327 328 331,False,8.38,6.73
XL21,inhibe la agregacion,inhibe la agregacion del LCD in vitro a 100 uM; sin union medida,23,334,3,2026,5,-4.633,8,18,0.78,313 314 323 324 327 330 331 334,True,5.29,3.68
XL21,inhibe la agregacion,inhibe la agregacion del LCD in vitro a 100 uM; sin union medida,23,334,3,2026,6,-4.62,7,19,0.83,307 326 327 330 331 333 334,True,3.6,3.49
XL21,inhibe la agregacion,inhibe la agregacion del LCD in vitro a 100 uM; sin union medida,23,334,3,2026,7,-4.619,6,21,0.91,307 326 327 330 331 334,True,3.75,3.43
XL21,inhibe la agregacion,inhibe la agregacion del LCD in vitro a 100 uM; sin union medida,23,334,3,2026,8,-4.571,8,17,0.74,331 334 335 337 338 339 341 342,True,3.7,3.53
XL21,inhibe la agregacion,inhibe la agregacion del LCD in vitro a 100 uM; sin union medida,23,334,3,777,1,-5.367,10,14,0.61,311 312 313 314 318 323 324 327 328 331,False,7.58,5.54
XL21,inhibe la agregacion,inhibe la agregacion del LCD in vitro a 100 uM; sin union medida,23,334,3,777,2,-4.972,10,14,0.61,311 312 313 314 318 323 324 327 328 331,False,9.92,8.96
XL21,inhibe la agregacion,inhibe la agregacion del LCD in vitro a 100 uM; sin union medida,23,334,3,777,3,-4.899,9,16,0.7,311 312 313 314 323 324 327 328 331,False,8.15,6.29
XL21,inhibe la agregacion,inhibe la agregacion del LCD in vitro a 100 uM; sin union medida,23,334,3,777,4,-4.707,10,17,0.74,311 312 313 314 318 323 327 330 331 334,True,5.62,3.61
XL21,inhibe la agregacion,inhibe la agregacion del LCD in vitro a 100 uM; sin union medida,23,334,3,777,5,-4.647,9,13,0.57,311 312 313 314 323 324 327 328 331,False,7.76,5.74
XL21,inhibe la agregacion,inhibe la agregacion del LCD in vitro a 100 uM; sin union medida,23,334,3,777,6,-4.545,9,15,0.65,311 312 313 314 323 324 327 328 331,False,10.02,9.03
XL21,inhibe la agregacion,inhibe la agregacion del LCD in vitro a 100 uM; sin union medida,23,334,3,777,7,-4.503,9,11,0.48,311 312 313 314 318 323 324 327 331,False,8.37,6.84
XL21,inhibe la agregacion,inhibe la agregacion del LCD in vitro a 100 uM; sin union medida,23,334,3,777,8,-4.489,5,21,0.91,307 327 330 331 334,True,3.71,3.41
XL21,inhibe la agregacion,inhibe la agregacion del LCD in vitro a 100 uM; sin union medida,23,334,3,777,9,-4.472,9,17,0.74,312 313 314 323 326 327 330 331 334,True,5.81,3.68
XL21,inhibe la agregacion,inhibe la agregacion del LCD in vitro a 100 uM; sin union medida,23,334,4,42,1,-5.414,9,16,0.7,328 331 332 334 335 338 347 348 349,True,3.89,3.55
XL21,inhibe la agregacion,inhibe la agregacion del LCD in vitro a 100 uM; sin union medida,23,334,4,42,2,-5.36,8,17,0.74,331 334 335 337 338 341 347 349,True,3.75,3.14
XL21,inhibe la agregacion,inhibe la agregacion del LCD in vitro a 100 uM; sin union medida,23,334,4,42,3,-5.147,9,15,0.65,328 331 332 334 335 338 347 348 349,True,5.21,3.73
XL21,inhibe la agregacion,inhibe la agregacion del LCD in vitro a 100 uM; sin union medida,23,334,4,42,4,-5.039,9,18,0.78,331 334 335 337 338 339 341 347 349,True,3.76,3.68
XL21,inhibe la agregacion,inhibe la agregacion del LCD in vitro a 100 uM; sin union medida,23,334,4,42,5,-4.963,8,15,0.65,334 335 337 338 339 341 347 349,True,3.68,3.02
XL21,inhibe la agregacion,inhibe la agregacion del LCD in vitro a 100 uM; sin union medida,23,334,4,42,6,-4.838,9,17,0.74,331 334 335 337 338 341 347 348 349,True,3.52,2.98
XL21,inhibe la agregacion,inhibe la agregacion del LCD in vitro a 100 uM; sin union medida,23,334,4,42,7,-4.811,8,18,0.78,331 334 335 337 338 341 347 349,True,4.85,3.49
XL21,inhibe la agregacion,inhibe la agregacion del LCD in vitro a 100 uM; sin union medida,23,334,4,42,8,-4.786,6,17,0.74,331 334 335 337 338 349,True,3.58,3.18
XL21,inhibe la agregacion,inhibe la agregacion del LCD in vitro a 100 uM; sin union medida,23,334,4,42,9,-4.739,7,18,0.78,331 332 334 335 338 339 349,True,6.1,3.82
XL21,inhibe la agregacion,inhibe la agregacion del LCD in vitro a 100 uM; sin union medida,23,334,4,2026,1,-5.708,8,18,0.78,328 331 332 334 335 338 347 348,True,3.87,3.51
XL21,inhibe la agregacion,inhibe la agregacion del LCD in vitro a 100 uM; sin union medida,23,334,4,2026,2,-5.495,8,17,0.74,331 334 335 337 338 341 347 349,True,3.73,3.13
XL21,inhibe la agregacion,inhibe la agregacion del LCD in vitro a 100 uM; sin union medida,23,334,4,2026,3,-5.339,8,16,0.7,331 334 335 337 338 341 347 349,True,3.81,3.6
XL21,inhibe la agregacion,inhibe la agregacion del LCD in vitro a 100 uM; sin union medida,23,334,4,2026,4,-5.315,8,17,0.74,331 334 335 337 338 341 347 349,True,3.76,3.17
XL21,inhibe la agregacion,inhibe la agregacion del LCD in vitro a 100 uM; sin union medida,23,334,4,2026,5,-5.296,8,16,0.7,328 331 332 334 335 338 347 349,True,4.76,3.8
XL21,inhibe la agregacion,inhibe la agregacion del LCD in vitro a 100 uM; sin union medida,23,334,4,2026,6,-5.24,8,12,0.52,328 331 332 334 335 338 347 348,True,6.89,5.12
XL21,inhibe la agregacion,inhibe la agregacion del LCD in vitro a 100 uM; sin union medida,23,334,4,2026,7,-5.208,7,15,0.65,331 332 334 335 338 347 349,True,4.97,3.67
XL21,inhibe la agregacion,inhibe la agregacion del LCD in vitro a 100 uM; sin union medida,23,334,4,2026,8,-5.154,8,15,0.65,331 334 335 337 338 347 348 349,True,3.72,3.1
XL21,inhibe la agregacion,inhibe la agregacion del LCD in vitro a 100 uM; sin union medida,23,334,4,2026,9,-5.134,8,17,0.74,334 335 337 338 341 347 348 349,True,3.5,2.99
XL21,inhibe la agregacion,inhibe la agregacion del LCD in vitro a 100 uM; sin union medida,23,334,4,777,1,-5.572,8,16,0.7,328 331 332 334 335 338 347 348,True,3.9,3.49
XL21,inhibe la agregacion,inhibe la agregacion del LCD in vitro a 100 uM; sin union medida,23,334,4,777,2,-5.178,9,18,0.78,331 334 335 337 338 339 341 347 349,True,3.79,3.69
XL21,inhibe la agregacion,inhibe la agregacion del LCD in vitro a 100 uM; sin union medida,23,334,4,777,3,-5.157,8,19,0.83,331 334 335 337 338 341 347 349,True,4.46,3.51
XL21,inhibe la agregacion,inhibe la agregacion del LCD in vitro a 100 uM; sin union medida,23,334,4,777,4,-5.139,7,16,0.7,328 331 332 334 335 338 349,True,5.62,4.04
XL21,inhibe la agregacion,inhibe la agregacion del LCD in vitro a 100 uM; sin union medida,23,334,4,777,5,-5.126,8,14,0.61,328 331 332 334 335 338 347 349,True,4.82,3.67
XL21,inhibe la agregacion,inhibe la agregacion del LCD in vitro a 100 uM; sin union medida,23,334,4,777,6,-5.096,9,18,0.78,331 334 335 337 338 341 347 348 349,True,3.57,3.55
XL21,inhibe la agregacion,inhibe la agregacion del LCD in vitro a 100 uM; sin union medida,23,334,4,777,7,-5.074,7,18,0.78,334 335 337 338 341 347 349,True,3.48,3.38
XL21,inhibe la agregacion,inhibe la agregacion del LCD in vitro a 100 uM; sin union medida,23,334,4,777,8,-4.999,8,15,0.65,334 335 337 338 339 341 347 349,True,3.87,2.99
XL21,inhibe la agregacion,inhibe la agregacion del LCD in vitro a 100 uM; sin union medida,23,334,4,777,9,-4.991,8,14,0.61,331 334 335 337 338 347 348 349,True,4.41,3.49
XL21,inhibe la agregacion,inhibe la agregacion del LCD in vitro a 100 uM; sin union medida,23,334,5,42,1,-5.277,8,18,0.78,328 331 332 334 335 337 338 349,True,5.39,4.13
XL21,inhibe la agregacion,inhibe la agregacion del LCD in vitro a 100 uM; sin union medida,23,334,5,42,2,-5.258,8,20,0.87,331 334 335 337 338 341 347 349,True,5.12,3.73
XL21,inhibe la agregacion,inhibe la agregacion del LCD in vitro a 100 uM; sin union medida,23,334,5,42,3,-5.078,8,17,0.74,331 334 335 337 338 341 347 349,True,3.74,3.44
XL21,inhibe la agregacion,inhibe la agregacion del LCD in vitro a 100 uM; sin union medida,23,334,5,42,4,-5.026,9,16,0.7,331 334 335 338 341 342 347 348 349,True,4.81,3.58
XL21,inhibe la agregacion,inhibe la agregacion del LCD in vitro a 100 uM; sin union medida,23,334,5,42,5,-4.971,8,20,0.87,331 334 335 337 338 341 347 349,True,3.75,3.14
XL21,inhibe la agregacion,inhibe la agregacion del LCD in vitro a 100 uM; sin union medida,23,334,5,42,6,-4.87,7,14,0.61,331 332 334 335 338 339 349,True,4.72,3.55
XL21,inhibe la agregacion,inhibe la agregacion del LCD in vitro a 100 uM; sin union medida,23,334,5,42,7,-4.84,6,12,0.52,331 334 335 338 339 349,True,4.84,3.5
XL21,inhibe la agregacion,inhibe la agregacion del LCD in vitro a 100 uM; sin union medida,23,334,5,42,8,-4.786,6,12,0.52,334 335 337 338 341 349,True,3.55,3.39
XL21,inhibe la agregacion,inhibe la agregacion del LCD in vitro a 100 uM; sin union medida,23,334,5,42,9,-4.705,8,16,0.7,331 334 335 337 338 341 347 349,True,5.21,3.45
XL21,inhibe la agregacion,inhibe la agregacion del LCD in vitro a 100 uM; sin union medida,23,334,5,2026,1,-5.319,8,18,0.78,328 331 332 334 335 337 338 349,True,5.24,3.96
XL21,inhibe la agregacion,inhibe la agregacion del LCD in vitro a 100 uM; sin union medida,23,334,5,2026,2,-5.215,8,20,0.87,331 334 335 337 338 341 347 349,True,5.13,3.73
XL21,inhibe la agregacion,inhibe la agregacion del LCD in vitro a 100 uM; sin union medida,23,334,5,2026,3,-5.156,7,16,0.7,328 331 332 334 335 339 349,True,4.71,3.42
XL21,inhibe la agregacion,inhibe la agregacion del LCD in vitro a 100 uM; sin union medida,23,334,5,2026,4,-5.074,7,16,0.7,331 334 335 338 341 347 349,True,3.77,3.49
XL21,inhibe la agregacion,inhibe la agregacion del LCD in vitro a 100 uM; sin union medida,23,334,5,2026,5,-4.982,8,21,0.91,331 334 335 337 338 341 347 349,True,4.43,3.45
XL21,inhibe la agregacion,inhibe la agregacion del LCD in vitro a 100 uM; sin union medida,23,334,5,2026,6,-4.942,7,17,0.74,331 334 335 337 338 341 349,True,4.81,3.45
XL21,inhibe la agregacion,inhibe la agregacion del LCD in vitro a 100 uM; sin union medida,23,334,5,2026,7,-4.882,6,18,0.78,328 331 332 334 335 349,True,3.94,3.39
XL21,inhibe la agregacion,inhibe la agregacion del LCD in vitro a 100 uM; sin union medida,23,334,5,2026,8,-4.797,7,20,0.87,331 334 335 338 339 347 349,True,3.84,3.4
XL21,inhibe la agregacion,inhibe la agregacion del LCD in vitro a 100 uM; sin union medida,23,334,5,2026,9,-4.793,6,16,0.7,328 331 334 335 338 349,True,3.53,3.17
XL21,inhibe la agregacion,inhibe la agregacion del LCD in vitro a 100 uM; sin union medida,23,334,5,777,1,-5.254,8,18,0.78,328 331 332 334 335 337 338 349,True,5.32,3.98
XL21,inhibe la agregacion,inhibe la agregacion del LCD in vitro a 100 uM; sin union medida,23,334,5,777,2,-5.223,8,20,0.87,331 334 335 337 338 341 347 349,True,5.11,3.73
XL21,inhibe la agregacion,inhibe la agregacion del LCD in vitro a 100 uM; sin union medida,23,334,5,777,3,-4.995,8,14,0.61,331 334 335 337 338 341 347 349,True,3.36,3.38
XL21,inhibe la agregacion,inhibe la agregacion del LCD in vitro a 100 uM; sin union medida,23,334,5,777,4,-4.989,7,16,0.7,328 331 332 334 335 339 349,True,4.85,3.53
XL21,inhibe la agregacion,inhibe la agregacion del LCD in vitro a 100 uM; sin union medida,23,334,5,777,5,-4.939,8,16,0.7,331 334 335 337 338 341 347 349,True,3.82,3.08
XL21,inhibe la agregacion,inhibe la agregacion del LCD in vitro a 100 uM; sin union medida,23,334,5,777,6,-4.897,8,14,0.61,331 334 335 337 338 341 347 349,True,5.21,3.56
XL21,inhibe la agregacion,inhibe la agregacion del LCD in vitro a 100 uM; sin union medida,23,334,5,777,7,-4.85,7,17,0.74,331 332 334 335 338 339 349,True,4.58,3.64
XL21,inhibe la agregacion,inhibe la agregacion del LCD in vitro a 100 uM; sin union medida,23,334,5,777,8,-4.795,8,17,0.74,331 334 335 337 338 341 347 349,True,4.69,3.46
XL21,inhibe la agregacion,inhibe la agregacion del LCD in vitro a 100 uM; sin union medida,23,334,5,777,9,-4.68,8,18,0.78,331 334 335 337 338 341 347 349,True,4.24,3.59
XL21,inhibe la agregacion,inhibe la agregacion del LCD in vitro a 100 uM; sin union medida,23,334,6,42,1,-4.892,8,17,0.74,313 324 327 328 331 332 335 339,False,9.39,8.25
XL21,inhibe la agregacion,inhibe la agregacion del LCD in vitro a 100 uM; sin union medida,23,334,6,42,2,-4.672,5,21,0.91,326 327 330 331 334,True,3.52,3.08
XL21,inhibe la agregacion,inhibe la agregacion del LCD in vitro a 100 uM; sin union medida,23,334,6,42,3,-4.478,6,20,0.87,323 326 327 330 331 334,True,3.61,3.29
XL21,inhibe la agregacion,inhibe la agregacion del LCD in vitro a 100 uM; sin union medida,23,334,6,42,4,-4.472,6,16,0.7,327 331 334 335 338 342,True,3.84,3.57
XL21,inhibe la agregacion,inhibe la agregacion del LCD in vitro a 100 uM; sin union medida,23,334,6,42,5,-4.466,6,15,0.65,331 334 335 338 339 342,True,4.57,3.59
XL21,inhibe la agregacion,inhibe la agregacion del LCD in vitro a 100 uM; sin union medida,23,334,6,42,6,-4.421,6,17,0.74,331 334 335 338 339 342,True,3.66,3.3
XL21,inhibe la agregacion,inhibe la agregacion del LCD in vitro a 100 uM; sin union medida,23,334,6,42,7,-4.353,7,18,0.78,326 327 330 331 333 334 337,True,4.19,3.58
XL21,inhibe la agregacion,inhibe la agregacion del LCD in vitro a 100 uM; sin union medida,23,334,6,42,8,-4.299,8,15,0.65,331 334 335 337 338 339 341 342,True,4.48,3.47
XL21,inhibe la agregacion,inhibe la agregacion del LCD in vitro a 100 uM; sin union medida,23,334,6,42,9,-4.285,7,18,0.78,327 330 331 334 335 338 339,True,4.0,3.68
XL21,inhibe la agregacion,inhibe la agregacion del LCD in vitro a 100 uM; sin union medida,23,334,6,2026,1,-4.69,7,13,0.57,313 324 327 328 331 332 335,False,8.33,7.14
XL21,inhibe la agregacion,inhibe la agregacion del LCD in vitro a 100 uM; sin union medida,23,334,6,2026,2,-4.544,6,17,0.74,334 337 338 339 341 342,True,4.41,3.63
XL21,inhibe la agregacion,inhibe la agregacion del LCD in vitro a 100 uM; sin union medida,23,334,6,2026,3,-4.533,5,21,0.91,326 327 330 331 334,True,3.52,3.11
XL21,inhibe la agregacion,inhibe la agregacion del LCD in vitro a 100 uM; sin union medida,23,334,6,2026,4,-4.521,7,18,0.78,327 330 331 334 335 338 342,True,3.57,3.45
XL21,inhibe la agregacion,inhibe la agregacion del LCD in vitro a 100 uM; sin union medida,23,334,6,2026,5,-4.329,7,16,0.7,334 335 337 338 339 341 342,True,6.18,4.78
XL21,inhibe la agregacion,inhibe la agregacion del LCD in vitro a 100 uM; sin union medida,23,334,6,2026,6,-4.319,6,15,0.65,327 331 334 335 338 342,True,4.76,3.65
XL21,inhibe la agregacion,inhibe la agregacion del LCD in vitro a 100 uM; sin union medida,23,334,6,2026,7,-4.313,6,18,0.78,323 326 327 330 331 334,True,3.61,3.4
XL21,inhibe la agregacion,inhibe la agregacion del LCD in vitro a 100 uM; sin union medida,23,334,6,2026,8,-4.256,5,20,0.87,326 327 330 331 334,True,3.64,3.36
XL21,inhibe la agregacion,inhibe la agregacion del LCD in vitro a 100 uM; sin union medida,23,334,6,2026,9,-4.22,6,17,0.74,331 334 335 337 338 339,True,3.47,3.5
XL21,inhibe la agregacion,inhibe la agregacion del LCD in vitro a 100 uM; sin union medida,23,334,6,777,1,-4.721,7,12,0.52,313 324 327 328 331 332 335,False,8.77,7.49
XL21,inhibe la agregacion,inhibe la agregacion del LCD in vitro a 100 uM; sin union medida,23,334,6,777,2,-4.567,7,13,0.57,313 324 327 328 331 332 335,False,6.99,5.45
XL21,inhibe la agregacion,inhibe la agregacion del LCD in vitro a 100 uM; sin union medida,23,334,6,777,3,-4.527,5,21,0.91,326 327 330 331 334,True,3.53,3.1
XL21,inhibe la agregacion,inhibe la agregacion del LCD in vitro a 100 uM; sin union medida,23,334,6,777,4,-4.508,8,17,0.74,331 334 335 337 338 339 341 342,True,4.44,3.67
XL21,inhibe la agregacion,inhibe la agregacion del LCD in vitro a 100 uM; sin union medida,23,334,6,777,5,-4.411,7,18,0.78,327 330 331 334 335 338 342,True,3.57,3.43
XL21,inhibe la agregacion,inhibe la agregacion del LCD in vitro a 100 uM; sin union medida,23,334,6,777,6,-4.405,5,18,0.78,327 331 334 335 338,True,4.23,3.65
XL21,inhibe la agregacion,inhibe la agregacion del LCD in vitro a 100 uM; sin union medida,23,334,6,777,7,-4.348,6,14,0.61,331 334 335 338 339 342,True,4.63,3.5
XL21,inhibe la agregacion,inhibe la agregacion del LCD in vitro a 100 uM; sin union medida,23,334,6,777,8,-4.313,6,15,0.65,331 334 335 338 339 342,True,4.49,3.72
XL21,inhibe la agregacion,inhibe la agregacion del LCD in vitro a 100 uM; sin union medida,23,334,6,777,9,-4.262,6,18,0.78,323 326 327 330 331 334,True,3.62,3.25
XL23,inhibe la agregacion,inhibe la agregacion del LCD in vitro a 100 uM; sin union medida,34,334,1,42,1,-5.729,8,25,0.74,327 331 334 335 337 338 342 346,True,3.42,3.15
XL23,inhibe la agregacion,inhibe la agregacion del LCD in vitro a 100 uM; sin union medida,34,334,1,42,2,-5.728,7,22,0.65,326 327 330 331 333 334 337,True,5.02,3.64
XL23,inhibe la agregacion,inhibe la agregacion del LCD in vitro a 100 uM; sin union medida,34,334,1,42,3,-5.682,8,22,0.65,327 330 331 334 335 338 339 342,True,4.39,3.33
XL23,inhibe la agregacion,inhibe la agregacion del LCD in vitro a 100 uM; sin union medida,34,334,1,42,4,-5.668,8,26,0.76,331 334 335 337 338 339 342 346,True,3.7,3.55
XL23,inhibe la agregacion,inhibe la agregacion del LCD in vitro a 100 uM; sin union medida,34,334,1,42,5,-5.632,6,23,0.68,327 329 330 331 333 334,True,3.59,3.1
XL23,inhibe la agregacion,inhibe la agregacion del LCD in vitro a 100 uM; sin union medida,34,334,1,42,6,-5.558,6,24,0.71,327 330 331 333 334 337,True,4.79,3.56
XL23,inhibe la agregacion,inhibe la agregacion del LCD in vitro a 100 uM; sin union medida,34,334,1,42,7,-5.484,7,26,0.76,307 323 326 327 330 331 334,True,3.84,3.59
XL23,inhibe la agregacion,inhibe la agregacion del LCD in vitro a 100 uM; sin union medida,34,334,1,42,8,-5.418,7,23,0.68,327 330 331 334 335 338 342,True,3.23,3.32
XL23,inhibe la agregacion,inhibe la agregacion del LCD in vitro a 100 uM; sin union medida,34,334,1,42,9,-5.359,6,26,0.76,327 329 330 331 333 334,True,3.72,3.47
XL23,inhibe la agregacion,inhibe la agregacion del LCD in vitro a 100 uM; sin union medida,34,334,1,2026,1,-5.791,8,25,0.74,327 331 334 335 337 338 342 346,True,3.45,3.17
XL23,inhibe la agregacion,inhibe la agregacion del LCD in vitro a 100 uM; sin union medida,34,334,1,2026,2,-5.785,7,24,0.71,326 327 330 331 333 334 337,True,4.94,3.65
XL23,inhibe la agregacion,inhibe la agregacion del LCD in vitro a 100 uM; sin union medida,34,334,1,2026,3,-5.761,8,22,0.65,327 330 331 334 335 338 339 342,True,4.43,3.35
XL23,inhibe la agregacion,inhibe la agregacion del LCD in vitro a 100 uM; sin union medida,34,334,1,2026,4,-5.725,8,26,0.76,331 334 335 337 338 339 342 346,True,3.71,3.55
XL23,inhibe la agregacion,inhibe la agregacion del LCD in vitro a 100 uM; sin union medida,34,334,1,2026,5,-5.628,6,20,0.59,327 329 330 331 333 334,True,3.53,3.11
XL23,inhibe la agregacion,inhibe la agregacion del LCD in vitro a 100 uM; sin union medida,34,334,1,2026,6,-5.557,9,23,0.68,327 330 331 334 335 337 338 339 342,True,4.17,3.2
XL23,inhibe la agregacion,inhibe la agregacion del LCD in vitro a 100 uM; sin union medida,34,334,1,2026,7,-5.494,7,26,0.76,327 330 331 334 335 338 342,True,4.09,3.26
XL23,inhibe la agregacion,inhibe la agregacion del LCD in vitro a 100 uM; sin union medida,34,334,1,2026,8,-5.472,7,23,0.68,327 330 331 334 335 338 342,True,3.59,3.17
XL23,inhibe la agregacion,inhibe la agregacion del LCD in vitro a 100 uM; sin union medida,34,334,1,2026,9,-5.228,6,17,0.5,327 330 331 334 335 338,True,3.55,3.51
XL23,inhibe la agregacion,inhibe la agregacion del LCD in vitro a 100 uM; sin union medida,34,334,1,777,1,-6.029,8,26,0.76,327 331 334 335 337 338 342 346,True,3.46,3.16
XL23,inhibe la agregacion,inhibe la agregacion del LCD in vitro a 100 uM; sin union medida,34,334,1,777,2,-6.008,7,24,0.71,326 327 330 331 333 334 337,True,4.92,3.62
XL23,inhibe la agregacion,inhibe la agregacion del LCD in vitro a 100 uM; sin union medida,34,334,1,777,3,-5.962,8,26,0.76,331 334 335 337 338 339 342 346,True,3.71,3.56
XL23,inhibe la agregacion,inhibe la agregacion del LCD in vitro a 100 uM; sin union medida,34,334,1,777,4,-5.95,8,24,0.71,327 330 331 334 335 338 339 342,True,4.31,3.22
XL23,inhibe la agregacion,inhibe la agregacion del LCD in vitro a 100 uM; sin union medida,34,334,1,777,5,-5.926,6,22,0.65,327 330 331 333 334 337,True,4.67,3.5
XL23,inhibe la agregacion,inhibe la agregacion del LCD in vitro a 100 uM; sin union medida,34,334,1,777,6,-5.854,7,25,0.74,327 330 331 334 335 338 342,True,3.24,3.14
XL23,inhibe la agregacion,inhibe la agregacion del LCD in vitro a 100 uM; sin union medida,34,334,1,777,7,-5.843,8,25,0.74,327 331 334 335 337 338 342 346,True,3.32,3.25
XL23,inhibe la agregacion,inhibe la agregacion del LCD in vitro a 100 uM; sin union medida,34,334,1,777,8,-5.692,7,21,0.62,327 330 331 334 335 338 342,True,4.47,3.42
XL23,inhibe la agregacion,inhibe la agregacion del LCD in vitro a 100 uM; sin union medida,34,334,1,777,9,-5.533,6,17,0.5,326 327 330 331 333 334,True,3.76,3.1
XL23,inhibe la agregacion,inhibe la agregacion del LCD in vitro a 100 uM; sin union medida,34,334,2,42,1,-6.448,8,27,0.79,313 323 324 327 328 330 331 334,True,3.67,3.44
XL23,inhibe la agregacion,inhibe la agregacion del LCD in vitro a 100 uM; sin union medida,34,334,2,42,2,-6.271,9,25,0.74,331 333 334 335 337 338 339 341 342,True,3.64,3.52
XL23,inhibe la agregacion,inhibe la agregacion del LCD in vitro a 100 uM; sin union medida,34,334,2,42,3,-6.209,10,20,0.59,311 313 314 318 323 324 327 330 331 334,True,4.12,3.34
XL23,inhibe la agregacion,inhibe la agregacion del LCD in vitro a 100 uM; sin union medida,34,334,2,42,4,-6.191,8,26,0.76,313 323 324 327 328 330 331 334,True,4.13,3.56
XL23,inhibe la agregacion,inhibe la agregacion del LCD in vitro a 100 uM; sin union medida,34,334,2,42,5,-6.114,11,26,0.76,311 313 314 318 323 324 327 328 330 331 334,True,3.72,3.59
XL23,inhibe la agregacion,inhibe la agregacion del LCD in vitro a 100 uM; sin union medida,34,334,2,42,6,-6.107,10,21,0.62,311 313 318 323 324 327 328 330 331 334,True,5.7,3.68
XL23,inhibe la agregacion,inhibe la agregacion del LCD in vitro a 100 uM; sin union medida,34,334,2,42,7,-6.005,8,22,0.65,327 330 331 334 335 338 339 342,True,4.04,3.32
XL23,inhibe la agregacion,inhibe la agregacion del LCD in vitro a 100 uM; sin union medida,34,334,2,42,8,-6.001,11,25,0.74,311 313 314 318 323 324 327 328 330 331 334,True,4.11,3.5
XL23,inhibe la agregacion,inhibe la agregacion del LCD in vitro a 100 uM; sin union medida,34,334,2,42,9,-5.981,8,21,0.62,327 330 331 334 335 338 339 342,True,3.57,3.37
XL23,inhibe la agregacion,inhibe la agregacion del LCD in vitro a 100 uM; sin union medida,34,334,2,2026,1,-6.476,8,27,0.79,313 323 324 327 328 330 331 334,True,3.62,3.42
XL23,inhibe la agregacion,inhibe la agregacion del LCD in vitro a 100 uM; sin union medida,34,334,2,2026,2,-6.301,9,25,0.74,331 333 334 335 337 338 339 341 342,True,3.66,3.5
XL23,inhibe la agregacion,inhibe la agregacion del LCD in vitro a 100 uM; sin union medida,34,334,2,2026,3,-6.282,8,22,0.65,313 314 323 324 327 330 331 334,True,4.09,3.31
XL23,inhibe la agregacion,inhibe la agregacion del LCD in vitro a 100 uM; sin union medida,34,334,2,2026,4,-6.275,8,26,0.76,313 323 324 327 328 330 331 334,True,4.12,3.56
XL23,inhibe la agregacion,inhibe la agregacion del LCD in vitro a 100 uM; sin union medida,34,334,2,2026,5,-6.254,9,23,0.68,311 313 318 323 324 327 328 330 331,False,5.8,5.06
XL23,inhibe la agregacion,inhibe la agregacion del LCD in vitro a 100 uM; sin union medida,34,334,2,2026,6,-6.168,9,25,0.74,311 313 318 323 324 327 328 331 334,True,6.03,3.79
XL23,inhibe la agregacion,inhibe la agregacion del LCD in vitro a 100 uM; sin union medida,34,334,2,2026,7,-6.167,11,25,0.74,311 313 314 318 323 324 327 328 330 331 334,True,3.69,3.59
XL23,inhibe la agregacion,inhibe la agregacion del LCD in vitro a 100 uM; sin union medida,34,334,2,2026,8,-6.116,11,26,0.76,311 313 314 318 323 324 327 328 330 331 334,True,4.15,3.56
XL23,inhibe la agregacion,inhibe la agregacion del LCD in vitro a 100 uM; sin union medida,34,334,2,2026,9,-6.091,10,19,0.56,311 313 318 323 324 327 328 330 331 334,True,5.44,3.73
XL23,inhibe la agregacion,inhibe la agregacion del LCD in vitro a 100 uM; sin union medida,34,334,2,777,1,-6.423,8,27,0.79,313 323 324 327 328 330 331 334,True,3.64,3.44
XL23,inhibe la agregacion,inhibe la agregacion del LCD in vitro a 100 uM; sin union medida,34,334,2,777,2,-6.291,9,25,0.74,331 333 334 335 337 338 339 341 342,True,3.67,3.5
XL23,inhibe la agregacion,inhibe la agregacion del LCD in vitro a 100 uM; sin union medida,34,334,2,777,3,-6.281,8,22,0.65,313 314 323 324 327 330 331 334,True,4.12,3.29
XL23,inhibe la agregacion,inhibe la agregacion del LCD in vitro a 100 uM; sin union medida,34,334,2,777,4,-6.226,8,26,0.76,313 323 324 327 328 330 331 334,True,4.18,3.55
XL23,inhibe la agregacion,inhibe la agregacion del LCD in vitro a 100 uM; sin union medida,34,334,2,777,5,-6.198,9,24,0.71,311 313 318 323 324 327 328 331 334,True,6.22,3.97
XL23,inhibe la agregacion,inhibe la agregacion del LCD in vitro a 100 uM; sin union medida,34,334,2,777,6,-6.129,11,26,0.76,311 313 314 318 323 324 327 328 330 331 334,True,3.65,3.56
XL23,inhibe la agregacion,inhibe la agregacion del LCD in vitro a 100 uM; sin union medida,34,334,2,777,7,-6.075,11,26,0.76,311 313 314 318 323 324 327 328 330 331 334,True,4.2,3.53
XL23,inhibe la agregacion,inhibe la agregacion del LCD in vitro a 100 uM; sin union medida,34,334,2,777,8,-6.016,8,20,0.59,327 330 331 334 335 338 339 342,True,3.58,3.37
XL23,inhibe la agregacion,inhibe la agregacion del LCD in vitro a 100 uM; sin union medida,34,334,3,42,1,-5.813,11,19,0.56,311 312 313 314 323 324 327 328 330 331 334,True,5.69,3.54
XL23,inhibe la agregacion,inhibe la agregacion del LCD in vitro a 100 uM; sin union medida,34,334,3,42,2,-5.72,10,23,0.68,311 312 318 323 324 327 328 330 331 334,True,3.96,3.5
XL23,inhibe la agregacion,inhibe la agregacion del LCD in vitro a 100 uM; sin union medida,34,334,3,42,3,-5.702,8,26,0.76,327 330 331 334 335 338 339 342,True,4.06,3.4
XL23,inhibe la agregacion,inhibe la agregacion del LCD in vitro a 100 uM; sin union medida,34,334,3,42,4,-5.66,9,25,0.74,307 311 323 324 327 328 330 331 334,True,5.66,3.49
XL23,inhibe la agregacion,inhibe la agregacion del LCD in vitro a 100 uM; sin union medida,34,334,3,42,5,-5.647,6,28,0.82,327 329 330 331 333 334,True,3.59,3.21
XL23,inhibe la agregacion,inhibe la agregacion del LCD in vitro a 100 uM; sin union medida,34,334,3,42,6,-5.62,10,21,0.62,311 312 318 323 324 327 328 330 331 334,True,4.48,3.64
XL23,inhibe la agregacion,inhibe la agregacion del LCD in vitro a 100 uM; sin union medida,34,334,3,42,7,-5.613,6,26,0.76,313 323 324 327 331 334,True,3.6,3.56
XL23,inhibe la agregacion,inhibe la agregacion del LCD in vitro a 100 uM; sin union medida,34,334,3,42,8,-5.58,6,23,0.68,327 330 331 334 337 338,True,4.36,3.64
XL23,inhibe la agregacion,inhibe la agregacion del LCD in vitro a 100 uM; sin union medida,34,334,3,42,9,-5.55,9,23,0.68,313 314 323 324 326 327 330 331 334,True,4.04,3.61
XL23,inhibe la agregacion,inhibe la agregacion del LCD in vitro a 100 uM; sin union medida,34,334,3,2026,1,-6.071,11,18,0.53,311 312 313 314 323 324 327 328 330 331 334,True,5.72,3.58
XL23,inhibe la agregacion,inhibe la agregacion del LCD in vitro a 100 uM; sin union medida,34,334,3,2026,2,-6.015,10,21,0.62,311 312 318 323 324 327 328 330 331 334,True,3.97,3.52
XL23,inhibe la agregacion,inhibe la agregacion del LCD in vitro a 100 uM; sin union medida,34,334,3,2026,3,-5.982,8,25,0.74,327 330 331 334 337 338 342 346,True,3.78,3.29
XL23,inhibe la agregacion,inhibe la agregacion del LCD in vitro a 100 uM; sin union medida,34,334,3,2026,4,-5.981,8,23,0.68,307 311 323 324 327 330 331 334,True,5.73,3.56
XL23,inhibe la agregacion,inhibe la agregacion del LCD in vitro a 100 uM; sin union medida,34,334,3,2026,5,-5.879,6,29,0.85,327 329 330 331 333 334,True,3.71,3.31
XL23,inhibe la agregacion,inhibe la agregacion del LCD in vitro a 100 uM; sin union medida,34,334,3,2026,6,-5.877,6,26,0.76,313 323 324 327 331 334,True,3.6,3.57
XL23,inhibe la agregacion,inhibe la agregacion del LCD in vitro a 100 uM; sin union medida,34,334,3,2026,7,-5.869,10,22,0.65,311 312 318 323 324 327 328 330 331 334,True,4.59,3.59
XL23,inhibe la agregacion,inhibe la agregacion del LCD in vitro a 100 uM; sin union medida,34,334,3,2026,8,-5.837,7,25,0.74,327 330 331 334 335 338 342,True,3.36,3.27
XL23,inhibe la agregacion,inhibe la agregacion del LCD in vitro a 100 uM; sin union medida,34,334,3,2026,9,-5.745,6,24,0.71,327 330 331 334 338 342,True,3.54,3.48
XL23,inhibe la agregacion,inhibe la agregacion del LCD in vitro a 100 uM; sin union medida,34,334,3,777,1,-5.952,11,18,0.53,311 312 313 314 323 324 327 328 330 331 334,True,5.74,3.6
XL23,inhibe la agregacion,inhibe la agregacion del LCD in vitro a 100 uM; sin union medida,34,334,3,777,2,-5.937,11,22,0.65,311 312 314 318 323 324 327 328 330 331 334,True,4.01,3.51
XL23,inhibe la agregacion,inhibe la agregacion del LCD in vitro a 100 uM; sin union medida,34,334,3,777,3,-5.905,12,23,0.68,307 311 312 313 314 318 323 324 327 328 330 334,True,5.82,3.57
XL23,inhibe la agregacion,inhibe la agregacion del LCD in vitro a 100 uM; sin union medida,34,334,3,777,4,-5.861,9,22,0.65,307 311 323 324 327 328 330 331 334,True,5.65,3.48
XL23,inhibe la agregacion,inhibe la agregacion del LCD in vitro a 100 uM; sin union medida,34,334,3,777,5,-5.841,8,26,0.76,327 330 331 334 335 338 339 342,True,4.04,3.41
XL23,inhibe la agregacion,inhibe la agregacion del LCD in vitro a 100 uM; sin union medida,34,334,3,777,6,-5.836,8,25,0.74,327 330 331 334 337 338 342 346,True,3.81,3.25
XL23,inhibe la agregacion,inhibe la agregacion del LCD in vitro a 100 uM; sin union medida,34,334,3,777,7,-5.819,11,24,0.71,311 312 314 318 323 324 327 328 330 331 334,True,4.7,3.56
XL23,inhibe la agregacion,inhibe la agregacion del LCD in vitro a 100 uM; sin union medida,34,334,3,777,8,-5.754,9,24,0.71,313 314 323 324 326 327 330 331 334,True,4.17,3.66
XL23,inhibe la agregacion,inhibe la agregacion del LCD in vitro a 100 uM; sin union medida,34,334,3,777,9,-5.751,10,21,0.62,312 313 314 323 324 327 328 330 331 334,True,5.14,3.75
XL23,inhibe la agregacion,inhibe la agregacion del LCD in vitro a 100 uM; sin union medida,34,334,4,42,1,-7.176,10,24,0.71,331 332 334 335 337 338 339 341 347 349,True,3.71,3.61
XL23,inhibe la agregacion,inhibe la agregacion del LCD in vitro a 100 uM; sin union medida,34,334,4,42,2,-6.707,9,26,0.76,324 327 328 331 332 334 335 338 349,True,3.6,3.56
XL23,inhibe la agregacion,inhibe la agregacion del LCD in vitro a 100 uM; sin union medida,34,334,4,42,3,-6.635,9,27,0.79,324 327 328 331 332 334 335 338 349,True,3.37,3.33
XL23,inhibe la agregacion,inhibe la agregacion del LCD in vitro a 100 uM; sin union medida,34,334,4,42,4,-6.556,10,23,0.68,328 331 332 334 335 337 338 341 347 349,True,3.64,3.55
XL23,inhibe la agregacion,inhibe la agregacion del LCD in vitro a 100 uM; sin union medida,34,334,4,42,5,-6.464,10,23,0.68,328 331 332 334 335 337 338 341 347 349,True,3.59,3.63
XL23,inhibe la agregacion,inhibe la agregacion del LCD in vitro a 100 uM; sin union medida,34,334,4,42,6,-6.399,8,23,0.68,328 331 332 334 335 337 338 349,True,4.16,3.1
XL23,inhibe la agregacion,inhibe la agregacion del LCD in vitro a 100 uM; sin union medida,34,334,4,42,7,-6.324,9,20,0.59,328 331 332 334 335 337 338 347 349,True,5.03,3.58
XL23,inhibe la agregacion,inhibe la agregacion del LCD in vitro a 100 uM; sin union medida,34,334,4,42,8,-6.204,10,29,0.85,330 331 334 335 337 338 341 347 348 349,True,3.29,3.08
XL23,inhibe la agregacion,inhibe la agregacion del LCD in vitro a 100 uM; sin union medida,34,334,4,2026,1,-6.837,10,22,0.65,331 332 334 335 337 338 339 341 347 349,True,3.95,3.55
XL23,inhibe la agregacion,inhibe la agregacion del LCD in vitro a 100 uM; sin union medida,34,334,4,2026,2,-6.401,9,26,0.76,324 327 328 331 332 334 335 338 349,True,3.32,3.23
XL23,inhibe la agregacion,inhibe la agregacion del LCD in vitro a 100 uM; sin union medida,34,334,4,2026,3,-6.34,9,25,0.74,324 327 328 331 332 334 335 338 349,True,3.58,3.63
XL23,inhibe la agregacion,inhibe la agregacion del LCD in vitro a 100 uM; sin union medida,34,334,4,2026,4,-6.328,10,24,0.71,328 331 332 334 335 337 338 341 347 349,True,3.64,3.55
XL23,inhibe la agregacion,inhibe la agregacion del LCD in vitro a 100 uM; sin union medida,34,334,4,2026,5,-6.259,10,23,0.68,328 331 332 334 335 337 338 341 347 349,True,3.57,3.65
XL23,inhibe la agregacion,inhibe la agregacion del LCD in vitro a 100 uM; sin union medida,34,334,4,2026,6,-6.221,10,22,0.65,328 331 334 335 337 338 339 341 347 349,True,3.9,3.66
XL23,inhibe la agregacion,inhibe la agregacion del LCD in vitro a 100 uM; sin union medida,34,334,4,2026,7,-6.209,9,26,0.76,328 331 332 334 335 338 347 348 349,True,3.7,3.65
XL23,inhibe la agregacion,inhibe la agregacion del LCD in vitro a 100 uM; sin union medida,34,334,4,2026,8,-6.122,9,24,0.71,324 327 328 331 332 334 335 338 349,True,4.68,3.35
XL23,inhibe la agregacion,inhibe la agregacion del LCD in vitro a 100 uM; sin union medida,34,334,4,2026,9,-5.926,8,19,0.56,328 331 334 335 337 338 339 349,True,3.25,3.21
XL23,inhibe la agregacion,inhibe la agregacion del LCD in vitro a 100 uM; sin union medida,34,334,4,777,1,-6.962,10,25,0.74,331 332 334 335 337 338 339 341 347 349,True,3.74,3.58
XL23,inhibe la agregacion,inhibe la agregacion del LCD in vitro a 100 uM; sin union medida,34,334,4,777,2,-6.473,9,26,0.76,324 327 328 331 332 334 335 338 349,True,3.36,3.27
XL23,inhibe la agregacion,inhibe la agregacion del LCD in vitro a 100 uM; sin union medida,34,334,4,777,3,-6.359,10,23,0.68,328 331 332 334 335 337 338 341 347 349,True,3.62,3.53
XL23,inhibe la agregacion,inhibe la agregacion del LCD in vitro a 100 uM; sin union medida,34,334,4,777,4,-6.24,10,23,0.68,328 331 332 334 335 337 338 341 347 349,True,3.58,3.65
XL23,inhibe la agregacion,inhibe la agregacion del LCD in vitro a 100 uM; sin union medida,34,334,4,777,5,-6.119,7,20,0.59,328 331 332 334 335 339 349,True,3.62,3.17
XL23,inhibe la agregacion,inhibe la agregacion del LCD in vitro a 100 uM; sin union medida,34,334,4,777,6,-6.062,10,28,0.82,330 331 334 335 337 338 341 347 348 349,True,3.26,3.09
XL23,inhibe la agregacion,inhibe la agregacion del LCD in vitro a 100 uM; sin union medida,34,334,4,777,7,-6.059,10,19,0.56,313 323 324 328 331 334 335 338 339 349,True,3.53,3.61
XL23,inhibe la agregacion,inhibe la agregacion del LCD in vitro a 100 uM; sin union medida,34,334,4,777,8,-6.027,8,25,0.74,324 327 328 331 334 335 338 349,True,3.57,3.69
XL23,inhibe la agregacion,inhibe la agregacion del LCD in vitro a 100 uM; sin union medida,34,334,4,777,9,-5.921,8,21,0.62,328 331 334 335 337 338 339 349,True,3.24,3.27
XL23,inhibe la agregacion,inhibe la agregacion del LCD in vitro a 100 uM; sin union medida,34,334,5,42,1,-7.059,9,25,0.74,331 334 335 337 338 339 341 347 349,True,3.61,3.58
XL23,inhibe la agregacion,inhibe la agregacion del LCD in vitro a 100 uM; sin union medida,34,334,5,42,2,-6.882,7,25,0.74,331 334 335 337 338 341 349,True,3.64,3.63
XL23,inhibe la agregacion,inhibe la agregacion del LCD in vitro a 100 uM; sin union medida,34,334,5,42,3,-6.831,8,25,0.74,331 334 335 337 338 339 341 349,True,3.5,3.52
XL23,inhibe la agregacion,inhibe la agregacion del LCD in vitro a 100 uM; sin union medida,34,334,5,42,4,-6.74,8,27,0.79,324 327 328 331 332 334 335 349,True,3.57,3.59
XL23,inhibe la agregacion,inhibe la agregacion del LCD in vitro a 100 uM; sin union medida,34,334,5,42,5,-6.616,9,23,0.68,327 328 331 334 335 337 338 339 349,True,3.22,3.22
XL23,inhibe la agregacion,inhibe la agregacion del LCD in vitro a 100 uM; sin union medida,34,334,5,42,6,-6.452,7,23,0.68,327 328 331 334 335 338 349,True,3.67,3.53
XL23,inhibe la agregacion,inhibe la agregacion del LCD in vitro a 100 uM; sin union medida,34,334,5,42,7,-6.327,10,27,0.79,328 331 332 334 335 337 338 339 347 349,True,4.39,3.33
XL23,inhibe la agregacion,inhibe la agregacion del LCD in vitro a 100 uM; sin union medida,34,334,5,42,8,-6.304,8,24,0.71,331 334 335 337 338 341 347 349,True,3.61,3.34
XL23,inhibe la agregacion,inhibe la agregacion del LCD in vitro a 100 uM; sin union medida,34,334,5,42,9,-6.165,8,26,0.76,328 331 332 334 335 338 347 349,True,3.76,3.42
XL23,inhibe la agregacion,inhibe la agregacion del LCD in vitro a 100 uM; sin union medida,34,334,5,2026,1,-6.442,9,25,0.74,331 334 335 337 338 339 341 347 349,True,3.59,3.56
XL23,inhibe la agregacion,inhibe la agregacion del LCD in vitro a 100 uM; sin union medida,34,334,5,2026,2,-6.272,7,26,0.76,331 334 335 337 338 341 349,True,3.63,3.63
XL23,inhibe la agregacion,inhibe la agregacion del LCD in vitro a 100 uM; sin union medida,34,334,5,2026,3,-6.225,7,24,0.71,331 334 335 337 338 341 349,True,3.56,3.54
XL23,inhibe la agregacion,inhibe la agregacion del LCD in vitro a 100 uM; sin union medida,34,334,5,2026,4,-6.103,8,28,0.82,324 327 328 331 332 334 335 349,True,3.55,3.59
XL23,inhibe la agregacion,inhibe la agregacion del LCD in vitro a 100 uM; sin union medida,34,334,5,2026,5,-6.007,9,23,0.68,327 328 331 334 335 337 338 339 349,True,3.24,3.2
XL23,inhibe la agregacion,inhibe la agregacion del LCD in vitro a 100 uM; sin union medida,34,334,5,2026,6,-5.904,9,27,0.79,324 327 328 331 332 334 335 338 349,True,3.73,3.3
XL23,inhibe la agregacion,inhibe la agregacion del LCD in vitro a 100 uM; sin union medida,34,334,5,2026,7,-5.809,7,24,0.71,327 328 331 334 335 338 349,True,3.69,3.52
XL23,inhibe la agregacion,inhibe la agregacion del LCD in vitro a 100 uM; sin union medida,34,334,5,2026,8,-5.725,9,27,0.79,328 331 332 334 335 338 339 347 349,True,4.4,3.27
XL23,inhibe la agregacion,inhibe la agregacion del LCD in vitro a 100 uM; sin union medida,34,334,5,2026,9,-5.413,7,21,0.62,327 331 334 335 337 347 349,True,4.71,3.64
XL23,inhibe la agregacion,inhibe la agregacion del LCD in vitro a 100 uM; sin union medida,34,334,5,777,1,-6.663,9,24,0.71,331 334 335 337 338 339 341 347 349,True,3.56,3.54
XL23,inhibe la agregacion,inhibe la agregacion del LCD in vitro a 100 uM; sin union medida,34,334,5,777,2,-6.513,7,26,0.76,331 334 335 337 338 341 349,True,3.64,3.66
XL23,inhibe la agregacion,inhibe la agregacion del LCD in vitro a 100 uM; sin union medida,34,334,5,777,3,-6.502,8,23,0.68,331 334 335 337 338 339 341 349,True,3.6,3.59
XL23,inhibe la agregacion,inhibe la agregacion del LCD in vitro a 100 uM; sin union medida,34,334,5,777,4,-6.231,8,22,0.65,331 334 335 337 338 341 347 349,True,3.53,3.64
XL23,inhibe la agregacion,inhibe la agregacion del LCD in vitro a 100 uM; sin union medida,34,334,5,777,5,-6.056,7,23,0.68,327 328 331 334 335 338 349,True,3.7,3.47
XL23,inhibe la agregacion,inhibe la agregacion del LCD in vitro a 100 uM; sin union medida,34,334,5,777,6,-5.935,8,23,0.68,331 334 335 337 338 341 347 349,True,3.6,3.51
XL23,inhibe la agregacion,inhibe la agregacion del LCD in vitro a 100 uM; sin union medida,34,334,5,777,7,-5.629,8,21,0.62,331 334 335 337 338 341 347 349,True,3.56,3.4
XL23,inhibe la agregacion,inhibe la agregacion del LCD in vitro a 100 uM; sin union medida,34,334,5,777,8,-5.51,8,22,0.65,327 331 334 335 337 338 341 349,True,3.27,3.32
XL23,inhibe la agregacion,inhibe la agregacion del LCD in vitro a 100 uM; sin union medida,34,334,5,777,9,-5.446,5,22,0.65,330 331 334 338 349,True,3.64,3.38
XL23,inhibe la agregacion,inhibe la agregacion del LCD in vitro a 100 uM; sin union medida,34,334,6,42,1,-5.948,6,25,0.74,327 329 330 331 333 334,True,3.57,3.24
XL23,inhibe la agregacion,inhibe la agregacion del LCD in vitro a 100 uM; sin union medida,34,334,6,42,2,-5.747,7,26,0.76,327 330 331 334 335 338 342,True,3.83,3.43
XL23,inhibe la agregacion,inhibe la agregacion del LCD in vitro a 100 uM; sin union medida,34,334,6,42,3,-5.688,9,23,0.68,328 331 332 334 335 338 339 341 342,True,3.9,3.34
XL23,inhibe la agregacion,inhibe la agregacion del LCD in vitro a 100 uM; sin union medida,34,334,6,42,4,-5.652,7,24,0.71,327 330 331 334 335 338 342,True,3.8,3.0
XL23,inhibe la agregacion,inhibe la agregacion del LCD in vitro a 100 uM; sin union medida,34,334,6,42,5,-5.648,6,20,0.59,326 327 330 331 334 335,True,3.72,3.22
XL23,inhibe la agregacion,inhibe la agregacion del LCD in vitro a 100 uM; sin union medida,34,334,6,42,6,-5.621,8,24,0.71,327 330 331 334 335 338 339 342,True,3.97,3.31
XL23,inhibe la agregacion,inhibe la agregacion del LCD in vitro a 100 uM; sin union medida,34,334,6,42,7,-5.548,6,18,0.53,326 327 330 331 334 335,True,4.05,3.42
XL23,inhibe la agregacion,inhibe la agregacion del LCD in vitro a 100 uM; sin union medida,34,334,6,42,8,-5.547,7,23,0.68,327 330 331 334 335 338 339,True,3.55,3.25
XL23,inhibe la agregacion,inhibe la agregacion del LCD in vitro a 100 uM; sin union medida,34,334,6,42,9,-5.496,7,20,0.59,326 327 330 331 333 334 337,True,3.75,3.5
XL23,inhibe la agregacion,inhibe la agregacion del LCD in vitro a 100 uM; sin union medida,34,334,6,2026,1,-5.797,6,26,0.76,327 329 330 331 333 334,True,3.53,3.21
XL23,inhibe la agregacion,inhibe la agregacion del LCD in vitro a 100 uM; sin union medida,34,334,6,2026,2,-5.64,7,26,0.76,327 330 331 334 335 338 342,True,3.81,3.5
XL23,inhibe la agregacion,inhibe la agregacion del LCD in vitro a 100 uM; sin union medida,34,334,6,2026,3,-5.488,8,25,0.74,327 330 331 334 335 338 339 342,True,3.79,2.83
XL23,inhibe la agregacion,inhibe la agregacion del LCD in vitro a 100 uM; sin union medida,34,334,6,2026,4,-5.483,7,23,0.68,327 330 331 334 335 338 342,True,3.47,3.19
XL23,inhibe la agregacion,inhibe la agregacion del LCD in vitro a 100 uM; sin union medida,34,334,6,2026,5,-5.482,6,19,0.56,326 327 330 331 334 335,True,3.78,3.17
XL23,inhibe la agregacion,inhibe la agregacion del LCD in vitro a 100 uM; sin union medida,34,334,6,2026,6,-5.481,9,23,0.68,328 331 332 334 335 338 339 341 342,True,3.9,3.32
XL23,inhibe la agregacion,inhibe la agregacion del LCD in vitro a 100 uM; sin union medida,34,334,6,2026,7,-5.459,7,29,0.85,330 331 334 335 338 339 342,True,3.68,3.22
XL23,inhibe la agregacion,inhibe la agregacion del LCD in vitro a 100 uM; sin union medida,34,334,6,2026,8,-5.451,8,22,0.65,327 330 331 334 335 338 339 342,True,3.98,3.31
XL23,inhibe la agregacion,inhibe la agregacion del LCD in vitro a 100 uM; sin union medida,34,334,6,2026,9,-5.423,7,23,0.68,327 330 331 334 338 339 342,True,4.03,3.15
XL23,inhibe la agregacion,inhibe la agregacion del LCD in vitro a 100 uM; sin union medida,34,334,6,777,1,-5.813,6,24,0.71,327 329 330 331 333 334,True,3.52,3.17
XL23,inhibe la agregacion,inhibe la agregacion del LCD in vitro a 100 uM; sin union medida,34,334,6,777,2,-5.63,7,26,0.76,327 330 331 334 335 338 342,True,3.86,3.43
XL23,inhibe la agregacion,inhibe la agregacion del LCD in vitro a 100 uM; sin union medida,34,334,6,777,3,-5.525,8,24,0.71,327 330 331 334 335 338 339 342,True,3.86,2.93
XL23,inhibe la agregacion,inhibe la agregacion del LCD in vitro a 100 uM; sin union medida,34,334,6,777,4,-5.494,8,25,0.74,327 330 331 334 335 337 338 342,True,3.75,3.26
XL23,inhibe la agregacion,inhibe la agregacion del LCD in vitro a 100 uM; sin union medida,34,334,6,777,5,-5.491,9,23,0.68,328 331 332 334 335 338 339 341 342,True,3.94,3.36
XL23,inhibe la agregacion,inhibe la agregacion del LCD in vitro a 100 uM; sin union medida,34,334,6,777,6,-5.49,6,18,0.53,326 327 330 331 334 335,True,3.76,3.2
XL23,inhibe la agregacion,inhibe la agregacion del LCD in vitro a 100 uM; sin union medida,34,334,6,777,7,-5.461,7,24,0.71,327 330 331 334 335 338 342,True,3.49,3.19
XL23,inhibe la agregacion,inhibe la agregacion del LCD in vitro a 100 uM; sin union medida,34,334,6,777,8,-5.418,7,25,0.74,327 330 331 334 335 338 342,True,3.89,3.0
XL23,inhibe la agregacion,inhibe la agregacion del LCD in vitro a 100 uM; sin union medida,34,334,6,777,9,-5.415,8,23,0.68,327 330 331 334 335 338 339 342,True,3.95,3.33
XL22,sin nada reportado,sin actividad reportada en el articulo,22,334,1,42,1,-4.558,5,16,0.73,330 331 334 335 338,True,4.41,3.53
XL22,sin nada reportado,sin actividad reportada en el articulo,22,334,1,42,2,-4.397,9,17,0.77,331 334 335 337 338 339 341 342 346,True,4.86,3.16
XL22,sin nada reportado,sin actividad reportada en el articulo,22,334,1,42,3,-4.333,6,17,0.77,331 334 335 337 338 342,True,3.6,3.53
XL22,sin nada reportado,sin actividad reportada en el articulo,22,334,1,42,4,-4.329,8,17,0.77,334 335 337 338 339 341 342 346,True,5.18,3.56
XL22,sin nada reportado,sin actividad reportada en el articulo,22,334,1,42,5,-4.281,8,12,0.55,331 334 335 337 338 341 342 346,True,5.21,3.75
XL22,sin nada reportado,sin actividad reportada en el articulo,22,334,1,42,6,-4.107,7,14,0.64,331 334 335 337 341 342 346,True,3.69,3.14
XL22,sin nada reportado,sin actividad reportada en el articulo,22,334,1,42,7,-4.077,8,14,0.64,331 334 335 337 338 341 342 346,True,4.95,3.49
XL22,sin nada reportado,sin actividad reportada en el articulo,22,334,1,42,8,-4.073,6,13,0.59,327 330 331 334 335 338,True,3.43,3.51
XL22,sin nada reportado,sin actividad reportada en el articulo,22,334,1,42,9,-4.049,5,14,0.64,327 330 331 333 334,True,4.92,3.48
XL22,sin nada reportado,sin actividad reportada en el articulo,22,334,1,2026,1,-4.972,5,16,0.73,330 331 334 335 338,True,4.38,3.51
XL22,sin nada reportado,sin actividad reportada en el articulo,22,334,1,2026,2,-4.76,8,14,0.64,331 334 335 337 338 341 342 346,True,3.45,3.35
XL22,sin nada reportado,sin actividad reportada en el articulo,22,334,1,2026,3,-4.753,6,17,0.77,331 334 335 337 338 342,True,3.61,3.52
XL22,sin nada reportado,sin actividad reportada en el articulo,22,334,1,2026,4,-4.747,8,17,0.77,334 335 337 338 339 341 342 346,True,5.14,3.55
XL22,sin nada reportado,sin actividad reportada en el articulo,22,334,1,2026,5,-4.715,8,12,0.55,331 334 335 337 338 341 342 346,True,5.17,3.76
XL22,sin nada reportado,sin actividad reportada en el articulo,22,334,1,2026,6,-4.685,5,18,0.82,330 331 334 335 338,True,3.54,3.42
XL22,sin nada reportado,sin actividad reportada en el articulo,22,334,1,2026,7,-4.666,8,16,0.73,331 334 335 338 339 341 342 346,True,4.7,3.51
XL22,sin nada reportado,sin actividad reportada en el articulo,22,334,1,2026,8,-4.61,6,12,0.55,331 334 335 338 342 346,True,4.07,3.44
XL22,sin nada reportado,sin actividad reportada en el articulo,22,334,1,2026,9,-4.554,7,18,0.82,331 334 337 338 341 342 346,True,4.71,3.61
XL22,sin nada reportado,sin actividad reportada en el articulo,22,334,1,777,1,-4.489,5,16,0.73,330 331 334 335 338,True,4.38,3.53
XL22,sin nada reportado,sin actividad reportada en el articulo,22,334,1,777,2,-4.291,8,14,0.64,331 334 335 337 338 341 342 346,True,3.49,3.42
XL22,sin nada reportado,sin actividad reportada en el articulo,22,334,1,777,3,-4.28,6,19,0.86,331 334 335 337 338 342,True,3.59,3.53
XL22,sin nada reportado,sin actividad reportada en el articulo,22,334,1,777,4,-4.275,8,17,0.77,334 335 337 338 339 341 342 346,True,5.15,3.59
XL22,sin nada reportado,sin actividad reportada en el articulo,22,334,1,777,5,-4.219,8,12,0.55,331 334 335 337 338 341 342 346,True,5.19,3.74
XL22,sin nada reportado,sin actividad reportada en el articulo,22,334,1,777,6,-4.215,5,19,0.86,330 331 334 335 338,True,3.53,3.41
XL22,sin nada reportado,sin actividad reportada en el articulo,22,334,1,777,7,-4.187,6,13,0.59,307 326 327 330 331 334,True,5.19,3.27
XL22,sin nada reportado,sin actividad reportada en el articulo,22,334,1,777,8,-4.16,6,13,0.59,331 334 335 338 342 346,True,4.05,3.39
XL22,sin nada reportado,sin actividad reportada en el articulo,22,334,1,777,9,-4.058,5,17,0.77,326 327 330 331 334,True,3.66,3.6
XL22,sin nada reportado,sin actividad reportada en el articulo,22,334,2,42,1,-5.044,8,17,0.77,313 314 318 323 324 327 328 331,False,6.56,4.41
XL22,sin nada reportado,sin actividad reportada en el articulo,22,334,2,42,2,-4.659,6,13,0.59,331 334 335 337 338 339,True,5.42,3.64
XL22,sin nada reportado,sin actividad reportada en el articulo,22,334,2,42,3,-4.65,8,14,0.64,311 313 318 323 324 327 328 331,False,9.79,8.18
XL22,sin nada reportado,sin actividad reportada en el articulo,22,334,2,42,4,-4.617,8,15,0.68,331 334 335 338 339 341 342 346,True,3.52,3.08
XL22,sin nada reportado,sin actividad reportada en el articulo,22,334,2,42,5,-4.616,4,18,0.82,327 330 331 334,True,4.3,3.91
XL22,sin nada reportado,sin actividad reportada en el articulo,22,334,2,42,6,-4.57,4,19,0.86,327 330 331 334,True,3.59,3.45
XL22,sin nada reportado,sin actividad reportada en el articulo,22,334,2,42,7,-4.564,5,15,0.68,331 334 335 338 342,True,4.42,3.7
XL22,sin nada reportado,sin actividad reportada en el articulo,22,334,2,42,8,-4.384,7,16,0.73,334 335 337 338 339 341 342,True,3.71,3.14
XL22,sin nada reportado,sin actividad reportada en el articulo,22,334,2,42,9,-4.315,5,14,0.64,327 330 331 334 335,True,3.29,3.39
XL22,sin nada reportado,sin actividad reportada en el articulo,22,334,2,2026,1,-5.327,9,17,0.77,311 313 318 323 324 327 328 331 334,True,6.1,3.84
XL22,sin nada reportado,sin actividad reportada en el articulo,22,334,2,2026,2,-4.817,8,16,0.73,311 313 318 323 324 327 328 331,False,9.71,7.72
XL22,sin nada reportado,sin actividad reportada en el articulo,22,334,2,2026,3,-4.79,8,15,0.68,331 334 335 338 339 341 342 346,True,3.47,3.06
XL22,sin nada reportado,sin actividad reportada en el articulo,22,334,2,2026,4,-4.75,5,16,0.73,331 334 335 338 342,True,4.22,3.52
XL22,sin nada reportado,sin actividad reportada en el articulo,22,334,2,2026,5,-4.715,5,15,0.68,331 334 335 338 342,True,4.49,3.68
XL22,sin nada reportado,sin actividad reportada en el articulo,22,334,2,2026,6,-4.705,7,13,0.59,313 314 318 323 324 327 331,False,8.88,7.47
XL22,sin nada reportado,sin actividad reportada en el articulo,22,334,2,2026,7,-4.674,7,15,0.68,331 334 335 337 338 341 342,True,5.57,4.21
XL22,sin nada reportado,sin actividad reportada en el articulo,22,334,2,2026,8,-4.646,7,18,0.82,331 334 335 338 339 342 346,True,4.14,3.1
XL22,sin nada reportado,sin actividad reportada en el articulo,22,334,2,2026,9,-4.45,4,14,0.64,327 330 331 334,True,3.64,3.41
XL22,sin nada reportado,sin actividad reportada en el articulo,22,334,2,777,1,-5.093,7,16,0.73,313 314 318 323 324 327 331,False,6.74,4.53
XL22,sin nada reportado,sin actividad reportada en el articulo,22,334,2,777,2,-4.882,8,16,0.73,331 334 335 338 339 341 342 346,True,3.51,3.05
XL22,sin nada reportado,sin actividad reportada en el articulo,22,334,2,777,3,-4.866,8,17,0.77,311 313 314 323 324 327 328 331,False,12.15,10.53
XL22,sin nada reportado,sin actividad reportada en el articulo,22,334,2,777,4,-4.861,6,13,0.59,331 334 335 337 338 339,True,5.44,3.6
XL22,sin nada reportado,sin actividad reportada en el articulo,22,334,2,777,5,-4.818,5,16,0.73,331 334 335 338 342,True,4.25,3.55
XL22,sin nada reportado,sin actividad reportada en el articulo,22,334,2,777,6,-4.796,8,15,0.68,331 334 335 338 339 341 342 346,True,3.42,3.18
XL22,sin nada reportado,sin actividad reportada en el articulo,22,334,2,777,7,-4.772,6,14,0.64,334 337 338 339 341 342,True,5.48,4.13
XL22,sin nada reportado,sin actividad reportada en el articulo,22,334,2,777,8,-4.761,5,15,0.68,331 334 335 338 342,True,4.5,3.73
XL22,sin nada reportado,sin actividad reportada en el articulo,22,334,2,777,9,-4.591,7,16,0.73,334 335 337 338 339 341 342,True,3.7,3.14
XL22,sin nada reportado,sin actividad reportada en el articulo,22,334,3,42,1,-5.022,10,15,0.68,311 312 313 314 318 323 324 327 328 331,False,8.45,6.5
XL22,sin nada reportado,sin actividad reportada en el articulo,22,334,3,42,2,-4.795,9,15,0.68,311 312 313 314 323 324 327 328 331,False,8.23,6.35
XL22,sin nada reportado,sin actividad reportada en el articulo,22,334,3,42,3,-4.724,10,15,0.68,311 312 313 314 318 323 324 327 328 331,False,9.9,8.88
XL22,sin nada reportado,sin actividad reportada en el articulo,22,334,3,42,4,-4.645,9,12,0.55,311 312 313 314 323 324 327 328 331,False,9.6,7.86
XL22,sin nada reportado,sin actividad reportada en el articulo,22,334,3,42,5,-4.626,9,14,0.64,307 311 313 314 323 324 327 328 331,False,9.44,7.8
XL22,sin nada reportado,sin actividad reportada en el articulo,22,334,3,42,6,-4.615,10,13,0.59,307 311 312 313 314 318 323 324 327 328,False,10.29,8.07
XL22,sin nada reportado,sin actividad reportada en el articulo,22,334,3,42,7,-4.568,6,17,0.77,312 313 324 327 328 331,False,6.43,4.39
XL22,sin nada reportado,sin actividad reportada en el articulo,22,334,3,42,8,-4.468,6,19,0.86,331 334 335 337 338 339,True,3.71,3.52
XL22,sin nada reportado,sin actividad reportada en el articulo,22,334,3,42,9,-4.375,9,14,0.64,311 312 313 314 323 324 327 328 331,False,8.6,7.52
XL22,sin nada reportado,sin actividad reportada en el articulo,22,334,3,2026,1,-5.001,10,14,0.64,311 312 313 314 318 323 324 327 328 331,False,8.05,6.01
XL22,sin nada reportado,sin actividad reportada en el articulo,22,334,3,2026,2,-4.748,9,14,0.64,311 312 313 314 323 324 327 328 331,False,10.44,8.81
XL22,sin nada reportado,sin actividad reportada en el articulo,22,334,3,2026,3,-4.743,9,15,0.68,311 312 313 314 323 324 327 328 331,False,8.34,6.48
XL22,sin nada reportado,sin actividad reportada en el articulo,22,334,3,2026,4,-4.664,10,15,0.68,307 311 312 313 314 318 323 324 327 328,False,10.76,8.65
XL22,sin nada reportado,sin actividad reportada en el articulo,22,334,3,2026,5,-4.656,10,15,0.68,311 312 313 314 318 323 324 327 328 331,False,9.57,8.97
XL22,sin nada reportado,sin actividad reportada en el articulo,22,334,3,2026,6,-4.487,10,12,0.55,311 312 313 314 318 323 324 327 328 331,False,11.0,9.74
XL22,sin nada reportado,sin actividad reportada en el articulo,22,334,3,2026,7,-4.487,7,15,0.68,313 314 323 324 327 328 331,False,7.13,4.88
XL22,sin nada reportado,sin actividad reportada en el articulo,22,334,3,2026,8,-4.372,6,19,0.86,331 334 335 337 338 339,True,3.71,3.49
XL22,sin nada reportado,sin actividad reportada en el articulo,22,334,3,2026,9,-4.355,9,14,0.64,311 312 313 314 323 324 327 328 331,False,10.06,9.03
XL22,sin nada reportado,sin actividad reportada en el articulo,22,334,3,777,1,-5.232,10,15,0.68,311 312 313 314 318 323 324 327 328 331,False,8.11,6.29
XL22,sin nada reportado,sin actividad reportada en el articulo,22,334,3,777,2,-4.988,9,14,0.64,311 312 313 314 323 324 327 328 331,False,8.07,6.06
XL22,sin nada reportado,sin actividad reportada en el articulo,22,334,3,777,3,-4.886,10,15,0.68,307 311 312 313 314 318 323 324 327 328,False,10.84,8.95
XL22,sin nada reportado,sin actividad reportada en el articulo,22,334,3,777,4,-4.877,10,15,0.68,311 312 313 314 318 323 324 327 328 331,False,10.03,8.94
XL22,sin nada reportado,sin actividad reportada en el articulo,22,334,3,777,5,-4.805,9,14,0.64,307 311 313 314 323 324 327 328 331,False,9.44,7.79
XL22,sin nada reportado,sin actividad reportada en el articulo,22,334,3,777,6,-4.678,7,16,0.73,312 313 314 323 324 327 331,False,6.53,4.49
XL22,sin nada reportado,sin actividad reportada en el articulo,22,334,3,777,7,-4.674,6,19,0.86,331 334 335 337 338 339,True,4.17,3.56
XL22,sin nada reportado,sin actividad reportada en el articulo,22,334,3,777,8,-4.508,6,17,0.77,331 334 335 337 338 339,True,3.68,3.39
XL22,sin nada reportado,sin actividad reportada en el articulo,22,334,3,777,9,-4.487,9,14,0.64,307 311 313 314 323 324 327 328 331,False,11.7,9.95
XL22,sin nada reportado,sin actividad reportada en el articulo,22,334,4,42,1,-5.213,9,18,0.82,331 334 335 337 338 341 347 348 349,True,3.69,3.32
XL22,sin nada reportado,sin actividad reportada en el articulo,22,334,4,42,2,-5.077,9,16,0.73,334 335 338 339 341 342 347 348 349,True,4.25,3.46
XL22,sin nada reportado,sin actividad reportada en el articulo,22,334,4,42,3,-4.996,10,12,0.55,331 334 335 337 338 339 341 347 348 349,True,5.21,3.89
XL22,sin nada reportado,sin actividad reportada en el articulo,22,334,4,42,4,-4.851,8,18,0.82,331 334 335 337 338 341 347 349,True,3.66,3.33
XL22,sin nada reportado,sin actividad reportada en el articulo,22,334,4,42,5,-4.846,9,17,0.77,331 334 335 337 338 339 341 347 349,True,3.5,3.38
XL22,sin nada reportado,sin actividad reportada en el articulo,22,334,4,42,6,-4.781,6,13,0.59,334 335 337 338 341 347,True,3.57,3.35
XL22,sin nada reportado,sin actividad reportada en el articulo,22,334,4,42,7,-4.767,7,15,0.68,331 334 335 337 338 339 349,True,3.98,3.62
XL22,sin nada reportado,sin actividad reportada en el articulo,22,334,4,42,8,-4.765,9,17,0.77,331 334 335 337 338 341 347 348 349,True,4.32,3.46
XL22,sin nada reportado,sin actividad reportada en el articulo,22,334,4,42,9,-4.658,9,17,0.77,331 334 335 337 338 341 347 348 349,True,4.37,3.39
XL22,sin nada reportado,sin actividad reportada en el articulo,22,334,4,2026,1,-5.676,9,18,0.82,331 334 335 337 338 341 347 348 349,True,3.44,3.47
XL22,sin nada reportado,sin actividad reportada en el articulo,22,334,4,2026,2,-5.417,10,12,0.55,331 334 335 337 338 339 341 347 348 349,True,5.3,3.98
XL22,sin nada reportado,sin actividad reportada en el articulo,22,334,4,2026,3,-5.408,9,16,0.73,334 335 338 339 341 342 347 348 349,True,4.24,3.51
XL22,sin nada reportado,sin actividad reportada en el articulo,22,334,4,2026,4,-5.208,8,18,0.82,331 334 335 337 338 341 347 349,True,3.4,3.44
XL22,sin nada reportado,sin actividad reportada en el articulo,22,334,4,2026,5,-5.18,7,15,0.68,331 334 335 337 338 339 349,True,3.98,3.62
XL22,sin nada reportado,sin actividad reportada en el articulo,22,334,4,2026,6,-5.127,7,13,0.59,328 331 332 334 335 338 349,True,4.99,3.47
XL22,sin nada reportado,sin actividad reportada en el articulo,22,334,4,2026,7,-5.122,9,14,0.64,331 334 335 337 338 341 347 348 349,True,4.61,3.65
XL22,sin nada reportado,sin actividad reportada en el articulo,22,334,4,2026,8,-5.057,9,18,0.82,331 334 335 337 338 341 347 348 349,True,4.35,3.52
XL22,sin nada reportado,sin actividad reportada en el articulo,22,334,4,2026,9,-4.986,6,17,0.77,331 334 335 337 338 349,True,4.21,3.49
XL22,sin nada reportado,sin actividad reportada en el articulo,22,334,4,777,1,-5.197,9,17,0.77,331 334 335 337 338 341 347 348 349,True,3.43,3.49
XL22,sin nada reportado,sin actividad reportada en el articulo,22,334,4,777,2,-4.945,9,16,0.73,334 335 338 339 341 342 347 348 349,True,4.19,3.48
XL22,sin nada reportado,sin actividad reportada en el articulo,22,334,4,777,3,-4.752,9,12,0.55,331 334 335 337 338 341 347 348 349,True,5.3,3.92
XL22,sin nada reportado,sin actividad reportada en el articulo,22,334,4,777,4,-4.643,7,14,0.64,328 331 332 334 335 338 349,True,4.64,3.49
XL22,sin nada reportado,sin actividad reportada en el articulo,22,334,4,777,5,-4.61,9,17,0.77,331 334 335 337 338 339 341 347 349,True,5.13,3.68
XL22,sin nada reportado,sin actividad reportada en el articulo,22,334,4,777,6,-4.608,7,16,0.73,331 334 335 338 347 348 349,True,3.53,3.37
XL22,sin nada reportado,sin actividad reportada en el articulo,22,334,4,777,7,-4.469,10,14,0.64,331 334 335 337 338 341 342 347 348 349,True,4.96,3.66
XL22,sin nada reportado,sin actividad reportada en el articulo,22,334,4,777,8,-4.433,8,15,0.68,331 334 335 337 338 341 347 349,True,6.58,4.88
XL22,sin nada reportado,sin actividad reportada en el articulo,22,334,4,777,9,-4.318,9,16,0.73,331 334 335 337 338 341 347 348 349,True,4.31,3.57
XL22,sin nada reportado,sin actividad reportada en el articulo,22,334,5,42,1,-5.654,7,14,0.64,334 335 337 338 341 347 349,True,3.55,3.48
XL22,sin nada reportado,sin actividad reportada en el articulo,22,334,5,42,2,-5.595,7,15,0.68,328 331 332 334 335 338 349,True,5.29,3.71
XL22,sin nada reportado,sin actividad reportada en el articulo,22,334,5,42,3,-5.538,10,15,0.68,331 334 335 337 338 341 342 347 348 349,True,4.62,3.57
XL22,sin nada reportado,sin actividad reportada en el articulo,22,334,5,42,4,-5.389,10,17,0.77,331 334 335 337 338 341 342 347 348 349,True,5.0,3.47
XL22,sin nada reportado,sin actividad reportada en el articulo,22,334,5,42,5,-5.287,8,16,0.73,334 335 337 338 341 347 348 349,True,3.32,3.14
XL22,sin nada reportado,sin actividad reportada en el articulo,22,334,5,42,6,-5.246,6,18,0.82,327 331 334 335 338 349,True,4.62,3.59
XL22,sin nada reportado,sin actividad reportada en el articulo,22,334,5,42,7,-5.22,8,16,0.73,331 334 335 337 338 341 347 349,True,5.32,4.01
XL22,sin nada reportado,sin actividad reportada en el articulo,22,334,5,42,8,-5.132,7,16,0.73,331 334 335 337 338 341 349,True,5.07,3.71
XL22,sin nada reportado,sin actividad reportada en el articulo,22,334,5,42,9,-5.069,8,17,0.77,331 334 335 337 338 341 347 349,True,3.83,2.99
XL22,sin nada reportado,sin actividad reportada en el articulo,22,334,5,2026,1,-5.532,7,13,0.59,334 335 337 338 341 347 349,True,3.53,3.44
XL22,sin nada reportado,sin actividad reportada en el articulo,22,334,5,2026,2,-5.362,6,15,0.68,328 331 332 334 335 349,True,4.97,3.72
XL22,sin nada reportado,sin actividad reportada en el articulo,22,334,5,2026,3,-5.335,8,16,0.73,331 334 335 337 338 341 347 349,True,5.29,3.68
XL22,sin nada reportado,sin actividad reportada en el articulo,22,334,5,2026,4,-5.289,10,17,0.77,331 334 335 337 338 341 342 347 348 349,True,5.02,3.47
XL22,sin nada reportado,sin actividad reportada en el articulo,22,334,5,2026,5,-5.163,7,18,0.82,331 334 335 337 338 341 349,True,3.77,3.52
XL22,sin nada reportado,sin actividad reportada en el articulo,22,334,5,2026,6,-5.158,9,15,0.68,334 335 337 338 341 342 347 348 349,True,3.56,3.55
XL22,sin nada reportado,sin actividad reportada en el articulo,22,334,5,2026,7,-4.981,7,16,0.73,331 334 335 337 338 341 349,True,4.94,3.72
XL22,sin nada reportado,sin actividad reportada en el articulo,22,334,5,2026,8,-4.915,9,18,0.82,331 334 335 337 338 341 342 347 349,True,3.63,3.54
XL22,sin nada reportado,sin actividad reportada en el articulo,22,334,5,2026,9,-4.907,7,12,0.55,334 335 337 338 341 347 349,True,7.16,5.28
XL22,sin nada reportado,sin actividad reportada en el articulo,22,334,5,777,1,-5.487,7,13,0.59,334 335 337 338 341 347 349,True,3.5,3.41
XL22,sin nada reportado,sin actividad reportada en el articulo,22,334,5,777,2,-5.29,6,15,0.68,328 331 332 334 335 349,True,5.02,3.71
XL22,sin nada reportado,sin actividad reportada en el articulo,22,334,5,777,3,-5.273,8,14,0.64,331 334 335 337 338 341 347 349,True,5.34,3.69
XL22,sin nada reportado,sin actividad reportada en el articulo,22,334,5,777,4,-5.259,7,18,0.82,328 331 332 334 335 339 349,True,5.05,3.7
XL22,sin nada reportado,sin actividad reportada en el articulo,22,334,5,777,5,-5.255,8,18,0.82,331 334 335 337 338 341 347 349,True,3.63,3.18
XL22,sin nada reportado,sin actividad reportada en el articulo,22,334,5,777,6,-5.177,10,18,0.82,331 334 335 337 338 341 342 347 348 349,True,5.21,3.53
XL22,sin nada reportado,sin actividad reportada en el articulo,22,334,5,777,7,-5.119,7,18,0.82,328 331 332 334 335 339 349,True,4.5,3.51
XL22,sin nada reportado,sin actividad reportada en el articulo,22,334,5,777,8,-5.01,6,16,0.73,331 334 335 337 338 349,True,3.48,3.43
XL22,sin nada reportado,sin actividad reportada en el articulo,22,334,5,777,9,-4.977,8,15,0.68,331 334 337 338 341 347 348 349,True,3.61,3.17
XL22,sin nada reportado,sin actividad reportada en el articulo,22,334,6,42,1,-4.285,6,12,0.55,334 335 337 338 339 342,True,4.01,3.61
XL22,sin nada reportado,sin actividad reportada en el articulo,22,334,6,42,2,-4.212,5,17,0.77,327 331 334 335 338,True,4.2,3.66
XL22,sin nada reportado,sin actividad reportada en el articulo,22,334,6,42,3,-4.162,6,18,0.82,331 334 335 337 338 341,True,4.06,3.17
XL22,sin nada reportado,sin actividad reportada en el articulo,22,334,6,42,4,-4.136,5,17,0.77,331 334 335 338 339,True,3.78,3.41
XL22,sin nada reportado,sin actividad reportada en el articulo,22,334,6,42,5,-4.118,5,14,0.64,331 334 335 337 338,True,5.02,3.51
XL22,sin nada reportado,sin actividad reportada en el articulo,22,334,6,42,6,-4.089,6,14,0.64,334 335 337 338 339 342,True,6.11,4.59
XL22,sin nada reportado,sin actividad reportada en el articulo,22,334,6,42,7,-4.074,5,17,0.77,326 327 330 331 334,True,3.78,3.49
XL22,sin nada reportado,sin actividad reportada en el articulo,22,334,6,42,8,-4.066,5,19,0.86,326 327 330 331 334,True,3.61,3.55
XL22,sin nada reportado,sin actividad reportada en el articulo,22,334,6,42,9,-4.055,5,16,0.73,326 327 330 331 334,True,4.14,3.46
XL22,sin nada reportado,sin actividad reportada en el articulo,22,334,6,2026,1,-4.309,5,17,0.77,326 327 330 331 334,True,4.37,3.49
XL22,sin nada reportado,sin actividad reportada en el articulo,22,334,6,2026,2,-4.234,6,12,0.55,334 335 337 338 339 342,True,6.11,4.58
XL22,sin nada reportado,sin actividad reportada en el articulo,22,334,6,2026,3,-4.226,6,15,0.68,327 330 331 334 335 338,True,4.1,3.49
XL22,sin nada reportado,sin actividad reportada en el articulo,22,334,6,2026,4,-4.2,6,17,0.77,331 334 335 337 338 339,True,3.74,3.42
XL22,sin nada reportado,sin actividad reportada en el articulo,22,334,6,2026,5,-4.187,6,16,0.73,331 334 335 337 338 341,True,3.43,3.51
XL22,sin nada reportado,sin actividad reportada en el articulo,22,334,6,2026,6,-4.174,5,16,0.73,326 327 330 331 334,True,3.6,3.57
XL22,sin nada reportado,sin actividad reportada en el articulo,22,334,6,2026,7,-4.16,5,14,0.64,331 334 335 337 338,True,5.06,3.56
XL22,sin nada reportado,sin actividad reportada en el articulo,22,334,6,2026,8,-4.139,6,16,0.73,327 330 331 334 335 338,True,3.65,3.35
XL22,sin nada reportado,sin actividad reportada en el articulo,22,334,6,2026,9,-4.134,5,19,0.86,326 327 330 331 334,True,3.61,3.5
XL22,sin nada reportado,sin actividad reportada en el articulo,22,334,6,777,1,-4.556,6,12,0.55,334 335 337 338 339 342,True,4.03,3.62
XL22,sin nada reportado,sin actividad reportada en el articulo,22,334,6,777,2,-4.535,6,17,0.77,313 324 327 328 331 332,False,9.46,8.29
XL22,sin nada reportado,sin actividad reportada en el articulo,22,334,6,777,3,-4.453,6,18,0.82,331 334 335 338 339 342,True,3.8,3.52
XL22,sin nada reportado,sin actividad reportada en el articulo,22,334,6,777,4,-4.422,5,13,0.59,331 334 338 339 342,True,3.89,3.57
XL22,sin nada reportado,sin actividad reportada en el articulo,22,334,6,777,5,-4.408,4,13,0.59,330 331 334 335,True,3.6,3.37
XL22,sin nada reportado,sin actividad reportada en el articulo,22,334,6,777,6,-4.371,6,16,0.73,331 334 335 337 338 341,True,3.4,3.48
XL22,sin nada reportado,sin actividad reportada en el articulo,22,334,6,777,7,-4.37,5,17,0.77,331 334 335 338 339,True,3.79,3.45
XL22,sin nada reportado,sin actividad reportada en el articulo,22,334,6,777,8,-4.348,5,15,0.68,326 327 330 331 334,True,3.66,3.61
XL22,sin nada reportado,sin actividad reportada en el articulo,22,334,6,777,9,-4.31,5,19,0.86,326 327 330 331 334,True,3.61,3.53
XL25,sin nada reportado,sin actividad reportada en el articulo,29,334,1,42,1,-6.205,5,15,0.52,326 327 330 331 334,True,3.71,3.55
XL25,sin nada reportado,sin actividad reportada en el articulo,29,334,1,42,2,-6.173,8,20,0.69,331 334 335 337 338 341 342 346,True,3.6,3.51
XL25,sin nada reportado,sin actividad reportada en el articulo,29,334,1,42,3,-6.171,7,21,0.72,331 334 335 337 338 341 342,True,4.03,3.52
XL25,sin nada reportado,sin actividad reportada en el articulo,29,334,1,42,4,-6.066,7,22,0.76,326 327 330 331 334 335 337,True,3.74,3.47
XL25,sin nada reportado,sin actividad reportada en el articulo,29,334,1,42,5,-6.007,8,19,0.66,331 334 335 337 338 341 342 346,True,3.62,3.4
XL25,sin nada reportado,sin actividad reportada en el articulo,29,334,1,42,6,-5.91,3,23,0.79,330 331 334,True,3.79,3.54
XL25,sin nada reportado,sin actividad reportada en el articulo,29,334,1,42,7,-5.822,6,19,0.66,330 331 334 335 338 342,True,3.64,3.51
XL25,sin nada reportado,sin actividad reportada en el articulo,29,334,1,42,8,-5.806,5,17,0.59,327 330 331 334 335,True,3.74,3.43
XL25,sin nada reportado,sin actividad reportada en el articulo,29,334,1,42,9,-5.725,6,20,0.69,327 330 331 334 338 342,True,3.98,3.6
XL25,sin nada reportado,sin actividad reportada en el articulo,29,334,1,2026,1,-5.323,8,22,0.76,326 327 330 331 334 335 337 338,True,3.74,3.33
XL25,sin nada reportado,sin actividad reportada en el articulo,29,334,1,2026,2,-5.284,5,15,0.52,326 327 330 331 334,True,3.71,3.57
XL25,sin nada reportado,sin actividad reportada en el articulo,29,334,1,2026,3,-5.257,7,21,0.72,331 334 335 337 338 341 342,True,4.08,3.55
XL25,sin nada reportado,sin actividad reportada en el articulo,29,334,1,2026,4,-5.25,8,19,0.66,331 334 335 337 338 341 342 346,True,3.62,3.51
XL25,sin nada reportado,sin actividad reportada en el articulo,29,334,1,2026,5,-5.12,6,23,0.79,330 331 334 335 338 342,True,3.61,3.54
XL25,sin nada reportado,sin actividad reportada en el articulo,29,334,1,2026,6,-5.032,8,16,0.55,331 334 335 337 338 341 342 346,True,3.63,3.44
XL25,sin nada reportado,sin actividad reportada en el articulo,29,334,1,2026,7,-5.029,3,23,0.79,330 331 334,True,3.75,3.53
XL25,sin nada reportado,sin actividad reportada en el articulo,29,334,1,2026,8,-4.953,7,15,0.52,327 330 331 334 335 338 339,True,3.9,3.48
XL25,sin nada reportado,sin actividad reportada en el articulo,29,334,1,2026,9,-4.881,5,12,0.41,326 327 330 331 334,True,4.93,3.53
XL25,sin nada reportado,sin actividad reportada en el articulo,29,334,1,777,1,-5.747,8,22,0.76,326 327 330 331 334 335 337 338,True,3.74,3.34
XL25,sin nada reportado,sin actividad reportada en el articulo,29,334,1,777,2,-5.647,5,16,0.55,326 327 330 331 334,True,3.76,3.5
XL25,sin nada reportado,sin actividad reportada en el articulo,29,334,1,777,3,-5.644,7,21,0.72,331 334 335 337 338 341 342,True,4.02,3.51
XL25,sin nada reportado,sin actividad reportada en el articulo,29,334,1,777,4,-5.63,8,19,0.66,331 334 335 337 338 341 342 346,True,3.63,3.51
XL25,sin nada reportado,sin actividad reportada en el articulo,29,334,1,777,5,-5.57,8,18,0.62,331 334 335 337 338 341 342 346,True,3.67,3.36
XL25,sin nada reportado,sin actividad reportada en el articulo,29,334,1,777,6,-5.325,3,22,0.76,330 331 334,True,3.73,3.51
XL25,sin nada reportado,sin actividad reportada en el articulo,29,334,1,777,7,-5.306,5,23,0.79,331 334 335 338 342,True,3.72,3.65
XL25,sin nada reportado,sin actividad reportada en el articulo,29,334,1,777,8,-5.222,7,21,0.72,327 330 331 334 335 338 342,True,3.95,3.44
XL25,sin nada reportado,sin actividad reportada en el articulo,29,334,1,777,9,-5.125,4,19,0.66,327 330 331 334,True,3.69,3.49
XL25,sin nada reportado,sin actividad reportada en el articulo,29,334,2,42,1,-5.647,7,20,0.69,326 327 330 331 334 335 338,True,3.82,3.16
XL25,sin nada reportado,sin actividad reportada en el articulo,29,334,2,42,2,-5.616,6,17,0.59,326 327 331 334 337 338,True,4.85,3.52
XL25,sin nada reportado,sin actividad reportada en el articulo,29,334,2,42,3,-5.521,4,23,0.79,327 330 331 334,True,3.71,3.56
XL25,sin nada reportado,sin actividad reportada en el articulo,29,334,2,42,4,-5.402,7,22,0.76,330 331 334 335 338 339 342,True,3.69,3.52
XL25,sin nada reportado,sin actividad reportada en el articulo,29,334,2,42,5,-5.353,6,20,0.69,331 334 335 338 341 342,True,3.73,3.54
XL25,sin nada reportado,sin actividad reportada en el articulo,29,334,2,42,6,-5.352,7,24,0.83,326 327 330 331 334 335 338,True,3.77,3.33
XL25,sin nada reportado,sin actividad reportada en el articulo,29,334,2,42,7,-5.293,4,21,0.72,327 330 331 334,True,3.64,3.54
XL25,sin nada reportado,sin actividad reportada en el articulo,29,334,2,42,8,-5.019,5,16,0.55,326 327 330 331 334,True,3.97,3.5
XL25,sin nada reportado,sin actividad reportada en el articulo,29,334,2,42,9,-5.019,4,16,0.55,327 330 331 334,True,3.69,3.58
XL25,sin nada reportado,sin actividad reportada en el articulo,29,334,2,2026,1,-5.645,7,21,0.72,326 327 330 331 334 335 338,True,3.77,3.14
XL25,sin nada reportado,sin actividad reportada en el articulo,29,334,2,2026,2,-5.624,7,21,0.72,330 331 334 335 338 339 342,True,3.64,3.54
XL25,sin nada reportado,sin actividad reportada en el articulo,29,334,2,2026,3,-5.535,4,22,0.76,327 330 331 334,True,3.71,3.58
XL25,sin nada reportado,sin actividad reportada en el articulo,29,334,2,2026,4,-5.495,6,15,0.52,326 327 331 334 338 342,True,4.95,3.58
XL25,sin nada reportado,sin actividad reportada en el articulo,29,334,2,2026,5,-5.419,6,21,0.72,331 334 335 338 341 342,True,3.74,3.5
XL25,sin nada reportado,sin actividad reportada en el articulo,29,334,2,2026,6,-5.34,6,17,0.59,334 335 337 338 342 346,True,3.82,3.44
XL25,sin nada reportado,sin actividad reportada en el articulo,29,334,2,2026,7,-5.295,8,16,0.55,334 335 337 338 339 341 342 346,True,4.03,3.47
XL25,sin nada reportado,sin actividad reportada en el articulo,29,334,2,2026,8,-5.284,4,20,0.69,327 330 331 334,True,3.64,3.57
XL25,sin nada reportado,sin actividad reportada en el articulo,29,334,2,2026,9,-5.168,4,21,0.72,327 330 331 334,True,3.67,3.59
XL25,sin nada reportado,sin actividad reportada en el articulo,29,334,2,777,1,-5.855,7,21,0.72,330 331 334 335 338 339 342,True,3.62,3.56
XL25,sin nada reportado,sin actividad reportada en el articulo,29,334,2,777,2,-5.81,6,19,0.66,326 327 330 331 334 335,True,4.3,3.58
XL25,sin nada reportado,sin actividad reportada en el articulo,29,334,2,777,3,-5.782,4,23,0.79,327 330 331 334,True,3.72,3.56
XL25,sin nada reportado,sin actividad reportada en el articulo,29,334,2,777,4,-5.671,6,22,0.76,331 334 335 338 341 342,True,3.62,3.38
XL25,sin nada reportado,sin actividad reportada en el articulo,29,334,2,777,5,-5.66,7,21,0.72,326 327 330 331 334 335 338,True,3.91,3.21
XL25,sin nada reportado,sin actividad reportada en el articulo,29,334,2,777,6,-5.569,7,18,0.62,327 331 334 335 338 339 342,True,4.06,3.58
XL25,sin nada reportado,sin actividad reportada en el articulo,29,334,2,777,7,-5.567,7,24,0.83,326 327 330 331 334 335 338,True,3.73,3.35
XL25,sin nada reportado,sin actividad reportada en el articulo,29,334,2,777,8,-5.464,8,18,0.62,327 330 331 334 335 338 339 342,True,3.53,3.35
XL25,sin nada reportado,sin actividad reportada en el articulo,29,334,2,777,9,-5.348,4,16,0.55,327 330 331 334,True,3.82,3.62
XL25,sin nada reportado,sin actividad reportada en el articulo,29,334,3,42,1,-6.291,5,20,0.69,326 327 330 331 334,True,3.62,3.53
XL25,sin nada reportado,sin actividad reportada en el articulo,29,334,3,42,2,-6.105,4,22,0.76,327 330 331 334,True,3.8,3.54
XL25,sin nada reportado,sin actividad reportada en el articulo,29,334,3,42,3,-6.078,10,12,0.41,311 312 313 314 318 323 324 327 328 331,False,10.62,9.67
XL25,sin nada reportado,sin actividad reportada en el articulo,29,334,3,42,4,-5.924,8,20,0.69,331 334 335 337 338 341 342 346,True,3.53,3.26
XL25,sin nada reportado,sin actividad reportada en el articulo,29,334,3,42,5,-5.922,8,20,0.69,326 327 330 331 334 335 337 338,True,3.64,3.49
XL25,sin nada reportado,sin actividad reportada en el articulo,29,334,3,42,6,-5.613,5,17,0.59,326 327 330 331 334,True,3.47,3.23
XL25,sin nada reportado,sin actividad reportada en el articulo,29,334,3,42,7,-5.578,4,21,0.72,327 330 331 334,True,3.73,3.47
XL25,sin nada reportado,sin actividad reportada en el articulo,29,334,3,42,8,-5.546,5,17,0.59,326 327 330 331 334,True,3.93,3.54
XL25,sin nada reportado,sin actividad reportada en el articulo,29,334,3,42,9,-5.501,5,21,0.72,331 334 338 341 342,True,3.7,3.4
XL25,sin nada reportado,sin actividad reportada en el articulo,29,334,3,2026,1,-6.036,10,13,0.45,311 312 313 314 318 323 324 327 328 331,False,8.18,6.24
XL25,sin nada reportado,sin actividad reportada en el articulo,29,334,3,2026,2,-5.874,5,16,0.55,326 327 330 331 334,True,3.61,3.55
XL25,sin nada reportado,sin actividad reportada en el articulo,29,334,3,2026,3,-5.646,4,22,0.76,327 330 331 334,True,3.8,3.55
XL25,sin nada reportado,sin actividad reportada en el articulo,29,334,3,2026,4,-5.465,8,20,0.69,326 327 330 331 334 335 337 338,True,3.62,3.49
XL25,sin nada reportado,sin actividad reportada en el articulo,29,334,3,2026,5,-5.339,8,20,0.69,331 334 335 337 338 341 342 346,True,3.6,3.45
XL25,sin nada reportado,sin actividad reportada en el articulo,29,334,3,2026,6,-5.31,5,17,0.59,326 327 330 331 334,True,3.63,3.58
XL25,sin nada reportado,sin actividad reportada en el articulo,29,334,3,2026,7,-5.281,5,15,0.52,326 327 330 331 334,True,3.83,3.44
XL25,sin nada reportado,sin actividad reportada en el articulo,29,334,3,2026,8,-5.204,8,17,0.59,326 327 330 331 334 335 337 338,True,3.6,3.49
XL25,sin nada reportado,sin actividad reportada en el articulo,29,334,3,2026,9,-5.18,4,16,0.55,327 330 331 334,True,4.2,3.56
XL25,sin nada reportado,sin actividad reportada en el articulo,29,334,3,777,1,-5.937,10,13,0.45,311 312 313 314 318 323 324 327 328 331,False,8.22,6.29
XL25,sin nada reportado,sin actividad reportada en el articulo,29,334,3,777,2,-5.757,5,16,0.55,326 327 330 331 334,True,3.62,3.57
XL25,sin nada reportado,sin actividad reportada en el articulo,29,334,3,777,3,-5.532,10,13,0.45,311 312 313 314 318 323 324 327 328 331,False,10.37,9.56
XL25,sin nada reportado,sin actividad reportada en el articulo,29,334,3,777,4,-5.432,4,21,0.72,327 330 331 334,True,3.82,3.52
XL25,sin nada reportado,sin actividad reportada en el articulo,29,334,3,777,5,-5.336,8,17,0.59,326 327 330 331 334 335 337 338,True,3.68,3.48
XL25,sin nada reportado,sin actividad reportada en el articulo,29,334,3,777,6,-5.206,7,23,0.79,326 327 330 331 334 337 338,True,3.63,3.53
XL25,sin nada reportado,sin actividad reportada en el articulo,29,334,3,777,7,-5.145,6,19,0.66,331 334 337 338 341 342,True,3.58,3.31
XL25,sin nada reportado,sin actividad reportada en el articulo,29,334,3,777,8,-5.089,4,18,0.62,327 330 331 334,True,4.18,3.56
XL25,sin nada reportado,sin actividad reportada en el articulo,29,334,3,777,9,-4.693,5,14,0.48,326 327 330 331 334,True,4.69,3.59
XL25,sin nada reportado,sin actividad reportada en el articulo,29,334,4,42,1,-6.971,10,22,0.76,331 334 335 337 338 339 341 347 348 349,True,3.82,3.05
XL25,sin nada reportado,sin actividad reportada en el articulo,29,334,4,42,2,-6.402,10,17,0.59,331 334 335 337 338 339 341 347 348 349,True,4.9,3.59
XL25,sin nada reportado,sin actividad reportada en el articulo,29,334,4,42,3,-6.204,8,19,0.66,331 334 335 337 338 341 347 348,True,3.71,3.43
XL25,sin nada reportado,sin actividad reportada en el articulo,29,334,4,42,4,-6.001,8,15,0.52,331 334 335 337 338 347 348 349,True,3.67,3.11
XL25,sin nada reportado,sin actividad reportada en el articulo,29,334,4,42,5,-5.969,7,15,0.52,334 335 337 338 347 348 349,True,3.69,3.19
XL25,sin nada reportado,sin actividad reportada en el articulo,29,334,4,42,6,-5.849,8,18,0.62,331 334 335 338 341 347 348 349,True,3.7,3.5
XL25,sin nada reportado,sin actividad reportada en el articulo,29,334,4,42,7,-5.825,8,25,0.86,331 334 337 338 342 347 348 349,True,3.68,3.47
XL25,sin nada reportado,sin actividad reportada en el articulo,29,334,4,42,8,-5.69,7,18,0.62,331 334 335 338 341 347 349,True,3.47,3.38
XL25,sin nada reportado,sin actividad reportada en el articulo,29,334,4,42,9,-5.658,10,19,0.66,331 334 335 337 338 341 342 347 348 349,True,3.82,3.62
XL25,sin nada reportado,sin actividad reportada en el articulo,29,334,4,2026,1,-6.903,10,22,0.76,331 334 335 337 338 339 341 347 348 349,True,3.81,3.05
XL25,sin nada reportado,sin actividad reportada en el articulo,29,334,4,2026,2,-6.383,10,17,0.59,331 334 335 337 338 339 341 347 348 349,True,4.91,3.56
XL25,sin nada reportado,sin actividad reportada en el articulo,29,334,4,2026,3,-6.046,6,18,0.62,331 334 335 338 347 348,True,3.69,3.42
XL25,sin nada reportado,sin actividad reportada en el articulo,29,334,4,2026,4,-5.942,8,16,0.55,331 334 335 337 338 347 348 349,True,3.56,3.05
XL25,sin nada reportado,sin actividad reportada en el articulo,29,334,4,2026,5,-5.942,10,23,0.79,331 334 335 337 338 341 342 347 348 349,True,3.57,3.29
XL25,sin nada reportado,sin actividad reportada en el articulo,29,334,4,2026,6,-5.932,8,13,0.45,331 334 335 337 338 341 347 349,True,3.71,3.43
XL25,sin nada reportado,sin actividad reportada en el articulo,29,334,4,2026,7,-5.867,8,20,0.69,328 331 332 334 335 338 347 349,True,4.55,3.55
XL25,sin nada reportado,sin actividad reportada en el articulo,29,334,4,2026,8,-5.834,10,19,0.66,331 334 335 337 338 341 342 347 348 349,True,4.95,3.49
XL25,sin nada reportado,sin actividad reportada en el articulo,29,334,4,2026,9,-5.834,8,21,0.72,331 334 335 337 338 347 348 349,True,3.71,3.49
XL25,sin nada reportado,sin actividad reportada en el articulo,29,334,4,777,1,-6.643,10,23,0.79,331 334 335 337 338 339 341 347 348 349,True,3.79,3.06
XL25,sin nada reportado,sin actividad reportada en el articulo,29,334,4,777,2,-6.135,10,18,0.62,331 334 335 337 338 339 341 347 348 349,True,4.91,3.58
XL25,sin nada reportado,sin actividad reportada en el articulo,29,334,4,777,3,-6.048,9,18,0.62,334 335 337 338 339 341 347 348 349,True,3.54,3.56
XL25,sin nada reportado,sin actividad reportada en el articulo,29,334,4,777,4,-5.864,8,17,0.59,331 334 335 337 338 341 347 348,True,3.85,3.5
XL25,sin nada reportado,sin actividad reportada en el articulo,29,334,4,777,5,-5.738,7,21,0.72,331 334 338 341 347 348 349,True,3.91,3.37
XL25,sin nada reportado,sin actividad reportada en el articulo,29,334,4,777,6,-5.717,11,21,0.72,324 327 328 331 334 335 337 338 347 348 349,True,3.64,3.54
XL25,sin nada reportado,sin actividad reportada en el articulo,29,334,4,777,7,-5.665,6,15,0.52,334 335 338 347 348 349,True,3.69,3.18
XL25,sin nada reportado,sin actividad reportada en el articulo,29,334,4,777,8,-5.544,8,19,0.66,331 334 335 338 342 347 348 349,True,4.0,3.57
XL25,sin nada reportado,sin actividad reportada en el articulo,29,334,4,777,9,-5.489,9,13,0.45,331 334 335 337 338 341 347 348 349,True,3.62,3.6
XL25,sin nada reportado,sin actividad reportada en el articulo,29,334,5,42,1,-6.172,7,22,0.76,331 334 335 338 339 347 349,True,4.0,3.48
XL25,sin nada reportado,sin actividad reportada en el articulo,29,334,5,42,2,-6.026,10,17,0.59,331 334 335 337 338 341 342 347 348 349,True,3.59,3.5
XL25,sin nada reportado,sin actividad reportada en el articulo,29,334,5,42,3,-5.906,10,14,0.48,331 334 335 337 338 341 342 347 348 349,True,3.65,3.61
XL25,sin nada reportado,sin actividad reportada en el articulo,29,334,5,42,4,-5.73,10,15,0.52,331 334 335 337 338 341 342 347 348 349,True,4.64,3.65
XL25,sin nada reportado,sin actividad reportada en el articulo,29,334,5,42,5,-5.669,7,16,0.55,334 335 337 338 341 347 349,True,3.79,3.51
XL25,sin nada reportado,sin actividad reportada en el articulo,29,334,5,42,6,-5.525,8,14,0.48,331 334 335 337 338 341 347 349,True,3.55,3.48
XL25,sin nada reportado,sin actividad reportada en el articulo,29,334,5,42,7,-5.5,7,15,0.52,331 334 335 337 338 341 349,True,4.04,3.56
XL25,sin nada reportado,sin actividad reportada en el articulo,29,334,5,42,8,-5.476,6,17,0.59,331 334 335 338 347 349,True,3.81,3.4
XL25,sin nada reportado,sin actividad reportada en el articulo,29,334,5,42,9,-5.353,7,18,0.62,334 335 337 338 341 347 349,True,4.78,3.51
XL25,sin nada reportado,sin actividad reportada en el articulo,29,334,5,2026,1,-6.673,7,21,0.72,331 334 335 338 339 347 349,True,4.04,3.48
XL25,sin nada reportado,sin actividad reportada en el articulo,29,334,5,2026,2,-6.504,7,22,0.76,331 334 335 337 338 341 349,True,3.84,3.39
XL25,sin nada reportado,sin actividad reportada en el articulo,29,334,5,2026,3,-6.304,10,16,0.55,331 334 335 337 338 341 342 347 348 349,True,3.66,3.58
XL25,sin nada reportado,sin actividad reportada en el articulo,29,334,5,2026,4,-6.111,6,17,0.59,334 335 337 338 341 349,True,3.55,3.51
XL25,sin nada reportado,sin actividad reportada en el articulo,29,334,5,2026,5,-5.944,6,17,0.59,331 334 335 338 347 349,True,3.81,3.35
XL25,sin nada reportado,sin actividad reportada en el articulo,29,334,5,2026,6,-5.835,7,14,0.48,331 334 335 337 341 347 349,True,3.88,3.16
XL25,sin nada reportado,sin actividad reportada en el articulo,29,334,5,2026,7,-5.812,6,20,0.69,334 335 337 338 347 349,True,4.32,2.88
XL25,sin nada reportado,sin actividad reportada en el articulo,29,334,5,2026,8,-5.708,7,19,0.66,331 334 335 337 338 347 349,True,4.17,3.6
XL25,sin nada reportado,sin actividad reportada en el articulo,29,334,5,2026,9,-5.651,3,16,0.55,330 331 334,True,3.76,3.28
XL25,sin nada reportado,sin actividad reportada en el articulo,29,334,5,777,1,-6.51,7,21,0.72,331 334 335 338 339 347 349,True,4.04,3.48
XL25,sin nada reportado,sin actividad reportada en el articulo,29,334,5,777,2,-6.376,10,18,0.62,331 334 335 337 338 341 342 347 348 349,True,3.59,3.47
XL25,sin nada reportado,sin actividad reportada en el articulo,29,334,5,777,3,-5.965,6,22,0.76,331 334 335 337 338 349,True,3.64,3.47
XL25,sin nada reportado,sin actividad reportada en el articulo,29,334,5,777,4,-5.939,6,16,0.55,334 335 337 338 341 349,True,3.55,3.53
XL25,sin nada reportado,sin actividad reportada en el articulo,29,334,5,777,5,-5.881,8,14,0.48,327 328 331 332 334 335 338 349,True,6.19,5.11
XL25,sin nada reportado,sin actividad reportada en el articulo,29,334,5,777,6,-5.87,8,14,0.48,327 328 331 332 334 335 338 349,True,4.7,3.63
XL25,sin nada reportado,sin actividad reportada en el articulo,29,334,5,777,7,-5.848,8,14,0.48,331 334 335 337 338 341 347 349,True,3.5,3.38
XL25,sin nada reportado,sin actividad reportada en el articulo,29,334,5,777,8,-5.824,5,17,0.59,331 334 335 347 349,True,3.8,3.39
XL25,sin nada reportado,sin actividad reportada en el articulo,29,334,5,777,9,-5.798,9,22,0.76,327 331 334 335 337 338 341 347 349,True,5.47,4.18
XL25,sin nada reportado,sin actividad reportada en el articulo,29,334,6,42,1,-6.444,5,18,0.62,326 327 330 331 334,True,3.85,3.43
XL25,sin nada reportado,sin actividad reportada en el articulo,29,334,6,42,2,-6.414,7,22,0.76,326 327 330 331 334 335 338,True,3.78,3.22
XL25,sin nada reportado,sin actividad reportada en el articulo,29,334,6,42,3,-6.378,4,23,0.79,327 330 331 334,True,3.78,3.54
XL25,sin nada reportado,sin actividad reportada en el articulo,29,334,6,42,4,-6.017,7,18,0.62,326 327 330 331 334 335 338,True,3.6,3.54
XL25,sin nada reportado,sin actividad reportada en el articulo,29,334,6,42,5,-5.66,6,24,0.83,326 327 330 331 333 334,True,3.67,3.58
XL25,sin nada reportado,sin actividad reportada en el articulo,29,334,6,42,6,-5.522,5,19,0.66,327 330 331 333 334,True,3.69,3.4
XL25,sin nada reportado,sin actividad reportada en el articulo,29,334,6,42,7,-5.459,5,15,0.52,327 330 331 333 334,True,3.6,3.56
XL25,sin nada reportado,sin actividad reportada en el articulo,29,334,6,42,8,-5.358,6,17,0.59,326 327 330 331 334 335,True,3.67,3.36
XL25,sin nada reportado,sin actividad reportada en el articulo,29,334,6,42,9,-5.288,4,22,0.76,327 330 331 334,True,3.64,3.58
XL25,sin nada reportado,sin actividad reportada en el articulo,29,334,6,2026,1,-5.917,5,18,0.62,326 327 330 331 334,True,3.87,3.4
XL25,sin nada reportado,sin actividad reportada en el articulo,29,334,6,2026,2,-5.877,7,20,0.69,326 327 330 331 334 335 338,True,3.82,3.25
XL25,sin nada reportado,sin actividad reportada en el articulo,29,334,6,2026,3,-5.812,4,23,0.79,327 330 331 334,True,3.74,3.51
XL25,sin nada reportado,sin actividad reportada en el articulo,29,334,6,2026,4,-5.404,5,23,0.79,326 327 330 331 334,True,3.67,3.47
XL25,sin nada reportado,sin actividad reportada en el articulo,29,334,6,2026,5,-5.254,7,20,0.69,331 334 335 337 338 341 342,True,3.81,3.44
XL25,sin nada reportado,sin actividad reportada en el articulo,29,334,6,2026,6,-5.254,6,20,0.69,326 327 330 331 334 335,True,4.67,3.56
XL25,sin nada reportado,sin actividad reportada en el articulo,29,334,6,2026,7,-5.209,6,17,0.59,326 327 330 331 333 334,True,3.97,3.37
XL25,sin nada reportado,sin actividad reportada en el articulo,29,334,6,2026,8,-5.197,4,19,0.66,327 330 331 334,True,3.67,3.57
XL25,sin nada reportado,sin actividad reportada en el articulo,29,334,6,2026,9,-5.023,3,22,0.76,330 331 334,True,3.76,3.55
XL25,sin nada reportado,sin actividad reportada en el articulo,29,334,6,777,1,-6.233,5,19,0.66,326 327 330 331 334,True,3.85,3.44
XL25,sin nada reportado,sin actividad reportada en el articulo,29,334,6,777,2,-6.184,7,22,0.76,326 327 330 331 334 335 338,True,3.81,3.22
XL25,sin nada reportado,sin actividad reportada en el articulo,29,334,6,777,3,-6.162,4,23,0.79,327 330 331 334,True,3.76,3.56
XL25,sin nada reportado,sin actividad reportada en el articulo,29,334,6,777,4,-5.972,6,20,0.69,330 331 334 335 338 342,True,3.64,3.52
XL25,sin nada reportado,sin actividad reportada en el articulo,29,334,6,777,5,-5.91,6,22,0.76,326 327 330 331 334 335,True,4.08,3.49
XL25,sin nada reportado,sin actividad reportada en el articulo,29,334,6,777,6,-5.849,6,18,0.62,331 334 335 337 338 342,True,3.73,3.53
XL25,sin nada reportado,sin actividad reportada en el articulo,29,334,6,777,7,-5.67,6,17,0.59,327 330 331 334 335 338,True,3.69,3.63
XL25,sin nada reportado,sin actividad reportada en el articulo,29,334,6,777,8,-5.666,7,17,0.59,331 334 337 338 339 341 342,True,4.7,3.55
XL25,sin nada reportado,sin actividad reportada en el articulo,29,334,6,777,9,-5.663,5,21,0.72,327 330 331 333 334,True,3.62,3.1
XL26,sin nada reportado,sin actividad reportada en el articulo,22,334,1,42,1,-5.211,5,14,0.64,331 334 335 338 342,True,3.64,3.37
XL26,sin nada reportado,sin actividad reportada en el articulo,22,334,1,42,2,-5.146,8,21,0.95,331 334 335 337 338 341 342 346,True,3.71,3.41
XL26,sin nada reportado,sin actividad reportada en el articulo,22,334,1,42,3,-5.022,6,16,0.73,326 327 330 331 333 334,True,3.45,3.27
XL26,sin nada reportado,sin actividad reportada en el articulo,22,334,1,42,4,-4.998,6,17,0.77,327 330 331 334 335 338,True,3.63,3.62
XL26,sin nada reportado,sin actividad reportada en el articulo,22,334,1,42,5,-4.993,6,16,0.73,327 330 331 334 335 338,True,3.72,3.42
XL26,sin nada reportado,sin actividad reportada en el articulo,22,334,1,42,6,-4.888,5,18,0.82,330 331 334 335 338,True,3.66,3.58
XL26,sin nada reportado,sin actividad reportada en el articulo,22,334,1,42,7,-4.831,6,15,0.68,327 330 331 334 335 338,True,3.65,3.34
XL26,sin nada reportado,sin actividad reportada en el articulo,22,334,1,42,8,-4.769,5,18,0.82,326 327 330 331 334,True,3.59,3.16
XL26,sin nada reportado,sin actividad reportada en el articulo,22,334,1,42,9,-4.689,5,15,0.68,327 330 331 334 335,True,3.55,3.51
XL26,sin nada reportado,sin actividad reportada en el articulo,22,334,1,2026,1,-5.426,5,15,0.68,331 334 335 338 342,True,3.64,3.39
XL26,sin nada reportado,sin actividad reportada en el articulo,22,334,1,2026,2,-5.359,8,20,0.91,331 334 335 337 338 341 342 346,True,3.67,3.46
XL26,sin nada reportado,sin actividad reportada en el articulo,22,334,1,2026,3,-5.3,6,17,0.77,326 327 330 331 333 334,True,3.51,3.23
XL26,sin nada reportado,sin actividad reportada en el articulo,22,334,1,2026,4,-5.256,6,17,0.77,327 330 331 334 335 338,True,3.64,3.64
XL26,sin nada reportado,sin actividad reportada en el articulo,22,334,1,2026,5,-5.239,6,15,0.68,327 330 331 334 335 338,True,3.73,3.69
XL26,sin nada reportado,sin actividad reportada en el articulo,22,334,1,2026,6,-5.194,6,18,0.82,326 327 330 331 333 334,True,3.64,3.56
XL26,sin nada reportado,sin actividad reportada en el articulo,22,334,1,2026,7,-5.117,5,18,0.82,330 331 334 335 338,True,3.64,3.57
XL26,sin nada reportado,sin actividad reportada en el articulo,22,334,1,2026,8,-5.082,6,17,0.77,327 330 331 334 335 338,True,3.73,3.46
XL26,sin nada reportado,sin actividad reportada en el articulo,22,334,1,2026,9,-4.944,5,22,1.0,326 327 330 331 334,True,3.53,3.43
XL26,sin nada reportado,sin actividad reportada en el articulo,22,334,1,777,1,-5.492,5,15,0.68,331 334 335 338 342,True,3.63,3.38
XL26,sin nada reportado,sin actividad reportada en el articulo,22,334,1,777,2,-5.328,6,15,0.68,327 330 331 334 335 338,True,3.7,3.67
XL26,sin nada reportado,sin actividad reportada en el articulo,22,334,1,777,3,-5.327,6,15,0.68,326 327 330 331 333 334,True,3.56,3.27
XL26,sin nada reportado,sin actividad reportada en el articulo,22,334,1,777,4,-5.31,5,16,0.73,330 331 334 335 338,True,3.61,3.55
XL26,sin nada reportado,sin actividad reportada en el articulo,22,334,1,777,5,-5.304,5,18,0.82,327 330 331 333 334,True,3.67,3.1
XL26,sin nada reportado,sin actividad reportada en el articulo,22,334,1,777,6,-5.236,6,19,0.86,326 327 330 331 334 335,True,3.56,3.67
XL26,sin nada reportado,sin actividad reportada en el articulo,22,334,1,777,7,-5.186,6,16,0.73,326 327 330 331 334 335,True,4.35,3.45
XL26,sin nada reportado,sin actividad reportada en el articulo,22,334,1,777,8,-5.126,6,17,0.77,330 331 334 335 338 342,True,3.69,3.56
XL26,sin nada reportado,sin actividad reportada en el articulo,22,334,1,777,9,-5.063,5,16,0.73,327 330 331 334 335,True,3.6,3.55
XL26,sin nada reportado,sin actividad reportada en el articulo,22,334,2,42,1,-5.436,8,19,0.86,313 314 318 323 324 327 331 334,True,4.84,3.64
XL26,sin nada reportado,sin actividad reportada en el articulo,22,334,2,42,2,-5.285,9,20,0.91,311 313 314 318 323 324 327 328 331,False,10.78,9.31
XL26,sin nada reportado,sin actividad reportada en el articulo,22,334,2,42,3,-5.104,7,19,0.86,333 334 335 337 338 339 342,True,3.72,3.55
XL26,sin nada reportado,sin actividad reportada en el articulo,22,334,2,42,4,-5.09,5,22,1.0,313 327 330 331 334,True,4.42,3.68
XL26,sin nada reportado,sin actividad reportada en el articulo,22,334,2,42,5,-5.069,6,19,0.86,326 327 330 331 334 335,True,3.81,3.6
XL26,sin nada reportado,sin actividad reportada en el articulo,22,334,2,42,6,-4.95,6,18,0.82,327 330 331 334 335 338,True,3.76,3.56
XL26,sin nada reportado,sin actividad reportada en el articulo,22,334,2,42,7,-4.95,6,18,0.82,331 334 335 338 342 346,True,3.68,3.56
XL26,sin nada reportado,sin actividad reportada en el articulo,22,334,2,42,8,-4.92,7,14,0.64,313 314 318 323 324 327 331,False,6.31,4.17
XL26,sin nada reportado,sin actividad reportada en el articulo,22,334,2,42,9,-4.91,7,15,0.68,327 330 331 334 335 338 339,True,3.86,3.56
XL26,sin nada reportado,sin actividad reportada en el articulo,22,334,2,2026,1,-5.801,8,18,0.82,313 314 318 323 324 327 331 334,True,4.88,3.64
XL26,sin nada reportado,sin actividad reportada en el articulo,22,334,2,2026,2,-5.555,7,20,0.91,311 313 323 324 327 328 331,False,11.11,9.61
XL26,sin nada reportado,sin actividad reportada en el articulo,22,334,2,2026,3,-5.468,5,22,1.0,313 327 330 331 334,True,4.42,3.69
XL26,sin nada reportado,sin actividad reportada en el articulo,22,334,2,2026,4,-5.358,9,20,0.91,311 313 314 318 323 324 327 328 331,False,9.21,7.17
XL26,sin nada reportado,sin actividad reportada en el articulo,22,334,2,2026,5,-5.331,6,19,0.86,327 330 331 334 335 338,True,3.79,3.57
XL26,sin nada reportado,sin actividad reportada en el articulo,22,334,2,2026,6,-5.322,5,19,0.86,333 334 337 338 342,True,3.69,3.56
XL26,sin nada reportado,sin actividad reportada en el articulo,22,334,2,2026,7,-5.31,8,17,0.77,311 313 314 318 323 327 328 331,False,7.3,5.64
XL26,sin nada reportado,sin actividad reportada en el articulo,22,334,2,2026,8,-5.24,6,19,0.86,326 327 330 331 334 335,True,3.82,3.57
XL26,sin nada reportado,sin actividad reportada en el articulo,22,334,2,2026,9,-5.17,4,21,0.95,327 330 331 334,True,3.63,3.58
XL26,sin nada reportado,sin actividad reportada en el articulo,22,334,2,777,1,-5.053,8,18,0.82,313 314 318 323 324 327 331 334,True,5.9,3.76
XL26,sin nada reportado,sin actividad reportada en el articulo,22,334,2,777,2,-5.03,9,17,0.77,311 313 314 318 323 324 327 328 331,False,10.92,9.51
XL26,sin nada reportado,sin actividad reportada en el articulo,22,334,2,777,3,-4.878,5,22,1.0,313 327 330 331 334,True,4.35,3.68
XL26,sin nada reportado,sin actividad reportada en el articulo,22,334,2,777,4,-4.767,6,18,0.82,327 330 331 334 335 338,True,3.77,3.6
XL26,sin nada reportado,sin actividad reportada en el articulo,22,334,2,777,5,-4.723,7,15,0.68,327 330 331 334 335 338 339,True,3.86,3.55
XL26,sin nada reportado,sin actividad reportada en el articulo,22,334,2,777,6,-4.715,7,17,0.77,330 331 334 335 338 342 346,True,3.69,3.57
XL26,sin nada reportado,sin actividad reportada en el articulo,22,334,2,777,7,-4.69,9,16,0.73,311 313 314 318 323 324 327 328 331,False,12.46,10.57
XL26,sin nada reportado,sin actividad reportada en el articulo,22,334,2,777,8,-4.623,6,16,0.73,326 327 331 334 335 338,True,4.5,3.69
XL26,sin nada reportado,sin actividad reportada en el articulo,22,334,2,777,9,-4.615,6,17,0.77,330 331 334 335 338 342,True,3.63,3.56
XL26,sin nada reportado,sin actividad reportada en el articulo,22,334,3,42,1,-5.997,10,15,0.68,311 312 313 314 318 323 327 328 331 334,True,6.14,3.96
XL26,sin nada reportado,sin actividad reportada en el articulo,22,334,3,42,2,-5.62,9,17,0.77,313 314 323 324 326 327 330 331 334,True,5.41,3.64
XL26,sin nada reportado,sin actividad reportada en el articulo,22,334,3,42,3,-5.519,6,14,0.64,326 327 330 331 333 334,True,3.4,3.29
XL26,sin nada reportado,sin actividad reportada en el articulo,22,334,3,42,4,-5.418,7,19,0.86,324 326 327 328 330 331 334,True,5.92,3.7
XL26,sin nada reportado,sin actividad reportada en el articulo,22,334,3,42,5,-5.241,6,18,0.82,327 330 331 334 335 338,True,3.69,3.6
XL26,sin nada reportado,sin actividad reportada en el articulo,22,334,3,42,6,-5.065,5,13,0.59,327 330 331 333 334,True,3.39,3.42
XL26,sin nada reportado,sin actividad reportada en el articulo,22,334,3,42,7,-5.028,7,17,0.77,313 314 324 326 327 330 331,False,8.38,7.11
XL26,sin nada reportado,sin actividad reportada en el articulo,22,334,3,42,8,-4.956,3,20,0.91,333 334 337,True,3.61,3.55
XL26,sin nada reportado,sin actividad reportada en el articulo,22,334,3,42,9,-4.89,4,18,0.82,334 337 338 342,True,3.59,3.55
XL26,sin nada reportado,sin actividad reportada en el articulo,22,334,3,2026,1,-5.819,10,15,0.68,311 312 313 314 318 323 327 328 331 334,True,5.97,3.71
XL26,sin nada reportado,sin actividad reportada en el articulo,22,334,3,2026,2,-5.379,9,16,0.73,313 314 323 324 326 327 330 331 334,True,5.49,3.69
XL26,sin nada reportado,sin actividad reportada en el articulo,22,334,3,2026,3,-5.067,7,17,0.77,313 314 324 326 327 330 331,False,8.33,6.87
XL26,sin nada reportado,sin actividad reportada en el articulo,22,334,3,2026,4,-5.011,7,17,0.77,327 330 331 334 335 337 338,True,3.8,3.62
XL26,sin nada reportado,sin actividad reportada en el articulo,22,334,3,2026,5,-4.946,6,16,0.73,324 327 328 330 331 334,True,5.13,3.72
XL26,sin nada reportado,sin actividad reportada en el articulo,22,334,3,2026,6,-4.922,6,12,0.55,326 327 330 331 333 334,True,3.51,3.53
XL26,sin nada reportado,sin actividad reportada en el articulo,22,334,3,2026,7,-4.87,5,18,0.82,327 328 330 331 334,True,5.11,3.33
XL26,sin nada reportado,sin actividad reportada en el articulo,22,334,3,2026,8,-4.721,6,15,0.68,330 331 334 335 337 338,True,3.66,3.59
XL26,sin nada reportado,sin actividad reportada en el articulo,22,334,3,2026,9,-4.654,4,15,0.68,327 330 331 334,True,3.75,3.58
XL26,sin nada reportado,sin actividad reportada en el articulo,22,334,3,777,1,-5.661,10,15,0.68,311 312 313 314 318 323 327 328 331 334,True,5.99,3.81
XL26,sin nada reportado,sin actividad reportada en el articulo,22,334,3,777,2,-5.317,8,16,0.73,313 314 324 326 327 330 331 334,True,5.49,3.69
XL26,sin nada reportado,sin actividad reportada en el articulo,22,334,3,777,3,-5.242,10,16,0.73,311 312 313 314 318 323 324 327 328 331,False,7.49,5.45
XL26,sin nada reportado,sin actividad reportada en el articulo,22,334,3,777,4,-5.239,8,19,0.86,313 314 324 327 328 330 331 334,True,4.8,3.76
XL26,sin nada reportado,sin actividad reportada en el articulo,22,334,3,777,5,-5.227,6,13,0.59,326 327 330 331 333 334,True,3.43,3.28
XL26,sin nada reportado,sin actividad reportada en el articulo,22,334,3,777,6,-5.048,7,18,0.82,327 330 331 334 335 337 338,True,3.81,3.67
XL26,sin nada reportado,sin actividad reportada en el articulo,22,334,3,777,7,-4.974,6,18,0.82,327 330 331 334 335 338,True,3.75,3.36
XL26,sin nada reportado,sin actividad reportada en el articulo,22,334,3,777,8,-4.908,7,18,0.82,327 330 331 334 335 337 338,True,3.7,3.48
XL26,sin nada reportado,sin actividad reportada en el articulo,22,334,3,777,9,-4.557,5,17,0.77,327 330 331 334 335,True,3.8,3.54
XL26,sin nada reportado,sin actividad reportada en el articulo,22,334,4,42,1,-6.133,7,17,0.77,331 334 337 338 341 347 349,True,3.69,3.27
XL26,sin nada reportado,sin actividad reportada en el articulo,22,334,4,42,2,-5.943,7,16,0.73,328 331 332 334 335 338 349,True,3.73,3.63
XL26,sin nada reportado,sin actividad reportada en el articulo,22,334,4,42,3,-5.722,8,18,0.82,328 331 332 334 335 337 338 349,True,4.69,3.68
XL26,sin nada reportado,sin actividad reportada en el articulo,22,334,4,42,4,-5.66,6,19,0.86,328 331 332 334 335 338,True,3.56,3.6
XL26,sin nada reportado,sin actividad reportada en el articulo,22,334,4,42,5,-5.561,6,16,0.73,331 334 335 337 338 349,True,3.67,3.32
XL26,sin nada reportado,sin actividad reportada en el articulo,22,334,4,42,6,-5.524,9,20,0.91,331 334 335 337 338 341 347 348 349,True,3.38,3.49
XL26,sin nada reportado,sin actividad reportada en el articulo,22,334,4,42,7,-5.511,9,18,0.82,331 334 335 337 338 341 347 348 349,True,4.15,3.51
XL26,sin nada reportado,sin actividad reportada en el articulo,22,334,4,42,8,-5.506,10,18,0.82,331 332 334 335 337 338 339 347 348 349,True,4.9,3.59
XL26,sin nada reportado,sin actividad reportada en el articulo,22,334,4,42,9,-5.372,7,17,0.77,334 335 337 338 341 347 349,True,5.22,3.68
XL26,sin nada reportado,sin actividad reportada en el articulo,22,334,4,2026,1,-5.902,8,16,0.73,331 334 335 337 338 341 347 349,True,3.63,3.23
XL26,sin nada reportado,sin actividad reportada en el articulo,22,334,4,2026,2,-5.698,8,18,0.82,328 331 332 334 335 337 338 349,True,4.08,3.44
XL26,sin nada reportado,sin actividad reportada en el articulo,22,334,4,2026,3,-5.569,8,19,0.86,334 335 337 338 339 341 347 349,True,4.59,3.32
XL26,sin nada reportado,sin actividad reportada en el articulo,22,334,4,2026,4,-5.547,9,20,0.91,328 331 332 334 335 337 338 347 349,True,6.64,4.99
XL26,sin nada reportado,sin actividad reportada en el articulo,22,334,4,2026,5,-5.466,7,13,0.59,331 334 335 337 338 347 349,True,3.76,3.32
XL26,sin nada reportado,sin actividad reportada en el articulo,22,334,4,2026,6,-5.382,10,20,0.91,331 334 335 337 338 341 342 347 348 349,True,4.18,3.64
XL26,sin nada reportado,sin actividad reportada en el articulo,22,334,4,2026,7,-5.266,9,18,0.82,328 331 332 334 335 337 338 339 349,True,4.52,3.58
XL26,sin nada reportado,sin actividad reportada en el articulo,22,334,4,2026,8,-5.179,7,16,0.73,328 331 332 334 335 338 349,True,5.73,4.01
XL26,sin nada reportado,sin actividad reportada en el articulo,22,334,4,2026,9,-5.145,7,19,0.86,331 334 335 337 338 347 349,True,3.65,3.62
XL26,sin nada reportado,sin actividad reportada en el articulo,22,334,4,777,1,-6.142,8,19,0.86,328 331 332 334 335 337 338 349,True,4.09,3.46
XL26,sin nada reportado,sin actividad reportada en el articulo,22,334,4,777,2,-6.132,7,18,0.82,334 337 338 339 341 347 349,True,3.85,3.19
XL26,sin nada reportado,sin actividad reportada en el articulo,22,334,4,777,3,-6.129,6,19,0.86,328 331 332 334 335 338,True,3.77,3.54
XL26,sin nada reportado,sin actividad reportada en el articulo,22,334,4,777,4,-6.02,7,16,0.73,331 334 335 337 338 341 347,True,3.73,3.32
XL26,sin nada reportado,sin actividad reportada en el articulo,22,334,4,777,5,-5.88,6,19,0.86,328 331 332 334 335 338,True,3.56,3.58
XL26,sin nada reportado,sin actividad reportada en el articulo,22,334,4,777,6,-5.794,9,18,0.82,331 334 335 337 338 341 347 348 349,True,4.27,3.57
XL26,sin nada reportado,sin actividad reportada en el articulo,22,334,4,777,7,-5.76,7,17,0.77,328 331 332 334 335 338 349,True,3.65,3.65
XL26,sin nada reportado,sin actividad reportada en el articulo,22,334,4,777,8,-5.684,10,18,0.82,334 335 337 338 339 341 342 347 348 349,True,4.46,3.58
XL26,sin nada reportado,sin actividad reportada en el articulo,22,334,4,777,9,-5.572,9,15,0.68,331 334 335 337 338 342 347 348 349,True,3.85,3.34
XL26,sin nada reportado,sin actividad reportada en el articulo,22,334,5,42,1,-5.68,6,17,0.77,328 331 332 334 335 349,True,3.7,3.61
XL26,sin nada reportado,sin actividad reportada en el articulo,22,334,5,42,2,-5.669,10,21,0.95,331 334 335 337 338 341 342 347 348 349,True,3.57,3.18
XL26,sin nada reportado,sin actividad reportada en el articulo,22,334,5,42,3,-5.44,8,21,0.95,328 331 332 334 335 337 338 349,True,4.94,3.42
XL26,sin nada reportado,sin actividad reportada en el articulo,22,334,5,42,4,-5.403,7,15,0.68,331 334 335 337 338 341 349,True,3.59,3.2
XL26,sin nada reportado,sin actividad reportada en el articulo,22,334,5,42,5,-5.381,8,19,0.86,331 334 335 337 338 347 348 349,True,4.98,3.58
XL26,sin nada reportado,sin actividad reportada en el articulo,22,334,5,42,6,-5.34,8,18,0.82,331 334 335 337 338 341 347 349,True,3.98,3.4
XL26,sin nada reportado,sin actividad reportada en el articulo,22,334,5,42,7,-5.314,8,20,0.91,328 331 332 334 335 338 339 349,True,5.0,3.61
XL26,sin nada reportado,sin actividad reportada en el articulo,22,334,5,42,8,-5.291,5,14,0.64,328 331 332 334 335,True,3.97,3.67
XL26,sin nada reportado,sin actividad reportada en el articulo,22,334,5,42,9,-5.264,7,19,0.86,331 334 335 337 338 341 349,True,5.09,3.55
XL26,sin nada reportado,sin actividad reportada en el articulo,22,334,5,2026,1,-5.67,6,18,0.82,328 331 332 334 335 349,True,3.71,3.62
XL26,sin nada reportado,sin actividad reportada en el articulo,22,334,5,2026,2,-5.575,10,20,0.91,331 334 335 337 338 341 342 347 348 349,True,3.67,3.15
XL26,sin nada reportado,sin actividad reportada en el articulo,22,334,5,2026,3,-5.397,7,15,0.68,331 334 335 337 338 341 349,True,3.58,3.2
XL26,sin nada reportado,sin actividad reportada en el articulo,22,334,5,2026,4,-5.365,7,14,0.64,334 335 337 338 340 341 349,True,3.39,3.24
XL26,sin nada reportado,sin actividad reportada en el articulo,22,334,5,2026,5,-5.347,6,14,0.64,331 334 335 337 338 349,True,4.31,3.54
XL26,sin nada reportado,sin actividad reportada en el articulo,22,334,5,2026,6,-5.299,7,17,0.77,331 334 335 337 338 347 349,True,3.64,3.23
XL26,sin nada reportado,sin actividad reportada en el articulo,22,334,5,2026,7,-5.192,7,20,0.91,328 331 334 335 337 338 349,True,5.46,3.89
XL26,sin nada reportado,sin actividad reportada en el articulo,22,334,5,2026,8,-5.075,6,15,0.68,331 334 335 337 338 349,True,5.04,3.64
XL26,sin nada reportado,sin actividad reportada en el articulo,22,334,5,2026,9,-4.966,8,20,0.91,331 334 335 337 338 341 347 349,True,5.36,3.64
XL26,sin nada reportado,sin actividad reportada en el articulo,22,334,5,777,1,-6.377,6,17,0.77,328 331 332 334 335 349,True,3.77,3.58
XL26,sin nada reportado,sin actividad reportada en el articulo,22,334,5,777,2,-6.103,8,19,0.86,331 334 335 337 338 347 348 349,True,5.01,3.6
XL26,sin nada reportado,sin actividad reportada en el articulo,22,334,5,777,3,-6.065,6,16,0.73,331 334 335 337 338 349,True,3.67,3.21
XL26,sin nada reportado,sin actividad reportada en el articulo,22,334,5,777,4,-6.044,6,16,0.73,331 334 335 337 338 349,True,4.15,3.54
XL26,sin nada reportado,sin actividad reportada en el articulo,22,334,5,777,5,-6.022,6,15,0.68,334 337 338 340 341 349,True,3.35,3.26
XL26,sin nada reportado,sin actividad reportada en el articulo,22,334,5,777,6,-5.977,5,15,0.68,328 331 332 334 335,True,3.95,3.67
XL26,sin nada reportado,sin actividad reportada en el articulo,22,334,5,777,7,-5.909,7,15,0.68,331 334 335 337 338 341 349,True,3.71,3.31
XL26,sin nada reportado,sin actividad reportada en el articulo,22,334,5,777,8,-5.604,7,19,0.86,331 334 335 337 338 347 349,True,3.76,3.63
XL26,sin nada reportado,sin actividad reportada en el articulo,22,334,5,777,9,-5.58,7,18,0.82,334 337 338 340 341 347 349,True,3.72,2.99
XL26,sin nada reportado,sin actividad reportada en el articulo,22,334,6,42,1,-5.219,9,16,0.73,313 314 324 327 328 331 332 335 339,False,9.75,8.52
XL26,sin nada reportado,sin actividad reportada en el articulo,22,334,6,42,2,-5.101,6,19,0.86,327 330 331 334 335 338,True,3.76,3.57
XL26,sin nada reportado,sin actividad reportada en el articulo,22,334,6,42,3,-5.084,6,18,0.82,326 327 330 331 333 334,True,3.71,3.57
XL26,sin nada reportado,sin actividad reportada en el articulo,22,334,6,42,4,-5.035,6,18,0.82,330 331 334 335 337 338,True,3.88,3.52
XL26,sin nada reportado,sin actividad reportada en el articulo,22,334,6,42,5,-4.915,5,17,0.77,326 327 330 331 334,True,3.68,3.59
XL26,sin nada reportado,sin actividad reportada en el articulo,22,334,6,42,6,-4.91,5,19,0.86,327 330 331 334 335,True,3.67,3.44
XL26,sin nada reportado,sin actividad reportada en el articulo,22,334,6,42,7,-4.884,6,19,0.86,326 327 330 331 334 335,True,3.66,3.5
XL26,sin nada reportado,sin actividad reportada en el articulo,22,334,6,42,8,-4.828,9,17,0.77,313 314 324 327 328 331 332 335 339,False,9.73,7.99
XL26,sin nada reportado,sin actividad reportada en el articulo,22,334,6,42,9,-4.765,6,17,0.77,326 327 330 331 334 335,True,3.73,3.53
XL26,sin nada reportado,sin actividad reportada en el articulo,22,334,6,2026,1,-4.987,9,17,0.77,313 314 324 327 328 331 332 335 339,False,9.49,8.29
XL26,sin nada reportado,sin actividad reportada en el articulo,22,334,6,2026,2,-4.911,6,19,0.86,327 330 331 334 335 338,True,3.76,3.58
XL26,sin nada reportado,sin actividad reportada en el articulo,22,334,6,2026,3,-4.885,6,17,0.77,326 327 330 331 333 334,True,3.39,3.3
XL26,sin nada reportado,sin actividad reportada en el articulo,22,334,6,2026,4,-4.866,6,18,0.82,326 327 330 331 333 334,True,3.73,3.53
XL26,sin nada reportado,sin actividad reportada en el articulo,22,334,6,2026,5,-4.798,6,18,0.82,330 331 334 335 337 338,True,3.88,3.54
XL26,sin nada reportado,sin actividad reportada en el articulo,22,334,6,2026,6,-4.587,5,18,0.82,326 327 330 331 334,True,3.69,3.62
XL26,sin nada reportado,sin actividad reportada en el articulo,22,334,6,2026,7,-4.586,5,15,0.68,331 334 335 338 342,True,3.67,3.53
XL26,sin nada reportado,sin actividad reportada en el articulo,22,334,6,2026,8,-4.446,5,18,0.82,327 330 331 334 335,True,3.63,3.54
XL26,sin nada reportado,sin actividad reportada en el articulo,22,334,6,2026,9,-4.422,5,16,0.73,327 330 331 334 335,True,3.78,3.57
XL26,sin nada reportado,sin actividad reportada en el articulo,22,334,6,777,1,-5.437,6,18,0.82,326 327 330 331 333 334,True,3.38,3.26
XL26,sin nada reportado,sin actividad reportada en el articulo,22,334,6,777,2,-5.367,6,18,0.82,327 330 331 334 335 338,True,3.72,3.57
XL26,sin nada reportado,sin actividad reportada en el articulo,22,334,6,777,3,-5.361,9,18,0.82,313 314 324 327 328 331 332 335 339,False,7.17,5.96
XL26,sin nada reportado,sin actividad reportada en el articulo,22,334,6,777,4,-5.225,5,16,0.73,327 330 331 334 335,True,3.69,3.52
XL26,sin nada reportado,sin actividad reportada en el articulo,22,334,6,777,5,-5.177,7,17,0.77,327 330 331 334 335 337 338,True,4.08,3.58
XL26,sin nada reportado,sin actividad reportada en el articulo,22,334,6,777,6,-5.175,5,18,0.82,326 327 330 331 334,True,3.78,3.63
XL26,sin nada reportado,sin actividad reportada en el articulo,22,334,6,777,7,-5.112,5,18,0.82,326 327 330 331 334,True,3.74,3.6
XL26,sin nada reportado,sin actividad reportada en el articulo,22,334,6,777,8,-5.1,5,18,0.82,327 330 331 334 335,True,3.58,3.48
XL26,sin nada reportado,sin actividad reportada en el articulo,22,334,6,777,9,-5.03,6,19,0.86,323 326 327 330 331 334,True,3.56,3.36
XL24,empeora,empeora la muerte neuronal en el ensayo de neuroproteccion; sin union medida,20,334,1,42,1,-4.288,6,19,0.95,331 334 335 338 339 342,True,3.55,3.53
XL24,empeora,empeora la muerte neuronal en el ensayo de neuroproteccion; sin union medida,20,334,1,42,2,-4.242,6,10,0.5,326 327 330 331 333 334,True,5.45,3.56
XL24,empeora,empeora la muerte neuronal en el ensayo de neuroproteccion; sin union medida,20,334,1,42,3,-4.237,7,18,0.9,331 334 335 337 338 342 346,True,3.85,3.47
XL24,empeora,empeora la muerte neuronal en el ensayo de neuroproteccion; sin union medida,20,334,1,42,4,-4.206,7,14,0.7,334 335 337 338 341 342 346,True,5.37,3.73
XL24,empeora,empeora la muerte neuronal en el ensayo de neuroproteccion; sin union medida,20,334,1,42,5,-4.086,5,16,0.8,326 327 330 331 334,True,3.67,3.58
XL24,empeora,empeora la muerte neuronal en el ensayo de neuroproteccion; sin union medida,20,334,1,42,6,-4.081,5,17,0.85,326 327 330 331 334,True,3.68,3.55
XL24,empeora,empeora la muerte neuronal en el ensayo de neuroproteccion; sin union medida,20,334,1,42,7,-4.019,5,15,0.75,326 327 330 331 334,True,3.72,3.32
XL24,empeora,empeora la muerte neuronal en el ensayo de neuroproteccion; sin union medida,20,334,1,42,8,-3.933,5,15,0.75,326 327 330 331 334,True,3.61,3.43
XL24,empeora,empeora la muerte neuronal en el ensayo de neuroproteccion; sin union medida,20,334,1,42,9,-3.915,7,15,0.75,331 334 335 338 339 342 346,True,5.4,3.72
XL24,empeora,empeora la muerte neuronal en el ensayo de neuroproteccion; sin union medida,20,334,1,2026,1,-4.282,9,13,0.65,331 334 335 337 338 339 341 342 346,True,3.74,3.43
XL24,empeora,empeora la muerte neuronal en el ensayo de neuroproteccion; sin union medida,20,334,1,2026,2,-4.259,7,13,0.65,334 335 337 338 341 342 346,True,5.34,3.69
XL24,empeora,empeora la muerte neuronal en el ensayo de neuroproteccion; sin union medida,20,334,1,2026,3,-4.221,6,12,0.6,326 327 330 331 333 334,True,4.62,3.48
XL24,empeora,empeora la muerte neuronal en el ensayo de neuroproteccion; sin union medida,20,334,1,2026,4,-4.145,4,18,0.9,331 334 335 338,True,3.57,3.34
XL24,empeora,empeora la muerte neuronal en el ensayo de neuroproteccion; sin union medida,20,334,1,2026,5,-4.12,5,15,0.75,330 331 334 335 338,True,3.96,3.58
XL24,empeora,empeora la muerte neuronal en el ensayo de neuroproteccion; sin union medida,20,334,1,2026,6,-4.107,5,17,0.85,326 327 330 331 334,True,3.7,3.56
XL24,empeora,empeora la muerte neuronal en el ensayo de neuroproteccion; sin union medida,20,334,1,2026,7,-4.074,5,17,0.85,326 327 330 331 334,True,3.74,3.33
XL24,empeora,empeora la muerte neuronal en el ensayo de neuroproteccion; sin union medida,20,334,1,2026,8,-4.059,5,16,0.8,326 327 330 331 334,True,3.75,3.56
XL24,empeora,empeora la muerte neuronal en el ensayo de neuroproteccion; sin union medida,20,334,1,2026,9,-3.95,5,14,0.7,326 327 330 331 334,True,3.81,3.42
XL24,empeora,empeora la muerte neuronal en el ensayo de neuroproteccion; sin union medida,20,334,1,777,1,-4.008,6,10,0.5,326 327 330 331 333 334,True,5.41,3.53
XL24,empeora,empeora la muerte neuronal en el ensayo de neuroproteccion; sin union medida,20,334,1,777,2,-3.963,5,14,0.7,326 327 330 331 334,True,3.66,3.48
XL24,empeora,empeora la muerte neuronal en el ensayo de neuroproteccion; sin union medida,20,334,1,777,3,-3.927,8,13,0.65,334 335 337 338 339 341 342 346,True,3.68,3.45
XL24,empeora,empeora la muerte neuronal en el ensayo de neuroproteccion; sin union medida,20,334,1,777,4,-3.909,7,13,0.65,334 335 337 338 341 342 346,True,5.43,3.77
XL24,empeora,empeora la muerte neuronal en el ensayo de neuroproteccion; sin union medida,20,334,1,777,5,-3.871,5,17,0.85,326 327 330 331 334,True,3.78,3.32
XL24,empeora,empeora la muerte neuronal en el ensayo de neuroproteccion; sin union medida,20,334,1,777,6,-3.852,6,16,0.8,327 330 331 334 335 338,True,3.82,3.44
XL24,empeora,empeora la muerte neuronal en el ensayo de neuroproteccion; sin union medida,20,334,1,777,7,-3.779,6,12,0.6,331 334 335 338 342 346,True,4.32,3.54
XL24,empeora,empeora la muerte neuronal en el ensayo de neuroproteccion; sin union medida,20,334,1,777,8,-3.714,7,17,0.85,331 334 335 338 339 342 346,True,5.31,3.68
XL24,empeora,empeora la muerte neuronal en el ensayo de neuroproteccion; sin union medida,20,334,1,777,9,-3.714,4,16,0.8,331 334 335 338,True,3.76,3.45
XL24,empeora,empeora la muerte neuronal en el ensayo de neuroproteccion; sin union medida,20,334,2,42,1,-4.894,9,17,0.85,311 313 314 318 323 324 327 328 331,False,11.21,9.69
XL24,empeora,empeora la muerte neuronal en el ensayo de neuroproteccion; sin union medida,20,334,2,42,2,-4.712,7,13,0.65,313 314 318 323 324 327 331,False,6.54,4.89
XL24,empeora,empeora la muerte neuronal en el ensayo de neuroproteccion; sin union medida,20,334,2,42,3,-4.553,6,12,0.6,331 334 335 338 339 342,True,5.21,3.71
XL24,empeora,empeora la muerte neuronal en el ensayo de neuroproteccion; sin union medida,20,334,2,42,4,-4.527,6,15,0.75,334 337 338 339 341 342,True,3.53,3.48
XL24,empeora,empeora la muerte neuronal en el ensayo de neuroproteccion; sin union medida,20,334,2,42,5,-4.448,6,18,0.9,334 337 338 341 342 346,True,3.53,3.3
XL24,empeora,empeora la muerte neuronal en el ensayo de neuroproteccion; sin union medida,20,334,2,42,6,-4.446,6,13,0.65,334 337 338 339 341 342,True,3.79,3.66
XL24,empeora,empeora la muerte neuronal en el ensayo de neuroproteccion; sin union medida,20,334,2,42,7,-4.366,6,15,0.75,313 323 324 327 331 334,True,6.11,3.85
XL24,empeora,empeora la muerte neuronal en el ensayo de neuroproteccion; sin union medida,20,334,2,42,8,-4.333,7,13,0.65,334 335 337 338 339 341 342,True,3.47,3.12
XL24,empeora,empeora la muerte neuronal en el ensayo de neuroproteccion; sin union medida,20,334,2,42,9,-4.254,5,16,0.8,326 327 330 331 334,True,3.66,3.45
XL24,empeora,empeora la muerte neuronal en el ensayo de neuroproteccion; sin union medida,20,334,2,2026,1,-4.769,9,18,0.9,311 313 314 318 323 324 327 328 331,False,11.46,9.91
XL24,empeora,empeora la muerte neuronal en el ensayo de neuroproteccion; sin union medida,20,334,2,2026,2,-4.471,7,16,0.8,313 314 318 323 324 327 331,False,6.57,5.74
XL24,empeora,empeora la muerte neuronal en el ensayo de neuroproteccion; sin union medida,20,334,2,2026,3,-4.403,8,18,0.9,334 335 337 338 339 341 342 346,True,3.63,3.32
XL24,empeora,empeora la muerte neuronal en el ensayo de neuroproteccion; sin union medida,20,334,2,2026,4,-4.391,6,10,0.5,331 334 335 338 339 342,True,5.26,4.04
XL24,empeora,empeora la muerte neuronal en el ensayo de neuroproteccion; sin union medida,20,334,2,2026,5,-4.299,7,18,0.9,311 313 323 324 327 328 331,False,11.25,9.65
XL24,empeora,empeora la muerte neuronal en el ensayo de neuroproteccion; sin union medida,20,334,2,2026,6,-4.225,7,15,0.75,313 314 318 323 324 327 331,False,7.67,6.75
XL24,empeora,empeora la muerte neuronal en el ensayo de neuroproteccion; sin union medida,20,334,2,2026,7,-4.22,5,13,0.65,334 337 338 339 342,True,3.54,3.49
XL24,empeora,empeora la muerte neuronal en el ensayo de neuroproteccion; sin union medida,20,334,2,2026,8,-4.16,6,15,0.75,334 335 337 338 339 342,True,3.68,3.2
XL24,empeora,empeora la muerte neuronal en el ensayo de neuroproteccion; sin union medida,20,334,2,2026,9,-4.122,8,17,0.85,331 334 335 337 338 341 342 346,True,3.98,3.59
XL24,empeora,empeora la muerte neuronal en el ensayo de neuroproteccion; sin union medida,20,334,2,777,1,-4.497,8,18,0.9,311 313 318 323 324 327 328 331,False,11.5,9.94
XL24,empeora,empeora la muerte neuronal en el ensayo de neuroproteccion; sin union medida,20,334,2,777,2,-4.241,7,14,0.7,313 314 318 323 324 327 331,False,6.37,4.26
XL24,empeora,empeora la muerte neuronal en el ensayo de neuroproteccion; sin union medida,20,334,2,777,3,-4.109,6,18,0.9,334 337 338 341 342 346,True,3.47,3.27
XL24,empeora,empeora la muerte neuronal en el ensayo de neuroproteccion; sin union medida,20,334,2,777,4,-4.076,7,14,0.7,313 314 318 323 324 327 331,False,7.27,6.05
XL24,empeora,empeora la muerte neuronal en el ensayo de neuroproteccion; sin union medida,20,334,2,777,5,-4.043,9,17,0.85,311 313 314 318 323 324 327 328 331,False,13.22,11.51
XL24,empeora,empeora la muerte neuronal en el ensayo de neuroproteccion; sin union medida,20,334,2,777,6,-3.989,5,14,0.7,311 313 327 328 331,False,6.58,4.32
XL24,empeora,empeora la muerte neuronal en el ensayo de neuroproteccion; sin union medida,20,334,2,777,7,-3.907,6,12,0.6,331 334 335 338 339 342,True,4.36,3.81
XL24,empeora,empeora la muerte neuronal en el ensayo de neuroproteccion; sin union medida,20,334,2,777,8,-3.881,5,17,0.85,326 327 330 331 334,True,3.63,3.39
XL24,empeora,empeora la muerte neuronal en el ensayo de neuroproteccion; sin union medida,20,334,2,777,9,-3.845,7,15,0.75,311 313 314 323 324 327 328,False,10.77,8.92
XL24,empeora,empeora la muerte neuronal en el ensayo de neuroproteccion; sin union medida,20,334,3,42,1,-4.501,10,13,0.65,311 312 313 314 318 323 324 327 328 331,False,7.59,5.99
XL24,empeora,empeora la muerte neuronal en el ensayo de neuroproteccion; sin union medida,20,334,3,42,2,-4.242,10,12,0.6,311 312 313 314 318 323 324 327 328 331,False,9.56,8.34
XL24,empeora,empeora la muerte neuronal en el ensayo de neuroproteccion; sin union medida,20,334,3,42,3,-4.131,10,14,0.7,311 312 313 314 318 323 324 327 328 331,False,9.44,8.3
XL24,empeora,empeora la muerte neuronal en el ensayo de neuroproteccion; sin union medida,20,334,3,42,4,-4.061,10,13,0.65,311 312 313 314 318 323 324 327 328 331,False,9.45,7.87
XL24,empeora,empeora la muerte neuronal en el ensayo de neuroproteccion; sin union medida,20,334,3,42,5,-3.929,4,16,0.8,334 337 338 342,True,3.57,3.29
XL24,empeora,empeora la muerte neuronal en el ensayo de neuroproteccion; sin union medida,20,334,3,42,6,-3.842,5,16,0.8,326 327 330 331 334,True,3.55,3.33
XL24,empeora,empeora la muerte neuronal en el ensayo de neuroproteccion; sin union medida,20,334,3,42,7,-3.837,6,14,0.7,326 327 330 331 333 334,True,3.8,3.5
XL24,empeora,empeora la muerte neuronal en el ensayo de neuroproteccion; sin union medida,20,334,3,42,8,-3.745,9,14,0.7,311 312 313 314 323 324 327 328 331,False,8.44,6.73
XL24,empeora,empeora la muerte neuronal en el ensayo de neuroproteccion; sin union medida,20,334,3,2026,1,-4.299,10,12,0.6,311 312 313 314 318 323 324 327 328 331,False,8.53,7.22
XL24,empeora,empeora la muerte neuronal en el ensayo de neuroproteccion; sin union medida,20,334,3,2026,2,-4.215,9,11,0.55,311 312 313 314 318 323 324 327 331,False,6.21,4.38
XL24,empeora,empeora la muerte neuronal en el ensayo de neuroproteccion; sin union medida,20,334,3,2026,3,-4.066,10,12,0.6,311 312 313 314 318 323 324 327 328 331,False,7.92,6.68
XL24,empeora,empeora la muerte neuronal en el ensayo de neuroproteccion; sin union medida,20,334,3,2026,4,-4.052,7,20,1.0,334 335 337 338 341 342 346,True,3.62,3.55
XL24,empeora,empeora la muerte neuronal en el ensayo de neuroproteccion; sin union medida,20,334,3,2026,5,-4.016,10,15,0.75,311 312 313 314 318 323 324 327 328 331,False,9.6,8.45
XL24,empeora,empeora la muerte neuronal en el ensayo de neuroproteccion; sin union medida,20,334,3,2026,6,-3.883,7,13,0.65,312 313 314 324 327 328 331,False,7.73,5.71
XL24,empeora,empeora la muerte neuronal en el ensayo de neuroproteccion; sin union medida,20,334,3,2026,7,-3.785,7,14,0.7,307 313 314 323 324 327 328,False,11.59,9.91
XL24,empeora,empeora la muerte neuronal en el ensayo de neuroproteccion; sin union medida,20,334,3,2026,8,-3.781,6,15,0.75,307 326 327 330 331 334,True,3.63,3.38
XL24,empeora,empeora la muerte neuronal en el ensayo de neuroproteccion; sin union medida,20,334,3,2026,9,-3.738,5,18,0.9,326 327 330 331 334,True,3.62,3.16
XL24,empeora,empeora la muerte neuronal en el ensayo de neuroproteccion; sin union medida,20,334,3,777,1,-4.872,10,10,0.5,311 312 313 314 318 323 324 327 328 331,False,9.26,7.58
XL24,empeora,empeora la muerte neuronal en el ensayo de neuroproteccion; sin union medida,20,334,3,777,2,-4.754,10,13,0.65,311 312 313 314 318 323 324 327 328 331,False,9.62,8.6
XL24,empeora,empeora la muerte neuronal en el ensayo de neuroproteccion; sin union medida,20,334,3,777,3,-4.713,10,13,0.65,311 312 313 314 318 323 324 327 328 331,False,8.98,8.37
XL24,empeora,empeora la muerte neuronal en el ensayo de neuroproteccion; sin union medida,20,334,3,777,4,-4.686,10,11,0.55,311 312 313 314 318 323 324 327 328 331,False,6.34,4.49
XL24,empeora,empeora la muerte neuronal en el ensayo de neuroproteccion; sin union medida,20,334,3,777,5,-4.477,6,18,0.9,334 335 337 338 341 342,True,3.61,3.5
XL24,empeora,empeora la muerte neuronal en el ensayo de neuroproteccion; sin union medida,20,334,3,777,6,-4.326,8,14,0.7,307 311 312 313 323 324 327 328,False,11.54,9.88
XL24,empeora,empeora la muerte neuronal en el ensayo de neuroproteccion; sin union medida,20,334,3,777,7,-4.288,5,13,0.65,334 337 338 339 342,True,4.39,3.56
XL24,empeora,empeora la muerte neuronal en el ensayo de neuroproteccion; sin union medida,20,334,3,777,8,-4.282,7,13,0.65,331 334 335 337 338 339 342,True,3.68,3.3
XL24,empeora,empeora la muerte neuronal en el ensayo de neuroproteccion; sin union medida,20,334,3,777,9,-4.125,4,17,0.85,327 330 331 334,True,3.61,3.2
XL24,empeora,empeora la muerte neuronal en el ensayo de neuroproteccion; sin union medida,20,334,4,42,1,-4.856,6,17,0.85,334 337 338 341 347 349,True,3.63,3.28
XL24,empeora,empeora la muerte neuronal en el ensayo de neuroproteccion; sin union medida,20,334,4,42,2,-4.842,8,17,0.85,334 335 337 338 339 341 347 349,True,4.66,3.52
XL24,empeora,empeora la muerte neuronal en el ensayo de neuroproteccion; sin union medida,20,334,4,42,3,-4.744,9,14,0.7,334 335 337 338 339 341 347 348 349,True,3.49,3.56
XL24,empeora,empeora la muerte neuronal en el ensayo de neuroproteccion; sin union medida,20,334,4,42,4,-4.586,9,15,0.75,331 334 335 337 338 341 347 348 349,True,4.25,3.65
XL24,empeora,empeora la muerte neuronal en el ensayo de neuroproteccion; sin union medida,20,334,4,42,5,-4.57,7,16,0.8,331 334 335 337 338 347 349,True,3.77,3.57
XL24,empeora,empeora la muerte neuronal en el ensayo de neuroproteccion; sin union medida,20,334,4,42,6,-4.563,7,15,0.75,331 334 335 337 338 341 349,True,3.78,3.69
XL24,empeora,empeora la muerte neuronal en el ensayo de neuroproteccion; sin union medida,20,334,4,42,7,-4.515,7,16,0.8,334 335 337 338 347 348 349,True,4.67,3.37
XL24,empeora,empeora la muerte neuronal en el ensayo de neuroproteccion; sin union medida,20,334,4,42,8,-4.499,7,13,0.65,331 334 335 337 338 339 349,True,5.61,3.77
XL24,empeora,empeora la muerte neuronal en el ensayo de neuroproteccion; sin union medida,20,334,4,42,9,-4.425,8,14,0.7,331 334 335 338 341 347 348 349,True,3.81,3.5
XL24,empeora,empeora la muerte neuronal en el ensayo de neuroproteccion; sin union medida,20,334,4,2026,1,-5.244,8,16,0.8,331 334 335 337 338 341 347 349,True,3.58,3.22
XL24,empeora,empeora la muerte neuronal en el ensayo de neuroproteccion; sin union medida,20,334,4,2026,2,-4.904,8,18,0.9,331 334 335 337 338 341 347 349,True,4.44,3.43
XL24,empeora,empeora la muerte neuronal en el ensayo de neuroproteccion; sin union medida,20,334,4,2026,3,-4.883,9,15,0.75,334 335 337 338 339 341 347 348 349,True,3.52,3.54
XL24,empeora,empeora la muerte neuronal en el ensayo de neuroproteccion; sin union medida,20,334,4,2026,4,-4.74,8,15,0.75,331 334 335 337 338 341 347 349,True,3.73,3.63
XL24,empeora,empeora la muerte neuronal en el ensayo de neuroproteccion; sin union medida,20,334,4,2026,5,-4.699,6,13,0.65,328 331 332 334 335 338,True,3.88,3.69
XL24,empeora,empeora la muerte neuronal en el ensayo de neuroproteccion; sin union medida,20,334,4,2026,6,-4.655,7,16,0.8,331 334 335 337 338 347 349,True,3.79,3.55
XL24,empeora,empeora la muerte neuronal en el ensayo de neuroproteccion; sin union medida,20,334,4,2026,7,-4.568,8,12,0.6,331 334 335 337 338 341 347 349,True,5.04,3.46
XL24,empeora,empeora la muerte neuronal en el ensayo de neuroproteccion; sin union medida,20,334,4,2026,8,-4.5,8,15,0.75,334 335 337 338 339 347 348 349,True,4.78,3.7
XL24,empeora,empeora la muerte neuronal en el ensayo de neuroproteccion; sin union medida,20,334,4,2026,9,-4.481,8,15,0.75,334 335 337 338 339 341 347 349,True,6.12,3.97
XL24,empeora,empeora la muerte neuronal en el ensayo de neuroproteccion; sin union medida,20,334,4,777,1,-5.111,8,16,0.8,331 334 335 337 338 341 347 349,True,3.61,3.22
XL24,empeora,empeora la muerte neuronal en el ensayo de neuroproteccion; sin union medida,20,334,4,777,2,-4.808,8,17,0.85,334 335 337 338 339 341 347 349,True,4.59,3.49
XL24,empeora,empeora la muerte neuronal en el ensayo de neuroproteccion; sin union medida,20,334,4,777,3,-4.677,6,16,0.8,331 332 334 335 338 349,True,3.74,3.53
XL24,empeora,empeora la muerte neuronal en el ensayo de neuroproteccion; sin union medida,20,334,4,777,4,-4.654,7,15,0.75,328 331 332 334 335 338 349,True,3.81,3.33
XL24,empeora,empeora la muerte neuronal en el ensayo de neuroproteccion; sin union medida,20,334,4,777,5,-4.567,7,12,0.6,331 334 335 337 338 347 349,True,4.61,3.35
XL24,empeora,empeora la muerte neuronal en el ensayo de neuroproteccion; sin union medida,20,334,4,777,6,-4.528,7,15,0.75,331 334 335 337 338 341 349,True,3.77,3.74
XL24,empeora,empeora la muerte neuronal en el ensayo de neuroproteccion; sin union medida,20,334,4,777,7,-4.515,9,13,0.65,334 335 337 338 339 341 347 348 349,True,5.17,3.69
XL24,empeora,empeora la muerte neuronal en el ensayo de neuroproteccion; sin union medida,20,334,4,777,8,-4.508,7,17,0.85,331 334 335 337 338 347 349,True,3.74,3.58
XL24,empeora,empeora la muerte neuronal en el ensayo de neuroproteccion; sin union medida,20,334,4,777,9,-4.374,9,14,0.7,331 334 335 337 338 341 347 348 349,True,3.88,3.5
XL24,empeora,empeora la muerte neuronal en el ensayo de neuroproteccion; sin union medida,20,334,5,42,1,-4.682,8,13,0.65,331 334 335 337 338 341 347 349,True,5.35,3.81
XL24,empeora,empeora la muerte neuronal en el ensayo de neuroproteccion; sin union medida,20,334,5,42,2,-4.647,5,15,0.75,328 331 332 334 335,True,5.26,3.91
XL24,empeora,empeora la muerte neuronal en el ensayo de neuroproteccion; sin union medida,20,334,5,42,3,-4.501,9,17,0.85,331 334 335 337 338 339 341 347 349,True,5.23,3.59
XL24,empeora,empeora la muerte neuronal en el ensayo de neuroproteccion; sin union medida,20,334,5,42,4,-4.482,6,17,0.85,331 334 335 337 338 349,True,5.4,3.99
XL24,empeora,empeora la muerte neuronal en el ensayo de neuroproteccion; sin union medida,20,334,5,42,5,-4.229,7,16,0.8,334 335 337 338 341 347 349,True,3.73,3.39
XL24,empeora,empeora la muerte neuronal en el ensayo de neuroproteccion; sin union medida,20,334,5,42,6,-4.217,6,15,0.75,331 334 335 338 347 349,True,3.75,3.38
XL24,empeora,empeora la muerte neuronal en el ensayo de neuroproteccion; sin union medida,20,334,5,42,7,-4.105,8,17,0.85,331 334 335 337 338 341 347 349,True,5.22,3.74
XL24,empeora,empeora la muerte neuronal en el ensayo de neuroproteccion; sin union medida,20,334,5,42,8,-4.086,6,15,0.75,331 334 335 338 347 349,True,4.03,3.44
XL24,empeora,empeora la muerte neuronal en el ensayo de neuroproteccion; sin union medida,20,334,5,42,9,-4.05,5,17,0.85,331 334 335 338 349,True,3.69,3.46
XL24,empeora,empeora la muerte neuronal en el ensayo de neuroproteccion; sin union medida,20,334,5,2026,1,-5.079,7,17,0.85,331 334 335 337 338 341 349,True,5.32,3.84
XL24,empeora,empeora la muerte neuronal en el ensayo de neuroproteccion; sin union medida,20,334,5,2026,2,-5.063,6,15,0.75,328 331 332 334 335 349,True,5.43,4.06
XL24,empeora,empeora la muerte neuronal en el ensayo de neuroproteccion; sin union medida,20,334,5,2026,3,-4.781,7,17,0.85,331 334 335 337 338 341 349,True,4.21,3.66
XL24,empeora,empeora la muerte neuronal en el ensayo de neuroproteccion; sin union medida,20,334,5,2026,4,-4.722,8,13,0.65,331 334 335 337 338 339 347 349,True,5.39,3.59
XL24,empeora,empeora la muerte neuronal en el ensayo de neuroproteccion; sin union medida,20,334,5,2026,5,-4.5,5,14,0.7,331 334 335 338 349,True,4.06,3.48
XL24,empeora,empeora la muerte neuronal en el ensayo de neuroproteccion; sin union medida,20,334,5,2026,6,-4.496,6,17,0.85,328 331 334 335 337 349,True,4.9,3.41
XL24,empeora,empeora la muerte neuronal en el ensayo de neuroproteccion; sin union medida,20,334,5,2026,7,-4.402,6,14,0.7,331 334 335 338 339 349,True,4.17,3.53
XL24,empeora,empeora la muerte neuronal en el ensayo de neuroproteccion; sin union medida,20,334,5,2026,8,-4.337,5,14,0.7,331 334 335 338 349,True,3.56,3.35
XL24,empeora,empeora la muerte neuronal en el ensayo de neuroproteccion; sin union medida,20,334,5,2026,9,-4.299,4,16,0.8,331 334 338 349,True,3.53,3.34
XL24,empeora,empeora la muerte neuronal en el ensayo de neuroproteccion; sin union medida,20,334,5,777,1,-4.841,7,17,0.85,331 334 335 337 338 341 349,True,5.33,3.88
XL24,empeora,empeora la muerte neuronal en el ensayo de neuroproteccion; sin union medida,20,334,5,777,2,-4.458,7,17,0.85,331 334 335 337 338 347 349,True,5.61,3.95
XL24,empeora,empeora la muerte neuronal en el ensayo de neuroproteccion; sin union medida,20,334,5,777,3,-4.448,8,16,0.8,331 334 335 337 338 341 347 349,True,4.57,3.71
XL24,empeora,empeora la muerte neuronal en el ensayo de neuroproteccion; sin union medida,20,334,5,777,4,-4.42,5,16,0.8,326 327 330 331 334,True,3.56,3.48
XL24,empeora,empeora la muerte neuronal en el ensayo de neuroproteccion; sin union medida,20,334,5,777,5,-4.28,7,16,0.8,331 334 337 338 341 347 349,True,3.56,3.39
XL24,empeora,empeora la muerte neuronal en el ensayo de neuroproteccion; sin union medida,20,334,5,777,6,-4.274,7,15,0.75,334 335 337 338 341 347 349,True,5.08,3.45
XL24,empeora,empeora la muerte neuronal en el ensayo de neuroproteccion; sin union medida,20,334,5,777,7,-4.266,5,15,0.75,334 338 341 347 349,True,3.55,3.2
XL24,empeora,empeora la muerte neuronal en el ensayo de neuroproteccion; sin union medida,20,334,5,777,8,-4.261,8,15,0.75,331 334 335 337 338 341 347 349,True,3.64,3.54
XL24,empeora,empeora la muerte neuronal en el ensayo de neuroproteccion; sin union medida,20,334,5,777,9,-4.182,6,12,0.6,331 334 335 338 339 349,True,4.76,3.55
XL24,empeora,empeora la muerte neuronal en el ensayo de neuroproteccion; sin union medida,20,334,6,42,1,-4.698,5,19,0.95,326 327 330 331 334,True,3.57,3.18
XL24,empeora,empeora la muerte neuronal en el ensayo de neuroproteccion; sin union medida,20,334,6,42,2,-4.566,5,19,0.95,327 331 334 335 338,True,4.18,3.61
XL24,empeora,empeora la muerte neuronal en el ensayo de neuroproteccion; sin union medida,20,334,6,42,3,-4.55,6,16,0.8,313 324 327 328 331 332,False,10.41,8.64
XL24,empeora,empeora la muerte neuronal en el ensayo de neuroproteccion; sin union medida,20,334,6,42,4,-4.49,6,13,0.65,331 334 335 338 339 342,True,4.51,3.61
XL24,empeora,empeora la muerte neuronal en el ensayo de neuroproteccion; sin union medida,20,334,6,42,5,-4.429,6,13,0.65,313 324 327 328 331 332,False,10.41,8.96
XL24,empeora,empeora la muerte neuronal en el ensayo de neuroproteccion; sin union medida,20,334,6,42,6,-4.363,5,15,0.75,327 330 331 333 334,True,4.01,3.47
XL24,empeora,empeora la muerte neuronal en el ensayo de neuroproteccion; sin union medida,20,334,6,42,7,-4.311,5,17,0.85,326 327 330 331 334,True,3.61,3.35
XL24,empeora,empeora la muerte neuronal en el ensayo de neuroproteccion; sin union medida,20,334,6,42,8,-4.216,5,16,0.8,326 327 330 331 334,True,3.64,3.5
XL24,empeora,empeora la muerte neuronal en el ensayo de neuroproteccion; sin union medida,20,334,6,42,9,-4.202,5,18,0.9,326 327 330 331 334,True,3.6,3.43
XL24,empeora,empeora la muerte neuronal en el ensayo de neuroproteccion; sin union medida,20,334,6,2026,1,-4.445,5,19,0.95,326 327 330 331 334,True,3.57,3.18
XL24,empeora,empeora la muerte neuronal en el ensayo de neuroproteccion; sin union medida,20,334,6,2026,2,-4.315,5,19,0.95,327 331 334 335 338,True,4.16,3.59
XL24,empeora,empeora la muerte neuronal en el ensayo de neuroproteccion; sin union medida,20,334,6,2026,3,-4.285,6,15,0.75,313 324 327 328 331 332,False,7.54,5.95
XL24,empeora,empeora la muerte neuronal en el ensayo de neuroproteccion; sin union medida,20,334,6,2026,4,-4.192,7,15,0.75,313 324 327 328 331 332 335,False,10.86,9.02
XL24,empeora,empeora la muerte neuronal en el ensayo de neuroproteccion; sin union medida,20,334,6,2026,5,-4.182,6,15,0.75,331 334 335 338 339 342,True,5.53,3.8
XL24,empeora,empeora la muerte neuronal en el ensayo de neuroproteccion; sin union medida,20,334,6,2026,6,-4.108,5,18,0.9,326 327 330 331 334,True,3.52,3.23
XL24,empeora,empeora la muerte neuronal en el ensayo de neuroproteccion; sin union medida,20,334,6,2026,7,-4.047,5,16,0.8,327 331 334 335 338,True,3.44,3.43
XL24,empeora,empeora la muerte neuronal en el ensayo de neuroproteccion; sin union medida,20,334,6,2026,8,-4.046,5,16,0.8,326 327 330 331 334,True,3.63,3.38
XL24,empeora,empeora la muerte neuronal en el ensayo de neuroproteccion; sin union medida,20,334,6,2026,9,-3.998,4,18,0.9,327 330 331 334,True,3.69,3.29
XL24,empeora,empeora la muerte neuronal en el ensayo de neuroproteccion; sin union medida,20,334,6,777,1,-4.665,5,19,0.95,326 327 330 331 334,True,3.58,3.19
XL24,empeora,empeora la muerte neuronal en el ensayo de neuroproteccion; sin union medida,20,334,6,777,2,-4.532,5,19,0.95,327 331 334 335 338,True,4.17,3.6
XL24,empeora,empeora la muerte neuronal en el ensayo de neuroproteccion; sin union medida,20,334,6,777,3,-4.447,7,12,0.6,313 314 324 327 328 331 332,False,11.62,9.95
XL24,empeora,empeora la muerte neuronal en el ensayo de neuroproteccion; sin union medida,20,334,6,777,4,-4.268,6,17,0.85,331 334 335 338 339 342,True,3.95,3.47
XL24,empeora,empeora la muerte neuronal en el ensayo de neuroproteccion; sin union medida,20,334,6,777,5,-4.258,5,11,0.55,326 327 330 331 334,True,3.77,3.74
XL24,empeora,empeora la muerte neuronal en el ensayo de neuroproteccion; sin union medida,20,334,6,777,6,-4.218,5,15,0.75,327 331 334 335 338,True,4.25,3.46
XL24,empeora,empeora la muerte neuronal en el ensayo de neuroproteccion; sin union medida,20,334,6,777,7,-4.211,5,15,0.75,334 335 337 338 342,True,3.64,3.35
XL24,empeora,empeora la muerte neuronal en el ensayo de neuroproteccion; sin union medida,20,334,6,777,8,-4.135,6,15,0.75,326 327 330 331 333 334,True,3.6,3.46
XL24,empeora,empeora la muerte neuronal en el ensayo de neuroproteccion; sin union medida,20,334,6,777,9,-4.059,4,16,0.8,327 330 331 334,True,3.73,3.52
XL27,neuroprotege solo a 100 uM,"neuroprotege solo a 100 uM (XL20 lo hace a 6,25 uM); sin union medida",23,334,1,42,1,-5.031,8,22,0.96,334 335 337 338 339 341 342 346,True,4.38,3.53
XL27,neuroprotege solo a 100 uM,"neuroprotege solo a 100 uM (XL20 lo hace a 6,25 uM); sin union medida",23,334,1,42,2,-4.919,4,16,0.7,327 330 331 334,True,3.64,3.58
XL27,neuroprotege solo a 100 uM,"neuroprotege solo a 100 uM (XL20 lo hace a 6,25 uM); sin union medida",23,334,1,42,3,-4.876,5,15,0.65,330 331 334 335 338,True,3.65,3.55
XL27,neuroprotege solo a 100 uM,"neuroprotege solo a 100 uM (XL20 lo hace a 6,25 uM); sin union medida",23,334,1,42,4,-4.852,4,17,0.74,327 330 331 334,True,3.64,3.64
XL27,neuroprotege solo a 100 uM,"neuroprotege solo a 100 uM (XL20 lo hace a 6,25 uM); sin union medida",23,334,1,42,5,-4.829,4,17,0.74,327 330 331 334,True,3.56,3.54
XL27,neuroprotege solo a 100 uM,"neuroprotege solo a 100 uM (XL20 lo hace a 6,25 uM); sin union medida",23,334,1,42,6,-4.784,7,18,0.78,334 335 337 338 341 342 346,True,3.64,3.53
XL27,neuroprotege solo a 100 uM,"neuroprotege solo a 100 uM (XL20 lo hace a 6,25 uM); sin union medida",23,334,1,42,7,-4.765,5,17,0.74,326 327 330 331 334,True,3.69,3.62
XL27,neuroprotege solo a 100 uM,"neuroprotege solo a 100 uM (XL20 lo hace a 6,25 uM); sin union medida",23,334,1,42,8,-4.716,5,14,0.61,326 327 330 331 334,True,3.73,3.66
XL27,neuroprotege solo a 100 uM,"neuroprotege solo a 100 uM (XL20 lo hace a 6,25 uM); sin union medida",23,334,1,42,9,-4.635,4,17,0.74,327 330 331 334,True,3.59,3.5
XL27,neuroprotege solo a 100 uM,"neuroprotege solo a 100 uM (XL20 lo hace a 6,25 uM); sin union medida",23,334,1,2026,1,-4.671,8,19,0.83,334 335 337 338 339 341 342 346,True,5.7,3.67
XL27,neuroprotege solo a 100 uM,"neuroprotege solo a 100 uM (XL20 lo hace a 6,25 uM); sin union medida",23,334,1,2026,2,-4.656,5,17,0.74,327 331 334 335 338,True,3.79,3.54
XL27,neuroprotege solo a 100 uM,"neuroprotege solo a 100 uM (XL20 lo hace a 6,25 uM); sin union medida",23,334,1,2026,3,-4.567,6,18,0.78,326 327 330 331 333 334,True,3.76,3.18
XL27,neuroprotege solo a 100 uM,"neuroprotege solo a 100 uM (XL20 lo hace a 6,25 uM); sin union medida",23,334,1,2026,4,-4.53,4,16,0.7,327 330 331 334,True,3.57,3.52
XL27,neuroprotege solo a 100 uM,"neuroprotege solo a 100 uM (XL20 lo hace a 6,25 uM); sin union medida",23,334,1,2026,5,-4.527,4,14,0.61,330 331 334 335,True,3.77,3.54
XL27,neuroprotege solo a 100 uM,"neuroprotege solo a 100 uM (XL20 lo hace a 6,25 uM); sin union medida",23,334,1,2026,6,-4.425,5,16,0.7,326 327 330 331 334,True,5.17,3.61
XL27,neuroprotege solo a 100 uM,"neuroprotege solo a 100 uM (XL20 lo hace a 6,25 uM); sin union medida",23,334,1,2026,7,-4.301,4,15,0.65,327 330 331 334,True,3.56,3.55
XL27,neuroprotege solo a 100 uM,"neuroprotege solo a 100 uM (XL20 lo hace a 6,25 uM); sin union medida",23,334,1,2026,8,-4.295,5,16,0.7,326 327 330 331 334,True,3.61,3.64
XL27,neuroprotege solo a 100 uM,"neuroprotege solo a 100 uM (XL20 lo hace a 6,25 uM); sin union medida",23,334,1,2026,9,-4.289,5,18,0.78,326 327 330 331 334,True,3.62,3.45
XL27,neuroprotege solo a 100 uM,"neuroprotege solo a 100 uM (XL20 lo hace a 6,25 uM); sin union medida",23,334,1,777,1,-5.376,5,17,0.74,330 331 334 335 338,True,3.66,3.54
XL27,neuroprotege solo a 100 uM,"neuroprotege solo a 100 uM (XL20 lo hace a 6,25 uM); sin union medida",23,334,1,777,2,-5.103,5,21,0.91,331 334 335 338 342,True,3.58,3.58
XL27,neuroprotege solo a 100 uM,"neuroprotege solo a 100 uM (XL20 lo hace a 6,25 uM); sin union medida",23,334,1,777,3,-5.015,8,19,0.83,331 334 335 337 338 341 342 346,True,3.48,3.35
XL27,neuroprotege solo a 100 uM,"neuroprotege solo a 100 uM (XL20 lo hace a 6,25 uM); sin union medida",23,334,1,777,4,-4.925,4,19,0.83,327 330 331 334,True,3.68,3.52
XL27,neuroprotege solo a 100 uM,"neuroprotege solo a 100 uM (XL20 lo hace a 6,25 uM); sin union medida",23,334,1,777,5,-4.918,4,16,0.7,327 330 331 334,True,3.67,3.57
XL27,neuroprotege solo a 100 uM,"neuroprotege solo a 100 uM (XL20 lo hace a 6,25 uM); sin union medida",23,334,1,777,6,-4.896,4,16,0.7,327 330 331 334,True,3.6,3.52
XL27,neuroprotege solo a 100 uM,"neuroprotege solo a 100 uM (XL20 lo hace a 6,25 uM); sin union medida",23,334,1,777,7,-4.893,4,16,0.7,327 330 331 334,True,3.7,3.52
XL27,neuroprotege solo a 100 uM,"neuroprotege solo a 100 uM (XL20 lo hace a 6,25 uM); sin union medida",23,334,1,777,8,-4.859,4,19,0.83,330 331 333 334,True,3.57,3.27
XL27,neuroprotege solo a 100 uM,"neuroprotege solo a 100 uM (XL20 lo hace a 6,25 uM); sin union medida",23,334,1,777,9,-4.856,5,16,0.7,326 327 330 331 334,True,5.15,3.57
XL27,neuroprotege solo a 100 uM,"neuroprotege solo a 100 uM (XL20 lo hace a 6,25 uM); sin union medida",23,334,2,42,1,-5.705,6,19,0.83,331 334 335 338 339 342,True,3.76,3.48
XL27,neuroprotege solo a 100 uM,"neuroprotege solo a 100 uM (XL20 lo hace a 6,25 uM); sin union medida",23,334,2,42,2,-5.505,6,18,0.78,331 334 335 338 339 342,True,3.73,3.39
XL27,neuroprotege solo a 100 uM,"neuroprotege solo a 100 uM (XL20 lo hace a 6,25 uM); sin union medida",23,334,2,42,3,-5.492,8,17,0.74,311 313 314 318 323 324 327 331,False,8.0,6.72
XL27,neuroprotege solo a 100 uM,"neuroprotege solo a 100 uM (XL20 lo hace a 6,25 uM); sin union medida",23,334,2,42,4,-5.483,5,16,0.7,327 330 331 334 335,True,3.54,3.49
XL27,neuroprotege solo a 100 uM,"neuroprotege solo a 100 uM (XL20 lo hace a 6,25 uM); sin union medida",23,334,2,42,5,-5.433,4,16,0.7,327 330 331 334,True,3.57,3.49
XL27,neuroprotege solo a 100 uM,"neuroprotege solo a 100 uM (XL20 lo hace a 6,25 uM); sin union medida",23,334,2,42,6,-5.397,4,15,0.65,327 330 331 334,True,3.75,3.38
XL27,neuroprotege solo a 100 uM,"neuroprotege solo a 100 uM (XL20 lo hace a 6,25 uM); sin union medida",23,334,2,42,7,-5.237,4,18,0.78,327 330 331 334,True,3.74,3.44
XL27,neuroprotege solo a 100 uM,"neuroprotege solo a 100 uM (XL20 lo hace a 6,25 uM); sin union medida",23,334,2,42,8,-5.189,4,18,0.78,327 330 331 334,True,3.79,3.6
XL27,neuroprotege solo a 100 uM,"neuroprotege solo a 100 uM (XL20 lo hace a 6,25 uM); sin union medida",23,334,2,42,9,-5.105,5,17,0.74,327 330 331 333 334,True,3.61,3.51
XL27,neuroprotege solo a 100 uM,"neuroprotege solo a 100 uM (XL20 lo hace a 6,25 uM); sin union medida",23,334,2,2026,1,-5.188,6,18,0.78,331 334 335 338 339 342,True,3.79,3.41
XL27,neuroprotege solo a 100 uM,"neuroprotege solo a 100 uM (XL20 lo hace a 6,25 uM); sin union medida",23,334,2,2026,2,-5.017,8,19,0.83,331 334 335 337 338 341 342 346,True,3.61,3.57
XL27,neuroprotege solo a 100 uM,"neuroprotege solo a 100 uM (XL20 lo hace a 6,25 uM); sin union medida",23,334,2,2026,3,-5.014,4,16,0.7,327 330 331 334,True,3.61,3.49
XL27,neuroprotege solo a 100 uM,"neuroprotege solo a 100 uM (XL20 lo hace a 6,25 uM); sin union medida",23,334,2,2026,4,-4.96,6,17,0.74,331 334 335 338 339 342,True,3.76,3.43
XL27,neuroprotege solo a 100 uM,"neuroprotege solo a 100 uM (XL20 lo hace a 6,25 uM); sin union medida",23,334,2,2026,5,-4.933,5,18,0.78,327 330 331 334 335,True,3.53,3.48
XL27,neuroprotege solo a 100 uM,"neuroprotege solo a 100 uM (XL20 lo hace a 6,25 uM); sin union medida",23,334,2,2026,6,-4.784,4,16,0.7,327 330 331 334,True,3.73,3.34
XL27,neuroprotege solo a 100 uM,"neuroprotege solo a 100 uM (XL20 lo hace a 6,25 uM); sin union medida",23,334,2,2026,7,-4.761,6,20,0.87,311 313 318 324 327 331,False,8.6,6.78
XL27,neuroprotege solo a 100 uM,"neuroprotege solo a 100 uM (XL20 lo hace a 6,25 uM); sin union medida",23,334,2,2026,8,-4.731,4,15,0.65,327 330 331 334,True,3.57,3.58
XL27,neuroprotege solo a 100 uM,"neuroprotege solo a 100 uM (XL20 lo hace a 6,25 uM); sin union medida",23,334,2,2026,9,-4.703,4,19,0.83,327 330 331 334,True,3.69,3.58
XL27,neuroprotege solo a 100 uM,"neuroprotege solo a 100 uM (XL20 lo hace a 6,25 uM); sin union medida",23,334,2,777,1,-5.752,6,19,0.83,331 334 335 338 339 342,True,3.8,3.46
XL27,neuroprotege solo a 100 uM,"neuroprotege solo a 100 uM (XL20 lo hace a 6,25 uM); sin union medida",23,334,2,777,2,-5.591,8,19,0.83,331 334 335 337 338 341 342 346,True,3.6,3.57
XL27,neuroprotege solo a 100 uM,"neuroprotege solo a 100 uM (XL20 lo hace a 6,25 uM); sin union medida",23,334,2,777,3,-5.556,4,16,0.7,327 330 331 334,True,3.62,3.44
XL27,neuroprotege solo a 100 uM,"neuroprotege solo a 100 uM (XL20 lo hace a 6,25 uM); sin union medida",23,334,2,777,4,-5.493,6,18,0.78,331 334 335 338 339 342,True,3.78,3.45
XL27,neuroprotege solo a 100 uM,"neuroprotege solo a 100 uM (XL20 lo hace a 6,25 uM); sin union medida",23,334,2,777,5,-5.457,5,18,0.78,327 330 331 334 335,True,3.55,3.49
XL27,neuroprotege solo a 100 uM,"neuroprotege solo a 100 uM (XL20 lo hace a 6,25 uM); sin union medida",23,334,2,777,6,-5.274,4,18,0.78,327 330 331 334,True,3.61,3.6
XL27,neuroprotege solo a 100 uM,"neuroprotege solo a 100 uM (XL20 lo hace a 6,25 uM); sin union medida",23,334,2,777,7,-5.226,4,15,0.65,327 330 331 334,True,3.94,3.57
XL27,neuroprotege solo a 100 uM,"neuroprotege solo a 100 uM (XL20 lo hace a 6,25 uM); sin union medida",23,334,2,777,8,-5.14,5,15,0.65,327 330 331 333 334,True,3.75,3.43
XL27,neuroprotege solo a 100 uM,"neuroprotege solo a 100 uM (XL20 lo hace a 6,25 uM); sin union medida",23,334,2,777,9,-4.963,5,17,0.74,327 330 331 333 334,True,3.94,3.49
XL27,neuroprotege solo a 100 uM,"neuroprotege solo a 100 uM (XL20 lo hace a 6,25 uM); sin union medida",23,334,3,42,1,-5.295,9,11,0.48,311 312 313 314 318 323 327 328 331,False,7.13,5.0
XL27,neuroprotege solo a 100 uM,"neuroprotege solo a 100 uM (XL20 lo hace a 6,25 uM); sin union medida",23,334,3,42,2,-5.206,10,16,0.7,311 312 313 314 318 323 324 327 328 331,False,7.49,5.44
XL27,neuroprotege solo a 100 uM,"neuroprotege solo a 100 uM (XL20 lo hace a 6,25 uM); sin union medida",23,334,3,42,3,-5.132,8,17,0.74,311 312 313 323 324 327 328 331,False,7.21,5.16
XL27,neuroprotege solo a 100 uM,"neuroprotege solo a 100 uM (XL20 lo hace a 6,25 uM); sin union medida",23,334,3,42,4,-5.009,4,16,0.7,327 330 331 334,True,3.77,3.47
XL27,neuroprotege solo a 100 uM,"neuroprotege solo a 100 uM (XL20 lo hace a 6,25 uM); sin union medida",23,334,3,42,5,-4.955,5,16,0.7,326 327 330 331 334,True,3.8,3.4
XL27,neuroprotege solo a 100 uM,"neuroprotege solo a 100 uM (XL20 lo hace a 6,25 uM); sin union medida",23,334,3,42,6,-4.919,6,17,0.74,331 334 335 337 338 342,True,3.7,3.49
XL27,neuroprotege solo a 100 uM,"neuroprotege solo a 100 uM (XL20 lo hace a 6,25 uM); sin union medida",23,334,3,42,7,-4.901,4,18,0.78,327 330 331 334,True,3.65,3.54
XL27,neuroprotege solo a 100 uM,"neuroprotege solo a 100 uM (XL20 lo hace a 6,25 uM); sin union medida",23,334,3,42,8,-4.864,10,17,0.74,311 312 313 314 318 323 324 327 328 331,False,9.0,7.41
XL27,neuroprotege solo a 100 uM,"neuroprotege solo a 100 uM (XL20 lo hace a 6,25 uM); sin union medida",23,334,3,42,9,-4.672,4,16,0.7,327 330 331 334,True,3.72,3.46
XL27,neuroprotege solo a 100 uM,"neuroprotege solo a 100 uM (XL20 lo hace a 6,25 uM); sin union medida",23,334,3,2026,1,-5.174,9,18,0.78,307 311 312 313 323 324 327 328 331,False,6.83,4.66
XL27,neuroprotege solo a 100 uM,"neuroprotege solo a 100 uM (XL20 lo hace a 6,25 uM); sin union medida",23,334,3,2026,2,-5.063,8,12,0.52,311 312 318 323 324 327 328 331,False,6.17,4.09
XL27,neuroprotege solo a 100 uM,"neuroprotege solo a 100 uM (XL20 lo hace a 6,25 uM); sin union medida",23,334,3,2026,3,-5.035,10,12,0.52,311 312 313 314 318 323 324 327 328 331,False,9.4,7.73
XL27,neuroprotege solo a 100 uM,"neuroprotege solo a 100 uM (XL20 lo hace a 6,25 uM); sin union medida",23,334,3,2026,4,-5.022,8,17,0.74,312 313 314 323 324 327 328 331,False,6.78,4.56
XL27,neuroprotege solo a 100 uM,"neuroprotege solo a 100 uM (XL20 lo hace a 6,25 uM); sin union medida",23,334,3,2026,5,-4.983,10,12,0.52,311 312 313 314 318 323 324 327 328 331,False,9.22,7.54
XL27,neuroprotege solo a 100 uM,"neuroprotege solo a 100 uM (XL20 lo hace a 6,25 uM); sin union medida",23,334,3,2026,6,-4.862,7,14,0.61,331 334 335 337 338 341 342,True,3.74,3.45
XL27,neuroprotege solo a 100 uM,"neuroprotege solo a 100 uM (XL20 lo hace a 6,25 uM); sin union medida",23,334,3,2026,7,-4.845,4,17,0.74,327 330 331 334,True,3.77,3.43
XL27,neuroprotege solo a 100 uM,"neuroprotege solo a 100 uM (XL20 lo hace a 6,25 uM); sin union medida",23,334,3,2026,8,-4.801,5,16,0.7,326 327 330 331 334,True,3.73,3.39
XL27,neuroprotege solo a 100 uM,"neuroprotege solo a 100 uM (XL20 lo hace a 6,25 uM); sin union medida",23,334,3,2026,9,-4.766,4,18,0.78,327 330 331 334,True,3.62,3.55
XL27,neuroprotege solo a 100 uM,"neuroprotege solo a 100 uM (XL20 lo hace a 6,25 uM); sin union medida",23,334,3,777,1,-5.654,10,11,0.48,311 312 313 314 318 323 324 327 328 331,False,9.07,7.37
XL27,neuroprotege solo a 100 uM,"neuroprotege solo a 100 uM (XL20 lo hace a 6,25 uM); sin union medida",23,334,3,777,2,-5.634,10,11,0.48,311 312 313 314 318 323 327 328 331 334,True,5.82,3.7
XL27,neuroprotege solo a 100 uM,"neuroprotege solo a 100 uM (XL20 lo hace a 6,25 uM); sin union medida",23,334,3,777,3,-5.535,9,16,0.7,311 312 313 314 323 324 327 328 331,False,7.27,5.18
XL27,neuroprotege solo a 100 uM,"neuroprotege solo a 100 uM (XL20 lo hace a 6,25 uM); sin union medida",23,334,3,777,4,-5.342,4,16,0.7,327 330 331 334,True,3.74,3.5
XL27,neuroprotege solo a 100 uM,"neuroprotege solo a 100 uM (XL20 lo hace a 6,25 uM); sin union medida",23,334,3,777,5,-5.321,7,17,0.74,331 334 335 337 338 341 342,True,3.69,3.48
XL27,neuroprotege solo a 100 uM,"neuroprotege solo a 100 uM (XL20 lo hace a 6,25 uM); sin union medida",23,334,3,777,6,-5.274,5,15,0.65,326 327 330 331 334,True,3.79,3.39
XL27,neuroprotege solo a 100 uM,"neuroprotege solo a 100 uM (XL20 lo hace a 6,25 uM); sin union medida",23,334,3,777,7,-5.242,4,18,0.78,327 330 331 334,True,3.65,3.56
XL27,neuroprotege solo a 100 uM,"neuroprotege solo a 100 uM (XL20 lo hace a 6,25 uM); sin union medida",23,334,3,777,8,-5.203,9,14,0.61,311 312 313 314 318 323 327 328 331,False,10.1,8.27
XL27,neuroprotege solo a 100 uM,"neuroprotege solo a 100 uM (XL20 lo hace a 6,25 uM); sin union medida",23,334,3,777,9,-5.195,4,16,0.7,327 330 331 334,True,3.79,3.46
XL27,neuroprotege solo a 100 uM,"neuroprotege solo a 100 uM (XL20 lo hace a 6,25 uM); sin union medida",23,334,4,42,1,-6.089,11,17,0.74,331 334 335 337 338 339 341 342 347 348 349,True,4.01,3.64
XL27,neuroprotege solo a 100 uM,"neuroprotege solo a 100 uM (XL20 lo hace a 6,25 uM); sin union medida",23,334,4,42,2,-5.853,8,20,0.87,331 334 335 337 338 341 347 349,True,3.8,3.44
XL27,neuroprotege solo a 100 uM,"neuroprotege solo a 100 uM (XL20 lo hace a 6,25 uM); sin union medida",23,334,4,42,3,-5.837,7,13,0.57,328 331 332 334 335 338 349,True,3.67,3.51
XL27,neuroprotege solo a 100 uM,"neuroprotege solo a 100 uM (XL20 lo hace a 6,25 uM); sin union medida",23,334,4,42,4,-5.735,6,18,0.78,331 332 334 335 338 349,True,4.4,3.62
XL27,neuroprotege solo a 100 uM,"neuroprotege solo a 100 uM (XL20 lo hace a 6,25 uM); sin union medida",23,334,4,42,5,-5.709,9,18,0.78,334 335 337 338 341 342 347 348 349,True,4.59,3.48
XL27,neuroprotege solo a 100 uM,"neuroprotege solo a 100 uM (XL20 lo hace a 6,25 uM); sin union medida",23,334,4,42,6,-5.544,7,13,0.57,331 334 335 338 341 347 349,True,3.68,3.42
XL27,neuroprotege solo a 100 uM,"neuroprotege solo a 100 uM (XL20 lo hace a 6,25 uM); sin union medida",23,334,4,42,7,-5.522,5,15,0.65,331 334 335 338 349,True,3.47,3.33
XL27,neuroprotege solo a 100 uM,"neuroprotege solo a 100 uM (XL20 lo hace a 6,25 uM); sin union medida",23,334,4,42,8,-5.514,6,18,0.78,328 331 334 335 338 349,True,3.63,3.38
XL27,neuroprotege solo a 100 uM,"neuroprotege solo a 100 uM (XL20 lo hace a 6,25 uM); sin union medida",23,334,4,42,9,-5.505,8,20,0.87,334 335 337 338 341 347 348 349,True,3.43,2.92
XL27,neuroprotege solo a 100 uM,"neuroprotege solo a 100 uM (XL20 lo hace a 6,25 uM); sin union medida",23,334,4,2026,1,-5.497,8,17,0.74,331 334 335 338 339 341 347 349,True,3.99,3.58
XL27,neuroprotege solo a 100 uM,"neuroprotege solo a 100 uM (XL20 lo hace a 6,25 uM); sin union medida",23,334,4,2026,2,-5.419,7,16,0.7,331 332 334 335 338 339 349,True,3.59,3.48
XL27,neuroprotege solo a 100 uM,"neuroprotege solo a 100 uM (XL20 lo hace a 6,25 uM); sin union medida",23,334,4,2026,3,-5.339,8,17,0.74,334 335 337 338 341 347 348 349,True,3.86,3.61
XL27,neuroprotege solo a 100 uM,"neuroprotege solo a 100 uM (XL20 lo hace a 6,25 uM); sin union medida",23,334,4,2026,4,-5.25,6,17,0.74,331 332 334 335 338 349,True,3.49,3.44
XL27,neuroprotege solo a 100 uM,"neuroprotege solo a 100 uM (XL20 lo hace a 6,25 uM); sin union medida",23,334,4,2026,5,-5.23,7,17,0.74,331 332 334 335 338 339 349,True,4.38,3.64
XL27,neuroprotege solo a 100 uM,"neuroprotege solo a 100 uM (XL20 lo hace a 6,25 uM); sin union medida",23,334,4,2026,6,-5.071,7,18,0.78,328 331 332 334 335 338 349,True,3.64,3.56
XL27,neuroprotege solo a 100 uM,"neuroprotege solo a 100 uM (XL20 lo hace a 6,25 uM); sin union medida",23,334,4,2026,7,-5.027,5,18,0.78,331 334 335 338 349,True,3.56,3.34
XL27,neuroprotege solo a 100 uM,"neuroprotege solo a 100 uM (XL20 lo hace a 6,25 uM); sin union medida",23,334,4,2026,8,-4.914,9,17,0.74,331 334 335 337 338 341 347 348 349,True,3.66,3.63
XL27,neuroprotege solo a 100 uM,"neuroprotege solo a 100 uM (XL20 lo hace a 6,25 uM); sin union medida",23,334,4,2026,9,-4.865,7,16,0.7,331 334 335 338 341 347 349,True,3.35,3.43
XL27,neuroprotege solo a 100 uM,"neuroprotege solo a 100 uM (XL20 lo hace a 6,25 uM); sin union medida",23,334,4,777,1,-6.043,9,17,0.74,328 331 332 334 335 338 347 348 349,True,3.8,3.61
XL27,neuroprotege solo a 100 uM,"neuroprotege solo a 100 uM (XL20 lo hace a 6,25 uM); sin union medida",23,334,4,777,2,-6.03,8,15,0.65,334 335 337 338 339 341 347 349,True,3.7,3.67
XL27,neuroprotege solo a 100 uM,"neuroprotege solo a 100 uM (XL20 lo hace a 6,25 uM); sin union medida",23,334,4,777,3,-5.909,6,17,0.74,331 334 335 338 339 349,True,3.61,3.45
XL27,neuroprotege solo a 100 uM,"neuroprotege solo a 100 uM (XL20 lo hace a 6,25 uM); sin union medida",23,334,4,777,4,-5.815,9,16,0.7,334 335 337 338 339 341 347 348 349,True,3.81,3.49
XL27,neuroprotege solo a 100 uM,"neuroprotege solo a 100 uM (XL20 lo hace a 6,25 uM); sin union medida",23,334,4,777,5,-5.814,8,19,0.83,331 334 335 337 338 341 347 349,True,4.05,3.44
XL27,neuroprotege solo a 100 uM,"neuroprotege solo a 100 uM (XL20 lo hace a 6,25 uM); sin union medida",23,334,4,777,6,-5.679,6,18,0.78,331 332 334 335 338 349,True,4.34,3.56
XL27,neuroprotege solo a 100 uM,"neuroprotege solo a 100 uM (XL20 lo hace a 6,25 uM); sin union medida",23,334,4,777,7,-5.66,7,14,0.61,331 334 335 338 341 347 349,True,3.58,3.47
XL27,neuroprotege solo a 100 uM,"neuroprotege solo a 100 uM (XL20 lo hace a 6,25 uM); sin union medida",23,334,4,777,8,-5.658,10,19,0.83,331 334 335 337 338 339 341 347 348 349,True,3.95,3.25
XL27,neuroprotege solo a 100 uM,"neuroprotege solo a 100 uM (XL20 lo hace a 6,25 uM); sin union medida",23,334,4,777,9,-5.65,9,16,0.7,331 334 335 337 338 341 347 348 349,True,3.75,3.3
XL27,neuroprotege solo a 100 uM,"neuroprotege solo a 100 uM (XL20 lo hace a 6,25 uM); sin union medida",23,334,5,42,1,-5.169,7,20,0.87,331 334 335 337 338 339 349,True,3.69,3.51
XL27,neuroprotege solo a 100 uM,"neuroprotege solo a 100 uM (XL20 lo hace a 6,25 uM); sin union medida",23,334,5,42,2,-5.156,7,18,0.78,331 332 334 335 338 339 349,True,4.53,3.58
XL27,neuroprotege solo a 100 uM,"neuroprotege solo a 100 uM (XL20 lo hace a 6,25 uM); sin union medida",23,334,5,42,3,-5.133,7,18,0.78,331 332 334 335 338 339 349,True,3.44,3.46
XL27,neuroprotege solo a 100 uM,"neuroprotege solo a 100 uM (XL20 lo hace a 6,25 uM); sin union medida",23,334,5,42,4,-5.074,7,19,0.83,331 332 334 335 338 339 349,True,3.7,3.54
XL27,neuroprotege solo a 100 uM,"neuroprotege solo a 100 uM (XL20 lo hace a 6,25 uM); sin union medida",23,334,5,42,5,-5.02,10,15,0.65,331 334 335 337 338 341 342 347 348 349,True,4.28,3.29
XL27,neuroprotege solo a 100 uM,"neuroprotege solo a 100 uM (XL20 lo hace a 6,25 uM); sin union medida",23,334,5,42,6,-4.98,8,19,0.83,331 334 335 337 338 341 347 349,True,3.69,3.64
XL27,neuroprotege solo a 100 uM,"neuroprotege solo a 100 uM (XL20 lo hace a 6,25 uM); sin union medida",23,334,5,42,7,-4.973,6,18,0.78,331 334 335 338 339 349,True,5.51,4.26
XL27,neuroprotege solo a 100 uM,"neuroprotege solo a 100 uM (XL20 lo hace a 6,25 uM); sin union medida",23,334,5,42,8,-4.922,9,16,0.7,334 335 337 338 341 342 347 348 349,True,3.85,3.29
XL27,neuroprotege solo a 100 uM,"neuroprotege solo a 100 uM (XL20 lo hace a 6,25 uM); sin union medida",23,334,5,42,9,-4.885,6,16,0.7,331 332 334 335 338 349,True,4.6,3.48
XL27,neuroprotege solo a 100 uM,"neuroprotege solo a 100 uM (XL20 lo hace a 6,25 uM); sin union medida",23,334,5,2026,1,-5.348,7,19,0.83,331 334 335 337 338 347 349,True,3.97,3.5
XL27,neuroprotege solo a 100 uM,"neuroprotege solo a 100 uM (XL20 lo hace a 6,25 uM); sin union medida",23,334,5,2026,2,-5.209,7,20,0.87,331 332 334 335 338 339 349,True,4.51,3.6
XL27,neuroprotege solo a 100 uM,"neuroprotege solo a 100 uM (XL20 lo hace a 6,25 uM); sin union medida",23,334,5,2026,3,-5.157,9,16,0.7,334 335 337 338 341 342 347 348 349,True,3.8,3.56
XL27,neuroprotege solo a 100 uM,"neuroprotege solo a 100 uM (XL20 lo hace a 6,25 uM); sin union medida",23,334,5,2026,4,-5.119,6,19,0.83,331 334 335 338 339 349,True,3.54,3.45
XL27,neuroprotege solo a 100 uM,"neuroprotege solo a 100 uM (XL20 lo hace a 6,25 uM); sin union medida",23,334,5,2026,5,-5.037,6,18,0.78,328 331 332 334 335 349,True,4.95,3.63
XL27,neuroprotege solo a 100 uM,"neuroprotege solo a 100 uM (XL20 lo hace a 6,25 uM); sin union medida",23,334,5,2026,6,-4.948,7,17,0.74,331 334 335 337 338 341 349,True,3.61,3.64
XL27,neuroprotege solo a 100 uM,"neuroprotege solo a 100 uM (XL20 lo hace a 6,25 uM); sin union medida",23,334,5,2026,7,-4.858,6,16,0.7,331 332 334 335 338 349,True,3.67,3.65
XL27,neuroprotege solo a 100 uM,"neuroprotege solo a 100 uM (XL20 lo hace a 6,25 uM); sin union medida",23,334,5,2026,8,-4.837,8,18,0.78,331 334 335 337 338 341 347 349,True,4.24,3.39
XL27,neuroprotege solo a 100 uM,"neuroprotege solo a 100 uM (XL20 lo hace a 6,25 uM); sin union medida",23,334,5,2026,9,-4.749,8,15,0.65,331 334 335 337 338 341 347 349,True,4.63,3.46
XL27,neuroprotege solo a 100 uM,"neuroprotege solo a 100 uM (XL20 lo hace a 6,25 uM); sin union medida",23,334,5,777,1,-6.033,8,18,0.78,331 334 335 337 338 341 347 349,True,5.0,3.55
XL27,neuroprotege solo a 100 uM,"neuroprotege solo a 100 uM (XL20 lo hace a 6,25 uM); sin union medida",23,334,5,777,2,-5.87,8,18,0.78,331 334 335 337 338 341 347 349,True,4.81,3.51
XL27,neuroprotege solo a 100 uM,"neuroprotege solo a 100 uM (XL20 lo hace a 6,25 uM); sin union medida",23,334,5,777,3,-5.775,10,16,0.7,331 334 335 337 338 341 342 347 348 349,True,3.71,3.53
XL27,neuroprotege solo a 100 uM,"neuroprotege solo a 100 uM (XL20 lo hace a 6,25 uM); sin union medida",23,334,5,777,4,-5.755,6,19,0.83,331 334 335 338 339 349,True,3.52,3.49
XL27,neuroprotege solo a 100 uM,"neuroprotege solo a 100 uM (XL20 lo hace a 6,25 uM); sin union medida",23,334,5,777,5,-5.737,6,19,0.83,331 332 334 335 338 349,True,4.35,3.52
XL27,neuroprotege solo a 100 uM,"neuroprotege solo a 100 uM (XL20 lo hace a 6,25 uM); sin union medida",23,334,5,777,6,-5.72,8,19,0.83,331 334 335 337 338 341 347 349,True,4.43,3.47
XL27,neuroprotege solo a 100 uM,"neuroprotege solo a 100 uM (XL20 lo hace a 6,25 uM); sin union medida",23,334,5,777,7,-5.639,8,18,0.78,327 328 331 332 334 335 338 349,True,3.72,3.54
XL27,neuroprotege solo a 100 uM,"neuroprotege solo a 100 uM (XL20 lo hace a 6,25 uM); sin union medida",23,334,5,777,8,-5.634,7,18,0.78,328 331 332 334 335 338 349,True,4.65,3.52
XL27,neuroprotege solo a 100 uM,"neuroprotege solo a 100 uM (XL20 lo hace a 6,25 uM); sin union medida",23,334,5,777,9,-5.503,7,17,0.74,334 335 337 338 341 347 349,True,3.9,3.5
XL27,neuroprotege solo a 100 uM,"neuroprotege solo a 100 uM (XL20 lo hace a 6,25 uM); sin union medida",23,334,6,42,1,-5.16,6,18,0.78,326 327 330 331 333 334,True,3.78,3.57
XL27,neuroprotege solo a 100 uM,"neuroprotege solo a 100 uM (XL20 lo hace a 6,25 uM); sin union medida",23,334,6,42,2,-5.079,6,15,0.65,331 334 337 338 339 342,True,3.72,3.56
XL27,neuroprotege solo a 100 uM,"neuroprotege solo a 100 uM (XL20 lo hace a 6,25 uM); sin union medida",23,334,6,42,3,-4.985,5,21,0.91,326 327 330 331 334,True,3.8,3.47
XL27,neuroprotege solo a 100 uM,"neuroprotege solo a 100 uM (XL20 lo hace a 6,25 uM); sin union medida",23,334,6,42,4,-4.978,5,15,0.65,326 327 330 331 334,True,3.64,3.64
XL27,neuroprotege solo a 100 uM,"neuroprotege solo a 100 uM (XL20 lo hace a 6,25 uM); sin union medida",23,334,6,42,5,-4.813,6,17,0.74,326 327 330 331 333 334,True,3.65,3.3
XL27,neuroprotege solo a 100 uM,"neuroprotege solo a 100 uM (XL20 lo hace a 6,25 uM); sin union medida",23,334,6,42,6,-4.73,5,19,0.83,327 330 331 333 334,True,3.62,3.22
XL27,neuroprotege solo a 100 uM,"neuroprotege solo a 100 uM (XL20 lo hace a 6,25 uM); sin union medida",23,334,6,42,7,-4.632,5,19,0.83,326 327 330 331 334,True,3.78,3.48
XL27,neuroprotege solo a 100 uM,"neuroprotege solo a 100 uM (XL20 lo hace a 6,25 uM); sin union medida",23,334,6,42,8,-4.613,4,18,0.78,327 330 331 334,True,3.67,3.57
XL27,neuroprotege solo a 100 uM,"neuroprotege solo a 100 uM (XL20 lo hace a 6,25 uM); sin union medida",23,334,6,42,9,-4.554,4,15,0.65,327 330 331 334,True,3.74,3.39
XL27,neuroprotege solo a 100 uM,"neuroprotege solo a 100 uM (XL20 lo hace a 6,25 uM); sin union medida",23,334,6,2026,1,-5.064,6,16,0.7,331 334 337 338 339 342,True,3.68,3.49
XL27,neuroprotege solo a 100 uM,"neuroprotege solo a 100 uM (XL20 lo hace a 6,25 uM); sin union medida",23,334,6,2026,2,-4.833,5,15,0.65,326 327 330 331 334,True,3.68,3.61
XL27,neuroprotege solo a 100 uM,"neuroprotege solo a 100 uM (XL20 lo hace a 6,25 uM); sin union medida",23,334,6,2026,3,-4.822,5,21,0.91,326 327 330 331 334,True,3.8,3.46
XL27,neuroprotege solo a 100 uM,"neuroprotege solo a 100 uM (XL20 lo hace a 6,25 uM); sin union medida",23,334,6,2026,4,-4.794,5,15,0.65,327 330 331 333 334,True,3.68,3.45
XL27,neuroprotege solo a 100 uM,"neuroprotege solo a 100 uM (XL20 lo hace a 6,25 uM); sin union medida",23,334,6,2026,5,-4.713,6,15,0.65,326 327 330 331 333 334,True,3.72,3.04
XL27,neuroprotege solo a 100 uM,"neuroprotege solo a 100 uM (XL20 lo hace a 6,25 uM); sin union medida",23,334,6,2026,6,-4.654,7,18,0.78,331 334 335 337 338 339 342,True,3.82,3.39
XL27,neuroprotege solo a 100 uM,"neuroprotege solo a 100 uM (XL20 lo hace a 6,25 uM); sin union medida",23,334,6,2026,7,-4.597,5,17,0.74,326 327 330 331 334,True,3.59,3.57
XL27,neuroprotege solo a 100 uM,"neuroprotege solo a 100 uM (XL20 lo hace a 6,25 uM); sin union medida",23,334,6,2026,8,-4.526,6,17,0.74,323 326 327 330 331 334,True,3.78,3.49
XL27,neuroprotege solo a 100 uM,"neuroprotege solo a 100 uM (XL20 lo hace a 6,25 uM); sin union medida",23,334,6,2026,9,-4.509,5,16,0.7,327 330 331 333 334,True,3.9,3.33
XL27,neuroprotege solo a 100 uM,"neuroprotege solo a 100 uM (XL20 lo hace a 6,25 uM); sin union medida",23,334,6,777,1,-5.248,6,16,0.7,331 334 337 338 339 342,True,3.7,3.55
XL27,neuroprotege solo a 100 uM,"neuroprotege solo a 100 uM (XL20 lo hace a 6,25 uM); sin union medida",23,334,6,777,2,-5.1,6,17,0.74,326 327 330 331 333 334,True,3.71,3.52
XL27,neuroprotege solo a 100 uM,"neuroprotege solo a 100 uM (XL20 lo hace a 6,25 uM); sin union medida",23,334,6,777,3,-4.963,5,15,0.65,326 327 330 331 334,True,3.6,3.62
XL27,neuroprotege solo a 100 uM,"neuroprotege solo a 100 uM (XL20 lo hace a 6,25 uM); sin union medida",23,334,6,777,4,-4.938,5,22,0.96,326 327 330 331 334,True,3.81,3.47
XL27,neuroprotege solo a 100 uM,"neuroprotege solo a 100 uM (XL20 lo hace a 6,25 uM); sin union medida",23,334,6,777,5,-4.905,5,14,0.61,327 330 331 333 334,True,3.69,3.48
XL27,neuroprotege solo a 100 uM,"neuroprotege solo a 100 uM (XL20 lo hace a 6,25 uM); sin union medida",23,334,6,777,6,-4.702,5,17,0.74,326 327 330 331 334,True,3.61,3.55
XL27,neuroprotege solo a 100 uM,"neuroprotege solo a 100 uM (XL20 lo hace a 6,25 uM); sin union medida",23,334,6,777,7,-4.693,5,14,0.61,326 327 330 331 334,True,3.71,3.43
XL27,neuroprotege solo a 100 uM,"neuroprotege solo a 100 uM (XL20 lo hace a 6,25 uM); sin union medida",23,334,6,777,8,-4.657,5,15,0.65,327 330 331 333 334,True,4.16,3.44
XL27,neuroprotege solo a 100 uM,"neuroprotege solo a 100 uM (XL20 lo hace a 6,25 uM); sin union medida",23,334,6,777,9,-4.649,4,18,0.78,327 330 331 334,True,3.62,3.53
