name,chembl_id,smiles
PRAZOSIN,CHEMBL2,COc1cc2nc(N3CCN(C(=O)c4ccco4)CC3)nc(N)c2cc1OC
NICOTINE,CHEMBL3,CN1CCC[C@H]1c1cccnc1
OFLOXACIN,CHEMBL4,CC1COc2c(N3CCN(C)CC3)c(F)cc3c(=O)c(C(=O)O)cn1c23
NALIDIXIC ACID,CHEMBL5,CCn1cc(C(=O)O)c(=O)c2ccc(C)nc21
INDOMETHACIN,CHEMBL6,COc1ccc2c(c1)c(CC(=O)O)c(C)n2C(=O)c1ccc(Cl)cc1
SULBACTAM,CHEMBL403,CC1(C)[C@H](C(=O)O)N2C(=O)C[C@H]2S1(=O)=O
TAZOBACTAM,CHEMBL404,C[C@]1(Cn2ccnn2)[C@H](C(=O)O)N2C(=O)C[C@H]2S1(=O)=O
CIPROFLOXACIN,CHEMBL8,O=C(O)c1cn(C2CC2)c2cc(N3CCNCC3)c(F)cc2c1=O
NORFLOXACIN,CHEMBL9,CCn1cc(C(=O)O)c(=O)c2cc(F)c(N3CCNCC3)cc21
AMPHETAMINE,CHEMBL405,CC(N)Cc1ccccc1
ISOSORBIDE DINITRATE,CHEMBL6622,O=[N+]([O-])O[C@H]1CO[C@H]2[C@@H]1OC[C@H]2O[N+](=O)[O-]
MIANSERIN,CHEMBL6437,CN1CCN2c3ccccc3Cc3ccccc3C2C1
IMIPRAMINE,CHEMBL11,CN(C)CCCN1c2ccccc2CCc2ccccc21
INDAPAMIDE,CHEMBL406,CC1Cc2ccccc2N1NC(=O)c1ccc(Cl)c(S(N)(=O)=O)c1
FLUMAZENIL,CHEMBL407,CCOC(=O)c1ncn2c1CN(C)C(=O)c1cc(F)ccc1-2
TROGLITAZONE,CHEMBL408,Cc1c(C)c2c(c(C)c1O)CCC(C)(COc1ccc(CC3SC(=O)NC3=O)cc1)O2
BICALUTAMIDE,CHEMBL409,CC(O)(CS(=O)(=O)c1ccc(F)cc1)C(=O)Nc1ccc(C#N)c(C(F)(F)F)c1
DIAZEPAM,CHEMBL12,CN1C(=O)CN=C(c2ccccc2)c2cc(Cl)ccc21
METOPROLOL,CHEMBL13,COCCc1ccc(OCC(O)CNC(C)C)cc1
DIETHYLSTILBESTROL,CHEMBL411,CC/C(=C(/CC)c1ccc(O)cc1)c1ccc(O)cc1
MECAMYLAMINE,CHEMBL267936,CNC1(C)C2CCC(C2)C1(C)C
CARBACHOL,CHEMBL14,C[N+](C)(C)CCOC(N)=O.[Cl-]
PHENYTOIN,CHEMBL16,O=C1NC(=O)C(c2ccccc2)(c2ccccc2)N1
SIROLIMUS,CHEMBL413,CO[C@H]1C[C@@H]2CC[C@@H](C)[C@@](O)(O2)C(=O)C(=O)N2CCCC[C@H]2C(=O)O[C@H]([C@H](C)C[C@@H]2CC[C@@H](O)[C@H](OC)C2)CC(=O)[C@H](C)/C=C(\C)[C@@H](O)[C@@H](OC)C(=O)[C@H](C)C[C@H](C)/C=C/C=C/C=C/1C
TACROLIMUS ANHYDROUS,CHEMBL269732,C=CC[C@@H]1/C=C(\C)C[C@H](C)C[C@H](OC)[C@H]2O[C@@](O)(C(=O)C(=O)N3CCCC[C@H]3C(=O)O[C@H](/C(C)=C/[C@@H]3CC[C@@H](O)[C@H](OC)C3)[C@H](C)[C@@H](O)CC1=O)[C@H](C)C[C@@H]2OC
CLOMIPRAMINE,CHEMBL415,CN(C)CCCN1c2ccccc2CCc2ccc(Cl)cc21
METHOXSALEN,CHEMBL416,COc1c2occc2cc2ccc(=O)oc12
DICHLORPHENAMIDE,CHEMBL17,NS(=O)(=O)c1cc(Cl)c(Cl)c(S(N)(=O)=O)c1
ETHOXZOLAMIDE,CHEMBL18,CCOc1ccc2nc(S(N)(=O)=O)sc2c1
EPIRUBICIN,CHEMBL417,COc1cccc2c1C(=O)c1c(O)c3c(c(O)c1C2=O)C[C@@](O)(C(=O)CO)C[C@@H]3O[C@H]1C[C@H](N)[C@@H](O)[C@H](C)O1
METHAZOLAMIDE,CHEMBL19,CC(=O)/N=c1/sc(S(N)(=O)=O)nn1C
ACETAZOLAMIDE,CHEMBL20,CC(=O)Nc1nnc(S(N)(=O)=O)s1
MAFENIDE,CHEMBL419,NCc1ccc(S(N)(=O)=O)cc1
SULFANILAMIDE,CHEMBL21,Nc1ccc(S(N)(=O)=O)cc1
GUANABENZ,CHEMBL420,N=C(N)N/N=C/c1c(Cl)cccc1Cl
TRIMETHOPRIM,CHEMBL22,COc1cc(Cc2cnc(N)nc2N)cc(OC)c1OC
VERAPAMIL,CHEMBL6966,COc1ccc(CCN(C)CCCC(C#N)(c2ccc(OC)c(OC)c2)C(C)C)cc1OC
SULFASALAZINE,CHEMBL421,O=C(O)c1cc(/N=N/c2ccc(S(=O)(=O)Nc3ccccn3)cc2)ccc1O
COUMARIN,CHEMBL6466,O=c1ccc2ccccc2o1
DILTIAZEM,CHEMBL23,COc1ccc([C@@H]2Sc3ccccc3N(CCN(C)C)C(=O)[C@@H]2OC(C)=O)cc1
ATENOLOL,CHEMBL24,CC(C)NCC(O)COc1ccc(CC(N)=O)cc1
ASPIRIN,CHEMBL25,CC(=O)Oc1ccccc1C(=O)O
TRIFLUOPERAZINE,CHEMBL422,CN1CCN(CCCN2c3ccccc3Sc3ccc(C(F)(F)F)cc32)CC1
SULPIRIDE,CHEMBL26,CCN1CCCC1CNC(=O)c1cc(S(N)(=O)=O)ccc1OC
BETAXOLOL,CHEMBL423,CC(C)NCC(O)COc1ccc(CCOCC2CC2)cc1
SALICYLIC ACID,CHEMBL424,O=C(O)c1ccccc1O
OLSALAZINE,CHEMBL425,O=C(O)c1cc(/N=N/c2ccc(O)c(C(=O)O)c2)ccc1O
PROPRANOLOL,CHEMBL27,CC(C)NCC(O)COc1cccc2ccccc12
PRACTOLOL,CHEMBL6995,CC(=O)Nc1ccc(OCC(O)CNC(C)C)cc1
MECHLORETHAMINE,CHEMBL427,CN(CCCl)CCCl
PENICILLIN G,CHEMBL29,CC1(C)S[C@@H]2[C@H](NC(=O)Cc3ccccc3)C(=O)N2[C@H]1C(=O)O
TROVAFLOXACIN,CHEMBL428,N[C@@H]1[C@H]2CN(c3nc4c(cc3F)c(=O)c(C(=O)O)cn4-c3ccc(F)cc3F)C[C@@H]12
CIMETIDINE,CHEMBL30,CN/C(=N\CCSCc1nc[nH]c1C)NC#N
GATIFLOXACIN,CHEMBL31,COc1c(N2CCNC(C)C2)c(F)cc2c(=O)c(C(=O)O)cn(C3CC3)c12
LABETALOL,CHEMBL429,CC(CCc1ccccc1)NCC(O)c1ccc(O)c(C(N)=O)c1
MOXIFLOXACIN,CHEMBL32,COc1c(N2C[C@@H]3CCCN[C@@H]3C2)c(F)cc2c(=O)c(C(=O)O)cn(C3CC3)c12
LEVOFLOXACIN ANHYDROUS,CHEMBL33,C[C@H]1COc2c(N3CCN(C)CC3)c(F)cc3c(=O)c(C(=O)O)cn1c23
GEMIFLOXACIN,CHEMBL430,CO/N=C1\CN(c2nc3c(cc2F)c(=O)c(C(=O)O)cn3C2CC2)CC1CN
SPIRAPRIL,CHEMBL431,CCOC(=O)[C@H](CCc1ccccc1)N[C@@H](C)C(=O)N1CC2(C[C@H]1C(=O)O)SCCS2
VALPROATE SODIUM,CHEMBL433,CCCC(CCC)C(=O)[O-].[Na+]
ISOPROTERENOL,CHEMBL434,CC(C)NCC(O)c1ccc(O)c(O)c1
HYDROCHLOROTHIAZIDE,CHEMBL435,NS(=O)(=O)c1cc2c(cc1Cl)NCNS2(=O)=O
FUROSEMIDE,CHEMBL35,NS(=O)(=O)c1cc(C(=O)O)c(NCc2ccco2)cc1Cl
PYRIMETHAMINE,CHEMBL36,CCc1nc(N)nc(N)c1-c1ccc(Cl)cc1
TOLRESTAT,CHEMBL436,COc1ccc2c(C(=S)N(C)CC(=O)O)cccc2c1C(F)(F)F
SULFATHIAZOLE,CHEMBL437,Nc1ccc(S(=O)(=O)Nc2nccs2)cc1
SULFAMERAZINE,CHEMBL438,Cc1ccnc(NS(=O)(=O)c2ccc(N)cc2)n1
SULFADIAZINE,CHEMBL439,Nc1ccc(S(=O)(=O)Nc2ncccn2)cc1
THIAMYLAL,CHEMBL440,C=CCC1(C(C)CCC)C(=O)NC(=S)NC1=O
THIOPENTAL,CHEMBL441,CCCC(C)C1(CC)C(=O)NC(=S)NC1=O
CYCLOBARBITAL,CHEMBL268164,CCC1(C2=CCCCC2)C(=O)NC(=O)NC1=O
ERGOTAMINE,CHEMBL442,CN1C[C@H](C(=O)N[C@]2(C)O[C@@]3(O)[C@@H]4CCCN4C(=O)[C@H](Cc4ccccc4)N3C2=O)C=C2c3cccc4[nH]cc(c34)C[C@H]21
TRETINOIN,CHEMBL38,CC1=C(/C=C/C(C)=C/C=C/C(C)=C/C(=O)O)C(C)(C)CCC1
METHOHEXITAL,CHEMBL7413,C=CCC1(C(C)C#CCC)C(=O)NC(=O)N(C)C1=O
PHENOBARBITAL,CHEMBL40,CCC1(c2ccccc2)C(=O)NC(=O)NC1=O
FLUOXETINE,CHEMBL41,CNCCC(Oc1ccc(C(F)(F)F)cc1)c1ccccc1
SULFAMETHOXAZOLE,CHEMBL443,Cc1cc(NS(=O)(=O)c2ccc(N)cc2)no1
BARBITAL,CHEMBL444,CCC1(CC)C(=O)NC(=O)NC1=O
CLOZAPINE,CHEMBL42,CN1CCN(C2=Nc3cc(Cl)ccc3Nc3ccccc32)CC1
NORTRIPTYLINE,CHEMBL445,CNCCC=C1c2ccccc2CCc2ccccc21
SULFAMETHAZINE,CHEMBL446,Cc1cc(C)nc(NS(=O)(=O)c2ccc(N)cc2)n1
SECOBARBITAL,CHEMBL447,C=CCC1(C(C)CCC)C(=O)NC(=O)NC1=O
PENTOBARBITAL,CHEMBL448,CCCC(C)C1(CC)C(=O)NC(=O)NC1=O
QUINACRINE,CHEMBL7568,CCN(CC)CCCC(C)Nc1c2ccc(Cl)cc2nc2ccc(OC)cc12
AMOBARBITAL,CHEMBL267894,CCC1(CCC(C)C)C(=O)NC(=O)NC1=O
HEXOBARBITAL,CHEMBL7728,CN1C(=O)NC(=O)C(C)(C2=CCCCC2)C1=O
BUTABARBITAL,CHEMBL449,CCC(C)C1(CC)C(=O)NC(=O)NC1=O
APROBARBITAL,CHEMBL7863,C=CCC1(C(C)C)C(=O)NC(=O)NC1=O
METHARBITAL,CHEMBL450,CCC1(CC)C(=O)NC(=O)N(C)C1=O
CHLORDIAZEPOXIDE,CHEMBL451,CNC1=Nc2ccc(Cl)cc2C(c2ccccc2)=[N+]([O-])C1
MELAGATRAN,CHEMBL266349,N=C(N)c1ccc(CNC(=O)[C@@H]2CCN2C(=O)[C@H](NCC(=O)O)C2CCCCC2)cc1
CLONAZEPAM,CHEMBL452,O=C1CN=C(c2ccccc2Cl)c2cc([N+](=O)[O-])ccc2N1
SULFISOXAZOLE,CHEMBL453,Cc1noc(NS(=O)(=O)c2ccc(N)cc2)c1C
SULFAMETHOXYPYRIDAZINE,CHEMBL268869,COc1ccc(NS(=O)(=O)c2ccc(N)cc2)nn1
BUTALBITAL,CHEMBL454,C=CCC1(CC(C)C)C(=O)NC(=O)NC1=O
SULFACETAMIDE,CHEMBL455,CC(=O)NS(=O)(=O)c1ccc(N)cc1
AMSACRINE,CHEMBL43,COc1cc(NS(C)(=O)=O)ccc1Nc1c2ccccc2nc2ccccc12
ETHACRYNIC ACID,CHEMBL456,C=C(CC)C(=O)c1ccc(OCC(=O)O)c(Cl)c1Cl
TICRYNAFEN,CHEMBL267744,O=C(O)COc1ccc(C(=O)c2cccs2)c(Cl)c1Cl
GEMFIBROZIL,CHEMBL457,Cc1ccc(C)c(OCCCC(C)(C)C(=O)O)c1
MELATONIN,CHEMBL45,COc1ccc2[nH]cc(CCNC(C)=O)c2c1
ONDANSETRON,CHEMBL46,Cc1nccn1CC1CCc2c(c3ccccc3n2C)C1=O
BUSPIRONE,CHEMBL49,O=C1CC2(CCCC2)CC(=O)N1CCCCN1CCN(c2ncccn2)CC1
KETANSERIN,CHEMBL51,O=C(c1ccc(F)cc1)C1CCN(CCn2c(=O)[nH]c3ccccc3c2=O)CC1
METHYLDOPA,CHEMBL459,C[C@](N)(Cc1ccc(O)c(O)c1)C(=O)O
MOLINDONE,CHEMBL460,CCc1c(C)[nH]c2c1C(=O)C(CN1CCOCC1)CC2
APOMORPHINE,CHEMBL53,CN1CCc2cccc3c2[C@H]1Cc1ccc(O)c(O)c1-3
HALOPERIDOL,CHEMBL54,O=C(CCCN1CCC(O)(c2ccc(Cl)cc2)CC1)c1ccc(F)cc1
PENTAMIDINE,CHEMBL55,N=C(N)c1ccc(OCCCCCOc2ccc(C(=N)N)cc2)cc1
AMINOHIPPURIC ACID,CHEMBL463,Nc1ccc(C(=O)NCC(=O)O)cc1
ETRETINATE,CHEMBL464,CCOC(=O)/C=C(C)/C=C/C=C(C)/C=C/c1c(C)cc(OC)c(C)c1C
NEVIRAPINE,CHEMBL57,Cc1ccnc2c1NC(=O)c1cccnc1N2C1CC1
DRONABINOL,CHEMBL465,CCCCCc1cc(O)c2c(c1)OC(C)(C)[C@@H]1CCC(C)=C[C@@H]21
MITOXANTRONE,CHEMBL58,O=C1c2c(O)ccc(O)c2C(=O)c2c(NCCNCCO)ccc(NCCNCCO)c21
DOPAMINE,CHEMBL59,NCCc1ccc(O)c(O)c1
HYDROXYUREA,CHEMBL467,NC(=O)NO
PODOFILOX,CHEMBL61,COc1cc([C@@H]2c3cc4c(cc3[C@H](O)[C@H]3COC(=O)[C@H]23)OCO4)cc(OC)c1OC
ISONIAZID,CHEMBL64,NNC(=O)c1ccncc1
THALIDOMIDE,CHEMBL468,O=C1CCC(N2C(=O)c3ccccc3C2=O)C(=O)N1
KETOROLAC,CHEMBL469,O=C(c1ccccc1)c1ccc2n1CCC2C(=O)O
SOTALOL,CHEMBL471,CC(C)NCC(O)c1ccc(NS(C)(=O)=O)cc1
GLYBURIDE,CHEMBL472,COc1ccc(Cl)cc1C(=O)NCCc1ccc(S(=O)(=O)NC(=O)NC2CCCCC2)cc1
HEXESTROL,CHEMBL9225,CC[C@H](c1ccc(O)cc1)[C@@H](CC)c1ccc(O)cc1
DOFETILIDE,CHEMBL473,CN(CCOc1ccc(NS(C)(=O)=O)cc1)CCc1ccc(NS(C)(=O)=O)cc1
DACARBAZINE,CHEMBL476,CN(C)/N=N/c1[nH]cnc1C(N)=O
ADENOSINE,CHEMBL477,Nc1ncnc2c1ncn2[C@@H]1O[C@H](CO)[C@@H](O)[C@H]1O
THIORIDAZINE,CHEMBL479,CSc1ccc2c(c1)N(CCC1CCCCN1C)c1ccccc1S2
LANSOPRAZOLE,CHEMBL480,Cc1c(OCC(F)(F)F)ccnc1C[S+]([O-])c1nc2ccccc2[nH]1
IRINOTECAN,CHEMBL481,CCc1c2c(nc3ccc(OC(=O)N4CCC(N5CCCCC5)CC4)cc13)-c1cc3c(c(=O)n1C2)COC(=O)[C@]3(O)CC
MORPHINE,CHEMBL70,CN1CC[C@]23c4c5ccc(O)c4O[C@H]2[C@@H](O)C=C[C@H]3[C@H]1C5
CODEINE,CHEMBL485,COc1ccc2c3c1O[C@H]1[C@@H](O)C=C[C@H]4[C@@H](C2)N(C)CC[C@@]341
CHLORPROMAZINE,CHEMBL71,CN(C)CCCN1c2ccccc2Sc2ccc(Cl)cc21
DESIPRAMINE,CHEMBL72,CNCCCN1c2ccccc2CCc2ccccc21
AMINOGLUTETHIMIDE,CHEMBL488,CCC1(c2ccc(N)cc2)CCC(=O)NC1=O
CROMOLYN SODIUM,CHEMBL74,O=C([O-])c1cc(=O)c2c(OCC(O)COc3cccc4oc(C(=O)[O-])cc(=O)c34)cccc2o1.[Na+].[Na+]
CHLOROQUINE,CHEMBL76,CCN(CC)CCCC(C)Nc1ccnc2cc(Cl)ccc12
PAROXETINE,CHEMBL490,Fc1ccc([C@@H]2CCNC[C@H]2COc2ccc3c(c2)OCO3)cc1
ETORICOXIB,CHEMBL416146,Cc1ccc(-c2ncc(Cl)cc2-c2ccc(S(C)(=O)=O)cc2)cn1
LIDOCAINE,CHEMBL79,CCN(CC)CC(=O)Nc1c(C)cccc1C
PIRENZEPINE,CHEMBL9967,CN1CCN(CC(=O)N2c3ccccc3C(=O)Nc3cccnc32)CC1
ETIDOCAINE,CHEMBL492,CCCN(CC)C(CC)C(=O)Nc1c(C)cccc1C
NALOXONE,CHEMBL80,C=CCN1CC[C@]23c4c5ccc(O)c4O[C@H]2C(=O)CC[C@@]3(O)[C@H]1C5
RALOXIFENE,CHEMBL81,O=C(c1ccc(OCCN2CCCCC2)cc1)c1c(-c2ccc(O)cc2)sc2cc(O)ccc12
TAMOXIFEN,CHEMBL83,CC/C(=C(\c1ccccc1)c1ccc(OCCN(C)C)cc1)c1ccccc1
BROMOCRIPTINE,CHEMBL493,CC(C)C[C@H]1C(=O)N2CCC[C@H]2[C@]2(O)O[C@](NC(=O)[C@@H]3C=C4c5cccc6[nH]c(Br)c(c56)C[C@H]4N(C)C3)(C(C)C)C(=O)N12
ILOPROST,CHEMBL494,CC#CCC(C)[C@H](O)/C=C/[C@@H]1[C@H]2C/C(=C/CCCC(=O)O)C[C@H]2C[C@H]1O
TOPOTECAN,CHEMBL84,CC[C@@]1(O)C(=O)OCc2c1cc1n(c2=O)Cc2cc3c(CN(C)C)c(O)ccc3nc2-1
RISPERIDONE,CHEMBL85,Cc1nc2n(c(=O)c1CCN1CCC(c3noc4cc(F)ccc34)CC1)CCCC2
CROMOLYN,CHEMBL428880,O=C(O)c1cc(=O)c2c(OCC(O)COc3cccc4oc(C(=O)O)cc(=O)c34)cccc2o1
METOCLOPRAMIDE,CHEMBL86,CCN(CC)CCNC(=O)c1cc(Cl)c(N)cc1OC
PACLITAXEL,CHEMBL428647,CC(=O)O[C@H]1C(=O)[C@@]2(C)[C@H]([C@H](OC(=O)c3ccccc3)[C@]3(O)C[C@H](OC(=O)[C@H](O)[C@@H](NC(=O)c4ccccc4)c4ccccc4)C(C)=C1C3(C)C)[C@]1(OC(C)=O)CO[C@@H]1C[C@@H]2O
ALPROSTADIL,CHEMBL495,CCCCC[C@H](O)/C=C/[C@H]1[C@H](O)CC(=O)[C@@H]1CCCCCCC(=O)O
HEXACHLOROPHENE,CHEMBL496,Oc1c(Cl)cc(Cl)c(Cl)c1Cc1c(O)c(Cl)cc(Cl)c1Cl
CLIOQUINOL,CHEMBL497,Oc1c(I)cc(Cl)c2cccnc12
AGOMELATINE,CHEMBL10878,COc1ccc2cccc(CCNC(C)=O)c2c1
CYCLOPHOSPHAMIDE ANHYDROUS,CHEMBL88,O=P1(N(CCCl)CCCl)NCCCO1
CHLORPROPAMIDE,CHEMBL498,CCCNC(=O)NS(=O)(=O)c1ccc(Cl)cc1
TIMOLOL,CHEMBL499,CC(C)(C)NC[C@H](O)COc1nsnc1N1CCOCC1
PINDOLOL,CHEMBL500,CC(C)NCC(O)COc1cccc2[nH]ccc12
HYDRALAZINE,CHEMBL276832,NNc1nncc2ccccc12
AMPHETAMINE SULFATE,CHEMBL501,CC(N)Cc1ccccc1.O=S(=O)(O)O
AMPHOTERICIN B,CHEMBL267345,C[C@@H]1[C@H](O)[C@@H](C)/C=C/C=C/C=C/C=C/C=C/C=C/C=C/[C@H](O[C@@H]2O[C@H](C)[C@@H](O)[C@H](N)[C@@H]2O)C[C@@H]2O[C@](O)(C[C@@H](O)C[C@@H](O)[C@H](O)CC[C@@H](O)C[C@@H](O)CC(=O)O[C@H]1C)C[C@H](O)[C@H]2C(=O)O
HISTAMINE,CHEMBL90,NCCc1c[nH]cn1
MICONAZOLE,CHEMBL91,Clc1ccc(COC(Cn2ccnc2)c2ccc(Cl)cc2Cl)c(Cl)c1
DOCETAXEL ANHYDROUS,CHEMBL92,CC(=O)O[C@@]12CO[C@@H]1C[C@H](O)[C@@]1(C)C(=O)[C@H](O)C3=C(C)[C@@H](OC(=O)[C@H](O)[C@@H](NC(=O)OC(C)(C)C)c4ccccc4)C[C@@](O)([C@@H](OC(=O)c4ccccc4)[C@H]21)C3(C)C
ZILEUTON,CHEMBL93,CC(c1cc2ccccc2s1)N(O)C(N)=O
PHYSOSTIGMINE,CHEMBL94,CNC(=O)Oc1ccc2c(c1)[C@]1(C)CCN(C)[C@@H]1N2C
TACRINE,CHEMBL95,Nc1c2c(nc3ccccc13)CCCC2
DONEPEZIL,CHEMBL502,COc1cc2c(cc1OC)C(=O)C(CC1CCN(Cc3ccccc3)CC1)C2
LOVASTATIN,CHEMBL503,CC[C@H](C)C(=O)O[C@H]1C[C@@H](C)C=C2C=C[C@H](C)[C@H](CC[C@@H]3C[C@@H](O)CC(=O)O3)[C@H]21
OZAGREL,CHEMBL11662,O=C(O)/C=C/c1ccc(Cn2ccnc2)cc1
BENZYDAMINE,CHEMBL12610,CN(C)CCCOc1nn(Cc2ccccc2)c2ccccc12
ACETANILIDE,CHEMBL269644,CC(=O)Nc1ccccc1
DIMETHYL SULFOXIDE,CHEMBL504,C[S+](C)[O-]
CHLORPHENIRAMINE,CHEMBL505,CN(C)CCC(c1ccc(Cl)cc1)c1ccccn1
PRIMAQUINE,CHEMBL506,COc1cc(NC(C)CCCN)c2ncccc2c1
MECLOFENAMIC ACID,CHEMBL509,Cc1ccc(Cl)c(Nc2ccccc2C(=O)O)c1Cl
PYRILAMINE,CHEMBL511,COc1ccc(CN(CCN(C)C)c2ccccn2)cc1
SERTINDOLE,CHEMBL12713,O=C1NCCN1CCN1CCC(c2cn(-c3ccc(F)cc3)c3ccc(Cl)cc23)CC1
CARMUSTINE,CHEMBL513,O=NN(CCCl)C(=O)NCCCl
LOMUSTINE,CHEMBL514,O=NN(CCCl)C(=O)NC1CCCCC1
CHLORAMBUCIL,CHEMBL515,O=C(O)CCCc1ccc(N(CCCl)CCCl)cc1
CYPROHEPTADINE,CHEMBL516,CN1CCC(=C2c3ccccc3C=Cc3ccccc32)CC1
INAMRINONE,CHEMBL12856,Nc1cc(-c2ccncc2)c[nH]c1=O
DISOPYRAMIDE,CHEMBL517,CC(C)N(CCC(C(N)=O)(c1ccccc1)c1ccccn1)C(C)C
VORINOSTAT,CHEMBL98,O=C(CCCCCCC(=O)Nc1ccccc1)NO
IBUPROFEN,CHEMBL521,CC(C)Cc1ccc(C(C)C(=O)O)cc1
CLOMETACIN,CHEMBL13376,COc1ccc2c(C(=O)c3ccc(Cl)cc3)c(C)n(CC(=O)O)c2c1
FLUNITRAZEPAM,CHEMBL13280,CN1C(=O)CN=C(c2ccccc2F)c2cc([N+](=O)[O-])ccc21
NITRAZEPAM,CHEMBL13209,O=C1CN=C(c2ccccc2)c2cc([N+](=O)[O-])ccc2N1
METHOXAMINE,CHEMBL524,COc1ccc(OC)c(C(O)C(C)N)c1
PROPOFOL,CHEMBL526,CC(C)c1cccc(C(C)C)c1O
PIROXICAM,CHEMBL527,CN1C(C(=O)Nc2ccccn2)=C(O)c2ccccc2S1(=O)=O
CEFTIZOXIME,CHEMBL528,CO/N=C(\C(=O)N[C@@H]1C(=O)N2C(C(=O)O)=CCS[C@H]12)c1csc(N)n1
PHENYLBUTAZONE,CHEMBL101,CCCCC1C(=O)N(c2ccccc2)N(c2ccccc2)C1=O
AZITHROMYCIN,CHEMBL529,CC[C@H]1OC(=O)[C@H](C)[C@@H](O[C@H]2C[C@@](C)(OC)[C@@H](O)[C@H](C)O2)[C@H](C)[C@@H](O[C@@H]2O[C@H](C)C[C@H](N(C)C)[C@H]2O)[C@](C)(O)C[C@@H](C)CN(C)[C@H](C)[C@@H](O)[C@]1(C)O
AMDINOCILLIN,CHEMBL530,CC1(C)S[C@@H]2[C@H](/N=C/N3CCCCCC3)C(=O)N2[C@H]1C(=O)O
PERGOLIDE,CHEMBL531,CCCN1C[C@H](CSC)C[C@@H]2c3cccc4[nH]cc(c34)C[C@H]21
ERYTHROMYCIN,CHEMBL532,CC[C@H]1OC(=O)[C@H](C)[C@@H](O[C@H]2C[C@@](C)(OC)[C@@H](O)[C@H](C)O2)[C@H](C)[C@@H](O[C@@H]2O[C@H](C)C[C@H](N(C)C)[C@H]2O)[C@](C)(O)C[C@@H](C)C(=O)[C@H](C)[C@@H](O)[C@]1(C)O
IBUTILIDE,CHEMBL533,CCCCCCCN(CC)CCCC(O)c1ccc(NS(C)(=O)=O)cc1
PROGESTERONE,CHEMBL103,CC(=O)[C@H]1CC[C@H]2[C@@H]3CCC4=CC(=O)CC[C@]4(C)[C@H]3CC[C@]12C
KETOTIFEN,CHEMBL534,CN1CCC(=C2c3ccccc3CC(=O)c3sccc32)CC1
SUNITINIB,CHEMBL535,CCN(CC)CCNC(=O)c1c(C)[nH]c(/C=C2\C(=O)Nc3ccc(F)cc32)c1C
HYDROQUINONE,CHEMBL537,Oc1ccc(O)cc1
ACETIC ACID,CHEMBL539,CC(=O)O
PHENOL,CHEMBL14060,Oc1ccccc1
MEQUINOL,CHEMBL544,COc1ccc(O)cc1
CLOTRIMAZOLE,CHEMBL104,Clc1ccccc1C(c1ccccc1)(c1ccccc1)n1ccnc1
MITOMYCIN,CHEMBL105,CO[C@@]12[C@H](COC(N)=O)C3=C(C(=O)C(C)=C(N)C3=O)N1C[C@@H]1N[C@@H]12
ALCOHOL,CHEMBL545,CCO
OXPRENOLOL,CHEMBL546,C=CCOc1ccccc1OCC(O)CNC(C)C
FLUCONAZOLE,CHEMBL106,OC(Cn1cncn1)(Cn1cncn1)c1ccc(F)cc1F
ISOTRETINOIN,CHEMBL547,CC1=C(/C=C/C(C)=C/C=C/C(C)=C\C(=O)O)C(C)(C)CCC1
ILOPERIDONE,CHEMBL14376,COc1cc(C(C)=O)ccc1OCCCN1CCC(c2noc3cc(F)ccc23)CC1
DINOPROSTONE,CHEMBL548,CCCCC[C@H](O)/C=C/[C@H]1[C@H](O)CC(=O)[C@@H]1C/C=C\CCCC(=O)O
NEOSTIGMINE,CHEMBL278020,CN(C)C(=O)Oc1cccc([N+](C)(C)C)c1
REBOXETINE,CHEMBL14370,CCOc1ccccc1OC(c1ccccc1)C1CNCCO1
CITALOPRAM,CHEMBL549,CN(C)CCCC1(c2ccc(F)cc2)OCc2cc(C#N)ccc21
PILOCARPINE,CHEMBL550,CC[C@@H]1C(=O)OC[C@@H]1Cc1cncn1C
COLCHICINE,CHEMBL107,COc1cc2c(c(OC)c1OC)-c1ccc(OC)c(=O)cc1[C@@H](NC(C)=O)CC2
ERLOTINIB,CHEMBL553,C#Cc1cccc(Nc2ncnc3cc(OCCOC)c(OCCOC)cc23)c1
LAPATINIB,CHEMBL554,CS(=O)(=O)CCNCc1ccc(-c2ccc3ncnc(Nc4ccc(OCc5cccc(F)c5)c(Cl)c4)c3c2)o1
TRIFLUPERIDOL,CHEMBL15023,O=C(CCCN1CCC(O)(c2cccc(C(F)(F)F)c2)CC1)c1ccc(F)cc1
CARBAMAZEPINE,CHEMBL108,NC(=O)N1c2ccccc2C=Cc2ccccc21
VALPROIC ACID,CHEMBL109,CCCC(CCC)C(=O)O
TEMAFLOXACIN,CHEMBL277100,CC1CN(c2cc3c(cc2F)c(=O)c(C(=O)O)cn3-c2ccc(F)cc2F)CCN1
BENZNIDAZOLE,CHEMBL110,O=C(Cn1ccnc1[N+](=O)[O-])NCc1ccccc1
DEFEROXAMINE,CHEMBL556,CC(=O)N(O)CCCCCNC(=O)CCC(=O)N(O)CCCCCNC(=O)CCC(=O)N(O)CCCCCN
MEXILETINE,CHEMBL558,Cc1cccc(C)c1OCC(C)N
DEXTROTHYROXINE,CHEMBL559,N[C@H](Cc1cc(I)c(Oc2cc(I)c(O)c(I)c2)c(I)c1)C(=O)O
RIMONABANT,CHEMBL111,Cc1c(C(=O)NN2CCCCC2)nn(-c2ccc(Cl)cc2Cl)c1-c1ccc(Cl)cc1
NOMIFENSINE,CHEMBL273575,CN1Cc2c(N)cccc2C(c2ccccc2)C1
LOMEFLOXACIN,CHEMBL561,CCn1cc(C(=O)O)c(=O)c2cc(F)c(N3CCNC(C)C3)c(F)c21
GRISEOFULVIN,CHEMBL562,COC1=CC(=O)C[C@@H](C)[C@]12Oc1c(Cl)c(OC)cc(OC)c1C2=O
FLURBIPROFEN,CHEMBL563,CC(C(=O)O)c1ccc(-c2ccccc2)c(F)c1
PROMAZINE,CHEMBL564,CN(C)CCCN1c2ccccc2Sc2ccccc21
CLOFIBRATE,CHEMBL565,CCOC(=O)C(C)(C)Oc1ccc(Cl)cc1
ACETAMINOPHEN,CHEMBL112,CC(=O)Nc1ccc(O)cc1
CAFFEINE,CHEMBL113,Cn1c(=O)c2c(ncn2C)n(C)c1=O
PHENACETIN,CHEMBL16073,CCOc1ccc(NC(C)=O)cc1
PERPHENAZINE,CHEMBL567,OCCN1CCN(CCCN2c3ccccc3Sc3ccc(Cl)cc32)CC1
OXAZEPAM,CHEMBL568,O=C1Nc2ccc(Cl)cc2C(c2ccccc2)=NC1O
SULINDAC,CHEMBL15770,CC1=C(CC(=O)O)c2cc(F)ccc2/C1=C\c1ccc([S+](C)[O-])cc1
FENCLOFENAC,CHEMBL15677,O=C(O)Cc1ccccc1Oc1ccc(Cl)cc1Cl
INDALPINE,CHEMBL276520,c1ccc2c(CCC3CCNCC3)c[nH]c2c1
PROCAINE,CHEMBL569,CCN(CC)CCOC(=O)c1ccc(N)cc1
TRIFLUPROMAZINE,CHEMBL570,CN(C)CCCN1c2ccccc2Sc2ccc(C(F)(F)F)cc21
KETOPROFEN,CHEMBL571,CC(C(=O)O)c1cccc(C(=O)c2ccccc2)c1
NITROFURANTOIN,CHEMBL572,O=C1CN(/N=C/c2ccc([N+](=O)[O-])o2)C(=O)N1
INDOPROFEN,CHEMBL15870,CC(C(=O)O)c1ccc(N2Cc3ccccc3C2=O)cc1
LINDANE,CHEMBL15891,Cl[C@H]1[C@H](Cl)[C@@H](Cl)[C@@H](Cl)[C@H](Cl)[C@H]1Cl
NIACIN,CHEMBL573,O=C(O)c1cccnc1
METHICILLIN,CHEMBL575,COc1cccc(OC)c1C(=O)N[C@@H]1C(=O)N2[C@@H]1SC(C)(C)[C@@H]2C(=O)O
TRICHLOROETHANE,CHEMBL16080,CC(Cl)(Cl)Cl
ENALAPRILAT ANHYDROUS,CHEMBL577,C[C@H](N[C@@H](CCc1ccccc1)C(=O)O)C(=O)N1CCC[C@H]1C(=O)O
ENALAPRIL,CHEMBL578,CCOC(=O)[C@H](CCc1ccccc1)N[C@@H](C)C(=O)N1CCC[C@H]1C(=O)O
LORAZEPAM,CHEMBL580,O=C1Nc2ccc(Cl)cc2C(c2ccccc2Cl)=NC1O
BROMAZEPAM,CHEMBL277062,O=C1CN=C(c2ccccn2)c2cc(Br)ccc2N1
BIFONAZOLE,CHEMBL277535,c1ccc(-c2ccc(C(c3ccccc3)n3ccnc3)cc2)cc1
ISOPROPYL ALCOHOL,CHEMBL582,CC(C)O
GREPAFLOXACIN,CHEMBL583,Cc1c(F)c(N2CCNC(C)C2)cc2c1c(=O)c(C(=O)O)cn2C1CC1
SAQUINAVIR,CHEMBL114,CC(C)(C)NC(=O)[C@@H]1C[C@@H]2CCCC[C@@H]2CN1C[C@@H](O)[C@H](Cc1ccccc1)NC(=O)[C@H](CC(N)=O)NC(=O)c1ccc2ccccc2n1
INDINAVIR ANHYDROUS,CHEMBL115,CC(C)(C)NC(=O)[C@@H]1CN(Cc2cccnc2)CCN1C[C@@H](O)C[C@@H](Cc1ccccc1)C(=O)N[C@H]1c2ccccc2C[C@H]1O
NELFINAVIR,CHEMBL584,Cc1c(O)cccc1C(=O)N[C@@H](CSc1ccccc1)[C@H](O)CN1C[C@H]2CCCC[C@H]2C[C@H]1C(=O)NC(C)(C)C
AMPRENAVIR,CHEMBL116,CC(C)CN(C[C@@H](O)[C@H](Cc1ccccc1)NC(=O)O[C@H]1CCOC1)S(=O)(=O)c1ccc(N)cc1
TRIAMTERENE,CHEMBL585,Nc1nc(N)c2nc(-c3ccccc3)c(N)nc2n1
PRONETALOL,CHEMBL16476,CC(C)NCC(O)c1ccc2ccccc2c1
CELECOXIB,CHEMBL118,Cc1ccc(-c2cc(C(F)(F)F)nn2-c2ccc(S(N)(=O)=O)cc2)cc1
TRIMETREXATE,CHEMBL119,COc1cc(NCc2ccc3nc(N)nc(N)c3c2C)cc(OC)c1OC
FENOLDOPAM,CHEMBL588,Oc1ccc(C2CNCCc3c2cc(O)c(O)c3Cl)cc1
ROPINIROLE,CHEMBL589,CCCN(CCC)CCc1cccc2c1CC(=O)N2
MENADIONE,CHEMBL590,CC1=CC(=O)c2ccccc2C1=O
ETHCHLORVYNOL,CHEMBL591,C#CC(O)(/C=C/Cl)CC
TERFENADINE,CHEMBL17157,CC(C)(C)c1ccc(C(O)CCCN2CCC(C(O)(c3ccccc3)c3ccccc3)CC2)cc1
LEVORPHANOL,CHEMBL592,CN1CC[C@]23CCCC[C@H]2[C@H]1Cc1ccc(O)cc13
DELAVIRDINE,CHEMBL593,CC(C)Nc1cccnc1N1CCN(C(=O)c2cc3cc(NS(C)(=O)=O)ccc3[nH]2)CC1
EMEDASTINE,CHEMBL594,CCOCCn1c(N2CCCN(C)CC2)nc2ccccc21
PIOGLITAZONE,CHEMBL595,CCc1ccc(CCOc2ccc(CC3SC(=O)NC3=O)cc2)nc1
FENTANYL,CHEMBL596,CCC(=O)N(c1ccccc1)C1CCN(CCc2ccccc2)CC1
ROSIGLITAZONE,CHEMBL121,CN(CCOc1ccc(CC2SC(=O)NC2=O)cc1)c1ccccn1
MARALIXIBAT CHLORIDE,CHEMBL17879,CCCCC1(CCCC)CS(=O)(=O)c2ccc(N(C)C)cc2[C@@H](c2ccc(OCc3ccc(C[N+]45CCN(CC4)CC5)cc3)cc2)[C@H]1O.[Cl-]
LOFEXIDINE,CHEMBL17860,CC(Oc1c(Cl)cccc1Cl)C1=NCCN1
PHENTOLAMINE,CHEMBL597,Cc1ccc(N(CC2=NCCN2)c2cccc(O)c2)cc1
PLERIXAFOR,CHEMBL18442,c1cc(CN2CCCNCCNCCCNCC2)ccc1CN1CCCNCCNCCCNCC1
TOLOXATONE,CHEMBL18116,Cc1cccc(N2CC(CO)OC2=O)c1
MELOXICAM,CHEMBL599,Cc1cnc(NC(=O)C2=C(O)c3ccccc3S(=O)(=O)N2C)s1
ACETYLCYSTEINE,CHEMBL600,CC(=O)N[C@@H](CS)C(=O)O
AMINOLEVULINIC ACID,CHEMBL601,NCC(=O)CCC(=O)O
CYSTEAMINE,CHEMBL602,NCCS
NALTREXONE,CHEMBL19019,O=C1CC[C@@]2(O)[C@H]3Cc4ccc(O)c5c4[C@@]2(CCN3CC2CC2)[C@H]1O5
ZAFIRLUKAST,CHEMBL603,COc1cc(C(=O)NS(=O)(=O)c2ccccc2C)ccc1Cc1cn(C)c2ccc(NC(=O)OC3CCCC3)cc12
"CEFPROZIL ANHYDROUS, (E)-",CHEMBL276568,C/C=C/C1=C(C(=O)O)N2C(=O)[C@@H](NC(=O)[C@H](N)c3ccc(O)cc3)[C@H]2SC1
ROFECOXIB,CHEMBL122,CS(=O)(=O)c1ccc(C2=C(c3ccccc3)C(=O)OC2)cc1
MOXONIDINE,CHEMBL19236,COc1nc(C)nc(Cl)c1NC1=NCCN1
PROCAINAMIDE HYDROCHLORIDE,CHEMBL605,CCN(CC)CCNC(=O)c1ccc(N)cc1.Cl
MISOPROSTOL,CHEMBL606,CCCCC(C)(O)C/C=C/[C@H]1[C@H](O)CC(=O)[C@@H]1CCCCCCC(=O)OC
MACIMORELIN,CHEMBL278623,CC(C)(N)C(=O)N[C@H](Cc1c[nH]c2ccccc12)C(=O)N[C@H](Cc1c[nH]c2ccccc12)NC=O
MEPERIDINE,CHEMBL607,CCOC(=O)C1(c2ccccc2)CCN(C)CC1
METHAQUALONE,CHEMBL282052,Cc1ccccc1-n1c(C)nc2ccccc2c1=O
PROBUCOL,CHEMBL608,CC(C)(Sc1cc(C(C)(C)C)c(O)c(C(C)(C)C)c1)Sc1cc(C(C)(C)C)c(O)c(C(C)(C)C)c1
LOXOPROFEN,CHEMBL19299,CC(C(=O)O)c1ccc(CC2CCCC2=O)cc1
TRIENTINE,CHEMBL609,NCCNCCNCCN
ZOMEPIRAC,CHEMBL19490,Cc1cc(CC(=O)O)n(C)c1C(=O)c1ccc(Cl)cc1
TERAZOSIN,CHEMBL611,COc1cc2nc(N3CCN(C(=O)C4CCCO4)CC3)nc(N)c2cc1OC
LEVAMFETAMINE,CHEMBL19393,C[C@@H](N)Cc1ccccc1
DEXTROAMPHETAMINE,CHEMBL612,C[C@H](N)Cc1ccccc1
SITAXENTAN,CHEMBL282724,Cc1cc2c(cc1CC(=O)c1sccc1S(=O)(=O)Nc1onc(C)c1Cl)OCO2
PYRAZINAMIDE,CHEMBL614,NC(=O)c1cnccn1
IBUDILAST,CHEMBL19449,CC(C)C(=O)c1c(C(C)C)nn2ccccc12
SAQUINAVIR MESYLATE,CHEMBL282042,CC(C)(C)NC(=O)[C@@H]1C[C@@H]2CCCC[C@@H]2CN1C[C@@H](O)[C@H](Cc1ccccc1)NC(=O)[C@H](CC(N)=O)NC(=O)c1ccc2ccccc2n1.CS(=O)(=O)O
TEGAFUR,CHEMBL20883,O=c1[nH]c(=O)n(C2CCCO2)cc1F
PENICILLIN V,CHEMBL615,CC1(C)S[C@@H]2[C@H](NC(=O)COc3ccccc3)C(=O)N2[C@H]1C(=O)O
CEPHALOTHIN,CHEMBL617,CC(=O)OCC1=C(C(=O)O)N2C(=O)[C@@H](NC(=O)Cc3cccs3)[C@H]2SC1
MILTEFOSINE,CHEMBL125,CCCCCCCCCCCCCCCCOP(=O)([O-])OCC[N+](C)(C)C
LINEZOLID,CHEMBL126,CC(=O)NC[C@H]1CN(c2ccc(N3CCOCC3)c(F)c2)C(=O)O1
CLIDINIUM,CHEMBL620,C[N+]12CCC(CC1)C(OC(=O)C(O)(c1ccccc1)c1ccccc1)C2
MEROPENEM,CHEMBL127,C[C@@H](O)[C@H]1C(=O)N2C(C(=O)O)=C(S[C@@H]3CN[C@H](C(=O)N(C)C)C3)[C@H](C)[C@H]12
TRAZODONE,CHEMBL621,O=c1n(CCCN2CCN(c3cccc(Cl)c3)CC2)nc2ccccn12
ETODOLAC,CHEMBL622,CCc1cccc2c3c([nH]c12)C(CC)(CC(=O)O)OCC3
PRANLUKAST,CHEMBL21333,O=C(Nc1cccc2c(=O)cc(-c3nnn[nH]3)oc12)c1ccc(OCCCCc2ccccc2)cc1
NEFAZODONE,CHEMBL623,CCc1nn(CCCN2CCN(c3cccc(Cl)c3)CC2)c(=O)n1CCOc1ccccc1
THIABENDAZOLE,CHEMBL625,c1ccc2[nH]c(-c3cscn3)nc2c1
XANOMELINE,CHEMBL21536,CCCCCCOc1nsnc1C1=CCCN(C)C1
NAFTIFINE,CHEMBL626,CN(C/C=C/c1ccccc1)Cc1cccc2ccccc12
LORMETAZEPAM,CHEMBL22097,CN1C(=O)C(O)N=C(c2ccccc2Cl)c2cc(Cl)ccc21
PENTOXIFYLLINE,CHEMBL628,CC(=O)CCCCn1c(=O)c2c(ncn2C)n(C)c1=O
AMITRIPTYLINE,CHEMBL629,CN(C)CCC=C1c2ccccc2CCc2ccccc21
DIBROMSALAN,CHEMBL21869,O=C(Nc1ccc(Br)cc1)c1cc(Br)ccc1O
TRIBROMSALAN,CHEMBL24944,O=C(Nc1ccc(Br)cc1)c1cc(Br)cc(Br)c1O
SUMATRIPTAN,CHEMBL128,CNS(=O)(=O)Cc1ccc2[nH]cc(CCN(C)C)c2c1
PROPAFENONE,CHEMBL631,CCCNCC(O)COc1ccccc1C(=O)CCc1ccccc1
BETAMETHASONE,CHEMBL632,C[C@H]1C[C@H]2[C@@H]3CCC4=CC(=O)C=C[C@]4(C)[C@@]3(F)[C@@H](O)C[C@]2(C)[C@@]1(O)C(=O)CO
AMIODARONE,CHEMBL633,CCCCc1oc2ccccc2c1C(=O)c1cc(I)c(OCCN(CC)CC)c(I)c1
ALFENTANIL,CHEMBL634,CCC(=O)N(c1ccccc1)C1(COC)CCN(CCn2nnn(CC)c2=O)CC1
PREDNISONE,CHEMBL635,C[C@]12C=CC(=O)C=C1CC[C@@H]1[C@@H]2C(=O)C[C@@]2(C)[C@H]1CC[C@]2(O)C(=O)CO
RIVASTIGMINE,CHEMBL636,CCN(C)C(=O)Oc1cccc([C@H](C)N(C)C)c1
VENLAFAXINE,CHEMBL637,COc1ccc(C(CN(C)C)C2(O)CCCCC2)cc1
ZIDOVUDINE,CHEMBL129,Cc1cn([C@H]2C[C@H](N=[N+]=[N-])[C@@H](CO)O2)c(=O)[nH]c1=O
VORICONAZOLE,CHEMBL638,C[C@@H](c1ncncc1F)[C@](O)(Cn1cncn1)c1ccc(F)cc1F
AZELASTINE,CHEMBL639,CN1CCCC(n2nc(Cc3ccc(Cl)cc3)c3ccccc3c2=O)CC1
CHLORAMPHENICOL,CHEMBL130,O=C(N[C@H](CO)[C@H](O)c1ccc([N+](=O)[O-])cc1)C(Cl)Cl
PROCAINAMIDE,CHEMBL640,CCN(CC)CCNC(=O)c1ccc(N)cc1
ATOMOXETINE,CHEMBL641,CNCC[C@@H](Oc1ccccc1C)c1ccccc1
ACEBUTOLOL,CHEMBL642,CCCC(=O)Nc1ccc(OCC(O)CNC(C)C)c(C(C)=O)c1
PROMETHAZINE,CHEMBL643,CC(CN1c2ccccc2Sc2ccccc21)N(C)C
PREDNISOLONE,CHEMBL131,C[C@]12C=CC(=O)C=C1CC[C@@H]1[C@@H]2[C@@H](O)C[C@@]2(C)[C@H]1CC[C@]2(O)C(=O)CO
TRIMIPRAMINE,CHEMBL644,CC(CN(C)C)CN1c2ccccc2CCc2ccccc21
BISOPROLOL,CHEMBL645,CC(C)NCC(O)COc1ccc(COCCOC(C)C)cc1
TRIAZOLAM,CHEMBL646,Cc1nnc2n1-c1ccc(Cl)cc1C(c1ccccc1Cl)=NC2
APRACLONIDINE,CHEMBL647,Nc1cc(Cl)c(N=C2NCCN2)c(Cl)c1
CYCLIZINE,CHEMBL648,CN1CCN(C(c2ccccc2)c2ccccc2)CC1
NEBIVOLOL,CHEMBL434394,OC(CNCC(O)C1CCc2cc(F)ccc2O1)C1CCc2cc(F)ccc2O1
METHYLPREDNISOLONE,CHEMBL650,C[C@H]1C[C@@H]2[C@H]([C@@H](O)C[C@@]3(C)[C@H]2CC[C@]3(O)C(=O)CO)[C@@]2(C)C=CC(=O)C=C12
METHADONE,CHEMBL651,CCC(=O)C(CC(C)N(C)C)(c1ccccc1)c1ccccc1
FLECAINIDE,CHEMBL652,O=C(NCC1CCCCN1)c1cc(OCC(F)(F)F)ccc1OCC(F)(F)F
CLONIDINE,CHEMBL134,Clc1cccc(Cl)c1NC1=NCCN1
MIRTAZAPINE,CHEMBL654,CN1CCN2c3ncccc3Cc3ccccc3C2C1
MIDAZOLAM,CHEMBL655,Cc1ncc2n1-c1ccc(Cl)cc1C(c1ccccc1F)=NC2
REMOXIPRIDE,CHEMBL22242,CCN1CCC[C@H]1CNC(=O)c1c(OC)ccc(Br)c1OC
OXYCODONE,CHEMBL656,COc1ccc2c3c1O[C@H]1C(=O)CC[C@@]4(O)[C@@H](C2)N(C)CC[C@]314
ESTRADIOL,CHEMBL135,C[C@]12CC[C@@H]3c4ccc(O)cc4CC[C@H]3[C@@H]1CC[C@@H]2O
DIPHENHYDRAMINE,CHEMBL657,CN(C)CCOC(c1ccccc1)c1ccccc1
SUFENTANIL,CHEMBL658,CCC(=O)N(c1ccccc1)C1(COC)CCN(CCc2cccs2)CC1
GALANTAMINE,CHEMBL659,COc1ccc2c3c1O[C@H]1C[C@@H](O)C=C[C@@]31CCN(C)C2
AMANTADINE,CHEMBL660,NC12CC3CC(CC(C3)C1)C2
ALPRAZOLAM,CHEMBL661,Cc1nnc2n1-c1ccc(Cl)cc1C(c1ccccc1)=NC2
MAPROTILINE,CHEMBL21731,CNCCCC12CCC(c3ccccc31)c1ccccc12
FOSCARNET,CHEMBL666,O=C(O)P(=O)(O)O
ACETYLCHOLINE,CHEMBL667,CC(=O)OCC[N+](C)(C)C
METRONIDAZOLE,CHEMBL137,Cc1ncc([N+](=O)[O-])n1CCO
PROTRIPTYLINE,CHEMBL668,CNCCCC1c2ccccc2C=Cc2ccccc21
CYCLOBENZAPRINE,CHEMBL669,CN(C)CCC=C1c2ccccc2C=Cc2ccccc21
THIOTEPA,CHEMBL671,S=P(N1CC1)(N1CC1)N1CC1
FENOFIBRATE,CHEMBL672,CC(C)OC(=O)C(C)(C)Oc1ccc(C(=O)c2ccc(Cl)cc2)cc1
PARGYLINE,CHEMBL673,C#CCN(C)Cc1ccccc1
HEXAMIDINE,CHEMBL25105,N=C(N)c1ccc(OCCCCCCOc2ccc(C(=N)N)cc2)cc1
ALENDRONATE SODIUM,CHEMBL675,NCCCC(O)(P(=O)([O-])O)P(=O)(O)O.[Na+]
LEVONORDEFRIN,CHEMBL677,C[C@H](N)[C@H](O)c1ccc(O)c(O)c1
EPINEPHRINE,CHEMBL679,CNC[C@H](O)c1ccc(O)c(O)c1
CEFACLOR ANHYDROUS,CHEMBL680,N[C@@H](C(=O)N[C@@H]1C(=O)N2C(C(=O)O)=C(Cl)CS[C@H]12)c1ccccc1
ETOMIDATE,CHEMBL681,CCOC(=O)c1cncn1[C@H](C)c1ccccc1
AMODIAQUINE,CHEMBL682,CCN(CC)Cc1cc(Nc2ccnc3cc(Cl)ccc23)ccc1O
DIETHYLCARBAMAZINE,CHEMBL684,CCN(CC)C(=O)N1CCN(C)CC1
MEBENDAZOLE,CHEMBL685,COC(=O)Nc1nc2cc(C(=O)c3ccccc3)ccc2[nH]1
DICLOFENAC,CHEMBL139,O=C(O)Cc1ccccc1Nc1c(Cl)cccc1Cl
MEFENAMIC ACID,CHEMBL686,Cc1cccc(Nc2ccccc2C(=O)O)c1C
FENTANYL CITRATE,CHEMBL688,CCC(=O)N(c1ccccc1)C1CCN(CCc2ccccc2)CC1.O=C(O)CC(O)(CC(=O)O)C(=O)O
MANNITOL,CHEMBL689,OC[C@@H](O)[C@@H](O)[C@H](O)[C@H](O)CO
PRAVASTATIN SODIUM,CHEMBL690,CC[C@H](C)C(=O)O[C@H]1C[C@H](O)C=C2C=C[C@H](C)[C@H](CC[C@@H](O)C[C@@H](O)CC(=O)[O-])[C@H]21.[Na+]
PRENYLAMINE,CHEMBL24072,CC(Cc1ccccc1)NCCC(c1ccccc1)c1ccccc1
ETHINYL ESTRADIOL,CHEMBL691,C#C[C@]1(O)CC[C@H]2[C@@H]3CCc4cc(O)ccc4[C@H]3CC[C@@]21C
DALFAMPRIDINE,CHEMBL284348,Nc1ccncc1
GLYCERIN,CHEMBL692,OCC(O)CO
TRIMETHADIONE,CHEMBL695,CN1C(=O)OC(C)(C)C1=O
ETHOSUXIMIDE,CHEMBL696,CCC1(C)CC(=O)NC1=O
METHSUXIMIDE,CHEMBL697,CN1C(=O)CC(C)(c2ccccc2)C1=O
TETRACAINE,CHEMBL698,CCCCNc1ccc(C(=O)OCCN(C)C)cc1
BETAHISTINE,CHEMBL24441,CNCCc1ccccn1
SULFAPYRIDINE,CHEMBL700,Nc1ccc(S(=O)(=O)Nc2ccccn2)cc1
BACLOFEN,CHEMBL701,NCC(CC(=O)O)c1ccc(Cl)cc1
PIPERACILLIN,CHEMBL702,CCN1CCN(C(=O)N[C@@H](C(=O)N[C@@H]2C(=O)N3[C@@H]2SC(C)(C)[C@@H]3C(=O)O)c2ccccc2)C(=O)C1=O
SUXAMETHONIUM,CHEMBL703,C[N+](C)(C)CCOC(=O)CCC(=O)OCC[N+](C)(C)C
MESALAMINE,CHEMBL704,Nc1ccc(O)c(C(=O)O)c1
ALITRETINOIN,CHEMBL705,CC1=C(/C=C/C(C)=C\C=C\C(C)=C\C(=O)O)C(C)(C)CCC1
CETYL ALCOHOL,CHEMBL706,CCCCCCCCCCCCCCCCO
SILODOSIN,CHEMBL24778,C[C@H](Cc1cc2c(c(C(N)=O)c1)N(CCCO)CC2)NCCOc1ccccc1OCC(F)(F)F
DOXAZOSIN,CHEMBL707,COc1cc2nc(N3CCN(C(=O)C4COc5ccccc5O4)CC3)nc(N)c2cc1OC
INDORAMIN,CHEMBL279516,O=C(NC1CCN(CCc2c[nH]c3ccccc23)CC1)c1ccccc1
VANDETANIB,CHEMBL24828,COc1cc2/c(=N/c3ccc(Br)cc3F)nc[nH]c2cc1OCC1CCN(C)CC1
MINAPRINE,CHEMBL278819,Cc1cc(-c2ccccc2)nnc1NCCN1CCOCC1
TAMIBAROTENE,CHEMBL25202,CC1(C)CCC(C)(C)c2cc(NC(=O)c3ccc(C(=O)O)cc3)ccc21
ZIPRASIDONE,CHEMBL708,O=C1Cc2cc(CCN3CCN(c4nsc5ccccc45)CC3)c(Cl)cc2N1
ALFUZOSIN,CHEMBL709,COc1cc2nc(N(C)CCCNC(=O)C3CCCO3)nc(N)c2cc1OC
FINASTERIDE,CHEMBL710,CC(C)(C)NC(=O)[C@H]1CC[C@H]2[C@@H]3CC[C@H]4NC(=O)C=C[C@]4(C)[C@H]3CC[C@]12C
PHENINDIONE,CHEMBL711,O=C1c2ccccc2C(=O)C1c1ccccc1
ANISINDIONE,CHEMBL712,COc1ccc(C2C(=O)c3ccccc3C2=O)cc1
FLUINDIONE,CHEMBL24924,O=C1c2ccccc2C(=O)C1c1ccc(F)cc1
ENTECAVIR ANHYDROUS,CHEMBL713,C=C1[C@H](CO)[C@@H](O)C[C@@H]1n1cnc2c(=O)[nH]c(N)nc21
LAMIVUDINE,CHEMBL141,Nc1ccn([C@@H]2CS[C@H](CO)O2)c(=O)n1
ALBUTEROL,CHEMBL714,CC(C)(C)NCC(O)c1ccc(O)c(CO)c1
OLANZAPINE,CHEMBL715,Cc1cc2c(s1)Nc1ccccc1N=C2N1CCN(C)CC1
QUETIAPINE,CHEMBL716,OCCOCCN1CCN(C2=Nc3ccccc3Sc3ccccc32)CC1
MEDAZEPAM,CHEMBL28333,CN1CCN=C(c2ccccc2)c2cc(Cl)ccc21
MEDROXYPROGESTERONE ACETATE,CHEMBL717,CC(=O)O[C@]1(C(C)=O)CC[C@H]2[C@@H]3C[C@H](C)C4=CC(=O)CC[C@]4(C)[C@H]3CC[C@@]21C
BROMPERIDOL,CHEMBL28218,O=C(CCCN1CCC(O)(c2ccc(Br)cc2)CC1)c1ccc(F)cc1
MUPIROCIN,CHEMBL719,C/C(=C\C(=O)OCCCCCCCCC(=O)O)C[C@@H]1OC[C@H](C[C@@H]2O[C@H]2[C@@H](C)[C@H](C)O)[C@@H](O)[C@H]1O
BENZYL ALCOHOL,CHEMBL720,OCc1ccccc1
PROPYPHENAZONE,CHEMBL28318,Cc1c(C(C)C)c(=O)n(-c2ccccc2)n1C
CELIPROLOL,CHEMBL27810,CCN(CC)C(=O)Nc1ccc(OCC(O)CNC(C)(C)C)c(C(C)=O)c1
TERTATOLOL,CHEMBL434200,CC(C)(C)NCC(O)COc1cccc2c1SCCC2
CARVEDILOL,CHEMBL723,COc1ccccc1OCCNCC(O)COc1cccc2[nH]c3ccccc3c12
FLUPHENAZINE,CHEMBL726,OCCN1CCN(CCCN2c3ccccc3Sc3ccc(C(F)(F)F)cc32)CC1
THIOGUANINE,CHEMBL727,Nc1nc2[nH]cnc2c(=S)[nH]1
DILEVALOL,CHEMBL27193,C[C@H](CCc1ccccc1)NC[C@H](O)c1ccc(O)c(C(N)=O)c1
PROCHLORPERAZINE,CHEMBL728,CN1CCN(CCCN2c3ccccc3Sc3ccc(Cl)cc32)CC1
LOPINAVIR,CHEMBL729,Cc1cccc(C)c1OCC(=O)N[C@@H](Cc1ccccc1)[C@@H](O)C[C@H](Cc1ccccc1)NC(=O)[C@H](C(C)C)N1CCCNC1=O
NITROGLYCERIN,CHEMBL730,O=[N+]([O-])OCC(CO[N+](=O)[O-])O[N+](=O)[O-]
ACETOHYDROXAMIC ACID,CHEMBL734,CC(=O)NO
NICORANDIL,CHEMBL284906,O=C(NCCO[N+](=O)[O-])c1cccnc1
MEBEVERINE,CHEMBL282121,CCN(CCCCOC(=O)c1ccc(OC)c(OC)c1)C(C)Cc1ccc(OC)cc1
THIOPENTAL SODIUM,CHEMBL738,CCCC(C)C1(CC)C(=O)[N-]C(=S)NC1=O.[Na+]
METHOHEXITAL SODIUM,CHEMBL30219,C=CCC1(C(C)C#CCC)C(=O)N=C([O-])N(C)C1=O.[Na+]
LAMOTRIGINE,CHEMBL741,Nc1nnc(-c2cccc(Cl)c2Cl)c(N)n1
KETAMINE,CHEMBL742,CNC1(c2ccccc2Cl)CCCCC1=O
RILUZOLE,CHEMBL744,Nc1nc2ccc(OC(F)(F)F)cc2s1
NEDOCROMIL,CHEMBL746,CCCc1c2oc(C(=O)O)cc(=O)c2cc2c(=O)cc(C(=O)O)n(CC)c12
PRALIDOXIME CHLORIDE,CHEMBL748,C[n+]1ccccc1/C=N/O.[Cl-]
ZONISAMIDE,CHEMBL750,NS(=O)(=O)Cc1noc2ccccc12
ADENOSINE PHOSPHATE,CHEMBL752,Nc1ncnc2c1ncn2[C@@H]1O[C@H](COP(=O)(O)O)[C@@H](O)[C@H]1O
PHENOXYBENZAMINE,CHEMBL753,CC(COc1ccccc1)N(CCCl)Cc1ccccc1
FOSCARNET SODIUM,CHEMBL754,O=C([O-])P(=O)([O-])[O-].[Na+].[Na+].[Na+]
ANAGRELIDE,CHEMBL760,O=C1CN2Cc3c(ccc(Cl)c3Cl)N=C2N1
NAPHAZOLINE,CHEMBL761,c1ccc2c(CC3=NCCN3)cccc2c1
OXYMETAZOLINE,CHEMBL762,Cc1cc(C(C)(C)C)c(O)c(C)c1CC1=NCCN1
GUANETHIDINE,CHEMBL765,N=C(N)NCCN1CCCCCCC1
CILASTATIN,CHEMBL766,CC1(C)C[C@@H]1C(=O)N/C(=C\CCCCSC[C@H](N)C(=O)O)C(=O)O
ESMOLOL,CHEMBL768,COC(=O)CCc1ccc(OCC(O)CNC(C)C)cc1
TOLAZOLINE,CHEMBL770,c1ccc(CC2=NCCN2)cc1
CYCLOSERINE,CHEMBL771,N[C@@H]1CONC1=O
IMIPENEM ANHYDROUS,CHEMBL148,C[C@@H](O)[C@H]1C(=O)N2C(C(=O)O)=C(SCCNC=N)C[C@H]12
RESERPINE,CHEMBL772,COC(=O)[C@H]1[C@H]2C[C@@H]3c4[nH]c5cc(OC)ccc5c4CCN3C[C@H]2C[C@@H](OC(=O)c2cc(OC)c(OC)c(OC)c2)[C@@H]1OC
GLYCINE,CHEMBL773,NCC(=O)O
METAPROTERENOL,CHEMBL776,CC(C)NCC(O)c1cc(O)cc(O)c1
CLAVULANIC ACID,CHEMBL777,O=C(O)[C@H]1/C(=C/CO)O[C@@H]2CC(=O)N21
DEXMEDETOMIDINE,CHEMBL778,Cc1cccc([C@H](C)c2c[nH]cn2)c1C
TADALAFIL,CHEMBL779,CN1CC(=O)N2[C@H](c3ccc4c(c3)OCO4)c3[nH]c4ccccc4c3C[C@@H]2C1=O
BUTORPHANOL,CHEMBL33986,Oc1ccc2c(c1)[C@@]13CCCC[C@@]1(O)[C@@H](C2)N(CC1CCC1)CC3
PENTETIC ACID,CHEMBL780,O=C(O)CN(CCN(CC(=O)O)CC(=O)O)CCN(CC(=O)O)CC(=O)O
MAZINDOL,CHEMBL781,OC1(c2ccc(Cl)cc2)c2ccccc2C2=NCCN21
BITHIONOL,CHEMBL290106,Oc1c(Cl)cc(Cl)cc1Sc1cc(Cl)cc(Cl)c1O
TOLBUTAMIDE,CHEMBL782,CCCCNC(=O)NS(=O)(=O)c1ccc(C)cc1
NATEGLINIDE,CHEMBL783,CC(C)[C@H]1CC[C@H](C(=O)N[C@H](Cc2ccccc2)C(=O)O)CC1
BROTIZOLAM,CHEMBL32479,Cc1nnc2n1-c1sc(Br)cc1C(c1ccccc1Cl)=NC2
TAMOXIFEN CITRATE,CHEMBL786,CC/C(=C(\c1ccccc1)c1ccc(OCCN(C)C)cc1)c1ccccc1.O=C(O)CC(O)(CC(=O)O)C(=O)O
MONTELUKAST,CHEMBL787,CC(C)(O)c1ccccc1CC[C@@H](SCC1(CC(=O)O)CC1)c1cccc(/C=C/c2ccc3ccc(Cl)cc3n2)c1
IDOXURIDINE,CHEMBL788,O=c1[nH]c(=O)n([C@H]2C[C@H](O)[C@@H](CO)O2)cc1I
NOVOBIOCIN,CHEMBL36506,CO[C@@H]1[C@@H](OC(N)=O)[C@@H](O)[C@H](Oc2ccc3c(O)c(NC(=O)c4ccc(O)c(CC=C(C)C)c4)c(=O)oc3c2C)OC1(C)C
CIDOFOVIR ANHYDROUS,CHEMBL152,Nc1ccn(C[C@@H](CO)OCP(=O)(O)O)c(=O)n1
CHLORHEXIDINE,CHEMBL790,N=C(NCCCCCCNC(=N)NC(=N)Nc1ccc(Cl)cc1)NC(=N)Nc1ccc(Cl)cc1
FENOTEROL,CHEMBL32800,CC(Cc1ccc(O)cc1)NCC(O)c1cc(O)cc(O)c1
METHYLPHENIDATE,CHEMBL796,COC(=O)C(c1ccccc1)C1CCCCN1
ESTAZOLAM,CHEMBL285674,Clc1ccc2c(c1)C(c1ccccc1)=NCc1nncn1-2
PHENSUXIMIDE,CHEMBL797,CN1C(=O)CC(c2ccccc2)C1=O
METHOTREXATE,CHEMBL34259,CN(Cc1cnc2nc(N)nc(N)c2n1)c1ccc(C(=O)N[C@@H](CCC(=O)O)C(=O)O)cc1
GEPIRONE,CHEMBL284092,CC1(C)CC(=O)N(CCCCN2CCN(c3ncccn3)CC2)C(=O)C1
CILOSTAZOL,CHEMBL799,O=C1CCc2cc(OCCCCc3nnnn3C3CCCCC3)ccc2N1
MINOXIDIL,CHEMBL802,Nc1cc(N2CCCCC2)nc(N)[n+]1[O-]
NAPROXEN,CHEMBL154,COc1ccc2cc([C@H](C)C(=O)O)ccc2c1
MEFLOQUINE,CHEMBL416956,OC(c1cc(C(F)(F)F)nc2c(C(F)(F)F)cccc12)C1CCCCN1
CYTARABINE,CHEMBL803,Nc1ccn([C@@H]2O[C@H](CO)[C@@H](O)[C@@H]2O)c(=O)n1
FLUTAMIDE,CHEMBL806,CC(C)C(=O)Nc1ccc([N+](=O)[O-])c(C(F)(F)F)c1
MEMANTINE,CHEMBL807,CC12CC3CC(C)(C1)CC(N)(C3)C2
ECONAZOLE,CHEMBL808,Clc1ccc(COC(Cn2ccnc2)c2ccc(Cl)cc2Cl)cc1
SERTRALINE,CHEMBL809,CN[C@H]1CC[C@@H](c2ccc(Cl)c(Cl)c2)c2ccccc21
PIRACETAM,CHEMBL36715,NC(=O)CN1CCCC1=O
TEMOZOLOMIDE,CHEMBL810,Cn1nnc2c(C(N)=O)ncn2c1=O
BROMPHENIRAMINE,CHEMBL811,CN(C)CCC(c1ccc(Br)cc1)c1ccccn1
ZIMELDINE,CHEMBL37744,CN(C)C/C=C(/c1ccc(Br)cc1)c1cccnc1
PYRIDOSTIGMINE BROMIDE,CHEMBL812,CN(C)C(=O)Oc1ccc[n+](C)c1.[Br-]
EPROSARTAN,CHEMBL813,CCCCc1ncc(/C=C(\Cc2cccs2)C(=O)O)n1Cc1ccc(C(=O)O)cc1
GRANISETRON,CHEMBL289469,CN1C2CCCC1CC(NC(=O)c1nn(C)c3ccccc13)C2
FLUVOXAMINE,CHEMBL814,COCCCC/C(=N\OCCN)c1ccc(C(F)(F)F)cc1
DINOPROST,CHEMBL815,CCCCC[C@H](O)/C=C/[C@@H]1[C@@H](C/C=C\CCCC(=O)O)[C@@H](O)C[C@H]1O
BUFORMIN,CHEMBL39736,CCCCNC(=N)NC(=N)N
LUMEFANTRINE,CHEMBL38827,CCCCN(CCCC)CC(O)c1cc(Cl)cc2c1-c1ccc(Cl)cc1/C2=C/c1ccc(Cl)cc1
TOLAZAMIDE,CHEMBL817,Cc1ccc(S(=O)(=O)NC(=O)NN2CCCCCC2)cc1
IOBENGUANE,CHEMBL818,N=C(N)NCc1cccc(I)c1
OXACILLIN,CHEMBL819,Cc1onc(-c2ccccc2)c1C(=O)N[C@@H]1C(=O)N2[C@@H]1SC(C)(C)[C@@H]2C(=O)O
NIFURTIMOX,CHEMBL290960,CC1CS(=O)(=O)CCN1/N=C/c1ccc([N+](=O)[O-])o1
BUSULFAN,CHEMBL820,CS(=O)(=O)OCCCCOS(C)(=O)=O
GUANIDINE,CHEMBL821,N=C(N)N
TERBINAFINE,CHEMBL822,CN(C/C=C/C#CC(C)(C)C)Cc1cccc2ccccc12
ENOXACIN,CHEMBL826,CCn1cc(C(=O)O)c(=O)c2cc(F)c(N3CCNCC3)nc21
DEXMETHYLPHENIDATE,CHEMBL827,COC(=O)[C@H](c1ccccc1)[C@H]1CCCCN1
METHYLPROMAZINE,CHEMBL829,CC(CN(C)C)CN1c2ccccc2Sc2ccccc21
PRIMAQUINE PHOSPHATE,CHEMBL43128,COc1cc(NC(C)CCCN)c2ncccc2c1.O=P(O)(O)O.O=P(O)(O)O
EFLORNITHINE,CHEMBL830,NCCCC(N)(C(=O)O)C(F)F
LOXAPINE,CHEMBL831,CN1CCN(C2=Nc3ccccc3Oc3ccc(Cl)cc32)CC1
SULFINPYRAZONE,CHEMBL832,O=C1C(CC[S+]([O-])c2ccccc2)C(=O)N(c2ccccc2)N1c1ccccc1
AMINOPYRINE,CHEMBL288470,Cc1c(N(C)C)c(=O)n(-c2ccccc2)n1C
TICLOPIDINE,CHEMBL833,Clc1ccccc1CN1CCc2sccc2C1
EDARAVONE,CHEMBL290916,CC1=NN(c2ccccc2)C(=O)C1
PAMIDRONIC ACID,CHEMBL834,NCCC(O)(P(=O)(O)O)P(=O)(O)O
RILMENIDINE,CHEMBL289480,C1COC(NC(C2CC2)C2CC2)=N1
TAMSULOSIN,CHEMBL836,CCOc1ccccc1OCCN[C@H](C)Cc1ccc(OC)c(S(N)(=O)=O)c1
AZTREONAM,CHEMBL158,C[C@H]1[C@H](NC(=O)/C(=N\OC(C)(C)C(=O)O)c2csc(N)n2)C(=O)N1S(=O)(=O)O
CEFTAZIDIME,CHEMBL44354,CC(C)(O/N=C(\C(=O)N[C@@H]1C(=O)N2C(C(=O)[O-])=C(C[n+]3ccccc3)CS[C@H]12)c1csc(N)n1)C(=O)O
BENAZEPRIL,CHEMBL838,CCOC(=O)[C@H](CCc1ccccc1)N[C@H]1CCc2ccccc2N(CC(=O)O)C1=O
EZOGABINE,CHEMBL41355,CCOC(=O)Nc1ccc(NCc2ccc(F)cc2)cc1N
BOSUTINIB,CHEMBL288441,COc1cc(Nc2c(C#N)cnc3cc(OCCCN4CCN(C)CC4)c(OC)cc23)c(Cl)cc1Cl
CARTEOLOL,CHEMBL839,CC(C)(C)NCC(O)COc1cccc2c1CCC(=O)N2
LOPERAMIDE,CHEMBL841,CN(C)C(=O)C(CCN1CCC(O)(c2ccc(Cl)cc2)CC1)(c1ccccc1)c1ccccc1
CHLOROTHIAZIDE,CHEMBL842,NS(=O)(=O)c1cc2c(cc1Cl)N=CNS2(=O)=O
ROSIGLITAZONE MALEATE,CHEMBL843,CN(CCOc1ccc(CC2SC(=O)NC2=O)cc1)c1ccccn1.O=C(O)/C=C\C(=O)O
BRIMONIDINE,CHEMBL844,Brc1c(NC2=NCCN2)ccc2nccnc12
POMALIDOMIDE,CHEMBL43452,Nc1cccc2c1C(=O)N(C1CCC(=O)NC1=O)C2=O
CALCITRIOL,CHEMBL846,C=C1/C(=C\C=C2/CCC[C@]3(C)[C@@H]([C@H](C)CCCC(C)(C)O)CC[C@@H]23)C[C@@H](O)C[C@@H]1O
OXAMNIQUINE,CHEMBL847,CC(C)NCC1CCc2cc(CO)c([N+](=O)[O-])cc2N1
LENALIDOMIDE,CHEMBL848,Nc1cccc2c1CN(C1CCC(=O)NC1=O)C2=O
TRICLOSAN,CHEMBL849,Oc1cc(Cl)ccc1Oc1ccc(Cl)cc1Cl
SPARFLOXACIN,CHEMBL850,C[C@@H]1CN(c2c(F)c(N)c3c(=O)c(C(=O)O)cn(C4CC4)c3c2F)C[C@H](C)N1
MELPHALAN,CHEMBL852,N[C@@H](Cc1ccc(N(CCCl)CCCl)cc1)C(=O)O
BENPERIDOL,CHEMBL297302,O=C(CCCN1CCC(n2c(=O)[nH]c3ccccc32)CC1)c1ccc(F)cc1
ZALCITABINE,CHEMBL853,Nc1ccn([C@H]2CC[C@@H](CO)O2)c(=O)n1
TRIPROLIDINE,CHEMBL855,Cc1ccc(/C(=C\CN2CCCC2)c2ccccn2)cc1
MEPHOBARBITAL,CHEMBL45029,CCC1(c2ccccc2)C(=O)NC(=O)N(C)C1=O
ASTEMIZOLE,CHEMBL296419,COc1ccc(CCN2CCC(Nc3nc4ccccc4n3Cc3ccc(F)cc3)CC2)cc1
BAZEDOXIFENE,CHEMBL46740,Cc1c(-c2ccc(O)cc2)n(Cc2ccc(OCCN3CCCCCC3)cc2)c2ccc(O)cc12
PRIMIDONE,CHEMBL856,CCC1(c2ccccc2)C(=O)NCNC1=O
BIOTIN,CHEMBL857,O=C(O)CCCC[C@@H]1SC[C@@H]2NC(=O)N[C@@H]21
MEPHENYTOIN,CHEMBL861,CCC1(c2ccccc2)NC(=O)N(C)C1=O
CARBARIL,CHEMBL46917,CNC(=O)Oc1cccc2ccccc12
GUANFACINE,CHEMBL862,N=C(N)NC(=O)Cc1c(Cl)cccc1Cl
CYSTEINE,CHEMBL863,N[C@@H](CS)C(=O)O
FLUSPIRILENE,CHEMBL46516,O=C1NCN(c2ccccc2)C12CCN(CCCC(c1ccc(F)cc1)c1ccc(F)cc1)CC2
CARBINOXAMINE,CHEMBL864,CN(C)CCOC(c1ccc(Cl)cc1)c1ccccn1
CINNARIZINE,CHEMBL43064,C(=C/c1ccccc1)\CN1CCN(C(c2ccccc2)c2ccccc2)CC1
BERBERINE,CHEMBL295124,COc1ccc2cc3[n+](cc2c1OC)CCc1cc2c(cc1-3)OCO2
VALDECOXIB,CHEMBL865,Cc1onc(-c2ccccc2)c1-c1ccc(S(N)(=O)=O)cc1
PARECOXIB SODIUM,CHEMBL296913,CCC(=O)[N-]S(=O)(=O)c1ccc(-c2c(-c3ccccc3)noc2C)cc1.[Na+]
ETHAMBUTOL,CHEMBL44884,CC[C@@H](CO)NCCN[C@@H](CC)CO
ETHYL CHLORIDE,CHEMBL46058,CCCl
CHLOROFORM,CHEMBL44618,ClC(Cl)Cl
MYCOPHENOLIC ACID,CHEMBL866,COc1c(C)c2c(c(O)c1C/C=C(\C)CCC(=O)O)C(=O)OC2
ETOPOSIDE,CHEMBL44657,COc1cc([C@@H]2c3cc4c(cc3[C@@H](O[C@@H]3O[C@@H]5CO[C@@H](C)O[C@H]5[C@H](O)[C@H]3O)[C@H]3COC(=O)[C@H]23)OCO4)cc(OC)c1O
IOPANOIC ACID,CHEMBL867,CCC(Cc1c(I)cc(I)c(N)c1I)C(=O)O
OMACETAXINE MEPESUCCINATE,CHEMBL46286,COC(=O)C[C@](O)(CCCC(C)(C)O)C(=O)O[C@@H]1C(OC)=C[C@]23CCCN2CCc2cc4c(cc2[C@H]13)OCO4
CANTHARIDIN,CHEMBL48449,C[C@@]12C(=O)OC(=O)[C@]1(C)[C@H]1CC[C@@H]2O1
VANCOMYCIN,CHEMBL262777,CN[C@H](CC(C)C)C(=O)N[C@H]1C(=O)N[C@@H](CC(N)=O)C(=O)N[C@H]2C(=O)N[C@H]3C(=O)N[C@H](C(=O)N[C@H](C(=O)O)c4cc(O)cc(O)c4-c4cc3ccc4O)[C@H](O)c3ccc(c(Cl)c3)Oc3cc2cc(c3O[C@@H]2O[C@H](CO)[C@@H](O)[C@H](O)[C@H]2O[C@H]2C[C@](C)(N)[C@H](O)[C@H](C)O2)Oc2ccc(cc2Cl)[C@H]1O
NITROFURAZONE,CHEMBL869,NC(=O)N/N=C/c1ccc([N+](=O)[O-])o1
ALENDRONIC ACID,CHEMBL870,NCCCC(O)(P(=O)(O)O)P(=O)(O)O
ETIDRONIC ACID,CHEMBL871,CC(O)(P(=O)(O)O)P(=O)(O)O
VINBLASTINE,CHEMBL159,CC[C@]1(O)C[C@@H]2CN(CCc3c([nH]c4ccccc34)[C@@](C(=O)OC)(c3cc4c(cc3OC)N(C)[C@H]3[C@@](O)(C(=O)OC)[C@H](OC(C)=O)[C@]5(CC)C=CCN6CC[C@]43[C@@H]65)C2)C1
MIBEFRADIL,CHEMBL45816,COCC(=O)O[C@]1(CCN(C)CCCc2nc3ccccc3[nH]2)CCc2cc(F)ccc2[C@@H]1C(C)C
LEVOKETOCONAZOLE,CHEMBL295698,CC(=O)N1CCN(c2ccc(OC[C@@H]3CO[C@@](Cn4ccnc4)(c4ccc(Cl)cc4Cl)O3)cc2)CC1
TAFENOQUINE,CHEMBL298470,COc1cc(C)c2c(Oc3cccc(C(F)(F)F)c3)c(OC)cc(NC(C)CCCN)c2n1
TRANEXAMIC ACID,CHEMBL877,NC[C@H]1CC[C@H](C(=O)O)CC1
METOLAZONE,CHEMBL878,Cc1ccccc1N1C(=O)c2cc(S(N)(=O)=O)c(Cl)cc2NC1C
FAMCICLOVIR,CHEMBL880,CC(=O)OCC(CCn1cnc2cnc(N)nc21)COC(C)=O
EMTRICITABINE,CHEMBL885,Nc1nc(=O)n([C@@H]2CS[C@H](CO)O2)cc1F
RASAGILINE,CHEMBL887,C#CCN[C@@H]1CCc2ccccc21
GEMCITABINE,CHEMBL888,Nc1ccn([C@@H]2O[C@H](CO)[C@@H](O)C2(F)F)c(=O)n1
LACTULOSE,CHEMBL296306,OC[C@H]1O[C@@H](O[C@@H]2[C@@H](CO)O[C@](O)(CO)[C@H]2O)[C@H](O)[C@@H](O)[C@H]1O
SAFINAMIDE MESYLATE,CHEMBL48582,CS(=O)(=O)O.C[C@H](NCc1ccc(OCc2cccc(F)c2)cc1)C(N)=O
CLOXACILLIN,CHEMBL891,Cc1onc(-c2ccccc2Cl)c1C(=O)N[C@@H]1C(=O)N2[C@@H]1SC(C)(C)[C@@H]2C(=O)O
BUTORPHANOL TARTRATE,CHEMBL299400,O=C(O)C(O)C(O)C(=O)O.Oc1ccc2c(c1)[C@@]13CCCC[C@@]1(O)[C@@H](C2)N(CC1CCC1)CC3
DICLOXACILLIN,CHEMBL893,Cc1onc(-c2c(Cl)cccc2Cl)c1C(=O)N[C@@H]1C(=O)N2[C@@H]1SC(C)(C)[C@@H]2C(=O)O
BUPROPION,CHEMBL894,CC(NC(C)(C)C)C(=O)c1cccc(Cl)c1
EMETINE,CHEMBL50588,CC[C@H]1CN2CCc3cc(OC)c(OC)cc3[C@@H]2C[C@@H]1C[C@H]1NCCc2cc(OC)c(OC)cc21
NALBUPHINE,CHEMBL895,Oc1ccc2c3c1O[C@H]1[C@@H](O)CC[C@@]4(O)[C@@H](C2)N(CC2CCC2)CC[C@]314
DEXTROMETHORPHAN,CHEMBL52440,COc1ccc2c(c1)[C@]13CCCC[C@@H]1[C@H](C2)N(C)CC3
HYDROXYZINE,CHEMBL896,OCCOCCN1CCN(C(c2ccccc2)c2ccc(Cl)cc2)CC1
PROBENECID,CHEMBL897,CCCN(CCC)S(=O)(=O)c1ccc(C(=O)O)cc1
DIFLUNISAL,CHEMBL898,O=C(O)c1cc(-c2ccc(F)cc2F)ccc1O
ORPHENADRINE,CHEMBL900,Cc1ccccc1C(OCCN(C)C)c1ccccc1
FAMOTIDINE,CHEMBL902,NC(N)=Nc1nc(CSCC/C(N)=N/S(N)(=O)=O)cs1
ISOXICAM,CHEMBL53292,Cc1cc(NC(=O)C2=C(O)c3ccccc3S(=O)(=O)N2C)no1
DOXORUBICIN,CHEMBL53463,COc1cccc2c1C(=O)c1c(O)c3c(c(O)c1C2=O)C[C@@](O)(C(=O)CO)C[C@@H]3O[C@H]1C[C@H](N)[C@H](O)[C@H](C)O1
DEXMETHYLPHENIDATE HYDROCHLORIDE,CHEMBL904,COC(=O)[C@H](c1ccccc1)[C@H]1CCCCN1.Cl
RIZATRIPTAN,CHEMBL905,CN(C)CCc1c[nH]c2ccc(Cn3cncn3)cc12
CHLORPROTHIXENE,CHEMBL908,CN(C)CC/C=C1/c2ccccc2Sc2ccc(Cl)cc21
ZOLPIDEM,CHEMBL911,Cc1ccc(-c2nc3ccc(C)cn3c2CC(=O)N(C)C)cc1
FEXOFENADINE,CHEMBL914,CC(C)(C(=O)O)c1ccc(C(O)CCCN2CCC(C(O)(c3ccccc3)c3ccccc3)CC2)cc1
NEDOCROMIL SODIUM,CHEMBL915,CCCc1c2oc(C(=O)[O-])cc(=O)c2cc2c(=O)cc(C(=O)[O-])n(CC)c12.[Na+].[Na+]
TIROFIBAN,CHEMBL916,CCCCS(=O)(=O)N[C@@H](Cc1ccc(OCCCCC2CCNCC2)cc1)C(=O)O
DANTHRON,CHEMBL53418,O=C1c2cccc(O)c2C(=O)c2c(O)cccc21
FLOXURIDINE,CHEMBL917,O=c1[nH]c(=O)n([C@H]2C[C@H](O)[C@@H](CO)O2)cc1F
PHENACEMIDE,CHEMBL918,NC(=O)NC(=O)Cc1ccccc1
FOSPHENYTOIN SODIUM,CHEMBL919,O=C1NC(c2ccccc2)(c2ccccc2)C(=O)N1COP(=O)([O-])[O-].[Na+].[Na+]
CHOLINE,CHEMBL920,C[N+](C)(C)CCO
ALPIDEM,CHEMBL54349,CCCN(CCC)C(=O)Cc1c(-c2ccc(Cl)cc2)nc2ccc(Cl)cn12
ADEFOVIR DIPIVOXIL,CHEMBL922,CC(C)(C)C(=O)OCOP(=O)(COCCn1cnc2c(N)ncnc21)OCOC(=O)C(C)(C)C
CEFTRIAXONE,CHEMBL161,CO/N=C(\C(=O)N[C@@H]1C(=O)N2C(C(=O)O)=C(CSc3nc(=O)c(O)nn3C)CS[C@H]12)c1csc(N)n1
RISEDRONIC ACID,CHEMBL923,O=P(O)(O)C(O)(Cc1cccnc1)P(=O)(O)O
ZOLEDRONIC ACID ANHYDROUS,CHEMBL924,O=P(O)(O)C(O)(Cn1ccnc1)P(=O)(O)O
ANIDULAFUNGIN,CHEMBL264241,CCCCCOc1ccc(-c2ccc(-c3ccc(C(=O)N[C@H]4C[C@@H](O)[C@@H](O)NC(=O)[C@@H]5[C@@H](O)[C@@H](C)CN5C(=O)[C@H]([C@@H](C)O)NC(=O)[C@H]([C@H](O)[C@@H](O)c5ccc(O)cc5)NC(=O)[C@@H]5C[C@@H](O)CN5C(=O)[C@H]([C@@H](C)O)NC4=O)cc3)cc2)cc1
TYROSINE,CHEMBL925,N[C@@H](Cc1ccc(O)cc1)C(=O)O
DOBUTAMINE,CHEMBL926,CC(CCc1ccc(O)cc1)NCCc1ccc(O)c(O)c1
LEVACETYLLEUCINE,CHEMBL56021,CC(=O)N[C@@H](CC(C)C)C(=O)O
CEFDINIR,CHEMBL927,C=CC1=C(C(=O)O)N2C(=O)[C@@H](NC(=O)/C(=N\O)c3csc(N)n3)[C@H]2SC1
TRYPTOPHAN,CHEMBL54976,N[C@@H](Cc1c[nH]c2ccccc12)C(=O)O
DANTROLENE SODIUM,CHEMBL928,O=C1CN(/N=C/c2ccc(-c3ccc([N+](=O)[O-])cc3)o2)C(=O)[N-]1.[Na+]
LONAFARNIB,CHEMBL298734,NC(=O)N1CCC(CC(=O)N2CCC([C@H]3c4ncc(Br)cc4CCc4cc(Cl)cc(Br)c43)CC2)CC1
DELAVIRDINE MESYLATE,CHEMBL929,CC(C)Nc1cccnc1N1CCN(C(=O)c2cc3cc(NS(C)(=O)=O)ccc3[nH]2)CC1.CS(=O)(=O)O
GLUTAMINE,CHEMBL930,NC(=O)CC[C@H](N)C(=O)O
NIMESULIDE,CHEMBL56367,CS(=O)(=O)Nc1ccc([N+](=O)[O-])cc1Oc1ccccc1
HALOTHANE,CHEMBL931,FC(F)(F)C(Cl)Br
DIPYRIDAMOLE,CHEMBL932,OCCN(CCO)c1nc(N2CCCCC2)c2nc(N(CCO)CCO)nc(N3CCCCC3)c2n1
METYRAPONE,CHEMBL934,CC(C)(C(=O)c1cccnc1)c1cccnc1
DIPHENIDOL,CHEMBL936,OC(CCCN1CCCCC1)(c1ccccc1)c1ccccc1
DIETHYLCARBAMAZINE CITRATE,CHEMBL937,CCN(CC)C(=O)N1CCN(C)CC1.O=C(O)CC(O)(CC(=O)O)C(=O)O
RITONAVIR,CHEMBL163,CC(C)c1nc(CN(C)C(=O)N[C@H](C(=O)N[C@@H](Cc2ccccc2)C[C@H](O)[C@H](Cc2ccccc2)NC(=O)OCc2cncs2)C(C)C)cs1
GEFITINIB,CHEMBL939,COc1cc2ncnc(Nc3ccc(F)c(Cl)c3)c2cc1OCCCN1CCOCC1
GABAPENTIN,CHEMBL940,NCC1(CC(=O)O)CCCCC1
"3,3',4',5-TETRACHLOROSALICYLANILIDE",CHEMBL291338,O=C(Nc1ccc(Cl)c(Cl)c1)c1cc(Cl)cc(Cl)c1O
LACOSAMIDE,CHEMBL58323,COC[C@@H](NC(C)=O)C(=O)NCc1ccccc1
IMATINIB,CHEMBL941,Cc1ccc(NC(=O)c2ccc(CN3CCN(C)CC3)cc2)cc1Nc1nccc(-c2cccnc2)n1
TROPISETRON,CHEMBL56564,CN1[C@@H]2CC[C@H]1C[C@@H](OC(=O)c1c[nH]c3ccccc13)C2
PRAMIPEXOLE,CHEMBL301265,CCCN[C@H]1CCc2nc(N)sc2C1
BISACODYL,CHEMBL942,CC(=O)Oc1ccc(C(c2ccc(OC(C)=O)cc2)c2ccccn2)cc1
EPALRESTAT,CHEMBL56337,CC(/C=C1\SC(=S)N(CC(=O)O)C1=O)=C\c1ccccc1
CHLOROPROCAINE HYDROCHLORIDE,CHEMBL944,CCN(CC)CCOC(=O)c1ccc(N)cc1Cl.Cl
AMILORIDE,CHEMBL945,N=C(N)NC(=O)c1nc(Cl)c(N)nc1N
AZATADINE,CHEMBL946,CN1CCC(=C2c3ccccc3CCc3cccnc32)CC1
CHLOROQUINE PHOSPHATE,CHEMBL58510,CCN(CC)CCCC(C)Nc1ccnc2cc(Cl)ccc12.O=P(O)(O)O.O=P(O)(O)O
IOPHENDYLATE,CHEMBL951,CCOC(=O)CCCCCCCCC(C)c1ccc(I)cc1
CAPSAICIN,CHEMBL294199,COc1cc(CNC(=O)CCCC/C=C/C(C)C)ccc1O
ENTACAPONE,CHEMBL953,CCN(CC)C(=O)/C(C#N)=C/c1cc(O)c(O)c([N+](=O)[O-])c1
CYCLOTHIAZIDE,CHEMBL61593,NS(=O)(=O)c1cc2c(cc1Cl)NC(C1CC3C=CC1C3)NS2(=O)=O
SUPROFEN,CHEMBL956,CC(C(=O)O)c1ccc(C(=O)c2cccs2)cc1
BOSENTAN,CHEMBL957,COc1ccccc1Oc1c(NS(=O)(=O)c2ccc(C(C)(C)C)cc2)nc(-c2ncccn2)nc1OCCO
RIMANTADINE,CHEMBL959,CC(N)C12CC3CC(CC(C3)C1)C2
LEFLUNOMIDE,CHEMBL960,Cc1oncc1C(=O)Nc1ccc(C(F)(F)F)cc1
SULFADIMETHOXINE,CHEMBL62193,COc1cc(NS(=O)(=O)c2ccc(N)cc2)nc(OC)n1
PHENYLPROPANOLAMINE,CHEMBL61006,CC(N)C(O)c1ccccc1
EPOPROSTENOL SODIUM,CHEMBL962,CCCCC[C@H](O)/C=C/[C@@H]1[C@H]2C/C(=C/CCCC(=O)[O-])O[C@H]2C[C@H]1O.[Na+]
OXYMORPHONE,CHEMBL963,CN1CC[C@]23c4c5ccc(O)c4O[C@H]2C(=O)CC[C@@]3(O)[C@H]1C5
DISULFIRAM,CHEMBL964,CCN(CC)C(=S)SSC(=S)N(CC)CC
CARBAMOYLCHOLINE,CHEMBL965,C[N+](C)(C)CCOC(N)=O
TEMAZEPAM,CHEMBL967,CN1C(=O)C(O)N=C(c2ccccc2)c2cc(Cl)ccc21
FLURAZEPAM,CHEMBL968,CCN(CC)CCN1C(=O)CN=C(c2ccccc2F)c2cc(Cl)ccc21
PRAZEPAM,CHEMBL969,O=C1CN=C(c2ccccc2)c2cc(Cl)ccc2N1CC1CC1
HALAZEPAM,CHEMBL970,O=C1CN=C(c2ccccc2)c2cc(Cl)ccc2N1CC(F)(F)F
PENTOBARBITAL SODIUM,CHEMBL971,CCCC(C)C1(CC)C(=O)N=C([O-])NC1=O.[Na+]
SELEGILINE,CHEMBL972,C#CCN(C)[C@H](C)Cc1ccccc1
TERIFLUNOMIDE,CHEMBL973,C/C(O)=C(\C#N)C(=O)Nc1ccc(C(F)(F)F)cc1
MESNA,CHEMBL975,O=S(=O)([O-])CCS.[Na+]
ITRACONAZOLE,CHEMBL64391,CCC(C)n1ncn(-c2ccc(N3CCN(c4ccc(OCC5COC(Cn6cncn6)(c6ccc(Cl)cc6Cl)O5)cc4)CC3)cc2)c1=O
GENTIAN VIOLET,CHEMBL64894,CN(C)c1ccc(C(=C2C=CC(=[N+](C)C)C=C2)c2ccc(N(C)C)cc2)cc1.[Cl-]
PRAZIQUANTEL,CHEMBL976,O=C(C1CCCCC1)N1CC(=O)N2CCc3ccccc3C2C1
HYDROCORTISONE HEMISUCCINATE ANHYDROUS,CHEMBL977,C[C@]12CCC(=O)C=C1CC[C@@H]1[C@@H]2[C@@H](O)C[C@@]2(C)[C@H]1CC[C@]2(O)C(=O)COC(=O)CCC(=O)O
METHACHOLINE,CHEMBL978,CC(=O)OC(C)C[N+](C)(C)C
MEPROBAMATE,CHEMBL979,CCCC(C)(COC(N)=O)COC(N)=O
GUAIFENESIN,CHEMBL980,COc1ccccc1OCC(O)CO
FENOFIBRIC ACID,CHEMBL981,CC(C)(Oc1ccc(C(=O)c2ccc(Cl)cc2)cc1)C(=O)O
NALMEFENE,CHEMBL982,C=C1CC[C@@]2(O)[C@H]3Cc4ccc(O)c5c4[C@@]2(CCN3CC2CC2)[C@H]1O5
SUCCINYLCHOLINE CHLORIDE,CHEMBL983,C[N+](C)(C)CCOC(=O)CCC(=O)OCC[N+](C)(C)C.[Cl-].[Cl-]
MIVACURIUM CHLORIDE,CHEMBL984,COc1cc2c(cc1OC)[C@@H](Cc1cc(OC)c(OC)c(OC)c1)[N+](C)(CCCOC(=O)CC/C=C/CCC(=O)OCCC[N+]1(C)CCc3cc(OC)c(OC)cc3[C@H]1Cc1cc(OC)c(OC)c(OC)c1)CC2.[Cl-].[Cl-]
UREA,CHEMBL985,NC(N)=O
TIPIRACIL HYDROCHLORIDE,CHEMBL65375,Cl.N=C1CCCN1Cc1[nH]c(=O)[nH]c(=O)c1Cl
CRINECERFONT,CHEMBL291657,C#CCN(c1nc(-c2cc(C)c(OC)cc2Cl)c(C)s1)[C@@H](CC1CC1)c1ccc(C)c(F)c1
PHENOLPHTHALEIN,CHEMBL63857,O=C1OC(c2ccc(O)cc2)(c2ccc(O)cc2)c2ccccc21
RETINOL,CHEMBL986,CC1=C(/C=C/C(C)=C/C=C/C(C)=C/CO)C(C)(C)CCC1
CEFPIROME,CHEMBL65794,CO/N=C(\C(=O)N[C@@H]1C(=O)N2C(C(=O)[O-])=C(C[n+]3cccc4c3CCC4)CS[C@H]12)c1csc(N)n1
FLUOCINOLONE ACETONIDE,CHEMBL989,CC1(C)O[C@@H]2C[C@H]3[C@@H]4C[C@H](F)C5=CC(=O)C=C[C@]5(C)[C@@]4(F)[C@@H](O)C[C@]3(C)[C@]2(C(=O)CO)O1
BUTENAFINE,CHEMBL990,CN(Cc1ccc(C(C)(C)C)cc1)Cc1cccc2ccccc12
ACEFYLLINE,CHEMBL70246,Cn1c(=O)c2c(ncn2CC(=O)O)n(C)c1=O
STAVUDINE,CHEMBL991,Cc1cn([C@H]2C=C[C@@H](CO)O2)c(=O)[nH]c1=O
LOSARTAN POTASSIUM,CHEMBL995,CCCCc1nc(Cl)c(CO)n1Cc1ccc(-c2ccccc2-c2nnn[n-]2)cc1.[K+]
CEFOXITIN,CHEMBL996,CO[C@@]1(NC(=O)Cc2cccs2)C(=O)N2C(C(=O)O)=C(COC(N)=O)CS[C@@H]21
SORIVUDINE,CHEMBL70046,O=c1[nH]c(=O)n([C@@H]2O[C@H](CO)[C@@H](O)[C@@H]2O)cc1/C=C/Br
IBANDRONIC ACID,CHEMBL997,CCCCCN(C)CCC(O)(P(=O)(O)O)P(=O)(O)O
LORATADINE,CHEMBL998,CCOC(=O)N1CCC(=C2c3ccc(Cl)cc3CCc3cccnc32)CC1
VINPOCETINE,CHEMBL71752,CCOC(=O)C1=C[C@]2(CC)CCCN3CCc4c(n1c1ccccc41)[C@@H]32
EBASTINE,CHEMBL305660,CC(C)(C)c1ccc(C(=O)CCCN2CCC(OC(c3ccccc3)c3ccccc3)CC2)cc1
CETIRIZINE,CHEMBL1000,O=C(O)COCCN1CCN(C(c2ccccc2)c2ccc(Cl)cc2)CC1
CLOBAZAM,CHEMBL70418,CN1C(=O)CC(=O)N(c2ccccc2)c2cc(Cl)ccc21
LEVOSALBUTAMOL,CHEMBL1002,CC(C)(C)NC[C@H](O)c1ccc(O)c(CO)c1
CLAVULANATE POTASSIUM,CHEMBL1003,O=C([O-])[C@H]1/C(=C/CO)O[C@@H]2CC(=O)N21.[K+]
DOXYLAMINE,CHEMBL1004,CN(C)CCOC(C)(c1ccccc1)c1ccccn1
SERATRODAST,CHEMBL70972,CC1=C(C)C(=O)C(C(CCCCCC(=O)O)c2ccccc2)=C(C)C1=O
REMIFENTANIL,CHEMBL1005,CCC(=O)N(c1ccccc1)C1(C(=O)OC)CCN(CCC(=O)OC)CC1
DEFERIPRONE,CHEMBL70927,Cc1c(O)c(=O)ccn1C
AMIFOSTINE,CHEMBL1006,NCCCNCCSP(=O)(O)O
BEPRIDIL,CHEMBL1008,CC(C)COCC(CN(Cc1ccccc1)c1ccccc1)N1CCCC1
LEVODOPA,CHEMBL1009,N[C@@H](Cc1ccc(O)c(O)c1)C(=O)O
CEFOTAXIME SODIUM,CHEMBL1010,CO/N=C(\C(=O)N[C@@H]1C(=O)N2C(C(=O)[O-])=C(COC(C)=O)CS[C@H]12)c1csc(N)n1.[Na+]
ETRAVIRINE,CHEMBL308954,Cc1cc(C#N)cc(C)c1Oc1nc(Nc2ccc(C#N)cc2)nc(N)c1Br
VILOXAZINE,CHEMBL306700,CCOc1ccccc1OCC1CNCCO1
LORACARBEF ANHYDROUS,CHEMBL1013,N[C@@H](C(=O)N[C@@H]1C(=O)N2C(C(=O)O)=C(Cl)CC[C@H]12)c1ccccc1
MOXALACTAM,CHEMBL74632,CO[C@@]1(NC(=O)C(C(=O)O)c2ccc(O)cc2)C(=O)N2C(C(=O)O)=C(CSc3nnnn3C)CO[C@@H]21
XYLOMETAZOLINE,CHEMBL312448,Cc1cc(C(C)(C)C)cc(C)c1CC1=NCCN1
CANDESARTAN CILEXETIL,CHEMBL1014,CCOc1nc2cccc(C(=O)OC(C)OC(=O)OC3CCCCC3)c2n1Cc1ccc(-c2ccccc2-c2nn[nH]n2)cc1
EVANS BLUE FREE ACID,CHEMBL1015,Cc1cc(-c2ccc(/N=N/c3ccc4c(S(=O)(=O)O)cc(S(=O)(=O)O)c(N)c4c3O)c(C)c2)ccc1/N=N/c1ccc2c(S(=O)(=O)O)cc(S(=O)(=O)O)c(N)c2c1O
TELMISARTAN,CHEMBL1017,CCCc1nc2c(C)cc(-c3nc4ccccc4n3C)cc2n1Cc1ccc(-c2ccccc2C(=O)O)cc1
DIENESTROL,CHEMBL1018,C/C=C(C(=C/C)/c1ccc(O)cc1)\c1ccc(O)cc1
DEXKETOPROFEN,CHEMBL75435,C[C@H](C(=O)O)c1cccc(C(=O)c2ccccc2)c1
CARBETAPENTANE,CHEMBL73234,CCN(CC)CCOCCOC(=O)C1(c2ccccc2)CCCC1
TOLMETIN,CHEMBL1020,Cc1ccc(C(=O)c2ccc(CC(=O)O)n2C)cc1
NEPAFENAC,CHEMBL1021,NC(=O)Cc1cccc(C(=O)c2ccccc2)c1N
PERHEXILINE,CHEMBL75880,C1CCC(C(CC2CCCCN2)C2CCCCC2)CC1
BEXAROTENE,CHEMBL1023,C=C(c1ccc(C(=O)O)cc1)c1cc2c(cc1C)C(C)(C)CCC2(C)C
IFOSFAMIDE,CHEMBL1024,O=P1(NCCCl)OCCCN1CCCl
ISOFLUROPHATE,CHEMBL1025,CC(C)OP(=O)(F)OC(C)C
ARTENIMOL,CHEMBL307261,C[C@H]1[C@@H](O)O[C@@H]2O[C@@]3(C)CC[C@H]4[C@H](C)CC[C@@H]1[C@@]24OO3
FENOLDOPAM MESYLATE,CHEMBL1026,CS(=O)(=O)O.Oc1ccc(C2CNCCc3c2cc(O)c(O)c3Cl)cc1
TIAGABINE,CHEMBL1027,Cc1ccsc1C(=CCCN1CCC[C@@H](C(=O)O)C1)c1sccc1C
TEGASEROD,CHEMBL76370,CCCCCNC(=N)N/N=C/c1c[nH]c2ccc(OC)cc12
ISTRADEFYLLINE,CHEMBL431770,CCn1c(=O)c2c(nc(/C=C/c3ccc(OC)c(OC)c3)n2C)n(CC)c1=O
MIGLUSTAT,CHEMBL1029,CCCCN1C[C@H](O)[C@@H](O)[C@H](O)[C@H]1CO
DICLOFENAC SODIUM,CHEMBL1034,O=C([O-])Cc1ccccc1Nc1c(Cl)cccc1Cl.[Na+]
GUANADREL,CHEMBL1037,N=C(N)NCC1COC2(CCCCC2)O1
CALCIFEDIOL ANHYDROUS,CHEMBL1040,C=C1CC[C@H](O)C/C1=C/C=C1\CCC[C@]2(C)[C@@H]([C@H](C)CCCC(C)(C)O)CC[C@@H]12
CHOLECALCIFEROL,CHEMBL1042,C=C1CC[C@H](O)C/C1=C/C=C1\CCC[C@]2(C)[C@@H]([C@H](C)CCCC(C)C)CC[C@@H]12
DAPSONE,CHEMBL1043,Nc1ccc(S(=O)(=O)c2ccc(N)cc2)cc1
AMINOCAPROIC ACID,CHEMBL1046,NCCCCCC(=O)O
DITHIAZANINE IODIDE,CHEMBL421701,CCN1/C(=C/C=C/C=C/c2sc3ccccc3[n+]2CC)Sc2ccccc21.[I-]
CIANIDANOL,CHEMBL311498,Oc1cc(O)c2c(c1)O[C@H](c1ccc(O)c(O)c1)[C@@H](O)C2
MOZAVAPTAN,CHEMBL420762,Cc1ccccc1C(=O)Nc1ccc(C(=O)N2CCCC(N(C)C)c3ccccc32)cc1
LATANOPROST,CHEMBL1051,CC(C)OC(=O)CCC/C=C\C[C@@H]1[C@@H](CC[C@@H](O)CCc2ccccc2)[C@H](O)C[C@@H]1O
TRICHLORMETHIAZIDE,CHEMBL1054,NS(=O)(=O)c1cc2c(cc1Cl)NC(C(Cl)Cl)NS2(=O)=O
CHLORTHALIDONE,CHEMBL1055,NS(=O)(=O)c1cc(C2(O)NC(=O)c3ccccc32)ccc1Cl
CEPHALORIDINE,CHEMBL316157,O=C(Cc1cccs1)N[C@@H]1C(=O)N2C(C(=O)[O-])=C(C[n+]3ccccc3)CS[C@H]12
FLUORESCEIN,CHEMBL1057,O=C1OC2(c3ccc(O)cc3Oc3cc(O)ccc32)c2ccccc21
PREGABALIN,CHEMBL1059,CC(C)C[C@H](CN)CC(=O)O
"SODIUM PHOSPHATE, DIBASIC, ANHYDROUS",CHEMBL1060,O=P([O-])([O-])O.[Na+].[Na+]
SIMVASTATIN,CHEMBL1064,CCC(C)(C)C(=O)O[C@H]1C[C@@H](C)C=C2C=C[C@H](C)[C@H](CC[C@@H]3C[C@@H](O)CC(=O)O3)[C@H]21
RITODRINE,CHEMBL83063,CC(NCCc1ccc(O)cc1)C(O)c1ccc(O)cc1
METHYSERGIDE,CHEMBL1065,CC[C@@H](CO)NC(=O)[C@@H]1C=C2c3cccc4c3c(cn4C)C[C@H]2N(C)C1
OXCARBAZEPINE,CHEMBL1068,NC(=O)N1c2ccccc2CC(=O)c2ccccc21
VALSARTAN,CHEMBL1069,CCCCC(=O)N(Cc1ccc(-c2ccccc2-c2nnn[nH]2)cc1)[C@H](C(=O)O)C(C)C
ENCAINIDE,CHEMBL315838,COc1ccc(C(=O)Nc2ccccc2CCC2CCCCN2C)cc1
MOCLOBEMIDE,CHEMBL86304,O=C(NCCN1CCOCC1)c1ccc(Cl)cc1
MEDIFOXAMINE,CHEMBL85231,CN(C)CC(Oc1ccccc1)Oc1ccccc1
NABUMETONE,CHEMBL1070,COc1ccc2cc(CCC(C)=O)ccc2c1
OXAPROZIN,CHEMBL1071,O=C(O)CCc1nc(-c2ccccc2)c(-c2ccccc2)o1
MEPTAZINOL,CHEMBL314437,CCC1(c2cccc(O)c2)CCCCN(C)C1
PROCYCLIDINE,CHEMBL86715,OC(CCN1CCCC1)(c1ccccc1)C1CCCCC1
BUMETANIDE,CHEMBL1072,CCCCNc1cc(C(=O)O)cc(S(N)(=O)=O)c1Oc1ccccc1
GLIPIZIDE,CHEMBL1073,Cc1cnc(C(=O)NCCc2ccc(S(=O)(=O)NC(=O)NC3CCCCC3)cc2)cn1
LOFEPRAMINE,CHEMBL87708,CN(CCCN1c2ccccc2CCc2ccccc21)CC(=O)c1ccc(Cl)cc1
FENFLURAMINE,CHEMBL87493,CCNC(C)Cc1cccc(C(F)(F)F)c1
CLOMETHIAZOLE,CHEMBL315795,Cc1ncsc1CCCl
ESLICARBAZEPINE,CHEMBL315985,NC(=O)N1c2ccccc2C[C@H](O)c2ccccc21
MORICIZINE,CHEMBL1075,CCOC(=O)Nc1ccc2c(c1)N(C(=O)CCN1CCOCC1)c1ccccc1S2
ESLICARBAZEPINE ACETATE,CHEMBL87992,CC(=O)O[C@H]1Cc2ccccc2N(C(N)=O)c2ccccc21
BROMFENAC,CHEMBL1077,Nc1c(CC(=O)O)cccc1C(=O)c1ccc(Br)cc1
TIZANIDINE,CHEMBL1079,Clc1ccc2nsnc2c1NC1=NCCN1
VIGABATRIN,CHEMBL89598,C=CC(N)CCC(=O)O
VINCRISTINE,CHEMBL90555,CC[C@]1(O)C[C@H]2CN(CCc3c([nH]c4ccccc34)[C@@](C(=O)OC)(c3cc4c(cc3OC)N(C=O)[C@H]3[C@@](O)(C(=O)OC)[C@H](OC(C)=O)[C@]5(CC)C=CCN6CC[C@]43[C@@H]65)C2)C1
AMOXICILLIN,CHEMBL1082,CC1(C)S[C@@H]2[C@H](NC(=O)[C@H](N)c3ccc(O)cc3)C(=O)N2[C@H]1C(=O)O
MASOPROCOL,CHEMBL313972,C[C@H](Cc1ccc(O)c(O)c1)[C@@H](C)Cc1ccc(O)c(O)c1
FINGOLIMOD,CHEMBL314854,CCCCCCCCc1ccc(CCC(N)(CO)CO)cc1
RUPATADINE,CHEMBL91397,Cc1cncc(CN2CCC(=C3c4ccc(Cl)cc4CCc4cccnc43)CC2)c1
ACETOPHENAZINE,CHEMBL1085,CC(=O)c1ccc2c(c1)N(CCCN1CCN(CCO)CC1)c1ccccc1S2
DIBUCAINE,CHEMBL1086,CCCCOc1cc(C(=O)NCCN(CC)CC)c2ccccc2n1
MEPIVACAINE,CHEMBL1087,Cc1cccc(C)c1NC(=O)C1CCCCN1C
MESORIDAZINE,CHEMBL1088,CN1CCCCC1CCN1c2ccccc2Sc2ccc([S+](C)[O-])cc21
PHENELZINE,CHEMBL1089,NNCCc1ccccc1
VIDARABINE,CHEMBL1090,Nc1ncnc2c1ncn2[C@@H]1O[C@H](CO)[C@@H](O)[C@@H]1O
PRASTERONE,CHEMBL90593,C[C@]12CC[C@H](O)CC1=CC[C@@H]1[C@@H]2CC[C@]2(C)C(=O)CC[C@@H]12
HYDROCORTISONE ACETATE,CHEMBL1091,CC(=O)OCC(=O)[C@@]1(O)CC[C@H]2[C@@H]3CCC4=CC(=O)CC[C@]4(C)[C@H]3[C@@H](O)C[C@@]21C
TRIHEXYPHENIDYL HYDROCHLORIDE,CHEMBL1092,Cl.OC(CCN1CCCCC1)(c1ccccc1)C1CCCCC1
ARTICAINE,CHEMBL1093,CCCNC(C)C(=O)Nc1c(C)csc1C(=O)OC
FELBAMATE,CHEMBL1094,NC(=O)OCC(COC(N)=O)c1ccccc1
ETHOTOIN,CHEMBL1095,CCN1C(=O)NC(c2ccccc2)C1=O
AMLEXANOX,CHEMBL1096,CC(C)c1ccc2oc3nc(N)c(C(=O)O)cc3c(=O)c2c1
ALCLOFENAC,CHEMBL94081,C=CCOc1ccc(CC(=O)O)cc1Cl
IPRONIAZID,CHEMBL92401,CC(C)NNC(=O)c1ccncc1
BUPIVACAINE,CHEMBL1098,CCCCN1CCCCC1C(=O)Nc1c(C)cccc1C
SODIUM NITRITE,CHEMBL93268,O=N[O-].[Na+]
PARAMETHADIONE,CHEMBL1100,CCC1(C)OC(=O)N(C)C1=O
BIPERIDEN,CHEMBL1101,OC(CCN1CCCCC1)(c1ccccc1)C1CC2C=CC1C2
SULTHIAME,CHEMBL328560,NS(=O)(=O)c1ccc(N2CCCCS2(=O)=O)cc1
GLUTETHIMIDE,CHEMBL1102,CCC1(c2ccccc2)CCC(=O)NC1=O
FURAZOLIDONE,CHEMBL1103,O=C1OCCN1/N=C/c1ccc([N+](=O)[O-])o1
EDROPHONIUM,CHEMBL1104,CC[N+](C)(C)c1cccc(O)c1
FELBINAC,CHEMBL413965,O=C(O)Cc1ccc(-c2ccccc2)cc1
EPINASTINE,CHEMBL1106,NC1=NCC2c3ccccc3Cc3ccccc3N12
HALOFANTRINE,CHEMBL1107,CCCCN(CCCC)CCC(O)c1cc2c(Cl)cc(Cl)cc2c2cc(C(F)(F)F)ccc12
DROPERIDOL,CHEMBL1108,O=C(CCCN1CC=C(n2c(=O)[nH]c3ccccc32)CC1)c1ccc(F)cc1
MIZOLASTINE,CHEMBL94454,CN(c1nccc(=O)[nH]1)C1CCN(c2nc3ccccc3n2Cc2ccc(F)cc2)CC1
SULFAPHENAZOLE,CHEMBL1109,Nc1ccc(S(=O)(=O)Nc2ccnn2-c2ccccc2)cc1
ALOSETRON,CHEMBL1110,Cc1[nH]cnc1CN1CCc2c(c3ccccc3n2C)C1=O
BUFEXAMAC,CHEMBL94394,CCCCOc1ccc(CC(=O)NO)cc1
PROGLUMIDE,CHEMBL316561,CCCN(CCC)C(=O)C(CCC(=O)O)NC(=O)c1ccccc1
AMBRISENTAN,CHEMBL1111,COC(c1ccccc1)(c1ccccc1)[C@H](Oc1nc(C)cc(C)n1)C(=O)O
ARIPIPRAZOLE,CHEMBL1112,O=C1CCc2ccc(OCCCCN3CCN(c4cccc(Cl)c4Cl)CC3)cc2N1
AMOXAPINE,CHEMBL1113,Clc1ccc2c(c1)C(N1CCNCC1)=Nc1ccccc1O2
PYRIDOSTIGMINE,CHEMBL1115,CN(C)C(=O)Oc1ccc[n+](C)c1
RALOXIFENE HYDROCHLORIDE,CHEMBL1116,Cl.O=C(c1ccc(OCCN2CCCCC2)cc1)c1c(-c2ccc(O)cc2)sc2cc(O)ccc12
IDARUBICIN,CHEMBL1117,CC(=O)[C@]1(O)Cc2c(O)c3c(c(O)c2[C@@H](O[C@H]2C[C@H](N)[C@H](O)[C@H](C)O2)C1)C(=O)c1ccccc1C3=O
BETAINE,CHEMBL95889,C[N+](C)(C)CC(=O)O
DESVENLAFAXINE,CHEMBL1118,CN(C)CC(c1ccc(O)cc1)C1(O)CCCCC1
MINODRONIC ACID,CHEMBL319144,O=P(O)(O)C(O)(Cc1cnc2ccccn12)P(=O)(O)O
LASOFOXIFENE,CHEMBL328190,Oc1ccc2c(c1)CC[C@H](c1ccccc1)[C@@H]2c1ccc(OCCN2CCCC2)cc1
REGADENOSON ANHYDROUS,CHEMBL317052,CNC(=O)c1cnn(-c2nc(N)c3ncn([C@@H]4O[C@H](CO)[C@@H](O)[C@H]4O)c3n2)c1
EXIFONE,CHEMBL329522,O=C(c1cc(O)c(O)c(O)c1)c1ccc(O)c(O)c1O
LEVOMILNACIPRAN,CHEMBL99946,CCN(CC)C(=O)[C@@]1(c2ccccc2)C[C@H]1CN
IMIDAPRIL,CHEMBL317094,CCOC(=O)[C@H](CCc1ccccc1)N[C@@H](C)C(=O)N1C(=O)N(C)C[C@H]1C(=O)O
PENTAZOCINE,CHEMBL100116,CC(C)=CCN1CCC2(C)c3cc(O)ccc3CC1C2C
DICYCLOMINE,CHEMBL1123,CCN(CC)CCOC(=O)C1(C2CCCCC2)CCCCC1
PENICILLIN G SODIUM,CHEMBL1126,CC1(C)S[C@@H]2[C@H](NC(=O)Cc3ccccc3)C(=O)N2[C@H]1C(=O)[O-].[Na+]
EDROPHONIUM CHLORIDE,CHEMBL1128,CC[N+](C)(C)c1cccc(O)c1.[Cl-]
TRIFLURIDINE,CHEMBL1129,O=c1[nH]c(=O)n([C@H]2C[C@H](O)[C@@H](CO)O2)cc1C(F)(F)F
ACITRETIN,CHEMBL1131,COc1cc(C)c(/C=C/C(C)=C/C=C/C(C)=C/C(=O)O)c(C)c1C
OXYBUTYNIN CHLORIDE,CHEMBL1133,CCN(CC)CC#CCOC(=O)C(O)(c1ccccc1)C1CCCCC1.Cl
DECAMETHONIUM BROMIDE,CHEMBL1134,C[N+](C)(C)CCCCCCCCCC[N+](C)(C)C.[Br-].[Br-]
TELITHROMYCIN,CHEMBL1136,CC[C@H]1OC(=O)[C@H](C)C(=O)[C@H](C)[C@@H](O[C@@H]2O[C@H](C)C[C@H](N(C)C)[C@H]2O)[C@](C)(OC)C[C@@H](C)C(=O)[C@H](C)[C@H]2N(CCCCn3cnc(-c4cccnc4)c3)C(=O)O[C@]12C
EZETIMIBE,CHEMBL1138,O=C1[C@H](CC[C@H](O)c2ccc(F)cc2)[C@@H](c2ccc(O)cc2)N1c1ccc(F)cc1
EPOPROSTENOL,CHEMBL1139,CCCCC[C@H](O)/C=C/[C@@H]1[C@H]2C/C(=C/CCCC(=O)O)O[C@H]2C[C@H]1O
NIACINAMIDE,CHEMBL1140,NC(=O)c1cccnc1
AMINEPTINE,CHEMBL418995,O=C(O)CCCCCCNC1c2ccccc2CCc2ccccc21
AMINOREX,CHEMBL106258,NC1=NCC(c2ccccc2)O1
MIGALASTAT,CHEMBL110458,OC[C@H]1NC[C@H](O)[C@@H](O)[C@H]1O
METHYL SALICYLATE,CHEMBL108545,COC(=O)c1ccccc1O
POTASSIUM IODIDE,CHEMBL1141,[I-].[K+]
PRAVASTATIN,CHEMBL1144,CC[C@H](C)C(=O)O[C@H]1C[C@H](O)C=C2C=C[C@H](C)[C@H](CC[C@@H](O)C[C@@H](O)CC(=O)O)[C@H]21
CEFAMANDOLE,CHEMBL1146,Cn1nnnc1SCC1=C(C(=O)O)N2C(=O)[C@@H](NC(=O)[C@H](O)c3ccccc3)[C@H]2SC1
TORSEMIDE,CHEMBL1148,Cc1cccc(Nc2ccncc2S(=O)(=O)NC(=O)NC(C)C)c1
LEVOCARNITINE,CHEMBL1149,C[N+](C)(C)C[C@H](O)CC(=O)[O-]
PREDNISOLONE ACETATE,CHEMBL1152,CC(=O)OCC(=O)[C@@]1(O)CC[C@H]2[C@@H]3CCC4=CC(=O)C=C[C@]4(C)[C@H]3[C@@H](O)C[C@@]21C
CHLORMADINONE ACETATE,CHEMBL110691,CC(=O)O[C@]1(C(C)=O)CC[C@H]2[C@@H]3C=C(Cl)C4=CC(=O)CC[C@]4(C)[C@H]3CC[C@@]21C
SELENOMETHIONINE,CHEMBL113178,C[Se]CC[C@H](N)C(=O)O
BORTEZOMIB,CHEMBL325041,CC(C)C[C@H](NC(=O)[C@H](Cc1ccccc1)NC(=O)c1cnccn1)B(O)O
PINACIDIL ANHYDROUS,CHEMBL1159,CC(N/C(=N\C#N)Nc1ccncc1)C(C)(C)C
MOMETASONE FUROATE,CHEMBL1161,C[C@@H]1C[C@H]2[C@@H]3CCC4=CC(=O)C=C[C@]4(C)[C@@]3(Cl)[C@@H](O)C[C@]2(C)[C@@]1(OC(=O)c1ccco1)C(=O)CCl
NORETHINDRONE,CHEMBL1162,C#C[C@]1(O)CC[C@H]2[C@@H]3CCC4=CC(=O)CC[C@@H]4[C@H]3CC[C@@]21C
ATAZANAVIR,CHEMBL1163,COC(=O)N[C@H](C(=O)N[C@@H](Cc1ccccc1)[C@@H](O)CN(Cc1ccc(-c2ccccn2)cc1)NC(=O)[C@@H](NC(=O)OC)C(C)(C)C)C(C)(C)C
MOEXIPRIL,CHEMBL1165,CCOC(=O)[C@H](CCc1ccccc1)N[C@@H](C)C(=O)N1Cc2cc(OC)c(OC)cc2C[C@H]1C(=O)O
ARGATROBAN,CHEMBL1166,CC1CNc2c(cccc2S(=O)(=O)N[C@@H](CCCNC(=N)N)C(=O)N2CC[C@@H](C)C[C@@H]2C(=O)O)C1
SPECTINOMYCIN,CHEMBL1167,CN[C@@H]1[C@H](O)[C@H](NC)[C@H]2O[C@@]3(O)C(=O)C[C@@H](C)O[C@H]3O[C@@H]2[C@H]1O
RAMIPRIL,CHEMBL1168,CCOC(=O)[C@H](CCc1ccccc1)N[C@@H](C)C(=O)N1[C@H](C(=O)O)C[C@@H]2CCC[C@@H]21
LISINOPRIL,CHEMBL419213,NCCCC[C@H](N[C@@H](CCc1ccccc1)C(=O)O)C(=O)N1CCC[C@H]1C(=O)O.O.O
AMINOSALICYLIC ACID,CHEMBL1169,Nc1ccc(C(=O)O)c(O)c1
TESTOSTERONE PROPIONATE,CHEMBL1170,CCC(=O)O[C@H]1CC[C@H]2[C@@H]3CCC4=CC(=O)CC[C@]4(C)[C@H]3CC[C@]12C
PRUCALOPRIDE,CHEMBL117287,COCCCN1CCC(NC(=O)c2cc(Cl)c(N)c3c2OCC3)CC1
DESLORATADINE,CHEMBL1172,Clc1ccc2c(c1)CCc1cccnc1C2=C1CCNCC1
DEQUALINIUM,CHEMBL333826,Cc1cc(N)c2ccccc2[n+]1CCCCCCCCCC[n+]1c(C)cc(N)c2ccccc21
DULOXETINE,CHEMBL1175,CNCC[C@H](Oc1cccc2ccccc12)c1cccs1
PEMOLINE,CHEMBL1177,NC1=NC(=O)C(c2ccccc2)O1
TISOPURINE,CHEMBL119423,Sc1ncnc2[nH]ncc12
TETRABENAZINE,CHEMBL117785,COc1cc2c(cc1OC)C1CC(=O)C(CC(C)C)CN1CC2
HYDROGEN PEROXIDE,CHEMBL71595,OO
ACETYLCHOLINE CHLORIDE,CHEMBL1184,CC(=O)OCC[N+](C)(C)C.[Cl-]
ZOLMITRIPTAN,CHEMBL1185,CN(C)CCc1c[nH]c2ccc(C[C@H]3COC(=O)N3)cc12
PHOSPHORIC ACID,CHEMBL1187,O=P(O)(O)O
PHYSOSTIGMINE SALICYLATE,CHEMBL338975,CNC(=O)Oc1ccc2c(c1)[C@]1(C)CCN(C)[C@@H]1N2C.O=C(O)c1ccccc1O
DEQUALINIUM CHLORIDE,CHEMBL121663,Cc1cc(N)c2ccccc2[n+]1CCCCCCCCCC[n+]1c(C)cc(N)c2ccccc21.[Cl-].[Cl-]
DECAMETHONIUM,CHEMBL1190,C[N+](C)(C)CCCCCCCCCC[N+](C)(C)C
TUBOCURARINE,CHEMBL339427,COc1cc2c3cc1Oc1cc(ccc1O)C[C@@H]1c4c(cc(OC)c(O)c4Oc4ccc(cc4)C[C@@H]3N(C)CC2)CC[N+]1(C)C
SULFAGUANIDINE,CHEMBL338802,N=C(N)NS(=O)(=O)c1ccc(N)cc1
SULFAMETHIZOLE,CHEMBL1191,Cc1nnc(NS(=O)(=O)c2ccc(N)cc2)s1
PHENIRAMINE,CHEMBL1193,CN(C)CCC(c1ccccc1)c1ccccn1
PRILOCAINE,CHEMBL1194,CCCNC(C)C(=O)Nc1ccccc1C
PROPOXYCAINE,CHEMBL1195,CCCOc1cc(N)ccc1C(=O)OCCN(CC)CC
PROPARACAINE,CHEMBL1196,CCCOc1ccc(C(=O)OCCN(CC)CC)cc1N
HEXYLCAINE,CHEMBL1197,CC(CNC1CCCCC1)OC(=O)c1ccccc1
PRAMOXINE,CHEMBL1198,CCCCOc1ccc(OCCCN2CCOCC2)cc1
BENOXINATE,CHEMBL1200,CCCCOc1cc(C(=O)OCCN(CC)CC)ccc1N
THIOTHIXENE,CHEMBL1201,CN1CCN(CC/C=C2/c3ccccc3Sc3ccc(S(=O)(=O)N(C)C)cc32)CC1
IPRINDOLE,CHEMBL126224,CN(C)CCCn1c2c(c3ccccc31)CCCCCC2
BUTAMBEN,CHEMBL127516,CCCCOC(=O)c1ccc(N)cc1
CIPROFLOXACIN HYDROCHLORIDE,CHEMBL1202,Cl.O=C(O)c1cn(C2CC2)c2cc(N3CCNCC3)c(F)cc2c1=O
NELFINAVIR MESYLATE,CHEMBL1205,CS(=O)(=O)O.Cc1c(O)cccc1C(=O)N[C@@H](CSc1ccccc1)[C@H](O)CN1C[C@H]2CCCC[C@H]2C[C@H]1C(=O)NC(C)(C)C
ETHOPROPAZINE,CHEMBL1206,CCN(CC)C(C)CN1c2ccccc2Sc2ccccc21
CINOXACIN,CHEMBL1208,CCn1nc(C(=O)O)c(=O)c2cc3c(cc21)OCO3
CANGRELOR,CHEMBL334966,CSCCNc1nc(SCCC(F)(F)F)nc2c1ncn2[C@@H]1O[C@H](COP(=O)(O)OP(=O)(O)C(Cl)(Cl)P(=O)(O)O)[C@@H](O)[C@H]1O
CARBENICILLIN,CHEMBL1214,CC1(C)S[C@@H]2[C@H](NC(=O)C(C(=O)O)c3ccccc3)C(=O)N2[C@H]1C(=O)O
BENOXAPROFEN,CHEMBL340978,CC(C(=O)O)c1ccc2oc(-c3ccc(Cl)cc3)nc2c1
PHENYLEPHRINE,CHEMBL1215,CNC[C@H](O)c1cccc(O)c1
RAMELTEON,CHEMBL1218,CCC(=O)NCC[C@@H]1CCc2ccc3c(c21)CCO3
RABEPRAZOLE,CHEMBL1219,COCCCOc1ccnc(C[S+]([O-])c2nc3ccccc3[nH]2)c1C
TINIDAZOLE,CHEMBL1220,CCS(=O)(=O)CCn1c([N+](=O)[O-])cnc1C
SULCONAZOLE,CHEMBL1221,Clc1ccc(CSC(Cn2ccnc2)c2ccc(Cl)cc2Cl)cc1
ZOPICLONE,CHEMBL135400,CN1CCN(C(=O)OC2c3nccnc3C(=O)N2c2ccc(Cl)cn2)CC1
PENICILLIN G POTASSIUM,CHEMBL1223,CC1(C)S[C@@H]2[C@H](NC(=O)Cc3ccccc3)C(=O)N2[C@H]1C(=O)[O-].[K+]
ACRIVASTINE,CHEMBL1224,Cc1ccc(/C(=C\CN2CCCC2)c2cccc(/C=C/C(=O)O)n2)cc1
TOLVAPTAN,CHEMBL344159,Cc1ccccc1C(=O)Nc1ccc(C(=O)N2CCCC(O)c3cc(Cl)ccc32)c(C)c1
OXYPHENBUTAZONE ANHYDROUS,CHEMBL1228,CCCCC1C(=O)N(c2ccccc2)N(c2ccc(O)cc2)C1=O
OSELTAMIVIR,CHEMBL1229,CCOC(=O)C1=C[C@@H](OC(CC)CC)[C@H](NC(C)=O)[C@@H](N)C1
PERAMIVIR ANHYDROUS,CHEMBL139367,CCC(CC)[C@H](NC(C)=O)[C@@H]1[C@H](O)[C@@H](C(=O)O)C[C@H]1NC(=N)N
IBUFENAC,CHEMBL341812,CC(C)Cc1ccc(CC(=O)O)cc1
OXYBUTYNIN,CHEMBL1231,CCN(CC)CC#CCOC(=O)C(O)(c1ccccc1)C1CCCCC1
ERTAPENEM SODIUM,CHEMBL1232,C[C@@H](O)[C@H]1C(=O)N2C(C(=O)[O-])=C(S[C@@H]3CN[C@H](C(=O)Nc4cccc(C(=O)O)c4)C3)[C@H](C)[C@H]12.[Na+]
CARISOPRODOL,CHEMBL1233,CCCC(C)(COC(N)=O)COC(=O)NC(C)C
DEFEROXAMINE MESYLATE,CHEMBL1234,CC(=O)N(O)CCCCCNC(=O)CCC(=O)N(O)CCCCCNC(=O)CCC(=O)N(O)CCCCCN.CS(=O)(=O)O
LISINOPRIL ANHYDROUS,CHEMBL1237,NCCCC[C@H](N[C@@H](CCc1ccccc1)C(=O)O)C(=O)N1CCC[C@H]1C(=O)O
AZELAIC ACID,CHEMBL1238,O=C(O)CCCCCCCC(=O)O
BENZYL BENZOATE,CHEMBL1239,O=C(OCc1ccccc1)c1ccccc1
PROPANTHELINE BROMIDE,CHEMBL1240,CC(C)[N+](C)(CCOC(=O)C1c2ccccc2Oc2ccccc21)C(C)C.[Br-]
TRIPELENNAMINE,CHEMBL1241,CN(C)CCN(Cc1ccccc1)c1ccccn1
PHENAZOPYRIDINE,CHEMBL1242,Nc1ccc(/N=N/c2ccccc2)c(N)n1
CYCLOFENIL,CHEMBL141305,CC(=O)Oc1ccc(C(=C2CCCCC2)c2ccc(OC(C)=O)cc2)cc1
SULFACARBAMIDE,CHEMBL139877,NC(=O)NS(=O)(=O)c1ccc(N)cc1
SULFABENZAMIDE,CHEMBL1243,Nc1ccc(S(=O)(=O)NC(=O)c2ccccc2)cc1
VILDAGLIPTIN,CHEMBL142703,N#C[C@@H]1CCCN1C(=O)CNC12CC3CC(CC(O)(C3)C1)C2
TRIMETHAPHAN CAMSYLATE,CHEMBL1245,CC1(C)C2CCC1(CS(=O)(=O)[O-])C(=O)C2.O=C1N(Cc2ccccc2)C2C[S+]3CCCC3C2N1Cc1ccccc1
NAFTOPIDIL,CHEMBL142635,COc1ccccc1N1CCN(CC(O)COc2cccc3ccccc23)CC1
ISOFLURANE,CHEMBL1256,FC(F)OC(Cl)C(F)(F)F
NITROGEN,CHEMBL142438,N#N
ENFLURANE,CHEMBL1257,FC(F)OC(F)(F)C(F)Cl
METOCURINE,CHEMBL1259,COc1ccc2cc1Oc1cc3c(cc1OC)CC[N+](C)(C)[C@H]3Cc1ccc(cc1)Oc1c(OC)c(OC)cc3c1[C@@H](C2)[N+](C)(C)CC3
CITRIC ACID,CHEMBL1261,O=C(O)CC(O)(CC(=O)O)C(=O)O
HEXETIDINE,CHEMBL144673,CCCCC(CC)CN1CN(CC(CC)CCCC)CC(C)(N)C1
OXICONAZOLE,CHEMBL1262,Clc1ccc(CO/N=C(\Cn2ccnc2)c2ccc(Cl)cc2Cl)c(Cl)c1
SALMETEROL,CHEMBL1263,OCc1cc(C(O)CNCCCCCCOCCCCc2ccccc2)ccc1O
ADAPALENE,CHEMBL1265,COc1ccc(-c2ccc3cc(C(=O)O)ccc3c2)cc1C12CC3CC(CC(C3)C1)C2
GLAFENINE,CHEMBL146095,O=C(OCC(O)CO)c1ccccc1Nc1ccnc2cc(Cl)ccc12
TETRAHYDROZOLINE,CHEMBL1266,c1ccc2c(c1)CCCC2C1=NCCN1
PENTOLINIUM,CHEMBL1271,C[N+]1(CCCCC[N+]2(C)CCCC2)CCCC1
REPAGLINIDE,CHEMBL1272,CCOc1cc(CC(=O)N[C@@H](CC(C)C)c2ccccc2N2CCCCC2)ccc1C(=O)O
NILUTAMIDE,CHEMBL1274,CC1(C)NC(=O)N(c2ccc([N+](=O)[O-])c(C(F)(F)F)c2)C1=O
PERGOLIDE MESYLATE,CHEMBL1275,CCCN1C[C@H](CSC)C[C@@H]2c3cccc4[nH]cc(c34)C[C@H]21.CS(=O)(=O)O
NARATRIPTAN,CHEMBL1278,CNS(=O)(=O)CCc1ccc2[nH]cc(C3CCN(C)CC3)c2c1
FROVATRIPTAN,CHEMBL1279,CN[C@@H]1CCc2[nH]c3ccc(C(N)=O)cc3c2C1
VERAPAMIL HYDROCHLORIDE,CHEMBL1280,COc1ccc(CCN(C)CCCC(C#N)(c2ccc(OC)c(OC)c2)C(C)C)cc1OC.Cl
PHENOBARBITAL SODIUM,CHEMBL149972,CCC1(c2ccccc2)C(=O)N=C([O-])NC1=O.[Na+]
IMIQUIMOD,CHEMBL1282,CC(C)Cn1cnc2c(N)nc3ccccc3c21
CINCHOPHEN,CHEMBL348000,O=C(O)c1cc(-c2ccccc2)nc2ccccc12
LEVETIRACETAM,CHEMBL1286,CC[C@@H](C(N)=O)N1CCCC1=O
HALOPROGIN,CHEMBL1289,Clc1cc(Cl)c(OCC#CI)cc1Cl
PENBUTOLOL,CHEMBL1290,CC(C)(C)NC[C@H](O)COc1ccccc1C1CCCC1
ANTRAFENINE,CHEMBL345524,O=C(OCCN1CCN(c2cccc(C(F)(F)F)c2)CC1)c1ccccc1Nc1ccnc2cc(C(F)(F)F)ccc12
BECLOBRATE,CHEMBL152684,CCOC(=O)C(C)(CC)Oc1ccc(Cc2ccc(Cl)cc2)cc1
METIPRANOLOL,CHEMBL1291,CC(=O)Oc1c(C)cc(OCC(O)CNC(C)C)c(C)c1C
CLOFAZIMINE,CHEMBL1292,CC(C)/N=c1\cc2n(-c3ccc(Cl)cc3)c3ccccc3nc-2cc1Nc1ccc(Cl)cc1
BETA CAROTENE,CHEMBL1293,CC1=C(/C=C/C(C)=C/C=C/C(C)=C/C=C/C=C(C)/C=C/C=C(C)/C=C/C2=C(C)CCCC2(C)C)C(C)(C)CCC1
QUINIDINE,CHEMBL1294,C=C[C@H]1CN2CC[C@H]1C[C@@H]2[C@@H](O)c1ccnc2ccc(OC)cc12
BUTOCONAZOLE,CHEMBL1295,Clc1ccc(CCC(Cn2ccnc2)Sc2c(Cl)cccc2Cl)cc1
CEFOTIAM,CHEMBL1296,CN(C)CCn1nnnc1SCC1=C(C(=O)O)N2C(=O)[C@@H](NC(=O)Cc3csc(N)n3)[C@H]2SC1
FENOPROFEN,CHEMBL1297,CC(C(=O)O)c1cccc(Oc2ccccc2)c1
ACIPIMOX,CHEMBL345714,Cc1cnc(C(=O)O)c[n+]1[O-]
KETOCONAZOLE,CHEMBL157101,CC(=O)N1CCN(c2ccc(OCC3COC(Cn4ccnc4)(c4ccc(Cl)cc4Cl)O3)cc2)CC1
QUININE,CHEMBL170,C=C[C@H]1CN2CC[C@H]1C[C@H]2[C@H](O)c1ccnc2ccc(OC)cc12
DIAMTHAZOLE DIHYDROCHLORIDE,CHEMBL346235,CCN(CC)CCOc1ccc2nc(N(C)C)sc2c1.Cl.Cl
HYDROXYSTILBAMIDINE,CHEMBL1301,N=C(N)c1ccc(/C=C/c2ccc(C(=N)N)cc2O)cc1
ROTIGOTINE,CHEMBL1303,CCCN(CCc1cccs1)[C@H]1CCc2c(O)cccc2C1
PIRETANIDE,CHEMBL349803,NS(=O)(=O)c1cc(C(=O)O)cc(N2CCCC2)c1Oc1ccccc1
ANTAZOLINE,CHEMBL1305,c1ccc(CN(CC2=NCCN2)c2ccccc2)cc1
FOMEPIZOLE,CHEMBL1308,Cc1cn[nH]c1
ISOSORBIDE MONONITRATE,CHEMBL1311,O=[N+]([O-])O[C@@H]1CO[C@H]2[C@@H]1OC[C@@H]2O
TIOPRONIN,CHEMBL1314,CC(S)C(=O)NCC(=O)O
CARPROFEN,CHEMBL1316,CC(C(=O)O)c1ccc2c(c1)[nH]c1ccc(Cl)cc12
MOXISYLYTE,CHEMBL159226,CC(=O)Oc1cc(C(C)C)c(OCCN(C)C)cc1C
PROCARBAZINE,CHEMBL1321,CNNCc1ccc(C(=O)NC(C)C)cc1
DARUNAVIR,CHEMBL1323,CC(C)CN(C[C@@H](O)[C@H](Cc1ccccc1)NC(=O)O[C@H]1CO[C@H]2OCC[C@H]21)S(=O)(=O)c1ccc(N)cc1
TOLCAPONE,CHEMBL1324,Cc1ccc(C(=O)c2cc(O)c(O)c([N+](=O)[O-])c2)cc1
BENORILATE,CHEMBL162036,CC(=O)Nc1ccc(OC(=O)c2ccccc2OC(C)=O)cc1
PENTAGASTRIN,CHEMBL1328,CSCC[C@H](NC(=O)[C@H](Cc1c[nH]c2ccccc12)NC(=O)CCNC(=O)OC(C)(C)C)C(=O)N[C@@H](CC(=O)O)C(=O)N[C@@H](Cc1ccccc1)C(N)=O
SORAFENIB,CHEMBL1336,CNC(=O)c1cc(Oc2ccc(NC(=O)Nc3ccc(Cl)c(C(F)(F)F)c3)cc2)ccn1
CEVIMELINE,CHEMBL168815,CC1OC2(CS1)CN1CCC2CC1
PIXANTRONE,CHEMBL167731,NCCNc1ccc(NCCN)c2c1C(=O)c1ccncc1C2=O
NITISINONE,CHEMBL1337,O=C1CCCC(=O)C1C(=O)c1ccc(C(F)(F)F)cc1[N+](=O)[O-]
PHENFORMIN,CHEMBL170988,N=C(N)NC(=N)NCCc1ccccc1
DEBRISOQUIN,CHEMBL169901,N=C(N)N1CCc2ccccc2C1
AMIFAMPRIDINE,CHEMBL354077,Nc1ccncc1N
LOMITAPIDE,CHEMBL354541,O=C(NC1CCN(CCCCC2(C(=O)NCC(F)(F)F)c3ccccc3-c3ccccc32)CC1)c1ccccc1-c1ccc(C(F)(F)F)cc1
VARDENAFIL HYDROCHLORIDE,CHEMBL1339,CCCc1nc(C)c2c(O)nc(-c3cc(S(=O)(=O)N4CCN(CC)CC4)ccc3OCC)nn12.Cl
METHOXYFLURANE,CHEMBL1341,COC(F)(F)C(Cl)Cl
OXYBATE,CHEMBL1342,O=C(O)CCCO
GUANETHIDINE MONOSULFATE,CHEMBL1345,N=C(N)NCCN1CCCCCCC1.O=S(=O)(O)O
DARIFENACIN,CHEMBL1346,NC(=O)C(c1ccccc1)(c1ccccc1)[C@@H]1CCN(CCc2ccc3c(c2)CCO3)C1
ORLISTAT,CHEMBL175247,CCCCCCCCCCC[C@@H](C[C@@H]1OC(=O)[C@H]1CCCCCC)OC(=O)[C@H](CC(C)C)NC=O
SILVER NITRATE,CHEMBL177367,O=[N+]([O-])[O-].[Ag+]
RILPIVIRINE,CHEMBL175691,Cc1cc(/C=C/C#N)cc(C)c1Nc1ccnc(Nc2ccc(C#N)cc2)n1
VALACYCLOVIR,CHEMBL1349,CC(C)[C@H](N)C(=O)OCCOCn1cnc2c(=O)nc(N)[nH]c21
SPARSENTAN,CHEMBL539423,CCCCC1=NC2(CCCC2)C(=O)N1Cc1ccc(-c2ccccc2S(=O)(=O)Nc2noc(C)c2C)c(COCC)c1
NERATINIB,CHEMBL180022,CCOc1cc2ncc(C#N)c(Nc3ccc(OCc4ccccn4)c(Cl)c3)c2cc1NC(=O)/C=C/CN(C)C
TILUDRONIC ACID,CHEMBL1350,O=P(O)(O)C(Sc1ccc(Cl)cc1)P(=O)(O)O
BLONANSERIN,CHEMBL178803,CCN1CCN(c2cc(-c3ccc(F)cc3)c3c(n2)CCCCCC3)CC1
LORCASERIN,CHEMBL360328,C[C@H]1CNCCc2ccc(Cl)cc21
RAMATROBAN,CHEMBL361812,O=C(O)CCn1c2c(c3ccccc31)C[C@H](NS(=O)(=O)c1ccc(F)cc1)CC2
SODIUM BICARBONATE,CHEMBL1353,O=C([O-])O.[Na+]
SODIUM ACETATE,CHEMBL1354,CC(=O)[O-].[Na+]
SODIUM CITRATE,CHEMBL1355,O=C([O-])CC(O)(CC(=O)[O-])C(=O)[O-].[Na+].[Na+].[Na+]
SODIUM BENZOATE,CHEMBL1356,O=C([O-])c1ccccc1.[Na+]
SODIUM LACTATE,CHEMBL1357,CC(O)C(=O)[O-].[Na+]
FULVESTRANT,CHEMBL1358,C[C@]12CC[C@@H]3c4ccc(O)cc4C[C@@H](CCCCCCCCC[S+]([O-])CCCC(F)(F)C(F)(F)F)[C@H]3[C@@H]1CC[C@@H]2O
ERTAPENEM,CHEMBL1359,C[C@@H](O)[C@H]1C(=O)N2C(C(=O)O)=C(S[C@@H]3CN[C@H](C(=O)Nc4cccc(C(=O)O)c4)C3)[C@H](C)[C@H]12
AMPICILLIN,CHEMBL174,CC1(C)S[C@@H]2[C@H](NC(=O)[C@H](N)c3ccccc3)C(=O)N2[C@H]1C(=O)O
GALLAMINE,CHEMBL360055,CC[N+](CC)(CC)CCOc1cccc(OCC[N+](CC)(CC)CC)c1OCC[N+](CC)(CC)CC
ATRACURIUM,CHEMBL1360,COc1ccc(CC2c3cc(OC)c(OC)cc3CC[N+]2(C)CCC(=O)OCCCCCOC(=O)CC[N+]2(C)CCc3cc(OC)c(OC)cc3C2Cc2ccc(OC)c(OC)c2)cc1OC
PANCURONIUM,CHEMBL185073,CC(=O)O[C@H]1C[C@@H]2CC[C@@H]3[C@H](CC[C@@]4(C)[C@H]3C[C@H]([N+]3(C)CCCCC3)[C@@H]4OC(C)=O)[C@@]2(C)C[C@@H]1[N+]1(C)CCCCC1
ARFORMOTEROL,CHEMBL1363,COc1ccc(C[C@@H](C)NC[C@H](O)c2ccc(O)c(NC=O)c2)cc1
PYRIDOXINE,CHEMBL1364,Cc1ncc(CO)c(CO)c1O
DRONEDARONE,CHEMBL184412,CCCCc1oc2ccc(NS(C)(=O)=O)cc2c1C(=O)c1ccc(OCCCN(CCCC)CCCC)cc1
TERODILINE,CHEMBL363295,CC(CC(c1ccccc1)c1ccccc1)NC(C)(C)C
"SODIUM PHOSPHATE, MONOBASIC",CHEMBL1368,O=P([O-])(O)O.[Na+]
SODIUM CARBONATE,CHEMBL186314,O=C([O-])[O-].[Na+].[Na+]
VILAZODONE,CHEMBL439849,N#Cc1ccc2[nH]cc(CCCCN3CCN(c4ccc5oc(C(N)=O)cc5c4)CC3)c2c1
BUDESONIDE,CHEMBL1370,CCCC1O[C@@H]2C[C@H]3[C@@H]4CCC5=CC(=O)C=C[C@]5(C)[C@H]4[C@@H](O)C[C@]3(C)[C@]2(C(=O)CO)O1
PENTAMIDINE ISETHIONATE,CHEMBL361506,N=C(N)c1ccc(OCCCCCOc2ccc(C(=N)N)cc2)cc1.O=S(=O)(O)CCO.O=S(=O)(O)CCO
ACEMETACIN,CHEMBL189171,COc1ccc2c(c1)c(CC(=O)OCC(=O)O)c(C)n2C(=O)c1ccc(Cl)cc1
PIRPROFEN,CHEMBL188952,CC(C(=O)O)c1ccc(N2CC=CC2)c(Cl)c1
CHLORZOXAZONE,CHEMBL1371,O=c1[nH]c2cc(Cl)ccc2o1
ARTESUNATE,CHEMBL361497,C[C@H]1[C@H](OC(=O)CCC(=O)O)O[C@@H]2O[C@@]3(C)CC[C@H]4[C@H](C)CC[C@@H]1[C@@]24OO3
BUFLOMEDIL,CHEMBL188921,COc1cc(OC)c(C(=O)CCCN2CCCC2)c(OC)c1
TRIPARANOL,CHEMBL187709,CCN(CC)CCOc1ccc(C(O)(Cc2ccc(Cl)cc2)c2ccc(C)cc2)cc1
METHYLENE BLUE CATION,CHEMBL191083,CN(C)c1ccc2nc3ccc(=[N+](C)C)cc-3sc2c1
OXIGLUTATIONE,CHEMBL1372,N[C@@H](CCC(=O)N[C@@H](CSSC[C@H](NC(=O)CC[C@H](N)C(=O)O)C(=O)NCC(=O)O)C(=O)NCC(=O)O)C(=O)O
MODAFINIL,CHEMBL1373,NC(=O)C[S+]([O-])C(c1ccccc1)c1ccccc1
TIAPROFENIC ACID,CHEMBL365795,CC(C(=O)O)c1ccc(C(=O)c2ccccc2)s1
ESFLURBIPROFEN,CHEMBL435298,C[C@H](C(=O)O)c1ccc(-c2ccccc2)c(F)c1
DEXIBUPROFEN,CHEMBL175,CC(C)Cc1ccc([C@H](C)C(=O)O)cc1
CANNABIDIOL,CHEMBL190461,C=C(C)[C@@H]1CCC(C)=C[C@H]1c1c(O)cc(CCCCC)cc1O
PALBOCICLIB,CHEMBL189963,CC(=O)c1c(C)c2cnc(Nc3ccc(N4CCNCC4)cn3)nc2n(C2CCCC2)c1=O
NOSCAPINE,CHEMBL364713,COc1ccc2c(c1OC)C(=O)O[C@@H]2[C@H]1c2c(cc3c(c2OC)OCO3)CCN1C
PROGUANIL,CHEMBL1377,CC(C)NC(=N)NC(=N)Nc1ccc(Cl)cc1
THIETHYLPERAZINE,CHEMBL1378,CCSc1ccc2c(c1)N(CCCN1CCN(C)CC1)c1ccccc1S2
ROFLUMILAST,CHEMBL193240,O=C(Nc1c(Cl)cncc1Cl)c1ccc(OC(F)F)c(OCC2CC2)c1
ABACAVIR,CHEMBL1380,Nc1nc(NC2CC2)c2ncn([C@H]3C=C[C@@H](CO)C3)c2n1
TOLTERODINE,CHEMBL1382,Cc1ccc(O)c([C@H](CCN(C(C)C)C(C)C)c2ccccc2)c1
SAMIDORPHAN,CHEMBL426084,NC(=O)c1ccc2c(c1O)[C@]13CCN(CC4CC4)[C@H](C2)[C@]1(O)CCC(=O)C3
PAROMOMYCIN,CHEMBL370143,NC[C@@H]1O[C@H](O[C@H]2[C@@H](O)[C@H](O[C@@H]3[C@@H](O)[C@H](N)C[C@H](N)[C@H]3O[C@H]3O[C@H](CO)[C@@H](O)[C@H](O)[C@H]3N)O[C@@H]2CO)[C@H](N)[C@@H](O)[C@@H]1O
KANAMYCIN,CHEMBL1384,NC[C@H]1O[C@H](O[C@H]2[C@H](O)[C@@H](O[C@H]3O[C@H](CO)[C@@H](O)[C@H](N)[C@H]3O)[C@H](N)C[C@@H]2N)[C@H](O)[C@@H](O)[C@@H]1O
TROFINETIDE,CHEMBL197084,C[C@@]1(C(=O)N[C@@H](CCC(=O)O)C(=O)O)CCCN1C(=O)CN
ESTRIOL,CHEMBL193482,C[C@]12CC[C@@H]3c4ccc(O)cc4CC[C@H]3[C@@H]1C[C@@H](O)[C@@H]2O
NORETHYNODREL,CHEMBL1387,C#C[C@]1(O)CC[C@H]2[C@@H]3CCC4=C(CCC(=O)C4)[C@H]3CC[C@@]21C
MONOBENZONE,CHEMBL1388,Oc1ccc(OCc2ccccc2)cc1
LEVONORGESTREL,CHEMBL1389,C#C[C@]1(O)CC[C@H]2[C@@H]3CCC4=CC(=O)CC[C@@H]4[C@H]3CC[C@@]21CC
SPIRONOLACTONE,CHEMBL1393,CC(=O)S[C@@H]1CC2=CC(=O)CC[C@]2(C)[C@H]2CC[C@@]3(C)[C@@H](CC[C@@]34CCC(=O)O4)[C@H]12
MARALIXIBAT,CHEMBL363392,CCCCC1(CCCC)CS(=O)(=O)c2ccc(N(C)C)cc2[C@@H](c2ccc(OCc3ccc(C[N+]45CCN(CC4)CC5)cc3)cc2)[C@H]1O
METHYLTESTOSTERONE,CHEMBL1395,C[C@]12CCC(=O)C=C1CC[C@@H]1[C@@H]2CC[C@@]2(C)[C@H]1CC[C@]2(C)O
RIVAROXABAN,CHEMBL198362,O=C(NC[C@H]1CN(c2ccc(N3CCOCC3=O)cc2)C(=O)O1)c1ccc(Cl)s1
AMIKACIN,CHEMBL177,NCC[C@H](O)C(=O)N[C@@H]1C[C@H](N)[C@@H](O[C@H]2O[C@H](CN)[C@@H](O)[C@H](O)[C@H]2O)[C@H](O)[C@H]1O[C@H]1O[C@H](CO)[C@@H](O)[C@H](N)[C@H]1O
COCAINE,CHEMBL370805,COC(=O)[C@H]1[C@@H](OC(=O)c2ccccc2)C[C@@H]2CC[C@H]1N2C
POSACONAZOLE,CHEMBL1397,CC[C@@H]([C@H](C)O)n1ncn(-c2ccc(N3CCN(c4ccc(OC[C@@H]5CO[C@@](Cn6cncn6)(c6ccc(F)cc6F)C5)cc4)CC3)cc2)c1=O
STREPTOMYCIN,CHEMBL372795,CN[C@@H]1[C@H](O[C@H]2[C@H](O[C@H]3[C@H](O)[C@@H](O)[C@H](N=C(N)N)[C@@H](O)[C@@H]3N=C(N)N)O[C@@H](C)[C@]2(O)C=O)O[C@@H](CO)[C@H](O)[C@H]1O
DAUNORUBICIN,CHEMBL178,COc1cccc2c1C(=O)c1c(O)c3c(c(O)c1C2=O)C[C@@](O)(C(C)=O)C[C@@H]3O[C@H]1C[C@H](N)[C@H](O)[C@H](C)O1
ANASTROZOLE,CHEMBL1399,CC(C)(C#N)c1cc(Cn2cncn2)cc(C(C)(C)C#N)c1
NITAZOXANIDE,CHEMBL1401,CC(=O)Oc1ccccc1C(=O)Nc1ncc([N+](=O)[O-])s1
PYROVALERONE,CHEMBL201960,CCCC(C(=O)c1ccc(C)cc1)N1CCCC1
ELVITEGRAVIR,CHEMBL204656,COc1cc2c(cc1Cc1cccc(Cl)c1F)c(=O)c(C(=O)O)cn2[C@H](CO)C(C)C
BRINCIDOFOVIR,CHEMBL203321,CCCCCCCCCCCCCCCCOCCCOP(=O)(O)CO[C@H](CO)Cn1ccc(N)nc1=O
RANOLAZINE,CHEMBL1404,COc1ccccc1OCC(O)CN1CCN(CC(=O)Nc2c(C)cccc2C)CC1
TRIMETAZIDINE,CHEMBL203266,COc1ccc(CN2CCNCC2)c(OC)c1OC
NETUPITANT,CHEMBL206253,Cc1ccccc1-c1cc(N2CCN(C)CC2)ncc1N(C)C(=O)C(C)(C)c1cc(C(F)(F)F)cc(C(F)(F)F)c1
ESTRONE,CHEMBL1405,C[C@]12CC[C@@H]3c4ccc(O)cc4CC[C@H]3[C@@H]1CCC2=O
CHOLIC ACID,CHEMBL205596,C[C@H](CCC(=O)O)[C@H]1CC[C@H]2[C@@H]3[C@H](O)C[C@@H]4C[C@H](O)CC[C@]4(C)[C@H]3C[C@H](O)[C@]12C
FLUVOXAMINE MALEATE,CHEMBL1409,COCCCC/C(=N\OCCN)c1ccc(C(F)(F)F)cc1.O=C(O)/C=C\C(=O)O
NONOXYNOL 9,CHEMBL1410,CCCCCCCCCc1ccc(OCCOCCOCCOCCOCCOCCOCCOCCOCCO)cc1
GLICLAZIDE,CHEMBL427216,Cc1ccc(S(=O)(=O)NC(=O)NN2CC3CCCC3C2)cc1
BREXANOLONE,CHEMBL207538,CC(=O)[C@H]1CC[C@H]2[C@@H]3CC[C@H]4C[C@H](O)CC[C@]4(C)[C@H]3CC[C@]12C
EPHEDRINE,CHEMBL211456,CN[C@@H](C)[C@H](O)c1ccccc1
PIPERAZINE,CHEMBL1412,C1CNCCN1
CICLOPIROX,CHEMBL1413,Cc1cc(C2CCCCC2)n(O)c(=O)c1
TAVABOROLE,CHEMBL443052,OB1OCc2cc(F)ccc21
NEOSTIGMINE METHYLSULFATE,CHEMBL211471,CN(C)C(=O)Oc1cccc([N+](C)(C)C)c1.COS(=O)(=O)[O-]
VINBLASTINE SULFATE,CHEMBL378544,CC[C@]1(O)C[C@@H]2CN(CCc3c([nH]c4ccccc34)[C@@](C(=O)OC)(c3cc4c(cc3OC)N(C)[C@H]3[C@@](O)(C(=O)OC)[C@H](OC(C)=O)[C@]5(CC)C=CCN6CC[C@]43[C@@H]65)C2)C1.O=S(=O)(O)O
SIBUTRAMINE,CHEMBL1419,CC(C)CC(N(C)C)C1(c2ccc(Cl)cc2)CCC1
PRALIDOXIME,CHEMBL1420,C[n+]1ccccc1C=NO
FORODESINE,CHEMBL218291,O=c1[nH]cnc2c([C@@H]3N[C@H](CO)[C@@H](O)[C@H]3O)c[nH]c12
GARENOXACIN,CHEMBL215303,C[C@H]1NCc2cc(-c3ccc4c(=O)c(C(=O)O)cn(C5CC5)c4c3OC(F)F)ccc21
BOCEPREVIR,CHEMBL218394,CC(C)(C)NC(=O)N[C@H](C(=O)N1C[C@H]2[C@@H]([C@H]1C(=O)NC(CC1CCC1)C(=O)C(N)=O)C2(C)C)C(C)(C)C
SAXAGLIPTIN ANHYDROUS,CHEMBL385517,N#C[C@@H]1C[C@@H]2C[C@@H]2N1C(=O)[C@@H](N)C12CC3CC(CC(O)(C3)C1)C2
DASATINIB ANHYDROUS,CHEMBL1421,Cc1nc(Nc2ncc(C(=O)Nc3c(C)cccc3Cl)s2)cc(N2CCN(CCO)CC2)n1
SITAGLIPTIN,CHEMBL1422,N[C@@H](CC(=O)N1CCn2c(nnc2C(F)(F)F)C1)Cc1cc(F)c(F)cc1F
PIMOZIDE,CHEMBL1423,O=c1[nH]c2ccccc2n1C1CCN(CCCC(c2ccc(F)cc2)c2ccc(F)cc2)CC1
TESTOSTERONE,CHEMBL386630,C[C@]12CC[C@H]3[C@@H](CCC4=CC(=O)CC[C@@]43C)[C@@H]1CC[C@@H]2O
MERCAPTOPURINE ANHYDROUS,CHEMBL1425,Sc1ncnc2nc[nH]c12
DOMPERIDONE,CHEMBL219916,O=c1[nH]c2ccccc2n1CCCN1CCC(n2c(=O)[nH]c3cc(Cl)ccc32)CC1
DIAZOXIDE,CHEMBL181,CC1=Nc2ccc(Cl)cc2S(=O)(=O)N1
RIFAMPIN,CHEMBL374478,CO[C@H]1/C=C/O[C@@]2(C)Oc3c(C)c(O)c4c(O)c(c(/C=N/N5CCN(C)CC5)c(O)c4c3C2=O)NC(=O)/C(C)=C\C=C\[C@H](C)[C@H](O)[C@@H](C)[C@@H](O)[C@@H](C)[C@H](OC(C)=O)[C@@H]1C
DELAMANID,CHEMBL218650,C[C@]1(COc2ccc(N3CCC(Oc4ccc(OC(F)(F)F)cc4)CC3)cc2)Cn2cc([N+](=O)[O-])nc2O1
NIMODIPINE,CHEMBL1428,COCCOC(=O)C1=C(C)NC(C)=C(C(=O)OC(C)C)C1c1cccc([N+](=O)[O-])c1
DEXAMETHASONE,CHEMBL384467,C[C@@H]1C[C@H]2[C@@H]3CCC4=CC(=O)C=C[C@]4(C)[C@@]3(F)[C@@H](O)C[C@]2(C)[C@@]1(O)C(=O)CO
GANCICLOVIR,CHEMBL182,Nc1nc2c(ncn2COC(CO)CO)c(=O)[nH]1
ACYCLOVIR,CHEMBL184,Nc1nc2c(ncn2COCCO)c(=O)[nH]1
TELBIVUDINE,CHEMBL374731,Cc1cn([C@@H]2C[C@@H](O)[C@H](CO)O2)c(=O)[nH]c1=O
DORZOLAMIDE,CHEMBL218490,CCN[C@H]1C[C@H](C)S(=O)(=O)c2sc(S(N)(=O)=O)cc21
BRINZOLAMIDE,CHEMBL220491,CCN[C@H]1CN(CCCOC)S(=O)(=O)c2sc(S(N)(=O)=O)cc21
TOPIRAMATE,CHEMBL220492,CC1(C)O[C@@H]2[C@@H](CO[C@@]3(COS(N)(=O)=O)OC(C)(C)O[C@@H]23)O1
LAROPIPRANT,CHEMBL426559,CS(=O)(=O)c1cc(F)cc2c3c(n(Cc4ccc(Cl)cc4)c12)[C@@H](CC(=O)O)CC3
TOFACITINIB,CHEMBL221959,C[C@@H]1CCN(C(=O)CC#N)C[C@@H]1N(C)c1ncnc2[nH]ccc12
FLUOROURACIL,CHEMBL185,O=c1[nH]cc(F)c(=O)[nH]1
PENICILLAMINE,CHEMBL1430,CC(C)(S)[C@@H](N)C(=O)O
METFORMIN,CHEMBL1431,CN(C)C(=N)NC(=N)N
DIQUAFOSOL,CHEMBL221326,O=c1ccn([C@@H]2O[C@H](COP(=O)(O)OP(=O)(O)OP(=O)(O)OP(=O)(O)OC[C@H]3O[C@@H](n4ccc(=O)[nH]c4=O)[C@H](O)[C@@H]3O)[C@@H](O)[C@H]2O)c(=O)[nH]1
METHSCOPOLAMINE,CHEMBL376897,C[N+]1(C)[C@@H]2C[C@@H](OC(=O)[C@H](CO)c3ccccc3)C[C@H]1[C@@H]1O[C@@H]12
DOXYCYCLINE ANHYDROUS,CHEMBL1433,C[C@H]1c2cccc(O)c2C(=O)C2=C(O)[C@]3(O)C(=O)C(C(N)=O)=C(O)[C@@H](N(C)C)[C@@H]3[C@@H](O)[C@@H]21
MINOCYCLINE,CHEMBL1434,CN(C)c1ccc(O)c2c1C[C@H]1C[C@H]3[C@H](N(C)C)C(O)=C(C(N)=O)C(=O)[C@@]3(O)C(O)=C1C2=O
CEFAZOLIN,CHEMBL1435,Cc1nnc(SCC2=C(C(=O)O)N3C(=O)[C@@H](NC(=O)Cn4cnnn4)[C@H]3SC2)s1
CEFUROXIME,CHEMBL1436,CO/N=C(\C(=O)N[C@@H]1C(=O)N2C(C(=O)O)=C(COC(N)=O)CS[C@H]12)c1ccco1
CEFEPIME,CHEMBL186,CO/N=C(\C(=O)N[C@@H]1C(=O)N2C(C(=O)[O-])=C(C[N+]3(C)CCCC3)CS[C@H]12)c1csc(N)n1
FUSIDIC ACID,CHEMBL374975,CC(=O)O[C@H]1C[C@@]2(C)[C@@H](C[C@@H](O)[C@H]3[C@@]4(C)CC[C@@H](O)[C@@H](C)[C@@H]4CC[C@@]32C)/C1=C(\CCC=C(C)C)C(=O)O
TIPRANAVIR,CHEMBL222559,CCC[C@@]1(CCc2ccccc2)CC(O)=C([C@H](CC)c2cccc(NS(=O)(=O)c3ccc(C(F)(F)F)cn3)c2)C(=O)O1
NOREPINEPHRINE,CHEMBL1437,NC[C@H](O)c1ccc(O)c(O)c1
FAVIPIRAVIR,CHEMBL221722,NC(=O)c1nc(F)cnc1O
ZANAMIVIR,CHEMBL222813,CC(=O)N[C@H]1[C@H]([C@H](O)[C@H](O)CO)OC(C(=O)O)=C[C@@H]1NC(=N)N
TAZOBACTAM SODIUM,CHEMBL1439,C[C@]1(Cn2ccnn2)[C@H](C(=O)[O-])N2C(=O)C[C@H]2S1(=O)=O.[Na+]
TIGECYCLINE,CHEMBL376140,CN(C)c1cc(NC(=O)CNC(C)(C)C)c(O)c2c1C[C@H]1C[C@H]3[C@H](N(C)C)C(O)=C(C(N)=O)C(=O)[C@@]3(O)C(O)=C1C2=O
BROXYQUINOLINE,CHEMBL223448,Oc1c(Br)cc(Br)c2cccnc12
BEDAQUILINE,CHEMBL376488,COc1nc2ccc(Br)cc2cc1[C@@H](c1ccccc1)[C@@](O)(CCN(C)C)c1cccc2ccccc12
TETRACYCLINE,CHEMBL1440,CN(C)[C@@H]1C(O)=C(C(N)=O)C(=O)[C@@]2(O)C(O)=C3C(=O)c4c(O)cccc4[C@@](C)(O)[C@H]3C[C@@H]12
ETHIONAMIDE,CHEMBL1441,CCc1cc(C(N)=S)ccn1
RALTITREXED,CHEMBL225071,Cc1nc(=O)c2cc(CN(C)c3ccc(C(=O)N[C@@H](CCC(=O)O)C(=O)O)s3)ccc2[nH]1
PEMETREXED,CHEMBL225072,Nc1nc2[nH]cc(CCc3ccc(C(=O)N[C@@H](CCC(=O)O)C(=O)O)cc3)c2c(=O)[nH]1
DAPTOMYCIN,CHEMBL387675,CCCCCCCCCC(=O)N[C@@H](Cc1c[nH]c2ccccc12)C(=O)N[C@@H](CC(N)=O)C(=O)N[C@@H](CC(=O)O)C(=O)N[C@@H]1C(=O)NCC(=O)N[C@@H](CCCN)C(=O)N[C@@H](CC(=O)O)C(=O)N[C@H](C)C(=O)N[C@@H](CC(=O)O)C(=O)NCC(=O)N[C@H](CO)C(=O)N[C@@H]([C@H](C)CC(=O)O)C(=O)N[C@@H](CC(=O)c2ccccc2N)C(=O)O[C@@H]1C
HYDROCORTISONE,CHEMBL389621,C[C@]12CCC(=O)C=C1CC[C@@H]1[C@@H]2[C@@H](O)C[C@@]2(C)[C@H]1CC[C@]2(O)C(=O)CO
NAFCILLIN,CHEMBL1443,CCOc1ccc2ccccc2c1C(=O)N[C@@H]1C(=O)N2[C@@H]1SC(C)(C)[C@@H]2C(=O)O
BENZBROMARONE,CHEMBL388590,CCc1oc2ccccc2c1C(=O)c1cc(Br)c(O)c(Br)c1
LETROZOLE,CHEMBL1444,N#Cc1ccc(C(c2ccc(C#N)cc2)n2cncn2)cc1
EFAVIRENZ,CHEMBL223228,O=C1Nc2ccc(Cl)cc2[C@@](C#CC2CC2)(C(F)(F)F)O1
ALOGLIPTIN BENZOATE,CHEMBL227529,Cn1c(=O)cc(N2CCC[C@@H](N)C2)n(Cc2ccccc2C#N)c1=O.O=C(O)c1ccccc1
FLUOXYMESTERONE,CHEMBL1445,C[C@]1(O)CC[C@H]2[C@@H]3CCC4=CC(=O)CC[C@]4(C)[C@@]3(F)[C@@H](O)C[C@@]21C
ALOGLIPTIN,CHEMBL376359,Cn1c(=O)cc(N2CCC[C@@H](N)C2)n(Cc2ccccc2C#N)c1=O
KANAMYCIN SULFATE,CHEMBL1446,NC[C@H]1O[C@H](O[C@H]2[C@H](O)[C@@H](O[C@H]3O[C@H](CO)[C@@H](O)[C@H](N)[C@H]3O)[C@H](N)C[C@@H]2N)[C@H](O)[C@@H](O)[C@@H]1O.O=S(=O)(O)O
LINCOMYCIN,CHEMBL1447,CCC[C@@H]1C[C@@H](C(=O)N[C@@H]([C@H]2O[C@H](SC)[C@H](O)[C@@H](O)[C@H]2O)[C@@H](C)O)N(C)C1
PRETOMANID,CHEMBL227875,O=[N+]([O-])c1cn2c(n1)OC[C@@H](OCc1ccc(OC(F)(F)F)cc1)C2
NICLOSAMIDE,CHEMBL1448,O=C(Nc1ccc([N+](=O)[O-])cc1Cl)c1cc(Cl)ccc1O
TICARCILLIN,CHEMBL1449,CC1(C)S[C@@H]2[C@H](NC(=O)[C@H](C(=O)O)c3ccsc3)C(=O)N2[C@H]1C(=O)O
ATOVAQUONE,CHEMBL1450,O=C1C(O)=C([C@H]2CC[C@H](c3ccc(Cl)cc3)CC2)C(=O)c2ccccc21
MEPHENESIN,CHEMBL229128,Cc1ccccc1OCC(O)CO
MILRINONE,CHEMBL189,Cc1[nH]c(=O)c(C#N)cc1-c1ccncc1
TRIAMCINOLONE,CHEMBL1451,C[C@]12C=CC(=O)C=C1CC[C@H]1[C@@H]3C[C@@H](O)[C@](O)(C(=O)CO)[C@@]3(C)C[C@H](O)[C@@]12F
SELADELPAR,CHEMBL230158,CCO[C@H](COc1ccc(C(F)(F)F)cc1)CSc1ccc(OCC(=O)O)c(C)c1
LEVAMISOLE,CHEMBL1454,c1ccc([C@H]2CN3CCSC3=N2)cc1
ALTRETAMINE,CHEMBL1455,CN(C)c1nc(N(C)C)nc(N(C)C)n1
MYCOPHENOLATE MOFETIL,CHEMBL1456,COc1c(C)c2c(c(O)c1C/C=C(\C)CCC(=O)OCCN1CCOCC1)C(=O)OC2
HYDROCODONE,CHEMBL1457,COc1ccc2c3c1O[C@H]1C(=O)CC[C@H]4[C@@H](C2)N(C)CC[C@]314
SAFINAMIDE,CHEMBL396778,C[C@H](NCc1ccc(OCc2cccc(F)c2)cc1)C(N)=O
FLIBANSERIN,CHEMBL231068,O=c1[nH]c2ccccc2n1CCN1CCN(c2cccc(C(F)(F)F)c2)CC1
AMISULPRIDE,CHEMBL243712,CCN1CCCC1CNC(=O)c1cc(S(=O)(=O)CC)c(N)cc1OC
ESKETAMINE,CHEMBL395091,CN[C@]1(c2ccccc2Cl)CCCCC1=O
DIDANOSINE,CHEMBL1460,O=c1[nH]cnc2c1ncn2[C@H]1CC[C@@H](CO)O1
DIOSMIN,CHEMBL231884,COc1ccc(-c2cc(=O)c3c(O)cc(O[C@@H]4O[C@H](CO[C@@H]5O[C@@H](C)[C@H](O)[C@@H](O)[C@H]5O)[C@@H](O)[C@H](O)[C@H]4O)cc3o2)cc1O
FLUCYTOSINE,CHEMBL1463,Nc1nc(=O)[nH]cc1F
WARFARIN,CHEMBL1464,CC(=O)CC(c1ccccc1)c1c(O)c2ccccc2oc1=O
ACENOCOUMAROL,CHEMBL397420,CC(=O)CC(c1ccc([N+](=O)[O-])cc1)c1c(O)c2ccccc2oc1=O
PHENPROCOUMON,CHEMBL1465,CCC(c1ccccc1)c1c(O)c2ccccc2oc1=O
DICUMAROL,CHEMBL1466,O=c1oc2ccccc2c(O)c1Cc1c(O)c2ccccc2oc1=O
SODIUM SULFATE ANHYDROUS,CHEMBL233406,O=S(=O)([O-])[O-].[Na+].[Na+]
TELAPREVIR,CHEMBL231813,CCC[C@H](NC(=O)[C@@H]1[C@H]2CCC[C@H]2CN1C(=O)[C@@H](NC(=O)[C@@H](NC(=O)c1cnccn1)C1CCCCC1)C(C)(C)C)C(=O)C(=O)NC1CC1
ALLOPURINOL,CHEMBL1467,Oc1ncnc2[nH]ncc12
BENZIODARONE,CHEMBL232201,CCc1oc2ccccc2c1C(=O)c1cc(I)c(O)c(I)c1
MEPAZINE,CHEMBL395110,CN1CCCC(CN2c3ccccc3Sc3ccccc32)C1
RIFABUTIN,CHEMBL444633,CO[C@H]1/C=C/O[C@@]2(C)Oc3c(C)c(O)c4c(c3C2=O)C2=NC3(CCN(CC(C)C)CC3)NC2=C(NC(=O)/C(C)=C\C=C\[C@H](C)[C@H](O)[C@@H](C)[C@@H](O)[C@@H](C)[C@H](OC(C)=O)[C@@H]1C)C4=O
APIXABAN,CHEMBL231779,COc1ccc(-n2nc(C(N)=O)c3c2C(=O)N(c2ccc(N4CCCCC4=O)cc2)CC3)cc1
PHENYLBUTANOIC ACID,CHEMBL1469,O=C(O)CCCc1ccccc1
RIFAMYCIN,CHEMBL437765,CO[C@H]1/C=C/O[C@@]2(C)Oc3c(C)c(O)c4c(O)c(cc(O)c4c3C2=O)NC(=O)/C(C)=C\C=C\[C@H](C)[C@H](O)[C@@H](C)[C@@H](O)[C@@H](C)[C@H](OC(C)=O)[C@@H]1C
TIPIRACIL,CHEMBL235668,N=C1CCCN1Cc1[nH]c(=O)[nH]c(=O)c1Cl
APREPITANT,CHEMBL1471,C[C@@H](O[C@H]1OCCN(Cc2n[nH]c(=O)[nH]2)[C@H]1c1ccc(F)cc1)c1cc(C(F)(F)F)cc(C(F)(F)F)c1
LINAGLIPTIN,CHEMBL237500,CC#CCn1c(N2CCC[C@@H](N)C2)nc2c1c(=O)n(Cc1nc(C)c3ccccc3n1)c(=O)n2C
FLUTICASONE PROPIONATE,CHEMBL1473,CCC(=O)O[C@]1(C(=O)SCF)[C@H](C)C[C@H]2[C@@H]3C[C@H](F)C4=CC(=O)C=C[C@]4(C)[C@@]3(F)[C@@H](O)C[C@@]21C
VINDESINE,CHEMBL238071,CC[C@]1(O)C[C@@H]2CN(CCc3c([nH]c4ccccc34)[C@@](C(=O)OC)(c3cc4c(cc3OC)N(C)[C@H]3[C@@](O)(C(N)=O)[C@H](O)[C@]5(CC)C=CCN6CC[C@]43[C@@H]65)C2)C1
TRIOXSALEN,CHEMBL1475,Cc1cc2cc3c(C)cc(=O)oc3c(C)c2o1
CERIVASTATIN,CHEMBL1477,COCc1c(C(C)C)nc(C(C)C)c(/C=C/[C@@H](O)C[C@@H](O)CC(=O)O)c1-c1ccc(F)cc1
CHENODIOL,CHEMBL240597,C[C@H](CCC(=O)O)[C@H]1CC[C@H]2[C@@H]3[C@H](O)C[C@@H]4C[C@H](O)CC[C@]4(C)[C@H]3CC[C@]12C
DANAZOL,CHEMBL1479,C#C[C@]1(O)CC[C@H]2[C@@H]3CCC4=Cc5oncc5C[C@]4(C)[C@H]3CC[C@@]21C
FELODIPINE,CHEMBL1480,CCOC(=O)C1=C(C)NC(C)=C(C(=O)OC)C1c1cccc(Cl)c1Cl
GLIMEPIRIDE,CHEMBL1481,CCC1=C(C)CN(C(=O)NCCc2ccc(S(=O)(=O)NC(=O)N[C@H]3CC[C@H](C)CC3)cc2)C1=O
SELEXIPAG,CHEMBL238804,CC(C)N(CCCCOCC(=O)NS(C)(=O)=O)c1cnc(-c2ccccc2)c(-c2ccccc2)n1
BETHANECHOL,CHEMBL1482,CC(C[N+](C)(C)C)OC(N)=O
ALBENDAZOLE,CHEMBL1483,CCCSc1ccc2[nH]c(NC(=O)OC)nc2c1
ATORVASTATIN CALCIUM,CHEMBL393220,CC(C)c1c(C(=O)Nc2ccccc2)c(-c2ccccc2)c(-c2ccc(F)cc2)n1CC[C@@H](O)C[C@@H](O)CC(=O)[O-].CC(C)c1c(C(=O)Nc2ccccc2)c(-c2ccccc2)c(-c2ccc(F)cc2)n1CC[C@@H](O)C[C@@H](O)CC(=O)[O-].[Ca+2]
NICARDIPINE,CHEMBL1484,COC(=O)C1=C(C)NC(C)=C(C(=O)OCCN(C)Cc2ccccc2)C1c1cccc([N+](=O)[O-])c1
OXYPHENISATINE,CHEMBL245807,O=C1Nc2ccccc2C1(c1ccc(O)cc1)c1ccc(O)cc1
LOSARTAN,CHEMBL191,CCCCc1nc(Cl)c(CO)n1Cc1ccc(-c2ccccc2-c2nnn[nH]2)cc1
SILDENAFIL,CHEMBL192,CCCc1nn(C)c2c(=O)[nH]c(-c3cc(S(=O)(=O)N4CCN(C)CC4)ccc3OCC)nc12
PEMAFIBRATE,CHEMBL247951,CC[C@@H](Oc1cccc(CN(CCCOc2ccc(OC)cc2)c2nc3ccccc3o2)c1)C(=O)O
TICAGRELOR,CHEMBL398435,CCCSc1nc(N[C@@H]2C[C@H]2c2ccc(F)c(F)c2)c2nnn([C@@H]3C[C@H](OCCO)[C@@H](O)[C@H]3O)c2n1
TENOFOVIR DISOPROXIL FUMARATE,CHEMBL1486,CC(C)OC(=O)OCOP(=O)(CO[C@H](C)Cn1cnc2c(N)ncnc21)OCOC(=O)OC(C)C.O=C(O)/C=C/C(=O)O
ATORVASTATIN,CHEMBL1487,CC(C)c1c(C(=O)Nc2ccccc2)c(-c2ccccc2)c(-c2ccc(F)cc2)n1CC[C@@H](O)C[C@@H](O)CC(=O)O
URACIL MUSTARD,CHEMBL1488,Oc1ncc(N(CCCl)CCCl)c(O)n1
AZACITIDINE,CHEMBL1489,Nc1ncn([C@@H]2O[C@H](CO)[C@@H](O)[C@H]2O)c(=O)n1
PERICIAZINE,CHEMBL251940,N#Cc1ccc2c(c1)N(CCCN1CCC(O)CC1)c1ccccc1S2
TRIHEXYPHENIDYL,CHEMBL1490,OC(CCN1CCCCC1)(c1ccccc1)C1CCCCC1
AMLODIPINE,CHEMBL1491,CCOC(=O)C1=C(COCCN)NC(C)=C(C(=O)OC)C1c1ccccc1Cl
BENFLUOREX,CHEMBL400599,CC(Cc1cccc(C(F)(F)F)c1)NCCOC(=O)c1ccccc1
BROMHEXINE,CHEMBL253376,CN(Cc1cc(Br)cc(Br)c1N)C1CCCCC1
FIPEXIDE,CHEMBL254857,O=C(COc1ccc(Cl)cc1)N1CCN(Cc2ccc3c(c2)OCO3)CC1
DIPHENYLPYRALINE,CHEMBL1492,CN1CCC(OC(c2ccccc2)c2ccccc2)CC1
FLAVOXATE,CHEMBL1493,Cc1c(-c2ccccc2)oc2c(C(=O)OCCN3CCCCC3)cccc2c1=O
FLUPIRTINE,CHEMBL255044,CCOC(=O)Nc1ccc(NCc2ccc(F)cc2)nc1N
OXYPHENCYCLIMINE,CHEMBL1495,CN1CCCN=C1COC(=O)C(O)(c1ccccc1)C1CCCCC1
SULOCTIDIL,CHEMBL404849,CCCCCCCCNC(C)C(O)c1ccc(SC(C)C)cc1
IDEBENONE,CHEMBL252556,COC1=C(OC)C(=O)C(CCCCCCCCCCO)=C(C)C1=O
ROSUVASTATIN,CHEMBL1496,CC(C)c1nc(N(C)S(C)(=O)=O)nc(-c2ccc(F)cc2)c1/C=C/[C@@H](O)C[C@@H](O)CC(=O)O
BETAMETHASONE VALERATE,CHEMBL1497,CCCCC(=O)O[C@]1(C(=O)CO)[C@@H](C)C[C@H]2[C@@H]3CCC4=CC(=O)C=C[C@]4(C)[C@@]3(F)[C@@H](O)C[C@@]21C
DIGITOXIN,CHEMBL254219,C[C@H]1O[C@@H](O[C@H]2[C@@H](O)C[C@H](O[C@H]3[C@@H](O)C[C@H](O[C@H]4CC[C@@]5(C)[C@H](CC[C@@H]6[C@@H]5CC[C@]5(C)[C@@H](C7=CC(=O)OC7)CC[C@]65O)C4)O[C@@H]3C)O[C@@H]2C)C[C@H](O)[C@@H]1O
FLUOCINONIDE,CHEMBL1501,CC(=O)OCC(=O)[C@@]12OC(C)(C)O[C@@H]1C[C@H]1[C@@H]3C[C@H](F)C4=CC(=O)C=C[C@]4(C)[C@@]3(F)[C@@H](O)C[C@@]12C
HYDROMORPHONE,CHEMBL398707,CN1CC[C@]23c4c5ccc(O)c4O[C@H]2C(=O)CC[C@H]3[C@H]1C5
NIFEDIPINE,CHEMBL193,COC(=O)C1=C(C)NC(C)=C(C(=O)OC)C1c1ccccc1[N+](=O)[O-]
PANTOPRAZOLE,CHEMBL1502,COc1ccnc(C[S+]([O-])c2nc3cc(OC(F)F)ccc3[nH]2)c1OC
OMEPRAZOLE,CHEMBL1503,COc1ccc2[nH]c([S+]([O-])Cc3ncc(C)c(OC)c3C)nc2c1
TRIAMCINOLONE ACETONIDE,CHEMBL1504,CC1(C)O[C@@H]2C[C@H]3[C@@H]4CCC5=CC(=O)C=C[C@]5(C)[C@@]4(F)[C@@H](O)C[C@]3(C)[C@]2(C(=O)CO)O1
ALMOTRIPTAN,CHEMBL1505,CN(C)CCc1c[nH]c2ccc(CS(=O)(=O)N3CCCC3)cc12
ESCITALOPRAM,CHEMBL1508,CN(C)CCC[C@@]1(c2ccc(F)cc2)OCc2cc(C#N)ccc21
DROSPIRENONE,CHEMBL1509,C[C@]12CCC(=O)C=C1[C@@H]1C[C@@H]1[C@H]1[C@@H]3[C@@H]4C[C@@H]4[C@@]4(CCC(=O)O4)[C@@]3(C)CC[C@@H]12
ELETRIPTAN,CHEMBL1510,CN1CCC[C@@H]1Cc1c[nH]c2ccc(CCS(=O)(=O)c3ccccc3)cc12
ESTRADIOL VALERATE,CHEMBL1511,CCCCC(=O)O[C@H]1CC[C@H]2[C@@H]3CCc4cc(O)ccc4[C@H]3CC[C@]12C
FLUNISOLIDE,CHEMBL1512,CC1(C)O[C@@H]2C[C@H]3[C@@H]4C[C@H](F)C5=CC(=O)C=C[C@]5(C)[C@H]4[C@@H](O)C[C@]3(C)[C@]2(C(=O)CO)O1
FLUOCORTOLONE,CHEMBL251634,C[C@@H]1C[C@H]2[C@@H]3C[C@H](F)C4=CC(=O)C=C[C@]4(C)[C@H]3[C@@H](O)C[C@]2(C)[C@H]1C(=O)CO
IRBESARTAN,CHEMBL1513,CCCCC1=NC2(CCCC2)C(=O)N1Cc1ccc(-c2ccccc2-c2nnn[nH]2)cc1
LEVOMETHADYL ACETATE,CHEMBL1514,CC[C@H](OC(C)=O)C(C[C@H](C)N(C)C)(c1ccccc1)c1ccccc1
METHACYCLINE,CHEMBL249837,C=C1c2cccc(O)c2C(=O)C2=C(O)[C@]3(O)C(=O)C(C(N)=O)=C(O)[C@@H](N(C)C)[C@@H]3[C@@H](O)[C@H]12
METHIMAZOLE,CHEMBL1515,Cn1ccnc1S
OXYTETRACYCLINE,CHEMBL1517,CN(C)[C@@H]1C(O)=C(C(N)=O)C(=O)[C@@]2(O)C(O)=C3C(=O)c4c(O)cccc4[C@@](C)(O)[C@H]3[C@H](O)[C@@H]12
PROPYLTHIOURACIL,CHEMBL1518,CCCc1cc(=O)[nH]c(=S)[nH]1
TRANDOLAPRIL,CHEMBL1519,CCOC(=O)[C@H](CCc1ccccc1)N[C@@H](C)C(=O)N1[C@H](C(=O)O)C[C@H]2CCCC[C@@H]21
VARDENAFIL,CHEMBL1520,CCCc1nc(C)c2c(=O)nc(-c3cc(S(=O)(=O)N4CCN(CC)CC4)ccc3OCC)[nH]n12
ZALEPLON,CHEMBL1521,CCN(C(C)=O)c1cccc(-c2ccnc3c(C#N)cnn23)c1
ESZOPICLONE,CHEMBL1522,CN1CCN(C(=O)O[C@H]2c3nccnc3C(=O)N2c2ccc(Cl)cn2)CC1
DEXFENFLURAMINE,CHEMBL248702,CCN[C@@H](C)Cc1cccc(C(F)(F)F)c1
ENOXIMONE,CHEMBL249856,CSc1ccc(C(=O)c2[nH]c(=O)[nH]c2C)cc1
PERMETHRIN,CHEMBL1525,CC1(C)C(C=C(Cl)Cl)C1C(=O)OCc1cccc(Oc2ccccc2)c1
ABIRATERONE,CHEMBL254328,C[C@]12CC[C@H](O)CC1=CC[C@@H]1[C@@H]2CC[C@]2(C)C(c3cccnc3)=CC[C@@H]12
RALTEGRAVIR,CHEMBL254316,Cc1nnc(C(=O)NC(C)(C)c2nc(C(=O)NCc3ccc(F)cc3)c(O)c(=O)n2C)o1
FLUCICLOVINE F18,CHEMBL254468,N[C@]1(C(=O)O)C[C@@H]([18F])C1
LUMIRACOXIB,CHEMBL404108,Cc1ccc(Nc2c(F)cccc2Cl)c(CC(=O)O)c1
MENTHOL,CHEMBL256087,CC1CCC(C(C)C)C(O)C1
SODIUM FLUORIDE,CHEMBL1528,[F-].[Na+]
DIPHENIDOL HYDROCHLORIDE,CHEMBL1529,Cl.OC(CCCN1CCCCC1)(c1ccccc1)c1ccccc1
ATALUREN,CHEMBL256997,O=C(O)c1cccc(-c2noc(-c3ccccc3F)n2)c1
MONENSIN,CHEMBL256105,CC[C@@]1([C@@H]2O[C@@H]([C@H]3O[C@@](O)(CO)[C@H](C)C[C@@H]3C)C[C@@H]2C)CC[C@H]([C@]2(C)CC[C@]3(C[C@H](O)[C@@H](C)[C@@H]([C@@H](C)[C@@H](OC)[C@H](C)C(=O)O)O3)O2)O1
NILOTINIB,CHEMBL255863,Cc1cn(-c2cc(NC(=O)c3ccc(C)c(Nc4nccc(-c5cccnc5)n4)c3)cc(C(F)(F)F)c2)cn1
MILNACIPRAN,CHEMBL259209,CCN(CC)C(=O)C1(c2ccccc2)CC1CN
TAPINAROF,CHEMBL259571,CC(C)c1c(O)cc(/C=C/c2ccccc2)cc1O
ETONOGESTREL,CHEMBL1531,C#C[C@]1(O)CC[C@H]2[C@@H]3CCC4=CC(=O)CC[C@@H]4[C@H]3C(=C)C[C@@]21CC
QUINETHAZONE,CHEMBL1532,CCC1NC(=O)c2cc(S(N)(=O)=O)c(Cl)cc2N1
DESOGESTREL,CHEMBL1533,C#C[C@]1(O)CC[C@H]2[C@@H]3CCC4=CCCC[C@@H]4[C@H]3C(=C)C[C@@]21CC
RIBOFLAVIN,CHEMBL1534,Cc1cc2nc3c(=O)[nH]c(=O)nc-3n(C[C@H](O)[C@H](O)[C@H](O)CO)c2cc1C
MESTEROLONE,CHEMBL258918,C[C@H]1CC(=O)C[C@@H]2CC[C@H]3[C@@H]4CC[C@H](O)[C@@]4(C)CC[C@@H]3[C@]21C
MOFEZOLAC,CHEMBL259972,COc1ccc(-c2noc(CC(=O)O)c2-c2ccc(OC)cc2)cc1
HYDROXYCHLOROQUINE,CHEMBL1535,CCN(CCO)CCCC(C)Nc1ccnc2cc(Cl)ccc12
ERGOCALCIFEROL,CHEMBL1536,C=C1CC[C@H](O)C/C1=C/C=C1\CCC[C@]2(C)[C@@H]([C@H](C)/C=C/[C@H](C)C(C)C)CC[C@@H]12
MECLOCYCLINE SULFOSALICYLATE,CHEMBL261772,C=C1c2c(Cl)ccc(O)c2C(=O)C2=C(O)[C@]3(O)C(=O)C(C(N)=O)=C(O)[C@@H](N(C)C)[C@@H]3[C@@H](O)[C@H]12.O=C(O)c1cc(S(=O)(=O)O)ccc1O
AZLOCILLIN,CHEMBL1537,CC1(C)S[C@@H]2[C@H](NC(=O)[C@H](NC(=O)N3CCNC3=O)c3ccccc3)C(=O)N2[C@H]1C(=O)O
TENOFOVIR DISOPROXIL,CHEMBL1538,CC(C)OC(=O)OCOP(=O)(CO[C@H](C)Cn1cnc2c(N)ncnc21)OCOC(=O)OC(C)C
SULFADOXINE,CHEMBL1539,COc1ncnc(NS(=O)(=O)c2ccc(N)cc2)c1OC
PENCICLOVIR,CHEMBL1540,Nc1nc(O)c2ncn(CCC(CO)CO)c2n1
CEFIXIME,CHEMBL1541,C=CC1=C(C(=O)O)N2C(=O)[C@@H](NC(=O)/C(=N\OCC(=O)O)c3csc(N)n3)[C@H]2SC1
AZATHIOPRINE,CHEMBL1542,Cn1cnc([N+](=O)[O-])c1Sc1ncnc2[nH]cnc12
ULIPRISTAL ACETATE,CHEMBL260538,CC(=O)O[C@]1(C(C)=O)CC[C@H]2[C@@H]3CCC4=CC(=O)CCC4=C3[C@@H](c3ccc(N(C)C)cc3)C[C@@]21C
METHYLENE BLUE ANHYDROUS,CHEMBL405110,CN(C)c1ccc2nc3ccc(N(C)C)cc3[s+]c2c1.[Cl-]
LIOTHYRONINE,CHEMBL1544,N[C@@H](Cc1cc(I)c(Oc2ccc(O)c(I)c2)c(I)c1)C(=O)O
BELINOSTAT,CHEMBL408513,O=C(/C=C/c1cccc(S(=O)(=O)Nc2ccccc2)c1)NO
ALVIMOPAN,CHEMBL270190,C[C@H]1CN(C[C@H](Cc2ccccc2)C(=O)NCC(=O)O)CC[C@@]1(C)c1cccc(O)c1
HYDROXYAMPHETAMINE,CHEMBL1546,CC(N)Cc1ccc(O)cc1
THIAMINE ION,CHEMBL1547,Cc1ncc(C[n+]2csc(CCO)c2C)c(N)n1
MARAVIROC,CHEMBL256907,Cc1nnc(C(C)C)n1[C@H]1C[C@H]2CC[C@@H](C1)N2CC[C@H](NC(=O)C1CCC(F)(F)CC1)c1ccccc1
ABIRATERONE ACETATE,CHEMBL271227,CC(=O)O[C@H]1CC[C@@]2(C)C(=CC[C@@H]3[C@@H]2CC[C@]2(C)C(c4cccnc4)=CC[C@@H]32)C1
CHLORTETRACYCLINE,CHEMBL404520,CN(C)[C@@H]1C(O)=C(C(N)=O)C(=O)[C@@]2(O)C(O)=C3C(=O)c4c(O)ccc(Cl)c4[C@@](C)(O)[C@H]3C[C@@H]12
NALFURAFINE,CHEMBL267495,CN(C(=O)/C=C/c1ccoc1)[C@@H]1CC[C@@]2(O)[C@H]3Cc4ccc(O)c5c4[C@@]2(CCN3CC2CC2)[C@H]1O5
HYDROCORTISONE CYPIONATE,CHEMBL1549,C[C@]12CCC(=O)C=C1CC[C@@H]1[C@@H]2[C@@H](O)C[C@@]2(C)[C@H]1CC[C@]2(O)C(=O)COC(=O)CCC1CCCC1
PHYTONADIONE,CHEMBL1550,CC1=C(C/C=C(\C)CCC[C@H](C)CCC[C@H](C)CCCC(C)C)C(=O)c2ccccc2C1=O
DAPAGLIFLOZIN,CHEMBL429910,CCOc1ccc(Cc2cc([C@@H]3O[C@H](CO)[C@@H](O)[C@H](O)[C@H]3O)ccc2Cl)cc1
URSODIOL,CHEMBL1551,C[C@H](CCC(=O)O)[C@H]1CC[C@H]2[C@@H]3[C@@H](O)C[C@@H]4C[C@H](O)CC[C@]4(C)[C@H]3CC[C@]12C
DEOXYCHOLIC ACID,CHEMBL406393,C[C@H](CCC(=O)O)[C@H]1CC[C@H]2[C@@H]3CC[C@@H]4C[C@H](O)CC[C@]4(C)[C@H]3C[C@H](O)[C@]12C
TAURURSODIOL,CHEMBL272427,C[C@H](CCC(=O)NCCS(=O)(=O)O)[C@H]1CC[C@H]2[C@@H]3[C@@H](O)C[C@@H]4C[C@H](O)CC[C@]4(C)[C@H]3CC[C@]12C
GALANTAMINE HYDROBROMIDE,CHEMBL1555,Br.COc1ccc2c3c1O[C@H]1C[C@@H](O)C=C[C@@]31CCN(C)C2
ASCORBIC ACID,CHEMBL196,O=C1O[C@H]([C@@H](O)CO)C(O)=C1O
DOPAMINE HYDROCHLORIDE,CHEMBL1557,Cl.NCCc1ccc(O)c(O)c1
PRAZOSIN HYDROCHLORIDE,CHEMBL1558,COc1cc2nc(N3CCN(C(=O)c4ccco4)CC3)nc(N)c2cc1OC.Cl
MICONAZOLE NITRATE,CHEMBL1559,Clc1ccc(COC(Cn2ccnc2)c2ccc(Cl)cc2Cl)c(Cl)c1.O=[N+]([O-])O
CAPTOPRIL,CHEMBL1560,C[C@H](CS)C(=O)N1CCC[C@H]1C(=O)O
ATROPINE,CHEMBL517712,CN1[C@@H]2CC[C@H]1C[C@@H](OC(=O)C(CO)c1ccccc1)C2
MIGLITOL,CHEMBL1561,OCCN1C[C@H](O)[C@@H](O)[C@H](O)[C@H]1CO
DAUNORUBICIN HYDROCHLORIDE,CHEMBL1563,COc1cccc2c1C(=O)c1c(O)c3c(c(O)c1C2=O)C[C@@](O)(C(C)=O)C[C@@H]3O[C@H]1C[C@H](N)[C@H](O)[C@H](C)O1.Cl
BUPRENORPHINE,CHEMBL511142,CO[C@@]12CC[C@@]3(C[C@@H]1[C@](C)(O)C(C)(C)C)[C@H]1Cc4ccc(O)c5c4[C@@]3(CCN1CC1CC1)[C@H]2O5
DIPHENYLPYRALINE HYDROCHLORIDE,CHEMBL1564,CN1CCC(OC(c2ccccc2)c2ccccc2)CC1.Cl
COCAINE HYDROCHLORIDE,CHEMBL529437,COC(=O)[C@H]1[C@@H](OC(=O)c2ccccc2)C[C@@H]2CC[C@H]1N2C.Cl
IVABRADINE,CHEMBL471737,COc1cc2c(cc1OC)CC(=O)N(CCCN(C)C[C@H]1Cc3cc(OC)c(OC)cc31)CC2
SUNITINIB MALATE,CHEMBL1567,CCN(CC)CCNC(=O)c1c(C)[nH]c(/C=C2\C(=O)Nc3ccc(F)cc32)c1C.O=C(O)C[C@H](O)C(=O)O
SIMEPREVIR,CHEMBL501849,COc1ccc2c(O[C@@H]3C[C@H]4C(=O)N[C@]5(C(=O)NS(=O)(=O)C6CC6)C[C@H]5/C=C\CCCCN(C)C(=O)[C@@H]4C3)cc(-c3nc(C(C)C)cs3)nc2c1C
TREOSULFAN,CHEMBL455186,CS(=O)(=O)OC[C@H](O)[C@@H](O)COS(C)(=O)=O
URETHANE,CHEMBL462547,CCOC(N)=O
AMANTADINE HYDROCHLORIDE,CHEMBL1569,Cl.NC12CC3CC(CC(C3)C1)C2
GLIBORNURIDE,CHEMBL529888,Cc1ccc(S(=O)(=O)NC(=O)N[C@H]2[C@H]3CC[C@@](C)([C@H]2O)C3(C)C)cc1
SULFOXONE,CHEMBL1570,O=S(O)CNc1ccc(S(=O)(=O)c2ccc(NCS(=O)O)cc2)cc1
TENIPOSIDE,CHEMBL452231,COc1cc([C@@H]2c3cc4c(cc3[C@@H](O[C@@H]3O[C@@H]5CO[C@@H](c6cccs6)O[C@H]5[C@H](O)[C@H]3O)[C@H]3COC(=O)[C@H]23)OCO4)cc(OC)c1O
TESTOLACTONE,CHEMBL1571,C[C@]12C=CC(=O)C=C1CC[C@@H]1[C@@H]2CC[C@]2(C)OC(=O)CC[C@@H]12
METAMIZOLE,CHEMBL461522,Cc1c(N(C)CS(=O)(=O)O)c(=O)n(-c2ccccc2)n1C
METRIZAMIDE,CHEMBL462394,CC(=O)Nc1c(I)c(C(=O)N[C@H]2C(O)O[C@H](CO)[C@@H](O)[C@@H]2O)c(I)c(N(C)C(C)=O)c1I
NETILMICIN,CHEMBL1572,CCN[C@@H]1C[C@H](N)[C@@H](O[C@H]2OC(CN)=CC[C@H]2N)[C@H](O)[C@H]1O[C@H]1OC[C@](C)(O)[C@H](NC)[C@H]1O
PHENTERMINE,CHEMBL1574,CC(C)(N)Cc1ccccc1
ETHINAMATE,CHEMBL1576,C#CC1(OC(N)=O)CCCCC1
METHYCLOTHIAZIDE,CHEMBL1577,CN1C(CCl)Nc2cc(Cl)c(S(N)(=O)=O)cc2S1(=O)=O
ANISOTROPINE METHYLBROMIDE,CHEMBL1578,CCCC(CCC)C(=O)O[C@H]1C[C@H]2CC[C@@H](C1)[N+]2(C)C.[Br-]
PENTOSTATIN,CHEMBL1580,OC[C@H]1O[C@@H](n2cnc3c2N=CNC[C@H]3O)C[C@@H]1O
PERINDOPRIL,CHEMBL1581,CCC[C@H](N[C@@H](C)C(=O)N1[C@H](C(=O)O)C[C@@H]2CCCC[C@@H]21)C(=O)OCC
AZARIBINE,CHEMBL515914,CC(=O)OC[C@H]1O[C@@H](n2ncc(=O)[nH]c2=O)[C@H](OC(C)=O)[C@@H]1OC(C)=O
CHLORAL HYDRATE,CHEMBL455917,OC(O)C(Cl)(Cl)Cl
CILAZAPRIL,CHEMBL515606,CCOC(=O)[C@H](CCc1ccccc1)N[C@H]1CCCN2CCC[C@@H](C(=O)O)N2C1=O
BACAMPICILLIN,CHEMBL1583,CCOC(=O)OC(C)OC(=O)[C@@H]1N2C(=O)[C@@H](NC(=O)[C@H](N)c3ccccc3)[C@H]2SC1(C)C
PIPERACETAZINE,CHEMBL1584,CC(=O)c1ccc2c(c1)N(CCCN1CCC(CCO)CC1)c1ccccc1S2
PIPOBROMAN,CHEMBL1585,O=C(CCBr)N1CCN(C(=O)CCBr)CC1
PYRITINOL,CHEMBL488093,Cc1ncc(CSSCc2cnc(C)c(O)c2CO)c(CO)c1O
POLYTHIAZIDE,CHEMBL1587,CN1C(CSCC(F)(F)F)Nc2cc(Cl)c(S(N)(=O)=O)cc2S1(=O)=O
BENDAMUSTINE,CHEMBL487253,Cn1c(CCCC(=O)O)nc2cc(N(CCCl)CCCl)ccc21
THIAMINE,CHEMBL1588,Cc1ncc(C[n+]2csc(CCO)c2C)c(N)n1.[Cl-]
ACETOHEXAMIDE,CHEMBL1589,CC(=O)c1ccc(S(=O)(=O)NC(=O)NC2CCCCC2)cc1
PSEUDOEPHEDRINE,CHEMBL1590,CN[C@@H](C)[C@@H](O)c1ccccc1
DEMECLOCYCLINE,CHEMBL1591,CN(C)[C@@H]1C(O)=C(C(N)=O)C(=O)[C@@]2(O)C(O)=C3C(=O)c4c(O)ccc(Cl)c4[C@@H](O)[C@H]3C[C@@H]12
QUINAPRIL,CHEMBL1592,CCOC(=O)[C@H](CCc1ccccc1)N[C@@H](C)C(=O)N1Cc2ccccc2C[C@H]1C(=O)O
PANTOTHENIC ACID,CHEMBL1594,CC(C)(CO)[C@@H](O)C(=O)NCCC(=O)O
CARBENOXOLONE,CHEMBL499915,CC1(C)[C@@H](OC(=O)CCC(=O)O)CC[C@]2(C)[C@H]3C(=O)C=C4[C@@H]5C[C@@](C)(C(=O)O)CC[C@]5(C)CC[C@@]4(C)[C@]3(C)CC[C@@H]12
DIHYDROCODEINE,CHEMBL1595,COc1ccc2c3c1O[C@H]1[C@@H](O)CC[C@H]4[C@@H](C2)N(C)CC[C@@]341
PITOLISANT,CHEMBL462605,Clc1ccc(CCCOCCCN2CCCCC2)cc1
CARBENICILLIN INDANYL,CHEMBL1596,CC1(C)S[C@@H]2[C@H](NC(=O)C(C(=O)Oc3ccc4c(c3)CCC4)c3ccccc3)C(=O)N2[C@H]1C(=O)O
DIMERCAPROL,CHEMBL1597,OCC(S)CS
CEPHAPIRIN,CHEMBL1599,CC(=O)OCC1=C(C(=O)O)N2C(=O)[C@@H](NC(=O)CSc3ccncc3)[C@H]2SC1
CEFONICID,CHEMBL1601,O=C(O)C1=C(CSc2nnnn2CS(=O)(=O)O)CS[C@@H]2[C@H](NC(=O)[C@H](O)c3ccccc3)C(=O)N12
CEPHRADINE,CHEMBL1604,CC1=C(C(=O)O)N2C(=O)[C@@H](NC(=O)[C@H](N)C3=CCC=CC3)[C@H]2SC1
CEFTIBUTEN,CHEMBL1605,Nc1nc(/C(=C/CC(=O)O)C(=O)N[C@@H]2C(=O)N3C(C(=O)O)=CCS[C@H]23)cs1
TETRACYCLINE HYDROCHLORIDE,CHEMBL454950,CN(C)[C@@H]1C(O)=C(C(N)=O)C(=O)[C@@]2(O)C(O)=C3C(=O)c4c(O)cccc4[C@@](C)(O)[C@H]3C[C@@H]12.Cl
TOPOTECAN HYDROCHLORIDE,CHEMBL1607,CC[C@@]1(O)C(=O)OCc2c1cc1n(c2=O)Cc2cc3c(CN(C)C)c(O)ccc3nc2-1.Cl
ELTROMBOPAG,CHEMBL461101,CC1=NN(c2ccc(C)c(C)c2)C(=O)/C1=N\Nc1cccc(-c2cccc(C(=O)O)c2)c1O
NEFOPAM,CHEMBL465026,CN1CCOC(c2ccccc2)c2ccccc2C1
CEFOTETAN,CHEMBL474579,CO[C@@]1(NC(=O)C2SC(=C(C(N)=O)C(=O)O)S2)C(=O)N2C(C(=O)O)=C(CSc3nnnn3C)CS[C@@H]21
APREMILAST,CHEMBL514800,CCOc1cc([C@@H](CS(C)(=O)=O)N2C(=O)c3cccc(NC(C)=O)c3C2=O)ccc1OC
PHENYTOIN SODIUM,CHEMBL1611,O=C1N=C([O-])NC1(c1ccccc1)c1ccccc1.[Na+]
BETRIXABAN,CHEMBL512351,COc1ccc(NC(=O)c2ccc(C(=N)N(C)C)cc2)c(C(=O)Nc2ccc(Cl)cn2)c1
GOSOGLIPTIN,CHEMBL515387,O=C([C@@H]1C[C@H](N2CCN(c3ncccn3)CC2)CN1)N1CCC(F)(F)C1
VISMODEGIB,CHEMBL473417,CS(=O)(=O)c1ccc(C(=O)Nc2ccc(Cl)c(-c3ccccn3)c2)c(Cl)c1
DORIPENEM,CHEMBL491571,C[C@@H](O)[C@H]1C(=O)N2C(C(=O)O)=C(S[C@@H]3CN[C@H](CNS(N)(=O)=O)C3)[C@H](C)[C@H]12
NADOLOL,CHEMBL521606,CC(C)(C)NCC(O)COc1cccc2c1CC(O)C(O)C2
DOXORUBICIN HYDROCHLORIDE,CHEMBL359744,COc1cccc2c1C(=O)c1c(O)c3c(c(O)c1C2=O)C[C@@](O)(C(=O)CO)C[C@@H]3O[C@H]1C[C@H](N)[C@H](O)[C@H](C)O1.Cl
DESLANOSIDE,CHEMBL1614,C[C@H]1O[C@@H](O[C@H]2CC[C@@]3(C)[C@H](CC[C@@H]4[C@@H]3C[C@@H](O)[C@]3(C)[C@@H](C5=CC(=O)OC5)CC[C@]43O)C2)C[C@H](O)[C@@H]1O[C@H]1C[C@H](O)[C@H](O[C@H]2C[C@H](O)[C@H](O[C@@H]3O[C@H](CO)[C@@H](O)[C@H](O)[C@H]3O)[C@@H](C)O2)[C@@H](C)O1
RIFAXIMIN,CHEMBL1617,CO[C@H]1/C=C/O[C@@]2(C)Oc3c(C)c(O)c4c(O)c(c5c(nc6cc(C)ccn65)c4c3C2=O)NC(=O)/C(C)=C\C=C\[C@H](C)[C@H](O)[C@@H](C)[C@@H](O)[C@@H](C)[C@H](OC(C)=O)[C@@H]1C
CEFAMANDOLE NAFATE,CHEMBL1618,Cn1nnnc1SCC1=C(C(=O)[O-])N2C(=O)[C@@H](NC(=O)[C@H](OC=O)c3ccccc3)[C@H]2SC1.[Na+]
CLADRIBINE,CHEMBL1619,Nc1nc(Cl)nc2c1ncn2[C@H]1C[C@H](O)[C@@H](CO)O1
DIPHENHYDRAMINE HYDROCHLORIDE,CHEMBL1620,CN(C)CCOC(c1ccccc1)c1ccccc1.Cl
PALIPERIDONE,CHEMBL1621,Cc1nc2n(c(=O)c1CCN1CCC(c3noc4cc(F)ccc34)CC1)CCCC2O
FOLIC ACID,CHEMBL1622,Nc1nc(=O)c2nc(CNc3ccc(C(=O)N[C@@H](CCC(=O)O)C(=O)O)cc3)cnc2[nH]1
MEPENZOLATE,CHEMBL524004,C[N+]1(C)CCCC(OC(=O)C(O)(c2ccccc2)c2ccccc2)C1
MECLIZINE,CHEMBL1623,Cc1cccc(CN2CCN(C(c3ccccc3)c3ccc(Cl)cc3)CC2)c1
LEVOTHYROXINE,CHEMBL1624,N[C@@H](Cc1cc(I)c(Oc2cc(I)c(O)c(I)c2)c(I)c1)C(=O)O
TEMOPORFIN,CHEMBL500576,Oc1cccc(-c2c3nc(c(-c4cccc(O)c4)c4ccc([nH]4)c(-c4cccc(O)c4)c4nc(c(-c5cccc(O)c5)c5ccc2[nH]5)CC4)C=C3)c1
OXYBENZONE,CHEMBL1625,COc1ccc(C(=O)c2ccccc2)c(O)c1
CLEMASTINE,CHEMBL1626,CN1CCC[C@@H]1CCO[C@](C)(c1ccccc1)c1ccc(Cl)cc1
OLAPARIB,CHEMBL521686,O=C(c1cc(Cc2n[nH]c(=O)c3ccccc23)ccc1F)N1CCN(C(=O)C2CC2)CC1
GLUCOSAMINE,CHEMBL493287,N[C@H]1C(O)O[C@H](CO)[C@@H](O)[C@@H]1O
RALTEGRAVIR POTASSIUM,CHEMBL518520,Cc1nnc(C(=O)NC(C)(C)c2nc(C(=O)NCc3ccc(F)cc3)c([O-])c(=O)n2C)o1.[K+]
HEXYLRESORCINOL,CHEMBL443605,CCCCCCc1ccc(O)cc1O
XIMELAGATRAN,CHEMBL522038,CCOC(=O)CN[C@@H](C(=O)N1CC[C@H]1C(=O)NCc1ccc(/C(N)=N\O)cc1)C1CCCCC1
CEPHALOTHIN SODIUM,CHEMBL1632,CC(=O)OCC1=C(C(=O)[O-])N2C(=O)[C@@H](NC(=O)Cc3cccs3)[C@H]2SC1.[Na+]
KETOTIFEN FUMARATE,CHEMBL1633,CN1CCC(=C2c3ccccc3CC(=O)c3sccc32)CC1.O=C(O)/C=C/C(=O)O
LANINAMIVIR OCTANOATE,CHEMBL467058,CCCCCCCC(=O)OC[C@@H](O)[C@@H](OC)[C@@H]1OC(C(=O)O)=C[C@H](NC(=N)N)[C@H]1NC(C)=O
GEMCITABINE HYDROCHLORIDE,CHEMBL1637,Cl.Nc1ccn([C@@H]2O[C@H](CO)[C@@H](O)C2(F)F)c(=O)n1
ALISKIREN,CHEMBL1639,COCCCOc1cc(C[C@@H](C[C@H](N)[C@@H](O)C[C@H](C(=O)NCC(C)(C)C(N)=O)C(C)C)C(C)C)ccc1OC
TRYPAN BLUE,CHEMBL1640,Cc1cc(-c2ccc(/N=N/c3c(S(=O)(=O)[O-])cc4cc(S(=O)(=O)[O-])cc(N)c4c3O)c(C)c2)ccc1/N=N/c1c(S(=O)(=O)[O-])cc2cc(S(=O)(=O)[O-])cc(N)c2c1O.[Na+].[Na+].[Na+].[Na+]
HYDROCORTISONE PHOSPHORIC ACID,CHEMBL1641,C[C@]12CCC(=O)C=C1CC[C@@H]1[C@@H]2[C@@H](O)C[C@@]2(C)[C@H]1CC[C@]2(O)C(=O)COP(=O)(O)O
PLITIDEPSIN,CHEMBL451930,CC[C@H](C)[C@H]1NC(=O)[C@@H](NC(=O)[C@@H](CC(C)C)N(C)C(=O)[C@@H]2CCCN2C(=O)C(C)=O)[C@@H](C)OC(=O)[C@H](Cc2ccc(OC)cc2)N(C)C(=O)[C@@H]2CCCN2C(=O)[C@H](CC(C)C)NC(=O)[C@@H](C)C(=O)[C@H](C(C)C)OC(=O)C[C@@H]1O
IMATINIB MESYLATE,CHEMBL1642,CS(=O)(=O)O.Cc1ccc(NC(=O)c2ccc(CN3CCN(C)CC3)cc2)cc1Nc1nccc(-c2cccnc2)n1
RIBAVIRIN,CHEMBL1643,NC(=O)c1ncn([C@@H]2O[C@H](CO)[C@@H](O)[C@H]2O)n1
CEFADROXIL,CHEMBL1644,CC1=C(C(=O)O)N2C(=O)[C@@H](NC(=O)[C@H](N)c3ccc(O)cc3)[C@H]2SC1
ESTRONE SULFURIC ACID,CHEMBL494753,C[C@]12CC[C@@H]3c4ccc(OS(=O)(=O)O)cc4CC[C@H]3[C@@H]1CCC2=O
FLURPIRIDAZ,CHEMBL494622,CC(C)(C)n1ncc(OCc2ccc(COCCF)cc2)c(Cl)c1=O
INDOCYANINE GREEN,CHEMBL1646,CC1(C)C(/C=C/C=C/C=C/C=C2\N(CCCCS(=O)(=O)[O-])c3ccc4ccccc4c3C2(C)C)=[N+](CCCCS(=O)(=O)[O-])c2ccc3ccccc3c21.[Na+]
ISRADIPINE,CHEMBL1648,COC(=O)C1=C(C)NC(C)=C(C(=O)OC(C)C)C1c1cccc2nonc12
VORAPAXAR,CHEMBL493982,CCOC(=O)N[C@@H]1CC[C@@H]2[C@@H](C1)C[C@H]1C(=O)O[C@H](C)[C@H]1[C@H]2/C=C/c1ccc(-c2cccc(F)c2)cn1
CORTISONE ACETATE,CHEMBL1650,CC(=O)OCC(=O)[C@@]1(O)CC[C@H]2[C@@H]3CCC4=CC(=O)CC[C@]4(C)[C@H]3C(=O)C[C@@]21C
VINBARBITAL,CHEMBL503565,CC/C=C(\C)C1(CC)C(=O)NC(=O)NC1=O
HEPTABARBITAL,CHEMBL468837,CCC1(C2=CCCCCC2)C(=O)NC(=O)NC1=O
PAZOPANIB,CHEMBL477772,Cc1ccc(Nc2nccc(N(C)c3ccc4c(C)n(C)nc4c3)n2)cc1S(N)(=O)=O
AMBENONIUM,CHEMBL1652,CC[N+](CC)(CCNC(=O)C(=O)NCC[N+](CC)(CC)Cc1ccccc1Cl)Cc1ccccc1Cl
VOGLIBOSE,CHEMBL476960,OCC(CO)N[C@H]1C[C@](O)(CO)[C@@H](O)[C@H](O)[C@H]1O
VINCRISTINE SULFATE,CHEMBL501867,CC[C@]1(O)C[C@H]2CN(CCc3c([nH]c4ccccc34)[C@@](C(=O)OC)(c3cc4c(cc3OC)N(C=O)[C@H]3[C@@](O)(C(=O)OC)[C@H](OC(C)=O)[C@]5(CC)C=CCN6CC[C@]43[C@@H]65)C2)C1.O=S(=O)(O)O
PHENIRAMINE MALEATE,CHEMBL1653,CN(C)CCC(c1ccccc1)c1ccccn1.O=C(O)/C=C\C(=O)O
TRABECTEDIN,CHEMBL450449,COc1cc2c(cc1O)CCN[C@]21CS[C@@H]2c3c(OC(C)=O)c(C)c4c(c3[C@H](COC1=O)N1[C@@H]2[C@H]2c3c(cc(C)c(OC)c3O)C[C@@H]([C@@H]1O)N2C)OCO4
RISEDRONATE SODIUM,CHEMBL1654,O=P([O-])(O)C(O)(Cc1cccnc1)P(=O)(O)O.[Na+]
TOREMIFENE,CHEMBL1655,CN(C)CCOc1ccc(/C(=C(/CCCl)c2ccccc2)c2ccccc2)cc1
TAZAROTENE,CHEMBL1657,CCOC(=O)c1ccc(C#Cc2ccc3c(c2)C(C)(C)CCS3)nc1
RETAPAMULIN,CHEMBL1658,C=C[C@]1(C)C[C@@H](OC(=O)CS[C@@H]2C[C@H]3CC[C@@H](C2)N3C)[C@]2(C)[C@H](C)CC[C@]3(CCC(=O)[C@H]32)[C@@H](C)[C@@H]1O
CHLORPHENIRAMINE MALEATE,CHEMBL1659,CN(C)CCC(c1ccc(Cl)cc1)c1ccccn1.O=C(O)/C=C\C(=O)O
CEFTAROLINE FOSAMIL,CHEMBL501122,CCO/N=C(\C(=O)N[C@@H]1C(=O)N2C(C(=O)[O-])=C(Sc3nc(-c4cc[n+](C)cc4)cs3)CS[C@H]12)c1nsc(NP(=O)(O)O)n1
RIFAPENTINE,CHEMBL1660,CO[C@H]1/C=C/O[C@@]2(C)Oc3c(C)c(O)c4c(O)c(c(/C=N/N5CCN(C6CCCC6)CC5)c(O)c4c3C2=O)NC(=O)/C(C)=C\C=C\[C@H](C)[C@H](O)[C@@H](C)[C@@H](O)[C@@H](C)[C@H](OC(C)=O)[C@@H]1C
LACTITOL,CHEMBL1661,OC[C@@H](O)[C@@H](O[C@@H]1O[C@H](CO)[C@H](O)[C@H](O)[C@H]1O)[C@H](O)[C@@H](O)CO
SECNIDAZOLE,CHEMBL498847,Cc1ncc([N+](=O)[O-])n1CC(C)O
PERFLUTREN,CHEMBL1663,FC(F)(F)C(F)(F)C(F)(F)F
UMECLIDINIUM BROMIDE,CHEMBL523299,OC(c1ccccc1)(c1ccccc1)C12CC[N+](CCOCc3ccccc3)(CC1)CC2.[Br-]
PANOBINOSTAT,CHEMBL483254,Cc1[nH]c2ccccc2c1CCNCc1ccc(/C=C/C(=O)NO)cc1
AMOROLFINE,CHEMBL489411,CCC(C)(C)c1ccc(CC(C)CN2C[C@@H](C)O[C@@H](C)C2)cc1
FOSAMPRENAVIR,CHEMBL1664,CC(C)CN(C[C@@H](OP(=O)(O)O)[C@H](Cc1ccccc1)NC(=O)O[C@H]1CCOC1)S(=O)(=O)c1ccc(N)cc1
MICAFUNGIN,CHEMBL457547,CCCCCOc1ccc(-c2cc(-c3ccc(C(=O)N[C@H]4C[C@@H](O)[C@@H](O)NC(=O)[C@@H]5[C@@H](O)[C@@H](C)CN5C(=O)[C@H]([C@H](O)CC(N)=O)NC(=O)[C@H]([C@H](O)[C@@H](O)c5ccc(O)c(OS(=O)(=O)O)c5)NC(=O)[C@@H]5C[C@@H](O)CN5C(=O)[C@H]([C@@H](C)O)NC4=O)cc3)no2)cc1
RESCINNAMINE,CHEMBL1668,COC(=O)[C@H]1[C@H]2C[C@@H]3c4[nH]c5cc(OC)ccc5c4CCN3C[C@H]2C[C@@H](OC(=O)/C=C/c2cc(OC)c(OC)c(OC)c2)[C@@H]1OC
HEXAMETHYL PARAROSANILINE,CHEMBL459265,CN(C)c1ccc(C(=C2C=CC(=[N+](C)C)C=C2)c2ccc(N(C)C)cc2)cc1
MITOTANE,CHEMBL1670,Clc1ccc(C(c2ccccc2Cl)C(Cl)Cl)cc1
PROPRANOLOL HYDROCHLORIDE,CHEMBL1671,CC(C)NCC(O)COc1cccc2ccccc12.Cl
CEFPODOXIME,CHEMBL1672,COCC1=C(C(=O)O)N2C(=O)[C@@H](NC(=O)/C(=N\OC)c3csc(N)n3)[C@H]2SC1
CEFDITOREN PIVOXIL,CHEMBL454446,CO/N=C(\C(=O)N[C@@H]1C(=O)N2C(C(=O)OCOC(=O)C(C)(C)C)=C(/C=C\c3scnc3C)CS[C@H]12)c1csc(N)n1
MAVORIXAFOR,CHEMBL518924,NCCCCN(Cc1nc2ccccc2[nH]1)[C@H]1CCCc2cccnc21
VITAMIN A PALMITATE,CHEMBL1675,CCCCCCCCCCCCCCCC(=O)OC/C=C(C)/C=C/C=C(C)/C=C/C1=C(C)CCCC1(C)C
FLUTICASONE FUROATE,CHEMBL1676,C[C@@H]1C[C@H]2[C@@H]3C[C@H](F)C4=CC(=O)C=C[C@]4(C)[C@@]3(F)[C@@H](O)C[C@]2(C)[C@@]1(OC(=O)c1ccco1)C(=O)SCF
TACRINE HYDROCHLORIDE,CHEMBL1677,Cl.Nc1c2c(nc3ccccc13)CCCC2
DONEPEZIL HYDROCHLORIDE,CHEMBL1678,COc1cc2c(cc1OC)C(=O)C(CC1CCN(Cc3ccccc3)CC1)C2.Cl
CEFOPERAZONE,CHEMBL507674,CCN1CCN(C(=O)N[C@@H](C(=O)N[C@@H]2C(=O)N3C(C(=O)O)=C(CSc4nnnn4C)CS[C@H]23)c2ccc(O)cc2)C(=O)C1=O
LEUCOVORIN,CHEMBL1679,Nc1nc(=O)c2c([nH]1)NCC(CNc1ccc(C(=O)N[C@@H](CCC(=O)O)C(=O)O)cc1)N2C=O
IODOHIPPURATE,CHEMBL1681,O=C(O)CNC(=O)c1ccccc1I
SORBITOL,CHEMBL1682,OC[C@@H](O)[C@@H](O)[C@H](O)[C@@H](O)CO
NALFURAFINE HYDROCHLORIDE,CHEMBL490665,CN(C(=O)/C=C/c1ccoc1)[C@@H]1CC[C@@]2(O)[C@H]3Cc4ccc(O)c5c4[C@@]2(CCN3CC2CC2)[C@H]1O5.Cl
HYDROCORTISONE BUTYRATE,CHEMBL1683,CCCC(=O)O[C@]1(C(=O)CO)CC[C@H]2[C@@H]3CCC4=CC(=O)CC[C@]4(C)[C@H]3[C@@H](O)C[C@@]21C
ELAGOLIX SODIUM,CHEMBL502182,COc1cccc(-c2c(C)n(Cc3c(F)cccc3C(F)(F)F)c(=O)n(C[C@H](NCCCC(=O)[O-])c3ccccc3)c2=O)c1F.[Na+]
BENDROFLUMETHIAZIDE,CHEMBL1684,NS(=O)(=O)c1cc2c(cc1C(F)(F)F)NC(Cc1ccccc1)NS2(=O)=O
SULFISOMIDINE,CHEMBL485696,Cc1cc(NS(=O)(=O)c2ccc(N)cc2)nc(C)n1
CARBIMAZOLE,CHEMBL508102,CCOC(=O)n1ccn(C)c1=S
DEZOCINE,CHEMBL1685,C[C@@]12CCCCC[C@@H](Cc3ccc(O)cc31)[C@@H]2N
MARIBAVIR,CHEMBL515408,CC(C)Nc1nc2cc(Cl)c(Cl)cc2n1[C@H]1O[C@@H](CO)[C@H](O)[C@@H]1O
CRISABOROLE,CHEMBL484785,N#Cc1ccc(Oc2ccc3c(c2)COB3O)cc1
NINTEDANIB,CHEMBL502835,COC(=O)c1ccc2c(c1)NC(=O)/C2=C(\Nc1ccc(N(C)C(=O)CN2CCN(C)CC2)cc1)c1ccccc1
TOLAZOLINE HYDROCHLORIDE,CHEMBL1689,Cl.c1ccc(CC2=NCCN2)cc1
HYDROXYCHLOROQUINE SULFATE,CHEMBL1690,CCN(CCO)CCCC(C)Nc1ccnc2cc(Cl)ccc12.O=S(=O)(O)O
MEFLOQUINE HYDROCHLORIDE,CHEMBL535650,Cl.OC(c1cc(C(F)(F)F)nc2c(C(F)(F)F)cccc12)C1CCCCN1
BETAXOLOL HYDROCHLORIDE,CHEMBL1691,CC(C)NCC(O)COc1ccc(CCOCC2CC2)cc1.Cl
HYDRALAZINE HYDROCHLORIDE,CHEMBL542541,Cl.NNc1nncc2ccccc12
FINGOLIMOD HYDROCHLORIDE,CHEMBL544665,CCCCCCCCc1ccc(CCC(N)(CO)CO)cc1.Cl
IMIPRAMINE HYDROCHLORIDE,CHEMBL1692,CN(C)CCCN1c2ccccc2CCc2ccccc21.Cl
DIETHYLPROPION HYDROCHLORIDE,CHEMBL1693,CCN(CC)C(C)C(=O)c1ccccc1.Cl
BENAZEPRIL HYDROCHLORIDE,CHEMBL1694,CCOC(=O)[C@H](CCc1ccccc1)N[C@H]1CCc2ccccc2N(CC(=O)O)C1=O.Cl
TIAGABINE HYDROCHLORIDE,CHEMBL1695,Cc1ccsc1C(=CCCN1CCC[C@@H](C(=O)O)C1)c1sccc1C.Cl
DESIPRAMINE HYDROCHLORIDE,CHEMBL1696,CNCCCN1c2ccccc2CCc2ccccc21.Cl
DILTIAZEM HYDROCHLORIDE,CHEMBL1697,COc1ccc([C@@H]2Sc3ccccc3N(CCN(C)C)C(=O)[C@@H]2OC(C)=O)cc1.Cl
BUPROPION HYDROCHLORIDE,CHEMBL1698,CC(NC(C)(C)C)C(=O)c1cccc(Cl)c1.Cl
MEMANTINE HYDROCHLORIDE,CHEMBL1699,CC12CC3CC(C)(C1)CC(N)(C3)C2.Cl
SOTALOL HYDROCHLORIDE,CHEMBL1700,CC(C)NCC(O)c1ccc(NS(C)(=O)=O)cc1.Cl
MEPERIDINE HYDROCHLORIDE,CHEMBL1701,CCOC(=O)C1(c2ccccc2)CCN(C)CC1.Cl
ATOMOXETINE HYDROCHLORIDE,CHEMBL1702,CNCC[C@@H](Oc1ccccc1C)c1ccccc1.Cl
METFORMIN HYDROCHLORIDE,CHEMBL1703,CN(C)C(=N)NC(=N)N.Cl
CLONIDINE HYDROCHLORIDE,CHEMBL1705,Cl.Clc1cccc(Cl)c1NC1=NCCN1
NAPHAZOLINE HYDROCHLORIDE,CHEMBL1706,Cl.c1ccc2c(CC3=NCCN3)cccc2c1
LOPERAMIDE HYDROCHLORIDE,CHEMBL1707,CN(C)C(=O)C(CCN1CCC(O)(c2ccc(Cl)cc2)CC1)(c1ccccc1)c1ccccc1.Cl
SERTRALINE HYDROCHLORIDE,CHEMBL1709,CN[C@H]1CC[C@@H](c2ccc(Cl)c(Cl)c2)c2ccccc21.Cl
RIMANTADINE HYDROCHLORIDE,CHEMBL535396,CC(N)C12CC3CC(CC(C3)C1)C2.Cl
ISOPROTERENOL HYDROCHLORIDE,CHEMBL1711,CC(C)NCC(O)c1ccc(O)c(O)c1.Cl
CHLORPROMAZINE HYDROCHLORIDE,CHEMBL1713,CN(C)CCCN1c2ccccc2Sc2ccc(Cl)cc21.Cl
KETAMINE HYDROCHLORIDE,CHEMBL1714,CNC1(c2ccccc2Cl)CCCCC1=O.Cl
PIOGLITAZONE HYDROCHLORIDE,CHEMBL1715,CCc1ccc(CCOc2ccc(CC3SC(=O)NC3=O)cc2)nc1.Cl
CYPROHEPTADINE HYDROCHLORIDE,CHEMBL1716,CN1CCC(=C2c3ccccc3C=Cc3ccccc32)CC1.Cl
TICLOPIDINE HYDROCHLORIDE,CHEMBL1717,Cl.Clc1ccccc1CN1CCc2sccc2C1
NALOXONE HYDROCHLORIDE,CHEMBL1718,C=CCN1CC[C@]23c4c5ccc(O)c4O[C@H]2C(=O)CC[C@@]3(O)[C@H]1C5.Cl
TERODILINE HYDROCHLORIDE,CHEMBL539770,CC(CC(c1ccccc1)c1ccccc1)NC(C)(C)C.Cl
OLOPATADINE HYDROCHLORIDE,CHEMBL1719,CN(C)CC/C=C1/c2ccccc2COc2ccc(CC(=O)O)cc21.Cl
PALONOSETRON HYDROCHLORIDE,CHEMBL1720,Cl.O=C1c2cccc3c2[C@H](CCC3)CN1[C@@H]1CN2CCC1CC2
METHYLPHENIDATE HYDROCHLORIDE,CHEMBL1722,COC(=O)C(c1ccccc1)C1CCCCN1.Cl
ALFUZOSIN HYDROCHLORIDE,CHEMBL1723,COc1cc2nc(N(C)CCCNC(=O)C3CCCO3)nc(N)c2cc1OC.Cl
MEPENZOLATE BROMIDE,CHEMBL1724,C[N+]1(C)CCCC(OC(=O)C(O)(c2ccccc2)c2ccccc2)C1.[Br-]
IOPROMIDE,CHEMBL1725,COCC(=O)Nc1c(I)c(C(=O)NCC(O)CO)c(I)c(C(=O)N(C)CC(O)CO)c1I
NISOLDIPINE,CHEMBL1726,COC(=O)C1=C(C)NC(C)=C(C(=O)OCC(C)C)C1c1ccccc1[N+](=O)[O-]
CEPHALEXIN ANHYDROUS,CHEMBL1727,CC1=C(C(=O)O)N2C(=O)[C@@H](NC(=O)[C@H](N)c3ccccc3)[C@H]2SC1
LOMEFLOXACIN HYDROCHLORIDE,CHEMBL1728,CCn1cc(C(=O)O)c(=O)c2cc(F)c(N3CCNC(C)C3)c(F)c21.Cl
CISAPRIDE,CHEMBL1729,COc1cc(N)c(Cl)cc1C(=O)NC1CCN(CCCOc2ccc(F)cc2)CC1OC
TREPROSTINIL SODIUM,CHEMBL561157,CCCCC[C@H](O)CC[C@@H]1[C@H]2Cc3cccc(OCC(=O)[O-])c3C[C@H]2C[C@H]1O.[Na+]
CEFOTAXIME,CHEMBL1730,CO/N=C(\C(=O)N[C@@H]1C(=O)N2C(C(=O)O)=C(COC(C)=O)CS[C@H]12)c1csc(N)n1
MEZLOCILLIN,CHEMBL1731,CC1(C)S[C@@H]2[C@H](NC(=O)[C@H](NC(=O)N3CCN(S(C)(=O)=O)C3=O)c3ccccc3)C(=O)N2[C@H]1C(=O)O
DIHYDROERGOTAMINE,CHEMBL1732,CN1C[C@H](C(=O)N[C@]2(C)O[C@@]3(O)[C@@H]4CCCN4C(=O)[C@H](Cc4ccccc4)N3C2=O)C[C@@H]2c3cccc4[nH]cc(c34)C[C@H]21
TROLEANDOMYCIN,CHEMBL564085,CO[C@H]1C[C@H](O[C@H]2[C@H](C)[C@@H](O[C@@H]3O[C@H](C)C[C@H](N(C)C)[C@H]3OC(C)=O)[C@@H](C)C[C@@]3(CO3)C(=O)[C@H](C)[C@@H](OC(C)=O)[C@@H](C)[C@@H](C)OC(=O)[C@@H]2C)O[C@@H](C)[C@@H]1OC(C)=O
VINORELBINE,CHEMBL553025,CCC1=C[C@@H]2CN(C1)Cc1c([nH]c3ccccc13)[C@@](C(=O)OC)(c1cc3c(cc1OC)N(C)[C@H]1[C@@](O)(C(=O)OC)[C@H](OC(C)=O)[C@]4(CC)C=CCN5CC[C@]31[C@@H]54)C2
DABIGATRAN ETEXILATE,CHEMBL539697,CCCCCCOC(=O)NC(=N)c1ccc(NCc2nc3cc(C(=O)N(CCC(=O)OCC)c4ccccn4)ccc3n2C)cc1
SOLIFENACIN,CHEMBL1734,O=C(O[C@H]1CN2CCC1CC2)N1CCc2ccccc2[C@@H]1c1ccccc1
ACLIDINIUM BROMIDE,CHEMBL551466,O=C(O[C@H]1C[N+]2(CCCOc3ccccc3)CCC1CC2)C(O)(c1cccs1)c1cccs1.[Br-]
INDINAVIR SULFATE,CHEMBL1735,CC(C)(C)NC(=O)[C@@H]1CN(Cc2cccnc2)CCN1C[C@@H](O)C[C@@H](Cc1ccccc1)C(=O)N[C@H]1c2ccccc2C[C@H]1O.O=S(=O)(O)O
METHYLENE BLUE,CHEMBL550495,CN(C)c1ccc2nc3ccc(=[N+](C)C)cc-3sc2c1.O.O.O.[Cl-]
METRIZOIC ACID,CHEMBL1736,CC(=O)Nc1c(I)c(C(=O)O)c(I)c(N(C)C(C)=O)c1I
CIPROFIBRATE,CHEMBL557555,CC(C)(Oc1ccc(C2CC2(Cl)Cl)cc1)C(=O)O
VINORELBINE TARTRATE,CHEMBL538943,CCC1=C[C@@H]2CN(C1)Cc1c([nH]c3ccccc13)[C@@](C(=O)OC)(c1cc3c(cc1OC)N(C)[C@H]1[C@@](O)(C(=O)OC)[C@H](OC(C)=O)[C@]4(CC)C=CCN5CC[C@]31[C@@H]54)C2.O=C(O)C(O)C(O)C(=O)O.O=C(O)C(O)C(O)C(=O)O
SILDENAFIL CITRATE,CHEMBL1737,CCCc1nn(C)c2c(=O)[nH]c(-c3cc(S(=O)(=O)N4CCN(C)CC4)ccc3OCC)nc12.O=C(O)CC(O)(CC(=O)O)C(=O)O
DEFERASIROX,CHEMBL550348,O=C(O)c1ccc(-n2nc(-c3ccccc3O)nc2-c2ccccc2O)cc1
FORODESINE HYDROCHLORIDE,CHEMBL550755,Cl.O=c1[nH]cnc2c([C@@H]3N[C@H](CO)[C@@H](O)[C@H]3O)c[nH]c12
DEXRAZOXANE,CHEMBL1738,C[C@@H](CN1CC(=O)NC(=O)C1)N1CC(=O)NC(=O)C1
METOCURINE IODIDE,CHEMBL1739,COc1ccc2cc1Oc1cc3c(cc1OC)CC[N+](C)(C)[C@H]3Cc1ccc(cc1)Oc1c(OC)c(OC)cc3c1[C@@H](C2)[N+](C)(C)CC3.[I-].[I-]
CLARITHROMYCIN,CHEMBL1741,CC[C@H]1OC(=O)[C@H](C)[C@@H](O[C@H]2C[C@@](C)(OC)[C@@H](O)[C@H](C)O2)[C@H](C)[C@@H](O[C@@H]2O[C@H](C)C[C@H](N(C)C)[C@H]2O)[C@](C)(OC)C[C@@H](C)C(=O)[C@H](C)[C@@H](O)[C@]1(C)O
QUIZARTINIB,CHEMBL576982,CC(C)(C)c1cc(NC(=O)Nc2ccc(-c3cn4c(n3)sc3cc(OCCN5CCOCC5)ccc34)cc2)no1
ARTEMETHER,CHEMBL566534,CO[C@H]1O[C@@H]2O[C@@]3(C)CC[C@H]4[C@H](C)CC[C@@H]([C@H]1C)[C@@]24OO3
OBETICHOLIC ACID,CHEMBL566315,CC[C@H]1[C@@H](O)[C@@H]2[C@H](CC[C@]3(C)[C@@H]([C@H](C)CCC(=O)O)CC[C@@H]23)[C@@]2(C)CC[C@@H](O)C[C@@H]12
FLORBETABEN F18,CHEMBL566752,CNc1ccc(/C=C/c2ccc(OCCOCCOCC[18F])cc2)cc1
FLUMEXADOL,CHEMBL578767,FC(F)(F)c1cccc(C2CNCCO2)c1
SODIUM PHENYLBUTYRATE,CHEMBL1746,O=C([O-])CCCc1ccccc1.[Na+]
FLUTEMETAMOL,CHEMBL579205,CNc1ccc(-c2nc3ccc(O)cc3s2)cc1F
TOBRAMYCIN,CHEMBL1747,NC[C@H]1O[C@H](O[C@H]2[C@H](O)[C@@H](O[C@H]3O[C@H](CO)[C@@H](O)[C@H](N)[C@H]3O)[C@H](N)C[C@@H]2N)[C@H](N)C[C@@H]1O
SCOPOLAMINE,CHEMBL569713,CN1[C@@H]2C[C@@H](OC(=O)[C@H](CO)c3ccccc3)C[C@H]1[C@@H]1O[C@@H]12
TIRBANIBULIN,CHEMBL571546,O=C(Cc1ccc(-c2ccc(OCCN3CCOCC3)cc2)cn1)NCc1ccccc1
EDETATE DISODIUM ANHYDROUS,CHEMBL1749,O=C([O-])CN(CCN(CC(=O)[O-])CC(=O)O)CC(=O)O.[Na+].[Na+]
CLOFARABINE,CHEMBL1750,Nc1nc(Cl)nc2c1ncn2[C@@H]1O[C@H](CO)[C@@H](O)[C@@H]1F
FENSPIRIDE,CHEMBL576127,O=C1NCC2(CCN(CCc3ccccc3)CC2)O1
DIGOXIN,CHEMBL1751,C[C@H]1O[C@@H](O[C@H]2[C@@H](O)C[C@H](O[C@H]3[C@@H](O)C[C@H](O[C@H]4CC[C@@]5(C)[C@H](CC[C@@H]6[C@@H]5C[C@@H](O)[C@]5(C)[C@@H](C7=CC(=O)OC7)CC[C@]65O)C4)O[C@@H]3C)O[C@@H]2C)C[C@H](O)[C@@H]1O
DYPHYLLINE,CHEMBL1752,Cn1c(=O)c2c(ncn2CC(O)CO)n(C)c1=O
CLINDAMYCIN,CHEMBL1753,CCC[C@@H]1C[C@@H](C(=O)N[C@@H]([C@H]2O[C@H](SC)[C@H](O)[C@@H](O)[C@H]2O)[C@H](C)Cl)N(C)C1
DOXAPRAM,CHEMBL1754,CCN1CC(CCN2CCOCC2)C(c2ccccc2)(c2ccccc2)C1=O
CONIVAPTAN,CHEMBL1755,Cc1nc2c([nH]1)-c1ccccc1N(C(=O)c1ccc(NC(=O)c3ccccc3-c3ccccc3)cc1)CC2
ESTRAMUSTINE PHOSPHATE,CHEMBL1756,C[C@]12CC[C@@H]3c4ccc(OC(=O)N(CCCl)CCCl)cc4CC[C@H]3[C@@H]1CC[C@@H]2OP(=O)(O)O
FOSFOMYCIN,CHEMBL1757,C[C@@H]1O[C@@H]1P(=O)(O)O
TERBUTALINE,CHEMBL1760,CC(C)(C)NCC(O)c1cc(O)cc(O)c1
PROCYCLIDINE HYDROCHLORIDE,CHEMBL1761,Cl.OC(CCN1CCCC1)(c1ccccc1)C1CCCCC1
TOCAINIDE,CHEMBL1762,Cc1cccc(C)c1NC(=O)C(C)N
HYDROFLUMETHIAZIDE,CHEMBL1763,NS(=O)(=O)c1cc2c(cc1C(F)(F)F)NCNS2(=O)=O
LEVOMEPROMAZINE,CHEMBL1764,COc1ccc2c(c1)N(C[C@H](C)CN(C)C)c1ccccc1S2
DESOXIMETASONE,CHEMBL1766,C[C@@H]1C[C@H]2[C@@H]3CCC4=CC(=O)C=C[C@]4(C)[C@@]3(F)[C@@H](O)C[C@]2(C)[C@H]1C(=O)CO
BETHANECHOL CHLORIDE,CHEMBL1768,CC(C[N+](C)(C)C)OC(N)=O.[Cl-]
PROPOXYCAINE HYDROCHLORIDE,CHEMBL1769,CCCOc1cc(N)ccc1C(=O)OCCN(CC)CC.Cl
LEVAMISOLE HYDROCHLORIDE,CHEMBL1770,Cl.c1ccc([C@H]2CN3CCSC3=N2)cc1
SODIUM ASCORBATE,CHEMBL591665,O=C1O[C@H]([C@@H](O)CO)C([O-])=C1O.[Na+]
CLOPIDOGREL,CHEMBL1771,COC(=O)[C@H](c1ccccc1Cl)N1CCc2sccc2C1
CAPECITABINE,CHEMBL1773,CCCCCOC(=O)Nc1nc(=O)n([C@@H]2O[C@H](C)[C@@H](O)[C@H]2O)cc1F
MONOMETHYL FUMARATE,CHEMBL589586,COC(=O)/C=C/C(=O)O
CRIZOTINIB,CHEMBL601719,C[C@@H](Oc1cc(-c2cnn(C3CCNCC3)c2)cnc1N)c1c(Cl)ccc(F)c1Cl
OLODATEROL,CHEMBL605846,COc1ccc(CC(C)(C)NC[C@H](O)c2cc(O)cc3c2OCC(=O)N3)cc1
CHLORPHENESIN CARBAMATE,CHEMBL607710,NC(=O)OCC(O)COc1ccc(Cl)cc1
CARBENICILLIN DISODIUM,CHEMBL606260,CC1(C)S[C@@H]2[C@H](NC(=O)C(C(=O)[O-])c3ccccc3)C(=O)N2[C@H]1C(=O)[O-].[Na+].[Na+]
MIDOSTAURIN,CHEMBL608533,CO[C@@H]1[C@H](N(C)C(=O)c2ccccc2)C[C@H]2O[C@]1(C)n1c3ccccc3c3c4c(c5c6ccccc6n2c5c31)C(=O)NC4
BRIVARACETAM,CHEMBL607400,CCC[C@@H]1CC(=O)N([C@@H](CC)C(N)=O)C1
IMIPENEM,CHEMBL43708,C[C@@H](O)[C@H]1C(=O)N2C(C(=O)O)=C(SCCNC=N)C[C@H]12.O
ERLOTINIB HYDROCHLORIDE,CHEMBL1079742,C#Cc1cccc(Nc2ncnc3cc(OCCOC)c(OCCOC)cc23)c1.Cl
METAXALONE,CHEMBL1079604,Cc1cc(C)cc(OCC2CNC(=O)O2)c1
VARENICLINE,CHEMBL1076903,c1cnc2cc3c(cc2n1)[C@@H]1CNC[C@H]3C1
MOMELOTINIB,CHEMBL1078178,N#CCNC(=O)c1ccc(-c2ccnc(Nc3ccc(N4CCOCC4)cc3)n2)cc1
PROPIVERINE,CHEMBL1078261,CCCOC(C(=O)OC1CCN(C)CC1)(c1ccccc1)c1ccccc1
ROPIVACAINE,CHEMBL1077896,CCCN1CCCC[C@H]1C(=O)Nc1c(C)cccc1C
BENDAZAC,CHEMBL1089221,O=C(O)COc1nn(Cc2ccccc2)c2ccccc12
OPICAPONE,CHEMBL1089318,Cc1c(Cl)c(C)[n+]([O-])c(Cl)c1-c1noc(-c2cc(O)c(O)c([N+](=O)[O-])c2)n1
TRYPAN BLUE FREE ACID,CHEMBL1089641,Cc1cc(-c2ccc(/N=N/c3c(S(=O)(=O)O)cc4cc(S(=O)(=O)O)cc(N)c4c3O)c(C)c2)ccc1/N=N/c1c(S(=O)(=O)O)cc2cc(S(=O)(=O)O)cc(N)c2c1O
INDIGOTINDISULFONATE,CHEMBL1091250,O=C1/C(=C2\Nc3ccc(S(=O)(=O)O)cc3C2=O)Nc2ccc(S(=O)(=O)O)cc21
METHYL AMINOLEVULINATE,CHEMBL1096562,COC(=O)CCC(=O)CN
FLUDARABINE PHOSPHATE,CHEMBL1096882,Nc1nc(F)nc2c1ncn2[C@@H]1O[C@H](COP(=O)(O)O)[C@@H](O)[C@@H]1O
IOTHALAMATE SODIUM,CHEMBL1097620,CNC(=O)c1c(I)c(NC(C)=O)c(I)c(C(=O)[O-])c1I.[Na+]
PIRBUTEROL,CHEMBL1094966,CC(C)(C)NCC(O)c1ccc(O)c(CO)n1
VALRUBICIN,CHEMBL1096885,CCCCC(=O)OCC(=O)[C@]1(O)Cc2c(O)c3c(c(O)c2[C@@H](O[C@H]2C[C@H](NC(=O)C(F)(F)F)[C@H](O)[C@H](C)O2)C1)C(=O)c1c(OC)cccc1C3=O
NIRAPARIB,CHEMBL1094636,NC(=O)c1cccc2cn(-c3ccc([C@@H]4CCCNC4)cc3)nc12
BRETYLIUM TOSYLATE,CHEMBL1095292,CC[N+](C)(C)Cc1ccccc1Br.Cc1ccc(S(=O)(=O)[O-])cc1
CEFUROXIME AXETIL,CHEMBL1095930,CO/N=C(\C(=O)N[C@@H]1C(=O)N2C(C(=O)OC(C)OC(C)=O)=C(COC(N)=O)CS[C@H]12)c1ccco1
2-MERCAPTOETHANESULFONIC ACID,CHEMBL1098319,O=S(=O)(O)CCS
DISTIGMINE BROMIDE,CHEMBL1098285,CN(CCCCCCN(C)C(=O)Oc1ccc[n+](C)c1)C(=O)Oc1ccc[n+](C)c1.[Br-].[Br-]
INDACATEROL,CHEMBL1095777,CCc1cc2c(cc1CC)CC(NC[C@H](O)c1ccc(O)c3[nH]c(=O)ccc13)C2
CANGRELOR TETRASODIUM,CHEMBL1097279,CSCCNc1nc(SCCC(F)(F)F)nc2c1ncn2[C@@H]1O[C@H](COP(=O)([O-])OP(=O)([O-])C(Cl)(Cl)P(=O)([O-])[O-])[C@@H](O)[C@H]1O.[Na+].[Na+].[Na+].[Na+]
EPLERENONE,CHEMBL1095097,COC(=O)[C@@H]1CC2=CC(=O)CC[C@]2(C)[C@@]23O[C@@H]2C[C@@]2(C)[C@@H](CC[C@@]24CCC(=O)O4)[C@H]13
WATER,CHEMBL1098659,O
PONESIMOD,CHEMBL1096146,CCC/N=C1\S/C(=C\c2ccc(OC[C@H](O)CO)c(Cl)c2)C(=O)N1c1ccccc1C
SUVOREXANT,CHEMBL1083659,Cc1ccc(-n2nccn2)c(C(=O)N2CCN(c3nc4cc(Cl)ccc4o3)CC[C@H]2C)c1
CLOPIDOGREL BISULFATE,CHEMBL1083385,COC(=O)[C@H](c1ccccc1Cl)N1CCc2sccc2C1.O=S(=O)(O)O
AMIODARONE HYDROCHLORIDE,CHEMBL1083993,CCCCc1oc2ccccc2c1C(=O)c1cc(I)c(OCCN(CC)CC)c(I)c1.Cl
TRICLABENDAZOLE,CHEMBL1086440,CSc1nc2cc(Cl)c(Oc3cccc(Cl)c3Cl)cc2[nH]1
ENZALUTAMIDE,CHEMBL1082407,CNC(=O)c1ccc(N2C(=S)N(c3ccc(C#N)c(C(F)(F)F)c3)C(=O)C2(C)C)cc1F
SALMETEROL XINAFOATE,CHEMBL1082607,O=C(O)c1ccc2ccccc2c1O.OCc1cc(C(O)CNCCCCCCOCCCCc2ccccc2)ccc1O
VILANTEROL TRIFENATATE,CHEMBL1084172,O=C(O)C(c1ccccc1)(c1ccccc1)c1ccccc1.OCc1cc([C@@H](O)CNCCCCCCOCCOCc2c(Cl)cccc2Cl)ccc1O
CLOBETASOL PROPIONATE,CHEMBL1159650,CCC(=O)O[C@]1(C(=O)CCl)[C@@H](C)C[C@H]2[C@@H]3CCC4=CC(=O)C=C[C@]4(C)[C@@]3(F)[C@@H](O)C[C@@]21C
"AMMONIA SOLUTION, STRONG",CHEMBL1160819,N
NITROUS ACID,CHEMBL1161681,O=NO
VINCAMINE,CHEMBL1165342,CC[C@]12CCCN3CCc4c(n(c5ccccc45)[C@@](O)(C(=O)OC)C1)[C@@H]32
IODIPAMIDE,CHEMBL1165268,O=C(CCCCC(=O)Nc1c(I)cc(I)c(C(=O)O)c1I)Nc1c(I)cc(I)c(C(=O)O)c1I
FEBUXOSTAT,CHEMBL1164729,Cc1nc(-c2ccc(OCC(C)C)c(C#N)c2)sc1C(=O)O
PONATINIB,CHEMBL1171837,Cc1ccc(C(=O)Nc2ccc(CN3CCN(C)CC3)c(C(F)(F)F)c2)cc1C#Cc1cnc2cccnn12
AFATINIB,CHEMBL1173655,CN(C)C/C=C/C(=O)Nc1cc2c(Nc3ccc(F)c(Cl)c3)ncnc2cc1O[C@H]1CCOC1
RUCAPARIB,CHEMBL1173055,CNCc1ccc(-c2[nH]c3cc(F)cc4c3c2CCNC4=O)cc1
CHLOROPROCAINE,CHEMBL1179047,CCN(CC)CCOC(=O)c1ccc(N)cc1Cl
PROPANTHELINE,CHEMBL1180725,CC(C)[N+](C)(CCOC(=O)C1c2ccccc2Oc2ccccc21)C(C)C
MIVACURIUM,CHEMBL1182833,COc1cc2c(cc1OC)[C@@H](Cc1cc(OC)c(OC)c(OC)c1)[N+](C)(CCCOC(=O)CC/C=C/CCC(=O)OCCC[N+]1(C)CCc3cc(OC)c(OC)cc3[C@H]1Cc1cc(OC)c(OC)c(OC)c1)CC2
ISAVUCONAZONIUM,CHEMBL1183349,CNCC(=O)OCc1cccnc1N(C)C(=O)OC(C)[n+]1cnn(C[C@](O)(c2cc(F)ccc2F)[C@@H](C)c2nc(-c3ccc(C#N)cc3)cs2)c1
ALMITRINE,CHEMBL1183717,C=CCNc1nc(NCC=C)nc(N2CCN(C(c3ccc(F)cc3)c3ccc(F)cc3)CC2)n1
DIAMTHAZOLE,CHEMBL1184360,CCN(CC)CCOc1ccc2nc(N(C)C)sc2c1
DITHIAZANINE,CHEMBL1185568,CCN1C(=CC=CC=Cc2sc3ccccc3[n+]2CC)Sc2ccccc21
METHYLNALTREXONE,CHEMBL1186579,C[N+]1(CC2CC2)CC[C@]23c4c5ccc(O)c4O[C@H]2C(=O)CC[C@@]3(O)[C@H]1C5
ANISOTROPINE,CHEMBL1186610,CCCC(CCC)C(=O)O[C@H]1C[C@H]2CC[C@@H](C1)[N+]2(C)C
UMECLIDINIUM,CHEMBL1187833,OC(c1ccccc1)(c1ccccc1)C12CC[N+](CCOCc3ccccc3)(CC1)CC2
OLOPATADINE,CHEMBL1189432,CN(C)CC/C=C1/c2ccccc2COc2ccc(CC(=O)O)cc21
PALONOSETRON,CHEMBL1189679,O=C1c2cccc3c2[C@H](CCC3)CN1[C@@H]1CN2CCC1CC2
ACLIDINIUM,CHEMBL1194325,O=C(O[C@H]1C[N+]2(CCCOc3ccccc3)CCC1CC2)C(O)(c1cccs1)c1cccs1
DIETHYLPROPION,CHEMBL1194666,CCN(CC)C(C)C(=O)c1ccccc1
VILANTEROL,CHEMBL1198857,OCc1cc([C@@H](O)CNCCCCCCOCCOCc2c(Cl)cccc2Cl)ccc1O
BRETYLIUM,CHEMBL1199080,CC[N+](C)(C)Cc1ccccc1Br
DISTIGMINE,CHEMBL1199307,CN(CCCCCCN(C)C(=O)Oc1ccc[n+](C)c1)C(=O)Oc1ccc[n+](C)c1
FOSAPREPITANT,CHEMBL1199324,C[C@@H](O[C@H]1OCCN(Cc2nn(P(=O)(O)O)c(=O)[nH]2)[C@H]1c1ccc(F)cc1)c1cc(C(F)(F)F)cc(C(F)(F)F)c1
SULFISOXAZOLE DIOLAMINE,CHEMBL1200321,Cc1noc(NS(=O)(=O)c2ccc(N)cc2)c1C.OCCNCCO
ESCITALOPRAM OXALATE,CHEMBL1200322,CN(C)CCC[C@@]1(c2ccc(F)cc2)OCc2cc(C#N)ccc21.O=C(O)C(=O)O
LABETALOL HYDROCHLORIDE,CHEMBL1200323,CC(CCc1ccccc1)NCC(O)c1ccc(O)c(C(N)=O)c1.Cl
NICARDIPINE HYDROCHLORIDE,CHEMBL1200326,COC(=O)C1=C(C)NC(C)=C(C(=O)OCCN(C)Cc2ccccc2)C1c1cccc([N+](=O)[O-])c1.Cl
DULOXETINE HYDROCHLORIDE,CHEMBL1200328,CNCC[C@H](Oc1cccc2ccccc12)c1cccs1.Cl
TIZANIDINE HYDROCHLORIDE,CHEMBL1200329,Cl.Clc1ccc2nsnc2c1NC1=NCCN1
PILOCARPINE HYDROCHLORIDE,CHEMBL1200330,CC[C@@H]1C(=O)OC[C@@H]1Cc1cncn1C.Cl
FOSFOMYCIN TROMETHAMINE,CHEMBL1200331,C[C@@H]1O[C@@H]1P(=O)(O)O.NC(CO)(CO)CO
PROTRIPTYLINE HYDROCHLORIDE,CHEMBL1200332,CNCCCC1c2ccccc2C=Cc2ccccc21.Cl
MORICIZINE HYDROCHLORIDE,CHEMBL1200334,CCOC(=O)Nc1ccc2c(c1)N(C(=O)CCN1CCOCC1)c1ccccc1S2.Cl
TESTOSTERONE ENANTHATE,CHEMBL1200335,CCCCCCC(=O)O[C@H]1CC[C@H]2[C@@H]3CCC4=CC(=O)CC[C@]4(C)[C@H]3CC[C@]12C
PINACIDIL,CHEMBL1200338,CC(N/C(=N\C#N)Nc1ccncc1)C(C)(C)C.O
PHENYLEPHRINE HYDROCHLORIDE,CHEMBL1200339,CNC[C@H](O)c1cccc(O)c1.Cl
OSELTAMIVIR PHOSPHATE,CHEMBL1200340,CCOC(=O)C1=C[C@@H](OC(CC)CC)[C@H](NC(C)=O)[C@@H](N)C1.O=P(O)(O)O
INDECAINIDE HYDROCHLORIDE,CHEMBL1200341,CC(C)NCCCC1(C(N)=O)c2ccccc2-c2ccccc21.Cl
PARAMETHASONE ACETATE,CHEMBL1200342,CC(=O)OCC(=O)[C@@]1(O)[C@H](C)C[C@H]2[C@@H]3C[C@H](F)C4=CC(=O)C=C[C@]4(C)[C@H]3[C@@H](O)C[C@@]21C
PERINDOPRIL ERBUMINE,CHEMBL1200343,CC(C)(C)N.CCC[C@H](N[C@@H](C)C(=O)N1[C@H](C(=O)O)C[C@@H]2CCCC[C@@H]21)C(=O)OCC
SODIUM SUCCINATE,CHEMBL1200345,O=C([O-])CCC(=O)O.[Na+]
ISOPROPAMIDE IODIDE,CHEMBL1200347,CC(C)[N+](C)(CCC(C(N)=O)(c1ccccc1)c1ccccc1)C(C)C.[I-]
SULCONAZOLE NITRATE,CHEMBL1200348,Clc1ccc(CSC(Cn2ccnc2)c2ccc(Cl)cc2Cl)cc1.O=[N+]([O-])O
IODIPAMIDE SODIUM,CHEMBL1200350,O=C(CCCCC(=O)Nc1c(I)cc(I)c(C(=O)[O-])c1I)Nc1c(I)cc(I)c(C(=O)[O-])c1I.[Na+].[Na+]
SULFADIAZINE SODIUM,CHEMBL1200351,Nc1ccc(S(=O)(=O)[N-]c2ncccn2)cc1.[Na+]
MEGLUMINE METRIZOATE,CHEMBL1200353,CC(=O)Nc1c(I)c(C(=O)O)c(I)c(N(C)C(C)=O)c1I.CNC[C@H](O)[C@@H](O)[C@H](O)[C@H](O)CO
SODIUM TETRADECYL SULFATE,CHEMBL1200354,CCCCC(CC)CCC(CC(C)C)OS(=O)(=O)[O-].[Na+]
CYCLACILLIN,CHEMBL1200356,CC1(C)S[C@@H]2[C@H](NC(=O)C3(N)CCCCC3)C(=O)N2[C@H]1C(=O)O
MOXALACTAM DISODIUM,CHEMBL1200357,CO[C@@]1(NC(=O)C(C(=O)[O-])c2ccc(O)cc2)C(=O)N2C(C(=O)[O-])=C(CSc3nnnn3C)CO[C@@H]21.[Na+].[Na+]
SODIUM PHENYLACETATE,CHEMBL1200358,O=C([O-])Cc1ccccc1.[Na+]
SULFAMETER,CHEMBL1200359,COc1cnc(NS(=O)(=O)c2ccc(N)cc2)nc1
IOFETAMINE HYDROCHLORIDE I 123,CHEMBL1200360,CC(C)NC(C)Cc1ccc([123I])cc1.Cl
AMINOHIPPURATE SODIUM,CHEMBL1200365,Nc1ccc(C(=O)NCC(=O)[O-])cc1.[Na+]
CEPHALEXIN HYDROCHLORIDE,CHEMBL1200366,CC1=C(C(=O)O)N2C(=O)[C@@H](NC(=O)[C@H](N)c3ccccc3)[C@H]2SC1.Cl.O
ECHOTHIOPHATE IODIDE,CHEMBL1200367,CCOP(=O)(OCC)SCC[N+](C)(C)C.[I-]
BENTIROMIDE,CHEMBL1200368,O=C(O)c1ccc(NC(=O)[C@H](Cc2ccc(O)cc2)NC(=O)c2ccccc2)cc1
BENZOYL PEROXIDE,CHEMBL1200370,O=C(OOC(=O)c1ccccc1)c1ccccc1
EXEMESTANE,CHEMBL1200374,C=C1C[C@@H]2[C@H](CC[C@]3(C)C(=O)CC[C@@H]23)[C@@]2(C)C=CC(=O)C=C12
EDETATE CALCIUM DISODIUM ANHYDROUS,CHEMBL1200375,O=C([O-])CN(CCN(CC(=O)[O-])CC(=O)[O-])CC(=O)[O-].[Ca+2].[Na+].[Na+]
BETAMETHASONE BENZOATE,CHEMBL1200376,C[C@H]1C[C@H]2[C@@H]3CCC4=CC(=O)C=C[C@]4(C)[C@@]3(F)[C@@H](O)C[C@]2(C)[C@@]1(OC(=O)c1ccccc1)C(=O)CO
AMPHETAMINE ASPARTATE,CHEMBL1200377,CC(N)Cc1ccccc1.NC(CC(=O)O)C(=O)O
APRACLONIDINE HYDROCHLORIDE,CHEMBL1200379,Cl.Nc1cc(Cl)c(N=C2NCCN2)c(Cl)c1
ACYCLOVIR SODIUM,CHEMBL1200380,Nc1nc([O-])c2ncn(COCCO)c2n1.[Na+]
ARGININE HYDROCHLORIDE,CHEMBL1200381,Cl.N=C(N)NCCC[C@H](N)C(=O)O
BEPRIDIL HYDROCHLORIDE,CHEMBL1200382,CC(C)COCC(CN(Cc1ccccc1)c1ccccc1)N1CCCC1.Cl.O
BENZTROPINE MESYLATE,CHEMBL1200383,CN1[C@@H]2CC[C@H]1C[C@@H](OC(c1ccccc1)c1ccccc1)C2.CS(=O)(=O)O
BETAMETHASONE DIPROPIONATE,CHEMBL1200384,CCC(=O)OCC(=O)[C@@]1(OC(=O)CC)[C@@H](C)C[C@H]2[C@@H]3CCC4=CC(=O)C=C[C@]4(C)[C@@]3(F)[C@@H](O)C[C@@]21C
ARBUTAMINE HYDROCHLORIDE,CHEMBL1200385,Cl.Oc1ccc(CCCCNC[C@H](O)c2ccc(O)c(O)c2)cc1
PREDNICARBATE,CHEMBL1200386,CCOC(=O)O[C@]1(C(=O)COC(=O)CC)CC[C@H]2[C@@H]3CCC4=CC(=O)C=C[C@]4(C)[C@H]3[C@@H](O)C[C@@]21C
AMPHETAMINE ADIPATE,CHEMBL1200387,CC(N)Cc1ccccc1.O=C(O)CCCCC(=O)O
CLOXACILLIN SODIUM,CHEMBL1200388,Cc1onc(-c2ccccc2Cl)c1C(=O)N[C@@H]1C(=O)N2[C@@H]1SC(C)(C)[C@@H]2C(=O)[O-].O.[Na+]
BRIMONIDINE TARTRATE,CHEMBL1200389,Brc1c(NC2=NCCN2)ccc2nccnc12.O=C(O)[C@H](O)[C@@H](O)C(=O)O
TROMETHAMINE,CHEMBL1200391,NC(CO)(CO)CO
DOXYLAMINE SUCCINATE,CHEMBL1200392,CN(C)CCOC(C)(c1ccccc1)c1ccccn1.O=C(O)CCC(=O)O
GREPAFLOXACIN HYDROCHLORIDE,CHEMBL1200393,Cc1c(F)c(N2CCNC(C)C2)cc2c1c(=O)c(C(=O)O)cn2C1CC1.Cl
ORPHENADRINE CITRATE,CHEMBL1200395,Cc1ccccc1C(OCCN(C)C)c1ccccc1.O=C(O)CC(O)(CC(=O)O)C(=O)O
BUPIVACAINE HYDROCHLORIDE,CHEMBL1200396,CCCCN1CCCCC1C(=O)Nc1c(C)cccc1C.Cl
BUTENAFINE HYDROCHLORIDE,CHEMBL1200397,CN(Cc1ccc(C(C)(C)C)cc1)Cc1cccc2ccccc12.Cl
BUTOCONAZOLE NITRATE,CHEMBL1200398,Clc1ccc(CCC(Cn2ccnc2)Sc2c(Cl)cccc2Cl)cc1.O=[N+]([O-])O
BUSPIRONE HYDROCHLORIDE,CHEMBL1200399,Cl.O=C1CC2(CCCC2)CC(=O)N1CCCCN1CCN(c2ncccn2)CC1
AZATHIOPRINE SODIUM,CHEMBL1200400,Cn1cnc([N+](=O)[O-])c1Sc1ncnc2nc[n-]c12.[Na+]
AMLODIPINE BESYLATE,CHEMBL1200402,CCOC(=O)C1=C(COCCN)NC(C)=C(C(=O)OC)C1c1ccccc1Cl.O=S(=O)(O)c1ccccc1
BITOLTEROL MESYLATE,CHEMBL1200405,CS(=O)(=O)O.Cc1ccc(C(=O)Oc2ccc(C(O)CNC(C)(C)C)cc2OC(=O)c2ccc(C)cc2)cc1
DIMENHYDRINATE,CHEMBL1200406,CN(C)CCOC(c1ccccc1)c1ccccc1.Cn1c(=O)c2[nH]c(Cl)nc2n(C)c1=O
LIDOCAINE HYDROCHLORIDE,CHEMBL1200409,CCN(CC)CC(=O)Nc1c(C)cccc1C.Cl.O
PROCARBAZINE HYDROCHLORIDE,CHEMBL1200410,CNNCc1ccc(C(=O)NC(C)C)cc1.Cl
ROPINIROLE HYDROCHLORIDE,CHEMBL1200411,CCCN(CCC)CCc1cccc2c1CC(=O)N2.Cl
NANDROLONE PHENPROPIONATE,CHEMBL1200412,C[C@]12CC[C@H]3[C@@H](CCC4=CC(=O)CC[C@@H]43)[C@@H]1CC[C@@H]2OC(=O)CCc1ccccc1
TETRAHYDROZOLINE HYDROCHLORIDE,CHEMBL1200413,Cl.c1ccc2c(c1)CCCC2C1=NCCN1
DOBUTAMINE HYDROCHLORIDE,CHEMBL1200418,CC(CCc1ccc(O)cc1)NCCc1ccc(O)c(O)c1.Cl
MOLINDONE HYDROCHLORIDE,CHEMBL1200419,CCc1c(C)[nH]c2c1C(=O)C(CN1CCOCC1)CC2.Cl
MIDAZOLAM HYDROCHLORIDE,CHEMBL1200420,Cc1ncc2n1-c1ccc(Cl)cc1C(c1ccccc1F)=NC2.Cl
METRIZOATE SODIUM,CHEMBL1200423,CC(=O)Nc1c(I)c(C(=O)[O-])c(I)c(N(C)C(C)=O)c1I.[Na+]
PENTETATE ZINC TRISODIUM,CHEMBL1200424,O=C([O-])CN(CCN(CC(=O)[O-])CC(=O)[O-])CCN(CC(=O)[O-])CC(=O)[O-].[Na+].[Na+].[Na+].[Zn+2]
PARGYLINE HYDROCHLORIDE,CHEMBL1200425,C#CCN(C)Cc1ccccc1.Cl
METHIXENE HYDROCHLORIDE,CHEMBL1200426,CN1CCCC(CC2c3ccccc3Sc3ccccc32)C1.Cl.O
ESTRADIOL ACETATE,CHEMBL1200430,CC(=O)Oc1ccc2c(c1)CC[C@@H]1[C@@H]2CC[C@]2(C)[C@@H](O)CC[C@@H]12
METHYLDOPATE HYDROCHLORIDE,CHEMBL1200432,CCOC(=O)[C@@](C)(N)Cc1ccc(O)c(O)c1.Cl
OXTRIPHYLLINE,CHEMBL1200434,C[N+](C)(C)CCO.Cn1c(=O)c2[n-]cnc2n(C)c1=O
OXANDROLONE,CHEMBL1200436,C[C@]12COC(=O)C[C@@H]1CC[C@@H]1[C@@H]2CC[C@@]2(C)[C@H]1CC[C@]2(C)O
QUINIDINE GLUCONATE,CHEMBL1200437,C=C[C@H]1CN2CC[C@H]1C[C@@H]2[C@@H](O)c1ccnc2ccc(OC)cc12.O=C(O)[C@H](O)[C@@H](O)[C@H](O)[C@H](O)CO
TIOCONAZOLE,CHEMBL1200438,Clc1ccc(C(Cn2ccnc2)OCc2ccsc2Cl)c(Cl)c1
IODOHIPPURATE SODIUM I 123,CHEMBL1200439,O=C([O-])CNC(=O)c1ccccc1[123I].[Na+]
MEPIVACAINE HYDROCHLORIDE,CHEMBL1200440,Cc1cccc(C)c1NC(=O)C1CCCCN1C.Cl
PIRBUTEROL ACETATE,CHEMBL1200444,CC(=O)O.CC(C)(C)NCC(O)c1ccc(O)c(CO)n1
TRIPELENNAMINE HYDROCHLORIDE,CHEMBL1200446,CN(C)CCN(Cc1ccccc1)c1ccccn1.Cl
TILUDRONATE DISODIUM,CHEMBL1200448,O=P([O-])(O)C(Sc1ccc(Cl)cc1)P(=O)([O-])O.[Na+].[Na+]
TRIAMCINOLONE DIACETATE,CHEMBL1200449,CC(=O)OCC(=O)[C@@]1(O)[C@H](OC(C)=O)C[C@H]2[C@@H]3CCC4=CC(=O)C=C[C@]4(C)[C@@]3(F)[C@@H](O)C[C@@]21C
DOCOSANOL,CHEMBL1200453,CCCCCCCCCCCCCCCCCCCCCCO
VALGANCICLOVIR HYDROCHLORIDE,CHEMBL1200454,CC(C)[C@H](N)C(=O)OCC(CO)OCn1cnc2c(=O)nc(N)[nH]c21.Cl
IOHEXOL,CHEMBL1200455,CC(=O)N(CC(O)CO)c1c(I)c(C(=O)NCC(O)CO)c(I)c(C(=O)NCC(O)CO)c1I
POTASSIUM CITRATE ANHYDROUS,CHEMBL1200458,O=C([O-])CC(O)(CC(=O)[O-])C(=O)[O-].[K+].[K+].[K+]
"POTASSIUM PHOSPHATE, DIBASIC",CHEMBL1200459,O=P([O-])([O-])O.[K+].[K+]
MIDODRINE HYDROCHLORIDE,CHEMBL1200461,COc1ccc(OC)c(C(O)CNC(=O)CN)c1.Cl
OXAPROZIN POTASSIUM,CHEMBL1200463,O=C([O-])CCc1nc(-c2ccccc2)c(-c2ccccc2)o1.[K+]
PROPARACAINE HYDROCHLORIDE,CHEMBL1200464,CCCOc1ccc(C(=O)OCCN(CC)CC)cc1N.Cl
HYDROXYZINE PAMOATE,CHEMBL1200467,O=C(O)c1cc2ccccc2c(Cc2c(O)c(C(=O)O)cc3ccccc23)c1O.OCCOCCN1CCN(C(c2ccccc2)c2ccc(Cl)cc2)CC1
MALATHION,CHEMBL1200468,CCOC(=O)CC(SP(=S)(OC)OC)C(=O)OCC
PROMAZINE HYDROCHLORIDE,CHEMBL1200469,CN(C)CCCN1c2ccccc2Sc2ccccc21.Cl
ESOMEPRAZOLE SODIUM,CHEMBL1200470,COc1ccc2[n-]c([S@@+]([O-])Cc3ncc(C)c(OC)c3C)nc2c1.[Na+]
PYRITHIONE ZINC,CHEMBL1200471,[O-][n+]1ccccc1[S-].[O-][n+]1ccccc1[S-].[Zn+2]
QUAZEPAM,CHEMBL1200472,Fc1ccccc1C1=NCC(=S)N(CC(F)(F)F)c2ccc(Cl)cc21
CYCLOPENTOLATE HYDROCHLORIDE,CHEMBL1200473,CN(C)CCOC(=O)C(c1ccccc1)C1(O)CCCC1.Cl
DEMECLOCYCLINE HYDROCHLORIDE,CHEMBL1200474,CN(C)[C@@H]1C(O)=C(C(N)=O)C(=O)[C@@]2(O)C(O)=C3C(=O)c4c(O)ccc(Cl)c4[C@@H](O)[C@H]3C[C@@H]12.Cl
DAUNORUBICIN CITRATE,CHEMBL1200475,COc1cccc2c1C(=O)c1c(O)c3c(c(O)c1C2=O)C[C@@](O)(C(C)=O)C[C@@H]3O[C@H]1C[C@H](N)[C@H](O)[C@H](C)O1.O=C(O)CC(O)(CC(=O)O)C(=O)O
ALLOPURINOL SODIUM,CHEMBL1200477,O=c1[n-]cnc2[nH]ncc12.[Na+]
DYCLONINE HYDROCHLORIDE,CHEMBL1200478,CCCCOc1ccc(C(=O)CCN2CCCCC2)cc1.Cl
DICYCLOMINE HYDROCHLORIDE,CHEMBL1200479,CCN(CC)CCOC(=O)C1(C2CCCCC2)CCCCC1.Cl
CEFOPERAZONE SODIUM,CHEMBL1200482,CCN1CCN(C(=O)N[C@@H](C(=O)N[C@@H]2C(=O)N3C(C(=O)[O-])=C(CSc4nnnn4C)CS[C@H]23)c2ccc(O)cc2)C(=O)C1=O.[Na+]
PHENMETRAZINE HYDROCHLORIDE,CHEMBL1200483,CC1NCCOC1c1ccccc1.Cl
SORAFENIB TOSYLATE,CHEMBL1200485,CNC(=O)c1cc(Oc2ccc(NC(=O)Nc3ccc(Cl)c(C(F)(F)F)c3)cc2)ccn1.Cc1ccc(S(=O)(=O)O)cc1
ETHACRYNATE SODIUM,CHEMBL1200487,C=C(CC)C(=O)c1ccc(OCC(=O)[O-])c(Cl)c1Cl.[Na+]
EPINASTINE HYDROCHLORIDE,CHEMBL1200491,Cl.NC1=NCC2c3ccccc3Cc3ccccc3N12
NEFAZODONE HYDROCHLORIDE,CHEMBL1200492,CCc1nn(CCCN2CCN(c3cccc(Cl)c3)CC2)c(=O)n1CCOc1ccccc1.Cl
NAFTIFINE HYDROCHLORIDE,CHEMBL1200493,CN(C/C=C/c1ccccc1)Cc1cccc2ccccc12.Cl
GUANFACINE HYDROCHLORIDE,CHEMBL1200494,Cl.N=C(N)NC(=O)Cc1c(Cl)cccc1Cl
HYDROCORTISONE SODIUM SUCCINATE,CHEMBL1200495,C[C@]12CCC(=O)C=C1CC[C@@H]1[C@@H]2[C@@H](O)C[C@@]2(C)[C@H]1CC[C@]2(O)C(=O)COC(=O)CCC(=O)[O-].[Na+]
CALCIUM,CHEMBL1200496,[Ca]
CYCLIZINE LACTATE,CHEMBL1200497,CC(O)C(=O)O.CN1CCN(C(c2ccccc2)c2ccccc2)CC1
ALATROFLOXACIN MESYLATE,CHEMBL1200498,CS(=O)(=O)O.C[C@H](N)C(=O)N[C@@H](C)C(=O)N[C@H]1[C@@H]2CN(c3nc4c(cc3F)c(=O)c(C(=O)O)cn4-c3ccc(F)cc3F)C[C@@H]21
BECLOMETHASONE DIPROPIONATE,CHEMBL1200500,CCC(=O)OCC(=O)[C@@]1(OC(=O)CC)[C@@H](C)C[C@H]2[C@@H]3CCC4=CC(=O)C=C[C@]4(C)[C@@]3(Cl)[C@@H](O)C[C@@]21C
BROMOCRIPTINE MESYLATE,CHEMBL1200503,CC(C)C[C@H]1C(=O)N2CCC[C@H]2[C@]2(O)O[C@](NC(=O)[C@@H]3C=C4c5cccc6[nH]c(Br)c(c56)C[C@H]4N(C)C3)(C(C)C)C(=O)N12.CS(=O)(=O)O
ERYTHROMYCIN LACTOBIONATE,CHEMBL1200506,CC[C@H]1OC(=O)[C@H](C)[C@@H](O[C@H]2C[C@@](C)(OC)[C@@H](O)[C@H](C)O2)[C@H](C)[C@@H](O[C@@H]2O[C@H](C)C[C@H](N(C)C)[C@H]2O)[C@](C)(O)C[C@@H](C)C(=O)[C@H](C)[C@@H](O)[C@]1(C)O.O=C(O)[C@H](O)[C@@H](O)[C@H](O[C@@H]1O[C@H](CO)[C@H](O)[C@H](O)[C@H]1O)[C@H](O)CO
IOXAGLATE MEGLUMINE,CHEMBL1200508,CNC(=O)c1c(I)c(C(=O)NCC(=O)Nc2c(I)c(C(=O)O)c(I)c(C(=O)NCCO)c2I)c(I)c(N(C)C(C)=O)c1I.CNC[C@H](O)[C@@H](O)[C@H](O)[C@H](O)CO
ERYTHROMYCIN STEARATE,CHEMBL1200510,CCCCCCCCCCCCCCCCCC(=O)O.CC[C@H]1OC(=O)[C@H](C)[C@@H](O[C@H]2C[C@@](C)(OC)[C@@H](O)[C@H](C)O2)[C@H](C)[C@@H](O[C@@H]2O[C@H](C)C[C@H](N(C)C)[C@H]2O)[C@](C)(O)C[C@@H](C)C(=O)[C@H](C)[C@@H](O)[C@]1(C)O
DEMECARIUM BROMIDE,CHEMBL1200514,CN(CCCCCCCCCCN(C)C(=O)Oc1cccc([N+](C)(C)C)c1)C(=O)Oc1cccc([N+](C)(C)C)c1.[Br-].[Br-]
DESERPIDINE,CHEMBL1200515,COC(=O)[C@H]1[C@H]2C[C@@H]3c4[nH]c5ccccc5c4CCN3C[C@H]2C[C@@H](OC(=O)c2cc(OC)c(OC)c(OC)c2)[C@@H]1OC
DIHYDROERGOTAMINE MESYLATE,CHEMBL1200517,CN1C[C@H](C(=O)N[C@]2(C)O[C@@]3(O)[C@@H]4CCCN4C(=O)[C@H](Cc4ccccc4)N3C2=O)C[C@@H]2c3cccc4[nH]cc(c34)C[C@H]21.CS(=O)(=O)O
ALMOTRIPTAN MALATE,CHEMBL1200521,CN(C)CCc1c[nH]c2ccc(CS(=O)(=O)N3CCCC3)cc12.O=C(O)CC(O)C(=O)O
AVOBENZONE,CHEMBL1200522,COc1ccc(C(=O)CC(=O)c2ccc(C(C)(C)C)cc2)cc1
CEFAZOLIN SODIUM,CHEMBL1200523,Cc1nnc(SCC2=C(C(=O)[O-])N3C(=O)[C@@H](NC(=O)Cn4cnnn4)[C@H]3SC2)s1.[Na+]
ATRACURIUM BESYLATE,CHEMBL1200527,COc1ccc(CC2c3cc(OC)c(OC)cc3CC[N+]2(C)CCC(=O)OCCCCCOC(=O)CC[N+]2(C)CCc3cc(OC)c(OC)cc3C2Cc2ccc(OC)c(OC)c2)cc1OC.O=S(=O)([O-])c1ccccc1.O=S(=O)([O-])c1ccccc1
CEFOXITIN SODIUM,CHEMBL1200530,CO[C@@]1(NC(=O)Cc2cccs2)C(=O)N2C(C(=O)[O-])=C(COC(N)=O)CS[C@@H]21.[Na+]
ALFENTANIL HYDROCHLORIDE,CHEMBL1200531,CCC(=O)N(c1ccccc1)C1(COC)CCN(CCn2nnn(CC)c2=O)CC1.Cl
METHDILAZINE HYDROCHLORIDE,CHEMBL1200532,CN1CCC(CN2c3ccccc3Sc3ccccc32)C1.Cl
MOEXIPRIL HYDROCHLORIDE,CHEMBL1200534,CCOC(=O)[C@H](CCc1ccccc1)N[C@@H](C)C(=O)N1Cc2cc(OC)c(OC)cc2C[C@H]1C(=O)O.Cl
BETAMETHASONE ACETATE,CHEMBL1200538,CC(=O)OCC(=O)[C@@]1(O)[C@@H](C)C[C@H]2[C@@H]3CCC4=CC(=O)C=C[C@]4(C)[C@@]3(F)[C@@H](O)C[C@@]21C
CALCIUM CARBONATE,CHEMBL1200539,O=C([O-])[O-].[Ca+2]
AMBENONIUM CHLORIDE,CHEMBL1200541,CC[N+](CC)(CCNC(=O)C(=O)NCC[N+](CC)(CC)Cc1ccccc1Cl)Cc1ccccc1Cl.[Cl-].[Cl-]
DESOXYCORTICOSTERONE ACETATE,CHEMBL1200542,CC(=O)OCC(=O)[C@H]1CC[C@H]2[C@@H]3CCC4=CC(=O)CC[C@]4(C)[C@H]3CC[C@]12C
ANILERIDINE PHOSPHATE,CHEMBL1200543,CCOC(=O)C1(c2ccccc2)CCN(CCc2ccc(N)cc2)CC1.O=P(O)(O)O
CEPHALEXIN,CHEMBL1200544,CC1=C(C(=O)O)N2C(=O)[C@@H](NC(=O)[C@H](N)c3ccccc3)[C@H]2SC1.O
DIFLORASONE DIACETATE,CHEMBL1200545,CC(=O)OCC(=O)[C@@]1(OC(C)=O)[C@@H](C)C[C@H]2[C@@H]3C[C@H](F)C4=CC(=O)C=C[C@]4(C)[C@@]3(F)[C@@H](O)C[C@@]21C
RAPACURONIUM BROMIDE,CHEMBL1200549,C=CC[N+]1([C@H]2C[C@H]3[C@@H]4CC[C@H]5C[C@H](OC(C)=O)[C@@H](N6CCCCC6)C[C@]5(C)[C@H]4CC[C@]3(C)[C@H]2OC(=O)CC)CCCCC1.[Br-]
ANTAZOLINE PHOSPHATE,CHEMBL1200550,O=P(O)(O)O.c1ccc(CN(CC2=NCCN2)c2ccccc2)cc1
LACTIC ACID,CHEMBL1200559,CC(O)C(=O)O
GUANABENZ ACETATE,CHEMBL1200560,CC(=O)O.N=C(N)N/N=C/c1c(Cl)cccc1Cl
DOXAZOSIN MESYLATE,CHEMBL1200561,COc1cc2nc(N3CCN(C(=O)C4COc5ccccc5O4)CC3)nc(N)c2cc1OC.CS(=O)(=O)O
HYDROCORTISONE VALERATE,CHEMBL1200562,CCCCC(=O)O[C@]1(C(=O)CO)CC[C@H]2[C@@H]3CCC4=CC(=O)CC[C@]4(C)[C@H]3[C@@H](O)C[C@@]21C
CERIVASTATIN SODIUM,CHEMBL1200563,COCc1c(C(C)C)nc(C(C)C)c(/C=C/[C@@H](O)C[C@@H](O)CC(=O)[O-])c1-c1ccc(F)cc1.[Na+]
CAFFEINE CITRATE,CHEMBL1200569,Cn1c(=O)c2c(ncn2C)n(C)c1=O.O=C(O)CC(O)(CC(=O)O)C(=O)O
MEGLUMINE,CHEMBL1200570,CNC[C@H](O)[C@@H](O)[C@H](O)[C@H](O)CO
MAGNESIUM OXIDE,CHEMBL1200572,O=[Mg]
SODIUM CHLORIDE,CHEMBL1200574,[Cl-].[Na+]
CYSTEAMINE BITARTRATE,CHEMBL1200577,NCCS.O=C(O)[C@H](O)[C@@H](O)C(=O)O
THEOPHYLLINE SODIUM GLYCINATE,CHEMBL1200578,Cn1c(=O)c2[nH]cnc2n(C)c1=O.NCC(=O)[O-].[Na+]
SULFOXONE SODIUM,CHEMBL1200580,O=S([O-])CNc1ccc(S(=O)(=O)c2ccc(NCS(=O)[O-])cc2)cc1.[Na+].[Na+]
DIATRIZOATE SODIUM,CHEMBL1200581,CC(=O)Nc1c(I)c(NC(C)=O)c(I)c(C(=O)[O-])c1I.[Na+]
AMINOLEVULINIC ACID HYDROCHLORIDE,CHEMBL1200582,Cl.NCC(=O)CCC(=O)O
AMINOSALICYLATE POTASSIUM,CHEMBL1200584,Nc1ccc(C(=O)[O-])c(O)c1.[K+]
OXYMETHOLONE,CHEMBL1200585,C[C@]12C/C(=C/O)C(=O)C[C@@H]1CC[C@@H]1[C@@H]2CC[C@@]2(C)[C@H]1CC[C@]2(C)O
PRILOCAINE HYDROCHLORIDE,CHEMBL1200586,CCCNC(C)C(=O)Nc1ccccc1C.Cl
CLINDAMYCIN HYDROCHLORIDE,CHEMBL1200588,CCC[C@@H]1C[C@@H](C(=O)N[C@@H]([C@H]2O[C@H](SC)[C@H](O)[C@@H](O)[C@H]2O)[C@H](C)Cl)N(C)C1.Cl
DESOXYCORTICOSTERONE PIVALATE,CHEMBL1200592,CC(C)(C)C(=O)OCC(=O)[C@H]1CC[C@H]2[C@@H]3CCC4=CC(=O)CC[C@]4(C)[C@H]3CC[C@]12C
CHLORPHENTERMINE HYDROCHLORIDE,CHEMBL1200595,CC(C)(N)Cc1ccc(Cl)cc1.Cl
CHLOROXINE,CHEMBL1200596,Oc1c(Cl)cc(Cl)c2cccnc12
ETIDOCAINE HYDROCHLORIDE,CHEMBL1200597,CCCN(CC)C(CC)C(=O)Nc1c(C)cccc1C.Cl
DIETHYLSTILBESTROL DIPHOSPHATE,CHEMBL1200598,CC/C(=C(/CC)c1ccc(OP(=O)(O)O)cc1)c1ccc(OP(=O)(O)O)cc1
DIFENOXIN HYDROCHLORIDE,CHEMBL1200599,Cl.N#CC(CCN1CCC(C(=O)O)(c2ccccc2)CC1)(c1ccccc1)c1ccccc1
FLUOROMETHOLONE,CHEMBL1200600,CC(=O)[C@@]1(O)CC[C@H]2[C@@H]3C[C@H](C)C4=CC(=O)C=C[C@]4(C)[C@@]3(F)[C@@H](O)C[C@@]21C
NARATRIPTAN HYDROCHLORIDE,CHEMBL1200601,CNS(=O)(=O)CCc1ccc2[nH]cc(C3CCN(C)CC3)c2c1.Cl
TROPICAMIDE,CHEMBL1200604,CCN(Cc1ccncc1)C(=O)C(CO)c1ccccc1
MEXILETINE HYDROCHLORIDE,CHEMBL1200606,Cc1cccc(C)c1OCC(C)N.Cl
PERFLEXANE,CHEMBL1200607,FC(F)(F)C(F)(F)C(F)(F)C(F)(F)C(F)(F)C(F)(F)F
PAROXETINE MESYLATE,CHEMBL1200609,CS(=O)(=O)O.Fc1ccc([C@@H]2CCNC[C@H]2COc2ccc3c(c2)OCO3)cc1
LORACARBEF,CHEMBL1200610,N[C@@H](C(=O)N[C@@H]1C(=O)N2C(C(=O)O)=C(Cl)CC[C@H]12)c1ccccc1.O
DIBUCAINE HYDROCHLORIDE,CHEMBL1200612,CCCCOc1cc(C(=O)NCCN(CC)CC)c2ccccc2n1.Cl
TOLMETIN SODIUM,CHEMBL1200613,Cc1ccc(C(=O)c2ccc(CC(=O)[O-])n2C)cc1.[Na+]
IOVERSOL,CHEMBL1200614,O=C(NCC(O)CO)c1c(I)c(C(=O)NCC(O)CO)c(I)c(N(CCO)C(=O)CO)c1I
CHLOROTHIAZIDE SODIUM,CHEMBL1200616,NS(=O)(=O)c1cc2c(cc1Cl)N=C[N-]S2(=O)=O.[Na+]
RIMEXOLONE,CHEMBL1200617,CCC(=O)[C@@]1(C)[C@H](C)C[C@H]2[C@@H]3CCC4=CC(=O)C=C[C@]4(C)[C@H]3[C@@H](O)C[C@@]21C
FEXOFENADINE HYDROCHLORIDE,CHEMBL1200618,CC(C)(C(=O)O)c1ccc(C(O)CCCN2CCC(C(O)(c3ccccc3)c3ccccc3)CC2)cc1.Cl
GEMIFLOXACIN MESYLATE,CHEMBL1200621,CO/N=C1\CN(c2nc3c(cc2F)c(=O)c(C(=O)O)cn3C2CC2)CC1CN.CS(=O)(=O)O
PARICALCITOL,CHEMBL1200622,C[C@H](/C=C/[C@H](C)C(C)(C)O)[C@H]1CC[C@H]2/C(=C/C=C3C[C@@H](O)C[C@H](O)C3)CCC[C@]12C
ETHYLESTRENOL,CHEMBL1200623,CC[C@]1(O)CC[C@H]2[C@@H]3CCC4=CCCC[C@@H]4[C@H]3CC[C@@]21C
ETHYNODIOL DIACETATE,CHEMBL1200624,C#C[C@]1(OC(C)=O)CC[C@H]2[C@@H]3CCC4=C[C@@H](OC(C)=O)CC[C@@H]4[C@H]3CC[C@@]21C
STRONTIUM CHLORIDE SR 89,CHEMBL1200625,[89Sr+2].[Cl-].[Cl-]
PROPIOLACTONE,CHEMBL1200627,O=C1CCO1
VANCOMYCIN HYDROCHLORIDE,CHEMBL1200628,CN[C@H](CC(C)C)C(=O)N[C@H]1C(=O)N[C@@H](CC(N)=O)C(=O)N[C@H]2C(=O)N[C@H]3C(=O)N[C@H](C(=O)N[C@H](C(=O)O)c4cc(O)cc(O)c4-c4cc3ccc4O)[C@H](O)c3ccc(c(Cl)c3)Oc3cc2cc(c3O[C@@H]2O[C@H](CO)[C@@H](O)[C@H](O)[C@H]2O[C@H]2C[C@](C)(N)[C@H](O)[C@H](C)O2)Oc2ccc(cc2Cl)[C@H]1O.Cl
VECURONIUM BROMIDE,CHEMBL1200629,CC(=O)O[C@H]1C[C@@H]2CC[C@@H]3[C@H](CC[C@@]4(C)[C@H]3C[C@H]([N+]3(C)CCCCC3)[C@@H]4OC(C)=O)[C@@]2(C)C[C@@H]1N1CCCCC1.[Br-]
CYSTEINE HYDROCHLORIDE,CHEMBL1200630,Cl.N[C@@H](CS)C(=O)O
CLINDAMYCIN PALMITATE HYDROCHLORIDE,CHEMBL1200632,CCCCCCCCCCCCCCCC(=O)O[C@@H]1[C@@H](O)[C@@H](O)[C@@H]([C@H](NC(=O)[C@@H]2C[C@@H](CCC)CN2C)[C@H](C)Cl)O[C@@H]1SC.Cl
HYDROCORTAMATE HYDROCHLORIDE,CHEMBL1200635,CCN(CC)CC(=O)OCC(=O)[C@@]1(O)CC[C@H]2[C@@H]3CCC4=CC(=O)CC[C@]4(C)[C@H]3[C@@H](O)C[C@@]21C.Cl
CYCLOBENZAPRINE HYDROCHLORIDE,CHEMBL1200636,CN(C)CCC=C1c2ccccc2C=Cc2ccccc21.Cl
DEXBROMPHENIRAMINE MALEATE,CHEMBL1200638,CN(C)CC[C@@H](c1ccc(Br)cc1)c1ccccn1.O=C(O)/C=C\C(=O)O
CISATRACURIUM BESYLATE,CHEMBL1200641,COc1ccc(C[C@@H]2c3cc(OC)c(OC)cc3CC[N@+]2(C)CCC(=O)OCCCCCOC(=O)CC[N@@+]2(C)CCc3cc(OC)c(OC)cc3[C@H]2Cc2ccc(OC)c(OC)c2)cc1OC.O=S(=O)([O-])c1ccccc1.O=S(=O)([O-])c1ccccc1
ETOPOSIDE PHOSPHATE,CHEMBL1200645,COc1cc([C@@H]2c3cc4c(cc3[C@@H](O[C@@H]3O[C@@H]5CO[C@@H](C)O[C@H]5[C@H](O)[C@H]3O)[C@H]3COC(=O)[C@H]23)OCO4)cc(OC)c1OP(=O)(O)O
ROCURONIUM BROMIDE,CHEMBL1200648,C=CC[N+]1([C@H]2C[C@H]3[C@@H]4CC[C@H]5C[C@H](O)[C@@H](N6CCOCC6)C[C@]5(C)[C@H]4CC[C@]3(C)[C@H]2OC(C)=O)CCCC1.[Br-]
QUINUPRISTIN,CHEMBL1200649,CC[C@H]1NC(=O)[C@@H](NC(=O)c2ncccc2O)[C@@H](C)OC(=O)[C@H](c2ccccc2)NC(=O)[C@@H]2CC(=O)[C@H](CS[C@@H]3CN4CCC3CC4)CN2C(=O)[C@H](Cc2ccc(N(C)C)cc2)N(C)C(=O)[C@@H]2CCCN2C1=O
BENOXINATE HYDROCHLORIDE,CHEMBL1200654,CCCCOc1cc(C(=O)OCCN(CC)CC)ccc1N.Cl
NATAMYCIN,CHEMBL1200656,C[C@@H]1C/C=C/C=C/C=C/C=C/[C@H](O[C@@H]2O[C@H](C)[C@@H](O)[C@H](N)[C@@H]2O)C[C@@H]2O[C@](O)(C[C@@H](O)C[C@H]3O[C@@H]3/C=C/C(=O)O1)C[C@H](O)[C@H]2C(=O)O
ENALAPRIL MALEATE,CHEMBL1200659,CCOC(=O)[C@H](CCc1ccccc1)N[C@@H](C)C(=O)N1CCC[C@H]1C(=O)O.O=C(O)/C=C\C(=O)O
ISOSORBIDE,CHEMBL1200660,O[C@@H]1CO[C@H]2[C@@H]1OC[C@@H]2O
UNOPROSTONE ISOPROPYL,CHEMBL1200661,CCCCCCCC(=O)CC[C@@H]1[C@@H](C/C=C\CCCC(=O)OC(C)C)[C@@H](O)C[C@H]1O
POTASSIUM LACTATE,CHEMBL1200664,CC(O)C(=O)[O-].[K+]
DIPHENOXYLATE HYDROCHLORIDE,CHEMBL1200665,CCOC(=O)C1(c2ccccc2)CCN(CCC(C#N)(c2ccccc2)c2ccccc2)CC1.Cl
CALCIPOTRIENE,CHEMBL1200666,C=C1/C(=C\C=C2/CCC[C@]3(C)[C@@H]([C@H](C)/C=C/[C@@H](O)C4CC4)CC[C@@H]23)C[C@@H](O)C[C@@H]1O
CALCIUM CHLORIDE,CHEMBL1200668,[Ca+2].[Cl-].[Cl-]
CEFPIRAMIDE SODIUM,CHEMBL1200672,Cc1cc(O)c(C(=O)N[C@@H](C(=O)N[C@@H]2C(=O)N3C(C(=O)[O-])=C(CSc4nnnn4C)CS[C@H]23)c2ccc(O)cc2)cn1.[Na+]
XENON XE 127,CHEMBL1200673,[127Xe]
TOREMIFENE CITRATE,CHEMBL1200675,CN(C)CCOc1ccc(/C(=C(/CCCl)c2ccccc2)c2ccccc2)cc1.O=C(O)CC(O)(CC(=O)O)C(=O)O
ATAZANAVIR SULFATE,CHEMBL1200678,COC(=O)N[C@H](C(=O)N[C@@H](Cc1ccccc1)[C@@H](O)CN(Cc1ccc(-c2ccccn2)cc1)NC(=O)[C@@H](NC(=O)OC)C(C)(C)C)C(C)(C)C.O=S(=O)(O)O
ZINC CHLORIDE,CHEMBL1200679,[Cl-].[Cl-].[Zn+2]
SELENIUM SULFIDE,CHEMBL1200680,S=[Se]=S
MONTELUKAST SODIUM,CHEMBL1200681,CC(C)(O)c1ccccc1CC[C@@H](SCC1(CC(=O)[O-])CC1)c1cccc(/C=C/c2ccc3ccc(Cl)cc3n2)c1.[Na+]
SODIUM OXYBATE,CHEMBL1200682,O=C([O-])CCCO.[Na+]
XENON XE 133,CHEMBL1200685,[133Xe]
PIMECROLIMUS,CHEMBL1200686,CC[C@@H]1/C=C(\C)C[C@H](C)C[C@H](OC)[C@H]2O[C@@](O)(C(=O)C(=O)N3CCCC[C@H]3C(=O)O[C@H](/C(C)=C/[C@@H]3CC[C@H](Cl)[C@H](OC)C3)[C@H](C)[C@@H](O)CC1=O)[C@H](C)C[C@@H]2OC
ERYTHROMYCIN ETHYLSUCCINATE,CHEMBL1200688,CCOC(=O)CCC(=O)O[C@H]1[C@H](O[C@@H]2[C@@H](C)[C@H](O[C@H]3C[C@@](C)(OC)[C@@H](O)[C@H](C)O3)[C@@H](C)C(=O)O[C@H](CC)[C@@](C)(O)[C@H](O)[C@@H](C)C(=O)[C@H](C)C[C@@]2(C)O)O[C@H](C)C[C@@H]1N(C)C
NITRIC OXIDE,CHEMBL1200689,[N]=O
MAGNESIUM ACETATE,CHEMBL1200691,CC(=O)[O-].CC(=O)[O-].[Mg+2]
OLMESARTAN MEDOXOMIL,CHEMBL1200692,CCCc1nc(C(C)(C)O)c(C(=O)OCc2oc(=O)oc2C)n1Cc1ccc(-c2ccccc2-c2nnn[nH]2)cc1
SEVOFLURANE,CHEMBL1200694,FCOC(C(F)(F)F)C(F)(F)F
PHENYLPROPANOLAMINE HYDROCHLORIDE,CHEMBL1200695,CC(N)C(O)c1ccccc1.Cl
POTASSIUM PERCHLORATE,CHEMBL1200696,[K+].[O-][Cl+3]([O-])([O-])[O-]
DOXYCYCLINE,CHEMBL1200699,C[C@H]1c2cccc(O)c2C(=O)C2=C(O)[C@]3(O)C(=O)C(C(N)=O)=C(O)[C@@H](N(C)C)[C@@H]3[C@@H](O)[C@@H]21.O
DICLOXACILLIN SODIUM,CHEMBL1200701,Cc1onc(-c2c(Cl)cccc2Cl)c1C(=O)N[C@@H]1C(=O)N2[C@@H]1SC(C)(C)[C@@H]2C(=O)[O-].O.[Na+]
CHLORDIAZEPOXIDE HYDROCHLORIDE,CHEMBL1200703,CNC1=Nc2ccc(Cl)cc2C(c2ccccc2)=[N+]([O-])C1.Cl
HYDROXYAMPHETAMINE HYDROBROMIDE,CHEMBL1200705,Br.CC(N)Cc1ccc(O)cc1
ALUMINUM HYDROXIDE,CHEMBL1200706,O[Al](O)O
BENZQUINAMIDE HYDROCHLORIDE,CHEMBL1200707,CCN(CC)C(=O)C1CN2CCc3cc(OC)c(OC)cc3C2CC1OC(C)=O.Cl
CLOMIPRAMINE HYDROCHLORIDE,CHEMBL1200710,CN(C)CCCN1c2ccccc2CCc2ccc(Cl)cc21.Cl
OMEGA-3-ACID ETHYL ESTERS,CHEMBL1200711,CC/C=C\C/C=C\C/C=C\C/C=C\C/C=C\C/C=C\CCC(=O)OCC.CC/C=C\C/C=C\C/C=C\C/C=C\C/C=C\CCCC(=O)OCC
EVANS BLUE,CHEMBL1200712,Cc1cc(-c2ccc(/N=N/c3ccc4c(S(=O)(=O)[O-])cc(S(=O)(=O)[O-])c(N)c4c3O)c(C)c2)ccc1/N=N/c1ccc2c(S(=O)(=O)[O-])cc(S(=O)(=O)[O-])c(N)c2c1O.[Na+].[Na+].[Na+].[Na+]
CHLORMEZANONE,CHEMBL1200714,CN1C(=O)CCS(=O)(=O)C1c1ccc(Cl)cc1
HEXYLCAINE HYDROCHLORIDE,CHEMBL1200715,CC(CNC1CCCCC1)OC(=O)c1ccccc1.Cl
MAGNESIUM HYDROXIDE,CHEMBL1200718,[Mg+2].[OH-].[OH-]
ESTRAMUSTINE PHOSPHATE SODIUM,CHEMBL1200721,C[C@]12CC[C@@H]3c4ccc(OC(=O)N(CCCl)CCCl)cc4CC[C@H]3[C@@H]1CC[C@@H]2OP(=O)([O-])[O-].[Na+].[Na+]
PIPECURONIUM BROMIDE,CHEMBL1200722,CC(=O)O[C@H]1C[C@@H]2CC[C@@H]3[C@H](CC[C@@]4(C)[C@H]3C[C@H](N3CC[N+](C)(C)CC3)[C@@H]4OC(C)=O)[C@@]2(C)C[C@@H]1N1CC[N+](C)(C)CC1.[Br-].[Br-]
PSEUDOEPHEDRINE HYDROCHLORIDE,CHEMBL1200724,CN[C@@H](C)[C@@H](O)c1ccccc1.Cl
SERTACONAZOLE NITRATE,CHEMBL1200725,Clc1ccc(C(Cn2ccnc2)OCc2csc3c(Cl)cccc23)c(Cl)c1.O=[N+]([O-])O
RUBIDIUM CHLORIDE RB 82,CHEMBL1200727,[82Rb+].[Cl-]
GUANIDINE HYDROCHLORIDE,CHEMBL1200728,Cl.N=C(N)N
CHLORAMPHENICOL SODIUM SUCCINATE,CHEMBL1200729,O=C([O-])CCC(=O)OC[C@@H](NC(=O)C(Cl)Cl)[C@H](O)c1ccc([N+](=O)[O-])cc1.[Na+]
POTASSIUM CHLORIDE,CHEMBL1200731,[Cl-].[K+]
AMCINONIDE,CHEMBL1200732,CC(=O)OCC(=O)[C@@]12OC3(CCCC3)O[C@@H]1C[C@H]1[C@@H]3CCC4=CC(=O)C=C[C@]4(C)[C@@]3(F)[C@@H](O)C[C@@]12C
DESFLURANE,CHEMBL1200733,FC(F)OC(F)C(F)(F)F
FOSAMPRENAVIR CALCIUM,CHEMBL1200734,CC(C)CN(C[C@@H](OP(=O)([O-])[O-])[C@H](Cc1ccccc1)NC(=O)O[C@H]1CCOC1)S(=O)(=O)c1ccc(N)cc1.[Ca+2]
MOXIFLOXACIN HYDROCHLORIDE,CHEMBL1200735,COc1c(N2C[C@@H]3CCCN[C@@H]3C2)c(F)cc2c(=O)c(C(=O)O)cn(C3CC3)c12.Cl
MAGNESIUM CARBONATE,CHEMBL1200736,O=C([O-])[O-].[Mg+2]
COLFOSCERIL PALMITATE,CHEMBL1200737,CCCCCCCCCCCCCCCC(=O)OC[C@H](COP(=O)([O-])OCC[N+](C)(C)C)OC(=O)CCCCCCCCCCCCCCC
IOXAGLATE SODIUM,CHEMBL1200743,CNC(=O)c1c(I)c(C(=O)NCC(=O)Nc2c(I)c(C(=O)[O-])c(I)c(C(=O)NCCO)c2I)c(I)c(N(C)C(C)=O)c1I.[Na+]
SODIUM FLUORIDE F 18,CHEMBL1200744,[18F-].[Na+]
OXPRENOLOL HYDROCHLORIDE,CHEMBL1200745,C=CCOc1ccccc1OCC(O)CNC(C)C.Cl
AMMONIUM LACTATE,CHEMBL1200747,CC(O)C(=O)O.N
CARBIDOPA,CHEMBL1200748,C[C@@](Cc1ccc(O)c(O)c1)(NN)C(=O)O.O
LEVOBUPIVACAINE HYDROCHLORIDE,CHEMBL1200749,CCCCN1CCCC[C@H]1C(=O)Nc1c(C)cccc1C.Cl
PROMETHAZINE HYDROCHLORIDE,CHEMBL1200750,CC(CN1c2ccccc2Sc2ccccc21)N(C)C.Cl
MERCAPTOPURINE,CHEMBL1200751,O.S=c1[nH]cnc2nc[nH]c12
PYRIDOXINE HYDROCHLORIDE,CHEMBL1200756,Cc1ncc(CO)c(CO)c1O.Cl
PANCURONIUM BROMIDE,CHEMBL1200757,CC(=O)O[C@H]1C[C@@H]2CC[C@@H]3[C@H](CC[C@@]4(C)[C@H]3C[C@H]([N+]3(C)CCCCC3)[C@@H]4OC(C)=O)[C@@]2(C)C[C@@H]1[N+]1(C)CCCCC1.[Br-].[Br-]
AMPICILLIN SODIUM,CHEMBL1200758,CC1(C)S[C@@H]2[C@H](NC(=O)[C@H](N)c3ccccc3)C(=O)N2[C@H]1C(=O)[O-].[Na+]
ANAGRELIDE HYDROCHLORIDE,CHEMBL1200759,Cl.O=C1CN2Cc3c(ccc(Cl)c3Cl)N=C2N1
BALSALAZIDE DISODIUM,CHEMBL1200760,O=C([O-])CCNC(=O)c1ccc(/N=N/c2ccc(O)c(C(=O)[O-])c2)cc1.[Na+].[Na+]
CHLOROTRIANISENE,CHEMBL1200761,COc1ccc(C(Cl)=C(c2ccc(OC)cc2)c2ccc(OC)cc2)cc1
BETAMETHASONE SODIUM PHOSPHATE,CHEMBL1200762,C[C@H]1C[C@H]2[C@@H]3CCC4=CC(=O)C=C[C@]4(C)[C@@]3(F)[C@@H](O)C[C@]2(C)[C@@]1(O)C(=O)COP(=O)([O-])[O-].[Na+].[Na+]
IODOHIPPURATE SODIUM I 131,CHEMBL1200763,O=C([O-])CNC(=O)c1ccccc1[131I].[Na+]
METHACHOLINE CHLORIDE,CHEMBL1200764,CC(=O)OC(C)C[N+](C)(C)C.[Cl-]
CEFTAZIDIME SODIUM,CHEMBL1200768,CC(C)(O/N=C(\C(=O)N[C@@H]1C(=O)N2C(C(=O)[O-])=C(C[n+]3ccccc3)CS[C@H]12)c1csc(N)n1)C(=O)[O-].[Na+]
TRIPELENNAMINE CITRATE,CHEMBL1200769,CN(C)CCN(Cc1ccccc1)c1ccccn1.O=C(O)CC(O)(CC(=O)O)C(=O)O
IOCETAMIC ACID,CHEMBL1200770,CC(=O)N(CC(C)C(=O)O)c1c(I)cc(I)c(N)c1I
TRIDIHEXETHYL CHLORIDE,CHEMBL1200771,CC[N+](CC)(CC)CCC(O)(c1ccccc1)C1CCCCC1.[Cl-]
WARFARIN POTASSIUM,CHEMBL1200772,CC(=O)CC(c1ccccc1)c1c([O-])c2ccccc2oc1=O.[K+]
TOCAINIDE HYDROCHLORIDE,CHEMBL1200773,Cc1cccc(C)c1NC(=O)C(C)N.Cl
FLUPREDNISOLONE,CHEMBL1200774,C[C@]12C=CC(=O)C=C1[C@@H](F)C[C@@H]1[C@@H]2[C@@H](O)C[C@@]2(C)[C@H]1CC[C@]2(O)C(=O)CO
CINACALCET HYDROCHLORIDE,CHEMBL1200776,C[C@@H](NCCCc1cccc(C(F)(F)F)c1)c1cccc2ccccc12.Cl
DEXRAZOXANE HYDROCHLORIDE,CHEMBL1200778,C[C@@H](CN1CC(=O)NC(=O)C1)N1CC(=O)NC(=O)C1.Cl
TROVAFLOXACIN MESYLATE,CHEMBL1200779,CS(=O)(=O)O.N[C@@H]1[C@H]2CN(c3nc4c(cc3F)c(=O)c(C(=O)O)cn4-c3ccc(F)cc3F)C[C@@H]12
CITALOPRAM HYDROBROMIDE,CHEMBL1200781,Br.CN(C)CCCC1(c2ccc(F)cc2)OCc2cc(C#N)ccc21
DEXTROAMPHETAMINE ADIPATE,CHEMBL1200782,C[C@H](N)Cc1ccccc1.O=C(O)CCCCC(=O)O
PHENOXYBENZAMINE HYDROCHLORIDE,CHEMBL1200787,CC(COc1ccccc1)N(CCCl)Cc1ccccc1.Cl
CISAPRIDE MONOHYDRATE,CHEMBL1200788,COc1cc(N)c(Cl)cc1C(=O)NC1CCN(CCCOc2ccc(F)cc2)CC1OC.O
TRICLOFOS SODIUM,CHEMBL1200789,O=P([O-])(O)OCC(Cl)(Cl)Cl.[Na+]
METHYPRYLON,CHEMBL1200790,CCC1(CC)C(=O)NCC(C)C1=O
OXYMETAZOLINE HYDROCHLORIDE,CHEMBL1200791,Cc1cc(C(C)(C)C)c(O)c(C)c1CC1=NCCN1.Cl
OXYMORPHONE HYDROCHLORIDE,CHEMBL1200794,CN1CC[C@]23c4c5ccc(O)c4O[C@H]2C(=O)CC[C@@]3(O)[C@H]1C5.Cl
CLEMASTINE FUMARATE,CHEMBL1200795,CN1CCC[C@@H]1CCO[C@](C)(c1ccccc1)c1ccc(Cl)cc1.O=C(O)/C=C/C(=O)O
CYCLOPHOSPHAMIDE,CHEMBL1200796,O.O=P1(N(CCCl)CCCl)NCCCO1
TRAZODONE HYDROCHLORIDE,CHEMBL1200798,Cl.O=c1n(CCCN2CCN(c3cccc(Cl)c3)CC2)nc2ccccn12
TRAVOPROST,CHEMBL1200799,CC(C)OC(=O)CCC/C=C\C[C@@H]1[C@@H](/C=C/[C@@H](O)COc2cccc(C(F)(F)F)c2)[C@H](O)C[C@@H]1O
CALCIUM ACETATE,CHEMBL1200800,CC(=O)[O-].CC(=O)[O-].[Ca+2]
TALBUTAL,CHEMBL1200802,C=CCC1(C(C)CC)C(=O)NC(=O)NC1=O
SOLIFENACIN SUCCINATE,CHEMBL1200803,O=C(O)CCC(=O)O.O=C(O[C@H]1CN2CCC1CC2)N1CCc2ccccc2[C@@H]1c1ccccc1
DICLOFENAC POTASSIUM,CHEMBL1200804,O=C([O-])Cc1ccccc1Nc1c(Cl)cccc1Cl.[K+]
DILTIAZEM MALATE,CHEMBL1200805,COc1ccc([C@@H]2Sc3ccccc3N(CCN(C)C)C(=O)[C@@H]2OC(C)=O)cc1.O=C(O)CC(O)C(=O)O
NAPROXEN SODIUM,CHEMBL1200806,COc1ccc2cc([C@H](C)C(=O)[O-])ccc2c1.[Na+]
NORELGESTROMIN,CHEMBL1200807,C#C[C@]1(O)CC[C@H]2[C@@H]3CCC4=C/C(=N/O)CC[C@@H]4[C@H]3CC[C@@]21CC
AZELASTINE HYDROCHLORIDE,CHEMBL1200809,CN1CCCC(n2nc(Cc3ccc(Cl)cc3)c3ccccc3c2=O)CC1.Cl
DOXERCALCIFEROL,CHEMBL1200810,C=C1/C(=C\C=C2/CCC[C@]3(C)[C@@H]([C@H](C)/C=C/[C@H](C)C(C)C)CC[C@@H]23)C[C@@H](O)C[C@@H]1O
ACEBUTOLOL HYDROCHLORIDE,CHEMBL1200813,CCCC(=O)Nc1ccc(OCC(O)CNC(C)C)c(C(C)=O)c1.Cl
ACETAZOLAMIDE SODIUM,CHEMBL1200814,CC(=O)Nc1nnc(S([NH-])(=O)=O)s1.[Na+]
LEVOMETHADYL ACETATE HYDROCHLORIDE,CHEMBL1200817,CC[C@H](OC(C)=O)C(C[C@H](C)N(C)C)(c1ccccc1)c1ccccc1.Cl
ARTICAINE HYDROCHLORIDE,CHEMBL1200819,CCCNC(C)C(=O)Nc1c(C)csc1C(=O)OC.Cl
PIPERACILLIN SODIUM,CHEMBL1200820,CCN1CCN(C(=O)N[C@@H](C(=O)N[C@@H]2C(=O)N3[C@@H]2SC(C)(C)[C@@H]3C(=O)[O-])c2ccccc2)C(=O)C1=O.[Na+]
PROPYLIODONE,CHEMBL1200821,CCCOC(=O)Cn1cc(I)c(=O)c(I)c1
FLECAINIDE ACETATE,CHEMBL1200822,CC(=O)O.O=C(NCC1CCCCN1)c1cc(OCC(F)(F)F)ccc1OCC(F)(F)F
METHADONE HYDROCHLORIDE,CHEMBL1200825,CCC(=O)C(CC(C)N(C)C)(c1ccccc1)c1ccccc1.Cl
LITHIUM CARBONATE,CHEMBL1200826,O=C([O-])[O-].[Li+].[Li+]
CYCRIMINE HYDROCHLORIDE,CHEMBL1200828,Cl.OC(CCN1CCCCC1)(c1ccccc1)C1CCCC1
GLUCONOLACTONE,CHEMBL1200829,O=C1O[C@H](CO)[C@@H](O)[C@H](O)[C@H]1O
SPIRAPRIL HYDROCHLORIDE,CHEMBL1200831,CCOC(=O)[C@H](CCc1ccccc1)N[C@@H](C)C(=O)N1CC2(C[C@H]1C(=O)O)SCCS2.Cl
TERBINAFINE HYDROCHLORIDE,CHEMBL1200832,CN(C/C=C/C#CC(C)(C)C)Cc1cccc2ccccc12.Cl
DIPIVEFRIN HYDROCHLORIDE,CHEMBL1200833,CNCC(O)c1ccc(OC(=O)C(C)(C)C)c(OC(=O)C(C)(C)C)c1.Cl
OXICONAZOLE NITRATE,CHEMBL1200836,Clc1ccc(CO/N=C(\Cn2ccnc2)c2ccc(Cl)cc2Cl)c(Cl)c1.O=[N+]([O-])O
LEVOBETAXOLOL HYDROCHLORIDE,CHEMBL1200837,CC(C)NC[C@H](O)COc1ccc(CCOCC2CC2)cc1.Cl
DIATRIZOATE MEGLUMINE,CHEMBL1200839,CC(=O)Nc1c(I)c(NC(C)=O)c(I)c(C(=O)O)c1I.CNC[C@H](O)[C@@H](O)[C@H](O)[C@H](O)CO
PROCAINE HYDROCHLORIDE,CHEMBL1200841,CCN(CC)CCOC(=O)c1ccc(N)cc1.Cl
METHYLERGONOVINE MALEATE,CHEMBL1200843,CC[C@@H](CO)NC(=O)[C@@H]1C=C2c3cccc4[nH]cc(c34)C[C@H]2N(C)C1.O=C(O)/C=C\C(=O)O
HALCINONIDE,CHEMBL1200845,CC1(C)O[C@@H]2C[C@H]3[C@@H]4CCC5=CC(=O)CC[C@]5(C)[C@@]4(F)[C@@H](O)C[C@]3(C)[C@]2(C(=O)CCl)O1
HYDROXYPROGESTERONE CAPROATE,CHEMBL1200848,CCCCCC(=O)O[C@]1(C(C)=O)CC[C@H]2[C@@H]3CCC4=CC(=O)CC[C@]4(C)[C@H]3CC[C@@]21C
GANCICLOVIR SODIUM,CHEMBL1200850,Nc1nc([O-])c2ncn(COC(CO)CO)c2n1.[Na+]
HOMATROPINE METHYLBROMIDE,CHEMBL1200851,C[N+]1(C)[C@@H]2CC[C@H]1C[C@@H](OC(=O)C(O)c1ccccc1)C2.[Br-]
PENICILLIN V POTASSIUM,CHEMBL1200852,CC1(C)S[C@@H]2[C@H](NC(=O)COc3ccccc3)C(=O)N2[C@H]1C(=O)[O-].[K+]
DYDROGESTERONE,CHEMBL1200853,CC(=O)[C@H]1CC[C@H]2[C@@H]3C=CC4=CC(=O)CC[C@@]4(C)[C@@H]3CC[C@]12C
FLUPHENAZINE DECANOATE,CHEMBL1200854,CCCCCCCCCC(=O)OCCN1CCN(CCCN2c3ccccc3Sc3ccc(C(F)(F)F)cc32)CC1
TICARCILLIN DISODIUM,CHEMBL1200855,CC1(C)S[C@@H]2[C@H](NC(=O)[C@H](C(=O)[O-])c3ccsc3)C(=O)N2[C@H]1C(=O)[O-].[Na+].[Na+]
ISOSULFAN BLUE,CHEMBL1200859,CCN(CC)c1ccc(C(=C2C=CC(=[N+](CC)CC)C=C2)c2cc(S(=O)(=O)[O-])ccc2S(=O)(=O)[O-])cc1.[Na+]
METYROSINE,CHEMBL1200862,C[C@](N)(Cc1ccc(O)cc1)C(=O)O
MELPHALAN HYDROCHLORIDE,CHEMBL1200863,Cl.N[C@@H](Cc1ccc(N(CCCl)CCCl)cc1)C(=O)O
LOTEPREDNOL ETABONATE,CHEMBL1200865,CCOC(=O)O[C@]1(C(=O)OCCl)CC[C@H]2[C@@H]3CCC4=CC(=O)C=C[C@]4(C)[C@H]3[C@@H](O)C[C@@]21C
PERFLUBRON,CHEMBL1200866,FC(F)(F)C(F)(F)C(F)(F)C(F)(F)C(F)(F)C(F)(F)C(F)(F)C(F)(F)Br
PHENYL AMINOSALICYLATE,CHEMBL1200868,Nc1ccc(C(=O)Oc2ccccc2)c(O)c1
METRONIDAZOLE HYDROCHLORIDE,CHEMBL1200869,Cc1ncc([N+](=O)[O-])n1CCO.Cl
TIMOLOL MALEATE,CHEMBL1200870,CC(C)(C)NC[C@H](O)COc1nsnc1N1CCOCC1.O=C(O)/C=C\C(=O)O
PHENTOLAMINE MESYLATE,CHEMBL1200873,CS(=O)(=O)O.Cc1ccc(N(CC2=NCCN2)c2cccc(O)c2)cc1
TOLBUTAMIDE SODIUM,CHEMBL1200874,CCCCNC(=O)[N-]S(=O)(=O)c1ccc(C)cc1.[Na+]
FLAVOXATE HYDROCHLORIDE,CHEMBL1200875,Cc1c(-c2ccccc2)oc2c(C(=O)OCCN3CCCCC3)cccc2c1=O.Cl
FLUMETHASONE PIVALATE,CHEMBL1200877,C[C@@H]1C[C@H]2[C@@H]3C[C@H](F)C4=CC(=O)C=C[C@]4(C)[C@@]3(F)[C@@H](O)C[C@]2(C)[C@@]1(O)C(=O)COC(=O)C(C)(C)C
TRIAMCINOLONE HEXACETONIDE,CHEMBL1200878,CC(C)(C)CC(=O)OCC(=O)[C@@]12OC(C)(C)O[C@@H]1C[C@H]1[C@@H]3CCC4=CC(=O)C=C[C@]4(C)[C@@]3(F)[C@@H](O)C[C@@]12C
WARFARIN SODIUM,CHEMBL1200879,CC(=O)CC(c1ccccc1)c1c([O-])c2ccccc2oc1=O.[Na+]
DIPHEMANIL METHYLSULFATE,CHEMBL1200880,COS(=O)(=O)[O-].C[N+]1(C)CCC(=C(c2ccccc2)c2ccccc2)CC1
MINOCYCLINE HYDROCHLORIDE,CHEMBL1200881,CN(C)c1ccc(O)c2c1C[C@H]1C[C@H]3[C@H](N(C)C)C(O)=C(C(N)=O)C(=O)[C@@]3(O)C(O)=C1C2=O.Cl
THONZONIUM BROMIDE,CHEMBL1200883,CCCCCCCCCCCCCCCC[N+](C)(C)CCN(Cc1ccc(OC)cc1)c1ncccn1.[Br-]
ALOSETRON HYDROCHLORIDE,CHEMBL1200885,Cc1[nH]cnc1CN1CCc2c(c3ccccc3n2C)C1=O.Cl
TRIMETHOBENZAMIDE HYDROCHLORIDE,CHEMBL1200887,COc1cc(C(=O)NCc2ccc(OCCN(C)C)cc2)cc(OC)c1OC.Cl
OXYCODONE HYDROCHLORIDE,CHEMBL1200890,COc1ccc2c3c1O[C@H]1C(=O)CC[C@@]4(O)[C@@H](C2)N(C)CC[C@]314.Cl
OXYPHENCYCLIMINE HYDROCHLORIDE,CHEMBL1200891,CN1CCCN=C1COC(=O)C(O)(c1ccccc1)C1CCCCC1.Cl
PROTOKYLOL HYDROCHLORIDE,CHEMBL1200893,CC(Cc1ccc2c(c1)OCO2)NCC(O)c1ccc(O)c(O)c1.Cl
PHENELZINE SULFATE,CHEMBL1200895,NNCCc1ccccc1.O=S(=O)(O)O
DINOPROST TROMETHAMINE,CHEMBL1200896,CCCCC[C@H](O)/C=C/[C@@H]1[C@@H](C/C=C\CCCC(=O)O)[C@@H](O)C[C@H]1O.NC(CO)(CO)CO
TYROPANOATE SODIUM,CHEMBL1200899,CCCC(=O)Nc1c(I)cc(I)c(CC(CC)C(=O)[O-])c1I.[Na+]
HALOFANTRINE HYDROCHLORIDE,CHEMBL1200901,CCCCN(CCCC)CCC(O)c1cc2c(Cl)cc(Cl)cc2c2cc(C(F)(F)F)ccc12.Cl
SECOBARBITAL SODIUM,CHEMBL1200903,C=CCC1(C(C)CCC)C(=O)[N-]C(=O)NC1=O.[Na+]
SELEGILINE HYDROCHLORIDE,CHEMBL1200904,C#CCN(C)[C@H](C)Cc1ccccc1.Cl
OXYPHENONIUM BROMIDE,CHEMBL1200906,CC[N+](C)(CC)CCOC(=O)C(O)(c1ccccc1)C1CCCCC1.[Br-]
TRILOSTANE,CHEMBL1200907,C[C@]12CC[C@H]3[C@@H](CC[C@@]45O[C@@H]4C(O)=C(C#N)C[C@]35C)[C@@H]1CC[C@@H]2O
HALOBETASOL PROPIONATE,CHEMBL1200908,CCC(=O)O[C@]1(C(=O)CCl)[C@@H](C)C[C@H]2[C@@H]3C[C@H](F)C4=CC(=O)C=C[C@]4(C)[C@@]3(F)[C@@H](O)C[C@@]21C
PREDNISOLONE TEBUTATE,CHEMBL1200909,CC(C)(C)CC(=O)OCC(=O)[C@@]1(O)CC[C@H]2[C@@H]3CCC4=CC(=O)C=C[C@]4(C)[C@H]3[C@@H](O)C[C@@]21C
SULFISOXAZOLE ACETYL,CHEMBL1200910,CC(=O)N(c1onc(C)c1C)S(=O)(=O)c1ccc(N)cc1
PHENTERMINE HYDROCHLORIDE,CHEMBL1200912,CC(C)(N)Cc1ccccc1.Cl
TAMSULOSIN HYDROCHLORIDE,CHEMBL1200914,CCOc1ccccc1OCCN[C@H](C)Cc1ccc(OC)c(S(N)(=O)=O)c1.Cl
THIORIDAZINE HYDROCHLORIDE,CHEMBL1200916,CSc1ccc2c(c1)N(CCC1CCCCN1C)c1ccccc1S2.Cl
ISOETHARINE HYDROCHLORIDE,CHEMBL1200920,CCC(NC(C)C)C(O)c1ccc(O)c(O)c1.Cl
MEBUTAMATE,CHEMBL1200922,CCC(C)C(C)(COC(N)=O)COC(N)=O
"POTASSIUM PHOSPHATE, MONOBASIC",CHEMBL1200925,O=P([O-])(O)O.[K+]
DEXCHLORPHENIRAMINE MALEATE,CHEMBL1200927,CN(C)CC[C@@H](c1ccc(Cl)cc1)c1ccccn1.O=C(O)/C=C\C(=O)O
ZINC ACETATE ANHYDROUS,CHEMBL1200928,CC(=O)[O-].CC(=O)[O-].[Zn+2]
ZINC SULFATE,CHEMBL1200929,O=S(=O)([O-])[O-].[Zn+2]
RABEPRAZOLE SODIUM,CHEMBL1200930,COCCCOc1ccnc(C[S+]([O-])c2nc3ccccc3[n-]2)c1C.[Na+]
IOPAMIDOL,CHEMBL1200932,C[C@H](O)C(=O)Nc1c(I)c(C(=O)NC(CO)CO)c(I)c(C(=O)NC(CO)CO)c1I
HEXAFLUORENIUM BROMIDE,CHEMBL1200933,C[N+](C)(CCCCCC[N+](C)(C)C1c2ccccc2-c2ccccc21)C1c2ccccc2-c2ccccc21.[Br-].[Br-]
NORGESTIMATE,CHEMBL1200934,C#C[C@]1(OC(C)=O)CC[C@H]2[C@@H]3CCC4=C/C(=N/O)CC[C@@H]4[C@H]3CC[C@@]21CC
DARIFENACIN HYDROBROMIDE,CHEMBL1200935,Br.NC(=O)C(c1ccccc1)(c1ccccc1)[C@@H]1CCN(CCc2ccc3c(c2)CCO3)C1
PENICILLIN G PROCAINE,CHEMBL1200936,CC1(C)S[C@@H]2[C@H](NC(=O)Cc3ccccc3)C(=O)N2[C@H]1C(=O)O.CCN(CC)CCOC(=O)c1ccc(N)cc1.O
DALFOPRISTIN,CHEMBL1200937,CCN(CC)CCS(=O)(=O)[C@@H]1CCN2C(=O)c3coc(n3)CC(=O)C[C@H](O)/C=C(C)/C=C/CNC(=O)/C=C/[C@@H](C)[C@@H](C(C)C)OC(=O)[C@@H]12
METHYSERGIDE MALEATE,CHEMBL1200938,CC[C@@H](CO)NC(=O)[C@@H]1C=C2c3cccc4c3c(cn4C)C[C@H]2N(C)C1.O=C(O)/C=C\C(=O)O
AMMONIUM CHLORIDE,CHEMBL1200939,Cl.N
METOCLOPRAMIDE HYDROCHLORIDE,CHEMBL1200940,CCN(CC)CCNC(=O)c1cc(Cl)c(N)cc1OC.Cl.O
THIAMINE HYDROCHLORIDE,CHEMBL1200941,Cc1ncc(C[n+]2csc(CCO)c2C)c(N)n1.Cl.[Cl-]
SULBACTAM SODIUM,CHEMBL1200944,CC1(C)[C@H](C(=O)[O-])N2C(=O)C[C@H]2S1(=O)=O.[Na+]
PENTETATE CALCIUM TRISODIUM,CHEMBL1200945,O=C([O-])CN(CCN(CC(=O)[O-])CC(=O)[O-])CCN(CC(=O)[O-])CC(=O)[O-].[Ca+2].[Na+].[Na+].[Na+]
NANDROLONE DECANOATE,CHEMBL1200946,CCCCCCCCCC(=O)O[C@H]1CC[C@H]2[C@@H]3CCC4=CC(=O)CC[C@@H]4[C@H]3CC[C@]12C
METIPRANOLOL HYDROCHLORIDE,CHEMBL1200947,CC(=O)Oc1c(C)cc(OCC(O)CNC(C)C)c(C)c1C.Cl
TRIMIPRAMINE MALEATE,CHEMBL1200948,CC(CN(C)C)CN1c2ccccc2CCc2ccccc21.O=C(O)/C=C\C(=O)O
BETAZOLE HYDROCHLORIDE,CHEMBL1200949,Cl.NCCc1cc[nH]n1
CLIDINIUM BROMIDE,CHEMBL1200950,C[N+]12CCC(CC1)C(OC(=O)C(O)(c1ccccc1)c1ccccc1)C2.[Br-]
FLUPHENAZINE ENANTHATE,CHEMBL1200951,CCCCCCC(=O)OCCN1CCN(CCCN2c3ccccc3Sc3ccc(C(F)(F)F)cc32)CC1
METHAMPHETAMINE HYDROCHLORIDE,CHEMBL1200952,CN[C@@H](C)Cc1ccccc1.Cl
HYDROCORTISONE PROBUTATE,CHEMBL1200953,CCCC(=O)O[C@]1(C(=O)COC(=O)CC)CC[C@H]2[C@@H]3CCC4=CC(=O)CC[C@]4(C)[C@H]3[C@@H](O)C[C@@]21C
MYCOPHENOLATE MOFETIL HYDROCHLORIDE,CHEMBL1200955,COc1c(C)c2c(c(O)c1C/C=C(\C)CCC(=O)OCCN1CCOCC1)C(=O)OC2.Cl
METHDILAZINE,CHEMBL1200959,CN1CCC(CN2c3ccccc3Sc3ccccc32)C1
BROMPHENIRAMINE MALEATE,CHEMBL1200961,CN(C)CCC(c1ccc(Br)cc1)c1ccccn1.O=C(O)/C=C\C(=O)O
CEFEPIME HYDROCHLORIDE,CHEMBL1200962,CO/N=C(\C(=O)N[C@@H]1C(=O)N2C(C(=O)O)=C(C[N+]3(C)CCCC3)CS[C@H]12)c1csc(N)n1.Cl.O.[Cl-]
BIMATOPROST,CHEMBL1200963,CCNC(=O)CCC/C=C\C[C@@H]1[C@@H](/C=C/[C@@H](O)CCc2ccccc2)[C@H](O)C[C@@H]1O
AMITRIPTYLINE HYDROCHLORIDE,CHEMBL1200964,CN(C)CCC=C1c2ccccc2CCc2ccccc21.Cl
BACAMPICILLIN HYDROCHLORIDE,CHEMBL1200965,CCOC(=O)OC(C)OC(=O)[C@@H]1N2C(=O)[C@@H](NC(=O)[C@H](N)c3ccccc3)[C@H]2SC1(C)C.Cl
BROMODIPHENHYDRAMINE HYDROCHLORIDE,CHEMBL1200967,CN(C)CCOC(c1ccccc1)c1ccc(Br)cc1.Cl
HYDROCORTISONE SODIUM PHOSPHATE,CHEMBL1200968,C[C@]12CCC(=O)C=C1CC[C@@H]1[C@@H]2[C@@H](O)C[C@@]2(C)[C@H]1CC[C@]2(O)C(=O)COP(=O)([O-])[O-].[Na+].[Na+]
DUTASTERIDE,CHEMBL1200969,C[C@]12C=CC(=O)N[C@@H]1CC[C@@H]1[C@@H]2CC[C@]2(C)[C@@H](C(=O)Nc3cc(C(F)(F)F)ccc3C(F)(F)F)CC[C@@H]12
ETHOPROPAZINE HYDROCHLORIDE,CHEMBL1200970,CCN(CC)C(C)CN1c2ccccc2Sc2ccccc21.Cl
CEPHALOGLYCIN,CHEMBL1200971,CC(=O)OCC1=C(C(=O)O)N2C(=O)[C@@H](NC(=O)[C@H](N)c3ccccc3)[C@H]2SC1
CHLOPHEDIANOL HYDROCHLORIDE,CHEMBL1200972,CN(C)CCC(O)(c1ccccc1)c1ccccc1Cl.Cl
ESTRADIOL CYPIONATE,CHEMBL1200973,C[C@]12CC[C@@H]3c4ccc(O)cc4CC[C@H]3[C@@H]1CC[C@@H]2OC(=O)CCC1CCCC1
CARBINOXAMINE MALEATE,CHEMBL1200974,CN(C)CCOC(c1ccc(Cl)cc1)c1ccccn1.O=C(O)/C=C\C(=O)O
CLOCORTOLONE PIVALATE,CHEMBL1200975,C[C@@H]1C[C@H]2[C@@H]3C[C@H](F)C4=CC(=O)C=C[C@]4(C)[C@@]3(Cl)[C@@H](O)C[C@]2(C)[C@H]1C(=O)COC(=O)C(C)(C)C
IDARUBICIN HYDROCHLORIDE,CHEMBL1200976,CC(=O)[C@]1(O)Cc2c(O)c3c(c(O)c2[C@@H](O[C@H]2C[C@H](N)[C@H](O)[C@H](C)O2)C1)C(=O)c1ccccc1C3=O.Cl
MILRINONE LACTATE,CHEMBL1200977,CC(O)C(=O)O.Cc1[nH]c(=O)c(C#N)cc1-c1ccncc1
DEXPANTHENOL,CHEMBL1200979,CC(C)(CO)[C@@H](O)C(=O)NCCCO
ESTROPIPATE,CHEMBL1200980,C1CNCCN1.C[C@]12CC[C@@H]3c4ccc(OS(=O)(=O)O)cc4CC[C@H]3[C@@H]1CCC2=O
EPIRUBICIN HYDROCHLORIDE,CHEMBL1200981,COc1cccc2c1C(=O)c1c(O)c3c(c(O)c1C2=O)C[C@@](O)(C(=O)CO)C[C@@H]3O[C@H]1C[C@H](N)[C@@H](O)[C@H](C)O1.Cl
BUTABARBITAL SODIUM,CHEMBL1200982,CCC(C)C1(CC)C(=O)[N-]C(=O)NC1=O.[Na+]
AMLODIPINE MALEATE,CHEMBL1200984,CCOC(=O)C1=C(COCCN)NC(C)=C(C(=O)OC)C1c1ccccc1Cl.O=C(O)/C=C\C(=O)O
CEFTIBUTEN DIHYDRATE,CHEMBL1200985,Nc1nc(/C(=C/CC(=O)O)C(=O)N[C@@H]2C(=O)N3C(C(=O)O)=CCS[C@H]23)cs1.O.O
HALOPERIDOL DECANOATE,CHEMBL1200986,CCCCCCCCCC(=O)OC1(c2ccc(Cl)cc2)CCN(CCCC(=O)c2ccc(F)cc2)CC1
EPROSARTAN MESYLATE,CHEMBL1200987,CCCCc1ncc(/C=C(\Cc2cccs2)C(=O)O)n1Cc1ccc(C(=O)O)cc1.CS(=O)(=O)O
METHANTHELINE BROMIDE,CHEMBL1200988,CC[N+](C)(CC)CCOC(=O)C1c2ccccc2Oc2ccccc21.[Br-]
ALCLOMETASONE DIPROPIONATE,CHEMBL1200989,CCC(=O)OCC(=O)[C@@]1(OC(=O)CC)[C@H](C)C[C@H]2[C@H]3[C@H]([C@@H](O)C[C@@]21C)[C@@]1(C)C=CC(=O)C=C1C[C@H]3Cl
CARBENICILLIN INDANYL SODIUM,CHEMBL1200991,CC1(C)S[C@@H]2[C@H](NC(=O)C(C(=O)Oc3ccc4c(c3)CCC4)c3ccccc3)C(=O)N2[C@H]1C(=O)[O-].[Na+]
GALLAMINE TRIETHIODIDE,CHEMBL1200993,CC[N+](CC)(CC)CCOc1cccc(OCC[N+](CC)(CC)CC)c1OCC[N+](CC)(CC)CC.[I-].[I-].[I-]
NITROFURANTOIN SODIUM,CHEMBL1201000,O=C1CN(/N=C/c2ccc([N+](=O)[O-])o2)C(=O)[N-]1.[Na+]
MECHLORETHAMINE HYDROCHLORIDE,CHEMBL1201001,CN(CCCl)CCCl.Cl
CARTEOLOL HYDROCHLORIDE,CHEMBL1201002,CC(C)(C)NCC(O)COc1cccc2c1CCC(=O)N2.Cl
ELETRIPTAN HYDROBROMIDE,CHEMBL1201003,Br.CN1CCC[C@@H]1Cc1c[nH]c2ccc(CCS(=O)(=O)c3ccccc3)cc12
CEFONICID SODIUM,CHEMBL1201005,O=C([O-])C1=C(CSc2nnnn2CS(=O)(=O)[O-])CS[C@@H]2[C@H](NC(=O)[C@H](O)c3ccccc3)C(=O)N12.[Na+].[Na+]
PYRILAMINE MALEATE,CHEMBL1201006,COc1ccc(CN(CCN(C)C)c2ccccn2)cc1.O=C(O)/C=C\C(=O)O
FLUDROCORTISONE ACETATE,CHEMBL1201010,CC(=O)OCC(=O)[C@@]1(O)CC[C@H]2[C@@H]3CCC4=CC(=O)CC[C@]4(C)[C@@]3(F)[C@@H](O)C[C@@]21C
QUINAPRIL HYDROCHLORIDE,CHEMBL1201011,CCOC(=O)[C@H](CCc1ccccc1)N[C@@H](C)C(=O)N1Cc2ccccc2C[C@H]1C(=O)O.Cl
FLURANDRENOLIDE,CHEMBL1201012,CC1(C)O[C@@H]2C[C@H]3[C@@H]4C[C@H](F)C5=CC(=O)CC[C@]5(C)[C@H]4[C@@H](O)C[C@]3(C)[C@]2(C(=O)CO)O1
OLSALAZINE SODIUM,CHEMBL1201013,O=C([O-])c1cc(/N=N/c2ccc(O)c(C(=O)[O-])c2)ccc1O.[Na+].[Na+]
PREDNISOLONE SODIUM PHOSPHATE,CHEMBL1201014,C[C@]12C=CC(=O)C=C1CC[C@@H]1[C@@H]2[C@@H](O)C[C@@]2(C)[C@H]1CC[C@]2(O)C(=O)COP(=O)([O-])[O-].[Na+].[Na+]
ALUMINUM ACETATE,CHEMBL1201015,CC(=O)[O-].CC(=O)[O-].CC(=O)[O-].[Al+3]
CEFPODOXIME PROXETIL,CHEMBL1201016,COCC1=C(C(=O)OC(C)OC(=O)OC(C)C)N2C(=O)[C@@H](NC(=O)/C(=N\OC)c3csc(N)n3)[C@H]2SC1
CEFACLOR,CHEMBL1201018,N[C@@H](C(=O)N[C@@H]1C(=O)N2C(C(=O)O)=C(Cl)CS[C@H]12)c1ccccc1.O
CEFTIZOXIME SODIUM,CHEMBL1201019,CO/N=C(\C(=O)N[C@@H]1C(=O)N2C(C(=O)[O-])=CCS[C@H]12)c1csc(N)n1.[Na+]
DISOPYRAMIDE PHOSPHATE,CHEMBL1201020,CC(C)N(CCC(C(N)=O)(c1ccccc1)c1ccccn1)C(C)C.O=P(O)(O)O
PHENAZOPYRIDINE HYDROCHLORIDE,CHEMBL1201022,Cl.Nc1ccc(/N=N/c2ccccc2)c(N)n1
ORPHENADRINE HYDROCHLORIDE,CHEMBL1201023,Cc1ccccc1C(OCCN(C)C)c1ccccc1.Cl
GLYCOPYRRONIUM BROMIDE,CHEMBL1201027,C[N+]1(C)CCC(OC(=O)C(O)(c2ccccc2)C2CCCC2)C1.[Br-]
RIZATRIPTAN BENZOATE,CHEMBL1201032,CN(C)CCc1c[nH]c2ccc(Cn3cncn3)cc12.O=C(O)c1ccccc1
IPODATE SODIUM,CHEMBL1201033,CN(C)/C=N/c1c(I)cc(I)c(CCC(=O)[O-])c1I.[Na+]
BIPERIDEN HYDROCHLORIDE,CHEMBL1201035,Cl.OC(CCN1CCCCC1)(c1ccccc1)C1CC2C=CC1C2
EFLORNITHINE HYDROCHLORIDE,CHEMBL1201037,Cl.NCCCC(N)(C(=O)O)C(F)F.O
ACRISORCIN,CHEMBL1201038,CCCCCCc1ccc(O)cc1O.Nc1c2ccccc2nc2ccccc12
BENZTHIAZIDE,CHEMBL1201039,NS(=O)(=O)c1cc2c(cc1Cl)N=C(CSCc1ccccc1)NS2(=O)=O
AZLOCILLIN SODIUM,CHEMBL1201041,CC1(C)S[C@@H]2[C@H](NC(=O)[C@H](NC(=O)N3CCNC3=O)c3ccccc3)C(=O)N2[C@H]1C(=O)[O-].[Na+]
ETIDRONATE DISODIUM,CHEMBL1201042,CC(O)(P(=O)([O-])O)P(=O)([O-])O.[Na+].[Na+]
CEPHAPIRIN SODIUM,CHEMBL1201043,CC(=O)OCC1=C(C(=O)[O-])N2C(=O)[C@@H](NC(=O)CSc3ccncc3)[C@H]2SC1.[Na+]
DAPIPRAZOLE HYDROCHLORIDE,CHEMBL1201044,Cc1ccccc1N1CCN(CCc2nnc3n2CCCC3)CC1.Cl
ACETRIZOATE SODIUM,CHEMBL1201045,CC(=O)Nc1c(I)cc(I)c(C(=O)[O-])c1I.O.[Na+]
CEFORANIDE,CHEMBL1201046,NCc1ccccc1CC(=O)N[C@@H]1C(=O)N2C(C(=O)O)=C(CSc3nnnn3CC(=O)O)CS[C@H]12
ANILERIDINE HYDROCHLORIDE,CHEMBL1201047,CCOC(=O)C1(c2ccccc2)CCN(CCc2ccc(N)cc2)CC1.Cl
DROMOSTANOLONE PROPIONATE,CHEMBL1201048,CCC(=O)O[C@H]1CC[C@H]2[C@@H]3CC[C@H]4CC(=O)[C@H](C)C[C@]4(C)[C@H]3CC[C@]12C
ECONAZOLE NITRATE,CHEMBL1201049,Clc1ccc(COC(Cn2ccnc2)c2ccc(Cl)cc2Cl)cc1.O=[N+]([O-])O
PEMIROLAST POTASSIUM,CHEMBL1201050,Cc1cccn2c(=O)c(-c3nnn[n-]3)cnc12.[K+]
CIMETIDINE HYDROCHLORIDE,CHEMBL1201051,CN/C(=N\CCSCc1nc[nH]c1C)NC#N.Cl
MESORIDAZINE BESYLATE,CHEMBL1201052,CN1CCCCC1CCN1c2ccccc2Sc2ccc([S+](C)[O-])cc21.O=S(=O)(O)c1ccccc1
SELENOMETHIONINE SE 75,CHEMBL1201054,C[75Se]CC[C@H](N)C(=O)O
SULFACYTINE,CHEMBL1201056,CCn1ccc(NS(=O)(=O)c2ccc(N)cc2)nc1=O
CILASTATIN SODIUM,CHEMBL1201057,CC1(C)C[C@@H]1C(=O)N/C(=C\CCCCSC[C@H](N)C(=O)O)C(=O)[O-].[Na+]
POTASSIUM ACETATE,CHEMBL1201058,CC(=O)[O-].[K+]
PROGUANIL HYDROCHLORIDE,CHEMBL1201059,CC(C)NC(=N)NC(=N)Nc1ccc(Cl)cc1.Cl
LOXAPINE HYDROCHLORIDE,CHEMBL1201060,CN1CCN(C2=Nc3ccccc3Oc3ccc(Cl)cc32)CC1.Cl
LEVALBUTEROL HYDROCHLORIDE,CHEMBL1201061,CC(C)(C)NC[C@H](O)c1ccc(O)c(CO)c1.Cl
PROPAFENONE HYDROCHLORIDE,CHEMBL1201063,CCCNCC(O)COc1ccccc1C(=O)CCc1ccccc1.Cl
FLUOROMETHOLONE ACETATE,CHEMBL1201064,CC(=O)O[C@]1(C(C)=O)CC[C@H]2[C@@H]3C[C@H](C)C4=CC(=O)C=C[C@]4(C)[C@@]3(F)[C@@H](O)C[C@@]21C
THIAMYLAL SODIUM,CHEMBL1201065,C=CCC1(C(C)CCC)C(=O)[N-]C(=S)NC1=O.[Na+]
VENLAFAXINE HYDROCHLORIDE,CHEMBL1201066,COc1ccc(C(CN(C)C)C2(O)CCCCC2)cc1.Cl
BIPERIDEN LACTATE,CHEMBL1201067,CC(O)C(=O)O.OC(CCN1CCCCC1)(c1ccccc1)C1CC2C=CC1C2
PROPIOMAZINE HYDROCHLORIDE,CHEMBL1201068,CCC(=O)c1ccc2c(c1)N(CC(C)N(C)C)c1ccccc1S2.Cl
TETRACYCLINE PHOSPHATE COMPLEX,CHEMBL1201071,CN(C)[C@@H]1C(O)=C(C(N)=O)C(=O)[C@@]2(O)C(O)=C3C(=O)c4c(O)cccc4[C@@](C)(O)[C@H]3C[C@@H]12.O=P(O)(O)O
SUCCIMER,CHEMBL1201073,O=C(O)[C@@H](S)[C@@H](S)C(=O)O
IOXILAN,CHEMBL1201075,CC(=O)N(CC(O)CO)c1c(I)c(C(=O)NCCO)c(I)c(C(=O)NCC(O)CO)c1I
TRIMETHOPRIM HYDROCHLORIDE,CHEMBL1201080,COc1cc(Cc2cnc(N)nc2N)cc(OC)c1OC.Cl
METHYLPREDNISOLONE SODIUM SUCCINATE,CHEMBL1201081,C[C@H]1C[C@@H]2[C@H]([C@@H](O)C[C@@]3(C)[C@H]2CC[C@]3(O)C(=O)COC(=O)CCC(=O)[O-])[C@@]2(C)C=CC(=O)C=C12.[Na+]
FLUOXETINE HYDROCHLORIDE,CHEMBL1201082,CNCCC(Oc1ccc(C(F)(F)F)cc1)c1ccccc1.Cl
SODIUM IODIDE I 123,CHEMBL1201083,[123I-].[Na+]
SODIUM IODIDE I 131,CHEMBL1201084,[131I-].[Na+]
CABERGOLINE,CHEMBL1201087,C=CCN1C[C@H](C(=O)N(CCCN(C)C)C(=O)NCC)C[C@@H]2c3cccc4[nH]cc(c34)C[C@H]21
DIPHENHYDRAMINE CITRATE,CHEMBL1201089,CN(C)CCOC(c1ccccc1)c1ccccc1.O=C(O)CC(O)(CC(=O)O)C(=O)O
RIVASTIGMINE TARTRATE,CHEMBL1201092,CCN(C)C(=O)Oc1cccc([C@H](C)N(C)C)c1.O=C(O)[C@H](O)[C@@H](O)C(=O)O
METHYL AMINOLEVULINATE HYDROCHLORIDE,CHEMBL1201093,COC(=O)CCC(=O)CN.Cl
KRYPTON KR 81M,CHEMBL1201096,[81Kr]
CEFOTETAN DISODIUM,CHEMBL1201098,CO[C@@]1(NC(=O)C2SC(=C(C(N)=O)C(=O)[O-])S2)C(=O)N2C(C(=O)[O-])=C(CSc3nnnn3C)CS[C@@H]21.[Na+].[Na+]
TESTOSTERONE CYPIONATE,CHEMBL1201101,C[C@]12CC[C@H]3[C@@H](CCC4=CC(=O)CC[C@@]43C)[C@@H]1CC[C@@H]2OC(=O)CCC1CCCC1
TRIFLUPROMAZINE HYDROCHLORIDE,CHEMBL1201102,CN(C)CCCN1c2ccccc2Sc2ccc(C(F)(F)F)cc21.Cl
METHOXAMINE HYDROCHLORIDE,CHEMBL1201103,COc1ccc(OC)c(C(O)C(C)N)c1.Cl
METHENAMINE HIPPURATE,CHEMBL1201104,C1N2CN3CN1CN(C2)C3.O=C(O)CNC(=O)c1ccccc1
CONIVAPTAN HYDROCHLORIDE,CHEMBL1201108,Cc1nc2c([nH]1)-c1ccccc1N(C(=O)c1ccc(NC(=O)c3ccccc3-c3ccccc3)cc1)CC2.Cl
DESONIDE,CHEMBL1201109,CC1(C)O[C@@H]2C[C@H]3[C@@H]4CCC5=CC(=O)C=C[C@]5(C)[C@H]4[C@@H](O)C[C@]3(C)[C@]2(C(=O)CO)O1
VALACYCLOVIR HYDROCHLORIDE,CHEMBL1201110,CC(C)[C@H](N)C(=O)OCCOCn1cnc2c(=O)nc(N)[nH]c21.Cl
NELARABINE,CHEMBL1201112,COc1nc(N)nc2c1ncn2[C@@H]1O[C@H](CO)[C@@H](O)[C@@H]1O
ESMOLOL HYDROCHLORIDE,CHEMBL1201115,COC(=O)CCc1ccc(OCC(O)CNC(C)C)cc1.Cl
HETACILLIN,CHEMBL1201116,CC1(C)S[C@@H]2[C@H](N3C(=O)[C@@H](c4ccccc4)NC3(C)C)C(=O)N2[C@H]1C(=O)O
METHOCARBAMOL,CHEMBL1201117,COc1ccccc1OCC(O)COC(N)=O
CEFMETAZOLE SODIUM,CHEMBL1201118,CO[C@@]1(NC(=O)CSCC#N)C(=O)N2C(C(=O)[O-])=C(CSc3nnnn3C)CS[C@@H]21.[Na+]
LIOTHYRONINE SODIUM,CHEMBL1201119,N[C@@H](Cc1cc(I)c(Oc2ccc(O)c(I)c2)c(I)c1)C(=O)[O-].[Na+]
REMIFENTANIL HYDROCHLORIDE,CHEMBL1201120,CCC(=O)N(c1ccccc1)C1(C(=O)OC)CCN(CCC(=O)OC)CC1.Cl
HETACILLIN POTASSIUM,CHEMBL1201121,CC1(C)S[C@@H]2[C@H](N3C(=O)[C@@H](c4ccccc4)NC3(C)C)C(=O)N2[C@H]1C(=O)[O-].[K+]
KETOROLAC TROMETHAMINE,CHEMBL1201124,NC(CO)(CO)CO.O=C(c1ccccc1)c1ccc2n1CCC2C(=O)O
IOTHALAMATE MEGLUMINE,CHEMBL1201125,CNC(=O)c1c(I)c(NC(C)=O)c(I)c(C(=O)O)c1I.CNC[C@H](O)[C@@H](O)[C@H](O)[C@H](O)CO
DARUNAVIR ETHANOLATE,CHEMBL1201127,CC(C)CN(C[C@@H](O)[C@H](Cc1ccccc1)NC(=O)O[C@H]1CO[C@H]2OCC[C@H]21)S(=O)(=O)c1ccc(N)cc1.CCO
DECITABINE,CHEMBL1201129,Nc1ncn([C@H]2C[C@H](O)[C@@H](CO)O2)c(=O)n1
PIPERONYL BUTOXIDE,CHEMBL1201131,CCCCOCCOCCOCc1cc2c(cc1CCC)OCO2
NALBUPHINE HYDROCHLORIDE,CHEMBL1201132,Cl.Oc1ccc2c3c1O[C@H]1[C@@H](O)CC[C@@]4(O)[C@@H](C2)N(CC2CCC2)CC[C@]314
LUBIPROSTONE,CHEMBL1201134,CCCCC(F)(F)[C@@]1(O)CC[C@H]2[C@@H](CC(=O)[C@@H]2CCCCCCC(=O)O)O1
LEUCOVORIN CALCIUM,CHEMBL1201138,Nc1nc(=O)c2c([nH]1)NCC(CNc1ccc(C(=O)N[C@@H](CCC(=O)[O-])C(=O)[O-])cc1)N2C=O.[Ca+2]
MEGESTROL ACETATE,CHEMBL1201139,CC(=O)O[C@]1(C(C)=O)CC[C@H]2[C@@H]3C=C(C)C4=CC(=O)CC[C@]4(C)[C@H]3CC[C@@]21C
IBUPROFEN LYSINE,CHEMBL1201141,CC(C)Cc1ccc(C(C)C(=O)O)cc1.NCCCC[C@H](N)C(=O)O
RASAGILINE MESYLATE,CHEMBL1201142,C#CCN[C@@H]1CCc2ccccc21.CS(=O)(=O)O
NORETHINDRONE ACETATE,CHEMBL1201146,C#C[C@]1(OC(C)=O)CC[C@H]2[C@@H]3CCC4=CC(=O)CC[C@@H]4[C@H]3CC[C@@]21C
OCTOCRYLENE,CHEMBL1201147,CCCCC(CC)COC(=O)C(C#N)=C(c1ccccc1)c1ccccc1
MEPREDNISONE,CHEMBL1201148,C[C@H]1C[C@H]2[C@@H]3CCC4=CC(=O)C=C[C@]4(C)[C@H]3C(=O)C[C@]2(C)[C@@]1(O)C(=O)CO
NALTREXONE HYDROCHLORIDE,CHEMBL1201149,Cl.O=C1CC[C@@]2(O)[C@H]3Cc4ccc(O)c5c4[C@@]2(CCN3CC2CC2)[C@H]1O5
SUMATRIPTAN SUCCINATE,CHEMBL1201150,CNS(=O)(=O)Cc1ccc2[nH]cc(CCN(C)C)c2c1.O=C(O)CCC(=O)O
MESTRANOL,CHEMBL1201151,C#C[C@]1(O)CC[C@H]2[C@@H]3CCc4cc(OC)ccc4[C@H]3CC[C@@]21C
NALMEFENE HYDROCHLORIDE,CHEMBL1201152,C=C1CC[C@@]2(O)[C@H]3Cc4ccc(O)c5c4[C@@]2(CCN3CC2CC2)[C@H]1O5.Cl
ISOETHARINE MESYLATE,CHEMBL1201153,CCC(NC(C)C)C(O)c1ccc(O)c(O)c1.CS(=O)(=O)O
PROCHLORPERAZINE EDISYLATE,CHEMBL1201154,CN1CCN(CCCN2c3ccccc3Sc3ccc(Cl)cc32)CC1.O=S(=O)(O)CCS(=O)(=O)O
LOXAPINE SUCCINATE,CHEMBL1201155,CN1CCN(C2=Nc3ccccc3Oc3ccc(Cl)cc32)CC1.O=C(O)CCC(=O)O
NORTRIPTYLINE HYDROCHLORIDE,CHEMBL1201156,CNCCC=C1c2ccccc2CCc2ccccc21.Cl
FENTANYL HYDROCHLORIDE,CHEMBL1201159,CCC(=O)N(c1ccccc1)C1CCN(CCc2ccccc2)CC1.Cl
MAFENIDE ACETATE,CHEMBL1201161,CC(=O)O.NCc1ccc(S(N)(=O)=O)cc1
DORZOLAMIDE HYDROCHLORIDE,CHEMBL1201162,CCN[C@H]1C[C@H](C)S(=O)(=O)c2sc(S(N)(=O)=O)cc21.Cl
SUFENTANIL CITRATE,CHEMBL1201163,CCC(=O)N(c1ccccc1)C1(COC)CCN(CCc2cccs2)CC1.O=C(O)CC(O)(CC(=O)O)C(=O)O
QUINESTROL,CHEMBL1201165,C#C[C@]1(O)CC[C@H]2[C@@H]3CCc4cc(OC5CCCC5)ccc4[C@H]3CC[C@@]21C
CARVEDILOL PHOSPHATE,CHEMBL1201167,COc1ccccc1OCCNCC(O)COc1cccc2[nH]c3ccccc3c12.O=P(O)(O)O
ISOCARBOXAZID,CHEMBL1201168,Cc1cc(C(=O)NNCc2ccccc2)no1
LITHIUM CITRATE ANHYDROUS,CHEMBL1201170,O=C([O-])CC(O)(CC(=O)[O-])C(=O)[O-].[Li+].[Li+].[Li+]
PRAMOXINE HYDROCHLORIDE,CHEMBL1201171,CCCCOc1ccc(OCCCN2CCOCC2)cc1.Cl
IODAMIDE MEGLUMINE,CHEMBL1201172,CC(=O)NCc1c(I)c(NC(C)=O)c(I)c(C(=O)O)c1I.CNC[C@H](O)[C@@H](O)[C@H](O)[C@H](O)CO
MEDRYSONE,CHEMBL1201173,CC(=O)[C@H]1CC[C@H]2[C@@H]3C[C@H](C)C4=CC(=O)CC[C@]4(C)[C@H]3[C@@H](O)C[C@]12C
SITAGLIPTIN PHOSPHATE,CHEMBL1201174,N[C@@H](CC(=O)N1CCn2c(nnc2C(F)(F)F)C1)Cc1cc(F)c(F)cc1F.O.O=P(O)(O)O
LEVOBUNOLOL HYDROCHLORIDE,CHEMBL1201177,CC(C)(C)NC[C@H](O)COc1cccc2c1CCCC2=O.Cl
LISDEXAMFETAMINE DIMESYLATE,CHEMBL1201178,CS(=O)(=O)O.CS(=O)(=O)O.C[C@@H](Cc1ccccc1)NC(=O)[C@@H](N)CCCCN
LAPATINIB DITOSYLATE,CHEMBL1201179,CS(=O)(=O)CCNCc1ccc(-c2ccc3ncnc(Nc4ccc(OCc5cccc(F)c5)c(Cl)c4)c3c2)o1.Cc1ccc(S(=O)(=O)O)cc1.Cc1ccc(S(=O)(=O)O)cc1.O
DICLOFENAC EPOLAMINE,CHEMBL1201180,O=C(O)Cc1ccccc1Nc1c(Cl)cccc1Cl.OCCN1CCCC1
TEMSIROLIMUS,CHEMBL1201182,CO[C@H]1C[C@@H]2CC[C@@H](C)[C@@](O)(O2)C(=O)C(=O)N2CCCC[C@H]2C(=O)O[C@H]([C@H](C)C[C@@H]2CC[C@@H](OC(=O)C(C)(CO)CO)[C@H](OC)C2)CC(=O)[C@H](C)/C=C(\C)[C@@H](O)[C@@H](OC)C(=O)[C@H](C)C[C@H](C)/C=C/C=C/C=C/1C
AMMONIA N 13,CHEMBL1201189,[13NH3]
LEVOCETIRIZINE DIHYDROCHLORIDE,CHEMBL1201190,Cl.Cl.O=C(O)COCCN1CCN([C@H](c2ccccc2)c2ccc(Cl)cc2)CC1
LEVOCETIRIZINE,CHEMBL1201191,O=C(O)COCCN1CCN([C@H](c2ccccc2)c2ccc(Cl)cc2)CC1
ARMODAFINIL,CHEMBL1201192,NC(=O)C[S@@+]([O-])C(c1ccccc1)c1ccccc1
LEVOBUPIVACAINE,CHEMBL1201193,CCCCN1CCCC[C@H]1C(=O)Nc1c(C)cccc1C
CEFMETAZOLE,CHEMBL1201195,CO[C@@]1(NC(=O)CSCC#N)C(=O)N2C(C(=O)O)=C(CSc3nnnn3C)CS[C@@H]21
SERTACONAZOLE,CHEMBL1201196,Clc1ccc(C(Cn2ccnc2)OCc2csc3c(Cl)cccc23)c(Cl)c1
ALATROFLOXACIN,CHEMBL1201197,C[C@H](N)C(=O)N[C@@H](C)C(=O)N[C@H]1[C@@H]2CN(c3nc4c(cc3F)c(=O)c(C(=O)O)cn4-c3ccc(F)cc3F)C[C@@H]21
PEMIROLAST,CHEMBL1201198,Cc1cccn2c(=O)c(-c3nnn[nH]3)cnc12
METHAMPHETAMINE,CHEMBL1201201,CN[C@@H](C)Cc1ccccc1
BENZTROPINE,CHEMBL1201203,CN1[C@@H]2CC[C@H]1C[C@@H](OC(c1ccccc1)c1ccccc1)C2
CEFPIRAMIDE,CHEMBL1201204,Cc1cc(O)c(C(=O)N[C@@H](C(=O)N[C@@H]2C(=O)N3C(C(=O)O)=C(CSc4nnnn4C)CS[C@H]23)c2ccc(O)cc2)cn1
PIPECURONIUM,CHEMBL1201206,CC(=O)O[C@H]1C[C@@H]2CC[C@@H]3[C@H](CC[C@@]4(C)[C@H]3C[C@H](N3CC[N+](C)(C)CC3)[C@@H]4OC(C)=O)[C@@]2(C)C[C@@H]1N1CC[N+](C)(C)CC1
BETAMETHASONE PHOSPHORIC ACID,CHEMBL1201207,C[C@H]1C[C@H]2[C@@H]3CCC4=CC(=O)C=C[C@]4(C)[C@@]3(F)[C@@H](O)C[C@]2(C)[C@@]1(O)C(=O)COP(=O)(O)O
PHENMETRAZINE,CHEMBL1201208,CC1NCCOC1c1ccccc1
PROPIOMAZINE,CHEMBL1201210,CCC(=O)c1ccc2c(c1)N(CC(C)N(C)C)c1ccccc1S2
MIDODRINE,CHEMBL1201212,COc1ccc(OC)c(C(O)CNC(=O)CN)c1
ISOETHARINE,CHEMBL1201213,CCC(NC(C)C)C(O)c1ccc(O)c(O)c1
DAPIPRAZOLE,CHEMBL1201216,Cc1ccccc1N1CCN(CCc2nnc3n2CCCC3)CC1
DYCLONINE,CHEMBL1201217,CCCCOc1ccc(C(=O)CCN2CCCCC2)cc1
CEFAMANDOLE NAFATE FREE BASE,CHEMBL1201218,Cn1nnnc1SCC1=C(C(=O)O)N2C(=O)[C@@H](NC(=O)[C@H](OC=O)c3ccccc3)[C@H]2SC1
VECURONIUM,CHEMBL1201219,CC(=O)O[C@H]1C[C@@H]2CC[C@@H]3[C@H](CC[C@@]4(C)[C@H]3C[C@H]([N+]3(C)CCCCC3)[C@@H]4OC(C)=O)[C@@]2(C)C[C@@H]1N1CCCCC1
DIATRIZOIC ACID,CHEMBL1201220,CC(=O)Nc1c(I)c(NC(C)=O)c(I)c(C(=O)O)c1I
LISDEXAMFETAMINE,CHEMBL1201222,C[C@@H](Cc1ccccc1)NC(=O)[C@@H](N)CCCCN
CEFMENOXIME,CHEMBL1201224,CO/N=C(\C(=O)N[C@@H]1C(=O)N2C(C(=O)O)=C(CSc3nnnn3C)CS[C@H]12)c1csc(N)n1
CYCRIMINE,CHEMBL1201227,OC(CCN1CCCCC1)(c1ccccc1)C1CCCC1
DEMECARIUM,CHEMBL1201229,CN(CCCCCCCCCCN(C)C(=O)Oc1cccc([N+](C)(C)C)c1)C(=O)Oc1cccc([N+](C)(C)C)c1
PREDNISOLONE PHOSPHORIC ACID,CHEMBL1201231,C[C@]12C=CC(=O)C=C1CC[C@@H]1[C@@H]2[C@@H](O)C[C@@]2(C)[C@H]1CC[C@]2(O)C(=O)COP(=O)(O)O
ISOPROPAMIDE,CHEMBL1201232,CC(C)[N+](C)(CCC(C(N)=O)(c1ccccc1)c1ccccc1)C(C)C
METHYLDOPATE,CHEMBL1201233,CCOC(=O)[C@@](C)(N)Cc1ccc(O)c(O)c1
MEPHENTERMINE,CHEMBL1201234,CNC(C)(C)Cc1ccccc1
METHYLHOMATROPINE,CHEMBL1201235,C[N+]1(C)[C@@H]2CC[C@H]1C[C@@H](OC(=O)C(O)c1ccccc1)C2
CARBIDOPA ANHYDROUS,CHEMBL1201236,C[C@@](Cc1ccc(O)c(O)c1)(NN)C(=O)O
LEVOBUNOLOL,CHEMBL1201237,CC(C)(C)NC[C@H](O)COc1cccc2c1CCCC2=O
IODAMIDE,CHEMBL1201239,CC(=O)NCc1c(I)c(NC(C)=O)c(I)c(C(=O)O)c1I
INDECAINIDE,CHEMBL1201242,CC(C)NCCCC1(C(N)=O)c2ccccc2-c2ccccc21
IPODATE,CHEMBL1201243,CN(C)/C=N/c1c(I)cc(I)c(CCC(=O)O)c1I
ROCURONIUM,CHEMBL1201244,C=CC[N+]1([C@H]2C[C@H]3[C@@H]4CC[C@H]5C[C@H](O)[C@@H](N6CCOCC6)C[C@]5(C)[C@H]4CC[C@]3(C)[C@H]2OC(C)=O)CCCC1
BROMODIPHENHYDRAMINE,CHEMBL1201245,CN(C)CCOC(c1ccccc1)c1ccc(Br)cc1
CISATRACURIUM,CHEMBL1201248,COc1ccc(C[C@@H]2c3cc(OC)c(OC)cc3CC[N@+]2(C)CCC(=O)OCCCCCOC(=O)CC[N@@+]2(C)CCc3cc(OC)c(OC)cc3[C@H]2Cc2ccc(OC)c(OC)c2)cc1OC
BENZQUINAMIDE,CHEMBL1201250,CCN(CC)C(=O)C1CN2CCc3cc(OC)c(OC)cc3C2CC1OC(C)=O
ARBUTAMINE,CHEMBL1201251,Oc1ccc(CCCCNC[C@H](O)c2ccc(O)c(O)c2)cc1
TRIMETHOBENZAMIDE,CHEMBL1201256,COc1cc(C(=O)NCc2ccc(OCCN(C)C)cc2)cc(OC)c1OC
BETHANIDINE,CHEMBL1201260,C/N=C(\NC)NCc1ccccc1
TYROPANOIC ACID,CHEMBL1201261,CCCC(=O)Nc1c(I)cc(I)c(CC(CC)C(=O)O)c1I
DIPIVEFRIN,CHEMBL1201262,CNCC(O)c1ccc(OC(=O)C(C)(C)C)c(OC(=O)C(C)(C)C)c1
HYDROCORTAMATE,CHEMBL1201263,CCN(CC)CC(=O)OCC(=O)[C@@]1(O)CC[C@H]2[C@@H]3CCC4=CC(=O)CC[C@]4(C)[C@H]3[C@@H](O)C[C@@]21C
METHANTHELINE,CHEMBL1201264,CC[N+](C)(CC)CCOC(=O)C1c2ccccc2Oc2ccccc21
METHYLPREDNISOLONE HEMISUCCINATE,CHEMBL1201265,C[C@H]1C[C@@H]2[C@H]([C@@H](O)C[C@@]3(C)[C@H]2CC[C@]3(O)C(=O)COC(=O)CCC(=O)O)[C@@]2(C)C=CC(=O)C=C12
LODOXAMIDE,CHEMBL1201266,N#Cc1cc(NC(=O)C(=O)O)c(Cl)c(NC(=O)C(=O)O)c1
CHLORPHENTERMINE,CHEMBL1201269,CC(C)(N)Cc1ccc(Cl)cc1
METHENAMINE,CHEMBL1201270,C1N2CN3CN1CN(C2)C3
BUCLIZINE,CHEMBL1201271,CC(C)(C)c1ccc(CN2CCN(C(c3ccccc3)c3ccc(Cl)cc3)CC2)cc1
PROTOKYLOL,CHEMBL1201273,CC(Cc1ccc2c(c1)OCO2)NCC(O)c1ccc(O)c(O)c1
LEVOBETAXOLOL,CHEMBL1201274,CC(C)NC[C@H](O)COc1ccc(CCOCC2CC2)cc1
ISOSULFAN BLUE INNER SALT,CHEMBL1201275,CCN(CC)c1ccc(C(=C2C=CC(=[N+](CC)CC)C=C2)c2cc(S(=O)(=O)[O-])ccc2S(=O)(=O)O)cc1
CHLORAMPHENICOL SUCCINIC ACID,CHEMBL1201281,O=C(O)CCC(=O)OC[C@@H](NC(=O)C(Cl)Cl)[C@H](O)c1ccc([N+](=O)[O-])cc1
CINACALCET,CHEMBL1201284,C[C@@H](NCCCc1cccc(C(F)(F)F)c1)c1cccc2ccccc12
OXYPHENONIUM,CHEMBL1201286,CC[N+](C)(CC)CCOC(=O)C(O)(c1ccccc1)C1CCCCC1
DEXBROMPHENIRAMINE,CHEMBL1201287,CN(C)CC[C@@H](c1ccc(Br)cc1)c1ccccn1
DANTROLENE,CHEMBL1201288,O=C1CN(/N=C/c2ccc(-c3ccc([N+](=O)[O-])cc3)o2)C(=O)N1
CLINDAMYCIN PALMITATE,CHEMBL1201289,CCCCCCCCCCCCCCCC(=O)O[C@@H]1[C@@H](O)[C@@H](O)[C@@H]([C@H](NC(=O)[C@@H]2C[C@@H](CCC)CN2C)[C@H](C)Cl)O[C@@H]1SC
IOXAGLIC ACID,CHEMBL1201291,CNC(=O)c1c(I)c(C(=O)NCC(=O)Nc2c(I)c(C(=O)O)c(I)c(C(=O)NCCO)c2I)c(I)c(N(C)C(C)=O)c1I
ACAMPROSATE,CHEMBL1201293,CC(=O)NCCCS(=O)(=O)O
DIPHENOXYLATE,CHEMBL1201294,CCOC(=O)C1(c2ccccc2)CCN(CCC(C#N)(c2ccccc2)c2ccccc2)CC1
BITOLTEROL,CHEMBL1201295,Cc1ccc(C(=O)Oc2ccc(C(O)CNC(C)(C)C)cc2OC(=O)c2ccc(C)cc2)cc1
IOTHALAMIC ACID,CHEMBL1201300,CNC(=O)c1c(I)c(NC(C)=O)c(I)c(C(=O)O)c1I
DEXAMETHASONE PHOSPHORIC ACID,CHEMBL1201302,C[C@@H]1C[C@H]2[C@@H]3CCC4=CC(=O)C=C[C@]4(C)[C@@]3(F)[C@@H](O)C[C@]2(C)[C@@]1(O)C(=O)COP(=O)(O)O
PYRVINIUM,CHEMBL1201303,Cc1cc(/C=C/c2ccc3cc(N(C)C)ccc3[n+]2C)c(C)n1-c1ccccc1
INDOCYANINE GREEN ACID FORM,CHEMBL1201304,CC1(C)C(/C=C/C=C/C=C/C=C2\N(CCCCS(=O)(=O)O)c3ccc4ccccc4c3C2(C)C)=[N+](CCCCS(=O)(=O)[O-])c2ccc3ccccc3c21
IOFETAMINE,CHEMBL1201308,CC(C)NC(C)Cc1ccc(I)cc1
CHLOPHEDIANOL,CHEMBL1201313,CN(C)CCC(O)(c1ccccc1)c1ccccc1Cl
VALGANCICLOVIR,CHEMBL1201314,CC(C)[C@H](N)C(=O)OCC(CO)OCn1cnc2c(=O)[nH]c(N)nc21
TRICLOFOS,CHEMBL1201317,O=P(O)(O)OCC(Cl)(Cl)Cl
METARAMINOL,CHEMBL1201319,C[C@H](N)[C@H](O)c1cccc(O)c1
ESOMEPRAZOLE,CHEMBL1201320,COc1ccc2[nH]c([S@@+]([O-])Cc3ncc(C)c(OC)c3C)nc2c1
DIFENOXIN,CHEMBL1201321,N#CC(CCN1CCC(C(=O)O)(c2ccccc2)CC1)(c1ccccc1)c1ccccc1
THONZONIUM,CHEMBL1201322,CCCCCCCCCCCCCCCC[N+](C)(C)CCN(Cc1ccc(OC)cc1)c1ncccn1
BETAZOLE,CHEMBL1201323,NCCc1cc[nH]n1
HEXOCYCLIUM,CHEMBL1201325,C[N+]1(C)CCN(CC(O)(c2ccccc2)C2CCCCC2)CC1
ACETRIZOIC ACID,CHEMBL1201327,CC(=O)Nc1c(I)cc(I)c(C(=O)O)c1I
CARPHENAZINE,CHEMBL1201328,CCC(=O)c1ccc2c(c1)N(CCCN1CCN(CCO)CC1)c1ccccc1S2
TRIMETHAPHAN,CHEMBL1201329,O=C1N(Cc2ccccc2)C2C[S+]3CCCC3C2N1Cc1ccccc1
GLYCOPYRRONIUM,CHEMBL1201335,C[N+]1(C)CCC(OC(=O)C(O)(c2ccccc2)C2CCCC2)C1
FOSPHENYTOIN,CHEMBL1201336,O=C1NC(c2ccccc2)(c2ccccc2)C(=O)N1COP(=O)(O)O
CYCLOPENTOLATE,CHEMBL1201338,CN(C)CCOC(=O)C(c1ccccc1)C1(O)CCCC1
DIPHEMANIL,CHEMBL1201340,C[N+]1(C)CCC(=C(c2ccccc2)c2ccccc2)CC1
ECHOTHIOPHATE,CHEMBL1201341,CCOP(=O)(OCC)SCC[N+](C)(C)C
METHIXENE,CHEMBL1201342,CN1CCCC(CC2c3ccccc3Sc3ccccc32)C1
TETRADECYL SULFURIC ACID,CHEMBL1201345,CCCCC(CC)CCC(CC(C)C)OS(=O)(=O)O
BALSALAZIDE,CHEMBL1201346,O=C(O)CCNC(=O)c1ccc(/N=N/c2ccc(O)c(C(=O)O)c2)cc1
ANILERIDINE,CHEMBL1201347,CCOC(=O)C1(c2ccccc2)CCN(CCc2ccc(N)cc2)CC1
MENADIOL DIPHOSPHORIC ACID,CHEMBL1201348,Cc1cc(OP(=O)(O)O)c2ccccc2c1OP(=O)(O)O
HEXAFLUORENIUM,CHEMBL1201349,C[N+](C)(CCCCCC[N+](C)(C)C1c2ccccc2-c2ccccc21)C1c2ccccc2-c2ccccc21
RAPACURONIUM,CHEMBL1201352,C=CC[N+]1([C@H]2C[C@H]3[C@@H]4CC[C@H]5C[C@H](OC(C)=O)[C@@H](N6CCCCC6)C[C@]5(C)[C@H]4CC[C@]3(C)[C@H]2OC(=O)CC)CCCCC1
DEXCHLORPHENIRAMINE,CHEMBL1201353,CN(C)CC[C@@H](c1ccc(Cl)cc1)c1ccccn1
TRIDIHEXETHYL,CHEMBL1201354,CC[N+](CC)(CC)CCC(O)(c1ccccc1)C1CCCCC1
METHYLERGONOVINE,CHEMBL1201356,CC[C@@H](CO)NC(=O)[C@@H]1C=C2c3cccc4[nH]cc(c34)C[C@H]2N(C)C1
DESVENLAFAXINE SUCCINATE,CHEMBL1201728,CN(C)CC(c1ccc(O)cc1)C1(O)CCCCC1.O=C(O)CCC(=O)O
DRONEDARONE HYDROCHLORIDE,CHEMBL1201729,CCCCc1oc2ccc(NS(C)(=O)=O)cc2c1C(=O)c1ccc(OCCCN(CCCC)CCCC)cc1.Cl
NEBIVOLOL HYDROCHLORIDE,CHEMBL1201731,Cl.OC(CNCC(O)C1CCc2cc(F)ccc2O1)C1CCc2cc(F)ccc2O1
PAZOPANIB HYDROCHLORIDE,CHEMBL1201733,Cc1ccc(Nc2nccc(N(C)c3ccc4c(C)n(C)nc4c3)n2)cc1S(N)(=O)=O.Cl
BENDAMUSTINE HYDROCHLORIDE,CHEMBL1201734,Cl.Cn1c(CCCC(=O)O)nc2cc(N(CCCl)CCCl)ccc21
BUPROPION HYDROBROMIDE,CHEMBL1201735,Br.CC(NC(C)(C)C)C(=O)c1cccc(Cl)c1
NILOTINIB HYDROCHLORIDE MONOHYDRATE,CHEMBL1201740,Cc1cn(-c2cc(NC(=O)c3ccc(C)c(Nc4nccc(-c5cccnc5)n4)c3)cc(C(F)(F)F)c2)cn1.Cl.O
SAXAGLIPTIN HYDROCHLORIDE,CHEMBL1201743,Cl.N#C[C@@H]1C[C@@H]2C[C@@H]2N1C(=O)[C@@H](N)C12CC3CC(CC(O)(C3)C1)C2
CHOLINE FENOFIBRATE,CHEMBL1201745,CC(C)(Oc1ccc(C(=O)c2ccc(Cl)cc2)cc1)C(=O)[O-].C[N+](C)(C)CCO
PRALATREXATE,CHEMBL1201746,C#CCC(Cc1cnc2nc(N)nc(N)c2n1)c1ccc(C(=O)N[C@@H](CCC(=O)O)C(=O)O)cc1
ALCAFTADINE,CHEMBL1201747,CN1CCC(=C2c3ccccc3CCn3c(C=O)cnc32)CC1
CABAZITAXEL,CHEMBL1201748,CO[C@H]1C(=O)[C@]2(C)[C@@H](OC)C[C@H]3OC[C@@]3(OC(C)=O)[C@H]2[C@H](OC(=O)c2ccccc2)[C@]2(O)C[C@H](OC(=O)[C@H](O)[C@@H](NC(=O)OC(C)(C)C)c3ccccc3)C(C)=C1C2(C)C
DIFLUPREDNATE,CHEMBL1201749,CCCC(=O)O[C@]1(C(=O)COC(C)=O)CC[C@H]2[C@@H]3C[C@H](F)C4=CC(=O)C=C[C@]4(C)[C@@]3(F)[C@@H](O)C[C@@]21C
IXABEPILONE,CHEMBL1201752,C/C(=C\c1csc(C)n1)[C@@H]1C[C@@H]2O[C@]2(C)CCC[C@H](C)[C@H](O)[C@@H](C)C(=O)C(C)(C)[C@@H](O)CC(=O)N1
PITAVASTATIN,CHEMBL1201753,O=C(O)C[C@H](O)C[C@H](O)/C=C/c1c(C2CC2)nc2ccccc2c1-c1ccc(F)cc1
RUFINAMIDE,CHEMBL1201754,NC(=O)c1cn(Cc2c(F)cccc2F)nn1
BEPOTASTINE,CHEMBL1201758,O=C(O)CCCN1CCC(O[C@@H](c2ccc(Cl)cc2)c2ccccn2)CC1
BEPOTASTINE BESYLATE,CHEMBL1201759,O=C(O)CCCN1CCC(O[C@@H](c2ccc(Cl)cc2)c2ccccn2)CC1.O=S(=O)(O)c1ccccc1
BESIFLOXACIN,CHEMBL1201760,N[C@@H]1CCCCN(c2c(F)cc3c(=O)c(C(=O)O)cn(C4CC4)c3c2Cl)C1
BESIFLOXACIN HYDROCHLORIDE,CHEMBL1201761,Cl.N[C@@H]1CCCCN(c2c(F)cc3c(=O)c(C(=O)O)cn(C4CC4)c3c2Cl)C1
FESOTERODINE,CHEMBL1201764,CC(C)C(=O)Oc1ccc(CO)cc1[C@H](CCN(C(C)C)C(C)C)c1ccccc1
FESOTERODINE FUMARATE,CHEMBL1201765,CC(C)C(=O)Oc1ccc(CO)cc1[C@H](CCN(C(C)C)C(C)C)c1ccccc1.O=C(O)/C=C/C(=O)O
FOSPROPOFOL,CHEMBL1201766,CC(C)c1cccc(C(C)C)c1OCOP(=O)(O)O
METHYLNALTREXONE BROMIDE,CHEMBL1201770,C[N+]1(CC2CC2)CC[C@]23c4c5ccc(O)c4O[C@H]2C(=O)CC[C@@]3(O)[C@H]1C5.[Br-]
PRASUGREL,CHEMBL1201772,CC(=O)Oc1cc2c(s1)CCN(C(C(=O)C1CC1)c1ccccc1F)C2
PRASUGREL HYDROCHLORIDE,CHEMBL1201773,CC(=O)Oc1cc2c(s1)CCN(C(C(=O)C1CC1)c1ccccc1F)C2.Cl
SAPROPTERIN,CHEMBL1201774,C[C@H](O)[C@H](O)[C@H]1CNc2nc(N)[nH]c(=O)c2N1
SAPROPTERIN DIHYDROCHLORIDE,CHEMBL1201775,C[C@H](O)[C@H](O)[C@H]1CNc2[nH]c(N)nc(=O)c2N1.Cl.Cl
TAPENTADOL,CHEMBL1201776,CC[C@@H](c1cccc(O)c1)[C@@H](C)CN(C)C
TAPENTADOL HYDROCHLORIDE,CHEMBL1201777,CC[C@@H](c1cccc(O)c1)[C@@H](C)CN(C)C.Cl
CARGLUMIC ACID,CHEMBL1201780,NC(=O)N[C@@H](CCC(=O)O)C(=O)O
FOSAPREPITANT DIMEGLUMINE,CHEMBL1201782,CNC[C@H](O)[C@@H](O)[C@H](O)[C@H](O)CO.CNC[C@H](O)[C@@H](O)[C@H](O)[C@H](O)CO.C[C@@H](O[C@H]1OCCN(Cc2nn(P(=O)(O)O)c(=O)[nH]2)[C@H]1c1ccc(F)cc1)c1cc(C(F)(F)F)cc(C(F)(F)F)c1
HEXAMINOLEVULINATE,CHEMBL1201784,CCCCCCOC(=O)CCC(=O)CN
HEXAMINOLEVULINATE HYDROCHLORIDE,CHEMBL1201785,CCCCCCOC(=O)CCC(=O)CN.Cl
LAPYRIUM,CHEMBL1201786,CCCCCCCCCCCC(=O)OCCNC(=O)C[n+]1ccccc1
LAPYRIUM CHLORIDE,CHEMBL1201787,CCCCCCCCCCCC(=O)OCCNC(=O)C[n+]1ccccc1.[Cl-]
RIBOFLAVIN 5'-PHOSPHATE,CHEMBL1201794,Cc1cc2nc3c(=O)[nH]c(=O)nc-3n(C[C@H](O)[C@H](O)[C@H](O)COP(=O)(O)O)c2cc1C
DEXLANSOPRAZOLE,CHEMBL1201863,Cc1c(OCC(F)(F)F)ccnc1C[S@@+]([O-])c1nc2ccccc2[nH]1
DIENOGEST,CHEMBL1201864,C[C@]12CCC3=C4CCC(=O)C=C4CC[C@H]3[C@@H]1CC[C@@]2(O)CC#N
DEFLAZACORT,CHEMBL1201891,CC(=O)OCC(=O)[C@@]12N=C(C)O[C@@H]1C[C@H]1[C@@H]3CCC4=CC(=O)C=C[C@]4(C)[C@H]3[C@@H](O)C[C@@]12C
DILEVALOL HYDROCHLORIDE,CHEMBL1204165,C[C@H](CCc1ccccc1)NC[C@H](O)c1ccc(O)c(C(N)=O)c1.Cl
GEPIRONE HYDROCHLORIDE,CHEMBL1204187,CC1(C)CC(=O)N(CCCCN2CCN(c3ncccn3)CC2)C(=O)C1.Cl
PARECOXIB,CHEMBL1206690,CCC(=O)NS(=O)(=O)c1ccc(-c2c(-c3ccccc3)noc2C)cc1
ELAGOLIX,CHEMBL1208155,COc1cccc(-c2c(C)n(Cc3c(F)cccc3C(F)(F)F)c(=O)n(C[C@H](NCCCC(=O)O)c3ccccc3)c2=O)c1F
ROSE BENGAL FREE ACID,CHEMBL1208422,O=C(O)c1c(Cl)c(Cl)c(Cl)c(Cl)c1-c1c2cc(I)c(=O)c(I)c-2oc2c(I)c(O)c(I)cc12
THIOSULFURIC ACID,CHEMBL1208642,O=S(O)(O)=S
THEOPHYLLINE GLYCINATE,CHEMBL1208646,Cn1c(=O)c2[nH]cnc2n(C)c1=O.NCC(=O)O
DOLUTEGRAVIR SODIUM,CHEMBL1213165,C[C@@H]1CCO[C@H]2Cn3cc(C(=O)NCc4ccc(F)cc4F)c(=O)c([O-])c3C(=O)N12.[Na+]
CEFTOLOZANE SULFATE,CHEMBL1213250,Cn1c(N)c(NC(=O)NCCN)c[n+]1CC1=C(C(=O)O)N2C(=O)[C@@H](NC(=O)/C(=N\OC(C)(C)C(=O)[O-])c3nsc(N)n3)[C@H]2SC1.O=S(=O)(O)O
CLOBENZOREX,CHEMBL1213251,CC(Cc1ccccc1)NCc1ccccc1Cl
CLORAZEPIC ACID,CHEMBL1213252,O=C(O)C1N=C(c2ccccc2)c2cc(Cl)ccc2NC1=O
PROPOXYPHENE,CHEMBL1213351,CCC(=O)O[C@](Cc1ccccc1)(c1ccccc1)[C@H](C)CN(C)C
GIVINOSTAT,CHEMBL1213492,CCN(CC)Cc1ccc2cc(COC(=O)Nc3ccc(C(=O)NO)cc3)ccc2c1
PERAMPANEL,CHEMBL1214124,N#Cc1ccccc1-c1cc(-c2ccccn2)cn(-c2ccccc2)c1=O
DEXTROSE,CHEMBL1222250,OC[C@H]1OC(O)[C@H](O)[C@@H](O)[C@@H]1O
DOLUTEGRAVIR,CHEMBL1229211,C[C@@H]1CCO[C@H]2Cn3cc(C(=O)NCc4ccc(F)cc4F)c(=O)c(O)c3C(=O)N12
VEMURAFENIB,CHEMBL1229517,CCCS(=O)(=O)Nc1ccc(F)c(C(=O)c2c[nH]c3ncc(-c4ccc(Cl)cc4)cc23)c1F
ESTETROL ANHYDROUS,CHEMBL1230314,C[C@]12CC[C@@H]3c4ccc(O)cc4CC[C@H]3[C@@H]1[C@@H](O)[C@@H](O)[C@@H]2O
LEVOMEFOLIC ACID,CHEMBL1231574,CN1c2c([nH]c(N)nc2=O)NC[C@@H]1CNc1ccc(C(=O)N[C@@H](CCC(=O)O)C(=O)O)cc1
DOBESILIC ACID,CHEMBL1232131,O=S(=O)(O)c1cc(O)ccc1O
KRYPTON,CHEMBL1233877,[Kr]
NITROUS OXIDE,CHEMBL1234579,[N-]=[N+]=O
OXYGEN,CHEMBL1234886,O=O
SULFUR,CHEMBL1235452,S1SSSSSSS1
TARTARIC ACID,CHEMBL1236315,O=C(O)[C@H](O)[C@@H](O)C(=O)O
XENON,CHEMBL1236802,[Xe]
XYLOSE,CHEMBL1236821,O=C[C@H](O)[C@@H](O)[C@H](O)CO
LURASIDONE,CHEMBL1237021,O=C1[C@@H]2[C@H]3CC[C@H](C3)[C@@H]2C(=O)N1C[C@@H]1CCCC[C@H]1CN1CCN(c2nsc3ccccc23)CC1
TRAMADOL,CHEMBL1237044,COc1cccc(C2(O)CCCCC2CN(C)C)c1
PLICAMYCIN,CHEMBL1237054,CO[C@H](C(=O)[C@@H](O)[C@@H](C)O)[C@@H]1Cc2cc3cc(O[C@H]4C[C@@H](O[C@@H]5C[C@@H](O)[C@H](O)[C@@H](C)O5)[C@H](O)[C@@H](C)O4)c(C)c(O)c3c(O)c2C(=O)[C@H]1O[C@H]1C[C@@H](O[C@@H]2C[C@@H](O)[C@@H](O[C@@H]3C[C@](C)(O)[C@H](O)[C@@H](C)O3)[C@@H](C)O2)[C@H](O)[C@@H](C)O1
HYDROMORPHONE HYDROCHLORIDE,CHEMBL1237055,CN1CC[C@]23c4c5ccc(O)c4O[C@H]2C(=O)CC[C@H]3[C@H]1C5.Cl
PITAVASTATIN CALCIUM,CHEMBL1237061,O=C([O-])C[C@H](O)C[C@H](O)/C=C/c1c(C2CC2)nc2ccccc2c1-c1ccc(F)cc1.O=C([O-])C[C@H](O)C[C@H](O)/C=C/c1c(C2CC2)nc2ccccc2c1-c1ccc(F)cc1.[Ca+2]
TRAMADOL HYDROCHLORIDE,CHEMBL1237065,COc1cccc(C2(O)CCCCC2CN(C)C)c1.Cl
CALCIUM GLUCEPTATE,CHEMBL1237066,O=C([O-])C(O)[C@H](O)[C@@H](O)[C@H](O)[C@H](O)CO.O=C([O-])C(O)[C@H](O)[C@@H](O)[C@H](O)[C@H](O)CO.[Ca+2]
MICAFUNGIN SODIUM,CHEMBL1237070,CCCCCOc1ccc(-c2cc(-c3ccc(C(=O)N[C@H]4C[C@@H](O)[C@@H](O)NC(=O)[C@@H]5[C@@H](O)[C@@H](C)CN5C(=O)[C@H]([C@H](O)CC(N)=O)NC(=O)[C@H]([C@H](O)[C@@H](O)c5ccc(O)c(OS(=O)(=O)[O-])c5)NC(=O)[C@@H]5C[C@@H](O)CN5C(=O)[C@H]([C@@H](C)O)NC4=O)cc3)no2)cc1.[Na+]
DIRITHROMYCIN,CHEMBL1237072,CC[C@H]1OC(=O)[C@H](C)[C@@H](O[C@H]2C[C@@](C)(OC)[C@@H](O)[C@H](C)O2)[C@H](C)[C@@H](O[C@@H]2O[C@H](C)C[C@H](N(C)C)[C@H]2O)[C@](C)(O)C[C@@H](C)[C@@H]2N[C@@H](COCCOC)O[C@H]([C@H]2C)[C@]1(C)O
GRANISETRON HYDROCHLORIDE,CHEMBL1237080,CN1C2CCCC1CC(NC(=O)c1nn(C)c3ccccc13)C2.Cl
MECAMYLAMINE HYDROCHLORIDE,CHEMBL1237082,CNC1(C)C2CCC(C2)C1(C)C.Cl
DOXACURIUM CHLORIDE,CHEMBL1237099,COc1cc(CC2c3c(cc(OC)c(OC)c3OC)CC[N+]2(C)CCCOC(=O)CCC(=O)OCCC[N+]2(C)CCc3cc(OC)c(OC)c(OC)c3C2Cc2cc(OC)c(OC)c(OC)c2)cc(OC)c1OC.[Cl-].[Cl-]
LEVOCABASTINE HYDROCHLORIDE,CHEMBL1237102,C[C@@H]1CN([C@H]2CC[C@](C#N)(c3ccc(F)cc3)CC2)CC[C@]1(C(=O)O)c1ccccc1.Cl
PROPOXYPHENE HYDROCHLORIDE,CHEMBL1237104,CCC(=O)O[C@](Cc1ccccc1)(c1ccccc1)[C@H](C)CN(C)C.Cl
CARBOPROST TROMETHAMINE,CHEMBL1237105,CCCCC[C@](C)(O)/C=C/[C@@H]1[C@@H](C/C=C\CCCC(=O)O)[C@@H](O)C[C@H]1O.NC(CO)(CO)CO
TREPROSTINIL,CHEMBL1237119,CCCCC[C@H](O)CC[C@@H]1[C@H]2Cc3cccc(OCC(=O)O)c3C[C@H]2C[C@H]1O
CARBOPROST,CHEMBL1237122,CCCCC[C@](C)(O)/C=C/[C@@H]1[C@@H](C/C=C\CCCC(=O)O)[C@@H](O)C[C@H]1O
DOXACURIUM,CHEMBL1237123,COc1cc(CC2c3c(cc(OC)c(OC)c3OC)CC[N+]2(C)CCCOC(=O)CCC(=O)OCCC[N+]2(C)CCc3cc(OC)c(OC)c(OC)c3C2Cc2cc(OC)c(OC)c(OC)c2)cc(OC)c1OC
CLEVIDIPINE,CHEMBL1237132,CCCC(=O)OCOC(=O)C1=C(C)NC(C)=C(C(=O)OC)C1c1cccc(Cl)c1Cl
MAPROTILINE HYDROCHLORIDE,CHEMBL1237135,CNCCCC12CCC(c3ccccc31)c1ccccc12.Cl
LETERMOVIR,CHEMBL1241951,COc1cccc(N2CCN(C3=Nc4c(F)cccc4[C@H](CC(=O)O)N3c3cc(C(F)(F)F)ccc3OC)CC2)c1
LEVALLORPHAN,CHEMBL1254682,C=CCN1CC[C@]23CCCC[C@H]2[C@H]1Cc1ccc(O)cc13
TETRACAINE HYDROCHLORIDE,CHEMBL1255654,CCCCNc1ccc(C(=O)OCCN(C)C)cc1.Cl
METHAPYRILENE HYDROCHLORIDE,CHEMBL1255739,CN(C)CCN(Cc1cccs1)c1ccccn1.Cl
FIDAXOMICIN,CHEMBL1255800,CCc1c(Cl)c(O)c(Cl)c(O)c1C(=O)O[C@H]1[C@H](O)[C@H](OC)[C@H](OC/C2=C\C=C\C[C@H](O)/C(C)=C/[C@H](CC)[C@@H](O[C@@H]3OC(C)(C)[C@@H](OC(=O)C(C)C)[C@H](O)[C@@H]3O)/C(C)=C/C(C)=C/C[C@@H]([C@@H](C)O)OC2=O)O[C@@H]1C
CYSTEAMINE HYDROCHLORIDE,CHEMBL1256137,Cl.NCCS
PIRFENIDONE,CHEMBL1256391,Cc1ccc(=O)n(-c2ccccc2)c1
XYLOMETAZOLINE HYDROCHLORIDE,CHEMBL1256400,Cc1cc(C(C)(C)C)cc(C)c1CC1=NCCN1.Cl
CARBETAPENTANE CITRATE,CHEMBL1256696,CCN(CC)CCOCCOC(=O)C1(c2ccccc2)CCCC1.O=C(O)CC(O)(CC(=O)O)C(=O)O
FORMOTEROL,CHEMBL1256786,COc1ccc(CC(C)NCC(O)c2ccc(O)c(NC=O)c2)cc1
DEXTROMETHORPHAN HYDROBROMIDE,CHEMBL1256818,Br.COc1ccc2c(c1)[C@]13CCCC[C@@H]1[C@H](C2)N(C)CC3.O
NIALAMIDE,CHEMBL1256841,O=C(CCNNC(=O)c1ccncc1)NCc1ccccc1
NOMIFENSINE MALEATE,CHEMBL1256842,CN1Cc2c(N)cccc2C(c2ccccc2)C1.O=C(O)/C=C\C(=O)O
EPINEPHRINE BITARTRATE,CHEMBL1256958,CNC[C@H](O)c1ccc(O)c(O)c1.O=C(O)C(O)C(O)C(=O)O
FUSIDATE SODIUM,CHEMBL1256987,CC(=O)O[C@H]1C[C@@]2(C)[C@@H](C[C@@H](O)[C@H]3[C@@]4(C)CC[C@@H](O)[C@@H](C)[C@@H]4CC[C@@]32C)/C1=C(\CCC=C(C)C)C(=O)[O-].[Na+]
PICOTAMIDE,CHEMBL1257015,COc1ccc(C(=O)NCc2cccnc2)cc1C(=O)NCc1cccnc1
TRIFLUOPERAZINE HYDROCHLORIDE,CHEMBL1257040,CN1CCN(CCCN2c3ccccc3Sc3ccc(C(F)(F)F)cc32)CC1.Cl.Cl
TEDIZOLID,CHEMBL1257051,Cn1nnc(-c2ccc(-c3ccc(N4C[C@H](CO)OC4=O)cc3F)cn2)n1
TECOVIRIMAT,CHEMBL1257073,O=C(NN1C(=O)[C@@H]2[C@@H]3C=C[C@@H]([C@H]4C[C@@H]34)[C@@H]2C1=O)c1ccc(C(F)(F)F)cc1
SOFOSBUVIR,CHEMBL1259059,CC(C)OC(=O)[C@H](C)N[P@](=O)(OC[C@H]1O[C@@H](n2ccc(=O)[nH]c2=O)[C@](C)(F)[C@@H]1O)Oc1ccccc1
EDOXABAN,CHEMBL1269025,CN1CCc2nc(C(=O)N[C@@H]3C[C@@H](C(=O)N(C)C)CC[C@@H]3NC(=O)C(=O)Nc3ccc(Cl)cn3)sc2C1
MIFEPRISTONE,CHEMBL1276308,CC#C[C@]1(O)CC[C@H]2[C@@H]3CCC4=CC(=O)CCC4=C3[C@@H](c3ccc(N(C)C)cc3)C[C@@]21C
FEDRATINIB,CHEMBL1287853,Cc1cnc(Nc2ccc(OCCN3CCCC3)cc2)nc1Nc1cccc(S(=O)(=O)NC(C)(C)C)c1
TIVOZANIB,CHEMBL1289494,COc1cc2nccc(Oc3ccc(NC(=O)Nc4cc(C)on4)c(Cl)c3)c2cc1OC
LENVATINIB,CHEMBL1289601,COc1cc2nccc(Oc3ccc(NC(=O)NC4CC4)c(Cl)c3)c2cc1C(N)=O
AXITINIB,CHEMBL1289926,CNC(=O)c1ccccc1Sc1ccc2c(/C=C/c3ccccn3)n[nH]c2c1
PROCHLORPERAZINE MALEATE,CHEMBL1314751,CN1CCN(CCCN2c3ccccc3Sc3ccc(Cl)cc32)CC1.O=C(O)/C=C\C(=O)O.O=C(O)/C=C\C(=O)O
TERBUTALINE SULFATE,CHEMBL1315867,CC(C)(C)NCC(O)c1cc(O)cc(O)c1.CC(C)(C)NCC(O)c1cc(O)cc(O)c1.O=S(=O)(O)O
PENTOLINIUM TARTRATE,CHEMBL1318287,C[N+]1(CCCCC[N+]2(C)CCCC2)CCCC1.O=C([O-])[C@H](O)[C@@H](O)C(=O)O.O=C([O-])[C@H](O)[C@@H](O)C(=O)O
BROMHEXINE HYDROCHLORIDE,CHEMBL1319139,CN(Cc1cc(Br)cc(Br)c1N)C1CCCCC1.Cl
HOMATROPINE HYDROBROMIDE,CHEMBL1319362,Br.CN1[C@@H]2CC[C@H]1C[C@@H](OC(=O)C(O)c1ccccc1)C2
PHENOTHRIN,CHEMBL1322884,CC(C)=CC1C(C(=O)OCc2cccc(Oc3ccccc3)c2)C1(C)C
MOLSIDOMINE,CHEMBL1329455,CCOC(=O)[N-]c1c[n+](N2CCOCC2)no1
ACETARSONE,CHEMBL1330792,CC(=O)Nc1cc([As](=O)(O)O)ccc1O
PERHEXILINE MALEATE,CHEMBL1334033,C1CCC(C(CC2CCCCN2)C2CCCCC2)CC1.O=C(O)/C=C\C(=O)O
SODIUM HYPOCHLORITE,CHEMBL1334078,[Na+].[O-]Cl
METHSCOPOLAMINE BROMIDE,CHEMBL1354199,C[N+]1(C)[C@@H]2C[C@@H](OC(=O)[C@H](CO)c3ccccc3)C[C@H]1[C@@H]1O[C@@H]12.[Br-]
PYRITHIONE,CHEMBL1356238,[O-][n+]1ccccc1S
AMODIAQUINE HYDROCHLORIDE,CHEMBL1357648,CCN(CC)Cc1cc(Nc2ccnc3cc(Cl)ccc23)ccc1O.Cl.Cl.O.O
METHYLPREDNISOLONE ACETATE,CHEMBL1364144,CC(=O)OCC(=O)[C@@]1(O)CC[C@H]2[C@@H]3C[C@H](C)C4=CC(=O)C=C[C@]4(C)[C@H]3[C@@H](O)C[C@@]21C
MINAPRINE HYDROCHLORIDE,CHEMBL1364551,Cc1cc(-c2ccccc2)nnc1NCCN1CCOCC1.Cl.Cl
RITODRINE HYDROCHLORIDE,CHEMBL1367605,CC(NCCc1ccc(O)cc1)C(O)c1ccc(O)cc1.Cl
NICERGOLINE,CHEMBL1372950,CO[C@]12C[C@@H](COC(=O)c3cncc(Br)c3)CN(C)[C@@H]1Cc1cn(C)c3cccc2c13
BENZONATATE,CHEMBL1374379,CCCCNc1ccc(C(=O)OCCOCCOCCOCCOCCOCCOCCOCCOCCOC)cc1
ZIPRASIDONE HYDROCHLORIDE,CHEMBL1375743,Cl.O.O=C1Cc2cc(CCN3CCN(c4nsc5ccccc45)CC3)c(Cl)cc2N1
"SULFADIAZINE, SILVER",CHEMBL1382627,Nc1ccc(S(=O)(=O)[N-]c2ncccn2)cc1.[Ag+]
AMILORIDE HYDROCHLORIDE,CHEMBL1398126,Cl.N=C(N)NC(=O)c1nc(Cl)c(N)nc1N.O.O
OXYPHENISATIN ACETATE,CHEMBL1402684,CC(=O)Oc1ccc(C2(c3ccc(OC(C)=O)cc3)C(=O)Nc3ccccc32)cc1
NEFOPAM HYDROCHLORIDE,CHEMBL1407915,CN1CCOC(c2ccccc2)c2ccccc2C1.Cl
PARALDEHYDE,CHEMBL1410743,CC1OC(C)OC(C)O1
METHAPYRILENE,CHEMBL1411979,CN(C)CCN(Cc1cccs1)c1ccccn1
SUXIBUZONE,CHEMBL1414320,CCCCC1(COC(=O)CCC(=O)O)C(=O)N(c2ccccc2)N(c2ccccc2)C1=O
MITOXANTRONE HYDROCHLORIDE,CHEMBL1417019,Cl.Cl.O=C1c2c(O)ccc(O)c2C(=O)c2c(NCCNCCO)ccc(NCCNCCO)c21
METHANDROSTENOLONE,CHEMBL1418176,C[C@]12C=CC(=O)C=C1CC[C@@H]1[C@@H]2CC[C@@]2(C)[C@H]1CC[C@]2(C)O
NOREPINEPHRINE BITARTRATE,CHEMBL1434513,NC[C@H](O)c1ccc(O)c(O)c1.O.O=C(O)C(O)C(O)C(=O)O
ALBUTEROL SULFATE,CHEMBL1441059,CC(C)(C)NCC(O)c1ccc(O)c(CO)c1.CC(C)(C)NCC(O)c1ccc(O)c(CO)c1.O=S(=O)(O)O
DIBENZEPIN,CHEMBL1442422,CN(C)CCN1C(=O)c2ccccc2N(C)c2ccccc21
MEBEVERINE HYDROCHLORIDE,CHEMBL1446650,CCN(CCCCOC(=O)c1ccc(OC)c(OC)c1)C(C)Cc1ccc(OC)cc1.Cl
BETAHISTINE HYDROCHLORIDE,CHEMBL1446813,CNCCc1ccccn1.Cl.Cl
BITHIONOLATE SODIUM,CHEMBL1447476,[Na+].[Na+].[O-]c1c(Cl)cc(Cl)cc1Sc1cc(Cl)cc(Cl)c1[O-]
FLUPHENAZINE HYDROCHLORIDE,CHEMBL1448187,Cl.Cl.OCCN1CCN(CCCN2c3ccccc3Sc3ccc(C(F)(F)F)cc32)CC1
ORNIDAZOLE,CHEMBL1449676,Cc1ncc([N+](=O)[O-])n1CC(O)CCl
FEPRAZONE,CHEMBL1452696,CC(C)=CCC1C(=O)N(c2ccccc2)N(c2ccccc2)C1=O
NITROXOLINE,CHEMBL1454910,O=[N+]([O-])c1ccc(O)c2ncccc12
CANRENONE,CHEMBL1463345,C[C@]12CCC(=O)C=C1C=C[C@@H]1[C@@H]2CC[C@@]2(C)[C@H]1CC[C@@]21CCC(=O)O1
BISOPROLOL FUMARATE,CHEMBL1472989,CC(C)NCC(O)COc1ccc(COCCOC(C)C)cc1.CC(C)NCC(O)COc1ccc(COCCOC(C)C)cc1.O=C(O)/C=C/C(=O)O
CLOBUTINOL,CHEMBL1474889,CC(CN(C)C)C(C)(O)Cc1ccc(Cl)cc1
BENZARONE,CHEMBL1474963,CCc1oc2ccccc2c1C(=O)c1ccc(O)cc1
NOMEGESTROL ACETATE,CHEMBL1476022,CC(=O)O[C@]1(C(C)=O)CC[C@H]2[C@@H]3C=C(C)C4=CC(=O)CC[C@@H]4[C@H]3CC[C@@]21C
DOCUSATE,CHEMBL1477036,CCCCC(CC)COC(=O)CC(C(=O)OCC(CC)CCCC)S(=O)(=O)O
MEPTAZINOL HYDROCHLORIDE,CHEMBL1477274,CCC1(c2cccc(O)c2)CCCCN(C)C1.Cl
CYCLANDELATE,CHEMBL1480987,CC1CC(OC(=O)C(O)c2ccccc2)CC(C)(C)C1
DOTHIEPIN,CHEMBL1492500,CN(C)CC/C=C1\c2ccccc2CSc2ccccc21
OXELADIN,CHEMBL1500276,CCN(CC)CCOCCOC(=O)C(CC)(CC)c1ccccc1
PIPERIDOLATE HYDROCHLORIDE,CHEMBL1511957,CCN1CCCC(OC(=O)C(c2ccccc2)c2ccccc2)C1.Cl
ETHAMSYLATE,CHEMBL1514715,CCNCC.O=S(=O)(O)c1cc(O)ccc1O
BROMISOVALUM,CHEMBL1515611,CC(C)C(Br)C(=O)NC(N)=O
TEGASEROD MALEATE,CHEMBL1516474,CCCCCNC(=N)N/N=C/c1c[nH]c2ccc(OC)cc12.O=C(O)/C=C\C(=O)O
EPHEDRINE SULFATE,CHEMBL1523964,CN[C@@H](C)[C@H](O)c1ccccc1.CN[C@@H](C)[C@H](O)c1ccccc1.O=S(=O)(O)O
PHTHALYLSULFATHIAZOLE,CHEMBL1524273,O=C(O)c1ccccc1C(=O)Nc1ccc(S(=O)(=O)Nc2nccs2)cc1
SULFALENE,CHEMBL1525826,COc1nccnc1NS(=O)(=O)c1ccc(N)cc1
BENZYDAMINE HYDROCHLORIDE,CHEMBL1528134,CN(C)CCCOc1nn(Cc2ccccc2)c2ccccc12.Cl
PHENFORMIN HYDROCHLORIDE,CHEMBL1528839,Cl.N=C(N)NC(=N)NCCc1ccccc1
DEXAMETHASONE ACETATE,CHEMBL1530428,CC(=O)OCC(=O)[C@@]1(O)[C@H](C)C[C@H]2[C@@H]3CCC4=CC(=O)C=C[C@]4(C)[C@@]3(F)[C@@H](O)C[C@@]21C
PIRENZEPINE HYDROCHLORIDE,CHEMBL1531864,CN1CCN(CC(=O)N2c3ccccc3C(=O)Nc3cccnc32)CC1.Cl.Cl
HISTAMINE DIHYDROCHLORIDE,CHEMBL1533310,Cl.Cl.NCCc1c[nH]cn1
MIBEFRADIL DIHYDROCHLORIDE,CHEMBL1534525,COCC(=O)O[C@]1(CCN(C)CCCc2nc3ccccc3[nH]2)CCc2cc(F)ccc2[C@@H]1C(C)C.Cl.Cl
XANTHINOL NIACINATE,CHEMBL1560089,CN(CCO)CC(O)Cn1cnc2c1c(=O)n(C)c(=O)n2C.O=C(O)c1cccnc1
MECLOFENAMATE SODIUM,CHEMBL1562610,Cc1ccc(Cl)c(Nc2ccccc2C(=O)[O-])c1Cl.O.[Na+]
OMEPRAZOLE MAGNESIUM,CHEMBL1567328,COc1ccc2[n-]c([S+]([O-])Cc3ncc(C)c(OC)c3C)nc2c1.COc1ccc2[n-]c([S+]([O-])Cc3ncc(C)c(OC)c3C)nc2c1.[Mg+2]
METAPROTERENOL SULFATE,CHEMBL1568057,CC(C)NCC(O)c1cc(O)cc(O)c1.CC(C)NCC(O)c1cc(O)cc(O)c1.O=S(=O)(O)O
NAFCILLIN SODIUM,CHEMBL1568276,CCOc1ccc2ccccc2c1C(=O)N[C@@H]1C(=O)N2[C@@H]1SC(C)(C)[C@@H]2C(=O)[O-].O.[Na+]
GANAXOLONE,CHEMBL1568698,CC(=O)[C@H]1CC[C@H]2[C@@H]3CC[C@H]4C[C@](C)(O)CC[C@]4(C)[C@H]3CC[C@]12C
ISOCONAZOLE,CHEMBL1571863,Clc1ccc(C(Cn2ccnc2)OCc2c(Cl)cccc2Cl)c(Cl)c1
DEBRISOQUIN SULFATE,CHEMBL1593558,N=C(N)N1CCc2ccccc2C1.N=C(N)N1CCc2ccccc2C1.O=S(=O)(O)O
PHENICARBAZIDE,CHEMBL1593719,NC(=O)NNc1ccccc1
LEVOPROPOXYPHENE NAPSYLATE,CHEMBL1593906,CCC(=O)O[C@@](Cc1ccccc1)(c1ccccc1)[C@@H](C)CN(C)C.O=S(=O)(O)c1ccc2ccccc2c1
PYRANTEL PAMOATE,CHEMBL1599768,CN1CCCN=C1/C=C/c1cccs1.O=C(O)c1cc2ccccc2c(Cc2c(O)c(C(=O)O)cc3ccccc23)c1O
ALFACALCIDOL,CHEMBL1601669,C=C1/C(=C\C=C2/CCC[C@]3(C)[C@@H]([C@H](C)CCCC(C)C)CC[C@@H]23)C[C@@H](O)C[C@@H]1O
CETIRIZINE HYDROCHLORIDE,CHEMBL1607273,Cl.Cl.O=C(O)COCCN1CCN(C(c2ccccc2)c2ccc(Cl)cc2)CC1
OXYTETRACYCLINE HYDROCHLORIDE,CHEMBL1607480,CN(C)[C@@H]1C(O)=C(C(N)=O)C(=O)[C@@]2(O)C(O)=C3C(=O)c4c(O)cccc4[C@@](C)(O)[C@H]3[C@H](O)[C@@H]12.Cl
SELUMETINIB,CHEMBL1614701,Cn1cnc2c(F)c(Nc3ccc(Br)cc3Cl)c(C(=O)NOCCO)cc21
CLOMACRAN,CHEMBL1615350,CN(C)CCCC1c2ccccc2Nc2ccc(Cl)cc21
DABIGATRAN ETEXILATE MESYLATE,CHEMBL1615369,CCCCCCOC(=O)NC(=N)c1ccc(NCc2nc3cc(C(=O)N(CCC(=O)OCC)c4ccccn4)ccc3n2C)cc1.CS(=O)(=O)O
LEVOMEFOLATE CALCIUM,CHEMBL1615371,CN1c2c([nH]c(N)nc2=O)NC[C@@H]1CNc1ccc(C(=O)N[C@@H](CCC(=O)[O-])C(=O)[O-])cc1.[Ca+2]
LURASIDONE HYDROCHLORIDE,CHEMBL1615372,Cl.O=C1[C@@H]2[C@H]3CC[C@H](C3)[C@@H]2C(=O)N1C[C@@H]1CCCC[C@H]1CN1CCN(c2nsc3ccccc23)CC1
VILAZODONE HYDROCHLORIDE,CHEMBL1615374,Cl.N#Cc1ccc2[nH]cc(CCCCN3CCN(c4ccc5oc(C(N)=O)cc5c4)CC3)c2c1
LEVOCABASTINE,CHEMBL1615438,C[C@@H]1CN([C@H]2CC[C@](C#N)(c3ccc(F)cc3)CC2)CC[C@]1(C(=O)O)c1ccccc1
PHENDIMETRAZINE,CHEMBL1615439,C[C@H]1[C@H](c2ccccc2)OCCN1C
IODOXAMIC ACID,CHEMBL1615487,O=C(CCOCCOCCOCCOCCC(=O)Nc1c(I)cc(I)c(C(=O)O)c1I)Nc1c(I)cc(I)c(C(=O)O)c1I
IOBENGUANE I 131,CHEMBL1615779,N=C(N)NCc1cccc([131I])c1
HYPOCHLOROUS ACID,CHEMBL1616046,OCl
HOMATROPINE,CHEMBL1618018,CN1[C@@H]2CC[C@H]1C[C@@H](OC(=O)C(O)c1ccccc1)C2
IPRATROPIUM,CHEMBL1621597,CC(C)[N+]1(C)[C@@H]2CC[C@H]1C[C@@H](OC(=O)C(CO)c1ccccc1)C2
PIPERIDOLATE,CHEMBL1623992,CCN1CCCC(OC(=O)C(c2ccccc2)c2ccccc2)C1
XANTHINOL,CHEMBL1624126,CN(CCO)CC(O)Cn1cnc2c1c(=O)n(C)c(=O)n2C
PYRANTEL,CHEMBL1626223,CN1CCCN=C1/C=C/c1cccs1
HEXOCYCLIUM METHYLSULFATE,CHEMBL1626570,COS(=O)(=O)[O-].C[N+]1(C)CCN(CC(O)(c2ccccc2)C2CCCCC2)CC1
FLUOROESTRADIOL,CHEMBL1627367,C[C@]12CC[C@@H]3c4ccc(O)cc4CC[C@H]3[C@@H]1C[C@@H](F)[C@@H]2O
DOXEPIN,CHEMBL1628227,CN(C)CCC=C1c2ccccc2COc2ccccc21
FLUORESCEIN SODIUM,CHEMBL1628233,O=C([O-])c1ccccc1-c1c2ccc(=O)cc-2oc2cc([O-])ccc12.[Na+].[Na+]
DOXEPIN HYDROCHLORIDE,CHEMBL1628234,CN(C)CCC=C1c2ccccc2COc2ccccc21.Cl
PROCAINE BENZYLPENICILLIN,CHEMBL1628385,CC1(C)S[C@@H]2[C@H](NC(=O)Cc3ccccc3)C(=O)N2[C@H]1C(=O)O.CCN(CC)CCOC(=O)c1ccc(N)cc1
GABAPENTIN ENACARBIL,CHEMBL1628502,CC(OC(=O)NCC1(CC(=O)O)CCCCC1)OC(=O)C(C)C
RILPIVIRINE HYDROCHLORIDE,CHEMBL1628504,Cc1cc(/C=C/C#N)cc(C)c1Nc1ccnc(Nc2ccc(C#N)cc2)n1.Cl
CASPOFUNGIN,CHEMBL1630575,CC[C@H](C)C[C@H](C)CCCCCCCCC(=O)N[C@H]1C[C@@H](O)[C@@H](NCCN)NC(=O)[C@@H]2[C@@H](O)CCN2C(=O)[C@H]([C@H](O)CCN)NC(=O)[C@H]([C@H](O)[C@@H](O)c2ccc(O)cc2)NC(=O)[C@@H]2C[C@@H](O)CN2C(=O)[C@H]([C@@H](C)O)NC1=O
FEXINIDAZOLE,CHEMBL1631694,CSc1ccc(OCc2ncc([N+](=O)[O-])n2C)cc1
RAMOSETRON,CHEMBL1643895,Cn1cc(C(=O)[C@@H]2CCc3[nH]cnc3C2)c2ccccc21
POTASSIUM NITRATE,CHEMBL1644029,O=[N+]([O-])[O-].[K+]
SODIUM IODIDE,CHEMBL1644695,[I-].[Na+]
TRELAGLIPTIN,CHEMBL1650443,Cn1c(=O)cc(N2CCC[C@@H](N)C2)n(Cc2cc(F)ccc2C#N)c1=O
PLAZOMICIN,CHEMBL1650559,CN[C@@H]1[C@@H](O)[C@@H](O[C@@H]2[C@@H](O)[C@H](O[C@H]3OC(CNCCO)=CC[C@H]3N)[C@@H](N)C[C@H]2NC(=O)[C@@H](O)CCN)OC[C@]1(C)O
AMDINOCILLIN PIVOXIL,CHEMBL1650818,CC(C)(C)C(=O)OCOC(=O)[C@@H]1N2C(=O)[C@@H](/N=C/N3CCCCCC3)[C@H]2SC1(C)C
FENTICONAZOLE,CHEMBL1651990,Clc1ccc(C(Cn2ccnc2)OCc2ccc(Sc3ccccc3)cc2)c(Cl)c1
CEFTOBIPROLE MEDOCARIL FREE ACID,CHEMBL1652606,Cc1oc(=O)oc1COC(=O)N1CC[C@@H](N2CC/C(=C\C3=C(C(=O)O)N4C(=O)[C@@H](NC(=O)/C(=N/O)c5nsc(N)n5)[C@H]4SC3)C2=O)C1
ERIBULIN MESYLATE,CHEMBL1683544,C=C1C[C@@H]2CC[C@@]34C[C@H]5O[C@H]6[C@@H](O3)[C@H]3O[C@H](CC[C@@H]3O[C@H]6[C@H]5O4)CC(=O)C[C@@H]3[C@@H](OC)[C@@H](C[C@H](O)CN)O[C@H]3C[C@H]3O[C@@H](CC[C@@H]1O2)C[C@@H](C)C3=C.CS(=O)(=O)O
ERIBULIN,CHEMBL1683590,C=C1C[C@@H]2CC[C@@]34C[C@H]5O[C@H]6[C@@H](O3)[C@H]3O[C@H](CC[C@@H]3O[C@H]6[C@H]5O4)CC(=O)C[C@@H]3[C@@H](OC)[C@@H](C[C@H](O)CN)O[C@H]3C[C@H]3O[C@@H](CC[C@@H]1O2)C[C@@H](C)C3=C
ORITAVANCIN,CHEMBL1688530,CN[C@H](CC(C)C)C(=O)N[C@H]1C(=O)N[C@@H](CC(N)=O)C(=O)N[C@H]2C(=O)N[C@H]3C(=O)N[C@H](C(=O)N[C@H](C(=O)O)c4cc(O)cc(O)c4-c4cc3ccc4O)[C@H](O[C@H]3C[C@](C)(N)[C@@H](O)[C@H](C)O3)c3ccc(c(Cl)c3)Oc3cc2cc(c3O[C@@H]2O[C@H](CO)[C@@H](O)[C@H](O)[C@H]2O[C@H]2C[C@](C)(NCc3ccc(-c4ccc(Cl)cc4)cc3)[C@@H](O)[C@H](C)O2)Oc2ccc(cc2Cl)[C@H]1O
AVIBACTAM,CHEMBL1689063,NC(=O)[C@@H]1CC[C@@H]2CN1C(=O)N2OS(=O)(=O)O
OMADACYCLINE,CHEMBL1689772,CN(C)c1cc(CNCC(C)(C)C)c(O)c2c1C[C@H]1C[C@H]3[C@H](N(C)C)C(O)=C(C(N)=O)C(=O)[C@@]3(O)C(O)=C1C2=O
CLOFOREX,CHEMBL1697686,CCOC(=O)NC(C)(C)Cc1ccc(Cl)cc1
MEZLOCILLIN SODIUM,CHEMBL1697708,CC1(C)S[C@@H]2[C@H](NC(=O)[C@H](NC(=O)N3CCN(S(C)(=O)=O)C3=O)c3ccccc3)C(=O)N2[C@H]1C(=O)[O-].[Na+]
CARBENOXOLONE SODIUM,CHEMBL1697717,CC1(C)[C@@H](OC(=O)CCC(=O)[O-])CC[C@]2(C)[C@H]3C(=O)C=C4[C@@H]5C[C@@](C)(C(=O)[O-])CC[C@]5(C)CC[C@@]4(C)[C@]3(C)CC[C@@H]12.[Na+].[Na+]
CLOTIAZEPAM,CHEMBL1697737,CCc1cc2c(s1)N(C)C(=O)CN=C2c1ccccc1Cl
ERDOSTEINE,CHEMBL1697744,O=C(O)CSCC(=O)NC1CCSC1=O
ISAXONINE PHOSPHATE,CHEMBL1697751,CC(C)Nc1ncccn1.O=P(O)(O)O
MUZOLIMINE,CHEMBL1697760,CC(c1ccc(Cl)c(Cl)c1)N1N=C(N)CC1=O
SODIUM PICOSULFATE,CHEMBL1697768,O=S(=O)([O-])Oc1ccc(C(c2ccc(OS(=O)(=O)[O-])cc2)c2ccccn2)cc1.[Na+].[Na+]
ISOMETHEPTENE,CHEMBL1697841,CNC(C)CCC=C(C)C
BUCETIN,CHEMBL1697856,CCOc1ccc(NC(=O)CC(C)O)cc1
GLUCOSAMINE HYDROCHLORIDE,CHEMBL1707007,Cl.N[C@H]1C(O)O[C@H](CO)[C@@H](O)[C@@H]1O
DOTHIEPIN HYDROCHLORIDE,CHEMBL1711280,CN(C)CC/C=C1\c2ccccc2CSc2ccccc21.Cl
MEPAZINE ACETATE,CHEMBL1712842,CC(=O)O.CN1CCCC(CN2c3ccccc3Sc3ccccc32)C1
TERCONAZOLE,CHEMBL1714574,CC(C)N1CCN(c2ccc(OCC3COC(Cn4cncn4)(c4ccc(Cl)cc4Cl)O3)cc2)CC1
TOLTERODINE TARTRATE,CHEMBL1722209,Cc1ccc(O)c([C@H](CCN(C(C)C)C(C)C)c2ccccc2)c1.O=C(O)C(O)C(O)C(=O)O
SULFACETAMIDE SODIUM,CHEMBL1723241,CC(=O)[N-]S(=O)(=O)c1ccc(N)cc1.O.[Na+]
ALECTINIB,CHEMBL1738797,CCc1cc2c(cc1N1CCC(N3CCOCC3)CC1)C(C)(C)c1[nH]c3cc(C#N)ccc3c1C2=O
LEVOPROPOXYPHENE,CHEMBL1738990,CCC(=O)O[C@@](Cc1ccccc1)(c1ccccc1)[C@@H](C)CN(C)C
ISAXONINE,CHEMBL1740513,CC(C)Nc1ncccn1
PICOSULFURIC ACID,CHEMBL1741134,O=S(=O)(O)Oc1ccc(C(c2ccc(OS(=O)(=O)O)cc2)c2ccccn2)cc1
BILASTINE,CHEMBL1742423,CCOCCn1c(C2CCN(CCc3ccc(C(C)(C)C(=O)O)cc3)CC2)nc2ccccc21
CELIPROLOL HYDROCHLORIDE,CHEMBL1742424,CCN(CC)C(=O)Nc1ccc(OCC(O)CNC(C)(C)C)c(C(C)=O)c1.Cl
LANDIOLOL,CHEMBL1742466,CC1(C)OC[C@@H](COC(=O)CCc2ccc(OC[C@@H](O)CNCCNC(=O)N3CCOCC3)cc2)O1
EBROTIDINE,CHEMBL1742471,NC(N)=Nc1nc(CSCCN/C=N/S(=O)(=O)c2ccc(Br)cc2)cs1
ROSUVASTATIN CALCIUM,CHEMBL1744447,CC(C)c1nc(N(C)S(C)(=O)=O)nc(-c2ccc(F)cc2)c1/C=C/[C@@H](O)C[C@@H](O)CC(=O)[O-].CC(C)c1nc(N(C)S(C)(=O)=O)nc(-c2ccc(F)cc2)c1/C=C/[C@@H](O)C[C@@H](O)CC(=O)[O-].[Ca+2]
DIQUAFOSOL TETRASODIUM,CHEMBL1767408,O=c1ccn([C@@H]2O[C@H](COP(=O)([O-])OP(=O)([O-])OP(=O)([O-])OP(=O)([O-])OC[C@H]3O[C@@H](n4ccc(=O)[nH]c4=O)[C@H](O)[C@@H]3O)[C@@H](O)[C@H]2O)c(=O)[nH]1.[Na+].[Na+].[Na+].[Na+]
ERTUGLIFLOZIN,CHEMBL1770248,CCOc1ccc(Cc2cc([C@]34OC[C@](CO)(O3)[C@@H](O)[C@H](O)[C@H]4O)ccc2Cl)cc1
NIROGACESTAT,CHEMBL1770916,CCC[C@H](N[C@H]1CCc2cc(F)cc(F)c2C1)C(=O)Nc1cn(C(C)(C)CNCC(C)(C)C)cn1
FLORBETAPIR F 18,CHEMBL1774461,CNc1ccc(/C=C/c2ccc(OCCOCCOCC[18F])nc2)cc1
EVOGLIPTIN,CHEMBL1779710,CC(C)(C)OC[C@@H]1C(=O)NCCN1C(=O)C[C@H](N)Cc1cc(F)c(F)cc1F
LOFEXIDINE HYDROCHLORIDE,CHEMBL1788132,CC(Oc1c(Cl)cccc1Cl)C1=NCCN1.Cl
TILBROQUINOL,CHEMBL1788385,Cc1cc(Br)c(O)c2ncccc12
TETRAMETHRIN,CHEMBL1788386,CC(C)=CC1C(C(=O)OCN2C(=O)C3=C(CCCC3)C2=O)C1(C)C
BIOALLETHRIN,CHEMBL1788403,C=CCC1=C(C)C(OC(=O)[C@@H]2[C@@H](C=C(C)C)C2(C)C)CC1=O
INDACATEROL MALEATE,CHEMBL1789842,CCc1cc2c(cc1CC)CC(NC[C@H](O)c1ccc(O)c3[nH]c(=O)ccc13)C2.O=C(O)/C=C\C(=O)O
RUXOLITINIB,CHEMBL1789941,N#CC[C@H](C1CCCC1)n1cc(-c2ncnc3[nH]ccc23)cn1
RANITIDINE,CHEMBL1790041,CNC(=C[N+](=O)[O-])NCCSCc1ccc(CN(C)C)o1
RUXOLITINIB PHOSPHATE,CHEMBL1795071,N#CC[C@H](C1CCCC1)n1cc(-c2ncnc3[nH]ccc23)cn1.O=P(O)(O)O
HELIUM,CHEMBL1796997,[He]
SULFUR HEXAFLUORIDE,CHEMBL1796998,FS(F)(F)(F)(F)F
RELUGOLIX,CHEMBL1800159,CONC(=O)Nc1ccc(-c2sc3c(c2CN(C)C)c(=O)n(-c2ccc(OC)nn2)c(=O)n3Cc2c(F)cccc2F)cc1
METABROMSALAN,CHEMBL1801800,O=C(Nc1ccccc1)c1cc(Br)cc(Br)c1O
BEXAGLIFLOZIN,CHEMBL1808388,OC[C@H]1O[C@@H](c2ccc(Cl)c(Cc3ccc(OCCOC4CC4)cc3)c2)[C@H](O)[C@@H](O)[C@@H]1O
INFIGRATINIB PHOSPHATE,CHEMBL1834657,CCN1CCN(c2ccc(Nc3cc(N(C)C(=O)Nc4c(Cl)c(OC)cc(OC)c4Cl)ncn3)cc2)CC1.O=P(O)(O)O
INFIGRATINIB,CHEMBL1852688,CCN1CCN(c2ccc(Nc3cc(N(C)C(=O)Nc4c(Cl)c(OC)cc(OC)c4Cl)ncn3)cc2)CC1
INGENOL MEBUTATE,CHEMBL1863513,C/C=C(/C)C(=O)O[C@H]1C(C)=C[C@]23C(=O)[C@@H](C=C(CO)[C@@H](O)[C@]12O)[C@H]1[C@@H](C[C@H]3C)C1(C)C
DIBUNIC ACID,CHEMBL1865134,CC(C)(C)c1ccc2c(S(=O)(=O)O)c(C(C)(C)C)ccc2c1
IBRUTINIB,CHEMBL1873475,C=CC(=O)N1CCC[C@@H](n2nc(-c3ccc(Oc4ccccc4)cc3)c3c(N)ncnc32)C1
CINEPAZIDE,CHEMBL1874750,COc1cc(/C=C/C(=O)N2CCN(CC(=O)N3CCCC3)CC2)cc(OC)c1OC
DEXFENFLURAMINE HYDROCHLORIDE,CHEMBL1887891,CCN[C@@H](C)Cc1cccc(C(F)(F)F)c1.Cl
TROSPIUM,CHEMBL1888176,O=C(O[C@H]1C[C@H]2CC[C@@H](C1)[N+]21CCCC1)C(O)(c1ccccc1)c1ccccc1
ROPIVACAINE HYDROCHLORIDE,CHEMBL1889140,CCCN1CCCC[C@H]1C(=O)Nc1c(C)cccc1C.Cl
PERFLENAPENT,CHEMBL1899801,FC(F)(F)C(F)(F)C(F)(F)C(F)(F)C(F)(F)F
TIOTROPIUM,CHEMBL1900528,C[N+]1(C)[C@@H]2C[C@@H](OC(=O)C(O)(c3cccs3)c3cccs3)C[C@H]1[C@@H]1O[C@@H]12
DOCUSATE SODIUM,CHEMBL1905872,CCCCC(CC)COC(=O)CC(C(=O)OCC(CC)CCCC)S(=O)(=O)[O-].[Na+]
FLOSEQUINAN,CHEMBL1908307,Cn1cc([S+](C)[O-])c(=O)c2ccc(F)cc21
GEMEPROST,CHEMBL1908315,CCCCC(C)(C)[C@H](O)/C=C/[C@H]1[C@H](O)CC(=O)[C@@H]1CCCC/C=C/C(=O)OC
SPARTEINE SULFATE,CHEMBL1908348,C1CCN2C[C@@H]3C[C@@H](CN4CCCC[C@@H]34)[C@H]2C1.O.O.O.O.O.O=S(=O)(O)O
SODIUM MONOFLUOROPHOSPHATE,CHEMBL1908359,O=P([O-])([O-])F.[Na+].[Na+]
EVEROLIMUS,CHEMBL1908360,CO[C@H]1C[C@@H]2CC[C@@H](C)[C@@](O)(O2)C(=O)C(=O)N2CCCC[C@H]2C(=O)O[C@H]([C@H](C)C[C@@H]2CC[C@@H](OCCO)[C@H](OC)C2)CC(=O)[C@H](C)/C=C(\C)[C@@H](O)[C@@H](OC)C(=O)[C@H](C)C[C@H](C)/C=C/C=C/C=C/1C
LEVOLEUCOVORIN CALCIUM,CHEMBL1908361,Nc1nc(=O)c2c([nH]1)NC[C@H](CNc1ccc(C(=O)N[C@@H](CCC(=O)[O-])C(=O)[O-])cc1)N2C=O.[Ca+2]
FINAFLOXACIN,CHEMBL1908370,N#Cc1c(N2C[C@@H]3NCCO[C@H]3C2)c(F)cc2c(=O)c(C(=O)O)cn(C3CC3)c12
PYRVINIUM PAMOATE,CHEMBL1908377,Cc1cc(/C=C/c2ccc3cc(N(C)C)ccc3[n+]2C)c(C)n1-c1ccccc1.Cc1cc(/C=C/c2ccc3cc(N(C)C)ccc3[n+]2C)c(C)n1-c1ccccc1.O=C([O-])c1cc2ccccc2c(Cc2c(O)c(C(=O)[O-])cc3ccccc23)c1O
LEVOLEUCOVORIN,CHEMBL1908841,Nc1nc(=O)c2c([nH]1)NC[C@H](CNc1ccc(C(=O)N[C@@H](CCC(=O)O)C(=O)O)cc1)N2C=O
SPARTEINE,CHEMBL1908847,C1CCN2C[C@@H]3C[C@@H](CN4CCCC[C@@H]34)[C@H]2C1
FLORBETABEN,CHEMBL1908906,CNc1ccc(/C=C/c2ccc(OCCOCCOCCF)cc2)cc1
FLUCICLOVINE,CHEMBL1908917,N[C@]1(C(=O)O)C[C@@H](F)C1
FLORBETAPIR,CHEMBL1908919,CNc1ccc(/C=C/c2ccc(OCCOCCOCCF)nc2)cc1
PIPAMAZINE,CHEMBL1909072,NC(=O)C1CCN(CCCN2c3ccccc3Sc3ccc(Cl)cc32)CC1
FENCLOZIC ACID,CHEMBL1909282,O=C(O)Cc1csc(-c2ccc(Cl)cc2)n1
MEBANAZINE,CHEMBL1909283,CC(NN)c1ccccc1
NITREFAZOLE,CHEMBL1909285,Cc1nc([N+](=O)[O-])cn1-c1ccc([N+](=O)[O-])cc1
PHENOXYPROPAZINE,CHEMBL1909286,CC(COc1ccccc1)NN
TRIACETYLDIPHENOLISATIN,CHEMBL1909288,CC(=O)Oc1ccc(C2(c3ccc(OC(C)=O)cc3)C(=O)N(C(C)=O)c3ccccc32)cc1
XENAZOIC ACID,CHEMBL1909289,CCOC(Nc1ccc(C(=O)O)cc1)C(=O)c1ccc(-c2ccccc2)cc1
PINAVERIUM BROMIDE,CHEMBL1909298,COc1cc(Br)c(C[N+]2(CCOCCC3CCC4CC3C4(C)C)CCOCC2)cc1OC.[Br-]
PINAVERIUM,CHEMBL1909324,COc1cc(Br)c(C[N+]2(CCOCCC3CCC4CC3C4(C)C)CCOCC2)cc1OC
ANAGLIPTIN,CHEMBL1929396,Cc1cc2ncc(C(=O)NCC(C)(C)NCC(=O)N3CCC[C@H]3C#N)cn2n1
IOFLUPANE,CHEMBL1945778,COC(=O)[C@H]1[C@@H](c2ccc(I)cc2)C[C@@H]2CC[C@H]1N2CCCF
REGORAFENIB,CHEMBL1946170,CNC(=O)c1cc(Oc2ccc(NC(=O)Nc3ccc(Cl)c(C(F)(F)F)c3)c(F)c2)ccn1
DIHYDROSTREPTOMYCIN,CHEMBL1950576,CN[C@@H]1[C@H](O[C@H]2[C@H](O[C@H]3[C@H](O)[C@@H](O)[C@H](NC(=N)N)[C@@H](O)[C@@H]3NC(=N)N)O[C@@H](C)[C@]2(O)CO)O[C@@H](CO)[C@H](O)[C@H]1O
ARFORMOTEROL TARTRATE,CHEMBL1951071,COc1ccc(C[C@@H](C)NC[C@H](O)c2ccc(O)c(NC=O)c2)cc1.O=C(O)C(O)C(O)C(=O)O
ERAVACYCLINE,CHEMBL1951095,CN(C)[C@@H]1C(O)=C(C(N)=O)C(=O)[C@@]2(O)C(O)=C3C(=O)c4c(O)c(NC(=O)CN5CCCC5)cc(F)c4C[C@H]3C[C@@H]12
AVANAFIL,CHEMBL1963681,COc1ccc(CNc2nc(N3CCC[C@H]3CO)ncc2C(=O)NCc2ncccn2)cc1Cl
TAFLUPROST,CHEMBL1963683,CC(C)OC(=O)CCC/C=C\C[C@@H]1[C@@H](/C=C/C(F)(F)COc2ccccc2)[C@H](O)C[C@@H]1O
STREPTOZOCIN,CHEMBL1977579,CN(N=O)C(=O)N[C@@H](C=O)[C@@H](O)[C@H](O)[C@H](O)CO
ENTRECTINIB,CHEMBL1983268,CN1CCN(c2ccc(C(=O)Nc3n[nH]c4ccc(Cc5cc(F)cc(F)c5)cc34)c(NC3CCOCC3)c2)CC1
STIRIPENTOL,CHEMBL1983350,CC(C)(C)C(O)/C=C/c1ccc2c(c1)OCO2
PIFOXIME,CHEMBL1998966,C/C(=N\O)c1ccc(OCC(=O)N2CCCCC2)cc1
BELUMOSUDIL,CHEMBL2005186,CC(C)NC(=O)COc1cccc(-c2nc(Nc3ccc4[nH]ncc4c3)c3ccccc3n2)c1
SELENIOUS ACID,CHEMBL2009089,O=[Se](O)O
IVACAFTOR,CHEMBL2010601,CC(C)(C)c1cc(C(C)(C)C)c(NC(=O)c2c[nH]c3ccccc3c2=O)cc1O
IPRAGLIFLOZIN,CHEMBL2018096,OC[C@H]1O[C@@H](c2ccc(F)c(Cc3cc4ccccc4s3)c2)[C@H](O)[C@@H](O)[C@@H]1O
FOSPROPOFOL DISODIUM,CHEMBL2021422,CC(C)c1cccc(C(C)C)c1OCOP(=O)([O-])[O-].[Na+].[Na+]
MAGNESIUM SULFATE ANHYDROUS,CHEMBL2021423,O=S(=O)([O-])[O-].[Mg+2]
POTASSIUM SULFATE,CHEMBL2021424,O=S(=O)([O-])[O-].[K+].[K+]
DEXAMETHASONE SODIUM PHOSPHATE,CHEMBL2021430,C[C@@H]1C[C@H]2[C@@H]3CCC4=CC(=O)C=C[C@]4(C)[C@@]3(F)[C@@H](O)C[C@]2(C)[C@@]1(O)C(=O)COP(=O)([O-])[O-].[Na+].[Na+]
HYDROXYSTILBAMIDINE ISETHIONATE,CHEMBL2023895,N=C(N)c1ccc(/C=C/c2ccc(C(=N)N)cc2O)cc1.O=S(=O)(O)CCO.O=S(=O)(O)CCO
DACLATASVIR,CHEMBL2023898,COC(=O)N[C@H](C(=O)N1CCC[C@H]1c1ncc(-c2ccc(-c3ccc(-c4cnc([C@@H]5CCCN5C(=O)[C@@H](NC(=O)OC)C(C)C)[nH]4)cc3)cc2)[nH]1)C(C)C
CARIPRAZINE HYDROCHLORIDE,CHEMBL2024517,CN(C)C(=O)N[C@H]1CC[C@H](CCN2CCN(c3cccc(Cl)c3Cl)CC2)CC1.Cl
CARIPRAZINE,CHEMBL2028019,CN(C)C(=O)N[C@H]1CC[C@H](CCN2CCN(c3cccc(Cl)c3Cl)CC2)CC1
AZILSARTAN MEDOXOMIL,CHEMBL2028661,CCOc1nc2cccc(C(=O)OCc3oc(=O)oc3C)c2n1Cc1ccc(-c2ccccc2-c2noc(=O)[nH]2)cc1
DABRAFENIB,CHEMBL2028663,CC(C)(C)c1nc(-c2cccc(NS(=O)(=O)c3c(F)cccc3F)c2F)c(-c2ccnc(N)n2)s1
FLUDEOXYGLUCOSE F 18,CHEMBL2030434,OC[C@H]1OC(O)[C@H]([18F])[C@@H](O)[C@@H]1O
PACRITINIB,CHEMBL2035187,C1=N/C2=N/c3ccc(OCCN4CCCC4)c(c3)COC/C=C/COCc3cccc(c3)C(=C1)N2
CICLESONIDE,CHEMBL2040682,CC(C)C(=O)OCC(=O)[C@@]12O[C@H](C3CCCCC3)O[C@@H]1C[C@H]1[C@@H]3CCC4=CC(=O)C=C[C@]4(C)[C@H]3[C@@H](O)C[C@@]12C
FLUTEMETAMOL F 18,CHEMBL2042122,CNc1ccc(-c2nc3ccc(O)cc3s2)cc1[18F]
GLASDEGIB,CHEMBL2043437,CN1CC[C@@H](NC(=O)Nc2ccc(C#N)cc2)C[C@@H]1c1nc2ccccc2[nH]1
LIFITEGRAST,CHEMBL2048028,CS(=O)(=O)c1cccc(C[C@H](NC(=O)c2c(Cl)cc3c(c2Cl)CCN(C(=O)c2ccc4ccoc4c2)C3)C(=O)O)c1
CANAGLIFLOZIN ANHYDROUS,CHEMBL2048484,Cc1ccc([C@@H]2O[C@H](CO)[C@@H](O)[C@H](O)[C@H]2O)cc1Cc1ccc(-c2ccc(F)cc2)s1
PHENDIMETRAZINE TARTRATE,CHEMBL2062163,C[C@H]1[C@H](c2ccccc2)OCCN1C.O=C(O)C(O)C(O)C(=O)O
METARAMINOL BITARTRATE,CHEMBL2062262,C[C@H](N)[C@H](O)c1cccc(O)c1.O=C(O)C(O)C(O)C(=O)O
PHENYLEPHRINE BITARTRATE,CHEMBL2062264,CNC[C@H](O)c1cccc(O)c1.O=C(O)C(O)C(O)C(=O)O
DIHYDROCODEINE BITARTRATE,CHEMBL2062266,COc1ccc2c3c1O[C@H]1[C@@H](O)CC[C@H]4[C@@H](C2)N(C)CC[C@@]341.O=C(O)C(O)C(O)C(=O)O
LEVALLORPHAN TARTRATE,CHEMBL2062276,C=CCN1CC[C@]23CCCC[C@H]2[C@H]1Cc1ccc(O)cc13.O=C(O)C(O)C(O)C(=O)O
METOPROLOL TARTRATE,CHEMBL2062335,COCCc1ccc(OCC(O)CNC(C)C)cc1.COCCc1ccc(OCC(O)CNC(C)C)cc1.O=C(O)C(O)C(O)C(=O)O
GRAZOPREVIR ANHYDROUS,CHEMBL2063090,C=C[C@@H]1C[C@]1(NC(=O)[C@@H]1C[C@@H]2CN1C(=O)[C@H](C(C)(C)C)NC(=O)O[C@@H]1C[C@H]1CCCCCc1nc3ccc(OC)cc3nc1O2)C(=O)NS(=O)(=O)C1CC1
VONOPRAZAN FUMARATE,CHEMBL2064032,CNCc1cc(-c2ccccc2F)n(S(=O)(=O)c2cccnc2)c1.O=C(O)/C=C/C(=O)O
CALCIUM METRIZOATE,CHEMBL2068723,CC(=O)Nc1c(I)c(C(=O)[O-])c(I)c(N(C)C(C)=O)c1I.CC(=O)Nc1c(I)c(C(=O)[O-])c(I)c(N(C)C(C)=O)c1I.[Ca+2]
ACAMPROSATE CALCIUM,CHEMBL2068724,CC(=O)NCCCS(=O)(=O)[O-].CC(=O)NCCCS(=O)(=O)[O-].[Ca+2]
IPODATE CALCIUM,CHEMBL2068725,CN(C)/C=N/c1c(I)cc(I)c(CCC(=O)[O-])c1I.CN(C)/C=N/c1c(I)cc(I)c(CCC(=O)[O-])c1I.[Ca+2]
FLUDEOXYGLUCOSE,CHEMBL2068864,OC[C@H]1OC(O)[C@H](F)[C@@H](O)[C@@H]1O
SODIUM GLUCONATE,CHEMBL2068884,O=C([O-])[C@H]1O[C@H](O)[C@H](O)[C@@H](O)[C@@H]1O.[Na+]
VONOPRAZAN,CHEMBL2079130,CNCc1cc(-c2ccccc2F)n(S(=O)(=O)c2cccnc2)c1
STANOZOLOL,CHEMBL2079587,C[C@]12Cc3c[nH]nc3C[C@@H]1CC[C@@H]1[C@@H]2CC[C@@]2(C)[C@H]1CC[C@]2(C)O
PENCICLOVIR SODIUM,CHEMBL2079793,Nc1nc([O-])c2ncn(CCC(CO)CO)c2n1.[Na+]
BOSUTINIB MONOHYDRATE,CHEMBL2095206,COc1cc(Nc2c(C#N)cnc3cc(OCCCN4CCN(C)CC4)c(OC)cc23)c(Cl)cc1Cl.O
CHOLINE C-11,CHEMBL2095207,C[N+](C)([11CH3])CCO.[Cl-]
COBICISTAT,CHEMBL2095208,CC(C)c1nc(CN(C)C(=O)N[C@@H](CCN2CCOCC2)C(=O)N[C@H](CC[C@H](Cc2ccccc2)NC(=O)OCc2cncs2)Cc2ccccc2)cs1
ICOSAPENT ETHYL,CHEMBL2095209,CC/C=C\C/C=C\C/C=C\C/C=C\C/C=C\CCCC(=O)OCC
LORCASERIN HYDROCHLORIDE,CHEMBL2095211,C[C@H]1CNCCc2ccc(Cl)cc21.Cl
MIRABEGRON,CHEMBL2095212,Nc1nc(CC(=O)Nc2ccc(CCNC[C@H](O)c3ccccc3)cc2)cs1
CLORAZEPATE DIPOTASSIUM,CHEMBL2096631,O=C([O-])C1N=C(c2ccccc2)c2cc(Cl)ccc2NC1=O.[K+].[K+].[OH-]
MAGNESIUM TRISILICATE,CHEMBL2096633,O=[Si]([O-])O[Si]([O-])([O-])O[Si](=O)[O-].[Mg+2].[Mg+2]
UREA C 14,CHEMBL2096635,N[14C](N)=O
INAMRINONE LACTATE,CHEMBL2096642,CC(O)C(=O)O.Nc1cc(-c2ccncc2)c[nH]c1=O
AMINOSALICYLATE SODIUM,CHEMBL2096646,Nc1ccc(C(=O)[O-])c(O)c1.O.O.[Na+]
UREA C 13,CHEMBL2096648,N[13C](N)=O
SODIUM THIOSULFATE,CHEMBL2096650,O.O.O.O.O.O=S([O-])([O-])=S.[Na+].[Na+]
FENOPROFEN CALCIUM,CHEMBL2103736,CC(C(=O)[O-])c1cccc(Oc2ccccc2)c1.CC(C(=O)[O-])c1cccc(Oc2ccccc2)c1.O.O.[Ca+2]
LITHIUM CITRATE,CHEMBL2103738,O.O.O.O.O=C([O-])CC(O)(CC(=O)[O-])C(=O)[O-].[Li+].[Li+].[Li+]
EMEDASTINE DIFUMARATE,CHEMBL2103739,CCOCCn1c(N2CCCN(C)CC2)nc2ccccc21.O=C(O)/C=C/C(=O)O.O=C(O)/C=C/C(=O)O
LEVOTHYROXINE SODIUM,CHEMBL2103741,N[C@@H](Cc1cc(I)c(Oc2cc(I)c(O)c(I)c2)c(I)c1)C(=O)[O-].O.[Na+]
TOFACITINIB CITRATE,CHEMBL2103743,C[C@@H]1CCN(C(=O)CC#N)C[C@@H]1N(C)c1ncnc2[nH]ccc12.O=C(O)CC(O)(CC(=O)O)C(=O)O
MORPHINE SULFATE,CHEMBL2103744,CN1CC[C@]23c4c5ccc(O)c4O[C@H]2[C@@H](O)C=C[C@H]3[C@H]1C5.CN1CC[C@]23c4c5ccc(O)c4O[C@H]2[C@@H](O)C=C[C@H]3[C@H]1C5.O.O.O.O.O.O=S(=O)(O)O
RACECADOTRIL,CHEMBL2103772,CC(=O)SCC(Cc1ccccc1)C(=O)NCC(=O)OCc1ccccc1
TIBOLONE,CHEMBL2103774,C#C[C@]1(O)CC[C@H]2[C@@H]3[C@H](C)CC4=C(CCC(=O)C4)[C@H]3CC[C@@]21C
AZILSARTAN KAMEDOXOMIL,CHEMBL2103795,CCOc1nc2cccc(C(=O)OCc3oc(=O)oc3C)c2n1Cc1ccc(-c2ccccc2-c2noc(=O)[n-]2)cc1.[K+]
DAPAGLIFLOZIN PROPANEDIOL,CHEMBL2103802,CCOc1ccc(Cc2cc([C@@H]3O[C@H](CO)[C@@H](O)[C@H](O)[C@H]3O)ccc2Cl)cc1.C[C@H](O)CO.O
TASIMELTEON,CHEMBL2103822,CCC(=O)NC[C@@H]1C[C@H]1c1cccc2c1CCO2
DROXIDOPA,CHEMBL2103827,N[C@H](C(=O)O)[C@H](O)c1ccc(O)c(O)c1
FOSTAMATINIB,CHEMBL2103830,COc1cc(Nc2ncc(F)c(Nc3ccc4c(n3)N(COP(=O)(O)O)C(=O)C(C)(C)O4)n2)cc(OC)c1OC
TAFAMIDIS,CHEMBL2103837,O=C(O)c1ccc2nc(-c3cc(Cl)cc(Cl)c3)oc2c1
PIXANTRONE DIMALEATE,CHEMBL2103844,NCCNc1ccc(NCCN)c2c1C(=O)c1ccncc1C2=O.O=C(O)/C=C\C(=O)O.O=C(O)/C=C\C(=O)O
ULIPRISTAL,CHEMBL2103846,CC(=O)[C@@]1(O)CC[C@H]2[C@@H]3CCC4=CC(=O)CCC4=C3[C@@H](c3ccc(N(C)C)cc3)C[C@@]21C
OMADACYCLINE TOSYLATE,CHEMBL2103854,CN(C)c1cc(CNCC(C)(C)C)c(O)c2c1C[C@H]1C[C@H]3[C@H](N(C)C)C(O)=C(C(N)=O)C(=O)[C@@]3(O)C(O)=C1C2=O.Cc1ccc(S(=O)(=O)O)cc1
TELOTRISTAT,CHEMBL2103855,Cc1ccn(-c2cc(Cl)ccc2[C@@H](Oc2cc(-c3ccc(C[C@H](N)C(=O)O)cc3)nc(N)n2)C(F)(F)F)n1
CABOZANTINIB S-MALATE,CHEMBL2103868,COc1cc2nccc(Oc3ccc(NC(=O)C4(C(=O)Nc5ccc(F)cc5)CC4)cc3)c2cc1OC.O=C(O)C[C@H](O)C(=O)O
LUMACAFTOR,CHEMBL2103870,Cc1ccc(NC(=O)C2(c3ccc4c(c3)OC(F)(F)O4)CC2)nc1-c1cccc(C(=O)O)c1
CEFTOLOZANE,CHEMBL2103872,Cn1c(N)c(NC(=O)NCCN)c[n+]1CC1=C(C(=O)O)N2C(=O)[C@@H](NC(=O)/C(=N\OC(C)(C)C(=O)[O-])c3nsc(N)n3)[C@H]2SC1
MACITENTAN,CHEMBL2103873,CCCNS(=O)(=O)Nc1ncnc(OCCOc2ncc(Br)cn2)c1-c1ccc(Br)cc1
TRAMETINIB,CHEMBL2103875,CC(=O)Nc1cccc(-n2c(=O)n(C3CC3)c(=O)c3c(Nc4ccc(I)cc4F)n(C)c(=O)c(C)c32)c1
EFINACONAZOLE,CHEMBL2103877,C=C1CCN([C@H](C)[C@](O)(Cn2cncn2)c2ccc(F)cc2F)CC1
AVATROMBOPAG,CHEMBL2103883,O=C(Nc1nc(-c2cc(Cl)cs2)c(N2CCN(C3CCCCC3)CC2)s1)c1cnc(N2CCC(C(=O)O)CC2)c(Cl)c1
LYMECYCLINE,CHEMBL2103929,CN(C)[C@@H]1C(O)=C(C(=O)NCNCCCC[C@H](N)C(=O)O)C(=O)[C@@]2(O)C(O)=C3C(=O)c4c(O)cccc4[C@@](C)(O)[C@H]3C[C@@H]12
CHOLINE SALICYLATE,CHEMBL2104095,C[N+](C)(C)CCO.O=C([O-])c1ccccc1O
CLOMACRAN PHOSPHATE,CHEMBL2104136,CN(C)CCCC1c2ccccc2Nc2ccc(Cl)cc21.O=P(O)(O)O
DIBENZEPIN HYDROCHLORIDE,CHEMBL2104287,CN(C)CCN1C(=O)c2ccccc2N(C)c2ccccc21.Cl
KETAZOLAM,CHEMBL2104356,CC1=CC(=O)N2CC(=O)N(C)c3ccc(Cl)cc3C2(c2ccccc2)O1
MOXIDECTIN,CHEMBL2104415,CO/N=C1\C[C@]2(C[C@@H]3C[C@@H](C/C=C(\C)C[C@@H](C)/C=C/C=C4\CO[C@@H]5[C@H](O)C(C)=C[C@@H](C(=O)O3)[C@]45O)O2)O[C@H](/C(C)=C/C(C)C)[C@H]1C
TRITOQUALINE,CHEMBL2104445,CCOc1c(N)c2c(c(OCC)c1OCC)C(C1c3c(cc4c(c3OC)OCO4)CCN1C)OC2=O
ANAGESTONE ACETATE,CHEMBL2104489,CC(=O)O[C@]1(C(C)=O)CCC2[C@@H]3C[C@H](C)C4=CCCC[C@]4(C)[C@H]3CC[C@@]21C
AMOPROXAN,CHEMBL2104537,COc1cc(C(=O)OC(COCCC(C)C)CN2CCOCC2)cc(OC)c1OC
CALCIUM GLUBIONATE,CHEMBL2104594,O.O=C([O-])[C@H](O)[C@@H](O)[C@H](O)[C@H](O)CO.O=C([O-])[C@H](O)[C@@H](O)[C@H](O[C@@H]1O[C@H](CO)[C@H](O)[C@H](O)[C@H]1O)[C@H](O)CO.[Ca+2]
PYROVALERONE HYDROCHLORIDE,CHEMBL2104793,CCCC(C(=O)c1ccc(C)cc1)N1CCCC1.Cl
SULFADICRAMIDE,CHEMBL2104910,CC(C)=CC(=O)NS(=O)(=O)c1ccc(N)cc1
INDORAMIN HYDROCHLORIDE,CHEMBL2104941,Cl.O=C(NC1CCN(CCc2c[nH]c3ccccc23)CC1)c1ccccc1
VORTIOXETINE,CHEMBL2104993,Cc1ccc(Sc2ccccc2N2CCNCC2)c(C)c1
INDIGOTINDISULFONATE SODIUM,CHEMBL2105023,O=C1/C(=C2\Nc3ccc(S(=O)(=O)[O-])cc3C2=O)Nc2ccc(S(=O)(=O)[O-])cc21.[Na+].[Na+]
MEFRUSIDE,CHEMBL2105131,CN(CC1(C)CCCO1)S(=O)(=O)c1ccc(Cl)c(S(N)(=O)=O)c1
PHOLCODINE,CHEMBL2105224,CN1CC[C@]23c4c5ccc(OCCN6CCOCC6)c4O[C@H]2[C@@H](O)C=C[C@H]3[C@H]1C5
PROXIBARBAL,CHEMBL2105233,C=CCC1(CC(C)O)C(=O)NC(=O)NC1=O
POTASSIUM BITARTRATE,CHEMBL2105248,O=C([O-])[C@H](O)[C@@H](O)C(=O)O.[K+]
PROPYLHEXEDRINE,CHEMBL2105275,CNC(C)CC1CCCCC1
PROPANIDID,CHEMBL2105345,CCCOC(=O)Cc1ccc(OCC(=O)N(CC)CC)c(OC)c1
OSPEMIFENE,CHEMBL2105395,OCCOc1ccc(/C(=C(/CCCl)c2ccccc2)c2ccccc2)cc1
TAUROLIDINE,CHEMBL2105420,O=S1(=O)CCN(CN2CCS(=O)(=O)NC2)CN1
THENALIDINE,CHEMBL2105458,CN1CCC(N(Cc2cccs2)c2ccccc2)CC1
ZIPEPROL,CHEMBL2105497,COC(CN1CCN(CC(O)C(OC)c2ccccc2)CC1)c1ccccc1
TETRAZEPAM,CHEMBL2105527,CN1C(=O)CN=C(C2=CCCCC2)c2cc(Cl)ccc21
FENPROPOREX,CHEMBL2105566,CC(Cc1ccccc1)NCCC#N
VERALIPRIDE,CHEMBL2105581,C=CCN1CCCC1CNC(=O)c1cc(S(N)(=O)=O)cc(OC)c1OC
TACALCITOL,CHEMBL2105611,C=C1/C(=C\C=C2/CCC[C@]3(C)[C@@H]([C@H](C)CC[C@@H](O)C(C)C)CC[C@@H]23)C[C@@H](O)C[C@@H]1O
DIVALPROEX SODIUM,CHEMBL2105613,CCCC(CCC)C(=O)O.CCCC(CCC)C(=O)[O-].[Na+]
VINFLUNINE DITARTRATE,CHEMBL2105629,CC[C@]12C=CCN3CC[C@@]4(c5cc([C@@]6(C(=O)OC)C[C@@H]7C[C@@H](C(C)(F)F)CN(Cc8c6[nH]c6ccccc86)C7)c(OC)cc5N(C)[C@H]4[C@@](O)(C(=O)OC)[C@@H]1OC(C)=O)[C@@H]32.O=C(O)C(O)C(O)C(=O)O.O=C(O)C(O)C(O)C(=O)O
DELAFLOXACIN,CHEMBL2105637,Nc1nc(-n2cc(C(=O)O)c(=O)c3cc(F)c(N4CC(O)C4)c(Cl)c32)c(F)cc1F
DELAFLOXACIN MEGLUMINE,CHEMBL2105638,CNC[C@H](O)[C@@H](O)[C@H](O)[C@H](O)CO.Nc1nc(-n2cc(C(=O)O)c(=O)c3cc(F)c(N4CC(O)C4)c(Cl)c32)c(F)cc1F
PALOVAROTENE,CHEMBL2105648,CC1(C)CCC(C)(C)c2cc(Cn3cccn3)c(/C=C/c3ccc(C(=O)O)cc3)cc21
LOMITAPIDE MESYLATE,CHEMBL2105662,CS(=O)(=O)O.O=C(NC1CCN(CCCCC2(C(=O)NCC(F)(F)F)c3ccccc3-c3ccccc32)CC1)c1ccccc1-c1ccc(C(F)(F)F)cc1
TEDIZOLID PHOSPHATE,CHEMBL2105669,Cn1nnc(-c2ccc(-c3ccc(N4C[C@H](COP(=O)(O)O)OC4=O)cc3F)cn2)n1
TAFAMIDIS MEGLUMINE,CHEMBL2105675,CNC[C@H](O)[C@@H](O)[C@H](O)[C@H](O)CO.O=C(O)c1ccc2nc(-c3cc(Cl)cc(Cl)c3)oc2c1
RIFAMYCIN SODIUM,CHEMBL2105680,CO[C@H]1/C=C/O[C@@]2(C)Oc3c(C)c([O-])c4c(O)c(cc(O)c4c3C2=O)NC(=O)/C(C)=C\C=C\[C@H](C)[C@H](O)[C@@H](C)[C@@H](O)[C@@H](C)[C@H](OC(C)=O)[C@@H]1C.[Na+]
EDOXABAN TOSYLATE,CHEMBL2105682,CN1CCc2nc(C(=O)N[C@@H]3C[C@@H](C(=O)N(C)C)CC[C@@H]3NC(=O)C(=O)Nc3ccc(Cl)cn3)sc2C1.Cc1ccc(S(=O)(=O)O)cc1
SELUMETINIB SULFATE,CHEMBL2105684,Cn1cnc2c(F)c(Nc3ccc(Br)cc3Cl)c(C(=O)NOCCO)cc21.O=S(=O)(O)O
LULICONAZOLE,CHEMBL2105689,N#C/C(=C1/SC[C@@H](c2ccc(Cl)cc2Cl)S1)n1ccnc1
TELOTRISTAT ETHYL,CHEMBL2105695,CCOC(=O)[C@@H](N)Cc1ccc(-c2cc(O[C@H](c3ccc(Cl)cc3-n3ccc(C)n3)C(F)(F)F)nc(N)n2)cc1
BEDAQUILINE FUMARATE,CHEMBL2105700,COc1nc2ccc(Br)cc2cc1[C@@H](c1ccccc1)[C@@](O)(CCN(C)C)c1cccc2ccccc12.O=C(O)/C=C/C(=O)O
LENVATINIB MESYLATE,CHEMBL2105704,COc1cc2nccc(Oc3ccc(NC(=O)NC4CC4)c(Cl)c3)c2cc1C(N)=O.CS(=O)(=O)O
PONATINIB HYDROCHLORIDE,CHEMBL2105708,Cc1ccc(C(=O)Nc2ccc(CN3CCN(C)CC3)c(C(F)(F)F)c2)cc1C#Cc1cnc2cccnn12.Cl
QUIZARTINIB DIHYDROCHLORIDE,CHEMBL2105709,CC(C)(C)c1cc(NC(=O)Nc2ccc(-c3cn4c(n3)sc3cc(OCCN5CCOCC5)ccc34)cc2)no1.Cl.Cl
TOFOGLIFLOZIN,CHEMBL2105711,CCc1ccc(Cc2ccc3c(c2)[C@]2(OC3)O[C@H](CO)[C@@H](O)[C@H](O)[C@H]2O)cc1.O
AFATINIB DIMALEATE,CHEMBL2105712,CN(C)C/C=C/C(=O)Nc1cc2c(Nc3ccc(F)c(Cl)c3)ncnc2cc1O[C@H]1CCOC1.O=C(O)/C=C\C(=O)O.O=C(O)/C=C\C(=O)O
CABOZANTINIB,CHEMBL2105717,COc1cc2nccc(Oc3ccc(NC(=O)C4(C(=O)Nc5ccc(F)cc5)CC4)cc3)c2cc1OC
DACOMITINIB,CHEMBL2105719,COc1cc2ncnc(Nc3ccc(F)c(Cl)c3)c2cc1NC(=O)/C=C/CN1CCCCC1.O
LESINURAD,CHEMBL2105720,O=C(O)CSc1nnc(Br)n1-c1ccc(C2CC2)c2ccccc12
NOMEGESTROL,CHEMBL2105722,CC(=O)[C@@]1(O)CC[C@H]2[C@@H]3C=C(C)C4=CC(=O)CC[C@@H]4[C@H]3CC[C@@]21C
DABRAFENIB MESYLATE,CHEMBL2105729,CC(C)(C)c1nc(-c2cccc(NS(=O)(=O)c3c(F)cccc3F)c2F)c(-c2ccnc(N)n2)s1.CS(=O)(=O)O
LEVOMILNACIPRAN HYDROCHLORIDE,CHEMBL2105732,CCN(CC)C(=O)[C@@]1(c2ccccc2)C[C@H]1CN.Cl
ASUNAPREVIR,CHEMBL2105735,C=C[C@@H]1C[C@]1(NC(=O)[C@@H]1C[C@@H](Oc2ncc(OC)c3ccc(Cl)cc23)CN1C(=O)[C@@H](NC(=O)OC(C)(C)C)C(C)(C)C)C(=O)NS(=O)(=O)C1CC1
SONIDEGIB,CHEMBL2105737,Cc1c(C(=O)Nc2ccc(N3C[C@@H](C)O[C@@H](C)C3)nc2)cccc1-c1ccc(OC(F)(F)F)cc1
SITAXENTAN SODIUM,CHEMBL2105740,Cc1cc2c(cc1CC(=O)c1sccc1S(=O)(=O)[N-]c1onc(C)c1Cl)OCO2.[Na+]
TRAMETINIB DIMETHYL SULFOXIDE,CHEMBL2105741,CC(=O)Nc1cccc(-n2c(=O)n(C3CC3)c(=O)c3c(Nc4ccc(I)cc4F)n(C)c(=O)c(C)c32)c1.C[S+](C)[O-]
OLODATEROL HYDROCHLORIDE,CHEMBL2105743,COc1ccc(CC(C)(C)NC[C@H](O)c2cc(O)cc3c2OCC(=O)N3)cc1.Cl
GLYCEROL PHENYLBUTYRATE,CHEMBL2105745,O=C(CCCc1ccccc1)OCC(COC(=O)CCCc1ccccc1)OC(=O)CCCc1ccccc1
PRUCALOPRIDE SUCCINATE,CHEMBL2105748,COCCCN1CCC(NC(=O)c2cc(Cl)c(N)c3c2OCC3)CC1.O=C(O)CCC(=O)O
SAMIDORPHAN L-MALATE,CHEMBL2105749,NC(=O)c1ccc2c(c1O)[C@]13CCN(CC4CC4)[C@H](C2)[C@]1(O)CCC(=O)C3.O=C(O)C[C@H](O)C(=O)O
TRELAGLIPTIN SUCCINATE,CHEMBL2105754,Cn1c(=O)cc(N2CCC[C@@H](N)C2)n(Cc2cc(F)ccc2C#N)c1=O.O=C(O)CCC(=O)O
NALDEMEDINE,CHEMBL2105755,CC(C)(NC(=O)C1=C(O)[C@@H]2Oc3c(O)ccc4c3[C@@]23CCN(CC2CC2)[C@H](C4)[C@]3(O)C1)c1nc(-c2ccccc2)no1
TIVOZANIB HYDROCHLORIDE,CHEMBL2105756,COc1cc2nccc(Oc3ccc(NC(=O)Nc4cc(C)on4)c(Cl)c3)c2cc1OC.Cl.O
AVATROMBOPAG MALEATE,CHEMBL2105758,O=C(Nc1nc(-c2cc(Cl)cs2)c(N2CCN(C3CCCCC3)CC2)s1)c1cnc(N2CCC(C(=O)O)CC2)c(Cl)c1.O=C(O)/C=C\C(=O)O
BARICITINIB,CHEMBL2105759,CCS(=O)(=O)N1CC(CC#N)(n2cc(-c3ncnc4[nH]ccc34)cn2)C1
BREXPIPRAZOLE,CHEMBL2105760,O=c1ccc2ccc(OCCCCN3CCN(c4cccc5sccc45)CC3)cc2[nH]1
OMARIGLIPTIN,CHEMBL2105762,CS(=O)(=O)n1cc2c(n1)CN([C@H]1CO[C@H](c3cc(F)ccc3F)[C@@H](N)C1)C2
"GLYCEROL, IODINATED",CHEMBL2105827,CC(I)C1OCC(CO)O1
CORTIVAZOL,CHEMBL2105842,CC(=O)OCC(=O)[C@@]1(O)[C@H](C)C[C@H]2[C@@H]3C=C(C)C4=Cc5c(cnn5-c5ccccc5)C[C@]4(C)[C@H]3[C@@H](O)C[C@@]21C
BARIUM SULFATE,CHEMBL2105897,O=S(=O)([O-])[O-].[Ba+2]
BARBITAL SODIUM,CHEMBL2105904,CCC1(CC)C(=O)[N-]C(=O)NC1=O.[Na+]
AMOBARBITAL SODIUM,CHEMBL2105941,CCC1(CCC(C)C)C(=O)N=C([O-])NC1=O.[Na+]
CHLORPHENOXAMINE HYDROCHLORIDE,CHEMBL2105980,CN(C)CCOC(C)(c1ccccc1)c1ccc(Cl)cc1.Cl
CEFPIROME SULFATE,CHEMBL2106076,CO/N=C(\C(=O)N[C@@H]1C(=O)N2C(C(=O)[O-])=C(C[n+]3cccc4c3CCC4)CS[C@H]12)c1csc(N)n1.O=S(=O)(O)O
CALCIUM GLUCONATE,CHEMBL2106119,O=C([O-])[C@H](O)[C@@H](O)[C@H](O)[C@H](O)CO.O=C([O-])[C@H](O)[C@@H](O)[C@H](O)[C@H](O)CO.[Ca+2]
EMEPRONIUM BROMIDE,CHEMBL2106122,CC[N+](C)(C)C(C)CC(c1ccccc1)c1ccccc1.[Br-]
ENCAINIDE HYDROCHLORIDE,CHEMBL2106155,COc1ccc(C(=O)Nc2ccccc2CCC2CCCCN2C)cc1.Cl
DEXMEDETOMIDINE HYDROCHLORIDE,CHEMBL2106195,Cc1cccc([C@H](C)c2c[nH]cn2)c1C.Cl
FENFLURAMINE HYDROCHLORIDE,CHEMBL2106217,CCNC(C)Cc1cccc(C(F)(F)F)c1.Cl
IOTHALAMATE SODIUM I 125,CHEMBL2106318,CNC(=O)c1c(I)c(NC(C)=O)c([125I])c(C(=O)[O-])c1[125I].[Na+]
PIPOTIAZINE PALMITATE,CHEMBL2106439,CCCCCCCCCCCCCCCC(=O)OCCC1CCN(CCCN2c3ccccc3Sc3ccc(S(=O)(=O)N(C)C)cc32)CC1
NOXYTIOLIN,CHEMBL2106441,CNC(=S)NCO
VILOXAZINE HYDROCHLORIDE,CHEMBL2106483,CCOc1ccccc1OCC1CNCCO1.Cl
CYCLOBARBITAL CALCIUM,CHEMBL2106556,CCC1(C2=CCCCC2)C(=O)[N-]C(=O)NC1=O.CCC1(C2=CCCCC2)C(=O)[N-]C(=O)NC1=O.[Ca+2]
BAZEDOXIFENE ACETATE,CHEMBL2106615,CC(=O)O.Cc1c(-c2ccc(O)cc2)n(Cc2ccc(OCCN3CCCCCC3)cc2)c2ccc(O)cc12
LOFEPRAMINE HYDROCHLORIDE,CHEMBL2106638,CN(CCCN1c2ccccc2CCc2ccccc21)CC(=O)c1ccc(Cl)cc1.Cl
MYCOPHENOLATE SODIUM,CHEMBL2106643,COc1c(C)c2c(c(O)c1C/C=C(\C)CCC(=O)[O-])C(=O)OC2.[Na+]
ACEFYLLINE PIPERAZINE,CHEMBL2106660,C1CNCCN1.Cn1c(=O)c2c(ncn2CC(=O)O)n(C)c1=O.Cn1c(=O)c2c(ncn2CC(=O)O)n(C)c1=O
NOSCAPINE HYDROCHLORIDE,CHEMBL2106732,COc1ccc2c(c1OC)C(=O)O[C@@H]2[C@H]1c2c(cc3c(c2OC)OCO3)CCN1C.Cl
NAFTAZONE,CHEMBL2106794,NC(=O)N/N=C1\C=Cc2ccccc2C1=O
MEDROGESTONE,CHEMBL2106825,CC(=O)[C@@]1(C)CC[C@H]2[C@@H]3C=C(C)C4=CC(=O)CC[C@]4(C)[C@H]3CC[C@@]21C
METHAQUALONE HYDROCHLORIDE,CHEMBL2106829,Cc1ccccc1-n1c(C)nc2ccccc2c1=O.Cl
METHIODAL SODIUM,CHEMBL2106907,O=S(=O)([O-])CI.[Na+]
METHOPHOLINE,CHEMBL2106915,COc1cc2c(cc1OC)C(CCc1ccc(Cl)cc1)N(C)CC2
POLIHEXANIDE,CHEMBL2106939,CCCCCCNC(=N)NC(=N)N
POTASSIUM BICARBONATE,CHEMBL2106975,O=C([O-])O.[K+]
OXYPERTINE,CHEMBL2107011,COc1cc2[nH]c(C)c(CCN3CCN(c4ccccc4)CC3)c2cc1OC
TESTOSTERONE UNDECANOATE,CHEMBL2107067,CCCCCCCCCCC(=O)O[C@H]1CC[C@H]2[C@@H]3CCC4=CC(=O)CC[C@]4(C)[C@H]3CC[C@]12C
PROTHIPENDYL HYDROCHLORIDE,CHEMBL2107124,CN(C)CCCN1c2ccccc2Sc2cccnc21.Cl
RANELIC ACID,CHEMBL2107175,N#Cc1c(N(CC(=O)O)CC(=O)O)sc(C(=O)O)c1CC(=O)O
IOMEPROL,CHEMBL2107214,CN(C(=O)CO)c1c(I)c(C(=O)NCC(O)CO)c(I)c(C(=O)NCC(O)CO)c1I
IOXITALAMIC ACID,CHEMBL2107239,CC(=O)Nc1c(I)c(C(=O)O)c(I)c(C(=O)NCCO)c1I
SULFADIMETHOXINE SODIUM,CHEMBL2107253,COc1cc([N-]S(=O)(=O)c2ccc(N)cc2)nc(OC)n1.[Na+]
SULFAMERAZINE SODIUM,CHEMBL2107260,Cc1ccnc([N-]S(=O)(=O)c2ccc(N)cc2)n1.[Na+]
DIMETHYL FUMARATE,CHEMBL2107333,COC(=O)/C=C/C(=O)OC
MIFAMURTIDE,CHEMBL2107354,CCCCCCCCCCCCCCCC(=O)OC[C@H](COP(=O)([O-])OCCNC(=O)[C@H](C)NC(=O)CC[C@@H](NC(=O)[C@H](C)NC(=O)[C@@H](C)O[C@H]1[C@H](O)[C@@H](CO)OC(O)[C@@H]1NC(C)=O)C(N)=O)OC(=O)CCCCCCCCCCCCCCC.O.[Na+]
MIGALASTAT HYDROCHLORIDE,CHEMBL2107355,Cl.OC[C@H]1NC[C@H](O)[C@@H](O)[C@H]1O
PALIPERIDONE PALMITATE,CHEMBL2107360,CCCCCCCCCCCCCCCC(=O)OC1CCCn2c1nc(C)c(CCN1CCC(c3noc4cc(F)ccc34)CC1)c2=O
URIDINE TRIACETATE,CHEMBL2107381,CC(=O)OC[C@H]1O[C@@H](n2ccc(=O)[nH]c2=O)[C@H](OC(C)=O)[C@@H]1OC(C)=O
VERNAKALANT HYDROCHLORIDE,CHEMBL2107383,COc1ccc(CCO[C@@H]2CCCC[C@H]2N2CC[C@@H](O)C2)cc1OC.Cl
VORAPAXAR SULFATE,CHEMBL2107386,CCOC(=O)N[C@@H]1CC[C@@H]2[C@@H](C1)C[C@H]1C(=O)O[C@H](C)[C@H]1[C@H]2/C=C/c1ccc(-c2cccc(F)c2)cn1.O=S(=O)(O)O
VORTIOXETINE HYDROBROMIDE,CHEMBL2107387,Br.Cc1ccc(Sc2ccccc2N2CCNCC2)c(C)c1
FLUTRIMAZOLE,CHEMBL2107430,Fc1ccc(C(c2ccccc2)(c2ccccc2F)n2ccnc2)cc1
LYNESTRENOL,CHEMBL2107431,C#C[C@]1(O)CC[C@H]2[C@@H]3CCC4=CCCC[C@@H]4[C@H]3CC[C@@]21C
TEMAFLOXACIN HYDROCHLORIDE,CHEMBL2107495,CC1CN(c2cc3c(cc2F)c(=O)c(C(=O)O)cn3-c2ccc(F)cc2F)CCN1.Cl
CHLORNAPHAZINE,CHEMBL2107519,ClCCN(CCCl)c1ccc2ccccc2c1
SODIUM PHOSPHATE P 32,CHEMBL2107525,O=[32P]([O-])([O-])O.[Na+].[Na+]
SODIUM DIBUNATE,CHEMBL2107554,CC(C)(C)c1ccc2c(S(=O)(=O)[O-])c(C(C)(C)C)ccc2c1.[Na+]
"SODIUM PHOSPHATE, DIBASIC",CHEMBL2107560,O.O.O=P([O-])([O-])O.[Na+].[Na+]
FENTICONAZOLE NITRATE,CHEMBL2107703,Clc1ccc(C(Cn2ccnc2)OCc2ccc(Sc3ccccc3)cc2)c(Cl)c1.O=[N+]([O-])O
ARIMOCLOMOL,CHEMBL2107726,[O-][n+]1cccc(/C(Cl)=N/OC[C@H](O)CN2CCCCC2)c1
NORGESTREL,CHEMBL2107797,C#CC1(O)CC[C@H]2[C@@H]3CCC4=CC(=O)CC[C@@H]4[C@H]3CC[C@@]21CC
FLURPIRIDAZ F 18,CHEMBL2107799,CC(C)(C)n1ncc(OCc2ccc(COCC[18F])cc2)c(Cl)c1=O
TALAPORFIN SODIUM,CHEMBL2107806,C=Cc1c(C)c2cc3nc(c(CC(=O)N[C@@H](CC(=O)[O-])C(=O)[O-])c4[nH]c(cc5nc(cc1[nH]2)C(C)=C5CC)c(C)c4C(=O)[O-])[C@@H](CCC(=O)[O-])[C@@H]3C.[Na+].[Na+].[Na+].[Na+]
TREPROSTINIL DIOLAMINE,CHEMBL2107815,CCCCC[C@H](O)CC[C@@H]1[C@H]2Cc3cccc(OCC(=O)O)c3C[C@H]2C[C@H]1O.OCCNCCO
RADIUM RA 223 DICHLORIDE,CHEMBL2107816,Cl[223Ra]Cl
AVIBACTAM SODIUM,CHEMBL2107817,NC(=O)[C@@H]1CC[C@@H]2CN1C(=O)N2OS(=O)(=O)[O-].[Na+]
TENOFOVIR ALAFENAMIDE,CHEMBL2107825,CC(C)OC(=O)[C@H](C)N[P@](=O)(CO[C@H](C)Cn1cnc2c(N)ncnc21)Oc1ccccc1
VIBEGRON,CHEMBL2107826,O=C(Nc1ccc(C[C@@H]2CC[C@H]([C@H](O)c3ccccc3)N2)cc1)[C@@H]1CCc2nccc(=O)n21
EMPAGLIFLOZIN,CHEMBL2107830,OC[C@H]1O[C@@H](c2ccc(Cl)c(Cc3ccc(O[C@H]4CCOC4)cc3)c2)[C@H](O)[C@@H](O)[C@@H]1O
LUSUTROMBOPAG,CHEMBL2107831,CCCCCCO[C@@H](C)c1cccc(-c2csc(NC(=O)c3cc(Cl)c(/C=C(\C)C(=O)O)c(Cl)c3)n2)c1OC
RIOCIGUAT,CHEMBL2107834,COC(=O)N(C)c1c(N)nc(-c2nn(Cc3ccccc3F)c3ncccc23)nc1N
TRISILICATE,CHEMBL2109882,O=[Si](O)O[Si](O)(O)O[Si](=O)O
TRIMETHOPRIM SULFATE,CHEMBL2110367,COc1cc(Cc2cnc(N)nc2N)cc(OC)c1OC.COc1cc(Cc2cnc(N)nc2N)cc(OC)c1OC.O=S(=O)(O)O
BETHANIDINE SULFATE,CHEMBL2110368,C/N=C(\NC)NCc1ccccc1.C/N=C(\NC)NCc1ccccc1.O=S(=O)(O)O
RANITIDINE HYDROCHLORIDE,CHEMBL2110372,CNC(=C[N+](=O)[O-])NCCSCc1ccc(CN(C)C)o1.Cl
RUBIDIUM CHLORIDE,CHEMBL2110557,[Cl-].[Rb+]
ELIGLUSTAT,CHEMBL2110588,CCCCCCCC(=O)N[C@H](CN1CCCC1)[C@H](O)c1ccc2c(c1)OCCO2
BUNAMIODYL,CHEMBL2110636,CCCC(=O)Nc1c(I)cc(I)c(/C=C(\CC)C(=O)O)c1I
VINFLUNINE,CHEMBL2110725,CC[C@]12C=CCN3CC[C@@]4(c5cc([C@@]6(C(=O)OC)C[C@@H]7C[C@@H](C(C)(F)F)CN(Cc8c6[nH]c6ccccc86)C7)c(OC)cc5N(C)[C@H]4[C@@](O)(C(=O)OC)[C@@H]1OC(C)=O)[C@@H]32
TOFOGLIFLOZIN ANHYDROUS,CHEMBL2110731,CCc1ccc(Cc2ccc3c(c2)[C@]2(OC3)O[C@H](CO)[C@@H](O)[C@H](O)[C@H]2O)cc1
DACOMITINIB ANHYDROUS,CHEMBL2110732,COc1cc2ncnc(Nc3ccc(F)c(Cl)c3)c2cc1NC(=O)/C=C/CN1CCCCC1
CHLORPHENOXAMINE,CHEMBL2110774,CN(C)CCOC(C)(c1ccccc1)c1ccc(Cl)cc1
EMEPRONIUM,CHEMBL2110805,CC[N+](C)(C)C(C)CC(c1ccccc1)c1ccccc1
BUTRIPTYLINE,CHEMBL2110816,CC(CC1c2ccccc2CCc2ccccc21)CN(C)C
MEFENOREX,CHEMBL2110962,CC(Cc1ccccc1)NCCCCl
METHIODAL,CHEMBL2110978,O=S(=O)(O)CI
PROTHIPENDYL,CHEMBL2111030,CN(C)CCCN1c2ccccc2Sc2cccnc21
LEVAMLODIPINE,CHEMBL2111097,CCOC(=O)C1=C(COCCN)NC(C)=C(C(=O)OC)[C@@H]1c1ccccc1Cl
MIFAMURTIDE ACID,CHEMBL2111100,CCCCCCCCCCCCCCCC(=O)OC[C@H](COP(=O)(O)OCCNC(=O)[C@H](C)NC(=O)CC[C@@H](NC(=O)[C@H](C)NC(=O)[C@@H](C)O[C@H]1[C@H](O)[C@@H](CO)OC(O)[C@@H]1NC(C)=O)C(N)=O)OC(=O)CCCCCCCCCCCCCCC
PIMAVANSERIN,CHEMBL2111101,CC(C)COc1ccc(CNC(=O)N(Cc2ccc(F)cc2)C2CCN(C)CC2)cc1
VERNAKALANT,CHEMBL2111112,COc1ccc(CCO[C@@H]2CCCC[C@H]2N2CC[C@@H](O)C2)cc1OC
TALAPORFIN,CHEMBL2111186,C=Cc1c(C)c2cc3nc(c(CC(=O)N[C@@H](CC(=O)O)C(=O)O)c4[nH]c(cc5nc(cc1[nH]2)C(C)=C5CC)c(C)c4C(=O)O)[C@@H](CCC(=O)O)[C@@H]3C
RADIUM DICHLORIDE,CHEMBL2111187,Cl[Ra]Cl
RANITIDINE BISMUTH CITRATE,CHEMBL2111286,CNC(=C[N+](=O)[O-])NCCSCc1ccc(CN(C)C)o1.O=C([O-])CC(O)(CC(=O)[O-])C(=O)[O-].[Bi+3]
IPRATROPIUM BROMIDE,CHEMBL2134724,CC(C)[N+]1(C)[C@@H]2CC[C@H]1C[C@@H](OC(=O)C(CO)c1ccccc1)C2.O.[Br-]
FROVATRIPTAN SUCCINATE,CHEMBL2138684,CN[C@@H]1CCc2[nH]c3ccc(C(N)=O)cc3c2C1.O.O=C(O)CCC(=O)O
IVABRADINE HYDROCHLORIDE,CHEMBL2145077,COc1cc2c(cc1OC)CC(=O)N(CCCN(C)C[C@H]1Cc3cc(OC)c(OC)cc31)CC2.Cl
CHLORTETRACYCLINE HYDROCHLORIDE,CHEMBL2146063,CN(C)[C@@H]1C(O)=C(C(N)=O)C(=O)[C@@]2(O)C(O)=C3C(=O)c4c(O)ccc(Cl)c4[C@@](C)(O)[C@H]3C[C@@H]12.Cl
EPHEDRINE HYDROCHLORIDE,CHEMBL2146102,CN[C@@H](C)[C@H](O)c1ccccc1.Cl
METHACYCLINE HYDROCHLORIDE,CHEMBL2146123,C=C1c2cccc(O)c2C(=O)C2=C(O)[C@]3(O)C(=O)C(C(N)=O)=C(O)[C@@H](N(C)C)[C@@H]3[C@@H](O)[C@H]12.Cl
CEFUROXIME SODIUM,CHEMBL2146124,CO/N=C(\C(=O)N[C@@H]1C(=O)N2C(C(=O)[O-])=C(COC(N)=O)CS[C@H]12)c1ccco1.[Na+]
ESOMEPRAZOLE STRONTIUM,CHEMBL2146140,COc1ccc2[n-]c([S@@+]([O-])Cc3ncc(C)c(OC)c3C)nc2c1.COc1ccc2[n-]c([S@@+]([O-])Cc3ncc(C)c(OC)c3C)nc2c1.O.O.O.O.[Sr+2]
ATROPINE SULFATE,CHEMBL2146146,CN1[C@@H]2CC[C@H]1C[C@@H](OC(=O)C(CO)c1ccccc1)C2.O=S(=O)(O)O
COBIMETINIB,CHEMBL2146883,O=C(c1ccc(F)c(F)c1Nc1ccc(I)cc1F)N1CC(O)([C@@H]2CCCCN2)C1
TENELIGLIPTIN,CHEMBL2147777,Cc1cc(N2CCN([C@@H]3CN[C@H](C(=O)N4CCSC4)C3)CC2)n(-c2ccccc2)n1
ELUXADOLINE,CHEMBL2159122,COc1ccc(CN(C(=O)[C@@H](N)Cc2c(C)cc(C(N)=O)cc2C)[C@@H](C)c2ncc(-c3ccccc3)[nH]2)cc1C(=O)O
APROCITENTAN,CHEMBL2165326,NS(=O)(=O)Nc1ncnc(OCCOc2ncc(Br)cn2)c1-c1ccc(Br)cc1
RIMEGEPANT,CHEMBL2178422,N[C@@H]1c2cccnc2[C@H](OC(=O)N2CCC(n3c(=O)[nH]c4ncccc43)CC2)CC[C@H]1c1cccc(F)c1F
FINERENONE,CHEMBL2181927,CCOc1ncc(C)c2c1[C@H](c1ccc(C#N)cc1OC)C(C(N)=O)=C(C)N2
ABAMETAPIR,CHEMBL2205807,Cc1ccc(-c2ccc(C)cn2)nc1
PAROMOMYCIN SULFATE,CHEMBL2206196,NC[C@@H]1O[C@H](O[C@H]2[C@@H](O)[C@H](O[C@@H]3[C@@H](O)[C@H](N)C[C@H](N)[C@H]3O[C@H]3O[C@H](CO)[C@@H](O)[C@H](O)[C@H]3N)O[C@@H]2CO)[C@H](N)[C@@H](O)[C@@H]1O.O=S(=O)(O)O
IDELALISIB,CHEMBL2216870,CC[C@H](Nc1ncnc2[nH]cnc12)c1nc2cccc(F)c2c(=O)n1-c1ccccc1
QUINAGOLIDE,CHEMBL2218861,CCCN1CC(NS(=O)(=O)N(CC)CC)CC2Cc3c(O)cccc3CC21
ERYTHROMYCIN ESTOLATE,CHEMBL2218877,CCC(=O)O[C@H]1[C@H](O[C@@H]2[C@@H](C)[C@H](O[C@H]3C[C@@](C)(OC)[C@@H](O)[C@H](C)O3)[C@@H](C)C(=O)O[C@H](CC)[C@@](C)(O)[C@H](O)[C@@H](C)C(=O)[C@H](C)C[C@@]2(C)O)O[C@H](C)C[C@@H]1N(C)C.CCCCCCCCCCCCOS(=O)(=O)O
TRIMETREXATE GLUCURONATE,CHEMBL2218878,COc1cc(NCc2ccc3nc(N)nc(N)c3c2C)cc(OC)c1OC.O=C(O)[C@H]1O[C@H](O)[C@H](O)[C@@H](O)[C@@H]1O
FLUVASTATIN SODIUM,CHEMBL2218894,CC(C)n1c(/C=C/C(O)CC(O)CC(=O)[O-])c(-c2ccc(F)cc2)c2ccccc21.[Na+]
NABILONE,CHEMBL2218896,CCCCCCC(C)(C)c1cc(O)c2c(c1)OC(C)(C)C1CCC(=O)CC21
CEVIMELINE HYDROCHLORIDE,CHEMBL2218917,CC1OC2(CS1)CN1CCC2CC1.Cl.O
MOMELOTINIB DIHYDROCHLORIDE,CHEMBL2219411,Cl.Cl.N#CCNC(=O)c1ccc(-c2ccnc(Nc3ccc(N4CCOCC4)cc3)n2)cc1
ERAVACYCLINE DIHYDROCHLORIDE,CHEMBL2219414,CN(C)[C@@H]1C(O)=C(C(N)=O)C(=O)[C@@]2(O)C(O)=C3C(=O)c4c(O)c(NC(=O)CN5CCCC5)cc(F)c4C[C@H]3C[C@@H]12.Cl.Cl
NALOXEGOL OXALATE,CHEMBL2219416,C=CCN1CC[C@]23c4c5ccc(O)c4O[C@H]2[C@@H](OCCOCCOCCOCCOCCOCCOCCOC)CC[C@@]3(O)[C@H]1C5.O=C(O)C(=O)O
NALOXEGOL,CHEMBL2219418,C=CCN1CC[C@]23c4c5ccc(O)c4O[C@H]2[C@@H](OCCOCCOCCOCCOCCOCCOCCOC)CC[C@@]3(O)[C@H]1C5
ARIPIPRAZOLE LAUROXIL,CHEMBL2219425,CCCCCCCCCCCC(=O)OCN1C(=O)CCc2ccc(OCCCCN3CCN(c4cccc(Cl)c4Cl)CC3)cc21
STRONTIUM CHLORIDE,CHEMBL2219640,[Cl-].[Cl-].[Sr+2]
MAGNESIUM CHLORIDE ANHYDROUS,CHEMBL2219642,[Cl-].[Cl-].[Mg+2]
CALCIUM GLUBIONATE ANHYDROUS,CHEMBL2219740,O=C([O-])[C@H](O)[C@@H](O)[C@H](O)[C@H](O)CO.O=C([O-])[C@H](O)[C@@H](O)[C@H](O[C@@H]1O[C@H](CO)[C@H](O)[C@H](O)[C@H]1O)[C@H](O)CO.[Ca+2]
ERYTHROMYCIN PROPIONATE,CHEMBL2220427,CCC(=O)O[C@H]1[C@H](O[C@@H]2[C@@H](C)[C@H](O[C@H]3C[C@@](C)(OC)[C@@H](O)[C@H](C)O3)[C@@H](C)C(=O)O[C@H](CC)[C@@](C)(O)[C@H](O)[C@@H](C)C(=O)[C@H](C)C[C@@]2(C)O)O[C@H](C)C[C@@H]1N(C)C
FLUVASTATIN,CHEMBL2220442,CC(C)n1c(/C=C/C(O)CC(O)CC(=O)O)c(-c2ccc(F)cc2)c2ccccc21
DACLATASVIR DIHYDROCHLORIDE,CHEMBL2303621,COC(=O)N[C@H](C(=O)N1CCC[C@H]1c1ncc(-c2ccc(-c3ccc(-c4cnc([C@@H]5CCCN5C(=O)[C@@H](NC(=O)OC)C(C)C)[nH]4)cc3)cc2)[nH]1)C(C)C.Cl.Cl
CLOBETASONE BUTYRATE,CHEMBL2308885,CCCC(=O)O[C@]1(C(=O)CCl)[C@H](C)C[C@@H]2[C@@H]3CCC4=CC(=O)C=C[C@]4(C)[C@]3(F)C(=O)C[C@@]21C
VINYL CHLORIDE,CHEMBL2311071,C=CCl
CAPIVASERTIB,CHEMBL2325741,NC1(C(=O)N[C@@H](CCO)c2ccc(Cl)cc2)CCN(c2nc[nH]c3nccc2-3)CC1
XANOMELINE TARTRATE,CHEMBL2336050,CCCCCCOc1nsnc1C1=CCCN(C)C1.O=C(O)C(O)C(O)C(=O)O
SIPONIMOD,CHEMBL2336071,CCc1cc(/C(C)=N/OCc2ccc(C3CCCCC3)c(C(F)(F)F)c2)ccc1CN1CC(C(=O)O)C1
ROXADUSTAT,CHEMBL2338329,Cc1nc(C(=O)NCC(=O)O)c(O)c2ccc(Oc3ccccc3)cc12
FOSDENOPTERIN,CHEMBL2338675,Nc1nc(=O)c2c([nH]1)N[C@@H]1O[C@@H]3COP(=O)(O)O[C@@H]3C(O)(O)[C@@H]1N2
VAMOROLONE,CHEMBL2348780,C[C@@H]1C[C@H]2[C@@H]3CCC4=CC(=O)C=C[C@]4(C)C3=CC[C@]2(C)[C@@]1(O)C(=O)CO
CLOMIPHENE,CHEMBL2355051,CCN(CC)CCOc1ccc(C(=C(Cl)c2ccccc2)c2ccccc2)cc1
ZIMELDINE HYDROCHLORIDE,CHEMBL2355333,CN(C)C/C=C(/c1ccc(Br)cc1)c1cccnc1.Cl.Cl.O
IBUTILIDE FUMARATE,CHEMBL2355456,CCCCCCCN(CC)CCCC(O)c1ccc(NS(C)(=O)=O)cc1.CCCCCCCN(CC)CCCC(O)c1ccc(NS(C)(=O)=O)cc1.O=C(O)/C=C/C(=O)O
ISOMETHEPTENE MUCATE,CHEMBL2355839,CNC(C)CCC=C(C)C.CNC(C)CCC=C(C)C.O=C(O)[C@@H](O)[C@H](O)[C@H](O)[C@@H](O)C(=O)O
DIHYDROTACHYSTEROL,CHEMBL2356023,CC(C)[C@@H](C)/C=C/[C@@H](C)[C@H]1CC[C@H]2/C(=C/C=C3\C[C@@H](O)CC[C@@H]3C)CCC[C@]12C
METOPROLOL SUCCINATE,CHEMBL2356097,COCCc1ccc(OCC(O)CNC(C)C)cc1.COCCc1ccc(OCC(O)CNC(C)C)cc1.O=C(O)CCC(=O)O
CARPHENAZINE MALEATE,CHEMBL2358147,CCC(=O)c1ccc2c(c1)N(CCCN1CCN(CCO)CC1)c1ccccc1S2.O=C(O)/C=C\C(=O)O.O=C(O)/C=C\C(=O)O
THIETHYLPERAZINE MALATE,CHEMBL2359670,CCSc1ccc2c(c1)N(CCCN1CCN(C)CC1)c1ccccc1S2.O=C(O)CC(O)C(=O)O.O=C(O)CC(O)C(=O)O
QUININE SULFATE,CHEMBL2359966,C=C[C@H]1CN2CC[C@H]1C[C@H]2[C@H](O)c1ccnc2ccc(OC)cc12.C=C[C@H]1CN2CC[C@H]1C[C@H]2[C@H](O)c1ccnc2ccc(OC)cc12.O.O.O=S(=O)(O)O
ACETOPHENAZINE MALEATE,CHEMBL2360079,CC(=O)c1ccc2c(c1)N(CCCN1CCN(CCO)CC1)c1ccccc1S2.O=C(O)/C=C\C(=O)O.O=C(O)/C=C\C(=O)O
PEMETREXED DISODIUM,CHEMBL2360464,Nc1nc2[nH]cc(CCc3ccc(C(=O)N[C@@H](CCC(=O)[O-])C(=O)[O-])cc3)c2c(=O)[nH]1.[Na+].[Na+]
BUCLIZINE HYDROCHLORIDE,CHEMBL2360580,CC(C)(C)c1ccc(CN2CCN(C(c3ccccc3)c3ccc(Cl)cc3)CC2)cc1.Cl.Cl
PENBUTOLOL SULFATE,CHEMBL2361370,CC(C)(C)NC[C@H](O)COc1ccccc1C1CCCC1.CC(C)(C)NC[C@H](O)COc1ccccc1C1CCCC1.O=S(=O)(O)O
LANDIOLOL HYDROCHLORIDE,CHEMBL2362410,CC1(C)OC[C@@H](COC(=O)CCc2ccc(OC[C@@H](O)CNCCNC(=O)N3CCOCC3)cc2)O1.Cl
DOXYCYCLINE CALCIUM,CHEMBL2364574,C[C@H]1c2cccc([O-])c2C(=O)C2=C(O)[C@]3(O)C(=O)C(C(N)=O)=C(O)[C@@H](N(C)C)[C@@H]3[C@@H](O)[C@@H]21.C[C@H]1c2cccc([O-])c2C(=O)C2=C(O)[C@]3(O)C(=O)C(C(N)=O)=C(O)[C@@H](N(C)C)[C@@H]3[C@@H](O)[C@@H]21.[Ca+2]
COBIMETINIB FUMARATE,CHEMBL2364607,O=C(O)/C=C/C(=O)O.O=C(c1ccc(F)c(F)c1Nc1ccc(I)cc1F)N1CC(O)([C@@H]2CCCCN2)C1.O=C(c1ccc(F)c(F)c1Nc1ccc(I)cc1F)N1CC(O)([C@@H]2CCCCN2)C1
DORAVIRINE,CHEMBL2364608,Cn1c(Cn2ccc(C(F)(F)F)c(Oc3cc(Cl)cc(C#N)c3)c2=O)n[nH]c1=O
ESKETAMINE HYDROCHLORIDE,CHEMBL2364609,CN[C@]1(c2ccccc2Cl)CCCCC1=O.Cl
LATANOPROSTENE BUNOD,CHEMBL2364612,O=C(CCC/C=C\C[C@@H]1[C@@H](CC[C@@H](O)CCc2ccccc2)[C@H](O)C[C@@H]1O)OCCCCO[N+](=O)[O-]
MACIMORELIN ACETATE,CHEMBL2364617,CC(=O)O.CC(C)(N)C(=O)N[C@H](Cc1c[nH]c2ccccc12)C(=O)N[C@H](Cc1c[nH]c2ccccc12)NC=O
PLAZOMICIN SULFATE,CHEMBL2364623,CN[C@@H]1[C@@H](O)[C@@H](O[C@@H]2[C@@H](O)[C@H](O[C@H]3OC(CNCCO)=CC[C@H]3N)[C@@H](N)C[C@H]2NC(=O)[C@@H](O)CCN)OC[C@]1(C)O.O=S(=O)(O)O
RIMEGEPANT SULFATE,CHEMBL2364629,N[C@@H]1c2cccnc2[C@H](OC(=O)N2CCC(n3c(=O)[nH]c4ncccc43)CC2)CC[C@H]1c1cccc(F)c1F.N[C@@H]1c2cccnc2[C@H](OC(=O)N2CCC(n3c(=O)[nH]c4ncccc43)CC2)CC[C@H]1c1cccc(F)c1F.O.O.O.O=S(=O)(O)O
SARECYCLINE,CHEMBL2364632,CON(C)Cc1ccc(O)c2c1C[C@H]1C[C@H]3[C@H](N(C)C)C(O)=C(C(N)=O)C(=O)[C@@]3(O)C(O)=C1C2=O
SARECYCLINE HYDROCHLORIDE,CHEMBL2364633,CON(C)Cc1ccc(O)c2c1C[C@H]1C[C@H]3[C@H](N(C)C)C(O)=C(C(N)=O)C(=O)[C@@]3(O)C(O)=C1C2=O.Cl
TAFENOQUINE SUCCINATE,CHEMBL2364635,COc1cc(C)c2c(Oc3cccc(C(F)(F)F)c3)c(OC)cc(NC(C)CCCN)c2n1.O=C(O)CCC(=O)O
TENOFOVIR ALAFENAMIDE FUMARATE,CHEMBL2364637,CC(C)OC(=O)[C@H](C)N[P@](=O)(CO[C@H](C)Cn1cnc2c(N)ncnc21)Oc1ccccc1.CC(C)OC(=O)[C@H](C)N[P@](=O)(CO[C@H](C)Cn1cnc2c(N)ncnc21)Oc1ccccc1.O=C(O)/C=C/C(=O)O
UBROGEPANT,CHEMBL2364638,C[C@@H]1[C@H](c2ccccc2)C[C@H](NC(=O)c2cnc3c(c2)C[C@@]2(C3)C(=O)Nc3ncccc32)C(=O)N1CC(F)(F)F
VALBENAZINE,CHEMBL2364639,COc1cc2c(cc1OC)[C@H]1C[C@@H](OC(=O)[C@@H](N)C(C)C)[C@H](CC(C)C)CN1CC2
METRIZOATE MAGNESIUM,CHEMBL2364738,CC(=O)Nc1c(I)c(C(=O)[O-])c(I)c(N(C)C(C)=O)c1I.CC(=O)Nc1c(I)c(C(=O)[O-])c(I)c(N(C)C(C)=O)c1I.[Mg+2]
BUPRENORPHINE HYDROCHLORIDE,CHEMBL2368861,CO[C@@]12CC[C@@]3(C[C@@H]1[C@](C)(O)C(C)(C)C)[C@H]1Cc4ccc(O)c5c4[C@@]3(CCN1CC1CC1)[C@H]2O5.Cl
DOLASETRON MESYLATE,CHEMBL2368924,CS(=O)(=O)O.O.O=C(O[C@@H]1C[C@@H]2C[C@H]3C[C@H](C1)N2CC3=O)c1c[nH]c2ccccc12
DOLASETRON,CHEMBL2368925,O=C(O[C@@H]1C[C@@H]2C[C@H]3C[C@H](C1)N2CC3=O)c1c[nH]c2ccccc12
LEDIPASVIR,CHEMBL2374220,COC(=O)N[C@H](C(=O)N1CC2(CC2)C[C@H]1c1nc(-c2ccc3c(c2)C(F)(F)c2cc(-c4ccc5[nH]c([C@@H]6[C@H]7CC[C@H](C7)N6C(=O)[C@@H](NC(=O)OC)C(C)C)nc5c4)ccc2-3)c[nH]1)C(C)C
ALPELISIB,CHEMBL2396661,Cc1nc(NC(=O)N2CCC[C@H]2C(N)=O)sc1-c1ccnc(C(C)(C)C(F)(F)F)c1
ZAVEGEPANT,CHEMBL2397415,Cc1cc(C[C@@H](NC(=O)N2CCC(c3cc4ccccc4[nH]c3=O)CC2)C(=O)N2CCN(C3CCN(C)CC3)CC2)cc2cn[nH]c12
CERITINIB,CHEMBL2403108,Cc1cc(Nc2ncc(Cl)c(Nc3ccccc3S(=O)(=O)C(C)C)n2)c(OC(C)C)cc1C1CCNCC1
CABOTEGRAVIR,CHEMBL2403238,C[C@H]1CO[C@@H]2Cn3cc(C(=O)NCc4ccc(F)cc4F)c(=O)c(O)c3C(=O)N12
OLICERIDINE,CHEMBL2443262,COc1ccsc1CNCC[C@@]1(c2ccccn2)CCOC2(CCCC2)C1
ERGOTAMINE TARTRATE,CHEMBL2448612,CN1C[C@H](C(=O)N[C@]2(C)O[C@@]3(O)[C@@H]4CCCN4C(=O)[C@H](Cc4ccccc4)N3C2=O)C=C2c3cccc4[nH]cc(c34)C[C@H]21.CN1C[C@H](C(=O)N[C@]2(C)O[C@@]3(O)[C@@H]4CCCN4C(=O)[C@H](Cc4ccccc4)N3C2=O)C=C2c3cccc4[nH]cc(c34)C[C@H]21.O=C(O)C(O)C(O)C(=O)O
PIMAVANSERIN TARTRATE,CHEMBL2448613,CC(C)COc1ccc(CNC(=O)N(Cc2ccc(F)cc2)C2CCN(C)CC2)cc1.CC(C)COc1ccc(CNC(=O)N(Cc2ccc(F)cc2)C2CCN(C)CC2)cc1.O=C(O)C(O)C(O)C(=O)O
DUVELISIB,CHEMBL3039502,C[C@H](Nc1ncnc2nc[nH]c12)c1cc2cccc(Cl)c2c(=O)n1-c1ccccc1
NINTEDANIB ESYLATE,CHEMBL3039504,CCS(=O)(=O)O.COC(=O)c1ccc2c(c1)NC(=O)/C2=C(\Nc1ccc(N(C)C(=O)CN2CCN(C)CC2)cc1)c1ccccc1
SOTAGLIFLOZIN,CHEMBL3039507,CCOc1ccc(Cc2cc([C@@H]3O[C@H](SC)[C@@H](O)[C@H](O)[C@H]3O)ccc2Cl)cc1
NALDEMEDINE TOSYLATE,CHEMBL3039508,CC(C)(NC(=O)C1=C(O)[C@@H]2Oc3c(O)ccc4c3[C@@]23CCN(CC2CC2)[C@H](C4)[C@]3(O)C1)c1nc(-c2ccccc2)no1.Cc1ccc(S(=O)(=O)O)cc1
ELBASVIR,CHEMBL3039514,COC(=O)N[C@H](C(=O)N1CCC[C@H]1c1nc(-c2ccc3c(c2)O[C@@H](c2ccccc2)n2c-3cc3cc(-c4c[nH]c([C@@H]5CCCN5C(=O)[C@@H](NC(=O)OC)C(C)C)n4)ccc32)c[nH]1)C(C)C
LASMIDITAN,CHEMBL3039520,CN1CCC(C(=O)c2cccc(NC(=O)c3c(F)cc(F)cc3F)n2)CC1
LASMIDITAN SUCCINATE,CHEMBL3039526,CN1CCC(C(=O)c2cccc(NC(=O)c3c(F)cc(F)cc3F)n2)CC1.CN1CCC(C(=O)c2cccc(NC(=O)c3c(F)cc(F)cc3F)n2)CC1.O=C(O)CCC(=O)O
FOSINOPRIL SODIUM,CHEMBL3039596,CCC(=O)O[C@@H](O[P@](=O)(CCCCc1ccccc1)CC(=O)N1C[C@H](C2CCCCC2)C[C@H]1C(=O)[O-])C(C)C.[Na+]
FOSINOPRIL,CHEMBL3039598,CCC(=O)O[C@@H](O[P@](=O)(CCCCc1ccccc1)CC(=O)N1C[C@H](C2CCCCC2)C[C@H]1C(=O)O)C(C)C
TROSPIUM CHLORIDE,CHEMBL3084748,O=C(O[C@H]1C[C@H]2CC[C@@H](C1)[N+]21CCCC1)C(O)(c1ccccc1)c1ccccc1.[Cl-]
OSILODROSTAT,CHEMBL3099695,N#Cc1ccc([C@H]2CCc3cncn32)c(F)c1
RELEBACTAM ANHYDROUS,CHEMBL3112741,O=C(NC1CCNCC1)[C@@H]1CC[C@@H]2CN1C(=O)N2OS(=O)(=O)O
OMBITASVIR,CHEMBL3127326,COC(=O)N[C@H](C(=O)N1CCC[C@H]1C(=O)Nc1ccc([C@@H]2CC[C@@H](c3ccc(NC(=O)[C@@H]4CCCN4C(=O)[C@@H](NC(=O)OC)C(C)C)cc3)N2c2ccc(C(C)(C)C)cc2)cc1)C(C)C
SACUBITRIL,CHEMBL3137301,CCOC(=O)[C@H](C)C[C@@H](Cc1ccc(-c2ccccc2)cc1)NC(=O)CCC(=O)O
PEFICITINIB,CHEMBL3137308,NC(=O)c1cnc2[nH]ccc2c1N[C@@H]1[C@@H]2CC3C[C@H]1C[C@@](O)(C3)C2
VENETOCLAX,CHEMBL3137309,CC1(C)CCC(CN2CCN(c3ccc(C(=O)NS(=O)(=O)c4ccc(NCC5CCOCC5)c([N+](=O)[O-])c4)c(Oc4cnc5[nH]ccc5c4)c3)CC2)=C(c2ccc(Cl)cc2)C1
BENZHYDROCODONE HYDROCHLORIDE,CHEMBL3137310,COc1ccc2c3c1O[C@H]1C(OC(=O)c4ccccc4)=CC[C@@H]4[C@@H](C2)N(C)CC[C@@]341.Cl
DASABUVIR,CHEMBL3137312,COc1c(-c2ccc3cc(NS(C)(=O)=O)ccc3c2)cc(-n2ccc(=O)[nH]c2=O)cc1C(C)(C)C
SONIDEGIB PHOSPHATE,CHEMBL3137317,Cc1c(C(=O)Nc2ccc(N3C[C@@H](C)O[C@@H](C)C3)nc2)cccc1-c1ccc(OC(F)(F)F)cc1.O=P(O)(O)O.O=P(O)(O)O
TALAZOPARIB TOSYLATE,CHEMBL3137318,Cc1ccc(S(=O)(=O)O)cc1.Cn1ncnc1[C@H]1c2n[nH]c(=O)c3cc(F)cc(c23)N[C@@H]1c1ccc(F)cc1
TALAZOPARIB,CHEMBL3137320,Cn1ncnc1[C@H]1c2n[nH]c(=O)c3cc(F)cc(c23)N[C@@H]1c1ccc(F)cc1
BENZHYDROCODONE,CHEMBL3137321,COc1ccc2c3c1O[C@H]1C(OC(=O)c4ccccc4)=CC[C@@H]4[C@@H](C2)N(C)CC[C@@]341
DEUTETRABENAZINE,CHEMBL3137326,[2H]C([2H])([2H])Oc1cc2c(cc1OC([2H])([2H])[2H])C1CC(=O)C(CC(C)C)CN1CC2
PEFICITINIB HYDROBROMIDE,CHEMBL3137329,Br.NC(=O)c1cnc2[nH]ccc2c1N[C@@H]1[C@@H]2CC3C[C@H]1C[C@@](O)(C3)C2
CABOTEGRAVIR SODIUM,CHEMBL3137330,C[C@H]1CO[C@@H]2Cn3cc(C(=O)NCc4ccc(F)cc4F)c(=O)c([O-])c3C(=O)N12.[Na+]
ISAVUCONAZONIUM SULFATE,CHEMBL3137333,CNCC(=O)OCc1cccnc1N(C)C(=O)OC(C)[n+]1cnn(C[C@](O)(c2cc(F)ccc2F)[C@@H](C)c2nc(-c3ccc(C#N)cc3)cs2)c1.O=S(=O)([O-])O
SIMEPREVIR SODIUM,CHEMBL3137358,COc1ccc2c(O[C@@H]3C[C@H]4C(=O)N[C@]5(C(=O)[N-]S(=O)(=O)C6CC6)C[C@H]5/C=C\CCCCN(C)C(=O)[C@@H]4C3)cc(-c3nc(C(C)C)cs3)nc2c1C.[Na+]
ETHAMBUTOL HYDROCHLORIDE,CHEMBL3140361,CC[C@@H](CO)NCCN[C@@H](CC)CO.Cl.Cl
BUTAMBEN PICRATE,CHEMBL3142541,CCCCOC(=O)c1ccc(N)cc1.CCCCOC(=O)c1ccc(N)cc1.O=[N+]([O-])c1cc([N+](=O)[O-])c(O)c([N+](=O)[O-])c1
METHICILLIN SODIUM,CHEMBL3181832,COc1cccc(OC)c1C(=O)N[C@@H]1C(=O)N2[C@@H]1SC(C)(C)[C@@H]2C(=O)[O-].O.[Na+]
RAMOSETRON HYDROCHLORIDE,CHEMBL3181841,Cl.Cn1cc(C(=O)[C@@H]2CCc3[nH]cnc3C2)c2ccccc21
BROMFENAC SODIUM,CHEMBL3181947,Nc1c(CC(=O)[O-])cccc1C(=O)c1ccc(Br)cc1.Nc1c(CC(=O)[O-])cccc1C(=O)c1ccc(Br)cc1.O.O.O.[Na+].[Na+]
TROXERUTIN,CHEMBL3182320,C[C@@H]1O[C@@H](OC[C@H]2O[C@@H](Oc3c(-c4ccc(OCCO)c(OCCO)c4)oc4cc(OCCO)cc(O)c4c3=O)[C@H](O)[C@@H](O)[C@@H]2O)[C@H](O)[C@H](O)[C@H]1O
PIVAMPICILLIN,CHEMBL3182343,CC(C)(C)C(=O)OCOC(=O)[C@@H]1N2C(=O)[C@@H](NC(=O)[C@H](N)c3ccccc3)[C@H]2SC1(C)C
PRAMIPEXOLE DIHYDROCHLORIDE,CHEMBL3182733,CCCN[C@H]1CCc2nc(N)sc2C1.Cl.Cl.O
NIZATIDINE,CHEMBL3183075,CNC(=C[N+](=O)[O-])NCCSCc1csc(CN(C)C)n1
OCTINOXATE,CHEMBL3183184,CCCCC(CC)COC(=O)C=Cc1ccc(OC)cc1
CEFMENOXIME HYDROCHLORIDE,CHEMBL3183193,CO/N=C(\C(=O)N[C@@H]1C(=O)N2C(C(=O)O)=C(CSc3nnnn3C)CS[C@H]12)c1csc(N)n1.CO/N=C(\C(=O)N[C@@H]1C(=O)N2C(C(=O)O)=C(CSc3nnnn3C)CS[C@H]12)c1csc(N)n1.Cl
APALUTAMIDE,CHEMBL3183409,CNC(=O)c1ccc(N2C(=S)N(c3cnc(C#N)c(C(F)(F)F)c3)C(=O)C23CCC3)cc1F
GARENOXACIN MESYLATE,CHEMBL3183451,CS(=O)(=O)O.C[C@H]1NCc2cc(-c3ccc4c(=O)c(C(=O)O)cn(C5CC5)c4c3OC(F)F)ccc21.O
NOVOBIOCIN SODIUM,CHEMBL3183453,CO[C@@H]1[C@@H](OC(N)=O)[C@@H](O)[C@H](Oc2ccc3c([O-])c(NC(=O)c4ccc(O)c(CC=C(C)C)c4)c(=O)oc3c2C)OC1(C)C.[Na+]
GUANADREL SULFATE,CHEMBL3184143,N=C(N)NCC1COC2(CCCCC2)O1.N=C(N)NCC1COC2(CCCCC2)O1.O=S(=O)(O)O
CLINDAMYCIN PHOSPHATE,CHEMBL3184512,CCC[C@@H]1C[C@@H](C(=O)N[C@@H]([C@H]2O[C@H](SC)[C@H](OP(=O)(O)O)[C@@H](O)[C@H]2O)[C@H](C)Cl)N(C)C1
STREPTOMYCIN SULFATE,CHEMBL3184791,CN[C@@H]1[C@H](O[C@H]2[C@H](O[C@H]3[C@H](O)[C@@H](O)[C@H](N=C(N)N)[C@@H](O)[C@@H]3N=C(N)N)O[C@@H](C)[C@]2(O)C=O)O[C@@H](CO)[C@H](O)[C@H]1O.CN[C@@H]1[C@H](O[C@H]2[C@H](O[C@H]3[C@H](O)[C@@H](O)[C@H](N=C(N)N)[C@@H](O)[C@@H]3N=C(N)N)O[C@@H](C)[C@]2(O)C=O)O[C@@H](CO)[C@H](O)[C@H]1O.O=S(=O)(O)O.O=S(=O)(O)O.O=S(=O)(O)O
MEPHENTERMINE SULFATE,CHEMBL3184799,CNC(C)(C)Cc1ccccc1.CNC(C)(C)Cc1ccccc1.O=S(=O)(O)O
ZINC ACETATE,CHEMBL3184986,CC(=O)[O-].CC(=O)[O-].O.O.[Zn+2]
MAGNESIUM CHLORIDE,CHEMBL3185229,O.O.O.O.O.O.[Cl-].[Cl-].[Mg+2]
CLOMIPHENE CITRATE,CHEMBL3185958,CCN(CC)CCOc1ccc(C(=C(Cl)c2ccccc2)c2ccccc2)cc1.O=C(O)CC(O)(CC(=O)O)C(=O)O
ONDANSETRON HYDROCHLORIDE,CHEMBL3186492,Cc1nccn1CC1CCc2c(c3ccccc3n2C)C1=O.Cl.O.O
HYDROXYZINE HYDROCHLORIDE,CHEMBL3186993,Cl.Cl.OCCOCCN1CCN(C(c2ccccc2)c2ccc(Cl)cc2)CC1
METHAPYRILENE FUMARATE,CHEMBL3187246,CN(C)CCN(Cc1cccs1)c1ccccn1.CN(C)CCN(Cc1cccs1)c1ccccn1.O=C(O)/C=C/C(=O)O.O=C(O)/C=C/C(=O)O.O=C(O)/C=C/C(=O)O
ASENAPINE,CHEMBL3187365,CN1CC2c3ccccc3Oc3ccc(Cl)cc3C2C1
BINIMETINIB,CHEMBL3187723,Cn1cnc2c(F)c(Nc3ccc(Br)cc3F)c(C(=O)NOCCO)cc21
APOMORPHINE HYDROCHLORIDE,CHEMBL3187985,CN1CCc2cccc3c2[C@H]1Cc1ccc(O)c(O)c1-3.CN1CCc2cccc3c2[C@H]1Cc1ccc(O)c(O)c1-3.Cl.Cl.O
TRIPROLIDINE HYDROCHLORIDE,CHEMBL3188034,Cc1ccc(/C(=C\CN2CCCC2)c2ccccn2)cc1.Cl.O
CAPMATINIB,CHEMBL3188267,CNC(=O)c1ccc(-c2cnc3ncc(Cc4ccc5ncccc5c4)n3n2)cc1F
DIHYDROSTREPTOMYCIN SULFATE,CHEMBL3188576,CN[C@@H]1[C@H](O[C@H]2[C@H](O[C@H]3[C@H](O)[C@@H](O)[C@H](NC(=N)N)[C@@H](O)[C@@H]3NC(=N)N)O[C@@H](C)[C@]2(O)CO)O[C@@H](CO)[C@H](O)[C@H]1O.CN[C@@H]1[C@H](O[C@H]2[C@H](O[C@H]3[C@H](O)[C@@H](O)[C@H](NC(=N)N)[C@@H](O)[C@@H]3NC(=N)N)O[C@@H](C)[C@]2(O)CO)O[C@@H](CO)[C@H](O)[C@H]1O.O=S(=O)(O)O.O=S(=O)(O)O.O=S(=O)(O)O
QUETIAPINE FUMARATE,CHEMBL3188993,O=C(O)/C=C/C(=O)O.OCCOCCN1CCN(C2=Nc3ccccc3Sc3ccccc32)CC1.OCCOCCN1CCN(C2=Nc3ccccc3Sc3ccccc32)CC1
TIROFIBAN HYDROCHLORIDE,CHEMBL3189072,CCCCS(=O)(=O)N[C@@H](Cc1ccc(OCCCCC2CCNCC2)cc1)C(=O)O.Cl.O
COPANLISIB,CHEMBL3218576,COc1c(OCCCN2CCOCC2)ccc2c1N=C(NC(=O)c1cnc(N)nc1)N1CCN=C21
LUMATEPERONE TOSYLATE,CHEMBL3233142,CN1CCN2c3c(cccc31)[C@@H]1CN(CCCC(=O)c3ccc(F)cc3)CC[C@@H]12.Cc1ccc(S(=O)(=O)O)cc1
CEDAZURIDINE,CHEMBL3237547,O=C1N[C@H](O)CCN1[C@@H]1O[C@H](CO)[C@@H](O)C1(F)F
METHOTREXATE SODIUM,CHEMBL3244648,CN(Cc1cnc2nc(N)nc(N)c2n1)c1ccc(C(=O)N[C@@H](CCC(=O)[O-])C(=O)[O-])cc1.[Na+].[Na+]
RESMETIROM,CHEMBL3261331,CC(C)c1cc(Oc2c(Cl)cc(-n3nc(C#N)c(=O)[nH]c3=O)cc2Cl)n[nH]c1=O
LORLATINIB,CHEMBL3286830,C[C@H]1Oc2cc(cnc2N)-c2c(nn(C)c2C#N)CN(C)C(=O)c2ccc(F)cc21
LEFAMULIN,CHEMBL3291398,C=C[C@]1(C)C[C@@H](OC(=O)CS[C@@H]2CC[C@@H](N)C[C@H]2O)[C@]2(C)[C@H](C)CC[C@]3(CCC(=O)[C@H]32)[C@@H](C)[C@@H]1O
FOSTEMSAVIR,CHEMBL3301594,COc1cnc(-n2cnc(C)n2)c2c1c(C(=O)C(=O)N1CCN(C(=O)c3ccccc3)CC1)cn2COP(=O)(O)O
FOSTEMSAVIR TROMETHAMINE,CHEMBL3301598,COc1cnc(-n2cnc(C)n2)c2c1c(C(=O)C(=O)N1CCN(C(=O)c3ccccc3)CC1)cn2COP(=O)(O)O.NC(CO)(CO)CO
GILTERITINIB FUMARATE,CHEMBL3301603,CCc1nc(C(N)=O)c(Nc2ccc(N3CCC(N4CCN(C)CC4)CC3)c(OC)c2)nc1NC1CCOCC1.CCc1nc(C(N)=O)c(Nc2ccc(N3CCC(N4CCN(C)CC4)CC3)c(OC)c2)nc1NC1CCOCC1.O=C(O)/C=C/C(=O)O
RELEBACTAM,CHEMBL3301605,O.O=C(NC1CCNCC1)[C@@H]1CC[C@@H]2CN1C(=O)N2OS(=O)(=O)O
FILGOTINIB,CHEMBL3301607,O=C(Nc1nc2cccc(-c3ccc(CN4CCS(=O)(=O)CC4)cc3)n2n1)C1CC1
ABEMACICLIB,CHEMBL3301610,CCN1CCN(Cc2ccc(Nc3ncc(F)c(-c4cc(F)c5nc(C)n(C(C)C)c5c4)n3)nc2)CC1
AMIFAMPRIDINE PHOSPHATE,CHEMBL3301611,Nc1ccncc1N.O=P(O)(O)O
ENCORAFENIB,CHEMBL3301612,COC(=O)N[C@@H](C)CNc1nccc(-c2cn(C(C)C)nc2-c2cc(Cl)cc(NS(C)(=O)=O)c2F)n1
GILTERITINIB,CHEMBL3301622,CCc1nc(C(N)=O)c(Nc2ccc(N3CCC(N4CCN(C)CC4)CC3)c(OC)c2)nc1NC1CCOCC1
TENAPANOR HYDROCHLORIDE,CHEMBL3301627,CN1Cc2c(Cl)cc(Cl)cc2[C@H](c2cccc(S(=O)(=O)NCCOCCOCCNC(=O)NCCCCNC(=O)NCCOCCOCCNS(=O)(=O)c3cccc([C@@H]4CN(C)Cc5c(Cl)cc(Cl)cc54)c3)c2)C1.Cl.Cl
DIFEMERINE HYDROCHLORIDE,CHEMBL3301670,CN(C)CC(C)(C)OC(=O)C(O)(c1ccccc1)c1ccccc1.Cl
TENAPANOR,CHEMBL3304485,CN1Cc2c(Cl)cc(Cl)cc2[C@H](c2cccc(S(=O)(=O)NCCOCCOCCNC(=O)NCCCCNC(=O)NCCOCCOCCNS(=O)(=O)c3cccc([C@@H]4CN(C)Cc5c(Cl)cc(Cl)cc54)c3)c2)C1
DIFEMERINE,CHEMBL3304486,CN(C)CC(C)(C)OC(=O)C(O)(c1ccccc1)c1ccccc1
LUMATEPERONE,CHEMBL3306803,CN1CCN2c3c(cccc31)[C@@H]1CN(CCCC(=O)c3ccc(F)cc3)CC[C@@H]12
OTESECONAZOLE,CHEMBL3311228,O[C@@](Cn1cnnn1)(c1ccc(F)cc1F)C(F)(F)c1ccc(-c2ccc(OCC(F)(F)F)cc2)cn1
VABORBACTAM,CHEMBL3317857,O=C(O)C[C@@H]1CC[C@H](NC(=O)Cc2cccs2)B(O)O1
TOVORAFENIB,CHEMBL3348923,C[C@@H](NC(=O)c1ncnc(N)c1Cl)c1ncc(C(=O)Nc2cc(C(F)(F)F)c(Cl)cn2)s1
TELOTRISTAT ETIPRATE,CHEMBL3348963,CCOC(=O)[C@@H](N)Cc1ccc(-c2cc(O[C@H](c3ccc(Cl)cc3-n3ccc(C)n3)C(F)(F)F)nc(N)n2)cc1.O=C(O)CNC(=O)c1ccccc1
OSIMERTINIB,CHEMBL3353410,C=CC(=O)Nc1cc(Nc2nccc(-c3cn(C)c4ccccc34)n2)c(OC)cc1N(C)CCN(C)C
ETRASIMOD,CHEMBL3358920,O=C(O)C[C@H]1CCc2c1[nH]c1ccc(OCc3ccc(C4CCCC4)c(C(F)(F)F)c3)cc21
PARITAPREVIR,CHEMBL3391662,Cc1cnc(C(=O)N[C@H]2CCCCC/C=C\[C@@H]3C[C@@]3(C(=O)NS(=O)(=O)C3CC3)NC(=O)[C@@H]3C[C@@H](Oc4nc5ccccc5c5ccccc45)CN3C2=O)cn1
FLUORODOPA F 18,CHEMBL3400972,N[C@@H](Cc1cc(O)c(O)cc1[18F])C(=O)O
TEPOTINIB,CHEMBL3402762,CN1CCC(COc2cnc(-c3cccc(Cn4nc(-c5cccc(C#N)c5)ccc4=O)c3)nc2)CC1
TAZEMETOSTAT,CHEMBL3414621,CCN(c1cc(-c2ccc(CN3CCOCC3)cc2)cc(C(=O)NCc2c(C)cc(C)[nH]c2=O)c1C)C1CCOCC1
BENZPHETAMINE HYDROCHLORIDE,CHEMBL3544906,C[C@@H](Cc1ccccc1)N(C)Cc1ccccc1.Cl
AZATADINE MALEATE,CHEMBL3544908,CN1CCC(=C2c3ccccc3CCc3cccnc32)CC1.O=C(O)/C=C\C(=O)O.O=C(O)/C=C\C(=O)O
CALCIFEDIOL,CHEMBL3544909,C=C1CC[C@H](O)C/C1=C/C=C1\CCC[C@]2(C)[C@@H]([C@H](C)CCCC(C)(C)O)CC[C@@H]12.O
TEZACAFTOR,CHEMBL3544914,CC(C)(CO)c1cc2cc(NC(=O)C3(c4ccc5c(c4)OC(F)(F)O5)CC3)c(F)cc2n1C[C@@H](O)CO
DEXTROAMPHETAMINE SULFATE,CHEMBL3544971,C[C@H](N)Cc1ccccc1.C[C@H](N)Cc1ccccc1.O=S(=O)(O)O
CEFTAROLINE FOSAMIL ACETATE,CHEMBL3544973,CC(=O)O.CCO/N=C(\C(=O)N[C@@H]1C(=O)N2C(C(=O)[O-])=C(Sc3nc(-c4cc[n+](C)cc4)cs3)CS[C@H]12)c1nsc(NP(=O)(O)O)n1.O
ASENAPINE MALEATE,CHEMBL3544974,CN1CC2c3ccccc3Oc3ccc(Cl)cc3C2C1.O=C(O)/C=C\C(=O)O
DASABUVIR SODIUM MONOHYDRATE,CHEMBL3544985,COc1c(-c2ccc3cc(NS(C)(=O)=O)ccc3c2)cc(-n2ccc(=O)[n-]c2=O)cc1C(C)(C)C.O.[Na+]
PERINDOPRIL ARGININE,CHEMBL3544986,CCC[C@H](N[C@@H](C)C(=O)N1[C@H](C(=O)O)C[C@@H]2CCCC[C@@H]21)C(=O)OCC.N=C(N)NCCC[C@H](N)C(=O)O
DAPRODUSTAT,CHEMBL3544988,O=C(O)CNC(=O)C1C(=O)N(C2CCCCC2)C(=O)N(C2CCCCC2)C1=O
ACETYLDIGITOXIN,CHEMBL3545057,CC(=O)O[C@H]1C[C@H](O[C@H]2[C@@H](O)C[C@H](O[C@H]3[C@@H](O)C[C@H](O[C@H]4CC[C@@]5(C)[C@H](CC[C@@H]6[C@@H]5CC[C@]5(C)[C@@H](C7=CC(=O)OC7)CC[C@]65O)C4)O[C@@H]3C)O[C@@H]2C)O[C@H](C)[C@H]1O
DEXTROTHYROXINE SODIUM,CHEMBL3545058,N[C@H](Cc1cc(I)c(Oc2cc(I)c(O)c(I)c2)c(I)c1)C(=O)[O-].O.[Na+]
ALISKIREN FUMARATE,CHEMBL3545059,COCCCOc1cc(C[C@@H](C[C@H](N)[C@@H](O)C[C@H](C(=O)NCC(C)(C)C(N)=O)C(C)C)C(C)C)ccc1OC.COCCCOc1cc(C[C@@H](C[C@H](N)[C@@H](O)C[C@H](C(=O)NCC(C)(C)C(N)=O)C(C)C)C(C)C)ccc1OC.O=C(O)/C=C/C(=O)O
ERYTHROMYCIN GLUCEPTATE,CHEMBL3545060,CC[C@H]1OC(=O)[C@H](C)[C@@H](O[C@H]2C[C@@](C)(OC)[C@@H](O)[C@H](C)O2)[C@H](C)[C@@H](O[C@@H]2O[C@H](C)C[C@H](N(C)C)[C@H]2O)[C@](C)(O)C[C@@H](C)C(=O)[C@H](C)[C@@H](O)[C@]1(C)O.O=C(O)[C@H](O)[C@H](O)[C@@H](O)[C@H](O)[C@H](O)CO
VELPATASVIR,CHEMBL3545062,COC[C@H]1C[C@@H](c2nc(-c3ccc4c(c3)COc3cc5c(ccc6nc([C@@H]7CC[C@H](C)N7C(=O)[C@@H](NC(=O)OC)C(C)C)[nH]c65)cc3-4)c[nH]2)N(C(=O)[C@H](NC(=O)OC)c2ccccc2)C1
OSIMERTINIB MESYLATE,CHEMBL3545063,C=CC(=O)Nc1cc(Nc2nccc(-c3cn(C)c4ccccc34)n2)c(OC)cc1N(C)CCN(C)C.CS(=O)(=O)O
COPANLISIB HYDROCHLORIDE,CHEMBL3545068,COc1c(OCCCN2CCOCC2)ccc2c1N=C(NC(=O)c1cnc(N)nc1)N1CCN=C21.Cl.Cl
RIBOCICLIB,CHEMBL3545110,CN(C)C(=O)c1cc2cnc(Nc3ccc(N4CCNCC4)cn3)nc2n1C1CCCC1
PIBRENTASVIR,CHEMBL3545123,COC(=O)N[C@H](C(=O)N1CCC[C@H]1c1nc2cc([C@H]3CC[C@H](c4cc5nc([C@@H]6CCCN6C(=O)[C@@H](NC(=O)OC)[C@@H](C)OC)[nH]c5cc4F)N3c3cc(F)c(N4CCC(c5ccc(F)cc5)CC4)c(F)c3)c(F)cc2[nH]1)[C@@H](C)OC
TIOTROPIUM BROMIDE,CHEMBL3545181,C[N+]1(C)[C@@H]2C[C@@H](OC(=O)C(O)(c3cccs3)c3cccs3)C[C@H]1[C@@H]1O[C@@H]12.O.[Br-]
SELINEXOR,CHEMBL3545185,O=C(/C=C\n1cnc(-c2cc(C(F)(F)F)cc(C(F)(F)F)c2)n1)NNc1cnccn1
DOCETAXEL,CHEMBL3545252,CC(=O)O[C@@]12CO[C@@H]1C[C@H](O)[C@@]1(C)C(=O)[C@H](O)C3=C(C)[C@@H](OC(=O)[C@H](O)[C@@H](NC(=O)OC(C)(C)C)c4ccccc4)C[C@@](O)([C@@H](OC(=O)c4ccccc4)[C@H]21)C3(C)C.O.O.O
FLORTAUCIPIR F 18,CHEMBL3545253,[18F]c1ccc(-c2ccc3c(c2)[nH]c2ccncc23)cn1
LEFAMULIN ACETATE,CHEMBL3545309,C=C[C@]1(C)C[C@@H](OC(=O)CS[C@@H]2CC[C@@H](N)C[C@H]2O)[C@]2(C)[C@H](C)CC[C@]3(CCC(=O)[C@H]32)[C@@H](C)[C@@H]1O.CC(=O)O
BRIGATINIB,CHEMBL3545311,COc1cc(N2CCC(N3CCN(C)CC3)CC2)ccc1Nc1ncc(Cl)c(Nc2ccccc2P(C)(C)=O)n1
BEMPEDOIC ACID,CHEMBL3545313,CC(C)(CCCCCC(O)CCCCCC(C)(C)C(=O)O)C(=O)O
GLECAPREVIR,CHEMBL3545363,CC(C)(C)[C@@H]1NC(=O)O[C@@H]2CCC[C@H]2OC/C=C/C(F)(F)c2nc3ccccc3nc2O[C@@H]2C[C@@H](C(=O)N[C@]3(C(=O)NS(=O)(=O)C4(C)CC4)C[C@H]3C(F)F)N(C2)C1=O
LEMBOREXANT,CHEMBL3545367,Cc1ncc(OC[C@@]2(c3cccc(F)c3)C[C@H]2C(=O)Nc2ccc(F)cn2)c(C)n1
PANOBINOSTAT LACTATE,CHEMBL3545368,CC(O)C(=O)O.Cc1[nH]c2ccccc2c1CCNCc1ccc(/C=C/C(=O)NO)cc1
ERDAFITINIB,CHEMBL3545376,COc1cc(OC)cc(N(CCNC(C)C)c2ccc3ncc(-c4cnn(C)c4)nc3c2)c1
IXAZOMIB CITRATE,CHEMBL3545432,CC(C)C[C@H](NC(=O)CNC(=O)c1cc(Cl)ccc1Cl)B1OC(=O)C(CC(=O)O)(CC(=O)O)O1
BENZPHETAMINE,CHEMBL3545985,C[C@@H](Cc1ccccc1)N(C)Cc1ccccc1
FLORTAUCIPIR,CHEMBL3546271,Fc1ccc(-c2ccc3c(c2)[nH]c2ccncc23)cn1
FLUORODOPA,CHEMBL3547132,N[C@@H](Cc1cc(O)c(O)cc1F)C(=O)O
TRIMETAZIDINE DIHYDROCHLORIDE,CHEMBL3561076,COc1ccc(CN2CCNCC2)c(OC)c1OC.Cl.Cl
GOZETOTIDE,CHEMBL3578202,O=C(O)CCc1ccc(O)c(CN(CCN(CC(=O)O)Cc2cc(CCC(=O)NCCCCCC(=O)NCCCC[C@H](NC(=O)N[C@@H](CCC(=O)O)C(=O)O)C(=O)O)ccc2O)CC(=O)O)c1
CLASCOTERONE,CHEMBL3590187,CCC(=O)O[C@]1(C(=O)CO)CC[C@H]2[C@@H]3CCC4=CC(=O)CC[C@]4(C)[C@H]3CC[C@@]21C
FEZOLINETANT,CHEMBL3608680,Cc1nsc(-c2nnc3n2CCN(C(=O)c2ccc(F)cc2)[C@@H]3C)n1
UPADACITINIB,CHEMBL3622821,CC[C@@H]1CN(C(=O)NCC(F)(F)F)C[C@@H]1c1cnc2cnc3[nH]ccc3n12
LENIOLISIB,CHEMBL3643413,CCC(=O)N1CC[C@H](Nc2ncnc3c2CN(c2cnc(OC)c(C(F)(F)F)c2)CC3)C1
VADADUSTAT,CHEMBL3646221,O=C(O)CNC(=O)c1ncc(-c2cccc(Cl)c2)cc1O
ABROCITINIB,CHEMBL3655081,CCCS(=O)(=O)N[C@H]1C[C@@H](N(C)c2ncnc3[nH]ccc23)C1
LINZAGOLIX,CHEMBL3668014,COc1cc(F)c(-n2c(=O)[nH]c3csc(C(=O)O)c3c2=O)cc1OCc1c(OC)ccc(F)c1F
FUTIBATINIB,CHEMBL3701238,C=CC(=O)N1CC[C@H](n2nc(C#Cc3cc(OC)cc(OC)c3)c3c(N)ncnc32)C1
QUINIDINE SULFATE,CHEMBL3707183,C=C[C@H]1CN2CC[C@H]1C[C@@H]2[C@@H](O)c1ccnc2ccc(OC)cc12.C=C[C@H]1CN2CC[C@H]1C[C@@H]2[C@@H](O)c1ccnc2ccc(OC)cc12.O.O.O=S(=O)(O)O
SOFPIRONIUM BROMIDE,CHEMBL3707223,CCOC(=O)C[N+]1(C)CC[C@@H](OC(=O)[C@](O)(c2ccccc2)C2CCCC2)C1.[Br-]
SOFPIRONIUM,CHEMBL3707224,CCOC(=O)C[N+]1(C)CC[C@@H](OC(=O)[C@](O)(c2ccccc2)C2CCCC2)C1
GLYCOPYRRONIUM TOSYLATE,CHEMBL3707243,C[N+]1(C)CCC(OC(=O)C(O)(c2ccccc2)C2CCCC2)C1.Cc1ccc(S(=O)(=O)[O-])cc1.O
OZANIMOD HYDROCHLORIDE,CHEMBL3707246,CC(C)Oc1ccc(-c2nc(-c3cccc4c3CC[C@@H]4NCCO)no2)cc1C#N.Cl
OZANIMOD,CHEMBL3707247,CC(C)Oc1ccc(-c2nc(-c3cccc4c3CC[C@@H]4NCCO)no2)cc1C#N
VALBENAZINE TOSYLATE,CHEMBL3707248,COc1cc2c(cc1OC)[C@H]1C[C@@H](OC(=O)[C@@H](N)C(C)C)[C@H](CC(C)C)CN1CC2.Cc1ccc(S(=O)(=O)O)cc1.Cc1ccc(S(=O)(=O)O)cc1
RIBOCICLIB SUCCINATE,CHEMBL3707266,CN(C)C(=O)c1cc2cnc(Nc3ccc(N4CCNCC4)cn3)nc2n1C1CCCC1.O=C(O)CCC(=O)O
SOMAPACITAN,CHEMBL3707290,C=C(CCCCCCCCCCCCCCCc1nnn[nH]1)NS(=O)(=O)CCCC(=O)NCCOCCOCC(=O)N[C@@H](CCC(=O)N[C@@H](CCC(=O)NCCOCCOCC(=O)N[C@@H](CCCCNC(=O)CSC[C@H](N)C(=O)O)C(N)=O)C(=O)O)C(=O)O
STRONTIUM RANELATE,CHEMBL3707306,N#Cc1c(N(CC(=O)[O-])CC(=O)[O-])sc(C(=O)[O-])c1CC(=O)[O-].[Sr+2].[Sr+2]
LOTILANER,CHEMBL3707310,Cc1cc(C2=NO[C@@](c3cc(Cl)c(Cl)c(Cl)c3)(C(F)(F)F)C2)sc1C(=O)NCC(=O)NCC(F)(F)F
TRIFAROTENE,CHEMBL3707313,CC(C)(C)c1cc(-c2cc(-c3ccc(C(=O)O)cc3)ccc2OCCO)ccc1N1CCCC1
ALECTINIB HYDROCHLORIDE,CHEMBL3707320,CCc1cc2c(cc1N1CCC(N3CCOCC3)CC1)C(C)(C)c1[nH]c3cc(C#N)ccc3c1C2=O.Cl
ROLAPITANT HYDROCHLORIDE,CHEMBL3707330,C[C@@H](OC[C@@]1(c2ccccc2)CC[C@]2(CCC(=O)N2)CN1)c1cc(C(F)(F)F)cc(C(F)(F)F)c1.Cl.O
ROLAPITANT,CHEMBL3707331,C[C@@H](OC[C@@]1(c2ccccc2)CC[C@]2(CCC(=O)N2)CN1)c1cc(C(F)(F)F)cc(C(F)(F)F)c1
ACALABRUTINIB,CHEMBL3707348,CC#CC(=O)N1CCC[C@H]1c1nc(-c2ccc(C(=O)Nc3ccccn3)cc2)c2c(N)nccn12
VOXILAPREVIR,CHEMBL3707372,CC[C@@H]1[C@@H]2CN(C(=O)[C@H](C(C)(C)C)NC(=O)O[C@@H]3C[C@H]3CCCCC(F)(F)c3nc4ccc(OC)cc4nc3O2)[C@@H]1C(=O)N[C@]1(C(=O)NS(=O)(=O)C2(C)CC2)C[C@H]1C(C)C
SEGESTERONE ACETATE,CHEMBL3707377,C=C1C[C@H]2[C@@H]3CCC4=CC(=O)CC[C@@H]4[C@H]3CC[C@]2(C)[C@@]1(OC(C)=O)C(C)=O
OSILODROSTAT PHOSPHATE,CHEMBL3707393,N#Cc1ccc([C@H]2CCc3cncn32)c(F)c1.O=P(O)(O)O
ELAFIBRANOR,CHEMBL3707395,CSc1ccc(C(=O)/C=C/c2cc(C)c(OC(C)(C)C(=O)O)c(C)c2)cc1
GEFAPIXANT,CHEMBL3716057,COc1cc(C(C)C)c(Oc2cnc(N)nc2N)cc1S(N)(=O)=O
OLMUTINIB,CHEMBL3786343,C=CC(=O)Nc1cccc(Oc2nc(Nc3ccc(N4CCN(C)CC4)cc3)nc3ccsc23)c1
PEXIDARTINIB,CHEMBL3813873,FC(F)(F)c1ccc(CNc2ccc(Cc3c[nH]c4ncc(Cl)cc34)cn2)cn1
BARBEXACLONE,CHEMBL3833301,CCC1(c2ccccc2)C(=O)NC(=O)NC1=O.CNC(C)CC1CCCCC1
DEXTROMORAMIDE TARTRATE,CHEMBL3833311,C[C@@H](CC(C(=O)N1CCCC1)(c1ccccc1)c1ccccc1)N1CCOCC1.O=C(O)C(O)C(O)C(=O)O
ALUMINUM CHLORIDE,CHEMBL3833314,O.O.O.O.O.O.[Al+3].[Cl-].[Cl-].[Cl-]
REVEFENACIN,CHEMBL3833319,CN(CCN1CCC(OC(=O)Nc2ccccc2-c2ccccc2)CC1)C(=O)c1ccc(CN2CCC(C(N)=O)CC2)cc1
CHLORAL BETAINE,CHEMBL3833335,C[N+](C)(C)CC(=O)[O-].OC(O)C(Cl)(Cl)Cl
AZTREONAM LYSINE,CHEMBL3833340,C[C@H]1[C@H](NC(=O)/C(=N\OC(C)(C)C(=O)O)c2csc(N)n2)C(=O)N1S(=O)(=O)O.NCCCC[C@H](N)C(=O)O
MAGALDRATE,CHEMBL3833350,O.O=S(=O)([O-])[O-].O=S(=O)([O-])[O-].[Al+3].[Al+3].[Al+3].[Al+3].[Al+3].[Mg+2].[Mg+2].[Mg+2].[Mg+2].[Mg+2].[Mg+2].[Mg+2].[Mg+2].[Mg+2].[Mg+2].[OH-].[OH-].[OH-].[OH-].[OH-].[OH-].[OH-].[OH-].[OH-].[OH-].[OH-].[OH-].[OH-].[OH-].[OH-].[OH-].[OH-].[OH-].[OH-].[OH-].[OH-].[OH-].[OH-].[OH-].[OH-].[OH-].[OH-].[OH-].[OH-].[OH-].[OH-]
HYDROTALCITE,CHEMBL3833351,O.O.O.O.O=C([O-])[O-].[Al+3].[Al+3].[Mg+2].[Mg+2].[Mg+2].[Mg+2].[Mg+2].[Mg+2].[OH-].[OH-].[OH-].[OH-].[OH-].[OH-].[OH-].[OH-].[OH-].[OH-].[OH-].[OH-].[OH-].[OH-].[OH-].[OH-]
RUCAPARIB CAMSYLATE,CHEMBL3833368,CC1(C)[C@@H]2CC[C@@]1(CS(=O)(=O)O)C(=O)C2.CNCc1ccc(-c2[nH]c3cc(F)cc4c3c2CCNC4=O)cc1
PRAJMALIUM,CHEMBL3833382,CCC[N+]12[C@H](O)[C@@H](CC)[C@@H]3C[C@H]1[C@@H]1N(C)c4ccccc4[C@]14C[C@H]2[C@@H]3[C@H]4O
PRAJMALIUM BITARTRATE,CHEMBL3833388,CCC[N+]12[C@H](O)[C@@H](CC)[C@@H]3C[C@H]1[C@@H]1N(C)c4ccccc4[C@]14C[C@H]2[C@@H]3[C@H]4O.O=C([O-])C(O)C(O)C(=O)O
DEXTROMORAMIDE,CHEMBL3833389,C[C@@H](CC(C(=O)N1CCCC1)(c1ccccc1)c1ccccc1)N1CCOCC1
ALUMINUM CHLORIDE ANHYDROUS,CHEMBL3833401,Cl[Al](Cl)Cl
MAGALDRATE ANHYDROUS,CHEMBL3833408,O=S(=O)([O-])[O-].O=S(=O)([O-])[O-].[Al+3].[Al+3].[Al+3].[Al+3].[Al+3].[Mg+2].[Mg+2].[Mg+2].[Mg+2].[Mg+2].[Mg+2].[Mg+2].[Mg+2].[Mg+2].[Mg+2].[OH-].[OH-].[OH-].[OH-].[OH-].[OH-].[OH-].[OH-].[OH-].[OH-].[OH-].[OH-].[OH-].[OH-].[OH-].[OH-].[OH-].[OH-].[OH-].[OH-].[OH-].[OH-].[OH-].[OH-].[OH-].[OH-].[OH-].[OH-].[OH-].[OH-].[OH-]
HYDROTALCITE ANHYDROUS,CHEMBL3833409,O=C([O-])[O-].[Al+3].[Al+3].[Mg+2].[Mg+2].[Mg+2].[Mg+2].[Mg+2].[Mg+2].[OH-].[OH-].[OH-].[OH-].[OH-].[OH-].[OH-].[OH-].[OH-].[OH-].[OH-].[OH-].[OH-].[OH-].[OH-].[OH-]
LAROTRECTINIB,CHEMBL3889654,O=C(Nc1cnn2ccc(N3CCC[C@@H]3c3cc(F)ccc3F)nc12)N1CC[C@H](O)C1
TRILACICLIB,CHEMBL3894860,CN1CCN(c2ccc(Nc3ncc4cc5n(c4n3)C3(CCCCC3)CNC5=O)nc2)CC1
ZANUBRUTINIB,CHEMBL3936761,C=CC(=O)N1CCC([C@@H]2CCNc3c(C(N)=O)c(-c4ccc(Oc5ccccc5)cc4)nn32)CC1
ACORAMIDIS,CHEMBL3940890,Cc1n[nH]c(C)c1CCCOc1cc(C(=O)O)ccc1F
UMBRALISIB,CHEMBL3948730,CC(C)Oc1ccc(-c2nn([C@@H](C)c3oc4ccc(F)cc4c(=O)c3-c3cccc(F)c3)c3ncnc(N)c23)cc1F
ZINC OXIDE,CHEMBL3988900,[O-2].[Zn+2]
PAMIDRONATE DISODIUM,CHEMBL3989401,NCCC(O)(P(=O)([O-])O)P(=O)([O-])O.O.O.O.O.O.[Na+].[Na+]
PERAMIVIR,CHEMBL3989402,CCC(CC)[C@H](NC(C)=O)[C@@H]1[C@H](O)[C@@H](C(=O)O)C[C@H]1NC(=N)N.O.O.O
ZOMEPIRAC SODIUM,CHEMBL3989403,Cc1cc(CC(=O)[O-])n(C)c1C(=O)c1ccc(Cl)cc1.O.O.[Na+]
ENALAPRILAT,CHEMBL3989406,C[C@H](N[C@@H](CCc1ccccc1)C(=O)O)C(=O)N1CCC[C@H]1C(=O)O.O.O
IBUPROFEN SODIUM,CHEMBL3989408,CC(C)Cc1ccc(C(C)C(=O)[O-])cc1.O.O.[Na+]
INDOMETHACIN SODIUM,CHEMBL3989410,COc1ccc2c(c1)c(CC(=O)[O-])c(C)n2C(=O)c1ccc(Cl)cc1.O.O.O.[Na+]
ROSE BENGAL SODIUM I 131,CHEMBL3989461,O=C([O-])c1c(Cl)c(Cl)c(Cl)c(Cl)c1-c1c2cc([131I])c(=O)c(I)c-2oc2c(I)c([O-])c([131I])cc12.[Na+].[Na+]
THIETHYLPERAZINE MALEATE,CHEMBL3989478,CCSc1ccc2c(c1)N(CCCN1CCN(C)CC1)c1ccccc1S2.O=C(O)/C=C\C(=O)O.O=C(O)/C=C\C(=O)O
MAGNESIUM CITRATE,CHEMBL3989480,O=C([O-])CC(O)(CC(=O)[O-])C(=O)[O-].O=C([O-])CC(O)(CC(=O)[O-])C(=O)[O-].[Mg+2].[Mg+2].[Mg+2]
EDETATE DISODIUM,CHEMBL3989507,O.O.O=C([O-])CN(CCN(CC(=O)[O-])CC(=O)O)CC(=O)O.[Na+].[Na+]
PENTAZOCINE LACTATE,CHEMBL3989509,CC(C)=CCN1CCC2(C)c3cc(O)ccc3CC1C2C.CC(O)C(=O)O
PENTAZOCINE HYDROCHLORIDE,CHEMBL3989510,CC(C)=CCN1CCC2(C)c3cc(O)ccc3CC1C2C.Cl
IOBENGUANE SULFATE I 131,CHEMBL3989511,N=C(N)NCc1cccc([131I])c1.N=C(N)NCc1cccc([131I])c1.O=S(=O)(O)O
IRINOTECAN HYDROCHLORIDE,CHEMBL3989514,CCc1c2c(nc3ccc(OC(=O)N4CCC(N5CCCCC5)CC4)cc13)-c1cc3c(c(=O)n1C2)COC(=O)[C@]3(O)CC.Cl.O.O.O
PENICILLIN G BENZATHINE,CHEMBL3989515,CC1(C)S[C@@H]2[C@H](NC(=O)Cc3ccccc3)C(=O)N2[C@H]1C(=O)O.CC1(C)S[C@@H]2[C@H](NC(=O)Cc3ccccc3)C(=O)N2[C@H]1C(=O)O.O.O.O.O.c1ccc(CNCCNCc2ccccc2)cc1
FOSTAMATINIB DISODIUM,CHEMBL3989516,COc1cc(Nc2ncc(F)c(Nc3ccc4c(n3)N(COP(=O)([O-])[O-])C(=O)C(C)(C)O4)n2)cc(OC)c1OC.O.O.O.O.O.O.[Na+].[Na+]
IOFLUPANE I 123,CHEMBL3989517,COC(=O)[C@H]1[C@@H](c2ccc([123I])cc2)C[C@@H]2CC[C@H]1N2CCCF
DOXAPRAM HYDROCHLORIDE,CHEMBL3989519,CCN1CC(CCN2CCOCC2)C(c2ccccc2)(c2ccccc2)C1=O.Cl.O
HISTAMINE PHOSPHATE,CHEMBL3989520,NCCc1c[nH]cn1.O=P(O)(O)O.O=P(O)(O)O
ISOPROTERENOL SULFATE,CHEMBL3989521,CC(C)NCC(O)c1ccc(O)c(O)c1.CC(C)NCC(O)c1ccc(O)c(O)c1.O.O.O=S(=O)(O)O
EDETATE CALCIUM DISODIUM MONOHYDRATE,CHEMBL3989522,O.O=C([O-])CN(CCN(CC(=O)[O-])CC(=O)[O-])CC(=O)[O-].[Ca+2].[Na+].[Na+]
IOBENGUANE SULFATE I 123,CHEMBL3989523,N=C(N)NCc1cccc([123I])c1.N=C(N)NCc1cccc([123I])c1.O=S(=O)(O)O
ETHANOLAMINE OLEATE,CHEMBL3989529,CCCCCCCC/C=C\CCCCCCCC(=O)O.NCCO
VINDESINE SULFATE,CHEMBL3989543,CC[C@]1(O)C[C@@H]2CN(CCc3c([nH]c4ccccc34)[C@@](C(=O)OC)(c3cc4c(cc3OC)N(C)[C@H]3[C@@](O)(C(N)=O)[C@H](O)[C@]5(CC)C=CCN6CC[C@]43[C@@H]65)C2)C1.O=S(=O)(O)O
LINCOMYCIN HYDROCHLORIDE,CHEMBL3989551,CCC[C@@H]1C[C@@H](C(=O)N[C@@H]([C@H]2O[C@H](SC)[C@H](O)[C@@H](O)[C@H]2O)[C@@H](C)O)N(C)C1.Cl.O
MECLIZINE HYDROCHLORIDE,CHEMBL3989555,Cc1cccc(CN2CCN(C(c3ccccc3)c3ccc(Cl)cc3)CC2)c1.Cl.Cl.O
REMOXIPRIDE HYDROCHLORIDE,CHEMBL3989556,CCN1CCC[C@H]1CNC(=O)c1c(OC)ccc(Br)c1OC.Cl.O
PANTOPRAZOLE SODIUM,CHEMBL3989559,COc1ccnc(C[S+]([O-])c2nc3cc(OC(F)F)ccc3[n-]2)c1OC.O.[Na+]
TERAZOSIN HYDROCHLORIDE,CHEMBL3989562,COc1cc2nc(N3CCN(C(=O)C4CCCO4)CC3)nc(N)c2cc1OC.Cl.O.O
TOBRAMYCIN SULFATE,CHEMBL3989564,NC[C@H]1O[C@H](O[C@H]2[C@H](O)[C@@H](O[C@H]3O[C@H](CO)[C@@H](O)[C@H](N)[C@H]3O)[C@H](N)C[C@@H]2N)[C@H](N)C[C@@H]1O.NC[C@H]1O[C@H](O[C@H]2[C@H](O)[C@@H](O[C@H]3O[C@H](CO)[C@@H](O)[C@H](N)[C@H]3O)[C@H](N)C[C@@H]2N)[C@H](N)C[C@@H]1O.O=S(=O)(O)O.O=S(=O)(O)O.O=S(=O)(O)O.O=S(=O)(O)O.O=S(=O)(O)O
METOPROLOL FUMARATE,CHEMBL3989566,COCCc1ccc(OCC(O)CNC(C)C)cc1.COCCc1ccc(OCC(O)CNC(C)C)cc1.O=C(O)/C=C/C(=O)O
OXACILLIN SODIUM,CHEMBL3989567,Cc1onc(-c2ccccc2)c1C(=O)N[C@@H]1C(=O)N2[C@@H]1SC(C)(C)[C@@H]2C(=O)[O-].O.[Na+]
OXYTETRACYCLINE CALCIUM,CHEMBL3989568,CN(C)[C@@H]1C([O-])=C(C(N)=O)C(=O)[C@@]2(O)C(O)=C3C(=O)c4c(O)cccc4[C@@](C)(O)[C@H]3[C@H](O)[C@@H]12.CN(C)[C@@H]1C([O-])=C(C(N)=O)C(=O)[C@@]2(O)C(O)=C3C(=O)c4c(O)cccc4[C@@](C)(O)[C@H]3[C@H](O)[C@@H]12.[Ca+2]
IBANDRONATE SODIUM,CHEMBL3989569,CCCCCN(C)CCC(O)(P(=O)([O-])O)P(=O)(O)O.O.[Na+]
SPECTINOMYCIN HYDROCHLORIDE,CHEMBL3989571,CN[C@@H]1[C@H](O)[C@H](NC)[C@H]2O[C@@]3(O)C(=O)C[C@@H](C)O[C@H]3O[C@@H]2[C@H]1O.Cl.Cl.O.O.O.O.O
OXYPHENBUTAZONE,CHEMBL3989676,CCCCC1C(=O)N(c2ccccc2)N(c2ccc(O)cc2)C1=O.O
HYDROCODONE BITARTRATE,CHEMBL3989677,COc1ccc2c3c1O[C@H]1C(=O)CC[C@H]4[C@@H](C2)N(C)CC[C@]314.O.O.O=C(O)C(O)C(O)C(=O)O
PIPERAZINE CITRATE,CHEMBL3989678,C1CNCCN1.C1CNCCN1.C1CNCCN1.O.O=C(O)CC(O)(CC(=O)O)C(=O)O.O=C(O)CC(O)(CC(=O)O)C(=O)O
ELTROMBOPAG OLAMINE,CHEMBL3989691,CC1=NN(c2ccc(C)c(C)c2)C(=O)/C1=N\Nc1cccc(-c2cccc(C(=O)O)c2)c1O.NCCO.NCCO
LEVALBUTEROL TARTRATE,CHEMBL3989693,CC(C)(C)NC[C@H](O)c1ccc(O)c(CO)c1.CC(C)(C)NC[C@H](O)c1ccc(O)c(CO)c1.O=C(O)C(O)C(O)C(=O)O
OLANZAPINE PAMOATE,CHEMBL3989694,Cc1cc2c(s1)Nc1ccccc1N=C2N1CCN(C)CC1.O.O=C(O)c1cc2ccccc2c(Cc2c(O)c(C(=O)O)cc3ccccc23)c1O
REGADENOSON,CHEMBL3989695,CNC(=O)c1cnn(-c2nc(N)c3ncn([C@@H]4O[C@H](CO)[C@@H](O)[C@H]4O)c3n2)c1.O
RIBOFLAVIN 5'-PHOSPHATE SODIUM,CHEMBL3989697,Cc1cc2nc3c(=O)[nH]c(=O)nc-3n(C[C@H](O)[C@H](O)[C@H](O)COP(=O)([O-])O)c2cc1C.O.O.[Na+]
TRANYLCYPROMINE SULFATE,CHEMBL3989698,N[C@@H]1C[C@H]1c1ccccc1.N[C@H]1C[C@@H]1c1ccccc1.O=S(=O)(O)O
MUPIROCIN CALCIUM,CHEMBL3989715,C/C(=C\C(=O)OCCCCCCCCC(=O)[O-])C[C@@H]1OC[C@H](C[C@@H]2O[C@H]2[C@@H](C)[C@H](C)O)[C@@H](O)[C@H]1O.C/C(=C\C(=O)OCCCCCCCCC(=O)[O-])C[C@@H]1OC[C@H](C[C@@H]2O[C@H]2[C@@H](C)[C@H](C)O)[C@@H](O)[C@H]1O.O.O.[Ca+2]
PROPOXYPHENE NAPSYLATE,CHEMBL3989716,CCC(=O)O[C@](Cc1ccccc1)(c1ccccc1)[C@H](C)CN(C)C.O.O=S(=O)(O)c1ccc2ccccc2c1
FLURAZEPAM HYDROCHLORIDE,CHEMBL3989724,CCN(CC)CCN1C(=O)CN=C(c2ccccc2F)c2cc(Cl)ccc21.Cl.Cl
LODOXAMIDE TROMETHAMINE,CHEMBL3989725,N#Cc1cc(NC(=O)C(=O)O)c(Cl)c(NC(=O)C(=O)O)c1.NC(CO)(CO)CO.NC(CO)(CO)CO
MENADIOL SODIUM DIPHOSPHATE,CHEMBL3989728,Cc1cc(OP(=O)([O-])[O-])c2ccccc2c1OP(=O)([O-])[O-].O.O.O.O.O.O.[Na+].[Na+].[Na+].[Na+]
DOXYCYCLINE HYCLATE,CHEMBL3989740,CCO.C[C@H]1c2cccc(O)c2C(=O)C2=C(O)[C@]3(O)C(=O)C(C(N)=O)=C(O)[C@@H](N(C)C)[C@@H]3[C@@H](O)[C@@H]21.C[C@H]1c2cccc(O)c2C(=O)C2=C(O)[C@]3(O)C(=O)C(C(N)=O)=C(O)[C@@H](N(C)C)[C@@H]3[C@@H](O)[C@@H]21.Cl.Cl.O
GLUCOSAMINE SULFATE,CHEMBL3989750,N[C@H]1C(O)O[C@H](CO)[C@@H](O)[C@@H]1O.N[C@H]1C(O)O[C@H](CO)[C@@H](O)[C@@H]1O.O=S(=O)(O)O
FLURBIPROFEN SODIUM,CHEMBL3989754,CC(C(=O)[O-])c1ccc(-c2ccccc2)c(F)c1.O.O.[Na+]
TALC,CHEMBL3989756,O.O=[Mg].O=[Mg].O=[Mg].O=[Si]=O.O=[Si]=O.O=[Si]=O.O=[Si]=O
ORITAVANCIN DIPHOSPHATE,CHEMBL3989766,CN[C@H](CC(C)C)C(=O)N[C@H]1C(=O)N[C@@H](CC(N)=O)C(=O)N[C@H]2C(=O)N[C@H]3C(=O)N[C@H](C(=O)N[C@H](C(=O)O)c4cc(O)cc(O)c4-c4cc3ccc4O)[C@H](O[C@H]3C[C@](C)(N)[C@@H](O)[C@H](C)O3)c3ccc(c(Cl)c3)Oc3cc2cc(c3O[C@@H]2O[C@H](CO)[C@@H](O)[C@H](O)[C@H]2O[C@H]2C[C@](C)(NCc3ccc(-c4ccc(Cl)cc4)cc3)[C@@H](O)[C@H](C)O2)Oc2ccc(cc2Cl)[C@H]1O.O=P(O)(O)O.O=P(O)(O)O
LEVORPHANOL TARTRATE,CHEMBL3989768,CN1CC[C@]23CCCC[C@H]2[C@H]1Cc1ccc(O)cc13.O.O.O=C(O)C(O)C(O)C(=O)O
TRIENTINE HYDROCHLORIDE,CHEMBL3989777,Cl.Cl.NCCNCCNCCN
FORMOTEROL FUMARATE,CHEMBL3989798,COc1ccc(CC(C)NCC(O)c2ccc(O)c(NC=O)c2)cc1.COc1ccc(CC(C)NCC(O)c2ccc(O)c(NC=O)c2)cc1.O.O.O=C(O)/C=C/C(=O)O
DIPYRONE,CHEMBL3989803,Cc1c(N(C)CS(=O)(=O)[O-])c(=O)n(-c2ccccc2)n1C.O.[Na+]
IODIPAMIDE MEGLUMINE,CHEMBL3989806,CNC[C@H](O)[C@@H](O)[C@H](O)[C@H](O)CO.CNC[C@H](O)[C@@H](O)[C@H](O)[C@H](O)CO.O=C(CCCCC(=O)Nc1c(I)cc(I)c(C(=O)O)c1I)Nc1c(I)cc(I)c(C(=O)O)c1I
ZOLPIDEM TARTRATE,CHEMBL3989820,Cc1ccc(-c2nc3ccc(C)cn3c2CC(=O)N(C)C)cc1.Cc1ccc(-c2nc3ccc(C)cn3c2CC(=O)N(C)C)cc1.O=C(O)C(O)C(O)C(=O)O
TUBOCURARINE CHLORIDE,CHEMBL3989821,COc1cc2c3cc1Oc1cc(ccc1O)C[C@@H]1c4c(cc(OC)c(O)c4Oc4ccc(cc4)C[C@@H]3N(C)CC2)CC[N+]1(C)C.Cl.O.O.O.O.O.[Cl-]
POTASSIUM CITRATE,CHEMBL3989822,O.O=C([O-])CC(O)(CC(=O)[O-])C(=O)[O-].[K+].[K+].[K+]
THIOTHIXENE HYDROCHLORIDE,CHEMBL3989824,CN1CCN(CC/C=C2/c3ccccc3Sc3ccc(S(=O)(=O)N(C)C)cc32)CC1.Cl.Cl.O.O
OXYCODONE TEREPHTHALATE,CHEMBL3989826,COc1ccc2c3c1O[C@H]1C(=O)CC[C@@]4(O)[C@@H](C2)N(C)CC[C@]314.COc1ccc2c3c1O[C@H]1C(=O)CC[C@@]4(O)[C@@H](C2)N(C)CC[C@]314.O=C(O)c1ccc(C(=O)O)cc1
NETILMICIN SULFATE,CHEMBL3989829,CCN[C@@H]1C[C@H](N)[C@@H](O[C@H]2OC(CN)=CC[C@H]2N)[C@H](O)[C@H]1O[C@H]1OC[C@](C)(O)[C@H](NC)[C@H]1O.CCN[C@@H]1C[C@H](N)[C@@H](O[C@H]2OC(CN)=CC[C@H]2N)[C@H](O)[C@H]1O[C@H]1OC[C@](C)(O)[C@H](NC)[C@H]1O.O=S(=O)(O)O.O=S(=O)(O)O.O=S(=O)(O)O.O=S(=O)(O)O.O=S(=O)(O)O
SIBUTRAMINE HYDROCHLORIDE,CHEMBL3989830,CC(C)CC(N(C)C)C1(c2ccc(Cl)cc2)CCC1.Cl.O
ZIPRASIDONE MESYLATE,CHEMBL3989833,CS(=O)(=O)O.O.O.O.O=C1Cc2cc(CCN3CCN(c4nsc5ccccc45)CC3)c(Cl)cc2N1
TRANYLCYPROMINE,CHEMBL3989843,N[C@@H]1C[C@H]1c1ccccc1.N[C@H]1C[C@@H]1c1ccccc1
DEXTROAMPHETAMINE SACCHARATE,CHEMBL3989844,C[C@H](N)Cc1ccccc1.O=C(O)[C@@H](O)[C@@H](O)[C@H](O)[C@@H](O)C(=O)O
IMIPRAMINE PAMOATE,CHEMBL3989845,CN(C)CCCN1c2ccccc2CCc2ccccc21.CN(C)CCCN1c2ccccc2CCc2ccccc21.O=C(O)c1cc2ccccc2c(Cc2c(O)c(C(=O)O)cc3ccccc23)c1O
ECAMSULE,CHEMBL3989850,CC1(C)C2CCC1(CS(=O)(=O)O)C(=O)C2=Cc1ccc(C=C2C(=O)C3(CS(=O)(=O)O)CCC2C3(C)C)cc1
PSEUDOEPHEDRINE SULFATE,CHEMBL3989855,CN[C@@H](C)[C@@H](O)c1ccccc1.CN[C@@H](C)[C@@H](O)c1ccccc1.O=S(=O)(O)O
SODIUM SULFATE,CHEMBL3989856,O.O.O.O.O.O.O.O.O.O.O=S(=O)([O-])[O-].[Na+].[Na+]
MAGNESIUM SULFATE,CHEMBL3989857,O.O.O.O.O.O.O.O=S(=O)([O-])[O-].[Mg+2]
MAGNESIUM ACETATE TETRAHYDRATE,CHEMBL3989858,CC(=O)[O-].CC(=O)[O-].O.O.O.O.[Mg+2]
TOCOPHEROL ACETATE,CHEMBL3989859,CC(=O)Oc1c(C)c(C)c2c(c1C)CCC(C)(CCC[C@H](C)CCC[C@H](C)CCCC(C)C)O2
DESVENLAFAXINE FUMARATE,CHEMBL3989861,CN(C)CC(c1ccc(O)cc1)C1(O)CCCCC1.O.O=C(O)/C=C/C(=O)O
BICTEGRAVIR,CHEMBL3989866,O=C(NCc1c(F)cc(F)cc1F)c1cn2c(c(O)c1=O)C(=O)N1[C@H]3CC[C@H](C3)O[C@@H]1C2
BICTEGRAVIR SODIUM,CHEMBL3989867,O=C(NCc1c(F)cc(F)cc1F)c1cn2c(c([O-])c1=O)C(=O)N1[C@H]3CC[C@H](C3)O[C@@H]1C2.[Na+]
TUCATINIB,CHEMBL3989868,Cc1cc(Nc2ncnc3ccc(NC4=NC(C)(C)CO4)cc23)ccc1Oc1ccn2ncnc2c1
UMBRALISIB TOSYLATE,CHEMBL3989869,CC(C)Oc1ccc(-c2nn([C@@H](C)c3oc4ccc(F)cc4c(=O)c3-c3cccc(F)c3)c3ncnc(N)c23)cc1F.Cc1ccc(S(=O)(=O)O)cc1
AVACOPAN,CHEMBL3989871,Cc1ccc(NC(=O)[C@H]2CCCN(C(=O)c3c(C)cccc3F)[C@H]2c2ccc(NC3CCCC3)cc2)cc1C(F)(F)F
TRIMEPRAZINE TARTRATE,CHEMBL3989885,CC(CN(C)C)CN1c2ccccc2Sc2ccccc21.CC(CN(C)C)CN1c2ccccc2Sc2ccccc21.O=C(O)C(O)C(O)C(=O)O
TACROLIMUS,CHEMBL3989887,C=CC[C@@H]1/C=C(\C)C[C@H](C)C[C@H](OC)[C@H]2O[C@@](O)(C(=O)C(=O)N3CCCC[C@H]3C(=O)O[C@H](/C(C)=C/[C@@H]3CC[C@@H](O)[C@H](OC)C3)[C@H](C)[C@@H](O)CC1=O)[C@H](C)C[C@@H]2OC.O
ENASIDENIB,CHEMBL3989908,CC(C)(O)CNc1nc(Nc2ccnc(C(F)(F)F)c2)nc(-c2cccc(C(F)(F)F)n2)n1
LENIOLISIB PHOSPHATE,CHEMBL3989909,CCC(=O)N1CC[C@H](Nc2ncnc3c2CN(c2cnc(OC)c(C(F)(F)F)c2)CC3)C1.O=P(O)(O)O
FOSNETUPITANT,CHEMBL3989917,Cc1ccccc1-c1cc(N2CC[N+](C)(COP(=O)([O-])O)CC2)ncc1N(C)C(=O)C(C)(C)c1cc(C(F)(F)F)cc(C(F)(F)F)c1
FOSNETUPITANT CHLORIDE HYDROCHLORIDE,CHEMBL3989919,Cc1ccccc1-c1cc(N2CC[N+](C)(COP(=O)(O)O)CC2)ncc1N(C)C(=O)C(C)(C)c1cc(C(F)(F)F)cc(C(F)(F)F)c1.Cl.[Cl-]
PITAVASTATIN SODIUM,CHEMBL3989920,O=C([O-])C[C@H](O)C[C@H](O)/C=C/c1c(C2CC2)nc2ccccc2c1-c1ccc(F)cc1.[Na+]
NERATINIB MALEATE,CHEMBL3989921,CCOc1cc2ncc(C#N)c(Nc3ccc(OCc4ccccn4)c(Cl)c3)c2cc1NC(=O)/C=C/CN(C)C.O=C(O)/C=C\C(=O)O
NIRAPARIB TOSYLATE MONOHYDRATE,CHEMBL3989922,Cc1ccc(S(=O)(=O)O)cc1.NC(=O)c1cccc2cn(-c3ccc([C@@H]4CCCNC4)cc3)nc12.O
PITAVASTATIN MAGNESIUM,CHEMBL3989923,O=C([O-])C[C@H](O)C[C@H](O)/C=C/c1c(C2CC2)nc2ccccc2c1-c1ccc(F)cc1.O=C([O-])C[C@H](O)C[C@H](O)/C=C/c1c(C2CC2)nc2ccccc2c1-c1ccc(F)cc1.[Mg+2]
REZAFUNGIN ACETATE,CHEMBL3989928,CC(=O)[O-].CCCCCOc1ccc(-c2ccc(-c3ccc(C(=O)N[C@H]4C[C@@H](O)[C@@H](OCC[N+](C)(C)C)NC(=O)[C@@H]5[C@@H](O)[C@@H](C)CN5C(=O)[C@H]([C@@H](C)O)NC(=O)[C@H]([C@H](O)[C@@H](O)c5ccc(O)cc5)NC(=O)[C@@H]5C[C@@H](O)CN5C(=O)[C@H]([C@@H](C)O)NC4=O)cc3)cc2)cc1
ENASIDENIB MESYLATE,CHEMBL3989931,CC(C)(O)CNc1nc(Nc2ccnc(C(F)(F)F)c2)nc(-c2cccc(C(F)(F)F)n2)n1.CS(=O)(=O)O
ETRASIMOD ARGININE,CHEMBL3989933,N=C(N)NCCC[C@@H](N)C(=O)O.O=C(O)C[C@H]1CCc2c1[nH]c1ccc(OCc3ccc(C4CCCC4)c(C(F)(F)F)c3)cc21
CAPMATINIB HYDROCHLORIDE,CHEMBL3989937,CNC(=O)c1ccc(-c2cnc3ncc(Cc4ccc5ncccc5c4)n3n2)cc1F.Cl.Cl.O
LAROTRECTINIB SULFATE,CHEMBL3989939,O=C(Nc1cnn2ccc(N3CCC[C@@H]3c3cc(F)ccc3F)nc12)N1CC[C@H](O)C1.O=S(=O)(O)O
DIROXIMEL FUMARATE,CHEMBL3989944,COC(=O)/C=C/C(=O)OCCN1C(=O)CCC1=O
REZAFUNGIN,CHEMBL3989945,CCCCCOc1ccc(-c2ccc(-c3ccc(C(=O)N[C@H]4C[C@@H](O)[C@@H](OCC[N+](C)(C)C)NC(=O)[C@@H]5[C@@H](O)[C@@H](C)CN5C(=O)[C@H]([C@@H](C)O)NC(=O)[C@H]([C@H](O)[C@@H](O)c5ccc(O)cc5)NC(=O)[C@@H]5C[C@@H](O)CN5C(=O)[C@H]([C@@H](C)O)NC4=O)cc3)cc2)cc1
CENOBAMATE,CHEMBL3989949,NC(=O)O[C@@H](Cn1ncnn1)c1ccccc1Cl
IVOSIDENIB,CHEMBL3989958,N#Cc1ccnc(N2C(=O)CC[C@H]2C(=O)N(c2cncc(F)c2)[C@H](C(=O)NC2CC(F)(F)C2)c2ccccc2Cl)c1
SELADELPAR LYSINE,CHEMBL3989960,CCO[C@H](COc1ccc(C(F)(F)F)cc1)CSc1ccc(OCC(=O)O)c(C)c1.NCCCC[C@H](N)C(=O)O.O.O
PEMETREXED TROMETHAMINE,CHEMBL3989962,NC(CO)(CO)CO.NC(CO)(CO)CO.Nc1nc(=O)c2c(CCc3ccc(C(=O)N[C@@H](CCC(=O)O)C(=O)O)cc3)c[nH]c2[nH]1.O.O
PEXIDARTINIB HYDROCHLORIDE,CHEMBL3989973,Cl.FC(F)(F)c1ccc(CNc2ccc(Cc3c[nH]c4ncc(Cl)cc34)cn2)cn1
CEFIDEROCOL,CHEMBL3989974,CC(C)(O/N=C(\C(=O)N[C@@H]1C(=O)N2C(C(=O)[O-])=C(C[N+]3(CCNC(=O)c4ccc(O)c(O)c4Cl)CCCC3)CS[C@H]12)c1csc(N)n1)C(=O)O
OZENOXACIN,CHEMBL3990047,CNc1ncc(-c2ccc3c(=O)c(C(=O)O)cn(C4CC4)c3c2C)cc1C
TALC ANHYDROUS,CHEMBL3990276,O=[Mg].O=[Mg].O=[Mg].O=[Si]=O.O=[Si]=O.O=[Si]=O.O=[Si]=O
PIPERAZINE CITRATE ANHYDROUS,CHEMBL3990694,C1CNCCN1.C1CNCCN1.C1CNCCN1.O=C(O)CC(O)(CC(=O)O)C(=O)O.O=C(O)CC(O)(CC(=O)O)C(=O)O
ATOGEPANT,CHEMBL3991065,C[C@@H]1[C@H](c2c(F)ccc(F)c2F)C[C@H](NC(=O)c2cnc3c(c2)C[C@@]2(C3)C(=O)Nc3ncccc32)C(=O)N1CC(F)(F)F
REMDESIVIR,CHEMBL4065616,CCC(CC)COC(=O)[C@H](C)N[P@](=O)(OC[C@H]1O[C@@](C#N)(c2ccc3c(N)ncnn23)[C@H](O)[C@@H]1O)Oc1ccccc1
VERICIGUAT,CHEMBL4066936,COC(=O)Nc1c(N)nc(-c2nn(Cc3ccccc3F)c3ncc(F)cc23)nc1N
TIRABRUTINIB,CHEMBL4071161,CC#CC(=O)N1CC[C@@H](n2c(=O)n(-c3ccc(Oc4ccccc4)cc3)c3c(N)ncnc32)C1
RITLECITINIB,CHEMBL4085457,C=CC(=O)N1C[C@H](Nc2ncnc3[nH]ccc23)CC[C@@H]1C
VOXELOTOR,CHEMBL4101807,CC(C)n1nccc1-c1ncccc1COc1cccc(O)c1C=O
ZURANOLONE,CHEMBL4105630,C[C@@]1(O)CC[C@H]2[C@H](CC[C@@H]3[C@@H]2CC[C@]2(C)[C@@H](C(=O)Cn4cc(C#N)cn4)CC[C@@H]32)C1
ENSARTINIB,CHEMBL4113131,C[C@@H]1CN(C(=O)c2ccc(NC(=O)c3cc(O[C@H](C)c4c(Cl)ccc(F)c4Cl)c(N)nn3)cc2)C[C@H](C)N1
PITOLISANT HYDROCHLORIDE,CHEMBL4164059,Cl.Clc1ccc(CCCOCCCN2CCCCC2)cc1
BRILLIANT BLUE G,CHEMBL4173394,CCOc1ccc(Nc2ccc(/C(=C3/C=C/C(=[N+](/CC)Cc4cccc(S(=O)(=O)[O-])c4)C=C3C)c3ccc(N(CC)Cc4cccc(S(=O)(=O)[O-])c4)cc3C)cc2)cc1.[Na+]
AVAPRITINIB,CHEMBL4204794,Cn1cc(-c2cc3c(N4CCN(c5ncc([C@@](C)(N)c6ccc(F)cc6)cn5)CC4)ncnn3c2)cn1
ASCIMINIB,CHEMBL4208229,O=C(Nc1ccc(OC(F)(F)Cl)cc1)c1cnc(N2CC[C@@H](O)C2)c(-c2cc[nH]n2)c1
AMIKACIN SULFATE,CHEMBL4208954,NCC[C@H](O)C(=O)N[C@@H]1C[C@H](N)[C@@H](O[C@H]2O[C@H](CN)[C@@H](O)[C@H](O)[C@H]2O)[C@H](O)[C@H]1O[C@H]1O[C@H](CO)[C@@H](O)[C@H](N)[C@H]1O.O=S(=O)(O)O.O=S(=O)(O)O
RIPRETINIB,CHEMBL4216467,CCn1c(=O)c(-c2cc(NC(=O)Nc3ccccc3)c(F)cc2Br)cc2cnc(NC)cc21
DANICOPAN,CHEMBL4250860,CC(=O)c1nn(CC(=O)N2C[C@H](F)C[C@H]2C(=O)Nc2cccc(Br)n2)c2ccc(-c3cnc(C)nc3)cc12
VORASIDENIB,CHEMBL4279047,C[C@@H](Nc1nc(N[C@H](C)C(F)(F)F)nc(-c2cccc(Cl)n2)n1)C(F)(F)F
MILNACIPRAN HYDROCHLORIDE,CHEMBL4297064,CCN(CC)C(=O)C1(c2ccccc2)CC1CN.Cl
SPINOSAD,CHEMBL4297065,CC[C@H]1CCC[C@H](O[C@H]2CC[C@H](N(C)C)[C@@H](C)O2)[C@@H](C)C(=O)C2=C[C@@H]3[C@@H](C=C(C)[C@@H]4C[C@@H](O[C@@H]5O[C@@H](C)[C@H](OC)[C@@H](OC)[C@H]5OC)C[C@@H]34)[C@@H]2CC(=O)O1.CC[C@H]1CCC[C@H](O[C@H]2CC[C@H](N(C)C)[C@@H](C)O2)[C@@H](C)C(=O)C2=C[C@H]3[C@@H]4C[C@H](O[C@@H]5O[C@@H](C)[C@H](OC)[C@@H](OC)[C@H]5OC)C[C@H]4C=C[C@H]3C2CC(=O)O1
CHLORHEXIDINE GLUCONATE,CHEMBL4297088,N=C(NCCCCCCNC(=N)NC(=N)Nc1ccc(Cl)cc1)NC(=N)Nc1ccc(Cl)cc1.O=C(O)[C@H](O)[C@@H](O)[C@H](O)[C@H](O)CO.O=C(O)[C@H](O)[C@@H](O)[C@H](O)[C@H](O)CO
CODEINE SULFATE,CHEMBL4297091,COc1ccc2c3c1O[C@H]1[C@@H](O)C=C[C@H]4[C@@H](C2)N(C)CC[C@@]341.COc1ccc2c3c1O[C@H]1[C@@H](O)C=C[C@H]4[C@@H](C2)N(C)CC[C@@]341.O.O.O.O=S(=O)(O)O
CEFTOBIPROLE MEDOCARIL SODIUM,CHEMBL4297101,Cc1oc(=O)oc1COC(=O)N1CC[C@@H](N2CC/C(=C\C3=C(C(=O)[O-])N4C(=O)[C@@H](NC(=O)/C(=N/O)c5nsc(N)n5)[C@H]4SC3)C2=O)C1.[Na+]
HALOPERIDOL LACTATE,CHEMBL4297147,CC(O)C(=O)O.O=C(CCCN1CCC(O)(c2ccc(Cl)cc2)CC1)c1ccc(F)cc1
CHLOROQUINE HYDROCHLORIDE,CHEMBL4297165,CCN(CC)CCCC(C)Nc1ccnc2cc(Cl)ccc12.Cl.Cl
DAROLUTAMIDE,CHEMBL4297185,CC(O)c1cc(C(=O)N[C@@H](C)Cn2ccc(-c3ccc(C#N)c(Cl)c3)n2)n[nH]1
CEFIDEROCOL SULFATE TOSYLATE,CHEMBL4297211,CC(C)(O/N=C(\C(=O)N[C@@H]1C(=O)N2C(C(=O)O)=C(C[N+]3(CCNC(=O)c4ccc(O)c(O)c4Cl)CCCC3)CS[C@H]12)c1csc(N)n1)C(=O)O.CC(C)(O/N=C(\C(=O)N[C@@H]1C(=O)N2C(C(=O)O)=C(C[N+]3(CCNC(=O)c4ccc(O)c(O)c4Cl)CCCC3)CS[C@H]12)c1csc(N)n1)C(=O)O.CC(C)(O/N=C(\C(=O)N[C@@H]1C(=O)N2C(C(=O)O)=C(C[N+]3(CCNC(=O)c4ccc(O)c(O)c4Cl)CCCC3)CS[C@H]12)c1csc(N)n1)C(=O)O.Cc1ccc(S(=O)(=O)O)cc1.Cc1ccc(S(=O)(=O)O)cc1.Cc1ccc(S(=O)(=O)O)cc1.Cc1ccc(S(=O)(=O)[O-])cc1.O.O=S(=O)([O-])[O-]
SOLRIAMFETOL HYDROCHLORIDE,CHEMBL4297212,Cl.NC(=O)OC[C@H](N)Cc1ccccc1
FEDRATINIB HYDROCHLORIDE,CHEMBL4297216,Cc1cnc(Nc2ccc(OCCN3CCCC3)cc2)nc1Nc1cccc(S(=O)(=O)NC(C)(C)C)c1.Cl.Cl.O
ASCIMINIB HYDROCHLORIDE,CHEMBL4297220,Cl.O=C(Nc1ccc(OC(F)(F)Cl)cc1)c1cnc(N2CC[C@@H](O)C2)c(-c2cc[nH]n2)c1
MITAPIVAT SULFATE,CHEMBL4297223,O.O.O.O=C(c1ccc(NS(=O)(=O)c2cccc3cccnc23)cc1)N1CCN(CC2CC2)CC1.O=C(c1ccc(NS(=O)(=O)c2cccc3cccnc23)cc1)N1CCN(CC2CC2)CC1.O=S(=O)(O)O
PIFLUFOLASTAT F18,CHEMBL4297334,O=C(O)CC[C@H](NC(=O)N[C@@H](CCCCNC(=O)c1ccc([18F])nc1)C(=O)O)C(=O)O
DURLOBACTAM SODIUM,CHEMBL4297378,CC1=C[C@@H]2CN(C(=O)N2OS(=O)(=O)[O-])[C@@H]1C(N)=O.[Na+]
MELPHALAN FLUFENAMIDE HYDROCHLORIDE,CHEMBL4297403,CCOC(=O)[C@H](Cc1ccc(F)cc1)NC(=O)[C@@H](N)Cc1ccc(N(CCCl)CCCl)cc1.Cl
PAFOLACIANINE,CHEMBL4297412,CC1(C)C(/C=C/C2=C(Oc3ccc(C[C@H](NC(=O)c4ccc(NCc5cnc6nc(N)[nH]c(=O)c6n5)cc4)C(=O)[O-])cc3)/C(=C/C=C3\N(CCCCS(=O)(=O)[O-])c4ccc(S(=O)(=O)[O-])cc4C3(C)C)CCC2)=[N+](CCCCS(=O)(=O)[O-])c2ccc(S(=O)(=O)[O-])cc21.[H+].[H+].[H+].[H+]
BALOXAVIR MARBOXIL,CHEMBL4297503,COC(=O)OCOc1c2n(ccc1=O)N([C@@H]1c3ccccc3SCc3c1ccc(F)c3F)[C@@H]1COCCN1C2=O
ELACESTRANT,CHEMBL4297509,CCNCCc1ccc(CN(CC)c2cc(OC)ccc2[C@@H]2CCc3cc(O)ccc3C2)cc1
IBREXAFUNGERP,CHEMBL4297513,CC(C)[C@@H](C)[C@@]1(C)CC[C@]2(C)[C@H]3CC[C@@H]4[C@@]5(COC[C@@]4(C)[C@@H](OC[C@](C)(N)C(C)(C)C)[C@H](n4ncnc4-c4ccncc4)C5)C3=CC[C@@]2(C)[C@@H]1C(=O)O
LURBINECTEDIN,CHEMBL4297516,COc1ccc2[nH]c3c(c2c1)CCN[C@]31CS[C@@H]2c3c(OC(C)=O)c(C)c4c(c3[C@H](COC1=O)N1[C@@H]2[C@H]2c3c(cc(C)c(OC)c3O)C[C@@H]([C@@H]1O)N2C)OCO4
MAVACAMTEN,CHEMBL4297517,CC(C)n1c(=O)cc(N[C@@H](C)c2ccccc2)[nH]c1=O
PEMIGATINIB,CHEMBL4297522,CCN1C(=O)N(c2c(F)c(OC)cc(OC)c2F)Cc2cnc3[nH]c(CN4CCOCC4)cc3c21
REMIMAZOLAM,CHEMBL4297526,COC(=O)CC[C@@H]1N=C(c2ccccn2)c2cc(Br)ccc2-n2c(C)cnc21
RISDIPLAM,CHEMBL4297528,Cc1cn2nc(-c3cc(=O)n4cc(N5CCNC6(CC6)C5)ccc4n3)cc(C)c2n1
GLASDEGIB MALEATE,CHEMBL4297534,CN1CC[C@@H](NC(=O)Nc2ccc(C#N)cc2)C[C@@H]1c1nc2ccccc2[nH]1.O=C(O)/C=C\C(=O)O
TRIHEPTANOIN,CHEMBL4297585,CCCCCCC(=O)OCC(COC(=O)CCCCCC)OC(=O)CCCCCC
ODEVIXIBAT,CHEMBL4297588,CCCCC1(CCCC)CN(c2ccccc2)c2cc(SC)c(OCC(=O)N[C@@H](C(=O)N[C@@H](CC)C(=O)O)c3ccc(O)cc3)cc2S(=O)(=O)N1
DARIDOREXANT,CHEMBL4297590,COc1ccc(-n2nccn2)c(C(=O)N2CCC[C@@]2(C)c2nc3c(C)c(Cl)ccc3[nH]2)c1
AMENAMEVIR,CHEMBL4297592,Cc1cccc(C)c1N(CC(=O)Nc1ccc(-c2ncon2)cc1)C(=O)C1CCS(=O)(=O)CC1
DEUTIVACAFTOR,CHEMBL4297603,[2H]C([2H])([2H])C(c1cc(C(C)(C)C)c(NC(=O)c2c[nH]c3ccccc3c2=O)cc1O)(C([2H])([2H])[2H])C([2H])([2H])[2H]
OLUTASIDENIB,CHEMBL4297610,C[C@H](Nc1ccc(C#N)n(C)c1=O)c1cc2cc(Cl)ccc2[nH]c1=O
SOLRIAMFETOL,CHEMBL4297620,NC(=O)OC[C@H](N)Cc1ccccc1
OMIDENEPAG ISOPROPYL,CHEMBL4297666,CC(C)OC(=O)CNc1cccc(CN(Cc2ccc(-n3cccn3)cc2)S(=O)(=O)c2cccnc2)n1
ELEXACAFTOR,CHEMBL4298128,Cc1nn(C)cc1S(=O)(=O)NC(=O)c1ccc(-n2ccc(OCC(C)(C)C(F)(F)F)n2)nc1N1C[C@@H](C)CC1(C)C
DURLOBACTAM,CHEMBL4298137,CC1=C[C@@H]2CN(C(=O)N2OS(=O)(=O)O)[C@@H]1C(N)=O
REPOTRECTINIB,CHEMBL4298138,C[C@H]1CNC(=O)c2cnn3ccc(nc23)N[C@H](C)c2cc(F)ccc2O1
SERDEXMETHYLPHENIDATE CHLORIDE,CHEMBL4298139,COC(=O)[C@H](c1ccccc1)[C@H]1CCCCN1C(=O)OC[n+]1cccc(C(=O)N[C@@H](CO)C(=O)O)c1.[Cl-]
ARIMOCLOMOL CITRATE,CHEMBL4298149,O=C(O)CC(O)(CC(=O)O)C(=O)O.[O-][n+]1cccc(/C(Cl)=N/OC[C@H](O)CN2CCCCC2)c1
SIPONIMOD FUMARIC ACID,CHEMBL4298150,CCc1cc(/C(C)=N/OCc2ccc(C3CCCCC3)c(C(F)(F)F)c2)ccc1CN1CC(C(=O)O)C1.CCc1cc(/C(C)=N/OCc2ccc(C3CCCCC3)c(C(F)(F)F)c2)ccc1CN1CC(C(=O)O)C1.O=C(O)/C=C/C(=O)O
NIROGACESTAT HYDROBROMIDE,CHEMBL4298153,Br.Br.CCC[C@H](N[C@H]1CCc2cc(F)cc(F)c2C1)C(=O)Nc1cn(C(C)(C)CNCC(C)(C)C)cn1
FILGOTINIB MALEATE,CHEMBL4298167,O=C(Nc1nc2cccc(-c3ccc(CN4CCS(=O)(=O)CC4)cc3)n2n1)C1CC1.O=C(O)/C=C\C(=O)O
IBREXAFUNGERP CITRATE,CHEMBL4298168,CC(C)[C@@H](C)[C@@]1(C)CC[C@]2(C)[C@H]3CC[C@@H]4[C@@]5(COC[C@@]4(C)[C@@H](OC[C@](C)(N)C(C)(C)C)[C@H](n4ncnc4-c4ccncc4)C5)C3=CC[C@@]2(C)[C@@H]1C(=O)O.O=C(O)CC(O)(CC(=O)O)C(=O)O
LINZAGOLIX CHOLINE,CHEMBL4298171,COc1cc(F)c(-n2c(=O)[nH]c3csc(C(=O)[O-])c3c2=O)cc1OCc1c(OC)ccc(F)c1F.C[N+](C)(C)CCO
PIFLUFOLASTAT,CHEMBL4299851,O=C(O)CC[C@H](NC(=O)N[C@@H](CCCCNC(=O)c1ccc(F)nc1)C(=O)O)C(=O)O
MITAPIVAT,CHEMBL4299940,O=C(c1ccc(NS(=O)(=O)c2cccc3cccnc23)cc1)N1CCN(CC2CC2)CC1
SERDEXMETHYLPHENIDATE,CHEMBL4301162,COC(=O)[C@H](c1ccccc1)[C@H]1CCCCN1C(=O)OC[n+]1cccc(C(=O)N[C@@H](CO)C(=O)O)c1
BRILLIANT BLUE G FREE ACID,CHEMBL4301898,CCOc1ccc(Nc2ccc(/C(=C3/C=C/C(=[N+](/CC)Cc4cccc(S(=O)(=O)[O-])c4)C=C3C)c3ccc(N(CC)Cc4cccc(S(=O)(=O)O)c4)cc3C)cc2)cc1
MELPHALAN FLUFENAMIDE,CHEMBL4303060,CCOC(=O)[C@H](Cc1ccc(F)cc1)NC(=O)[C@@H](N)Cc1ccc(N(CCCl)CCCl)cc1
FRUQUINTINIB,CHEMBL4303214,CNC(=O)c1c(C)oc2cc(Oc3ncnc4cc(OC)c(OC)cc34)ccc12
CEFOTIAM HYDROCHLORIDE,CHEMBL4303232,CN(C)CCn1nnnc1SCC1=C(C(=O)O)N2C(=O)[C@@H](NC(=O)Cc3csc(N)n3)[C@H]2SC1.Cl.Cl
ABACAVIR SULFATE,CHEMBL4303288,Nc1nc(NC2CC2)c2ncn([C@H]3C=C[C@@H](CO)C3)c2n1.Nc1nc(NC2CC2)c2ncn([C@H]3C=C[C@@H](CO)C3)c2n1.O=S(=O)(O)O
DORIPENEM MONOHYDRATE,CHEMBL4303454,C[C@@H](O)[C@H]1C(=O)N2C(C(=O)O)=C(S[C@@H]3CN[C@H](CNS(N)(=O)=O)C3)[C@H](C)[C@H]12.O
OMAVELOXOLONE,CHEMBL4303525,CC1(C)CC[C@]2(NC(=O)C(C)(F)F)CC[C@]3(C)[C@H](C(=O)C=C4[C@@]5(C)C=C(C#N)C(=O)C(C)(C)[C@@H]5CC[C@]43C)[C@@H]2C1
ZOLEDRONIC ACID,CHEMBL4303669,O.O=P(O)(O)C(O)(Cn1ccnc1)P(=O)(O)O
DEUCRAVACITINIB,CHEMBL4435170,[2H]C([2H])([2H])NC(=O)c1nnc(NC(=O)C2CC2)cc1Nc1cccc(-c2ncn(C)n2)c1OC
ENMETAZOBACTAM,CHEMBL4458276,Cn1cc[n+](C[C@@]2(C)[C@H](C(=O)[O-])N3C(=O)C[C@H]3S2(=O)=O)n1
SOTORASIB,CHEMBL4535757,C=CC(=O)N1CCN(c2nc(=O)n(-c3c(C)ccnc3C(C)C)c3nc(-c4c(O)cccc4F)c(F)cc23)[C@@H](C)C1
LAZERTINIB,CHEMBL4558324,C=CC(=O)Nc1cc(Nc2nccc(-n3cc(CN(C)C)c(-c4ccccc4)n3)n2)c(OC)cc1N1CCOCC1
SELPERCATINIB,CHEMBL4559134,COc1ccc(CN2C3CC2CN(c2ccc(-c4cc(OCC(C)(C)O)cn5ncc(C#N)c45)cn2)C3)cn1
PRALSETINIB,CHEMBL4582651,CO[C@]1(C(=O)N[C@@H](C)c2ccc(-n3cc(F)cn3)nc2)CC[C@H](c2nc(C)cc(Nc3cc(C)[nH]n3)n2)CC1
BELZUTIFAN,CHEMBL4585668,CS(=O)(=O)c1ccc(Oc2cc(F)cc(C#N)c2)c2c1[C@H](O)[C@H](F)[C@@H]2F
CANAGLIFLOZIN,CHEMBL4594217,Cc1ccc([C@@H]2O[C@H](CO)[C@@H](O)[C@H](O)[C@H]2O)cc1Cc1ccc(-c2ccc(F)cc2)s1.O
IODOXAMATE MEGLUMINE,CHEMBL4594231,CNC[C@H](O)[C@@H](O)[C@H](O)[C@H](O)CO.CNC[C@H](O)[C@@H](O)[C@H](O)[C@H](O)CO.O=C(CCOCCOCCOCCOCCC(=O)Nc1c(I)cc(I)c(C(=O)O)c1I)Nc1c(I)cc(I)c(C(=O)O)c1I
SULOPENEM ETZADROXIL,CHEMBL4594246,CCC(CC)C(=O)OCOC(=O)C1=C(S[C@H]2CC[S+]([O-])C2)S[C@@H]2[C@@H]([C@@H](C)O)C(=O)N12
NETARSUDIL,CHEMBL4594250,Cc1ccc(C(=O)OCc2ccc([C@@H](CN)C(=O)Nc3ccc4cnccc4c3)cc2)c(C)c1
NETARSUDIL DIMESYLATE,CHEMBL4594251,CS(=O)(=O)O.CS(=O)(=O)O.Cc1ccc(C(=O)OCc2ccc([C@@H](CN)C(=O)Nc3ccc4cnccc4c3)cc2)c(C)c1
TAZEMETOSTAT HYDROBROMIDE,CHEMBL4594260,Br.CCN(c1cc(-c2ccc(CN3CCOCC3)cc2)cc(C(=O)NCc2c(C)cc(C)[nH]c2=O)c1C)C1CCOCC1
FLUOROESTRADIOL F-18,CHEMBL4594261,C[C@]12CC[C@@H]3c4ccc(O)cc4CC[C@H]3[C@@H]1C[C@@H]([18F])[C@@H]2O
AMLODIPINE BENZOATE,CHEMBL4594262,CCOC(=O)C1=C(COCCN)NC(C)=C(C(=O)OC)C1c1ccccc1Cl.O=C(O)c1ccccc1
ELACESTRANT HYDROCHLORIDE,CHEMBL4594273,CCNCCc1ccc(CN(CC)c2cc(OC)ccc2[C@@H]2CCc3cc(O)ccc3C2)cc1.Cl.Cl
GEFAPIXANT CITRATE,CHEMBL4594278,COc1cc(C(C)C)c(Oc2cnc(N)nc2N)cc1S(N)(=O)=O.O=C(O)CC(O)(CC(=O)O)C(=O)O
ENSIFENTRINE,CHEMBL4594287,COc1cc2c(cc1OC)-c1c/c(=N\c3c(C)cc(C)cc3C)n(CCNC(N)=O)c(=O)n1CC2
LEVAMLODIPINE MALEATE,CHEMBL4594288,CCOC(=O)C1=C(COCCN)NC(C)=C(C(=O)OC)[C@@H]1c1ccccc1Cl.O=C(O)/C=C\C(=O)O
TEPOTINIB HYDROCHLORIDE,CHEMBL4594292,CN1CCC(COc2cnc(-c3cccc(Cn4nc(-c5cccc(C#N)c5)ccc4=O)c3)nc2)CC1.Cl.O
ACALABRUTINIB MALEATE,CHEMBL4594293,CC#CC(=O)N1CCC[C@H]1c1nc(-c2ccc(C(=O)Nc3ccccn3)cc2)c2c(N)nccn12.O=C(O)/C=C\C(=O)O
FOSDENOPTERIN HYDROBROMIDE,CHEMBL4594300,Br.Nc1nc(=O)c2c([nH]1)N[C@@H]1O[C@@H]3COP(=O)(O)O[C@@H]3C(O)(O)[C@@H]1N2.O.O
REMIMAZOLAM BESYLATE,CHEMBL4594301,COC(=O)CC[C@@H]1N=C(c2ccccn2)c2cc(Br)ccc2-n2c(C)cnc21.O=S(=O)(O)c1ccccc1
ADAGRASIB,CHEMBL4594350,C=C(F)C(=O)N1CCN(c2nc(OC[C@@H]3CCCN3C)nc3c2CCN(c2cccc4cccc(Cl)c24)C3)C[C@@H]1CC#N
FOSLEVODOPA,CHEMBL4594379,N[C@@H](Cc1ccc(OP(=O)(O)O)c(O)c1)C(=O)O
DEURUXOLITINIB PHOSPHATE,CHEMBL4594382,O=P(O)(O)O.[2H]C1([2H])C([C@@H](CC#N)n2cc(-c3ncnc4[nH]ccc34)cn2)C([2H])([2H])C([2H])([2H])C1([2H])[2H]
PAFOLACIANINE SODIUM,CHEMBL4594383,CC1(C)C(/C=C/C2=C(Oc3ccc(C[C@H](NC(=O)c4ccc(NCc5cnc6nc(N)[nH]c(=O)c6n5)cc4)C(=O)[O-])cc3)/C(=C/C=C3\N(CCCCS(=O)(=O)[O-])c4ccc(S(=O)(=O)[O-])cc4C3(C)C)CCC2)=[N+](CCCCS(=O)(=O)[O-])c2ccc(S(=O)(=O)[O-])cc21.[Na+].[Na+].[Na+].[Na+]
CALCIUM OXYBATE,CHEMBL4594393,O=C([O-])CCCO.O=C([O-])CCCO.[Ca+2]
MAGNESIUM OXYBATE,CHEMBL4594394,O=C([O-])CCCO.O=C([O-])CCCO.[Mg+2]
POTASSIUM OXYBATE,CHEMBL4594395,O=C([O-])CCCO.[K+]
"XENON XE-129, HYPERPOLARIZED",CHEMBL4594411,[129Xe]
LENACAPAVIR,CHEMBL4594438,CC(C)(C#Cc1ccc(-c2ccc(Cl)c3c(NS(C)(=O)=O)nn(CC(F)(F)F)c23)c([C@H](Cc2cc(F)cc(F)c2)NC(=O)Cn2nc(C(F)(F)F)c3c2C(F)(F)[C@@H]2C[C@H]32)n1)S(C)(=O)=O
IPTACOPAN,CHEMBL4594448,CCO[C@H]1CCN(Cc2c(OC)cc(C)c3[nH]ccc23)[C@H](c2ccc(C(=O)O)cc2)C1
CRAVACITINIB,CHEMBL4596392,CNC(=O)c1nnc(NC(=O)C2CC2)cc1Nc1cccc(-c2ncn(C)n2)c1OC
INAVOLISIB,CHEMBL4650215,C[C@H](Nc1ccc2c(c1)OCCn1cc(N3C(=O)OC[C@H]3C(F)F)nc1-2)C(N)=O
DARIDOREXANT HYDROCHLORIDE,CHEMBL4650216,COc1ccc(-n2nccn2)c(C(=O)N2CCC[C@@]2(C)c2nc3c(C)c(Cl)ccc3[nH]2)c1.Cl
ZAVEGEPANT HYDROCHLORIDE,CHEMBL4650220,Cc1cc(C[C@@H](NC(=O)N2CCC(c3cc4ccccc4[nH]c3=O)CC2)C(=O)N2CCN(C3CCN(C)CC3)CC2)cc2cn[nH]c12.Cl
ACORAMIDIS HYDROCHLORIDE,CHEMBL4650226,Cc1n[nH]c(C)c1CCCOc1cc(C(=O)O)ccc1F.Cl
TRILACICLIB DIHYDROCHLORIDE,CHEMBL4650272,CN1CCN(c2ccc(Nc3ncc4cc5n(c4n3)C3(CCCCC3)CNC5=O)nc2)CC1.Cl.Cl
MOBOCERTINIB,CHEMBL4650319,C=CC(=O)Nc1cc(Nc2ncc(C(=O)OC(C)C)c(-c3cn(C)c4ccccc34)n2)c(OC)cc1N(C)CCN(C)C
PIRTOBRUTINIB,CHEMBL4650485,COc1ccc(F)cc1C(=O)NCc1ccc(-c2nn([C@@H](C)C(F)(F)F)c(N)c2C(N)=O)cc1
REVUMENIB,CHEMBL4650827,CCN(C(=O)c1cc(F)ccc1Oc1cncnc1N1CC2(CCN(C[C@H]3CC[C@H](NS(=O)(=O)CC)CC3)CC2)C1)C(C)C
BELUMOSUDIL MESYLATE,CHEMBL4802130,CC(C)NC(=O)COc1cccc(-c2nc(Nc3ccc4[nH]ncc4c3)c3ccccc3n2)c1.CS(=O)(=O)O
NIRMATRELVIR,CHEMBL4802135,CC(C)(C)[C@H](NC(=O)C(F)(F)F)C(=O)N1C[C@H]2[C@@H]([C@H]1C(=O)N[C@H](C#N)C[C@@H]1CCNC1=O)C2(C)C
MOBOCERTINIB SUCCINATE,CHEMBL4802239,C=CC(=O)Nc1cc(Nc2ncc(C(=O)OC(C)C)c(-c3cn(C)c4ccccc34)n2)c(OC)cc1N(C)CCN(C)C.O=C(O)CCC(=O)O
FOSCARBIDOPA,CHEMBL4802240,C[C@@](Cc1ccc(OP(=O)(O)O)c(O)c1)(NN)C(=O)O
LENACAPAVIR SODIUM,CHEMBL4802249,CC(C)(C#Cc1ccc(-c2ccc(Cl)c3c([N-]S(C)(=O)=O)nn(CC(F)(F)F)c23)c([C@H](Cc2cc(F)cc(F)c2)NC(=O)Cn2nc(C(F)(F)F)c3c2C(F)(F)[C@@H]2C[C@H]32)n1)S(C)(=O)=O.[Na+]
GALLIUM GA 68 GOZETOTIDE,CHEMBL5095039,O=C([O-])CN(CCN(CC(=O)[O-])Cc1cc(CCC(=O)NCCCCCC(=O)NCCCC[C@H](NC(=O)N[C@@H](CCC(=O)O)C(=O)O)C(=O)O)ccc1[O-])Cc1cc(CCC(=O)O)ccc1[O-].[68Ga+3].[OH3+]
AMPHETAMINE ASPARTATE/DEXTROAMPHETAMINE SULFATE,CHEMBL5095048,CC(N)Cc1ccccc1.C[C@H](N)Cc1ccccc1.C[C@H](N)Cc1ccccc1.NC(CC(=O)O)C(=O)O.O=S(=O)(O)O
PACRITINIB CITRATE,CHEMBL5095049,C1=C/COCc2cc(ccc2OCCN2CCCC2)Nc2nccc(n2)-c2cccc(c2)COC/1.O=C(O)CC(O)(CC(=O)O)C(=O)O
FINGOLIMOD LAURYL SULFATE,CHEMBL5095050,CCCCCCCCCCCCOS(=O)(=O)O.CCCCCCCCc1ccc(CCC(N)(CO)CO)cc1
VENLAFAXINE BESYLATE,CHEMBL5095051,COc1ccc(C(CN(C)C)C2(O)CCCCC2)cc1.O=S(=O)(O)c1ccccc1
BENZGALANTAMINE,CHEMBL5095056,COc1ccc2c3c1O[C@H]1C[C@@H](OC(=O)c4ccccc4)C=C[C@@]31CCN(C)C2
IPTACOPAN HYDROCHLORIDE,CHEMBL5095401,CCO[C@H]1CCN(Cc2c(OC)cc(C)c3[nH]ccc23)[C@H](c2ccc(C(=O)O)cc2)C1.Cl.O
TRIENTINE TETRAHYDROCHLORIDE,CHEMBL5095420,Cl.Cl.Cl.Cl.NCCNCCNCCN
AMPHETAMINE/DEXTROAMPHETAMINE,CHEMBL5095505,CC(N)Cc1ccccc1.C[C@H](N)Cc1ccccc1.C[C@H](N)Cc1ccccc1
BEROTRALSTAT,CHEMBL5189739,N#Cc1cccc([C@@H](NCC2CC2)c2ccc(F)c(NC(=O)c3cc(C(F)(F)F)nn3-c3cccc(CN)c3)c2)c1
ENTECAVIR,CHEMBL5314362,C=C1[C@H](CO)[C@@H](O)C[C@@H]1n1cnc2c(=O)[nH]c(N)nc21.O
MONENSIN SODIUM,CHEMBL5314365,CC[C@@]1([C@H]2O[C@H]([C@H]3O[C@@](O)(CO)[C@H](C)C[C@@H]3C)C[C@H]2C)CC[C@H]([C@@]2(C)CC[C@]3(C[C@H](O)[C@@H](C)[C@@H]([C@H](C)[C@H](OC)[C@@H](C)C(=O)[O-])O3)O2)O1.[Na+]
ESOMEPRAZOLE MAGNESIUM,CHEMBL5314366,COc1ccc2[nH]c([S@@+]([O-])Cc3ncc(C)c(OC)c3C)nc2c1.COc1ccc2[nH]c([S@@+]([O-])Cc3ncc(C)c(OC)c3C)nc2c1.O.O.O.[Mg+2]
"CEFPROZIL, (E)-",CHEMBL5314373,C/C=C/C1=C(C(=O)O)N2C(=O)[C@@H](NC(=O)[C@H](N)c3ccc(O)cc3)[C@H]2SC1.O
CIDOFOVIR,CHEMBL5314375,Nc1ccn(C[C@@H](CO)OCP(=O)(O)O)c(=O)n1.O.O
CASPOFUNGIN ACETATE,CHEMBL5314378,CC(=O)O.CC(=O)O.CC[C@H](C)C[C@H](C)CCCCCCCCC(=O)N[C@H]1C[C@@H](O)[C@@H](NCCN)NC(=O)[C@@H]2[C@@H](O)CCN2C(=O)[C@H]([C@H](O)CCN)NC(=O)[C@H]([C@H](O)[C@@H](O)c2ccc(O)cc2)NC(=O)[C@@H]2C[C@@H](O)CN2C(=O)[C@H]([C@@H](C)O)NC1=O
PERFLUOROHEXYLOCTANE,CHEMBL5314588,CCCCCCCCC(F)(F)C(F)(F)C(F)(F)C(F)(F)C(F)(F)C(F)(F)F
TIRABRUTINIB HYDROCHLORIDE,CHEMBL5314600,CC#CC(=O)N1CC[C@@H](n2c(=O)n(-c3ccc(Oc4ccccc4)cc3)c3c(N)ncnc32)C1.Cl
RITLECITINIB TOSYLATE,CHEMBL5314649,C=CC(=O)N1C[C@H](Nc2ncnc3[nH]ccc23)CC[C@@H]1C.Cc1ccc(S(=O)(=O)O)cc1
VANZACAFTOR,CHEMBL5314934,CC1(C)C[C@@H]2CCCNc3cccc(n3)S(=O)(=O)NC(=O)c3ccc(-n4ccc(OCCC5C6(CC6)C56CC6)n4)nc3N1C2
SITAGLIPTIN FUMARATE,CHEMBL5315049,N[C@@H](CC(=O)N1CCn2c(nnc2C(F)(F)F)C1)Cc1cc(F)c(F)cc1F.O=C(O)/C=C\C(=O)O
PEMETREXED MONOHYDRATE,CHEMBL5315053,Nc1nc2[nH]cc(CCc3ccc(C(=O)N[C@@H](CCC(=O)O)C(=O)O)cc3)c2c(=O)[nH]1.O
ERTUGLIFLOZIN PIDOLATE,CHEMBL5315054,CCOc1ccc(Cc2cc([C@]34OC[C@](CO)(O3)[C@@H](O)[C@H](O)[C@H]4O)ccc2Cl)cc1.O=C1CC[C@@H](C(=O)O)N1
NALMEFENE HYDROCHLORIDE DIHYDRATE,CHEMBL5315055,C=C1CC[C@@]2(O)[C@H]3Cc4ccc(O)c5c4[C@@]2(CCN3CC2CC2)[C@H]1O5.Cl.O.O
NALOXONE HYDROCHLORIDE DIHYDRATE,CHEMBL5315056,C=CCN1CC[C@]23c4c5ccc(O)c4O[C@H]2C(=O)CC[C@@]3(O)[C@H]1C5.Cl.O.O
ZANAMIVIR HYDRATE,CHEMBL5315117,CC(=O)N[C@H]1[C@H]([C@H](O)[C@H](O)CO)OC(C(=O)O)=C[C@@H]1NC(=N)N.O
ILOPROST TROMETHAMINE,CHEMBL5315118,CC#CCC(C)[C@H](O)/C=C/[C@@H]1[C@H]2C/C(=C/CCCC(=O)O)C[C@H]2C[C@H]1O.NC(CO)(CO)CO
UPADACITINIB HEMIHYDRATE,CHEMBL5315119,CC[C@@H]1CN(C(=O)NCC(F)(F)F)C[C@@H]1c1cnc2cnc3[nH]ccc3n12.CC[C@@H]1CN(C(=O)NCC(F)(F)F)C[C@@H]1c1cnc2cnc3[nH]ccc3n12.O
ODEVIXIBAT SESQUIHYDRATE,CHEMBL5315120,CCCCC1(CCCC)CN(c2ccccc2)c2cc(SC)c(OCC(=O)N[C@@H](C(=O)N[C@@H](CC)C(=O)O)c3ccc(O)cc3)cc2S(=O)(=O)N1.CCCCC1(CCCC)CN(c2ccccc2)c2cc(SC)c(OCC(=O)N[C@@H](C(=O)N[C@@H](CC)C(=O)O)c3ccc(O)cc3)cc2S(=O)(=O)N1.O.O.O
TECOVIRIMAT MONOHYDRATE,CHEMBL5315121,O.O=C(NN1C(=O)[C@@H]2[C@@H]3C=C[C@@H]([C@H]4C[C@@H]34)[C@@H]2C1=O)c1ccc(C(F)(F)F)cc1
BORTEZOMIB D-MANNITOL,CHEMBL5315122,CC(C)C[C@H](NC(=O)[C@H](Cc1ccccc1)NC(=O)c1cnccn1)B1O[C@H]([C@H](O)CO)[C@@H]([C@H](O)CO)O1
LEVOFLOXACIN,CHEMBL5315124,C[C@H]1COc2c(N3CCN(C)CC3)c(F)cc3c(=O)c(C(=O)O)cn1c23.C[C@H]1COc2c(N3CCN(C)CC3)c(F)cc3c(=O)c(C(=O)O)cn1c23.O
DUVELISIB MONOHYDRATE,CHEMBL5315125,C[C@H](Nc1ncnc2nc[nH]c12)c1cc2cccc(Cl)c2c(=O)n1-c1ccccc1.O
DASATINIB,CHEMBL5416410,Cc1nc(Nc2ncc(C(=O)Nc3c(C)cccc3Cl)s2)cc(N2CCN(CCO)CC2)n1.O
ARSENIC TRIOXIDE,CHEMBL5483015,O=[As][As+](=O)[O-]
ELIGLUSTAT TARTRATE,CHEMBL5723563,CCCCCCCC(=O)N[C@H](CN1CCCC1)[C@H](O)c1ccc2c(c1)OCCO2.CCCCCCCC(=O)N[C@H](CN1CCCC1)[C@H](O)c1ccc2c(c1)OCCO2.O=C(O)[C@H](O)[C@@H](O)C(=O)O
CODEINE PHOSPHATE,CHEMBL6067642,COc1ccc2c3c1O[C@H]1[C@@H](O)C=C[C@H]4[C@@H](C2)N(C)CC[C@@]341.COc1ccc2c3c1O[C@H]1[C@@H](O)C=C[C@H]4[C@@H](C2)N(C)CC[C@@]341.O.O=P(O)(O)O.O=P(O)(O)O
PAROXETINE HYDROCHLORIDE,CHEMBL6067650,Cl.Cl.Fc1ccc([C@@H]2CCNC[C@H]2COc2ccc3c(c2)OCO3)cc1.Fc1ccc([C@@H]2CCNC[C@H]2COc2ccc3c(c2)OCO3)cc1.O
CEFTRIAXONE SODIUM,CHEMBL6067656,CO/N=C(\C(=O)N[C@@H]1C(=O)N2C(C(=O)[O-])=C(CSc3nc(=O)c([O-])nn3C)CS[C@H]12)c1csc(N)n1.CO/N=C(\C(=O)N[C@@H]1C(=O)N2C(C(=O)[O-])=C(CSc3nc(=O)c([O-])nn3C)CS[C@H]12)c1csc(N)n1.O.O.O.O.O.O.O.[Na+].[Na+].[Na+].[Na+]
VARENICLINE TARTRATE,CHEMBL6067972,O=C(O)[C@H](O)[C@@H](O)C(=O)O.c1cnc2cc3c(cc2n1)[C@@H]1CNC[C@H]3C1
RASAGILINE TARTRATE,CHEMBL6067988,C#CCN[C@@H]1CCc2ccccc21.C#CCN[C@@H]1CCc2ccccc21.O=C(O)[C@H](O)[C@@H](O)C(=O)O
BEROTRALSTAT HYDROCHLORIDE,CHEMBL6067995,Cl.Cl.N#Cc1cccc([C@@H](NCC2CC2)c2ccc(F)c(NC(=O)c3cc(C(F)(F)F)nn3-c3cccc(CN)c3)c2)c1
LASOFOXIFENE TARTRATE,CHEMBL6067998,O=C(O)C(O)C(O)C(=O)O.Oc1ccc2c(c1)CC[C@H](c1ccccc1)[C@@H]2c1ccc(OCCN2CCCC2)cc1
ACETYLCYSTEINE LYSINE,CHEMBL6068327,CC(=O)N[C@@H](CS)C(=O)O.NCCCC[C@H](N)C(=O)O
ELTROMBOPAG CHOLINE,CHEMBL6068328,CC1=NN(c2ccc(C)c(C)c2)C(=O)/C1=N\Nc1cccc(-c2cccc(C(=O)[O-])c2)c1O.C[N+](C)(C)CCO
PEMETREXED DIPOTASSIUM,CHEMBL6068329,Nc1nc2[nH]cc(CCc3ccc(C(=O)N[C@@H](CCC(=O)[O-])C(=O)[O-])cc3)c2c(=O)[nH]1.[K+].[K+]
TENOFOVIR DISOPROXIL MALEATE,CHEMBL6068332,CC(C)OC(=O)OCOP(=O)(CO[C@H](C)Cn1cnc2c(N)ncnc21)OCOC(=O)OC(C)C.O=C(O)/C=C\C(=O)O
CLOPIDOGREL BESILATE,CHEMBL6068333,COC(=O)[C@H](c1ccccc1Cl)N1CCc2sccc2C1.O=S(=O)(O)c1ccccc1
SITAGLIPTIN HYDROCHLORIDE MONOHYDRATE,CHEMBL6068334,Cl.N[C@@H](CC(=O)N1CCn2c(nnc2C(F)(F)F)C1)Cc1cc(F)c(F)cc1F.O
PEMETREXED DISODIUM HEMIPENTAHYDRATE,CHEMBL6068335,Nc1nc2[nH]cc(CCc3ccc(C(=O)N[C@@H](CCC(=O)[O-])C(=O)[O-])cc3)c2c(=O)[nH]1.Nc1nc2[nH]cc(CCc3ccc(C(=O)N[C@@H](CCC(=O)[O-])C(=O)[O-])cc3)c2c(=O)[nH]1.O.O.O.O.O.[Na+].[Na+].[Na+].[Na+]
MOMELOTINIB DIHYDROCHLORIDE MONOHYDRATE,CHEMBL6068336,Cl.Cl.N#CCNC(=O)c1ccc(-c2ccnc(Nc3ccc(N4CCOCC4)cc3)n2)cc1.O
LENALIDOMIDE HYDROCHLORIDE MONOHYDRATE,CHEMBL6068337,Cl.Nc1cccc2c1CN(C1CCC(=O)NC1=O)C2=O.O
CLOPIDOGREL HYDROCHLORIDE,CHEMBL6068338,COC(=O)[C@H](c1ccccc1Cl)N1CCc2sccc2C1.Cl
IRBESARTAN HYDROCHLORIDE,CHEMBL6068339,CCCCC1=NC2(CCCC2)C(=O)N1Cc1ccc(-c2ccccc2-c2nnn[nH]2)cc1.Cl
PRASUGREL BESYLATE,CHEMBL6068340,CC(=O)Oc1cc2c(s1)CCN(C(C(=O)C1CC1)c1ccccc1F)C2.O=S(=O)(O)c1ccccc1
TENOFOVIR DISOPROXIL PHOSPHATE,CHEMBL6068341,CC(C)OC(=O)OCOP(=O)(CO[C@H](C)Cn1cnc2c(N)ncnc21)OCOC(=O)OC(C)C.O=P(O)(O)O
CLOPIDOGREL HYDROBROMIDE,CHEMBL6068343,Br.COC(=O)[C@H](c1ccccc1Cl)N1CCc2sccc2C1
REVUMENIB CITRATE,CHEMBL6068395,CCN(C(=O)c1cc(F)ccc1Oc1cncnc1N1CC2(CCN(C[C@H]3CC[C@H](NS(=O)(=O)CC)CC3)CC2)C1)C(C)C.O.O=C(O)CC(O)(CC(=O)O)C(=O)O
GIVINOSTAT HYDROCHLORIDE,CHEMBL6068400,CCN(CC)Cc1ccc2cc(COC(=O)Nc3ccc(C(=O)NO)cc3)ccc2c1.Cl.O
ESTETROL,CHEMBL6068423,C[C@]12CC[C@@H]3c4ccc(O)cc4CC[C@H]3[C@@H]1[C@@H](O)[C@@H](O)[C@@H]2O.O
BENZGALANTAMINE GLUCONATE,CHEMBL6068431,COc1ccc2c3c1O[C@H]1C[C@@H](OC(=O)c4ccccc4)C=C[C@@]31CCN(C)C2.O=C(O)C(O)C(O)C(O)C(O)CO
LAZERTINIB MESYLATE,CHEMBL6068478,C=CC(=O)Nc1cc(Nc2nccc(-n3cc(CN(C)C)c(-c4ccccc4)n3)n2)c(OC)cc1N1CCOCC1.CS(=O)(=O)O.O
