ligand,motivo,n_atomos,tipos
ALCAFTADINE,"tipo_invalido:CG,G0",25,"A,C,CG,G0,N,NA,OA"
AMDINOCILLIN PIVOXIL,"tipo_invalido:CG,G0",32,"C,CG,G0,N,NA,OA,SA"
AMDINOCILLIN,"tipo_invalido:CG,G0",25,"C,CG,G0,HD,N,NA,OA,SA"
AMINEPTINE,"tipo_invalido:CG,G0",29,"A,C,CG,G0,HD,NA,OA"
AMITRIPTYLINE,"tipo_invalido:CG,G0",23,"A,C,CG,G0,NA"
ANIDULAFUNGIN,"tipo_invalido:CG,G0",98,"A,C,CG,G0,HD,N,OA"
ARTENIMOL,"tipo_invalido:CG,G0",23,"C,CG,G0,HD,OA"
ARTESUNATE,"tipo_invalido:CG,G0",30,"C,CG,G0,HD,OA"
AZATADINE,"tipo_invalido:CG,G0",24,"A,C,CG,G0,NA"
AZELASTINE,"tipo_invalido:CG,G0",29,"A,C,CG,Cl,G0,N,NA,OA"
AZITHROMYCIN,"tipo_invalido:CG,G0",59,"C,CG,G0,HD,NA,OA"
BAZEDOXIFENE,"tipo_invalido:CG,G0",39,"A,C,CG,G0,HD,N,NA,OA"
BENAZEPRIL,"tipo_invalido:CG,G0",35,"A,C,CG,G0,HD,N,NA,OA"
BENZGALANTAMINE,"tipo_invalido:CG,G0",31,"A,C,CG,G0,NA,OA"
BESIFLOXACIN,"tipo_invalido:CG,G0",32,"A,C,CG,Cl,F,G0,HD,N,NA,OA"
BLONANSERIN,"tipo_invalido:CG,G0",29,"A,C,CG,F,G0,N,NA"
BORTEZOMIB D-MANNITOL,tipo_invalido:B,44,"A,B,C,HD,N,NA,OA"
BORTEZOMIB,tipo_invalido:B,32,"A,B,C,HD,N,NA,OA"
BROMAZEPAM,"tipo_invalido:CG,G0",22,"A,Br,C,CG,G0,HD,N,NA,OA"
BUTRIPTYLINE,"tipo_invalido:CG,G0",24,"A,C,CG,G0,NA"
CABAZITAXEL,"tipo_invalido:CG,G0",65,"A,C,CG,G0,HD,N,OA"
CASPOFUNGIN,"tipo_invalido:CG,G0",97,"A,C,CG,G0,HD,N,NA,OA"
CHEMBL1076399,"tipo_invalido:CG,G0,G1",114,"A,C,CG,G0,G1,HD,N,NA,OA,SA"
CHEMBL1076737,"tipo_invalido:CG,G0,G1",78,"A,C,CG,G0,G1,HD,N,NA,OA"
CHEMBL1163515,fallo_empirico_4_proteinas,25,"C,HD,N,NA,OA"
CHEMBL1163516,fallo_empirico_4_proteinas,23,"Br,C,HD,NA,OA"
CHEMBL1163517,fallo_empirico_4_proteinas,24,"C,HD,NA,OA"
CHEMBL1163525,fallo_empirico_4_proteinas,32,"A,C,Cl,HD,N,NA,OA"
CHEMBL1163527,fallo_empirico_4_proteinas,32,"A,C,Cl,HD,N,NA,OA"
CHEMBL1163558,fallo_empirico_4_proteinas,16,"A,C,I,N"
CHEMBL1163561,fallo_empirico_4_proteinas,38,"A,C,HD,N,OA,S"
CHEMBL1163563,fallo_empirico_4_proteinas,16,"A,Br,C,I,N,S"
CHEMBL1163578,fallo_empirico_4_proteinas,21,"A,C,I,N,S"
CHEMBL1163579,fallo_empirico_4_proteinas,32,"C,Cl,HD,NA,OA"
CHEMBL1163580,fallo_empirico_4_proteinas,32,"C,Cl,HD,NA,OA"
CHEMBL1163583,fallo_empirico_4_proteinas,31,"C,Cl,HD,NA,OA"
CHEMBL1163586,fallo_empirico_4_proteinas,33,"C,Cl,HD,NA,OA"
CHEMBL1163587,fallo_empirico_4_proteinas,33,"C,Cl,HD,NA,OA"
CHEMBL1163589,fallo_empirico_4_proteinas,34,"C,Cl,HD,NA,OA"
CHEMBL1163611,fallo_empirico_4_proteinas,24,"A,C,HD,I,NA,S"
CHEMBL1205635,"tipo_invalido:CG,G0",33,"A,C,CG,G0,HD,N,OA,S"
CHEMBL1206253,"tipo_invalido:CG,G0",79,"A,C,CG,G0,HD,N,OA,P"
CHEMBL1206329,"tipo_invalido:CG,G0",36,"A,C,CG,Cl,G0,HD,NA,OA,S"
CHEMBL1206340,"tipo_invalido:CG,G0",73,"A,C,CG,G0,HD,N,OA,P"
CHEMBL1206349,fallo_empirico_4_proteinas,168,"C,HD,OA,SA"
CHEMBL1206355,"tipo_invalido:CG,G0",87,"A,C,CG,G0,HD,N,OA,P"
CHEMBL1206455,fallo_empirico_4_proteinas,57,"C,HD,N,OA,SA"
CHEMBL1206482,"tipo_invalido:CG,G0",37,"A,C,CG,G0,HD,N,NA,OA,S"
CHEMBL1206570,"tipo_invalido:CG,G0",28,"A,C,CG,G0,HD,N,NA,OA"
CHEMBL1206619,"tipo_invalido:CG,G0",26,"A,C,CG,G0,HD,N,NA,OA"
CHEMBL1206625,"tipo_invalido:CG,G0",28,"A,C,CG,G0,HD,N,NA,OA"
CHEMBL1206641,"tipo_invalido:CG,G0",28,"A,C,CG,G0,HD,N,NA,OA"
CHEMBL1206645,"tipo_invalido:CG,G0",62,"A,C,CG,G0,HD,N,NA,OA"
CHEMBL1206687,"tipo_invalido:CG,G0",37,"A,C,CG,Cl,G0,HD,N,NA,OA,SA"
CHEMBL1206688,"tipo_invalido:CG,G0",37,"A,C,CG,Cl,G0,HD,N,NA,OA"
CHEMBL1206694,"tipo_invalido:CG,G0",36,"A,C,CG,G0,HD,N,NA,OA"
CHEMBL1206700,"tipo_invalido:CG,G0",37,"A,C,CG,Cl,G0,HD,N,OA,S"
CHEMBL1206702,"tipo_invalido:CG,G0",36,"A,C,CG,Cl,G0,HD,N,OA,S"
CHEMBL1206726,"tipo_invalido:CG,G0",56,"A,C,CG,Cl,G0,HD,N,NA,OA"
CHEMBL1206729,"tipo_invalido:CG,G0",34,"A,C,CG,G0,HD,N,OA,P"
CHEMBL1206782,"tipo_invalido:CG,G0",27,"A,C,CG,G0,HD,N,OA"
CHEMBL1206793,"tipo_invalido:CG,G0",58,"A,C,CG,G0,HD,N,OA,P"
CHEMBL1206871,"tipo_invalido:CG,G0",42,"A,C,CG,F,G0,HD,NA,OA,P"
CHEMBL1206913,fallo_empirico_4_proteinas,54,"C,HD,N,OA,SA"
CHEMBL1206940,"tipo_invalido:CG,G0",19,"C,CG,G0,HD,OA"
CHEMBL1206946,"tipo_invalido:CG,G0",24,"C,CG,G0,HD,OA,S"
CHEMBL1206947,"tipo_invalido:CG,G0",42,"A,C,CG,F,G0,HD,NA,OA,P"
CHEMBL1206998,fallo_empirico_4_proteinas,71,"C,HD,N,OA,SA"
CHEMBL1207007,"tipo_invalido:CG,G0",37,"A,C,CG,F,G0,HD,N,NA,OA"
CHEMBL1207215,"tipo_invalido:CG,G0",56,"C,CG,G0,HD,NA,OA"
CHEMBL1207285,"tipo_invalido:CG,G0",76,"A,C,CG,G0,HD,N,OA"
CHEMBL1207297,"tipo_invalido:CG,G0",44,"A,C,CG,F,G0,HD,N,OA"
CHEMBL1207357,"tipo_invalido:CG,G0",93,"A,C,CG,G0,HD,N,OA,S"
CHEMBL1207498,"tipo_invalido:CG,G0,G1,G2",122,"A,C,CG,G0,G1,G2,HD,N,NA,OA,S,SA"
CHEMBL1207507,fallo_empirico_4_proteinas,129,"C,HD,NA,OA,S"
CHEMBL1207689,"tipo_invalido:CG,G0",35,"A,C,CG,Cl,G0,HD,N,OA,S"
CHEMBL1207702,"tipo_invalido:CG,G0",40,"A,C,CG,F,G0,HD,NA,OA,S"
CHEMBL1207705,"tipo_invalido:CG,G0",28,"A,C,CG,G0,HD,N,NA,OA"
CHEMBL1207752,"tipo_invalido:CG,G0",78,"A,C,CG,G0,HD,N,OA,P"
CHEMBL1207779,"tipo_invalido:CG,G0",94,"A,C,CG,G0,HD,N,OA,S"
CHEMBL1207834,"tipo_invalido:CG,G0",55,"A,C,CG,G0,HD,OA,S"
CHEMBL1207905,"tipo_invalido:CG,G0",53,"A,C,CG,G0,HD,OA,S"
CHEMBL1207961,"tipo_invalido:CG,G0",62,"A,Br,C,CG,G0,HD,N,NA,OA,S"
CHEMBL1208056,"tipo_invalido:CG,G0",39,"A,C,CG,G0,HD,N,OA,P,SA"
CHEMBL1208222,"tipo_invalido:CG,G0",51,"A,C,CG,G0,HD,OA,S"
CHEMBL1208622,"tipo_invalido:CG,G0",37,"A,C,CG,G0,HD,N,OA,S"
CHEMBL1208628,"tipo_invalido:CG,G0",35,"A,C,CG,G0,HD,N,OA,S"
CHEMBL1209679,tipo_invalido:B,12,"A,B,Cl,HD,OA"
CHEMBL1210704,"tipo_invalido:CG,G0",35,"A,C,CG,G0,HD,N,NA,OA"
CHEMBL1210705,"tipo_invalido:CG,G0",34,"A,Br,C,CG,G0,HD,N,NA,OA"
CHEMBL1210706,"tipo_invalido:CG,G0",34,"A,C,CG,F,G0,HD,N,NA,OA"
CHEMBL1237048,fallo_empirico_4_proteinas,56,"C,HD,NA,OA,S"
CHEMBL1237055,fallo_empirico_4_proteinas,24,"A,C,Cl,HD,NA,OA"
CHEMBL1237065,fallo_empirico_4_proteinas,22,"A,C,Cl,HD,NA,OA"
CHEMBL1237066,tipo_invalido:Ca,43,"C,Ca,HD,OA"
CHEMBL1237068,fallo_empirico_4_proteinas,34,"C,HD,OA"
CHEMBL1237080,fallo_empirico_4_proteinas,26,"A,C,Cl,HD,N,NA,OA"
CHEMBL1237082,fallo_empirico_4_proteinas,15,"C,Cl,HD,NA"
CHEMBL1237102,fallo_empirico_4_proteinas,34,"A,C,Cl,F,HD,NA,OA"
CHEMBL1237104,fallo_empirico_4_proteinas,27,"A,C,Cl,HD,NA,OA"
CHEMBL1237108,fallo_empirico_4_proteinas,26,"A,Br,C,HD,N,OA"
CHEMBL1242326,"tipo_invalido:CG,G0",28,"A,C,CG,G0,HD,NA,OA"
CHEMBL1242327,"tipo_invalido:CG,G0",24,"C,CG,G0,HD,N,OA"
CHEMBL1242374,"tipo_invalido:CG,G0",43,"C,CG,G0,HD,OA"
CHEMBL1242418,"tipo_invalido:CG,G0",23,"C,CG,G0,NA,OA"
CHEMBL1242465,"tipo_invalido:CG,G0",33,"A,C,CG,G0,HD,N,NA,OA"
CHEMBL1242467,"tipo_invalido:CG,G0",42,"C,CG,G0,HD,OA"
CHEMBL1242564,"tipo_invalido:CG,G0",45,"C,CG,G0,HD,OA"
CHEMBL1242632,"tipo_invalido:CG,G0",37,"A,C,CG,G0,N,NA,OA"
CHEMBL1242633,"tipo_invalido:CG,G0",37,"A,C,CG,G0,N,NA,OA"
CHEMBL1242646,"tipo_invalido:CG,G0",56,"C,CG,G0,HD,N,NA,OA"
CHEMBL1242650,"tipo_invalido:CG,G0",31,"A,C,CG,G0,HD,N,NA,OA,S"
CHEMBL1242654,"tipo_invalido:CG,G0",45,"C,CG,G0,HD,OA"
CHEMBL1242745,"tipo_invalido:CG,G0",43,"C,CG,G0,HD,OA"
CHEMBL1242750,"tipo_invalido:CG,G0",30,"A,C,CG,F,G0,HD,N,NA,OA"
CHEMBL1242825,tipo_invalido:Si,39,"A,Br,C,OA,Si"
CHEMBL1242841,"tipo_invalido:CG,G0",41,"C,CG,G0,HD,OA"
CHEMBL1242929,"tipo_invalido:CG,G0",40,"A,C,CG,G0,HD,N,OA,SA"
CHEMBL1242934,"tipo_invalido:CG,G0",34,"A,C,CG,G0,HD,N,NA,OA,S,SA"
CHEMBL1242935,"tipo_invalido:CG,G0",49,"A,C,CG,G0,HD,N,OA"
CHEMBL1242955,"tipo_invalido:CG,G0",40,"A,C,CG,G0,HD,N,OA,SA"
CHEMBL1242956,"tipo_invalido:CG,G0",33,"C,CG,G0,N,OA,SA"
CHEMBL1242963,"tipo_invalido:CG,G0",49,"A,C,CG,G0,HD,N,OA"
CHEMBL1242982,"tipo_invalido:CG,G0",34,"C,CG,G0,N,OA,SA"
CHEMBL1242983,"tipo_invalido:CG,G0",37,"C,CG,G0,N,OA,SA"
CHEMBL1242989,"tipo_invalido:CG,G0",42,"A,C,CG,G0,HD,N,NA,OA,S,SA"
CHEMBL1242990,"tipo_invalido:CG,G0",49,"A,C,CG,G0,HD,N,OA"
CHEMBL1243014,"tipo_invalido:CG,G0",37,"C,CG,G0,HD,N,OA,SA"
CHEMBL1243022,"tipo_invalido:CG,G0",34,"A,C,CG,G0,HD,N,NA,OA,S,SA"
CHEMBL1243029,"tipo_invalido:CG,G0",36,"A,C,CG,G0,HD,OA"
CHEMBL1243030,"tipo_invalido:CG,G0",36,"A,C,CG,G0,OA"
CHEMBL1243047,"tipo_invalido:CG,G0",39,"A,C,CG,G0,N,OA,SA"
CHEMBL1243062,"tipo_invalido:CG,G0",36,"A,C,CG,G0,OA"
CHEMBL1243063,"tipo_invalido:CG,G0",36,"A,C,CG,G0,HD,OA"
CHEMBL1243079,"tipo_invalido:CG,G0",40,"A,C,CG,G0,N,OA,SA"
CHEMBL1243080,"tipo_invalido:CG,G0",34,"C,CG,G0,HD,N,OA,SA"
CHEMBL1243114,"tipo_invalido:CG,G0",39,"A,C,CG,G0,HD,N,OA,SA"
CHEMBL1243115,"tipo_invalido:CG,G0",35,"C,CG,G0,HD,N,OA,SA"
CHEMBL1243123,"tipo_invalido:CG,G0",39,"C,CG,G0,HD,NA,OA,S"
CHEMBL1243149,"tipo_invalido:CG,G0",37,"A,C,CG,G0,HD,N,NA,OA"
CHEMBL1243179,"tipo_invalido:CG,G0,G1",38,"C,CG,G0,G1,HD,N,NA,OA"
CHEMBL1243184,tipo_invalido:B,31,"A,B,C,HD,N,OA"
CHEMBL1243337,"tipo_invalido:CG,G0",37,"A,C,CG,G0,HD,N,NA,OA,S,SA"
CHEMBL1243370,"tipo_invalido:CG,G0",49,"A,C,CG,G0,HD,N,OA"
CHEMBL1243373,tipo_invalido:B,27,"A,B,C,HD,N,OA"
CHEMBL1243390,"tipo_invalido:CG,G0",33,"C,CG,G0,HD,N,OA,SA"
CHEMBL1243398,"tipo_invalido:CG,G0",49,"A,C,CG,G0,HD,N,OA"
CHEMBL1310614,"tipo_invalido:CG,G0",27,"A,C,CG,G0,HD,N,OA,S"
CHEMBL1401300,"tipo_invalido:CG,G0",34,"A,C,CG,F,G0,HD,N,NA,OA,S"
CHEMBL1422689,"tipo_invalido:CG,G0",25,"A,C,CG,Cl,G0,HD,N,NA,OA,S"
CHEMBL1435671,"tipo_invalido:CG,G0",27,"A,C,CG,Cl,G0,HD,N,OA"
CHEMBL1436528,"tipo_invalido:CG,G0",36,"A,C,CG,G0,HD,N,OA,S"
CHEMBL1473738,"tipo_invalido:CG,G0",34,"A,Br,C,CG,Cl,F,G0,HD,N,OA"
CHEMBL1474751,"tipo_invalido:CG,G0",33,"A,C,CG,G0,HD,N,NA,OA"
CHEMBL1500978,"tipo_invalido:CG,G0",17,"A,C,CG,G0,NA"
CHEMBL1507589,"tipo_invalido:CG,G0",37,"A,C,CG,Cl,G0,N,OA"
CHEMBL1547534,"tipo_invalido:CG,G0",25,"A,C,CG,G0,HD,N,NA,OA,SA"
CHEMBL1554159,"tipo_invalido:CG,G0",27,"A,C,CG,Cl,G0,HD,N,NA"
CHEMBL1598103,"tipo_invalido:CG,G0",27,"A,C,CG,G0,HD,N,OA"
CHEMBL1615736,fallo_empirico_4_proteinas,118,"C,HD,OA,S"
CHEMBL1654,tipo_invalido:Na,22,"A,C,HD,NA,Na,OA,P"
CHEMBL1658,"tipo_invalido:CG,G0",39,"C,CG,G0,HD,NA,OA,SA"
CHEMBL1660,"tipo_invalido:CG,G0",71,"A,C,CG,G0,HD,N,NA,OA"
CHEMBL1685,"tipo_invalido:CG,G0",23,"A,C,CG,G0,HD,NA,OA"
CHEMBL1708773,"tipo_invalido:CG,G0",33,"A,C,CG,F,G0,HD,N,NA,OA,S"
CHEMBL1712281,"tipo_invalido:CG,G0",34,"A,C,CG,G0,HD,N,NA,OA,S"
CHEMBL1741046,fallo_empirico_4_proteinas,161,"C,HD,OA,S"
CHEMBL1773447,fallo_empirico_4_proteinas,125,"A,C,HD,N,NA,OA"
CHEMBL1773720,fallo_empirico_4_proteinas,128,"A,C,HD,N,NA,OA"
CHEMBL1773870,fallo_empirico_4_proteinas,124,"A,C,HD,N,NA,OA"
CHEMBL1795355,"tipo_invalido:CG,G0",39,"A,C,CG,Cl,G0,HD,N,NA,OA"
CHEMBL1795525,"tipo_invalido:CG,G0,G1",74,"A,C,CG,G0,G1,HD,OA"
CHEMBL1796246,"tipo_invalido:CG,G0",40,"A,C,CG,Cl,F,G0,HD,N,NA,OA"
CHEMBL1796247,"tipo_invalido:CG,G0",42,"A,C,CG,Cl,F,G0,HD,N,NA,OA"
CHEMBL1796248,"tipo_invalido:CG,G0",37,"A,C,CG,Cl,G0,HD,N,NA,OA"
CHEMBL1796249,"tipo_invalido:CG,G0",41,"A,C,CG,Cl,G0,HD,N,NA,OA,S"
CHEMBL1796250,"tipo_invalido:CG,G0",42,"A,C,CG,Cl,G0,HD,N,NA,OA,S"
CHEMBL1796251,"tipo_invalido:CG,G0",44,"A,C,CG,Cl,F,G0,HD,N,NA,OA,S"
CHEMBL1796252,"tipo_invalido:CG,G0",42,"A,C,CG,Cl,G0,HD,N,NA,OA,S"
CHEMBL1796253,"tipo_invalido:CG,G0",37,"A,C,CG,Cl,G0,HD,N,NA,OA"
CHEMBL1796254,"tipo_invalido:CG,G0",42,"A,C,CG,Cl,G0,HD,N,NA,OA,S"
CHEMBL1796255,"tipo_invalido:CG,G0",36,"A,C,CG,Cl,G0,HD,N,NA,OA"
CHEMBL1796256,"tipo_invalido:CG,G0",34,"A,C,CG,Cl,G0,HD,N,NA,OA"
CHEMBL1796257,"tipo_invalido:CG,G0",42,"A,C,CG,Cl,G0,HD,N,NA,OA,S"
CHEMBL1796258,"tipo_invalido:CG,G0",43,"A,C,CG,Cl,G0,HD,N,NA,OA,S"
CHEMBL1796259,"tipo_invalido:CG,G0",40,"A,C,CG,Cl,G0,HD,N,NA,OA,S"
CHEMBL1796260,"tipo_invalido:CG,G0",40,"A,C,CG,Cl,G0,HD,N,NA,OA,S"
CHEMBL1796261,"tipo_invalido:CG,G0",40,"A,C,CG,Cl,G0,HD,N,NA,OA,S"
CHEMBL1796262,"tipo_invalido:CG,G0",40,"A,C,CG,Cl,G0,HD,N,NA,OA,S"
CHEMBL1796272,"tipo_invalido:CG,G0",28,"A,C,CG,Cl,G0,N,OA,S"
CHEMBL1796273,"tipo_invalido:CG,G0",32,"A,C,CG,Cl,G0,HD,N,OA,S"
CHEMBL1796274,"tipo_invalido:CG,G0",33,"A,C,CG,Cl,G0,HD,N,OA,S"
CHEMBL1796275,"tipo_invalido:CG,G0",32,"A,C,CG,Cl,G0,HD,N,OA,S"
CHEMBL1796276,"tipo_invalido:CG,G0",32,"A,C,CG,Cl,G0,HD,N,OA,S"
CHEMBL1796690,"tipo_invalido:CG,G0",44,"A,C,CG,G0,HD,N,NA,OA,S,SA"
CHEMBL1796691,"tipo_invalido:CG,G0",34,"A,C,CG,G0,HD,N,NA,OA,S,SA"
CHEMBL1796692,"tipo_invalido:CG,G0",35,"A,C,CG,G0,HD,N,NA,OA,S,SA"
CHEMBL1796693,"tipo_invalido:CG,G0",38,"A,C,CG,G0,HD,N,NA,OA,S,SA"
CHEMBL1796973,"tipo_invalido:CG,G0",28,"A,C,CG,G0,HD,N,OA"
CHEMBL1796974,"tipo_invalido:CG,G0",23,"A,C,CG,G0,HD,N,OA"
CHEMBL1796975,"tipo_invalido:CG,G0",29,"A,C,CG,G0,HD,N,OA"
CHEMBL1796977,"tipo_invalido:CG,G0",28,"A,C,CG,G0,N,OA"
CHEMBL1796980,"tipo_invalido:CG,G0",23,"A,C,CG,G0,HD,N,OA"
CHEMBL1796981,"tipo_invalido:CG,G0",23,"A,C,CG,G0,HD,N,OA"
CHEMBL1796982,"tipo_invalido:CG,G0",25,"A,C,CG,F,G0,HD,N,OA"
CHEMBL1796984,"tipo_invalido:CG,G0",27,"A,C,CG,G0,HD,N,OA"
CHEMBL1796985,"tipo_invalido:CG,G0",29,"A,C,CG,G0,HD,N,OA"
CHEMBL1796986,"tipo_invalido:CG,G0",30,"A,C,CG,G0,HD,N,OA"
CHEMBL1796988,"tipo_invalido:CG,G0",32,"A,C,CG,G0,HD,N,OA"
CHEMBL1796989,"tipo_invalido:CG,G0",33,"A,C,CG,G0,HD,N,OA"
CHEMBL1796990,"tipo_invalido:CG,G0",30,"A,C,CG,G0,HD,N,NA,OA"
CHEMBL1796991,"tipo_invalido:CG,G0",33,"A,C,CG,G0,HD,N,OA"
CHEMBL1796992,"tipo_invalido:CG,G0",30,"A,C,CG,G0,HD,N,OA"
CHEMBL1796994,"tipo_invalido:CG,G0",30,"A,C,CG,G0,N,OA"
CHEMBL1796995,"tipo_invalido:CG,G0",38,"A,C,CG,G0,HD,N,NA,OA"
CHEMBL1796996,"tipo_invalido:CG,G0",34,"A,C,CG,G0,HD,N,OA"
CHEMBL1806528,"tipo_invalido:CG,G0",143,"A,C,CG,G0,HD,N,NA,OA,SA"
CHEMBL1806530,"tipo_invalido:CG,G0",143,"A,C,CG,G0,HD,N,NA,OA"
CHEMBL1806826,"tipo_invalido:CG,G0",33,"A,C,CG,G0,HD,NA,OA"
CHEMBL1806924,"tipo_invalido:CG,G0",86,"A,C,CG,Cl,G0,HD,N,NA,OA"
CHEMBL1806977,"tipo_invalido:CG,G0",89,"A,C,CG,Cl,G0,HD,N,NA,OA"
CHEMBL1806980,"tipo_invalido:CG,G0",84,"A,C,CG,G0,HD,N,NA,OA"
CHEMBL1806989,"tipo_invalido:CG,G0",35,"A,C,CG,G0,HD,NA,OA"
CHEMBL1807009,"tipo_invalido:CG,G0",38,"A,C,CG,Cl,G0,HD,N,OA"
CHEMBL1807010,"tipo_invalido:CG,G0",38,"A,C,CG,F,G0,HD,N,OA"
CHEMBL1807087,"tipo_invalido:CG,G0",87,"A,C,CG,G0,HD,N,NA,OA"
CHEMBL1807088,"tipo_invalido:CG,G0",87,"A,C,CG,G0,HD,N,NA,OA"
CHEMBL1807093,"tipo_invalido:CG,G0",86,"A,C,CG,G0,HD,N,NA,OA"
CHEMBL1807585,"tipo_invalido:CG,G0",29,"A,C,CG,G0,HD,N,NA,OA"
CHEMBL1807834,"tipo_invalido:CG,G0",31,"A,Br,C,CG,G0,HD,N,NA"
CHEMBL1807835,"tipo_invalido:CG,G0",31,"A,C,CG,Cl,G0,HD,N,NA"
CHEMBL1807837,"tipo_invalido:CG,G0",37,"A,C,CG,G0,HD,N,NA,OA"
CHEMBL1807838,"tipo_invalido:CG,G0",41,"A,C,CG,G0,HD,N,NA,OA"
CHEMBL1807839,"tipo_invalido:CG,G0",37,"A,C,CG,G0,HD,N,NA"
CHEMBL1808213,"tipo_invalido:CG,G0",26,"A,C,CG,G0,N,NA"
CHEMBL1808411,"tipo_invalido:CG,G0",37,"A,C,CG,G0,HD,N,NA,OA"
CHEMBL1808803,"tipo_invalido:CG,G0",71,"A,C,CG,G0,HD,N,NA,OA,SA"
CHEMBL1808808,"tipo_invalido:CG,G0",73,"A,C,CG,G0,HD,N,NA,OA,SA"
CHEMBL1808809,"tipo_invalido:CG,G0",71,"A,C,CG,G0,N,NA,OA,SA"
CHEMBL1808812,"tipo_invalido:CG,G0",71,"A,C,CG,G0,N,NA,OA,SA"
CHEMBL1808815,"tipo_invalido:CG,G0",75,"A,C,CG,G0,N,NA,OA,SA"
CHEMBL1808817,"tipo_invalido:CG,G0",72,"A,Br,C,CG,G0,N,NA,OA,SA"
CHEMBL1808820,"tipo_invalido:CG,G0",70,"A,C,CG,G0,HD,N,NA,OA,SA"
CHEMBL1808825,"tipo_invalido:CG,G0",71,"A,C,CG,G0,HD,N,NA,OA,SA"
CHEMBL1808827,"tipo_invalido:CG,G0",73,"A,C,CG,G0,N,NA,OA,SA"
CHEMBL1808828,"tipo_invalido:CG,G0",76,"A,C,CG,G0,N,NA,OA,SA"
CHEMBL1808830,"tipo_invalido:CG,G0",72,"A,C,CG,G0,HD,N,NA,OA,SA"
CHEMBL1808831,"tipo_invalido:CG,G0",74,"A,C,CG,G0,HD,N,NA,OA,SA"
CHEMBL1809125,"tipo_invalido:CG,G0",33,"C,CG,G0,OA"
CHEMBL1809126,"tipo_invalido:CG,G0",40,"C,CG,G0,NA,OA"
CHEMBL1809129,"tipo_invalido:CG,G0",23,"C,CG,G0,HD,OA"
CHEMBL1809131,"tipo_invalido:CG,G0",25,"C,CG,G0,OA"
CHEMBL1809132,"tipo_invalido:CG,G0",25,"A,C,CG,G0,HD,N,NA,OA"
CHEMBL1809134,"tipo_invalido:CG,G0",24,"C,CG,G0,OA"
CHEMBL1858003,"tipo_invalido:CG,G0",30,"A,C,CG,G0,HD,N,NA,OA"
CHEMBL1858112,"tipo_invalido:CG,G0",24,"A,Br,C,CG,G0,HD,NA,OA"
CHEMBL1858260,"tipo_invalido:CG,G0",31,"A,C,CG,G0,HD,NA,OA"
CHEMBL1858294,"tipo_invalido:CG,G0",30,"A,C,CG,G0,HD,N,NA,OA,SA"
CHEMBL1858305,"tipo_invalido:CG,G0",28,"A,C,CG,G0,HD,N,NA,OA"
CHEMBL1858330,"tipo_invalido:CG,G0",30,"A,C,CG,Cl,G0,HD,N,NA,OA"
CHEMBL1858366,"tipo_invalido:CG,G0",28,"A,C,CG,F,G0,HD,N,NA,OA"
CHEMBL1858383,"tipo_invalido:CG,G0",25,"A,C,CG,G0,HD,NA,OA"
CHEMBL1858423,"tipo_invalido:CG,G0",30,"A,C,CG,G0,HD,N,NA,OA"
CHEMBL1858441,"tipo_invalido:CG,G0",28,"A,C,CG,G0,HD,NA,OA"
CHEMBL1858508,"tipo_invalido:CG,G0",23,"A,C,CG,Cl,G0,HD,NA,OA,S"
CHEMBL1858525,"tipo_invalido:CG,G0",28,"A,C,CG,G0,HD,N,NA,OA"
CHEMBL1858584,"tipo_invalido:CG,G0",25,"A,C,CG,G0,NA,OA"
CHEMBL1858741,"tipo_invalido:CG,G0",30,"A,C,CG,G0,HD,NA,OA"
CHEMBL1858785,"tipo_invalido:CG,G0",26,"A,C,CG,G0,HD,NA,OA"
CHEMBL1858910,"tipo_invalido:CG,G0",27,"A,C,CG,G0,HD,NA,OA"
CHEMBL1858918,"tipo_invalido:CG,G0",25,"A,C,CG,G0,HD,N,NA,OA"
CHEMBL1858942,"tipo_invalido:CG,G0",24,"A,C,CG,G0,NA,OA"
CHEMBL1858963,"tipo_invalido:CG,G0",25,"A,C,CG,G0,HD,NA,OA"
CHEMBL1859256,"tipo_invalido:CG,G0",22,"A,C,CG,Cl,G0,NA,OA"
CHEMBL1859281,"tipo_invalido:CG,G0",33,"A,C,CG,G0,HD,N,NA,OA"
CHEMBL1859306,"tipo_invalido:CG,G0",31,"A,C,CG,G0,HD,N,NA,OA"
CHEMBL1859373,"tipo_invalido:CG,G0",27,"A,C,CG,F,G0,HD,N,NA,OA"
CHEMBL1859446,"tipo_invalido:CG,G0",23,"A,C,CG,G0,HD,NA,OA"
CHEMBL1859478,"tipo_invalido:CG,G0",30,"A,C,CG,G0,HD,N,NA,OA"
CHEMBL1859661,"tipo_invalido:CG,G0",29,"A,C,CG,Cl,G0,HD,N,NA,OA"
CHEMBL1859738,"tipo_invalido:CG,G0",22,"A,Br,C,CG,G0,NA,OA"
CHEMBL1859763,"tipo_invalido:CG,G0",24,"A,Br,C,CG,G0,HD,NA,OA"
CHEMBL1859772,"tipo_invalido:CG,G0",27,"A,C,CG,F,G0,HD,N,NA,OA"
CHEMBL1859926,"tipo_invalido:CG,G0",28,"A,C,CG,Cl,F,G0,HD,N,NA,OA"
CHEMBL1859933,"tipo_invalido:CG,G0",23,"A,C,CG,Cl,G0,NA,OA"
CHEMBL1860229,"tipo_invalido:CG,G0",28,"A,C,CG,G0,HD,N,NA,OA"
CHEMBL1860353,"tipo_invalido:CG,G0",28,"A,C,CG,G0,HD,N,NA,OA"
CHEMBL1860384,"tipo_invalido:CG,G0",28,"A,C,CG,G0,HD,N,NA,OA"
CHEMBL1860386,"tipo_invalido:CG,G0",31,"A,C,CG,G0,HD,N,NA,OA"
CHEMBL1860492,"tipo_invalido:CG,G0",21,"A,C,CG,G0,NA,OA,S"
CHEMBL1860518,"tipo_invalido:CG,G0",27,"A,C,CG,F,G0,HD,N,NA,OA"
CHEMBL1863531,"tipo_invalido:CG,G0",43,"A,C,CG,G0,HD,N,NA,OA,S"
CHEMBL1863566,"tipo_invalido:CG,G0",21,"A,C,CG,G0,HD,NA,OA"
CHEMBL1863569,"tipo_invalido:CG,G0",22,"A,C,CG,G0,HD,N,NA,OA,S"
CHEMBL1863570,"tipo_invalido:CG,G0",38,"A,C,CG,F,G0,HD,NA,OA,S"
CHEMBL1863592,"tipo_invalido:CG,G0",48,"A,C,CG,G0,HD,N,NA,OA"
CHEMBL1863603,"tipo_invalido:CG,G0",40,"A,C,CG,Cl,G0,N,NA,OA,S"
CHEMBL1863653,"tipo_invalido:CG,G0",50,"A,C,CG,G0,HD,N,NA,OA,S"
CHEMBL1863660,"tipo_invalido:CG,G0",37,"A,C,CG,F,G0,N,OA,S"
CHEMBL1863665,"tipo_invalido:CG,G0",24,"A,Br,C,CG,G0,HD,N,OA,SA"
CHEMBL1863675,"tipo_invalido:CG,G0,G1",32,"C,CG,G0,G1,HD,N,OA"
CHEMBL1863697,"tipo_invalido:CG,G0",40,"A,C,CG,F,G0,N,NA,OA,S"
CHEMBL1863724,tipo_invalido:Si,27,"A,C,OA,Si"
CHEMBL1863747,"tipo_invalido:CG,G0",28,"A,C,CG,G0,HD,N,OA"
CHEMBL1863759,"tipo_invalido:CG,G0",28,"A,C,CG,G0,HD,N,NA,OA"
CHEMBL1863773,"tipo_invalido:CG,G0",42,"A,C,CG,Cl,G0,N,NA,OA,S"
CHEMBL1863774,"tipo_invalido:CG,G0",27,"A,C,CG,G0,NA,OA,S"
CHEMBL1863775,"tipo_invalido:CG,G0",38,"A,C,CG,G0,HD,N,NA,OA"
CHEMBL1863778,"tipo_invalido:CG,G0",42,"A,C,CG,Cl,G0,N,NA,OA,S"
CHEMBL1863795,"tipo_invalido:CG,G0",25,"A,C,CG,G0,N,S"
CHEMBL1863797,"tipo_invalido:CG,G0",33,"A,Br,C,CG,G0,HD,N,NA,OA"
CHEMBL1863812,"tipo_invalido:CG,G0",25,"A,C,CG,G0,N,NA"
CHEMBL1863816,"tipo_invalido:CG,G0",38,"A,C,CG,G0,HD,N,NA,OA"
CHEMBL1863831,"tipo_invalido:CG,G0",35,"A,C,CG,G0,HD,N,NA,OA"
CHEMBL1863833,"tipo_invalido:CG,G0",45,"A,C,CG,G0,HD,N,NA,OA,S"
CHEMBL1863835,"tipo_invalido:CG,G0",48,"A,C,CG,F,G0,HD,N,OA"
CHEMBL1863870,"tipo_invalido:CG,G0",46,"A,C,CG,G0,HD,N,NA,OA,S"
CHEMBL1863882,"tipo_invalido:CG,G0",51,"A,C,CG,G0,HD,N,NA,OA,S"
CHEMBL1863900,"tipo_invalido:CG,G0",29,"A,C,CG,Cl,G0,HD,N,OA"
CHEMBL1863918,"tipo_invalido:CG,G0",25,"A,C,CG,G0,HD,N,NA,OA,S"
CHEMBL1863948,"tipo_invalido:CG,G0",26,"A,C,CG,G0,HD,OA"
CHEMBL1863969,"tipo_invalido:CG,G0",46,"A,C,CG,F,G0,HD,N,NA,OA,S"
CHEMBL1863989,"tipo_invalido:CG,G0",39,"A,C,CG,G0,HD,N,NA,OA"
CHEMBL1864004,"tipo_invalido:CG,G0",16,"C,CG,G0,N,OA"
CHEMBL1864017,"tipo_invalido:CG,G0",29,"A,C,CG,Cl,G0,N,NA,OA"
CHEMBL1864055,"tipo_invalido:CG,G0",29,"A,C,CG,Cl,G0,HD,N,OA,S"
CHEMBL1864070,"tipo_invalido:CG,G0",42,"A,C,CG,F,G0,N,NA,OA,S"
CHEMBL1864124,"tipo_invalido:CG,G0",48,"A,C,CG,G0,HD,N,OA"
CHEMBL1864127,"tipo_invalido:CG,G0",21,"C,CG,G0,HD,N,NA,S"
CHEMBL1864144,"tipo_invalido:CG,G0,G1",41,"C,CG,G0,G1,HD,N,NA,OA,SA"
CHEMBL1864180,"tipo_invalido:CG,G0",25,"A,C,CG,G0,HD,N,OA"
CHEMBL1864195,"tipo_invalido:CG,G0",24,"A,C,CG,G0,HD,NA,OA,S"
CHEMBL1864196,"tipo_invalido:CG,G0",47,"A,C,CG,G0,HD,N,NA,OA,S"
CHEMBL1864201,"tipo_invalido:CG,G0",41,"A,C,CG,F,G0,HD,N,OA"
CHEMBL1864210,"tipo_invalido:CG,G0",25,"A,C,CG,Cl,F,G0,HD,N,NA,OA,S"
CHEMBL1864214,"tipo_invalido:CG,G0",42,"A,C,CG,G0,N,NA,OA,S"
CHEMBL1864237,"tipo_invalido:CG,G0",44,"A,C,CG,Cl,G0,N,NA,OA,S"
CHEMBL1864245,"tipo_invalido:CG,G0",26,"A,C,CG,G0,HD,OA"
CHEMBL1864246,"tipo_invalido:CG,G0",24,"A,C,CG,Cl,G0,HD,N,OA"
CHEMBL1864274,"tipo_invalido:CG,G0",30,"A,C,CG,F,G0,HD,N,OA"
CHEMBL1864275,"tipo_invalido:CG,G0",31,"A,C,CG,G0,HD,N,NA,OA,S"
CHEMBL1864282,"tipo_invalido:CG,G0",51,"A,C,CG,G0,HD,N,OA,S"
CHEMBL1864308,"tipo_invalido:CG,G0",51,"A,C,CG,F,G0,HD,N,OA,S"
CHEMBL1864319,"tipo_invalido:CG,G0",42,"A,C,CG,F,G0,HD,N,OA"
CHEMBL1864343,"tipo_invalido:CG,G0",37,"A,C,CG,G0,HD,N,NA,OA"
CHEMBL1864366,"tipo_invalido:CG,G0",26,"A,C,CG,Cl,G0,NA,OA,S"
CHEMBL1864378,"tipo_invalido:CG,G0",36,"A,C,CG,G0,HD,N,NA,OA"
CHEMBL1864388,"tipo_invalido:CG,G0",22,"A,C,CG,G0,HD,N,OA"
CHEMBL1864407,"tipo_invalido:CG,G0",26,"A,C,CG,F,G0,NA,OA,S"
CHEMBL1864457,"tipo_invalido:CG,G0",44,"A,C,CG,G0,HD,N,OA"
CHEMBL1864483,"tipo_invalido:CG,G0",42,"A,C,CG,G0,HD,N,OA"
CHEMBL1864491,"tipo_invalido:CG,G0",24,"C,CG,G0,OA"
CHEMBL1864521,"tipo_invalido:CG,G0",26,"A,C,CG,G0,HD,N,NA,OA"
CHEMBL1864554,"tipo_invalido:CG,G0",25,"A,C,CG,Cl,G0,HD,N,NA,OA"
CHEMBL1864557,"tipo_invalido:CG,G0",48,"A,C,CG,G0,HD,N,NA,OA,S"
CHEMBL1864594,"tipo_invalido:CG,G0",32,"A,C,CG,G0,N,OA,S"
CHEMBL1864597,"tipo_invalido:CG,G0",44,"A,C,CG,G0,HD,NA,OA,S"
CHEMBL1864598,"tipo_invalido:CG,G0",42,"A,C,CG,F,G0,N,NA,OA,S"
CHEMBL1864602,"tipo_invalido:CG,G0",41,"A,C,CG,G0,HD,N,NA,OA,S"
CHEMBL1864606,"tipo_invalido:CG,G0",33,"A,C,CG,G0,NA,OA,S"
CHEMBL1864612,"tipo_invalido:CG,G0",27,"A,C,CG,G0,N,NA,OA"
CHEMBL1864642,"tipo_invalido:CG,G0",29,"A,C,CG,F,G0,N,NA,OA"
CHEMBL1864660,"tipo_invalido:CG,G0",34,"A,C,CG,G0,HD,N,NA,OA"
CHEMBL1864669,"tipo_invalido:CG,G0",30,"A,C,CG,G0,N,OA"
CHEMBL1864692,"tipo_invalido:CG,G0",29,"A,C,CG,F,G0,HD,N,OA"
CHEMBL1864766,"tipo_invalido:CG,G0",43,"A,C,CG,F,G0,N,NA,OA,S"
CHEMBL1864805,"tipo_invalido:CG,G0",39,"A,C,CG,G0,N,NA,OA,S"
CHEMBL1864811,"tipo_invalido:CG,G0",23,"A,C,CG,F,G0,HD,NA,OA,S"
CHEMBL1864869,"tipo_invalido:CG,G0",30,"A,C,CG,G0,HD,OA"
CHEMBL1864887,"tipo_invalido:CG,G0",20,"A,C,CG,G0,N,OA,SA"
CHEMBL1864896,"tipo_invalido:CG,G0",31,"A,C,CG,G0,HD,N,NA,OA"
CHEMBL1864903,"tipo_invalido:CG,G0",39,"A,Br,C,CG,F,G0,HD,N,NA,OA,S"
CHEMBL1864926,"tipo_invalido:CG,G0",31,"A,C,CG,Cl,G0,HD,N,NA,OA,S"
CHEMBL1864940,"tipo_invalido:CG,G0",26,"A,C,CG,G0,HD,NA,OA"
CHEMBL1864955,"tipo_invalido:CG,G0",26,"A,C,CG,F,G0,NA,OA,S"
CHEMBL1865009,"tipo_invalido:CG,G0",31,"C,CG,G0,HD,N,OA,SA"
CHEMBL1865039,"tipo_invalido:CG,G0",27,"A,Br,C,CG,G0,HD,NA,OA,S"
CHEMBL1865042,"tipo_invalido:CG,G0",38,"A,C,CG,G0,HD,NA,OA,S"
CHEMBL1865092,"tipo_invalido:CG,G0",14,"C,CG,G0,N,S"
CHEMBL1865093,"tipo_invalido:CG,G0",30,"A,C,CG,Cl,G0,HD,N,OA"
CHEMBL1865117,"tipo_invalido:CG,G0",41,"A,C,CG,G0,HD,N,OA,S"
CHEMBL1865147,"tipo_invalido:CG,G0",43,"A,C,CG,G0,HD,N,NA,OA"
CHEMBL1865173,"tipo_invalido:CG,G0",34,"A,C,CG,G0,HD,N,NA,OA"
CHEMBL1865185,"tipo_invalido:CG,G0",30,"A,C,CG,G0,HD,N,NA,OA"
CHEMBL1865204,"tipo_invalido:CG,G0",47,"A,C,CG,G0,HD,N,OA"
CHEMBL1865220,"tipo_invalido:CG,G0",40,"A,C,CG,G0,N,NA,OA,S"
CHEMBL1865238,"tipo_invalido:CG,G0",15,"C,CG,G0,OA,P,S"
CHEMBL1865239,"tipo_invalido:CG,G0",35,"A,C,CG,G0,HD,N,NA,OA,S"
CHEMBL1865244,"tipo_invalido:CG,G0",45,"A,C,CG,Cl,G0,N,NA,OA,S"
CHEMBL1865287,"tipo_invalido:CG,G0",43,"A,C,CG,G0,HD,N,NA,OA"
CHEMBL1865311,"tipo_invalido:CG,G0",50,"A,C,CG,G0,HD,N,OA"
CHEMBL1865337,"tipo_invalido:CG,G0",41,"A,C,CG,G0,HD,N,NA,OA,S"
CHEMBL1865372,"tipo_invalido:CG,G0",25,"A,Br,C,CG,G0,N,OA"
CHEMBL1865376,"tipo_invalido:CG,G0",23,"A,C,CG,F,G0,NA,OA,S"
CHEMBL1865403,"tipo_invalido:CG,G0",23,"A,Br,C,CG,G0,N,OA"
CHEMBL1865425,"tipo_invalido:CG,G0",29,"A,C,CG,G0,N,NA,OA,SA"
CHEMBL1865435,"tipo_invalido:CG,G0",34,"A,Br,C,CG,G0,HD,N,NA,OA,S"
CHEMBL1865470,"tipo_invalido:CG,G0",22,"A,C,CG,G0,OA"
CHEMBL1865475,"tipo_invalido:CG,G0",43,"A,C,CG,F,G0,N,NA,OA,S"
CHEMBL1865490,"tipo_invalido:CG,G0",41,"A,C,CG,G0,N,NA,OA,S"
CHEMBL1865616,"tipo_invalido:CG,G0",29,"A,C,CG,G0,N,NA,OA"
CHEMBL1865646,"tipo_invalido:CG,G0",31,"A,C,CG,G0,HD,N,OA,S,SA"
CHEMBL1865649,"tipo_invalido:CG,G0",39,"A,C,CG,G0,HD,N,NA,OA"
CHEMBL1865652,"tipo_invalido:CG,G0",51,"A,C,CG,G0,HD,N,NA,OA,S"
CHEMBL1865662,"tipo_invalido:CG,G0",44,"A,C,CG,G0,HD,N,NA,OA"
CHEMBL1865674,"tipo_invalido:CG,G0",17,"C,CG,G0,N,NA,OA"
CHEMBL1865688,"tipo_invalido:CG,G0",43,"A,C,CG,F,G0,HD,N,NA,OA,S"
CHEMBL1865690,"tipo_invalido:CG,G0",32,"A,C,CG,G0,N,OA"
CHEMBL1865695,"tipo_invalido:CG,G0",26,"A,C,CG,G0,HD,OA"
CHEMBL1865726,"tipo_invalido:CG,G0",36,"A,C,CG,G0,HD,N,OA,SA"
CHEMBL1865788,"tipo_invalido:CG,G0",35,"A,C,CG,F,G0,HD,N,OA"
CHEMBL1865804,"tipo_invalido:CG,G0",34,"A,C,CG,Cl,G0,HD,N,NA,OA"
CHEMBL1865808,"tipo_invalido:CG,G0",55,"A,C,CG,G0,HD,N,NA,OA,S"
CHEMBL1865816,"tipo_invalido:CG,G0",28,"A,C,CG,G0,HD,N,OA"
CHEMBL1865820,"tipo_invalido:CG,G0",47,"A,C,CG,G0,HD,N,OA"
CHEMBL1865880,"tipo_invalido:CG,G0",44,"A,C,CG,G0,HD,N,NA,OA,S"
CHEMBL1865884,"tipo_invalido:CG,G0",40,"A,C,CG,G0,HD,N,OA"
CHEMBL1865908,"tipo_invalido:CG,G0",38,"A,C,CG,G0,NA,OA,S"
CHEMBL1865909,"tipo_invalido:CG,G0",42,"A,C,CG,G0,HD,N,NA,OA,S"
CHEMBL1865916,"tipo_invalido:CG,G0",14,"C,CG,G0,N,OA,SA"
CHEMBL1865918,"tipo_invalido:CG,G0",26,"A,C,CG,G0,NA,OA"
CHEMBL1865921,"tipo_invalido:CG,G0",26,"A,C,CG,G0,HD,OA"
CHEMBL1865936,"tipo_invalido:CG,G0",32,"A,C,CG,G0,N,NA,OA,S"
CHEMBL1865940,"tipo_invalido:CG,G0",30,"A,C,CG,G0,HD,N,OA"
CHEMBL1865983,"tipo_invalido:CG,G0",46,"A,C,CG,G0,HD,N,NA,OA,S"
CHEMBL1865991,"tipo_invalido:CG,G0",45,"A,C,CG,G0,HD,N,OA,S"
CHEMBL1866003,"tipo_invalido:CG,G0",36,"A,C,CG,G0,HD,N,OA"
CHEMBL1866050,"tipo_invalido:CG,G0",28,"A,C,CG,G0,N,OA,S"
CHEMBL1866057,"tipo_invalido:CG,G0",35,"A,Br,C,CG,F,G0,HD,N,NA,OA,S"
CHEMBL1866063,"tipo_invalido:CG,G0",36,"A,C,CG,G0,N,NA,OA"
CHEMBL1866092,"tipo_invalido:CG,G0",34,"A,C,CG,F,G0,HD,N,OA"
CHEMBL1866095,"tipo_invalido:CG,G0",51,"A,C,CG,G0,HD,N,NA,OA,S"
CHEMBL1866104,"tipo_invalido:CG,G0",39,"A,C,CG,G0,N,NA,OA,S"
CHEMBL1866107,"tipo_invalido:CG,G0",17,"A,C,CG,G0,HD,N,NA,OA"
CHEMBL1866140,"tipo_invalido:CG,G0",38,"A,C,CG,Cl,G0,HD,N,NA,OA"
CHEMBL1866497,"tipo_invalido:CG,G0",28,"A,C,CG,G0,HD,N,NA,OA"
CHEMBL1867521,"tipo_invalido:CG,G0",31,"A,C,CG,Cl,G0,NA,OA,S"
CHEMBL1867546,"tipo_invalido:CG,G0",28,"C,CG,G0,HD,NA,OA"
CHEMBL1867548,"tipo_invalido:CG,G0",43,"A,C,CG,G0,HD,N,NA,OA,S"
CHEMBL1867765,"tipo_invalido:CG,G0",37,"A,C,CG,G0,HD,N,OA"
CHEMBL20405,fallo_empirico_4_proteinas,20,"A,C,HD,I,N,NA"
CHEMBL20421,tipo_invalido:B,17,"A,B,HD,OA"
CHEMBL20434,tipo_invalido:B,17,"A,B,C,HD,OA"
CHEMBL20461,tipo_invalido:B,13,"A,B,C,HD,OA"
CHEMBL20522,fallo_empirico_4_proteinas,36,"Br,C,HD,N,OA"
CHEMBL20523,fallo_empirico_4_proteinas,34,"Br,C,N,OA"
CHEMBL20560,tipo_invalido:B,17,"A,B,C,F,HD,OA"
CHEMBL20678,tipo_invalido:B,14,"A,B,C,HD,OA"
CHEMBL20687,fallo_empirico_4_proteinas,48,"A,C,F,HD,N,NA,OA,S"
CHEMBL20735,fallo_empirico_4_proteinas,20,"A,C,Cl,HD,N,NA"
CHEMBL20770,fallo_empirico_4_proteinas,15,"A,C,Cl,HD,N,OA"
CHEMBL20776,tipo_invalido:B,13,"A,B,Cl,HD,OA"
CHEMBL20852,tipo_invalido:B,14,"A,B,HD,N,OA"
CHEMBL20866,tipo_invalido:B,12,"A,B,Br,HD,OA"
CHEMBL20945,tipo_invalido:B,14,"A,B,HD,N,OA"
CHEMBL21002,fallo_empirico_4_proteinas,36,"Br,C,N,OA"
CHEMBL21050,fallo_empirico_4_proteinas,19,"A,C,Cl,HD,N,NA"
CHEMBL21074,tipo_invalido:Na,31,"A,HD,N,NA,Na,OA,P"
CHEMBL21123,tipo_invalido:B,17,"A,B,C,HD,OA"
CHEMBL21284,fallo_empirico_4_proteinas,25,"A,C,F,HD,N,NA,OA"
CHEMBL21299,fallo_empirico_4_proteinas,31,"C,I,N,NA"
CHEMBL21350,tipo_invalido:Na,31,"A,C,NA,Na,OA,S"
CHEMBL21356,tipo_invalido:Na,26,"A,C,HD,N,Na,OA,S"
CHEMBL21363,tipo_invalido:Na,28,"C,HD,Na,OA,P"
CHEMBL21398,fallo_empirico_4_proteinas,24,"A,C,Cl,HD,I,N,NA,S"
CHEMBL21421,tipo_invalido:Na,27,"A,C,HD,N,Na,OA,S"
CHEMBL21427,tipo_invalido:B,13,"A,B,C,HD,OA"
CHEMBL21429,fallo_empirico_4_proteinas,19,"A,C,Cl,HD,N,NA"
CHEMBL21447,tipo_invalido:B,14,"A,B,C,Cl,HD,OA"
CHEMBL21485,tipo_invalido:B,11,"A,B,HD,OA"
CHEMBL21503,tipo_invalido:B,14,"A,B,C,HD,OA"
CHEMBL21530,fallo_empirico_4_proteinas,25,"A,C,F,HD,N,NA,OA"
CHEMBL21534,tipo_invalido:Na,30,"C,HD,Na,OA,P,S"
CHEMBL21553,tipo_invalido:B,19,"A,B,C,HD,N,NA"
CHEMBL21564,fallo_empirico_4_proteinas,29,"A,C,Cl,HD,N,NA,OA,S"
CHEMBL21565,fallo_empirico_4_proteinas,25,"A,C,F,HD,N,NA,OA"
CHEMBL21569,tipo_invalido:Na,30,"A,C,HD,N,NA,Na,OA,S"
CHEMBL21584,tipo_invalido:Na,30,"C,HD,Na,OA,P"
CHEMBL21656,fallo_empirico_4_proteinas,26,"A,C,Cl,HD,N,NA"
CHEMBL21733,fallo_empirico_4_proteinas,23,"A,C,F,HD,N,NA,OA"
CHEMBL21812,fallo_empirico_4_proteinas,28,"A,C,HD,I,N,OA"
CHEMBL21823,fallo_empirico_4_proteinas,28,"A,Br,C,HD,N,OA"
CHEMBL21848,tipo_invalido:B,17,"A,B,C,HD,OA"
CHEMBL21860,tipo_invalido:Na,29,"A,C,NA,Na,OA,S"
CHEMBL21905,fallo_empirico_4_proteinas,27,"A,C,HD,I,N,OA"
CHEMBL21912,fallo_empirico_4_proteinas,24,"A,C,I,N"
CHEMBL22010,tipo_invalido:Na,30,"C,HD,Na,OA,P"
CHEMBL22038,tipo_invalido:Na,30,"C,HD,Na,OA,P"
CHEMBL22050,fallo_empirico_4_proteinas,31,"A,C,Cl,HD,NA,OA"
CHEMBL22089,fallo_empirico_4_proteinas,23,"A,C,F,HD,N,NA,OA"
CHEMBL22126,tipo_invalido:Na,29,"A,C,HD,N,Na,OA,S"
CHEMBL22170,tipo_invalido:K,19,"C,HD,K,N,OA,S"
CHEMBL22208,fallo_empirico_4_proteinas,30,"A,C,HD,OA"
CHEMBL22219,tipo_invalido:Na,28,"C,HD,Na,OA,P,S"
CHEMBL22323,tipo_invalido:Na,30,"A,C,Cl,HD,N,NA,Na,OA,S"
CHEMBL22347,tipo_invalido:Na,34,"A,C,HD,N,Na,OA,S"
CHEMBL22422,tipo_invalido:Na,23,"A,C,NA,Na,OA,S"
CHEMBL22482,fallo_empirico_4_proteinas,39,"A,C,HD,N,NA,OA"
CHEMBL22509,tipo_invalido:K,33,"A,C,HD,K,N,NA,OA,P"
CHEMBL22515,tipo_invalido:Na,29,"A,C,HD,N,Na,OA,S"
CHEMBL22611,tipo_invalido:Na,31,"A,C,HD,N,Na,OA,S"
CHEMBL22641,tipo_invalido:Na,31,"C,HD,Na,OA,P"
CHEMBL22666,tipo_invalido:Na,32,"A,C,HD,N,Na,OA,S"
CHEMBL22669,tipo_invalido:Na,33,"A,C,NA,Na,OA,S"
CHEMBL22674,fallo_empirico_4_proteinas,24,"A,C,I,N"
CHEMBL22689,tipo_invalido:Na,31,"A,C,HD,N,Na,OA,S"
CHEMBL22697,tipo_invalido:Na,23,"C,HD,N,Na,OA,S"
CHEMBL22762,tipo_invalido:Na,35,"A,C,F,HD,N,NA,Na,OA"
CHEMBL22783,tipo_invalido:Na,25,"A,C,N,Na,OA,S"
CHEMBL22848,tipo_invalido:Na,28,"A,C,HD,N,Na,OA,S"
CHEMBL22886,tipo_invalido:B,35,"A,B,C,HD,N,NA,OA,S"
CHEMBL22940,tipo_invalido:Na,29,"A,C,Cl,HD,N,Na,OA,S"
CHEMBL22988,tipo_invalido:Na,29,"C,HD,Na,OA,P"
CHEMBL23012,tipo_invalido:Na,29,"A,C,HD,N,Na,OA,S"
CHEMBL23028,tipo_invalido:Na,18,"A,C,Cl,NA,Na,OA"
CHEMBL23042,tipo_invalido:B,37,"A,B,C,HD,N,NA,OA,S"
CHEMBL23056,fallo_empirico_4_proteinas,23,"A,C,Cl,HD,NA,OA"
CHEMBL23057,fallo_empirico_4_proteinas,18,"A,C,Cl,HD,N,NA,OA"
CHEMBL23073,fallo_empirico_4_proteinas,37,"A,C,Cl,N,OA"
CHEMBL23096,fallo_empirico_4_proteinas,33,"A,C,I,N,S"
CHEMBL23119,tipo_invalido:Na,38,"A,C,F,HD,N,NA,Na,OA"
CHEMBL23126,tipo_invalido:Na,39,"A,C,F,HD,N,NA,Na,OA"
CHEMBL23181,fallo_empirico_4_proteinas,34,"A,C,Cl,N"
CHEMBL23208,tipo_invalido:Na,41,"A,C,Cl,F,HD,N,NA,Na,OA"
CHEMBL23287,fallo_empirico_4_proteinas,32,"A,C,I,N,S"
CHEMBL23304,tipo_invalido:Na,37,"A,C,F,HD,NA,Na,OA,S"
CHEMBL23329,fallo_empirico_4_proteinas,30,"A,C,HD,NA,OA,S"
CHEMBL23360,fallo_empirico_4_proteinas,32,"A,C,I,N,OA"
CHEMBL23393,tipo_invalido:Na,18,"C,Na,OA,S"
CHEMBL23455,fallo_empirico_4_proteinas,29,"A,C,HD,N,NA,OA"
CHEMBL23505,fallo_empirico_4_proteinas,38,"A,C,HD,N,NA,OA"
CHEMBL23512,tipo_invalido:Na,39,"A,C,F,HD,NA,Na,OA,S"
CHEMBL23530,fallo_empirico_4_proteinas,39,"A,C,HD,N,NA,OA,S"
CHEMBL23533,fallo_empirico_4_proteinas,32,"A,C,I,N,OA"
CHEMBL2356527,"tipo_invalido:CG,G0",26,"A,C,CG,G0,N,OA"
CHEMBL2356604,"tipo_invalido:CG,G0",31,"A,C,CG,G0,HD,N,NA,OA,S"
CHEMBL23581,tipo_invalido:Na,36,"A,C,F,HD,NA,Na,OA,S"
CHEMBL23633,tipo_invalido:Na,36,"A,C,F,HD,NA,Na,OA,S"
CHEMBL23682,fallo_empirico_4_proteinas,33,"A,C,Cl,N"
CHEMBL2369101,"tipo_invalido:CG,G0,G1",69,"A,C,CG,G0,G1,HD,N,NA,OA,P"
CHEMBL23768,tipo_invalido:Na,38,"A,C,F,HD,N,NA,Na,OA"
CHEMBL23780,tipo_invalido:Na,36,"A,C,F,HD,NA,Na,OA,S"
CHEMBL23941,fallo_empirico_4_proteinas,19,"A,C,Cl,HD,N,NA,OA"
CHEMBL23957,fallo_empirico_4_proteinas,15,"C,I,N,OA"
CHEMBL23982,tipo_invalido:Si,44,"A,C,F,HD,N,NA,OA,Si"
CHEMBL24062,tipo_invalido:Na,40,"A,C,F,HD,NA,Na,OA,S"
CHEMBL24078,fallo_empirico_4_proteinas,27,"A,C,HD,N,OA"
CHEMBL24081,tipo_invalido:Na,35,"A,C,HD,N,NA,Na,OA,S"
CHEMBL24238,fallo_empirico_4_proteinas,36,"A,C,HD,N,NA,OA"
CHEMBL24286,tipo_invalido:Na,40,"A,C,F,HD,N,NA,Na,OA"
CHEMBL24342,tipo_invalido:Na,41,"A,C,F,HD,N,NA,Na,OA"
CHEMBL24365,fallo_empirico_4_proteinas,42,"A,Br,C,HD,N,OA"
CHEMBL24392,tipo_invalido:Na,42,"A,C,F,HD,N,NA,Na,OA"
CHEMBL24432,tipo_invalido:Na,34,"A,C,F,HD,N,NA,Na,OA"
CHEMBL24477,tipo_invalido:Na,34,"A,C,F,HD,NA,Na,OA"
CHEMBL2448326,tipo_invalido:Si,18,"A,C,Cl,HD,NA,Si"
CHEMBL2448329,tipo_invalido:B,41,"A,B,C,Cl,HD,N,NA,OA,P"
CHEMBL2448330,tipo_invalido:B,24,"B,C,Cl,HD,N,NA,OA"
CHEMBL2448331,tipo_invalido:B,24,"B,C,Cl,HD,N,NA,OA"
CHEMBL2448358,tipo_invalido:B,48,"A,B,Br,C,Cl,HD,N,NA,OA"
CHEMBL24592,tipo_invalido:Na,37,"A,C,F,HD,N,NA,Na,OA"
CHEMBL24818,fallo_empirico_4_proteinas,38,"A,C,I,N"
CHEMBL24890,tipo_invalido:Na,28,"C,HD,Na,OA,P"
CHEMBL24990,tipo_invalido:Na,28,"C,HD,Na,OA,P"
CHEMBL25020,fallo_empirico_4_proteinas,35,"A,Br,C,HD,N,OA"
CHEMBL25077,fallo_empirico_4_proteinas,34,"A,C,HD,NA,OA,P"
CHEMBL25078,fallo_empirico_4_proteinas,36,"A,Br,C,HD,N,OA"
CHEMBL25110,tipo_invalido:Na,33,"A,C,NA,Na,OA,S"
CHEMBL25113,fallo_empirico_4_proteinas,40,"A,Br,C,HD,N,OA"
CHEMBL25131,fallo_empirico_4_proteinas,33,"A,C,Cl,HD,N,OA"
CHEMBL25151,tipo_invalido:Na,32,"A,C,HD,N,Na,OA,S"
CHEMBL25340,fallo_empirico_4_proteinas,5,"C,I,S"
CHEMBL25355,fallo_empirico_4_proteinas,8,"C,HD,I,OA,S"
CHEMBL25438,tipo_invalido:Na,38,"A,C,Na,OA"
CHEMBL25482,tipo_invalido:Si,8,"C,HD,OA,Si"
CHEMBL25498,fallo_empirico_4_proteinas,49,"C,HD,NA,OA,S"
CHEMBL25520,fallo_empirico_4_proteinas,39,"A,C,HD,N,OA"
CHEMBL25553,fallo_empirico_4_proteinas,48,"C,HD,N,NA,OA,P"
CHEMBL25567,tipo_invalido:Te,22,"C,HD,I,OA,Te"
CHEMBL25616,tipo_invalido:Na,33,"A,C,Cl,HD,N,NA,Na,OA"
CHEMBL25649,fallo_empirico_4_proteinas,14,"A,C,I,N,NA,OA"
CHEMBL25653,tipo_invalido:Na,31,"A,C,HD,N,Na,OA,S"
CHEMBL25778,fallo_empirico_4_proteinas,34,"A,C,Cl,HD,N,NA,OA"
CHEMBL25851,fallo_empirico_4_proteinas,35,"A,C,F,HD,N,NA,OA,S"
CHEMBL25953,tipo_invalido:Na,40,"A,C,F,HD,N,NA,Na,OA"
CHEMBL26024,fallo_empirico_4_proteinas,35,"A,C,F,HD,N,NA,OA,S"
CHEMBL26087,fallo_empirico_4_proteinas,41,"A,C,HD,I,N,OA"
CHEMBL26136,tipo_invalido:Na,23,"A,C,HD,N,NA,Na,OA,P"
CHEMBL26232,fallo_empirico_4_proteinas,38,"A,C,Cl,HD,N,NA,OA"
CHEMBL26267,fallo_empirico_4_proteinas,32,"C,Cl,HD,N,NA,OA,S"
CHEMBL26268,fallo_empirico_4_proteinas,30,"C,Cl,HD,N,NA,OA,S"
CHEMBL26325,fallo_empirico_4_proteinas,35,"A,C,F,HD,N,NA,OA,S"
CHEMBL263252,fallo_empirico_4_proteinas,46,"A,Br,C,F,HD,N,NA,OA"
CHEMBL26491,fallo_empirico_4_proteinas,38,"A,Br,C,HD,N,OA"
CHEMBL26570,tipo_invalido:Na,32,"A,C,Cl,HD,N,NA,Na,OA,S"
CHEMBL265749,fallo_empirico_4_proteinas,46,"A,C,F,HD,NA,OA"
CHEMBL26589,fallo_empirico_4_proteinas,30,"A,Br,C,HD,N,OA"
CHEMBL26694,tipo_invalido:Na,20,"A,C,NA,Na,OA,S"
CHEMBL26706,tipo_invalido:Na,21,"A,C,NA,Na,OA,S"
CHEMBL26733,fallo_empirico_4_proteinas,43,"A,Br,C,HD,N,NA,OA"
CHEMBL26788,fallo_empirico_4_proteinas,35,"A,Br,C,HD,N,OA"
CHEMBL26822,tipo_invalido:Na,42,"C,HD,N,Na,OA,S"
CHEMBL26932,fallo_empirico_4_proteinas,14,"A,C,I,NA,OA,S"
CHEMBL26967,fallo_empirico_4_proteinas,41,"A,Br,C,HD,N,NA,OA"
CHEMBL26990,fallo_empirico_4_proteinas,22,"A,C,HD,I,N,OA"
CHEMBL27076,fallo_empirico_4_proteinas,41,"A,Br,C,HD,N,NA,OA"
CHEMBL27177,fallo_empirico_4_proteinas,35,"A,C,F,HD,N,NA,OA,S"
CHEMBL27264,fallo_empirico_4_proteinas,22,"A,C,HD,I,N,OA"
CHEMBL27427,fallo_empirico_4_proteinas,36,"A,C,F,HD,N,NA,OA,S"
CHEMBL27451,fallo_empirico_4_proteinas,25,"A,C,HD,I,N,OA"
CHEMBL27510,fallo_empirico_4_proteinas,35,"A,Br,C,HD,N,OA"
CHEMBL27561,fallo_empirico_4_proteinas,32,"A,C,Cl,HD,N,NA,OA,S"
CHEMBL27564,tipo_invalido:Na,54,"C,HD,N,Na,OA"
CHEMBL27565,fallo_empirico_4_proteinas,31,"C,HD,N,NA,OA,P,S"
CHEMBL27569,tipo_invalido:B,15,"A,B,C,HD,OA"
CHEMBL27580,fallo_empirico_4_proteinas,29,"A,C,Cl,HD,N"
CHEMBL27581,fallo_empirico_4_proteinas,29,"A,C,Cl,N,NA,OA"
CHEMBL27620,tipo_invalido:Na,24,"A,C,Cl,HD,N,Na,OA"
CHEMBL27621,tipo_invalido:K,18,"C,HD,K,N,OA"
CHEMBL27625,fallo_empirico_4_proteinas,30,"A,C,HD,N,NA,OA"
CHEMBL27674,fallo_empirico_4_proteinas,20,"A,C,Cl,HD,N,NA,OA"
CHEMBL27675,fallo_empirico_4_proteinas,19,"A,C,Cl,HD,N,NA,OA,S"
CHEMBL27747,fallo_empirico_4_proteinas,21,"A,C,Cl,HD,N,NA,OA,S"
CHEMBL27789,fallo_empirico_4_proteinas,30,"A,C,HD,NA,OA"
CHEMBL27802,fallo_empirico_4_proteinas,38,"A,C,HD,N,NA,OA"
CHEMBL27850,tipo_invalido:Na,31,"A,C,F,HD,NA,Na,OA"
CHEMBL27887,fallo_empirico_4_proteinas,22,"A,C,I,N,OA"
CHEMBL27906,fallo_empirico_4_proteinas,19,"A,C,Cl,HD,N,NA,OA"
CHEMBL27914,tipo_invalido:Na,31,"A,C,F,HD,NA,Na,OA"
CHEMBL27916,fallo_empirico_4_proteinas,20,"A,C,Cl,HD,N,NA,OA,S"
CHEMBL27917,fallo_empirico_4_proteinas,33,"Br,C,HD,N,OA,S"
CHEMBL27972,fallo_empirico_4_proteinas,22,"A,C,Cl,HD,N,NA,OA"
CHEMBL27973,fallo_empirico_4_proteinas,22,"A,C,Cl,F,HD,N,NA,OA,S"
CHEMBL28016,tipo_invalido:Na,24,"A,C,F,HD,NA,Na,OA,S"
CHEMBL28024,fallo_empirico_4_proteinas,20,"A,C,Cl,HD,N,NA,OA,S"
CHEMBL28027,tipo_invalido:Na,22,"A,C,HD,N,Na,OA"
CHEMBL28033,fallo_empirico_4_proteinas,15,"A,C,I,NA,OA,S"
CHEMBL28040,fallo_empirico_4_proteinas,22,"A,C,HD,I,N,OA"
CHEMBL28083,fallo_empirico_4_proteinas,20,"A,C,Cl,HD,N,NA,OA,S"
CHEMBL28085,fallo_empirico_4_proteinas,26,"A,C,Cl,HD,N,NA,OA"
CHEMBL28126,fallo_empirico_4_proteinas,29,"A,C,Cl,HD,N,NA,OA"
CHEMBL28169,fallo_empirico_4_proteinas,29,"A,C,Cl,HD,N,NA,OA"
CHEMBL28183,fallo_empirico_4_proteinas,21,"A,C,Cl,HD,N,NA,OA"
CHEMBL28185,tipo_invalido:Na,23,"A,C,HD,N,Na,OA"
CHEMBL28193,fallo_empirico_4_proteinas,20,"A,C,Cl,HD,N,NA,OA"
CHEMBL28238,fallo_empirico_4_proteinas,20,"A,C,Cl,HD,N,NA,OA"
CHEMBL28293,fallo_empirico_4_proteinas,30,"Br,C,HD,N,OA,S"
CHEMBL28297,tipo_invalido:Na,40,"A,C,HD,N,NA,Na,OA"
CHEMBL28309,tipo_invalido:Na,25,"A,Br,C,HD,N,Na,OA"
CHEMBL28343,tipo_invalido:Na,20,"A,C,NA,Na,OA,S"
CHEMBL28420,tipo_invalido:B,17,"A,B,C,HD,OA"
CHEMBL28460,fallo_empirico_4_proteinas,39,"A,C,HD,N,NA,OA"
CHEMBL28469,tipo_invalido:Na,24,"A,C,Cl,HD,N,Na,OA"
CHEMBL28481,fallo_empirico_4_proteinas,24,"A,C,Cl,HD,N,NA,OA,S"
CHEMBL28507,tipo_invalido:Na,24,"A,Br,C,Cl,HD,N,Na,OA"
CHEMBL28508,tipo_invalido:Na,24,"A,C,Cl,HD,N,Na,OA"
CHEMBL28510,fallo_empirico_4_proteinas,23,"A,C,Cl,HD,N,NA,OA,S"
CHEMBL28511,tipo_invalido:Na,25,"A,C,HD,N,Na,OA,S"
CHEMBL28522,fallo_empirico_4_proteinas,25,"A,C,Cl,F,HD,N,NA,OA,S"
CHEMBL28537,fallo_empirico_4_proteinas,20,"A,C,Cl,HD,N,NA,OA"
CHEMBL28543,tipo_invalido:Na,24,"A,C,F,HD,N,Na,OA"
CHEMBL28549,tipo_invalido:Na,28,"A,C,F,HD,NA,Na,OA"
CHEMBL28554,fallo_empirico_4_proteinas,21,"A,C,Cl,HD,N,NA,OA"
CHEMBL28557,tipo_invalido:Na,25,"A,C,Cl,HD,N,Na,OA"
CHEMBL28570,tipo_invalido:Na,26,"A,C,HD,NA,Na,OA"
CHEMBL28571,fallo_empirico_4_proteinas,16,"A,C,Cl,HD,N,NA,OA"
CHEMBL28577,tipo_invalido:Na,29,"A,C,F,HD,NA,Na,OA"
CHEMBL28578,tipo_invalido:Na,28,"A,C,F,HD,NA,Na,OA"
CHEMBL28601,tipo_invalido:Na,27,"A,C,F,HD,NA,Na,OA"
CHEMBL28641,fallo_empirico_4_proteinas,33,"C,HD,I,N,OA,S"
CHEMBL28656,fallo_empirico_4_proteinas,19,"A,Br,C,Cl,HD,N,NA,OA"
CHEMBL28657,fallo_empirico_4_proteinas,27,"Br,C,N,OA"
CHEMBL28700,tipo_invalido:Na,23,"A,C,Cl,HD,N,Na,OA"
CHEMBL28703,tipo_invalido:Na,23,"A,C,HD,N,Na,OA"
CHEMBL28705,fallo_empirico_4_proteinas,21,"A,C,Cl,HD,N,NA,OA"
CHEMBL28710,fallo_empirico_4_proteinas,19,"A,C,Cl,HD,N,NA,OA"
CHEMBL28716,tipo_invalido:Na,23,"A,C,Cl,HD,N,Na,OA"
CHEMBL28720,fallo_empirico_4_proteinas,23,"A,C,Cl,F,HD,N,NA,OA,S"
CHEMBL28746,tipo_invalido:Na,28,"A,C,F,HD,NA,Na,OA"
CHEMBL28792,fallo_empirico_4_proteinas,29,"A,C,Cl,HD,N,NA,OA,S"
CHEMBL28793,fallo_empirico_4_proteinas,20,"A,C,Cl,HD,N,NA,OA"
CHEMBL28822,fallo_empirico_4_proteinas,33,"A,C,HD,N,NA,OA,P"
CHEMBL28823,fallo_empirico_4_proteinas,20,"A,C,Cl,HD,N,NA,OA"
CHEMBL28827,fallo_empirico_4_proteinas,24,"A,C,Cl,F,HD,N,NA,OA,S"
CHEMBL28832,fallo_empirico_4_proteinas,19,"A,C,Cl,HD,N,NA,OA,S"
CHEMBL28834,fallo_empirico_4_proteinas,39,"C,HD,NA"
CHEMBL28840,fallo_empirico_4_proteinas,30,"A,C,HD,NA,OA,S"
CHEMBL28845,tipo_invalido:Na,27,"A,C,HD,N,Na,OA"
CHEMBL28878,fallo_empirico_4_proteinas,21,"A,C,Cl,HD,N,NA,OA,S"
CHEMBL28887,fallo_empirico_4_proteinas,19,"A,C,Cl,HD,N,NA,OA"
CHEMBL28893,fallo_empirico_4_proteinas,27,"Br,C,N,OA,S"
CHEMBL28894,fallo_empirico_4_proteinas,21,"A,C,Cl,HD,N,NA,OA"
CHEMBL28927,fallo_empirico_4_proteinas,21,"A,C,Cl,HD,N,NA,OA"
CHEMBL28928,tipo_invalido:Na,26,"A,C,F,HD,N,Na,OA"
CHEMBL28929,fallo_empirico_4_proteinas,28,"C,HD,I,N,OA"
CHEMBL28934,fallo_empirico_4_proteinas,27,"A,C,Cl,HD,NA,OA,S"
CHEMBL28944,fallo_empirico_4_proteinas,21,"A,C,Cl,HD,N,NA,OA"
CHEMBL28955,tipo_invalido:Na,23,"A,C,F,HD,N,Na,OA"
CHEMBL28962,fallo_empirico_4_proteinas,25,"A,C,Cl,HD,N,NA,OA,S"
CHEMBL28976,tipo_invalido:Na,25,"A,C,Cl,HD,N,Na,OA,S"
CHEMBL28993,fallo_empirico_4_proteinas,31,"Br,C,HD,N,OA,S"
CHEMBL29013,fallo_empirico_4_proteinas,20,"A,C,Cl,HD,N,NA,OA,S"
CHEMBL29022,tipo_invalido:Na,31,"A,C,F,HD,NA,Na,OA"
CHEMBL29023,tipo_invalido:Na,26,"A,C,F,HD,NA,Na,OA"
CHEMBL29028,tipo_invalido:Na,23,"A,C,HD,N,Na,OA"
CHEMBL29047,tipo_invalido:Na,24,"A,Br,C,F,HD,N,Na,OA"
CHEMBL29070,fallo_empirico_4_proteinas,26,"A,C,HD,NA,OA,S"
CHEMBL29095,fallo_empirico_4_proteinas,18,"A,C,Cl,N,OA"
CHEMBL29112,tipo_invalido:Na,24,"A,Br,C,HD,N,Na,OA"
CHEMBL29135,fallo_empirico_4_proteinas,23,"A,C,Cl,F,HD,N,NA,OA,S"
CHEMBL29173,tipo_invalido:Na,30,"A,C,HD,N,Na,OA"
CHEMBL29174,tipo_invalido:Na,25,"A,C,Cl,HD,N,Na,OA"
CHEMBL29216,fallo_empirico_4_proteinas,25,"A,Cl,N,OA"
CHEMBL29220,tipo_invalido:Na,27,"A,C,F,HD,NA,Na,OA"
CHEMBL29233,fallo_empirico_4_proteinas,33,"C,HD,I,N,OA"
CHEMBL29236,fallo_empirico_4_proteinas,25,"A,Cl,N,OA,S"
CHEMBL29239,fallo_empirico_4_proteinas,27,"A,C,HD,NA,OA,S"
CHEMBL29242,fallo_empirico_4_proteinas,36,"A,C,HD,N,NA,OA"
CHEMBL29256,tipo_invalido:Na,25,"A,C,F,HD,NA,Na,OA"
CHEMBL29263,fallo_empirico_4_proteinas,28,"A,C,HD,NA,OA,S"
CHEMBL29279,tipo_invalido:Na,27,"A,C,F,HD,NA,Na,OA"
CHEMBL29281,fallo_empirico_4_proteinas,18,"A,C,Cl,HD,N,NA,OA"
CHEMBL29282,fallo_empirico_4_proteinas,29,"A,C,Cl,HD,NA,OA,S"
CHEMBL29284,fallo_empirico_4_proteinas,17,"A,C,Cl,F,HD,N,NA,OA"
CHEMBL29291,tipo_invalido:Na,25,"A,C,Cl,F,HD,N,Na,OA"
CHEMBL29300,fallo_empirico_4_proteinas,19,"A,C,Cl,HD,N,NA,OA,S"
CHEMBL29314,fallo_empirico_4_proteinas,20,"A,C,Cl,HD,N,NA,OA,S"
CHEMBL29321,fallo_empirico_4_proteinas,17,"A,C,Cl,HD,N,NA,OA"
CHEMBL29327,tipo_invalido:Na,23,"A,C,HD,N,Na,OA"
CHEMBL29345,fallo_empirico_4_proteinas,31,"A,C,HD,NA,OA,S"
CHEMBL29395,fallo_empirico_4_proteinas,30,"A,C,HD,NA,OA,S"
CHEMBL29396,tipo_invalido:Na,31,"A,C,F,HD,NA,Na,OA"
CHEMBL29463,fallo_empirico_4_proteinas,28,"A,C,Cl,F,HD,N,NA,OA,S"
CHEMBL29543,tipo_invalido:Na,36,"A,C,F,HD,N,Na,OA"
CHEMBL29608,tipo_invalido:Na,29,"A,C,F,HD,NA,Na,OA"
CHEMBL29636,fallo_empirico_4_proteinas,28,"A,C,HD,NA,OA,S"
CHEMBL29727,fallo_empirico_4_proteinas,18,"A,C,Cl,HD,N,NA,OA"
CHEMBL297425,tipo_invalido:Na,43,"A,C,N,NA,Na,OA"
CHEMBL29750,tipo_invalido:Si,35,"A,C,HD,OA,Si"
CHEMBL29753,fallo_empirico_4_proteinas,28,"A,C,Cl,HD,NA,OA,S"
CHEMBL29809,fallo_empirico_4_proteinas,21,"A,C,Cl,HD,N,NA,OA,S"
CHEMBL29812,fallo_empirico_4_proteinas,19,"A,C,Cl,HD,N,NA,OA"
CHEMBL29813,fallo_empirico_4_proteinas,21,"A,C,Cl,HD,N,NA,OA"
CHEMBL29816,fallo_empirico_4_proteinas,21,"A,C,Cl,HD,N,NA,OA"
CHEMBL29823,fallo_empirico_4_proteinas,17,"A,C,Cl,HD,N,NA,OA"
CHEMBL29882,fallo_empirico_4_proteinas,26,"A,C,Cl,HD,N,NA,OA,S"
CHEMBL29895,fallo_empirico_4_proteinas,26,"A,C,HD,NA,OA"
CHEMBL29900,fallo_empirico_4_proteinas,30,"A,C,Cl,HD,N,NA,OA,S"
CHEMBL29958,tipo_invalido:Na,26,"A,C,HD,NA,Na,OA"
CHEMBL29964,tipo_invalido:Na,28,"A,C,HD,NA,Na,OA"
CHEMBL30013,fallo_empirico_4_proteinas,40,"A,C,HD,NA,OA,S"
CHEMBL30100,fallo_empirico_4_proteinas,26,"A,C,HD,NA,OA"
CHEMBL30144,tipo_invalido:Na,29,"A,C,F,HD,NA,Na,OA"
CHEMBL30152,fallo_empirico_4_proteinas,30,"A,C,HD,NA,OA,S"
CHEMBL30217,tipo_invalido:Si,20,"A,C,Cl,HD,N,NA,OA,Si"
CHEMBL30219,tipo_invalido:Na,20,"C,N,NA,Na,OA"
CHEMBL30267,tipo_invalido:Na,29,"A,C,HD,N,NA,Na,OA,S"
CHEMBL30311,fallo_empirico_4_proteinas,40,"A,C,Cl,HD,N,NA,OA"
CHEMBL30322,tipo_invalido:Na,30,"A,C,HD,N,NA,Na,OA,S"
CHEMBL30326,tipo_invalido:Si,28,"A,C,HD,N,OA,Si"
CHEMBL30423,tipo_invalido:Si,32,"A,C,HD,N,OA,Si"
CHEMBL30428,fallo_empirico_4_proteinas,31,"A,C,N,OA,S"
CHEMBL30461,fallo_empirico_4_proteinas,37,"A,C,HD,N,NA,OA"
CHEMBL30469,fallo_empirico_4_proteinas,33,"A,C,Cl,HD,N,NA,OA,S"
CHEMBL30502,fallo_empirico_4_proteinas,30,"A,Br,C,HD,N,OA,P"
CHEMBL30505,tipo_invalido:K,22,"C,HD,K,N,NA,OA,P"
CHEMBL30517,tipo_invalido:Si,31,"A,C,HD,N,OA,Si"
CHEMBL30518,"tipo_invalido:Na,Si",27,"A,C,HD,N,Na,OA,Si"
CHEMBL30519,tipo_invalido:Si,30,"A,C,HD,N,OA,Si"
CHEMBL30536,tipo_invalido:Na,31,"A,C,HD,N,Na,OA"
CHEMBL30547,fallo_empirico_4_proteinas,33,"A,C,Cl,HD,N,NA,OA,S"
CHEMBL30554,fallo_empirico_4_proteinas,38,"A,C,Cl,HD,N,NA,OA,S"
CHEMBL30578,fallo_empirico_4_proteinas,46,"A,C,HD,N,NA,OA,S"
CHEMBL30579,fallo_empirico_4_proteinas,36,"A,C,Cl,HD,N,NA,OA,S"
CHEMBL30610,fallo_empirico_4_proteinas,38,"A,C,HD,N,NA,OA"
CHEMBL30616,fallo_empirico_4_proteinas,40,"A,C,Cl,HD,N,NA,OA"
CHEMBL30647,fallo_empirico_4_proteinas,38,"A,C,Cl,HD,N,NA,OA,S"
CHEMBL30682,fallo_empirico_4_proteinas,44,"A,C,HD,N,NA,OA"
CHEMBL30685,fallo_empirico_4_proteinas,39,"A,C,Cl,N,OA,S"
CHEMBL30726,tipo_invalido:Na,36,"A,C,HD,N,Na,OA"
CHEMBL30750,fallo_empirico_4_proteinas,36,"A,C,I,N,OA,S"
CHEMBL30759,tipo_invalido:Na,29,"A,C,N,Na,OA"
CHEMBL30772,fallo_empirico_4_proteinas,38,"A,C,Cl,HD,N,NA,OA"
CHEMBL30822,tipo_invalido:Si,37,"A,C,OA,Si"
CHEMBL30836,tipo_invalido:K,27,"A,C,HD,K,N,NA,OA,P"
CHEMBL30841,fallo_empirico_4_proteinas,36,"A,C,Cl,HD,N,NA,OA,S"
CHEMBL3085458,"tipo_invalido:CG,G0",93,"A,C,CG,G0,HD,N,NA,OA,SA"
CHEMBL30872,tipo_invalido:Li,18,"C,HD,Li,NA,OA,P,S"
CHEMBL30876,tipo_invalido:Na,32,"A,C,HD,N,Na,OA"
CHEMBL30892,tipo_invalido:Li,21,"C,HD,Li,NA,OA,P,S"
CHEMBL30978,fallo_empirico_4_proteinas,34,"A,C,Cl,N,OA,S"
CHEMBL30991,tipo_invalido:Na,30,"A,C,HD,N,NA,Na,OA,S"
CHEMBL31013,tipo_invalido:Si,38,"A,C,F,OA,Si"
CHEMBL31022,fallo_empirico_4_proteinas,34,"A,C,Cl,HD,N,NA,OA,S"
CHEMBL31074,fallo_empirico_4_proteinas,34,"A,C,N,OA,S"
CHEMBL31167,tipo_invalido:Na,25,"A,C,HD,N,Na,OA"
CHEMBL31282,tipo_invalido:Na,20,"A,C,Cl,HD,N,Na,OA"
CHEMBL31297,tipo_invalido:Na,27,"A,C,HD,N,Na,OA"
CHEMBL31300,tipo_invalido:Na,22,"A,C,Cl,HD,N,Na,OA"
CHEMBL31313,tipo_invalido:Na,23,"A,C,HD,I,N,Na,OA"
CHEMBL31330,tipo_invalido:Na,32,"A,C,HD,N,Na,OA"
CHEMBL31367,fallo_empirico_4_proteinas,29,"A,C,Cl,HD,N,NA,OA,S"
CHEMBL31394,tipo_invalido:K,26,"C,HD,K,N,NA,OA,P"
CHEMBL31434,fallo_empirico_4_proteinas,34,"A,C,Cl,N,OA,S"
CHEMBL31460,tipo_invalido:Na,28,"A,C,HD,N,Na,OA"
CHEMBL31482,fallo_empirico_4_proteinas,16,"A,C,Cl,N"
CHEMBL31523,tipo_invalido:B,13,"A,B,C,HD,OA"
CHEMBL31559,fallo_empirico_4_proteinas,39,"A,C,Cl,HD,N,NA,OA"
CHEMBL31593,tipo_invalido:K,19,"A,C,HD,K,NA,OA"
CHEMBL31686,fallo_empirico_4_proteinas,35,"A,C,Cl,N,OA,S"
CHEMBL31692,tipo_invalido:K,29,"A,C,HD,K,N,NA,OA,S"
CHEMBL31804,fallo_empirico_4_proteinas,41,"A,C,Cl,HD,N,NA,OA"
CHEMBL31820,fallo_empirico_4_proteinas,19,"A,C,Cl,I,N"
CHEMBL31831,fallo_empirico_4_proteinas,39,"A,C,HD,NA,OA"
CHEMBL31837,fallo_empirico_4_proteinas,40,"A,C,HD,NA,OA"
CHEMBL31864,fallo_empirico_4_proteinas,40,"A,C,Cl,HD,N,NA,OA"
CHEMBL31870,tipo_invalido:Na,24,"A,C,Cl,HD,N,Na,OA"
CHEMBL31962,tipo_invalido:B,9,"B,C,HD,OA"
CHEMBL31972,tipo_invalido:Na,23,"A,C,Cl,HD,N,Na,OA"
CHEMBL32037,tipo_invalido:Na,24,"A,C,Cl,F,HD,N,Na,OA"
CHEMBL32042,tipo_invalido:Na,22,"A,C,HD,N,Na,OA"
CHEMBL32047,fallo_empirico_4_proteinas,38,"A,C,HD,NA,OA"
CHEMBL32086,fallo_empirico_4_proteinas,20,"A,C,Cl,HD,N,NA,OA"
CHEMBL32162,fallo_empirico_4_proteinas,37,"A,Br,C,Cl,HD,N,NA"
CHEMBL32206,tipo_invalido:Si,28,"A,C,HD,N,OA,Si"
CHEMBL32222,fallo_empirico_4_proteinas,32,"A,Br,C,HD,N,NA"
CHEMBL32257,fallo_empirico_4_proteinas,35,"A,C,HD,I,N,OA"
CHEMBL32323,fallo_empirico_4_proteinas,41,"A,Br,C,HD,N,NA"
CHEMBL32342,tipo_invalido:Na,24,"A,C,HD,N,Na,OA"
CHEMBL32352,tipo_invalido:Na,21,"C,HD,Na,OA,P"
CHEMBL32378,tipo_invalido:Na,49,"A,C,HD,N,NA,Na,OA,S"
CHEMBL32407,tipo_invalido:Na,17,"C,HD,Na,OA,P"
CHEMBL32475,tipo_invalido:Si,27,"A,C,Cl,N,NA,S,Si"
CHEMBL32482,tipo_invalido:Na,28,"A,C,NA,Na,OA"
CHEMBL32490,tipo_invalido:Na,38,"A,C,HD,N,NA,Na,OA"
CHEMBL32510,fallo_empirico_4_proteinas,30,"A,C,Cl,HD,N,OA,P"
CHEMBL32513,fallo_empirico_4_proteinas,29,"A,C,HD,N,NA,OA,S"
CHEMBL32523,fallo_empirico_4_proteinas,38,"A,C,HD,N,NA,OA,S"
CHEMBL32547,fallo_empirico_4_proteinas,36,"A,Br,C,HD,N,NA"
CHEMBL32563,fallo_empirico_4_proteinas,31,"A,C,Cl,HD,N,NA,OA,S"
CHEMBL32565,fallo_empirico_4_proteinas,29,"A,C,Cl,HD,N,NA,OA,S"
CHEMBL32585,fallo_empirico_4_proteinas,19,"A,C,Cl,HD,N,NA,OA"
CHEMBL32587,fallo_empirico_4_proteinas,35,"A,C,HD,N,NA,OA,S"
CHEMBL32590,tipo_invalido:Na,33,"A,C,Cl,HD,NA,Na,OA"
CHEMBL32593,tipo_invalido:Na,19,"A,C,HD,N,NA,Na,OA"
CHEMBL32604,fallo_empirico_4_proteinas,38,"A,Br,C,HD,N,NA"
CHEMBL32655,tipo_invalido:Na,18,"A,C,HD,N,NA,Na,OA"
CHEMBL32712,tipo_invalido:Na,34,"A,C,HD,Na,OA"
CHEMBL32729,fallo_empirico_4_proteinas,34,"A,Br,C,HD,N,NA"
CHEMBL32761,fallo_empirico_4_proteinas,34,"A,Br,C,HD,N,NA"
CHEMBL32768,fallo_empirico_4_proteinas,21,"A,C,Cl,HD,N,NA,OA"
CHEMBL32794,fallo_empirico_4_proteinas,31,"A,C,Cl,I,N,NA,OA"
CHEMBL32821,fallo_empirico_4_proteinas,44,"A,Br,C,Cl,HD,N,NA,OA"
CHEMBL32873,fallo_empirico_4_proteinas,35,"A,C,Cl,HD,N,NA,OA"
CHEMBL32912,tipo_invalido:Na,31,"A,C,HD,N,NA,Na,OA"
CHEMBL32915,tipo_invalido:Na,26,"A,C,NA,Na,OA"
CHEMBL32943,fallo_empirico_4_proteinas,44,"A,C,Cl,HD,N,NA,OA"
CHEMBL32994,tipo_invalido:Si,28,"A,C,HD,N,OA,Si"
CHEMBL33050,fallo_empirico_4_proteinas,37,"A,C,HD,I,N,OA"
CHEMBL33051,fallo_empirico_4_proteinas,26,"A,C,Cl,HD,N,NA,OA"
CHEMBL33084,fallo_empirico_4_proteinas,39,"A,Br,C,HD,N,NA"
CHEMBL3309808,tipo_invalido:B,42,"B,C,HD,N,NA,OA"
CHEMBL3309809,tipo_invalido:B,50,"B,C,HD,N,NA,OA"
CHEMBL3309874,tipo_invalido:Te,42,"A,C,HD,N,OA,S,Te"
CHEMBL3309875,tipo_invalido:Te,34,"A,C,HD,N,OA,S,Te"
CHEMBL3309878,tipo_invalido:Te,36,"A,C,HD,N,OA,Te"
CHEMBL3309879,tipo_invalido:Te,28,"A,C,HD,N,OA,Te"
CHEMBL3309882,tipo_invalido:Te,32,"A,C,HD,N,OA,Te"
CHEMBL3309885,tipo_invalido:Te,34,"A,C,HD,N,OA,Te"
CHEMBL3309886,tipo_invalido:Te,26,"A,C,HD,N,OA,Te"
CHEMBL3309889,tipo_invalido:Te,26,"A,C,HD,N,OA,Te"
CHEMBL3309923,fallo_empirico_4_proteinas,41,"A,C,Cl,F,HD,N,NA,OA"
CHEMBL33101,fallo_empirico_4_proteinas,18,"A,C,Cl,HD,N,NA,OA"
CHEMBL3310110,fallo_empirico_4_proteinas,28,"A,C,Cl,HD,N,NA,OA"
CHEMBL3310111,fallo_empirico_4_proteinas,28,"A,C,Cl,HD,N,NA,OA"
CHEMBL3310114,fallo_empirico_4_proteinas,28,"A,C,Cl,HD,N,NA,OA"
CHEMBL3310115,fallo_empirico_4_proteinas,28,"A,C,Cl,HD,N,NA,OA"
CHEMBL3310116,fallo_empirico_4_proteinas,28,"A,C,Cl,HD,N,NA,OA"
CHEMBL3310117,fallo_empirico_4_proteinas,30,"A,C,Cl,HD,N,NA,OA"
CHEMBL3310118,fallo_empirico_4_proteinas,30,"A,C,Cl,HD,N,NA,OA"
CHEMBL3310120,fallo_empirico_4_proteinas,28,"A,C,Cl,HD,N,NA,OA"
CHEMBL3310121,fallo_empirico_4_proteinas,26,"A,C,Cl,F,HD,N,NA,OA"
CHEMBL3310122,fallo_empirico_4_proteinas,26,"A,C,Cl,HD,N,NA,OA"
CHEMBL3310123,fallo_empirico_4_proteinas,28,"A,C,Cl,HD,N,NA,OA"
CHEMBL33104,fallo_empirico_4_proteinas,37,"A,Br,C,HD,N,OA"
CHEMBL3310802,fallo_empirico_4_proteinas,41,"A,C,HD,N,NA,OA"
CHEMBL3310947,fallo_empirico_4_proteinas,28,"A,C,Cl,HD,N,NA,OA"
CHEMBL3310948,fallo_empirico_4_proteinas,26,"A,C,Cl,HD,N,NA,OA"
CHEMBL3310949,fallo_empirico_4_proteinas,26,"A,C,Cl,HD,N,NA,OA"
CHEMBL3310960,fallo_empirico_4_proteinas,28,"A,C,Cl,HD,N,NA,OA"
CHEMBL3310961,fallo_empirico_4_proteinas,28,"A,C,Cl,HD,N,NA,OA"
CHEMBL3311233,fallo_empirico_4_proteinas,34,"A,C,I,N,OA"
CHEMBL3311355,fallo_empirico_4_proteinas,31,"A,C,Cl,HD,NA,OA"
CHEMBL3311356,fallo_empirico_4_proteinas,32,"A,C,Cl,HD,NA,OA"
CHEMBL3311358,fallo_empirico_4_proteinas,39,"A,C,HD,NA,OA"
CHEMBL3311359,fallo_empirico_4_proteinas,39,"A,C,HD,NA,OA"
CHEMBL3311513,fallo_empirico_4_proteinas,33,"A,Br,C,Cl,HD,N,NA,OA"
CHEMBL33120,"tipo_invalido:Na,Si",30,"A,C,HD,N,Na,OA,Si"
CHEMBL33122,fallo_empirico_4_proteinas,30,"A,C,N,OA,S"
CHEMBL33124,tipo_invalido:K,26,"A,C,HD,K,N,NA,OA,P"
CHEMBL3313966,fallo_empirico_4_proteinas,34,"A,C,Cl,HD,N,NA,OA"
CHEMBL3314070,fallo_empirico_4_proteinas,24,"A,C,Cl,HD,N,OA"
CHEMBL3314169,fallo_empirico_4_proteinas,25,"A,C,Cl,HD,N,NA,OA,S"
CHEMBL3314170,fallo_empirico_4_proteinas,26,"A,C,Cl,HD,N,NA,OA,S"
CHEMBL33149,fallo_empirico_4_proteinas,31,"A,C,N,OA,S"
CHEMBL33219,tipo_invalido:Si,24,"A,C,HD,OA,Si"
CHEMBL33296,tipo_invalido:Na,28,"A,C,HD,N,NA,Na,OA,S"
CHEMBL33323,tipo_invalido:Na,30,"A,C,HD,N,NA,Na,OA,S"
CHEMBL33325,tipo_invalido:Na,29,"A,C,HD,N,NA,Na,OA,P"
CHEMBL33332,fallo_empirico_4_proteinas,24,"A,C,Cl,HD,N,NA,OA"
CHEMBL33334,tipo_invalido:Na,36,"A,C,F,NA,Na,OA"
CHEMBL33368,tipo_invalido:Na,33,"A,C,NA,Na,OA,S"
CHEMBL33409,tipo_invalido:Si,26,"A,C,HD,N,NA,Si"
CHEMBL33426,tipo_invalido:Na,26,"C,HD,Na,OA,P"
CHEMBL33469,fallo_empirico_4_proteinas,26,"A,C,Cl,HD,N,NA"
CHEMBL33502,fallo_empirico_4_proteinas,30,"A,C,N,OA,S"
CHEMBL3350694,tipo_invalido:Si,43,"C,HD,N,NA,OA,S,Si"
CHEMBL3350710,"tipo_invalido:CG,G0",57,"C,CG,G0,HD,NA,OA"
CHEMBL3350721,"tipo_invalido:CG,G0",48,"A,C,CG,G0,HD,N,NA,OA,SA"
CHEMBL3350724,"tipo_invalido:CG,G0",116,"A,C,CG,G0,HD,N,NA,OA,SA"
CHEMBL3350725,"tipo_invalido:CG,G0",101,"A,C,CG,G0,HD,I,N,NA,OA,SA"
CHEMBL3350726,"tipo_invalido:CG,G0",114,"A,C,CG,G0,HD,I,N,NA,OA,SA"
CHEMBL3350879,"tipo_invalido:CG,G0",35,"A,C,CG,G0,OA"
CHEMBL3350880,"tipo_invalido:CG,G0",109,"A,C,CG,G0,HD,N,NA,OA,SA"
CHEMBL3350881,"tipo_invalido:CG,G0",94,"A,C,CG,G0,HD,N,NA,OA,SA"
CHEMBL3350882,"tipo_invalido:CG,G0",104,"A,C,CG,G0,HD,N,NA,OA,SA"
CHEMBL3350883,"tipo_invalido:CG,G0",101,"A,C,CG,G0,HD,N,NA,OA,SA"
CHEMBL3350884,"tipo_invalido:CG,G0",100,"A,C,CG,G0,HD,N,NA,OA,SA"
CHEMBL3350885,"tipo_invalido:CG,G0",93,"A,C,CG,G0,HD,N,NA,OA,SA"
CHEMBL3350886,"tipo_invalido:CG,G0",95,"A,C,CG,G0,HD,N,NA,OA,SA"
CHEMBL3350887,"tipo_invalido:CG,G0",113,"A,C,CG,G0,HD,N,NA,OA,SA"
CHEMBL3350888,"tipo_invalido:CG,G0",86,"A,C,CG,G0,HD,N,NA,OA,SA"
CHEMBL3350889,"tipo_invalido:CG,G0",113,"A,C,CG,G0,HD,N,NA,OA,SA"
CHEMBL3350893,"tipo_invalido:CG,G0",109,"A,C,CG,G0,HD,N,NA,OA,SA"
CHEMBL3350894,"tipo_invalido:CG,G0",109,"A,C,CG,G0,HD,N,NA,OA,SA"
CHEMBL3350895,"tipo_invalido:CG,G0",106,"A,C,CG,G0,HD,N,NA,OA,SA"
CHEMBL3350896,"tipo_invalido:CG,G0",86,"A,C,CG,G0,HD,N,NA,OA,SA"
CHEMBL3350897,"tipo_invalido:CG,G0",93,"A,C,CG,G0,HD,N,NA,OA,SA"
CHEMBL3350898,"tipo_invalido:CG,G0",94,"A,C,CG,G0,HD,N,NA,OA,SA"
CHEMBL3350899,"tipo_invalido:CG,G0",95,"A,C,CG,G0,HD,N,NA,OA,SA"
CHEMBL3350900,"tipo_invalido:CG,G0",99,"A,C,CG,G0,HD,N,NA,OA,SA"
CHEMBL3350901,"tipo_invalido:CG,G0",95,"A,C,CG,G0,HD,N,NA,OA,SA"
CHEMBL3350902,"tipo_invalido:CG,G0",95,"A,C,CG,G0,HD,N,NA,OA,SA"
CHEMBL3350903,"tipo_invalido:CG,G0",101,"A,C,CG,G0,HD,N,NA,OA,SA"
CHEMBL3350904,"tipo_invalido:CG,G0",101,"A,C,CG,G0,HD,N,NA,OA,SA"
CHEMBL3350905,"tipo_invalido:CG,G0",97,"A,C,CG,G0,HD,N,NA,OA,SA"
CHEMBL3350906,"tipo_invalido:CG,G0",80,"A,C,CG,G0,HD,N,NA,OA,SA"
CHEMBL3350907,"tipo_invalido:CG,G0",95,"A,C,CG,G0,HD,N,NA,OA,SA"
CHEMBL3350908,"tipo_invalido:CG,G0",107,"A,C,CG,G0,HD,N,NA,OA,SA"
CHEMBL3350909,"tipo_invalido:CG,G0",100,"A,C,CG,G0,HD,N,NA,OA,SA"
CHEMBL3350910,"tipo_invalido:CG,G0",98,"A,C,CG,G0,HD,N,NA,OA,SA"
CHEMBL3350911,"tipo_invalido:CG,G0",94,"A,C,CG,G0,HD,N,NA,OA,SA"
CHEMBL3350912,"tipo_invalido:CG,G0",94,"A,C,CG,G0,HD,N,NA,OA,SA"
CHEMBL3350913,"tipo_invalido:CG,G0",80,"A,C,CG,G0,HD,N,NA,OA,SA"
CHEMBL3350981,"tipo_invalido:CG,G0",42,"A,C,CG,G0,HD,N,NA,OA,P"
CHEMBL3350982,"tipo_invalido:CG,G0",48,"A,C,CG,G0,HD,N,NA,OA,P"
CHEMBL3350983,"tipo_invalido:CG,G0",44,"A,C,CG,G0,HD,N,NA,OA,P"
CHEMBL3350984,"tipo_invalido:CG,G0",45,"A,C,CG,G0,HD,N,NA,OA,P"
CHEMBL3350985,"tipo_invalido:CG,G0",43,"A,Br,C,CG,G0,HD,N,NA,OA,P"
CHEMBL3350986,"tipo_invalido:CG,G0",45,"A,Br,C,CG,G0,HD,N,NA,OA,P"
CHEMBL3350987,"tipo_invalido:CG,G0",50,"A,C,CG,G0,HD,N,NA,OA,P"
CHEMBL3350988,"tipo_invalido:CG,G0",47,"A,C,CG,G0,HD,N,NA,OA,P"
CHEMBL3350989,"tipo_invalido:CG,G0",44,"A,C,CG,G0,HD,N,NA,OA,P"
CHEMBL3351044,"tipo_invalido:CG,G0",98,"A,C,CG,G0,HD,N,NA,OA,SA"
CHEMBL33547,tipo_invalido:Na,14,"C,HD,N,NA,Na,OA"
CHEMBL33583,tipo_invalido:Na,26,"A,C,HD,N,NA,Na,OA,S"
CHEMBL33586,fallo_empirico_4_proteinas,41,"A,Br,C,HD,N,OA"
CHEMBL33614,fallo_empirico_4_proteinas,37,"A,C,HD,I,N,OA"
CHEMBL33637,tipo_invalido:Na,18,"C,HD,N,NA,Na,OA"
CHEMBL33672,tipo_invalido:Na,28,"A,C,HD,N,NA,Na,OA,S"
CHEMBL33711,tipo_invalido:Na,25,"A,C,N,NA,Na,OA,S"
CHEMBL33753,tipo_invalido:Si,24,"A,C,HD,OA,Si"
CHEMBL33761,fallo_empirico_4_proteinas,34,"A,C,HD,I,N,OA"
CHEMBL33794,tipo_invalido:Na,28,"A,C,Cl,HD,N,NA,Na,OA,S"
CHEMBL33797,tipo_invalido:Na,33,"A,C,N,Na,OA,S"
CHEMBL33843,fallo_empirico_4_proteinas,15,"A,C,Cl,HD,NA"
CHEMBL33859,fallo_empirico_4_proteinas,28,"A,C,Cl,N,OA,S"
CHEMBL33895,tipo_invalido:Na,22,"C,N,Na,OA,S"
CHEMBL33929,fallo_empirico_4_proteinas,37,"A,C,Cl,HD,I,N,OA"
CHEMBL33950,tipo_invalido:Na,26,"A,C,N,NA,Na,OA,S"
CHEMBL33978,tipo_invalido:Zn,34,"A,C,HD,N,NA,OA,S,Zn"
CHEMBL33990,tipo_invalido:Si,24,"A,C,HD,N,OA,Si"
CHEMBL34000,fallo_empirico_4_proteinas,22,"A,C,Cl,HD,N,NA,OA"
CHEMBL34006,tipo_invalido:B,26,"A,B,C,F,HD,N,NA"
CHEMBL34063,fallo_empirico_4_proteinas,27,"A,C,I,N,OA"
CHEMBL34074,tipo_invalido:Na,22,"A,C,NA,Na,OA"
CHEMBL34110,tipo_invalido:Na,18,"A,C,HD,N,NA,Na,OA"
CHEMBL34165,fallo_empirico_4_proteinas,35,"A,C,HD,I,N,OA"
CHEMBL34180,fallo_empirico_4_proteinas,24,"A,C,Cl,HD,N,NA,OA,S"
CHEMBL34192,tipo_invalido:Na,32,"A,C,HD,NA,Na,OA"
CHEMBL34194,tipo_invalido:Na,25,"C,Cl,Na,OA,P"
CHEMBL34220,tipo_invalido:Na,27,"A,C,HD,N,NA,Na,OA,S"
CHEMBL34223,tipo_invalido:Na,34,"A,C,NA,Na,OA"
CHEMBL34269,fallo_empirico_4_proteinas,15,"A,C,Cl,HD,NA"
CHEMBL34301,tipo_invalido:Na,31,"A,C,N,NA,Na,OA"
CHEMBL34312,fallo_empirico_4_proteinas,14,"A,C,HD,I,N,NA,OA"
CHEMBL34336,fallo_empirico_4_proteinas,42,"A,C,N,OA,S"
CHEMBL34375,tipo_invalido:K,37,"A,C,Cl,K,N,OA"
CHEMBL34389,tipo_invalido:Na,27,"A,C,HD,N,NA,Na,OA,P"
CHEMBL34402,tipo_invalido:K,21,"C,HD,K,N,NA,OA,P"
CHEMBL34438,tipo_invalido:K,38,"A,C,Cl,K,N,OA"
CHEMBL34571,fallo_empirico_4_proteinas,34,"A,C,N,OA,S"
CHEMBL34572,tipo_invalido:Si,20,"A,C,HD,N,OA,Si"
CHEMBL34645,tipo_invalido:Na,21,"A,C,NA,Na,OA"
CHEMBL34676,tipo_invalido:Na,29,"A,C,HD,N,Na,OA"
CHEMBL34707,fallo_empirico_4_proteinas,15,"A,C,HD,I,N,NA,OA,S"
CHEMBL34708,tipo_invalido:K,35,"A,C,Cl,K,N,OA"
CHEMBL34717,fallo_empirico_4_proteinas,23,"A,Br,C,HD,N,NA,OA"
CHEMBL34720,fallo_empirico_4_proteinas,37,"A,C,F,HD,NA,OA,P"
CHEMBL34732,fallo_empirico_4_proteinas,36,"A,C,HD,I,N,OA"
CHEMBL34733,tipo_invalido:Si,22,"A,C,HD,OA,Si"
CHEMBL34771,tipo_invalido:Na,21,"A,C,Cl,NA,Na,OA"
CHEMBL34783,fallo_empirico_4_proteinas,35,"A,C,N,OA,S"
CHEMBL34798,tipo_invalido:Na,18,"A,C,HD,N,NA,Na,OA"
CHEMBL34806,tipo_invalido:Na,19,"A,C,NA,Na,OA"
CHEMBL34831,fallo_empirico_4_proteinas,40,"A,C,Cl,HD,N,NA"
CHEMBL34844,fallo_empirico_4_proteinas,30,"A,C,HD,NA,OA"
CHEMBL34862,tipo_invalido:K,27,"A,C,HD,K,N,NA,OA,S"
CHEMBL34866,tipo_invalido:K,38,"A,C,HD,K,N,NA,OA,S"
CHEMBL34872,fallo_empirico_4_proteinas,38,"A,C,Cl,HD,N,NA,OA"
CHEMBL34915,tipo_invalido:K,35,"A,Br,C,K,N,OA"
CHEMBL34922,fallo_empirico_4_proteinas,41,"A,C,Cl,HD,N,NA,OA"
CHEMBL34948,tipo_invalido:K,24,"A,C,HD,K,N,OA"
CHEMBL34962,fallo_empirico_4_proteinas,42,"A,C,Cl,HD,N,NA"
CHEMBL34964,tipo_invalido:B,14,"A,B,HD,OA,S"
CHEMBL34978,fallo_empirico_4_proteinas,17,"A,C,HD,I,N,NA,OA"
CHEMBL34981,tipo_invalido:Na,23,"C,N,Na,OA,S"
CHEMBL34995,fallo_empirico_4_proteinas,36,"A,C,HD,N,NA,OA,S"
CHEMBL35002,fallo_empirico_4_proteinas,43,"A,Br,C,HD,N,NA"
CHEMBL35009,tipo_invalido:Na,33,"A,C,NA,Na,OA"
CHEMBL35029,fallo_empirico_4_proteinas,51,"A,C,HD,N,NA,OA,S"
CHEMBL35062,tipo_invalido:Si,34,"A,C,HD,OA,Si"
CHEMBL35074,tipo_invalido:Na,21,"A,C,Cl,NA,Na,OA"
CHEMBL35087,fallo_empirico_4_proteinas,21,"A,C,HD,I,N,NA,OA,S"
CHEMBL35101,tipo_invalido:Na,34,"A,C,HD,N,NA,Na,OA"
CHEMBL35108,fallo_empirico_4_proteinas,26,"A,Br,C,HD,N,NA"
CHEMBL35110,fallo_empirico_4_proteinas,30,"A,Br,C,HD,N,NA"
CHEMBL35138,fallo_empirico_4_proteinas,39,"C,HD,N,NA,OA,S"
CHEMBL35159,fallo_empirico_4_proteinas,42,"A,C,Cl,HD,N,NA"
CHEMBL35170,fallo_empirico_4_proteinas,31,"A,Br,C,HD,N,NA"
CHEMBL35171,tipo_invalido:Na,38,"A,C,HD,N,NA,Na,OA"
CHEMBL35188,tipo_invalido:K,23,"A,C,HD,K,N,OA,S"
CHEMBL35191,tipo_invalido:Na,21,"A,C,NA,Na,OA"
CHEMBL35210,fallo_empirico_4_proteinas,24,"A,Br,C,HD,N,NA"
CHEMBL35266,fallo_empirico_4_proteinas,39,"A,C,HD,NA,OA"
CHEMBL35275,fallo_empirico_4_proteinas,41,"A,Br,C,HD,N,NA"
CHEMBL35314,fallo_empirico_4_proteinas,26,"A,C,HD,NA,OA"
CHEMBL35326,tipo_invalido:K,39,"A,C,Cl,K,N,OA"
CHEMBL35335,tipo_invalido:Na,30,"A,C,F,NA,Na,OA"
CHEMBL35352,fallo_empirico_4_proteinas,43,"A,C,Cl,HD,N,NA"
CHEMBL35362,tipo_invalido:Na,21,"A,C,N,Na,OA"
CHEMBL35396,fallo_empirico_4_proteinas,42,"A,C,Cl,HD,N,NA,OA"
CHEMBL35400,tipo_invalido:Na,27,"A,Br,C,NA,Na,OA"
CHEMBL35403,fallo_empirico_4_proteinas,40,"A,C,Cl,HD,N,NA"
CHEMBL35407,tipo_invalido:Na,27,"A,C,Cl,NA,Na,OA"
CHEMBL35418,tipo_invalido:Na,26,"A,C,N,NA,Na,OA,S"
CHEMBL35446,fallo_empirico_4_proteinas,39,"A,Br,C,HD,N,NA"
CHEMBL35534,tipo_invalido:Na,21,"A,C,NA,Na,OA"
CHEMBL35546,tipo_invalido:Na,30,"A,C,NA,Na,OA"
CHEMBL35585,tipo_invalido:Li,26,"A,C,Li,NA,OA,S"
CHEMBL35676,fallo_empirico_4_proteinas,35,"A,Br,C,HD,N,NA"
CHEMBL35689,tipo_invalido:B,32,"A,B,C,HD,N,OA"
CHEMBL35709,tipo_invalido:Na,29,"A,C,NA,Na,OA"
CHEMBL35744,tipo_invalido:K,36,"A,C,K,N,OA"
CHEMBL35751,tipo_invalido:Na,33,"A,C,HD,N,NA,Na,OA"
CHEMBL35840,tipo_invalido:Na,29,"A,C,NA,Na,OA,S"
CHEMBL35850,fallo_empirico_4_proteinas,38,"A,Br,C,HD,N,NA"
CHEMBL35869,fallo_empirico_4_proteinas,34,"A,C,HD,NA,OA"
CHEMBL35872,fallo_empirico_4_proteinas,35,"A,C,HD,NA,OA"
CHEMBL35916,fallo_empirico_4_proteinas,39,"A,Br,C,Cl,HD,N,NA"
CHEMBL35942,fallo_empirico_4_proteinas,22,"A,C,HD,I,N,NA"
CHEMBL35966,tipo_invalido:Na,27,"A,C,NA,Na,OA"
CHEMBL35987,tipo_invalido:Na,18,"C,N,Na,OA,S"
CHEMBL36025,tipo_invalido:K,27,"A,C,HD,K,N,NA,OA,S"
CHEMBL36028,tipo_invalido:Na,20,"A,C,NA,Na,OA"
CHEMBL36034,tipo_invalido:Na,33,"A,C,HD,NA,Na,OA"
CHEMBL36054,fallo_empirico_4_proteinas,22,"A,C,Cl,HD,N,NA,OA,S"
CHEMBL36072,fallo_empirico_4_proteinas,37,"A,Br,C,HD,N,NA"
CHEMBL36106,fallo_empirico_4_proteinas,23,"A,C,Cl,HD,N,NA,OA,S"
CHEMBL36130,tipo_invalido:Na,29,"A,C,HD,N,NA,Na,OA"
CHEMBL36142,tipo_invalido:Na,49,"A,C,HD,N,NA,Na,OA,S"
CHEMBL36157,fallo_empirico_4_proteinas,36,"A,C,HD,N,NA,OA"
CHEMBL36161,fallo_empirico_4_proteinas,34,"C,Cl,HD,NA,OA,P"
CHEMBL36179,fallo_empirico_4_proteinas,17,"A,C,I,N"
CHEMBL36187,fallo_empirico_4_proteinas,24,"A,C,HD,NA,OA"
CHEMBL36193,fallo_empirico_4_proteinas,25,"A,C,HD,I,N,NA"
CHEMBL36213,tipo_invalido:Na,19,"C,N,Na,OA,S"
CHEMBL36256,fallo_empirico_4_proteinas,36,"A,Br,C,HD,N,NA"
CHEMBL36259,tipo_invalido:K,32,"A,C,Cl,K,N,NA,OA"
CHEMBL36270,fallo_empirico_4_proteinas,36,"A,C,HD,NA,OA"
CHEMBL36271,fallo_empirico_4_proteinas,21,"A,C,I,N,NA,OA"
CHEMBL36305,tipo_invalido:Na,29,"A,C,N,NA,Na,OA"
CHEMBL36308,tipo_invalido:Na,19,"C,Cl,Na,OA,P"
CHEMBL36357,fallo_empirico_4_proteinas,41,"A,Br,C,Cl,HD,N,NA"
CHEMBL36358,fallo_empirico_4_proteinas,28,"A,Br,C,HD,N,NA"
CHEMBL36396,tipo_invalido:K,34,"A,C,K,N,OA"
CHEMBL36454,fallo_empirico_4_proteinas,20,"A,C,Cl,HD,N,NA,OA"
CHEMBL36476,tipo_invalido:K,34,"A,C,K,N,OA"
CHEMBL36488,tipo_invalido:Na,21,"A,C,HD,N,NA,Na,OA"
CHEMBL36548,fallo_empirico_4_proteinas,36,"A,C,HD,NA,OA"
CHEMBL36549,fallo_empirico_4_proteinas,33,"A,C,HD,NA,OA"
CHEMBL36552,fallo_empirico_4_proteinas,34,"A,C,HD,N,NA,OA"
CHEMBL36574,fallo_empirico_4_proteinas,38,"A,Br,C,HD,N,NA"
CHEMBL36590,fallo_empirico_4_proteinas,31,"A,C,HD,NA,OA"
CHEMBL36630,fallo_empirico_4_proteinas,31,"A,C,Cl,HD,NA,OA"
CHEMBL36657,tipo_invalido:Na,25,"C,N,Na,OA,S"
CHEMBL36670,tipo_invalido:B,47,"A,B,C,HD,N,OA"
CHEMBL36678,fallo_empirico_4_proteinas,24,"A,C,Cl,HD,N,NA,OA,S"
CHEMBL36689,tipo_invalido:Na,22,"C,N,Na,OA,S"
CHEMBL36731,fallo_empirico_4_proteinas,46,"A,C,HD,N,NA,OA,S"
CHEMBL36733,fallo_empirico_4_proteinas,25,"A,C,Cl,N,OA"
CHEMBL36778,fallo_empirico_4_proteinas,39,"A,C,HD,NA,OA"
CHEMBL36784,fallo_empirico_4_proteinas,52,"A,C,HD,N,NA,OA"
CHEMBL36794,fallo_empirico_4_proteinas,22,"A,C,Cl,HD,N,NA,OA,S"
CHEMBL36796,fallo_empirico_4_proteinas,33,"A,C,F,HD,N,NA,OA"
CHEMBL36804,fallo_empirico_4_proteinas,42,"A,C,HD,NA,OA"
CHEMBL36837,fallo_empirico_4_proteinas,34,"C,Cl,HD,NA,OA,P"
CHEMBL36853,fallo_empirico_4_proteinas,35,"A,C,I,N,OA"
CHEMBL36860,tipo_invalido:Na,26,"A,C,HD,N,NA,Na,OA"
CHEMBL36888,tipo_invalido:Na,23,"C,N,Na,OA,S"
CHEMBL36896,tipo_invalido:K,33,"A,C,Cl,K,N,OA"
CHEMBL36952,tipo_invalido:K,28,"A,C,HD,K,N,NA,OA,S"
CHEMBL36978,fallo_empirico_4_proteinas,36,"A,C,HD,NA,OA"
CHEMBL37028,tipo_invalido:Na,22,"A,C,HD,N,NA,Na,OA"
CHEMBL37163,fallo_empirico_4_proteinas,34,"C,Cl,HD,NA,OA,P"
CHEMBL37211,fallo_empirico_4_proteinas,31,"A,C,HD,NA,OA"
CHEMBL37212,fallo_empirico_4_proteinas,37,"A,C,HD,N,OA"
CHEMBL37228,fallo_empirico_4_proteinas,24,"A,Br,C,N,NA,OA"
CHEMBL37231,fallo_empirico_4_proteinas,18,"A,C,HD,I,N,NA,OA"
CHEMBL37233,fallo_empirico_4_proteinas,25,"A,C,HD,I,N,NA"
CHEMBL37239,fallo_empirico_4_proteinas,37,"A,C,HD,N,NA,OA"
CHEMBL37257,fallo_empirico_4_proteinas,33,"A,C,HD,N,NA,OA"
CHEMBL37307,fallo_empirico_4_proteinas,34,"A,C,HD,N,NA,OA"
CHEMBL37323,fallo_empirico_4_proteinas,30,"A,C,Cl,HD,N,NA,OA,S"
CHEMBL37332,fallo_empirico_4_proteinas,20,"A,C,HD,I,N,NA,OA,S"
CHEMBL37338,tipo_invalido:K,37,"A,C,Cl,K,N,OA"
CHEMBL37362,fallo_empirico_4_proteinas,38,"A,C,HD,NA,OA"
CHEMBL37367,fallo_empirico_4_proteinas,36,"A,C,HD,NA,OA"
CHEMBL37419,fallo_empirico_4_proteinas,31,"A,C,HD,N,NA,OA"
CHEMBL37503,fallo_empirico_4_proteinas,23,"A,C,HD,NA,OA,S"
CHEMBL37525,fallo_empirico_4_proteinas,26,"A,C,HD,NA,OA"
CHEMBL37607,fallo_empirico_4_proteinas,16,"A,C,I,N,OA"
CHEMBL37622,fallo_empirico_4_proteinas,21,"A,C,Cl,HD,N,NA,OA,S"
CHEMBL37695,tipo_invalido:Na,29,"A,C,Cl,Na,OA,P"
CHEMBL37709,fallo_empirico_4_proteinas,32,"A,C,HD,NA,OA"
CHEMBL37737,fallo_empirico_4_proteinas,34,"A,C,HD,NA,OA"
CHEMBL37750,tipo_invalido:Na,27,"A,C,HD,N,NA,Na,OA"
CHEMBL37773,fallo_empirico_4_proteinas,13,"A,C,HD,I,NA,OA"
CHEMBL37794,tipo_invalido:Na,21,"C,N,Na,OA,S"
CHEMBL37796,tipo_invalido:K,39,"A,C,Cl,K,N,OA"
CHEMBL37798,tipo_invalido:Na,35,"A,C,HD,Na,OA,S"
CHEMBL37814,tipo_invalido:K,36,"A,C,K,N,OA"
CHEMBL37827,fallo_empirico_4_proteinas,25,"A,C,Cl,HD,N,OA"
CHEMBL37866,tipo_invalido:K,35,"A,Br,C,K,N,OA"
CHEMBL37878,tipo_invalido:Si,22,"A,C,NA,Si"
CHEMBL37883,fallo_empirico_4_proteinas,37,"A,C,HD,NA,OA"
CHEMBL37895,tipo_invalido:K,35,"A,C,Cl,K,N,OA"
CHEMBL37934,tipo_invalido:B,23,"A,B,C,F,HD,N,NA"
CHEMBL37956,fallo_empirico_4_proteinas,24,"A,C,HD,NA,OA"
CHEMBL37961,fallo_empirico_4_proteinas,33,"A,C,HD,NA,OA,P"
CHEMBL37962,fallo_empirico_4_proteinas,37,"A,C,HD,NA,OA"
CHEMBL37997,fallo_empirico_4_proteinas,37,"A,C,HD,NA,OA"
CHEMBL38028,fallo_empirico_4_proteinas,28,"A,C,HD,N,NA,OA,S"
CHEMBL38033,fallo_empirico_4_proteinas,26,"C,HD,NA,OA"
CHEMBL38057,tipo_invalido:K,36,"A,C,K,N,OA"
CHEMBL38061,fallo_empirico_4_proteinas,39,"A,C,Cl,HD,NA,OA,P"
CHEMBL38064,fallo_empirico_4_proteinas,28,"A,C,HD,NA,OA"
CHEMBL38114,fallo_empirico_4_proteinas,25,"C,HD,NA,OA"
CHEMBL38123,fallo_empirico_4_proteinas,34,"A,C,HD,N,NA,OA"
CHEMBL38132,tipo_invalido:K,35,"A,C,Cl,K,N,OA"
CHEMBL38149,fallo_empirico_4_proteinas,34,"A,C,HD,NA,OA"
CHEMBL38163,tipo_invalido:Na,31,"A,C,Na,OA,S"
CHEMBL38207,fallo_empirico_4_proteinas,33,"A,C,F,HD,NA,OA"
CHEMBL38223,fallo_empirico_4_proteinas,28,"A,C,HD,NA,OA"
CHEMBL38242,tipo_invalido:Na,29,"A,Br,C,F,NA,Na,OA"
CHEMBL38253,tipo_invalido:K,34,"A,Br,C,Cl,K,N,OA"
CHEMBL38270,tipo_invalido:K,38,"A,C,K,N,OA"
CHEMBL38346,fallo_empirico_4_proteinas,20,"A,C,HD,I,N,NA,OA"
CHEMBL38358,fallo_empirico_4_proteinas,23,"A,Br,C,N,NA,OA"
CHEMBL38375,tipo_invalido:K,33,"A,C,Cl,K,N,NA,OA"
CHEMBL38378,fallo_empirico_4_proteinas,32,"A,C,HD,NA,OA"
CHEMBL38400,fallo_empirico_4_proteinas,18,"A,C,HD,I,N,NA,S"
CHEMBL38421,tipo_invalido:Na,29,"A,C,F,NA,Na,OA"
CHEMBL38437,fallo_empirico_4_proteinas,18,"A,C,HD,I,N,NA,S"
CHEMBL38459,fallo_empirico_4_proteinas,27,"A,C,HD,I,N,NA,OA,S"
CHEMBL38476,tipo_invalido:Na,32,"A,C,F,NA,Na,OA"
CHEMBL38487,fallo_empirico_4_proteinas,25,"C,HD,NA,OA,P"
CHEMBL38523,fallo_empirico_4_proteinas,17,"A,C,HD,I,N,NA,S"
CHEMBL38525,fallo_empirico_4_proteinas,25,"A,Br,C,N,OA"
CHEMBL38535,fallo_empirico_4_proteinas,32,"A,Br,C,N,OA,S"
CHEMBL38577,fallo_empirico_4_proteinas,23,"A,C,Cl,HD,I,N,NA,OA"
CHEMBL38589,fallo_empirico_4_proteinas,15,"Br,C,N,NA"
CHEMBL38639,tipo_invalido:Na,29,"A,C,Cl,F,NA,Na,OA"
CHEMBL38640,fallo_empirico_4_proteinas,29,"A,Br,C,N,OA,S"
CHEMBL38710,tipo_invalido:Na,39,"A,C,HD,N,NA,Na,OA,S"
CHEMBL38763,fallo_empirico_4_proteinas,44,"A,C,Cl,N,OA"
CHEMBL38779,fallo_empirico_4_proteinas,20,"A,C,HD,I,N,NA,OA,S"
CHEMBL38859,fallo_empirico_4_proteinas,21,"A,Br,C,N,NA,OA"
CHEMBL38951,fallo_empirico_4_proteinas,21,"A,Br,C,Cl,N,NA"
CHEMBL38971,fallo_empirico_4_proteinas,31,"A,C,HD,NA,OA,S"
CHEMBL38978,tipo_invalido:Na,29,"A,C,F,NA,Na,OA"
CHEMBL38995,fallo_empirico_4_proteinas,22,"A,Br,C,N,NA,OA"
CHEMBL39087,fallo_empirico_4_proteinas,23,"A,C,Cl,HD,I,N,NA,OA"
CHEMBL39106,fallo_empirico_4_proteinas,22,"A,C,HD,I,N,NA,OA,S"
CHEMBL39133,fallo_empirico_4_proteinas,15,"Br,C,HD,N,NA,OA"
CHEMBL39151,tipo_invalido:Na,28,"A,C,F,NA,Na,OA"
CHEMBL39188,tipo_invalido:Na,29,"A,C,F,NA,Na,OA"
CHEMBL39190,fallo_empirico_4_proteinas,23,"A,Br,C,N,NA,OA"
CHEMBL39198,fallo_empirico_4_proteinas,20,"A,Br,C,N,NA,OA,S"
CHEMBL39213,fallo_empirico_4_proteinas,13,"Br,C,N,NA"
CHEMBL39277,fallo_empirico_4_proteinas,26,"C,HD,NA,OA,P"
CHEMBL39307,fallo_empirico_4_proteinas,21,"A,Br,C,Cl,N,NA"
CHEMBL39327,fallo_empirico_4_proteinas,28,"C,HD,NA,OA,P"
CHEMBL39369,fallo_empirico_4_proteinas,33,"A,C,HD,NA,OA"
CHEMBL39380,tipo_invalido:Na,31,"A,C,Cl,HD,Na,OA,P"
CHEMBL39388,fallo_empirico_4_proteinas,21,"A,C,HD,I,N,NA,OA,S"
CHEMBL39426,fallo_empirico_4_proteinas,36,"A,C,HD,N,NA,OA"
CHEMBL39430,tipo_invalido:Na,26,"A,C,HD,N,NA,Na,OA"
CHEMBL39456,tipo_invalido:Na,25,"A,C,HD,N,NA,Na,OA"
CHEMBL39479,fallo_empirico_4_proteinas,35,"A,C,HD,N,NA,OA"
CHEMBL39496,tipo_invalido:K,26,"A,C,HD,K,N,OA"
CHEMBL39520,tipo_invalido:K,29,"A,C,HD,K,N,NA,OA,S"
CHEMBL39550,fallo_empirico_4_proteinas,15,"A,C,HD,I,N,NA,S"
CHEMBL39569,fallo_empirico_4_proteinas,21,"A,C,I,N,OA"
CHEMBL39570,fallo_empirico_4_proteinas,21,"A,Br,C,Cl,N,NA"
CHEMBL39571,fallo_empirico_4_proteinas,18,"Br,C,N,NA,OA"
CHEMBL39603,fallo_empirico_4_proteinas,32,"A,C,HD,NA,OA"
CHEMBL39619,fallo_empirico_4_proteinas,27,"A,C,HD,I,N,NA,OA,S"
CHEMBL39621,fallo_empirico_4_proteinas,38,"A,C,HD,N,NA,OA"
CHEMBL39640,tipo_invalido:Na,19,"C,N,Na,OA,S"
CHEMBL39644,fallo_empirico_4_proteinas,31,"A,C,HD,NA,OA"
CHEMBL39682,fallo_empirico_4_proteinas,24,"C,HD,NA,OA"
CHEMBL39695,tipo_invalido:Na,38,"A,C,HD,N,NA,Na,OA,S"
CHEMBL39706,fallo_empirico_4_proteinas,26,"C,HD,NA,OA"
CHEMBL39771,fallo_empirico_4_proteinas,20,"A,Br,C,N,NA"
CHEMBL39774,fallo_empirico_4_proteinas,35,"A,C,HD,N,OA,S"
CHEMBL39846,fallo_empirico_4_proteinas,32,"A,C,HD,NA,OA"
CHEMBL39873,fallo_empirico_4_proteinas,25,"C,HD,NA,OA"
CHEMBL39884,fallo_empirico_4_proteinas,24,"A,Br,C,N,NA,OA"
CHEMBL3989803,tipo_invalido:Na,25,"A,C,HD,N,Na,OA,S"
CHEMBL3989811,fallo_empirico_4_proteinas,39,"A,C,F,HD,OA"
CHEMBL39899,fallo_empirico_4_proteinas,17,"Br,C,Cl,HD,N,NA,OA"
CHEMBL39934,fallo_empirico_4_proteinas,37,"A,C,HD,N,NA,OA"
CHEMBL39951,fallo_empirico_4_proteinas,36,"A,C,HD,NA,OA"
CHEMBL39956,fallo_empirico_4_proteinas,31,"A,C,Cl,F,HD,NA,OA"
CHEMBL39980,fallo_empirico_4_proteinas,36,"A,C,HD,NA,OA"
CHEMBL39987,fallo_empirico_4_proteinas,25,"C,HD,NA,OA"
CHEMBL40005,fallo_empirico_4_proteinas,29,"A,C,HD,NA,OA"
CHEMBL40017,fallo_empirico_4_proteinas,22,"A,C,HD,N,NA,OA"
CHEMBL40136,fallo_empirico_4_proteinas,21,"A,Br,C,N,OA,S"
CHEMBL40324,fallo_empirico_4_proteinas,21,"A,C,HD,I,N,OA"
CHEMBL40349,tipo_invalido:Na,40,"A,C,HD,N,NA,Na,OA,S"
CHEMBL40360,tipo_invalido:Na,34,"A,C,N,Na,OA"
CHEMBL40364,tipo_invalido:B,40,"A,B,C,HD,N,NA,OA"
CHEMBL40404,fallo_empirico_4_proteinas,28,"A,C,HD,N,NA,OA,S"
CHEMBL40407,tipo_invalido:B,41,"A,B,C,HD,N,NA,OA"
CHEMBL40423,fallo_empirico_4_proteinas,29,"A,C,HD,NA,OA,S"
CHEMBL40456,fallo_empirico_4_proteinas,29,"A,C,HD,N,NA,OA,S"
CHEMBL40485,tipo_invalido:Na,40,"A,C,HD,N,NA,Na,OA,S"
CHEMBL40494,fallo_empirico_4_proteinas,30,"A,C,HD,N,NA,OA,S"
CHEMBL40495,fallo_empirico_4_proteinas,29,"A,C,HD,N,NA,OA,S"
CHEMBL40626,fallo_empirico_4_proteinas,25,"C,HD,NA,OA"
CHEMBL40691,tipo_invalido:Na,36,"A,C,HD,N,NA,Na,OA,S"
CHEMBL40783,fallo_empirico_4_proteinas,27,"C,HD,NA,OA"
CHEMBL40854,tipo_invalido:B,51,"A,B,C,HD,N,NA,OA,S"
CHEMBL40971,fallo_empirico_4_proteinas,26,"C,HD,NA,OA"
CHEMBL40973,fallo_empirico_4_proteinas,27,"A,Br,C,HD,N,NA,OA"
CHEMBL40998,tipo_invalido:Si,34,"A,C,HD,N,OA,Si"
CHEMBL41026,tipo_invalido:Na,34,"A,C,HD,N,NA,Na,OA,S"
CHEMBL41041,fallo_empirico_4_proteinas,28,"A,C,HD,NA,OA"
CHEMBL41114,fallo_empirico_4_proteinas,33,"A,C,F,HD,NA,OA"
CHEMBL41152,tipo_invalido:B,46,"A,B,C,F,HD,N,NA,OA"
CHEMBL41191,fallo_empirico_4_proteinas,28,"A,C,HD,NA"
CHEMBL41219,fallo_empirico_4_proteinas,25,"A,C,NA"
CHEMBL41238,fallo_empirico_4_proteinas,33,"A,C,F,HD,NA,OA,S"
CHEMBL41250,fallo_empirico_4_proteinas,23,"C,HD,NA,OA,P"
CHEMBL41275,fallo_empirico_4_proteinas,39,"A,C,Cl,HD,N,OA"
CHEMBL41277,tipo_invalido:Si,28,"A,C,Cl,HD,OA,Si"
CHEMBL41301,tipo_invalido:Na,35,"A,C,HD,Na,OA,S"
CHEMBL41368,fallo_empirico_4_proteinas,27,"A,C,HD,NA"
CHEMBL41378,fallo_empirico_4_proteinas,26,"C,HD,NA,OA"
CHEMBL413905,"tipo_invalido:CG,G0",72,"A,C,CG,G0,HD,N,OA"
CHEMBL41593,fallo_empirico_4_proteinas,21,"A,Br,C,HD,I,N,OA"
CHEMBL41594,fallo_empirico_4_proteinas,24,"A,C,Cl,HD,N,OA,S"
CHEMBL41604,fallo_empirico_4_proteinas,24,"A,Br,C,Cl,HD,N,OA,S"
CHEMBL41768,fallo_empirico_4_proteinas,26,"A,C,NA"
CHEMBL41786,fallo_empirico_4_proteinas,27,"A,Br,C,HD,N,NA,OA"
CHEMBL41799,tipo_invalido:Na,27,"A,C,F,NA,Na,OA,S"
CHEMBL41839,fallo_empirico_4_proteinas,27,"C,HD,NA,OA"
CHEMBL41884,fallo_empirico_4_proteinas,23,"A,C,HD,I,N,NA,OA,S"
CHEMBL41893,fallo_empirico_4_proteinas,24,"A,C,HD,I,N,NA,OA,S"
CHEMBL41899,fallo_empirico_4_proteinas,24,"A,C,Cl,HD,N,OA,S"
CHEMBL41914,fallo_empirico_4_proteinas,14,"A,C,HD,I,N,NA,S"
CHEMBL42077,tipo_invalido:Na,26,"A,C,NA,Na,OA,S"
CHEMBL42269,tipo_invalido:Na,39,"C,HD,Na,OA"
CHEMBL42338,fallo_empirico_4_proteinas,36,"A,C,Cl,HD,N,NA"
CHEMBL42512,fallo_empirico_4_proteinas,24,"A,C,Cl,HD,N,OA"
CHEMBL42528,tipo_invalido:Na,29,"A,C,N,NA,Na,OA,S"
CHEMBL42634,tipo_invalido:Si,38,"A,C,HD,N,NA,OA,Si"
CHEMBL42852,tipo_invalido:B,38,"A,B,C,HD,N,NA,OA"
CHEMBL42864,fallo_empirico_4_proteinas,18,"A,C,HD,I,N,NA,S"
CHEMBL4297111,"tipo_invalido:CG,G0,G1,G2,G3",166,"A,C,CG,Cl,G0,G1,G2,G3,HD,N,NA,OA"
CHEMBL4297147,fallo_empirico_4_proteinas,35,"A,C,Cl,F,HD,NA,OA"
CHEMBL4298926,tipo_invalido:B,17,"B,Br,C,HD,N,OA"
CHEMBL4299065,tipo_invalido:Te,30,"C,Cl,HD,NA,OA,Te"
CHEMBL4299066,tipo_invalido:Si,37,"A,C,Cl,HD,N,NA,OA,Si"
CHEMBL4299068,tipo_invalido:Te,9,"C,Cl,HD,OA,Te"
CHEMBL4299159,tipo_invalido:Si,37,"A,Cl,HD,OA,Si"
CHEMBL4299160,tipo_invalido:Si,35,"C,Cl,HD,OA,Si"
CHEMBL4299161,tipo_invalido:Si,55,"A,Cl,HD,NA,OA,Si"
CHEMBL4299165,fallo_empirico_4_proteinas,53,"A,C,HD,N,NA,OA,S"
CHEMBL4299166,fallo_empirico_4_proteinas,52,"A,C,HD,N,NA,OA,S"
CHEMBL4299167,fallo_empirico_4_proteinas,52,"A,C,HD,N,NA,OA,S"
CHEMBL4299173,fallo_empirico_4_proteinas,52,"A,C,Cl,HD,N,NA,OA"
CHEMBL4299185,fallo_empirico_4_proteinas,28,"A,C,Cl,HD,N,NA,OA,S"
CHEMBL4299873,tipo_invalido:B,42,"A,B,C,HD,N,NA,OA,P"
CHEMBL4299960,fallo_empirico_4_proteinas,18,"Cl,HD,OA"
CHEMBL4300169,tipo_invalido:B,42,"A,B,C,HD,N,NA,OA,P"
CHEMBL43081,fallo_empirico_4_proteinas,31,"A,C,N,OA,P"
CHEMBL43128,fallo_empirico_4_proteinas,38,"A,C,HD,N,NA,OA,P"
CHEMBL43129,fallo_empirico_4_proteinas,26,"A,C,NA"
CHEMBL43140,tipo_invalido:B,47,"A,B,C,HD,N,NA,OA,S"
CHEMBL43170,tipo_invalido:Na,27,"A,C,HD,N,NA,Na,OA,S"
CHEMBL43204,tipo_invalido:Na,24,"A,C,HD,N,Na,OA,S"
CHEMBL43216,fallo_empirico_4_proteinas,33,"A,Br,C,HD,N,NA,OA,S"
CHEMBL43236,fallo_empirico_4_proteinas,26,"C,HD,NA,OA,P"
CHEMBL43268,fallo_empirico_4_proteinas,34,"A,C,HD,N,NA,OA,S"
CHEMBL43299,fallo_empirico_4_proteinas,21,"A,C,HD,I,N,NA,OA,S"
CHEMBL43302,fallo_empirico_4_proteinas,39,"A,C,HD,N,NA,OA,P"
CHEMBL43418,tipo_invalido:Si,29,"A,C,HD,OA,Si"
CHEMBL43453,fallo_empirico_4_proteinas,22,"A,C,Cl,HD,N"
CHEMBL43579,tipo_invalido:Si,37,"A,C,NA,OA,S,Si"
CHEMBL43582,tipo_invalido:K,24,"A,C,K,OA"
CHEMBL43639,tipo_invalido:Na,31,"A,C,F,HD,NA,Na,OA"
CHEMBL43686,fallo_empirico_4_proteinas,7,"A,Cl,HD,NA,S"
CHEMBL43708,fallo_empirico_4_proteinas,27,"C,HD,N,NA,OA,S"
CHEMBL43784,fallo_empirico_4_proteinas,18,"A,C,Cl,F,N,OA,S"
CHEMBL43788,fallo_empirico_4_proteinas,37,"A,C,Cl,HD,N,NA,OA,S"
CHEMBL43843,fallo_empirico_4_proteinas,38,"A,C,Cl,HD,NA,OA"
CHEMBL43955,tipo_invalido:Na,31,"A,C,HD,N,NA,Na,OA,S"
CHEMBL44005,tipo_invalido:Li,30,"A,C,HD,Li,N,NA,OA,P"
CHEMBL44117,fallo_empirico_4_proteinas,29,"A,C,HD,N,OA,S"
CHEMBL44169,fallo_empirico_4_proteinas,34,"A,C,Cl,HD,N,NA,OA,S"
CHEMBL44171,fallo_empirico_4_proteinas,36,"A,C,Cl,F,N,NA,OA,S"
CHEMBL442567,fallo_empirico_4_proteinas,48,"A,C,Cl,HD,N,OA"
CHEMBL44267,fallo_empirico_4_proteinas,21,"A,C,Cl,F,N,OA,S"
CHEMBL44274,tipo_invalido:Na,34,"A,C,HD,N,NA,Na,OA,S"
CHEMBL44278,tipo_invalido:Na,36,"A,C,HD,N,NA,Na,OA,S"
CHEMBL443151,fallo_empirico_4_proteinas,47,"A,C,Cl,F,HD,N,OA"
CHEMBL44325,fallo_empirico_4_proteinas,22,"A,Br,C,HD,N,OA"
CHEMBL4434666,fallo_empirico_4_proteinas,37,"A,C,Cl,HD,NA,OA,S"
CHEMBL4434667,fallo_empirico_4_proteinas,25,"A,C,I,N,OA,S"
CHEMBL4434669,fallo_empirico_4_proteinas,30,"A,C,Cl,HD,N,NA,OA,S"
CHEMBL4434893,fallo_empirico_4_proteinas,27,"A,Br,C,F,HD,N,NA,S"
CHEMBL4434903,fallo_empirico_4_proteinas,45,"A,Br,C,N,OA"
CHEMBL4434927,tipo_invalido:B,19,"A,B,C,Cl,HD,N,OA"
CHEMBL4434965,"tipo_invalido:B,Si",18,"A,B,C,F,HD,OA,Si"
CHEMBL4435010,fallo_empirico_4_proteinas,31,"A,C,Cl,HD,N,NA,OA,S"
CHEMBL4435028,fallo_empirico_4_proteinas,35,"A,C,Cl,HD,N,NA,OA"
CHEMBL4435052,fallo_empirico_4_proteinas,20,"A,C,Cl,HD,N,NA,OA"
CHEMBL4435078,tipo_invalido:Te,26,"A,C,HD,NA,OA,S,Te"
CHEMBL4435099,fallo_empirico_4_proteinas,32,"A,C,Cl,HD,NA,OA,S"
CHEMBL4435124,fallo_empirico_4_proteinas,32,"A,C,Cl,F,HD,N,NA,OA,S"
CHEMBL4435138,fallo_empirico_4_proteinas,48,"A,C,Cl,F,HD,N,NA,OA"
CHEMBL4435165,tipo_invalido:B,26,"A,B,C,HD,N,NA,OA"
CHEMBL4435181,fallo_empirico_4_proteinas,55,"A,C,F,HD,N,NA,OA,P"
CHEMBL4435218,tipo_invalido:Si,45,"A,C,N,NA,OA,Si"
CHEMBL4435222,tipo_invalido:B,31,"A,B,C,HD,N,OA"
CHEMBL4435311,tipo_invalido:Na,22,"A,C,HD,N,NA,Na,OA,P,S"
CHEMBL4435328,fallo_empirico_4_proteinas,47,"C,Cl,HD,N,NA,OA"
CHEMBL4435350,fallo_empirico_4_proteinas,32,"A,C,HD,NA,OA"
CHEMBL4435388,tipo_invalido:K,36,"A,C,HD,K,N,NA,OA,P"
CHEMBL4435446,fallo_empirico_4_proteinas,35,"A,C,Cl,F,HD,N,NA,OA,S"
CHEMBL4435459,fallo_empirico_4_proteinas,30,"A,Br,C,HD,N,NA,OA,S"
CHEMBL4435483,tipo_invalido:Na,29,"A,C,HD,I,N,NA,Na,OA,S"
CHEMBL4435484,tipo_invalido:Na,27,"A,C,Cl,HD,N,Na,OA,P"
CHEMBL4435551,fallo_empirico_4_proteinas,24,"A,C,Cl,HD,NA,OA,S"
CHEMBL4435556,tipo_invalido:K,29,"A,C,HD,K,NA,OA,P"
CHEMBL4435582,tipo_invalido:Na,34,"C,HD,N,NA,Na,OA"
CHEMBL4435605,tipo_invalido:B,23,"A,B,C,Cl,N,OA"
CHEMBL4435620,fallo_empirico_4_proteinas,32,"A,C,Cl,HD,N,NA,OA"
CHEMBL4435631,fallo_empirico_4_proteinas,30,"A,C,Cl,HD,N,NA,OA"
CHEMBL4435649,tipo_invalido:B,32,"A,B,C,HD,N,OA"
CHEMBL4435670,fallo_empirico_4_proteinas,27,"A,Br,C,HD,N,OA,S"
CHEMBL4435703,fallo_empirico_4_proteinas,33,"A,C,Cl,HD,N,NA,OA"
CHEMBL4435717,tipo_invalido:Na,21,"A,C,N,NA,Na,OA,S"
CHEMBL4435728,fallo_empirico_4_proteinas,40,"A,C,Cl,HD,N,NA,OA"
CHEMBL4435742,fallo_empirico_4_proteinas,21,"A,C,Cl,HD,NA,OA"
CHEMBL4435761,fallo_empirico_4_proteinas,46,"A,C,Cl,F,HD,N,NA,OA"
CHEMBL4435820,tipo_invalido:B,34,"A,B,C,Cl,HD,N,NA,OA"
CHEMBL4435901,fallo_empirico_4_proteinas,34,"A,C,Cl,HD,N,NA,OA"
CHEMBL4435903,tipo_invalido:B,34,"A,B,Cl,F,HD,N,NA,OA"
CHEMBL4435917,fallo_empirico_4_proteinas,37,"A,C,Cl,F,HD,N,NA,OA"
CHEMBL4435925,fallo_empirico_4_proteinas,45,"A,Br,C,N,NA,OA"
CHEMBL4435958,fallo_empirico_4_proteinas,35,"A,C,F,HD,N,NA,OA"
CHEMBL4435959,fallo_empirico_4_proteinas,33,"A,C,Cl,HD,N,NA,OA,S"
CHEMBL4435965,tipo_invalido:Na,30,"A,C,HD,N,Na,OA,P"
CHEMBL443598,"tipo_invalido:CG,G0,G1",56,"C,CG,G0,G1,HD,OA"
CHEMBL4435981,fallo_empirico_4_proteinas,45,"A,C,F,HD,N,NA,OA,S"
CHEMBL4435998,fallo_empirico_4_proteinas,32,"A,C,HD,I,N,OA"
CHEMBL4436011,fallo_empirico_4_proteinas,22,"A,C,Cl,HD,N,NA,OA"
CHEMBL4436024,tipo_invalido:Na,18,"A,C,HD,N,Na,OA,SA"
CHEMBL4436035,fallo_empirico_4_proteinas,20,"C,Cl,HD,NA,OA"
CHEMBL4436048,tipo_invalido:B,34,"A,B,C,Cl,HD,N,NA,OA"
CHEMBL4436072,fallo_empirico_4_proteinas,34,"A,C,Cl,F,HD,N,NA,OA"
CHEMBL4436117,fallo_empirico_4_proteinas,28,"A,C,Cl,HD,NA,OA,S"
CHEMBL4436142,fallo_empirico_4_proteinas,37,"A,C,F,HD,N,NA,OA"
CHEMBL4436207,tipo_invalido:B,44,"A,B,C,HD,N,NA,OA,S"
CHEMBL4436263,fallo_empirico_4_proteinas,32,"A,C,HD,I,N,OA"
CHEMBL4436277,fallo_empirico_4_proteinas,33,"A,Br,C,F,N,NA,OA"
CHEMBL4436319,fallo_empirico_4_proteinas,35,"A,C,Cl,HD,N,NA,OA,S"
CHEMBL4436321,fallo_empirico_4_proteinas,28,"A,C,Cl,HD,N,NA,OA,S"
CHEMBL4436327,fallo_empirico_4_proteinas,24,"A,C,Cl,HD,N,NA"
CHEMBL4436333,fallo_empirico_4_proteinas,39,"A,C,F,HD,N,NA,OA"
CHEMBL4436352,fallo_empirico_4_proteinas,28,"A,Br,C,HD,N,NA,OA,S"
CHEMBL4436391,fallo_empirico_4_proteinas,40,"A,C,Cl,HD,N,NA,OA"
CHEMBL4436450,fallo_empirico_4_proteinas,46,"A,C,F,HD,N,NA,OA"
CHEMBL4436477,tipo_invalido:Ag,17,"A,Ag,HD,N,NA,OA,S"
CHEMBL4436484,tipo_invalido:Na,27,"A,C,Cl,HD,N,NA,Na,OA,S"
CHEMBL4436541,fallo_empirico_4_proteinas,43,"A,C,Cl,F,HD,N,NA,OA"
CHEMBL4436547,fallo_empirico_4_proteinas,52,"A,C,Cl,F,HD,N,NA,OA"
CHEMBL4436581,fallo_empirico_4_proteinas,44,"A,C,Cl,F,HD,N,NA,OA"
CHEMBL4436599,fallo_empirico_4_proteinas,29,"A,C,Cl,HD,N,NA,OA,S"
CHEMBL4436605,fallo_empirico_4_proteinas,31,"A,C,Cl,F,HD,NA,OA"
CHEMBL4436627,fallo_empirico_4_proteinas,28,"A,C,Cl,HD,N,NA,OA"
CHEMBL4436649,fallo_empirico_4_proteinas,29,"A,C,Cl,HD,N,NA,OA,S"
CHEMBL4436669,tipo_invalido:B,28,"A,B,C,HD,N,NA,OA,S"
CHEMBL4436673,fallo_empirico_4_proteinas,30,"A,C,Cl,F,HD,N,NA,OA"
CHEMBL44394,fallo_empirico_4_proteinas,22,"A,C,Cl,I,N,S"
CHEMBL44534,tipo_invalido:Na,26,"A,C,HD,N,Na,OA,S"
CHEMBL44570,tipo_invalido:Li,26,"A,C,HD,Li,N,NA,OA,P"
CHEMBL44574,tipo_invalido:Na,29,"A,C,HD,Na,OA,P"
CHEMBL44588,tipo_invalido:Na,33,"A,C,HD,N,NA,Na,OA,S"
CHEMBL44615,fallo_empirico_4_proteinas,37,"A,Br,C,F,HD,N,NA,OA,S"
CHEMBL44661,tipo_invalido:Na,18,"A,C,NA,Na,OA,S"
CHEMBL44675,tipo_invalido:Li,54,"A,C,HD,Li,N,NA,OA,P,S"
CHEMBL44713,fallo_empirico_4_proteinas,18,"A,Br,C,Cl,F,N,OA,S"
CHEMBL44733,fallo_empirico_4_proteinas,21,"A,Br,C,F,N,OA,S"
CHEMBL44754,tipo_invalido:Na,31,"A,C,HD,N,NA,Na,OA,S"
CHEMBL447886,"tipo_invalido:CG,G0",45,"A,C,CG,G0,HD,NA,OA"
CHEMBL44816,tipo_invalido:Na,31,"A,C,HD,N,NA,Na,OA,S"
CHEMBL44835,fallo_empirico_4_proteinas,36,"A,C,Cl,HD,NA,OA"
CHEMBL44932,tipo_invalido:Na,38,"A,C,HD,N,NA,Na,OA,S"
CHEMBL44944,fallo_empirico_4_proteinas,30,"A,C,Cl,HD,N,OA"
CHEMBL449977,fallo_empirico_4_proteinas,46,"A,C,Cl,HD,N,OA"
CHEMBL44999,tipo_invalido:Li,31,"A,C,HD,Li,N,NA,OA,P"
CHEMBL45082,fallo_empirico_4_proteinas,21,"A,C,Cl,HD,N,NA,OA"
CHEMBL45084,tipo_invalido:Na,23,"A,C,I,N,NA,Na,OA,S"
CHEMBL45118,fallo_empirico_4_proteinas,24,"A,C,Cl,HD,N,NA,OA,S"
CHEMBL45136,tipo_invalido:Na,23,"A,Br,C,N,NA,Na,OA,S"
CHEMBL45159,fallo_empirico_4_proteinas,23,"C,I,N,OA,S"
CHEMBL45172,fallo_empirico_4_proteinas,37,"A,C,Cl,HD,NA,OA"
CHEMBL45248,fallo_empirico_4_proteinas,35,"A,C,Cl,HD,I,N,OA"
CHEMBL45273,tipo_invalido:Na,27,"A,C,N,NA,Na,OA,S"
CHEMBL4527880,tipo_invalido:B,41,"A,B,C,HD,N,OA"
CHEMBL4527941,"tipo_invalido:CG,G0",21,"A,C,CG,G0,N,NA,OA"
CHEMBL4528179,"tipo_invalido:CG,G0",37,"A,C,CG,G0,HD,N,OA,SA"
CHEMBL4528190,"tipo_invalido:CG,G0",87,"A,C,CG,G0,HD,N,NA,OA"
CHEMBL4528258,"tipo_invalido:CG,G0",52,"A,C,CG,G0,HD,N,OA"
CHEMBL45291,tipo_invalido:Li,26,"A,C,HD,Li,N,NA,OA,P"
CHEMBL4529430,"tipo_invalido:CG,G0",37,"A,C,CG,G0,HD,N,NA,OA"
CHEMBL4529479,tipo_invalido:B,55,"A,B,C,F,N,OA"
CHEMBL4529500,"tipo_invalido:CG,G0",26,"A,C,CG,Cl,F,G0,HD,N,OA"
CHEMBL4529530,"tipo_invalido:CG,G0",32,"A,C,CG,G0,HD,N,NA,OA"
CHEMBL4529532,"tipo_invalido:CG,G0",39,"A,C,CG,F,G0,HD,N,NA"
CHEMBL4529618,"tipo_invalido:B,Si",17,"A,B,C,F,HD,OA,Si"
CHEMBL4529624,"tipo_invalido:CG,G0",56,"A,C,CG,G0,HD,N,NA,OA,SA"
CHEMBL4529628,tipo_invalido:B,25,"B,C,HD,N,NA,OA"
CHEMBL4529639,"tipo_invalido:CG,G0",64,"A,C,CG,F,G0,HD,N,OA"
CHEMBL4529660,"tipo_invalido:B,CG,G0",43,"A,B,C,CG,F,G0,HD,N,OA"
CHEMBL4529676,"tipo_invalido:CG,G0",23,"A,C,CG,G0,HD,N,NA,OA"
CHEMBL4529681,"tipo_invalido:CG,G0",24,"A,C,CG,G0,NA,OA"
CHEMBL4529691,tipo_invalido:B,32,"A,B,C,F,HD,N,OA"
CHEMBL4529696,"tipo_invalido:CG,G0",23,"A,C,CG,G0,HD,NA,OA"
CHEMBL4529717,"tipo_invalido:CG,G0",26,"A,C,CG,F,G0,NA,S"
CHEMBL4529730,"tipo_invalido:CG,G0",23,"A,C,CG,G0,HD,NA,OA"
CHEMBL4529751,"tipo_invalido:CG,G0",48,"A,C,CG,G0,HD,NA"
CHEMBL4529771,"tipo_invalido:CG,G0",73,"C,CG,G0,HD,N,NA,OA,S"
CHEMBL4529797,"tipo_invalido:CG,G0",21,"C,CG,G0,HD,NA,OA"
CHEMBL4529800,fallo_empirico_4_proteinas,67,"C,F,HD,N,OA"
CHEMBL4529823,"tipo_invalido:CG,G0",30,"A,C,CG,G0,HD,NA,OA"
CHEMBL4529829,"tipo_invalido:CG,G0",37,"A,C,CG,F,G0,HD,NA,OA"
CHEMBL4529841,"tipo_invalido:CG,G0",73,"A,C,CG,G0,HD,N,NA,OA"
CHEMBL4529863,"tipo_invalido:CG,G0",44,"A,C,CG,Cl,G0,HD,N,NA,OA"
CHEMBL4529868,"tipo_invalido:CG,G0",32,"A,C,CG,G0,HD,N,OA,S"
CHEMBL4529877,"tipo_invalido:CG,G0",20,"A,C,CG,G0,HD,N,NA,OA"
CHEMBL4529883,"tipo_invalido:CG,G0",26,"A,C,CG,G0,HD,NA,OA"
CHEMBL4529895,"tipo_invalido:CG,G0",41,"A,C,CG,G0,HD,NA,OA"
CHEMBL4529904,"tipo_invalido:CG,G0",38,"A,C,CG,G0,HD,N,NA,OA,S"
CHEMBL4529917,"tipo_invalido:CG,G0",23,"A,C,CG,G0,OA"
CHEMBL4529928,"tipo_invalido:CG,G0",40,"A,C,CG,Cl,F,G0,HD,NA,OA"
CHEMBL4529931,"tipo_invalido:CG,G0",58,"A,C,CG,G0,OA"
CHEMBL4529943,"tipo_invalido:CG,G0",28,"A,C,CG,Cl,G0,N,NA,OA"
CHEMBL4529946,"tipo_invalido:CG,G0",46,"A,C,CG,Cl,G0,HD,N,NA,OA,S"
CHEMBL4529953,tipo_invalido:B,68,"A,B,C,F,HD,N,OA"
CHEMBL4529955,"tipo_invalido:CG,G0",44,"A,C,CG,G0,HD,N,NA,OA"
CHEMBL4529978,"tipo_invalido:CG,G0",27,"A,C,CG,G0,N,NA,OA,S"
CHEMBL4529991,"tipo_invalido:CG,G0",27,"A,C,CG,Cl,G0,N,NA,OA"
CHEMBL4529994,"tipo_invalido:CG,G0",83,"A,C,CG,G0,HD,N,OA"
CHEMBL4530010,"tipo_invalido:CG,G0",40,"A,C,CG,G0,HD,N,OA,SA"
CHEMBL4530037,"tipo_invalido:CG,G0",36,"A,C,CG,F,G0,N,NA,OA,S"
CHEMBL4530090,"tipo_invalido:CG,G0",23,"A,C,CG,Cl,G0,HD,N,OA"
CHEMBL4530103,tipo_invalido:B,26,"B,C,HD,NA,OA"
CHEMBL4530105,"tipo_invalido:CG,G0",42,"A,C,CG,G0,HD,N,OA"
CHEMBL4530177,"tipo_invalido:CG,G0",40,"A,C,CG,Cl,G0,HD,N,NA,OA,S"
CHEMBL4530187,"tipo_invalido:CG,G0",22,"A,C,CG,G0,HD,N,NA,OA"
CHEMBL4530206,"tipo_invalido:CG,G0",40,"A,C,CG,Cl,G0,HD,N,NA,OA"
CHEMBL4530214,"tipo_invalido:CG,G0",163,"A,C,CG,G0,HD,N,NA,OA,SA"
CHEMBL4530218,"tipo_invalido:CG,G0",40,"A,C,CG,Cl,G0,N,NA,OA,S"
CHEMBL4530228,"tipo_invalido:CG,G0",17,"A,C,CG,G0,HD,NA,S"
CHEMBL4530256,"tipo_invalido:CG,G0",27,"A,C,CG,G0,HD,N,OA"
CHEMBL4530305,"tipo_invalido:CG,G0",41,"A,C,CG,G0,HD,N,NA,OA,S"
CHEMBL4530326,"tipo_invalido:CG,G0",60,"A,C,CG,F,G0,HD,N,OA"
CHEMBL4530332,"tipo_invalido:CG,G0",32,"A,C,CG,G0,HD,N,OA,S"
CHEMBL4530336,"tipo_invalido:CG,G0",31,"A,C,CG,G0,HD,N,OA,S"
CHEMBL4530359,tipo_invalido:B,22,"A,B,C,F,HD,N,OA"
CHEMBL4530398,"tipo_invalido:CG,G0",28,"A,C,CG,G0,HD,N,NA,OA"
CHEMBL4530431,"tipo_invalido:CG,G0",24,"A,C,CG,G0,HD,N,NA,OA"
CHEMBL4530467,"tipo_invalido:CG,G0",23,"C,CG,G0,HD,NA,OA,S"
CHEMBL4530473,"tipo_invalido:CG,G0",34,"A,C,CG,G0,HD,OA"
CHEMBL4530479,"tipo_invalido:CG,G0",23,"C,CG,G0,OA"
CHEMBL4530507,"tipo_invalido:CG,G0",34,"A,C,CG,Cl,F,G0,HD,N,NA,OA,S"
CHEMBL4530512,"tipo_invalido:CG,G0",33,"C,CG,G0,OA"
CHEMBL4530524,tipo_invalido:B,34,"A,B,C,HD,N,OA"
CHEMBL4530525,"tipo_invalido:CG,G0",48,"A,C,CG,Cl,F,G0,HD,N,NA,OA"
CHEMBL4530557,"tipo_invalido:CG,G0",19,"A,C,CG,G0,HD,N,OA"
CHEMBL4530583,tipo_invalido:B,31,"A,B,C,HD,N,NA,OA"
CHEMBL4530593,"tipo_invalido:CG,G0",129,"A,C,CG,G0,HD,N,NA,OA,SA"
CHEMBL4530594,"tipo_invalido:CG,G0",27,"A,C,CG,G0,HD,NA,OA"
CHEMBL4530615,tipo_invalido:B,13,"A,B,C,Cl,F,HD,OA"
CHEMBL4530618,"tipo_invalido:CG,G0",37,"A,C,CG,Cl,G0,HD,N,NA,OA"
CHEMBL4530621,"tipo_invalido:CG,G0",22,"A,C,CG,G0,HD,N,NA,OA"
CHEMBL4530654,"tipo_invalido:CG,G0",28,"A,C,CG,F,G0,N,NA,OA"
CHEMBL4530663,"tipo_invalido:CG,G0",22,"A,C,CG,G0,N,NA,OA"
CHEMBL4530669,"tipo_invalido:CG,G0",40,"A,C,CG,G0,HD,N,OA"
CHEMBL4530731,"tipo_invalido:CG,G0",27,"A,C,CG,G0,N,NA,OA"
CHEMBL4530744,"tipo_invalido:CG,G0",36,"A,C,CG,Cl,G0,N,OA"
CHEMBL4530768,"tipo_invalido:CG,G0",22,"A,C,CG,G0,N,OA"
CHEMBL4530771,"tipo_invalido:CG,G0,G1",45,"C,CG,G0,G1,HD,OA"
CHEMBL4530809,fallo_empirico_4_proteinas,137,"A,C,HD,N,NA,OA,SA"
CHEMBL4530811,"tipo_invalido:CG,G0",41,"A,Br,C,CG,G0,HD,N,OA,SA"
CHEMBL4530860,"tipo_invalido:CG,G0",38,"A,C,CG,G0,HD,N,NA,OA"
CHEMBL4530865,tipo_invalido:Si,48,"C,HD,OA,Si"
CHEMBL4530892,"tipo_invalido:CG,G0",27,"A,C,CG,G0,NA,OA"
CHEMBL4530904,"tipo_invalido:CG,G0",28,"A,C,CG,G0,N,NA"
CHEMBL4530928,"tipo_invalido:CG,G0",31,"A,C,CG,G0,N,NA,OA"
CHEMBL4530946,"tipo_invalido:CG,G0",76,"A,C,CG,G0,HD,N,NA,OA"
CHEMBL4530970,"tipo_invalido:CG,G0",24,"A,C,CG,G0,HD,NA,OA"
CHEMBL4530973,"tipo_invalido:CG,G0",61,"C,CG,G0,HD,N,OA"
CHEMBL4530992,"tipo_invalido:CG,G0",32,"A,C,CG,G0,N,NA,OA"
CHEMBL4531006,"tipo_invalido:CG,G0",27,"A,Br,C,CG,G0,HD,N,NA,OA"
CHEMBL4531013,"tipo_invalido:CG,G0",35,"A,C,CG,G0,HD,N,NA,OA"
CHEMBL4531021,tipo_invalido:B,23,"A,B,C,HD,N,OA"
CHEMBL4531036,"tipo_invalido:CG,G0",28,"A,C,CG,G0,HD,N,NA,OA"
CHEMBL4531053,"tipo_invalido:CG,G0",89,"A,C,CG,Cl,G0,HD,N,NA,OA,S,SA"
CHEMBL4531077,"tipo_invalido:CG,G0",22,"A,C,CG,G0,NA,OA,S"
CHEMBL4531105,"tipo_invalido:CG,G0,G1",24,"A,C,CG,G0,G1,HD,N,NA,OA"
CHEMBL4531123,"tipo_invalido:CG,G0",83,"C,CG,G0,HD,N,NA,OA"
CHEMBL4531173,"tipo_invalido:CG,G0",88,"A,C,CG,Cl,G0,HD,N,NA,OA,S,SA"
CHEMBL4531187,"tipo_invalido:CG,G0",61,"A,C,CG,G0,HD,N,NA,OA,S,SA"
CHEMBL4531255,"tipo_invalido:CG,G0",24,"A,C,CG,G0,HD,NA,OA"
CHEMBL4531282,"tipo_invalido:CG,G0",37,"A,C,CG,G0,HD,N,NA,OA"
CHEMBL4531286,tipo_invalido:B,77,"A,B,C,F,HD,N,NA,OA"
CHEMBL4531291,"tipo_invalido:CG,G0",79,"A,C,CG,G0,HD,N,NA,OA"
CHEMBL4531307,"tipo_invalido:CG,G0",28,"A,C,CG,F,G0,N,NA,OA"
CHEMBL4531347,"tipo_invalido:CG,G0",39,"A,C,CG,G0,HD,N,NA,OA"
CHEMBL4531378,"tipo_invalido:CG,G0",21,"C,CG,G0,HD,OA"
CHEMBL4531409,"tipo_invalido:CG,G0,G1",69,"A,C,CG,G0,G1,HD,N,NA,OA"
CHEMBL4531414,"tipo_invalido:CG,G0",41,"A,C,CG,G0,N,NA,OA"
CHEMBL4531417,"tipo_invalido:CG,G0",25,"A,C,CG,G0,N,NA,OA"
CHEMBL4531430,"tipo_invalido:CG,G0",28,"A,C,CG,G0,HD,N,NA,OA"
CHEMBL4531434,"tipo_invalido:CG,G0",24,"A,C,CG,G0,HD,N,OA"
CHEMBL4531447,"tipo_invalido:CG,G0",38,"A,C,CG,F,G0,HD,N,NA,OA,S"
CHEMBL4531453,fallo_empirico_4_proteinas,156,"A,C,HD,N,NA,OA,SA"
CHEMBL4531461,"tipo_invalido:CG,G0",30,"C,CG,G0,HD,NA,OA"
CHEMBL4531511,"tipo_invalido:CG,G0",27,"A,C,CG,G0,N,NA,OA,S"
CHEMBL4531514,"tipo_invalido:CG,G0",81,"A,C,CG,G0,HD,N,NA,OA,SA"
CHEMBL4531524,"tipo_invalido:CG,G0",21,"A,C,CG,G0,N,NA,OA,SA"
CHEMBL4531548,"tipo_invalido:CG,G0",22,"A,C,CG,G0,HD,N,NA,OA,S"
CHEMBL4531552,"tipo_invalido:CG,G0",27,"A,C,CG,G0,NA,OA"
CHEMBL4531580,"tipo_invalido:CG,G0",32,"C,CG,G0,HD,OA"
CHEMBL4531581,"tipo_invalido:CG,G0",46,"A,C,CG,G0,HD,NA"
CHEMBL4531584,"tipo_invalido:CG,G0",30,"A,C,CG,G0,HD,N,OA,SA"
CHEMBL4531598,"tipo_invalido:CG,G0",57,"A,C,CG,G0,OA"
CHEMBL4531600,"tipo_invalido:CG,G0",23,"A,C,CG,Cl,G0,HD,NA,OA"
CHEMBL4531638,"tipo_invalido:CG,G0",54,"A,C,CG,F,G0,HD,N,OA"
CHEMBL4531645,"tipo_invalido:CG,G0",84,"A,C,CG,G0,HD,N,NA,OA"
CHEMBL4531651,"tipo_invalido:CG,G0",38,"C,CG,G0,HD,N,NA,OA"
CHEMBL4531652,"tipo_invalido:CG,G0",31,"A,C,CG,F,G0,N,NA,OA,S"
CHEMBL4531662,"tipo_invalido:CG,G0",39,"A,C,CG,G0,HD,N,NA,OA"
CHEMBL4531669,"tipo_invalido:CG,G0",22,"A,C,CG,Cl,G0,HD,NA,OA,S"
CHEMBL4531690,"tipo_invalido:CG,G0",26,"A,C,CG,Cl,G0,HD,N,NA,OA"
CHEMBL4531702,"tipo_invalido:CG,G0,G1",28,"C,CG,G0,G1,OA"
CHEMBL4531752,"tipo_invalido:CG,G0,G1",127,"A,C,CG,G0,G1,HD,N,NA,OA,SA"
CHEMBL4531813,"tipo_invalido:CG,G0",63,"A,C,CG,G0,HD,NA,OA"
CHEMBL4531818,"tipo_invalido:CG,G0",48,"A,C,CG,G0,HD,NA"
CHEMBL4531834,"tipo_invalido:CG,G0",31,"A,Br,C,CG,F,G0,HD,N,OA"
CHEMBL4531850,"tipo_invalido:CG,G0",23,"C,CG,G0,HD,N,NA,OA,S"
CHEMBL4531855,"tipo_invalido:CG,G0",67,"A,C,CG,G0,HD,N,OA"
CHEMBL4531867,"tipo_invalido:CG,G0",28,"A,C,CG,G0,HD,N,NA,OA"
CHEMBL4531885,"tipo_invalido:CG,G0",19,"A,C,CG,G0,HD,N,NA,OA"
CHEMBL4531886,"tipo_invalido:CG,G0",22,"A,C,CG,Cl,G0,N,NA,OA,S"
CHEMBL4531915,"tipo_invalido:CG,G0",39,"A,C,CG,G0,NA,S"
CHEMBL4531925,"tipo_invalido:CG,G0",28,"A,C,CG,Cl,G0,HD,N,OA,S"
CHEMBL4531949,"tipo_invalido:CG,G0",38,"A,C,CG,G0,HD,NA,OA"
CHEMBL4531988,"tipo_invalido:CG,G0",57,"A,C,CG,G0,N,NA,OA"
CHEMBL4532007,"tipo_invalido:CG,G0",30,"A,C,CG,G0,HD,N,NA,OA"
CHEMBL4532058,"tipo_invalido:CG,G0,G1",148,"A,C,CG,Cl,G0,G1,HD,N,NA,OA,SA"
CHEMBL4532077,"tipo_invalido:CG,G0",42,"A,C,CG,G0,HD,N,NA,OA"
CHEMBL4532094,"tipo_invalido:CG,G0",29,"C,CG,G0,HD,N,NA,OA"
CHEMBL4532189,"tipo_invalido:CG,G0",23,"A,C,CG,G0,HD,N,NA,OA"
CHEMBL4532199,"tipo_invalido:CG,G0",30,"A,C,CG,G0,N,NA,OA,S"
CHEMBL4532265,"tipo_invalido:CG,G0",18,"A,C,CG,G0,HD,OA,S"
CHEMBL4532288,"tipo_invalido:CG,G0",40,"A,C,CG,Cl,G0,N,NA,OA"
CHEMBL4532299,"tipo_invalido:CG,G0",42,"A,C,CG,G0,HD,NA"
CHEMBL4532300,"tipo_invalido:CG,G0",20,"A,C,CG,G0,NA"
CHEMBL4532326,"tipo_invalido:CG,G0",88,"A,C,CG,G0,HD,N,NA,OA,SA"
CHEMBL4532336,"tipo_invalido:CG,G0",13,"C,CG,G0,HD,NA,OA"
CHEMBL4532363,"tipo_invalido:CG,G0",81,"A,C,CG,Cl,G0,HD,N,NA,OA,S,SA"
CHEMBL4532381,"tipo_invalido:CG,G0",35,"A,C,CG,G0,HD,N,NA"
CHEMBL4532389,"tipo_invalido:CG,G0",42,"A,C,CG,G0,HD,N,NA,OA"
CHEMBL4532403,"tipo_invalido:CG,G0",23,"C,CG,G0,HD,N,NA,OA"
CHEMBL4532434,"tipo_invalido:CG,G0",32,"A,C,CG,F,G0,N,NA,OA,S"
CHEMBL4532459,tipo_invalido:B,51,"A,B,C,HD,N,OA"
CHEMBL4532473,"tipo_invalido:CG,G0",33,"A,C,CG,G0,N,NA,OA,S"
CHEMBL4532474,tipo_invalido:B,21,"A,B,C,HD,N,OA"
CHEMBL4532481,"tipo_invalido:CG,G0",40,"A,C,CG,G0,HD,N,NA,OA"
CHEMBL4532493,"tipo_invalido:CG,G0",69,"A,C,CG,G0,HD,N,OA"
CHEMBL4532497,"tipo_invalido:CG,G0",36,"A,C,CG,G0,HD,N,NA,OA,S"
CHEMBL4532549,"tipo_invalido:CG,G0",26,"A,C,CG,G0,HD,N,NA,OA,S"
CHEMBL4532587,"tipo_invalido:CG,G0",54,"A,C,CG,G0,HD,NA,OA"
CHEMBL4532618,fallo_empirico_4_proteinas,168,"A,C,HD,N,NA,OA,SA"
CHEMBL4532637,"tipo_invalido:CG,G0",36,"A,C,CG,F,G0,N,NA,OA"
CHEMBL4532640,"tipo_invalido:CG,G0",32,"A,C,CG,Cl,G0,HD,N,NA,OA"
CHEMBL4532743,"tipo_invalido:CG,G0",40,"A,C,CG,G0,HD,N,NA,OA"
CHEMBL4532749,"tipo_invalido:CG,G0",32,"A,C,CG,G0,HD,N,NA"
CHEMBL4532759,"tipo_invalido:CG,G0",22,"A,C,CG,G0,HD,N,NA,OA"
CHEMBL4532810,"tipo_invalido:CG,G0",65,"A,C,CG,F,G0,HD,N,OA"
CHEMBL4532878,"tipo_invalido:CG,G0",33,"A,C,CG,G0,NA,OA"
CHEMBL4532910,"tipo_invalido:CG,G0",26,"A,C,CG,G0,NA,OA,S"
CHEMBL4532915,"tipo_invalido:CG,G0",38,"A,C,CG,Cl,G0,HD,N,NA,OA"
CHEMBL4532939,"tipo_invalido:CG,G0",23,"A,C,CG,G0,HD,NA,OA"
CHEMBL4533158,"tipo_invalido:CG,G0",27,"A,C,CG,G0,N,NA,OA,S"
CHEMBL4533159,"tipo_invalido:CG,G0",84,"A,C,CG,Cl,G0,HD,N,NA,OA,S,SA"
CHEMBL4533216,"tipo_invalido:CG,G0",63,"A,C,CG,G0,HD,OA"
CHEMBL4533223,"tipo_invalido:CG,G0",22,"A,C,CG,G0,N,NA,OA"
CHEMBL4533229,"tipo_invalido:CG,G0",39,"A,C,CG,G0,HD,N,NA,OA"
CHEMBL4533241,tipo_invalido:Si,47,"C,OA,Si"
CHEMBL4533243,"tipo_invalido:CG,G0",35,"A,C,CG,G0,HD,N,NA,OA"
CHEMBL4533247,"tipo_invalido:CG,G0,G1",170,"A,C,CG,G0,G1,HD,N,NA,OA,SA"
CHEMBL4533249,"tipo_invalido:CG,G0",67,"A,C,CG,G0,HD,N,OA"
CHEMBL4533294,"tipo_invalido:CG,G0",22,"A,C,CG,G0,N,NA,OA"
CHEMBL4533303,"tipo_invalido:CG,G0",32,"A,C,CG,Cl,G0,HD,N,NA"
CHEMBL4533305,"tipo_invalido:CG,G0",27,"A,C,CG,F,G0,N,NA,OA"
CHEMBL4533320,"tipo_invalido:CG,G0",28,"C,CG,G0,HD,N,NA,OA"
CHEMBL4533349,"tipo_invalido:CG,G0",38,"A,Br,C,CG,G0,N,NA,OA"
CHEMBL4533352,"tipo_invalido:CG,G0",40,"A,C,CG,G0,NA,OA"
CHEMBL4533414,"tipo_invalido:B,CG,G0",47,"A,B,C,CG,F,G0,HD,N,NA,OA"
CHEMBL4533447,"tipo_invalido:CG,G0",34,"A,C,CG,G0,HD,OA"
CHEMBL4533456,"tipo_invalido:CG,G0",38,"A,C,CG,G0,HD,N,OA"
CHEMBL4533505,"tipo_invalido:CG,G0",33,"A,C,CG,G0,HD,N,NA,OA"
CHEMBL4533512,"tipo_invalido:CG,G0",29,"A,C,CG,Cl,G0,OA,SA"
CHEMBL4533524,"tipo_invalido:CG,G0",34,"A,C,CG,G0,HD,NA,OA"
CHEMBL4533526,"tipo_invalido:CG,G0",53,"A,C,CG,G0,OA"
CHEMBL4533588,"tipo_invalido:CG,G0,G1",223,"A,C,CG,G0,G1,HD,N,NA,OA,SA"
CHEMBL4533594,"tipo_invalido:CG,G0",20,"A,Br,C,CG,G0,HD,N,NA,OA"
CHEMBL4533607,"tipo_invalido:CG,G0",23,"A,C,CG,G0,HD,N,NA,OA"
CHEMBL4533620,"tipo_invalido:CG,G0",53,"A,C,CG,G0,HD,N,NA,OA,S"
CHEMBL4533632,tipo_invalido:B,30,"A,B,C,HD,N,NA,OA"
CHEMBL4533675,fallo_empirico_4_proteinas,156,"A,C,HD,N,NA,OA,SA"
CHEMBL4533696,"tipo_invalido:CG,G0",25,"A,C,CG,G0,HD,N,NA,OA"
CHEMBL4533702,"tipo_invalido:CG,G0",23,"C,CG,G0,HD,N,NA,OA"
CHEMBL4533719,"tipo_invalido:CG,G0",20,"C,CG,G0,OA"
CHEMBL4533721,"tipo_invalido:CG,G0",40,"A,C,CG,G0,N,NA,OA"
CHEMBL4533733,"tipo_invalido:CG,G0,G1",66,"A,C,CG,G0,G1,HD,OA"
CHEMBL4533744,"tipo_invalido:CG,G0",39,"A,C,CG,F,G0,HD,N,NA,OA"
CHEMBL4533775,fallo_empirico_4_proteinas,144,"A,C,HD,N,NA,OA"
CHEMBL4533797,"tipo_invalido:CG,G0",32,"A,C,CG,G0,OA"
CHEMBL4533818,"tipo_invalido:CG,G0",47,"A,C,CG,F,G0,HD,N,OA"
CHEMBL4533868,"tipo_invalido:CG,G0",24,"C,CG,G0,HD,N,OA"
CHEMBL4533895,"tipo_invalido:CG,G0",31,"A,C,CG,G0,HD,N,OA,SA"
CHEMBL4533909,"tipo_invalido:CG,G0",41,"A,C,CG,F,G0,HD,N,NA,OA"
CHEMBL4533933,"tipo_invalido:CG,G0",22,"A,C,CG,G0,NA,OA"
CHEMBL4533957,"tipo_invalido:CG,G0",26,"A,C,CG,Cl,G0,N,NA,S"
CHEMBL4534005,"tipo_invalido:CG,G0",38,"A,C,CG,F,G0,N,NA,OA"
CHEMBL4534028,"tipo_invalido:CG,G0",216,"A,C,CG,G0,HD,N,NA,OA"
CHEMBL4534061,"tipo_invalido:CG,G0",20,"A,C,CG,G0,N,OA"
CHEMBL4534065,"tipo_invalido:CG,G0",46,"C,CG,G0,HD,OA"
CHEMBL4534096,"tipo_invalido:CG,G0",23,"C,CG,G0,HD,N,NA,OA,S"
CHEMBL4534136,"tipo_invalido:CG,G0",39,"A,C,CG,Cl,G0,N,NA,OA,P"
CHEMBL4534141,"tipo_invalido:CG,G0",27,"A,C,CG,G0,HD,N,NA,S"
CHEMBL4534142,"tipo_invalido:CG,G0",26,"A,C,CG,G0,N,NA,OA"
CHEMBL4534156,"tipo_invalido:CG,G0",23,"A,C,CG,G0,HD,N,NA,OA,S"
CHEMBL4534186,"tipo_invalido:CG,G0",32,"A,C,CG,G0,HD,N,NA,OA"
CHEMBL4534235,"tipo_invalido:CG,G0",23,"A,C,CG,G0,HD,N,NA,OA,S"
CHEMBL4534238,tipo_invalido:B,51,"A,B,C,F,HD,N,OA,S"
CHEMBL4534239,"tipo_invalido:CG,G0",22,"A,C,CG,G0,N,NA,OA"
CHEMBL4534273,"tipo_invalido:CG,G0",25,"A,Br,C,CG,G0,HD,N,NA,OA"
CHEMBL4534285,"tipo_invalido:CG,G0",50,"C,CG,G0,HD,OA"
CHEMBL4534286,"tipo_invalido:CG,G0",62,"A,C,CG,G0,HD,N,NA,OA"
CHEMBL4534297,"tipo_invalido:CG,G0",25,"C,CG,G0,NA,OA"
CHEMBL4534315,"tipo_invalido:CG,G0",18,"C,CG,G0,N,NA,OA"
CHEMBL4534347,"tipo_invalido:CG,G0",42,"A,C,CG,G0,N,NA,OA"
CHEMBL4534352,tipo_invalido:B,26,"A,B,C,HD,OA"
CHEMBL4534388,"tipo_invalido:CG,G0",33,"A,C,CG,F,G0,HD,N,NA,OA"
CHEMBL4534398,"tipo_invalido:CG,G0",37,"A,C,CG,F,G0,HD,N,NA,OA,S"
CHEMBL4534438,"tipo_invalido:CG,G0",26,"A,C,CG,G0,HD,N,NA,OA,S"
CHEMBL4534439,"tipo_invalido:CG,G0",46,"A,C,CG,G0,HD,N,OA,SA"
CHEMBL4534477,"tipo_invalido:CG,G0,G1",161,"A,C,CG,G0,G1,HD,N,NA,OA,SA"
CHEMBL4534480,"tipo_invalido:CG,G0",24,"A,C,CG,G0,N,NA,OA"
CHEMBL4534494,"tipo_invalido:CG,G0",27,"A,C,CG,F,G0,NA,OA"
CHEMBL4534586,"tipo_invalido:CG,G0",21,"A,C,CG,G0,N,NA,OA"
CHEMBL4534588,"tipo_invalido:CG,G0",28,"A,C,CG,G0,N,NA,OA"
CHEMBL4534611,"tipo_invalido:CG,G0",43,"A,C,CG,Cl,F,G0,HD,N,NA,OA"
CHEMBL4534614,"tipo_invalido:CG,G0",24,"A,C,CG,F,G0,HD,N,OA"
CHEMBL4534622,"tipo_invalido:CG,G0",27,"A,C,CG,F,G0,N,NA,OA"
CHEMBL4534646,"tipo_invalido:CG,G0",40,"C,CG,G0,HD,OA"
CHEMBL4534669,"tipo_invalido:CG,G0",69,"A,C,CG,Cl,G0,HD,N,NA,OA"
CHEMBL4534704,"tipo_invalido:CG,G0",33,"A,C,CG,G0,HD,N,NA,OA,S"
CHEMBL4534753,"tipo_invalido:CG,G0",73,"A,C,CG,G0,HD,N,OA"
CHEMBL45351,fallo_empirico_4_proteinas,37,"A,C,Cl,HD,N,NA,OA,S"
CHEMBL45381,fallo_empirico_4_proteinas,35,"A,C,Cl,HD,I,N,OA"
CHEMBL45391,fallo_empirico_4_proteinas,37,"A,C,Cl,HD,NA,OA"
CHEMBL45411,fallo_empirico_4_proteinas,30,"A,C,HD,N,OA,S"
CHEMBL45449,fallo_empirico_4_proteinas,33,"A,C,Cl,HD,NA,OA"
CHEMBL45454,fallo_empirico_4_proteinas,23,"A,C,I,N,OA,S"
CHEMBL45459,fallo_empirico_4_proteinas,17,"A,C,Cl,F,N,OA,S"
CHEMBL45460,tipo_invalido:Na,28,"A,C,HD,NA,Na,OA"
CHEMBL45461,fallo_empirico_4_proteinas,47,"A,C,F,HD,N,NA,OA,S"
CHEMBL4548479,"tipo_invalido:CG,G0",20,"A,C,CG,G0,HD,N,NA,OA"
CHEMBL4548517,"tipo_invalido:CG,G0",29,"A,C,CG,G0,HD,N,NA,OA,S"
CHEMBL4548518,"tipo_invalido:CG,G0",22,"A,C,CG,G0,N,NA,OA"
CHEMBL45562,fallo_empirico_4_proteinas,36,"A,C,Cl,HD,NA,OA"
CHEMBL45579,fallo_empirico_4_proteinas,35,"A,C,Cl,HD,NA"
CHEMBL45619,fallo_empirico_4_proteinas,22,"A,C,HD,I,N,OA"
CHEMBL45623,tipo_invalido:Na,34,"A,C,HD,N,Na,OA,S"
CHEMBL4562726,"tipo_invalido:CG,G0",53,"C,CG,G0,HD,OA"
CHEMBL4562732,"tipo_invalido:CG,G0",37,"A,C,CG,G0,HD,N,NA,OA,S"
CHEMBL4562733,"tipo_invalido:CG,G0",20,"C,CG,G0,HD,N,NA,OA"
CHEMBL4562735,"tipo_invalido:CG,G0",21,"C,CG,G0,HD,OA"
CHEMBL4562756,"tipo_invalido:CG,G0",66,"C,CG,G0,HD,N,NA,OA"
CHEMBL4562765,"tipo_invalido:CG,G0",58,"C,CG,G0,HD,OA"
CHEMBL4562802,"tipo_invalido:CG,G0",40,"A,C,CG,G0,HD,N,NA,OA,S"
CHEMBL4562804,"tipo_invalido:CG,G0",64,"A,C,CG,F,G0,HD,N,OA"
CHEMBL4562861,"tipo_invalido:CG,G0",37,"C,CG,G0,HD,OA"
CHEMBL4562885,"tipo_invalido:CG,G0",21,"C,CG,G0,HD,N,NA,OA,S"
CHEMBL4563096,"tipo_invalido:CG,G0",29,"A,C,CG,G0,N,NA,OA,S"
CHEMBL4563203,"tipo_invalido:CG,G0,G1",140,"A,C,CG,G0,G1,HD,N,NA,OA,SA"
CHEMBL4563761,tipo_invalido:B,34,"A,B,C,F,HD,N,OA"
CHEMBL4564073,"tipo_invalido:CG,G0",18,"C,CG,G0,HD,N,NA,OA"
CHEMBL4564085,tipo_invalido:B,26,"A,B,C,HD,N,OA"
CHEMBL4564138,"tipo_invalido:CG,G0",20,"C,CG,G0,N,NA,OA,S"
CHEMBL4564139,"tipo_invalido:CG,G0",44,"A,C,CG,G0,OA"
CHEMBL4564152,"tipo_invalido:CG,G0",87,"A,C,CG,G0,HD,N,NA,OA,SA"
CHEMBL4564175,tipo_invalido:B,34,"A,B,Cl,F,HD,N,NA,OA"
CHEMBL4564178,"tipo_invalido:CG,G0",41,"C,CG,G0,NA,OA"
CHEMBL4564201,"tipo_invalido:CG,G0",30,"C,CG,G0,HD,OA"
CHEMBL4564257,"tipo_invalido:CG,G0",39,"A,C,CG,Cl,F,G0,HD,NA,OA"
CHEMBL4564271,"tipo_invalido:CG,G0",34,"A,C,CG,Cl,F,G0,HD,N,NA,OA,S"
CHEMBL4564342,"tipo_invalido:CG,G0",28,"A,C,CG,Cl,F,G0,N,NA,OA"
CHEMBL4564347,"tipo_invalido:CG,G0",19,"C,CG,G0,OA"
CHEMBL4564364,"tipo_invalido:CG,G0",37,"A,C,CG,Cl,G0,HD,N,NA,OA"
CHEMBL4564386,"tipo_invalido:CG,G0",33,"A,C,CG,G0,HD,N,NA,OA"
CHEMBL4564420,"tipo_invalido:CG,G0",55,"A,C,CG,G0,HD,OA"
CHEMBL4564447,"tipo_invalido:CG,G0",19,"C,CG,G0,N,NA,OA"
CHEMBL4564474,"tipo_invalido:CG,G0",139,"A,C,CG,G0,HD,N,NA,OA,SA"
CHEMBL4564483,"tipo_invalido:CG,G0",38,"A,C,CG,G0,HD,N,NA"
CHEMBL4564496,"tipo_invalido:CG,G0",33,"A,C,CG,Cl,G0,NA,OA,SA"
CHEMBL4564514,"tipo_invalido:CG,G0",44,"A,C,CG,G0,HD,N,NA,OA,S"
CHEMBL4564519,"tipo_invalido:CG,G0",31,"C,CG,G0,HD,OA"
CHEMBL4564578,"tipo_invalido:CG,G0",82,"A,C,CG,G0,HD,N,OA"
CHEMBL4564611,"tipo_invalido:CG,G0",25,"A,C,CG,G0,N,NA,OA"
CHEMBL4564660,"tipo_invalido:CG,G0",66,"A,C,CG,G0,HD,N,NA,OA"
CHEMBL4564687,"tipo_invalido:CG,G0",38,"A,C,CG,F,G0,HD,N,NA"
CHEMBL4564700,"tipo_invalido:CG,G0,G1",167,"A,C,CG,G0,G1,HD,OA"
CHEMBL4564727,"tipo_invalido:CG,G0,G1",142,"A,C,CG,Cl,G0,G1,HD,N,NA,OA,SA"
CHEMBL4564729,"tipo_invalido:CG,G0",47,"A,C,CG,G0,HD,N,NA,OA"
CHEMBL4564733,"tipo_invalido:CG,G0",20,"A,C,CG,G0,N,NA,OA,SA"
CHEMBL4564846,"tipo_invalido:CG,G0",23,"A,C,CG,G0,HD,N,NA,OA"
CHEMBL4564854,"tipo_invalido:CG,G0,G1",56,"A,C,CG,G0,G1,HD,NA,OA"
CHEMBL4564923,"tipo_invalido:CG,G0",62,"C,CG,G0,HD,N,OA"
CHEMBL4564966,tipo_invalido:B,86,"A,B,C,F,HD,N,NA,OA"
CHEMBL4564982,"tipo_invalido:CG,G0",36,"A,C,CG,G0,HD,N,NA,OA,SA"
CHEMBL4564987,"tipo_invalido:CG,G0",27,"A,C,CG,G0,N,NA,OA,S"
CHEMBL4565027,tipo_invalido:B,30,"A,B,C,Cl,HD,N,NA,OA"
CHEMBL4565082,"tipo_invalido:CG,G0",38,"A,C,CG,G0,HD,N,NA,OA"
CHEMBL4565119,"tipo_invalido:CG,G0",21,"A,C,CG,F,G0,N,NA,OA,S,SA"
CHEMBL4565134,"tipo_invalido:CG,G0",13,"C,CG,G0,HD,NA,OA,S"
CHEMBL4565156,"tipo_invalido:CG,G0",27,"A,C,CG,G0,N,OA"
CHEMBL4565164,"tipo_invalido:CG,G0",71,"A,C,CG,G0,HD,N,NA,OA"
CHEMBL4565173,"tipo_invalido:CG,G0",26,"A,C,CG,F,G0,HD,N,OA"
CHEMBL4565176,"tipo_invalido:CG,G0",64,"A,C,CG,F,G0,HD,N,NA,OA,S"
CHEMBL4565187,"tipo_invalido:CG,G0",87,"A,C,CG,G0,HD,N,NA,OA,SA"
CHEMBL4565201,"tipo_invalido:B,CG,G0",44,"A,B,C,CG,F,G0,HD,NA,OA"
CHEMBL45653,fallo_empirico_4_proteinas,38,"A,C,Cl,F,N,NA,OA,S"
CHEMBL45655,fallo_empirico_4_proteinas,25,"C,F,HD,N,NA,OA"
CHEMBL4565743,"tipo_invalido:CG,G0",67,"A,C,CG,F,G0,HD,N,NA,OA"
CHEMBL4566114,"tipo_invalido:CG,G0",23,"A,C,CG,G0,HD,N,NA,OA"
CHEMBL4566116,"tipo_invalido:CG,G0",56,"A,C,CG,G0,HD,N,OA,S"
CHEMBL4566127,"tipo_invalido:CG,G0",31,"A,C,CG,G0,NA,OA"
CHEMBL4566128,"tipo_invalido:CG,G0",57,"A,C,CG,G0,HD,N,NA,OA,P"
CHEMBL4566134,"tipo_invalido:CG,G0",46,"C,CG,G0,HD,OA"
CHEMBL4566142,"tipo_invalido:CG,G0",25,"A,C,CG,F,G0,N,NA,OA"
CHEMBL4566150,"tipo_invalido:CG,G0",68,"A,C,CG,F,G0,HD,N,OA"
CHEMBL4566163,"tipo_invalido:CG,G0",85,"A,C,CG,G0,HD,N,NA,OA"
CHEMBL4566166,"tipo_invalido:CG,G0",19,"A,C,CG,G0,HD,N,NA,OA,SA"
CHEMBL4566174,"tipo_invalido:CG,G0",52,"A,C,CG,G0,HD,N,NA,OA,P"
CHEMBL4566193,"tipo_invalido:CG,G0",34,"A,C,CG,F,G0,HD,N,NA,OA"
CHEMBL4566196,"tipo_invalido:CG,G0",14,"C,CG,G0,OA"
CHEMBL4566202,tipo_invalido:B,26,"B,C,HD,N,NA,OA"
CHEMBL4566209,"tipo_invalido:CG,G0",22,"A,C,CG,G0,N,NA,OA"
CHEMBL4566331,"tipo_invalido:CG,G0",17,"A,C,CG,G0,HD,N,OA"
CHEMBL4566350,fallo_empirico_4_proteinas,138,"A,C,HD,N,OA,SA"
CHEMBL4566351,"tipo_invalido:CG,G0",28,"A,C,CG,G0,N,NA,OA"
CHEMBL4566377,"tipo_invalido:CG,G0",23,"A,C,CG,G0,HD,N,NA,OA"
CHEMBL4566396,"tipo_invalido:CG,G0",23,"Br,C,CG,G0,HD,N,OA"
CHEMBL4566401,"tipo_invalido:CG,G0",28,"A,C,CG,G0,N,NA"
CHEMBL4566429,"tipo_invalido:CG,G0",20,"C,CG,G0,N,OA"
CHEMBL4566430,"tipo_invalido:CG,G0",48,"C,CG,G0,HD,OA"
CHEMBL4566439,"tipo_invalido:CG,G0",44,"A,C,CG,F,G0,HD,N,OA"
CHEMBL4566448,"tipo_invalido:CG,G0",21,"C,CG,G0,N,NA,OA"
CHEMBL4566461,"tipo_invalido:CG,G0",23,"A,C,CG,G0,HD,N,NA,OA"
CHEMBL4566464,"tipo_invalido:CG,G0",31,"A,C,CG,G0,N,NA,OA"
CHEMBL4566465,"tipo_invalido:CG,G0",29,"A,C,CG,F,G0,HD,N,OA,SA"
CHEMBL4566470,"tipo_invalido:CG,G0",37,"A,C,CG,Cl,G0,HD,N,NA,OA"
CHEMBL4566484,"tipo_invalido:CG,G0",31,"A,C,CG,Cl,G0,HD,N,NA,OA"
CHEMBL4566518,"tipo_invalido:CG,G0",60,"A,C,CG,G0,HD,N,NA,OA"
CHEMBL4566532,"tipo_invalido:CG,G0",28,"A,C,CG,G0,HD,N,NA,OA,S"
CHEMBL4566542,"tipo_invalido:CG,G0",40,"A,C,CG,G0,HD,N,NA,OA,S"
CHEMBL4566585,"tipo_invalido:CG,G0",70,"A,C,CG,G0,HD,N,NA,OA,SA"
CHEMBL4566634,"tipo_invalido:CG,G0",38,"A,C,CG,G0,NA,S"
CHEMBL4567654,"tipo_invalido:CG,G0",28,"A,C,CG,G0,N,NA,OA,SA"
CHEMBL4567712,"tipo_invalido:CG,G0",40,"A,C,CG,Cl,F,G0,HD,N,OA"
CHEMBL4567728,"tipo_invalido:CG,G0",33,"A,C,CG,Cl,F,G0,HD,N,NA"
CHEMBL4567730,"tipo_invalido:CG,G0",60,"A,C,CG,F,G0,HD,N,OA,S"
CHEMBL4567751,fallo_empirico_4_proteinas,138,"A,C,HD,N,NA,OA"
CHEMBL4567791,"tipo_invalido:CG,G0",36,"A,C,CG,G0,HD,N,NA,OA,S"
CHEMBL4567808,"tipo_invalido:CG,G0",22,"A,C,CG,G0,N,NA,OA"
CHEMBL4567819,"tipo_invalido:CG,G0",39,"A,C,CG,F,G0,HD,N,NA,OA"
CHEMBL4567848,"tipo_invalido:CG,G0",61,"A,C,CG,G0,HD,N,OA"
CHEMBL4567849,"tipo_invalido:CG,G0",21,"A,C,CG,Cl,G0,HD,N,NA,OA"
CHEMBL4567889,"tipo_invalido:CG,G0",33,"A,C,CG,G0,HD,NA,OA,S"
CHEMBL4567906,"tipo_invalido:CG,G0",26,"A,C,CG,G0,HD,N,OA"
CHEMBL4567927,tipo_invalido:B,31,"A,B,C,HD,N,OA,SA"
CHEMBL4567939,"tipo_invalido:CG,G0",26,"A,C,CG,G0,HD,NA,OA"
CHEMBL4567942,"tipo_invalido:CG,G0",48,"A,C,CG,G0,HD,N,OA"
CHEMBL4567948,fallo_empirico_4_proteinas,101,"C,HD,OA"
CHEMBL4568016,"tipo_invalido:CG,G0",20,"C,CG,G0,HD,N,NA,OA"
CHEMBL4568066,"tipo_invalido:CG,G0",57,"A,C,CG,G0,HD,N,NA,OA,S"
CHEMBL4568139,"tipo_invalido:CG,G0",27,"A,C,CG,G0,HD,N,NA,OA"
CHEMBL4568148,"tipo_invalido:CG,G0",47,"A,C,CG,Cl,G0,HD,N,NA,OA"
CHEMBL4568150,"tipo_invalido:CG,G0",18,"C,CG,G0,HD,N,NA,OA"
CHEMBL4568153,"tipo_invalido:CG,G0",91,"A,C,CG,G0,HD,N,NA,OA,SA"
CHEMBL4568160,"tipo_invalido:CG,G0",57,"A,C,CG,F,G0,HD,N,NA,OA,P"
CHEMBL4568162,"tipo_invalido:CG,G0",36,"A,Br,C,CG,G0,NA,S"
CHEMBL4568192,"tipo_invalido:CG,G0",26,"A,C,CG,Cl,G0,N,OA"
CHEMBL4568221,"tipo_invalido:CG,G0",22,"A,C,CG,G0,HD,N,NA,OA"
CHEMBL4568231,"tipo_invalido:CG,G0",62,"C,CG,G0,HD,N,NA,OA"
CHEMBL4568239,"tipo_invalido:CG,G0",23,"A,C,CG,G0,HD,N,NA,S"
CHEMBL4568256,"tipo_invalido:CG,G0",34,"C,CG,G0,HD,OA"
CHEMBL4568275,tipo_invalido:B,25,"A,B,C,HD,N,OA"
CHEMBL4568282,"tipo_invalido:CG,G0",29,"C,CG,G0,HD,N,NA,OA"
CHEMBL4568332,"tipo_invalido:CG,G0",32,"A,C,CG,F,G0,HD,N,NA,OA"
CHEMBL4568337,"tipo_invalido:CG,G0",81,"A,C,CG,G0,HD,N,OA"
CHEMBL4568338,"tipo_invalido:CG,G0",27,"A,C,CG,F,G0,N,NA,OA"
CHEMBL4568390,"tipo_invalido:CG,G0",23,"C,CG,G0,HD,OA"
CHEMBL4568397,"tipo_invalido:CG,G0",27,"A,C,CG,G0,N,NA,OA"
CHEMBL4568409,"tipo_invalido:CG,G0",25,"A,C,CG,Cl,G0,HD,N,NA,OA"
CHEMBL4568433,"tipo_invalido:CG,G0",23,"A,C,CG,G0,HD,N,NA,OA,S"
CHEMBL4568450,"tipo_invalido:CG,G0",25,"A,C,CG,F,G0,HD,N,NA,OA"
CHEMBL4568460,"tipo_invalido:CG,G0",26,"A,C,CG,G0,HD,N,NA,OA"
CHEMBL4568539,"tipo_invalido:CG,G0",91,"A,C,CG,G0,HD,N,NA,OA,SA"
CHEMBL4568561,"tipo_invalido:CG,G0",29,"A,Br,C,CG,Cl,F,G0,HD,N,NA,OA"
CHEMBL4568572,"tipo_invalido:CG,G0",55,"A,Br,C,CG,G0,HD,NA,OA"
CHEMBL4568626,"tipo_invalido:CG,G0",32,"A,C,CG,G0,HD,N,NA,OA,S"
CHEMBL4568666,"tipo_invalido:CG,G0",49,"A,C,CG,G0,HD,N,OA"
CHEMBL4568686,"tipo_invalido:CG,G0",48,"A,C,CG,G0,HD,NA"
CHEMBL4568717,fallo_empirico_4_proteinas,122,"A,C,HD,N,NA,OA,SA"
CHEMBL4568724,"tipo_invalido:CG,G0",34,"A,C,CG,G0,HD,N,NA,OA,SA"
CHEMBL4568764,"tipo_invalido:CG,G0",68,"A,C,CG,F,G0,HD,N,NA,OA,S"
CHEMBL4568792,"tipo_invalido:CG,G0",31,"A,C,CG,G0,N,NA,OA"
CHEMBL4568811,"tipo_invalido:CG,G0",21,"A,C,CG,G0,HD,N,NA,OA,S"
CHEMBL4568850,"tipo_invalido:CG,G0",26,"A,C,CG,G0,NA,OA,S"
CHEMBL4568856,"tipo_invalido:CG,G0",22,"A,C,CG,G0,HD,N,NA,OA"
CHEMBL4568862,"tipo_invalido:CG,G0",19,"A,C,CG,G0,N,OA,S,SA"
CHEMBL45691,tipo_invalido:Na,30,"A,C,F,NA,Na,OA"
CHEMBL4569183,"tipo_invalido:CG,G0",29,"A,C,CG,Cl,G0,N,NA,OA"
CHEMBL4569244,"tipo_invalido:B,CG,G0",42,"A,B,C,CG,F,G0,HD,N,OA"
CHEMBL4569259,"tipo_invalido:CG,G0",30,"A,C,CG,G0,HD,N,NA,OA"
CHEMBL4569295,"tipo_invalido:CG,G0",23,"A,C,CG,G0,HD,N,NA,OA"
CHEMBL4569307,"tipo_invalido:CG,G0",19,"A,C,CG,G0,I,N,NA,OA"
CHEMBL4569312,"tipo_invalido:CG,G0",35,"A,C,CG,G0,HD,N,NA"
CHEMBL4569314,"tipo_invalido:CG,G0",24,"A,C,CG,G0,N,NA,OA,S"
CHEMBL4569341,"tipo_invalido:CG,G0",26,"A,C,CG,G0,N,NA,OA,S"
CHEMBL4569350,"tipo_invalido:CG,G0",23,"C,CG,G0,HD,NA,OA,S"
CHEMBL4569360,"tipo_invalido:CG,G0",36,"A,C,CG,Cl,F,G0,HD,N,NA,OA"
CHEMBL4569367,"tipo_invalido:CG,G0",39,"A,C,CG,G0,HD,N,NA,OA,S"
CHEMBL4569381,"tipo_invalido:CG,G0",28,"A,C,CG,G0,N,NA,OA"
CHEMBL4569388,"tipo_invalido:CG,G0",34,"A,C,CG,G0,HD,N,NA,OA"
CHEMBL4569395,"tipo_invalido:CG,G0",30,"C,CG,G0,HD,OA"
CHEMBL4569417,tipo_invalido:Si,41,"A,C,F,HD,N,OA,Si"
CHEMBL4569440,"tipo_invalido:CG,G0",65,"A,C,CG,G0,HD,N,OA"
CHEMBL4569449,"tipo_invalido:CG,G0",42,"A,C,CG,G0,HD,N,NA,OA"
CHEMBL4570011,"tipo_invalido:CG,G0",37,"A,C,CG,G0,OA"
CHEMBL4570020,"tipo_invalido:CG,G0",31,"A,C,CG,G0,OA,S"
CHEMBL4570028,"tipo_invalido:CG,G0",38,"A,C,CG,G0,HD,N,NA,OA,S"
CHEMBL4570039,"tipo_invalido:CG,G0",25,"A,C,CG,G0,HD,N,NA,OA"
CHEMBL4570043,"tipo_invalido:CG,G0",22,"A,C,CG,F,G0,HD,N,NA,OA"
CHEMBL4570179,tipo_invalido:B,45,"A,B,C,HD,N,OA"
CHEMBL4570181,"tipo_invalido:CG,G0",68,"A,C,CG,G0,HD,N,NA,OA"
CHEMBL4570214,"tipo_invalido:CG,G0",39,"A,C,CG,Cl,F,G0,HD,N,NA,OA"
CHEMBL4570272,"tipo_invalido:CG,G0,G1",51,"C,CG,G0,G1,HD,OA"
CHEMBL4570290,"tipo_invalido:CG,G0",41,"A,C,CG,G0,HD,NA,OA"
CHEMBL4570336,"tipo_invalido:CG,G0",35,"A,C,CG,G0,HD,N,NA,OA"
CHEMBL4570364,"tipo_invalido:CG,G0",34,"A,C,CG,G0,OA"
CHEMBL4570403,"tipo_invalido:B,CG,G0",42,"A,B,C,CG,F,G0,HD,OA,SA"
CHEMBL4570411,"tipo_invalido:CG,G0",28,"A,C,CG,F,G0,N,NA,OA"
CHEMBL4570438,"tipo_invalido:CG,G0",34,"A,C,CG,G0,HD,N,NA,OA"
CHEMBL4570454,"tipo_invalido:CG,G0",35,"A,C,CG,G0,N,NA,OA,S"
CHEMBL4570466,"tipo_invalido:CG,G0",22,"A,C,CG,G0,N,NA,OA"
CHEMBL4570468,"tipo_invalido:CG,G0",54,"A,C,CG,G0,HD,N,NA,OA,P"
CHEMBL4570499,tipo_invalido:B,30,"A,B,C,F,HD,N,OA"
CHEMBL4570511,fallo_empirico_4_proteinas,135,"A,C,HD,N,NA,OA,SA"
CHEMBL4570553,"tipo_invalido:CG,G0",19,"C,CG,G0,NA,OA"
CHEMBL4570565,fallo_empirico_4_proteinas,127,"A,C,HD,N,NA,OA"
CHEMBL4570620,"tipo_invalido:CG,G0",21,"C,CG,G0,HD,N,NA,OA"
CHEMBL4570643,"tipo_invalido:CG,G0",37,"A,C,CG,G0,HD,N,NA,OA"
CHEMBL4570708,"tipo_invalido:CG,G0",23,"A,C,CG,G0,HD,N,NA,OA,S"
CHEMBL4570709,"tipo_invalido:CG,G0",23,"A,C,CG,G0,HD,NA,OA"
CHEMBL4570734,"tipo_invalido:CG,G0",26,"A,C,CG,G0,N,NA,OA,SA"
CHEMBL4570756,"tipo_invalido:CG,G0",34,"A,C,CG,G0,HD,N,OA"
CHEMBL4570762,"tipo_invalido:CG,G0",33,"A,C,CG,G0,HD,NA,OA"
CHEMBL4570763,fallo_empirico_4_proteinas,121,"C,HD,OA"
CHEMBL4570804,"tipo_invalido:CG,G0",16,"C,CG,G0,HD,NA,OA"
CHEMBL4570816,"tipo_invalido:CG,G0",26,"C,CG,G0,OA"
CHEMBL4570821,"tipo_invalido:CG,G0",29,"A,C,CG,G0,HD,N,NA,OA"
CHEMBL4570873,"tipo_invalido:CG,G0",25,"A,C,CG,G0,N,NA,OA,SA"
CHEMBL4570880,"tipo_invalido:CG,G0",18,"A,C,CG,G0,HD,N,NA,OA"
CHEMBL4570883,"tipo_invalido:CG,G0,G1",76,"A,C,CG,G0,G1,HD,OA"
CHEMBL4570886,"tipo_invalido:CG,G0",30,"A,C,CG,G0,HD,N,NA,OA"
CHEMBL4570897,"tipo_invalido:CG,G0",21,"C,CG,G0,HD,N,NA,OA,S"
CHEMBL4570930,"tipo_invalido:CG,G0",29,"A,C,CG,G0,N,NA,OA,S"
CHEMBL4570998,"tipo_invalido:CG,G0",18,"A,C,CG,G0,N,NA,OA"
CHEMBL4571005,"tipo_invalido:CG,G0",32,"A,C,CG,G0,HD,OA"
CHEMBL4571033,"tipo_invalido:CG,G0",41,"A,C,CG,G0,HD,N,NA,OA"
CHEMBL4571073,fallo_empirico_4_proteinas,112,"A,C,HD,N,NA,OA"
CHEMBL4571128,"tipo_invalido:CG,G0",31,"A,C,CG,G0,N,OA,SA"
CHEMBL4571133,"tipo_invalido:CG,G0",50,"A,C,CG,G0,HD,N,OA"
CHEMBL4571146,"tipo_invalido:CG,G0",43,"A,C,CG,Cl,G0,HD,N,NA,OA,S"
CHEMBL4571152,"tipo_invalido:CG,G0",22,"A,C,CG,G0,HD,N,NA,OA"
CHEMBL4571171,"tipo_invalido:CG,G0",43,"A,C,CG,G0,N,NA,OA"
CHEMBL4571177,tipo_invalido:B,26,"B,C,HD,N,NA,OA"
CHEMBL4571181,"tipo_invalido:CG,G0",58,"A,C,CG,G0,HD,N,OA,P"
CHEMBL4571198,"tipo_invalido:CG,G0",23,"A,C,CG,G0,HD,N,OA"
CHEMBL4571201,tipo_invalido:B,31,"A,B,C,HD,N,NA,OA"
CHEMBL4571204,"tipo_invalido:CG,G0",29,"A,C,CG,Cl,G0,N,NA,OA,S"
CHEMBL4571214,"tipo_invalido:CG,G0",100,"A,C,CG,G0,HD,N,OA"
CHEMBL4571217,"tipo_invalido:CG,G0",32,"A,Br,C,CG,G0,OA"
CHEMBL4571234,"tipo_invalido:CG,G0",80,"A,C,CG,G0,HD,N,OA,SA"
CHEMBL4571275,"tipo_invalido:CG,G0",15,"A,C,CG,G0,HD,NA,OA"
CHEMBL4571291,"tipo_invalido:CG,G0",19,"A,C,CG,F,G0,N,NA,OA"
CHEMBL4571327,"tipo_invalido:CG,G0",32,"A,C,CG,G0,HD,OA,SA"
CHEMBL4571336,"tipo_invalido:CG,G0",23,"A,C,CG,G0,HD,N,NA,OA"
CHEMBL4571340,"tipo_invalido:CG,G0",32,"A,C,CG,G0,HD,OA"
CHEMBL4571350,"tipo_invalido:CG,G0",15,"C,CG,G0,HD,NA,OA,S"
CHEMBL4571374,"tipo_invalido:CG,G0",50,"C,CG,G0,HD,OA"
CHEMBL4571375,"tipo_invalido:CG,G0",33,"A,C,CG,G0,NA,OA"
CHEMBL4571379,"tipo_invalido:CG,G0",23,"A,C,CG,G0,HD,N,NA,OA"
CHEMBL4571398,"tipo_invalido:CG,G0",22,"A,C,CG,G0,N,NA,OA"
CHEMBL4571442,tipo_invalido:B,25,"A,B,C,HD,N,OA"
CHEMBL4571464,"tipo_invalido:CG,G0",88,"A,C,CG,Cl,G0,HD,N,NA,OA,S,SA"
CHEMBL4571487,"tipo_invalido:CG,G0",48,"A,C,CG,G0,HD,NA"
CHEMBL4571500,fallo_empirico_4_proteinas,139,"A,C,HD,N,NA,OA,SA"
CHEMBL4571515,"tipo_invalido:CG,G0",32,"A,C,CG,G0,HD,N,NA,OA,S"
CHEMBL4571523,"tipo_invalido:CG,G0",20,"C,CG,G0,N,NA,OA,S"
CHEMBL4571538,"tipo_invalido:CG,G0",18,"A,C,CG,G0,HD,N,NA,OA"
CHEMBL4571541,"tipo_invalido:CG,G0",23,"A,C,CG,G0,HD,N,NA,OA"
CHEMBL4571570,"tipo_invalido:CG,G0",29,"A,C,CG,G0,HD,N,NA,OA"
CHEMBL4571619,tipo_invalido:Si,52,"A,C,HD,OA,Si"
CHEMBL4571641,"tipo_invalido:CG,G0",22,"A,C,CG,Cl,G0,HD,NA"
CHEMBL4571710,"tipo_invalido:CG,G0",38,"C,CG,G0,HD,OA"
CHEMBL4571718,"tipo_invalido:CG,G0",28,"A,C,CG,G0,N,OA"
CHEMBL4571787,"tipo_invalido:CG,G0",34,"A,C,CG,F,G0,HD,N,OA,S"
CHEMBL4571826,"tipo_invalido:CG,G0",24,"C,CG,G0,HD,N,NA,OA"
CHEMBL4571853,"tipo_invalido:CG,G0",23,"C,CG,G0,HD,NA,OA,S"
CHEMBL4571885,tipo_invalido:Si,21,"A,C,NA,OA,SA,Si"
CHEMBL4571913,"tipo_invalido:CG,G0",28,"A,C,CG,G0,HD,N,NA,OA,S"
CHEMBL4571919,tipo_invalido:B,22,"A,B,C,F,HD,N,OA"
CHEMBL4571932,"tipo_invalido:CG,G0",24,"A,C,CG,G0,HD,N,NA,OA"
CHEMBL4571997,"tipo_invalido:CG,G0",27,"A,C,CG,G0,OA"
CHEMBL4571999,fallo_empirico_4_proteinas,150,"A,C,HD,N,NA,OA,SA"
CHEMBL4572008,"tipo_invalido:CG,G0",86,"C,CG,G0,HD,N,OA"
CHEMBL4572045,"tipo_invalido:CG,G0",41,"A,C,CG,G0,HD,N,OA,SA"
CHEMBL4572080,"tipo_invalido:CG,G0",27,"A,C,CG,G0,HD,NA,OA"
CHEMBL4572101,"tipo_invalido:CG,G0",36,"A,C,CG,G0,HD,N,OA,S"
CHEMBL4572105,"tipo_invalido:CG,G0",22,"A,C,CG,G0,HD,N,NA,OA"
CHEMBL4572135,"tipo_invalido:CG,G0",25,"A,C,CG,G0,N,OA"
CHEMBL4572146,"tipo_invalido:CG,G0",26,"A,C,CG,G0,HD,N,NA,OA"
CHEMBL4572225,"tipo_invalido:CG,G0",30,"A,C,CG,G0,NA,OA"
CHEMBL4572234,"tipo_invalido:CG,G0,G1",38,"C,CG,G0,G1,HD,N,OA"
CHEMBL4572242,"tipo_invalido:CG,G0",39,"A,C,CG,G0,HD,OA"
CHEMBL4572248,"tipo_invalido:CG,G0",37,"A,C,CG,G0,HD,OA"
CHEMBL4572257,"tipo_invalido:CG,G0",28,"A,C,CG,G0,N,NA,OA,SA"
CHEMBL4572270,"tipo_invalido:CG,G0",30,"A,C,CG,G0,HD,N,NA,OA,S"
CHEMBL4572557,fallo_empirico_4_proteinas,149,"A,C,HD,N,OA,SA"
CHEMBL4572692,"tipo_invalido:CG,G0",28,"A,C,CG,G0,N,NA,OA"
CHEMBL4572694,"tipo_invalido:CG,G0",29,"A,C,CG,G0,HD,N,OA"
CHEMBL4572721,"tipo_invalido:CG,G0",60,"A,C,CG,G0,HD,N,NA,OA"
CHEMBL4572738,"tipo_invalido:CG,G0,G1",30,"C,CG,G0,G1,HD,OA"
CHEMBL4572749,"tipo_invalido:CG,G0",19,"A,C,CG,G0,HD,NA,OA"
CHEMBL4572769,"tipo_invalido:CG,G0",38,"A,C,CG,G0,N,OA,S"
CHEMBL4572789,"tipo_invalido:CG,G0",22,"A,C,CG,G0,N,NA,OA,S"
CHEMBL4572821,"tipo_invalido:CG,G0",33,"A,C,CG,Cl,F,G0,HD,N,NA,OA,S"
CHEMBL4572830,"tipo_invalido:CG,G0",35,"A,C,CG,F,G0,N,NA,OA,S"
CHEMBL4572845,"tipo_invalido:CG,G0",73,"A,C,CG,G0,HD,N,NA,OA"
CHEMBL4572846,"tipo_invalido:CG,G0",36,"A,C,CG,G0,HD,N,NA,OA"
CHEMBL4572850,tipo_invalido:B,28,"B,C,HD,NA,OA"
CHEMBL4572857,"tipo_invalido:CG,G0",29,"A,C,CG,G0,HD,N,NA,OA"
CHEMBL4572867,"tipo_invalido:CG,G0",52,"A,C,CG,G0,HD,N,NA,OA"
CHEMBL4572871,"tipo_invalido:CG,G0",30,"A,C,CG,G0,HD,OA"
CHEMBL4572874,"tipo_invalido:CG,G0",27,"A,C,CG,Cl,G0,HD,N,NA,OA,S"
CHEMBL4572887,"tipo_invalido:CG,G0",33,"A,C,CG,Cl,G0,HD,N,NA,S"
CHEMBL4572889,"tipo_invalido:CG,G0",29,"C,CG,G0,HD,N,NA,OA"
CHEMBL4572904,"tipo_invalido:CG,G0",21,"A,C,CG,G0,HD,N,NA,OA,SA"
CHEMBL4572907,tipo_invalido:Si,33,"A,C,N,NA,OA,Si"
CHEMBL4572919,"tipo_invalido:CG,G0",29,"A,C,CG,G0,HD,N,NA"
CHEMBL4572933,tipo_invalido:Si,37,"A,C,N,NA,OA,Si"
CHEMBL4572986,"tipo_invalido:CG,G0",22,"A,C,CG,G0,HD,NA,OA"
CHEMBL4573004,"tipo_invalido:CG,G0",27,"C,CG,G0,HD,NA,OA"
CHEMBL4573050,"tipo_invalido:CG,G0",94,"A,C,CG,G0,HD,N,NA,OA,S"
CHEMBL4573052,"tipo_invalido:CG,G0",23,"C,CG,G0,HD,N,NA,OA"
CHEMBL4573106,"tipo_invalido:CG,G0",77,"A,C,CG,G0,HD,N,NA,OA"
CHEMBL4573118,"tipo_invalido:CG,G0",15,"A,C,CG,G0,HD,N,NA"
CHEMBL4573148,"tipo_invalido:CG,G0",19,"C,CG,G0,N,OA,SA"
CHEMBL4573174,"tipo_invalido:CG,G0",22,"A,C,CG,G0,HD,N,OA"
CHEMBL4573190,fallo_empirico_4_proteinas,146,"A,C,HD,N,NA,OA"
CHEMBL4573201,"tipo_invalido:CG,G0",18,"A,Br,C,CG,G0,N,NA,OA"
CHEMBL4573202,tipo_invalido:B,27,"A,B,C,HD,N,NA,OA"
CHEMBL4573280,"tipo_invalido:CG,G0",34,"A,C,CG,F,G0,HD,N,OA,S"
CHEMBL4573312,"tipo_invalido:CG,G0",31,"A,C,CG,F,G0,HD,NA,OA,SA"
CHEMBL4573323,"tipo_invalido:CG,G0",24,"A,C,CG,G0,HD,N,OA"
CHEMBL4573360,"tipo_invalido:CG,G0",27,"A,C,CG,G0,N,NA"
CHEMBL4573372,"tipo_invalido:CG,G0",26,"A,C,CG,G0,N,NA"
CHEMBL4573377,"tipo_invalido:CG,G0",43,"A,Br,C,CG,F,G0,HD,N,NA,OA"
CHEMBL4573378,"tipo_invalido:CG,G0",26,"C,CG,G0,OA"
CHEMBL4573419,"tipo_invalido:CG,G0",34,"A,C,CG,F,G0,HD,NA,OA"
CHEMBL4573477,"tipo_invalido:CG,G0",71,"C,CG,G0,HD,N,NA,OA"
CHEMBL4573483,"tipo_invalido:CG,G0",28,"A,C,CG,G0,N,NA,OA"
CHEMBL4573492,"tipo_invalido:CG,G0",35,"A,C,CG,F,G0,N,NA,OA,S"
CHEMBL4573494,"tipo_invalido:CG,G0",40,"A,C,CG,G0,HD,OA"
CHEMBL4573510,"tipo_invalido:CG,G0",62,"A,C,CG,G0,HD,N,NA,OA"
CHEMBL4573518,tipo_invalido:B,31,"A,B,C,HD,N,OA"
CHEMBL4573525,"tipo_invalido:CG,G0",21,"C,CG,G0,HD,N,NA,OA"
CHEMBL4573545,"tipo_invalido:CG,G0",206,"A,C,CG,G0,HD,N,NA,OA"
CHEMBL4573552,"tipo_invalido:CG,G0",62,"A,C,CG,F,G0,HD,N,NA,OA,S"
CHEMBL4573593,"tipo_invalido:CG,G0",27,"A,C,CG,F,G0,NA,OA,S"
CHEMBL4573612,"tipo_invalido:B,Si",15,"A,B,C,F,HD,OA,Si"
CHEMBL4573619,"tipo_invalido:CG,G0",37,"A,C,CG,G0,N,NA,OA,S"
CHEMBL4573625,tipo_invalido:B,26,"A,B,C,HD,N,NA,OA"
CHEMBL4573658,"tipo_invalido:CG,G0",35,"A,C,CG,F,G0,N,NA,OA,S"
CHEMBL4573676,tipo_invalido:B,33,"A,B,C,F,HD,N,OA"
CHEMBL4573704,"tipo_invalido:CG,G0",53,"C,CG,G0,HD,N,NA,OA"
CHEMBL4573706,"tipo_invalido:CG,G0",45,"A,C,CG,F,G0,HD,N,NA,OA"
CHEMBL4573737,"tipo_invalido:CG,G0",83,"C,CG,G0,HD,N,NA,OA"
CHEMBL4573751,"tipo_invalido:CG,G0",22,"A,C,CG,G0,N,NA,S"
CHEMBL4573752,"tipo_invalido:B,CG,G0",46,"A,B,C,CG,G0,HD,N,NA,OA"
CHEMBL4573785,"tipo_invalido:CG,G0",26,"A,C,CG,G0,HD,NA,OA"
CHEMBL4573811,"tipo_invalido:CG,G0",33,"A,C,CG,G0,HD,OA"
CHEMBL4573827,"tipo_invalido:CG,G0",17,"A,C,CG,G0,HD,N,NA"
CHEMBL4573851,"tipo_invalido:CG,G0",28,"A,C,CG,G0,HD,NA,OA"
CHEMBL4573877,"tipo_invalido:CG,G0",28,"A,C,CG,G0,HD,N,NA,OA"
CHEMBL4573881,"tipo_invalido:CG,G0",38,"A,C,CG,F,G0,HD,N,NA,OA,S"
CHEMBL4573882,"tipo_invalido:CG,G0",56,"A,C,CG,G0,HD,N,NA,OA,P,SA"
CHEMBL4573898,"tipo_invalido:CG,G0",21,"A,C,CG,G0,N,NA,OA"
CHEMBL4573906,"tipo_invalido:CG,G0",46,"A,C,CG,G0,HD,N,NA,OA"
CHEMBL4573910,"tipo_invalido:CG,G0",25,"A,C,CG,G0,N,NA,OA,S"
CHEMBL4573915,"tipo_invalido:CG,G0",30,"A,C,CG,G0,HD,N,NA,OA"
CHEMBL4573931,"tipo_invalido:CG,G0",30,"C,CG,G0,HD,OA"
CHEMBL4573971,"tipo_invalido:CG,G0",12,"C,CG,G0,HD,NA,OA"
CHEMBL4573973,"tipo_invalido:CG,G0",75,"A,C,CG,F,G0,HD,N,NA,OA"
CHEMBL4573980,"tipo_invalido:CG,G0",28,"A,C,CG,G0,N,NA,OA,S"
CHEMBL4574086,"tipo_invalido:CG,G0",33,"C,CG,G0,HD,OA"
CHEMBL4574093,"tipo_invalido:CG,G0",21,"A,C,CG,G0,N,NA,OA"
CHEMBL4574214,"tipo_invalido:CG,G0",24,"A,C,CG,G0,HD,N,NA,OA"
CHEMBL4574220,"tipo_invalido:CG,G0",28,"A,C,CG,F,G0,HD,NA,OA"
CHEMBL4574286,fallo_empirico_4_proteinas,156,"A,C,HD,N,NA,OA,SA"
CHEMBL4574293,"tipo_invalido:CG,G0",22,"A,C,CG,G0,N,NA,OA"
CHEMBL4574295,"tipo_invalido:CG,G0",35,"A,C,CG,G0,HD,NA,OA"
CHEMBL4574396,"tipo_invalido:CG,G0",61,"C,CG,G0,HD,N,NA,OA"
CHEMBL4574397,"tipo_invalido:CG,G0",28,"A,C,CG,G0,HD,N,OA"
CHEMBL4574406,"tipo_invalido:CG,G0",59,"A,C,CG,G0,HD,OA"
CHEMBL4574724,"tipo_invalido:CG,G0",24,"A,C,CG,G0,N,NA,OA,S"
CHEMBL4574730,fallo_empirico_4_proteinas,156,"A,C,HD,N,NA,OA,SA"
CHEMBL4574769,tipo_invalido:Si,14,"A,C,HD,N,NA,Si"
CHEMBL4574812,"tipo_invalido:CG,G0",22,"A,C,CG,G0,HD,N,NA,OA"
CHEMBL4574855,"tipo_invalido:CG,G0",61,"A,C,CG,F,G0,HD,N,NA,OA,S"
CHEMBL4574869,"tipo_invalido:CG,G0",26,"A,C,CG,G0,HD,N,NA,OA,S"
CHEMBL4574877,"tipo_invalido:CG,G0",21,"A,C,CG,G0,N,OA,S,SA"
CHEMBL4574884,"tipo_invalido:CG,G0",33,"A,C,CG,Cl,G0,HD,N,OA"
CHEMBL4574912,"tipo_invalido:CG,G0",20,"A,C,CG,G0,HD,N,NA,OA"
CHEMBL4574957,"tipo_invalido:CG,G0",25,"C,CG,G0,HD,OA"
CHEMBL4574986,"tipo_invalido:CG,G0",57,"A,C,CG,G0,HD,OA"
CHEMBL4574987,"tipo_invalido:CG,G0",22,"A,C,CG,G0,N,NA,OA"
CHEMBL4574995,"tipo_invalido:CG,G0",41,"A,C,CG,Cl,F,G0,HD,NA,OA"
CHEMBL4574996,"tipo_invalido:CG,G0",22,"A,C,CG,G0,N,OA,S"
CHEMBL4575052,"tipo_invalido:CG,G0",45,"A,C,CG,F,G0,HD,N,OA"
CHEMBL4575056,"tipo_invalido:CG,G0,G1",63,"A,C,CG,G0,G1,HD,OA"
CHEMBL4575057,"tipo_invalido:CG,G0",59,"A,C,CG,G0,HD,N,OA"
CHEMBL4575068,"tipo_invalido:CG,G0",37,"A,C,CG,G0,N,NA"
CHEMBL4575071,"tipo_invalido:CG,G0",38,"A,C,CG,G0,HD,N,NA,OA,SA"
CHEMBL4575078,"tipo_invalido:B,CG,G0",43,"A,B,C,CG,G0,HD,OA"
CHEMBL4575113,"tipo_invalido:CG,G0",67,"C,CG,G0,HD,OA"
CHEMBL4575134,"tipo_invalido:CG,G0",30,"A,C,CG,G0,HD,N,NA,OA"
CHEMBL4575151,"tipo_invalido:CG,G0",62,"A,C,CG,G0,HD,N,NA,OA"
CHEMBL4575153,tipo_invalido:B,30,"A,B,C,HD,N,OA"
CHEMBL4575193,"tipo_invalido:CG,G0",22,"A,C,CG,G0,N,NA,OA"
CHEMBL4575197,"tipo_invalido:CG,G0",23,"A,C,CG,G0,N,NA,OA"
CHEMBL4575199,"tipo_invalido:CG,G0",25,"A,C,CG,G0,N,NA,OA"
CHEMBL4575334,"tipo_invalido:CG,G0",77,"A,C,CG,G0,HD,N,NA,OA"
CHEMBL4575339,"tipo_invalido:CG,G0",52,"A,C,CG,G0,HD,OA"
CHEMBL4575437,"tipo_invalido:CG,G0",25,"A,C,CG,Cl,G0,HD,N,NA,OA"
CHEMBL4575450,"tipo_invalido:CG,G0",49,"A,C,CG,G0,HD,N,OA"
CHEMBL4575517,"tipo_invalido:CG,G0",37,"A,C,CG,G0,N,NA,OA"
CHEMBL4575530,"tipo_invalido:CG,G0,G1",160,"A,C,CG,G0,G1,HD,N,NA,OA,SA"
CHEMBL4575610,"tipo_invalido:CG,G0",29,"C,CG,G0,HD,OA"
CHEMBL4575625,tipo_invalido:Si,41,"C,HD,OA,Si"
CHEMBL4575708,"tipo_invalido:CG,G0",29,"C,CG,G0,HD,OA"
CHEMBL4575786,"tipo_invalido:CG,G0",23,"A,C,CG,G0,HD,N,NA,OA"
CHEMBL4575787,"tipo_invalido:CG,G0",14,"C,CG,G0,HD,NA,OA,S"
CHEMBL4575790,"tipo_invalido:CG,G0",21,"C,CG,G0,N,OA,S"
CHEMBL4575809,"tipo_invalido:CG,G0",27,"A,C,CG,G0,N,NA,OA,SA"
CHEMBL4575821,tipo_invalido:B,31,"A,B,C,HD,N,OA"
CHEMBL4575896,"tipo_invalido:CG,G0",77,"A,C,CG,G0,HD,N,NA,OA"
CHEMBL4575948,"tipo_invalido:CG,G0",24,"A,C,CG,F,G0,NA"
CHEMBL4575949,"tipo_invalido:CG,G0",25,"A,C,CG,G0,N,NA,OA,S"
CHEMBL45767,fallo_empirico_4_proteinas,35,"A,C,Cl,HD,NA,OA"
CHEMBL4580633,"tipo_invalido:CG,G0",21,"A,C,CG,G0,N,NA,SA"
CHEMBL4580684,"tipo_invalido:CG,G0",22,"A,C,CG,G0,HD,N,NA,OA"
CHEMBL4580688,"tipo_invalido:CG,G0",116,"A,C,CG,G0,HD,N,NA,OA"
CHEMBL4580704,"tipo_invalido:B,Si",14,"A,B,C,Cl,HD,OA,Si"
CHEMBL4580732,"tipo_invalido:CG,G0",20,"A,C,CG,G0,HD,NA"
CHEMBL4580738,"tipo_invalido:CG,G0",77,"C,CG,G0,HD,N,NA,OA,P,S"
CHEMBL4580764,"tipo_invalido:CG,G0",28,"A,C,CG,Cl,G0,N,NA,OA"
CHEMBL4580765,"tipo_invalido:CG,G0",35,"A,C,CG,G0,OA"
CHEMBL4580766,"tipo_invalido:CG,G0",27,"A,C,CG,G0,N,NA,OA"
CHEMBL4580771,"tipo_invalido:CG,G0",92,"A,C,CG,G0,HD,N,NA,OA"
CHEMBL4580776,"tipo_invalido:CG,G0",39,"A,C,CG,G0,HD,NA,OA"
CHEMBL4580782,"tipo_invalido:CG,G0",23,"A,C,CG,G0,HD,N,NA,OA"
CHEMBL4580786,"tipo_invalido:CG,G0",35,"A,C,CG,G0,HD,NA,OA"
CHEMBL4580814,"tipo_invalido:CG,G0",66,"A,C,CG,G0,HD,N,NA,OA,SA"
CHEMBL4580820,"tipo_invalido:CG,G0",27,"A,C,CG,G0,N,NA"
CHEMBL4580844,tipo_invalido:B,37,"A,B,C,HD,N,NA,OA,S"
CHEMBL4580851,"tipo_invalido:CG,G0",23,"A,C,CG,F,G0,HD,NA,OA"
CHEMBL4580854,tipo_invalido:B,37,"A,B,C,HD,N,NA,OA"
CHEMBL4580865,"tipo_invalido:CG,G0",61,"C,CG,G0,HD,N,OA"
CHEMBL4580873,"tipo_invalido:CG,G0",25,"A,C,CG,G0,N,NA,OA"
CHEMBL4580882,"tipo_invalido:CG,G0",98,"A,C,CG,G0,HD,N,OA"
CHEMBL4580890,"tipo_invalido:CG,G0",22,"A,C,CG,G0,HD,N,NA"
CHEMBL4580894,"tipo_invalido:CG,G0",37,"A,C,CG,G0,HD,OA"
CHEMBL4580983,"tipo_invalido:CG,G0",67,"A,C,CG,G0,HD,N,NA,OA"
CHEMBL4581031,"tipo_invalido:CG,G0",41,"A,C,CG,F,G0,HD,N,NA,OA"
CHEMBL4581083,"tipo_invalido:CG,G0",26,"A,C,CG,F,G0,HD,N,NA,OA"
CHEMBL4581101,"tipo_invalido:CG,G0",43,"A,C,CG,G0,HD,N,OA"
CHEMBL4581105,"tipo_invalido:CG,G0",38,"C,CG,G0,HD,OA"
CHEMBL4581108,"tipo_invalido:CG,G0",24,"A,C,CG,G0,N,NA,S"
CHEMBL4581149,"tipo_invalido:CG,G0",194,"A,C,CG,G0,HD,N,NA,OA"
CHEMBL4581190,"tipo_invalido:CG,G0",18,"C,CG,G0,N,NA,OA,S"
CHEMBL4581215,"tipo_invalido:CG,G0",28,"A,C,CG,G0,N,NA"
CHEMBL4581221,"tipo_invalido:CG,G0",28,"A,C,CG,G0,N,NA,OA,S"
CHEMBL4581229,"tipo_invalido:CG,G0",57,"A,C,CG,Cl,G0,HD,N,OA,S"
CHEMBL4581241,"tipo_invalido:CG,G0",26,"C,CG,G0,HD,OA"
CHEMBL4581305,"tipo_invalido:CG,G0",29,"A,C,CG,F,G0,HD,N,NA,OA"
CHEMBL4581343,"tipo_invalido:CG,G0",28,"A,C,CG,Cl,G0,NA"
CHEMBL4581346,"tipo_invalido:CG,G0",16,"A,C,CG,G0,HD,N,NA"
CHEMBL4581359,"tipo_invalido:CG,G0",38,"A,C,CG,G0,HD,N,OA"
CHEMBL4581396,"tipo_invalido:B,CG,G0",46,"A,B,C,CG,F,G0,HD,NA,OA"
CHEMBL4581419,"tipo_invalido:CG,G0",21,"A,Br,C,CG,G0,HD,NA,OA"
CHEMBL4581422,"tipo_invalido:CG,G0",16,"C,CG,G0,HD,N,NA,OA,SA"
CHEMBL4581488,"tipo_invalido:CG,G0",22,"A,C,CG,G0,N,NA,OA"
CHEMBL4581490,"tipo_invalido:CG,G0",21,"A,C,CG,G0,HD,N,NA,OA,S"
CHEMBL4581496,"tipo_invalido:CG,G0",22,"A,C,CG,Cl,G0,N,NA,OA"
CHEMBL4581545,"tipo_invalido:CG,G0",38,"A,C,CG,F,G0,HD,N,NA,OA"
CHEMBL4581557,"tipo_invalido:CG,G0",39,"A,C,CG,G0,N,NA,OA,S,SA"
CHEMBL4581587,"tipo_invalido:CG,G0",46,"A,C,CG,G0,HD,N,OA"
CHEMBL4581623,"tipo_invalido:CG,G0",38,"A,C,CG,G0,HD,N,OA"
CHEMBL4581645,"tipo_invalido:CG,G0",34,"A,C,CG,G0,N,NA,OA"
CHEMBL4581672,"tipo_invalido:CG,G0",28,"A,C,CG,G0,N,NA,OA"
CHEMBL4581674,fallo_empirico_4_proteinas,156,"A,C,HD,N,NA,OA,SA"
CHEMBL4581720,"tipo_invalido:CG,G0",48,"C,CG,G0,N,NA,OA,S,SA"
CHEMBL4581754,fallo_empirico_4_proteinas,135,"C,HD,N,NA,OA,SA"
CHEMBL4581779,"tipo_invalido:CG,G0",36,"A,C,CG,G0,OA"
CHEMBL4581785,"tipo_invalido:CG,G0",16,"A,C,CG,G0,HD,N,NA,OA"
CHEMBL4581789,"tipo_invalido:CG,G0",37,"A,C,CG,G0,N,OA"
CHEMBL4581791,"tipo_invalido:CG,G0",24,"C,CG,G0,HD,N,NA,OA"
CHEMBL4581881,"tipo_invalido:CG,G0",29,"A,C,CG,Cl,G0,HD,N,OA"
CHEMBL4581972,"tipo_invalido:CG,G0",39,"A,C,CG,G0,HD,N,NA,OA"
CHEMBL45821,fallo_empirico_4_proteinas,26,"C,Cl,F,HD,N,NA,OA"
CHEMBL4582140,"tipo_invalido:CG,G0",94,"A,C,CG,G0,HD,N,NA,OA,SA"
CHEMBL4582173,"tipo_invalido:CG,G0",13,"C,CG,G0,HD,N,NA,OA"
CHEMBL4582204,tipo_invalido:B,27,"A,B,C,HD,N,NA,OA,S"
CHEMBL4582215,"tipo_invalido:CG,G0",27,"A,C,CG,G0,N,NA,OA,S"
CHEMBL4582247,"tipo_invalido:CG,G0",141,"A,C,CG,G0,HD,N,NA,OA,SA"
CHEMBL4582273,"tipo_invalido:CG,G0",44,"C,CG,G0,HD,OA"
CHEMBL4582283,"tipo_invalido:CG,G0",23,"A,C,CG,G0,HD,N,NA,OA"
CHEMBL4582329,"tipo_invalido:CG,G0",48,"A,C,CG,G0,HD,N,OA,SA"
CHEMBL4582338,"tipo_invalido:CG,G0",29,"A,C,CG,G0,HD,N,NA,OA"
CHEMBL4582376,"tipo_invalido:CG,G0",28,"A,Br,C,CG,G0,HD,N,NA,OA"
CHEMBL4582395,"tipo_invalido:CG,G0",21,"A,C,CG,G0,N,NA,OA"
CHEMBL4582403,"tipo_invalido:CG,G0",20,"A,C,CG,G0,N,NA,OA"
CHEMBL4582437,"tipo_invalido:CG,G0",68,"A,C,CG,G0,HD,N,NA,OA"
CHEMBL4582447,"tipo_invalido:CG,G0",22,"A,C,CG,G0,HD,N,NA,OA"
CHEMBL4582461,"tipo_invalido:CG,G0",24,"A,C,CG,G0,HD,N,NA,OA,S"
CHEMBL4582464,"tipo_invalido:CG,G0",38,"A,C,CG,G0,N,NA,OA"
CHEMBL4582478,"tipo_invalido:CG,G0",57,"A,C,CG,G0,HD,N,OA"
CHEMBL4582486,"tipo_invalido:CG,G0",66,"A,C,CG,F,G0,HD,N,OA"
CHEMBL4582504,"tipo_invalido:CG,G0",42,"C,CG,G0,HD,N,OA"
CHEMBL4582512,"tipo_invalido:CG,G0,G1",56,"A,C,CG,Cl,G0,G1,HD,N,NA,OA"
CHEMBL4582519,"tipo_invalido:CG,G0",40,"A,C,CG,G0,HD,N,NA,OA,S"
CHEMBL4582601,"tipo_invalido:CG,G0",50,"A,C,CG,Cl,F,G0,HD,N,NA,OA"
CHEMBL4582618,"tipo_invalido:CG,G0",27,"A,C,CG,G0,HD,N,NA,OA,SA"
CHEMBL4582713,"tipo_invalido:CG,G0",43,"A,C,CG,F,G0,HD,N,OA"
CHEMBL4582714,"tipo_invalido:CG,G0",30,"A,C,CG,G0,N,NA,OA,S"
CHEMBL4583417,"tipo_invalido:CG,G0",23,"C,CG,G0,HD,N,NA,OA,SA"
CHEMBL4583437,"tipo_invalido:CG,G0",29,"A,C,CG,G0,HD,N,NA"
CHEMBL4583441,"tipo_invalido:CG,G0",119,"A,C,CG,G0,HD,N,NA,OA"
CHEMBL4583453,"tipo_invalido:CG,G0",32,"A,C,CG,Cl,G0,HD,N,NA,OA"
CHEMBL4583498,"tipo_invalido:CG,G0",21,"A,Br,C,CG,G0,N,NA,OA"
CHEMBL4583521,"tipo_invalido:CG,G0",19,"C,CG,G0,HD,N,OA"
CHEMBL4583522,"tipo_invalido:CG,G0",37,"A,C,CG,F,G0,HD,N,NA,OA,SA"
CHEMBL4583549,"tipo_invalido:CG,G0",28,"C,CG,G0,HD,OA"
CHEMBL4583558,fallo_empirico_4_proteinas,137,"A,C,HD,N,OA,SA"
CHEMBL4583571,"tipo_invalido:CG,G0",23,"C,CG,G0,HD,N,OA,SA"
CHEMBL4583625,"tipo_invalido:CG,G0",24,"A,C,CG,G0,HD,N,NA,OA,S"
CHEMBL4583629,"tipo_invalido:CG,G0",29,"A,Br,C,CG,G0,OA"
CHEMBL4583662,"tipo_invalido:CG,G0",34,"A,C,CG,F,G0,HD,N,NA,OA"
CHEMBL4583664,"tipo_invalido:CG,G0",25,"A,C,CG,G0,HD,N,NA,OA"
CHEMBL4583695,"tipo_invalido:CG,G0",21,"A,C,CG,Cl,F,G0,N,NA,OA"
CHEMBL4583731,"tipo_invalido:CG,G0",20,"A,C,CG,G0,HD,N,NA,OA,S"
CHEMBL4584625,"tipo_invalido:CG,G0",23,"A,C,CG,G0,HD,N,NA,OA"
CHEMBL4584642,"tipo_invalido:CG,G0",56,"C,CG,G0,HD,OA"
CHEMBL4584645,tipo_invalido:B,33,"A,B,C,HD,N,NA,OA"
CHEMBL4584672,"tipo_invalido:CG,G0",59,"A,C,CG,G0,HD,N,NA,OA"
CHEMBL4584705,tipo_invalido:B,34,"A,B,C,HD,N,NA,OA"
CHEMBL4584740,tipo_invalido:B,28,"A,B,C,HD,N,NA,OA"
CHEMBL4584764,"tipo_invalido:CG,G0,G1",146,"A,C,CG,Cl,G0,G1,HD,N,NA,OA,SA"
CHEMBL4584782,"tipo_invalido:CG,G0",28,"A,C,CG,G0,N,NA,OA,S"
CHEMBL4584795,"tipo_invalido:CG,G0",26,"A,C,CG,G0,N,NA,OA"
CHEMBL4584804,"tipo_invalido:CG,G0",53,"A,C,CG,F,G0,HD,N,OA,SA"
CHEMBL4584815,"tipo_invalido:CG,G0",52,"A,C,CG,F,G0,N,OA"
CHEMBL4584879,"tipo_invalido:CG,G0",30,"A,C,CG,G0,N,NA,OA"
CHEMBL4584905,"tipo_invalido:CG,G0",30,"A,C,CG,G0,N,NA,OA,SA"
CHEMBL4584934,"tipo_invalido:CG,G0",32,"A,C,CG,G0,NA,OA,SA"
CHEMBL4584945,"tipo_invalido:CG,G0",23,"A,C,CG,G0,HD,N,NA,OA"
CHEMBL4584956,"tipo_invalido:CG,G0",23,"C,CG,G0,OA"
CHEMBL4584957,"tipo_invalido:CG,G0",38,"A,C,CG,Cl,G0,N,NA,OA,S"
CHEMBL4584959,"tipo_invalido:CG,G0",29,"A,C,CG,G0,HD,N,NA,OA"
CHEMBL4584978,"tipo_invalido:CG,G0",24,"C,CG,G0,HD,OA"
CHEMBL4585002,"tipo_invalido:CG,G0",28,"A,C,CG,G0,HD,N,NA,OA"
CHEMBL4585026,"tipo_invalido:CG,G0",26,"A,C,CG,G0,HD,NA,OA"
CHEMBL4585094,"tipo_invalido:CG,G0",63,"A,C,CG,F,G0,HD,N,OA"
CHEMBL4585119,"tipo_invalido:CG,G0",38,"A,C,CG,G0,HD,NA,OA"
CHEMBL4585124,fallo_empirico_4_proteinas,122,"A,C,HD,N,NA,OA"
CHEMBL4585140,"tipo_invalido:CG,G0",25,"A,C,CG,G0,NA,OA,S"
CHEMBL4585149,"tipo_invalido:CG,G0,G1",144,"A,C,CG,G0,G1,HD,N,NA,OA,SA"
CHEMBL4585151,fallo_empirico_4_proteinas,135,"A,C,HD,N,NA,OA,SA"
CHEMBL4585184,"tipo_invalido:CG,G0",32,"A,C,CG,Cl,G0,N,NA,OA"
CHEMBL4585201,"tipo_invalido:CG,G0",30,"A,C,CG,G0,N,NA,OA"
CHEMBL4585209,"tipo_invalido:CG,G0",32,"A,C,CG,G0,HD,N,NA,OA"
CHEMBL4585286,"tipo_invalido:CG,G0",28,"A,C,CG,G0,HD,N,NA"
CHEMBL4585303,"tipo_invalido:CG,G0",98,"A,C,CG,G0,HD,N,OA"
CHEMBL4585305,"tipo_invalido:CG,G0",28,"A,C,CG,G0,N,NA,OA"
CHEMBL4585336,"tipo_invalido:CG,G0",38,"A,C,CG,F,G0,N,NA,OA,S"
CHEMBL4585417,"tipo_invalido:CG,G0",31,"A,CG,G0,N,NA,OA"
CHEMBL4585449,"tipo_invalido:CG,G0",65,"A,C,CG,G0,HD,NA,OA"
CHEMBL4585474,"tipo_invalido:B,CG,G0",42,"A,B,C,CG,F,G0,HD,OA"
CHEMBL45858,fallo_empirico_4_proteinas,25,"C,F,HD,N,NA,OA"
CHEMBL45920,fallo_empirico_4_proteinas,25,"C,F,HD,N,NA,OA"
CHEMBL45921,fallo_empirico_4_proteinas,24,"C,Cl,F,HD,N,NA,OA"
CHEMBL46038,fallo_empirico_4_proteinas,20,"A,C,HD,I,N"
CHEMBL46107,fallo_empirico_4_proteinas,30,"Br,C,N,NA"
CHEMBL46141,fallo_empirico_4_proteinas,25,"A,C,HD,N,OA"
CHEMBL46200,fallo_empirico_4_proteinas,24,"C,Cl,F,HD,N,NA,OA"
CHEMBL46267,tipo_invalido:Na,26,"A,HD,NA,Na,OA,S"
CHEMBL46338,tipo_invalido:Na,35,"A,C,Cl,HD,N,Na,OA,S"
CHEMBL4634646,"tipo_invalido:CG,G0",45,"A,C,CG,G0,HD,N,NA,OA"
CHEMBL4634658,"tipo_invalido:CG,G0",48,"A,C,CG,G0,HD,N,OA"
CHEMBL4634680,"tipo_invalido:CG,G0",50,"A,C,CG,Cl,F,G0,HD,N,NA,OA"
CHEMBL4634686,"tipo_invalido:CG,G0,G1,G2",160,"A,C,CG,G0,G1,G2,HD,I,N,NA,OA,SA"
CHEMBL4634696,"tipo_invalido:CG,G0",36,"A,C,CG,F,G0,N,NA,OA"
CHEMBL4634714,"tipo_invalido:CG,G0",25,"A,C,CG,G0,HD,OA"
CHEMBL4634720,"tipo_invalido:CG,G0",27,"A,C,CG,Cl,G0,HD,OA"
CHEMBL4634726,"tipo_invalido:CG,G0",98,"A,C,CG,G0,HD,N,NA,OA"
CHEMBL4634738,"tipo_invalido:CG,G0",53,"A,C,CG,G0,HD,N,NA,OA,S"
CHEMBL4634740,"tipo_invalido:CG,G0",37,"A,C,CG,G0,HD,N,NA,OA"
CHEMBL4634744,"tipo_invalido:CG,G0",25,"A,Br,C,CG,G0,N,NA,OA"
CHEMBL4634745,fallo_empirico_4_proteinas,168,"A,C,OA"
CHEMBL4634785,"tipo_invalido:CG,G0",20,"C,CG,G0,HD,NA"
CHEMBL4634787,"tipo_invalido:CG,G0",20,"A,C,CG,G0,HD,N,NA"
CHEMBL4634795,fallo_empirico_4_proteinas,132,"A,C,HD,OA"
CHEMBL4634805,"tipo_invalido:CG,G0",102,"A,C,CG,G0,HD,N,NA,OA"
CHEMBL4634809,"tipo_invalido:CG,G0",30,"A,C,CG,Cl,G0,N,NA,OA"
CHEMBL4634813,"tipo_invalido:CG,G0",38,"A,C,CG,Cl,F,G0,HD,N,NA"
CHEMBL4634817,"tipo_invalido:CG,G0",43,"A,C,CG,Cl,F,G0,HD,N,NA,OA"
CHEMBL4634836,"tipo_invalido:CG,G0",18,"A,C,CG,Cl,G0,HD,N,NA,SA"
CHEMBL4634853,tipo_invalido:B,27,"A,B,C,HD,NA,OA,S,SA"
CHEMBL4634869,"tipo_invalido:CG,G0",42,"A,C,CG,Cl,G0,HD,N,NA,OA"
CHEMBL4634876,"tipo_invalido:CG,G0",40,"A,C,CG,F,G0,HD,N,NA,OA"
CHEMBL4634880,fallo_empirico_4_proteinas,191,"A,C,HD,N,NA,OA,SA"
CHEMBL4634888,"tipo_invalido:CG,G0,G1",47,"A,C,CG,G0,G1,HD,N,OA"
CHEMBL4634920,fallo_empirico_4_proteinas,136,"A,C,OA"
CHEMBL4634930,"tipo_invalido:CG,G0",48,"A,C,CG,G0,HD,N,OA"
CHEMBL4634931,"tipo_invalido:CG,G0",34,"A,C,CG,Cl,G0,HD,N,OA"
CHEMBL4634932,"tipo_invalido:CG,G0",32,"A,C,CG,F,G0,HD,N,NA,OA"
CHEMBL4634942,"tipo_invalido:CG,G0",18,"A,C,CG,Cl,G0,HD,N,NA"
CHEMBL4634948,"tipo_invalido:CG,G0",32,"A,C,CG,Cl,G0,HD,OA"
CHEMBL4634996,"tipo_invalido:CG,G0",50,"A,C,CG,G0,HD,OA"
CHEMBL4635000,tipo_invalido:B,20,"A,B,C,HD,OA"
CHEMBL4635034,"tipo_invalido:CG,G0",38,"A,C,CG,Cl,G0,HD,N,NA,OA"
CHEMBL4635039,"tipo_invalido:CG,G0",84,"A,C,CG,G0,HD,I,N,NA,OA,SA"
CHEMBL4635077,"tipo_invalido:CG,G0",40,"A,C,CG,Cl,F,G0,HD,N,NA,OA"
CHEMBL4635085,"tipo_invalido:CG,G0",80,"A,C,CG,G0,HD,N,OA"
CHEMBL4635105,"tipo_invalido:CG,G0",19,"A,C,CG,Cl,G0,HD,N,NA"
CHEMBL4635141,"tipo_invalido:CG,G0,G1",157,"A,C,CG,G0,G1,HD,N,NA,OA,SA"
CHEMBL4635142,"tipo_invalido:CG,G0",69,"A,C,CG,Cl,G0,HD,N,NA,OA"
CHEMBL4635150,"tipo_invalido:CG,G0",89,"A,C,CG,G0,HD,N,NA,OA,SA"
CHEMBL4635155,"tipo_invalido:CG,G0",47,"A,C,CG,Cl,F,G0,HD,N,NA,OA"
CHEMBL4635161,"tipo_invalido:CG,G0",37,"A,C,CG,G0,HD,N,NA,OA"
CHEMBL4635217,"tipo_invalido:CG,G0",33,"A,C,CG,F,G0,HD,N,NA,OA"
CHEMBL4635248,"tipo_invalido:CG,G0",43,"A,C,CG,Cl,F,G0,HD,N,NA,OA"
CHEMBL4635282,tipo_invalido:B,19,"A,B,C,HD,OA"
CHEMBL4635291,"tipo_invalido:CG,G0",52,"A,C,CG,G0,HD,N,OA"
CHEMBL4635293,"tipo_invalido:CG,G0",19,"A,C,CG,Cl,G0,HD,N,NA,OA,S"
CHEMBL4635302,"tipo_invalido:CG,G0",38,"A,C,CG,G0,HD,OA"
CHEMBL4635305,"tipo_invalido:CG,G0",37,"A,C,CG,Cl,G0,HD,N,NA"
CHEMBL4635313,"tipo_invalido:CG,G0",46,"A,C,CG,Cl,G0,HD,N,NA,OA"
CHEMBL4635337,"tipo_invalido:CG,G0",34,"A,Br,C,CG,F,G0,N,NA,OA"
CHEMBL4635345,"tipo_invalido:CG,G0,G1,G2",155,"A,C,CG,G0,G1,G2,HD,N,NA,OA,SA"
CHEMBL4635346,tipo_invalido:B,23,"A,B,C,HD,N,NA,OA,SA"
CHEMBL4635408,"tipo_invalido:CG,G0",105,"A,C,CG,G0,HD,N,NA,OA"
CHEMBL4635419,"tipo_invalido:CG,G0",39,"A,C,CG,G0,HD,N,OA"
CHEMBL4635441,"tipo_invalido:CG,G0",46,"A,C,CG,G0,HD,OA"
CHEMBL4635445,tipo_invalido:B,61,"A,B,C,HD,N,NA,OA"
CHEMBL4635447,"tipo_invalido:CG,G0",29,"A,C,CG,G0,HD,N,NA,OA,S"
CHEMBL4635453,"tipo_invalido:CG,G0",37,"A,C,CG,G0,HD,N,NA,OA"
CHEMBL4635456,"tipo_invalido:CG,G0",33,"A,Br,C,CG,G0,HD,N,NA,OA"
CHEMBL4635462,"tipo_invalido:CG,G0",133,"A,C,CG,G0,HD,N,NA,OA"
CHEMBL4635482,"tipo_invalido:CG,G0",32,"A,C,CG,F,G0,HD,N,NA"
CHEMBL4635495,tipo_invalido:B,42,"A,B,C,F,HD,N,OA"
CHEMBL4635504,"tipo_invalido:CG,G0",50,"A,C,CG,G0,NA,OA"
CHEMBL4635509,"tipo_invalido:CG,G0",23,"A,Br,C,CG,G0,HD,N,NA,OA"
CHEMBL4635512,tipo_invalido:B,25,"A,B,C,F,HD,N,NA,OA"
CHEMBL4635574,fallo_empirico_4_proteinas,152,"C,HD,N,OA"
CHEMBL4635578,"tipo_invalido:CG,G0",52,"A,C,CG,G0,HD,OA"
CHEMBL4635587,"tipo_invalido:CG,G0",32,"A,C,CG,F,G0,HD,N,NA,OA"
CHEMBL4635641,"tipo_invalido:CG,G0",37,"A,C,CG,G0,HD,N,NA,OA"
CHEMBL4635649,tipo_invalido:B,17,"A,B,C,HD,NA,OA"
CHEMBL4635650,"tipo_invalido:CG,G0",32,"A,C,CG,Cl,G0,HD,OA"
CHEMBL4635654,"tipo_invalido:CG,G0",42,"A,C,CG,G0,HD,OA"
CHEMBL4635678,"tipo_invalido:CG,G0",38,"A,C,CG,F,G0,HD,N,NA"
CHEMBL46357,fallo_empirico_4_proteinas,34,"A,Br,C,HD,N,NA,OA,S"
CHEMBL4635735,"tipo_invalido:CG,G0",56,"A,C,CG,G0,HD,N,NA,OA"
CHEMBL4635748,tipo_invalido:B,23,"A,B,C,F,HD,NA,OA,S,SA"
CHEMBL4635756,"tipo_invalido:CG,G0",26,"A,Br,C,CG,G0,HD,N,NA,OA"
CHEMBL4635760,"tipo_invalido:CG,G0",55,"A,C,CG,G0,HD,NA,OA"
CHEMBL4635773,"tipo_invalido:CG,G0",70,"A,C,CG,G0,HD,N,NA,OA,S,SA"
CHEMBL4635776,"tipo_invalido:CG,G0",38,"A,C,CG,F,G0,HD,N,NA,OA"
CHEMBL4635781,"tipo_invalido:CG,G0",102,"A,C,CG,G0,HD,N,NA,OA"
CHEMBL4635791,"tipo_invalido:CG,G0",53,"A,Br,C,CG,G0,HD,NA,OA,S,SA"
CHEMBL4635795,"tipo_invalido:CG,G0",22,"A,C,CG,G0,OA"
CHEMBL4635803,tipo_invalido:B,37,"A,B,C,F,HD,N,NA,OA"
CHEMBL4635807,"tipo_invalido:CG,G0",71,"A,C,CG,G0,HD,N,NA,OA,S,SA"
CHEMBL4635825,"tipo_invalido:CG,G0",50,"A,C,CG,G0,HD,N,OA"
CHEMBL4635849,"tipo_invalido:CG,G0",98,"C,CG,G0,HD,N,NA,OA,SA"
CHEMBL4635854,"tipo_invalido:CG,G0",17,"A,Br,C,CG,G0,HD,N,NA"
CHEMBL4635868,tipo_invalido:B,63,"A,B,C,HD,N,NA,OA"
CHEMBL4635889,"tipo_invalido:CG,G0",36,"A,C,CG,G0,HD,N,NA,OA,S"
CHEMBL4635897,fallo_empirico_4_proteinas,194,"A,C,HD,N,NA,OA,SA"
CHEMBL4635940,tipo_invalido:B,19,"A,B,C,HD,OA"
CHEMBL4635950,"tipo_invalido:CG,G0",40,"A,C,CG,G0,HD,OA"
CHEMBL4635952,"tipo_invalido:CG,G0",25,"A,Br,C,CG,G0,HD,N,NA,OA"
CHEMBL4635957,tipo_invalido:B,28,"B,C,F,HD,NA,OA"
CHEMBL4635960,fallo_empirico_4_proteinas,88,"A,C,Cl,F,N,NA,OA"
CHEMBL4635974,"tipo_invalido:CG,G0",37,"A,C,CG,G0,HD,N,NA,OA"
CHEMBL4635987,"tipo_invalido:CG,G0",74,"A,C,CG,G0,HD,N,NA,OA"
CHEMBL4636014,"tipo_invalido:CG,G0",18,"A,C,CG,G0,HD,N,NA"
CHEMBL4636017,"tipo_invalido:CG,G0",43,"C,CG,G0,HD,NA,OA,SA"
CHEMBL4636020,fallo_empirico_4_proteinas,140,"A,C,HD,N,NA,OA"
CHEMBL4636042,"tipo_invalido:CG,G0",62,"C,CG,G0,HD,N,NA,OA"
CHEMBL4636051,"tipo_invalido:CG,G0",36,"A,C,CG,Cl,G0,HD,N,OA"
CHEMBL4636066,tipo_invalido:B,32,"B,C,HD,N,NA,OA"
CHEMBL4636082,"tipo_invalido:CG,G0",48,"C,CG,G0,HD,OA"
CHEMBL4636098,"tipo_invalido:CG,G0",25,"A,C,CG,G0,OA"
CHEMBL4636107,tipo_invalido:B,20,"A,B,C,HD,OA"
CHEMBL4636110,"tipo_invalido:CG,G0",52,"A,C,CG,G0,HD,OA"
CHEMBL4636151,"tipo_invalido:CG,G0",31,"A,C,CG,F,G0,HD,N,OA"
CHEMBL4636152,"tipo_invalido:CG,G0",29,"A,C,CG,G0,HD,OA"
CHEMBL4636186,"tipo_invalido:CG,G0",24,"A,C,CG,F,G0,HD,N,NA,OA"
CHEMBL4636194,"tipo_invalido:CG,G0",25,"A,Br,C,CG,G0,HD,N,NA,OA"
CHEMBL4636196,"tipo_invalido:CG,G0",19,"A,C,CG,G0,HD,N,NA"
CHEMBL4636211,"tipo_invalido:CG,G0",32,"A,C,CG,F,G0,HD,N,OA"
CHEMBL4636217,"tipo_invalido:CG,G0",24,"C,CG,G0,HD,OA"
CHEMBL4636240,"tipo_invalido:CG,G0",24,"A,C,CG,G0,N,NA,OA"
CHEMBL4636247,"tipo_invalido:CG,G0",46,"A,C,CG,Cl,F,G0,HD,N,NA,OA"
CHEMBL4636270,"tipo_invalido:CG,G0",39,"A,C,CG,F,G0,HD,N,NA"
CHEMBL4636337,"tipo_invalido:CG,G0",33,"A,C,CG,F,G0,HD,N,NA"
CHEMBL4636344,tipo_invalido:B,30,"A,B,C,HD,NA,OA,S,SA"
CHEMBL4636354,"tipo_invalido:CG,G0",26,"A,C,CG,G0,NA,OA"
CHEMBL4636378,"tipo_invalido:CG,G0",19,"A,C,CG,G0,HD,N,OA"
CHEMBL4636394,"tipo_invalido:CG,G0",19,"A,C,CG,G0,HD,N,NA,OA"
CHEMBL4636420,"tipo_invalido:CG,G0",43,"A,C,CG,G0,HD,N,OA"
CHEMBL4636438,"tipo_invalido:CG,G0",35,"A,C,CG,G0,HD,N,NA,OA,S"
CHEMBL4636445,tipo_invalido:B,26,"B,C,HD,NA,OA"
CHEMBL4636448,"tipo_invalido:CG,G0",82,"A,C,CG,G0,HD,N,OA"
CHEMBL4636456,tipo_invalido:B,30,"A,B,C,HD,N,OA,SA"
CHEMBL4636474,"tipo_invalido:CG,G0",108,"A,C,CG,G0,HD,N,NA,OA"
CHEMBL4636482,fallo_empirico_4_proteinas,140,"A,C,HD,N,NA,OA"
CHEMBL4636494,"tipo_invalido:CG,G0",19,"A,C,CG,G0,HD,N,NA"
CHEMBL4636508,"tipo_invalido:CG,G0",26,"A,Br,C,CG,F,G0,HD,N,NA,OA"
CHEMBL4636525,"tipo_invalido:CG,G0",64,"A,C,CG,G0,HD,NA,OA"
CHEMBL4636526,"tipo_invalido:CG,G0",37,"A,C,CG,Cl,G0,HD,N,OA"
CHEMBL4636544,"tipo_invalido:CG,G0",29,"A,C,CG,Cl,G0,HD,OA"
CHEMBL4636555,"tipo_invalido:CG,G0",23,"A,Br,C,CG,F,G0,N,NA,OA"
CHEMBL4636587,"tipo_invalido:CG,G0",29,"A,C,CG,F,G0,HD,N,OA"
CHEMBL4636597,fallo_empirico_4_proteinas,191,"A,C,HD,N,NA,OA,SA"
CHEMBL4636628,"tipo_invalido:CG,G0",22,"A,C,CG,G0,I,N,NA,OA"
CHEMBL4636641,"tipo_invalido:CG,G0",29,"C,CG,G0,OA"
CHEMBL4636674,"tipo_invalido:CG,G0",34,"A,C,CG,G0,OA"
CHEMBL4636694,fallo_empirico_4_proteinas,161,"A,C,HD,N,NA,OA"
CHEMBL4636714,tipo_invalido:B,24,"A,B,C,HD,NA,OA,S,SA"
CHEMBL4636733,"tipo_invalido:CG,G0",33,"C,CG,G0,HD,N,NA,OA"
CHEMBL4636746,"tipo_invalido:CG,G0,G1",61,"A,C,CG,G0,G1,HD,N,NA,OA"
CHEMBL4636777,"tipo_invalido:CG,G0,G1",49,"A,C,CG,G0,G1,HD,N,OA"
CHEMBL4636781,"tipo_invalido:CG,G0",165,"A,C,CG,F,G0,HD,N,NA,OA"
CHEMBL4636793,"tipo_invalido:CG,G0,G1",47,"A,C,CG,G0,G1,HD,N,OA"
CHEMBL4636805,"tipo_invalido:CG,G0",25,"A,C,CG,G0,N,NA,OA,S"
CHEMBL4636868,"tipo_invalido:CG,G0",25,"A,Br,C,CG,G0,HD,N,NA,OA"
CHEMBL4636878,"tipo_invalido:CG,G0",31,"C,CG,G0,OA"
CHEMBL4636906,tipo_invalido:B,34,"A,B,C,N,NA,OA"
CHEMBL4636926,"tipo_invalido:CG,G0",32,"A,C,CG,G0,HD,N,NA,OA,S"
CHEMBL4636929,"tipo_invalido:CG,G0",23,"A,C,CG,G0,N,NA,OA"
CHEMBL4636931,"tipo_invalido:CG,G0",21,"C,CG,G0,HD,OA"
CHEMBL4636953,tipo_invalido:B,30,"A,B,C,HD,N,NA,OA,S,SA"
CHEMBL4636958,"tipo_invalido:CG,G0",110,"A,C,CG,G0,HD,N,NA,OA"
CHEMBL4636974,tipo_invalido:B,26,"A,B,C,HD,N,NA,OA,SA"
CHEMBL4636977,"tipo_invalido:CG,G0",19,"A,Br,C,CG,G0,HD,N,NA"
CHEMBL4636996,"tipo_invalido:CG,G0",45,"A,C,CG,Cl,F,G0,HD,N,NA,OA"
CHEMBL4637012,fallo_empirico_4_proteinas,150,"A,C,HD,N,NA,OA"
CHEMBL4637108,tipo_invalido:B,45,"A,B,C,F,HD,N,OA"
CHEMBL4637113,"tipo_invalido:CG,G0",85,"A,C,CG,G0,HD,N,OA"
CHEMBL4637124,"tipo_invalido:CG,G0",36,"A,C,CG,Cl,G0,N,NA,OA,SA"
CHEMBL4637133,"tipo_invalido:CG,G0",31,"A,C,CG,G0,HD,N,NA,OA,S"
CHEMBL4637146,"tipo_invalido:CG,G0",38,"A,C,CG,G0,HD,N,NA,OA"
CHEMBL4637203,"tipo_invalido:CG,G0",33,"A,C,CG,Cl,G0,N,NA,OA,SA"
CHEMBL4637206,"tipo_invalido:CG,G0",72,"C,CG,G0,HD,N,NA,OA"
CHEMBL4637242,tipo_invalido:B,25,"B,C,HD,NA,OA"
CHEMBL4637252,"tipo_invalido:CG,G0",49,"A,C,CG,Cl,G0,HD,N,NA,OA"
CHEMBL4637269,"tipo_invalido:CG,G0",46,"C,CG,G0,HD,OA"
CHEMBL4637277,tipo_invalido:B,25,"A,B,C,HD,N,OA,SA"
CHEMBL4637328,"tipo_invalido:CG,G0",38,"A,C,CG,F,G0,HD,N,NA"
CHEMBL4637331,"tipo_invalido:CG,G0",97,"C,CG,G0,HD,N,OA"
CHEMBL4637365,"tipo_invalido:CG,G0",32,"A,C,CG,F,G0,HD,N,NA,OA"
CHEMBL4637368,"tipo_invalido:CG,G0",30,"A,C,CG,Cl,G0,HD,OA"
CHEMBL4637372,"tipo_invalido:CG,G0",57,"A,C,CG,G0,HD,N,NA,OA"
CHEMBL4637405,"tipo_invalido:CG,G0",61,"A,C,CG,G0,HD,N,NA,OA"
CHEMBL4637438,"tipo_invalido:CG,G0",62,"A,C,CG,F,G0,HD,N,NA,OA"
CHEMBL4637452,"tipo_invalido:CG,G0",33,"A,C,CG,F,G0,HD,N,NA"
CHEMBL4637455,"tipo_invalido:CG,G0",27,"C,CG,G0,HD,OA"
CHEMBL4637465,"tipo_invalido:CG,G0",40,"A,C,CG,Cl,G0,HD,N,NA,OA"
CHEMBL4637466,"tipo_invalido:CG,G0",28,"C,CG,G0,OA"
CHEMBL4637471,"tipo_invalido:CG,G0",84,"A,C,CG,G0,HD,N,OA"
CHEMBL4637480,"tipo_invalido:CG,G0",46,"A,C,CG,Cl,F,G0,HD,N,NA,OA"
CHEMBL4637482,"tipo_invalido:CG,G0",61,"A,C,CG,G0,HD,N,OA"
CHEMBL4637490,"tipo_invalido:CG,G0",51,"C,CG,G0,HD,N,OA"
CHEMBL4637500,fallo_empirico_4_proteinas,191,"A,C,HD,N,NA,OA,SA"
CHEMBL4637514,"tipo_invalido:CG,G0",34,"A,C,CG,G0,N,NA"
CHEMBL4637522,"tipo_invalido:CG,G0",26,"A,Br,C,CG,G0,HD,N,OA"
CHEMBL4637540,tipo_invalido:B,25,"B,C,HD,NA,OA"
CHEMBL4637545,"tipo_invalido:CG,G0",96,"C,CG,G0,HD,N,OA"
CHEMBL4637551,tipo_invalido:B,30,"A,B,C,HD,N,NA,OA,SA"
CHEMBL4637575,"tipo_invalido:CG,G0",84,"A,C,CG,G0,HD,N,OA"
CHEMBL4637576,"tipo_invalido:CG,G0",38,"A,C,CG,Cl,G0,HD,N,NA,OA"
CHEMBL4637580,tipo_invalido:B,30,"A,B,C,F,HD,N,NA,OA,S,SA"
CHEMBL4637582,"tipo_invalido:CG,G0",26,"A,Br,C,CG,G0,HD,I,N,NA,OA"
CHEMBL4637587,"tipo_invalido:CG,G0",35,"A,C,CG,G0,HD,N,NA,OA"
CHEMBL4637594,tipo_invalido:B,38,"A,B,C,F,HD,N,OA"
CHEMBL4637600,"tipo_invalido:CG,G0",33,"A,C,CG,F,G0,HD,N,NA,OA"
CHEMBL4637614,"tipo_invalido:CG,G0",28,"A,C,CG,G0,HD,OA"
CHEMBL4637633,"tipo_invalido:CG,G0",19,"A,C,CG,Cl,G0,OA"
CHEMBL4637642,tipo_invalido:B,44,"A,B,C,F,HD,N,OA"
CHEMBL4637657,"tipo_invalido:CG,G0",33,"A,C,CG,Cl,G0,HD,N,NA,OA"
CHEMBL4637668,"tipo_invalido:CG,G0",19,"A,C,CG,G0,HD,N,NA"
CHEMBL4637694,"tipo_invalido:CG,G0",53,"A,C,CG,G0,HD,NA,OA"
CHEMBL4637726,"tipo_invalido:CG,G0",47,"C,CG,G0,HD,OA"
CHEMBL4637735,"tipo_invalido:CG,G0",33,"A,C,CG,F,G0,N,NA"
CHEMBL4637762,"tipo_invalido:CG,G0",27,"A,Br,C,CG,G0,HD,N,NA,OA"
CHEMBL4637768,tipo_invalido:B,21,"A,B,C,HD,OA"
CHEMBL4637778,"tipo_invalido:CG,G0",51,"A,C,CG,Cl,G0,HD,N,NA,OA"
CHEMBL4637808,"tipo_invalido:CG,G0",75,"A,C,CG,G0,HD,N,NA,OA"
CHEMBL4637814,"tipo_invalido:CG,G0",31,"C,CG,G0,HD,N,NA,OA"
CHEMBL4637822,"tipo_invalido:CG,G0",37,"A,C,CG,G0,HD,N,NA,OA"
CHEMBL4637860,"tipo_invalido:CG,G0,G1",166,"A,C,CG,G0,G1,HD,N,NA,OA,SA"
CHEMBL4637868,"tipo_invalido:CG,G0",116,"A,C,CG,G0,HD,N,NA,OA"
CHEMBL4637869,"tipo_invalido:CG,G0",35,"A,C,CG,G0,HD,N,NA,OA"
CHEMBL4637882,"tipo_invalido:CG,G0",19,"A,C,CG,F,G0,HD,N,NA"
CHEMBL4637890,"tipo_invalido:CG,G0",28,"A,C,CG,G0,OA"
CHEMBL4637905,"tipo_invalido:CG,G0",31,"A,C,CG,G0,HD,N,OA"
CHEMBL4637932,"tipo_invalido:CG,G0",68,"A,C,CG,G0,HD,N,NA,OA"
CHEMBL4637981,"tipo_invalido:CG,G0",50,"A,C,CG,G0,HD,OA"
CHEMBL4637983,tipo_invalido:B,30,"A,B,C,HD,N,NA,OA"
CHEMBL4638004,tipo_invalido:Si,14,"C,N,OA,Si"
CHEMBL4638010,"tipo_invalido:CG,G0",31,"C,CG,G0,OA"
CHEMBL4638037,"tipo_invalido:CG,G0",19,"A,C,CG,G0,OA"
CHEMBL4638080,"tipo_invalido:CG,G0",37,"A,C,CG,G0,HD,N,NA,OA"
CHEMBL4638090,"tipo_invalido:CG,G0",62,"A,C,CG,G0,HD,N,NA,OA"
CHEMBL4638107,"tipo_invalido:CG,G0",41,"A,C,CG,G0,HD,N,NA,OA"
CHEMBL4638111,"tipo_invalido:CG,G0",53,"A,C,CG,F,G0,HD,NA,OA,S,SA"
CHEMBL4638118,"tipo_invalido:CG,G0",32,"A,C,CG,F,G0,HD,N,NA,OA"
CHEMBL4638121,tipo_invalido:B,26,"A,B,C,HD,N,OA,S"
CHEMBL4638156,"tipo_invalido:CG,G0",40,"A,C,CG,G0,HD,N,NA,OA"
CHEMBL4638158,tipo_invalido:B,56,"A,B,C,HD,N,NA,OA"
CHEMBL4638160,"tipo_invalido:CG,G0",98,"C,CG,G0,HD,N,OA"
CHEMBL4638167,"tipo_invalido:CG,G0",27,"A,Br,C,CG,G0,HD,N,OA"
CHEMBL4638181,fallo_empirico_4_proteinas,174,"A,C,HD,N,NA,OA,SA"
CHEMBL4638183,"tipo_invalido:CG,G0",30,"A,C,CG,Cl,F,G0,N,NA,OA"
CHEMBL4638184,"tipo_invalido:CG,G0",70,"A,C,CG,Cl,F,G0,HD,N,NA,OA"
CHEMBL4638194,"tipo_invalido:CG,G0",46,"A,C,CG,Cl,F,G0,HD,N,NA,OA"
CHEMBL4638209,tipo_invalido:B,34,"B,C,HD,N,NA,OA"
CHEMBL4638229,"tipo_invalido:CG,G0",20,"A,Br,C,CG,G0,OA"
CHEMBL4638245,"tipo_invalido:CG,G0",46,"A,C,CG,Cl,F,G0,HD,N,NA,OA"
CHEMBL4638261,"tipo_invalido:CG,G0",29,"A,Br,C,CG,G0,HD,N,NA,OA"
CHEMBL4638336,"tipo_invalido:CG,G0,G1",175,"A,C,CG,G0,G1,HD,N,NA,OA,SA"
CHEMBL4638346,"tipo_invalido:CG,G0",91,"A,C,CG,G0,HD,N,NA,OA,SA"
CHEMBL4638348,"tipo_invalido:CG,G0",37,"A,C,CG,G0,HD,N,NA,OA"
CHEMBL4638362,tipo_invalido:B,25,"B,C,HD,NA,OA"
CHEMBL4638393,"tipo_invalido:CG,G0,G1",160,"A,C,CG,G0,G1,HD,N,NA,OA,SA"
CHEMBL4638417,"tipo_invalido:CG,G0",97,"C,CG,G0,HD,N,OA"
CHEMBL4638425,"tipo_invalido:CG,G0",44,"C,CG,G0,HD,NA,OA,SA"
CHEMBL4638429,"tipo_invalido:CG,G0",28,"A,Br,C,CG,G0,HD,N,OA"
CHEMBL4638459,"tipo_invalido:CG,G0",39,"A,C,CG,G0,HD,N,NA,OA"
CHEMBL4638471,"tipo_invalido:CG,G0",30,"A,C,CG,G0,HD,N,NA,OA,S"
CHEMBL4638489,"tipo_invalido:CG,G0",36,"A,C,CG,G0,HD,N,NA,OA"
CHEMBL4638516,"tipo_invalido:CG,G0",19,"A,C,CG,G0,HD,N,NA"
CHEMBL4638520,"tipo_invalido:CG,G0",28,"C,CG,G0,HD,OA"
CHEMBL4638534,"tipo_invalido:CG,G0,G1",47,"A,C,CG,G0,G1,HD,N,OA"
CHEMBL4638579,"tipo_invalido:CG,G0",21,"C,CG,G0,HD,OA"
CHEMBL4638590,"tipo_invalido:CG,G0",104,"A,C,CG,G0,HD,N,NA,OA"
CHEMBL4638608,"tipo_invalido:CG,G0",39,"A,C,CG,Cl,F,G0,HD,N,NA,OA,SA"
CHEMBL4638630,"tipo_invalido:CG,G0",61,"A,C,CG,G0,HD,N,NA,OA,S"
CHEMBL4638666,"tipo_invalido:CG,G0",96,"C,CG,G0,HD,N,OA"
CHEMBL4638670,tipo_invalido:B,54,"A,B,C,HD,N,NA,OA"
CHEMBL4638673,"tipo_invalido:CG,G0",23,"A,C,CG,G0,N,NA,OA,S"
CHEMBL4638685,tipo_invalido:Si,43,"C,HD,OA,Si"
CHEMBL4638707,"tipo_invalido:CG,G0",29,"A,C,CG,G0,HD,N,NA"
CHEMBL4638710,"tipo_invalido:CG,G0",83,"A,C,CG,G0,HD,N,OA"
CHEMBL4638745,"tipo_invalido:CG,G0",89,"A,C,CG,G0,HD,N,NA,OA,SA"
CHEMBL4638752,"tipo_invalido:CG,G0",110,"C,CG,G0,HD,N,NA,OA"
CHEMBL4638757,"tipo_invalido:CG,G0",28,"C,CG,G0,HD,N,NA,OA,S"
CHEMBL4638761,"tipo_invalido:CG,G0",19,"A,C,CG,G0,HD,N,NA"
CHEMBL4638784,"tipo_invalido:CG,G0",46,"A,C,CG,G0,HD,OA"
CHEMBL4638794,"tipo_invalido:CG,G0",36,"A,C,CG,Cl,G0,HD,N,NA,OA"
CHEMBL4638798,tipo_invalido:B,28,"A,B,C,HD,N,OA,SA"
CHEMBL4638801,"tipo_invalido:CG,G0",32,"A,C,CG,G0,HD,OA"
CHEMBL4638804,tipo_invalido:B,24,"A,B,C,F,HD,N,OA,SA"
CHEMBL4638807,"tipo_invalido:CG,G0",18,"A,C,CG,Cl,G0,HD,N,NA"
CHEMBL4638812,tipo_invalido:B,23,"A,B,C,HD,N,NA,OA,SA"
CHEMBL4638831,"tipo_invalido:CG,G0",27,"A,Br,C,CG,G0,N,NA,OA"
CHEMBL4638837,"tipo_invalido:CG,G0",46,"A,C,CG,Cl,F,G0,HD,N,NA,OA"
CHEMBL4638879,"tipo_invalido:CG,G0",19,"A,C,CG,G0,HD,N,NA"
CHEMBL4638897,"tipo_invalido:CG,G0",37,"A,C,CG,Cl,G0,HD,N,NA,OA"
CHEMBL4638934,"tipo_invalido:CG,G0",25,"A,C,CG,G0,N,NA,OA"
CHEMBL4638961,"tipo_invalido:CG,G0",42,"A,C,CG,Cl,G0,HD,N,NA,OA"
CHEMBL4639018,"tipo_invalido:CG,G0",59,"C,CG,G0,HD,OA"
CHEMBL4639023,tipo_invalido:B,18,"A,B,Br,C,HD,N,OA"
CHEMBL4639054,"tipo_invalido:CG,G0",20,"A,C,CG,G0,HD,N,NA"
CHEMBL4639055,tipo_invalido:B,25,"A,B,C,HD,N,OA,SA"
CHEMBL4639063,tipo_invalido:B,38,"A,B,C,F,HD,N,NA,OA"
CHEMBL4639069,"tipo_invalido:CG,G0",30,"A,C,CG,G0,HD,N,NA,OA"
CHEMBL4639088,fallo_empirico_4_proteinas,124,"A,C,HD,OA"
CHEMBL4639090,"tipo_invalido:CG,G0",18,"A,Br,C,CG,G0,HD,N,NA"
CHEMBL4639115,"tipo_invalido:CG,G0",18,"A,C,CG,G0,HD,N,NA,OA"
CHEMBL4639116,"tipo_invalido:CG,G0",99,"C,CG,G0,HD,N,OA"
CHEMBL4639122,tipo_invalido:B,26,"B,C,HD,NA,OA"
CHEMBL4639129,"tipo_invalido:CG,G0",108,"A,C,CG,G0,HD,N,NA,OA"
CHEMBL4639151,"tipo_invalido:CG,G0",33,"A,C,CG,G0,HD,N,NA,OA"
CHEMBL4639162,tipo_invalido:B,24,"B,C,HD,NA,OA"
CHEMBL4639174,"tipo_invalido:CG,G0",27,"A,C,CG,Cl,G0,HD,N,NA,OA"
CHEMBL4639175,tipo_invalido:B,24,"B,C,HD,NA,OA"
CHEMBL4639176,"tipo_invalido:CG,G0,G1",147,"A,C,CG,G0,G1,HD,N,NA,OA,SA"
CHEMBL4639180,"tipo_invalido:CG,G0",27,"A,C,CG,G0,N,NA,OA"
CHEMBL4639187,"tipo_invalido:CG,G0",147,"A,C,CG,G0,HD,N,NA,OA,SA"
CHEMBL4639193,fallo_empirico_4_proteinas,130,"A,C,HD,N,NA,OA,SA"
CHEMBL4639218,"tipo_invalido:CG,G0",20,"A,C,CG,G0,HD,N,OA"
CHEMBL4639263,"tipo_invalido:CG,G0",48,"A,C,CG,G0,HD,N,OA,SA"
CHEMBL4639264,"tipo_invalido:CG,G0",46,"A,C,CG,G0,HD,N,NA,OA,S,SA"
CHEMBL4639295,"tipo_invalido:CG,G0",28,"C,CG,G0,HD,N,OA"
CHEMBL4639296,"tipo_invalido:CG,G0",32,"A,C,CG,G0,N,NA,OA,S"
CHEMBL4639313,"tipo_invalido:CG,G0",47,"A,C,CG,Cl,F,G0,HD,N,NA,OA"
CHEMBL4639354,tipo_invalido:B,25,"A,B,C,HD,N,OA,SA"
CHEMBL4639377,fallo_empirico_4_proteinas,156,"A,C,HD,N,NA,OA,S"
CHEMBL4639408,"tipo_invalido:CG,G0",32,"A,C,CG,F,G0,HD,N,NA,OA"
CHEMBL4639420,"tipo_invalido:CG,G0",50,"A,C,CG,G0,HD,N,OA"
CHEMBL4639443,tipo_invalido:B,26,"B,C,F,HD,NA,OA"
CHEMBL4639498,"tipo_invalido:CG,G0",47,"A,C,CG,Cl,F,G0,HD,N,NA,OA"
CHEMBL4639515,"tipo_invalido:CG,G0",72,"A,C,CG,G0,HD,N,NA,OA,S,SA"
CHEMBL4639544,"tipo_invalido:CG,G0",32,"C,CG,G0,HD,OA"
CHEMBL4639556,"tipo_invalido:CG,G0",47,"A,C,CG,Cl,F,G0,HD,N,NA,OA"
CHEMBL4639563,"tipo_invalido:CG,G0",31,"A,C,CG,Cl,G0,HD,N,NA,OA"
CHEMBL4639583,"tipo_invalido:CG,G0",38,"A,C,CG,G0,HD,OA"
CHEMBL4639588,"tipo_invalido:CG,G0",53,"A,C,CG,Cl,G0,HD,NA,OA,S,SA"
CHEMBL4639602,"tipo_invalido:CG,G0",64,"A,Br,C,CG,G0,HD,N,NA,OA"
CHEMBL4639650,"tipo_invalido:CG,G0",32,"A,C,CG,G0,HD,N,OA"
CHEMBL4639652,"tipo_invalido:CG,G0",27,"A,C,CG,G0,HD,N,NA,OA"
CHEMBL4639665,tipo_invalido:B,37,"A,B,C,F,HD,N,NA,OA"
CHEMBL4639681,tipo_invalido:B,32,"A,B,C,HD,N,NA,OA,S,SA"
CHEMBL4639682,tipo_invalido:B,28,"A,B,C,HD,N,OA,S"
CHEMBL4639687,tipo_invalido:B,25,"A,B,C,HD,N,NA,OA,SA"
CHEMBL4639700,"tipo_invalido:CG,G0",35,"A,C,CG,G0,HD,N,NA,OA"
CHEMBL4639732,"tipo_invalido:CG,G0",30,"A,C,CG,F,G0,HD,N,NA,OA"
CHEMBL4639738,"tipo_invalido:CG,G0",55,"A,C,CG,G0,HD,NA,OA"
CHEMBL4639764,"tipo_invalido:CG,G0",32,"C,CG,G0,HD,OA"
CHEMBL46478,tipo_invalido:Na,23,"A,C,F,N,NA,Na,OA,S"
CHEMBL46625,fallo_empirico_4_proteinas,27,"A,C,Cl,N,OA"
CHEMBL46790,tipo_invalido:Si,10,"C,OA,Si"
CHEMBL46820,tipo_invalido:Na,27,"A,C,HD,NA,Na,OA"
CHEMBL46889,fallo_empirico_4_proteinas,37,"A,C,Cl,HD,NA,OA"
CHEMBL46948,fallo_empirico_4_proteinas,22,"A,C,Cl,HD,N,NA,OA"
CHEMBL46958,tipo_invalido:Na,26,"A,C,N,NA,Na,OA,S"
CHEMBL47008,fallo_empirico_4_proteinas,36,"A,Br,C,HD,N,NA,OA,S"
CHEMBL47011,fallo_empirico_4_proteinas,18,"C,Cl,F,HD,NA"
CHEMBL47043,fallo_empirico_4_proteinas,27,"A,C,Cl,N,OA"
CHEMBL47131,tipo_invalido:Li,24,"A,C,HD,Li,N,NA,OA,P"
CHEMBL47148,tipo_invalido:Na,30,"A,C,HD,N,Na,OA,S"
CHEMBL47162,tipo_invalido:Na,25,"A,C,HD,N,Na,OA,S"
CHEMBL47198,tipo_invalido:Na,32,"A,C,HD,N,NA,Na,OA,S"
CHEMBL47215,tipo_invalido:B,39,"A,B,C,HD,N,NA,OA"
CHEMBL47357,fallo_empirico_4_proteinas,33,"A,C,Cl,HD,NA,OA"
CHEMBL47375,fallo_empirico_4_proteinas,22,"A,C,Cl,HD,N,NA,OA,S"
CHEMBL47381,fallo_empirico_4_proteinas,29,"A,C,N,OA,S"
CHEMBL47388,fallo_empirico_4_proteinas,50,"A,C,F,HD,N,NA,OA"
CHEMBL47441,fallo_empirico_4_proteinas,19,"A,C,Cl,N,OA,S"
CHEMBL47442,tipo_invalido:B,27,"A,B,C,HD,N,NA,OA"
CHEMBL47510,tipo_invalido:Na,32,"A,C,HD,N,Na,OA,S"
CHEMBL47517,fallo_empirico_4_proteinas,56,"A,C,F,HD,N,NA,OA"
CHEMBL47523,tipo_invalido:Li,25,"A,C,HD,Li,N,NA,OA,P"
CHEMBL47536,fallo_empirico_4_proteinas,35,"A,Br,C,F,HD,N,NA,OA,S"
CHEMBL47552,tipo_invalido:Li,25,"A,C,HD,Li,N,NA,OA,P"
CHEMBL47556,fallo_empirico_4_proteinas,38,"A,C,Cl,HD,NA,OA"
CHEMBL47567,fallo_empirico_4_proteinas,39,"A,C,Cl,HD,NA,OA"
CHEMBL47600,fallo_empirico_4_proteinas,39,"A,C,Cl,F,N,NA,OA,S"
CHEMBL47605,tipo_invalido:Na,34,"A,C,HD,N,Na,OA,S"
CHEMBL47635,tipo_invalido:Na,34,"A,C,HD,N,NA,Na,OA,S"
CHEMBL47663,fallo_empirico_4_proteinas,38,"A,C,Cl,HD,NA,OA"
CHEMBL47682,fallo_empirico_4_proteinas,27,"Br,C,N,OA"
CHEMBL47705,tipo_invalido:B,24,"A,B,C,HD,N,NA,OA"
CHEMBL47710,fallo_empirico_4_proteinas,35,"A,C,Cl,HD,NA"
CHEMBL47716,tipo_invalido:Na,29,"A,C,HD,NA,Na,OA"
CHEMBL47717,fallo_empirico_4_proteinas,37,"A,C,Cl,HD,NA"
CHEMBL47725,tipo_invalido:Na,34,"A,C,F,HD,NA,Na,OA"
CHEMBL47726,tipo_invalido:Na,31,"A,C,HD,NA,Na,OA"
CHEMBL47752,fallo_empirico_4_proteinas,35,"A,C,F,HD,I,N,OA"
CHEMBL47768,fallo_empirico_4_proteinas,36,"A,C,Cl,HD,NA,OA"
CHEMBL47814,fallo_empirico_4_proteinas,15,"A,C,I,N"
CHEMBL47815,fallo_empirico_4_proteinas,21,"A,C,Cl,HD,N,NA,OA,S"
CHEMBL47828,fallo_empirico_4_proteinas,45,"A,C,Cl,F,HD,N,NA,OA,S"
CHEMBL47837,fallo_empirico_4_proteinas,21,"A,C,F,N,OA,S"
CHEMBL47849,fallo_empirico_4_proteinas,37,"A,C,Cl,HD,NA"
CHEMBL47864,fallo_empirico_4_proteinas,47,"A,C,F,HD,N,NA,OA"
CHEMBL48013,tipo_invalido:Na,33,"A,C,HD,N,Na,OA,S"
CHEMBL48057,fallo_empirico_4_proteinas,38,"A,C,Cl,HD,NA,OA"
CHEMBL48084,fallo_empirico_4_proteinas,38,"A,C,F,HD,N,NA,OA"
CHEMBL48138,tipo_invalido:Na,20,"A,C,HD,NA,Na,OA"
CHEMBL48244,tipo_invalido:Na,32,"A,C,F,N,NA,Na,OA"
CHEMBL48295,fallo_empirico_4_proteinas,28,"Br,C,N,OA"
CHEMBL48298,tipo_invalido:Na,20,"A,C,HD,N,NA,Na,OA,S"
CHEMBL48304,fallo_empirico_4_proteinas,25,"C,Cl,F,HD,N,NA,OA"
CHEMBL48315,tipo_invalido:Na,40,"A,C,NA,Na,OA,S"
CHEMBL48395,fallo_empirico_4_proteinas,32,"A,C,Cl,HD,NA"
CHEMBL48411,tipo_invalido:Na,38,"A,C,NA,Na,OA,S"
CHEMBL48448,fallo_empirico_4_proteinas,39,"A,C,Cl,F,HD,N,NA,OA,S"
CHEMBL48452,fallo_empirico_4_proteinas,23,"A,C,HD,I,N,OA"
CHEMBL48454,fallo_empirico_4_proteinas,37,"A,C,Cl,HD,N,NA,OA"
CHEMBL48458,tipo_invalido:Na,39,"A,C,F,NA,Na,OA,S"
CHEMBL48524,fallo_empirico_4_proteinas,23,"C,F,HD,N,NA,OA"
CHEMBL48582,fallo_empirico_4_proteinas,31,"A,C,F,HD,N,NA,OA,S"
CHEMBL48667,tipo_invalido:Na,28,"A,C,HD,NA,Na,OA"
CHEMBL48695,fallo_empirico_4_proteinas,27,"Br,C,HD,N,OA"
CHEMBL48753,tipo_invalido:Na,23,"A,C,F,NA,Na,OA"
CHEMBL48881,tipo_invalido:Na,32,"A,C,NA,Na,OA,S"
CHEMBL48907,tipo_invalido:Na,38,"A,C,NA,Na,OA,S"
CHEMBL48925,fallo_empirico_4_proteinas,40,"A,C,HD,N,NA,OA"
CHEMBL48928,tipo_invalido:Na,32,"A,C,F,NA,Na,OA"
CHEMBL49084,fallo_empirico_4_proteinas,23,"A,C,HD,I,N,OA"
CHEMBL49089,tipo_invalido:Na,36,"A,C,F,N,NA,Na,OA"
CHEMBL49129,tipo_invalido:Na,29,"A,C,F,NA,Na,OA"
CHEMBL49189,fallo_empirico_4_proteinas,35,"A,C,HD,I,N,OA"
CHEMBL49214,tipo_invalido:Na,33,"A,C,F,N,NA,Na,OA"
CHEMBL49275,fallo_empirico_4_proteinas,21,"Br,C,HD,N,OA"
CHEMBL49280,fallo_empirico_4_proteinas,24,"C,Cl,F,HD,N,NA,OA"
CHEMBL49303,fallo_empirico_4_proteinas,23,"C,F,HD,N,NA,OA"
CHEMBL49320,fallo_empirico_4_proteinas,32,"Br,C,N,OA"
CHEMBL49328,tipo_invalido:Na,24,"A,C,F,HD,N,NA,Na,OA"
CHEMBL49331,tipo_invalido:Na,31,"A,C,F,N,NA,Na,OA"
CHEMBL49408,tipo_invalido:Si,26,"A,C,HD,N,NA,OA,Si"
CHEMBL49488,fallo_empirico_4_proteinas,26,"C,Cl,F,HD,N,NA,OA"
CHEMBL494954,"tipo_invalido:CG,G0",31,"A,C,CG,G0,HD,N,NA,OA"
CHEMBL49516,tipo_invalido:Na,29,"A,C,F,NA,Na,OA"
CHEMBL495393,"tipo_invalido:CG,G0",20,"A,Br,C,CG,G0,OA"
CHEMBL495477,"tipo_invalido:CG,G0,G1",37,"C,CG,G0,G1,HD,OA"
CHEMBL495478,"tipo_invalido:CG,G0,G1",33,"C,CG,G0,G1,OA"
CHEMBL495480,"tipo_invalido:CG,G0",39,"A,C,CG,G0,HD,N,OA"
CHEMBL495482,"tipo_invalido:CG,G0",29,"A,C,CG,Cl,G0,HD,OA"
CHEMBL495483,"tipo_invalido:CG,G0",37,"A,C,CG,G0,HD,N,NA,OA"
CHEMBL495640,"tipo_invalido:CG,G0",30,"A,C,CG,G0,N,NA,OA"
CHEMBL49565,fallo_empirico_4_proteinas,32,"Br,C,N,NA"
CHEMBL49569,tipo_invalido:Na,30,"A,C,F,HD,N,NA,Na,OA"
CHEMBL49607,fallo_empirico_4_proteinas,31,"Br,C,N,OA"
CHEMBL496245,"tipo_invalido:CG,G0",38,"A,C,CG,G0,OA"
CHEMBL496248,"tipo_invalido:CG,G0",37,"C,CG,G0,OA"
CHEMBL49675,tipo_invalido:Na,39,"A,C,NA,Na,OA,S"
CHEMBL496873,"tipo_invalido:CG,G0",30,"A,C,CG,G0,HD,NA,OA"
CHEMBL49692,fallo_empirico_4_proteinas,38,"Br,C,N,NA,OA"
CHEMBL49697,tipo_invalido:Na,32,"A,C,F,N,NA,Na,OA"
CHEMBL497099,"tipo_invalido:CG,G0",32,"C,CG,G0,HD,OA"
CHEMBL497102,"tipo_invalido:CG,G0",30,"C,CG,G0,HD,OA"
CHEMBL49740,tipo_invalido:Si,36,"A,C,HD,N,NA,OA,Si"
CHEMBL497529,"tipo_invalido:CG,G0",39,"A,C,CG,G0,HD,N,OA"
CHEMBL497685,"tipo_invalido:CG,G0",30,"A,C,CG,G0,HD,N,NA,OA,SA"
CHEMBL497686,"tipo_invalido:CG,G0",28,"A,C,CG,G0,HD,NA,OA,SA"
CHEMBL49769,fallo_empirico_4_proteinas,30,"A,C,HD,I,N,OA"
CHEMBL497706,"tipo_invalido:CG,G0",30,"A,C,CG,G0,N,NA,OA"
CHEMBL497710,"tipo_invalido:CG,G0",38,"A,Br,C,CG,Cl,G0,HD,OA"
CHEMBL497798,tipo_invalido:Si,39,"A,C,HD,OA,SA,Si"
CHEMBL497864,"tipo_invalido:CG,G0",27,"A,C,CG,G0,HD,NA,OA,SA"
CHEMBL497865,"tipo_invalido:CG,G0",27,"A,C,CG,G0,HD,NA,OA,SA"
CHEMBL497891,"tipo_invalido:CG,G0",26,"A,C,CG,G0,HD,OA"
CHEMBL497897,"tipo_invalido:CG,G0",26,"C,CG,G0,HD,OA"
CHEMBL498015,"tipo_invalido:CG,G0",30,"A,C,CG,G0,HD,N,NA,OA"
CHEMBL498039,"tipo_invalido:CG,G0",27,"C,CG,G0,HD,OA"
CHEMBL498053,"tipo_invalido:CG,G0",35,"A,C,CG,G0,HD,N,OA"
CHEMBL498073,"tipo_invalido:CG,G0",27,"C,CG,G0,HD,OA"
CHEMBL498074,"tipo_invalido:CG,G0",26,"C,CG,G0,HD,OA"
CHEMBL498086,"tipo_invalido:CG,G0",28,"A,C,CG,G0,N,OA,S"
CHEMBL498087,"tipo_invalido:CG,G0",30,"A,CG,G0,N,OA,S"
CHEMBL498096,"tipo_invalido:CG,G0",35,"A,C,CG,G0,HD,OA"
CHEMBL498100,"tipo_invalido:CG,G0",37,"A,C,CG,G0,N,NA,OA"
CHEMBL498121,"tipo_invalido:CG,G0",28,"C,CG,G0,HD,OA"
CHEMBL498122,"tipo_invalido:CG,G0",32,"A,C,CG,G0,HD,N,OA"
CHEMBL498123,"tipo_invalido:CG,G0",30,"A,C,CG,G0,HD,NA,OA"
CHEMBL498125,"tipo_invalido:CG,G0",28,"C,CG,G0,HD,OA"
CHEMBL498127,"tipo_invalido:CG,G0",28,"C,CG,G0,HD,OA"
CHEMBL498128,"tipo_invalido:CG,G0,G1",30,"C,CG,G0,G1,OA"
CHEMBL498239,"tipo_invalido:CG,G0",31,"C,CG,G0,HD,OA"
CHEMBL498246,"tipo_invalido:CG,G0",32,"A,C,CG,G0,HD,N,NA,OA"
CHEMBL498260,"tipo_invalido:CG,G0",37,"A,C,CG,G0,HD,N,NA,OA"
CHEMBL498303,"tipo_invalido:CG,G0",36,"A,C,CG,Cl,G0,HD,NA,OA"
CHEMBL498315,"tipo_invalido:CG,G0",30,"C,CG,G0,HD,N,NA,OA"
CHEMBL498395,"tipo_invalido:CG,G0",36,"A,C,CG,G0,HD,N,OA"
CHEMBL49840,tipo_invalido:Na,34,"A,C,F,N,NA,Na,OA"
CHEMBL498455,"tipo_invalido:CG,G0",39,"A,C,CG,G0,HD,N,OA"
CHEMBL498466,"tipo_invalido:CG,G0",37,"C,CG,G0,HD,NA,OA,SA"
CHEMBL49849,fallo_empirico_4_proteinas,29,"A,C,HD,I,N,OA"
CHEMBL498531,"tipo_invalido:CG,G0",37,"A,C,CG,Cl,G0,HD,NA,OA"
CHEMBL498536,"tipo_invalido:CG,G0",26,"A,C,CG,G0,HD,NA,OA,S,SA"
CHEMBL498537,"tipo_invalido:CG,G0",27,"A,Br,C,CG,G0,HD,NA,OA,S,SA"
CHEMBL498539,"tipo_invalido:CG,G0",28,"A,C,CG,Cl,G0,HD,NA,OA,SA"
CHEMBL498540,"tipo_invalido:CG,G0",28,"A,C,CG,F,G0,HD,NA,OA,SA"
CHEMBL498579,tipo_invalido:Si,37,"A,C,HD,OA,SA,Si"
CHEMBL498602,"tipo_invalido:CG,G0",37,"A,C,CG,F,G0,HD,N,OA"
CHEMBL498639,tipo_invalido:Si,32,"A,C,HD,N,OA,Si"
CHEMBL498663,tipo_invalido:B,27,"A,B,C,HD,N,NA,OA"
CHEMBL498735,tipo_invalido:B,36,"A,B,C,HD,N,OA"
CHEMBL498751,"tipo_invalido:CG,G0",24,"C,CG,G0,OA"
CHEMBL498787,tipo_invalido:Si,38,"A,C,HD,OA,SA,Si"
CHEMBL498788,tipo_invalido:Si,36,"A,C,OA,SA,Si"
CHEMBL498822,"tipo_invalido:CG,G0",68,"A,C,CG,G0,HD,NA,OA,S"
CHEMBL498851,"tipo_invalido:CG,G0",25,"A,C,CG,G0,HD,OA"
CHEMBL498885,"tipo_invalido:CG,G0",76,"A,C,CG,G0,HD,N,OA"
CHEMBL498932,"tipo_invalido:CG,G0",58,"A,Br,C,CG,G0,HD,N,NA,OA"
CHEMBL498935,"tipo_invalido:CG,G0",67,"A,C,CG,G0,HD,N,OA"
CHEMBL498969,"tipo_invalido:CG,G0",48,"C,CG,G0,HD,OA"
CHEMBL498971,"tipo_invalido:CG,G0",48,"A,C,CG,G0,NA,OA"
CHEMBL498992,"tipo_invalido:CG,G0",21,"A,C,CG,G0,OA,S"
CHEMBL498993,"tipo_invalido:CG,G0,G1",60,"A,C,CG,Cl,G0,G1,HD,N,OA"
CHEMBL499003,"tipo_invalido:CG,G0",19,"C,CG,G0,OA"
CHEMBL499025,"tipo_invalido:CG,G0",73,"A,C,CG,G0,HD,N,OA"
CHEMBL499030,"tipo_invalido:CG,G0",41,"C,CG,G0,HD,OA"
CHEMBL499091,"tipo_invalido:CG,G0",86,"A,C,CG,G0,HD,N,NA,OA,SA"
CHEMBL499093,"tipo_invalido:CG,G0",66,"A,C,CG,G0,HD,N,NA,OA,SA"
CHEMBL499186,"tipo_invalido:CG,G0",80,"A,C,CG,G0,HD,N,NA,OA"
CHEMBL499193,"tipo_invalido:CG,G0",23,"A,C,CG,Cl,G0,NA"
CHEMBL499195,"tipo_invalido:CG,G0",76,"A,C,CG,F,G0,HD,N,NA,OA"
CHEMBL499199,"tipo_invalido:CG,G0",49,"C,CG,G0,HD,N,OA"
CHEMBL499204,"tipo_invalido:CG,G0,G1",64,"A,C,CG,G0,G1,HD,N,OA,SA"
CHEMBL499268,"tipo_invalido:CG,G0",52,"C,CG,G0,HD,OA"
CHEMBL499276,"tipo_invalido:CG,G0",91,"A,C,CG,G0,HD,N,NA,OA"
CHEMBL499282,"tipo_invalido:CG,G0",47,"C,CG,G0,HD,OA"
CHEMBL499286,"tipo_invalido:CG,G0",23,"A,Br,C,CG,G0,HD,N,S"
CHEMBL499317,"tipo_invalido:CG,G0",52,"A,C,CG,G0,HD,N,OA"
CHEMBL499400,"tipo_invalido:CG,G0",26,"A,C,CG,G0,HD,N,OA"
CHEMBL499405,fallo_empirico_4_proteinas,119,"A,C,Cl,HD,N,OA"
CHEMBL499423,"tipo_invalido:CG,G0",67,"C,CG,G0,HD,N,NA,OA"
CHEMBL499508,"tipo_invalido:CG,G0,G1",87,"A,C,CG,G0,G1,HD,N,NA,OA,SA"
CHEMBL49951,fallo_empirico_4_proteinas,27,"Br,C,HD,N,OA"
CHEMBL499546,"tipo_invalido:CG,G0",27,"C,CG,G0,HD,OA"
CHEMBL499591,"tipo_invalido:CG,G0",42,"C,CG,G0,HD,N,OA"
CHEMBL499595,"tipo_invalido:CG,G0",43,"A,C,CG,G0,HD,N,OA"
CHEMBL499600,"tipo_invalido:CG,G0",89,"C,CG,G0,HD,N,OA"
CHEMBL499688,"tipo_invalido:CG,G0",52,"A,C,CG,G0,HD,OA"
CHEMBL499692,"tipo_invalido:CG,G0",67,"C,CG,G0,HD,OA"
CHEMBL49970,fallo_empirico_4_proteinas,36,"A,C,HD,I,N,OA,S"
CHEMBL499743,tipo_invalido:B,48,"A,B,C,HD,N,OA"
CHEMBL499797,"tipo_invalido:CG,G0,G1",104,"C,CG,G0,G1,HD,N,OA"
CHEMBL499818,"tipo_invalido:CG,G0",46,"A,C,CG,G0,HD,N,NA,OA"
CHEMBL49982,fallo_empirico_4_proteinas,32,"A,C,Cl,N,OA"
CHEMBL499851,"tipo_invalido:CG,G0",41,"C,CG,G0,HD,OA"
CHEMBL499921,"tipo_invalido:CG,G0",45,"A,C,CG,G0,HD,OA"
CHEMBL499929,"tipo_invalido:CG,G0",92,"A,C,CG,G0,HD,N,NA,OA"
CHEMBL499965,"tipo_invalido:CG,G0",56,"A,C,CG,G0,HD,N,OA"
CHEMBL500026,"tipo_invalido:CG,G0",72,"A,C,CG,F,G0,HD,N,NA,OA,S"
CHEMBL500035,"tipo_invalido:CG,G0,G1",58,"A,C,CG,F,G0,G1,N,NA,OA"
CHEMBL500043,"tipo_invalido:CG,G0",89,"A,C,CG,G0,HD,N,OA"
CHEMBL500060,tipo_invalido:B,10,"B,C,N,NA"
CHEMBL500116,"tipo_invalido:CG,G0",97,"A,C,CG,G0,HD,N,NA,OA"
CHEMBL500120,"tipo_invalido:CG,G0",41,"A,C,CG,G0,HD,N,OA"
CHEMBL500167,"tipo_invalido:CG,G0",39,"A,C,CG,G0,OA"
CHEMBL500181,"tipo_invalido:CG,G0,G1",61,"A,C,CG,G0,G1,HD,OA"
CHEMBL500185,"tipo_invalido:CG,G0",77,"A,C,CG,G0,HD,NA,OA"
CHEMBL500188,"tipo_invalido:CG,G0",57,"C,CG,F,G0,HD,N,NA,OA"
CHEMBL50020,fallo_empirico_4_proteinas,23,"A,C,Cl,HD,N,NA"
CHEMBL500213,"tipo_invalido:CG,G0",68,"A,C,CG,G0,HD,N,NA,OA,SA"
CHEMBL500250,"tipo_invalido:CG,G0",59,"A,C,CG,G0,HD,N,OA"
CHEMBL500270,"tipo_invalido:CG,G0",85,"A,C,CG,F,G0,HD,N,NA,OA"
CHEMBL500314,"tipo_invalido:CG,G0",71,"A,C,CG,F,G0,HD,N,NA,OA"
CHEMBL500339,tipo_invalido:B,13,"A,B,C,HD,NA,OA"
CHEMBL50037,fallo_empirico_4_proteinas,24,"Br,C,HD,N,OA"
CHEMBL500387,"tipo_invalido:CG,G0",41,"C,CG,G0,HD,NA,OA"
CHEMBL500391,"tipo_invalido:CG,G0",80,"A,C,CG,G0,HD,NA,OA"
CHEMBL50040,fallo_empirico_4_proteinas,25,"A,C,HD,N,NA,OA,S"
CHEMBL500442,"tipo_invalido:CG,G0",102,"A,C,CG,G0,HD,N,NA,OA,SA"
CHEMBL500480,"tipo_invalido:CG,G0",61,"A,C,CG,G0,HD,N,OA"
CHEMBL500592,"tipo_invalido:CG,G0,G1",51,"C,CG,G0,G1,HD,NA,OA"
CHEMBL500594,"tipo_invalido:CG,G0",73,"C,CG,G0,HD,OA"
CHEMBL500614,"tipo_invalido:CG,G0",48,"A,C,CG,G0,HD,NA,OA"
CHEMBL500639,"tipo_invalido:CG,G0",74,"A,C,CG,G0,HD,N,OA"
CHEMBL500646,"tipo_invalido:CG,G0",45,"A,C,CG,G0,HD,N,NA,OA,S"
CHEMBL500694,fallo_empirico_4_proteinas,128,"A,C,HD,N,NA,OA"
CHEMBL500698,"tipo_invalido:CG,G0",66,"A,C,CG,G0,HD,N,NA,OA"
CHEMBL500720,"tipo_invalido:CG,G0",47,"A,C,CG,G0,HD,OA"
CHEMBL500726,"tipo_invalido:CG,G0",20,"A,C,CG,G0,HD,N,NA"
CHEMBL500735,"tipo_invalido:CG,G0",123,"A,C,CG,G0,HD,N,NA,OA"
CHEMBL500747,"tipo_invalido:CG,G0",52,"C,CG,G0,HD,N,OA"
CHEMBL500803,"tipo_invalido:CG,G0",53,"A,C,CG,Cl,G0,HD,N,NA,OA"
CHEMBL500867,"tipo_invalido:CG,G0",66,"C,CG,G0,HD,OA"
CHEMBL500879,"tipo_invalido:CG,G0",46,"C,CG,G0,HD,OA"
CHEMBL500907,"tipo_invalido:CG,G0",45,"A,C,CG,G0,HD,N,NA,OA,S"
CHEMBL500949,"tipo_invalido:CG,G0",97,"A,C,CG,G0,HD,N,NA,OA,SA"
CHEMBL501004,"tipo_invalido:CG,G0",47,"A,C,CG,G0,HD,N,OA"
CHEMBL501006,"tipo_invalido:CG,G0",69,"A,C,CG,G0,HD,N,OA"
CHEMBL501027,"tipo_invalido:CG,G0",48,"A,C,CG,F,G0,HD,N,NA,OA"
CHEMBL501078,"tipo_invalido:CG,G0",45,"A,C,CG,G0,HD,N,OA"
CHEMBL501080,"tipo_invalido:CG,G0",31,"A,C,CG,F,G0,HD,N,NA,OA"
CHEMBL501105,"tipo_invalido:CG,G0",66,"A,C,CG,F,G0,HD,N,NA,OA"
CHEMBL501106,"tipo_invalido:CG,G0",72,"A,C,CG,F,G0,HD,N,NA,OA"
CHEMBL501119,"tipo_invalido:CG,G0",22,"C,CG,G0,HD,OA"
CHEMBL501121,"tipo_invalido:CG,G0",52,"C,CG,G0,HD,N,NA,OA"
CHEMBL501123,"tipo_invalido:CG,G0",60,"A,C,CG,G0,HD,N,OA"
CHEMBL501124,tipo_invalido:B,7,"B,C,N,NA"
CHEMBL501133,"tipo_invalido:CG,G0",54,"A,C,CG,G0,HD,N,NA,OA"
CHEMBL501137,"tipo_invalido:CG,G0",45,"A,C,CG,G0,HD,N,NA,OA"
CHEMBL501140,"tipo_invalido:CG,G0",76,"A,C,CG,G0,HD,NA,OA"
CHEMBL501201,"tipo_invalido:CG,G0",86,"A,C,CG,G0,HD,N,OA"
CHEMBL501230,fallo_empirico_4_proteinas,114,"C,HD,N,NA,OA"
CHEMBL501260,"tipo_invalido:CG,G0",20,"C,CG,G0,OA"
CHEMBL501287,"tipo_invalido:CG,G0",24,"C,CG,G0,HD,OA"
CHEMBL501300,"tipo_invalido:CG,G0",23,"C,CG,G0,HD,OA"
CHEMBL501301,"tipo_invalido:CG,G0,G1,G2",159,"A,C,CG,G0,G1,G2,HD,N,NA,OA,SA"
CHEMBL501308,"tipo_invalido:CG,G0",50,"A,C,CG,Cl,G0,HD,N,OA"
CHEMBL501331,"tipo_invalido:CG,G0",33,"A,C,CG,G0,N,NA"
CHEMBL501360,"tipo_invalido:CG,G0",62,"A,C,CG,G0,HD,NA,OA"
CHEMBL501362,"tipo_invalido:CG,G0",43,"C,CG,G0,HD,OA"
CHEMBL501376,"tipo_invalido:CG,G0",47,"A,C,CG,G0,HD,OA"
CHEMBL501408,"tipo_invalido:CG,G0",51,"A,C,CG,G0,HD,N,OA"
CHEMBL501411,"tipo_invalido:CG,G0",54,"C,CG,G0,NA,OA"
CHEMBL501428,"tipo_invalido:CG,G0",47,"A,C,CG,F,G0,HD,N,NA,OA"
CHEMBL501443,"tipo_invalido:CG,G0",42,"A,C,CG,G0,OA"
CHEMBL501469,"tipo_invalido:CG,G0",31,"A,C,CG,G0,HD,N,NA,OA,S"
CHEMBL501506,tipo_invalido:B,22,"B,C,HD,N,NA,OA"
CHEMBL50159,fallo_empirico_4_proteinas,21,"A,C,Cl,HD,NA,OA"
CHEMBL501592,"tipo_invalido:CG,G0",99,"A,C,CG,G0,HD,N,NA,OA"
CHEMBL501596,"tipo_invalido:CG,G0",75,"A,C,CG,G0,HD,N,NA,OA"
CHEMBL501605,"tipo_invalido:CG,G0",50,"A,C,CG,G0,HD,NA,OA"
CHEMBL501611,"tipo_invalido:CG,G0",47,"A,C,CG,G0,HD,NA,OA"
CHEMBL50163,fallo_empirico_4_proteinas,22,"A,C,HD,I,N,OA"
CHEMBL50164,fallo_empirico_4_proteinas,21,"A,C,HD,I,N"
CHEMBL501640,"tipo_invalido:CG,G0",69,"A,C,CG,G0,HD,N,NA,OA"
CHEMBL501643,"tipo_invalido:CG,G0",19,"C,CG,G0,HD,OA"
CHEMBL501652,"tipo_invalido:CG,G0",44,"A,C,CG,G0,HD,N,NA,OA"
CHEMBL501660,"tipo_invalido:CG,G0,G1",87,"A,C,CG,G0,G1,HD,OA"
CHEMBL501663,tipo_invalido:B,40,"A,B,C,HD,N,NA,OA"
CHEMBL501670,"tipo_invalido:CG,G0",58,"A,C,CG,G0,HD,N,NA,OA,S"
CHEMBL501700,"tipo_invalido:CG,G0",56,"C,CG,G0,NA,OA"
CHEMBL501704,"tipo_invalido:CG,G0,G1",43,"C,CG,G0,G1,HD,OA"
CHEMBL501707,"tipo_invalido:CG,G0",67,"A,C,CG,G0,HD,N,OA"
CHEMBL501733,"tipo_invalido:CG,G0",19,"C,CG,Cl,G0,HD,OA"
CHEMBL501734,"tipo_invalido:CG,G0",83,"A,C,CG,F,G0,HD,N,NA,OA"
CHEMBL501756,"tipo_invalido:CG,G0",31,"A,C,CG,G0,N,NA,OA"
CHEMBL501775,"tipo_invalido:CG,G0",87,"C,CG,G0,HD,OA"
CHEMBL501776,"tipo_invalido:CG,G0",92,"A,C,CG,G0,HD,N,NA,OA,SA"
CHEMBL501811,"tipo_invalido:CG,G0",56,"C,CG,G0,HD,N,NA,OA"
CHEMBL501840,"tipo_invalido:CG,G0",79,"A,C,CG,G0,HD,N,NA,OA"
CHEMBL50188,fallo_empirico_4_proteinas,39,"A,C,HD,N,NA,OA"
CHEMBL501887,"tipo_invalido:CG,G0",65,"A,C,CG,G0,HD,N,NA,OA"
CHEMBL501891,"tipo_invalido:CG,G0",67,"A,C,CG,G0,HD,NA,OA"
CHEMBL501897,"tipo_invalido:CG,G0",54,"C,CG,G0,HD,N,NA,OA,S"
CHEMBL501901,"tipo_invalido:CG,G0",49,"A,C,CG,Cl,F,G0,HD,N,NA,OA"
CHEMBL501921,"tipo_invalido:CG,G0,Si",45,"A,C,CG,G0,OA,Si"
CHEMBL501924,"tipo_invalido:CG,G0",59,"A,C,CG,G0,HD,N,NA,OA,S"
CHEMBL50193,fallo_empirico_4_proteinas,19,"A,C,Cl,HD,NA,OA"
CHEMBL501939,"tipo_invalido:CG,G0",70,"A,C,CG,F,G0,HD,N,OA,SA"
CHEMBL501978,"tipo_invalido:CG,G0",71,"A,C,CG,F,G0,HD,N,NA,OA"
CHEMBL501981,"tipo_invalido:CG,G0",66,"A,C,CG,G0,HD,N,OA,P"
CHEMBL50200,fallo_empirico_4_proteinas,39,"A,C,HD,I,N,OA,S"
CHEMBL502019,"tipo_invalido:CG,G0",43,"A,C,CG,G0,HD,N,NA,OA"
CHEMBL502037,"tipo_invalido:CG,G0",53,"C,CG,G0,HD,OA"
CHEMBL502132,"tipo_invalido:CG,G0",49,"A,C,CG,F,G0,HD,N,NA,OA"
CHEMBL502148,"tipo_invalido:CG,G0",64,"C,CG,G0,HD,NA,OA"
CHEMBL502150,"tipo_invalido:CG,G0,G1",60,"A,C,CG,F,G0,G1,N,NA,OA"
CHEMBL502205,"tipo_invalido:CG,G0",71,"A,C,CG,Cl,G0,HD,N,NA,OA"
CHEMBL502207,"tipo_invalido:CG,G0",52,"A,C,CG,G0,OA"
CHEMBL502215,"tipo_invalido:CG,G0,G1",70,"A,C,CG,Cl,G0,G1,HD,N,NA,OA"
CHEMBL502298,"tipo_invalido:CG,G0",50,"C,CG,G0,HD,N,NA,OA"
CHEMBL502300,"tipo_invalido:CG,G0",99,"A,C,CG,G0,HD,N,NA,OA"
CHEMBL502338,"tipo_invalido:CG,G0",49,"C,CG,G0,HD,OA"
CHEMBL502347,"tipo_invalido:CG,G0",28,"A,C,CG,G0,HD,N,NA"
CHEMBL502353,"tipo_invalido:CG,G0,G1",56,"A,C,CG,G0,G1,HD,N,OA,SA"
CHEMBL502394,"tipo_invalido:CG,G0",92,"C,CG,G0,HD,OA"
CHEMBL502401,"tipo_invalido:CG,G0",41,"A,C,CG,G0,HD,N,OA"
CHEMBL502419,"tipo_invalido:CG,G0",45,"C,CG,G0,HD,OA"
CHEMBL502425,"tipo_invalido:CG,G0",69,"A,C,CG,F,G0,HD,N,NA,OA"
CHEMBL502449,"tipo_invalido:CG,G0",45,"A,C,CG,F,G0,HD,N,NA,OA,S"
CHEMBL502455,"tipo_invalido:CG,G0",47,"A,C,CG,F,G0,HD,N,NA,OA"
CHEMBL502459,"tipo_invalido:CG,G0,G1",51,"A,C,CG,G0,G1,HD,N,NA,OA"
CHEMBL502491,"tipo_invalido:CG,G0",49,"C,CG,G0,HD,OA"
CHEMBL502493,"tipo_invalido:CG,G0,G1",44,"C,CG,G0,G1,HD,OA"
CHEMBL502495,"tipo_invalido:CG,G0",51,"C,CG,G0,HD,OA"
CHEMBL502511,"tipo_invalido:CG,G0",93,"A,C,CG,G0,HD,N,NA,OA,SA"
CHEMBL502574,"tipo_invalido:CG,G0",43,"A,C,CG,G0,HD,N,OA"
CHEMBL502578,"tipo_invalido:CG,G0",74,"A,C,CG,G0,HD,N,NA,OA"
CHEMBL502592,"tipo_invalido:CG,G0",48,"A,C,CG,G0,HD,NA,OA"
CHEMBL502598,tipo_invalido:B,44,"A,B,C,HD,N,OA"
CHEMBL502615,"tipo_invalido:CG,G0",122,"A,C,CG,G0,HD,N,NA,OA"
CHEMBL502625,"tipo_invalido:CG,G0",46,"C,CG,G0,OA"
CHEMBL502645,"tipo_invalido:CG,G0",70,"A,C,CG,G0,HD,N,NA,OA"
CHEMBL502650,tipo_invalido:B,17,"B,C,N,NA"
CHEMBL502659,"tipo_invalido:CG,G0",59,"A,C,CG,G0,HD,N,OA"
CHEMBL502675,"tipo_invalido:CG,G0",54,"A,C,CG,Cl,G0,HD,N,OA"
CHEMBL502779,"tipo_invalido:CG,G0",47,"A,C,CG,G0,HD,NA,OA"
CHEMBL502787,"tipo_invalido:CG,G0",25,"A,C,CG,G0,HD,OA"
CHEMBL50279,tipo_invalido:Na,33,"A,C,F,N,NA,Na,OA"
CHEMBL502799,"tipo_invalido:CG,G0",43,"C,CG,G0,HD,NA,OA"
CHEMBL502848,"tipo_invalido:CG,G0",65,"A,C,CG,G0,HD,N,OA,P"
CHEMBL502902,"tipo_invalido:CG,G0",39,"C,CG,G0,HD,OA"
CHEMBL502903,"tipo_invalido:CG,G0",53,"C,CG,G0,HD,N,OA"
CHEMBL502938,"tipo_invalido:CG,G0",67,"A,C,CG,G0,HD,N,OA"
CHEMBL502942,"tipo_invalido:CG,G0",66,"A,C,CG,G0,HD,N,OA"
CHEMBL502969,"tipo_invalido:CG,G0,G1",62,"A,C,CG,Cl,G0,G1,HD,N,OA"
CHEMBL502976,"tipo_invalido:CG,G0",21,"C,CG,Cl,G0,HD,N,OA"
CHEMBL502989,"tipo_invalido:CG,G0",69,"A,C,CG,G0,HD,NA,OA"
CHEMBL503002,"tipo_invalido:CG,G0",50,"A,C,CG,G0,HD,NA,OA"
CHEMBL503036,"tipo_invalido:CG,G0",93,"A,C,CG,G0,HD,N,NA,OA,SA"
CHEMBL503039,"tipo_invalido:CG,G0",21,"A,C,CG,G0,HD,N,OA"
CHEMBL503063,tipo_invalido:Si,39,"A,C,OA,SA,Si"
CHEMBL503092,"tipo_invalido:CG,G0",48,"A,C,CG,G0,HD,N,OA"
CHEMBL503094,"tipo_invalido:CG,G0",17,"C,CG,G0,HD,OA"
CHEMBL503111,"tipo_invalido:CG,G0",75,"A,C,CG,G0,HD,NA,OA"
CHEMBL503113,"tipo_invalido:CG,G0",71,"A,C,CG,G0,HD,N,NA,OA"
CHEMBL503127,"tipo_invalido:CG,G0",78,"A,C,CG,G0,HD,N,OA"
CHEMBL503146,"tipo_invalido:CG,G0",68,"A,C,CG,F,G0,HD,N,OA"
CHEMBL503154,"tipo_invalido:CG,G0,G1",111,"A,C,CG,G0,G1,HD,OA"
CHEMBL503171,"tipo_invalido:CG,G0",64,"A,C,CG,G0,HD,NA,OA"
CHEMBL503178,"tipo_invalido:CG,G0",67,"A,C,CG,F,G0,HD,N,NA,OA"
CHEMBL503192,"tipo_invalido:CG,G0",60,"A,Br,C,CG,G0,HD,N,NA,OA"
CHEMBL503208,"tipo_invalido:CG,G0",23,"A,C,CG,Cl,G0,HD,N,NA,OA"
CHEMBL503226,"tipo_invalido:CG,G0",50,"C,CG,G0,HD,OA"
CHEMBL503230,"tipo_invalido:CG,G0",44,"C,CG,G0,HD,OA"
CHEMBL503241,"tipo_invalido:CG,G0",45,"A,C,CG,G0,NA,OA"
CHEMBL503244,"tipo_invalido:CG,G0",94,"A,C,CG,G0,HD,N,OA"
CHEMBL503257,"tipo_invalido:CG,G0",68,"A,C,CG,G0,HD,N,NA,OA,S"
CHEMBL503279,"tipo_invalido:CG,G0",18,"C,CG,G0,OA"
CHEMBL503282,"tipo_invalido:CG,G0",66,"A,C,CG,G0,HD,N,NA,OA"
CHEMBL503295,"tipo_invalido:CG,G0,G1",49,"A,C,CG,G0,G1,HD,N,NA,OA"
CHEMBL503300,"tipo_invalido:CG,G0",60,"A,C,CG,G0,HD,N,NA,OA,S"
CHEMBL503307,"tipo_invalido:CG,G0",66,"A,C,CG,G0,HD,N,OA"
CHEMBL503318,"tipo_invalido:CG,G0,G1",58,"C,CG,G0,G1,HD,OA"
CHEMBL503332,"tipo_invalido:CG,G0",11,"C,CG,G0,HD,OA"
CHEMBL503341,"tipo_invalido:CG,G0",70,"A,C,CG,G0,HD,N,NA,OA"
CHEMBL503358,tipo_invalido:B,50,"A,B,C,HD,N,OA"
CHEMBL503365,"tipo_invalido:CG,G0",51,"A,C,CG,G0,HD,N,OA,P"
CHEMBL503369,"tipo_invalido:CG,G0",14,"C,CG,G0,HD,N,OA"
CHEMBL503386,"tipo_invalido:CG,G0",72,"A,C,CG,G0,HD,N,OA"
CHEMBL503387,"tipo_invalido:CG,G0",80,"C,CG,G0,HD,OA"
CHEMBL503401,"tipo_invalido:CG,G0",47,"A,C,CG,G0,HD,N,NA,OA,S"
CHEMBL503472,"tipo_invalido:CG,G0",99,"A,C,CG,G0,HD,N,NA,OA"
CHEMBL503475,"tipo_invalido:CG,G0",133,"A,C,CG,G0,HD,N,NA,OA,SA"
CHEMBL503476,"tipo_invalido:CG,G0",33,"C,CG,G0,HD,OA"
CHEMBL503534,"tipo_invalido:CG,G0",43,"A,C,CG,G0,HD,N,OA"
CHEMBL503540,"tipo_invalido:CG,G0",67,"A,C,CG,Cl,G0,HD,N,NA,OA"
CHEMBL503555,"tipo_invalido:CG,G0",21,"C,CG,G0,HD,N,NA,OA,SA"
CHEMBL503577,"tipo_invalido:CG,G0",68,"A,C,CG,G0,HD,NA,OA"
CHEMBL503580,"tipo_invalido:CG,G0",24,"A,C,CG,Cl,F,G0,HD,N,NA,OA"
CHEMBL503581,"tipo_invalido:CG,G0",42,"A,C,CG,G0,HD,N,NA,OA"
CHEMBL503594,"tipo_invalido:CG,G0",95,"A,C,CG,G0,HD,N,NA,OA"
CHEMBL503601,"tipo_invalido:CG,G0",67,"A,C,CG,Cl,G0,HD,N,OA"
CHEMBL503613,"tipo_invalido:CG,G0",17,"A,C,CG,Cl,G0,OA"
CHEMBL503627,"tipo_invalido:CG,G0",74,"A,C,CG,G0,HD,N,OA"
CHEMBL503640,"tipo_invalido:CG,G0",64,"A,C,CG,G0,HD,NA,OA"
CHEMBL503671,"tipo_invalido:CG,G0",68,"A,C,CG,G0,HD,N,NA,OA"
CHEMBL503673,fallo_empirico_4_proteinas,127,"A,C,HD,N,NA,OA,SA"
CHEMBL503688,"tipo_invalido:CG,G0",45,"A,C,CG,G0,HD,N,NA,OA"
CHEMBL503716,"tipo_invalido:CG,G0",49,"C,CG,F,G0,HD,N,OA"
CHEMBL503718,"tipo_invalido:CG,G0",48,"A,C,CG,G0,HD,NA,OA"
CHEMBL503720,"tipo_invalido:CG,G0",64,"A,C,CG,G0,HD,N,OA"
CHEMBL503727,"tipo_invalido:CG,G0",21,"C,CG,G0,HD,OA"
CHEMBL503732,"tipo_invalido:CG,G0",26,"A,C,CG,G0,HD,N,NA,S"
CHEMBL503758,"tipo_invalido:CG,G0",26,"C,CG,G0,HD,OA"
CHEMBL503765,"tipo_invalido:CG,G0",66,"A,C,CG,G0,HD,N,OA,P"
CHEMBL503813,tipo_invalido:B,41,"A,B,C,HD,N,OA"
CHEMBL503820,"tipo_invalido:CG,G0",70,"A,C,CG,F,G0,HD,N,NA,OA,S"
CHEMBL503851,"tipo_invalido:CG,G0",18,"C,CG,G0,OA"
CHEMBL503853,"tipo_invalido:CG,G0",47,"A,C,CG,G0,N,NA,OA"
CHEMBL503854,"tipo_invalido:CG,G0,G1",103,"A,C,CG,G0,G1,HD,N,NA,OA"
CHEMBL503859,"tipo_invalido:CG,G0",49,"A,C,CG,G0,HD,OA"
CHEMBL503868,"tipo_invalido:CG,G0,G1",85,"A,C,CG,G0,G1,HD,N,NA,OA,SA"
CHEMBL503927,"tipo_invalido:CG,G0,Si",74,"A,C,CG,G0,HD,N,OA,Si"
CHEMBL503941,"tipo_invalido:CG,G0",50,"A,C,CG,G0,HD,N,NA,OA,S"
CHEMBL503969,"tipo_invalido:CG,G0",55,"C,CG,F,G0,HD,N,NA,OA"
CHEMBL503976,"tipo_invalido:CG,G0",74,"A,C,CG,G0,HD,N,NA,OA"
CHEMBL504022,"tipo_invalido:CG,G0",75,"A,C,CG,G0,HD,NA,OA"
CHEMBL504043,"tipo_invalido:CG,G0",25,"C,CG,G0,OA"
CHEMBL504100,"tipo_invalido:CG,G0",20,"C,CG,G0,HD,OA"
CHEMBL50413,fallo_empirico_4_proteinas,37,"A,C,HD,I,N,OA,S"
CHEMBL504131,"tipo_invalido:CG,G0",56,"A,C,CG,G0,OA"
CHEMBL504167,"tipo_invalido:CG,G0",61,"A,C,CG,G0,HD,OA"
CHEMBL504170,"tipo_invalido:CG,G0",72,"A,C,CG,G0,HD,N,OA"
CHEMBL504183,"tipo_invalido:CG,G0",47,"A,C,CG,Cl,F,G0,HD,N,NA,OA"
CHEMBL504195,"tipo_invalido:CG,G0",47,"A,C,CG,G0,HD,N,NA,OA"
CHEMBL504198,"tipo_invalido:CG,G0",63,"A,C,CG,G0,HD,NA,OA"
CHEMBL504208,"tipo_invalido:CG,G0",78,"A,C,CG,G0,HD,N,NA,OA"
CHEMBL504215,"tipo_invalido:CG,G0",68,"A,C,CG,F,G0,HD,N,NA,OA"
CHEMBL504220,"tipo_invalido:CG,G0",57,"A,C,CG,G0,HD,N,OA"
CHEMBL504227,"tipo_invalido:CG,G0",57,"A,C,CG,G0,HD,OA"
CHEMBL504230,"tipo_invalido:CG,G0",47,"A,C,CG,G0,HD,N,NA,OA,S"
CHEMBL504274,"tipo_invalido:CG,G0",14,"C,CG,G0,OA"
CHEMBL504284,"tipo_invalido:CG,G0",44,"C,CG,G0,HD,OA"
CHEMBL504290,"tipo_invalido:CG,G0",67,"A,C,CG,F,G0,HD,N,OA"
CHEMBL504312,"tipo_invalido:CG,G0",60,"A,C,CG,G0,HD,NA,OA"
CHEMBL504328,"tipo_invalido:CG,G0",104,"A,C,CG,G0,HD,N,OA"
CHEMBL504340,"tipo_invalido:CG,G0",22,"C,CG,G0,HD,OA"
CHEMBL504341,"tipo_invalido:CG,G0",73,"A,C,CG,Cl,G0,HD,N,OA"
CHEMBL504361,"tipo_invalido:CG,G0",75,"A,C,CG,G0,HD,NA,OA"
CHEMBL504385,"tipo_invalido:CG,G0",65,"C,CG,G0,HD,OA"
CHEMBL504387,"tipo_invalido:CG,G0",51,"A,C,CG,G0,HD,N,NA,OA"
CHEMBL504404,"tipo_invalido:CG,G0,G1",42,"C,CG,G0,G1,HD,OA"
CHEMBL50441,tipo_invalido:Na,30,"A,C,F,HD,N,NA,Na,OA"
CHEMBL504431,"tipo_invalido:CG,G0",66,"A,C,CG,G0,HD,N,NA,OA"
CHEMBL504435,"tipo_invalido:CG,G0",47,"C,CG,G0,HD,N,OA"
CHEMBL504449,"tipo_invalido:CG,G0",43,"C,CG,G0,HD,OA"
CHEMBL504455,"tipo_invalido:CG,G0",41,"C,CG,G0,HD,OA"
CHEMBL504484,tipo_invalido:B,58,"A,B,C,Cl,F,HD,N,OA"
CHEMBL504485,"tipo_invalido:CG,G0,G1",87,"A,C,CG,G0,G1,HD,OA"
CHEMBL504490,"tipo_invalido:CG,G0",46,"A,C,CG,Cl,G0,HD,N,OA"
CHEMBL504525,"tipo_invalido:CG,G0",48,"A,C,CG,G0,HD,NA,OA"
CHEMBL504536,"tipo_invalido:CG,G0",26,"C,CG,G0,HD,OA"
CHEMBL504538,fallo_empirico_4_proteinas,166,"A,C,HD,N,NA,OA,SA"
CHEMBL504543,fallo_empirico_4_proteinas,128,"A,C,HD,N,NA,OA,SA"
CHEMBL504554,"tipo_invalido:CG,G0",77,"A,C,CG,G0,HD,N,OA"
CHEMBL504557,"tipo_invalido:CG,G0",63,"A,C,CG,G0,HD,N,NA,OA"
CHEMBL504570,"tipo_invalido:CG,G0",71,"A,C,CG,Cl,F,G0,HD,N,NA,OA"
CHEMBL504602,"tipo_invalido:CG,G0",46,"A,C,CG,G0,HD,N,OA"
CHEMBL504608,"tipo_invalido:CG,G0",93,"A,C,CG,G0,HD,N,NA,OA"
CHEMBL504609,"tipo_invalido:CG,G0",64,"C,CG,G0,HD,N,OA"
CHEMBL504700,fallo_empirico_4_proteinas,123,"A,C,HD,N,NA,OA"
CHEMBL504701,"tipo_invalido:CG,G0",91,"C,CG,G0,HD,OA"
CHEMBL504716,"tipo_invalido:CG,G0",75,"A,C,CG,G0,HD,NA,OA"
CHEMBL504723,"tipo_invalido:CG,G0",95,"A,C,CG,Cl,G0,HD,N,NA,OA,SA"
CHEMBL504737,"tipo_invalido:CG,G0",46,"A,C,CG,F,G0,HD,N,NA,OA"
CHEMBL504771,"tipo_invalido:CG,G0",44,"C,CG,G0,HD,OA"
CHEMBL504779,"tipo_invalido:CG,G0,G1",57,"C,CG,G0,G1,HD,OA"
CHEMBL50479,fallo_empirico_4_proteinas,35,"Br,C,N,OA"
CHEMBL504819,"tipo_invalido:CG,G0",59,"A,Br,C,CG,G0,HD,N,NA,OA"
CHEMBL504841,"tipo_invalido:CG,G0",68,"A,C,CG,G0,HD,N,OA"
CHEMBL504851,"tipo_invalido:CG,G0",60,"A,Br,C,CG,G0,HD,N,NA,OA"
CHEMBL504887,"tipo_invalido:CG,G0",23,"A,C,CG,Cl,G0,HD,N,S"
CHEMBL504901,"tipo_invalido:CG,G0",54,"A,C,CG,G0,HD,OA"
CHEMBL504913,"tipo_invalido:CG,G0",21,"C,CG,G0,HD,OA"
CHEMBL504915,"tipo_invalido:CG,G0",48,"A,C,CG,G0,OA"
CHEMBL504936,"tipo_invalido:CG,G0",50,"A,C,CG,G0,NA,OA"
CHEMBL504938,"tipo_invalido:CG,G0",72,"A,C,CG,G0,HD,N,NA,OA"
CHEMBL50494,tipo_invalido:Na,32,"A,C,F,HD,N,NA,Na,OA"
CHEMBL504953,"tipo_invalido:CG,G0",82,"A,C,CG,G0,HD,N,NA,OA"
CHEMBL504966,"tipo_invalido:CG,G0",45,"A,C,CG,G0,HD,N,OA"
CHEMBL504970,"tipo_invalido:CG,G0",90,"C,CG,G0,HD,OA"
CHEMBL504984,"tipo_invalido:CG,G0,G1,G2",101,"A,C,CG,G0,G1,G2,HD,N,NA,OA"
CHEMBL50499,tipo_invalido:Na,31,"A,C,F,N,NA,Na,OA"
CHEMBL504994,"tipo_invalido:CG,G0",58,"A,C,CG,G0,HD,N,NA,OA,S"
CHEMBL505000,"tipo_invalido:CG,G0",92,"C,CG,G0,HD,OA"
CHEMBL505026,"tipo_invalido:CG,G0",22,"A,C,CG,G0,HD,OA"
CHEMBL505027,"tipo_invalido:CG,G0",63,"A,C,CG,G0,HD,N,OA"
CHEMBL505030,"tipo_invalido:CG,G0",58,"A,C,CG,G0,HD,NA,OA"
CHEMBL505032,"tipo_invalido:CG,G0",24,"C,CG,G0,HD,OA"
CHEMBL505039,"tipo_invalido:CG,G0",46,"A,C,CG,G0,HD,N,OA"
CHEMBL505047,tipo_invalido:B,12,"A,B,F,HD,OA"
CHEMBL505052,"tipo_invalido:CG,G0",45,"A,C,CG,G0,OA"
CHEMBL505058,"tipo_invalido:CG,G0",46,"C,CG,G0,N,OA"
CHEMBL505063,tipo_invalido:Si,54,"C,HD,N,OA,Si"
CHEMBL505080,"tipo_invalido:CG,G0",61,"A,C,CG,G0,HD,N,NA,OA"
CHEMBL505088,"tipo_invalido:CG,G0",63,"A,C,CG,G0,HD,N,NA,OA"
CHEMBL505090,"tipo_invalido:CG,G0",22,"C,CG,G0,HD,OA"
CHEMBL505098,"tipo_invalido:CG,G0",53,"A,C,CG,G0,HD,OA"
CHEMBL505101,"tipo_invalido:CG,G0",72,"A,C,CG,G0,HD,N,OA"
CHEMBL505109,"tipo_invalido:CG,G0",50,"C,CG,G0,N,OA"
CHEMBL505144,"tipo_invalido:B,CG,G0",47,"A,B,C,CG,F,G0,HD,N,OA"
CHEMBL505152,"tipo_invalido:CG,G0",20,"C,CG,G0,HD,OA"
CHEMBL505186,"tipo_invalido:CG,G0",74,"A,C,CG,G0,HD,N,OA"
CHEMBL505203,"tipo_invalido:CG,G0",47,"A,C,CG,Cl,F,G0,HD,N,NA,OA"
CHEMBL505204,"tipo_invalido:CG,G0,G1,G2",118,"A,C,CG,G0,G1,G2,HD,N,NA,OA,S"
CHEMBL505228,"tipo_invalido:CG,G0",55,"A,C,CG,G0,HD,N,NA,OA"
CHEMBL505235,"tipo_invalido:CG,G0",129,"A,C,CG,G0,HD,N,NA,OA,SA"
CHEMBL505250,"tipo_invalido:CG,G0",88,"A,C,CG,G0,HD,N,NA,OA"
CHEMBL505258,"tipo_invalido:CG,G0",25,"C,CG,G0,HD,OA"
CHEMBL505263,"tipo_invalido:CG,G0",51,"A,C,CG,F,G0,HD,N,NA,OA"
CHEMBL505269,"tipo_invalido:CG,G0",45,"A,C,CG,G0,HD,NA,OA"
CHEMBL50527,fallo_empirico_4_proteinas,38,"A,C,HD,I,N,OA,S"
CHEMBL505273,"tipo_invalido:CG,G0",44,"C,CG,Cl,G0,HD,OA"
CHEMBL505278,"tipo_invalido:CG,G0",51,"A,C,CG,G0,HD,OA"
CHEMBL505294,"tipo_invalido:CG,G0",91,"A,C,CG,G0,HD,N,NA,OA"
CHEMBL50530,fallo_empirico_4_proteinas,38,"A,C,HD,N,NA,OA"
CHEMBL505320,"tipo_invalido:CG,G0",56,"A,C,CG,G0,OA"
CHEMBL505354,"tipo_invalido:CG,G0",49,"A,C,CG,G0,HD,N,OA"
CHEMBL505358,"tipo_invalido:CG,G0",99,"A,C,CG,G0,HD,N,NA,OA,SA"
CHEMBL505361,"tipo_invalido:CG,G0",78,"A,C,CG,G0,HD,NA,OA"
CHEMBL505364,fallo_empirico_4_proteinas,130,"A,C,HD,N,NA,OA"
CHEMBL505419,"tipo_invalido:CG,G0",18,"A,C,CG,Cl,G0,HD,OA"
CHEMBL505464,"tipo_invalido:CG,G0",43,"A,C,CG,G0,N,OA"
CHEMBL505466,"tipo_invalido:CG,G0",46,"C,CG,G0,HD,OA"
CHEMBL505471,"tipo_invalido:CG,G0",46,"C,CG,G0,HD,OA"
CHEMBL505477,"tipo_invalido:CG,G0",76,"A,Br,C,CG,G0,HD,N,NA,OA"
CHEMBL505481,"tipo_invalido:CG,G0",45,"A,C,CG,G0,HD,N,OA"
CHEMBL505496,"tipo_invalido:CG,G0",92,"A,C,CG,G0,HD,N,NA,OA,SA"
CHEMBL505510,"tipo_invalido:CG,G0",67,"A,C,CG,G0,HD,N,NA,OA"
CHEMBL505541,"tipo_invalido:CG,G0",82,"C,CG,G0,HD,OA"
CHEMBL505543,tipo_invalido:B,50,"A,B,C,F,HD,N,NA,OA"
CHEMBL505577,"tipo_invalido:CG,G0",21,"C,CG,G0,HD,OA"
CHEMBL505579,"tipo_invalido:CG,G0",49,"A,C,CG,G0,HD,N,OA"
CHEMBL505596,"tipo_invalido:CG,G0",47,"A,C,CG,Cl,G0,HD,N,NA,OA"
CHEMBL505608,"tipo_invalido:CG,G0,G1,G2",166,"A,C,CG,G0,G1,G2,HD,N,NA,OA,SA"
CHEMBL505609,fallo_empirico_4_proteinas,127,"A,C,HD,N,NA,OA,SA"
CHEMBL505630,"tipo_invalido:CG,G0",62,"A,C,CG,G0,HD,N,NA,OA"
CHEMBL505639,"tipo_invalido:CG,G0,G1",167,"A,C,CG,G0,G1,HD,OA"
CHEMBL505660,"tipo_invalido:CG,G0",82,"A,C,CG,G0,HD,N,OA"
CHEMBL505667,"tipo_invalido:CG,G0",43,"A,C,CG,G0,HD,N,OA"
CHEMBL505678,"tipo_invalido:CG,G0",67,"A,C,CG,Cl,G0,HD,N,OA"
CHEMBL505682,"tipo_invalido:CG,G0",49,"C,CG,G0,HD,OA"
CHEMBL505696,"tipo_invalido:CG,G0",45,"A,C,CG,G0,HD,N,OA"
CHEMBL50570,fallo_empirico_4_proteinas,20,"A,C,Cl,HD,NA,OA"
CHEMBL505702,"tipo_invalido:CG,G0",45,"C,CG,G0,HD,N,OA"
CHEMBL505734,"tipo_invalido:CG,G0",50,"C,CG,G0,HD,N,OA"
CHEMBL505741,"tipo_invalido:CG,G0,G1",48,"C,CG,G0,G1,HD,OA"
CHEMBL505767,"tipo_invalido:CG,G0",63,"C,CG,G0,HD,OA"
CHEMBL505770,"tipo_invalido:CG,G0",51,"A,C,CG,G0,HD,N,OA"
CHEMBL505771,"tipo_invalido:CG,G0",44,"C,CG,G0,HD,OA"
CHEMBL505773,"tipo_invalido:CG,G0",67,"A,C,CG,G0,HD,NA,OA"
CHEMBL505780,"tipo_invalido:CG,G0",63,"A,C,CG,G0,HD,N,OA"
CHEMBL505803,fallo_empirico_4_proteinas,110,"A,C,HD,OA"
CHEMBL505828,"tipo_invalido:CG,G0,G1",100,"A,C,CG,G0,G1,HD,OA"
CHEMBL505856,tipo_invalido:B,16,"A,B,C,HD,N,NA,OA"
CHEMBL505858,"tipo_invalido:CG,G0",20,"C,CG,G0,HD,OA"
CHEMBL505870,"tipo_invalido:CG,G0",133,"A,C,CG,G0,HD,N,NA,OA,SA"
CHEMBL505879,"tipo_invalido:CG,G0",45,"A,C,CG,G0,HD,N,OA"
CHEMBL505904,"tipo_invalido:CG,G0",102,"C,CG,G0,HD,OA"
CHEMBL505907,"tipo_invalido:CG,G0",60,"A,Br,C,CG,G0,HD,N,NA,OA"
CHEMBL505956,"tipo_invalido:CG,G0",43,"A,C,CG,G0,HD,N,NA,OA"
CHEMBL505974,"tipo_invalido:CG,G0",24,"C,CG,G0,HD,OA"
CHEMBL505980,"tipo_invalido:CG,G0",64,"A,C,CG,G0,HD,N,OA"
CHEMBL505987,"tipo_invalido:CG,G0",42,"A,C,CG,G0,NA,OA"
CHEMBL505993,"tipo_invalido:CG,G0",42,"A,C,CG,G0,N,NA,OA"
CHEMBL506017,"tipo_invalido:CG,G0,G1,G2",114,"A,C,CG,G0,G1,G2,HD,N,NA,OA,S"
CHEMBL506023,"tipo_invalido:CG,G0",23,"C,CG,G0,HD,N,OA"
CHEMBL506030,"tipo_invalido:CG,G0",75,"C,CG,G0,HD,OA"
CHEMBL506041,"tipo_invalido:CG,G0",75,"A,C,CG,G0,HD,NA,OA"
CHEMBL506051,"tipo_invalido:CG,G0",65,"A,C,CG,Cl,G0,HD,N,NA,OA"
CHEMBL506054,"tipo_invalido:CG,G0",56,"A,C,CG,Cl,G0,HD,N,OA"
CHEMBL506067,"tipo_invalido:CG,G0",30,"C,CG,G0,HD,OA"
CHEMBL506075,"tipo_invalido:CG,G0,G1",49,"C,CG,G0,G1,HD,N,OA"
CHEMBL506100,"tipo_invalido:CG,G0",28,"A,C,CG,G0,HD,N,NA,OA"
CHEMBL506104,"tipo_invalido:CG,G0",123,"A,C,CG,Cl,G0,HD,N,NA,OA"
CHEMBL506141,tipo_invalido:B,27,"A,B,C,HD,N,OA"
CHEMBL506170,"tipo_invalido:CG,G0",42,"A,C,CG,G0,HD,N,NA,OA"
CHEMBL506191,"tipo_invalido:CG,G0",53,"C,CG,G0,HD,N,NA,OA"
CHEMBL506206,"tipo_invalido:CG,G0",76,"A,C,CG,G0,HD,N,OA"
CHEMBL506213,"tipo_invalido:CG,G0",47,"A,C,CG,G0,HD,N,NA,OA"
CHEMBL506232,"tipo_invalido:CG,G0",72,"A,C,CG,G0,HD,N,OA"
CHEMBL506235,"tipo_invalido:CG,G0",51,"A,C,CG,F,G0,HD,N,NA,OA"
CHEMBL506248,"tipo_invalido:CG,G0",58,"A,C,CG,G0,NA,OA"
CHEMBL506249,"tipo_invalido:CG,G0",50,"A,C,CG,G0,HD,OA"
CHEMBL506253,"tipo_invalido:CG,G0",68,"A,C,CG,G0,HD,N,OA"
CHEMBL506258,"tipo_invalido:CG,G0",42,"C,CG,G0,HD,OA"
CHEMBL506264,"tipo_invalido:CG,G0",46,"A,C,CG,G0,HD,N,OA"
CHEMBL506279,"tipo_invalido:CG,G0",49,"A,C,CG,G0,HD,N,NA,OA"
CHEMBL50628,fallo_empirico_4_proteinas,20,"A,C,Cl,HD,NA,OA"
CHEMBL506300,"tipo_invalido:CG,G0",18,"C,CG,G0,OA"
CHEMBL506303,"tipo_invalido:CG,G0",25,"C,CG,G0,HD,OA"
CHEMBL506312,"tipo_invalido:CG,G0",43,"A,C,CG,G0,HD,OA"
CHEMBL506323,"tipo_invalido:CG,G0",42,"A,C,CG,F,G0,HD,N,NA,OA,S"
CHEMBL506328,"tipo_invalido:CG,G0",53,"A,C,CG,G0,OA"
CHEMBL506333,"tipo_invalido:CG,G0",73,"A,C,CG,G0,HD,N,OA"
CHEMBL506339,"tipo_invalido:CG,G0",50,"C,CG,G0,HD,N,OA"
CHEMBL506354,tipo_invalido:B,56,"A,B,C,Cl,F,HD,N,OA"
CHEMBL506355,"tipo_invalido:CG,G0",20,"C,CG,G0,HD,OA"
CHEMBL506363,"tipo_invalido:CG,G0",48,"A,C,CG,G0,HD,NA,OA"
CHEMBL506402,"tipo_invalido:CG,G0",71,"A,C,CG,G0,HD,N,NA,OA"
CHEMBL506411,"tipo_invalido:CG,G0",57,"A,C,CG,G0,HD,N,NA,OA,S"
CHEMBL506505,"tipo_invalido:CG,G0",68,"A,C,CG,G0,HD,N,NA,OA"
CHEMBL506509,"tipo_invalido:CG,G0",70,"A,C,CG,G0,HD,N,NA,OA"
CHEMBL506510,"tipo_invalido:CG,G0",43,"A,C,CG,G0,OA"
CHEMBL506512,"tipo_invalido:CG,G0",52,"A,C,CG,G0,HD,N,OA"
CHEMBL506555,fallo_empirico_4_proteinas,118,"A,C,HD,N,NA,OA"
CHEMBL506557,"tipo_invalido:CG,G0",58,"C,CG,G0,HD,N,OA"
CHEMBL506600,"tipo_invalido:CG,G0",97,"A,C,CG,G0,HD,OA"
CHEMBL506616,"tipo_invalido:CG,G0",49,"A,C,CG,G0,HD,N,OA"
CHEMBL506620,"tipo_invalido:CG,G0",27,"C,CG,G0,OA"
CHEMBL506636,"tipo_invalido:CG,G0",47,"C,CG,G0,HD,N,OA"
CHEMBL506679,"tipo_invalido:CG,G0",78,"A,C,CG,G0,HD,OA"
CHEMBL506690,"tipo_invalido:CG,G0",31,"A,C,CG,Cl,G0,N,NA,OA,SA"
CHEMBL506695,"tipo_invalido:CG,G0",44,"A,C,CG,G0,HD,OA"
CHEMBL506708,"tipo_invalido:CG,G0",47,"A,C,CG,G0,HD,N,NA,OA"
CHEMBL506709,"tipo_invalido:CG,G0",43,"C,CG,G0,OA"
CHEMBL506720,"tipo_invalido:CG,G0",22,"C,CG,G0,HD,N,NA,OA,SA"
CHEMBL506761,"tipo_invalido:CG,G0",49,"A,C,CG,G0,HD,N,NA,OA"
CHEMBL50677,fallo_empirico_4_proteinas,33,"Br,C,N,OA"
CHEMBL506777,"tipo_invalido:CG,G0",68,"A,C,CG,G0,HD,N,OA"
CHEMBL506783,"tipo_invalido:CG,G0,G1",44,"C,CG,G0,G1,HD,OA"
CHEMBL506792,"tipo_invalido:CG,G0",33,"A,C,CG,G0,HD,OA"
CHEMBL506817,"tipo_invalido:CG,G0,G1",101,"A,C,CG,G0,G1,HD,OA"
CHEMBL506833,"tipo_invalido:CG,G0",75,"C,CG,G0,HD,OA"
CHEMBL50684,fallo_empirico_4_proteinas,40,"A,C,HD,NA,OA"
CHEMBL50685,fallo_empirico_4_proteinas,42,"A,C,Cl,HD,N,NA,OA,S"
CHEMBL50686,fallo_empirico_4_proteinas,31,"Br,C,N,OA"
CHEMBL506863,"tipo_invalido:CG,G0",29,"A,C,CG,G0,HD,N,NA,OA,S"
CHEMBL506886,fallo_empirico_4_proteinas,102,"A,C,HD,N,OA"
CHEMBL506892,"tipo_invalido:CG,G0",92,"A,C,CG,G0,HD,N,NA,OA,SA"
CHEMBL506955,"tipo_invalido:CG,G0",56,"A,C,CG,Cl,G0,HD,N,OA"
CHEMBL506995,"tipo_invalido:CG,G0",43,"C,CG,G0,HD,OA"
CHEMBL507009,"tipo_invalido:CG,G0",48,"A,C,CG,G0,OA"
CHEMBL507048,"tipo_invalido:CG,G0",88,"C,CG,G0,HD,N,NA,OA"
CHEMBL507052,"tipo_invalido:CG,G0",75,"A,C,CG,G0,HD,NA,OA"
CHEMBL507055,"tipo_invalido:CG,G0",44,"C,CG,G0,HD,OA"
CHEMBL507061,"tipo_invalido:CG,G0",65,"A,C,CG,G0,HD,N,OA"
CHEMBL507066,"tipo_invalido:CG,G0",57,"A,C,CG,G0,HD,N,NA,OA,S"
CHEMBL507081,"tipo_invalido:CG,G0",73,"A,C,CG,G0,HD,N,NA,OA"
CHEMBL507117,"tipo_invalido:CG,G0,G1",53,"C,CG,G0,G1,HD,NA,OA"
CHEMBL507141,"tipo_invalido:CG,G0",21,"C,CG,G0,HD,OA"
CHEMBL507157,"tipo_invalido:CG,G0",36,"C,CG,G0,HD,N,NA,OA"
CHEMBL507160,"tipo_invalido:CG,G0",26,"C,CG,G0,OA"
CHEMBL507178,"tipo_invalido:CG,G0",65,"A,C,CG,G0,HD,N,OA"
CHEMBL507187,"tipo_invalido:CG,G0",46,"A,C,CG,G0,HD,N,OA"
CHEMBL507191,"tipo_invalido:CG,G0",70,"C,CG,G0,HD,N,NA,OA"
CHEMBL507210,"tipo_invalido:CG,G0",46,"A,C,CG,F,G0,HD,N,NA,OA"
CHEMBL507213,"tipo_invalido:CG,G0",29,"A,C,CG,G0,HD,N,NA,S"
CHEMBL507214,"tipo_invalido:CG,G0",93,"A,C,CG,G0,HD,N,NA,OA,SA"
CHEMBL50722,fallo_empirico_4_proteinas,40,"A,C,HD,N,NA,OA"
CHEMBL507228,"tipo_invalido:CG,G0",52,"A,C,CG,G0,HD,N,NA,OA,S"
CHEMBL507231,"tipo_invalido:CG,G0",32,"C,CG,G0,HD,OA"
CHEMBL507250,"tipo_invalido:CG,G0",74,"A,C,CG,G0,HD,N,OA"
CHEMBL507266,"tipo_invalido:CG,G0",86,"C,CG,G0,HD,OA"
CHEMBL507273,"tipo_invalido:CG,G0",82,"C,CG,G0,HD,OA"
CHEMBL507301,"tipo_invalido:CG,G0,G1,G2",124,"A,C,CG,G0,G1,G2,HD,N,NA,OA,S"
CHEMBL507308,"tipo_invalido:CG,G0",84,"A,C,CG,G0,HD,OA"
CHEMBL507336,"tipo_invalido:CG,G0",112,"A,C,CG,G0,HD,N,NA,OA"
CHEMBL507406,"tipo_invalido:CG,G0",98,"A,C,CG,G0,HD,N,NA,OA,SA"
CHEMBL507417,"tipo_invalido:CG,G0",21,"C,CG,G0,HD,OA"
CHEMBL507441,"tipo_invalido:CG,G0",21,"C,CG,G0,HD,OA"
CHEMBL507458,"tipo_invalido:CG,G0",43,"A,C,CG,G0,HD,N,NA,OA"
CHEMBL507468,"tipo_invalido:CG,G0",70,"A,C,CG,G0,HD,N,OA"
CHEMBL507470,"tipo_invalido:CG,G0,G1",125,"A,C,CG,G0,G1,HD,N,NA,OA,SA"
CHEMBL50749,fallo_empirico_4_proteinas,32,"Br,C,HD,N,OA"
CHEMBL507519,"tipo_invalido:CG,G0",47,"A,C,CG,F,G0,HD,N,NA,OA"
CHEMBL507575,tipo_invalido:B,24,"A,B,C,F,N,OA,S"
CHEMBL507589,"tipo_invalido:CG,G0",55,"C,CG,G0,NA,OA"
CHEMBL507602,"tipo_invalido:CG,G0",35,"C,CG,G0,OA"
CHEMBL507608,"tipo_invalido:CG,G0",46,"A,C,CG,G0,NA,OA"
CHEMBL507646,tipo_invalido:Si,69,"A,C,HD,OA,Si"
CHEMBL507647,"tipo_invalido:CG,G0",72,"A,C,CG,F,G0,HD,N,NA,OA"
CHEMBL507673,"tipo_invalido:CG,G0",46,"C,CG,G0,HD,OA"
CHEMBL507675,"tipo_invalido:CG,G0",42,"C,CG,G0,HD,OA"
CHEMBL507685,"tipo_invalido:CG,G0",71,"A,C,CG,F,G0,HD,N,NA,OA"
CHEMBL507715,"tipo_invalido:CG,G0",18,"A,C,CG,G0,HD,OA"
CHEMBL507717,"tipo_invalido:CG,G0",71,"A,C,CG,F,G0,HD,N,NA,OA"
CHEMBL507738,"tipo_invalido:CG,G0",27,"C,CG,G0,HD,N,NA,OA"
CHEMBL507739,"tipo_invalido:CG,G0",52,"C,CG,G0,HD,N,OA"
CHEMBL507742,"tipo_invalido:CG,G0",86,"C,CG,G0,HD,OA"
CHEMBL507745,"tipo_invalido:CG,G0",32,"A,C,CG,F,G0,HD,N,OA"
CHEMBL507752,"tipo_invalido:CG,G0",37,"C,CG,G0,OA"
CHEMBL507753,"tipo_invalido:CG,G0",27,"C,CG,G0,HD,OA"
CHEMBL507757,"tipo_invalido:CG,G0",84,"A,C,CG,Cl,G0,HD,N,NA,OA"
CHEMBL507763,"tipo_invalido:CG,G0",32,"A,C,CG,G0,HD,N,NA,OA"
CHEMBL507772,"tipo_invalido:CG,G0",41,"C,CG,G0,HD,OA"
CHEMBL507778,"tipo_invalido:CG,G0",47,"C,CG,G0,OA"
CHEMBL507786,"tipo_invalido:CG,G0",34,"A,C,CG,G0,HD,N,OA"
CHEMBL507792,"tipo_invalido:CG,G0",50,"A,C,CG,G0,NA,OA"
CHEMBL507798,"tipo_invalido:CG,G0",87,"A,C,CG,G0,HD,N,NA,OA,S"
CHEMBL507807,fallo_empirico_4_proteinas,127,"A,C,HD,N,NA,OA,SA"
CHEMBL507816,"tipo_invalido:CG,G0",38,"A,C,CG,F,G0,HD,N,OA"
CHEMBL507833,"tipo_invalido:CG,G0",20,"C,CG,G0,OA"
CHEMBL507856,"tipo_invalido:CG,G0",33,"C,CG,G0,HD,N,OA"
CHEMBL507858,"tipo_invalido:CG,G0",50,"A,C,CG,G0,HD,NA,OA"
CHEMBL507859,"tipo_invalido:CG,G0",73,"A,C,CG,G0,HD,N,OA"
CHEMBL507863,"tipo_invalido:CG,G0",66,"A,C,CG,G0,HD,N,NA,OA,S"
CHEMBL507865,"tipo_invalido:CG,G0,Si",54,"A,C,CG,G0,HD,OA,Si"
CHEMBL507887,"tipo_invalido:CG,G0",62,"C,CG,G0,HD,N,OA"
CHEMBL507892,"tipo_invalido:CG,G0",57,"A,C,CG,G0,HD,N,NA,OA,S"
CHEMBL507907,"tipo_invalido:CG,G0",94,"A,C,CG,G0,HD,N,NA,OA,SA"
CHEMBL507923,"tipo_invalido:CG,G0",75,"A,C,CG,G0,HD,N,NA,OA"
CHEMBL507933,"tipo_invalido:CG,G0,G1",51,"A,C,CG,G0,G1,HD,N,NA,OA,P,S,SA"
CHEMBL507980,"tipo_invalido:CG,G0",31,"A,C,CG,G0,NA,OA"
CHEMBL507985,"tipo_invalido:CG,G0",26,"A,C,CG,G0,N,NA,OA"
CHEMBL507995,"tipo_invalido:CG,G0",26,"C,CG,G0,NA,OA"
CHEMBL508017,"tipo_invalido:CG,G0",53,"A,C,CG,G0,OA"
CHEMBL508034,"tipo_invalido:CG,G0",19,"C,CG,G0,OA"
CHEMBL508037,"tipo_invalido:CG,G0",69,"C,CG,G0,HD,N,NA,OA"
CHEMBL508049,"tipo_invalido:CG,G0",48,"A,C,CG,Cl,G0,HD,N,NA,OA,S,SA"
CHEMBL508054,"tipo_invalido:CG,G0,G1",32,"C,CG,G0,G1,HD,N,NA,SA"
CHEMBL508061,"tipo_invalido:CG,G0",58,"A,C,CG,G0,OA"
CHEMBL508062,tipo_invalido:B,40,"A,B,C,HD,N,OA"
CHEMBL508083,fallo_empirico_4_proteinas,143,"A,C,HD,N,NA,OA"
CHEMBL508141,tipo_invalido:B,59,"A,B,C,Cl,F,HD,N,OA"
CHEMBL508145,"tipo_invalido:CG,G0",72,"A,C,CG,F,G0,HD,N,NA,OA"
CHEMBL508150,fallo_empirico_4_proteinas,112,"A,C,N,NA,OA"
CHEMBL508170,"tipo_invalido:CG,G0",35,"A,C,CG,G0,HD,N,NA,OA"
CHEMBL508172,"tipo_invalido:CG,G0",42,"A,C,CG,G0,HD,N,NA,OA"
CHEMBL508194,tipo_invalido:B,44,"A,B,C,HD,N,NA,OA"
CHEMBL508207,"tipo_invalido:CG,G0",37,"A,C,CG,G0,HD,N,NA,OA"
CHEMBL508223,"tipo_invalido:CG,G0",47,"A,C,CG,G0,HD,N,OA"
CHEMBL508232,"tipo_invalido:CG,G0",46,"C,CG,G0,HD,NA,OA"
CHEMBL508234,"tipo_invalido:CG,G0",74,"A,C,CG,G0,HD,N,NA,OA"
CHEMBL508254,"tipo_invalido:CG,G0",55,"C,CG,G0,NA,OA"
CHEMBL508263,"tipo_invalido:CG,G0",38,"C,CG,G0,HD,OA"
CHEMBL508272,"tipo_invalido:CG,G0",84,"C,CG,G0,HD,N,OA"
CHEMBL508289,"tipo_invalido:CG,G0,G1",46,"C,CG,G0,G1,OA"
CHEMBL508295,fallo_empirico_4_proteinas,149,"A,C,HD,N,NA,OA"
CHEMBL508310,"tipo_invalido:CG,G0",66,"A,C,CG,G0,HD,NA,OA"
CHEMBL508318,"tipo_invalido:CG,G0",46,"A,C,CG,Cl,G0,HD,N,NA,OA"
CHEMBL508345,"tipo_invalido:CG,G0",66,"A,C,CG,G0,HD,N,OA"
CHEMBL508360,"tipo_invalido:CG,G0",79,"A,C,CG,G0,HD,N,OA"
CHEMBL508383,"tipo_invalido:CG,G0",89,"A,C,CG,G0,HD,N,OA"
CHEMBL508418,"tipo_invalido:CG,G0,G1",38,"C,CG,G0,G1,OA"
CHEMBL508422,fallo_empirico_4_proteinas,118,"A,C,HD,N,NA,OA"
CHEMBL508426,"tipo_invalido:CG,G0",61,"A,C,CG,G0,HD,N,NA,OA"
CHEMBL508446,"tipo_invalido:CG,G0,Si",55,"A,C,CG,G0,HD,OA,Si"
CHEMBL508460,"tipo_invalido:CG,G0",43,"A,C,CG,G0,N,OA"
CHEMBL508470,"tipo_invalido:CG,G0",42,"C,CG,G0,HD,OA"
CHEMBL508484,"tipo_invalido:CG,G0",70,"A,C,CG,G0,HD,N,NA,OA,SA"
CHEMBL508498,"tipo_invalido:CG,G0",69,"A,C,CG,G0,HD,N,NA,OA"
CHEMBL508522,"tipo_invalido:CG,G0",40,"C,CG,G0,HD,OA"
CHEMBL508569,"tipo_invalido:CG,G0",131,"A,C,CG,F,G0,HD,N,NA,OA,SA"
CHEMBL508581,"tipo_invalido:CG,G0",48,"A,C,CG,G0,HD,OA"
CHEMBL508623,tipo_invalido:B,55,"A,B,C,Cl,F,HD,N,OA"
CHEMBL508639,"tipo_invalido:CG,G0",20,"C,CG,G0,OA"
CHEMBL508640,"tipo_invalido:CG,G0",19,"C,CG,G0,OA"
CHEMBL508660,"tipo_invalido:CG,G0,G1",106,"A,C,CG,G0,G1,HD,OA"
CHEMBL508677,"tipo_invalido:CG,G0",47,"A,C,CG,G0,HD,N,NA,OA"
CHEMBL508688,"tipo_invalido:CG,G0",66,"A,C,CG,G0,HD,N,NA,OA"
CHEMBL508689,"tipo_invalido:CG,G0",44,"C,CG,G0,HD,OA"
CHEMBL508724,"tipo_invalido:B,Si",11,"B,C,N,NA,Si"
CHEMBL508741,"tipo_invalido:CG,G0",27,"A,C,CG,G0,OA"
CHEMBL508743,"tipo_invalido:CG,G0,G1",45,"C,CG,G0,G1,HD,OA"
CHEMBL508745,"tipo_invalido:CG,G0",61,"A,C,CG,G0,HD,OA"
CHEMBL508757,"tipo_invalido:CG,G0",69,"A,C,CG,G0,HD,N,OA"
CHEMBL508830,"tipo_invalido:CG,G0",59,"A,Br,C,CG,G0,HD,N,NA,OA"
CHEMBL508884,"tipo_invalido:CG,G0",43,"Br,C,CG,G0,HD,OA"
CHEMBL508889,"tipo_invalido:CG,G0",19,"C,CG,G0,HD,OA"
CHEMBL50890,fallo_empirico_4_proteinas,20,"A,C,I,N,OA"
CHEMBL508912,"tipo_invalido:CG,G0",58,"A,C,CG,G0,HD,N,OA,P"
CHEMBL508926,"tipo_invalido:CG,G0",70,"A,C,CG,G0,HD,NA,OA"
CHEMBL508944,"tipo_invalido:CG,G0",74,"A,C,CG,F,G0,HD,N,NA,OA"
CHEMBL508956,"tipo_invalido:CG,G0",23,"C,CG,G0,OA"
CHEMBL508957,"tipo_invalido:CG,G0",49,"A,C,CG,G0,N,NA,OA"
CHEMBL508971,"tipo_invalido:CG,G0",33,"C,CG,G0,HD,OA"
CHEMBL508980,"tipo_invalido:CG,G0",55,"A,C,CG,G0,HD,N,NA,OA,S"
CHEMBL508999,tipo_invalido:B,45,"B,C,HD,N,OA"
CHEMBL509008,"tipo_invalido:CG,G0",45,"A,C,CG,G0,HD,NA,OA,S"
CHEMBL509009,"tipo_invalido:CG,G0",94,"A,C,CG,G0,HD,N,NA,OA,SA"
CHEMBL509024,"tipo_invalido:CG,G0",55,"A,C,CG,G0,HD,N,OA"
CHEMBL509042,"tipo_invalido:CG,G0",98,"A,C,CG,G0,HD,N,NA,OA,SA"
CHEMBL509043,"tipo_invalido:CG,G0",46,"C,CG,G0,HD,OA"
CHEMBL509105,"tipo_invalido:CG,G0",56,"A,C,CG,G0,HD,N,NA,OA,S"
CHEMBL509111,"tipo_invalido:CG,G0",71,"A,C,CG,F,G0,HD,N,NA,OA"
CHEMBL509120,"tipo_invalido:CG,G0",39,"C,CG,G0,HD,OA"
CHEMBL509128,"tipo_invalido:CG,G0",57,"A,C,CG,G0,HD,OA"
CHEMBL509130,"tipo_invalido:CG,G0",29,"A,C,CG,G0,HD,NA,OA,SA"
CHEMBL509147,"tipo_invalido:CG,G0",29,"C,CG,G0,HD,OA"
CHEMBL509159,"tipo_invalido:CG,G0",22,"C,CG,G0,HD,OA"
CHEMBL509162,"tipo_invalido:CG,G0",74,"A,C,CG,G0,HD,NA,OA"
CHEMBL509174,"tipo_invalido:CG,G0",27,"C,CG,G0,OA"
CHEMBL509178,"tipo_invalido:CG,G0",23,"A,C,CG,G0,NA"
CHEMBL509201,"tipo_invalido:CG,G0",51,"A,C,CG,G0,HD,N,OA"
CHEMBL509203,fallo_empirico_4_proteinas,121,"C,HD,N,NA,OA,SA"
CHEMBL509209,"tipo_invalido:CG,G0",61,"C,CG,G0,HD,N,OA"
CHEMBL509211,"tipo_invalido:CG,G0",48,"A,C,CG,G0,HD,OA"
CHEMBL509212,"tipo_invalido:CG,G0",20,"C,CG,G0,OA"
CHEMBL509215,"tipo_invalido:CG,G0",54,"A,C,CG,G0,HD,N,OA"
CHEMBL509217,"tipo_invalido:CG,G0",34,"A,C,CG,Cl,G0,N,OA"
CHEMBL509227,"tipo_invalido:CG,G0",50,"A,C,CG,G0,HD,OA"
CHEMBL509235,"tipo_invalido:CG,G0",49,"A,C,CG,G0,HD,N,OA,SA"
CHEMBL509244,"tipo_invalido:CG,G0",43,"A,C,CG,G0,HD,N,OA"
CHEMBL509275,"tipo_invalido:CG,G0",63,"A,C,CG,G0,HD,N,NA,OA"
CHEMBL509284,"tipo_invalido:CG,G0",73,"A,C,CG,G0,HD,N,OA"
CHEMBL509287,"tipo_invalido:CG,G0",63,"C,CG,G0,HD,N,OA"
CHEMBL509321,"tipo_invalido:CG,G0,G1",47,"A,C,CG,G0,G1,HD,N,NA,OA"
CHEMBL509341,"tipo_invalido:CG,G0,G1,G2",114,"A,C,CG,G0,G1,G2,HD,N,NA,OA,S"
CHEMBL509351,"tipo_invalido:CG,G0",45,"C,CG,G0,HD,OA"
CHEMBL509364,"tipo_invalido:CG,G0",82,"C,CG,G0,HD,OA"
CHEMBL509371,"tipo_invalido:CG,G0",28,"A,C,CG,Cl,G0,NA,OA"
CHEMBL509380,"tipo_invalido:CG,G0",25,"C,CG,G0,OA"
CHEMBL509396,"tipo_invalido:CG,G0",32,"A,C,CG,G0,HD,N,NA,OA"
CHEMBL509404,"tipo_invalido:CG,G0",19,"A,C,CG,G0,OA"
CHEMBL509415,"tipo_invalido:CG,G0",28,"C,CG,G0,HD,NA,OA"
CHEMBL509416,"tipo_invalido:CG,G0",33,"A,C,CG,G0,HD,N,OA"
CHEMBL509420,"tipo_invalido:CG,G0",77,"A,C,CG,G0,HD,N,OA"
CHEMBL509427,"tipo_invalido:CG,G0",49,"A,C,CG,G0,HD,N,NA,OA"
CHEMBL509444,"tipo_invalido:CG,G0,G1",66,"A,C,CG,G0,G1,HD,N,NA,OA"
CHEMBL509462,"tipo_invalido:CG,G0",43,"A,C,CG,G0,HD,NA,OA"
CHEMBL509463,"tipo_invalido:CG,G0",55,"A,C,CG,G0,HD,OA"
CHEMBL509470,"tipo_invalido:CG,G0",57,"A,C,CG,G0,HD,N,NA,OA,S"
CHEMBL509477,"tipo_invalido:CG,G0",46,"C,CG,G0,HD,OA"
CHEMBL509478,tipo_invalido:B,20,"A,B,C,HD,NA,OA"
CHEMBL509479,"tipo_invalido:CG,G0",47,"A,C,CG,F,G0,HD,N,NA,OA"
CHEMBL509482,"tipo_invalido:CG,G0",28,"C,CG,G0,OA"
CHEMBL509483,"tipo_invalido:CG,G0",30,"A,C,CG,G0,HD,NA,OA"
CHEMBL509489,"tipo_invalido:CG,G0",45,"C,CG,G0,HD,OA"
CHEMBL509506,"tipo_invalido:CG,G0",26,"C,CG,G0,HD,OA"
CHEMBL509507,"tipo_invalido:CG,G0",62,"A,C,CG,G0,HD,N,NA,OA"
CHEMBL509518,"tipo_invalido:CG,G0",48,"A,C,CG,Cl,F,G0,HD,N,NA,OA"
CHEMBL509524,"tipo_invalido:CG,G0",65,"A,C,CG,G0,HD,N,NA,OA"
CHEMBL509526,"tipo_invalido:CG,G0,G1",47,"C,CG,G0,G1,OA"
CHEMBL509527,"tipo_invalido:CG,G0",53,"A,C,CG,G0,OA"
CHEMBL50953,fallo_empirico_4_proteinas,44,"A,C,Cl,F,HD,N,NA,OA,S"
CHEMBL509532,"tipo_invalido:CG,G0",127,"A,C,CG,G0,HD,N,NA,OA"
CHEMBL509536,"tipo_invalido:CG,G0",47,"C,CG,G0,HD,OA"
CHEMBL509545,fallo_empirico_4_proteinas,124,"C,HD,N,NA,OA"
CHEMBL509562,"tipo_invalido:CG,G0,G1",74,"A,C,CG,G0,G1,HD,OA"
CHEMBL509566,"tipo_invalido:CG,G0",17,"C,CG,G0"
CHEMBL509583,"tipo_invalido:CG,G0",45,"C,CG,G0,HD,OA"
CHEMBL509590,"tipo_invalido:CG,G0",20,"C,CG,G0,HD,OA"
CHEMBL509591,"tipo_invalido:CG,G0",23,"C,CG,G0,HD,OA"
CHEMBL509596,"tipo_invalido:CG,G0",40,"C,CG,G0,NA,OA"
CHEMBL50960,fallo_empirico_4_proteinas,21,"A,C,Cl,HD,N,NA"
CHEMBL509605,"tipo_invalido:CG,G0",58,"A,C,CG,G0,HD,N,NA,OA"
CHEMBL509616,"tipo_invalido:CG,G0",28,"C,CG,G0,HD,OA"
CHEMBL509634,"tipo_invalido:CG,G0",30,"A,C,CG,G0,HD,NA,OA,SA"
CHEMBL509641,"tipo_invalido:CG,G0",20,"C,CG,G0,OA"
CHEMBL509658,"tipo_invalido:CG,G0",57,"A,C,CG,G0,HD,N,OA"
CHEMBL509674,"tipo_invalido:CG,G0",90,"A,C,CG,G0,HD,N,NA,OA"
CHEMBL509706,"tipo_invalido:CG,G0",27,"A,C,CG,G0,HD,N,NA,S"
CHEMBL509723,"tipo_invalido:CG,G0",75,"A,C,CG,F,G0,HD,N,NA,OA"
CHEMBL509742,"tipo_invalido:CG,G0",41,"C,CG,G0,HD,OA"
CHEMBL509764,"tipo_invalido:CG,G0,G1",59,"C,CG,G0,G1,HD,OA"
CHEMBL509765,"tipo_invalido:CG,G0",88,"A,C,CG,G0,HD,N,OA"
CHEMBL509773,"tipo_invalido:CG,G0",48,"A,C,CG,G0,HD,OA"
CHEMBL509792,"tipo_invalido:CG,G0",83,"A,C,CG,G0,HD,N,NA,OA"
CHEMBL509802,"tipo_invalido:CG,G0",51,"C,CG,G0,HD,OA"
CHEMBL509803,"tipo_invalido:CG,G0",48,"A,C,CG,G0,HD,NA,OA"
CHEMBL509805,"tipo_invalido:CG,G0",17,"C,CG,G0"
CHEMBL509807,"tipo_invalido:CG,G0",42,"A,C,CG,G0,N,OA"
CHEMBL509814,"tipo_invalido:CG,G0",52,"A,C,CG,G0,OA"
CHEMBL509837,"tipo_invalido:CG,G0",76,"A,C,CG,G0,HD,N,OA"
CHEMBL509855,"tipo_invalido:CG,G0",48,"A,C,CG,G0,HD,NA,OA"
CHEMBL509857,tipo_invalido:B,19,"A,B,C,HD,OA"
CHEMBL509870,"tipo_invalido:CG,G0",61,"C,CG,G0,HD,N,OA"
CHEMBL509883,"tipo_invalido:CG,G0",27,"A,C,CG,G0,N,NA,OA"
CHEMBL509887,"tipo_invalido:CG,G0,G1",55,"C,CG,G0,G1,HD,NA,OA"
CHEMBL509888,"tipo_invalido:CG,G0,G1",56,"A,C,CG,F,G0,G1,N,NA,OA"
CHEMBL509897,"tipo_invalido:CG,G0",68,"A,C,CG,Cl,G0,HD,N,OA"
CHEMBL50990,fallo_empirico_4_proteinas,24,"A,C,Cl,HD,NA,OA"
CHEMBL509909,"tipo_invalido:CG,G0",18,"C,CG,G0,OA"
CHEMBL509911,tipo_invalido:B,54,"A,B,C,Cl,F,HD,N,OA"
CHEMBL509912,"tipo_invalido:CG,G0",32,"A,C,CG,F,G0,HD,N,OA"
CHEMBL509926,"tipo_invalido:CG,G0",73,"A,C,CG,G0,HD,N,OA"
CHEMBL50993,fallo_empirico_4_proteinas,38,"A,C,HD,N,NA,OA"
CHEMBL509933,"tipo_invalido:CG,G0",73,"A,C,CG,G0,HD,N,OA"
CHEMBL509934,"tipo_invalido:CG,G0,G1",61,"A,C,CG,Cl,G0,G1,HD,N,NA,OA"
CHEMBL509935,"tipo_invalido:CG,G0",25,"A,C,CG,F,G0,HD,N,OA,S"
CHEMBL509936,"tipo_invalido:CG,G0",20,"C,CG,G0,HD,OA,SA"
CHEMBL509938,"tipo_invalido:CG,G0",60,"A,C,CG,G0,HD,N,OA"
CHEMBL509942,"tipo_invalido:CG,G0,G1",46,"C,CG,G0,G1,HD,OA"
CHEMBL509960,"tipo_invalido:CG,G0",37,"A,C,CG,Cl,F,G0,HD,N,OA"
CHEMBL509981,"tipo_invalido:CG,G0",119,"A,C,CG,G0,HD,N,NA,OA"
CHEMBL509996,fallo_empirico_4_proteinas,109,"C,HD,N,NA,OA"
CHEMBL509999,"tipo_invalido:CG,G0",48,"A,C,CG,G0,HD,NA,OA"
CHEMBL510000,"tipo_invalido:CG,G0",52,"A,C,CG,G0,HD,N,NA,OA,S"
CHEMBL510018,"tipo_invalido:CG,G0,G1",102,"A,C,CG,Cl,G0,G1,HD,N,NA,OA"
CHEMBL510022,"tipo_invalido:CG,G0",48,"A,C,CG,G0,HD,NA,OA"
CHEMBL510034,"tipo_invalido:CG,G0",65,"C,CG,G0,HD,N,OA"
CHEMBL510053,"tipo_invalido:CG,G0",65,"C,CG,G0,HD,N,NA,OA"
CHEMBL510064,"tipo_invalido:CG,G0",120,"A,C,CG,G0,HD,N,NA,OA"
CHEMBL510073,"tipo_invalido:CG,G0",31,"C,CG,F,G0,HD,N,NA,OA"
CHEMBL510119,"tipo_invalido:CG,G0",34,"C,CG,G0,HD,OA"
CHEMBL510128,"tipo_invalido:CG,G0",43,"C,CG,G0,OA"
CHEMBL510129,"tipo_invalido:CG,G0",55,"C,CG,G0,HD,N,OA"
CHEMBL510135,"tipo_invalido:CG,G0",60,"C,CG,G0,HD,N,OA"
CHEMBL510146,fallo_empirico_4_proteinas,118,"A,C,HD,N,NA,OA"
CHEMBL510147,"tipo_invalido:CG,G0,G1",82,"A,C,CG,G0,G1,HD,OA"
CHEMBL510158,"tipo_invalido:CG,G0",23,"A,C,CG,G0,HD,N,S"
CHEMBL510169,"tipo_invalido:CG,G0",36,"C,CG,G0,HD,OA"
CHEMBL510185,"tipo_invalido:CG,G0",49,"A,C,CG,Cl,G0,HD,N,NA,OA"
CHEMBL510203,"tipo_invalido:CG,G0",27,"C,CG,G0,HD,OA"
CHEMBL510206,"tipo_invalido:CG,G0",120,"A,C,CG,F,G0,HD,N,NA,OA"
CHEMBL510254,"tipo_invalido:CG,G0",27,"A,Br,C,CG,G0,HD,N,NA,OA,SA"
CHEMBL51026,tipo_invalido:Na,17,"A,C,HD,NA,Na,OA"
CHEMBL510268,"tipo_invalido:CG,G0",47,"C,CG,G0,HD,OA"
CHEMBL510270,fallo_empirico_4_proteinas,140,"A,C,HD,N,NA,OA"
CHEMBL510273,"tipo_invalido:CG,G0",48,"A,C,CG,G0,HD,NA,OA"
CHEMBL510284,"tipo_invalido:CG,G0",59,"C,CG,G0,HD,N,NA,OA"
CHEMBL51030,tipo_invalido:Na,34,"A,C,NA,Na,OA,S"
CHEMBL510311,"tipo_invalido:CG,G0",68,"A,C,CG,F,G0,HD,N,OA"
CHEMBL510312,tipo_invalido:Si,46,"A,C,HD,N,OA,S,Si"
CHEMBL510331,"tipo_invalido:CG,G0",57,"A,C,CG,G0,HD,N,NA,OA,S"
CHEMBL510353,fallo_empirico_4_proteinas,122,"A,C,HD,N,NA,OA"
CHEMBL510375,"tipo_invalido:CG,G0",34,"A,C,CG,G0,HD,N,NA,OA"
CHEMBL510389,"tipo_invalido:CG,G0",92,"A,C,CG,G0,HD,N,NA,OA"
CHEMBL510400,"tipo_invalido:CG,G0",63,"C,CG,G0,HD,NA,OA"
CHEMBL510403,"tipo_invalido:CG,G0",25,"A,C,CG,G0,N,NA"
CHEMBL510405,fallo_empirico_4_proteinas,108,"A,C,N,NA,OA"
CHEMBL510408,"tipo_invalido:CG,G0,G1",43,"C,CG,G0,G1,HD,OA"
CHEMBL510416,"tipo_invalido:CG,G0",56,"A,C,CG,G0,HD,N,OA,P"
CHEMBL510424,"tipo_invalido:CG,G0",48,"A,C,CG,G0,HD,N,NA,OA,S"
CHEMBL510452,"tipo_invalido:CG,G0",74,"A,C,CG,G0,HD,N,NA,OA"
CHEMBL51047,fallo_empirico_4_proteinas,45,"A,C,Cl,F,HD,N,NA,OA,S"
CHEMBL510494,"tipo_invalido:CG,G0",45,"A,C,CG,G0,HD,OA"
CHEMBL510500,"tipo_invalido:CG,G0",46,"A,C,CG,Cl,F,G0,HD,N,NA,OA"
CHEMBL510519,"tipo_invalido:CG,G0",137,"A,C,CG,G0,HD,N,NA,OA,SA"
CHEMBL510525,"tipo_invalido:CG,G0",23,"C,CG,G0,OA"
CHEMBL510550,"tipo_invalido:CG,G0",86,"C,CG,G0,HD,N,OA"
CHEMBL510568,"tipo_invalido:CG,G0",28,"C,CG,G0,OA"
CHEMBL510572,"tipo_invalido:CG,G0",36,"C,CG,G0,HD,OA"
CHEMBL510575,"tipo_invalido:CG,G0,G1",47,"C,CG,G0,G1,HD,OA"
CHEMBL510576,"tipo_invalido:CG,G0,G1",59,"C,CG,G0,G1,HD,OA"
CHEMBL510577,"tipo_invalido:CG,G0",66,"A,C,CG,G0,HD,N,OA"
CHEMBL510579,"tipo_invalido:CG,G0",46,"C,CG,Cl,G0,HD,OA"
CHEMBL510584,"tipo_invalido:CG,G0",37,"A,C,CG,G0,HD,N,NA,OA"
CHEMBL510585,"tipo_invalido:CG,G0",43,"A,C,CG,G0,HD,N,NA,OA"
CHEMBL510586,"tipo_invalido:CG,G0",46,"A,C,CG,F,G0,HD,N,NA,OA"
CHEMBL510594,tipo_invalido:B,19,"B,C,HD,N,NA,OA,SA"
CHEMBL510602,"tipo_invalido:CG,G0",74,"A,C,CG,G0,HD,N,OA"
CHEMBL510608,"tipo_invalido:CG,G0",42,"A,C,CG,G0,HD,N,NA,OA"
CHEMBL510609,"tipo_invalido:CG,G0",70,"A,C,CG,F,G0,HD,N,NA,OA"
CHEMBL510612,"tipo_invalido:CG,G0",48,"A,C,CG,G0,HD,NA,OA"
CHEMBL510614,"tipo_invalido:CG,G0,G1",47,"C,CG,G0,G1,OA"
CHEMBL510618,"tipo_invalido:CG,G0",96,"A,C,CG,Cl,G0,HD,N,NA,OA,SA"
CHEMBL510621,"tipo_invalido:CG,G0",131,"A,C,CG,G0,HD,N,NA,OA,SA"
CHEMBL510632,"tipo_invalido:CG,G0",62,"C,CG,G0,HD,N,OA"
CHEMBL510644,"tipo_invalido:CG,G0",29,"C,CG,G0,HD,OA"
CHEMBL510650,"tipo_invalido:CG,G0,G1",85,"A,C,CG,G0,G1,HD,N,NA,OA,SA"
CHEMBL510651,"tipo_invalido:CG,G0",44,"A,C,CG,G0,HD,OA"
CHEMBL510681,"tipo_invalido:CG,G0",57,"C,CG,G0,HD,OA"
CHEMBL510686,"tipo_invalido:CG,G0",67,"A,C,CG,G0,HD,NA,OA"
CHEMBL510705,"tipo_invalido:CG,G0",58,"A,C,CG,G0,HD,N,OA"
CHEMBL510730,"tipo_invalido:CG,G0",60,"A,Br,C,CG,G0,HD,N,NA,OA"
CHEMBL510762,"tipo_invalido:CG,G0",74,"A,C,CG,G0,HD,N,OA"
CHEMBL510777,"tipo_invalido:CG,G0",27,"A,C,CG,G0,HD,NA,OA"
CHEMBL510782,"tipo_invalido:CG,G0",49,"A,C,CG,G0,N,NA,OA"
CHEMBL510791,fallo_empirico_4_proteinas,133,"A,C,HD,N,NA,OA"
CHEMBL510794,"tipo_invalido:CG,G0",70,"A,C,CG,F,G0,HD,N,NA,OA"
CHEMBL510806,"tipo_invalido:CG,G0",81,"A,C,CG,G0,HD,N,NA,OA"
CHEMBL510808,tipo_invalido:B,44,"A,B,C,HD,N,OA"
CHEMBL51082,tipo_invalido:Na,31,"A,C,F,N,NA,Na,OA"
CHEMBL510830,"tipo_invalido:CG,G0",47,"A,C,CG,G0,HD,N,NA,OA,S"
CHEMBL510832,"tipo_invalido:CG,G0",61,"A,Br,C,CG,G0,HD,N,NA,OA"
CHEMBL510836,"tipo_invalido:CG,G0",28,"A,C,CG,G0,HD,OA"
CHEMBL510841,"tipo_invalido:CG,G0,G1",23,"C,CG,G0,G1,N,OA"
CHEMBL510849,fallo_empirico_4_proteinas,170,"A,C,HD,N,NA,OA"
CHEMBL510857,"tipo_invalido:CG,G0",52,"A,C,CG,G0,HD,N,OA"
CHEMBL510862,"tipo_invalido:CG,G0",34,"A,C,CG,F,G0,HD,N,OA"
CHEMBL510894,"tipo_invalido:CG,G0",130,"A,C,CG,G0,HD,N,NA,OA,SA"
CHEMBL510897,"tipo_invalido:CG,G0,G1",50,"C,CG,G0,G1,HD,OA"
CHEMBL510898,"tipo_invalido:CG,G0,G1",59,"C,CG,G0,G1,HD,OA"
CHEMBL510943,"tipo_invalido:CG,G0,G1",50,"C,CG,G0,G1,OA,P"
CHEMBL510944,"tipo_invalido:CG,G0",87,"C,CG,G0,HD,OA"
CHEMBL510957,"tipo_invalido:CG,G0",46,"A,C,CG,F,G0,HD,N,NA,OA"
CHEMBL510976,"tipo_invalido:CG,G0",67,"A,C,CG,F,G0,HD,N,OA,SA"
CHEMBL510997,"tipo_invalido:CG,G0",47,"A,C,CG,G0,HD,N,OA"
CHEMBL511008,"tipo_invalido:CG,G0",23,"C,CG,G0,OA"
CHEMBL51101,fallo_empirico_4_proteinas,21,"A,C,Cl,HD,NA,OA"
CHEMBL511018,"tipo_invalido:CG,G0",47,"A,C,CG,G0,OA"
CHEMBL511022,"tipo_invalido:CG,G0",30,"A,C,CG,G0,HD,NA,OA,SA"
CHEMBL511025,"tipo_invalido:CG,G0",70,"A,C,CG,F,G0,HD,N,OA"
CHEMBL511037,"tipo_invalido:CG,G0",46,"A,C,CG,G0,HD,N,NA,OA"
CHEMBL511044,"tipo_invalido:CG,G0",23,"A,C,CG,G0,HD,NA,OA,S"
CHEMBL511058,"tipo_invalido:CG,G0",28,"A,C,CG,G0,HD,NA,OA,SA"
CHEMBL511075,"tipo_invalido:CG,G0",58,"A,C,CG,G0,HD,NA,OA"
CHEMBL511083,tipo_invalido:B,60,"A,B,C,Cl,F,HD,N,OA"
CHEMBL511086,"tipo_invalido:CG,G0",108,"A,C,CG,Cl,G0,HD,N,NA,OA,SA"
CHEMBL511097,"tipo_invalido:CG,G0",23,"A,C,CG,G0,HD,N,S"
CHEMBL511138,"tipo_invalido:CG,G0",33,"A,C,CG,G0,HD,N,OA,S"
CHEMBL511141,"tipo_invalido:CG,G0",38,"A,C,CG,G0,HD,NA,OA"
CHEMBL511224,"tipo_invalido:CG,G0",42,"C,CG,G0,HD,OA"
CHEMBL511229,"tipo_invalido:CG,G0",38,"A,C,CG,Cl,G0,HD,N,NA,OA"
CHEMBL511244,tipo_invalido:Si,26,"A,C,HD,NA,OA,Si"
CHEMBL511253,"tipo_invalido:CG,G0",31,"A,C,CG,G0,HD,N,NA,OA"
CHEMBL511262,"tipo_invalido:CG,G0",39,"A,C,CG,G0,HD,N,NA,OA"
CHEMBL511269,"tipo_invalido:CG,G0",36,"A,C,CG,G0,HD,NA,OA"
CHEMBL511293,"tipo_invalido:CG,G0",27,"A,C,CG,G0,HD,N,NA,OA,S,SA"
CHEMBL511295,"tipo_invalido:CG,G0",37,"A,C,CG,G0,HD,NA,OA,S"
CHEMBL511326,"tipo_invalido:CG,G0",23,"C,CG,G0,HD,OA"
CHEMBL51133,fallo_empirico_4_proteinas,24,"C,Cl,F,HD,N,NA,OA"
CHEMBL511375,"tipo_invalido:CG,G0",40,"A,C,CG,F,G0,HD,N,NA,OA,S"
CHEMBL511395,"tipo_invalido:CG,G0",31,"A,C,CG,G0,N,OA"
CHEMBL511407,"tipo_invalido:CG,G0",42,"C,CG,G0,HD,OA"
CHEMBL511426,"tipo_invalido:CG,G0",28,"C,CG,G0,HD,N,OA"
CHEMBL511439,"tipo_invalido:CG,G0",44,"A,C,CG,G0,HD,N,OA"
CHEMBL511442,"tipo_invalido:CG,G0",21,"C,CG,G0,OA"
CHEMBL511481,"tipo_invalido:CG,G0",33,"C,CG,G0,HD,OA"
CHEMBL511487,"tipo_invalido:CG,G0",29,"A,C,CG,G0,HD,NA,OA,SA"
CHEMBL511489,"tipo_invalido:CG,G0",27,"A,C,CG,Cl,G0,HD,N,NA,OA,S"
CHEMBL511492,"tipo_invalido:CG,G0",35,"A,C,CG,F,G0,NA,OA"
CHEMBL511532,"tipo_invalido:CG,G0",20,"C,CG,G0,HD,OA"
CHEMBL511533,"tipo_invalido:CG,G0",20,"C,CG,G0,HD,OA"
CHEMBL511535,"tipo_invalido:CG,G0",25,"C,CG,G0,HD,OA"
CHEMBL511547,"tipo_invalido:CG,G0",34,"A,C,CG,Cl,G0,HD,N,OA"
CHEMBL511556,"tipo_invalido:CG,G0,G1",35,"C,CG,G0,G1"
CHEMBL511562,"tipo_invalido:CG,G0",41,"A,C,CG,G0,HD,N,NA,OA,S"
CHEMBL511572,"tipo_invalido:CG,G0",40,"A,C,CG,Cl,F,G0,HD,N,NA,OA,S"
CHEMBL511593,"tipo_invalido:CG,G0",42,"A,C,CG,G0,HD,N,NA,OA"
CHEMBL511604,"tipo_invalido:CG,G0",27,"A,C,CG,G0,N,NA,OA"
CHEMBL511618,"tipo_invalido:CG,G0",45,"A,C,CG,Cl,G0,HD,N,OA"
CHEMBL511627,"tipo_invalido:CG,G0,G1",32,"C,CG,G0,G1,HD,NA,OA"
CHEMBL511632,"tipo_invalido:CG,G0",33,"A,C,CG,G0,HD,NA,OA"
CHEMBL511633,"tipo_invalido:CG,G0",44,"A,C,CG,G0,HD,OA"
CHEMBL511651,"tipo_invalido:CG,G0",32,"C,CG,G0,HD,OA"
CHEMBL511658,"tipo_invalido:CG,G0",30,"A,C,CG,G0,HD,NA,OA"
CHEMBL511660,"tipo_invalido:CG,G0",34,"A,C,CG,G0,HD,N,NA,OA"
CHEMBL511699,"tipo_invalido:CG,G0",24,"A,C,CG,Cl,G0,HD,N,NA"
CHEMBL511721,"tipo_invalido:CG,G0",32,"A,C,CG,Cl,G0,HD,N,NA,OA"
CHEMBL511730,"tipo_invalido:CG,G0",42,"A,C,CG,G0,HD,NA,OA"
CHEMBL511737,"tipo_invalido:CG,G0",42,"A,C,CG,G0,HD,N,NA,OA"
CHEMBL511739,tipo_invalido:Si,36,"A,C,HD,N,NA,OA,P,Si"
CHEMBL511773,"tipo_invalido:CG,G0",39,"A,C,CG,G0,HD,N,NA,OA"
CHEMBL511778,"tipo_invalido:CG,G0",27,"C,CG,G0,HD,OA"
CHEMBL511824,"tipo_invalido:CG,G0",38,"C,CG,G0,HD,OA"
CHEMBL511903,"tipo_invalido:CG,G0",41,"A,C,CG,G0,HD,NA,OA"
CHEMBL511904,"tipo_invalido:CG,G0",42,"A,Br,C,CG,Cl,F,G0,HD,N,OA"
CHEMBL511928,"tipo_invalido:CG,G0",39,"A,C,CG,F,G0,HD,N,NA,OA,S"
CHEMBL511940,"tipo_invalido:CG,G0",40,"C,CG,G0,HD,N,OA"
CHEMBL511971,"tipo_invalido:CG,G0",37,"A,C,CG,F,G0,HD,NA,OA"
CHEMBL511981,"tipo_invalido:CG,G0,G1",33,"C,CG,G0,G1,OA"
CHEMBL512002,"tipo_invalido:CG,G0",29,"C,CG,G0,HD,OA"
CHEMBL512028,"tipo_invalido:CG,G0",24,"C,CG,G0,HD,OA"
CHEMBL512046,"tipo_invalido:CG,G0",18,"C,CG,G0,OA"
CHEMBL512064,"tipo_invalido:CG,G0",29,"A,C,CG,Cl,G0,HD,OA"
CHEMBL512094,"tipo_invalido:CG,G0",25,"C,CG,G0,HD,N,OA"
CHEMBL512100,"tipo_invalido:CG,G0",46,"C,CG,G0,HD,OA"
CHEMBL512125,"tipo_invalido:CG,G0",41,"A,C,CG,Cl,G0,HD,N,NA,OA"
CHEMBL512139,"tipo_invalido:CG,G0",34,"C,CG,G0,HD,OA"
CHEMBL512146,"tipo_invalido:CG,G0",27,"C,CG,G0,OA"
CHEMBL51215,fallo_empirico_4_proteinas,16,"C,I,N,OA"
CHEMBL512155,"tipo_invalido:CG,G0",27,"A,C,CG,G0,HD,OA"
CHEMBL512170,"tipo_invalido:CG,G0",40,"A,C,CG,G0,HD,NA,OA,S"
CHEMBL512213,"tipo_invalido:CG,G0",27,"A,C,CG,G0,HD,N,NA,OA"
CHEMBL512251,"tipo_invalido:CG,G0",43,"A,C,CG,Cl,G0,HD,N,OA"
CHEMBL512252,tipo_invalido:Si,45,"A,C,HD,N,NA,OA,P,Si"
CHEMBL512266,tipo_invalido:Si,39,"A,C,NA,OA,Si"
CHEMBL512282,"tipo_invalido:CG,G0",41,"A,C,CG,F,G0,HD,N,NA,OA,S"
CHEMBL512292,"tipo_invalido:CG,G0",42,"A,C,CG,F,G0,HD,N,NA,OA"
CHEMBL512302,"tipo_invalido:CG,G0",33,"C,CG,G0,HD,N,NA,OA"
CHEMBL512307,"tipo_invalido:CG,G0",29,"C,CG,G0,HD,OA"
CHEMBL512336,"tipo_invalido:CG,G0",32,"A,C,CG,G0,HD,N,NA,OA,S"
CHEMBL512339,"tipo_invalido:CG,G0",19,"C,CG,G0,OA"
CHEMBL51234,tipo_invalido:Na,39,"A,C,Cl,NA,Na,OA,S"
CHEMBL512349,"tipo_invalido:CG,G0",42,"A,C,CG,G0,HD,N,OA"
CHEMBL512368,"tipo_invalido:CG,G0",34,"A,C,CG,G0,HD,N,NA,OA"
CHEMBL512382,"tipo_invalido:CG,G0",19,"A,Br,C,CG,G0,OA"
CHEMBL512406,"tipo_invalido:CG,G0",25,"A,C,CG,G0,HD,NA,OA"
CHEMBL512421,"tipo_invalido:CG,G0",25,"C,CG,Cl,G0,HD,OA"
CHEMBL512429,"tipo_invalido:CG,G0",32,"A,C,CG,G0,N,OA"
CHEMBL51243,tipo_invalido:Na,32,"A,C,F,N,NA,Na,OA"
CHEMBL512448,"tipo_invalido:CG,G0,G1",40,"C,CG,G0,G1,HD,N,OA"
CHEMBL512471,"tipo_invalido:CG,G0",39,"A,C,CG,G0,HD,N,NA,OA"
CHEMBL512482,"tipo_invalido:CG,G0",28,"A,C,CG,Cl,F,G0,HD,NA"
CHEMBL512489,"tipo_invalido:CG,G0",44,"A,C,CG,G0,HD,N,OA"
CHEMBL512512,"tipo_invalido:CG,G0",29,"C,CG,G0,HD,OA"
CHEMBL512530,"tipo_invalido:CG,G0",31,"A,C,CG,G0,NA,OA"
CHEMBL512534,"tipo_invalido:CG,G0",28,"A,C,CG,G0,HD,N,NA,OA"
CHEMBL512594,"tipo_invalido:CG,G0",39,"A,C,CG,G0,HD,N,OA,S"
CHEMBL512607,"tipo_invalido:CG,G0",19,"C,CG,G0,HD,N,OA"
CHEMBL512610,"tipo_invalido:CG,G0",39,"C,CG,G0,HD,OA"
CHEMBL512614,"tipo_invalido:CG,G0",38,"A,C,CG,G0,HD,N,OA"
CHEMBL512615,"tipo_invalido:CG,G0",23,"C,CG,G0,HD,N,OA"
CHEMBL51264,fallo_empirico_4_proteinas,23,"A,C,Cl,HD,NA,OA"
CHEMBL512654,"tipo_invalido:CG,G0",32,"C,CG,G0,OA"
CHEMBL512662,"tipo_invalido:CG,G0",26,"C,CG,G0,HD,OA"
CHEMBL51268,fallo_empirico_4_proteinas,36,"A,C,HD,I,N,OA,S"
CHEMBL512682,"tipo_invalido:CG,G0",25,"A,Br,C,CG,G0,HD,N,OA"
CHEMBL512717,"tipo_invalido:CG,G0",29,"A,C,CG,G0,N,NA,OA"
CHEMBL51273,fallo_empirico_4_proteinas,31,"A,Br,C,HD,N,NA"
CHEMBL512755,"tipo_invalido:CG,G0",20,"C,CG,G0,HD,OA"
CHEMBL512778,"tipo_invalido:CG,G0,G1",38,"A,C,CG,G0,G1,N,NA,OA"
CHEMBL512807,"tipo_invalido:CG,G0",43,"A,C,CG,G0,HD,N,NA,OA,S"
CHEMBL512808,"tipo_invalido:CG,G0",40,"A,C,CG,Cl,G0,HD,N,NA,OA"
CHEMBL512826,"tipo_invalido:CG,G0",20,"C,CG,G0,HD,N,NA,OA,SA"
CHEMBL512833,"tipo_invalido:CG,G0",22,"A,C,CG,G0,HD,N,NA"
CHEMBL512846,"tipo_invalido:CG,G0",32,"C,CG,G0,HD,OA"
CHEMBL512850,"tipo_invalido:CG,G0",24,"A,C,CG,G0,NA,OA"
CHEMBL512853,"tipo_invalido:CG,G0,G1",33,"C,CG,G0,G1,HD,NA,OA"
CHEMBL512877,"tipo_invalido:CG,G0",37,"A,C,CG,G0,HD,NA,OA,S"
CHEMBL512889,"tipo_invalido:CG,G0",23,"C,CG,G0,OA"
CHEMBL512892,"tipo_invalido:CG,G0",36,"A,C,CG,Cl,G0,HD,N,NA,OA"
CHEMBL512896,"tipo_invalido:CG,G0",31,"A,C,CG,G0,HD,NA,OA"
CHEMBL512928,"tipo_invalido:CG,G0",24,"A,C,CG,G0,N,NA,OA,SA"
CHEMBL512948,"tipo_invalido:CG,G0",21,"C,CG,G0,HD,OA"
CHEMBL512949,"tipo_invalido:CG,G0",41,"A,C,CG,Cl,G0,HD,N,OA"
CHEMBL512956,"tipo_invalido:CG,G0",39,"A,C,CG,Cl,G0,HD,N,OA"
CHEMBL51297,fallo_empirico_4_proteinas,49,"A,C,HD,N,NA,OA,S"
CHEMBL512971,"tipo_invalido:CG,G0",42,"A,C,CG,G0,HD,N,OA"
CHEMBL512976,"tipo_invalido:CG,G0",33,"A,C,CG,Cl,G0,HD,N,OA"
CHEMBL512998,"tipo_invalido:CG,G0",41,"A,Br,C,CG,Cl,G0,HD,N,OA"
CHEMBL513006,"tipo_invalido:CG,G0",39,"A,C,CG,Cl,G0,HD,N,OA"
CHEMBL513010,"tipo_invalido:CG,G0",41,"A,C,CG,G0,HD,N,NA,OA"
CHEMBL513022,"tipo_invalido:CG,G0",21,"C,CG,G0,HD,OA"
CHEMBL513036,"tipo_invalido:CG,G0",47,"A,C,CG,G0,HD,N,OA"
CHEMBL513051,"tipo_invalido:CG,G0",27,"A,C,CG,F,G0,HD,N,NA,OA,S"
CHEMBL513137,"tipo_invalido:CG,G0",41,"A,C,CG,F,G0,HD,N,NA,OA"
CHEMBL51315,fallo_empirico_4_proteinas,27,"A,C,F,HD,N,NA,OA,S"
CHEMBL513152,"tipo_invalido:CG,G0",29,"C,CG,G0,HD,OA"
CHEMBL513190,"tipo_invalido:CG,G0",27,"C,CG,G0,OA"
CHEMBL513224,"tipo_invalido:CG,G0",26,"A,C,CG,G0,HD,NA,OA"
CHEMBL513226,"tipo_invalido:CG,G0",36,"A,C,CG,G0,HD,N,NA,OA"
CHEMBL513266,"tipo_invalido:CG,G0",26,"A,C,CG,G0,HD,N,NA,S"
CHEMBL513269,"tipo_invalido:CG,G0",25,"A,C,CG,G0,HD,OA"
CHEMBL513316,"tipo_invalido:CG,G0",32,"A,C,CG,G0,HD,N,NA,OA"
CHEMBL513324,"tipo_invalido:CG,G0",27,"A,C,CG,G0,N,OA"
CHEMBL513334,"tipo_invalido:CG,G0",41,"A,C,CG,F,G0,HD,N,NA,OA"
CHEMBL513372,"tipo_invalido:CG,G0",21,"C,CG,G0,HD,OA"
CHEMBL513397,"tipo_invalido:CG,G0",32,"A,C,CG,G0,NA,OA"
CHEMBL513420,"tipo_invalido:CG,G0",23,"C,CG,G0,HD,OA"
CHEMBL513421,"tipo_invalido:CG,G0",20,"C,CG,G0,HD,OA"
CHEMBL513425,"tipo_invalido:CG,G0",34,"A,C,CG,F,G0,HD,N,NA,OA"
CHEMBL513426,"tipo_invalido:CG,G0",29,"C,CG,G0,HD,OA"
CHEMBL513474,tipo_invalido:Si,25,"A,C,HD,NA,OA,Si"
CHEMBL513476,"tipo_invalido:CG,G0",39,"A,C,CG,G0,HD,NA,OA,S"
CHEMBL513490,"tipo_invalido:CG,G0",36,"A,C,CG,G0,HD,N,OA"
CHEMBL513539,"tipo_invalido:CG,G0",23,"C,CG,G0,OA"
CHEMBL513545,"tipo_invalido:CG,G0",33,"C,CG,G0,HD,OA"
CHEMBL513556,"tipo_invalido:CG,G0",33,"C,CG,G0,HD,N,OA"
CHEMBL513582,"tipo_invalido:CG,G0",34,"C,CG,G0,OA"
CHEMBL513585,"tipo_invalido:CG,G0",30,"A,C,CG,G0,HD,NA,OA"
CHEMBL513595,"tipo_invalido:CG,G0",46,"A,C,CG,G0,HD,N,OA"
CHEMBL513674,"tipo_invalido:CG,G0",39,"A,C,CG,F,G0,HD,NA,OA,S"
CHEMBL513693,"tipo_invalido:CG,G0",41,"A,C,CG,F,G0,HD,N,NA,OA"
CHEMBL513707,"tipo_invalido:CG,G0",26,"C,CG,G0,HD,OA"
CHEMBL513708,"tipo_invalido:CG,G0",25,"C,CG,G0,OA"
CHEMBL51371,fallo_empirico_4_proteinas,24,"A,C,Cl,HD,NA,OA"
CHEMBL513722,"tipo_invalido:CG,G0",32,"A,C,CG,G0,HD,OA"
CHEMBL513726,"tipo_invalido:CG,G0",41,"A,C,CG,G0,HD,NA,OA,S"
CHEMBL513733,"tipo_invalido:CG,G0",35,"C,CG,G0,HD,OA"
CHEMBL513735,"tipo_invalido:CG,G0",38,"A,C,CG,F,G0,NA,OA,S"
CHEMBL513736,"tipo_invalido:CG,G0",28,"A,C,CG,G0,NA,OA"
CHEMBL513752,"tipo_invalido:CG,G0",31,"A,C,CG,G0,OA"
CHEMBL513782,"tipo_invalido:CG,G0",15,"C,CG,G0,NA,OA,S"
CHEMBL513802,"tipo_invalido:CG,G0",21,"C,CG,G0,HD,OA"
CHEMBL513819,"tipo_invalido:CG,G0",32,"A,C,CG,G0,HD,N,NA,OA"
CHEMBL513832,"tipo_invalido:CG,G0",43,"A,Br,C,CG,G0,HD,N,OA"
CHEMBL513863,"tipo_invalido:CG,G0",28,"C,CG,G0,HD,N,OA"
CHEMBL513880,"tipo_invalido:CG,G0",40,"C,CG,G0,HD,OA"
CHEMBL513885,"tipo_invalido:CG,G0",40,"A,C,CG,G0,HD,N,OA"
CHEMBL513887,"tipo_invalido:CG,G0",40,"A,C,CG,G0,HD,N,OA,P"
CHEMBL513890,tipo_invalido:Si,35,"A,C,HD,N,OA,Si"
CHEMBL513917,"tipo_invalido:CG,G0",40,"A,C,CG,G0,HD,OA"
CHEMBL513920,"tipo_invalido:CG,G0",37,"C,CG,G0,OA"
CHEMBL513927,"tipo_invalido:CG,G0",22,"C,CG,G0,HD,OA"
CHEMBL513929,"tipo_invalido:CG,G0",29,"A,C,CG,G0,HD,N,NA,OA"
CHEMBL513934,"tipo_invalido:CG,G0",21,"C,CG,G0,OA"
CHEMBL513959,"tipo_invalido:CG,G0",49,"A,C,CG,G0,HD,N,NA,OA,P"
CHEMBL514017,"tipo_invalido:CG,G0",41,"C,CG,G0,HD,OA"
CHEMBL514024,"tipo_invalido:CG,G0",27,"A,C,CG,G0,HD,N,NA,S"
CHEMBL514089,"tipo_invalido:CG,G0",32,"A,C,CG,G0,HD,OA"
CHEMBL514129,"tipo_invalido:CG,G0",25,"A,C,CG,G0,HD,NA,OA"
CHEMBL514130,"tipo_invalido:CG,G0",25,"A,C,CG,G0,NA,OA"
CHEMBL514152,"tipo_invalido:CG,G0",34,"A,C,CG,Cl,G0,HD,N,NA,OA"
CHEMBL514212,"tipo_invalido:CG,G0",26,"C,CG,G0,OA"
CHEMBL514244,"tipo_invalido:CG,G0",45,"A,C,CG,G0,HD,N,OA"
CHEMBL514247,"tipo_invalido:CG,G0",27,"A,C,CG,G0,HD,N,OA"
CHEMBL514281,"tipo_invalido:CG,G0",37,"C,CG,G0,HD,OA"
CHEMBL514282,"tipo_invalido:CG,G0",43,"A,C,CG,G0,HD,N,OA"
CHEMBL514318,"tipo_invalido:CG,G0",41,"A,C,CG,G0,HD,N,OA"
CHEMBL514321,"tipo_invalido:CG,G0",30,"A,C,CG,F,G0,HD,N,NA,OA"
CHEMBL514330,"tipo_invalido:CG,G0",45,"A,C,CG,G0,HD,N,OA"
CHEMBL514338,"tipo_invalido:CG,G0",27,"A,C,CG,Cl,G0,HD,N,NA,OA,S"
CHEMBL514341,"tipo_invalido:CG,G0",43,"A,C,CG,G0,HD,OA"
CHEMBL514370,"tipo_invalido:CG,G0",40,"A,C,CG,G0,HD,NA,OA"
CHEMBL514377,"tipo_invalido:CG,G0",34,"A,C,CG,G0,HD,N,NA,OA"
CHEMBL514388,"tipo_invalido:CG,G0",43,"A,C,CG,G0,HD,OA"
CHEMBL51439,fallo_empirico_4_proteinas,22,"A,Br,C,Cl,HD,N,NA,OA"
CHEMBL514429,"tipo_invalido:CG,G0",37,"A,C,CG,G0,N,NA,OA"
CHEMBL514437,"tipo_invalido:CG,G0",32,"A,C,CG,G0,N,NA,OA"
CHEMBL514445,"tipo_invalido:CG,G0",37,"A,C,CG,G0,HD,N,NA,OA"
CHEMBL514474,"tipo_invalido:CG,G0",23,"A,C,CG,G0,HD,N,OA"
CHEMBL514492,"tipo_invalido:CG,G0",37,"A,C,CG,G0,HD,OA"
CHEMBL514496,"tipo_invalido:CG,G0",31,"A,C,CG,G0,HD,N,OA"
CHEMBL514497,"tipo_invalido:CG,G0",40,"A,C,CG,G0,N,NA,OA"
CHEMBL514518,"tipo_invalido:CG,G0",30,"C,CG,G0,HD,OA"
CHEMBL514529,"tipo_invalido:CG,G0",36,"A,C,CG,G0,HD,OA"
CHEMBL514654,"tipo_invalido:CG,G0",31,"A,C,CG,F,G0,HD,N,OA"
CHEMBL514664,"tipo_invalido:CG,G0",42,"A,C,CG,G0,HD,N,NA,OA"
CHEMBL514675,"tipo_invalido:CG,G0",44,"C,CG,G0,HD,N,OA"
CHEMBL514710,tipo_invalido:Si,28,"A,C,NA,OA,P,S,Si"
CHEMBL514736,"tipo_invalido:CG,G0",29,"C,CG,G0,HD,OA"
CHEMBL514772,"tipo_invalido:CG,G0",42,"A,C,CG,Cl,F,G0,HD,N,NA,OA"
CHEMBL514773,"tipo_invalido:CG,G0",43,"A,C,CG,G0,HD,N,OA"
CHEMBL514779,"tipo_invalido:CG,G0",39,"A,C,CG,G0,HD,N,NA,OA"
CHEMBL514818,"tipo_invalido:CG,G0",29,"A,Br,C,CG,G0,HD,N,NA,OA,S"
CHEMBL514837,"tipo_invalido:CG,G0",37,"A,C,CG,G0,HD,N,NA,OA"
CHEMBL514856,tipo_invalido:B,29,"A,B,C,F,N,OA"
CHEMBL514859,"tipo_invalido:CG,G0",43,"A,C,CG,G0,HD,N,OA"
CHEMBL514869,"tipo_invalido:CG,G0",33,"A,C,CG,G0,HD,N,NA,OA,S"
CHEMBL514897,"tipo_invalido:CG,G0",24,"C,CG,G0,OA"
CHEMBL514903,"tipo_invalido:CG,G0",27,"A,C,CG,G0,HD,N,OA"
CHEMBL514914,"tipo_invalido:CG,G0",38,"A,C,CG,G0,OA"
CHEMBL514916,"tipo_invalido:CG,G0",31,"A,C,CG,G0,HD,N,OA"
CHEMBL514920,"tipo_invalido:CG,G0,G1",42,"C,CG,G0,G1,HD,OA"
CHEMBL514926,"tipo_invalido:CG,G0",20,"A,C,CG,G0,HD,OA"
CHEMBL514943,"tipo_invalido:CG,G0",39,"C,CG,G0,HD,OA"
CHEMBL51495,fallo_empirico_4_proteinas,41,"A,C,HD,N,NA,OA"
CHEMBL514952,"tipo_invalido:CG,G0",46,"C,CG,G0,HD,OA"
CHEMBL514969,"tipo_invalido:CG,G0",27,"A,C,CG,G0,HD,N,OA"
CHEMBL515023,"tipo_invalido:CG,G0",40,"A,Br,C,CG,G0,HD,N,NA,OA"
CHEMBL51503,fallo_empirico_4_proteinas,25,"A,C,Cl,HD,NA,OA"
CHEMBL51504,fallo_empirico_4_proteinas,35,"C,Cl,HD,N,NA,OA"
CHEMBL515060,"tipo_invalido:CG,G0",28,"C,CG,G0,HD,OA"
CHEMBL515061,"tipo_invalido:CG,G0",24,"C,CG,G0,OA"
CHEMBL515064,"tipo_invalido:CG,G0",24,"C,CG,G0,OA"
CHEMBL515145,"tipo_invalido:CG,G0",43,"A,C,CG,G0,HD,N,OA"
CHEMBL515163,"tipo_invalido:CG,G0",27,"C,CG,G0,HD,OA"
CHEMBL515170,"tipo_invalido:CG,G0",28,"A,C,CG,F,G0,HD,N,OA"
CHEMBL515174,"tipo_invalido:CG,G0",34,"A,C,CG,G0,HD,OA"
CHEMBL515185,"tipo_invalido:CG,G0",27,"A,C,CG,G0,HD,NA"
CHEMBL515268,"tipo_invalido:CG,G0",34,"A,C,CG,G0,HD,I,N,NA,OA"
CHEMBL515273,"tipo_invalido:CG,G0",44,"A,C,CG,F,G0,HD,N,NA,OA,S"
CHEMBL515288,"tipo_invalido:CG,G0",34,"A,C,CG,G0,HD,I,N,NA,OA"
CHEMBL51530,tipo_invalido:Na,32,"A,C,Na,OA"
CHEMBL515304,"tipo_invalido:CG,G0",28,"C,CG,G0,OA"
CHEMBL515324,"tipo_invalido:CG,G0",39,"A,C,CG,G0,HD,N,OA"
CHEMBL515331,"tipo_invalido:CG,G0",41,"A,C,CG,G0,HD,N,NA,OA"
CHEMBL515355,"tipo_invalido:CG,G0",37,"A,C,CG,G0,HD,N,NA,OA"
CHEMBL515362,"tipo_invalido:CG,G0",34,"A,C,CG,F,G0,N,NA,OA"
CHEMBL515380,"tipo_invalido:CG,G0",23,"C,CG,G0,OA"
CHEMBL51540,fallo_empirico_4_proteinas,24,"A,C,Cl,HD,N,NA"
CHEMBL515407,"tipo_invalido:CG,G0",28,"A,C,CG,F,G0,HD,N,OA"
CHEMBL51541,fallo_empirico_4_proteinas,24,"A,C,Cl,HD,N,NA"
CHEMBL515460,"tipo_invalido:CG,G0",47,"A,CG,G0,HD,OA"
CHEMBL51549,fallo_empirico_4_proteinas,31,"A,C,Cl,N,OA"
CHEMBL515501,"tipo_invalido:CG,G0",34,"C,CG,G0,NA,OA"
CHEMBL515520,"tipo_invalido:CG,G0",42,"A,C,CG,Cl,G0,HD,N,NA,OA"
CHEMBL515550,"tipo_invalido:CG,G0",41,"A,C,CG,G0,HD,NA,OA"
CHEMBL515601,"tipo_invalido:CG,G0",46,"A,C,CG,G0,HD,N,OA"
CHEMBL515605,"tipo_invalido:CG,G0",26,"A,C,CG,G0,HD,N,NA,OA,S"
CHEMBL515606,"tipo_invalido:CG,G0",34,"A,C,CG,G0,HD,N,NA,OA"
CHEMBL515607,"tipo_invalido:CG,G0",39,"A,C,CG,G0,HD,N,OA"
CHEMBL51561,fallo_empirico_4_proteinas,40,"A,C,HD,N,NA,OA,S"
CHEMBL515610,tipo_invalido:Si,34,"A,C,HD,N,NA,OA,Si"
CHEMBL515624,"tipo_invalido:CG,G0",27,"A,C,CG,Cl,G0,HD,N,NA,OA,S"
CHEMBL51563,fallo_empirico_4_proteinas,27,"A,Br,C,N,OA"
CHEMBL515694,"tipo_invalido:CG,G0",38,"A,C,CG,G0,HD,N,NA,OA"
CHEMBL515721,"tipo_invalido:CG,G0",28,"A,C,CG,F,G0,HD,N,NA,OA"
CHEMBL515748,"tipo_invalido:CG,G0",43,"A,C,CG,G0,HD,N,OA"
CHEMBL515762,"tipo_invalido:CG,G0",47,"A,C,CG,G0,HD,N,OA,P"
CHEMBL515806,"tipo_invalido:CG,G0",40,"A,C,CG,G0,HD,N,OA"
CHEMBL515809,tipo_invalido:Si,33,"A,C,F,NA,OA,P,S,Si"
CHEMBL515813,"tipo_invalido:CG,G0",39,"A,C,CG,G0,HD,NA,OA"
CHEMBL515815,"tipo_invalido:CG,G0",31,"C,CG,G0,HD,OA"
CHEMBL515840,"tipo_invalido:CG,G0",25,"A,C,CG,G0,NA,OA"
CHEMBL515850,"tipo_invalido:CG,G0",31,"C,CG,G0,HD,OA"
CHEMBL515882,"tipo_invalido:CG,G0",40,"A,C,CG,G0,HD,N,NA,OA,SA"
CHEMBL515896,"tipo_invalido:CG,G0",43,"C,CG,G0,HD,OA"
CHEMBL515910,"tipo_invalido:CG,G0",40,"A,C,CG,G0,HD,N,NA,OA"
CHEMBL515928,"tipo_invalido:CG,G0",42,"A,C,CG,G0,HD,OA"
CHEMBL515963,"tipo_invalido:CG,G0",43,"A,C,CG,G0,HD,N,OA"
CHEMBL515968,tipo_invalido:Si,31,"A,C,NA,OA,P,S,Si"
CHEMBL515974,"tipo_invalido:CG,G0",24,"C,CG,G0,OA"
CHEMBL515976,"tipo_invalido:CG,G0",30,"A,C,CG,F,G0,HD,N,OA"
CHEMBL515987,"tipo_invalido:CG,G0",29,"C,CG,G0,HD,OA"
CHEMBL515994,"tipo_invalido:CG,G0",29,"A,C,CG,F,G0,HD,N,NA,OA"
CHEMBL516005,"tipo_invalido:CG,G0",30,"A,C,CG,G0,HD,N,OA,S"
CHEMBL516011,"tipo_invalido:CG,G0",27,"A,C,CG,G0,NA,OA"
CHEMBL516013,"tipo_invalido:CG,G0",24,"C,CG,G0,OA"
CHEMBL516023,"tipo_invalido:CG,G0",32,"A,C,CG,G0,HD,N,OA"
CHEMBL516054,"tipo_invalido:CG,G0",43,"C,CG,G0,HD,N,OA"
CHEMBL516093,"tipo_invalido:CG,G0",40,"A,C,CG,G0,HD,N,OA"
CHEMBL516103,"tipo_invalido:CG,G0",37,"C,CG,G0,HD,OA"
CHEMBL516104,"tipo_invalido:CG,G0",22,"C,CG,G0,HD,OA"
CHEMBL516117,"tipo_invalido:CG,G0,G1",34,"C,CG,G0,G1,HD,OA"
CHEMBL516130,"tipo_invalido:CG,G0",28,"C,CG,G0,OA"
CHEMBL516131,tipo_invalido:Si,32,"A,C,N,NA,OA,P,S,Si"
CHEMBL516138,"tipo_invalido:CG,G0",29,"A,C,CG,F,G0,N,NA,OA"
CHEMBL516148,"tipo_invalido:CG,G0",24,"C,CG,G0,OA"
CHEMBL516150,"tipo_invalido:CG,G0",26,"A,C,CG,G0,NA,OA,S"
CHEMBL516156,"tipo_invalido:CG,G0",40,"C,CG,Cl,G0,HD,OA"
CHEMBL516174,"tipo_invalido:CG,G0",42,"A,Br,C,CG,G0,HD,N,NA,OA"
CHEMBL516178,"tipo_invalido:CG,G0",24,"C,CG,G0,OA"
CHEMBL516179,"tipo_invalido:CG,G0",25,"C,CG,G0,OA"
CHEMBL516180,"tipo_invalido:CG,G0",31,"A,C,CG,G0,N,NA,OA,S"
CHEMBL516208,"tipo_invalido:CG,G0",39,"C,CG,G0,HD,OA"
CHEMBL516210,"tipo_invalido:CG,G0",34,"A,C,CG,G0,HD,N,OA,SA"
CHEMBL516237,"tipo_invalido:CG,G0",39,"C,CG,G0,HD,OA"
CHEMBL516239,"tipo_invalido:CG,G0",26,"A,C,CG,G0,HD,N,NA,S"
CHEMBL516240,"tipo_invalido:CG,G0",26,"A,C,CG,G0,HD,N,NA,S"
CHEMBL516249,"tipo_invalido:CG,G0",37,"C,CG,G0,HD,NA,OA"
CHEMBL516268,"tipo_invalido:CG,G0",29,"C,CG,G0,NA,OA,S"
CHEMBL516298,"tipo_invalido:CG,G0",32,"A,C,CG,G0,N,NA,OA"
CHEMBL516303,fallo_empirico_4_proteinas,131,"A,C,HD,N,NA,OA"
CHEMBL516305,"tipo_invalido:CG,G0",38,"A,C,CG,G0,OA"
CHEMBL516311,"tipo_invalido:CG,G0",20,"A,C,CG,G0,OA"
CHEMBL516317,"tipo_invalido:CG,G0",28,"A,C,CG,F,G0,HD,N,OA"
CHEMBL51632,fallo_empirico_4_proteinas,26,"A,C,Cl,HD,N,NA,OA"
CHEMBL516336,"tipo_invalido:CG,G0",26,"C,CG,G0,OA"
CHEMBL516341,"tipo_invalido:CG,G0",36,"C,CG,G0,HD,N,OA"
CHEMBL516354,"tipo_invalido:CG,G0",44,"C,CG,G0,HD,N,OA"
CHEMBL516381,"tipo_invalido:CG,G0",33,"A,C,CG,Cl,G0,HD,I,N,NA,OA"
CHEMBL516393,"tipo_invalido:CG,G0",28,"A,C,CG,G0,HD,N,NA,OA,S"
CHEMBL516403,"tipo_invalido:CG,G0",37,"A,C,CG,G0,HD,OA"
CHEMBL516412,"tipo_invalido:CG,G0",29,"C,CG,G0,HD,OA"
CHEMBL516449,"tipo_invalido:CG,G0",38,"A,C,CG,G0,HD,N,NA,OA"
CHEMBL516469,"tipo_invalido:CG,G0",23,"A,C,CG,G0,HD,N,OA"
CHEMBL516473,"tipo_invalido:CG,G0",36,"A,C,CG,G0,HD,NA,OA,S"
CHEMBL516499,"tipo_invalido:CG,G0",29,"A,C,CG,G0,N,NA,OA,SA"
CHEMBL516513,"tipo_invalido:CG,G0",30,"A,C,CG,G0,HD,NA,OA"
CHEMBL516524,"tipo_invalido:CG,G0,G1",24,"C,CG,G0,G1,HD,OA"
CHEMBL516526,"tipo_invalido:CG,G0",36,"C,CG,G0,OA"
CHEMBL516529,"tipo_invalido:CG,G0",39,"C,CG,G0,HD,OA"
CHEMBL516540,"tipo_invalido:CG,G0",32,"C,CG,G0,HD,OA"
CHEMBL516546,"tipo_invalido:CG,G0",43,"C,CG,G0,HD,N,OA"
CHEMBL516549,"tipo_invalido:CG,G0",27,"C,CG,G0,HD,OA"
CHEMBL516555,"tipo_invalido:CG,G0",41,"A,C,CG,G0,HD,OA"
CHEMBL516557,"tipo_invalido:CG,G0",44,"C,CG,G0,HD,OA"
CHEMBL516561,"tipo_invalido:CG,G0",20,"C,CG,G0,OA"
CHEMBL516563,"tipo_invalido:CG,G0",25,"C,CG,G0,HD,OA"
CHEMBL516569,"tipo_invalido:CG,G0",20,"C,CG,G0,HD,OA"
CHEMBL516572,"tipo_invalido:CG,G0",21,"C,CG,G0,HD,OA"
CHEMBL516577,"tipo_invalido:CG,G0",23,"A,C,CG,G0,HD,OA"
CHEMBL516578,"tipo_invalido:CG,G0",27,"A,C,CG,G0,HD,OA"
CHEMBL516596,"tipo_invalido:CG,G0",33,"A,C,CG,G0,NA,OA"
CHEMBL516614,"tipo_invalido:CG,G0",34,"C,CG,G0,HD,OA"
CHEMBL516627,"tipo_invalido:CG,G0",38,"A,C,CG,G0,HD,N,OA"
CHEMBL516629,"tipo_invalido:CG,G0",37,"A,C,CG,G0,HD,N,OA"
CHEMBL516649,"tipo_invalido:CG,G0",34,"A,C,CG,Cl,G0,N,NA,OA"
CHEMBL516665,"tipo_invalido:CG,G0",26,"A,C,CG,G0,HD,OA"
CHEMBL516667,"tipo_invalido:CG,G0",30,"A,C,CG,G0,HD,NA,OA,SA"
CHEMBL516669,"tipo_invalido:CG,G0",45,"C,CG,G0,HD,OA"
CHEMBL516678,"tipo_invalido:CG,G0",38,"C,CG,G0,HD,OA"
CHEMBL516684,"tipo_invalido:CG,G0",32,"C,CG,G0,HD,OA"
CHEMBL516690,"tipo_invalido:CG,G0,G1",31,"C,CG,G0,G1,OA"
CHEMBL516694,"tipo_invalido:CG,G0",28,"A,C,CG,G0,HD,OA"
CHEMBL516704,"tipo_invalido:CG,G0",28,"C,CG,G0,HD,OA"
CHEMBL516705,"tipo_invalido:CG,G0",34,"C,CG,G0,OA"
CHEMBL516706,"tipo_invalido:CG,G0,G1",33,"C,CG,G0,G1,HD,OA"
CHEMBL516712,"tipo_invalido:CG,G0",23,"C,CG,G0,OA"
CHEMBL516714,"tipo_invalido:CG,G0",36,"C,CG,G0,HD,OA"
CHEMBL516718,"tipo_invalido:CG,G0",34,"A,C,CG,G0,HD,OA"
CHEMBL516726,tipo_invalido:B,26,"A,B,C,F,OA"
CHEMBL516739,"tipo_invalido:CG,G0",27,"C,CG,G0,HD,OA"
CHEMBL516756,"tipo_invalido:CG,G0",20,"C,CG,G0,HD,OA"
CHEMBL516773,"tipo_invalido:CG,G0",33,"A,C,CG,F,G0,HD,N,NA,OA,S"
CHEMBL516780,"tipo_invalido:CG,G0",22,"C,CG,G0,HD,OA"
CHEMBL516788,"tipo_invalido:CG,G0",34,"A,C,CG,G0,HD,N,OA"
CHEMBL516791,"tipo_invalido:CG,G0",24,"A,C,CG,G0,N,NA,OA,SA"
CHEMBL516829,"tipo_invalido:CG,G0",21,"C,CG,G0,OA"
CHEMBL516834,"tipo_invalido:CG,G0",40,"C,CG,G0,HD,N,OA"
CHEMBL516856,"tipo_invalido:CG,G0",35,"C,CG,G0,OA"
CHEMBL516857,"tipo_invalido:CG,G0",37,"C,CG,G0,HD,OA"
CHEMBL516861,"tipo_invalido:CG,G0",31,"A,C,CG,G0,HD,OA"
CHEMBL516867,"tipo_invalido:CG,G0",41,"A,C,CG,G0,HD,N,NA,OA"
CHEMBL516873,"tipo_invalido:CG,G0",29,"C,CG,G0,HD,OA"
CHEMBL516875,"tipo_invalido:CG,G0",22,"C,CG,G0,HD,OA"
CHEMBL516879,"tipo_invalido:CG,G0",32,"C,CG,G0,HD,NA,OA"
CHEMBL516880,"tipo_invalido:CG,G0",26,"C,CG,G0,N,OA"
CHEMBL516882,"tipo_invalido:CG,G0",29,"C,CG,G0,HD,OA"
CHEMBL516898,"tipo_invalido:CG,G0",22,"C,CG,G0,HD,OA"
CHEMBL516919,"tipo_invalido:CG,G0",44,"A,C,CG,G0,HD,I,N,OA"
CHEMBL516928,"tipo_invalido:CG,G0",19,"C,CG,G0,HD,OA"
CHEMBL516936,"tipo_invalido:CG,G0",34,"A,C,CG,G0,HD,N,NA,OA"
CHEMBL516957,"tipo_invalido:CG,G0",29,"A,C,CG,G0,HD,N,OA"
CHEMBL516983,"tipo_invalido:CG,G0",28,"C,CG,G0,OA"
CHEMBL516985,"tipo_invalido:CG,G0",40,"A,C,CG,G0,HD,N,OA"
CHEMBL516990,"tipo_invalido:CG,G0",37,"C,CG,G0,HD,OA"
CHEMBL516995,"tipo_invalido:CG,G0",28,"C,CG,G0,HD,OA"
CHEMBL517001,"tipo_invalido:CG,G0",42,"A,C,CG,G0,HD,N,OA"
CHEMBL517036,"tipo_invalido:CG,G0",41,"A,C,CG,G0,HD,N,NA,OA"
CHEMBL517040,"tipo_invalido:CG,G0",20,"C,CG,G0,OA"
CHEMBL517043,"tipo_invalido:CG,G0",25,"C,CG,G0,OA"
CHEMBL517052,"tipo_invalido:CG,G0",21,"C,CG,G0,HD,OA,SA"
CHEMBL517060,"tipo_invalido:CG,G0",28,"C,CG,G0,OA"
CHEMBL517064,"tipo_invalido:CG,G0",45,"A,C,CG,G0,HD,N,OA"
CHEMBL517066,"tipo_invalido:CG,G0,G1",35,"C,CG,G0,G1,HD,OA"
CHEMBL517083,"tipo_invalido:CG,G0",33,"A,C,CG,G0,HD,N,OA"
CHEMBL517126,"tipo_invalido:CG,G0",42,"A,C,CG,G0,HD,N,NA,OA,S"
CHEMBL517148,"tipo_invalido:CG,G0",29,"C,CG,G0,HD,OA"
CHEMBL517150,"tipo_invalido:CG,G0",39,"A,C,CG,G0,HD,N,OA"
CHEMBL517176,"tipo_invalido:CG,G0",30,"A,C,CG,G0,HD,OA"
CHEMBL517183,"tipo_invalido:CG,G0",36,"C,CG,G0,HD,NA,OA"
CHEMBL517184,"tipo_invalido:CG,G0",29,"A,C,CG,G0,HD,N,NA,OA"
CHEMBL517186,"tipo_invalido:CG,G0",30,"A,C,CG,G0,HD,NA,OA"
CHEMBL517188,"tipo_invalido:CG,G0",31,"C,CG,G0,OA"
CHEMBL517193,"tipo_invalido:CG,G0",34,"C,CG,G0,HD,NA,OA"
CHEMBL517219,"tipo_invalido:CG,G0,G1",37,"C,CG,G0,G1,HD,OA"
CHEMBL517220,"tipo_invalido:CG,G0",42,"A,Br,C,CG,G0,HD,N,NA,OA"
CHEMBL517237,"tipo_invalido:CG,G0",43,"C,CG,G0,HD,OA"
CHEMBL517241,"tipo_invalido:CG,G0",33,"A,Br,C,CG,G0,HD,N,NA,OA,S"
CHEMBL517253,"tipo_invalido:CG,G0",32,"A,C,CG,G0,HD,OA"
CHEMBL517271,"tipo_invalido:CG,G0",31,"A,C,CG,G0,HD,N,OA"
CHEMBL517284,"tipo_invalido:CG,G0",29,"A,C,CG,G0,HD,N,OA"
CHEMBL517291,"tipo_invalido:CG,G0",26,"A,C,CG,G0,N,NA,OA"
CHEMBL517297,"tipo_invalido:CG,G0",28,"C,CG,G0,HD,OA"
CHEMBL517302,"tipo_invalido:CG,G0",33,"C,CG,G0,HD,OA"
CHEMBL517303,"tipo_invalido:CG,G0",35,"C,CG,G0,HD,OA"
CHEMBL517308,"tipo_invalido:CG,G0",31,"C,CG,G0,HD,OA"
CHEMBL517318,"tipo_invalido:CG,G0",27,"A,C,CG,G0,HD,N,OA"
CHEMBL517319,"tipo_invalido:CG,G0",26,"A,C,CG,G0,HD,NA,OA"
CHEMBL517322,"tipo_invalido:CG,G0",29,"C,CG,G0,HD,OA"
CHEMBL517325,"tipo_invalido:CG,G0",25,"C,CG,G0,OA"
CHEMBL517336,"tipo_invalido:CG,G0",42,"C,CG,G0,HD,OA"
CHEMBL517337,"tipo_invalido:CG,G0",24,"C,CG,G0,OA"
CHEMBL517344,"tipo_invalido:CG,G0",27,"C,CG,G0,OA,S"
CHEMBL517363,"tipo_invalido:CG,G0,G1",31,"C,CG,G0,G1,OA"
CHEMBL517368,"tipo_invalido:CG,G0",38,"A,C,CG,G0,OA"
CHEMBL517375,"tipo_invalido:CG,G0",29,"C,CG,G0,NA,OA"
CHEMBL517380,"tipo_invalido:CG,G0",29,"A,C,CG,G0,HD,NA,OA"
CHEMBL517394,"tipo_invalido:CG,G0",24,"C,CG,G0,HD,OA"
CHEMBL517398,"tipo_invalido:CG,G0",36,"A,C,CG,G0,HD,NA,OA,S"
CHEMBL51742,tipo_invalido:Na,28,"A,C,N,Na,OA"
CHEMBL517446,"tipo_invalido:CG,G0",26,"C,CG,G0,HD,OA"
CHEMBL517457,"tipo_invalido:CG,G0",28,"C,CG,G0,HD,OA"
CHEMBL517459,"tipo_invalido:CG,G0",31,"C,CG,G0,HD,OA"
CHEMBL517460,"tipo_invalido:CG,G0",30,"C,CG,G0,HD,OA"
CHEMBL517471,"tipo_invalido:CG,G0",24,"C,CG,G0,OA"
CHEMBL517476,"tipo_invalido:CG,G0",39,"C,CG,G0,HD,N,NA,OA"
CHEMBL517478,"tipo_invalido:CG,G0",31,"C,CG,G0,HD,OA"
CHEMBL517485,"tipo_invalido:CG,G0",39,"A,C,CG,G0,HD,N,OA"
CHEMBL517503,"tipo_invalido:CG,G0",25,"A,C,CG,G0,HD,N,NA,OA,S"
CHEMBL517504,"tipo_invalido:CG,G0",26,"A,C,CG,Cl,G0,HD,N,OA"
CHEMBL517508,"tipo_invalido:CG,G0",20,"C,CG,G0,HD,OA,SA"
CHEMBL517513,"tipo_invalido:CG,G0",23,"C,CG,G0,HD,OA"
CHEMBL517525,"tipo_invalido:CG,G0",40,"A,C,CG,G0,HD,N,NA,OA"
CHEMBL517529,"tipo_invalido:CG,G0",28,"C,CG,G0,HD,OA"
CHEMBL517536,"tipo_invalido:CG,G0",22,"C,CG,G0"
CHEMBL517546,"tipo_invalido:CG,G0",25,"C,CG,G0,OA"
CHEMBL51755,fallo_empirico_4_proteinas,30,"A,C,Cl,N,OA"
CHEMBL517586,"tipo_invalido:CG,G0",39,"A,C,CG,G0,HD,OA"
CHEMBL517605,"tipo_invalido:CG,G0",38,"C,CG,G0,HD,N,NA,OA"
CHEMBL517613,"tipo_invalido:CG,G0",29,"C,CG,G0,HD,OA"
CHEMBL517615,"tipo_invalido:CG,G0",49,"C,CG,G0,HD,N,OA"
CHEMBL517617,"tipo_invalido:CG,G0",39,"A,C,CG,G0,OA"
CHEMBL517627,"tipo_invalido:CG,G0",31,"C,CG,G0,OA"
CHEMBL517629,"tipo_invalido:CG,G0",33,"A,C,CG,G0,HD,OA"
CHEMBL517645,"tipo_invalido:CG,G0",40,"A,C,CG,G0,HD,N,OA"
CHEMBL517654,"tipo_invalido:CG,G0",34,"A,C,CG,G0,HD,OA"
CHEMBL517658,tipo_invalido:Si,24,"A,C,OA,Si"
CHEMBL517659,"tipo_invalido:CG,G0",18,"C,CG,G0,HD,OA"
CHEMBL517670,"tipo_invalido:CG,G0",46,"A,C,CG,G0,HD,N,OA"
CHEMBL517688,"tipo_invalido:CG,G0",27,"A,Br,C,CG,G0,HD,N,NA,OA"
CHEMBL51769,tipo_invalido:Na,32,"A,C,Cl,HD,N,NA,Na,OA,S"
CHEMBL517694,"tipo_invalido:CG,G0",40,"A,C,CG,G0,HD,N,NA,OA"
CHEMBL517705,"tipo_invalido:CG,G0",30,"C,CG,G0,HD,OA"
CHEMBL517713,"tipo_invalido:CG,G0",37,"A,C,CG,G0,HD,NA,OA,S"
CHEMBL517719,"tipo_invalido:CG,G0",39,"A,C,CG,G0,HD,NA,OA,S"
CHEMBL517737,"tipo_invalido:CG,G0",32,"A,C,CG,F,G0,HD,N,NA,OA,S"
CHEMBL517753,"tipo_invalido:CG,G0",34,"A,C,CG,Cl,G0,N,NA,OA"
CHEMBL517758,"tipo_invalido:CG,G0",37,"A,C,CG,G0,HD,OA"
CHEMBL517774,"tipo_invalido:CG,G0",37,"C,CG,G0,HD,OA"
CHEMBL517775,"tipo_invalido:CG,G0",29,"C,CG,G0,HD,OA"
CHEMBL517781,"tipo_invalido:CG,G0",36,"A,C,CG,G0,HD,OA"
CHEMBL517786,"tipo_invalido:CG,G0",21,"C,CG,G0,OA"
CHEMBL517797,"tipo_invalido:CG,G0",41,"C,CG,G0,HD,OA"
CHEMBL517799,"tipo_invalido:CG,G0",42,"C,CG,Cl,G0,HD,OA"
CHEMBL517824,"tipo_invalido:CG,G0",25,"C,CG,G0,HD,OA"
CHEMBL517828,"tipo_invalido:CG,G0",26,"A,C,CG,G0,HD,N,NA,OA,S"
CHEMBL517852,"tipo_invalido:CG,G0",38,"C,CG,G0,HD,OA"
CHEMBL517853,"tipo_invalido:CG,G0",47,"A,C,CG,Cl,G0,HD,N,OA"
CHEMBL517871,"tipo_invalido:CG,G0",37,"C,CG,G0,HD,OA"
CHEMBL517894,"tipo_invalido:CG,G0",32,"A,C,CG,F,G0,HD,N,NA,OA,S,SA"
CHEMBL517914,"tipo_invalido:CG,G0",26,"A,C,CG,G0,HD,OA"
CHEMBL517917,"tipo_invalido:CG,G0",23,"C,CG,G0,HD,OA"
CHEMBL517926,"tipo_invalido:CG,G0",27,"C,CG,G0,OA"
CHEMBL517931,"tipo_invalido:CG,G0",39,"C,CG,G0,HD,OA"
CHEMBL517959,"tipo_invalido:CG,G0,G1",32,"C,CG,G0,G1,HD,OA"
CHEMBL517984,"tipo_invalido:CG,G0",23,"Br,C,CG,G0,HD,OA"
CHEMBL517987,"tipo_invalido:CG,G0",34,"A,C,CG,G0,HD,N,OA"
CHEMBL517990,"tipo_invalido:CG,G0,G1",32,"C,CG,G0,G1,HD,OA"
CHEMBL51800,fallo_empirico_4_proteinas,37,"A,C,Cl,N,OA"
CHEMBL518008,"tipo_invalido:CG,G0",21,"C,CG,G0,HD,OA"
CHEMBL518009,"tipo_invalido:CG,G0",24,"C,CG,G0,HD,OA"
CHEMBL518016,"tipo_invalido:CG,G0",36,"A,C,CG,G0,HD,NA,OA,S"
CHEMBL518054,"tipo_invalido:CG,G0",29,"A,C,CG,G0,HD,OA"
CHEMBL518065,"tipo_invalido:CG,G0",34,"A,C,CG,G0,HD,OA"
CHEMBL518068,"tipo_invalido:CG,G0,G1",32,"C,CG,G0,G1,HD,OA"
CHEMBL518078,"tipo_invalido:CG,G0",31,"C,CG,G0,HD,OA"
CHEMBL518082,fallo_empirico_4_proteinas,141,"C,HD,N,OA"
CHEMBL518086,"tipo_invalido:CG,G0",34,"A,C,CG,G0,HD,N,NA,OA"
CHEMBL518098,"tipo_invalido:CG,G0",31,"A,C,CG,G0,HD,OA"
CHEMBL518104,"tipo_invalido:CG,G0",25,"C,CG,G0,OA"
CHEMBL518107,"tipo_invalido:CG,G0",35,"A,C,CG,G0,HD,OA"
CHEMBL518108,"tipo_invalido:CG,G0",31,"A,C,CG,G0,HD,OA"
CHEMBL518127,"tipo_invalido:CG,G0",40,"A,C,CG,G0,HD,N,OA"
CHEMBL518134,tipo_invalido:Si,22,"A,C,N,OA,Si"
CHEMBL518136,"tipo_invalido:CG,G0",27,"C,CG,G0,HD,OA"
CHEMBL518139,"tipo_invalido:CG,G0",25,"C,CG,G0,HD,OA"
CHEMBL518145,"tipo_invalido:CG,G0",31,"C,CG,G0,HD,OA"
CHEMBL518153,"tipo_invalido:CG,G0",28,"A,C,CG,G0,N,NA,OA,S"
CHEMBL518172,"tipo_invalido:CG,G0",33,"A,C,CG,Cl,G0,HD,N,OA,S"
CHEMBL518180,"tipo_invalido:CG,G0",28,"A,C,CG,F,G0,HD,N,OA"
CHEMBL518181,"tipo_invalido:CG,G0",28,"A,C,CG,F,G0,HD,N,OA"
CHEMBL518188,"tipo_invalido:CG,G0",31,"A,C,CG,Cl,G0,HD,N,NA,OA,S"
CHEMBL518194,"tipo_invalido:CG,G0",31,"C,CG,G0,HD,OA"
CHEMBL518197,tipo_invalido:Si,29,"A,C,N,NA,OA,Si"
CHEMBL518210,"tipo_invalido:CG,G0",27,"C,CG,G0,OA"
CHEMBL518212,"tipo_invalido:CG,G0",34,"C,CG,G0,HD,OA"
CHEMBL518215,"tipo_invalido:CG,G0",36,"C,CG,G0,HD,OA"
CHEMBL518220,"tipo_invalido:CG,G0",27,"C,CG,G0,OA"
CHEMBL518225,"tipo_invalido:CG,G0,G1",44,"A,C,CG,G0,G1,HD,N,OA"
CHEMBL518239,"tipo_invalido:CG,G0",37,"A,C,CG,G0,OA"
CHEMBL518241,"tipo_invalido:CG,G0",31,"C,CG,G0,HD,OA"
CHEMBL518246,"tipo_invalido:CG,G0",27,"A,C,CG,G0,OA"
CHEMBL518256,"tipo_invalido:CG,G0",28,"C,CG,G0,OA"
CHEMBL518259,"tipo_invalido:CG,G0",27,"C,CG,G0,OA"
CHEMBL518291,"tipo_invalido:CG,G0",32,"C,CG,G0,HD,OA"
CHEMBL518321,"tipo_invalido:CG,G0",24,"C,CG,G0,HD,OA"
CHEMBL518349,"tipo_invalido:CG,G0",37,"A,C,CG,G0,HD,N,OA"
CHEMBL518369,"tipo_invalido:CG,G0",39,"C,CG,G0,OA"
CHEMBL518370,"tipo_invalido:CG,G0",27,"A,C,CG,G0,HD,N,NA,OA"
CHEMBL518372,"tipo_invalido:CG,G0",32,"C,CG,G0,HD,OA"
CHEMBL518385,"tipo_invalido:CG,G0",44,"A,C,CG,G0,HD,N,NA,OA"
CHEMBL518400,"tipo_invalido:CG,G0",27,"C,CG,G0,OA"
CHEMBL518434,"tipo_invalido:CG,G0",25,"A,C,CG,G0,HD,NA,OA"
CHEMBL518437,"tipo_invalido:CG,G0",20,"C,CG,G0,HD,OA,SA"
CHEMBL518442,"tipo_invalido:CG,G0",39,"A,C,CG,G0,HD,OA"
CHEMBL518456,"tipo_invalido:CG,G0",25,"C,CG,G0,OA"
CHEMBL518466,"tipo_invalido:CG,G0",33,"A,C,CG,G0,HD,N,NA,OA,S,SA"
CHEMBL518469,"tipo_invalido:CG,G0",40,"A,C,CG,G0,HD,N,NA,OA"
CHEMBL518490,"tipo_invalido:CG,G0",41,"C,CG,G0,HD,N,NA,OA"
CHEMBL518501,"tipo_invalido:CG,G0,G1",34,"C,CG,G0,G1,HD,N,NA,SA"
CHEMBL518505,"tipo_invalido:CG,G0",33,"A,Br,C,CG,Cl,G0,HD,N,NA,OA"
CHEMBL518523,"tipo_invalido:CG,G0",31,"C,CG,G0,OA"
CHEMBL518527,"tipo_invalido:CG,G0",22,"C,CG,G0,HD,OA"
CHEMBL518541,"tipo_invalido:CG,G0",37,"C,CG,G0,HD,OA"
CHEMBL518542,"tipo_invalido:CG,G0",19,"C,CG,G0,HD,OA"
CHEMBL518547,"tipo_invalido:CG,G0",38,"C,CG,G0,HD,NA,OA"
CHEMBL518555,"tipo_invalido:CG,G0",33,"A,C,CG,G0,HD,OA"
CHEMBL518563,"tipo_invalido:CG,G0",36,"C,CG,G0,HD,NA,OA"
CHEMBL518591,"tipo_invalido:CG,G0",27,"A,C,CG,Cl,G0,N,NA,OA,S"
CHEMBL518599,"tipo_invalido:CG,G0",34,"A,C,CG,Cl,G0,HD,N,NA,OA"
CHEMBL518671,"tipo_invalido:CG,G0",24,"A,C,CG,Cl,G0,HD,N,NA,OA"
CHEMBL518685,"tipo_invalido:CG,G0",42,"A,C,CG,G0,N,NA,OA,P"
CHEMBL518687,"tipo_invalido:CG,G0",22,"C,CG,G0,HD,OA"
CHEMBL518700,"tipo_invalido:CG,G0",30,"C,CG,G0,HD,OA"
CHEMBL518708,"tipo_invalido:CG,G0",30,"C,CG,G0,HD,OA"
CHEMBL518710,"tipo_invalido:CG,G0",38,"C,CG,G0,HD,OA"
CHEMBL518718,"tipo_invalido:CG,G0",30,"A,C,CG,Cl,G0,HD,N,NA,OA"
CHEMBL518724,"tipo_invalido:CG,G0",27,"C,CG,G0,HD,OA"
CHEMBL518728,"tipo_invalido:CG,G0",25,"C,CG,G0,OA"
CHEMBL518749,tipo_invalido:Si,28,"A,C,NA,OA,P,S,Si"
CHEMBL518762,"tipo_invalido:CG,G0",30,"A,C,CG,G0,N,NA,OA,S"
CHEMBL518764,"tipo_invalido:CG,G0",26,"C,CG,G0,HD,OA"
CHEMBL518765,"tipo_invalido:CG,G0",22,"C,CG,G0"
CHEMBL518768,"tipo_invalido:CG,G0",32,"A,C,CG,G0,HD,N,NA,OA"
CHEMBL518829,"tipo_invalido:CG,G0",39,"A,C,CG,G0,HD,OA"
CHEMBL518837,"tipo_invalido:CG,G0",30,"A,C,CG,G0,HD,OA"
CHEMBL518838,"tipo_invalido:CG,G0",31,"C,CG,G0,OA"
CHEMBL518839,"tipo_invalido:CG,G0",28,"A,C,CG,G0,OA"
CHEMBL518848,"tipo_invalido:CG,G0",41,"C,CG,G0,HD,OA"
CHEMBL518849,"tipo_invalido:CG,G0",29,"C,CG,G0,HD,OA"
CHEMBL518855,"tipo_invalido:CG,G0",25,"C,CG,G0,OA"
CHEMBL518878,"tipo_invalido:CG,G0",26,"C,CG,G0,OA"
CHEMBL51888,fallo_empirico_4_proteinas,38,"A,C,HD,NA,OA,S"
CHEMBL518883,"tipo_invalido:CG,G0,G1",30,"C,CG,G0,G1,OA"
CHEMBL518887,"tipo_invalido:CG,G0",36,"C,CG,G0,HD,OA"
CHEMBL518892,"tipo_invalido:CG,G0",27,"A,C,CG,Cl,G0,NA,OA"
CHEMBL51890,tipo_invalido:Na,34,"A,C,NA,Na,OA,S"
CHEMBL518905,"tipo_invalido:CG,G0",37,"A,C,CG,F,G0,HD,N,NA,OA"
CHEMBL518922,"tipo_invalido:CG,G0",29,"A,C,CG,G0,HD,NA,OA"
CHEMBL518938,"tipo_invalido:CG,G0",39,"A,C,CG,G0,HD,N,NA,OA"
CHEMBL518940,"tipo_invalido:CG,G0,G1",38,"C,CG,G0,G1,HD,N,NA,OA"
CHEMBL518950,"tipo_invalido:CG,G0",33,"A,C,CG,G0,N,NA"
CHEMBL518984,"tipo_invalido:CG,G0",35,"A,C,CG,G0,HD,NA"
CHEMBL518989,"tipo_invalido:CG,G0",23,"A,C,CG,G0,HD,I,N,S"
CHEMBL519005,"tipo_invalido:CG,G0",29,"C,CG,G0,OA"
CHEMBL519014,"tipo_invalido:CG,G0",25,"A,C,CG,G0,HD,NA,OA"
CHEMBL519044,"tipo_invalido:CG,G0,G1",32,"C,CG,G0,G1,HD,OA"
CHEMBL519046,"tipo_invalido:CG,G0",20,"C,CG,G0,HD,OA"
CHEMBL51905,tipo_invalido:Na,30,"A,C,HD,NA,Na,OA,S"
CHEMBL519092,"tipo_invalido:CG,G0",17,"C,CG,G0"
CHEMBL519097,"tipo_invalido:CG,G0",22,"C,CG,G0,HD,OA"
CHEMBL519100,"tipo_invalido:CG,G0",36,"A,C,CG,F,G0,N,NA"
CHEMBL519106,"tipo_invalido:CG,G0",21,"C,CG,G0,OA"
CHEMBL519114,"tipo_invalido:CG,G0",34,"C,CG,G0,HD,NA,OA"
CHEMBL519118,"tipo_invalido:CG,G0",28,"A,C,CG,G0,HD,N,NA,OA,S"
CHEMBL519119,"tipo_invalido:CG,G0",28,"A,C,CG,G0,HD,N,NA,OA,S"
CHEMBL519144,"tipo_invalido:CG,G0",33,"A,C,CG,G0,HD,N,NA"
CHEMBL519149,"tipo_invalido:CG,G0",33,"A,C,CG,G0,HD,N,OA"
CHEMBL519162,"tipo_invalido:CG,G0",23,"A,C,CG,G0,HD,N,S"
CHEMBL519164,tipo_invalido:B,40,"A,B,C,HD,N,NA,OA"
CHEMBL519165,"tipo_invalido:CG,G0",34,"A,Br,C,CG,G0,HD,OA"
CHEMBL519180,"tipo_invalido:CG,G0",25,"A,C,CG,G0,OA"
CHEMBL519204,"tipo_invalido:CG,G0",27,"C,CG,G0,HD,OA"
CHEMBL519210,"tipo_invalido:CG,G0",33,"A,C,CG,G0,HD,N,OA"
CHEMBL519216,"tipo_invalido:CG,G0",27,"A,C,CG,G0,HD,NA,OA"
CHEMBL519231,"tipo_invalido:CG,G0",43,"A,C,CG,G0,HD,N,OA,P"
CHEMBL519232,"tipo_invalido:CG,G0",32,"C,CG,G0,HD,OA"
CHEMBL519244,"tipo_invalido:CG,G0",31,"Br,C,CG,G0,HD,OA"
CHEMBL519251,"tipo_invalido:CG,G0",25,"C,CG,G0,OA"
CHEMBL51927,tipo_invalido:Na,30,"A,C,F,NA,Na,OA"
CHEMBL519283,"tipo_invalido:CG,G0",35,"C,CG,G0,HD,NA,OA"
CHEMBL519284,"tipo_invalido:CG,G0",31,"C,CG,G0,HD,OA"
CHEMBL519285,"tipo_invalido:CG,G0",30,"A,C,CG,G0,HD,N,NA,OA,S"
CHEMBL519291,"tipo_invalido:CG,G0",31,"C,CG,G0,OA"
CHEMBL519308,"tipo_invalido:CG,G0,G1",40,"C,CG,G0,G1,HD,NA,OA"
CHEMBL519317,"tipo_invalido:CG,G0",29,"C,CG,G0,OA"
CHEMBL519346,"tipo_invalido:CG,G0",32,"C,CG,G0,HD,OA"
CHEMBL519352,"tipo_invalido:CG,G0",30,"C,CG,G0,HD,OA"
CHEMBL519353,"tipo_invalido:CG,G0",30,"C,CG,G0,OA"
CHEMBL519354,"tipo_invalido:CG,G0",35,"A,C,CG,G0,HD,OA"
CHEMBL519356,"tipo_invalido:CG,G0",33,"C,CG,G0,HD,OA"
CHEMBL519377,"tipo_invalido:CG,G0",23,"A,C,CG,F,G0,HD,N,S"
CHEMBL519378,"tipo_invalido:CG,G0",24,"A,C,CG,Cl,G0,HD,N,S"
CHEMBL519381,"tipo_invalido:CG,G0",23,"C,CG,G0,HD,OA"
CHEMBL519394,"tipo_invalido:CG,G0",31,"A,C,CG,F,G0,HD,N,NA,OA,S"
CHEMBL519465,"tipo_invalido:CG,G0",31,"A,C,CG,G0,OA"
CHEMBL519467,"tipo_invalido:CG,G0",38,"A,C,CG,G0,HD,N,NA,OA"
CHEMBL519486,"tipo_invalido:CG,G0",37,"A,C,CG,G0,HD,N,NA,OA"
CHEMBL519496,"tipo_invalido:CG,G0",39,"A,C,CG,G0,OA"
CHEMBL519497,"tipo_invalido:CG,G0",35,"C,CG,G0,HD,NA,OA"
CHEMBL519507,"tipo_invalido:CG,G0",42,"A,C,CG,G0,HD,N,OA"
CHEMBL519515,"tipo_invalido:CG,G0",27,"A,C,CG,G0,OA"
CHEMBL519538,"tipo_invalido:CG,G0",23,"A,C,CG,G0,HD,N,S"
CHEMBL519559,"tipo_invalido:CG,G0",33,"C,CG,G0,HD,I,OA"
CHEMBL519560,"tipo_invalido:CG,G0",24,"A,C,CG,Cl,F,G0,HD,N,NA,OA"
CHEMBL519573,"tipo_invalido:CG,G0",24,"A,C,CG,G0,NA,OA"
CHEMBL519581,"tipo_invalido:CG,G0",25,"A,C,CG,Cl,G0,HD,N,OA"
CHEMBL519593,"tipo_invalido:CG,G0",41,"C,CG,G0,HD,OA"
CHEMBL519644,"tipo_invalido:CG,G0",23,"A,C,CG,Cl,G0,HD,N,S"
CHEMBL519660,"tipo_invalido:CG,G0",24,"C,CG,G0,HD,OA"
CHEMBL519663,"tipo_invalido:CG,G0",27,"A,C,CG,Cl,G0,N,NA,OA"
CHEMBL51967,tipo_invalido:Na,29,"A,C,HD,NA,Na,OA,S"
CHEMBL519675,"tipo_invalido:CG,G0",23,"A,C,CG,G0,HD,N,OA"
CHEMBL519695,tipo_invalido:Si,33,"A,C,OA,Si"
CHEMBL519707,"tipo_invalido:CG,G0",29,"A,C,CG,G0,HD,OA"
CHEMBL519718,"tipo_invalido:CG,G0",30,"A,C,CG,G0,HD,NA,OA,SA"
CHEMBL519725,"tipo_invalido:CG,G0",28,"C,CG,G0,HD,OA"
CHEMBL519733,tipo_invalido:B,39,"A,B,C,HD,N,OA"
CHEMBL519749,"tipo_invalido:CG,G0,G1",43,"C,CG,G0,G1,HD,OA"
CHEMBL519751,"tipo_invalido:CG,G0",32,"A,C,CG,G0,HD,N,OA"
CHEMBL519755,"tipo_invalido:CG,G0",35,"A,C,CG,G0,HD,N,NA,OA"
CHEMBL519769,"tipo_invalido:CG,G0",87,"A,C,CG,G0,HD,N,OA"
CHEMBL519778,"tipo_invalido:CG,G0",27,"A,C,CG,G0,HD,N,NA,OA"
CHEMBL519781,"tipo_invalido:CG,G0",36,"C,CG,G0,HD,OA"
CHEMBL519782,"tipo_invalido:CG,G0",40,"A,C,CG,G0,HD,N,OA"
CHEMBL519794,"tipo_invalido:CG,G0",39,"A,C,CG,G0,HD,OA"
CHEMBL519805,"tipo_invalido:CG,G0",31,"A,C,CG,Cl,G0,HD,NA"
CHEMBL519848,tipo_invalido:B,34,"A,B,C,HD,N,OA"
CHEMBL519849,"tipo_invalido:CG,G0",23,"A,C,CG,Cl,G0,HD,N,OA"
CHEMBL519866,"tipo_invalido:CG,G0",23,"C,CG,G0,HD,OA"
CHEMBL519882,"tipo_invalido:CG,G0",36,"A,C,CG,Cl,G0,HD,N,NA,OA"
CHEMBL519883,"tipo_invalido:CG,G0",33,"A,C,CG,Cl,F,G0,HD,N,OA,S"
CHEMBL519895,"tipo_invalido:CG,G0",27,"C,CG,G0,HD,N,OA"
CHEMBL519906,"tipo_invalido:CG,G0",25,"C,CG,G0,HD,N,OA"
CHEMBL519920,"tipo_invalido:CG,G0",29,"A,C,CG,G0,HD,N,NA,S"
CHEMBL519923,"tipo_invalido:CG,G0",46,"A,C,CG,G0,HD,N,OA"
CHEMBL519925,"tipo_invalido:CG,G0",35,"A,C,CG,G0,HD,N,NA"
CHEMBL519929,"tipo_invalido:CG,G0",41,"C,CG,G0,OA"
CHEMBL519930,"tipo_invalido:CG,G0",27,"C,CG,G0,OA"
CHEMBL519932,"tipo_invalido:CG,G0",41,"A,C,CG,G0,HD,OA"
CHEMBL519933,"tipo_invalido:CG,G0",33,"C,CG,G0,HD,OA"
CHEMBL519958,"tipo_invalido:CG,G0",35,"C,CG,G0,HD,OA"
CHEMBL519963,"tipo_invalido:CG,G0",36,"A,C,CG,G0,HD,N,OA,SA"
CHEMBL519975,tipo_invalido:B,32,"A,B,C,HD,N,NA,OA"
CHEMBL520000,"tipo_invalido:CG,G0",32,"A,C,CG,G0,HD,OA"
CHEMBL520004,"tipo_invalido:CG,G0,G1",30,"C,CG,G0,G1,OA"
CHEMBL520014,"tipo_invalido:CG,G0",25,"A,C,CG,G0,HD,OA"
CHEMBL520015,"tipo_invalido:CG,G0",27,"A,C,CG,G0,HD,OA"
CHEMBL520016,tipo_invalido:B,35,"A,B,C,HD,N,OA"
CHEMBL520026,"tipo_invalido:CG,G0",21,"A,C,CG,G0,HD,N,NA,OA"
CHEMBL520036,"tipo_invalido:CG,G0",33,"A,C,CG,G0,HD,N,NA,OA"
CHEMBL520040,"tipo_invalido:CG,G0",42,"A,C,CG,Cl,F,G0,HD,N,NA,OA"
CHEMBL520043,"tipo_invalido:CG,G0",29,"A,C,CG,G0,NA,OA"
CHEMBL520047,"tipo_invalido:CG,G0",27,"A,C,CG,G0,NA,OA"
CHEMBL520055,"tipo_invalido:CG,G0",27,"C,CG,G0,OA"
CHEMBL520075,"tipo_invalido:CG,G0",44,"A,C,CG,G0,HD,N,OA"
CHEMBL520092,"tipo_invalido:CG,G0",27,"C,CG,G0,HD,OA"
CHEMBL520114,"tipo_invalido:CG,G0",23,"C,CG,G0,OA"
CHEMBL52012,fallo_empirico_4_proteinas,23,"A,Br,C,HD,N"
CHEMBL520120,"tipo_invalido:CG,G0",28,"A,C,CG,G0,NA,OA,S"
CHEMBL520126,"tipo_invalido:CG,G0",35,"A,C,CG,G0,N,NA,SA"
CHEMBL520127,"tipo_invalido:CG,G0",29,"A,C,CG,G0,N,NA,OA,S"
CHEMBL520139,tipo_invalido:B,37,"A,B,C,HD,N,NA,OA,S"
CHEMBL520151,"tipo_invalido:CG,G0",26,"A,C,CG,G0,HD,NA,OA"
CHEMBL520157,"tipo_invalido:CG,G0",37,"A,C,CG,G0,HD,N,NA,OA,P,SA"
CHEMBL520169,"tipo_invalido:CG,G0",33,"A,C,CG,G0,HD,N,NA,OA,S"
CHEMBL520185,"tipo_invalido:CG,G0",24,"A,C,CG,G0,HD,N,NA,S"
CHEMBL520208,"tipo_invalido:CG,G0",31,"C,CG,G0,HD,I,OA"
CHEMBL520219,"tipo_invalido:CG,G0",42,"A,C,CG,G0,HD,N,OA"
CHEMBL52022,tipo_invalido:Na,31,"A,C,HD,N,NA,Na,OA,S"
CHEMBL520223,"tipo_invalido:CG,G0",30,"A,C,CG,Cl,F,G0,HD,N,OA"
CHEMBL520251,"tipo_invalido:CG,G0",40,"A,C,CG,G0,HD,N,NA,OA"
CHEMBL520264,"tipo_invalido:CG,G0",31,"C,CG,G0,HD,OA"
CHEMBL520267,"tipo_invalido:CG,G0",26,"A,C,CG,G0,HD,N,NA,OA,S"
CHEMBL520271,"tipo_invalido:CG,G0",33,"A,C,CG,G0,HD,N,OA"
CHEMBL520281,"tipo_invalido:CG,G0",25,"C,CG,G0,HD,OA"
CHEMBL520295,tipo_invalido:B,32,"A,B,C,HD,N,NA,OA"
CHEMBL520310,tipo_invalido:B,31,"A,B,C,HD,N,OA"
CHEMBL520314,tipo_invalido:B,20,"A,B,C,HD,NA,OA"
CHEMBL520315,"tipo_invalido:CG,G0",28,"A,C,CG,Cl,G0,HD,N,NA,OA"
CHEMBL520327,"tipo_invalido:CG,G0",32,"C,CG,G0,OA"
CHEMBL520338,"tipo_invalido:CG,G0",35,"A,C,CG,G0,N,NA"
CHEMBL520345,"tipo_invalido:CG,G0",33,"A,C,CG,Cl,F,G0,N,NA,OA"
CHEMBL520363,"tipo_invalido:CG,G0",27,"C,CG,G0,HD,OA"
CHEMBL520389,"tipo_invalido:CG,G0",28,"A,C,CG,G0,HD,N,OA,S"
CHEMBL520405,"tipo_invalido:CG,G0",31,"A,C,CG,G0,HD,NA,OA,SA"
CHEMBL520408,"tipo_invalido:CG,G0",28,"A,C,CG,G0,HD,NA,OA,SA"
CHEMBL520431,"tipo_invalido:CG,G0",38,"A,C,CG,F,G0,HD,N,NA,OA"
CHEMBL520441,"tipo_invalido:CG,G0",23,"C,CG,G0,HD,OA"
CHEMBL520448,"tipo_invalido:CG,G0",38,"A,C,CG,F,G0,HD,N,NA,OA"
CHEMBL520452,tipo_invalido:B,38,"A,B,C,HD,N,OA"
CHEMBL520466,"tipo_invalido:CG,G0",29,"A,C,CG,G0,HD,NA"
CHEMBL520522,"tipo_invalido:CG,G0",31,"C,CG,Cl,G0,HD,OA"
CHEMBL520536,"tipo_invalido:CG,G0",32,"C,CG,G0,HD,OA"
CHEMBL520559,"tipo_invalido:CG,G0",38,"C,CG,G0,HD,N,OA,SA"
CHEMBL520561,"tipo_invalido:CG,G0",45,"A,C,CG,G0,HD,N,OA"
CHEMBL520567,"tipo_invalido:CG,G0",30,"C,CG,G0,OA"
CHEMBL520570,"tipo_invalido:CG,G0",29,"C,CG,G0,HD,NA,OA"
CHEMBL520576,"tipo_invalido:CG,G0",36,"A,C,CG,G0,HD,N,NA,OA"
CHEMBL520591,"tipo_invalido:CG,G0",28,"C,CG,G0,HD,NA,OA"
CHEMBL520619,"tipo_invalido:CG,G0",23,"A,C,CG,F,G0,HD,N,S"
CHEMBL520626,"tipo_invalido:CG,G0",34,"A,C,CG,G0,N,NA,OA"
CHEMBL520635,"tipo_invalido:CG,G0",29,"C,CG,G0,HD,N,OA"
CHEMBL520672,"tipo_invalido:CG,G0",24,"C,CG,G0,HD,OA"
CHEMBL520681,"tipo_invalido:CG,G0",27,"C,CG,G0,HD,OA"
CHEMBL520703,"tipo_invalido:CG,G0",40,"A,C,CG,G0,HD,N,OA"
CHEMBL520707,"tipo_invalido:CG,G0",24,"A,C,CG,G0,NA,OA"
CHEMBL520708,"tipo_invalido:CG,G0",25,"A,C,CG,G0,HD,NA,OA"
CHEMBL520711,"tipo_invalido:CG,G0",22,"A,C,CG,G0,HD,N,NA,OA"
CHEMBL520720,"tipo_invalido:CG,G0",26,"C,CG,G0,HD,OA"
CHEMBL520721,"tipo_invalido:CG,G0",27,"C,CG,G0,HD,OA"
CHEMBL520722,"tipo_invalido:CG,G0",25,"A,C,CG,G0,HD,N,NA,OA"
CHEMBL520774,"tipo_invalido:CG,G0",41,"A,C,CG,G0,HD,N,NA,OA,S"
CHEMBL520775,"tipo_invalido:CG,G0",24,"A,C,CG,G0,HD,OA"
CHEMBL520777,"tipo_invalido:CG,G0",27,"A,C,CG,G0,HD,N,NA,OA,S"
CHEMBL520784,"tipo_invalido:CG,G0",20,"A,C,CG,G0,OA,SA"
CHEMBL520805,"tipo_invalido:CG,G0",29,"C,CG,G0,HD,OA"
CHEMBL520809,"tipo_invalido:CG,G0",26,"C,CG,G0,HD,OA"
CHEMBL520829,"tipo_invalido:CG,G0",27,"A,Br,C,CG,G0,HD,N,OA"
CHEMBL520838,"tipo_invalido:CG,G0",25,"C,CG,G0,HD,OA"
CHEMBL520846,"tipo_invalido:CG,G0",25,"C,CG,G0,OA"
CHEMBL520853,"tipo_invalido:CG,G0",38,"C,CG,G0,HD,OA"
CHEMBL520862,"tipo_invalido:CG,G0",34,"C,CG,Cl,G0,HD,OA"
CHEMBL520867,"tipo_invalido:CG,G0",27,"C,CG,G0,HD,OA"
CHEMBL52088,fallo_empirico_4_proteinas,24,"A,C,I,N,NA"
CHEMBL520880,"tipo_invalido:CG,G0",34,"A,C,CG,G0,HD,N,NA,OA"
CHEMBL520887,"tipo_invalido:CG,G0",26,"A,C,CG,G0,HD,N,OA"
CHEMBL520889,"tipo_invalido:CG,G0",29,"A,C,CG,F,G0,HD,NA"
CHEMBL520923,"tipo_invalido:CG,G0",32,"A,C,CG,G0,HD,NA,OA"
CHEMBL520924,"tipo_invalido:CG,G0",32,"A,C,CG,G0,HD,N,NA,OA"
CHEMBL520929,"tipo_invalido:CG,G0",33,"A,C,CG,G0,HD,N,NA,OA,S"
CHEMBL520930,"tipo_invalido:CG,G0",28,"C,CG,G0,HD,OA"
CHEMBL520932,"tipo_invalido:CG,G0",27,"C,CG,G0,HD,OA"
CHEMBL520939,"tipo_invalido:CG,G0",32,"A,C,CG,G0,HD,OA"
CHEMBL520960,"tipo_invalido:CG,G0",35,"A,C,CG,G0,HD,OA"
CHEMBL520965,tipo_invalido:B,38,"A,B,C,HD,N,OA"
CHEMBL520966,tipo_invalido:B,34,"A,B,C,HD,N,OA"
CHEMBL520982,"tipo_invalido:CG,G0",27,"C,CG,G0,HD,OA"
CHEMBL520983,"tipo_invalido:CG,G0,G1",30,"Br,C,CG,G0,G1,HD,OA"
CHEMBL52099,fallo_empirico_4_proteinas,27,"C,Cl,F,HD,N,NA,OA,S"
CHEMBL521004,tipo_invalido:B,35,"B,C,HD,N,OA"
CHEMBL521031,"tipo_invalido:CG,G0",25,"A,C,CG,G0,NA,OA"
CHEMBL521032,"tipo_invalido:CG,G0",35,"A,C,CG,Cl,G0,HD,NA,OA"
CHEMBL521035,"tipo_invalido:CG,G0",27,"C,CG,G0,HD,NA,OA"
CHEMBL521039,"tipo_invalido:CG,G0",43,"A,C,CG,F,G0,HD,N,OA"
CHEMBL521047,"tipo_invalido:CG,G0",39,"A,C,CG,G0,HD,OA"
CHEMBL521049,"tipo_invalido:CG,G0",36,"A,C,CG,Cl,F,G0,HD,N,NA,OA,S"
CHEMBL521060,"tipo_invalido:CG,G0",27,"A,C,CG,G0,HD,NA,OA"
CHEMBL521066,"tipo_invalido:CG,G0",36,"A,C,CG,F,G0,HD,N,OA"
CHEMBL521077,"tipo_invalido:CG,G0",34,"A,C,CG,F,G0,HD,N,NA,OA,SA"
CHEMBL521086,"tipo_invalido:CG,G0",27,"A,Br,C,CG,G0,NA,OA"
CHEMBL521088,"tipo_invalido:CG,G0",38,"A,C,CG,F,G0,HD,N,OA"
CHEMBL521089,"tipo_invalido:CG,G0",34,"A,C,CG,G0,HD,N,NA,OA"
CHEMBL521100,"tipo_invalido:CG,G0",36,"C,CG,G0,HD,OA"
CHEMBL521106,"tipo_invalido:CG,G0",35,"C,CG,G0,HD,OA"
CHEMBL521107,"tipo_invalido:CG,G0",28,"C,CG,G0,HD,OA"
CHEMBL521114,"tipo_invalido:CG,G0",36,"A,C,CG,G0,HD,N,NA,OA"
CHEMBL521126,"tipo_invalido:CG,G0",33,"C,CG,G0,HD,N,OA"
CHEMBL521132,"tipo_invalido:CG,G0",23,"A,C,CG,G0,HD,N,NA,S"
CHEMBL521141,"tipo_invalido:CG,G0",35,"A,C,CG,G0,HD,N,NA,OA"
CHEMBL521154,tipo_invalido:B,34,"A,B,C,HD,N,OA"
CHEMBL521159,"tipo_invalido:CG,G0",28,"A,C,CG,G0,HD,NA"
CHEMBL521160,"tipo_invalido:CG,G0",26,"A,C,CG,G0,HD,NA"
CHEMBL521162,"tipo_invalido:CG,G0",30,"C,CG,G0,HD,OA"
CHEMBL521177,"tipo_invalido:CG,G0",24,"C,CG,G0,HD,OA"
CHEMBL521220,"tipo_invalido:CG,G0",37,"C,CG,G0,HD,N,OA"
CHEMBL521231,"tipo_invalido:CG,G0",20,"A,C,CG,G0,HD,N,NA,OA"
CHEMBL52124,fallo_empirico_4_proteinas,25,"A,C,Cl,N,OA"
CHEMBL521252,"tipo_invalido:CG,G0",30,"A,C,CG,G0,HD,NA,OA"
CHEMBL521263,"tipo_invalido:CG,G0",32,"A,C,CG,G0,HD,N,NA,OA"
CHEMBL521268,"tipo_invalido:CG,G0",39,"A,C,CG,G0,HD,N,OA"
CHEMBL521300,tipo_invalido:B,20,"A,B,C,HD,OA"
CHEMBL521316,"tipo_invalido:CG,G0",29,"C,CG,G0,HD,OA"
CHEMBL521344,tipo_invalido:B,25,"A,B,C,HD,N,OA"
CHEMBL521352,"tipo_invalido:CG,G0",37,"C,CG,G0,HD,N,OA,SA"
CHEMBL521362,"tipo_invalido:CG,G0",27,"C,CG,G0,HD,OA"
CHEMBL521364,"tipo_invalido:CG,G0",25,"A,C,CG,G0,NA,OA"
CHEMBL521367,"tipo_invalido:CG,G0",27,"A,C,CG,Cl,G0,NA,OA"
CHEMBL521374,"tipo_invalido:CG,G0",33,"C,CG,G0,HD,OA"
CHEMBL521377,"tipo_invalido:CG,G0",29,"A,C,CG,G0,HD,N,NA,OA"
CHEMBL521387,"tipo_invalido:CG,G0",39,"C,CG,G0,HD,N,OA"
CHEMBL521402,"tipo_invalido:CG,G0",34,"A,C,CG,G0,HD,N,NA,OA"
CHEMBL521419,"tipo_invalido:CG,G0",27,"A,C,CG,G0,N,NA,OA,S"
CHEMBL521423,"tipo_invalido:CG,G0",33,"C,CG,G0,HD,OA"
CHEMBL521426,"tipo_invalido:CG,G0",31,"A,C,CG,Cl,G0,HD,N,NA,OA,S"
CHEMBL521429,"tipo_invalido:CG,G0",40,"A,C,CG,Cl,G0,HD,N,NA,OA"
CHEMBL521434,"tipo_invalido:CG,G0",29,"C,CG,G0,HD,OA"
CHEMBL521446,"tipo_invalido:CG,G0",24,"A,C,CG,G0,HD,N,S,SA"
CHEMBL521461,"tipo_invalido:CG,G0",23,"C,CG,G0,HD,OA"
CHEMBL521466,"tipo_invalido:CG,G0",24,"A,C,CG,G0,HD,N,OA,S"
CHEMBL521498,"tipo_invalido:CG,G0",22,"A,C,CG,Cl,G0,HD,N,S"
CHEMBL52154,fallo_empirico_4_proteinas,22,"A,C,Cl,HD,NA,OA"
CHEMBL521560,"tipo_invalido:CG,G0",30,"C,CG,G0,HD,OA"
CHEMBL521588,"tipo_invalido:CG,G0",35,"A,C,CG,G0,HD,N,NA,OA,SA"
CHEMBL521597,"tipo_invalido:CG,G0",41,"A,C,CG,Cl,F,G0,HD,N,NA,OA"
CHEMBL521610,"tipo_invalido:CG,G0",30,"A,C,CG,G0,HD,N,NA,OA,S"
CHEMBL521613,"tipo_invalido:CG,G0",36,"C,CG,G0,HD,OA"
CHEMBL521633,"tipo_invalido:CG,G0,G1",37,"C,CG,G0,G1,HD,OA"
CHEMBL521644,"tipo_invalido:CG,G0",30,"A,C,CG,G0,HD,NA,OA,S"
CHEMBL521663,"tipo_invalido:CG,G0",25,"A,C,CG,G0,HD,NA,OA"
CHEMBL521683,"tipo_invalido:CG,G0",33,"C,CG,G0,HD,NA,OA"
CHEMBL521684,"tipo_invalido:CG,G0",21,"C,CG,G0,HD,OA"
CHEMBL521691,"tipo_invalido:CG,G0",34,"A,C,CG,G0,NA,OA"
CHEMBL521714,"tipo_invalido:CG,G0",26,"A,C,CG,G0,HD,N,NA,OA"
CHEMBL521756,"tipo_invalido:CG,G0",21,"A,C,CG,G0,NA"
CHEMBL521757,"tipo_invalido:CG,G0",22,"A,Br,C,CG,G0,NA"
CHEMBL521760,"tipo_invalido:CG,G0",30,"A,C,CG,G0,HD,N,NA,OA,S"
CHEMBL521780,"tipo_invalido:CG,G0",33,"C,CG,G0,HD,OA"
CHEMBL521805,"tipo_invalido:CG,G0",23,"A,C,CG,G0,HD,NA,OA,S"
CHEMBL521812,"tipo_invalido:CG,G0",32,"A,C,CG,G0,NA,OA"
CHEMBL521831,"tipo_invalido:CG,G0",28,"A,C,CG,G0,N,NA,OA"
CHEMBL52184,fallo_empirico_4_proteinas,33,"C,HD,I,N,OA"
CHEMBL521855,"tipo_invalido:CG,G0",39,"A,C,CG,G0,HD,N,OA"
CHEMBL521896,"tipo_invalido:CG,G0",28,"A,C,CG,Cl,G0,HD,NA,OA,SA"
CHEMBL521939,"tipo_invalido:CG,G0",35,"A,C,CG,G0,N,NA"
CHEMBL521960,"tipo_invalido:CG,G0",21,"C,CG,G0,HD,OA"
CHEMBL521975,"tipo_invalido:CG,G0",33,"A,C,CG,G0,HD,OA"
CHEMBL521996,"tipo_invalido:CG,G0",28,"A,C,CG,G0,HD,N,NA"
CHEMBL522062,"tipo_invalido:CG,G0",34,"C,CG,G0,HD,OA"
CHEMBL522071,"tipo_invalido:CG,G0",42,"A,C,CG,G0,HD,N,OA"
CHEMBL522103,tipo_invalido:B,34,"A,B,C,F,N,OA"
CHEMBL522104,"tipo_invalido:CG,G0",29,"A,C,CG,Cl,G0,OA"
CHEMBL522107,"tipo_invalido:CG,G0",36,"C,CG,G0,HD,OA"
CHEMBL522124,"tipo_invalido:CG,G0",34,"C,CG,G0,HD,N,OA,SA"
CHEMBL52213,fallo_empirico_4_proteinas,26,"A,C,Cl,HD,NA,OA"
CHEMBL522140,"tipo_invalido:CG,G0",23,"A,C,CG,G0,OA"
CHEMBL522178,"tipo_invalido:CG,G0",40,"A,C,CG,Cl,G0,HD,N,NA,OA"
CHEMBL522193,"tipo_invalido:CG,G0",35,"C,CG,G0,HD,OA"
CHEMBL522227,"tipo_invalido:CG,G0",29,"A,C,CG,G0,HD,NA,OA,SA"
CHEMBL522249,"tipo_invalido:CG,G0",31,"A,C,CG,G0,NA,OA"
CHEMBL522252,"tipo_invalido:CG,G0",26,"C,CG,G0,OA"
CHEMBL522264,"tipo_invalido:CG,G0",25,"A,C,CG,G0,HD,N,NA,OA"
CHEMBL522273,"tipo_invalido:CG,G0,G1",32,"C,CG,G0,G1,OA"
CHEMBL522276,"tipo_invalido:CG,G0",23,"A,C,CG,Cl,G0,NA"
CHEMBL522301,tipo_invalido:B,23,"A,B,C,HD,N,OA"
CHEMBL52232,fallo_empirico_4_proteinas,28,"Br,C,HD,N,OA"
CHEMBL522326,"tipo_invalido:CG,G0",31,"A,C,CG,Cl,G0,N,NA"
CHEMBL522335,"tipo_invalido:CG,G0",44,"C,CG,G0,HD,OA"
CHEMBL522347,"tipo_invalido:CG,G0",23,"C,CG,G0,HD,OA"
CHEMBL522349,"tipo_invalido:CG,G0",26,"A,C,CG,F,G0,HD,N,NA,OA,S"
CHEMBL522385,"tipo_invalido:CG,G0",32,"A,C,CG,G0,HD,OA"
CHEMBL522408,"tipo_invalido:CG,G0",27,"A,C,CG,G0,N,OA"
CHEMBL522432,"tipo_invalido:CG,G0",29,"A,C,CG,G0,HD,N,NA,OA,S"
CHEMBL522459,"tipo_invalido:CG,G0",27,"C,CG,G0,OA"
CHEMBL522484,"tipo_invalido:CG,G0",41,"A,C,CG,Cl,G0,HD,N,NA,OA"
CHEMBL522514,"tipo_invalido:CG,G0",22,"A,C,CG,G0,HD,NA,OA,S"
CHEMBL522552,"tipo_invalido:CG,G0",24,"A,C,CG,G0,OA"
CHEMBL522558,"tipo_invalido:CG,G0",35,"A,C,CG,Cl,F,G0,HD,N,OA"
CHEMBL52256,tipo_invalido:Na,24,"A,C,Cl,NA,Na,OA"
CHEMBL522588,"tipo_invalido:CG,G0",23,"A,Br,C,CG,Cl,G0,NA"
CHEMBL522592,tipo_invalido:B,36,"A,B,C,HD,N,OA"
CHEMBL522604,"tipo_invalido:CG,G0",29,"C,CG,G0,HD,OA"
CHEMBL522637,"tipo_invalido:CG,G0",39,"C,CG,G0,HD,OA"
CHEMBL522660,"tipo_invalido:CG,G0",23,"C,CG,G0,HD,OA"
CHEMBL522673,"tipo_invalido:CG,G0",27,"A,C,CG,G0,HD,N,NA"
CHEMBL522683,"tipo_invalido:CG,G0",37,"A,C,CG,G0,N,NA,OA"
CHEMBL522703,"tipo_invalido:CG,G0",32,"A,C,CG,G0,NA,OA"
CHEMBL522715,"tipo_invalido:CG,G0",31,"A,C,CG,G0,HD,N,NA,OA"
CHEMBL522728,tipo_invalido:Si,34,"A,C,HD,N,OA,Si"
CHEMBL522750,"tipo_invalido:CG,G0",28,"A,CG,Cl,G0,N,OA,S"
CHEMBL522755,"tipo_invalido:CG,G0",34,"A,C,CG,G0,N,NA,OA"
CHEMBL522764,"tipo_invalido:CG,G0",34,"A,C,CG,Cl,G0,HD,OA"
CHEMBL522765,"tipo_invalido:CG,G0",39,"A,C,CG,G0,HD,OA"
CHEMBL522801,"tipo_invalido:CG,G0",34,"C,CG,G0,HD,N,OA,SA"
CHEMBL52284,fallo_empirico_4_proteinas,32,"A,C,F,HD,N,NA,OA,S"
CHEMBL522876,"tipo_invalido:CG,G0",32,"A,C,CG,G0,NA,OA"
CHEMBL522885,"tipo_invalido:CG,G0",35,"A,C,CG,G0,HD,N,NA,OA,S"
CHEMBL522901,"tipo_invalido:CG,G0",24,"C,CG,G0,OA"
CHEMBL522949,"tipo_invalido:CG,G0,G1",34,"C,CG,G0,G1,HD,OA"
CHEMBL522962,"tipo_invalido:CG,G0",28,"A,C,CG,G0,HD,OA"
CHEMBL522972,"tipo_invalido:CG,G0",36,"C,CG,G0,OA"
CHEMBL522973,"tipo_invalido:CG,G0",33,"A,C,CG,G0,HD,OA"
CHEMBL522981,"tipo_invalido:CG,G0",28,"A,C,CG,G0,NA,OA"
CHEMBL523006,"tipo_invalido:CG,G0",45,"C,CG,G0,HD,OA"
CHEMBL52303,tipo_invalido:Na,27,"A,C,HD,N,Na,OA"
CHEMBL523038,"tipo_invalido:CG,G0",33,"A,C,CG,G0,HD,N,NA,OA"
CHEMBL523103,"tipo_invalido:CG,G0",25,"A,C,CG,G0,HD,OA"
CHEMBL523225,"tipo_invalido:CG,G0",28,"A,C,CG,F,G0,HD,N,NA"
CHEMBL523234,"tipo_invalido:CG,G0",34,"A,C,CG,F,G0,HD,N,OA"
CHEMBL523310,"tipo_invalido:CG,G0",36,"C,CG,G0,HD,OA"
CHEMBL523377,"tipo_invalido:CG,G0",28,"C,CG,G0,HD,OA"
CHEMBL52338,tipo_invalido:Na,37,"A,C,NA,Na,OA,S"
CHEMBL523393,"tipo_invalido:CG,G0",34,"C,CG,G0,HD,NA,OA"
CHEMBL52341,tipo_invalido:Na,17,"C,HD,Na,OA"
CHEMBL523429,"tipo_invalido:CG,G0",26,"A,C,CG,G0,N,NA,OA"
CHEMBL523430,"tipo_invalido:CG,G0",29,"A,C,CG,G0,HD,N,NA,OA"
CHEMBL523450,"tipo_invalido:CG,G0",16,"C,CG,G0,OA"
CHEMBL523454,tipo_invalido:B,35,"A,B,Br,C,F,N,OA"
CHEMBL523472,tipo_invalido:B,41,"A,B,C,HD,N,NA,OA"
CHEMBL523495,"tipo_invalido:CG,G0",32,"A,C,CG,G0,NA,OA"
CHEMBL523520,"tipo_invalido:CG,G0",30,"A,C,CG,G0,HD,N,NA,OA"
CHEMBL523521,"tipo_invalido:CG,G0",29,"A,C,CG,Cl,G0,HD,NA,OA,S"
CHEMBL523592,"tipo_invalido:CG,G0",33,"A,C,CG,G0,HD,N,NA,OA"
CHEMBL523596,"tipo_invalido:CG,G0",40,"A,C,CG,G0,HD,N,OA"
CHEMBL523620,"tipo_invalido:CG,G0",26,"C,CG,G0,HD,OA"
CHEMBL523627,"tipo_invalido:CG,G0",39,"A,C,CG,F,G0,HD,N,NA,OA,S,SA"
CHEMBL523647,"tipo_invalido:CG,G0",24,"A,C,CG,Cl,G0,N,NA,OA"
CHEMBL523659,"tipo_invalido:CG,G0",29,"A,C,CG,G0,HD,N,NA,OA,S"
CHEMBL523662,"tipo_invalido:CG,G0",28,"A,C,CG,G0,HD,OA"
CHEMBL523667,"tipo_invalido:CG,G0",38,"A,C,CG,G0,HD,N,NA,OA"
CHEMBL523722,"tipo_invalido:CG,G0",42,"C,CG,G0,HD,OA"
CHEMBL523756,"tipo_invalido:CG,G0",31,"C,CG,G0,HD,OA"
CHEMBL523783,"tipo_invalido:CG,G0",22,"A,C,CG,F,G0,NA"
CHEMBL523784,"tipo_invalido:CG,G0",23,"A,C,CG,G0,NA,SA"
CHEMBL523785,"tipo_invalido:CG,G0",31,"A,C,CG,F,G0,HD,N,OA"
CHEMBL523798,tipo_invalido:B,28,"A,B,C,HD,N,OA"
CHEMBL523825,"tipo_invalido:CG,G0",31,"A,C,CG,G0,HD,N,NA,OA,S"
CHEMBL523832,"tipo_invalido:CG,G0",40,"A,C,CG,F,G0,HD,N,NA,OA,S"
CHEMBL523841,"tipo_invalido:CG,G0",32,"A,C,CG,G0,HD,N,NA"
CHEMBL523879,"tipo_invalido:CG,G0",34,"A,C,CG,F,G0,HD,N,NA,OA"
CHEMBL523883,"tipo_invalido:CG,G0",40,"A,C,CG,F,G0,HD,N,NA,OA,S"
CHEMBL523887,"tipo_invalido:CG,G0",35,"A,C,CG,F,G0,HD,N,NA,OA"
CHEMBL523903,"tipo_invalido:CG,G0",19,"C,CG,G0,OA"
CHEMBL523927,"tipo_invalido:CG,G0",40,"C,CG,G0,HD,OA"
CHEMBL523950,"tipo_invalido:CG,G0,G1",35,"C,CG,G0,G1,HD,OA"
CHEMBL52396,fallo_empirico_4_proteinas,39,"A,C,HD,N,NA,OA"
CHEMBL523967,tipo_invalido:B,39,"A,B,C,HD,N,OA"
CHEMBL524171,"tipo_invalido:CG,G0",29,"A,C,CG,Cl,G0,HD,NA,OA,S"
CHEMBL524306,"tipo_invalido:CG,G0",62,"A,C,CG,G0,HD,N,NA,OA"
CHEMBL524308,"tipo_invalido:CG,G0",122,"A,C,CG,G0,HD,N,NA,OA"
CHEMBL524327,"tipo_invalido:CG,G0",108,"A,C,CG,Cl,G0,HD,N,NA,OA,SA"
CHEMBL524350,"tipo_invalido:CG,G0",96,"A,C,CG,G0,HD,N,OA"
CHEMBL524388,"tipo_invalido:CG,G0",37,"A,C,CG,F,G0,HD,N,NA,OA"
CHEMBL524448,tipo_invalido:Si,38,"A,C,HD,OA,SA,Si"
CHEMBL524465,"tipo_invalido:CG,G0",28,"C,CG,G0,HD,OA"
CHEMBL524475,"tipo_invalido:CG,G0,G1,G2",165,"A,C,CG,G0,G1,G2,HD,N,NA,OA,SA"
CHEMBL52448,fallo_empirico_4_proteinas,38,"A,C,Cl,N,NA,OA"
CHEMBL524481,"tipo_invalido:CG,G0,G1,G2",167,"A,C,CG,G0,G1,G2,HD,N,NA,OA,SA"
CHEMBL524492,tipo_invalido:B,53,"B,C,HD,N,NA,OA,S"
CHEMBL524497,"tipo_invalido:CG,G0",63,"A,C,CG,G0,HD,NA,OA"
CHEMBL524607,"tipo_invalido:CG,G0",42,"A,C,CG,G0,HD,N,NA,OA"
CHEMBL524626,"tipo_invalido:CG,G0",30,"A,C,CG,G0,HD,N,NA,OA,SA"
CHEMBL524650,"tipo_invalido:CG,G0",82,"A,C,CG,G0,HD,N,OA"
CHEMBL524666,"tipo_invalido:CG,G0,G1",86,"A,C,CG,G0,G1,HD,OA"
CHEMBL524689,"tipo_invalido:CG,G0",65,"A,C,CG,G0,HD,N,NA,OA"
CHEMBL524706,"tipo_invalido:CG,G0",46,"A,C,CG,G0,HD,N,NA,OA"
CHEMBL524738,"tipo_invalido:CG,G0",42,"A,C,CG,G0,HD,N,NA,OA"
CHEMBL524844,"tipo_invalido:CG,G0,G1",88,"C,CG,G0,G1,HD,NA,OA,S"
CHEMBL524845,"tipo_invalido:CG,G0,G1",104,"A,C,CG,Cl,G0,G1,HD,N,NA,OA"
CHEMBL52485,fallo_empirico_4_proteinas,38,"A,C,HD,N,NA,OA"
CHEMBL524855,"tipo_invalido:CG,G0",95,"A,C,CG,G0,HD,N,NA,OA,SA"
CHEMBL524860,fallo_empirico_4_proteinas,169,"A,C,HD,N,NA,OA"
CHEMBL524883,"tipo_invalido:CG,G0",169,"A,C,CG,G0,HD,N,OA,SA"
CHEMBL524906,"tipo_invalido:CG,G0",80,"A,C,CG,G0,HD,OA"
CHEMBL524961,"tipo_invalido:CG,G0",36,"A,C,CG,G0,HD,N,NA,OA,S"
CHEMBL524973,"tipo_invalido:CG,G0",28,"A,C,CG,G0,HD,NA,OA,SA"
CHEMBL524996,"tipo_invalido:CG,G0",41,"A,C,CG,Cl,G0,HD,N,OA"
CHEMBL525022,"tipo_invalido:CG,G0",132,"A,C,CG,G0,HD,N,NA,OA,SA"
CHEMBL525024,"tipo_invalido:CG,G0",123,"A,C,CG,G0,HD,N,NA,OA"
CHEMBL525030,"tipo_invalido:CG,G0",93,"A,C,CG,G0,HD,N,NA,OA,SA"
CHEMBL525046,"tipo_invalido:CG,G0",98,"A,C,CG,G0,HD,N,NA,OA,SA"
CHEMBL525082,"tipo_invalido:CG,G0",24,"A,C,CG,G0,NA,OA"
CHEMBL525171,"tipo_invalido:CG,G0",26,"C,CG,G0,HD,OA"
CHEMBL525210,"tipo_invalido:CG,G0",67,"A,C,CG,G0,HD,NA,OA"
CHEMBL525261,"tipo_invalido:CG,G0",44,"C,CG,G0,HD,N,OA"
CHEMBL525264,"tipo_invalido:CG,G0",94,"A,C,CG,G0,HD,N,NA,OA"
CHEMBL52528,fallo_empirico_4_proteinas,42,"C,HD,N,NA,OA,S"
CHEMBL525301,"tipo_invalido:CG,G0",34,"A,C,CG,F,G0,HD,N,NA,OA,S"
CHEMBL525349,"tipo_invalido:CG,G0",26,"C,CG,G0,HD,OA"
CHEMBL52535,tipo_invalido:Na,35,"A,C,NA,Na,OA,S"
CHEMBL52538,fallo_empirico_4_proteinas,20,"A,C,Cl,HD,NA,OA"
CHEMBL525414,"tipo_invalido:CG,G0",71,"A,C,CG,F,G0,HD,N,NA,OA"
CHEMBL52543,fallo_empirico_4_proteinas,39,"A,C,HD,I,N,OA,S"
CHEMBL525485,"tipo_invalido:CG,G0",36,"A,C,CG,G0,NA,OA,S"
CHEMBL525525,"tipo_invalido:CG,G0",37,"A,C,CG,Cl,G0,HD,N,NA,OA"
CHEMBL525557,"tipo_invalido:CG,G0",30,"A,C,CG,G0,HD,N,NA,OA"
CHEMBL525578,"tipo_invalido:CG,G0",98,"A,C,CG,G0,HD,N,NA,OA"
CHEMBL525595,"tipo_invalido:CG,G0",23,"A,C,CG,G0,HD,OA"
CHEMBL525601,"tipo_invalido:CG,G0",41,"C,CG,G0,HD,NA,OA"
CHEMBL525603,"tipo_invalido:CG,G0",66,"A,C,CG,G0,HD,N,OA"
CHEMBL525609,"tipo_invalido:CG,G0",102,"A,C,CG,G0,HD,N,OA"
CHEMBL525650,"tipo_invalido:CG,G0",37,"A,C,CG,G0,HD,N,NA,OA"
CHEMBL525724,tipo_invalido:Si,30,"A,C,HD,N,OA,Si"
CHEMBL525769,fallo_empirico_4_proteinas,111,"C,F,HD,N,NA,OA"
CHEMBL525787,"tipo_invalido:CG,G0",127,"A,C,CG,F,G0,HD,N,NA,OA"
CHEMBL525845,"tipo_invalido:CG,G0,G1",42,"A,C,CG,G0,G1,HD,N,NA"
CHEMBL525853,"tipo_invalido:CG,G0",41,"A,C,CG,G0,HD,N,NA,OA"
CHEMBL525905,"tipo_invalido:CG,G0",28,"A,C,CG,Cl,G0,HD,NA,OA,SA"
CHEMBL525931,"tipo_invalido:CG,G0",126,"A,C,CG,G0,HD,N,NA,OA"
CHEMBL525943,"tipo_invalido:CG,G0",80,"A,C,CG,G0,HD,N,OA"
CHEMBL525964,"tipo_invalido:CG,G0",46,"A,C,CG,G0,HD,N,NA,OA"
CHEMBL525973,fallo_empirico_4_proteinas,122,"A,C,HD,N,OA"
CHEMBL525976,"tipo_invalido:CG,G0",67,"A,C,CG,G0,HD,NA,OA"
CHEMBL525977,"tipo_invalido:CG,G0",65,"A,C,CG,G0,OA"
CHEMBL525999,"tipo_invalido:CG,G0",25,"A,C,CG,G0,HD,NA,OA"
CHEMBL526059,"tipo_invalido:CG,G0",36,"A,C,CG,Cl,G0,HD,N,NA,OA"
CHEMBL526160,"tipo_invalido:CG,G0,G1,G2",114,"A,C,CG,G0,G1,G2,HD,N,NA,OA,S"
CHEMBL526162,"tipo_invalido:CG,G0",69,"A,C,CG,G0,HD,N,NA,OA,S"
CHEMBL526170,"tipo_invalido:CG,G0",42,"A,C,CG,G0,HD,OA"
CHEMBL526174,"tipo_invalido:CG,G0",132,"A,C,CG,G0,HD,N,NA,OA,SA"
CHEMBL526188,"tipo_invalido:CG,G0",67,"A,C,CG,F,G0,HD,N,NA,OA"
CHEMBL526316,"tipo_invalido:CG,G0",120,"A,C,CG,G0,HD,N,OA"
CHEMBL526354,"tipo_invalido:CG,G0,G1",67,"A,C,CG,G0,G1,HD,N,NA,OA,S,SA"
CHEMBL526359,"tipo_invalido:CG,G0",59,"C,CG,G0,HD,NA,OA"
CHEMBL526415,"tipo_invalido:CG,G0",36,"A,C,CG,F,G0,HD,N,NA,OA"
CHEMBL526481,"tipo_invalido:CG,G0",29,"A,C,CG,G0,HD,NA,OA,SA"
CHEMBL526493,"tipo_invalido:CG,G0",71,"A,C,CG,F,G0,HD,N,NA,OA"
CHEMBL526498,"tipo_invalido:CG,G0",105,"A,C,CG,G0,HD,N,NA,OA,SA"
CHEMBL526550,"tipo_invalido:CG,G0",88,"A,C,CG,G0,HD,N,NA,OA,SA"
CHEMBL526570,"tipo_invalido:CG,G0",33,"A,C,CG,Cl,G0,HD,NA,OA"
CHEMBL526580,"tipo_invalido:CG,G0",37,"A,C,CG,G0,HD,N,NA,OA,S"
CHEMBL526653,"tipo_invalido:CG,G0,G1",64,"A,C,CG,G0,G1,HD,N,OA"
CHEMBL52666,fallo_empirico_4_proteinas,35,"A,C,Cl,N,OA"
CHEMBL526680,"tipo_invalido:CG,G0",22,"A,C,CG,G0,HD,N,OA"
CHEMBL526704,"tipo_invalido:CG,G0",21,"C,CG,G0,HD,N,OA"
CHEMBL526718,"tipo_invalido:CG,G0",115,"A,C,CG,G0,HD,N,NA,OA"
CHEMBL526732,"tipo_invalido:CG,G0",25,"A,C,CG,G0,NA,OA"
CHEMBL526738,fallo_empirico_4_proteinas,122,"A,C,Cl,HD,N,NA,OA"
CHEMBL526760,"tipo_invalido:CG,G0",41,"A,C,CG,Cl,G0,HD,N,NA,OA"
CHEMBL526843,"tipo_invalido:CG,G0",32,"C,CG,G0,HD,N,NA,OA"
CHEMBL526864,"tipo_invalido:CG,G0",65,"A,C,CG,G0,HD,N,NA,OA"
CHEMBL52689,fallo_empirico_4_proteinas,37,"A,C,HD,N,OA"
CHEMBL526900,"tipo_invalido:CG,G0",65,"A,C,CG,G0,HD,N,NA,OA"
CHEMBL526931,"tipo_invalido:CG,G0",41,"C,CG,G0,HD,N,OA"
CHEMBL526983,"tipo_invalido:CG,G0",41,"A,C,CG,G0,HD,N,NA,OA"
CHEMBL527062,"tipo_invalido:CG,G0",53,"A,C,CG,G0,HD,N,OA,P"
CHEMBL527080,fallo_empirico_4_proteinas,162,"A,C,HD,N,NA,OA,SA"
CHEMBL527100,fallo_empirico_4_proteinas,141,"A,C,HD,N,NA,OA"
CHEMBL527105,"tipo_invalido:CG,G0",72,"A,C,CG,G0,HD,N,OA"
CHEMBL527343,"tipo_invalido:CG,G0",40,"A,C,CG,F,G0,HD,N,NA,OA"
CHEMBL527373,"tipo_invalido:CG,G0",35,"A,C,CG,G0,HD,N,NA,OA"
CHEMBL527377,"tipo_invalido:CG,G0",34,"A,C,CG,Cl,G0,HD,N,NA,OA"
CHEMBL527394,"tipo_invalido:CG,G0",39,"A,C,CG,G0,HD,N,NA,OA"
CHEMBL527439,"tipo_invalido:CG,G0",36,"A,C,CG,G0,HD,N,NA,OA"
CHEMBL527466,"tipo_invalido:CG,G0",38,"A,C,CG,G0,HD,N,NA,OA"
CHEMBL527471,"tipo_invalido:CG,G0",40,"A,C,CG,Cl,G0,HD,N,NA,OA"
CHEMBL527542,"tipo_invalido:CG,G0",36,"A,C,CG,Cl,G0,HD,N,OA"
CHEMBL527578,"tipo_invalido:CG,G0",33,"A,C,CG,Cl,G0,HD,N,NA,OA"
CHEMBL527698,"tipo_invalido:CG,G0",34,"A,C,CG,Cl,G0,HD,N,NA,OA"
CHEMBL52771,fallo_empirico_4_proteinas,32,"Br,C,HD,N,OA,S"
CHEMBL527714,"tipo_invalido:CG,G0",42,"A,C,CG,Cl,F,G0,NA,OA,S"
CHEMBL52782,fallo_empirico_4_proteinas,24,"A,C,Cl,N,OA,S"
CHEMBL52785,fallo_empirico_4_proteinas,38,"A,C,HD,N,NA,OA"
CHEMBL527893,"tipo_invalido:CG,G0",35,"A,C,CG,Cl,G0,HD,N,NA,OA"
CHEMBL527903,"tipo_invalido:CG,G0",29,"A,C,CG,Cl,G0,N,NA,OA"
CHEMBL527910,"tipo_invalido:CG,G0",38,"A,C,CG,G0,HD,N,NA,OA"
CHEMBL527913,"tipo_invalido:CG,G0",33,"A,C,CG,G0,HD,N,NA,OA,S"
CHEMBL527914,"tipo_invalido:CG,G0",41,"A,C,CG,G0,HD,N,NA,OA"
CHEMBL527943,"tipo_invalido:CG,G0",38,"A,C,CG,Cl,G0,HD,N,OA"
CHEMBL527944,"tipo_invalido:CG,G0",32,"A,C,CG,Cl,G0,HD,N,NA,OA"
CHEMBL52806,tipo_invalido:Na,29,"A,C,F,HD,NA,Na,OA,S"
CHEMBL52850,fallo_empirico_4_proteinas,33,"Br,C,N,OA"
CHEMBL528994,"tipo_invalido:CG,G0",26,"C,CG,G0,OA"
CHEMBL52900,tipo_invalido:Na,28,"A,C,NA,Na,OA"
CHEMBL52910,fallo_empirico_4_proteinas,43,"A,C,HD,N,NA,OA"
CHEMBL52918,fallo_empirico_4_proteinas,27,"A,Br,C,N"
CHEMBL52977,fallo_empirico_4_proteinas,33,"A,C,HD,N,NA,OA,S"
CHEMBL52983,fallo_empirico_4_proteinas,26,"A,C,I,N,NA"
CHEMBL530059,"tipo_invalido:CG,G0",36,"A,C,CG,G0,HD,N,NA,OA"
CHEMBL53067,fallo_empirico_4_proteinas,25,"A,C,Cl,N,OA"
CHEMBL53163,tipo_invalido:B,27,"B,C,HD,N,NA,OA"
CHEMBL53180,fallo_empirico_4_proteinas,21,"A,C,Cl,HD,N,NA,OA"
CHEMBL53273,fallo_empirico_4_proteinas,27,"A,C,Cl,N,OA"
CHEMBL53286,fallo_empirico_4_proteinas,49,"A,C,HD,I,N,NA,OA,S"
CHEMBL53342,fallo_empirico_4_proteinas,21,"A,C,Cl,HD,NA,OA"
CHEMBL53365,tipo_invalido:Na,35,"C,HD,N,Na,OA,S"
CHEMBL53472,fallo_empirico_4_proteinas,25,"A,C,Cl,N,NA,OA"
CHEMBL53550,fallo_empirico_4_proteinas,33,"Br,C,N,OA,S"
CHEMBL53606,fallo_empirico_4_proteinas,34,"Br,C,N,OA"
CHEMBL53658,fallo_empirico_4_proteinas,22,"A,C,Cl,HD,N,NA,OA"
CHEMBL53659,fallo_empirico_4_proteinas,22,"A,C,Cl,HD,N,NA,OA"
CHEMBL53814,tipo_invalido:Na,36,"C,HD,N,Na,OA,S"
CHEMBL53826,fallo_empirico_4_proteinas,32,"Br,C,N,OA"
CHEMBL53853,fallo_empirico_4_proteinas,23,"A,C,Cl,HD,NA,OA"
CHEMBL53854,fallo_empirico_4_proteinas,38,"Br,C,N,OA"
CHEMBL53944,fallo_empirico_4_proteinas,33,"A,C,Cl,N,OA"
CHEMBL53953,fallo_empirico_4_proteinas,19,"A,C,I,N"
CHEMBL54074,fallo_empirico_4_proteinas,31,"Br,C,N,OA"
CHEMBL54089,fallo_empirico_4_proteinas,38,"A,C,HD,N,NA,OA"
CHEMBL54117,fallo_empirico_4_proteinas,22,"A,C,I,N"
CHEMBL54126,fallo_empirico_4_proteinas,17,"A,Br,C,N,NA,OA"
CHEMBL54134,fallo_empirico_4_proteinas,22,"A,C,Cl,HD,NA,OA"
CHEMBL54140,fallo_empirico_4_proteinas,16,"Br,C,HD,N,OA"
CHEMBL54151,fallo_empirico_4_proteinas,19,"A,C,Cl,HD,N,NA"
CHEMBL54188,fallo_empirico_4_proteinas,33,"A,Br,C,HD,N"
CHEMBL54199,fallo_empirico_4_proteinas,35,"A,Br,C,N,OA"
CHEMBL54225,fallo_empirico_4_proteinas,24,"A,C,I,N,NA"
CHEMBL54266,fallo_empirico_4_proteinas,39,"A,C,HD,NA,OA,S"
CHEMBL54282,tipo_invalido:Na,28,"C,HD,NA,Na,OA,S"
CHEMBL54286,tipo_invalido:Na,26,"C,Na,OA,P"
CHEMBL54287,tipo_invalido:Li,25,"C,Li,OA,P"
CHEMBL54297,fallo_empirico_4_proteinas,34,"C,Cl,HD,N,NA,OA"
CHEMBL54348,fallo_empirico_4_proteinas,47,"A,C,HD,N,NA,OA,S"
CHEMBL54404,tipo_invalido:Na,37,"C,HD,Na,OA"
CHEMBL54418,fallo_empirico_4_proteinas,15,"A,C,I,N"
CHEMBL54456,tipo_invalido:Na,34,"A,C,HD,NA,Na,OA,S"
CHEMBL54469,fallo_empirico_4_proteinas,21,"A,Br,C,P"
CHEMBL54504,tipo_invalido:Na,24,"A,C,HD,NA,Na,OA"
CHEMBL54513,tipo_invalido:Na,23,"C,HD,NA,Na,OA,S"
CHEMBL54517,fallo_empirico_4_proteinas,47,"A,C,HD,I,N,NA,OA,S"
CHEMBL54518,tipo_invalido:Na,29,"A,C,N,Na,OA"
CHEMBL54582,tipo_invalido:Na,31,"A,C,HD,N,Na,OA"
CHEMBL54589,tipo_invalido:Na,34,"C,HD,NA,Na,OA,S"
CHEMBL54741,fallo_empirico_4_proteinas,34,"A,C,HD,N,NA,OA,S"
CHEMBL54742,tipo_invalido:Na,26,"A,C,HD,NA,Na,OA"
CHEMBL54798,tipo_invalido:Na,24,"A,C,HD,NA,Na,OA"
CHEMBL54826,fallo_empirico_4_proteinas,40,"A,Br,C,N,NA"
CHEMBL54844,tipo_invalido:Na,26,"A,C,N,Na,OA"
CHEMBL54851,fallo_empirico_4_proteinas,27,"A,Br,C,N"
CHEMBL54880,tipo_invalido:Na,29,"A,C,Cl,HD,NA,Na,OA,S"
CHEMBL54954,fallo_empirico_4_proteinas,24,"A,C,I,N"
CHEMBL54962,tipo_invalido:Na,30,"A,C,N,Na,OA"
CHEMBL55006,fallo_empirico_4_proteinas,20,"A,C,I,N"
CHEMBL55011,fallo_empirico_4_proteinas,19,"A,C,HD,I,NA,OA"
CHEMBL55025,tipo_invalido:Na,43,"A,C,F,HD,N,NA,Na,OA,S"
CHEMBL550301,"tipo_invalido:CG,G0",55,"A,C,CG,G0,HD,N,NA,OA,S,SA"
CHEMBL550770,"tipo_invalido:CG,G0",35,"C,CG,G0,HD,OA"
CHEMBL550922,"tipo_invalido:CG,G0",43,"A,Br,C,CG,G0,HD,N,OA,SA"
CHEMBL550927,"tipo_invalido:CG,G0",27,"A,C,CG,G0,N,NA,OA"
CHEMBL550976,"tipo_invalido:CG,G0",34,"A,C,CG,Cl,G0,HD,N,OA"
CHEMBL55142,fallo_empirico_4_proteinas,37,"A,C,HD,N,OA,S"
CHEMBL55181,fallo_empirico_4_proteinas,26,"A,C,I,N"
CHEMBL55196,fallo_empirico_4_proteinas,54,"A,C,F,HD,N,NA,OA,S"
CHEMBL552082,"tipo_invalido:CG,G0",31,"A,C,CG,F,G0,NA,OA,S"
CHEMBL552101,"tipo_invalido:CG,G0",95,"A,C,CG,G0,HD,N,NA,OA,SA"
CHEMBL55211,fallo_empirico_4_proteinas,27,"A,C,I,N,NA"
CHEMBL552123,"tipo_invalido:CG,G0",29,"A,C,CG,Cl,G0,HD,OA"
CHEMBL552139,"tipo_invalido:CG,G0",29,"A,C,CG,G0,N,NA,OA"
CHEMBL552191,"tipo_invalido:CG,G0",35,"A,C,CG,Cl,F,G0,HD,N,OA"
CHEMBL55228,tipo_invalido:Na,30,"A,C,HD,NA,Na,OA,S"
CHEMBL552339,"tipo_invalido:CG,G0",30,"A,C,CG,G0,HD,N,NA,OA,S"
CHEMBL552345,"tipo_invalido:CG,G0",35,"C,CG,G0,HD,OA"
CHEMBL552764,"tipo_invalido:CG,G0",72,"A,C,CG,G0,HD,N,NA,OA"
CHEMBL55288,tipo_invalido:Na,30,"A,C,HD,NA,Na,OA,S"
CHEMBL55289,tipo_invalido:Na,29,"A,C,HD,NA,Na,OA,S"
CHEMBL55297,fallo_empirico_4_proteinas,17,"A,C,I,N"
CHEMBL552993,"tipo_invalido:CG,G0",57,"A,C,CG,F,G0,HD,N,NA,OA,S"
CHEMBL55300,tipo_invalido:Na,25,"C,Na,OA,P"
CHEMBL553388,"tipo_invalido:CG,G0",49,"A,C,CG,G0,HD,N,NA,OA"
CHEMBL553625,"tipo_invalido:CG,G0",77,"A,C,CG,G0,HD,N,NA,OA,S"
CHEMBL553661,"tipo_invalido:CG,G0",66,"A,C,CG,F,G0,HD,N,OA"
CHEMBL553662,"tipo_invalido:CG,G0",67,"A,C,CG,Cl,F,G0,HD,N,OA"
CHEMBL553672,"tipo_invalido:CG,G0",111,"A,C,CG,G0,HD,N,NA,OA,SA"
CHEMBL554028,"tipo_invalido:CG,G0",28,"A,C,CG,Cl,G0,HD,N,OA,S"
CHEMBL55404,tipo_invalido:Na,34,"C,HD,NA,Na,OA,S"
CHEMBL554308,"tipo_invalido:CG,G0",55,"A,C,CG,Cl,G0,NA,OA"
CHEMBL554312,"tipo_invalido:CG,G0,G1",56,"A,C,CG,G0,G1,HD,N,NA,OA"
CHEMBL554344,"tipo_invalido:CG,G0,G1",56,"C,CG,G0,G1,HD,NA,OA"
CHEMBL55455,fallo_empirico_4_proteinas,44,"C,Cl,HD,NA,OA"
CHEMBL554560,"tipo_invalido:CG,G0",65,"A,C,CG,F,G0,HD,N,OA"
CHEMBL554564,"tipo_invalido:CG,G0",46,"A,C,CG,G0,HD,NA,OA,S"
CHEMBL554622,"tipo_invalido:CG,G0",65,"A,C,CG,G0,HD,N,NA,OA"
CHEMBL554624,"tipo_invalido:CG,G0",99,"A,C,CG,G0,HD,N,NA,OA,SA"
CHEMBL55479,fallo_empirico_4_proteinas,22,"A,Br,C,N"
CHEMBL555064,tipo_invalido:B,15,"A,B,C,HD,OA"
CHEMBL555142,"tipo_invalido:CG,G0",68,"A,C,CG,F,G0,HD,N,OA"
CHEMBL555205,"tipo_invalido:CG,G0",25,"A,C,CG,G0,HD,N,NA,OA,S"
CHEMBL555224,"tipo_invalido:CG,G0",46,"C,CG,F,G0,HD,OA"
CHEMBL555262,"tipo_invalido:CG,G0",46,"A,C,CG,G0,HD,OA"
CHEMBL555431,"tipo_invalido:CG,G0",71,"A,C,CG,G0,HD,N,OA,P,SA"
CHEMBL555455,"tipo_invalido:CG,G0",46,"A,C,CG,G0,HD,N,NA,OA,S"
CHEMBL555516,"tipo_invalido:CG,G0",48,"A,C,CG,G0,HD,NA,OA,S"
CHEMBL555661,"tipo_invalido:CG,G0",64,"A,C,CG,G0,HD,N,OA"
CHEMBL555663,"tipo_invalido:CG,G0",77,"A,C,CG,G0,HD,N,NA,OA"
CHEMBL555697,"tipo_invalido:CG,G0",69,"A,C,CG,F,G0,HD,N,OA"
CHEMBL555740,"tipo_invalido:CG,G0",122,"A,C,CG,G0,HD,N,NA,OA,SA"
CHEMBL555872,"tipo_invalido:CG,G0",39,"A,C,CG,F,G0,HD,OA,SA"
CHEMBL555874,"tipo_invalido:CG,G0",39,"C,CG,G0,HD,N,NA,OA,P"
CHEMBL555877,"tipo_invalido:CG,G0",39,"A,C,CG,G0,HD,N,OA"
CHEMBL55606,fallo_empirico_4_proteinas,25,"A,C,I,N,NA"
CHEMBL556064,"tipo_invalido:CG,G0",44,"A,C,CG,G0,OA"
CHEMBL556080,"tipo_invalido:CG,G0",21,"A,C,CG,G0,N,NA,OA"
CHEMBL556087,"tipo_invalido:CG,G0",40,"A,C,CG,G0,HD,N,NA,OA,S"
CHEMBL556102,"tipo_invalido:CG,G0",36,"C,CG,G0,HD,OA"
CHEMBL556155,"tipo_invalido:CG,G0,G1",68,"A,C,CG,G0,G1,HD,N,OA"
CHEMBL556156,"tipo_invalido:CG,G0,G1",63,"A,C,CG,G0,G1,HD,N,OA,S"
CHEMBL556318,"tipo_invalido:CG,G0",54,"A,C,CG,G0,HD,N,OA,S"
CHEMBL55649,fallo_empirico_4_proteinas,35,"A,C,HD,N,OA,S"
CHEMBL55667,tipo_invalido:Na,24,"C,Na,OA,P"
CHEMBL556896,"tipo_invalido:CG,G0",37,"A,C,CG,Cl,G0,HD,N,NA,OA"
CHEMBL556900,"tipo_invalido:CG,G0",28,"A,C,CG,Cl,G0,HD,N,OA,SA"
CHEMBL556911,"tipo_invalido:CG,G0",37,"A,C,CG,G0,HD,N,NA,OA"
CHEMBL556948,"tipo_invalido:CG,G0,G1",57,"C,CG,G0,G1,HD,OA"
CHEMBL556949,fallo_empirico_4_proteinas,139,"A,C,HD,N,NA,OA,SA"
CHEMBL556990,"tipo_invalido:CG,G0",55,"A,C,CG,G0,NA,OA"
CHEMBL557011,"tipo_invalido:CG,G0",45,"A,C,CG,G0,HD,N,NA,OA,S,SA"
CHEMBL557043,"tipo_invalido:CG,G0",40,"C,CG,G0,HD,OA"
CHEMBL557101,"tipo_invalido:CG,G0",35,"A,C,CG,G0,HD,N,OA"
CHEMBL557207,"tipo_invalido:CG,G0",25,"A,C,CG,Cl,G0,HD,N,OA,SA"
CHEMBL557212,"tipo_invalido:CG,G0",27,"C,CG,G0,HD,OA"
CHEMBL557256,"tipo_invalido:CG,G0",30,"A,C,CG,G0,N,OA"
CHEMBL557260,"tipo_invalido:CG,G0",24,"C,CG,G0,OA"
CHEMBL557300,"tipo_invalido:CG,G0",38,"A,C,CG,G0,HD,N,NA,OA"
CHEMBL557309,"tipo_invalido:CG,G0",29,"A,C,CG,G0,HD,OA"
CHEMBL557310,"tipo_invalido:CG,G0",20,"A,Br,C,CG,G0,N,NA,OA"
CHEMBL557318,"tipo_invalido:CG,G0",23,"A,C,CG,G0,HD,N,OA,S"
CHEMBL557326,"tipo_invalido:CG,G0",37,"A,Br,C,CG,Cl,G0,HD,N,NA"
CHEMBL557332,"tipo_invalido:CG,G0",42,"A,C,CG,G0,HD,N,OA,P,SA"
CHEMBL557348,fallo_empirico_4_proteinas,103,"A,C,HD,N,NA,OA"
CHEMBL557441,"tipo_invalido:CG,G0",42,"A,C,CG,G0,HD,N,OA"
CHEMBL557444,"tipo_invalido:CG,G0",36,"A,C,CG,Cl,G0,HD,OA,SA"
CHEMBL557453,"tipo_invalido:CG,G0",25,"A,C,CG,G0,NA,OA,S"
CHEMBL557454,"tipo_invalido:CG,G0",26,"A,C,CG,G0,NA,OA,S"
CHEMBL557491,"tipo_invalido:CG,G0",33,"A,Br,C,CG,G0,HD,I,N,NA,OA"
CHEMBL557495,"tipo_invalido:CG,G0",33,"A,C,CG,G0,HD,N,OA"
CHEMBL557504,"tipo_invalido:CG,G0",26,"A,C,CG,Cl,F,G0,HD,N,OA,SA"
CHEMBL557508,"tipo_invalido:CG,G0",38,"A,C,CG,G0,HD,N,OA,SA"
CHEMBL557511,"tipo_invalido:CG,G0",30,"A,C,CG,Cl,G0,HD,OA"
CHEMBL557513,"tipo_invalido:CG,G0",48,"A,C,CG,G0,HD,N,NA,OA"
CHEMBL557529,"tipo_invalido:CG,G0",47,"A,C,CG,G0,HD,N,NA,OA,P"
CHEMBL557551,"tipo_invalido:CG,G0",76,"A,C,CG,G0,HD,N,NA,OA,S"
CHEMBL557552,"tipo_invalido:CG,G0,G1",65,"A,C,CG,G0,G1,HD,N,OA"
CHEMBL557559,"tipo_invalido:CG,G0",46,"A,C,CG,G0,HD,N,NA,OA"
CHEMBL557707,"tipo_invalido:CG,G0",36,"A,C,CG,F,G0,HD,N,OA,SA"
CHEMBL557744,"tipo_invalido:CG,G0",35,"A,C,CG,G0,HD,N,OA,S"
CHEMBL557750,"tipo_invalido:CG,G0",50,"A,C,CG,G0,HD,OA"
CHEMBL557766,"tipo_invalido:CG,G0",69,"A,C,CG,G0,HD,N,NA,OA"
CHEMBL557810,"tipo_invalido:CG,G0",28,"A,C,CG,G0,HD,N,OA"
CHEMBL557826,"tipo_invalido:CG,G0",24,"C,CG,G0,HD,OA"
CHEMBL557846,"tipo_invalido:CG,G0",37,"A,C,CG,G0,HD,N,OA"
CHEMBL557849,"tipo_invalido:CG,G0",38,"A,C,CG,G0,N,OA"
CHEMBL557919,"tipo_invalido:CG,G0",42,"A,C,CG,G0,HD,N,OA,SA"
CHEMBL557922,"tipo_invalido:CG,G0",36,"A,C,CG,Cl,G0,OA"
CHEMBL557931,"tipo_invalido:CG,G0",60,"C,CG,G0,HD,N,NA,OA"
CHEMBL557948,"tipo_invalido:CG,G0",44,"A,C,CG,F,G0,HD,N,OA"
CHEMBL55795,fallo_empirico_4_proteinas,16,"A,C,I,N"
CHEMBL557957,"tipo_invalido:CG,G0,G1",73,"A,C,CG,G0,G1,HD,N,OA"
CHEMBL558006,"tipo_invalido:CG,G0",30,"A,C,CG,G0,N,NA,OA,SA"
CHEMBL558032,"tipo_invalido:CG,G0",25,"A,C,CG,F,G0,HD,N,OA,SA"
CHEMBL558046,"tipo_invalido:CG,G0",29,"A,C,CG,G0,HD,N,OA,SA"
CHEMBL558047,"tipo_invalido:CG,G0",27,"A,C,CG,G0,HD,NA,OA,SA"
CHEMBL558049,"tipo_invalido:CG,G0",46,"C,CG,F,G0,HD,OA"
CHEMBL558053,"tipo_invalido:CG,G0",36,"A,C,CG,Cl,G0,HD,OA,SA"
CHEMBL558078,"tipo_invalido:CG,G0",40,"A,C,CG,G0,HD,N,NA,OA,S"
CHEMBL558115,"tipo_invalido:CG,G0",33,"A,C,CG,G0,HD,N,OA"
CHEMBL558129,"tipo_invalido:CG,G0",42,"C,CG,G0,HD,OA"
CHEMBL558154,"tipo_invalido:CG,G0,G1",59,"A,C,CG,G0,G1,HD,N,OA"
CHEMBL558158,"tipo_invalido:CG,G0,G1",59,"C,CG,G0,G1,HD,OA"
CHEMBL558161,"tipo_invalido:CG,G0",104,"A,C,CG,G0,HD,N,NA,OA,SA"
CHEMBL55818,tipo_invalido:Na,35,"A,C,NA,Na,OA,S"
CHEMBL558241,"tipo_invalido:CG,G0",37,"A,C,CG,G0,HD,N,OA"
CHEMBL558245,"tipo_invalido:CG,G0",42,"A,C,CG,G0,HD,N,OA,SA"
CHEMBL558251,"tipo_invalido:CG,G0",39,"A,C,CG,G0,HD,OA"
CHEMBL558265,"tipo_invalido:CG,G0",33,"A,C,CG,G0,HD,OA"
CHEMBL558273,"tipo_invalido:CG,G0",41,"A,C,CG,G0,HD,N,NA,OA,S"
CHEMBL558330,"tipo_invalido:CG,G0",37,"A,C,CG,G0,HD,N,NA,OA"
CHEMBL558355,"tipo_invalido:CG,G0",79,"A,C,CG,G0,HD,N,NA,OA"
CHEMBL558356,"tipo_invalido:CG,G0,G1",62,"A,C,CG,G0,G1,HD,N,OA"
CHEMBL558358,"tipo_invalido:CG,G0",25,"A,C,CG,G0,HD,N,OA"
CHEMBL558360,"tipo_invalido:CG,G0",70,"A,C,CG,F,G0,HD,N,NA,OA"
CHEMBL558403,"tipo_invalido:CG,G0",40,"A,C,CG,G0,HD,N,NA,OA"
CHEMBL558426,"tipo_invalido:CG,G0",25,"A,C,CG,Cl,G0,HD,N,OA,SA"
CHEMBL558465,"tipo_invalido:CG,G0",32,"A,C,CG,G0,N,NA,OA"
CHEMBL558471,"tipo_invalido:CG,G0",43,"A,C,CG,G0,HD,N,NA,OA,S"
CHEMBL558487,"tipo_invalido:CG,G0",21,"C,CG,G0,HD,OA"
CHEMBL558511,"tipo_invalido:CG,G0",75,"A,C,CG,G0,HD,N,NA,OA,SA"
CHEMBL558538,"tipo_invalido:CG,G0",122,"A,C,CG,G0,HD,N,NA,OA"
CHEMBL558554,"tipo_invalido:CG,G0",92,"A,C,CG,G0,HD,N,OA"
CHEMBL558600,fallo_empirico_4_proteinas,130,"A,C,HD,N,NA,OA,SA"
CHEMBL558626,"tipo_invalido:CG,G0",45,"A,C,CG,G0,HD,N,NA,OA,S,SA"
CHEMBL558631,"tipo_invalido:CG,G0",40,"A,C,CG,G0,HD,N,NA,OA,S,SA"
CHEMBL558632,"tipo_invalido:CG,G0",27,"A,C,CG,G0,HD,N,NA,OA"
CHEMBL558633,"tipo_invalido:CG,G0",26,"A,C,CG,G0,HD,OA"
CHEMBL558634,"tipo_invalido:CG,G0",28,"A,C,CG,G0,HD,N,OA"
CHEMBL558672,"tipo_invalido:CG,G0",35,"C,CG,G0,HD,NA,OA"
CHEMBL558679,"tipo_invalido:CG,G0",36,"A,C,CG,G0,NA,OA"
CHEMBL558740,"tipo_invalido:CG,G0",89,"A,C,CG,G0,HD,N,NA,OA,SA"
CHEMBL558755,"tipo_invalido:CG,G0",61,"A,C,CG,G0,HD,N,NA,OA,S"
CHEMBL558758,"tipo_invalido:CG,G0,G1",66,"A,C,CG,G0,G1,HD,N,OA,SA"
CHEMBL558829,"tipo_invalido:CG,G0",45,"A,C,CG,G0,HD,N,NA,OA,S,SA"
CHEMBL558841,"tipo_invalido:CG,G0",27,"A,C,CG,G0,HD,OA"
CHEMBL558844,"tipo_invalido:CG,G0,G1",60,"A,C,CG,G0,G1,HD,N,OA"
CHEMBL558873,tipo_invalido:Si,29,"A,C,HD,NA,OA,Si"
CHEMBL558929,"tipo_invalido:CG,G0",31,"A,C,CG,F,G0,NA,OA,S"
CHEMBL558935,"tipo_invalido:CG,G0",104,"A,C,CG,G0,HD,N,NA,OA,SA"
CHEMBL558941,"tipo_invalido:CG,G0",56,"A,C,CG,Cl,G0,NA,OA"
CHEMBL558949,"tipo_invalido:CG,G0",46,"A,C,CG,G0,HD,OA"
CHEMBL558950,"tipo_invalido:CG,G0",99,"A,C,CG,G0,HD,N,NA,OA,SA"
CHEMBL558991,"tipo_invalido:CG,G0",63,"A,C,CG,G0,HD,N,OA,P,SA"
CHEMBL559002,"tipo_invalido:CG,G0",26,"A,C,CG,Cl,G0,NA,OA,S"
CHEMBL559025,"tipo_invalido:CG,G0",42,"A,C,CG,G0,HD,N,NA,OA,S,SA"
CHEMBL559030,"tipo_invalido:CG,G0",25,"C,CG,G0,HD,OA"
CHEMBL559043,"tipo_invalido:CG,G0",38,"A,C,CG,G0,HD,N,NA,OA"
CHEMBL55906,tipo_invalido:Na,29,"A,C,HD,N,NA,Na,OA,P"
CHEMBL559093,"tipo_invalido:CG,G0",32,"A,C,CG,Cl,F,G0,HD,N,OA"
CHEMBL559142,"tipo_invalido:CG,G0",64,"A,C,CG,G0,HD,N,NA,OA,SA"
CHEMBL559148,"tipo_invalido:CG,G0,G1",52,"A,C,CG,G0,G1,HD,N,NA,OA"
CHEMBL559150,"tipo_invalido:CG,G0",110,"A,C,CG,G0,HD,N,NA,OA,SA"
CHEMBL55921,fallo_empirico_4_proteinas,35,"C,F,HD,N,NA,OA"
CHEMBL559272,"tipo_invalido:CG,G0",38,"C,CG,G0,HD,N,NA,OA"
CHEMBL559289,tipo_invalido:B,13,"A,B,C,HD,OA"
CHEMBL559296,"tipo_invalido:CG,G0",35,"A,C,CG,G0,HD,N,NA,OA"
CHEMBL559302,"tipo_invalido:CG,G0",41,"A,C,CG,G0,HD,N,OA"
CHEMBL559333,"tipo_invalido:CG,G0,G1",63,"A,C,CG,G0,G1,HD,N,OA"
CHEMBL559345,"tipo_invalido:CG,G0",48,"A,C,CG,G0,HD,N,OA,SA"
CHEMBL559354,"tipo_invalido:CG,G0",25,"A,C,CG,G0,HD,N,OA"
CHEMBL559372,fallo_empirico_4_proteinas,111,"A,C,Cl,HD,N,NA,OA"
CHEMBL559411,"tipo_invalido:CG,G0",25,"A,C,CG,G0,HD,N,OA,S"
CHEMBL559412,"tipo_invalido:CG,G0",35,"A,C,CG,F,G0,N,NA,OA"
CHEMBL559431,"tipo_invalido:CG,G0",35,"C,CG,G0,HD,NA,OA"
CHEMBL559444,"tipo_invalido:CG,G0",32,"C,CG,G0,HD,OA"
CHEMBL559452,"tipo_invalido:CG,G0",22,"C,CG,G0,HD,OA"
CHEMBL559469,"tipo_invalido:CG,G0",26,"A,C,CG,Cl,G0,HD,N,OA,SA"
CHEMBL559487,"tipo_invalido:CG,G0",22,"A,C,CG,G0,HD,N,OA,S"
CHEMBL559569,"tipo_invalido:CG,G0",31,"A,C,CG,Cl,G0,HD,NA,OA"
CHEMBL559598,"tipo_invalido:CG,G0",21,"A,Br,C,CG,G0,NA,OA,S"
CHEMBL559599,"tipo_invalido:CG,G0",21,"A,C,CG,F,G0,N,NA,OA"
CHEMBL559615,"tipo_invalido:CG,G0",16,"C,CG,G0,HD,N,OA"
CHEMBL559625,"tipo_invalido:CG,G0",36,"C,CG,G0,HD,NA,OA"
CHEMBL559640,"tipo_invalido:CG,G0",33,"A,C,CG,G0,HD,N,NA,OA"
CHEMBL559665,"tipo_invalido:CG,G0",41,"A,C,CG,G0,HD,N,NA,OA,SA"
CHEMBL559686,"tipo_invalido:CG,G0",35,"C,CG,G0,HD,OA"
CHEMBL559732,"tipo_invalido:CG,G0",32,"A,C,CG,Cl,G0,HD,OA"
CHEMBL559736,"tipo_invalido:CG,G0",35,"A,C,CG,Cl,G0,HD,N,OA"
CHEMBL559751,"tipo_invalido:CG,G0",27,"C,CG,G0,HD,OA"
CHEMBL559779,"tipo_invalido:CG,G0",27,"A,C,CG,G0,HD,N,NA,OA"
CHEMBL559785,"tipo_invalido:CG,G0",37,"A,C,CG,G0,HD,N,NA,OA"
CHEMBL559787,"tipo_invalido:CG,G0",35,"A,C,CG,G0,HD,N,OA"
CHEMBL559796,"tipo_invalido:CG,G0",35,"A,C,CG,G0,OA"
CHEMBL559833,"tipo_invalido:CG,G0",31,"A,C,CG,G0,OA"
CHEMBL559846,"tipo_invalido:CG,G0",26,"C,CG,G0,OA"
CHEMBL559859,"tipo_invalido:CG,G0",31,"A,C,CG,G0,HD,N,OA"
CHEMBL559860,"tipo_invalido:CG,G0",34,"A,C,CG,Cl,F,G0,HD,N,OA"
CHEMBL559873,"tipo_invalido:CG,G0",27,"A,C,CG,Cl,G0,N,NA,OA,S"
CHEMBL559881,"tipo_invalido:CG,G0",26,"A,C,CG,G0,HD,N,OA,S"
CHEMBL559964,"tipo_invalido:CG,G0",37,"A,C,CG,G0,NA,OA"
CHEMBL559967,"tipo_invalido:CG,G0",31,"A,C,CG,G0,N,NA,OA"
CHEMBL560001,"tipo_invalido:CG,G0",28,"A,C,CG,G0,NA,OA,S"
CHEMBL560011,"tipo_invalido:CG,G0",38,"A,C,CG,Cl,G0,OA"
CHEMBL560028,"tipo_invalido:CG,G0",21,"C,CG,G0,HD,OA"
CHEMBL560061,"tipo_invalido:CG,G0",42,"A,C,CG,G0,HD,N,NA,OA,SA"
CHEMBL560064,"tipo_invalido:CG,G0",43,"A,C,CG,G0,HD,N,OA"
CHEMBL560066,"tipo_invalido:CG,G0",37,"A,C,CG,Cl,G0,HD,NA,OA"
CHEMBL560069,"tipo_invalido:CG,G0",20,"A,C,CG,G0,N,NA,OA,S"
CHEMBL560075,"tipo_invalido:CG,G0",30,"A,C,CG,G0,HD,N,NA,OA,S"
CHEMBL560080,"tipo_invalido:CG,G0",24,"C,CG,G0,HD,N,NA,OA"
CHEMBL560149,"tipo_invalido:CG,G0",31,"A,C,CG,Cl,G0,HD,N,NA,OA"
CHEMBL560151,"tipo_invalido:CG,G0",44,"A,C,CG,G0,HD,N,OA,S"
CHEMBL560157,"tipo_invalido:CG,G0",28,"C,CG,G0,HD,OA"
CHEMBL560159,"tipo_invalido:CG,G0",30,"A,C,CG,F,G0,HD,N,NA,OA,SA"
CHEMBL560162,"tipo_invalido:CG,G0",20,"C,CG,G0,OA"
CHEMBL560163,"tipo_invalido:CG,G0",38,"A,C,CG,Cl,G0,HD,N,OA"
CHEMBL560225,"tipo_invalido:CG,G0",24,"C,CG,G0,OA"
CHEMBL560245,"tipo_invalido:CG,G0",31,"A,C,CG,Cl,G0,HD,N,NA"
CHEMBL560255,"tipo_invalido:CG,G0",37,"A,C,CG,G0,HD,N,NA,OA"
CHEMBL560354,"tipo_invalido:CG,G0",36,"A,C,CG,G0,N,NA,OA"
CHEMBL560359,tipo_invalido:Si,33,"A,C,HD,I,OA,Si"
CHEMBL560423,"tipo_invalido:CG,G0",32,"A,C,CG,Cl,G0,HD,N,NA,OA"
CHEMBL560429,"tipo_invalido:CG,G0",30,"A,C,CG,Cl,G0,HD,N,NA,OA"
CHEMBL560446,"tipo_invalido:CG,G0",31,"A,Br,C,CG,G0,HD,I,N,NA"
CHEMBL560517,"tipo_invalido:CG,G0",40,"A,C,CG,G0,HD,N,NA,OA,SA"
CHEMBL560528,"tipo_invalido:CG,G0",34,"A,C,CG,F,G0,HD,N,NA,OA"
CHEMBL560563,"tipo_invalido:CG,G0",39,"A,C,CG,Cl,G0,HD,N,NA,OA"
CHEMBL560565,"tipo_invalido:CG,G0",44,"A,C,CG,G0,HD,N,NA,OA"
CHEMBL560596,"tipo_invalido:CG,G0",26,"A,C,CG,G0,HD,NA,OA,S"
CHEMBL560655,"tipo_invalido:CG,G0",33,"A,C,CG,G0,HD,N,OA,SA"
CHEMBL560714,"tipo_invalido:CG,G0",36,"A,C,CG,G0,HD,N,NA,OA"
CHEMBL560718,"tipo_invalido:CG,G0",26,"A,C,CG,Cl,G0,HD,N,OA,SA"
CHEMBL560737,"tipo_invalido:CG,G0",27,"A,C,CG,G0,HD,N,NA,OA,S"
CHEMBL560764,"tipo_invalido:CG,G0",35,"C,CG,G0,HD,OA"
CHEMBL560784,"tipo_invalido:CG,G0",43,"A,C,CG,Cl,G0,HD,N,OA,SA"
CHEMBL560790,"tipo_invalido:CG,G0",32,"A,C,CG,G0,HD,N,NA,OA"
CHEMBL560824,"tipo_invalido:CG,G0",27,"C,CG,G0,OA"
CHEMBL560864,"tipo_invalido:CG,G0",28,"A,C,CG,G0,HD,OA"
CHEMBL560894,"tipo_invalido:CG,G0",44,"A,C,CG,F,G0,HD,N,NA,OA,S"
CHEMBL560924,"tipo_invalido:CG,G0",31,"A,C,CG,Cl,G0,HD,NA,OA"
CHEMBL560975,"tipo_invalido:CG,G0",36,"A,C,CG,G0,HD,N,NA,OA"
CHEMBL56107,fallo_empirico_4_proteinas,43,"C,F,HD,N,NA,OA"
CHEMBL561070,"tipo_invalido:CG,G0",28,"A,C,CG,G0,N,NA,OA"
CHEMBL561084,"tipo_invalido:CG,G0",24,"C,CG,G0,HD,OA"
CHEMBL561143,"tipo_invalido:CG,G0",25,"C,CG,G0,OA"
CHEMBL561183,"tipo_invalido:CG,G0",21,"C,CG,G0,OA"
CHEMBL561201,"tipo_invalido:CG,G0",24,"C,CG,G0,OA"
CHEMBL561203,"tipo_invalido:CG,G0",22,"A,C,CG,G0,HD,N,NA,OA"
CHEMBL561217,"tipo_invalido:CG,G0",42,"A,C,CG,G0,HD,N,NA,OA,S"
CHEMBL561222,"tipo_invalido:CG,G0",30,"A,C,CG,G0,HD,N,NA,OA,SA"
CHEMBL561257,"tipo_invalido:CG,G0",33,"A,C,CG,G0,HD,N,OA"
CHEMBL561334,"tipo_invalido:CG,G0",24,"A,C,CG,G0,HD,N,NA,OA,S"
CHEMBL561419,"tipo_invalido:CG,G0",29,"A,C,CG,G0,HD,NA,OA,SA"
CHEMBL561436,"tipo_invalido:CG,G0",29,"A,C,CG,G0,HD,NA,OA,SA"
CHEMBL561460,"tipo_invalido:CG,G0",36,"A,C,CG,G0,HD,N,OA"
CHEMBL561464,"tipo_invalido:CG,G0",43,"A,C,CG,Cl,G0,HD,N,OA,SA"
CHEMBL561469,"tipo_invalido:CG,G0",22,"A,Br,C,CG,Cl,G0,N,NA,OA"
CHEMBL561516,"tipo_invalido:CG,G0",37,"A,C,CG,G0,HD,N,NA,OA"
CHEMBL561517,"tipo_invalido:CG,G0",37,"A,C,CG,F,G0,HD,N,NA,OA"
CHEMBL561518,"tipo_invalido:CG,G0",29,"A,C,CG,G0,HD,N,OA"
CHEMBL561532,"tipo_invalido:CG,G0",38,"C,CG,G0,HD,OA"
CHEMBL561543,"tipo_invalido:CG,G0",27,"C,CG,G0,HD,OA"
CHEMBL561549,"tipo_invalido:CG,G0",24,"C,CG,G0,N,OA"
CHEMBL561575,"tipo_invalido:CG,G0",37,"A,C,CG,G0,HD,N,NA,OA"
CHEMBL561647,"tipo_invalido:CG,G0",24,"C,CG,G0,HD,OA"
CHEMBL561687,"tipo_invalido:CG,G0",20,"A,C,CG,G0,N,NA"
CHEMBL561700,"tipo_invalido:CG,G0",30,"A,C,CG,G0,HD,NA,OA,SA"
CHEMBL561749,"tipo_invalido:CG,G0",35,"A,Br,C,CG,Cl,G0,HD,N,NA"
CHEMBL561769,"tipo_invalido:CG,G0",29,"A,C,CG,G0,HD,N,NA,OA"
CHEMBL561830,"tipo_invalido:CG,G0",29,"A,C,CG,G0,NA,OA"
CHEMBL561863,"tipo_invalido:CG,G0",37,"A,C,CG,G0,HD,OA,S"
CHEMBL561866,"tipo_invalido:CG,G0",29,"A,C,CG,Cl,G0,HD,OA,SA"
CHEMBL561887,"tipo_invalido:CG,G0",25,"C,CG,G0,HD,OA"
CHEMBL561898,"tipo_invalido:CG,G0",35,"C,CG,G0,HD,NA,OA"
CHEMBL561933,"tipo_invalido:CG,G0",21,"A,C,CG,Cl,G0,N,NA,OA"
CHEMBL56194,tipo_invalido:K,25,"C,K,OA,P"
CHEMBL561949,"tipo_invalido:CG,G0",34,"A,C,CG,G0,HD,OA"
CHEMBL561981,"tipo_invalido:CG,G0",40,"A,C,CG,G0,HD,N,NA,OA,SA"
CHEMBL562002,"tipo_invalido:CG,G0",31,"A,C,CG,G0,HD,N,NA,OA,S"
CHEMBL562024,"tipo_invalido:CG,G0",31,"A,C,CG,G0,NA,OA"
CHEMBL562065,"tipo_invalido:CG,G0",43,"A,Br,C,CG,G0,HD,N,OA,SA"
CHEMBL562137,"tipo_invalido:CG,G0",32,"A,C,CG,G0,HD,N,NA,OA,S"
CHEMBL562156,"tipo_invalido:CG,G0",37,"C,CG,G0,HD,N,NA,OA"
CHEMBL562187,"tipo_invalido:CG,G0",37,"A,C,CG,Cl,G0,HD,NA,OA"
CHEMBL562194,"tipo_invalido:CG,G0",29,"A,C,CG,G0,HD,N,OA,S"
CHEMBL562195,"tipo_invalido:CG,G0",25,"A,C,CG,G0,N,OA"
CHEMBL562237,"tipo_invalido:CG,G0",33,"A,C,CG,G0,HD,N,NA,OA,SA"
CHEMBL562290,"tipo_invalido:CG,G0",41,"A,C,CG,G0,HD,N,NA,OA,S"
CHEMBL562299,"tipo_invalido:CG,G0",29,"A,C,CG,G0,HD,NA,OA,SA"
CHEMBL562316,"tipo_invalido:CG,G0",43,"A,C,CG,G0,HD,N,NA,OA"
CHEMBL562328,"tipo_invalido:CG,G0",26,"A,C,CG,G0,HD,N,NA,OA"
CHEMBL562346,"tipo_invalido:CG,G0",25,"C,CG,G0,HD,OA"
CHEMBL562453,"tipo_invalido:CG,G0",36,"A,C,CG,G0,HD,N,NA,OA"
CHEMBL562464,"tipo_invalido:CG,G0",31,"A,C,CG,Cl,G0,N,NA,OA"
CHEMBL562487,"tipo_invalido:CG,G0",41,"A,C,CG,F,G0,HD,N,NA,OA,S"
CHEMBL562505,"tipo_invalido:CG,G0",32,"A,C,CG,G0,N,NA,OA"
CHEMBL562520,"tipo_invalido:CG,G0",27,"A,C,CG,G0,HD,OA"
CHEMBL562534,"tipo_invalido:CG,G0",27,"A,C,CG,Cl,G0,HD,NA,OA,S"
CHEMBL562541,"tipo_invalido:CG,G0",26,"C,CG,G0,HD,OA"
CHEMBL562554,"tipo_invalido:CG,G0",39,"A,C,CG,G0,HD,N,NA,OA,S"
CHEMBL562555,"tipo_invalido:CG,G0",45,"A,C,CG,G0,HD,N,NA,OA,S"
CHEMBL562568,"tipo_invalido:CG,G0",39,"C,CG,G0,HD,OA"
CHEMBL562606,"tipo_invalido:CG,G0",31,"A,C,CG,G0,HD,N,NA,OA,S"
CHEMBL562615,"tipo_invalido:CG,G0,G1",38,"C,CG,G0,G1,HD,N,NA,OA"
CHEMBL562644,"tipo_invalido:CG,G0",30,"A,C,CG,G0,NA,OA,S"
CHEMBL562665,"tipo_invalido:CG,G0",64,"A,C,CG,G0,HD,NA,OA"
CHEMBL562676,"tipo_invalido:CG,G0",43,"A,C,CG,G0,HD,N,NA,OA,SA"
CHEMBL562683,"tipo_invalido:CG,G0",42,"A,C,CG,G0,N,OA"
CHEMBL562684,"tipo_invalido:CG,G0",28,"A,C,CG,G0,HD,NA,OA,S"
CHEMBL562703,"tipo_invalido:CG,G0",41,"A,C,CG,F,G0,HD,N,NA,OA,S"
CHEMBL562705,"tipo_invalido:CG,G0",36,"A,C,CG,G0,HD,N,NA,OA"
CHEMBL562708,"tipo_invalido:CG,G0",32,"A,C,CG,Cl,F,G0,HD,N,NA,OA"
CHEMBL562721,"tipo_invalido:CG,G0",43,"A,C,CG,F,G0,HD,N,OA,SA"
CHEMBL562723,"tipo_invalido:CG,G0",43,"A,C,CG,G0,HD,I,N,OA,SA"
CHEMBL562740,"tipo_invalido:CG,G0,G1",41,"C,CG,G0,G1,HD,OA"
CHEMBL562743,"tipo_invalido:CG,G0",19,"A,C,CG,G0,HD,N,NA,OA,S"
CHEMBL562754,"tipo_invalido:CG,G0",23,"A,C,CG,G0,HD,N,OA,S"
CHEMBL562755,"tipo_invalido:CG,G0",39,"A,Br,C,CG,Cl,G0,HD,N,NA,SA"
CHEMBL562758,"tipo_invalido:CG,G0",29,"C,CG,G0,HD,OA"
CHEMBL562770,"tipo_invalido:CG,G0",34,"A,C,CG,Cl,F,G0,HD,N,OA"
CHEMBL562771,"tipo_invalido:CG,G0",27,"A,C,CG,Cl,G0,HD,N,OA,SA"
CHEMBL562773,"tipo_invalido:CG,G0",78,"A,C,CG,G0,HD,N,NA,OA,S"
CHEMBL562774,"tipo_invalido:CG,G0,G1",61,"A,C,CG,G0,G1,HD,N,OA"
CHEMBL562775,"tipo_invalido:CG,G0,G1",65,"A,C,CG,G0,G1,HD,N,OA"
CHEMBL562784,"tipo_invalido:CG,G0",56,"A,C,CG,G0,HD,OA"
CHEMBL562793,"tipo_invalido:CG,G0",22,"A,C,CG,G0,HD,N,NA"
CHEMBL562804,"tipo_invalido:CG,G0",25,"Br,C,CG,G0,HD,OA"
CHEMBL562816,"tipo_invalido:CG,G0",37,"A,C,CG,G0,HD,N,NA,OA"
CHEMBL562853,tipo_invalido:Si,36,"A,C,I,OA,Si"
CHEMBL562866,"tipo_invalido:CG,G0",38,"A,C,CG,G0,HD,N,NA,OA"
CHEMBL562903,"tipo_invalido:CG,G0",24,"A,C,CG,G0,HD,N,OA"
CHEMBL562926,"tipo_invalido:CG,G0",34,"A,C,CG,G0,HD,N,NA,OA"
CHEMBL562938,"tipo_invalido:CG,G0",38,"A,C,CG,G0,HD,N,NA,OA"
CHEMBL562943,"tipo_invalido:CG,G0",35,"A,Br,C,CG,Cl,G0,HD,N,NA"
CHEMBL562952,"tipo_invalido:CG,G0",22,"A,C,CG,G0,N,NA,OA"
CHEMBL562957,"tipo_invalido:CG,G0",90,"A,C,CG,G0,HD,N,OA"
CHEMBL56296,fallo_empirico_4_proteinas,23,"A,C,I,N,NA"
CHEMBL562961,"tipo_invalido:CG,G0",97,"A,C,CG,G0,HD,N,NA,OA,SA"
CHEMBL562995,"tipo_invalido:CG,G0",42,"C,CG,G0,HD,OA"
CHEMBL563062,"tipo_invalido:CG,G0",31,"A,C,CG,F,G0,N,NA,OA"
CHEMBL563072,"tipo_invalido:CG,G0",26,"Br,C,CG,G0,HD,OA"
CHEMBL563080,"tipo_invalido:CG,G0",31,"A,C,CG,Cl,G0,HD,N,NA"
CHEMBL563104,"tipo_invalido:CG,G0,G1",52,"A,C,CG,G0,G1,HD,N,NA,OA"
CHEMBL563105,"tipo_invalido:CG,G0",44,"A,C,CG,G0,OA"
CHEMBL56311,fallo_empirico_4_proteinas,33,"A,C,Cl,HD,N,NA,OA,S"
CHEMBL563114,"tipo_invalido:CG,G0",46,"A,C,CG,F,G0,HD,N,NA,OA,S"
CHEMBL563115,"tipo_invalido:CG,G0",36,"C,CG,G0,HD,NA,OA"
CHEMBL563124,"tipo_invalido:CG,G0",97,"A,C,CG,G0,HD,I,N,NA,OA,SA"
CHEMBL563125,fallo_empirico_4_proteinas,140,"A,C,HD,N,NA,OA,SA"
CHEMBL563204,"tipo_invalido:CG,G0",32,"A,C,CG,Cl,G0,HD,OA"
CHEMBL563213,"tipo_invalido:CG,G0",41,"A,C,CG,G0,HD,OA"
CHEMBL563257,"tipo_invalido:CG,G0",32,"A,C,CG,G0,HD,N,NA,OA"
CHEMBL563262,"tipo_invalido:CG,G0",28,"A,C,CG,F,G0,HD,N,NA,OA,S"
CHEMBL563271,"tipo_invalido:CG,G0",42,"A,C,CG,G0,HD,N,NA,OA,SA"
CHEMBL563287,"tipo_invalido:CG,G0",56,"A,C,CG,G0,HD,N,OA"
CHEMBL563295,"tipo_invalido:CG,G0",35,"A,C,CG,Cl,F,G0,HD,N,OA"
CHEMBL563307,"tipo_invalido:CG,G0",32,"A,C,CG,G0,HD,N,NA,OA,S"
CHEMBL563308,"tipo_invalido:CG,G0",25,"A,C,CG,G0,HD,N,OA,S"
CHEMBL563309,"tipo_invalido:CG,G0",22,"A,Br,C,CG,G0,N,NA,OA"
CHEMBL563310,"tipo_invalido:CG,G0",40,"C,CG,G0,HD,OA"
CHEMBL563330,"tipo_invalido:CG,G0",38,"A,Br,C,CG,Cl,G0,HD,N,NA"
CHEMBL563336,"tipo_invalido:CG,G0",21,"A,C,CG,G0,HD,N,NA,OA,S"
CHEMBL563374,"tipo_invalido:CG,G0",35,"A,C,CG,F,G0,HD,N,OA"
CHEMBL563386,"tipo_invalido:CG,G0",32,"C,CG,G0,HD,OA"
CHEMBL563388,"tipo_invalido:CG,G0",24,"C,CG,G0,N,OA"
CHEMBL563396,"tipo_invalido:CG,G0",30,"C,CG,G0,HD,NA,OA"
CHEMBL563419,"tipo_invalido:CG,G0,G1",38,"C,CG,G0,G1,HD,NA,OA"
CHEMBL563462,"tipo_invalido:CG,G0",90,"A,C,CG,G0,HD,N,NA,OA,SA"
CHEMBL563491,"tipo_invalido:CG,G0",36,"A,C,CG,G0,OA"
CHEMBL563501,"tipo_invalido:CG,G0",43,"A,C,CG,Cl,G0,HD,N,OA,SA"
CHEMBL563519,"tipo_invalido:CG,G0",29,"A,C,CG,F,G0,N,OA"
CHEMBL563531,"tipo_invalido:CG,G0",33,"A,C,CG,F,G0,HD,N,OA"
CHEMBL563540,"tipo_invalido:CG,G0",28,"A,C,CG,Cl,F,G0,HD,N,OA"
CHEMBL563544,"tipo_invalido:CG,G0",40,"A,C,CG,F,G0,HD,N,OA"
CHEMBL563550,"tipo_invalido:CG,G0",29,"A,C,CG,G0,NA,OA"
CHEMBL563555,"tipo_invalido:CG,G0",32,"A,C,CG,G0,HD,N,NA,OA"
CHEMBL563571,"tipo_invalido:CG,G0",33,"A,C,CG,G0,HD,N,NA,OA"
CHEMBL563588,"tipo_invalido:CG,G0",36,"A,C,CG,G0,HD,N,OA"
CHEMBL563601,"tipo_invalido:CG,G0",41,"A,C,CG,G0,HD,N,NA,OA,S,SA"
CHEMBL563603,"tipo_invalido:CG,G0",77,"A,C,CG,G0,HD,N,NA,OA"
CHEMBL563616,fallo_empirico_4_proteinas,121,"C,HD,OA"
CHEMBL563617,fallo_empirico_4_proteinas,117,"C,HD,N,NA,OA"
CHEMBL563622,"tipo_invalido:CG,G0",25,"C,CG,G0,HD,N,OA"
CHEMBL563647,"tipo_invalido:CG,G0",43,"A,C,CG,G0,HD,N,NA,OA,SA"
CHEMBL563672,"tipo_invalido:CG,G0",25,"A,C,CG,G0,HD,N,OA,S"
CHEMBL563701,"tipo_invalido:CG,G0",23,"C,CG,G0,OA"
CHEMBL563705,"tipo_invalido:CG,G0",36,"A,C,CG,G0,HD,N,NA,OA"
CHEMBL563729,"tipo_invalido:CG,G0",39,"C,CG,G0,HD,OA"
CHEMBL563752,"tipo_invalido:CG,G0",32,"A,C,CG,Cl,F,G0,HD,N,OA"
CHEMBL563766,"tipo_invalido:CG,G0",80,"A,C,CG,G0,HD,N,NA,OA"
CHEMBL563767,"tipo_invalido:CG,G0,G1",63,"A,C,CG,G0,G1,HD,N,OA,S"
CHEMBL563768,"tipo_invalido:CG,G0",70,"A,C,CG,G0,HD,N,OA"
CHEMBL563769,"tipo_invalido:CG,G0",82,"A,C,CG,G0,HD,N,NA,OA"
CHEMBL563774,"tipo_invalido:CG,G0",22,"C,CG,G0,NA,OA"
CHEMBL563822,"tipo_invalido:CG,G0",29,"C,CG,G0,HD,OA"
CHEMBL563838,"tipo_invalido:CG,G0",30,"A,C,CG,Cl,G0,HD,OA"
CHEMBL563848,"tipo_invalido:CG,G0",20,"A,C,CG,G0,N,NA,OA"
CHEMBL563853,"tipo_invalido:CG,G0",40,"C,CG,G0,HD,OA"
CHEMBL563859,"tipo_invalido:CG,G0",43,"A,C,CG,G0,HD,I,N,OA,SA"
CHEMBL563881,"tipo_invalido:CG,G0",37,"A,C,CG,Cl,G0,HD,N,OA"
CHEMBL563885,"tipo_invalido:CG,G0",25,"A,C,CG,G0,HD,N,OA,SA"
CHEMBL563893,"tipo_invalido:CG,G0",32,"A,C,CG,G0,HD,N,NA,OA"
CHEMBL563902,"tipo_invalido:CG,G0",32,"A,C,CG,Cl,G0,HD,OA"
CHEMBL563939,"tipo_invalido:CG,G0",22,"C,CG,G0,HD,OA"
CHEMBL563955,"tipo_invalido:CG,G0",38,"C,CG,G0,HD,N,NA,OA"
CHEMBL563959,"tipo_invalido:CG,G0",29,"A,C,CG,G0,HD,NA,OA,SA"
CHEMBL563967,"tipo_invalido:CG,G0",35,"C,CG,G0,HD,OA"
CHEMBL563994,"tipo_invalido:CG,G0",31,"A,C,CG,G0,HD,NA,OA,SA"
CHEMBL564010,"tipo_invalido:CG,G0",40,"A,C,CG,G0,HD,N,NA,OA"
CHEMBL564013,"tipo_invalido:CG,G0",23,"C,CG,G0,HD,OA"
CHEMBL564027,"tipo_invalido:CG,G0",26,"A,C,CG,G0,HD,N,OA,SA"
CHEMBL564048,"tipo_invalido:CG,G0",33,"A,C,CG,G0,HD,N,OA"
CHEMBL564076,"tipo_invalido:CG,G0",30,"A,C,CG,G0,HD,N,NA,OA,S"
CHEMBL564146,"tipo_invalido:CG,G0",26,"A,C,CG,G0,N,NA,OA"
CHEMBL564148,"tipo_invalido:CG,G0",37,"A,C,CG,G0,N,NA,OA"
CHEMBL564151,"tipo_invalido:CG,G0",30,"A,C,CG,Cl,G0,HD,N,OA"
CHEMBL564155,"tipo_invalido:CG,G0",25,"A,C,CG,G0,HD,N,OA,S"
CHEMBL564156,"tipo_invalido:CG,G0",30,"A,C,CG,G0,NA,OA"
CHEMBL564175,"tipo_invalido:CG,G0",29,"A,C,CG,F,G0,HD,NA,OA,SA"
CHEMBL564180,"tipo_invalido:CG,G0",17,"A,C,CG,G0"
CHEMBL564182,"tipo_invalido:CG,G0",22,"C,CG,G0,OA"
CHEMBL564215,"tipo_invalido:CG,G0",27,"A,C,CG,G0,NA,OA,S"
CHEMBL564221,"tipo_invalido:CG,G0",39,"A,C,CG,Cl,G0,HD,N,OA"
CHEMBL564234,"tipo_invalido:CG,G0",35,"A,C,CG,G0,OA"
CHEMBL564254,"tipo_invalido:CG,G0,G1",63,"A,C,CG,G0,G1,HD,N,OA,S"
CHEMBL564278,"tipo_invalido:CG,G0",34,"A,C,CG,Cl,F,G0,HD,N,OA"
CHEMBL564301,"tipo_invalido:CG,G0",29,"A,C,CG,G0,HD,N,NA,OA"
CHEMBL564308,"tipo_invalido:CG,G0",36,"A,C,CG,G0,N"
CHEMBL564309,"tipo_invalido:CG,G0",27,"A,C,CG,G0,HD,N,OA,SA"
CHEMBL564310,"tipo_invalido:CG,G0",35,"A,C,CG,G0,HD,OA"
CHEMBL564329,"tipo_invalido:CG,G0",35,"A,C,CG,G0,HD,N,OA"
CHEMBL564342,"tipo_invalido:CG,G0",39,"A,C,CG,Cl,G0,HD,N,OA"
CHEMBL564365,"tipo_invalido:CG,G0",32,"A,C,CG,G0,HD,N,OA"
CHEMBL564408,tipo_invalido:Si,31,"A,C,NA,OA,Si"
CHEMBL564421,fallo_empirico_4_proteinas,183,"A,C,HD,N,NA,OA"
CHEMBL564422,"tipo_invalido:CG,G0",66,"A,C,CG,Cl,F,G0,HD,N,OA"
CHEMBL564434,"tipo_invalido:CG,G0",42,"A,C,CG,G0,HD,OA"
CHEMBL564443,"tipo_invalido:CG,G0",36,"C,CG,G0,HD,NA,OA"
CHEMBL564466,"tipo_invalido:CG,G0",42,"A,C,CG,G0,HD,N,NA,OA"
CHEMBL564467,"tipo_invalido:CG,G0",39,"C,CG,G0,HD,OA"
CHEMBL564505,"tipo_invalido:CG,G0",32,"A,C,CG,G0,HD,N,NA,OA"
CHEMBL564585,"tipo_invalido:CG,G0,G1",57,"C,CG,G0,G1,HD,OA"
CHEMBL564587,"tipo_invalido:CG,G0",164,"C,CG,G0,HD,OA"
CHEMBL564595,"tipo_invalido:CG,G0",26,"C,CG,G0,HD,OA"
CHEMBL564597,"tipo_invalido:CG,G0",22,"A,C,CG,Cl,G0,OA"
CHEMBL564698,"tipo_invalido:CG,G0",36,"A,C,CG,G0,HD,N,NA,OA"
CHEMBL564700,"tipo_invalido:CG,G0",35,"A,C,CG,G0,HD,N,OA"
CHEMBL564712,"tipo_invalido:CG,G0",44,"A,C,CG,G0,HD,N,NA,OA,S"
CHEMBL564737,"tipo_invalido:CG,G0",33,"A,C,CG,Cl,G0,HD,N,OA"
CHEMBL564754,"tipo_invalido:CG,G0",104,"A,C,CG,G0,HD,N,NA,OA,SA"
CHEMBL564755,"tipo_invalido:CG,G0,G1",75,"A,C,CG,G0,G1,HD,N,OA"
CHEMBL56479,fallo_empirico_4_proteinas,48,"A,C,HD,I,N,NA,OA,S"
CHEMBL564790,"tipo_invalido:CG,G0",30,"A,Br,C,CG,G0,N,NA,OA"
CHEMBL564808,"tipo_invalido:CG,G0",36,"A,C,CG,Cl,G0,HD,N,OA"
CHEMBL564816,"tipo_invalido:CG,G0",26,"A,C,CG,G0,N,NA,OA"
CHEMBL564821,"tipo_invalido:CG,G0",21,"A,Br,C,CG,G0,N,NA,OA"
CHEMBL564825,"tipo_invalido:CG,G0",29,"A,Br,C,CG,G0,N,NA,OA"
CHEMBL564832,"tipo_invalido:CG,G0",26,"A,C,CG,G0,N,OA"
CHEMBL564843,"tipo_invalido:CG,G0",25,"A,C,CG,G0,HD,NA,OA,S"
CHEMBL564848,"tipo_invalido:CG,G0",43,"A,Br,C,CG,G0,HD,N,OA,SA"
CHEMBL564868,"tipo_invalido:CG,G0",26,"C,CG,G0,HD,OA"
CHEMBL564894,"tipo_invalido:CG,G0",23,"C,CG,G0,HD,OA"
CHEMBL564899,"tipo_invalido:CG,G0",28,"A,C,CG,G0,NA,OA"
CHEMBL564900,"tipo_invalido:CG,G0",29,"A,C,CG,G0,HD,N,OA"
CHEMBL564905,"tipo_invalido:CG,G0",42,"A,C,CG,G0,HD,NA,OA,S"
CHEMBL564932,"tipo_invalido:CG,G0",37,"A,C,CG,Cl,G0,HD,N,NA,OA"
CHEMBL564940,"tipo_invalido:CG,G0",40,"A,C,CG,G0,HD,N,OA"
CHEMBL564976,"tipo_invalido:CG,G0",43,"A,C,CG,F,G0,HD,N,OA,SA"
CHEMBL564991,"tipo_invalido:CG,G0",22,"A,C,CG,G0,HD,N,NA,OA,S"
CHEMBL565000,"tipo_invalido:CG,G0",25,"C,CG,G0,HD,OA"
CHEMBL565013,"tipo_invalido:CG,G0",31,"A,C,CG,G0,HD,N,NA,OA"
CHEMBL565018,"tipo_invalido:CG,G0",36,"A,C,CG,G0,HD,N,NA,OA"
CHEMBL565025,"tipo_invalido:CG,G0",25,"A,C,CG,G0,HD,OA"
CHEMBL565034,"tipo_invalido:CG,G0",33,"C,CG,G0,HD,NA,OA"
CHEMBL565044,"tipo_invalido:CG,G0",33,"A,C,CG,Cl,G0,HD,OA,SA"
CHEMBL565049,"tipo_invalido:CG,G0",27,"C,CG,G0,HD,OA"
CHEMBL565075,"tipo_invalido:CG,G0",26,"A,C,CG,Cl,G0,N,NA,OA"
CHEMBL565082,"tipo_invalido:CG,G0",37,"A,C,CG,F,G0,HD,N,NA,OA"
CHEMBL565149,"tipo_invalido:CG,G0",30,"A,C,CG,G0,N,NA,OA"
CHEMBL565158,"tipo_invalido:CG,G0",25,"Br,C,CG,G0,HD,OA"
CHEMBL565201,"tipo_invalido:CG,G0",20,"C,CG,G0,OA"
CHEMBL565289,"tipo_invalido:CG,G0",61,"A,C,CG,G0,HD,N,OA"
CHEMBL565318,"tipo_invalido:CG,G0",36,"A,C,CG,G0,HD,NA"
CHEMBL565319,"tipo_invalido:CG,G0",38,"A,C,CG,G0,HD,NA"
CHEMBL565326,"tipo_invalido:CG,G0",37,"A,C,CG,G0,HD,NA"
CHEMBL565342,tipo_invalido:Si,49,"C,HD,N,OA,Si"
CHEMBL565347,"tipo_invalido:CG,G0",30,"A,C,CG,G0,HD,N,NA,OA,S"
CHEMBL565348,"tipo_invalido:CG,G0",32,"A,C,CG,G0,HD,N,NA,OA,S"
CHEMBL565383,"tipo_invalido:CG,G0",43,"A,C,CG,G0,HD,N,NA,OA"
CHEMBL56541,fallo_empirico_4_proteinas,46,"C,F,HD,N,NA,OA"
CHEMBL565445,"tipo_invalido:CG,G0",39,"A,C,CG,Cl,G0,HD,NA,OA,P"
CHEMBL565512,"tipo_invalido:CG,G0",39,"A,C,CG,G0,HD,N,NA"
CHEMBL565514,"tipo_invalido:CG,G0",38,"A,C,CG,G0,HD,NA"
CHEMBL565547,"tipo_invalido:CG,G0",25,"A,C,CG,G0,HD,N,NA"
CHEMBL565569,"tipo_invalido:CG,G0",44,"A,C,CG,G0,HD,N,NA,OA,SA"
CHEMBL565575,"tipo_invalido:CG,G0",34,"A,C,CG,Cl,G0,N,NA,OA,SA"
CHEMBL565588,"tipo_invalido:CG,G0",41,"A,C,CG,G0,HD,N,NA,OA,S"
CHEMBL565589,"tipo_invalido:CG,G0",39,"A,C,CG,G0,HD,N,NA,OA"
CHEMBL565647,"tipo_invalido:CG,G0",32,"A,C,CG,G0,HD,N,NA,OA"
CHEMBL56565,fallo_empirico_4_proteinas,42,"A,C,F,HD,I,N,OA"
CHEMBL565663,"tipo_invalido:CG,G0",30,"A,C,CG,G0,HD,N,OA"
CHEMBL565664,"tipo_invalido:CG,G0",18,"A,C,CG,G0,N,OA"
CHEMBL565671,"tipo_invalido:CG,G0",33,"A,C,CG,G0,NA"
CHEMBL565692,tipo_invalido:B,54,"A,B,C,HD,N,OA"
CHEMBL565696,tipo_invalido:B,51,"A,B,C,HD,N,NA,OA,S"
CHEMBL565698,"tipo_invalido:CG,G0",37,"A,C,CG,G0,N,NA,OA"
CHEMBL565708,"tipo_invalido:CG,G0",33,"A,C,CG,G0,HD,N,NA,OA"
CHEMBL56571,tipo_invalido:Si,33,"A,C,F,HD,N,NA,OA,Si"
CHEMBL565728,"tipo_invalido:CG,G0",33,"A,C,CG,F,G0,HD,N,NA,OA"
CHEMBL565729,"tipo_invalido:CG,G0",32,"A,C,CG,F,G0,HD,N,NA,OA"
CHEMBL565752,"tipo_invalido:CG,G0",32,"A,C,CG,Cl,G0,HD,N,NA,OA"
CHEMBL565757,"tipo_invalido:CG,G0",40,"A,C,CG,G0,N,NA,OA,S,SA"
CHEMBL565773,"tipo_invalido:CG,G0",24,"A,C,CG,G0,HD,N,NA,OA"
CHEMBL565788,"tipo_invalido:CG,G0",42,"A,C,CG,G0,HD,N,NA,OA"
CHEMBL565880,"tipo_invalido:CG,G0",35,"A,C,CG,G0,NA"
CHEMBL565909,"tipo_invalido:CG,G0",34,"A,C,CG,G0,N,NA,OA"
CHEMBL565914,"tipo_invalido:CG,G0",39,"A,C,CG,F,G0,HD,N,NA,OA"
CHEMBL565946,"tipo_invalido:CG,G0",23,"A,C,CG,Cl,G0,HD,N,NA,OA"
CHEMBL565966,"tipo_invalido:CG,G0",42,"A,C,CG,G0,HD,OA"
CHEMBL565967,"tipo_invalido:CG,G0",40,"A,C,CG,G0,HD,OA"
CHEMBL565981,"tipo_invalido:CG,G0",35,"A,C,CG,F,G0,HD,N,NA,OA"
CHEMBL566028,"tipo_invalido:CG,G0",32,"A,C,CG,G0,HD,N,NA,OA,S"
CHEMBL566064,"tipo_invalido:CG,G0",32,"A,C,CG,G0,HD,N,NA,OA,S"
CHEMBL566098,"tipo_invalido:CG,G0",34,"A,C,CG,G0,HD,N,NA,OA"
CHEMBL566210,"tipo_invalido:CG,G0",43,"A,C,CG,Cl,G0,HD,N,NA,OA"
CHEMBL566251,"tipo_invalido:CG,G0",38,"A,C,CG,G0,HD,N,NA,OA,S"
CHEMBL566298,"tipo_invalido:CG,G0",35,"A,C,CG,G0,HD,N,NA"
CHEMBL566312,"tipo_invalido:CG,G0",32,"A,C,CG,G0,HD,N,NA,OA,S,SA"
CHEMBL566386,"tipo_invalido:CG,G0",35,"A,C,CG,G0,HD,NA"
CHEMBL566443,"tipo_invalido:CG,G0",33,"A,C,CG,G0,HD,N,NA,OA"
CHEMBL566451,"tipo_invalido:CG,G0,G1",36,"C,CG,G0,G1,HD,NA,OA"
CHEMBL566510,"tipo_invalido:CG,G0",27,"A,C,CG,G0,NA"
CHEMBL566534,"tipo_invalido:CG,G0",23,"C,CG,G0,OA"
CHEMBL56658,fallo_empirico_4_proteinas,49,"C,F,HD,N,NA,OA"
CHEMBL56664,fallo_empirico_4_proteinas,43,"C,F,HD,N,NA,OA"
CHEMBL56674,tipo_invalido:Na,16,"A,C,NA,Na,OA,S"
CHEMBL567048,"tipo_invalido:CG,G0",42,"A,C,CG,G0,HD,N,NA,OA"
CHEMBL567211,"tipo_invalido:CG,G0",33,"A,C,CG,G0,N,NA,OA"
CHEMBL56732,tipo_invalido:B,22,"A,B,C,HD,N,NA,OA"
CHEMBL56734,fallo_empirico_4_proteinas,13,"C,I,N,OA"
CHEMBL567377,"tipo_invalido:CG,G0",46,"A,C,CG,G0,N,NA,OA"
CHEMBL56784,tipo_invalido:Na,44,"A,C,HD,N,Na,OA,S"
CHEMBL568005,"tipo_invalido:CG,G0",20,"A,C,CG,G0,HD,N,NA"
CHEMBL568246,"tipo_invalido:CG,G0",24,"A,C,CG,Cl,G0,HD,N,NA,OA"
CHEMBL56829,tipo_invalido:B,20,"A,B,C,F,HD,N,OA"
CHEMBL56859,fallo_empirico_4_proteinas,41,"C,F,HD,N,NA,OA"
CHEMBL56913,tipo_invalido:K,26,"C,K,OA,P"
CHEMBL569489,"tipo_invalido:CG,G0",38,"A,C,CG,G0,HD,NA"
CHEMBL56965,tipo_invalido:Na,37,"A,C,HD,N,NA,Na,OA,S"
CHEMBL569667,fallo_empirico_4_proteinas,184,"A,C,Cl,HD,N,NA,OA"
CHEMBL56992,fallo_empirico_4_proteinas,36,"A,C,Cl,HD,N,NA,OA,S"
CHEMBL57003,fallo_empirico_4_proteinas,17,"A,Br,C,NA,OA"
CHEMBL57020,fallo_empirico_4_proteinas,44,"C,F,HD,N,NA,OA"
CHEMBL57057,fallo_empirico_4_proteinas,40,"C,F,HD,N,NA,OA"
CHEMBL57108,fallo_empirico_4_proteinas,25,"A,C,I,N,NA"
CHEMBL57115,tipo_invalido:Na,26,"C,Na,OA,P"
CHEMBL57117,fallo_empirico_4_proteinas,26,"A,Br,C,Cl,N,OA"
CHEMBL57127,fallo_empirico_4_proteinas,44,"C,F,HD,N,NA,OA"
CHEMBL57222,tipo_invalido:B,28,"A,B,C,Cl,F,HD,N,NA"
CHEMBL57262,tipo_invalido:B,21,"A,B,C,F,HD,N,OA"
CHEMBL57283,fallo_empirico_4_proteinas,15,"A,C,HD,I,NA,OA"
CHEMBL57329,tipo_invalido:B,18,"B,C,HD,N,NA,OA"
CHEMBL57389,fallo_empirico_4_proteinas,14,"C,I,N,OA,S"
CHEMBL57469,fallo_empirico_4_proteinas,53,"C,F,HD,N,NA,OA"
CHEMBL57514,tipo_invalido:Si,34,"A,C,F,HD,N,NA,OA,S,Si"
CHEMBL57610,fallo_empirico_4_proteinas,33,"A,C,Cl,HD,N,NA,OA,S"
CHEMBL57634,tipo_invalido:Si,38,"A,C,Cl,HD,NA,OA,Si"
CHEMBL57649,fallo_empirico_4_proteinas,14,"C,I,N,OA,S"
CHEMBL57651,fallo_empirico_4_proteinas,43,"C,F,HD,N,NA,OA"
CHEMBL57652,fallo_empirico_4_proteinas,47,"C,F,HD,N,NA,OA"
CHEMBL57705,fallo_empirico_4_proteinas,40,"C,F,HD,N,NA,OA"
CHEMBL57729,fallo_empirico_4_proteinas,17,"A,C,I,N"
CHEMBL57785,fallo_empirico_4_proteinas,13,"C,I,N,OA,S"
CHEMBL57832,fallo_empirico_4_proteinas,40,"C,F,HD,N,NA,OA"
CHEMBL57842,fallo_empirico_4_proteinas,15,"A,Br,C,NA,OA"
CHEMBL57915,tipo_invalido:Na,51,"A,C,HD,N,Na,OA"
CHEMBL58014,fallo_empirico_4_proteinas,28,"A,C,F,HD,I,N,OA"
CHEMBL58034,fallo_empirico_4_proteinas,14,"A,Br,C,HD,N,OA"
CHEMBL58036,tipo_invalido:Si,32,"C,HD,OA,Si"
CHEMBL58061,fallo_empirico_4_proteinas,45,"A,C,HD,N,NA,OA,S"
CHEMBL58068,tipo_invalido:Si,29,"A,C,OA,Si"
CHEMBL58190,fallo_empirico_4_proteinas,21,"A,Br,C,NA,OA"
CHEMBL58194,fallo_empirico_4_proteinas,15,"A,Br,C,NA,OA"
CHEMBL58238,fallo_empirico_4_proteinas,31,"A,C,F,HD,N,OA"
CHEMBL58252,fallo_empirico_4_proteinas,15,"A,Br,C,HD,NA,OA"
CHEMBL58264,fallo_empirico_4_proteinas,47,"C,F,HD,N,NA,OA"
CHEMBL58510,fallo_empirico_4_proteinas,39,"A,C,Cl,HD,N,NA,OA,P"
CHEMBL58511,fallo_empirico_4_proteinas,27,"A,Br,C,NA,OA"
CHEMBL58534,tipo_invalido:Na,37,"A,C,Na,OA"
CHEMBL58545,tipo_invalido:B,16,"B,C,F,HD,N,NA,OA"
CHEMBL58574,tipo_invalido:Si,43,"A,C,Cl,HD,NA,OA,Si"
CHEMBL58587,tipo_invalido:Na,29,"A,C,N,NA,Na,OA,P"
CHEMBL58597,fallo_empirico_4_proteinas,40,"A,C,F,HD,N,NA,OA"
CHEMBL58603,tipo_invalido:Si,41,"A,C,Cl,HD,NA,OA,Si"
CHEMBL58631,tipo_invalido:B,14,"B,C,F,HD,N,NA,OA"
CHEMBL58650,fallo_empirico_4_proteinas,44,"C,F,HD,N,NA,OA"
CHEMBL58706,tipo_invalido:B,18,"A,B,C,HD,N,OA"
CHEMBL58794,tipo_invalido:Na,31,"A,C,HD,NA,Na,OA"
CHEMBL58799,tipo_invalido:Na,38,"A,C,F,HD,N,NA,Na,OA,S"
CHEMBL58838,tipo_invalido:Na,38,"A,C,F,HD,N,NA,Na,OA,S"
CHEMBL59025,tipo_invalido:Na,41,"A,C,F,HD,N,NA,Na,OA,S"
CHEMBL59045,tipo_invalido:Na,26,"C,Na,OA,P"
CHEMBL59053,tipo_invalido:Na,32,"A,C,N,NA,Na,OA,S"
CHEMBL59069,fallo_empirico_4_proteinas,35,"A,Br,C,F,HD,N,NA,OA"
CHEMBL59074,fallo_empirico_4_proteinas,31,"A,Br,C,NA,OA"
CHEMBL59085,fallo_empirico_4_proteinas,13,"C,I,N,OA"
CHEMBL59126,tipo_invalido:Na,47,"A,C,F,HD,N,NA,Na,OA,S"
CHEMBL59181,tipo_invalido:Si,27,"A,C,N,NA,OA,Si"
CHEMBL59192,fallo_empirico_4_proteinas,17,"A,Br,C,NA,OA"
CHEMBL59227,tipo_invalido:Na,22,"C,Cl,N,Na,OA,S"
CHEMBL59247,fallo_empirico_4_proteinas,40,"A,Br,C,F,HD,N,NA,OA"
CHEMBL59308,fallo_empirico_4_proteinas,30,"A,C,HD,N,OA,S"
CHEMBL59348,fallo_empirico_4_proteinas,25,"A,C,HD,I,N,OA"
CHEMBL59414,fallo_empirico_4_proteinas,29,"A,C,HD,I,N,OA"
CHEMBL59490,fallo_empirico_4_proteinas,16,"A,Br,C,N,OA"
CHEMBL595069,"tipo_invalido:CG,G0",51,"A,C,CG,G0,HD,I,OA"
CHEMBL595246,"tipo_invalido:CG,G0",50,"A,C,CG,G0,HD,N,NA,OA"
CHEMBL59587,fallo_empirico_4_proteinas,13,"C,I,N,OA"
CHEMBL59632,tipo_invalido:Na,38,"A,C,F,HD,N,NA,Na,OA,S"
CHEMBL59656,tipo_invalido:Na,35,"A,C,HD,Na,OA"
CHEMBL59672,tipo_invalido:Si,31,"A,C,HD,OA,Si"
CHEMBL59679,fallo_empirico_4_proteinas,33,"A,C,HD,N,NA,OA"
CHEMBL59727,fallo_empirico_4_proteinas,33,"A,Br,C,F,HD,N,NA,OA"
CHEMBL59731,fallo_empirico_4_proteinas,12,"Br,C,N,OA"
CHEMBL59744,fallo_empirico_4_proteinas,28,"A,Br,C,N,OA,S"
CHEMBL59788,tipo_invalido:Na,41,"A,C,F,HD,N,NA,Na,OA,S"
CHEMBL59790,fallo_empirico_4_proteinas,25,"A,Br,C,NA,OA"
CHEMBL59795,tipo_invalido:Na,21,"A,C,HD,N,Na,OA,P"
CHEMBL59803,tipo_invalido:Na,42,"A,C,Cl,F,HD,N,NA,Na,OA,S"
CHEMBL59815,tipo_invalido:Na,44,"A,C,F,HD,N,NA,Na,OA,S"
CHEMBL59821,tipo_invalido:Li,27,"A,C,F,Li,NA,OA"
CHEMBL59839,tipo_invalido:Na,42,"A,C,F,HD,N,NA,Na,OA,S"
CHEMBL59851,fallo_empirico_4_proteinas,34,"A,Br,C,HD,N,NA,OA"
CHEMBL59858,tipo_invalido:Li,28,"A,C,Cl,F,Li,NA,OA"
CHEMBL59874,fallo_empirico_4_proteinas,21,"C,Cl,HD,N,NA,OA"
CHEMBL59958,tipo_invalido:Na,20,"C,HD,Na,OA,P,S"
CHEMBL60015,tipo_invalido:K,24,"C,F,HD,K,N,OA"
CHEMBL60041,fallo_empirico_4_proteinas,34,"A,Br,C,F,HD,N,NA,OA"
CHEMBL60072,fallo_empirico_4_proteinas,41,"A,C,HD,N,OA,S"
CHEMBL60074,fallo_empirico_4_proteinas,31,"A,Br,C,NA,OA"
CHEMBL60075,tipo_invalido:Na,42,"A,C,F,HD,N,NA,Na,OA,S"
CHEMBL60081,fallo_empirico_4_proteinas,40,"A,C,F,HD,N,NA,OA,S"
CHEMBL60094,fallo_empirico_4_proteinas,35,"A,Br,C,F,HD,N,NA,OA"
CHEMBL60131,fallo_empirico_4_proteinas,10,"Br,C,HD,N,OA"
CHEMBL60147,tipo_invalido:Na,43,"A,C,F,HD,N,NA,Na,OA,S"
CHEMBL60150,tipo_invalido:Na,33,"C,Cl,HD,NA,Na,OA,P,S"
CHEMBL60180,fallo_empirico_4_proteinas,25,"A,Br,C,NA,OA"
CHEMBL60205,tipo_invalido:Na,28,"C,HD,N,NA,Na,OA"
CHEMBL60206,fallo_empirico_4_proteinas,40,"A,Br,C,F,HD,N,NA,OA"
CHEMBL60220,tipo_invalido:Na,24,"C,N,NA,Na,OA,S"
CHEMBL60239,tipo_invalido:Na,27,"C,HD,N,NA,Na,OA"
CHEMBL60263,tipo_invalido:Na,44,"C,HD,Na,OA,S"
CHEMBL60342,fallo_empirico_4_proteinas,35,"A,C,F,HD,N,NA,OA"
CHEMBL60345,tipo_invalido:Na,42,"A,C,F,HD,N,NA,Na,OA,S"
CHEMBL60421,fallo_empirico_4_proteinas,21,"C,Cl,HD,N,NA,OA"
CHEMBL60441,tipo_invalido:Li,29,"A,C,F,Li,NA,OA"
CHEMBL60445,tipo_invalido:Li,25,"A,C,Cl,Li,NA,OA"
CHEMBL60457,fallo_empirico_4_proteinas,11,"C,I,N,OA"
CHEMBL60491,tipo_invalido:Na,21,"C,N,Na,OA,S"
CHEMBL60514,fallo_empirico_4_proteinas,37,"A,Br,C,F,HD,N,NA,OA"
CHEMBL60596,fallo_empirico_4_proteinas,15,"A,Br,C,HD,NA,OA"
CHEMBL60606,fallo_empirico_4_proteinas,37,"A,C,F,HD,N,NA,OA"
CHEMBL60617,tipo_invalido:Na,28,"A,C,HD,NA,Na,OA"
CHEMBL60676,fallo_empirico_4_proteinas,40,"A,C,HD,N,NA,OA,S"
CHEMBL60695,tipo_invalido:B,21,"A,B,C,F,HD,N,OA"
CHEMBL60696,fallo_empirico_4_proteinas,18,"Br,C,N"
CHEMBL60745,fallo_empirico_4_proteinas,14,"A,Br,C,HD,NA,OA"
CHEMBL60874,fallo_empirico_4_proteinas,19,"A,Br,C,HD,NA,OA"
CHEMBL60881,tipo_invalido:Na,42,"A,C,Na,OA"
CHEMBL60891,fallo_empirico_4_proteinas,35,"A,C,Cl,HD,N,OA"
CHEMBL60948,tipo_invalido:Li,25,"A,C,Li,NA,OA"
CHEMBL61018,fallo_empirico_4_proteinas,44,"C,F,HD,N,NA,OA"
CHEMBL61040,tipo_invalido:Na,13,"C,HD,Na,OA,S"
CHEMBL61063,tipo_invalido:Na,38,"A,C,HD,Na,OA"
CHEMBL61126,fallo_empirico_4_proteinas,16,"A,Br,C,HD,NA,OA"
CHEMBL61146,tipo_invalido:B,18,"A,B,C,HD,N,OA"
CHEMBL61180,fallo_empirico_4_proteinas,20,"A,Br,C,HD,N,OA"
CHEMBL61208,fallo_empirico_4_proteinas,39,"A,C,HD,I,N,OA,S"
CHEMBL61210,fallo_empirico_4_proteinas,26,"A,Br,C,N,S"
CHEMBL61219,tipo_invalido:Na,37,"A,C,F,HD,N,NA,Na,OA,S"
CHEMBL61245,tipo_invalido:Na,17,"A,C,Na,OA,S"
CHEMBL61267,fallo_empirico_4_proteinas,37,"A,C,HD,I,N,OA"
CHEMBL61270,tipo_invalido:Li,27,"A,C,Li,NA,OA"
CHEMBL61285,tipo_invalido:Na,42,"A,C,F,HD,N,NA,Na,OA,S"
CHEMBL61312,fallo_empirico_4_proteinas,15,"A,Br,C,HD,NA,OA"
CHEMBL61340,tipo_invalido:Na,29,"C,HD,N,NA,Na,OA"
CHEMBL61409,fallo_empirico_4_proteinas,26,"A,C,HD,I,N,OA"
CHEMBL61484,fallo_empirico_4_proteinas,42,"A,Br,C,F,HD,N,NA,OA"
CHEMBL61496,fallo_empirico_4_proteinas,40,"A,Br,C,F,HD,N,NA,OA,S"
CHEMBL61515,fallo_empirico_4_proteinas,16,"A,Br,C,HD,NA,OA"
CHEMBL61519,fallo_empirico_4_proteinas,27,"Br,C,HD,N,OA,S"
CHEMBL61531,fallo_empirico_4_proteinas,41,"A,Br,C,F,HD,N,NA,OA"
CHEMBL61542,tipo_invalido:Na,38,"A,C,HD,Na,OA"
CHEMBL61555,tipo_invalido:Na,26,"A,C,HD,Na,OA,P,S"
CHEMBL61557,fallo_empirico_4_proteinas,36,"A,Br,C,F,HD,N,NA,OA"
CHEMBL61560,fallo_empirico_4_proteinas,16,"A,C,Cl,HD,N,OA"
CHEMBL61586,tipo_invalido:Na,37,"A,C,F,HD,N,NA,Na,OA,S"
CHEMBL61618,fallo_empirico_4_proteinas,27,"A,C,HD,N,NA,OA"
CHEMBL61721,fallo_empirico_4_proteinas,28,"C,Cl,HD,N,NA,OA"
CHEMBL61750,fallo_empirico_4_proteinas,30,"A,C,HD,N,OA"
CHEMBL61760,tipo_invalido:Na,24,"C,N,Na,OA,S"
CHEMBL61762,tipo_invalido:Na,25,"C,N,Na,OA,S"
CHEMBL61770,tipo_invalido:Na,38,"A,C,HD,Na,OA"
CHEMBL61796,tipo_invalido:Na,29,"A,C,N,NA,Na,OA"
CHEMBL61833,fallo_empirico_4_proteinas,31,"C,F,HD,N,NA,OA"
CHEMBL61834,fallo_empirico_4_proteinas,30,"C,Cl,HD,N,NA,OA"
CHEMBL61848,tipo_invalido:Si,36,"A,C,HD,NA,OA,Si"
CHEMBL61851,fallo_empirico_4_proteinas,26,"C,Cl,HD,N,NA,OA"
CHEMBL61860,tipo_invalido:Li,27,"A,C,Li,NA,OA"
CHEMBL61861,tipo_invalido:Li,27,"A,C,F,Li,NA,OA"
CHEMBL61868,fallo_empirico_4_proteinas,24,"A,C,HD,N,NA,OA,S"
CHEMBL61875,fallo_empirico_4_proteinas,33,"A,Br,C,F,HD,N,NA,OA"
CHEMBL61905,fallo_empirico_4_proteinas,19,"A,Br,C,NA,OA"
CHEMBL61913,tipo_invalido:Na,39,"A,C,HD,Na,OA"
CHEMBL61919,tipo_invalido:Na,39,"A,C,HD,Na,OA"
CHEMBL61920,tipo_invalido:Na,35,"A,C,HD,Na,OA"
CHEMBL61965,fallo_empirico_4_proteinas,31,"A,Br,C,NA,OA"
CHEMBL62031,fallo_empirico_4_proteinas,25,"A,Br,C,NA,OA"
CHEMBL62051,tipo_invalido:Na,27,"A,C,HD,NA,Na,OA"
CHEMBL62076,fallo_empirico_4_proteinas,38,"A,Br,C,F,HD,N,NA,OA"
CHEMBL62093,tipo_invalido:Na,39,"A,C,F,HD,N,NA,Na,OA,S"
CHEMBL62167,tipo_invalido:Na,43,"A,C,F,HD,N,NA,Na,OA,S"
CHEMBL62180,fallo_empirico_4_proteinas,43,"A,C,HD,I,N,OA"
CHEMBL62210,fallo_empirico_4_proteinas,21,"A,Br,C,NA,OA"
CHEMBL62220,tipo_invalido:Si,29,"A,C,OA,Si"
CHEMBL62230,tipo_invalido:Na,26,"C,HD,N,NA,Na,OA"
CHEMBL62237,fallo_empirico_4_proteinas,29,"A,C,HD,N,OA"
CHEMBL62244,fallo_empirico_4_proteinas,34,"A,C,Cl,HD,N,NA,OA"
CHEMBL62276,fallo_empirico_4_proteinas,26,"A,C,HD,I,N,OA"
CHEMBL62308,fallo_empirico_4_proteinas,44,"A,C,HD,N,NA,OA,S"
CHEMBL62317,fallo_empirico_4_proteinas,35,"Br,C,HD,N,OA"
CHEMBL62339,fallo_empirico_4_proteinas,44,"A,C,HD,I,N,OA"
CHEMBL62381,tipo_invalido:Na,7,"C,Na,OA"
CHEMBL62384,fallo_empirico_4_proteinas,40,"A,C,F,HD,N,NA,OA"
CHEMBL62454,fallo_empirico_4_proteinas,40,"A,C,Cl,HD,N,OA,P"
CHEMBL62493,fallo_empirico_4_proteinas,28,"A,C,HD,I,N"
CHEMBL62505,fallo_empirico_4_proteinas,38,"A,C,HD,NA,OA"
CHEMBL62526,fallo_empirico_4_proteinas,52,"A,C,F,HD,N,NA,OA"
CHEMBL62549,fallo_empirico_4_proteinas,37,"A,C,HD,I,N,OA"
CHEMBL62555,fallo_empirico_4_proteinas,42,"A,C,F,HD,N,NA,OA"
CHEMBL62571,tipo_invalido:Li,29,"A,C,Li,NA,OA"
CHEMBL62598,fallo_empirico_4_proteinas,40,"A,C,HD,I,N,OA"
CHEMBL62611,fallo_empirico_4_proteinas,36,"A,C,HD,I,N,OA"
CHEMBL62628,fallo_empirico_4_proteinas,39,"A,C,F,HD,N,NA,OA"
CHEMBL62668,fallo_empirico_4_proteinas,19,"Br,C,N,OA"
CHEMBL62729,tipo_invalido:Na,27,"C,Cl,HD,NA,Na,OA,P,S"
CHEMBL62827,fallo_empirico_4_proteinas,41,"A,C,F,HD,N,NA,OA"
CHEMBL62925,fallo_empirico_4_proteinas,45,"A,C,F,HD,N,NA,OA"
CHEMBL63007,fallo_empirico_4_proteinas,39,"A,C,HD,OA,S"
CHEMBL63008,fallo_empirico_4_proteinas,29,"Br,C,HD,NA,OA,S"
CHEMBL63095,fallo_empirico_4_proteinas,16,"C,HD,I,N,NA"
CHEMBL63214,tipo_invalido:Si,31,"A,C,HD,OA,Si"
CHEMBL63233,fallo_empirico_4_proteinas,26,"A,C,HD,I,N,OA"
CHEMBL63241,tipo_invalido:Na,42,"C,F,HD,Na,OA,S"
CHEMBL63308,fallo_empirico_4_proteinas,40,"A,C,F,HD,N,NA,OA"
CHEMBL63376,fallo_empirico_4_proteinas,31,"A,C,HD,I,N,NA,OA"
CHEMBL63384,tipo_invalido:Na,35,"A,Br,C,N,Na,OA"
CHEMBL63406,tipo_invalido:B,20,"B,C,HD,N,NA,OA"
CHEMBL63409,fallo_empirico_4_proteinas,25,"A,Br,C,HD,N,OA"
CHEMBL63424,fallo_empirico_4_proteinas,34,"A,C,HD,NA,OA"
CHEMBL63445,fallo_empirico_4_proteinas,50,"A,C,F,HD,N,NA,OA"
CHEMBL63498,tipo_invalido:Si,40,"A,C,N,OA,Si"
CHEMBL63533,fallo_empirico_4_proteinas,18,"A,C,Cl,HD,N,OA"
CHEMBL63540,tipo_invalido:Na,18,"A,C,HD,NA,Na,OA,S"
CHEMBL63542,fallo_empirico_4_proteinas,32,"A,C,Cl,HD,N,NA,OA"
CHEMBL63596,fallo_empirico_4_proteinas,37,"A,C,HD,NA,OA"
CHEMBL63652,tipo_invalido:B,23,"A,B,C,HD,N,NA,OA"
CHEMBL63663,fallo_empirico_4_proteinas,51,"A,C,F,HD,N,NA,OA,S"
CHEMBL63693,fallo_empirico_4_proteinas,31,"A,C,I,N,OA"
CHEMBL63698,tipo_invalido:B,20,"B,C,HD,N,NA,OA"
CHEMBL63726,tipo_invalido:B,23,"B,C,HD,N,NA,OA"
CHEMBL63729,fallo_empirico_4_proteinas,42,"C,F,HD,N,NA,OA,S"
CHEMBL63746,fallo_empirico_4_proteinas,37,"A,C,HD,NA,OA,S"
CHEMBL63754,fallo_empirico_4_proteinas,20,"A,Br,C,HD,N,NA,OA"
CHEMBL63837,fallo_empirico_4_proteinas,42,"C,F,HD,N,NA,OA"
CHEMBL63860,tipo_invalido:B,17,"B,C,HD,N,NA,OA"
CHEMBL63895,tipo_invalido:B,18,"B,C,HD,N,NA,OA"
CHEMBL63977,fallo_empirico_4_proteinas,33,"A,C,Cl,HD,N,NA,OA"
CHEMBL63995,fallo_empirico_4_proteinas,20,"C,F,HD,NA,OA,S"
CHEMBL64028,tipo_invalido:Li,28,"A,C,F,Li,NA,OA"
CHEMBL64056,tipo_invalido:Na,25,"C,N,Na,OA,S"
CHEMBL64077,fallo_empirico_4_proteinas,30,"Br,C,N,OA,S"
CHEMBL64102,tipo_invalido:Li,29,"A,C,F,Li,NA,OA"
CHEMBL64131,fallo_empirico_4_proteinas,44,"A,C,F,HD,N,NA,OA"
CHEMBL64154,tipo_invalido:Li,27,"A,C,F,Li,NA,OA"
CHEMBL64163,fallo_empirico_4_proteinas,38,"A,C,HD,I,N,OA"
CHEMBL64196,fallo_empirico_4_proteinas,11,"C,Cl,HD,I,N,OA"
CHEMBL64255,fallo_empirico_4_proteinas,13,"C,I,N,OA"
CHEMBL64263,fallo_empirico_4_proteinas,37,"A,C,HD,NA,OA"
CHEMBL64267,fallo_empirico_4_proteinas,45,"A,C,F,HD,N,NA,OA"
CHEMBL64272,tipo_invalido:Li,27,"A,C,F,Li,NA,OA"
CHEMBL64328,tipo_invalido:Si,44,"A,C,Cl,N,NA,OA,S,Si"
CHEMBL64339,tipo_invalido:K,25,"C,HD,K,N,OA"
CHEMBL64451,tipo_invalido:Li,24,"A,C,Cl,Li,NA,OA"
CHEMBL64514,fallo_empirico_4_proteinas,32,"A,C,N,NA,S"
CHEMBL64535,fallo_empirico_4_proteinas,48,"A,C,F,HD,N,NA,OA"
CHEMBL64591,fallo_empirico_4_proteinas,36,"A,C,HD,I,N,OA"
CHEMBL64594,fallo_empirico_4_proteinas,48,"A,C,F,HD,N,NA,OA"
CHEMBL64603,fallo_empirico_4_proteinas,32,"A,Br,C,HD,N,OA"
CHEMBL64624,fallo_empirico_4_proteinas,43,"A,C,Cl,HD,N,NA,OA"
CHEMBL64710,tipo_invalido:K,25,"C,HD,K,N,NA,OA"
CHEMBL64750,tipo_invalido:Li,28,"A,C,Cl,F,Li,NA,OA"
CHEMBL64761,fallo_empirico_4_proteinas,28,"Br,C,N,OA,S"
CHEMBL64786,fallo_empirico_4_proteinas,31,"Br,C,N,OA,S"
CHEMBL64793,tipo_invalido:Na,26,"C,Cl,N,Na,OA,S"
CHEMBL64860,fallo_empirico_4_proteinas,41,"A,C,HD,N,NA,OA,S"
CHEMBL64953,tipo_invalido:Na,22,"C,HD,N,Na,OA,S"
CHEMBL65006,tipo_invalido:Si,36,"A,C,HD,NA,OA,Si"
CHEMBL65034,fallo_empirico_4_proteinas,26,"A,C,HD,I,N,OA"
CHEMBL65037,tipo_invalido:Na,35,"A,C,F,HD,N,NA,Na,OA"
CHEMBL65104,fallo_empirico_4_proteinas,26,"A,C,HD,I,N,OA"
CHEMBL65105,fallo_empirico_4_proteinas,38,"A,C,F,HD,N,NA,OA"
CHEMBL65185,fallo_empirico_4_proteinas,45,"A,C,F,HD,N,NA,OA"
CHEMBL66032,tipo_invalido:B,18,"B,C,HD,N,NA,OA"
CHEMBL66200,fallo_empirico_4_proteinas,32,"A,C,F,HD,I,N,OA"
CHEMBL66370,fallo_empirico_4_proteinas,33,"A,C,I,N,OA"
CHEMBL676,tipo_invalido:Na,20,"C,HD,NA,Na,OA,P"
CHEMBL690,tipo_invalido:Na,34,"C,HD,Na,OA"
CHEMBL738,tipo_invalido:Na,18,"C,HD,N,NA,Na,OA,S"
CHEMBL748,fallo_empirico_4_proteinas,12,"A,C,Cl,HD,N,NA,OA"
CHEMBL754,tipo_invalido:Na,10,"C,Na,OA,P"
CHEMBL786,fallo_empirico_4_proteinas,45,"A,C,HD,NA,OA"
CHEMBL812,fallo_empirico_4_proteinas,14,"A,Br,C,N,OA"
CHEMBL843,fallo_empirico_4_proteinas,36,"A,C,HD,N,NA,OA,S"
CHEMBL876,tipo_invalido:Na,21,"A,C,Cl,HD,N,Na,OA"
CHEMBL915,tipo_invalido:Na,29,"A,C,N,Na,OA"
CHEMBL928,tipo_invalido:Na,24,"A,C,N,NA,Na,OA"
CHEMBL935,fallo_empirico_4_proteinas,40,"A,C,HD,N,NA,OA,S"
CHEMBL944,fallo_empirico_4_proteinas,22,"A,C,Cl,HD,N,NA,OA"
CHEMBL962,tipo_invalido:Na,28,"C,HD,Na,OA"
CHEMBL975,tipo_invalido:Na,9,"C,HD,Na,OA,S"
CHLORDIAZEPOXIDE,"tipo_invalido:CG,G0",24,"A,C,CG,Cl,G0,HD,N,NA,OA"
CLARITHROMYCIN,"tipo_invalido:CG,G0",58,"C,CG,G0,HD,NA,OA"
CLOBAZAM,"tipo_invalido:CG,G0",23,"A,C,CG,Cl,G0,N,OA"
CLOMIPRAMINE,"tipo_invalido:CG,G0",24,"A,C,CG,Cl,G0,N,NA"
CLONAZEPAM,"tipo_invalido:CG,G0",25,"A,C,CG,Cl,G0,HD,N,NA,OA"
CLORAZEPIC ACID,"tipo_invalido:CG,G0",26,"A,C,CG,Cl,G0,HD,N,NA,OA"
CLOTIAZEPAM,"tipo_invalido:CG,G0",23,"A,C,CG,Cl,G0,N,NA,OA,S"
COLCHICINE,"tipo_invalido:CG,G0",32,"A,C,CG,G0,HD,N,OA"
CONIVAPTAN,"tipo_invalido:CG,G0",42,"A,C,CG,G0,HD,N,NA,OA"
CRISABOROLE,tipo_invalido:B,20,"A,B,C,HD,NA,OA"
DALFOPRISTIN,"tipo_invalido:CG,G0",52,"A,C,CG,G0,HD,N,NA,OA,S"
DESIPRAMINE,"tipo_invalido:CG,G0",23,"A,C,CG,G0,HD,N,NA"
DESLORATADINE,"tipo_invalido:CG,G0",25,"A,C,CG,Cl,G0,HD,NA"
DIAZEPAM,"tipo_invalido:CG,G0",22,"A,C,CG,Cl,G0,N,NA,OA"
DILTIAZEM,"tipo_invalido:CG,G0",31,"A,C,CG,G0,N,NA,OA,SA"
DIRITHROMYCIN,"tipo_invalido:CG,G0",65,"C,CG,G0,HD,NA,OA"
DOCETAXEL ANHYDROUS,"tipo_invalido:CG,G0",65,"A,C,CG,G0,HD,N,OA"
EMEDASTINE,"tipo_invalido:CG,G0",24,"A,C,CG,G0,N,NA,OA"
ERIBULIN,"tipo_invalido:CG,G0",57,"C,CG,G0,HD,NA,OA"
ERYTHROMYCIN ETHYLSUCCINATE,"tipo_invalido:CG,G0",66,"C,CG,G0,HD,NA,OA"
ERYTHROMYCIN PROPIONATE,"tipo_invalido:CG,G0",61,"C,CG,G0,HD,NA,OA"
ERYTHROMYCIN,"tipo_invalido:CG,G0",58,"C,CG,G0,HD,NA,OA"
ESLICARBAZEPINE ACETATE,"tipo_invalido:CG,G0",26,"A,C,CG,G0,HD,N,OA"
ESLICARBAZEPINE,"tipo_invalido:CG,G0",24,"A,C,CG,G0,HD,N,OA"
EVEROLIMUS,"tipo_invalido:CG,G0",73,"C,CG,G0,HD,N,OA"
FENOLDOPAM,"tipo_invalido:CG,G0",27,"A,C,CG,Cl,G0,HD,NA,OA"
FIDAXOMICIN,"tipo_invalido:CG,G0",81,"A,C,CG,Cl,G0,HD,OA"
FLUNITRAZEPAM,"tipo_invalido:CG,G0",25,"A,C,CG,F,G0,N,NA,OA"
FLURAZEPAM,"tipo_invalido:CG,G0",29,"A,C,CG,Cl,F,G0,N,NA,OA"
GALANTAMINE,"tipo_invalido:CG,G0",24,"A,C,CG,G0,HD,NA,OA"
GLECAPREVIR,"tipo_invalido:CG,G0",63,"A,C,CG,F,G0,HD,N,NA,OA,S"
GRAZOPREVIR ANHYDROUS,"tipo_invalido:CG,G0",59,"A,C,CG,G0,HD,N,NA,OA,S"
GUANETHIDINE,"tipo_invalido:CG,G0",20,"C,CG,G0,HD,N,NA"
HALAZEPAM,"tipo_invalido:CG,G0",26,"A,C,CG,Cl,F,G0,N,NA,OA"
HEPTABARBITAL,"tipo_invalido:CG,G0",22,"C,CG,G0,HD,N,OA"
IMIPRAMINE,"tipo_invalido:CG,G0",23,"A,C,CG,G0,N,NA"
INAVOLISIB,"tipo_invalido:CG,G0",34,"A,C,CG,F,G0,HD,N,NA,OA"
INGENOL MEBUTATE,"tipo_invalido:CG,G0,G1",38,"C,CG,G0,G1,HD,OA"
IPRINDOLE,"tipo_invalido:CG,G0",23,"A,C,CG,G0,N,NA"
IVABRADINE,"tipo_invalido:CG,G0",36,"A,C,CG,G0,N,NA,OA"
IXABEPILONE,"tipo_invalido:CG,G0",40,"A,C,CG,G0,HD,N,NA,OA,S"
IXAZOMIB CITRATE,tipo_invalido:B,38,"A,B,C,Cl,HD,N,OA"
KETAZOLAM,"tipo_invalido:CG,G0",28,"A,C,CG,Cl,G0,N,OA"
KETOTIFEN,"tipo_invalido:CG,G0",24,"A,C,CG,G0,NA,OA,S"
LEFAMULIN,"tipo_invalido:CG,G0",41,"C,CG,G0,HD,NA,OA,SA"
LOFEPRAMINE,"tipo_invalido:CG,G0",32,"A,C,CG,Cl,G0,N,NA,OA"
LONAFARNIB,"tipo_invalido:CG,G0",40,"A,Br,C,CG,Cl,G0,HD,N,NA,OA"
LORATADINE,"tipo_invalido:CG,G0",29,"A,C,CG,Cl,G0,N,NA,OA"
LORAZEPAM,"tipo_invalido:CG,G0",25,"A,C,CG,Cl,G0,HD,N,NA,OA"
LORCASERIN,"tipo_invalido:CG,G0",16,"A,C,CG,Cl,G0,HD,NA"
LORMETAZEPAM,"tipo_invalido:CG,G0",25,"A,C,CG,Cl,G0,HD,N,NA,OA"
LURBINECTEDIN,"tipo_invalido:CG,G0",62,"A,C,CG,G0,HD,N,NA,OA,SA"
MARALIXIBAT,"tipo_invalido:CG,G0",51,"A,C,CG,G0,HD,N,NA,OA,S"
MEDAZEPAM,"tipo_invalido:CG,G0",21,"A,C,CG,Cl,G0,N,NA"
MEPTAZINOL,"tipo_invalido:CG,G0",20,"A,C,CG,G0,HD,NA,OA"
METOCURINE,"tipo_invalido:CG,G0",50,"A,C,CG,G0,N,OA"
MICAFUNGIN,"tipo_invalido:CG,G0",108,"A,C,CG,G0,HD,N,NA,OA,S"
MOXIDECTIN,"tipo_invalido:CG,G0",50,"C,CG,G0,HD,NA,OA"
MOZAVAPTAN,"tipo_invalido:CG,G0",35,"A,C,CG,G0,HD,N,NA,OA"
NATAMYCIN,"tipo_invalido:CG,G0",57,"C,CG,G0,HD,NA,OA"
NEFOPAM,"tipo_invalido:CG,G0",21,"A,C,CG,G0,NA,OA"
NITRAZEPAM,"tipo_invalido:CG,G0",24,"A,C,CG,G0,HD,N,NA,OA"
NORTRIPTYLINE,"tipo_invalido:CG,G0",23,"A,C,CG,G0,HD,NA"
ODEVIXIBAT,"tipo_invalido:CG,G0",58,"A,C,CG,G0,HD,N,NA,OA,S,SA"
OMACETAXINE MEPESUCCINATE,"tipo_invalido:CG,G0",43,"A,C,CG,G0,HD,NA,OA"
OXAZEPAM,"tipo_invalido:CG,G0",24,"A,C,CG,Cl,G0,HD,N,NA,OA"
OXCARBAZEPINE,"tipo_invalido:CG,G0",23,"A,C,CG,G0,HD,N,OA"
PACLITAXEL,"tipo_invalido:CG,G0",68,"A,C,CG,G0,HD,N,OA"
PACRITINIB,"tipo_invalido:CG,G0",38,"A,C,CG,G0,HD,N,NA,OA"
PARITAPREVIR,"tipo_invalido:CG,G0",60,"A,C,CG,G0,HD,N,NA,OA,S"
PENTOSTATIN,"tipo_invalido:CG,G0",25,"A,C,CG,G0,HD,N,NA,OA"
PIMECROLIMUS,"tipo_invalido:CG,G0",60,"C,CG,Cl,G0,HD,N,OA"
PLERIXAFOR,"tipo_invalido:CG,G0,G1",46,"A,C,CG,G0,G1,HD,NA"
PLITIDEPSIN,"tipo_invalido:CG,G0",85,"A,C,CG,G0,HD,N,OA"
PRAZEPAM,"tipo_invalido:CG,G0",25,"A,C,CG,Cl,G0,N,NA,OA"
QUAZEPAM,"tipo_invalido:CG,G0",27,"A,C,CG,Cl,F,G0,N,NA,S"
QUINUPRISTIN,"tipo_invalido:CG,G0",79,"A,C,CG,G0,HD,N,NA,OA,SA"
REPOTRECTINIB,"tipo_invalido:CG,G0",30,"A,C,CG,F,G0,HD,N,NA,OA"
REZAFUNGIN,"tipo_invalido:CG,G0",103,"A,C,CG,G0,HD,N,OA"
RIFABUTIN,"tipo_invalido:CG,G0",68,"A,C,CG,G0,HD,N,NA,OA"
RIFAMPIN,"tipo_invalido:CG,G0",67,"A,C,CG,G0,HD,N,NA,OA"
RIFAMYCIN,"tipo_invalido:CG,G0",58,"A,C,CG,G0,HD,N,OA"
RIFAXIMIN,"tipo_invalido:CG,G0",64,"A,C,CG,G0,HD,N,NA,OA"
RIMEGEPANT,"tipo_invalido:CG,G0",44,"A,C,CG,F,G0,HD,N,NA,OA"
RUCAPARIB,"tipo_invalido:CG,G0",29,"A,C,CG,F,G0,HD,N,NA,OA"
RUPATADINE,"tipo_invalido:CG,G0",32,"A,C,CG,Cl,G0,NA"
Rapamycin,"tipo_invalido:CG,G0",42,"C,CG,G0,HD,N,OA"
SIMEPREVIR,"tipo_invalido:CG,G0",56,"A,C,CG,G0,HD,N,NA,OA,S"
SIROLIMUS,"tipo_invalido:CG,G0",70,"C,CG,G0,HD,N,OA"
SUVOREXANT,"tipo_invalido:CG,G0",34,"A,C,CG,Cl,G0,N,NA,OA"
TAVABOROLE,tipo_invalido:B,12,"A,B,C,F,HD,OA"
TELITHROMYCIN,"tipo_invalido:CG,G0",61,"A,C,CG,G0,HD,N,NA,OA"
TEMAZEPAM,"tipo_invalido:CG,G0",24,"A,C,CG,Cl,G0,HD,N,NA,OA"
TEMSIROLIMUS,"tipo_invalido:CG,G0",79,"C,CG,G0,HD,N,OA"
TETRAZEPAM,"tipo_invalido:CG,G0",22,"A,C,CG,Cl,G0,N,NA,OA"
TOLAZAMIDE,"tipo_invalido:CG,G0",25,"A,C,CG,G0,HD,N,NA,OA,S"
TOLVAPTAN,"tipo_invalido:CG,G0",36,"A,C,CG,Cl,G0,HD,N,OA"
TRABECTEDIN,"tipo_invalido:CG,G0",60,"A,C,CG,G0,HD,NA,OA,SA"
TRIMIPRAMINE,"tipo_invalido:CG,G0",24,"A,C,CG,G0,N,NA"
TRISILICATE,tipo_invalido:Si,15,"HD,OA,Si"
TROLEANDOMYCIN,"tipo_invalido:CG,G0",59,"C,CG,G0,NA,OA"
TUBOCURARINE,"tipo_invalido:CG,G0",49,"A,C,CG,G0,HD,N,NA,OA"
VABORBACTAM,tipo_invalido:B,23,"A,B,C,HD,N,OA,S"
VANCOMYCIN,"tipo_invalido:CG,G0,G1,G2",128,"A,C,CG,Cl,G0,G1,G2,HD,N,NA,OA"
VANZACAFTOR,"tipo_invalido:CG,G0",48,"A,C,CG,G0,HD,N,NA,OA,S"
VINBLASTINE,"tipo_invalido:CG,G0",64,"A,C,CG,G0,HD,N,NA,OA"
VINCRISTINE,"tipo_invalido:CG,G0",65,"A,C,CG,G0,HD,N,NA,OA"
VINDESINE,"tipo_invalido:CG,G0",63,"A,C,CG,G0,HD,N,NA,OA"
VINFLUNINE,"tipo_invalido:CG,G0",63,"A,C,CG,F,G0,HD,N,NA,OA"
VINORELBINE,"tipo_invalido:CG,G0",61,"A,C,CG,G0,HD,N,NA,OA"
VOXILAPREVIR,"tipo_invalido:CG,G0",65,"A,C,CG,F,G0,HD,N,NA,OA,S"
