ligand,smiles,metal,motivo,smiles_corregido
ACAMPROSATE CALCIUM,CC(=O)NCCCS(=O)(=O)[O-].CC(=O)NCCCS(=O)(=O)[O-].[Ca+2],Ca,metal_Ca,CC(=O)NCCCS(=O)(=O)[O-]
ACETARSONE,CC(=O)Nc1cc([As](=O)(O)O)ccc1O,As,metal_As,CC(=O)Nc1cc([As](=O)(O)O)ccc1O
ACETAZOLAMIDE SODIUM,CC(=O)Nc1nnc(S([NH-])(=O)=O)s1.[Na+],Na,metal_Na,CC(=O)Nc1nnc(S([NH-])(=O)=O)s1
ACETRIZOATE SODIUM,CC(=O)Nc1c(I)cc(I)c(C(=O)[O-])c1I.O.[Na+],Na,metal_Na,CC(=O)Nc1c(I)cc(I)c(C(=O)[O-])c1I
ACYCLOVIR SODIUM,Nc1nc([O-])c2ncn(COCCO)c2n1.[Na+],Na,metal_Na,Nc1nc([O-])c2ncn(COCCO)c2n1
ALENDRONATE SODIUM,NCCCC(O)(P(=O)([O-])O)P(=O)(O)O.[Na+],Na,metal_Na,NCCCC(O)(P(=O)([O-])O)P(=O)(O)O
ALLOPURINOL SODIUM,O=c1[n-]cnc2[nH]ncc12.[Na+],Na,metal_Na,O=c1[n-]cnc2[nH]ncc12
ALUMINUM ACETATE,CC(=O)[O-].CC(=O)[O-].CC(=O)[O-].[Al+3],Al,metal_Al,[Al+3]
ALUMINUM CHLORIDE,O.O.O.O.O.O.[Al+3].[Cl-].[Cl-].[Cl-],Al,metal_Al,[Al+3]
ALUMINUM CHLORIDE ANHYDROUS,Cl[Al](Cl)Cl,Al,metal_Al,[Cl][Al]([Cl])[Cl]
ALUMINUM HYDROXIDE,O[Al](O)O,Al,metal_Al,[OH][Al]([OH])[OH]
AMINOHIPPURATE SODIUM,Nc1ccc(C(=O)NCC(=O)[O-])cc1.[Na+],Na,metal_Na,Nc1ccc(C(=O)NCC(=O)[O-])cc1
AMINOSALICYLATE POTASSIUM,Nc1ccc(C(=O)[O-])c(O)c1.[K+],K,metal_K,Nc1ccc(C(=O)[O-])c(O)c1
AMINOSALICYLATE SODIUM,Nc1ccc(C(=O)[O-])c(O)c1.O.O.[Na+],Na,metal_Na,Nc1ccc(C(=O)[O-])c(O)c1
AMOBARBITAL SODIUM,CCC1(CCC(C)C)C(=O)N=C([O-])NC1=O.[Na+],Na,metal_Na,CCC1(CCC(C)C)C(=O)N=C([O-])NC1=O
AMPICILLIN SODIUM,CC1(C)S[C@@H]2[C@H](NC(=O)[C@H](N)c3ccccc3)C(=O)N2[C@H]1C(=O)[O-].[Na+],Na,metal_Na,CC1(C)S[C@@H]2[C@H](NC(=O)[C@H](N)c3ccccc3)C(=O)N2[C@H]1C(=O)[O-]
ARSENIC TRIOXIDE,O=[As][As+](=O)[O-],As,metal_As,O=[As][As+](=O)[O-]
ATORVASTATIN CALCIUM,CC(C)c1c(C(=O)Nc2ccccc2)c(-c2ccccc2)c(-c2ccc(F)cc2)n1CC[C@@H](O)C[C@@H](O)CC(=O)[O-].CC(C)c1c(C(=O)Nc2ccccc2)c(-c2ccccc2)c(-c2ccc(F)cc2)n1CC[C@@H](O)C[C@@H](O)CC(=O)[O-].[Ca+2],Ca,metal_Ca,CC(C)c1c(C(=O)Nc2ccccc2)c(-c2ccccc2)c(-c2ccc(F)cc2)n1CC[C@@H](O)C[C@@H](O)CC(=O)[O-]
AVIBACTAM SODIUM,NC(=O)[C@@H]1CC[C@@H]2CN1C(=O)N2OS(=O)(=O)[O-].[Na+],Na,metal_Na,NC(=O)[C@@H]1CC[C@@H]2CN1C(=O)N2OS(=O)(=O)[O-]
AZATHIOPRINE SODIUM,Cn1cnc([N+](=O)[O-])c1Sc1ncnc2nc[n-]c12.[Na+],Na,metal_Na,Cn1cnc([N+](=O)[O-])c1Sc1ncnc2nc[n-]c12
AZILSARTAN KAMEDOXOMIL,CCOc1nc2cccc(C(=O)OCc3oc(=O)oc3C)c2n1Cc1ccc(-c2ccccc2-c2noc(=O)[n-]2)cc1.[K+],K,metal_K,CCOc1nc2cccc(C(=O)OCc3oc(=O)oc3C)c2n1Cc1ccc(-c2ccccc2-c2noc(=O)[n-]2)cc1
AZLOCILLIN SODIUM,CC1(C)S[C@@H]2[C@H](NC(=O)[C@H](NC(=O)N3CCNC3=O)c3ccccc3)C(=O)N2[C@H]1C(=O)[O-].[Na+],Na,metal_Na,CC1(C)S[C@@H]2[C@H](NC(=O)[C@H](NC(=O)N3CCNC3=O)c3ccccc3)C(=O)N2[C@H]1C(=O)[O-]
BALSALAZIDE DISODIUM,O=C([O-])CCNC(=O)c1ccc(/N=N/c2ccc(O)c(C(=O)[O-])c2)cc1.[Na+].[Na+],Na,metal_Na,O=C([O-])CCNC(=O)c1ccc(/N=N/c2ccc(O)c(C(=O)[O-])c2)cc1
BARBITAL SODIUM,CCC1(CC)C(=O)[N-]C(=O)NC1=O.[Na+],Na,metal_Na,CCC1(CC)C(=O)[N-]C(=O)NC1=O
BARIUM SULFATE,O=S(=O)([O-])[O-].[Ba+2],Ba,metal_Ba,[Ba+2]
BETAMETHASONE SODIUM PHOSPHATE,C[C@H]1C[C@H]2[C@@H]3CCC4=CC(=O)C=C[C@]4(C)[C@@]3(F)[C@@H](O)C[C@]2(C)[C@@]1(O)C(=O)COP(=O)([O-])[O-].[Na+].[Na+],Na,metal_Na,C[C@H]1C[C@H]2[C@@H]3CCC4=CC(=O)C=C[C@]4(C)[C@@]3(F)[C@@H](O)C[C@]2(C)[C@@]1(O)C(=O)COP(=O)([O-])[O-]
BICTEGRAVIR SODIUM,O=C(NCc1c(F)cc(F)cc1F)c1cn2c(c([O-])c1=O)C(=O)N1[C@H]3CC[C@H](C3)O[C@@H]1C2.[Na+],Na,metal_Na,O=C(NCc1c(F)cc(F)cc1F)c1cn2c(c([O-])c1=O)C(=O)N1[C@H]3CC[C@H](C3)O[C@@H]1C2
BITHIONOLATE SODIUM,[Na+].[Na+].[O-]c1c(Cl)cc(Cl)cc1Sc1cc(Cl)cc(Cl)c1[O-],Na,metal_Na,[O-]c1c(Cl)cc(Cl)cc1Sc1cc(Cl)cc(Cl)c1[O-]
BRILLIANT BLUE G,CCOc1ccc(Nc2ccc(/C(=C3/C=C/C(=[N+](/CC)Cc4cccc(S(=O)(=O)[O-])c4)C=C3C)c3ccc(N(CC)Cc4cccc(S(=O)(=O)[O-])c4)cc3C)cc2)cc1.[Na+],Na,metal_Na,CCOc1ccc(Nc2ccc(/C(=C3C=C/C(=[N+](/CC)Cc4cccc(S(=O)(=O)[O-])c4)C=C/3C)c3ccc(N(CC)Cc4cccc(S(=O)(=O)[O-])c4)cc3C)cc2)cc1
BROMFENAC SODIUM,Nc1c(CC(=O)[O-])cccc1C(=O)c1ccc(Br)cc1.Nc1c(CC(=O)[O-])cccc1C(=O)c1ccc(Br)cc1.O.O.O.[Na+].[Na+],Na,metal_Na,Nc1c(CC(=O)[O-])cccc1C(=O)c1ccc(Br)cc1
BUTABARBITAL SODIUM,CCC(C)C1(CC)C(=O)[N-]C(=O)NC1=O.[Na+],Na,metal_Na,CCC(C)C1(CC)C(=O)[N-]C(=O)NC1=O
CABOTEGRAVIR SODIUM,C[C@H]1CO[C@@H]2Cn3cc(C(=O)NCc4ccc(F)cc4F)c(=O)c([O-])c3C(=O)N12.[Na+],Na,metal_Na,C[C@H]1CO[C@@H]2Cn3cc(C(=O)NCc4ccc(F)cc4F)c(=O)c([O-])c3C(=O)N12
CALCIUM,[Ca],Ca,metal_Ca,[Ca]
CALCIUM ACETATE,CC(=O)[O-].CC(=O)[O-].[Ca+2],Ca,metal_Ca,CC(=O)[O-]
CALCIUM CARBONATE,O=C([O-])[O-].[Ca+2],Ca,metal_Ca,O=C([O-])[O-]
CALCIUM CHLORIDE,[Ca+2].[Cl-].[Cl-],Ca,metal_Ca,[Ca+2]
CALCIUM GLUBIONATE,O.O=C([O-])[C@H](O)[C@@H](O)[C@H](O)[C@H](O)CO.O=C([O-])[C@H](O)[C@@H](O)[C@H](O[C@@H]1O[C@H](CO)[C@H](O)[C@H](O)[C@H]1O)[C@H](O)CO.[Ca+2],Ca,metal_Ca,O=C([O-])[C@H](O)[C@@H](O)[C@H](O[C@@H]1O[C@H](CO)[C@H](O)[C@H](O)[C@H]1O)[C@H](O)CO
CALCIUM GLUBIONATE ANHYDROUS,O=C([O-])[C@H](O)[C@@H](O)[C@H](O)[C@H](O)CO.O=C([O-])[C@H](O)[C@@H](O)[C@H](O[C@@H]1O[C@H](CO)[C@H](O)[C@H](O)[C@H]1O)[C@H](O)CO.[Ca+2],Ca,metal_Ca,O=C([O-])[C@H](O)[C@@H](O)[C@H](O[C@@H]1O[C@H](CO)[C@H](O)[C@H](O)[C@H]1O)[C@H](O)CO
CALCIUM GLUCEPTATE,O=C([O-])C(O)[C@H](O)[C@@H](O)[C@H](O)[C@H](O)CO.O=C([O-])C(O)[C@H](O)[C@@H](O)[C@H](O)[C@H](O)CO.[Ca+2],Ca,metal_Ca,O=C([O-])C(O)[C@H](O)[C@@H](O)[C@H](O)[C@H](O)CO
CALCIUM GLUCONATE,O=C([O-])[C@H](O)[C@@H](O)[C@H](O)[C@H](O)CO.O=C([O-])[C@H](O)[C@@H](O)[C@H](O)[C@H](O)CO.[Ca+2],Ca,metal_Ca,O=C([O-])[C@H](O)[C@@H](O)[C@H](O)[C@H](O)CO
CALCIUM METRIZOATE,CC(=O)Nc1c(I)c(C(=O)[O-])c(I)c(N(C)C(C)=O)c1I.CC(=O)Nc1c(I)c(C(=O)[O-])c(I)c(N(C)C(C)=O)c1I.[Ca+2],Ca,metal_Ca,CC(=O)Nc1c(I)c(C(=O)[O-])c(I)c(N(C)C(C)=O)c1I
CALCIUM OXYBATE,O=C([O-])CCCO.O=C([O-])CCCO.[Ca+2],Ca,metal_Ca,O=C([O-])CCCO
CANGRELOR TETRASODIUM,CSCCNc1nc(SCCC(F)(F)F)nc2c1ncn2[C@@H]1O[C@H](COP(=O)([O-])OP(=O)([O-])C(Cl)(Cl)P(=O)([O-])[O-])[C@@H](O)[C@H]1O.[Na+].[Na+].[Na+].[Na+],Na,metal_Na,CSCCNc1nc(SCCC(F)(F)F)nc2c1ncn2[C@@H]1O[C@H](COP(=O)([O-])OP(=O)([O-])C(Cl)(Cl)P(=O)([O-])[O-])[C@@H](O)[C@H]1O
CARBENICILLIN DISODIUM,CC1(C)S[C@@H]2[C@H](NC(=O)C(C(=O)[O-])c3ccccc3)C(=O)N2[C@H]1C(=O)[O-].[Na+].[Na+],Na,metal_Na,CC1(C)S[C@@H]2[C@H](NC(=O)C(C(=O)[O-])c3ccccc3)C(=O)N2[C@H]1C(=O)[O-]
CARBENICILLIN INDANYL SODIUM,CC1(C)S[C@@H]2[C@H](NC(=O)C(C(=O)Oc3ccc4c(c3)CCC4)c3ccccc3)C(=O)N2[C@H]1C(=O)[O-].[Na+],Na,metal_Na,CC1(C)S[C@@H]2[C@H](NC(=O)C(C(=O)Oc3ccc4c(c3)CCC4)c3ccccc3)C(=O)N2[C@H]1C(=O)[O-]
CARBENOXOLONE SODIUM,CC1(C)[C@@H](OC(=O)CCC(=O)[O-])CC[C@]2(C)[C@H]3C(=O)C=C4[C@@H]5C[C@@](C)(C(=O)[O-])CC[C@]5(C)CC[C@@]4(C)[C@]3(C)CC[C@@H]12.[Na+].[Na+],Na,metal_Na,CC1(C)[C@@H](OC(=O)CCC(=O)[O-])CC[C@]2(C)[C@H]3C(=O)C=C4[C@@H]5C[C@@](C)(C(=O)[O-])CC[C@]5(C)CC[C@@]4(C)[C@]3(C)CC[C@@H]12
CEFAMANDOLE NAFATE,Cn1nnnc1SCC1=C(C(=O)[O-])N2C(=O)[C@@H](NC(=O)[C@H](OC=O)c3ccccc3)[C@H]2SC1.[Na+],Na,metal_Na,Cn1nnnc1SCC1=C(C(=O)[O-])N2C(=O)[C@@H](NC(=O)[C@H](OC=O)c3ccccc3)[C@H]2SC1
CEFAZOLIN SODIUM,Cc1nnc(SCC2=C(C(=O)[O-])N3C(=O)[C@@H](NC(=O)Cn4cnnn4)[C@H]3SC2)s1.[Na+],Na,metal_Na,Cc1nnc(SCC2=C(C(=O)[O-])N3C(=O)[C@@H](NC(=O)Cn4cnnn4)[C@H]3SC2)s1
CEFMETAZOLE SODIUM,CO[C@@]1(NC(=O)CSCC#N)C(=O)N2C(C(=O)[O-])=C(CSc3nnnn3C)CS[C@@H]21.[Na+],Na,metal_Na,CO[C@@]1(NC(=O)CSCC#N)C(=O)N2C(C(=O)[O-])=C(CSc3nnnn3C)CS[C@@H]21
CEFONICID SODIUM,O=C([O-])C1=C(CSc2nnnn2CS(=O)(=O)[O-])CS[C@@H]2[C@H](NC(=O)[C@H](O)c3ccccc3)C(=O)N12.[Na+].[Na+],Na,metal_Na,O=C([O-])C1=C(CSc2nnnn2CS(=O)(=O)[O-])CS[C@@H]2[C@H](NC(=O)[C@H](O)c3ccccc3)C(=O)N12
CEFOPERAZONE SODIUM,CCN1CCN(C(=O)N[C@@H](C(=O)N[C@@H]2C(=O)N3C(C(=O)[O-])=C(CSc4nnnn4C)CS[C@H]23)c2ccc(O)cc2)C(=O)C1=O.[Na+],Na,metal_Na,CCN1CCN(C(=O)N[C@@H](C(=O)N[C@@H]2C(=O)N3C(C(=O)[O-])=C(CSc4nnnn4C)CS[C@H]23)c2ccc(O)cc2)C(=O)C1=O
CEFOTAXIME SODIUM,CO/N=C(\C(=O)N[C@@H]1C(=O)N2C(C(=O)[O-])=C(COC(C)=O)CS[C@H]12)c1csc(N)n1.[Na+],Na,metal_Na,CO/N=C(\C(=O)N[C@@H]1C(=O)N2C(C(=O)[O-])=C(COC(C)=O)CS[C@H]12)c1csc(N)n1
CEFOTETAN DISODIUM,CO[C@@]1(NC(=O)C2SC(=C(C(N)=O)C(=O)[O-])S2)C(=O)N2C(C(=O)[O-])=C(CSc3nnnn3C)CS[C@@H]21.[Na+].[Na+],Na,metal_Na,CO[C@@]1(NC(=O)C2SC(=C(C(N)=O)C(=O)[O-])S2)C(=O)N2C(C(=O)[O-])=C(CSc3nnnn3C)CS[C@@H]21
CEFOXITIN SODIUM,CO[C@@]1(NC(=O)Cc2cccs2)C(=O)N2C(C(=O)[O-])=C(COC(N)=O)CS[C@@H]21.[Na+],Na,metal_Na,CO[C@@]1(NC(=O)Cc2cccs2)C(=O)N2C(C(=O)[O-])=C(COC(N)=O)CS[C@@H]21
CEFPIRAMIDE SODIUM,Cc1cc(O)c(C(=O)N[C@@H](C(=O)N[C@@H]2C(=O)N3C(C(=O)[O-])=C(CSc4nnnn4C)CS[C@H]23)c2ccc(O)cc2)cn1.[Na+],Na,metal_Na,Cc1cc(O)c(C(=O)N[C@@H](C(=O)N[C@@H]2C(=O)N3C(C(=O)[O-])=C(CSc4nnnn4C)CS[C@H]23)c2ccc(O)cc2)cn1
CEFTAZIDIME SODIUM,CC(C)(O/N=C(\C(=O)N[C@@H]1C(=O)N2C(C(=O)[O-])=C(C[n+]3ccccc3)CS[C@H]12)c1csc(N)n1)C(=O)[O-].[Na+],Na,metal_Na,CC(C)(O/N=C(\C(=O)N[C@@H]1C(=O)N2C(C(=O)[O-])=C(C[n+]3ccccc3)CS[C@H]12)c1csc(N)n1)C(=O)[O-]
CEFTIZOXIME SODIUM,CO/N=C(\C(=O)N[C@@H]1C(=O)N2C(C(=O)[O-])=CCS[C@H]12)c1csc(N)n1.[Na+],Na,metal_Na,CO/N=C(\C(=O)N[C@@H]1C(=O)N2C(C(=O)[O-])=CCS[C@H]12)c1csc(N)n1
CEFTOBIPROLE MEDOCARIL SODIUM,Cc1oc(=O)oc1COC(=O)N1CC[C@@H](N2CC/C(=C\C3=C(C(=O)[O-])N4C(=O)[C@@H](NC(=O)/C(=N/O)c5nsc(N)n5)[C@H]4SC3)C2=O)C1.[Na+],Na,metal_Na,Cc1oc(=O)oc1COC(=O)N1CC[C@@H](N2CC/C(=C\C3=C(C(=O)[O-])N4C(=O)[C@@H](NC(=O)/C(=N/O)c5nsc(N)n5)[C@H]4SC3)C2=O)C1
CEFTRIAXONE SODIUM,CO/N=C(\C(=O)N[C@@H]1C(=O)N2C(C(=O)[O-])=C(CSc3nc(=O)c([O-])nn3C)CS[C@H]12)c1csc(N)n1.CO/N=C(\C(=O)N[C@@H]1C(=O)N2C(C(=O)[O-])=C(CSc3nc(=O)c([O-])nn3C)CS[C@H]12)c1csc(N)n1.O.O.O.O.O.O.O.[Na+].[Na+].[Na+].[Na+],Na,metal_Na,CO/N=C(\C(=O)N[C@@H]1C(=O)N2C(C(=O)[O-])=C(CSc3nc(=O)c([O-])nn3C)CS[C@H]12)c1csc(N)n1
CEFUROXIME SODIUM,CO/N=C(\C(=O)N[C@@H]1C(=O)N2C(C(=O)[O-])=C(COC(N)=O)CS[C@H]12)c1ccco1.[Na+],Na,metal_Na,CO/N=C(\C(=O)N[C@@H]1C(=O)N2C(C(=O)[O-])=C(COC(N)=O)CS[C@H]12)c1ccco1
CEPHALOTHIN SODIUM,CC(=O)OCC1=C(C(=O)[O-])N2C(=O)[C@@H](NC(=O)Cc3cccs3)[C@H]2SC1.[Na+],Na,metal_Na,CC(=O)OCC1=C(C(=O)[O-])N2C(=O)[C@@H](NC(=O)Cc3cccs3)[C@H]2SC1
CEPHAPIRIN SODIUM,CC(=O)OCC1=C(C(=O)[O-])N2C(=O)[C@@H](NC(=O)CSc3ccncc3)[C@H]2SC1.[Na+],Na,metal_Na,CC(=O)OCC1=C(C(=O)[O-])N2C(=O)[C@@H](NC(=O)CSc3ccncc3)[C@H]2SC1
CERIVASTATIN SODIUM,COCc1c(C(C)C)nc(C(C)C)c(/C=C/[C@@H](O)C[C@@H](O)CC(=O)[O-])c1-c1ccc(F)cc1.[Na+],Na,metal_Na,COCc1c(C(C)C)nc(C(C)C)c(/C=C/[C@@H](O)C[C@@H](O)CC(=O)[O-])c1-c1ccc(F)cc1
CHEMBL1003,O=C([O-])[C@H]1/C(=C/CO)O[C@@H]2CC(=O)N21.[K+],K,metal_K,O=C([O-])[C@H]1/C(=C/CO)O[C@@H]2CC(=O)N21
CHEMBL1010,CO/N=C(\C(=O)N[C@@H]1C(=O)N2C(C(=O)[O-])=C(COC(C)=O)CS[C@H]12)c1csc(N)n1.[Na+],Na,metal_Na,CO/N=C(\C(=O)N[C@@H]1C(=O)N2C(C(=O)[O-])=C(COC(C)=O)CS[C@H]12)c1csc(N)n1
CHEMBL1034,O=C([O-])Cc1ccccc1Nc1c(Cl)cccc1Cl.[Na+],Na,metal_Na,O=C([O-])Cc1ccccc1Nc1c(Cl)cccc1Cl
CHEMBL1060,O=P([O-])([O-])O.[Na+].[Na+],Na,metal_Na,O=P([O-])([O-])O
CHEMBL107217,CCN(CC)C(=S)[S-].[Na+],Na,metal_Na,CCN(CC)C(=S)[S-]
CHEMBL1097279,CSCCNc1nc(SCCC(F)(F)F)nc2c1ncn2[C@@H]1O[C@H](COP(=O)([O-])OP(=O)([O-])C(Cl)(Cl)P(=O)([O-])[O-])[C@@H](O)[C@H]1O.[Na+].[Na+].[Na+].[Na+],Na,metal_Na,CSCCNc1nc(SCCC(F)(F)F)nc2c1ncn2[C@@H]1O[C@H](COP(=O)([O-])OP(=O)([O-])C(Cl)(Cl)P(=O)([O-])[O-])[C@@H](O)[C@H]1O
CHEMBL1097620,CNC(=O)c1c(I)c(NC(C)=O)c(I)c(C(=O)[O-])c1I.[Na+],Na,metal_Na,CNC(=O)c1c(I)c(NC(C)=O)c(I)c(C(=O)[O-])c1I
CHEMBL109962,N[C@@H](C[SeH])C(=O)O,Se,metal_Se,N[C@@H](C[SeH])C(=O)O
CHEMBL112302,O=[Se]([O-])[O-].[Na+].[Na+],Se,metal_Se,O=[Se]([O-])[O-]
CHEMBL1126,CC1(C)S[C@@H]2[C@H](NC(=O)Cc3ccccc3)C(=O)N2[C@H]1C(=O)[O-].[Na+],Na,metal_Na,CC1(C)S[C@@H]2[C@H](NC(=O)Cc3ccccc3)C(=O)N2[C@H]1C(=O)[O-]
CHEMBL113178,C[Se]CC[C@H](N)C(=O)O,Se,metal_Se,C[Se]CC[C@H](N)C(=O)O
CHEMBL1141,[I-].[K+],K,metal_K,[K+]
CHEMBL114503,O=[Se](=O)([O-])[O-].[Na+].[Na+],Se,metal_Se,O=[Se](=O)([O-])[O-]
CHEMBL1164,COc1cccc(OC)c1C(=O)N[C@@H]1C(=O)N2[C@@H]1SC(C)(C)[C@@H]2C(=O)[O-].[Na+],Na,metal_Na,COc1cccc(OC)c1C(=O)N[C@@H]1C(=O)N2[C@@H]1SC(C)(C)[C@@H]2C(=O)[O-]
CHEMBL1200345,O=C([O-])CCC(=O)O.[Na+],Na,metal_Na,O=C([O-])CCC(=O)O
CHEMBL1200350,O=C(CCCCC(=O)Nc1c(I)cc(I)c(C(=O)[O-])c1I)Nc1c(I)cc(I)c(C(=O)[O-])c1I.[Na+].[Na+],Na,metal_Na,O=C(CCCCC(=O)Nc1c(I)cc(I)c(C(=O)[O-])c1I)Nc1c(I)cc(I)c(C(=O)[O-])c1I
CHEMBL1200351,Nc1ccc(S(=O)(=O)[N-]c2ncccn2)cc1.[Na+],Na,metal_Na,Nc1ccc(S(=O)(=O)[N-]c2ncccn2)cc1
CHEMBL1200354,CCCCC(CC)CCC(CC(C)C)OS(=O)(=O)[O-].[Na+],Na,metal_Na,CCCCC(CC)CCC(CC(C)C)OS(=O)(=O)[O-]
CHEMBL1200357,CO[C@@]1(NC(=O)C(C(=O)[O-])c2ccc(O)cc2)C(=O)N2C(C(=O)[O-])=C(CSc3nnnn3C)CO[C@@H]21.[Na+].[Na+],Na,metal_Na,CO[C@@]1(NC(=O)C(C(=O)[O-])c2ccc(O)cc2)C(=O)N2C(C(=O)[O-])=C(CSc3nnnn3C)CO[C@@H]21
CHEMBL1200358,O=C([O-])Cc1ccccc1.[Na+],Na,metal_Na,O=C([O-])Cc1ccccc1
CHEMBL1200365,Nc1ccc(C(=O)NCC(=O)[O-])cc1.[Na+],Na,metal_Na,Nc1ccc(C(=O)NCC(=O)[O-])cc1
CHEMBL1200375,O=C([O-])CN(CCN(CC(=O)[O-])CC(=O)[O-])CC(=O)[O-].[Ca+2].[Na+].[Na+],Ca,metal_Ca,O=C([O-])CN(CCN(CC(=O)[O-])CC(=O)[O-])CC(=O)[O-]
CHEMBL1200380,Nc1nc([O-])c2ncn(COCCO)c2n1.[Na+],Na,metal_Na,Nc1nc([O-])c2ncn(COCCO)c2n1
CHEMBL1200388,Cc1onc(-c2ccccc2Cl)c1C(=O)N[C@@H]1C(=O)N2[C@@H]1SC(C)(C)[C@@H]2C(=O)[O-].O.[Na+],Na,metal_Na,Cc1onc(-c2ccccc2Cl)c1C(=O)N[C@@H]1C(=O)N2[C@@H]1SC(C)(C)[C@@H]2C(=O)[O-]
CHEMBL1200400,Cn1cnc([N+](=O)[O-])c1Sc1ncnc2nc[n-]c12.[Na+],Na,metal_Na,Cn1cnc([N+](=O)[O-])c1Sc1ncnc2nc[n-]c12
CHEMBL1200423,CC(=O)Nc1c(I)c(C(=O)[O-])c(I)c(N(C)C(C)=O)c1I.[Na+],Na,metal_Na,CC(=O)Nc1c(I)c(C(=O)[O-])c(I)c(N(C)C(C)=O)c1I
CHEMBL1200424,O=C([O-])CN(CCN(CC(=O)[O-])CC(=O)[O-])CCN(CC(=O)[O-])CC(=O)[O-].[Na+].[Na+].[Na+].[Zn+2],Na,metal_Na,O=C([O-])CN(CCN(CC(=O)[O-])CC(=O)[O-])CCN(CC(=O)[O-])CC(=O)[O-]
CHEMBL1200439,O=C([O-])CNC(=O)c1ccccc1[123I].[Na+],Na,metal_Na,O=C([O-])CNC(=O)c1ccccc1[123I]
CHEMBL1200448,O=P([O-])(O)C(Sc1ccc(Cl)cc1)P(=O)([O-])O.[Na+].[Na+],Na,metal_Na,O=P([O-])(O)C(Sc1ccc(Cl)cc1)P(=O)([O-])O
CHEMBL1200458,O=C([O-])CC(O)(CC(=O)[O-])C(=O)[O-].[K+].[K+].[K+],K,metal_K,O=C([O-])CC(O)(CC(=O)[O-])C(=O)[O-]
CHEMBL1200459,O=P([O-])([O-])O.[K+].[K+],K,metal_K,O=P([O-])([O-])O
CHEMBL1200463,O=C([O-])CCc1nc(-c2ccccc2)c(-c2ccccc2)o1.[K+],K,metal_K,O=C([O-])CCc1nc(-c2ccccc2)c(-c2ccccc2)o1
CHEMBL1200470,COc1ccc2[n-]c([S@@+]([O-])Cc3ncc(C)c(OC)c3C)nc2c1.[Na+],Na,metal_Na,COc1ccc2[n-]c([S@@+]([O-])Cc3ncc(C)c(OC)c3C)nc2c1
CHEMBL1200471,[O-][n+]1ccccc1[S-].[O-][n+]1ccccc1[S-].[Zn+2],Zn,metal_Zn,[O-][n+]1ccccc1[S-]
CHEMBL1200477,O=c1[n-]cnc2[nH]ncc12.[Na+],Na,metal_Na,O=c1[n-]cnc2[nH]ncc12
CHEMBL1200482,CCN1CCN(C(=O)N[C@@H](C(=O)N[C@@H]2C(=O)N3C(C(=O)[O-])=C(CSc4nnnn4C)CS[C@H]23)c2ccc(O)cc2)C(=O)C1=O.[Na+],Na,metal_Na,CCN1CCN(C(=O)N[C@@H](C(=O)N[C@@H]2C(=O)N3C(C(=O)[O-])=C(CSc4nnnn4C)CS[C@H]23)c2ccc(O)cc2)C(=O)C1=O
CHEMBL1200487,C=C(CC)C(=O)c1ccc(OCC(=O)[O-])c(Cl)c1Cl.[Na+],Na,metal_Na,C=C(CC)C(=O)c1ccc(OCC(=O)[O-])c(Cl)c1Cl
CHEMBL1200495,C[C@]12CCC(=O)C=C1CC[C@@H]1[C@@H]2[C@@H](O)C[C@@]2(C)[C@H]1CC[C@]2(O)C(=O)COC(=O)CCC(=O)[O-].[Na+],Na,metal_Na,C[C@]12CCC(=O)C=C1CC[C@@H]1[C@@H]2[C@@H](O)C[C@@]2(C)[C@H]1CC[C@]2(O)C(=O)COC(=O)CCC(=O)[O-]
CHEMBL1200496,[Ca],Ca,metal_Ca,[Ca]
CHEMBL1200523,Cc1nnc(SCC2=C(C(=O)[O-])N3C(=O)[C@@H](NC(=O)Cn4cnnn4)[C@H]3SC2)s1.[Na+],Na,metal_Na,Cc1nnc(SCC2=C(C(=O)[O-])N3C(=O)[C@@H](NC(=O)Cn4cnnn4)[C@H]3SC2)s1
CHEMBL1200530,CO[C@@]1(NC(=O)Cc2cccs2)C(=O)N2C(C(=O)[O-])=C(COC(N)=O)CS[C@@H]21.[Na+],Na,metal_Na,CO[C@@]1(NC(=O)Cc2cccs2)C(=O)N2C(C(=O)[O-])=C(COC(N)=O)CS[C@@H]21
CHEMBL1200539,O=C([O-])[O-].[Ca+2],Ca,metal_Ca,O=C([O-])[O-]
CHEMBL1200563,COCc1c(C(C)C)nc(C(C)C)c(/C=C/[C@@H](O)C[C@@H](O)CC(=O)[O-])c1-c1ccc(F)cc1.[Na+],Na,metal_Na,COCc1c(C(C)C)nc(C(C)C)c(/C=C/[C@@H](O)C[C@@H](O)CC(=O)[O-])c1-c1ccc(F)cc1
CHEMBL1200572,O=[Mg],Mg,metal_Mg,[O]=[Mg]
CHEMBL1200574,[Cl-].[Na+],Na,metal_Na,[Na+]
CHEMBL1200578,Cn1c(=O)c2[nH]cnc2n(C)c1=O.NCC(=O)[O-].[Na+],Na,metal_Na,Cn1c(=O)c2[nH]cnc2n(C)c1=O
CHEMBL1200580,O=S([O-])CNc1ccc(S(=O)(=O)c2ccc(NCS(=O)[O-])cc2)cc1.[Na+].[Na+],Na,metal_Na,O=S([O-])CNc1ccc(S(=O)(=O)c2ccc(NCS(=O)[O-])cc2)cc1
CHEMBL1200581,CC(=O)Nc1c(I)c(NC(C)=O)c(I)c(C(=O)[O-])c1I.[Na+],Na,metal_Na,CC(=O)Nc1c(I)c(NC(C)=O)c(I)c(C(=O)[O-])c1I
CHEMBL1200584,Nc1ccc(C(=O)[O-])c(O)c1.[K+],K,metal_K,Nc1ccc(C(=O)[O-])c(O)c1
CHEMBL1200613,Cc1ccc(C(=O)c2ccc(CC(=O)[O-])n2C)cc1.[Na+],Na,metal_Na,Cc1ccc(C(=O)c2ccc(CC(=O)[O-])n2C)cc1
CHEMBL1200616,NS(=O)(=O)c1cc2c(cc1Cl)N=C[N-]S2(=O)=O.[Na+],Na,metal_Na,NS(=O)(=O)c1cc2c(cc1Cl)N=C[N-]S2(=O)=O
CHEMBL1200625,[89Sr+2].[Cl-].[Cl-],Sr,metal_Sr,[89Sr+2]
CHEMBL1200644,CO[C@H]1O[C@H](COS(=O)(=O)[O-])[C@@H](O[C@@H]2O[C@@H](C(=O)[O-])[C@@H](O[C@H]3O[C@H](COS(=O)(=O)[O-])[C@@H](O[C@@H]4O[C@H](C(=O)[O-])[C@@H](O[C@H]5O[C@H](COS(=O)(=O)[O-])[C@@H](O)[C@H](O)[C@H]5NS(=O)(=O)[O-])[C@H](O)[C@H]4O)[C@H](OS(=O)(=O)[O-])[C@H]3NS(=O)(=O)[O-])[C@H](O)[C@H]2OS(=O)(=O)[O-])[C@H](O)[C@H]1NS(=O)(=O)[O-].[Na+].[Na+].[Na+].[Na+].[Na+].[Na+].[Na+].[Na+].[Na+].[Na+],Na,metal_Na,CO[C@H]1O[C@H](COS(=O)(=O)[O-])[C@@H](O[C@@H]2O[C@@H](C(=O)[O-])[C@@H](O[C@H]3O[C@H](COS(=O)(=O)[O-])[C@@H](O[C@@H]4O[C@H](C(=O)[O-])[C@@H](O[C@H]5O[C@H](COS(=O)(=O)[O-])[C@@H](O)[C@H](O)[C@H]5NS(=O)(=O)[O-])[C@H](O)[C@H]4O)[C@H](OS(=O)(=O)[O-])[C@H]3NS(=O)(=O)[O-])[C@H](O)[C@H]2OS(=O)(=O)[O-])[C@H](O)[C@H]1NS(=O)(=O)[O-]
CHEMBL1200664,CC(O)C(=O)[O-].[K+],K,metal_K,CC(O)C(=O)[O-]
CHEMBL1200668,[Ca+2].[Cl-].[Cl-],Ca,metal_Ca,[Ca+2]
CHEMBL1200672,Cc1cc(O)c(C(=O)N[C@@H](C(=O)N[C@@H]2C(=O)N3C(C(=O)[O-])=C(CSc4nnnn4C)CS[C@H]23)c2ccc(O)cc2)cn1.[Na+],Na,metal_Na,Cc1cc(O)c(C(=O)N[C@@H](C(=O)N[C@@H]2C(=O)N3C(C(=O)[O-])=C(CSc4nnnn4C)CS[C@H]23)c2ccc(O)cc2)cn1
CHEMBL1200679,[Cl-].[Cl-].[Zn+2],Zn,metal_Zn,[Zn+2]
CHEMBL1200680,S=[Se]=S,Se,metal_Se,S=[Se]=S
CHEMBL1200681,CC(C)(O)c1ccccc1CC[C@@H](SCC1(CC(=O)[O-])CC1)c1cccc(/C=C/c2ccc3ccc(Cl)cc3n2)c1.[Na+],Na,metal_Na,CC(C)(O)c1ccccc1CC[C@@H](SCC1(CC(=O)[O-])CC1)c1cccc(/C=C/c2ccc3ccc(Cl)cc3n2)c1
CHEMBL1200682,O=C([O-])CCCO.[Na+],Na,metal_Na,O=C([O-])CCCO
CHEMBL1200691,CC(=O)[O-].CC(=O)[O-].[Mg+2],Mg,metal_Mg,CC(=O)[O-]
CHEMBL1200696,[K+].[O-][Cl+3]([O-])([O-])[O-],K,metal_K,[O-][Cl+3]([O-])([O-])[O-]
CHEMBL1200701,Cc1onc(-c2c(Cl)cccc2Cl)c1C(=O)N[C@@H]1C(=O)N2[C@@H]1SC(C)(C)[C@@H]2C(=O)[O-].O.[Na+],Na,metal_Na,Cc1onc(-c2c(Cl)cccc2Cl)c1C(=O)N[C@@H]1C(=O)N2[C@@H]1SC(C)(C)[C@@H]2C(=O)[O-]
CHEMBL1200706,O[Al](O)O,Al,metal_Al,[OH][Al]([OH])[OH]
CHEMBL1200712,Cc1cc(-c2ccc(/N=N/c3ccc4c(S(=O)(=O)[O-])cc(S(=O)(=O)[O-])c(N)c4c3O)c(C)c2)ccc1/N=N/c1ccc2c(S(=O)(=O)[O-])cc(S(=O)(=O)[O-])c(N)c2c1O.[Na+].[Na+].[Na+].[Na+],Na,metal_Na,Cc1cc(-c2ccc(/N=N/c3ccc4c(S(=O)(=O)[O-])cc(S(=O)(=O)[O-])c(N)c4c3O)c(C)c2)ccc1/N=N/c1ccc2c(S(=O)(=O)[O-])cc(S(=O)(=O)[O-])c(N)c2c1O
CHEMBL1200718,[Mg+2].[OH-].[OH-],Mg,metal_Mg,[OH-]
CHEMBL1200721,C[C@]12CC[C@@H]3c4ccc(OC(=O)N(CCCl)CCCl)cc4CC[C@H]3[C@@H]1CC[C@@H]2OP(=O)([O-])[O-].[Na+].[Na+],Na,metal_Na,C[C@]12CC[C@@H]3c4ccc(OC(=O)N(CCCl)CCCl)cc4CC[C@H]3[C@@H]1CC[C@@H]2OP(=O)([O-])[O-]
CHEMBL1200727,[82Rb+].[Cl-],Rb,metal_Rb,[82Rb+]
CHEMBL1200729,O=C([O-])CCC(=O)OC[C@@H](NC(=O)C(Cl)Cl)[C@H](O)c1ccc([N+](=O)[O-])cc1.[Na+],Na,metal_Na,O=C([O-])CCC(=O)OC[C@@H](NC(=O)C(Cl)Cl)[C@H](O)c1ccc([N+](=O)[O-])cc1
CHEMBL1200731,[Cl-].[K+],K,metal_K,[K+]
CHEMBL1200734,CC(C)CN(C[C@@H](OP(=O)([O-])[O-])[C@H](Cc1ccccc1)NC(=O)O[C@H]1CCOC1)S(=O)(=O)c1ccc(N)cc1.[Ca+2],Ca,metal_Ca,CC(C)CN(C[C@@H](OP(=O)([O-])[O-])[C@H](Cc1ccccc1)NC(=O)O[C@H]1CCOC1)S(=O)(=O)c1ccc(N)cc1
CHEMBL1200736,O=C([O-])[O-].[Mg+2],Mg,metal_Mg,O=C([O-])[O-]
CHEMBL1200743,CNC(=O)c1c(I)c(C(=O)NCC(=O)Nc2c(I)c(C(=O)[O-])c(I)c(C(=O)NCCO)c2I)c(I)c(N(C)C(C)=O)c1I.[Na+],Na,metal_Na,CNC(=O)c1c(I)c(C(=O)NCC(=O)Nc2c(I)c(C(=O)[O-])c(I)c(C(=O)NCCO)c2I)c(I)c(N(C)C(C)=O)c1I
CHEMBL1200744,[18F-].[Na+],Na,metal_Na,[18F-]
CHEMBL1200758,CC1(C)S[C@@H]2[C@H](NC(=O)[C@H](N)c3ccccc3)C(=O)N2[C@H]1C(=O)[O-].[Na+],Na,metal_Na,CC1(C)S[C@@H]2[C@H](NC(=O)[C@H](N)c3ccccc3)C(=O)N2[C@H]1C(=O)[O-]
CHEMBL1200760,O=C([O-])CCNC(=O)c1ccc(/N=N/c2ccc(O)c(C(=O)[O-])c2)cc1.[Na+].[Na+],Na,metal_Na,O=C([O-])CCNC(=O)c1ccc(/N=N/c2ccc(O)c(C(=O)[O-])c2)cc1
CHEMBL1200762,C[C@H]1C[C@H]2[C@@H]3CCC4=CC(=O)C=C[C@]4(C)[C@@]3(F)[C@@H](O)C[C@]2(C)[C@@]1(O)C(=O)COP(=O)([O-])[O-].[Na+].[Na+],Na,metal_Na,C[C@H]1C[C@H]2[C@@H]3CCC4=CC(=O)C=C[C@]4(C)[C@@]3(F)[C@@H](O)C[C@]2(C)[C@@]1(O)C(=O)COP(=O)([O-])[O-]
CHEMBL1200763,O=C([O-])CNC(=O)c1ccccc1[131I].[Na+],Na,metal_Na,O=C([O-])CNC(=O)c1ccccc1[131I]
CHEMBL1200768,CC(C)(O/N=C(\C(=O)N[C@@H]1C(=O)N2C(C(=O)[O-])=C(C[n+]3ccccc3)CS[C@H]12)c1csc(N)n1)C(=O)[O-].[Na+],Na,metal_Na,CC(C)(O/N=C(\C(=O)N[C@@H]1C(=O)N2C(C(=O)[O-])=C(C[n+]3ccccc3)CS[C@H]12)c1csc(N)n1)C(=O)[O-]
CHEMBL1200772,CC(=O)CC(c1ccccc1)c1c([O-])c2ccccc2oc1=O.[K+],K,metal_K,CC(=O)CC(c1ccccc1)c1c([O-])c2ccccc2oc1=O
CHEMBL1200789,O=P([O-])(O)OCC(Cl)(Cl)Cl.[Na+],Na,metal_Na,O=P([O-])(O)OCC(Cl)(Cl)Cl
CHEMBL1200800,CC(=O)[O-].CC(=O)[O-].[Ca+2],Ca,metal_Ca,CC(=O)[O-]
CHEMBL1200804,O=C([O-])Cc1ccccc1Nc1c(Cl)cccc1Cl.[K+],K,metal_K,O=C([O-])Cc1ccccc1Nc1c(Cl)cccc1Cl
CHEMBL1200806,COc1ccc2cc([C@H](C)C(=O)[O-])ccc2c1.[Na+],Na,metal_Na,COc1ccc2cc([C@H](C)C(=O)[O-])ccc2c1
CHEMBL1200814,CC(=O)Nc1nnc(S([NH-])(=O)=O)s1.[Na+],Na,metal_Na,CC(=O)Nc1nnc(S([NH-])(=O)=O)s1
CHEMBL1200820,CCN1CCN(C(=O)N[C@@H](C(=O)N[C@@H]2C(=O)N3[C@@H]2SC(C)(C)[C@@H]3C(=O)[O-])c2ccccc2)C(=O)C1=O.[Na+],Na,metal_Na,CCN1CCN(C(=O)N[C@@H](C(=O)N[C@@H]2C(=O)N3[C@@H]2SC(C)(C)[C@@H]3C(=O)[O-])c2ccccc2)C(=O)C1=O
CHEMBL1200826,O=C([O-])[O-].[Li+].[Li+],Li,metal_Li,O=C([O-])[O-]
CHEMBL1200850,Nc1nc([O-])c2ncn(COC(CO)CO)c2n1.[Na+],Na,metal_Na,Nc1nc([O-])c2ncn(COC(CO)CO)c2n1
CHEMBL1200852,CC1(C)S[C@@H]2[C@H](NC(=O)COc3ccccc3)C(=O)N2[C@H]1C(=O)[O-].[K+],K,metal_K,CC1(C)S[C@@H]2[C@H](NC(=O)COc3ccccc3)C(=O)N2[C@H]1C(=O)[O-]
CHEMBL1200855,CC1(C)S[C@@H]2[C@H](NC(=O)[C@H](C(=O)[O-])c3ccsc3)C(=O)N2[C@H]1C(=O)[O-].[Na+].[Na+],Na,metal_Na,CC1(C)S[C@@H]2[C@H](NC(=O)[C@H](C(=O)[O-])c3ccsc3)C(=O)N2[C@H]1C(=O)[O-]
CHEMBL1200859,CCN(CC)c1ccc(C(=C2C=CC(=[N+](CC)CC)C=C2)c2cc(S(=O)(=O)[O-])ccc2S(=O)(=O)[O-])cc1.[Na+],Na,metal_Na,CCN(CC)c1ccc(C(=C2C=CC(=[N+](CC)CC)C=C2)c2cc(S(=O)(=O)[O-])ccc2S(=O)(=O)[O-])cc1
CHEMBL1200874,CCCCNC(=O)[N-]S(=O)(=O)c1ccc(C)cc1.[Na+],Na,metal_Na,CCCCNC(=O)[N-]S(=O)(=O)c1ccc(C)cc1
CHEMBL1200879,CC(=O)CC(c1ccccc1)c1c([O-])c2ccccc2oc1=O.[Na+],Na,metal_Na,CC(=O)CC(c1ccccc1)c1c([O-])c2ccccc2oc1=O
CHEMBL1200899,CCCC(=O)Nc1c(I)cc(I)c(CC(CC)C(=O)[O-])c1I.[Na+],Na,metal_Na,CCCC(=O)Nc1c(I)cc(I)c(CC(CC)C(=O)[O-])c1I
CHEMBL1200903,C=CCC1(C(C)CCC)C(=O)[N-]C(=O)NC1=O.[Na+],Na,metal_Na,C=CCC1(C(C)CCC)C(=O)[N-]C(=O)NC1=O
CHEMBL1200925,O=P([O-])(O)O.[K+],K,metal_K,O=P([O-])(O)O
CHEMBL1200928,CC(=O)[O-].CC(=O)[O-].[Zn+2],Zn,metal_Zn,[Zn+2]
CHEMBL1200929,O=S(=O)([O-])[O-].[Zn+2],Zn,metal_Zn,[Zn+2]
CHEMBL1200930,COCCCOc1ccnc(C[S+]([O-])c2nc3ccccc3[n-]2)c1C.[Na+],Na,metal_Na,COCCCOc1ccnc(C[S+]([O-])c2nc3ccccc3[n-]2)c1C
CHEMBL1200944,CC1(C)[C@H](C(=O)[O-])N2C(=O)C[C@H]2S1(=O)=O.[Na+],Na,metal_Na,CC1(C)[C@H](C(=O)[O-])N2C(=O)C[C@H]2S1(=O)=O
CHEMBL1200945,O=C([O-])CN(CCN(CC(=O)[O-])CC(=O)[O-])CCN(CC(=O)[O-])CC(=O)[O-].[Ca+2].[Na+].[Na+].[Na+],Ca,metal_Ca,O=C([O-])CN(CCN(CC(=O)[O-])CC(=O)[O-])CCN(CC(=O)[O-])CC(=O)[O-]
CHEMBL1200968,C[C@]12CCC(=O)C=C1CC[C@@H]1[C@@H]2[C@@H](O)C[C@@]2(C)[C@H]1CC[C@]2(O)C(=O)COP(=O)([O-])[O-].[Na+].[Na+],Na,metal_Na,C[C@]12CCC(=O)C=C1CC[C@@H]1[C@@H]2[C@@H](O)C[C@@]2(C)[C@H]1CC[C@]2(O)C(=O)COP(=O)([O-])[O-]
CHEMBL1200982,CCC(C)C1(CC)C(=O)[N-]C(=O)NC1=O.[Na+],Na,metal_Na,CCC(C)C1(CC)C(=O)[N-]C(=O)NC1=O
CHEMBL1200991,CC1(C)S[C@@H]2[C@H](NC(=O)C(C(=O)Oc3ccc4c(c3)CCC4)c3ccccc3)C(=O)N2[C@H]1C(=O)[O-].[Na+],Na,metal_Na,CC1(C)S[C@@H]2[C@H](NC(=O)C(C(=O)Oc3ccc4c(c3)CCC4)c3ccccc3)C(=O)N2[C@H]1C(=O)[O-]
CHEMBL1201000,O=C1CN(/N=C/c2ccc([N+](=O)[O-])o2)C(=O)[N-]1.[Na+],Na,metal_Na,O=C1CN(/N=C/c2ccc([N+](=O)[O-])o2)C(=O)[N-]1
CHEMBL1201005,O=C([O-])C1=C(CSc2nnnn2CS(=O)(=O)[O-])CS[C@@H]2[C@H](NC(=O)[C@H](O)c3ccccc3)C(=O)N12.[Na+].[Na+],Na,metal_Na,O=C([O-])C1=C(CSc2nnnn2CS(=O)(=O)[O-])CS[C@@H]2[C@H](NC(=O)[C@H](O)c3ccccc3)C(=O)N12
CHEMBL1201013,O=C([O-])c1cc(/N=N/c2ccc(O)c(C(=O)[O-])c2)ccc1O.[Na+].[Na+],Na,metal_Na,O=C([O-])c1cc(/N=N/c2ccc(O)c(C(=O)[O-])c2)ccc1O
CHEMBL1201014,C[C@]12C=CC(=O)C=C1CC[C@@H]1[C@@H]2[C@@H](O)C[C@@]2(C)[C@H]1CC[C@]2(O)C(=O)COP(=O)([O-])[O-].[Na+].[Na+],Na,metal_Na,C[C@]12C=CC(=O)C=C1CC[C@@H]1[C@@H]2[C@@H](O)C[C@@]2(C)[C@H]1CC[C@]2(O)C(=O)COP(=O)([O-])[O-]
CHEMBL1201015,CC(=O)[O-].CC(=O)[O-].CC(=O)[O-].[Al+3],Al,metal_Al,[Al+3]
CHEMBL1201019,CO/N=C(\C(=O)N[C@@H]1C(=O)N2C(C(=O)[O-])=CCS[C@H]12)c1csc(N)n1.[Na+],Na,metal_Na,CO/N=C(\C(=O)N[C@@H]1C(=O)N2C(C(=O)[O-])=CCS[C@H]12)c1csc(N)n1
CHEMBL1201033,CN(C)/C=N/c1c(I)cc(I)c(CCC(=O)[O-])c1I.[Na+],Na,metal_Na,CN(C)/C=N/c1c(I)cc(I)c(CCC(=O)[O-])c1I
CHEMBL1201041,CC1(C)S[C@@H]2[C@H](NC(=O)[C@H](NC(=O)N3CCNC3=O)c3ccccc3)C(=O)N2[C@H]1C(=O)[O-].[Na+],Na,metal_Na,CC1(C)S[C@@H]2[C@H](NC(=O)[C@H](NC(=O)N3CCNC3=O)c3ccccc3)C(=O)N2[C@H]1C(=O)[O-]
CHEMBL1201042,CC(O)(P(=O)([O-])O)P(=O)([O-])O.[Na+].[Na+],Na,metal_Na,CC(O)(P(=O)([O-])O)P(=O)([O-])O
CHEMBL1201043,CC(=O)OCC1=C(C(=O)[O-])N2C(=O)[C@@H](NC(=O)CSc3ccncc3)[C@H]2SC1.[Na+],Na,metal_Na,CC(=O)OCC1=C(C(=O)[O-])N2C(=O)[C@@H](NC(=O)CSc3ccncc3)[C@H]2SC1
CHEMBL1201045,CC(=O)Nc1c(I)cc(I)c(C(=O)[O-])c1I.O.[Na+],Na,metal_Na,CC(=O)Nc1c(I)cc(I)c(C(=O)[O-])c1I
CHEMBL1201050,Cc1cccn2c(=O)c(-c3nnn[n-]3)cnc12.[K+],K,metal_K,Cc1cccn2c(=O)c(-c3nnn[n-]3)cnc12
CHEMBL1201054,C[75Se]CC[C@H](N)C(=O)O,Se,metal_Se,C[75Se]CC[C@H](N)C(=O)O
CHEMBL1201057,CC1(C)C[C@@H]1C(=O)N/C(=C\CCCCSC[C@H](N)C(=O)O)C(=O)[O-].[Na+],Na,metal_Na,CC1(C)C[C@@H]1C(=O)N/C(=C\CCCCSC[C@H](N)C(=O)O)C(=O)[O-]
CHEMBL1201058,CC(=O)[O-].[K+],K,metal_K,CC(=O)[O-]
CHEMBL1201065,C=CCC1(C(C)CCC)C(=O)[N-]C(=S)NC1=O.[Na+],Na,metal_Na,C=CCC1(C(C)CCC)C(=O)[N-]C(=S)NC1=O
CHEMBL1201081,C[C@H]1C[C@@H]2[C@H]([C@@H](O)C[C@@]3(C)[C@H]2CC[C@]3(O)C(=O)COC(=O)CCC(=O)[O-])[C@@]2(C)C=CC(=O)C=C12.[Na+],Na,metal_Na,C[C@H]1C[C@@H]2[C@H]([C@@H](O)C[C@@]3(C)[C@H]2CC[C@]3(O)C(=O)COC(=O)CCC(=O)[O-])[C@@]2(C)C=CC(=O)C=C12
CHEMBL1201083,[123I-].[Na+],Na,metal_Na,[Na+]
CHEMBL1201084,[131I-].[Na+],Na,metal_Na,[Na+]
CHEMBL1201098,CO[C@@]1(NC(=O)C2SC(=C(C(N)=O)C(=O)[O-])S2)C(=O)N2C(C(=O)[O-])=C(CSc3nnnn3C)CS[C@@H]21.[Na+].[Na+],Na,metal_Na,CO[C@@]1(NC(=O)C2SC(=C(C(N)=O)C(=O)[O-])S2)C(=O)N2C(C(=O)[O-])=C(CSc3nnnn3C)CS[C@@H]21
CHEMBL1201118,CO[C@@]1(NC(=O)CSCC#N)C(=O)N2C(C(=O)[O-])=C(CSc3nnnn3C)CS[C@@H]21.[Na+],Na,metal_Na,CO[C@@]1(NC(=O)CSCC#N)C(=O)N2C(C(=O)[O-])=C(CSc3nnnn3C)CS[C@@H]21
CHEMBL1201119,N[C@@H](Cc1cc(I)c(Oc2ccc(O)c(I)c2)c(I)c1)C(=O)[O-].[Na+],Na,metal_Na,N[C@@H](Cc1cc(I)c(Oc2ccc(O)c(I)c2)c(I)c1)C(=O)[O-]
CHEMBL1201121,CC1(C)S[C@@H]2[C@H](N3C(=O)[C@@H](c4ccccc4)NC3(C)C)C(=O)N2[C@H]1C(=O)[O-].[K+],K,metal_K,CC1(C)S[C@@H]2[C@H](N3C(=O)[C@@H](c4ccccc4)NC3(C)C)C(=O)N2[C@H]1C(=O)[O-]
CHEMBL1201138,Nc1nc(=O)c2c([nH]1)NCC(CNc1ccc(C(=O)N[C@@H](CCC(=O)[O-])C(=O)[O-])cc1)N2C=O.[Ca+2],Ca,metal_Ca,Nc1nc(=O)c2c([nH]1)NCC(CNc1ccc(C(=O)N[C@@H](CCC(=O)[O-])C(=O)[O-])cc1)N2C=O
CHEMBL1201170,O=C([O-])CC(O)(CC(=O)[O-])C(=O)[O-].[Li+].[Li+].[Li+],Li,metal_Li,O=C([O-])CC(O)(CC(=O)[O-])C(=O)[O-]
CHEMBL1201230,[Mg],Mg,metal_Mg,[Mg]
CHEMBL1201290,[K],K,metal_K,[K]
CHEMBL1201326,[Rb],Rb,metal_Rb,[Rb]
CHEMBL1201333,[Li],Li,metal_Li,[Li]
CHEMBL1201359,[Sr],Sr,metal_Sr,[Sr]
CHEMBL1204184,COC1c2c(COC(=N)[O-])c3c(n2CC1N)C(=O)C(C)=C(N)C3=O.Cl.[Zn+],Zn,metal_Zn,COC1c2c(COC(=N)[O-])c3c(n2CC1N)C(=O)C(C)=C(N)C3=O
CHEMBL1204536,O=C([O-])CC[C@H](OP(=O)([O-])[O-])C(=O)[O-].[Li+].[Li+].[Li+].[Li+],Li,metal_Li,O=C([O-])CC[C@H](OP(=O)([O-])[O-])C(=O)[O-]
CHEMBL1206174,CN(C(=O)c1ccccc1)[C@@H](COP(=O)([O-])N[C@@H](CCC(=O)[O-])C(=O)[O-])C(=O)[O-].[K+].[K+].[K+].[K+],K,metal_K,CN(C(=O)c1ccccc1)[C@@H](COP(=O)([O-])N[C@@H](CCC(=O)[O-])C(=O)[O-])C(=O)[O-]
CHEMBL1206175,CN(CCOP(=O)([O-])N[C@@H](CCC(=O)[O-])C(=O)[O-])C(=O)c1ccccc1.[K+].[K+].[K+],K,metal_K,CN(CCOP(=O)([O-])N[C@@H](CCC(=O)[O-])C(=O)[O-])C(=O)c1ccccc1
CHEMBL1206178,O=C([O-])CC[C@H](NP(=O)([O-])OC[C@@H](NC(=O)c1ccccc1)C(=O)[O-])C(=O)[O-].[K+].[K+].[K+].[K+],K,metal_K,O=C([O-])CC[C@H](NP(=O)([O-])OC[C@@H](NC(=O)c1ccccc1)C(=O)[O-])C(=O)[O-]
CHEMBL1206187,O=C([O-])CC[C@H](NP(=O)([O-])OC[C@H](NC(=O)c1ccccc1)C(=O)[O-])C(=O)[O-].[K+].[K+].[K+].[K+],K,metal_K,O=C([O-])CC[C@H](NP(=O)([O-])OC[C@H](NC(=O)c1ccccc1)C(=O)[O-])C(=O)[O-]
CHEMBL1206407,CC(C)CCC[C@@H](C)[C@H]1CC[C@H]2[C@@H]3CCC4C[C@@H](OP(=O)([O-])N[C@@H](CCC(=O)[O-])C(=O)[O-])CC[C@]4(C)[C@H]3CC[C@]12C.[K+].[K+].[K+],K,metal_K,CC(C)CCC[C@@H](C)[C@H]1CC[C@H]2[C@@H]3CCC4C[C@@H](OP(=O)([O-])N[C@@H](CCC(=O)[O-])C(=O)[O-])CC[C@]4(C)[C@H]3CC[C@]12C
CHEMBL1206408,CC(C)CCC[C@@H](C)[C@H]1CC[C@H]2[C@@H]3CCC4C[C@@H](OCCCOP(=O)([O-])N[C@@H](CCC(=O)[O-])C(=O)[O-])CC[C@]4(C)[C@H]3CC[C@]12C.[K+].[K+].[K+],K,metal_K,CC(C)CCC[C@@H](C)[C@H]1CC[C@H]2[C@@H]3CCC4C[C@@H](OCCCOP(=O)([O-])N[C@@H](CCC(=O)[O-])C(=O)[O-])CC[C@]4(C)[C@H]3CC[C@]12C
CHEMBL1206413,C[C@]12CC[C@H](OCCCOP(=O)([O-])N[C@@H](CCC(=O)[O-])C(=O)[O-])C[C@@H]1CC[C@@H]1[C@@H]2CC[C@]2(C)C(=O)CC[C@@H]12.[K+].[K+].[K+],K,metal_K,C[C@]12CC[C@H](OCCCOP(=O)([O-])N[C@@H](CCC(=O)[O-])C(=O)[O-])C[C@@H]1CC[C@@H]1[C@@H]2CC[C@]2(C)C(=O)CC[C@@H]12
CHEMBL1207263,CCCCCCCCCCCCC1OCC(COP(=O)([O-])O)O1.[K+],K,metal_K,CCCCCCCCCCCCC1OCC(COP(=O)([O-])O)O1
CHEMBL1207319,O=C([O-])CC[C@H](NP(=O)([O-])OCC(CCc1ccccc1)C(=O)[O-])C(=O)[O-].[K+].[K+].[K+].[K+],K,metal_K,O=C([O-])CC[C@H](NP(=O)([O-])OCC(CCc1ccccc1)C(=O)[O-])C(=O)[O-]
CHEMBL1207325,O=C([O-])CC[C@H](NP(=O)([O-])OCCCCc1ccccc1)C(=O)[O-].[K+].[K+].[K+],K,metal_K,O=C([O-])CC[C@H](NP(=O)([O-])OCCCCc1ccccc1)C(=O)[O-]
CHEMBL1207387,C[C@]12CC[C@@H]3c4ccc(OC(=O)c5ccccc5)cc4CC[C@H]3[C@@H]1CC[C@@H]2OCCCOP(=O)([O-])N[C@@H](CCC(=O)[O-])C(=O)[O-].[K+].[K+].[K+],K,metal_K,C[C@]12CC[C@@H]3c4ccc(OC(=O)c5ccccc5)cc4CC[C@H]3[C@@H]1CC[C@@H]2OCCCOP(=O)([O-])N[C@@H](CCC(=O)[O-])C(=O)[O-]
CHEMBL1207390,C[C@]12CC[C@@H]3c4ccc(OCCCOP(=O)([O-])N[C@@H](CCC(=O)[O-])C(=O)[O-])cc4CC[C@H]3[C@@H]1CCC2=O.[K+].[K+].[K+],K,metal_K,C[C@]12CC[C@@H]3c4ccc(OCCCOP(=O)([O-])N[C@@H](CCC(=O)[O-])C(=O)[O-])cc4CC[C@H]3[C@@H]1CCC2=O
CHEMBL1207762,C[C@]12CC[C@H](OP(=O)([O-])N[C@@H](CCC(=O)[O-])C(=O)[O-])C[C@@H]1CC[C@@H]1[C@@H]2CC[C@]2(C)C(=O)CC[C@@H]12.[K+].[K+].[K+],K,metal_K,C[C@]12CC[C@H](OP(=O)([O-])N[C@@H](CCC(=O)[O-])C(=O)[O-])C[C@@H]1CC[C@@H]1[C@@H]2CC[C@]2(C)C(=O)CC[C@@H]12
CHEMBL1208292,CC1(C)C(/C=C/C2=C(Oc3ccc(S(=O)(=O)[O-])cc3)/C(=C/C=C3/Nc4ccccc4C3(C)C)CCC2)=[N+](CCCCCC(=O)NC23CC4(CCC(=O)N[C@@H](CCP(=O)(O)CC(CCC(=O)[O-])C(=O)O)C(=O)O)CC(CCC(=O)N[C@@H](CCP(=O)(O)CC(CCC(=O)O)C(=O)O)C(=O)O)(CC(CCC(=O)N[C@@H](CCP(=O)(O)CC(CCC(=O)O)C(=O)O)C(=O)O)(C4)C2)C3)c2ccccc21.[Na+],Na,metal_Na,CC1(C)C(/C=C/C2=C(Oc3ccc(S(=O)(=O)[O-])cc3)C(=C/C=C3/Nc4ccccc4C3(C)C)/CCC2)=[N+](CCCCCC(=O)NC23CC4(CCC(=O)N[C@@H](CCP(=O)(O)CC(CCC(=O)[O-])C(=O)O)C(=O)O)CC(CCC(=O)N[C@@H](CCP(=O)(O)CC(CCC(=O)O)C(=O)O)C(=O)O)(CC(CCC(=O)N[C@@H](CCP(=O)(O)CC(CCC(=O)O)C(=O)O)C(=O)O)(C4)C2)C3)c2ccccc21
CHEMBL1208428,C/C=C1\[C@H]2C=C(C)C[C@]1(/N=C/c1ccccc1OS(=O)(=O)[O-])c1ccc(=O)[nH]c1C2.[Na+],Na,metal_Na,C/C=C1\[C@H]2C=C(C)C[C@]1(/N=C/c1ccccc1OS(=O)(=O)[O-])c1ccc(=O)[nH]c1C2
CHEMBL1208571,CC(C)COC[C@H](CC(C)C)NC(=O)[C@H]1O[C@@H]1C(=O)[O-].[Na+],Na,metal_Na,CC(C)COC[C@H](CC(C)C)NC(=O)[C@H]1O[C@@H]1C(=O)[O-]
CHEMBL1210423,COc1cnc(-c2ccc(Cn3c(CC(C)(C)C(=O)[O-])c(SC(C)(C)C)c4cc(OCc5ccc(C)cn5)ccc43)cc2)nc1.[Na+],Na,metal_Na,COc1cnc(-c2ccc(Cn3c(CC(C)(C)C(=O)[O-])c(SC(C)(C)C)c4cc(OCc5ccc(C)cn5)ccc43)cc2)nc1
CHEMBL1210594,COc1ccc2c(c1)CCCC21CC(=O)N(CC[Se]C#N)C1=O,Se,metal_Se,COc1ccc2c(c1)CCCC21CC(=O)N(CC[Se]C#N)C1=O
CHEMBL1210595,COc1ccc2c(c1)CCCC21CC(=O)N(CCC[Se]C#N)C1=O,Se,metal_Se,COc1ccc2c(c1)CCCC21CC(=O)N(CCC[Se]C#N)C1=O
CHEMBL1210596,COc1ccc2c(c1)CCCC21CC(=O)N(CCCC[Se]C#N)C1=O,Se,metal_Se,COc1ccc2c(c1)CCCC21CC(=O)N(CCCC[Se]C#N)C1=O
CHEMBL1210656,COc1ccc2c(c1)CCCC21CC(=O)N(CCCCC[Se]C#N)C1=O,Se,metal_Se,COc1ccc2c(c1)CCCC21CC(=O)N(CCCCC[Se]C#N)C1=O
CHEMBL1213165,C[C@@H]1CCO[C@H]2Cn3cc(C(=O)NCc4ccc(F)cc4F)c(=O)c([O-])c3C(=O)N12.[Na+],Na,metal_Na,C[C@@H]1CCO[C@H]2Cn3cc(C(=O)NCc4ccc(F)cc4F)c(=O)c([O-])c3C(=O)N12
CHEMBL1223,CC1(C)S[C@@H]2[C@H](NC(=O)Cc3ccccc3)C(=O)N2[C@H]1C(=O)[O-].[K+],K,metal_K,CC1(C)S[C@@H]2[C@H](NC(=O)Cc3ccccc3)C(=O)N2[C@H]1C(=O)[O-]
CHEMBL1223185,COc1cc(-c2ccc3c(c2)NC(=O)/C3=C\c2cc(C(=O)NCCN3CCOCC3)c(C)[se]2)ccc1O,Se,metal_Se,COc1cc(-c2ccc3c(c2)NC(=O)/C3=C\c2cc(C(=O)NCCN3CCOCC3)c(C)[se]2)ccc1O
CHEMBL1230866,[Ag+],Ag,metal_Ag,[Ag+]
CHEMBL1231052,[AsH3],As,metal_As,[AsH3]
CHEMBL1232,C[C@@H](O)[C@H]1C(=O)N2C(C(=O)[O-])=C(S[C@@H]3CN[C@H](C(=O)Nc4cccc(C(=O)O)c4)C3)[C@H](C)[C@H]12.[Na+],Na,metal_Na,C[C@@H](O)[C@H]1C(=O)N2C(C(=O)[O-])=C(S[C@@H]3CN[C@H](C(=O)Nc4cccc(C(=O)O)c4)C3)[C@H](C)[C@H]12
CHEMBL1236970,[Zn+2],Zn,metal_Zn,[Zn+2]
CHEMBL1237061,O=C([O-])C[C@H](O)C[C@H](O)/C=C/c1c(C2CC2)nc2ccccc2c1-c1ccc(F)cc1.O=C([O-])C[C@H](O)C[C@H](O)/C=C/c1c(C2CC2)nc2ccccc2c1-c1ccc(F)cc1.[Ca+2],Ca,metal_Ca,O=C([O-])C[C@H](O)C[C@H](O)/C=C/c1c(C2CC2)nc2ccccc2c1-c1ccc(F)cc1
CHEMBL1237066,O=C([O-])C(O)[C@H](O)[C@@H](O)[C@H](O)[C@H](O)CO.O=C([O-])C(O)[C@H](O)[C@@H](O)[C@H](O)[C@H](O)CO.[Ca+2],Ca,metal_Ca,O=C([O-])C(O)[C@H](O)[C@@H](O)[C@H](O)[C@H](O)CO
CHEMBL1237070,CCCCCOc1ccc(-c2cc(-c3ccc(C(=O)N[C@H]4C[C@@H](O)[C@@H](O)NC(=O)[C@@H]5[C@@H](O)[C@@H](C)CN5C(=O)[C@H]([C@H](O)CC(N)=O)NC(=O)[C@H]([C@H](O)[C@@H](O)c5ccc(O)c(OS(=O)(=O)[O-])c5)NC(=O)[C@@H]5C[C@@H](O)CN5C(=O)[C@H]([C@@H](C)O)NC4=O)cc3)no2)cc1.[Na+],Na,metal_Na,CCCCCOc1ccc(-c2cc(-c3ccc(C(=O)N[C@H]4C[C@@H](O)[C@@H](O)NC(=O)[C@@H]5[C@@H](O)[C@@H](C)CN5C(=O)[C@H]([C@H](O)CC(N)=O)NC(=O)[C@H]([C@H](O)[C@@H](O)c5ccc(O)c(OS(=O)(=O)[O-])c5)NC(=O)[C@@H]5C[C@@H](O)CN5C(=O)[C@H]([C@@H](C)O)NC4=O)cc3)no2)cc1
CHEMBL1243246,[Li+].[N-]=[N+]=Nc1ccc(I)cc1COc1ccc(C(O)CCC(=O)[O-])cc1,Li,metal_Li,[N-]=[N+]=Nc1ccc(I)cc1COc1ccc(C(O)CCC(=O)[O-])cc1
CHEMBL1256987,CC(=O)O[C@H]1C[C@@]2(C)[C@@H](C[C@@H](O)[C@H]3[C@@]4(C)CC[C@@H](O)[C@@H](C)[C@@H]4CC[C@@]32C)/C1=C(\CCC=C(C)C)C(=O)[O-].[Na+],Na,metal_Na,CC(=O)O[C@H]1C[C@@]2(C)[C@@H](C[C@@H](O)[C@H]3[C@@]4(C)CC[C@@H](O)[C@@H](C)[C@@H]4CC[C@@]32C)/C1=C(\CCC=C(C)C)C(=O)[O-]
CHEMBL1256994,C[N+](C)(C)CCOP(=O)([O-])OP(=O)([O-])OC[C@H]1O[C@@H](n2ccc(N)nc2=O)[C@H](O)[C@@H]1O.[Na+],Na,metal_Na,C[N+](C)(C)CCOP(=O)([O-])OP(=O)([O-])OC[C@H]1O[C@@H](n2ccc(N)nc2=O)[C@H](O)[C@@H]1O
CHEMBL132016,O=C(Nc1c(O)nc(O)nc1NC[C@H](O)[C@H](O)[C@H](O)CO)c1ccc(S(=O)(=O)[O-])cc1.[Na+],Na,metal_Na,O=C(Nc1c(O)nc(O)nc1NC[C@H](O)[C@H](O)[C@H](O)CO)c1ccc(S(=O)(=O)[O-])cc1
CHEMBL1330792,CC(=O)Nc1cc([As](=O)(O)O)ccc1O,As,metal_As,CC(=O)Nc1cc([As](=O)(O)O)ccc1O
CHEMBL1334078,[Na+].[O-]Cl,Na,metal_Na,[O-]Cl
CHEMBL1351474,CC1=CC(=O)[N-]S(=O)(=O)O1.[K+],K,metal_K,CC1=CC(=O)[N-]S(=O)(=O)O1
CHEMBL1353,O=C([O-])O.[Na+],Na,metal_Na,O=C([O-])O
CHEMBL1354,CC(=O)[O-].[Na+],Na,metal_Na,CC(=O)[O-]
CHEMBL1355,O=C([O-])CC(O)(CC(=O)[O-])C(=O)[O-].[Na+].[Na+].[Na+],Na,metal_Na,O=C([O-])CC(O)(CC(=O)[O-])C(=O)[O-]
CHEMBL1356,O=C([O-])c1ccccc1.[Na+],Na,metal_Na,O=C([O-])c1ccccc1
CHEMBL1357,CC(O)C(=O)[O-].[Na+],Na,metal_Na,CC(O)C(=O)[O-]
CHEMBL1368,O=P([O-])(O)O.[Na+],Na,metal_Na,O=P([O-])(O)O
CHEMBL1371200,C[C@]12CCC(=O)C=C1C=C[C@@H]1[C@@H]2CC[C@@]2(C)[C@H]1CC[C@@]2(O)CCC(=O)[O-].[K+],K,metal_K,C[C@]12CCC(=O)C=C1C=C[C@@H]1[C@@H]2CC[C@@]2(C)[C@H]1CC[C@@]2(O)CCC(=O)[O-]
CHEMBL1382627,Nc1ccc(S(=O)(=O)[N-]c2ncccn2)cc1.[Ag+],Ag,metal_Ag,Nc1ccc(S(=O)(=O)[N-]c2ncccn2)cc1
CHEMBL141419,COc1ccccc1N1CCN(CCCCNC(=O)c2cc3ccccc3[te]2)CC1,Te,metal_Te,COc1ccccc1N1CCN(CCCCNC(=O)c2cc3ccccc3[te]2)CC1
CHEMBL1439,C[C@]1(Cn2ccnn2)[C@H](C(=O)[O-])N2C(=O)C[C@H]2S1(=O)=O.[Na+],Na,metal_Na,C[C@]1(Cn2ccnn2)[C@H](C(=O)[O-])N2C(=O)C[C@H]2S1(=O)=O
CHEMBL1447476,[Na+].[Na+].[O-]c1c(Cl)cc(Cl)cc1Sc1cc(Cl)cc(Cl)c1[O-],Na,metal_Na,[O-]c1c(Cl)cc(Cl)cc1Sc1cc(Cl)cc(Cl)c1[O-]
CHEMBL1473252,Cc1c(S(=O)(=O)[O-])oc2c1C(=O)C(=O)c1c-2ccc2c1CCCC2(C)C.[Na+],Na,metal_Na,Cc1c(S(=O)(=O)[O-])oc2c1C(=O)C(=O)c1c-2ccc2c1CCCC2(C)C
CHEMBL149972,CCC1(c2ccccc2)C(=O)N=C([O-])NC1=O.[Na+],Na,metal_Na,CCC1(c2ccccc2)C(=O)N=C([O-])NC1=O
CHEMBL1520188,O=P([O-])(O)C(Cl)(Cl)P(=O)([O-])O.[Na+].[Na+],Na,metal_Na,O=P([O-])(O)C(Cl)(Cl)P(=O)([O-])O
CHEMBL1528,[F-].[Na+],Na,metal_Na,[F-]
CHEMBL1552183,C[C@@](O)(/C=C/[C@H]1CC=CC(=O)O1)[C@@H](C[C@@H](O)/C=C\C=C/C=C/CO)OP(=O)([O-])O.[Na+],Na,metal_Na,C[C@@](O)(/C=C/[C@H]1CC=CC(=O)O1)[C@@H](C[C@@H](O)\C=C/C=C\C=C\CO)OP(=O)([O-])O
CHEMBL1562610,Cc1ccc(Cl)c(Nc2ccccc2C(=O)[O-])c1Cl.O.[Na+],Na,metal_Na,Cc1ccc(Cl)c(Nc2ccccc2C(=O)[O-])c1Cl
CHEMBL1567328,COc1ccc2[n-]c([S+]([O-])Cc3ncc(C)c(OC)c3C)nc2c1.COc1ccc2[n-]c([S+]([O-])Cc3ncc(C)c(OC)c3C)nc2c1.[Mg+2],Mg,metal_Mg,COc1ccc2[n-]c([S+]([O-])Cc3ncc(C)c(OC)c3C)nc2c1
CHEMBL1568276,CCOc1ccc2ccccc2c1C(=O)N[C@@H]1C(=O)N2[C@@H]1SC(C)(C)[C@@H]2C(=O)[O-].O.[Na+],Na,metal_Na,CCOc1ccc2ccccc2c1C(=O)N[C@@H]1C(=O)N2[C@@H]1SC(C)(C)[C@@H]2C(=O)[O-]
CHEMBL1611,O=C1N=C([O-])NC1(c1ccccc1)c1ccccc1.[Na+],Na,metal_Na,O=C1N=C([O-])NC1(c1ccccc1)c1ccccc1
CHEMBL1615371,CN1c2c([nH]c(N)nc2=O)NC[C@@H]1CNc1ccc(C(=O)N[C@@H](CCC(=O)[O-])C(=O)[O-])cc1.[Ca+2],Ca,metal_Ca,CN1c2c([nH]c(N)nc2=O)NC[C@@H]1CNc1ccc(C(=O)N[C@@H](CCC(=O)[O-])C(=O)[O-])cc1
CHEMBL1616414,O=c1ccc2[n+]([O-])c3ccc([O-])cc3oc-2c1.[Na+],Na,metal_Na,O=c1ccc2[n+]([O-])c3ccc([O-])cc3oc-2c1
CHEMBL1618,Cn1nnnc1SCC1=C(C(=O)[O-])N2C(=O)[C@@H](NC(=O)[C@H](OC=O)c3ccccc3)[C@H]2SC1.[Na+],Na,metal_Na,Cn1nnnc1SCC1=C(C(=O)[O-])N2C(=O)[C@@H](NC(=O)[C@H](OC=O)c3ccccc3)[C@H]2SC1
CHEMBL1618575,N[C@@H](CCC(=O)N[C@@H](COP(=O)([O-])O[C@@H](CCC(=O)O)C(=O)O)C(=O)O)C(=O)O.[K+],K,metal_K,N[C@@H](CCC(=O)N[C@@H](COP(=O)([O-])O[C@@H](CCC(=O)O)C(=O)O)C(=O)O)C(=O)O
CHEMBL1628233,O=C([O-])c1ccccc1-c1c2ccc(=O)cc-2oc2cc([O-])ccc12.[Na+].[Na+],Na,metal_Na,O=C([O-])c1ccccc1-c1c2ccc(=O)cc-2oc2cc([O-])ccc12
CHEMBL1632,CC(=O)OCC1=C(C(=O)[O-])N2C(=O)[C@@H](NC(=O)Cc3cccs3)[C@H]2SC1.[Na+],Na,metal_Na,CC(=O)OCC1=C(C(=O)[O-])N2C(=O)[C@@H](NC(=O)Cc3cccs3)[C@H]2SC1
CHEMBL163778,CC(C)CCC[C@@H](COS(=O)(=O)[O-])[C@H]1CCC2C3CC=C4[C@H](O)[C@H](OS(=O)(=O)[O-])[C@H](O)C[C@]4(C)C3CC[C@@]21C.[Na+].[Na+],Na,metal_Na,CC(C)CCC[C@@H](COS(=O)(=O)[O-])[C@H]1CCC2C3CC=C4[C@H](O)[C@H](OS(=O)(=O)[O-])[C@H](O)C[C@]4(C)C3CC[C@@]21C
CHEMBL163896,CC(C)CC[C@@H](O)[C@@H](C)[C@H]1CCC2C3C[C@H](OS(=O)(=O)[O-])C4C[C@@H](OS(=O)(=O)[O-])CC[C@]4(C)C3=CC[C@@]21C.[Na+].[Na+],Na,metal_Na,CC(C)CC[C@@H](O)[C@@H](C)[C@H]1CCC2C3C[C@H](OS(=O)(=O)[O-])C4C[C@@H](OS(=O)(=O)[O-])CC[C@]4(C)C3=CC[C@@]21C
CHEMBL1640,Cc1cc(-c2ccc(/N=N/c3c(S(=O)(=O)[O-])cc4cc(S(=O)(=O)[O-])cc(N)c4c3O)c(C)c2)ccc1/N=N/c1c(S(=O)(=O)[O-])cc2cc(S(=O)(=O)[O-])cc(N)c2c1O.[Na+].[Na+].[Na+].[Na+],Na,metal_Na,Cc1cc(-c2ccc(/N=N/c3c(S(=O)(=O)[O-])cc4cc(S(=O)(=O)[O-])cc(N)c4c3O)c(C)c2)ccc1/N=N/c1c(S(=O)(=O)[O-])cc2cc(S(=O)(=O)[O-])cc(N)c2c1O
CHEMBL164269,CC[C@@](O)(C(=O)[O-])c1cc2n(c(=O)c1CO)Cc1cc3ccccc3nc1-2.[Na+],Na,metal_Na,CC[C@@](O)(C(=O)[O-])c1cc2n(c(=O)c1CO)Cc1cc3ccccc3nc1-2
CHEMBL1644029,O=[N+]([O-])[O-].[K+],K,metal_K,O=[N+]([O-])[O-]
CHEMBL1644694,[Br-].[Na+],Na,metal_Na,[Na+]
CHEMBL1644695,[I-].[Na+],Na,metal_Na,[Na+]
CHEMBL1644698,O=[N+]([O-])[O-].[Na+],Na,metal_Na,O=[N+]([O-])[O-]
CHEMBL1646,CC1(C)C(/C=C/C=C/C=C/C=C2\N(CCCCS(=O)(=O)[O-])c3ccc4ccccc4c3C2(C)C)=[N+](CCCCS(=O)(=O)[O-])c2ccc3ccccc3c21.[Na+],Na,metal_Na,CC1(C)C(/C=C/C=C/C=C/C=C2\N(CCCCS(=O)(=O)[O-])c3ccc4ccccc4c3C2(C)C)=[N+](CCCCS(=O)(=O)[O-])c2ccc3ccccc3c21
CHEMBL164975,CC(C)C(CCOS(=O)(=O)[O-])CC[C@@H](C)[C@H]1[C@@H](O)[C@H](O)C2[C@]3(O)C[C@@H](O)[C@@]4(O)C[C@@H](O)CC[C@]4(C)C3CC[C@@]21C.[Na+],Na,metal_Na,CC(C)C(CCOS(=O)(=O)[O-])CC[C@@H](C)[C@H]1[C@@H](O)[C@H](O)C2[C@]3(O)C[C@@H](O)[C@@]4(O)C[C@@H](O)CC[C@]4(C)C3CC[C@@]21C
CHEMBL1650317,CCC(C)(C)C(=O)[O-].[Na+],Na,metal_Na,CCC(C)(C)C(=O)[O-]
CHEMBL1654,O=P([O-])(O)C(O)(Cc1cccnc1)P(=O)(O)O.[Na+],Na,metal_Na,O=P([O-])(O)C(O)(Cc1cccnc1)P(=O)(O)O
CHEMBL166,Nc1nc(N)nc(Nc2ccc([As]3SCC(CO)S3)cc2)n1,As,metal_As,Nc1nc(N)nc(Nc2ccc([As]3SCC(CO)S3)cc2)n1
CHEMBL1673159,CC1CCC(C(=O)N(c2cc(-c3ccccc3)sc2C(=O)[O-])C2CCC(O)CC2)CC1.[Na+],Na,metal_Na,CC1CCC(C(=O)N(c2cc(-c3ccccc3)sc2C(=O)[O-])C2CCC(O)CC2)CC1
CHEMBL167319,CC(C)CCC[C@@H](COS(=O)(=O)[O-])[C@H]1CCC2C3CC=C4C[C@H](O)[C@@H](OS(=O)(=O)[O-])C[C@]4(C)C3CC[C@@]21C.[Na+].[Na+],Na,metal_Na,CC(C)CCC[C@@H](COS(=O)(=O)[O-])[C@H]1CCC2C3CC=C4C[C@H](O)[C@@H](OS(=O)(=O)[O-])C[C@]4(C)C3CC[C@@]21C
CHEMBL1697708,CC1(C)S[C@@H]2[C@H](NC(=O)[C@H](NC(=O)N3CCN(S(C)(=O)=O)C3=O)c3ccccc3)C(=O)N2[C@H]1C(=O)[O-].[Na+],Na,metal_Na,CC1(C)S[C@@H]2[C@H](NC(=O)[C@H](NC(=O)N3CCN(S(C)(=O)=O)C3=O)c3ccccc3)C(=O)N2[C@H]1C(=O)[O-]
CHEMBL1697717,CC1(C)[C@@H](OC(=O)CCC(=O)[O-])CC[C@]2(C)[C@H]3C(=O)C=C4[C@@H]5C[C@@](C)(C(=O)[O-])CC[C@]5(C)CC[C@@]4(C)[C@]3(C)CC[C@@H]12.[Na+].[Na+],Na,metal_Na,CC1(C)[C@@H](OC(=O)CCC(=O)[O-])CC[C@]2(C)[C@H]3C(=O)C=C4[C@@H]5C[C@@](C)(C(=O)[O-])CC[C@]5(C)CC[C@@]4(C)[C@]3(C)CC[C@@H]12
CHEMBL1697734,Cc1ccc(S(=O)(=O)[N-]Cl)cc1.[Na+],Na,metal_Na,Cc1ccc(S(=O)(=O)[N-]Cl)cc1
CHEMBL1697768,O=S(=O)([O-])Oc1ccc(C(c2ccc(OS(=O)(=O)[O-])cc2)c2ccccn2)cc1.[Na+].[Na+],Na,metal_Na,O=S(=O)([O-])Oc1ccc(C(c2ccc(OS(=O)(=O)[O-])cc2)c2ccccn2)cc1
CHEMBL1723241,CC(=O)[N-]S(=O)(=O)c1ccc(N)cc1.O.[Na+],Na,metal_Na,CC(=O)[N-]S(=O)(=O)c1ccc(N)cc1
CHEMBL1744447,CC(C)c1nc(N(C)S(C)(=O)=O)nc(-c2ccc(F)cc2)c1/C=C/[C@@H](O)C[C@@H](O)CC(=O)[O-].CC(C)c1nc(N(C)S(C)(=O)=O)nc(-c2ccc(F)cc2)c1/C=C/[C@@H](O)C[C@@H](O)CC(=O)[O-].[Ca+2],Ca,metal_Ca,CC(C)c1nc(N(C)S(C)(=O)=O)nc(-c2ccc(F)cc2)c1/C=C/[C@@H](O)C[C@@H](O)CC(=O)[O-]
CHEMBL1746,O=C([O-])CCCc1ccccc1.[Na+],Na,metal_Na,O=C([O-])CCCc1ccccc1
CHEMBL1749,O=C([O-])CN(CCN(CC(=O)[O-])CC(=O)O)CC(=O)O.[Na+].[Na+],Na,metal_Na,O=C([O-])CN(CCN(CC(=O)[O-])CC(=O)O)CC(=O)O
CHEMBL1767407,Nc1ccn([C@H]2C[C@H](O)[C@@H](COP(=O)([O-])OP(=O)([O-])OP(=O)([O-])OP(=O)([O-])OC[C@H]3O[C@@H](n4ccc(=O)[nH]c4=O)[C@H](O)[C@@H]3O)O2)c(=O)n1.[Na+].[Na+].[Na+].[Na+],Na,metal_Na,Nc1ccn([C@H]2C[C@H](O)[C@@H](COP(=O)([O-])OP(=O)([O-])OP(=O)([O-])OP(=O)([O-])OC[C@H]3O[C@@H](n4ccc(=O)[nH]c4=O)[C@H](O)[C@@H]3O)O2)c(=O)n1
CHEMBL1767408,O=c1ccn([C@@H]2O[C@H](COP(=O)([O-])OP(=O)([O-])OP(=O)([O-])OP(=O)([O-])OC[C@H]3O[C@@H](n4ccc(=O)[nH]c4=O)[C@H](O)[C@@H]3O)[C@@H](O)[C@H]2O)c(=O)[nH]1.[Na+].[Na+].[Na+].[Na+],Na,metal_Na,O=c1ccn([C@@H]2O[C@H](COP(=O)([O-])OP(=O)([O-])OP(=O)([O-])OP(=O)([O-])OC[C@H]3O[C@@H](n4ccc(=O)[nH]c4=O)[C@H](O)[C@@H]3O)[C@@H](O)[C@H]2O)c(=O)[nH]1
CHEMBL177367,O=[N+]([O-])[O-].[Ag+],Ag,metal_Ag,[Ag+]
CHEMBL1788384,CC(=O)Nc1cc([As]2SCC(CO)S2)ccc1O,As,metal_As,CC(=O)Nc1cc([As]2SCC(CO)S2)ccc1O
CHEMBL1788396,O=[As](O)(O)c1ccc(NCCNc2ccc([As](=O)(O)O)cc2)cc1,As,metal_As,O=[As](O)(O)c1ccc(NCCNc2ccc([As](=O)(O)O)cc2)cc1
CHEMBL1796146,O=C(Cc1c(NC(=O)c2ccccc2)sc2c1CCCC2)NNC(=S)[S-].[K+],K,metal_K,O=C(Cc1c(NC(=O)c2ccccc2)sc2c1CCCC2)NNC(=S)[S-]
CHEMBL1796147,O=C(O)CCNc1sc2c(c1CC(=O)NNC(=S)[S-])CCCC2.[K+],K,metal_K,O=C(O)CCNc1sc2c(c1CC(=O)NNC(=S)[S-])CCCC2
CHEMBL1796442,CCCCCC/C=C\CCCCCCCC(=O)OCC1COP(=O)([O-])C1.[Na+],Na,metal_Na,CCCCCC/C=C\CCCCCCCC(=O)OCC1COP(=O)([O-])C1
CHEMBL1806716,CSc1ccc(C[Se]C#N)cc1,Se,metal_Se,CSc1ccc(C[Se]C#N)cc1
CHEMBL1806718,N#C[Se]Cc1ccc(C#N)cc1,Se,metal_Se,N#C[Se]Cc1ccc(C#N)cc1
CHEMBL1806720,N#C[Se]Cc1ccccc1C#N,Se,metal_Se,N#C[Se]Cc1ccccc1C#N
CHEMBL1806794,CN(C)c1ccc([Se][Se]c2ccc(N(C)C)cc2)cc1,Se,metal_Se,CN(C)c1ccc([Se][Se]c2ccc(N(C)C)cc2)cc1
CHEMBL1806800,Brc1ccc(C[Se][Se]Cc2ccc(Br)cc2)cc1,Se,metal_Se,Brc1ccc(C[Se][Se]Cc2ccc(Br)cc2)cc1
CHEMBL1806804,N#Cc1ccc(C[Se][Se]Cc2ccc(C#N)cc2)cc1,Se,metal_Se,N#Cc1ccc(C[Se][Se]Cc2ccc(C#N)cc2)cc1
CHEMBL1806807,c1ccc(C[Se][Se]Cc2ccccc2)cc1,Se,metal_Se,c1ccc(C[Se][Se]Cc2ccccc2)cc1
CHEMBL1806808,c1ccc2cc(C[Se][Se]Cc3ccc4ccccc4c3)ccc2c1,Se,metal_Se,c1ccc2cc(C[Se][Se]Cc3ccc4ccccc4c3)ccc2c1
CHEMBL181886,CC(=O)C(=O)[O-].[Na+],Na,metal_Na,CC(=O)C(=O)[O-]
CHEMBL182105,Cc1nc2ccc(S(=O)(=O)[O-])cc2c2c1C(=O)N(c1c(C)nn(C)c1C)C2=O.[Na+],Na,metal_Na,Cc1nc2ccc(S(=O)(=O)[O-])cc2c2c1C(=O)N(c1c(C)nn(C)c1C)C2=O
CHEMBL1837010,Cc1cc(S(=O)(=O)[O-])c2c(C)ccc(C(C)C)cc1-2.[Na+],Na,metal_Na,Cc1cc(S(=O)(=O)[O-])c2c(C)ccc(C(C)C)cc1-2
CHEMBL186314,O=C([O-])[O-].[Na+].[Na+],Na,metal_Na,O=C([O-])[O-]
CHEMBL18765,O=C([O-])Cc1ccccc1Cn1nnc(-c2cccc(/C=C/c3ccc4ccccc4n3)c2)n1.[Na+],Na,metal_Na,O=C([O-])Cc1ccccc1Cn1nnc(-c2cccc(/C=C/c3ccc4ccccc4n3)c2)n1
CHEMBL1901349,CC(C)(CO)[C@@H](O)C(=O)NCCC(=O)[O-].CC(C)(CO)[C@@H](O)C(=O)NCCC(=O)[O-].[Ca+2],Ca,metal_Ca,CC(C)(CO)[C@@H](O)C(=O)NCCC(=O)[O-]
CHEMBL1905872,CCCCC(CC)COC(=O)CC(C(=O)OCC(CC)CCCC)S(=O)(=O)[O-].[Na+],Na,metal_Na,CCCCC(CC)COC(=O)CC(C(=O)OCC(CC)CCCC)S(=O)(=O)[O-]
CHEMBL1908359,O=P([O-])([O-])F.[Na+].[Na+],Na,metal_Na,O=P([O-])([O-])F
CHEMBL1908361,Nc1nc(=O)c2c([nH]1)NC[C@H](CNc1ccc(C(=O)N[C@@H](CCC(=O)[O-])C(=O)[O-])cc1)N2C=O.[Ca+2],Ca,metal_Ca,Nc1nc(=O)c2c([nH]1)NC[C@H](CNc1ccc(C(=O)N[C@@H](CCC(=O)[O-])C(=O)[O-])cc1)N2C=O
CHEMBL1911877,Cn1c(=O)c(=O)n([O-])c2c(NCCc3ccccc3)ncnc21.[Na+],Na,metal_Na,Cn1c(=O)c(=O)n([O-])c2c(NCCc3ccccc3)ncnc21
CHEMBL1922673,CCOc1ccc(-c2ccc(Cn3c(CC(C)(C)C(=O)[O-])c(SC(C)(C)C)c4cc(OCc5ccc(C)cn5)ccc43)cc2)cn1.[Na+],Na,metal_Na,CCOc1ccc(-c2ccc(Cn3c(CC(C)(C)C(=O)[O-])c(SC(C)(C)C)c4cc(OCc5ccc(C)cn5)ccc43)cc2)cn1
CHEMBL19304,O=C([O-])c1ccccc1Cn1nnc(-c2cccc(OCc3nc4ccccc4s3)c2)n1.[Na+],Na,metal_Na,O=C([O-])c1ccccc1Cn1nnc(-c2cccc(OCc3nc4ccccc4s3)c2)n1
CHEMBL19430,COc1cccc(C(=O)[O-])c1Cn1nnc(-c2cccc(OCc3ccc4ccccc4n3)c2)n1.[Na+],Na,metal_Na,COc1cccc(C(=O)[O-])c1Cn1nnc(-c2cccc(OCc3ccc4ccccc4n3)c2)n1
CHEMBL19473,COc1cc(C(=O)[O-])ccc1Cn1nnnc1-c1cccc(/C=C/c2ccc3ccccc3n2)c1.[Na+],Na,metal_Na,COc1cc(C(=O)[O-])ccc1Cn1nnnc1-c1cccc(/C=C/c2ccc3ccccc3n2)c1
CHEMBL19596,O=C([O-])c1sccc1Cn1nnc(-c2cccc(/C=C/c3ccc4ccc(Cl)cc4n3)c2)n1.[Na+],Na,metal_Na,O=C([O-])c1sccc1Cn1nnc(-c2cccc(/C=C/c3ccc4ccc(Cl)cc4n3)c2)n1
CHEMBL19614,O=C([O-])c1cccc(Cn2nnc(-c3cccc(/C=C/c4ccc5ccccc5n4)c3)n2)c1.[Na+],Na,metal_Na,O=C([O-])c1cccc(Cn2nnc(-c3cccc(/C=C/c4ccc5ccccc5n4)c3)n2)c1
CHEMBL1963261,O=C(O)CC[C@H](NP(=O)(O)OC[C@H](NC(=O)CC[C@H](NC(=O)c1ccc(-c2c3ccc(=O)cc-3oc3cc(O)ccc23)c(C(=O)[O-])c1)C(=O)O)C(=O)O)C(=O)O.[K+],K,metal_K,O=C(O)CC[C@H](NP(=O)(O)OC[C@H](NC(=O)CC[C@H](NC(=O)c1ccc(-c2c3ccc(=O)cc-3oc3cc(O)ccc23)c(C(=O)[O-])c1)C(=O)O)C(=O)O)C(=O)O
CHEMBL19726,O=C([O-])c1ccccc1Cn1nnc(-c2cccc(/C=C/c3ccc4ccccc4n3)c2)n1.[Na+],Na,metal_Na,O=C([O-])c1ccccc1Cn1nnc(-c2cccc(/C=C/c3ccc4ccccc4n3)c2)n1
CHEMBL2009089,O=[Se](O)O,Se,metal_Se,O=[Se](O)O
CHEMBL2013119,COc1cc(OC)c(/C=C/S(=O)(=O)Cc2ccc(OC)c(NCC(=O)[O-])c2)c(OC)c1.[Na+],Na,metal_Na,COc1cc(OC)c(/C=C/S(=O)(=O)Cc2ccc(OC)c(NCC(=O)[O-])c2)c(OC)c1
CHEMBL2021422,CC(C)c1cccc(C(C)C)c1OCOP(=O)([O-])[O-].[Na+].[Na+],Na,metal_Na,CC(C)c1cccc(C(C)C)c1OCOP(=O)([O-])[O-]
CHEMBL2021423,O=S(=O)([O-])[O-].[Mg+2],Mg,metal_Mg,O=S(=O)([O-])[O-]
CHEMBL2021424,O=S(=O)([O-])[O-].[K+].[K+],K,metal_K,O=S(=O)([O-])[O-]
CHEMBL2021430,C[C@@H]1C[C@H]2[C@@H]3CCC4=CC(=O)C=C[C@]4(C)[C@@]3(F)[C@@H](O)C[C@]2(C)[C@@]1(O)C(=O)COP(=O)([O-])[O-].[Na+].[Na+],Na,metal_Na,C[C@@H]1C[C@H]2[C@@H]3CCC4=CC(=O)C=C[C@]4(C)[C@@]3(F)[C@@H](O)C[C@]2(C)[C@@]1(O)C(=O)COP(=O)([O-])[O-]
CHEMBL2035460,O=c1c2ccccc2[se]n1CCn1[se]c2ccccc2c1=O,Se,metal_Se,O=c1c2ccccc2[se]n1CCn1[se]c2ccccc2c1=O
CHEMBL2048409,CS(=O)(=O)c1cccc(C[C@H](NC(=O)c2c(Cl)cc3c(c2Cl)CCN(C(=O)c2ccc4ccoc4c2)C3)C(=O)[O-])c1.[Na+],Na,metal_Na,CS(=O)(=O)c1cccc(C[C@H](NC(=O)c2c(Cl)cc3c(c2Cl)CCN(C(=O)c2ccc4ccoc4c2)C3)C(=O)[O-])c1
CHEMBL2068723,CC(=O)Nc1c(I)c(C(=O)[O-])c(I)c(N(C)C(C)=O)c1I.CC(=O)Nc1c(I)c(C(=O)[O-])c(I)c(N(C)C(C)=O)c1I.[Ca+2],Ca,metal_Ca,CC(=O)Nc1c(I)c(C(=O)[O-])c(I)c(N(C)C(C)=O)c1I
CHEMBL2068724,CC(=O)NCCCS(=O)(=O)[O-].CC(=O)NCCCS(=O)(=O)[O-].[Ca+2],Ca,metal_Ca,CC(=O)NCCCS(=O)(=O)[O-]
CHEMBL2068725,CN(C)/C=N/c1c(I)cc(I)c(CCC(=O)[O-])c1I.CN(C)/C=N/c1c(I)cc(I)c(CCC(=O)[O-])c1I.[Ca+2],Ca,metal_Ca,CN(C)/C=N/c1c(I)cc(I)c(CCC(=O)[O-])c1I
CHEMBL2068884,O=C([O-])[C@H]1O[C@H](O)[C@H](O)[C@@H](O)[C@@H]1O.[Na+],Na,metal_Na,O=C([O-])[C@H]1O[C@H](O)[C@H](O)[C@@H](O)[C@@H]1O
CHEMBL2079793,Nc1nc([O-])c2ncn(CCC(CO)CO)c2n1.[Na+],Na,metal_Na,Nc1nc([O-])c2ncn(CCC(CO)CO)c2n1
CHEMBL2096631,O=C([O-])C1N=C(c2ccccc2)c2cc(Cl)ccc2NC1=O.[K+].[K+].[OH-],K,metal_K,O=C([O-])C1N=C(c2ccccc2)c2cc(Cl)ccc2NC1=O
CHEMBL2096633,O=[Si]([O-])O[Si]([O-])([O-])O[Si](=O)[O-].[Mg+2].[Mg+2],Mg,metal_Mg,O=[Si]([O-])O[Si]([O-])([O-])O[Si](=O)[O-]
CHEMBL2096639,CC[C@H](C)[C@H](N)C1=N[C@H](C(=O)N[C@@H](CC(C)C)C(=O)N[C@H](CCC(=O)[O-])C(=O)N[C@H](C(=O)N[C@H]2CCCCNC(=O)[C@H](CC(N)=O)NC(=O)[C@@H](CC(=O)[O-])NC(=O)[C@H](Cc3cnc[nH]3)NC(=O)[C@@H](Cc3ccccc3)NC(=O)[C@H]([C@@H](C)CC)NC(=O)[C@@H](CCCN)NC2=O)[C@@H](C)CC)CS1.[Zn+2],Zn,metal_Zn,CC[C@H](C)[C@H](N)C1=N[C@H](C(=O)N[C@@H](CC(C)C)C(=O)N[C@H](CCC(=O)[O-])C(=O)N[C@H](C(=O)N[C@H]2CCCCNC(=O)[C@H](CC(N)=O)NC(=O)[C@@H](CC(=O)[O-])NC(=O)[C@H](Cc3cnc[nH]3)NC(=O)[C@@H](Cc3ccccc3)NC(=O)[C@H]([C@@H](C)CC)NC(=O)[C@@H](CCCN)NC2=O)[C@@H](C)CC)CS1
CHEMBL2096646,Nc1ccc(C(=O)[O-])c(O)c1.O.O.[Na+],Na,metal_Na,Nc1ccc(C(=O)[O-])c(O)c1
CHEMBL2096650,O.O.O.O.O.O=S([O-])([O-])=S.[Na+].[Na+],Na,metal_Na,O=S([O-])([O-])=S
CHEMBL2097002,O=[Se](=O)(O)O,Se,metal_Se,O=[Se](=O)(O)O
CHEMBL2103736,CC(C(=O)[O-])c1cccc(Oc2ccccc2)c1.CC(C(=O)[O-])c1cccc(Oc2ccccc2)c1.O.O.[Ca+2],Ca,metal_Ca,CC(C(=O)[O-])c1cccc(Oc2ccccc2)c1
CHEMBL2103738,O.O.O.O.O=C([O-])CC(O)(CC(=O)[O-])C(=O)[O-].[Li+].[Li+].[Li+],Li,metal_Li,O=C([O-])CC(O)(CC(=O)[O-])C(=O)[O-]
CHEMBL2103741,N[C@@H](Cc1cc(I)c(Oc2cc(I)c(O)c(I)c2)c(I)c1)C(=O)[O-].O.[Na+],Na,metal_Na,N[C@@H](Cc1cc(I)c(Oc2cc(I)c(O)c(I)c2)c(I)c1)C(=O)[O-]
CHEMBL2103771,COCCOc1cnc([N-]S(=O)(=O)c2ccccc2)nc1.[Na+],Na,metal_Na,COCCOc1cnc([N-]S(=O)(=O)c2ccccc2)nc1
CHEMBL2103793,Cc1cn([C@H]2C[C@H](OP([O-])(=S)OC[C@H]3O[C@@H](n4cc(C)c(=O)[nH]c4=O)C[C@@H]3OP([O-])(=S)OC[C@H]3O[C@@H](n4cnc5c(=O)[nH]c(N)nc54)C[C@@H]3OP([O-])(=S)OC[C@H]3O[C@@H](n4ccc(N)nc4=O)C[C@@H]3OP([O-])(=S)OC[C@H]3O[C@@H](n4cc(C)c(=O)[nH]c4=O)C[C@@H]3OP([O-])(=S)OC[C@H]3O[C@@H](n4cnc5c(=O)[nH]c(N)nc54)C[C@@H]3OP([O-])(=S)OC[C@H]3O[C@@H](n4cc(C)c(=O)[nH]c4=O)C[C@@H]3OP([O-])(=S)OC[C@H]3O[C@@H](n4cc(C)c(=O)[nH]c4=O)C[C@@H]3OP([O-])(=S)OC[C@H]3O[C@@H](n4cc(C)c(=O)[nH]c4=O)C[C@@H]3OP([O-])(=S)OC[C@H]3O[C@@H](n4cc(C)c(=O)[nH]c4=O)C[C@@H]3OP([O-])(=S)OC[C@H]3O[C@@H](n4cnc5c(=O)[nH]c(N)nc54)C[C@@H]3OP([O-])(=S)OC[C@H]3O[C@@H](n4ccc(N)nc4=O)C[C@@H]3OP([O-])(=S)OC[C@H]3O[C@@H](n4cc(C)c(=O)[nH]c4=O)C[C@@H]3OP([O-])(=S)OC[C@H]3O[C@@H](n4cnc5c(=O)[nH]c(N)nc54)C[C@@H]3OP([O-])(=S)OC[C@H]3O[C@@H](n4cc(C)c(=O)[nH]c4=O)C[C@@H]3OP([O-])(=S)OC[C@H]3O[C@@H](n4cc(C)c(=O)[nH]c4=O)C[C@@H]3OP([O-])(=S)OC[C@H]3O[C@@H](n4cc(C)c(=O)[nH]c4=O)C[C@@H]3OP([O-])(=S)OC[C@H]3O[C@@H](n4cc(C)c(=O)[nH]c4=O)C[C@@H]3OP([O-])(=S)OC[C@H]3O[C@@H](n4cnc5c(=O)[nH]c(N)nc54)C[C@@H]3OP([O-])(=S)OC[C@H]3O[C@@H](n4ccc(N)nc4=O)C[C@@H]3OP([O-])(=S)OC[C@H]3O[C@@H](n4cc(C)c(=O)[nH]c4=O)C[C@@H]3OP([O-])(=S)OC[C@H]3O[C@@H](n4cnc5c(=O)[nH]c(N)nc54)C[C@@H]3OP([O-])(=S)OC[C@H]3O[C@@H](n4ccc(N)nc4=O)C[C@@H]3OP([O-])(=S)OC[C@H]3O[C@@H](n4cc(C)c(=O)[nH]c4=O)C[C@@H]3O)[C@@H](CO)O2)c(=O)[nH]c1=O.[Na+].[Na+].[Na+].[Na+].[Na+].[Na+].[Na+].[Na+].[Na+].[Na+].[Na+].[Na+].[Na+].[Na+].[Na+].[Na+].[Na+].[Na+].[Na+].[Na+].[Na+].[Na+].[Na+],Na,metal_Na,Cc1cn([C@H]2C[C@H](OP([O-])(=S)OC[C@H]3O[C@@H](n4cc(C)c(=O)[nH]c4=O)C[C@@H]3OP([O-])(=S)OC[C@H]3O[C@@H](n4cnc5c(=O)[nH]c(N)nc54)C[C@@H]3OP([O-])(=S)OC[C@H]3O[C@@H](n4ccc(N)nc4=O)C[C@@H]3OP([O-])(=S)OC[C@H]3O[C@@H](n4cc(C)c(=O)[nH]c4=O)C[C@@H]3OP([O-])(=S)OC[C@H]3O[C@@H](n4cnc5c(=O)[nH]c(N)nc54)C[C@@H]3OP([O-])(=S)OC[C@H]3O[C@@H](n4cc(C)c(=O)[nH]c4=O)C[C@@H]3OP([O-])(=S)OC[C@H]3O[C@@H](n4cc(C)c(=O)[nH]c4=O)C[C@@H]3OP([O-])(=S)OC[C@H]3O[C@@H](n4cc(C)c(=O)[nH]c4=O)C[C@@H]3OP([O-])(=S)OC[C@H]3O[C@@H](n4cc(C)c(=O)[nH]c4=O)C[C@@H]3OP([O-])(=S)OC[C@H]3O[C@@H](n4cnc5c(=O)[nH]c(N)nc54)C[C@@H]3OP([O-])(=S)OC[C@H]3O[C@@H](n4ccc(N)nc4=O)C[C@@H]3OP([O-])(=S)OC[C@H]3O[C@@H](n4cc(C)c(=O)[nH]c4=O)C[C@@H]3OP([O-])(=S)OC[C@H]3O[C@@H](n4cnc5c(=O)[nH]c(N)nc54)C[C@@H]3OP([O-])(=S)OC[C@H]3O[C@@H](n4cc(C)c(=O)[nH]c4=O)C[C@@H]3OP([O-])(=S)OC[C@H]3O[C@@H](n4cc(C)c(=O)[nH]c4=O)C[C@@H]3OP([O-])(=S)OC[C@H]3O[C@@H](n4cc(C)c(=O)[nH]c4=O)C[C@@H]3OP([O-])(=S)OC[C@H]3O[C@@H](n4cc(C)c(=O)[nH]c4=O)C[C@@H]3OP([O-])(=S)OC[C@H]3O[C@@H](n4cnc5c(=O)[nH]c(N)nc54)C[C@@H]3OP([O-])(=S)OC[C@H]3O[C@@H](n4ccc(N)nc4=O)C[C@@H]3OP([O-])(=S)OC[C@H]3O[C@@H](n4cc(C)c(=O)[nH]c4=O)C[C@@H]3OP([O-])(=S)OC[C@H]3O[C@@H](n4cnc5c(=O)[nH]c(N)nc54)C[C@@H]3OP([O-])(=S)OC[C@H]3O[C@@H](n4ccc(N)nc4=O)C[C@@H]3OP([O-])(=S)OC[C@H]3O[C@@H](n4cc(C)c(=O)[nH]c4=O)C[C@@H]3O)[C@@H](CO)O2)c(=O)[nH]c1=O
CHEMBL2103795,CCOc1nc2cccc(C(=O)OCc3oc(=O)oc3C)c2n1Cc1ccc(-c2ccccc2-c2noc(=O)[n-]2)cc1.[K+],K,metal_K,CCOc1nc2cccc(C(=O)OCc3oc(=O)oc3C)c2n1Cc1ccc(-c2ccccc2-c2noc(=O)[n-]2)cc1
CHEMBL2103811,Nc1nc(=O)c2c([nH]1)NCC1CN(c3ccc(C(=O)N[C@@H](CCC(=O)[O-])C(=O)[O-])cc3)CN21.[Ca+2],Ca,metal_Ca,Nc1nc(=O)c2c([nH]1)NCC1CN(c3ccc(C(=O)N[C@@H](CCC(=O)[O-])C(=O)[O-])cc3)CN21
CHEMBL2103823,O=C([N-]S(=O)(=O)c1ccc(Br)s1)c1ccc(Cl)cc1Cl.[Na+],Na,metal_Na,O=C([N-]S(=O)(=O)c1ccc(Br)s1)c1ccc(Cl)cc1Cl
CHEMBL2103871,COc1cc(Nc2ncc3c(n2)-c2ccc(Cl)cc2C(c2c(F)cccc2OC)=NC3)ccc1C(=O)[O-].O.[Na+],Na,metal_Na,COc1cc(Nc2ncc3c(n2)-c2ccc(Cl)cc2C(c2c(F)cccc2OC)=NC3)ccc1C(=O)[O-]
CHEMBL2103983,[K+].[OH-],K,metal_K,[OH-]
CHEMBL2104065,CN1C2=CC(=O)/C(=N\NC(N)=O)C=C2CC1S(=O)(=O)[O-].[Na+],Na,metal_Na,CN1C2=CC(=O)/C(=N\NC(N)=O)C=C2CC1S(=O)(=O)[O-]
CHEMBL2104146,O=C([O-])O.O=S(=O)(O)c1cc(I)c(O)c2ncccc12.[Na+],Na,metal_Na,O=S(=O)(O)c1cc(I)c(O)c2ncccc12
CHEMBL2104217,O=C([O-])[C@@H](O)[C@@H](O)[C@H](O)[C@@H](O)C(=O)[O-].[Ca+2],Ca,metal_Ca,O=C([O-])[C@@H](O)[C@@H](O)[C@H](O)[C@@H](O)C(=O)[O-]
CHEMBL2104318,O=S(=O)([O-])CCSSCCS(=O)(=O)[O-].[Na+].[Na+],Na,metal_Na,O=S(=O)([O-])CCSSCCS(=O)(=O)[O-]
CHEMBL2104581,O=C([O-])C1N=C(c2ccccc2)c2cc([N+](=O)[O-])ccc2NC1=O.[K+],K,metal_K,O=C([O-])C1N=C(c2ccccc2)c2cc([N+](=O)[O-])ccc2NC1=O
CHEMBL2104594,O.O=C([O-])[C@H](O)[C@@H](O)[C@H](O)[C@H](O)CO.O=C([O-])[C@H](O)[C@@H](O)[C@H](O[C@@H]1O[C@H](CO)[C@H](O)[C@H](O)[C@H]1O)[C@H](O)CO.[Ca+2],Ca,metal_Ca,O=C([O-])[C@H](O)[C@@H](O)[C@H](O[C@@H]1O[C@H](CO)[C@H](O)[C@H](O)[C@H]1O)[C@H](O)CO
CHEMBL2104643,Nc1nc(N)c2nc(CNc3ccc(C(=O)N[C@@H](CCC(=O)[O-])C(=O)[O-])cc3)cnc2n1.[Na+].[Na+],Na,metal_Na,Nc1nc(N)c2nc(CNc3ccc(C(=O)N[C@@H](CCC(=O)[O-])C(=O)[O-])cc3)cnc2n1
CHEMBL2104665,Cc1c(N(CC(C)C)CS(=O)(=O)[O-])c(=O)n(-c2ccccc2)n1C.[Na+],Na,metal_Na,Cc1c(N(CC(C)C)CS(=O)(=O)[O-])c(=O)n(-c2ccccc2)n1C
CHEMBL2104840,O=P([O-])(O)O.O=P([O-])([O-])O.O=S(=O)([O-])[O-].[Cl-].[Cl-].[K+].[K+].[Mg+2].[Na+].[Na+].[Na+],K,metal_K,O=S(=O)([O-])[O-]
CHEMBL2104976,CC(C)[C@]12O[C@H]1[C@@H]1O[C@]13[C@]1(O[C@H]1C[C@H]1C4=C(CC[C@@]13C)C(=O)OC4)[C@@H]2OC(=O)CCC(=O)[O-].[Na+],Na,metal_Na,CC(C)[C@]12O[C@H]1[C@@H]1O[C@]13[C@]1(O[C@H]1C[C@H]1C4=C(CC[C@@]13C)C(=O)OC4)[C@@H]2OC(=O)CCC(=O)[O-]
CHEMBL2104998,CNC(=O)c1c([131I])c(NC(C)=O)c([131I])c(C(=O)[O-])c1[131I].[Na+],Na,metal_Na,CNC(=O)c1c([131I])c(NC(C)=O)c([131I])c(C(=O)[O-])c1[131I]
CHEMBL2105023,O=C1/C(=C2\Nc3ccc(S(=O)(=O)[O-])cc3C2=O)Nc2ccc(S(=O)(=O)[O-])cc21.[Na+].[Na+],Na,metal_Na,O=C1/C(=C2\Nc3ccc(S(=O)(=O)[O-])cc3C2=O)Nc2ccc(S(=O)(=O)[O-])cc21
CHEMBL2105030,O=S(=O)([O-])C(I)I.[Na+],Na,metal_Na,O=S(=O)([O-])C(I)I
CHEMBL2105248,O=C([O-])[C@H](O)[C@@H](O)C(=O)O.[K+],K,metal_K,O=C([O-])[C@H](O)[C@@H](O)C(=O)O
CHEMBL2105294,COc1ccc2[n-]c([S+]([O-])Cc3ncc(C)c(OC)c3C)nc2c1.[Na+],Na,metal_Na,COc1ccc2[n-]c([S+]([O-])Cc3ncc(C)c(OC)c3C)nc2c1
CHEMBL2105303,CCC1(C(C)C)C(=O)[N-]C(=O)NC1=O.[Na+],Na,metal_Na,CCC1(C(C)C)C(=O)[N-]C(=O)NC1=O
CHEMBL2105613,CCCC(CCC)C(=O)O.CCCC(CCC)C(=O)[O-].[Na+],Na,metal_Na,CCCC(CCC)C(=O)O
CHEMBL2105642,COc1ccc2[n-]c([S@@+]([O-])Cc3ncc(C)c(OC)c3C)nc2c1.[K+],K,metal_K,COc1ccc2[n-]c([S@@+]([O-])Cc3ncc(C)c(OC)c3C)nc2c1
CHEMBL2105656,CCO.O=C(N[C@@H]1CC[C@@H](c2cccc(F)c2F)CN(CC(F)(F)F)C1=O)N1CCC(n2c([O-])nc3ncccc32)CC1.[K+],K,metal_K,O=C(N[C@@H]1CC[C@@H](c2cccc(F)c2F)CN(CC(F)(F)F)C1=O)N1CCC(n2c([O-])nc3ncccc32)CC1
CHEMBL2105676,CC(OC(=O)c1ccc(Cc2c([O-])c3ccccc3oc2=O)cc1)(C(F)(F)F)C(F)(F)F.[Na+],Na,metal_Na,CC(OC(=O)c1ccc(Cc2c([O-])c3ccccc3oc2=O)cc1)(C(F)(F)F)C(F)(F)F
CHEMBL2105680,CO[C@H]1/C=C/O[C@@]2(C)Oc3c(C)c([O-])c4c(O)c(cc(O)c4c3C2=O)NC(=O)/C(C)=C\C=C\[C@H](C)[C@H](O)[C@@H](C)[C@@H](O)[C@@H](C)[C@H](OC(C)=O)[C@@H]1C.[Na+],Na,metal_Na,CO[C@H]1/C=C/O[C@@]2(C)Oc3c(C)c([O-])c4c(O)c(cc(O)c4c3C2=O)NC(=O)/C(C)=C\C=C\[C@H](C)[C@H](O)[C@@H](C)[C@@H](O)[C@@H](C)[C@H](OC(C)=O)[C@@H]1C
CHEMBL2105716,O=C([O-])CSc1nnc(Br)n1-c1ccc(C2CC2)c2ccccc12.[Na+],Na,metal_Na,O=C([O-])CSc1nnc(Br)n1-c1ccc(C2CC2)c2ccccc12
CHEMBL2105740,Cc1cc2c(cc1CC(=O)c1sccc1S(=O)(=O)[N-]c1onc(C)c1Cl)OCO2.[Na+],Na,metal_Na,Cc1cc2c(cc1CC(=O)c1sccc1S(=O)(=O)[N-]c1onc(C)c1Cl)OCO2
CHEMBL2105757,COc1ccc2c(c1)CN(C(=O)C(=O)[O-])CCS2.[Na+],Na,metal_Na,COc1ccc2c(c1)CN(C(=O)C(=O)[O-])CCS2
CHEMBL2105776,C[C@H](CSC(=O)c1ccccc1)C(=O)N1C[C@@H](Sc2ccccc2)C[C@H]1C(=O)[O-].C[C@H](CSC(=O)c1ccccc1)C(=O)N1C[C@@H](Sc2ccccc2)C[C@H]1C(=O)[O-].[Ca+2],Ca,metal_Ca,C[C@H](CSC(=O)c1ccccc1)C(=O)N1C[C@@H](Sc2ccccc2)C[C@H]1C(=O)[O-]
CHEMBL2105877,[125I-].[Na+],Na,metal_Na,[Na+]
CHEMBL2105897,O=S(=O)([O-])[O-].[Ba+2],Ba,metal_Ba,[Ba+2]
CHEMBL2105902,COc1ccc([N-]S(=O)(=O)c2c(F)c(F)c(F)c(F)c2F)cc1F.[Na+],Na,metal_Na,COc1ccc([N-]S(=O)(=O)c2c(F)c(F)c(F)c(F)c2F)cc1F
CHEMBL2105904,CCC1(CC)C(=O)[N-]C(=O)NC1=O.[Na+],Na,metal_Na,CCC1(CC)C(=O)[N-]C(=O)NC1=O
CHEMBL2105931,Nc1ccc(S(=O)(=O)c2ccc(NCC(=O)[O-])cc2)cc1.[Na+],Na,metal_Na,Nc1ccc(S(=O)(=O)c2ccc(NCC(=O)[O-])cc2)cc1
CHEMBL2105941,CCC1(CCC(C)C)C(=O)N=C([O-])NC1=O.[Na+],Na,metal_Na,CCC1(CCC(C)C)C(=O)N=C([O-])NC1=O
CHEMBL2106031,O=S(=O)(c1ccc(NC(CC(c2ccccc2)S(=O)(=O)[O-])S(=O)(=O)[O-])cc1)c1ccc(NC(CC(c2ccccc2)S(=O)(=O)[O-])S(=O)(=O)[O-])cc1.[Na+].[Na+].[Na+].[Na+],Na,metal_Na,O=S(=O)(c1ccc(NC(CC(c2ccccc2)S(=O)(=O)[O-])S(=O)(=O)[O-])cc1)c1ccc(NC(CC(c2ccccc2)S(=O)(=O)[O-])S(=O)(=O)[O-])cc1
CHEMBL2106111,CC(O)C(=O)[O-].CC(O)C(=O)[O-].[Ca+2],Ca,metal_Ca,CC(O)C(=O)[O-]
CHEMBL2106119,O=C([O-])[C@H](O)[C@@H](O)[C@H](O)[C@H](O)CO.O=C([O-])[C@H](O)[C@@H](O)[C@H](O)[C@H](O)CO.[Ca+2],Ca,metal_Ca,O=C([O-])[C@H](O)[C@@H](O)[C@H](O)[C@H](O)CO
CHEMBL2106123,O=C([O-])CC(O)(CC(=O)[O-])C(=O)[O-].O=C([O-])CC(O)(CC(=O)[O-])C(=O)[O-].[Ca+2].[Ca+2].[Ca+2],Ca,metal_Ca,O=C([O-])CC(O)(CC(=O)[O-])C(=O)[O-]
CHEMBL2106129,O.O.O.O.O.O=C(Nc1ccc(C(=O)[O-])c(O)c1)c1ccccc1.O=C(Nc1ccc(C(=O)[O-])c(O)c1)c1ccccc1.[Ca+2],Ca,metal_Ca,O=C(Nc1ccc(C(=O)[O-])c(O)c1)c1ccccc1
CHEMBL2106184,C[C@H](CCC(=O)[O-])[C@H]1CC[C@H]2[C@@H]3C(=O)C[C@@H]4CC(=O)CC[C@]4(C)[C@H]3CC(=O)[C@]12C.[Na+],Na,metal_Na,C[C@H](CCC(=O)[O-])[C@H]1CC[C@H]2[C@@H]3C(=O)C[C@@H]4CC(=O)CC[C@]4(C)[C@H]3CC(=O)[C@]12C
CHEMBL2106191,O=S(=O)([O-])c1cc(O)ccc1O.O=S(=O)([O-])c1cc(O)ccc1O.[Ca+2],Ca,metal_Ca,O=S(=O)([O-])c1cc(O)ccc1O
CHEMBL2106201,O=C([O-])CC1(CO)CCCCC1.[Na+],Na,metal_Na,O=C([O-])CC1(CO)CCCCC1
CHEMBL2106318,CNC(=O)c1c(I)c(NC(C)=O)c([125I])c(C(=O)[O-])c1[125I].[Na+],Na,metal_Na,CNC(=O)c1c(I)c(NC(C)=O)c([125I])c(C(=O)[O-])c1[125I]
CHEMBL2106319,C[C@]12CCC(=O)C[C@H]1CC[C@@H]1[C@@H]2CC[C@]2(C)[C@@H](C(=O)COC(=O)CCC(=O)[O-])CC[C@@H]12.[Na+],Na,metal_Na,C[C@]12CCC(=O)C[C@H]1CC[C@@H]1[C@@H]2CC[C@]2(C)[C@@H](C(=O)COC(=O)CCC(=O)[O-])CC[C@@H]12
CHEMBL2106377,CCC(=O)Nc1c(I)c(NC(=O)CC)c(I)c(C(=O)[O-])c1I.[Na+],Na,metal_Na,CCC(=O)Nc1c(I)c(NC(=O)CC)c(I)c(C(=O)[O-])c1I
CHEMBL2106378,O=S(=O)([O-])c1cc(O)c2c(/N=N/c3ccc(Nc4ccccc4)c4c(S(=O)(=O)[O-])cccc34)cc(S(=O)(=O)[O-])cc2c1.[Na+].[Na+].[Na+],Na,metal_Na,O=S(=O)([O-])c1cc(O)c2c(/N=N/c3ccc(Nc4ccccc4)c4c(S(=O)(=O)[O-])cccc34)cc(S(=O)(=O)[O-])cc2c1
CHEMBL2106379,O=C(NCCCNC(=O)[C@H](OS(=O)(=O)[O-])[C@@H](OS(=O)(=O)[O-])[C@H](O[C@@H]1O[C@H](COS(=O)(=O)[O-])[C@H](OS(=O)(=O)[O-])[C@H](OS(=O)(=O)[O-])[C@H]1OS(=O)(=O)[O-])[C@@H](COS(=O)(=O)[O-])OS(=O)(=O)[O-])[C@H](OS(=O)(=O)[O-])[C@@H](OS(=O)(=O)[O-])[C@H](O[C@@H]1O[C@H](COS(=O)(=O)[O-])[C@H](OS(=O)(=O)[O-])[C@H](OS(=O)(=O)[O-])[C@H]1OS(=O)(=O)[O-])[C@@H](COS(=O)(=O)[O-])OS(=O)(=O)[O-].[Na+].[Na+].[Na+].[Na+].[Na+].[Na+].[Na+].[Na+].[Na+].[Na+].[Na+].[Na+].[Na+].[Na+].[Na+].[Na+],Na,metal_Na,O=C(NCCCNC(=O)[C@H](OS(=O)(=O)[O-])[C@@H](OS(=O)(=O)[O-])[C@H](O[C@@H]1O[C@H](COS(=O)(=O)[O-])[C@H](OS(=O)(=O)[O-])[C@H](OS(=O)(=O)[O-])[C@H]1OS(=O)(=O)[O-])[C@@H](COS(=O)(=O)[O-])OS(=O)(=O)[O-])[C@H](OS(=O)(=O)[O-])[C@@H](OS(=O)(=O)[O-])[C@H](O[C@@H]1O[C@H](COS(=O)(=O)[O-])[C@H](OS(=O)(=O)[O-])[C@H](OS(=O)(=O)[O-])[C@H]1OS(=O)(=O)[O-])[C@@H](COS(=O)(=O)[O-])OS(=O)(=O)[O-]
CHEMBL2106388,[Ca+2].[OH-].[OH-],Ca,metal_Ca,[OH-]
CHEMBL2106418,C[C@H]1c2cccc(O)c2C(=O)C2=C(O)[C@]3(O)C(=O)C(C(N)=O)=C(O)[C@@H](N(C)C)[C@@H]3[C@@H](O)[C@@H]21.O=P(=O)O.O=P(=O)O.O=P(=O)O.O=P(=O)[O-].[Na+],Na,metal_Na,C[C@H]1c2cccc(O)c2C(=O)C2=C(O)[C@]3(O)C(=O)C(C(N)=O)=C(O)[C@@H](N(C)C)[C@@H]3[C@@H](O)[C@@H]21
CHEMBL2106453,C[C@H]1C[C@@H]2[C@H]([C@@H](O)C[C@@]3(C)[C@H]2CC[C@]3(O)C(=O)COC(=O)CCCCCCC(=O)N(C)CCS(=O)(=O)[O-])[C@@]2(C)C=CC(=O)C=C12.[Na+],Na,metal_Na,C[C@H]1C[C@@H]2[C@H]([C@@H](O)C[C@@]3(C)[C@H]2CC[C@]3(O)C(=O)COC(=O)CCCCCCC(=O)N(C)CCS(=O)(=O)[O-])[C@@]2(C)C=CC(=O)C=C12
CHEMBL2106556,CCC1(C2=CCCCC2)C(=O)[N-]C(=O)NC1=O.CCC1(C2=CCCCC2)C(=O)[N-]C(=O)NC1=O.[Ca+2],Ca,metal_Ca,CCC1(C2=CCCCC2)C(=O)[N-]C(=O)NC1=O
CHEMBL2106566,O=P([O-])([O-])[O-].O=P([O-])([O-])[O-].[Ca+2].[Ca+2].[Ca+2],Ca,metal_Ca,O=P([O-])([O-])[O-]
CHEMBL2106608,CCCCC(CC)COC(=O)CC(C(=O)OCC(CC)CCCC)S(=O)(=O)[O-].CCCCC(CC)COC(=O)CC(C(=O)OCC(CC)CCCC)S(=O)(=O)[O-].[Ca+2],Ca,metal_Ca,CCCCC(CC)COC(=O)CC(C(=O)OCC(CC)CCCC)S(=O)(=O)[O-]
CHEMBL2106625,CC(C)(Oc1ccc(Cl)cc1)C(=O)[O-].CC(C)(Oc1ccc(Cl)cc1)C(=O)[O-].[Ca+2],Ca,metal_Ca,CC(C)(Oc1ccc(Cl)cc1)C(=O)[O-]
CHEMBL2106633,CCCCCCCCCCCCCCCCCC(=O)[O-].CCCCCCCCCCCCCCCCCC(=O)[O-].[Mg+2],Mg,metal_Mg,CCCCCCCCCCCCCCCCCC(=O)[O-]
CHEMBL2106643,COc1c(C)c2c(c(O)c1C/C=C(\C)CCC(=O)[O-])C(=O)OC2.[Na+],Na,metal_Na,COc1c(C)c2c(c(O)c1C/C=C(\C)CCC(=O)[O-])C(=O)OC2
CHEMBL2106716,C=CCC1(CC(C)C)C(=O)[N-]C(=S)NC1=O.[Na+],Na,metal_Na,C=CCC1(CC(C)C)C(=O)[N-]C(=S)NC1=O
CHEMBL2106751,CC(C)CN(C[C@@H](OP(=O)([O-])[O-])[C@H](Cc1ccccc1)NC(=O)O[C@H]1CCOC1)S(=O)(=O)c1ccc(N)cc1.[Na+].[Na+],Na,metal_Na,CC(C)CN(C[C@@H](OP(=O)([O-])[O-])[C@H](Cc1ccccc1)NC(=O)O[C@H]1CCOC1)S(=O)(=O)c1ccc(N)cc1
CHEMBL2106803,CC(C)(Oc1ccc(Cl)cc1)C(=O)[O-].CC(C)(Oc1ccc(Cl)cc1)C(=O)[O-].[Mg+2],Mg,metal_Mg,CC(C)(Oc1ccc(Cl)cc1)C(=O)[O-]
CHEMBL2106823,O=C([O-])c1ccc(S(=O)(=O)[N-]Cl)cc1.[Na+].[Na+],Na,metal_Na,O=C([O-])c1ccc(S(=O)(=O)[N-]Cl)cc1
CHEMBL2106883,Cc1cc(OS(=O)(=O)[O-])c2ccccc2c1OS(=O)(=O)[O-].[Na+].[Na+],Na,metal_Na,Cc1cc(OS(=O)(=O)[O-])c2ccccc2c1OS(=O)(=O)[O-]
CHEMBL2106907,O=S(=O)([O-])CI.[Na+],Na,metal_Na,O=S(=O)([O-])CI
CHEMBL2106963,C1CNCCN1.O=C([O-])CN(CCN(CC(=O)[O-])CC(=O)O)CC(=O)O.[Ca+2],Ca,metal_Ca,O=C([O-])CN(CCN(CC(=O)[O-])CC(=O)O)CC(=O)O
CHEMBL2106975,O=C([O-])O.[K+],K,metal_K,O=C([O-])O
CHEMBL2106978,O=C([O-])[C@H](O)[C@@H](O)[C@H](O)[C@H](O)CO.[K+],K,metal_K,O=C([O-])[C@H](O)[C@@H](O)[C@H](O)[C@H](O)CO
CHEMBL2107002,C[C@]12CCC(=O)C=C1[C@@H]1C[C@@H]1[C@@H]1[C@@H]2CC[C@@]2(C)[C@H]1CC[C@@]2(O)CCC(=O)[O-].[K+],K,metal_K,C[C@]12CCC(=O)C=C1[C@@H]1C[C@@H]1[C@@H]1[C@@H]2CC[C@@]2(C)[C@H]1CC[C@@]2(O)CCC(=O)[O-]
CHEMBL2107027,O=C([O-])CCCCCCCNC(=O)c1ccccc1O.[Na+],Na,metal_Na,O=C([O-])CCCCCCCNC(=O)c1ccccc1O
CHEMBL2107123,N[C@@H](CCC(=O)[O-])C(=O)N[C@@H](Cc1c[nH]c2ccccc12)C(=O)[O-].[Na+].[Na+],Na,metal_Na,N[C@@H](CCC(=O)[O-])C(=O)N[C@@H](Cc1c[nH]c2ccccc12)C(=O)[O-]
CHEMBL2107192,C[N+](C)(C)CCO.C[N+](C)(C)CCO.O=C([O-])c1ccccc1O.O=C([O-])c1ccccc1O.O=S(=O)([O-])[O-].[Mg+2],Mg,metal_Mg,O=C([O-])c1ccccc1O
CHEMBL2107211,CC1(S(=O)(=O)[O-])CC(=O)c2ccccc2C1=O.O.O.O.[Na+],Na,metal_Na,CC1(S(=O)(=O)[O-])CC(=O)c2ccccc2C1=O
CHEMBL2107245,O=c1[n-]c(=O)n(Cl)c(=O)n1Cl.[K+],K,metal_K,O=c1[n-]c(=O)n(Cl)c(=O)n1Cl
CHEMBL2107253,COc1cc([N-]S(=O)(=O)c2ccc(N)cc2)nc(OC)n1.[Na+],Na,metal_Na,COc1cc([N-]S(=O)(=O)c2ccc(N)cc2)nc(OC)n1
CHEMBL2107260,Cc1ccnc([N-]S(=O)(=O)c2ccc(N)cc2)n1.[Na+],Na,metal_Na,Cc1ccnc([N-]S(=O)(=O)c2ccc(N)cc2)n1
CHEMBL2107334,CC(C)(C)[N+]([O-])=Cc1ccc(S(=O)(=O)[O-])cc1S(=O)(=O)[O-].[Na+].[Na+],Na,metal_Na,CC(C)(C)[N+]([O-])=Cc1ccc(S(=O)(=O)[O-])cc1S(=O)(=O)[O-]
CHEMBL2107338,O=S(=O)([O-])CCCS(=O)(=O)[O-].[Na+].[Na+],Na,metal_Na,O=S(=O)([O-])CCCS(=O)(=O)[O-]
CHEMBL2107354,CCCCCCCCCCCCCCCC(=O)OC[C@H](COP(=O)([O-])OCCNC(=O)[C@H](C)NC(=O)CC[C@@H](NC(=O)[C@H](C)NC(=O)[C@@H](C)O[C@H]1[C@H](O)[C@@H](CO)OC(O)[C@@H]1NC(C)=O)C(N)=O)OC(=O)CCCCCCCCCCCCCCC.O.[Na+],Na,metal_Na,CCCCCCCCCCCCCCCC(=O)OC[C@H](COP(=O)([O-])OCCNC(=O)[C@H](C)NC(=O)CC[C@@H](NC(=O)[C@H](C)NC(=O)[C@@H](C)O[C@H]1[C@H](O)[C@@H](CO)OC(O)[C@@H]1NC(C)=O)C(N)=O)OC(=O)CCCCCCCCCCCCCCC
CHEMBL2107374,O=C([O-])CCSC[C@H]1O[C@@H]2O[C@H]3[C@H](O)[C@@H](O)[C@@H](O[C@H]4[C@H](O)[C@@H](O)[C@@H](O[C@H]5[C@H](O)[C@@H](O)[C@@H](O[C@H]6[C@H](O)[C@@H](O)[C@@H](O[C@H]7[C@H](O)[C@@H](O)[C@@H](O[C@H]8[C@H](O)[C@@H](O)[C@@H](O[C@H]9[C@H](O)C(O)[C@@H](O[C@H]1[C@H](O)[C@H]2O)O[C@@H]9CSCCC(=O)[O-])O[C@@H]8CSCCC(=O)[O-])O[C@@H]7CSCCC(=O)[O-])O[C@@H]6CSCCC(=O)[O-])O[C@@H]5CSCCC(=O)[O-])O[C@@H]4CSCCC(=O)[O-])O[C@@H]3CSCCC(=O)[O-].[Na+].[Na+].[Na+].[Na+].[Na+].[Na+].[Na+].[Na+],Na,metal_Na,O=C([O-])CCSC[C@H]1O[C@@H]2O[C@H]3[C@H](O)[C@@H](O)[C@@H](O[C@H]4[C@H](O)[C@@H](O)[C@@H](O[C@H]5[C@H](O)[C@@H](O)[C@@H](O[C@H]6[C@H](O)[C@@H](O)[C@@H](O[C@H]7[C@H](O)[C@@H](O)[C@@H](O[C@H]8[C@H](O)[C@@H](O)[C@@H](O[C@H]9[C@H](O)C(O)[C@@H](O[C@H]1[C@H](O)[C@H]2O)O[C@@H]9CSCCC(=O)[O-])O[C@@H]8CSCCC(=O)[O-])O[C@@H]7CSCCC(=O)[O-])O[C@@H]6CSCCC(=O)[O-])O[C@@H]5CSCCC(=O)[O-])O[C@@H]4CSCCC(=O)[O-])O[C@@H]3CSCCC(=O)[O-]
CHEMBL2107403,O=S(=O)(NCO)c1ccc(NC([C@H](O)[C@@H](O)[C@H](O)[C@H](O)CO)S(=O)(=O)[O-])cc1.[Na+],Na,metal_Na,O=S(=O)(NCO)c1ccc(NC([C@H](O)[C@@H](O)[C@H](O)[C@H](O)CO)S(=O)(=O)[O-])cc1
CHEMBL2107525,O=[32P]([O-])([O-])O.[Na+].[Na+],Na,metal_Na,O=[32P]([O-])([O-])O
CHEMBL2107554,CC(C)(C)c1ccc2c(S(=O)(=O)[O-])c(C(C)(C)C)ccc2c1.[Na+],Na,metal_Na,CC(C)(C)c1ccc2c(S(=O)(=O)[O-])c(C(C)(C)C)ccc2c1
CHEMBL2107560,O.O.O=P([O-])([O-])O.[Na+].[Na+],Na,metal_Na,O=P([O-])([O-])O
CHEMBL2107562,O=C([O-])c1cc(O)ccc1O.[Na+],Na,metal_Na,O=C([O-])c1cc(O)ccc1O
CHEMBL2107611,[Na+].[Na+].[S-2],Na,metal_Na,[S-2]
CHEMBL2107648,CCCCC(CC)COC(=O)CC(C(=O)OCC(CC)CCCC)S(=O)(=O)[O-].[K+],K,metal_K,CCCCC(CC)COC(=O)CC(C(=O)OCC(CC)CCCC)S(=O)(=O)[O-]
CHEMBL2107701,CCCCC(CC)COS(=O)(=O)[O-].[Na+],Na,metal_Na,CCCCC(CC)COS(=O)(=O)[O-]
CHEMBL2107710,O=P([O-])([O-])Oc1ccc(C(c2ccc(OP(=O)([O-])[O-])cc2)c2ccccn2)cc1.[Na+].[Na+].[Na+].[Na+],Na,metal_Na,O=P([O-])([O-])Oc1ccc(C(c2ccc(OP(=O)([O-])[O-])cc2)c2ccccn2)cc1
CHEMBL2107713,O=C([O-])CN1CCN(CC(=O)[O-])CCN(C(CO)C(O)CO)CCN(CC(=O)O)CC1.[Ca+2],Ca,metal_Ca,O=C([O-])CN1CCN(CC(=O)[O-])CCN(C(CO)C(O)CO)CCN(CC(=O)O)CC1
CHEMBL2107806,C=Cc1c(C)c2cc3nc(c(CC(=O)N[C@@H](CC(=O)[O-])C(=O)[O-])c4[nH]c(cc5nc(cc1[nH]2)C(C)=C5CC)c(C)c4C(=O)[O-])[C@@H](CCC(=O)[O-])[C@@H]3C.[Na+].[Na+].[Na+].[Na+],Na,metal_Na,C=Cc1c(C)c2cc3nc(c(CC(=O)N[C@@H](CC(=O)[O-])C(=O)[O-])c4[nH]c(cc5nc(cc1[nH]2)C(C)=C5CC)c(C)c4C(=O)[O-])[C@@H](CCC(=O)[O-])[C@@H]3C
CHEMBL2107816,Cl[223Ra]Cl,Ra,metal_Ra,[Cl][223Ra][Cl]
CHEMBL2107817,NC(=O)[C@@H]1CC[C@@H]2CN1C(=O)N2OS(=O)(=O)[O-].[Na+],Na,metal_Na,NC(=O)[C@@H]1CC[C@@H]2CN1C(=O)N2OS(=O)(=O)[O-]
CHEMBL2109688,CC1=CC(C)(C)[C@@H](/C=C\[C@@H](C)[C@H]2CC[C@H]3[C@@H]4C[C@H](OS(=O)(=O)[O-])[C@H]5C[C@H](O)[C@@H](OS(=O)(=O)[O-])C[C@]5(C)[C@H]4CC[C@]23C)[C@H]1CC[C@@H](C)[C@H]1CC[C@H]2[C@@H]3C[C@H](OS(=O)(=O)[O-])[C@H]4C[C@H](OS(=O)(=O)[O-])[C@@H](OS(=O)(=O)[O-])C[C@]4(C)[C@H]3CC[C@]12C.[Na+].[Na+].[Na+].[Na+].[Na+],Na,metal_Na,CC1=CC(C)(C)[C@@H](/C=C\[C@@H](C)[C@H]2CC[C@H]3[C@@H]4C[C@H](OS(=O)(=O)[O-])[C@H]5C[C@H](O)[C@@H](OS(=O)(=O)[O-])C[C@]5(C)[C@H]4CC[C@]23C)[C@H]1CC[C@@H](C)[C@H]1CC[C@H]2[C@@H]3C[C@H](OS(=O)(=O)[O-])[C@H]4C[C@H](OS(=O)(=O)[O-])[C@@H](OS(=O)(=O)[O-])C[C@]4(C)[C@H]3CC[C@]12C
CHEMBL2110557,[Cl-].[Rb+],Rb,metal_Rb,[Rb+]
CHEMBL2111187,Cl[Ra]Cl,Ra,metal_Ra,[Cl][Ra][Cl]
CHEMBL2111286,CNC(=C[N+](=O)[O-])NCCSCc1ccc(CN(C)C)o1.O=C([O-])CC(O)(CC(=O)[O-])C(=O)[O-].[Bi+3],Bi,metal_Bi,CNC(=C[N+](=O)[O-])NCCSCc1ccc(CN(C)C)o1
CHEMBL2146090,CC(C)(C)OC(=O)N[C@H]1CCCCC/C=C\[C@@H]2C[C@@]2(C(=O)[N-]S(=O)(=O)C2CC2)NC(=O)[C@@H]2C[C@@H](OC(=O)N3Cc4cccc(F)c4C3)CN2C1=O.[Na+],Na,metal_Na,CC(C)(C)OC(=O)N[C@H]1CCCCC/C=C\[C@@H]2C[C@@]2(C(=O)[N-]S(=O)(=O)C2CC2)NC(=O)[C@@H]2C[C@@H](OC(=O)N3Cc4cccc(F)c4C3)CN2C1=O
CHEMBL2146108,O=C(CCn1cnc2c(=O)[nH]cnc21)Nc1ccc(C(=O)[O-])cc1.[K+],K,metal_K,O=C(CCn1cnc2c(=O)[nH]cnc21)Nc1ccc(C(=O)[O-])cc1
CHEMBL2146124,CO/N=C(\C(=O)N[C@@H]1C(=O)N2C(C(=O)[O-])=C(COC(N)=O)CS[C@H]12)c1ccco1.[Na+],Na,metal_Na,CO/N=C(\C(=O)N[C@@H]1C(=O)N2C(C(=O)[O-])=C(COC(N)=O)CS[C@H]12)c1ccco1
CHEMBL2146140,COc1ccc2[n-]c([S@@+]([O-])Cc3ncc(C)c(OC)c3C)nc2c1.COc1ccc2[n-]c([S@@+]([O-])Cc3ncc(C)c(OC)c3C)nc2c1.O.O.O.O.[Sr+2],Sr,metal_Sr,COc1ccc2[n-]c([S@@+]([O-])Cc3ncc(C)c(OC)c3C)nc2c1
CHEMBL2218894,CC(C)n1c(/C=C/C(O)CC(O)CC(=O)[O-])c(-c2ccc(F)cc2)c2ccccc21.[Na+],Na,metal_Na,CC(C)n1c(/C=C/C(O)CC(O)CC(=O)[O-])c(-c2ccc(F)cc2)c2ccccc21
CHEMBL2218916,O=P([O-])([O-])[O-].O=P([O-])([O-])[O-].O=P([O-])([O-])[O-].[Ca+2].[Ca+2].[Ca+2].[Ca+2].[Ca+2].[OH-],Ca,metal_Ca,O=P([O-])([O-])[O-]
CHEMBL2219410,O=C([O-])c1ccc(/C=C/S(=O)(=O)Cc2ccc(Cl)cc2)cc1.[Na+],Na,metal_Na,O=C([O-])c1ccc(/C=C/S(=O)(=O)Cc2ccc(Cl)cc2)cc1
CHEMBL2219640,[Cl-].[Cl-].[Sr+2],Sr,metal_Sr,[Sr+2]
CHEMBL2219642,[Cl-].[Cl-].[Mg+2],Mg,metal_Mg,[Mg+2]
CHEMBL2219740,O=C([O-])[C@H](O)[C@@H](O)[C@H](O)[C@H](O)CO.O=C([O-])[C@H](O)[C@@H](O)[C@H](O[C@@H]1O[C@H](CO)[C@H](O)[C@H](O)[C@H]1O)[C@H](O)CO.[Ca+2],Ca,metal_Ca,O=C([O-])[C@H](O)[C@@H](O)[C@H](O[C@@H]1O[C@H](CO)[C@H](O)[C@H](O)[C@H]1O)[C@H](O)CO
CHEMBL2315212,CCCC(CCC)C(=O)[O-].CCCC(CCC)C(=O)[O-].[Mg+2],Mg,metal_Mg,CCCC(CCC)C(=O)[O-]
CHEMBL2322189,C[C@@H]1O[C@@H]1P(=O)([O-])O.[Na+],Na,metal_Na,C[C@@H]1O[C@@H]1P(=O)([O-])O
CHEMBL233406,O=S(=O)([O-])[O-].[Na+].[Na+],Na,metal_Na,O=S(=O)([O-])[O-]
CHEMBL23393,CCCCCCCCCCCCOS(=O)(=O)[O-].[Na+],Na,metal_Na,CCCCCCCCCCCCOS(=O)(=O)[O-]
CHEMBL2359093,O=C([O-])c1c(Cl)c(Cl)c(Cl)c(Cl)c1-c1c2cc(I)c(=O)c(I)c-2oc2c(I)c([O-])c(I)cc12.[Na+].[Na+],Na,metal_Na,O=C([O-])c1c(Cl)c(Cl)c(Cl)c(Cl)c1-c1c2cc(I)c(=O)c(I)c-2oc2c(I)c([O-])c(I)cc12
CHEMBL2360464,Nc1nc2[nH]cc(CCc3ccc(C(=O)N[C@@H](CCC(=O)[O-])C(=O)[O-])cc3)c2c(=O)[nH]1.[Na+].[Na+],Na,metal_Na,Nc1nc2[nH]cc(CCc3ccc(C(=O)N[C@@H](CCC(=O)[O-])C(=O)[O-])cc3)c2c(=O)[nH]1
CHEMBL2364574,C[C@H]1c2cccc([O-])c2C(=O)C2=C(O)[C@]3(O)C(=O)C(C(N)=O)=C(O)[C@@H](N(C)C)[C@@H]3[C@@H](O)[C@@H]21.C[C@H]1c2cccc([O-])c2C(=O)C2=C(O)[C@]3(O)C(=O)C(C(N)=O)=C(O)[C@@H](N(C)C)[C@@H]3[C@@H](O)[C@@H]21.[Ca+2],Ca,metal_Ca,C[C@H]1c2cccc([O-])c2C(=O)C2=C(O)[C@]3(O)C(=O)C(C(N)=O)=C(O)[C@@H](N(C)C)[C@@H]3[C@@H](O)[C@@H]21
CHEMBL2364625,O=C([O-])C[C@H]1CC[C@H](c2ccc(-c3ccc(Nc4ccc(C(F)(F)F)nc4)cn3)cc2)CC1.[Na+],Na,metal_Na,O=C([O-])C[C@H]1CC[C@H](c2ccc(-c3ccc(Nc4ccc(C(F)(F)F)nc4)cn3)cc2)CC1
CHEMBL2364738,CC(=O)Nc1c(I)c(C(=O)[O-])c(I)c(N(C)C(C)=O)c1I.CC(=O)Nc1c(I)c(C(=O)[O-])c(I)c(N(C)C(C)=O)c1I.[Mg+2],Mg,metal_Mg,CC(=O)Nc1c(I)c(C(=O)[O-])c(I)c(N(C)C(C)=O)c1I
CHEMBL2364959,CCCCCCCCCCCCCCCCCC(=O)OC(COC)COP([O-])(O)=S.[Na+],Na,metal_Na,CCCCCCCCCCCCCCCCCC(=O)OC(COC)COP([O-])(O)=S
CHEMBL2365070,CCCCCCCCCCCCCCCCOC(COC)COP([O-])(O)=S.[Na+],Na,metal_Na,CCCCCCCCCCCCCCCCOC(COC)COP([O-])(O)=S
CHEMBL2365071,CCCCCCCCCCCCCCCCCOC(COC)COP([O-])(O)=S.[Na+],Na,metal_Na,CCCCCCCCCCCCCCCCCOC(COC)COP([O-])(O)=S
CHEMBL238830,O=C([O-])CC[C@H](NP(=O)([O-])[O-])C(=O)[O-].[Li+].[Li+].[Li+].[Li+],Li,metal_Li,O=C([O-])CC[C@H](NP(=O)([O-])[O-])C(=O)[O-]
CHEMBL259898,C[C@]12CC[C@H](OS(=O)(=O)[O-])CC1=CC[C@@H]1[C@@H]2CC[C@]2(C)C(=O)CC[C@@H]12.O.[Na+],Na,metal_Na,C[C@]12CC[C@H](OS(=O)(=O)[O-])CC1=CC[C@@H]1[C@@H]2CC[C@]2(C)C(=O)CC[C@@H]12
CHEMBL261244,CCNC(=O)Nc1ncnc2c1ncn2[C@@H]1O[C@H](COP(=O)([O-])[O-])[C@H]2O[C@H](/C=C/c3ccccc3)O[C@H]21.[Na+].[Na+],Na,metal_Na,CCNC(=O)Nc1ncnc2c1ncn2[C@@H]1O[C@H](COP(=O)([O-])[O-])[C@H]2O[C@H](/C=C/c3ccccc3)O[C@H]21
CHEMBL262636,Cc1onc(-c2ccccc2Cl)c1C(=O)N[C@@H]1C(=O)N2[C@@H]1SC(C)(C)[C@@H]2C(=O)[O-].[Na+],Na,metal_Na,Cc1onc(-c2ccccc2Cl)c1C(=O)N[C@@H]1C(=O)N2[C@@H]1SC(C)(C)[C@@H]2C(=O)[O-]
CHEMBL263932,CC(=O)OCC1=C(C(=O)[O-])N2C(=O)C(NC(=O)Cc3cccs3)C2SC1.[Na+],Na,metal_Na,CC(=O)OCC1=C(C(=O)[O-])N2C(=O)C(NC(=O)Cc3cccs3)C2SC1
CHEMBL264478,O=C([O-])c1cc(F)ccc1Cn1nnc(-c2cccc(/C=C/c3ccc4ccc(Cl)cc4n3)c2)n1.[Na+],Na,metal_Na,O=C([O-])c1cc(F)ccc1Cn1nnc(-c2cccc(/C=C/c3ccc4ccc(Cl)cc4n3)c2)n1
CHEMBL26570,Cc1onc(-c2c(Cl)cccc2Cl)c1C(=O)N[C@@H]1C(=O)N2[C@@H]1SC(C)(C)[C@@H]2C(=O)[O-].[Na+],Na,metal_Na,Cc1onc(-c2c(Cl)cccc2Cl)c1C(=O)N[C@@H]1C(=O)N2[C@@H]1SC(C)(C)[C@@H]2C(=O)[O-]
CHEMBL269471,C[C@]1(/C=C/C#N)[C@H](C(=O)[O-])N2C(=O)[C@@H](CO)[C@H]2S1(=O)=O.[Na+],Na,metal_Na,C[C@]1(/C=C/C#N)[C@H](C(=O)[O-])N2C(=O)[C@@H](CO)[C@H]2S1(=O)=O
CHEMBL273977,O=S(=O)([O-])NC1CCCCC1.[Na+],Na,metal_Na,O=S(=O)([O-])NC1CCCCC1
CHEMBL289351,COc1ccc(/C=C\c2cc(OC)c(OC)c(OC)c2)cc1OP(=O)([O-])[O-].[Na+].[Na+],Na,metal_Na,COc1ccc(/C=C\c2cc(OC)c(OC)c(OC)c2)cc1OP(=O)([O-])[O-]
CHEMBL290834,CO[C@@]1(NC(=O)C(C(=O)[O-])c2ccc(O)cc2)C(=O)N2C(C(=O)[O-])=C(CSc3nnnn3C)COC21.[Na+].[Na+],Na,metal_Na,CO[C@@]1(NC(=O)C(C(=O)[O-])c2ccc(O)cc2)C(=O)N2C(C(=O)[O-])=C(CSc3nnnn3C)COC21
CHEMBL295691,CO[C@H]1CCC[C@H]2C1=C(C(=O)[O-])N1C(=O)[C@H]([C@@H](C)O)[C@@H]21.[Na+],Na,metal_Na,CO[C@H]1CCC[C@H]2C1=C(C(=O)[O-])N1C(=O)[C@H]([C@@H](C)O)[C@@H]21
CHEMBL296913,CCC(=O)[N-]S(=O)(=O)c1ccc(-c2c(-c3ccccc3)noc2C)cc1.[Na+],Na,metal_Na,CCC(=O)[N-]S(=O)(=O)c1ccc(-c2c(-c3ccccc3)noc2C)cc1
CHEMBL300058,Cc1c(-c2ccc(-c3ccccc3F)cc2)nc2ccc(F)cc2c1C(=O)[O-].[Na+],Na,metal_Na,Cc1c(-c2ccc(-c3ccccc3F)cc2)nc2ccc(F)cc2c1C(=O)[O-]
CHEMBL300737,Cc1onc(-c2ccccc2Cl)c1C(=O)NC1C(=O)N2C1SC(C)(C)[C@@H]2C(=O)[O-].[Na+],Na,metal_Na,Cc1onc(-c2ccccc2Cl)c1C(=O)NC1C(=O)N2C1SC(C)(C)[C@@H]2C(=O)[O-]
CHEMBL30219,C=CCC1(C(C)C#CCC)C(=O)N=C([O-])N(C)C1=O.[Na+],Na,metal_Na,C=CCC1(C(C)C#CCC)C(=O)N=C([O-])N(C)C1=O
CHEMBL3039499,COc1ccc2c(O[C@@H]3C[C@H]4C(=O)N[C@]5(C(=O)[N-]S(=O)(=O)C6CC6)C[C@H]5/C=C\CCCCC[C@H](CC(=O)N5CCCC(F)(F)C5)C(=O)N4C3)cc(-c3nc(C(C)C)cs3)nc2c1C.[Na+],Na,metal_Na,COc1ccc2c(O[C@@H]3C[C@H]4C(=O)N[C@]5(C(=O)[N-]S(=O)(=O)C6CC6)C[C@H]5/C=C\CCCCC[C@H](CC(=O)N5CCCC(F)(F)C5)C(=O)N4C3)cc(-c3nc(C(C)C)cs3)nc2c1C
CHEMBL3039505,CC(C)(C)c1ccc(S(=O)(=O)[N-]c2ccc(Cl)cc2C(=O)c2cc[n+]([O-])cc2)cc1.[Na+],Na,metal_Na,CC(C)(C)c1ccc(S(=O)(=O)[N-]c2ccc(Cl)cc2C(=O)c2cc[n+]([O-])cc2)cc1
CHEMBL3039596,CCC(=O)O[C@@H](O[P@](=O)(CCCCc1ccccc1)CC(=O)N1C[C@H](C2CCCCC2)C[C@H]1C(=O)[O-])C(C)C.[Na+],Na,metal_Na,CCC(=O)O[C@@H](O[P@](=O)(CCCCc1ccccc1)CC(=O)N1C[C@H](C2CCCCC2)C[C@H]1C(=O)[O-])C(C)C
CHEMBL306823,O=C([O-])C(Cl)Cl.[Na+],Na,metal_Na,O=C([O-])C(Cl)Cl
CHEMBL3085476,CC1(C)SC(C(NC(=O)Cc2ccccc2)C(=O)NCCCC[C@@H](N)C(=O)N[C@H](CCCCNC(=O)C(NC(=O)Cc2ccccc2)C2N[C@H](C(=O)[O-])C(C)(C)S2)C(=O)N[C@@H](CCCCNC(=O)C(NC(=O)Cc2ccccc2)C2N[C@@H](C(=O)[O-])C(C)(C)S2)C(=O)N[C@H](CCCCNC(=O)C(NC(=O)Cc2ccccc2)C2N[C@@H](C(=O)[O-])C(C)(C)S2)C(=O)N[C@@H](CCCCNC(=O)C(NC(=O)Cc2ccccc2)C2N[C@H](C(=O)[O-])C(C)(C)S2)C(=O)N[C@H](CCCCNC(=O)C(NC(=O)Cc2ccccc2)C2N[C@H](C(=O)[O-])C(C)(C)S2)C(=O)N[C@@H](CCCCNC(=O)C(NC(=O)Cc2ccccc2)C2N[C@H](C(=O)[O-])C(C)(C)S2)C(=O)N[C@H](CCCCNC(=O)C(NC(=O)Cc2ccccc2)C2N[C@@H](C(=O)[O-])C(C)(C)S2)C(=O)N[C@@H](CCCCNC(=O)C(NC(=O)Cc2ccccc2)C2N[C@H](C(=O)[O-])C(C)(C)S2)C(=O)N[C@H](CCCCNC(=O)C(NC(=O)Cc2ccccc2)C2N[C@H](C(=O)[O-])C(C)(C)S2)C(=O)N[C@@H](CCCCNC(=O)C(NC(=O)Cc2ccccc2)C2N[C@H](C(=O)[O-])C(C)(C)S2)C(=O)N[C@@H](CCCCNC(=O)C(NC(=O)Cc2ccccc2)C2N[C@@H](C(=O)[O-])C(C)(C)S2)C(=O)O)N[C@@H]1C(=O)[O-].[K+].[K+].[K+].[K+].[K+].[K+].[K+].[K+].[K+].[K+].[K+].[K+],K,metal_K,CC1(C)SC(C(NC(=O)Cc2ccccc2)C(=O)NCCCC[C@@H](N)C(=O)N[C@H](CCCCNC(=O)C(NC(=O)Cc2ccccc2)C2N[C@H](C(=O)[O-])C(C)(C)S2)C(=O)N[C@@H](CCCCNC(=O)C(NC(=O)Cc2ccccc2)C2N[C@@H](C(=O)[O-])C(C)(C)S2)C(=O)N[C@H](CCCCNC(=O)C(NC(=O)Cc2ccccc2)C2N[C@@H](C(=O)[O-])C(C)(C)S2)C(=O)N[C@@H](CCCCNC(=O)C(NC(=O)Cc2ccccc2)C2N[C@H](C(=O)[O-])C(C)(C)S2)C(=O)N[C@H](CCCCNC(=O)C(NC(=O)Cc2ccccc2)C2N[C@H](C(=O)[O-])C(C)(C)S2)C(=O)N[C@@H](CCCCNC(=O)C(NC(=O)Cc2ccccc2)C2N[C@H](C(=O)[O-])C(C)(C)S2)C(=O)N[C@H](CCCCNC(=O)C(NC(=O)Cc2ccccc2)C2N[C@@H](C(=O)[O-])C(C)(C)S2)C(=O)N[C@@H](CCCCNC(=O)C(NC(=O)Cc2ccccc2)C2N[C@H](C(=O)[O-])C(C)(C)S2)C(=O)N[C@H](CCCCNC(=O)C(NC(=O)Cc2ccccc2)C2N[C@H](C(=O)[O-])C(C)(C)S2)C(=O)N[C@@H](CCCCNC(=O)C(NC(=O)Cc2ccccc2)C2N[C@H](C(=O)[O-])C(C)(C)S2)C(=O)N[C@@H](CCCCNC(=O)C(NC(=O)Cc2ccccc2)C2N[C@@H](C(=O)[O-])C(C)(C)S2)C(=O)O)N[C@@H]1C(=O)[O-]
CHEMBL313489,CC(C)(C)Sc1c(CC(C)(C)C(=O)[O-])n(Cc2ccc(Cl)cc2)c2ccc(OCc3ccc4ccccc4n3)cc12.[Na+],Na,metal_Na,CC(C)(C)Sc1c(CC(C)(C)C(=O)[O-])n(Cc2ccc(Cl)cc2)c2ccc(OCc3ccc4ccccc4n3)cc12
CHEMBL3137303,COc1cc(OC)c(/C=C/S(=O)(=O)Cc2ccc(OC)c(OP(=O)([O-])[O-])c2)c(OC)c1.[Na+].[Na+],Na,metal_Na,COc1cc(OC)c(/C=C/S(=O)(=O)Cc2ccc(OC)c(OP(=O)([O-])[O-])c2)c(OC)c1
CHEMBL3137315,Cn1c(C2(NC(=O)c3ccc4c(C5CCCC5)c(-c5ncc(Br)cn5)n(C)c4c3)CCC2)nc2ccc(/C=C/C(=O)[O-])cc21.[Na+],Na,metal_Na,Cn1c(C2(NC(=O)c3ccc4c(C5CCCC5)c(-c5ncc(Br)cn5)n(C)c4c3)CCC2)nc2ccc(/C=C/C(=O)[O-])cc21
CHEMBL3137328,N[C@H](CCC(=O)N[C@H](Cc1c[nH]c2ccccc12)C(=O)[O-])C(=O)[O-].[H+].[K+],K,metal_K,N[C@H](CCC(=O)N[C@H](Cc1c[nH]c2ccccc12)C(=O)[O-])C(=O)[O-]
CHEMBL3137330,C[C@H]1CO[C@@H]2Cn3cc(C(=O)NCc4ccc(F)cc4F)c(=O)c([O-])c3C(=O)N12.[Na+],Na,metal_Na,C[C@H]1CO[C@@H]2Cn3cc(C(=O)NCc4ccc(F)cc4F)c(=O)c([O-])c3C(=O)N12
CHEMBL3137335,CC(/C=C/C=C(\C)C(=O)[O-])=C\C=C\C=C(C)\C=C\C=C(/C)C(=O)[O-].[Na+].[Na+],Na,metal_Na,CC(/C=C/C=C(\C)C(=O)[O-])=C\C=C\C=C(C)\C=C\C=C(/C)C(=O)[O-]
CHEMBL3137337,CC#CC[C@H](C)[C@H](O)/C=C/[C@@H]1[C@H]2c3cccc(CCCC(=O)[O-])c3O[C@H]2C[C@H]1O.[Na+],Na,metal_Na,CC#CC[C@H](C)[C@H](O)/C=C/[C@@H]1[C@H]2c3cccc(CCCC(=O)[O-])c3O[C@H]2C[C@H]1O
CHEMBL3137358,COc1ccc2c(O[C@@H]3C[C@H]4C(=O)N[C@]5(C(=O)[N-]S(=O)(=O)C6CC6)C[C@H]5/C=C\CCCCN(C)C(=O)[C@@H]4C3)cc(-c3nc(C(C)C)cs3)nc2c1C.[Na+],Na,metal_Na,COc1ccc2c(O[C@@H]3C[C@H]4C(=O)N[C@]5(C(=O)[N-]S(=O)(=O)C6CC6)C[C@H]5/C=C\CCCCN(C)C(=O)[C@@H]4C3)cc(-c3nc(C(C)C)cs3)nc2c1C
CHEMBL313792,Nc1nc(N)nc(Nc2ccc([As]=O)cc2)n1,As,metal_As,Nc1nc(N)nc(Nc2ccc([As]=O)cc2)n1
CHEMBL31460,CCCCCCCCCCCCCCCCNc1ccc(C(=O)[O-])cc1.[Na+],Na,metal_Na,CCCCCCCCCCCCCCCCNc1ccc(C(=O)[O-])cc1
CHEMBL3181832,COc1cccc(OC)c1C(=O)N[C@@H]1C(=O)N2[C@@H]1SC(C)(C)[C@@H]2C(=O)[O-].O.[Na+],Na,metal_Na,COc1cccc(OC)c1C(=O)N[C@@H]1C(=O)N2[C@@H]1SC(C)(C)[C@@H]2C(=O)[O-]
CHEMBL3181947,Nc1c(CC(=O)[O-])cccc1C(=O)c1ccc(Br)cc1.Nc1c(CC(=O)[O-])cccc1C(=O)c1ccc(Br)cc1.O.O.O.[Na+].[Na+],Na,metal_Na,Nc1c(CC(=O)[O-])cccc1C(=O)c1ccc(Br)cc1
CHEMBL3182314,CC(C)(C)C(=O)Oc1ccc(S(=O)(=O)Nc2ccccc2C(=O)NCC(=O)[O-])cc1.O.O.O.O.[Na+],Na,metal_Na,CC(C)(C)C(=O)Oc1ccc(S(=O)(=O)Nc2ccccc2C(=O)NCC(=O)[O-])cc1
CHEMBL3183453,CO[C@@H]1[C@@H](OC(N)=O)[C@@H](O)[C@H](Oc2ccc3c([O-])c(NC(=O)c4ccc(O)c(CC=C(C)C)c4)c(=O)oc3c2C)OC1(C)C.[Na+],Na,metal_Na,CO[C@@H]1[C@@H](OC(N)=O)[C@@H](O)[C@H](Oc2ccc3c([O-])c(NC(=O)c4ccc(O)c(CC=C(C)C)c4)c(=O)oc3c2C)OC1(C)C
CHEMBL3184454,NCCC(=O)[N-][C@@H](Cc1c[nH]cn1)C(=O)[O-].[Zn+2],Zn,metal_Zn,NCCC(=O)[N-][C@@H](Cc1c[nH]cn1)C(=O)[O-]
CHEMBL3184949,O=P([O-])(O)OP(=O)([O-])O.[Na+].[Na+],Na,metal_Na,O=P([O-])(O)OP(=O)([O-])O
CHEMBL3184986,CC(=O)[O-].CC(=O)[O-].O.O.[Zn+2],Zn,metal_Zn,[Zn+2]
CHEMBL3185229,O.O.O.O.O.O.[Cl-].[Cl-].[Mg+2],Mg,metal_Mg,O
CHEMBL3185933,O=C1C(I)=CC(=C(c2cc(I)c([O-])c(I)c2)c2ccccc2C(=O)[O-])C=C1I.[Na+].[Na+],Na,metal_Na,O=C1C(I)=CC(=C(c2cc(I)c([O-])c(I)c2)c2ccccc2C(=O)[O-])C=C1I
CHEMBL3244648,CN(Cc1cnc2nc(N)nc(N)c2n1)c1ccc(C(=O)N[C@@H](CCC(=O)[O-])C(=O)[O-])cc1.[Na+].[Na+],Na,metal_Na,CN(Cc1cnc2nc(N)nc(N)c2n1)c1ccc(C(=O)N[C@@H](CCC(=O)[O-])C(=O)[O-])cc1
CHEMBL3247378,C[As](C)SC[C@H](NC(=O)CC[C@H](N)C(=O)O)C(=O)NCC(=O)O,As,metal_As,C[As](C)SC[C@H](NC(=O)CC[C@H](N)C(=O)O)C(=O)NCC(=O)O
CHEMBL3260771,COc1ccc(-c2ccc(OCc3cc(C(=O)[N-]S(=O)(=O)c4ccccc4C)oc3C)cc2)nc1.[Na+],Na,metal_Na,COc1ccc(-c2ccc(OCc3cc(C(=O)[N-]S(=O)(=O)c4ccccc4C)oc3C)cc2)nc1
CHEMBL3264004,CNS(=O)(=O)[N-]c1nccc(Cc2c(C)c3ccc(Oc4ncccn4)cc3oc2=O)c1F.[K+],K,metal_K,CNS(=O)(=O)[N-]c1nccc(Cc2c(C)c3ccc(Oc4ncccn4)cc3oc2=O)c1F
CHEMBL3301665,CC(=O)[N-]S(=O)(=O)c1cc(N)ccc1S(=O)(=O)c1ccc(N)cc1.[Na+],Na,metal_Na,CC(=O)[N-]S(=O)(=O)c1cc(N)ccc1S(=O)(=O)c1ccc(N)cc1
CHEMBL3301667,[Ca+2].[N-]=C=[N-],Ca,metal_Ca,[N-]=C=[N-]
CHEMBL3301672,CCCCCC/C=C\CCCCCCCCCC(=O)N[C@H]1[C@H](OC[C@H]2O[C@H](OP(=O)([O-])[O-])[C@H](NC(=O)CC(=O)CCCCCCCCCCC)[C@@H](OCCCCCCCCCC)[C@@H]2O)O[C@H](COC)[C@@H](OP(=O)([O-])[O-])[C@@H]1OCC[C@@H](CCCCCCC)OC.[Na+].[Na+].[Na+].[Na+],Na,metal_Na,CCCCCC/C=C\CCCCCCCCCC(=O)N[C@H]1[C@H](OC[C@H]2O[C@H](OP(=O)([O-])[O-])[C@H](NC(=O)CC(=O)CCCCCCCCCCC)[C@@H](OCCCCCCCCCC)[C@@H]2O)O[C@H](COC)[C@@H](OP(=O)([O-])[O-])[C@@H]1OCC[C@@H](CCCCCCC)OC
CHEMBL3301674,CCCCCNC(=O)c1coc([C@H]2[C@@H](Cc3ccccc3CCC(=O)[O-])[C@@H]3CC[C@H]2O3)n1.[Na+],Na,metal_Na,CCCCCNC(=O)c1coc([C@H]2[C@@H](Cc3ccccc3CCC(=O)[O-])[C@@H]3CC[C@H]2O3)n1
CHEMBL3350649,Cc1cn([C@H]2C[C@H](N)[C@@H](COCP(=O)([O-])[O-])O2)c(=O)[nH]c1=O.[Na+].[Na+],Na,metal_Na,Cc1cn([C@H]2C[C@H](N)[C@@H](COCP(=O)([O-])[O-])O2)c(=O)[nH]c1=O
CHEMBL3350654,CO[C@H]1C[C@H](n2cc(C)c(=O)[nH]c2=O)O[C@@H]1COCP(=O)([O-])[O-].[Na+].[Na+],Na,metal_Na,CO[C@H]1C[C@H](n2cc(C)c(=O)[nH]c2=O)O[C@@H]1COCP(=O)([O-])[O-]
CHEMBL3350656,Cc1cn([C@H]2CC[C@@H](COCP(=O)([O-])[O-])O2)c(=O)[nH]c1=O.[Na+].[Na+],Na,metal_Na,Cc1cn([C@H]2CC[C@@H](COCP(=O)([O-])[O-])O2)c(=O)[nH]c1=O
CHEMBL3350657,Cc1cn([C@H]2C[C@H](F)[C@@H](COCP(=O)([O-])[O-])O2)c(=O)[nH]c1=O.[Na+].[Na+],Na,metal_Na,Cc1cn([C@H]2C[C@H](F)[C@@H](COCP(=O)([O-])[O-])O2)c(=O)[nH]c1=O
CHEMBL3350659,Cc1cn([C@H]2C[C@H](N=[N+]=[N-])[C@@H](COCP(=O)([O-])[O-])O2)c(=O)[nH]c1=O.[Na+].[Na+],Na,metal_Na,Cc1cn([C@H]2C[C@H](N=[N+]=[N-])[C@@H](COCP(=O)([O-])[O-])O2)c(=O)[nH]c1=O
CHEMBL3350661,O=c1ccn([C@H]2CC[C@@H](COCP(=O)([O-])[O-])O2)c(=O)[nH]1.[Na+].[Na+],Na,metal_Na,O=c1ccn([C@H]2CC[C@@H](COCP(=O)([O-])[O-])O2)c(=O)[nH]1
CHEMBL3350662,Nc1ccn([C@H]2CC[C@@H](COCP(=O)([O-])[O-])O2)c(=O)n1.[Na+].[Na+],Na,metal_Na,Nc1ccn([C@H]2CC[C@@H](COCP(=O)([O-])[O-])O2)c(=O)n1
CHEMBL3350704,CC[n+]1cn([C@@H]2O[C@H](CO[PH](=O)[O-])[C@@H](OC(C)C)[C@H]2OC(C)C)c2nc(N)[nH]c(=O)c21.[Na+],Na,metal_Na,CC[n+]1cn([C@@H]2O[C@H](CO[PH](=O)[O-])[C@@H](OC(C)C)[C@H]2OC(C)C)c2nc(N)[nH]c(=O)c21
CHEMBL3350705,CC(C)O[C@@H]1[C@H](OC(C)C)[C@@H](CO[PH](=O)[O-])O[C@H]1n1c[n+](C)c2c(=O)[nH]c(N)nc21.[Na+],Na,metal_Na,CC(C)O[C@@H]1[C@H](OC(C)C)[C@@H](CO[PH](=O)[O-])O[C@H]1n1c[n+](C)c2c(=O)[nH]c(N)nc21
CHEMBL3350917,NC(=O)[C@@H]1CCCN1C(=O)[C@H](Cc1ccc([N+](=O)[O-])cc1)NC(=O)CNC(=O)[C@@H](CSCCS(=O)(=O)[O-])NC(=O)[C@@H](N)Cc1ccc(O)cc1.[Na+],Na,metal_Na,NC(=O)[C@@H]1CCCN1C(=O)[C@H](Cc1ccc([N+](=O)[O-])cc1)NC(=O)CNC(=O)[C@@H](CSCCS(=O)(=O)[O-])NC(=O)[C@@H](N)Cc1ccc(O)cc1
CHEMBL3350977,CCCCCCCCCCCCCCCCOCC(CP(=O)([O-])OC[C@H]1O[C@@H](n2cc(C)c(=O)[nH]c2=O)C[C@@H]1N=[N+]=[N-])OCC.[Na+],Na,metal_Na,CCCCCCCCCCCCCCCCOCC(CP(=O)([O-])OC[C@H]1O[C@@H](n2cc(C)c(=O)[nH]c2=O)C[C@@H]1N=[N+]=[N-])OCC
CHEMBL3350978,CCCCCCCCCCCCCCCCCC(=O)NCC(COP(=O)([O-])OC[C@H]1O[C@@H](n2cc(C)c(=O)[nH]c2=O)C[C@@H]1N=[N+]=[N-])OCC.[Na+],Na,metal_Na,CCCCCCCCCCCCCCCCCC(=O)NCC(COP(=O)([O-])OC[C@H]1O[C@@H](n2cc(C)c(=O)[nH]c2=O)C[C@@H]1N=[N+]=[N-])OCC
CHEMBL3350979,CCCCCCCCCCCCCCCCOCC(COP(=O)([O-])OC[C@H]1O[C@@H](n2cc(C)c(=O)[nH]c2=O)C[C@@H]1N=[N+]=[N-])OCC.[Na+],Na,metal_Na,CCCCCCCCCCCCCCCCOCC(COP(=O)([O-])OC[C@H]1O[C@@H](n2cc(C)c(=O)[nH]c2=O)C[C@@H]1N=[N+]=[N-])OCC
CHEMBL3350980,CCCCCCCCCCCCCCCCCC(=O)NCC(COP(=O)([O-])OC[C@@H]1CC[C@H](n2cnc3c(=O)[nH]cnc32)O1)OCC.[Na+],Na,metal_Na,CCCCCCCCCCCCCCCCCC(=O)NCC(COP(=O)([O-])OC[C@@H]1CC[C@H](n2cnc3c(=O)[nH]cnc32)O1)OCC
CHEMBL3351026,Nc1nc(SCCc2ccc([N+](=O)[O-])cc2)nc2c1ncn2[C@@H]1O[C@H](COP([O-])([O-])=S)[C@@H](O)[C@H]1O.[Na+].[Na+],Na,metal_Na,Nc1nc(SCCc2ccc([N+](=O)[O-])cc2)nc2c1ncn2[C@@H]1O[C@H](COP([O-])([O-])=S)[C@@H](O)[C@H]1O
CHEMBL3351028,C[n+]1cn([C@@H]2O[C@H](COP(=O)([O-])OP(=O)([O-])OP(=O)([O-])[O-])[C@@H](O)[C@H]2O)c2nc(N)[nH]c(=O)c21.[Br-].[Na+].[Na+].[Na+].[Na+],Na,metal_Na,C[n+]1cn([C@@H]2O[C@H](COP(=O)([O-])OP(=O)([O-])OP(=O)([O-])[O-])[C@@H](O)[C@H]2O)c2nc(N)[nH]c(=O)c21
CHEMBL3351030,C=CC[n+]1cn([C@@H]2O[C@H](COP(=O)([O-])[O-])[C@@H](O)[C@H]2O)c2nc(N)[nH]c(=O)c21.[Br-].[Na+].[Na+],Na,metal_Na,C=CC[n+]1cn([C@@H]2O[C@H](COP(=O)([O-])[O-])[C@@H](O)[C@H]2O)c2nc(N)[nH]c(=O)c21
CHEMBL3351035,C[n+]1cn([C@@H]2O[C@H](COP(=O)([O-])[O-])[C@@H](O)[C@H]2O)c2nc(N)[nH]c(=O)c21.[Br-].[Na+].[Na+],Na,metal_Na,C[n+]1cn([C@@H]2O[C@H](COP(=O)([O-])[O-])[C@@H](O)[C@H]2O)c2nc(N)[nH]c(=O)c21
CHEMBL3351036,CC[n+]1cn([C@@H]2O[C@H](COP(=O)([O-])[O-])[C@@H](O)[C@H]2O)c2nc(N)[nH]c(=O)c21.[Br-].[Na+].[Na+],Na,metal_Na,CC[n+]1cn([C@@H]2O[C@H](COP(=O)([O-])[O-])[C@@H](O)[C@H]2O)c2nc(N)[nH]c(=O)c21
CHEMBL3351037,Nc1nc2c(c(=O)[nH]1)[n+](Cc1ccccc1)cn2[C@@H]1O[C@H](COP(=O)([O-])[O-])[C@@H](O)[C@H]1O.[Br-].[Na+].[Na+],Na,metal_Na,Nc1nc2c(c(=O)[nH]1)[n+](Cc1ccccc1)cn2[C@@H]1O[C@H](COP(=O)([O-])[O-])[C@@H](O)[C@H]1O
CHEMBL337531,O=C(NCCCCN1CCN(c2cccc(Cl)c2Cl)CC1)c1cc2ccccc2[te]1,Te,metal_Te,O=C(NCCCCN1CCN(c2cccc(Cl)c2Cl)CC1)c1cc2ccccc2[te]1
CHEMBL341922,CC(C(=O)[O-])c1cccc(C(=O)c2ccccc2)c1.[Na+],Na,metal_Na,CC(C(=O)[O-])c1cccc(C(=O)c2ccccc2)c1
CHEMBL346476,C[C@H]1CC2C(C(O)CC3(C)C2CC[C@]3(O)C(=O)COC(=O)CCC(=O)[O-])C2(C)C=CC(=O)C=C12.[Na+],Na,metal_Na,C[C@H]1CC2C(C(O)CC3(C)C2CC[C@]3(O)C(=O)COC(=O)CCC(=O)[O-])C2(C)C=CC(=O)C=C12
CHEMBL351513,CC(C)C1(CC[C@@H](C)[C@H]2CC[C@@]3(C)C4C[C@H](OS(=O)(=O)[O-])C5C[C@H](OS(=O)(=O)[O-])[C@@H](OS(=O)(=O)[O-])C[C@]5(C)C4=CC[C@]23C)CC1C.[Na+].[Na+].[Na+],Na,metal_Na,CC(C)C1(CC[C@@H](C)[C@H]2CC[C@@]3(C)C4C[C@H](OS(=O)(=O)[O-])C5C[C@H](OS(=O)(=O)[O-])[C@@H](OS(=O)(=O)[O-])C[C@]5(C)C4=CC[C@]23C)CC1C
CHEMBL351631,O=C([O-])c1cc(=O)c2c(OCC(O)COc3cccc4oc(C(=O)O)cc(=O)c34)cccc2o1.[Na+],Na,metal_Na,O=C([O-])c1cc(=O)c2c(OCC(O)COc3cccc4oc(C(=O)O)cc(=O)c34)cccc2o1
CHEMBL351769,Nc1ccc([As](=O)(O)O)cc1,As,metal_As,Nc1ccc([As](=O)(O)O)cc1
CHEMBL3544915,C=C[C@@H]1C[C@]1(NC(=O)[C@@H]1C[C@@H](Oc2cc(-c3csc(NC(=O)C(C)C)n3)nc3c(Br)c(OC)ccc23)CN1C(=O)[C@@H](NC(=O)OC1CCCC1)C(C)(C)C)C(=O)[O-].[Na+],Na,metal_Na,C=C[C@@H]1C[C@]1(NC(=O)[C@@H]1C[C@@H](Oc2cc(-c3csc(NC(=O)C(C)C)n3)nc3c(Br)c(OC)ccc23)CN1C(=O)[C@@H](NC(=O)OC1CCCC1)C(C)(C)C)C(=O)[O-]
CHEMBL3544980,Nc1ncn([C@H]2C[C@H](OP(=O)([O-])OC[C@H]3O[C@@H](n4cnc5c(=O)[nH]c(N)nc54)C[C@@H]3O)[C@@H](CO)O2)c(=O)n1.[Na+],Na,metal_Na,Nc1ncn([C@H]2C[C@H](OP(=O)([O-])OC[C@H]3O[C@@H](n4cnc5c(=O)[nH]c(N)nc54)C[C@@H]3O)[C@@H](CO)O2)c(=O)n1
CHEMBL3544985,COc1c(-c2ccc3cc(NS(C)(=O)=O)ccc3c2)cc(-n2ccc(=O)[n-]c2=O)cc1C(C)(C)C.O.[Na+],Na,metal_Na,COc1c(-c2ccc3cc(NS(C)(=O)=O)ccc3c2)cc(-n2ccc(=O)[n-]c2=O)cc1C(C)(C)C
CHEMBL3545058,N[C@H](Cc1cc(I)c(Oc2cc(I)c(O)c(I)c2)c(I)c1)C(=O)[O-].O.[Na+],Na,metal_Na,N[C@H](Cc1cc(I)c(Oc2cc(I)c(O)c(I)c2)c(I)c1)C(=O)[O-]
CHEMBL355125,COC1([C@@H]2C=C3[C@H](O)C[C@]4(O)C(CC[C@@]5(C)C4[C@@H](OS(=O)(=O)[O-])[C@H](O)[C@@H]5[C@H](C)/C=C/[C@H](CO)C(C)C)[C@@]3(C)CC2)OCC(O)C(O)C1O.[Na+],Na,metal_Na,COC1([C@@H]2C=C3[C@H](O)C[C@]4(O)C(CC[C@@]5(C)C4[C@@H](OS(=O)(=O)[O-])[C@H](O)[C@@H]5[C@H](C)/C=C/[C@H](CO)C(C)C)[C@@]3(C)CC2)OCC(O)C(O)C1O
CHEMBL355187,CC(C)CCC[C@@H](COS(=O)(=O)[O-])[C@H]1CCC2C3CC=C4[C@@H](O)[C@H](OS(=O)(=O)[O-])CC[C@]4(C)C3CC[C@@]21C.[Na+].[Na+],Na,metal_Na,CC(C)CCC[C@@H](COS(=O)(=O)[O-])[C@H]1CCC2C3CC=C4[C@@H](O)[C@H](OS(=O)(=O)[O-])CC[C@]4(C)C3CC[C@@]21C
CHEMBL3559293,CC(C)C[C@H](NC(=O)OCc1ccccc1)C(=O)N[C@@H](C[C@@H]1CCNC1=O)C(O)S(=O)(=O)[O-].[Na+],Na,metal_Na,CC(C)C[C@H](NC(=O)OCc1ccccc1)C(=O)N[C@@H](C[C@@H]1CCNC1=O)C(O)S(=O)(=O)[O-]
CHEMBL36028,O=C([O-])c1cc2cc(Cc3cccnc3)ccc2o1.[Na+],Na,metal_Na,O=C([O-])c1cc2cc(Cc3cccnc3)ccc2o1
CHEMBL3621357,CCCCCCCCCCCCCCCC(=O)OC[C@@H](O)CC(Br)P(=O)([O-])O.[Na+],Na,metal_Na,CCCCCCCCCCCCCCCC(=O)OC[C@@H](O)CC(Br)P(=O)([O-])O
CHEMBL3623936,CCCCCCCC/C=C\CCCCCCCC(=O)OC[C@@H](O)CC(Br)P(=O)([O-])O.[Na+],Na,metal_Na,CCCCCCCC/C=C\CCCCCCCC(=O)OC[C@@H](O)CC(Br)P(=O)([O-])O
CHEMBL363100,O=P([O-])([O-])[O-].[Na+].[Na+].[Na+],Na,metal_Na,O=P([O-])([O-])[O-]
CHEMBL3707221,CCCC[C@]1(CC)CS(=O)(=O)c2ccc(N(C)C)cc2[C@@H](c2cccc(NC(=O)N[C@@H]3O[C@H](COS(=O)(=O)[O-])[C@@H](O)[C@H](OCc4ccccc4)[C@H]3O)c2)[C@H]1O.[K+],K,metal_K,CCCC[C@]1(CC)CS(=O)(=O)c2ccc(N(C)C)cc2[C@@H](c2cccc(NC(=O)N[C@@H]3O[C@H](COS(=O)(=O)[O-])[C@@H](O)[C@H](OCc4ccccc4)[C@H]3O)c2)[C@H]1O
CHEMBL3707260,Nc1nc(O)c2c(n1)NCC(CNc1ccc(C(=O)N[C@@H](CCC(=O)[O-])C(=O)[O-])cc1)N2C=O.[Na+].[Na+],Na,metal_Na,Nc1nc(O)c2c(n1)NCC(CNc1ccc(C(=O)N[C@@H](CCC(=O)[O-])C(=O)[O-])cc1)N2C=O
CHEMBL3707263,C[C@H](C[Se]CC(=O)NCCS(=O)(=O)O)[C@H]1CC[C@H]2[C@@H]3[C@H](O)C[C@@H]4C[C@H](O)CC[C@]4(C)[C@H]3C[C@H](O)[C@]12C,Se,metal_Se,C[C@H](C[Se]CC(=O)NCCS(=O)(=O)O)[C@H]1CC[C@H]2[C@@H]3[C@H](O)C[C@@H]4C[C@H](O)CC[C@]4(C)[C@H]3C[C@H](O)[C@]12C
CHEMBL3707303,O=C([O-])[C@@H]1CCC(O)=N1.O=C([O-])[C@@H]1CCC(O)=N1.[Mg+2],Mg,metal_Mg,O=C([O-])[C@@H]1CCC(O)=N1
CHEMBL3707306,N#Cc1c(N(CC(=O)[O-])CC(=O)[O-])sc(C(=O)[O-])c1CC(=O)[O-].[Sr+2].[Sr+2],Sr,metal_Sr,N#Cc1c(N(CC(=O)[O-])CC(=O)[O-])sc(C(=O)[O-])c1CC(=O)[O-]
CHEMBL3715108,COc1ccc(OC(C)C(=O)[O-])cc1.[Na+],Na,metal_Na,COc1ccc(OC(C)C(=O)[O-])cc1
CHEMBL3740500,CC(C)[C@]12O[C@H]1[C@@H]1O[C@]13[C@]1(O[C@H]1C[C@H]1C4=C(CC[C@@]13C)C(=O)OC4)[C@@H]2OCOP(=O)([O-])[O-].[Na+].[Na+],Na,metal_Na,CC(C)[C@]12O[C@H]1[C@@H]1O[C@]13[C@]1(O[C@H]1C[C@H]1C4=C(CC[C@@]13C)C(=O)OC4)[C@@H]2OCOP(=O)([O-])[O-]
CHEMBL3833310,O.O[Al](O)O,Al,metal_Al,[OH][Al]([OH])[OH]
CHEMBL3833314,O.O.O.O.O.O.[Al+3].[Cl-].[Cl-].[Cl-],Al,metal_Al,[Al+3]
CHEMBL3833315,O=P([O-])([O-])[O-].[Al+3],Al,metal_Al,[Al+3]
CHEMBL3833316,C[C@@H]1O[C@@H](O[C@@H]2[C@@H](NC(=O)c3cc(=O)[nH]c(=O)[nH]3)C[C@@H](C(=O)NCCNC(=O)COCCOCC(=O)Nc3cc(S(=O)(=O)[O-])cc4cc(S(=O)(=O)[O-])cc(S(=O)(=O)[O-])c34)C[C@H]2O[C@@H]2O[C@H](CO)[C@H](O)[C@H](O[C@@H](CC3CCCCC3)C(=O)[O-])[C@H]2OC(=O)c2ccccc2)[C@@H](O)[C@H](O)[C@@H]1O.[Na+].[Na+].[Na+].[Na+],Na,metal_Na,C[C@@H]1O[C@@H](O[C@@H]2[C@@H](NC(=O)c3cc(=O)[nH]c(=O)[nH]3)C[C@@H](C(=O)NCCNC(=O)COCCOCC(=O)Nc3cc(S(=O)(=O)[O-])cc4cc(S(=O)(=O)[O-])cc(S(=O)(=O)[O-])c34)C[C@H]2O[C@@H]2O[C@H](CO)[C@H](O)[C@H](O[C@@H](CC3CCCCC3)C(=O)[O-])[C@H]2OC(=O)c2ccccc2)[C@@H](O)[C@H](O)[C@@H]1O
CHEMBL3833322,O.O=[Si]([O-])[O-].O=[Si]([O-])[O-].O=[Si]([O-])[O-].O=[Si]([O-])[O-].[Al+3].[Al+3].[Mg+2],Al,metal_Al,O=[Si]([O-])[O-]
CHEMBL3833325,CC(=O)Oc1ccccc1C(=O)[O-].CC(=O)Oc1ccccc1C(=O)[O-].NC(N)=O.[Ca+2],Ca,metal_Ca,CC(=O)Oc1ccccc1C(=O)[O-]
CHEMBL3833336,CC(C)(Oc1ccc(Cl)cc1)C(=O)[O-].CC(C)(Oc1ccc(Cl)cc1)C(=O)[O-].[Al+3].[OH-],Al,metal_Al,CC(C)(Oc1ccc(Cl)cc1)C(=O)[O-]
CHEMBL3833350,O.O=S(=O)([O-])[O-].O=S(=O)([O-])[O-].[Al+3].[Al+3].[Al+3].[Al+3].[Al+3].[Mg+2].[Mg+2].[Mg+2].[Mg+2].[Mg+2].[Mg+2].[Mg+2].[Mg+2].[Mg+2].[Mg+2].[OH-].[OH-].[OH-].[OH-].[OH-].[OH-].[OH-].[OH-].[OH-].[OH-].[OH-].[OH-].[OH-].[OH-].[OH-].[OH-].[OH-].[OH-].[OH-].[OH-].[OH-].[OH-].[OH-].[OH-].[OH-].[OH-].[OH-].[OH-].[OH-].[OH-].[OH-],Al,metal_Al,[Al+3]
CHEMBL3833351,O.O.O.O.O=C([O-])[O-].[Al+3].[Al+3].[Mg+2].[Mg+2].[Mg+2].[Mg+2].[Mg+2].[Mg+2].[OH-].[OH-].[OH-].[OH-].[OH-].[OH-].[OH-].[OH-].[OH-].[OH-].[OH-].[OH-].[OH-].[OH-].[OH-].[OH-],Al,metal_Al,O=C([O-])[O-]
CHEMBL3833377,O=C([O-])[C@H](O)[C@@H](O)[C@H](O)[C@H](O)CO.O=C([O-])[C@H](O)[C@@H](O)[C@H](O)[C@H](O)CO.[Zn+2],Zn,metal_Zn,O=C([O-])[C@H](O)[C@@H](O)[C@H](O)[C@H](O)CO
CHEMBL3833390,O.O.O=C([O-])[O-].O[Al](O)O.[Mg+2].[Mg+2].[Mg+2].[OH-].[OH-].[OH-].[OH-],Al,metal_Al,O=C([O-])[O-]
CHEMBL3833401,Cl[Al](Cl)Cl,Al,metal_Al,[Cl][Al]([Cl])[Cl]
CHEMBL3833408,O=S(=O)([O-])[O-].O=S(=O)([O-])[O-].[Al+3].[Al+3].[Al+3].[Al+3].[Al+3].[Mg+2].[Mg+2].[Mg+2].[Mg+2].[Mg+2].[Mg+2].[Mg+2].[Mg+2].[Mg+2].[Mg+2].[OH-].[OH-].[OH-].[OH-].[OH-].[OH-].[OH-].[OH-].[OH-].[OH-].[OH-].[OH-].[OH-].[OH-].[OH-].[OH-].[OH-].[OH-].[OH-].[OH-].[OH-].[OH-].[OH-].[OH-].[OH-].[OH-].[OH-].[OH-].[OH-].[OH-].[OH-],Al,metal_Al,[Al+3]
CHEMBL3833409,O=C([O-])[O-].[Al+3].[Al+3].[Mg+2].[Mg+2].[Mg+2].[Mg+2].[Mg+2].[Mg+2].[OH-].[OH-].[OH-].[OH-].[OH-].[OH-].[OH-].[OH-].[OH-].[OH-].[OH-].[OH-].[OH-].[OH-].[OH-].[OH-],Al,metal_Al,O=C([O-])[O-]
CHEMBL3931782,[Na+].[O-]c1c(-n2ccnn2)cnn1-c1cc(N2CCOCC2)ncn1,Na,metal_Na,[O-]c1c(-n2ccnn2)cnn1-c1cc(N2CCOCC2)ncn1
CHEMBL393220,CC(C)c1c(C(=O)Nc2ccccc2)c(-c2ccccc2)c(-c2ccc(F)cc2)n1CC[C@@H](O)C[C@@H](O)CC(=O)[O-].CC(C)c1c(C(=O)Nc2ccccc2)c(-c2ccccc2)c(-c2ccc(F)cc2)n1CC[C@@H](O)C[C@@H](O)CC(=O)[O-].[Ca+2],Ca,metal_Ca,CC(C)c1c(C(=O)Nc2ccccc2)c(-c2ccccc2)c(-c2ccc(F)cc2)n1CC[C@@H](O)C[C@@H](O)CC(=O)[O-]
CHEMBL3988900,[O-2].[Zn+2],Zn,metal_Zn,[Zn+2]
CHEMBL3989401,NCCC(O)(P(=O)([O-])O)P(=O)([O-])O.O.O.O.O.O.[Na+].[Na+],Na,metal_Na,NCCC(O)(P(=O)([O-])O)P(=O)([O-])O
CHEMBL3989403,Cc1cc(CC(=O)[O-])n(C)c1C(=O)c1ccc(Cl)cc1.O.O.[Na+],Na,metal_Na,Cc1cc(CC(=O)[O-])n(C)c1C(=O)c1ccc(Cl)cc1
CHEMBL3989408,CC(C)Cc1ccc(C(C)C(=O)[O-])cc1.O.O.[Na+],Na,metal_Na,CC(C)Cc1ccc(C(C)C(=O)[O-])cc1
CHEMBL3989410,COc1ccc2c(c1)c(CC(=O)[O-])c(C)n2C(=O)c1ccc(Cl)cc1.O.O.O.[Na+],Na,metal_Na,COc1ccc2c(c1)c(CC(=O)[O-])c(C)n2C(=O)c1ccc(Cl)cc1
CHEMBL3989461,O=C([O-])c1c(Cl)c(Cl)c(Cl)c(Cl)c1-c1c2cc([131I])c(=O)c(I)c-2oc2c(I)c([O-])c([131I])cc12.[Na+].[Na+],Na,metal_Na,O=C([O-])c1c(Cl)c(Cl)c(Cl)c(Cl)c1-c1c2cc([131I])c(=O)c(I)c-2oc2c(I)c([O-])c([131I])cc12
CHEMBL3989480,O=C([O-])CC(O)(CC(=O)[O-])C(=O)[O-].O=C([O-])CC(O)(CC(=O)[O-])C(=O)[O-].[Mg+2].[Mg+2].[Mg+2],Mg,metal_Mg,O=C([O-])CC(O)(CC(=O)[O-])C(=O)[O-]
CHEMBL3989507,O.O.O=C([O-])CN(CCN(CC(=O)[O-])CC(=O)O)CC(=O)O.[Na+].[Na+],Na,metal_Na,O=C([O-])CN(CCN(CC(=O)[O-])CC(=O)O)CC(=O)O
CHEMBL3989516,COc1cc(Nc2ncc(F)c(Nc3ccc4c(n3)N(COP(=O)([O-])[O-])C(=O)C(C)(C)O4)n2)cc(OC)c1OC.O.O.O.O.O.O.[Na+].[Na+],Na,metal_Na,COc1cc(Nc2ncc(F)c(Nc3ccc4c(n3)N(COP(=O)([O-])[O-])C(=O)C(C)(C)O4)n2)cc(OC)c1OC
CHEMBL3989522,O.O=C([O-])CN(CCN(CC(=O)[O-])CC(=O)[O-])CC(=O)[O-].[Ca+2].[Na+].[Na+],Ca,metal_Ca,O=C([O-])CN(CCN(CC(=O)[O-])CC(=O)[O-])CC(=O)[O-]
CHEMBL3989539,O=S(=O)(c1ccc(NC([C@H](O)[C@@H](O)[C@H](O)[C@H](O)CO)S(=O)(=O)[O-])cc1)c1ccc(NC([C@H](O)[C@@H](O)[C@H](O)[C@H](O)CO)S(=O)(=O)[O-])cc1.[Na+].[Na+],Na,metal_Na,O=S(=O)(c1ccc(NC([C@H](O)[C@@H](O)[C@H](O)[C@H](O)CO)S(=O)(=O)[O-])cc1)c1ccc(NC([C@H](O)[C@@H](O)[C@H](O)[C@H](O)CO)S(=O)(=O)[O-])cc1
CHEMBL3989559,COc1ccnc(C[S+]([O-])c2nc3cc(OC(F)F)ccc3[n-]2)c1OC.O.[Na+],Na,metal_Na,COc1ccnc(C[S+]([O-])c2nc3cc(OC(F)F)ccc3[n-]2)c1OC
CHEMBL3989567,Cc1onc(-c2ccccc2)c1C(=O)N[C@@H]1C(=O)N2[C@@H]1SC(C)(C)[C@@H]2C(=O)[O-].O.[Na+],Na,metal_Na,Cc1onc(-c2ccccc2)c1C(=O)N[C@@H]1C(=O)N2[C@@H]1SC(C)(C)[C@@H]2C(=O)[O-]
CHEMBL3989568,CN(C)[C@@H]1C([O-])=C(C(N)=O)C(=O)[C@@]2(O)C(O)=C3C(=O)c4c(O)cccc4[C@@](C)(O)[C@H]3[C@H](O)[C@@H]12.CN(C)[C@@H]1C([O-])=C(C(N)=O)C(=O)[C@@]2(O)C(O)=C3C(=O)c4c(O)cccc4[C@@](C)(O)[C@H]3[C@H](O)[C@@H]12.[Ca+2],Ca,metal_Ca,CN(C)[C@@H]1C([O-])=C(C(N)=O)C(=O)[C@@]2(O)C(O)=C3C(=O)c4c(O)cccc4[C@@](C)(O)[C@H]3[C@H](O)[C@@H]12
CHEMBL3989569,CCCCCN(C)CCC(O)(P(=O)([O-])O)P(=O)(O)O.O.[Na+],Na,metal_Na,CCCCCN(C)CCC(O)(P(=O)([O-])O)P(=O)(O)O
CHEMBL3989615,N=C(NCc1ccccc1)NC(=N)NP(=O)([O-])[O-].O.[Na+].[Na+],Na,metal_Na,N=C(NCc1ccccc1)NC(=N)NP(=O)([O-])[O-]
CHEMBL3989618,N[C@H]1C(O)O[C@H](CO)[C@@H](O)[C@@H]1O.N[C@H]1C(O)O[C@H](CO)[C@@H](O)[C@@H]1O.O=S(=O)(O)O.[Cl-].[Cl-].[K+].[K+],K,metal_K,N[C@H]1C(O)O[C@H](CO)[C@@H](O)[C@@H]1O
CHEMBL3989628,COC(=O)[C@@H]1CC2=CC(=O)CC[C@]2(C)[C@H]2CC[C@@]3(C)[C@@H](CC[C@@]3(O)CCC(=O)[O-])[C@H]12.O.O.[K+],K,metal_K,COC(=O)[C@@H]1CC2=CC(=O)CC[C@]2(C)[C@H]2CC[C@@]3(C)[C@@H](CC[C@@]3(O)CCC(=O)[O-])[C@H]12
CHEMBL3989647,CC1(C)S[C@@H]2[C@H](NC(=O)[C@H](C(=O)O)c3ccsc3)C(=O)N2[C@H]1C(=O)[O-].O.[Na+],Na,metal_Na,CC1(C)S[C@@H]2[C@H](NC(=O)[C@H](C(=O)O)c3ccsc3)C(=O)N2[C@H]1C(=O)[O-]
CHEMBL3989648,C[N+](C)(C)CCO.C[N+](C)(C)CCO.O.O.O.O.O=C([O-])c1ccccc1O.O=C([O-])c1ccccc1O.O=S(=O)([O-])[O-].[Mg+2],Mg,metal_Mg,O=C([O-])c1ccccc1O
CHEMBL3989655,O.O.O=P([O-])([O-])C(O)(Cn1ccnc1)P(=O)([O-])O.O=P([O-])([O-])C(O)(Cn1ccnc1)P(=O)([O-])O.O=P([O-])([O-])C(O)(Cn1ccnc1)P(=O)([O-])O.O=P([O-])([O-])C(O)(Cn1ccnc1)P(=O)([O-])O.O=P([O-])([O-])C(O)(Cn1ccnc1)P(=O)([O-])O.[Na+].[Na+].[Na+].[Na+].[Na+].[Na+].[Na+].[Na+].[Na+].[Na+].[Na+].[Na+].[Na+].[Na+].[Na+],Na,metal_Na,O=P([O-])([O-])C(O)(Cn1ccnc1)P(=O)([O-])O
CHEMBL3989656,Cc1nc([N-]S(=O)(=O)c2ccc(N)cc2)nc(C)c1Br.O.[Na+],Na,metal_Na,Cc1nc([N-]S(=O)(=O)c2ccc(N)cc2)nc(C)c1Br
CHEMBL3989659,C[C@@](O)(/C=C/[C@@H]1CC=CC(=O)O1)[C@@H](C[C@@H](O)/C=C\C=C/C=C/CO)OP(=O)([O-])O.[Na+],Na,metal_Na,C[C@@](O)(/C=C/[C@@H]1CC=CC(=O)O1)[C@@H](C[C@@H](O)\C=C/C=C\C=C\CO)OP(=O)([O-])O
CHEMBL3989697,Cc1cc2nc3c(=O)[nH]c(=O)nc-3n(C[C@H](O)[C@H](O)[C@H](O)COP(=O)([O-])O)c2cc1C.O.O.[Na+],Na,metal_Na,Cc1cc2nc3c(=O)[nH]c(=O)nc-3n(C[C@H](O)[C@H](O)[C@H](O)COP(=O)([O-])O)c2cc1C
CHEMBL3989705,CCC(=O)[O-].O.[Na+],Na,metal_Na,CCC(=O)[O-]
CHEMBL3989715,C/C(=C\C(=O)OCCCCCCCCC(=O)[O-])C[C@@H]1OC[C@H](C[C@@H]2O[C@H]2[C@@H](C)[C@H](C)O)[C@@H](O)[C@H]1O.C/C(=C\C(=O)OCCCCCCCCC(=O)[O-])C[C@@H]1OC[C@H](C[C@@H]2O[C@H]2[C@@H](C)[C@H](C)O)[C@@H](O)[C@H]1O.O.O.[Ca+2],Ca,metal_Ca,C/C(=C\C(=O)OCCCCCCCCC(=O)[O-])C[C@@H]1OC[C@H](C[C@@H]2O[C@H]2[C@@H](C)[C@H](C)O)[C@@H](O)[C@H]1O
CHEMBL3989726,CCc1nc(C2CC2)c(C(N)=O)n1Cc1ccc2oc(-c3ccccc3[N-]S(=O)(=O)C(F)(F)F)c(Br)c2c1.[K+],K,metal_K,CCc1nc(C2CC2)c(C(N)=O)n1Cc1ccc2oc(-c3ccccc3[N-]S(=O)(=O)C(F)(F)F)c(Br)c2c1
CHEMBL3989728,Cc1cc(OP(=O)([O-])[O-])c2ccccc2c1OP(=O)([O-])[O-].O.O.O.O.O.O.[Na+].[Na+].[Na+].[Na+],Na,metal_Na,Cc1cc(OP(=O)([O-])[O-])c2ccccc2c1OP(=O)([O-])[O-]
CHEMBL3989754,CC(C(=O)[O-])c1ccc(-c2ccccc2)c(F)c1.O.O.[Na+],Na,metal_Na,CC(C(=O)[O-])c1ccc(-c2ccccc2)c(F)c1
CHEMBL3989756,O.O=[Mg].O=[Mg].O=[Mg].O=[Si]=O.O=[Si]=O.O=[Si]=O.O=[Si]=O,Mg,metal_Mg,O=[Si]=O
CHEMBL3989799,C/C(=C\Cc1c(C)c(OP(=O)([O-])O)c2ccccc2c1OP(=O)([O-])O)CCC[C@H](C)CCC[C@H](C)CCCC(C)C.[Na+].[Na+],Na,metal_Na,C/C(=C\Cc1c(C)c(OP(=O)([O-])O)c2ccccc2c1OP(=O)([O-])O)CCC[C@H](C)CCC[C@H](C)CCCC(C)C
CHEMBL3989803,Cc1c(N(C)CS(=O)(=O)[O-])c(=O)n(-c2ccccc2)n1C.O.[Na+],Na,metal_Na,Cc1c(N(C)CS(=O)(=O)[O-])c(=O)n(-c2ccccc2)n1C
CHEMBL3989822,O.O=C([O-])CC(O)(CC(=O)[O-])C(=O)[O-].[K+].[K+].[K+],K,metal_K,O=C([O-])CC(O)(CC(=O)[O-])C(=O)[O-]
CHEMBL3989828,O.O=C([O-])CP(=O)([O-])O.[Na+].[Na+],Na,metal_Na,O=C([O-])CP(=O)([O-])O
CHEMBL3989856,O.O.O.O.O.O.O.O.O.O.O=S(=O)([O-])[O-].[Na+].[Na+],Na,metal_Na,O=S(=O)([O-])[O-]
CHEMBL3989857,O.O.O.O.O.O.O.O=S(=O)([O-])[O-].[Mg+2],Mg,metal_Mg,O=S(=O)([O-])[O-]
CHEMBL3989858,CC(=O)[O-].CC(=O)[O-].O.O.O.O.[Mg+2],Mg,metal_Mg,CC(=O)[O-]
CHEMBL3989867,O=C(NCc1c(F)cc(F)cc1F)c1cn2c(c([O-])c1=O)C(=O)N1[C@H]3CC[C@H](C3)O[C@@H]1C2.[Na+],Na,metal_Na,O=C(NCc1c(F)cc(F)cc1F)c1cn2c(c([O-])c1=O)C(=O)N1[C@H]3CC[C@H](C3)O[C@@H]1C2
CHEMBL3989920,O=C([O-])C[C@H](O)C[C@H](O)/C=C/c1c(C2CC2)nc2ccccc2c1-c1ccc(F)cc1.[Na+],Na,metal_Na,O=C([O-])C[C@H](O)C[C@H](O)/C=C/c1c(C2CC2)nc2ccccc2c1-c1ccc(F)cc1
CHEMBL3989923,O=C([O-])C[C@H](O)C[C@H](O)/C=C/c1c(C2CC2)nc2ccccc2c1-c1ccc(F)cc1.O=C([O-])C[C@H](O)C[C@H](O)/C=C/c1c(C2CC2)nc2ccccc2c1-c1ccc(F)cc1.[Mg+2],Mg,metal_Mg,O=C([O-])C[C@H](O)C[C@H](O)/C=C/c1c(C2CC2)nc2ccccc2c1-c1ccc(F)cc1
CHEMBL3989963,CSCC[C@H](NC(=O)[C@@H]1CCCN1C(=O)[C@H](CO)NC(=O)[C@@H](C)N)C(=O)N[C@@H](CC(C)C)C(=O)N[C@H](C(=O)N[C@@H](C)C(=O)N[C@@H](Cc1ccc(O)cc1)C(=O)N[C@@H](CC(=O)O)C(=O)N[C@H](C)C(=O)[O-])C(C)C.[Na+],Na,metal_Na,CSCC[C@H](NC(=O)[C@@H]1CCCN1C(=O)[C@H](CO)NC(=O)[C@@H](C)N)C(=O)N[C@@H](CC(C)C)C(=O)N[C@H](C(=O)N[C@@H](C)C(=O)N[C@@H](Cc1ccc(O)cc1)C(=O)N[C@@H](CC(=O)O)C(=O)N[C@H](C)C(=O)[O-])C(C)C
CHEMBL3989966,CC(=O)OP(=O)([O-])N(C[C@H]1CN(c2cc(F)c(N3C=CC(=O)CC3)c(F)c2F)C(=O)O1)c1ccon1.[Na+],Na,metal_Na,CC(=O)OP(=O)([O-])N(C[C@H]1CN(c2cc(F)c(N3C=CC(=O)CC3)c(F)c2F)C(=O)O1)c1ccon1
CHEMBL3989975,CC[C@H]1C[C@@H](C(=O)NCCNC(=O)CCOCCOCCOCCOCCOCCOCCOCCOCCOCCOCCOCCOC)C[C@@H](O[C@@H]2O[C@H](CO)[C@H](O)[C@H](O[C@@H](CC3CCCCC3)C(=O)[O-])[C@H]2NC(C)=O)[C@@H]1O[C@@H]1O[C@@H](C)[C@@H](O)[C@@H](O)[C@@H]1O.[Na+],Na,metal_Na,CC[C@H]1C[C@@H](C(=O)NCCNC(=O)CCOCCOCCOCCOCCOCCOCCOCCOCCOCCOCCOCCOC)C[C@@H](O[C@@H]2O[C@H](CO)[C@H](O)[C@H](O[C@@H](CC3CCCCC3)C(=O)[O-])[C@H]2NC(C)=O)[C@@H]1O[C@@H]1O[C@@H](C)[C@@H](O)[C@@H](O)[C@@H]1O
CHEMBL3990276,O=[Mg].O=[Mg].O=[Mg].O=[Si]=O.O=[Si]=O.O=[Si]=O.O=[Si]=O,Mg,metal_Mg,O=[Si]=O
CHEMBL39993,O=C(/C=C/c1ccc(O)c2c1[C@H](C(=O)O[C@H](Cc1ccc(O)c(O)c1)C(=O)[O-])[C@@H](c1ccc(O)c(O)c1)O2)O[C@H](Cc1ccc(O)c(O)c1)C(=O)[O-].[Mg+2],Mg,metal_Mg,O=C(/C=C/c1ccc(O)c2c1[C@H](C(=O)O[C@H](Cc1ccc(O)c(O)c1)C(=O)[O-])[C@@H](c1ccc(O)c(O)c1)O2)O[C@H](Cc1ccc(O)c(O)c1)C(=O)[O-]
CHEMBL406100,CO[C@@H]1[C@@H](O)[C@H](C)[C@@](O)(CC(=O)[O-])O[C@H]1[C@H](C)[C@H]1O[C@@]2(CC[C@@](C)([C@H]3CC[C@@](C)([C@@H]4O[C@@H]([C@H]5O[C@](C)(O)[C@H](C)C[C@@H]5C)C[C@@H]4O[C@H]4CC[C@H](OC)[C@@H](C)O4)O3)O2)C[C@H](O)[C@H]1C.[Na+],Na,metal_Na,CO[C@@H]1[C@@H](O)[C@H](C)[C@@](O)(CC(=O)[O-])O[C@H]1[C@H](C)[C@H]1O[C@@]2(CC[C@@](C)([C@H]3CC[C@@](C)([C@@H]4O[C@@H]([C@H]5O[C@](C)(O)[C@H](C)C[C@@H]5C)C[C@@H]4O[C@H]4CC[C@H](OC)[C@@H](C)O4)O3)O2)C[C@H](O)[C@H]1C
CHEMBL413376,Cc1ccc(C(=O)Nc2ccc(S(=O)(=O)[O-])c3cc(S(=O)(=O)[O-])cc(S(=O)(=O)[O-])c23)cc1NC(=O)c1cccc(NC(=O)Nc2cccc(C(=O)Nc3cc(C(=O)Nc4ccc(S(=O)(=O)[O-])c5cc(S(=O)(=O)[O-])cc(S(=O)(=O)[O-])c45)ccc3C)c2)c1.[Na+].[Na+].[Na+].[Na+].[Na+].[Na+],Na,metal_Na,Cc1ccc(C(=O)Nc2ccc(S(=O)(=O)[O-])c3cc(S(=O)(=O)[O-])cc(S(=O)(=O)[O-])c23)cc1NC(=O)c1cccc(NC(=O)Nc2cccc(C(=O)Nc3cc(C(=O)Nc4ccc(S(=O)(=O)[O-])c5cc(S(=O)(=O)[O-])cc(S(=O)(=O)[O-])c45)ccc3C)c2)c1
CHEMBL414018,C=C1[C@@H](CCCCCCCCCCCC)[C@@H]1CC(=O)[O-].[Na+],Na,metal_Na,C=C1[C@@H](CCCCCCCCCCCC)[C@@H]1CC(=O)[O-]
CHEMBL4173394,CCOc1ccc(Nc2ccc(/C(=C3/C=C/C(=[N+](/CC)Cc4cccc(S(=O)(=O)[O-])c4)C=C3C)c3ccc(N(CC)Cc4cccc(S(=O)(=O)[O-])c4)cc3C)cc2)cc1.[Na+],Na,metal_Na,CCOc1ccc(Nc2ccc(/C(=C3C=C/C(=[N+](/CC)Cc4cccc(S(=O)(=O)[O-])c4)C=C/3C)c3ccc(N(CC)Cc4cccc(S(=O)(=O)[O-])c4)cc3C)cc2)cc1
CHEMBL423485,NC(=O)c1c[se]c(C2OC(CO)C(O)C2O)n1,Se,metal_Se,NC(=O)c1c[se]c(C2OC(CO)C(O)C2O)n1
CHEMBL429694,Nc1c(/N=N/c2ccc(-c3ccc(/N=N/c4cc(S(=O)(=O)[O-])c5ccccc5c4N)cc3)cc2)cc(S(=O)(=O)[O-])c2ccccc12.[Na+].[Na+],Na,metal_Na,Nc1c(/N=N/c2ccc(-c3ccc(/N=N/c4cc(S(=O)(=O)[O-])c5ccccc5c4N)cc3)cc2)cc(S(=O)(=O)[O-])c2ccccc12
CHEMBL4297101,Cc1oc(=O)oc1COC(=O)N1CC[C@@H](N2CC/C(=C\C3=C(C(=O)[O-])N4C(=O)[C@@H](NC(=O)/C(=N/O)c5nsc(N)n5)[C@H]4SC3)C2=O)C1.[Na+],Na,metal_Na,Cc1oc(=O)oc1COC(=O)N1CC[C@@H](N2CC/C(=C\C3=C(C(=O)[O-])N4C(=O)[C@@H](NC(=O)/C(=N/O)c5nsc(N)n5)[C@H]4SC3)C2=O)C1
CHEMBL4297206,N.N.[Ag+].[F-],Ag,metal_Ag,[F-]
CHEMBL4297209,COCCOCCOCCOc1cccc(C2=N[C@@](C)(C(=O)[O-])CS2)c1O.O[Mg+],Mg,metal_Mg,COCCOCCOCCOc1cccc(C2=N[C@@](C)(C(=O)[O-])CS2)c1O
CHEMBL4297259,CC1(C)CN[Se]c2ccccc21,Se,metal_Se,CC1(C)CN[Se]c2ccccc21
CHEMBL4297265,O=C([O-])C1=CS[C@@H]2/C(=C\c3cn4c(n3)COCC4)C(=O)N12.[Na+],Na,metal_Na,O=C([O-])C1=CS[C@@H]2/C(=C\c3cn4c(n3)COCC4)C(=O)N12
CHEMBL4297365,[131Cs],Cs,metal_Cs,[131Cs]
CHEMBL4297375,Cc1cnc(C[S@@+]([O-])c2nc3ccccc3[n-]2)c(C)c1OCC1COC(C)(C)OC1.[Na+],Na,metal_Na,Cc1cnc(C[S@@+]([O-])c2nc3ccccc3[n-]2)c(C)c1OCC1COC(C)(C)OC1
CHEMBL4297377,CCC(=O)[N-]S(=O)(=O)c1ccc(NC(=O)Cc2ccc(Br)c(Oc3cc(Cl)cc(C#N)c3)c2F)c(Cl)c1.[Na+],Na,metal_Na,CCC(=O)[N-]S(=O)(=O)c1ccc(NC(=O)Cc2ccc(Br)c(Oc3cc(Cl)cc(C#N)c3)c2F)c(Cl)c1
CHEMBL4297378,CC1=C[C@@H]2CN(C(=O)N2OS(=O)(=O)[O-])[C@@H]1C(N)=O.[Na+],Na,metal_Na,CC1=C[C@@H]2CN(C(=O)N2OS(=O)(=O)[O-])[C@@H]1C(N)=O
CHEMBL4297420,[223Ra],Ra,metal_Ra,[223Ra]
CHEMBL4297424,[82Rb],Rb,metal_Rb,[82Rb]
CHEMBL4297434,CC(C)(CS(=O)(=O)[O-])N(Cl)Cl.O.[Na+],Na,metal_Na,CC(C)(CS(=O)(=O)[O-])N(Cl)Cl
CHEMBL4297472,CN(C[C@H](O)[C@@H](O)[C@H](O)[C@H](O)CO)C(=S)[S-].[Na+],Na,metal_Na,CN(C[C@H](O)[C@@H](O)[C@H](O)[C@H](O)CO)C(=S)[S-]
CHEMBL4297653,[Ba],Ba,metal_Ba,[Ba]
CHEMBL4297660,Cc1ncc([N+](=O)[O-])n1CCOC(=O)CN(CC(=O)[O-])CC(=O)OCCn1c([N+](=O)[O-])cnc1C.[Na+],Na,metal_Na,Cc1ncc([N+](=O)[O-])n1CCOC(=O)CN(CC(=O)[O-])CC(=O)OCCn1c([N+](=O)[O-])cnc1C
CHEMBL4298145,CC#CC[C@H](C)[C@H](O)/C=C/[C@@H]1[C@H]2c3cccc(CCCC(=O)[O-])c3O[C@H]2C[C@H]1O.[K+],K,metal_K,CC#CC[C@H](C)[C@H](O)/C=C/[C@@H]1[C@H]2c3cccc(CCCC(=O)[O-])c3O[C@H]2C[C@H]1O
CHEMBL4298159,C[C@@H]1CN(c2nc(-n3ccc(OCCC4(C(F)(F)F)CC4)n3)ccc2C(=O)[N-]S(=O)(=O)c2ccccc2)C(C)(C)C1.[K+],K,metal_K,C[C@@H]1CN(c2nc(-n3ccc(OCCC4(C(F)(F)F)CC4)n3)ccc2C(=O)[N-]S(=O)(=O)c2ccccc2)C(C)(C)C1
CHEMBL4298163,CC1(C)C(/C=C/C2=C(Oc3ccc(S(=O)(=O)[O-])cc3)/C(=C/C=C3/N(CCCCS(=O)(=O)[O-])c4ccc(S(=O)(=O)[O-])cc4C3(C)C)CCC2)=[N+](CCCCS(=O)(=O)[O-])c2ccc(S(=O)(=O)[O-])cc21.[Na+].[Na+].[Na+].[Na+],Na,metal_Na,CC1(C)C(/C=C/C2=C(Oc3ccc(S(=O)(=O)[O-])cc3)C(=C/C=C3/N(CCCCS(=O)(=O)[O-])c4ccc(S(=O)(=O)[O-])cc4C3(C)C)/CCC2)=[N+](CCCCS(=O)(=O)[O-])c2ccc(S(=O)(=O)[O-])cc21
CHEMBL4300465,[Ra],Ra,metal_Ra,[Ra]
CHEMBL4301495,CC1(C)C(/C=C/C2=C(Oc3ccc(S(=O)(=O)[O-])cc3)/C(=C/C=C3/N(CCCCS(=O)(=O)[O-])c4ccc(S(=O)(=O)[O-])cc4C3(C)C)CCC2)=[N+](CCCCCC(=O)NCCCCCC(=O)NC23CC4(CCC=O)CC(CCC(=O)N[C@@H](CCP(=O)(O)CC(CCC(=O)[O-])C(=O)O)C(=O)O)(CC(CCC(=O)N[C@@H](CCP(=O)(O)CC(CCC(=O)O)C(=O)O)C(=O)O)(C4)C2)C3)c2ccc(S(=O)(=O)[O-])cc21.[Na+].[Na+].[Na+].[Na+],Na,metal_Na,CC1(C)C(/C=C/C2=C(Oc3ccc(S(=O)(=O)[O-])cc3)C(=C/C=C3/N(CCCCS(=O)(=O)[O-])c4ccc(S(=O)(=O)[O-])cc4C3(C)C)/CCC2)=[N+](CCCCCC(=O)NCCCCCC(=O)NC23CC4(CCC=O)CC(CCC(=O)N[C@@H](CCP(=O)(O)CC(CCC(=O)[O-])C(=O)O)C(=O)O)(CC(CCC(=O)N[C@@H](CCP(=O)(O)CC(CCC(=O)O)C(=O)O)C(=O)O)(C4)C2)C3)c2ccc(S(=O)(=O)[O-])cc21
CHEMBL4302507,[Cs],Cs,metal_Cs,[Cs]
CHEMBL4302612,CC1(C)C(/C=C/C2=C(Oc3ccc(S(=O)(=O)[O-])cc3)/C(=C/C=C3/N(CCCCS(=O)(=O)[O-])c4ccc(S(=O)(=O)[O-])cc4C3(C)C)CCC2)=[N+](CCCCCC(=O)NCCCCCC(=O)NC23CC4(CCC(=O)N[C@@H](CCP(=O)(O)CC(CCC(=O)[O-])C(=O)O)C(=O)O)CC(CCC(=O)N[C@@H](CCP(=O)(O)CC(CCC(=O)O)C(=O)O)C(=O)O)(CC(CCC(=O)N[C@@H](CCP(=O)(O)CC(CCC(=O)O)C(=O)O)C(=O)O)(C4)C2)C3)c2ccc(S(=O)(=O)[O-])cc21.[Na+].[Na+].[Na+].[Na+],Na,metal_Na,CC1(C)C(/C=C/C2=C(Oc3ccc(S(=O)(=O)[O-])cc3)C(=C/C=C3/N(CCCCS(=O)(=O)[O-])c4ccc(S(=O)(=O)[O-])cc4C3(C)C)/CCC2)=[N+](CCCCCC(=O)NCCCCCC(=O)NC23CC4(CCC(=O)N[C@@H](CCP(=O)(O)CC(CCC(=O)[O-])C(=O)O)C(=O)O)CC(CCC(=O)N[C@@H](CCP(=O)(O)CC(CCC(=O)O)C(=O)O)C(=O)O)(CC(CCC(=O)N[C@@H](CCP(=O)(O)CC(CCC(=O)O)C(=O)O)C(=O)O)(C4)C2)C3)c2ccc(S(=O)(=O)[O-])cc21
CHEMBL4302613,CC1(C)C(/C=C/C2=C(Oc3ccc(S(=O)(=O)[O-])cc3)/C(=C/C=C3/N(CCCCS(=O)(=O)[O-])c4ccc(S(=O)(=O)[O-])cc4C3(C)C)CCC2)=[N+](CCCCCC(=O)NCCCCCC(=O)NC23CC4(CCC=O)CC(CCC=O)(CC(CCC(=O)N[C@@H](CCP(=O)(O)CC(CCC(=O)[O-])C(=O)O)C(=O)O)(C4)C2)C3)c2ccc(S(=O)(=O)[O-])cc21.[Na+].[Na+].[Na+].[Na+],Na,metal_Na,CC1(C)C(/C=C/C2=C(Oc3ccc(S(=O)(=O)[O-])cc3)C(=C/C=C3/N(CCCCS(=O)(=O)[O-])c4ccc(S(=O)(=O)[O-])cc4C3(C)C)/CCC2)=[N+](CCCCCC(=O)NCCCCCC(=O)NC23CC4(CCC=O)CC(CCC=O)(CC(CCC(=O)N[C@@H](CCP(=O)(O)CC(CCC(=O)[O-])C(=O)O)C(=O)O)(C4)C2)C3)c2ccc(S(=O)(=O)[O-])cc21
CHEMBL4302729,CC1(C)C(/C=C/C2=C(Oc3ccc(S(=O)(=O)[O-])cc3)/C(=C/C=C3/N(CCCCS(=O)(=O)[O-])c4ccc(S(=O)(=O)[O-])cc4C3(C)C)CCC2)=[N+](CCCCCC(=O)N[C@@H](CCP(=O)(O)CC(CCC(=O)[O-])C(=O)O)C(=O)O)c2ccc(S(=O)(=O)[O-])cc21.[Na+].[Na+].[Na+].[Na+],Na,metal_Na,CC1(C)C(/C=C/C2=C(Oc3ccc(S(=O)(=O)[O-])cc3)C(=C/C=C3/N(CCCCS(=O)(=O)[O-])c4ccc(S(=O)(=O)[O-])cc4C3(C)C)/CCC2)=[N+](CCCCCC(=O)N[C@@H](CCP(=O)(O)CC(CCC(=O)[O-])C(=O)O)C(=O)O)c2ccc(S(=O)(=O)[O-])cc21
CHEMBL433,CCCC(CCC)C(=O)[O-].[Na+],Na,metal_Na,CCCC(CCC)C(=O)[O-]
CHEMBL435759,Nc1c(CC(=O)[O-])cccc1C(=O)c1ccccc1.[Na+],Na,metal_Na,Nc1c(CC(=O)[O-])cccc1C(=O)c1ccccc1
CHEMBL435883,CC#CCC(C)[C@H](O)/C=C/[C@@H]1[C@H]2c3cccc(CCCC(=O)[O-])c3O[C@H]2C[C@H]1O.[Na+],Na,metal_Na,CC#CCC(C)[C@H](O)/C=C/[C@@H]1[C@H]2c3cccc(CCCC(=O)[O-])c3O[C@H]2C[C@H]1O
CHEMBL436059,CC(=O)O[C@H](CCC(C)C)[C@@H](C)[C@H]1CCC2C3C[C@H](OS(=O)(=O)[O-])C4C[C@@H](OS(=O)(=O)[O-])CC[C@]4(C)C3=CC[C@@]21C.[Na+].[Na+],Na,metal_Na,CC(=O)O[C@H](CCC(C)C)[C@@H](C)[C@H]1CCC2C3C[C@H](OS(=O)(=O)[O-])C4C[C@@H](OS(=O)(=O)[O-])CC[C@]4(C)C3=CC[C@@]21C
CHEMBL447868,O=C([O-])c1ccccc1O.[Na+],Na,metal_Na,O=C([O-])c1ccccc1O
CHEMBL450079,O=P([O-])([O-])OP(=O)([O-])[O-].[Na+].[Na+].[Na+].[Na+],Na,metal_Na,O=P([O-])([O-])OP(=O)([O-])[O-]
CHEMBL4529964,O=c1c2cc(F)ccc2[se]n1-c1ccc2cccc(O)c2n1,Se,metal_Se,O=c1c2cc(F)ccc2[se]n1-c1ccc2cccc(O)c2n1
CHEMBL4530076,CCC(O)CC/C=C\CCCCCCC/C=C\CCCC(=O)NCC(=O)[O-].[Na+],Na,metal_Na,CCC(O)CC/C=C\CCCCCCC/C=C\CCCC(=O)NCC(=O)[O-]
CHEMBL4530158,COc1ncc(-c2ccc(-c3cnc4c(c3)CN(C)C4=O)s2)cc1[N-]S(=O)(=O)c1ccccc1[N+](=O)[O-].[Na+],Na,metal_Na,COc1ncc(-c2ccc(-c3cnc4c(c3)CN(C)C4=O)s2)cc1[N-]S(=O)(=O)c1ccccc1[N+](=O)[O-]
CHEMBL4530159,CC[C@@]1([C@@H]2O[C@@H]([C@H]3O[C@@](O)(COC(=O)Nc4ccc(Br)cc4)[C@H](C)C[C@@H]3C)C[C@@H]2C)CC[C@H]([C@]2(C)CC[C@]3(C[C@H](O)[C@@H](C)[C@@H]([C@@H](C)[C@@H](OC)[C@@H](C)C(=O)[O-])O3)O2)O1.[Na+],Na,metal_Na,CC[C@@]1([C@@H]2O[C@@H]([C@H]3O[C@@](O)(COC(=O)Nc4ccc(Br)cc4)[C@H](C)C[C@@H]3C)C[C@@H]2C)CC[C@H]([C@]2(C)CC[C@]3(C[C@H](O)[C@@H](C)[C@@H]([C@@H](C)[C@@H](OC)[C@@H](C)C(=O)[O-])O3)O2)O1
CHEMBL4530196,C=CCOCC(S)C[SeH],Se,metal_Se,C=CCOCC(S)C[SeH]
CHEMBL4530502,O=C1NCc2cc(-c3ccc(-c4cncc([N-]S(=O)(=O)c5ccc(F)cc5F)c4)s3)cnc21.[Na+],Na,metal_Na,O=C1NCc2cc(-c3ccc(-c4cncc([N-]S(=O)(=O)c5ccc(F)cc5F)c4)s3)cnc21
CHEMBL4530945,CNC(=O)C(=O)NCCCC/C=C\CCCCCCCCCC(=O)N(C)CC(=O)[O-].[Na+],Na,metal_Na,CNC(=O)C(=O)NCCCC/C=C\CCCCCCCCCC(=O)N(C)CC(=O)[O-]
CHEMBL4531101,N#C[Se]CCOc1ccccc1Oc1ccccc1,Se,metal_Se,N#C[Se]CCOc1ccccc1Oc1ccccc1
CHEMBL4531195,C#Cc1c(C(N)=O)ncn1[C@@H]1[Se][C@H](CO)[C@@H](O)[C@H]1O,Se,metal_Se,C#Cc1c(C(N)=O)ncn1[C@@H]1[Se][C@H](CO)[C@@H](O)[C@H]1O
CHEMBL4531219,Cc1ccc2c(c1)C(=O)CC[Se]2,Se,metal_Se,Cc1ccc2c(c1)C(=O)CC[Se]2
CHEMBL4531321,Cc1ccc([Te]c2ccc(C)cc2C(=O)O)c(C(=O)O)c1,Te,metal_Te,Cc1ccc([Te]c2ccc(C)cc2C(=O)O)c(C(=O)O)c1
CHEMBL4531533,COC(=O)c1ccccc1OS(=O)(=O)[N-]C(=O)Nc1nc(I)cc(OC)n1.[Na+],Na,metal_Na,COC(=O)c1ccccc1OS(=O)(=O)[N-]C(=O)Nc1nc(I)cc(OC)n1
CHEMBL4531726,CC(O)CCCCCCCCCCCC/C=C\CCCC(=O)[O-].[Na+],Na,metal_Na,CC(O)CCCCCCCCCCCC/C=C\CCCC(=O)[O-]
CHEMBL4531991,C[C@H](CCC(=O)[O-])[C@@]1(C)CC[C@H]2[C@@H]3[C@@H](O)C[C@@H]4C[C@H](O)CC[C@]4(C)[C@H]3CC[C@@]21C.[Na+],Na,metal_Na,C[C@H](CCC(=O)[O-])[C@@]1(C)CC[C@H]2[C@@H]3[C@@H](O)C[C@@H]4C[C@H](O)CC[C@]4(C)[C@H]3CC[C@@]21C
CHEMBL4532252,O=C(O)CCc1cn(C[C@@H]2CC[C@@H]3CN2C(=O)N3OS(=O)(=O)[O-])nn1.[Na+],Na,metal_Na,O=C(O)CCc1cn(C[C@@H]2CC[C@@H]3CN2C(=O)N3OS(=O)(=O)[O-])nn1
CHEMBL4532605,COc1ccc(-c2c(C(OC(C)(C)C)C(=O)[O-])n(C)c3ccccc23)cc1.[Na+],Na,metal_Na,COc1ccc(-c2c(C(OC(C)(C)C)C(=O)[O-])n(C)c3ccccc23)cc1
CHEMBL4532804,Clc1ccc(-c2nn[se]c2-n2nnc(-c3ccccc3Cl)n2)cc1,Se,metal_Se,Clc1ccc(-c2nn[se]c2-n2nnc(-c3ccccc3Cl)n2)cc1
CHEMBL4533219,O=S(=O)([O-])c1cc(S(=O)(=O)[O-])c2[nH]c3c(S(=O)(=O)[O-])cc(S(=O)(=O)[O-])cc3c2c1.[Na+].[Na+].[Na+].[Na+],Na,metal_Na,O=S(=O)([O-])c1cc(S(=O)(=O)[O-])c2[nH]c3c(S(=O)(=O)[O-])cc(S(=O)(=O)[O-])cc3c2c1
CHEMBL4534008,[N-]=[N+]=N[C@@H](CO)CCC/C=C\CCCCCCC/C=C\CCCC(=O)[O-].[Na+],Na,metal_Na,[N-]=[N+]=N[C@@H](CO)CCC/C=C\CCCCCCC/C=C\CCCC(=O)[O-]
CHEMBL4534145,N#C[Se]c1ccc(NC(=O)C2C3C=CC(O3)C2C(=O)O)cc1,Se,metal_Se,N#C[Se]c1ccc(NC(=O)C2C3C=CC(O3)C2C(=O)O)cc1
CHEMBL4534223,CC(=O)N[C@H]1[C@@H](OCCNS(=O)(=O)[O-])O[C@H](COS(=O)(=O)[O-])[C@@H](O[C@@H]2O[C@H](C(=O)[O-])[C@@H](O[C@H]3O[C@H](COS(=O)(=O)[O-])[C@@H](O)[C@H](O)[C@H]3NS(=O)(=O)[O-])[C@H](O)[C@H]2O)[C@@H]1O.[Na+].[Na+].[Na+].[Na+].[Na+],Na,metal_Na,CC(=O)N[C@H]1[C@@H](OCCNS(=O)(=O)[O-])O[C@H](COS(=O)(=O)[O-])[C@@H](O[C@@H]2O[C@H](C(=O)[O-])[C@@H](O[C@H]3O[C@H](COS(=O)(=O)[O-])[C@@H](O)[C@H](O)[C@H]3NS(=O)(=O)[O-])[C@H](O)[C@H]2O)[C@@H]1O
CHEMBL4534262,CCCOC(=O)c1ccccc1OS(=O)(=O)[N-]C(=O)Nc1nc(Br)cc(OC)n1.[Na+],Na,metal_Na,CCCOC(=O)c1ccccc1OS(=O)(=O)[N-]C(=O)Nc1nc(Br)cc(OC)n1
CHEMBL4534535,COc1cc(C2=NCC(=O)Nc3c2ccc(OC)c3OP(=O)([O-])[O-])cc(SC)c1OC.[Na+].[Na+],Na,metal_Na,COc1cc(C2=NCC(=O)Nc3c2ccc(OC)c3OP(=O)([O-])[O-])cc(SC)c1OC
CHEMBL4534596,C[C@@H](C(=O)O)n1[se]c2ccccc2c1=O,Se,metal_Se,C[C@@H](C(=O)O)n1[se]c2ccccc2c1=O
CHEMBL453904,O=C1OC(c2ccc(O)c(S(=O)(=O)[O-])c2)(c2ccc(O)c(S(=O)(=O)[O-])c2)c2c(Br)c(Br)c(Br)c(Br)c21.[Na+].[Na+],Na,metal_Na,O=C1OC(c2ccc(O)c(S(=O)(=O)[O-])c2)(c2ccc(O)c(S(=O)(=O)[O-])c2)c2c(Br)c(Br)c(Br)c(Br)c21
CHEMBL4562842,Nc1ccc(S(=O)(=O)[N-][N+](=O)[O-])cc1.[Ag+],Ag,metal_Ag,Nc1ccc(S(=O)(=O)[N-][N+](=O)[O-])cc1
CHEMBL4564141,O=C(O)c1ccccc1C(=O)Nc1ccc([Se][Se]c2ccc(NC(=O)c3ccccc3C(=O)O)cc2)cc1,Se,metal_Se,O=C(O)c1ccccc1C(=O)Nc1ccc([Se][Se]c2ccc(NC(=O)c3ccccc3C(=O)O)cc2)cc1
CHEMBL4564481,CCc1ccccc1NC(=O)N/N=C1\CC[Se]c2ccccc21,Se,metal_Se,CCc1ccccc1NC(=O)N/N=C1\CC[Se]c2ccccc21
CHEMBL4564516,CC[C@@H](C(=O)[C@@H](C)[C@@H](O)[C@H](C)[C@@H]1O[C@@H]([C@@H](CC)C(=O)[O-])CC[C@@H]1C)[C@H]1O[C@]2(C=C[C@@H](OC(C)=O)[C@]3(CC[C@@](C)([C@H]4CC[C@](O)(CC)[C@H](C)O4)O3)O2)[C@H](C)C[C@@H]1C.[Na+],Na,metal_Na,CC[C@@H](C(=O)[C@@H](C)[C@@H](O)[C@H](C)[C@@H]1O[C@@H]([C@@H](CC)C(=O)[O-])CC[C@@H]1C)[C@H]1O[C@]2(C=C[C@@H](OC(C)=O)[C@]3(CC[C@@](C)([C@H]4CC[C@](O)(CC)[C@H](C)O4)O3)O2)[C@H](C)C[C@@H]1C
CHEMBL4564559,Cc1ccc(OCCOc2cc(OS(=O)(=O)[O-])cc3oc(-c4ccc(OS(=O)(=O)[O-])cc4)cc(=O)c23)cc1.[Na+].[Na+],Na,metal_Na,Cc1ccc(OCCOc2cc(OS(=O)(=O)[O-])cc3oc(-c4ccc(OS(=O)(=O)[O-])cc4)cc(=O)c23)cc1
CHEMBL4564847,O=C(O)/C=C\C(=O)Nc1ccc([Se]Cc2ccc(Br)cc2)cc1,Se,metal_Se,O=C(O)/C=C\C(=O)Nc1ccc([Se]Cc2ccc(Br)cc2)cc1
CHEMBL4565026,N#C[Se]c1ccc(/N=N/c2ccc(O)cc2)cc1,Se,metal_Se,N#C[Se]c1ccc(/N=N/c2ccc(O)cc2)cc1
CHEMBL4565066,COc1ccc(Nc2nnc(CCSCCc3nnc(Nc4ccc(OC)cc4)[se]3)[se]2)cc1,Se,metal_Se,COc1ccc(Nc2nnc(CCSCCc3nnc(Nc4ccc(OC)cc4)[se]3)[se]2)cc1
CHEMBL4566408,O=C(CSC1[Se]N=NC1c1ccc(Cl)c(Cl)c1)Nc1ccccc1F,Se,metal_Se,O=C(CSC1[Se]N=NC1c1ccc(Cl)c(Cl)c1)Nc1ccccc1F
CHEMBL4566474,O=C(Cc1ccccc1)Nc1nnc(CCSCCc2nnc(NC(=O)Cc3ccccc3)[se]2)[se]1,Se,metal_Se,O=C(Cc1ccccc1)Nc1nnc(CCSCCc2nnc(NC(=O)Cc3ccccc3)[se]2)[se]1
CHEMBL4567679,Cc1cc(C)nc(NC(=O)[N-]S(=O)(=O)Oc2ccccc2C(=O)OCCCl)n1.[Na+],Na,metal_Na,Cc1cc(C)nc(NC(=O)[N-]S(=O)(=O)Oc2ccccc2C(=O)OCCCl)n1
CHEMBL4567757,CC/C(=C(/CC)c1ccc(OCCCCS(=O)(=O)[O-])cc1)c1ccc(OCCCCS(=O)(=O)[O-])cc1.[Na+].[Na+],Na,metal_Na,CC/C(=C(/CC)c1ccc(OCCCCS(=O)(=O)[O-])cc1)c1ccc(OCCCCS(=O)(=O)[O-])cc1
CHEMBL4568207,O=S(=O)([O-])CSc1nnc(Br)n1Cc1ccc(Br)c2ccccc12.[Na+],Na,metal_Na,O=S(=O)([O-])CSc1nnc(Br)n1Cc1ccc(Br)c2ccccc12
CHEMBL4568477,CCOC(=O)c1cc(Br)ccc1[Te]c1ccc(Br)cc1C(=O)OCC,Te,metal_Te,CCOC(=O)c1cc(Br)ccc1[Te]c1ccc(Br)cc1C(=O)OCC
CHEMBL4568768,CN1Cc2cc(-c3ccc(-c4cncc([N-]S(=O)(=O)c5ccc(F)cc5F)c4)s3)cnc2C1=O.[Na+],Na,metal_Na,CN1Cc2cc(-c3ccc(-c4cncc([N-]S(=O)(=O)c5ccc(F)cc5F)c4)s3)cnc2C1=O
CHEMBL4568795,CCCC[C@H](NC(=O)[C@@H](Cc1cn(C(=O)OC)c2ccccc12)NC(=O)[C@@H](CC(C)(C)C)NC(=O)N1[C@H](C)CCC[C@@H]1C)C(=O)[O-].[Na+],Na,metal_Na,CCCC[C@H](NC(=O)[C@@H](Cc1cn(C(=O)OC)c2ccccc12)NC(=O)[C@@H](CC(C)(C)C)NC(=O)N1[C@H](C)CCC[C@@H]1C)C(=O)[O-]
CHEMBL4569327,Cc1ccc(NC(=O)C[C@H](CCC(=O)[O-])c2noc(-c3csc(CC(C)C)n3)c2C2CC2)c(Cl)c1.[Na+],Na,metal_Na,Cc1ccc(NC(=O)C[C@H](CCC(=O)[O-])c2noc(-c3csc(CC(C)C)n3)c2C2CC2)c(Cl)c1
CHEMBL4569385,O=c1c(OS(=O)(=O)[O-])c(-c2ccc(OS(=O)(=O)[O-])c(OS(=O)(=O)[O-])c2)oc2cc(OS(=O)(=O)[O-])cc(OCCOc3cc(OS(=O)(=O)[O-])cc4oc(-c5ccc(OS(=O)(=O)[O-])c(OS(=O)(=O)[O-])c5)c(OS(=O)(=O)[O-])c(=O)c34)c12.[Na+].[Na+].[Na+].[Na+].[Na+].[Na+].[Na+].[Na+],Na,metal_Na,O=c1c(OS(=O)(=O)[O-])c(-c2ccc(OS(=O)(=O)[O-])c(OS(=O)(=O)[O-])c2)oc2cc(OS(=O)(=O)[O-])cc(OCCOc3cc(OS(=O)(=O)[O-])cc4oc(-c5ccc(OS(=O)(=O)[O-])c(OS(=O)(=O)[O-])c5)c(OS(=O)(=O)[O-])c(=O)c34)c12
CHEMBL4570184,COc1cc(Cl)nc(NC(=O)[N-]S(=O)(=O)Oc2ccccc2C(=O)Oc2ccccc2)n1.[Na+],Na,metal_Na,COc1cc(Cl)nc(NC(=O)[N-]S(=O)(=O)Oc2ccccc2C(=O)Oc2ccccc2)n1
CHEMBL4570291,Cc1ccc2c(c1)/C(=N/NC(=O)Nc1ccccc1Cl)CC[Se]2,Se,metal_Se,Cc1ccc2c(c1)/C(=N/NC(=O)Nc1ccccc1Cl)CC[Se]2
CHEMBL4570629,Cc1ccc(NC(=S)N/N=C2\CC[Se]c3ccc(C)cc32)cc1,Se,metal_Se,Cc1ccc(NC(=S)N/N=C2\CC[Se]c3ccc(C)cc32)cc1
CHEMBL4570765,CCCCOc1nc(N)c2nc(SCC(=O)[O-])n(Cc3ccccc3)c2n1.[Na+],Na,metal_Na,CCCCOc1nc(N)c2nc(SCC(=O)[O-])n(Cc3ccccc3)c2n1
CHEMBL4570893,O=C([O-])CCC/C=C\CCCCCCC/C=C\CCCCO.[Na+],Na,metal_Na,O=C([O-])CCC/C=C\CCCCCCC/C=C\CCCCO
CHEMBL4571441,COc1cc(C)nc(NC(=O)[N-]S(=O)(=O)Oc2ccccc2C(=O)OCC(F)(F)F)n1.[Na+],Na,metal_Na,COc1cc(C)nc(NC(=O)[N-]S(=O)(=O)Oc2ccccc2C(=O)OCC(F)(F)F)n1
CHEMBL4571802,Clc1c2n[se]sc-2c(Cl)c1Cl,Se,metal_Se,Clc1c2n[se]sc-2c(Cl)c1Cl
CHEMBL4571982,CCOC(=[Se])Nc1ccc2c(C)cc(=O)oc2c1,Se,metal_Se,CCOC(=[Se])Nc1ccc2c(C)cc(=O)oc2c1
CHEMBL4572630,O=c1[nH]cnc2c1ncn2CCCS(=O)(=O)CP(=O)([O-])[O-].[Na+].[Na+],Na,metal_Na,O=c1[nH]cnc2c1ncn2CCCS(=O)(=O)CP(=O)([O-])[O-]
CHEMBL4573010,O=C([O-])[C@H]1O[C@@H](O[C@H]2[C@H](O)[C@@H](NS(=O)(=O)[O-])[C@@H](OCCNS(=O)(=O)[O-])O[C@@H]2COS(=O)(=O)[O-])[C@H](OS(=O)(=O)[O-])[C@@H](O)[C@@H]1O[C@H]1O[C@H](COS(=O)(=O)[O-])[C@@H](O)[C@H](O)[C@H]1NS(=O)(=O)[O-].[Na+].[Na+].[Na+].[Na+].[Na+].[Na+].[Na+],Na,metal_Na,O=C([O-])[C@H]1O[C@@H](O[C@H]2[C@H](O)[C@@H](NS(=O)(=O)[O-])[C@@H](OCCNS(=O)(=O)[O-])O[C@@H]2COS(=O)(=O)[O-])[C@H](OS(=O)(=O)[O-])[C@@H](O)[C@@H]1O[C@H]1O[C@H](COS(=O)(=O)[O-])[C@@H](O)[C@H](O)[C@H]1NS(=O)(=O)[O-]
CHEMBL4573615,CCCOC(=O)c1ccccc1OS(=O)(=O)[N-]C(=O)Nc1nc(OC)cc(OC)n1.[Na+],Na,metal_Na,CCCOC(=O)c1ccccc1OS(=O)(=O)[N-]C(=O)Nc1nc(OC)cc(OC)n1
CHEMBL4573696,CC(C)CCC[C@@H](C)[C@H]1CC[C@H]2[C@@H]3C(=O)C=C4C[C@@H](OS(=O)(=O)[O-])CC[C@]4(C)[C@H]3CC[C@]12C.[Na+],Na,metal_Na,CC(C)CCC[C@@H](C)[C@H]1CC[C@H]2[C@@H]3C(=O)C=C4C[C@@H](OS(=O)(=O)[O-])CC[C@]4(C)[C@H]3CC[C@]12C
CHEMBL4573722,O=c1c2ccc(Cl)cc2[se]n1-c1ccc2cccc(O)c2n1,Se,metal_Se,O=c1c2ccc(Cl)cc2[se]n1-c1ccc2cccc(O)c2n1
CHEMBL4573753,COc1ccc(-c2c(C(OC(C)(C)C)C(=O)[O-])n(Cc3ccccc3)c3ccccc23)cc1.[Na+],Na,metal_Na,COc1ccc(-c2c(C(OC(C)(C)C)C(=O)[O-])n(Cc3ccccc3)c3ccccc23)cc1
CHEMBL4573802,COc1cc(I)nc(NC(=O)[N-]S(=O)(=O)Oc2ccccc2[N+](=O)[O-])n1.[Na+],Na,metal_Na,COc1cc(I)nc(NC(=O)[N-]S(=O)(=O)Oc2ccccc2[N+](=O)[O-])n1
CHEMBL4574297,C[C@@H](O)CCC/C=C\CCCCCCC/C=C\CCCC(=O)N[C@@H](CC(=O)[O-])C(=O)[O-].[Na+].[Na+],Na,metal_Na,C[C@@H](O)CCC/C=C\CCCCCCC/C=C\CCCC(=O)N[C@@H](CC(=O)[O-])C(=O)[O-]
CHEMBL4574815,Cc1ccc(NC(=O)C[C@H](CCC(=O)[O-])c2noc(-c3cc(CC(C)(C)C)on3)c2C2CC2)c(Cl)c1.[Na+],Na,metal_Na,Cc1ccc(NC(=O)C[C@H](CCC(=O)[O-])c2noc(-c3cc(CC(C)(C)C)on3)c2C2CC2)c(Cl)c1
CHEMBL4580887,Nc1nnc(S(=O)(=O)[N-][N+](=O)[O-])s1.[Ag+],Ag,metal_Ag,Nc1nnc(S(=O)(=O)[N-][N+](=O)[O-])s1
CHEMBL4580959,CN1CCN(c2nc(N)nc(C[Se]c3ccccc3)n2)CC1,Se,metal_Se,CN1CCN(c2nc(N)nc(C[Se]c3ccccc3)n2)CC1
CHEMBL4581078,C[C@H](O)CCC/C=C\CCCCCCC/C=C\CCCC(=O)[O-].[Na+],Na,metal_Na,C[C@H](O)CCC/C=C\CCCCCCC/C=C\CCCC(=O)[O-]
CHEMBL4581524,Nc1ncnc2c1ncn2[C@@H]1O[C@@H]2CO[P@@](=O)([S-])O[C@@H]3[C@H](O)[C@@H](CO[P@@](=O)([S-])O[C@H]2[C@H]1F)O[C@H]3n1cnc2c(N)ncnc21.[Na+].[Na+],Na,metal_Na,Nc1ncnc2c1ncn2[C@@H]1O[C@@H]2CO[P@@](=O)([S-])O[C@@H]3[C@H](O)[C@@H](CO[P@@](=O)([S-])O[C@H]2[C@H]1F)O[C@H]3n1cnc2c(N)ncnc21
CHEMBL4581769,Cc1ccc(NC(=O)C[C@H](CCC(=O)[O-])c2noc(-c3nnc(CC(C)C)s3)c2C2CC2)c(Cl)c1.[Na+],Na,metal_Na,Cc1ccc(NC(=O)C[C@H](CCC(=O)[O-])c2noc(-c3nnc(CC(C)C)s3)c2C2CC2)c(Cl)c1
CHEMBL4581838,Cc1ccc(C)c(NC(=S)N/N=C2\CC[Se]c3ccc(C)cc32)c1,Se,metal_Se,Cc1ccc(C)c(NC(=S)N/N=C2\CC[Se]c3ccc(C)cc32)c1
CHEMBL4581861,CCOc1ccc(NC(=O)N/N=C2\CC[Se]c3ccc(F)cc32)cc1,Se,metal_Se,CCOc1ccc(NC(=O)N/N=C2\CC[Se]c3ccc(F)cc32)cc1
CHEMBL4582229,CC[Te]CC(O)COc1ccc(S(N)(=O)=O)cc1,Te,metal_Te,CC[Te]CC(O)COc1ccc(S(N)(=O)=O)cc1
CHEMBL4582249,Nc1nnc(CCSCCc2nnc(NC(=O)Cc3ccccc3)[se]2)[se]1,Se,metal_Se,Nc1nnc(CCSCCc2nnc(NC(=O)Cc3ccccc3)[se]2)[se]1
CHEMBL4583523,O=c1c2cccc(F)c2[se]n1-c1ccc2cccc(O)c2n1,Se,metal_Se,O=c1c2cccc(F)c2[se]n1-c1ccc2cccc(O)c2n1
CHEMBL4583602,CCOC(=O)CCOP(=O)([O-])N[C@@H](Cc1ccc(O)c(O)c1)C(=O)[O-].[K+].[K+],K,metal_K,CCOC(=O)CCOP(=O)([O-])N[C@@H](Cc1ccc(O)c(O)c1)C(=O)[O-]
CHEMBL4584965,Cl[TeH]1(Cl)(Cl)OCCO1.N,Te,metal_Te,Cl[TeH]1(Cl)(Cl)OCCO1
CHEMBL4585095,[Na+].[O-]c1ccccc1-c1ncn(-c2cc(N3CCOCC3)nc(N3CCOCC3)n2)n1,Na,metal_Na,[O-]c1ccccc1-c1ncn(-c2cc(N3CCOCC3)nc(N3CCOCC3)n2)n1
CHEMBL4585465,COc1ncc(-c2ccc(-c3cnc4c(c3)CN(C)C4=O)s2)cc1[N-]S(=O)(=O)c1ccc(F)cc1F.[Na+],Na,metal_Na,COc1ncc(-c2ccc(-c3cnc4c(c3)CN(C)C4=O)s2)cc1[N-]S(=O)(=O)c1ccc(F)cc1F
CHEMBL4594215,CC(C)CCCCC(=O)N[C@@H](CCNCS(=O)(=O)[O-])C(=O)N[C@H](C(=O)N[C@@H](CCNCS(=O)(=O)[O-])C(=O)N[C@H]1CCNC(=O)[C@H]([C@@H](C)O)NC(=O)[C@H](CCNCS(=O)(=O)[O-])NC(=O)[C@H](CCNCS(=O)(=O)[O-])NC(=O)[C@H](CC(C)C)NC(=O)[C@@H](Cc2ccccc2)NC(=O)[C@H](CCNCS(=O)(=O)[O-])NC1=O)[C@H](C)O.CCCCCCCC(=O)N[C@@H](CCNCS(=O)(=O)[O-])C(=O)N[C@H](C(=O)N[C@@H](CCNCS(=O)(=O)[O-])C(=O)N[C@H]1CCNC(=O)[C@H]([C@@H](C)O)NC(=O)[C@H](CCNCS(=O)(=O)[O-])NC(=O)[C@H](CCNCS(=O)(=O)[O-])NC(=O)[C@H](CC(C)C)NC(=O)[C@@H](Cc2ccccc2)NC(=O)[C@H](CCNCS(=O)(=O)[O-])NC1=O)[C@H](C)O.CC[C@H](C)CCCCC(=O)N[C@@H](CCNCS(=O)(=O)[O-])C(=O)N[C@H](C(=O)N[C@@H](CCNCS(=O)(=O)[O-])C(=O)N[C@H]1CCNC(=O)[C@H]([C@@H](C)O)NC(=O)[C@H](CCNCS(=O)(=O)[O-])NC(=O)[C@H](CCNCS(=O)(=O)[O-])NC(=O)[C@H](CC(C)C)NC(=O)[C@@H](Cc2ccccc2)NC(=O)[C@H](CCNCS(=O)(=O)[O-])NC1=O)[C@H](C)O.[Na+].[Na+].[Na+].[Na+].[Na+].[Na+].[Na+].[Na+].[Na+].[Na+].[Na+].[Na+].[Na+].[Na+].[Na+],Na,metal_Na,CC[C@H](C)CCCCC(=O)N[C@@H](CCNCS(=O)(=O)[O-])C(=O)N[C@H](C(=O)N[C@@H](CCNCS(=O)(=O)[O-])C(=O)N[C@H]1CCNC(=O)[C@H]([C@@H](C)O)NC(=O)[C@H](CCNCS(=O)(=O)[O-])NC(=O)[C@H](CCNCS(=O)(=O)[O-])NC(=O)[C@H](CC(C)C)NC(=O)[C@@H](Cc2ccccc2)NC(=O)[C@H](CCNCS(=O)(=O)[O-])NC1=O)[C@H](C)O
CHEMBL4594383,CC1(C)C(/C=C/C2=C(Oc3ccc(C[C@H](NC(=O)c4ccc(NCc5cnc6nc(N)[nH]c(=O)c6n5)cc4)C(=O)[O-])cc3)/C(=C/C=C3\N(CCCCS(=O)(=O)[O-])c4ccc(S(=O)(=O)[O-])cc4C3(C)C)CCC2)=[N+](CCCCS(=O)(=O)[O-])c2ccc(S(=O)(=O)[O-])cc21.[Na+].[Na+].[Na+].[Na+],Na,metal_Na,CC1(C)C(/C=C/C2=C(Oc3ccc(C[C@H](NC(=O)c4ccc(NCc5cnc6nc(N)[nH]c(=O)c6n5)cc4)C(=O)[O-])cc3)C(=C/C=C3\N(CCCCS(=O)(=O)[O-])c4ccc(S(=O)(=O)[O-])cc4C3(C)C)/CCC2)=[N+](CCCCS(=O)(=O)[O-])c2ccc(S(=O)(=O)[O-])cc21
CHEMBL4594393,O=C([O-])CCCO.O=C([O-])CCCO.[Ca+2],Ca,metal_Ca,O=C([O-])CCCO
CHEMBL4594394,O=C([O-])CCCO.O=C([O-])CCCO.[Mg+2],Mg,metal_Mg,O=C([O-])CCCO
CHEMBL4594395,O=C([O-])CCCO.[K+],K,metal_K,O=C([O-])CCCO
CHEMBL4597200,Cl[TeH]1(Cl)(Cl)OCCO1,Te,metal_Te,Cl[TeH]1(Cl)(Cl)OCCO1
CHEMBL461028,Oc1ccc(-c2ccc(-c3ccc(O)cc3)[se]2)cc1,Se,metal_Se,Oc1ccc(-c2ccc(-c3ccc(O)cc3)[se]2)cc1
CHEMBL4634752,O=c1[nH]cnc2c1ncn2CC[C@@H](O)CP(=O)([O-])[O-].[Na+].[Na+],Na,metal_Na,O=c1[nH]cnc2c1ncn2CC[C@@H](O)CP(=O)([O-])[O-]
CHEMBL4634755,CCCCCCC[Te]c1ccccc1,Te,metal_Te,CCCCCCC[Te]c1ccccc1
CHEMBL4634988,CCOC(=O)c1cc([Te]c2ccccc2)c2cc(OC)ccc2n1,Te,metal_Te,CCOC(=O)c1cc([Te]c2ccccc2)c2cc(OC)ccc2n1
CHEMBL4635037,Nc1ncnc2c1ncn2CC[C@H](O)CP(=O)([O-])[O-].[Na+].[Na+],Na,metal_Na,Nc1ncnc2c1ncn2CC[C@H](O)CP(=O)([O-])[O-]
CHEMBL4635133,O=C([O-])CCCc1nc(-c2ccc(Cl)cc2)no1.[Na+],Na,metal_Na,O=C([O-])CCCc1nc(-c2ccc(Cl)cc2)no1
CHEMBL4635190,Nc1nc(N)c2ncn(C[C@H](O)CP(=O)([O-])[O-])c2n1.[Na+].[Na+],Na,metal_Na,Nc1nc(N)c2ncn(C[C@H](O)CP(=O)([O-])[O-])c2n1
CHEMBL4635192,Nc1nc(O)c2ncn(CC/C=C\P(=O)([O-])[O-])c2n1.[Na+].[Na+],Na,metal_Na,Nc1nc(O)c2ncn(CC/C=C\P(=O)([O-])[O-])c2n1
CHEMBL4635297,O=C([O-])CCCc1nc(-c2ccccc2)no1.[Na+],Na,metal_Na,O=C([O-])CCCc1nc(-c2ccccc2)no1
CHEMBL4635467,O=C([O-])[C@@H]1[C@H](O)[C@H](O)[C@@H](O)c2nnnn21.[Na+],Na,metal_Na,O=C([O-])[C@@H]1[C@H](O)[C@H](O)[C@@H](O)c2nnnn21
CHEMBL4635712,CC(=O)OCC1=C(C(=O)[O-])N2C(=O)[C@@H](NC(=O)CCC3C(=O)N(c4ccc(C)c(C)c4)C3c3ccccc3)[C@H]2SC1.[Na+],Na,metal_Na,CC(=O)OCC1=C(C(=O)[O-])N2C(=O)[C@@H](NC(=O)CCC3C(=O)N(c4ccc(C)c(C)c4)C3c3ccccc3)[C@H]2SC1
CHEMBL4635812,CCOC(=O)c1cc([Se]c2ccccc2)c2ccccc2n1,Se,metal_Se,CCOC(=O)c1cc([Se]c2ccccc2)c2ccccc2n1
CHEMBL4635829,Nc1nc(N)c2ncn(C[C@@H](O)CP(=O)([O-])[O-])c2n1.[Na+].[Na+],Na,metal_Na,Nc1nc(N)c2ncn(C[C@@H](O)CP(=O)([O-])[O-])c2n1
CHEMBL4635836,CC(=O)OCC1=C(C(=O)[O-])N2C(=O)[C@@H](NC(=O)CC3C(=O)N(c4ccc(C)c(C)c4)C3c3ccccc3)[C@H]2SC1.[Na+],Na,metal_Na,CC(=O)OCC1=C(C(=O)[O-])N2C(=O)[C@@H](NC(=O)CC3C(=O)N(c4ccc(C)c(C)c4)C3c3ccccc3)[C@H]2SC1
CHEMBL4636067,Nc1nc(O)c2ncn(CC[C@@H](N)CP(=O)([O-])[O-])c2n1.[Na+].[Na+],Na,metal_Na,Nc1nc(O)c2ncn(CC[C@@H](N)CP(=O)([O-])[O-])c2n1
CHEMBL4636073,C=C1CC(C[Se]c2ccccc2)(c2ccccc2)OC1=O,Se,metal_Se,C=C1CC(C[Se]c2ccccc2)(c2ccccc2)OC1=O
CHEMBL4636156,Nc1nc(N)c2ncn(CC[C@H](O)CP(=O)([O-])[O-])c2n1.[Na+].[Na+],Na,metal_Na,Nc1nc(N)c2ncn(CC[C@H](O)CP(=O)([O-])[O-])c2n1
CHEMBL4636173,O=C([O-])[C@H]1[C@@H](O)[C@H](O)[C@@H](O)c2nnnn21.[Na+],Na,metal_Na,O=C([O-])[C@H]1[C@@H](O)[C@H](O)[C@@H](O)c2nnnn21
CHEMBL4636265,CC1(C)S[C@@H]2[C@H](NC(=O)Cc3ccccc3)C(=O)N2C1C(=O)[O-].[Na+],Na,metal_Na,CC1(C)S[C@@H]2[C@H](NC(=O)Cc3ccccc3)C(=O)N2C1C(=O)[O-]
CHEMBL4636477,Cc1cn([C@H]2C[C@H](n3cc(C[Se]c4ccc(NC(=S)Nc5ccc(S(N)(=O)=O)cc5)cc4)nn3)[C@@H](CO)O2)c(=O)[nH]c1=O,Se,metal_Se,Cc1cn([C@H]2C[C@H](n3cc(C[Se]c4ccc(NC(=S)Nc5ccc(S(N)(=O)=O)cc5)cc4)nn3)[C@@H](CO)O2)c(=O)[nH]c1=O
CHEMBL4636701,COc1ccc2nc(-c3c(C)cccc3C)cc([Se]c3ccccc3)c2c1,Se,metal_Se,COc1ccc2nc(-c3c(C)cccc3C)cc([Se]c3ccccc3)c2c1
CHEMBL4636883,COc1ccc(-c2nc(NC(=O)c3cnc(N(C)CC(=O)[O-])cn3)sc2CN2CCCC(C)(C)C2)cc1C(F)(F)F.[K+],K,metal_K,COc1ccc(-c2nc(NC(=O)c3cnc(N(C)CC(=O)[O-])cn3)sc2CN2CCCC(C)(C)C2)cc1C(F)(F)F
CHEMBL4636938,O=C([O-])CCCc1nc(-c2ccc(C(F)(F)F)cc2)no1.[Na+],Na,metal_Na,O=C([O-])CCCc1nc(-c2ccc(C(F)(F)F)cc2)no1
CHEMBL4637604,O=C1N[C@@H](C(=O)[O-])[C@@H](O)[C@H](O)[C@H]1O.[Na+],Na,metal_Na,O=C1N[C@@H](C(=O)[O-])[C@@H](O)[C@H](O)[C@H]1O
CHEMBL4638059,COc1ccc2nc(-c3cccs3)cc([Se]c3ccccc3)c2c1,Se,metal_Se,COc1ccc2nc(-c3cccs3)cc([Se]c3ccccc3)c2c1
CHEMBL4638422,COc1ccc([Se]CCCCOC(=O)CCCC[C@@H]2SC[C@@H]3NC(=O)N[C@@H]32)cc1,Se,metal_Se,COc1ccc([Se]CCCCOC(=O)CCCC[C@@H]2SC[C@@H]3NC(=O)N[C@@H]32)cc1
CHEMBL4638426,O=C1N[C@H]2[C@H](CS[C@H]2CCCCC(=O)OCCCC[Te]c2ccccc2)N1,Te,metal_Te,O=C1N[C@H]2[C@H](CS[C@H]2CCCCC(=O)OCCCC[Te]c2ccccc2)N1
CHEMBL4638645,CNC(=O)[C@H]1[Se][C@@H](n2cnc3c(NCc4cccc5ccccc45)ncnc32)[C@H](O)[C@@H]1O,Se,metal_Se,CNC(=O)[C@H]1[Se][C@@H](n2cnc3c(NCc4cccc5ccccc45)ncnc32)[C@H](O)[C@@H]1O
CHEMBL4639027,O=C1N[C@H]2[C@H](CS[C@H]2CCCCC(=O)OCCCC[Se]c2ccccc2)N1,Se,metal_Se,O=C1N[C@H]2[C@H](CS[C@H]2CCCCC(=O)OCCCC[Se]c2ccccc2)N1
CHEMBL4650229,Cc1cnc(C(=O)c2ncnc3[nH]ccc23)c([N-]S(=O)(=O)c2ccc(Cl)c(C(F)(F)F)c2)c1.[Na+],Na,metal_Na,Cc1cnc(C(=O)c2ncnc3[nH]ccc23)c([N-]S(=O)(=O)c2ccc(Cl)c(C(F)(F)F)c2)c1
CHEMBL4650302,O=C([O-])CC(O)(CC(=O)O)C(=O)O.O=C([O-])CC(O)(CC(=O)O)C(=O)O.O=C([O-])CC(O)(CC(=O)[O-])C(=O)O.[K+].[K+].[Mg+2],K,metal_K,O=C([O-])CC(O)(CC(=O)O)C(=O)O
CHEMBL4650347,COCCCOc1cccc(C[S+]([O-])c2nc3cc4c(cc3[n-]2)OCC4)c1C.[Na+],Na,metal_Na,COCCCOc1cccc(C[S+]([O-])c2nc3cc4c(cc3[n-]2)OCC4)c1C
CHEMBL4650355,O=C([O-])CN(CCN(CC(=O)[O-])Cc1cc(CCC(=O)NCCCCCC(=O)NCCCC[C@H](NC(=O)N[C@@H](CCC(=O)O)C(=O)O)C(=O)O)ccc1O)Cc1cc(CCC(=O)O)ccc1O.[18F-].[Al+3],Al,metal_Al,O=C([O-])CN(CCN(CC(=O)[O-])Cc1cc(CCC(=O)NCCCCCC(=O)NCCCC[C@H](NC(=O)N[C@@H](CCC(=O)O)C(=O)O)C(=O)O)ccc1O)Cc1cc(CCC(=O)O)ccc1O
CHEMBL475954,C[C@H](CCC(=O)[O-])[C@H]1CC[C@@H]2[C@]1(C)[C@@H](O)C[C@@H]1[C@@]3(C)CC[C@@H](O)C[C@H]3C[C@@H](O)[C@@]21C.[Na+],Na,metal_Na,C[C@H](CCC(=O)[O-])[C@H]1CC[C@@H]2[C@]1(C)[C@@H](O)C[C@@H]1[C@@]3(C)CC[C@@H](O)C[C@H]3C[C@@H](O)[C@@]21C
CHEMBL4802246,C[C@H](CCCC(C)(C)O)[C@H]1CC[C@H]2[C@@H]3CC=C4C[C@@H](OS(=O)(=O)[O-])CC[C@]4(C)[C@H]3CC[C@]12C.[Na+],Na,metal_Na,C[C@H](CCCC(C)(C)O)[C@H]1CC[C@H]2[C@@H]3CC=C4C[C@@H](OS(=O)(=O)[O-])CC[C@]4(C)[C@H]3CC[C@]12C
CHEMBL4802249,CC(C)(C#Cc1ccc(-c2ccc(Cl)c3c([N-]S(C)(=O)=O)nn(CC(F)(F)F)c23)c([C@H](Cc2cc(F)cc(F)c2)NC(=O)Cn2nc(C(F)(F)F)c3c2C(F)(F)[C@@H]2C[C@H]32)n1)S(C)(=O)=O.[Na+],Na,metal_Na,CC(C)(C#Cc1ccc(-c2ccc(Cl)c3c([N-]S(C)(=O)=O)nn(CC(F)(F)F)c23)c([C@H](Cc2cc(F)cc(F)c2)NC(=O)Cn2nc(C(F)(F)F)c3c2C(F)(F)[C@@H]2C[C@H]32)n1)S(C)(=O)=O
CHEMBL495027,CC(=O)OCC1=C(C(=O)[O-])N2C(=O)[C@@H](NO)[C@H]2SC1.[Na+],Na,metal_Na,CC(=O)OCC1=C(C(=O)[O-])N2C(=O)[C@@H](NO)[C@H]2SC1
CHEMBL495105,COCCOCCOCCOc1cccc(C2=N[C@@](C)(C(=O)[O-])CS2)c1O.[Na+],Na,metal_Na,COCCOCCOCCOc1cccc(C2=N[C@@](C)(C(=O)[O-])CS2)c1O
CHEMBL495796,Cc1cc(C)c(Nc2cc(S(=O)(=O)[O-])c(N)c3c2C(=O)c2ccccc2C3=O)c(C)c1N.[Na+],Na,metal_Na,Cc1cc(C)c(Nc2cc(S(=O)(=O)[O-])c(N)c3c2C(=O)c2ccccc2C3=O)c(C)c1N
CHEMBL496022,Nc1c(S(=O)(=O)[O-])cc(Nc2ccc(S(=O)(=O)[O-])cc2)c2c1C(=O)c1ccccc1C2=O.[Na+].[Na+],Na,metal_Na,Nc1c(S(=O)(=O)[O-])cc(Nc2ccc(S(=O)(=O)[O-])cc2)c2c1C(=O)c1ccccc1C2=O
CHEMBL496100,CC(C)c1nc(N(C)c2ccon2)nc(-c2ccc(F)cc2)c1/C=C/[C@@H](O)C[C@@H](O)CC(=O)[O-].[Na+],Na,metal_Na,CC(C)c1nc(N(C)c2ccon2)nc(-c2ccc(F)cc2)c1/C=C/[C@@H](O)C[C@@H](O)CC(=O)[O-]
CHEMBL496401,Nc1c(S(=O)(=O)[O-])cc(Nc2ccc(Nc3nc(Cl)nc(Cl)n3)cc2)c2c1C(=O)c1ccccc1C2=O.[Na+],Na,metal_Na,Nc1c(S(=O)(=O)[O-])cc(Nc2ccc(Nc3nc(Cl)nc(Cl)n3)cc2)c2c1C(=O)c1ccccc1C2=O
CHEMBL496405,O=P([O-])([O-])OP(=O)([O-])SCCCCCl.[Na+].[Na+].[Na+],Na,metal_Na,O=P([O-])([O-])OP(=O)([O-])SCCCCCl
CHEMBL496406,O=P([O-])([O-])OP(=O)([O-])SCCOCCCl.[Na+].[Na+].[Na+],Na,metal_Na,O=P([O-])([O-])OP(=O)([O-])SCCOCCCl
CHEMBL498161,CC(C)c1nc(N(c2ccon2)S(C)(=O)=O)nc(-c2ccc(F)cc2)c1/C=C/[C@@H](O)C[C@@H](O)CC(=O)[O-].[Na+],Na,metal_Na,CC(C)c1nc(N(c2ccon2)S(C)(=O)=O)nc(-c2ccc(F)cc2)c1/C=C/[C@@H](O)C[C@@H](O)CC(=O)[O-]
CHEMBL498223,Nc1c(S(=O)(=O)[O-])cc(NCc2ccccc2)c2c1C(=O)c1ccccc1C2=O.[Na+],Na,metal_Na,Nc1c(S(=O)(=O)[O-])cc(NCc2ccccc2)c2c1C(=O)c1ccccc1C2=O
CHEMBL498224,Nc1c(S(=O)(=O)[O-])cc(NCCc2ccccc2)c2c1C(=O)c1ccccc1C2=O.[Na+],Na,metal_Na,Nc1c(S(=O)(=O)[O-])cc(NCCc2ccccc2)c2c1C(=O)c1ccccc1C2=O
CHEMBL498225,COc1ccc(CCNc2cc(S(=O)(=O)[O-])c(N)c3c2C(=O)c2ccccc2C3=O)cc1OC.[Na+],Na,metal_Na,COc1ccc(CCNc2cc(S(=O)(=O)[O-])c(N)c3c2C(=O)c2ccccc2C3=O)cc1OC
CHEMBL498229,Nc1ccc(Nc2cc(S(=O)(=O)[O-])c(N)c3c2C(=O)c2ccccc2C3=O)c(S(=O)(=O)[O-])c1.[Na+].[Na+],Na,metal_Na,Nc1ccc(Nc2cc(S(=O)(=O)[O-])c(N)c3c2C(=O)c2ccccc2C3=O)c(S(=O)(=O)[O-])c1
CHEMBL498360,CC(C)c1nc(Nc2ccnn2C)nc(-c2ccc(F)cc2)c1/C=C/[C@@H](O)C[C@@H](O)CC(=O)[O-].[Na+],Na,metal_Na,CC(C)c1nc(Nc2ccnn2C)nc(-c2ccc(F)cc2)c1/C=C/[C@@H](O)C[C@@H](O)CC(=O)[O-]
CHEMBL498423,Nc1c(S(=O)(=O)[O-])cc(Nc2cccc3ccccc23)c2c1C(=O)c1ccccc1C2=O.[Na+],Na,metal_Na,Nc1c(S(=O)(=O)[O-])cc(Nc2cccc3ccccc23)c2c1C(=O)c1ccccc1C2=O
CHEMBL498453,O=C1N[C@@H]2C(=C[C@H](O)[C@H]3OP(=O)([O-])O[C@H]32)c2cc3c(cc21)OCO3.[Na+],Na,metal_Na,O=C1N[C@@H]2C(=C[C@H](O)[C@H]3OP(=O)([O-])O[C@H]32)c2cc3c(cc21)OCO3
CHEMBL498628,O=P([O-])([O-])CS(=O)(=O)NCCCc1cccc(Oc2ccccc2)c1.[K+].[K+],K,metal_K,O=P([O-])([O-])CS(=O)(=O)NCCCc1cccc(Oc2ccccc2)c1
CHEMBL499023,CC1(C)CC(C)(C)CC(CS(=O)(=O)[O-])(N(Cl)Cl)C1.[Na+],Na,metal_Na,CC1(C)CC(C)(C)CC(CS(=O)(=O)[O-])(N(Cl)Cl)C1
CHEMBL499194,COC(=O)[C@]1(C)[C@@H](OS(=O)(=O)[O-])CC[C@]23C[C@]24CC[C@]2(C)[C@@H]([C@H](C)CC(=O)C=C(C)C)CC[C@@]2(C)[C@@H]4CC[C@@H]13.[Na+],Na,metal_Na,COC(=O)[C@]1(C)[C@@H](OS(=O)(=O)[O-])CC[C@]23C[C@]24CC[C@]2(C)[C@@H]([C@H](C)CC(=O)C=C(C)C)CC[C@@]2(C)[C@@H]4CC[C@@H]13
CHEMBL499197,CC(=O)[C@H]1CC[C@H]2[C@@H]3C[C@H](O[C@H]4O[C@@H](C)[C@H](OS(=O)(=O)[O-])[C@@H](O)[C@@H]4O)[C@H]4C[C@@H](OS(=O)(=O)[O-])CC[C@]4(C)C3=CC[C@]12C.[Na+].[Na+],Na,metal_Na,CC(=O)[C@H]1CC[C@H]2[C@@H]3C[C@H](O[C@H]4O[C@@H](C)[C@H](OS(=O)(=O)[O-])[C@@H](O)[C@@H]4O)[C@H]4C[C@@H](OS(=O)(=O)[O-])CC[C@]4(C)C3=CC[C@]12C
CHEMBL499215,CC(C)CC(=O)C[C@](C)(O)[C@H]1CC[C@H]2[C@@H]3C[C@H](O[C@@H]4O[C@H](C)[C@@H](O)[C@H](O[C@@H]5OC[C@@H](O[C@@H]6O[C@H](CO)[C@H](O)[C@H](O)[C@H]6O[C@@H]6O[C@H](C)[C@H](O)[C@H](O[C@@H]7O[C@@H](CO)[C@H](O)[C@H]7O)[C@H]6O)[C@H](O)[C@H]5O[C@@H]5O[C@H](C)[C@@H](O)[C@H](O)[C@H]5O)[C@H]4O)[C@H]4C[C@@H](OS(=O)(=O)[O-])CC[C@]4(C)C3=CC[C@@]21C.[Na+],Na,metal_Na,CC(C)CC(=O)C[C@](C)(O)[C@H]1CC[C@H]2[C@@H]3C[C@H](O[C@@H]4O[C@H](C)[C@@H](O)[C@H](O[C@@H]5OC[C@@H](O[C@@H]6O[C@H](CO)[C@H](O)[C@H](O)[C@H]6O[C@@H]6O[C@H](C)[C@H](O)[C@H](O[C@@H]7O[C@@H](CO)[C@H](O)[C@H]7O)[C@H]6O)[C@H](O)[C@H]5O[C@@H]5O[C@H](C)[C@@H](O)[C@H](O)[C@H]5O)[C@H]4O)[C@H]4C[C@@H](OS(=O)(=O)[O-])CC[C@]4(C)C3=CC[C@@]21C
CHEMBL499239,CC(=O)O[C@@H]1CC[C@@]2(C)[C@@H](CC[C@]3(C)/C(=C(\C)C(=O)/C=C/C(C)=C/C=C/C(C)(C)O)C(=O)C[C@@H]23)[C@@]1(C)C(=O)[O-].[Na+],Na,metal_Na,CC(=O)O[C@@H]1CC[C@@]2(C)[C@@H](CC[C@]3(C)/C(=C(\C)C(=O)/C=C/C(C)=C/C=C/C(C)(C)O)C(=O)C[C@@H]23)[C@@]1(C)C(=O)[O-]
CHEMBL499577,CC(C)=CCC/C(C)=C/CC/C(C)=C/CC/C(C)=C/CC/C(C)=C/CC/C(C)=C/CC/C(C)=C/CC/C(C)=C/Cc1cccc(OS(=O)(=O)[O-])c1.[Na+],Na,metal_Na,CC(C)=CCC/C(C)=C/CC/C(C)=C/CC/C(C)=C/CC/C(C)=C/CC/C(C)=C/CC/C(C)=C/CC/C(C)=C/Cc1cccc(OS(=O)(=O)[O-])c1
CHEMBL499580,Nc1c(S(=O)(=O)[O-])cc(Nc2cc(Nc3nc(Cl)nc(Cl)n3)cc(C(=O)O)c2)c2c1C(=O)c1ccccc1C2=O.[Na+],Na,metal_Na,Nc1c(S(=O)(=O)[O-])cc(Nc2cc(Nc3nc(Cl)nc(Cl)n3)cc(C(=O)O)c2)c2c1C(=O)c1ccccc1C2=O
CHEMBL499672,CO[C@H]1[C@H](O[C@H]2[C@H](OC[C@@H](/C=C/[C@@H](C)[C@H]3C[C@@H](O)[C@@H]4[C@]3(C)CC[C@@H]3[C@@]5(C)CC[C@H](O)[C@H](O)[C@@H]5[C@@H](OS(=O)(=O)[O-])C[C@]34O)C(C)C)O[C@@H](CO)[C@@H]2O)OC[C@@H](OC)[C@@H]1O.[Na+],Na,metal_Na,CO[C@H]1[C@H](O[C@H]2[C@H](OC[C@@H](/C=C/[C@@H](C)[C@H]3C[C@@H](O)[C@@H]4[C@]3(C)CC[C@@H]3[C@@]5(C)CC[C@H](O)[C@H](O)[C@@H]5[C@@H](OS(=O)(=O)[O-])C[C@]34O)C(C)C)O[C@@H](CO)[C@@H]2O)OC[C@@H](OC)[C@@H]1O
CHEMBL499815,C=C1[C@@H]2CCC3[C@@](CC[C@@H]4[C@H](C(=O)O)C[C@@H](O[C@@H]5O[C@H](CO)[C@@H](OS(=O)(=O)[O-])[C@H](OS(=O)(=O)[O-])[C@H]5OC(=O)CC(C)C)C[C@@]34C)(C2)[C@@H]1O.[K+].[K+],K,metal_K,C=C1[C@@H]2CCC3[C@@](CC[C@@H]4[C@H](C(=O)O)C[C@@H](O[C@@H]5O[C@H](CO)[C@@H](OS(=O)(=O)[O-])[C@H](OS(=O)(=O)[O-])[C@H]5OC(=O)CC(C)C)C[C@@]34C)(C2)[C@@H]1O
CHEMBL499922,O=P([O-])([O-])C(CCCc1cccc(Oc2ccc(F)c(F)c2)c1)S(=O)(=O)[O-].[K+].[K+].[K+],K,metal_K,O=P([O-])([O-])C(CCCc1cccc(Oc2ccc(F)c(F)c2)c1)S(=O)(=O)[O-]
CHEMBL500004,COCCNP(=O)(OC[C@H]1O[C@@H](n2ccc(N)nc2=O)[C@H](O)[C@@H]1O)O[C@H]1[C@@H](OC)[C@H](n2cnc3c(=O)[nH]c(N)nc32)O[C@@H]1COP(=O)([O-])[O-].[Na+].[Na+],Na,metal_Na,COCCNP(=O)(OC[C@H]1O[C@@H](n2ccc(N)nc2=O)[C@H](O)[C@@H]1O)O[C@H]1[C@@H](OC)[C@H](n2cnc3c(=O)[nH]c(N)nc32)O[C@@H]1COP(=O)([O-])[O-]
CHEMBL500050,CC(CCC[C@@H](C)[C@H]1CC[C@H]2[C@@H]3CC[C@H]4C[C@H](OS(=O)(=O)[O-])[C@@H](OS(=O)(=O)[O-])C[C@]4(C)[C@H]3CC[C@]12C)COS(=O)(=O)[O-].[Na+].[Na+].[Na+],Na,metal_Na,CC(CCC[C@@H](C)[C@H]1CC[C@H]2[C@@H]3CC[C@H]4C[C@H](OS(=O)(=O)[O-])[C@@H](OS(=O)(=O)[O-])C[C@]4(C)[C@H]3CC[C@]12C)COS(=O)(=O)[O-]
CHEMBL500067,O=C(CP(=O)([O-])Oc1ccccc1)c1c(F)c(F)c(F)c(F)c1F.[Na+],Na,metal_Na,O=C(CP(=O)([O-])Oc1ccccc1)c1c(F)c(F)c(F)c(F)c1F
CHEMBL500191,CC(C)=CC(=O)C[C@@H](C)[C@H]1CC[C@@]2(C)[C@@H]3CC[C@H]4[C@](C)(CO)[C@@H](OS(=O)(=O)[O-])CC[C@@]45C[C@@]35CC[C@]12C.[Na+],Na,metal_Na,CC(C)=CC(=O)C[C@@H](C)[C@H]1CC[C@@]2(C)[C@@H]3CC[C@H]4[C@](C)(CO)[C@@H](OS(=O)(=O)[O-])CC[C@@]45C[C@@]35CC[C@]12C
CHEMBL500247,NC(=O)CCC(CC(=O)C(=O)[O-])C(=O)[O-].[Li+].[Li+],Li,metal_Li,NC(=O)CCC(CC(=O)C(=O)[O-])C(=O)[O-]
CHEMBL500300,CC(=O)N[C@H]1[C@H]([C@@H](O)[C@H](O)CO)O[C@@](O[C@H]2[C@@H](O)[C@@H](CO)O[C@@H](O[C@@H]3CCO[C@H](COCc4ccc(-c5ccccc5)cc4)[C@@H]3O)[C@@H]2O)(C(=O)[O-])C[C@@H]1O.[Na+],Na,metal_Na,CC(=O)N[C@H]1[C@H]([C@@H](O)[C@H](O)CO)O[C@@](O[C@H]2[C@@H](O)[C@@H](CO)O[C@@H](O[C@@H]3CCO[C@H](COCc4ccc(-c5ccccc5)cc4)[C@@H]3O)[C@@H]2O)(C(=O)[O-])C[C@@H]1O
CHEMBL500695,CCCCCCCC/C=C\CCCCCCCC(=O)OC[C@H](CO[C@H]1O[C@H](CS(=O)(=O)[O-])[C@@H](O)[C@H](O)[C@H]1O)OC(=O)CCCCCCCCCCCCCCC.[Na+],Na,metal_Na,CCCCCCCC/C=C\CCCCCCCC(=O)OC[C@H](CO[C@H]1O[C@H](CS(=O)(=O)[O-])[C@@H](O)[C@H](O)[C@H]1O)OC(=O)CCCCCCCCCCCCCCC
CHEMBL500725,CC(C)=CC(=O)C[C@@](C)(O)[C@H]1CC[C@H]2[C@@H]3C[C@H](OC4O[C@H](CO)[C@@H](O)[C@H](OC5O[C@H](C)[C@@H](OC6O[C@H](C)[C@@H](O)[C@H](O)[C@H]6OC6O[C@H](C)[C@H](O)[C@H](O)[C@H]6O)[C@H](O)[C@H]5OC5O[C@H](C)[C@@H](O)[C@H](O)[C@H]5O)[C@H]4O)[C@H]4C[C@@H](OS(=O)(=O)[O-])CC[C@]4(C)C3=CC[C@@]21C.[Na+],Na,metal_Na,CC(C)=CC(=O)C[C@@](C)(O)[C@H]1CC[C@H]2[C@@H]3C[C@H](OC4O[C@H](CO)[C@@H](O)[C@H](OC5O[C@H](C)[C@@H](OC6O[C@H](C)[C@@H](O)[C@H](O)[C@H]6OC6O[C@H](C)[C@H](O)[C@H](O)[C@H]6O)[C@H](O)[C@H]5OC5O[C@H](C)[C@@H](O)[C@H](O)[C@H]5O)[C@H]4O)[C@H]4C[C@@H](OS(=O)(=O)[O-])CC[C@]4(C)C3=CC[C@@]21C
CHEMBL500748,CC[C@@H](C)[C@@H]1NC(=O)[C@@H]2CCCN2C(=O)[C@@H](NC(=O)[C@@H]2CCCN2C(=O)[C@@H](COC)NS(=O)(=O)[O-])COC(=O)/C(C)=C\C(C)=C\c2csc(n2)[C@H](Cc2ccc(O)cc2)NC(=O)C1=O.[Na+],Na,metal_Na,CC[C@@H](C)[C@@H]1NC(=O)[C@@H]2CCCN2C(=O)[C@@H](NC(=O)[C@@H]2CCCN2C(=O)[C@@H](COC)NS(=O)(=O)[O-])COC(=O)/C(C)=C\C(C)=C\c2csc(n2)[C@H](Cc2ccc(O)cc2)NC(=O)C1=O
CHEMBL500826,CCC(=O)[O-].[Na+],Na,metal_Na,CCC(=O)[O-]
CHEMBL501676,Clc1ccc(-c2cn[se]c2-c2ccc(Cl)cc2)cc1,Se,metal_Se,Clc1ccc(-c2cn[se]c2-c2ccc(Cl)cc2)cc1
CHEMBL501993,O=S(=O)([O-])c1ccc2cc(/N=N/c3cc(S(=O)(=O)[O-])c4cccnc4c3O)ccc2c1.[Na+].[Na+],Na,metal_Na,O=S(=O)([O-])c1ccc2cc(/N=N/c3cc(S(=O)(=O)[O-])c4cccnc4c3O)ccc2c1
CHEMBL502032,CC(C)/C=C/[C@@H](COS(=O)(=O)[O-])[C@H]1CC[C@H]2[C@@H]3CC[C@@H]4[C@H](O)[C@H](OS(=O)(=O)[O-])CC[C@]4(C)[C@H]3[C@@H](O)C[C@]12C.[Na+].[Na+],Na,metal_Na,CC(C)/C=C/[C@@H](COS(=O)(=O)[O-])[C@H]1CC[C@H]2[C@@H]3CC[C@@H]4[C@H](O)[C@H](OS(=O)(=O)[O-])CC[C@]4(C)[C@H]3[C@@H](O)C[C@]12C
CHEMBL502097,COCCO[C@@H]1[C@H](SP(=O)([O-])OC[C@H]2O[C@@H](n3cc(C)c(=O)[nH]c3=O)[C@H](OCCOC)[C@@H]2SP(=O)([O-])OC[C@H]2O[C@@H](n3cc(C)c(N)nc3=O)[C@H](OCCOC)[C@@H]2SP(=O)([O-])OC[C@H]2O[C@@H](n3cnc4c(N)ncnc43)C[C@@H]2SP(=O)([O-])OC[C@H]2O[C@@H](n3cnc4c(=O)[nH]c(N)nc43)C[C@@H]2SP(=O)([O-])OC[C@H]2O[C@@H](n3cc(C)c(=O)[nH]c3=O)C[C@@H]2SP(=O)([O-])OC[C@H]2O[C@@H](n3cc(C)c(N)nc3=O)C[C@@H]2SP(=O)([O-])OC[C@H]2O[C@@H](n3cc(C)c(=O)[nH]c3=O)C[C@@H]2SP(=O)([O-])OC[C@H]2O[C@@H](n3cnc4c(=O)[nH]c(N)nc43)C[C@@H]2SP(=O)([O-])OC[C@H]2O[C@@H](n3cc(C)c(N)nc3=O)C[C@@H]2SP(=O)([O-])OC[C@H]2O[C@@H](n3cc(C)c(=O)[nH]c3=O)C[C@@H]2SP(=O)([O-])OC[C@H]2O[C@@H](n3cc(C)c(=O)[nH]c3=O)C[C@@H]2SP(=O)([O-])OC[C@H]2O[C@@H](n3cc(C)c(N)nc3=O)C[C@@H]2SP(=O)([O-])OC[C@H]2O[C@@H](n3cnc4c(=O)[nH]c(N)nc43)[C@H](OCCOC)[C@@H]2SP(=O)([O-])OC[C@@H]2O[C@H](n3cc(C)c(N)nc3=O)[C@@H](OCCOC)[C@H]2SP(=O)([O-])OC[C@@H]2O[C@H](n3cnc4c(N)ncnc43)[C@@H](OCCOC)[C@H]2SP(=O)([O-])OC[C@@H]2O[C@H](n3cc(C)c(N)nc3=O)[C@@H](OCCOC)[C@H]2SP(=O)([O-])OC[C@@H]2O[C@H](n3cc(C)c(N)nc3=O)[C@@H](OCCOC)[C@H]2O)[C@@H](COP(=O)([O-])S[C@H]2[C@@H](OCCOC)[C@H](n3cc(C)c(N)nc3=O)O[C@@H]2COP(=O)([O-])S[C@H]2[C@@H](OCCOC)[C@H](n3cnc4c(=O)[nH]c(N)nc43)O[C@@H]2CO)O[C@H]1n1cc(C)c(N)nc1=O.[Na+].[Na+].[Na+].[Na+].[Na+].[Na+].[Na+].[Na+].[Na+].[Na+].[Na+].[Na+].[Na+].[Na+].[Na+].[Na+].[Na+].[Na+].[Na+],Na,metal_Na,COCCO[C@@H]1[C@H](SP(=O)([O-])OC[C@H]2O[C@@H](n3cc(C)c(=O)[nH]c3=O)[C@H](OCCOC)[C@@H]2SP(=O)([O-])OC[C@H]2O[C@@H](n3cc(C)c(N)nc3=O)[C@H](OCCOC)[C@@H]2SP(=O)([O-])OC[C@H]2O[C@@H](n3cnc4c(N)ncnc43)C[C@@H]2SP(=O)([O-])OC[C@H]2O[C@@H](n3cnc4c(=O)[nH]c(N)nc43)C[C@@H]2SP(=O)([O-])OC[C@H]2O[C@@H](n3cc(C)c(=O)[nH]c3=O)C[C@@H]2SP(=O)([O-])OC[C@H]2O[C@@H](n3cc(C)c(N)nc3=O)C[C@@H]2SP(=O)([O-])OC[C@H]2O[C@@H](n3cc(C)c(=O)[nH]c3=O)C[C@@H]2SP(=O)([O-])OC[C@H]2O[C@@H](n3cnc4c(=O)[nH]c(N)nc43)C[C@@H]2SP(=O)([O-])OC[C@H]2O[C@@H](n3cc(C)c(N)nc3=O)C[C@@H]2SP(=O)([O-])OC[C@H]2O[C@@H](n3cc(C)c(=O)[nH]c3=O)C[C@@H]2SP(=O)([O-])OC[C@H]2O[C@@H](n3cc(C)c(=O)[nH]c3=O)C[C@@H]2SP(=O)([O-])OC[C@H]2O[C@@H](n3cc(C)c(N)nc3=O)C[C@@H]2SP(=O)([O-])OC[C@H]2O[C@@H](n3cnc4c(=O)[nH]c(N)nc43)[C@H](OCCOC)[C@@H]2SP(=O)([O-])OC[C@@H]2O[C@H](n3cc(C)c(N)nc3=O)[C@@H](OCCOC)[C@H]2SP(=O)([O-])OC[C@@H]2O[C@H](n3cnc4c(N)ncnc43)[C@@H](OCCOC)[C@H]2SP(=O)([O-])OC[C@@H]2O[C@H](n3cc(C)c(N)nc3=O)[C@@H](OCCOC)[C@H]2SP(=O)([O-])OC[C@@H]2O[C@H](n3cc(C)c(N)nc3=O)[C@@H](OCCOC)[C@H]2O)[C@@H](COP(=O)([O-])S[C@H]2[C@@H](OCCOC)[C@H](n3cc(C)c(N)nc3=O)O[C@@H]2COP(=O)([O-])S[C@H]2[C@@H](OCCOC)[C@H](n3cnc4c(=O)[nH]c(N)nc43)O[C@@H]2CO)O[C@H]1n1cc(C)c(N)nc1=O
CHEMBL502182,COc1cccc(-c2c(C)n(Cc3c(F)cccc3C(F)(F)F)c(=O)n(C[C@H](NCCCC(=O)[O-])c3ccccc3)c2=O)c1F.[Na+],Na,metal_Na,COc1cccc(-c2c(C)n(Cc3c(F)cccc3C(F)(F)F)c(=O)n(C[C@H](NCCCC(=O)[O-])c3ccccc3)c2=O)c1F
CHEMBL502519,Nc1c(C(=O)O)cc(Nc2ccc(Nc3ccccc3)c(S(=O)(=O)[O-])c2)c2c1C(=O)c1ccccc1C2=O.[Na+],Na,metal_Na,Nc1c(C(=O)O)cc(Nc2ccc(Nc3ccccc3)c(S(=O)(=O)[O-])c2)c2c1C(=O)c1ccccc1C2=O
CHEMBL502786,CCCNC(=O)CCC(CC(=O)C(=O)[O-])C(=O)[O-].[Li+].[Li+],Li,metal_Li,CCCNC(=O)CCC(CC(=O)C(=O)[O-])C(=O)[O-]
CHEMBL503043,CC(=O)[C@H]1CC[C@H]2[C@@H]3C[C@H](OC4O[C@H](C)[C@@H](O)[C@H](OC5OC[C@@H](OC6O[C@H](CO)[C@H](O)[C@H](O)[C@H]6OC6O[C@H](C)[C@H](O)[C@H](O)[C@H]6O)[C@H](O)[C@H]5OC5O[C@H](C)[C@@H](O)[C@H](O)[C@H]5O)[C@H]4O)[C@H]4C[C@@H](OS(=O)(=O)[O-])CC[C@]4(C)C3=CC[C@]12C.[Na+],Na,metal_Na,CC(=O)[C@H]1CC[C@H]2[C@@H]3C[C@H](OC4O[C@H](C)[C@@H](O)[C@H](OC5OC[C@@H](OC6O[C@H](CO)[C@H](O)[C@H](O)[C@H]6OC6O[C@H](C)[C@H](O)[C@H](O)[C@H]6O)[C@H](O)[C@H]5OC5O[C@H](C)[C@@H](O)[C@H](O)[C@H]5O)[C@H]4O)[C@H]4C[C@@H](OS(=O)(=O)[O-])CC[C@]4(C)C3=CC[C@]12C
CHEMBL503311,CC(O[C@@H](C[C@H](Cc1ccccc1)NC(=O)[C@@H](NC(=O)N(C)Cc1csc(C(C)C)n1)C(C)C)[C@H](Cc1ccccc1)NC(=O)OCc1cncs1)OP(=O)([O-])[O-].[Na+].[Na+],Na,metal_Na,CC(O[C@@H](C[C@H](Cc1ccccc1)NC(=O)[C@@H](NC(=O)N(C)Cc1csc(C(C)C)n1)C(C)C)[C@H](Cc1ccccc1)NC(=O)OCc1cncs1)OP(=O)([O-])[O-]
CHEMBL503338,CO[C@H]1[C@H](O[C@H]2[C@H](OC[C@@H](C)[C@H](C)/C=C/[C@@H](C)[C@H]3C[C@@H](O)[C@@H]4[C@]3(C)CC[C@@H]3[C@@]5(C)CC[C@H](O)[C@H](O)[C@@H]5[C@@H](O)C[C@]34O)OC[C@@H](O)[C@@H]2OS(=O)(=O)[O-])OC[C@@H](O)[C@@H]1O.[Na+],Na,metal_Na,CO[C@H]1[C@H](O[C@H]2[C@H](OC[C@@H](C)[C@H](C)/C=C/[C@@H](C)[C@H]3C[C@@H](O)[C@@H]4[C@]3(C)CC[C@@H]3[C@@]5(C)CC[C@H](O)[C@H](O)[C@@H]5[C@@H](O)C[C@]34O)OC[C@@H](O)[C@@H]2OS(=O)(=O)[O-])OC[C@@H](O)[C@@H]1O
CHEMBL503384,C=C(CC[C@@H](COS(=O)(=O)[O-])[C@H]1CC[C@H]2[C@@H]3CC[C@@H]4[C@H](O)[C@H](OS(=O)(=O)[O-])CC[C@]4(C)[C@H]3[C@@H](O)C[C@]12C)C(C)C.[Na+].[Na+],Na,metal_Na,C=C(CC[C@@H](COS(=O)(=O)[O-])[C@H]1CC[C@H]2[C@@H]3CC[C@@H]4[C@H](O)[C@H](OS(=O)(=O)[O-])CC[C@]4(C)[C@H]3[C@@H](O)C[C@]12C)C(C)C
CHEMBL503723,CC(C)CCC[C@@H](COS(=O)(=O)[O-])[C@H]1CC[C@H]2[C@@H]3CC=C4C[C@H](OS(=O)(=O)[O-])CC[C@]4(C)[C@H]3CC[C@]12C.[Na+].[Na+],Na,metal_Na,CC(C)CCC[C@@H](COS(=O)(=O)[O-])[C@H]1CC[C@H]2[C@@H]3CC=C4C[C@H](OS(=O)(=O)[O-])CC[C@]4(C)[C@H]3CC[C@]12C
CHEMBL503757,CC(=O)O[C@@H]1C[C@]2(C)[C@H]3CC[C@]4(C)[C@@H]([C@H](C)[C@@H]5O[C@H]5[C@@H](C)C(C)C)CC[C@H]4C3=CC[C@H]2[C@H](OS(=O)(=O)[O-])[C@H]1O.[Na+],Na,metal_Na,CC(=O)O[C@@H]1C[C@]2(C)[C@H]3CC[C@]4(C)[C@@H]([C@H](C)[C@@H]5O[C@H]5[C@@H](C)C(C)C)CC[C@H]4C3=CC[C@H]2[C@H](OS(=O)(=O)[O-])[C@H]1O
CHEMBL503996,CC(C)[C@H](/C=C/[C@@H](C)[C@H]1C[C@@H](O)[C@@H]2[C@]1(C)CC[C@@H]1[C@@]3(C)CC[C@H](OS(=O)(=O)[O-])C[C@@H]3[C@@H](O)C[C@]12O)O[C@@H]1OC[C@@H](O)[C@H](O)[C@H]1O.[Na+],Na,metal_Na,CC(C)[C@H](/C=C/[C@@H](C)[C@H]1C[C@@H](O)[C@@H]2[C@]1(C)CC[C@@H]1[C@@]3(C)CC[C@H](OS(=O)(=O)[O-])C[C@@H]3[C@@H](O)C[C@]12O)O[C@@H]1OC[C@@H](O)[C@H](O)[C@H]1O
CHEMBL504134,O=S(=O)([O-])O/C=C/c1ccc(OC2Oc3cc(/C=C/OS(=O)(=O)[O-])ccc3OC2c2ccc(O)c(O)c2)c(O)c1.[Na+].[Na+],Na,metal_Na,O=S(=O)([O-])O/C=C/c1ccc(OC2Oc3cc(/C=C/OS(=O)(=O)[O-])ccc3OC2c2ccc(O)c(O)c2)c(O)c1
CHEMBL504408,O=C(Nc1ccc2c(O)cc(S(=O)(=O)Nc3cccc(S(=O)(=O)[O-])c3)cc2c1)Nc1ccc2c(O)cc(S(=O)(=O)Nc3cccc(S(=O)(=O)[O-])c3)cc2c1.[Na+].[Na+],Na,metal_Na,O=C(Nc1ccc2c(O)cc(S(=O)(=O)Nc3cccc(S(=O)(=O)[O-])c3)cc2c1)Nc1ccc2c(O)cc(S(=O)(=O)Nc3cccc(S(=O)(=O)[O-])c3)cc2c1
CHEMBL504447,CC(C)C[C@@H]1O[C@H]1[C@@](C)(O)[C@H]1CC[C@H]2[C@@H]3C[C@H](O[C@@H]4O[C@H](C)[C@@H](O)[C@H](O[C@@H]5OC[C@@H](O[C@@H]6O[C@H](CO)[C@H](O)[C@H](O)[C@H]6O[C@@H]6O[C@H](C)[C@@H](O)[C@H](O)[C@H]6O)[C@H](O)[C@H]5O[C@H]5O[C@@H](C)[C@H](O)[C@@H](O)[C@@H]5O)[C@H]4O)[C@H]4C[C@@H](OS(=O)(=O)[O-])CC[C@]4(C)C3=CC[C@]12C.[Na+],Na,metal_Na,CC(C)C[C@@H]1O[C@H]1[C@@](C)(O)[C@H]1CC[C@H]2[C@@H]3C[C@H](O[C@@H]4O[C@H](C)[C@@H](O)[C@H](O[C@@H]5OC[C@@H](O[C@@H]6O[C@H](CO)[C@H](O)[C@H](O)[C@H]6O[C@@H]6O[C@H](C)[C@@H](O)[C@H](O)[C@H]6O)[C@H](O)[C@H]5O[C@H]5O[C@@H](C)[C@H](O)[C@@H](O)[C@@H]5O)[C@H]4O)[C@H]4C[C@@H](OS(=O)(=O)[O-])CC[C@]4(C)C3=CC[C@]12C
CHEMBL504513,NS(=O)(=O)c1ccc(N[C@H](c2ccccc2)[C@@H](O)C(=O)N[O-])cc1.[K+],K,metal_K,NS(=O)(=O)c1ccc(N[C@H](c2ccccc2)[C@@H](O)C(=O)N[O-])cc1
CHEMBL504683,CC(C)CC(=O)C[C@@](C)(O)[C@H]1CC[C@H]2[C@@H]3C[C@H](OC4O[C@H](C)[C@@H](O)[C@H](OC5OC[C@@H](OC6O[C@H](CO)[C@H](O)[C@H](O)[C@H]6OC6O[C@H](C)[C@H](O)[C@H](O)[C@H]6O)[C@H](O)[C@H]5OC5O[C@H](C)[C@@H](O)[C@H](O)[C@H]5O)[C@H]4O)[C@H]4C[C@@H](OS(=O)(=O)[O-])CC[C@]4(C)C3=CC[C@@]21C.[Na+],Na,metal_Na,CC(C)CC(=O)C[C@@](C)(O)[C@H]1CC[C@H]2[C@@H]3C[C@H](OC4O[C@H](C)[C@@H](O)[C@H](OC5OC[C@@H](OC6O[C@H](CO)[C@H](O)[C@H](O)[C@H]6OC6O[C@H](C)[C@H](O)[C@H](O)[C@H]6O)[C@H](O)[C@H]5OC5O[C@H](C)[C@@H](O)[C@H](O)[C@H]5O)[C@H]4O)[C@H]4C[C@@H](OS(=O)(=O)[O-])CC[C@]4(C)C3=CC[C@@]21C
CHEMBL504875,CC1(C)[C@@H](OC(=O)CCC(=O)[O-])CC[C@]2(C)C3=C(CC[C@@H]12)[C@@]1(C)CC[C@@]2(C)CC[C@@](C)(CO)C[C@H]2[C@]1(C)CC3.[K+],K,metal_K,CC1(C)[C@@H](OC(=O)CCC(=O)[O-])CC[C@]2(C)C3=C(CC[C@@H]12)[C@@]1(C)CC[C@@]2(C)CC[C@@](C)(CO)C[C@H]2[C@]1(C)CC3
CHEMBL505001,C[C@@H](S[C@H]1CO[C@H](/C=C/C=C/c2ccc(C#N)cc2F)OC1)[C@@](Cn1cncn1)(OP(=O)([O-])O)c1ccc(F)cc1F.[Na+],Na,metal_Na,C[C@@H](S[C@H]1CO[C@H](/C=C/C=C/c2ccc(C#N)cc2F)OC1)[C@@](Cn1cncn1)(OP(=O)([O-])O)c1ccc(F)cc1F
CHEMBL505093,CC(C)=CCC/C(C)=C/CC/C(C)=C/CC/C(C)=C/CC/C(C)=C/CCC1(C)C=Cc2cc(OS(=O)(=O)[O-])ccc2O1.[Na+],Na,metal_Na,CC(C)=CCC/C(C)=C/CC/C(C)=C/CC/C(C)=C/CC/C(C)=C/CCC1(C)C=Cc2cc(OS(=O)(=O)[O-])ccc2O1
CHEMBL505552,N#Cc1c(-c2ccccc2)c(-c2ccccc2)n[nH]c1=[Se],Se,metal_Se,N#Cc1c(-c2ccccc2)c(-c2ccccc2)n[nH]c1=[Se]
CHEMBL506007,CO[C@H]1[C@H](O[C@H]2[C@H](O[C@@H](CC[C@@H](C)[C@H]3C[C@@H](O)[C@@H]4[C@]3(C)CC[C@@H]3[C@@]5(C)CC[C@H](O)[C@H](O)[C@@H]5[C@@H](O)[C@@H](O)[C@]34O)C(C)C)O[C@@H]([C@@H](C)OS(=O)(=O)[O-])[C@@H]2O)O[C@H](C)[C@@H](OC)[C@@H]1O.[Na+],Na,metal_Na,CO[C@H]1[C@H](O[C@H]2[C@H](O[C@@H](CC[C@@H](C)[C@H]3C[C@@H](O)[C@@H]4[C@]3(C)CC[C@@H]3[C@@]5(C)CC[C@H](O)[C@H](O)[C@@H]5[C@@H](O)[C@@H](O)[C@]34O)C(C)C)O[C@@H]([C@@H](C)OS(=O)(=O)[O-])[C@@H]2O)O[C@H](C)[C@@H](OC)[C@@H]1O
CHEMBL506275,CC(=O)N[C@H]1[C@H](OCC[Si](C)(C)C)O[C@H](CO[C@@H](Cc2ccccc2)C(=O)[O-])[C@H](O)[C@@H]1O[C@@H]1O[C@H](CO)[C@H](O)[C@H](O[C@]2(C(=O)[O-])C[C@H](O)[C@@H](NC(C)=O)[C@H]([C@@H](O)[C@H](O)CO)O2)[C@H]1O.[Na+].[Na+],Na,metal_Na,CC(=O)N[C@H]1[C@H](OCC[Si](C)(C)C)O[C@H](CO[C@@H](Cc2ccccc2)C(=O)[O-])[C@H](O)[C@@H]1O[C@@H]1O[C@H](CO)[C@H](O)[C@H](O[C@]2(C(=O)[O-])C[C@H](O)[C@@H](NC(C)=O)[C@H]([C@@H](O)[C@H](O)CO)O2)[C@H]1O
CHEMBL506283,CC(=O)O[C@H]1C(=O)[C@@]2(C)[C@H]([C@H](OC(=O)c3ccccc3)[C@]3(O)C[C@H](OC(=O)[C@H](OC(=O)CCC(=O)NCCCS(=O)(=O)[O-])[C@@H](NC(=O)c4ccccc4)c4ccccc4)C(C)=C1C3(C)C)[C@]1(OC(C)=O)CO[C@@H]1C[C@@H]2O.[Na+],Na,metal_Na,CC(=O)O[C@H]1C(=O)[C@@]2(C)[C@H]([C@H](OC(=O)c3ccccc3)[C@]3(O)C[C@H](OC(=O)[C@H](OC(=O)CCC(=O)NCCCS(=O)(=O)[O-])[C@@H](NC(=O)c4ccccc4)c4ccccc4)C(C)=C1C3(C)C)[C@]1(OC(C)=O)CO[C@@H]1C[C@@H]2O
CHEMBL506716,CCCCC/C=C\C/C=C\CCCCCCCC(=O)OC[C@H](CO[C@H]1O[C@H](CS(=O)(=O)[O-])[C@@H](O)[C@H](OC(=O)CCCCCCCCCCCCCCC)[C@H]1OC(=O)CCCCCCCCCCCCCCC)OC(=O)CCCCCCCCCCCCCCC.[Na+],Na,metal_Na,CCCCC/C=C\C/C=C\CCCCCCCC(=O)OC[C@H](CO[C@H]1O[C@H](CS(=O)(=O)[O-])[C@@H](O)[C@H](OC(=O)CCCCCCCCCCCCCCC)[C@H]1OC(=O)CCCCCCCCCCCCCCC)OC(=O)CCCCCCCCCCCCCCC
CHEMBL507018,C[C@H](O)C(=O)[O-].[Na+],Na,metal_Na,C[C@H](O)C(=O)[O-]
CHEMBL507089,COc1ccc(O)c(C2=N[C@@](C)(C(=O)[O-])CS2)c1.[Na+],Na,metal_Na,COc1ccc(O)c(C2=N[C@@](C)(C(=O)[O-])CS2)c1
CHEMBL507104,CO[C@@H]1[C@@H](O)[C@H](O[C@@H]2[C@@H](O)[C@H](O[C@H]3[C@H](O)[C@@H](O)[C@H](O[C@H]4[C@H](O[C@H]5CC[C@]6(C)[C@@H]7CC[C@]89C(=O)O[C@@](C)(/C=C\C=C(C)C)[C@@]8(O)[C@@H](OC(C)=O)C[C@@]9(C)C7=CC[C@H]6C5(C)C)OC[C@@H](OS(=O)(=O)[O-])[C@@H]4O)O[C@@H]3C)OC[C@H]2O)O[C@H](CO)[C@H]1O.[Na+],Na,metal_Na,CO[C@@H]1[C@@H](O)[C@H](O[C@@H]2[C@@H](O)[C@H](O[C@H]3[C@H](O)[C@@H](O)[C@H](O[C@H]4[C@H](O[C@H]5CC[C@]6(C)[C@@H]7CC[C@]89C(=O)O[C@@](C)(/C=C\C=C(C)C)[C@@]8(O)[C@@H](OC(C)=O)C[C@@]9(C)C7=CC[C@H]6C5(C)C)OC[C@@H](OS(=O)(=O)[O-])[C@@H]4O)O[C@@H]3C)OC[C@H]2O)O[C@H](CO)[C@H]1O
CHEMBL507408,CO[C@@H]1[C@H](OP(=O)(NCCCCCC(=O)[O-])OC[C@H]2O[C@@H](n3ccc(N)nc3=O)[C@H](O)[C@@H]2O)[C@@H](COP(=O)([O-])[S-])O[C@H]1n1cnc2c(=O)[nH]c(N)nc21.[Na+].[Na+].[Na+],Na,metal_Na,CO[C@@H]1[C@H](OP(=O)(NCCCCCC(=O)[O-])OC[C@H]2O[C@@H](n3ccc(N)nc3=O)[C@H](O)[C@@H]2O)[C@@H](COP(=O)([O-])[S-])O[C@H]1n1cnc2c(=O)[nH]c(N)nc21
CHEMBL507461,O=S(=O)([O-])O/C=C\c1ccc(O)c(O)c1.[Na+],Na,metal_Na,O=S(=O)([O-])O/C=C\c1ccc(O)c(O)c1
CHEMBL507775,NC(=O)C1=C(N)C2=C(c3ccccc3)C(c3ccccc3)=NNC2[Se]1,Se,metal_Se,NC(=O)C1=C(N)C2=C(c3ccccc3)C(c3ccccc3)=NNC2[Se]1
CHEMBL507943,O=S(=O)([O-])CCOCCN(Cl)Cl.[Na+],Na,metal_Na,O=S(=O)([O-])CCOCCN(Cl)Cl
CHEMBL507966,COC(=O)n1ccn(C)c1=[Se],Se,metal_Se,COC(=O)n1ccn(C)c1=[Se]
CHEMBL508214,CC(C)C[C@H](O)C[C@@H](C)[C@H]1CC[C@@]2(C)[C@@H]3CC[C@H]4[C@](C)(CO)[C@@H](OS(=O)(=O)[O-])CC[C@@]45C[C@@]35CC[C@]12C.[Na+],Na,metal_Na,CC(C)C[C@H](O)C[C@@H](C)[C@H]1CC[C@@]2(C)[C@@H]3CC[C@H]4[C@](C)(CO)[C@@H](OS(=O)(=O)[O-])CC[C@@]45C[C@@]35CC[C@]12C
CHEMBL508276,O=C([O-])c1cccc(Cc2cc(Cl)ccc2OCc2ccccc2F)n1.[Na+],Na,metal_Na,O=C([O-])c1cccc(Cc2cc(Cl)ccc2OCc2ccccc2F)n1
CHEMBL508538,N[C@@H](CCC(=O)N[C@@H](CS[As](SC[C@H](NC(=O)CC[C@H](N)C(=O)O)C(=O)NCC(=O)O)SC[C@H](NC(=O)CC[C@H](N)C(=O)O)C(=O)NCC(=O)O)C(=O)NCC(=O)O)C(=O)O,As,metal_As,N[C@@H](CCC(=O)N[C@@H](CS[As](SC[C@H](NC(=O)CC[C@H](N)C(=O)O)C(=O)NCC(=O)O)SC[C@H](NC(=O)CC[C@H](N)C(=O)O)C(=O)NCC(=O)O)C(=O)NCC(=O)O)C(=O)O
CHEMBL508580,C[N+](C)=c1ccc2c(-c3ccc(C(=S)N4CCCCC4)s3)c3cc4c5c(c3[te]c-2c1)CCCN5CCC4.F[P-](F)(F)(F)(F)F,Te,metal_Te,C[N+](C)=c1ccc2c(-c3ccc(C(=S)N4CCCCC4)s3)c3cc4c5c(c3[te]c-2c1)CCCN5CCC4
CHEMBL508700,CCOC(=O)C1=C(N)C2=C(c3ccccc3)C(c3ccccc3)=NNC2[Se]1,Se,metal_Se,CCOC(=O)C1=C(N)C2=C(c3ccccc3)C(c3ccccc3)=NNC2[Se]1
CHEMBL509100,O=C1C(C(=S)Nc2ccc(S(=O)(=O)[O-])cc2)SC(=S)N1c1cccc(C(F)(F)F)c1.[Na+],Na,metal_Na,O=C1C(C(=S)Nc2ccc(S(=O)(=O)[O-])cc2)SC(=S)N1c1cccc(C(F)(F)F)c1
CHEMBL509108,O=C1N[C@@H]2C(=C[C@H](O)[C@H]3OP(=O)([O-])O[C@H]32)c2cc3c(c(O)c21)OCO3.[Na+],Na,metal_Na,O=C1N[C@@H]2C(=C[C@H](O)[C@H]3OP(=O)([O-])O[C@H]32)c2cc3c(c(O)c21)OCO3
CHEMBL509357,CCCCC(=O)[O-].[Na+],Na,metal_Na,CCCCC(=O)[O-]
CHEMBL5095039,O=C([O-])CN(CCN(CC(=O)[O-])Cc1cc(CCC(=O)NCCCCCC(=O)NCCCC[C@H](NC(=O)N[C@@H](CCC(=O)O)C(=O)O)C(=O)O)ccc1[O-])Cc1cc(CCC(=O)O)ccc1[O-].[68Ga+3].[OH3+],Ga,metal_Ga,O=C([O-])CN(CCN(CC(=O)[O-])Cc1cc(CCC(=O)NCCCCCC(=O)NCCCC[C@H](NC(=O)N[C@@H](CCC(=O)O)C(=O)O)C(=O)O)ccc1[O-])Cc1cc(CCC(=O)O)ccc1[O-]
CHEMBL5095213,CCCCCC(=O)N[C@@H](Cc1ccc(OP(=O)([O-])O)cc1)C(=O)N[C@H](C(=O)NCCCCCC(N)=O)[C@@H](C)CC.[Na+],Na,metal_Na,CCCCCC(=O)N[C@@H](Cc1ccc(OP(=O)([O-])O)cc1)C(=O)N[C@H](C(=O)NCCCCCC(N)=O)[C@@H](C)CC
CHEMBL5095234,[2H]C[C@@H]1CCC[C@H](C[2H])N1C(=O)N[C@@H](CC(C)(C)C)C(=O)N[C@H](Cc1cn(C(=O)OC)c2ccccc12)C(=O)N[C@H](CCCC)C(=O)[O-].[Na+],Na,metal_Na,[2H]C[C@@H]1CCC[C@H](C[2H])N1C(=O)N[C@@H](CC(C)(C)C)C(=O)N[C@H](Cc1cn(C(=O)OC)c2ccccc12)C(=O)N[C@H](CCCC)C(=O)[O-]
CHEMBL5095351,CCN1CCC(S(=O)(=O)[N-]C(=O)Nc2c3c(cc4c2CCC4)CCC3)CC1.[K+],K,metal_K,CCN1CCC(S(=O)(=O)[N-]C(=O)Nc2c3c(cc4c2CCC4)CCC3)CC1
CHEMBL5095408,C[C@H](CCOc1cccc(CC(=O)[O-])c1)N(Cc1cccc(C(F)(F)F)c1Cl)CC(c1ccccc1)c1ccccc1.C[C@H](CCOc1cccc(CC(=O)[O-])c1)N(Cc1cccc(C(F)(F)F)c1Cl)CC(c1ccccc1)c1ccccc1.[Zn+2],Zn,metal_Zn,C[C@H](CCOc1cccc(CC(=O)[O-])c1)N(Cc1cccc(C(F)(F)F)c1Cl)CC(c1ccccc1)c1ccccc1
CHEMBL509572,COc1nc(Cl)nc(Nc2ccc(Nc3cc(S(=O)(=O)[O-])c(N)c4c3C(=O)c3ccccc3C4=O)cc2S(=O)(=O)[O-])n1.[Na+].[Na+],Na,metal_Na,COc1nc(Cl)nc(Nc2ccc(Nc3cc(S(=O)(=O)[O-])c(N)c4c3C(=O)c3ccccc3C4=O)cc2S(=O)(=O)[O-])n1
CHEMBL509691,C=CCCCCCSP(=O)([O-])OP(=O)([O-])[O-].[Na+].[Na+].[Na+],Na,metal_Na,C=CCCCCCSP(=O)([O-])OP(=O)([O-])[O-]
CHEMBL509875,C=C(CC[C@@H](C)[C@H]1C[C@@H](O)[C@@H]2[C@]1(C)CC[C@@H]1[C@@]3(C)CC[C@H](O)C[C@@H]3[C@@H](O)C[C@]12O)C(C)CO[C@@H]1OC[C@@H](O)[C@H](OS(=O)(=O)[O-])[C@H]1O[C@@H]1OC[C@@H](O)[C@H](O)[C@H]1OC.[Na+],Na,metal_Na,C=C(CC[C@@H](C)[C@H]1C[C@@H](O)[C@@H]2[C@]1(C)CC[C@@H]1[C@@]3(C)CC[C@H](O)C[C@@H]3[C@@H](O)C[C@]12O)C(C)CO[C@@H]1OC[C@@H](O)[C@H](OS(=O)(=O)[O-])[C@H]1O[C@@H]1OC[C@@H](O)[C@H](O)[C@H]1OC
CHEMBL509882,CC(=O)C1=C(N)C2=C(c3ccccc3)C(c3ccccc3)=NNC2[Se]1,Se,metal_Se,CC(=O)C1=C(N)C2=C(c3ccccc3)C(c3ccccc3)=NNC2[Se]1
CHEMBL509965,COc1ccc2nc3[se]c4[nH]c5ccc(OC)cc5c4c(C)c-3c2c1,Se,metal_Se,COc1ccc2nc3[se]c4[nH]c5ccc(OC)cc5c4c(C)c-3c2c1
CHEMBL509986,O=[As]([O-])([O-])c1ccccc1.[Na+].[Na+],As,metal_As,O=[As]([O-])([O-])c1ccccc1
CHEMBL510015,CO[C@H]1[C@H](O[C@H]2[C@H](OCC[C@@H](/C=C/[C@@H](C)[C@H]3[C@@H](O)[C@@H](O)[C@@H]4[C@]3(C)CC[C@@H]3[C@@]5(C)CC[C@H](O)[C@H](O)[C@@H]5[C@@H](OS(=O)(=O)[O-])C[C@]34O)C(C)C)OC[C@@H](O)[C@@H]2O)OC[C@@H](O)[C@@H]1O.[Na+],Na,metal_Na,CO[C@H]1[C@H](O[C@H]2[C@H](OCC[C@@H](/C=C/[C@@H](C)[C@H]3[C@@H](O)[C@@H](O)[C@@H]4[C@]3(C)CC[C@@H]3[C@@]5(C)CC[C@H](O)[C@H](O)[C@@H]5[C@@H](OS(=O)(=O)[O-])C[C@]34O)C(C)C)OC[C@@H](O)[C@@H]2O)OC[C@@H](O)[C@@H]1O
CHEMBL510231,CC(C)C(C)C(=O)C[C@@](C)(O)[C@H]1CC[C@H]2[C@@H]3C[C@H](OC4O[C@H](C)[C@@H](O)[C@H](OC5OC[C@@H](OC6O[C@H](CO)[C@H](O)[C@H](O)[C@H]6OC6O[C@H](C)[C@H](O)[C@H](OC7O[C@H](C)[C@H](O)[C@H](O)[C@H]7O)[C@H]6O)[C@H](O)[C@H]5OC5O[C@H](C)[C@@H](O)[C@H](O)[C@H]5O)[C@H]4O)[C@H]4C[C@@H](OS(=O)(=O)[O-])CC[C@]4(C)C3=CC[C@@]21C.[Na+],Na,metal_Na,CC(C)C(C)C(=O)C[C@@](C)(O)[C@H]1CC[C@H]2[C@@H]3C[C@H](OC4O[C@H](C)[C@@H](O)[C@H](OC5OC[C@@H](OC6O[C@H](CO)[C@H](O)[C@H](O)[C@H]6OC6O[C@H](C)[C@H](O)[C@H](OC7O[C@H](C)[C@H](O)[C@H](O)[C@H]7O)[C@H]6O)[C@H](O)[C@H]5OC5O[C@H](C)[C@@H](O)[C@H](O)[C@H]5O)[C@H]4O)[C@H]4C[C@@H](OS(=O)(=O)[O-])CC[C@]4(C)C3=CC[C@@]21C
CHEMBL510391,C=C(C)CCC[C@]1(C)OC(=O)[C@]23CC=C4[C@@H](CC[C@H]5C(C)(C)[C@@H](O[C@@H]6OC[C@@H](OS(=O)(=O)[O-])[C@H](O)[C@H]6O[C@@H]6O[C@H](C)[C@@H](O[C@@H]7O[C@H](COS(=O)(=O)[O-])[C@@H](O)[C@H](O[C@@H]8O[C@H](COS([O-])(O)O)[C@@H](O)[C@H](OC)[C@H]8O)[C@H]7O)[C@H](O)[C@H]6O)CC[C@]45C)[C@]2(C)CC(=O)[C@@H]31.[Na+].[Na+].[Na+],Na,metal_Na,C=C(C)CCC[C@]1(C)OC(=O)[C@]23CC=C4[C@@H](CC[C@H]5C(C)(C)[C@@H](O[C@@H]6OC[C@@H](OS(=O)(=O)[O-])[C@H](O)[C@H]6O[C@@H]6O[C@H](C)[C@@H](O[C@@H]7O[C@H](COS(=O)(=O)[O-])[C@@H](O)[C@H](O[C@@H]8O[C@H](COS([O-])(O)O)[C@@H](O)[C@H](OC)[C@H]8O)[C@H]7O)[C@H](O)[C@H]6O)CC[C@]45C)[C@]2(C)CC(=O)[C@@H]31
CHEMBL510549,O=C1N[C@@H]2C(=C[C@H](O)[C@H]3OP(=O)([O-])O[C@H]32)c2cc3c(cc21)OCO3.[Li+],Li,metal_Li,O=C1N[C@@H]2C(=C[C@H](O)[C@H]3OP(=O)([O-])O[C@H]32)c2cc3c(cc21)OCO3
CHEMBL510640,CC(C)=CCC[C@](C)(O)[C@H]1CC[C@H]2[C@@H]3C[C@H](O[C@@H]4O[C@H](C)[C@@H](O)[C@H](O[C@@H]5OC[C@@H](O[C@@H]6O[C@H](C)[C@H](O)[C@H](O)[C@H]6O[C@@H]6OC[C@H](O)[C@H](O[C@@H]7O[C@H](CO)[C@H](O)[C@H](O)[C@H]7O)[C@H]6O)[C@H](O)[C@H]5O[C@@H]5O[C@H](C)[C@@H](O)[C@H](O)[C@H]5O)[C@H]4C)[C@H]4C[C@@H](OS(=O)(=O)[O-])CC[C@]4(C)C3=CC[C@@]21C.[Na+],Na,metal_Na,CC(C)=CCC[C@](C)(O)[C@H]1CC[C@H]2[C@@H]3C[C@H](O[C@@H]4O[C@H](C)[C@@H](O)[C@H](O[C@@H]5OC[C@@H](O[C@@H]6O[C@H](C)[C@H](O)[C@H](O)[C@H]6O[C@@H]6OC[C@H](O)[C@H](O[C@@H]7O[C@H](CO)[C@H](O)[C@H](O)[C@H]7O)[C@H]6O)[C@H](O)[C@H]5O[C@@H]5O[C@H](C)[C@@H](O)[C@H](O)[C@H]5O)[C@H]4C)[C@H]4C[C@@H](OS(=O)(=O)[O-])CC[C@]4(C)C3=CC[C@@]21C
CHEMBL510821,CC(=O)N[C@H]1[C@H]([C@@H](O)[C@H](O)CO)O[C@@](O[C@H]2[C@@H](O)[C@@H](CO)O[C@@H](O[C@@H]3CCO[C@H](CO[C@@H](C)C(=O)[O-])[C@@H]3O)[C@@H]2O)(C(=O)[O-])C[C@@H]1O.[Na+].[Na+],Na,metal_Na,CC(=O)N[C@H]1[C@H]([C@@H](O)[C@H](O)CO)O[C@@](O[C@H]2[C@@H](O)[C@@H](CO)O[C@@H](O[C@@H]3CCO[C@H](CO[C@@H](C)C(=O)[O-])[C@@H]3O)[C@@H]2O)(C(=O)[O-])C[C@@H]1O
CHEMBL51085,O=c1c2ccccc2[se]n1-c1ccccc1,Se,metal_Se,O=c1c2ccccc2[se]n1-c1ccccc1
CHEMBL510858,CC(C)CC(=O)C[C@@H](C)[C@H]1CC[C@H]2[C@@H]3C[C@H](O[C@@H]4O[C@H](C)[C@@H](O)[C@H](O[C@@H]5OC[C@@H](O[C@@H]6O[C@H](CO)[C@H](O)[C@H](O)[C@H]6O[C@@H]6O[C@H](C)[C@H](O[C@@H]7O[C@H](CO)[C@H](O)[C@H](O)[C@H]7O)[C@H](O)[C@H]6O)[C@H](O)[C@H]5O[C@@H]5O[C@H](C)[C@@H](O)[C@H](O)[C@H]5O)[C@H]4O)[C@H]4C[C@@H](OS(=O)(=O)[O-])CC[C@]4(C)C3=CC[C@]12C.[Na+],Na,metal_Na,CC(C)CC(=O)C[C@@H](C)[C@H]1CC[C@H]2[C@@H]3C[C@H](O[C@@H]4O[C@H](C)[C@@H](O)[C@H](O[C@@H]5OC[C@@H](O[C@@H]6O[C@H](CO)[C@H](O)[C@H](O)[C@H]6O[C@@H]6O[C@H](C)[C@H](O[C@@H]7O[C@H](CO)[C@H](O)[C@H](O)[C@H]7O)[C@H](O)[C@H]6O)[C@H](O)[C@H]5O[C@@H]5O[C@H](C)[C@@H](O)[C@H](O)[C@H]5O)[C@H]4O)[C@H]4C[C@@H](OS(=O)(=O)[O-])CC[C@]4(C)C3=CC[C@]12C
CHEMBL510909,Cc1cccc(C)c1OCC(=O)N[C@@H](Cc1ccccc1)[C@H](C[C@H](Cc1ccccc1)NC(=O)[C@H](C(C)C)N1CCCNC1=O)OC(C)OP(=O)([O-])[O-].[Na+].[Na+],Na,metal_Na,Cc1cccc(C)c1OCC(=O)N[C@@H](Cc1ccccc1)[C@H](C[C@H](Cc1ccccc1)NC(=O)[C@H](C(C)C)N1CCCNC1=O)OC(C)OP(=O)([O-])[O-]
CHEMBL511252,O=C([O-])c1cccc(Cc2cc(Cl)ccc2OCC2CCCC2)n1.[Na+],Na,metal_Na,O=C([O-])c1cccc(Cc2cc(Cl)ccc2OCC2CCCC2)n1
CHEMBL511255,CC(C)c1nc(Nc2ccon2)nc(-c2ccc(F)cc2)c1/C=C/[C@@H](O)C[C@@H](O)CC(=O)[O-].[Na+],Na,metal_Na,CC(C)c1nc(Nc2ccon2)nc(-c2ccc(F)cc2)c1/C=C/[C@@H](O)C[C@@H](O)CC(=O)[O-]
CHEMBL511341,COc1ccc(/C=C\c2cc(Br)c(OC)c(OC)c2)cc1OP(=O)([O-])[O-].[Mg+2],Mg,metal_Mg,COc1ccc(/C=C\c2cc(Br)c(OC)c(OC)c2)cc1OP(=O)([O-])[O-]
CHEMBL511465,O=C1N[C@H]2[C@H](OP(=O)([O-])[O-])[C@H](O)[C@@H](O)[C@H](O)[C@@H]2c2cc3c(c(O)c21)OCO3.[Ca+2],Ca,metal_Ca,O=C1N[C@H]2[C@H](OP(=O)([O-])[O-])[C@H](O)[C@@H](O)[C@H](O)[C@@H]2c2cc3c(c(O)c21)OCO3
CHEMBL511574,CC(C)c1nc(N(c2ncnn2C)S(C)(=O)=O)nc(-c2ccc(F)cc2)c1/C=C/[C@@H](O)C[C@@H](O)CC(=O)[O-].[Na+],Na,metal_Na,CC(C)c1nc(N(c2ncnn2C)S(C)(=O)=O)nc(-c2ccc(F)cc2)c1/C=C/[C@@H](O)C[C@@H](O)CC(=O)[O-]
CHEMBL511612,COc1ccc2nc3[se]c4[nH]c5ccc(OC)cc5c4cc-3c2c1,Se,metal_Se,COc1ccc2nc3[se]c4[nH]c5ccc(OC)cc5c4cc-3c2c1
CHEMBL511668,CC(C)CC[C@]1(C)C(=O)C(C2=NS(=O)(=O)c3cc(NS(C)(=O)=O)ccc3N2)=C([O-])c2ccccc21.[Na+],Na,metal_Na,CC(C)CC[C@]1(C)C(=O)C(C2=NS(=O)(=O)c3cc(NS(C)(=O)=O)ccc3N2)=C([O-])c2ccccc21
CHEMBL511733,O=C([O-])c1cccc(Cc2cc(Cl)ccc2OCc2ccc(F)cc2)n1.[Na+],Na,metal_Na,O=C([O-])c1cccc(Cc2cc(Cl)ccc2OCc2ccc(F)cc2)n1
CHEMBL511919,O=C([O-])c1cccc(Cc2cc(Cl)ccc2OCC2CC2)n1.[Na+],Na,metal_Na,O=C([O-])c1cccc(Cc2cc(Cl)ccc2OCC2CC2)n1
CHEMBL512181,C#CC[Se]c1c(SCC#CCO)cnc2ccccc12,Se,metal_Se,C#CC[Se]c1c(SCC#CCO)cnc2ccccc12
CHEMBL512555,O=C([O-])CS(=O)(=O)c1ccc(Sc2ccccc2)cc1.[Na+],Na,metal_Na,O=C([O-])CS(=O)(=O)c1ccc(Sc2ccccc2)cc1
CHEMBL512617,O=C([O-])c1cccc(-c2ccccc2-c2cc(Cl)ccc2OCc2ccc(F)cc2Cl)n1.[Na+],Na,metal_Na,O=C([O-])c1cccc(-c2ccccc2-c2cc(Cl)ccc2OCc2ccc(F)cc2Cl)n1
CHEMBL512714,C1=Cc2sc3ccccc3c2[Se]c2c1sc1ccccc21,Se,metal_Se,C1=Cc2sc3ccccc3c2[Se]c2c1sc1ccccc21
CHEMBL512864,O=S(=O)([O-])Oc1cc(/C=C\c2ccc(O)cc2)cc(O[C@@H]2O[C@H](CO)[C@@H](O)[C@H](O)[C@H]2O)c1.[Na+],Na,metal_Na,O=S(=O)([O-])Oc1cc(/C=C\c2ccc(O)cc2)cc(O[C@@H]2O[C@H](CO)[C@@H](O)[C@H](O)[C@H]2O)c1
CHEMBL513089,COc1ccc(/C=C\c2cc(Br)c(OC)c(OC)c2)cc1OP(=O)([O-])[O-].[Ca+2],Ca,metal_Ca,COc1ccc(/C=C\c2cc(Br)c(OC)c(OC)c2)cc1OP(=O)([O-])[O-]
CHEMBL513286,O=C([O-])CS(=O)(=O)c1cccc(COc2ccccc2)c1.[Na+],Na,metal_Na,O=C([O-])CS(=O)(=O)c1cccc(COc2ccccc2)c1
CHEMBL513405,Cc1ccc(-c2cn[se]c2-c2ccc(Cl)cc2)cc1,Se,metal_Se,Cc1ccc(-c2cn[se]c2-c2ccc(Cl)cc2)cc1
CHEMBL513491,O=C([O-])c1cccc(Cc2cc(Cl)ccc2OCc2ccc(F)cc2Cl)n1.[Na+],Na,metal_Na,O=C([O-])c1cccc(Cc2cc(Cl)ccc2OCc2ccc(F)cc2Cl)n1
CHEMBL513622,CP(=O)([O-])C(CCCc1ccc(-c2ccccc2)cc1)P(=O)([O-])[O-].[K+].[K+].[K+],K,metal_K,CP(=O)([O-])C(CCCc1ccc(-c2ccccc2)cc1)P(=O)([O-])[O-]
CHEMBL513775,c1ccc2c3c(ccc2c1)OCc1[se]nnc1-3,Se,metal_Se,c1ccc2c3c(ccc2c1)OCc1[se]nnc1-3
CHEMBL513790,O=P([O-])([O-])C(CCCc1ccc(-c2ccccc2)cc1)S(=O)(=O)[O-].[K+].[K+].[K+],K,metal_K,O=P([O-])([O-])C(CCCc1ccc(-c2ccccc2)cc1)S(=O)(=O)[O-]
CHEMBL514121,CC[C@H](C)C(=O)O[C@H]1CCC[C@@H]2C=C[C@H](C)[C@H](CC[C@@H](O)C[C@@H](O)CC(=O)[O-])[C@@H]12.[Na+],Na,metal_Na,CC[C@H](C)C(=O)O[C@H]1CCC[C@@H]2C=C[C@H](C)[C@H](CC[C@@H](O)C[C@@H](O)CC(=O)[O-])[C@@H]12
CHEMBL514674,C[C@H](CCC(=O)[O-])[C@H]1CC[C@H]2[C@]3(C)CC[C@@H]4C[C@H](O)CC[C@]4(C)[C@H]3C[C@H](O)[C@]12C.[Na+],Na,metal_Na,C[C@H](CCC(=O)[O-])[C@H]1CC[C@H]2[C@]3(C)CC[C@@H]4C[C@H](O)CC[C@]4(C)[C@H]3C[C@H](O)[C@]12C
CHEMBL514788,O=P([O-])([O-])C(CCCc1cccc(Oc2ccc(Cc3ccccc3)cc2)c1)S(=O)(=O)[O-].[K+].[K+].[K+],K,metal_K,O=P([O-])([O-])C(CCCc1cccc(Oc2ccc(Cc3ccccc3)cc2)c1)S(=O)(=O)[O-]
CHEMBL515016,C[C@]1(COC(=O)Cc2ccccc2)[C@H](C(=O)[O-])N2C(=O)/C(=C/c3ccccn3)[C@H]2S1(=O)=O.[Na+],Na,metal_Na,C[C@]1(COC(=O)Cc2ccccc2)[C@H](C(=O)[O-])N2C(=O)/C(=C/c3ccccn3)[C@H]2S1(=O)=O
CHEMBL515228,COc1ccc(/C=C\c2cc(F)c(OC)c(OC)c2)cc1OP(=O)([O-])[O-].[Li+].[Li+],Li,metal_Li,COc1ccc(/C=C\c2cc(F)c(OC)c(OC)c2)cc1OP(=O)([O-])[O-]
CHEMBL515308,O=C([O-])C1=NOC(c2ccc(N3CCN(Cc4ccccc4)CC3)cc2)C1.[Li+],Li,metal_Li,O=C([O-])C1=NOC(c2ccc(N3CCN(Cc4ccccc4)CC3)cc2)C1
CHEMBL515445,O=C(O[C@H]1[C@H](O)[C@H]2OP(=O)([O-])O[C@H]2[C@@H]2NC(=O)c3c(cc4c(c3O)OCO4)[C@H]21)c1ccccc1.[Na+],Na,metal_Na,O=C(O[C@H]1[C@H](O)[C@H]2OP(=O)([O-])O[C@H]2[C@@H]2NC(=O)c3c(cc4c(c3O)OCO4)[C@H]21)c1ccccc1
CHEMBL515523,CN(C)c1ccc(-c2cc(-c3ccc(N4CCOCC4)cc3)[se+]c(-c3ccc(N4CCOCC4)cc3)c2)cc1.[Cl-],Se,metal_Se,CN(C)c1ccc(-c2cc(-c3ccc(N4CCOCC4)cc3)[se+]c(-c3ccc(N4CCOCC4)cc3)c2)cc1
CHEMBL515716,O=P([O-])([O-])C(CCCc1cccc(Oc2ccccc2F)c1)S(=O)(=O)[O-].[K+].[K+].[K+],K,metal_K,O=P([O-])([O-])C(CCCc1cccc(Oc2ccccc2F)c1)S(=O)(=O)[O-]
CHEMBL515790,C=CCCC/C=C/C=C\CCCCCCCC[C@H]1CC[C@H]([C@@H]2CC[C@@H](CC(=O)[O-])OO2)O1.[Na+],Na,metal_Na,C=CCCC/C=C/C=C\CCCCCCCC[C@H]1CC[C@H]([C@@H]2CC[C@@H](CC(=O)[O-])OO2)O1
CHEMBL515874,CN(C)c1ccc2c(-c3ccccc3)c3ccc(=[N+](C)C)cc-3[te]c2c1.[Br-],Te,metal_Te,CN(C)c1ccc2c(-c3ccccc3)c3ccc(=[N+](C)C)cc-3[te]c2c1
CHEMBL515971,C=CCC/C=C\C=C/CCCCCCCC[C@H]1CC[C@H]([C@@H]2CC[C@@H](CC(=O)[O-])OO2)O1.[Na+],Na,metal_Na,C=CCC/C=C\C=C/CCCCCCCC[C@H]1CC[C@H]([C@@H]2CC[C@@H](CC(=O)[O-])OO2)O1
CHEMBL516044,O=P([O-])([O-])C(CCCc1ccc(Oc2ccccc2)cc1)S(=O)(=O)[O-].[K+].[K+].[K+],K,metal_K,O=P([O-])([O-])C(CCCc1ccc(Oc2ccccc2)cc1)S(=O)(=O)[O-]
CHEMBL516106,C[C@H]1[C@@H](OCc2ccc(C(=O)[O-])cc2)O[C@@H]2O[C@]3(C)CC[C@H]4[C@H](C)CC[C@@H]1[C@@]24OO3.[Na+],Na,metal_Na,C[C@H]1[C@@H](OCc2ccc(C(=O)[O-])cc2)O[C@@H]2O[C@]3(C)CC[C@H]4[C@H](C)CC[C@@H]1[C@@]24OO3
CHEMBL516219,CN(C)c1ccc2c(-c3ccc(C(=O)O)s3)c3ccc(=[N+](C)C)cc-3[te]c2c1.F[P-](F)(F)(F)(F)F,Te,metal_Te,CN(C)c1ccc2c(-c3ccc(C(=O)O)s3)c3ccc(=[N+](C)C)cc-3[te]c2c1
CHEMBL516501,CCNc1ncnc2c1ncn2[C@@H]1O[C@H](COS(=O)(=O)[N-]C(=O)c2ccccc2O)[C@@H](O)[C@H]1O.[Na+],Na,metal_Na,CCNc1ncnc2c1ncn2[C@@H]1O[C@H](COS(=O)(=O)[N-]C(=O)c2ccccc2O)[C@@H](O)[C@H]1O
CHEMBL516754,O=C(CP(=O)([O-])OCc1ccccc1)c1ccc2[nH]c(=O)oc2c1.[Na+],Na,metal_Na,O=C(CP(=O)([O-])OCc1ccccc1)c1ccc2[nH]c(=O)oc2c1
CHEMBL516975,O=P([O-])([O-])C(CCCc1ccc(-c2ccc(F)cc2F)cc1)S(=O)(=O)[O-].[K+].[K+].[K+],K,metal_K,O=P([O-])([O-])C(CCCc1ccc(-c2ccc(F)cc2F)cc1)S(=O)(=O)[O-]
CHEMBL517422,CN(C)c1ccc2c(-c3cccs3)c3ccc(=[N+](C)C)cc-3[se]c2c1.F[P-](F)(F)(F)(F)F,Se,metal_Se,CN(C)c1ccc2c(-c3cccs3)c3ccc(=[N+](C)C)cc-3[se]c2c1
CHEMBL51769,Cc1onc(-c2c(Cl)cccc2Cl)c1C(=O)NC1C(=O)N2C1SC(C)(C)[C@@H]2C(=O)[O-].[Na+],Na,metal_Na,Cc1onc(-c2c(Cl)cccc2Cl)c1C(=O)NC1C(=O)N2C1SC(C)(C)[C@@H]2C(=O)[O-]
CHEMBL517734,CN(C)c1ccc2c(-c3ccccc3)c3ccc(=[N+](C)C)cc-3[te]c2c1.F[P-](F)(F)(F)(F)F,Te,metal_Te,CN(C)c1ccc2c(-c3ccccc3)c3ccc(=[N+](C)C)cc-3[te]c2c1
CHEMBL518218,C[C@@H]1[C@H](CC[C@@H](O)C[C@@H](O)CC(=O)[O-])[C@H]2CCCCC2=C[C@H]1O.[Na+],Na,metal_Na,C[C@@H]1[C@H](CC[C@@H](O)C[C@@H](O)CC(=O)[O-])[C@H]2CCCCC2=C[C@H]1O
CHEMBL518327,C#C/C=C\CCCC/C=C\C#CC#CCCCC#CC#C[C@H](COS(=O)(=O)[O-])OS(=O)(=O)[O-].[Na+].[Na+],Na,metal_Na,C#C/C=C\CCCC/C=C\C#CC#CCCCC#CC#C[C@H](COS(=O)(=O)[O-])OS(=O)(=O)[O-]
CHEMBL518346,CNc1ncnc2c1ncn2[C@@H]1O[C@H](COS(=O)(=O)[N-]C(=O)c2ccccc2O)[C@@H](O)[C@H]1O.[Na+],Na,metal_Na,CNc1ncnc2c1ncn2[C@@H]1O[C@H](COS(=O)(=O)[N-]C(=O)c2ccccc2O)[C@@H](O)[C@H]1O
CHEMBL518520,Cc1nnc(C(=O)NC(C)(C)c2nc(C(=O)NCc3ccc(F)cc3)c([O-])c(=O)n2C)o1.[K+],K,metal_K,Cc1nnc(C(=O)NC(C)(C)c2nc(C(=O)NCc3ccc(F)cc3)c([O-])c(=O)n2C)o1
CHEMBL518564,CC(C)=CCC/C(C)=C/CC/C(C)=C/CC/C(C)=C/CC/C(C)=C/Cc1cc(OS(=O)(=O)[O-])ccc1O.[Na+],Na,metal_Na,CC(C)=CCC/C(C)=C/CC/C(C)=C/CC/C(C)=C/CC/C(C)=C/Cc1cc(OS(=O)(=O)[O-])ccc1O
CHEMBL518933,O=S(=O)([O-])Oc1ccc(/C=C/c2cc(O)cc(O[C@@H]3O[C@H](CO)[C@@H](O)[C@H](O)[C@H]3O)c2)cc1.[K+],K,metal_K,O=S(=O)([O-])Oc1ccc(/C=C/c2cc(O)cc(O[C@@H]3O[C@H](CO)[C@@H](O)[C@H](O)[C@H]3O)c2)cc1
CHEMBL518959,O=C([N-]S(=O)(=O)OC[C@H]1O[C@@H](n2cnc3c(NC4CCCC4)ncnc32)[C@H](O)[C@@H]1O)c1ccccc1O.[Na+],Na,metal_Na,O=C([N-]S(=O)(=O)OC[C@H]1O[C@@H](n2cnc3c(NC4CCCC4)ncnc32)[C@H](O)[C@@H]1O)c1ccccc1O
CHEMBL519296,Cc1onc(-c2ccccc2Cl)c1C(=O)CP(=O)([O-])OCc1ccccc1.[Na+],Na,metal_Na,Cc1onc(-c2ccccc2Cl)c1C(=O)CP(=O)([O-])OCc1ccccc1
CHEMBL519451,O=P([O-])(CC(O)c1ccc(-c2ccccc2)cc1)OCc1ccccc1.[Na+],Na,metal_Na,O=P([O-])(CC(O)c1ccc(-c2ccccc2)cc1)OCc1ccccc1
CHEMBL519723,CC[C@H](C)C(=O)O[C@H]1CCC=C2C=C[C@H](C)[C@H](CC[C@@H](O)C[C@@H](O)CC(=O)[O-])[C@H]21.[Na+],Na,metal_Na,CC[C@H](C)C(=O)O[C@H]1CCC=C2C=C[C@H](C)[C@H](CC[C@@H](O)C[C@@H](O)CC(=O)[O-])[C@H]21
CHEMBL519775,O=C([N-]S(=O)(=O)OC[C@H]1O[C@@H](n2cnc3c(NCc4ccccc4)ncnc32)[C@H](O)[C@@H]1O)c1ccccc1O.[Na+],Na,metal_Na,O=C([N-]S(=O)(=O)OC[C@H]1O[C@@H](n2cnc3c(NCc4ccccc4)ncnc32)[C@H](O)[C@@H]1O)c1ccccc1O
CHEMBL520029,C[C@H]1[C@H](C)CC[C@]2(C(=O)[O-])CC[C@]3(C)C(=CC[C@@H]4[C@@]5(C)CC[C@H](O)C(C)(C)[C@@H]5CC[C@]43C)[C@H]12.[K+],K,metal_K,C[C@H]1[C@H](C)CC[C@]2(C(=O)[O-])CC[C@]3(C)C(=CC[C@@H]4[C@@]5(C)CC[C@H](O)C(C)(C)[C@@H]5CC[C@]43C)[C@H]12
CHEMBL520597,O=C(CP(=O)([O-])OCc1ccc(-c2ccccc2)cc1)c1ccccc1.[Na+],Na,metal_Na,O=C(CP(=O)([O-])OCc1ccc(-c2ccccc2)cc1)c1ccccc1
CHEMBL520651,CN(CCC(Oc1ccc(C(F)(F)F)cc1)c1ccccc1)C(=S)[S-].[Na+],Na,metal_Na,CN(CCC(Oc1ccc(C(F)(F)F)cc1)c1ccccc1)C(=S)[S-]
CHEMBL520973,C[C@]12CC[C@]3(C1)[C@H](CC2=O)C[C@@H](OC(=O)c1ccccc1)[C@H]1[C@](C)(C(=O)[O-])CCC[C@@]13C.[Na+],Na,metal_Na,C[C@]12CC[C@]3(C1)[C@H](CC2=O)C[C@@H](OC(=O)c1ccccc1)[C@H]1[C@](C)(C(=O)[O-])CCC[C@@]13C
CHEMBL521709,Nc1cc(Nc2cc(S(=O)(=O)[O-])c(N)c3c2C(=O)c2ccccc2C3=O)ccc1S(=O)(=O)[O-].[Na+].[Na+],Na,metal_Na,Nc1cc(Nc2cc(S(=O)(=O)[O-])c(N)c3c2C(=O)c2ccccc2C3=O)ccc1S(=O)(=O)[O-]
CHEMBL521878,O=C1N[C@H]2[C@@H]3OP(=O)([O-])O[C@@H]3[C@@H](O)C[C@@H]2c2cc3c(c(O)c21)OCO3.[K+],K,metal_K,O=C1N[C@H]2[C@@H]3OP(=O)([O-])O[C@@H]3[C@@H](O)C[C@@H]2c2cc3c(c(O)c21)OCO3
CHEMBL521931,O=P([O-])([O-])C(O)(Cn1c2c(c3ccccc31)CCSc1ccccc1-2)P(=O)([O-])[O-].[Na+].[Na+].[Na+].[Na+],Na,metal_Na,O=P([O-])([O-])C(O)(Cn1c2c(c3ccccc31)CCSc1ccccc1-2)P(=O)([O-])[O-]
CHEMBL522053,Nc1c(S(=O)(=O)[O-])cc(Nc2cc(Cl)ccc2C(=O)O)c2c1C(=O)c1ccccc1C2=O.[Na+],Na,metal_Na,Nc1c(S(=O)(=O)[O-])cc(Nc2cc(Cl)ccc2C(=O)O)c2c1C(=O)c1ccccc1C2=O
CHEMBL522608,O=P([O-])([O-])C(CCCc1cccc(Oc2cc(F)cc(F)c2)c1)S(=O)(=O)[O-].[K+].[K+].[K+],K,metal_K,O=P([O-])([O-])C(CCCc1cccc(Oc2cc(F)cc(F)c2)c1)S(=O)(=O)[O-]
CHEMBL522725,Nc1c(S(=O)(=O)[O-])cc(Nc2ccccc2O)c2c1C(=O)c1ccccc1C2=O.[Na+],Na,metal_Na,Nc1c(S(=O)(=O)[O-])cc(Nc2ccccc2O)c2c1C(=O)c1ccccc1C2=O
CHEMBL522826,CN(C)c1ccc2c(-c3ccc(C(=S)N4CCCCC4)s3)c3ccc(=[N+](C)C)cc-3[te]c2c1.F[P-](F)(F)(F)(F)F,Te,metal_Te,CN(C)c1ccc2c(-c3ccc(C(=S)N4CCCCC4)s3)c3ccc(=[N+](C)C)cc-3[te]c2c1
CHEMBL522966,CN(C)c1cccc(-c2c3ccc(=[N+](C)C)cc-3[se]c3c4c5c(cc23)CCCN5CCC4)c1.[Br-],Se,metal_Se,CN(C)c1cccc(-c2c3ccc(=[N+](C)C)cc-3[se]c3c4c5c(cc23)CCCN5CCC4)c1
CHEMBL523672,C[C@]1(C(=O)[O-])CSC(c2ccc(O)cc2O)=N1.[Na+],Na,metal_Na,C[C@]1(C(=O)[O-])CSC(c2ccc(O)cc2O)=N1
CHEMBL523897,O=C([O-])CC(=O)NCCCc1cccc(Oc2ccccc2)c1.[K+],K,metal_K,O=C([O-])CC(=O)NCCCc1cccc(Oc2ccccc2)c1
CHEMBL524107,CN(C)c1cccc(-c2c3ccc(=[N+](C)C)cc-3[te]c3cc(N(C)C)ccc23)c1.[Br-],Te,metal_Te,CN(C)c1cccc(-c2c3ccc(=[N+](C)C)cc-3[te]c3cc(N(C)C)ccc23)c1
CHEMBL524463,O=C1N[C@@H]2C(=C[C@H](O)[C@H]3OP(=O)([O-])O[C@H]32)c2cc3c(cc21)OCO3.[K+],K,metal_K,O=C1N[C@@H]2C(=C[C@H](O)[C@H]3OP(=O)([O-])O[C@H]32)c2cc3c(cc21)OCO3
CHEMBL524504,CC(C)[C@H](C)[C@@H]1O[C@H]1[C@](C)(O)[C@H]1CC[C@H]2[C@@H]3C[C@H](O[C@@H]4O[C@H](CO)[C@@H](O)[C@H](O[C@@H]5O[C@H](C)[C@@H](O[C@@H]6OC[C@H](O)[C@H](O)[C@H]6O[C@@H]6O[C@H](C)[C@H](O)[C@H](O)[C@H]6O)[C@H](O)[C@H]5O[C@@H]5O[C@H](C)[C@H](O)[C@H](O)[C@H]5O)[C@H]4O)[C@H]4C[C@@H](OS(=O)(=O)[O-])CC[C@]4(C)C3=CC[C@]12C.[Na+],Na,metal_Na,CC(C)[C@H](C)[C@@H]1O[C@H]1[C@](C)(O)[C@H]1CC[C@H]2[C@@H]3C[C@H](O[C@@H]4O[C@H](CO)[C@@H](O)[C@H](O[C@@H]5O[C@H](C)[C@@H](O[C@@H]6OC[C@H](O)[C@H](O)[C@H]6O[C@@H]6O[C@H](C)[C@H](O)[C@H](O)[C@H]6O)[C@H](O)[C@H]5O[C@@H]5O[C@H](C)[C@H](O)[C@H](O)[C@H]5O)[C@H]4O)[C@H]4C[C@@H](OS(=O)(=O)[O-])CC[C@]4(C)C3=CC[C@]12C
CHEMBL524697,O=S(=O)([O-])c1ccc(-c2c3nc(c(-c4ccc(S(=O)(=O)[O-])cc4)c4ccc([nH]4)c(-c4ccc(S(=O)(=O)[O-])cc4)c4nc(c(-c5ccc(S(=O)(=O)[O-])cc5)c5ccc2[nH]5)C=C4)C=C3)cc1.[Na+].[Na+].[Na+].[Na+],Na,metal_Na,O=S(=O)([O-])c1ccc(-c2c3nc(c(-c4ccc(S(=O)(=O)[O-])cc4)c4ccc([nH]4)c(-c4ccc(S(=O)(=O)[O-])cc4)c4nc(c(-c5ccc(S(=O)(=O)[O-])cc5)c5ccc2[nH]5)C=C4)C=C3)cc1
CHEMBL525932,CO[C@@H]1[C@@H](O)[C@H](O[C@@H]2[C@@H](O)[C@H](O[C@H]3[C@H](O)[C@@H](O)[C@H](O[C@H]4[C@H](O[C@H]5CC[C@]6(C)[C@@H]7CC[C@]89C(=O)O[C@@](C)(CCC=C(C)C)[C@@]8(O)[C@@H](OC(C)=O)C[C@@]9(C)C7=CC[C@H]6C5(C)C)OC[C@@H](OS(=O)(=O)[O-])[C@@H]4O)O[C@@H]3CO)OC[C@H]2O)O[C@H](CO)[C@H]1O.[Na+],Na,metal_Na,CO[C@@H]1[C@@H](O)[C@H](O[C@@H]2[C@@H](O)[C@H](O[C@H]3[C@H](O)[C@@H](O)[C@H](O[C@H]4[C@H](O[C@H]5CC[C@]6(C)[C@@H]7CC[C@]89C(=O)O[C@@](C)(CCC=C(C)C)[C@@]8(O)[C@@H](OC(C)=O)C[C@@]9(C)C7=CC[C@H]6C5(C)C)OC[C@@H](OS(=O)(=O)[O-])[C@@H]4O)O[C@@H]3CO)OC[C@H]2O)O[C@H](CO)[C@H]1O
CHEMBL525954,CO[C@@H]1[C@@H](O)[C@H](O[C@@H]2[C@@H](O)[C@H](O[C@H]3[C@H](O)[C@@H](O)[C@H](O[C@H]4[C@H](O[C@H]5CC[C@]6(C)[C@@H]7CC[C@]89C(=O)O[C@@](C)(CC(=O)CC(C)C)[C@H]8CC[C@@]9(C)C7=CC[C@H]6C5(C)C)OC[C@@H](O[C@@H]5O[C@H](COS(=O)(=O)[O-])[C@@H](O)[C@H](O)[C@H]5O)[C@@H]4O)O[C@@H]3C)O[C@H](CO)[C@H]2O)O[C@H](C(=O)[O-])[C@H]1O.[Na+].[Na+],Na,metal_Na,CO[C@@H]1[C@@H](O)[C@H](O[C@@H]2[C@@H](O)[C@H](O[C@H]3[C@H](O)[C@@H](O)[C@H](O[C@H]4[C@H](O[C@H]5CC[C@]6(C)[C@@H]7CC[C@]89C(=O)O[C@@](C)(CC(=O)CC(C)C)[C@H]8CC[C@@]9(C)C7=CC[C@H]6C5(C)C)OC[C@@H](O[C@@H]5O[C@H](COS(=O)(=O)[O-])[C@@H](O)[C@H](O)[C@H]5O)[C@@H]4O)O[C@@H]3C)O[C@H](CO)[C@H]2O)O[C@H](C(=O)[O-])[C@H]1O
CHEMBL526745,CC(C)CC(=O)C[C@@](C)(O)[C@H]1CC[C@H]2[C@@H]3C[C@H](O[C@@H]4O[C@H](C)[C@@H](O)[C@H](O[C@@H]5OC[C@@H](O[C@@H]6O[C@H](CO)[C@H](O)[C@H](O)[C@H]6O[C@@H]6O[C@H](C)[C@H](O)[C@H](O)[C@H]6O)[C@H](O)[C@H]5O[C@@H]5O[C@H](C)[C@@H](O)[C@H](O)[C@H]5O)[C@H]4O)[C@H]4C[C@@H](OS(=O)(=O)[O-])CC[C@]4(C)C3=CC[C@@]21C.[Na+],Na,metal_Na,CC(C)CC(=O)C[C@@](C)(O)[C@H]1CC[C@H]2[C@@H]3C[C@H](O[C@@H]4O[C@H](C)[C@@H](O)[C@H](O[C@@H]5OC[C@@H](O[C@@H]6O[C@H](CO)[C@H](O)[C@H](O)[C@H]6O[C@@H]6O[C@H](C)[C@H](O)[C@H](O)[C@H]6O)[C@H](O)[C@H]5O[C@@H]5O[C@H](C)[C@@H](O)[C@H](O)[C@H]5O)[C@H]4O)[C@H]4C[C@@H](OS(=O)(=O)[O-])CC[C@]4(C)C3=CC[C@@]21C
CHEMBL526773,Cc1nc2c(c([O-])c1Cl)-c1ccc(Oc3cccc(C(F)(F)F)c3)cc1C2=O.[Na+],Na,metal_Na,Cc1nc2c(c([O-])c1Cl)-c1ccc(Oc3cccc(C(F)(F)F)c3)cc1C2=O
CHEMBL5278336,O=C([O-])CNC(=O)c1ccc(S(=O)(=O)N2CCC(c3ccc(Cl)cc3)CC2)cn1.[K+],K,metal_K,O=C([O-])CNC(=O)c1ccc(S(=O)(=O)N2CCC(c3ccc(Cl)cc3)CC2)cn1
CHEMBL5314365,CC[C@@]1([C@H]2O[C@H]([C@H]3O[C@@](O)(CO)[C@H](C)C[C@@H]3C)C[C@H]2C)CC[C@H]([C@@]2(C)CC[C@]3(C[C@H](O)[C@@H](C)[C@@H]([C@H](C)[C@H](OC)[C@@H](C)C(=O)[O-])O3)O2)O1.[Na+],Na,metal_Na,CC[C@@]1([C@H]2O[C@H]([C@H]3O[C@@](O)(CO)[C@H](C)C[C@@H]3C)C[C@H]2C)CC[C@H]([C@@]2(C)CC[C@]3(C[C@H](O)[C@@H](C)[C@@H]([C@H](C)[C@H](OC)[C@@H](C)C(=O)[O-])O3)O2)O1
CHEMBL5314366,COc1ccc2[nH]c([S@@+]([O-])Cc3ncc(C)c(OC)c3C)nc2c1.COc1ccc2[nH]c([S@@+]([O-])Cc3ncc(C)c(OC)c3C)nc2c1.O.O.O.[Mg+2],Mg,metal_Mg,COc1ccc2[nH]c([S@@+]([O-])Cc3ncc(C)c(OC)c3C)nc2c1
CHEMBL5314372,[Ca+2].[O-2],Ca,metal_Ca,[O-2]
CHEMBL5314374,CO[C@H]1O[C@H](COS(=O)(=O)[O-])[C@@H](O[C@@H]2O[C@@H](C(=O)[O-])[C@@H](O[C@H]3O[C@H](COS(=O)(=O)[O-])[C@@H](O[C@@H]4O[C@H](C(=O)[O-])[C@@H](O[C@H]5O[C@H](COS(=O)(=O)[O-])[C@@H](OC)[C@H](OC)[C@H]5OC)[C@H](OC)[C@H]4OC)[C@H](OS(=O)(=O)[O-])[C@H]3OS(=O)(=O)[O-])[C@H](OC)[C@H]2OC)[C@H](OS(=O)(=O)[O-])[C@H]1OS(=O)(=O)[O-].[Na+].[Na+].[Na+].[Na+].[Na+].[Na+].[Na+].[Na+].[Na+],Na,metal_Na,CO[C@H]1O[C@H](COS(=O)(=O)[O-])[C@@H](O[C@@H]2O[C@@H](C(=O)[O-])[C@@H](O[C@H]3O[C@H](COS(=O)(=O)[O-])[C@@H](O[C@@H]4O[C@H](C(=O)[O-])[C@@H](O[C@H]5O[C@H](COS(=O)(=O)[O-])[C@@H](OC)[C@H](OC)[C@H]5OC)[C@H](OC)[C@H]4OC)[C@H](OS(=O)(=O)[O-])[C@H]3OS(=O)(=O)[O-])[C@H](OC)[C@H]2OC)[C@H](OS(=O)(=O)[O-])[C@H]1OS(=O)(=O)[O-]
CHEMBL5314389,O=C(N[C@@H](Cc1ccc(OCc2ccc3ccc(F)cc3n2)cc1)C(=O)[O-])c1ccc2ccccc2n1.[Na+],Na,metal_Na,O=C(N[C@@H](Cc1ccc(OCc2ccc3ccc(F)cc3n2)cc1)C(=O)[O-])c1ccc2ccccc2n1
CHEMBL5314407,Cn1ccc(S(=O)(=O)N2CCC[C@@H](Nc3nccc(-c4c(-c5cccc(OCOP(=O)([O-])[O-])c5)nc5occn45)n3)C2)n1.[Na+].[Na+],Na,metal_Na,Cn1ccc(S(=O)(=O)N2CCC[C@@H](Nc3nccc(-c4c(-c5cccc(OCOP(=O)([O-])[O-])c5)nc5occn45)n3)C2)n1
CHEMBL5314417,Cc1cc(OC/C=C(/c2ccc(F)cc2)c2ccc(C#CCN3CCOCC3)cc2)ccc1OCC(=O)[O-].[Na+],Na,metal_Na,Cc1cc(OC/C=C(/c2ccc(F)cc2)c2ccc(C#CCN3CCOCC3)cc2)ccc1OCC(=O)[O-]
CHEMBL5314419,Cn1nnc(-c2ccc(-c3ccc(N4C[C@H](COP(=O)([O-])[O-])OC4=O)cc3F)cn2)n1.[Na+].[Na+],Na,metal_Na,Cn1nnc(-c2ccc(-c3ccc(N4C[C@H](COP(=O)([O-])[O-])OC4=O)cc3F)cn2)n1
CHEMBL5314426,O=C([O-])CC(O)(CC(=O)[O-])C(=O)[O-].O=C([O-])CC(O)(CC(=O)[O-])C(=O)[O-].[K+].[K+].[K+].[K+].[Mg+2],K,metal_K,O=C([O-])CC(O)(CC(=O)[O-])C(=O)[O-]
CHEMBL5314577,Cc1cc(-n2nc3c(c2-n2ccn(-c4ccc5c(cnn5C)c4F)c2=O)[C@H](C)N(C(=O)c2cc4cc([C@H]5CCOC(C)(C)C5)ccc4n2[C@@]2(c4noc(=O)[n-]4)C[C@@H]2C)CC3)cc(C)c1F.Cc1cc(-n2nc3c(c2-n2ccn(-c4ccc5c(cnn5C)c4F)c2=O)[C@H](C)N(C(=O)c2cc4cc([C@H]5CCOC(C)(C)C5)ccc4n2[C@@]2(c4noc(=O)[n-]4)C[C@@H]2C)CC3)cc(C)c1F.[Ca+2],Ca,metal_Ca,Cc1cc(-n2nc3c(c2-n2ccn(-c4ccc5c(cnn5C)c4F)c2=O)[C@H](C)N(C(=O)c2cc4cc([C@H]5CCOC(C)(C)C5)ccc4n2[C@@]2(c4noc(=O)[n-]4)C[C@@H]2C)CC3)cc(C)c1F
CHEMBL5314590,COc1ccccc1Oc1c([N-]S(=O)(=O)c2ccc(C)cn2)nc(-c2ccnc(-c3nnn[n-]3)c2)nc1OCCO.[Na+].[Na+],Na,metal_Na,COc1ccccc1Oc1c([N-]S(=O)(=O)c2ccc(C)cn2)nc(-c2ccnc(-c3nnn[n-]3)c2)nc1OCCO
CHEMBL5314602,Cc1cc(O)c2c(=O)c3c(O)cc([O-])c4c5c(O)cc(O)c6c(=O)c7c(O)cc(C)c8c1c2c(c34)c(c78)c65.[Na+],Na,metal_Na,Cc1cc(O)c2c(=O)c3c(O)cc([O-])c4c5c(O)cc(O)c6c(=O)c7c(O)cc(C)c8c1c2c(c34)c(c78)c65
CHEMBL5314611,CC1(C)C(/C=C/C2=C(Oc3ccc(C[C@H](NC(=O)[C@H](Cc4ccccc4)NC(=O)CCOCCOCCNC(=O)CC[C@H](NC(=O)N[C@@H](CCC(=O)[O-])C(=O)[O-])C(=O)[O-])C(=O)[O-])cc3)/C(=C/C=C3/N(CCCCS(=O)(=O)[O-])c4ccc(S(=O)(=O)[O-])cc4C3(C)C)CCC2)=[N+](CCCCS(=O)(=O)[O-])c2ccc(S(=O)(=O)[O-])cc21.[Na+].[Na+].[Na+].[Na+].[Na+].[Na+].[Na+],Na,metal_Na,CC1(C)C(/C=C/C2=C(Oc3ccc(C[C@H](NC(=O)[C@H](Cc4ccccc4)NC(=O)CCOCCOCCNC(=O)CC[C@H](NC(=O)N[C@@H](CCC(=O)[O-])C(=O)[O-])C(=O)[O-])C(=O)[O-])cc3)C(=C/C=C3/N(CCCCS(=O)(=O)[O-])c4ccc(S(=O)(=O)[O-])cc4C3(C)C)/CCC2)=[N+](CCCCS(=O)(=O)[O-])c2ccc(S(=O)(=O)[O-])cc21
CHEMBL5314908,NC(CO)(CO)CO.O=C(COc1ccc(Cl)c(F)c1)NC12CCC(NC(=O)COc3ccc(Cl)c(F)c3)(CC1)[C@@H](OCOP(=O)([O-])O)C2.[Na+],Na,metal_Na,O=C(COc1ccc(Cl)c(F)c1)NC12CCC(NC(=O)COc3ccc(Cl)c(F)c3)(CC1)[C@@H](OCOP(=O)([O-])O)C2
CHEMBL5314930,O.O.O.O.O.OB1OB(O)O[B-]2(O1)OB(O)OB(O)O2.[Na+],Na,metal_Na,OB1OB(O)O[B-]2(O1)OB(O)OB(O)O2
CHEMBL5483015,O=[As][As+](=O)[O-],As,metal_As,O=[As][As+](=O)[O-]
CHEMBL5499218,CC[C@H](C)[C@@H]([C@@H](CC(=O)N1CCC[C@H]1[C@H](OC)[C@@H](C)C(=O)N[C@H](C)[C@@H](O)c1ccccc1)OC)N(C)C(=O)[C@@H](NC(=O)[C@H](C(C)C)N(C)C(=O)OCc1ccc(NC(=O)[C@H](CCCNC(N)=O)NC(=O)[C@@H](NC(=O)c2ccc(Cn3nnc4c3-c3ccccc3N(C(=O)CCC(=O)NCCOCCOCCOCCOCCC(=O)NCCCCCC(=O)N[C@@H](CCC(=O)N[C@@H](CCCOP(=O)([O-])N[C@@H](CCC(=O)[O-])C(=O)[O-])C(=O)[O-])C(=O)[O-])c3ccccc3-4)cc2)C(C)C)cc1)C(C)C.[K+].[K+].[K+].[K+].[K+],K,metal_K,CC[C@H](C)[C@@H]([C@@H](CC(=O)N1CCC[C@H]1[C@H](OC)[C@@H](C)C(=O)N[C@H](C)[C@@H](O)c1ccccc1)OC)N(C)C(=O)[C@@H](NC(=O)[C@H](C(C)C)N(C)C(=O)OCc1ccc(NC(=O)[C@H](CCCNC(N)=O)NC(=O)[C@@H](NC(=O)c2ccc(Cn3nnc4c3-c3ccccc3N(C(=O)CCC(=O)NCCOCCOCCOCCOCCC(=O)NCCCCCC(=O)N[C@@H](CCC(=O)N[C@@H](CCCOP(=O)([O-])N[C@@H](CCC(=O)[O-])C(=O)[O-])C(=O)[O-])C(=O)[O-])c3ccccc3-4)cc2)C(C)C)cc1)C(C)C
CHEMBL5499413,CC[C@H](C)[C@@H]([C@@H](CC(=O)N1CCC[C@H]1[C@H](OC)[C@@H](C)C(=O)N[C@H](C)[C@@H](O)c1ccccc1)OC)N(C)C(=O)[C@@H](NC(=O)[C@H](C(C)C)N(C)C(=O)OCc1ccc(OC(=O)N(C)CCN(C)P(=O)([O-])OCC[C@H](NC(=O)c2ccc(Cn3nnc4c3-c3ccccc3N(C(=O)CCC(=O)NCCOCCOCCOCCOCCC(=O)NCCCCCC(=O)N[C@@H](CCC(=O)N[C@@H](CCCOP(=O)([O-])N[C@@H](CCC(=O)[O-])C(=O)[O-])C(=O)[O-])C(=O)[O-])c3ccccc3-4)cc2)C(=O)[O-])cc1)C(C)C.[K+].[K+].[K+].[K+].[K+].[K+].[K+],K,metal_K,CC[C@H](C)[C@@H]([C@@H](CC(=O)N1CCC[C@H]1[C@H](OC)[C@@H](C)C(=O)N[C@H](C)[C@@H](O)c1ccccc1)OC)N(C)C(=O)[C@@H](NC(=O)[C@H](C(C)C)N(C)C(=O)OCc1ccc(OC(=O)N(C)CCN(C)P(=O)([O-])OCC[C@H](NC(=O)c2ccc(Cn3nnc4c3-c3ccccc3N(C(=O)CCC(=O)NCCOCCOCCOCCOCCC(=O)NCCCCCC(=O)N[C@@H](CCC(=O)N[C@@H](CCCOP(=O)([O-])N[C@@H](CCC(=O)[O-])C(=O)[O-])C(=O)[O-])C(=O)[O-])c3ccccc3-4)cc2)C(=O)[O-])cc1)C(C)C
CHEMBL5499994,O=C(Nc1ccc(C(=O)Nc2ccc(C(=O)Nc3ccc(OS(=O)(=O)[O-])c4cc(OS(=O)(=O)[O-])cc(OS(=O)(=O)[O-])c34)cc2)cc1)Nc1ccc(C(=O)Nc2ccc(C(=O)Nc3ccc(OS(=O)(=O)[O-])c4cc(OS(=O)(=O)[O-])cc(OS(=O)(=O)[O-])c34)cc2)cc1.[Na+].[Na+].[Na+].[Na+].[Na+].[Na+],Na,metal_Na,O=C(Nc1ccc(C(=O)Nc2ccc(C(=O)Nc3ccc(OS(=O)(=O)[O-])c4cc(OS(=O)(=O)[O-])cc(OS(=O)(=O)[O-])c34)cc2)cc1)Nc1ccc(C(=O)Nc2ccc(C(=O)Nc3ccc(OS(=O)(=O)[O-])c4cc(OS(=O)(=O)[O-])cc(OS(=O)(=O)[O-])c34)cc2)cc1
CHEMBL551970,CO[C@@H]1[C@@H](O)[C@H](O[C@H]2[C@H](O[C@@H]3[C@@H](O)[C@H](O[C@H]4C[C@@H]5C(=CC[C@]6(C)[C@@H]([C@H](C)CC[C@H](OS(=O)(=O)[O-])C(C)C)CC[C@@H]56)[C@@]5(C)CC[C@H](OS(=O)(=O)[O-])C[C@H]45)O[C@H](CO)[C@H]3O)OC[C@@H](O)[C@@H]2O)O[C@H](C)[C@H]1O.[Na+].[Na+],Na,metal_Na,CO[C@@H]1[C@@H](O)[C@H](O[C@H]2[C@H](O[C@@H]3[C@@H](O)[C@H](O[C@H]4C[C@@H]5C(=CC[C@]6(C)[C@@H]([C@H](C)CC[C@H](OS(=O)(=O)[O-])C(C)C)CC[C@@H]56)[C@@]5(C)CC[C@H](OS(=O)(=O)[O-])C[C@H]45)O[C@H](CO)[C@H]3O)OC[C@@H](O)[C@@H]2O)O[C@H](C)[C@H]1O
CHEMBL553852,COc1cc(/C=C\c2ccc(OC)c(OP(=O)([O-])[O-])c2OP(=O)([O-])[O-])cc(OP(=O)([O-])[O-])c1OC.[Li+].[Li+].[Li+].[Li+].[Li+].[Li+],Li,metal_Li,COc1cc(/C=C\c2ccc(OC)c(OP(=O)([O-])[O-])c2OP(=O)([O-])[O-])cc(OP(=O)([O-])[O-])c1OC
CHEMBL556940,CC(C)[C@H](CC[C@@H](C)[C@H]1CC[C@H]2[C@@H]3C[C@H](O[C@H]4O[C@H](O)[C@H](O)[C@@H](C)[C@@H]4OS(=O)(=O)[O-])[C@H]4C[C@@H](OS(=O)(=O)[O-])CC[C@]4(C)C3=CC[C@]12C)OS(=O)(=O)[O-].[Na+].[Na+].[Na+],Na,metal_Na,CC(C)[C@H](CC[C@@H](C)[C@H]1CC[C@H]2[C@@H]3C[C@H](O[C@H]4O[C@H](O)[C@H](O)[C@@H](C)[C@@H]4OS(=O)(=O)[O-])[C@H]4C[C@@H](OS(=O)(=O)[O-])CC[C@]4(C)C3=CC[C@]12C)OS(=O)(=O)[O-]
CHEMBL556988,C[C@@H]1C/C=C/CC/C=C/C(=N/OCC(=O)N2CCCCC2)Cc2cc(OP(=O)([O-])[O-])cc(OP(=O)([O-])[O-])c2C(=O)O1.[Na+].[Na+].[Na+].[Na+],Na,metal_Na,C[C@@H]1C/C=C/CC/C=C/C(=N/OCC(=O)N2CCCCC2)Cc2cc(OP(=O)([O-])[O-])cc(OP(=O)([O-])[O-])c2C(=O)O1
CHEMBL557036,CCC(CC)(c1cccc(F)c1)c1ccc(/C=C/[C@@H](O)C[C@@H](O)CC(=O)[O-])c(C(C)C)c1.[Na+],Na,metal_Na,CCC(CC)(c1cccc(F)c1)c1ccc(/C=C/[C@@H](O)C[C@@H](O)CC(=O)[O-])c(C(C)C)c1
CHEMBL557076,CCCCCCCC(=O)[O-].[Na+],Na,metal_Na,CCCCCCCC(=O)[O-]
CHEMBL557141,C=C[C@H]1CC[C@H]2[C@@H]3CC[C@H]4[C@@H](O[C@@H]5O[C@H](CO)[C@@H](O)[C@H](OS(=O)(=O)[O-])[C@H]5O)[C@@H](O)CC[C@]4(CO)[C@H]3CC[C@]12C.[Na+],Na,metal_Na,C=C[C@H]1CC[C@H]2[C@@H]3CC[C@H]4[C@@H](O[C@@H]5O[C@H](CO)[C@@H](O)[C@H](OS(=O)(=O)[O-])[C@H]5O)[C@@H](O)CC[C@]4(CO)[C@H]3CC[C@]12C
CHEMBL557852,CCC(CC)(c1ccccc1)c1ccc(/C=C/[C@@H](O)C[C@@H](O)CC(=O)[O-])c(-c2cccc(F)c2)c1.[Na+],Na,metal_Na,CCC(CC)(c1ccccc1)c1ccc(/C=C/[C@@H](O)C[C@@H](O)CC(=O)[O-])c(-c2cccc(F)c2)c1
CHEMBL558905,CCC(CC)(c1ccc(F)cc1)c1ccc(/C=C/[C@@H](O)C[C@@H](O)CC(=O)[O-])cc1.[Na+],Na,metal_Na,CCC(CC)(c1ccc(F)cc1)c1ccc(/C=C/[C@@H](O)C[C@@H](O)CC(=O)[O-])cc1
CHEMBL559154,C=C[C@H]1CC[C@H]2[C@@H]3CC[C@H]4[C@@H](O[C@@H]5O[C@H](CO)[C@@H](O)[C@H](OS(=O)(=O)[O-])[C@H]5O)[C@@H](OS(=O)(=O)[O-])CC[C@]4(CO)[C@H]3CC[C@]12C.[Na+].[Na+],Na,metal_Na,C=C[C@H]1CC[C@H]2[C@@H]3CC[C@H]4[C@@H](O[C@@H]5O[C@H](CO)[C@@H](O)[C@H](OS(=O)(=O)[O-])[C@H]5O)[C@@H](OS(=O)(=O)[O-])CC[C@]4(CO)[C@H]3CC[C@]12C
CHEMBL559917,O=C([O-])C(F)(F)F.[Na+],Na,metal_Na,O=C([O-])C(F)(F)F
CHEMBL560325,CCC(CC)(c1ccccc1)c1ccc(/C=C/[C@@H](O)C[C@@H](O)CC(=O)[O-])c(-c2ccccc2)c1.[Na+],Na,metal_Na,CCC(CC)(c1ccccc1)c1ccc(/C=C/[C@@H](O)C[C@@H](O)CC(=O)[O-])c(-c2ccccc2)c1
CHEMBL560523,CCC(CC)(c1ccccc1)c1ccc(/C=C/[C@@H](O)C[C@@H](O)CC(=O)[O-])c(-c2ccccc2F)c1.[Na+],Na,metal_Na,CCC(CC)(c1ccccc1)c1ccc(/C=C/[C@@H](O)C[C@@H](O)CC(=O)[O-])c(-c2ccccc2F)c1
CHEMBL561157,CCCCC[C@H](O)CC[C@@H]1[C@H]2Cc3cccc(OCC(=O)[O-])c3C[C@H]2C[C@H]1O.[Na+],Na,metal_Na,CCCCC[C@H](O)CC[C@@H]1[C@H]2Cc3cccc(OCC(=O)[O-])c3C[C@H]2C[C@H]1O
CHEMBL561350,CCCCCCCCCCCCS(=O)(=O)[O-].[Na+],Na,metal_Na,CCCCCCCCCCCCS(=O)(=O)[O-]
CHEMBL561380,C=C1CC[C@@H]2[C@](C)(CCC(=O)CCC(=O)[O-])[C@H](OC(=O)CCC(=O)[O-])CC[C@@]2(C)[C@@H]1/C=C/C1=CCOC1=O.[K+].[Na+],K,metal_K,C=C1CC[C@@H]2[C@](C)(CCC(=O)CCC(=O)[O-])[C@H](OC(=O)CCC(=O)[O-])CC[C@@]2(C)[C@@H]1/C=C/C1=CCOC1=O
CHEMBL561931,O=C1OCC/C=C/CC/C=C/C(=N/OCC(=O)N2CCCCC2)Cc2cc(OCOP(=O)([O-])[O-])cc(O)c21.[Na+].[Na+],Na,metal_Na,O=C1OCC/C=C/CC/C=C/C(=N/OCC(=O)N2CCCCC2)Cc2cc(OCOP(=O)([O-])[O-])cc(O)c21
CHEMBL562028,CCCCCc1cn(CCCC/C=C\CCCCCCC(=O)[O-])nn1.[Na+],Na,metal_Na,CCCCCc1cn(CCCC/C=C\CCCCCCC(=O)[O-])nn1
CHEMBL562275,CCCCCC(=O)OCC(COC(=O)CCCCC)O[C@@H]1O[C@H](CS(=O)(=O)[O-])[C@@H](O)[C@H](O)[C@H]1O.[Na+],Na,metal_Na,CCCCCC(=O)OCC(COC(=O)CCCCC)O[C@@H]1O[C@H](CS(=O)(=O)[O-])[C@@H](O)[C@H](O)[C@H]1O
CHEMBL562303,COc1ccc(-c2oc3cc(OC)c(OC)c(O)c3c(=O)c2OS(=O)(=O)[O-])cc1.[K+],K,metal_K,COc1ccc(-c2oc3cc(OC)c(OC)c(O)c3c(=O)c2OS(=O)(=O)[O-])cc1
CHEMBL562518,C=C1CC[C@@H]2[C@](C)(CO)[C@H](O)CC[C@@]2(C)[C@@H]1CC(C1=CCOC1=O)S(=O)(=O)[O-].[Na+],Na,metal_Na,C=C1CC[C@@H]2[C@](C)(CO)[C@H](O)CC[C@@]2(C)[C@@H]1CC(C1=CCOC1=O)S(=O)(=O)[O-]
CHEMBL562883,CCC(CC)(c1ccc(F)cc1)c1ccc(/C=C/[C@@H](O)C[C@@H](O)CC(=O)[O-])c(C(C)C)c1.[Na+],Na,metal_Na,CCC(CC)(c1ccc(F)cc1)c1ccc(/C=C/[C@@H](O)C[C@@H](O)CC(=O)[O-])c(C(C)C)c1
CHEMBL563164,O=P([O-])([O-])OCc1cc(Cl)ccc1-c1noc(-c2occc2Br)n1.[Na+].[Na+],Na,metal_Na,O=P([O-])([O-])OCc1cc(Cl)ccc1-c1noc(-c2occc2Br)n1
CHEMBL563315,COc1cc(/C=C\c2ccc(OC)c(OP(=O)([O-])[O-])c2OP(=O)([O-])[O-])cc(OP(=O)([O-])[O-])c1OC.[Ca+2].[Ca+2].[Ca+2],Ca,metal_Ca,COc1cc(/C=C\c2ccc(OC)c(OP(=O)([O-])[O-])c2OP(=O)([O-])[O-])cc(OP(=O)([O-])[O-])c1OC
CHEMBL563529,C[C@@H]1C/C=C/CC/C=C/C(=N/OCC(=O)N2CCCCC2)Cc2cc(OP(=O)([O-])[O-])cc(O)c2C(=O)O1.[Na+].[Na+],Na,metal_Na,C[C@@H]1C/C=C/CC/C=C/C(=N/OCC(=O)N2CCCCC2)Cc2cc(OP(=O)([O-])[O-])cc(O)c2C(=O)O1
CHEMBL564074,O=C1OCC/C=C/CC/C=C/C(=N/OCC(=O)N2CCCCC2)Cc2c(Cl)c(OP(=O)([O-])[O-])cc(O)c21.[Na+].[Na+],Na,metal_Na,O=C1OCC/C=C/CC/C=C/C(=N/OCC(=O)N2CCCCC2)Cc2c(Cl)c(OP(=O)([O-])[O-])cc(O)c21
CHEMBL564191,COc1cc(/C=C\c2ccc(OC)c(OP(=O)([O-])[O-])c2OP(=O)([O-])[O-])cc2c1OCO2.[Li+].[Li+].[Li+].[Li+],Li,metal_Li,COc1cc(/C=C\c2ccc(OC)c(OP(=O)([O-])[O-])c2OP(=O)([O-])[O-])cc2c1OCO2
CHEMBL564414,O=C1OCC/C=C/CC/C=C/C(=N/OCC(=O)N2CCCCC2)Cc2c(Cl)c(O)cc(OP(=O)([O-])[O-])c21.[Na+].[Na+],Na,metal_Na,O=C1OCC/C=C/CC/C=C/C(=N/OCC(=O)N2CCCCC2)Cc2c(Cl)c(O)cc(OP(=O)([O-])[O-])c21
CHEMBL564931,CCC(CC)(c1ccc(/C=C/[C@@H](O)C[C@@H](O)CC(=O)[O-])c(C(C)C)c1)c1ccccc1F.[Na+],Na,metal_Na,CCC(CC)(c1ccc(/C=C/[C@@H](O)C[C@@H](O)CC(=O)[O-])c(C(C)C)c1)c1ccccc1F
CHEMBL565888,COc1ccc(/C=C\c2cc(OC)c(OC)c(OC)c2)c(OP(=O)([O-])[O-])c1.[Na+].[Na+],Na,metal_Na,COc1ccc(/C=C\c2cc(OC)c(OC)c(OC)c2)c(OP(=O)([O-])[O-])c1
CHEMBL591665,O=C1O[C@H]([C@@H](O)CO)C([O-])=C1O.[Na+],Na,metal_Na,O=C1O[C@H]([C@@H](O)CO)C([O-])=C1O
CHEMBL606260,CC1(C)S[C@@H]2[C@H](NC(=O)C(C(=O)[O-])c3ccccc3)C(=O)N2[C@H]1C(=O)[O-].[Na+].[Na+],Na,metal_Na,CC1(C)S[C@@H]2[C@H](NC(=O)C(C(=O)[O-])c3ccccc3)C(=O)N2[C@H]1C(=O)[O-]
CHEMBL6067656,CO/N=C(\C(=O)N[C@@H]1C(=O)N2C(C(=O)[O-])=C(CSc3nc(=O)c([O-])nn3C)CS[C@H]12)c1csc(N)n1.CO/N=C(\C(=O)N[C@@H]1C(=O)N2C(C(=O)[O-])=C(CSc3nc(=O)c([O-])nn3C)CS[C@H]12)c1csc(N)n1.O.O.O.O.O.O.O.[Na+].[Na+].[Na+].[Na+],Na,metal_Na,CO/N=C(\C(=O)N[C@@H]1C(=O)N2C(C(=O)[O-])=C(CSc3nc(=O)c([O-])nn3C)CS[C@H]12)c1csc(N)n1
CHEMBL6067981,CCOc1ccc(C[C@@H](CN(CCN(CC(=O)[O-])CC(=O)O)CC(=O)[O-])N(CC(=O)O)CC(=O)O)cc1.[Ca+2],Ca,metal_Ca,CCOc1ccc(C[C@@H](CN(CCN(CC(=O)[O-])CC(=O)O)CC(=O)[O-])N(CC(=O)O)CC(=O)O)cc1
CHEMBL6067985,O.O=O.[Na+].[Na+].[Na+].[Na+].[O-][Cl+][O-].[O-][Cl+][O-].[O-][Cl+][O-].[O-][Cl+][O-],Na,metal_Na,[O-][Cl+][O-]
CHEMBL6067999,P.P.[Ca+2].[Na+].[Na+].[O-2].[O-2].[O-2].[O-2].[O-2].[O-2].[O-2].[O-2].[O-2].[SiH4],Ca,metal_Ca,P
CHEMBL6068001,O.O=C([O-])CC(O)(CC(=O)[O-])C(=O)O.O=C([O-])CC(O)(CC(=O)[O-])C(=O)O.O=C([O-])CC(O)(CC(=O)[O-])C(=O)O.O=C([O-])CC(O)(CC(=O)[O-])C(=O)[O-].O=C([O-])CC(O)(CC(=O)[O-])C(=O)[O-].[K+].[K+].[K+].[K+].[K+].[K+].[Na+].[Na+].[Na+].[Na+].[Na+].[Na+],K,metal_K,O=C([O-])CC(O)(CC(=O)[O-])C(=O)O
CHEMBL6068329,Nc1nc2[nH]cc(CCc3ccc(C(=O)N[C@@H](CCC(=O)[O-])C(=O)[O-])cc3)c2c(=O)[nH]1.[K+].[K+],K,metal_K,Nc1nc2[nH]cc(CCc3ccc(C(=O)N[C@@H](CCC(=O)[O-])C(=O)[O-])cc3)c2c(=O)[nH]1
CHEMBL6068335,Nc1nc2[nH]cc(CCc3ccc(C(=O)N[C@@H](CCC(=O)[O-])C(=O)[O-])cc3)c2c(=O)[nH]1.Nc1nc2[nH]cc(CCc3ccc(C(=O)N[C@@H](CCC(=O)[O-])C(=O)[O-])cc3)c2c(=O)[nH]1.O.O.O.O.O.[Na+].[Na+].[Na+].[Na+],Na,metal_Na,Nc1nc2[nH]cc(CCc3ccc(C(=O)N[C@@H](CCC(=O)[O-])C(=O)[O-])cc3)c2c(=O)[nH]1
CHEMBL6068396,CC1(C)C[C@@H]2CCCNc3cccc(n3)S(=O)(=O)[N-]C(=O)c3ccc(-n4ccc(OCCC5C6(CC6)C56CC6)n4)nc3N1C2.CC1(C)C[C@@H]2CCCNc3cccc(n3)S(=O)(=O)[N-]C(=O)c3ccc(-n4ccc(OCCC5C6(CC6)C56CC6)n4)nc3N1C2.[Ca+2],Ca,metal_Ca,CC1(C)C[C@@H]2CCCNc3cccc(n3)S(=O)(=O)[N-]C(=O)c3ccc(-n4ccc(OCCC5C6(CC6)C56CC6)n4)nc3N1C2
CHEMBL6068417,CCOC(=O)N1c2ccc(C(F)(F)F)cc2[C@@H](N(Cc2cc(C(F)(F)F)cc(C(F)(F)F)c2)c2ncc(OCCCC(=O)[O-])cn2)C[C@H]1CC.CCOC(=O)N1c2ccc(C(F)(F)F)cc2[C@@H](N(Cc2cc(C(F)(F)F)cc(C(F)(F)F)c2)c2ncc(OCCCC(=O)[O-])cn2)C[C@H]1CC.[Ca+2],Ca,metal_Ca,CCOC(=O)N1c2ccc(C(F)(F)F)cc2[C@@H](N(Cc2cc(C(F)(F)F)cc(C(F)(F)F)c2)c2ncc(OCCCC(=O)[O-])cn2)C[C@H]1CC
CHEMBL6068418,CCCCCCCCCCCCCCCCCC(=O)OCCCO[C@H]1O[C@H](CS(=O)(=O)[O-])[C@@H](O)[C@H](O)[C@H]1O.CCCCCCCCCCCCCCCCCC(=O)OCCCO[C@H]1O[C@H](CS(=O)(=O)[O-])[C@@H](O)[C@H](O)[C@H]1O.[Ca+2],Ca,metal_Ca,CCCCCCCCCCCCCCCCCC(=O)OCCCO[C@H]1O[C@H](CS(=O)(=O)[O-])[C@@H](O)[C@H](O)[C@H]1O
CHEMBL6068419,Nc1ncnc2c1ncn2[C@@H]1O[C@@H]2CO[P@@](=O)([S-])O[C@@H]3[C@H](O)[C@@H](CO[P@@](=O)([S-])O[C@H]2[C@H]1F)O[C@H]3n1cc(F)c2c(=O)nc[nH]c21.[Na+].[Na+],Na,metal_Na,Nc1ncnc2c1ncn2[C@@H]1O[C@@H]2CO[P@@](=O)([S-])O[C@@H]3[C@H](O)[C@@H](CO[P@@](=O)([S-])O[C@H]2[C@H]1F)O[C@H]3n1cc(F)c2c(=O)nc[nH]c21
CHEMBL6068422,Cc1c(Cl)cc(S(=O)(=O)[O-])cc1NC(=O)NC[C@H](N)C(=O)O.[Na+],Na,metal_Na,Cc1c(Cl)cc(S(=O)(=O)[O-])cc1NC(=O)NC[C@H](N)C(=O)O
CHEMBL6068479,O=C([O-])c1c(F)ccc2c1O[B-](O)(O)[C@@H]1C[C@H]21.[Na+].[Na+],Na,metal_Na,O=C([O-])c1c(F)ccc2c1O[B-](O)(O)[C@@H]1C[C@H]21
CHEMBL6068480,CCCCCCCC/C=C\CCCCCCC(O)C(=O)[O-].[Na+],Na,metal_Na,CCCCCCCC/C=C\CCCCCCC(O)C(=O)[O-]
CHEMBL6068482,O=C([O-])c1ccc(C2(NC(=O)[C@H]3CC4(CCN3Cc3ccc(C(F)(F)F)cc3)CC4)CC2)cc1.[Na+],Na,metal_Na,O=C([O-])c1ccc(C2(NC(=O)[C@H]3CC4(CCN3Cc3ccc(C(F)(F)F)cc3)CC4)CC2)cc1
CHEMBL6068503,[Se],Se,metal_Se,[Se]
CHEMBL6068530,CC(=O)NCCCCCC(=O)[O-].CC(=O)NCCCCCC(=O)[O-].[Zn+2],Zn,metal_Zn,CC(=O)NCCCCCC(=O)[O-]
CHEMBL6068557,C[C@H](O)C(=O)[O-].C[C@H](O)C(=O)[O-].O.O.[Mg+2],Mg,metal_Mg,C[C@H](O)C(=O)[O-]
CHEMBL6068764,O=C([O-])CC(O)(CC(=O)[O-])C(=O)O.O=C([O-])CC(O)(CC(=O)[O-])C(=O)O.O=C([O-])CC(O)(CC(=O)[O-])C(=O)O.O=C([O-])CC(O)(CC(=O)[O-])C(=O)[O-].O=C([O-])CC(O)(CC(=O)[O-])C(=O)[O-].[K+].[K+].[K+].[K+].[K+].[K+].[Na+].[Na+].[Na+].[Na+].[Na+].[Na+],K,metal_K,O=C([O-])CC(O)(CC(=O)[O-])C(=O)O
CHEMBL6068765,C[C@H](O)C(=O)[O-].C[C@H](O)C(=O)[O-].[Mg+2],Mg,metal_Mg,C[C@H](O)C(=O)[O-]
CHEMBL6069288,CC(C)C[C@H](NC(=O)OCC1CC(=O)N(CC2CCCCC2)C1)C(=O)N[C@@H](C[C@@H]1CCNC1=O)C(O)S(=O)(=O)[O-].[Na+],Na,metal_Na,CC(C)C[C@H](NC(=O)OCC1CC(=O)N(CC2CCCCC2)C1)C(=O)N[C@@H](C[C@@H]1CCNC1=O)C(O)S(=O)(=O)[O-]
CHEMBL6069300,CC(C)C[C@H](NC(=O)OCC1CCN(C[C@H]2C[C@H]3CC[C@@H]2C3)C1=O)C(=O)N[C@@H](C[C@@H]1CCNC1=O)C(O)S(=O)(=O)[O-].[Na+],Na,metal_Na,CC(C)C[C@H](NC(=O)OCC1CCN(C[C@H]2C[C@H]3CC[C@@H]2C3)C1=O)C(=O)N[C@@H](C[C@@H]1CCNC1=O)C(O)S(=O)(=O)[O-]
CHEMBL6069336,CC(C)C[C@H](NC(=O)OC[C@@H]1CCC(=O)N1CCC1CCCCC1)C(=O)N[C@@H](C[C@@H]1CCNC1=O)C(O)S(=O)(=O)[O-].[Na+],Na,metal_Na,CC(C)C[C@H](NC(=O)OC[C@@H]1CCC(=O)N1CCC1CCCCC1)C(=O)N[C@@H](C[C@@H]1CCNC1=O)C(O)S(=O)(=O)[O-]
CHEMBL6069399,CC(C)C[C@H](NC(=O)OC[C@@H]1CCC(=O)N1CC1CCCCC1)C(=O)N[C@@H](C[C@@H]1CCNC1=O)C(O)S(=O)(=O)[O-].[Na+],Na,metal_Na,CC(C)C[C@H](NC(=O)OC[C@@H]1CCC(=O)N1CC1CCCCC1)C(=O)N[C@@H](C[C@@H]1CCNC1=O)C(O)S(=O)(=O)[O-]
CHEMBL6069440,CC(C)C[C@H](NC(=O)OCC1CC(=O)N(CC2CC3CCC2C3)C1)C(=O)N[C@@H](C[C@@H]1CCNC1=O)C(O)S(=O)(=O)[O-].[Na+],Na,metal_Na,CC(C)C[C@H](NC(=O)OCC1CC(=O)N(CC2CC3CCC2C3)C1)C(=O)N[C@@H](C[C@@H]1CCNC1=O)C(O)S(=O)(=O)[O-]
CHEMBL6069443,CC(C)C[C@H](NC(=O)OCC1CCN(Cc2ccco2)C1=O)C(=O)N[C@@H](C[C@@H]1CCNC1=O)C(O)S(=O)(=O)[O-].[Na+],Na,metal_Na,CC(C)C[C@H](NC(=O)OCC1CCN(Cc2ccco2)C1=O)C(=O)N[C@@H](C[C@@H]1CCNC1=O)C(O)S(=O)(=O)[O-]
CHEMBL6069462,CC(C)C[C@H](NC(=O)OC[C@@H]1CCC(=O)N1CCc1ccccc1)C(=O)N[C@@H](C[C@@H]1CCNC1=O)C(O)S(=O)(=O)[O-].[Na+],Na,metal_Na,CC(C)C[C@H](NC(=O)OC[C@@H]1CCC(=O)N1CCc1ccccc1)C(=O)N[C@@H](C[C@@H]1CCNC1=O)C(O)S(=O)(=O)[O-]
CHEMBL6069469,CC(C)C[C@H](NC(=O)OC[C@@H]1CCC(=O)N1Cc1ccc2c(c1)OC(F)(F)O2)C(=O)N[C@@H](C[C@@H]1CCNC1=O)C(O)S(=O)(=O)[O-].[Na+],Na,metal_Na,CC(C)C[C@H](NC(=O)OC[C@@H]1CCC(=O)N1Cc1ccc2c(c1)OC(F)(F)O2)C(=O)N[C@@H](C[C@@H]1CCNC1=O)C(O)S(=O)(=O)[O-]
CHEMBL6069501,CC(C)C[C@H](NC(=O)OCC1CCN(CC2CCCCC2)C1=O)C(=O)N[C@@H](C[C@@H]1CCNC1=O)C(O)S(=O)(=O)[O-].[Na+],Na,metal_Na,CC(C)C[C@H](NC(=O)OCC1CCN(CC2CCCCC2)C1=O)C(=O)N[C@@H](C[C@@H]1CCNC1=O)C(O)S(=O)(=O)[O-]
CHEMBL6069508,CC(C)C[C@H](NC(=O)OC[C@@H]1CCC(=O)N1Cc1ccccc1)C(=O)N[C@@H](C[C@@H]1CCNC1=O)C(O)S(=O)(=O)[O-].[Na+],Na,metal_Na,CC(C)C[C@H](NC(=O)OC[C@@H]1CCC(=O)N1Cc1ccccc1)C(=O)N[C@@H](C[C@@H]1CCNC1=O)C(O)S(=O)(=O)[O-]
CHEMBL6069575,CC(C)C[C@H](NC(=O)OCC1CC(=O)N(Cc2ccccc2)C1)C(=O)N[C@@H](C[C@@H]1CCNC1=O)C(O)S(=O)(=O)[O-].[Na+],Na,metal_Na,CC(C)C[C@H](NC(=O)OCC1CC(=O)N(Cc2ccccc2)C1)C(=O)N[C@@H](C[C@@H]1CCNC1=O)C(O)S(=O)(=O)[O-]
CHEMBL6069606,CC(C)C[C@H](NC(=O)OC[C@@H]1CCC(=O)N1C[C@H]1C[C@@H]2CC[C@H]1C2)C(=O)N[C@@H](C[C@@H]1CCNC1=O)C(O)S(=O)(=O)[O-].[Na+],Na,metal_Na,CC(C)C[C@H](NC(=O)OC[C@@H]1CCC(=O)N1C[C@H]1C[C@@H]2CC[C@H]1C2)C(=O)N[C@@H](C[C@@H]1CCNC1=O)C(O)S(=O)(=O)[O-]
CHEMBL6069608,CC(C)C[C@H](NC(=O)OCC1CC(=O)N(CC2CC3C=CC2C3)C1)C(=O)N[C@@H](C[C@@H]1CCNC1=O)C(O)S(=O)(=O)[O-].[Na+],Na,metal_Na,CC(C)C[C@H](NC(=O)OCC1CC(=O)N(CC2CC3C=CC2C3)C1)C(=O)N[C@@H](C[C@@H]1CCNC1=O)C(O)S(=O)(=O)[O-]
CHEMBL6069626,CC(C)C[C@H](NC(=O)OCC1CC(=O)N(Cc2ccco2)C1)C(=O)N[C@@H](C[C@@H]1CCNC1=O)C(O)S(=O)(=O)[O-].[Na+],Na,metal_Na,CC(C)C[C@H](NC(=O)OCC1CC(=O)N(Cc2ccco2)C1)C(=O)N[C@@H](C[C@@H]1CCNC1=O)C(O)S(=O)(=O)[O-]
CHEMBL6069636,CC(C)C[C@H](NC(=O)OCC1CC(=O)N(Cc2cccc(C(F)(F)F)c2)C1)C(=O)N[C@@H](C[C@@H]1CCNC1=O)C(O)S(=O)(=O)[O-].[Na+],Na,metal_Na,CC(C)C[C@H](NC(=O)OCC1CC(=O)N(Cc2cccc(C(F)(F)F)c2)C1)C(=O)N[C@@H](C[C@@H]1CCNC1=O)C(O)S(=O)(=O)[O-]
CHEMBL6069660,CC(C)C[C@H](NC(=O)OC[C@@H]1CCC(=O)N1Cc1cccc(C(F)(F)F)c1)C(=O)N[C@@H](C[C@@H]1CCNC1=O)C(O)S(=O)(=O)[O-].[Na+],Na,metal_Na,CC(C)C[C@H](NC(=O)OC[C@@H]1CCC(=O)N1Cc1cccc(C(F)(F)F)c1)C(=O)N[C@@H](C[C@@H]1CCNC1=O)C(O)S(=O)(=O)[O-]
CHEMBL6069668,CC(C)C[C@H](NC(=O)OC[C@@H]1CCC(=O)N1Cc1cccc(F)c1)C(=O)N[C@@H](C[C@@H]1CCNC1=O)C(O)S(=O)(=O)[O-].[Na+],Na,metal_Na,CC(C)C[C@H](NC(=O)OC[C@@H]1CCC(=O)N1Cc1cccc(F)c1)C(=O)N[C@@H](C[C@@H]1CCNC1=O)C(O)S(=O)(=O)[O-]
CHEMBL6069703,CC(C)C[C@H](NC(=O)OCC1CCN(Cc2ccccc2)C1=O)C(=O)N[C@@H](C[C@@H]1CCNC1=O)C(O)S(=O)(=O)[O-].[Na+],Na,metal_Na,CC(C)C[C@H](NC(=O)OCC1CCN(Cc2ccccc2)C1=O)C(=O)N[C@@H](C[C@@H]1CCNC1=O)C(O)S(=O)(=O)[O-]
CHEMBL6069734,CC(C)C[C@H](NC(=O)OCC1CCN(C[C@H]2C[C@H]3C=C[C@@H]2C3)C1=O)C(=O)N[C@@H](C[C@@H]1CCNC1=O)C(O)S(=O)(=O)[O-].[Na+],Na,metal_Na,CC(C)C[C@H](NC(=O)OCC1CCN(C[C@H]2C[C@H]3C=C[C@@H]2C3)C1=O)C(=O)N[C@@H](C[C@@H]1CCNC1=O)C(O)S(=O)(=O)[O-]
CHEMBL6069778,CC(C)C[C@H](NC(=O)OC[C@H]1CCC(=O)N1CC1CCCCC1)C(=O)N[C@@H](C[C@@H]1CCNC1=O)C(O)S(=O)(=O)[O-].[Na+],Na,metal_Na,CC(C)C[C@H](NC(=O)OC[C@H]1CCC(=O)N1CC1CCCCC1)C(=O)N[C@@H](C[C@@H]1CCNC1=O)C(O)S(=O)(=O)[O-]
CHEMBL6069855,CC(C)C[C@H](NC(=O)OCC1CCN(Cc2cccc(C(F)(F)F)c2)C1=O)C(=O)N[C@@H](C[C@@H]1CCNC1=O)C(O)S(=O)(=O)[O-].[Na+],Na,metal_Na,CC(C)C[C@H](NC(=O)OCC1CCN(Cc2cccc(C(F)(F)F)c2)C1=O)C(=O)N[C@@H](C[C@@H]1CCNC1=O)C(O)S(=O)(=O)[O-]
CHEMBL6069867,CC(C)C[C@H](NC(=O)OC[C@@H]1CCC(=O)N1Cc1ccco1)C(=O)N[C@@H](C[C@@H]1CCNC1=O)C(O)S(=O)(=O)[O-].[Na+],Na,metal_Na,CC(C)C[C@H](NC(=O)OC[C@@H]1CCC(=O)N1Cc1ccco1)C(=O)N[C@@H](C[C@@H]1CCNC1=O)C(O)S(=O)(=O)[O-]
CHEMBL6070059,CC(C)C[C@H](NC(=O)OC[C@@H]1CCC(=O)N1CC1CCC(F)(F)CC1)C(=O)N[C@@H](C[C@@H]1CCNC1=O)C(O)S(=O)(=O)[O-].[Na+],Na,metal_Na,CC(C)C[C@H](NC(=O)OC[C@@H]1CCC(=O)N1CC1CCC(F)(F)CC1)C(=O)N[C@@H](C[C@@H]1CCNC1=O)C(O)S(=O)(=O)[O-]
CHEMBL6070366,CC(C)C[C@H](NC(=O)OC[C@@H]1CCC(=O)N1C[C@H]1C[C@@H]2C=C[C@H]1C2)C(=O)N[C@@H](C[C@@H]1CCNC1=O)C(O)S(=O)(=O)[O-].[Na+],Na,metal_Na,CC(C)C[C@H](NC(=O)OC[C@@H]1CCC(=O)N1C[C@H]1C[C@@H]2C=C[C@H]1C2)C(=O)N[C@@H](C[C@@H]1CCNC1=O)C(O)S(=O)(=O)[O-]
CHEMBL6070695,CC(C)C[C@H](NC(=O)OC[C@@H]1CCC(=O)N1Cc1cccc(Cl)c1)C(=O)N[C@@H](C[C@@H]1CCNC1=O)C(O)S(=O)(=O)[O-].[Na+],Na,metal_Na,CC(C)C[C@H](NC(=O)OC[C@@H]1CCC(=O)N1Cc1cccc(Cl)c1)C(=O)N[C@@H](C[C@@H]1CCNC1=O)C(O)S(=O)(=O)[O-]
CHEMBL6114882,C/C(=N\NC(N)=[Se])c1ccc(Br)cc1,Se,metal_Se,C/C(=N\NC(N)=[Se])c1ccc(Br)cc1
CHEMBL611725,[O-][Cl+3]([O-])([O-])O[Zn]O[Cl+3]([O-])([O-])[O-].c1ccc(OC2COc3ccccc3CNCCNCCNCc3ccccc3OC2)cc1,Zn,metal_Zn,c1ccc(OC2COc3ccccc3CNCCNCCNCc3ccccc3OC2)cc1
CHEMBL61441,O=C([O-])c1c(Cl)c(Cl)c(Cl)c(Cl)c1-c1c2cc(Br)c(=O)c(Br)c-2oc2c(Br)c([O-])c(Br)cc12.[Na+].[Na+],Na,metal_Na,O=C([O-])c1c(Cl)c(Cl)c(Cl)c(Cl)c1-c1c2cc(Br)c(=O)c(Br)c-2oc2c(Br)c([O-])c(Br)cc12
CHEMBL6197921,COc1cccc2[nH]c(C(=O)N[C@@H](CC(C)C)C(=O)N[C@@H](CC(C)C)C(O)S(=O)(=O)[O-])cc12.[Na+],Na,metal_Na,COc1cccc2[nH]c(C(=O)N[C@@H](CC(C)C)C(=O)N[C@@H](CC(C)C)C(O)S(=O)(=O)[O-])cc12
CHEMBL6198256,CC(C)C[C@@H](C(=O)N[C@@H](C[C@@H]1CCNC1=O)C(O)S(=O)(=O)[O-])N(C)C(=O)OCc1ccccc1.[Na+],Na,metal_Na,CC(C)C[C@@H](C(=O)N[C@@H](C[C@@H]1CCNC1=O)C(O)S(=O)(=O)[O-])N(C)C(=O)OCc1ccccc1
CHEMBL6198555,C=C1CC(C)(C)[C@@H](/C=C\[C@@H](C)[C@H]2CC[C@H]3[C@@H]4C[C@H](OS(=O)(=O)[O-])[C@H]5C[C@@H](O)CC[C@]5(C)[C@H]4CC[C@]23C)[C@H]1CC(O)[C@@H](C)[C@H]1CC[C@H]2[C@@H]3C[C@H](OS(=O)(=O)[O-])[C@H]4C[C@H](OS(=O)(=O)[O-])[C@@H](OS(=O)(=O)[O-])C[C@]4(C)[C@H]3CC[C@]12C.[Na+].[Na+].[Na+].[Na+],Na,metal_Na,C=C1CC(C)(C)[C@@H](/C=C\[C@@H](C)[C@H]2CC[C@H]3[C@@H]4C[C@H](OS(=O)(=O)[O-])[C@H]5C[C@@H](O)CC[C@]5(C)[C@H]4CC[C@]23C)[C@H]1CC(O)[C@@H](C)[C@H]1CC[C@H]2[C@@H]3C[C@H](OS(=O)(=O)[O-])[C@H]4C[C@H](OS(=O)(=O)[O-])[C@@H](OS(=O)(=O)[O-])C[C@]4(C)[C@H]3CC[C@]12C
CHEMBL6198625,CC(C)C[C@H](NC(=O)OCc1cccc(F)c1)C(=O)N[C@@H](CC1CCC1)C(O)S(=O)(=O)[O-].[Na+],Na,metal_Na,CC(C)C[C@H](NC(=O)OCc1cccc(F)c1)C(=O)N[C@@H](CC1CCC1)C(O)S(=O)(=O)[O-]
CHEMBL6198627,CC(C)C[C@H](NC(=O)OCc1cccc(F)c1)C(=O)N[C@@H](Cc1cscn1)C(O)S(=O)(=O)[O-].[Na+],Na,metal_Na,CC(C)C[C@H](NC(=O)OCc1cccc(F)c1)C(=O)N[C@@H](Cc1cscn1)C(O)S(=O)(=O)[O-]
CHEMBL6198644,CC(C)C[C@H](NC(=O)OCc1cccc(F)c1)C(=O)N[C@@H](CC(C)C)C(O)S(=O)(=O)[O-].[Na+],Na,metal_Na,CC(C)C[C@H](NC(=O)OCc1cccc(F)c1)C(=O)N[C@@H](CC(C)C)C(O)S(=O)(=O)[O-]
CHEMBL6198669,COc1cccc2[nH]c(C(=O)N[C@@H](CC(C)C)C(=O)N[C@@H](CC3CCC3)C(O)S(=O)(=O)[O-])cc12.[Na+],Na,metal_Na,COc1cccc2[nH]c(C(=O)N[C@@H](CC(C)C)C(=O)N[C@@H](CC3CCC3)C(O)S(=O)(=O)[O-])cc12
CHEMBL6198684,COc1cccc2[nH]c(C(=O)N[C@@H](CC(C)C)C(=O)N[C@@H](Cc3cscn3)C(O)S(=O)(=O)[O-])cc12.[Na+],Na,metal_Na,COc1cccc2[nH]c(C(=O)N[C@@H](CC(C)C)C(=O)N[C@@H](Cc3cscn3)C(O)S(=O)(=O)[O-])cc12
CHEMBL6198845,CC(C)CC(NC(=O)OCc1ccccc1Cl)C(=O)N[C@@H](C[C@@H]1CCNC1=O)[C@H](O)S(=O)(=O)[O-].[Na+],Na,metal_Na,CC(C)CC(NC(=O)OCc1ccccc1Cl)C(=O)N[C@@H](C[C@@H]1CCNC1=O)[C@H](O)S(=O)(=O)[O-]
CHEMBL6199096,C/C(=N\Nc1nc(C)c[se]1)c1cccc(Cl)c1.Cl,Se,metal_Se,C/C(=N\Nc1nc(C)c[se]1)c1cccc(Cl)c1
CHEMBL6199105,CC(C)C[C@H](NC(=O)OCc1cccc(C(F)(F)F)c1)C(=O)N[C@@H](C[C@@H]1CCNC1=O)[C@H](O)S(=O)(=O)[O-].[Na+],Na,metal_Na,CC(C)C[C@H](NC(=O)OCc1cccc(C(F)(F)F)c1)C(=O)N[C@@H](C[C@@H]1CCNC1=O)[C@H](O)S(=O)(=O)[O-]
CHEMBL62381,CCCC(=O)[O-].[Na+],Na,metal_Na,CCCC(=O)[O-]
CHEMBL62382,C[Se]C[C@H](N)C(=O)O,Se,metal_Se,C[Se]C[C@H](N)C(=O)O
CHEMBL63384,O=C([O-])c1ccccc1-c1c2cc([N+](=O)[O-])c(=O)c(Br)c-2oc2c(Br)c([O-])c([N+](=O)[O-])cc12.[Na+].[Na+],Na,metal_Na,O=C([O-])c1ccccc1-c1c2cc([N+](=O)[O-])c(=O)c(Br)c-2oc2c(Br)c([O-])c([N+](=O)[O-])cc12
CHEMBL6461,C[C@]1(/C=C/C#N)[C@H](C(=O)[O-])N2C(=O)C[C@H]2S1(=O)=O.[Na+],Na,metal_Na,C[C@]1(/C=C/C#N)[C@H](C(=O)[O-])N2C(=O)C[C@H]2S1(=O)=O
CHEMBL6469,C[C@]1(/C=C\C#N)[C@H](C(=O)[O-])N2C(=O)[C@@H](CO)[C@H]2S1(=O)=O.[Na+],Na,metal_Na,C[C@]1(/C=C\C#N)[C@H](C(=O)[O-])N2C(=O)[C@@H](CO)[C@H]2S1(=O)=O
CHEMBL6533,C[C@]1(Cn2ccnn2)[C@H](C(=O)[O-])N2C(=O)[C@@H](CO)[C@H]2S1(=O)=O.[Na+],Na,metal_Na,C[C@]1(Cn2ccnn2)[C@H](C(=O)[O-])N2C(=O)[C@@H](CO)[C@H]2S1(=O)=O
CHEMBL6678,CO/N=C/[C@@]1(C)[C@H](C(=O)[O-])N2C(=O)[C@@H](CO)[C@H]2S1(=O)=O.[Na+],Na,metal_Na,CO/N=C/[C@@]1(C)[C@H](C(=O)[O-])N2C(=O)[C@@H](CO)[C@H]2S1(=O)=O
CHEMBL675,NCCCC(O)(P(=O)([O-])O)P(=O)(O)O.[Na+],Na,metal_Na,NCCCC(O)(P(=O)([O-])O)P(=O)(O)O
CHEMBL6754,C=C1[C@@H](CC(=O)[O-])[C@H]1CCCC.[Na+],Na,metal_Na,C=C1[C@@H](CC(=O)[O-])[C@H]1CCCC
CHEMBL690,CC[C@H](C)C(=O)O[C@H]1C[C@H](O)C=C2C=C[C@H](C)[C@H](CC[C@@H](O)C[C@@H](O)CC(=O)[O-])[C@H]21.[Na+],Na,metal_Na,CC[C@H](C)C(=O)O[C@H]1C[C@H](O)C=C2C=C[C@H](C)[C@H](CC[C@@H](O)C[C@@H](O)CC(=O)[O-])[C@H]21
CHEMBL6923,C=C1[C@H](CCCCCCCCCCCC)[C@H]1CC(=O)[O-].[Na+],Na,metal_Na,C=C1[C@H](CCCCCCCCCCCC)[C@H]1CC(=O)[O-]
CHEMBL693,Cc1onc(-c2ccccc2)c1C(=O)N[C@@H]1C(=O)N2[C@@H]1SC(C)(C)[C@@H]2C(=O)[O-].[Na+],Na,metal_Na,Cc1onc(-c2ccccc2)c1C(=O)N[C@@H]1C(=O)N2[C@@H]1SC(C)(C)[C@@H]2C(=O)[O-]
CHEMBL7007,C=C1[C@H](CCCC)[C@H]1CC(=O)[O-].[Na+],Na,metal_Na,C=C1[C@H](CCCC)[C@H]1CC(=O)[O-]
CHEMBL7235,C=C1C[C@@H]1CC(=O)[O-].[Na+],Na,metal_Na,C=C1C[C@@H]1CC(=O)[O-]
CHEMBL738,CCCC(C)C1(CC)C(=O)[N-]C(=S)NC1=O.[Na+],Na,metal_Na,CCCC(C)C1(CC)C(=O)[N-]C(=S)NC1=O
CHEMBL74,O=C([O-])c1cc(=O)c2c(OCC(O)COc3cccc4oc(C(=O)[O-])cc(=O)c34)cccc2o1.[Na+].[Na+],Na,metal_Na,O=C([O-])c1cc(=O)c2c(OCC(O)COc3cccc4oc(C(=O)[O-])cc(=O)c34)cccc2o1
CHEMBL7402,C=C1[C@@H](CC(=O)[O-])[C@H]1CCCCCCCCCCCC.[Na+],Na,metal_Na,C=C1[C@@H](CC(=O)[O-])[C@H]1CCCCCCCCCCCC
CHEMBL7468,C=C1[C@@H](CC(=O)[O-])[C@H]1CCCCCCCC.[Na+],Na,metal_Na,C=C1[C@@H](CC(=O)[O-])[C@H]1CCCCCCCC
CHEMBL754,O=C([O-])P(=O)([O-])[O-].[Na+].[Na+].[Na+],Na,metal_Na,O=C([O-])P(=O)([O-])[O-]
CHEMBL80536,CC[C@](O)(C(=O)[O-])c1cc2n(c(=O)c1CO)Cc1cc3ccccc3nc1-2.[Na+],Na,metal_Na,CC[C@](O)(C(=O)[O-])c1cc2n(c(=O)c1CO)Cc1cc3ccccc3nc1-2
CHEMBL8511,CC(=O)OCC1=C(C(=O)[O-])N2C(=O)/C(=C\c3ccccc3)[C@H]2S(=O)(=O)C1.[Na+],Na,metal_Na,CC(=O)OCC1=C(C(=O)[O-])N2C(=O)/C(=C\c3ccccc3)[C@H]2S(=O)(=O)C1
CHEMBL876,Cc1ccc(Cl)c(Nc2ccccc2C(=O)[O-])c1Cl.[Na+],Na,metal_Na,Cc1ccc(Cl)c(Nc2ccccc2C(=O)[O-])c1Cl
CHEMBL88912,CCC(O)(C(=O)[O-])c1cc2n(c(=O)c1CO)Cc1cc3ccccc3nc1-2.[Na+],Na,metal_Na,CCC(O)(C(=O)[O-])c1cc2n(c(=O)c1CO)Cc1cc3ccccc3nc1-2
CHEMBL915,CCCc1c2oc(C(=O)[O-])cc(=O)c2cc2c(=O)cc(C(=O)[O-])n(CC)c12.[Na+].[Na+],Na,metal_Na,CCCc1c2oc(C(=O)[O-])cc(=O)c2cc2c(=O)cc(C(=O)[O-])n(CC)c12
CHEMBL91672,O=C1CN(/N=C/c2ncc(-c3ccc(Br)cc3)o2)C(=O)[N-]1.[Na+],Na,metal_Na,O=C1CN(/N=C/c2ncc(-c3ccc(Br)cc3)o2)C(=O)[N-]1
CHEMBL919,O=C1NC(c2ccccc2)(c2ccccc2)C(=O)N1COP(=O)([O-])[O-].[Na+].[Na+],Na,metal_Na,O=C1NC(c2ccccc2)(c2ccccc2)C(=O)N1COP(=O)([O-])[O-]
CHEMBL928,O=C1CN(/N=C/c2ccc(-c3ccc([N+](=O)[O-])cc3)o2)C(=O)[N-]1.[Na+],Na,metal_Na,O=C1CN(/N=C/c2ccc(-c3ccc([N+](=O)[O-])cc3)o2)C(=O)[N-]1
CHEMBL93268,O=N[O-].[Na+],Na,metal_Na,O=N[O-]
CHEMBL94694,CC#CCC(C)[C@H](O)/C=C/[C@H]1[C@H](O)CC2Oc3c(CCCC(=O)[O-])cccc3[C@@H]21.[Na+],Na,metal_Na,CC#CCC(C)[C@H](O)/C=C/[C@H]1[C@H](O)CC2Oc3c(CCCC(=O)[O-])cccc3[C@@H]21
CHEMBL962,CCCCC[C@H](O)/C=C/[C@@H]1[C@H]2C/C(=C/CCCC(=O)[O-])O[C@H]2C[C@H]1O.[Na+],Na,metal_Na,CCCCC[C@H](O)/C=C/[C@@H]1[C@H]2C/C(=C/CCCC(=O)[O-])O[C@H]2C[C@H]1O
CHEMBL971,CCCC(C)C1(CC)C(=O)N=C([O-])NC1=O.[Na+],Na,metal_Na,CCCC(C)C1(CC)C(=O)N=C([O-])NC1=O
CHEMBL975,O=S(=O)([O-])CCS.[Na+],Na,metal_Na,O=S(=O)([O-])CCS
CHEMBL995,CCCCc1nc(Cl)c(CO)n1Cc1ccc(-c2ccccc2-c2nnn[n-]2)cc1.[K+],K,metal_K,CCCCc1nc(Cl)c(CO)n1Cc1ccc(-c2ccccc2-c2nnn[n-]2)cc1
CHLORAMPHENICOL SODIUM SUCCINATE,O=C([O-])CCC(=O)OC[C@@H](NC(=O)C(Cl)Cl)[C@H](O)c1ccc([N+](=O)[O-])cc1.[Na+],Na,metal_Na,O=C([O-])CCC(=O)OC[C@@H](NC(=O)C(Cl)Cl)[C@H](O)c1ccc([N+](=O)[O-])cc1
CHLOROTHIAZIDE SODIUM,NS(=O)(=O)c1cc2c(cc1Cl)N=C[N-]S2(=O)=O.[Na+],Na,metal_Na,NS(=O)(=O)c1cc2c(cc1Cl)N=C[N-]S2(=O)=O
CILASTATIN SODIUM,CC1(C)C[C@@H]1C(=O)N/C(=C\CCCCSC[C@H](N)C(=O)O)C(=O)[O-].[Na+],Na,metal_Na,CC1(C)C[C@@H]1C(=O)N/C(=C\CCCCSC[C@H](N)C(=O)O)C(=O)[O-]
CLAVULANATE POTASSIUM,O=C([O-])[C@H]1/C(=C/CO)O[C@@H]2CC(=O)N21.[K+],K,metal_K,O=C([O-])[C@H]1/C(=C/CO)O[C@@H]2CC(=O)N21
CLORAZEPATE DIPOTASSIUM,O=C([O-])C1N=C(c2ccccc2)c2cc(Cl)ccc2NC1=O.[K+].[K+].[OH-],K,metal_K,O=C([O-])C1N=C(c2ccccc2)c2cc(Cl)ccc2NC1=O
CLOXACILLIN SODIUM,Cc1onc(-c2ccccc2Cl)c1C(=O)N[C@@H]1C(=O)N2[C@@H]1SC(C)(C)[C@@H]2C(=O)[O-].O.[Na+],Na,metal_Na,Cc1onc(-c2ccccc2Cl)c1C(=O)N[C@@H]1C(=O)N2[C@@H]1SC(C)(C)[C@@H]2C(=O)[O-]
CROMOLYN SODIUM,O=C([O-])c1cc(=O)c2c(OCC(O)COc3cccc4oc(C(=O)[O-])cc(=O)c34)cccc2o1.[Na+].[Na+],Na,metal_Na,O=C([O-])c1cc(=O)c2c(OCC(O)COc3cccc4oc(C(=O)[O-])cc(=O)c34)cccc2o1
CYCLOBARBITAL CALCIUM,CCC1(C2=CCCCC2)C(=O)[N-]C(=O)NC1=O.CCC1(C2=CCCCC2)C(=O)[N-]C(=O)NC1=O.[Ca+2],Ca,metal_Ca,CCC1(C2=CCCCC2)C(=O)[N-]C(=O)NC1=O
DANTROLENE SODIUM,O=C1CN(/N=C/c2ccc(-c3ccc([N+](=O)[O-])cc3)o2)C(=O)[N-]1.[Na+],Na,metal_Na,O=C1CN(/N=C/c2ccc(-c3ccc([N+](=O)[O-])cc3)o2)C(=O)[N-]1
DASABUVIR SODIUM MONOHYDRATE,COc1c(-c2ccc3cc(NS(C)(=O)=O)ccc3c2)cc(-n2ccc(=O)[n-]c2=O)cc1C(C)(C)C.O.[Na+],Na,metal_Na,COc1c(-c2ccc3cc(NS(C)(=O)=O)ccc3c2)cc(-n2ccc(=O)[n-]c2=O)cc1C(C)(C)C
DEXAMETHASONE SODIUM PHOSPHATE,C[C@@H]1C[C@H]2[C@@H]3CCC4=CC(=O)C=C[C@]4(C)[C@@]3(F)[C@@H](O)C[C@]2(C)[C@@]1(O)C(=O)COP(=O)([O-])[O-].[Na+].[Na+],Na,metal_Na,C[C@@H]1C[C@H]2[C@@H]3CCC4=CC(=O)C=C[C@]4(C)[C@@]3(F)[C@@H](O)C[C@]2(C)[C@@]1(O)C(=O)COP(=O)([O-])[O-]
DEXTROTHYROXINE SODIUM,N[C@H](Cc1cc(I)c(Oc2cc(I)c(O)c(I)c2)c(I)c1)C(=O)[O-].O.[Na+],Na,metal_Na,N[C@H](Cc1cc(I)c(Oc2cc(I)c(O)c(I)c2)c(I)c1)C(=O)[O-]
DIATRIZOATE SODIUM,CC(=O)Nc1c(I)c(NC(C)=O)c(I)c(C(=O)[O-])c1I.[Na+],Na,metal_Na,CC(=O)Nc1c(I)c(NC(C)=O)c(I)c(C(=O)[O-])c1I
DICLOFENAC POTASSIUM,O=C([O-])Cc1ccccc1Nc1c(Cl)cccc1Cl.[K+],K,metal_K,O=C([O-])Cc1ccccc1Nc1c(Cl)cccc1Cl
DICLOFENAC SODIUM,O=C([O-])Cc1ccccc1Nc1c(Cl)cccc1Cl.[Na+],Na,metal_Na,O=C([O-])Cc1ccccc1Nc1c(Cl)cccc1Cl
DICLOXACILLIN SODIUM,Cc1onc(-c2c(Cl)cccc2Cl)c1C(=O)N[C@@H]1C(=O)N2[C@@H]1SC(C)(C)[C@@H]2C(=O)[O-].O.[Na+],Na,metal_Na,Cc1onc(-c2c(Cl)cccc2Cl)c1C(=O)N[C@@H]1C(=O)N2[C@@H]1SC(C)(C)[C@@H]2C(=O)[O-]
DIPYRONE,Cc1c(N(C)CS(=O)(=O)[O-])c(=O)n(-c2ccccc2)n1C.O.[Na+],Na,metal_Na,Cc1c(N(C)CS(=O)(=O)[O-])c(=O)n(-c2ccccc2)n1C
DIQUAFOSOL TETRASODIUM,O=c1ccn([C@@H]2O[C@H](COP(=O)([O-])OP(=O)([O-])OP(=O)([O-])OP(=O)([O-])OC[C@H]3O[C@@H](n4ccc(=O)[nH]c4=O)[C@H](O)[C@@H]3O)[C@@H](O)[C@H]2O)c(=O)[nH]1.[Na+].[Na+].[Na+].[Na+],Na,metal_Na,O=c1ccn([C@@H]2O[C@H](COP(=O)([O-])OP(=O)([O-])OP(=O)([O-])OP(=O)([O-])OC[C@H]3O[C@@H](n4ccc(=O)[nH]c4=O)[C@H](O)[C@@H]3O)[C@@H](O)[C@H]2O)c(=O)[nH]1
DIVALPROEX SODIUM,CCCC(CCC)C(=O)O.CCCC(CCC)C(=O)[O-].[Na+],Na,metal_Na,CCCC(CCC)C(=O)O
DOCUSATE SODIUM,CCCCC(CC)COC(=O)CC(C(=O)OCC(CC)CCCC)S(=O)(=O)[O-].[Na+],Na,metal_Na,CCCCC(CC)COC(=O)CC(C(=O)OCC(CC)CCCC)S(=O)(=O)[O-]
DOLUTEGRAVIR SODIUM,C[C@@H]1CCO[C@H]2Cn3cc(C(=O)NCc4ccc(F)cc4F)c(=O)c([O-])c3C(=O)N12.[Na+],Na,metal_Na,C[C@@H]1CCO[C@H]2Cn3cc(C(=O)NCc4ccc(F)cc4F)c(=O)c([O-])c3C(=O)N12
DOXYCYCLINE CALCIUM,C[C@H]1c2cccc([O-])c2C(=O)C2=C(O)[C@]3(O)C(=O)C(C(N)=O)=C(O)[C@@H](N(C)C)[C@@H]3[C@@H](O)[C@@H]21.C[C@H]1c2cccc([O-])c2C(=O)C2=C(O)[C@]3(O)C(=O)C(C(N)=O)=C(O)[C@@H](N(C)C)[C@@H]3[C@@H](O)[C@@H]21.[Ca+2],Ca,metal_Ca,C[C@H]1c2cccc([O-])c2C(=O)C2=C(O)[C@]3(O)C(=O)C(C(N)=O)=C(O)[C@@H](N(C)C)[C@@H]3[C@@H](O)[C@@H]21
DURLOBACTAM SODIUM,CC1=C[C@@H]2CN(C(=O)N2OS(=O)(=O)[O-])[C@@H]1C(N)=O.[Na+],Na,metal_Na,CC1=C[C@@H]2CN(C(=O)N2OS(=O)(=O)[O-])[C@@H]1C(N)=O
EDETATE CALCIUM DISODIUM ANHYDROUS,O=C([O-])CN(CCN(CC(=O)[O-])CC(=O)[O-])CC(=O)[O-].[Ca+2].[Na+].[Na+],Ca,metal_Ca,O=C([O-])CN(CCN(CC(=O)[O-])CC(=O)[O-])CC(=O)[O-]
EDETATE CALCIUM DISODIUM MONOHYDRATE,O.O=C([O-])CN(CCN(CC(=O)[O-])CC(=O)[O-])CC(=O)[O-].[Ca+2].[Na+].[Na+],Ca,metal_Ca,O=C([O-])CN(CCN(CC(=O)[O-])CC(=O)[O-])CC(=O)[O-]
EDETATE DISODIUM,O.O.O=C([O-])CN(CCN(CC(=O)[O-])CC(=O)O)CC(=O)O.[Na+].[Na+],Na,metal_Na,O=C([O-])CN(CCN(CC(=O)[O-])CC(=O)O)CC(=O)O
EDETATE DISODIUM ANHYDROUS,O=C([O-])CN(CCN(CC(=O)[O-])CC(=O)O)CC(=O)O.[Na+].[Na+],Na,metal_Na,O=C([O-])CN(CCN(CC(=O)[O-])CC(=O)O)CC(=O)O
ELAGOLIX SODIUM,COc1cccc(-c2c(C)n(Cc3c(F)cccc3C(F)(F)F)c(=O)n(C[C@H](NCCCC(=O)[O-])c3ccccc3)c2=O)c1F.[Na+],Na,metal_Na,COc1cccc(-c2c(C)n(Cc3c(F)cccc3C(F)(F)F)c(=O)n(C[C@H](NCCCC(=O)[O-])c3ccccc3)c2=O)c1F
EPOPROSTENOL SODIUM,CCCCC[C@H](O)/C=C/[C@@H]1[C@H]2C/C(=C/CCCC(=O)[O-])O[C@H]2C[C@H]1O.[Na+],Na,metal_Na,CCCCC[C@H](O)/C=C/[C@@H]1[C@H]2C/C(=C/CCCC(=O)[O-])O[C@H]2C[C@H]1O
ERTAPENEM SODIUM,C[C@@H](O)[C@H]1C(=O)N2C(C(=O)[O-])=C(S[C@@H]3CN[C@H](C(=O)Nc4cccc(C(=O)O)c4)C3)[C@H](C)[C@H]12.[Na+],Na,metal_Na,C[C@@H](O)[C@H]1C(=O)N2C(C(=O)[O-])=C(S[C@@H]3CN[C@H](C(=O)Nc4cccc(C(=O)O)c4)C3)[C@H](C)[C@H]12
ESOMEPRAZOLE MAGNESIUM,COc1ccc2[nH]c([S@@+]([O-])Cc3ncc(C)c(OC)c3C)nc2c1.COc1ccc2[nH]c([S@@+]([O-])Cc3ncc(C)c(OC)c3C)nc2c1.O.O.O.[Mg+2],Mg,metal_Mg,COc1ccc2[nH]c([S@@+]([O-])Cc3ncc(C)c(OC)c3C)nc2c1
ESOMEPRAZOLE SODIUM,COc1ccc2[n-]c([S@@+]([O-])Cc3ncc(C)c(OC)c3C)nc2c1.[Na+],Na,metal_Na,COc1ccc2[n-]c([S@@+]([O-])Cc3ncc(C)c(OC)c3C)nc2c1
ESOMEPRAZOLE STRONTIUM,COc1ccc2[n-]c([S@@+]([O-])Cc3ncc(C)c(OC)c3C)nc2c1.COc1ccc2[n-]c([S@@+]([O-])Cc3ncc(C)c(OC)c3C)nc2c1.O.O.O.O.[Sr+2],Sr,metal_Sr,COc1ccc2[n-]c([S@@+]([O-])Cc3ncc(C)c(OC)c3C)nc2c1
ESTRAMUSTINE PHOSPHATE SODIUM,C[C@]12CC[C@@H]3c4ccc(OC(=O)N(CCCl)CCCl)cc4CC[C@H]3[C@@H]1CC[C@@H]2OP(=O)([O-])[O-].[Na+].[Na+],Na,metal_Na,C[C@]12CC[C@@H]3c4ccc(OC(=O)N(CCCl)CCCl)cc4CC[C@H]3[C@@H]1CC[C@@H]2OP(=O)([O-])[O-]
ETHACRYNATE SODIUM,C=C(CC)C(=O)c1ccc(OCC(=O)[O-])c(Cl)c1Cl.[Na+],Na,metal_Na,C=C(CC)C(=O)c1ccc(OCC(=O)[O-])c(Cl)c1Cl
ETIDRONATE DISODIUM,CC(O)(P(=O)([O-])O)P(=O)([O-])O.[Na+].[Na+],Na,metal_Na,CC(O)(P(=O)([O-])O)P(=O)([O-])O
EVANS BLUE,Cc1cc(-c2ccc(/N=N/c3ccc4c(S(=O)(=O)[O-])cc(S(=O)(=O)[O-])c(N)c4c3O)c(C)c2)ccc1/N=N/c1ccc2c(S(=O)(=O)[O-])cc(S(=O)(=O)[O-])c(N)c2c1O.[Na+].[Na+].[Na+].[Na+],Na,metal_Na,Cc1cc(-c2ccc(/N=N/c3ccc4c(S(=O)(=O)[O-])cc(S(=O)(=O)[O-])c(N)c4c3O)c(C)c2)ccc1/N=N/c1ccc2c(S(=O)(=O)[O-])cc(S(=O)(=O)[O-])c(N)c2c1O
FENOPROFEN CALCIUM,CC(C(=O)[O-])c1cccc(Oc2ccccc2)c1.CC(C(=O)[O-])c1cccc(Oc2ccccc2)c1.O.O.[Ca+2],Ca,metal_Ca,CC(C(=O)[O-])c1cccc(Oc2ccccc2)c1
FLUORESCEIN SODIUM,O=C([O-])c1ccccc1-c1c2ccc(=O)cc-2oc2cc([O-])ccc12.[Na+].[Na+],Na,metal_Na,O=C([O-])c1ccccc1-c1c2ccc(=O)cc-2oc2cc([O-])ccc12
FLURBIPROFEN SODIUM,CC(C(=O)[O-])c1ccc(-c2ccccc2)c(F)c1.O.O.[Na+],Na,metal_Na,CC(C(=O)[O-])c1ccc(-c2ccccc2)c(F)c1
FLUVASTATIN SODIUM,CC(C)n1c(/C=C/C(O)CC(O)CC(=O)[O-])c(-c2ccc(F)cc2)c2ccccc21.[Na+],Na,metal_Na,CC(C)n1c(/C=C/C(O)CC(O)CC(=O)[O-])c(-c2ccc(F)cc2)c2ccccc21
FOSAMPRENAVIR CALCIUM,CC(C)CN(C[C@@H](OP(=O)([O-])[O-])[C@H](Cc1ccccc1)NC(=O)O[C@H]1CCOC1)S(=O)(=O)c1ccc(N)cc1.[Ca+2],Ca,metal_Ca,CC(C)CN(C[C@@H](OP(=O)([O-])[O-])[C@H](Cc1ccccc1)NC(=O)O[C@H]1CCOC1)S(=O)(=O)c1ccc(N)cc1
FOSCARNET SODIUM,O=C([O-])P(=O)([O-])[O-].[Na+].[Na+].[Na+],Na,metal_Na,O=C([O-])P(=O)([O-])[O-]
FOSINOPRIL SODIUM,CCC(=O)O[C@@H](O[P@](=O)(CCCCc1ccccc1)CC(=O)N1C[C@H](C2CCCCC2)C[C@H]1C(=O)[O-])C(C)C.[Na+],Na,metal_Na,CCC(=O)O[C@@H](O[P@](=O)(CCCCc1ccccc1)CC(=O)N1C[C@H](C2CCCCC2)C[C@H]1C(=O)[O-])C(C)C
FOSPHENYTOIN SODIUM,O=C1NC(c2ccccc2)(c2ccccc2)C(=O)N1COP(=O)([O-])[O-].[Na+].[Na+],Na,metal_Na,O=C1NC(c2ccccc2)(c2ccccc2)C(=O)N1COP(=O)([O-])[O-]
FOSPROPOFOL DISODIUM,CC(C)c1cccc(C(C)C)c1OCOP(=O)([O-])[O-].[Na+].[Na+],Na,metal_Na,CC(C)c1cccc(C(C)C)c1OCOP(=O)([O-])[O-]
FOSTAMATINIB DISODIUM,COc1cc(Nc2ncc(F)c(Nc3ccc4c(n3)N(COP(=O)([O-])[O-])C(=O)C(C)(C)O4)n2)cc(OC)c1OC.O.O.O.O.O.O.[Na+].[Na+],Na,metal_Na,COc1cc(Nc2ncc(F)c(Nc3ccc4c(n3)N(COP(=O)([O-])[O-])C(=O)C(C)(C)O4)n2)cc(OC)c1OC
FUSIDATE SODIUM,CC(=O)O[C@H]1C[C@@]2(C)[C@@H](C[C@@H](O)[C@H]3[C@@]4(C)CC[C@@H](O)[C@@H](C)[C@@H]4CC[C@@]32C)/C1=C(\CCC=C(C)C)C(=O)[O-].[Na+],Na,metal_Na,CC(=O)O[C@H]1C[C@@]2(C)[C@@H](C[C@@H](O)[C@H]3[C@@]4(C)CC[C@@H](O)[C@@H](C)[C@@H]4CC[C@@]32C)/C1=C(\CCC=C(C)C)C(=O)[O-]
GALLIUM GA 68 GOZETOTIDE,O=C([O-])CN(CCN(CC(=O)[O-])Cc1cc(CCC(=O)NCCCCCC(=O)NCCCC[C@H](NC(=O)N[C@@H](CCC(=O)O)C(=O)O)C(=O)O)ccc1[O-])Cc1cc(CCC(=O)O)ccc1[O-].[68Ga+3].[OH3+],Ga,metal_Ga,O=C([O-])CN(CCN(CC(=O)[O-])Cc1cc(CCC(=O)NCCCCCC(=O)NCCCC[C@H](NC(=O)N[C@@H](CCC(=O)O)C(=O)O)C(=O)O)ccc1[O-])Cc1cc(CCC(=O)O)ccc1[O-]
GANCICLOVIR SODIUM,Nc1nc([O-])c2ncn(COC(CO)CO)c2n1.[Na+],Na,metal_Na,Nc1nc([O-])c2ncn(COC(CO)CO)c2n1
Galantamine,CN1CC[C@@]23C=C[C@H](C[C@@H]2OC4=C(C=CC(=C34)OC)OC)O,,smiles_invalido_rdkit,
HETACILLIN POTASSIUM,CC1(C)S[C@@H]2[C@H](N3C(=O)[C@@H](c4ccccc4)NC3(C)C)C(=O)N2[C@H]1C(=O)[O-].[K+],K,metal_K,CC1(C)S[C@@H]2[C@H](N3C(=O)[C@@H](c4ccccc4)NC3(C)C)C(=O)N2[C@H]1C(=O)[O-]
HYDROCORTISONE SODIUM PHOSPHATE,C[C@]12CCC(=O)C=C1CC[C@@H]1[C@@H]2[C@@H](O)C[C@@]2(C)[C@H]1CC[C@]2(O)C(=O)COP(=O)([O-])[O-].[Na+].[Na+],Na,metal_Na,C[C@]12CCC(=O)C=C1CC[C@@H]1[C@@H]2[C@@H](O)C[C@@]2(C)[C@H]1CC[C@]2(O)C(=O)COP(=O)([O-])[O-]
HYDROCORTISONE SODIUM SUCCINATE,C[C@]12CCC(=O)C=C1CC[C@@H]1[C@@H]2[C@@H](O)C[C@@]2(C)[C@H]1CC[C@]2(O)C(=O)COC(=O)CCC(=O)[O-].[Na+],Na,metal_Na,C[C@]12CCC(=O)C=C1CC[C@@H]1[C@@H]2[C@@H](O)C[C@@]2(C)[C@H]1CC[C@]2(O)C(=O)COC(=O)CCC(=O)[O-]
HYDROTALCITE,O.O.O.O.O=C([O-])[O-].[Al+3].[Al+3].[Mg+2].[Mg+2].[Mg+2].[Mg+2].[Mg+2].[Mg+2].[OH-].[OH-].[OH-].[OH-].[OH-].[OH-].[OH-].[OH-].[OH-].[OH-].[OH-].[OH-].[OH-].[OH-].[OH-].[OH-],Al,metal_Al,O=C([O-])[O-]
HYDROTALCITE ANHYDROUS,O=C([O-])[O-].[Al+3].[Al+3].[Mg+2].[Mg+2].[Mg+2].[Mg+2].[Mg+2].[Mg+2].[OH-].[OH-].[OH-].[OH-].[OH-].[OH-].[OH-].[OH-].[OH-].[OH-].[OH-].[OH-].[OH-].[OH-].[OH-].[OH-],Al,metal_Al,O=C([O-])[O-]
IBANDRONATE SODIUM,CCCCCN(C)CCC(O)(P(=O)([O-])O)P(=O)(O)O.O.[Na+],Na,metal_Na,CCCCCN(C)CCC(O)(P(=O)([O-])O)P(=O)(O)O
IBUPROFEN SODIUM,CC(C)Cc1ccc(C(C)C(=O)[O-])cc1.O.O.[Na+],Na,metal_Na,CC(C)Cc1ccc(C(C)C(=O)[O-])cc1
INDIGOTINDISULFONATE SODIUM,O=C1/C(=C2\Nc3ccc(S(=O)(=O)[O-])cc3C2=O)Nc2ccc(S(=O)(=O)[O-])cc21.[Na+].[Na+],Na,metal_Na,O=C1/C(=C2\Nc3ccc(S(=O)(=O)[O-])cc3C2=O)Nc2ccc(S(=O)(=O)[O-])cc21
INDOCYANINE GREEN,CC1(C)C(/C=C/C=C/C=C/C=C2\N(CCCCS(=O)(=O)[O-])c3ccc4ccccc4c3C2(C)C)=[N+](CCCCS(=O)(=O)[O-])c2ccc3ccccc3c21.[Na+],Na,metal_Na,CC1(C)C(/C=C/C=C/C=C/C=C2\N(CCCCS(=O)(=O)[O-])c3ccc4ccccc4c3C2(C)C)=[N+](CCCCS(=O)(=O)[O-])c2ccc3ccccc3c21
INDOMETHACIN SODIUM,COc1ccc2c(c1)c(CC(=O)[O-])c(C)n2C(=O)c1ccc(Cl)cc1.O.O.O.[Na+],Na,metal_Na,COc1ccc2c(c1)c(CC(=O)[O-])c(C)n2C(=O)c1ccc(Cl)cc1
IODIPAMIDE SODIUM,O=C(CCCCC(=O)Nc1c(I)cc(I)c(C(=O)[O-])c1I)Nc1c(I)cc(I)c(C(=O)[O-])c1I.[Na+].[Na+],Na,metal_Na,O=C(CCCCC(=O)Nc1c(I)cc(I)c(C(=O)[O-])c1I)Nc1c(I)cc(I)c(C(=O)[O-])c1I
IODOHIPPURATE SODIUM I 123,O=C([O-])CNC(=O)c1ccccc1[123I].[Na+],Na,metal_Na,O=C([O-])CNC(=O)c1ccccc1[123I]
IODOHIPPURATE SODIUM I 131,O=C([O-])CNC(=O)c1ccccc1[131I].[Na+],Na,metal_Na,O=C([O-])CNC(=O)c1ccccc1[131I]
IOTHALAMATE SODIUM,CNC(=O)c1c(I)c(NC(C)=O)c(I)c(C(=O)[O-])c1I.[Na+],Na,metal_Na,CNC(=O)c1c(I)c(NC(C)=O)c(I)c(C(=O)[O-])c1I
IOTHALAMATE SODIUM I 125,CNC(=O)c1c(I)c(NC(C)=O)c([125I])c(C(=O)[O-])c1[125I].[Na+],Na,metal_Na,CNC(=O)c1c(I)c(NC(C)=O)c([125I])c(C(=O)[O-])c1[125I]
IOXAGLATE SODIUM,CNC(=O)c1c(I)c(C(=O)NCC(=O)Nc2c(I)c(C(=O)[O-])c(I)c(C(=O)NCCO)c2I)c(I)c(N(C)C(C)=O)c1I.[Na+],Na,metal_Na,CNC(=O)c1c(I)c(C(=O)NCC(=O)Nc2c(I)c(C(=O)[O-])c(I)c(C(=O)NCCO)c2I)c(I)c(N(C)C(C)=O)c1I
IPODATE CALCIUM,CN(C)/C=N/c1c(I)cc(I)c(CCC(=O)[O-])c1I.CN(C)/C=N/c1c(I)cc(I)c(CCC(=O)[O-])c1I.[Ca+2],Ca,metal_Ca,CN(C)/C=N/c1c(I)cc(I)c(CCC(=O)[O-])c1I
IPODATE SODIUM,CN(C)/C=N/c1c(I)cc(I)c(CCC(=O)[O-])c1I.[Na+],Na,metal_Na,CN(C)/C=N/c1c(I)cc(I)c(CCC(=O)[O-])c1I
ISOSULFAN BLUE,CCN(CC)c1ccc(C(=C2C=CC(=[N+](CC)CC)C=C2)c2cc(S(=O)(=O)[O-])ccc2S(=O)(=O)[O-])cc1.[Na+],Na,metal_Na,CCN(CC)c1ccc(C(=C2C=CC(=[N+](CC)CC)C=C2)c2cc(S(=O)(=O)[O-])ccc2S(=O)(=O)[O-])cc1
LENACAPAVIR SODIUM,CC(C)(C#Cc1ccc(-c2ccc(Cl)c3c([N-]S(C)(=O)=O)nn(CC(F)(F)F)c23)c([C@H](Cc2cc(F)cc(F)c2)NC(=O)Cn2nc(C(F)(F)F)c3c2C(F)(F)[C@@H]2C[C@H]32)n1)S(C)(=O)=O.[Na+],Na,metal_Na,CC(C)(C#Cc1ccc(-c2ccc(Cl)c3c([N-]S(C)(=O)=O)nn(CC(F)(F)F)c23)c([C@H](Cc2cc(F)cc(F)c2)NC(=O)Cn2nc(C(F)(F)F)c3c2C(F)(F)[C@@H]2C[C@H]32)n1)S(C)(=O)=O
LEUCOVORIN CALCIUM,Nc1nc(=O)c2c([nH]1)NCC(CNc1ccc(C(=O)N[C@@H](CCC(=O)[O-])C(=O)[O-])cc1)N2C=O.[Ca+2],Ca,metal_Ca,Nc1nc(=O)c2c([nH]1)NCC(CNc1ccc(C(=O)N[C@@H](CCC(=O)[O-])C(=O)[O-])cc1)N2C=O
LEVOLEUCOVORIN CALCIUM,Nc1nc(=O)c2c([nH]1)NC[C@H](CNc1ccc(C(=O)N[C@@H](CCC(=O)[O-])C(=O)[O-])cc1)N2C=O.[Ca+2],Ca,metal_Ca,Nc1nc(=O)c2c([nH]1)NC[C@H](CNc1ccc(C(=O)N[C@@H](CCC(=O)[O-])C(=O)[O-])cc1)N2C=O
LEVOMEFOLATE CALCIUM,CN1c2c([nH]c(N)nc2=O)NC[C@@H]1CNc1ccc(C(=O)N[C@@H](CCC(=O)[O-])C(=O)[O-])cc1.[Ca+2],Ca,metal_Ca,CN1c2c([nH]c(N)nc2=O)NC[C@@H]1CNc1ccc(C(=O)N[C@@H](CCC(=O)[O-])C(=O)[O-])cc1
LEVOTHYROXINE SODIUM,N[C@@H](Cc1cc(I)c(Oc2cc(I)c(O)c(I)c2)c(I)c1)C(=O)[O-].O.[Na+],Na,metal_Na,N[C@@H](Cc1cc(I)c(Oc2cc(I)c(O)c(I)c2)c(I)c1)C(=O)[O-]
LIOTHYRONINE SODIUM,N[C@@H](Cc1cc(I)c(Oc2ccc(O)c(I)c2)c(I)c1)C(=O)[O-].[Na+],Na,metal_Na,N[C@@H](Cc1cc(I)c(Oc2ccc(O)c(I)c2)c(I)c1)C(=O)[O-]
LITHIUM,[Li+].[Li+].C(=O)([O-])[O-],Li,metal_Li,O=C([O-])[O-]
LITHIUM CARBONATE,O=C([O-])[O-].[Li+].[Li+],Li,metal_Li,O=C([O-])[O-]
LITHIUM CITRATE,O.O.O.O.O=C([O-])CC(O)(CC(=O)[O-])C(=O)[O-].[Li+].[Li+].[Li+],Li,metal_Li,O=C([O-])CC(O)(CC(=O)[O-])C(=O)[O-]
LITHIUM CITRATE ANHYDROUS,O=C([O-])CC(O)(CC(=O)[O-])C(=O)[O-].[Li+].[Li+].[Li+],Li,metal_Li,O=C([O-])CC(O)(CC(=O)[O-])C(=O)[O-]
LITHIUM_CARBONATE,[Li+].[Li+].C(=O)([O-])[O-],Li,metal_Li,O=C([O-])[O-]
LOSARTAN POTASSIUM,CCCCc1nc(Cl)c(CO)n1Cc1ccc(-c2ccccc2-c2nnn[n-]2)cc1.[K+],K,metal_K,CCCCc1nc(Cl)c(CO)n1Cc1ccc(-c2ccccc2-c2nnn[n-]2)cc1
Lithium_Carbonate,[Li+].[Li+].C(=O)([O-])[O-],Li,metal_Li,O=C([O-])[O-]
MAGALDRATE,O.O=S(=O)([O-])[O-].O=S(=O)([O-])[O-].[Al+3].[Al+3].[Al+3].[Al+3].[Al+3].[Mg+2].[Mg+2].[Mg+2].[Mg+2].[Mg+2].[Mg+2].[Mg+2].[Mg+2].[Mg+2].[Mg+2].[OH-].[OH-].[OH-].[OH-].[OH-].[OH-].[OH-].[OH-].[OH-].[OH-].[OH-].[OH-].[OH-].[OH-].[OH-].[OH-].[OH-].[OH-].[OH-].[OH-].[OH-].[OH-].[OH-].[OH-].[OH-].[OH-].[OH-].[OH-].[OH-].[OH-].[OH-],Al,metal_Al,[Al+3]
MAGALDRATE ANHYDROUS,O=S(=O)([O-])[O-].O=S(=O)([O-])[O-].[Al+3].[Al+3].[Al+3].[Al+3].[Al+3].[Mg+2].[Mg+2].[Mg+2].[Mg+2].[Mg+2].[Mg+2].[Mg+2].[Mg+2].[Mg+2].[Mg+2].[OH-].[OH-].[OH-].[OH-].[OH-].[OH-].[OH-].[OH-].[OH-].[OH-].[OH-].[OH-].[OH-].[OH-].[OH-].[OH-].[OH-].[OH-].[OH-].[OH-].[OH-].[OH-].[OH-].[OH-].[OH-].[OH-].[OH-].[OH-].[OH-].[OH-].[OH-],Al,metal_Al,[Al+3]
MAGNESIUM ACETATE,CC(=O)[O-].CC(=O)[O-].[Mg+2],Mg,metal_Mg,CC(=O)[O-]
MAGNESIUM ACETATE TETRAHYDRATE,CC(=O)[O-].CC(=O)[O-].O.O.O.O.[Mg+2],Mg,metal_Mg,CC(=O)[O-]
MAGNESIUM CARBONATE,O=C([O-])[O-].[Mg+2],Mg,metal_Mg,O=C([O-])[O-]
MAGNESIUM CHLORIDE,O.O.O.O.O.O.[Cl-].[Cl-].[Mg+2],Mg,metal_Mg,O
MAGNESIUM CHLORIDE ANHYDROUS,[Cl-].[Cl-].[Mg+2],Mg,metal_Mg,[Mg+2]
MAGNESIUM CITRATE,O=C([O-])CC(O)(CC(=O)[O-])C(=O)[O-].O=C([O-])CC(O)(CC(=O)[O-])C(=O)[O-].[Mg+2].[Mg+2].[Mg+2],Mg,metal_Mg,O=C([O-])CC(O)(CC(=O)[O-])C(=O)[O-]
MAGNESIUM HYDROXIDE,[Mg+2].[OH-].[OH-],Mg,metal_Mg,[OH-]
MAGNESIUM OXIDE,O=[Mg],Mg,metal_Mg,[O]=[Mg]
MAGNESIUM OXYBATE,O=C([O-])CCCO.O=C([O-])CCCO.[Mg+2],Mg,metal_Mg,O=C([O-])CCCO
MAGNESIUM SULFATE,O.O.O.O.O.O.O.O=S(=O)([O-])[O-].[Mg+2],Mg,metal_Mg,O=S(=O)([O-])[O-]
MAGNESIUM SULFATE ANHYDROUS,O=S(=O)([O-])[O-].[Mg+2],Mg,metal_Mg,O=S(=O)([O-])[O-]
MAGNESIUM TRISILICATE,O=[Si]([O-])O[Si]([O-])([O-])O[Si](=O)[O-].[Mg+2].[Mg+2],Mg,metal_Mg,O=[Si]([O-])O[Si]([O-])([O-])O[Si](=O)[O-]
MAGNESIUM_SULFATE,[O-]S(=O)(=O)[O-].[Mg+2],Mg,metal_Mg,O=S(=O)([O-])[O-]
MECLOFENAMATE SODIUM,Cc1ccc(Cl)c(Nc2ccccc2C(=O)[O-])c1Cl.O.[Na+],Na,metal_Na,Cc1ccc(Cl)c(Nc2ccccc2C(=O)[O-])c1Cl
MENADIOL SODIUM DIPHOSPHATE,Cc1cc(OP(=O)([O-])[O-])c2ccccc2c1OP(=O)([O-])[O-].O.O.O.O.O.O.[Na+].[Na+].[Na+].[Na+],Na,metal_Na,Cc1cc(OP(=O)([O-])[O-])c2ccccc2c1OP(=O)([O-])[O-]
MESNA,O=S(=O)([O-])CCS.[Na+],Na,metal_Na,O=S(=O)([O-])CCS
METHICILLIN SODIUM,COc1cccc(OC)c1C(=O)N[C@@H]1C(=O)N2[C@@H]1SC(C)(C)[C@@H]2C(=O)[O-].O.[Na+],Na,metal_Na,COc1cccc(OC)c1C(=O)N[C@@H]1C(=O)N2[C@@H]1SC(C)(C)[C@@H]2C(=O)[O-]
METHIODAL SODIUM,O=S(=O)([O-])CI.[Na+],Na,metal_Na,O=S(=O)([O-])CI
METHOHEXITAL SODIUM,C=CCC1(C(C)C#CCC)C(=O)N=C([O-])N(C)C1=O.[Na+],Na,metal_Na,C=CCC1(C(C)C#CCC)C(=O)N=C([O-])N(C)C1=O
METHOTREXATE SODIUM,CN(Cc1cnc2nc(N)nc(N)c2n1)c1ccc(C(=O)N[C@@H](CCC(=O)[O-])C(=O)[O-])cc1.[Na+].[Na+],Na,metal_Na,CN(Cc1cnc2nc(N)nc(N)c2n1)c1ccc(C(=O)N[C@@H](CCC(=O)[O-])C(=O)[O-])cc1
METHYLPREDNISOLONE SODIUM SUCCINATE,C[C@H]1C[C@@H]2[C@H]([C@@H](O)C[C@@]3(C)[C@H]2CC[C@]3(O)C(=O)COC(=O)CCC(=O)[O-])[C@@]2(C)C=CC(=O)C=C12.[Na+],Na,metal_Na,C[C@H]1C[C@@H]2[C@H]([C@@H](O)C[C@@]3(C)[C@H]2CC[C@]3(O)C(=O)COC(=O)CCC(=O)[O-])[C@@]2(C)C=CC(=O)C=C12
METRIZOATE MAGNESIUM,CC(=O)Nc1c(I)c(C(=O)[O-])c(I)c(N(C)C(C)=O)c1I.CC(=O)Nc1c(I)c(C(=O)[O-])c(I)c(N(C)C(C)=O)c1I.[Mg+2],Mg,metal_Mg,CC(=O)Nc1c(I)c(C(=O)[O-])c(I)c(N(C)C(C)=O)c1I
METRIZOATE SODIUM,CC(=O)Nc1c(I)c(C(=O)[O-])c(I)c(N(C)C(C)=O)c1I.[Na+],Na,metal_Na,CC(=O)Nc1c(I)c(C(=O)[O-])c(I)c(N(C)C(C)=O)c1I
MEZLOCILLIN SODIUM,CC1(C)S[C@@H]2[C@H](NC(=O)[C@H](NC(=O)N3CCN(S(C)(=O)=O)C3=O)c3ccccc3)C(=O)N2[C@H]1C(=O)[O-].[Na+],Na,metal_Na,CC1(C)S[C@@H]2[C@H](NC(=O)[C@H](NC(=O)N3CCN(S(C)(=O)=O)C3=O)c3ccccc3)C(=O)N2[C@H]1C(=O)[O-]
MICAFUNGIN SODIUM,CCCCCOc1ccc(-c2cc(-c3ccc(C(=O)N[C@H]4C[C@@H](O)[C@@H](O)NC(=O)[C@@H]5[C@@H](O)[C@@H](C)CN5C(=O)[C@H]([C@H](O)CC(N)=O)NC(=O)[C@H]([C@H](O)[C@@H](O)c5ccc(O)c(OS(=O)(=O)[O-])c5)NC(=O)[C@@H]5C[C@@H](O)CN5C(=O)[C@H]([C@@H](C)O)NC4=O)cc3)no2)cc1.[Na+],Na,metal_Na,CCCCCOc1ccc(-c2cc(-c3ccc(C(=O)N[C@H]4C[C@@H](O)[C@@H](O)NC(=O)[C@@H]5[C@@H](O)[C@@H](C)CN5C(=O)[C@H]([C@H](O)CC(N)=O)NC(=O)[C@H]([C@H](O)[C@@H](O)c5ccc(O)c(OS(=O)(=O)[O-])c5)NC(=O)[C@@H]5C[C@@H](O)CN5C(=O)[C@H]([C@@H](C)O)NC4=O)cc3)no2)cc1
MIFAMURTIDE,CCCCCCCCCCCCCCCC(=O)OC[C@H](COP(=O)([O-])OCCNC(=O)[C@H](C)NC(=O)CC[C@@H](NC(=O)[C@H](C)NC(=O)[C@@H](C)O[C@H]1[C@H](O)[C@@H](CO)OC(O)[C@@H]1NC(C)=O)C(N)=O)OC(=O)CCCCCCCCCCCCCCC.O.[Na+],Na,metal_Na,CCCCCCCCCCCCCCCC(=O)OC[C@H](COP(=O)([O-])OCCNC(=O)[C@H](C)NC(=O)CC[C@@H](NC(=O)[C@H](C)NC(=O)[C@@H](C)O[C@H]1[C@H](O)[C@@H](CO)OC(O)[C@@H]1NC(C)=O)C(N)=O)OC(=O)CCCCCCCCCCCCCCC
MONENSIN SODIUM,CC[C@@]1([C@H]2O[C@H]([C@H]3O[C@@](O)(CO)[C@H](C)C[C@@H]3C)C[C@H]2C)CC[C@H]([C@@]2(C)CC[C@]3(C[C@H](O)[C@@H](C)[C@@H]([C@H](C)[C@H](OC)[C@@H](C)C(=O)[O-])O3)O2)O1.[Na+],Na,metal_Na,CC[C@@]1([C@H]2O[C@H]([C@H]3O[C@@](O)(CO)[C@H](C)C[C@@H]3C)C[C@H]2C)CC[C@H]([C@@]2(C)CC[C@]3(C[C@H](O)[C@@H](C)[C@@H]([C@H](C)[C@H](OC)[C@@H](C)C(=O)[O-])O3)O2)O1
MONTELUKAST SODIUM,CC(C)(O)c1ccccc1CC[C@@H](SCC1(CC(=O)[O-])CC1)c1cccc(/C=C/c2ccc3ccc(Cl)cc3n2)c1.[Na+],Na,metal_Na,CC(C)(O)c1ccccc1CC[C@@H](SCC1(CC(=O)[O-])CC1)c1cccc(/C=C/c2ccc3ccc(Cl)cc3n2)c1
MOXALACTAM DISODIUM,CO[C@@]1(NC(=O)C(C(=O)[O-])c2ccc(O)cc2)C(=O)N2C(C(=O)[O-])=C(CSc3nnnn3C)CO[C@@H]21.[Na+].[Na+],Na,metal_Na,CO[C@@]1(NC(=O)C(C(=O)[O-])c2ccc(O)cc2)C(=O)N2C(C(=O)[O-])=C(CSc3nnnn3C)CO[C@@H]21
MUPIROCIN CALCIUM,C/C(=C\C(=O)OCCCCCCCCC(=O)[O-])C[C@@H]1OC[C@H](C[C@@H]2O[C@H]2[C@@H](C)[C@H](C)O)[C@@H](O)[C@H]1O.C/C(=C\C(=O)OCCCCCCCCC(=O)[O-])C[C@@H]1OC[C@H](C[C@@H]2O[C@H]2[C@@H](C)[C@H](C)O)[C@@H](O)[C@H]1O.O.O.[Ca+2],Ca,metal_Ca,C/C(=C\C(=O)OCCCCCCCCC(=O)[O-])C[C@@H]1OC[C@H](C[C@@H]2O[C@H]2[C@@H](C)[C@H](C)O)[C@@H](O)[C@H]1O
MYCOPHENOLATE SODIUM,COc1c(C)c2c(c(O)c1C/C=C(\C)CCC(=O)[O-])C(=O)OC2.[Na+],Na,metal_Na,COc1c(C)c2c(c(O)c1C/C=C(\C)CCC(=O)[O-])C(=O)OC2
Magnesium_Sulfate,[O-]S(=O)(=O)[O-].[Mg+2],Mg,metal_Mg,O=S(=O)([O-])[O-]
NAFCILLIN SODIUM,CCOc1ccc2ccccc2c1C(=O)N[C@@H]1C(=O)N2[C@@H]1SC(C)(C)[C@@H]2C(=O)[O-].O.[Na+],Na,metal_Na,CCOc1ccc2ccccc2c1C(=O)N[C@@H]1C(=O)N2[C@@H]1SC(C)(C)[C@@H]2C(=O)[O-]
NAPROXEN SODIUM,COc1ccc2cc([C@H](C)C(=O)[O-])ccc2c1.[Na+],Na,metal_Na,COc1ccc2cc([C@H](C)C(=O)[O-])ccc2c1
NEDOCROMIL SODIUM,CCCc1c2oc(C(=O)[O-])cc(=O)c2cc2c(=O)cc(C(=O)[O-])n(CC)c12.[Na+].[Na+],Na,metal_Na,CCCc1c2oc(C(=O)[O-])cc(=O)c2cc2c(=O)cc(C(=O)[O-])n(CC)c12
NITROFURANTOIN SODIUM,O=C1CN(/N=C/c2ccc([N+](=O)[O-])o2)C(=O)[N-]1.[Na+],Na,metal_Na,O=C1CN(/N=C/c2ccc([N+](=O)[O-])o2)C(=O)[N-]1
NOVOBIOCIN SODIUM,CO[C@@H]1[C@@H](OC(N)=O)[C@@H](O)[C@H](Oc2ccc3c([O-])c(NC(=O)c4ccc(O)c(CC=C(C)C)c4)c(=O)oc3c2C)OC1(C)C.[Na+],Na,metal_Na,CO[C@@H]1[C@@H](OC(N)=O)[C@@H](O)[C@H](Oc2ccc3c([O-])c(NC(=O)c4ccc(O)c(CC=C(C)C)c4)c(=O)oc3c2C)OC1(C)C
OLSALAZINE SODIUM,O=C([O-])c1cc(/N=N/c2ccc(O)c(C(=O)[O-])c2)ccc1O.[Na+].[Na+],Na,metal_Na,O=C([O-])c1cc(/N=N/c2ccc(O)c(C(=O)[O-])c2)ccc1O
OMEPRAZOLE MAGNESIUM,COc1ccc2[n-]c([S+]([O-])Cc3ncc(C)c(OC)c3C)nc2c1.COc1ccc2[n-]c([S+]([O-])Cc3ncc(C)c(OC)c3C)nc2c1.[Mg+2],Mg,metal_Mg,COc1ccc2[n-]c([S+]([O-])Cc3ncc(C)c(OC)c3C)nc2c1
OXACILLIN SODIUM,Cc1onc(-c2ccccc2)c1C(=O)N[C@@H]1C(=O)N2[C@@H]1SC(C)(C)[C@@H]2C(=O)[O-].O.[Na+],Na,metal_Na,Cc1onc(-c2ccccc2)c1C(=O)N[C@@H]1C(=O)N2[C@@H]1SC(C)(C)[C@@H]2C(=O)[O-]
OXAPROZIN POTASSIUM,O=C([O-])CCc1nc(-c2ccccc2)c(-c2ccccc2)o1.[K+],K,metal_K,O=C([O-])CCc1nc(-c2ccccc2)c(-c2ccccc2)o1
OXYTETRACYCLINE CALCIUM,CN(C)[C@@H]1C([O-])=C(C(N)=O)C(=O)[C@@]2(O)C(O)=C3C(=O)c4c(O)cccc4[C@@](C)(O)[C@H]3[C@H](O)[C@@H]12.CN(C)[C@@H]1C([O-])=C(C(N)=O)C(=O)[C@@]2(O)C(O)=C3C(=O)c4c(O)cccc4[C@@](C)(O)[C@H]3[C@H](O)[C@@H]12.[Ca+2],Ca,metal_Ca,CN(C)[C@@H]1C([O-])=C(C(N)=O)C(=O)[C@@]2(O)C(O)=C3C(=O)c4c(O)cccc4[C@@](C)(O)[C@H]3[C@H](O)[C@@H]12
PAFOLACIANINE SODIUM,CC1(C)C(/C=C/C2=C(Oc3ccc(C[C@H](NC(=O)c4ccc(NCc5cnc6nc(N)[nH]c(=O)c6n5)cc4)C(=O)[O-])cc3)/C(=C/C=C3\N(CCCCS(=O)(=O)[O-])c4ccc(S(=O)(=O)[O-])cc4C3(C)C)CCC2)=[N+](CCCCS(=O)(=O)[O-])c2ccc(S(=O)(=O)[O-])cc21.[Na+].[Na+].[Na+].[Na+],Na,metal_Na,CC1(C)C(/C=C/C2=C(Oc3ccc(C[C@H](NC(=O)c4ccc(NCc5cnc6nc(N)[nH]c(=O)c6n5)cc4)C(=O)[O-])cc3)C(=C/C=C3\N(CCCCS(=O)(=O)[O-])c4ccc(S(=O)(=O)[O-])cc4C3(C)C)/CCC2)=[N+](CCCCS(=O)(=O)[O-])c2ccc(S(=O)(=O)[O-])cc21
PAMIDRONATE DISODIUM,NCCC(O)(P(=O)([O-])O)P(=O)([O-])O.O.O.O.O.O.[Na+].[Na+],Na,metal_Na,NCCC(O)(P(=O)([O-])O)P(=O)([O-])O
PANTOPRAZOLE SODIUM,COc1ccnc(C[S+]([O-])c2nc3cc(OC(F)F)ccc3[n-]2)c1OC.O.[Na+],Na,metal_Na,COc1ccnc(C[S+]([O-])c2nc3cc(OC(F)F)ccc3[n-]2)c1OC
PARECOXIB SODIUM,CCC(=O)[N-]S(=O)(=O)c1ccc(-c2c(-c3ccccc3)noc2C)cc1.[Na+],Na,metal_Na,CCC(=O)[N-]S(=O)(=O)c1ccc(-c2c(-c3ccccc3)noc2C)cc1
PEMETREXED DIPOTASSIUM,Nc1nc2[nH]cc(CCc3ccc(C(=O)N[C@@H](CCC(=O)[O-])C(=O)[O-])cc3)c2c(=O)[nH]1.[K+].[K+],K,metal_K,Nc1nc2[nH]cc(CCc3ccc(C(=O)N[C@@H](CCC(=O)[O-])C(=O)[O-])cc3)c2c(=O)[nH]1
PEMETREXED DISODIUM,Nc1nc2[nH]cc(CCc3ccc(C(=O)N[C@@H](CCC(=O)[O-])C(=O)[O-])cc3)c2c(=O)[nH]1.[Na+].[Na+],Na,metal_Na,Nc1nc2[nH]cc(CCc3ccc(C(=O)N[C@@H](CCC(=O)[O-])C(=O)[O-])cc3)c2c(=O)[nH]1
PEMETREXED DISODIUM HEMIPENTAHYDRATE,Nc1nc2[nH]cc(CCc3ccc(C(=O)N[C@@H](CCC(=O)[O-])C(=O)[O-])cc3)c2c(=O)[nH]1.Nc1nc2[nH]cc(CCc3ccc(C(=O)N[C@@H](CCC(=O)[O-])C(=O)[O-])cc3)c2c(=O)[nH]1.O.O.O.O.O.[Na+].[Na+].[Na+].[Na+],Na,metal_Na,Nc1nc2[nH]cc(CCc3ccc(C(=O)N[C@@H](CCC(=O)[O-])C(=O)[O-])cc3)c2c(=O)[nH]1
PEMIROLAST POTASSIUM,Cc1cccn2c(=O)c(-c3nnn[n-]3)cnc12.[K+],K,metal_K,Cc1cccn2c(=O)c(-c3nnn[n-]3)cnc12
PENCICLOVIR SODIUM,Nc1nc([O-])c2ncn(CCC(CO)CO)c2n1.[Na+],Na,metal_Na,Nc1nc([O-])c2ncn(CCC(CO)CO)c2n1
PENICILLIN G POTASSIUM,CC1(C)S[C@@H]2[C@H](NC(=O)Cc3ccccc3)C(=O)N2[C@H]1C(=O)[O-].[K+],K,metal_K,CC1(C)S[C@@H]2[C@H](NC(=O)Cc3ccccc3)C(=O)N2[C@H]1C(=O)[O-]
PENICILLIN G SODIUM,CC1(C)S[C@@H]2[C@H](NC(=O)Cc3ccccc3)C(=O)N2[C@H]1C(=O)[O-].[Na+],Na,metal_Na,CC1(C)S[C@@H]2[C@H](NC(=O)Cc3ccccc3)C(=O)N2[C@H]1C(=O)[O-]
PENICILLIN V POTASSIUM,CC1(C)S[C@@H]2[C@H](NC(=O)COc3ccccc3)C(=O)N2[C@H]1C(=O)[O-].[K+],K,metal_K,CC1(C)S[C@@H]2[C@H](NC(=O)COc3ccccc3)C(=O)N2[C@H]1C(=O)[O-]
PENTETATE CALCIUM TRISODIUM,O=C([O-])CN(CCN(CC(=O)[O-])CC(=O)[O-])CCN(CC(=O)[O-])CC(=O)[O-].[Ca+2].[Na+].[Na+].[Na+],Ca,metal_Ca,O=C([O-])CN(CCN(CC(=O)[O-])CC(=O)[O-])CCN(CC(=O)[O-])CC(=O)[O-]
PENTETATE ZINC TRISODIUM,O=C([O-])CN(CCN(CC(=O)[O-])CC(=O)[O-])CCN(CC(=O)[O-])CC(=O)[O-].[Na+].[Na+].[Na+].[Zn+2],Na,metal_Na,O=C([O-])CN(CCN(CC(=O)[O-])CC(=O)[O-])CCN(CC(=O)[O-])CC(=O)[O-]
PENTOBARBITAL SODIUM,CCCC(C)C1(CC)C(=O)N=C([O-])NC1=O.[Na+],Na,metal_Na,CCCC(C)C1(CC)C(=O)N=C([O-])NC1=O
PHENOBARBITAL SODIUM,CCC1(c2ccccc2)C(=O)N=C([O-])NC1=O.[Na+],Na,metal_Na,CCC1(c2ccccc2)C(=O)N=C([O-])NC1=O
PHENYTOIN SODIUM,O=C1N=C([O-])NC1(c1ccccc1)c1ccccc1.[Na+],Na,metal_Na,O=C1N=C([O-])NC1(c1ccccc1)c1ccccc1
PIPERACILLIN SODIUM,CCN1CCN(C(=O)N[C@@H](C(=O)N[C@@H]2C(=O)N3[C@@H]2SC(C)(C)[C@@H]3C(=O)[O-])c2ccccc2)C(=O)C1=O.[Na+],Na,metal_Na,CCN1CCN(C(=O)N[C@@H](C(=O)N[C@@H]2C(=O)N3[C@@H]2SC(C)(C)[C@@H]3C(=O)[O-])c2ccccc2)C(=O)C1=O
PITAVASTATIN CALCIUM,O=C([O-])C[C@H](O)C[C@H](O)/C=C/c1c(C2CC2)nc2ccccc2c1-c1ccc(F)cc1.O=C([O-])C[C@H](O)C[C@H](O)/C=C/c1c(C2CC2)nc2ccccc2c1-c1ccc(F)cc1.[Ca+2],Ca,metal_Ca,O=C([O-])C[C@H](O)C[C@H](O)/C=C/c1c(C2CC2)nc2ccccc2c1-c1ccc(F)cc1
PITAVASTATIN MAGNESIUM,O=C([O-])C[C@H](O)C[C@H](O)/C=C/c1c(C2CC2)nc2ccccc2c1-c1ccc(F)cc1.O=C([O-])C[C@H](O)C[C@H](O)/C=C/c1c(C2CC2)nc2ccccc2c1-c1ccc(F)cc1.[Mg+2],Mg,metal_Mg,O=C([O-])C[C@H](O)C[C@H](O)/C=C/c1c(C2CC2)nc2ccccc2c1-c1ccc(F)cc1
PITAVASTATIN SODIUM,O=C([O-])C[C@H](O)C[C@H](O)/C=C/c1c(C2CC2)nc2ccccc2c1-c1ccc(F)cc1.[Na+],Na,metal_Na,O=C([O-])C[C@H](O)C[C@H](O)/C=C/c1c(C2CC2)nc2ccccc2c1-c1ccc(F)cc1
POTASSIUM ACETATE,CC(=O)[O-].[K+],K,metal_K,CC(=O)[O-]
POTASSIUM BICARBONATE,O=C([O-])O.[K+],K,metal_K,O=C([O-])O
POTASSIUM BITARTRATE,O=C([O-])[C@H](O)[C@@H](O)C(=O)O.[K+],K,metal_K,O=C([O-])[C@H](O)[C@@H](O)C(=O)O
POTASSIUM CHLORIDE,[Cl-].[K+],K,metal_K,[K+]
POTASSIUM CITRATE,O.O=C([O-])CC(O)(CC(=O)[O-])C(=O)[O-].[K+].[K+].[K+],K,metal_K,O=C([O-])CC(O)(CC(=O)[O-])C(=O)[O-]
POTASSIUM CITRATE ANHYDROUS,O=C([O-])CC(O)(CC(=O)[O-])C(=O)[O-].[K+].[K+].[K+],K,metal_K,O=C([O-])CC(O)(CC(=O)[O-])C(=O)[O-]
POTASSIUM IODIDE,[I-].[K+],K,metal_K,[K+]
POTASSIUM LACTATE,CC(O)C(=O)[O-].[K+],K,metal_K,CC(O)C(=O)[O-]
POTASSIUM NITRATE,O=[N+]([O-])[O-].[K+],K,metal_K,O=[N+]([O-])[O-]
POTASSIUM OXYBATE,O=C([O-])CCCO.[K+],K,metal_K,O=C([O-])CCCO
POTASSIUM PERCHLORATE,[K+].[O-][Cl+3]([O-])([O-])[O-],K,metal_K,[O-][Cl+3]([O-])([O-])[O-]
"POTASSIUM PHOSPHATE, DIBASIC",O=P([O-])([O-])O.[K+].[K+],K,metal_K,O=P([O-])([O-])O
"POTASSIUM PHOSPHATE, MONOBASIC",O=P([O-])(O)O.[K+],K,metal_K,O=P([O-])(O)O
POTASSIUM SULFATE,O=S(=O)([O-])[O-].[K+].[K+],K,metal_K,O=S(=O)([O-])[O-]
PRAVASTATIN SODIUM,CC[C@H](C)C(=O)O[C@H]1C[C@H](O)C=C2C=C[C@H](C)[C@H](CC[C@@H](O)C[C@@H](O)CC(=O)[O-])[C@H]21.[Na+],Na,metal_Na,CC[C@H](C)C(=O)O[C@H]1C[C@H](O)C=C2C=C[C@H](C)[C@H](CC[C@@H](O)C[C@@H](O)CC(=O)[O-])[C@H]21
PREDNISOLONE SODIUM PHOSPHATE,C[C@]12C=CC(=O)C=C1CC[C@@H]1[C@@H]2[C@@H](O)C[C@@]2(C)[C@H]1CC[C@]2(O)C(=O)COP(=O)([O-])[O-].[Na+].[Na+],Na,metal_Na,C[C@]12C=CC(=O)C=C1CC[C@@H]1[C@@H]2[C@@H](O)C[C@@]2(C)[C@H]1CC[C@]2(O)C(=O)COP(=O)([O-])[O-]
PYRITHIONE ZINC,[O-][n+]1ccccc1[S-].[O-][n+]1ccccc1[S-].[Zn+2],Zn,metal_Zn,[O-][n+]1ccccc1[S-]
RABEPRAZOLE SODIUM,COCCCOc1ccnc(C[S+]([O-])c2nc3ccccc3[n-]2)c1C.[Na+],Na,metal_Na,COCCCOc1ccnc(C[S+]([O-])c2nc3ccccc3[n-]2)c1C
RADIUM DICHLORIDE,Cl[Ra]Cl,Ra,metal_Ra,[Cl][Ra][Cl]
RADIUM RA 223 DICHLORIDE,Cl[223Ra]Cl,Ra,metal_Ra,[Cl][223Ra][Cl]
RALTEGRAVIR POTASSIUM,Cc1nnc(C(=O)NC(C)(C)c2nc(C(=O)NCc3ccc(F)cc3)c([O-])c(=O)n2C)o1.[K+],K,metal_K,Cc1nnc(C(=O)NC(C)(C)c2nc(C(=O)NCc3ccc(F)cc3)c([O-])c(=O)n2C)o1
RANITIDINE BISMUTH CITRATE,CNC(=C[N+](=O)[O-])NCCSCc1ccc(CN(C)C)o1.O=C([O-])CC(O)(CC(=O)[O-])C(=O)[O-].[Bi+3],Bi,metal_Bi,CNC(=C[N+](=O)[O-])NCCSCc1ccc(CN(C)C)o1
RIBOFLAVIN 5'-PHOSPHATE SODIUM,Cc1cc2nc3c(=O)[nH]c(=O)nc-3n(C[C@H](O)[C@H](O)[C@H](O)COP(=O)([O-])O)c2cc1C.O.O.[Na+],Na,metal_Na,Cc1cc2nc3c(=O)[nH]c(=O)nc-3n(C[C@H](O)[C@H](O)[C@H](O)COP(=O)([O-])O)c2cc1C
RIFAMYCIN SODIUM,CO[C@H]1/C=C/O[C@@]2(C)Oc3c(C)c([O-])c4c(O)c(cc(O)c4c3C2=O)NC(=O)/C(C)=C\C=C\[C@H](C)[C@H](O)[C@@H](C)[C@@H](O)[C@@H](C)[C@H](OC(C)=O)[C@@H]1C.[Na+],Na,metal_Na,CO[C@H]1/C=C/O[C@@]2(C)Oc3c(C)c([O-])c4c(O)c(cc(O)c4c3C2=O)NC(=O)/C(C)=C\C=C\[C@H](C)[C@H](O)[C@@H](C)[C@@H](O)[C@@H](C)[C@H](OC(C)=O)[C@@H]1C
RISEDRONATE SODIUM,O=P([O-])(O)C(O)(Cc1cccnc1)P(=O)(O)O.[Na+],Na,metal_Na,O=P([O-])(O)C(O)(Cc1cccnc1)P(=O)(O)O
ROSE BENGAL SODIUM I 131,O=C([O-])c1c(Cl)c(Cl)c(Cl)c(Cl)c1-c1c2cc([131I])c(=O)c(I)c-2oc2c(I)c([O-])c([131I])cc12.[Na+].[Na+],Na,metal_Na,O=C([O-])c1c(Cl)c(Cl)c(Cl)c(Cl)c1-c1c2cc([131I])c(=O)c(I)c-2oc2c(I)c([O-])c([131I])cc12
ROSUVASTATIN CALCIUM,CC(C)c1nc(N(C)S(C)(=O)=O)nc(-c2ccc(F)cc2)c1/C=C/[C@@H](O)C[C@@H](O)CC(=O)[O-].CC(C)c1nc(N(C)S(C)(=O)=O)nc(-c2ccc(F)cc2)c1/C=C/[C@@H](O)C[C@@H](O)CC(=O)[O-].[Ca+2],Ca,metal_Ca,CC(C)c1nc(N(C)S(C)(=O)=O)nc(-c2ccc(F)cc2)c1/C=C/[C@@H](O)C[C@@H](O)CC(=O)[O-]
RUBIDIUM CHLORIDE,[Cl-].[Rb+],Rb,metal_Rb,[Rb+]
RUBIDIUM CHLORIDE RB 82,[82Rb+].[Cl-],Rb,metal_Rb,[82Rb+]
SECOBARBITAL SODIUM,C=CCC1(C(C)CCC)C(=O)[N-]C(=O)NC1=O.[Na+],Na,metal_Na,C=CCC1(C(C)CCC)C(=O)[N-]C(=O)NC1=O
SELENIOUS ACID,O=[Se](O)O,Se,metal_Se,O=[Se](O)O
SELENIUM SULFIDE,S=[Se]=S,Se,metal_Se,S=[Se]=S
SELENOMETHIONINE,C[Se]CC[C@H](N)C(=O)O,Se,metal_Se,C[Se]CC[C@H](N)C(=O)O
SELENOMETHIONINE SE 75,C[75Se]CC[C@H](N)C(=O)O,Se,metal_Se,C[75Se]CC[C@H](N)C(=O)O
SILVER NITRATE,O=[N+]([O-])[O-].[Ag+],Ag,metal_Ag,[Ag+]
SIMEPREVIR SODIUM,COc1ccc2c(O[C@@H]3C[C@H]4C(=O)N[C@]5(C(=O)[N-]S(=O)(=O)C6CC6)C[C@H]5/C=C\CCCCN(C)C(=O)[C@@H]4C3)cc(-c3nc(C(C)C)cs3)nc2c1C.[Na+],Na,metal_Na,COc1ccc2c(O[C@@H]3C[C@H]4C(=O)N[C@]5(C(=O)[N-]S(=O)(=O)C6CC6)C[C@H]5/C=C\CCCCN(C)C(=O)[C@@H]4C3)cc(-c3nc(C(C)C)cs3)nc2c1C
SITAXENTAN SODIUM,Cc1cc2c(cc1CC(=O)c1sccc1S(=O)(=O)[N-]c1onc(C)c1Cl)OCO2.[Na+],Na,metal_Na,Cc1cc2c(cc1CC(=O)c1sccc1S(=O)(=O)[N-]c1onc(C)c1Cl)OCO2
SODIUM ACETATE,CC(=O)[O-].[Na+],Na,metal_Na,CC(=O)[O-]
SODIUM ASCORBATE,O=C1O[C@H]([C@@H](O)CO)C([O-])=C1O.[Na+],Na,metal_Na,O=C1O[C@H]([C@@H](O)CO)C([O-])=C1O
SODIUM BENZOATE,O=C([O-])c1ccccc1.[Na+],Na,metal_Na,O=C([O-])c1ccccc1
SODIUM BICARBONATE,O=C([O-])O.[Na+],Na,metal_Na,O=C([O-])O
SODIUM CARBONATE,O=C([O-])[O-].[Na+].[Na+],Na,metal_Na,O=C([O-])[O-]
SODIUM CHLORIDE,[Cl-].[Na+],Na,metal_Na,[Na+]
SODIUM CITRATE,O=C([O-])CC(O)(CC(=O)[O-])C(=O)[O-].[Na+].[Na+].[Na+],Na,metal_Na,O=C([O-])CC(O)(CC(=O)[O-])C(=O)[O-]
SODIUM DIBUNATE,CC(C)(C)c1ccc2c(S(=O)(=O)[O-])c(C(C)(C)C)ccc2c1.[Na+],Na,metal_Na,CC(C)(C)c1ccc2c(S(=O)(=O)[O-])c(C(C)(C)C)ccc2c1
SODIUM FLUORIDE,[F-].[Na+],Na,metal_Na,[F-]
SODIUM FLUORIDE F 18,[18F-].[Na+],Na,metal_Na,[18F-]
SODIUM GLUCONATE,O=C([O-])[C@H]1O[C@H](O)[C@H](O)[C@@H](O)[C@@H]1O.[Na+],Na,metal_Na,O=C([O-])[C@H]1O[C@H](O)[C@H](O)[C@@H](O)[C@@H]1O
SODIUM HYPOCHLORITE,[Na+].[O-]Cl,Na,metal_Na,[O-]Cl
SODIUM IODIDE,[I-].[Na+],Na,metal_Na,[Na+]
SODIUM IODIDE I 123,[123I-].[Na+],Na,metal_Na,[Na+]
SODIUM IODIDE I 131,[131I-].[Na+],Na,metal_Na,[Na+]
SODIUM LACTATE,CC(O)C(=O)[O-].[Na+],Na,metal_Na,CC(O)C(=O)[O-]
SODIUM MONOFLUOROPHOSPHATE,O=P([O-])([O-])F.[Na+].[Na+],Na,metal_Na,O=P([O-])([O-])F
SODIUM NITRITE,O=N[O-].[Na+],Na,metal_Na,O=N[O-]
SODIUM OXYBATE,O=C([O-])CCCO.[Na+],Na,metal_Na,O=C([O-])CCCO
SODIUM PHENYLACETATE,O=C([O-])Cc1ccccc1.[Na+],Na,metal_Na,O=C([O-])Cc1ccccc1
SODIUM PHENYLBUTYRATE,O=C([O-])CCCc1ccccc1.[Na+],Na,metal_Na,O=C([O-])CCCc1ccccc1
SODIUM PHOSPHATE P 32,O=[32P]([O-])([O-])O.[Na+].[Na+],Na,metal_Na,O=[32P]([O-])([O-])O
"SODIUM PHOSPHATE, DIBASIC",O.O.O=P([O-])([O-])O.[Na+].[Na+],Na,metal_Na,O=P([O-])([O-])O
"SODIUM PHOSPHATE, DIBASIC, ANHYDROUS",O=P([O-])([O-])O.[Na+].[Na+],Na,metal_Na,O=P([O-])([O-])O
"SODIUM PHOSPHATE, MONOBASIC",O=P([O-])(O)O.[Na+],Na,metal_Na,O=P([O-])(O)O
SODIUM PICOSULFATE,O=S(=O)([O-])Oc1ccc(C(c2ccc(OS(=O)(=O)[O-])cc2)c2ccccn2)cc1.[Na+].[Na+],Na,metal_Na,O=S(=O)([O-])Oc1ccc(C(c2ccc(OS(=O)(=O)[O-])cc2)c2ccccn2)cc1
SODIUM SUCCINATE,O=C([O-])CCC(=O)O.[Na+],Na,metal_Na,O=C([O-])CCC(=O)O
SODIUM SULFATE,O.O.O.O.O.O.O.O.O.O.O=S(=O)([O-])[O-].[Na+].[Na+],Na,metal_Na,O=S(=O)([O-])[O-]
SODIUM SULFATE ANHYDROUS,O=S(=O)([O-])[O-].[Na+].[Na+],Na,metal_Na,O=S(=O)([O-])[O-]
SODIUM TETRADECYL SULFATE,CCCCC(CC)CCC(CC(C)C)OS(=O)(=O)[O-].[Na+],Na,metal_Na,CCCCC(CC)CCC(CC(C)C)OS(=O)(=O)[O-]
SODIUM THIOSULFATE,O.O.O.O.O.O=S([O-])([O-])=S.[Na+].[Na+],Na,metal_Na,O=S([O-])([O-])=S
STRONTIUM CHLORIDE,[Cl-].[Cl-].[Sr+2],Sr,metal_Sr,[Sr+2]
STRONTIUM CHLORIDE SR 89,[89Sr+2].[Cl-].[Cl-],Sr,metal_Sr,[89Sr+2]
STRONTIUM RANELATE,N#Cc1c(N(CC(=O)[O-])CC(=O)[O-])sc(C(=O)[O-])c1CC(=O)[O-].[Sr+2].[Sr+2],Sr,metal_Sr,N#Cc1c(N(CC(=O)[O-])CC(=O)[O-])sc(C(=O)[O-])c1CC(=O)[O-]
SULBACTAM SODIUM,CC1(C)[C@H](C(=O)[O-])N2C(=O)C[C@H]2S1(=O)=O.[Na+],Na,metal_Na,CC1(C)[C@H](C(=O)[O-])N2C(=O)C[C@H]2S1(=O)=O
SULFACETAMIDE SODIUM,CC(=O)[N-]S(=O)(=O)c1ccc(N)cc1.O.[Na+],Na,metal_Na,CC(=O)[N-]S(=O)(=O)c1ccc(N)cc1
SULFADIAZINE SODIUM,Nc1ccc(S(=O)(=O)[N-]c2ncccn2)cc1.[Na+],Na,metal_Na,Nc1ccc(S(=O)(=O)[N-]c2ncccn2)cc1
"SULFADIAZINE, SILVER",Nc1ccc(S(=O)(=O)[N-]c2ncccn2)cc1.[Ag+],Ag,metal_Ag,Nc1ccc(S(=O)(=O)[N-]c2ncccn2)cc1
SULFADIMETHOXINE SODIUM,COc1cc([N-]S(=O)(=O)c2ccc(N)cc2)nc(OC)n1.[Na+],Na,metal_Na,COc1cc([N-]S(=O)(=O)c2ccc(N)cc2)nc(OC)n1
SULFAMERAZINE SODIUM,Cc1ccnc([N-]S(=O)(=O)c2ccc(N)cc2)n1.[Na+],Na,metal_Na,Cc1ccnc([N-]S(=O)(=O)c2ccc(N)cc2)n1
SULFOXONE SODIUM,O=S([O-])CNc1ccc(S(=O)(=O)c2ccc(NCS(=O)[O-])cc2)cc1.[Na+].[Na+],Na,metal_Na,O=S([O-])CNc1ccc(S(=O)(=O)c2ccc(NCS(=O)[O-])cc2)cc1
TALAPORFIN SODIUM,C=Cc1c(C)c2cc3nc(c(CC(=O)N[C@@H](CC(=O)[O-])C(=O)[O-])c4[nH]c(cc5nc(cc1[nH]2)C(C)=C5CC)c(C)c4C(=O)[O-])[C@@H](CCC(=O)[O-])[C@@H]3C.[Na+].[Na+].[Na+].[Na+],Na,metal_Na,C=Cc1c(C)c2cc3nc(c(CC(=O)N[C@@H](CC(=O)[O-])C(=O)[O-])c4[nH]c(cc5nc(cc1[nH]2)C(C)=C5CC)c(C)c4C(=O)[O-])[C@@H](CCC(=O)[O-])[C@@H]3C
TALC,O.O=[Mg].O=[Mg].O=[Mg].O=[Si]=O.O=[Si]=O.O=[Si]=O.O=[Si]=O,Mg,metal_Mg,O=[Si]=O
TALC ANHYDROUS,O=[Mg].O=[Mg].O=[Mg].O=[Si]=O.O=[Si]=O.O=[Si]=O.O=[Si]=O,Mg,metal_Mg,O=[Si]=O
TAZOBACTAM SODIUM,C[C@]1(Cn2ccnn2)[C@H](C(=O)[O-])N2C(=O)C[C@H]2S1(=O)=O.[Na+],Na,metal_Na,C[C@]1(Cn2ccnn2)[C@H](C(=O)[O-])N2C(=O)C[C@H]2S1(=O)=O
THEOPHYLLINE SODIUM GLYCINATE,Cn1c(=O)c2[nH]cnc2n(C)c1=O.NCC(=O)[O-].[Na+],Na,metal_Na,Cn1c(=O)c2[nH]cnc2n(C)c1=O
THIAMYLAL SODIUM,C=CCC1(C(C)CCC)C(=O)[N-]C(=S)NC1=O.[Na+],Na,metal_Na,C=CCC1(C(C)CCC)C(=O)[N-]C(=S)NC1=O
THIOPENTAL SODIUM,CCCC(C)C1(CC)C(=O)[N-]C(=S)NC1=O.[Na+],Na,metal_Na,CCCC(C)C1(CC)C(=O)[N-]C(=S)NC1=O
TICARCILLIN DISODIUM,CC1(C)S[C@@H]2[C@H](NC(=O)[C@H](C(=O)[O-])c3ccsc3)C(=O)N2[C@H]1C(=O)[O-].[Na+].[Na+],Na,metal_Na,CC1(C)S[C@@H]2[C@H](NC(=O)[C@H](C(=O)[O-])c3ccsc3)C(=O)N2[C@H]1C(=O)[O-]
TILUDRONATE DISODIUM,O=P([O-])(O)C(Sc1ccc(Cl)cc1)P(=O)([O-])O.[Na+].[Na+],Na,metal_Na,O=P([O-])(O)C(Sc1ccc(Cl)cc1)P(=O)([O-])O
TOLBUTAMIDE SODIUM,CCCCNC(=O)[N-]S(=O)(=O)c1ccc(C)cc1.[Na+],Na,metal_Na,CCCCNC(=O)[N-]S(=O)(=O)c1ccc(C)cc1
TOLMETIN SODIUM,Cc1ccc(C(=O)c2ccc(CC(=O)[O-])n2C)cc1.[Na+],Na,metal_Na,Cc1ccc(C(=O)c2ccc(CC(=O)[O-])n2C)cc1
TREPROSTINIL SODIUM,CCCCC[C@H](O)CC[C@@H]1[C@H]2Cc3cccc(OCC(=O)[O-])c3C[C@H]2C[C@H]1O.[Na+],Na,metal_Na,CCCCC[C@H](O)CC[C@@H]1[C@H]2Cc3cccc(OCC(=O)[O-])c3C[C@H]2C[C@H]1O
TRICLOFOS SODIUM,O=P([O-])(O)OCC(Cl)(Cl)Cl.[Na+],Na,metal_Na,O=P([O-])(O)OCC(Cl)(Cl)Cl
TRYPAN BLUE,Cc1cc(-c2ccc(/N=N/c3c(S(=O)(=O)[O-])cc4cc(S(=O)(=O)[O-])cc(N)c4c3O)c(C)c2)ccc1/N=N/c1c(S(=O)(=O)[O-])cc2cc(S(=O)(=O)[O-])cc(N)c2c1O.[Na+].[Na+].[Na+].[Na+],Na,metal_Na,Cc1cc(-c2ccc(/N=N/c3c(S(=O)(=O)[O-])cc4cc(S(=O)(=O)[O-])cc(N)c4c3O)c(C)c2)ccc1/N=N/c1c(S(=O)(=O)[O-])cc2cc(S(=O)(=O)[O-])cc(N)c2c1O
TYROPANOATE SODIUM,CCCC(=O)Nc1c(I)cc(I)c(CC(CC)C(=O)[O-])c1I.[Na+],Na,metal_Na,CCCC(=O)Nc1c(I)cc(I)c(CC(CC)C(=O)[O-])c1I
VALPROATE SODIUM,CCCC(CCC)C(=O)[O-].[Na+],Na,metal_Na,CCCC(CCC)C(=O)[O-]
WARFARIN POTASSIUM,CC(=O)CC(c1ccccc1)c1c([O-])c2ccccc2oc1=O.[K+],K,metal_K,CC(=O)CC(c1ccccc1)c1c([O-])c2ccccc2oc1=O
WARFARIN SODIUM,CC(=O)CC(c1ccccc1)c1c([O-])c2ccccc2oc1=O.[Na+],Na,metal_Na,CC(=O)CC(c1ccccc1)c1c([O-])c2ccccc2oc1=O
WITHAFERIN_A,C[C@@H]1[C@@H]2[C@H]([C@H]([C@@]3([C@H](O3)[C@@H]4[C@H]5[C@@]6([C@H](CC(=O)C=C6[C@@H]7[C@H](O7)[C@@]5([C@@H](C(=O)OC4)O3)C)C)C)O2)C)OC1=O,,smiles_invalido_rdkit,
Withaferin_A,C[C@@H]1[C@@H]2[C@H]([C@H]([C@@]3([C@H](O3)[C@@H]4[C@H]5[C@@]6([C@H](CC(=O)C=C6[C@@H]7[C@H](O7)[C@@]5([C@@H](C(=O)OC4)O3)C)C)C)O2)C)OC1=O,,smiles_invalido_rdkit,
ZINC ACETATE,CC(=O)[O-].CC(=O)[O-].O.O.[Zn+2],Zn,metal_Zn,[Zn+2]
ZINC ACETATE ANHYDROUS,CC(=O)[O-].CC(=O)[O-].[Zn+2],Zn,metal_Zn,[Zn+2]
ZINC CHLORIDE,[Cl-].[Cl-].[Zn+2],Zn,metal_Zn,[Zn+2]
ZINC OXIDE,[O-2].[Zn+2],Zn,metal_Zn,[Zn+2]
ZINC SULFATE,O=S(=O)([O-])[O-].[Zn+2],Zn,metal_Zn,[Zn+2]
ZINC_SULFATE,[O-]S(=O)(=O)[O-].[Zn+2],Zn,metal_Zn,[Zn+2]
ZOMEPIRAC SODIUM,Cc1cc(CC(=O)[O-])n(C)c1C(=O)c1ccc(Cl)cc1.O.O.[Na+],Na,metal_Na,Cc1cc(CC(=O)[O-])n(C)c1C(=O)c1ccc(Cl)cc1
Zinc_Sulfate,[O-]S(=O)(=O)[O-].[Zn+2],Zn,metal_Zn,[Zn+2]
