ligando,atomos_glue,tipos,pose_TDP43_v2,pose_TDP43,pose_SOD1,pose_FUS
ALCAFTADINE,4,CG0+G0,0,0,0,0
AMDINOCILLIN PIVOXIL,4,CG0+G0,0,0,0,0
AMDINOCILLIN,4,CG0+G0,0,0,0,0
AMINEPTINE,4,CG0+G0,0,0,0,0
AMITRIPTYLINE,4,CG0+G0,0,0,0,0
ANIDULAFUNGIN,4,CG0+G0,0,0,0,0
ARTENIMOL,4,CG0+G0,0,0,0,0
ARTESUNATE,4,CG0+G0,0,0,0,0
AZATADINE,4,CG0+G0,0,0,0,0
AZELASTINE,4,CG0+G0,0,0,0,0
AZITHROMYCIN,4,CG0+G0,0,0,0,0
BAZEDOXIFENE,4,CG0+G0,0,0,0,0
BENAZEPRIL,4,CG0+G0,0,0,0,0
BENZGALANTAMINE,4,CG0+G0,0,0,0,0
BESIFLOXACIN,4,CG0+G0,0,0,0,0
BLONANSERIN,4,CG0+G0,0,0,0,0
BROMAZEPAM,4,CG0+G0,0,0,0,0
BUTRIPTYLINE,4,CG0+G0,0,0,0,0
CABAZITAXEL,4,CG0+G0,0,0,0,0
CASPOFUNGIN,4,CG0+G0,0,0,0,0
CHEMBL1076399,4,CG0+G0,0,0,0,0
CHEMBL1076737,4,CG0+G0,0,0,0,0
CHEMBL1205635,4,CG0+G0,0,0,0,0
CHEMBL1206253,4,CG0+G0,0,0,0,0
CHEMBL1206329,4,CG0+G0,0,0,0,0
CHEMBL1206340,4,CG0+G0,0,0,0,0
CHEMBL1206355,4,CG0+G0,0,0,0,0
CHEMBL1206482,4,CG0+G0,0,0,0,0
CHEMBL1206570,4,CG0+G0,0,0,0,0
CHEMBL1206619,4,CG0+G0,0,0,0,0
CHEMBL1206625,4,CG0+G0,0,0,0,0
CHEMBL1206641,4,CG0+G0,0,0,0,0
CHEMBL1206645,4,CG0+G0,0,0,0,0
CHEMBL1206687,4,CG0+G0,0,0,0,0
CHEMBL1206688,4,CG0+G0,0,0,0,0
CHEMBL1206694,4,CG0+G0,0,0,0,0
CHEMBL1206700,4,CG0+G0,0,0,0,0
CHEMBL1206702,4,CG0+G0,0,0,0,0
CHEMBL1206726,4,CG0+G0,0,0,0,0
CHEMBL1206729,4,CG0+G0,0,0,0,0
CHEMBL1206782,4,CG0+G0,0,0,0,0
CHEMBL1206793,4,CG0+G0,0,0,0,0
CHEMBL1206871,4,CG0+G0,0,0,0,0
CHEMBL1206940,4,CG0+G0,0,0,0,0
CHEMBL1206946,4,CG0+G0,0,0,0,0
CHEMBL1206947,4,CG0+G0,0,0,0,0
CHEMBL1207007,4,CG0+G0,0,0,0,0
CHEMBL1207215,4,CG0+G0,0,0,0,0
CHEMBL1207285,4,CG0+G0,0,0,0,0
CHEMBL1207297,4,CG0+G0,0,0,0,0
CHEMBL1207357,4,CG0+G0,0,0,0,0
CHEMBL1207498,4,CG0+G0,0,0,0,0
CHEMBL1207689,4,CG0+G0,0,0,0,0
CHEMBL1207702,4,CG0+G0,0,0,0,0
CHEMBL1207705,4,CG0+G0,0,0,0,0
CHEMBL1207752,4,CG0+G0,0,0,0,0
CHEMBL1207779,4,CG0+G0,0,0,0,0
CHEMBL1207834,4,CG0+G0,0,0,0,0
CHEMBL1207905,4,CG0+G0,0,0,0,0
CHEMBL1207961,4,CG0+G0,0,0,0,0
CHEMBL1208056,4,CG0+G0,0,0,0,0
CHEMBL1208222,4,CG0+G0,0,0,0,0
CHEMBL1208622,4,CG0+G0,0,0,0,0
CHEMBL1208628,4,CG0+G0,0,0,0,0
CHEMBL1210704,4,CG0+G0,0,0,0,0
CHEMBL1210705,4,CG0+G0,0,0,0,0
CHEMBL1210706,4,CG0+G0,0,0,0,0
CHEMBL1242326,4,CG0+G0,0,0,0,0
CHEMBL1242327,4,CG0+G0,0,0,0,0
CHEMBL1242374,4,CG0+G0,0,0,0,0
CHEMBL1242418,4,CG0+G0,0,0,0,0
CHEMBL1242465,4,CG0+G0,0,0,0,0
CHEMBL1242467,4,CG0+G0,0,0,0,0
CHEMBL1242564,4,CG0+G0,0,0,0,0
CHEMBL1242632,4,CG0+G0,0,0,0,0
CHEMBL1242633,4,CG0+G0,0,0,0,0
CHEMBL1242646,4,CG0+G0,0,0,0,0
CHEMBL1242650,4,CG0+G0,0,0,0,0
CHEMBL1242654,4,CG0+G0,0,0,0,0
CHEMBL1242745,4,CG0+G0,0,0,0,0
CHEMBL1242750,4,CG0+G0,0,0,0,0
CHEMBL1242841,4,CG0+G0,0,0,0,0
CHEMBL1242929,4,CG0+G0,0,0,0,0
CHEMBL1242934,4,CG0+G0,0,0,0,0
CHEMBL1242935,4,CG0+G0,0,0,0,0
CHEMBL1242955,4,CG0+G0,0,0,0,0
CHEMBL1242956,4,CG0+G0,0,0,0,0
CHEMBL1242963,4,CG0+G0,0,0,0,0
CHEMBL1242982,4,CG0+G0,0,0,0,0
CHEMBL1242983,4,CG0+G0,0,0,0,0
CHEMBL1242989,4,CG0+G0,0,0,0,0
CHEMBL1242990,4,CG0+G0,0,0,0,0
CHEMBL1243014,4,CG0+G0,0,0,0,0
CHEMBL1243022,4,CG0+G0,0,0,0,0
CHEMBL1243029,4,CG0+G0,0,0,0,0
CHEMBL1243030,4,CG0+G0,0,0,0,0
CHEMBL1243047,4,CG0+G0,0,0,0,0
CHEMBL1243062,4,CG0+G0,0,0,0,0
CHEMBL1243063,4,CG0+G0,0,0,0,0
CHEMBL1243079,4,CG0+G0,0,0,0,0
CHEMBL1243080,4,CG0+G0,0,0,0,0
CHEMBL1243114,4,CG0+G0,0,0,0,0
CHEMBL1243115,4,CG0+G0,0,0,0,0
CHEMBL1243123,4,CG0+G0,0,0,0,0
CHEMBL1243149,4,CG0+G0,0,0,0,0
CHEMBL1243179,4,CG0+G0,0,0,0,0
CHEMBL1243337,4,CG0+G0,0,0,0,0
CHEMBL1243370,4,CG0+G0,0,0,0,0
CHEMBL1243390,4,CG0+G0,0,0,0,0
CHEMBL1243398,4,CG0+G0,0,0,0,0
CHEMBL1310614,4,CG0+G0,0,0,0,0
CHEMBL1401300,4,CG0+G0,0,0,0,0
CHEMBL1422689,4,CG0+G0,0,0,0,0
CHEMBL1435671,4,CG0+G0,0,0,0,0
CHEMBL1436528,4,CG0+G0,0,0,0,0
CHEMBL1473738,4,CG0+G0,0,0,0,0
CHEMBL1474751,4,CG0+G0,0,0,0,0
CHEMBL1500978,4,CG0+G0,0,0,0,0
CHEMBL1507589,4,CG0+G0,0,0,0,0
CHEMBL1547534,4,CG0+G0,0,0,0,0
CHEMBL1554159,4,CG0+G0,0,0,0,0
CHEMBL1598103,4,CG0+G0,0,0,0,0
CHEMBL1658,4,CG0+G0,0,0,0,0
CHEMBL1660,4,CG0+G0,0,0,0,0
CHEMBL1685,4,CG0+G0,0,0,0,0
CHEMBL1708773,4,CG0+G0,0,0,0,0
CHEMBL1712281,4,CG0+G0,0,0,0,0
CHEMBL1795355,4,CG0+G0,0,0,0,0
CHEMBL1795525,4,CG0+G0,0,0,0,0
CHEMBL1796246,4,CG0+G0,0,0,0,0
CHEMBL1796247,4,CG0+G0,0,0,0,0
CHEMBL1796248,4,CG0+G0,0,0,0,0
CHEMBL1796249,4,CG0+G0,0,0,0,0
CHEMBL1796250,4,CG0+G0,0,0,0,0
CHEMBL1796251,4,CG0+G0,0,0,0,0
CHEMBL1796252,4,CG0+G0,0,0,0,0
CHEMBL1796253,4,CG0+G0,0,0,0,0
CHEMBL1796254,4,CG0+G0,0,0,0,0
CHEMBL1796255,4,CG0+G0,0,0,0,0
CHEMBL1796256,4,CG0+G0,0,0,0,0
CHEMBL1796257,4,CG0+G0,0,0,0,0
CHEMBL1796258,4,CG0+G0,0,0,0,0
CHEMBL1796259,4,CG0+G0,0,0,0,0
CHEMBL1796260,4,CG0+G0,0,0,0,0
CHEMBL1796261,4,CG0+G0,0,0,0,0
CHEMBL1796262,4,CG0+G0,0,0,0,0
CHEMBL1796272,4,CG0+G0,0,0,0,0
CHEMBL1796273,4,CG0+G0,0,0,0,0
CHEMBL1796274,4,CG0+G0,0,0,0,0
CHEMBL1796275,4,CG0+G0,0,0,0,0
CHEMBL1796276,4,CG0+G0,0,0,0,0
CHEMBL1796690,4,CG0+G0,0,0,0,0
CHEMBL1796691,4,CG0+G0,0,0,0,0
CHEMBL1796692,4,CG0+G0,0,0,0,0
CHEMBL1796693,4,CG0+G0,0,0,0,0
CHEMBL1796973,4,CG0+G0,0,0,0,0
CHEMBL1796974,4,CG0+G0,0,0,0,0
CHEMBL1796975,4,CG0+G0,0,0,0,0
CHEMBL1796977,4,CG0+G0,0,0,0,0
CHEMBL1796980,4,CG0+G0,0,0,0,0
CHEMBL1796981,4,CG0+G0,0,0,0,0
CHEMBL1796982,4,CG0+G0,0,0,0,0
CHEMBL1796984,4,CG0+G0,0,0,0,0
CHEMBL1796985,4,CG0+G0,0,0,0,0
CHEMBL1796986,4,CG0+G0,0,0,0,0
CHEMBL1796988,4,CG0+G0,0,0,0,0
CHEMBL1796989,4,CG0+G0,0,0,0,0
CHEMBL1796990,4,CG0+G0,0,0,0,0
CHEMBL1796991,4,CG0+G0,0,0,0,0
CHEMBL1796992,4,CG0+G0,0,0,0,0
CHEMBL1796994,4,CG0+G0,0,0,0,0
CHEMBL1796995,4,CG0+G0,0,0,0,0
CHEMBL1796996,4,CG0+G0,0,0,0,0
CHEMBL1806528,4,CG0+G0,0,0,0,0
CHEMBL1806530,4,CG0+G0,0,0,0,0
CHEMBL1806826,4,CG0+G0,0,0,0,0
CHEMBL1806924,4,CG0+G0,0,0,0,0
CHEMBL1806977,4,CG0+G0,0,0,0,0
CHEMBL1806980,4,CG0+G0,0,0,0,0
CHEMBL1806989,4,CG0+G0,0,0,0,0
CHEMBL1807009,4,CG0+G0,0,0,0,0
CHEMBL1807010,4,CG0+G0,0,0,0,0
CHEMBL1807087,4,CG0+G0,0,0,0,0
CHEMBL1807088,4,CG0+G0,0,0,0,0
CHEMBL1807093,4,CG0+G0,0,0,0,0
CHEMBL1807585,4,CG0+G0,0,0,0,0
CHEMBL1807834,4,CG0+G0,0,0,0,0
CHEMBL1807835,4,CG0+G0,0,0,0,0
CHEMBL1807837,4,CG0+G0,0,0,0,0
CHEMBL1807838,4,CG0+G0,0,0,0,0
CHEMBL1807839,4,CG0+G0,0,0,0,0
CHEMBL1808213,4,CG0+G0,0,0,0,0
CHEMBL1808411,4,CG0+G0,0,0,0,0
CHEMBL1808803,4,CG0+G0,0,0,0,0
CHEMBL1808808,4,CG0+G0,0,0,0,0
CHEMBL1808809,4,CG0+G0,0,0,0,0
CHEMBL1808812,4,CG0+G0,0,0,0,0
CHEMBL1808815,4,CG0+G0,0,0,0,0
CHEMBL1808817,4,CG0+G0,0,0,0,0
CHEMBL1808820,4,CG0+G0,0,0,0,0
CHEMBL1808825,4,CG0+G0,0,0,0,0
CHEMBL1808827,4,CG0+G0,0,0,0,0
CHEMBL1808828,4,CG0+G0,0,0,0,0
CHEMBL1808830,4,CG0+G0,0,0,0,0
CHEMBL1808831,4,CG0+G0,0,0,0,0
CHEMBL1809125,4,CG0+G0,0,0,0,0
CHEMBL1809126,4,CG0+G0,0,0,0,0
CHEMBL1809129,4,CG0+G0,0,0,0,0
CHEMBL1809131,4,CG0+G0,0,0,0,0
CHEMBL1809132,4,CG0+G0,0,0,0,0
CHEMBL1809134,4,CG0+G0,0,0,0,0
CHEMBL1858003,4,CG0+G0,0,0,0,0
CHEMBL1858112,4,CG0+G0,0,0,0,0
CHEMBL1858260,4,CG0+G0,0,0,0,0
CHEMBL1858294,4,CG0+G0,0,0,0,0
CHEMBL1858305,4,CG0+G0,0,0,0,0
CHEMBL1858330,4,CG0+G0,0,0,0,0
CHEMBL1858366,4,CG0+G0,0,0,0,0
CHEMBL1858383,4,CG0+G0,0,0,0,0
CHEMBL1858423,4,CG0+G0,0,0,0,0
CHEMBL1858441,4,CG0+G0,0,0,0,0
CHEMBL1858508,4,CG0+G0,0,0,0,0
CHEMBL1858525,4,CG0+G0,0,0,0,0
CHEMBL1858584,4,CG0+G0,0,0,0,0
CHEMBL1858741,4,CG0+G0,0,0,0,0
CHEMBL1858785,4,CG0+G0,0,0,0,0
CHEMBL1858910,4,CG0+G0,0,0,0,0
CHEMBL1858918,4,CG0+G0,0,0,0,0
CHEMBL1858942,4,CG0+G0,0,0,0,0
CHEMBL1858963,4,CG0+G0,0,0,0,0
CHEMBL1859256,4,CG0+G0,0,0,0,0
CHEMBL1859281,4,CG0+G0,0,0,0,0
CHEMBL1859306,4,CG0+G0,0,0,0,0
CHEMBL1859373,4,CG0+G0,0,0,0,0
CHEMBL1859446,4,CG0+G0,0,0,0,0
CHEMBL1859478,4,CG0+G0,0,0,0,0
CHEMBL1859661,4,CG0+G0,0,0,0,0
CHEMBL1859738,4,CG0+G0,0,0,0,0
CHEMBL1859763,4,CG0+G0,0,0,0,0
CHEMBL1859772,4,CG0+G0,0,0,0,0
CHEMBL1859926,4,CG0+G0,0,0,0,0
CHEMBL1859933,4,CG0+G0,0,0,0,0
CHEMBL1860229,4,CG0+G0,0,0,0,0
CHEMBL1860353,4,CG0+G0,0,0,0,0
CHEMBL1860384,4,CG0+G0,0,0,0,0
CHEMBL1860386,4,CG0+G0,0,0,0,0
CHEMBL1860492,4,CG0+G0,0,0,0,0
CHEMBL1860518,4,CG0+G0,0,0,0,0
CHEMBL1863531,4,CG0+G0,0,0,0,0
CHEMBL1863566,4,CG0+G0,0,0,0,0
CHEMBL1863569,4,CG0+G0,0,0,0,0
CHEMBL1863570,4,CG0+G0,0,0,0,0
CHEMBL1863592,4,CG0+G0,0,0,0,0
CHEMBL1863603,4,CG0+G0,0,0,0,0
CHEMBL1863653,4,CG0+G0,0,0,0,0
CHEMBL1863660,4,CG0+G0,0,0,0,0
CHEMBL1863665,4,CG0+G0,0,0,0,0
CHEMBL1863675,4,CG0+G0,0,0,0,0
CHEMBL1863697,4,CG0+G0,0,0,0,0
CHEMBL1863747,4,CG0+G0,0,0,0,0
CHEMBL1863759,4,CG0+G0,0,0,0,0
CHEMBL1863773,4,CG0+G0,0,0,0,0
CHEMBL1863774,4,CG0+G0,0,0,0,0
CHEMBL1863775,4,CG0+G0,0,0,0,0
CHEMBL1863778,4,CG0+G0,0,0,0,0
CHEMBL1863795,4,CG0+G0,0,0,0,0
CHEMBL1863797,4,CG0+G0,0,0,0,0
CHEMBL1863812,4,CG0+G0,0,0,0,0
CHEMBL1863816,4,CG0+G0,0,0,0,0
CHEMBL1863831,4,CG0+G0,0,0,0,0
CHEMBL1863833,4,CG0+G0,0,0,0,0
CHEMBL1863835,4,CG0+G0,0,0,0,0
CHEMBL1863870,4,CG0+G0,0,0,0,0
CHEMBL1863882,4,CG0+G0,0,0,0,0
CHEMBL1863900,4,CG0+G0,0,0,0,0
CHEMBL1863918,4,CG0+G0,0,0,0,0
CHEMBL1863948,4,CG0+G0,0,0,0,0
CHEMBL1863969,4,CG0+G0,0,0,0,0
CHEMBL1863989,4,CG0+G0,0,0,0,0
CHEMBL1864004,4,CG0+G0,0,0,0,0
CHEMBL1864017,4,CG0+G0,0,0,0,0
CHEMBL1864055,4,CG0+G0,0,0,0,0
CHEMBL1864070,4,CG0+G0,0,0,0,0
CHEMBL1864124,4,CG0+G0,0,0,0,0
CHEMBL1864127,4,CG0+G0,0,0,0,0
CHEMBL1864144,4,CG0+G0,0,0,0,0
CHEMBL1864180,4,CG0+G0,0,0,0,0
CHEMBL1864195,4,CG0+G0,0,0,0,0
CHEMBL1864196,4,CG0+G0,0,0,0,0
CHEMBL1864201,4,CG0+G0,0,0,0,0
CHEMBL1864210,4,CG0+G0,0,0,0,0
CHEMBL1864214,4,CG0+G0,0,0,0,0
CHEMBL1864237,4,CG0+G0,0,0,0,0
CHEMBL1864245,4,CG0+G0,0,0,0,0
CHEMBL1864246,4,CG0+G0,0,0,0,0
CHEMBL1864274,4,CG0+G0,0,0,0,0
CHEMBL1864275,4,CG0+G0,0,0,0,0
CHEMBL1864282,4,CG0+G0,0,0,0,0
CHEMBL1864308,4,CG0+G0,0,0,0,0
CHEMBL1864319,4,CG0+G0,0,0,0,0
CHEMBL1864343,4,CG0+G0,0,0,0,0
CHEMBL1864366,4,CG0+G0,0,0,0,0
CHEMBL1864378,4,CG0+G0,0,0,0,0
CHEMBL1864388,4,CG0+G0,0,0,0,0
CHEMBL1864407,4,CG0+G0,0,0,0,0
CHEMBL1864457,4,CG0+G0,0,0,0,0
CHEMBL1864483,4,CG0+G0,0,0,0,0
CHEMBL1864491,4,CG0+G0,0,0,0,0
CHEMBL1864521,4,CG0+G0,0,0,0,0
CHEMBL1864554,4,CG0+G0,0,0,0,0
CHEMBL1864557,4,CG0+G0,0,0,0,0
CHEMBL1864594,4,CG0+G0,0,0,0,0
CHEMBL1864597,4,CG0+G0,0,0,0,0
CHEMBL1864598,4,CG0+G0,0,0,0,0
CHEMBL1864602,4,CG0+G0,0,0,0,0
CHEMBL1864606,4,CG0+G0,0,0,0,0
CHEMBL1864612,4,CG0+G0,0,0,0,0
CHEMBL1864642,4,CG0+G0,0,0,0,0
CHEMBL1864660,4,CG0+G0,0,0,0,0
CHEMBL1864669,4,CG0+G0,0,0,0,0
CHEMBL1864692,4,CG0+G0,0,0,0,0
CHEMBL1864766,4,CG0+G0,0,0,0,0
CHEMBL1864805,4,CG0+G0,0,0,0,0
CHEMBL1864811,4,CG0+G0,0,0,0,0
CHEMBL1864869,4,CG0+G0,0,0,0,0
CHEMBL1864887,4,CG0+G0,0,0,0,0
CHEMBL1864896,4,CG0+G0,0,0,0,0
CHEMBL1864903,4,CG0+G0,0,0,0,0
CHEMBL1864926,4,CG0+G0,0,0,0,0
CHEMBL1864940,4,CG0+G0,0,0,0,0
CHEMBL1864955,4,CG0+G0,0,0,0,0
CHEMBL1865009,4,CG0+G0,0,0,0,0
CHEMBL1865039,4,CG0+G0,0,0,0,0
CHEMBL1865042,4,CG0+G0,0,0,0,0
CHEMBL1865092,4,CG0+G0,0,0,0,0
CHEMBL1865093,4,CG0+G0,0,0,0,0
CHEMBL1865117,4,CG0+G0,0,0,0,0
CHEMBL1865147,4,CG0+G0,0,0,0,0
CHEMBL1865173,4,CG0+G0,0,0,0,0
CHEMBL1865185,4,CG0+G0,0,0,0,0
CHEMBL1865204,4,CG0+G0,0,0,0,0
CHEMBL1865220,4,CG0+G0,0,0,0,0
CHEMBL1865238,4,CG0+G0,0,0,0,0
CHEMBL1865239,4,CG0+G0,0,0,0,0
CHEMBL1865244,4,CG0+G0,0,0,0,0
CHEMBL1865287,4,CG0+G0,0,0,0,0
CHEMBL1865311,4,CG0+G0,0,0,0,0
CHEMBL1865337,4,CG0+G0,0,0,0,0
CHEMBL1865372,4,CG0+G0,0,0,0,0
CHEMBL1865376,4,CG0+G0,0,0,0,0
CHEMBL1865403,4,CG0+G0,0,0,0,0
CHEMBL1865425,4,CG0+G0,0,0,0,0
CHEMBL1865435,4,CG0+G0,0,0,0,0
CHEMBL1865470,4,CG0+G0,0,0,0,0
CHEMBL1865475,4,CG0+G0,0,0,0,0
CHEMBL1865490,4,CG0+G0,0,0,0,0
CHEMBL1865616,4,CG0+G0,0,0,0,0
CHEMBL1865646,4,CG0+G0,0,0,0,0
CHEMBL1865649,4,CG0+G0,0,0,0,0
CHEMBL1865652,4,CG0+G0,0,0,0,0
CHEMBL1865662,4,CG0+G0,0,0,0,0
CHEMBL1865674,4,CG0+G0,0,0,0,0
CHEMBL1865688,4,CG0+G0,0,0,0,0
CHEMBL1865690,4,CG0+G0,0,0,0,0
CHEMBL1865695,4,CG0+G0,0,0,0,0
CHEMBL1865726,4,CG0+G0,0,0,0,0
CHEMBL1865788,4,CG0+G0,0,0,0,0
CHEMBL1865804,4,CG0+G0,0,0,0,0
CHEMBL1865808,4,CG0+G0,0,0,0,0
CHEMBL1865816,4,CG0+G0,0,0,0,0
CHEMBL1865820,4,CG0+G0,0,0,0,0
CHEMBL1865880,4,CG0+G0,0,0,0,0
CHEMBL1865884,4,CG0+G0,0,0,0,0
CHEMBL1865908,4,CG0+G0,0,0,0,0
CHEMBL1865909,4,CG0+G0,0,0,0,0
CHEMBL1865916,4,CG0+G0,0,0,0,0
CHEMBL1865918,4,CG0+G0,0,0,0,0
CHEMBL1865921,4,CG0+G0,0,0,0,0
CHEMBL1865936,4,CG0+G0,0,0,0,0
CHEMBL1865940,4,CG0+G0,0,0,0,0
CHEMBL1865983,4,CG0+G0,0,0,0,0
CHEMBL1865991,4,CG0+G0,0,0,0,0
CHEMBL1866003,4,CG0+G0,0,0,0,0
CHEMBL1866050,4,CG0+G0,0,0,0,0
CHEMBL1866057,4,CG0+G0,0,0,0,0
CHEMBL1866063,4,CG0+G0,0,0,0,0
CHEMBL1866092,4,CG0+G0,0,0,0,0
CHEMBL1866095,4,CG0+G0,0,0,0,0
CHEMBL1866104,4,CG0+G0,0,0,0,0
CHEMBL1866107,4,CG0+G0,0,0,0,0
CHEMBL1866140,4,CG0+G0,0,0,0,0
CHEMBL1866497,4,CG0+G0,0,0,0,0
CHEMBL1867521,4,CG0+G0,0,0,0,0
CHEMBL1867546,4,CG0+G0,0,0,0,0
CHEMBL1867548,4,CG0+G0,0,0,0,0
CHEMBL1867765,4,CG0+G0,0,0,0,0
CHEMBL2356527,4,CG0+G0,0,0,0,0
CHEMBL2356604,4,CG0+G0,0,0,0,0
CHEMBL2369101,4,CG0+G0,0,0,0,0
CHEMBL3085458,4,CG0+G0,0,0,0,0
CHEMBL3350710,4,CG0+G0,0,0,0,0
CHEMBL3350721,4,CG0+G0,0,0,0,0
CHEMBL3350724,4,CG0+G0,0,0,0,0
CHEMBL3350725,4,CG0+G0,0,0,0,0
CHEMBL3350726,4,CG0+G0,0,0,0,0
CHEMBL3350879,4,CG0+G0,0,0,0,0
CHEMBL3350880,4,CG0+G0,0,0,0,0
CHEMBL3350881,4,CG0+G0,0,0,0,0
CHEMBL3350882,4,CG0+G0,0,0,0,0
CHEMBL3350883,4,CG0+G0,0,0,0,0
CHEMBL3350884,4,CG0+G0,0,0,0,0
CHEMBL3350885,4,CG0+G0,0,0,0,0
CHEMBL3350886,4,CG0+G0,0,0,0,0
CHEMBL3350887,4,CG0+G0,0,0,0,0
CHEMBL3350888,4,CG0+G0,0,0,0,0
CHEMBL3350889,4,CG0+G0,0,0,0,0
CHEMBL3350893,4,CG0+G0,0,0,0,0
CHEMBL3350894,4,CG0+G0,0,0,0,0
CHEMBL3350895,4,CG0+G0,0,0,0,0
CHEMBL3350896,4,CG0+G0,0,0,0,0
CHEMBL3350897,4,CG0+G0,0,0,0,0
CHEMBL3350898,4,CG0+G0,0,0,0,0
CHEMBL3350899,4,CG0+G0,0,0,0,0
CHEMBL3350900,4,CG0+G0,0,0,0,0
CHEMBL3350901,4,CG0+G0,0,0,0,0
CHEMBL3350902,4,CG0+G0,0,0,0,0
CHEMBL3350903,4,CG0+G0,0,0,0,0
CHEMBL3350904,4,CG0+G0,0,0,0,0
CHEMBL3350905,4,CG0+G0,0,0,0,0
CHEMBL3350906,4,CG0+G0,0,0,0,0
CHEMBL3350907,4,CG0+G0,0,0,0,0
CHEMBL3350908,4,CG0+G0,0,0,0,0
CHEMBL3350909,4,CG0+G0,0,0,0,0
CHEMBL3350910,4,CG0+G0,0,0,0,0
CHEMBL3350911,4,CG0+G0,0,0,0,0
CHEMBL3350912,4,CG0+G0,0,0,0,0
CHEMBL3350913,4,CG0+G0,0,0,0,0
CHEMBL3350981,4,CG0+G0,0,0,0,0
CHEMBL3350982,4,CG0+G0,0,0,0,0
CHEMBL3350983,4,CG0+G0,0,0,0,0
CHEMBL3350984,4,CG0+G0,0,0,0,0
CHEMBL3350985,4,CG0+G0,0,0,0,0
CHEMBL3350986,4,CG0+G0,0,0,0,0
CHEMBL3350987,4,CG0+G0,0,0,0,0
CHEMBL3350988,4,CG0+G0,0,0,0,0
CHEMBL3350989,4,CG0+G0,0,0,0,0
CHEMBL3351044,4,CG0+G0,0,0,0,0
CHEMBL413905,4,CG0+G0,0,0,0,0
CHEMBL4297111,4,CG0+G0,0,0,0,0
CHEMBL443598,4,CG0+G0,0,0,0,0
CHEMBL447886,4,CG0+G0,0,0,0,0
CHEMBL4527941,4,CG0+G0,0,0,0,0
CHEMBL4528179,4,CG0+G0,0,0,0,0
CHEMBL4528190,4,CG0+G0,0,0,0,0
CHEMBL4528258,4,CG0+G0,0,0,0,0
CHEMBL4529430,4,CG0+G0,0,0,0,0
CHEMBL4529500,4,CG0+G0,0,0,0,0
CHEMBL4529530,4,CG0+G0,0,0,0,0
CHEMBL4529532,4,CG0+G0,0,0,0,0
CHEMBL4529624,4,CG0+G0,0,0,0,0
CHEMBL4529639,4,CG0+G0,0,0,0,0
CHEMBL4529660,4,CG0+G0,0,0,0,0
CHEMBL4529676,4,CG0+G0,0,0,0,0
CHEMBL4529681,4,CG0+G0,0,0,0,0
CHEMBL4529696,4,CG0+G0,0,0,0,0
CHEMBL4529717,4,CG0+G0,0,0,0,0
CHEMBL4529730,4,CG0+G0,0,0,0,0
CHEMBL4529751,4,CG0+G0,0,0,0,0
CHEMBL4529771,4,CG0+G0,0,0,0,0
CHEMBL4529797,4,CG0+G0,0,0,0,0
CHEMBL4529823,4,CG0+G0,0,0,0,0
CHEMBL4529829,4,CG0+G0,0,0,0,0
CHEMBL4529841,4,CG0+G0,0,0,0,0
CHEMBL4529863,4,CG0+G0,0,0,0,0
CHEMBL4529868,4,CG0+G0,0,0,0,0
CHEMBL4529877,4,CG0+G0,0,0,0,0
CHEMBL4529883,4,CG0+G0,0,0,0,0
CHEMBL4529895,4,CG0+G0,0,0,0,0
CHEMBL4529904,4,CG0+G0,0,0,0,0
CHEMBL4529917,4,CG0+G0,0,0,0,0
CHEMBL4529928,4,CG0+G0,0,0,0,0
CHEMBL4529931,4,CG0+G0,0,0,0,0
CHEMBL4529943,4,CG0+G0,0,0,0,0
CHEMBL4529946,4,CG0+G0,0,0,0,0
CHEMBL4529955,4,CG0+G0,0,0,0,0
CHEMBL4529978,4,CG0+G0,0,0,0,0
CHEMBL4529991,4,CG0+G0,0,0,0,0
CHEMBL4529994,4,CG0+G0,0,0,0,0
CHEMBL4530010,4,CG0+G0,0,0,0,0
CHEMBL4530037,4,CG0+G0,0,0,0,0
CHEMBL4530090,4,CG0+G0,0,0,0,0
CHEMBL4530105,4,CG0+G0,0,0,0,0
CHEMBL4530177,4,CG0+G0,0,0,0,0
CHEMBL4530187,4,CG0+G0,0,0,0,0
CHEMBL4530206,4,CG0+G0,0,0,0,0
CHEMBL4530214,4,CG0+G0,0,0,0,0
CHEMBL4530218,4,CG0+G0,0,0,0,0
CHEMBL4530228,4,CG0+G0,0,0,0,0
CHEMBL4530256,4,CG0+G0,0,0,0,0
CHEMBL4530305,4,CG0+G0,0,0,0,0
CHEMBL4530326,4,CG0+G0,0,0,0,0
CHEMBL4530332,4,CG0+G0,0,0,0,0
CHEMBL4530336,4,CG0+G0,0,0,0,0
CHEMBL4530398,4,CG0+G0,0,0,0,0
CHEMBL4530431,4,CG0+G0,0,0,0,0
CHEMBL4530467,4,CG0+G0,0,0,0,0
CHEMBL4530473,4,CG0+G0,0,0,0,0
CHEMBL4530479,4,CG0+G0,0,0,0,0
CHEMBL4530507,4,CG0+G0,0,0,0,0
CHEMBL4530512,4,CG0+G0,0,0,0,0
CHEMBL4530525,4,CG0+G0,0,0,0,0
CHEMBL4530557,4,CG0+G0,0,0,0,0
CHEMBL4530593,4,CG0+G0,0,0,0,0
CHEMBL4530594,4,CG0+G0,0,0,0,0
CHEMBL4530618,4,CG0+G0,0,0,0,0
CHEMBL4530621,4,CG0+G0,0,0,0,0
CHEMBL4530654,4,CG0+G0,0,0,0,0
CHEMBL4530663,4,CG0+G0,0,0,0,0
CHEMBL4530669,4,CG0+G0,0,0,0,0
CHEMBL4530731,4,CG0+G0,0,0,0,0
CHEMBL4530744,4,CG0+G0,0,0,0,0
CHEMBL4530768,4,CG0+G0,0,0,0,0
CHEMBL4530771,4,CG0+G0,0,0,0,0
CHEMBL4530811,4,CG0+G0,0,0,0,0
CHEMBL4530860,4,CG0+G0,0,0,0,0
CHEMBL4530892,4,CG0+G0,0,0,0,0
CHEMBL4530904,4,CG0+G0,0,0,0,0
CHEMBL4530928,4,CG0+G0,0,0,0,0
CHEMBL4530946,4,CG0+G0,0,0,0,0
CHEMBL4530970,4,CG0+G0,0,0,0,0
CHEMBL4530973,4,CG0+G0,0,0,0,0
CHEMBL4530992,4,CG0+G0,0,0,0,0
CHEMBL4531006,4,CG0+G0,0,0,0,0
CHEMBL4531013,4,CG0+G0,0,0,0,0
CHEMBL4531036,4,CG0+G0,0,0,0,0
CHEMBL4531053,4,CG0+G0,0,0,0,0
CHEMBL4531077,4,CG0+G0,0,0,0,0
CHEMBL4531105,4,CG0+G0,0,0,0,0
CHEMBL4531123,4,CG0+G0,0,0,0,0
CHEMBL4531173,4,CG0+G0,0,0,0,0
CHEMBL4531187,4,CG0+G0,0,0,0,0
CHEMBL4531255,4,CG0+G0,0,0,0,0
CHEMBL4531282,4,CG0+G0,0,0,0,0
CHEMBL4531291,4,CG0+G0,0,0,0,0
CHEMBL4531307,4,CG0+G0,0,0,0,0
CHEMBL4531347,4,CG0+G0,0,0,0,0
CHEMBL4531378,4,CG0+G0,0,0,0,0
CHEMBL4531409,4,CG0+G0,0,0,0,0
CHEMBL4531414,4,CG0+G0,0,0,0,0
CHEMBL4531417,4,CG0+G0,0,0,0,0
CHEMBL4531430,4,CG0+G0,0,0,0,0
CHEMBL4531434,4,CG0+G0,0,0,0,0
CHEMBL4531447,4,CG0+G0,0,0,0,0
CHEMBL4531461,4,CG0+G0,0,0,0,0
CHEMBL4531511,4,CG0+G0,0,0,0,0
CHEMBL4531514,4,CG0+G0,0,0,0,0
CHEMBL4531524,4,CG0+G0,0,0,0,0
CHEMBL4531548,4,CG0+G0,0,0,0,0
CHEMBL4531552,4,CG0+G0,0,0,0,0
CHEMBL4531580,4,CG0+G0,0,0,0,0
CHEMBL4531581,4,CG0+G0,0,0,0,0
CHEMBL4531584,4,CG0+G0,0,0,0,0
CHEMBL4531598,4,CG0+G0,0,0,0,0
CHEMBL4531600,4,CG0+G0,0,0,0,0
CHEMBL4531638,4,CG0+G0,0,0,0,0
CHEMBL4531645,4,CG0+G0,0,0,0,0
CHEMBL4531651,4,CG0+G0,0,0,0,0
CHEMBL4531652,4,CG0+G0,0,0,0,0
CHEMBL4531662,4,CG0+G0,0,0,0,0
CHEMBL4531669,4,CG0+G0,0,0,0,0
CHEMBL4531690,4,CG0+G0,0,0,0,0
CHEMBL4531702,4,CG0+G0,0,0,0,0
CHEMBL4531752,4,CG0+G0,0,0,0,0
CHEMBL4531813,4,CG0+G0,0,0,0,0
CHEMBL4531818,4,CG0+G0,0,0,0,0
CHEMBL4531834,4,CG0+G0,0,0,0,0
CHEMBL4531850,4,CG0+G0,0,0,0,0
CHEMBL4531855,4,CG0+G0,0,0,0,0
CHEMBL4531867,4,CG0+G0,0,0,0,0
CHEMBL4531885,4,CG0+G0,0,0,0,0
CHEMBL4531886,4,CG0+G0,0,0,0,0
CHEMBL4531915,4,CG0+G0,0,0,0,0
CHEMBL4531925,4,CG0+G0,0,0,0,0
CHEMBL4531949,4,CG0+G0,0,0,0,0
CHEMBL4531988,4,CG0+G0,0,0,0,0
CHEMBL4532007,4,CG0+G0,0,0,0,0
CHEMBL4532058,4,CG0+G0,0,0,0,0
CHEMBL4532077,4,CG0+G0,0,0,0,0
CHEMBL4532094,4,CG0+G0,0,0,0,0
CHEMBL4532189,4,CG0+G0,0,0,0,0
CHEMBL4532199,4,CG0+G0,0,0,0,0
CHEMBL4532265,4,CG0+G0,0,0,0,0
CHEMBL4532288,4,CG0+G0,0,0,0,0
CHEMBL4532299,4,CG0+G0,0,0,0,0
CHEMBL4532300,4,CG0+G0,0,0,0,0
CHEMBL4532326,4,CG0+G0,0,0,0,0
CHEMBL4532336,4,CG0+G0,0,0,0,0
CHEMBL4532363,4,CG0+G0,0,0,0,0
CHEMBL4532381,4,CG0+G0,0,0,0,0
CHEMBL4532389,4,CG0+G0,0,0,0,0
CHEMBL4532403,4,CG0+G0,0,0,0,0
CHEMBL4532434,4,CG0+G0,0,0,0,0
CHEMBL4532473,4,CG0+G0,0,0,0,0
CHEMBL4532481,4,CG0+G0,0,0,0,0
CHEMBL4532493,4,CG0+G0,0,0,0,0
CHEMBL4532497,4,CG0+G0,0,0,0,0
CHEMBL4532549,4,CG0+G0,0,0,0,0
CHEMBL4532587,4,CG0+G0,0,0,0,0
CHEMBL4532637,4,CG0+G0,0,0,0,0
CHEMBL4532640,4,CG0+G0,0,0,0,0
CHEMBL4532743,4,CG0+G0,0,0,0,0
CHEMBL4532749,4,CG0+G0,0,0,0,0
CHEMBL4532759,4,CG0+G0,0,0,0,0
CHEMBL4532810,4,CG0+G0,0,0,0,0
CHEMBL4532878,4,CG0+G0,0,0,0,0
CHEMBL4532910,4,CG0+G0,0,0,0,0
CHEMBL4532915,4,CG0+G0,0,0,0,0
CHEMBL4532939,4,CG0+G0,0,0,0,0
CHEMBL4533158,4,CG0+G0,0,0,0,0
CHEMBL4533159,4,CG0+G0,0,0,0,0
CHEMBL4533216,4,CG0+G0,0,0,0,0
CHEMBL4533223,4,CG0+G0,0,0,0,0
CHEMBL4533229,4,CG0+G0,0,0,0,0
CHEMBL4533243,4,CG0+G0,0,0,0,0
CHEMBL4533247,4,CG0+G0,0,0,0,0
CHEMBL4533249,4,CG0+G0,0,0,0,0
CHEMBL4533294,4,CG0+G0,0,0,0,0
CHEMBL4533303,4,CG0+G0,0,0,0,0
CHEMBL4533305,4,CG0+G0,0,0,0,0
CHEMBL4533320,4,CG0+G0,0,0,0,0
CHEMBL4533349,4,CG0+G0,0,0,0,0
CHEMBL4533352,4,CG0+G0,0,0,0,0
CHEMBL4533414,4,CG0+G0,0,0,0,0
CHEMBL4533447,4,CG0+G0,0,0,0,0
CHEMBL4533456,4,CG0+G0,0,0,0,0
CHEMBL4533505,4,CG0+G0,0,0,0,0
CHEMBL4533512,4,CG0+G0,0,0,0,0
CHEMBL4533524,4,CG0+G0,0,0,0,0
CHEMBL4533526,4,CG0+G0,0,0,0,0
CHEMBL4533588,4,CG0+G0,0,0,0,0
CHEMBL4533594,4,CG0+G0,0,0,0,0
CHEMBL4533607,4,CG0+G0,0,0,0,0
CHEMBL4533620,4,CG0+G0,0,0,0,0
CHEMBL4533696,4,CG0+G0,0,0,0,0
CHEMBL4533702,4,CG0+G0,0,0,0,0
CHEMBL4533719,4,CG0+G0,0,0,0,0
CHEMBL4533721,4,CG0+G0,0,0,0,0
CHEMBL4533733,4,CG0+G0,0,0,0,0
CHEMBL4533744,4,CG0+G0,0,0,0,0
CHEMBL4533797,4,CG0+G0,0,0,0,0
CHEMBL4533818,4,CG0+G0,0,0,0,0
CHEMBL4533868,4,CG0+G0,0,0,0,0
CHEMBL4533895,4,CG0+G0,0,0,0,0
CHEMBL4533909,4,CG0+G0,0,0,0,0
CHEMBL4533933,4,CG0+G0,0,0,0,0
CHEMBL4533957,4,CG0+G0,0,0,0,0
CHEMBL4534005,4,CG0+G0,0,0,0,0
CHEMBL4534028,4,CG0+G0,0,0,0,0
CHEMBL4534061,4,CG0+G0,0,0,0,0
CHEMBL4534065,4,CG0+G0,0,0,0,0
CHEMBL4534096,4,CG0+G0,0,0,0,0
CHEMBL4534136,4,CG0+G0,0,0,0,0
CHEMBL4534141,4,CG0+G0,0,0,0,0
CHEMBL4534142,4,CG0+G0,0,0,0,0
CHEMBL4534156,4,CG0+G0,0,0,0,0
CHEMBL4534186,4,CG0+G0,0,0,0,0
CHEMBL4534235,4,CG0+G0,0,0,0,0
CHEMBL4534239,4,CG0+G0,0,0,0,0
CHEMBL4534273,4,CG0+G0,0,0,0,0
CHEMBL4534285,4,CG0+G0,0,0,0,0
CHEMBL4534286,4,CG0+G0,0,0,0,0
CHEMBL4534297,4,CG0+G0,0,0,0,0
CHEMBL4534315,4,CG0+G0,0,0,0,0
CHEMBL4534347,4,CG0+G0,0,0,0,0
CHEMBL4534388,4,CG0+G0,0,0,0,0
CHEMBL4534398,4,CG0+G0,0,0,0,0
CHEMBL4534438,4,CG0+G0,0,0,0,0
CHEMBL4534439,4,CG0+G0,0,0,0,0
CHEMBL4534477,4,CG0+G0,0,0,0,0
CHEMBL4534480,4,CG0+G0,0,0,0,0
CHEMBL4534494,4,CG0+G0,0,0,0,0
CHEMBL4534586,4,CG0+G0,0,0,0,0
CHEMBL4534588,4,CG0+G0,0,0,0,0
CHEMBL4534611,4,CG0+G0,0,0,0,0
CHEMBL4534614,4,CG0+G0,0,0,0,0
CHEMBL4534622,4,CG0+G0,0,0,0,0
CHEMBL4534646,4,CG0+G0,0,0,0,0
CHEMBL4534669,4,CG0+G0,0,0,0,0
CHEMBL4534704,4,CG0+G0,0,0,0,0
CHEMBL4534753,4,CG0+G0,0,0,0,0
CHEMBL4548479,4,CG0+G0,0,0,0,0
CHEMBL4548517,4,CG0+G0,0,0,0,0
CHEMBL4548518,4,CG0+G0,0,0,0,0
CHEMBL4562726,4,CG0+G0,0,0,0,0
CHEMBL4562732,4,CG0+G0,0,0,0,0
CHEMBL4562733,4,CG0+G0,0,0,0,0
CHEMBL4562735,4,CG0+G0,0,0,0,0
CHEMBL4562756,4,CG0+G0,0,0,0,0
CHEMBL4562765,4,CG0+G0,0,0,0,0
CHEMBL4562802,4,CG0+G0,0,0,0,0
CHEMBL4562804,4,CG0+G0,0,0,0,0
CHEMBL4562861,4,CG0+G0,0,0,0,0
CHEMBL4562885,4,CG0+G0,0,0,0,0
CHEMBL4563096,4,CG0+G0,0,0,0,0
CHEMBL4563203,4,CG0+G0,0,0,0,0
CHEMBL4564073,4,CG0+G0,0,0,0,0
CHEMBL4564138,4,CG0+G0,0,0,0,0
CHEMBL4564139,4,CG0+G0,0,0,0,0
CHEMBL4564152,4,CG0+G0,0,0,0,0
CHEMBL4564178,4,CG0+G0,0,0,0,0
CHEMBL4564201,4,CG0+G0,0,0,0,0
CHEMBL4564257,4,CG0+G0,0,0,0,0
CHEMBL4564271,4,CG0+G0,0,0,0,0
CHEMBL4564342,4,CG0+G0,0,0,0,0
CHEMBL4564347,4,CG0+G0,0,0,0,0
CHEMBL4564364,4,CG0+G0,0,0,0,0
CHEMBL4564386,4,CG0+G0,0,0,0,0
CHEMBL4564420,4,CG0+G0,0,0,0,0
CHEMBL4564447,4,CG0+G0,0,0,0,0
CHEMBL4564474,4,CG0+G0,0,0,0,0
CHEMBL4564483,4,CG0+G0,0,0,0,0
CHEMBL4564496,4,CG0+G0,0,0,0,0
CHEMBL4564514,4,CG0+G0,0,0,0,0
CHEMBL4564519,4,CG0+G0,0,0,0,0
CHEMBL4564578,4,CG0+G0,0,0,0,0
CHEMBL4564611,4,CG0+G0,0,0,0,0
CHEMBL4564660,4,CG0+G0,0,0,0,0
CHEMBL4564687,4,CG0+G0,0,0,0,0
CHEMBL4564700,4,CG0+G0,0,0,0,0
CHEMBL4564727,4,CG0+G0,0,0,0,0
CHEMBL4564729,4,CG0+G0,0,0,0,0
CHEMBL4564733,4,CG0+G0,0,0,0,0
CHEMBL4564846,4,CG0+G0,0,0,0,0
CHEMBL4564854,4,CG0+G0,0,0,0,0
CHEMBL4564923,4,CG0+G0,0,0,0,0
CHEMBL4564982,4,CG0+G0,0,0,0,0
CHEMBL4564987,4,CG0+G0,0,0,0,0
CHEMBL4565082,4,CG0+G0,0,0,0,0
CHEMBL4565119,4,CG0+G0,0,0,0,0
CHEMBL4565134,4,CG0+G0,0,0,0,0
CHEMBL4565156,4,CG0+G0,0,0,0,0
CHEMBL4565164,4,CG0+G0,0,0,0,0
CHEMBL4565173,4,CG0+G0,0,0,0,0
CHEMBL4565176,4,CG0+G0,0,0,0,0
CHEMBL4565187,4,CG0+G0,0,0,0,0
CHEMBL4565201,4,CG0+G0,0,0,0,0
CHEMBL4565743,4,CG0+G0,0,0,0,0
CHEMBL4566114,4,CG0+G0,0,0,0,0
CHEMBL4566116,4,CG0+G0,0,0,0,0
CHEMBL4566127,4,CG0+G0,0,0,0,0
CHEMBL4566128,4,CG0+G0,0,0,0,0
CHEMBL4566134,4,CG0+G0,0,0,0,0
CHEMBL4566142,4,CG0+G0,0,0,0,0
CHEMBL4566150,4,CG0+G0,0,0,0,0
CHEMBL4566163,4,CG0+G0,0,0,0,0
CHEMBL4566166,4,CG0+G0,0,0,0,0
CHEMBL4566174,4,CG0+G0,0,0,0,0
CHEMBL4566193,4,CG0+G0,0,0,0,0
CHEMBL4566196,4,CG0+G0,0,0,0,0
CHEMBL4566209,4,CG0+G0,0,0,0,0
CHEMBL4566331,4,CG0+G0,0,0,0,0
CHEMBL4566351,4,CG0+G0,0,0,0,0
CHEMBL4566377,4,CG0+G0,0,0,0,0
CHEMBL4566396,4,CG0+G0,0,0,0,0
CHEMBL4566401,4,CG0+G0,0,0,0,0
CHEMBL4566429,4,CG0+G0,0,0,0,0
CHEMBL4566430,4,CG0+G0,0,0,0,0
CHEMBL4566439,4,CG0+G0,0,0,0,0
CHEMBL4566448,4,CG0+G0,0,0,0,0
CHEMBL4566461,4,CG0+G0,0,0,0,0
CHEMBL4566464,4,CG0+G0,0,0,0,0
CHEMBL4566465,4,CG0+G0,0,0,0,0
CHEMBL4566470,4,CG0+G0,0,0,0,0
CHEMBL4566484,4,CG0+G0,0,0,0,0
CHEMBL4566518,4,CG0+G0,0,0,0,0
CHEMBL4566532,4,CG0+G0,0,0,0,0
CHEMBL4566542,4,CG0+G0,0,0,0,0
CHEMBL4566585,4,CG0+G0,0,0,0,0
CHEMBL4566634,4,CG0+G0,0,0,0,0
CHEMBL4567654,4,CG0+G0,0,0,0,0
CHEMBL4567712,4,CG0+G0,0,0,0,0
CHEMBL4567728,4,CG0+G0,0,0,0,0
CHEMBL4567730,4,CG0+G0,0,0,0,0
CHEMBL4567791,4,CG0+G0,0,0,0,0
CHEMBL4567808,4,CG0+G0,0,0,0,0
CHEMBL4567819,4,CG0+G0,0,0,0,0
CHEMBL4567848,4,CG0+G0,0,0,0,0
CHEMBL4567849,4,CG0+G0,0,0,0,0
CHEMBL4567889,4,CG0+G0,0,0,0,0
CHEMBL4567906,4,CG0+G0,0,0,0,0
CHEMBL4567939,4,CG0+G0,0,0,0,0
CHEMBL4567942,4,CG0+G0,0,0,0,0
CHEMBL4568016,4,CG0+G0,0,0,0,0
CHEMBL4568066,4,CG0+G0,0,0,0,0
CHEMBL4568139,4,CG0+G0,0,0,0,0
CHEMBL4568148,4,CG0+G0,0,0,0,0
CHEMBL4568150,4,CG0+G0,0,0,0,0
CHEMBL4568153,4,CG0+G0,0,0,0,0
CHEMBL4568160,4,CG0+G0,0,0,0,0
CHEMBL4568162,4,CG0+G0,0,0,0,0
CHEMBL4568192,4,CG0+G0,0,0,0,0
CHEMBL4568221,4,CG0+G0,0,0,0,0
CHEMBL4568231,4,CG0+G0,0,0,0,0
CHEMBL4568239,4,CG0+G0,0,0,0,0
CHEMBL4568256,4,CG0+G0,0,0,0,0
CHEMBL4568282,4,CG0+G0,0,0,0,0
CHEMBL4568332,4,CG0+G0,0,0,0,0
CHEMBL4568337,4,CG0+G0,0,0,0,0
CHEMBL4568338,4,CG0+G0,0,0,0,0
CHEMBL4568390,4,CG0+G0,0,0,0,0
CHEMBL4568397,4,CG0+G0,0,0,0,0
CHEMBL4568409,4,CG0+G0,0,0,0,0
CHEMBL4568433,4,CG0+G0,0,0,0,0
CHEMBL4568450,4,CG0+G0,0,0,0,0
CHEMBL4568460,4,CG0+G0,0,0,0,0
CHEMBL4568539,4,CG0+G0,0,0,0,0
CHEMBL4568561,4,CG0+G0,0,0,0,0
CHEMBL4568572,4,CG0+G0,0,0,0,0
CHEMBL4568626,4,CG0+G0,0,0,0,0
CHEMBL4568666,4,CG0+G0,0,0,0,0
CHEMBL4568686,4,CG0+G0,0,0,0,0
CHEMBL4568724,4,CG0+G0,0,0,0,0
CHEMBL4568764,4,CG0+G0,0,0,0,0
CHEMBL4568792,4,CG0+G0,0,0,0,0
CHEMBL4568811,4,CG0+G0,0,0,0,0
CHEMBL4568850,4,CG0+G0,0,0,0,0
CHEMBL4568856,4,CG0+G0,0,0,0,0
CHEMBL4568862,4,CG0+G0,0,0,0,0
CHEMBL4569183,4,CG0+G0,0,0,0,0
CHEMBL4569244,4,CG0+G0,0,0,0,0
CHEMBL4569259,4,CG0+G0,0,0,0,0
CHEMBL4569295,4,CG0+G0,0,0,0,0
CHEMBL4569307,4,CG0+G0,0,0,0,0
CHEMBL4569312,4,CG0+G0,0,0,0,0
CHEMBL4569314,4,CG0+G0,0,0,0,0
CHEMBL4569341,4,CG0+G0,0,0,0,0
CHEMBL4569350,4,CG0+G0,0,0,0,0
CHEMBL4569360,4,CG0+G0,0,0,0,0
CHEMBL4569367,4,CG0+G0,0,0,0,0
CHEMBL4569381,4,CG0+G0,0,0,0,0
CHEMBL4569388,4,CG0+G0,0,0,0,0
CHEMBL4569395,4,CG0+G0,0,0,0,0
CHEMBL4569440,4,CG0+G0,0,0,0,0
CHEMBL4569449,4,CG0+G0,0,0,0,0
CHEMBL4570011,4,CG0+G0,0,0,0,0
CHEMBL4570020,4,CG0+G0,0,0,0,0
CHEMBL4570028,4,CG0+G0,0,0,0,0
CHEMBL4570039,4,CG0+G0,0,0,0,0
CHEMBL4570043,4,CG0+G0,0,0,0,0
CHEMBL4570181,4,CG0+G0,0,0,0,0
CHEMBL4570214,4,CG0+G0,0,0,0,0
CHEMBL4570272,4,CG0+G0,0,0,0,0
CHEMBL4570290,4,CG0+G0,0,0,0,0
CHEMBL4570336,4,CG0+G0,0,0,0,0
CHEMBL4570364,4,CG0+G0,0,0,0,0
CHEMBL4570403,4,CG0+G0,0,0,0,0
CHEMBL4570411,4,CG0+G0,0,0,0,0
CHEMBL4570438,4,CG0+G0,0,0,0,0
CHEMBL4570454,4,CG0+G0,0,0,0,0
CHEMBL4570466,4,CG0+G0,0,0,0,0
CHEMBL4570468,4,CG0+G0,0,0,0,0
CHEMBL4570553,4,CG0+G0,0,0,0,0
CHEMBL4570620,4,CG0+G0,0,0,0,0
CHEMBL4570643,4,CG0+G0,0,0,0,0
CHEMBL4570708,4,CG0+G0,0,0,0,0
CHEMBL4570709,4,CG0+G0,0,0,0,0
CHEMBL4570734,4,CG0+G0,0,0,0,0
CHEMBL4570756,4,CG0+G0,0,0,0,0
CHEMBL4570762,4,CG0+G0,0,0,0,0
CHEMBL4570804,4,CG0+G0,0,0,0,0
CHEMBL4570816,4,CG0+G0,0,0,0,0
CHEMBL4570821,4,CG0+G0,0,0,0,0
CHEMBL4570873,4,CG0+G0,0,0,0,0
CHEMBL4570880,4,CG0+G0,0,0,0,0
CHEMBL4570883,4,CG0+G0,0,0,0,0
CHEMBL4570886,4,CG0+G0,0,0,0,0
CHEMBL4570897,4,CG0+G0,0,0,0,0
CHEMBL4570930,4,CG0+G0,0,0,0,0
CHEMBL4570998,4,CG0+G0,0,0,0,0
CHEMBL4571005,4,CG0+G0,0,0,0,0
CHEMBL4571033,4,CG0+G0,0,0,0,0
CHEMBL4571128,4,CG0+G0,0,0,0,0
CHEMBL4571133,4,CG0+G0,0,0,0,0
CHEMBL4571146,4,CG0+G0,0,0,0,0
CHEMBL4571152,4,CG0+G0,0,0,0,0
CHEMBL4571171,4,CG0+G0,0,0,0,0
CHEMBL4571181,4,CG0+G0,0,0,0,0
CHEMBL4571198,4,CG0+G0,0,0,0,0
CHEMBL4571204,4,CG0+G0,0,0,0,0
CHEMBL4571214,4,CG0+G0,0,0,0,0
CHEMBL4571217,4,CG0+G0,0,0,0,0
CHEMBL4571234,4,CG0+G0,0,0,0,0
CHEMBL4571275,4,CG0+G0,0,0,0,0
CHEMBL4571291,4,CG0+G0,0,0,0,0
CHEMBL4571327,4,CG0+G0,0,0,0,0
CHEMBL4571336,4,CG0+G0,0,0,0,0
CHEMBL4571340,4,CG0+G0,0,0,0,0
CHEMBL4571350,4,CG0+G0,0,0,0,0
CHEMBL4571374,4,CG0+G0,0,0,0,0
CHEMBL4571375,4,CG0+G0,0,0,0,0
CHEMBL4571379,4,CG0+G0,0,0,0,0
CHEMBL4571398,4,CG0+G0,0,0,0,0
CHEMBL4571464,4,CG0+G0,0,0,0,0
CHEMBL4571487,4,CG0+G0,0,0,0,0
CHEMBL4571515,4,CG0+G0,0,0,0,0
CHEMBL4571523,4,CG0+G0,0,0,0,0
CHEMBL4571538,4,CG0+G0,0,0,0,0
CHEMBL4571541,4,CG0+G0,0,0,0,0
CHEMBL4571570,4,CG0+G0,0,0,0,0
CHEMBL4571641,4,CG0+G0,0,0,0,0
CHEMBL4571710,4,CG0+G0,0,0,0,0
CHEMBL4571718,4,CG0+G0,0,0,0,0
CHEMBL4571787,4,CG0+G0,0,0,0,0
CHEMBL4571826,4,CG0+G0,0,0,0,0
CHEMBL4571853,4,CG0+G0,0,0,0,0
CHEMBL4571913,4,CG0+G0,0,0,0,0
CHEMBL4571932,4,CG0+G0,0,0,0,0
CHEMBL4571997,4,CG0+G0,0,0,0,0
CHEMBL4572008,4,CG0+G0,0,0,0,0
CHEMBL4572045,4,CG0+G0,0,0,0,0
CHEMBL4572080,4,CG0+G0,0,0,0,0
CHEMBL4572101,4,CG0+G0,0,0,0,0
CHEMBL4572105,4,CG0+G0,0,0,0,0
CHEMBL4572135,4,CG0+G0,0,0,0,0
CHEMBL4572146,4,CG0+G0,0,0,0,0
CHEMBL4572225,4,CG0+G0,0,0,0,0
CHEMBL4572234,4,CG0+G0,0,0,0,0
CHEMBL4572242,4,CG0+G0,0,0,0,0
CHEMBL4572248,4,CG0+G0,0,0,0,0
CHEMBL4572257,4,CG0+G0,0,0,0,0
CHEMBL4572270,4,CG0+G0,0,0,0,0
CHEMBL4572692,4,CG0+G0,0,0,0,0
CHEMBL4572694,4,CG0+G0,0,0,0,0
CHEMBL4572721,4,CG0+G0,0,0,0,0
CHEMBL4572738,4,CG0+G0,0,0,0,0
CHEMBL4572749,4,CG0+G0,0,0,0,0
CHEMBL4572769,4,CG0+G0,0,0,0,0
CHEMBL4572789,4,CG0+G0,0,0,0,0
CHEMBL4572821,4,CG0+G0,0,0,0,0
CHEMBL4572830,4,CG0+G0,0,0,0,0
CHEMBL4572845,4,CG0+G0,0,0,0,0
CHEMBL4572846,4,CG0+G0,0,0,0,0
CHEMBL4572857,4,CG0+G0,0,0,0,0
CHEMBL4572867,4,CG0+G0,0,0,0,0
CHEMBL4572871,4,CG0+G0,0,0,0,0
CHEMBL4572874,4,CG0+G0,0,0,0,0
CHEMBL4572887,4,CG0+G0,0,0,0,0
CHEMBL4572889,4,CG0+G0,0,0,0,0
CHEMBL4572904,4,CG0+G0,0,0,0,0
CHEMBL4572919,4,CG0+G0,0,0,0,0
CHEMBL4572986,4,CG0+G0,0,0,0,0
CHEMBL4573004,4,CG0+G0,0,0,0,0
CHEMBL4573050,4,CG0+G0,0,0,0,0
CHEMBL4573052,4,CG0+G0,0,0,0,0
CHEMBL4573106,4,CG0+G0,0,0,0,0
CHEMBL4573118,4,CG0+G0,0,0,0,0
CHEMBL4573148,4,CG0+G0,0,0,0,0
CHEMBL4573174,4,CG0+G0,0,0,0,0
CHEMBL4573201,4,CG0+G0,0,0,0,0
CHEMBL4573280,4,CG0+G0,0,0,0,0
CHEMBL4573312,4,CG0+G0,0,0,0,0
CHEMBL4573323,4,CG0+G0,0,0,0,0
CHEMBL4573360,4,CG0+G0,0,0,0,0
CHEMBL4573372,4,CG0+G0,0,0,0,0
CHEMBL4573377,4,CG0+G0,0,0,0,0
CHEMBL4573378,4,CG0+G0,0,0,0,0
CHEMBL4573419,4,CG0+G0,0,0,0,0
CHEMBL4573477,4,CG0+G0,0,0,0,0
CHEMBL4573483,4,CG0+G0,0,0,0,0
CHEMBL4573492,4,CG0+G0,0,0,0,0
CHEMBL4573494,4,CG0+G0,0,0,0,0
CHEMBL4573510,4,CG0+G0,0,0,0,0
CHEMBL4573525,4,CG0+G0,0,0,0,0
CHEMBL4573545,4,CG0+G0,0,0,0,0
CHEMBL4573552,4,CG0+G0,0,0,0,0
CHEMBL4573593,4,CG0+G0,0,0,0,0
CHEMBL4573619,4,CG0+G0,0,0,0,0
CHEMBL4573658,4,CG0+G0,0,0,0,0
CHEMBL4573704,4,CG0+G0,0,0,0,0
CHEMBL4573706,4,CG0+G0,0,0,0,0
CHEMBL4573737,4,CG0+G0,0,0,0,0
CHEMBL4573751,4,CG0+G0,0,0,0,0
CHEMBL4573752,4,CG0+G0,0,0,0,0
CHEMBL4573785,4,CG0+G0,0,0,0,0
CHEMBL4573811,4,CG0+G0,0,0,0,0
CHEMBL4573827,4,CG0+G0,0,0,0,0
CHEMBL4573851,4,CG0+G0,0,0,0,0
CHEMBL4573877,4,CG0+G0,0,0,0,0
CHEMBL4573881,4,CG0+G0,0,0,0,0
CHEMBL4573882,4,CG0+G0,0,0,0,0
CHEMBL4573898,4,CG0+G0,0,0,0,0
CHEMBL4573906,4,CG0+G0,0,0,0,0
CHEMBL4573910,4,CG0+G0,0,0,0,0
CHEMBL4573915,4,CG0+G0,0,0,0,0
CHEMBL4573931,4,CG0+G0,0,0,0,0
CHEMBL4573971,4,CG0+G0,0,0,0,0
CHEMBL4573973,4,CG0+G0,0,0,0,0
CHEMBL4573980,4,CG0+G0,0,0,0,0
CHEMBL4574086,4,CG0+G0,0,0,0,0
CHEMBL4574093,4,CG0+G0,0,0,0,0
CHEMBL4574214,4,CG0+G0,0,0,0,0
CHEMBL4574220,4,CG0+G0,0,0,0,0
CHEMBL4574293,4,CG0+G0,0,0,0,0
CHEMBL4574295,4,CG0+G0,0,0,0,0
CHEMBL4574396,4,CG0+G0,0,0,0,0
CHEMBL4574397,4,CG0+G0,0,0,0,0
CHEMBL4574406,4,CG0+G0,0,0,0,0
CHEMBL4574724,4,CG0+G0,0,0,0,0
CHEMBL4574812,4,CG0+G0,0,0,0,0
CHEMBL4574855,4,CG0+G0,0,0,0,0
CHEMBL4574869,4,CG0+G0,0,0,0,0
CHEMBL4574877,4,CG0+G0,0,0,0,0
CHEMBL4574884,4,CG0+G0,0,0,0,0
CHEMBL4574912,4,CG0+G0,0,0,0,0
CHEMBL4574957,4,CG0+G0,0,0,0,0
CHEMBL4574986,4,CG0+G0,0,0,0,0
CHEMBL4574987,4,CG0+G0,0,0,0,0
CHEMBL4574995,4,CG0+G0,0,0,0,0
CHEMBL4574996,4,CG0+G0,0,0,0,0
CHEMBL4575052,4,CG0+G0,0,0,0,0
CHEMBL4575056,4,CG0+G0,0,0,0,0
CHEMBL4575057,4,CG0+G0,0,0,0,0
CHEMBL4575068,4,CG0+G0,0,0,0,0
CHEMBL4575071,4,CG0+G0,0,0,0,0
CHEMBL4575078,4,CG0+G0,0,0,0,0
CHEMBL4575113,4,CG0+G0,0,0,0,0
CHEMBL4575134,4,CG0+G0,0,0,0,0
CHEMBL4575151,4,CG0+G0,0,0,0,0
CHEMBL4575193,4,CG0+G0,0,0,0,0
CHEMBL4575197,4,CG0+G0,0,0,0,0
CHEMBL4575199,4,CG0+G0,0,0,0,0
CHEMBL4575334,4,CG0+G0,0,0,0,0
CHEMBL4575339,4,CG0+G0,0,0,0,0
CHEMBL4575437,4,CG0+G0,0,0,0,0
CHEMBL4575450,4,CG0+G0,0,0,0,0
CHEMBL4575517,4,CG0+G0,0,0,0,0
CHEMBL4575530,4,CG0+G0,0,0,0,0
CHEMBL4575610,4,CG0+G0,0,0,0,0
CHEMBL4575708,4,CG0+G0,0,0,0,0
CHEMBL4575786,4,CG0+G0,0,0,0,0
CHEMBL4575787,4,CG0+G0,0,0,0,0
CHEMBL4575790,4,CG0+G0,0,0,0,0
CHEMBL4575809,4,CG0+G0,0,0,0,0
CHEMBL4575896,4,CG0+G0,0,0,0,0
CHEMBL4575948,4,CG0+G0,0,0,0,0
CHEMBL4575949,4,CG0+G0,0,0,0,0
CHEMBL4580633,4,CG0+G0,0,0,0,0
CHEMBL4580684,4,CG0+G0,0,0,0,0
CHEMBL4580688,4,CG0+G0,0,0,0,0
CHEMBL4580732,4,CG0+G0,0,0,0,0
CHEMBL4580738,4,CG0+G0,0,0,0,0
CHEMBL4580764,4,CG0+G0,0,0,0,0
CHEMBL4580765,4,CG0+G0,0,0,0,0
CHEMBL4580766,4,CG0+G0,0,0,0,0
CHEMBL4580771,4,CG0+G0,0,0,0,0
CHEMBL4580776,4,CG0+G0,0,0,0,0
CHEMBL4580782,4,CG0+G0,0,0,0,0
CHEMBL4580786,4,CG0+G0,0,0,0,0
CHEMBL4580814,4,CG0+G0,0,0,0,0
CHEMBL4580820,4,CG0+G0,0,0,0,0
CHEMBL4580851,4,CG0+G0,0,0,0,0
CHEMBL4580865,4,CG0+G0,0,0,0,0
CHEMBL4580873,4,CG0+G0,0,0,0,0
CHEMBL4580882,4,CG0+G0,0,0,0,0
CHEMBL4580890,4,CG0+G0,0,0,0,0
CHEMBL4580894,4,CG0+G0,0,0,0,0
CHEMBL4580983,4,CG0+G0,0,0,0,0
CHEMBL4581031,4,CG0+G0,0,0,0,0
CHEMBL4581083,4,CG0+G0,0,0,0,0
CHEMBL4581101,4,CG0+G0,0,0,0,0
CHEMBL4581105,4,CG0+G0,0,0,0,0
CHEMBL4581108,4,CG0+G0,0,0,0,0
CHEMBL4581149,4,CG0+G0,0,0,0,0
CHEMBL4581190,4,CG0+G0,0,0,0,0
CHEMBL4581215,4,CG0+G0,0,0,0,0
CHEMBL4581221,4,CG0+G0,0,0,0,0
CHEMBL4581229,4,CG0+G0,0,0,0,0
CHEMBL4581241,4,CG0+G0,0,0,0,0
CHEMBL4581305,4,CG0+G0,0,0,0,0
CHEMBL4581343,4,CG0+G0,0,0,0,0
CHEMBL4581346,4,CG0+G0,0,0,0,0
CHEMBL4581359,4,CG0+G0,0,0,0,0
CHEMBL4581396,4,CG0+G0,0,0,0,0
CHEMBL4581419,4,CG0+G0,0,0,0,0
CHEMBL4581422,4,CG0+G0,0,0,0,0
CHEMBL4581488,4,CG0+G0,0,0,0,0
CHEMBL4581490,4,CG0+G0,0,0,0,0
CHEMBL4581496,4,CG0+G0,0,0,0,0
CHEMBL4581545,4,CG0+G0,0,0,0,0
CHEMBL4581557,4,CG0+G0,0,0,0,0
CHEMBL4581587,4,CG0+G0,0,0,0,0
CHEMBL4581623,4,CG0+G0,0,0,0,0
CHEMBL4581645,4,CG0+G0,0,0,0,0
CHEMBL4581672,4,CG0+G0,0,0,0,0
CHEMBL4581720,4,CG0+G0,0,0,0,0
CHEMBL4581779,4,CG0+G0,0,0,0,0
CHEMBL4581785,4,CG0+G0,0,0,0,0
CHEMBL4581789,4,CG0+G0,0,0,0,0
CHEMBL4581791,4,CG0+G0,0,0,0,0
CHEMBL4581881,4,CG0+G0,0,0,0,0
CHEMBL4581972,4,CG0+G0,0,0,0,0
CHEMBL4582140,4,CG0+G0,0,0,0,0
CHEMBL4582173,4,CG0+G0,0,0,0,0
CHEMBL4582215,4,CG0+G0,0,0,0,0
CHEMBL4582247,4,CG0+G0,0,0,0,0
CHEMBL4582273,4,CG0+G0,0,0,0,0
CHEMBL4582283,4,CG0+G0,0,0,0,0
CHEMBL4582329,4,CG0+G0,0,0,0,0
CHEMBL4582338,4,CG0+G0,0,0,0,0
CHEMBL4582376,4,CG0+G0,0,0,0,0
CHEMBL4582395,4,CG0+G0,0,0,0,0
CHEMBL4582403,4,CG0+G0,0,0,0,0
CHEMBL4582437,4,CG0+G0,0,0,0,0
CHEMBL4582447,4,CG0+G0,0,0,0,0
CHEMBL4582461,4,CG0+G0,0,0,0,0
CHEMBL4582464,4,CG0+G0,0,0,0,0
CHEMBL4582478,4,CG0+G0,0,0,0,0
CHEMBL4582486,4,CG0+G0,0,0,0,0
CHEMBL4582504,4,CG0+G0,0,0,0,0
CHEMBL4582512,4,CG0+G0,0,0,0,0
CHEMBL4582519,4,CG0+G0,0,0,0,0
CHEMBL4582601,4,CG0+G0,0,0,0,0
CHEMBL4582618,4,CG0+G0,0,0,0,0
CHEMBL4582713,4,CG0+G0,0,0,0,0
CHEMBL4582714,4,CG0+G0,0,0,0,0
CHEMBL4583417,4,CG0+G0,0,0,0,0
CHEMBL4583437,4,CG0+G0,0,0,0,0
CHEMBL4583441,4,CG0+G0,0,0,0,0
CHEMBL4583453,4,CG0+G0,0,0,0,0
CHEMBL4583498,4,CG0+G0,0,0,0,0
CHEMBL4583521,4,CG0+G0,0,0,0,0
CHEMBL4583522,4,CG0+G0,0,0,0,0
CHEMBL4583549,4,CG0+G0,0,0,0,0
CHEMBL4583571,4,CG0+G0,0,0,0,0
CHEMBL4583625,4,CG0+G0,0,0,0,0
CHEMBL4583629,4,CG0+G0,0,0,0,0
CHEMBL4583662,4,CG0+G0,0,0,0,0
CHEMBL4583664,4,CG0+G0,0,0,0,0
CHEMBL4583695,4,CG0+G0,0,0,0,0
CHEMBL4583731,4,CG0+G0,0,0,0,0
CHEMBL4584625,4,CG0+G0,0,0,0,0
CHEMBL4584642,4,CG0+G0,0,0,0,0
CHEMBL4584672,4,CG0+G0,0,0,0,0
CHEMBL4584764,4,CG0+G0,0,0,0,0
CHEMBL4584782,4,CG0+G0,0,0,0,0
CHEMBL4584795,4,CG0+G0,0,0,0,0
CHEMBL4584804,4,CG0+G0,0,0,0,0
CHEMBL4584815,4,CG0+G0,0,0,0,0
CHEMBL4584879,4,CG0+G0,0,0,0,0
CHEMBL4584905,4,CG0+G0,0,0,0,0
CHEMBL4584934,4,CG0+G0,0,0,0,0
CHEMBL4584945,4,CG0+G0,0,0,0,0
CHEMBL4584956,4,CG0+G0,0,0,0,0
CHEMBL4584957,4,CG0+G0,0,0,0,0
CHEMBL4584959,4,CG0+G0,0,0,0,0
CHEMBL4584978,4,CG0+G0,0,0,0,0
CHEMBL4585002,4,CG0+G0,0,0,0,0
CHEMBL4585026,4,CG0+G0,0,0,0,0
CHEMBL4585094,4,CG0+G0,0,0,0,0
CHEMBL4585119,4,CG0+G0,0,0,0,0
CHEMBL4585140,4,CG0+G0,0,0,0,0
CHEMBL4585149,4,CG0+G0,0,0,0,0
CHEMBL4585184,4,CG0+G0,0,0,0,0
CHEMBL4585201,4,CG0+G0,0,0,0,0
CHEMBL4585209,4,CG0+G0,0,0,0,0
CHEMBL4585286,4,CG0+G0,0,0,0,0
CHEMBL4585303,4,CG0+G0,0,0,0,0
CHEMBL4585305,4,CG0+G0,0,0,0,0
CHEMBL4585336,4,CG0+G0,0,0,0,0
CHEMBL4585417,4,CG0+G0,0,0,0,0
CHEMBL4585449,4,CG0+G0,0,0,0,0
CHEMBL4585474,4,CG0+G0,0,0,0,0
CHEMBL4634646,4,CG0+G0,0,0,0,0
CHEMBL4634658,4,CG0+G0,0,0,0,0
CHEMBL4634680,4,CG0+G0,0,0,0,0
CHEMBL4634686,4,CG0+G0,0,0,0,0
CHEMBL4634696,4,CG0+G0,0,0,0,0
CHEMBL4634714,4,CG0+G0,0,0,0,0
CHEMBL4634720,4,CG0+G0,0,0,0,0
CHEMBL4634726,4,CG0+G0,0,0,0,0
CHEMBL4634738,4,CG0+G0,0,0,0,0
CHEMBL4634740,4,CG0+G0,0,0,0,0
CHEMBL4634744,4,CG0+G0,0,0,0,0
CHEMBL4634785,4,CG0+G0,0,0,0,0
CHEMBL4634787,4,CG0+G0,0,0,0,0
CHEMBL4634805,4,CG0+G0,0,0,0,0
CHEMBL4634809,4,CG0+G0,0,0,0,0
CHEMBL4634813,4,CG0+G0,0,0,0,0
CHEMBL4634817,4,CG0+G0,0,0,0,0
CHEMBL4634836,4,CG0+G0,0,0,0,0
CHEMBL4634869,4,CG0+G0,0,0,0,0
CHEMBL4634876,4,CG0+G0,0,0,0,0
CHEMBL4634888,4,CG0+G0,0,0,0,0
CHEMBL4634930,4,CG0+G0,0,0,0,0
CHEMBL4634931,4,CG0+G0,0,0,0,0
CHEMBL4634932,4,CG0+G0,0,0,0,0
CHEMBL4634942,4,CG0+G0,0,0,0,0
CHEMBL4634948,4,CG0+G0,0,0,0,0
CHEMBL4634996,4,CG0+G0,0,0,0,0
CHEMBL4635034,4,CG0+G0,0,0,0,0
CHEMBL4635039,4,CG0+G0,0,0,0,0
CHEMBL4635077,4,CG0+G0,0,0,0,0
CHEMBL4635085,4,CG0+G0,0,0,0,0
CHEMBL4635105,4,CG0+G0,0,0,0,0
CHEMBL4635141,4,CG0+G0,0,0,0,0
CHEMBL4635142,4,CG0+G0,0,0,0,0
CHEMBL4635150,4,CG0+G0,0,0,0,0
CHEMBL4635155,4,CG0+G0,0,0,0,0
CHEMBL4635161,4,CG0+G0,0,0,0,0
CHEMBL4635217,4,CG0+G0,0,0,0,0
CHEMBL4635248,4,CG0+G0,0,0,0,0
CHEMBL4635291,4,CG0+G0,0,0,0,0
CHEMBL4635293,4,CG0+G0,0,0,0,0
CHEMBL4635302,4,CG0+G0,0,0,0,0
CHEMBL4635305,4,CG0+G0,0,0,0,0
CHEMBL4635313,4,CG0+G0,0,0,0,0
CHEMBL4635337,4,CG0+G0,0,0,0,0
CHEMBL4635345,4,CG0+G0,0,0,0,0
CHEMBL4635408,4,CG0+G0,0,0,0,0
CHEMBL4635419,4,CG0+G0,0,0,0,0
CHEMBL4635441,4,CG0+G0,0,0,0,0
CHEMBL4635447,4,CG0+G0,0,0,0,0
CHEMBL4635453,4,CG0+G0,0,0,0,0
CHEMBL4635456,4,CG0+G0,0,0,0,0
CHEMBL4635462,4,CG0+G0,0,0,0,0
CHEMBL4635482,4,CG0+G0,0,0,0,0
CHEMBL4635504,4,CG0+G0,0,0,0,0
CHEMBL4635509,4,CG0+G0,0,0,0,0
CHEMBL4635578,4,CG0+G0,0,0,0,0
CHEMBL4635587,4,CG0+G0,0,0,0,0
CHEMBL4635641,4,CG0+G0,0,0,0,0
CHEMBL4635650,4,CG0+G0,0,0,0,0
CHEMBL4635654,4,CG0+G0,0,0,0,0
CHEMBL4635678,4,CG0+G0,0,0,0,0
CHEMBL4635735,4,CG0+G0,0,0,0,0
CHEMBL4635756,4,CG0+G0,0,0,0,0
CHEMBL4635760,4,CG0+G0,0,0,0,0
CHEMBL4635773,4,CG0+G0,0,0,0,0
CHEMBL4635776,4,CG0+G0,0,0,0,0
CHEMBL4635781,4,CG0+G0,0,0,0,0
CHEMBL4635791,4,CG0+G0,0,0,0,0
CHEMBL4635795,4,CG0+G0,0,0,0,0
CHEMBL4635807,4,CG0+G0,0,0,0,0
CHEMBL4635825,4,CG0+G0,0,0,0,0
CHEMBL4635849,4,CG0+G0,0,0,0,0
CHEMBL4635854,4,CG0+G0,0,0,0,0
CHEMBL4635889,4,CG0+G0,0,0,0,0
CHEMBL4635950,4,CG0+G0,0,0,0,0
CHEMBL4635952,4,CG0+G0,0,0,0,0
CHEMBL4635974,4,CG0+G0,0,0,0,0
CHEMBL4635987,4,CG0+G0,0,0,0,0
CHEMBL4636014,4,CG0+G0,0,0,0,0
CHEMBL4636017,4,CG0+G0,0,0,0,0
CHEMBL4636042,4,CG0+G0,0,0,0,0
CHEMBL4636051,4,CG0+G0,0,0,0,0
CHEMBL4636082,4,CG0+G0,0,0,0,0
CHEMBL4636098,4,CG0+G0,0,0,0,0
CHEMBL4636110,4,CG0+G0,0,0,0,0
CHEMBL4636151,4,CG0+G0,0,0,0,0
CHEMBL4636152,4,CG0+G0,0,0,0,0
CHEMBL4636186,4,CG0+G0,0,0,0,0
CHEMBL4636194,4,CG0+G0,0,0,0,0
CHEMBL4636196,4,CG0+G0,0,0,0,0
CHEMBL4636211,4,CG0+G0,0,0,0,0
CHEMBL4636217,4,CG0+G0,0,0,0,0
CHEMBL4636240,4,CG0+G0,0,0,0,0
CHEMBL4636247,4,CG0+G0,0,0,0,0
CHEMBL4636270,4,CG0+G0,0,0,0,0
CHEMBL4636337,4,CG0+G0,0,0,0,0
CHEMBL4636354,4,CG0+G0,0,0,0,0
CHEMBL4636378,4,CG0+G0,0,0,0,0
CHEMBL4636394,4,CG0+G0,0,0,0,0
CHEMBL4636420,4,CG0+G0,0,0,0,0
CHEMBL4636438,4,CG0+G0,0,0,0,0
CHEMBL4636448,4,CG0+G0,0,0,0,0
CHEMBL4636474,4,CG0+G0,0,0,0,0
CHEMBL4636494,4,CG0+G0,0,0,0,0
CHEMBL4636508,4,CG0+G0,0,0,0,0
CHEMBL4636525,4,CG0+G0,0,0,0,0
CHEMBL4636526,4,CG0+G0,0,0,0,0
CHEMBL4636544,4,CG0+G0,0,0,0,0
CHEMBL4636555,4,CG0+G0,0,0,0,0
CHEMBL4636587,4,CG0+G0,0,0,0,0
CHEMBL4636628,4,CG0+G0,0,0,0,0
CHEMBL4636641,4,CG0+G0,0,0,0,0
CHEMBL4636674,4,CG0+G0,0,0,0,0
CHEMBL4636733,4,CG0+G0,0,0,0,0
CHEMBL4636746,4,CG0+G0,0,0,0,0
CHEMBL4636777,4,CG0+G0,0,0,0,0
CHEMBL4636781,4,CG0+G0,0,0,0,0
CHEMBL4636793,4,CG0+G0,0,0,0,0
CHEMBL4636805,4,CG0+G0,0,0,0,0
CHEMBL4636868,4,CG0+G0,0,0,0,0
CHEMBL4636878,4,CG0+G0,0,0,0,0
CHEMBL4636926,4,CG0+G0,0,0,0,0
CHEMBL4636929,4,CG0+G0,0,0,0,0
CHEMBL4636931,4,CG0+G0,0,0,0,0
CHEMBL4636958,4,CG0+G0,0,0,0,0
CHEMBL4636977,4,CG0+G0,0,0,0,0
CHEMBL4636996,4,CG0+G0,0,0,0,0
CHEMBL4637113,4,CG0+G0,0,0,0,0
CHEMBL4637124,4,CG0+G0,0,0,0,0
CHEMBL4637133,4,CG0+G0,0,0,0,0
CHEMBL4637146,4,CG0+G0,0,0,0,0
CHEMBL4637203,4,CG0+G0,0,0,0,0
CHEMBL4637206,4,CG0+G0,0,0,0,0
CHEMBL4637252,4,CG0+G0,0,0,0,0
CHEMBL4637269,4,CG0+G0,0,0,0,0
CHEMBL4637328,4,CG0+G0,0,0,0,0
CHEMBL4637331,4,CG0+G0,0,0,0,0
CHEMBL4637365,4,CG0+G0,0,0,0,0
CHEMBL4637368,4,CG0+G0,0,0,0,0
CHEMBL4637372,4,CG0+G0,0,0,0,0
CHEMBL4637405,4,CG0+G0,0,0,0,0
CHEMBL4637438,4,CG0+G0,0,0,0,0
CHEMBL4637452,4,CG0+G0,0,0,0,0
CHEMBL4637455,4,CG0+G0,0,0,0,0
CHEMBL4637465,4,CG0+G0,0,0,0,0
CHEMBL4637466,4,CG0+G0,0,0,0,0
CHEMBL4637471,4,CG0+G0,0,0,0,0
CHEMBL4637480,4,CG0+G0,0,0,0,0
CHEMBL4637482,4,CG0+G0,0,0,0,0
CHEMBL4637490,4,CG0+G0,0,0,0,0
CHEMBL4637514,4,CG0+G0,0,0,0,0
CHEMBL4637522,4,CG0+G0,0,0,0,0
CHEMBL4637545,4,CG0+G0,0,0,0,0
CHEMBL4637575,4,CG0+G0,0,0,0,0
CHEMBL4637576,4,CG0+G0,0,0,0,0
CHEMBL4637582,4,CG0+G0,0,0,0,0
CHEMBL4637587,4,CG0+G0,0,0,0,0
CHEMBL4637600,4,CG0+G0,0,0,0,0
CHEMBL4637614,4,CG0+G0,0,0,0,0
CHEMBL4637633,4,CG0+G0,0,0,0,0
CHEMBL4637657,4,CG0+G0,0,0,0,0
CHEMBL4637668,4,CG0+G0,0,0,0,0
CHEMBL4637694,4,CG0+G0,0,0,0,0
CHEMBL4637726,4,CG0+G0,0,0,0,0
CHEMBL4637735,4,CG0+G0,0,0,0,0
CHEMBL4637762,4,CG0+G0,0,0,0,0
CHEMBL4637778,4,CG0+G0,0,0,0,0
CHEMBL4637808,4,CG0+G0,0,0,0,0
CHEMBL4637814,4,CG0+G0,0,0,0,0
CHEMBL4637822,4,CG0+G0,0,0,0,0
CHEMBL4637860,4,CG0+G0,0,0,0,0
CHEMBL4637868,4,CG0+G0,0,0,0,0
CHEMBL4637869,4,CG0+G0,0,0,0,0
CHEMBL4637882,4,CG0+G0,0,0,0,0
CHEMBL4637890,4,CG0+G0,0,0,0,0
CHEMBL4637905,4,CG0+G0,0,0,0,0
CHEMBL4637932,4,CG0+G0,0,0,0,0
CHEMBL4637981,4,CG0+G0,0,0,0,0
CHEMBL4638010,4,CG0+G0,0,0,0,0
CHEMBL4638037,4,CG0+G0,0,0,0,0
CHEMBL4638080,4,CG0+G0,0,0,0,0
CHEMBL4638090,4,CG0+G0,0,0,0,0
CHEMBL4638107,4,CG0+G0,0,0,0,0
CHEMBL4638111,4,CG0+G0,0,0,0,0
CHEMBL4638118,4,CG0+G0,0,0,0,0
CHEMBL4638156,4,CG0+G0,0,0,0,0
CHEMBL4638160,4,CG0+G0,0,0,0,0
CHEMBL4638167,4,CG0+G0,0,0,0,0
CHEMBL4638183,4,CG0+G0,0,0,0,0
CHEMBL4638184,4,CG0+G0,0,0,0,0
CHEMBL4638194,4,CG0+G0,0,0,0,0
CHEMBL4638229,4,CG0+G0,0,0,0,0
CHEMBL4638245,4,CG0+G0,0,0,0,0
CHEMBL4638261,4,CG0+G0,0,0,0,0
CHEMBL4638336,4,CG0+G0,0,0,0,0
CHEMBL4638346,4,CG0+G0,0,0,0,0
CHEMBL4638348,4,CG0+G0,0,0,0,0
CHEMBL4638393,4,CG0+G0,0,0,0,0
CHEMBL4638417,4,CG0+G0,0,0,0,0
CHEMBL4638425,4,CG0+G0,0,0,0,0
CHEMBL4638429,4,CG0+G0,0,0,0,0
CHEMBL4638459,4,CG0+G0,0,0,0,0
CHEMBL4638471,4,CG0+G0,0,0,0,0
CHEMBL4638489,4,CG0+G0,0,0,0,0
CHEMBL4638516,4,CG0+G0,0,0,0,0
CHEMBL4638520,4,CG0+G0,0,0,0,0
CHEMBL4638534,4,CG0+G0,0,0,0,0
CHEMBL4638579,4,CG0+G0,0,0,0,0
CHEMBL4638590,4,CG0+G0,0,0,0,0
CHEMBL4638608,4,CG0+G0,0,0,0,0
CHEMBL4638630,4,CG0+G0,0,0,0,0
CHEMBL4638666,4,CG0+G0,0,0,0,0
CHEMBL4638673,4,CG0+G0,0,0,0,0
CHEMBL4638707,4,CG0+G0,0,0,0,0
CHEMBL4638710,4,CG0+G0,0,0,0,0
CHEMBL4638745,4,CG0+G0,0,0,0,0
CHEMBL4638752,4,CG0+G0,0,0,0,0
CHEMBL4638757,4,CG0+G0,0,0,0,0
CHEMBL4638761,4,CG0+G0,0,0,0,0
CHEMBL4638784,4,CG0+G0,0,0,0,0
CHEMBL4638794,4,CG0+G0,0,0,0,0
CHEMBL4638801,4,CG0+G0,0,0,0,0
CHEMBL4638807,4,CG0+G0,0,0,0,0
CHEMBL4638831,4,CG0+G0,0,0,0,0
CHEMBL4638837,4,CG0+G0,0,0,0,0
CHEMBL4638879,4,CG0+G0,0,0,0,0
CHEMBL4638897,4,CG0+G0,0,0,0,0
CHEMBL4638934,4,CG0+G0,0,0,0,0
CHEMBL4638961,4,CG0+G0,0,0,0,0
CHEMBL4639018,4,CG0+G0,0,0,0,0
CHEMBL4639054,4,CG0+G0,0,0,0,0
CHEMBL4639069,4,CG0+G0,0,0,0,0
CHEMBL4639090,4,CG0+G0,0,0,0,0
CHEMBL4639115,4,CG0+G0,0,0,0,0
CHEMBL4639116,4,CG0+G0,0,0,0,0
CHEMBL4639129,4,CG0+G0,0,0,0,0
CHEMBL4639151,4,CG0+G0,0,0,0,0
CHEMBL4639174,4,CG0+G0,0,0,0,0
CHEMBL4639176,4,CG0+G0,0,0,0,0
CHEMBL4639180,4,CG0+G0,0,0,0,0
CHEMBL4639187,4,CG0+G0,0,0,0,0
CHEMBL4639218,4,CG0+G0,0,0,0,0
CHEMBL4639263,4,CG0+G0,0,0,0,0
CHEMBL4639264,4,CG0+G0,0,0,0,0
CHEMBL4639295,4,CG0+G0,0,0,0,0
CHEMBL4639296,4,CG0+G0,0,0,0,0
CHEMBL4639313,4,CG0+G0,0,0,0,0
CHEMBL4639408,4,CG0+G0,0,0,0,0
CHEMBL4639420,4,CG0+G0,0,0,0,0
CHEMBL4639498,4,CG0+G0,0,0,0,0
CHEMBL4639515,4,CG0+G0,0,0,0,0
CHEMBL4639544,4,CG0+G0,0,0,0,0
CHEMBL4639556,4,CG0+G0,0,0,0,0
CHEMBL4639563,4,CG0+G0,0,0,0,0
CHEMBL4639583,4,CG0+G0,0,0,0,0
CHEMBL4639588,4,CG0+G0,0,0,0,0
CHEMBL4639602,4,CG0+G0,0,0,0,0
CHEMBL4639650,4,CG0+G0,0,0,0,0
CHEMBL4639652,4,CG0+G0,0,0,0,0
CHEMBL4639700,4,CG0+G0,0,0,0,0
CHEMBL4639732,4,CG0+G0,0,0,0,0
CHEMBL4639738,4,CG0+G0,0,0,0,0
CHEMBL4639764,4,CG0+G0,0,0,0,0
CHEMBL494954,4,CG0+G0,0,0,0,0
CHEMBL495393,4,CG0+G0,0,0,0,0
CHEMBL495477,4,CG0+G0,0,0,0,0
CHEMBL495478,4,CG0+G0,0,0,0,0
CHEMBL495480,4,CG0+G0,0,0,0,0
CHEMBL495482,4,CG0+G0,0,0,0,0
CHEMBL495483,4,CG0+G0,0,0,0,0
CHEMBL495640,4,CG0+G0,0,0,0,0
CHEMBL496245,4,CG0+G0,0,0,0,0
CHEMBL496248,4,CG0+G0,0,0,0,0
CHEMBL496873,4,CG0+G0,0,0,0,0
CHEMBL497099,4,CG0+G0,0,0,0,0
CHEMBL497102,4,CG0+G0,0,0,0,0
CHEMBL497529,4,CG0+G0,0,0,0,0
CHEMBL497685,4,CG0+G0,0,0,0,0
CHEMBL497686,4,CG0+G0,0,0,0,0
CHEMBL497706,4,CG0+G0,0,0,0,0
CHEMBL497710,4,CG0+G0,0,0,0,0
CHEMBL497864,4,CG0+G0,0,0,0,0
CHEMBL497865,4,CG0+G0,0,0,0,0
CHEMBL497891,4,CG0+G0,0,0,0,0
CHEMBL497897,4,CG0+G0,0,0,0,0
CHEMBL498015,4,CG0+G0,0,0,0,0
CHEMBL498039,4,CG0+G0,0,0,0,0
CHEMBL498053,4,CG0+G0,0,0,0,0
CHEMBL498073,4,CG0+G0,0,0,0,0
CHEMBL498074,4,CG0+G0,0,0,0,0
CHEMBL498086,4,CG0+G0,0,0,0,0
CHEMBL498087,4,CG0+G0,0,0,0,0
CHEMBL498096,4,CG0+G0,0,0,0,0
CHEMBL498100,4,CG0+G0,0,0,0,0
CHEMBL498121,4,CG0+G0,0,0,0,0
CHEMBL498122,4,CG0+G0,0,0,0,0
CHEMBL498123,4,CG0+G0,0,0,0,0
CHEMBL498125,4,CG0+G0,0,0,0,0
CHEMBL498127,4,CG0+G0,0,0,0,0
CHEMBL498128,4,CG0+G0,0,0,0,0
CHEMBL498239,4,CG0+G0,0,0,0,0
CHEMBL498246,4,CG0+G0,0,0,0,0
CHEMBL498260,4,CG0+G0,0,0,0,0
CHEMBL498303,4,CG0+G0,0,0,0,0
CHEMBL498315,4,CG0+G0,0,0,0,0
CHEMBL498395,4,CG0+G0,0,0,0,0
CHEMBL498455,4,CG0+G0,0,0,0,0
CHEMBL498466,4,CG0+G0,0,0,0,0
CHEMBL498531,4,CG0+G0,0,0,0,0
CHEMBL498536,4,CG0+G0,0,0,0,0
CHEMBL498537,4,CG0+G0,0,0,0,0
CHEMBL498539,4,CG0+G0,0,0,0,0
CHEMBL498540,4,CG0+G0,0,0,0,0
CHEMBL498602,4,CG0+G0,0,0,0,0
CHEMBL498751,4,CG0+G0,0,0,0,0
CHEMBL498822,4,CG0+G0,0,0,0,0
CHEMBL498851,4,CG0+G0,0,0,0,0
CHEMBL498885,4,CG0+G0,0,0,0,0
CHEMBL498932,4,CG0+G0,0,0,0,0
CHEMBL498935,4,CG0+G0,0,0,0,0
CHEMBL498969,4,CG0+G0,0,0,0,0
CHEMBL498971,4,CG0+G0,0,0,0,0
CHEMBL498992,4,CG0+G0,0,0,0,0
CHEMBL498993,4,CG0+G0,0,0,0,0
CHEMBL499003,4,CG0+G0,0,0,0,0
CHEMBL499025,4,CG0+G0,0,0,0,0
CHEMBL499030,4,CG0+G0,0,0,0,0
CHEMBL499091,4,CG0+G0,0,0,0,0
CHEMBL499093,4,CG0+G0,0,0,0,0
CHEMBL499186,4,CG0+G0,0,0,0,0
CHEMBL499193,4,CG0+G0,0,0,0,0
CHEMBL499195,4,CG0+G0,0,0,0,0
CHEMBL499199,4,CG0+G0,0,0,0,0
CHEMBL499204,4,CG0+G0,0,0,0,0
CHEMBL499268,4,CG0+G0,0,0,0,0
CHEMBL499276,4,CG0+G0,0,0,0,0
CHEMBL499282,4,CG0+G0,0,0,0,0
CHEMBL499286,4,CG0+G0,0,0,0,0
CHEMBL499317,4,CG0+G0,0,0,0,0
CHEMBL499400,4,CG0+G0,0,0,0,0
CHEMBL499423,4,CG0+G0,0,0,0,0
CHEMBL499508,4,CG0+G0,0,0,0,0
CHEMBL499546,4,CG0+G0,0,0,0,0
CHEMBL499591,4,CG0+G0,0,0,0,0
CHEMBL499595,4,CG0+G0,0,0,0,0
CHEMBL499600,4,CG0+G0,0,0,0,0
CHEMBL499688,4,CG0+G0,0,0,0,0
CHEMBL499692,4,CG0+G0,0,0,0,0
CHEMBL499797,4,CG0+G0,0,0,0,0
CHEMBL499818,4,CG0+G0,0,0,0,0
CHEMBL499851,4,CG0+G0,0,0,0,0
CHEMBL499921,4,CG0+G0,0,0,0,0
CHEMBL499929,4,CG0+G0,0,0,0,0
CHEMBL499965,4,CG0+G0,0,0,0,0
CHEMBL500026,4,CG0+G0,0,0,0,0
CHEMBL500035,4,CG0+G0,0,0,0,0
CHEMBL500043,4,CG0+G0,0,0,0,0
CHEMBL500116,4,CG0+G0,0,0,0,0
CHEMBL500120,4,CG0+G0,0,0,0,0
CHEMBL500167,4,CG0+G0,0,0,0,0
CHEMBL500181,4,CG0+G0,0,0,0,0
CHEMBL500185,4,CG0+G0,0,0,0,0
CHEMBL500188,4,CG0+G0,0,0,0,0
CHEMBL500213,4,CG0+G0,0,0,0,0
CHEMBL500250,4,CG0+G0,0,0,0,0
CHEMBL500270,4,CG0+G0,0,0,0,0
CHEMBL500314,4,CG0+G0,0,0,0,0
CHEMBL500387,4,CG0+G0,0,0,0,0
CHEMBL500391,4,CG0+G0,0,0,0,0
CHEMBL500442,4,CG0+G0,0,0,0,0
CHEMBL500480,4,CG0+G0,0,0,0,0
CHEMBL500592,4,CG0+G0,0,0,0,0
CHEMBL500594,4,CG0+G0,0,0,0,0
CHEMBL500614,4,CG0+G0,0,0,0,0
CHEMBL500639,4,CG0+G0,0,0,0,0
CHEMBL500646,4,CG0+G0,0,0,0,0
CHEMBL500698,4,CG0+G0,0,0,0,0
CHEMBL500720,4,CG0+G0,0,0,0,0
CHEMBL500726,4,CG0+G0,0,0,0,0
CHEMBL500735,4,CG0+G0,0,0,0,0
CHEMBL500747,4,CG0+G0,0,0,0,0
CHEMBL500803,4,CG0+G0,0,0,0,0
CHEMBL500867,4,CG0+G0,0,0,0,0
CHEMBL500879,4,CG0+G0,0,0,0,0
CHEMBL500907,4,CG0+G0,0,0,0,0
CHEMBL500949,4,CG0+G0,0,0,0,0
CHEMBL501004,4,CG0+G0,0,0,0,0
CHEMBL501006,4,CG0+G0,0,0,0,0
CHEMBL501027,4,CG0+G0,0,0,0,0
CHEMBL501078,4,CG0+G0,0,0,0,0
CHEMBL501080,4,CG0+G0,0,0,0,0
CHEMBL501105,4,CG0+G0,0,0,0,0
CHEMBL501106,4,CG0+G0,0,0,0,0
CHEMBL501119,4,CG0+G0,0,0,0,0
CHEMBL501121,4,CG0+G0,0,0,0,0
CHEMBL501123,4,CG0+G0,0,0,0,0
CHEMBL501133,4,CG0+G0,0,0,0,0
CHEMBL501137,4,CG0+G0,0,0,0,0
CHEMBL501140,4,CG0+G0,0,0,0,0
CHEMBL501201,4,CG0+G0,0,0,0,0
CHEMBL501260,4,CG0+G0,0,0,0,0
CHEMBL501287,4,CG0+G0,0,0,0,0
CHEMBL501300,4,CG0+G0,0,0,0,0
CHEMBL501301,4,CG0+G0,0,0,0,0
CHEMBL501308,4,CG0+G0,0,0,0,0
CHEMBL501331,4,CG0+G0,0,0,0,0
CHEMBL501360,4,CG0+G0,0,0,0,0
CHEMBL501362,4,CG0+G0,0,0,0,0
CHEMBL501376,4,CG0+G0,0,0,0,0
CHEMBL501408,4,CG0+G0,0,0,0,0
CHEMBL501411,4,CG0+G0,0,0,0,0
CHEMBL501428,4,CG0+G0,0,0,0,0
CHEMBL501443,4,CG0+G0,0,0,0,0
CHEMBL501469,4,CG0+G0,0,0,0,0
CHEMBL501592,4,CG0+G0,0,0,0,0
CHEMBL501596,4,CG0+G0,0,0,0,0
CHEMBL501605,4,CG0+G0,0,0,0,0
CHEMBL501611,4,CG0+G0,0,0,0,0
CHEMBL501640,4,CG0+G0,0,0,0,0
CHEMBL501643,4,CG0+G0,0,0,0,0
CHEMBL501652,4,CG0+G0,0,0,0,0
CHEMBL501660,4,CG0+G0,0,0,0,0
CHEMBL501670,4,CG0+G0,0,0,0,0
CHEMBL501700,4,CG0+G0,0,0,0,0
CHEMBL501704,4,CG0+G0,0,0,0,0
CHEMBL501707,4,CG0+G0,0,0,0,0
CHEMBL501733,4,CG0+G0,0,0,0,0
CHEMBL501734,4,CG0+G0,0,0,0,0
CHEMBL501756,4,CG0+G0,0,0,0,0
CHEMBL501775,4,CG0+G0,0,0,0,0
CHEMBL501776,4,CG0+G0,0,0,0,0
CHEMBL501811,4,CG0+G0,0,0,0,0
CHEMBL501840,4,CG0+G0,0,0,0,0
CHEMBL501887,4,CG0+G0,0,0,0,0
CHEMBL501891,4,CG0+G0,0,0,0,0
CHEMBL501897,4,CG0+G0,0,0,0,0
CHEMBL501901,4,CG0+G0,0,0,0,0
CHEMBL501921,4,CG0+G0,0,0,0,0
CHEMBL501924,4,CG0+G0,0,0,0,0
CHEMBL501939,4,CG0+G0,0,0,0,0
CHEMBL501978,4,CG0+G0,0,0,0,0
CHEMBL501981,4,CG0+G0,0,0,0,0
CHEMBL502019,4,CG0+G0,0,0,0,0
CHEMBL502037,4,CG0+G0,0,0,0,0
CHEMBL502132,4,CG0+G0,0,0,0,0
CHEMBL502148,4,CG0+G0,0,0,0,0
CHEMBL502150,4,CG0+G0,0,0,0,0
CHEMBL502205,4,CG0+G0,0,0,0,0
CHEMBL502207,4,CG0+G0,0,0,0,0
CHEMBL502215,4,CG0+G0,0,0,0,0
CHEMBL502298,4,CG0+G0,0,0,0,0
CHEMBL502300,4,CG0+G0,0,0,0,0
CHEMBL502338,4,CG0+G0,0,0,0,0
CHEMBL502347,4,CG0+G0,0,0,0,0
CHEMBL502353,4,CG0+G0,0,0,0,0
CHEMBL502394,4,CG0+G0,0,0,0,0
CHEMBL502401,4,CG0+G0,0,0,0,0
CHEMBL502419,4,CG0+G0,0,0,0,0
CHEMBL502425,4,CG0+G0,0,0,0,0
CHEMBL502449,4,CG0+G0,0,0,0,0
CHEMBL502455,4,CG0+G0,0,0,0,0
CHEMBL502459,4,CG0+G0,0,0,0,0
CHEMBL502491,4,CG0+G0,0,0,0,0
CHEMBL502493,4,CG0+G0,0,0,0,0
CHEMBL502495,4,CG0+G0,0,0,0,0
CHEMBL502511,4,CG0+G0,0,0,0,0
CHEMBL502574,4,CG0+G0,0,0,0,0
CHEMBL502578,4,CG0+G0,0,0,0,0
CHEMBL502592,4,CG0+G0,0,0,0,0
CHEMBL502615,4,CG0+G0,0,0,0,0
CHEMBL502625,4,CG0+G0,0,0,0,0
CHEMBL502645,4,CG0+G0,0,0,0,0
CHEMBL502659,4,CG0+G0,0,0,0,0
CHEMBL502675,4,CG0+G0,0,0,0,0
CHEMBL502779,4,CG0+G0,0,0,0,0
CHEMBL502787,4,CG0+G0,0,0,0,0
CHEMBL502799,4,CG0+G0,0,0,0,0
CHEMBL502848,4,CG0+G0,0,0,0,0
CHEMBL502902,4,CG0+G0,0,0,0,0
CHEMBL502903,4,CG0+G0,0,0,0,0
CHEMBL502938,4,CG0+G0,0,0,0,0
CHEMBL502942,4,CG0+G0,0,0,0,0
CHEMBL502969,4,CG0+G0,0,0,0,0
CHEMBL502976,4,CG0+G0,0,0,0,0
CHEMBL502989,4,CG0+G0,0,0,0,0
CHEMBL503002,4,CG0+G0,0,0,0,0
CHEMBL503036,4,CG0+G0,0,0,0,0
CHEMBL503039,4,CG0+G0,0,0,0,0
CHEMBL503092,4,CG0+G0,0,0,0,0
CHEMBL503094,4,CG0+G0,0,0,0,0
CHEMBL503111,4,CG0+G0,0,0,0,0
CHEMBL503113,4,CG0+G0,0,0,0,0
CHEMBL503127,4,CG0+G0,0,0,0,0
CHEMBL503146,4,CG0+G0,0,0,0,0
CHEMBL503154,4,CG0+G0,0,0,0,0
CHEMBL503171,4,CG0+G0,0,0,0,0
CHEMBL503178,4,CG0+G0,0,0,0,0
CHEMBL503192,4,CG0+G0,0,0,0,0
CHEMBL503208,4,CG0+G0,0,0,0,0
CHEMBL503226,4,CG0+G0,0,0,0,0
CHEMBL503230,4,CG0+G0,0,0,0,0
CHEMBL503241,4,CG0+G0,0,0,0,0
CHEMBL503244,4,CG0+G0,0,0,0,0
CHEMBL503257,4,CG0+G0,0,0,0,0
CHEMBL503279,4,CG0+G0,0,0,0,0
CHEMBL503282,4,CG0+G0,0,0,0,0
CHEMBL503295,4,CG0+G0,0,0,0,0
CHEMBL503300,4,CG0+G0,0,0,0,0
CHEMBL503307,4,CG0+G0,0,0,0,0
CHEMBL503318,4,CG0+G0,0,0,0,0
CHEMBL503332,4,CG0+G0,0,0,0,0
CHEMBL503341,4,CG0+G0,0,0,0,0
CHEMBL503365,4,CG0+G0,0,0,0,0
CHEMBL503369,4,CG0+G0,0,0,0,0
CHEMBL503386,4,CG0+G0,0,0,0,0
CHEMBL503387,4,CG0+G0,0,0,0,0
CHEMBL503401,4,CG0+G0,0,0,0,0
CHEMBL503472,4,CG0+G0,0,0,0,0
CHEMBL503475,4,CG0+G0,0,0,0,0
CHEMBL503476,4,CG0+G0,0,0,0,0
CHEMBL503534,4,CG0+G0,0,0,0,0
CHEMBL503540,4,CG0+G0,0,0,0,0
CHEMBL503555,4,CG0+G0,0,0,0,0
CHEMBL503577,4,CG0+G0,0,0,0,0
CHEMBL503580,4,CG0+G0,0,0,0,0
CHEMBL503581,4,CG0+G0,0,0,0,0
CHEMBL503594,4,CG0+G0,0,0,0,0
CHEMBL503601,4,CG0+G0,0,0,0,0
CHEMBL503613,4,CG0+G0,0,0,0,0
CHEMBL503627,4,CG0+G0,0,0,0,0
CHEMBL503640,4,CG0+G0,0,0,0,0
CHEMBL503671,4,CG0+G0,0,0,0,0
CHEMBL503688,4,CG0+G0,0,0,0,0
CHEMBL503716,4,CG0+G0,0,0,0,0
CHEMBL503718,4,CG0+G0,0,0,0,0
CHEMBL503720,4,CG0+G0,0,0,0,0
CHEMBL503727,4,CG0+G0,0,0,0,0
CHEMBL503732,4,CG0+G0,0,0,0,0
CHEMBL503758,4,CG0+G0,0,0,0,0
CHEMBL503765,4,CG0+G0,0,0,0,0
CHEMBL503820,4,CG0+G0,0,0,0,0
CHEMBL503851,4,CG0+G0,0,0,0,0
CHEMBL503853,4,CG0+G0,0,0,0,0
CHEMBL503854,4,CG0+G0,0,0,0,0
CHEMBL503859,4,CG0+G0,0,0,0,0
CHEMBL503868,4,CG0+G0,0,0,0,0
CHEMBL503927,4,CG0+G0,0,0,0,0
CHEMBL503941,4,CG0+G0,0,0,0,0
CHEMBL503969,4,CG0+G0,0,0,0,0
CHEMBL503976,4,CG0+G0,0,0,0,0
CHEMBL504022,4,CG0+G0,0,0,0,0
CHEMBL504043,4,CG0+G0,0,0,0,0
CHEMBL504100,4,CG0+G0,0,0,0,0
CHEMBL504131,4,CG0+G0,0,0,0,0
CHEMBL504167,4,CG0+G0,0,0,0,0
CHEMBL504170,4,CG0+G0,0,0,0,0
CHEMBL504183,4,CG0+G0,0,0,0,0
CHEMBL504195,4,CG0+G0,0,0,0,0
CHEMBL504198,4,CG0+G0,0,0,0,0
CHEMBL504208,4,CG0+G0,0,0,0,0
CHEMBL504215,4,CG0+G0,0,0,0,0
CHEMBL504220,4,CG0+G0,0,0,0,0
CHEMBL504227,4,CG0+G0,0,0,0,0
CHEMBL504230,4,CG0+G0,0,0,0,0
CHEMBL504274,4,CG0+G0,0,0,0,0
CHEMBL504284,4,CG0+G0,0,0,0,0
CHEMBL504290,4,CG0+G0,0,0,0,0
CHEMBL504312,4,CG0+G0,0,0,0,0
CHEMBL504328,4,CG0+G0,0,0,0,0
CHEMBL504340,4,CG0+G0,0,0,0,0
CHEMBL504341,4,CG0+G0,0,0,0,0
CHEMBL504361,4,CG0+G0,0,0,0,0
CHEMBL504385,4,CG0+G0,0,0,0,0
CHEMBL504387,4,CG0+G0,0,0,0,0
CHEMBL504404,4,CG0+G0,0,0,0,0
CHEMBL504431,4,CG0+G0,0,0,0,0
CHEMBL504435,4,CG0+G0,0,0,0,0
CHEMBL504449,4,CG0+G0,0,0,0,0
CHEMBL504455,4,CG0+G0,0,0,0,0
CHEMBL504485,4,CG0+G0,0,0,0,0
CHEMBL504490,4,CG0+G0,0,0,0,0
CHEMBL504525,4,CG0+G0,0,0,0,0
CHEMBL504536,4,CG0+G0,0,0,0,0
CHEMBL504554,4,CG0+G0,0,0,0,0
CHEMBL504557,4,CG0+G0,0,0,0,0
CHEMBL504570,4,CG0+G0,0,0,0,0
CHEMBL504602,4,CG0+G0,0,0,0,0
CHEMBL504608,4,CG0+G0,0,0,0,0
CHEMBL504609,4,CG0+G0,0,0,0,0
CHEMBL504701,4,CG0+G0,0,0,0,0
CHEMBL504716,4,CG0+G0,0,0,0,0
CHEMBL504723,4,CG0+G0,0,0,0,0
CHEMBL504737,4,CG0+G0,0,0,0,0
CHEMBL504771,4,CG0+G0,0,0,0,0
CHEMBL504779,4,CG0+G0,0,0,0,0
CHEMBL504819,4,CG0+G0,0,0,0,0
CHEMBL504841,4,CG0+G0,0,0,0,0
CHEMBL504851,4,CG0+G0,0,0,0,0
CHEMBL504887,4,CG0+G0,0,0,0,0
CHEMBL504901,4,CG0+G0,0,0,0,0
CHEMBL504913,4,CG0+G0,0,0,0,0
CHEMBL504915,4,CG0+G0,0,0,0,0
CHEMBL504936,4,CG0+G0,0,0,0,0
CHEMBL504938,4,CG0+G0,0,0,0,0
CHEMBL504953,4,CG0+G0,0,0,0,0
CHEMBL504966,4,CG0+G0,0,0,0,0
CHEMBL504970,4,CG0+G0,0,0,0,0
CHEMBL504984,4,CG0+G0,0,0,0,0
CHEMBL504994,4,CG0+G0,0,0,0,0
CHEMBL505000,4,CG0+G0,0,0,0,0
CHEMBL505026,4,CG0+G0,0,0,0,0
CHEMBL505027,4,CG0+G0,0,0,0,0
CHEMBL505030,4,CG0+G0,0,0,0,0
CHEMBL505032,4,CG0+G0,0,0,0,0
CHEMBL505039,4,CG0+G0,0,0,0,0
CHEMBL505052,4,CG0+G0,0,0,0,0
CHEMBL505058,4,CG0+G0,0,0,0,0
CHEMBL505080,4,CG0+G0,0,0,0,0
CHEMBL505088,4,CG0+G0,0,0,0,0
CHEMBL505090,4,CG0+G0,0,0,0,0
CHEMBL505098,4,CG0+G0,0,0,0,0
CHEMBL505101,4,CG0+G0,0,0,0,0
CHEMBL505109,4,CG0+G0,0,0,0,0
CHEMBL505144,4,CG0+G0,0,0,0,0
CHEMBL505152,4,CG0+G0,0,0,0,0
CHEMBL505186,4,CG0+G0,0,0,0,0
CHEMBL505203,4,CG0+G0,0,0,0,0
CHEMBL505204,4,CG0+G0,0,0,0,0
CHEMBL505228,4,CG0+G0,0,0,0,0
CHEMBL505235,4,CG0+G0,0,0,0,0
CHEMBL505250,4,CG0+G0,0,0,0,0
CHEMBL505258,4,CG0+G0,0,0,0,0
CHEMBL505263,4,CG0+G0,0,0,0,0
CHEMBL505269,4,CG0+G0,0,0,0,0
CHEMBL505273,4,CG0+G0,0,0,0,0
CHEMBL505278,4,CG0+G0,0,0,0,0
CHEMBL505294,4,CG0+G0,0,0,0,0
CHEMBL505320,4,CG0+G0,0,0,0,0
CHEMBL505354,4,CG0+G0,0,0,0,0
CHEMBL505358,4,CG0+G0,0,0,0,0
CHEMBL505361,4,CG0+G0,0,0,0,0
CHEMBL505419,4,CG0+G0,0,0,0,0
CHEMBL505464,4,CG0+G0,0,0,0,0
CHEMBL505466,4,CG0+G0,0,0,0,0
CHEMBL505471,4,CG0+G0,0,0,0,0
CHEMBL505477,4,CG0+G0,0,0,0,0
CHEMBL505481,4,CG0+G0,0,0,0,0
CHEMBL505496,4,CG0+G0,0,0,0,0
CHEMBL505510,4,CG0+G0,0,0,0,0
CHEMBL505541,4,CG0+G0,0,0,0,0
CHEMBL505577,4,CG0+G0,0,0,0,0
CHEMBL505579,4,CG0+G0,0,0,0,0
CHEMBL505596,4,CG0+G0,0,0,0,0
CHEMBL505608,4,CG0+G0,0,0,0,0
CHEMBL505630,4,CG0+G0,0,0,0,0
CHEMBL505639,4,CG0+G0,0,0,0,0
CHEMBL505660,4,CG0+G0,0,0,0,0
CHEMBL505667,4,CG0+G0,0,0,0,0
CHEMBL505678,4,CG0+G0,0,0,0,0
CHEMBL505682,4,CG0+G0,0,0,0,0
CHEMBL505696,4,CG0+G0,0,0,0,0
CHEMBL505702,4,CG0+G0,0,0,0,0
CHEMBL505734,4,CG0+G0,0,0,0,0
CHEMBL505741,4,CG0+G0,0,0,0,0
CHEMBL505767,4,CG0+G0,0,0,0,0
CHEMBL505770,4,CG0+G0,0,0,0,0
CHEMBL505771,4,CG0+G0,0,0,0,0
CHEMBL505773,4,CG0+G0,0,0,0,0
CHEMBL505780,4,CG0+G0,0,0,0,0
CHEMBL505828,4,CG0+G0,0,0,0,0
CHEMBL505858,4,CG0+G0,0,0,0,0
CHEMBL505870,4,CG0+G0,0,0,0,0
CHEMBL505879,4,CG0+G0,0,0,0,0
CHEMBL505904,4,CG0+G0,0,0,0,0
CHEMBL505907,4,CG0+G0,0,0,0,0
CHEMBL505956,4,CG0+G0,0,0,0,0
CHEMBL505974,4,CG0+G0,0,0,0,0
CHEMBL505980,4,CG0+G0,0,0,0,0
CHEMBL505987,4,CG0+G0,0,0,0,0
CHEMBL505993,4,CG0+G0,0,0,0,0
CHEMBL506017,4,CG0+G0,0,0,0,0
CHEMBL506023,4,CG0+G0,0,0,0,0
CHEMBL506030,4,CG0+G0,0,0,0,0
CHEMBL506041,4,CG0+G0,0,0,0,0
CHEMBL506051,4,CG0+G0,0,0,0,0
CHEMBL506054,4,CG0+G0,0,0,0,0
CHEMBL506067,4,CG0+G0,0,0,0,0
CHEMBL506075,4,CG0+G0,0,0,0,0
CHEMBL506100,4,CG0+G0,0,0,0,0
CHEMBL506104,4,CG0+G0,0,0,0,0
CHEMBL506170,4,CG0+G0,0,0,0,0
CHEMBL506191,4,CG0+G0,0,0,0,0
CHEMBL506206,4,CG0+G0,0,0,0,0
CHEMBL506213,4,CG0+G0,0,0,0,0
CHEMBL506232,4,CG0+G0,0,0,0,0
CHEMBL506235,4,CG0+G0,0,0,0,0
CHEMBL506248,4,CG0+G0,0,0,0,0
CHEMBL506249,4,CG0+G0,0,0,0,0
CHEMBL506253,4,CG0+G0,0,0,0,0
CHEMBL506258,4,CG0+G0,0,0,0,0
CHEMBL506264,4,CG0+G0,0,0,0,0
CHEMBL506279,4,CG0+G0,0,0,0,0
CHEMBL506300,4,CG0+G0,0,0,0,0
CHEMBL506303,4,CG0+G0,0,0,0,0
CHEMBL506312,4,CG0+G0,0,0,0,0
CHEMBL506323,4,CG0+G0,0,0,0,0
CHEMBL506328,4,CG0+G0,0,0,0,0
CHEMBL506333,4,CG0+G0,0,0,0,0
CHEMBL506339,4,CG0+G0,0,0,0,0
CHEMBL506355,4,CG0+G0,0,0,0,0
CHEMBL506363,4,CG0+G0,0,0,0,0
CHEMBL506402,4,CG0+G0,0,0,0,0
CHEMBL506411,4,CG0+G0,0,0,0,0
CHEMBL506505,4,CG0+G0,0,0,0,0
CHEMBL506509,4,CG0+G0,0,0,0,0
CHEMBL506510,4,CG0+G0,0,0,0,0
CHEMBL506512,4,CG0+G0,0,0,0,0
CHEMBL506557,4,CG0+G0,0,0,0,0
CHEMBL506600,4,CG0+G0,0,0,0,0
CHEMBL506616,4,CG0+G0,0,0,0,0
CHEMBL506620,4,CG0+G0,0,0,0,0
CHEMBL506636,4,CG0+G0,0,0,0,0
CHEMBL506679,4,CG0+G0,0,0,0,0
CHEMBL506690,4,CG0+G0,0,0,0,0
CHEMBL506695,4,CG0+G0,0,0,0,0
CHEMBL506708,4,CG0+G0,0,0,0,0
CHEMBL506709,4,CG0+G0,0,0,0,0
CHEMBL506720,4,CG0+G0,0,0,0,0
CHEMBL506761,4,CG0+G0,0,0,0,0
CHEMBL506777,4,CG0+G0,0,0,0,0
CHEMBL506783,4,CG0+G0,0,0,0,0
CHEMBL506792,4,CG0+G0,0,0,0,0
CHEMBL506817,4,CG0+G0,0,0,0,0
CHEMBL506833,4,CG0+G0,0,0,0,0
CHEMBL506863,4,CG0+G0,0,0,0,0
CHEMBL506892,4,CG0+G0,0,0,0,0
CHEMBL506955,4,CG0+G0,0,0,0,0
CHEMBL506995,4,CG0+G0,0,0,0,0
CHEMBL507009,4,CG0+G0,0,0,0,0
CHEMBL507048,4,CG0+G0,0,0,0,0
CHEMBL507052,4,CG0+G0,0,0,0,0
CHEMBL507055,4,CG0+G0,0,0,0,0
CHEMBL507061,4,CG0+G0,0,0,0,0
CHEMBL507066,4,CG0+G0,0,0,0,0
CHEMBL507081,4,CG0+G0,0,0,0,0
CHEMBL507117,4,CG0+G0,0,0,0,0
CHEMBL507141,4,CG0+G0,0,0,0,0
CHEMBL507157,4,CG0+G0,0,0,0,0
CHEMBL507160,4,CG0+G0,0,0,0,0
CHEMBL507178,4,CG0+G0,0,0,0,0
CHEMBL507187,4,CG0+G0,0,0,0,0
CHEMBL507191,4,CG0+G0,0,0,0,0
CHEMBL507210,4,CG0+G0,0,0,0,0
CHEMBL507213,4,CG0+G0,0,0,0,0
CHEMBL507214,4,CG0+G0,0,0,0,0
CHEMBL507228,4,CG0+G0,0,0,0,0
CHEMBL507231,4,CG0+G0,0,0,0,0
CHEMBL507250,4,CG0+G0,0,0,0,0
CHEMBL507266,4,CG0+G0,0,0,0,0
CHEMBL507273,4,CG0+G0,0,0,0,0
CHEMBL507301,4,CG0+G0,0,0,0,0
CHEMBL507308,4,CG0+G0,0,0,0,0
CHEMBL507336,4,CG0+G0,0,0,0,0
CHEMBL507406,4,CG0+G0,0,0,0,0
CHEMBL507417,4,CG0+G0,0,0,0,0
CHEMBL507441,4,CG0+G0,0,0,0,0
CHEMBL507458,4,CG0+G0,0,0,0,0
CHEMBL507468,4,CG0+G0,0,0,0,0
CHEMBL507470,4,CG0+G0,0,0,0,0
CHEMBL507519,4,CG0+G0,0,0,0,0
CHEMBL507589,4,CG0+G0,0,0,0,0
CHEMBL507602,4,CG0+G0,0,0,0,0
CHEMBL507608,4,CG0+G0,0,0,0,0
CHEMBL507647,4,CG0+G0,0,0,0,0
CHEMBL507673,4,CG0+G0,0,0,0,0
CHEMBL507675,4,CG0+G0,0,0,0,0
CHEMBL507685,4,CG0+G0,0,0,0,0
CHEMBL507715,4,CG0+G0,0,0,0,0
CHEMBL507717,4,CG0+G0,0,0,0,0
CHEMBL507738,4,CG0+G0,0,0,0,0
CHEMBL507739,4,CG0+G0,0,0,0,0
CHEMBL507742,4,CG0+G0,0,0,0,0
CHEMBL507745,4,CG0+G0,0,0,0,0
CHEMBL507752,4,CG0+G0,0,0,0,0
CHEMBL507753,4,CG0+G0,0,0,0,0
CHEMBL507757,4,CG0+G0,0,0,0,0
CHEMBL507763,4,CG0+G0,0,0,0,0
CHEMBL507772,4,CG0+G0,0,0,0,0
CHEMBL507778,4,CG0+G0,0,0,0,0
CHEMBL507786,4,CG0+G0,0,0,0,0
CHEMBL507792,4,CG0+G0,0,0,0,0
CHEMBL507798,4,CG0+G0,0,0,0,0
CHEMBL507816,4,CG0+G0,0,0,0,0
CHEMBL507833,4,CG0+G0,0,0,0,0
CHEMBL507856,4,CG0+G0,0,0,0,0
CHEMBL507858,4,CG0+G0,0,0,0,0
CHEMBL507859,4,CG0+G0,0,0,0,0
CHEMBL507863,4,CG0+G0,0,0,0,0
CHEMBL507865,4,CG0+G0,0,0,0,0
CHEMBL507887,4,CG0+G0,0,0,0,0
CHEMBL507892,4,CG0+G0,0,0,0,0
CHEMBL507907,4,CG0+G0,0,0,0,0
CHEMBL507923,4,CG0+G0,0,0,0,0
CHEMBL507933,4,CG0+G0,0,0,0,0
CHEMBL507980,4,CG0+G0,0,0,0,0
CHEMBL507985,4,CG0+G0,0,0,0,0
CHEMBL507995,4,CG0+G0,0,0,0,0
CHEMBL508017,4,CG0+G0,0,0,0,0
CHEMBL508034,4,CG0+G0,0,0,0,0
CHEMBL508037,4,CG0+G0,0,0,0,0
CHEMBL508049,4,CG0+G0,0,0,0,0
CHEMBL508054,4,CG0+G0,0,0,0,0
CHEMBL508061,4,CG0+G0,0,0,0,0
CHEMBL508145,4,CG0+G0,0,0,0,0
CHEMBL508170,4,CG0+G0,0,0,0,0
CHEMBL508172,4,CG0+G0,0,0,0,0
CHEMBL508207,4,CG0+G0,0,0,0,0
CHEMBL508223,4,CG0+G0,0,0,0,0
CHEMBL508232,4,CG0+G0,0,0,0,0
CHEMBL508234,4,CG0+G0,0,0,0,0
CHEMBL508254,4,CG0+G0,0,0,0,0
CHEMBL508263,4,CG0+G0,0,0,0,0
CHEMBL508272,4,CG0+G0,0,0,0,0
CHEMBL508289,4,CG0+G0,0,0,0,0
CHEMBL508310,4,CG0+G0,0,0,0,0
CHEMBL508318,4,CG0+G0,0,0,0,0
CHEMBL508345,4,CG0+G0,0,0,0,0
CHEMBL508360,4,CG0+G0,0,0,0,0
CHEMBL508383,4,CG0+G0,0,0,0,0
CHEMBL508418,4,CG0+G0,0,0,0,0
CHEMBL508426,4,CG0+G0,0,0,0,0
CHEMBL508446,4,CG0+G0,0,0,0,0
CHEMBL508460,4,CG0+G0,0,0,0,0
CHEMBL508470,4,CG0+G0,0,0,0,0
CHEMBL508484,4,CG0+G0,0,0,0,0
CHEMBL508498,4,CG0+G0,0,0,0,0
CHEMBL508522,4,CG0+G0,0,0,0,0
CHEMBL508569,4,CG0+G0,0,0,0,0
CHEMBL508581,4,CG0+G0,0,0,0,0
CHEMBL508639,4,CG0+G0,0,0,0,0
CHEMBL508640,4,CG0+G0,0,0,0,0
CHEMBL508660,4,CG0+G0,0,0,0,0
CHEMBL508677,4,CG0+G0,0,0,0,0
CHEMBL508688,4,CG0+G0,0,0,0,0
CHEMBL508689,4,CG0+G0,0,0,0,0
CHEMBL508741,4,CG0+G0,0,0,0,0
CHEMBL508743,4,CG0+G0,0,0,0,0
CHEMBL508745,4,CG0+G0,0,0,0,0
CHEMBL508757,4,CG0+G0,0,0,0,0
CHEMBL508830,4,CG0+G0,0,0,0,0
CHEMBL508884,4,CG0+G0,0,0,0,0
CHEMBL508889,4,CG0+G0,0,0,0,0
CHEMBL508912,4,CG0+G0,0,0,0,0
CHEMBL508926,4,CG0+G0,0,0,0,0
CHEMBL508944,4,CG0+G0,0,0,0,0
CHEMBL508956,4,CG0+G0,0,0,0,0
CHEMBL508957,4,CG0+G0,0,0,0,0
CHEMBL508971,4,CG0+G0,0,0,0,0
CHEMBL508980,4,CG0+G0,0,0,0,0
CHEMBL509008,4,CG0+G0,0,0,0,0
CHEMBL509009,4,CG0+G0,0,0,0,0
CHEMBL509024,4,CG0+G0,0,0,0,0
CHEMBL509042,4,CG0+G0,0,0,0,0
CHEMBL509043,4,CG0+G0,0,0,0,0
CHEMBL509105,4,CG0+G0,0,0,0,0
CHEMBL509111,4,CG0+G0,0,0,0,0
CHEMBL509120,4,CG0+G0,0,0,0,0
CHEMBL509128,4,CG0+G0,0,0,0,0
CHEMBL509130,4,CG0+G0,0,0,0,0
CHEMBL509147,4,CG0+G0,0,0,0,0
CHEMBL509159,4,CG0+G0,0,0,0,0
CHEMBL509162,4,CG0+G0,0,0,0,0
CHEMBL509174,4,CG0+G0,0,0,0,0
CHEMBL509178,4,CG0+G0,0,0,0,0
CHEMBL509201,4,CG0+G0,0,0,0,0
CHEMBL509209,4,CG0+G0,0,0,0,0
CHEMBL509211,4,CG0+G0,0,0,0,0
CHEMBL509212,4,CG0+G0,0,0,0,0
CHEMBL509215,4,CG0+G0,0,0,0,0
CHEMBL509217,4,CG0+G0,0,0,0,0
CHEMBL509227,4,CG0+G0,0,0,0,0
CHEMBL509235,4,CG0+G0,0,0,0,0
CHEMBL509244,4,CG0+G0,0,0,0,0
CHEMBL509275,4,CG0+G0,0,0,0,0
CHEMBL509284,4,CG0+G0,0,0,0,0
CHEMBL509287,4,CG0+G0,0,0,0,0
CHEMBL509321,4,CG0+G0,0,0,0,0
CHEMBL509341,4,CG0+G0,0,0,0,0
CHEMBL509351,4,CG0+G0,0,0,0,0
CHEMBL509364,4,CG0+G0,0,0,0,0
CHEMBL509371,4,CG0+G0,0,0,0,0
CHEMBL509380,4,CG0+G0,0,0,0,0
CHEMBL509396,4,CG0+G0,0,0,0,0
CHEMBL509404,4,CG0+G0,0,0,0,0
CHEMBL509415,4,CG0+G0,0,0,0,0
CHEMBL509416,4,CG0+G0,0,0,0,0
CHEMBL509420,4,CG0+G0,0,0,0,0
CHEMBL509427,4,CG0+G0,0,0,0,0
CHEMBL509444,4,CG0+G0,0,0,0,0
CHEMBL509462,4,CG0+G0,0,0,0,0
CHEMBL509463,4,CG0+G0,0,0,0,0
CHEMBL509470,4,CG0+G0,0,0,0,0
CHEMBL509477,4,CG0+G0,0,0,0,0
CHEMBL509479,4,CG0+G0,0,0,0,0
CHEMBL509482,4,CG0+G0,0,0,0,0
CHEMBL509483,4,CG0+G0,0,0,0,0
CHEMBL509489,4,CG0+G0,0,0,0,0
CHEMBL509506,4,CG0+G0,0,0,0,0
CHEMBL509507,4,CG0+G0,0,0,0,0
CHEMBL509518,4,CG0+G0,0,0,0,0
CHEMBL509524,4,CG0+G0,0,0,0,0
CHEMBL509526,4,CG0+G0,0,0,0,0
CHEMBL509527,4,CG0+G0,0,0,0,0
CHEMBL509532,4,CG0+G0,0,0,0,0
CHEMBL509536,4,CG0+G0,0,0,0,0
CHEMBL509562,4,CG0+G0,0,0,0,0
CHEMBL509566,4,CG0+G0,0,0,0,0
CHEMBL509583,4,CG0+G0,0,0,0,0
CHEMBL509590,4,CG0+G0,0,0,0,0
CHEMBL509591,4,CG0+G0,0,0,0,0
CHEMBL509596,4,CG0+G0,0,0,0,0
CHEMBL509605,4,CG0+G0,0,0,0,0
CHEMBL509616,4,CG0+G0,0,0,0,0
CHEMBL509634,4,CG0+G0,0,0,0,0
CHEMBL509641,4,CG0+G0,0,0,0,0
CHEMBL509658,4,CG0+G0,0,0,0,0
CHEMBL509674,4,CG0+G0,0,0,0,0
CHEMBL509706,4,CG0+G0,0,0,0,0
CHEMBL509723,4,CG0+G0,0,0,0,0
CHEMBL509742,4,CG0+G0,0,0,0,0
CHEMBL509764,4,CG0+G0,0,0,0,0
CHEMBL509765,4,CG0+G0,0,0,0,0
CHEMBL509773,4,CG0+G0,0,0,0,0
CHEMBL509792,4,CG0+G0,0,0,0,0
CHEMBL509802,4,CG0+G0,0,0,0,0
CHEMBL509803,4,CG0+G0,0,0,0,0
CHEMBL509805,4,CG0+G0,0,0,0,0
CHEMBL509807,4,CG0+G0,0,0,0,0
CHEMBL509814,4,CG0+G0,0,0,0,0
CHEMBL509837,4,CG0+G0,0,0,0,0
CHEMBL509855,4,CG0+G0,0,0,0,0
CHEMBL509870,4,CG0+G0,0,0,0,0
CHEMBL509883,4,CG0+G0,0,0,0,0
CHEMBL509887,4,CG0+G0,0,0,0,0
CHEMBL509888,4,CG0+G0,0,0,0,0
CHEMBL509897,4,CG0+G0,0,0,0,0
CHEMBL509909,4,CG0+G0,0,0,0,0
CHEMBL509912,4,CG0+G0,0,0,0,0
CHEMBL509926,4,CG0+G0,0,0,0,0
CHEMBL509933,4,CG0+G0,0,0,0,0
CHEMBL509934,4,CG0+G0,0,0,0,0
CHEMBL509935,4,CG0+G0,0,0,0,0
CHEMBL509936,4,CG0+G0,0,0,0,0
CHEMBL509938,4,CG0+G0,0,0,0,0
CHEMBL509942,4,CG0+G0,0,0,0,0
CHEMBL509960,4,CG0+G0,0,0,0,0
CHEMBL509981,4,CG0+G0,0,0,0,0
CHEMBL509999,4,CG0+G0,0,0,0,0
CHEMBL510000,4,CG0+G0,0,0,0,0
CHEMBL510018,4,CG0+G0,0,0,0,0
CHEMBL510022,4,CG0+G0,0,0,0,0
CHEMBL510034,4,CG0+G0,0,0,0,0
CHEMBL510053,4,CG0+G0,0,0,0,0
CHEMBL510064,4,CG0+G0,0,0,0,0
CHEMBL510073,4,CG0+G0,0,0,0,0
CHEMBL510119,4,CG0+G0,0,0,0,0
CHEMBL510128,4,CG0+G0,0,0,0,0
CHEMBL510129,4,CG0+G0,0,0,0,0
CHEMBL510135,4,CG0+G0,0,0,0,0
CHEMBL510147,4,CG0+G0,0,0,0,0
CHEMBL510158,4,CG0+G0,0,0,0,0
CHEMBL510169,4,CG0+G0,0,0,0,0
CHEMBL510185,4,CG0+G0,0,0,0,0
CHEMBL510203,4,CG0+G0,0,0,0,0
CHEMBL510206,4,CG0+G0,0,0,0,0
CHEMBL510254,4,CG0+G0,0,0,0,0
CHEMBL510268,4,CG0+G0,0,0,0,0
CHEMBL510273,4,CG0+G0,0,0,0,0
CHEMBL510284,4,CG0+G0,0,0,0,0
CHEMBL510311,4,CG0+G0,0,0,0,0
CHEMBL510331,4,CG0+G0,0,0,0,0
CHEMBL510375,4,CG0+G0,0,0,0,0
CHEMBL510389,4,CG0+G0,0,0,0,0
CHEMBL510400,4,CG0+G0,0,0,0,0
CHEMBL510403,4,CG0+G0,0,0,0,0
CHEMBL510408,4,CG0+G0,0,0,0,0
CHEMBL510416,4,CG0+G0,0,0,0,0
CHEMBL510424,4,CG0+G0,0,0,0,0
CHEMBL510452,4,CG0+G0,0,0,0,0
CHEMBL510494,4,CG0+G0,0,0,0,0
CHEMBL510500,4,CG0+G0,0,0,0,0
CHEMBL510519,4,CG0+G0,0,0,0,0
CHEMBL510525,4,CG0+G0,0,0,0,0
CHEMBL510550,4,CG0+G0,0,0,0,0
CHEMBL510568,4,CG0+G0,0,0,0,0
CHEMBL510572,4,CG0+G0,0,0,0,0
CHEMBL510575,4,CG0+G0,0,0,0,0
CHEMBL510576,4,CG0+G0,0,0,0,0
CHEMBL510577,4,CG0+G0,0,0,0,0
CHEMBL510579,4,CG0+G0,0,0,0,0
CHEMBL510584,4,CG0+G0,0,0,0,0
CHEMBL510585,4,CG0+G0,0,0,0,0
CHEMBL510586,4,CG0+G0,0,0,0,0
CHEMBL510602,4,CG0+G0,0,0,0,0
CHEMBL510608,4,CG0+G0,0,0,0,0
CHEMBL510609,4,CG0+G0,0,0,0,0
CHEMBL510612,4,CG0+G0,0,0,0,0
CHEMBL510614,4,CG0+G0,0,0,0,0
CHEMBL510618,4,CG0+G0,0,0,0,0
CHEMBL510621,4,CG0+G0,0,0,0,0
CHEMBL510632,4,CG0+G0,0,0,0,0
CHEMBL510644,4,CG0+G0,0,0,0,0
CHEMBL510650,4,CG0+G0,0,0,0,0
CHEMBL510651,4,CG0+G0,0,0,0,0
CHEMBL510681,4,CG0+G0,0,0,0,0
CHEMBL510686,4,CG0+G0,0,0,0,0
CHEMBL510705,4,CG0+G0,0,0,0,0
CHEMBL510730,4,CG0+G0,0,0,0,0
CHEMBL510762,4,CG0+G0,0,0,0,0
CHEMBL510777,4,CG0+G0,0,0,0,0
CHEMBL510782,4,CG0+G0,0,0,0,0
CHEMBL510794,4,CG0+G0,0,0,0,0
CHEMBL510806,4,CG0+G0,0,0,0,0
CHEMBL510830,4,CG0+G0,0,0,0,0
CHEMBL510832,4,CG0+G0,0,0,0,0
CHEMBL510836,4,CG0+G0,0,0,0,0
CHEMBL510841,4,CG0+G0,0,0,0,0
CHEMBL510857,4,CG0+G0,0,0,0,0
CHEMBL510862,4,CG0+G0,0,0,0,0
CHEMBL510894,4,CG0+G0,0,0,0,0
CHEMBL510897,4,CG0+G0,0,0,0,0
CHEMBL510898,4,CG0+G0,0,0,0,0
CHEMBL510943,4,CG0+G0,0,0,0,0
CHEMBL510944,4,CG0+G0,0,0,0,0
CHEMBL510957,4,CG0+G0,0,0,0,0
CHEMBL510976,4,CG0+G0,0,0,0,0
CHEMBL510997,4,CG0+G0,0,0,0,0
CHEMBL511008,4,CG0+G0,0,0,0,0
CHEMBL511018,4,CG0+G0,0,0,0,0
CHEMBL511022,4,CG0+G0,0,0,0,0
CHEMBL511025,4,CG0+G0,0,0,0,0
CHEMBL511037,4,CG0+G0,0,0,0,0
CHEMBL511044,4,CG0+G0,0,0,0,0
CHEMBL511058,4,CG0+G0,0,0,0,0
CHEMBL511075,4,CG0+G0,0,0,0,0
CHEMBL511086,4,CG0+G0,0,0,0,0
CHEMBL511097,4,CG0+G0,0,0,0,0
CHEMBL511138,4,CG0+G0,0,0,0,0
CHEMBL511141,4,CG0+G0,0,0,0,0
CHEMBL511224,4,CG0+G0,0,0,0,0
CHEMBL511229,4,CG0+G0,0,0,0,0
CHEMBL511253,4,CG0+G0,0,0,0,0
CHEMBL511262,4,CG0+G0,0,0,0,0
CHEMBL511269,4,CG0+G0,0,0,0,0
CHEMBL511293,4,CG0+G0,0,0,0,0
CHEMBL511295,4,CG0+G0,0,0,0,0
CHEMBL511326,4,CG0+G0,0,0,0,0
CHEMBL511375,4,CG0+G0,0,0,0,0
CHEMBL511395,4,CG0+G0,0,0,0,0
CHEMBL511407,4,CG0+G0,0,0,0,0
CHEMBL511426,4,CG0+G0,0,0,0,0
CHEMBL511439,4,CG0+G0,0,0,0,0
CHEMBL511442,4,CG0+G0,0,0,0,0
CHEMBL511481,4,CG0+G0,0,0,0,0
CHEMBL511487,4,CG0+G0,0,0,0,0
CHEMBL511489,4,CG0+G0,0,0,0,0
CHEMBL511492,4,CG0+G0,0,0,0,0
CHEMBL511532,4,CG0+G0,0,0,0,0
CHEMBL511533,4,CG0+G0,0,0,0,0
CHEMBL511535,4,CG0+G0,0,0,0,0
CHEMBL511547,4,CG0+G0,0,0,0,0
CHEMBL511556,4,CG0+G0,0,0,0,0
CHEMBL511562,4,CG0+G0,0,0,0,0
CHEMBL511572,4,CG0+G0,0,0,0,0
CHEMBL511593,4,CG0+G0,0,0,0,0
CHEMBL511604,4,CG0+G0,0,0,0,0
CHEMBL511618,4,CG0+G0,0,0,0,0
CHEMBL511627,4,CG0+G0,0,0,0,0
CHEMBL511632,4,CG0+G0,0,0,0,0
CHEMBL511633,4,CG0+G0,0,0,0,0
CHEMBL511651,4,CG0+G0,0,0,0,0
CHEMBL511658,4,CG0+G0,0,0,0,0
CHEMBL511660,4,CG0+G0,0,0,0,0
CHEMBL511699,4,CG0+G0,0,0,0,0
CHEMBL511721,4,CG0+G0,0,0,0,0
CHEMBL511730,4,CG0+G0,0,0,0,0
CHEMBL511737,4,CG0+G0,0,0,0,0
CHEMBL511773,4,CG0+G0,0,0,0,0
CHEMBL511778,4,CG0+G0,0,0,0,0
CHEMBL511824,4,CG0+G0,0,0,0,0
CHEMBL511903,4,CG0+G0,0,0,0,0
CHEMBL511904,4,CG0+G0,0,0,0,0
CHEMBL511928,4,CG0+G0,0,0,0,0
CHEMBL511940,4,CG0+G0,0,0,0,0
CHEMBL511971,4,CG0+G0,0,0,0,0
CHEMBL511981,4,CG0+G0,0,0,0,0
CHEMBL512002,4,CG0+G0,0,0,0,0
CHEMBL512028,4,CG0+G0,0,0,0,0
CHEMBL512046,4,CG0+G0,0,0,0,0
CHEMBL512064,4,CG0+G0,0,0,0,0
CHEMBL512094,4,CG0+G0,0,0,0,0
CHEMBL512100,4,CG0+G0,0,0,0,0
CHEMBL512125,4,CG0+G0,0,0,0,0
CHEMBL512139,4,CG0+G0,0,0,0,0
CHEMBL512146,4,CG0+G0,0,0,0,0
CHEMBL512155,4,CG0+G0,0,0,0,0
CHEMBL512170,4,CG0+G0,0,0,0,0
CHEMBL512213,4,CG0+G0,0,0,0,0
CHEMBL512251,4,CG0+G0,0,0,0,0
CHEMBL512282,4,CG0+G0,0,0,0,0
CHEMBL512292,4,CG0+G0,0,0,0,0
CHEMBL512302,4,CG0+G0,0,0,0,0
CHEMBL512307,4,CG0+G0,0,0,0,0
CHEMBL512336,4,CG0+G0,0,0,0,0
CHEMBL512339,4,CG0+G0,0,0,0,0
CHEMBL512349,4,CG0+G0,0,0,0,0
CHEMBL512368,4,CG0+G0,0,0,0,0
CHEMBL512382,4,CG0+G0,0,0,0,0
CHEMBL512406,4,CG0+G0,0,0,0,0
CHEMBL512421,4,CG0+G0,0,0,0,0
CHEMBL512429,4,CG0+G0,0,0,0,0
CHEMBL512448,4,CG0+G0,0,0,0,0
CHEMBL512471,4,CG0+G0,0,0,0,0
CHEMBL512482,4,CG0+G0,0,0,0,0
CHEMBL512489,4,CG0+G0,0,0,0,0
CHEMBL512512,4,CG0+G0,0,0,0,0
CHEMBL512530,4,CG0+G0,0,0,0,0
CHEMBL512534,4,CG0+G0,0,0,0,0
CHEMBL512594,4,CG0+G0,0,0,0,0
CHEMBL512607,4,CG0+G0,0,0,0,0
CHEMBL512610,4,CG0+G0,0,0,0,0
CHEMBL512614,4,CG0+G0,0,0,0,0
CHEMBL512615,4,CG0+G0,0,0,0,0
CHEMBL512654,4,CG0+G0,0,0,0,0
CHEMBL512662,4,CG0+G0,0,0,0,0
CHEMBL512682,4,CG0+G0,0,0,0,0
CHEMBL512717,4,CG0+G0,0,0,0,0
CHEMBL512755,4,CG0+G0,0,0,0,0
CHEMBL512778,4,CG0+G0,0,0,0,0
CHEMBL512807,4,CG0+G0,0,0,0,0
CHEMBL512808,4,CG0+G0,0,0,0,0
CHEMBL512826,4,CG0+G0,0,0,0,0
CHEMBL512833,4,CG0+G0,0,0,0,0
CHEMBL512846,4,CG0+G0,0,0,0,0
CHEMBL512850,4,CG0+G0,0,0,0,0
CHEMBL512853,4,CG0+G0,0,0,0,0
CHEMBL512877,4,CG0+G0,0,0,0,0
CHEMBL512889,4,CG0+G0,0,0,0,0
CHEMBL512892,4,CG0+G0,0,0,0,0
CHEMBL512896,4,CG0+G0,0,0,0,0
CHEMBL512928,4,CG0+G0,0,0,0,0
CHEMBL512948,4,CG0+G0,0,0,0,0
CHEMBL512949,4,CG0+G0,0,0,0,0
CHEMBL512956,4,CG0+G0,0,0,0,0
CHEMBL512971,4,CG0+G0,0,0,0,0
CHEMBL512976,4,CG0+G0,0,0,0,0
CHEMBL512998,4,CG0+G0,0,0,0,0
CHEMBL513006,4,CG0+G0,0,0,0,0
CHEMBL513010,4,CG0+G0,0,0,0,0
CHEMBL513022,4,CG0+G0,0,0,0,0
CHEMBL513036,4,CG0+G0,0,0,0,0
CHEMBL513051,4,CG0+G0,0,0,0,0
CHEMBL513137,4,CG0+G0,0,0,0,0
CHEMBL513152,4,CG0+G0,0,0,0,0
CHEMBL513190,4,CG0+G0,0,0,0,0
CHEMBL513224,4,CG0+G0,0,0,0,0
CHEMBL513226,4,CG0+G0,0,0,0,0
CHEMBL513266,4,CG0+G0,0,0,0,0
CHEMBL513269,4,CG0+G0,0,0,0,0
CHEMBL513316,4,CG0+G0,0,0,0,0
CHEMBL513324,4,CG0+G0,0,0,0,0
CHEMBL513334,4,CG0+G0,0,0,0,0
CHEMBL513372,4,CG0+G0,0,0,0,0
CHEMBL513397,4,CG0+G0,0,0,0,0
CHEMBL513420,4,CG0+G0,0,0,0,0
CHEMBL513421,4,CG0+G0,0,0,0,0
CHEMBL513425,4,CG0+G0,0,0,0,0
CHEMBL513426,4,CG0+G0,0,0,0,0
CHEMBL513476,4,CG0+G0,0,0,0,0
CHEMBL513490,4,CG0+G0,0,0,0,0
CHEMBL513539,4,CG0+G0,0,0,0,0
CHEMBL513545,4,CG0+G0,0,0,0,0
CHEMBL513556,4,CG0+G0,0,0,0,0
CHEMBL513582,4,CG0+G0,0,0,0,0
CHEMBL513585,4,CG0+G0,0,0,0,0
CHEMBL513595,4,CG0+G0,0,0,0,0
CHEMBL513674,4,CG0+G0,0,0,0,0
CHEMBL513693,4,CG0+G0,0,0,0,0
CHEMBL513707,4,CG0+G0,0,0,0,0
CHEMBL513708,4,CG0+G0,0,0,0,0
CHEMBL513722,4,CG0+G0,0,0,0,0
CHEMBL513726,4,CG0+G0,0,0,0,0
CHEMBL513733,4,CG0+G0,0,0,0,0
CHEMBL513735,4,CG0+G0,0,0,0,0
CHEMBL513736,4,CG0+G0,0,0,0,0
CHEMBL513752,4,CG0+G0,0,0,0,0
CHEMBL513782,4,CG0+G0,0,0,0,0
CHEMBL513802,4,CG0+G0,0,0,0,0
CHEMBL513819,4,CG0+G0,0,0,0,0
CHEMBL513832,4,CG0+G0,0,0,0,0
CHEMBL513863,4,CG0+G0,0,0,0,0
CHEMBL513880,4,CG0+G0,0,0,0,0
CHEMBL513885,4,CG0+G0,0,0,0,0
CHEMBL513887,4,CG0+G0,0,0,0,0
CHEMBL513917,4,CG0+G0,0,0,0,0
CHEMBL513920,4,CG0+G0,0,0,0,0
CHEMBL513927,4,CG0+G0,0,0,0,0
CHEMBL513929,4,CG0+G0,0,0,0,0
CHEMBL513934,4,CG0+G0,0,0,0,0
CHEMBL513959,4,CG0+G0,0,0,0,0
CHEMBL514017,4,CG0+G0,0,0,0,0
CHEMBL514024,4,CG0+G0,0,0,0,0
CHEMBL514089,4,CG0+G0,0,0,0,0
CHEMBL514129,4,CG0+G0,0,0,0,0
CHEMBL514130,4,CG0+G0,0,0,0,0
CHEMBL514152,4,CG0+G0,0,0,0,0
CHEMBL514212,4,CG0+G0,0,0,0,0
CHEMBL514244,4,CG0+G0,0,0,0,0
CHEMBL514247,4,CG0+G0,0,0,0,0
CHEMBL514281,4,CG0+G0,0,0,0,0
CHEMBL514282,4,CG0+G0,0,0,0,0
CHEMBL514318,4,CG0+G0,0,0,0,0
CHEMBL514321,4,CG0+G0,0,0,0,0
CHEMBL514330,4,CG0+G0,0,0,0,0
CHEMBL514338,4,CG0+G0,0,0,0,0
CHEMBL514341,4,CG0+G0,0,0,0,0
CHEMBL514370,4,CG0+G0,0,0,0,0
CHEMBL514377,4,CG0+G0,0,0,0,0
CHEMBL514388,4,CG0+G0,0,0,0,0
CHEMBL514429,4,CG0+G0,0,0,0,0
CHEMBL514437,4,CG0+G0,0,0,0,0
CHEMBL514445,4,CG0+G0,0,0,0,0
CHEMBL514474,4,CG0+G0,0,0,0,0
CHEMBL514492,4,CG0+G0,0,0,0,0
CHEMBL514496,4,CG0+G0,0,0,0,0
CHEMBL514497,4,CG0+G0,0,0,0,0
CHEMBL514518,4,CG0+G0,0,0,0,0
CHEMBL514529,4,CG0+G0,0,0,0,0
CHEMBL514654,4,CG0+G0,0,0,0,0
CHEMBL514664,4,CG0+G0,0,0,0,0
CHEMBL514675,4,CG0+G0,0,0,0,0
CHEMBL514736,4,CG0+G0,0,0,0,0
CHEMBL514772,4,CG0+G0,0,0,0,0
CHEMBL514773,4,CG0+G0,0,0,0,0
CHEMBL514779,4,CG0+G0,0,0,0,0
CHEMBL514818,4,CG0+G0,0,0,0,0
CHEMBL514837,4,CG0+G0,0,0,0,0
CHEMBL514859,4,CG0+G0,0,0,0,0
CHEMBL514869,4,CG0+G0,0,0,0,0
CHEMBL514897,4,CG0+G0,0,0,0,0
CHEMBL514903,4,CG0+G0,0,0,0,0
CHEMBL514914,4,CG0+G0,0,0,0,0
CHEMBL514916,4,CG0+G0,0,0,0,0
CHEMBL514920,4,CG0+G0,0,0,0,0
CHEMBL514926,4,CG0+G0,0,0,0,0
CHEMBL514943,4,CG0+G0,0,0,0,0
CHEMBL514952,4,CG0+G0,0,0,0,0
CHEMBL514969,4,CG0+G0,0,0,0,0
CHEMBL515023,4,CG0+G0,0,0,0,0
CHEMBL515060,4,CG0+G0,0,0,0,0
CHEMBL515061,4,CG0+G0,0,0,0,0
CHEMBL515064,4,CG0+G0,0,0,0,0
CHEMBL515145,4,CG0+G0,0,0,0,0
CHEMBL515163,4,CG0+G0,0,0,0,0
CHEMBL515170,4,CG0+G0,0,0,0,0
CHEMBL515174,4,CG0+G0,0,0,0,0
CHEMBL515185,4,CG0+G0,0,0,0,0
CHEMBL515268,4,CG0+G0,0,0,0,0
CHEMBL515273,4,CG0+G0,0,0,0,0
CHEMBL515288,4,CG0+G0,0,0,0,0
CHEMBL515304,4,CG0+G0,0,0,0,0
CHEMBL515324,4,CG0+G0,0,0,0,0
CHEMBL515331,4,CG0+G0,0,0,0,0
CHEMBL515355,4,CG0+G0,0,0,0,0
CHEMBL515362,4,CG0+G0,0,0,0,0
CHEMBL515380,4,CG0+G0,0,0,0,0
CHEMBL515407,4,CG0+G0,0,0,0,0
CHEMBL515460,4,CG0+G0,0,0,0,0
CHEMBL515501,4,CG0+G0,0,0,0,0
CHEMBL515520,4,CG0+G0,0,0,0,0
CHEMBL515550,4,CG0+G0,0,0,0,0
CHEMBL515601,4,CG0+G0,0,0,0,0
CHEMBL515605,4,CG0+G0,0,0,0,0
CHEMBL515606,4,CG0+G0,0,0,0,0
CHEMBL515607,4,CG0+G0,0,0,0,0
CHEMBL515624,4,CG0+G0,0,0,0,0
CHEMBL515694,4,CG0+G0,0,0,0,0
CHEMBL515721,4,CG0+G0,0,0,0,0
CHEMBL515748,4,CG0+G0,0,0,0,0
CHEMBL515762,4,CG0+G0,0,0,0,0
CHEMBL515806,4,CG0+G0,0,0,0,0
CHEMBL515813,4,CG0+G0,0,0,0,0
CHEMBL515815,4,CG0+G0,0,0,0,0
CHEMBL515840,4,CG0+G0,0,0,0,0
CHEMBL515850,4,CG0+G0,0,0,0,0
CHEMBL515882,4,CG0+G0,0,0,0,0
CHEMBL515896,4,CG0+G0,0,0,0,0
CHEMBL515910,4,CG0+G0,0,0,0,0
CHEMBL515928,4,CG0+G0,0,0,0,0
CHEMBL515963,4,CG0+G0,0,0,0,0
CHEMBL515974,4,CG0+G0,0,0,0,0
CHEMBL515976,4,CG0+G0,0,0,0,0
CHEMBL515987,4,CG0+G0,0,0,0,0
CHEMBL515994,4,CG0+G0,0,0,0,0
CHEMBL516005,4,CG0+G0,0,0,0,0
CHEMBL516011,4,CG0+G0,0,0,0,0
CHEMBL516013,4,CG0+G0,0,0,0,0
CHEMBL516023,4,CG0+G0,0,0,0,0
CHEMBL516054,4,CG0+G0,0,0,0,0
CHEMBL516093,4,CG0+G0,0,0,0,0
CHEMBL516103,4,CG0+G0,0,0,0,0
CHEMBL516104,4,CG0+G0,0,0,0,0
CHEMBL516117,4,CG0+G0,0,0,0,0
CHEMBL516130,4,CG0+G0,0,0,0,0
CHEMBL516138,4,CG0+G0,0,0,0,0
CHEMBL516148,4,CG0+G0,0,0,0,0
CHEMBL516150,4,CG0+G0,0,0,0,0
CHEMBL516156,4,CG0+G0,0,0,0,0
CHEMBL516174,4,CG0+G0,0,0,0,0
CHEMBL516178,4,CG0+G0,0,0,0,0
CHEMBL516179,4,CG0+G0,0,0,0,0
CHEMBL516180,4,CG0+G0,0,0,0,0
CHEMBL516208,4,CG0+G0,0,0,0,0
CHEMBL516210,4,CG0+G0,0,0,0,0
CHEMBL516237,4,CG0+G0,0,0,0,0
CHEMBL516239,4,CG0+G0,0,0,0,0
CHEMBL516240,4,CG0+G0,0,0,0,0
CHEMBL516249,4,CG0+G0,0,0,0,0
CHEMBL516268,4,CG0+G0,0,0,0,0
CHEMBL516298,4,CG0+G0,0,0,0,0
CHEMBL516305,4,CG0+G0,0,0,0,0
CHEMBL516311,4,CG0+G0,0,0,0,0
CHEMBL516317,4,CG0+G0,0,0,0,0
CHEMBL516336,4,CG0+G0,0,0,0,0
CHEMBL516341,4,CG0+G0,0,0,0,0
CHEMBL516354,4,CG0+G0,0,0,0,0
CHEMBL516381,4,CG0+G0,0,0,0,0
CHEMBL516393,4,CG0+G0,0,0,0,0
CHEMBL516403,4,CG0+G0,0,0,0,0
CHEMBL516412,4,CG0+G0,0,0,0,0
CHEMBL516449,4,CG0+G0,0,0,0,0
CHEMBL516469,4,CG0+G0,0,0,0,0
CHEMBL516473,4,CG0+G0,0,0,0,0
CHEMBL516499,4,CG0+G0,0,0,0,0
CHEMBL516513,4,CG0+G0,0,0,0,0
CHEMBL516524,4,CG0+G0,0,0,0,0
CHEMBL516526,4,CG0+G0,0,0,0,0
CHEMBL516529,4,CG0+G0,0,0,0,0
CHEMBL516540,4,CG0+G0,0,0,0,0
CHEMBL516546,4,CG0+G0,0,0,0,0
CHEMBL516549,4,CG0+G0,0,0,0,0
CHEMBL516555,4,CG0+G0,0,0,0,0
CHEMBL516557,4,CG0+G0,0,0,0,0
CHEMBL516561,4,CG0+G0,0,0,0,0
CHEMBL516563,4,CG0+G0,0,0,0,0
CHEMBL516569,4,CG0+G0,0,0,0,0
CHEMBL516572,4,CG0+G0,0,0,0,0
CHEMBL516577,4,CG0+G0,0,0,0,0
CHEMBL516578,4,CG0+G0,0,0,0,0
CHEMBL516596,4,CG0+G0,0,0,0,0
CHEMBL516614,4,CG0+G0,0,0,0,0
CHEMBL516627,4,CG0+G0,0,0,0,0
CHEMBL516629,4,CG0+G0,0,0,0,0
CHEMBL516649,4,CG0+G0,0,0,0,0
CHEMBL516665,4,CG0+G0,0,0,0,0
CHEMBL516667,4,CG0+G0,0,0,0,0
CHEMBL516669,4,CG0+G0,0,0,0,0
CHEMBL516678,4,CG0+G0,0,0,0,0
CHEMBL516684,4,CG0+G0,0,0,0,0
CHEMBL516690,4,CG0+G0,0,0,0,0
CHEMBL516694,4,CG0+G0,0,0,0,0
CHEMBL516704,4,CG0+G0,0,0,0,0
CHEMBL516705,4,CG0+G0,0,0,0,0
CHEMBL516706,4,CG0+G0,0,0,0,0
CHEMBL516712,4,CG0+G0,0,0,0,0
CHEMBL516714,4,CG0+G0,0,0,0,0
CHEMBL516718,4,CG0+G0,0,0,0,0
CHEMBL516739,4,CG0+G0,0,0,0,0
CHEMBL516756,4,CG0+G0,0,0,0,0
CHEMBL516773,4,CG0+G0,0,0,0,0
CHEMBL516780,4,CG0+G0,0,0,0,0
CHEMBL516788,4,CG0+G0,0,0,0,0
CHEMBL516791,4,CG0+G0,0,0,0,0
CHEMBL516829,4,CG0+G0,0,0,0,0
CHEMBL516834,4,CG0+G0,0,0,0,0
CHEMBL516856,4,CG0+G0,0,0,0,0
CHEMBL516857,4,CG0+G0,0,0,0,0
CHEMBL516861,4,CG0+G0,0,0,0,0
CHEMBL516867,4,CG0+G0,0,0,0,0
CHEMBL516873,4,CG0+G0,0,0,0,0
CHEMBL516875,4,CG0+G0,0,0,0,0
CHEMBL516879,4,CG0+G0,0,0,0,0
CHEMBL516880,4,CG0+G0,0,0,0,0
CHEMBL516882,4,CG0+G0,0,0,0,0
CHEMBL516898,4,CG0+G0,0,0,0,0
CHEMBL516919,4,CG0+G0,0,0,0,0
CHEMBL516928,4,CG0+G0,0,0,0,0
CHEMBL516936,4,CG0+G0,0,0,0,0
CHEMBL516957,4,CG0+G0,0,0,0,0
CHEMBL516983,4,CG0+G0,0,0,0,0
CHEMBL516985,4,CG0+G0,0,0,0,0
CHEMBL516990,4,CG0+G0,0,0,0,0
CHEMBL516995,4,CG0+G0,0,0,0,0
CHEMBL517001,4,CG0+G0,0,0,0,0
CHEMBL517036,4,CG0+G0,0,0,0,0
CHEMBL517040,4,CG0+G0,0,0,0,0
CHEMBL517043,4,CG0+G0,0,0,0,0
CHEMBL517052,4,CG0+G0,0,0,0,0
CHEMBL517060,4,CG0+G0,0,0,0,0
CHEMBL517064,4,CG0+G0,0,0,0,0
CHEMBL517066,4,CG0+G0,0,0,0,0
CHEMBL517083,4,CG0+G0,0,0,0,0
CHEMBL517126,4,CG0+G0,0,0,0,0
CHEMBL517148,4,CG0+G0,0,0,0,0
CHEMBL517150,4,CG0+G0,0,0,0,0
CHEMBL517176,4,CG0+G0,0,0,0,0
CHEMBL517183,4,CG0+G0,0,0,0,0
CHEMBL517184,4,CG0+G0,0,0,0,0
CHEMBL517186,4,CG0+G0,0,0,0,0
CHEMBL517188,4,CG0+G0,0,0,0,0
CHEMBL517193,4,CG0+G0,0,0,0,0
CHEMBL517219,4,CG0+G0,0,0,0,0
CHEMBL517220,4,CG0+G0,0,0,0,0
CHEMBL517237,4,CG0+G0,0,0,0,0
CHEMBL517241,4,CG0+G0,0,0,0,0
CHEMBL517253,4,CG0+G0,0,0,0,0
CHEMBL517271,4,CG0+G0,0,0,0,0
CHEMBL517284,4,CG0+G0,0,0,0,0
CHEMBL517291,4,CG0+G0,0,0,0,0
CHEMBL517297,4,CG0+G0,0,0,0,0
CHEMBL517302,4,CG0+G0,0,0,0,0
CHEMBL517303,4,CG0+G0,0,0,0,0
CHEMBL517308,4,CG0+G0,0,0,0,0
CHEMBL517318,4,CG0+G0,0,0,0,0
CHEMBL517319,4,CG0+G0,0,0,0,0
CHEMBL517322,4,CG0+G0,0,0,0,0
CHEMBL517325,4,CG0+G0,0,0,0,0
CHEMBL517336,4,CG0+G0,0,0,0,0
CHEMBL517337,4,CG0+G0,0,0,0,0
CHEMBL517344,4,CG0+G0,0,0,0,0
CHEMBL517363,4,CG0+G0,0,0,0,0
CHEMBL517368,4,CG0+G0,0,0,0,0
CHEMBL517375,4,CG0+G0,0,0,0,0
CHEMBL517380,4,CG0+G0,0,0,0,0
CHEMBL517394,4,CG0+G0,0,0,0,0
CHEMBL517398,4,CG0+G0,0,0,0,0
CHEMBL517446,4,CG0+G0,0,0,0,0
CHEMBL517457,4,CG0+G0,0,0,0,0
CHEMBL517459,4,CG0+G0,0,0,0,0
CHEMBL517460,4,CG0+G0,0,0,0,0
CHEMBL517471,4,CG0+G0,0,0,0,0
CHEMBL517476,4,CG0+G0,0,0,0,0
CHEMBL517478,4,CG0+G0,0,0,0,0
CHEMBL517485,4,CG0+G0,0,0,0,0
CHEMBL517503,4,CG0+G0,0,0,0,0
CHEMBL517504,4,CG0+G0,0,0,0,0
CHEMBL517508,4,CG0+G0,0,0,0,0
CHEMBL517513,4,CG0+G0,0,0,0,0
CHEMBL517525,4,CG0+G0,0,0,0,0
CHEMBL517529,4,CG0+G0,0,0,0,0
CHEMBL517536,4,CG0+G0,0,0,0,0
CHEMBL517546,4,CG0+G0,0,0,0,0
CHEMBL517586,4,CG0+G0,0,0,0,0
CHEMBL517605,4,CG0+G0,0,0,0,0
CHEMBL517613,4,CG0+G0,0,0,0,0
CHEMBL517615,4,CG0+G0,0,0,0,0
CHEMBL517617,4,CG0+G0,0,0,0,0
CHEMBL517627,4,CG0+G0,0,0,0,0
CHEMBL517629,4,CG0+G0,0,0,0,0
CHEMBL517645,4,CG0+G0,0,0,0,0
CHEMBL517654,4,CG0+G0,0,0,0,0
CHEMBL517659,4,CG0+G0,0,0,0,0
CHEMBL517670,4,CG0+G0,0,0,0,0
CHEMBL517688,4,CG0+G0,0,0,0,0
CHEMBL517694,4,CG0+G0,0,0,0,0
CHEMBL517705,4,CG0+G0,0,0,0,0
CHEMBL517713,4,CG0+G0,0,0,0,0
CHEMBL517719,4,CG0+G0,0,0,0,0
CHEMBL517737,4,CG0+G0,0,0,0,0
CHEMBL517753,4,CG0+G0,0,0,0,0
CHEMBL517758,4,CG0+G0,0,0,0,0
CHEMBL517774,4,CG0+G0,0,0,0,0
CHEMBL517775,4,CG0+G0,0,0,0,0
CHEMBL517781,4,CG0+G0,0,0,0,0
CHEMBL517786,4,CG0+G0,0,0,0,0
CHEMBL517797,4,CG0+G0,0,0,0,0
CHEMBL517799,4,CG0+G0,0,0,0,0
CHEMBL517824,4,CG0+G0,0,0,0,0
CHEMBL517828,4,CG0+G0,0,0,0,0
CHEMBL517852,4,CG0+G0,0,0,0,0
CHEMBL517853,4,CG0+G0,0,0,0,0
CHEMBL517871,4,CG0+G0,0,0,0,0
CHEMBL517894,4,CG0+G0,0,0,0,0
CHEMBL517914,4,CG0+G0,0,0,0,0
CHEMBL517917,4,CG0+G0,0,0,0,0
CHEMBL517926,4,CG0+G0,0,0,0,0
CHEMBL517931,4,CG0+G0,0,0,0,0
CHEMBL517959,4,CG0+G0,0,0,0,0
CHEMBL517984,4,CG0+G0,0,0,0,0
CHEMBL517987,4,CG0+G0,0,0,0,0
CHEMBL517990,4,CG0+G0,0,0,0,0
CHEMBL518008,4,CG0+G0,0,0,0,0
CHEMBL518009,4,CG0+G0,0,0,0,0
CHEMBL518016,4,CG0+G0,0,0,0,0
CHEMBL518054,4,CG0+G0,0,0,0,0
CHEMBL518065,4,CG0+G0,0,0,0,0
CHEMBL518068,4,CG0+G0,0,0,0,0
CHEMBL518078,4,CG0+G0,0,0,0,0
CHEMBL518086,4,CG0+G0,0,0,0,0
CHEMBL518098,4,CG0+G0,0,0,0,0
CHEMBL518104,4,CG0+G0,0,0,0,0
CHEMBL518107,4,CG0+G0,0,0,0,0
CHEMBL518108,4,CG0+G0,0,0,0,0
CHEMBL518127,4,CG0+G0,0,0,0,0
CHEMBL518136,4,CG0+G0,0,0,0,0
CHEMBL518139,4,CG0+G0,0,0,0,0
CHEMBL518145,4,CG0+G0,0,0,0,0
CHEMBL518153,4,CG0+G0,0,0,0,0
CHEMBL518172,4,CG0+G0,0,0,0,0
CHEMBL518180,4,CG0+G0,0,0,0,0
CHEMBL518181,4,CG0+G0,0,0,0,0
CHEMBL518188,4,CG0+G0,0,0,0,0
CHEMBL518194,4,CG0+G0,0,0,0,0
CHEMBL518210,4,CG0+G0,0,0,0,0
CHEMBL518212,4,CG0+G0,0,0,0,0
CHEMBL518215,4,CG0+G0,0,0,0,0
CHEMBL518220,4,CG0+G0,0,0,0,0
CHEMBL518225,4,CG0+G0,0,0,0,0
CHEMBL518239,4,CG0+G0,0,0,0,0
CHEMBL518241,4,CG0+G0,0,0,0,0
CHEMBL518246,4,CG0+G0,0,0,0,0
CHEMBL518256,4,CG0+G0,0,0,0,0
CHEMBL518259,4,CG0+G0,0,0,0,0
CHEMBL518291,4,CG0+G0,0,0,0,0
CHEMBL518321,4,CG0+G0,0,0,0,0
CHEMBL518349,4,CG0+G0,0,0,0,0
CHEMBL518369,4,CG0+G0,0,0,0,0
CHEMBL518370,4,CG0+G0,0,0,0,0
CHEMBL518372,4,CG0+G0,0,0,0,0
CHEMBL518385,4,CG0+G0,0,0,0,0
CHEMBL518400,4,CG0+G0,0,0,0,0
CHEMBL518434,4,CG0+G0,0,0,0,0
CHEMBL518437,4,CG0+G0,0,0,0,0
CHEMBL518442,4,CG0+G0,0,0,0,0
CHEMBL518456,4,CG0+G0,0,0,0,0
CHEMBL518466,4,CG0+G0,0,0,0,0
CHEMBL518469,4,CG0+G0,0,0,0,0
CHEMBL518490,4,CG0+G0,0,0,0,0
CHEMBL518501,4,CG0+G0,0,0,0,0
CHEMBL518505,4,CG0+G0,0,0,0,0
CHEMBL518523,4,CG0+G0,0,0,0,0
CHEMBL518527,4,CG0+G0,0,0,0,0
CHEMBL518541,4,CG0+G0,0,0,0,0
CHEMBL518542,4,CG0+G0,0,0,0,0
CHEMBL518547,4,CG0+G0,0,0,0,0
CHEMBL518555,4,CG0+G0,0,0,0,0
CHEMBL518563,4,CG0+G0,0,0,0,0
CHEMBL518591,4,CG0+G0,0,0,0,0
CHEMBL518599,4,CG0+G0,0,0,0,0
CHEMBL518671,4,CG0+G0,0,0,0,0
CHEMBL518685,4,CG0+G0,0,0,0,0
CHEMBL518687,4,CG0+G0,0,0,0,0
CHEMBL518700,4,CG0+G0,0,0,0,0
CHEMBL518708,4,CG0+G0,0,0,0,0
CHEMBL518710,4,CG0+G0,0,0,0,0
CHEMBL518718,4,CG0+G0,0,0,0,0
CHEMBL518724,4,CG0+G0,0,0,0,0
CHEMBL518728,4,CG0+G0,0,0,0,0
CHEMBL518762,4,CG0+G0,0,0,0,0
CHEMBL518764,4,CG0+G0,0,0,0,0
CHEMBL518765,4,CG0+G0,0,0,0,0
CHEMBL518768,4,CG0+G0,0,0,0,0
CHEMBL518829,4,CG0+G0,0,0,0,0
CHEMBL518837,4,CG0+G0,0,0,0,0
CHEMBL518838,4,CG0+G0,0,0,0,0
CHEMBL518839,4,CG0+G0,0,0,0,0
CHEMBL518848,4,CG0+G0,0,0,0,0
CHEMBL518849,4,CG0+G0,0,0,0,0
CHEMBL518855,4,CG0+G0,0,0,0,0
CHEMBL518878,4,CG0+G0,0,0,0,0
CHEMBL518883,4,CG0+G0,0,0,0,0
CHEMBL518887,4,CG0+G0,0,0,0,0
CHEMBL518892,4,CG0+G0,0,0,0,0
CHEMBL518905,4,CG0+G0,0,0,0,0
CHEMBL518922,4,CG0+G0,0,0,0,0
CHEMBL518938,4,CG0+G0,0,0,0,0
CHEMBL518940,4,CG0+G0,0,0,0,0
CHEMBL518950,4,CG0+G0,0,0,0,0
CHEMBL518984,4,CG0+G0,0,0,0,0
CHEMBL518989,4,CG0+G0,0,0,0,0
CHEMBL519005,4,CG0+G0,0,0,0,0
CHEMBL519014,4,CG0+G0,0,0,0,0
CHEMBL519044,4,CG0+G0,0,0,0,0
CHEMBL519046,4,CG0+G0,0,0,0,0
CHEMBL519092,4,CG0+G0,0,0,0,0
CHEMBL519097,4,CG0+G0,0,0,0,0
CHEMBL519100,4,CG0+G0,0,0,0,0
CHEMBL519106,4,CG0+G0,0,0,0,0
CHEMBL519114,4,CG0+G0,0,0,0,0
CHEMBL519118,4,CG0+G0,0,0,0,0
CHEMBL519119,4,CG0+G0,0,0,0,0
CHEMBL519144,4,CG0+G0,0,0,0,0
CHEMBL519149,4,CG0+G0,0,0,0,0
CHEMBL519162,4,CG0+G0,0,0,0,0
CHEMBL519165,4,CG0+G0,0,0,0,0
CHEMBL519180,4,CG0+G0,0,0,0,0
CHEMBL519204,4,CG0+G0,0,0,0,0
CHEMBL519210,4,CG0+G0,0,0,0,0
CHEMBL519216,4,CG0+G0,0,0,0,0
CHEMBL519231,4,CG0+G0,0,0,0,0
CHEMBL519232,4,CG0+G0,0,0,0,0
CHEMBL519244,4,CG0+G0,0,0,0,0
CHEMBL519251,4,CG0+G0,0,0,0,0
CHEMBL519283,4,CG0+G0,0,0,0,0
CHEMBL519284,4,CG0+G0,0,0,0,0
CHEMBL519285,4,CG0+G0,0,0,0,0
CHEMBL519291,4,CG0+G0,0,0,0,0
CHEMBL519308,4,CG0+G0,0,0,0,0
CHEMBL519317,4,CG0+G0,0,0,0,0
CHEMBL519346,4,CG0+G0,0,0,0,0
CHEMBL519352,4,CG0+G0,0,0,0,0
CHEMBL519353,4,CG0+G0,0,0,0,0
CHEMBL519354,4,CG0+G0,0,0,0,0
CHEMBL519356,4,CG0+G0,0,0,0,0
CHEMBL519377,4,CG0+G0,0,0,0,0
CHEMBL519378,4,CG0+G0,0,0,0,0
CHEMBL519381,4,CG0+G0,0,0,0,0
CHEMBL519394,4,CG0+G0,0,0,0,0
CHEMBL519465,4,CG0+G0,0,0,0,0
CHEMBL519467,4,CG0+G0,0,0,0,0
CHEMBL519486,4,CG0+G0,0,0,0,0
CHEMBL519496,4,CG0+G0,0,0,0,0
CHEMBL519497,4,CG0+G0,0,0,0,0
CHEMBL519507,4,CG0+G0,0,0,0,0
CHEMBL519515,4,CG0+G0,0,0,0,0
CHEMBL519538,4,CG0+G0,0,0,0,0
CHEMBL519559,4,CG0+G0,0,0,0,0
CHEMBL519560,4,CG0+G0,0,0,0,0
CHEMBL519573,4,CG0+G0,0,0,0,0
CHEMBL519581,4,CG0+G0,0,0,0,0
CHEMBL519593,4,CG0+G0,0,0,0,0
CHEMBL519644,4,CG0+G0,0,0,0,0
CHEMBL519660,4,CG0+G0,0,0,0,0
CHEMBL519663,4,CG0+G0,0,0,0,0
CHEMBL519675,4,CG0+G0,0,0,0,0
CHEMBL519707,4,CG0+G0,0,0,0,0
CHEMBL519718,4,CG0+G0,0,0,0,0
CHEMBL519725,4,CG0+G0,0,0,0,0
CHEMBL519749,4,CG0+G0,0,0,0,0
CHEMBL519751,4,CG0+G0,0,0,0,0
CHEMBL519755,4,CG0+G0,0,0,0,0
CHEMBL519769,4,CG0+G0,0,0,0,0
CHEMBL519778,4,CG0+G0,0,0,0,0
CHEMBL519781,4,CG0+G0,0,0,0,0
CHEMBL519782,4,CG0+G0,0,0,0,0
CHEMBL519794,4,CG0+G0,0,0,0,0
CHEMBL519805,4,CG0+G0,0,0,0,0
CHEMBL519849,4,CG0+G0,0,0,0,0
CHEMBL519866,4,CG0+G0,0,0,0,0
CHEMBL519882,4,CG0+G0,0,0,0,0
CHEMBL519883,4,CG0+G0,0,0,0,0
CHEMBL519895,4,CG0+G0,0,0,0,0
CHEMBL519906,4,CG0+G0,0,0,0,0
CHEMBL519920,4,CG0+G0,0,0,0,0
CHEMBL519923,4,CG0+G0,0,0,0,0
CHEMBL519925,4,CG0+G0,0,0,0,0
CHEMBL519929,4,CG0+G0,0,0,0,0
CHEMBL519930,4,CG0+G0,0,0,0,0
CHEMBL519932,4,CG0+G0,0,0,0,0
CHEMBL519933,4,CG0+G0,0,0,0,0
CHEMBL519958,4,CG0+G0,0,0,0,0
CHEMBL519963,4,CG0+G0,0,0,0,0
CHEMBL520000,4,CG0+G0,0,0,0,0
CHEMBL520004,4,CG0+G0,0,0,0,0
CHEMBL520014,4,CG0+G0,0,0,0,0
CHEMBL520015,4,CG0+G0,0,0,0,0
CHEMBL520026,4,CG0+G0,0,0,0,0
CHEMBL520036,4,CG0+G0,0,0,0,0
CHEMBL520040,4,CG0+G0,0,0,0,0
CHEMBL520043,4,CG0+G0,0,0,0,0
CHEMBL520047,4,CG0+G0,0,0,0,0
CHEMBL520055,4,CG0+G0,0,0,0,0
CHEMBL520075,4,CG0+G0,0,0,0,0
CHEMBL520092,4,CG0+G0,0,0,0,0
CHEMBL520114,4,CG0+G0,0,0,0,0
CHEMBL520120,4,CG0+G0,0,0,0,0
CHEMBL520126,4,CG0+G0,0,0,0,0
CHEMBL520127,4,CG0+G0,0,0,0,0
CHEMBL520151,4,CG0+G0,0,0,0,0
CHEMBL520157,4,CG0+G0,0,0,0,0
CHEMBL520169,4,CG0+G0,0,0,0,0
CHEMBL520185,4,CG0+G0,0,0,0,0
CHEMBL520208,4,CG0+G0,0,0,0,0
CHEMBL520219,4,CG0+G0,0,0,0,0
CHEMBL520223,4,CG0+G0,0,0,0,0
CHEMBL520251,4,CG0+G0,0,0,0,0
CHEMBL520264,4,CG0+G0,0,0,0,0
CHEMBL520267,4,CG0+G0,0,0,0,0
CHEMBL520271,4,CG0+G0,0,0,0,0
CHEMBL520281,4,CG0+G0,0,0,0,0
CHEMBL520315,4,CG0+G0,0,0,0,0
CHEMBL520327,4,CG0+G0,0,0,0,0
CHEMBL520338,4,CG0+G0,0,0,0,0
CHEMBL520345,4,CG0+G0,0,0,0,0
CHEMBL520363,4,CG0+G0,0,0,0,0
CHEMBL520389,4,CG0+G0,0,0,0,0
CHEMBL520405,4,CG0+G0,0,0,0,0
CHEMBL520408,4,CG0+G0,0,0,0,0
CHEMBL520431,4,CG0+G0,0,0,0,0
CHEMBL520441,4,CG0+G0,0,0,0,0
CHEMBL520448,4,CG0+G0,0,0,0,0
CHEMBL520466,4,CG0+G0,0,0,0,0
CHEMBL520522,4,CG0+G0,0,0,0,0
CHEMBL520536,4,CG0+G0,0,0,0,0
CHEMBL520559,4,CG0+G0,0,0,0,0
CHEMBL520561,4,CG0+G0,0,0,0,0
CHEMBL520567,4,CG0+G0,0,0,0,0
CHEMBL520570,4,CG0+G0,0,0,0,0
CHEMBL520576,4,CG0+G0,0,0,0,0
CHEMBL520591,4,CG0+G0,0,0,0,0
CHEMBL520619,4,CG0+G0,0,0,0,0
CHEMBL520626,4,CG0+G0,0,0,0,0
CHEMBL520635,4,CG0+G0,0,0,0,0
CHEMBL520672,4,CG0+G0,0,0,0,0
CHEMBL520681,4,CG0+G0,0,0,0,0
CHEMBL520703,4,CG0+G0,0,0,0,0
CHEMBL520707,4,CG0+G0,0,0,0,0
CHEMBL520708,4,CG0+G0,0,0,0,0
CHEMBL520711,4,CG0+G0,0,0,0,0
CHEMBL520720,4,CG0+G0,0,0,0,0
CHEMBL520721,4,CG0+G0,0,0,0,0
CHEMBL520722,4,CG0+G0,0,0,0,0
CHEMBL520774,4,CG0+G0,0,0,0,0
CHEMBL520775,4,CG0+G0,0,0,0,0
CHEMBL520777,4,CG0+G0,0,0,0,0
CHEMBL520784,4,CG0+G0,0,0,0,0
CHEMBL520805,4,CG0+G0,0,0,0,0
CHEMBL520809,4,CG0+G0,0,0,0,0
CHEMBL520829,4,CG0+G0,0,0,0,0
CHEMBL520838,4,CG0+G0,0,0,0,0
CHEMBL520846,4,CG0+G0,0,0,0,0
CHEMBL520853,4,CG0+G0,0,0,0,0
CHEMBL520862,4,CG0+G0,0,0,0,0
CHEMBL520867,4,CG0+G0,0,0,0,0
CHEMBL520880,4,CG0+G0,0,0,0,0
CHEMBL520887,4,CG0+G0,0,0,0,0
CHEMBL520889,4,CG0+G0,0,0,0,0
CHEMBL520923,4,CG0+G0,0,0,0,0
CHEMBL520924,4,CG0+G0,0,0,0,0
CHEMBL520929,4,CG0+G0,0,0,0,0
CHEMBL520930,4,CG0+G0,0,0,0,0
CHEMBL520932,4,CG0+G0,0,0,0,0
CHEMBL520939,4,CG0+G0,0,0,0,0
CHEMBL520960,4,CG0+G0,0,0,0,0
CHEMBL520982,4,CG0+G0,0,0,0,0
CHEMBL520983,4,CG0+G0,0,0,0,0
CHEMBL521031,4,CG0+G0,0,0,0,0
CHEMBL521032,4,CG0+G0,0,0,0,0
CHEMBL521035,4,CG0+G0,0,0,0,0
CHEMBL521039,4,CG0+G0,0,0,0,0
CHEMBL521047,4,CG0+G0,0,0,0,0
CHEMBL521049,4,CG0+G0,0,0,0,0
CHEMBL521060,4,CG0+G0,0,0,0,0
CHEMBL521066,4,CG0+G0,0,0,0,0
CHEMBL521077,4,CG0+G0,0,0,0,0
CHEMBL521086,4,CG0+G0,0,0,0,0
CHEMBL521088,4,CG0+G0,0,0,0,0
CHEMBL521089,4,CG0+G0,0,0,0,0
CHEMBL521100,4,CG0+G0,0,0,0,0
CHEMBL521106,4,CG0+G0,0,0,0,0
CHEMBL521107,4,CG0+G0,0,0,0,0
CHEMBL521114,4,CG0+G0,0,0,0,0
CHEMBL521126,4,CG0+G0,0,0,0,0
CHEMBL521132,4,CG0+G0,0,0,0,0
CHEMBL521141,4,CG0+G0,0,0,0,0
CHEMBL521159,4,CG0+G0,0,0,0,0
CHEMBL521160,4,CG0+G0,0,0,0,0
CHEMBL521162,4,CG0+G0,0,0,0,0
CHEMBL521177,4,CG0+G0,0,0,0,0
CHEMBL521220,4,CG0+G0,0,0,0,0
CHEMBL521231,4,CG0+G0,0,0,0,0
CHEMBL521252,4,CG0+G0,0,0,0,0
CHEMBL521263,4,CG0+G0,0,0,0,0
CHEMBL521268,4,CG0+G0,0,0,0,0
CHEMBL521316,4,CG0+G0,0,0,0,0
CHEMBL521352,4,CG0+G0,0,0,0,0
CHEMBL521362,4,CG0+G0,0,0,0,0
CHEMBL521364,4,CG0+G0,0,0,0,0
CHEMBL521367,4,CG0+G0,0,0,0,0
CHEMBL521374,4,CG0+G0,0,0,0,0
CHEMBL521377,4,CG0+G0,0,0,0,0
CHEMBL521387,4,CG0+G0,0,0,0,0
CHEMBL521402,4,CG0+G0,0,0,0,0
CHEMBL521419,4,CG0+G0,0,0,0,0
CHEMBL521423,4,CG0+G0,0,0,0,0
CHEMBL521426,4,CG0+G0,0,0,0,0
CHEMBL521429,4,CG0+G0,0,0,0,0
CHEMBL521434,4,CG0+G0,0,0,0,0
CHEMBL521446,4,CG0+G0,0,0,0,0
CHEMBL521461,4,CG0+G0,0,0,0,0
CHEMBL521466,4,CG0+G0,0,0,0,0
CHEMBL521498,4,CG0+G0,0,0,0,0
CHEMBL521560,4,CG0+G0,0,0,0,0
CHEMBL521588,4,CG0+G0,0,0,0,0
CHEMBL521597,4,CG0+G0,0,0,0,0
CHEMBL521610,4,CG0+G0,0,0,0,0
CHEMBL521613,4,CG0+G0,0,0,0,0
CHEMBL521633,4,CG0+G0,0,0,0,0
CHEMBL521644,4,CG0+G0,0,0,0,0
CHEMBL521663,4,CG0+G0,0,0,0,0
CHEMBL521683,4,CG0+G0,0,0,0,0
CHEMBL521684,4,CG0+G0,0,0,0,0
CHEMBL521691,4,CG0+G0,0,0,0,0
CHEMBL521714,4,CG0+G0,0,0,0,0
CHEMBL521756,4,CG0+G0,0,0,0,0
CHEMBL521757,4,CG0+G0,0,0,0,0
CHEMBL521760,4,CG0+G0,0,0,0,0
CHEMBL521780,4,CG0+G0,0,0,0,0
CHEMBL521805,4,CG0+G0,0,0,0,0
CHEMBL521812,4,CG0+G0,0,0,0,0
CHEMBL521831,4,CG0+G0,0,0,0,0
CHEMBL521855,4,CG0+G0,0,0,0,0
CHEMBL521896,4,CG0+G0,0,0,0,0
CHEMBL521939,4,CG0+G0,0,0,0,0
CHEMBL521960,4,CG0+G0,0,0,0,0
CHEMBL521975,4,CG0+G0,0,0,0,0
CHEMBL521996,4,CG0+G0,0,0,0,0
CHEMBL522062,4,CG0+G0,0,0,0,0
CHEMBL522071,4,CG0+G0,0,0,0,0
CHEMBL522104,4,CG0+G0,0,0,0,0
CHEMBL522107,4,CG0+G0,0,0,0,0
CHEMBL522124,4,CG0+G0,0,0,0,0
CHEMBL522140,4,CG0+G0,0,0,0,0
CHEMBL522178,4,CG0+G0,0,0,0,0
CHEMBL522193,4,CG0+G0,0,0,0,0
CHEMBL522227,4,CG0+G0,0,0,0,0
CHEMBL522249,4,CG0+G0,0,0,0,0
CHEMBL522252,4,CG0+G0,0,0,0,0
CHEMBL522264,4,CG0+G0,0,0,0,0
CHEMBL522273,4,CG0+G0,0,0,0,0
CHEMBL522276,4,CG0+G0,0,0,0,0
CHEMBL522326,4,CG0+G0,0,0,0,0
CHEMBL522335,4,CG0+G0,0,0,0,0
CHEMBL522347,4,CG0+G0,0,0,0,0
CHEMBL522349,4,CG0+G0,0,0,0,0
CHEMBL522385,4,CG0+G0,0,0,0,0
CHEMBL522408,4,CG0+G0,0,0,0,0
CHEMBL522432,4,CG0+G0,0,0,0,0
CHEMBL522459,4,CG0+G0,0,0,0,0
CHEMBL522484,4,CG0+G0,0,0,0,0
CHEMBL522514,4,CG0+G0,0,0,0,0
CHEMBL522552,4,CG0+G0,0,0,0,0
CHEMBL522558,4,CG0+G0,0,0,0,0
CHEMBL522588,4,CG0+G0,0,0,0,0
CHEMBL522604,4,CG0+G0,0,0,0,0
CHEMBL522637,4,CG0+G0,0,0,0,0
CHEMBL522660,4,CG0+G0,0,0,0,0
CHEMBL522673,4,CG0+G0,0,0,0,0
CHEMBL522683,4,CG0+G0,0,0,0,0
CHEMBL522703,4,CG0+G0,0,0,0,0
CHEMBL522715,4,CG0+G0,0,0,0,0
CHEMBL522750,4,CG0+G0,0,0,0,0
CHEMBL522755,4,CG0+G0,0,0,0,0
CHEMBL522764,4,CG0+G0,0,0,0,0
CHEMBL522765,4,CG0+G0,0,0,0,0
CHEMBL522801,4,CG0+G0,0,0,0,0
CHEMBL522876,4,CG0+G0,0,0,0,0
CHEMBL522885,4,CG0+G0,0,0,0,0
CHEMBL522901,4,CG0+G0,0,0,0,0
CHEMBL522949,4,CG0+G0,0,0,0,0
CHEMBL522962,4,CG0+G0,0,0,0,0
CHEMBL522972,4,CG0+G0,0,0,0,0
CHEMBL522973,4,CG0+G0,0,0,0,0
CHEMBL522981,4,CG0+G0,0,0,0,0
CHEMBL523006,4,CG0+G0,0,0,0,0
CHEMBL523038,4,CG0+G0,0,0,0,0
CHEMBL523103,4,CG0+G0,0,0,0,0
CHEMBL523225,4,CG0+G0,0,0,0,0
CHEMBL523234,4,CG0+G0,0,0,0,0
CHEMBL523310,4,CG0+G0,0,0,0,0
CHEMBL523377,4,CG0+G0,0,0,0,0
CHEMBL523393,4,CG0+G0,0,0,0,0
CHEMBL523429,4,CG0+G0,0,0,0,0
CHEMBL523430,4,CG0+G0,0,0,0,0
CHEMBL523450,4,CG0+G0,0,0,0,0
CHEMBL523495,4,CG0+G0,0,0,0,0
CHEMBL523520,4,CG0+G0,0,0,0,0
CHEMBL523521,4,CG0+G0,0,0,0,0
CHEMBL523592,4,CG0+G0,0,0,0,0
CHEMBL523596,4,CG0+G0,0,0,0,0
CHEMBL523620,4,CG0+G0,0,0,0,0
CHEMBL523627,4,CG0+G0,0,0,0,0
CHEMBL523647,4,CG0+G0,0,0,0,0
CHEMBL523659,4,CG0+G0,0,0,0,0
CHEMBL523662,4,CG0+G0,0,0,0,0
CHEMBL523667,4,CG0+G0,0,0,0,0
CHEMBL523722,4,CG0+G0,0,0,0,0
CHEMBL523756,4,CG0+G0,0,0,0,0
CHEMBL523783,4,CG0+G0,0,0,0,0
CHEMBL523784,4,CG0+G0,0,0,0,0
CHEMBL523785,4,CG0+G0,0,0,0,0
CHEMBL523825,4,CG0+G0,0,0,0,0
CHEMBL523832,4,CG0+G0,0,0,0,0
CHEMBL523841,4,CG0+G0,0,0,0,0
CHEMBL523879,4,CG0+G0,0,0,0,0
CHEMBL523883,4,CG0+G0,0,0,0,0
CHEMBL523887,4,CG0+G0,0,0,0,0
CHEMBL523903,4,CG0+G0,0,0,0,0
CHEMBL523927,4,CG0+G0,0,0,0,0
CHEMBL523950,4,CG0+G0,0,0,0,0
CHEMBL524171,4,CG0+G0,0,0,0,0
CHEMBL524306,4,CG0+G0,0,0,0,0
CHEMBL524308,4,CG0+G0,0,0,0,0
CHEMBL524327,4,CG0+G0,0,0,0,0
CHEMBL524350,4,CG0+G0,0,0,0,0
CHEMBL524388,4,CG0+G0,0,0,0,0
CHEMBL524465,4,CG0+G0,0,0,0,0
CHEMBL524475,4,CG0+G0,0,0,0,0
CHEMBL524481,4,CG0+G0,0,0,0,0
CHEMBL524497,4,CG0+G0,0,0,0,0
CHEMBL524607,4,CG0+G0,0,0,0,0
CHEMBL524626,4,CG0+G0,0,0,0,0
CHEMBL524650,4,CG0+G0,0,0,0,0
CHEMBL524666,4,CG0+G0,0,0,0,0
CHEMBL524689,4,CG0+G0,0,0,0,0
CHEMBL524706,4,CG0+G0,0,0,0,0
CHEMBL524738,4,CG0+G0,0,0,0,0
CHEMBL524844,4,CG0+G0,0,0,0,0
CHEMBL524845,4,CG0+G0,0,0,0,0
CHEMBL524855,4,CG0+G0,0,0,0,0
CHEMBL524883,4,CG0+G0,0,0,0,0
CHEMBL524906,4,CG0+G0,0,0,0,0
CHEMBL524961,4,CG0+G0,0,0,0,0
CHEMBL524973,4,CG0+G0,0,0,0,0
CHEMBL524996,4,CG0+G0,0,0,0,0
CHEMBL525022,4,CG0+G0,0,0,0,0
CHEMBL525024,4,CG0+G0,0,0,0,0
CHEMBL525030,4,CG0+G0,0,0,0,0
CHEMBL525046,4,CG0+G0,0,0,0,0
CHEMBL525082,4,CG0+G0,0,0,0,0
CHEMBL525171,4,CG0+G0,0,0,0,0
CHEMBL525210,4,CG0+G0,0,0,0,0
CHEMBL525261,4,CG0+G0,0,0,0,0
CHEMBL525264,4,CG0+G0,0,0,0,0
CHEMBL525301,4,CG0+G0,0,0,0,0
CHEMBL525349,4,CG0+G0,0,0,0,0
CHEMBL525414,4,CG0+G0,0,0,0,0
CHEMBL525485,4,CG0+G0,0,0,0,0
CHEMBL525525,4,CG0+G0,0,0,0,0
CHEMBL525557,4,CG0+G0,0,0,0,0
CHEMBL525578,4,CG0+G0,0,0,0,0
CHEMBL525595,4,CG0+G0,0,0,0,0
CHEMBL525601,4,CG0+G0,0,0,0,0
CHEMBL525603,4,CG0+G0,0,0,0,0
CHEMBL525609,4,CG0+G0,0,0,0,0
CHEMBL525650,4,CG0+G0,0,0,0,0
CHEMBL525787,4,CG0+G0,0,0,0,0
CHEMBL525845,4,CG0+G0,0,0,0,0
CHEMBL525853,4,CG0+G0,0,0,0,0
CHEMBL525905,4,CG0+G0,0,0,0,0
CHEMBL525931,4,CG0+G0,0,0,0,0
CHEMBL525943,4,CG0+G0,0,0,0,0
CHEMBL525964,4,CG0+G0,0,0,0,0
CHEMBL525976,4,CG0+G0,0,0,0,0
CHEMBL525977,4,CG0+G0,0,0,0,0
CHEMBL525999,4,CG0+G0,0,0,0,0
CHEMBL526059,4,CG0+G0,0,0,0,0
CHEMBL526160,4,CG0+G0,0,0,0,0
CHEMBL526162,4,CG0+G0,0,0,0,0
CHEMBL526170,4,CG0+G0,0,0,0,0
CHEMBL526174,4,CG0+G0,0,0,0,0
CHEMBL526188,4,CG0+G0,0,0,0,0
CHEMBL526316,4,CG0+G0,0,0,0,0
CHEMBL526354,4,CG0+G0,0,0,0,0
CHEMBL526359,4,CG0+G0,0,0,0,0
CHEMBL526415,4,CG0+G0,0,0,0,0
CHEMBL526481,4,CG0+G0,0,0,0,0
CHEMBL526493,4,CG0+G0,0,0,0,0
CHEMBL526498,4,CG0+G0,0,0,0,0
CHEMBL526550,4,CG0+G0,0,0,0,0
CHEMBL526570,4,CG0+G0,0,0,0,0
CHEMBL526580,4,CG0+G0,0,0,0,0
CHEMBL526653,4,CG0+G0,0,0,0,0
CHEMBL526680,4,CG0+G0,0,0,0,0
CHEMBL526704,4,CG0+G0,0,0,0,0
CHEMBL526718,4,CG0+G0,0,0,0,0
CHEMBL526732,4,CG0+G0,0,0,0,0
CHEMBL526760,4,CG0+G0,0,0,0,0
CHEMBL526843,4,CG0+G0,0,0,0,0
CHEMBL526864,4,CG0+G0,0,0,0,0
CHEMBL526900,4,CG0+G0,0,0,0,0
CHEMBL526931,4,CG0+G0,0,0,0,0
CHEMBL526983,4,CG0+G0,0,0,0,0
CHEMBL527062,4,CG0+G0,0,0,0,0
CHEMBL527105,4,CG0+G0,0,0,0,0
CHEMBL527343,4,CG0+G0,0,0,0,0
CHEMBL527373,4,CG0+G0,0,0,0,0
CHEMBL527377,4,CG0+G0,0,0,0,0
CHEMBL527394,4,CG0+G0,0,0,0,0
CHEMBL527439,4,CG0+G0,0,0,0,0
CHEMBL527466,4,CG0+G0,0,0,0,0
CHEMBL527471,4,CG0+G0,0,0,0,0
CHEMBL527542,4,CG0+G0,0,0,0,0
CHEMBL527578,4,CG0+G0,0,0,0,0
CHEMBL527698,4,CG0+G0,0,0,0,0
CHEMBL527714,4,CG0+G0,0,0,0,0
CHEMBL527893,4,CG0+G0,0,0,0,0
CHEMBL527903,4,CG0+G0,0,0,0,0
CHEMBL527910,4,CG0+G0,0,0,0,0
CHEMBL527913,4,CG0+G0,0,0,0,0
CHEMBL527914,4,CG0+G0,0,0,0,0
CHEMBL527943,4,CG0+G0,0,0,0,0
CHEMBL527944,4,CG0+G0,0,0,0,0
CHEMBL528994,4,CG0+G0,0,0,0,0
CHEMBL530059,4,CG0+G0,0,0,0,0
CHEMBL550301,4,CG0+G0,0,0,0,0
CHEMBL550770,4,CG0+G0,0,0,0,0
CHEMBL550922,4,CG0+G0,0,0,0,0
CHEMBL550927,4,CG0+G0,0,0,0,0
CHEMBL550976,4,CG0+G0,0,0,0,0
CHEMBL552082,4,CG0+G0,0,0,0,0
CHEMBL552101,4,CG0+G0,0,0,0,0
CHEMBL552123,4,CG0+G0,0,0,0,0
CHEMBL552139,4,CG0+G0,0,0,0,0
CHEMBL552191,4,CG0+G0,0,0,0,0
CHEMBL552339,4,CG0+G0,0,0,0,0
CHEMBL552345,4,CG0+G0,0,0,0,0
CHEMBL552764,4,CG0+G0,0,0,0,0
CHEMBL552993,4,CG0+G0,0,0,0,0
CHEMBL553388,4,CG0+G0,0,0,0,0
CHEMBL553625,4,CG0+G0,0,0,0,0
CHEMBL553661,4,CG0+G0,0,0,0,0
CHEMBL553662,4,CG0+G0,0,0,0,0
CHEMBL553672,4,CG0+G0,0,0,0,0
CHEMBL554028,4,CG0+G0,0,0,0,0
CHEMBL554308,4,CG0+G0,0,0,0,0
CHEMBL554312,4,CG0+G0,0,0,0,0
CHEMBL554344,4,CG0+G0,0,0,0,0
CHEMBL554560,4,CG0+G0,0,0,0,0
CHEMBL554564,4,CG0+G0,0,0,0,0
CHEMBL554622,4,CG0+G0,0,0,0,0
CHEMBL554624,4,CG0+G0,0,0,0,0
CHEMBL555142,4,CG0+G0,0,0,0,0
CHEMBL555205,4,CG0+G0,0,0,0,0
CHEMBL555224,4,CG0+G0,0,0,0,0
CHEMBL555262,4,CG0+G0,0,0,0,0
CHEMBL555431,4,CG0+G0,0,0,0,0
CHEMBL555455,4,CG0+G0,0,0,0,0
CHEMBL555516,4,CG0+G0,0,0,0,0
CHEMBL555661,4,CG0+G0,0,0,0,0
CHEMBL555663,4,CG0+G0,0,0,0,0
CHEMBL555697,4,CG0+G0,0,0,0,0
CHEMBL555740,4,CG0+G0,0,0,0,0
CHEMBL555872,4,CG0+G0,0,0,0,0
CHEMBL555874,4,CG0+G0,0,0,0,0
CHEMBL555877,4,CG0+G0,0,0,0,0
CHEMBL556064,4,CG0+G0,0,0,0,0
CHEMBL556080,4,CG0+G0,0,0,0,0
CHEMBL556087,4,CG0+G0,0,0,0,0
CHEMBL556102,4,CG0+G0,0,0,0,0
CHEMBL556155,4,CG0+G0,0,0,0,0
CHEMBL556156,4,CG0+G0,0,0,0,0
CHEMBL556318,4,CG0+G0,0,0,0,0
CHEMBL556896,4,CG0+G0,0,0,0,0
CHEMBL556900,4,CG0+G0,0,0,0,0
CHEMBL556911,4,CG0+G0,0,0,0,0
CHEMBL556948,4,CG0+G0,0,0,0,0
CHEMBL556990,4,CG0+G0,0,0,0,0
CHEMBL557011,4,CG0+G0,0,0,0,0
CHEMBL557043,4,CG0+G0,0,0,0,0
CHEMBL557101,4,CG0+G0,0,0,0,0
CHEMBL557207,4,CG0+G0,0,0,0,0
CHEMBL557212,4,CG0+G0,0,0,0,0
CHEMBL557256,4,CG0+G0,0,0,0,0
CHEMBL557260,4,CG0+G0,0,0,0,0
CHEMBL557300,4,CG0+G0,0,0,0,0
CHEMBL557309,4,CG0+G0,0,0,0,0
CHEMBL557310,4,CG0+G0,0,0,0,0
CHEMBL557318,4,CG0+G0,0,0,0,0
CHEMBL557326,4,CG0+G0,0,0,0,0
CHEMBL557332,4,CG0+G0,0,0,0,0
CHEMBL557441,4,CG0+G0,0,0,0,0
CHEMBL557444,4,CG0+G0,0,0,0,0
CHEMBL557453,4,CG0+G0,0,0,0,0
CHEMBL557454,4,CG0+G0,0,0,0,0
CHEMBL557491,4,CG0+G0,0,0,0,0
CHEMBL557495,4,CG0+G0,0,0,0,0
CHEMBL557504,4,CG0+G0,0,0,0,0
CHEMBL557508,4,CG0+G0,0,0,0,0
CHEMBL557511,4,CG0+G0,0,0,0,0
CHEMBL557513,4,CG0+G0,0,0,0,0
CHEMBL557529,4,CG0+G0,0,0,0,0
CHEMBL557551,4,CG0+G0,0,0,0,0
CHEMBL557552,4,CG0+G0,0,0,0,0
CHEMBL557559,4,CG0+G0,0,0,0,0
CHEMBL557707,4,CG0+G0,0,0,0,0
CHEMBL557744,4,CG0+G0,0,0,0,0
CHEMBL557750,4,CG0+G0,0,0,0,0
CHEMBL557766,4,CG0+G0,0,0,0,0
CHEMBL557810,4,CG0+G0,0,0,0,0
CHEMBL557826,4,CG0+G0,0,0,0,0
CHEMBL557846,4,CG0+G0,0,0,0,0
CHEMBL557849,4,CG0+G0,0,0,0,0
CHEMBL557919,4,CG0+G0,0,0,0,0
CHEMBL557922,4,CG0+G0,0,0,0,0
CHEMBL557931,4,CG0+G0,0,0,0,0
CHEMBL557948,4,CG0+G0,0,0,0,0
CHEMBL557957,4,CG0+G0,0,0,0,0
CHEMBL558006,4,CG0+G0,0,0,0,0
CHEMBL558032,4,CG0+G0,0,0,0,0
CHEMBL558046,4,CG0+G0,0,0,0,0
CHEMBL558047,4,CG0+G0,0,0,0,0
CHEMBL558049,4,CG0+G0,0,0,0,0
CHEMBL558053,4,CG0+G0,0,0,0,0
CHEMBL558078,4,CG0+G0,0,0,0,0
CHEMBL558115,4,CG0+G0,0,0,0,0
CHEMBL558129,4,CG0+G0,0,0,0,0
CHEMBL558154,4,CG0+G0,0,0,0,0
CHEMBL558158,4,CG0+G0,0,0,0,0
CHEMBL558161,4,CG0+G0,0,0,0,0
CHEMBL558241,4,CG0+G0,0,0,0,0
CHEMBL558245,4,CG0+G0,0,0,0,0
CHEMBL558251,4,CG0+G0,0,0,0,0
CHEMBL558265,4,CG0+G0,0,0,0,0
CHEMBL558273,4,CG0+G0,0,0,0,0
CHEMBL558330,4,CG0+G0,0,0,0,0
CHEMBL558355,4,CG0+G0,0,0,0,0
CHEMBL558356,4,CG0+G0,0,0,0,0
CHEMBL558358,4,CG0+G0,0,0,0,0
CHEMBL558360,4,CG0+G0,0,0,0,0
CHEMBL558403,4,CG0+G0,0,0,0,0
CHEMBL558426,4,CG0+G0,0,0,0,0
CHEMBL558465,4,CG0+G0,0,0,0,0
CHEMBL558471,4,CG0+G0,0,0,0,0
CHEMBL558487,4,CG0+G0,0,0,0,0
CHEMBL558511,4,CG0+G0,0,0,0,0
CHEMBL558538,4,CG0+G0,0,0,0,0
CHEMBL558554,4,CG0+G0,0,0,0,0
CHEMBL558626,4,CG0+G0,0,0,0,0
CHEMBL558631,4,CG0+G0,0,0,0,0
CHEMBL558632,4,CG0+G0,0,0,0,0
CHEMBL558633,4,CG0+G0,0,0,0,0
CHEMBL558634,4,CG0+G0,0,0,0,0
CHEMBL558672,4,CG0+G0,0,0,0,0
CHEMBL558679,4,CG0+G0,0,0,0,0
CHEMBL558740,4,CG0+G0,0,0,0,0
CHEMBL558755,4,CG0+G0,0,0,0,0
CHEMBL558758,4,CG0+G0,0,0,0,0
CHEMBL558829,4,CG0+G0,0,0,0,0
CHEMBL558841,4,CG0+G0,0,0,0,0
CHEMBL558844,4,CG0+G0,0,0,0,0
CHEMBL558929,4,CG0+G0,0,0,0,0
CHEMBL558935,4,CG0+G0,0,0,0,0
CHEMBL558941,4,CG0+G0,0,0,0,0
CHEMBL558949,4,CG0+G0,0,0,0,0
CHEMBL558950,4,CG0+G0,0,0,0,0
CHEMBL558991,4,CG0+G0,0,0,0,0
CHEMBL559002,4,CG0+G0,0,0,0,0
CHEMBL559025,4,CG0+G0,0,0,0,0
CHEMBL559030,4,CG0+G0,0,0,0,0
CHEMBL559043,4,CG0+G0,0,0,0,0
CHEMBL559093,4,CG0+G0,0,0,0,0
CHEMBL559142,4,CG0+G0,0,0,0,0
CHEMBL559148,4,CG0+G0,0,0,0,0
CHEMBL559150,4,CG0+G0,0,0,0,0
CHEMBL559272,4,CG0+G0,0,0,0,0
CHEMBL559296,4,CG0+G0,0,0,0,0
CHEMBL559302,4,CG0+G0,0,0,0,0
CHEMBL559333,4,CG0+G0,0,0,0,0
CHEMBL559345,4,CG0+G0,0,0,0,0
CHEMBL559354,4,CG0+G0,0,0,0,0
CHEMBL559411,4,CG0+G0,0,0,0,0
CHEMBL559412,4,CG0+G0,0,0,0,0
CHEMBL559431,4,CG0+G0,0,0,0,0
CHEMBL559444,4,CG0+G0,0,0,0,0
CHEMBL559452,4,CG0+G0,0,0,0,0
CHEMBL559469,4,CG0+G0,0,0,0,0
CHEMBL559487,4,CG0+G0,0,0,0,0
CHEMBL559569,4,CG0+G0,0,0,0,0
CHEMBL559598,4,CG0+G0,0,0,0,0
CHEMBL559599,4,CG0+G0,0,0,0,0
CHEMBL559615,4,CG0+G0,0,0,0,0
CHEMBL559625,4,CG0+G0,0,0,0,0
CHEMBL559640,4,CG0+G0,0,0,0,0
CHEMBL559665,4,CG0+G0,0,0,0,0
CHEMBL559686,4,CG0+G0,0,0,0,0
CHEMBL559732,4,CG0+G0,0,0,0,0
CHEMBL559736,4,CG0+G0,0,0,0,0
CHEMBL559751,4,CG0+G0,0,0,0,0
CHEMBL559779,4,CG0+G0,0,0,0,0
CHEMBL559785,4,CG0+G0,0,0,0,0
CHEMBL559787,4,CG0+G0,0,0,0,0
CHEMBL559796,4,CG0+G0,0,0,0,0
CHEMBL559833,4,CG0+G0,0,0,0,0
CHEMBL559846,4,CG0+G0,0,0,0,0
CHEMBL559859,4,CG0+G0,0,0,0,0
CHEMBL559860,4,CG0+G0,0,0,0,0
CHEMBL559873,4,CG0+G0,0,0,0,0
CHEMBL559881,4,CG0+G0,0,0,0,0
CHEMBL559964,4,CG0+G0,0,0,0,0
CHEMBL559967,4,CG0+G0,0,0,0,0
CHEMBL560001,4,CG0+G0,0,0,0,0
CHEMBL560011,4,CG0+G0,0,0,0,0
CHEMBL560028,4,CG0+G0,0,0,0,0
CHEMBL560061,4,CG0+G0,0,0,0,0
CHEMBL560064,4,CG0+G0,0,0,0,0
CHEMBL560066,4,CG0+G0,0,0,0,0
CHEMBL560069,4,CG0+G0,0,0,0,0
CHEMBL560075,4,CG0+G0,0,0,0,0
CHEMBL560080,4,CG0+G0,0,0,0,0
CHEMBL560149,4,CG0+G0,0,0,0,0
CHEMBL560151,4,CG0+G0,0,0,0,0
CHEMBL560157,4,CG0+G0,0,0,0,0
CHEMBL560159,4,CG0+G0,0,0,0,0
CHEMBL560162,4,CG0+G0,0,0,0,0
CHEMBL560163,4,CG0+G0,0,0,0,0
CHEMBL560225,4,CG0+G0,0,0,0,0
CHEMBL560245,4,CG0+G0,0,0,0,0
CHEMBL560255,4,CG0+G0,0,0,0,0
CHEMBL560354,4,CG0+G0,0,0,0,0
CHEMBL560423,4,CG0+G0,0,0,0,0
CHEMBL560429,4,CG0+G0,0,0,0,0
CHEMBL560446,4,CG0+G0,0,0,0,0
CHEMBL560517,4,CG0+G0,0,0,0,0
CHEMBL560528,4,CG0+G0,0,0,0,0
CHEMBL560563,4,CG0+G0,0,0,0,0
CHEMBL560565,4,CG0+G0,0,0,0,0
CHEMBL560596,4,CG0+G0,0,0,0,0
CHEMBL560655,4,CG0+G0,0,0,0,0
CHEMBL560714,4,CG0+G0,0,0,0,0
CHEMBL560718,4,CG0+G0,0,0,0,0
CHEMBL560737,4,CG0+G0,0,0,0,0
CHEMBL560764,4,CG0+G0,0,0,0,0
CHEMBL560784,4,CG0+G0,0,0,0,0
CHEMBL560790,4,CG0+G0,0,0,0,0
CHEMBL560824,4,CG0+G0,0,0,0,0
CHEMBL560864,4,CG0+G0,0,0,0,0
CHEMBL560894,4,CG0+G0,0,0,0,0
CHEMBL560924,4,CG0+G0,0,0,0,0
CHEMBL560975,4,CG0+G0,0,0,0,0
CHEMBL561070,4,CG0+G0,0,0,0,0
CHEMBL561084,4,CG0+G0,0,0,0,0
CHEMBL561143,4,CG0+G0,0,0,0,0
CHEMBL561183,4,CG0+G0,0,0,0,0
CHEMBL561201,4,CG0+G0,0,0,0,0
CHEMBL561203,4,CG0+G0,0,0,0,0
CHEMBL561217,4,CG0+G0,0,0,0,0
CHEMBL561222,4,CG0+G0,0,0,0,0
CHEMBL561257,4,CG0+G0,0,0,0,0
CHEMBL561334,4,CG0+G0,0,0,0,0
CHEMBL561419,4,CG0+G0,0,0,0,0
CHEMBL561436,4,CG0+G0,0,0,0,0
CHEMBL561460,4,CG0+G0,0,0,0,0
CHEMBL561464,4,CG0+G0,0,0,0,0
CHEMBL561469,4,CG0+G0,0,0,0,0
CHEMBL561516,4,CG0+G0,0,0,0,0
CHEMBL561517,4,CG0+G0,0,0,0,0
CHEMBL561518,4,CG0+G0,0,0,0,0
CHEMBL561532,4,CG0+G0,0,0,0,0
CHEMBL561543,4,CG0+G0,0,0,0,0
CHEMBL561549,4,CG0+G0,0,0,0,0
CHEMBL561575,4,CG0+G0,0,0,0,0
CHEMBL561647,4,CG0+G0,0,0,0,0
CHEMBL561687,4,CG0+G0,0,0,0,0
CHEMBL561700,4,CG0+G0,0,0,0,0
CHEMBL561749,4,CG0+G0,0,0,0,0
CHEMBL561769,4,CG0+G0,0,0,0,0
CHEMBL561830,4,CG0+G0,0,0,0,0
CHEMBL561863,4,CG0+G0,0,0,0,0
CHEMBL561866,4,CG0+G0,0,0,0,0
CHEMBL561887,4,CG0+G0,0,0,0,0
CHEMBL561898,4,CG0+G0,0,0,0,0
CHEMBL561933,4,CG0+G0,0,0,0,0
CHEMBL561949,4,CG0+G0,0,0,0,0
CHEMBL561981,4,CG0+G0,0,0,0,0
CHEMBL562002,4,CG0+G0,0,0,0,0
CHEMBL562024,4,CG0+G0,0,0,0,0
CHEMBL562065,4,CG0+G0,0,0,0,0
CHEMBL562137,4,CG0+G0,0,0,0,0
CHEMBL562156,4,CG0+G0,0,0,0,0
CHEMBL562187,4,CG0+G0,0,0,0,0
CHEMBL562194,4,CG0+G0,0,0,0,0
CHEMBL562195,4,CG0+G0,0,0,0,0
CHEMBL562237,4,CG0+G0,0,0,0,0
CHEMBL562290,4,CG0+G0,0,0,0,0
CHEMBL562299,4,CG0+G0,0,0,0,0
CHEMBL562316,4,CG0+G0,0,0,0,0
CHEMBL562328,4,CG0+G0,0,0,0,0
CHEMBL562346,4,CG0+G0,0,0,0,0
CHEMBL562453,4,CG0+G0,0,0,0,0
CHEMBL562464,4,CG0+G0,0,0,0,0
CHEMBL562487,4,CG0+G0,0,0,0,0
CHEMBL562505,4,CG0+G0,0,0,0,0
CHEMBL562520,4,CG0+G0,0,0,0,0
CHEMBL562534,4,CG0+G0,0,0,0,0
CHEMBL562541,4,CG0+G0,0,0,0,0
CHEMBL562554,4,CG0+G0,0,0,0,0
CHEMBL562555,4,CG0+G0,0,0,0,0
CHEMBL562568,4,CG0+G0,0,0,0,0
CHEMBL562606,4,CG0+G0,0,0,0,0
CHEMBL562615,4,CG0+G0,0,0,0,0
CHEMBL562644,4,CG0+G0,0,0,0,0
CHEMBL562665,4,CG0+G0,0,0,0,0
CHEMBL562676,4,CG0+G0,0,0,0,0
CHEMBL562683,4,CG0+G0,0,0,0,0
CHEMBL562684,4,CG0+G0,0,0,0,0
CHEMBL562703,4,CG0+G0,0,0,0,0
CHEMBL562705,4,CG0+G0,0,0,0,0
CHEMBL562708,4,CG0+G0,0,0,0,0
CHEMBL562721,4,CG0+G0,0,0,0,0
CHEMBL562723,4,CG0+G0,0,0,0,0
CHEMBL562740,4,CG0+G0,0,0,0,0
CHEMBL562743,4,CG0+G0,0,0,0,0
CHEMBL562754,4,CG0+G0,0,0,0,0
CHEMBL562755,4,CG0+G0,0,0,0,0
CHEMBL562758,4,CG0+G0,0,0,0,0
CHEMBL562770,4,CG0+G0,0,0,0,0
CHEMBL562771,4,CG0+G0,0,0,0,0
CHEMBL562773,4,CG0+G0,0,0,0,0
CHEMBL562774,4,CG0+G0,0,0,0,0
CHEMBL562775,4,CG0+G0,0,0,0,0
CHEMBL562784,4,CG0+G0,0,0,0,0
CHEMBL562793,4,CG0+G0,0,0,0,0
CHEMBL562804,4,CG0+G0,0,0,0,0
CHEMBL562816,4,CG0+G0,0,0,0,0
CHEMBL562866,4,CG0+G0,0,0,0,0
CHEMBL562903,4,CG0+G0,0,0,0,0
CHEMBL562926,4,CG0+G0,0,0,0,0
CHEMBL562938,4,CG0+G0,0,0,0,0
CHEMBL562943,4,CG0+G0,0,0,0,0
CHEMBL562952,4,CG0+G0,0,0,0,0
CHEMBL562957,4,CG0+G0,0,0,0,0
CHEMBL562961,4,CG0+G0,0,0,0,0
CHEMBL562995,4,CG0+G0,0,0,0,0
CHEMBL563062,4,CG0+G0,0,0,0,0
CHEMBL563072,4,CG0+G0,0,0,0,0
CHEMBL563080,4,CG0+G0,0,0,0,0
CHEMBL563104,4,CG0+G0,0,0,0,0
CHEMBL563105,4,CG0+G0,0,0,0,0
CHEMBL563114,4,CG0+G0,0,0,0,0
CHEMBL563115,4,CG0+G0,0,0,0,0
CHEMBL563124,4,CG0+G0,0,0,0,0
CHEMBL563204,4,CG0+G0,0,0,0,0
CHEMBL563213,4,CG0+G0,0,0,0,0
CHEMBL563257,4,CG0+G0,0,0,0,0
CHEMBL563262,4,CG0+G0,0,0,0,0
CHEMBL563271,4,CG0+G0,0,0,0,0
CHEMBL563287,4,CG0+G0,0,0,0,0
CHEMBL563295,4,CG0+G0,0,0,0,0
CHEMBL563307,4,CG0+G0,0,0,0,0
CHEMBL563308,4,CG0+G0,0,0,0,0
CHEMBL563309,4,CG0+G0,0,0,0,0
CHEMBL563310,4,CG0+G0,0,0,0,0
CHEMBL563330,4,CG0+G0,0,0,0,0
CHEMBL563336,4,CG0+G0,0,0,0,0
CHEMBL563374,4,CG0+G0,0,0,0,0
CHEMBL563386,4,CG0+G0,0,0,0,0
CHEMBL563388,4,CG0+G0,0,0,0,0
CHEMBL563396,4,CG0+G0,0,0,0,0
CHEMBL563419,4,CG0+G0,0,0,0,0
CHEMBL563462,4,CG0+G0,0,0,0,0
CHEMBL563491,4,CG0+G0,0,0,0,0
CHEMBL563501,4,CG0+G0,0,0,0,0
CHEMBL563519,4,CG0+G0,0,0,0,0
CHEMBL563531,4,CG0+G0,0,0,0,0
CHEMBL563540,4,CG0+G0,0,0,0,0
CHEMBL563544,4,CG0+G0,0,0,0,0
CHEMBL563550,4,CG0+G0,0,0,0,0
CHEMBL563555,4,CG0+G0,0,0,0,0
CHEMBL563571,4,CG0+G0,0,0,0,0
CHEMBL563588,4,CG0+G0,0,0,0,0
CHEMBL563601,4,CG0+G0,0,0,0,0
CHEMBL563603,4,CG0+G0,0,0,0,0
CHEMBL563622,4,CG0+G0,0,0,0,0
CHEMBL563647,4,CG0+G0,0,0,0,0
CHEMBL563672,4,CG0+G0,0,0,0,0
CHEMBL563701,4,CG0+G0,0,0,0,0
CHEMBL563705,4,CG0+G0,0,0,0,0
CHEMBL563729,4,CG0+G0,0,0,0,0
CHEMBL563752,4,CG0+G0,0,0,0,0
CHEMBL563766,4,CG0+G0,0,0,0,0
CHEMBL563767,4,CG0+G0,0,0,0,0
CHEMBL563768,4,CG0+G0,0,0,0,0
CHEMBL563769,4,CG0+G0,0,0,0,0
CHEMBL563774,4,CG0+G0,0,0,0,0
CHEMBL563822,4,CG0+G0,0,0,0,0
CHEMBL563838,4,CG0+G0,0,0,0,0
CHEMBL563848,4,CG0+G0,0,0,0,0
CHEMBL563853,4,CG0+G0,0,0,0,0
CHEMBL563859,4,CG0+G0,0,0,0,0
CHEMBL563881,4,CG0+G0,0,0,0,0
CHEMBL563885,4,CG0+G0,0,0,0,0
CHEMBL563893,4,CG0+G0,0,0,0,0
CHEMBL563902,4,CG0+G0,0,0,0,0
CHEMBL563939,4,CG0+G0,0,0,0,0
CHEMBL563955,4,CG0+G0,0,0,0,0
CHEMBL563959,4,CG0+G0,0,0,0,0
CHEMBL563967,4,CG0+G0,0,0,0,0
CHEMBL563994,4,CG0+G0,0,0,0,0
CHEMBL564010,4,CG0+G0,0,0,0,0
CHEMBL564013,4,CG0+G0,0,0,0,0
CHEMBL564027,4,CG0+G0,0,0,0,0
CHEMBL564048,4,CG0+G0,0,0,0,0
CHEMBL564076,4,CG0+G0,0,0,0,0
CHEMBL564146,4,CG0+G0,0,0,0,0
CHEMBL564148,4,CG0+G0,0,0,0,0
CHEMBL564151,4,CG0+G0,0,0,0,0
CHEMBL564155,4,CG0+G0,0,0,0,0
CHEMBL564156,4,CG0+G0,0,0,0,0
CHEMBL564175,4,CG0+G0,0,0,0,0
CHEMBL564180,4,CG0+G0,0,0,0,0
CHEMBL564182,4,CG0+G0,0,0,0,0
CHEMBL564215,4,CG0+G0,0,0,0,0
CHEMBL564221,4,CG0+G0,0,0,0,0
CHEMBL564234,4,CG0+G0,0,0,0,0
CHEMBL564254,4,CG0+G0,0,0,0,0
CHEMBL564278,4,CG0+G0,0,0,0,0
CHEMBL564301,4,CG0+G0,0,0,0,0
CHEMBL564308,4,CG0+G0,0,0,0,0
CHEMBL564309,4,CG0+G0,0,0,0,0
CHEMBL564310,4,CG0+G0,0,0,0,0
CHEMBL564329,4,CG0+G0,0,0,0,0
CHEMBL564342,4,CG0+G0,0,0,0,0
CHEMBL564365,4,CG0+G0,0,0,0,0
CHEMBL564422,4,CG0+G0,0,0,0,0
CHEMBL564434,4,CG0+G0,0,0,0,0
CHEMBL564443,4,CG0+G0,0,0,0,0
CHEMBL564466,4,CG0+G0,0,0,0,0
CHEMBL564467,4,CG0+G0,0,0,0,0
CHEMBL564505,4,CG0+G0,0,0,0,0
CHEMBL564585,4,CG0+G0,0,0,0,0
CHEMBL564587,4,CG0+G0,0,0,0,0
CHEMBL564595,4,CG0+G0,0,0,0,0
CHEMBL564597,4,CG0+G0,0,0,0,0
CHEMBL564698,4,CG0+G0,0,0,0,0
CHEMBL564700,4,CG0+G0,0,0,0,0
CHEMBL564712,4,CG0+G0,0,0,0,0
CHEMBL564737,4,CG0+G0,0,0,0,0
CHEMBL564754,4,CG0+G0,0,0,0,0
CHEMBL564755,4,CG0+G0,0,0,0,0
CHEMBL564790,4,CG0+G0,0,0,0,0
CHEMBL564808,4,CG0+G0,0,0,0,0
CHEMBL564816,4,CG0+G0,0,0,0,0
CHEMBL564821,4,CG0+G0,0,0,0,0
CHEMBL564825,4,CG0+G0,0,0,0,0
CHEMBL564832,4,CG0+G0,0,0,0,0
CHEMBL564843,4,CG0+G0,0,0,0,0
CHEMBL564848,4,CG0+G0,0,0,0,0
CHEMBL564868,4,CG0+G0,0,0,0,0
CHEMBL564894,4,CG0+G0,0,0,0,0
CHEMBL564899,4,CG0+G0,0,0,0,0
CHEMBL564900,4,CG0+G0,0,0,0,0
CHEMBL564905,4,CG0+G0,0,0,0,0
CHEMBL564932,4,CG0+G0,0,0,0,0
CHEMBL564940,4,CG0+G0,0,0,0,0
CHEMBL564976,4,CG0+G0,0,0,0,0
CHEMBL564991,4,CG0+G0,0,0,0,0
CHEMBL565000,4,CG0+G0,0,0,0,0
CHEMBL565013,4,CG0+G0,0,0,0,0
CHEMBL565018,4,CG0+G0,0,0,0,0
CHEMBL565025,4,CG0+G0,0,0,0,0
CHEMBL565034,4,CG0+G0,0,0,0,0
CHEMBL565044,4,CG0+G0,0,0,0,0
CHEMBL565049,4,CG0+G0,0,0,0,0
CHEMBL565075,4,CG0+G0,0,0,0,0
CHEMBL565082,4,CG0+G0,0,0,0,0
CHEMBL565149,4,CG0+G0,0,0,0,0
CHEMBL565158,4,CG0+G0,0,0,0,0
CHEMBL565201,4,CG0+G0,0,0,0,0
CHEMBL565289,4,CG0+G0,0,0,0,0
CHEMBL565318,4,CG0+G0,0,0,0,0
CHEMBL565319,4,CG0+G0,0,0,0,0
CHEMBL565326,4,CG0+G0,0,0,0,0
CHEMBL565347,4,CG0+G0,0,0,0,0
CHEMBL565348,4,CG0+G0,0,0,0,0
CHEMBL565383,4,CG0+G0,0,0,0,0
CHEMBL565445,4,CG0+G0,0,0,0,0
CHEMBL565512,4,CG0+G0,0,0,0,0
CHEMBL565514,4,CG0+G0,0,0,0,0
CHEMBL565547,4,CG0+G0,0,0,0,0
CHEMBL565569,4,CG0+G0,0,0,0,0
CHEMBL565575,4,CG0+G0,0,0,0,0
CHEMBL565588,4,CG0+G0,0,0,0,0
CHEMBL565589,4,CG0+G0,0,0,0,0
CHEMBL565647,4,CG0+G0,0,0,0,0
CHEMBL565663,4,CG0+G0,0,0,0,0
CHEMBL565664,4,CG0+G0,0,0,0,0
CHEMBL565671,4,CG0+G0,0,0,0,0
CHEMBL565698,4,CG0+G0,0,0,0,0
CHEMBL565708,4,CG0+G0,0,0,0,0
CHEMBL565728,4,CG0+G0,0,0,0,0
CHEMBL565729,4,CG0+G0,0,0,0,0
CHEMBL565752,4,CG0+G0,0,0,0,0
CHEMBL565757,4,CG0+G0,0,0,0,0
CHEMBL565773,4,CG0+G0,0,0,0,0
CHEMBL565788,4,CG0+G0,0,0,0,0
CHEMBL565880,4,CG0+G0,0,0,0,0
CHEMBL565909,4,CG0+G0,0,0,0,0
CHEMBL565914,4,CG0+G0,0,0,0,0
CHEMBL565946,4,CG0+G0,0,0,0,0
CHEMBL565966,4,CG0+G0,0,0,0,0
CHEMBL565967,4,CG0+G0,0,0,0,0
CHEMBL565981,4,CG0+G0,0,0,0,0
CHEMBL566028,4,CG0+G0,0,0,0,0
CHEMBL566064,4,CG0+G0,0,0,0,0
CHEMBL566098,4,CG0+G0,0,0,0,0
CHEMBL566210,4,CG0+G0,0,0,0,0
CHEMBL566251,4,CG0+G0,0,0,0,0
CHEMBL566298,4,CG0+G0,0,0,0,0
CHEMBL566312,4,CG0+G0,0,0,0,0
CHEMBL566386,4,CG0+G0,0,0,0,0
CHEMBL566443,4,CG0+G0,0,0,0,0
CHEMBL566451,4,CG0+G0,0,0,0,0
CHEMBL566510,4,CG0+G0,0,0,0,0
CHEMBL566534,4,CG0+G0,0,0,0,0
CHEMBL567048,4,CG0+G0,0,0,0,0
CHEMBL567211,4,CG0+G0,0,0,0,0
CHEMBL567377,4,CG0+G0,0,0,0,0
CHEMBL568005,4,CG0+G0,0,0,0,0
CHEMBL568246,4,CG0+G0,0,0,0,0
CHEMBL569489,4,CG0+G0,0,0,0,0
CHEMBL595069,4,CG0+G0,0,0,0,0
CHEMBL595246,4,CG0+G0,0,0,0,0
CHLORDIAZEPOXIDE,4,CG0+G0,0,0,0,0
CLARITHROMYCIN,4,CG0+G0,0,0,0,0
CLOBAZAM,4,CG0+G0,0,0,0,0
CLOMIPRAMINE,4,CG0+G0,0,0,0,0
CLONAZEPAM,4,CG0+G0,0,0,0,0
CLORAZEPIC ACID,4,CG0+G0,0,0,0,0
CLOTIAZEPAM,4,CG0+G0,0,0,0,0
COLCHICINE,4,CG0+G0,0,0,0,0
CONIVAPTAN,4,CG0+G0,0,0,0,0
DALFOPRISTIN,4,CG0+G0,0,0,0,0
DESIPRAMINE,4,CG0+G0,0,0,0,0
DESLORATADINE,4,CG0+G0,0,0,0,0
DIAZEPAM,4,CG0+G0,0,0,0,0
DILTIAZEM,4,CG0+G0,0,0,0,0
DIRITHROMYCIN,4,CG0+G0,0,0,0,0
DOCETAXEL ANHYDROUS,4,CG0+G0,0,0,0,0
EMEDASTINE,4,CG0+G0,0,0,0,0
ERIBULIN,4,CG0+G0,0,0,0,0
ERYTHROMYCIN ETHYLSUCCINATE,4,CG0+G0,0,0,0,0
ERYTHROMYCIN PROPIONATE,4,CG0+G0,0,0,0,0
ERYTHROMYCIN,4,CG0+G0,0,0,0,0
ESLICARBAZEPINE ACETATE,4,CG0+G0,0,0,0,0
ESLICARBAZEPINE,4,CG0+G0,0,0,0,0
EVEROLIMUS,4,CG0+G0,0,0,0,0
FENOLDOPAM,4,CG0+G0,0,0,0,0
FIDAXOMICIN,4,CG0+G0,0,0,0,0
FLUNITRAZEPAM,4,CG0+G0,0,0,0,0
FLURAZEPAM,4,CG0+G0,0,0,0,0
GALANTAMINE,4,CG0+G0,0,0,0,0
GLECAPREVIR,4,CG0+G0,0,0,0,0
GRAZOPREVIR ANHYDROUS,4,CG0+G0,0,0,0,0
GUANETHIDINE,4,CG0+G0,0,0,0,0
HALAZEPAM,4,CG0+G0,0,0,0,0
HEPTABARBITAL,4,CG0+G0,0,0,0,0
IMIPRAMINE,4,CG0+G0,0,0,0,0
INAVOLISIB,4,CG0+G0,0,0,0,0
INGENOL MEBUTATE,4,CG0+G0,0,0,0,0
IPRINDOLE,4,CG0+G0,0,0,0,0
IVABRADINE,4,CG0+G0,0,0,0,0
IXABEPILONE,4,CG0+G0,0,0,0,0
KETAZOLAM,4,CG0+G0,0,0,0,0
KETOTIFEN,4,CG0+G0,0,0,0,0
LEFAMULIN,4,CG0+G0,0,0,0,0
LOFEPRAMINE,4,CG0+G0,0,0,0,0
LONAFARNIB,4,CG0+G0,0,0,0,0
LORATADINE,4,CG0+G0,0,0,0,0
LORAZEPAM,4,CG0+G0,0,0,0,0
LORCASERIN,4,CG0+G0,0,0,0,0
LORMETAZEPAM,4,CG0+G0,0,0,0,0
LURBINECTEDIN,4,CG0+G0,0,0,0,0
MARALIXIBAT,4,CG0+G0,0,0,0,0
MEDAZEPAM,4,CG0+G0,0,0,0,0
MEPTAZINOL,4,CG0+G0,0,0,0,0
METOCURINE,4,CG0+G0,0,0,0,0
MICAFUNGIN,4,CG0+G0,0,0,0,0
MOXIDECTIN,4,CG0+G0,0,0,0,0
MOZAVAPTAN,4,CG0+G0,0,0,0,0
NATAMYCIN,4,CG0+G0,0,0,0,0
NEFOPAM,4,CG0+G0,0,0,0,0
NITRAZEPAM,4,CG0+G0,0,0,0,0
NORTRIPTYLINE,4,CG0+G0,0,0,0,0
ODEVIXIBAT,4,CG0+G0,0,0,0,0
OMACETAXINE MEPESUCCINATE,4,CG0+G0,0,0,0,0
OXAZEPAM,4,CG0+G0,0,0,0,0
OXCARBAZEPINE,4,CG0+G0,0,0,0,0
PACLITAXEL,4,CG0+G0,0,0,0,0
PACRITINIB,4,CG0+G0,0,0,0,0
PARITAPREVIR,4,CG0+G0,0,0,0,0
PENTOSTATIN,4,CG0+G0,0,0,0,0
PIMECROLIMUS,4,CG0+G0,0,0,0,0
PLERIXAFOR,4,CG0+G0,0,0,0,0
PLITIDEPSIN,4,CG0+G0,0,0,0,0
PRAZEPAM,4,CG0+G0,0,0,0,0
QUAZEPAM,4,CG0+G0,0,0,0,0
QUINUPRISTIN,4,CG0+G0,0,0,0,0
Rapamycin,4,CG0+G0,0,0,0,0
REPOTRECTINIB,4,CG0+G0,0,0,0,0
REZAFUNGIN,4,CG0+G0,0,0,0,0
RIFABUTIN,4,CG0+G0,0,0,0,0
RIFAMPIN,4,CG0+G0,0,0,0,0
RIFAMYCIN,4,CG0+G0,0,0,0,0
RIFAXIMIN,4,CG0+G0,0,0,0,0
RIMEGEPANT,4,CG0+G0,0,0,0,0
RUCAPARIB,4,CG0+G0,0,0,0,0
RUPATADINE,4,CG0+G0,0,0,0,0
SIMEPREVIR,4,CG0+G0,0,0,0,0
SIROLIMUS,4,CG0+G0,0,0,0,0
SUVOREXANT,4,CG0+G0,0,0,0,0
TELITHROMYCIN,4,CG0+G0,0,0,0,0
TEMAZEPAM,4,CG0+G0,0,0,0,0
TEMSIROLIMUS,4,CG0+G0,0,0,0,0
TETRAZEPAM,4,CG0+G0,0,0,0,0
TOLAZAMIDE,4,CG0+G0,0,0,0,0
TOLVAPTAN,4,CG0+G0,0,0,0,0
TRABECTEDIN,4,CG0+G0,0,0,0,0
TRIMIPRAMINE,4,CG0+G0,0,0,0,0
TROLEANDOMYCIN,4,CG0+G0,0,0,0,0
TUBOCURARINE,4,CG0+G0,0,0,0,0
VANCOMYCIN,4,CG0+G0,0,0,0,0
VANZACAFTOR,4,CG0+G0,0,0,0,0
VINBLASTINE,4,CG0+G0,0,0,0,0
VINCRISTINE,4,CG0+G0,0,0,0,0
VINDESINE,4,CG0+G0,0,0,0,0
VINFLUNINE,4,CG0+G0,0,0,0,0
VINORELBINE,4,CG0+G0,0,0,0,0
VOXILAPREVIR,4,CG0+G0,0,0,0,0
