ligando,reparado,atomos_smiles,atomos_preparado,motivo
ALCAFTADINE,1,23,23,ya estaba
AMDINOCILLIN PIVOXIL,1,30,30,ya estaba
AMDINOCILLIN,1,22,22,ya estaba
AMINEPTINE,1,25,25,ya estaba
AMITRIPTYLINE,1,21,21,ya estaba
ANIDULAFUNGIN,1,82,82,ya estaba
ARTENIMOL,1,20,20,ya estaba
ARTESUNATE,1,27,27,ya estaba
AZATADINE,1,22,22,ya estaba
AZELASTINE,1,27,27,ya estaba
AZITHROMYCIN,1,52,52,ya estaba
BAZEDOXIFENE,1,35,35,ya estaba
BENAZEPRIL,1,31,31,ya estaba
BENZGALANTAMINE,1,29,29,ya estaba
BESIFLOXACIN,1,27,27,ya estaba
BLONANSERIN,1,27,27,ya estaba
BROMAZEPAM,1,19,19,ya estaba
BUTRIPTYLINE,1,22,22,ya estaba
CABAZITAXEL,1,60,60,ya estaba
CASPOFUNGIN,1,77,77,ya estaba
CHEMBL1076399,1,92,92,ya estaba
CHEMBL1076737,1,64,64,ya estaba
CHEMBL1205635,1,29,29,ya estaba
CHEMBL1206253,1,68,68,ya estaba
CHEMBL1206329,1,32,32,ya estaba
CHEMBL1206340,1,66,66,ya estaba
CHEMBL1206355,1,81,81,ya estaba
CHEMBL1206482,1,31,31,ya estaba
CHEMBL1206570,1,23,23,ya estaba
CHEMBL1206619,1,21,21,ya estaba
CHEMBL1206625,1,23,23,ya estaba
CHEMBL1206641,1,23,23,ya estaba
CHEMBL1206645,1,55,55,ya estaba
CHEMBL1206687,1,32,32,ya estaba
CHEMBL1206688,1,32,32,ya estaba
CHEMBL1206694,1,31,31,ya estaba
CHEMBL1206700,1,33,33,ya estaba
CHEMBL1206702,1,32,32,ya estaba
CHEMBL1206726,1,50,50,ya estaba
CHEMBL1206729,1,30,30,ya estaba
CHEMBL1206782,1,23,23,ya estaba
CHEMBL1206793,1,50,50,ya estaba
CHEMBL1206871,1,37,37,ya estaba
CHEMBL1206940,1,15,15,ya estaba
CHEMBL1206946,1,21,21,ya estaba
CHEMBL1206947,1,37,37,ya estaba
CHEMBL1207007,1,32,32,ya estaba
CHEMBL1207215,1,48,48,ya estaba
CHEMBL1207285,1,70,70,ya estaba
CHEMBL1207297,1,39,39,ya estaba
CHEMBL1207357,1,81,81,ya estaba
CHEMBL1207498,1,104,104,ya estaba
CHEMBL1207689,1,31,31,ya estaba
CHEMBL1207702,1,35,35,ya estaba
CHEMBL1207705,1,23,23,ya estaba
CHEMBL1207752,1,70,70,ya estaba
CHEMBL1207779,1,75,75,ya estaba
CHEMBL1207834,1,50,50,ya estaba
CHEMBL1207905,1,48,48,ya estaba
CHEMBL1207961,1,54,54,ya estaba
CHEMBL1208056,1,32,32,ya estaba
CHEMBL1208222,1,47,47,ya estaba
CHEMBL1208622,1,33,33,ya estaba
CHEMBL1208628,1,31,31,ya estaba
CHEMBL1210704,1,31,31,ya estaba
CHEMBL1210705,1,30,30,ya estaba
CHEMBL1210706,1,30,30,ya estaba
CHEMBL1242326,1,25,25,ya estaba
CHEMBL1242327,1,21,21,ya estaba
CHEMBL1242374,1,36,36,ya estaba
CHEMBL1242418,1,21,21,ya estaba
CHEMBL1242465,1,27,27,ya estaba
CHEMBL1242467,1,38,38,ya estaba
CHEMBL1242564,1,39,39,ya estaba
CHEMBL1242632,1,35,35,ya estaba
CHEMBL1242633,1,35,35,ya estaba
CHEMBL1242646,1,42,42,ya estaba
CHEMBL1242650,1,27,27,ya estaba
CHEMBL1242654,1,39,39,ya estaba
CHEMBL1242745,1,38,38,ya estaba
CHEMBL1242750,1,25,25,ya estaba
CHEMBL1242841,1,35,35,ya estaba
CHEMBL1242929,1,37,37,ya estaba
CHEMBL1242934,1,27,27,ya estaba
CHEMBL1242935,1,42,42,ya estaba
CHEMBL1242955,1,37,37,ya estaba
CHEMBL1242956,1,31,31,ya estaba
CHEMBL1242963,1,42,42,ya estaba
CHEMBL1242982,1,32,32,ya estaba
CHEMBL1242983,1,35,35,ya estaba
CHEMBL1242989,1,39,39,ya estaba
CHEMBL1242990,1,42,42,ya estaba
CHEMBL1243014,1,34,34,ya estaba
CHEMBL1243022,1,27,27,ya estaba
CHEMBL1243029,1,32,32,ya estaba
CHEMBL1243030,1,34,34,ya estaba
CHEMBL1243047,1,37,37,ya estaba
CHEMBL1243062,1,34,34,ya estaba
CHEMBL1243063,1,32,32,ya estaba
CHEMBL1243079,1,38,38,ya estaba
CHEMBL1243080,1,31,31,ya estaba
CHEMBL1243114,1,36,36,ya estaba
CHEMBL1243115,1,31,31,ya estaba
CHEMBL1243123,1,35,35,ya estaba
CHEMBL1243149,1,33,33,ya estaba
CHEMBL1243179,1,32,32,ya estaba
CHEMBL1243337,1,34,34,ya estaba
CHEMBL1243370,1,42,42,ya estaba
CHEMBL1243390,1,30,30,ya estaba
CHEMBL1243398,1,42,42,ya estaba
CHEMBL1310614,1,22,22,ya estaba
CHEMBL1401300,1,31,31,ya estaba
CHEMBL1422689,1,22,22,ya estaba
CHEMBL1435671,1,24,24,ya estaba
CHEMBL1436528,1,32,32,ya estaba
CHEMBL1473738,1,31,31,ya estaba
CHEMBL1474751,1,30,30,ya estaba
CHEMBL1500978,1,15,15,ya estaba
CHEMBL1507589,1,35,35,ya estaba
CHEMBL1547534,1,21,21,ya estaba
CHEMBL1554159,1,24,24,ya estaba
CHEMBL1598103,1,24,24,ya estaba
CHEMBL1658,1,36,36,ya estaba
CHEMBL1660,1,63,63,ya estaba
CHEMBL1685,1,18,18,ya estaba
CHEMBL1708773,1,30,30,ya estaba
CHEMBL1712281,1,29,29,ya estaba
CHEMBL1795355,1,34,34,ya estaba
CHEMBL1795525,1,64,64,ya estaba
CHEMBL1796246,1,35,35,ya estaba
CHEMBL1796247,1,37,37,ya estaba
CHEMBL1796248,1,31,31,ya estaba
CHEMBL1796249,1,36,36,ya estaba
CHEMBL1796250,1,37,37,ya estaba
CHEMBL1796251,1,39,39,ya estaba
CHEMBL1796252,1,37,37,ya estaba
CHEMBL1796253,1,32,32,ya estaba
CHEMBL1796254,1,37,37,ya estaba
CHEMBL1796255,1,31,31,ya estaba
CHEMBL1796256,1,30,30,ya estaba
CHEMBL1796257,1,38,38,ya estaba
CHEMBL1796258,1,39,39,ya estaba
CHEMBL1796259,1,35,35,ya estaba
CHEMBL1796260,1,35,35,ya estaba
CHEMBL1796261,1,35,35,ya estaba
CHEMBL1796262,1,35,35,ya estaba
CHEMBL1796272,1,26,26,ya estaba
CHEMBL1796273,1,29,29,ya estaba
CHEMBL1796274,1,30,30,ya estaba
CHEMBL1796275,1,28,28,ya estaba
CHEMBL1796276,1,29,29,ya estaba
CHEMBL1796690,1,39,39,ya estaba
CHEMBL1796691,1,29,29,ya estaba
CHEMBL1796692,1,30,30,ya estaba
CHEMBL1796693,1,32,32,ya estaba
CHEMBL1796973,1,25,25,ya estaba
CHEMBL1796974,1,19,19,ya estaba
CHEMBL1796975,1,25,25,ya estaba
CHEMBL1796977,1,26,26,ya estaba
CHEMBL1796980,1,20,20,ya estaba
CHEMBL1796981,1,20,20,ya estaba
CHEMBL1796982,1,22,22,ya estaba
CHEMBL1796984,1,24,24,ya estaba
CHEMBL1796985,1,26,26,ya estaba
CHEMBL1796986,1,26,26,ya estaba
CHEMBL1796988,1,29,29,ya estaba
CHEMBL1796989,1,30,30,ya estaba
CHEMBL1796990,1,27,27,ya estaba
CHEMBL1796991,1,28,28,ya estaba
CHEMBL1796992,1,26,26,ya estaba
CHEMBL1796994,1,28,28,ya estaba
CHEMBL1796995,1,34,34,ya estaba
CHEMBL1796996,1,31,31,ya estaba
CHEMBL1806528,1,117,117,
CHEMBL1806530,1,117,117,
CHEMBL1806826,1,29,29,ya estaba
CHEMBL1806924,1,78,78,
CHEMBL1806977,1,81,81,ya estaba
CHEMBL1806980,1,77,77,ya estaba
CHEMBL1806989,1,31,31,ya estaba
CHEMBL1807009,1,35,35,ya estaba
CHEMBL1807010,1,35,35,ya estaba
CHEMBL1807087,1,80,80,ya estaba
CHEMBL1807088,1,80,80,ya estaba
CHEMBL1807093,1,80,80,ya estaba
CHEMBL1807585,1,25,25,ya estaba
CHEMBL1807834,1,27,27,ya estaba
CHEMBL1807835,1,27,27,ya estaba
CHEMBL1807837,1,33,33,ya estaba
CHEMBL1807838,1,37,37,ya estaba
CHEMBL1807839,1,33,33,ya estaba
CHEMBL1808213,1,24,24,ya estaba
CHEMBL1808411,1,33,33,ya estaba
CHEMBL1808803,1,66,66,ya estaba
CHEMBL1808808,1,69,69,ya estaba
CHEMBL1808809,1,69,69,ya estaba
CHEMBL1808812,1,69,69,
CHEMBL1808815,1,73,73,ya estaba
CHEMBL1808817,1,70,70,ya estaba
CHEMBL1808820,1,66,66,ya estaba
CHEMBL1808825,1,67,67,ya estaba
CHEMBL1808827,1,71,71,ya estaba
CHEMBL1808828,1,74,74,ya estaba
CHEMBL1808830,1,68,68,ya estaba
CHEMBL1808831,1,71,71,ya estaba
CHEMBL1809125,1,31,31,ya estaba
CHEMBL1809126,1,38,38,ya estaba
CHEMBL1809129,1,20,20,ya estaba
CHEMBL1809131,1,23,23,ya estaba
CHEMBL1809132,1,22,22,ya estaba
CHEMBL1809134,1,22,22,ya estaba
CHEMBL1858003,1,27,27,ya estaba
CHEMBL1858112,1,21,21,ya estaba
CHEMBL1858260,1,28,28,ya estaba
CHEMBL1858294,1,27,27,ya estaba
CHEMBL1858305,1,25,25,ya estaba
CHEMBL1858330,1,27,27,ya estaba
CHEMBL1858366,1,25,25,ya estaba
CHEMBL1858383,1,21,21,ya estaba
CHEMBL1858423,1,27,27,ya estaba
CHEMBL1858441,1,25,25,ya estaba
CHEMBL1858508,1,20,20,ya estaba
CHEMBL1858525,1,25,25,ya estaba
CHEMBL1858584,1,23,23,ya estaba
CHEMBL1858741,1,27,27,ya estaba
CHEMBL1858785,1,23,23,ya estaba
CHEMBL1858910,1,24,24,ya estaba
CHEMBL1858918,1,22,22,ya estaba
CHEMBL1858942,1,22,22,ya estaba
CHEMBL1858963,1,22,22,ya estaba
CHEMBL1859256,1,20,20,ya estaba
CHEMBL1859281,1,30,30,ya estaba
CHEMBL1859306,1,28,28,ya estaba
CHEMBL1859373,1,24,24,ya estaba
CHEMBL1859446,1,20,20,ya estaba
CHEMBL1859478,1,27,27,ya estaba
CHEMBL1859661,1,26,26,ya estaba
CHEMBL1859738,1,20,20,ya estaba
CHEMBL1859763,1,21,21,ya estaba
CHEMBL1859772,1,24,24,ya estaba
CHEMBL1859926,1,25,25,ya estaba
CHEMBL1859933,1,21,21,ya estaba
CHEMBL1860229,1,25,25,ya estaba
CHEMBL1860353,1,25,25,ya estaba
CHEMBL1860384,1,25,25,ya estaba
CHEMBL1860386,1,28,28,ya estaba
CHEMBL1860492,1,19,19,ya estaba
CHEMBL1860518,1,24,24,ya estaba
CHEMBL1863531,1,39,39,ya estaba
CHEMBL1863566,1,18,18,ya estaba
CHEMBL1863569,1,19,19,ya estaba
CHEMBL1863570,1,35,35,ya estaba
CHEMBL1863592,1,45,45,ya estaba
CHEMBL1863603,1,38,38,ya estaba
CHEMBL1863653,1,45,45,ya estaba
CHEMBL1863660,1,35,35,ya estaba
CHEMBL1863665,1,21,21,ya estaba
CHEMBL1863675,1,26,26,ya estaba
CHEMBL1863697,1,38,38,ya estaba
CHEMBL1863747,1,25,25,ya estaba
CHEMBL1863759,1,25,25,ya estaba
CHEMBL1863773,1,40,40,ya estaba
CHEMBL1863774,1,25,25,ya estaba
CHEMBL1863775,1,35,35,ya estaba
CHEMBL1863778,1,40,40,ya estaba
CHEMBL1863795,1,23,23,ya estaba
CHEMBL1863797,1,30,30,ya estaba
CHEMBL1863812,1,23,23,ya estaba
CHEMBL1863816,1,34,34,ya estaba
CHEMBL1863831,1,31,31,ya estaba
CHEMBL1863833,1,42,42,ya estaba
CHEMBL1863835,1,43,43,ya estaba
CHEMBL1863870,1,41,41,ya estaba
CHEMBL1863882,1,46,46,ya estaba
CHEMBL1863900,1,25,25,ya estaba
CHEMBL1863918,1,22,22,ya estaba
CHEMBL1863948,1,21,21,ya estaba
CHEMBL1863969,1,42,42,ya estaba
CHEMBL1863989,1,36,36,ya estaba
CHEMBL1864004,1,14,14,ya estaba
CHEMBL1864017,1,27,27,ya estaba
CHEMBL1864055,1,26,26,ya estaba
CHEMBL1864070,1,40,40,ya estaba
CHEMBL1864124,1,42,42,ya estaba
CHEMBL1864127,1,17,17,ya estaba
CHEMBL1864144,1,35,35,ya estaba
CHEMBL1864180,1,22,22,ya estaba
CHEMBL1864195,1,20,20,ya estaba
CHEMBL1864196,1,43,43,ya estaba
CHEMBL1864201,1,37,37,ya estaba
CHEMBL1864210,1,22,22,ya estaba
CHEMBL1864214,1,40,40,ya estaba
CHEMBL1864237,1,42,42,ya estaba
CHEMBL1864245,1,21,21,ya estaba
CHEMBL1864246,1,21,21,ya estaba
CHEMBL1864274,1,27,27,ya estaba
CHEMBL1864275,1,28,28,ya estaba
CHEMBL1864282,1,46,46,ya estaba
CHEMBL1864308,1,46,46,ya estaba
CHEMBL1864319,1,37,37,ya estaba
CHEMBL1864343,1,34,34,ya estaba
CHEMBL1864366,1,24,24,ya estaba
CHEMBL1864378,1,32,32,ya estaba
CHEMBL1864388,1,19,19,ya estaba
CHEMBL1864407,1,24,24,ya estaba
CHEMBL1864457,1,40,40,ya estaba
CHEMBL1864483,1,37,37,ya estaba
CHEMBL1864491,1,22,22,ya estaba
CHEMBL1864521,1,23,23,ya estaba
CHEMBL1864554,1,21,21,ya estaba
CHEMBL1864557,1,43,43,ya estaba
CHEMBL1864594,1,30,30,ya estaba
CHEMBL1864597,1,41,41,ya estaba
CHEMBL1864598,1,40,40,ya estaba
CHEMBL1864602,1,37,37,ya estaba
CHEMBL1864606,1,31,31,ya estaba
CHEMBL1864612,1,25,25,ya estaba
CHEMBL1864642,1,27,27,ya estaba
CHEMBL1864660,1,31,31,ya estaba
CHEMBL1864669,1,28,28,ya estaba
CHEMBL1864692,1,25,25,ya estaba
CHEMBL1864766,1,41,41,ya estaba
CHEMBL1864805,1,37,37,ya estaba
CHEMBL1864811,1,20,20,ya estaba
CHEMBL1864869,1,27,27,ya estaba
CHEMBL1864887,1,18,18,ya estaba
CHEMBL1864896,1,27,27,ya estaba
CHEMBL1864903,1,36,36,ya estaba
CHEMBL1864926,1,27,27,ya estaba
CHEMBL1864940,1,23,23,ya estaba
CHEMBL1864955,1,24,24,ya estaba
CHEMBL1865009,1,27,27,ya estaba
CHEMBL1865039,1,23,23,ya estaba
CHEMBL1865042,1,35,35,ya estaba
CHEMBL1865092,1,12,12,ya estaba
CHEMBL1865093,1,27,27,ya estaba
CHEMBL1865117,1,36,36,ya estaba
CHEMBL1865147,1,39,39,ya estaba
CHEMBL1865173,1,30,30,ya estaba
CHEMBL1865185,1,26,26,ya estaba
CHEMBL1865204,1,42,42,ya estaba
CHEMBL1865220,1,38,38,ya estaba
CHEMBL1865238,1,13,13,ya estaba
CHEMBL1865239,1,31,31,ya estaba
CHEMBL1865244,1,43,43,ya estaba
CHEMBL1865287,1,39,39,ya estaba
CHEMBL1865311,1,45,45,ya estaba
CHEMBL1865337,1,37,37,ya estaba
CHEMBL1865372,1,23,23,ya estaba
CHEMBL1865376,1,21,21,ya estaba
CHEMBL1865403,1,21,21,ya estaba
CHEMBL1865425,1,27,27,ya estaba
CHEMBL1865435,1,31,31,ya estaba
CHEMBL1865470,1,20,20,ya estaba
CHEMBL1865475,1,41,41,ya estaba
CHEMBL1865490,1,39,39,ya estaba
CHEMBL1865616,1,27,27,ya estaba
CHEMBL1865646,1,26,26,ya estaba
CHEMBL1865649,1,36,36,ya estaba
CHEMBL1865652,1,47,47,ya estaba
CHEMBL1865662,1,40,40,ya estaba
CHEMBL1865674,1,15,15,ya estaba
CHEMBL1865688,1,40,40,ya estaba
CHEMBL1865690,1,30,30,ya estaba
CHEMBL1865695,1,21,21,ya estaba
CHEMBL1865726,1,33,33,ya estaba
CHEMBL1865788,1,30,30,ya estaba
CHEMBL1865804,1,31,31,ya estaba
CHEMBL1865808,1,50,50,ya estaba
CHEMBL1865816,1,23,23,ya estaba
CHEMBL1865820,1,43,43,ya estaba
CHEMBL1865880,1,41,41,ya estaba
CHEMBL1865884,1,36,36,ya estaba
CHEMBL1865908,1,36,36,ya estaba
CHEMBL1865909,1,37,37,ya estaba
CHEMBL1865916,1,12,12,ya estaba
CHEMBL1865918,1,24,24,ya estaba
CHEMBL1865921,1,21,21,ya estaba
CHEMBL1865936,1,30,30,ya estaba
CHEMBL1865940,1,27,27,ya estaba
CHEMBL1865983,1,41,41,ya estaba
CHEMBL1865991,1,40,40,ya estaba
CHEMBL1866003,1,32,32,ya estaba
CHEMBL1866050,1,26,26,ya estaba
CHEMBL1866057,1,32,32,ya estaba
CHEMBL1866063,1,34,34,ya estaba
CHEMBL1866092,1,31,31,ya estaba
CHEMBL1866095,1,47,47,ya estaba
CHEMBL1866104,1,37,37,ya estaba
CHEMBL1866107,1,13,13,ya estaba
CHEMBL1866140,1,34,34,ya estaba
CHEMBL1866497,1,25,25,ya estaba
CHEMBL1867521,1,29,29,ya estaba
CHEMBL1867546,1,25,25,ya estaba
CHEMBL1867548,1,38,38,ya estaba
CHEMBL1867765,1,33,33,ya estaba
CHEMBL2356527,1,24,24,ya estaba
CHEMBL2356604,1,27,27,ya estaba
CHEMBL2369101,1,63,63,ya estaba
CHEMBL3085458,1,75,75,ya estaba
CHEMBL3350710,1,51,51,ya estaba
CHEMBL3350721,1,39,39,ya estaba
CHEMBL3350724,1,96,96,ya estaba
CHEMBL3350725,1,83,83,ya estaba
CHEMBL3350726,1,93,93,ya estaba
CHEMBL3350879,1,33,33,ya estaba
CHEMBL3350880,1,90,90,ya estaba
CHEMBL3350881,1,77,77,ya estaba
CHEMBL3350882,1,85,85,ya estaba
CHEMBL3350883,1,83,83,ya estaba
CHEMBL3350884,1,82,82,ya estaba
CHEMBL3350885,1,77,77,ya estaba
CHEMBL3350886,1,77,77,ya estaba
CHEMBL3350887,1,93,93,ya estaba
CHEMBL3350888,1,70,70,ya estaba
CHEMBL3350889,1,93,93,ya estaba
CHEMBL3350893,1,89,89,ya estaba
CHEMBL3350894,1,89,89,ya estaba
CHEMBL3350895,1,88,88,ya estaba
CHEMBL3350896,1,70,70,ya estaba
CHEMBL3350897,1,77,77,ya estaba
CHEMBL3350898,1,77,77,ya estaba
CHEMBL3350899,1,77,77,ya estaba
CHEMBL3350900,1,80,80,ya estaba
CHEMBL3350901,1,79,79,ya estaba
CHEMBL3350902,1,79,79,ya estaba
CHEMBL3350903,1,81,81,ya estaba
CHEMBL3350904,1,81,81,ya estaba
CHEMBL3350905,1,78,78,ya estaba
CHEMBL3350906,1,64,64,ya estaba
CHEMBL3350907,1,79,79,ya estaba
CHEMBL3350908,1,89,89,ya estaba
CHEMBL3350909,1,82,82,ya estaba
CHEMBL3350910,1,80,80,ya estaba
CHEMBL3350911,1,77,77,ya estaba
CHEMBL3350912,1,77,77,ya estaba
CHEMBL3350913,1,64,64,ya estaba
CHEMBL3350981,1,34,34,ya estaba
CHEMBL3350982,1,40,40,ya estaba
CHEMBL3350983,1,36,36,ya estaba
CHEMBL3350984,1,35,35,ya estaba
CHEMBL3350985,1,35,35,ya estaba
CHEMBL3350986,1,36,36,ya estaba
CHEMBL3350987,1,41,41,ya estaba
CHEMBL3350988,1,36,36,ya estaba
CHEMBL3350989,1,35,35,ya estaba
CHEMBL3351044,1,81,81,ya estaba
CHEMBL413905,1,67,67,ya estaba
CHEMBL4297111,1,133,133,ya estaba
CHEMBL443598,1,51,51,ya estaba
CHEMBL447886,1,42,42,ya estaba
CHEMBL4527941,1,19,19,ya estaba
CHEMBL4528179,1,33,33,ya estaba
CHEMBL4528190,1,79,79,ya estaba
CHEMBL4528258,1,46,46,ya estaba
CHEMBL4529430,1,34,34,ya estaba
CHEMBL4529500,1,23,23,ya estaba
CHEMBL4529530,1,27,27,ya estaba
CHEMBL4529532,1,36,36,ya estaba
CHEMBL4529624,1,52,52,ya estaba
CHEMBL4529639,1,58,58,ya estaba
CHEMBL4529660,0,38,38,tipos no validos: {'B': 1}
CHEMBL4529676,1,20,20,ya estaba
CHEMBL4529681,1,22,22,ya estaba
CHEMBL4529696,1,20,20,ya estaba
CHEMBL4529717,1,24,24,ya estaba
CHEMBL4529730,1,19,19,ya estaba
CHEMBL4529751,1,43,43,ya estaba
CHEMBL4529771,1,68,68,ya estaba
CHEMBL4529797,1,13,13,ya estaba
CHEMBL4529823,1,27,27,ya estaba
CHEMBL4529829,1,34,34,ya estaba
CHEMBL4529841,1,58,58,ya estaba
CHEMBL4529863,1,40,40,ya estaba
CHEMBL4529868,1,28,28,ya estaba
CHEMBL4529877,1,17,17,ya estaba
CHEMBL4529883,1,23,23,ya estaba
CHEMBL4529895,1,38,38,ya estaba
CHEMBL4529904,1,34,34,ya estaba
CHEMBL4529917,1,21,21,ya estaba
CHEMBL4529928,1,37,37,ya estaba
CHEMBL4529931,1,56,56,ya estaba
CHEMBL4529943,1,26,26,ya estaba
CHEMBL4529946,1,43,43,ya estaba
CHEMBL4529955,1,36,36,ya estaba
CHEMBL4529978,1,25,25,ya estaba
CHEMBL4529991,1,25,25,ya estaba
CHEMBL4529994,1,75,75,ya estaba
CHEMBL4530010,1,35,35,ya estaba
CHEMBL4530037,1,34,34,ya estaba
CHEMBL4530090,1,19,19,ya estaba
CHEMBL4530105,1,39,39,ya estaba
CHEMBL4530177,1,37,37,ya estaba
CHEMBL4530187,1,18,18,ya estaba
CHEMBL4530206,1,37,37,ya estaba
CHEMBL4530214,1,124,124,ya estaba
CHEMBL4530218,1,38,38,ya estaba
CHEMBL4530228,1,14,14,ya estaba
CHEMBL4530256,1,24,24,ya estaba
CHEMBL4530305,1,35,35,ya estaba
CHEMBL4530326,1,55,55,ya estaba
CHEMBL4530332,1,29,29,ya estaba
CHEMBL4530336,1,28,28,ya estaba
CHEMBL4530398,1,25,25,ya estaba
CHEMBL4530431,1,20,20,ya estaba
CHEMBL4530467,1,18,18,ya estaba
CHEMBL4530473,1,29,29,ya estaba
CHEMBL4530479,1,21,21,ya estaba
CHEMBL4530507,1,30,30,ya estaba
CHEMBL4530512,1,31,31,ya estaba
CHEMBL4530525,1,42,42,ya estaba
CHEMBL4530557,1,16,16,ya estaba
CHEMBL4530593,1,104,104,ya estaba
CHEMBL4530594,1,24,24,ya estaba
CHEMBL4530618,1,33,33,ya estaba
CHEMBL4530621,1,19,19,ya estaba
CHEMBL4530654,1,26,26,ya estaba
CHEMBL4530663,1,20,20,ya estaba
CHEMBL4530669,1,37,37,ya estaba
CHEMBL4530731,1,25,25,ya estaba
CHEMBL4530744,1,34,34,ya estaba
CHEMBL4530768,1,20,20,ya estaba
CHEMBL4530771,1,40,40,ya estaba
CHEMBL4530811,1,38,38,ya estaba
CHEMBL4530860,1,34,34,ya estaba
CHEMBL4530892,1,25,25,ya estaba
CHEMBL4530904,1,26,26,ya estaba
CHEMBL4530928,1,29,29,ya estaba
CHEMBL4530946,1,63,63,ya estaba
CHEMBL4530970,1,20,20,ya estaba
CHEMBL4530973,1,56,56,ya estaba
CHEMBL4530992,1,30,30,ya estaba
CHEMBL4531006,1,20,20,ya estaba
CHEMBL4531013,1,31,31,ya estaba
CHEMBL4531036,1,25,25,ya estaba
CHEMBL4531053,1,74,74,ya estaba
CHEMBL4531077,1,20,20,ya estaba
CHEMBL4531105,1,19,19,ya estaba
CHEMBL4531123,1,68,68,ya estaba
CHEMBL4531173,1,72,72,ya estaba
CHEMBL4531187,1,56,56,ya estaba
CHEMBL4531255,1,19,19,ya estaba
CHEMBL4531282,1,32,32,ya estaba
CHEMBL4531291,1,68,68,ya estaba
CHEMBL4531307,1,26,26,ya estaba
CHEMBL4531347,1,35,35,ya estaba
CHEMBL4531378,1,17,17,ya estaba
CHEMBL4531409,1,59,59,ya estaba
CHEMBL4531414,1,39,39,ya estaba
CHEMBL4531417,1,23,23,ya estaba
CHEMBL4531430,1,24,24,ya estaba
CHEMBL4531434,1,21,21,ya estaba
CHEMBL4531447,1,34,34,ya estaba
CHEMBL4531461,1,26,26,ya estaba
CHEMBL4531511,1,25,25,ya estaba
CHEMBL4531514,1,65,65,ya estaba
CHEMBL4531524,1,19,19,ya estaba
CHEMBL4531548,1,19,19,ya estaba
CHEMBL4531552,1,25,25,ya estaba
CHEMBL4531580,1,28,28,ya estaba
CHEMBL4531581,1,41,41,ya estaba
CHEMBL4531584,1,26,26,ya estaba
CHEMBL4531598,1,55,55,ya estaba
CHEMBL4531600,1,20,20,ya estaba
CHEMBL4531638,1,47,47,ya estaba
CHEMBL4531645,1,70,70,ya estaba
CHEMBL4531651,1,33,33,ya estaba
CHEMBL4531652,1,29,29,ya estaba
CHEMBL4531662,1,36,36,ya estaba
CHEMBL4531669,1,19,19,ya estaba
CHEMBL4531690,1,23,23,ya estaba
CHEMBL4531702,1,24,24,ya estaba
CHEMBL4531752,1,105,105,ya estaba
CHEMBL4531813,1,59,59,ya estaba
CHEMBL4531818,1,43,43,ya estaba
CHEMBL4531834,1,27,27,ya estaba
CHEMBL4531850,1,19,19,ya estaba
CHEMBL4531855,1,61,61,ya estaba
CHEMBL4531867,1,25,25,ya estaba
CHEMBL4531885,1,16,16,ya estaba
CHEMBL4531886,1,20,20,ya estaba
CHEMBL4531915,1,37,37,ya estaba
CHEMBL4531925,1,25,25,ya estaba
CHEMBL4531949,1,34,34,ya estaba
CHEMBL4531988,1,55,55,ya estaba
CHEMBL4532007,1,26,26,ya estaba
CHEMBL4532058,1,126,126,
CHEMBL4532077,1,36,36,ya estaba
CHEMBL4532094,1,26,26,ya estaba
CHEMBL4532189,1,19,19,ya estaba
CHEMBL4532199,1,28,28,ya estaba
CHEMBL4532265,1,15,15,ya estaba
CHEMBL4532288,1,38,38,ya estaba
CHEMBL4532299,1,37,37,ya estaba
CHEMBL4532300,1,18,18,ya estaba
CHEMBL4532326,1,70,70,ya estaba
CHEMBL4532336,1,10,10,ya estaba
CHEMBL4532363,1,66,66,ya estaba
CHEMBL4532381,1,32,32,ya estaba
CHEMBL4532389,1,38,38,ya estaba
CHEMBL4532403,1,20,20,ya estaba
CHEMBL4532434,1,30,30,ya estaba
CHEMBL4532473,1,31,31,ya estaba
CHEMBL4532481,1,34,34,ya estaba
CHEMBL4532493,1,63,63,ya estaba
CHEMBL4532497,1,31,31,ya estaba
CHEMBL4532549,1,22,22,ya estaba
CHEMBL4532587,1,48,48,ya estaba
CHEMBL4532637,1,34,34,ya estaba
CHEMBL4532640,1,29,29,ya estaba
CHEMBL4532743,1,37,37,ya estaba
CHEMBL4532749,1,28,28,ya estaba
CHEMBL4532759,1,19,19,ya estaba
CHEMBL4532810,1,59,59,ya estaba
CHEMBL4532878,1,31,31,ya estaba
CHEMBL4532910,1,24,24,ya estaba
CHEMBL4532915,1,35,35,ya estaba
CHEMBL4532939,1,20,20,ya estaba
CHEMBL4533158,1,25,25,ya estaba
CHEMBL4533159,1,69,69,ya estaba
CHEMBL4533216,1,59,59,ya estaba
CHEMBL4533223,1,20,20,ya estaba
CHEMBL4533229,1,34,34,ya estaba
CHEMBL4533243,1,32,32,ya estaba
CHEMBL4533247,1,134,134,ya estaba
CHEMBL4533249,1,61,61,ya estaba
CHEMBL4533294,1,20,20,ya estaba
CHEMBL4533303,1,28,28,ya estaba
CHEMBL4533305,1,25,25,ya estaba
CHEMBL4533320,1,25,25,ya estaba
CHEMBL4533349,1,36,36,ya estaba
CHEMBL4533352,1,38,38,ya estaba
CHEMBL4533414,0,43,43,tipos no validos: {'B': 1}
CHEMBL4533447,1,29,29,ya estaba
CHEMBL4533456,1,34,34,ya estaba
CHEMBL4533505,1,29,29,ya estaba
CHEMBL4533512,1,27,27,ya estaba
CHEMBL4533524,1,31,31,ya estaba
CHEMBL4533526,1,51,51,ya estaba
CHEMBL4533588,1,182,182,ya estaba
CHEMBL4533594,1,17,17,ya estaba
CHEMBL4533607,1,19,19,ya estaba
CHEMBL4533620,1,43,43,ya estaba
CHEMBL4533696,1,22,22,ya estaba
CHEMBL4533702,1,18,18,ya estaba
CHEMBL4533719,1,18,18,ya estaba
CHEMBL4533721,1,38,38,ya estaba
CHEMBL4533733,1,58,58,ya estaba
CHEMBL4533744,1,36,36,ya estaba
CHEMBL4533797,1,30,30,ya estaba
CHEMBL4533818,1,41,41,ya estaba
CHEMBL4533868,1,20,20,ya estaba
CHEMBL4533895,1,26,26,ya estaba
CHEMBL4533909,1,37,37,ya estaba
CHEMBL4533933,1,20,20,ya estaba
CHEMBL4533957,1,24,24,ya estaba
CHEMBL4534005,1,36,36,ya estaba
CHEMBL4534028,1,170,170,
CHEMBL4534061,1,18,18,ya estaba
CHEMBL4534065,1,36,36,ya estaba
CHEMBL4534096,1,19,19,ya estaba
CHEMBL4534136,1,37,37,ya estaba
CHEMBL4534141,1,24,24,ya estaba
CHEMBL4534142,1,24,24,ya estaba
CHEMBL4534156,1,20,20,ya estaba
CHEMBL4534186,1,28,28,ya estaba
CHEMBL4534235,1,20,20,ya estaba
CHEMBL4534239,1,20,20,ya estaba
CHEMBL4534273,1,20,20,ya estaba
CHEMBL4534285,1,46,46,ya estaba
CHEMBL4534286,1,57,57,ya estaba
CHEMBL4534297,1,23,23,ya estaba
CHEMBL4534315,1,16,16,ya estaba
CHEMBL4534347,1,40,40,ya estaba
CHEMBL4534388,1,30,30,ya estaba
CHEMBL4534398,1,32,32,ya estaba
CHEMBL4534438,1,23,23,ya estaba
CHEMBL4534439,1,38,38,ya estaba
CHEMBL4534477,1,141,141,
CHEMBL4534480,1,22,22,ya estaba
CHEMBL4534494,1,25,25,ya estaba
CHEMBL4534586,1,19,19,ya estaba
CHEMBL4534588,1,26,26,ya estaba
CHEMBL4534611,1,37,37,ya estaba
CHEMBL4534614,1,20,20,ya estaba
CHEMBL4534622,1,25,25,ya estaba
CHEMBL4534646,1,36,36,ya estaba
CHEMBL4534669,1,55,55,ya estaba
CHEMBL4534704,1,30,30,ya estaba
CHEMBL4534753,1,61,61,ya estaba
CHEMBL4548479,1,17,17,ya estaba
CHEMBL4548517,1,26,26,ya estaba
CHEMBL4548518,1,20,20,ya estaba
CHEMBL4562726,1,45,45,ya estaba
CHEMBL4562732,1,32,32,ya estaba
CHEMBL4562733,1,17,17,ya estaba
CHEMBL4562735,1,17,17,ya estaba
CHEMBL4562756,1,56,56,ya estaba
CHEMBL4562765,1,53,53,ya estaba
CHEMBL4562802,1,34,34,ya estaba
CHEMBL4562804,1,58,58,ya estaba
CHEMBL4562861,1,33,33,ya estaba
CHEMBL4562885,1,17,17,ya estaba
CHEMBL4563096,1,27,27,ya estaba
CHEMBL4563203,1,112,112,ya estaba
CHEMBL4564073,1,15,15,ya estaba
CHEMBL4564138,1,18,18,ya estaba
CHEMBL4564139,1,42,42,ya estaba
CHEMBL4564152,1,69,69,ya estaba
CHEMBL4564178,1,39,39,ya estaba
CHEMBL4564201,1,27,27,ya estaba
CHEMBL4564257,1,36,36,ya estaba
CHEMBL4564271,1,30,30,ya estaba
CHEMBL4564342,1,26,26,ya estaba
CHEMBL4564347,1,17,17,ya estaba
CHEMBL4564364,1,34,34,ya estaba
CHEMBL4564386,1,29,29,ya estaba
CHEMBL4564420,1,51,51,ya estaba
CHEMBL4564447,1,17,17,ya estaba
CHEMBL4564474,1,112,112,ya estaba
CHEMBL4564483,1,33,33,ya estaba
CHEMBL4564496,1,31,31,ya estaba
CHEMBL4564514,1,39,39,ya estaba
CHEMBL4564519,1,28,28,ya estaba
CHEMBL4564578,1,74,74,ya estaba
CHEMBL4564611,1,23,23,ya estaba
CHEMBL4564660,1,57,57,ya estaba
CHEMBL4564687,1,35,35,ya estaba
CHEMBL4564700,1,134,134,ya estaba
CHEMBL4564727,1,121,121,ya estaba
CHEMBL4564729,1,41,41,ya estaba
CHEMBL4564733,1,18,18,ya estaba
CHEMBL4564846,1,20,20,ya estaba
CHEMBL4564854,1,49,49,ya estaba
CHEMBL4564923,1,57,57,ya estaba
CHEMBL4564982,1,32,32,ya estaba
CHEMBL4564987,1,25,25,ya estaba
CHEMBL4565082,1,34,34,ya estaba
CHEMBL4565119,1,19,19,ya estaba
CHEMBL4565134,1,10,10,ya estaba
CHEMBL4565156,1,25,25,ya estaba
CHEMBL4565164,1,66,66,ya estaba
CHEMBL4565173,1,23,23,ya estaba
CHEMBL4565176,1,59,59,ya estaba
CHEMBL4565187,1,72,72,ya estaba
CHEMBL4565201,0,38,38,tipos no validos: {'B': 1}
CHEMBL4565743,1,62,62,ya estaba
CHEMBL4566114,1,20,20,ya estaba
CHEMBL4566116,1,51,51,ya estaba
CHEMBL4566127,1,29,29,ya estaba
CHEMBL4566128,1,44,44,ya estaba
CHEMBL4566134,1,40,40,ya estaba
CHEMBL4566142,1,23,23,ya estaba
CHEMBL4566150,1,61,61,ya estaba
CHEMBL4566163,1,70,70,ya estaba
CHEMBL4566166,1,16,16,ya estaba
CHEMBL4566174,1,43,43,ya estaba
CHEMBL4566193,1,31,31,ya estaba
CHEMBL4566196,1,12,12,ya estaba
CHEMBL4566209,1,20,20,ya estaba
CHEMBL4566331,1,14,14,ya estaba
CHEMBL4566351,1,26,26,ya estaba
CHEMBL4566377,1,20,20,ya estaba
CHEMBL4566396,1,19,19,ya estaba
CHEMBL4566401,1,26,26,ya estaba
CHEMBL4566429,1,18,18,ya estaba
CHEMBL4566430,1,43,43,ya estaba
CHEMBL4566439,1,39,39,ya estaba
CHEMBL4566448,1,19,19,ya estaba
CHEMBL4566461,1,20,20,ya estaba
CHEMBL4566464,1,29,29,ya estaba
CHEMBL4566465,1,26,26,ya estaba
CHEMBL4566470,1,32,32,ya estaba
CHEMBL4566484,1,28,28,ya estaba
CHEMBL4566518,1,46,46,ya estaba
CHEMBL4566532,1,24,24,ya estaba
CHEMBL4566542,1,34,34,ya estaba
CHEMBL4566585,1,57,57,ya estaba
CHEMBL4566634,1,36,36,ya estaba
CHEMBL4567654,1,26,26,ya estaba
CHEMBL4567712,1,36,36,ya estaba
CHEMBL4567728,1,30,30,ya estaba
CHEMBL4567730,1,55,55,ya estaba
CHEMBL4567791,1,31,31,ya estaba
CHEMBL4567808,1,20,20,ya estaba
CHEMBL4567819,1,36,36,ya estaba
CHEMBL4567848,1,55,55,ya estaba
CHEMBL4567849,1,17,17,ya estaba
CHEMBL4567889,1,30,30,ya estaba
CHEMBL4567906,1,22,22,ya estaba
CHEMBL4567939,1,22,22,ya estaba
CHEMBL4567942,1,41,41,ya estaba
CHEMBL4568016,1,16,16,ya estaba
CHEMBL4568066,1,44,44,ya estaba
CHEMBL4568139,1,24,24,ya estaba
CHEMBL4568148,1,43,43,ya estaba
CHEMBL4568150,1,15,15,ya estaba
CHEMBL4568153,1,75,75,ya estaba
CHEMBL4568160,1,46,46,ya estaba
CHEMBL4568162,1,34,34,ya estaba
CHEMBL4568192,1,24,24,ya estaba
CHEMBL4568221,1,19,19,ya estaba
CHEMBL4568231,1,50,50,ya estaba
CHEMBL4568239,1,20,20,ya estaba
CHEMBL4568256,1,26,26,ya estaba
CHEMBL4568282,1,26,26,ya estaba
CHEMBL4568332,1,29,29,ya estaba
CHEMBL4568337,1,69,69,ya estaba
CHEMBL4568338,1,25,25,ya estaba
CHEMBL4568390,1,20,20,ya estaba
CHEMBL4568397,1,25,25,ya estaba
CHEMBL4568409,1,22,22,ya estaba
CHEMBL4568433,1,18,18,ya estaba
CHEMBL4568450,1,22,22,ya estaba
CHEMBL4568460,1,22,22,ya estaba
CHEMBL4568539,1,75,75,ya estaba
CHEMBL4568561,1,26,26,ya estaba
CHEMBL4568572,1,51,51,ya estaba
CHEMBL4568626,1,28,28,ya estaba
CHEMBL4568666,1,44,44,ya estaba
CHEMBL4568686,1,43,43,ya estaba
CHEMBL4568724,1,31,31,ya estaba
CHEMBL4568764,1,63,63,ya estaba
CHEMBL4568792,1,29,29,ya estaba
CHEMBL4568811,1,18,18,ya estaba
CHEMBL4568850,1,24,24,ya estaba
CHEMBL4568856,1,19,19,ya estaba
CHEMBL4568862,1,17,17,ya estaba
CHEMBL4569183,1,27,27,ya estaba
CHEMBL4569244,0,37,37,tipos no validos: {'B': 1}
CHEMBL4569259,1,27,27,ya estaba
CHEMBL4569295,1,20,20,ya estaba
CHEMBL4569307,1,17,17,ya estaba
CHEMBL4569312,1,32,32,ya estaba
CHEMBL4569314,1,22,22,ya estaba
CHEMBL4569341,1,24,24,ya estaba
CHEMBL4569350,1,20,20,ya estaba
CHEMBL4569360,1,32,32,ya estaba
CHEMBL4569367,1,33,33,ya estaba
CHEMBL4569381,1,26,26,ya estaba
CHEMBL4569388,1,31,31,ya estaba
CHEMBL4569395,1,27,27,ya estaba
CHEMBL4569440,1,56,56,ya estaba
CHEMBL4569449,1,38,38,ya estaba
CHEMBL4570011,1,35,35,ya estaba
CHEMBL4570020,1,29,29,ya estaba
CHEMBL4570028,1,32,32,ya estaba
CHEMBL4570039,1,22,22,ya estaba
CHEMBL4570043,1,18,18,ya estaba
CHEMBL4570181,1,63,63,ya estaba
CHEMBL4570214,1,36,36,ya estaba
CHEMBL4570272,1,44,44,ya estaba
CHEMBL4570290,1,35,35,ya estaba
CHEMBL4570336,1,29,29,ya estaba
CHEMBL4570364,1,32,32,ya estaba
CHEMBL4570403,0,38,38,tipos no validos: {'B': 1}
CHEMBL4570411,1,26,26,ya estaba
CHEMBL4570438,1,31,31,ya estaba
CHEMBL4570454,1,33,33,ya estaba
CHEMBL4570466,1,20,20,ya estaba
CHEMBL4570468,1,44,44,ya estaba
CHEMBL4570553,1,17,17,ya estaba
CHEMBL4570620,1,18,18,ya estaba
CHEMBL4570643,1,33,33,ya estaba
CHEMBL4570708,1,20,20,ya estaba
CHEMBL4570709,1,18,18,ya estaba
CHEMBL4570734,1,24,24,ya estaba
CHEMBL4570756,1,30,30,ya estaba
CHEMBL4570762,1,30,30,ya estaba
CHEMBL4570804,1,13,13,ya estaba
CHEMBL4570816,1,24,24,ya estaba
CHEMBL4570821,1,26,26,ya estaba
CHEMBL4570873,1,23,23,ya estaba
CHEMBL4570880,1,15,15,ya estaba
CHEMBL4570883,1,69,69,ya estaba
CHEMBL4570886,1,27,27,ya estaba
CHEMBL4570897,1,18,18,ya estaba
CHEMBL4570930,1,27,27,ya estaba
CHEMBL4570998,1,16,16,ya estaba
CHEMBL4571005,1,28,28,ya estaba
CHEMBL4571033,1,35,35,ya estaba
CHEMBL4571128,1,29,29,ya estaba
CHEMBL4571133,1,45,45,ya estaba
CHEMBL4571146,1,40,40,ya estaba
CHEMBL4571152,1,18,18,ya estaba
CHEMBL4571171,1,41,41,ya estaba
CHEMBL4571181,1,48,48,ya estaba
CHEMBL4571198,1,20,20,ya estaba
CHEMBL4571204,1,27,27,ya estaba
CHEMBL4571214,1,82,82,ya estaba
CHEMBL4571217,1,30,30,ya estaba
CHEMBL4571234,1,75,75,ya estaba
CHEMBL4571275,1,12,12,ya estaba
CHEMBL4571291,1,17,17,ya estaba
CHEMBL4571327,1,29,29,ya estaba
CHEMBL4571336,1,19,19,ya estaba
CHEMBL4571340,1,27,27,ya estaba
CHEMBL4571350,1,12,12,ya estaba
CHEMBL4571374,1,43,43,ya estaba
CHEMBL4571375,1,31,31,ya estaba
CHEMBL4571379,1,18,18,ya estaba
CHEMBL4571398,1,20,20,ya estaba
CHEMBL4571464,1,72,72,ya estaba
CHEMBL4571487,1,43,43,ya estaba
CHEMBL4571515,1,29,29,ya estaba
CHEMBL4571523,1,18,18,ya estaba
CHEMBL4571538,1,14,14,ya estaba
CHEMBL4571541,1,20,20,ya estaba
CHEMBL4571570,1,26,26,ya estaba
CHEMBL4571641,1,19,19,ya estaba
CHEMBL4571710,1,33,33,ya estaba
CHEMBL4571718,1,26,26,ya estaba
CHEMBL4571787,1,31,31,ya estaba
CHEMBL4571826,1,20,20,ya estaba
CHEMBL4571853,1,20,20,ya estaba
CHEMBL4571913,1,23,23,ya estaba
CHEMBL4571932,1,20,20,ya estaba
CHEMBL4571997,1,25,25,ya estaba
CHEMBL4572008,1,80,80,ya estaba
CHEMBL4572045,1,35,35,ya estaba
CHEMBL4572080,1,24,24,ya estaba
CHEMBL4572101,1,33,33,ya estaba
CHEMBL4572105,1,19,19,ya estaba
CHEMBL4572135,1,23,23,ya estaba
CHEMBL4572146,1,22,22,ya estaba
CHEMBL4572225,1,28,28,ya estaba
CHEMBL4572234,1,33,33,ya estaba
CHEMBL4572242,1,36,36,ya estaba
CHEMBL4572248,1,34,34,ya estaba
CHEMBL4572257,1,26,26,ya estaba
CHEMBL4572270,1,27,27,ya estaba
CHEMBL4572692,1,26,26,ya estaba
CHEMBL4572694,1,26,26,ya estaba
CHEMBL4572721,1,46,46,ya estaba
CHEMBL4572738,1,25,25,ya estaba
CHEMBL4572749,1,16,16,ya estaba
CHEMBL4572769,1,36,36,ya estaba
CHEMBL4572789,1,20,20,ya estaba
CHEMBL4572821,1,30,30,ya estaba
CHEMBL4572830,1,33,33,ya estaba
CHEMBL4572845,1,68,68,ya estaba
CHEMBL4572846,1,32,32,ya estaba
CHEMBL4572857,1,26,26,ya estaba
CHEMBL4572867,1,46,46,ya estaba
CHEMBL4572871,1,26,26,ya estaba
CHEMBL4572874,1,24,24,ya estaba
CHEMBL4572887,1,29,29,ya estaba
CHEMBL4572889,1,26,26,ya estaba
CHEMBL4572904,1,18,18,ya estaba
CHEMBL4572919,1,26,26,ya estaba
CHEMBL4572986,1,19,19,ya estaba
CHEMBL4573004,1,24,24,ya estaba
CHEMBL4573050,1,80,80,ya estaba
CHEMBL4573052,1,19,19,ya estaba
CHEMBL4573106,1,64,64,ya estaba
CHEMBL4573118,1,12,12,ya estaba
CHEMBL4573148,1,17,17,ya estaba
CHEMBL4573174,1,19,19,ya estaba
CHEMBL4573201,1,16,16,ya estaba
CHEMBL4573280,1,31,31,ya estaba
CHEMBL4573312,1,28,28,ya estaba
CHEMBL4573323,1,20,20,ya estaba
CHEMBL4573360,1,25,25,ya estaba
CHEMBL4573372,1,24,24,ya estaba
CHEMBL4573377,1,37,37,ya estaba
CHEMBL4573378,1,24,24,ya estaba
CHEMBL4573419,1,31,31,ya estaba
CHEMBL4573477,1,58,58,ya estaba
CHEMBL4573483,1,26,26,ya estaba
CHEMBL4573492,1,33,33,ya estaba
CHEMBL4573494,1,34,34,ya estaba
CHEMBL4573510,1,48,48,ya estaba
CHEMBL4573525,1,16,16,ya estaba
CHEMBL4573545,1,161,161,
CHEMBL4573552,1,57,57,ya estaba
CHEMBL4573593,1,25,25,ya estaba
CHEMBL4573619,1,35,35,ya estaba
CHEMBL4573658,1,33,33,ya estaba
CHEMBL4573704,1,39,39,ya estaba
CHEMBL4573706,1,40,40,ya estaba
CHEMBL4573737,1,68,68,ya estaba
CHEMBL4573751,1,20,20,ya estaba
CHEMBL4573752,0,39,39,tipos no validos: {'B': 1}
CHEMBL4573785,1,23,23,ya estaba
CHEMBL4573811,1,30,30,ya estaba
CHEMBL4573827,1,13,13,ya estaba
CHEMBL4573851,1,23,23,ya estaba
CHEMBL4573877,1,23,23,ya estaba
CHEMBL4573881,1,33,33,ya estaba
CHEMBL4573882,1,45,45,ya estaba
CHEMBL4573898,1,19,19,ya estaba
CHEMBL4573906,1,41,41,ya estaba
CHEMBL4573910,1,23,23,ya estaba
CHEMBL4573915,1,27,27,ya estaba
CHEMBL4573931,1,24,24,ya estaba
CHEMBL4573971,1,9,9,ya estaba
CHEMBL4573973,1,67,67,ya estaba
CHEMBL4573980,1,26,26,ya estaba
CHEMBL4574086,1,29,29,ya estaba
CHEMBL4574093,1,19,19,ya estaba
CHEMBL4574214,1,20,20,ya estaba
CHEMBL4574220,1,25,25,ya estaba
CHEMBL4574293,1,20,20,ya estaba
CHEMBL4574295,1,32,32,ya estaba
CHEMBL4574396,1,52,52,ya estaba
CHEMBL4574397,1,25,25,ya estaba
CHEMBL4574406,1,55,55,ya estaba
CHEMBL4574724,1,22,22,ya estaba
CHEMBL4574812,1,19,19,ya estaba
CHEMBL4574855,1,56,56,ya estaba
CHEMBL4574869,1,22,22,ya estaba
CHEMBL4574877,1,19,19,ya estaba
CHEMBL4574884,1,30,30,ya estaba
CHEMBL4574912,1,17,17,ya estaba
CHEMBL4574957,1,22,22,ya estaba
CHEMBL4574986,1,53,53,ya estaba
CHEMBL4574987,1,20,20,ya estaba
CHEMBL4574995,1,38,38,ya estaba
CHEMBL4574996,1,20,20,ya estaba
CHEMBL4575052,1,39,39,ya estaba
CHEMBL4575056,1,56,56,ya estaba
CHEMBL4575057,1,55,55,ya estaba
CHEMBL4575068,1,35,35,ya estaba
CHEMBL4575071,1,35,35,ya estaba
CHEMBL4575078,0,39,39,tipos no validos: {'B': 1}
CHEMBL4575113,1,62,62,ya estaba
CHEMBL4575134,1,27,27,ya estaba
CHEMBL4575151,1,57,57,ya estaba
CHEMBL4575193,1,20,20,ya estaba
CHEMBL4575197,1,21,21,ya estaba
CHEMBL4575199,1,23,23,ya estaba
CHEMBL4575334,1,62,62,ya estaba
CHEMBL4575339,1,45,45,ya estaba
CHEMBL4575437,1,22,22,ya estaba
CHEMBL4575450,1,43,43,ya estaba
CHEMBL4575517,1,35,35,ya estaba
CHEMBL4575530,1,138,138,ya estaba
CHEMBL4575610,1,25,25,ya estaba
CHEMBL4575708,1,25,25,ya estaba
CHEMBL4575786,1,20,20,ya estaba
CHEMBL4575787,1,11,11,ya estaba
CHEMBL4575790,1,19,19,ya estaba
CHEMBL4575809,1,25,25,ya estaba
CHEMBL4575896,1,62,62,ya estaba
CHEMBL4575948,1,22,22,ya estaba
CHEMBL4575949,1,23,23,ya estaba
CHEMBL4580633,1,19,19,ya estaba
CHEMBL4580684,1,18,18,ya estaba
CHEMBL4580688,1,104,104,
CHEMBL4580732,1,16,16,ya estaba
CHEMBL4580738,1,73,73,ya estaba
CHEMBL4580764,1,26,26,ya estaba
CHEMBL4580765,1,33,33,ya estaba
CHEMBL4580766,1,25,25,ya estaba
CHEMBL4580771,1,76,76,ya estaba
CHEMBL4580776,1,36,36,ya estaba
CHEMBL4580782,1,20,20,ya estaba
CHEMBL4580786,1,31,31,ya estaba
CHEMBL4580814,1,53,53,ya estaba
CHEMBL4580820,1,25,25,ya estaba
CHEMBL4580851,1,19,19,ya estaba
CHEMBL4580865,1,55,55,ya estaba
CHEMBL4580873,1,23,23,ya estaba
CHEMBL4580882,1,80,80,ya estaba
CHEMBL4580890,1,19,19,ya estaba
CHEMBL4580894,1,33,33,ya estaba
CHEMBL4580983,1,63,63,ya estaba
CHEMBL4581031,1,36,36,ya estaba
CHEMBL4581083,1,23,23,ya estaba
CHEMBL4581101,1,37,37,ya estaba
CHEMBL4581105,1,32,32,ya estaba
CHEMBL4581108,1,22,22,ya estaba
CHEMBL4581149,1,155,155,
CHEMBL4581190,1,16,16,ya estaba
CHEMBL4581215,1,26,26,ya estaba
CHEMBL4581221,1,26,26,ya estaba
CHEMBL4581229,1,51,51,ya estaba
CHEMBL4581241,1,22,22,ya estaba
CHEMBL4581305,1,26,26,ya estaba
CHEMBL4581343,1,26,26,ya estaba
CHEMBL4581346,1,13,13,ya estaba
CHEMBL4581359,1,34,34,ya estaba
CHEMBL4581396,0,42,42,tipos no validos: {'B': 1}
CHEMBL4581419,1,18,18,ya estaba
CHEMBL4581422,1,13,13,ya estaba
CHEMBL4581488,1,20,20,ya estaba
CHEMBL4581490,1,18,18,ya estaba
CHEMBL4581496,1,20,20,ya estaba
CHEMBL4581545,1,33,33,ya estaba
CHEMBL4581557,1,37,37,ya estaba
CHEMBL4581587,1,42,42,ya estaba
CHEMBL4581623,1,35,35,ya estaba
CHEMBL4581645,1,32,32,ya estaba
CHEMBL4581672,1,26,26,ya estaba
CHEMBL4581720,1,46,46,ya estaba
CHEMBL4581779,1,34,34,ya estaba
CHEMBL4581785,1,12,12,ya estaba
CHEMBL4581789,1,35,35,ya estaba
CHEMBL4581791,1,20,20,ya estaba
CHEMBL4581881,1,26,26,ya estaba
CHEMBL4581972,1,33,33,ya estaba
CHEMBL4582140,1,75,75,ya estaba
CHEMBL4582173,1,9,9,ya estaba
CHEMBL4582215,1,25,25,ya estaba
CHEMBL4582247,1,115,115,ya estaba
CHEMBL4582273,1,35,35,ya estaba
CHEMBL4582283,1,19,19,ya estaba
CHEMBL4582329,1,41,41,ya estaba
CHEMBL4582338,1,26,26,ya estaba
CHEMBL4582376,1,25,25,ya estaba
CHEMBL4582395,1,19,19,ya estaba
CHEMBL4582403,1,18,18,ya estaba
CHEMBL4582437,1,63,63,ya estaba
CHEMBL4582447,1,19,19,ya estaba
CHEMBL4582461,1,21,21,ya estaba
CHEMBL4582464,1,36,36,ya estaba
CHEMBL4582478,1,50,50,ya estaba
CHEMBL4582486,1,59,59,ya estaba
CHEMBL4582504,1,35,35,ya estaba
CHEMBL4582512,1,49,49,ya estaba
CHEMBL4582519,1,33,33,ya estaba
CHEMBL4582601,1,47,47,ya estaba
CHEMBL4582618,1,23,23,ya estaba
CHEMBL4582713,1,38,38,ya estaba
CHEMBL4582714,1,28,28,ya estaba
CHEMBL4583417,1,20,20,ya estaba
CHEMBL4583437,1,26,26,ya estaba
CHEMBL4583441,1,101,101,ya estaba
CHEMBL4583453,1,29,29,ya estaba
CHEMBL4583498,1,19,19,ya estaba
CHEMBL4583521,1,15,15,ya estaba
CHEMBL4583522,1,33,33,ya estaba
CHEMBL4583549,1,25,25,ya estaba
CHEMBL4583571,1,20,20,ya estaba
CHEMBL4583625,1,21,21,ya estaba
CHEMBL4583629,1,27,27,ya estaba
CHEMBL4583662,1,30,30,ya estaba
CHEMBL4583664,1,21,21,ya estaba
CHEMBL4583695,1,19,19,ya estaba
CHEMBL4583731,1,16,16,ya estaba
CHEMBL4584625,1,20,20,ya estaba
CHEMBL4584642,1,52,52,ya estaba
CHEMBL4584672,1,53,53,ya estaba
CHEMBL4584764,1,124,124,ya estaba
CHEMBL4584782,1,26,26,ya estaba
CHEMBL4584795,1,24,24,ya estaba
CHEMBL4584804,1,47,47,ya estaba
CHEMBL4584815,1,50,50,ya estaba
CHEMBL4584879,1,28,28,ya estaba
CHEMBL4584905,1,28,28,ya estaba
CHEMBL4584934,1,30,30,ya estaba
CHEMBL4584945,1,20,20,ya estaba
CHEMBL4584956,1,21,21,ya estaba
CHEMBL4584957,1,36,36,ya estaba
CHEMBL4584959,1,26,26,ya estaba
CHEMBL4584978,1,21,21,ya estaba
CHEMBL4585002,1,25,25,ya estaba
CHEMBL4585026,1,21,21,ya estaba
CHEMBL4585094,1,57,57,ya estaba
CHEMBL4585119,1,35,35,ya estaba
CHEMBL4585140,1,23,23,ya estaba
CHEMBL4585149,1,114,114,ya estaba
CHEMBL4585184,1,30,30,ya estaba
CHEMBL4585201,1,28,28,ya estaba
CHEMBL4585209,1,29,29,ya estaba
CHEMBL4585286,1,24,24,ya estaba
CHEMBL4585303,1,81,81,ya estaba
CHEMBL4585305,1,26,26,ya estaba
CHEMBL4585336,1,36,36,ya estaba
CHEMBL4585417,1,29,29,ya estaba
CHEMBL4585449,1,62,62,ya estaba
CHEMBL4585474,0,38,38,tipos no validos: {'B': 1}
CHEMBL4634646,1,39,39,ya estaba
CHEMBL4634658,1,41,41,ya estaba
CHEMBL4634680,1,44,44,ya estaba
CHEMBL4634686,1,124,124,ya estaba
CHEMBL4634696,1,34,34,ya estaba
CHEMBL4634714,1,21,21,ya estaba
CHEMBL4634720,1,22,22,ya estaba
CHEMBL4634726,1,83,83,ya estaba
CHEMBL4634738,1,49,49,ya estaba
CHEMBL4634740,1,31,31,ya estaba
CHEMBL4634744,1,23,23,ya estaba
CHEMBL4634785,1,17,17,ya estaba
CHEMBL4634787,1,17,17,ya estaba
CHEMBL4634805,1,79,79,ya estaba
CHEMBL4634809,1,28,28,ya estaba
CHEMBL4634813,1,35,35,ya estaba
CHEMBL4634817,1,40,40,ya estaba
CHEMBL4634836,1,15,15,ya estaba
CHEMBL4634869,1,37,37,ya estaba
CHEMBL4634876,1,37,37,ya estaba
CHEMBL4634888,1,39,39,ya estaba
CHEMBL4634930,1,40,40,ya estaba
CHEMBL4634931,1,29,29,ya estaba
CHEMBL4634932,1,27,27,ya estaba
CHEMBL4634942,1,15,15,ya estaba
CHEMBL4634948,1,27,27,ya estaba
CHEMBL4634996,1,47,47,ya estaba
CHEMBL4635034,1,33,33,ya estaba
CHEMBL4635039,1,69,69,ya estaba
CHEMBL4635077,1,36,36,ya estaba
CHEMBL4635085,1,74,74,ya estaba
CHEMBL4635105,1,16,16,ya estaba
CHEMBL4635141,1,128,128,ya estaba
CHEMBL4635142,1,65,65,ya estaba
CHEMBL4635150,1,74,74,ya estaba
CHEMBL4635155,1,43,43,ya estaba
CHEMBL4635161,1,34,34,ya estaba
CHEMBL4635217,1,28,28,ya estaba
CHEMBL4635248,1,38,38,ya estaba
CHEMBL4635291,1,44,44,ya estaba
CHEMBL4635293,1,16,16,ya estaba
CHEMBL4635302,1,33,33,ya estaba
CHEMBL4635305,1,32,32,ya estaba
CHEMBL4635313,1,40,40,ya estaba
CHEMBL4635337,1,32,32,ya estaba
CHEMBL4635345,1,119,119,ya estaba
CHEMBL4635408,1,81,81,ya estaba
CHEMBL4635419,1,34,34,ya estaba
CHEMBL4635441,1,41,41,ya estaba
CHEMBL4635447,1,26,26,ya estaba
CHEMBL4635453,1,31,31,ya estaba
CHEMBL4635456,1,29,29,ya estaba
CHEMBL4635462,1,115,115,ya estaba
CHEMBL4635482,1,26,26,ya estaba
CHEMBL4635504,1,48,48,ya estaba
CHEMBL4635509,1,20,20,ya estaba
CHEMBL4635578,1,47,47,ya estaba
CHEMBL4635587,1,27,27,ya estaba
CHEMBL4635641,1,33,33,ya estaba
CHEMBL4635650,1,27,27,ya estaba
CHEMBL4635654,1,39,39,ya estaba
CHEMBL4635678,1,35,35,ya estaba
CHEMBL4635735,1,52,52,ya estaba
CHEMBL4635756,1,23,23,ya estaba
CHEMBL4635760,1,52,52,ya estaba
CHEMBL4635773,1,58,58,ya estaba
CHEMBL4635776,1,35,35,ya estaba
CHEMBL4635781,1,85,85,ya estaba
CHEMBL4635791,1,49,49,ya estaba
CHEMBL4635795,1,20,20,ya estaba
CHEMBL4635807,1,60,60,ya estaba
CHEMBL4635825,1,41,41,ya estaba
CHEMBL4635849,1,72,72,ya estaba
CHEMBL4635854,1,14,14,ya estaba
CHEMBL4635889,1,33,33,ya estaba
CHEMBL4635950,1,34,34,ya estaba
CHEMBL4635952,1,22,22,ya estaba
CHEMBL4635974,1,31,31,ya estaba
CHEMBL4635987,1,62,62,ya estaba
CHEMBL4636014,1,15,15,ya estaba
CHEMBL4636017,1,37,37,ya estaba
CHEMBL4636042,1,54,54,ya estaba
CHEMBL4636051,1,31,31,ya estaba
CHEMBL4636082,1,43,43,ya estaba
CHEMBL4636098,1,23,23,ya estaba
CHEMBL4636110,1,45,45,ya estaba
CHEMBL4636151,1,27,27,ya estaba
CHEMBL4636152,1,24,24,ya estaba
CHEMBL4636186,1,21,21,ya estaba
CHEMBL4636194,1,22,22,ya estaba
CHEMBL4636196,1,16,16,ya estaba
CHEMBL4636211,1,29,29,ya estaba
CHEMBL4636217,1,20,20,ya estaba
CHEMBL4636240,1,22,22,ya estaba
CHEMBL4636247,1,42,42,ya estaba
CHEMBL4636270,1,36,36,ya estaba
CHEMBL4636337,1,27,27,ya estaba
CHEMBL4636354,1,24,24,ya estaba
CHEMBL4636378,1,15,15,ya estaba
CHEMBL4636394,1,15,15,ya estaba
CHEMBL4636420,1,36,36,ya estaba
CHEMBL4636438,1,31,31,ya estaba
CHEMBL4636448,1,73,73,ya estaba
CHEMBL4636474,1,93,93,ya estaba
CHEMBL4636494,1,16,16,ya estaba
CHEMBL4636508,1,23,23,ya estaba
CHEMBL4636525,1,60,60,ya estaba
CHEMBL4636526,1,32,32,ya estaba
CHEMBL4636544,1,25,25,ya estaba
CHEMBL4636555,1,21,21,ya estaba
CHEMBL4636587,1,26,26,ya estaba
CHEMBL4636628,1,20,20,ya estaba
CHEMBL4636641,1,27,27,ya estaba
CHEMBL4636674,1,32,32,ya estaba
CHEMBL4636733,1,26,26,ya estaba
CHEMBL4636746,1,55,55,ya estaba
CHEMBL4636777,1,40,40,ya estaba
CHEMBL4636781,1,132,132,ya estaba
CHEMBL4636793,1,39,39,ya estaba
CHEMBL4636805,1,23,23,ya estaba
CHEMBL4636868,1,22,22,ya estaba
CHEMBL4636878,1,29,29,ya estaba
CHEMBL4636926,1,28,28,ya estaba
CHEMBL4636929,1,21,21,ya estaba
CHEMBL4636931,1,18,18,ya estaba
CHEMBL4636958,1,85,85,ya estaba
CHEMBL4636977,1,16,16,ya estaba
CHEMBL4636996,1,42,42,ya estaba
CHEMBL4637113,1,76,76,ya estaba
CHEMBL4637124,1,34,34,ya estaba
CHEMBL4637133,1,27,27,ya estaba
CHEMBL4637146,1,35,35,ya estaba
CHEMBL4637203,1,31,31,ya estaba
CHEMBL4637206,1,63,63,ya estaba
CHEMBL4637252,1,44,44,ya estaba
CHEMBL4637269,1,42,42,ya estaba
CHEMBL4637328,1,35,35,ya estaba
CHEMBL4637331,1,87,87,ya estaba
CHEMBL4637365,1,27,27,ya estaba
CHEMBL4637368,1,25,25,ya estaba
CHEMBL4637372,1,53,53,ya estaba
CHEMBL4637405,1,54,54,ya estaba
CHEMBL4637438,1,57,57,ya estaba
CHEMBL4637452,1,27,27,ya estaba
CHEMBL4637455,1,23,23,ya estaba
CHEMBL4637465,1,36,36,ya estaba
CHEMBL4637466,1,26,26,ya estaba
CHEMBL4637471,1,75,75,ya estaba
CHEMBL4637480,1,42,42,ya estaba
CHEMBL4637482,1,58,58,ya estaba
CHEMBL4637490,1,41,41,ya estaba
CHEMBL4637514,1,32,32,ya estaba
CHEMBL4637522,1,23,23,ya estaba
CHEMBL4637545,1,87,87,ya estaba
CHEMBL4637575,1,75,75,ya estaba
CHEMBL4637576,1,33,33,ya estaba
CHEMBL4637582,1,23,23,ya estaba
CHEMBL4637587,1,31,31,ya estaba
CHEMBL4637600,1,27,27,ya estaba
CHEMBL4637614,1,24,24,ya estaba
CHEMBL4637633,1,17,17,ya estaba
CHEMBL4637657,1,29,29,ya estaba
CHEMBL4637668,1,16,16,ya estaba
CHEMBL4637694,1,49,49,ya estaba
CHEMBL4637726,1,43,43,ya estaba
CHEMBL4637735,1,31,31,ya estaba
CHEMBL4637762,1,24,24,ya estaba
CHEMBL4637778,1,45,45,ya estaba
CHEMBL4637808,1,68,68,ya estaba
CHEMBL4637814,1,27,27,ya estaba
CHEMBL4637822,1,31,31,ya estaba
CHEMBL4637860,1,137,137,ya estaba
CHEMBL4637868,1,91,91,ya estaba
CHEMBL4637869,1,31,31,ya estaba
CHEMBL4637882,1,16,16,ya estaba
CHEMBL4637890,1,26,26,ya estaba
CHEMBL4637905,1,27,27,ya estaba
CHEMBL4637932,1,63,63,ya estaba
CHEMBL4637981,1,47,47,ya estaba
CHEMBL4638010,1,29,29,ya estaba
CHEMBL4638037,1,17,17,ya estaba
CHEMBL4638080,1,33,33,ya estaba
CHEMBL4638090,1,57,57,ya estaba
CHEMBL4638107,1,38,38,ya estaba
CHEMBL4638111,1,49,49,ya estaba
CHEMBL4638118,1,28,28,ya estaba
CHEMBL4638156,1,35,35,ya estaba
CHEMBL4638160,1,89,89,ya estaba
CHEMBL4638167,1,24,24,ya estaba
CHEMBL4638183,1,28,28,ya estaba
CHEMBL4638184,1,64,64,ya estaba
CHEMBL4638194,1,43,43,ya estaba
CHEMBL4638229,1,18,18,ya estaba
CHEMBL4638245,1,42,42,ya estaba
CHEMBL4638261,1,26,26,ya estaba
CHEMBL4638336,1,145,145,ya estaba
CHEMBL4638346,1,76,76,ya estaba
CHEMBL4638348,1,33,33,ya estaba
CHEMBL4638393,1,133,133,ya estaba
CHEMBL4638417,1,88,88,ya estaba
CHEMBL4638425,1,39,39,ya estaba
CHEMBL4638429,1,24,24,ya estaba
CHEMBL4638459,1,36,36,ya estaba
CHEMBL4638471,1,27,27,ya estaba
CHEMBL4638489,1,32,32,ya estaba
CHEMBL4638516,1,16,16,ya estaba
CHEMBL4638520,1,24,24,ya estaba
CHEMBL4638534,1,39,39,ya estaba
CHEMBL4638579,1,18,18,ya estaba
CHEMBL4638590,1,80,80,ya estaba
CHEMBL4638608,1,36,36,ya estaba
CHEMBL4638630,1,58,58,ya estaba
CHEMBL4638666,1,87,87,ya estaba
CHEMBL4638673,1,21,21,ya estaba
CHEMBL4638707,1,26,26,ya estaba
CHEMBL4638710,1,75,75,ya estaba
CHEMBL4638745,1,74,74,ya estaba
CHEMBL4638752,1,85,85,ya estaba
CHEMBL4638757,1,23,23,ya estaba
CHEMBL4638761,1,16,16,ya estaba
CHEMBL4638784,1,41,41,ya estaba
CHEMBL4638794,1,31,31,ya estaba
CHEMBL4638801,1,27,27,ya estaba
CHEMBL4638807,1,15,15,ya estaba
CHEMBL4638831,1,25,25,ya estaba
CHEMBL4638837,1,42,42,ya estaba
CHEMBL4638879,1,16,16,ya estaba
CHEMBL4638897,1,32,32,ya estaba
CHEMBL4638934,1,23,23,ya estaba
CHEMBL4638961,1,38,38,ya estaba
CHEMBL4639018,1,51,51,ya estaba
CHEMBL4639054,1,17,17,ya estaba
CHEMBL4639069,1,27,27,ya estaba
CHEMBL4639090,1,15,15,ya estaba
CHEMBL4639115,1,15,15,ya estaba
CHEMBL4639116,1,90,90,ya estaba
CHEMBL4639129,1,85,85,ya estaba
CHEMBL4639151,1,29,29,ya estaba
CHEMBL4639174,1,24,24,ya estaba
CHEMBL4639176,1,120,120,ya estaba
CHEMBL4639180,1,25,25,ya estaba
CHEMBL4639187,1,126,126,ya estaba
CHEMBL4639218,1,16,16,ya estaba
CHEMBL4639263,1,43,43,ya estaba
CHEMBL4639264,1,42,42,ya estaba
CHEMBL4639295,1,25,25,ya estaba
CHEMBL4639296,1,30,30,ya estaba
CHEMBL4639313,1,43,43,ya estaba
CHEMBL4639408,1,27,27,ya estaba
CHEMBL4639420,1,41,41,ya estaba
CHEMBL4639498,1,43,43,ya estaba
CHEMBL4639515,1,60,60,ya estaba
CHEMBL4639544,1,29,29,ya estaba
CHEMBL4639556,1,44,44,ya estaba
CHEMBL4639563,1,28,28,ya estaba
CHEMBL4639583,1,33,33,ya estaba
CHEMBL4639588,1,49,49,ya estaba
CHEMBL4639602,1,59,59,ya estaba
CHEMBL4639650,1,28,28,ya estaba
CHEMBL4639652,1,23,23,ya estaba
CHEMBL4639700,1,32,32,ya estaba
CHEMBL4639732,1,27,27,ya estaba
CHEMBL4639738,1,52,52,ya estaba
CHEMBL4639764,1,29,29,ya estaba
CHEMBL494954,1,28,28,ya estaba
CHEMBL495393,1,18,18,ya estaba
CHEMBL495477,1,31,31,ya estaba
CHEMBL495478,1,29,29,ya estaba
CHEMBL495480,1,35,35,ya estaba
CHEMBL495482,1,25,25,ya estaba
CHEMBL495483,1,34,34,ya estaba
CHEMBL495640,1,28,28,ya estaba
CHEMBL496245,1,36,36,ya estaba
CHEMBL496248,1,35,35,ya estaba
CHEMBL496873,1,26,26,ya estaba
CHEMBL497099,1,29,29,ya estaba
CHEMBL497102,1,27,27,ya estaba
CHEMBL497529,1,34,34,ya estaba
CHEMBL497685,1,27,27,ya estaba
CHEMBL497686,1,25,25,ya estaba
CHEMBL497706,1,28,28,ya estaba
CHEMBL497710,1,34,34,ya estaba
CHEMBL497864,1,24,24,ya estaba
CHEMBL497865,1,24,24,ya estaba
CHEMBL497891,1,23,23,ya estaba
CHEMBL497897,1,23,23,ya estaba
CHEMBL498015,1,25,25,ya estaba
CHEMBL498039,1,24,24,ya estaba
CHEMBL498053,1,32,32,ya estaba
CHEMBL498073,1,24,24,ya estaba
CHEMBL498074,1,23,23,ya estaba
CHEMBL498086,1,26,26,ya estaba
CHEMBL498087,1,28,28,ya estaba
CHEMBL498096,1,32,32,ya estaba
CHEMBL498100,1,35,35,ya estaba
CHEMBL498121,1,24,24,ya estaba
CHEMBL498122,1,28,28,ya estaba
CHEMBL498123,1,26,26,ya estaba
CHEMBL498125,1,24,24,ya estaba
CHEMBL498127,1,25,25,ya estaba
CHEMBL498128,1,26,26,ya estaba
CHEMBL498239,1,27,27,ya estaba
CHEMBL498246,1,29,29,ya estaba
CHEMBL498260,1,34,34,ya estaba
CHEMBL498303,1,31,31,ya estaba
CHEMBL498315,1,24,24,ya estaba
CHEMBL498395,1,33,33,ya estaba
CHEMBL498455,1,34,34,ya estaba
CHEMBL498466,1,34,34,ya estaba
CHEMBL498531,1,32,32,ya estaba
CHEMBL498536,1,23,23,ya estaba
CHEMBL498537,1,24,24,ya estaba
CHEMBL498539,1,25,25,ya estaba
CHEMBL498540,1,25,25,ya estaba
CHEMBL498602,1,34,34,ya estaba
CHEMBL498751,1,22,22,ya estaba
CHEMBL498822,1,62,62,ya estaba
CHEMBL498851,1,22,22,ya estaba
CHEMBL498885,1,66,66,ya estaba
CHEMBL498932,1,50,50,ya estaba
CHEMBL498935,1,61,61,ya estaba
CHEMBL498969,1,43,43,ya estaba
CHEMBL498971,1,46,46,ya estaba
CHEMBL498992,1,19,19,ya estaba
CHEMBL498993,1,52,52,ya estaba
CHEMBL499003,1,17,17,ya estaba
CHEMBL499025,1,67,67,ya estaba
CHEMBL499030,1,37,37,ya estaba
CHEMBL499091,1,78,78,ya estaba
CHEMBL499093,1,62,62,ya estaba
CHEMBL499186,1,74,74,ya estaba
CHEMBL499193,1,21,21,ya estaba
CHEMBL499195,1,71,71,ya estaba
CHEMBL499199,1,43,43,ya estaba
CHEMBL499204,1,54,54,ya estaba
CHEMBL499268,1,49,49,ya estaba
CHEMBL499276,1,73,73,ya estaba
CHEMBL499282,1,42,42,ya estaba
CHEMBL499286,1,20,20,ya estaba
CHEMBL499317,1,45,45,ya estaba
CHEMBL499400,1,22,22,ya estaba
CHEMBL499423,1,58,58,ya estaba
CHEMBL499508,1,75,75,ya estaba
CHEMBL499546,1,24,24,ya estaba
CHEMBL499591,1,36,36,ya estaba
CHEMBL499595,1,37,37,ya estaba
CHEMBL499600,1,72,72,ya estaba
CHEMBL499688,1,48,48,ya estaba
CHEMBL499692,1,61,61,ya estaba
CHEMBL499797,1,90,90,ya estaba
CHEMBL499818,1,42,42,ya estaba
CHEMBL499851,1,36,36,ya estaba
CHEMBL499921,1,42,42,ya estaba
CHEMBL499929,1,86,86,ya estaba
CHEMBL499965,1,52,52,ya estaba
CHEMBL500026,1,66,66,ya estaba
CHEMBL500035,1,54,54,ya estaba
CHEMBL500043,1,84,84,ya estaba
CHEMBL500116,1,84,84,ya estaba
CHEMBL500120,1,36,36,ya estaba
CHEMBL500167,1,37,37,ya estaba
CHEMBL500181,1,55,55,ya estaba
CHEMBL500185,1,72,72,ya estaba
CHEMBL500188,1,50,50,ya estaba
CHEMBL500213,1,63,63,ya estaba
CHEMBL500250,1,51,51,ya estaba
CHEMBL500270,0,81,80,atomos SMILES 81 vs preparado 80
CHEMBL500314,1,67,67,ya estaba
CHEMBL500387,1,37,37,ya estaba
CHEMBL500391,1,75,75,ya estaba
CHEMBL500442,1,93,93,ya estaba
CHEMBL500480,1,51,51,ya estaba
CHEMBL500592,1,44,44,ya estaba
CHEMBL500594,1,63,63,ya estaba
CHEMBL500614,1,45,45,ya estaba
CHEMBL500639,1,67,67,ya estaba
CHEMBL500646,1,38,38,ya estaba
CHEMBL500698,1,61,61,ya estaba
CHEMBL500720,1,44,44,ya estaba
CHEMBL500726,1,17,17,ya estaba
CHEMBL500735,1,106,106,
CHEMBL500747,1,44,44,ya estaba
CHEMBL500803,1,49,49,ya estaba
CHEMBL500867,1,60,60,ya estaba
CHEMBL500879,1,39,39,ya estaba
CHEMBL500907,1,38,38,ya estaba
CHEMBL500949,1,81,81,ya estaba
CHEMBL501004,1,42,42,ya estaba
CHEMBL501006,1,63,63,ya estaba
CHEMBL501027,1,44,44,ya estaba
CHEMBL501078,1,42,42,ya estaba
CHEMBL501080,1,28,28,ya estaba
CHEMBL501105,1,62,62,ya estaba
CHEMBL501106,1,67,67,ya estaba
CHEMBL501119,1,19,19,ya estaba
CHEMBL501121,1,44,44,ya estaba
CHEMBL501123,1,54,54,ya estaba
CHEMBL501133,1,46,46,ya estaba
CHEMBL501137,1,41,41,ya estaba
CHEMBL501140,1,73,73,ya estaba
CHEMBL501201,1,79,79,ya estaba
CHEMBL501260,1,18,18,ya estaba
CHEMBL501287,1,21,21,ya estaba
CHEMBL501300,1,19,19,ya estaba
CHEMBL501301,1,120,120,ya estaba
CHEMBL501308,1,46,46,ya estaba
CHEMBL501331,1,31,31,ya estaba
CHEMBL501360,1,58,58,ya estaba
CHEMBL501362,1,40,40,ya estaba
CHEMBL501376,1,42,42,ya estaba
CHEMBL501408,1,43,43,ya estaba
CHEMBL501411,1,52,52,ya estaba
CHEMBL501428,1,43,43,ya estaba
CHEMBL501443,1,40,40,ya estaba
CHEMBL501469,1,26,26,ya estaba
CHEMBL501592,1,79,79,ya estaba
CHEMBL501596,1,68,68,ya estaba
CHEMBL501605,1,46,46,ya estaba
CHEMBL501611,1,44,44,ya estaba
CHEMBL501640,1,61,61,ya estaba
CHEMBL501643,1,16,16,ya estaba
CHEMBL501652,1,40,40,ya estaba
CHEMBL501660,1,69,69,ya estaba
CHEMBL501670,1,53,53,ya estaba
CHEMBL501700,1,54,54,ya estaba
CHEMBL501704,1,37,37,ya estaba
CHEMBL501707,1,61,61,ya estaba
CHEMBL501733,1,15,15,ya estaba
CHEMBL501734,1,78,78,ya estaba
CHEMBL501756,1,29,29,ya estaba
CHEMBL501775,1,78,78,ya estaba
CHEMBL501776,1,76,76,ya estaba
CHEMBL501811,1,49,49,ya estaba
CHEMBL501840,1,73,73,ya estaba
CHEMBL501887,1,61,61,ya estaba
CHEMBL501891,1,63,63,ya estaba
CHEMBL501897,1,48,48,ya estaba
CHEMBL501901,1,45,45,ya estaba
CHEMBL501921,0,43,43,tipos no validos: {'Si': 1}
CHEMBL501924,1,53,53,ya estaba
CHEMBL501939,1,60,60,ya estaba
CHEMBL501978,1,67,67,ya estaba
CHEMBL501981,1,53,53,ya estaba
CHEMBL502019,1,40,40,ya estaba
CHEMBL502037,1,48,48,ya estaba
CHEMBL502132,1,44,44,ya estaba
CHEMBL502148,1,60,60,ya estaba
CHEMBL502150,1,56,56,ya estaba
CHEMBL502205,1,66,66,ya estaba
CHEMBL502207,1,50,50,ya estaba
CHEMBL502215,1,59,59,ya estaba
CHEMBL502298,1,43,43,ya estaba
CHEMBL502300,1,79,79,ya estaba
CHEMBL502338,1,44,44,ya estaba
CHEMBL502347,1,22,22,ya estaba
CHEMBL502353,1,46,46,ya estaba
CHEMBL502394,1,81,81,ya estaba
CHEMBL502401,1,37,37,ya estaba
CHEMBL502419,1,37,37,ya estaba
CHEMBL502425,1,64,64,ya estaba
CHEMBL502449,1,41,41,ya estaba
CHEMBL502455,1,43,43,ya estaba
CHEMBL502459,1,45,45,ya estaba
CHEMBL502491,1,45,45,ya estaba
CHEMBL502493,1,39,39,ya estaba
CHEMBL502495,1,45,45,ya estaba
CHEMBL502511,1,78,78,ya estaba
CHEMBL502574,1,39,39,ya estaba
CHEMBL502578,1,70,70,ya estaba
CHEMBL502592,1,44,44,ya estaba
CHEMBL502615,1,105,105,ya estaba
CHEMBL502625,1,44,44,ya estaba
CHEMBL502645,1,65,65,ya estaba
CHEMBL502659,1,52,52,ya estaba
CHEMBL502675,1,50,50,ya estaba
CHEMBL502779,1,44,44,ya estaba
CHEMBL502787,1,21,21,ya estaba
CHEMBL502799,1,38,38,ya estaba
CHEMBL502848,1,55,55,ya estaba
CHEMBL502902,1,36,36,ya estaba
CHEMBL502903,1,48,48,ya estaba
CHEMBL502938,1,62,62,ya estaba
CHEMBL502942,1,60,60,ya estaba
CHEMBL502969,1,53,53,ya estaba
CHEMBL502976,1,17,17,ya estaba
CHEMBL502989,1,66,66,ya estaba
CHEMBL503002,1,47,47,ya estaba
CHEMBL503036,1,78,78,ya estaba
CHEMBL503039,1,18,18,ya estaba
CHEMBL503092,1,40,40,ya estaba
CHEMBL503094,1,14,14,ya estaba
CHEMBL503111,1,70,70,ya estaba
CHEMBL503113,1,63,63,ya estaba
CHEMBL503127,1,68,68,ya estaba
CHEMBL503146,1,61,61,ya estaba
CHEMBL503154,1,87,87,ya estaba
CHEMBL503171,1,61,61,ya estaba
CHEMBL503178,1,61,61,ya estaba
CHEMBL503192,1,51,51,ya estaba
CHEMBL503208,1,20,20,ya estaba
CHEMBL503226,1,46,46,ya estaba
CHEMBL503230,1,41,41,ya estaba
CHEMBL503241,1,43,43,ya estaba
CHEMBL503244,1,86,86,
CHEMBL503257,1,63,63,ya estaba
CHEMBL503279,1,16,16,ya estaba
CHEMBL503282,1,62,62,ya estaba
CHEMBL503295,1,42,42,ya estaba
CHEMBL503300,1,55,55,ya estaba
CHEMBL503307,1,60,60,ya estaba
CHEMBL503318,1,49,49,ya estaba
CHEMBL503332,1,8,8,ya estaba
CHEMBL503341,1,67,67,ya estaba
CHEMBL503365,1,43,43,ya estaba
CHEMBL503369,1,10,10,ya estaba
CHEMBL503386,1,66,66,ya estaba
CHEMBL503387,1,71,71,ya estaba
CHEMBL503401,1,43,43,ya estaba
CHEMBL503472,1,83,83,ya estaba
CHEMBL503475,1,109,109,ya estaba
CHEMBL503476,1,29,29,ya estaba
CHEMBL503534,1,38,38,ya estaba
CHEMBL503540,1,58,58,ya estaba
CHEMBL503555,1,18,18,ya estaba
CHEMBL503577,1,65,65,ya estaba
CHEMBL503580,1,21,21,ya estaba
CHEMBL503581,1,39,39,ya estaba
CHEMBL503594,1,90,90,ya estaba
CHEMBL503601,1,61,61,ya estaba
CHEMBL503613,1,15,15,ya estaba
CHEMBL503627,1,68,68,ya estaba
CHEMBL503640,1,61,61,ya estaba
CHEMBL503671,1,62,62,ya estaba
CHEMBL503688,1,41,41,ya estaba
CHEMBL503716,1,43,43,ya estaba
CHEMBL503718,1,44,44,ya estaba
CHEMBL503720,1,57,57,ya estaba
CHEMBL503727,1,18,18,ya estaba
CHEMBL503732,1,23,23,ya estaba
CHEMBL503758,1,21,21,ya estaba
CHEMBL503765,1,53,53,ya estaba
CHEMBL503820,1,65,65,ya estaba
CHEMBL503851,1,16,16,ya estaba
CHEMBL503853,1,45,45,ya estaba
CHEMBL503854,1,91,91,ya estaba
CHEMBL503859,1,43,43,ya estaba
CHEMBL503868,1,77,77,ya estaba
CHEMBL503927,0,69,69,tipos no validos: {'Si': 1}
CHEMBL503941,1,45,45,ya estaba
CHEMBL503969,1,48,48,ya estaba
CHEMBL503976,1,71,71,ya estaba
CHEMBL504022,1,70,70,ya estaba
CHEMBL504043,1,23,23,ya estaba
CHEMBL504100,1,17,17,ya estaba
CHEMBL504131,1,54,54,ya estaba
CHEMBL504167,1,51,51,ya estaba
CHEMBL504170,1,66,66,ya estaba
CHEMBL504183,1,43,43,ya estaba
CHEMBL504195,1,39,39,ya estaba
CHEMBL504198,1,59,59,ya estaba
CHEMBL504208,1,74,74,ya estaba
CHEMBL504215,1,64,64,ya estaba
CHEMBL504220,1,50,50,ya estaba
CHEMBL504227,1,52,52,ya estaba
CHEMBL504230,1,42,42,ya estaba
CHEMBL504274,1,12,12,ya estaba
CHEMBL504284,1,38,38,ya estaba
CHEMBL504290,1,60,60,ya estaba
CHEMBL504312,1,55,55,ya estaba
CHEMBL504328,1,90,90,ya estaba
CHEMBL504340,1,18,18,ya estaba
CHEMBL504341,1,68,68,ya estaba
CHEMBL504361,1,70,70,ya estaba
CHEMBL504385,1,60,60,ya estaba
CHEMBL504387,1,47,47,ya estaba
CHEMBL504404,1,37,37,ya estaba
CHEMBL504431,1,62,62,ya estaba
CHEMBL504435,1,44,44,ya estaba
CHEMBL504449,1,38,38,ya estaba
CHEMBL504455,1,37,37,ya estaba
CHEMBL504485,1,67,67,ya estaba
CHEMBL504490,1,42,42,ya estaba
CHEMBL504525,1,44,44,ya estaba
CHEMBL504536,1,21,21,ya estaba
CHEMBL504554,1,70,70,ya estaba
CHEMBL504557,1,52,52,ya estaba
CHEMBL504570,1,67,67,ya estaba
CHEMBL504602,1,41,41,ya estaba
CHEMBL504608,1,70,70,ya estaba
CHEMBL504609,1,60,60,ya estaba
CHEMBL504701,1,80,80,ya estaba
CHEMBL504716,1,70,70,ya estaba
CHEMBL504723,1,79,79,ya estaba
CHEMBL504737,1,41,41,ya estaba
CHEMBL504771,1,40,40,ya estaba
CHEMBL504779,1,50,50,ya estaba
CHEMBL504819,1,55,55,ya estaba
CHEMBL504841,1,60,60,ya estaba
CHEMBL504851,1,51,51,ya estaba
CHEMBL504887,1,20,20,ya estaba
CHEMBL504901,1,49,49,ya estaba
CHEMBL504913,1,18,18,ya estaba
CHEMBL504915,1,46,46,ya estaba
CHEMBL504936,1,48,48,ya estaba
CHEMBL504938,1,60,60,ya estaba
CHEMBL504953,1,74,74,ya estaba
CHEMBL504966,1,39,39,ya estaba
CHEMBL504970,1,80,80,ya estaba
CHEMBL504984,1,90,90,ya estaba
CHEMBL504994,1,52,52,ya estaba
CHEMBL505000,1,81,81,ya estaba
CHEMBL505026,1,19,19,ya estaba
CHEMBL505027,1,58,58,ya estaba
CHEMBL505030,1,54,54,ya estaba
CHEMBL505032,1,21,21,ya estaba
CHEMBL505039,1,41,41,ya estaba
CHEMBL505052,1,43,43,ya estaba
CHEMBL505058,1,44,44,ya estaba
CHEMBL505080,1,51,51,ya estaba
CHEMBL505088,1,60,60,ya estaba
CHEMBL505090,1,18,18,ya estaba
CHEMBL505098,1,50,50,ya estaba
CHEMBL505101,1,66,66,ya estaba
CHEMBL505109,1,48,48,ya estaba
CHEMBL505144,0,44,44,tipos no validos: {'B': 1}
CHEMBL505152,1,17,17,ya estaba
CHEMBL505186,1,68,68,ya estaba
CHEMBL505203,1,43,43,ya estaba
CHEMBL505204,1,104,104,ya estaba
CHEMBL505228,1,46,46,ya estaba
CHEMBL505235,1,106,106,ya estaba
CHEMBL505250,1,82,82,ya estaba
CHEMBL505258,1,22,22,ya estaba
CHEMBL505263,1,46,46,ya estaba
CHEMBL505269,1,42,42,ya estaba
CHEMBL505273,1,41,41,ya estaba
CHEMBL505278,1,45,45,ya estaba
CHEMBL505294,1,76,76,ya estaba
CHEMBL505320,1,54,54,ya estaba
CHEMBL505354,1,43,43,ya estaba
CHEMBL505358,1,83,83,ya estaba
CHEMBL505361,1,73,73,ya estaba
CHEMBL505419,1,15,15,ya estaba
CHEMBL505464,1,41,41,ya estaba
CHEMBL505466,1,41,41,ya estaba
CHEMBL505471,1,40,40,ya estaba
CHEMBL505477,1,66,66,ya estaba
CHEMBL505481,1,39,39,ya estaba
CHEMBL505496,1,77,77,ya estaba
CHEMBL505510,1,62,62,ya estaba
CHEMBL505541,1,72,72,ya estaba
CHEMBL505577,1,18,18,ya estaba
CHEMBL505579,1,46,46,ya estaba
CHEMBL505596,1,43,43,ya estaba
CHEMBL505608,1,125,125,ya estaba
CHEMBL505630,1,58,58,ya estaba
CHEMBL505639,1,134,134,ya estaba
CHEMBL505660,1,71,71,ya estaba
CHEMBL505667,1,38,38,ya estaba
CHEMBL505678,1,61,61,ya estaba
CHEMBL505682,1,46,46,ya estaba
CHEMBL505696,1,40,40,ya estaba
CHEMBL505702,1,41,41,ya estaba
CHEMBL505734,1,42,42,ya estaba
CHEMBL505741,1,43,43,ya estaba
CHEMBL505767,1,57,57,ya estaba
CHEMBL505770,1,45,45,ya estaba
CHEMBL505771,1,41,41,ya estaba
CHEMBL505773,1,62,62,ya estaba
CHEMBL505780,1,58,58,ya estaba
CHEMBL505828,1,78,78,ya estaba
CHEMBL505858,1,17,17,ya estaba
CHEMBL505870,1,111,111,ya estaba
CHEMBL505879,1,40,40,ya estaba
CHEMBL505904,1,85,85,ya estaba
CHEMBL505907,1,52,52,ya estaba
CHEMBL505956,1,40,40,ya estaba
CHEMBL505974,1,21,21,ya estaba
CHEMBL505980,1,53,53,ya estaba
CHEMBL505987,1,40,40,ya estaba
CHEMBL505993,1,40,40,ya estaba
CHEMBL506017,1,98,98,ya estaba
CHEMBL506023,1,19,19,ya estaba
CHEMBL506030,1,65,65,ya estaba
CHEMBL506041,1,70,70,ya estaba
CHEMBL506051,1,53,53,ya estaba
CHEMBL506054,1,52,52,ya estaba
CHEMBL506067,1,26,26,ya estaba
CHEMBL506075,1,44,44,ya estaba
CHEMBL506100,1,25,25,ya estaba
CHEMBL506104,1,106,106,
CHEMBL506170,1,39,39,ya estaba
CHEMBL506191,1,47,47,ya estaba
CHEMBL506206,1,70,70,ya estaba
CHEMBL506213,1,42,42,ya estaba
CHEMBL506232,1,66,66,ya estaba
CHEMBL506235,1,47,47,ya estaba
CHEMBL506248,1,56,56,ya estaba
CHEMBL506249,1,47,47,ya estaba
CHEMBL506253,1,62,62,ya estaba
CHEMBL506258,1,37,37,ya estaba
CHEMBL506264,1,40,40,ya estaba
CHEMBL506279,1,42,42,ya estaba
CHEMBL506300,1,16,16,ya estaba
CHEMBL506303,1,19,19,ya estaba
CHEMBL506312,1,40,40,ya estaba
CHEMBL506323,1,39,39,ya estaba
CHEMBL506328,1,51,51,ya estaba
CHEMBL506333,1,65,65,ya estaba
CHEMBL506339,1,45,45,ya estaba
CHEMBL506355,1,17,17,ya estaba
CHEMBL506363,1,45,45,ya estaba
CHEMBL506402,1,66,66,ya estaba
CHEMBL506411,1,51,51,ya estaba
CHEMBL506505,1,52,52,ya estaba
CHEMBL506509,1,62,62,ya estaba
CHEMBL506510,1,41,41,ya estaba
CHEMBL506512,1,48,48,ya estaba
CHEMBL506557,1,52,52,ya estaba
CHEMBL506600,1,78,78,ya estaba
CHEMBL506616,1,43,43,ya estaba
CHEMBL506620,1,25,25,ya estaba
CHEMBL506636,1,42,42,ya estaba
CHEMBL506679,1,63,63,ya estaba
CHEMBL506690,1,29,29,ya estaba
CHEMBL506695,1,40,40,ya estaba
CHEMBL506708,1,44,44,ya estaba
CHEMBL506709,1,41,41,ya estaba
CHEMBL506720,1,19,19,ya estaba
CHEMBL506761,1,41,41,ya estaba
CHEMBL506777,1,62,62,ya estaba
CHEMBL506783,1,39,39,ya estaba
CHEMBL506792,1,30,30,ya estaba
CHEMBL506817,1,80,80,ya estaba
CHEMBL506833,1,65,65,ya estaba
CHEMBL506863,1,25,25,ya estaba
CHEMBL506892,1,77,77,ya estaba
CHEMBL506955,1,52,52,ya estaba
CHEMBL506995,1,39,39,ya estaba
CHEMBL507009,1,46,46,ya estaba
CHEMBL507048,1,68,68,ya estaba
CHEMBL507052,1,70,70,ya estaba
CHEMBL507055,1,41,41,ya estaba
CHEMBL507061,1,59,59,ya estaba
CHEMBL507066,1,53,53,ya estaba
CHEMBL507081,1,68,68,ya estaba
CHEMBL507117,1,45,45,ya estaba
CHEMBL507141,1,17,17,ya estaba
CHEMBL507157,1,33,33,ya estaba
CHEMBL507160,1,24,24,ya estaba
CHEMBL507178,1,59,59,ya estaba
CHEMBL507187,1,41,41,ya estaba
CHEMBL507191,1,63,63,ya estaba
CHEMBL507210,1,42,42,ya estaba
CHEMBL507213,1,26,26,ya estaba
CHEMBL507214,1,74,74,ya estaba
CHEMBL507228,1,48,48,ya estaba
CHEMBL507231,1,29,29,ya estaba
CHEMBL507250,1,68,68,ya estaba
CHEMBL507266,1,77,77,ya estaba
CHEMBL507273,1,72,72,ya estaba
CHEMBL507301,1,106,106,ya estaba
CHEMBL507308,1,67,67,ya estaba
CHEMBL507336,1,94,94,ya estaba
CHEMBL507406,1,82,82,ya estaba
CHEMBL507417,1,17,17,ya estaba
CHEMBL507441,1,18,18,ya estaba
CHEMBL507458,1,40,40,ya estaba
CHEMBL507468,1,64,64,ya estaba
CHEMBL507470,1,97,97,ya estaba
CHEMBL507519,1,43,43,ya estaba
CHEMBL507589,1,53,53,ya estaba
CHEMBL507602,1,33,33,ya estaba
CHEMBL507608,1,44,44,ya estaba
CHEMBL507647,1,67,67,ya estaba
CHEMBL507673,1,43,43,ya estaba
CHEMBL507675,1,38,38,ya estaba
CHEMBL507685,1,66,66,ya estaba
CHEMBL507715,1,15,15,ya estaba
CHEMBL507717,1,66,66,ya estaba
CHEMBL507738,1,22,22,ya estaba
CHEMBL507739,1,45,45,ya estaba
CHEMBL507742,1,77,77,ya estaba
CHEMBL507745,1,29,29,ya estaba
CHEMBL507752,1,35,35,ya estaba
CHEMBL507753,1,23,23,ya estaba
CHEMBL507757,1,76,76,ya estaba
CHEMBL507763,1,29,29,ya estaba
CHEMBL507772,1,37,37,ya estaba
CHEMBL507778,1,45,45,ya estaba
CHEMBL507786,1,31,31,ya estaba
CHEMBL507792,1,48,48,ya estaba
CHEMBL507798,1,76,76,ya estaba
CHEMBL507816,1,34,34,ya estaba
CHEMBL507833,1,18,18,ya estaba
CHEMBL507856,1,26,26,ya estaba
CHEMBL507858,1,47,47,ya estaba
CHEMBL507859,1,62,62,ya estaba
CHEMBL507863,1,59,59,ya estaba
CHEMBL507865,0,51,51,tipos no validos: {'Si': 1}
CHEMBL507887,1,58,58,ya estaba
CHEMBL507892,1,53,53,ya estaba
CHEMBL507907,1,85,85,ya estaba
CHEMBL507923,1,71,71,ya estaba
CHEMBL507933,1,43,43,ya estaba
CHEMBL507980,1,29,29,ya estaba
CHEMBL507985,1,24,24,ya estaba
CHEMBL507995,1,24,24,ya estaba
CHEMBL508017,1,51,51,ya estaba
CHEMBL508034,1,17,17,ya estaba
CHEMBL508037,1,60,60,ya estaba
CHEMBL508049,1,43,43,ya estaba
CHEMBL508054,1,27,27,ya estaba
CHEMBL508061,1,56,56,ya estaba
CHEMBL508145,1,68,68,ya estaba
CHEMBL508170,1,32,32,ya estaba
CHEMBL508172,1,38,38,ya estaba
CHEMBL508207,1,34,34,ya estaba
CHEMBL508223,1,43,43,ya estaba
CHEMBL508232,1,43,43,ya estaba
CHEMBL508234,1,71,71,ya estaba
CHEMBL508254,1,53,53,ya estaba
CHEMBL508263,1,30,30,ya estaba
CHEMBL508272,1,73,73,ya estaba
CHEMBL508289,1,42,42,ya estaba
CHEMBL508310,1,62,62,ya estaba
CHEMBL508318,1,42,42,ya estaba
CHEMBL508345,1,60,60,ya estaba
CHEMBL508360,1,74,74,ya estaba
CHEMBL508383,1,81,81,ya estaba
CHEMBL508418,1,34,34,ya estaba
CHEMBL508426,1,47,47,ya estaba
CHEMBL508446,0,51,51,tipos no validos: {'Si': 1}
CHEMBL508460,1,41,41,ya estaba
CHEMBL508470,1,37,37,ya estaba
CHEMBL508484,1,64,64,ya estaba
CHEMBL508498,1,62,62,ya estaba
CHEMBL508522,1,36,36,ya estaba
CHEMBL508569,1,109,109,ya estaba
CHEMBL508581,1,44,44,ya estaba
CHEMBL508639,1,18,18,ya estaba
CHEMBL508640,1,17,17,ya estaba
CHEMBL508660,1,85,85,ya estaba
CHEMBL508677,1,43,43,ya estaba
CHEMBL508688,1,61,61,ya estaba
CHEMBL508689,1,41,41,ya estaba
CHEMBL508741,1,25,25,ya estaba
CHEMBL508743,1,38,38,ya estaba
CHEMBL508745,1,51,51,ya estaba
CHEMBL508757,1,63,63,ya estaba
CHEMBL508830,1,51,51,ya estaba
CHEMBL508884,1,38,38,ya estaba
CHEMBL508889,1,16,16,ya estaba
CHEMBL508912,1,49,49,ya estaba
CHEMBL508926,1,67,67,ya estaba
CHEMBL508944,1,70,70,ya estaba
CHEMBL508956,1,21,21,ya estaba
CHEMBL508957,1,47,47,ya estaba
CHEMBL508971,1,29,29,ya estaba
CHEMBL508980,1,50,50,ya estaba
CHEMBL509008,1,41,41,ya estaba
CHEMBL509009,1,79,79,ya estaba
CHEMBL509024,1,47,47,ya estaba
CHEMBL509042,1,82,82,ya estaba
CHEMBL509043,1,41,41,ya estaba
CHEMBL509105,1,52,52,ya estaba
CHEMBL509111,1,67,67,ya estaba
CHEMBL509120,1,34,34,ya estaba
CHEMBL509128,1,51,51,ya estaba
CHEMBL509130,1,26,26,ya estaba
CHEMBL509147,1,26,26,ya estaba
CHEMBL509159,1,19,19,ya estaba
CHEMBL509162,1,71,71,ya estaba
CHEMBL509174,1,25,25,ya estaba
CHEMBL509178,1,21,21,ya estaba
CHEMBL509201,1,44,44,ya estaba
CHEMBL509209,1,56,56,ya estaba
CHEMBL509211,1,42,42,ya estaba
CHEMBL509212,1,18,18,ya estaba
CHEMBL509215,1,50,50,ya estaba
CHEMBL509217,1,32,32,ya estaba
CHEMBL509227,1,45,45,ya estaba
CHEMBL509235,1,44,44,ya estaba
CHEMBL509244,1,39,39,ya estaba
CHEMBL509275,1,60,60,ya estaba
CHEMBL509284,1,68,68,ya estaba
CHEMBL509287,1,57,57,ya estaba
CHEMBL509321,1,41,41,ya estaba
CHEMBL509341,1,99,99,ya estaba
CHEMBL509351,1,42,42,ya estaba
CHEMBL509364,1,72,72,ya estaba
CHEMBL509371,1,26,26,ya estaba
CHEMBL509380,1,23,23,ya estaba
CHEMBL509396,1,28,28,ya estaba
CHEMBL509404,1,17,17,ya estaba
CHEMBL509415,1,25,25,ya estaba
CHEMBL509416,1,30,30,ya estaba
CHEMBL509420,1,72,72,ya estaba
CHEMBL509427,1,44,44,ya estaba
CHEMBL509444,1,60,60,ya estaba
CHEMBL509462,1,40,40,ya estaba
CHEMBL509463,1,52,52,ya estaba
CHEMBL509470,1,52,52,ya estaba
CHEMBL509477,1,42,42,ya estaba
CHEMBL509479,1,43,43,ya estaba
CHEMBL509482,1,26,26,ya estaba
CHEMBL509483,1,22,22,ya estaba
CHEMBL509489,1,40,40,ya estaba
CHEMBL509506,1,21,21,ya estaba
CHEMBL509507,1,58,58,ya estaba
CHEMBL509518,1,44,44,ya estaba
CHEMBL509524,1,57,57,ya estaba
CHEMBL509526,1,43,43,ya estaba
CHEMBL509527,1,51,51,ya estaba
CHEMBL509532,1,106,106,ya estaba
CHEMBL509536,1,44,44,ya estaba
CHEMBL509562,1,56,56,ya estaba
CHEMBL509566,1,15,15,ya estaba
CHEMBL509583,1,41,41,ya estaba
CHEMBL509590,1,17,17,ya estaba
CHEMBL509591,1,18,18,ya estaba
CHEMBL509596,1,38,38,ya estaba
CHEMBL509605,1,52,52,ya estaba
CHEMBL509616,1,24,24,ya estaba
CHEMBL509634,1,27,27,ya estaba
CHEMBL509641,1,18,18,ya estaba
CHEMBL509658,1,49,49,ya estaba
CHEMBL509674,1,84,84,ya estaba
CHEMBL509706,1,24,24,ya estaba
CHEMBL509723,1,70,70,ya estaba
CHEMBL509742,1,37,37,ya estaba
CHEMBL509764,1,53,53,ya estaba
CHEMBL509765,1,80,80,ya estaba
CHEMBL509773,1,42,42,ya estaba
CHEMBL509792,1,73,73,ya estaba
CHEMBL509802,1,48,48,ya estaba
CHEMBL509803,1,45,45,ya estaba
CHEMBL509805,1,15,15,ya estaba
CHEMBL509807,1,40,40,ya estaba
CHEMBL509814,1,50,50,ya estaba
CHEMBL509837,1,71,71,ya estaba
CHEMBL509855,1,45,45,ya estaba
CHEMBL509870,1,57,57,ya estaba
CHEMBL509883,1,25,25,ya estaba
CHEMBL509887,1,49,49,ya estaba
CHEMBL509888,1,52,52,ya estaba
CHEMBL509897,1,62,62,ya estaba
CHEMBL509909,1,16,16,ya estaba
CHEMBL509912,1,29,29,ya estaba
CHEMBL509926,1,68,68,ya estaba
CHEMBL509933,1,68,68,ya estaba
CHEMBL509934,1,55,55,ya estaba
CHEMBL509935,1,22,22,ya estaba
CHEMBL509936,1,17,17,ya estaba
CHEMBL509938,1,52,52,ya estaba
CHEMBL509942,1,40,40,ya estaba
CHEMBL509960,1,33,33,ya estaba
CHEMBL509981,1,102,102,
CHEMBL509999,1,45,45,ya estaba
CHEMBL510000,1,48,48,ya estaba
CHEMBL510018,1,92,92,ya estaba
CHEMBL510022,1,45,45,ya estaba
CHEMBL510034,1,60,60,ya estaba
CHEMBL510053,1,57,57,ya estaba
CHEMBL510064,1,103,103,
CHEMBL510073,1,26,26,ya estaba
CHEMBL510119,1,26,26,ya estaba
CHEMBL510128,1,41,41,ya estaba
CHEMBL510129,1,49,49,ya estaba
CHEMBL510135,1,54,54,ya estaba
CHEMBL510147,1,68,68,ya estaba
CHEMBL510158,1,20,20,ya estaba
CHEMBL510169,1,31,31,ya estaba
CHEMBL510185,1,45,45,ya estaba
CHEMBL510203,1,23,23,ya estaba
CHEMBL510206,1,103,103,ya estaba
CHEMBL510254,1,21,21,ya estaba
CHEMBL510268,1,44,44,ya estaba
CHEMBL510273,1,44,44,ya estaba
CHEMBL510284,1,55,55,ya estaba
CHEMBL510311,1,61,61,ya estaba
CHEMBL510331,1,52,52,ya estaba
CHEMBL510375,1,31,31,ya estaba
CHEMBL510389,1,84,84,ya estaba
CHEMBL510400,1,57,57,ya estaba
CHEMBL510403,1,23,23,ya estaba
CHEMBL510408,1,38,38,ya estaba
CHEMBL510416,1,52,52,ya estaba
CHEMBL510424,1,44,44,ya estaba
CHEMBL510452,1,69,69,ya estaba
CHEMBL510494,1,42,42,ya estaba
CHEMBL510500,1,42,42,ya estaba
CHEMBL510519,1,113,113,ya estaba
CHEMBL510525,1,21,21,ya estaba
CHEMBL510550,1,79,79,ya estaba
CHEMBL510568,1,26,26,ya estaba
CHEMBL510572,1,32,32,ya estaba
CHEMBL510575,1,42,42,ya estaba
CHEMBL510576,1,53,53,ya estaba
CHEMBL510577,1,60,60,ya estaba
CHEMBL510579,1,43,43,ya estaba
CHEMBL510584,1,34,34,ya estaba
CHEMBL510585,1,40,40,ya estaba
CHEMBL510586,1,42,42,ya estaba
CHEMBL510602,1,66,66,ya estaba
CHEMBL510608,1,38,38,ya estaba
CHEMBL510609,1,65,65,ya estaba
CHEMBL510612,1,44,44,ya estaba
CHEMBL510614,1,43,43,ya estaba
CHEMBL510618,1,80,80,ya estaba
CHEMBL510621,1,109,109,ya estaba
CHEMBL510632,1,58,58,ya estaba
CHEMBL510644,1,25,25,ya estaba
CHEMBL510650,1,77,77,ya estaba
CHEMBL510651,1,39,39,ya estaba
CHEMBL510681,1,51,51,ya estaba
CHEMBL510686,1,62,62,ya estaba
CHEMBL510705,1,50,50,ya estaba
CHEMBL510730,1,52,52,ya estaba
CHEMBL510762,1,69,69,ya estaba
CHEMBL510777,1,24,24,ya estaba
CHEMBL510782,1,47,47,ya estaba
CHEMBL510794,1,65,65,ya estaba
CHEMBL510806,1,71,71,ya estaba
CHEMBL510830,1,43,43,ya estaba
CHEMBL510832,1,56,56,ya estaba
CHEMBL510836,1,25,25,ya estaba
CHEMBL510841,1,19,19,ya estaba
CHEMBL510857,1,45,45,ya estaba
CHEMBL510862,1,31,31,ya estaba
CHEMBL510894,1,106,106,ya estaba
CHEMBL510897,1,42,42,ya estaba
CHEMBL510898,1,53,53,ya estaba
CHEMBL510943,1,46,46,ya estaba
CHEMBL510944,1,78,78,ya estaba
CHEMBL510957,1,42,42,ya estaba
CHEMBL510976,1,58,58,ya estaba
CHEMBL510997,1,43,43,ya estaba
CHEMBL511008,1,21,21,ya estaba
CHEMBL511018,1,45,45,ya estaba
CHEMBL511022,1,27,27,ya estaba
CHEMBL511025,1,64,64,ya estaba
CHEMBL511037,1,39,39,ya estaba
CHEMBL511044,1,19,19,ya estaba
CHEMBL511058,1,25,25,ya estaba
CHEMBL511075,1,54,54,ya estaba
CHEMBL511086,1,85,85,ya estaba
CHEMBL511097,1,20,20,ya estaba
CHEMBL511138,1,26,26,ya estaba
CHEMBL511141,1,34,34,ya estaba
CHEMBL511224,1,35,35,ya estaba
CHEMBL511229,1,34,34,ya estaba
CHEMBL511253,1,28,28,ya estaba
CHEMBL511262,1,33,33,ya estaba
CHEMBL511269,1,33,33,ya estaba
CHEMBL511293,1,21,21,ya estaba
CHEMBL511295,1,33,33,ya estaba
CHEMBL511326,1,20,20,ya estaba
CHEMBL511375,1,37,37,ya estaba
CHEMBL511395,1,29,29,ya estaba
CHEMBL511407,1,38,38,ya estaba
CHEMBL511426,1,24,24,ya estaba
CHEMBL511439,1,37,37,ya estaba
CHEMBL511442,1,19,19,ya estaba
CHEMBL511481,1,30,30,ya estaba
CHEMBL511487,1,25,25,ya estaba
CHEMBL511489,1,24,24,ya estaba
CHEMBL511492,1,33,33,ya estaba
CHEMBL511532,1,17,17,ya estaba
CHEMBL511533,1,17,17,ya estaba
CHEMBL511535,1,22,22,ya estaba
CHEMBL511547,1,30,30,ya estaba
CHEMBL511556,1,31,31,ya estaba
CHEMBL511562,1,37,37,ya estaba
CHEMBL511572,1,37,37,ya estaba
CHEMBL511593,1,34,34,ya estaba
CHEMBL511604,1,25,25,ya estaba
CHEMBL511618,1,38,38,ya estaba
CHEMBL511627,1,27,27,ya estaba
CHEMBL511632,1,30,30,ya estaba
CHEMBL511633,1,40,40,ya estaba
CHEMBL511651,1,29,29,ya estaba
CHEMBL511658,1,27,27,ya estaba
CHEMBL511660,1,31,31,ya estaba
CHEMBL511699,1,21,21,ya estaba
CHEMBL511721,1,29,29,ya estaba
CHEMBL511730,1,38,38,ya estaba
CHEMBL511737,1,38,38,ya estaba
CHEMBL511773,1,36,36,ya estaba
CHEMBL511778,1,24,24,ya estaba
CHEMBL511824,1,32,32,ya estaba
CHEMBL511903,1,38,38,ya estaba
CHEMBL511904,1,38,38,ya estaba
CHEMBL511928,1,36,36,ya estaba
CHEMBL511940,1,34,34,ya estaba
CHEMBL511971,1,34,34,ya estaba
CHEMBL511981,1,29,29,ya estaba
CHEMBL512002,1,26,26,ya estaba
CHEMBL512028,1,19,19,ya estaba
CHEMBL512046,1,16,16,ya estaba
CHEMBL512064,1,25,25,ya estaba
CHEMBL512094,1,21,21,ya estaba
CHEMBL512100,1,39,39,ya estaba
CHEMBL512125,1,37,37,ya estaba
CHEMBL512139,1,30,30,ya estaba
CHEMBL512146,1,25,25,ya estaba
CHEMBL512155,1,23,23,ya estaba
CHEMBL512170,1,35,35,ya estaba
CHEMBL512213,1,22,22,ya estaba
CHEMBL512251,1,39,39,ya estaba
CHEMBL512282,1,38,38,ya estaba
CHEMBL512292,1,38,38,ya estaba
CHEMBL512302,1,29,29,ya estaba
CHEMBL512307,1,26,26,ya estaba
CHEMBL512336,1,25,25,ya estaba
CHEMBL512339,1,17,17,ya estaba
CHEMBL512349,1,39,39,ya estaba
CHEMBL512368,1,31,31,ya estaba
CHEMBL512382,1,17,17,ya estaba
CHEMBL512406,1,21,21,ya estaba
CHEMBL512421,1,22,22,ya estaba
CHEMBL512429,1,30,30,ya estaba
CHEMBL512448,1,34,34,ya estaba
CHEMBL512471,1,35,35,ya estaba
CHEMBL512482,1,25,25,ya estaba
CHEMBL512489,1,37,37,ya estaba
CHEMBL512512,1,25,25,ya estaba
CHEMBL512530,1,29,29,ya estaba
CHEMBL512534,1,25,25,ya estaba
CHEMBL512594,1,35,35,ya estaba
CHEMBL512607,1,15,15,ya estaba
CHEMBL512610,1,34,34,ya estaba
CHEMBL512614,1,33,33,ya estaba
CHEMBL512615,1,19,19,ya estaba
CHEMBL512654,1,30,30,ya estaba
CHEMBL512662,1,23,23,ya estaba
CHEMBL512682,1,19,19,ya estaba
CHEMBL512717,1,27,27,ya estaba
CHEMBL512755,1,17,17,ya estaba
CHEMBL512778,1,34,34,ya estaba
CHEMBL512807,1,39,39,ya estaba
CHEMBL512808,1,36,36,ya estaba
CHEMBL512826,1,17,17,ya estaba
CHEMBL512833,1,18,18,ya estaba
CHEMBL512846,1,29,29,ya estaba
CHEMBL512850,1,22,22,ya estaba
CHEMBL512853,1,27,27,ya estaba
CHEMBL512877,1,33,33,ya estaba
CHEMBL512889,1,21,21,ya estaba
CHEMBL512892,1,32,32,ya estaba
CHEMBL512896,1,27,27,ya estaba
CHEMBL512928,1,22,22,ya estaba
CHEMBL512948,1,17,17,ya estaba
CHEMBL512949,1,37,37,ya estaba
CHEMBL512956,1,36,36,ya estaba
CHEMBL512971,1,36,36,ya estaba
CHEMBL512976,1,30,30,ya estaba
CHEMBL512998,1,37,37,ya estaba
CHEMBL513006,1,36,36,ya estaba
CHEMBL513010,1,37,37,ya estaba
CHEMBL513022,1,18,18,ya estaba
CHEMBL513036,1,41,41,ya estaba
CHEMBL513051,1,24,24,ya estaba
CHEMBL513137,1,37,37,ya estaba
CHEMBL513152,1,25,25,ya estaba
CHEMBL513190,1,25,25,ya estaba
CHEMBL513224,1,23,23,ya estaba
CHEMBL513226,1,33,33,ya estaba
CHEMBL513266,1,23,23,ya estaba
CHEMBL513269,1,22,22,ya estaba
CHEMBL513316,1,28,28,ya estaba
CHEMBL513324,1,25,25,ya estaba
CHEMBL513334,1,37,37,ya estaba
CHEMBL513372,1,18,18,ya estaba
CHEMBL513397,1,30,30,ya estaba
CHEMBL513420,1,18,18,ya estaba
CHEMBL513421,1,17,17,ya estaba
CHEMBL513425,1,30,30,ya estaba
CHEMBL513426,1,25,25,ya estaba
CHEMBL513476,1,35,35,ya estaba
CHEMBL513490,1,32,32,ya estaba
CHEMBL513539,1,21,21,ya estaba
CHEMBL513545,1,29,29,ya estaba
CHEMBL513556,1,29,29,ya estaba
CHEMBL513582,1,32,32,ya estaba
CHEMBL513585,1,27,27,ya estaba
CHEMBL513595,1,40,40,ya estaba
CHEMBL513674,1,36,36,ya estaba
CHEMBL513693,1,37,37,ya estaba
CHEMBL513707,1,23,23,ya estaba
CHEMBL513708,1,23,23,ya estaba
CHEMBL513722,1,28,28,ya estaba
CHEMBL513726,1,36,36,ya estaba
CHEMBL513733,1,30,30,ya estaba
CHEMBL513735,1,36,36,ya estaba
CHEMBL513736,1,26,26,ya estaba
CHEMBL513752,1,29,29,ya estaba
CHEMBL513782,1,13,13,ya estaba
CHEMBL513802,1,17,17,ya estaba
CHEMBL513819,1,28,28,ya estaba
CHEMBL513832,1,39,39,ya estaba
CHEMBL513863,1,24,24,ya estaba
CHEMBL513880,1,36,36,ya estaba
CHEMBL513885,1,35,35,ya estaba
CHEMBL513887,1,33,33,ya estaba
CHEMBL513917,1,37,37,ya estaba
CHEMBL513920,1,35,35,ya estaba
CHEMBL513927,1,18,18,ya estaba
CHEMBL513929,1,25,25,ya estaba
CHEMBL513934,1,19,19,ya estaba
CHEMBL513959,1,38,38,ya estaba
CHEMBL514017,1,36,36,ya estaba
CHEMBL514024,1,24,24,ya estaba
CHEMBL514089,1,29,29,ya estaba
CHEMBL514129,1,22,22,ya estaba
CHEMBL514130,1,23,23,ya estaba
CHEMBL514152,1,31,31,ya estaba
CHEMBL514212,1,24,24,ya estaba
CHEMBL514244,1,38,38,ya estaba
CHEMBL514247,1,24,24,ya estaba
CHEMBL514281,1,33,33,ya estaba
CHEMBL514282,1,36,36,ya estaba
CHEMBL514318,1,35,35,ya estaba
CHEMBL514321,1,25,25,ya estaba
CHEMBL514330,1,38,38,ya estaba
CHEMBL514338,1,24,24,ya estaba
CHEMBL514341,1,40,40,ya estaba
CHEMBL514370,1,37,37,ya estaba
CHEMBL514377,1,28,28,ya estaba
CHEMBL514388,1,36,36,ya estaba
CHEMBL514429,1,35,35,ya estaba
CHEMBL514437,1,30,30,ya estaba
CHEMBL514445,1,32,32,ya estaba
CHEMBL514474,1,20,20,ya estaba
CHEMBL514492,1,33,33,ya estaba
CHEMBL514496,1,27,27,ya estaba
CHEMBL514497,1,38,38,ya estaba
CHEMBL514518,1,25,25,ya estaba
CHEMBL514529,1,33,33,ya estaba
CHEMBL514654,1,28,28,ya estaba
CHEMBL514664,1,38,38,ya estaba
CHEMBL514675,1,39,39,ya estaba
CHEMBL514736,1,26,26,ya estaba
CHEMBL514772,1,39,39,ya estaba
CHEMBL514773,1,37,37,ya estaba
CHEMBL514779,1,36,36,ya estaba
CHEMBL514818,1,22,22,ya estaba
CHEMBL514837,1,34,34,ya estaba
CHEMBL514859,1,38,38,ya estaba
CHEMBL514869,1,29,29,ya estaba
CHEMBL514897,1,22,22,ya estaba
CHEMBL514903,1,24,24,ya estaba
CHEMBL514914,1,36,36,ya estaba
CHEMBL514916,1,28,28,ya estaba
CHEMBL514920,1,36,36,ya estaba
CHEMBL514926,1,16,16,ya estaba
CHEMBL514943,1,34,34,ya estaba
CHEMBL514952,1,40,40,ya estaba
CHEMBL514969,1,24,24,ya estaba
CHEMBL515023,1,34,34,ya estaba
CHEMBL515060,1,24,24,ya estaba
CHEMBL515061,1,22,22,ya estaba
CHEMBL515064,1,22,22,ya estaba
CHEMBL515145,1,36,36,ya estaba
CHEMBL515163,1,24,24,ya estaba
CHEMBL515170,1,25,25,ya estaba
CHEMBL515174,1,30,30,ya estaba
CHEMBL515185,1,24,24,ya estaba
CHEMBL515268,1,30,30,ya estaba
CHEMBL515273,1,39,39,ya estaba
CHEMBL515288,1,30,30,ya estaba
CHEMBL515304,1,26,26,ya estaba
CHEMBL515324,1,35,35,ya estaba
CHEMBL515331,1,38,38,ya estaba
CHEMBL515355,1,34,34,ya estaba
CHEMBL515362,1,32,32,ya estaba
CHEMBL515380,1,21,21,ya estaba
CHEMBL515407,1,25,25,ya estaba
CHEMBL515460,1,37,37,ya estaba
CHEMBL515501,1,32,32,ya estaba
CHEMBL515520,1,37,37,ya estaba
CHEMBL515550,1,38,38,ya estaba
CHEMBL515601,1,39,39,ya estaba
CHEMBL515605,1,23,23,ya estaba
CHEMBL515606,1,30,30,ya estaba
CHEMBL515607,1,36,36,ya estaba
CHEMBL515624,1,24,24,ya estaba
CHEMBL515694,1,33,33,ya estaba
CHEMBL515721,1,25,25,ya estaba
CHEMBL515748,1,38,38,ya estaba
CHEMBL515762,1,40,40,ya estaba
CHEMBL515806,1,35,35,ya estaba
CHEMBL515813,1,36,36,ya estaba
CHEMBL515815,1,28,28,ya estaba
CHEMBL515840,1,23,23,ya estaba
CHEMBL515850,1,26,26,ya estaba
CHEMBL515882,1,34,34,ya estaba
CHEMBL515896,1,38,38,ya estaba
CHEMBL515910,1,32,32,ya estaba
CHEMBL515928,1,39,39,ya estaba
CHEMBL515963,1,37,37,ya estaba
CHEMBL515974,1,22,22,ya estaba
CHEMBL515976,1,27,27,ya estaba
CHEMBL515987,1,24,24,ya estaba
CHEMBL515994,1,26,26,ya estaba
CHEMBL516005,1,26,26,ya estaba
CHEMBL516011,1,25,25,ya estaba
CHEMBL516013,1,22,22,ya estaba
CHEMBL516023,1,27,27,ya estaba
CHEMBL516054,1,39,39,ya estaba
CHEMBL516093,1,35,35,ya estaba
CHEMBL516103,1,32,32,ya estaba
CHEMBL516104,1,18,18,ya estaba
CHEMBL516117,1,29,29,ya estaba
CHEMBL516130,1,26,26,ya estaba
CHEMBL516138,1,27,27,ya estaba
CHEMBL516148,1,22,22,ya estaba
CHEMBL516150,1,24,24,ya estaba
CHEMBL516156,1,37,37,ya estaba
CHEMBL516174,1,37,37,ya estaba
CHEMBL516178,1,22,22,ya estaba
CHEMBL516179,1,23,23,ya estaba
CHEMBL516180,1,29,29,ya estaba
CHEMBL516208,1,36,36,ya estaba
CHEMBL516210,1,30,30,ya estaba
CHEMBL516237,1,36,36,ya estaba
CHEMBL516239,1,23,23,ya estaba
CHEMBL516240,1,23,23,ya estaba
CHEMBL516249,1,34,34,ya estaba
CHEMBL516268,1,27,27,ya estaba
CHEMBL516298,1,30,30,ya estaba
CHEMBL516305,1,36,36,ya estaba
CHEMBL516311,1,18,18,ya estaba
CHEMBL516317,1,24,24,ya estaba
CHEMBL516336,1,24,24,ya estaba
CHEMBL516341,1,30,30,ya estaba
CHEMBL516354,1,39,39,ya estaba
CHEMBL516381,1,30,30,ya estaba
CHEMBL516393,1,25,25,ya estaba
CHEMBL516403,1,34,34,ya estaba
CHEMBL516412,1,25,25,ya estaba
CHEMBL516449,1,35,35,ya estaba
CHEMBL516469,1,20,20,ya estaba
CHEMBL516473,1,32,32,ya estaba
CHEMBL516499,1,27,27,ya estaba
CHEMBL516513,1,25,25,ya estaba
CHEMBL516524,1,18,18,ya estaba
CHEMBL516526,1,34,34,ya estaba
CHEMBL516529,1,33,33,ya estaba
CHEMBL516540,1,29,29,ya estaba
CHEMBL516546,1,37,37,ya estaba
CHEMBL516549,1,24,24,ya estaba
CHEMBL516555,1,35,35,ya estaba
CHEMBL516557,1,38,38,ya estaba
CHEMBL516561,1,18,18,ya estaba
CHEMBL516563,1,22,22,ya estaba
CHEMBL516569,1,17,17,ya estaba
CHEMBL516572,1,17,17,ya estaba
CHEMBL516577,1,19,19,ya estaba
CHEMBL516578,1,22,22,ya estaba
CHEMBL516596,1,31,31,ya estaba
CHEMBL516614,1,31,31,ya estaba
CHEMBL516627,1,35,35,ya estaba
CHEMBL516629,1,33,33,ya estaba
CHEMBL516649,1,32,32,ya estaba
CHEMBL516665,1,22,22,ya estaba
CHEMBL516667,1,25,25,ya estaba
CHEMBL516669,1,40,40,ya estaba
CHEMBL516678,1,35,35,ya estaba
CHEMBL516684,1,27,27,ya estaba
CHEMBL516690,1,27,27,ya estaba
CHEMBL516694,1,25,25,ya estaba
CHEMBL516704,1,25,25,ya estaba
CHEMBL516705,1,32,32,ya estaba
CHEMBL516706,1,28,28,ya estaba
CHEMBL516712,1,21,21,ya estaba
CHEMBL516714,1,31,31,ya estaba
CHEMBL516718,1,29,29,ya estaba
CHEMBL516739,1,24,24,ya estaba
CHEMBL516756,1,17,17,ya estaba
CHEMBL516773,1,30,30,ya estaba
CHEMBL516780,1,19,19,ya estaba
CHEMBL516788,1,30,30,ya estaba
CHEMBL516791,1,22,22,ya estaba
CHEMBL516829,1,19,19,ya estaba
CHEMBL516834,1,36,36,ya estaba
CHEMBL516856,1,33,33,ya estaba
CHEMBL516857,1,33,33,ya estaba
CHEMBL516861,1,25,25,ya estaba
CHEMBL516867,1,34,34,ya estaba
CHEMBL516873,1,26,26,ya estaba
CHEMBL516875,1,19,19,ya estaba
CHEMBL516879,1,26,26,ya estaba
CHEMBL516880,1,24,24,ya estaba
CHEMBL516882,1,26,26,ya estaba
CHEMBL516898,1,18,18,ya estaba
CHEMBL516919,1,39,39,ya estaba
CHEMBL516928,1,16,16,ya estaba
CHEMBL516936,1,31,31,ya estaba
CHEMBL516957,1,25,25,ya estaba
CHEMBL516983,1,26,26,ya estaba
CHEMBL516985,1,36,36,ya estaba
CHEMBL516990,1,31,31,ya estaba
CHEMBL516995,1,24,24,ya estaba
CHEMBL517001,1,37,37,ya estaba
CHEMBL517036,1,37,37,ya estaba
CHEMBL517040,1,18,18,ya estaba
CHEMBL517043,1,23,23,ya estaba
CHEMBL517052,1,18,18,ya estaba
CHEMBL517060,1,26,26,ya estaba
CHEMBL517064,1,38,38,ya estaba
CHEMBL517066,1,30,30,ya estaba
CHEMBL517083,1,26,26,ya estaba
CHEMBL517126,1,38,38,ya estaba
CHEMBL517148,1,26,26,ya estaba
CHEMBL517150,1,33,33,ya estaba
CHEMBL517176,1,26,26,ya estaba
CHEMBL517183,1,33,33,ya estaba
CHEMBL517184,1,26,26,ya estaba
CHEMBL517186,1,25,25,ya estaba
CHEMBL517188,1,29,29,ya estaba
CHEMBL517193,1,28,28,ya estaba
CHEMBL517219,1,32,32,ya estaba
CHEMBL517220,1,36,36,ya estaba
CHEMBL517237,1,38,38,ya estaba
CHEMBL517241,1,26,26,ya estaba
CHEMBL517253,1,28,28,ya estaba
CHEMBL517271,1,28,28,ya estaba
CHEMBL517284,1,26,26,ya estaba
CHEMBL517291,1,24,24,ya estaba
CHEMBL517297,1,24,24,ya estaba
CHEMBL517302,1,26,26,ya estaba
CHEMBL517303,1,31,31,ya estaba
CHEMBL517308,1,27,27,ya estaba
CHEMBL517318,1,24,24,ya estaba
CHEMBL517319,1,23,23,ya estaba
CHEMBL517322,1,25,25,ya estaba
CHEMBL517325,1,23,23,ya estaba
CHEMBL517336,1,37,37,ya estaba
CHEMBL517337,1,22,22,ya estaba
CHEMBL517344,1,25,25,ya estaba
CHEMBL517363,1,27,27,ya estaba
CHEMBL517368,1,36,36,ya estaba
CHEMBL517375,1,27,27,ya estaba
CHEMBL517380,1,26,26,ya estaba
CHEMBL517394,1,20,20,ya estaba
CHEMBL517398,1,32,32,ya estaba
CHEMBL517446,1,23,23,ya estaba
CHEMBL517457,1,25,25,ya estaba
CHEMBL517459,1,28,28,ya estaba
CHEMBL517460,1,26,26,ya estaba
CHEMBL517471,1,22,22,ya estaba
CHEMBL517476,1,35,35,ya estaba
CHEMBL517478,1,28,28,ya estaba
CHEMBL517485,1,35,35,ya estaba
CHEMBL517503,1,22,22,ya estaba
CHEMBL517504,1,22,22,ya estaba
CHEMBL517508,1,17,17,ya estaba
CHEMBL517513,1,20,20,ya estaba
CHEMBL517525,1,36,36,ya estaba
CHEMBL517529,1,25,25,ya estaba
CHEMBL517536,1,20,20,ya estaba
CHEMBL517546,1,23,23,ya estaba
CHEMBL517586,1,33,33,ya estaba
CHEMBL517605,1,34,34,ya estaba
CHEMBL517613,1,26,26,ya estaba
CHEMBL517615,1,41,41,ya estaba
CHEMBL517617,1,37,37,ya estaba
CHEMBL517627,1,29,29,ya estaba
CHEMBL517629,1,30,30,ya estaba
CHEMBL517645,1,36,36,ya estaba
CHEMBL517654,1,30,30,ya estaba
CHEMBL517659,1,14,14,ya estaba
CHEMBL517670,1,39,39,ya estaba
CHEMBL517688,1,19,19,ya estaba
CHEMBL517694,1,36,36,ya estaba
CHEMBL517705,1,27,27,ya estaba
CHEMBL517713,1,33,33,ya estaba
CHEMBL517719,1,34,34,ya estaba
CHEMBL517737,1,29,29,ya estaba
CHEMBL517753,1,32,32,ya estaba
CHEMBL517758,1,32,32,ya estaba
CHEMBL517774,1,30,30,ya estaba
CHEMBL517775,1,26,26,ya estaba
CHEMBL517781,1,32,32,ya estaba
CHEMBL517786,1,19,19,ya estaba
CHEMBL517797,1,34,34,ya estaba
CHEMBL517799,1,39,39,ya estaba
CHEMBL517824,1,22,22,ya estaba
CHEMBL517828,1,23,23,ya estaba
CHEMBL517852,1,31,31,ya estaba
CHEMBL517853,1,39,39,ya estaba
CHEMBL517871,1,32,32,ya estaba
CHEMBL517894,1,29,29,ya estaba
CHEMBL517914,1,22,22,ya estaba
CHEMBL517917,1,20,20,ya estaba
CHEMBL517926,1,25,25,ya estaba
CHEMBL517931,1,34,34,ya estaba
CHEMBL517959,1,27,27,ya estaba
CHEMBL517984,1,20,20,ya estaba
CHEMBL517987,1,31,31,ya estaba
CHEMBL517990,1,27,27,ya estaba
CHEMBL518008,1,18,18,ya estaba
CHEMBL518009,1,21,21,ya estaba
CHEMBL518016,1,32,32,ya estaba
CHEMBL518054,1,26,26,ya estaba
CHEMBL518065,1,29,29,ya estaba
CHEMBL518068,1,27,27,ya estaba
CHEMBL518078,1,27,27,ya estaba
CHEMBL518086,1,29,29,ya estaba
CHEMBL518098,1,27,27,ya estaba
CHEMBL518104,1,23,23,ya estaba
CHEMBL518107,1,31,31,ya estaba
CHEMBL518108,1,28,28,ya estaba
CHEMBL518127,1,35,35,ya estaba
CHEMBL518136,1,24,24,ya estaba
CHEMBL518139,1,22,22,ya estaba
CHEMBL518145,1,28,28,ya estaba
CHEMBL518153,1,26,26,ya estaba
CHEMBL518172,1,30,30,ya estaba
CHEMBL518180,1,25,25,ya estaba
CHEMBL518181,1,25,25,ya estaba
CHEMBL518188,1,27,27,ya estaba
CHEMBL518194,1,27,27,ya estaba
CHEMBL518210,1,25,25,ya estaba
CHEMBL518212,1,31,31,ya estaba
CHEMBL518215,1,33,33,ya estaba
CHEMBL518220,1,25,25,ya estaba
CHEMBL518225,1,37,37,ya estaba
CHEMBL518239,1,35,35,ya estaba
CHEMBL518241,1,26,26,ya estaba
CHEMBL518246,1,25,25,ya estaba
CHEMBL518256,1,26,26,ya estaba
CHEMBL518259,1,25,25,ya estaba
CHEMBL518291,1,28,28,ya estaba
CHEMBL518321,1,20,20,ya estaba
CHEMBL518349,1,33,33,ya estaba
CHEMBL518369,1,37,37,ya estaba
CHEMBL518370,1,24,24,ya estaba
CHEMBL518372,1,26,26,ya estaba
CHEMBL518385,1,40,40,ya estaba
CHEMBL518400,1,25,25,ya estaba
CHEMBL518434,1,22,22,ya estaba
CHEMBL518437,1,17,17,ya estaba
CHEMBL518442,1,36,36,ya estaba
CHEMBL518456,1,23,23,ya estaba
CHEMBL518466,1,27,27,ya estaba
CHEMBL518469,1,37,37,ya estaba
CHEMBL518490,1,37,37,ya estaba
CHEMBL518501,1,29,29,ya estaba
CHEMBL518505,1,30,30,ya estaba
CHEMBL518523,1,29,29,ya estaba
CHEMBL518527,1,18,18,ya estaba
CHEMBL518541,1,34,34,ya estaba
CHEMBL518542,1,16,16,ya estaba
CHEMBL518547,1,34,34,ya estaba
CHEMBL518555,1,29,29,ya estaba
CHEMBL518563,1,33,33,ya estaba
CHEMBL518591,1,25,25,ya estaba
CHEMBL518599,1,28,28,ya estaba
CHEMBL518671,1,21,21,ya estaba
CHEMBL518685,1,40,40,ya estaba
CHEMBL518687,1,19,19,ya estaba
CHEMBL518700,1,26,26,ya estaba
CHEMBL518708,1,26,26,ya estaba
CHEMBL518710,1,35,35,ya estaba
CHEMBL518718,1,27,27,ya estaba
CHEMBL518724,1,24,24,ya estaba
CHEMBL518728,1,23,23,ya estaba
CHEMBL518762,1,28,28,ya estaba
CHEMBL518764,1,22,22,ya estaba
CHEMBL518765,1,20,20,ya estaba
CHEMBL518768,1,27,27,ya estaba
CHEMBL518829,1,33,33,ya estaba
CHEMBL518837,1,26,26,ya estaba
CHEMBL518838,1,29,29,ya estaba
CHEMBL518839,1,26,26,ya estaba
CHEMBL518848,1,37,37,ya estaba
CHEMBL518849,1,24,24,ya estaba
CHEMBL518855,1,23,23,ya estaba
CHEMBL518878,1,24,24,ya estaba
CHEMBL518883,1,26,26,ya estaba
CHEMBL518887,1,31,31,ya estaba
CHEMBL518892,1,25,25,ya estaba
CHEMBL518905,1,32,32,ya estaba
CHEMBL518922,1,26,26,ya estaba
CHEMBL518938,1,36,36,ya estaba
CHEMBL518940,1,32,32,ya estaba
CHEMBL518950,1,31,31,ya estaba
CHEMBL518984,1,32,32,ya estaba
CHEMBL518989,1,20,20,ya estaba
CHEMBL519005,1,27,27,ya estaba
CHEMBL519014,1,22,22,ya estaba
CHEMBL519044,1,25,25,ya estaba
CHEMBL519046,1,17,17,ya estaba
CHEMBL519092,1,15,15,ya estaba
CHEMBL519097,1,19,19,ya estaba
CHEMBL519100,1,34,34,ya estaba
CHEMBL519106,1,19,19,ya estaba
CHEMBL519114,1,31,31,ya estaba
CHEMBL519118,1,22,22,ya estaba
CHEMBL519119,1,21,21,ya estaba
CHEMBL519144,1,30,30,ya estaba
CHEMBL519149,1,30,30,ya estaba
CHEMBL519162,1,20,20,ya estaba
CHEMBL519165,1,30,30,ya estaba
CHEMBL519180,1,23,23,ya estaba
CHEMBL519204,1,23,23,ya estaba
CHEMBL519210,1,28,28,ya estaba
CHEMBL519216,1,24,24,ya estaba
CHEMBL519231,1,40,40,ya estaba
CHEMBL519232,1,28,28,ya estaba
CHEMBL519244,1,27,27,ya estaba
CHEMBL519251,1,23,23,ya estaba
CHEMBL519283,1,32,32,ya estaba
CHEMBL519284,1,27,27,ya estaba
CHEMBL519285,1,27,27,ya estaba
CHEMBL519291,1,29,29,ya estaba
CHEMBL519308,1,35,35,ya estaba
CHEMBL519317,1,27,27,ya estaba
CHEMBL519346,1,29,29,ya estaba
CHEMBL519352,1,27,27,ya estaba
CHEMBL519353,1,28,28,ya estaba
CHEMBL519354,1,32,32,ya estaba
CHEMBL519356,1,30,30,ya estaba
CHEMBL519377,1,20,20,ya estaba
CHEMBL519378,1,21,21,ya estaba
CHEMBL519381,1,19,19,ya estaba
CHEMBL519394,1,28,28,ya estaba
CHEMBL519465,1,29,29,ya estaba
CHEMBL519467,1,35,35,ya estaba
CHEMBL519486,1,32,32,ya estaba
CHEMBL519496,1,37,37,ya estaba
CHEMBL519497,1,31,31,ya estaba
CHEMBL519507,1,37,37,ya estaba
CHEMBL519515,1,25,25,ya estaba
CHEMBL519538,1,20,20,ya estaba
CHEMBL519559,1,28,28,ya estaba
CHEMBL519560,1,21,21,ya estaba
CHEMBL519573,1,22,22,ya estaba
CHEMBL519581,1,22,22,ya estaba
CHEMBL519593,1,37,37,ya estaba
CHEMBL519644,1,20,20,ya estaba
CHEMBL519660,1,20,20,ya estaba
CHEMBL519663,1,25,25,ya estaba
CHEMBL519675,1,20,20,ya estaba
CHEMBL519707,1,25,25,ya estaba
CHEMBL519718,1,27,27,ya estaba
CHEMBL519725,1,25,25,ya estaba
CHEMBL519749,1,36,36,ya estaba
CHEMBL519751,1,27,27,ya estaba
CHEMBL519755,1,30,30,ya estaba
CHEMBL519769,1,76,76,ya estaba
CHEMBL519778,1,24,24,ya estaba
CHEMBL519781,1,31,31,ya estaba
CHEMBL519782,1,34,34,ya estaba
CHEMBL519794,1,36,36,ya estaba
CHEMBL519805,1,28,28,ya estaba
CHEMBL519849,1,20,20,ya estaba
CHEMBL519866,1,18,18,ya estaba
CHEMBL519882,1,32,32,ya estaba
CHEMBL519883,1,30,30,ya estaba
CHEMBL519895,1,24,24,ya estaba
CHEMBL519906,1,22,22,ya estaba
CHEMBL519920,1,26,26,ya estaba
CHEMBL519923,1,40,40,ya estaba
CHEMBL519925,1,32,32,ya estaba
CHEMBL519929,1,39,39,ya estaba
CHEMBL519930,1,25,25,ya estaba
CHEMBL519932,1,38,38,ya estaba
CHEMBL519933,1,30,30,ya estaba
CHEMBL519958,1,30,30,ya estaba
CHEMBL519963,1,30,30,ya estaba
CHEMBL520000,1,25,25,ya estaba
CHEMBL520004,1,26,26,ya estaba
CHEMBL520014,1,21,21,ya estaba
CHEMBL520015,1,22,22,ya estaba
CHEMBL520026,1,17,17,ya estaba
CHEMBL520036,1,30,30,ya estaba
CHEMBL520040,1,39,39,ya estaba
CHEMBL520043,1,27,27,ya estaba
CHEMBL520047,1,25,25,ya estaba
CHEMBL520055,1,25,25,ya estaba
CHEMBL520075,1,38,38,ya estaba
CHEMBL520092,1,23,23,ya estaba
CHEMBL520114,1,21,21,ya estaba
CHEMBL520120,1,26,26,ya estaba
CHEMBL520126,1,33,33,ya estaba
CHEMBL520127,1,27,27,ya estaba
CHEMBL520151,1,23,23,ya estaba
CHEMBL520157,1,33,33,ya estaba
CHEMBL520169,1,30,30,ya estaba
CHEMBL520185,1,21,21,ya estaba
CHEMBL520208,1,27,27,ya estaba
CHEMBL520219,1,37,37,ya estaba
CHEMBL520223,1,27,27,ya estaba
CHEMBL520251,1,37,37,ya estaba
CHEMBL520264,1,27,27,ya estaba
CHEMBL520267,1,23,23,ya estaba
CHEMBL520271,1,30,30,ya estaba
CHEMBL520281,1,19,19,ya estaba
CHEMBL520315,1,25,25,ya estaba
CHEMBL520327,1,30,30,ya estaba
CHEMBL520338,1,33,33,ya estaba
CHEMBL520345,1,31,31,ya estaba
CHEMBL520363,1,23,23,ya estaba
CHEMBL520389,1,25,25,ya estaba
CHEMBL520405,1,28,28,ya estaba
CHEMBL520408,1,25,25,ya estaba
CHEMBL520431,1,33,33,ya estaba
CHEMBL520441,1,20,20,ya estaba
CHEMBL520448,1,35,35,ya estaba
CHEMBL520466,1,26,26,ya estaba
CHEMBL520522,1,27,27,ya estaba
CHEMBL520536,1,27,27,ya estaba
CHEMBL520559,1,34,34,ya estaba
CHEMBL520561,1,39,39,ya estaba
CHEMBL520567,1,28,28,ya estaba
CHEMBL520570,1,25,25,ya estaba
CHEMBL520576,1,33,33,ya estaba
CHEMBL520591,1,25,25,ya estaba
CHEMBL520619,1,20,20,ya estaba
CHEMBL520626,1,32,32,ya estaba
CHEMBL520635,1,25,25,ya estaba
CHEMBL520672,1,21,21,ya estaba
CHEMBL520681,1,23,23,ya estaba
CHEMBL520703,1,36,36,ya estaba
CHEMBL520707,1,22,22,ya estaba
CHEMBL520708,1,22,22,ya estaba
CHEMBL520711,1,19,19,ya estaba
CHEMBL520720,1,22,22,ya estaba
CHEMBL520721,1,24,24,ya estaba
CHEMBL520722,1,22,22,ya estaba
CHEMBL520774,1,36,36,ya estaba
CHEMBL520775,1,21,21,ya estaba
CHEMBL520777,1,24,24,ya estaba
CHEMBL520784,1,18,18,ya estaba
CHEMBL520805,1,26,26,ya estaba
CHEMBL520809,1,23,23,ya estaba
CHEMBL520829,1,23,23,ya estaba
CHEMBL520838,1,22,22,ya estaba
CHEMBL520846,1,23,23,ya estaba
CHEMBL520853,1,34,34,ya estaba
CHEMBL520862,1,28,28,ya estaba
CHEMBL520867,1,23,23,ya estaba
CHEMBL520880,1,29,29,ya estaba
CHEMBL520887,1,23,23,ya estaba
CHEMBL520889,1,26,26,ya estaba
CHEMBL520923,1,29,29,ya estaba
CHEMBL520924,1,29,29,ya estaba
CHEMBL520929,1,24,24,ya estaba
CHEMBL520930,1,24,24,ya estaba
CHEMBL520932,1,24,24,ya estaba
CHEMBL520939,1,29,29,ya estaba
CHEMBL520960,1,32,32,ya estaba
CHEMBL520982,1,24,24,ya estaba
CHEMBL520983,1,25,25,ya estaba
CHEMBL521031,1,23,23,ya estaba
CHEMBL521032,1,32,32,ya estaba
CHEMBL521035,1,23,23,ya estaba
CHEMBL521039,1,38,38,ya estaba
CHEMBL521047,1,32,32,ya estaba
CHEMBL521049,1,33,33,ya estaba
CHEMBL521060,1,24,24,ya estaba
CHEMBL521066,1,33,33,ya estaba
CHEMBL521077,1,29,29,ya estaba
CHEMBL521086,1,25,25,ya estaba
CHEMBL521088,1,33,33,ya estaba
CHEMBL521089,1,31,31,ya estaba
CHEMBL521100,1,30,30,ya estaba
CHEMBL521106,1,31,31,ya estaba
CHEMBL521107,1,25,25,ya estaba
CHEMBL521114,1,33,33,ya estaba
CHEMBL521126,1,30,30,ya estaba
CHEMBL521132,1,20,20,ya estaba
CHEMBL521141,1,32,32,ya estaba
CHEMBL521159,1,20,20,ya estaba
CHEMBL521160,1,20,20,ya estaba
CHEMBL521162,1,26,26,ya estaba
CHEMBL521177,1,20,20,ya estaba
CHEMBL521220,1,33,33,ya estaba
CHEMBL521231,1,17,17,ya estaba
CHEMBL521252,1,27,27,ya estaba
CHEMBL521263,1,29,29,ya estaba
CHEMBL521268,1,34,34,ya estaba
CHEMBL521316,1,25,25,ya estaba
CHEMBL521352,1,31,31,ya estaba
CHEMBL521362,1,23,23,ya estaba
CHEMBL521364,1,23,23,ya estaba
CHEMBL521367,1,25,25,ya estaba
CHEMBL521374,1,26,26,ya estaba
CHEMBL521377,1,25,25,ya estaba
CHEMBL521387,1,34,34,ya estaba
CHEMBL521402,1,29,29,ya estaba
CHEMBL521419,1,25,25,ya estaba
CHEMBL521423,1,28,28,ya estaba
CHEMBL521426,1,28,28,ya estaba
CHEMBL521429,1,35,35,ya estaba
CHEMBL521434,1,26,26,ya estaba
CHEMBL521446,1,21,21,ya estaba
CHEMBL521461,1,20,20,ya estaba
CHEMBL521466,1,21,21,ya estaba
CHEMBL521498,1,19,19,ya estaba
CHEMBL521560,1,26,26,ya estaba
CHEMBL521588,1,30,30,ya estaba
CHEMBL521597,1,36,36,ya estaba
CHEMBL521610,1,26,26,ya estaba
CHEMBL521613,1,31,31,ya estaba
CHEMBL521633,1,32,32,ya estaba
CHEMBL521644,1,27,27,ya estaba
CHEMBL521663,1,22,22,ya estaba
CHEMBL521683,1,28,28,ya estaba
CHEMBL521684,1,18,18,ya estaba
CHEMBL521691,1,32,32,ya estaba
CHEMBL521714,1,20,20,ya estaba
CHEMBL521756,1,19,19,ya estaba
CHEMBL521757,1,20,20,ya estaba
CHEMBL521760,1,27,27,ya estaba
CHEMBL521780,1,28,28,ya estaba
CHEMBL521805,1,20,20,ya estaba
CHEMBL521812,1,30,30,ya estaba
CHEMBL521831,1,26,26,ya estaba
CHEMBL521855,1,35,35,ya estaba
CHEMBL521896,1,25,25,ya estaba
CHEMBL521939,1,33,33,ya estaba
CHEMBL521960,1,18,18,ya estaba
CHEMBL521975,1,30,30,ya estaba
CHEMBL521996,1,23,23,ya estaba
CHEMBL522062,1,31,31,ya estaba
CHEMBL522071,1,36,36,ya estaba
CHEMBL522104,1,27,27,ya estaba
CHEMBL522107,1,30,30,ya estaba
CHEMBL522124,1,30,30,ya estaba
CHEMBL522140,1,21,21,ya estaba
CHEMBL522178,1,36,36,ya estaba
CHEMBL522193,1,32,32,ya estaba
CHEMBL522227,1,26,26,ya estaba
CHEMBL522249,1,29,29,ya estaba
CHEMBL522252,1,24,24,ya estaba
CHEMBL522264,1,22,22,ya estaba
CHEMBL522273,1,28,28,ya estaba
CHEMBL522276,1,21,21,ya estaba
CHEMBL522326,1,29,29,ya estaba
CHEMBL522335,1,38,38,ya estaba
CHEMBL522347,1,20,20,ya estaba
CHEMBL522349,1,22,22,ya estaba
CHEMBL522385,1,28,28,ya estaba
CHEMBL522408,1,25,25,ya estaba
CHEMBL522432,1,26,26,ya estaba
CHEMBL522459,1,25,25,ya estaba
CHEMBL522484,1,37,37,ya estaba
CHEMBL522514,1,19,19,ya estaba
CHEMBL522552,1,22,22,ya estaba
CHEMBL522558,1,32,32,ya estaba
CHEMBL522588,1,21,21,ya estaba
CHEMBL522604,1,25,25,ya estaba
CHEMBL522637,1,35,35,ya estaba
CHEMBL522660,1,20,20,ya estaba
CHEMBL522673,1,22,22,ya estaba
CHEMBL522683,1,35,35,ya estaba
CHEMBL522703,1,30,30,ya estaba
CHEMBL522715,1,28,28,ya estaba
CHEMBL522750,1,26,26,ya estaba
CHEMBL522755,1,32,32,ya estaba
CHEMBL522764,1,30,30,ya estaba
CHEMBL522765,1,35,35,ya estaba
CHEMBL522801,1,31,31,ya estaba
CHEMBL522876,1,30,30,ya estaba
CHEMBL522885,1,32,32,ya estaba
CHEMBL522901,1,22,22,ya estaba
CHEMBL522949,1,29,29,ya estaba
CHEMBL522962,1,24,24,ya estaba
CHEMBL522972,1,34,34,ya estaba
CHEMBL522973,1,30,30,ya estaba
CHEMBL522981,1,26,26,ya estaba
CHEMBL523006,1,39,39,ya estaba
CHEMBL523038,1,30,30,ya estaba
CHEMBL523103,1,22,22,ya estaba
CHEMBL523225,1,23,23,ya estaba
CHEMBL523234,1,31,31,ya estaba
CHEMBL523310,1,30,30,ya estaba
CHEMBL523377,1,24,24,ya estaba
CHEMBL523393,1,29,29,ya estaba
CHEMBL523429,1,24,24,ya estaba
CHEMBL523430,1,26,26,ya estaba
CHEMBL523450,1,14,14,ya estaba
CHEMBL523495,1,30,30,ya estaba
CHEMBL523520,1,27,27,ya estaba
CHEMBL523521,1,26,26,ya estaba
CHEMBL523592,1,29,29,ya estaba
CHEMBL523596,1,37,37,ya estaba
CHEMBL523620,1,23,23,ya estaba
CHEMBL523627,1,36,36,ya estaba
CHEMBL523647,1,22,22,ya estaba
CHEMBL523659,1,25,25,ya estaba
CHEMBL523662,1,25,25,ya estaba
CHEMBL523667,1,32,32,ya estaba
CHEMBL523722,1,37,37,ya estaba
CHEMBL523756,1,27,27,ya estaba
CHEMBL523783,1,20,20,ya estaba
CHEMBL523784,1,21,21,ya estaba
CHEMBL523785,1,28,28,ya estaba
CHEMBL523825,1,28,28,ya estaba
CHEMBL523832,1,37,37,ya estaba
CHEMBL523841,1,27,27,ya estaba
CHEMBL523879,1,31,31,ya estaba
CHEMBL523883,1,37,37,ya estaba
CHEMBL523887,1,31,31,ya estaba
CHEMBL523903,1,17,17,ya estaba
CHEMBL523927,1,35,35,ya estaba
CHEMBL523950,1,29,29,ya estaba
CHEMBL524171,1,26,26,ya estaba
CHEMBL524306,1,58,58,ya estaba
CHEMBL524308,1,105,105,ya estaba
CHEMBL524327,1,85,85,ya estaba
CHEMBL524350,1,83,83,ya estaba
CHEMBL524388,1,34,34,ya estaba
CHEMBL524465,1,23,23,ya estaba
CHEMBL524475,1,123,123,ya estaba
CHEMBL524481,1,125,125,ya estaba
CHEMBL524497,1,59,59,ya estaba
CHEMBL524607,1,39,39,ya estaba
CHEMBL524626,1,27,27,ya estaba
CHEMBL524650,1,77,77,ya estaba
CHEMBL524666,1,68,68,ya estaba
CHEMBL524689,1,60,60,ya estaba
CHEMBL524706,1,41,41,ya estaba
CHEMBL524738,1,39,39,ya estaba
CHEMBL524844,1,75,75,ya estaba
CHEMBL524845,1,93,93,ya estaba
CHEMBL524855,1,80,80,ya estaba
CHEMBL524883,1,145,145,ya estaba
CHEMBL524906,1,68,68,ya estaba
CHEMBL524961,1,33,33,ya estaba
CHEMBL524973,1,25,25,ya estaba
CHEMBL524996,1,37,37,ya estaba
CHEMBL525022,1,109,109,ya estaba
CHEMBL525024,1,105,105,ya estaba
CHEMBL525030,1,78,78,ya estaba
CHEMBL525046,1,78,78,ya estaba
CHEMBL525082,1,22,22,ya estaba
CHEMBL525171,1,22,22,ya estaba
CHEMBL525210,1,63,63,ya estaba
CHEMBL525261,1,38,38,ya estaba
CHEMBL525264,1,90,90,ya estaba
CHEMBL525301,1,31,31,ya estaba
CHEMBL525349,1,23,23,ya estaba
CHEMBL525414,1,64,64,ya estaba
CHEMBL525485,1,34,34,ya estaba
CHEMBL525525,1,33,33,ya estaba
CHEMBL525557,1,27,27,ya estaba
CHEMBL525578,1,84,84,ya estaba
CHEMBL525595,1,20,20,ya estaba
CHEMBL525601,1,37,37,ya estaba
CHEMBL525603,1,61,61,ya estaba
CHEMBL525609,1,94,94,ya estaba
CHEMBL525650,1,33,33,ya estaba
CHEMBL525787,1,111,111,
CHEMBL525845,1,37,37,ya estaba
CHEMBL525853,1,38,38,ya estaba
CHEMBL525905,1,25,25,ya estaba
CHEMBL525931,1,109,109,
CHEMBL525943,1,75,75,ya estaba
CHEMBL525964,1,42,42,ya estaba
CHEMBL525976,1,62,62,ya estaba
CHEMBL525977,1,63,63,ya estaba
CHEMBL525999,1,21,21,ya estaba
CHEMBL526059,1,33,33,ya estaba
CHEMBL526160,1,97,97,ya estaba
CHEMBL526162,1,64,64,ya estaba
CHEMBL526170,1,39,39,ya estaba
CHEMBL526174,1,109,109,ya estaba
CHEMBL526188,1,63,63,ya estaba
CHEMBL526316,1,97,97,ya estaba
CHEMBL526354,1,55,55,ya estaba
CHEMBL526359,1,49,49,ya estaba
CHEMBL526415,1,33,33,ya estaba
CHEMBL526481,1,25,25,ya estaba
CHEMBL526493,1,65,65,ya estaba
CHEMBL526498,1,85,85,ya estaba
CHEMBL526550,1,70,70,ya estaba
CHEMBL526570,1,28,28,ya estaba
CHEMBL526580,1,34,34,ya estaba
CHEMBL526653,1,57,57,ya estaba
CHEMBL526680,1,19,19,ya estaba
CHEMBL526704,1,17,17,ya estaba
CHEMBL526718,1,97,97,
CHEMBL526732,1,23,23,ya estaba
CHEMBL526760,1,36,36,ya estaba
CHEMBL526843,1,25,25,ya estaba
CHEMBL526864,1,54,54,ya estaba
CHEMBL526900,1,60,60,ya estaba
CHEMBL526931,1,37,37,ya estaba
CHEMBL526983,1,37,37,ya estaba
CHEMBL527062,1,48,48,ya estaba
CHEMBL527105,1,66,66,ya estaba
CHEMBL527343,1,37,37,ya estaba
CHEMBL527373,1,32,32,ya estaba
CHEMBL527377,1,31,31,ya estaba
CHEMBL527394,1,35,35,ya estaba
CHEMBL527439,1,33,33,ya estaba
CHEMBL527466,1,34,34,ya estaba
CHEMBL527471,1,36,36,ya estaba
CHEMBL527542,1,32,32,ya estaba
CHEMBL527578,1,30,30,ya estaba
CHEMBL527698,1,31,31,ya estaba
CHEMBL527714,1,40,40,ya estaba
CHEMBL527893,1,32,32,ya estaba
CHEMBL527903,1,27,27,ya estaba
CHEMBL527910,1,35,35,ya estaba
CHEMBL527913,1,30,30,ya estaba
CHEMBL527914,1,36,36,ya estaba
CHEMBL527943,1,33,33,ya estaba
CHEMBL527944,1,28,28,ya estaba
CHEMBL528994,1,24,24,ya estaba
CHEMBL530059,1,33,33,ya estaba
CHEMBL550301,1,49,49,ya estaba
CHEMBL550770,1,32,32,ya estaba
CHEMBL550922,1,40,40,ya estaba
CHEMBL550927,1,25,25,ya estaba
CHEMBL550976,1,30,30,ya estaba
CHEMBL552082,1,29,29,ya estaba
CHEMBL552101,1,80,80,ya estaba
CHEMBL552123,1,25,25,ya estaba
CHEMBL552139,1,27,27,ya estaba
CHEMBL552191,1,31,31,ya estaba
CHEMBL552339,1,26,26,ya estaba
CHEMBL552345,1,31,31,ya estaba
CHEMBL552764,1,65,65,ya estaba
CHEMBL552993,1,52,52,ya estaba
CHEMBL553388,1,43,43,ya estaba
CHEMBL553625,1,69,69,ya estaba
CHEMBL553661,1,60,60,ya estaba
CHEMBL553662,1,61,61,ya estaba
CHEMBL553672,1,96,96,ya estaba
CHEMBL554028,1,25,25,ya estaba
CHEMBL554308,1,53,53,ya estaba
CHEMBL554312,1,50,50,ya estaba
CHEMBL554344,1,50,50,ya estaba
CHEMBL554560,1,59,59,ya estaba
CHEMBL554564,1,42,42,ya estaba
CHEMBL554622,1,61,61,ya estaba
CHEMBL554624,1,83,83,ya estaba
CHEMBL555142,1,62,62,ya estaba
CHEMBL555205,1,19,19,ya estaba
CHEMBL555224,1,40,40,ya estaba
CHEMBL555262,1,43,43,ya estaba
CHEMBL555431,1,57,57,ya estaba
CHEMBL555455,1,43,43,ya estaba
CHEMBL555516,1,44,44,ya estaba
CHEMBL555661,1,58,58,ya estaba
CHEMBL555663,1,68,68,ya estaba
CHEMBL555697,1,63,63,ya estaba
CHEMBL555740,1,100,100,ya estaba
CHEMBL555872,1,36,36,ya estaba
CHEMBL555874,1,33,33,ya estaba
CHEMBL555877,1,36,36,ya estaba
CHEMBL556064,1,42,42,ya estaba
CHEMBL556080,1,19,19,ya estaba
CHEMBL556087,1,35,35,ya estaba
CHEMBL556102,1,32,32,ya estaba
CHEMBL556155,1,61,61,ya estaba
CHEMBL556156,1,56,56,ya estaba
CHEMBL556318,1,49,49,ya estaba
CHEMBL556896,1,33,33,ya estaba
CHEMBL556900,1,25,25,ya estaba
CHEMBL556911,1,33,33,ya estaba
CHEMBL556948,1,50,50,ya estaba
CHEMBL556990,1,53,53,ya estaba
CHEMBL557011,1,40,40,ya estaba
CHEMBL557043,1,35,35,ya estaba
CHEMBL557101,1,32,32,ya estaba
CHEMBL557207,1,22,22,ya estaba
CHEMBL557212,1,24,24,ya estaba
CHEMBL557256,1,28,28,ya estaba
CHEMBL557260,1,22,22,ya estaba
CHEMBL557300,1,34,34,ya estaba
CHEMBL557309,1,24,24,ya estaba
CHEMBL557310,1,18,18,ya estaba
CHEMBL557318,1,19,19,ya estaba
CHEMBL557326,1,33,33,ya estaba
CHEMBL557332,1,37,37,ya estaba
CHEMBL557441,1,39,39,ya estaba
CHEMBL557444,1,32,32,ya estaba
CHEMBL557453,1,23,23,ya estaba
CHEMBL557454,1,24,24,ya estaba
CHEMBL557491,1,29,29,ya estaba
CHEMBL557495,1,30,30,ya estaba
CHEMBL557504,1,23,23,ya estaba
CHEMBL557508,1,35,35,ya estaba
CHEMBL557511,1,27,27,ya estaba
CHEMBL557513,1,41,41,ya estaba
CHEMBL557529,1,40,40,ya estaba
CHEMBL557551,1,67,67,ya estaba
CHEMBL557552,1,58,58,ya estaba
CHEMBL557559,1,41,41,ya estaba
CHEMBL557707,1,32,32,ya estaba
CHEMBL557744,1,32,32,ya estaba
CHEMBL557750,1,47,47,ya estaba
CHEMBL557766,1,60,60,ya estaba
CHEMBL557810,1,25,25,ya estaba
CHEMBL557826,1,21,21,ya estaba
CHEMBL557846,1,32,32,ya estaba
CHEMBL557849,1,36,36,ya estaba
CHEMBL557919,1,39,39,ya estaba
CHEMBL557922,1,34,34,ya estaba
CHEMBL557931,1,53,53,ya estaba
CHEMBL557948,1,38,38,ya estaba
CHEMBL557957,1,65,65,ya estaba
CHEMBL558006,1,28,28,ya estaba
CHEMBL558032,1,22,22,ya estaba
CHEMBL558046,1,26,26,ya estaba
CHEMBL558047,1,24,24,ya estaba
CHEMBL558049,1,40,40,ya estaba
CHEMBL558053,1,32,32,ya estaba
CHEMBL558078,1,35,35,ya estaba
CHEMBL558115,1,30,30,ya estaba
CHEMBL558129,1,36,36,ya estaba
CHEMBL558154,1,52,52,ya estaba
CHEMBL558158,1,53,53,ya estaba
CHEMBL558161,1,88,88,ya estaba
CHEMBL558241,1,32,32,ya estaba
CHEMBL558245,1,39,39,ya estaba
CHEMBL558251,1,36,36,ya estaba
CHEMBL558265,1,29,29,ya estaba
CHEMBL558273,1,36,36,ya estaba
CHEMBL558330,1,33,33,ya estaba
CHEMBL558355,1,70,70,ya estaba
CHEMBL558356,1,55,55,ya estaba
CHEMBL558358,1,22,22,ya estaba
CHEMBL558360,1,64,64,ya estaba
CHEMBL558403,1,34,34,ya estaba
CHEMBL558426,1,22,22,ya estaba
CHEMBL558465,1,30,30,ya estaba
CHEMBL558471,1,39,39,ya estaba
CHEMBL558487,1,18,18,ya estaba
CHEMBL558511,1,71,71,ya estaba
CHEMBL558538,1,97,97,
CHEMBL558554,1,80,80,ya estaba
CHEMBL558626,1,41,41,ya estaba
CHEMBL558631,1,35,35,ya estaba
CHEMBL558632,1,23,23,ya estaba
CHEMBL558633,1,23,23,ya estaba
CHEMBL558634,1,24,24,ya estaba
CHEMBL558672,1,31,31,ya estaba
CHEMBL558679,1,34,34,ya estaba
CHEMBL558740,1,70,70,ya estaba
CHEMBL558755,1,56,56,ya estaba
CHEMBL558758,1,59,59,ya estaba
CHEMBL558829,1,41,41,ya estaba
CHEMBL558841,1,23,23,ya estaba
CHEMBL558844,1,52,52,ya estaba
CHEMBL558929,1,29,29,ya estaba
CHEMBL558935,1,88,88,ya estaba
CHEMBL558941,1,54,54,ya estaba
CHEMBL558949,1,43,43,ya estaba
CHEMBL558950,1,82,82,ya estaba
CHEMBL558991,1,50,50,ya estaba
CHEMBL559002,1,24,24,ya estaba
CHEMBL559025,1,39,39,ya estaba
CHEMBL559030,1,21,21,ya estaba
CHEMBL559043,1,33,33,ya estaba
CHEMBL559093,1,27,27,ya estaba
CHEMBL559142,1,60,60,ya estaba
CHEMBL559148,1,46,46,ya estaba
CHEMBL559150,1,92,92,ya estaba
CHEMBL559272,1,34,34,ya estaba
CHEMBL559296,1,31,31,ya estaba
CHEMBL559302,1,38,38,ya estaba
CHEMBL559333,1,56,56,ya estaba
CHEMBL559345,1,45,45,ya estaba
CHEMBL559354,1,21,21,ya estaba
CHEMBL559411,1,21,21,ya estaba
CHEMBL559412,1,33,33,ya estaba
CHEMBL559431,1,32,32,ya estaba
CHEMBL559444,1,28,28,ya estaba
CHEMBL559452,1,18,18,ya estaba
CHEMBL559469,1,23,23,ya estaba
CHEMBL559487,1,17,17,ya estaba
CHEMBL559569,1,28,28,ya estaba
CHEMBL559598,1,19,19,ya estaba
CHEMBL559599,1,19,19,ya estaba
CHEMBL559615,1,13,13,ya estaba
CHEMBL559625,1,31,31,ya estaba
CHEMBL559640,1,30,30,ya estaba
CHEMBL559665,1,38,38,ya estaba
CHEMBL559686,1,31,31,ya estaba
CHEMBL559732,1,26,26,ya estaba
CHEMBL559736,1,32,32,ya estaba
CHEMBL559751,1,23,23,ya estaba
CHEMBL559779,1,23,23,ya estaba
CHEMBL559785,1,33,33,ya estaba
CHEMBL559787,1,30,30,ya estaba
CHEMBL559796,1,33,33,ya estaba
CHEMBL559833,1,29,29,ya estaba
CHEMBL559846,1,24,24,ya estaba
CHEMBL559859,1,27,27,ya estaba
CHEMBL559860,1,31,31,ya estaba
CHEMBL559873,1,25,25,ya estaba
CHEMBL559881,1,22,22,ya estaba
CHEMBL559964,1,35,35,ya estaba
CHEMBL559967,1,29,29,ya estaba
CHEMBL560001,1,26,26,ya estaba
CHEMBL560011,1,36,36,ya estaba
CHEMBL560028,1,18,18,ya estaba
CHEMBL560061,1,39,39,ya estaba
CHEMBL560064,1,40,40,ya estaba
CHEMBL560066,1,33,33,ya estaba
CHEMBL560069,1,18,18,ya estaba
CHEMBL560075,1,26,26,ya estaba
CHEMBL560080,1,16,16,ya estaba
CHEMBL560149,1,25,25,ya estaba
CHEMBL560151,1,39,39,ya estaba
CHEMBL560157,1,25,25,ya estaba
CHEMBL560159,1,25,25,ya estaba
CHEMBL560162,1,18,18,ya estaba
CHEMBL560163,1,32,32,ya estaba
CHEMBL560225,1,22,22,ya estaba
CHEMBL560245,1,28,28,ya estaba
CHEMBL560255,1,33,33,ya estaba
CHEMBL560354,1,34,34,ya estaba
CHEMBL560423,1,27,27,ya estaba
CHEMBL560429,1,26,26,ya estaba
CHEMBL560446,1,28,28,ya estaba
CHEMBL560517,1,37,37,ya estaba
CHEMBL560528,1,28,28,ya estaba
CHEMBL560563,1,34,34,ya estaba
CHEMBL560565,1,39,39,ya estaba
CHEMBL560596,1,23,23,ya estaba
CHEMBL560655,1,29,29,ya estaba
CHEMBL560714,1,32,32,ya estaba
CHEMBL560718,1,23,23,ya estaba
CHEMBL560737,1,22,22,ya estaba
CHEMBL560764,1,32,32,ya estaba
CHEMBL560784,1,40,40,ya estaba
CHEMBL560790,1,26,26,ya estaba
CHEMBL560824,1,25,25,ya estaba
CHEMBL560864,1,23,23,ya estaba
CHEMBL560894,1,38,38,ya estaba
CHEMBL560924,1,27,27,ya estaba
CHEMBL560975,1,33,33,ya estaba
CHEMBL561070,1,26,26,ya estaba
CHEMBL561084,1,20,20,ya estaba
CHEMBL561143,1,23,23,ya estaba
CHEMBL561183,1,19,19,ya estaba
CHEMBL561201,1,22,22,ya estaba
CHEMBL561203,1,19,19,ya estaba
CHEMBL561217,1,36,36,ya estaba
CHEMBL561222,1,25,25,ya estaba
CHEMBL561257,1,30,30,ya estaba
CHEMBL561334,1,20,20,ya estaba
CHEMBL561419,1,26,26,ya estaba
CHEMBL561436,1,26,26,ya estaba
CHEMBL561460,1,33,33,ya estaba
CHEMBL561464,1,40,40,ya estaba
CHEMBL561469,1,20,20,ya estaba
CHEMBL561516,1,33,33,ya estaba
CHEMBL561517,1,33,33,ya estaba
CHEMBL561518,1,25,25,ya estaba
CHEMBL561532,1,34,34,ya estaba
CHEMBL561543,1,24,24,ya estaba
CHEMBL561549,1,22,22,ya estaba
CHEMBL561575,1,32,32,ya estaba
CHEMBL561647,1,21,21,ya estaba
CHEMBL561687,1,18,18,ya estaba
CHEMBL561700,1,26,26,ya estaba
CHEMBL561749,1,32,32,ya estaba
CHEMBL561769,1,23,23,ya estaba
CHEMBL561830,1,27,27,ya estaba
CHEMBL561863,1,34,34,ya estaba
CHEMBL561866,1,25,25,ya estaba
CHEMBL561887,1,22,22,ya estaba
CHEMBL561898,1,32,32,ya estaba
CHEMBL561933,1,19,19,ya estaba
CHEMBL561949,1,30,30,ya estaba
CHEMBL561981,1,37,37,ya estaba
CHEMBL562002,1,27,27,ya estaba
CHEMBL562024,1,29,29,ya estaba
CHEMBL562065,1,40,40,ya estaba
CHEMBL562137,1,28,28,ya estaba
CHEMBL562156,1,31,31,ya estaba
CHEMBL562187,1,33,33,ya estaba
CHEMBL562194,1,25,25,ya estaba
CHEMBL562195,1,23,23,ya estaba
CHEMBL562237,1,27,27,ya estaba
CHEMBL562290,1,36,36,ya estaba
CHEMBL562299,1,26,26,ya estaba
CHEMBL562316,1,39,39,ya estaba
CHEMBL562328,1,23,23,ya estaba
CHEMBL562346,1,22,22,ya estaba
CHEMBL562453,1,32,32,ya estaba
CHEMBL562464,1,29,29,ya estaba
CHEMBL562487,1,36,36,ya estaba
CHEMBL562505,1,30,30,ya estaba
CHEMBL562520,1,23,23,ya estaba
CHEMBL562534,1,24,24,ya estaba
CHEMBL562541,1,23,23,ya estaba
CHEMBL562554,1,34,34,ya estaba
CHEMBL562555,1,40,40,ya estaba
CHEMBL562568,1,34,34,ya estaba
CHEMBL562606,1,27,27,ya estaba
CHEMBL562615,1,33,33,ya estaba
CHEMBL562644,1,28,28,ya estaba
CHEMBL562665,1,57,57,ya estaba
CHEMBL562676,1,40,40,ya estaba
CHEMBL562683,1,40,40,ya estaba
CHEMBL562684,1,25,25,ya estaba
CHEMBL562703,1,36,36,ya estaba
CHEMBL562705,1,32,32,ya estaba
CHEMBL562708,1,28,28,ya estaba
CHEMBL562721,1,40,40,ya estaba
CHEMBL562723,1,40,40,ya estaba
CHEMBL562740,1,36,36,ya estaba
CHEMBL562743,1,15,15,ya estaba
CHEMBL562754,1,19,19,ya estaba
CHEMBL562755,1,35,35,ya estaba
CHEMBL562758,1,25,25,ya estaba
CHEMBL562770,1,30,30,ya estaba
CHEMBL562771,1,24,24,ya estaba
CHEMBL562773,1,70,70,ya estaba
CHEMBL562774,1,53,53,ya estaba
CHEMBL562775,1,59,59,ya estaba
CHEMBL562784,1,50,50,ya estaba
CHEMBL562793,1,19,19,ya estaba
CHEMBL562804,1,21,21,ya estaba
CHEMBL562816,1,32,32,ya estaba
CHEMBL562866,1,34,34,ya estaba
CHEMBL562903,1,20,20,ya estaba
CHEMBL562926,1,31,31,ya estaba
CHEMBL562938,1,35,35,ya estaba
CHEMBL562943,1,31,31,ya estaba
CHEMBL562952,1,20,20,ya estaba
CHEMBL562957,1,78,78,ya estaba
CHEMBL562961,1,75,75,ya estaba
CHEMBL562995,1,36,36,ya estaba
CHEMBL563062,1,29,29,ya estaba
CHEMBL563072,1,23,23,ya estaba
CHEMBL563080,1,28,28,ya estaba
CHEMBL563104,1,46,46,ya estaba
CHEMBL563105,1,42,42,ya estaba
CHEMBL563114,1,41,41,ya estaba
CHEMBL563115,1,32,32,ya estaba
CHEMBL563124,1,82,82,ya estaba
CHEMBL563204,1,28,28,ya estaba
CHEMBL563213,1,38,38,ya estaba
CHEMBL563257,1,29,29,ya estaba
CHEMBL563262,1,25,25,ya estaba
CHEMBL563271,1,39,39,ya estaba
CHEMBL563287,1,48,48,ya estaba
CHEMBL563295,1,29,29,ya estaba
CHEMBL563307,1,28,28,ya estaba
CHEMBL563308,1,21,21,ya estaba
CHEMBL563309,1,20,20,ya estaba
CHEMBL563310,1,35,35,ya estaba
CHEMBL563330,1,34,34,ya estaba
CHEMBL563336,1,17,17,ya estaba
CHEMBL563374,1,31,31,ya estaba
CHEMBL563386,1,27,27,ya estaba
CHEMBL563388,1,22,22,ya estaba
CHEMBL563396,1,27,27,ya estaba
CHEMBL563419,1,33,33,ya estaba
CHEMBL563462,1,76,76,ya estaba
CHEMBL563491,1,34,34,ya estaba
CHEMBL563501,1,40,40,ya estaba
CHEMBL563519,1,27,27,ya estaba
CHEMBL563531,1,29,29,ya estaba
CHEMBL563540,1,24,24,ya estaba
CHEMBL563544,1,37,37,ya estaba
CHEMBL563550,1,27,27,ya estaba
CHEMBL563555,1,29,29,ya estaba
CHEMBL563571,1,30,30,ya estaba
CHEMBL563588,1,31,31,ya estaba
CHEMBL563601,1,36,36,ya estaba
CHEMBL563603,1,68,68,ya estaba
CHEMBL563622,1,20,20,ya estaba
CHEMBL563647,1,40,40,ya estaba
CHEMBL563672,1,21,21,ya estaba
CHEMBL563701,1,21,21,ya estaba
CHEMBL563705,1,32,32,ya estaba
CHEMBL563729,1,35,35,ya estaba
CHEMBL563752,1,28,28,ya estaba
CHEMBL563766,1,72,72,ya estaba
CHEMBL563767,1,56,56,ya estaba
CHEMBL563768,1,64,64,ya estaba
CHEMBL563769,1,70,70,ya estaba
CHEMBL563774,1,20,20,ya estaba
CHEMBL563822,1,26,26,ya estaba
CHEMBL563838,1,25,25,ya estaba
CHEMBL563848,1,18,18,ya estaba
CHEMBL563853,1,34,34,ya estaba
CHEMBL563859,1,40,40,ya estaba
CHEMBL563881,1,32,32,ya estaba
CHEMBL563885,1,22,22,ya estaba
CHEMBL563893,1,29,29,ya estaba
CHEMBL563902,1,28,28,ya estaba
CHEMBL563939,1,19,19,ya estaba
CHEMBL563955,1,34,34,ya estaba
CHEMBL563959,1,26,26,ya estaba
CHEMBL563967,1,32,32,ya estaba
CHEMBL563994,1,27,27,ya estaba
CHEMBL564010,1,35,35,ya estaba
CHEMBL564013,1,20,20,ya estaba
CHEMBL564027,1,22,22,ya estaba
CHEMBL564048,1,29,29,ya estaba
CHEMBL564076,1,26,26,ya estaba
CHEMBL564146,1,24,24,ya estaba
CHEMBL564148,1,35,35,ya estaba
CHEMBL564151,1,26,26,ya estaba
CHEMBL564155,1,21,21,ya estaba
CHEMBL564156,1,28,28,ya estaba
CHEMBL564175,1,25,25,ya estaba
CHEMBL564180,1,15,15,ya estaba
CHEMBL564182,1,20,20,ya estaba
CHEMBL564215,1,25,25,ya estaba
CHEMBL564221,1,36,36,ya estaba
CHEMBL564234,1,33,33,ya estaba
CHEMBL564254,1,56,56,ya estaba
CHEMBL564278,1,30,30,ya estaba
CHEMBL564301,1,26,26,ya estaba
CHEMBL564308,1,34,34,ya estaba
CHEMBL564309,1,24,24,ya estaba
CHEMBL564310,1,32,32,ya estaba
CHEMBL564329,1,30,30,ya estaba
CHEMBL564342,1,36,36,ya estaba
CHEMBL564365,1,28,28,ya estaba
CHEMBL564422,1,60,60,ya estaba
CHEMBL564434,1,39,39,ya estaba
CHEMBL564443,1,31,31,ya estaba
CHEMBL564466,1,37,37,ya estaba
CHEMBL564467,1,34,34,ya estaba
CHEMBL564505,1,27,27,ya estaba
CHEMBL564585,1,50,50,ya estaba
CHEMBL564587,1,145,145,
CHEMBL564595,1,22,22,ya estaba
CHEMBL564597,1,20,20,ya estaba
CHEMBL564698,1,32,32,ya estaba
CHEMBL564700,1,32,32,ya estaba
CHEMBL564712,1,38,38,ya estaba
CHEMBL564737,1,28,28,ya estaba
CHEMBL564754,1,83,83,ya estaba
CHEMBL564755,1,67,67,ya estaba
CHEMBL564790,1,28,28,ya estaba
CHEMBL564808,1,31,31,ya estaba
CHEMBL564816,1,24,24,ya estaba
CHEMBL564821,1,19,19,ya estaba
CHEMBL564825,1,27,27,ya estaba
CHEMBL564832,1,24,24,ya estaba
CHEMBL564843,1,22,22,ya estaba
CHEMBL564848,1,40,40,ya estaba
CHEMBL564868,1,22,22,ya estaba
CHEMBL564894,1,19,19,ya estaba
CHEMBL564899,1,26,26,ya estaba
CHEMBL564900,1,26,26,ya estaba
CHEMBL564905,1,38,38,ya estaba
CHEMBL564932,1,33,33,ya estaba
CHEMBL564940,1,35,35,ya estaba
CHEMBL564976,1,40,40,ya estaba
CHEMBL564991,1,19,19,ya estaba
CHEMBL565000,1,22,22,ya estaba
CHEMBL565013,1,28,28,ya estaba
CHEMBL565018,1,32,32,ya estaba
CHEMBL565025,1,22,22,ya estaba
CHEMBL565034,1,30,30,ya estaba
CHEMBL565044,1,29,29,ya estaba
CHEMBL565049,1,24,24,ya estaba
CHEMBL565075,1,24,24,ya estaba
CHEMBL565082,1,33,33,ya estaba
CHEMBL565149,1,28,28,ya estaba
CHEMBL565158,1,22,22,ya estaba
CHEMBL565201,1,18,18,ya estaba
CHEMBL565289,1,53,53,ya estaba
CHEMBL565318,1,31,31,ya estaba
CHEMBL565319,1,33,33,ya estaba
CHEMBL565326,1,31,31,ya estaba
CHEMBL565347,1,23,23,ya estaba
CHEMBL565348,1,24,24,ya estaba
CHEMBL565383,1,39,39,ya estaba
CHEMBL565445,1,34,34,ya estaba
CHEMBL565512,1,31,31,ya estaba
CHEMBL565514,1,33,33,ya estaba
CHEMBL565547,1,22,22,ya estaba
CHEMBL565569,1,40,40,ya estaba
CHEMBL565575,1,32,32,ya estaba
CHEMBL565588,1,37,37,ya estaba
CHEMBL565589,1,35,35,ya estaba
CHEMBL565647,1,28,28,ya estaba
CHEMBL565663,1,26,26,ya estaba
CHEMBL565664,1,16,16,ya estaba
CHEMBL565671,1,31,31,ya estaba
CHEMBL565698,1,35,35,ya estaba
CHEMBL565708,1,30,30,ya estaba
CHEMBL565728,1,30,30,ya estaba
CHEMBL565729,1,29,29,ya estaba
CHEMBL565752,1,29,29,ya estaba
CHEMBL565757,1,38,38,ya estaba
CHEMBL565773,1,21,21,ya estaba
CHEMBL565788,1,38,38,ya estaba
CHEMBL565880,1,33,33,ya estaba
CHEMBL565909,1,32,32,ya estaba
CHEMBL565914,1,35,35,ya estaba
CHEMBL565946,1,19,19,ya estaba
CHEMBL565966,1,38,38,ya estaba
CHEMBL565967,1,36,36,ya estaba
CHEMBL565981,1,32,32,ya estaba
CHEMBL566028,1,27,27,ya estaba
CHEMBL566064,1,29,29,ya estaba
CHEMBL566098,1,31,31,ya estaba
CHEMBL566210,1,39,39,ya estaba
CHEMBL566251,1,32,32,ya estaba
CHEMBL566298,1,30,30,ya estaba
CHEMBL566312,1,29,29,ya estaba
CHEMBL566386,1,30,30,ya estaba
CHEMBL566443,1,29,29,ya estaba
CHEMBL566451,1,30,30,ya estaba
CHEMBL566510,1,25,25,ya estaba
CHEMBL566534,1,21,21,ya estaba
CHEMBL567048,1,38,38,ya estaba
CHEMBL567211,1,31,31,ya estaba
CHEMBL567377,1,44,44,ya estaba
CHEMBL568005,1,17,17,ya estaba
CHEMBL568246,1,21,21,ya estaba
CHEMBL569489,1,33,33,ya estaba
CHEMBL595069,1,47,47,ya estaba
CHEMBL595246,1,44,44,ya estaba
CHLORDIAZEPOXIDE,1,21,21,ya estaba
CLARITHROMYCIN,1,52,52,ya estaba
CLOBAZAM,1,21,21,ya estaba
CLOMIPRAMINE,1,22,22,ya estaba
CLONAZEPAM,1,22,22,ya estaba
CLORAZEPIC ACID,1,22,22,ya estaba
CLOTIAZEPAM,1,21,21,ya estaba
COLCHICINE,1,29,29,ya estaba
CONIVAPTAN,1,38,38,ya estaba
DALFOPRISTIN,1,48,48,ya estaba
DESIPRAMINE,1,20,20,ya estaba
DESLORATADINE,1,22,22,ya estaba
DIAZEPAM,1,20,20,ya estaba
DILTIAZEM,1,29,29,ya estaba
DIRITHROMYCIN,1,58,58,ya estaba
DOCETAXEL ANHYDROUS,1,58,58,ya estaba
EMEDASTINE,1,22,22,ya estaba
ERIBULIN,1,52,52,ya estaba
ERYTHROMYCIN ETHYLSUCCINATE,1,60,60,ya estaba
ERYTHROMYCIN PROPIONATE,1,55,55,ya estaba
ERYTHROMYCIN,1,51,51,ya estaba
ESLICARBAZEPINE ACETATE,1,22,22,ya estaba
ESLICARBAZEPINE,1,19,19,ya estaba
EVEROLIMUS,1,68,68,ya estaba
FENOLDOPAM,1,21,21,ya estaba
FIDAXOMICIN,1,72,72,ya estaba
FLUNITRAZEPAM,1,23,23,ya estaba
FLURAZEPAM,1,27,27,ya estaba
GALANTAMINE,1,21,21,ya estaba
GLECAPREVIR,1,58,58,ya estaba
GRAZOPREVIR ANHYDROUS,1,54,54,ya estaba
GUANETHIDINE,1,14,14,ya estaba
HALAZEPAM,1,24,24,ya estaba
HEPTABARBITAL,1,18,18,ya estaba
IMIPRAMINE,1,21,21,ya estaba
INAVOLISIB,1,29,29,ya estaba
INGENOL MEBUTATE,1,31,31,ya estaba
IPRINDOLE,1,21,21,ya estaba
IVABRADINE,1,34,34,ya estaba
IXABEPILONE,1,35,35,ya estaba
KETAZOLAM,1,26,26,ya estaba
KETOTIFEN,1,22,22,ya estaba
LEFAMULIN,1,35,35,ya estaba
LOFEPRAMINE,1,30,30,ya estaba
LONAFARNIB,1,36,36,ya estaba
LORATADINE,1,27,27,ya estaba
LORAZEPAM,1,21,21,ya estaba
LORCASERIN,1,13,13,ya estaba
LORMETAZEPAM,1,22,22,ya estaba
LURBINECTEDIN,1,56,56,ya estaba
MARALIXIBAT,1,48,48,ya estaba
MEDAZEPAM,1,19,19,ya estaba
MEPTAZINOL,1,17,17,ya estaba
METOCURINE,1,48,48,ya estaba
MICAFUNGIN,1,89,89,ya estaba
MOXIDECTIN,1,46,46,ya estaba
MOZAVAPTAN,1,32,32,ya estaba
NATAMYCIN,1,47,47,ya estaba
NEFOPAM,1,19,19,ya estaba
NITRAZEPAM,1,21,21,ya estaba
NORTRIPTYLINE,1,20,20,ya estaba
ODEVIXIBAT,1,51,51,ya estaba
OMACETAXINE MEPESUCCINATE,1,39,39,ya estaba
OXAZEPAM,1,20,20,ya estaba
OXCARBAZEPINE,1,19,19,ya estaba
PACLITAXEL,1,62,62,ya estaba
PACRITINIB,1,35,35,ya estaba
PARITAPREVIR,1,55,55,ya estaba
PENTOSTATIN,1,19,19,ya estaba
PIMECROLIMUS,1,56,56,ya estaba
PLERIXAFOR,1,36,36,ya estaba
PLITIDEPSIN,1,79,79,ya estaba
PRAZEPAM,1,23,23,ya estaba
QUAZEPAM,1,25,25,ya estaba
QUINUPRISTIN,1,73,73,ya estaba
Rapamycin,1,39,39,ya estaba
REPOTRECTINIB,1,26,26,ya estaba
REZAFUNGIN,1,88,88,ya estaba
RIFABUTIN,1,61,61,ya estaba
RIFAMPIN,1,59,59,ya estaba
RIFAMYCIN,1,50,50,ya estaba
RIFAXIMIN,1,57,57,ya estaba
RIMEGEPANT,1,39,39,ya estaba
RUCAPARIB,1,24,24,ya estaba
RUPATADINE,1,30,30,ya estaba
SIMEPREVIR,1,52,52,ya estaba
SIROLIMUS,1,65,65,ya estaba
SUVOREXANT,1,32,32,ya estaba
TELITHROMYCIN,1,58,58,ya estaba
TEMAZEPAM,1,21,21,ya estaba
TEMSIROLIMUS,1,73,73,ya estaba
TETRAZEPAM,1,20,20,ya estaba
TOLAZAMIDE,1,21,21,ya estaba
TOLVAPTAN,1,32,32,ya estaba
TRABECTEDIN,1,54,54,ya estaba
TRIMIPRAMINE,1,22,22,ya estaba
TROLEANDOMYCIN,1,57,57,ya estaba
TUBOCURARINE,1,45,45,ya estaba
VANCOMYCIN,1,101,101,ya estaba
VANZACAFTOR,1,44,44,ya estaba
VINBLASTINE,1,59,59,ya estaba
VINCRISTINE,1,60,60,ya estaba
VINDESINE,1,55,55,ya estaba
VINFLUNINE,1,59,59,ya estaba
VINORELBINE,1,57,57,ya estaba
VOXILAPREVIR,1,60,60,ya estaba
