target,ligand,afinidad,smiles,mw,tpsa,logp,hbd,hba,rotb,cns_mpo
FUS,CHEMBL4582280,-8.1,CN1CCN(c2cc(F)c3c(c2)N(C)C(=O)C32CCN(c3nc4c(c(=O)[nH]3)CCCN4C)CC2)CC1,495.6,79.0,1.56,1,7,2,4.0
FUS,CHEMBL4634995,-7.7,O=c1[nH]cc(C#Cc2ccc3c4cccc5cccc(c6cccc2c63)c54)c(=O)[nH]1,386.4,65.7,4.51,2,2,0,5.0
FUS,CHEMBL4636707,-7.6,CN1CCN(c2cc(-c3cc4c5c(n[nH]c5c3)Nc3ccccc3O4)nc(N)n2)CC1,414.5,108.2,3.2,3,8,2,4.0
FUS,CHEMBL4584906,-7.5,N=C1N/C(=N/NC(=O)c2ccc(CN3C(=O)c4cccc5cccc3c45)cc2)c2ccccc21,445.5,97.7,4.02,3,4,4,4.0
FUS,CHEMBL20834,-7.3,O=C1NC(=O)c2c1c1c(ccc3cccnc31)c1[nH]c3ccccc3c21,337.3,74.8,3.91,2,3,0,5.0
FUS,CHEMBL4581567,-7.3,CN1CCCc2c1nc(N1CCC3(CC1)C(=O)N(CC1COC1)c1cc(F)cc(F)c13)[nH]c2=O,471.5,81.8,1.96,1,6,3,4.0
FUS,CHEMBL4530658,-7.2,Nc1ncnc2c3c(n(-c4ccc(NC(=O)[C@@H](N)Cc5ccccc5)cc4)c12)CCC3,412.5,111.8,3.0,3,5,5,4.0
FUS,CHEMBL4543357,-7.2,O=C(/C=C/c1ccc2c(c1)OCO2)N1CCN(CCN2C(=O)c3cccc4cccc(c34)C2=O)CC1,483.5,79.4,3.02,0,6,5,4.0
FUS,CHEMBL4574605,-7.2,C[C@]1(c2cc(NC(=O)c3ccc(C#N)cn3)ccc2F)N=C(N)O[C@@H]2CCCC(F)(F)[C@@H]21,443.4,113.4,3.71,2,6,3,4.0
FUS,CHEMBL4581253,-7.2,CC1(C)C(=O)N2c3ccccc3[C@@]3(C[C@H](n4cnc5ccccc5c4=O)C(=O)O3)[C@@H]2N1O,432.4,105.0,1.94,1,7,1,4.0
FUS,CHEMBL4581905,-7.2,N#Cc1ccc2cc3c(=O)[nH]c(=O)nc-3n(-c3ccc4c(c3)OC(F)(F)O4)c2c1,394.3,110.0,2.37,1,6,1,4.0
FUS,CHEMBL4637973,-7.2,N#Cc1ccc(-n2ccc3cc(C(=O)N4CC(N5CCN(C(=O)c6ccccc6)CC5)C4)ccc32)cc1,489.6,72.6,3.78,0,4,4,4.0
FUS,CHEMBL498331,-7.2,Cc1cc(C)c2occ(/C=C(/c3ccc([N+](=O)[O-])cc3)c3nnn[nH]3)c(=O)c2c1,389.4,127.8,3.42,1,7,4,4.0
FUS,CHEMBL1210803,-7.1,c1ccc2c(c1)CCCN2c1nc(N2CCOCC2)nc(N2CCCc3ccccc32)n1,428.5,57.6,3.88,0,7,3,5.0
FUS,CHEMBL27509,-7.1,CO[C@H]1[C@@H]2OC[C@H]1O[C@@H]1[C@H]2n2c3ccccc3c3c4c(c5c6ccccc6n1c5c32)C(=O)NC4=O,465.5,83.7,3.65,1,5,1,4.0
FUS,CHEMBL3311108,-7.1,c1cc2cc(-c3ccc(-c4cn5cc(C6=NCCCN6)ccc5n4)cc3)[nH]c2cc1C1=NCCCN1,473.6,81.9,4.63,3,5,4,4.0
FUS,CHEMBL3311110,-7.1,c1cc2cc(-c3ccc(-c4cn5ccc(C6=NCCCN6)cc5n4)cc3)[nH]c2cc1C1=NCCCN1,473.6,81.9,4.63,3,5,4,4.0
FUS,CHEMBL4435185,-7.1,Cc1ccc(C)c2c1CCC21CCN(CCc2cnn(-c3nccc4c(=O)[nH]cnc34)c2)CC1,454.6,79.7,3.64,1,5,4,4.0
FUS,CHEMBL4531795,-7.1,Cc1ccc(-c2cc3c4nn(CC(=O)Nc5ccc(C)c(Cl)c5)c(=O)n4ccn3n2)cc1C,460.9,85.7,4.03,1,4,4,4.0
FUS,CHEMBL4564343,-7.1,Cc1ccc(NC(=O)Cn2nc3c4cc(-c5ccc(C)c(C)c5)nn4ccn3c2=O)c(C)c1,440.5,85.7,3.68,1,4,4,5.0
FUS,CHEMBL4575062,-7.1,Cc1c(C(=O)N2CCN(c3ccc(C#N)cc3)CC2)cnn1-c1nn2cccc2c(=O)[nH]1,428.5,115.3,1.35,1,6,3,4.0
FUS,CHEMBL4581829,-7.1,N#Cc1ccc(Cn2nccc2-c2ccc3nnn(-c4ccc5cn[nH]c5c4)c3c2)nc1,417.4,113.9,3.48,1,6,4,4.0
FUS,CHEMBL4582406,-7.1,Cc1c(C(=O)N2CCC(c3nnc4n3CCC4)CC2)cnn1-c1nn2cccc2c(=O)[nH]1,433.5,119.0,1.07,1,6,3,4.0
FUS,CHEMBL498013,-7.1,CN1CCN(c2ccc3[nH]c(-c4c(N)c5ccc(F)cc5[nH]c4=O)nc3c2)CC1,392.4,94.0,2.54,3,5,2,4.0
FUS,CHEMBL498166,-7.1,O=C1OC2(CCN(c3nc4c(C(F)(F)F)cccc4[nH]3)CC2)c2ccccc21,387.4,58.2,4.25,1,4,1,5.0
FUS,CHEMBL16215,-7.0,COc1ccc(NC(=O)Nc2nc3ccccc3n3c(=O)n(-c4ccccc4)nc23)cc1,426.4,102.5,3.69,2,5,4,4.0
FUS,CHEMBL26996,-7.0,O=C1NC(=O)c2c1c1c3ccccc3n3c1c1c2c2ccccc2n1CN(O)C3,382.4,79.5,3.41,2,4,0,5.0
FUS,CHEMBL27348,-7.0,NNC(=O)N(CCc1cccc(C(F)(F)F)c1)c1cccc2ccccc12,373.4,58.4,4.49,2,2,4,5.0
FUS,CHEMBL4530328,-7.0,O=c1nc(NC[C@@H](O)CN2CCN(c3nccc4ccc(F)cc34)CC2)c2ccccc2o1,449.5,94.7,2.47,2,8,6,4.0
FUS,CHEMBL4531084,-7.0,Cc1ccc(-c2cc3c4nn(CC(=O)Nc5cccc(C)c5C)c(=O)n4ccn3n2)cc1C,440.5,85.7,3.68,1,4,4,5.0
FUS,CHEMBL4543556,-7.0,Cc1c(C(=O)N2C3CCC2CC(F)(c2ccc(Cl)cc2)C3)cnn1-c1nn2cccc2c(=O)[nH]1,480.9,88.3,3.8,1,4,3,4.0
FUS,CHEMBL4562749,-7.0,NC(=O)c1cccc2c1O/C(=C\c1ccc(CN3CCN(c4ncccn4)CC3)cc1)C2=O,441.5,101.7,2.51,1,7,5,4.0
FUS,CHEMBL4570741,-7.0,CC1=C(C)C(=O)O[C@@H]([C@](C)(O)[C@H]2CC[C@H]3[C@@H]4[C@H](O)C=C5CC=CC(=O)[C@]5(C)[C@H]4CC[C@]23C)C1,454.6,83.8,4.28,2,5,2,4.0
FUS,CHEMBL4574116,-7.0,Cc1cc(C)cc(NC(=O)Cn2nc3c4cc(-c5ccc(Cl)cc5)nn4ccn3c2=O)c1,446.9,85.7,3.72,1,4,4,5.0
FUS,CHEMBL4585282,-7.0,Cc1ccc(NC(=O)Cn2nc3c4cc(-c5ccc(C)c(C)c5)nn4ccn3c2=O)cc1,426.5,85.7,3.37,1,4,4,5.0
FUS,CHEMBL20685,-6.9,O=C1NC(=O)C2(CN(Cc3nc4ccccc4s3)c3ccc(Cl)cc32)N1,384.8,74.3,3.0,2,5,2,5.0
FUS,CHEMBL27387,-6.9,O=C1NC(=O)c2c1c1c3ccccc3n3c1c1c2c2ccccc2n1C[S+]([O-])C3,399.4,79.1,3.46,1,3,0,5.0
FUS,CHEMBL28751,-6.9,CC(=O)Nc1ccc2ccc(S(=O)(=O)Nc3onc(C)c3C)cc2c1,359.4,101.3,3.2,2,5,4,4.0
FUS,CHEMBL4435086,-6.9,Nc1ncnc2c3c(n(-c4ccc(NC(=O)Cc5cnn(-c6ccccc6)c5)cc4)c12)CCC3,449.5,103.6,3.86,2,5,5,4.0
FUS,CHEMBL4435183,-6.9,CN1C(=O)C2(c3ccccc31)c1c(c3ccccc3oc1=O)Oc1c2c(=O)oc2ccccc12,449.4,90.0,4.32,0,6,0,5.0
FUS,CHEMBL4435941,-6.9,O=C(O)c1ccc(/N=C/c2cc3cc(-c4nc5ccccc5[nH]4)ccc3n3nnnc23)cc1,433.4,121.4,4.27,2,6,4,4.0
FUS,CHEMBL4530239,-6.9,Cc1cccc2nc(-c3c[nH]c4ncc(F)cc34)nc(N[C@H]3C4CCC(CC4)[C@@H]3C(=O)O)c12,445.5,103.8,4.92,3,5,4,4.0
FUS,CHEMBL4530474,-6.9,Cc1c(C(=O)N2CC3CCCC(C2)N3CC(F)(F)F)cnn1-c1nn2cccc2c(=O)[nH]1,449.4,91.5,1.76,1,5,3,4.0
FUS,CHEMBL4531832,-6.9,Nc1ncnc2c3c(n(-c4ccc(NC(=O)Cc5nnc(C(F)(F)F)o5)cc4)c12)CCC3,443.4,124.7,3.07,2,7,4,4.0
FUS,CHEMBL4531853,-6.9,O=C(NO)c1ccc(CNC(=O)c2cc(Cn3c4ccccc4c4ccccc43)on2)cc1,440.5,109.4,3.88,3,5,6,4.0
FUS,CHEMBL4531945,-6.9,Cc1cc(O)c(=O)c(O)cc1C(=O)c1cccc(-c2cccc3ccccc23)c1,382.4,74.6,4.82,2,4,3,5.0
FUS,CHEMBL4532451,-6.9,Cc1nccc2c1[nH]c1cc(OCc3cn(C/C=C/c4ccc5c(c4)OCO5)nn3)ccc12,439.5,87.1,4.64,1,6,6,5.0
FUS,CHEMBL4533577,-6.9,O=c1[nH]c(N2CCC3(CC2)CNc2cc(F)cc(F)c23)nc2c1CCCC2,372.4,61.0,2.89,2,4,1,5.0
FUS,CHEMBL4553700,-6.9,N=C1N/C(=N\Nc2nc(-c3ccc(Cl)cc3)cs2)c2ccccc21,353.8,73.2,4.17,3,5,3,5.0
FUS,CHEMBL4562703,-6.9,Cc1ccc(-c2cc3c4nn(CC(=O)N5CCN(c6ccccc6F)CC5)c(=O)n4ccn3n2)cc1C,499.6,80.2,2.92,0,5,4,4.0
FUS,CHEMBL4570803,-6.9,Nc1ncnc2c3c(n(-c4ccc(NC(=O)c5c[nH]c6ccccc56)cc4)c12)CCC3,408.5,101.6,4.23,3,4,3,4.0
FUS,CHEMBL4571844,-6.9,Cc1nnc2n1CCN(C(=O)c1ccc(/C=C3\Oc4c(C(N)=O)cccc4C3=O)cc1)C2,429.4,120.4,1.96,1,6,3,4.0
FUS,CHEMBL4574920,-6.9,Cc1nc(-c2ccccc2)cc2nn(CC(=O)Nc3ccc4c(c3)OCO4)c(=O)n12,403.4,99.8,2.23,1,6,4,4.0
FUS,CHEMBL4574953,-6.9,Cc1c(C(=O)N2CCC3(CC2)CC3C(=O)N2CCCC2)cnn1-c1nn2cccc2c(=O)[nH]1,449.5,108.6,1.38,1,5,3,4.0
FUS,CHEMBL4575603,-6.9,Cc1c(C(=O)N2CCN(c3ccccn3)CC2)cnn1-c1nn2cccc2c(=O)[nH]1,404.4,104.4,0.87,1,6,3,4.0
FUS,CHEMBL4584887,-6.9,O=c1c2c(oc3cc(C(F)(F)F)ccc13)N1C[C@@H]3CCC[N+]4([O-])CCC[C@@H]([C@H]34)[C@H]1CC2,434.5,56.5,4.45,0,4,0,5.0
FUS,CHEMBL4634723,-6.9,c1cn2cc(-c3ccc4cn[nH]c4c3)nc(Nc3ccc(N4C[C@@H]5C[C@H]4CO5)cc3)c2n1,423.5,83.4,3.99,2,6,4,5.0
FUS,CHEMBL4635162,-6.9,CN(C)[C@H]1C[C@@]23CC[C@@]4(O2)C(=CC[C@]2(C)[C@@H](c5ccc6cnccc6c5)CC[C@H]24)C=C3[C@@H](O)[C@@H]1O,472.6,65.8,4.35,2,5,2,4.0
FUS,CHEMBL4636792,-6.9,N[C@@H](Cc1cn(-c2nc(Cl)nc(N3CCOCC3)n2)c2ccccc12)C(=O)O,402.8,119.4,1.26,2,7,5,4.0
FUS,CHEMBL495322,-6.9,CC(=O)N1CCN(C(=O)c2cc(Cc3n[nH]c(=O)c4ccccc34)ccc2F)CC1,408.4,86.4,1.96,1,4,3,5.0
FUS,CHEMBL495952,-6.9,COc1cccc2c1c(C(=O)/C=C(\O)C(=O)O)cn2Cc1cccc(F)c1F,387.3,88.8,3.69,2,4,6,5.0
FUS,CHEMBL498347,-6.9,CN1CCN(c2ccc3[nH]c(-c4c(N)c5c(F)cc(F)cc5[nH]c4=O)nc3c2)CC1,410.4,94.0,2.68,3,5,2,4.0
FUS,CHEMBL498594,-6.9,NC(=O)c1ccc2[nH]c(N3CCC4(CC3)OC(=O)c3ccccc34)nc2c1,362.4,101.3,2.33,2,5,2,4.0
FUS,CHEMBL1210813,-6.8,O=C(CN1CCN(c2nnc(Cc3ccccc3)c3ccccc23)CC1)Nc1ccc(F)c(Cl)c1,490.0,61.4,4.77,1,5,6,4.0
FUS,CHEMBL15744,-6.8,CC1CN(c2cc3c(c(N)c2F)c(=O)c(C(=O)O)cn3-c2ccc(F)cc2F)CCN1,432.4,100.6,2.49,3,5,3,4.0
FUS,CHEMBL1796970,-6.8,O=C1c2cc3c(cc2OCN1CCn1cnc([N+](=O)[O-])n1)C(=O)N1CCCC1O3,400.4,132.9,0.63,0,8,4,4.0
FUS,CHEMBL1864755,-6.8,COc1cccc(CN2CCN(C(=O)c3cc(-c4ccncc4)nc4ccc(C)cc34)CC2)c1,452.6,58.6,4.57,0,5,5,4.0
FUS,CHEMBL20196,-6.8,Cc1nnc2nc(-c3ccccc3F)c3cc(C#CCN4C(=O)c5ccccc5C4=O)ccc3n12,461.5,80.5,4.04,0,5,2,4.0
FUS,CHEMBL21597,-6.8,O=C1NC(=O)c2c1c1c3ccccc3cnc1c1c2c2ccccc2n1CCCCO,409.4,84.2,4.15,2,4,4,5.0
FUS,CHEMBL26936,-6.8,O=C1NC(=O)c2c1c1c3ccccc3n3c1c1c2c2ccccc2n1CNC3,366.4,68.1,3.3,2,3,0,5.0
FUS,CHEMBL28388,-6.8,O=C(O)Cc1cccc2c1Cc1c-2nc(O)c2nc(-c3cccc(C(=O)O)c3)cn12,401.4,125.0,3.0,3,5,4,4.0
FUS,CHEMBL3311109,-6.8,c1cc2cc(-c3ccc(-c4cn5ccc(C6=NCCN6)cc5n4)cc3)[nH]c2cc1C1=NCCN1,445.5,81.9,3.85,3,5,4,5.0
FUS,CHEMBL4434725,-6.8,O=c1cc(Cn2cc(CSc3nc4ccccc4[nH]3)nn2)c2ccc3ccccc3c2o1,439.5,89.6,4.75,1,6,5,5.0
FUS,CHEMBL4434819,-6.8,C[C@@H]1CN(c2ccnc3ccc(Cl)cc23)CC[C@@H]1C(=O)N1CCn2c(nnc2C(F)(F)F)C1,478.9,67.2,4.0,0,5,2,4.0
FUS,CHEMBL4435739,-6.8,Cc1cc(OC2CN(C(=O)c3nnc(-c4ccccc4)o3)C2)ccc1CN1CCCC2(COC2)C1,474.6,80.9,3.56,0,7,6,4.0
FUS,CHEMBL4532201,-6.8,O=C1NC2(CCOc3ccccc32)C(=O)N1Cc1cc2ccccc2nc1Cl,393.8,71.5,3.62,1,4,2,5.0
FUS,CHEMBL4532868,-6.8,Fc1ccc(N2CCCn3nc(N[C@@H]4[C@@H]5CC[C@H]4CN(c4ccnc(Cl)c4)C5)nc32)cc1F,471.9,62.1,4.47,1,6,4,4.0
FUS,CHEMBL4533771,-6.8,Cc1ccc(-c2cc3c4nn(CC(=O)Nc5ccc(F)cc5Cl)c(=O)n4ccn3n2)cc1,450.9,85.7,3.55,1,4,4,4.0
FUS,CHEMBL4534411,-6.8,COc1ccc(NC(=O)N2CCC3(CC2)Nc2ccccc2-n2cccc23)c(OC)c1,418.5,67.8,4.44,2,4,3,5.0
FUS,CHEMBL4564327,-6.8,Cc1cnc2cc(CC[C@H]3C[C@@H](n4ccc5c(N)ncnc54)[C@H](O)[C@@H]3O)c(Cl)cn12,426.9,114.5,2.54,3,6,4,4.0
FUS,CHEMBL4566410,-6.8,Cc1cn2cc(-c3cc4ccc(N5CCN6CCC[C@H]6C5)cc4oc3=O)nc2c(C)n1,415.5,66.9,3.4,0,6,2,5.0
FUS,CHEMBL4568125,-6.8,CCOC(=O)N1CCC2(CC1)C[C@@H](NC(=O)c1cccc3cn[nH]c13)c1ccccc1O2,434.5,96.5,3.81,2,5,3,4.0
FUS,CHEMBL4568323,-6.8,O=C(O)[C@H]1C2CCC(CC2)[C@@H]1Nc1nc(-c2c[nH]c3ncc(F)cc23)nc2sccc12,437.5,103.8,4.68,3,6,4,4.0
FUS,CHEMBL4568499,-6.8,O=C(NNC(=O)c1cc2cc(Cl)ccc2oc1=O)c1cc(Cl)ccc1O,393.2,108.6,2.88,3,5,2,4.0
FUS,CHEMBL4569304,-6.8,Cc1cn2cc(-c3cc4ccc(N5CCN[C@@H](C(C)C)C5)cc4oc3=O)nc2c(C)n1,417.5,75.7,3.55,1,6,3,5.0
FUS,CHEMBL4570368,-6.8,O=C1CCc2cc(N3CC[C@](O)(C(=O)NCc4c(F)ccc(F)c4F)C3=O)ccc2N1,433.4,98.7,1.77,3,4,4,4.0
FUS,CHEMBL4571223,-6.8,O=C(NC(C(=O)NO)c1ccc(-c2cc(F)c(F)c(F)c2)cc1)c1cccc(F)c1,418.3,78.4,3.89,3,3,5,5.0
FUS,CHEMBL4571316,-6.8,CC1CCc2cc(F)cc3c(O)c(C(=O)NCc4cccc5cc[nH]c45)c(=O)n1c23,405.4,87.1,3.76,3,3,3,5.0
FUS,CHEMBL4572055,-6.8,Nc1n[nH]c2ccc(-c3cnc(-c4ccccc4-n4cnnn4)s3)cc12,360.4,111.2,2.91,2,7,3,4.0
FUS,CHEMBL4580639,-6.8,N#Cc1ccc(-c2cnc(N)c(-c3ccc4c(c3)C3(CC3)CNC4=O)n2)cc1,367.4,104.7,3.04,2,5,2,4.0
FUS,CHEMBL4581153,-6.8,O=C(Nc1ccncc1)Nc1cccc(C2CCCN(c3ncnc4[nH]ccc34)C2)c1,413.5,98.8,4.38,3,5,4,4.0
FUS,CHEMBL4581184,-6.8,CN1C[C@@H](Nc2nc3cc[nH]c3c(=O)n2C)C[C@@H](c2ccc3c(c2)OCCO3)C1,395.5,84.4,1.93,2,6,3,5.0
FUS,CHEMBL4636263,-6.8,Cc1nnc(N2C[C@H]3CC[C@@H](C2)[C@@H]3Nc2nc3n(n2)CCCC3c2ccc(F)c(F)c2F)o1,459.5,84.9,3.64,1,7,4,4.0
FUS,CHEMBL4636405,-6.8,CCOC(=O)c1cn(Cc2cn(-c3ccc(Cl)cc3)nn2)c2ccc(F)cc2c1=O,426.8,79.0,3.6,0,5,5,5.0
FUS,CHEMBL4638039,-6.8,Nc1nc(-c2cc3c4c(n[nH]c4c2)Nc2ccccc2O3)cc(N2CCCC2)n1,385.4,105.0,4.05,3,7,2,4.0
FUS,CHEMBL4638803,-6.8,Cc1noc(N2C[C@H]3CC[C@@H](C2)[C@@H]3Nc2nc3c(OCC(F)(F)F)cccn3n2)n1,423.4,93.6,2.69,1,8,5,4.0
FUS,CHEMBL4639751,-6.8,OC1c2ccccc2C(O)c2c1nnn2-c1cc(F)c(-c2ccccc2F)c(F)c1,409.4,71.2,3.83,2,4,2,5.0
FUS,CHEMBL498709,-6.8,O=c1c(/C=C(/c2ccc([N+](=O)[O-])cc2)c2nnn[nH]2)coc2c(Cl)cc(Cl)cc12,430.2,127.8,4.11,1,7,4,4.0
FUS,CHEMBL498713,-6.8,O=C(O)/C(O)=C/C(=O)c1cn(Cc2ccc(F)cc2)c2cc(Cl)c(Cl)cc2c1=O,436.2,96.6,4.2,2,4,5,4.0
FUS,CHEMBL498752,-6.8,O=C1NC(NCc2ccccc2)=N/C1=C\c1c[nH]c2ncc([N+](=O)[O-])cc12,362.3,125.3,2.09,3,6,4,4.0
FUS,CHEMBL500662,-6.8,O=c1nc(-c2ccc3[nH]ncc3c2)cc(-c2cccc(OCc3ccccc3)c2)[nH]1,394.4,83.7,4.56,2,4,5,5.0
FUS,CHEMBL501732,-6.8,O=c1nc(-c2ccc3[nH]ncc3c2)cc(-c2ccc(N3CCNCC3)cc2)[nH]1,372.4,89.7,2.39,3,5,3,5.0
FUS,CHEMBL503090,-6.8,O=C(Cc1ccc(F)cc1)NC(=O)Nc1ccc(Oc2ccnc3[nH]ccc23)c(F)c1,422.4,96.1,4.52,3,4,5,4.0
FUS,CHEMBL1163540,-6.7,C[C@@]12CC[C@H](O)[C@@H]3COC(=C31)C(=O)c1cc3cccc(O)c3cc12,322.4,66.8,3.05,2,4,0,5.0
FUS,CHEMBL11757,-6.7,O=S(=O)(Nc1nc2nc(-c3ccccc3)cc(-c3ccccc3)n2n1)c1ccc(Cl)cc1,461.9,89.2,4.91,1,5,5,4.0
FUS,CHEMBL1206889,-6.7,O=C(O)c1c2c(nc3ccc(F)cc13)-c1cnc(-c3ccccc3)nc1CC2,371.4,76.0,4.29,1,4,2,5.0
FUS,CHEMBL1210731,-6.7,Cc1ccccc1NC(=O)CN1CCN(c2nnc(Cc3ccncc3)c3ccccc23)CC1,452.6,74.2,3.68,1,6,6,4.0
FUS,CHEMBL1210860,-6.7,CCCNC1COCCN1c1nc(N2CCc3ccccc3C2)nc(N2CCc3ccccc3C2)n1,485.6,69.7,3.16,1,8,6,4.0
FUS,CHEMBL1222790,-6.7,O=C1CC[C@@H](c2nc(Nc3cc(C4CC4)[nH]n3)c3cccn3n2)N1C(=O)c1ccc(F)nc1,446.4,121.2,3.11,2,7,5,4.0
FUS,CHEMBL1242515,-6.7,COc1ccc2nc(C)cc(-n3cc(CN4CCN(c5ccccc5)CC4)nn3)c2c1,414.5,59.3,3.45,0,6,5,5.0
FUS,CHEMBL1242810,-6.7,Cc1ccc2[nH]c(-c3ccccc3)c(/C=C/C(=C3C(=O)NC(=O)NC3=O)c3ccccc3)c2c1,447.5,91.1,4.98,3,3,4,4.0
FUS,CHEMBL14369,-6.7,Cc1c(NN=C2CCC(C)n3c2ncc(C(=O)O)c3=O)c(=O)n(-c2ccccc2)n1C,422.4,123.5,1.91,2,6,4,4.0
FUS,CHEMBL1795541,-6.7,O=C1CCC(N2Cc3ccccc3C2=O)C(=O)N1CN1C(=O)c2ccccc2C1=O,403.4,95.1,1.41,0,5,3,4.0
FUS,CHEMBL1858746,-6.7,Cc1ccc2cccc(Oc3ccc(/C(=N/O)N4CCN(c5ccccc5)CC4)cn3)c2n1,439.5,74.1,4.69,1,6,4,5.0
FUS,CHEMBL1863528,-6.7,CS(=O)(=O)Nc1cccc(NC(=O)c2cccc3c(-c4cccc(C(N)=O)c4)coc23)c1,449.5,131.5,3.82,3,5,6,4.0
FUS,CHEMBL1863704,-6.7,O=C(c1cc(Cl)nc2ccccc12)N1CCN(S(=O)(=O)c2cccc(C(F)(F)F)c2)CC1,483.9,70.6,4.05,0,4,3,4.0
FUS,CHEMBL20413,-6.7,Cc1cc(C(=O)Nc2ccc(N3CCNCCC3=O)cc2)n(-c2ccc3cc(Cl)ccc3c2)n1,474.0,79.3,4.57,2,4,4,4.0
FUS,CHEMBL20673,-6.7,CN1CCN=C1c1ccc(NC(=O)c2nnnn2-c2cc3ccccc3cc2F)c(F)c1,433.4,88.3,3.04,1,6,4,5.0
FUS,CHEMBL21610,-6.7,O=C1NC(=O)c2c1c1cnc3ccccc3c1c1c2c2ccccc2n1CCCO,395.4,84.2,3.76,2,4,3,5.0
FUS,CHEMBL25593,-6.7,CC(C)NC(=O)N(C(=O)[C@H]1CCC2C3CCC4N(C)C(=O)C=C[C@]4(C)C3CC[C@@]21C)C(C)C,457.7,69.7,4.6,1,3,3,4.0
FUS,CHEMBL26074,-6.7,O=C1NC(=O)c2c1c1c3ccccc3n3c1c1c2c2ccccc2n1CN(CCO)C3,410.4,79.5,3.01,2,4,2,5.0
FUS,CHEMBL26603,-6.7,NS(=O)(=O)OC[C@@]12OC[C@H]3O[C@@H](c4ccccc4)O[C@H]3[C@@H]1O[C@H](c1ccccc1)O2,435.5,115.5,1.53,1,8,5,4.0
FUS,CHEMBL28202,-6.7,CN1Cn2c3ccccc3c3c4c(c5c6ccccc6n(c5c32)C1)C(=O)NC4=O,380.4,59.3,3.65,1,3,0,5.0
FUS,CHEMBL28286,-6.7,Cn1cc(C(=O)O)c(=O)c2c3cc(N4C[C@@]5(C)C[C@@H]4CC(C)(C)C5)c(F)cc3ncc21,423.5,75.4,4.33,1,4,2,5.0
FUS,CHEMBL3310039,-6.7,O=c1[nH]c(-c2ccc3ccccc3c2)nc2ccc(N3CCCC3)cc12,341.4,49.0,4.34,1,3,2,5.0
FUS,CHEMBL4435180,-6.7,O=C1Nc2cc(Cl)ccc2/C1=C/c1ccc(-c2nnc(-c3cc(O)cc(O)c3)o2)cc1,431.8,108.5,4.96,3,6,3,4.0
FUS,CHEMBL4435669,-6.7,C[C@H]1CCCn2ncc(-c3nc(Nc4ccc(N5CCN(C)CC5)cn4)ncc3F)c21,422.5,75.0,3.27,1,7,4,5.0
FUS,CHEMBL4435833,-6.7,O=C(O)[C@H]1C2CCC(CC2)[C@@H]1Nc1nc(-c2c[nH]c3ncc(F)cc23)nc2scnc12,438.5,116.7,4.07,3,7,4,4.0
FUS,CHEMBL4436123,-6.7,Nc1ncnc2c3c(n(-c4ccc(NC(=O)Cc5cc(C(F)(F)F)ccc5F)cc4)c12)CCC3,469.4,85.8,4.83,2,4,4,4.0
FUS,CHEMBL4527972,-6.7,N#CC1=C(N)Oc2c(c(=O)[nH]c3c2ccc2ccccc23)C1c1cccc(F)c1,383.4,91.9,4.04,2,4,1,4.0
FUS,CHEMBL4529519,-6.7,Cc1nc2c(F)cc(-c3cc(=O)n4cc(N5CCN6CCC[C@H]6C5)ccc4n3)cc2o1,419.5,66.9,3.23,0,6,2,5.0
FUS,CHEMBL4529911,-6.7,Cc1cccc2c1CCN(CCC(=O)Nc1sc3c(c1-c1nc4cnccc4s1)CCNC3)C2,489.7,70.2,4.76,2,7,5,4.0
FUS,CHEMBL4530588,-6.7,O=C(Cn1nc2c3cc(-c4ccc(F)cc4)nn3ccn2c1=O)N1CCN(c2ccccc2F)CC1,489.5,80.1,2.44,0,5,4,4.0
FUS,CHEMBL4530620,-6.7,Cc1c(C(=O)N2CCC(c3cccnc3Cl)CC2)cnn1-c1nn2cccc2c(=O)[nH]1,437.9,101.2,2.58,1,5,3,4.0
FUS,CHEMBL4530729,-6.7,Cc1c(C(=O)N2CCC(c3cccnc3F)CC2)cnn1-c1nn2cccc2c(=O)[nH]1,421.4,101.2,2.07,1,5,3,4.0
FUS,CHEMBL4531395,-6.7,COc1cccc(C(=O)NC(C(=O)NO)c2ccc(-c3cc(F)c(F)c(F)c3)cc2)c1,430.4,87.7,3.76,3,4,6,5.0
FUS,CHEMBL4531799,-6.7,Cn1ncc2ccc(-c3ccc4cnn(Cc5ccc(F)c(C(=O)O)c5)c4c3)cc21,400.4,72.9,4.48,1,3,4,5.0
FUS,CHEMBL4532195,-6.7,Nc1ncnc2c3c(n(-c4ccc(NC(=O)Cc5ccc(Cl)c(Cl)c5)cc4)c12)CCC3,452.3,85.8,4.98,2,4,4,4.0
FUS,CHEMBL4532761,-6.7,Cc1c(C(=O)N2CCN(C(C#N)c3cccs3)CC2)cnn1-c1nn2cccc2c(=O)[nH]1,448.5,115.3,1.6,1,7,4,4.0
FUS,CHEMBL4533198,-6.7,O=C1c2cccc3cccc(c23)C(=O)N1CCNc1ccnc2cc(Cl)ccc12,401.9,62.3,4.75,1,4,4,5.0
FUS,CHEMBL4533228,-6.7,O=C1CCC[C@@H]2[C@H]3CC([C@H]4CC[C@H]5CN6C(=O)CCC[C@@H]6[C@H]6CCCN4[C@@H]56)=CN4CCC[C@@H](CN12)[C@@H]34,492.7,47.1,3.62,0,4,1,4.0
FUS,CHEMBL4533484,-6.7,Cc1ccc(Sc2nccn3c(=O)n(CC(=O)Nc4ccc(C)c(Cl)c4)nc23)c(C)c1,454.0,81.3,4.26,1,5,5,4.0
FUS,CHEMBL4533979,-6.7,Cc1ccc(C)c(NC(=O)Cn2nc3cc(C)nc(Nc4ccc(F)cc4)n3c2=O)c1,420.4,93.3,3.34,2,5,5,4.0
FUS,CHEMBL4534769,-6.7,CN(c1cc(Cl)nn2c(-c3ccc4[nH]ncc4c3)cnc12)[C@H]1CC[C@H](N2CCOCC2)CC1,466.0,74.6,4.01,1,6,4,4.0
FUS,CHEMBL4543190,-6.7,Cc1c(C(=O)N2C3CCC2CC(C(F)(F)F)C3)cnn1-c1nn2cccc2c(=O)[nH]1,420.4,88.3,2.46,1,4,2,5.0
FUS,CHEMBL4543414,-6.7,Cc1cc(-c2ccc(C(=O)[C@@H]3CCCC[C@H]3C(=O)Nc3c(C)nn(C)c3C(N)=O)cc2)n[nH]1,448.5,135.8,3.15,3,5,6,4.0
FUS,CHEMBL4562819,-6.7,CN1CCN(c2ccc(-c3cn4c(-c5ccc6c(ccn6C)c5)cnc4cn3)cn2)CC1,423.5,54.5,3.7,0,5,3,5.0
FUS,CHEMBL4564116,-6.7,Cc1ccc(-c2cc3c4nnc(CCC(=O)NCc5ccc(C(F)(F)F)cc5)n4ccn3n2)cc1C,492.5,76.6,4.93,1,4,6,4.0
FUS,CHEMBL4564717,-6.7,CC(=O)Nc1cccc(-c2cn3c(-c4ccc(C#N)cc4)cnc3cn2)c1,353.4,83.1,3.89,1,4,3,5.0
FUS,CHEMBL4568013,-6.7,Cc1c(C(=O)N2CC3(C2)CC(F)(F)C3)nnn1-c1nn2cccc2c(=O)[nH]1,375.3,101.2,0.78,1,5,2,4.0
FUS,CHEMBL4568616,-6.7,C[C@H](Nc1nccc(N2C(=O)OC[C@@H]2[C@H](C)F)n1)c1ncn2c1CCc1cc(C(F)(F)F)ccc1-2,490.5,85.2,4.64,1,6,5,4.0
FUS,CHEMBL4569182,-6.7,O=C(NNC(=O)c1cnc2ccccn2c1=O)c1cc(Cl)ccc1O,358.7,112.8,1.13,3,5,2,4.0
FUS,CHEMBL4571330,-6.7,Cc1cc2nn(CC(=O)Nc3cc(F)cc(F)c3)c(=O)n2c(Nc2ccccc2C)n1,424.4,93.3,3.17,2,5,5,4.0
FUS,CHEMBL4574731,-6.7,Cc1cc(C)c(CNc2nc(-c3ccc(N4CCOCC4)cc3)nc3[nH]cnc23)c(=O)[nH]1,431.5,111.8,2.77,3,7,5,4.0
FUS,CHEMBL4574977,-6.7,O=C1N[C@H](c2cncc(C#Cc3ccccc3)c2)[C@@H](c2ccc(F)cc2F)O1,376.4,51.2,4.28,1,3,2,5.0
FUS,CHEMBL4575412,-6.7,O=C1CCc2cc(N3CC[C@](O)(C(=O)NCc4ccc(F)c(Cl)c4F)C3=O)ccc2N1,449.8,98.7,2.29,3,4,4,4.0
FUS,CHEMBL4575446,-6.7,O=C(N/N=C/c1ccccc1)c1cn(C2CC2)c2cc(N/N=C/c3ccccc3)c(F)cc2c1=O,467.5,87.8,4.69,2,5,7,4.0
FUS,CHEMBL4575516,-6.7,CC1(c2ccccc2)NC(=O)N(NC(=O)c2ccc(-c3ccccc3)cc2)C1=O,385.4,78.5,3.47,2,3,4,5.0
FUS,CHEMBL4581299,-6.7,Cc1cccc(NC(=O)c2ccc3nn(CC(=O)N4CCc5ccccc5C4)c(=O)n3c2)c1,441.5,88.7,2.64,1,4,4,5.0
FUS,CHEMBL4583640,-6.7,O=C(c1cc(-c2cccc3ccccc23)nc2ccccc12)N1CCN(c2ncccn2)CC1,445.5,62.2,4.81,0,5,3,5.0
FUS,CHEMBL4585076,-6.7,Cc1cccc2c(=O)[nH]c(N3CCC4(CC3)C(=O)N(CCO)c3cc(F)cc(F)c34)nc12,440.5,89.5,2.39,2,5,3,5.0
FUS,CHEMBL4634641,-6.7,O=C1c2cccc3cc([N+](=O)[O-])cc(c23)C(=O)N1C1N=CNN1,311.3,116.9,0.76,2,7,2,4.0
FUS,CHEMBL4635374,-6.7,COc1ccccc1C1C(C#N)=C(N)Oc2cc3oc(-c4ccccc4)cc(=O)c3c(O)c21,438.4,118.7,4.39,2,7,3,4.0
FUS,CHEMBL4635402,-6.7,Fc1ccc2c(c1)CCC(c1nnc(-c3cn(Cc4c(F)cccc4F)nn3)o1)O2,413.4,78.9,3.86,0,6,4,5.0
FUS,CHEMBL4635528,-6.7,NC(=O)c1cc(-c2ccc(F)cc2)c2ccc(CN3CCCC3=O)cc2n1,363.4,76.3,3.26,1,3,4,5.0
FUS,CHEMBL4635744,-6.7,Cc1cc(-c2ccc(=O)n(C)c2C)cc2cn(C3CNCCC3(F)F)nc12,372.4,51.9,3.19,1,3,2,5.0
FUS,CHEMBL4635830,-6.7,Cc1[nH]cnc1/C=c1\[nH]c(=O)/c(=C/c2cccc(Oc3ccc(F)cc3)c2)[nH]c1=O,404.4,103.6,1.68,3,4,4,4.0
FUS,CHEMBL4636168,-6.7,O=C1CC2(C(=O)Nc3ccc(Cl)cc32)c2cn(Cc3ccc(Cl)cc3)nc2N1,413.3,76.0,3.82,2,3,2,5.0
FUS,CHEMBL4636424,-6.7,O=C(Nc1ccccc1)Nc1ccc(F)c(C(=O)c2c[nH]c3ncccc23)c1F,392.4,86.9,4.72,3,3,4,5.0
FUS,CHEMBL4638559,-6.7,COc1cc(N2C[C@H]3CC[C@@H](C2)[C@@H]3Nc2nc3n(n2)CCCN3c2ccc(F)c(F)c2)ccn1,467.5,71.3,3.83,1,7,5,4.0
FUS,CHEMBL4638972,-6.7,Nc1nc(-c2cc3c4c(n[nH]c4c2)Nc2ccccc2O3)cc(C2CC2)n1,356.4,101.7,4.33,3,6,2,4.0
FUS,CHEMBL4638982,-6.7,Cc1cc(N2C[C@H]3CC[C@@H](C2)[C@@H]3Nc2nc3n(n2)CCCN3c2ccc(F)c(F)c2)cnn1,452.5,75.0,3.52,1,7,4,4.0
FUS,CHEMBL4639502,-6.7,FC(F)(F)Oc1cccc(-n2nnnc2N2CCN(c3ncnc4sc5c(c34)CCC5)CC2)c1,488.5,85.1,3.38,0,9,4,4.0
FUS,CHEMBL497688,-6.7,O=C(O)/C(O)=C/C(=O)c1cn(Cc2ccc(F)cc2)c2cc(Cl)ccc2c1=O,401.8,96.6,3.55,2,4,5,4.0
FUS,CHEMBL497736,-6.7,O=c1c(C2=CS(=O)(=O)c3cc(F)ccc3N2)c(O)c2cc(F)ccc2n1Cc1ccc(F)cc1,484.5,88.4,4.37,2,5,3,4.0
FUS,CHEMBL497979,-6.7,Cc1ccc2c(N3CCN(CCc4ccc5c(c4)NC(=O)CO5)CC3)ccc(F)c2n1,420.5,57.7,3.38,1,5,4,5.0
FUS,CHEMBL498214,-6.7,CN1CCN(C(=O)c2ccc3[nH]c(-c4c(N)c5ccccc5[nH]c4=O)nc3c2)CC1,402.5,111.1,2.04,3,5,2,4.0
FUS,CHEMBL498348,-6.7,CN1CCN(c2ccc3[nH]c(-c4c(N)c5cc(F)c(N(C)C)cc5[nH]c4=O)nc3c2)CC1,435.5,97.3,2.61,3,6,3,4.0
FUS,CHEMBL499624,-6.7,O=C(NC1Cc2ccccc2C1)c1cccc(Nc2ccnc(N3CCN(c4ccccc4)CC3)n2)c1,490.6,73.4,4.44,2,6,6,4.0
FUS,CHEMBL1088172,-6.6,O=C(C[C@@H]1C/C=C/CCCC(=O)O[C@H](c2ccccc2)CNC1=O)NCc1ccc(Cl)cc1,469.0,84.5,4.49,2,4,5,4.0
FUS,CHEMBL1163230,-6.6,Clc1ccc(/C=N/Nc2nc(Nc3cccc(Br)c3)nc(N3CCOCC3)n2)cc1,488.8,87.6,4.31,2,8,6,4.0
FUS,CHEMBL1163505,-6.6,CN1CCN(c2ccc(-c3cnc4c(c3)N(S(=O)(=O)c3cc(F)ccc3F)CCN4)cn2)CC1,486.5,81.7,2.79,1,7,4,4.0
FUS,CHEMBL1205904,-6.6,C[C@@H](O)[C@H]1C(=O)N2C(C(=O)[O-])=C(c3ccc4[nH]c5c[n+](C)ccc5c4c3)C[C@H]12,377.4,100.3,0.22,2,4,3,4.0
FUS,CHEMBL1206581,-6.6,CC(C)c1ccc(/C(=C\CC(N)C(=O)O)c2ccc(C#N)cc2)cc1,334.4,87.1,3.92,2,3,6,5.0
FUS,CHEMBL1207227,-6.6,O=C1C(c2c(O)[nH]c3ccc(S(=O)(=O)O)cc23)=Nc2ccccc21,342.3,119.8,2.44,3,5,2,4.0
FUS,CHEMBL1208600,-6.6,O=C1Nc2ccc(S(=O)(=O)O)cc2/C1=C1/Nc2ccccc2C1=O,342.3,112.6,1.9,3,5,1,4.0
FUS,CHEMBL1210718,-6.6,CCCNC1COCCN1c1nc(N2CCCc3ccccc32)nc(N2CCCc3ccccc32)n1,485.6,69.7,4.2,1,8,6,4.0
FUS,CHEMBL1222867,-6.6,COc1ccc2c(c1)C(=O)N(C[C@@]1(c3ccc(-c4cccnc4)cc3)NC(=O)NC1=O)C2,428.4,100.6,2.45,2,5,5,4.0
FUS,CHEMBL1242354,-6.6,Cc1cc(C)c2c(n1)[nH]n1c(=N)c(C(=O)Nc3nc4ccccc4s3)nnc21,390.4,124.7,2.56,3,7,2,4.0
FUS,CHEMBL1242373,-6.6,Cc1cccc(NC(=O)Nc2ccc3c(c2)CCc2sc4ncnc(N)c4c2-3)c1,401.5,92.9,4.99,3,5,2,4.0
FUS,CHEMBL1343658,-6.6,Cn1c(=O)c(C(=O)NNC(=O)c2ccccc2F)c(O)c2ccccc21,355.3,100.4,1.46,3,4,2,4.0
FUS,CHEMBL17339,-6.6,CC1(C)NC(c2ccc(-c3nc(-c4ccc(F)cc4)c(-c4ccncc4)[nH]3)cc2)=NO1,413.5,75.2,4.96,2,5,4,5.0
FUS,CHEMBL17346,-6.6,N/C(=N/O)c1ccc(-c2nc(-c3ccc(F)cc3)c(-c3ccncc3)[nH]2)cc1,373.4,100.2,4.04,3,4,4,4.0
FUS,CHEMBL17934,-6.6,CC1=NN(C(=O)Nc2cc(C)cc(C)c2)C(C)=NN1C(=O)Nc1cc(C)cc(C)c1,406.5,89.4,4.97,2,4,2,5.0
FUS,CHEMBL1809060,-6.6,COc1cc(N2CC3COCC(C2)N3)ccc1Nc1ncc(Cl)c(-c2cnc3ccccn23)n1,478.0,88.8,3.37,2,8,5,4.0
FUS,CHEMBL18210,-6.6,Cn1cnc2c(N(C(N)=O)c3c(F)cccc3F)nc(-c3cc(F)cc(F)c3)nc21,416.3,89.9,3.8,1,4,3,5.0
FUS,CHEMBL1859697,-6.6,O/N=C(/c1ccnc(Oc2cccc3c2CCCC3)c1)N1CCN(c2ccc(F)cc2)CC1,446.5,61.2,4.85,1,5,4,5.0
FUS,CHEMBL1860770,-6.6,CC1CCC(N/C(=N\O)c2ccnc(Oc3cccc4cccnc34)c2)CC1,376.5,79.6,4.73,2,5,4,5.0
FUS,CHEMBL1864784,-6.6,CC1(C(=O)Nc2cccc(OC(F)(F)F)c2)Cc2c(-c3ccc4c(c3)OCO4)ccnc2O1,458.4,78.9,4.71,1,6,4,4.0
FUS,CHEMBL20752,-6.6,O=C1OC(n2cc(F)c(=O)n(C3OC(=O)c4ccccc43)c2=O)c2ccccc21,394.3,96.6,1.58,0,6,2,4.0
FUS,CHEMBL21594,-6.6,CC(=O)Nc1nc2ccnc(-c3cccc(NS(=O)(=O)c4ccc(C)cc4)c3)n2n1,422.5,118.3,2.86,2,6,5,4.0
FUS,CHEMBL21992,-6.6,CC(=O)N1CCc2ccc(N(C(=O)/C=C/c3ccccc3)C3CCN(C(=O)c4ccccc4)CC3)cc21,493.6,60.9,4.95,0,3,5,4.0
FUS,CHEMBL26420,-6.6,NNC(=O)C(NCc1cccc(C(F)(F)F)c1)c1cccc2ccccc12,373.4,67.1,3.68,3,3,5,5.0
FUS,CHEMBL26599,-6.6,NC(=O)c1c2n(c3c(N4CCN(CCc5ccc(F)c(F)c5)CC4)ncnc13)CCCC2,440.5,80.3,2.51,1,5,5,5.0
FUS,CHEMBL26872,-6.6,O=C1NCc2c1c1c3ccccc3n3c1c1c2c2ccccc2n1CSC3,369.4,39.0,4.81,1,2,0,4.0
FUS,CHEMBL28629,-6.6,Cn1c2ccnc(N3CCOCC3)c2c2ncnc(N3CCN(CCc4ccc(F)c(F)c4)CC3)c21,493.6,62.6,3.0,0,7,5,4.0
FUS,CHEMBL28809,-6.6,CC1COc2c(N3CCOC(CN)C3)c(F)cc3c(=O)c(C(=O)O)cn1c23,377.4,107.0,0.96,2,6,3,4.0
FUS,CHEMBL3309491,-6.6,O=C1OCC2=C1C(c1cccc(Cl)c1)c1c(c3cccnc3c3ncccc13)N2,399.8,64.1,4.8,1,5,1,5.0
FUS,CHEMBL3309659,-6.6,O=C1OCC2=C1C(c1cc(F)c(F)c(F)c1)c1c(c3cccnc3c3ncccc13)N2,419.4,64.1,4.57,1,5,1,5.0
FUS,CHEMBL3310337,-6.6,Cc1cc(O)cc(-c2c(-c3cc(N4CC(O)C4)nc(-c4cccnc4)n3)cnn2C)c1,414.5,100.2,2.8,2,7,4,4.0
FUS,CHEMBL4434808,-6.6,Cc1nc2cc(NC(=O)C3CCCN(c4cc(-n5cccn5)ncn4)C3)ccc2s1,419.5,88.8,3.44,1,7,4,5.0
FUS,CHEMBL4434821,-6.6,O=C(O)c1cc(-c2ccc(C3CCNCC3)cc2)cc(-n2cc(-c3cccc(O)c3)nn2)c1,440.5,100.3,4.47,3,5,5,4.0
FUS,CHEMBL4434862,-6.6,O=C(O)[C@H]1C2CCC(CC2)[C@@H]1Nc1nc(-c2n[nH]c3ncc(F)cc23)nc2ccsc12,438.5,116.7,4.07,3,7,4,4.0
FUS,CHEMBL4435514,-6.6,Nc1ncnc2c3c(n(-c4ccc(NC(=O)C(F)c5ccccc5)cc4)c12)CCC3,401.4,85.8,4.14,2,4,4,5.0
FUS,CHEMBL4530954,-6.6,CC(=O)NC12CC3CC(C1)CC(C(=O)Nc1ccc4c(c1)-c1ccccc1C4)(C3)C2,400.5,58.2,4.67,2,2,3,5.0
FUS,CHEMBL4531634,-6.6,O=C(c1ccnc(-c2nc3c(c(=O)[nH]2)CCC3)c1)N1CCC(C(F)(F)F)CC1,392.4,79.0,2.74,1,4,2,5.0
FUS,CHEMBL4532334,-6.6,O=C(/C=C/c1ccc2ccccc2n1)N1CCCC(c2nc3ccccc3[nH]2)C1,382.5,61.9,4.53,1,3,3,5.0
FUS,CHEMBL4532886,-6.6,O=c1cc(-c2cccc(N3CCOCC3)c2)oc2c1ccc1ccccc12,357.4,42.7,4.45,0,4,2,5.0
FUS,CHEMBL4533171,-6.6,CC(=O)Nc1cccc(Nc2nccc3[nH]c(-c4ccccc4)cc23)c1,342.4,69.8,4.93,3,3,4,5.0
FUS,CHEMBL4533268,-6.6,Cc1ccccc1-c1cnc2cnc(-c3ccc(N4CCN(C)CC4)nc3)cn12,384.5,49.6,3.52,0,5,3,5.0
FUS,CHEMBL4533492,-6.6,Cc1nc2cc(-n3cc(-c4ccc(Br)cc4)nn3)ccc2c(=O)n1-c1ccccc1,458.3,65.6,4.7,0,4,3,4.0
FUS,CHEMBL4534391,-6.6,O=C(COc1ccc(-c2nc3ccccc3c(=O)[nH]2)cc1O)Nc1ccc(Cl)cc1,421.8,104.3,3.97,3,5,5,4.0
FUS,CHEMBL4534757,-6.6,Cc1cc(C)cc(Nc2nc(C)cc3nn(CC(=O)Nc4ccc(Cl)cc4)c(=O)n23)c1,436.9,93.3,3.85,2,5,5,4.0
FUS,CHEMBL4543405,-6.6,O=C(COc1ccc2c3c(c(=O)oc2c1)CCC3)Nc1nc(-c2ccccn2)cs1,419.5,94.3,3.82,1,7,5,4.0
FUS,CHEMBL4564458,-6.6,Cc1c(C(=O)N2CC3CCC2c2ccccc23)cnn1-c1nn2cccc2c(=O)[nH]1,400.4,88.3,2.59,1,4,2,5.0
FUS,CHEMBL4566384,-6.6,COc1ccc(NC(=O)Cn2nc3c(N4CC(C)CC(C)C4)nccn3c2=O)c(OC)c1,440.5,103.0,2.03,1,7,6,4.0
FUS,CHEMBL4567872,-6.6,O=C1CC(c2cccc3ccccc23)c2c([nH]c(-c3ccccc3)nc2=O)N1,367.4,74.8,4.06,2,3,2,5.0
FUS,CHEMBL4568031,-6.6,Cc1cn2nc(-c3cc(=O)n4cc(C5CCN(C)CC5)cc(C)c4n3)cc2c(C)n1,402.5,67.8,3.14,0,5,2,5.0
FUS,CHEMBL4568196,-6.6,N#CC1(c2ccc(-c3cnc(N)c(-c4ccc5c(c4)C4(CC4)NC5=O)n3)cc2)CCOCC1,437.5,113.9,3.7,2,6,3,4.0
FUS,CHEMBL4568767,-6.6,Cc1c(C(=O)N2CCN(C3CC(F)(F)C3)CC2)cnn1-c1nn2cccc2c(=O)[nH]1,417.4,91.5,1.07,1,5,3,4.0
FUS,CHEMBL4568847,-6.6,COc1ccc(-c2cc3c4nnc(SCC(=O)Nc5cccc(C)c5C)n4ccn3n2)cc1,458.5,85.8,4.4,1,6,6,4.0
FUS,CHEMBL4569409,-6.6,O=C1c2cc(-c3ccnc(NC4CCOCC4)n3)ccc2CN1Cc1ccc(Cl)c(F)c1,452.9,67.3,4.68,1,5,5,4.0
FUS,CHEMBL4570402,-6.6,Cc1cc2nn(CC(=O)Nc3ccc(C)c(F)c3)c(=O)n2c(Nc2ccc(C)c(F)c2)n1,438.4,93.3,3.48,2,5,5,4.0
FUS,CHEMBL4570458,-6.6,Nc1ncc(-c2ccc3c(c2)CNS3(=O)=O)cc1-c1ccc2c(c1)CCNC2=O,406.5,114.2,2.08,3,5,2,4.0
FUS,CHEMBL4570744,-6.6,COc1ccccc1C1CCN(c2nc(C3CC3)nc3ccc(N4CC[C@H](O)C4)cc23)CC1,444.6,61.7,4.47,1,6,5,5.0
FUS,CHEMBL4570851,-6.6,O=C(O)[C@H]1C2CCC(CC2)[C@@H]1Nc1nc(-c2c[nH]c3ncc(F)cc23)nc2c1SCC2,439.5,103.8,4.11,3,6,4,4.0
FUS,CHEMBL4571045,-6.6,O=S(=O)(c1cnc2ccccc2c1)n1cc(C2=CCNCC2)c2ccccc21,389.5,64.0,3.8,1,4,3,5.0
FUS,CHEMBL4571371,-6.6,COC1(c2ccccc2)CCN(C(=O)c2cnn(-c3nc4c(c(=O)[nH]3)CCC4)c2C)CC1,433.5,93.1,2.53,1,5,4,4.0
FUS,CHEMBL4571884,-6.6,Cn1ccc2cc(NC(=O)Cc3ccc(-n4c5c(c6ncnc(N)c64)CCC5)cc3)ccc21,436.5,90.8,4.16,2,4,4,4.0
FUS,CHEMBL4572128,-6.6,O=C(Nc1ccc(Cl)cc1C(=O)O)c1ccc2c(c1)C(=O)N(c1ccccc1)C2=O,420.8,103.8,4.09,2,4,4,4.0
FUS,CHEMBL4572210,-6.6,Cc1ccccc1Oc1cc(-n2c(=O)cc(C(F)(F)F)[nH]c2=O)c2ccccc2c1,412.4,64.1,4.8,1,3,3,5.0
FUS,CHEMBL4572765,-6.6,Cc1ccc(F)c(NC(=O)Cc2ccc(-n3c4c(c5ncnc(N)c53)CCC4)cc2)c1,415.5,85.8,4.12,2,4,4,5.0
FUS,CHEMBL4572894,-6.6,O=C1N[C@H](c2cncc(C#Cc3ccccc3)c2)[C@@H](c2c(F)cccc2F)O1,376.4,51.2,4.28,1,3,2,5.0
FUS,CHEMBL4573066,-6.6,O=C(Cn1nc2ccc(SC3CCCCC3)nn2c1=O)Nc1ccc2c(c1)CCC2,423.5,81.3,3.44,1,5,5,5.0
FUS,CHEMBL4573576,-6.6,Cc1c(C(=O)N2CC(c3cccc(F)n3)C2)cnn1-c1nn2cccc2c(=O)[nH]1,393.4,101.2,1.29,1,5,3,4.0
FUS,CHEMBL4574000,-6.6,NC(=O)c1cccc2c1O/C(=C\c1ccc(-n3cncn3)cc1)C2=O,332.3,100.1,1.98,1,5,3,4.0
FUS,CHEMBL4574201,-6.6,Cc1ccc2c(N)c(C(=O)NCCc3ccc(-n4ncc5c4CNC5)cc3F)sc2n1,436.5,97.9,3.09,3,6,5,4.0
FUS,CHEMBL4575619,-6.6,O=C(Cn1nc2ccc(-c3ccc(Cl)cc3)nn2c1=O)N1CCN(c2ccccc2F)CC1,466.9,75.7,2.7,0,5,4,4.0
FUS,CHEMBL4581099,-6.6,Cc1cc2nn(CC(=O)Nc3cc(F)ccc3C)c(=O)n2c(Nc2ccc(C)c(F)c2)n1,438.4,93.3,3.48,2,5,5,4.0
FUS,CHEMBL4581474,-6.6,COc1ncc(N2CCc3ncnc(-c4ccnc(N[C@H]5CC[C@H](O)CC5)c4)c3C2)cc1C,446.6,96.3,3.53,2,8,5,4.0
FUS,CHEMBL4581775,-6.6,CC(=O)N1CCN(c2nccc3c(-c4ccc5c(c4)CC(=O)N5)c(-c4ccc(F)cc4)nn23)CC1,470.5,82.8,3.37,1,5,3,4.0
FUS,CHEMBL4582573,-6.6,CC(=O)c1c(O)c(C)c(O)c2c1OC1=Cc3c(c(C)nn3-c3ccc(C)cc3)C(=O)[C@]12C,430.5,101.7,4.3,2,6,2,4.0
FUS,CHEMBL4582732,-6.6,COc1ccc(CN2C(=O)c3ccccc3C(C=NNc3nc(=O)cc(C)[nH]3)C2=O)cc1,431.5,116.7,2.45,2,7,6,4.0
FUS,CHEMBL4584626,-6.6,Cc1ccc(C(=O)C(C)Sc2nnc3c(=O)n(-c4ccc(F)c(F)c4)ccn23)cc1C,440.5,69.3,4.14,0,5,5,5.0
FUS,CHEMBL4584689,-6.6,Cc1cc(F)cc2c(=O)[nH]c(-c3ccc(N4CCN(C)CC4)cc3)nc12,352.4,52.2,2.79,1,4,2,5.0
FUS,CHEMBL4584853,-6.6,Cc1cn2nc(-c3cc(=O)n4cc(N5CCN6CCC[C@H]6C5)ccc4n3)ccc2n1,401.5,71.0,2.0,0,6,2,5.0
FUS,CHEMBL4584942,-6.6,NC(=O)c1cccc2c1O/C(=C\c1ccc(C(=O)N3CCn4cnnc4C3)cc1)C2=O,415.4,120.4,1.65,1,6,3,4.0
FUS,CHEMBL4584973,-6.6,Cc1ccc(/C=N/Nc2nn3c(=O)c4ccccc4nc3c3ccccc23)o1,369.4,84.8,3.74,1,6,3,5.0
FUS,CHEMBL4585059,-6.6,Cc1cc2nn(CC(=O)Nc3cccc(C)c3C)c(=O)n2c(Nc2ccc(C)c(F)c2)n1,434.5,93.3,3.65,2,5,5,4.0
FUS,CHEMBL460540,-6.6,CN1CCN(C(=O)c2nc(-c3nnc(Cc4ccc(F)cc4)o3)c(O)c3ncccc23)CC1,448.5,108.5,2.5,1,8,4,4.0
FUS,CHEMBL4634998,-6.6,Cc1nn(Cc2ccc(Cl)cc2)c2c1C1(CC(=O)N2)C(=O)Nc2ccc(Cl)cc21,427.3,76.0,4.13,2,3,2,5.0
FUS,CHEMBL4636072,-6.6,COc1cc(N2CCN(C)CC2)ccc1Nc1ncc2c(n1)N(C1CCC1)c1ccccc1C(=O)N2C,499.6,77.1,4.26,1,8,5,4.0
FUS,CHEMBL4636403,-6.6,O=C(O)c1ccccc1C(=O)c1ccc(Nc2cccc3cccnc23)c([N+](=O)[O-])c1,413.4,122.4,4.82,2,6,6,4.0
FUS,CHEMBL4637464,-6.6,CN(C)c1cc(-c2cc3c4c(n[nH]c4c2)Nc2ccccc2O3)nc(N)n1,359.4,105.0,3.52,3,7,2,4.0
FUS,CHEMBL4637979,-6.6,CCn1nnc2c(C)c([C@@H](CC(=O)O)c3ccc4c(c3)CN(C(=O)c3ccccc3C)CC4)ccc21,482.6,88.3,4.87,1,4,6,4.0
FUS,CHEMBL4638758,-6.6,Cc1ccc2cc(NC(=O)Cn3c(-c4nonc4N)nc4ccccc43)ccc2n1,399.4,124.8,3.16,2,7,4,4.0
FUS,CHEMBL4638885,-6.6,COc1cc(Cn2cc(Cn3c4ccccc4c(=O)c4cccc(OC)c43)nn2)cc(OC)c1OC,486.5,89.6,3.88,0,7,8,4.0
FUS,CHEMBL4638917,-6.6,C[C@@H](Nc1nc2c(cnn2C2CCCC2)c(=O)[nH]1)C(=O)Nc1ccc2c(c1)CCC2=O,420.5,121.8,2.8,3,6,5,4.0
FUS,CHEMBL4639184,-6.6,Cc1nsc(N2C[C@H]3CC[C@@H](C2)[C@@H]3Nc2nc3c(OCC(F)(F)F)cccn3n2)n1,439.5,80.5,3.16,1,8,5,5.0
FUS,CHEMBL495875,-6.6,NC(=O)c1ccc(N2CCN(c3nnc(Cc4ccccc4)c4ccccc34)CC2)nc1,424.5,88.2,3.04,1,6,5,5.0
FUS,CHEMBL497786,-6.6,CC(=O)Nc1ccc2[nH]c(N3CCC4(CC3)OC(=O)c3ccccc34)nc2c1,376.4,87.3,3.19,2,5,2,5.0
FUS,CHEMBL497980,-6.6,Cc1ccc2c(N3CCN(CCc4ccc5c(c4)NC(=O)CO5)CC3)ccc(Cl)c2n1,436.9,57.7,3.89,1,5,4,5.0
FUS,CHEMBL497986,-6.6,Cc1ccc(NC(=O)c2ccc(CN3CCN(C)CC3)cc2)cc1-c1ccc2[nH]c(=O)ccc2c1,466.6,68.4,4.5,2,4,5,4.0
FUS,CHEMBL498202,-6.6,COc1cccc2c1c(C(=O)/C=C(\O)C(=O)O)cn2Cc1cc(F)c(F)c(F)c1,405.3,88.8,3.82,2,4,6,5.0
FUS,CHEMBL498379,-6.6,CN1CCN(c2ccc(-c3ccc4c(c3)N(c3nc5c(s3)C(=O)NC(C)(C)C5)CCO4)nn2)CC1,491.6,86.7,2.95,1,9,3,4.0
FUS,CHEMBL498396,-6.6,O=C1OC2(CCN(c3nc4c(F)cccc4[nH]3)CC2)c2ccccc21,337.4,58.2,3.37,1,4,1,5.0
FUS,CHEMBL498698,-6.6,O=C(O)/C(O)=C/C(=O)c1cn(Cc2ccc(F)cc2)c2c(F)cccc2c1=O,385.3,96.6,3.04,2,4,5,4.0
FUS,CHEMBL498785,-6.6,C[C@H]1OC(=O)[C@@H]2C[C@@H]3C[C@H](N)CC[C@H]3[C@H](/C=C/c3ccc(-c4cccc(F)c4)cn3)[C@H]12,420.5,65.2,4.84,1,4,3,5.0
FUS,CHEMBL499475,-6.6,COc1cccc2c1c(C(=O)/C=C(\O)C(=O)O)cn2Cc1cc(F)ccc1F,387.3,88.8,3.69,2,4,6,5.0
FUS,CHEMBL501462,-6.6,O=c1nc(-c2ccc3[nH]ncc3c2)cc(-c2ccc(OCc3ccccc3)cc2)[nH]1,394.4,83.7,4.56,2,4,5,5.0
FUS,ALECTINIB,-6.5,CCc1cc2c(cc1N1CCC(N3CCOCC3)CC1)C(C)(C)c1[nH]c3cc(C#N)ccc3c1C2=O,482.6,72.4,4.77,1,5,3,4.0
FUS,CHEMBL10039,-6.5,O=C(N[C@H](C(=O)O)c1ccccc1)c1cc(-c2ccccc2)nc2ccccc12,382.4,79.3,4.46,2,3,5,5.0
FUS,CHEMBL1160771,-6.5,C[C@@H](O)[C@H]1C(=O)N2C(C(=O)O)=C(c3cc(C#N)c4oc5ccccc5c4c3)C[C@H]12,388.4,114.8,2.86,2,5,3,4.0
FUS,CHEMBL1204619,-6.5,O=C1N[C@H]2[C@@H]3OP(=O)(O)O[C@@H]3[C@@H](O)C[C@@H]2c2cc3c(cc21)OCO3,355.2,123.6,0.26,3,7,0,4.0
FUS,CHEMBL1205929,-6.5,O=C(/C=C/c1c(C(=O)O)[nH]c2cc(Cl)cc(Cl)c12)Nc1ccc(F)cc1,393.2,82.2,4.96,3,2,4,5.0
FUS,CHEMBL1206488,-6.5,CC1(C)SC2C(NC(=O)NCCc3ccc4ccccc4c3)C(=O)N2[C@H]1C(=O)O,413.5,98.7,2.2,3,4,5,4.0
FUS,CHEMBL1206489,-6.5,CC1(C)SC2C(NC(=O)N/C=C/c3ccc4ccccc4c3)C(=O)N2[C@H]1C(=O)O,411.5,98.7,2.63,3,4,4,4.0
FUS,CHEMBL1207144,-6.5,C[C@@H](O)[C@H]1C(=O)N2C(C(=O)O)=C(c3ccc4c(c3)c3ncccc3n4C)C[C@H]12,377.4,95.7,2.13,2,4,3,4.0
FUS,CHEMBL1207157,-6.5,O=C(/C=C/c1c(C(=O)O)[nH]c2cc(Cl)cc(Cl)c12)Nc1cccc([N+](=O)[O-])c1F,438.2,125.3,4.87,3,4,5,4.0
FUS,CHEMBL1207261,-6.5,O=C(O)C1=CS[C@@H]2/C(=C\c3cc4c(s3)CCN(c3cc5c(s3)CCOC5)C4)C(=O)N12,458.6,70.1,3.67,1,7,3,4.0
FUS,CHEMBL1207368,-6.5,O=C(O)C1C/C(=C2/CC(=O)N(c3ccccc3)C2=O)c2ccc(Cl)cc2N1,382.8,86.7,3.33,2,4,2,5.0
FUS,CHEMBL1210547,-6.5,O=C(CN1CCN(c2nnc(Cc3ccncc3)c3ccccc23)CC1)Nc1ccc(F)c(F)c1,474.5,74.2,3.65,1,6,6,4.0
FUS,CHEMBL1210661,-6.5,CC(=O)Nc1ncnc2[nH]c(-c3ccc4ccccc4c3)nc12,303.3,83.6,3.13,2,4,2,5.0
FUS,CHEMBL1210672,-6.5,Cc1ccc(NC(=O)CN2CCN(c3nnc(Cc4ccncc4)c4ccccc34)CC2)c(C)c1,466.6,74.2,3.99,1,6,6,4.0
FUS,CHEMBL1210981,-6.5,O=C(CSc1nnc2c(n1)[nH]c1ccccc12)Nc1cccc([N+](=O)[O-])c1,380.4,126.7,3.15,2,7,5,4.0
FUS,CHEMBL1242845,-6.5,Cc1nn(-c2ccccc2)nc1Cn1nc(-c2ccc(F)c(O)c2)c2c(N)ncnc21,416.4,120.6,2.86,2,7,4,4.0
FUS,CHEMBL1242895,-6.5,Cc1nn(-c2ccccc2)c(Cl)c1/C=N/NC(=O)Cc1cccc2ccccc12,402.9,59.3,4.68,1,3,5,5.0
FUS,CHEMBL13464,-6.5,CN1C[C@H](CN2CC(=O)NC2=O)C[C@@H]2c3ccc(C(C)(C)C)c4[nH]cc(c34)C[C@H]21,394.5,68.4,2.98,2,3,2,5.0
FUS,CHEMBL13998,-6.5,CC[C@@]1(O)C(=O)OCc2c1cc1n(c2=O)Cc2c-1nc1cnc(C#N)cc1c2C,388.4,118.1,1.65,1,7,1,4.0
FUS,CHEMBL14504,-6.5,CC1CCC(=NNc2cccc3ccccc23)c2ncc(C(=O)O)c(=O)n21,362.4,96.6,3.27,2,5,3,4.0
FUS,CHEMBL1472702,-6.5,Cc1ccc2c(c1)-c1c(cnn1CC(=O)N1CCN(c3cc(C)ccc3C)CC1)CO2,416.5,50.6,3.72,0,4,3,5.0
FUS,CHEMBL1488129,-6.5,Cc1nc2c(-c3ccc(F)cc3)c(C)nn2c(C)c1CCC(=O)N1CCN(c2ccc(F)cc2)CC1,489.6,53.7,4.88,0,4,5,4.0
FUS,CHEMBL1546634,-6.5,O=C(c1cnn2c(C(F)(F)F)cc(-c3ccc(F)cc3)nc12)N1CCc2ccccc2C1,440.4,50.5,4.75,0,3,2,5.0
FUS,CHEMBL16254,-6.5,O=C(Nc1ccccc1)Nc1nc2ccccc2n2c(=O)n(-c3ccccc3)nc12,396.4,93.3,3.68,2,4,3,4.0
FUS,CHEMBL1795492,-6.5,O=C(Nc1cccc2c1[nH]c(=O)c1nn(-c3ccccc3)cc12)OCc1ccccc1,410.4,89.0,4.62,2,4,4,5.0
FUS,CHEMBL1796172,-6.5,O=C(NNC(=O)c1ccc([N+](=O)[O-])cc1)C(=O)c1c[nH]c2ccccc12,352.3,134.2,1.72,3,5,4,4.0
FUS,CHEMBL1796568,-6.5,Cc1ccc(C2OOC(c3ccc(C(=O)N4CCN(c5ccccc5)CC4)cc3)OO2)cc1,446.5,60.5,4.56,0,6,4,5.0
FUS,CHEMBL1808285,-6.5,CN(C(=O)N1CCN2C(=O)N([C@H]3C[C@@H]3c3ccccc3)C(=O)C2C1)c1ccccc1-c1ccccc1,480.6,64.2,4.41,0,3,4,4.0
FUS,CHEMBL1858494,-6.5,Cc1ccc(Oc2cc(/C(=N/O)N3CCN(c4ccc(F)cc4)CC3)ccn2)c2c1CCC2,446.5,61.2,4.77,1,5,4,5.0
FUS,CHEMBL1858612,-6.5,O/N=C(\NCCN1CCOCC1)c1ccc(Oc2ccc3oc4ccccc4c3c2)nc1,432.5,92.4,3.83,2,7,6,4.0
FUS,CHEMBL1860006,-6.5,O/N=C(/c1ccc(Oc2c(F)c(F)cc(F)c2F)nc1)N1Cc2ccccc2C1,403.3,58.0,4.58,1,4,3,5.0
FUS,CHEMBL1864626,-6.5,O=C(c1nc(C(F)(F)F)[nH]c1-c1ccccc1)N1CCN(c2ccccc2)CC1,400.4,52.2,4.06,1,3,3,5.0
FUS,CHEMBL1865383,-6.5,O=C(CN1CCCN(Cc2cccc(F)c2)S1(=O)=O)Nc1ccc2c(c1)OCCO2,435.5,88.2,1.99,1,5,5,5.0
FUS,CHEMBL1865685,-6.5,O=C(CN1C(=O)NC2(CCCC2)C1=O)Nc1ccc(S(=O)(=O)N2CCOCC2)cc1,436.5,125.1,0.51,2,6,5,4.0
FUS,CHEMBL1866035,-6.5,O=C(NC1CC(=O)N(c2ccccc2)C1)N1CCN(C(=O)c2ccco2)CC1,382.4,86.1,1.55,1,4,3,5.0
FUS,CHEMBL19347,-6.5,O=c1n(CCN2CCC(Cc3c[nH]c4ccc(F)cc34)CC2)c2cccc3c2n1CCC3,432.5,46.0,4.32,1,2,5,5.0
FUS,CHEMBL19747,-6.5,Cc1nnc2n1-c1sc(C#CCN3C(=O)COc4ccccc43)cc1C(c1ccccc1Cl)=NC2,500.0,72.6,4.42,0,6,2,4.0
FUS,CHEMBL19991,-6.5,Cc1nnc2n1-c1ccc(C#CCCN3C(=O)c4ccccc4C3=O)cc1C(c1ccccc1F)=NC2,489.5,80.5,4.1,0,5,3,4.0
FUS,CHEMBL20031,-6.5,O=C(Cn1c(C2CCNCC2)nc2cc(Cl)c(Cl)cc21)N/N=C/c1ccc2c(c1)OCCO2,488.4,89.8,3.73,2,6,5,4.0
FUS,CHEMBL20825,-6.5,CCOC(=O)[C@@H](Cc1ccc2ccccc2c1)NC(=O)c1cccc(C(=N)N)c1,389.5,105.3,3.03,3,4,7,4.0
FUS,CHEMBL21079,-6.5,Cc1ccc(NC(=O)c2ccccc2)cc1Nc1nccc(-c2ccc[n+]([O-])c2)n1,397.4,93.9,4.08,2,5,5,4.0
FUS,CHEMBL2142889,-6.5,O=C1CC2(CCN(C(=O)c3ccccc3[N+](=O)[O-])CC2)Oc2ccccc21,366.4,89.8,3.24,0,5,2,5.0
FUS,CHEMBL22736,-6.5,OC1(c2cccc(COc3ccc4c(-c5ccoc5)cncc4c3)n2)CC2COC(C1)O2,430.5,86.8,4.19,1,7,5,5.0
FUS,CHEMBL24875,-6.5,O=C(O)Cc1cccc2c1Cc1c-2nc(O)c2nc(-c3ccc(C(=O)O)cc3)cn12,401.4,125.0,3.0,3,5,4,4.0
FUS,CHEMBL26817,-6.5,O=C1NCc2c1c1c3ccccc3n3c1c1c2c2ccccc2n1CN(CCO)C3,396.5,62.4,3.37,2,3,2,5.0
FUS,CHEMBL27890,-6.5,COc1ccc2c(O)cc(=O)n(Cc3ccc(-c4ccccc4-c4nn[nH]n4)cc3)c2c1,425.4,105.9,3.61,2,6,5,4.0
FUS,CHEMBL3309444,-6.5,NS(=O)(=O)c1ccc(N2N=C(C(F)(F)F)CC2c2ccc3ccccc3c2)cc1,419.4,75.8,4.36,1,4,3,5.0
FUS,CHEMBL3309648,-6.5,COc1ccc(F)c(C2C3=C(COC3=O)Nc3c2c2cccnc2c2ncccc32)c1,413.4,73.3,4.3,1,6,2,5.0
FUS,CHEMBL3310151,-6.5,CN1CCN(c2cc(F)c3c(c2)nc(Cc2ccc4c(c2)OCO4)n2nc(N)nc32)CC1,435.5,94.0,2.07,1,8,3,4.0
FUS,CHEMBL3355155,-6.5,Cc1ccc(NC(=O)c2cccc(-n3cc(NC(=O)N4CCc5ccccc54)cn3)c2)cn1,438.5,92.2,4.42,2,4,4,4.0
FUS,CHEMBL4434756,-6.5,O=C(c1ccnc(Nc2nc3cnc(NC4CC4)cc3[nH]2)c1)N1CCC(F)(F)CC1,413.4,98.8,3.54,3,6,5,4.0
FUS,CHEMBL4435035,-6.5,CN1CC2(CCN(c3ncc(-c4ccc5c(Nc6cnccn6)ccnc5c4)cn3)C2)C1,424.5,83.0,3.37,1,8,4,5.0
FUS,CHEMBL4435396,-6.5,NC(=O)c1cc(-c2ccc(F)cc2)n2nc(COc3ccnc(C(F)(F)F)c3)cc2n1,431.3,95.4,3.63,1,5,5,4.0
FUS,CHEMBL4435744,-6.5,O=C(N[C@@H](C(=O)NO)c1ccc(-c2cc(F)c(F)c(F)c2)cc1)[C@@H](F)C(F)(F)F,424.3,78.4,3.33,3,3,5,5.0
FUS,CHEMBL4435827,-6.5,O=C(Nc1nc2ccc(-c3ccccc3)cn2n1)c1cccc([N+](=O)[O-])c1,359.3,102.4,3.56,1,5,4,4.0
FUS,CHEMBL4436157,-6.5,O=C1NCCn2c(C3CCN(C(=O)c4cccc(Cl)c4)CC3)nc3cncc1c32,409.9,80.1,2.85,1,4,2,5.0
FUS,CHEMBL4529698,-6.5,CN1CCN(c2ccc(-c3cn4c(-c5cccc(N(C)C)c5)cnc4cn3)cn2)CC1,413.5,52.8,3.28,0,6,4,5.0
FUS,CHEMBL4529707,-6.5,c1ccc2[nH]c(-c3ccc(-c4nc5ccccc5[nH]4)nc3)nc2c1,311.3,70.2,4.17,2,3,2,5.0
FUS,CHEMBL4529934,-6.5,Cc1ccc(-c2ccc3nn(CC(=O)N4CCN(c5ccc(F)cc5)CC4)c(=O)n3n2)cc1C,460.5,75.7,2.66,0,5,4,4.0
FUS,CHEMBL4530098,-6.5,C=CCOc1ccc(-c2ncc(C(=O)O)c(=O)[nH]2)cc1-n1ccnn1,339.3,123.0,1.28,2,6,6,4.0
FUS,CHEMBL4530123,-6.5,O=C(/C=C/c1cc(F)ccc1F)N1CCN(CCN2C(=O)c3cccc4cccc(c34)C2=O)CC1,475.5,60.9,3.57,0,4,5,4.0
FUS,CHEMBL4530341,-6.5,Nc1ncc(-c2ccc(C(=O)N3CCC(N)C3)cc2)nc1-c1ccc(C(F)(F)F)cc1,427.4,98.1,3.58,2,5,3,4.0
FUS,CHEMBL4530829,-6.5,CC1CCCC(C)N1CCC(=O)NNC(=O)c1cc(-c2ccc(Cl)cc2)nc2ccccc12,465.0,74.3,4.97,2,4,5,4.0
FUS,CHEMBL4531069,-6.5,Cc1c(C(=O)N2CCC3OCCCC3C2)cnn1-c1nc2ccsc2c(=O)[nH]1,399.5,93.1,2.12,1,6,2,4.0
FUS,CHEMBL4531519,-6.5,Cc1ccc(Sc2nccn3c(=O)n(CC(=O)N4CCN(c5ccc(F)cc5)CC4)nc23)c(C)c1,492.6,75.7,3.15,0,6,5,4.0
FUS,CHEMBL4531607,-6.5,CC#CC(=O)N1CCC[C@@H](n2nc(C#CCOc3ccccc3)c3c(N)ncnc32)C1,414.5,99.2,2.03,1,6,3,4.0
FUS,CHEMBL4531804,-6.5,C#Cc1ccc(/C=C/c2nc3ccccc3c(=O)n2-c2cccc(S(N)(=O)=O)c2)cc1,427.5,95.0,3.18,1,4,4,4.0
FUS,CHEMBL4533140,-6.5,Cc1c(C(=O)N2CCn3cc(C(F)(F)F)nc3C2)cnn1-c1nn2cccc2c(=O)[nH]1,432.4,106.1,1.39,1,5,2,4.0
FUS,CHEMBL4533224,-6.5,CN1CCN(c2ccc(C(=O)Nc3cc(-c4ccc5c(c4)OCO5)n[nH]3)cc2)CC1,405.5,82.7,2.81,2,6,4,5.0
FUS,CHEMBL4533316,-6.5,COc1ccc(NC(=O)COc2cc(-c3nc4ccccc4c(=O)[nH]3)ccc2OC)cc1,431.4,102.5,3.62,2,6,7,4.0
FUS,CHEMBL4534196,-6.5,CCC(O)(C#Cc1cc(-n2ccc3cnc(N)nc32)ccn1)c1nccs1,376.4,102.7,2.5,2,7,3,4.0
FUS,CHEMBL4534436,-6.5,Cc1cc(C)c(NC(=O)Cn2nc3ccc(-c4ccc(C)c(C)c4)nn3c2=O)c(C)c1,415.5,81.3,3.74,1,4,4,5.0
FUS,CHEMBL4534671,-6.5,COc1cccc(NC(=O)c2ccc(C)c(C#Cc3cc(-c4cnn(C)c4)cnc3N)c2)c1,437.5,95.1,4.03,2,5,4,4.0
FUS,CHEMBL4534767,-6.5,O=[N+]([O-])c1ccc2cc(-c3nnc(-c4ccccc4O)o3)oc2c1,323.3,115.4,3.76,1,7,3,4.0
FUS,CHEMBL4543398,-6.5,CC(C)c1cccc(-c2ccc3nnc(-c4ccc5c(c4)NC(=O)CO5)n3c2)c1,384.4,68.5,4.52,1,4,3,5.0
FUS,CHEMBL4543497,-6.5,CN1C[C@H](Nc2nc3cc[nH]c3c(=O)n2C)C[C@H](c2ccc(Oc3ccccc3)cc2)C1,429.5,75.2,3.95,2,5,5,5.0
FUS,CHEMBL4543572,-6.5,Cc1nc2ccc(-c3cc(=O)n4cc(N5CCN(C)CC5)ccc4n3)cc2o1,375.4,66.9,2.56,0,6,2,5.0
FUS,CHEMBL4553137,-6.5,Cc1cccc(Oc2nccn3c(=O)n(CC(=O)N4CCN(c5ccc(F)cc5)CC4)nc23)c1C,476.5,85.0,2.79,0,6,5,4.0
FUS,CHEMBL4564097,-6.5,Cc1c(C(=O)N2CC(N3CCC(F)(F)C3)C2)cnn1-c1nc2[nH]ccc2c(=O)[nH]1,403.4,102.9,0.91,2,5,3,4.0
FUS,CHEMBL4564177,-6.5,C[C@@H]1CN(C2CCc3c(NC(=O)c4cccc(C#N)c4)cccc32)C[C@H](C)N1C(=O)C1CCCC1,470.6,76.4,4.91,1,4,4,4.0
FUS,CHEMBL4564670,-6.5,Nc1ncnc2c3c(n(-c4ccc(NC(=O)Cc5cccc(Cl)c5)cc4)c12)CCC3,417.9,85.8,4.33,2,4,4,5.0
FUS,CHEMBL4564867,-6.5,COc1ccc(-c2cc3c4nnc(SCC(=O)Nc5cc(F)ccc5C)n4ccn3n2)cc1,462.5,85.8,4.23,1,6,6,4.0
FUS,CHEMBL4564908,-6.5,O=C(Cc1ccccc1)NC(C(=O)NO)c1ccc(-c2cc(F)c(F)c(F)c2)cc1,414.4,78.4,3.68,3,3,6,5.0
FUS,CHEMBL4565091,-6.5,CC1(C)C[C@H](c2c[nH]c3c(C(N)=O)cc(-c4ccc(F)cc4)cc23)CCS1(=O)=O,414.5,93.0,4.14,2,3,3,4.0
FUS,CHEMBL4565104,-6.5,O/N=C1/c2ccccc2-c2nnc(-c3cccc(OC(F)(F)F)c3)cc21,357.3,67.6,4.25,1,5,2,5.0
FUS,CHEMBL4566549,-6.5,C/C(=N/NC(=N)N)c1sc(-c2ccc(C#Cc3ccccc3)cc2)nc1C,373.5,87.2,3.73,3,4,3,5.0
FUS,CHEMBL4566557,-6.5,CC(=O)Nc1nc(C)c(-c2cn(S(=O)(=O)c3cccc4ccccc34)c3ccccc23)[nH]1,444.5,96.8,4.69,2,4,4,4.0
FUS,CHEMBL4566625,-6.5,Cc1cccc2c(=O)[nH]c(N3CCC4(CC3)CN(CCO)c3cc(F)cc(F)c34)nc12,426.5,72.5,2.86,2,5,3,5.0
FUS,CHEMBL4567857,-6.5,CC1c2nnn(-c3ccc4ccccc4n3)c2CCN1C(=O)c1ccc(F)cc1,387.4,63.9,3.71,0,4,2,5.0
FUS,CHEMBL4568171,-6.5,CCC1(C#N)CCN(C(=O)c2cnn(-c3nn4c(F)ccc4c(=O)[nH]3)c2C)CC1,397.4,112.1,1.81,1,5,3,4.0
FUS,CHEMBL4568203,-6.5,Cc1ccc(-c2cc3c4nn(CC(=O)Nc5ccc6c(c5)OCO6)c(=O)n4ccn3n2)cc1,442.4,104.2,2.49,1,6,4,4.0
FUS,CHEMBL4568382,-6.5,NC(=O)c1cccc(-c2cn3c(-c4ccc(F)c(Cl)c4)cnc3cn2)c1,366.8,73.3,3.95,1,3,3,5.0
FUS,CHEMBL4568427,-6.5,CN1CCN(c2ccc(-c3cc(=O)c4c(O)cc(O)c(OC5CCCC5)c4o3)cc2)CC1,436.5,86.4,3.94,2,7,4,5.0
FUS,CHEMBL4568472,-6.5,c1ccc(-c2cc(Cn3cc(Cn4ccc5cncnc54)nn3)cc(-c3ccccc3)n2)cc1,443.5,74.3,4.85,0,5,6,5.0
FUS,CHEMBL4568515,-6.5,CS(=O)(=O)NC1CCN(c2nc(-c3ccccn3)nc3sc(-c4ccccc4)cc23)CC1,465.6,88.1,3.94,1,7,5,4.0
FUS,CHEMBL4569433,-6.5,Cc1c(C(=O)N2Cc3cc(C(F)(F)F)cnc3C2)cnn1-c1nn2cccc2c(=O)[nH]1,429.4,101.2,2.09,1,5,2,4.0
FUS,CHEMBL4569434,-6.5,Cc1cc2nn(CC(=O)Nc3cc(F)ccc3C)c(=O)n2c(Nc2ccc(F)c(C)c2)n1,438.4,93.3,3.48,2,5,5,4.0
FUS,CHEMBL4570217,-6.5,C[C@@H](c1cc2cccnc2cc1F)n1cnc2ncc(-c3ccc(C(N)=O)c(F)c3)nc21,430.4,99.6,4.03,1,5,4,4.0
FUS,CHEMBL4570452,-6.5,Cc1cc2nn(CC(=O)Nc3ccc(F)cc3Cl)c(=O)n2c(Nc2ccc(F)cc2)n1,444.8,93.3,3.51,2,5,5,4.0
FUS,CHEMBL4570539,-6.5,CN1CCN(c2ccc(-c3cn4c(-c5ccccc5)cnc4cn3)cn2)CC1,370.5,49.6,3.21,0,5,3,5.0
FUS,CHEMBL4570691,-6.5,Cc1nnc2ccc(NCc3cn(-c4ccccc4)nc3C(C)C)nn12,347.4,72.9,3.35,1,5,5,5.0
FUS,CHEMBL4571226,-6.5,O=S(=O)(NCc1ccc(-c2ccccc2)cc1)c1cc2ccc(Cl)cc2[nH]1,396.9,62.0,4.97,2,2,5,5.0
FUS,CHEMBL4571384,-6.5,Cc1c(C(=O)N2CC(N3CCCC(F)(F)C3)C2)cnn1-c1nn2cccc2c(=O)[nH]1,417.4,91.5,1.07,1,5,3,4.0
FUS,CHEMBL4571472,-6.5,N#Cc1ccc(/C=C/c2nc3ccccc3c(=O)n2-c2cccc(NC(=O)C(F)(F)F)c2)cc1,460.4,87.8,4.93,1,4,4,4.0
FUS,CHEMBL4571685,-6.5,C[C@@H](CNC(=O)c1sc2ncc(F)cc2c1N)c1cc(F)c(N2CC3CCC(C2)N3)cc1F,475.5,83.3,3.77,3,6,5,4.0
FUS,CHEMBL4572046,-6.5,c1cc(-c2nc(-c3ccc(N4CCOCC4)nc3)cc(N3CCC(N4CCOCC4)CC3)n2)ccn1,487.6,79.7,2.74,0,9,5,4.0
FUS,CHEMBL4572169,-6.5,O=c1cc(Cn2cc(CSc3nc4ccccc4[nH]3)nn2)c2ccc(O)cc2o1,405.4,109.8,3.31,2,7,5,4.0
FUS,CHEMBL4572216,-6.5,Cc1cc(O)cc2c1C(=O)/C(=C/c1ccc(F)cc1)O2,270.3,46.5,3.46,1,3,1,5.0
FUS,CHEMBL4572563,-6.5,Cc1ccccc1N1CCN(C(=O)c2cnn(-c3nc4c(c(=O)[nH]3)CCC4)c2C)CC1,418.5,87.1,2.02,1,5,3,5.0
FUS,CHEMBL4572947,-6.5,CCn1ccc2c(=O)[nH]c(-n3ncc(C(=O)N4CCN(CC(F)(F)F)CC4)c3C)nc21,437.4,92.0,1.56,1,5,4,4.0
FUS,CHEMBL4573275,-6.5,CC(C)(C)c1ccc(C(=O)NC(=S)NNC(=O)c2cccc([N+](=O)[O-])c2)cc1,400.5,113.4,2.84,3,5,3,4.0
FUS,CHEMBL4573391,-6.5,O=c1c(-c2nnc(-c3ccc(Cl)cc3)o2)c[nH]c2ncc(-c3ccccc3)cc12,400.8,84.7,4.96,1,5,3,5.0
FUS,CHEMBL4573482,-6.5,Cc1ccc(-c2cc3c4nn(CC(=O)Nc5ccccc5Br)c(=O)n4ccn3n2)cc1C,491.3,85.7,3.83,1,4,4,4.0
FUS,CHEMBL4573495,-6.5,COc1ccc(-c2ccc(C(=O)NNC(=O)Nc3ccccc3)c(C)n2)cc1,376.4,92.4,3.53,3,4,4,4.0
FUS,CHEMBL4573526,-6.5,Cc1[nH]c2c(-c3ccccc3)c(-c3ccccc3)nn2c(=O)c1-c1ccc2ncnc(N)c2c1,444.5,102.0,4.86,2,5,3,4.0
FUS,CHEMBL4574630,-6.5,O=C(N/N=C/c1cccc(Cl)c1)c1cc(-c2ccc3c4c(cccc24)CC3)[nH]n1,400.9,70.1,4.75,2,3,4,5.0
FUS,CHEMBL4574860,-6.5,CCc1c(-c2ccc(N3C[C@@H]4CCCN(C)[C@@H]4C3)cc2)[nH]c(=O)c2c(=O)[nH]sc12,410.5,72.2,3.04,2,5,3,5.0
FUS,CHEMBL4575162,-6.5,CN1CCN(c2ccc(-c3cn4c(-c5ccc6c(c5)OCO6)cnc4cn3)cn2)CC1,414.5,68.0,2.94,0,7,3,5.0
FUS,CHEMBL4575539,-6.5,CN(C)c1nc2ccccc2n2c(=O)n(CC(=O)Nc3ccc4c(c3)OCO4)nc12,406.4,103.0,1.48,1,7,4,4.0
FUS,CHEMBL4575782,-6.5,Cc1cccc(NC(=O)Cn2nc3ccc(-c4ccc(C)c(C)c4)nn3c2=O)c1,387.4,81.3,3.12,1,4,4,5.0
FUS,CHEMBL4581156,-6.5,Cc1c(C(=O)N2CCC(F)(c3ccccn3)CC2)cnn1-c1nn2cccc2c(=O)[nH]1,421.4,101.2,2.01,1,5,3,4.0
FUS,CHEMBL4581455,-6.5,O=C(c1cc(C(F)(F)F)n[nH]1)N1CCCC(c2cc3ncccc3[nH]2)C1,363.3,77.7,3.32,2,3,2,5.0
FUS,CHEMBL4581760,-6.5,N#Cc1ccc2c(c1)c(NC(=O)c1cccnn1)nn2Cc1ccc(C(F)(F)F)nc1,423.4,109.4,3.41,1,6,4,4.0
FUS,CHEMBL4581931,-6.5,Cc1c(-c2ccc(Oc3ccc(N4CCNCC4)cc3)c(F)c2)[nH]c2cccc(F)c2c1=O,447.5,57.4,4.98,2,4,4,5.0
FUS,CHEMBL4582240,-6.5,COc1cccc(-n2ccn3c(SCC(=O)N4CCN(c5ccc(F)cc5)CC4)nnc3c2=O)c1,494.6,85.0,2.47,0,7,6,4.0
FUS,CHEMBL4583574,-6.5,Cc1cc(C)cc(NC(=O)Cn2nc3ccc(-c4ccc(C)c(C)c4)nn3c2=O)c1,401.5,81.3,3.43,1,4,4,5.0
FUS,CHEMBL4583616,-6.5,Nc1ncnc2c3c(n(-c4ccc(NC(=O)Cc5cc(C(F)(F)F)on5)cc4)c12)CCC3,442.4,111.9,3.68,2,6,4,4.0
FUS,CHEMBL4583617,-6.5,CNC(=O)c1cnc(N)c(C#Cc2cc(C(=O)Nc3cc(OC)cc(OC)c3)ccc2C)c1,444.5,115.6,3.0,3,6,5,4.0
FUS,CHEMBL4584771,-6.5,O=C1c2ccccc2C(=O)N1c1ccc(S(=O)(=O)Nc2cccc3ccccc23)cc1,428.5,83.6,4.44,1,4,4,5.0
FUS,CHEMBL4585010,-6.5,Cc1c(C(=O)N2CCC(F)(c3ccc(F)cc3)C2)cnn1-c1nn2cccc2c(=O)[nH]1,424.4,88.3,2.37,1,4,3,5.0
FUS,CHEMBL4634693,-6.5,O=C1NCCc2c1c1ccccc1n1c(=O)c3ccccc3n21,303.3,55.0,1.99,1,2,0,5.0
FUS,CHEMBL4634782,-6.5,Cc1ccc(C2C(C#N)=C(N)Oc3cc4oc(-c5ccccc5)cc(=O)c4c(O)c32)cc1,422.4,109.5,4.69,2,6,2,4.0
FUS,CHEMBL4635384,-6.5,O=C(O)c1ccccc1Nc1nc(Cl)nc(Nc2ccc(N3CCOCC3=O)cc2)n1,440.8,129.6,3.07,3,8,6,4.0
FUS,CHEMBL4635410,-6.5,O=C(O)c1cn(C2CC2)c2c(c1=O)C=C(F)C1=NN=C(c3ccc(F)cc3)CN12,396.4,87.3,2.97,1,5,3,5.0
FUS,CHEMBL4635896,-6.5,Cn1nnc2cc(C(CC(=O)O)c3ccc4c(c3)CN(C(=O)c3ccccc3)CC4)ccc21,440.5,88.3,3.77,1,4,5,5.0
FUS,CHEMBL4636035,-6.5,O=S1(=O)CCCN1c1ccc2oc(-c3ccc4ccccc4c3)nc2c1,364.4,63.4,4.19,0,4,2,5.0
FUS,CHEMBL4636314,-6.5,COc1cc(-c2cnc3c(N4C[C@@H](C)O[C@@H](C)C4)snc3c2)ccc1C(=O)NCc1ccccc1,488.6,76.6,4.91,1,7,6,4.0
FUS,CHEMBL4636909,-6.5,Nc1ncnc2c1c(Oc1cc(C(F)(F)F)ccn1)nn2[C@@H]1CC(F)(F)CC[C@H]1O,430.3,112.0,3.34,2,7,3,4.0
FUS,CHEMBL4636992,-6.5,NC1CCN(C2C(F)=Cc3c4n(cc(C(=O)O)c3=O)-c3ccccc3OC42)C1,383.4,97.8,1.69,2,5,2,4.0
FUS,CHEMBL4637048,-6.5,O=C(c1ccc(F)cc1)c1cccc(/C=c2\[nH]c(=O)/c(=C/c3nc[nH]c3C3CC3)[nH]c2=O)c1,442.5,111.5,1.69,3,4,5,4.0
FUS,CHEMBL4637069,-6.5,CCc1ccc(N2CC=C(c3nc(COc4ccc(-n5cnnn5)cc4Cl)cs3)CC2)nc1,480.0,81.9,4.6,0,8,7,4.0
FUS,CHEMBL4637095,-6.5,O=C1Nc2cc(Cl)ccc2/C1=C\c1ccc(-c2nnc(-c3cc(O)cc(O)c3)o2)cc1,431.8,108.5,4.96,3,6,3,4.0
FUS,CHEMBL4637418,-6.5,O=c1[nH]c2ccccc2c2n[nH]c(-c3cn(-c4ccccc4)nc3-c3ccccc3)c12,403.4,79.4,4.92,2,3,3,5.0
FUS,CHEMBL4637495,-6.5,O=C(CCc1cccc(-c2nc3ccccc3[nH]2)c1)NCc1ccc2[nH]ncc2c1,395.5,86.5,4.36,3,3,6,5.0
FUS,CHEMBL4637570,-6.5,O=C(Nc1nc2ccccc2[nH]1)c1c(O)c2cccc3c2n(c1=O)CCC3,360.4,100.0,2.78,3,4,2,4.0
FUS,CHEMBL4637683,-6.5,CC(C)(O)c1cc(COc2ccccc2CC(=O)O)cc(-c2ccc3c(c2)[C@H](N)CO3)c1,433.5,102.0,4.18,3,5,7,4.0
FUS,CHEMBL4638498,-6.5,O=[N+]([O-])c1cccc(-c2nnnn2-c2ccc(-c3nc4ccccc4o3)cc2)c1,384.4,112.8,4.05,0,7,4,4.0
FUS,CHEMBL4638521,-6.5,O=C(c1ccc2c(ccn2-c2ccc(F)cc2)c1)N1CC(N2CC(N3Cc4ccccc4C3=O)C2)C1,480.5,48.8,3.93,0,3,4,4.0
FUS,CHEMBL4638880,-6.5,COc1cc(N2CCN(C)CC2)ccc1Nc1nc(C)c2c(n1)N(C)c1ccccc1C(=O)N2C,473.6,77.1,3.65,1,8,4,4.0
FUS,CHEMBL4639227,-6.5,O=C1CC2(C(=O)Nc3ccc(Cl)cc32)c2cnn(Cc3ccc(Cl)c(Cl)c3)c2N1,447.7,76.0,4.47,2,3,2,5.0
FUS,CHEMBL4639260,-6.5,O=C(c1c[nH]c2ccccc12)N1CCC(N2CCc3ccccc3C2)C1,345.4,39.3,3.44,1,2,2,4.0
FUS,CHEMBL4639597,-6.5,NC(=O)c1cnc(N2CCC[C@H](N)C2)nc1Nc1cc(C(F)(F)F)cc(C(F)(F)F)c1,448.4,110.2,3.28,3,6,4,4.0
FUS,CHEMBL495941,-6.5,Cc1ccc(C2c3c(-c4ccccc4)nn(-c4ccccc4)c3Nc3[nH]c(=O)[nH]c(=O)c32)cc1,447.5,95.6,4.46,3,4,3,4.0
FUS,CHEMBL496484,-6.5,O=c1c(/C=C(/c2ccc([N+](=O)[O-])cc2)c2nnn[nH]2)coc2ccc(Br)cc12,440.2,127.8,3.57,1,7,4,4.0
FUS,CHEMBL497266,-6.5,CC(C)(N)c1ccc(N2CCN(c3nnc(Cc4ccccc4)c4ccccc34)CC2)nc1,438.6,71.2,4.14,1,6,5,5.0
FUS,CHEMBL497690,-6.5,O=c1c(/C=C(/c2ccc([N+](=O)[O-])cc2)c2nnn[nH]2)coc2ccc(Cl)cc12,395.8,127.8,3.46,1,7,4,4.0
FUS,CHEMBL497819,-6.5,N#Cc1ccc(N2CCN(c3cnc(Cc4ccccc4)c4ccccc34)CC2)nc1,405.5,56.1,4.42,0,5,4,5.0
FUS,CHEMBL497839,-6.5,O=C1OC2(CCN(C(=O)Nc3ccc(-c4ccccc4)nn3)CC2)c2ccccc21,400.4,84.4,3.84,1,5,2,5.0
FUS,CHEMBL501998,-6.5,COc1cccc2oc3cc4c(c(O)c3c(=O)c12)[C@@H]1C[C@@H](O)C[C@](C)(O4)O1,370.4,98.4,2.98,2,7,1,4.0
FUS,BETAMETHASONE ACETATE,-6.4,CC(=O)OCC(=O)[C@@]1(O)[C@@H](C)C[C@H]2[C@@H]3CCC4=CC(=O)C=C[C@]4(C)[C@@]3(F)[C@@H](O)C[C@@]21C,434.5,100.9,2.47,2,6,3,4.0
FUS,CHEMBL10211,-6.4,O=C(O)c1c(-c2ccc3c(c2)OCO3)c2ccccc2n1-c1ccc2c(c1)OCO2,401.4,79.2,4.45,1,5,3,5.0
FUS,CHEMBL10295,-6.4,NC[C@@H](NC(=O)c1cc(-c2ccccc2)nc2ccccc12)c1ccccc1,367.5,68.0,4.33,2,3,5,5.0
FUS,CHEMBL11533,-6.4,O=C(/C=C/c1cccc(OCc2ccc3ccccc3n2)c1)c1cc(-c2nn[nH]n2)ccc1O,449.5,113.9,4.6,2,7,7,4.0
FUS,CHEMBL11899,-6.4,O=C(/C=C/c1ccc(OCc2ccc3ccccc3n2)cc1)c1cc(-c2nn[nH]n2)ccc1O,449.5,113.9,4.6,2,7,7,4.0
FUS,CHEMBL1204622,-6.4,O=C1N[C@@H]2C(=C[C@H](O)[C@H]3OP(=O)(O)O[C@H]32)c2cc3c(cc21)OCO3,353.2,123.6,0.17,3,7,0,4.0
FUS,CHEMBL1205646,-6.4,O=C(O)COc1cccc(CC(C(=O)O)c2nc(-c3ccccc3)c(-c3ccccc3)o2)c1,443.5,109.9,4.88,2,5,9,4.0
FUS,CHEMBL1205903,-6.4,CC[C@@](O)(C(=O)O)c1cc2n(c(=O)c1CO)Cc1cc3ccccc3nc1-2,366.4,112.7,1.6,3,5,4,4.0
FUS,CHEMBL1206988,-6.4,O=C(O)C[C@H](O)C[C@H](O)/C=C/c1c2c(nn1-c1ccc(F)cc1)-c1ccccc1CC2,422.5,95.6,3.38,3,4,7,4.0
FUS,CHEMBL1207130,-6.4,O=C(/C=C/c1c(C(=O)O)[nH]c2cc(Cl)cc(Cl)c12)Nc1ccc([N+](=O)[O-])cc1,420.2,125.3,4.73,3,4,5,4.0
FUS,CHEMBL1207133,-6.4,O=C(/C=C/c1c(C(=O)O)[nH]c2cc(Cl)cc(Cl)c12)Nc1ccccc1[N+](=O)[O-],420.2,125.3,4.73,3,4,5,4.0
FUS,CHEMBL1209968,-6.4,N#Cc1cccc(N2C(=O)C3(CCN(C(=O)Nc4cc(F)cc(F)c4)CC3)C2c2ccccn2)c1,473.5,89.3,4.63,1,4,3,4.0
FUS,CHEMBL1210548,-6.4,O=C(CN1CCN(c2nnc(Cc3ccncc3)c3ccccc23)CC1)Nc1ccc(F)c(Cl)c1,491.0,74.2,4.17,1,6,6,4.0
FUS,CHEMBL1210643,-6.4,O=C(Cc1nc(-c2ccc3c(c2)OCO3)c2ccccc2n1)NC1Cc2ccccc2C1,423.5,73.3,3.85,1,5,4,5.0
FUS,CHEMBL1210717,-6.4,CCNC1CN(c2nc(N3CCCc4ccccc43)nc(N3CCCc4ccccc43)n2)CCO1,471.6,69.7,3.81,1,8,5,4.0
FUS,CHEMBL1210815,-6.4,Cc1ccc(F)cc1NC(=O)CN1CCN(c2nnc(Cc3ccccc3)c3ccccc23)CC1,469.6,61.4,4.43,1,5,6,4.0
FUS,CHEMBL1210835,-6.4,O=C(Nc1cc(F)cc(F)c1)N1CCC2(CC1)C(=O)N(c1cncc(Cl)c1)C2c1ccccn1,483.9,78.4,4.81,1,4,3,4.0
FUS,CHEMBL1210863,-6.4,c1ccc2c(c1)CCN(c1nc(N3CCOCC3)nc(N3CCc4ccccc4C3)n1)C2,428.5,57.6,2.83,0,7,3,5.0
FUS,CHEMBL1242357,-6.4,Cc1ccc(C2C(c3ccccc3)=NN(c3cccc(Cl)c3)C23C(=O)OC(C)(C)OC3=O)o1,464.9,81.3,4.82,0,7,3,4.0
FUS,CHEMBL1242526,-6.4,COc1c(C(=O)O)c(O)c(S(=O)(=O)Nc2ccc(Cl)cc2Cl)c2occc12,432.2,126.1,3.95,3,6,5,4.0
FUS,CHEMBL1242896,-6.4,Cc1nn(-c2ccccc2)c(Cl)c1/C=N/NC(=O)Cc1ccc(Cl)cc1,387.3,59.3,4.18,1,3,5,5.0
FUS,CHEMBL1242904,-6.4,Cc1ccc2c(N3CCN(CCc4cccc5c4OCc4nccn4-5)CC3)cccc2n1,425.5,46.4,3.99,0,5,4,5.0
FUS,CHEMBL1243248,-6.4,N#C[C@@H]1CCCN1C(=O)[C@@H]1CC(CC(=O)N2Cc3ccccc3C2)C(=O)N1,366.4,93.5,0.94,1,4,3,4.0
FUS,CHEMBL12638,-6.4,CC12C=CC(=O)C=C1[C@H]1C[C@H]1C1C2CCC2(C)C1CCC21CCC(=O)O1,352.5,43.4,4.23,0,3,0,5.0
FUS,CHEMBL12910,-6.4,O=C1NCCN1CCN1CCC(c2cn(-c3ccc(F)cc3)c3ccc(C(F)(F)F)cc23)CC1,474.5,40.5,4.99,1,2,5,4.0
FUS,CHEMBL13184,-6.4,CC(C)=CCc1c(O)n(Cc2ccccc2)c2nc3c(c(=O)n(C)c(=O)n3C)n2c1=O,421.5,103.5,1.31,1,5,4,4.0
FUS,CHEMBL1327582,-6.4,COc1ccc(-c2cc(C(=O)N3CCN(c4ncccn4)CC3)c3ccccc3n2)cc1,425.5,71.5,3.66,0,6,4,5.0
FUS,CHEMBL13495,-6.4,CC[C@@]1(O)C(=O)OCc2c1cc1n(c2=O)Cc2cc3ccncc3nc2-1,349.3,94.3,1.47,1,6,1,4.0
FUS,CHEMBL1357321,-6.4,COc1ccc2nc(-c3ccccc3)cc(C(=O)OCC(=O)N3CC(C)OC(C)C3)c2c1,434.5,78.0,3.7,0,6,5,5.0
FUS,CHEMBL14272,-6.4,CC1CCC(=NNc2ccc3ccccc3c2)c2ncc(C(=O)O)c(=O)n21,362.4,96.6,3.27,2,5,3,4.0
FUS,CHEMBL1485553,-6.4,FC(F)(F)c1cccc(N2CCN(c3ncnc4c3nc3n4CCCC3)CC2)c1,402.4,50.1,3.51,0,5,2,5.0
FUS,CHEMBL14921,-6.4,O=C(NNc1nccc(C(F)(F)F)n1)Nc1cc(C(F)(F)F)cc(C(F)(F)F)c1,433.2,78.9,4.68,3,4,3,5.0
FUS,CHEMBL15579,-6.4,NC1CCN(c2c(F)c(O)c3c(=O)c(C(=O)O)cn(C4CC4)c3c2F)C1,365.3,108.8,1.56,3,5,3,4.0
FUS,CHEMBL1608464,-6.4,Cc1cccc(OCC(=O)Nc2cccc(C(=O)Nc3ccccc3C(=O)O)c2)c1,404.4,104.7,3.96,3,4,7,4.0
FUS,CHEMBL16243,-6.4,O=C(O)[C@@H]1C[C@H]2C[C@@H](c3ccc(Cc4nnn[nH]4)cc3)CC[C@H]2CN1,341.4,103.8,1.74,3,5,4,4.0
FUS,CHEMBL16750,-6.4,O=c1[nH]c2ccccc2n2c(=O)n(-c3cccc(F)c3)nc12,296.3,72.2,1.47,1,3,1,5.0
FUS,CHEMBL16948,-6.4,O=C(Cn1c(=O)sc2ccc(Cl)cc21)N1CCC(C(=O)N2CCCc3ccccc32)CC1,470.0,62.6,3.93,0,4,3,4.0
FUS,CHEMBL17391,-6.4,CC1=NN(C(=O)Nc2ccccc2C)C(C)=NN1C(=O)Nc1ccccc1C,378.4,89.4,4.35,2,4,2,5.0
FUS,CHEMBL17519,-6.4,CN1CCN(C(=O)N2c3ccccc3C(=O)Nc3cccnc32)CC1,337.4,68.8,2.15,1,4,0,5.0
FUS,CHEMBL1795645,-6.4,COc1ccccc1C(=O)c1cnc(N2CCN(C(=O)Nc3ccccc3)CC2)nc1N,432.5,113.7,2.65,2,7,5,4.0
FUS,CHEMBL1795920,-6.4,CC(=O)Nc1ccc2c(c1)C(NC(=S)Nc1cccc(C#N)c1)CC(C)(C)O2,394.5,86.2,4.11,3,4,3,5.0
FUS,CHEMBL18016,-6.4,COc1cc2nc(N3CCC(N4Cc5ccccc5C4=O)CC3)nc(N)c2cc1OC,419.5,93.8,2.85,1,7,4,4.0
FUS,CHEMBL1808974,-6.4,O=[N+]([O-])c1ccc(-c2nnc3n2N=Cc2cc4ccccc4nc2N3)cc1,357.3,111.1,3.34,1,7,2,4.0
FUS,CHEMBL1808999,-6.4,O=C([C@@H]1C=C2c3cccc4[nH]cc(c34)C[C@H]2N(C(=O)Nc2ccccc2)C1)N1CCC1,412.5,68.4,3.87,2,2,2,5.0
FUS,CHEMBL1809058,-6.4,COc1cc(N2CC3CNCC(C2)O3)ccc1Nc1ncc(Cl)c(-c2cnc3ccccn23)n1,478.0,88.8,3.37,2,8,5,4.0
FUS,CHEMBL18189,-6.4,Cc1ccc(-c2nc(N(C(N)=O)c3c(F)cccc3F)c3ncn(C)c3n2)cc1,394.4,89.9,3.83,1,4,3,5.0
FUS,CHEMBL1858263,-6.4,Cc1cc(N2CCN(Cc3coc(-c4ccc(O)cc4)n3)CC2)c2ccccc2n1,400.5,65.6,4.23,1,6,4,5.0
FUS,CHEMBL1858825,-6.4,Cc1cccc(Oc2ncccc2/C(=N/O)N2CCN(c3ccc(F)cc3)CC2)c1C,420.5,61.2,4.59,1,5,4,5.0
FUS,CHEMBL1859156,-6.4,O=C1CCCN1CCCNc1cc(-c2ccccc2)nc2cc(-c3cccc(F)c3)nn12,429.5,62.5,4.63,1,4,7,5.0
FUS,CHEMBL1863708,-6.4,CC1(C(=O)Nc2cccc(C(F)(F)F)c2)Cc2c(-c3ccc4c(c3)OCO4)ccnc2O1,442.4,69.7,4.83,1,5,3,5.0
FUS,CHEMBL1863935,-6.4,COc1ccc(Nc2ccc3nnc(-c4ccc(Br)cc4)n3n2)cc1,396.2,64.3,4.31,1,5,4,5.0
FUS,CHEMBL1864417,-6.4,C[C@@H](CN1CC=C(n2c(=O)[nH]c3ccccc32)CC1)NC(=O)c1ccc2ccccc2c1,426.5,70.1,3.85,2,3,5,5.0
FUS,CHEMBL1864439,-6.4,CC1(C)C=Cc2cc(-c3coc4cc(O)cc(O)c4c3=O)cc(O)c2O1,352.3,100.1,3.76,3,6,1,4.0
FUS,CHEMBL1864561,-6.4,Cc1ccc(C)c(NC(=O)Cn2nc(C)c3nn(-c4ccc(Cl)cc4)c(C)c3c2=O)c1,435.9,81.8,4.11,1,4,4,5.0
FUS,CHEMBL1864764,-6.4,COc1ccccc1N1CCN(C(=O)Cn2nc3n(C)c4ccccc4n3c(=O)c2=O)CC1,448.5,94.1,0.71,0,6,4,4.0
FUS,CHEMBL1865240,-6.4,Cc1sc2ncn(/N=C/c3cn(-c4ccccc4)nc3-c3ccccc3)c(=O)c2c1C,425.5,65.1,4.81,0,5,4,5.0
FUS,CHEMBL18657,-6.4,Cc1cc(F)ccc1-c1nc(N(C(N)=O)c2ccccc2)c2ncn(C)c2n1,376.4,89.9,3.69,1,4,3,5.0
FUS,CHEMBL19051,-6.4,O=S1(=O)c2cccc3cccc(c23)N1CCN1CC=C(Cc2c[nH]c3ccc(F)cc23)CC1,461.6,56.4,4.84,1,3,5,4.0
FUS,CHEMBL19801,-6.4,Cc1nnc2n1-c1ccc(C#CCN3C(=O)c4ccccc4C3=O)cc1C(c1ccccc1F)=NC2,475.5,80.5,3.71,0,5,2,4.0
FUS,CHEMBL20160,-6.4,O=C1N[C@@H](C(=O)NO)C[C@H]1c1ccc(-c2ccc(F)cc2)cc1,314.3,78.4,1.97,3,3,3,5.0
FUS,CHEMBL20304,-6.4,Cc1cccc2c(CC(=O)O)nn(Cc3nc4c(ccc5ccccc54)s3)c(=O)c12,415.5,85.1,4.14,1,5,4,5.0
FUS,CHEMBL20466,-6.4,CC1(C)N=C(N)N=C(N)N1c1cccc(COc2cccc3ccccc23)c1,373.5,89.2,3.6,2,6,4,5.0
FUS,CHEMBL20714,-6.4,Cc1cc(C(=O)Nc2ccc(N3CCOCC3=O)cc2F)n(-c2ccc3cc(Cl)ccc3c2)n1,478.9,76.5,4.74,1,4,4,4.0
FUS,CHEMBL21042,-6.4,CN(C)CCCn1c2ccccc2c2c3c(c4c5ccccc5cnc4c21)C(=O)NC3=O,422.5,67.2,4.33,1,4,4,5.0
FUS,CHEMBL21250,-6.4,CN(C)C(=N)c1ccc(NC(=O)c2nnnn2-c2ccc3cc(Cl)ccc3c2)c(F)c1,437.9,99.8,3.75,2,5,4,4.0
FUS,CHEMBL21346,-6.4,CC(=O)Nc1nc2c(C)cnc(-c3cccc(NS(=O)(=O)c4ccc(C)cc4)c3)n2n1,436.5,118.3,3.17,2,6,5,4.0
FUS,CHEMBL2135293,-6.4,COc1ccc(Cn2cc(CN3CCc4onc(-c5ccc(Br)cc5)c4C3=O)nn2)cc1,494.3,86.3,3.95,0,6,6,4.0
FUS,CHEMBL2165614,-6.4,O=c1cc(COc2cc(-c3ccccc3)cc(-c3ccccc3)c2)[nH][nH]1,342.4,57.9,4.62,2,2,5,5.0
FUS,CHEMBL22971,-6.4,Cc1ccc2c(c1)c1oc(C(=O)Nc3nn[nH]n3)cc(=O)c1n2C,324.3,118.7,1.36,2,6,2,4.0
FUS,CHEMBL25084,-6.4,Nc1nc(C2CCN(C(=O)CCc3ccccc3)CC2)c2ccccc2n1,360.5,72.1,3.55,1,4,4,5.0
FUS,CHEMBL25345,-6.4,COc1ccc(Cc2cc(C3CCN(C(=O)c4ccc5c(c4)OCO5)CC3)nc(N)n2)cc1,446.5,99.8,3.41,1,7,5,4.0
FUS,CHEMBL25538,-6.4,COc1ccc(-c2cc3nc(N4CCOCC4)c4ccccc4c3nn2)cc1,372.4,60.4,3.69,0,6,3,5.0
FUS,CHEMBL26081,-6.4,Fc1ccc(CCN2CCN(c3ncnc4c5cnccc5n(Cc5ccccc5)c34)CC2)cc1F,484.6,50.1,4.67,0,5,6,4.0
FUS,CHEMBL26678,-6.4,Cn1c2cccc(C(N)=O)c2c2ncnc(N3CCN(CCc4ccc(F)c(F)c4)CC3)c21,450.5,80.3,2.86,1,5,5,4.0
FUS,CHEMBL27091,-6.4,O=c1cnn(-c2cc(Cl)c(S(=O)(=O)c3ccc(Cl)cc3)c(Cl)c2)c(=O)[nH]1,432.7,101.9,2.71,1,5,3,4.0
FUS,CHEMBL27388,-6.4,O=C(c1cccc2ccccc12)c1cn2c3c(cccc13)OCC2CN1CCOCC1,412.5,43.7,4.29,0,4,4,5.0
FUS,CHEMBL30370,-6.4,CC1(C)N=C(N)N=C(N)N1c1ccc(OCC(=O)N2CCOCC2)cc1,360.4,118.8,0.11,2,8,4,4.0
FUS,CHEMBL3309381,-6.4,C[C@H](O)CNc1nccc(-n2ccnc2Cc2cccc(NC(=O)c3ccccc3F)c2)n1,446.5,105.0,3.44,3,6,8,4.0
FUS,CHEMBL3309652,-6.4,O=C1OCC2=C1C(c1cc(Cl)ccc1O)c1c(c3cccnc3c3ncccc13)N2,415.8,84.3,4.51,2,6,1,5.0
FUS,CHEMBL4116087,-6.4,CC(=O)c1c[n+](Cc2ccccc2C)ccc1CC1Cc2cc3c(cc2C1=O)OCO3,414.5,56.5,3.86,0,4,5,5.0
FUS,CHEMBL4434647,-6.4,O=C(Cn1cc(Cn2c3ccccc3c3ccccc32)nn1)c1cccc(F)c1,384.4,52.7,4.46,0,3,5,5.0
FUS,CHEMBL4435018,-6.4,O=C(Nc1ccc(Oc2ncnc3[nH]ncc23)cc1)Nc1nc2ccccc2s1,403.4,117.7,4.4,3,7,4,4.0
FUS,CHEMBL4435164,-6.4,O=C(O)[C@H]1C2CCC(CC2)[C@@H]1Nc1nc(-c2c[nH]c3ncc(F)cc23)cn(C2CC2)c1=O,437.5,112.9,3.56,3,5,5,4.0
FUS,CHEMBL4435302,-6.4,CCNC(=O)c1ccc(Nc2nccc(N3C[C@H]4C[C@@H]3CN4C(=O)CC#N)n2)cc1,405.5,114.3,1.67,2,7,6,4.0
FUS,CHEMBL4435572,-6.4,O=C(Cn1cc(Cn2c3ccccc3c3ccccc32)nn1)c1ccc(F)cc1,384.4,52.7,4.46,0,3,5,5.0
FUS,CHEMBL4435750,-6.4,CC1=C(c2nc(C)no2)N2C(=O)[C@@H](NC(=O)[C@H](N)c3ccccc3)[C@H]2SC1,385.4,114.4,1.21,2,7,4,4.0
FUS,CHEMBL4435968,-6.4,NS(=O)(=O)c1ccc(Nc2ncc(F)c(Nc3nc4ccccc4s3)n2)cc1,416.5,122.9,3.36,3,8,5,4.0
FUS,CHEMBL4436028,-6.4,O=C1Cc2cc(-c3c(-c4ccc(F)cc4)nn4c(N5CCC(O)CC5)nccc34)ccc2N1,443.5,82.8,3.66,2,5,3,5.0
FUS,CHEMBL4436041,-6.4,c1ccc(COc2cccc(Nc3ncnc4cc5c(cc34)OCCOCCO5)c2)cc1,429.5,74.7,4.74,1,7,5,5.0
FUS,CHEMBL4436151,-6.4,COc1ccc(NC(=O)Cc2ccc(-n3c4c(c5ncnc(N)c53)CCC4)cc2)c(F)c1,431.5,95.1,3.82,2,5,5,4.0
FUS,CHEMBL4436202,-6.4,N#Cc1ccc2cc3c(=O)n(-c4ccc(Cl)cc4)c(=O)nc-3n(-c3cccc(O)c3)c2c1,440.8,100.9,3.87,1,5,2,4.0
FUS,CHEMBL4436273,-6.4,Clc1cccnc1Cn1nccc1-c1ccc2nnn(-c3ccc4cn[nH]c4c3)c2c1,426.9,90.1,4.26,1,5,4,4.0
FUS,CHEMBL4529447,-6.4,O=C(O)CNC(=O)c1c(O)c2c(n(Cc3ccc(F)cc3F)c1=O)COC2,380.3,117.9,0.72,3,5,5,4.0
FUS,CHEMBL4529606,-6.4,Cc1c(C(=O)N2CC(F)(c3ccccc3)C2)cnn1-c1nn2cccc2c(=O)[nH]1,392.4,88.3,1.84,1,4,3,5.0
FUS,CHEMBL4529855,-6.4,Cc1nc([C@H]2CC[C@H](c3nnc4n3-c3ccc(Cl)cc3CN(C)C4)CC2)no1,398.9,72.9,4.0,0,6,2,5.0
FUS,CHEMBL4530081,-6.4,O=C(CN1CCN(CCN2C(=O)c3cccc4cccc(c34)C2=O)CC1)Nc1nc2ccccc2s1,499.6,85.9,3.3,1,7,6,4.0
FUS,CHEMBL4530092,-6.4,Cc1c(C(=O)N2CC(N3CCC(F)(F)C3)C2)cnn1-c1nc2c(ccn2C)c(=O)[nH]1,417.4,92.1,0.92,1,5,3,4.0
FUS,CHEMBL4530264,-6.4,CN1CCN(c2ccc(-c3cn4c(-c5cccc(O)c5)cnc4cn3)cn2)CC1,386.5,69.8,2.92,1,6,3,5.0
FUS,CHEMBL4530672,-6.4,N#Cc1c(-c2cccc(-c3cccc(C(=O)O)c3)c2)[nH]c(=S)[nH]c1=O,349.4,109.7,3.34,3,4,3,4.0
FUS,CHEMBL4530812,-6.4,Nc1ncnc2c3c(n(-c4ccc(CC(=O)Nc5nc(C(F)(F)F)co5)cc4)c12)CCC3,442.4,111.9,3.68,2,6,4,4.0
FUS,CHEMBL4531294,-6.4,O=C(NCc1ccccc1)c1cc(-c2ccc(CN3CCOCC3)cc2)nc2ccc(F)cc12,455.5,54.5,4.8,1,4,6,4.0
FUS,CHEMBL4531539,-6.4,COc1ccc(-c2cc3c4nnc(CCC(=O)NCCc5ccccc5)n4ccn3n2)cc1,440.5,85.8,3.34,1,5,8,5.0
FUS,CHEMBL4533364,-6.4,COc1ccc(O)c(C(=O)NNC(=O)c2cc3cc(Cl)ccc3oc2=O)c1,388.8,117.9,2.24,3,6,3,4.0
FUS,CHEMBL4533473,-6.4,Cc1cccc(C(=O)N[C@@H]2C(=O)Nc3c(c(C)nn3-c3ccccc3)[C@H]2c2cccc(F)c2)c1,454.5,76.0,4.51,2,3,4,4.0
FUS,CHEMBL4533958,-6.4,Cc1ccc2[nH]c(CCN3C(=O)c4cccc5cccc(c45)C3=O)nc2c1,355.4,66.1,3.86,1,3,3,5.0
FUS,CHEMBL4534280,-6.4,CC(C)(O)C#Cc1cccc(-c2c[nH]c3cnc(N)nc23)c1,292.3,87.8,2.33,3,4,1,5.0
FUS,CHEMBL4534610,-6.4,O=C(Nc1ccccc1)c1cc(C(=O)Nc2nc3ccccc3[nH]2)cc([N+](=O)[O-])c1,401.4,130.0,3.98,3,5,5,4.0
FUS,CHEMBL4534639,-6.4,Cc1nn(-c2ccccc2)c2c1C(c1cccs1)c1c(n(C)c(=O)n(C)c1=O)N2,405.5,73.8,2.88,1,5,2,5.0
FUS,CHEMBL4534647,-6.4,N#CCCn1cc(/C=C(\C#N)c2nc3ccccc3[nH]2)c(-c2ccccc2)n1,364.4,94.1,4.4,1,4,5,4.0
FUS,CHEMBL4534668,-6.4,N#Cc1c(-c2cccc([N+](=O)[O-])c2)c2ccc3ccccc3c2oc1=O,342.3,97.1,4.39,0,5,2,4.0
FUS,CHEMBL4534728,-6.4,CC(C)(Oc1ccc(-c2cnc(N)c(-c3ccc4c(c3)CCNC4=O)n2)cc1)C(N)=O,417.5,133.2,2.32,3,6,5,4.0
FUS,CHEMBL4548513,-6.4,O=C(NO)c1cc(F)c(Cn2nnc(-c3ccc4ccccc4n3)n2)c(F)c1,382.3,105.8,2.33,2,6,4,4.0
FUS,CHEMBL4553575,-6.4,Cc1c(C(=O)N2CCN(C(=O)OC(C)(C)C)[C@H](C)C2)cnn1-c1nn2cccc2c(=O)[nH]1,441.5,117.8,1.6,1,6,2,4.0
FUS,CHEMBL4553614,-6.4,Cc1c(C(=O)N2CCCC(c3n[nH]c(C4CC4)n3)C2)cnn1-c1nn2cccc2c(=O)[nH]1,433.5,129.9,1.53,2,6,4,4.0
FUS,CHEMBL4559933,-6.4,CC(C)N1CCN(c2ccc(-c3cn4c(-c5ccccc5)cnc4cn3)cc2)CC1,397.5,36.7,4.59,0,4,4,4.0
FUS,CHEMBL4564493,-6.4,Cc1ccc2c(=O)c3c(oc2c1)N1C[C@@H]2CCCN4CCC[C@@H]([C@H]24)[C@H]1CC3,364.5,36.7,3.73,0,4,0,4.0
FUS,CHEMBL4564502,-6.4,Nc1ncnc2c3c(n(-c4ccc(NC(=O)Cc5ccc(F)cc5Br)cc4)c12)CCC3,480.3,85.8,4.57,2,4,4,4.0
FUS,CHEMBL4564812,-6.4,O=C(Nc1cccc(C(F)(F)F)c1)Nc1ccc2nc(-c3ccco3)nn2c1,387.3,84.5,4.65,2,4,3,5.0
FUS,CHEMBL4565038,-6.4,CN(C)c1cccc(-c2cnc3ncn(Cc4ccc5ncccc5c4)c3n2)c1,380.5,59.7,4.16,0,5,4,5.0
FUS,CHEMBL4565085,-6.4,O=C(Nc1cnc(Oc2cccnc2)c(Cl)c1)C1CCN(c2ncccc2Cl)CC1,444.3,80.2,4.83,1,6,5,5.0
FUS,CHEMBL4565154,-6.4,O=C(Cn1nc2c3c4c(sc3ncn2c1=O)CCCC4)N1CCc2ccccc2C1,419.5,72.5,2.57,0,5,2,5.0
FUS,CHEMBL4566183,-6.4,CN1CCN(C(=O)c2cccc(-c3cnc4cnc(-c5ccc(Cl)cc5)cn34)c2)CC1,431.9,53.7,4.1,0,4,3,5.0
FUS,CHEMBL4566570,-6.4,O=c1cc(Cn2cc(CSc3nc4ccccc4[nH]3)nn2)c2ccc(Cl)cc2[nH]1,422.9,92.2,3.99,2,5,5,4.0
FUS,CHEMBL4566603,-6.4,Cc1cc2nn(CC(=O)Nc3ccccc3F)c(=O)n2c(Nc2ccc(C)c(F)c2)n1,424.4,93.3,3.17,2,5,5,4.0
FUS,CHEMBL4567666,-6.4,CCOc1cccc2c(C)nc(Nc3nc(=O)c4ccccc4[nH]3)nc12,347.4,92.8,3.32,2,6,4,4.0
FUS,CHEMBL4567981,-6.4,Cn1nc(CC(=O)N2CC(C(=O)N3CCCCC3)Oc3ccccc32)c2ccccc2c1=O,446.5,84.7,2.28,0,5,3,5.0
FUS,CHEMBL4568319,-6.4,CNc1ccnc(N2CCN(c3ccn4cc(-c5cc(Cl)c(OC)cc5OC)nc4c3)CC2)n1,480.0,80.1,3.83,1,8,6,4.0
FUS,CHEMBL4568719,-6.4,O=C(Nc1ncnc2c1ncn2COCc1ccccc1)c1cccc(-c2ccccc2)c1,435.5,81.9,4.92,1,5,7,5.0
FUS,CHEMBL4569164,-6.4,Cc1cc(=O)[nH]c(-n2ncc(C(=O)N3CCc4ccc(C(F)(F)F)cc4C3)c2C)n1,417.4,83.9,2.79,1,4,2,5.0
FUS,CHEMBL4569431,-6.4,N#CN1CCO[C@@H](C(=O)Nc2cc3cc(-c4cn[nH]c4)ccc3cn2)C1,348.4,106.9,1.75,2,6,3,4.0
SOD1,CHEMBL4584906,-7.7,N=C1N/C(=N/NC(=O)c2ccc(CN3C(=O)c4cccc5cccc3c45)cc2)c2ccccc21,445.5,97.7,4.02,3,4,4,4.0
SOD1,CHEMBL4637347,-7.6,O=C(c1ccccc1)N1CCN(C2CN(C(=O)c3ccc4c(cnn4-c4ccccc4)c3)C2)CC1,465.6,61.7,3.31,0,4,4,4.0
SOD1,CHEMBL27556,-7.4,O=C(NO)c1ccc(CNC(=O)c2ccc3ccccc3c2)cc1,320.3,78.4,2.89,3,3,4,5.0
SOD1,CHEMBL21250,-7.3,CN(C)C(=N)c1ccc(NC(=O)c2nnnn2-c2ccc3cc(Cl)ccc3c2)c(F)c1,437.9,99.8,3.75,2,5,4,4.0
SOD1,CHEMBL4435180,-7.3,O=C1Nc2cc(Cl)ccc2/C1=C/c1ccc(-c2nnc(-c3cc(O)cc(O)c3)o2)cc1,431.8,108.5,4.96,3,6,3,4.0
SOD1,CHEMBL4530189,-7.3,O=S(=O)(NCCNCc1ccc2cc(-c3cccnc3)ccc2c1)c1cccc2cnccc12,468.6,84.0,4.52,2,5,8,4.0
SOD1,CHEMBL4534728,-7.3,CC(C)(Oc1ccc(-c2cnc(N)c(-c3ccc4c(c3)CCNC4=O)n2)cc1)C(N)=O,417.5,133.2,2.32,3,6,5,4.0
SOD1,CHEMBL515955,-7.3,CC1=C[C@@H]2C3=C(C)C(=O)O[C@]3([C@@]34C[C@@H](C)[C@@H]5CC(=O)C(C)=C[C@@H]5C3=C(C)C(=O)O4)C[C@@H](C)[C@@H]2CC1=O,490.6,86.7,4.59,0,6,1,4.0
SOD1,CHEMBL523154,-7.3,C[C@@]1(CO)C[C@H](O)C[C@@]2(C)[C@H]1CC[C@H]1C[C@H]3[C@H](O)[C@]12CC[C@]3(C)O,338.5,80.9,2.08,4,4,1,4.0
SOD1,CHEMBL4531853,-7.2,O=C(NO)c1ccc(CNC(=O)c2cc(Cn3c4ccccc4c4ccccc43)on2)cc1,440.5,109.4,3.88,3,5,6,4.0
SOD1,CHEMBL4531945,-7.2,Cc1cc(O)c(=O)c(O)cc1C(=O)c1cccc(-c2cccc3ccccc23)c1,382.4,74.6,4.82,2,4,3,5.0
SOD1,CHEMBL4568323,-7.2,O=C(O)[C@H]1C2CCC(CC2)[C@@H]1Nc1nc(-c2c[nH]c3ncc(F)cc23)nc2sccc12,437.5,103.8,4.68,3,6,4,4.0
SOD1,CHEMBL4636104,-7.2,Cc1ccc2nc(-c3cccc(C(=O)NCCc4ccccc4)c3)[nH]c2c1,355.4,57.8,4.51,2,2,5,5.0
SOD1,CHEMBL526671,-7.2,Cn1cc(-c2ccc3c(c2)CC/C3=N\O)c(-c2ccc3c(cnn3C)c2)n1,357.4,68.2,3.77,1,4,2,5.0
SOD1,CHEMBL1210641,-7.1,O=C(Cn1nc(-c2ccc(Cl)cc2)c2cc(F)ccc2c1=O)NC1Cc2ccccc2C1,447.9,64.0,4.14,1,3,4,5.0
SOD1,CHEMBL1862978,-7.1,O=C(c1ccccc1)N1CC(NC(c2ccc(C(F)(F)F)cc2)c2cccnc2)C1,411.4,45.2,4.3,1,3,5,5.0
SOD1,CHEMBL26518,-7.1,O=C(NCC1CCC(C(=O)NO)CC1)c1ccc2ccccc2c1,326.4,78.4,2.88,3,3,4,5.0
SOD1,CHEMBL4436123,-7.1,Nc1ncnc2c3c(n(-c4ccc(NC(=O)Cc5cc(C(F)(F)F)ccc5F)cc4)c12)CCC3,469.4,85.8,4.83,2,4,4,4.0
SOD1,CHEMBL4533386,-7.1,C=C1[C@@]2(C)CC3=C(C)[C@]4(C=CC(=O)OC4(C)C)CC[C@]3(C)[C@@]13C(=O)O[C@@H](C)[C@@]3(O)C2=O,426.5,89.9,3.19,1,6,0,5.0
SOD1,CHEMBL4568196,-7.1,N#CC1(c2ccc(-c3cnc(N)c(-c4ccc5c(c4)C4(CC4)NC5=O)n3)cc2)CCOCC1,437.5,113.9,3.7,2,6,3,4.0
SOD1,CHEMBL4571895,-7.1,O=C(COc1ccc(-c2nc3ccccc3c(=O)[nH]2)cc1)Nc1cccc2ccccc12,421.5,84.1,4.76,2,4,5,5.0
SOD1,CHEMBL4571979,-7.1,CC1CCc2cc(F)cc3c(O)c(C(=O)NCc4ccc5c(c4)OCCO5)c(=O)n1c23,424.4,89.8,3.05,2,5,3,5.0
SOD1,CHEMBL4572132,-7.1,COc1ccc2[nH]cc(C3CCN(CCN4C(=O)CC(c5c[nH]c6ccc(F)cc56)C4=O)CC3)c2c1,488.6,81.4,4.52,2,4,6,4.0
SOD1,CHEMBL495875,-7.1,NC(=O)c1ccc(N2CCN(c3nnc(Cc4ccccc4)c4ccccc34)CC2)nc1,424.5,88.2,3.04,1,6,5,5.0
SOD1,CHEMBL499624,-7.1,O=C(NC1Cc2ccccc2C1)c1cccc(Nc2ccnc(N3CCN(c4ccccc4)CC3)n2)c1,490.6,73.4,4.44,2,6,6,4.0
SOD1,CHEMBL562394,-7.1,CN1C(=O)C=C[C@]2(C)[C@H]3CC[C@]4(C)[C@@H](O)/C(=C/c5cnc(-c6ccccn6)nc5)C[C@H]4[C@@H]3CC[C@@H]12,470.6,79.2,4.53,1,5,2,4.0
SOD1,CHEMBL1858494,-7.0,Cc1ccc(Oc2cc(/C(=N/O)N3CCN(c4ccc(F)cc4)CC3)ccn2)c2c1CCC2,446.5,61.2,4.77,1,5,4,5.0
SOD1,CHEMBL19433,-7.0,Cn1c(C(=O)N2CCN(C(c3ccc(F)cc3)c3ccc(F)cc3)CC2)cc2cc(O)ccc21,461.5,48.7,4.71,1,3,4,4.0
SOD1,CHEMBL20420,-7.0,C/N=C(\N)c1ccc(NC(=O)c2cc(C)nn2-c2cc3ccccc3cc2F)c(F)c1,419.4,85.3,4.2,2,3,4,5.0
SOD1,CHEMBL21140,-7.0,Cc1cc(C(=O)Nc2ccc(C(=N)N(C)C)cc2F)n(-c2cc3ccccc3cc2F)n1,433.5,74.0,4.75,2,3,4,5.0
SOD1,CHEMBL4434725,-7.0,O=c1cc(Cn2cc(CSc3nc4ccccc4[nH]3)nn2)c2ccc3ccccc3c2o1,439.5,89.6,4.75,1,6,5,5.0
SOD1,CHEMBL4564908,-7.0,O=C(Cc1ccccc1)NC(C(=O)NO)c1ccc(-c2cc(F)c(F)c(F)c2)cc1,414.4,78.4,3.68,3,3,6,5.0
SOD1,CHEMBL4575412,-7.0,O=C1CCc2cc(N3CC[C@](O)(C(=O)NCc4ccc(F)c(Cl)c4F)C3=O)ccc2N1,449.8,98.7,2.29,3,4,4,4.0
SOD1,CHEMBL4585076,-7.0,Cc1cccc2c(=O)[nH]c(N3CCC4(CC3)C(=O)N(CCO)c3cc(F)cc(F)c34)nc12,440.5,89.5,2.39,2,5,3,5.0
SOD1,CHEMBL4637570,-7.0,O=C(Nc1nc2ccccc2[nH]1)c1c(O)c2cccc3c2n(c1=O)CCC3,360.4,100.0,2.78,3,4,2,4.0
SOD1,CHEMBL514503,-7.0,Nc1ccc(-c2ccc(F)cc2)cc1NC(=O)c1ccc(C(=O)N2CCC3(CCCN3)CC2)cc1,472.6,87.5,4.69,3,4,4,4.0
SOD1,CHEMBL566402,-7.0,O=C(c1ccc2ccccc2c1)c1nc2cc(N3CCNCC3)ccc2[nH]1,356.4,61.0,3.36,2,4,3,5.0
SOD1,CAPMATINIB,-6.9,CNC(=O)c1ccc(-c2cnc3ncc(Cc4ccc5ncccc5c4)n3n2)cc1F,412.4,85.1,3.43,1,5,4,5.0
SOD1,CHEMBL1210539,-6.9,O=C(Nc1ncnc2[nH]c(-c3ccc4ccccc4c3)nc12)c1ccccc1,365.4,83.6,4.43,2,4,3,5.0
SOD1,CHEMBL1210863,-6.9,c1ccc2c(c1)CCN(c1nc(N3CCOCC3)nc(N3CCc4ccccc4C3)n1)C2,428.5,57.6,2.83,0,7,3,5.0
SOD1,CHEMBL1242810,-6.9,Cc1ccc2[nH]c(-c3ccccc3)c(/C=C/C(=C3C(=O)NC(=O)NC3=O)c3ccccc3)c2c1,447.5,91.1,4.98,3,3,4,4.0
SOD1,CHEMBL1608464,-6.9,Cc1cccc(OCC(=O)Nc2cccc(C(=O)Nc3ccccc3C(=O)O)c2)c1,404.4,104.7,3.96,3,4,7,4.0
SOD1,CHEMBL16198,-6.9,COc1cccc([C@@H]2C/C(=N\NC(=O)C(=O)NC(C)c3ccccc3)c3ccccc3N2)c1,442.5,91.8,3.95,3,5,5,4.0
SOD1,CHEMBL1796459,-6.9,Cc1ccc(C2CC(c3ccccc3)=NN2C(=N)N)cc1,278.4,65.5,3.04,2,2,2,5.0
SOD1,CHEMBL20304,-6.9,Cc1cccc2c(CC(=O)O)nn(Cc3nc4c(ccc5ccccc54)s3)c(=O)c12,415.5,85.1,4.14,1,5,4,5.0
SOD1,CHEMBL20714,-6.9,Cc1cc(C(=O)Nc2ccc(N3CCOCC3=O)cc2F)n(-c2ccc3cc(Cl)ccc3c2)n1,478.9,76.5,4.74,1,4,4,4.0
SOD1,CHEMBL22561,-6.9,CN(Cc1coc2nc(N)nc(N)c12)c1ccc2ccccc2c1,319.4,94.2,3.18,2,6,3,4.0
SOD1,CHEMBL23584,-6.9,Cc1c(CSc2cccc3ccccc23)cnc2nc(N)nc(N)c12,347.4,90.7,3.94,2,6,3,4.0
SOD1,CHEMBL23867,-6.9,Cc1c(CNc2cccc3ccccc23)cnc2nc(N)nc(N)c12,330.4,102.7,3.26,3,6,3,4.0
SOD1,CHEMBL3309993,-6.9,Nc1nc2c3ccc(O)cc3nc(Cc3ccc4c(c3)OCO4)n2n1,335.3,107.8,1.88,2,7,2,4.0
SOD1,CHEMBL4435086,-6.9,Nc1ncnc2c3c(n(-c4ccc(NC(=O)Cc5cnn(-c6ccccc6)c5)cc4)c12)CCC3,449.5,103.6,3.86,2,5,5,4.0
SOD1,CHEMBL4435471,-6.9,Cc1ccc(-c2nn(-c3ccccc3)cc2C2N=C(N)NC(N(C)C)=N2)cc1,373.5,83.8,2.68,2,6,3,5.0
SOD1,CHEMBL4531799,-6.9,Cn1ncc2ccc(-c3ccc4cnn(Cc5ccc(F)c(C(=O)O)c5)c4c3)cc21,400.4,72.9,4.48,1,3,4,5.0
SOD1,CHEMBL4534187,-6.9,O=C(NCC12CC3CC(CC(C3)C1)C2)c1ccc2ccccc2c1,319.4,29.1,4.79,1,1,3,4.0
SOD1,CHEMBL4566329,-6.9,C[C@H](NC(=O)c1cn(Cc2ccc(C(F)(F)F)cc2)nn1)c1ccc(C(=O)O)cc1,418.4,97.1,3.53,2,4,6,4.0
SOD1,CHEMBL4568330,-6.9,O=C(NCC(O)CN1CCc2ccccc2C1)c1cc2c(s1)CCN(C(=O)c1ccncc1)C2,476.6,85.8,2.49,2,6,6,4.0
SOD1,CHEMBL4570672,-6.9,CCN1C(=O)N(C2Cc3ccccc3C2)C(=O)C12CCN(Cc1cc3ccccc3[nH]1)CC2,442.6,59.7,3.95,1,3,4,5.0
SOD1,CHEMBL4575882,-6.9,Cc1cccc(Nc2ncc(C(=O)c3cccc(-c4ccncc4)c3)[nH]2)c1,354.4,70.7,4.75,2,4,5,5.0
SOD1,CHEMBL4580979,-6.9,CC(NC(=O)Nc1ccc(C#N)cc1)c1ccc2ccccc2c1,315.4,64.9,4.59,2,2,3,5.0
SOD1,CHEMBL4581818,-6.9,CNC(=O)c1ccc(/C=C/C(=O)c2ccc3c4c(cccc24)CC3)cc1,341.4,46.2,4.19,1,2,4,5.0
SOD1,CHEMBL498101,-6.9,N#Cc1ccc2cc1Oc1ccc3c(c1)[C@@H](CC3)N1CC[C@H](NCc3cncn3C2)C1=O,425.5,83.2,3.29,1,5,0,5.0
SOD1,CHEMBL501743,-6.9,CC(=O)Nc1ccc(CC2N[C@H](C(=O)Nc3ccc4c(c3)Cc3ccccc3-4)CS2)cc1,443.6,70.2,4.43,3,4,5,5.0
SOD1,CHEMBL503090,-6.9,O=C(Cc1ccc(F)cc1)NC(=O)Nc1ccc(Oc2ccnc3[nH]ccc23)c(F)c1,422.4,96.1,4.52,3,4,5,4.0
SOD1,CHEMBL510316,-6.9,O=C(Nc1ccc(Oc2ccnc3[nH]ccc23)c(F)c1)c1cccn(-c2cccnc2)c1=O,441.4,101.9,4.29,2,5,5,4.0
SOD1,CHEMBL513061,-6.9,Nc1ccc(-c2ccccc2)cc1NC(=O)c1ccc(CN2CCC3(CCNC3)CC2)cc1,440.6,70.4,4.76,3,4,5,5.0
SOD1,CHEMBL514794,-6.9,Cc1cc(CNC(=O)c2cc(C(=O)NCc3ccc(F)c(C)c3)ncn2)ccc1F,410.4,84.0,3.23,2,4,6,5.0
SOD1,CHEMBL514934,-6.9,O=S(=O)(c1ccc(-c2ccccc2)cc1)N1CCC(c2nc3ccccc3[nH]2)CC1,417.5,66.1,4.8,1,3,4,5.0
SOD1,CHEMBL518824,-6.9,Nc1nc2[nH]c(-c3ccnc(/C=C/c4ccccc4)c3)cc2c(=O)[nH]1,329.4,100.4,3.07,3,4,3,4.0
SOD1,CHEMBL519939,-6.9,CC(=O)Nc1nc(-c2ccc(F)c(C)n2)c(-c2ccc3nccnc3c2)[nH]1,362.4,96.5,3.49,2,5,3,4.0
SOD1,CHEMBL523712,-6.9,O=C(NCc1cccc(-c2cccc(CN3CCNCC3)c2)c1)c1ccc(C(F)(F)F)cc1,453.5,44.4,4.71,2,3,6,4.0
SOD1,CHEMBL526097,-6.9,Nc1cccc(C2(C3CCN(Cc4ccc(Br)cc4)CC3)CCC(=O)NC2=O)c1,456.4,75.4,3.62,2,4,4,4.0
SOD1,CHEMBL556916,-6.9,O=C(C=C1CCN(C(=O)c2cccc(O)c2)CC1)N[C@@H]1CCN(Cc2ccc3cc(F)ccc3c2)C1,487.6,72.9,4.24,2,4,5,4.0
SOD1,CHEMBL557330,-6.9,COc1ccccc1N1CCN(C(=O)NC(=N)NCc2cccc3ccccc23)CC1,417.5,80.7,3.4,3,4,4,5.0
SOD1,CHEMBL563162,-6.9,NC(=O)Cn1cc(C(=O)O)c(=O)c2cc(Cc3cccc(Cl)c3Cl)ccc21,405.2,102.4,3.08,2,3,5,4.0
SOD1,CHEMBL565933,-6.9,C[C@H](Nc1nccc(-n2cnc3cc(-c4ccnc(N)n4)ccc32)n1)c1ccccc1,408.5,107.4,4.03,2,7,5,4.0
SOD1,CHEMBL566192,-6.9,c1ccc2cc(Cc3nc4cc(N5CCNCC5)ccc4[nH]3)ccc2c1,342.4,44.0,3.72,2,3,3,5.0
SOD1,IMATINIB,-6.9,Cc1ccc(NC(=O)c2ccc(CN3CCN(C)CC3)cc2)cc1Nc1nccc(-c2cccnc2)n1,493.6,86.3,4.59,2,7,7,4.0
SOD1,VIBEGRON,-6.9,O=C(Nc1ccc(C[C@@H]2CC[C@H]([C@H](O)c3ccccc3)N2)cc1)[C@@H]1CCc2nccc(=O)n21,444.5,96.2,2.77,3,5,6,4.0
SOD1,CHEMBL14272,-6.8,CC1CCC(=NNc2ccc3ccccc3c2)c2ncc(C(=O)O)c(=O)n21,362.4,96.6,3.27,2,5,3,4.0
SOD1,CHEMBL14906,-6.8,CC1CC/C(=N\Nc2ccc(C(F)(F)F)cc2)c2ncc(C(=O)O)c(=O)n21,380.3,96.6,3.13,2,5,3,4.0
SOD1,CHEMBL14921,-6.8,O=C(NNc1nccc(C(F)(F)F)n1)Nc1cc(C(F)(F)F)cc(C(F)(F)F)c1,433.2,78.9,4.68,3,4,3,5.0
SOD1,CHEMBL1796460,-6.8,N=C(N)N1N=C(c2ccccc2)CC1c1ccncc1,265.3,78.4,2.13,2,3,2,5.0
SOD1,CHEMBL1864417,-6.8,C[C@@H](CN1CC=C(n2c(=O)[nH]c3ccccc32)CC1)NC(=O)c1ccc2ccccc2c1,426.5,70.1,3.85,2,3,5,5.0
SOD1,CHEMBL1864639,-6.8,NC(=O)c1cccc(-c2ccnc3c2CC(C(=O)NCc2ccccc2)O3)c1,373.4,94.3,2.47,2,4,5,4.0
SOD1,CHEMBL1865305,-6.8,O=C(CCc1nnc2ccc(NCc3ccccc3)nn12)N1CCC2(CC1)OCCO2,422.5,93.9,2.03,1,7,6,4.0
SOD1,CHEMBL1865710,-6.8,Cc1ccc(C(O)c2nc(-c3cccc4ccccc34)c[nH]2)c(C)c1,328.4,48.9,4.93,2,2,3,5.0
SOD1,CHEMBL20396,-6.8,Cc1cc(C(=O)Nc2ccc(C(=N)N)cc2F)n(-c2cc3ccccc3cc2F)n1,405.4,96.8,4.15,3,3,4,4.0
SOD1,CHEMBL20834,-6.8,O=C1NC(=O)c2c1c1c(ccc3cccnc31)c1[nH]c3ccccc3c21,337.3,74.8,3.91,2,3,0,5.0
SOD1,CHEMBL22924,-6.8,Nc1nc(N)c2cc(CNc3cccc4ccccc34)cnc2n1,316.4,102.7,2.95,3,6,3,4.0
SOD1,CHEMBL23211,-6.8,Nc1nc(N)c2cc(CNc3cccc4ccccc34)ccc2n1,315.4,89.8,3.56,3,5,3,5.0
SOD1,CHEMBL23374,-6.8,Cc1c(CCc2cccc3ccccc23)cnc2nc(N)nc(N)c12,329.4,90.7,3.44,2,5,3,4.0
SOD1,CHEMBL28280,-6.8,O=C(NO)c1ccc(CNC(=O)c2cccc3ccccc23)cc1,320.3,78.4,2.89,3,3,4,5.0
SOD1,CHEMBL29213,-6.8,O=C(C(=O)N1CCc2ccccc2C1)c1c[nH]c2ccccc12,304.3,53.2,2.94,1,2,2,5.0
SOD1,CHEMBL3309986,-6.8,Nc1nc2c3ccccc3nc(Cc3cc(O)cc(O)c3)n2n1,307.3,109.6,1.86,3,6,2,4.0
SOD1,CHEMBL4436134,-6.8,Cc1c(CC(=O)O)c(=O)oc2c(C)c(OCc3cccc(C(F)(F)F)c3)ccc12,406.4,76.7,4.63,1,4,5,5.0
SOD1,CHEMBL4527972,-6.8,N#CC1=C(N)Oc2c(c(=O)[nH]c3c2ccc2ccccc23)C1c1cccc(F)c1,383.4,91.9,4.04,2,4,1,4.0
SOD1,CHEMBL4531190,-6.8,N#C[C@]1(c2ccc(-c3cnc(N)c(-c4ccc5c(c4)CCNC5=O)n3)cc2)[C@@H]2COC[C@@H]21,423.5,113.9,2.72,2,6,3,4.0
SOD1,CHEMBL4531294,-6.8,O=C(NCc1ccccc1)c1cc(-c2ccc(CN3CCOCC3)cc2)nc2ccc(F)cc12,455.5,54.5,4.8,1,4,6,4.0
SOD1,CHEMBL4543405,-6.8,O=C(COc1ccc2c3c(c(=O)oc2c1)CCC3)Nc1nc(-c2ccccn2)cs1,419.5,94.3,3.82,1,7,5,4.0
SOD1,CHEMBL4543416,-6.8,CN(C)c1ccc(C#Cc2ccc(C(=O)N3C[C@@H](O)C[C@H]3C(=O)NO)cc2)cc1,393.4,93.1,1.23,3,5,3,4.0
SOD1,CHEMBL4564327,-6.8,Cc1cnc2cc(CC[C@H]3C[C@@H](n4ccc5c(N)ncnc54)[C@H](O)[C@@H]3O)c(Cl)cn12,426.9,114.5,2.54,3,6,4,4.0
SOD1,CHEMBL4570458,-6.8,Nc1ncc(-c2ccc3c(c2)CNS3(=O)=O)cc1-c1ccc2c(c1)CCNC2=O,406.5,114.2,2.08,3,5,2,4.0
SOD1,CHEMBL4571676,-6.8,O=C1COc2ccc(-c3cnc4ccccc4c3)cc2N1c1ccccc1,352.4,42.4,4.96,0,3,2,5.0
SOD1,CHEMBL4571884,-6.8,Cn1ccc2cc(NC(=O)Cc3ccc(-n4c5c(c6ncnc(N)c64)CCC5)cc3)ccc21,436.5,90.8,4.16,2,4,4,4.0
SOD1,CHEMBL4572894,-6.8,O=C1N[C@H](c2cncc(C#Cc3ccccc3)c2)[C@@H](c2c(F)cccc2F)O1,376.4,51.2,4.28,1,3,2,5.0
SOD1,CHEMBL4574201,-6.8,Cc1ccc2c(N)c(C(=O)NCCc3ccc(-n4ncc5c4CNC5)cc3F)sc2n1,436.5,97.9,3.09,3,6,5,4.0
SOD1,CHEMBL4575547,-6.8,O=C1N[C@H](c2cncc(C#Cc3ccnc(F)c3)c2)[C@@H](c2ccc(F)cc2)O1,377.4,64.1,3.68,1,4,2,5.0
SOD1,CHEMBL4581724,-6.8,COc1ccc(N2C(=O)COc3ccc(-c4cnc5ccccc5c4)cc32)cc1,382.4,51.7,4.97,0,4,3,5.0
SOD1,CHEMBL4636707,-6.8,CN1CCN(c2cc(-c3cc4c5c(n[nH]c5c3)Nc3ccccc3O4)nc(N)n2)CC1,414.5,108.2,3.2,3,8,2,4.0
SOD1,CHEMBL4638944,-6.8,NC(=O)c1ccccc1Nc1cccc(-c2cn(Cc3ccccc3)nn2)c1,369.4,85.8,3.84,2,4,6,5.0
SOD1,CHEMBL498704,-6.8,O=C(O)c1cccnc1Oc1ccc2c(c1)C[C@@H](NC[C@H](O)c1cccc(Cl)c1)CC2,438.9,91.7,4.41,3,5,7,4.0
SOD1,CHEMBL501732,-6.8,O=c1nc(-c2ccc3[nH]ncc3c2)cc(-c2ccc(N3CCNCC3)cc2)[nH]1,372.4,89.7,2.39,3,5,3,5.0
SOD1,CHEMBL513151,-6.8,Nc1cc(C(F)(F)F)ccc1-c1cc(Oc2cccc3[nH]c(=O)c(N)nc23)ncn1,414.3,132.8,3.36,3,7,3,4.0
SOD1,CHEMBL514678,-6.8,CC(C)(C)c1ccc2c(c1)/C(=C/NCc1cc(O)c(-c3ccccc3)cn1)C(=O)NC2=O,427.5,91.3,4.15,3,5,4,4.0
SOD1,CHEMBL516802,-6.8,O=C(c1ccc(/C=C/c2cc(-c3cc4c(=O)[nH]cnc4[nH]3)ccn2)cc1)N1CCOCC1,427.5,104.0,2.96,2,5,4,4.0
SOD1,CHEMBL517068,-6.8,CC(=O)Nc1nc(-c2ccc(F)c(C)n2)c(-c2ccc3ncnn3c2)[nH]1,351.3,100.9,2.59,2,5,3,4.0
SOD1,CHEMBL518019,-6.8,CC1(C)c2[nH]c3cc(Cl)ccc3c2C[C@@]23NC(=O)[C@]4(CCCN4C2=O)C[C@@H]13,383.9,65.2,2.9,2,2,0,5.0
SOD1,CHEMBL521478,-6.8,CC(=O)N1CCN(C(=O)c2cccc(Nc3cc(N(C)c4cccc(C)c4)ncn3)c2)CC1,444.5,81.7,3.6,1,6,5,5.0
SOD1,CHEMBL524898,-6.8,Cc1cccc(N(C)c2cc(N3CCN(C(=O)Cc4c[nH]c5ccccc45)CC3)ncn2)c1,440.6,68.4,3.93,1,5,5,5.0
SOD1,CHEMBL526656,-6.8,N#Cc1ccc2cc1Oc1ccc3c(c1)[C@H](CC3)N1CC[C@@H](NCc3cncn3C2)C1=O,425.5,83.2,3.29,1,5,0,5.0
SOD1,CHEMBL527590,-6.8,O=C(Cc1c[nH]cn1)Nc1ccc(-c2cccc(-c3nc4cc(F)ccc4[nH]3)c2)cc1,411.4,86.5,4.94,3,3,5,5.0
SOD1,CHEMBL561610,-6.8,Cc1ccc(C/C=N/NC(=O)Cn2nc(N3CCN(c4ccc(Cl)cc4)CC3)ccc2=O)cc1,479.0,82.8,2.88,1,6,7,4.0
SOD1,CHEMBL561738,-6.8,CC(C)(C)c1ccc(-c2cc(-c3cn([C@H]4C[C@H](O)[C@@H](CO)O4)c(=O)[nH]c3=O)on2)cc1,427.5,130.6,1.8,3,7,4,4.0
SOD1,CHEMBL564972,-6.8,O=C1COc2ccc(-c3cc(-c4ccccc4)cc(-c4ccc5oc(=O)[nH]c5c4)n3)cc2N1,435.4,97.2,4.85,2,5,3,4.0
SOD1,TROGLITAZONE,-6.8,Cc1c(C)c2c(c(C)c1O)CCC(C)(COc1ccc(CC3SC(=O)NC3=O)cc1)O2,441.5,84.9,4.37,2,6,5,5.0
SOD1,CHEMBL11118,-6.7,NCC12NC(Cc3ccccc31)c1ccccc12,236.3,38.0,2.09,2,2,1,4.0
SOD1,CHEMBL11899,-6.7,O=C(/C=C/c1ccc(OCc2ccc3ccccc3n2)cc1)c1cc(-c2nn[nH]n2)ccc1O,449.5,113.9,4.6,2,7,7,4.0
SOD1,CHEMBL1206483,-6.7,CC1(C)SC2C(NC(=O)NCc3ccc4ccccc4c3)C(=O)N2[C@H]1C(=O)O,399.5,98.7,2.15,3,4,4,4.0
SOD1,CHEMBL1207367,-6.7,CC[C@@]12C=C(C(=O)O)n3c4c(c5ccccc53)CCN(CCC1)[C@@H]42,322.4,45.5,3.67,1,2,2,5.0
SOD1,CHEMBL1210518,-6.7,COc1ccc(Cc2cc(C3CCCCC3)nn(CC(=O)NC3Cc4ccccc4C3)c2=O)cn1,472.6,86.1,3.57,1,5,7,4.0
SOD1,CHEMBL1210815,-6.7,Cc1ccc(F)cc1NC(=O)CN1CCN(c2nnc(Cc3ccccc3)c3ccccc23)CC1,469.6,61.4,4.43,1,5,6,4.0
SOD1,CHEMBL18339,-6.7,c1ccc2nc(COc3ccc(COc4ccc(-c5nn[nH]n5)cc4)cc3)ccc2c1,409.4,85.8,4.57,1,6,7,5.0
SOD1,CHEMBL1858357,-6.7,Cc1cn(/C(=N\O)c2ccc(Oc3ccc4ccccc4c3)nc2)cn1,344.4,72.5,4.22,1,5,3,5.0
SOD1,CHEMBL1858521,-6.7,O/N=C(/c1ccc(Oc2ccc3ccccc3c2)nc1)N1CCSCC1,365.5,58.0,4.21,1,5,3,5.0
SOD1,CHEMBL1859541,-6.7,O/N=C(\NCc1ccccc1)c1ccc(Oc2ccc3ccccc3c2)nc1,369.4,66.7,4.95,2,4,5,5.0
SOD1,CHEMBL1865389,-6.7,O=C(NCCCc1ccccc1)c1cccc(NC(=O)c2ccccc2)c1,358.4,58.2,4.3,2,2,7,5.0
SOD1,CHEMBL1865696,-6.7,CC(CNC(=O)CCS(=O)(=O)c1ccc2c(c1)NC(=O)CO2)c1ccccc1,402.5,101.6,2.1,2,5,7,4.0
SOD1,CHEMBL18826,-6.7,N=C(Nc1ccc2ccc3cccnc3c2n1)c1cccc(Cl)c1,332.8,61.7,4.87,2,3,2,5.0
SOD1,CHEMBL22434,-6.7,Nc1nc(N)c2nc(CSc3cccc4ccccc34)cnc2n1,334.4,103.6,3.03,2,7,3,4.0
SOD1,CHEMBL24738,-6.7,Nc1nc(C2CCN(C(=O)Cc3ccccc3)CC2)c2ccccc2n1,346.4,72.1,3.16,1,4,3,5.0
SOD1,CHEMBL26996,-6.7,O=C1NC(=O)c2c1c1c3ccccc3n3c1c1c2c2ccccc2n1CN(O)C3,382.4,79.5,3.41,2,4,0,5.0
SOD1,CHEMBL27509,-6.7,CO[C@H]1[C@@H]2OC[C@H]1O[C@@H]1[C@H]2n2c3ccccc3c3c4c(c5c6ccccc6n1c5c32)C(=O)NC4=O,465.5,83.7,3.65,1,5,1,4.0
SOD1,CHEMBL27805,-6.7,N=C(N)c1ccc2[nH]c(Cc3cccc(Oc4ccccc4)c3)cc2c1,341.4,74.9,4.84,3,2,5,5.0
SOD1,CHEMBL3309999,-6.7,NCCNc1ccc2c(c1)nc(Cc1ccc3c(c1)OCO3)n1nc(N)nc21,377.4,125.6,1.55,3,8,5,4.0
SOD1,CHEMBL4434821,-6.7,O=C(O)c1cc(-c2ccc(C3CCNCC3)cc2)cc(-n2cc(-c3cccc(O)c3)nn2)c1,440.5,100.3,4.47,3,5,5,4.0
SOD1,CHEMBL4435881,-6.7,CC1(C)Oc2c(c(=O)[nH]c3ccccc23)[C@H]2[C@@H](Cl)[C@](C)(O)CC[C@@H]21,347.8,62.3,3.55,2,3,0,5.0
SOD1,CHEMBL4529655,-6.7,Cc1ccc(C(=O)CC2(O)C(=O)Nc3ccc(Nc4ccco4)cc32)cc1,362.4,91.6,3.74,3,5,5,4.0
SOD1,CHEMBL4530741,-6.7,Cc1ccc(-c2cc3c4nnc(CCC(=O)NCCCc5ccccc5)n4ccn3n2)cc1C,452.6,76.6,4.34,1,4,8,4.0
SOD1,CHEMBL4534269,-6.7,NC(=S)c1cccc(-c2cccc3[nH]c(CNCc4ccccc4)cc23)c1,371.5,53.8,4.76,3,2,6,5.0
SOD1,CHEMBL4543398,-6.7,CC(C)c1cccc(-c2ccc3nnc(-c4ccc5c(c4)NC(=O)CO5)n3c2)c1,384.4,68.5,4.52,1,4,3,5.0
SOD1,CHEMBL4567661,-6.7,Nc1ncc(-c2ccc(C(=O)C(F)(F)F)cc2)nc1-c1ccc2c(c1)CCNC2=O,412.4,98.0,3.42,2,5,3,4.0
SOD1,CHEMBL4570803,-6.7,Nc1ncnc2c3c(n(-c4ccc(NC(=O)c5c[nH]c6ccccc56)cc4)c12)CCC3,408.5,101.6,4.23,3,4,3,4.0
SOD1,CHEMBL4571316,-6.7,CC1CCc2cc(F)cc3c(O)c(C(=O)NCc4cccc5cc[nH]c45)c(=O)n1c23,405.4,87.1,3.76,3,3,3,5.0
SOD1,CHEMBL4571685,-6.7,C[C@@H](CNC(=O)c1sc2ncc(F)cc2c1N)c1cc(F)c(N2CC3CCC(C2)N3)cc1F,475.5,83.3,3.77,3,6,5,4.0
SOD1,CHEMBL4573427,-6.7,CC1(c2ccc(C#N)cc2)NC(=O)N(C2Cc3cc(F)cc(F)c3C2=O)C1=O,381.3,90.3,2.41,1,4,2,4.0
SOD1,CHEMBL4573897,-6.7,CN[C@H]1CN(c2cc(F)c(CCNC(=O)c3sc4nc(C)ccc4c3N)cc2F)C[C@@H]1F,463.5,83.3,3.18,3,6,6,4.0
SOD1,CHEMBL4580960,-6.7,Cc1ccc(-c2nn(-c3ccccc3)cc2/C=C/C(=O)NCc2ccc(-n3ccnc3)nc2)cc1,460.5,77.6,4.76,1,4,7,4.0
SOD1,CHEMBL4583640,-6.7,O=C(c1cc(-c2cccc3ccccc23)nc2ccccc12)N1CCN(c2ncccn2)CC1,445.5,62.2,4.81,0,5,3,5.0
SOD1,CHEMBL4634782,-6.7,Cc1ccc(C2C(C#N)=C(N)Oc3cc4oc(-c5ccccc5)cc(=O)c4c(O)c32)cc1,422.4,109.5,4.69,2,6,2,4.0
SOD1,CHEMBL4635573,-6.7,CC1(C)C(O)=C(C(N)=O)C(=O)c2cc(C(=O)NCCc3ccccc3)ccc21,378.4,109.5,2.43,3,4,5,4.0
SOD1,CHEMBL4636826,-6.7,Cc1ccc(O)c(C(=O)c2cnc3c(c2)c(C)nn3-c2ccc(F)cc2)c1,361.4,68.0,4.11,1,4,3,5.0
SOD1,CHEMBL505653,-6.7,C[C@]1(CO)C[C@H](O)C[C@@]2(C)[C@H]1CC[C@H]1C[C@H]3C[C@]12CC[C@]3(C)O,322.5,60.7,3.11,3,3,1,5.0
SOD1,CHEMBL512254,-6.7,C[C@H](N)C(=O)NCc1cccc(-c2ocnc2-c2nnc(-c3ccccc3)o2)c1,389.4,120.1,3.02,2,7,6,4.0
SOD1,CHEMBL513841,-6.7,N#Cc1cccc(NC(=O)Nc2ccc3ncnc(Nc4ccccc4)c3c2)c1,380.4,102.7,4.89,3,5,4,4.0
SOD1,CHEMBL515433,-6.7,Nc1nc2ncccc2n2c(=O)n(-c3ccc(F)cc3)nc12,296.3,91.1,1.15,1,5,1,4.0
SOD1,CHEMBL515644,-6.7,O=C(CNC(=O)c1ccc(F)cc1)NCC1c2ccccc2COc2ccc(F)cc21,422.4,67.4,3.54,2,3,5,5.0
SOD1,CHEMBL516232,-6.7,CC(=O)C1=C(O)C=C2Oc3c4c(cc(O)c3[C@]2(C)C1=O)OC1(CCCCC1)NC4=O,411.4,122.2,2.69,3,7,1,4.0
SOD1,CHEMBL516309,-6.7,Cc1cccc(NC(=O)CSc2nnc(-c3cc(F)c(Cl)cc3Cl)n2N)c1C,440.3,85.8,4.45,2,5,5,5.0
SOD1,CHEMBL517333,-6.7,O=C1NC[C@H](c2c[nH]c3ccccc23)N=C1c1c[nH]c2cc(Br)ccc12,407.3,73.0,4.07,3,2,2,5.0
SOD1,CHEMBL517514,-6.7,CC1Oc2cc3oc4c(O)c5c(cc4c(=O)c3c(O)c2C1(C)C)C=CC(C)(C)O5,394.4,89.1,4.6,2,6,0,5.0
SOD1,CHEMBL519294,-6.7,N#Cc1cccc(Cc2nc(-c3ccc(F)cc3)c(-c3ccnc(N)n3)[nH]2)c1,370.4,104.3,3.72,2,5,4,4.0
SOD1,CHEMBL521548,-6.7,Cc1ccc(NC(=O)c2ccnc(N3CCCC3)c2)cc1-c1ccc2nc(N)[nH]c(=O)c2c1,440.5,117.0,3.73,3,6,4,4.0
SOD1,CHEMBL522678,-6.7,CCN(Cc1ccc2ccccc2c1)c1ccc2nc(N)nc(N)c2c1,343.4,81.1,3.97,2,5,4,5.0
SOD1,CHEMBL523297,-6.7,O=C1Oc2ccc3ccccc3c2CC1C(=O)c1ccc(C(F)(F)F)cc1,370.3,43.4,4.82,0,3,2,5.0
SOD1,CHEMBL526816,-6.7,CC1(C)N=C(N)N=C(N)N1OCc1cccc2c1ccc1ccccc12,347.4,89.2,3.11,2,6,3,5.0
SOD1,CHEMBL556939,-6.7,C[C@]1(CO)CCC[C@]2(C)[C@H]1C[C@H](O)[C@@]13C[C@@H](CC[C@@H]21)[C@]1(C)O[C@@H]13,320.5,53.0,3.13,2,3,1,5.0
SOD1,CHEMBL563005,-6.7,O=C(NC1CCN(Cc2ccn(-c3ccc(C(F)(F)F)cc3)c2)CC1)N[C@@H](CO)c1ccccc1,486.5,69.5,4.49,3,3,7,4.0
SOD1,CHEMBL563303,-6.7,O=C(/C=C/C1CCN(C(=O)c2ccccc2)CC1)N[C@@H]1CCN(Cc2ccc3cc(F)ccc3c2)C1,485.6,52.7,4.78,1,3,6,4.0
SOD1,CHEMBL564243,-6.7,O=C(NC[C@@H]1CCCC[C@H]1O)NC1CCN(Cc2ccn(-c3ccc(C(F)(F)F)cc3)c2)CC1,478.6,69.5,4.31,3,3,6,4.0
SOD1,CHEMBL565350,-6.7,CN1CCN(c2ccc3[nH]c(Cc4ccc5ccccc5c4)nc3c2)CC1,356.5,35.2,4.06,1,3,3,4.0
SOD1,CHEMBL8935,-6.7,FC(F)(F)c1ccc(Sc2ccc(NC3=NCCN3)cc2)cc1,337.4,36.4,4.23,2,4,3,4.0
SOD1,TRILACICLIB,-6.7,CN1CCN(c2ccc(Nc3ncc4cc5n(c4n3)C3(CCCCC3)CNC5=O)nc2)CC1,446.6,91.2,2.72,2,7,3,4.0
SOD1,CHEMBL10861,-6.6,NC(=O)C12NC(Cc3ccccc31)c1ccccc12,250.3,55.1,1.62,2,2,1,5.0
SOD1,CHEMBL1207101,-6.6,C[C@@H](O)[C@H]1C(=O)N2C(C(=O)O)=C(CN3C(=O)c4cccc5cccc(c45)C3=O)[C@H](C)[C@H]12,420.4,115.2,1.63,2,5,4,4.0
SOD1,CHEMBL1210642,-6.6,O=C(Cc1nc(C2CCCCC2)c2ccsc2n1)NC1Cc2ccccc2C1,391.5,54.9,4.57,1,4,4,5.0
SOD1,CHEMBL1210643,-6.6,O=C(Cc1nc(-c2ccc3c(c2)OCO3)c2ccccc2n1)NC1Cc2ccccc2C1,423.5,73.3,3.85,1,5,4,5.0
SOD1,CHEMBL1242296,-6.6,Cn1cc(-c2cccc3cc(C(=O)NC(=N)N)ccc23)cn1,293.3,96.8,1.86,3,3,2,4.0
SOD1,CHEMBL1242373,-6.6,Cc1cccc(NC(=O)Nc2ccc3c(c2)CCc2sc4ncnc(N)c4c2-3)c1,401.5,92.9,4.99,3,5,2,4.0
SOD1,CHEMBL1242382,-6.6,Nc1ncnc2c1c(-c1ccc3ccccc3c1)nn2CCc1ccccc1,365.4,69.6,4.47,1,4,4,5.0
SOD1,CHEMBL12426,-6.6,CC12C(=CC(=O)C3CC31)[C@H]1CC1C1C2CCC2(C)C1CCC21CCC(=O)O1,366.5,43.4,4.31,0,3,0,5.0
SOD1,CHEMBL12566,-6.6,Cc1c(C(=O)c2cccc3ccccc23)c2ccccc2n1CCN1CCOC(O)C1,414.5,54.7,3.98,1,4,5,5.0
SOD1,CHEMBL1469032,-6.6,O=c1oc2ccccc2cc1-c1csc(Nc2ccc(O)cc2)n1,336.4,75.4,4.37,2,6,3,5.0
SOD1,CHEMBL1540525,-6.6,Cc1cccc(C(=O)NC(=S)NNC(=O)Cc2ccccc2)c1,327.4,70.2,1.87,3,3,3,5.0
SOD1,CHEMBL16415,-6.6,CC12CCC3C4CCC(=O)C=C4CCC3C1CC[C@@]21CCS(=O)O1,348.5,43.4,3.95,0,3,0,5.0
SOD1,CHEMBL1795629,-6.6,COc1ccccc1C(=O)c1cnc(NC2CCN(c3nc4ccccc4[nH]3)CC2)nc1N,443.5,122.0,3.26,3,8,6,4.0
SOD1,CHEMBL1796568,-6.6,Cc1ccc(C2OOC(c3ccc(C(=O)N4CCN(c5ccccc5)CC4)cc3)OO2)cc1,446.5,60.5,4.56,0,6,4,5.0
SOD1,CHEMBL18045,-6.6,O=C1CS(=O)(=O)Nc2cc(OCc3ccc4ccccc4n3)ccc21,354.4,85.4,2.75,1,5,3,5.0
SOD1,CHEMBL1859651,-6.6,Cc1nccn1/C(=N\O)c1ccc(Oc2ccc3ccccc3c2)nc1,344.4,72.5,4.22,1,5,3,5.0
SOD1,CHEMBL1863420,-6.6,O=C(c1ccc(Cl)cc1)N1CCC(NC(c2cnccn2)c2ccc(F)cc2F)CC1,442.9,58.1,4.39,1,4,5,5.0
SOD1,CHEMBL1865837,-6.6,Cc1ccc(C)c(NC2=NC(N)=NC3(CCCCC3)N2)c1,285.4,74.8,2.65,3,5,1,5.0
SOD1,CHEMBL20424,-6.6,CC1(C)N=C(N)N=C(N)N1c1cccc(COc2cccc(-c3ccccc3)c2)c1,399.5,89.2,4.12,2,6,5,5.0
SOD1,CHEMBL20466,-6.6,CC1(C)N=C(N)N=C(N)N1c1cccc(COc2cccc3ccccc23)c1,373.5,89.2,3.6,2,6,4,5.0
SOD1,CHEMBL22477,-6.6,Nc1nc(N)c2c(COc3ccc4ccccc4c3)coc2n1,306.3,100.2,3.12,2,6,3,4.0
SOD1,CHEMBL23744,-6.6,NS(=O)(=O)c1ccc(CNC(=O)c2cc3ccccc3oc2=O)cc1,358.4,119.5,1.37,2,5,4,4.0
SOD1,CHEMBL25502,-6.6,CC(=O)N1CCC(Oc2ccc(CC(=O)N3CCC(N4C(=O)OCc5ccccc54)CC3)cc2)CC1,491.6,79.4,3.77,0,5,5,4.0
SOD1,CHEMBL27758,-6.6,N=C(N)c1ccc2[nH]c(Cc3cccc(CCc4ccccc4)c3)cc2c1,353.5,65.7,4.83,3,1,6,5.0
SOD1,CHEMBL3309444,-6.6,NS(=O)(=O)c1ccc(N2N=C(C(F)(F)F)CC2c2ccc3ccccc3c2)cc1,419.4,75.8,4.36,1,4,3,5.0
SOD1,CHEMBL4435623,-6.6,Cc1ccc(F)c(NC(=O)Cc2ccc(-n3c4c(c5ncnc(N)c53)COC4)cc2)c1,417.4,95.1,3.66,2,5,4,4.0
SOD1,CHEMBL4435664,-6.6,C=CC(=O)N1CCN(c2ccc(C(F)(F)F)c(C3=C(c4c[nH]c5ccccc45)C(=O)NC3=O)c2)CC1,494.5,85.5,3.59,2,4,4,4.0
SOD1,CHEMBL4436056,-6.6,CC(NC(=O)c1ccccc1)c1nn(-c2ccc(C(N)=O)cc2)c2c1C(=O)CC(C)(C)C2,430.5,107.1,3.62,2,4,5,4.0
SOD1,CHEMBL4528197,-6.6,O=C1NCc2c1cccc2S(=O)(=O)NCCNC/C=C/c1ccc(-c2cccnc2)cc1,448.5,100.2,2.57,3,5,9,4.0
SOD1,CHEMBL4530341,-6.6,Nc1ncc(-c2ccc(C(=O)N3CCC(N)C3)cc2)nc1-c1ccc(C(F)(F)F)cc1,427.4,98.1,3.58,2,5,3,4.0
SOD1,CHEMBL4531084,-6.6,Cc1ccc(-c2cc3c4nn(CC(=O)Nc5cccc(C)c5C)c(=O)n4ccn3n2)cc1C,440.5,85.7,3.68,1,4,4,5.0
SOD1,CHEMBL4531124,-6.6,CCS(=O)(=O)Nc1ccc(-c2cnc(N)c(-c3ccc4c(c3)CCNC4=O)c2)cc1,422.5,114.2,3.05,3,5,5,4.0
SOD1,CHEMBL4532148,-6.6,O=S(=O)(NCCNCCCc1ccc(-c2cccnc2)cc1)c1cccc2cnccc12,446.6,84.0,3.8,2,5,10,5.0
SOD1,CHEMBL4532195,-6.6,Nc1ncnc2c3c(n(-c4ccc(NC(=O)Cc5ccc(Cl)c(Cl)c5)cc4)c12)CCC3,452.3,85.8,4.98,2,4,4,4.0
SOD1,CHEMBL4532204,-6.6,Nc1ncccc1-c1cc(Cc2ccc(OCCc3ccccc3F)nc2)no1,390.4,87.1,4.07,1,6,7,5.0
SOD1,CHEMBL4532387,-6.6,O=C(/C=C/c1cnn(Cc2ccccc2)c1)N1CCN(Cc2ccc(Cl)cc2)CC1,420.9,41.4,3.94,0,3,6,5.0
SOD1,CHEMBL4534336,-6.6,O=C(O)COc1ccc([C@H]2CC[C@]3(CC2)OOC2(O3)C3CC4CC2CC(C3)C4O)cc1,430.5,94.5,3.61,2,6,4,4.0
SOD1,CHEMBL4534361,-6.6,N#Cc1ccc(-c2cnc(N)c(-c3cc4c(cn3)C(=O)NCC4)c2)cc1,341.4,104.7,2.55,2,5,2,4.0
SOD1,CHEMBL4534391,-6.6,O=C(COc1ccc(-c2nc3ccccc3c(=O)[nH]2)cc1O)Nc1ccc(Cl)cc1,421.8,104.3,3.97,3,5,5,4.0
SOD1,CHEMBL4543530,-6.6,Cc1ccc2c(N)c(C(=O)NCCc3cc(F)c(N4C[C@@H]5CCN[C@@H]5C4)cc3F)sc2n1.Cl,494.0,83.3,3.66,3,6,5,4.0
SOD1,CHEMBL4548513,-6.6,O=C(NO)c1cc(F)c(Cn2nnc(-c3ccc4ccccc4n3)n2)c(F)c1,382.3,105.8,2.33,2,6,4,4.0
SOD1,CHEMBL4562703,-6.6,Cc1ccc(-c2cc3c4nn(CC(=O)N5CCN(c6ccccc6F)CC5)c(=O)n4ccn3n2)cc1C,499.6,80.2,2.92,0,5,4,4.0
SOD1,CHEMBL4563944,-6.6,COc1ccccc1N1CCN(CCCNC(=O)NN(Cc2ccccc2)c2ccc(F)cc2)CC1,491.6,60.1,4.27,2,5,10,4.0
SOD1,CHEMBL4564248,-6.6,N#Cc1c(N)n[nH]c1-c1ccc2ccn(Cc3ccnc4ccccc34)c2c1,364.4,96.3,4.08,2,4,3,4.0
SOD1,CHEMBL4564744,-6.6,NC(=O)c1cc(-c2ccc(F)cc2)cc2c(C3CCS(=O)(=O)CC3)c[nH]c12,386.4,93.0,3.37,2,3,3,4.0
SOD1,CHEMBL4567758,-6.6,O=C(NCCCN1CCN(c2ncccn2)CC1)NN(Cc1ccc(F)cc1)c1ccccc1,463.6,76.6,3.05,2,6,9,4.0
SOD1,CHEMBL4567872,-6.6,O=C1CC(c2cccc3ccccc23)c2c([nH]c(-c3ccccc3)nc2=O)N1,367.4,74.8,4.06,2,3,2,5.0
SOD1,CHEMBL4568240,-6.6,O=C(Cn1nc2c(Sc3ccccc3)nccn2c1=O)Nc1ccc2c(c1)OCCO2,435.5,99.8,2.45,1,7,5,4.0
SOD1,CHEMBL4569409,-6.6,O=C1c2cc(-c3ccnc(NC4CCOCC4)n3)ccc2CN1Cc1ccc(Cl)c(F)c1,452.9,67.3,4.68,1,5,5,4.0
SOD1,CHEMBL4570848,-6.6,c1ccc2cc(-c3cnc4ccc(NCc5ccncc5)nn34)ccc2c1,351.4,55.1,4.56,1,4,4,5.0
SOD1,CHEMBL4571590,-6.6,CC1(C)C(=O)C=C[C@@]2(C)[C@@H]1C[C@H](O)[C@@]1(C)[C@H]2CC[C@@]2(C)[C@@H](c3ccoc3)OC(=O)[C@H]3O[C@@]312,440.5,89.3,3.99,1,6,1,5.0
SOD1,CHEMBL4571872,-6.6,N#Cc1ccc(N2CCC(c3n[nH]c4c3C(O)(C(F)(F)F)CC(=O)N4)CC2)cn1,406.4,117.9,2.15,3,6,2,4.0
SOD1,CHEMBL4573275,-6.6,CC(C)(C)c1ccc(C(=O)NC(=S)NNC(=O)c2cccc([N+](=O)[O-])c2)cc1,400.5,113.4,2.84,3,5,3,4.0
SOD1,CHEMBL4573290,-6.6,Cc1ccc(NC(=O)CSc2nnc3c4cc(-c5ccccc5)nn4ccn23)c(C)c1,428.5,76.6,4.39,1,5,5,5.0
SOD1,CHEMBL4574733,-6.6,O=C(C1CCN(c2cc(N3CCOCC3)ncn2)CC1)N1CCOC(Cc2ccccc2)C1,451.6,71.0,2.0,0,7,5,4.0
SOD1,CHEMBL4580639,-6.6,N#Cc1ccc(-c2cnc(N)c(-c3ccc4c(c3)C3(CC3)CNC4=O)n2)cc1,367.4,104.7,3.04,2,5,2,4.0
SOD1,CHEMBL4580803,-6.6,Cc1oc(CCNCCc2nc3ccccc3[nH]2)nc1C(=O)NCc1ncccc1F,422.5,108.7,2.7,3,6,9,4.0
SOD1,CHEMBL4581055,-6.6,Cc1ccc2c(N)c(C(=O)NCCc3cc(F)c(N4C[C@@H]5C[C@H]4CN5)cc3F)sc2n1,443.5,83.3,2.99,3,6,5,5.0
SOD1,CHEMBL4581268,-6.6,O=C(/C=C/c1ccccc1F)c1ccc2ccccc2c1O,292.3,37.3,4.58,1,2,3,4.0
SOD1,CHEMBL4581413,-6.6,Cc1ccccc1S(=O)(=O)NC(=O)c1ccc(Cc2c[nH]c3ccccc23)cc1,404.5,79.0,4.19,2,3,5,5.0
SOD1,CHEMBL4582130,-6.6,CC(=O)c1ccc(NC(=O)Cn2nc3ccc(-c4ccc(C)c(C)c4)nn3c2=O)cc1,415.5,98.4,3.02,1,5,5,4.0
SOD1,CHEMBL4583698,-6.6,Cc1cc(C)cc(Nc2nc(C)cc3nn(CC(=O)Nc4cc(F)ccc4F)c(=O)n23)c1,438.4,93.3,3.48,2,5,5,4.0
SOD1,CHEMBL4585367,-6.6,NC(=O)c1ccc(-c2cc(-c3cccc(C(F)(F)F)c3)cnc2N)cc1,357.3,82.0,4.12,2,3,3,5.0
SOD1,CHEMBL4635744,-6.6,Cc1cc(-c2ccc(=O)n(C)c2C)cc2cn(C3CNCCC3(F)F)nc12,372.4,51.9,3.19,1,3,2,5.0
SOD1,CHEMBL4637018,-6.6,CN1CCN(c2ccc(Nc3ncc(Cl)c(Nc4cccc(OC(F)(F)F)c4)n3)nc2)CC1,479.9,78.4,4.66,2,8,6,4.0
SOD1,CHEMBL4637495,-6.6,O=C(CCc1cccc(-c2nc3ccccc3[nH]2)c1)NCc1ccc2[nH]ncc2c1,395.5,86.5,4.36,3,3,6,5.0
SOD1,CHEMBL4637997,-6.6,Cn1nccc1-c1cc(C(F)(F)F)ccc1[C@H]1CCc2cc(S(=O)(=O)Nc3ncccn3)ccc21,499.5,89.8,4.77,1,5,5,4.0
SOD1,CHEMBL4638521,-6.6,O=C(c1ccc2c(ccn2-c2ccc(F)cc2)c1)N1CC(N2CC(N3Cc4ccccc4C3=O)C2)C1,480.5,48.8,3.93,0,3,4,4.0
SOD1,CHEMBL495019,-6.6,O=C(C(=O)N1CCN(C(=O)c2ccccc2)CC1)c1c[nH]c2cc(F)cc(F)c12,397.4,73.5,2.61,1,3,3,5.0
SOD1,CHEMBL495322,-6.6,CC(=O)N1CCN(C(=O)c2cc(Cc3n[nH]c(=O)c4ccccc34)ccc2F)CC1,408.4,86.4,1.96,1,4,3,5.0
SOD1,CHEMBL496249,-6.6,C[C@]1(CO)CCC[C@]2(C)[C@H]3CC[C@@H]4C(O)O[C@@H](C5=CC(=O)OC5O)C[C@H]4[C@]3(C)CC[C@H]12,434.6,96.2,3.14,3,6,2,4.0
SOD1,CHEMBL496481,-6.6,O=C(NCCc1c[nH]c2ccccc12)c1ccc(-c2ccc(F)cc2)cc1,358.4,44.9,4.95,2,1,5,5.0
SOD1,CHEMBL500662,-6.6,O=c1nc(-c2ccc3[nH]ncc3c2)cc(-c2cccc(OCc3ccccc3)c2)[nH]1,394.4,83.7,4.56,2,4,5,5.0
SOD1,CHEMBL501182,-6.6,O=C(NCc1cccnc1)c1cccc(-c2ccc(Nc3ccc4ncsc4c3)nn2)c1,438.5,92.7,4.82,2,7,6,4.0
SOD1,CHEMBL511797,-6.6,Nc1ccc(-c2ccsc2)cc1NC(=O)c1ccc(N2CCC3(CCNC3)CC2)nc1,433.6,83.3,4.22,3,6,4,5.0
SOD1,CHEMBL512693,-6.6,CC(C)=CCc1cc(-c2coc3cc(O)ccc3c2=O)ccc1O,322.4,70.7,4.38,2,4,3,5.0
SOD1,CHEMBL514420,-6.6,Nn1c(SCC(=O)Nc2ccc(F)c(Cl)c2)nnc1-c1cc(F)c(Cl)cc1Cl,464.7,85.8,4.63,2,5,5,4.0
SOD1,CHEMBL514762,-6.6,N#Cc1ccc2c(c1)c(=O)[nH]n2C(=O)c1cccc(S(=O)(=O)N2CCc3ccccc32)c1,444.5,116.0,2.64,1,5,3,4.0
SOD1,CHEMBL514994,-6.6,O=C([C@@H]1CCc2c(Cl)cc(OCc3ccc4ccccc4c3)c(=O)n21)N1CCCC1,422.9,51.5,4.34,0,3,4,5.0
SOD1,CHEMBL515405,-6.6,CN1C(=O)[C@@]2(c3ccccc31)N(C)C[C@@H](c1ccc(F)cc1)[C@@]21Cc2ccccc2C1=O,426.5,40.6,4.15,0,3,1,5.0
SOD1,CHEMBL516687,-6.6,Nc1cccc(Nc2ncnc3c2ncn3CCc2ccc3ccccc3c2)c1,380.5,81.7,4.55,2,5,5,5.0
SOD1,CHEMBL516790,-6.6,Nc1cc(Oc2ccc(NC(=O)c3cccn(-c4ccc(F)cc4)c3=O)cc2F)ccn1,434.4,99.2,4.14,2,5,5,4.0
SOD1,CHEMBL516952,-6.6,O=C(NCc1ccc2c(c1)OCO2)c1cccc(C(=O)NCc2ccc3c(c2)OCO3)c1,432.4,95.1,3.0,2,6,6,4.0
SOD1,CHEMBL517117,-6.6,COc1ccc2c(c1)CCc1c-2c2c(c3c4ccccc4n(CCCO)c13)CNC2=O,412.5,63.5,4.19,2,3,4,5.0
SOD1,CHEMBL517996,-6.6,c1cc(N2CCN([C@H]3CC[C@@H](c4c[nH]c5ccccc54)CC3)CC2)c2nc[nH]c2c1,399.5,50.9,4.89,2,3,3,5.0
SOD1,CHEMBL520195,-6.6,CC1(C)[C@@H](O)CC[C@]2(C)[C@H]3C[C@@H](O)[C@]4(C)C5=C(CC[C@H]4[C@]3(C)CC[C@@H]12)COC5=O,402.6,66.8,4.24,2,4,0,5.0
SOD1,CHEMBL521809,-6.6,O=C(c1cccc(Cc2n[nH]c(=O)c3ccccc23)c1)N1CCN(c2ncccn2)CC1,426.5,95.1,2.27,1,6,4,4.0
SOD1,CHEMBL521815,-6.6,CN1CCN(C(=O)c2cc(Cc3n[nH]c(=O)c4ccccc34)ccc2F)CC1,380.4,69.3,2.04,1,4,3,5.0
SOD1,CHEMBL523361,-6.6,CN1CCN(c2cc(-c3ccc(-c4ccccc4)cc3)nc(N)n2)CC1,345.5,58.3,3.14,1,5,3,5.0
SOD1,CHEMBL523874,-6.6,Cc1ccc2oc(=O)c(C(=O)NCc3cccc4ccccc34)cc2c1,343.4,59.3,4.18,1,3,3,5.0
SOD1,CHEMBL524029,-6.6,CC(=O)c1ccc(NC(=O)N2CCC3(CC2)CN(S(N)(=O)=O)c2ccccc23)cc1,428.5,112.8,2.48,2,4,3,4.0
SOD1,CHEMBL524096,-6.6,O=C(Nc1ccc(Oc2ccnc3[nH]c(=O)[nH]c23)cc1)c1cccc(C(F)(F)F)c1,414.3,99.9,4.31,3,4,4,4.0
SOD1,CHEMBL524800,-6.6,O=C1C=CC2(C=C1)CC[C@]1(C[C@@H](O)C[C@@]3(CCC4(C=CC(=O)C=C4)O3)O1)O2,370.4,82.1,2.04,1,6,0,5.0
SOD1,CHEMBL527569,-6.6,COc1cccc(CNC(=O)c2cccc(-c3cccc(CN4CCC(N5CCCC5)CC4)c3)n2)c1,484.6,57.7,4.75,1,5,8,4.0
SOD1,CHEMBL527905,-6.6,CC(CN1CCN(C)CC1)C(=O)Nc1ccc(-c2cccc(-c3nc4ccccc4[nH]3)c2)cc1,453.6,64.3,4.72,2,4,6,4.0
SOD1,CHEMBL551205,-6.6,O=C(NC1CCN(Cc2ccc3cc(F)ccc3c2)CC1)NS(=O)(=O)c1ccccc1,441.5,78.5,3.63,2,4,5,5.0
SOD1,CHEMBL558025,-6.6,Cc1cccc(S(=O)(=O)NCCNC(=N)N2CCC(c3ccccc3)CC2)c1,400.5,85.3,2.68,3,3,6,5.0
SOD1,CHEMBL559638,-6.6,O=C1c2cccc3c(NCCO)ccc(c23)C(=O)N1c1cccc(Br)c1,411.3,69.6,3.81,2,4,4,5.0
SOD1,CHEMBL561019,-6.6,CC1(C)CC(=O)c2c(C(F)F)nn(-c3ccc(C(N)=O)c(N[C@H]4CC[C@H](O)CC4)c3)c2C1,446.5,110.2,3.78,3,5,5,4.0
SOD1,CHEMBL561206,-6.6,Cc1ccc(C/C=N/NC(=O)Cn2nc(N3CCN(c4ccccn4)CC3)ccc2=O)cc1,445.5,95.7,1.62,1,7,7,4.0
SOD1,CHEMBL561540,-6.6,O=C1/C(=N\O)c2c(/C=C/c3ccccc3)cccc2N1Cc1cc(F)cc2c1OCOC2,430.4,71.4,4.59,1,5,4,5.0
SOD1,CHEMBL563189,-6.6,O=C(C=C1CCN(C(=O)c2ccccc2)CC1)N[C@@H]1CCN(Cc2ccc3cc(F)ccc3c2)C1,471.6,52.7,4.53,1,3,5,4.0
SOD1,CHEMBL564118,-6.6,O=C1c2cccc3c(NCCO)ccc(c23)C(=O)N1c1ccccc1,332.4,69.6,3.04,2,4,4,5.0
SOD1,CHEMBL564268,-6.6,NC(=O)c1cnn2c(-c3cccc(NC(=O)c4cccc(C(F)(F)F)c4)c3)ccnc12,425.4,102.4,3.77,2,4,4,4.0
SOD1,CHEMBL564397,-6.6,C[C@@H]1CN(C(=O)c2ccc(CNS(=O)(=O)c3cccc(C(F)(F)F)c3)cc2)C[C@H](C)O1,456.5,75.7,3.43,1,4,5,4.0
SOD1,CHEMBL565614,-6.6,O/N=C(\c1ccc(CN2CCC3(CC2)OCc2cc(F)ncc23)cc1)c1ccc(F)c(F)c1,453.5,58.0,4.75,1,5,4,4.0
SOD1,DEXAMETHASONE,-6.6,C[C@@H]1C[C@H]2[C@@H]3CCC4=CC(=O)C=C[C@]4(C)[C@@]3(F)[C@@H](O)C[C@]2(C)[C@@]1(O)C(=O)CO,392.5,94.8,1.9,3,5,2,4.0
SOD1,CHEMBL10309,-6.5,O=C1CCC(c2ccccc2)(C2CCN(Cc3ccc(Br)cc3)CC2)C(=O)N1,441.4,49.4,4.04,1,3,4,5.0
SOD1,CHEMBL10676,-6.5,COc1ccc(C2(O)OC(=O)C(c3ccc4c(c3)OCO4)=C2Cc2cccc(C(F)(F)F)c2)cc1,484.4,74.2,4.84,1,6,5,4.0
SOD1,CHEMBL1210898,-6.5,Cc1cccc(NC(=O)CSc2nnc3c(n2)[nH]c2ccccc23)c1,349.4,83.6,3.55,2,5,4,5.0
SOD1,CHEMBL1242845,-6.5,Cc1nn(-c2ccccc2)nc1Cn1nc(-c2ccc(F)c(O)c2)c2c(N)ncnc21,416.4,120.6,2.86,2,7,4,4.0
SOD1,CHEMBL1349775,-6.5,O=C(/C=C/Nc1ccc(S(=O)(=O)Nc2ncccn2)cc1)c1ccc2ccccc2c1,430.5,101.0,4.24,2,6,7,4.0
SOD1,CHEMBL14048,-6.5,CN1C[C@H](CNC(=O)c2ccccc2)C[C@@H]2c3cccc4[nH]cc(c34)C[C@H]21,359.5,48.1,3.56,2,2,3,5.0
SOD1,CHEMBL14853,-6.5,CC(C)c1ccc(N/N=C2\CCC(C)n3c2ncc(C(=O)O)c3=O)cc1,354.4,96.6,3.24,2,5,4,4.0
SOD1,CHEMBL17198,-6.5,Oc1ccc2c(c1)OC[C@@H](N1CCC(O)(c3ccc(C(F)(F)F)cc3)CC1)[C@H]2O,409.4,73.2,3.19,3,5,2,5.0
SOD1,CHEMBL17624,-6.5,CS(=O)(=O)Nc1ccc2ccc(OCc3ccc4ccccc4n3)cc2c1,378.5,68.3,4.34,1,4,5,5.0
SOD1,CHEMBL1796457,-6.5,NC(=O)N1N=C(c2ccccc2)CC1c1ccc(Cl)cc1,299.8,58.7,3.57,1,2,2,5.0
SOD1,CHEMBL1859919,-6.5,O/N=C(/c1ccc(Oc2ccc3ccccc3c2)nc1)n1cccn1,330.3,72.5,3.91,1,5,3,5.0
SOD1,CHEMBL1860618,-6.5,O/N=C(\NC1CCC1)c1ccc(Oc2ccc3ccccc3c2)nc1,333.4,66.7,4.31,2,4,4,5.0
SOD1,CHEMBL1860868,-6.5,N/C(=N\O)c1cccnc1Oc1c(F)c(F)cc(F)c1F,301.2,80.7,2.52,2,4,3,5.0
SOD1,CHEMBL1863308,-6.5,O=S(=O)(c1ccccc1)N1CCC(NC(c2ccc(C(F)(F)F)cc2)c2cnccn2)CC1,476.5,75.2,4.03,1,5,6,4.0
SOD1,CHEMBL1863617,-6.5,Cc1ccc(C)c(C(O)c2nc(-c3ccc(C(F)(F)F)cc3)c[nH]2)c1,346.4,48.9,4.79,2,2,3,5.0
SOD1,CHEMBL1864123,-6.5,OC(c1cc(F)cc(Cl)c1)c1nc(-c2cccc(C(F)(F)F)c2)c[nH]1,370.7,48.9,4.97,2,2,3,5.0
SOD1,CHEMBL1864439,-6.5,CC1(C)C=Cc2cc(-c3coc4cc(O)cc(O)c4c3=O)cc(O)c2O1,352.3,100.1,3.76,3,6,1,4.0
SOD1,CHEMBL1864963,-6.5,Cc1cc(C)cc(NC(=O)CNS(=O)(=O)c2ccc3nc(C)sc3c2)c1,389.5,88.2,3.14,2,5,5,5.0
SOD1,CHEMBL1865181,-6.5,Cc1ccc(-c2nnn(CC(=O)NC(=O)NC3CCCCC3)n2)cc1,342.4,101.8,1.81,2,5,4,4.0
SOD1,CHEMBL1865552,-6.5,O=C(NC(=O)c1c(F)cccc1F)Nc1cccc(Oc2ncc(Cl)cn2)c1,404.8,93.2,4.16,2,5,4,4.0
SOD1,CHEMBL1866082,-6.5,Cc1c(CC(=O)O)c(=O)oc2c(C)c(OCc3ccc(F)cc3F)ccc12,374.3,76.7,3.89,1,4,5,5.0
SOD1,CHEMBL19270,-6.5,O=S1(=O)c2cccc3cccc(c23)N1CCN1CCC(Cc2cc3cc(F)ccc3[nH]2)CC1,463.6,56.4,4.92,1,3,5,4.0
SOD1,CHEMBL19349,-6.5,Cc1cc(C#CCN2CCC(Cc3ccc(F)cc3)CC2)cc2[nH]c(O)nc12,377.5,52.2,4.02,2,3,3,5.0
SOD1,CHEMBL19626,-6.5,N=C(N)c1ccc2oc(CCc3ccc(O[C@H]4CCNC4)cc3)cc2c1,349.4,84.3,3.24,3,4,6,5.0
SOD1,CHEMBL20825,-6.5,CCOC(=O)[C@@H](Cc1ccc2ccccc2c1)NC(=O)c1cccc(C(=N)N)c1,389.5,105.3,3.03,3,4,7,4.0
SOD1,CHEMBL25345,-6.5,COc1ccc(Cc2cc(C3CCN(C(=O)c4ccc5c(c4)OCO5)CC3)nc(N)n2)cc1,446.5,99.8,3.41,1,7,5,4.0
SOD1,CHEMBL25666,-6.5,Oc1cc2c(cc1Cc1ccccc1)OC(CCc1ccccc1)C2,330.4,29.5,4.92,1,2,5,4.0
SOD1,CHEMBL26678,-6.5,Cn1c2cccc(C(N)=O)c2c2ncnc(N3CCN(CCc4ccc(F)c(F)c4)CC3)c21,450.5,80.3,2.86,1,5,5,4.0
SOD1,CHEMBL26936,-6.5,O=C1NC(=O)c2c1c1c3ccccc3n3c1c1c2c2ccccc2n1CNC3,366.4,68.1,3.3,2,3,0,5.0
SOD1,CHEMBL28505,-6.5,COc1ccc2c(c1)CC[C@@H](CN1CCN(CCOC(c3ccccc3)c3ccccc3)CC1)[C@H]2O,486.7,45.2,4.71,1,5,9,4.0
SOD1,CHEMBL29217,-6.5,N#Cc1cccc(COc2ccc(S(=O)(=O)N3CC[C@H](O)C[C@@H]3C(=O)NO)cc2)c1,431.5,140.0,1.16,3,7,6,4.0
SOD1,CHEMBL29571,-6.5,O=C1N[C@@H]2CCCC[C@H]2N1C1CCN(Cc2ccc3ccccc3c2)CC1,363.5,35.6,4.14,1,2,3,4.0
SOD1,CHEMBL3309985,-6.5,Nc1nc2c3ccccc3nc(Cc3ccc4c(c3)OCO4)n2n1,319.3,87.6,2.18,1,6,2,5.0
SOD1,CHEMBL3309991,-6.5,Nc1nc2c3c(F)cc(F)cc3nc(Cc3ccc4c(c3)OCO4)n2n1,355.3,87.6,2.46,1,6,2,5.0
SOD1,CHEMBL4434951,-6.5,Nc1nonc1/C(=N/O)NC1c2ccccc2C1(F)F,281.2,109.6,1.22,3,6,2,4.0
SOD1,CHEMBL4434956,-6.5,Cc1ccc(F)cc1-c1cccc(C2(c3ccccc3)N=C(N)N(C)C2=O)c1,373.4,58.7,3.83,1,3,3,5.0
SOD1,CHEMBL4435905,-6.5,O=C(O)COc1ccc([C@H]2CC[C@]3(CC2)OOC2(O3)C3CC4CC2CC(C3)C4=O)cc1,428.5,91.3,3.81,1,6,4,4.0
SOD1,CHEMBL4436016,-6.5,O=C(/C=C/c1cccc(O)c1)c1ccc(NS(=O)(=O)c2cccc(O)c2)cc1,395.4,103.7,3.79,3,5,6,4.0
SOD1,CHEMBL4436157,-6.5,O=C1NCCn2c(C3CCN(C(=O)c4cccc(Cl)c4)CC3)nc3cncc1c32,409.9,80.1,2.85,1,4,2,5.0
SOD1,CHEMBL4529934,-6.5,Cc1ccc(-c2ccc3nn(CC(=O)N4CCN(c5ccc(F)cc5)CC4)c(=O)n3n2)cc1C,460.5,75.7,2.66,0,5,4,4.0
SOD1,CHEMBL4530208,-6.5,COc1ncc(CC2CCOCC2)c2c1C[C@]1(c3ccc(F)cc3F)N=C(N)SC[C@@H]1C2,459.6,69.7,4.01,1,6,4,4.0
SOD1,CHEMBL4530658,-6.5,Nc1ncnc2c3c(n(-c4ccc(NC(=O)[C@@H](N)Cc5ccccc5)cc4)c12)CCC3,412.5,111.8,3.0,3,5,5,4.0
SOD1,CHEMBL4530939,-6.5,O=C(c1cnc(Nc2cccc(Cc3ccccc3)c2)[nH]1)c1ccccc1O,369.4,78.0,4.68,3,4,6,5.0
SOD1,CHEMBL4531786,-6.5,O=C(Nc1nn(Cc2ccc(C(F)(F)F)cc2)c2ccccc12)c1cnc[nH]1,385.3,75.6,4.08,2,3,4,5.0
SOD1,CHEMBL4532233,-6.5,[2H]C([2H])([2H])N(C([2H])([2H])[2H])S(=O)(=O)c1ccc(-c2cnc(N)c(-c3ccc4c(c3)CCNC4=O)n2)cc1,429.5,118.3,1.93,2,6,4,4.0
SOD1,CHEMBL4532439,-6.5,Cc1c(NC(=O)c2noc3c2CCc2cc(CC(C)C)ccc2-3)c(=O)n(-c2ccccc2)n1C,456.5,82.1,4.69,1,4,5,4.0
SOD1,CHEMBL4532846,-6.5,Cc1ccc(NCc2ccnn2-c2nnc(N3CCC(C(=O)NC4CCCCC4C)CC3)s2)cc1,493.7,88.0,4.56,2,7,7,4.0
SOD1,CHEMBL4533631,-6.5,Nc1nc2ccccc2cc1CCC(=O)N1CCC[C@]2(COCC[C@H]2O)C1,369.5,88.7,2.14,2,5,3,5.0
SOD1,CHEMBL4533958,-6.5,Cc1ccc2[nH]c(CCN3C(=O)c4cccc5cccc(c45)C3=O)nc2c1,355.4,66.1,3.86,1,3,3,5.0
SOD1,CHEMBL4534050,-6.5,CCOc1ccc(-c2nc(/C(N)=N\O)c3[nH]c(=O)n(-c4cccc5ccccc45)c3n2)cc1,440.5,131.4,3.42,3,6,5,4.0
SOD1,CHEMBL4543556,-6.5,Cc1c(C(=O)N2C3CCC2CC(F)(c2ccc(Cl)cc2)C3)cnn1-c1nn2cccc2c(=O)[nH]1,480.9,88.3,3.8,1,4,3,4.0
SOD1,CHEMBL4553151,-6.5,CN(C)c1nc(-c2cnc(N)c(-c3ccc4c(c3)CCNC4=O)c2)cs1,365.5,84.1,2.81,2,6,3,5.0
SOD1,CHEMBL4564277,-6.5,COc1ccc2[nH]c(C(=O)NCc3cccc(Cn4cnc5ccccc54)c3)cc2c1,410.5,71.9,4.5,2,3,6,5.0
SOD1,CHEMBL4564351,-6.5,Cc1ccc(-c2cnc(N)c(-c3ccc4c(c3)CCNC4=O)c2)s1,335.4,68.0,3.65,2,4,2,5.0
SOD1,CHEMBL4564624,-6.5,C[C@@H](CN)c1ccc(-c2c(O)cc(Cl)c3[nH]c(=O)c4ccccc4c23)cc1,378.9,79.1,4.77,3,3,3,5.0
SOD1,CHEMBL4565091,-6.5,CC1(C)C[C@H](c2c[nH]c3c(C(N)=O)cc(-c4ccc(F)cc4)cc23)CCS1(=O)=O,414.5,93.0,4.14,2,3,3,4.0
SOD1,CHEMBL4566549,-6.5,C/C(=N/NC(=N)N)c1sc(-c2ccc(C#Cc3ccccc3)cc2)nc1C,373.5,87.2,3.73,3,4,3,5.0
SOD1,CHEMBL4568382,-6.5,NC(=O)c1cccc(-c2cn3c(-c4ccc(F)c(Cl)c4)cnc3cn2)c1,366.8,73.3,3.95,1,3,3,5.0
SOD1,CHEMBL4569164,-6.5,Cc1cc(=O)[nH]c(-n2ncc(C(=O)N3CCc4ccc(C(F)(F)F)cc4C3)c2C)n1,417.4,83.9,2.79,1,4,2,5.0
SOD1,CHEMBL4569304,-6.5,Cc1cn2cc(-c3cc4ccc(N5CCN[C@@H](C(C)C)C5)cc4oc3=O)nc2c(C)n1,417.5,75.7,3.55,1,6,3,5.0
SOD1,CHEMBL4569357,-6.5,CN(C)c1ccc(C(=O)Nc2cccc(NC(=O)COc3ccc4c(c3)OCO4)c2)cc1,433.5,89.1,3.75,2,6,7,5.0
SOD1,CHEMBL4570510,-6.5,Cn1ccc2cc(-c3cn4c(-c5ccccc5)cnc4cn3)ccc21,324.4,35.1,4.56,0,2,2,4.0
SOD1,CHEMBL4571045,-6.5,O=S(=O)(c1cnc2ccccc2c1)n1cc(C2=CCNCC2)c2ccccc21,389.5,64.0,3.8,1,4,3,5.0
SOD1,CHEMBL4571226,-6.5,O=S(=O)(NCc1ccc(-c2ccccc2)cc1)c1cc2ccc(Cl)cc2[nH]1,396.9,62.0,4.97,2,2,5,5.0
SOD1,CHEMBL4571586,-6.5,Fc1cccc(-c2cn3c(-c4ccc5ncccc5c4)cnc3cn2)c1,340.4,43.1,4.75,0,3,2,5.0
SOD1,CHEMBL4573105,-6.5,NC(=O)c1ccc(-c2cc(-c3ccc(CC(=O)N4CCCC4)cc3)cnc2N)cc1,400.5,102.3,3.26,2,4,5,4.0
SOD1,CHEMBL4575049,-6.5,O=C(CCc1nnc2c3cc(-c4ccc(F)cc4)nn3ccn12)NCc1ccccc1Cl,448.9,76.6,4.09,1,4,6,5.0
SOD1,CHEMBL4575184,-6.5,Oc1ccc2ncnc(Nc3ccc(OCc4ccc(F)cc4)cc3)c2c1,361.4,67.3,4.8,2,5,5,5.0
SOD1,CHEMBL4580842,-6.5,O=C(c1cc(Cc2n[nH]c(=O)c3ccccc23)ccc1F)N1CCn2cnnc2C1,404.4,96.8,1.9,1,5,3,4.0
SOD1,CHEMBL4581184,-6.5,CN1C[C@@H](Nc2nc3cc[nH]c3c(=O)n2C)C[C@@H](c2ccc3c(c2)OCCO3)C1,395.5,84.4,1.93,2,6,3,5.0
SOD1,CHEMBL4581299,-6.5,Cc1cccc(NC(=O)c2ccc3nn(CC(=O)N4CCc5ccccc5C4)c(=O)n3c2)c1,441.5,88.7,2.64,1,4,4,5.0
SOD1,CHEMBL4581931,-6.5,Cc1c(-c2ccc(Oc3ccc(N4CCNCC4)cc3)c(F)c2)[nH]c2cccc(F)c2c1=O,447.5,57.4,4.98,2,4,4,5.0
SOD1,CHEMBL4582280,-6.5,CN1CCN(c2cc(F)c3c(c2)N(C)C(=O)C32CCN(c3nc4c(c(=O)[nH]3)CCCN4C)CC2)CC1,495.6,79.0,1.56,1,7,2,4.0
SOD1,CHEMBL4583574,-6.5,Cc1cc(C)cc(NC(=O)Cn2nc3ccc(-c4ccc(C)c(C)c4)nn3c2=O)c1,401.5,81.3,3.43,1,4,4,5.0
SOD1,CHEMBL4583613,-6.5,O=S(=O)(c1ccc2ncccc2c1)n1cc(C2=CCNCC2)c2ccc(Cl)cc21,423.9,64.0,4.46,1,4,3,5.0
SOD1,CHEMBL4635552,-6.5,O=C1CCN(C(=O)c2cc(Cc3n[nH]c(=O)c4ccccc34)ccc2F)CC1,379.4,83.1,2.46,1,4,3,5.0
SOD1,CHEMBL4637016,-6.5,Cc1nn(-c2ccc(F)cc2)c2ncc(C(=O)c3ccccc3O)cc12,347.3,68.0,3.8,1,4,3,5.0
SOD1,CHEMBL4637325,-6.5,C=C1CC[C@@H]2[C@](C)(CO)[C@H](O)CC[C@@]2(C)[C@@H]1C/C=C1/C(=O)OC[C@H]1Oc1cccc2ccc(C)nc12,491.6,88.9,4.91,2,6,5,4.0
SOD1,CHEMBL4637658,-6.5,O=C(Nc1cccc(Cl)c1)C1CCN(C(=O)c2ccc3ccccc3c2)CC1,392.9,49.4,4.98,1,2,3,5.0
SOD1,CHEMBL4638039,-6.5,Nc1nc(-c2cc3c4c(n[nH]c4c2)Nc2ccccc2O3)cc(N2CCCC2)n1,385.4,105.0,4.05,3,7,2,4.0
SOD1,CHEMBL4638078,-6.5,COc1ccc(/C=C/C(=O)Nc2cccc(-c3nc4ccccc4[nH]3)c2)cc1,369.4,67.0,4.89,2,3,5,5.0
SOD1,CHEMBL4638505,-6.5,CC(C)N(C(=O)c1ccc(F)c(C(F)(F)F)c1)c1ccc(C(=O)NO)cc1,384.3,69.6,4.02,2,3,4,5.0
SOD1,CHEMBL4638561,-6.5,O=C(Nc1nc2ccc(Cl)cc2s1)c1c(O)c2cccc3c2n(c1=O)CC3,397.8,84.2,3.78,2,5,2,5.0
SOD1,CHEMBL4638828,-6.5,Nc1nc2nc(SCc3ccccc3)nc(N3CCc4ccccc4C3)c2s1,405.6,67.9,4.52,1,7,4,5.0
SOD1,CHEMBL4638917,-6.5,C[C@@H](Nc1nc2c(cnn2C2CCCC2)c(=O)[nH]1)C(=O)Nc1ccc2c(c1)CCC2=O,420.5,121.8,2.8,3,6,5,4.0
SOD1,CHEMBL4638972,-6.5,Nc1nc(-c2cc3c4c(n[nH]c4c2)Nc2ccccc2O3)cc(C2CC2)n1,356.4,101.7,4.33,3,6,2,4.0
SOD1,CHEMBL4639051,-6.5,CC(=O)N(Cc1cccc(C(F)(F)F)c1)c1ccc(C(=O)NO)cc1,352.3,69.6,3.38,2,3,4,5.0
SOD1,CHEMBL4639112,-6.5,O=C(C[C@H]1CC[C@@H](C(=O)O)CC1)N1CCc2c(n(Cc3cccc(F)c3)c3ncccc23)C1,449.5,75.4,4.39,1,3,5,5.0
SOD1,CHEMBL4639614,-6.5,O=C1CSC(N/N=C/c2ccc3ccc4cccc5ccc2c3c45)=N1,343.4,53.8,4.14,1,4,2,5.0
SOD1,CHEMBL497980,-6.5,Cc1ccc2c(N3CCN(CCc4ccc5c(c4)NC(=O)CO5)CC3)ccc(Cl)c2n1,436.9,57.7,3.89,1,5,4,5.0
SOD1,CHEMBL498197,-6.5,O=C1O[C@]2(CC[C@@H](c3nc4cccnc4[nH]3)CC2)c2ccccc21,319.4,67.9,3.68,1,4,1,5.0
SOD1,CHEMBL498199,-6.5,O=C1CCC(c2cccc(O)c2)(C2CCN(Cc3ccc(Br)cc3)CC2)C(=O)N1,457.4,69.6,3.74,2,4,4,4.0
SOD1,CHEMBL498343,-6.5,O/N=C1\CCc2cc(-c3cn([C@H]4CCC[C@H]4O)nc3-c3ccncc3)ccc21,374.4,83.5,3.82,2,5,3,5.0
SOD1,CHEMBL500635,-6.5,C(#Cc1cccc2ccccc12)c1cccc(Cc2c[nH]cn2)c1,308.4,28.7,4.55,1,1,2,4.0
SOD1,CHEMBL500921,-6.5,O=C(CC(=O)Nc1ccc(Oc2ccnc3[nH]ccc23)c(F)c1)Nc1ccc(F)cc1,422.4,96.1,4.6,3,4,6,4.0
SOD1,CHEMBL501462,-6.5,O=c1nc(-c2ccc3[nH]ncc3c2)cc(-c2ccc(OCc3ccccc3)cc2)[nH]1,394.4,83.7,4.56,2,4,5,5.0
SOD1,CHEMBL501486,-6.5,O=C(NCc1cccc(-c2cccc(CN3CCNCC3)c2)c1)c1cccc(O)c1,401.5,64.6,3.39,3,4,6,5.0
SOD1,CHEMBL503089,-6.5,O/N=C1\CCc2cc(-c3cn(C4CCCC4)nc3-c3ccncc3)ccc21,358.4,63.3,4.85,1,4,3,5.0
SOD1,CHEMBL504005,-6.5,O=C1NC(=O)C2C3c4ccccc4C(c4ccccc43)C12,275.3,46.2,2.17,1,2,0,5.0
SOD1,CHEMBL511137,-6.5,Cc1cc(C)c(S(=O)(=O)N2CCC(C(=O)NC3Cc4ccccc4C3)CC2)c(C)c1,426.6,66.5,3.3,1,3,4,5.0
SOD1,CHEMBL511475,-6.5,O=C(NCCN1CCC2(CC1)C(=O)NCN2c1ccccc1)c1ccc2ccccc2c1,428.5,64.7,3.0,2,4,5,5.0
SOD1,CHEMBL511669,-6.5,CNC(=O)c1cc(Oc2ccc3[nH]c(Nc4cccc(C(F)(F)F)c4)nc3c2)ccn1,427.4,91.9,4.87,3,5,5,4.0
SOD1,CHEMBL511942,-6.5,Cc1cccc(CNC(=O)c2cc(C(=O)NCc3cccc(C)c3)ncn2)c1,374.4,84.0,2.95,2,4,6,5.0
SOD1,CHEMBL512267,-6.5,N=C(NO)c1ccc(-n2c3c(c4ccccc42)C(=O)CCC3)c(Br)c1,398.3,78.1,4.22,3,3,2,5.0
SOD1,CHEMBL512290,-6.5,Cn1c(=O)c2[nH]c(-c3ccc(COC(=O)Nc4ccccc4)cc3)cc2n(C)c1=O,404.4,98.1,2.98,2,4,4,4.0
SOD1,CHEMBL512308,-6.5,N=C(N)N/N=C/c1ccc(OCc2ccc3no[n+]([O-])c3c2)cc1,326.3,136.5,0.86,3,6,5,4.0
SOD1,CHEMBL513227,-6.5,Nc1nccc(-c2c(-c3cccc(C(=O)Nc4c(F)cccc4F)c3)nc3ccccn23)n1,442.4,98.2,4.57,2,5,4,4.0
SOD1,CHEMBL513422,-6.5,Cc1cccc(NC(=S)Nc2ccc(-c3cnc4ccnn4c3N)cc2)c1,374.5,80.3,4.1,3,4,3,5.0
SOD1,CHEMBL513720,-6.5,C[C@@H](c1ccc2c(c1)CC[C@H]1[C@H]2C[C@@H]2O[C@@]23CC=CC(=O)[C@]13C)[C@@H]1C[C@@H]2O[C@@H]2C(=O)O1,420.5,68.4,3.6,0,5,2,5.0
SOD1,CHEMBL514185,-6.5,CC1(C(=O)Nc2ccc([N+](=O)[O-])cc2O)CC2c3ccccc3C1c1ccccc12,400.4,92.5,4.93,2,4,3,4.0
SOD1,CHEMBL514419,-6.5,Cc1ccc(NN=C(c2nc3ccccc3[nH]2)c2nc3ccccc3[nH]2)cc1,366.4,81.8,4.61,3,4,4,5.0
SOD1,CHEMBL515179,-6.5,C[C@@]12NC(=O)[C@@H](C[C@@]13c1ccccc1N1C(=O)CN[C@@H]13)n1c2nc2ccccc2c1=O,413.4,96.3,0.9,2,5,0,4.0
SOD1,CHEMBL515491,-6.5,O=C(NCCN1CCOCC1)c1nc(-c2ccc3c(c2)CC/C3=N\O)c(-c2ccncc2)[nH]1,446.5,115.7,2.33,3,7,6,4.0
SOD1,CHEMBL516855,-6.5,CC1(C)C=Cc2c(cc(O)c3c2OCC(c2cc4c(cc2O)OCO4)C3=O)O1,382.4,94.5,3.37,2,7,1,4.0
SOD1,CHEMBL517010,-6.5,C=C1C(=O)[C@]23C[C@H]1CC[C@H]2[C@]1(COC3=O)C2CC[C@@]3(C)COC(O2)[C@H]31,344.4,61.8,2.24,0,5,0,5.0
SOD1,CHEMBL517876,-6.5,Cc1ccccc1/C=C1\CN(C)C[C@@]2(C1=O)[C@@H](c1ccccc1C)CN(C)[C@@]21C(=O)Nc2ccccc21,491.6,52.7,4.76,1,4,2,4.0
SOD1,CHEMBL519416,-6.5,Oc1ccc2c3c1O[C@H]1c4c(c5cc(Cl)cc6c5n4CCC6)C[C@@]4(O)[C@@H](C2)N(CC2CC2)CC[C@]314,489.0,57.9,4.65,2,4,2,4.0
SOD1,CHEMBL519851,-6.5,C[C@@]12C[C@@H](c3ccoc3)OC(=O)[C@H]1CC[C@@H]1[C@H]2C[C@@H]2OC(=O)[C@@]1(O)[C@@H]2O,362.4,106.2,1.34,2,7,1,4.0
SOD1,CHEMBL520129,-6.5,O=C(Nc1ccc2cnn(S(=O)(=O)c3cccc4ccccc34)c2c1)C1CCCNC1,434.5,93.1,3.36,2,5,4,4.0
SOD1,CHEMBL520529,-6.5,CC1(C)CCC[C@]2(C)[C@H]3C[C@@H](O)[C@]4(C)C5=C(C(=O)O[C@H]5O)[C@@H](O)C[C@H]4[C@]3(C)CC[C@@H]12,418.6,87.0,3.56,3,5,0,5.0
SOD1,CHEMBL520557,-6.5,Oc1ccc2c3c1O[C@H]1c4c(c5cccc6c5n4CCC6)C[C@@]4(O)[C@@H](C2)N(CC2CC2)CC[C@]314,454.6,57.9,3.99,2,4,2,4.0
SOD1,CHEMBL521037,-6.5,CC1(C)OC(=O)C2=C1Nc1cc3c(cc1C2c1cccc(Cl)c1)OCO3,369.8,56.8,4.22,1,5,1,5.0
SOD1,CHEMBL521532,-6.5,C[C@]12C[C@H](NCCc3ccccc3)[C@@H](O)C[C@@H]1CC[C@@H]1[C@@H]2CC[C@]2(C)[C@@H](O)CC[C@@H]12,411.6,52.5,4.56,3,3,4,5.0
SOD1,CHEMBL522143,-6.5,O=C(N[C@@H]1CC[C@@]2(O)[C@H]3Cc4ccc(O)c5c4[C@@]2(CCN3CC2CC2)[C@H]1O5)c1ccncc1,447.5,94.9,2.15,3,6,4,4.0
SOD1,CHEMBL522502,-6.5,Nc1ccc2ncnc(NCCc3ccc(Oc4ccccc4)cc3)c2c1,356.4,73.1,4.66,2,5,6,5.0
SOD1,CHEMBL522596,-6.5,O=C(OC12C3C4CC5C6C4C1C6C1(OCCCN12)C53)c1n[nH]c2ccccc12,375.4,67.5,2.24,1,5,2,5.0
SOD1,CHEMBL523261,-6.5,Cn1cc(-c2ccc3c(c2)Cc2c[nH]nc2-3)c(-c2ccncc2)n1,313.4,59.4,3.44,1,3,2,5.0
SOD1,CHEMBL524551,-6.5,Nc1nccc2ccc(-c3ccc4ncccc4c3)cc12,271.3,51.8,4.03,1,3,1,5.0
SOD1,CHEMBL557910,-6.5,O=C(NC(=O)c1ccccc1)NC1c2ccccc2-c2ccccc21,328.4,58.2,3.9,2,2,2,5.0
SOD1,CHEMBL559562,-6.5,N=C(N)c1ccc2cc(C(=O)Nc3ccc4c(c3)CCC4)ccc2c1,329.4,79.0,3.86,3,2,3,5.0
SOD1,CHEMBL559878,-6.5,COc1ncc(/C=C2\C[C@H]3[C@@H]4CC[C@H]5N(C)C(=O)C=C[C@]5(C)[C@H]4CC[C@]3(C)[C@H]2O)cn1,423.6,75.5,3.48,1,5,2,5.0
SOD1,CHEMBL561445,-6.5,N#Cc1cnn2c(-c3cccc(NC(=O)c4cccc(C(F)(F)F)c4)c3)ccnc12,407.4,83.1,4.54,1,4,3,5.0
SOD1,CHEMBL562407,-6.5,CCC(C)[C@H](N)C(=O)NNC(=O)c1cc(C23CC4CC(CC(C4)C2)C3)c2ccccc2n1,434.6,97.1,3.84,3,4,5,4.0
SOD1,CHEMBL562923,-6.5,O=C(C=C1CCN(C(=O)c2ccc(O)cc2)CC1)N[C@@H]1CCN(Cc2ccc3cc(F)ccc3c2)C1,487.6,72.9,4.24,2,4,5,4.0
SOD1,CHEMBL563019,-6.5,O=C(N[C@@H]1CCN(Cc2ccc3cc(F)ccc3c2)C1)NS(=O)(=O)c1ccccc1,427.5,78.5,3.24,2,4,5,5.0
SOD1,CHEMBL563590,-6.5,CC(C)C[C@H](N)C(=O)NNC(=O)c1cc(C23CC4CC(CC(C4)C2)C3)c2ccccc2n1,434.6,97.1,3.84,3,4,5,4.0
SOD1,CHEMBL564211,-6.5,Cc1nn(-c2ccc(C(N)=O)c(N[C@H]3CC[C@H](O)CC3)c2)c2c1C(=O)CC(C)(C)C2,410.5,110.2,3.15,3,5,4,4.0
SOD1,CHEMBL564436,-6.5,CN1CCC(=O)[C@]2(C1)[C@@H](c1ccccc1Cl)[C@@H]1CCCN1[C@@]21C(=O)Nc2ccccc21,436.0,52.7,3.64,1,4,1,5.0
SOD1,CHEMBL565310,-6.5,O=C(C(=O)N1CCN(C(=O)c2c(F)cccc2F)CC1)c1c[nH]c2ccccc12,397.4,73.5,2.61,1,3,3,5.0
SOD1,CHEMBL565857,-6.5,Cc1[nH]c2ccccc2c1C(=O)C(=O)Nc1cccc2c(O)cccc12,344.4,82.2,4.16,3,3,3,5.0
SOD1,CHEMBL565921,-6.5,O=C(NO)c1ccc2nc(CCCc3ccccc3)c(=O)[nH]c2c1,323.4,95.1,2.22,3,4,5,4.0
SOD1,CHEMBL566219,-6.5,c1ccc2cc(Cc3nc4c(N5CCNCC5)cccc4[nH]3)ccc2c1,342.4,44.0,3.72,2,3,3,5.0
SOD1,CHEMBL568580,-6.5,CN1CCN(c2cc(C3=C(c4c[nH]c5ccccc45)C(=O)NC3=O)c3ccccc3c2)CC1,436.5,68.4,3.64,2,4,3,5.0
SOD1,DELAFLOXACIN,-6.5,Nc1nc(-n2cc(C(=O)O)c(=O)c3cc(F)c(N4CC(O)C4)c(Cl)c32)c(F)cc1F,440.8,121.7,1.92,3,6,3,4.0
SOD1,EPLERENONE,-6.5,COC(=O)[C@@H]1CC2=CC(=O)CC[C@]2(C)[C@@]23O[C@@H]2C[C@@]2(C)[C@@H](CC[C@@]24CCC(=O)O4)[C@H]13,414.5,82.2,3.12,0,6,1,5.0
SOD1,GLASDEGIB,-6.5,CN1CC[C@@H](NC(=O)Nc2ccc(C#N)cc2)C[C@@H]1c1nc2ccccc2[nH]1,374.4,96.8,3.39,3,4,3,4.0
SOD1,GLIBORNURIDE,-6.5,Cc1ccc(S(=O)(=O)NC(=O)N[C@H]2[C@H]3CC[C@@](C)([C@H]2O)C3(C)C)cc1,366.5,95.5,2.17,3,4,3,4.0
SOD1,INDACATEROL,-6.5,CCc1cc2c(cc1CC)CC(NC[C@H](O)c1ccc(O)c3[nH]c(=O)ccc13)C2,392.5,85.3,3.15,4,4,6,4.0
SOD1,BICTEGRAVIR,-6.4,O=C(NCc1c(F)cc(F)cc1F)c1cn2c(c(O)c1=O)C(=O)N1[C@H]3CC[C@H](C3)O[C@@H]1C2,449.4,100.9,1.63,2,5,3,4.0
SOD1,CARBAMAZEPINE,-6.4,NC(=O)N1c2ccccc2C=Cc2ccccc21,236.3,46.3,3.39,1,1,0,5.0
SOD1,CHEMBL10211,-6.4,O=C(O)c1c(-c2ccc3c(c2)OCO3)c2ccccc2n1-c1ccc2c(c1)OCO2,401.4,79.2,4.45,1,5,3,5.0
SOD1,CHEMBL11150,-6.4,C[C@@]1(N2C(=O)c3c(F)c(F)c(F)c(F)c3C2=O)CCC(=O)NC1=O,344.2,83.6,1.03,1,4,1,5.0
SOD1,CHEMBL1163133,-6.4,COc1ccc(-c2ccc3cccc4c3c2C(=O)C(O)=C4)cc1,302.3,46.5,4.61,1,3,2,5.0
SOD1,CHEMBL1163540,-6.4,C[C@@]12CC[C@H](O)[C@@H]3COC(=C31)C(=O)c1cc3cccc(O)c3cc12,322.4,66.8,3.05,2,4,0,5.0
SOD1,CHEMBL11824,-6.4,O=C1CC2(CCCC2)CC(=O)N1CCCCNCC1COc2cc3ccccc3cc2O1,436.6,67.9,4.06,1,5,7,5.0
SOD1,CHEMBL1204619,-6.4,O=C1N[C@H]2[C@@H]3OP(=O)(O)O[C@@H]3[C@@H](O)C[C@@H]2c2cc3c(cc21)OCO3,355.2,123.6,0.26,3,7,0,4.0
SOD1,CHEMBL1205880,-6.4,C[C@@H](O)[C@H]1C(=O)N2C(C(=O)O)=C(CN3C(=O)c4cccc5cccc3c45)[C@H](C)[C@H]12,392.4,98.2,2.0,2,4,4,4.0
SOD1,CHEMBL1207010,-6.4,O=C(O)CCCc1ccc2c(c1)CC(CNS(=O)(=O)c1ccc(Cl)cc1)C2,407.9,83.5,3.44,2,3,8,5.0
SOD1,CHEMBL1207227,-6.4,O=C1C(c2c(O)[nH]c3ccc(S(=O)(=O)O)cc23)=Nc2ccccc21,342.3,119.8,2.44,3,5,2,4.0
SOD1,CHEMBL124937,-6.4,O=c1cc(Nc2ccc3ccccc3c2)[nH]c(=O)[nH]1,253.3,77.8,1.96,3,3,2,5.0
SOD1,CHEMBL1310576,-6.4,Cc1ccc(S(=O)(=O)c2c(N)n(NC(=O)c3ccco3)c3nc4ccccc4nc23)cc1,447.5,133.1,3.28,2,7,4,4.0
SOD1,CHEMBL13148,-6.4,CC12C=CC(=O)C=C1C=CC1C2CCC2(C)C1CCC21CCC(=O)O1,338.4,43.4,4.15,0,3,0,5.0
SOD1,CHEMBL1343658,-6.4,Cn1c(=O)c(C(=O)NNC(=O)c2ccccc2F)c(O)c2ccccc21,355.3,100.4,1.46,3,4,2,4.0
SOD1,CHEMBL15855,-6.4,COc1ccc(NC(=O)N2CCC(c3c[nH]c4ccccc34)CC2)cc1N1CCN(C)CC1,447.6,63.8,4.34,2,4,4,5.0
SOD1,CHEMBL1587221,-6.4,N#C/C(=C\c1cn(Cc2ccccc2F)c2ccccc12)C(=O)NCc1ccco1,399.4,71.0,4.65,1,3,6,5.0
SOD1,CHEMBL15961,-6.4,COc1ccc(NC(=O)N2CCC(c3c[nH]c4cccc(F)c34)CC2)cc1N1CCN(C)CC1,465.6,63.8,4.48,2,4,4,4.0
SOD1,CHEMBL16303,-6.4,O=C(O)C1CC2CC(c3ccc(-c4nn[nH]n4)cc3)CCC2CN1,327.4,103.8,1.81,3,5,3,4.0
SOD1,CHEMBL16544,-6.4,NC(=O)N1CCN(C2=Nc3ccc(Br)cc3CC=C2c2ccccc2)CC1,425.3,61.9,3.82,1,3,1,5.0
SOD1,CHEMBL16820,-6.4,Nc1nc2ccccc2n2c(=O)n(-c3ccc(Cl)cc3)nc12,311.7,78.2,2.27,1,4,1,5.0
SOD1,CHEMBL17200,-6.4,O=C(/C=C/c1ccccc1)c1ccc2ccccc2c1,258.3,17.1,4.74,0,1,3,4.0
SOD1,CHEMBL17479,-6.4,Nc1nc(N)c2c(CSc3cccc4ccccc34)c[nH]c2n1,321.4,93.6,3.57,3,5,3,4.0
SOD1,CHEMBL17634,-6.4,CCS(=O)(=O)Nc1ccc2ccc(OCc3ccc4ccccc4n3)cc2c1,392.5,68.3,4.73,1,4,6,5.0
SOD1,CHEMBL17787,-6.4,O=C(NCCOc1ccc(CC2SC(=O)NC2=O)cc1)Nc1ccccc1,385.4,96.5,2.78,3,5,7,4.0
SOD1,CHEMBL1782170,-6.4,O=C1Cc2c([nH]c3cc[n+]([O-])cc23)-c2ccccc2N1,265.3,71.8,1.96,2,2,0,5.0
SOD1,CHEMBL1808973,-6.4,C1=Nn2c(nnc2-c2ccccc2)Nc2nc3ccccc3cc21,312.3,68.0,3.43,1,5,1,5.0
SOD1,CHEMBL1809186,-6.4,CCc1nn(-c2ccccc2)c2cc(NC(=O)c3cccc(C(=N)N)c3)ccc12,383.5,96.8,4.12,3,3,5,4.0
SOD1,CHEMBL1858377,-6.4,N/C(=N/O)c1cccnc1Oc1ccc2ccccc2c1,279.3,80.7,3.12,2,4,3,5.0
SOD1,CHEMBL1858853,-6.4,Cc1ccc2cccc(Oc3cc(/C(N)=N/O)ccn3)c2n1,294.3,93.6,2.83,2,5,3,4.0
SOD1,CHEMBL1858900,-6.4,O/N=C(/c1ccc(Oc2cccc3cccnc23)nc1)N1CCN(c2ccccc2)CC1,425.5,74.1,4.38,1,6,4,5.0
SOD1,CHEMBL1858903,-6.4,Cc1ccc(Oc2ncccc2/C(N)=N/O)c2c1CCC2,283.3,80.7,2.77,2,4,3,5.0
SOD1,CHEMBL1859211,-6.4,O/N=C(/c1cccnc1Oc1ccc(F)c(Cl)c1)N1CCN(c2ccc(F)cc2)CC1,444.9,61.2,4.76,1,5,4,5.0
SOD1,CHEMBL1859818,-6.4,CC(C)CN/C(=N\O)c1ccc(Oc2ccc3ccccc3c2)nc1,335.4,66.7,4.41,2,4,5,5.0
SOD1,CHEMBL1862912,-6.4,CC(C)c1ccc(S(=O)(=O)N2CCN(C(c3cncnc3)c3ccc(Cl)cc3F)CC2)cc1,489.0,66.4,4.49,0,5,6,4.0
SOD1,CHEMBL1863068,-6.4,O=C(c1cccc(C(O)(c2ccc(Cl)cc2)c2cccnc2)c1)N1CCC(O)CC1,422.9,73.7,3.62,2,4,4,5.0
SOD1,CHEMBL1863508,-6.4,O=C(NCc1ccccc1)c1cccc(C(O)(c2ccc(Cl)cc2)c2cccnc2)c1,428.9,62.2,4.95,2,3,6,5.0
SOD1,CHEMBL1863528,-6.4,CS(=O)(=O)Nc1cccc(NC(=O)c2cccc3c(-c4cccc(C(N)=O)c4)coc23)c1,449.5,131.5,3.82,3,5,6,4.0
SOD1,CHEMBL1863926,-6.4,CC(=O)Nc1cccc(NC(=O)C2CC(=O)N(CCc3ccc(F)cc3)C2)c1,383.4,78.5,2.81,2,3,6,5.0
SOD1,CHEMBL1864789,-6.4,O=C(Cc1nnc(O)c2ccccc12)N1CCN(c2ccc(F)cc2)CC1,366.4,69.6,2.37,1,5,3,5.0
SOD1,CHEMBL1864929,-6.4,O=C(NCc1ccccc1Cl)c1ccc2nc(Cc3ccccc3)oc2c1,376.8,55.1,5.0,1,3,5,4.0
SOD1,CHEMBL1865383,-6.4,O=C(CN1CCCN(Cc2cccc(F)c2)S1(=O)=O)Nc1ccc2c(c1)OCCO2,435.5,88.2,1.99,1,5,5,5.0
SOD1,CHEMBL1865896,-6.4,NS(=O)(=O)c1ccc(NC(=O)COC(=O)Cc2c[nH]c3ccccc23)cc1,387.4,131.3,1.54,3,5,6,4.0
SOD1,CHEMBL1866121,-6.4,Cc1onc(-c2ccccc2)c1C(=O)Nc1cccc(S(=O)(=O)NC2=NCCC2)c1,424.5,113.7,3.37,2,6,5,4.0
SOD1,CHEMBL18727,-6.4,C[C@H](NC(=O)C1C=C2c3cccc4[nH]cc(c34)CC2N(C)C1)C(=O)NCCc1ccccc1,442.6,77.2,2.9,3,3,6,5.0
SOD1,CHEMBL19179,-6.4,O=C1N[C@@H](C(=O)NO)C[C@H]1c1ccc(OCc2ccccc2)cc1,326.4,87.7,1.74,3,4,5,5.0
SOD1,CHEMBL19348,-6.4,Oc1nc2c(C(F)(F)F)cc(C#CCN3CCC(Cc4ccc(F)cc4)CC3)cc2[nH]1,431.4,52.2,4.73,2,3,3,5.0
SOD1,CHEMBL19404,-6.4,COc1cc2[nH]c(O)nc2cc1C#CCN1CCC(Cc2ccc(F)cc2)CC1,393.5,61.4,3.72,2,4,4,5.0
SOD1,CHEMBL20160,-6.4,O=C1N[C@@H](C(=O)NO)C[C@H]1c1ccc(-c2ccc(F)cc2)cc1,314.3,78.4,1.97,3,3,3,5.0
SOD1,CHEMBL21079,-6.4,Cc1ccc(NC(=O)c2ccccc2)cc1Nc1nccc(-c2ccc[n+]([O-])c2)n1,397.4,93.9,4.08,2,5,5,4.0
SOD1,CHEMBL22736,-6.4,OC1(c2cccc(COc3ccc4c(-c5ccoc5)cncc4c3)n2)CC2COC(C1)O2,430.5,86.8,4.19,1,7,5,5.0
SOD1,CHEMBL24950,-6.4,Oc1cccc(C2=Cc3cc(O)ccc3C23Cc2ccccc2C3)c1,326.4,40.5,4.69,2,2,1,5.0
SOD1,CHEMBL25091,-6.4,Nc1nc(C2CCN(C3CCCCC3)CC2)c2ccccc2n1,310.4,55.0,3.72,1,4,2,5.0
SOD1,CHEMBL26844,-6.4,O=C(NO)c1ccc(CNC(=O)c2ccc(-c3ccccc3)cc2)cc1,346.4,78.4,3.4,3,3,5,5.0
SOD1,CHEMBL26872,-6.4,O=C1NCc2c1c1c3ccccc3n3c1c1c2c2ccccc2n1CSC3,369.4,39.0,4.81,1,2,0,4.0
SOD1,CHEMBL27387,-6.4,O=C1NC(=O)c2c1c1c3ccccc3n3c1c1c2c2ccccc2n1C[S+]([O-])C3,399.4,79.1,3.46,1,3,0,5.0
SOD1,CHEMBL28177,-6.4,CC(CC(=O)Nc1ccccc1C(=O)O)c1ccc2ccccc2c1,333.4,66.4,4.67,2,2,5,5.0
SOD1,CHEMBL3309506,-6.4,CN1C(=O)CCC2=C1[C@@H]1Oc3c(O)ccc4c3[C@@]13CCN(C)[C@H](C4)[C@]3(O)C2,368.4,73.2,1.29,2,5,0,5.0
SOD1,CHEMBL3309659,-6.4,O=C1OCC2=C1C(c1cc(F)c(F)c(F)c1)c1c(c3cccnc3c3ncccc13)N2,419.4,64.1,4.57,1,5,1,5.0
SOD1,CHEMBL3310155,-6.4,NCCNc1cc(F)cc2nc(Cc3ccc4c(c3)OCO4)n3nc(N)nc3c12,395.4,125.6,1.69,3,8,5,4.0
SOD1,CHEMBL4434912,-6.4,C[C@](O)(C#Cc1ccc(F)c(-c2c[nH]c3cnc(N)nc23)c1)c1nccs1,379.4,100.7,3.06,3,6,2,4.0
SOD1,CHEMBL4435016,-6.4,Cc1nn(-c2ccccc2)c2c1C(/C=C/c1ccc(C(F)(F)F)cc1)CS(=O)(=O)O2,434.4,61.2,4.72,0,4,3,5.0
SOD1,CHEMBL4435183,-6.4,CN1C(=O)C2(c3ccccc31)c1c(c3ccccc3oc1=O)Oc1c2c(=O)oc2ccccc12,449.4,90.0,4.32,0,6,0,5.0
SOD1,CHEMBL4435185,-6.4,Cc1ccc(C)c2c1CCC21CCN(CCc2cnn(-c3nccc4c(=O)[nH]cnc34)c2)CC1,454.6,79.7,3.64,1,5,4,4.0
SOD1,CHEMBL4435470,-6.4,Cc1ccc(S(=O)(=O)N2[C@@H](c3cccc(F)c3)C(C(=O)O)=C[C@H]2C(C)(C)C)cc1,417.5,74.7,4.31,1,3,4,5.0
SOD1,CHEMBL4435695,-6.4,O=C(Cc1ccc(OCc2nc(C3CCN(Cc4ccccc4)CC3)no2)cc1)NO,422.5,100.7,3.08,2,7,8,4.0
SOD1,CHEMBL4436565,-6.4,CC1(Cc2ccccc2)C(=O)Nc2ccc(-c3nccn4nccc34)cc21,354.4,59.3,3.85,1,3,3,5.0
SOD1,CHEMBL4529573,-6.4,C[C@@H](O)[C@@]12Cc3c(CO)cnn3C[C@@H]1C[C@H]1[C@@H]3CC=C4C[C@@H](O)CC[C@]4(C)[C@H]3CC[C@@]12C,440.6,78.5,3.85,3,4,2,5.0
SOD1,CHEMBL4529578,-6.4,COc1ccccc1C(=O)c1cnc(Nc2cccc(Cc3ccccc3)c2)[nH]1,383.5,67.0,4.98,2,4,7,5.0
SOD1,CHEMBL4529958,-6.4,CN(C)CCNC(=O)c1ccc(-c2cn3c(-c4ccc5ncccc5c4)cnc3cn2)cc1,436.5,75.4,3.9,1,5,6,5.0
SOD1,CHEMBL4529977,-6.4,O=C(O)c1cccc(-n2c(/C=C/c3ccc([N+](=O)[O-])o3)nc3ccccc3c2=O)c1,403.4,128.5,3.76,1,6,5,4.0
SOD1,CHEMBL4530238,-6.4,O=C(NO)c1ccc(Nc2nnc(-c3ccccc3)o2)cc1,296.3,100.3,2.6,3,6,4,4.0
SOD1,CHEMBL4530759,-6.4,Cc1nn(-c2ccccc2)c(C)c1C(=O)ONC(=N)c1cccc(Cl)c1,368.8,80.0,3.83,2,4,3,5.0
SOD1,CHEMBL4530812,-6.4,Nc1ncnc2c3c(n(-c4ccc(CC(=O)Nc5nc(C(F)(F)F)co5)cc4)c12)CCC3,442.4,111.9,3.68,2,6,4,4.0
SOD1,CHEMBL4531007,-6.4,COC1=C[C@@H](C)[C@@H]2C[C@H]3OC(=O)C[C@H]4[C@](C)(O)[C@@H]5OCO[C@H]5[C@H]([C@@]2(C)C1=O)[C@@]34C,406.5,91.3,1.82,1,7,1,4.0
SOD1,CHEMBL4531804,-6.4,C#Cc1ccc(/C=C/c2nc3ccccc3c(=O)n2-c2cccc(S(N)(=O)=O)c2)cc1,427.5,95.0,3.18,1,4,4,4.0
SOD1,CHEMBL4532246,-6.4,C/C=C1/C(=O)C(O)=C2c3ccc4ccc(O)cc4c3CC[C@@]21C,306.4,57.5,4.3,2,3,0,5.0
SOD1,CHEMBL4532472,-6.4,NS(=O)(=O)C[C@H]1COc2cc(F)ccc2N1C(=O)c1ccc2c(c1)NC(=O)CO2,421.4,128.0,0.85,2,6,3,4.0
SOD1,CHEMBL4533198,-6.4,O=C1c2cccc3cccc(c23)C(=O)N1CCNc1ccnc2cc(Cl)ccc12,401.9,62.3,4.75,1,4,4,5.0
SOD1,CHEMBL4533354,-6.4,O=C(O)c1cc(-c2ccc(C3CCNCC3)cc2)cc(-n2cc(-c3ccsc3)nn2)c1,430.5,80.0,4.83,2,5,5,5.0
SOD1,CHEMBL4533577,-6.4,O=c1[nH]c(N2CCC3(CC2)CNc2cc(F)cc(F)c23)nc2c1CCCC2,372.4,61.0,2.89,2,4,1,5.0
SOD1,CHEMBL4533616,-6.4,CC(C)(C)c1ccc(-c2csc(CNCC3CCNCC3)n2)cc1,343.5,37.0,4.2,2,4,5,4.0
SOD1,CHEMBL4533624,-6.4,Cc1cccc(Nc2ncnc3sc4c(c23)CCN(S(=O)(=O)c2ccc(F)cc2F)C4)c1,472.5,75.2,4.77,1,6,4,4.0
SOD1,CHEMBL4534739,-6.4,Cn1ccc2cc(-c3cnc4cnc(-c5ccc(C(=O)NCCO)cc5)cn34)ccc21,411.5,84.5,3.28,2,4,5,5.0
SOD1,CHEMBL4534757,-6.4,Cc1cc(C)cc(Nc2nc(C)cc3nn(CC(=O)Nc4ccc(Cl)cc4)c(=O)n23)c1,436.9,93.3,3.85,2,5,5,4.0
SOD1,CHEMBL4543207,-6.4,NS(=O)(=O)c1ccc(Nc2nccc(Nc3nc4ccccc4s3)n2)cc1,398.5,122.9,3.22,3,8,5,4.0
SOD1,CHEMBL4543224,-6.4,Cc1c(C(=O)N2CC(C(F)(F)F)CC(C(F)(F)F)C2)cnn1-c1nc2ccsc2c(=O)[nH]1,479.4,83.9,3.68,1,5,2,4.0
SOD1,CHEMBL4543232,-6.4,O=C(c1cncc(N2CC3CC(C2)N3)c1)N1CCc2ccccc2C1,334.4,48.5,1.83,1,4,2,5.0
SOD1,CHEMBL4543326,-6.4,O=C(c1cnn(-c2nc3c(c(=O)[nH]2)CCC3)c1)N1CCC(CC(F)(F)F)CC1,395.4,83.9,2.25,1,4,3,5.0
SOD1,CHEMBL4553137,-6.4,Cc1cccc(Oc2nccn3c(=O)n(CC(=O)N4CCN(c5ccc(F)cc5)CC4)nc23)c1C,476.5,85.0,2.79,0,6,5,4.0
SOD1,CHEMBL4564116,-6.4,Cc1ccc(-c2cc3c4nnc(CCC(=O)NCc5ccc(C(F)(F)F)cc5)n4ccn3n2)cc1C,492.5,76.6,4.93,1,4,6,4.0
SOD1,CHEMBL4564502,-6.4,Nc1ncnc2c3c(n(-c4ccc(NC(=O)Cc5ccc(F)cc5Br)cc4)c12)CCC3,480.3,85.8,4.57,2,4,4,4.0
SOD1,CHEMBL4564789,-6.4,CC1(C)NC(=O)c2ccc(-c3nc(-c4ccc(S(=O)(=O)NC5CC5)cc4)cnc3N)cc21,449.5,127.1,2.81,3,6,5,4.0
SOD1,CHEMBL4564827,-6.4,O=C(Cn1cnc2c(oc3ccccc32)c1=O)NCc1ccccc1Cn1ccnc1,413.4,95.0,2.7,1,5,6,4.0
SOD1,CHEMBL4565186,-6.4,O=C1OC(c2ccccc2)Cc2cc(C(=O)N3CCC(C(=O)Nc4ccccc4)CC3)ccc21,454.5,75.7,4.63,1,4,4,4.0
SOD1,CHEMBL4566385,-6.4,Cc1ccc2c(N)c(C(=O)NCCc3cc(F)c(N4C[C@H]5C[C@@H]4CN5)cc3F)sc2n1,443.5,83.3,2.99,3,6,5,5.0
SOD1,CHEMBL4567879,-6.4,O=C(NCc1ccccc1)Nc1cccc(NC(=O)c2ccccn2)c1,346.4,83.1,3.66,3,3,5,5.0
SOD1,CHEMBL4568429,-6.4,Cc1cccc(C(=O)NNS(=O)(=O)c2ccc3ccccc3c2)c1,340.4,75.3,2.77,2,3,4,5.0
SOD1,CHEMBL4568617,-6.4,CCNS(=O)(=O)c1ccc(-c2cnc(N)c(-c3ccc4c(c3)CCC/C4=N\O)c2)cc1,436.5,117.7,3.81,3,6,5,4.0
SOD1,CHEMBL4568740,-6.4,Cn1c(SCc2ccc(C(=O)Nc3ccccc3N)cc2)nc2cc(F)ccc2c1=O,434.5,90.0,4.2,2,5,5,4.0
SOD1,CHEMBL4570314,-6.4,Cn1c(-c2c(-c3ccccc3)n[nH]c2-c2ccccc2O)nc2ccccc21,366.4,66.7,5.0,2,3,3,4.0
SOD1,CHEMBL4570385,-6.4,Cc1ccc(CNC(=O)c2ccc(CN3CCc4ccccc4C3)cc2)cc1,370.5,32.3,4.48,1,2,5,4.0
SOD1,CHEMBL4570725,-6.4,N#CC1=C(N)Oc2ccc3ccccc3c2C1c1ccc(O)cc1,314.3,79.3,3.76,2,4,1,5.0
SOD1,CHEMBL4570793,-6.4,Cc1ccc(NC(=O)Nc2ccc3nc(Cc4ccccc4)nn3c2)cc1,357.4,71.3,4.27,2,3,4,5.0
SOD1,CHEMBL4570831,-6.4,Cc1c(C(=O)N2CCC(C(F)(F)F)CC2)cnn1-c1nc2[nH]ccc2c(=O)[nH]1,394.4,99.7,2.16,2,4,2,4.0
SOD1,CHEMBL4570841,-6.4,O=c1c(Cc2ccc(O)cc2)nc2c(Cc3ccccc3)[nH]c(-c3ccc(O)cc3)cn1-2,423.5,91.1,4.26,3,4,5,4.0
SOD1,CHEMBL4570988,-6.4,Fc1ccc2c(c1)CCN(c1cccc(-c3nc4ccc(F)cc4[nH]3)n1)C2,362.4,44.8,4.47,1,3,2,5.0
SOD1,CHEMBL4570991,-6.4,OCc1ccc(-c2cnc3ccc(-c4cccc(F)c4)nn23)cc1,319.3,50.4,3.69,1,3,3,5.0
SOD1,CHEMBL4571061,-6.4,Cc1ccccc1-c1noc(Cn2nc3ccc(-c4ccccc4)nn3c2=O)n1,384.4,91.1,2.96,0,6,4,4.0
SOD1,CHEMBL4571143,-6.4,CC(C)c1ccc(/C=C2/C=C(CC(=O)NO)c3cc(F)ccc32)cc1,337.4,49.3,4.78,2,2,4,5.0
SOD1,CHEMBL4571193,-6.4,O=C(NCc1ccc(CNS(=O)(=O)c2ccc(CN3CCCC3)cc2)cc1)c1ccc(F)cc1,481.6,78.5,3.83,2,4,9,4.0
SOD1,CHEMBL4571223,-6.4,O=C(NC(C(=O)NO)c1ccc(-c2cc(F)c(F)c(F)c2)cc1)c1cccc(F)c1,418.3,78.4,3.89,3,3,5,5.0
SOD1,CHEMBL4572123,-6.4,OC(CNc1ccccc1)CNc1ccc(-c2nc3ccccc3o2)cc1,359.4,70.3,4.38,3,5,7,5.0
SOD1,CHEMBL4572844,-6.4,CC(C)(C)c1ccc(C(=O)Nc2nonc2-c2ccc(F)cc2)cc1,339.4,68.0,4.43,1,4,3,5.0
SOD1,CHEMBL4573134,-6.4,Nc1cccc2c1C1c3ccccc3C2C2C(=O)NC(=O)C12,290.3,72.2,1.75,2,3,0,5.0
SOD1,CHEMBL4574592,-6.4,Cc1ccc(Cc2ccc3c(c2)[C@]2(OC3)O[C@H](C)[C@@H](O)[C@H](O)[C@H]2O)cc1,356.4,79.2,1.77,3,5,2,5.0
SOD1,CHEMBL4574605,-6.4,C[C@]1(c2cc(NC(=O)c3ccc(C#N)cn3)ccc2F)N=C(N)O[C@@H]2CCCC(F)(F)[C@@H]21,443.4,113.4,3.71,2,6,3,4.0
SOD1,CHEMBL4574735,-6.4,CNc1cc(-c2ccc3cnn(Cc4ccc(C(F)(F)F)cc4)c3c2)cn(C)c1=O,412.4,51.9,4.51,1,3,4,5.0
SOD1,CHEMBL4574953,-6.4,Cc1c(C(=O)N2CCC3(CC2)CC3C(=O)N2CCCC2)cnn1-c1nn2cccc2c(=O)[nH]1,449.5,108.6,1.38,1,5,3,4.0
SOD1,CHEMBL4574999,-6.4,CSc1ccc(CNC(=O)Cn2nc3c(N4CCN(c5ccccc5)CC4)nccn3c2=O)cc1,489.6,87.8,2.26,1,7,7,4.0
SOD1,CHEMBL4575704,-6.4,Cc1nc2sc(C(=O)NCCc3cc(F)c(N4CC5CCC(C4)N5)cc3F)c(N)c2cc1F,475.5,83.3,3.52,3,6,5,4.0
SOD1,CHEMBL4580659,-6.4,CC(=O)N1N=C(c2ccc(OS(N)(=O)=O)cc2)CC1c1ccc(C(F)(F)F)cc1,427.4,102.1,2.99,1,5,4,4.0
SOD1,CHEMBL4580840,-6.4,O=C(Nc1ccc(-c2nc3ccccc3[nH]2)cc1)c1cccc(S(=O)(=O)NC2CC2)c1,432.5,103.9,3.92,3,4,6,4.0
SOD1,CHEMBL4580964,-6.4,Cc1cccn2c(=O)cc(CSc3nnc(NC(=O)Nc4ccccc4)s3)nc12,424.5,101.3,3.79,2,7,5,4.0
SOD1,CHEMBL4581099,-6.4,Cc1cc2nn(CC(=O)Nc3cc(F)ccc3C)c(=O)n2c(Nc2ccc(C)c(F)c2)n1,438.4,93.3,3.48,2,5,5,4.0
SOD1,CHEMBL4581368,-6.4,O=C(Nc1ccc(Cl)c(C(F)(F)F)c1)N[C@H]1CCN(c2ccnc(NC3CC3)n2)C1,440.9,82.2,4.12,3,5,5,5.0
SOD1,CHEMBL4581370,-6.4,CC(=O)Nc1cccc(-c2cn3c(-c4ccc(CO)cc4)cnc3cn2)c1,358.4,79.5,3.51,2,4,4,5.0
SOD1,CHEMBL4581650,-6.4,Nc1nc2ccc(C(=O)NCc3ccc(C(=O)NCc4ccccc4)cc3)cc2s1,416.5,97.1,3.74,3,5,6,4.0
SOD1,CHEMBL4581856,-6.4,Cc1ccc(-c2cc(CCNC(=O)c3sc4nc(C)ccc4c3N)ccc2N2CCNCC2)cc1,485.7,83.3,4.54,3,6,6,4.0
SOD1,CHEMBL4582133,-6.4,Nc1ncc(-c2ccc(S(=O)(=O)NC3CC3)cc2)cc1-c1ccc2c(c1)CCNC2=O,434.5,114.2,2.72,3,5,5,4.0
SOD1,CHEMBL4582368,-6.4,N=C1NC(=O)C(C2(O)C(=O)N(Cc3ccccc3)c3ccc(Cl)cc32)S1,387.8,93.5,2.24,3,5,3,4.0
SOD1,CHEMBL4582603,-6.4,FC(F)(F)c1cccnc1N1CCN(c2ccc(NC(=S)NCc3ccccc3)cn2)CC1,472.5,56.3,4.31,2,5,5,4.0
SOD1,CHEMBL4583533,-6.4,O=C(NCc1ncccc1F)c1cnn(CC2CCCN(Cc3nc4ccccc4[nH]3)C2)c1,447.5,91.7,3.14,2,5,7,4.0
SOD1,CHEMBL4583678,-6.4,O=C(N/N=C/c1ccc(Cl)cc1)c1nc(-c2cc3ccccc3oc2=O)cs1,409.9,84.6,4.33,1,6,4,5.0
SOD1,CHEMBL4583732,-6.4,CC(C)C(=O)c1c(O)c2c(c3c1OC(C)(C)C=C3)OC(C)(C)[C@H](O)[C@@H]2O,362.4,96.2,2.98,3,6,2,4.0
SOD1,CHEMBL4584909,-6.4,CCc1cccc(NC(=O)CSc2nnc3c(=O)n(-c4ccccc4)ccn23)c1,405.5,81.3,3.17,1,5,6,5.0
SOD1,CHEMBL4584911,-6.4,NC(=O)c1cnc2c(F)cc(-c3cccnc3)cc2c1NC1CCOCC1,366.4,90.1,3.13,2,5,4,4.0
SOD1,CHEMBL4585441,-6.4,Cc1cc(CNC(=O)c2cc(Cn3ccn(C)c3=N)cc(-c3ccc(F)cc3C)c2)ccc1F,460.5,62.8,4.85,2,2,6,4.0
SOD1,CHEMBL460540,-6.4,CN1CCN(C(=O)c2nc(-c3nnc(Cc4ccc(F)cc4)o3)c(O)c3ncccc23)CC1,448.5,108.5,2.5,1,8,4,4.0
SOD1,CHEMBL4634998,-6.4,Cc1nn(Cc2ccc(Cl)cc2)c2c1C1(CC(=O)N2)C(=O)Nc2ccc(Cl)cc21,427.3,76.0,4.13,2,3,2,5.0
SOD1,CHEMBL4635586,-6.4,NC(=O)c1ccc(-c2cc(NC(=O)c3ccc(C(F)(F)F)cc3)cc(C(=O)O)c2)cc1,428.4,109.5,4.42,3,3,5,4.0
SOD1,CHEMBL4636148,-6.4,CN1CCc2cccc3c2C1Cc1ccc(NC(N)=O)cc1-3,293.4,58.4,2.93,2,2,1,5.0
SOD1,CHEMBL4636191,-6.4,CC12CC3CC(C(=O)NCC4CCNCC4)(C1)CC(c1ccccc1)(C3)C2,366.5,41.1,4.03,2,2,4,5.0
SOD1,CHEMBL4637022,-6.4,CS(=O)(=O)c1sc(-c2ccc(C#N)c(F)c2)c2c1[C@H](O)C(F)(F)C2,373.4,78.2,3.05,1,5,2,5.0
SOD1,CHEMBL4637161,-6.4,CC1=C2[C@@H](OC1=O)C(=O)[C@@H]1[C@@](O)(CCC3C(C)(C)CCC[C@]31C)[C@H]2O,348.4,83.8,2.15,2,5,0,5.0
SOD1,CHEMBL4637464,-6.4,CN(C)c1cc(-c2cc3c4c(n[nH]c4c2)Nc2ccccc2O3)nc(N)n1,359.4,105.0,3.52,3,7,2,4.0
SOD1,CHEMBL4638594,-6.4,Cn1nc(-c2cccnc2)c2c1NC(=O)C[C@@H]2c1ccc2cccc(O)c2n1,371.4,92.9,3.21,2,5,2,4.0
SOD1,CHEMBL4638693,-6.4,O=C(Cc1ccccc1)N1CC[C@]23c4c5ccc(O)c4O[C@H]2c2[nH]c4ccccc4c2C[C@@]3(O)[C@H]1C5,478.5,85.8,3.93,3,4,2,4.0
SOD1,CHEMBL4639429,-6.4,Oc1nc2nonc2nc1Nc1cccc(OCc2ccc(C(F)(F)F)cc2)c1,403.3,106.2,4.06,2,8,5,4.0
SOD1,CHEMBL4639444,-6.4,O=C(NCc1ccc(Cl)cc1)c1ncc2ccccc2c1O,312.8,62.2,3.52,2,3,3,5.0
SOD1,CHEMBL4639530,-6.4,O=C(c1cc2ccc(C(F)(F)F)cc2s1)N1CC(N2CC(N3Cc4ccccc4C3=O)C2)C1,471.5,43.9,4.08,0,4,3,4.0
SOD1,CHEMBL4639606,-6.4,Cc1[nH]nc2[nH]c(=O)cc([C@H]3CC[C@H](CC(=O)N4CCC(c5ccccc5)C4)CC3)c12,418.5,81.8,4.24,2,3,4,5.0
SOD1,CHEMBL4639751,-6.4,OC1c2ccccc2C(O)c2c1nnn2-c1cc(F)c(-c2ccccc2F)c(F)c1,409.4,71.2,3.83,2,4,2,5.0
SOD1,CHEMBL497690,-6.4,O=c1c(/C=C(/c2ccc([N+](=O)[O-])cc2)c2nnn[nH]2)coc2ccc(Cl)cc12,395.8,127.8,3.46,1,7,4,4.0
SOD1,CHEMBL497786,-6.4,CC(=O)Nc1ccc2[nH]c(N3CCC4(CC3)OC(=O)c3ccccc34)nc2c1,376.4,87.3,3.19,2,5,2,5.0
SOD1,CHEMBL498396,-6.4,O=C1OC2(CCN(c3nc4c(F)cccc4[nH]3)CC2)c2ccccc21,337.4,58.2,3.37,1,4,1,5.0
SOD1,CHEMBL498449,-6.4,CC(=O)OC[C@]12CCCC(C)(C)[C@@H]1CC[C@]1(C)[C@@H]2C[C@@H](O)[C@]2(C)[C@@H]3C(=CC[C@@H]12)[C@H](C)O[C@H]3O,460.7,76.0,4.85,2,5,2,4.0
SOD1,CHEMBL501714,-6.4,CC1=C2C[C@H]3[C@@H](CC(=O)[C@H]4C[C@@H](O)CC[C@@]43C)[C@@H]2CC[C@@H]1[C@@H](C)[C@@H]1[C@H](O)C[C@@H](C)CN1C,443.7,60.8,4.44,2,4,2,5.0
SOD1,CHEMBL504267,-6.4,Cc1nc2[nH]c(-c3ccnc(/C=C/c4ccccc4)c3)cc2c(=O)[nH]1,328.4,74.4,3.79,2,3,3,5.0
SOD1,CHEMBL505011,-6.4,CN1CC[C@]23c4c5ccc(C(N)=O)c4O[C@H]2[C@@H](O)C=C[C@H]3[C@H]1C5,312.4,75.8,0.59,2,4,1,5.0
SOD1,CHEMBL507348,-6.4,O=c1[nH]cnc2[nH]c(-c3ccnc(/C=C/c4ccccc4)c3)cc12,314.3,74.4,3.48,2,3,3,5.0
SOD1,CHEMBL508592,-6.4,O=C(NCc1ccc(Cl)cc1)c1cnc2c(F)cccc2c1O,330.7,62.2,3.66,2,3,3,5.0
SOD1,CHEMBL510364,-6.4,COc1cc2c(cc1OCc1ccccc1)C(Cc1ccc(O)cc1)NCC2,375.5,50.7,4.41,2,4,6,5.0
SOD1,CHEMBL511214,-6.4,O=C(NNC(=S)Nc1ccc(F)cc1)c1nc(-c2cccc3ccccc23)no1,407.4,92.1,3.66,3,5,3,4.0
SOD1,CHEMBL511923,-6.4,O=c1c2ccccc2oc2cc(OCCCN3CCN(c4cccc(Cl)c4)CC3)cc(O)c12,464.9,66.2,4.9,1,6,6,4.0
SOD1,CHEMBL512187,-6.4,C[C@@]12CCC(=O)c3coc(c31)C(=O)c1cc3c(O)ccc(O)c3cc12,334.3,87.7,3.67,2,5,0,5.0
SOD1,CHEMBL512191,-6.4,Cc1ccc(/C=C2\CN(C)C[C@@]3(C2=O)[C@@H](c2ccc(C)cc2)CN(C)[C@@]32C(=O)Nc3ccccc32)cc1,491.6,52.7,4.76,1,4,2,4.0
SOD1,CHEMBL512239,-6.4,CN1C/C(=C\c2ccccc2)C(=O)[C@]2(C1)[C@@H](c1ccccc1)[C@@H]1CCCN1[C@@]21C(=O)Nc2ccccc21,489.6,52.7,4.68,1,4,2,4.0
SOD1,CHEMBL512326,-6.4,Cc1ccc(C(=O)Nc2cccc(-c3nc4ccccc4[nH]3)c2)cc1,327.4,57.8,4.79,2,2,3,5.0
SOD1,CHEMBL512544,-6.4,COc1cc2c(c3c1c(=O)c1cc4ccccc4cc1n3C)C[C@H]([C@]1(C)COC(=O)O1)O2,431.4,76.0,4.08,0,6,2,5.0
SOD1,CHEMBL512905,-6.4,C[C@@]12CCC[C@]3(C)c4cc5c(O)ccc(O)c5cc4C(=O)[C@](O)(OC1)[C@H]23,354.4,87.0,3.23,3,5,0,5.0
SOD1,CHEMBL513759,-6.4,CC1(C)C(c2cccc(C(F)(F)F)c2)=C(c2nc3c(C(N)=O)cccc3[nH]2)C(C)(C)N1O,444.5,95.2,4.85,3,4,3,4.0
SOD1,CHEMBL513993,-6.4,O=C(c1ccc(-c2ccccc2)cc1)N1CCN(c2nc3ccccc3[nH]2)CC1,382.5,52.2,4.19,1,3,3,5.0
SOD1,CHEMBL515219,-6.4,CN(C)c1ccc(C2=Nn3c(Cc4c[nH]c5ccccc45)nnc3SC2)cc1,388.5,62.1,3.77,1,5,4,5.0
SOD1,CHEMBL515733,-6.4,CN1C/C(=C\c2ccccc2)C(=O)[C@]2(C1)[C@@H](c1ccccc1)CN(C)[C@@]21C(=O)Nc2ccccc21,463.6,52.7,4.15,1,4,2,4.0
SOD1,CHEMBL515897,-6.4,O=C(N/N=C/c1ccc(F)cc1)Nc1nc2c(ccc3ccccc32)s1,364.4,66.4,4.74,2,4,3,5.0
SOD1,CHEMBL516230,-6.4,C[C@](N)(CO)C(=O)Nc1ccc(OCCc2cccc(-c3ccccc3)c2)cc1,390.5,84.6,3.62,3,4,8,5.0
SOD1,CHEMBL516745,-6.4,Cc1ccc(CSc2nc(Cc3c(F)cccc3F)c(C)c(=O)[nH]2)c(C)c1,386.5,45.8,4.86,1,3,5,5.0
SOD1,CHEMBL517404,-6.4,N#Cc1ccc(Nc2nc(N)nc(Oc3ccc4ccccc4c3Br)n2)cc1,433.3,109.7,4.78,2,7,4,4.0
SOD1,CHEMBL517591,-6.4,N#Cc1ccc(Nc2nc(N)nc(Oc3ccc4cc(Br)ccc4c3)n2)cc1,433.3,109.7,4.78,2,7,4,4.0
SOD1,CHEMBL517723,-6.4,CNC(=O)c1cccc(Sc2ccc(NC(=O)NC(=O)c3ccccc3)cc2)c1,405.5,87.3,4.16,3,4,5,5.0
SOD1,CHEMBL517891,-6.4,CC(C)Oc1ccc2c(c1)CC(c1nc3ccc(-c4ccnc(N)n4)cc3o1)CO2,402.5,96.3,4.37,1,7,4,4.0
SOD1,CHEMBL518017,-6.4,O=S(=O)(c1ccc(C(F)(F)F)cc1)c1cccc2oc(N3CCNCC3)nc12,411.4,75.4,3.09,1,6,3,5.0
SOD1,CHEMBL518324,-6.4,N[C@@H](Cc1ccc(-c2cnc(NCc3ccc4ccccc4c3)cn2)cc1)C(=O)O,398.5,101.1,3.86,3,5,7,4.0
SOD1,CHEMBL518421,-6.4,COc1cc(C[C@H]2CO[C@H](c3ccc(O)c(OC)c3)[C@H]2CO)ccc1O,360.4,88.4,2.65,3,6,6,5.0
SOD1,CHEMBL519101,-6.4,O=C(Nc1ccc(-c2cn[nH]c2)cc1F)C1COc2ccccc2C1,337.4,67.0,3.41,2,3,3,5.0
SOD1,CHEMBL519242,-6.4,COc1ccc2c(c1)[nH]c(=O)n2CC(=O)Nc1ccc2c(c1)C[C@]1(C2)C(=O)NC(=O)N1C,435.4,125.5,1.0,3,5,4,4.0
SOD1,CHEMBL520021,-6.4,N[C@@H](Cc1c[nH]cn1)C(=O)N1Cc2ccccc2C[C@H]1C(=O)O,314.3,112.3,0.32,3,4,4,4.0
SOD1,CHEMBL520632,-6.4,COc1cc(Nc2cncc(Oc3ccc4c(c3)/C(=N/O)CC4)n2)cc(OC)c1OC,422.4,107.3,4.16,2,9,7,4.0
SOD1,CHEMBL520745,-6.4,NC(=O)c1cccc2[nH]c(C3(N)CCc4ccccc4C3)nc12,306.4,97.8,2.0,3,3,2,4.0
SOD1,CHEMBL520872,-6.4,Oc1ccc2c3c1O[C@H]1c4c(c5cc(F)cc6c5n4CCC6)C[C@@]4(O)[C@@H](C2)N(CC2CC2)CC[C@]314,472.6,57.9,4.13,2,4,2,4.0
SOD1,CHEMBL520905,-6.4,CN1C(=O)NC(=O)[C@]12Cc1ccc(NC(=O)Cn3c(=O)[nH]c4ccc(F)cc43)cc1C2,423.4,116.3,1.13,3,4,3,4.0
SOD1,CHEMBL521006,-6.4,Cc1ccc(CN2CCC(C(=O)Nc3ccc4c(c3)CCc3nnc(C)n3-4)CC2)cc1,415.5,63.1,3.83,1,4,4,5.0
SOD1,CHEMBL521491,-6.4,N=C(N)NS(=O)(=O)c1ccc(N2C(=O)c3ccccc3C2=O)cc1,344.4,133.4,0.66,3,5,3,4.0
SOD1,CHEMBL521703,-6.4,CC1(C)CC[C@@]2(CC[C@H]3[C@@H]4CCc5cc(C(N)=O)ccc5[C@H]4CC[C@@]32C)OC1=O,395.5,69.4,4.74,1,3,1,5.0
SOD1,CHEMBL521719,-6.4,O=C(NO)[C@H]1CC2(CC[C@@H]1C(=O)N1CCN(c3ccccc3)CC1)CC2,357.5,72.9,2.04,2,4,3,5.0
SOD1,CHEMBL521720,-6.4,N#Cc1ccc2[nH]c(N3CCC4(CC3)OC(=O)c3ccccc34)nc2c1,344.4,82.0,3.1,1,5,1,5.0
SOD1,CHEMBL522281,-6.4,Cc1c(C(=O)NCCOc2ccc(F)cc2)cnc2c(-c3ccc(C(C)C)cc3)cnn12,432.5,68.5,4.78,1,4,7,5.0
SOD1,CHEMBL522438,-6.4,CN1CCC2(CC1)CCN(C(=O)CCNC(=O)c1nc3ccccc3n1Cc1ccccc1)CC2,473.6,70.5,3.54,1,4,6,4.0
SOD1,CHEMBL522575,-6.4,Cc1ccc(NC(=O)c2cccc(S(=O)(=O)n3ccc4ccc(C)cc43)c2)c(C(=O)O)c1,448.5,105.5,4.45,2,4,5,4.0
SOD1,CHEMBL522649,-6.4,O=C(CCc1ccc2cc(O)ccc2c1)Nc1ccccc1C(=O)O,335.4,86.6,3.81,3,3,5,5.0
SOD1,CHEMBL523723,-6.4,CC(C)CN1CCN([C@H]2C[C@@]3(C)[C@@H](CC[C@@H]4[C@@H]3CC[C@]3(C)[C@@H](O)CC[C@@H]43)C[C@@H]2O)CC1,432.7,46.9,4.0,2,4,3,5.0
SOD1,CHEMBL524909,-6.4,N#Cc1ccc2cc1Oc1cccc(c1)CN1CC[C@H](NCc3cncn3C2)C1=O,399.5,83.2,2.8,1,5,0,5.0
SOD1,CHEMBL524988,-6.4,O=C1OC2(CCN(c3nc4c(-c5ccccc5)cccc4[nH]3)CC2)c2ccccc21,395.5,58.2,4.9,1,4,2,5.0
SOD1,CHEMBL526269,-6.4,O=C(O)c1cn(CCO)c2ccc(-c3ccncc3)cc2c1=O,310.3,92.4,1.75,2,4,4,4.0
SOD1,CHEMBL526466,-6.4,N#Cc1ccc2cc1Oc1ccc3c(c1)[C@@H](CC3)N1CC[C@@H](NCc3cncn3C2)C1=O,425.5,83.2,3.29,1,5,0,5.0
SOD1,CHEMBL526655,-6.4,CN(C)C(=N)c1ccn2c(-c3ccnc(N)n3)c(-c3ccc(F)cc3)nc2c1,375.4,96.2,3.07,2,5,3,4.0
SOD1,CHEMBL526897,-6.4,O=C(NNc1ccccc1)c1cc2ccc(OCc3ccccc3)cc2oc1=O,386.4,80.6,4.13,2,5,6,5.0
SOD1,CHEMBL526991,-6.4,O=C(NCCNc1ccnc(NCc2ccc(F)cc2)n1)c1cc2ccccc2s1,421.5,78.9,4.28,3,6,8,5.0
SOD1,CHEMBL527370,-6.4,CN1CCN(c2cc(NC(=O)c3ccc(-c4ccc(C#N)cc4)cc3)ccc2Cl)CC1,430.9,59.4,4.88,1,4,4,5.0
SOD1,CHEMBL527492,-6.4,CCc1c(C)c2ccc3c(c2oc1=O)CN(CCc1ccc(F)cc1)CO3,367.4,42.7,4.2,0,4,4,5.0
SOD1,CHEMBL527547,-6.4,CN(Cc1ccccc1)C1CCCN(c2cc(NC(=O)c3ccc(F)cc3)ccn2)C1,418.5,48.5,4.57,1,4,6,5.0
SOD1,CHEMBL527851,-6.4,COc1ccc2nccc([C@@H](O)CN3CCC(NCc4cc5cccc6c5n(c4=O)CCC6)CC3)c2c1,498.6,79.6,3.79,2,6,7,4.0
SOD1,CHEMBL550991,-6.4,Cc1ccc(C(=O)N[C@H](C)c2ccc3ccccc3c2)cc1,289.4,29.1,4.64,1,1,3,4.0
SOD1,CHEMBL558482,-6.4,CC1(C)C=Cc2cc(C3CC(=O)c4ccc(O)cc4O3)ccc2O1,322.4,55.8,4.28,1,4,1,5.0
SOD1,CHEMBL559399,-6.4,Cn1c(N2CCCC2)nc2c(CN3CCN(c4ccc(F)cc4)CC3)c[nH]c2c1=O,410.5,60.4,2.32,1,5,4,5.0
SOD1,CHEMBL559433,-6.4,O=C(Cc1ccc2ccccc2c1)NCCc1ccc(O)cc1,305.4,49.3,3.45,2,2,5,5.0
SOD1,CHEMBL559605,-6.4,CC(C)(C)c1ccc(Cn2cc(-c3cn([C@H]4C[C@H](O)[C@@H](CO)O4)c(=O)[nH]c3=O)nn2)cc1,441.5,135.3,0.78,3,7,5,4.0
SOD1,CHEMBL559897,-6.4,N=C(N)c1ccc2cc(-c3ccc(N)cc3)ccc2c1,261.3,75.9,3.37,3,2,2,5.0
SOD1,CHEMBL559947,-6.4,O=C(CCC(c1c[nH]c2ccccc12)c1c[nH]c2ccccc12)NO,333.4,80.9,4.07,4,2,5,4.0
SOD1,CHEMBL560765,-6.4,O=C1c2ccc(NCCO)c3cccc(c23)CN1c1cccc(Br)c1,397.3,52.6,4.17,2,3,4,5.0
SOD1,CHEMBL561061,-6.4,Cc1ccc(CN)cc1C(=O)N[C@H](C)c1cccc2ccccc12,318.4,55.1,4.1,2,2,4,5.0
SOD1,CHEMBL561437,-6.4,NCCn1cc(C(=O)O)c(=O)c2cc(Cc3cccc(Cl)c3Cl)ccc21,391.3,85.3,3.56,2,3,5,5.0
SOD1,CHEMBL561880,-6.4,Cc1cc(N/N=C/c2ccnc3ccccc23)c2cc3c(cc2n1)OCO3,356.4,68.6,4.27,1,6,3,5.0
SOD1,CHEMBL562034,-6.4,C[C@H](C(=O)NCCc1ccc(O)cc1)c1cccc(C(=O)c2ccccc2)c1,373.5,66.4,4.09,2,3,7,5.0
SOD1,CHEMBL562426,-6.4,C=C1C(=O)[C@@]23[C@H](O)C[C@@H]4C(C)(C)CCC[C@@]4(C)[C@@H]2C(=O)[C@H](O)[C@@H]1[C@H]3O,348.4,94.8,1.25,3,5,0,4.0
SOD1,CHEMBL562467,-6.4,N[C@@H](CC(=O)N1CCC[C@H]1CNc1ccc(C(F)(F)F)nc1)Cc1cc(F)c(F)cc1F,460.4,71.2,3.88,2,4,7,4.0
SOD1,CHEMBL563500,-6.4,CCc1nn(-c2ccc(C(N)=O)c(N[C@H]3CC[C@H](O)CC3)c2)c2c1C(=O)CC(C)(C)C2,424.5,110.2,3.4,3,5,5,4.0
SOD1,CHEMBL563745,-6.4,Cc1cc(Cl)cc(-c2cc3cc(C(=N)N)ccc3[nH]2)c1,283.8,65.7,4.08,3,1,2,5.0
SOD1,CHEMBL563770,-6.4,O=C(CN1CCN(Cc2ccc(F)cc2)CC1)Nc1ccc2c(c1)OCC(=O)N2,398.4,73.9,1.91,2,5,5,5.0
SOD1,CHEMBL564411,-6.4,Cn1cc(C2(c3cn(C)c4ccccc34)C(=O)Nc3ccccc32)c2ccccc21,391.5,39.0,4.96,1,1,2,4.0
SOD1,CHEMBL565447,-6.4,O=C(Nc1ccc(Cl)cc1)c1c2c(c3n1CCC3)c(=O)nc1n2C(=O)c2ccccc2-1,430.9,86.0,3.72,1,4,2,5.0
SOD1,CHEMBL565544,-6.4,CN(Cc1nc2cccc(N3CCN(C(=O)OC(C)(C)C)CC3)c2[nH]1)C1CCCc2cccnc21,476.6,77.6,4.52,1,6,4,4.0
SOD1,CHEMBL566345,-6.4,O=C(NOC1CCCCO1)c1ccc2[nH]c(=O)c(CCCc3ccccc3)nc2c1,407.5,93.3,3.29,2,5,7,4.0
SOD1,CHEMBL566415,-6.4,CN1C(=O)C(c2cccc(-c3cccnc3)c2)(c2ccc3c(c2)OCO3)N=C1N,386.4,90.0,2.51,1,6,3,4.0
SOD1,CHEMBL566486,-6.4,O=C(Nc1cccc2ccc(O)cc12)C(=O)c1c[nH]c2ccccc12,330.3,82.2,3.85,3,3,3,5.0
SOD1,CHEMBL566540,-6.4,Nc1ncnc2c1ccn2-c1ccc(NC(=O)c2ccc(Cl)c(C(F)(F)F)c2)cc1,431.8,85.8,4.93,2,4,3,5.0
SOD1,CHEMBL567845,-6.4,NC(=O)c1ccccc1NS(=O)(=O)c1cccc(-c2cnn(Cc3ccccc3)c2)c1,432.5,107.1,3.5,2,4,7,4.0
SOD1,CHEMBL9250,-6.4,O=C1c2ccccc2CCCN1CCN1CCC(n2c(=O)oc3cc(F)ccc32)CC1,423.5,58.7,3.46,0,4,4,5.0
SOD1,CHEMBL9521,-6.4,OCCC12NC(O)(Cc3ccccc31)C1CCCCC12,273.4,52.5,1.92,3,3,2,5.0
SOD1,CHEMBL9671,-6.4,CNC1=Nc2ccc(N(C)Cc3ccc(S(=O)(=O)N4CCOCC4)cc3)c3c(C)ccc1c23,464.6,74.2,3.42,1,6,5,4.0
SOD1,DUVELISIB,-6.4,C[C@H](Nc1ncnc2nc[nH]c12)c1cc2cccc(Cl)c2c(=O)n1-c1ccccc1,416.9,88.5,4.48,2,5,4,5.0
SOD1,GLIPIZIDE,-6.4,Cc1cnc(C(=O)NCCc2ccc(S(=O)(=O)NC(=O)NC3CCCCC3)cc2)cn1,445.5,130.1,2.08,3,6,7,4.0
SOD1,OXYPHENISATINE,-6.4,O=C1Nc2ccccc2C1(c1ccc(O)cc1)c1ccc(O)cc1,317.3,69.6,3.38,3,3,2,5.0
SOD1,SELINEXOR,-6.4,O=C(/C=C\n1cnc(-c2cc(C(F)(F)F)cc(C(F)(F)F)c2)n1)NNc1cnccn1,443.3,97.6,3.39,2,6,5,4.0
SOD1,VILAZODONE,-6.4,N#Cc1ccc2[nH]cc(CCCCN3CCN(c4ccc5oc(C(N)=O)cc5c4)CC3)c2c1,441.5,102.3,4.03,2,5,7,4.0
SOD1,CANRENONE,-6.3,C[C@]12CCC(=O)C=C1C=C[C@@H]1[C@@H]2CC[C@@]2(C)[C@H]1CC[C@@]21CCC(=O)O1,340.5,43.4,4.37,0,3,0,5.0
SOD1,CHEMBL10295,-6.3,NC[C@@H](NC(=O)c1cc(-c2ccccc2)nc2ccccc12)c1ccccc1,367.5,68.0,4.33,2,3,5,5.0
SOD1,CHEMBL1096286,-6.3,O=C(/C=C/c1cccc([N+](=O)[O-])c1)c1ccc2ccccc2c1,303.3,60.2,4.64,0,3,4,5.0
SOD1,CHEMBL11521,-6.3,O=C(O)c1cc(Br)cc2c(=O)cc(-c3ccc4ccccc4n3)oc12,396.2,80.4,4.47,1,4,2,5.0
SOD1,CHEMBL11533,-6.3,O=C(/C=C/c1cccc(OCc2ccc3ccccc3n2)c1)c1cc(-c2nn[nH]n2)ccc1O,449.5,113.9,4.6,2,7,7,4.0
SOD1,CHEMBL1163505,-6.3,CN1CCN(c2ccc(-c3cnc4c(c3)N(S(=O)(=O)c3cc(F)ccc3F)CCN4)cn2)CC1,486.5,81.7,2.79,1,7,4,4.0
SOD1,CHEMBL11857,-6.3,Cc1ccc(C#CCC2(S(=O)(=O)c3ccc(C)cc3)SC(=O)NC2=O)cc1,399.5,80.3,3.2,1,5,3,5.0
SOD1,CHEMBL1205929,-6.3,O=C(/C=C/c1c(C(=O)O)[nH]c2cc(Cl)cc(Cl)c12)Nc1ccc(F)cc1,393.2,82.2,4.96,3,2,4,5.0
SOD1,CHEMBL1210515,-6.3,O=C(Cn1nc(C2CCCCC2)cc(Cc2ccco2)c1=O)NC1Cc2ccccc2C1,431.5,77.1,3.76,1,4,6,5.0
SOD1,CHEMBL1210874,-6.3,Cc1ccc(NC(=O)CN2CCN(c3nnc(Cc4ccccc4)c4ccccc34)CC2)c(C)c1,465.6,61.4,4.6,1,5,6,4.0
SOD1,CHEMBL1210979,-6.3,COc1cccc(NC(=O)CSc2nnc3c(n2)[nH]c2ccccc23)c1,365.4,92.8,3.25,2,6,5,4.0
SOD1,CHEMBL1210980,-6.3,O=C(CSc1nnc2c(n1)[nH]c1ccccc12)Nc1cccc(Cl)c1,369.8,83.6,3.89,2,5,4,5.0
SOD1,CHEMBL1242383,-6.3,NC(=O)Cn1nc(-c2ccc3ccccc3c2)c2c(N)ncnc21,318.3,112.7,1.71,2,5,3,4.0
SOD1,CHEMBL1242723,-6.3,O=C(NN1C(=O)[C@@H]2C3C=CC(C4CC43)[C@@H]2C1=O)c1ccc(CNc2cccc(Cl)c2)cc1,447.9,78.5,3.65,2,4,5,5.0
SOD1,CHEMBL1242740,-6.3,CC(C)(C)c1ccc(Nc2ncc([N+](=O)[O-])c(Nc3ccccc3C(N)=O)n2)cc1,406.4,136.1,4.27,3,7,6,4.0
SOD1,CHEMBL1243043,-6.3,O=C(Cc1ccccc1)NC1CCN(CCCN2C(=O)CCc3cc(F)ccc32)CC1,423.5,52.7,3.32,1,3,7,5.0
SOD1,CHEMBL1243298,-6.3,CN1CC[C@@]2(C)c3cc(OC(=O)N4CCc5ccccc5C4)ccc3N(C)[C@@H]12,377.5,36.0,3.61,0,4,1,4.0
SOD1,CHEMBL1243311,-6.3,Nc1ncnc2c(CN3C[C@H](c4ccccc4)[C@@H](O)C3)c[nH]c12,309.4,91.1,1.5,3,5,3,4.0
SOD1,CHEMBL1243340,-6.3,Nc1ncnc2c(CN3C[C@H](c4cn(Cc5ccccc5)nn4)[C@@H](O)C3)c[nH]c12,390.5,121.8,1.14,3,7,5,4.0
SOD1,CHEMBL12638,-6.3,CC12C=CC(=O)C=C1[C@H]1C[C@H]1C1C2CCC2(C)C1CCC21CCC(=O)O1,352.5,43.4,4.23,0,3,0,5.0
SOD1,CHEMBL13876,-6.3,O=[N+]([O-])c1ccc(-c2[nH]ccc3c4ccccc4nc2-3)cc1,289.3,71.8,4.24,1,3,2,5.0
SOD1,CHEMBL14375,-6.3,O=[N+]([O-])c1cccc(-c2[nH]ccc3c4ccccc4nc2-3)c1,289.3,71.8,4.24,1,3,2,5.0
SOD1,CHEMBL1445418,-6.3,Cc1ccc(C)c(N2CCN(C(=O)CCCCn3c(=O)[nH]c4ccccc4c3=O)CC2)c1,434.5,78.4,2.83,1,4,6,5.0
SOD1,CHEMBL1547450,-6.3,COc1ccc(-c2[nH]nc(C)c2-c2cnn(-c3ccccc3)c2)c(O)c1,346.4,76.0,3.95,2,4,4,5.0
SOD1,CHEMBL15744,-6.3,CC1CN(c2cc3c(c(N)c2F)c(=O)c(C(=O)O)cn3-c2ccc(F)cc2F)CCN1,432.4,100.6,2.49,3,5,3,4.0
SOD1,CHEMBL16215,-6.3,COc1ccc(NC(=O)Nc2nc3ccccc3n3c(=O)n(-c4ccccc4)nc23)cc1,426.4,102.5,3.69,2,5,4,4.0
SOD1,CHEMBL16488,-6.3,O=C(Nc1nc2ccccc2n2c(=O)n(-c3ccccc3)nc12)c1ccccc1,381.4,81.3,3.29,1,4,3,5.0
SOD1,CHEMBL1858947,-6.3,CN(Cc1cccnc1)/C(=N\O)c1ccc(Oc2ccc3ccccc3c2)nc1,384.4,70.8,4.69,1,5,5,5.0
SOD1,CHEMBL1859344,-6.3,O/N=C(\NCC1CCCO1)c1ccc(Oc2ccc3ccccc3c2)nc1,363.4,76.0,3.93,2,5,5,5.0
SOD1,CHEMBL1859625,-6.3,O/N=C(\NC1CCc2ccccc21)c1ccc(Oc2c(F)c(F)cc(F)c2F)nc1,417.4,66.7,4.84,2,4,4,5.0
SOD1,CHEMBL1859843,-6.3,Cc1ccc(Oc2nc(C)ccc2/C(N)=N/O)cc1,257.3,80.7,2.59,2,4,3,5.0
SOD1,CHEMBL1859909,-6.3,CC(C)(C)c1ccc(-c2nc(CN3CCN(C(=O)c4ccco4)CC3)co2)cc1,393.5,62.7,4.19,0,5,4,5.0
SOD1,CHEMBL1860551,-6.3,Cc1cc(C)cc(Oc2ccc(/C(=N/O)N3CCN(c4ccc(F)cc4)CC3)cn2)c1,420.5,61.2,4.59,1,5,4,5.0
SOD1,CHEMBL1861121,-6.3,O/N=C(\NC1CCc2ccccc21)c1ccnc(Oc2cccc3cnccc23)c1,396.5,79.6,4.84,2,5,4,5.0
SOD1,CHEMBL1862003,-6.3,Cc1cc(Oc2nc(C)ccc2/C(N)=N/O)cc(C(C)C)c1,299.4,80.7,3.71,2,4,4,5.0
SOD1,CHEMBL1862981,-6.3,Cc1cc(C(=O)NC2CCN(C(c3ccc(C(F)(F)F)cc3)c3cccnc3)CC2)[nH]n1,443.5,73.9,4.12,2,4,5,5.0
SOD1,CHEMBL1863035,-6.3,OC(c1ccc(C(F)(F)F)cc1)(c1cccnc1)c1ccccc1F,347.3,33.1,4.52,1,2,3,4.0
SOD1,CHEMBL1863089,-6.3,Cc1cc(C(=O)N2CCC(NC(c3ccc(C(F)(F)F)cc3)c3cccnc3)CC2)[nH]n1,443.5,73.9,4.12,2,4,5,5.0
SOD1,CHEMBL1863099,-6.3,Cc1n[nH]c(C)c1C(=O)N1CCC(NC(c2ccc(C(F)(F)F)cc2)c2cccnc2)CC1,457.5,73.9,4.42,2,4,5,4.0
SOD1,CHEMBL1863354,-6.3,O=C(Cc1ccccc1)NC1CCN(C(c2ccc(C(F)(F)F)cc2)c2cnccn2)CC1,454.5,58.1,4.41,1,4,6,4.0
SOD1,CHEMBL1863549,-6.3,O=C([C@@H]1CC=C[C@@H]2CCN(C3CCCCC3)C(=O)[C@@H]21)N1CCN(c2ccccc2)CC1,421.6,43.9,3.71,0,3,3,5.0
SOD1,CHEMBL1863708,-6.3,CC1(C(=O)Nc2cccc(C(F)(F)F)c2)Cc2c(-c3ccc4c(c3)OCO4)ccnc2O1,442.4,69.7,4.83,1,5,3,5.0
SOD1,CHEMBL1864356,-6.3,O=S(=O)(NCc1ccc2c(c1)OCO2)c1ccc2oc3ccccc3c2c1,381.4,77.8,3.79,1,5,4,5.0
SOD1,CHEMBL1864711,-6.3,CN1CCN(C(=O)c2ccc3c(=O)n(Cc4ccc5c(c4)OCO5)c(=S)[nH]c3c2)CC1,438.5,79.8,2.22,1,6,3,5.0
SOD1,CHEMBL1865471,-6.3,CC1CC(C)CN(C(=O)c2cccc(N3C(=O)c4ccccc4C3=O)c2)C1,362.4,57.7,3.61,0,3,2,5.0
SOD1,CHEMBL1865930,-6.3,O=C(C=Cc1ccccc1)c1cnc2ccccc2c1O,275.3,50.2,3.84,1,3,3,5.0
SOD1,CHEMBL1866020,-6.3,Cc1ccc(CNC(=O)CN2C(=O)NC3(CC(C)CC(C)(C)C3)C2=O)cc1,371.5,78.5,2.75,2,3,4,5.0
SOD1,CHEMBL1866100,-6.3,Cc1cc(=O)oc2cc(OCC(=O)N3CCC(C(N)=O)CC3)ccc12,344.4,102.8,1.2,1,5,4,4.0
SOD1,CHEMBL1866108,-6.3,O=C(NCc1nnc(O)c2ccccc12)C1CC(=O)N(c2ccccc2)C1,362.4,95.4,2.0,2,5,4,4.0
SOD1,CHEMBL1866230,-6.3,O=C(O)c1ccc(S(=O)(=O)N2CCC3(CC2)CC(=O)c2ccccc2O3)cc1,401.4,101.0,2.57,1,5,3,4.0
SOD1,CHEMBL1911407,-6.3,Cc1ccc(C2(CC(=O)O)C3CC4CC(C3)CC2C4)cc1,284.4,37.3,4.16,1,1,3,4.0
SOD1,CHEMBL19801,-6.3,Cc1nnc2n1-c1ccc(C#CCN3C(=O)c4ccccc4C3=O)cc1C(c1ccccc1F)=NC2,475.5,80.5,3.71,0,5,2,4.0
SOD1,CHEMBL19929,-6.3,CC(C)(C#Cc1ccc2[nH]c(O)nc2c1)N1CCC(Cc2ccc(F)cc2)CC1,391.5,52.1,4.49,2,3,3,5.0
SOD1,CHEMBL20196,-6.3,Cc1nnc2nc(-c3ccccc3F)c3cc(C#CCN4C(=O)c5ccccc5C4=O)ccc3n12,461.5,80.5,4.04,0,5,2,4.0
SOD1,CHEMBL20227,-6.3,CC(C)c1cccc(OCc2cccc(N3C(N)=NC(N)=NC3(C)C)c2)c1,365.5,89.2,3.57,2,6,5,5.0
SOD1,CHEMBL20393,-6.3,CC1(C)N=C(N)N=C(N)N1c1cccc(CNc2ccc(Cl)cc2)c1,356.9,92.0,3.14,3,6,4,4.0
SOD1,CHEMBL20673,-6.3,CN1CCN=C1c1ccc(NC(=O)c2nnnn2-c2cc3ccccc3cc2F)c(F)c1,433.4,88.3,3.04,1,6,4,5.0
SOD1,CHEMBL20884,-6.3,O=C(O)Cc1nn(Cc2nc3cc(C(F)(F)F)c(O)cc3s2)c(=O)c2ccccc12,435.4,105.3,3.41,2,6,4,4.0
SOD1,CHEMBL20926,-6.3,Cc1ccc(NC(=O)c2ccccc2)cc1Nc1nccc(-c2cccnc2)n1,381.4,79.8,4.84,2,5,5,5.0
SOD1,CHEMBL21594,-6.3,CC(=O)Nc1nc2ccnc(-c3cccc(NS(=O)(=O)c4ccc(C)cc4)c3)n2n1,422.5,118.3,2.86,2,6,5,4.0
SOD1,CHEMBL23620,-6.3,O=C(c1ccc2c(c1)c1c3c(cc4c1n2C(=O)CC4)CNCC3)N1CCOCC1,389.5,63.6,2.5,1,4,1,5.0
SOD1,CHEMBL24244,-6.3,O[C@H]1[C@H]2O[C@H]2c2c(ccc3cc4ccc5ccccc5c4cc23)[C@@H]1O,328.4,53.0,3.99,2,3,0,5.0
SOD1,CHEMBL25084,-6.3,Nc1nc(C2CCN(C(=O)CCc3ccccc3)CC2)c2ccccc2n1,360.5,72.1,3.55,1,4,4,5.0
SOD1,CHEMBL25299,-6.3,O[C@H]1C=Cc2c(ccc3cc4ccc5ccccc5c4cc23)[C@@H]1O,312.4,40.5,4.57,2,2,0,5.0
SOD1,CHEMBL28066,-6.3,COC1(c2cc(F)cc(Sc3ccc4c(c3)CC/C4=N\O)c2)CCOCC1,387.5,51.0,4.75,1,5,4,5.0
SOD1,CHEMBL28202,-6.3,CN1Cn2c3ccccc3c3c4c(c5c6ccccc6n(c5c32)C1)C(=O)NC4=O,380.4,59.3,3.65,1,3,0,5.0
SOD1,CHEMBL3309784,-6.3,O=C(NCc1ccccc1)c1cn(Cc2ccccc2)c2ccc(F)cc2c1=O,386.4,51.1,4.12,1,2,5,5.0
SOD1,CHEMBL3309988,-6.3,Nc1nc2c3ccc(F)cc3nc(Cc3ccc4c(c3)OCO4)n2n1,337.3,87.6,2.32,1,6,2,5.0
SOD1,CHEMBL3310003,-6.3,COCCNc1ccc2c(c1)nc(Cc1ccc3c(c1)OCO3)n1nc(N)nc21,392.4,108.8,2.24,2,8,6,4.0
SOD1,CHEMBL3310193,-6.3,c1ccc(-c2cc3nccc(-c4ccc5c(c4)CCCC5)n3n2)cc1,325.4,30.2,4.94,0,2,2,4.0
SOD1,CHEMBL3355155,-6.3,Cc1ccc(NC(=O)c2cccc(-n3cc(NC(=O)N4CCc5ccccc54)cn3)c2)cn1,438.5,92.2,4.42,2,4,4,4.0
SOD1,CHEMBL4434862,-6.3,O=C(O)[C@H]1C2CCC(CC2)[C@@H]1Nc1nc(-c2n[nH]c3ncc(F)cc23)nc2ccsc12,438.5,116.7,4.07,3,7,4,4.0
SOD1,CHEMBL4434887,-6.3,O=C(/C=C/c1ccccc1Oc1nnnn1-c1ccccc1)c1ccccc1,368.4,69.9,4.35,0,5,6,5.0
SOD1,CHEMBL4435533,-6.3,Cc1onc(-c2ccccc2)c1C(=O)Nc1ccc2c(c1)C(=O)CC2,332.4,72.2,4.03,1,4,3,5.0
SOD1,CHEMBL4436488,-6.3,O=C(Nc1cccc(Cl)c1)Nc1cccc(NC(=O)c2ccccn2)c1,366.8,83.1,4.63,3,3,4,5.0
SOD1,CHEMBL4528123,-6.3,CC(=O)C1(c2ccccc2)CCN(C(=O)c2cnn(-c3nn4cccc4c(=O)[nH]3)c2C)CC1,444.5,105.4,2.28,1,5,4,4.0
SOD1,CHEMBL4529649,-6.3,COc1ccc(NC(=O)Cn2nc3cc(C)nc(Nc4cc(C)cc(C)c4)n3c2=O)cc1,432.5,102.5,3.21,2,6,6,4.0
SOD1,CHEMBL4530048,-6.3,COc1ccc(-n2cc(NC(=O)c3cccc(NS(=O)(=O)c4ccccc4)c3)cn2)cc1,448.5,102.3,3.93,2,5,7,4.0
SOD1,CHEMBL4530231,-6.3,c1ccc(C(c2ccccc2)c2nnnn2CCN2CCN(c3ccccn3)CC2)cc1,425.5,63.0,3.07,0,6,7,5.0
SOD1,CHEMBL4530250,-6.3,C/C(=N\NC(N)=S)c1ccc(OCc2ncc(C(F)(F)F)cc2Cl)cc1,402.8,72.5,3.89,2,4,5,5.0
SOD1,CHEMBL4530312,-6.3,NC(=S)c1cccc(-c2cn(C3CCN(S(N)(=O)=O)CC3)c3cc(N)ccc23)c1,429.6,120.4,2.37,3,4,4,4.0
SOD1,CHEMBL4530588,-6.3,O=C(Cn1nc2c3cc(-c4ccc(F)cc4)nn3ccn2c1=O)N1CCN(c2ccccc2F)CC1,489.5,80.1,2.44,0,5,4,4.0
SOD1,CHEMBL4530620,-6.3,Cc1c(C(=O)N2CCC(c3cccnc3Cl)CC2)cnn1-c1nn2cccc2c(=O)[nH]1,437.9,101.2,2.58,1,5,3,4.0
SOD1,CHEMBL4530624,-6.3,N#CN1CCO[C@@H](C(=O)Nc2cc(-c3cccc(-c4cn[nH]c4)c3)ncn2)C1,375.4,119.8,1.65,2,7,4,4.0
SOD1,CHEMBL4531076,-6.3,Cc1cc(O)c(=O)c(O)cc1C(=O)c1ccc2ccccc2c1,306.3,74.6,3.15,2,4,2,5.0
SOD1,CHEMBL4531375,-6.3,c1cc(-c2ccc(CN3CCCCC3)cc2)cc(-c2cn([C@H]3CN4CCC3CC4)nn2)c1,427.6,37.2,4.86,0,4,5,4.0
SOD1,CHEMBL4531632,-6.3,NC(=O)C1=CN(Cc2ccccc2)C=C(C(N)=O)C1c1ccc2ccccc2c1,383.5,89.4,3.18,2,3,5,5.0
SOD1,CHEMBL4532443,-6.3,Fc1ccc2nc(-c3cccc(N4CCc5ccccc5C4)n3)[nH]c2c1,344.4,44.8,4.33,1,3,2,5.0
SOD1,CHEMBL4532451,-6.3,Cc1nccc2c1[nH]c1cc(OCc3cn(C/C=C/c4ccc5c(c4)OCO5)nn3)ccc12,439.5,87.1,4.64,1,6,6,5.0
SOD1,CHEMBL4532488,-6.3,OCc1ccc(-c2ccc3ncc(-c4cccc(CO)c4)n3n2)cc1,331.4,70.7,3.05,2,4,4,5.0
SOD1,CHEMBL4533700,-6.3,O=C(Nc1cnn2cccnc12)[C@@H]1CCCC[C@H]1C(=O)c1ccc(-c2cc[nH]n2)cc1,414.5,105.0,3.75,2,5,5,4.0
SOD1,CHEMBL4533979,-6.3,Cc1ccc(C)c(NC(=O)Cn2nc3cc(C)nc(Nc4ccc(F)cc4)n3c2=O)c1,420.4,93.3,3.34,2,5,5,4.0
SOD1,CHEMBL4534280,-6.3,CC(C)(O)C#Cc1cccc(-c2c[nH]c3cnc(N)nc23)c1,292.3,87.8,2.33,3,4,1,5.0
SOD1,CHEMBL4534281,-6.3,c1ccc(COc2ccc3[nH]nc(-c4ccc(N5CCNCC5)nc4)c3c2)cc1,385.5,66.1,3.61,2,5,5,5.0
SOD1,CHEMBL4560048,-6.3,Cn1c(=O)oc2ccc(S(=O)(=O)Nc3ccc4c(c3)CCCC4)cc21,358.4,81.3,2.81,1,4,3,5.0
SOD1,CHEMBL4562819,-6.3,CN1CCN(c2ccc(-c3cn4c(-c5ccc6c(ccn6C)c5)cnc4cn3)cn2)CC1,423.5,54.5,3.7,0,5,3,5.0
SOD1,CHEMBL4562890,-6.3,C[C@@H]1C(=O)C=C[C@]2(c3ccccc3)c3nc(Nc4ccccc4)ncc3CC[C@@H]12,381.5,54.9,4.84,1,4,3,5.0
SOD1,CHEMBL4564123,-6.3,O=c1cc(N2CCN(c3ccccc3Cl)CC2)c2ccc3ccccc3c2o1,390.9,36.7,4.93,0,4,2,4.0
SOD1,CHEMBL4564493,-6.3,Cc1ccc2c(=O)c3c(oc2c1)N1C[C@@H]2CCCN4CCC[C@@H]([C@H]24)[C@H]1CC3,364.5,36.7,3.73,0,4,0,4.0
SOD1,CHEMBL4564586,-6.3,NC(=O)c1cc(Cl)c2c(Cl)c(C#CC3CC3)n([C@H]3CCCNC3)c2n1,377.3,72.9,3.13,2,3,2,5.0
SOD1,CHEMBL4565154,-6.3,O=C(Cn1nc2c3c4c(sc3ncn2c1=O)CCCC4)N1CCc2ccccc2C1,419.5,72.5,2.57,0,5,2,5.0
SOD1,CHEMBL4566175,-6.3,Cc1nc2ccc(OCc3cn(-c4cccc(Cl)c4)nn3)cc2c(=O)n1-c1ccccc1,443.9,74.8,4.51,0,5,5,5.0
SOD1,CHEMBL4566570,-6.3,O=c1cc(Cn2cc(CSc3nc4ccccc4[nH]3)nn2)c2ccc(Cl)cc2[nH]1,422.9,92.2,3.99,2,5,5,4.0
SOD1,CHEMBL4568448,-6.3,C=C(c1ccc2c(c1)c1ccccc1n2C)c1cn(C)c(=O)n(C)c1=O,345.4,48.9,2.79,0,2,2,5.0
SOD1,CHEMBL4568594,-6.3,Cc1cc(-c2ccc(C(=O)[C@@H]3CCCC[C@H]3C(=O)Nc3cnn(C)c3C(=O)O)cc2)[nH]n1,435.5,130.0,3.44,3,5,6,4.0
SOD1,CHEMBL4568613,-6.3,CC1CCC(N(C)C(=O)C2CCN(S(=O)(=O)c3ccc4c(c3)CCC4)CC2)CC1,418.6,57.7,3.61,0,3,4,5.0
SOD1,CHEMBL4568716,-6.3,COc1ccc(C(=O)Nc2cc(C(=O)O)cc(-c3ccc(C4CCNCC4)cc3)c2)cc1,430.5,87.7,4.78,3,4,6,5.0
SOD1,CHEMBL4570860,-6.3,Cc1cccc(CNC(=O)c2cc(Cn3ccn(C)c3=N)cc(-c3ccc(F)cc3C)c2)c1,442.5,62.8,4.71,2,2,6,5.0
SOD1,CHEMBL4570912,-6.3,CC(=O)Nc1ccc(-c2cnc3ccc(Cc4ccc(F)cc4)nn23)cc1,360.4,59.3,4.08,1,3,4,5.0
SOD1,CHEMBL4571242,-6.3,N#CCOc1ccc(-c2cnc(N)c(-c3ccc4c(c3)CCNC4=O)n2)cc1,371.4,113.9,2.58,2,6,4,4.0
SOD1,CHEMBL4571257,-6.3,O=C(Nc1cccc(Cl)c1)Nc1ccc2nc(Cc3ccccc3)nn2c1,377.8,71.3,4.62,2,3,4,5.0
SOD1,CHEMBL4571829,-6.3,CC(C)c1noc(CC(=O)Nc2ccc(-n3c4c(c5ncnc(N)c53)CCC4)cc2)n1,417.5,124.8,3.18,2,7,5,4.0
SOD1,CHEMBL4571833,-6.3,NC(=O)c1ccc(-c2cc(-c3ccc(-n4ccnc4)cc3)cnc2N)cc1,355.4,99.8,3.28,2,4,4,4.0
SOD1,CHEMBL4571844,-6.3,Cc1nnc2n1CCN(C(=O)c1ccc(/C=C3\Oc4c(C(N)=O)cccc4C3=O)cc1)C2,429.4,120.4,1.96,1,6,3,4.0
SOD1,CHEMBL4572214,-6.3,Cc1ncncc1-c1ccc(C(C(=O)NO)c2ccccc2F)cc1,337.4,75.1,3.23,2,4,4,5.0
SOD1,CHEMBL4572750,-6.3,O=C(Nc1ccccc1-c1nc(=O)c2ccccc2[nH]1)C12CC3CC(CC(C3)C1)C2,399.5,74.8,4.75,2,3,3,5.0
SOD1,CHEMBL4572930,-6.3,CN1CCC(Cn2nc(-c3ccc4cc(OCC5CC5)ccc4c3)c3c(N)ncnc32)CC1,442.6,82.1,4.36,1,6,6,5.0
SOD1,CHEMBL4573337,-6.3,O[C@H]1C[C@@H](c2ccccc2)N2CCc3cc4c(cc3[C@@H]2C1)OCO4,323.4,41.9,3.21,1,4,1,5.0
SOD1,CHEMBL4573390,-6.3,CC1(c2cccc(Cl)c2)CCN(CCc2cnn(-c3nccc4c(=O)[nH]cnc34)c2)CC1,449.0,79.7,3.75,1,5,5,5.0
SOD1,CHEMBL4573391,-6.3,O=c1c(-c2nnc(-c3ccc(Cl)cc3)o2)c[nH]c2ncc(-c3ccccc3)cc12,400.8,84.7,4.96,1,5,3,5.0
SOD1,CHEMBL4573576,-6.3,Cc1c(C(=O)N2CC(c3cccc(F)n3)C2)cnn1-c1nn2cccc2c(=O)[nH]1,393.4,101.2,1.29,1,5,3,4.0
SOD1,CHEMBL4574116,-6.3,Cc1cc(C)cc(NC(=O)Cn2nc3c4cc(-c5ccc(Cl)cc5)nn4ccn3c2=O)c1,446.9,85.7,3.72,1,4,4,5.0
SOD1,CHEMBL4574211,-6.3,Cc1cc2cc(CNc3ccc(-n4cnnn4)cc3)c(=O)[nH]c2cc1C,346.4,88.5,2.73,2,5,4,5.0
SOD1,CHEMBL4575165,-6.3,CCN(C)S(=O)(=O)c1ccc(-c2cnc(N)c(-c3ccc4c(O)nccc4c3)n2)cc1,435.5,122.3,3.29,2,7,5,4.0
SOD1,CHEMBL4575350,-6.3,FC(F)(F)c1ccc(-c2cn(Cc3ccc(-c4cn[nH]c4)cc3)nn2)cc1,369.4,59.4,4.4,1,3,4,5.0
SOD1,CHEMBL4575360,-6.3,O=C(NCC#Cc1cccc(C(F)(F)F)c1)c1[nH]nc2ccccc12,343.3,57.8,3.36,2,2,2,5.0
SOD1,CHEMBL4575516,-6.3,CC1(c2ccccc2)NC(=O)N(NC(=O)c2ccc(-c3ccccc3)cc2)C1=O,385.4,78.5,3.47,2,3,4,5.0
SOD1,CHEMBL4575621,-6.3,CC(=O)NCc1ccc(-c2cc(Cl)cc(C3(C(=N)N)CCC3)c2)cc1,355.9,79.0,4.0,3,2,5,5.0
SOD1,CHEMBL4580709,-6.3,COc1ccc(-c2ccc(CNS(=O)(=O)c3cc4ccccc4[nH]3)cc2)cc1,392.5,71.2,4.32,2,3,6,5.0
SOD1,CHEMBL4580770,-6.3,N#Cc1cc(NS(=O)(=O)c2c[nH]c(C(=O)N3CCCC3)c2)ccc1Cl,378.8,106.1,2.58,2,4,4,4.0
SOD1,CHEMBL4581156,-6.3,Cc1c(C(=O)N2CCC(F)(c3ccccn3)CC2)cnn1-c1nn2cccc2c(=O)[nH]1,421.4,101.2,2.01,1,5,3,4.0
SOD1,CHEMBL4581329,-6.3,O=C1Nc2ccccc2/C1=C/c1ccc(C(F)(F)F)cc1Cl,323.7,29.1,4.85,1,1,1,4.0
SOD1,CHEMBL4581474,-6.3,COc1ncc(N2CCc3ncnc(-c4ccnc(N[C@H]5CC[C@H](O)CC5)c4)c3C2)cc1C,446.6,96.3,3.53,2,8,5,4.0
SOD1,CHEMBL4581618,-6.3,COc1cc(NC(=O)Nc2cc(Nc3ccc(C)c(F)c3)ncn2)cc(OC)c1,397.4,97.4,4.33,3,6,6,4.0
SOD1,CHEMBL4581637,-6.3,Cc1ccc(-c2cccc(Nc3cc(=O)n(O)c(=O)n3C)c2)cc1,323.4,76.3,2.5,2,4,3,5.0
SOD1,CHEMBL4582175,-6.3,O=C(/C=C/c1cccc(NC(=O)C(F)(F)F)c1)c1cc2ccccc2o1,359.3,59.3,4.83,1,3,4,5.0
SOD1,CHEMBL4582218,-6.3,CC(Nc1cccc2c1CCCC2)C(=O)NC(N)=O,261.3,84.2,1.56,3,3,3,5.0
SOD1,CHEMBL4582226,-6.3,COc1ccc(CC(=O)Nc2ccc(-n3c4c(c5ncnc(N)c53)COC4)cc2)cc1C,429.5,104.3,3.53,2,6,5,4.0
SOD1,CHEMBL4582424,-6.3,Cc1ncnc2c1ccn2[C@@H]1O[C@H]([C@H](O)c2ccc(F)c(F)c2)[C@@H](O)[C@H]1O,377.3,100.6,1.37,3,6,3,4.0
SOD1,CHEMBL4582448,-6.3,c1ccc(-c2nc(-c3cccnc3)cc(N3CCc4ccccc4C3)n2)cc1,364.5,41.9,4.77,0,4,3,5.0
SOD1,CHEMBL4582483,-6.3,O=C(CSc1nnc(-c2ccccc2)[nH]1)N1c2ccccc2OCC1c1ccccc1,428.5,71.1,4.73,1,5,5,5.0
SOD1,CHEMBL4583461,-6.3,c1cnc2cc(OCc3ccc4ccccc4n3)ccc2c1,286.3,35.0,4.36,0,3,3,4.0
SOD1,CHEMBL4583682,-6.3,Cc1ccc(-c2ccc3nn(CC(=O)Nc4c(C)cccc4C)c(=O)n3n2)cc1C,401.5,81.3,3.43,1,4,4,5.0
SOD1,CHEMBL4584685,-6.3,Cc1c(C(=O)N2CC3(C2)CC(F)(F)C3)cnn1-c1nc2[nH]ccc2c(=O)[nH]1,374.4,99.7,1.62,2,4,2,4.0
SOD1,CHEMBL4584742,-6.3,COc1cccc(NC(=O)Cn2nc3c4cc(-c5ccc(Cl)cc5)nn4ccn3c2=O)c1,448.9,94.9,3.11,1,5,5,4.0
SOD1,CHEMBL4584771,-6.3,O=C1c2ccccc2C(=O)N1c1ccc(S(=O)(=O)Nc2cccc3ccccc23)cc1,428.5,83.6,4.44,1,4,4,5.0
SOD1,CHEMBL4585490,-6.3,CC(=O)c1cccc(-c2cnc3ccc(-c4cccc(N)c4)nn23)c1,328.4,73.3,3.85,1,4,3,5.0
SOD1,CHEMBL4634704,-6.3,O=C(CC12CCC(C(=O)O)(CC1)C2)N1CCc2c(n(Cc3ccc(F)cc3F)c3ncccc23)C1,479.5,75.4,4.67,1,3,5,4.0
SOD1,CHEMBL4634723,-6.3,c1cn2cc(-c3ccc4cn[nH]c4c3)nc(Nc3ccc(N4C[C@@H]5C[C@H]4CO5)cc3)c2n1,423.5,83.4,3.99,2,6,4,5.0
SOD1,CHEMBL4634844,-6.3,Cc1c(C(=O)N/N=C\c2cccc(F)c2)oc2cccc(O)c12,312.3,74.8,3.35,2,4,3,5.0
SOD1,CHEMBL4635162,-6.3,CN(C)[C@H]1C[C@@]23CC[C@@]4(O2)C(=CC[C@]2(C)[C@@H](c5ccc6cnccc6c5)CC[C@H]24)C=C3[C@@H](O)[C@@H]1O,472.6,65.8,4.35,2,5,2,4.0
SOD1,CHEMBL4635193,-6.3,Cc1cc(-c2ccc3nc(NC(=O)NCc4ccccc4)nn3c2)cc(C)c1O,387.4,91.5,4.04,3,4,4,4.0
SOD1,CHEMBL4635236,-6.3,Cc1ccc(/C=N/NC(=S)Nc2ccc(C(F)(F)F)cc2)cc1,337.4,36.4,4.33,2,2,3,4.0
SOD1,CHEMBL4635243,-6.3,Fc1ccc2c(c1)CCC(c1nnc(-c3cc(F)c(F)c(F)c3F)o1)O2,368.3,48.2,4.5,0,4,2,5.0
SOD1,CHEMBL4635402,-6.3,Fc1ccc2c(c1)CCC(c1nnc(-c3cn(Cc4c(F)cccc4F)nn3)o1)O2,413.4,78.9,3.86,0,6,4,5.0
SOD1,CHEMBL4636035,-6.3,O=S1(=O)CCCN1c1ccc2oc(-c3ccc4ccccc4c3)nc2c1,364.4,63.4,4.19,0,4,2,5.0
SOD1,CHEMBL4636075,-6.3,O=C1NC(=O)C(c2ccccc2)=C1Nc1ccc(C(=O)Nc2ccccc2)cc1,383.4,87.3,3.42,3,4,5,5.0
SOD1,CHEMBL4636263,-6.3,Cc1nnc(N2C[C@H]3CC[C@@H](C2)[C@@H]3Nc2nc3n(n2)CCCC3c2ccc(F)c(F)c2F)o1,459.5,84.9,3.64,1,7,4,4.0
SOD1,CHEMBL4636426,-6.3,Cc1c(C(=O)N/N=C\c2ccccc2F)oc2cccc(O)c12,312.3,74.8,3.35,2,4,3,5.0
SOD1,CHEMBL4636517,-6.3,C[C@@](O)(C#Cc1ccc(N2CCOCC2)c(Nc2ncnc3[nH]ccc23)c1)c1nccs1,446.5,99.2,3.25,3,8,4,4.0
SOD1,CHEMBL4636581,-6.3,CC12CC3CC(C(=O)NC4CC5(CC(N)C5)C4)(C1)CC(c1ccccc1)(C3)C2,378.6,55.1,4.3,2,2,3,5.0
SOD1,CHEMBL4636897,-6.3,C=C1C(=O)[C@@]23C(=O)[C@@H]4OC[C@]5(C=CCC(C)(C)[C@@H]45)[C@@H]2CC[C@@H]1[C@H]3OC(=O)/C=C/c1ccoc1,448.5,82.8,3.93,0,6,3,5.0
SOD1,CHEMBL4637048,-6.3,O=C(c1ccc(F)cc1)c1cccc(/C=c2\[nH]c(=O)/c(=C/c3nc[nH]c3C3CC3)[nH]c2=O)c1,442.5,111.5,1.69,3,4,5,4.0
SOD1,CHEMBL4637079,-6.3,CC1(C)OCCn2c1nc(-c1nc(Cl)c(Cc3ccc(F)cc3)[nH]1)c(O)c2=O,404.8,93.0,2.99,2,5,3,4.0
SOD1,CHEMBL4637170,-6.3,COc1ccc(CCNc2nc(Nc3ccc(N4CCN(C)CC4)cn3)ncc2Cl)cc1,454.0,78.4,3.68,2,8,8,4.0
SOD1,CHEMBL4637354,-6.3,N=c1oc2ccccc2cc1C(=O)Nc1ccc(S(=O)(=O)Nc2ncccn2)cc1,421.4,138.0,2.76,3,7,5,4.0
SOD1,CHEMBL4637374,-6.3,Cc1ncn(C2CCC2)c1-c1nnc([C@@H]2C[C@H](N(C)C(=O)c3cccc(C(F)(F)F)c3)CCO2)[nH]1,488.5,88.9,4.71,1,5,5,4.0
SOD1,CHEMBL4637410,-6.3,O=C1CC2(C(=O)Nc3ccc(Cl)cc32)c2c(C3CC3)nn(Cc3ccc(Cl)cc3)c2N1,453.3,76.0,4.7,2,3,3,4.0
SOD1,CHEMBL4637990,-6.3,COc1cc2[nH]c3cc(Nc4ccc(CN5CCOCC5)cc4)ccc3c(=O)c2cc1Cl,449.9,66.6,4.92,2,5,5,5.0
SOD1,CHEMBL4638009,-6.3,NC(=O)c1nc(-c2ccc(F)cc2)c2ccccc2n1,267.3,68.9,2.53,1,3,2,5.0
SOD1,CHEMBL4638060,-6.3,O=C1NCSC1Cc1ccc(OCCn2nc(-c3ccccc3)c3ccccc3c2=O)cc1,457.6,73.2,3.87,1,5,7,4.0
SOD1,CHEMBL4638423,-6.3,Cc1c(C(=O)N2CC(N3CC(NC(=O)c4ccccc4)C3)C2)sc2ccc(Cl)cc12,440.0,52.7,3.8,1,4,4,5.0
SOD1,CHEMBL4638729,-6.3,C=C1C(=O)[C@@]23C(=O)[C@@H]4OC[C@]5(C=CCC(C)(C)[C@@H]45)[C@@H]2CC[C@@H]1[C@H]3OC(=O)c1ccncc1,433.5,82.6,3.33,0,6,2,5.0
SOD1,CHEMBL4639207,-6.3,Cc1nn(-c2ncccn2)c2ncc(C(=O)c3ccccc3O)cc12,331.3,93.8,2.46,1,6,3,4.0
SOD1,CHEMBL4639285,-6.3,Fc1ccc(/C=N/NC(=S)Nc2ccc(C(F)(F)F)cc2)cc1,341.3,36.4,4.17,2,2,3,4.0
SOD1,CHEMBL4639553,-6.3,Nc1cc(-c2cc3c(=O)n(Cc4cccc(C(F)(F)F)c4)cnc3s2)ccn1,402.4,73.8,4.17,1,5,3,5.0
SOD1,CHEMBL4639704,-6.3,O=S(=O)(c1ccc2c(c1)c(Nc1ccc(F)c(C(F)(F)F)c1)nn2C1CC1)N1CCC(O)CC1,498.5,87.5,4.42,2,5,5,4.0
SOD1,CHEMBL495025,-6.3,N#Cc1ccccc1C(=O)NCc1cccc(-c2cccc(CN3CCNCC3)c2)c1,410.5,68.2,3.56,2,4,6,5.0
SOD1,CHEMBL495180,-6.3,COc1cccc(C(=O)NCc2cccc(-c3cccc(CN4CCNCC4)c3)c2)c1,415.5,53.6,3.7,2,4,7,5.0
SOD1,CHEMBL496867,-6.3,CN1Cc2c(ccc3c2OCO3)[C@@H]2[C@H]1c1cc3c(cc1C[C@@H]2O)OCO3,353.4,60.4,2.33,1,6,0,5.0
SOD1,CHEMBL497105,-6.3,N#Cc1ccc(-c2ccc(S(=O)(=O)Nc3cccc(C4CC4)n3)cc2)cc1,375.5,82.8,4.3,1,4,5,5.0
SOD1,CHEMBL497670,-6.3,O/N=C1\CCc2cc(-c3cn(CC4CCNCC4)nc3-c3ccncc3)ccc21,387.5,75.3,3.74,2,5,4,5.0
SOD1,CHEMBL497839,-6.3,O=C1OC2(CCN(C(=O)Nc3ccc(-c4ccccc4)nn3)CC2)c2ccccc21,400.4,84.4,3.84,1,5,2,5.0
SOD1,CHEMBL498300,-6.3,O=C(/C=C/c1cccc(O)c1)c1cccc(Oc2cccc(O)c2)c1,332.4,66.8,4.79,2,4,5,5.0
SOD1,CHEMBL498305,-6.3,O=C(O)COc1ccc2c(c1)C[C@@H](NC[C@H](O)c1cccc(Cl)c1)CC2,375.9,78.8,2.98,3,4,7,5.0
SOD1,CHEMBL498390,-6.3,Cc1ccc(NC(=O)c2ccnc(N3CCCC3)c2)cc1-c1ccc2cc[nH]c(=O)c2c1,424.5,78.1,4.75,2,4,4,5.0
SOD1,CHEMBL498414,-6.3,CC(C)(CN)c1ccn2c(-c3ccnc(N)n3)c(-c3ccc(F)cc3)nc2c1,376.4,95.1,3.42,2,5,4,4.0
SOD1,CHEMBL498674,-6.3,CN1CCC(n2cc(-c3ccc4c(c3)CC/C4=N\O)c(-c3ccncc3)n2)CC1,387.5,66.5,4.0,1,5,3,5.0
SOD1,CHEMBL498703,-6.3,O=C(O)c1ccc(Oc2ccc3c(c2)C[C@@H](NC[C@H](O)c2cccc(Cl)c2)CC3)nc1,438.9,91.7,4.41,3,5,7,4.0
SOD1,CHEMBL499347,-6.3,NS(=O)(=O)c1ccc(-c2[nH]c3ccccc3c2-c2ccc(F)cc2)cc1,366.4,76.0,4.29,2,2,3,5.0
SOD1,CHEMBL499349,-6.3,NS(=O)(=O)c1ccc(-c2[nH]c3ccc(Cl)cc3c2-c2ccccc2)cc1,382.9,76.0,4.8,2,2,3,5.0
SOD1,CHEMBL499544,-6.3,CN1C[C@@H](c2ccc(F)cc2)[C@@]2(Cc3ccccc3C2=O)[C@@]12C(=O)Nc1ccccc12,412.5,49.4,4.13,1,3,1,5.0
SOD1,CHEMBL499618,-6.3,Nc1cc(Oc2ccc(NC(=O)CC(=O)Nc3ccc(F)cc3)cc2F)ccn1,398.4,106.3,3.7,3,5,6,4.0
SOD1,CHEMBL501719,-6.3,CC(=O)Nc1cccc2c(Oc3cncc(Nc4ccc5c(c4)C(=O)OC5)n3)cccc12,426.4,102.4,4.79,2,7,5,4.0
SOD1,CHEMBL501731,-6.3,CCc1ccc(-c2cc(-c3ccc4[nH]ncc4c3)nc(=O)[nH]2)cc1,316.4,74.4,3.54,2,3,3,5.0
SOD1,CHEMBL502021,-6.3,O=C(NCc1ccccc1)c1cc2ccc(OCc3ccccc3)cc2oc1=O,385.4,68.5,4.3,1,4,6,5.0
SOD1,CHEMBL502531,-6.3,C#Cc1c(Oc2ccc(NC(=O)NC(=O)Cc3ccc(F)cc3)cc2F)ccnc1N,422.4,106.3,3.61,3,5,5,4.0
SOD1,CHEMBL502555,-6.3,Cc1ccc(-c2c(-c3ccc(S(N)(=O)=O)cc3)[nH]c3ccccc23)cc1,362.5,76.0,4.46,2,2,3,5.0
SOD1,CHEMBL502556,-6.3,Cc1ccc(-c2c(-c3ccc(S(N)(=O)=O)cc3)[nH]c3ccccc23)cc1C,376.5,76.0,4.77,2,2,3,5.0
SOD1,CHEMBL504467,-6.3,N#CC1=C(N)OC2=C(C(=O)CC(c3cccs3)C2)C1c1ccc([N+](=O)[O-])cc1,393.4,119.3,3.86,1,7,3,4.0
SOD1,CHEMBL505417,-6.3,Cc1ccc2c(c1O)[C@@]1(C)CC[C@H]3C(C)(C)[C@@H](O)CC[C@]3(C)[C@H]1C2,328.5,40.5,4.73,2,2,0,5.0
SOD1,CHEMBL505866,-6.3,C[C@]12CC(=O)O[C@@](C)(CO)[C@@H]1CC[C@@]1(C)c3cocc3CC[C@H]21,318.4,59.7,3.21,1,4,1,5.0
SOD1,CHEMBL506266,-6.3,O=S1(=O)C=C(OCc2ccccc2)C2(CCc3ccccc3C2)O1,342.4,52.6,3.33,0,4,3,5.0
SOD1,CHEMBL507747,-6.3,Cc1ccc(C(=O)C=C2c3ccccc3C(=O)c3ccccc32)cc1,324.4,34.1,4.85,0,2,2,4.0
SOD1,CHEMBL508494,-6.3,COc1cc2cc(Oc3ccc4ccc(=O)oc4c3)c(=O)oc2cc1O,352.3,99.1,3.41,1,7,3,4.0
SOD1,CHEMBL508922,-6.3,N#CC12c3ccccc3C(c3ccccc31)C1C(=O)NC(=O)C12,300.3,70.0,1.84,1,3,0,5.0
SOD1,CHEMBL509650,-6.3,O=C1OCC(C(O)c2ccc3c(c2)OCO3)C1Cc1ccc2c(c1)OCO2,370.4,83.5,2.21,1,7,4,5.0
SOD1,CHEMBL510325,-6.3,O=C1CN(C(=O)c2nc(-c3nnc(Cc4ccc(F)cc4)o3)c(O)c3ncccc23)CCN1,448.4,134.3,1.69,2,8,4,4.0
SOD1,CHEMBL510545,-6.3,O=C1NCCc2[nH]c(-c3ccnc(/C=C/c4ccccc4)c3)cc21,315.4,57.8,3.53,2,2,3,5.0
SOD1,CHEMBL510668,-6.3,O=C1NC(=O)c2c1c(-c1ccccc1)cc1c2c2cc(O)ccc2n1CCCN1CCOCC1,455.5,83.8,3.77,2,5,5,4.0
SOD1,CHEMBL511318,-6.3,Cc1ccc(C(=O)C2Cc3c(ccc4ccccc34)OC2=O)cc1,316.4,43.4,4.11,0,3,2,5.0
SOD1,CHEMBL511448,-6.3,Cc1cc(C)c(S(=O)(=O)N2CCC(C(=O)NNc3ccccc3)CC2)c(C)c1,401.5,78.5,3.16,2,4,5,5.0
SOD1,CHEMBL511592,-6.3,CN1CCN(c2cnc3cc(C(F)(F)F)cc(-c4ccc5[nH]c(=O)[nH]c5c4)c3n2)CC1,428.4,80.9,3.24,2,5,2,5.0
SOD1,CHEMBL511779,-6.3,C[C@@]1(CO)C[C@]2(C)CC(=O)O[C@H]3OC(=O)[C@@H]4CC[C@@H]1[C@]342,280.3,72.8,1.24,1,5,1,5.0
SOD1,CHEMBL511795,-6.3,NC(=O)c1ccc2c3c1O[C@H]1c4[nH]c5ccccc5c4C[C@@]4(O)[C@@H](C2)N(CC2CC2)CC[C@]314,441.5,91.6,2.97,3,4,3,4.0
SOD1,CHEMBL511812,-6.3,CC[C@@]12C[C@H](O)[C@](O)(c3ccccc3)C[C@H]1CCc1cc(O)ccc12,338.4,60.7,3.64,3,3,2,5.0
SOD1,CHEMBL512012,-6.3,NC(=O)CCn1c2ccc(O)cc2c2c3c(c(-c4ccccc4)cc21)C(=O)NC3=O,399.4,114.4,2.93,3,4,4,4.0
SOD1,CHEMBL512633,-6.3,NC(=O)c1[nH]c2ccc(S(N)(=O)=O)cc2c1-c1ccccc1,315.4,119.0,1.58,3,3,3,4.0
SOD1,CHEMBL512821,-6.3,Oc1cc(O)cc(CCc2ccc(OCc3ccccc3)cc2)c1,320.4,49.7,4.46,2,3,6,5.0
SOD1,CHEMBL513335,-6.3,Cc1ccc(CNC(=O)c2ccc3nc(C)ccc3c2O)cc1,306.4,62.2,3.49,2,3,3,5.0
SOD1,CHEMBL513384,-6.3,CC1=CC(=O)O[C@H]1[C@@]1(C)C[C@H]2OC(=O)[C@H](O)[C@H]3[C@@H](C)[C@@H](O)[C@]4(O)OC[C@@]32[C@@H]14,380.4,122.5,-0.5,3,8,1,4.0
SOD1,CHEMBL513562,-6.3,CNC(=O)c1cc(Oc2ccc3c(c2)nc(Nc2cccc(C(F)(F)F)c2)n3C)ccn1,441.4,81.1,4.88,2,5,5,5.0
SOD1,CHEMBL513764,-6.3,CC1(NC(=O)C[C@H](N)Cc2ccccc2F)CCN(Cc2ccccc2)CC1,383.5,58.4,3.26,2,3,7,5.0
SOD1,CHEMBL513916,-6.3,Cc1oc(-c2ccccc2)nc1COc1ccc([C@H]2CO[C@@](C)(C(=O)O)OC2)cc1,409.4,91.0,4.16,1,6,6,4.0
SOD1,CHEMBL514067,-6.3,CC(=O)Nc1ccc(Cc2noc(CCC(=O)Nc3ccc(C(F)(F)F)cc3)n2)cc1,432.4,97.1,4.21,2,5,7,4.0
SOD1,CHEMBL514661,-6.3,CC1=C(/C=C/C(=O)/C=C/c2ccc(O)c([N+](=O)[O-])c2)C(C)(C)CCC1,341.4,80.4,4.97,1,4,5,5.0
SOD1,CHEMBL515072,-6.3,O=C(COc1ccc2c(=O)cc(-c3ccccc3)oc2c1)Nc1ccc(F)cc1,389.4,68.5,4.62,1,4,5,5.0
SOD1,CHEMBL515208,-6.3,C[C@]12C3=CC[C@@H](c4ccoc4)[C@]3(C)CC[C@@H]1[C@@]1(C)C(=O)C=C[C@@]3(C)CO[C@@H]([C@H]2O)[C@H]13,408.5,59.7,4.66,1,4,1,5.0
SOD1,CHEMBL515338,-6.3,Oc1ccc(-c2cncc(-c3cc4ccccc4[nH]3)c2)cc1,286.3,48.9,4.6,2,2,2,5.0
SOD1,CHEMBL515521,-6.3,C[C@]12C3=CC[C@@H](C4=CCOC4=O)[C@]3(C)CC[C@@H]1[C@@]1(C)C(=O)C=C[C@@]3(C)CO[C@@H]([C@H]2O)[C@H]13,424.5,72.8,3.38,1,5,1,5.0
SOD1,CHEMBL515633,-6.3,CC(=O)c1ccc2[nH]c(C(=O)N3CCN(Cc4ccc(F)cc4)CC3)cc2c1,379.4,56.4,3.47,1,3,4,5.0
SOD1,CHEMBL515655,-6.3,C[C@]12CC[C@@H]3c4ccc(O)cc4CC[C@H]3[C@@H]1CC[C@@]21CCCC(=O)O1,340.5,46.5,4.71,1,3,0,5.0
SOD1,CHEMBL515680,-6.3,COc1ccc(Cc2cc(C3CCN(C(=O)c4ccc5ncoc5c4)CC3)nc(N)n2)cc1,443.5,107.4,3.82,1,7,5,4.0
SOD1,CHEMBL516244,-6.3,COc1ccccc1-c1ccc2c(-c3nc4c(N5CCN(C)CC5)cccc4[nH]3)n[nH]c2c1,438.5,73.1,4.53,2,5,4,5.0
SOD1,CHEMBL516504,-6.3,O=c1[nH]cnc2[nH]c(-c3ccnc(/C=C/c4ccc(F)cc4)c3)cc12,332.3,74.4,3.62,2,3,3,5.0
SOD1,CHEMBL516864,-6.3,O=C1C[C@]23C=CCN4CC[C@H]5c6cc7c(cc6N1[C@@]5(CC2)[C@@H]43)OCO7,336.4,42.0,2.41,0,4,0,5.0
SOD1,CHEMBL516874,-6.3,N#Cc1ccc2cc1Oc1ccc3c(c1)[C@@H](CCO3)N1CC[C@@H](NCc3cncn3C2)C1=O,441.5,92.4,3.12,1,6,0,4.0
SOD1,CHEMBL5169322,-6.3,NS(=O)(=O)c1ccc(NC(=O)c2cc(-c3cccc(Cl)c3)nc3ccccc23)cc1,437.9,102.1,4.45,2,4,4,4.0
SOD1,CHEMBL517614,-6.3,C=C1C(=O)[C@]23[C@H](O)C[C@@H]4C(C)(C)CCC[C@]45CO[C@](O)(C[C@@H]1[C@H]2O)[C@@H]53,348.4,87.0,1.4,3,5,0,5.0
SOD1,CHEMBL517795,-6.3,CC1(C)C=Cc2c(ccc3c2O[C@@H](O)[C@@H]2c4ccc(O)cc4O[C@H]32)O1,338.4,68.2,3.5,2,5,0,5.0
SOD1,CHEMBL519010,-6.3,Cc1ccc2c(OCCCN3CC(COc4ccc5c(c4)NC(=O)CO5)C3)cccc2n1,433.5,72.9,3.65,1,6,8,5.0
SOD1,CHEMBL519111,-6.3,Cc1ccc(-c2ccc(CCn3ncc4c3nc(N)n3nc(-c5ccco5)nc43)cc2)cn1,436.5,113.0,3.93,1,7,5,4.0
SOD1,CHEMBL519651,-6.3,Cc1cc2nc(N3CCC4(CC3)OC(=O)c3ccccc34)[nH]c2cc1C,347.4,58.2,3.85,1,4,1,5.0
SOD1,CHEMBL519795,-6.3,CN1CCN(c2cccc3[nH]c(-c4n[nH]c5cc(-c6ccc(N)c(F)c6)ccc45)nc23)CC1,441.5,89.9,4.25,3,5,3,5.0
SOD1,CHEMBL520067,-6.3,C[C@@H](c1nc(-c2ccc(OC(F)(F)F)cc2)no1)[C@H](N)Cc1cc(F)ccc1F,413.3,74.2,4.59,1,5,6,5.0
SOD1,CHEMBL520192,-6.3,C[C@H]1CC[C@H]([C@@H](C)[C@H]2[C@H](O)C[C@H]3[C@@H]4CC=C5C[C@@H](O)CC[C@]5(C)[C@H]4CC[C@]23C)NC1,415.7,52.5,4.92,3,3,2,5.0
SOD1,CHEMBL520254,-6.3,O=C(CN1CC2CC1CN2Cc1ccc(C(=O)O)cc1)Nc1ccc(Oc2ccccc2)cc1,457.5,82.1,4.07,2,5,8,4.0
SOD1,CHEMBL520304,-6.3,O=C([C@H]1CCCN1C(=O)c1nc2ccccc2n1Cc1ccccc1)N1CCN(c2ccncc2)CC1,494.6,74.6,3.43,0,5,5,4.0
SOD1,CHEMBL520358,-6.3,COc1cc(-c2ccccc2)cc(C(C)C#Cc2c(C)nc(N)nc2N)c1,358.4,87.0,3.78,2,5,3,5.0
SOD1,CHEMBL520826,-6.3,NC[C@]1(c2ccc(-c3ccc(N4C[C@H](Cn5ccnn5)OC4=O)cc3F)cn2)[C@@H]2CNC[C@@H]21,449.5,111.2,1.55,2,7,6,4.0
SOD1,CHEMBL520878,-6.3,C[C@H]1NC(=O)c2[nH]c3ccccc3c2-c2ccccc21,262.3,44.9,3.64,2,1,0,5.0
SOD1,CHEMBL521022,-6.3,Cc1nc2ccccc2c(=O)n1-c1ccc(O[C@H]2CC[C@@H](N3CCCC3)CC2)cc1,403.5,47.4,4.48,0,4,4,5.0
SOD1,CHEMBL521096,-6.3,CCOc1cc2ncc(C(N)=O)c(Nc3ccc(C)cc3F)c2cc1N1CCN(C)CC1,437.5,83.7,3.68,2,6,6,5.0
SOD1,CHEMBL521570,-6.3,N=C(N)N1CCC(C(=O)Nc2cccc(OCc3ccc(F)cc3)c2)CC1,370.4,91.4,2.95,3,3,5,4.0
SOD1,CHEMBL521900,-6.3,N#Cc1ccc(N2CCN(c3nnc(Cc4cccc(Cl)c4)c4ccccc34)CC2)nc1,440.9,68.9,4.47,0,6,4,5.0
SOD1,CHEMBL522224,-6.3,Cc1ccc(NC(=O)c2cccc(S(=O)(=O)n3ccc4cccc(C)c43)c2)c(C(=O)O)c1,448.5,105.5,4.45,2,4,5,4.0
SOD1,CHEMBL522487,-6.3,O=C(c1cc(Cc2n[nH]c(=O)c3ccccc23)ccc1F)N1CCN(C(=O)C2CCCCC2)CC1,476.6,86.4,3.52,1,4,4,4.0
SOD1,CHEMBL522589,-6.3,Cc1nc(-c2ccc3[nH]c([C@H]4CC[C@@]5(CC4)OC(=O)c4ccccc45)nc3c2)no1,400.4,93.9,4.64,1,6,2,4.0
SOD1,CHEMBL522609,-6.3,O=C1O[C@]2(CC[C@H](c3nc4cc(-c5nnco5)ccc4[nH]3)CC2)c2ccccc21,386.4,93.9,4.34,1,6,2,4.0
SOD1,CHEMBL522618,-6.3,C[C@H](Nc1cc2c(-c3ccc4c(c3)OCO4)noc2cn1)c1ccccc1,359.4,69.4,4.79,1,6,4,5.0
SOD1,CHEMBL522752,-6.3,CC/C=C/c1cccc(-c2cc3cn([C@H]4C[C@H](O)[C@@H](CO)O4)c(=O)nc3o2)c1,382.4,97.7,2.72,2,6,5,4.0
SOD1,CHEMBL522846,-6.3,C[C@]12C[C@H](N3CCN(c4ccc(F)cc4)CC3)[C@@H](O)C[C@@H]1CC[C@@H]1[C@@H]2CC[C@]2(C)[C@@H](O)CC[C@@H]12,470.7,46.9,4.69,2,4,2,4.0
SOD1,CHEMBL525358,-6.3,O=C(O)COc1ccc(Oc2ccc3c(c2)C[C@@H](NC[C@H](O)c2cccc(Cl)c2)CC3)cc1,467.9,88.0,4.78,3,5,9,4.0
SOD1,CHEMBL525727,-6.3,Cc1ccc(C(=O)NC2CC2)cc1-c1ccc2c(=O)[nH]c(-c3cccs3)nc2c1,401.5,74.8,4.52,2,4,4,5.0
SOD1,CHEMBL525897,-6.3,O=C(NC(=O)c1c(F)cccc1F)NC1c2ccccc2-c2ccccc21,364.4,58.2,4.17,2,2,2,5.0
SOD1,CHEMBL526061,-6.3,Cc1cc(N2Cc3ccccc3C2)nc(Nc2ccc(S(=O)(=O)N3CCOCC3)cc2)n1,451.6,87.7,3.07,1,7,5,4.0
SOD1,CHEMBL526098,-6.3,Cc1cccc(NS(=O)(=O)c2ccc(-c3ccc(C#N)cc3)cc2)n1,349.4,82.9,3.73,1,4,4,5.0
SOD1,CHEMBL526224,-6.3,Cc1cc(N[C@@H](Cc2ccccc2)C(=O)NC2CCCC2)nc(NCc2ccccc2C)n1,443.6,78.9,4.79,3,5,9,5.0
SOD1,CHEMBL526243,-6.3,N#Cc1ccc(Cn2ccc3c4c(N)nc(N)nc4ccc32)cc1,314.4,106.5,2.67,2,5,2,4.0
SOD1,CHEMBL526687,-6.3,CC1(C)CC[C@@]23CC[C@]4(C)[C@@](OC2=O)([C@@H]3C1)[C@H]1O[C@H]1[C@@H]1[C@@]2(C)CC[C@H](O)C(C)(C)[C@@H]2[C@H](O)C[C@]14C,486.7,79.3,4.87,2,5,0,4.0
SOD1,CHEMBL526775,-6.3,Cc1cc(N2Cc3ccccc3C2)nc(Nc2cccc(C#N)c2)n1,327.4,64.8,3.92,1,5,3,5.0
SOD1,CHEMBL528745,-6.3,Nc1nc(N)c2c(ccc3c2ccn3Cc2ccc(OCc3ccccc3)cc2)n1,395.5,92.0,4.38,2,5,5,4.0
SOD1,CHEMBL554497,-6.3,O=S(=O)(c1cccc2nonc12)n1ccc2ncc(-c3cnn(C4CCNCC4)c3)cc21,449.5,120.7,2.6,1,8,4,4.0
SOD1,CHEMBL557030,-6.3,Cc1ccc(NC(=O)N2CCN(Cc3sc4ccc(F)cc4c3C)CC2)cn1,398.5,48.5,4.4,1,4,3,5.0
SOD1,CHEMBL557080,-6.3,OCCNc1ccc2c3c(cccc13)CN(c1cccc(Br)c1)C2,383.3,35.5,4.53,2,3,4,4.0
SOD1,CHEMBL557971,-6.3,Cc1cccc(CN2C(=O)/C(=N\O)c3ccccc32)c1,266.3,52.9,2.72,1,3,2,5.0
SOD1,CHEMBL558480,-6.3,O=C1C2ON=C(c3cn(-c4ccccc4)nc3-c3ccc(Cl)cc3)C2C(=O)N1c1ccccc1,468.9,76.8,4.49,0,5,4,4.0
SOD1,CHEMBL558845,-6.3,O=C1NCCc2c1ccc1[nH]cc(CCNC(=O)N3CCNCC3)c21,341.4,89.3,0.61,4,3,3,4.0
SOD1,CHEMBL558848,-6.3,Nc1ncc(-c2ccc(O)cc2)nc1-c1ccc(C(F)(F)F)cc1,331.3,72.0,4.12,2,4,2,5.0
SOD1,CHEMBL559234,-6.3,CNCc1ccc(C)c(C(=O)N[C@H](C)c2cccc3ccccc23)c1,332.4,41.1,4.36,2,2,5,5.0
SOD1,CHEMBL559330,-6.3,O=C1c2ccccc2CN1CC#CCN1CCN(c2nsc3ccccc23)CC1,402.5,39.7,3.08,0,5,3,4.0
SOD1,CHEMBL559401,-6.3,Cc1ccc(C(=O)NC2CC2)cc1Nc1cc(=O)n(C)c2c1cnn2-c1ccc(F)cc1F,449.5,81.0,3.95,2,4,5,5.0
SOD1,CHEMBL559537,-6.3,CC1(C)c2nc(C(=O)NCc3ccc(F)cc3)c(O)c(=O)n2CCN1Cc1ccn[nH]1,426.5,116.1,1.49,3,6,5,4.0
SOD1,CHEMBL559935,-6.3,Cn1c(=O)cc(Nc2cc(C(=O)NC3CC3)ccc2F)c2cnn(-c3ccc(F)cc3F)c21,453.4,81.0,3.78,2,4,5,4.0
SOD1,CHEMBL560219,-6.3,O=C(Cc1ccc(Cl)c(C(F)(F)F)c1)Nc1cccc2c(=O)n(CCO)ccc12,424.8,71.3,3.85,2,3,5,5.0
SOD1,CHEMBL561101,-6.3,CC1(C)CCc2cc(C3CC(=O)c4ccc(O)cc4O3)ccc2O1,324.4,55.8,4.2,1,4,1,5.0
SOD1,CHEMBL561130,-6.3,N=C(N)c1ccc2[nH]c(-c3cc(F)cc(Cl)c3)cc2c1,287.7,65.7,3.91,3,1,2,5.0
SOD1,CHEMBL561567,-6.3,O=C(Nc1cccc(-c2ccnc3c(C(=O)O)cnn23)c1)c1cccc(C(F)(F)F)c1,426.4,96.6,4.37,2,4,4,4.0
SOD1,CHEMBL562009,-6.3,Nc1ccc2c(c1)N(Cc1cc(F)cc3c1OCOC3)C(=O)/C2=N\O,343.3,97.4,2.0,2,6,2,4.0
SOD1,CHEMBL562030,-6.3,Cn1nc(C(=O)NCc2ccccc2)c2c1-c1nc(Nc3ccccc3)ncc1CC2,410.5,84.7,3.65,2,5,5,5.0
SOD1,CHEMBL562080,-6.3,O=C(O)c1nc(Cc2c(Br)sc3ccc(Cl)cc23)nc(O)c1O,415.7,103.5,3.81,3,6,3,4.0
SOD1,CHEMBL562512,-6.3,O=C1C[C@@H]2c3ccccc3O[C@H]3c4ccc(O)cc4-c4c(O)cc(O)c1c4[C@H]23,372.4,87.0,4.37,3,5,0,5.0
SOD1,CHEMBL563107,-6.3,O=C(c1ccc(-c2cc3[nH]c(=O)c4ccccc4n3n2)cc1)N1CCN2CCC[C@H]2C1,413.5,73.7,2.76,1,4,2,5.0
SOD1,CHEMBL563326,-6.3,Cc1ccc(C(=O)O)cc1Nc1cc(=O)n(C)c2c1cnn2-c1ccc(F)cc1F,410.4,89.2,3.75,2,4,4,5.0
SOD1,CHEMBL563536,-6.3,O=C(C=C1CCN(C(=O)c2cccc(F)c2)CC1)N[C@@H]1CCN(Cc2ccc3cc(F)ccc3c2)C1,489.6,52.7,4.67,1,3,5,4.0
SOD1,CHEMBL563569,-6.3,O=C(Cc1ccc(Cl)c(C(F)(F)F)c1)Nc1cccc2c(=O)n([C@H]3CCNC3)ccc12,449.9,63.1,4.39,2,3,4,5.0
SOD1,CHEMBL563577,-6.3,Cc1ccc(C(=O)Nc2cccc(C(F)(F)F)c2)cc1Nc1[nH]cnc2ncnc1-2,412.4,95.6,4.63,3,5,4,4.0
SOD1,CHEMBL563612,-6.3,CC[C@@H](Nc1c(Nc2cc(C)cc(C(=O)N(C)C)c2O)c(=O)c1=O)c1ccccc1,407.5,98.7,3.31,3,6,7,4.0
SOD1,CHEMBL563968,-6.3,C=C1[C@@H]2CC[C@H]3[C@]4(C)CCC[C@](C)(CO)[C@@H]4C[C@H](O)[C@]3(C2)[C@@H]1O,320.5,60.7,2.89,3,3,1,5.0
SOD1,CHEMBL563997,-6.3,N=C(N)c1ccc2[nH]c(-c3cc(Cl)cc(Cl)c3)cc2c1,304.2,65.7,4.43,3,1,2,5.0
SOD1,CHEMBL564611,-6.3,O=C1/C(=N\O)c2ccccc2N1Cc1cccc(F)c1,270.3,52.9,2.55,1,3,2,5.0
SOD1,CHEMBL564783,-6.3,O=C1[C@@H]2[C@H](C(=O)N1[C@H]1CC[C@H](C(=O)Nc3cccc4cccnc34)CC1)[C@@H]1C=C[C@H]2C1,415.5,79.4,3.54,1,4,3,5.0
SOD1,CHEMBL565234,-6.3,Cc1ccc2c3c(ccc2n1)OC[C@H](CN1CCN(c2ccc4ccccc4n2)C[C@@H]1C)O3,440.5,50.7,4.44,0,6,3,5.0
SOD1,CHEMBL565255,-6.3,Nc1ncnc2c1ccn2-c1ccc(NC(=O)Nc2ccc(Cl)c(Cl)c2)cc1,413.3,97.9,4.95,3,4,3,4.0
SOD1,CHEMBL565408,-6.3,CN1CCN(C(=O)CN(Cc2ccccc2)Cc2ccc3ccccc3c2)CC1,387.5,26.8,3.62,0,3,6,4.0
SOD1,CHEMBL565790,-6.3,COc1ccc(C2(c3cccc(-c4cccnc4)c3)N=C(N)N(C)C2=O)cc1C1CCCC1,440.5,80.8,4.45,1,5,5,5.0
SOD1,CHEMBL565881,-6.3,NC(=O)c1cccc2[nH]c(-c3ccc(-c4ncc[nH]4)cc3)nc12,303.3,100.5,2.72,3,3,3,4.0
SOD1,CHEMBL565939,-6.3,Cc1cccc2c(C(=O)O)cc(-c3ccc(S(C)(=O)=O)cc3)nc12,341.4,84.3,3.31,1,4,3,5.0
SOD1,CHEMBL566099,-6.3,O=C(NO)c1ccc2[nH]c(=O)c(CCCc3ccccc3)nc2c1,323.4,95.1,2.22,3,4,5,4.0
SOD1,CHEMBL566148,-6.3,O=C(C(=O)N1CCN(C(=O)c2cccc(Cl)c2F)CC1)c1c[nH]c2ccccc12,413.8,73.5,3.13,1,3,3,5.0
SOD1,CHEMBL566395,-6.3,Cc1ccc(CCNc2ncnc3ccc(N)cc23)cc1,278.4,63.8,3.18,2,4,4,5.0
SOD1,CHEMBL566505,-6.3,O=C(Nc1ccc(C(F)(F)F)cc1)C(=O)c1c[nH]c2ccccc12,332.3,62.0,4.01,2,2,3,5.0
SOD1,CHEMBL596211,-6.3,COc1ccc(-c2ccc(Cn3cc(C(=O)O)c(=O)c4cccc(F)c43)cc2)cn1,404.4,81.4,3.96,1,4,5,5.0
SOD1,CHEMBL7735,-6.3,O=C(c1cc2ccccc2[nH]1)c1cc2cc(O)ccc2[nH]1,276.3,68.9,3.59,3,2,2,5.0
SOD1,CHEMBL8208,-6.3,c1ccc2c(CNCc3c[nH]c4ccccc34)cccc2c1,286.4,27.8,4.61,2,1,4,4.0
SOD1,CHEMBL9363,-6.3,O=P(O)(O)C(F)(F)c1ccc(CC(c2ccccc2)n2nnc3ccccc32)cc1,429.4,88.2,4.49,2,3,6,5.0
SOD1,CHEMBL9368,-6.3,CC(C)c1ccc(Sc2ccc(NC3=NCCN3)cc2)cc1,311.5,36.4,4.33,2,4,4,4.0
SOD1,CHEMBL9616,-6.3,O=C(c1ccc(F)cc1)C1CCN(CCN2CCCc3ccccc3C2=O)CC1,394.5,40.6,3.81,0,3,5,5.0
SOD1,CHEMBL9961,-6.3,O=C(NC(CO)c1ccccc1)c1cc(-c2ccccc2)nc2ccccc12,368.4,62.2,4.37,2,3,5,5.0
SOD1,NEBIVOLOL,-6.3,OC(CNCC(O)C1CCc2cc(F)ccc2O1)C1CCc2cc(F)ccc2O1,405.4,71.0,2.36,3,5,6,5.0
SOD1,NIRAPARIB,-6.3,NC(=O)c1cccc2cn(-c3ccc([C@@H]4CCCNC4)cc3)nc12,320.4,72.9,2.59,2,3,3,5.0
SOD1,TALAZOPARIB,-6.3,Cn1ncnc1[C@H]1c2n[nH]c(=O)c3cc(F)cc(c23)N[C@@H]1c1ccc(F)cc1,380.4,88.5,2.63,2,5,2,5.0
SOD1,TEMAFLOXACIN,-6.3,CC1CN(c2cc3c(cc2F)c(=O)c(C(=O)O)cn3-c2ccc(F)cc2F)CCN1,417.4,74.6,2.9,2,4,3,5.0
SOD1,BETAMETHASONE,-6.2,C[C@H]1C[C@H]2[C@@H]3CCC4=CC(=O)C=C[C@]4(C)[C@@]3(F)[C@@H](O)C[C@]2(C)[C@@]1(O)C(=O)CO,392.5,94.8,1.9,3,5,2,4.0
SOD1,CHEMBL1204622,-6.2,O=C1N[C@@H]2C(=C[C@H](O)[C@H]3OP(=O)(O)O[C@H]32)c2cc3c(cc21)OCO3,353.2,123.6,0.17,3,7,0,4.0
SOD1,CHEMBL1205903,-6.2,CC[C@@](O)(C(=O)O)c1cc2n(c(=O)c1CO)Cc1cc3ccccc3nc1-2,366.4,112.7,1.6,3,5,4,4.0
SOD1,CHEMBL1206043,-6.2,O=C(O)c1cc2c(Cl)cc3c(c2c(-c2ccc4c(c2)OCO4)c1CO)OCO3,400.8,94.5,3.81,2,6,3,4.0
SOD1,CHEMBL1206352,-6.2,O=C(O)c1ccc2c(c1)CC(CNS(=O)(=O)c1ccc(Cl)cc1)C2,365.8,83.5,2.73,2,3,5,5.0
SOD1,CHEMBL1207044,-6.2,O=C(O)Cc1ccc2c(c1)CC(CNS(=O)(=O)c1ccccc1)C2,345.4,83.5,2.01,2,3,6,5.0
SOD1,CHEMBL1208600,-6.2,O=C1Nc2ccc(S(=O)(=O)O)cc2/C1=C1/Nc2ccccc2C1=O,342.3,112.6,1.9,3,5,1,4.0
SOD1,CHEMBL1209968,-6.2,N#Cc1cccc(N2C(=O)C3(CCN(C(=O)Nc4cc(F)cc(F)c4)CC3)C2c2ccccn2)c1,473.5,89.3,4.63,1,4,3,4.0
SOD1,CHEMBL1210538,-6.2,N#Cc1cccc(-c2nc3c(NC(=O)c4ccccc4)ncnc3[nH]2)c1,340.3,107.3,3.14,2,5,3,4.0
SOD1,CHEMBL1210547,-6.2,O=C(CN1CCN(c2nnc(Cc3ccncc3)c3ccccc23)CC1)Nc1ccc(F)c(F)c1,474.5,74.2,3.65,1,6,6,4.0
SOD1,CHEMBL1210556,-6.2,Cc1cccc(NC(=O)C2Cc3ccccc3N2C(=O)OC(C)(C)C)c1,352.4,58.6,4.3,1,3,2,5.0
SOD1,CHEMBL1210672,-6.2,Cc1ccc(NC(=O)CN2CCN(c3nnc(Cc4ccncc4)c4ccccc34)CC2)c(C)c1,466.6,74.2,3.99,1,6,6,4.0
SOD1,CHEMBL1210826,-6.2,Cc1cc(C)cc(NC(=O)C2Cc3ccccc3N2C(=O)OC(C)(C)C)c1,366.5,58.6,4.61,1,3,2,5.0
SOD1,CHEMBL1210834,-6.2,O=C(CSc1nnc2c(n1)[nH]c1ccccc12)Nc1ccccc1,335.4,83.6,3.24,2,5,4,5.0
SOD1,CHEMBL1210861,-6.2,CC(C)(C)Nc1nc(N2CCc3ccccc3C2)nc(N2CCc3ccccc3C2)n1,414.6,57.2,4.21,1,6,3,5.0
SOD1,CHEMBL1210981,-6.2,O=C(CSc1nnc2c(n1)[nH]c1ccccc12)Nc1cccc([N+](=O)[O-])c1,380.4,126.7,3.15,2,7,5,4.0
SOD1,CHEMBL1215806,-6.2,O=C(O)c1c(O)c(C2(c3ccccc3)CC2)nc2c3c(ccc12)CCCC3,359.4,70.4,4.6,2,3,3,5.0
SOD1,CHEMBL1240561,-6.2,O=C(NN1CNC(Cc2ccccc2)C1=O)C1CC(=O)N(Cc2ccc(F)cc2)C1,410.4,81.8,1.21,2,4,6,5.0
SOD1,CHEMBL1242335,-6.2,O=C1C(=O)N(CCCNc2ccnc3cc(C(F)(F)F)ccc23)c2ccccc21,399.4,62.3,4.29,1,4,5,5.0
SOD1,CHEMBL1242431,-6.2,COc1c(C(=O)O)c(O)c(S(=O)(=O)Nc2ccccc2)c2occc12,363.3,126.1,2.65,3,6,5,4.0
SOD1,CHEMBL1242888,-6.2,O=c1cc(CC2NCCc3ccccc32)c2ccc3ccccc3c2o1,341.4,42.2,4.38,1,3,2,5.0
SOD1,CHEMBL1242895,-6.2,Cc1nn(-c2ccccc2)c(Cl)c1/C=N/NC(=O)Cc1cccc2ccccc12,402.9,59.3,4.68,1,3,5,5.0
SOD1,CHEMBL1242906,-6.2,Cc1ccc(C(/C=C/c2c[nH]c3ccccc23)=C2C(=O)NC(=O)NC2=O)cc1,371.4,91.1,3.31,3,3,3,4.0
SOD1,CHEMBL1242981,-6.2,CC(C)c1ccc(NC(=O)Oc2ccc3c(c2)[C@]2(C)CCOC2O3)cc1,353.4,56.8,4.82,1,4,3,5.0
SOD1,CHEMBL1243012,-6.2,Cc1ccccc1NC(=O)Oc1ccc2c(c1)[C@]1(C)CCN(C)[C@@H]1N2,337.4,53.6,3.95,2,4,2,5.0
SOD1,CHEMBL130247,-6.2,CNc1ccc2c(c1)C13CCCCC1C(C2)N(C)CC3,270.4,15.3,3.42,1,2,1,4.0
SOD1,CHEMBL13464,-6.2,CN1C[C@H](CN2CC(=O)NC2=O)C[C@@H]2c3ccc(C(C)(C)C)c4[nH]cc(c34)C[C@H]21,394.5,68.4,2.98,2,3,2,5.0
SOD1,CHEMBL13495,-6.2,CC[C@@]1(O)C(=O)OCc2c1cc1n(c2=O)Cc2cc3ccncc3nc2-1,349.3,94.3,1.47,1,6,1,4.0
SOD1,CHEMBL1355230,-6.2,Fc1ccc(Nc2nc3nonc3nc2Nc2cccc(C(F)(F)F)c2)cc1,390.3,88.8,4.66,2,7,4,5.0
SOD1,CHEMBL1355267,-6.2,Cc1cc(C)cc(C(=O)OCC(=O)NC(=O)NC2CCCC2)c1,318.4,84.5,2.23,2,4,4,5.0
SOD1,CHEMBL13588,-6.2,CN1C[C@H](CN2CC(=O)NC2=O)C[C@@H]2c3cccc4[nH]cc(c34)C[C@H]21,338.4,68.4,1.68,2,3,2,5.0
SOD1,CHEMBL14316,-6.2,Cc1ccc(-c2nnc3c4ccccc4c(N4CCCC4)nn23)cc1C,343.4,46.3,4.16,0,4,2,5.0
SOD1,CHEMBL14932,-6.2,Oc1ccc2ncnc(Nc3ccc(OCc4ccccc4)cc3)c2c1,343.4,67.3,4.66,2,5,5,5.0
SOD1,CHEMBL16151,-6.2,COc1cccc([C@H]2C/C(=N\NC(=O)C(=O)NC(C)c3ccccc3)c3ccccc3N2)c1,442.5,91.8,3.95,3,5,5,4.0
SOD1,CHEMBL17358,-6.2,O=C(O)c1ccc(S(=O)(=O)Nc2cccc(OCc3ccc4ccccc4n3)c2)cc1,434.5,105.6,4.31,2,5,7,4.0
SOD1,CHEMBL1795489,-6.2,O=c1[nH]c2c(OCc3ccccc3)cccc2c2cn(-c3ccccc3)nc12,367.4,59.9,4.45,1,3,4,5.0
SOD1,CHEMBL1795545,-6.2,N=C1c2ccccc2C(=O)N1C1CCC(=O)NC1=O,257.2,90.3,0.27,2,4,1,4.0
SOD1,CHEMBL1795628,-6.2,COc1ccccc1C(=O)c1cnc(NC2CCN(C(=O)Nc3ccccc3)CC2)nc1N,446.5,122.5,3.41,3,7,6,4.0
SOD1,CHEMBL1795646,-6.2,COc1ccccc1C(=O)c1cnc(NC2CCN(C(=O)Nc3ccccc3)C2)nc1N,432.5,122.5,3.02,3,7,6,4.0
SOD1,CHEMBL1796550,-6.2,Cc1ccc(C2OOC(c3ccc(CNc4cccc(O)c4)cc3)OO2)cc1,379.4,69.2,4.92,2,6,5,5.0
SOD1,CHEMBL1796730,-6.2,CNC(=O)c1cc(Oc2ccc(NS(=O)(=O)c3ccc4ccccc4c3)cc2)ccn1,433.5,97.4,4.19,2,5,6,4.0
SOD1,CHEMBL1808539,-6.2,O=C(Nc1ccccc1)c1nn(S(=O)(=O)c2ccc(Cl)cc2)c2ccccc12,411.9,81.1,4.18,1,4,4,5.0
SOD1,CHEMBL1808645,-6.2,O=C(/C=C/c1ccc2c(c1)CN(CCc1cnn3ccccc13)C2)NO,348.4,69.9,2.41,2,4,5,5.0
SOD1,CHEMBL18413,-6.2,c1cc(OCc2ccc3ccccc3n2)cc(OCc2ccccc2-c2nn[nH]n2)c1,409.4,85.8,4.57,1,6,7,5.0
SOD1,CHEMBL18564,-6.2,c1cc(OCc2cccc(-c3nn[nH]n3)c2)cc(OCc2ccc3ccccc3n2)c1,409.4,85.8,4.57,1,6,7,5.0
SOD1,CHEMBL1857916,-6.2,Cc1ccc(CNC(c2nc(Cc3ccccc3)c(N3CCOCC3)o2)C2CC2)cc1,417.6,50.5,4.65,1,5,8,5.0
SOD1,CHEMBL1858078,-6.2,CC(C)(C)c1ccc(-c2nc(CNC3CCN(Cc4ccccc4)C3)co2)cc1,389.5,41.3,5.0,1,4,6,4.0
SOD1,CHEMBL1858083,-6.2,CSc1ccc(Oc2cc(/C(=N/O)NCc3ccccc3F)ccn2)cc1,383.4,66.7,4.66,2,5,6,5.0
SOD1,CHEMBL1858212,-6.2,O/N=C(/c1ccc(Oc2ccc3oc4ccccc4c3c2)nc1)N1CCC=N1,372.4,83.5,4.6,1,6,3,5.0
SOD1,CHEMBL1858636,-6.2,Cc1ccc(-c2nc(CN3CCN(c4cc(C)nc5ccccc45)CC3)co2)cc1,398.5,45.4,4.83,0,5,4,5.0
SOD1,CHEMBL1858647,-6.2,Fc1ccccc1-c1nc(CNCc2cccc3ccccc23)co1,332.4,38.1,4.92,1,3,5,4.0
SOD1,CHEMBL1858708,-6.2,Cc1ccc(-c2nc(Cn3nc(N)cc3-c3ccccc3)co2)cc1,330.4,69.9,4.14,1,4,4,5.0
SOD1,CHEMBL1858904,-6.2,COc1ccc(CN/C(=N\O)c2ccc(Oc3ccc4ccccc4c3)nc2)cc1,399.5,76.0,4.96,2,5,6,5.0
SOD1,CHEMBL1859092,-6.2,Cc1nccn1/C(=N\O)c1ccc(Oc2ccc3oc4ccccc4c3c2)nc1,384.4,85.7,4.96,1,6,3,5.0
SOD1,CHEMBL1859186,-6.2,Fc1cccc(-c2nc(CNCc3cccc4ccccc34)co2)c1,332.4,38.1,4.92,1,3,5,4.0
SOD1,CHEMBL1859337,-6.2,Cc1ccc(-c2nc(CN3CCN(c4cccc(C(F)(F)F)c4)CC3)co2)cc1,401.4,32.5,4.99,0,4,4,4.0
SOD1,CHEMBL1859341,-6.2,Cc1ccccc1-c1nc(CN2CCN(c3cccc(C(F)(F)F)c3)CC2)co1,401.4,32.5,4.99,0,4,4,4.0
SOD1,CHEMBL1859483,-6.2,O/N=C(\NCc1ccccc1)c1ccc(Oc2cccc3cccnc23)nc1,370.4,79.6,4.35,2,5,5,5.0
SOD1,CHEMBL1859498,-6.2,CC1CN1/C(=N\O)c1ccc(Oc2ccc3oc4ccccc4c3c2)nc1,359.4,70.9,4.61,1,5,3,5.0
SOD1,CHEMBL1862792,-6.2,CC(C)(C)C(=O)N1CCC(NC(c2ccc(C(F)(F)F)cc2)c2cccnc2)CC1,419.5,45.2,4.82,1,3,4,5.0
SOD1,CHEMBL1862843,-6.2,Cc1noc(C)c1C(=O)N1CCC(NC(c2ccc(C(F)(F)F)cc2)c2cncs2)CC1,464.5,71.3,4.75,1,6,5,4.0
SOD1,CHEMBL1862934,-6.2,Cn1ccnc1C(=O)N1CCC(NC(c2ccc(C(F)(F)F)cc2)c2cccnc2)CC1,443.5,63.1,3.82,1,4,5,5.0
SOD1,CHEMBL1862988,-6.2,O=C1OC(c2ccc(Cl)cc2)(c2cccnc2)c2ccccc21,321.8,39.2,4.2,0,3,2,4.0
SOD1,CHEMBL1863039,-6.2,NC(=O)c1cccc(C(O)(c2cccnc2)c2ccc(Cl)cc2F)c1,356.8,76.2,3.26,2,3,4,5.0
SOD1,CHEMBL1863077,-6.2,O=C(Cc1ccccc1)NC(c1ccc(C(F)(F)F)cc1)c1cnccn1,371.4,54.9,3.94,1,3,5,5.0
SOD1,CHEMBL1863138,-6.2,CC1(C)COC(c2cccc(C(O)(c3ccc(Cl)cc3)c3cncnc3)c2)=N1,393.9,67.6,3.97,1,5,4,5.0
SOD1,CHEMBL1863141,-6.2,O=S(=O)(C1CCCCC1)N1CCC(NC(c2ccc(C(F)(F)F)cc2)c2cnccn2)CC1,482.6,75.2,4.3,1,5,6,4.0
SOD1,CHEMBL1863167,-6.2,O=C(NC(c1ccc(C(F)(F)F)cc1)c1cnccn1)c1ccc(Cl)cc1,391.8,54.9,4.67,1,3,4,5.0
SOD1,CHEMBL1863179,-6.2,NC(=O)c1cccc(C(O)(c2ccc(C(F)(F)F)cc2)c2cccnc2)c1,372.3,76.2,3.48,2,3,4,5.0
SOD1,CHEMBL1863239,-6.2,NC(=O)c1cccc(C(O)(c2cncnc2)c2ccc(Cl)cc2F)c1,357.8,89.1,2.65,2,4,4,5.0
SOD1,CHEMBL1863297,-6.2,O=C(NCCN1CCOCC1)c1cccc(C(O)(c2ccc(Cl)cc2)c2cccnc2)c1,452.0,74.7,3.08,2,5,7,4.0
SOD1,CHEMBL1863323,-6.2,O=C(c1cccc(C(O)(c2ccc(Cl)cc2)c2cccnc2)c1)N1CCOCC1,408.9,62.7,3.49,1,4,4,5.0
SOD1,CHEMBL1863382,-6.2,O=C(c1nccs1)N1CCC(NC(c2ccc(C(F)(F)F)cc2)c2cccnc2)CC1,446.5,58.1,4.54,1,5,5,5.0
SOD1,CHEMBL1863426,-6.2,Cc1nc(C(=O)N2CCC(NC(c3ccc(C(F)(F)F)cc3)c3cccnc3)CC2)cs1,460.5,58.1,4.85,1,5,5,4.0
SOD1,CHEMBL1863507,-6.2,O=C(NC1CCCCC1)NC1CCN(C(c2ccc(Cl)cc2)c2cccnc2)CC1,427.0,57.3,4.92,2,3,5,5.0
SOD1,CHEMBL1863610,-6.2,Cc1cc(F)ccc1C(O)c1nc(-c2ccc3ccccc3c2)c[nH]1,332.4,48.9,4.76,2,2,3,5.0
SOD1,CHEMBL1863740,-6.2,COc1cc(F)ccc1-c1cc(C(=O)NCc2ccc(C(F)(F)F)cc2)[nH]n1,393.3,67.0,4.17,2,3,5,5.0
SOD1,CHEMBL1863817,-6.2,COc1ccc(-c2cc(-c3ccccc3)nc(N)n2)c(O)c1,293.3,81.3,3.11,2,5,3,5.0
SOD1,CHEMBL1864148,-6.2,Cc1cccc(C(O)c2nc(-c3cccc(C(F)(F)F)c3)c[nH]2)c1C,346.4,48.9,4.79,2,2,3,5.0
SOD1,CHEMBL1864233,-6.2,CC(C)(C)c1ccc(-c2noc(CCC(=O)Nc3cccc([N+](=O)[O-])c3)n2)cc1,394.4,111.2,4.51,1,6,6,4.0
SOD1,CHEMBL1864360,-6.2,CC(CNC(=O)Cn1cnc2c(NCc3ccccc3)ncnc21)c1ccccc1,400.5,84.7,3.36,2,5,8,5.0
SOD1,CHEMBL1864601,-6.2,COc1cccc(N2C(=O)c3cccnc3C2Nc2ccc(C)c(C)c2)c1,359.4,54.5,4.48,1,4,4,5.0
SOD1,CHEMBL1864784,-6.2,CC1(C(=O)Nc2cccc(OC(F)(F)F)c2)Cc2c(-c3ccc4c(c3)OCO4)ccnc2O1,458.4,78.9,4.71,1,6,4,4.0
SOD1,CHEMBL1864868,-6.2,O=C(CN1C(=O)NC(c2ccccc2)(c2ccccc2)C1=O)NCc1ccccc1,399.5,78.5,2.8,2,3,6,5.0
SOD1,CHEMBL1865174,-6.2,O=C(NCc1ccccc1F)c1ccc2ccccc2n1,280.3,42.0,3.3,1,2,3,5.0
SOD1,CHEMBL1865211,-6.2,Cc1ccc(-c2cc3ncc4c(n3n2)-c2cc(C)ccc2OC4)cc1,327.4,39.4,4.57,0,3,1,4.0
SOD1,CHEMBL1865485,-6.2,Cc1ccc2c(c1)nnn2C1CCN(CC(=O)Nc2ccc(F)cc2)CC1,367.4,63.1,3.15,1,4,4,5.0
SOD1,CHEMBL1865514,-6.2,CC1(Cc2ccc3ccccc3n2)C(=O)Nc2ccc(OC(F)(F)F)cc21,372.3,51.2,4.59,1,3,3,5.0
SOD1,CHEMBL1865669,-6.2,O=C(CCC1CCCN(C2C3CC4CC(C3)CC2C4)C1)NCc1ccc(F)c(F)c1,416.6,32.3,4.9,1,2,6,4.0
SOD1,CHEMBL1865717,-6.2,CN(C)CCNC(=O)c1cccc(-c2cc(NC=O)c3ncc(-c4cccc(C(F)(F)F)c4)n3c2)c1,495.5,78.7,4.55,2,4,8,4.0
SOD1,CHEMBL1865730,-6.2,O=C(COc1coc(CN2CCN(c3ccc(F)cc3)CC2)cc1=O)NC1CCCC1,429.5,75.0,2.54,1,6,7,5.0
SOD1,CHEMBL1865953,-6.2,C[C@]12C[C@@H](O)[C@H](O)CC1=CCC1C2CC[C@]2(C)C(=O)CCC12,304.4,57.5,2.85,2,3,0,5.0
SOD1,CHEMBL18816,-6.2,c1ccc2nc(COc3ccc(OCc4ccc(Cc5nnn[nH]5)cc4)cc3)ccc2c1,423.5,85.8,4.5,1,6,8,5.0
SOD1,CHEMBL1896436,-6.2,O=C(COC(=O)c1c(F)cccc1F)NC(=O)NCc1ccccc1,348.3,84.5,2.15,2,4,5,5.0
SOD1,CHEMBL19897,-6.2,C(#Cc1nc(-c2ccccc2)nc2c1ncn2Cc1ccccc1)c1ccccc1,386.5,43.6,4.94,0,3,3,5.0
SOD1,CHEMBL20389,-6.2,Nc1nc2ccnc(-c3cccc(C(F)(F)F)c3)n2n1,279.2,69.1,2.39,1,4,1,5.0
SOD1,CHEMBL20448,-6.2,Cn1c(=O)ccc2cc(COc3cccc(C4(CO)CCOCC4)c3)ccc21,379.5,60.7,3.16,1,4,5,5.0
SOD1,CHEMBL20756,-6.2,O=C(O)Cc1nn(Cc2nc3c(ccc4ccccc43)s2)c(=O)c2ccccc12,401.4,85.1,3.83,1,5,4,5.0
SOD1,CHEMBL2143379,-6.2,COc1ccc(C(=O)N2CCCC(c3cc(C(=O)Nc4ccccc4)no3)C2)cc1,405.5,84.7,3.96,1,5,5,5.0
SOD1,CHEMBL23174,-6.2,NS(=O)(=O)c1ccc(CCNC(=O)c2cc3ccccc3oc2=O)cc1,372.4,119.5,1.41,2,5,5,4.0
SOD1,CHEMBL23220,-6.2,Cc1c(CN(C)c2cccc3c2CCCC3)cnc2nc(N)nc(N)c12,348.5,94.0,3.01,2,6,3,4.0
SOD1,CHEMBL26074,-6.2,O=C1NC(=O)c2c1c1c3ccccc3n3c1c1c2c2ccccc2n1CN(CCO)C3,410.4,79.5,3.01,2,4,2,5.0
SOD1,CHEMBL27388,-6.2,O=C(c1cccc2ccccc12)c1cn2c3c(cccc13)OCC2CN1CCOCC1,412.5,43.7,4.29,0,4,4,5.0
SOD1,CHEMBL27645,-6.2,COc1ccc(-c2[nH]nc3c2C(=O)c2c(NC(=O)c4ccccc4)cccc2-3)cc1,395.4,84.1,4.55,2,4,4,5.0
SOD1,CHEMBL30651,-6.2,CN([C@@H]1CCN2CCc3ccccc3[C@@H]2C1)S(=O)(=O)c1cccc2ccccc12,406.6,40.6,4.22,0,3,3,5.0
SOD1,CHEMBL3309508,-6.2,CN1C(=O)[C@H](CCO)CC2=C1[C@@H]1Oc3c(O)ccc4c3[C@@]13CCN(C)[C@H](C4)[C@]3(O)C2,412.5,93.5,0.9,3,6,2,4.0
SOD1,CHEMBL3309987,-6.2,Nc1nc2c3ccccc3nc(Cc3ccc(O)cc3O)n2n1,307.3,109.6,1.86,3,6,2,4.0
SOD1,CHEMBL3309992,-6.2,Nc1nc2c3c(Cl)cccc3nc(Cc3ccc4c(c3)OCO4)n2n1,353.8,87.6,2.83,1,6,2,5.0
SOD1,CHEMBL3310151,-6.2,CN1CCN(c2cc(F)c3c(c2)nc(Cc2ccc4c(c2)OCO4)n2nc(N)nc32)CC1,435.5,94.0,2.07,1,8,3,4.0
SOD1,CHEMBL4434863,-6.2,O/N=c1\cc(-c2ccccc2)oc2c1ccc1ccccc12,287.3,45.7,4.54,1,3,1,5.0
SOD1,CHEMBL4435286,-6.2,O=C1c2cc(-c3ccnc(NC4CCOCC4)n3)ccc2CN1C(CO)c1ccc(Cl)cc1,465.0,87.6,4.08,2,6,6,4.0
SOD1,CHEMBL4435778,-6.2,Cc1cccc([C@@H](C)Nc2nc(C)nc3ccc(-c4ccc(=O)n(C)c4)cc23)c1,384.5,59.8,4.79,1,4,4,5.0
SOD1,CHEMBL4435941,-6.2,O=C(O)c1ccc(/N=C/c2cc3cc(-c4nc5ccccc5[nH]4)ccc3n3nnnc23)cc1,433.4,121.4,4.27,2,6,4,4.0
SOD1,CHEMBL4529563,-6.2,N#Cc1ccc(CN2CCN(c3ccc(-c4nc5ccccc5[nH]4)cn3)CC2)cc1,394.5,71.8,3.82,1,5,4,5.0
SOD1,CHEMBL4529911,-6.2,Cc1cccc2c1CCN(CCC(=O)Nc1sc3c(c1-c1nc4cnccc4s1)CCNC3)C2,489.7,70.2,4.76,2,7,5,4.0
SOD1,CHEMBL4529919,-6.2,CC(=O)c1cccc(-c2cnc3ccc(Cc4ccc(F)cc4)nn23)c1,345.4,47.3,4.33,0,3,4,5.0
SOD1,CHEMBL4530022,-6.2,Cc1cc(C(=O)/C=C/c2cccc3[nH]ccc23)c2ccccc2n1,312.4,45.8,4.92,1,2,3,5.0
SOD1,CHEMBL4530028,-6.2,Fc1ccc(-c2nc(Cc3c[nH]c4ccccc34)no2)c(C(F)(F)F)c1,361.3,54.7,4.97,1,3,3,5.0
SOD1,CHEMBL4530045,-6.2,Cc1cccc(C#CC=C2CCN(C(=O)Cc3cc(F)cc(F)c3)CC2)n1,366.4,33.2,3.81,0,2,2,4.0
SOD1,CHEMBL4530192,-6.2,Cc1ccc(OCC(=O)Nc2cc(NC(=O)c3ccco3)ccc2C)c(C)c1,378.4,80.6,4.47,2,4,6,5.0
SOD1,CHEMBL4530239,-6.2,Cc1cccc2nc(-c3c[nH]c4ncc(F)cc34)nc(N[C@H]3C4CCC(CC4)[C@@H]3C(=O)O)c12,445.5,103.8,4.92,3,5,4,4.0
SOD1,CHEMBL4530264,-6.2,CN1CCN(c2ccc(-c3cn4c(-c5cccc(O)c5)cnc4cn3)cn2)CC1,386.5,69.8,2.92,1,6,3,5.0
SOD1,CHEMBL4530328,-6.2,O=c1nc(NC[C@@H](O)CN2CCN(c3nccc4ccc(F)cc34)CC2)c2ccccc2o1,449.5,94.7,2.47,2,8,6,4.0
SOD1,CHEMBL4530472,-6.2,Cc1c(CN(C)C(=O)/C=C/c2cnc3c(c2)C(C)(C)C(=O)N3)oc2ccccc12,389.5,75.4,4.04,1,4,4,5.0
SOD1,CHEMBL4530728,-6.2,Fc1cccc(-c2nc3ccnc(NCc4ccccc4)c3[nH]2)c1,318.4,53.6,4.38,2,3,4,5.0
SOD1,CHEMBL4530767,-6.2,C[C@@H](NC(=O)c1cc(-c2ccc(F)cc2)nn1C)c1ccc(S(=O)(=O)CC(=O)O)cc1,445.5,118.4,2.58,2,5,7,4.0
SOD1,CHEMBL4530829,-6.2,CC1CCCC(C)N1CCC(=O)NNC(=O)c1cc(-c2ccc(Cl)cc2)nc2ccccc12,465.0,74.3,4.97,2,4,5,4.0
SOD1,CHEMBL4530878,-6.2,CC(=O)c1cccc(-c2cnc3ccc(-c4ccc5c(c4)OCO5)nn23)c1,357.4,65.7,3.99,0,5,3,5.0
SOD1,CHEMBL4530932,-6.2,NC(=O)c1ccc(-c2cc(-c3ccc(F)cc3)cnc2N)cc1,307.3,82.0,3.24,2,3,3,5.0
SOD1,CHEMBL4530954,-6.2,CC(=O)NC12CC3CC(C1)CC(C(=O)Nc1ccc4c(c1)-c1ccccc1C4)(C3)C2,400.5,58.2,4.67,2,2,3,5.0
SOD1,CHEMBL4531012,-6.2,Cc1ccc2c(N)c(C(=O)NCCc3c(F)cc(N4CCNCC4)cc3F)sc2n1,431.5,83.3,2.85,3,6,5,5.0
SOD1,CHEMBL4531162,-6.2,O=C(NO)c1cccc(OCc2ccc(-c3noc(-c4cccc(F)c4)n3)cc2)c1,405.4,97.5,4.24,2,6,6,4.0
SOD1,CHEMBL4531181,-6.2,O=C(Nc1cc(F)c(F)c(F)c1)c1cccc(S(=O)(=O)N2CCC(O)CC2)c1,414.4,86.7,2.5,2,4,4,5.0
SOD1,CHEMBL4531426,-6.2,CN1c2ccc(F)cc2C(=O)N2CCn3c(cc4cc(OC5CCCC5)ccc43)C21,405.5,37.7,4.71,0,3,2,4.0
SOD1,CHEMBL4531566,-6.2,O=c1cc(Nc2cccc(-c3ccc(F)cc3)c2)[nH]c(=O)n1O,313.3,87.1,2.32,3,4,3,5.0
SOD1,CHEMBL4531634,-6.2,O=C(c1ccnc(-c2nc3c(c(=O)[nH]2)CCC3)c1)N1CCC(C(F)(F)F)CC1,392.4,79.0,2.74,1,4,2,5.0
SOD1,CHEMBL4531832,-6.2,Nc1ncnc2c3c(n(-c4ccc(NC(=O)Cc5nnc(C(F)(F)F)o5)cc4)c12)CCC3,443.4,124.7,3.07,2,7,4,4.0
SOD1,CHEMBL4531880,-6.2,O=C(NO)C(c1ccc(-c2cnc(C3CC3)nc2)cc1)c1ccccc1F,363.4,75.1,3.8,2,4,5,5.0
SOD1,CHEMBL4531954,-6.2,Cc1c(Cl)cccc1/N=C1/NC(=O)/C(=C2/C(=O)Nc3ccc(Br)cc32)S1,448.7,70.6,4.62,2,4,1,5.0
SOD1,CHEMBL4532096,-6.2,Clc1ccc2nc(-c3cccc(N4CCc5ccccc5C4)n3)[nH]c2c1,360.8,44.8,4.84,1,3,2,5.0
SOD1,CHEMBL4532413,-6.2,COc1cc2c(cc1OCCc1cccc3ccccc13)C1CCC2N1,345.4,30.5,4.95,1,3,5,4.0
SOD1,CHEMBL4532868,-6.2,Fc1ccc(N2CCCn3nc(N[C@@H]4[C@@H]5CC[C@H]4CN(c4ccnc(Cl)c4)C5)nc32)cc1F,471.9,62.1,4.47,1,6,4,4.0
SOD1,CHEMBL4532922,-6.2,Oc1ccc(Cc2cc(Oc3ccc(O)cc3)ccc2O)cc1,308.3,69.9,4.19,3,4,4,5.0
SOD1,CHEMBL4532935,-6.2,CCc1nc(N)nc(N)c1C#CC(C)c1cc2c(c(-c3ccncc3)c1)OCO2,387.4,109.2,3.15,2,7,3,4.0
SOD1,CHEMBL4533272,-6.2,N#Cc1ccc(NC(=O)Cn2nc3c(Oc4ccccc4)nccn3c2=O)cc1,386.4,114.3,2.19,1,6,5,4.0
SOD1,CHEMBL4534054,-6.2,Cc1cc(C)c(NC(=O)CSc2nc3ccccc3n3c(C)nnc23)c(C)c1,391.5,72.2,4.24,1,5,4,5.0
SOD1,CHEMBL4534076,-6.2,CN1CCC(c2ccc3c(c2)oc(=O)n3C(=O)NCCCCc2ccccc2)CC1,407.5,67.5,3.98,1,4,6,5.0
SOD1,CHEMBL4534320,-6.2,Nc1nc(CN2CCN(Cc3cccc4cccnc34)CC2)nc2ccccc12,384.5,71.2,3.08,1,6,4,5.0
SOD1,CHEMBL4534340,-6.2,O=C(O)c1cccc(-n2c(/C=C/c3nccs3)nc3ccccc3c2=O)c1,375.4,85.1,3.71,1,5,4,5.0
SOD1,CHEMBL4534436,-6.2,Cc1cc(C)c(NC(=O)Cn2nc3ccc(-c4ccc(C)c(C)c4)nn3c2=O)c(C)c1,415.5,81.3,3.74,1,4,4,5.0
SOD1,CHEMBL4534671,-6.2,COc1cccc(NC(=O)c2ccc(C)c(C#Cc3cc(-c4cnn(C)c4)cnc3N)c2)c1,437.5,95.1,4.03,2,5,4,4.0
SOD1,CHEMBL4534702,-6.2,Cc1ccc(CNc2ccnc(NC3CC(C)(C)NC(C)(C)C3)n2)cc1,353.5,61.9,4.12,3,5,5,5.0
SOD1,CHEMBL4534769,-6.2,CN(c1cc(Cl)nn2c(-c3ccc4[nH]ncc4c3)cnc12)[C@H]1CC[C@H](N2CCOCC2)CC1,466.0,74.6,4.01,1,6,4,4.0
SOD1,CHEMBL4543190,-6.2,Cc1c(C(=O)N2C3CCC2CC(C(F)(F)F)C3)cnn1-c1nn2cccc2c(=O)[nH]1,420.4,88.3,2.46,1,4,2,5.0
SOD1,CHEMBL4543357,-6.2,O=C(/C=C/c1ccc2c(c1)OCO2)N1CCN(CCN2C(=O)c3cccc4cccc(c34)C2=O)CC1,483.5,79.4,3.02,0,6,5,4.0
SOD1,CHEMBL4548511,-6.2,CCNS(=O)(=O)c1ccc(-c2cnc(N)c(-c3ccc4c(O)ncnc4c3)c2)cc1,421.5,131.1,2.94,3,7,5,4.0
SOD1,CHEMBL4560005,-6.2,CC(=O)Nc1cccc(-c2ccc3ncc(-c4ccc(CO)cc4)n3n2)c1,358.4,79.5,3.51,2,4,4,5.0
SOD1,CHEMBL4564110,-6.2,COc1ccc(-c2cc(=O)n3nc(C)c(Cc4ccc(Cl)cc4)c3[nH]2)cc1,379.8,59.4,4.25,1,3,4,5.0
SOD1,CHEMBL4564630,-6.2,Clc1ccc(-c2n[nH]cc2CNCC2CN(Cc3ccccc3)CCO2)cc1,396.9,53.2,3.72,2,4,7,5.0
SOD1,CHEMBL4564798,-6.2,CCc1nc(Nc2ccc(C(N)=O)cc2)nc(-c2cccc(Cl)c2)n1,353.8,93.8,3.6,2,5,5,4.0
SOD1,CHEMBL4565216,-6.2,COc1ccc2c(c1)c(C1=CCNCC1)cn2S(=O)(=O)c1ccc2ncccc2c1,419.5,73.2,3.81,1,5,4,5.0
TDP43_v2,CHEMBL4571895,-10.5,O=C(COc1ccc(-c2nc3ccccc3c(=O)[nH]2)cc1)Nc1cccc2ccccc12,421.5,84.1,4.76,2,4,5,5.0
TDP43_v2,CHEMBL4572816,-10.4,CCCn1nc(C(=O)Nc2cccc(-c3nc4ccccc4[nH]3)c2)c2ccccc2c1=O,423.5,92.7,4.6,2,4,5,4.0
TDP43_v2,CHEMBL1863982,-10.3,O=C(O)c1ccc2c3c(cccc13)C(=O)N(c1cccc3ccccc13)C2=O,367.4,74.7,4.49,1,3,2,5.0
TDP43_v2,CHEMBL4434956,-10.2,Cc1ccc(F)cc1-c1cccc(C2(c3ccccc3)N=C(N)N(C)C2=O)c1,373.4,58.7,3.83,1,3,3,5.0
TDP43_v2,CAPMATINIB,-10.1,CNC(=O)c1ccc(-c2cnc3ncc(Cc4ccc5ncccc5c4)n3n2)cc1F,412.4,85.1,3.43,1,5,4,5.0
TDP43_v2,CHEMBL4584906,-10.1,N=C1N/C(=N/NC(=O)c2ccc(CN3C(=O)c4cccc5cccc3c45)cc2)c2ccccc21,445.5,97.7,4.02,3,4,4,4.0
TDP43_v2,CHEMBL1242810,-10.0,Cc1ccc2[nH]c(-c3ccccc3)c(/C=C/C(=C3C(=O)NC(=O)NC3=O)c3ccccc3)c2c1,447.5,91.1,4.98,3,3,4,4.0
TDP43_v2,CHEMBL4571689,-10.0,N#Cc1ccc2c(c1)CN(CC[C@H]1CC[C@H](NC(=O)c3cc4c(F)cccc4[nH]3)CC1)CC2,444.6,71.9,4.92,2,3,5,5.0
TDP43_v2,CHEMBL4573307,-10.0,Cc1ccc(-c2cccc(C3(c4ccccc4)N=C(N)N(C)C3=O)c2)c(C)c1,369.5,58.7,4.0,1,3,3,5.0
TDP43_v2,CHEMBL497261,-10.0,Oc1cccc2c(-c3ccc(O)c4c(O)cccc34)ccc(O)c12,318.3,80.9,4.48,4,4,1,4.0
TDP43_v2,CHEMBL515619,-10.0,O=C1Nc2ccccc2/C1=C\c1cccc2ccccc12,271.3,29.1,4.33,1,1,1,4.0
TDP43_v2,CHEMBL18657,-9.9,Cc1cc(F)ccc1-c1nc(N(C(N)=O)c2ccccc2)c2ncn(C)c2n1,376.4,89.9,3.69,1,4,3,5.0
TDP43_v2,CHEMBL4568035,-9.9,Cc1ccc(C(=O)N2CCN(C(=O)c3ccc(-c4cccc5[nH]nc(N)c45)cc3)CC2)cc1,439.5,95.3,3.72,2,4,3,4.0
TDP43_v2,CHEMBL4574630,-9.9,O=C(N/N=C/c1cccc(Cl)c1)c1cc(-c2ccc3c4c(cccc24)CC3)[nH]n1,400.9,70.1,4.75,2,3,4,5.0
TDP43_v2,CHEMBL522940,-9.9,Cc1ccc(C(=O)c2cc3c(ccc4ccccc43)oc2=O)cc1,314.3,47.3,4.49,0,3,2,5.0
TDP43_v2,CHEMBL563536,-9.9,O=C(C=C1CCN(C(=O)c2cccc(F)c2)CC1)N[C@@H]1CCN(Cc2ccc3cc(F)ccc3c2)C1,489.6,52.7,4.67,1,3,5,4.0
TDP43_v2,CHEMBL25299,-9.8,O[C@H]1C=Cc2c(ccc3cc4ccc5ccccc5c4cc23)[C@@H]1O,312.4,40.5,4.57,2,2,0,5.0
TDP43_v2,CHEMBL562248,-9.8,Cc1ccc2c3c(ccc2n1)OC[C@H](CN1CC=C(c2c[nH]c4ccccc24)CC1)O3,411.5,50.4,4.95,1,4,3,5.0
TDP43_v2,CHEMBL1210539,-9.7,O=C(Nc1ncnc2[nH]c(-c3ccc4ccccc4c3)nc12)c1ccccc1,365.4,83.6,4.43,2,4,3,5.0
TDP43_v2,CHEMBL16254,-9.7,O=C(Nc1ccccc1)Nc1nc2ccccc2n2c(=O)n(-c3ccccc3)nc12,396.4,93.3,3.68,2,4,3,4.0
TDP43_v2,CHEMBL18803,-9.7,Cc1cc(F)ccc1-c1nc(N(C(N)=O)c2c(F)cccc2F)c2ncn(C)c2n1,412.4,89.9,3.97,1,4,3,5.0
TDP43_v2,CHEMBL20420,-9.7,C/N=C(\N)c1ccc(NC(=O)c2cc(C)nn2-c2cc3ccccc3cc2F)c(F)c1,419.4,85.3,4.2,2,3,4,5.0
TDP43_v2,CHEMBL4567738,-9.7,N#Cc1c(-c2ccccc2)c2c(ccc3ccccc32)oc1=O,297.3,54.0,4.48,0,3,1,5.0
TDP43_v2,CHEMBL4568382,-9.7,NC(=O)c1cccc(-c2cn3c(-c4ccc(F)c(Cl)c4)cnc3cn2)c1,366.8,73.3,3.95,1,3,3,5.0
TDP43_v2,CHEMBL4575792,-9.7,O=C(Nc1nnc(-c2ccc(F)cc2)o1)c1cccc(-c2ccccc2)c1,359.4,68.0,4.8,1,4,4,5.0
TDP43_v2,CHEMBL4637828,-9.7,O=C1CC2(C(=O)Nc3ccc(Cl)cc32)c2cnn(Cc3ccc(F)cc3)c2N1,396.8,76.0,3.3,2,3,2,5.0
TDP43_v2,CHEMBL498390,-9.7,Cc1ccc(NC(=O)c2ccnc(N3CCCC3)c2)cc1-c1ccc2cc[nH]c(=O)c2c1,424.5,78.1,4.75,2,4,4,5.0
TDP43_v2,CHEMBL513422,-9.7,Cc1cccc(NC(=S)Nc2ccc(-c3cnc4ccnn4c3N)cc2)c1,374.5,80.3,4.1,3,4,3,5.0
TDP43_v2,CHEMBL560170,-9.7,Cc1ccc2c3c(ccc2n1)OC[C@H](CN1CCN(c2ccc4cc(C#N)ccc4n2)C[C@H]1C)O3,465.6,74.5,4.31,0,7,3,4.0
TDP43_v2,CHEMBL563303,-9.7,O=C(/C=C/C1CCN(C(=O)c2ccccc2)CC1)N[C@@H]1CCN(Cc2ccc3cc(F)ccc3c2)C1,485.6,52.7,4.78,1,3,6,4.0
TDP43_v2,CHEMBL1163540,-9.6,C[C@@]12CC[C@H](O)[C@@H]3COC(=C31)C(=O)c1cc3cccc(O)c3cc12,322.4,66.8,3.05,2,4,0,5.0
TDP43_v2,CHEMBL16215,-9.6,COc1ccc(NC(=O)Nc2nc3ccccc3n3c(=O)n(-c4ccccc4)nc23)cc1,426.4,102.5,3.69,2,5,4,4.0
TDP43_v2,CHEMBL20714,-9.6,Cc1cc(C(=O)Nc2ccc(N3CCOCC3=O)cc2F)n(-c2ccc3cc(Cl)ccc3c2)n1,478.9,76.5,4.74,1,4,4,4.0
TDP43_v2,CHEMBL4584771,-9.6,O=C1c2ccccc2C(=O)N1c1ccc(S(=O)(=O)Nc2cccc3ccccc23)cc1,428.5,83.6,4.44,1,4,4,5.0
TDP43_v2,CHEMBL523874,-9.6,Cc1ccc2oc(=O)c(C(=O)NCc3cccc4ccccc34)cc2c1,343.4,59.3,4.18,1,3,3,5.0
TDP43_v2,CHEMBL565234,-9.6,Cc1ccc2c3c(ccc2n1)OC[C@H](CN1CCN(c2ccc4ccccc4n2)C[C@@H]1C)O3,440.5,50.7,4.44,0,6,3,5.0
TDP43_v2,CHEMBL8550,-9.6,CC1Cc2cc3c(cc2C(c2ccc(N)cc2)=NN1C(=O)C1CC1)OCO3,363.4,77.2,2.93,1,5,2,5.0
TDP43_v2,CHEMBL1354146,-9.5,O=c1oc2ccccc2c2c1ccc1ccccc12,246.3,30.2,4.1,0,2,0,4.0
TDP43_v2,CHEMBL1591882,-9.5,COc1cc2ccccc2cc1C(=O)N1CCN(c2nc3c(F)cccc3s2)CC1,421.5,45.7,4.56,0,5,3,5.0
TDP43_v2,CHEMBL1809186,-9.5,CCc1nn(-c2ccccc2)c2cc(NC(=O)c3cccc(C(=N)N)c3)ccc12,383.5,96.8,4.12,3,3,5,4.0
TDP43_v2,CHEMBL1865710,-9.5,Cc1ccc(C(O)c2nc(-c3cccc4ccccc34)c[nH]2)c(C)c1,328.4,48.9,4.93,2,2,3,5.0
TDP43_v2,CHEMBL20413,-9.5,Cc1cc(C(=O)Nc2ccc(N3CCNCCC3=O)cc2)n(-c2ccc3cc(Cl)ccc3c2)n1,474.0,79.3,4.57,2,4,4,4.0
TDP43_v2,CHEMBL20673,-9.5,CN1CCN=C1c1ccc(NC(=O)c2nnnn2-c2cc3ccccc3cc2F)c(F)c1,433.4,88.3,3.04,1,6,4,5.0
TDP43_v2,CHEMBL4434821,-9.5,O=C(O)c1cc(-c2ccc(C3CCNCC3)cc2)cc(-n2cc(-c3cccc(O)c3)nn2)c1,440.5,100.3,4.47,3,5,5,4.0
TDP43_v2,CHEMBL4567907,-9.5,N#CC1=C(N)Oc2c(ccc3ccccc23)C1c1ccc(C#N)cc1,323.4,82.8,3.93,1,4,1,5.0
TDP43_v2,CHEMBL498391,-9.5,Cc1ccc(NC(=O)c2ccc(CN3CCN(C)CC3)cc2)cc1-c1ccc2cc[nH]c(=O)c2c1,466.6,68.4,4.5,2,4,5,4.0
TDP43_v2,CHEMBL519040,-9.5,O=C(Nc1c(O)cccc1-c1nc2c(C(=O)O)cccc2o1)c1cc(-c2ccccc2)on1,441.4,138.7,4.81,3,7,5,4.0
TDP43_v2,CHEMBL520458,-9.5,O=C1NC(=O)c2ccc(-c3cccc(O)c3)cc2/C1=C/Nc1ccc(CN2CCCCC2)cc1,453.5,81.7,4.77,3,5,5,4.0
TDP43_v2,CHEMBL523297,-9.5,O=C1Oc2ccc3ccccc3c2CC1C(=O)c1ccc(C(F)(F)F)cc1,370.3,43.4,4.82,0,3,2,5.0
TDP43_v2,CHEMBL557003,-9.5,O=C1/C(=N\O)c2c(-c3cccc(F)c3)cccc2N1Cc1cc(F)cc2c1OCOC2,422.4,71.4,4.22,1,5,3,5.0
TDP43_v2,CHEMBL564268,-9.5,NC(=O)c1cnn2c(-c3cccc(NC(=O)c4cccc(C(F)(F)F)c4)c3)ccnc12,425.4,102.4,3.77,2,4,4,4.0
TDP43_v2,CHEMBL1210803,-9.4,c1ccc2c(c1)CCCN2c1nc(N2CCOCC2)nc(N2CCCc3ccccc32)n1,428.5,57.6,3.88,0,7,3,5.0
TDP43_v2,CHEMBL24244,-9.4,O[C@H]1[C@H]2O[C@H]2c2c(ccc3cc4ccc5ccccc5c4cc23)[C@@H]1O,328.4,53.0,3.99,2,3,0,5.0
TDP43_v2,CHEMBL4530022,-9.4,Cc1cc(C(=O)/C=C/c2cccc3[nH]ccc23)c2ccccc2n1,312.4,45.8,4.92,1,2,3,5.0
TDP43_v2,CHEMBL4532246,-9.4,C/C=C1/C(=O)C(O)=C2c3ccc4ccc(O)cc4c3CC[C@@]21C,306.4,57.5,4.3,2,3,0,5.0
TDP43_v2,CHEMBL4574116,-9.4,Cc1cc(C)cc(NC(=O)Cn2nc3c4cc(-c5ccc(Cl)cc5)nn4ccn3c2=O)c1,446.9,85.7,3.72,1,4,4,5.0
TDP43_v2,CHEMBL4581775,-9.4,CC(=O)N1CCN(c2nccc3c(-c4ccc5c(c4)CC(=O)N5)c(-c4ccc(F)cc4)nn23)CC1,470.5,82.8,3.37,1,5,3,4.0
TDP43_v2,CHEMBL4584649,-9.4,c1coc(-c2cc(-c3cccc4ccccc34)nc3nncn23)c1,312.3,56.2,4.2,0,4,2,5.0
TDP43_v2,CHEMBL500144,-9.4,CC1=C(O)c2c(oc(-c3cccc4ccccc34)cc2=O)C(C)(C)C1=O,346.4,67.5,4.61,1,4,1,5.0
TDP43_v2,CHEMBL514105,-9.4,Cc1c2c(c3oc4cc(=O)c(C)c5c-4c(c3c1O)O[C@H](C)[C@H]5C)O[C@H](C)[C@H]2C,380.4,68.9,4.99,1,5,0,5.0
TDP43_v2,CHEMBL521804,-9.4,O=C(c1ccccc1[N+](=O)[O-])c1cc2c(ccc3ccccc32)oc1=O,345.3,90.4,4.09,0,5,3,4.0
TDP43_v2,CHEMBL524137,-9.4,O=C(c1cccc(F)c1)c1cc2c(ccc3ccccc32)oc1=O,318.3,47.3,4.32,0,3,2,5.0
TDP43_v2,CHEMBL556916,-9.4,O=C(C=C1CCN(C(=O)c2cccc(O)c2)CC1)N[C@@H]1CCN(Cc2ccc3cc(F)ccc3c2)C1,487.6,72.9,4.24,2,4,5,4.0
TDP43_v2,CHEMBL557208,-9.4,Cc1ccc(NC(=O)CN2C(=O)NC(C)(c3ccc4ccccc4c3)C2=O)c(O)c1,403.4,98.7,3.26,3,4,4,4.0
TDP43_v2,CHEMBL560320,-9.4,O=C(Oc1ccc(-c2ccc(F)cc2F)cc1C(=O)N1CCOCC1)c1ccccc1,423.4,55.8,4.32,0,4,4,5.0
TDP43_v2,CHEMBL563019,-9.4,O=C(N[C@@H]1CCN(Cc2ccc3cc(F)ccc3c2)C1)NS(=O)(=O)c1ccccc1,427.5,78.5,3.24,2,4,5,5.0
TDP43_v2,CHEMBL564411,-9.4,Cn1cc(C2(c3cn(C)c4ccccc34)C(=O)Nc3ccccc32)c2ccccc21,391.5,39.0,4.96,1,1,2,4.0
TDP43_v2,MEFLOQUINE,-9.4,OC(c1cc(C(F)(F)F)nc2c(C(F)(F)F)cccc12)C1CCCCN1,378.3,45.2,4.45,2,3,2,5.0
TDP43_v2,CHEMBL11533,-9.3,O=C(/C=C/c1cccc(OCc2ccc3ccccc3n2)c1)c1cc(-c2nn[nH]n2)ccc1O,449.5,113.9,4.6,2,7,7,4.0
TDP43_v2,CHEMBL11899,-9.3,O=C(/C=C/c1ccc(OCc2ccc3ccccc3n2)cc1)c1cc(-c2nn[nH]n2)ccc1O,449.5,113.9,4.6,2,7,7,4.0
TDP43_v2,CHEMBL1210515,-9.3,O=C(Cn1nc(C2CCCCC2)cc(Cc2ccco2)c1=O)NC1Cc2ccccc2C1,431.5,77.1,3.76,1,4,6,5.0
TDP43_v2,CHEMBL1210643,-9.3,O=C(Cc1nc(-c2ccc3c(c2)OCO3)c2ccccc2n1)NC1Cc2ccccc2C1,423.5,73.3,3.85,1,5,4,5.0
TDP43_v2,CHEMBL14089,-9.3,CN1C[C@H](C(=O)Nc2ccc(Cl)nn2)C[C@@H]2c3ccc(C(C)(C)C)c4[nH]cc(c34)C[C@H]21,438.0,73.9,4.51,2,4,2,5.0
TDP43_v2,CHEMBL1592725,-9.3,Cc1ccc(NC(=O)Cn2nc(N3CCN(c4ccccc4)CC3)ccc2=O)cc1F,421.5,70.5,2.66,1,5,5,5.0
TDP43_v2,CHEMBL18189,-9.3,Cc1ccc(-c2nc(N(C(N)=O)c3c(F)cccc3F)c3ncn(C)c3n2)cc1,394.4,89.9,3.83,1,4,3,5.0
TDP43_v2,CHEMBL1863533,-9.3,Cc1ccc(-c2nc3nc(C)cc(N4CCN(c5cc(Cl)ccc5C)CC4)n3n2)cc1,433.0,49.6,4.7,0,5,3,5.0
TDP43_v2,CHEMBL1863708,-9.3,CC1(C(=O)Nc2cccc(C(F)(F)F)c2)Cc2c(-c3ccc4c(c3)OCO4)ccnc2O1,442.4,69.7,4.83,1,5,3,5.0
TDP43_v2,CHEMBL4434725,-9.3,O=c1cc(Cn2cc(CSc3nc4ccccc4[nH]3)nn2)c2ccc3ccccc3c2o1,439.5,89.6,4.75,1,6,5,5.0
TDP43_v2,CHEMBL4435568,-9.3,CC1(Cc2ccccc2)C(=O)Nc2ccc(-c3ccnc4cnccc34)cc21,365.4,54.9,4.75,1,3,3,5.0
TDP43_v2,CHEMBL4436028,-9.3,O=C1Cc2cc(-c3c(-c4ccc(F)cc4)nn4c(N5CCC(O)CC5)nccc34)ccc2N1,443.5,82.8,3.66,2,5,3,5.0
TDP43_v2,CHEMBL4531084,-9.3,Cc1ccc(-c2cc3c4nn(CC(=O)Nc5cccc(C)c5C)c(=O)n4ccn3n2)cc1C,440.5,85.7,3.68,1,4,4,5.0
TDP43_v2,CHEMBL4532868,-9.3,Fc1ccc(N2CCCn3nc(N[C@@H]4[C@@H]5CC[C@H]4CN(c4ccnc(Cl)c4)C5)nc32)cc1F,471.9,62.1,4.47,1,6,4,4.0
TDP43_v2,CHEMBL4533771,-9.3,Cc1ccc(-c2cc3c4nn(CC(=O)Nc5ccc(F)cc5Cl)c(=O)n4ccn3n2)cc1,450.9,85.7,3.55,1,4,4,4.0
TDP43_v2,CHEMBL4534171,-9.3,Cc1c(CCN2CCN(CCc3ccc4c(c3C)COC4=O)CC2)ccc2c1COC2=O,434.5,59.1,3.05,0,6,6,5.0
TDP43_v2,CHEMBL4534757,-9.3,Cc1cc(C)cc(Nc2nc(C)cc3nn(CC(=O)Nc4ccc(Cl)cc4)c(=O)n23)c1,436.9,93.3,3.85,2,5,5,4.0
TDP43_v2,CHEMBL4543398,-9.3,CC(C)c1cccc(-c2ccc3nnc(-c4ccc5c(c4)NC(=O)CO5)n3c2)c1,384.4,68.5,4.52,1,4,3,5.0
TDP43_v2,CHEMBL4553657,-9.3,CC(c1cc2cccnc2cc1F)n1cnc2ncc(-c3ccncc3)nc21,370.4,69.4,4.18,0,5,3,5.0
TDP43_v2,CHEMBL4567661,-9.3,Nc1ncc(-c2ccc(C(=O)C(F)(F)F)cc2)nc1-c1ccc2c(c1)CCNC2=O,412.4,98.0,3.42,2,5,3,4.0
TDP43_v2,CHEMBL4581818,-9.3,CNC(=O)c1ccc(/C=C/C(=O)c2ccc3c4c(cccc24)CC3)cc1,341.4,46.2,4.19,1,2,4,5.0
TDP43_v2,CHEMBL4584800,-9.3,Cc1ccccc1-c1ccc2nc(N)c(CCC(=O)NC[C@@]34CCCO[C@@H]3CCOC4)cc2c1,459.6,86.5,4.43,2,5,6,4.0
TDP43_v2,CHEMBL4636075,-9.3,O=C1NC(=O)C(c2ccccc2)=C1Nc1ccc(C(=O)Nc2ccccc2)cc1,383.4,87.3,3.42,3,4,5,5.0
TDP43_v2,CHEMBL4637418,-9.3,O=c1[nH]c2ccccc2c2n[nH]c(-c3cn(-c4ccccc4)nc3-c3ccccc3)c12,403.4,79.4,4.92,2,3,3,5.0
TDP43_v2,CHEMBL500662,-9.3,O=c1nc(-c2ccc3[nH]ncc3c2)cc(-c2cccc(OCc3ccccc3)c2)[nH]1,394.4,83.7,4.56,2,4,5,5.0
TDP43_v2,CHEMBL508203,-9.3,O=C(NCc1ccccc1)Nc1nc2ccccc2n2c(=O)n(-c3ccccc3)nc12,410.4,93.3,3.36,2,4,4,4.0
TDP43_v2,CHEMBL514994,-9.3,O=C([C@@H]1CCc2c(Cl)cc(OCc3ccc4ccccc4c3)c(=O)n21)N1CCCC1,422.9,51.5,4.34,0,3,4,5.0
TDP43_v2,CHEMBL517876,-9.3,Cc1ccccc1/C=C1\CN(C)C[C@@]2(C1=O)[C@@H](c1ccccc1C)CN(C)[C@@]21C(=O)Nc2ccccc21,491.6,52.7,4.76,1,4,2,4.0
TDP43_v2,CHEMBL521051,-9.3,O=C1NC(=O)c2c1c(-c1ccccc1)cc1c2c2cc(O)ccc2n1CCN1CCOCC1,441.5,83.8,3.38,2,5,4,5.0
TDP43_v2,CHEMBL558480,-9.3,O=C1C2ON=C(c3cn(-c4ccccc4)nc3-c3ccc(Cl)cc3)C2C(=O)N1c1ccccc1,468.9,76.8,4.49,0,5,4,4.0
TDP43_v2,CHEMBL560348,-9.3,Cn1c2c(c(=O)n(C)c1=O)C(c1cc(F)cc(F)c1F)C1=C(N2)c2ccccc2C1=O,425.4,73.1,2.67,1,4,1,5.0
TDP43_v2,CHEMBL561445,-9.3,N#Cc1cnn2c(-c3cccc(NC(=O)c4cccc(C(F)(F)F)c4)c3)ccnc12,407.4,83.1,4.54,1,4,3,5.0
TDP43_v2,CHEMBL562923,-9.3,O=C(C=C1CCN(C(=O)c2ccc(O)cc2)CC1)N[C@@H]1CCN(Cc2ccc3cc(F)ccc3c2)C1,487.6,72.9,4.24,2,4,5,4.0
TDP43_v2,CHEMBL565043,-9.3,CN1CCN(C(=O)c2cc(-c3ccc(F)cc3F)ccc2OC(=O)c2ccccc2)CC1,436.5,49.9,4.24,0,4,4,5.0
TDP43_v2,CHEMBL565857,-9.3,Cc1[nH]c2ccccc2c1C(=O)C(=O)Nc1cccc2c(O)cccc12,344.4,82.2,4.16,3,3,3,5.0
TDP43_v2,CHEMBL565988,-9.3,Cc1ccc(Cn2ccc3cccc(/C=C/C(=O)NS(=O)(=O)c4cccs4)c32)cc1C,450.6,68.2,4.89,1,4,6,4.0
TDP43_v2,CHEMBL566219,-9.3,c1ccc2cc(Cc3nc4c(N5CCNCC5)cccc4[nH]3)ccc2c1,342.4,44.0,3.72,2,3,3,5.0
TDP43_v2,CHEMBL1210874,-9.2,Cc1ccc(NC(=O)CN2CCN(c3nnc(Cc4ccccc4)c4ccccc34)CC2)c(C)c1,465.6,61.4,4.6,1,5,6,4.0
TDP43_v2,CHEMBL1243011,-9.2,O=C(Cc1ccccc1)NC1CCN(CCCN2C(=O)CCc3c(F)cccc32)CC1,423.5,52.7,3.32,1,3,7,5.0
TDP43_v2,CHEMBL1451971,-9.2,O=c1c2ccccc2nc(/C=C/c2ccc(F)cc2)n1-c1ccccc1O,358.4,55.1,4.4,1,3,3,5.0
TDP43_v2,CHEMBL18210,-9.2,Cn1cnc2c(N(C(N)=O)c3c(F)cccc3F)nc(-c3cc(F)cc(F)c3)nc21,416.3,89.9,3.8,1,4,3,5.0
TDP43_v2,CHEMBL1862076,-9.2,C#CC1(NCc2coc(-c3cccc4ccccc34)n2)CCCCC1,330.4,38.1,4.92,1,3,4,4.0
TDP43_v2,CHEMBL1863929,-9.2,Cc1ccc(C)c(S(=O)(=O)Nc2cccc3ccccc23)c1,311.4,46.2,4.26,1,2,3,5.0
TDP43_v2,CHEMBL19348,-9.2,Oc1nc2c(C(F)(F)F)cc(C#CCN3CCC(Cc4ccc(F)cc4)CC3)cc2[nH]1,431.4,52.2,4.73,2,3,3,5.0
TDP43_v2,CHEMBL20872,-9.2,O=C1Nc2ccccc2C(c2ccccc2F)=NC1Cc1c[nH]c2cc(F)ccc12,401.4,57.2,4.85,2,2,3,5.0
TDP43_v2,CHEMBL23374,-9.2,Cc1c(CCc2cccc3ccccc23)cnc2nc(N)nc(N)c12,329.4,90.7,3.44,2,5,3,4.0
TDP43_v2,CHEMBL23867,-9.2,Cc1c(CNc2cccc3ccccc23)cnc2nc(N)nc(N)c12,330.4,102.7,3.26,3,6,3,4.0
TDP43_v2,CHEMBL27388,-9.2,O=C(c1cccc2ccccc12)c1cn2c3c(cccc13)OCC2CN1CCOCC1,412.5,43.7,4.29,0,4,4,5.0
TDP43_v2,CHEMBL3309444,-9.2,NS(=O)(=O)c1ccc(N2N=C(C(F)(F)F)CC2c2ccc3ccccc3c2)cc1,419.4,75.8,4.36,1,4,3,5.0
TDP43_v2,CHEMBL4436017,-9.2,N#Cc1ccc2c(c1)CN(CC[C@H]1CC[C@H](NC(=O)c3cc4ccc(F)cc4[nH]3)CC1)CC2,444.6,71.9,4.92,2,3,5,5.0
TDP43_v2,CHEMBL4529457,-9.2,O=C(Cn1c(=O)oc2ccccc21)c1cccc2ccccc12,303.3,52.2,3.63,0,3,3,5.0
TDP43_v2,CHEMBL4530028,-9.2,Fc1ccc(-c2nc(Cc3c[nH]c4ccccc34)no2)c(C(F)(F)F)c1,361.3,54.7,4.97,1,3,3,5.0
TDP43_v2,CHEMBL4533979,-9.2,Cc1ccc(C)c(NC(=O)Cn2nc3cc(C)nc(Nc4ccc(F)cc4)n3c2=O)c1,420.4,93.3,3.34,2,5,5,4.0
TDP43_v2,CHEMBL4570672,-9.2,CCN1C(=O)N(C2Cc3ccccc3C2)C(=O)C12CCN(Cc1cc3ccccc3[nH]1)CC2,442.6,59.7,3.95,1,3,4,5.0
TDP43_v2,CHEMBL4570674,-9.2,CN(Cc1ccc2c(c1)OCCO2)C(=O)c1ccc(NC(=O)C23CC4CC(CC(C4)C2)C3)cc1,460.6,67.9,4.88,1,4,5,4.0
TDP43_v2,CHEMBL4573521,-9.2,C#Cc1ccc(-n2c(/C=C/c3ccc(O)cc3)nc3ccccc3c2=O)cc1,364.4,55.1,4.24,1,3,3,5.0
TDP43_v2,CHEMBL4574977,-9.2,O=C1N[C@H](c2cncc(C#Cc3ccccc3)c2)[C@@H](c2ccc(F)cc2F)O1,376.4,51.2,4.28,1,3,2,5.0
TDP43_v2,CHEMBL4583640,-9.2,O=C(c1cc(-c2cccc3ccccc23)nc2ccccc12)N1CCN(c2ncccn2)CC1,445.5,62.2,4.81,0,5,3,5.0
TDP43_v2,CHEMBL4585306,-9.2,Cc1cccc2c(Cc3cc4ccccc4[nH]3)c[nH]c12,260.3,31.6,4.55,2,0,2,4.0
TDP43_v2,CHEMBL4585441,-9.2,Cc1cc(CNC(=O)c2cc(Cn3ccn(C)c3=N)cc(-c3ccc(F)cc3C)c2)ccc1F,460.5,62.8,4.85,2,2,6,4.0
TDP43_v2,CHEMBL4635552,-9.2,O=C1CCN(C(=O)c2cc(Cc3n[nH]c(=O)c4ccccc34)ccc2F)CC1,379.4,83.1,2.46,1,4,3,5.0
TDP43_v2,CHEMBL4637410,-9.2,O=C1CC2(C(=O)Nc3ccc(Cl)cc32)c2c(C3CC3)nn(Cc3ccc(Cl)cc3)c2N1,453.3,76.0,4.7,2,3,3,4.0
TDP43_v2,CHEMBL4637658,-9.2,O=C(Nc1cccc(Cl)c1)C1CCN(C(=O)c2ccc3ccccc3c2)CC1,392.9,49.4,4.98,1,2,3,5.0
TDP43_v2,CHEMBL4637935,-9.2,CC(=O)N1CCN(Cc2ccc3oc(-c4cccc(-c5ccccc5)c4)cc(=O)c3c2)CC1,438.5,53.8,4.79,0,4,4,5.0
TDP43_v2,CHEMBL4638060,-9.2,O=C1NCSC1Cc1ccc(OCCn2nc(-c3ccccc3)c3ccccc3c2=O)cc1,457.6,73.2,3.87,1,5,7,4.0
TDP43_v2,CHEMBL4639614,-9.2,O=C1CSC(N/N=C/c2ccc3ccc4cccc5ccc2c3c45)=N1,343.4,53.8,4.14,1,4,2,5.0
TDP43_v2,CHEMBL510455,-9.2,Cc1cc2c(cc1Cl)SC(C(=O)c1ccc3ccccc3c1)NS2(=O)=O,403.9,63.2,4.39,1,4,2,5.0
TDP43_v2,CHEMBL511318,-9.2,Cc1ccc(C(=O)C2Cc3c(ccc4ccccc34)OC2=O)cc1,316.4,43.4,4.11,0,3,2,5.0
TDP43_v2,CHEMBL514503,-9.2,Nc1ccc(-c2ccc(F)cc2)cc1NC(=O)c1ccc(C(=O)N2CCC3(CCCN3)CC2)cc1,472.6,87.5,4.69,3,4,4,4.0
TDP43_v2,CHEMBL517101,-9.2,O=C(Nc1nnc(CCS(=O)(=O)c2ccc3ccccc3c2)s1)c1ccccc1,423.5,89.0,3.96,1,6,6,5.0
TDP43_v2,CHEMBL518650,-9.2,O=S1(=O)N=C(c2nc(Cc3ccc(F)cc3)c3ccccc3c2O)c2cccc(Cl)c21,452.9,79.6,4.86,1,4,3,4.0
TDP43_v2,CHEMBL519508,-9.2,CCOC(=O)c1c(Cc2cccc(F)c2)[nH]c2c1cc(O)c1ccccc12,363.4,62.3,4.93,2,3,4,5.0
TDP43_v2,CHEMBL520812,-9.2,Cc1cc(C)cc(C2C3=C(COC3=O)Nc3cc4c(cc32)OCO4)c1,335.4,56.8,3.4,1,5,1,5.0
TDP43_v2,CHEMBL521873,-9.2,Cc1ccc2c(N3CCN(CCc4ccc5c(c4)NC(=O)CO5)[C@H](C)C3)cccc2n1,416.5,57.7,3.63,1,5,4,5.0
TDP43_v2,CHEMBL560179,-9.2,Cc1ccccc1C(=O)N[C@H](C)c1cccc2ccccc12,289.4,29.1,4.64,1,1,3,4.0
TDP43_v2,CHEMBL563421,-9.2,Cc1cccc(-c2nc(Nc3cccc(C(N)=O)c3)c3ccccc3n2)n1,355.4,93.8,3.84,2,5,4,4.0
TDP43_v2,CHEMBL566242,-9.2,COc1cnc2c(NCc3nnc4ccc(-c5ccc(F)c(F)c5)nn34)ccnc2c1,419.4,90.1,3.63,1,7,5,4.0
TDP43_v2,NOMEGESTROL ACETATE,-9.2,CC(=O)O[C@]1(C(C)=O)CC[C@H]2[C@@H]3C=C(C)C4=CC(=O)CC[C@@H]4[C@H]3CC[C@@]21C,370.5,60.4,4.19,0,4,2,5.0
TDP43_v2,CHEMBL11131,-9.1,O=C1OC(O)(c2ccccc2)C(Cc2ccccc2)=C1c1ccc2c(c1)OCO2,386.4,65.0,3.81,1,5,4,5.0
TDP43_v2,CHEMBL1210640,-9.1,O=C(Cn1nc(C2CCC(F)(F)CC2)c2ccccc2c1=O)NCCOc1ccccc1,441.5,73.2,3.88,1,4,7,5.0
TDP43_v2,CHEMBL1210767,-9.1,O=C(Nc1ccc(F)c(F)c1)N1CCC2(CC1)C(=O)N(c1cccc(Cl)c1)C2c1cccc[n+]1[O-],498.9,79.6,4.65,1,3,3,4.0
TDP43_v2,CHEMBL14048,-9.1,CN1C[C@H](CNC(=O)c2ccccc2)C[C@@H]2c3cccc4[nH]cc(c34)C[C@H]21,359.5,48.1,3.56,2,2,3,5.0
TDP43_v2,CHEMBL16795,-9.1,Cn1c2ccccc2c2c3c(c(-c4ccccc4)cc21)CNC3=O,312.4,34.0,4.24,1,1,1,4.0
TDP43_v2,CHEMBL1708737,-9.1,O=c1c2ccccc2nc(/C=C/c2ccccc2)n1-c1ccccc1O,340.4,55.1,4.26,1,3,3,5.0
TDP43_v2,CHEMBL1859341,-9.1,Cc1ccccc1-c1nc(CN2CCN(c3cccc(C(F)(F)F)c3)CC2)co1,401.4,32.5,4.99,0,4,4,4.0
TDP43_v2,CHEMBL1865158,-9.1,O=C1CCCc2cc3c(ccc4ccccc43)cc21,246.3,17.1,4.51,0,1,0,4.0
TDP43_v2,CHEMBL19270,-9.1,O=S1(=O)c2cccc3cccc(c23)N1CCN1CCC(Cc2cc3cc(F)ccc3[nH]2)CC1,463.6,56.4,4.92,1,3,5,4.0
TDP43_v2,CHEMBL23584,-9.1,Cc1c(CSc2cccc3ccccc23)cnc2nc(N)nc(N)c12,347.4,90.7,3.94,2,6,3,4.0
TDP43_v2,CHEMBL3310193,-9.1,c1ccc(-c2cc3nccc(-c4ccc5c(c4)CCCC5)n3n2)cc1,325.4,30.2,4.94,0,2,2,4.0
TDP43_v2,CHEMBL4435239,-9.1,O=C1c2cccc3cccc(c23)C(=O)N1CCc1n[nH]c(=S)n1-c1ccccc1,400.5,71.0,3.92,1,4,4,5.0
TDP43_v2,CHEMBL4530518,-9.1,NC(=O)c1cccc(-c2ccc3ncc(-c4cccs4)n3n2)c1,320.4,73.3,3.22,1,4,3,5.0
TDP43_v2,CHEMBL4531945,-9.1,Cc1cc(O)c(=O)c(O)cc1C(=O)c1cccc(-c2cccc3ccccc23)c1,382.4,74.6,4.82,2,4,3,5.0
TDP43_v2,CHEMBL4532886,-9.1,O=c1cc(-c2cccc(N3CCOCC3)c2)oc2c1ccc1ccccc12,357.4,42.7,4.45,0,4,2,5.0
TDP43_v2,CHEMBL4534610,-9.1,O=C(Nc1ccccc1)c1cc(C(=O)Nc2nc3ccccc3[nH]2)cc([N+](=O)[O-])c1,401.4,130.0,3.98,3,5,5,4.0
TDP43_v2,CHEMBL4566557,-9.1,CC(=O)Nc1nc(C)c(-c2cn(S(=O)(=O)c3cccc4ccccc34)c3ccccc23)[nH]1,444.5,96.8,4.69,2,4,4,4.0
TDP43_v2,CHEMBL4568740,-9.1,Cn1c(SCc2ccc(C(=O)Nc3ccccc3N)cc2)nc2cc(F)ccc2c1=O,434.5,90.0,4.2,2,5,5,4.0
TDP43_v2,CHEMBL4569434,-9.1,Cc1cc2nn(CC(=O)Nc3cc(F)ccc3C)c(=O)n2c(Nc2ccc(F)c(C)c2)n1,438.4,93.3,3.48,2,5,5,4.0
TDP43_v2,CHEMBL4570860,-9.1,Cc1cccc(CNC(=O)c2cc(Cn3ccn(C)c3=N)cc(-c3ccc(F)cc3C)c2)c1,442.5,62.8,4.71,2,2,6,5.0
TDP43_v2,CHEMBL4581371,-9.1,Cc1c(C(=O)N(C)Cc2ccc3ncccc3c2)cnn1-c1nc2c(c(=O)[nH]1)CCC2,414.5,96.8,2.57,1,5,4,4.0
TDP43_v2,CHEMBL4581905,-9.1,N#Cc1ccc2cc3c(=O)[nH]c(=O)nc-3n(-c3ccc4c(c3)OC(F)(F)O4)c2c1,394.3,110.0,2.37,1,6,1,4.0
TDP43_v2,CHEMBL4637341,-9.1,Cc1cccc(-c2nn(CC(=O)Nc3cccc(C#N)c3)cc2-c2ccnc3ccccc23)n1,444.5,96.5,4.98,1,5,5,4.0
TDP43_v2,CHEMBL4638498,-9.1,O=[N+]([O-])c1cccc(-c2nnnn2-c2ccc(-c3nc4ccccc4o3)cc2)c1,384.4,112.8,4.05,0,7,4,4.0
TDP43_v2,CHEMBL496562,-9.1,O=c1cc(O)c2ccc3c(c2o1)[C@@H](O)[C@@H](O)C1(O3)C2CC3CC(C2)CC1C3,370.4,100.1,2.48,3,6,0,4.0
TDP43_v2,CHEMBL502005,-9.1,O=C(Nc1nc2ccccc2n2c(=O)n(-c3ccccc3)nc12)c1ccncc1,382.4,94.2,2.68,1,5,3,4.0
TDP43_v2,CHEMBL513763,-9.1,O=c1oc2ccc3ccccc3c2cc1Cc1ccccc1,286.3,30.2,4.54,0,2,2,4.0
TDP43_v2,CHEMBL514266,-9.1,O=C(c1ccccc1)c1ccc2n1CCC2C(=O)NCc1c[nH]c2ccccc12,383.5,66.9,4.0,2,2,5,5.0
TDP43_v2,CHEMBL519126,-9.1,Nc1nc(N)c2c(ccc3c2ccn3Cc2ccccc2C(F)(F)F)n1,357.3,82.7,3.82,2,4,2,5.0
TDP43_v2,CHEMBL521548,-9.1,Cc1ccc(NC(=O)c2ccnc(N3CCCC3)c2)cc1-c1ccc2nc(N)[nH]c(=O)c2c1,440.5,117.0,3.73,3,6,4,4.0
TDP43_v2,CHEMBL524898,-9.1,Cc1cccc(N(C)c2cc(N3CCN(C(=O)Cc4c[nH]c5ccccc45)CC3)ncn2)c1,440.6,68.4,3.93,1,5,5,5.0
TDP43_v2,CHEMBL527647,-9.1,O=C([C@@H]1C[C@H](Nc2cccc3ccccc23)CN1)N1Cc2ccccc2C1,357.5,44.4,3.52,2,3,3,5.0
TDP43_v2,CHEMBL557910,-9.1,O=C(NC(=O)c1ccccc1)NC1c2ccccc2-c2ccccc21,328.4,58.2,3.9,2,2,2,5.0
TDP43_v2,CHEMBL557936,-9.1,O=C(Cc1ccccc1)NC1CCN(Cc2ccc3cc(F)ccc3c2)CC1,376.5,32.3,4.3,1,2,5,4.0
TDP43_v2,CHEMBL560022,-9.1,O=C1C2ON=C(c3cn(-c4ccccc4)nc3-c3ccccc3)C2C(=O)N1c1ccccc1,434.5,76.8,3.83,0,5,4,5.0
TDP43_v2,CHEMBL560198,-9.1,O=C(/C=C/c1ccccc1)N[C@@H]1CCN(Cc2ccc3cc(F)ccc3c2)C1,374.5,32.3,4.38,1,2,5,4.0
TDP43_v2,CHEMBL564040,-9.1,Cn1c2c(c(=O)n(C)c1=O)C(c1cc(F)cc(F)c1)C1=C(N2)c2ccccc2C1=O,407.4,73.1,2.53,1,4,1,5.0
TDP43_v2,CHEMBL565843,-9.1,COc1cnc2c(NCc3nnc4ccc(-c5cc(F)c(F)c(F)c5)nn34)ccnc2c1,437.4,90.1,3.77,1,7,5,4.0
TDP43_v2,CHEMBL9250,-9.1,O=C1c2ccccc2CCCN1CCN1CCC(n2c(=O)oc3cc(F)ccc32)CC1,423.5,58.7,3.46,0,4,4,5.0
TDP43_v2,CHEMBL1210718,-9.0,CCCNC1COCCN1c1nc(N2CCCc3ccccc32)nc(N2CCCc3ccccc32)n1,485.6,69.7,4.2,1,8,6,4.0
TDP43_v2,CHEMBL13816,-9.0,CN1C[C@H](CNC(=O)OCc2ccccc2)C[C@@H]2c3cccc4[nH]cc(c34)C[C@H]21,389.5,57.4,4.05,2,3,4,5.0
TDP43_v2,CHEMBL13979,-9.0,CN1C[C@H](C(=O)Nc2ccc(Cl)nn2)C[C@@H]2c3cccc4[nH]cc(c34)C[C@H]21,381.9,73.9,3.21,2,4,2,5.0
TDP43_v2,CHEMBL18564,-9.0,c1cc(OCc2cccc(-c3nn[nH]n3)c2)cc(OCc2ccc3ccccc3n2)c1,409.4,85.8,4.57,1,6,7,5.0
TDP43_v2,CHEMBL1858494,-9.0,Cc1ccc(Oc2cc(/C(=N/O)N3CCN(c4ccc(F)cc4)CC3)ccn2)c2c1CCC2,446.5,61.2,4.77,1,5,4,5.0
TDP43_v2,CHEMBL1864215,-9.0,CC(=O)c1cccc(-c2ccnc3c2CC(C(=O)N2CCN(C)CC2)O3)c1,365.4,62.7,2.03,0,5,3,5.0
TDP43_v2,CHEMBL2134798,-9.0,CC(=O)c1cccc(NC(=O)C2Cc3c(-c4cccc(F)c4)ccnc3O2)c1,376.4,68.3,4.03,1,4,4,5.0
TDP43_v2,CHEMBL2135253,-9.0,CC(=O)c1cccc(NC(=O)C2Cc3c(-c4ccc(Cl)cc4)ccnc3O2)c1,392.8,68.3,4.55,1,4,4,5.0
TDP43_v2,CHEMBL2361580,-9.0,CC1(C(=O)Nc2cccc3c2CCCC3)CCN1C(=O)c1cccc(F)c1,366.4,49.4,3.95,1,2,3,5.0
TDP43_v2,CHEMBL24898,-9.0,COc1ccc(Cc2cc(C3CCN(C(=O)c4ccc(Cl)c(Cl)c4)CC3)nc(N)n2)cc1,471.4,81.3,4.98,1,5,5,4.0
TDP43_v2,CHEMBL28471,-9.0,Cc1ccc(/C=C2\CCCc3ccccc3C2=O)cc1,262.4,17.1,4.6,0,1,1,4.0
TDP43_v2,CHEMBL4435911,-9.0,C[C@@H](NC(=O)N1C(=O)C[C@H]1Sc1c(F)c(F)c(F)c(F)c1F)c1ccccc1,416.4,49.4,4.5,1,3,4,5.0
TDP43_v2,CHEMBL4529563,-9.0,N#Cc1ccc(CN2CCN(c3ccc(-c4nc5ccccc5[nH]4)cn3)CC2)cc1,394.5,71.8,3.82,1,5,4,5.0
TDP43_v2,CHEMBL4530227,-9.0,O=C(c1ccc(Cl)cc1)N1CCCC(C(=O)N2CCN(Cc3ccc4c(c3)CCO4)CC2)C1,468.0,53.1,3.47,0,4,4,4.0
TDP43_v2,CHEMBL4531109,-9.0,O=C1Nc2ccccc2N/C1=C\C(=O)c1cccc2ccccc12,314.3,58.2,3.97,2,3,2,5.0
TDP43_v2,CHEMBL4532334,-9.0,O=C(/C=C/c1ccc2ccccc2n1)N1CCCC(c2nc3ccccc3[nH]2)C1,382.5,61.9,4.53,1,3,3,5.0
TDP43_v2,CHEMBL4532846,-9.0,Cc1ccc(NCc2ccnn2-c2nnc(N3CCC(C(=O)NC4CCCCC4C)CC3)s2)cc1,493.7,88.0,4.56,2,7,7,4.0
TDP43_v2,CHEMBL4533171,-9.0,CC(=O)Nc1cccc(Nc2nccc3[nH]c(-c4ccccc4)cc23)c1,342.4,69.8,4.93,3,3,4,5.0
TDP43_v2,CHEMBL4543357,-9.0,O=C(/C=C/c1ccc2c(c1)OCO2)N1CCN(CCN2C(=O)c3cccc4cccc(c34)C2=O)CC1,483.5,79.4,3.02,0,6,5,4.0
TDP43_v2,CHEMBL4563668,-9.0,Cc1ccccc1-c1cn2c(-c3ccc(CO)cc3)cnc2cn1,315.4,50.4,3.86,1,3,3,5.0
TDP43_v2,CHEMBL4564744,-9.0,NC(=O)c1cc(-c2ccc(F)cc2)cc2c(C3CCS(=O)(=O)CC3)c[nH]c12,386.4,93.0,3.37,2,3,3,4.0
TDP43_v2,CHEMBL4567872,-9.0,O=C1CC(c2cccc3ccccc23)c2c([nH]c(-c3ccccc3)nc2=O)N1,367.4,74.8,4.06,2,3,2,5.0
TDP43_v2,CHEMBL4567878,-9.0,Cc1cc(F)ccc1-c1cc(Cn2ccn(C)c2=N)cc(C(=O)NCc2ccccc2)c1,428.5,62.8,4.4,2,2,6,5.0
TDP43_v2,CHEMBL4568132,-9.0,Cn1c2c(cc(-c3ccccc3)c1=O)CN(Cc1cnn(-c3ccc(F)cc3)c1)CC2,414.5,43.1,3.94,0,3,4,5.0
TDP43_v2,CHEMBL4569326,-9.0,COc1ccc(S(=O)(=O)Nc2ccc3[nH]c(=O)c4ccccc4c3c2)cc1,380.4,88.3,3.49,2,4,4,5.0
TDP43_v2,CHEMBL4570458,-9.0,Nc1ncc(-c2ccc3c(c2)CNS3(=O)=O)cc1-c1ccc2c(c1)CCNC2=O,406.5,114.2,2.08,3,5,2,4.0
TDP43_v2,CHEMBL4573526,-9.0,Cc1[nH]c2c(-c3ccccc3)c(-c3ccccc3)nn2c(=O)c1-c1ccc2ncnc(N)c2c1,444.5,102.0,4.86,2,5,3,4.0
TDP43_v2,CHEMBL4575360,-9.0,O=C(NCC#Cc1cccc(C(F)(F)F)c1)c1[nH]nc2ccccc12,343.3,57.8,3.36,2,2,2,5.0
TDP43_v2,CHEMBL4581006,-9.0,Cc1c(-c2ccccc2)oc2c(C(=O)N3CCc4ccccc4C3)cccc2c1=O,395.5,50.5,4.97,0,3,2,5.0
TDP43_v2,CHEMBL4582265,-9.0,Cc1cc(C)n2ncc(C(=O)Nc3cccc(/C=C/c4ccccn4)c3)c2n1,369.4,72.2,4.16,1,4,4,5.0
TDP43_v2,CHEMBL4583721,-9.0,COc1cccc(C2C(C#N)=C(N)Oc3c2ccc2ccccc32)c1,328.4,68.3,4.07,1,4,2,5.0
TDP43_v2,CHEMBL4636909,-9.0,Nc1ncnc2c1c(Oc1cc(C(F)(F)F)ccn1)nn2[C@@H]1CC(F)(F)CC[C@H]1O,430.3,112.0,3.34,2,7,3,4.0
TDP43_v2,CHEMBL4637048,-9.0,O=C(c1ccc(F)cc1)c1cccc(/C=c2\[nH]c(=O)/c(=C/c3nc[nH]c3C3CC3)[nH]c2=O)c1,442.5,111.5,1.69,3,4,5,4.0
TDP43_v2,CHEMBL4638558,-9.0,O=C(/C=C/c1ccccc1)[C@@H]1[C@@H](c2ccccc2)[C@@H]2CSCN2C12C(=O)Nc1ccccc12,452.6,49.4,4.91,1,4,4,4.0
TDP43_v2,CHEMBL497832,-9.0,Cc1ccc2c(ccc3c(C#N)cc(C(=O)c4ccccc4)n32)c1,310.4,45.3,4.5,0,2,2,5.0
TDP43_v2,CHEMBL498114,-9.0,Cc1cccc(C)c1CCc1cc(-n2ccccc2=O)cn2c(C)c(C)nc12,371.5,39.3,4.5,0,2,4,4.0
TDP43_v2,CHEMBL498471,-9.0,OC1(c2cccnc2)CCc2cc(-c3ccc(F)cc3)ccc21,305.4,33.1,4.07,1,2,2,4.0
TDP43_v2,CHEMBL498585,-9.0,O=c1[nH]c2c(c(-c3ccccc3)nn2-c2ccccc2)c2c1CCC2,327.4,50.7,3.87,1,2,2,5.0
TDP43_v2,CHEMBL509408,-9.0,Cc1ccc(C(=O)c2cc(C#N)c3ccc4ccccc4n23)cc1,310.4,45.3,4.5,0,2,2,5.0
TDP43_v2,CHEMBL511169,-9.0,O=C1CCC2(Oc3cccc4cccc(c34)O2)c2cccc(O)c21,318.3,55.8,4.15,1,4,0,5.0
TDP43_v2,CHEMBL512012,-9.0,NC(=O)CCn1c2ccc(O)cc2c2c3c(c(-c4ccccc4)cc21)C(=O)NC3=O,399.4,114.4,2.93,3,4,4,4.0
TDP43_v2,CHEMBL512187,-9.0,C[C@@]12CCC(=O)c3coc(c31)C(=O)c1cc3c(O)ccc(O)c3cc12,334.3,87.7,3.67,2,5,0,5.0
TDP43_v2,CHEMBL513759,-9.0,CC1(C)C(c2cccc(C(F)(F)F)c2)=C(c2nc3c(C(N)=O)cccc3[nH]2)C(C)(C)N1O,444.5,95.2,4.85,3,4,3,4.0
TDP43_v2,CHEMBL516662,-9.0,N#Cc1cc(C(=O)c2ccc(N3CCNCC3)cc2)n2c1ccc1ccccc12,380.5,60.5,3.6,1,4,3,5.0
TDP43_v2,CHEMBL519891,-9.0,CN(C)CCn1c2ccc(O)cc2c2c3c(c(-c4ccccc4)cc21)C(=O)NC3=O,399.5,74.6,3.61,2,4,4,5.0
TDP43_v2,CHEMBL522461,-9.0,COc1ccccc1-c1cc(=O)n2nc(C)c(-c3ccc(Br)cc3)c2[nH]1,410.3,59.4,4.44,1,3,3,5.0
TDP43_v2,CHEMBL523656,-9.0,O=C1Oc2ccc3ccccc3c2CC1C(=O)c1cccc(Cl)c1,336.8,43.4,4.45,0,3,2,5.0
TDP43_v2,CHEMBL524614,-9.0,Cc1ccc(CON2C(N)=NC(N)=NC23CCCCC3)c2ccccc12,351.5,89.2,3.19,2,6,3,5.0
TDP43_v2,CHEMBL525897,-9.0,O=C(NC(=O)c1c(F)cccc1F)NC1c2ccccc2-c2ccccc21,364.4,58.2,4.17,2,2,2,5.0
TDP43_v2,CHEMBL526044,-9.0,COc1cc(F)c2ncc(C#N)c(CCN3CCC(NCc4ccc5c(c4)OCCO5)CC3)c2c1,476.6,79.6,3.82,1,7,7,4.0
TDP43_v2,CHEMBL559683,-9.0,O=C(C(=O)N1CCc2cc(F)ccc21)c1c[nH]c2ccc(F)cc12,326.3,53.2,3.22,1,2,2,5.0
TDP43_v2,CHEMBL561557,-9.0,COc1ccc2ccccc2c1-c1cc(C(=O)N/N=C/c2cccs2)[nH]n1,376.4,79.4,4.06,2,5,5,5.0
TDP43_v2,CHEMBL563850,-9.0,Cc1c(-c2cccc3ccccc23)c(=O)[nH]c2cc3c(cc12)OCO3,329.4,51.3,4.39,1,3,1,5.0
TDP43_v2,CHEMBL564523,-9.0,Cc1cccc(C)c1C(=O)N[C@H](C)c1ccc2ccccc2c1,303.4,29.1,4.95,1,1,3,4.0
TDP43_v2,DESOGESTREL,-9.0,C#C[C@]1(O)CC[C@H]2[C@@H]3CCC4=CCCC[C@@H]4[C@H]3C(=C)C[C@@]21CC,310.5,20.2,4.87,1,1,1,4.0
TDP43_v2,DIENOGEST,-9.0,C[C@]12CCC3=C4CCC(=O)C=C4CC[C@H]3[C@@H]1CC[C@@]2(O)CC#N,311.4,61.1,3.84,1,3,1,5.0
TDP43_v2,CHEMBL1206701,-8.9,O=C(O)c1ccc2c(c1)nc(O)c1cc(F)ccc12,257.2,70.4,2.93,2,3,1,5.0
TDP43_v2,CHEMBL1208812,-8.9,C[C@]12CNC[C@](C)(O1)[C@@H]1C(=O)N(c3ccc(C#N)c(C(F)(F)F)c3)C(=O)[C@@H]12,379.3,82.4,1.83,1,5,1,5.0
TDP43_v2,CHEMBL1210872,-8.9,Cc1cccc(Cl)c1NC(=O)CN1CCN(c2nnc(Cc3ccccc3)c3ccccc23)CC1,486.0,61.4,4.94,1,5,6,4.0
TDP43_v2,CHEMBL1242845,-8.9,Cc1nn(-c2ccccc2)nc1Cn1nc(-c2ccc(F)c(O)c2)c2c(N)ncnc21,416.4,120.6,2.86,2,7,4,4.0
TDP43_v2,CHEMBL1243052,-8.9,O=C1OC(=O)c2cc(Oc3ccc4c(c3)C(=O)OC4=O)ccc21,310.2,96.0,2.1,0,7,2,4.0
TDP43_v2,CHEMBL16488,-8.9,O=C(Nc1nc2ccccc2n2c(=O)n(-c3ccccc3)nc12)c1ccccc1,381.4,81.3,3.29,1,4,3,5.0
TDP43_v2,CHEMBL18339,-8.9,c1ccc2nc(COc3ccc(COc4ccc(-c5nn[nH]n5)cc4)cc3)ccc2c1,409.4,85.8,4.57,1,6,7,5.0
TDP43_v2,CHEMBL1859424,-8.9,Cc1cn(/C(=N\O)c2ccc(C)nc2Oc2ccc3ccccc3c2)cn1,358.4,72.5,4.52,1,5,3,5.0
TDP43_v2,CHEMBL18597,-8.9,c1cc(COc2ccc(OCc3ccc4ccccc4n3)cc2)cc(Cc2nnn[nH]2)c1,423.5,85.8,4.5,1,6,8,5.0
TDP43_v2,CHEMBL1864417,-8.9,C[C@@H](CN1CC=C(n2c(=O)[nH]c3ccccc32)CC1)NC(=O)c1ccc2ccccc2c1,426.5,70.1,3.85,2,3,5,5.0
TDP43_v2,CHEMBL1864835,-8.9,CC1(C(=O)NCC2CC2)Cc2c(-c3cccc(C(F)(F)F)c3)ccnc2O1,376.4,51.2,3.99,1,3,4,5.0
TDP43_v2,CHEMBL1864851,-8.9,O=C(Nc1cccc(C(F)(F)F)c1)C1Cc2c(-c3ccco3)ccnc2O1,374.3,64.4,4.3,1,4,3,5.0
TDP43_v2,CHEMBL1865211,-8.9,Cc1ccc(-c2cc3ncc4c(n3n2)-c2cc(C)ccc2OC4)cc1,327.4,39.4,4.57,0,3,1,4.0
TDP43_v2,CHEMBL19991,-8.9,Cc1nnc2n1-c1ccc(C#CCCN3C(=O)c4ccccc4C3=O)cc1C(c1ccccc1F)=NC2,489.5,80.5,4.1,0,5,3,4.0
TDP43_v2,CHEMBL23211,-8.9,Nc1nc(N)c2cc(CNc3cccc4ccccc34)ccc2n1,315.4,89.8,3.56,3,5,3,5.0
TDP43_v2,CHEMBL4435881,-8.9,CC1(C)Oc2c(c(=O)[nH]c3ccccc23)[C@H]2[C@@H](Cl)[C@](C)(O)CC[C@@H]21,347.8,62.3,3.55,2,3,0,5.0
TDP43_v2,CHEMBL4436007,-8.9,O=C(Nc1nc2nccc(-c3ccccc3)n2n1)c1cccc([N+](=O)[O-])c1,360.3,115.3,2.95,1,6,4,4.0
TDP43_v2,CHEMBL4436041,-8.9,c1ccc(COc2cccc(Nc3ncnc4cc5c(cc34)OCCOCCO5)c2)cc1,429.5,74.7,4.74,1,7,5,5.0
TDP43_v2,CHEMBL4529982,-8.9,N=C(N)N/N=C\c1cn(S(=O)(=O)c2ccccc2)c2ccccc12,341.4,113.3,1.7,3,4,4,4.0
TDP43_v2,CHEMBL4530081,-8.9,O=C(CN1CCN(CCN2C(=O)c3cccc4cccc(c34)C2=O)CC1)Nc1nc2ccccc2s1,499.6,85.9,3.3,1,7,6,4.0
TDP43_v2,CHEMBL4530239,-8.9,Cc1cccc2nc(-c3c[nH]c4ncc(F)cc34)nc(N[C@H]3C4CCC(CC4)[C@@H]3C(=O)O)c12,445.5,103.8,4.92,3,5,4,4.0
TDP43_v2,CHEMBL4530727,-8.9,Cc1nn(-c2ccc(F)cc2)c2c1C(c1ccccc1)CS(=O)(=O)O2,358.4,61.2,3.17,0,4,2,5.0
TDP43_v2,CHEMBL4531795,-8.9,Cc1ccc(-c2cc3c4nn(CC(=O)Nc5ccc(C)c(Cl)c5)c(=O)n4ccn3n2)cc1C,460.9,85.7,4.03,1,4,4,4.0
TDP43_v2,CHEMBL4533228,-8.9,O=C1CCC[C@@H]2[C@H]3CC([C@H]4CC[C@H]5CN6C(=O)CCC[C@@H]6[C@H]6CCCN4[C@@H]56)=CN4CCC[C@@H](CN12)[C@@H]34,492.7,47.1,3.62,0,4,1,4.0
TDP43_v2,CHEMBL4534366,-8.9,NC(=O)c1ccc(-c2cnn3ccc(NCc4ccncc4)nc23)cc1,344.4,98.2,2.5,2,5,5,4.0
TDP43_v2,CHEMBL4534391,-8.9,O=C(COc1ccc(-c2nc3ccccc3c(=O)[nH]2)cc1O)Nc1ccc(Cl)cc1,421.8,104.3,3.97,3,5,5,4.0
TDP43_v2,CHEMBL4534507,-8.9,N[C@@H]1C[C@@H]2CCCC[C@H]2[C@@H]1/C=C\C=C\[C@H]1[C@@H]2CCCC[C@H]2C[C@@H]1N,328.5,52.0,4.41,2,2,3,5.0
TDP43_v2,CHEMBL4543405,-8.9,O=C(COc1ccc2c3c(c(=O)oc2c1)CCC3)Nc1nc(-c2ccccn2)cs1,419.5,94.3,3.82,1,7,5,4.0
TDP43_v2,CHEMBL4543497,-8.9,CN1C[C@H](Nc2nc3cc[nH]c3c(=O)n2C)C[C@H](c2ccc(Oc3ccccc3)cc2)C1,429.5,75.2,3.95,2,5,5,5.0
TDP43_v2,CHEMBL4565024,-8.9,O=S(=O)(C1=Cc2ccccc2CC1)N1CCOC2CCCCC21,333.5,46.6,2.95,0,3,2,5.0
TDP43_v2,CHEMBL4568472,-8.9,c1ccc(-c2cc(Cn3cc(Cn4ccc5cncnc54)nn3)cc(-c3ccccc3)n2)cc1,443.5,74.3,4.85,0,5,6,5.0
TDP43_v2,CHEMBL4570029,-8.9,NC(=O)c1ccc(-c2cnn3ccc(NCc4cccnc4)nc23)cc1,344.4,98.2,2.5,2,5,5,4.0
TDP43_v2,CHEMBL4571586,-8.9,Fc1cccc(-c2cn3c(-c4ccc5ncccc5c4)cnc3cn2)c1,340.4,43.1,4.75,0,3,2,5.0
TDP43_v2,CHEMBL4571740,-8.9,COc1cc(C2C(C#N)=C(N)Oc3c2ccc2ccccc32)ccc1O,344.4,88.5,3.77,2,5,2,5.0
TDP43_v2,CHEMBL4571828,-8.9,Nc1ncc(-c2cccc(O)c2)cc1-c1cccc(C(F)(F)F)c1,330.3,59.1,4.72,2,3,2,5.0
TDP43_v2,CHEMBL4573138,-8.9,COc1cc2ncnc(C3CCN(C(=O)c4ccc(C(C)(C)C)cc4)CC3)c2cc1OC,433.6,64.6,4.96,0,5,4,5.0
TDP43_v2,CHEMBL4581840,-8.9,O=c1cc(O)c2c(=O)oc3ccc4ccccc4c3c2o1,280.2,80.6,2.76,1,5,0,5.0
TDP43_v2,CHEMBL4582483,-8.9,O=C(CSc1nnc(-c2ccccc2)[nH]1)N1c2ccccc2OCC1c1ccccc1,428.5,71.1,4.73,1,5,5,5.0
TDP43_v2,CHEMBL4583461,-8.9,c1cnc2cc(OCc3ccc4ccccc4n3)ccc2c1,286.3,35.0,4.36,0,3,3,4.0
TDP43_v2,CHEMBL4585023,-8.9,Cc1ccc(-c2ccc3nnc(CCC(=O)NCc4ccc(C(F)(F)F)cc4)n3n2)cc1C,453.5,72.2,4.68,1,4,6,4.0
TDP43_v2,CHEMBL4585282,-8.9,Cc1ccc(NC(=O)Cn2nc3c4cc(-c5ccc(C)c(C)c5)nn4ccn3c2=O)cc1,426.5,85.7,3.37,1,4,4,5.0
TDP43_v2,CHEMBL4585368,-8.9,CCc1ccc(NC(=O)Cn2nc3cc(C)nc(Nc4ccc(F)c(C)c4)n3c2=O)cc1,434.5,93.3,3.59,2,5,6,4.0
TDP43_v2,CHEMBL4634867,-8.9,O=C(NCC1CCOC1)c1n[nH]c2ccc(-c3cccc(F)c3F)cc12,357.4,67.0,3.27,2,3,4,5.0
TDP43_v2,CHEMBL4635784,-8.9,Oc1nc2nonc2nc1Nc1ccc2ccccc2c1,279.3,97.0,2.62,2,7,2,4.0
TDP43_v2,CHEMBL4636132,-8.9,O=S(=O)(c1cc2c(Nc3ccc(F)c(C(F)(F)F)c3)nn(C3CC3)c2cn1)N1CCOCC1,485.5,89.3,3.69,1,6,5,4.0
TDP43_v2,CHEMBL4636148,-8.9,CN1CCc2cccc3c2C1Cc1ccc(NC(N)=O)cc1-3,293.4,58.4,2.93,2,2,1,5.0
TDP43_v2,CHEMBL4636994,-8.9,O=C(NO)c1cccc(-c2nc(CSc3ccccc3)n[nH]2)c1,326.4,90.9,2.88,3,5,5,4.0
TDP43_v2,CHEMBL4637558,-8.9,O=C(O)c1ccc(/C=C/C(=O)c2cccc3ccccc23)cc1,302.3,54.4,4.43,1,2,4,5.0
TDP43_v2,CHEMBL4638063,-8.9,Cc1ccc2[nH]cc(C(=O)NC3CCc4ccccc43)c2c1,290.4,44.9,3.89,2,1,2,5.0
TDP43_v2,CHEMBL497779,-8.9,O=c1c2cccc(/C=N\Nc3ccccc3)c2oc2cc(O)cc(O)c12,346.3,95.1,3.8,3,6,3,4.0
TDP43_v2,CHEMBL498130,-8.9,O=C(NCCc1c[nH]c2ccccc12)c1cccc(-c2ccccc2)c1,340.4,44.9,4.81,2,1,5,5.0
TDP43_v2,CHEMBL498237,-8.9,O=C1NC(c2ccccc2)=N/C1=C\c1c[nH]c2ccccc12,287.3,57.2,3.09,2,2,2,5.0
TDP43_v2,CHEMBL498544,-8.9,O=C1NC(NCC23CC4CC(CC(C4)C2)C3)=N/C1=C\c1c[nH]c2ncccc12,375.5,82.2,3.2,3,4,3,5.0
TDP43_v2,CHEMBL502133,-8.9,O=C(Cc1ccccc1)NCCC(c1ccccc1)c1ccccc1,329.4,29.1,4.57,1,1,7,4.0
TDP43_v2,CHEMBL502569,-8.9,Cc1ccc([C@H]2CC=CC(=O)O2)c2ccccc12,238.3,26.3,3.69,0,2,1,4.0
TDP43_v2,CHEMBL504803,-8.9,N#Cc1cc(C(=O)c2ccc(Cl)cc2)n2c1ccc1ccccc12,330.8,45.3,4.85,0,2,2,5.0
TDP43_v2,CHEMBL505698,-8.9,Cc1cccc(NC(=O)Nc2cccc(-c3cnc4ccnn4c3N)c2)c1,358.4,97.3,3.93,3,4,3,4.0
TDP43_v2,CHEMBL509913,-8.9,Cn1c(N/N=C(/C=C/c2ccccc2)c2ccccc2)nc2ccccc2c1=O,380.5,59.3,4.46,1,4,5,5.0
TDP43_v2,CHEMBL511605,-8.9,CC1(C)Cc2nc(N3CCOc4ccc(-c5ccccc5)cc43)sc2C(=O)N1,391.5,54.5,4.41,1,5,2,5.0
TDP43_v2,CHEMBL514360,-8.9,c1ccc(-c2cccc(-c3cncc4sc(-c5nnn[nH]5)cc34)c2)cc1,355.4,67.3,4.81,1,5,3,5.0
TDP43_v2,CHEMBL515644,-8.9,O=C(CNC(=O)c1ccc(F)cc1)NCC1c2ccccc2COc2ccc(F)cc21,422.4,67.4,3.54,2,3,5,5.0
TDP43_v2,CHEMBL516823,-8.9,N#Cc1cc(C(=O)c2ccc(-n3cccn3)cc2)n2c1ccc1ccccc12,362.4,63.1,4.38,0,3,3,5.0
TDP43_v2,CHEMBL518019,-8.9,CC1(C)c2[nH]c3cc(Cl)ccc3c2C[C@@]23NC(=O)[C@]4(CCCN4C2=O)C[C@@H]13,383.9,65.2,2.9,2,2,0,5.0
TDP43_v2,CHEMBL518633,-8.9,CC1(C)C=Cc2c(ccc3c4c([nH]c23)C(C)(C)[C@@H]2C[C@]35CCCN3C(=O)[C@]2(NC5=O)C4=O)O1,445.5,91.5,3.08,2,4,0,4.0
TDP43_v2,CHEMBL518824,-8.9,Nc1nc2[nH]c(-c3ccnc(/C=C/c4ccccc4)c3)cc2c(=O)[nH]1,329.4,100.4,3.07,3,4,3,4.0
TDP43_v2,CHEMBL520129,-8.9,O=C(Nc1ccc2cnn(S(=O)(=O)c3cccc4ccccc34)c2c1)C1CCCNC1,434.5,93.1,3.36,2,5,4,4.0
TDP43_v2,CHEMBL520593,-8.9,CN1CCN(c2cccc3[nH]c(-c4n[nH]c5cc(C6=CCC7C=COC7=C6)ccc45)nc23)CC1,450.5,73.1,4.69,2,5,3,4.0
TDP43_v2,CHEMBL521727,-8.9,Cc1ccc(/C(=N/NC(N)=S)c2cc(C(F)(F)F)cc(C(F)(F)F)c2)cc1,405.4,50.4,4.62,2,2,3,5.0
TDP43_v2,CHEMBL521809,-8.9,O=C(c1cccc(Cc2n[nH]c(=O)c3ccccc23)c1)N1CCN(c2ncccn2)CC1,426.5,95.1,2.27,1,6,4,4.0
TDP43_v2,CHEMBL521844,-8.9,Fc1ccc(C2(c3ccc(F)cc3)CNC(c3ccccc3Cl)=N2)cc1,368.8,24.4,4.91,1,2,3,4.0
TDP43_v2,CHEMBL521850,-8.9,CN1CCC(N(C)c2ccc3nnc(-c4cccc(C(F)(F)F)c4)n3n2)CC1,390.4,49.6,3.34,0,5,3,5.0
TDP43_v2,CHEMBL523244,-8.9,Cc1cccc(C2=N/C(=C\c3c[nH]c4ncccc34)C(=O)N2)c1,302.3,70.1,2.79,2,3,2,5.0
TDP43_v2,CHEMBL524988,-8.9,O=C1OC2(CCN(c3nc4c(-c5ccccc5)cccc4[nH]3)CC2)c2ccccc21,395.5,58.2,4.9,1,4,2,5.0
TDP43_v2,CHEMBL525149,-8.9,Nc1nc(N)c2c(ccc3c2ccn3Cc2cccc(F)c2)n1,307.3,82.7,2.94,2,4,2,5.0
TDP43_v2,CHEMBL525523,-8.9,COc1ccc2ncc(F)c(CCN3CC[C@@H](CNCc4cc(C)c5c(c4)OCCO5)C3)c2n1,466.6,68.7,3.51,1,7,8,4.0
TDP43_v2,CHEMBL527851,-8.9,COc1ccc2nccc([C@@H](O)CN3CCC(NCc4cc5cccc6c5n(c4=O)CCC6)CC3)c2c1,498.6,79.6,3.79,2,6,7,4.0
TDP43_v2,CHEMBL557057,-8.9,O=C1Nc2ccccc2C1(c1c[nH]c2ccccc12)c1c[nH]c2ccccc12,363.4,60.7,4.94,3,1,2,5.0
TDP43_v2,CHEMBL558255,-8.9,O=C(c1cccc(C(F)(F)F)c1)c1ccc2ccccc2n1,301.3,30.0,4.48,0,2,2,4.0
TDP43_v2,CHEMBL558675,-8.9,Cc1ccc(N2C(=O)C3ON=C(c4cn(-c5ccccc5)nc4-c4ccc(Cl)cc4)C3C2=O)cc1,482.9,76.8,4.79,0,5,4,4.0
TDP43_v2,CHEMBL561061,-8.9,Cc1ccc(CN)cc1C(=O)N[C@H](C)c1cccc2ccccc12,318.4,55.1,4.1,2,2,4,5.0
TDP43_v2,CHEMBL561136,-8.9,Cc1ccc2c(c1)CCN2C(=O)C(=O)c1c[nH]c2ccccc12,304.3,53.2,3.25,1,2,2,5.0
TDP43_v2,CHEMBL561765,-8.9,O=c1cc(-c2ccnc3ccccc23)[nH]c2cc3c(cc12)OCO3,316.3,64.2,3.47,1,4,1,5.0
TDP43_v2,CHEMBL562112,-8.9,O=C(CC1(CC(=O)NC2C3CC4CC(C3)CC2C4)CCCC1)NCc1ccccc1,408.6,58.2,4.58,2,2,7,5.0
TDP43_v2,CHEMBL564972,-8.9,O=C1COc2ccc(-c3cc(-c4ccccc4)cc(-c4ccc5oc(=O)[nH]c5c4)n3)cc2N1,435.4,97.2,4.85,2,5,3,4.0
TDP43_v2,CHEMBL565122,-8.9,C[C@H](Cc1ccccc1)n1c(-c2ccccc2O)nc2ccnc(C(F)(F)F)c2c1=O,425.4,68.0,4.99,1,4,4,5.0
TDP43_v2,CHEMBL565350,-8.9,CN1CCN(c2ccc3[nH]c(Cc4ccc5ccccc5c4)nc3c2)CC1,356.5,35.2,4.06,1,3,3,4.0
TDP43_v2,CHEMBL565856,-8.9,Cc1cccc(CNc2ncnc3ccc(-c4ccc5c(c4)OCO5)cc23)c1,369.4,56.3,4.95,1,5,4,5.0
TDP43_v2,CHEMBL565960,-8.9,c1ccc2c(Nc3noc4ccccc34)cccc2c1,260.3,38.1,4.72,1,3,2,4.0
TDP43_v2,CHEMBL566234,-8.9,c1ccc(-c2n[nH]cc2-c2ccnc(-c3ccc(CNC4CCCOC4)cc3)c2)nc1,411.5,75.7,4.47,2,5,6,5.0
TDP43_v2,CHEMBL566257,-8.9,O=C(c1ccc(CN2CCC3(CC2)OCc2cc(F)ncc23)cc1)c1ccc(F)c(F)c1,438.4,42.4,4.75,0,4,4,5.0
TDP43_v2,ESTRONE SULFURIC ACID,-8.9,C[C@]12CC[C@@H]3c4ccc(OS(=O)(=O)O)cc4CC[C@H]3[C@@H]1CCC2=O,350.4,80.7,3.29,1,4,2,5.0
TDP43_v2,ESTRONE,-8.9,C[C@]12CC[C@@H]3c4ccc(O)cc4CC[C@H]3[C@@H]1CCC2=O,270.4,37.3,3.82,1,2,0,4.0
TDP43_v2,ETONOGESTREL,-8.9,C#C[C@]1(O)CC[C@H]2[C@@H]3CCC4=CC(=O)CC[C@@H]4[C@H]3C(=C)C[C@@]21CC,324.5,37.3,4.05,1,2,1,4.0
TDP43_v2,FLUOROESTRADIOL F-18,-8.9,C[C@]12CC[C@@H]3c4ccc(O)cc4CC[C@H]3[C@@H]1C[C@@H]([18F])[C@@H]2O,289.4,40.5,3.56,2,2,0,5.0
TDP43_v2,FLUOROESTRADIOL,-8.9,C[C@]12CC[C@@H]3c4ccc(O)cc4CC[C@H]3[C@@H]1C[C@@H](F)[C@@H]2O,290.4,40.5,3.56,2,2,0,5.0
TDP43_v2,NOMEGESTROL,-8.9,CC(=O)[C@@]1(O)CC[C@H]2[C@@H]3C=C(C)C4=CC(=O)CC[C@@H]4[C@H]3CC[C@@]21C,328.5,54.4,3.61,1,3,1,5.0
TDP43_v2,PERAMPANEL,-8.9,N#Cc1ccccc1-c1cc(-c2ccccn2)cn(-c2ccccc2)c1=O,349.4,58.7,4.44,0,3,3,5.0
TDP43_v2,CHEMBL1204537,-8.8,O=C(O)[C@@H]1CSc2c(C3CC3)c(Cc3cccc4ccccc34)cc(=O)n21,377.5,59.3,4.2,1,3,4,5.0
TDP43_v2,CHEMBL1210517,-8.8,O=C(Cn1nc(C2CCCCC2)cc(Cc2ccoc2)c1=O)NC1Cc2ccccc2C1,431.5,77.1,3.76,1,4,6,5.0
TDP43_v2,CHEMBL1210606,-8.8,Cc1ccc(F)cc1NC(=O)CN1CCN(c2nnc(Cc3ccncc3)c3ccccc23)CC1,470.6,74.2,3.82,1,6,6,4.0
TDP43_v2,CHEMBL1210671,-8.8,O=C(CN1CCN(c2nnc(Cc3ccncc3)c3ccccc23)CC1)Nc1c(F)cccc1F,474.5,74.2,3.65,1,6,6,4.0
TDP43_v2,CHEMBL1242906,-8.8,Cc1ccc(C(/C=C/c2c[nH]c3ccccc23)=C2C(=O)NC(=O)NC2=O)cc1,371.4,91.1,3.31,3,3,3,4.0
TDP43_v2,CHEMBL1355230,-8.8,Fc1ccc(Nc2nc3nonc3nc2Nc2cccc(C(F)(F)F)c2)cc1,390.3,88.8,4.66,2,7,4,5.0
TDP43_v2,CHEMBL13694,-8.8,CC1=C(C(=O)OC(c2ccccc2)c2ccccc2)N2C(=O)[C@@H](Nc3nc4ccccc4[nH]3)C2SC1,496.6,87.3,4.87,2,6,6,4.0
TDP43_v2,CHEMBL1857851,-8.8,C/C(=C\C#N)N/C(=N\O)c1ccc(C)nc1Oc1ccc2ccccc2c1,358.4,90.5,4.49,2,5,4,4.0
TDP43_v2,CHEMBL1857908,-8.8,Cc1cccc(Oc2ccc(/C(=N/O)N3CCCc4ccccc43)cn2)c1,359.4,58.0,4.77,1,4,3,5.0
TDP43_v2,CHEMBL1858566,-8.8,Cc1ccc(Oc2ncccc2/C(=N/O)NC2CCC(C)CC2)c2c1CCC2,379.5,66.7,4.98,2,4,4,5.0
TDP43_v2,CHEMBL1858607,-8.8,c1ccc2c(-c3nc(CN4CCN(C5CCCCC5)CC4)co3)cccc2c1,375.5,32.5,4.95,0,4,4,4.0
TDP43_v2,CHEMBL1858903,-8.8,Cc1ccc(Oc2ncccc2/C(N)=N/O)c2c1CCC2,283.3,80.7,2.77,2,4,3,5.0
TDP43_v2,CHEMBL18589,-8.8,COc1cc(-c2nn[nH]n2)ccc1COc1cccc(OCc2ccc3ccccc3n2)c1,439.5,95.0,4.58,1,7,8,4.0
TDP43_v2,CHEMBL1859161,-8.8,Cc1ccc(/C(=N/O)N2CCN(C)CC2)c(Oc2ccc3ccccc3c2)n1,376.5,61.2,3.72,1,5,3,5.0
TDP43_v2,CHEMBL1860738,-8.8,Cc1ccc(Oc2ncccc2/C(=N/O)NCc2cc(F)ccc2F)c2c1CCC2,409.4,66.7,4.87,2,4,5,5.0
TDP43_v2,CHEMBL1862002,-8.8,Cc1ccc(/C(=N/O)n2nc(C)cc2C)c(Oc2ccc3ccccc3c2)n1,372.4,72.5,4.83,1,5,3,5.0
TDP43_v2,CHEMBL1862915,-8.8,O=C(NC1CCCCC1)N1CCC(NC(c2ccc(Cl)cc2)c2cccnc2)CC1,427.0,57.3,4.92,2,3,5,5.0
TDP43_v2,CHEMBL1863061,-8.8,CNC1=C(c2cccc(C(F)(F)F)c2)C(=O)C(c2ccccc2)O1,333.3,38.3,3.93,1,3,3,4.0
TDP43_v2,CHEMBL1864579,-8.8,COc1cc2ccccc2cc1C(=O)N1CCN(c2ccccc2O)CC1,362.4,53.0,3.52,1,4,3,5.0
TDP43_v2,CHEMBL1864753,-8.8,Nc1ccc2c(c1)C(O)c1cccc(C(=O)O)c1-2,241.2,83.5,2.03,3,3,1,5.0
TDP43_v2,CHEMBL1865296,-8.8,CC(NC(=O)c1ccccc1F)c1cccc2ccccc12,293.3,29.1,4.47,1,1,3,4.0
TDP43_v2,CHEMBL18826,-8.8,N=C(Nc1ccc2ccc3cccnc3c2n1)c1cccc(Cl)c1,332.8,61.7,4.87,2,3,2,5.0
TDP43_v2,CHEMBL20639,-8.8,Cc1cc(C(=O)Nc2ccc(C(=O)N(C)C)cc2)n(-c2ccc3cc(Cl)ccc3c2)n1,432.9,67.2,4.94,1,3,4,5.0
TDP43_v2,CHEMBL22924,-8.8,Nc1nc(N)c2cc(CNc3cccc4ccccc34)cnc2n1,316.4,102.7,2.95,3,6,3,4.0
TDP43_v2,CHEMBL23220,-8.8,Cc1c(CN(C)c2cccc3c2CCCC3)cnc2nc(N)nc(N)c12,348.5,94.0,3.01,2,6,3,4.0
TDP43_v2,CHEMBL27758,-8.8,N=C(N)c1ccc2[nH]c(Cc3cccc(CCc4ccccc4)c3)cc2c1,353.5,65.7,4.83,3,1,6,5.0
TDP43_v2,CHEMBL27805,-8.8,N=C(N)c1ccc2[nH]c(Cc3cccc(Oc4ccccc4)c3)cc2c1,341.4,74.9,4.84,3,2,5,5.0
TDP43_v2,CHEMBL28280,-8.8,O=C(NO)c1ccc(CNC(=O)c2cccc3ccccc23)cc1,320.3,78.4,2.89,3,3,4,5.0
TDP43_v2,CHEMBL3355155,-8.8,Cc1ccc(NC(=O)c2cccc(-n3cc(NC(=O)N4CCc5ccccc54)cn3)c2)cn1,438.5,92.2,4.42,2,4,4,4.0
TDP43_v2,CHEMBL4435739,-8.8,Cc1cc(OC2CN(C(=O)c3nnc(-c4ccccc4)o3)C2)ccc1CN1CCCC2(COC2)C1,474.6,80.9,3.56,0,7,6,4.0
TDP43_v2,CHEMBL4529649,-8.8,COc1ccc(NC(=O)Cn2nc3cc(C)nc(Nc4cc(C)cc(C)c4)n3c2=O)cc1,432.5,102.5,3.21,2,6,6,4.0
TDP43_v2,CHEMBL4530672,-8.8,N#Cc1c(-c2cccc(-c3cccc(C(=O)O)c3)c2)[nH]c(=S)[nH]c1=O,349.4,109.7,3.34,3,4,3,4.0
TDP43_v2,CHEMBL4531162,-8.8,O=C(NO)c1cccc(OCc2ccc(-c3noc(-c4cccc(F)c4)n3)cc2)c1,405.4,97.5,4.24,2,6,6,4.0
TDP43_v2,CHEMBL4533198,-8.8,O=C1c2cccc3cccc(c23)C(=O)N1CCNc1ccnc2cc(Cl)ccc12,401.9,62.3,4.75,1,4,4,5.0
TDP43_v2,CHEMBL4534187,-8.8,O=C(NCC12CC3CC(CC(C3)C1)C2)c1ccc2ccccc2c1,319.4,29.1,4.79,1,1,3,4.0
TDP43_v2,CHEMBL4564272,-8.8,Cc1cccc(NC(=O)Nc2nnc(SCc3cc(=O)n4cccc(C)c4n3)s2)c1,438.5,101.3,4.1,2,7,5,4.0
TDP43_v2,CHEMBL4564438,-8.8,Cn1cc(NC(=O)c2cn(Cc3ccc(F)cc3)c(=O)c3ccccc23)cn1,376.4,68.9,3.17,1,3,4,5.0
TDP43_v2,CHEMBL4569239,-8.8,Oc1cccc(-c2cnc3cnc(-c4ccccc4Cl)cn23)c1,321.8,50.4,4.42,1,3,2,5.0
TDP43_v2,CHEMBL4570402,-8.8,Cc1cc2nn(CC(=O)Nc3ccc(C)c(F)c3)c(=O)n2c(Nc2ccc(C)c(F)c2)n1,438.4,93.3,3.48,2,5,5,4.0
TDP43_v2,CHEMBL4570452,-8.8,Cc1cc2nn(CC(=O)Nc3ccc(F)cc3Cl)c(=O)n2c(Nc2ccc(F)cc2)n1,444.8,93.3,3.51,2,5,5,4.0
TDP43_v2,CHEMBL4571193,-8.8,O=C(NCc1ccc(CNS(=O)(=O)c2ccc(CN3CCCC3)cc2)cc1)c1ccc(F)cc1,481.6,78.5,3.83,2,4,9,4.0
TDP43_v2,CHEMBL4572044,-8.8,Cc1occc1C(=O)NN=CC1C(=O)N(Cc2ccccc2)C(=O)c2ccccc21,401.4,92.0,3.27,1,5,5,4.0
TDP43_v2,CHEMBL4573324,-8.8,O=c1cc(C2CCCC(S)C2)oc2c1ccc1ccccc12,310.4,30.2,4.9,1,3,1,4.0
TDP43_v2,CHEMBL4574403,-8.8,Cc1cccc(-c2noc(CNC(=O)Cc3ccc(-c4ccccc4)cc3)n2)c1,383.5,68.0,4.57,1,4,6,5.0
TDP43_v2,CHEMBL4574882,-8.8,C[C@@H]1COCCN1c1nc(N2CCOC[C@@H]2C)nc2sc(-c3cccc4[nH]ccc34)nc12,450.6,79.4,3.68,1,8,3,4.0
TDP43_v2,CHEMBL4575547,-8.8,O=C1N[C@H](c2cncc(C#Cc3ccnc(F)c3)c2)[C@@H](c2ccc(F)cc2)O1,377.4,64.1,3.68,1,4,2,5.0
TDP43_v2,CHEMBL4581099,-8.8,Cc1cc2nn(CC(=O)Nc3cc(F)ccc3C)c(=O)n2c(Nc2ccc(C)c(F)c2)n1,438.4,93.3,3.48,2,5,5,4.0
TDP43_v2,CHEMBL4581664,-8.8,Cc1ccc(-c2cn(Cc3ccc4ccccc4c3)nn2)cc1C(=O)NCCN1CCOCC1,455.6,72.3,3.52,1,5,7,4.0
TDP43_v2,CHEMBL4582128,-8.8,Cc1noc2c(F)cc(Nc3n[nH]c4ncccc34)cc12,283.3,79.6,3.29,2,5,2,5.0
TDP43_v2,CHEMBL4582545,-8.8,Cc1ccc(S(=O)(=O)Nc2ccc(C(=O)Nc3ccccc3O)cc2)cc1C,396.5,95.5,4.06,3,4,5,4.0
TDP43_v2,CHEMBL4635360,-8.8,O=C1NCc2c1nc(-c1ccc(F)cc1)c1ccccc21,278.3,42.0,3.28,1,2,1,5.0
TDP43_v2,CHEMBL4635900,-8.8,O=C(NCC1CCCO1)c1n[nH]c2ccc(-c3cccc(F)c3F)cc12,357.4,67.0,3.42,2,3,4,5.0
TDP43_v2,CHEMBL4636979,-8.8,O=C(CN1[C@@H]2CCC[C@H]1C[C@H](NC(=O)c1ccccc1)C2)Nc1ccccc1,377.5,61.4,3.44,2,3,5,5.0
TDP43_v2,CHEMBL4637095,-8.8,O=C1Nc2cc(Cl)ccc2/C1=C\c1ccc(-c2nnc(-c3cc(O)cc(O)c3)o2)cc1,431.8,108.5,4.96,3,6,3,4.0
TDP43_v2,CHEMBL4637155,-8.8,O=C(Nc1ccc(F)cc1-c1cc(F)c(F)c(F)c1)OCC1CCNCC1,382.4,50.4,4.46,2,3,4,5.0
TDP43_v2,CHEMBL4637197,-8.8,O=C(O)c1ccc(COc2ccc(CNC(=O)[C@H]3CCCN3Cc3ccc(F)cc3)cc2)cc1,462.5,78.9,4.38,2,4,9,4.0
TDP43_v2,CHEMBL4637889,-8.8,Cc1ccc(NC(=O)CN2C(=O)/C(=N\c3cc(C)ccc3C)c3ccccc32)cc1,397.5,61.8,4.72,1,3,4,5.0
TDP43_v2,CHEMBL4639048,-8.8,Cc1[nH]nc2[nH]c(=O)cc([C@H]3CC[C@H](NS(=O)(=O)CC4CCC4)CC3)c12,378.5,107.7,2.31,3,4,5,4.0
TDP43_v2,CHEMBL4639535,-8.8,Nc1ncnc2c1c(Oc1cc(C(F)(F)F)ccn1)nn2C1CCCCC1,378.4,91.7,4.12,1,6,3,4.0
TDP43_v2,CHEMBL4639704,-8.8,O=S(=O)(c1ccc2c(c1)c(Nc1ccc(F)c(C(F)(F)F)c1)nn2C1CC1)N1CCC(O)CC1,498.5,87.5,4.42,2,5,5,4.0
TDP43_v2,CHEMBL498004,-8.8,O=c1cc(O)c2ccc3c(c2o1)C=CC1(O3)C2CC3CC(C2)CC1C3,336.4,59.7,4.1,1,4,0,5.0
TDP43_v2,CHEMBL498344,-8.8,O/N=C1\CCc2cc(-c3cn([C@@H]4CCC[C@H](O)C4)nc3-c3ccncc3)ccc21,388.5,83.5,4.21,2,5,3,5.0
TDP43_v2,CHEMBL498472,-8.8,OC1(c2ccncc2)CCc2cc(-c3ccc(F)cc3)ccc21,305.4,33.1,4.07,1,2,2,4.0
TDP43_v2,CHEMBL499335,-8.8,CC1=C(O)c2c(oc(-c3cc(C)cc(C)c3)cc2=O)C(C)(C)C1=O,324.4,67.5,4.07,1,4,1,5.0
TDP43_v2,CHEMBL506266,-8.8,O=S1(=O)C=C(OCc2ccccc2)C2(CCc3ccccc3C2)O1,342.4,52.6,3.33,0,4,3,5.0
TDP43_v2,CHEMBL506873,-8.8,c1ccc2cc(CC3CN4CCC3CC4)ccc2c1,251.4,3.2,3.72,0,1,2,4.0
TDP43_v2,CHEMBL509131,-8.8,Cc1ccccc1N1CCN(C(=O)c2cc3ccccc3oc2=O)CC1,348.4,53.8,3.06,0,4,2,5.0
TDP43_v2,CHEMBL509305,-8.8,CN1C(c2nc(Cc3ccc(F)cc3)c3ccccc3c2O)=CS(=O)(=O)c2ccccc21,446.5,70.5,4.89,1,5,3,5.0
TDP43_v2,CHEMBL510668,-8.8,O=C1NC(=O)c2c1c(-c1ccccc1)cc1c2c2cc(O)ccc2n1CCCN1CCOCC1,455.5,83.8,3.77,2,5,5,4.0
TDP43_v2,CHEMBL512600,-8.8,CC(C)(C)OC(=O)NCc1noc(-c2c3ccccc3nn2Cc2cccc(Cl)c2)n1,439.9,95.1,4.81,1,6,5,4.0
TDP43_v2,CHEMBL514439,-8.8,Cc1ccc(C(c2c(O)c3ccccc3oc2=O)c2c(O)c3ccccc3oc2=O)cc1,426.4,100.9,4.8,2,6,3,4.0
TDP43_v2,CHEMBL515456,-8.8,Cc1c(Nc2c(C#N)cnc3sc(/C=C/C(=O)NN4CCCC4)cc23)ccc2[nH]ccc12,442.5,96.8,4.84,3,6,5,4.0
TDP43_v2,CHEMBL515680,-8.8,COc1ccc(Cc2cc(C3CCN(C(=O)c4ccc5ncoc5c4)CC3)nc(N)n2)cc1,443.5,107.4,3.82,1,7,5,4.0
TDP43_v2,CHEMBL517493,-8.8,O=C1NC(=O)C2C1c1[nH]c3ccccc3c1C1C(=O)OC(=O)C12,310.3,105.3,0.32,2,5,0,4.0
TDP43_v2,CHEMBL519068,-8.8,Fc1cccc(-c2nc3ccccc3n2Cc2cn(-c3ccc(F)cc3F)nn2)c1,405.4,48.5,4.75,0,3,4,5.0
TDP43_v2,CHEMBL519795,-8.8,CN1CCN(c2cccc3[nH]c(-c4n[nH]c5cc(-c6ccc(N)c(F)c6)ccc45)nc23)CC1,441.5,89.9,4.25,3,5,3,5.0
TDP43_v2,CHEMBL519982,-8.8,Cc1cc(O)cc2oc(=O)c3c(O)cc(O)cc3c12,258.2,90.9,2.37,3,5,0,4.0
TDP43_v2,CHEMBL520018,-8.8,Cc1cccc(Cn2c3ccccc3c(=O)c3ccccc32)c1,299.4,22.0,4.51,0,1,2,4.0
TDP43_v2,CHEMBL520050,-8.8,Nc1ccccc1NC(=O)c1ccc(N2CCC3(CC2)CNc2ccccc23)nc1,399.5,83.3,3.88,3,5,3,5.0
TDP43_v2,CHEMBL520908,-8.8,CC1=C(C(=O)N2CCN(c3ccc(F)cc3)CC2)C(c2ccc3ccccc3n2)n2nccc2N1,468.5,66.3,4.21,1,5,3,4.0
TDP43_v2,CHEMBL521033,-8.8,COc1ccc2[nH]c3c(c2c1)-c1ccccc1[C@H](C)NC3=O,292.3,54.1,3.65,2,2,1,5.0
TDP43_v2,CHEMBL521528,-8.8,Cc1ccc(C#Cc2cn(C/C=C\CN3C(=O)c4ccccc4C3=O)c(=O)[nH]c2=O)cc1,425.4,92.2,2.1,1,4,4,4.0
TDP43_v2,CHEMBL521733,-8.8,O=C(NCCc1c[nH]c2ccccc12)c1ccc(-c2ccccc2)cc1,340.4,44.9,4.81,2,1,5,5.0
TDP43_v2,CHEMBL522790,-8.8,Cc1cccc(NC(=O)c2cccc3c(=O)c4ccccc4[nH]c23)c1,328.4,62.0,4.24,2,2,2,5.0
TDP43_v2,CHEMBL523778,-8.8,O=C1CC(c2ccccc2C(F)(F)F)C(=O)N1CCN1CCN(c2ccccc2)CC1,431.5,43.9,3.37,0,4,5,5.0
TDP43_v2,CHEMBL526705,-8.8,C[C@@H]1NC(=O)c2[nH]c3ccccc3c2-c2ccccc21,262.3,44.9,3.64,2,1,0,5.0
TDP43_v2,CHEMBL557628,-8.8,N#Cc1ccccc1C(=O)NC(=O)NC1c2ccccc2-c2ccccc21,353.4,82.0,3.77,2,3,2,5.0
TDP43_v2,CHEMBL559290,-8.8,Cc1cc(C(=O)Nc2cccc3cccnc23)ccc1N1C(=O)[C@@H]2[C@H](C1=O)[C@@H]1C=C[C@H]2C1,423.5,79.4,4.11,1,4,3,5.0
TDP43_v2,CHEMBL559502,-8.8,O=C1c2ccccc2-c2cccc3ccnc1c23,231.3,30.0,3.45,0,2,0,4.0
TDP43_v2,CHEMBL559823,-8.8,CC(=O)c1cc(-c2ccc(C(=O)C(=O)N3CCN(C(=O)c4ccccc4)CC3C)cc2)cs1,460.6,74.8,4.17,0,5,5,4.0
TDP43_v2,CHEMBL560014,-8.8,C[C@@H](Oc1cc(-c2cnc3ccccn23)sc1C(N)=O)c1ccccc1Cl,397.9,69.6,4.96,1,4,5,5.0
TDP43_v2,CHEMBL560336,-8.8,O=C(O)/C=C(\CCc1ccc2ccccc2c1)c1ccccc1,302.4,37.3,4.94,1,1,5,4.0
TDP43_v2,CHEMBL560903,-8.8,O=C(Nc1cccc(-c2ccnc3ccnn23)c1)c1cccc(C(F)(F)F)c1,382.3,59.3,4.67,1,3,3,5.0
TDP43_v2,CHEMBL561969,-8.8,CN(C)CCOC(=O)c1cnn2c(-c3cccc(NC(=O)c4cccc(C(F)(F)F)c4)c3)ccnc12,497.5,88.8,4.39,1,6,7,4.0
TDP43_v2,CHEMBL562121,-8.8,Cc1ccccc1C(=O)NC(C)c1ccc2ccccc2c1,289.4,29.1,4.64,1,1,3,4.0
TDP43_v2,CHEMBL563466,-8.8,c1cc(COc2ccc(C3=NCCN3)cc2)cc(COc2ccc(C3=NCCN3)cc2)c1,426.5,67.2,3.54,2,6,8,5.0
TDP43_v2,CHEMBL564500,-8.8,O=C(CC1(CC(=O)NC2C3CC4CC(C3)CC2C4)CCCC1)NCc1ccc(F)cc1,426.6,58.2,4.72,2,2,7,5.0
TDP43_v2,CHEMBL565351,-8.8,C[C@@H]1CNCCN1c1cc(=O)n(C)c(CCc2ccccc2C(F)(F)F)n1,380.4,50.2,2.38,1,4,4,5.0
TDP43_v2,CHEMBL566112,-8.8,NC1=NC(c2ccc(OC(F)(F)F)cc2)(c2cccc(-c3cccnc3F)c2)C2=NCCN12,455.4,76.1,4.07,1,6,4,4.0
TDP43_v2,CHEMBL568414,-8.8,N#Cc1c(-c2ccc3c(c2)OCO3)[nH]c2nc(N)[nH]c(=O)c12,295.3,129.8,1.1,3,6,1,4.0
TDP43_v2,CHEMBL596211,-8.8,COc1ccc(-c2ccc(Cn3cc(C(=O)O)c(=O)c4cccc(F)c43)cc2)cn1,404.4,81.4,3.96,1,4,5,5.0
TDP43_v2,CHEMBL610879,-8.8,Cc1ccc2c3c1O[C@@H]1c4[nH]c5ccccc5c4C[C@@]4(O)[C@@H](C2)N(CC2CC2)CC[C@]314,412.5,48.5,4.18,2,3,2,5.0
TDP43_v2,CHEMBL9952,-8.8,O=C1c2ccccc2CCCN1CCN1CCC(n2ccc3ccccc32)CC1,387.5,28.5,4.37,0,2,4,4.0
TDP43_v2,ESTRADIOL,-8.8,C[C@]12CC[C@@H]3c4ccc(O)cc4CC[C@H]3[C@@H]1CC[C@@H]2O,272.4,40.5,3.61,2,2,0,5.0
TDP43_v2,LEVONORGESTREL,-8.8,C#C[C@]1(O)CC[C@H]2[C@@H]3CCC4=CC(=O)CC[C@@H]4[C@H]3CC[C@@]21CC,312.5,37.3,3.88,1,2,1,4.0
TDP43_v2,LYNESTRENOL,-8.8,C#C[C@]1(O)CC[C@H]2[C@@H]3CCC4=CCCC[C@@H]4[C@H]3CC[C@@]21C,284.4,20.2,4.31,1,1,0,4.0
TDP43_v2,NORGESTREL,-8.8,C#CC1(O)CC[C@H]2[C@@H]3CCC4=CC(=O)CC[C@@H]4[C@H]3CC[C@@]21CC,312.5,37.3,3.88,1,2,1,4.0
TDP43_v2,CHEMBL1210538,-8.7,N#Cc1cccc(-c2nc3c(NC(=O)c4ccccc4)ncnc3[nH]2)c1,340.3,107.3,3.14,2,5,3,4.0
TDP43_v2,CHEMBL1210641,-8.7,O=C(Cn1nc(-c2ccc(Cl)cc2)c2cc(F)ccc2c1=O)NC1Cc2ccccc2C1,447.9,64.0,4.14,1,3,4,5.0
TDP43_v2,CHEMBL1210815,-8.7,Cc1ccc(F)cc1NC(=O)CN1CCN(c2nnc(Cc3ccccc3)c3ccccc23)CC1,469.6,61.4,4.43,1,5,6,4.0
TDP43_v2,CHEMBL1210863,-8.7,c1ccc2c(c1)CCN(c1nc(N3CCOCC3)nc(N3CCc4ccccc4C3)n1)C2,428.5,57.6,2.83,0,7,3,5.0
TDP43_v2,CHEMBL1242382,-8.7,Nc1ncnc2c1c(-c1ccc3ccccc3c1)nn2CCc1ccccc1,365.4,69.6,4.47,1,4,4,5.0
TDP43_v2,CHEMBL1242809,-8.7,O=C1NC(=O)C(=C(/C=C/c2c[nH]c3ccccc23)c2ccccc2)C(=O)N1,357.4,91.1,3.0,3,3,3,4.0
TDP43_v2,CHEMBL1242817,-8.7,CC1Cn2c(nc3ccccc32)-c2ccc3ccccc3c21,284.4,17.8,4.97,0,1,0,4.0
TDP43_v2,CHEMBL1242951,-8.7,O=C(Cc1ccccc1)NC1CCN(CCCN2C(=O)CCc3cc(F)c(F)cc32)CC1,441.5,52.7,3.46,1,3,7,5.0
TDP43_v2,CHEMBL1332994,-8.7,O=C(c1noc2c1CCCC2)N1CCc2ccccc2C1,282.3,46.3,2.75,0,3,1,5.0
TDP43_v2,CHEMBL13972,-8.7,N#Cc1ccc(Oc2nccc(-c3c(-c4ccc(F)cc4)ncn3C3CCNCC3)n2)cc1,440.5,88.6,4.73,1,6,5,5.0
TDP43_v2,CHEMBL1418541,-8.7,CNc1oc(-c2ccccc2Cl)nc1P(=O)(c1ccccc1)c1ccccc1,408.8,55.1,4.68,1,4,5,5.0
TDP43_v2,CHEMBL1440958,-8.7,CCc1nnc2c3ccccc3nc(Nc3ccc(F)cc3C)n12,321.4,55.1,4.03,1,4,3,5.0
TDP43_v2,CHEMBL14504,-8.7,CC1CCC(=NNc2cccc3ccccc23)c2ncc(C(=O)O)c(=O)n21,362.4,96.6,3.27,2,5,3,4.0
TDP43_v2,CHEMBL16468,-8.7,COc1ccccc1C(=O)NC[C@]1(c2ccccc2)CC[C@H](NC(=O)c2ccccc2)CC1,442.6,67.4,4.74,2,3,7,5.0
TDP43_v2,CHEMBL1731606,-8.7,Oc1ccc(Cc2ccccc2)c2cccnc12,235.3,33.1,3.53,1,2,2,4.0
TDP43_v2,CHEMBL17358,-8.7,O=C(O)c1ccc(S(=O)(=O)Nc2cccc(OCc3ccc4ccccc4n3)c2)cc1,434.5,105.6,4.31,2,5,7,4.0
TDP43_v2,CHEMBL1808545,-8.7,Cc1cccc(C(=O)n2nc(C)c3ccccc32)c1,250.3,34.9,3.34,0,2,1,4.0
TDP43_v2,CHEMBL1808764,-8.7,Clc1ccc(CNc2cc3c(cn2)[nH]c2ccccc23)cc1,307.8,40.7,4.98,2,2,3,5.0
TDP43_v2,CHEMBL18392,-8.7,Cc1ccccc1-c1nc(N(C(N)=O)c2c(F)cccc2F)c2ncn(C)c2n1,394.4,89.9,3.83,1,4,3,5.0
TDP43_v2,CHEMBL1858571,-8.7,c1ccc2c(-c3nc(CN4CCCCC4)co3)cccc2c1,292.4,29.3,4.48,0,3,3,4.0
TDP43_v2,CHEMBL1858591,-8.7,COc1ccc(-c2nc(CNCc3cccc4ccccc34)co2)cc1,344.4,47.3,4.79,1,4,6,5.0
TDP43_v2,CHEMBL1858647,-8.7,Fc1ccccc1-c1nc(CNCc2cccc3ccccc23)co1,332.4,38.1,4.92,1,3,5,4.0
TDP43_v2,CHEMBL1858932,-8.7,Nc1cc(-c2ccccc2)n(Cc2coc(-c3cccc4ccccc34)n2)n1,366.4,69.9,4.99,1,4,4,5.0
TDP43_v2,CHEMBL1859337,-8.7,Cc1ccc(-c2nc(CN3CCN(c4cccc(C(F)(F)F)c4)CC3)co2)cc1,401.4,32.5,4.99,0,4,4,4.0
TDP43_v2,CHEMBL1859657,-8.7,Cc1ccc(/C(=N/O)N2CCOCC2)c(Oc2ccc3ccccc3c2)n1,363.4,67.2,3.8,1,5,3,5.0
TDP43_v2,CHEMBL1861110,-8.7,O/N=C(\NCc1cc(F)ccc1F)c1ccc(Oc2c(F)c(F)cc(F)c2F)nc1,427.3,66.7,4.63,2,4,5,5.0
TDP43_v2,CHEMBL1862831,-8.7,Cc1cc(C(=O)N2CCC(NC(c3ccc(C(F)(F)F)cc3)c3cccnc3)CC2)no1,444.5,71.3,4.38,1,5,5,5.0
TDP43_v2,CHEMBL1862954,-8.7,N#Cc1ccc(C(c2cccnc2)N2CCC(NC(=O)Nc3ccccc3)CC2)cc1,411.5,81.1,4.33,2,4,5,5.0
TDP43_v2,CHEMBL1863567,-8.7,O=C1C=CC(=O)N1c1ccc2c(c1)Cc1cc(F)ccc1-2,279.3,37.4,2.83,0,2,1,4.0
TDP43_v2,CHEMBL1864560,-8.7,COc1ccc(-n2c3c(cc(C(=O)Nc4ccc(C)cc4)c2=O)C(=O)CCC3)cc1,402.5,77.4,3.93,1,4,4,5.0
TDP43_v2,CHEMBL1864770,-8.7,O=C(Cn1c2ncccc2c(=O)n1-c1ccccc1)NCc1ccccc1,358.4,68.9,2.5,1,3,5,5.0
TDP43_v2,CHEMBL1865061,-8.7,Cc1ccc(S(=O)(=O)/N=C(/Sc2ccccc2C(=O)O)c2ccccc2)cc1,411.5,83.8,4.62,1,4,5,5.0
TDP43_v2,CHEMBL1865717,-8.7,CN(C)CCNC(=O)c1cccc(-c2cc(NC=O)c3ncc(-c4cccc(C(F)(F)F)c4)n3c2)c1,495.5,78.7,4.55,2,4,8,4.0
TDP43_v2,CHEMBL1866108,-8.7,O=C(NCc1nnc(O)c2ccccc12)C1CC(=O)N(c2ccccc2)C1,362.4,95.4,2.0,2,5,4,4.0
TDP43_v2,CHEMBL1900571,-8.7,Cc1ccc(NC(=O)CN2C=NS(=O)(=O)c3ccccc32)c(C)c1,343.4,78.8,2.48,1,4,3,5.0
TDP43_v2,CHEMBL19419,-8.7,Cc1cc2[nH]c(O)nc2cc1C#CCN1CCC(Cc2ccc(F)cc2)CC1,377.5,52.1,4.02,2,3,3,5.0
TDP43_v2,CHEMBL21250,-8.7,CN(C)C(=N)c1ccc(NC(=O)c2nnnn2-c2ccc3cc(Cl)ccc3c2)c(F)c1,437.9,99.8,3.75,2,5,4,4.0
TDP43_v2,CHEMBL2165614,-8.7,O=c1cc(COc2cc(-c3ccccc3)cc(-c3ccccc3)c2)[nH][nH]1,342.4,57.9,4.62,2,2,5,5.0
TDP43_v2,CHEMBL22829,-8.7,CN1CCCC[C@@H]1/C=C/C1c2ccccc2Cc2ccccc21,303.4,3.2,4.76,0,1,2,4.0
TDP43_v2,CHEMBL2360312,-8.7,CC1(C(=O)NS(=O)(=O)c2ccccc2Cl)CCN1C(=O)c1cccc2ccccc12,442.9,83.6,3.6,1,4,4,5.0
TDP43_v2,CHEMBL2360861,-8.7,CC(C)(C)c1ccc(S(=O)(=O)NC(=O)C2(C)CCN2C(=O)c2cccc3ccccc23)cc1,464.6,83.6,4.25,1,4,4,4.0
TDP43_v2,CHEMBL28106,-8.7,Cc1nn(-c2cccc([N+](=O)[O-])c2)c2oc3cc(OCCc4ccccc4)ccc3c(=O)c12,441.4,100.4,4.97,0,6,6,4.0
TDP43_v2,CHEMBL3309988,-8.7,Nc1nc2c3ccc(F)cc3nc(Cc3ccc4c(c3)OCO4)n2n1,337.3,87.6,2.32,1,6,2,5.0
TDP43_v2,CHEMBL4435261,-8.7,NC(=O)c1ccc(-c2cc(-c3ccc([N+](=O)[O-])cc3)nc(-c3ccccn3)c2)cc1,396.4,112.0,4.48,1,5,5,4.0
TDP43_v2,CHEMBL4435778,-8.7,Cc1cccc([C@@H](C)Nc2nc(C)nc3ccc(-c4ccc(=O)n(C)c4)cc23)c1,384.5,59.8,4.79,1,4,4,5.0
TDP43_v2,CHEMBL4528139,-8.7,CCN1C(=O)N(CCCc2cccnc2)C(=O)C12CCN(Cc1cccc(C(F)(F)F)c1)CC2,474.5,56.8,4.35,0,4,7,4.0
TDP43_v2,CHEMBL4529575,-8.7,COc1cccc(-c2cn3c(-c4ccc(C(=O)NC5CC5)cc4)cnc3cn2)c1F,402.4,68.5,4.1,1,4,5,5.0
TDP43_v2,CHEMBL4530123,-8.7,O=C(/C=C/c1cc(F)ccc1F)N1CCN(CCN2C(=O)c3cccc4cccc(c34)C2=O)CC1,475.5,60.9,3.57,0,4,5,4.0
TDP43_v2,CHEMBL4530728,-8.7,Fc1cccc(-c2nc3ccnc(NCc4ccccc4)c3[nH]2)c1,318.4,53.6,4.38,2,3,4,5.0
TDP43_v2,CHEMBL4530818,-8.7,Cc1cccc(C(=O)Nc2nc3ccccn3c2C(=O)NC2CCCCC2)c1,376.5,75.5,3.96,2,3,4,5.0
TDP43_v2,CHEMBL4530954,-8.7,CC(=O)NC12CC3CC(C1)CC(C(=O)Nc1ccc4c(c1)-c1ccccc1C4)(C3)C2,400.5,58.2,4.67,2,2,3,5.0
TDP43_v2,CHEMBL4531694,-8.7,Cc1cc(-c2cnc(N)c(C(=O)Nc3ccccc3)c2)ccc1F,321.4,68.0,4.03,2,3,3,5.0
TDP43_v2,CHEMBL4531970,-8.7,Cc1cccc(-c2cc(CCNC(=O)c3sc4nc(C)ccc4c3N)ccc2N2CCNCC2)c1,485.7,83.3,4.54,3,6,6,4.0
TDP43_v2,CHEMBL4532451,-8.7,Cc1nccc2c1[nH]c1cc(OCc3cn(C/C=C/c4ccc5c(c4)OCO5)nn3)ccc12,439.5,87.1,4.64,1,6,6,5.0
TDP43_v2,CHEMBL4533962,-8.7,O=C(C(=O)N1CCN(C(=O)c2ccccc2)CC1)c1cccc2ccccc12,372.4,57.7,3.01,0,3,3,5.0
TDP43_v2,CHEMBL4534269,-8.7,NC(=S)c1cccc(-c2cccc3[nH]c(CNCc4ccccc4)cc23)c1,371.5,53.8,4.76,3,2,6,5.0
TDP43_v2,CHEMBL4534436,-8.7,Cc1cc(C)c(NC(=O)Cn2nc3ccc(-c4ccc(C)c(C)c4)nn3c2=O)c(C)c1,415.5,81.3,3.74,1,4,4,5.0
TDP43_v2,CHEMBL4534470,-8.7,CS(=O)(=O)/C(C#N)=C/c1cc(-c2ccnc3ccccc23)ccc1F,352.4,70.8,3.95,0,4,3,5.0
TDP43_v2,CHEMBL4534639,-8.7,Cc1nn(-c2ccccc2)c2c1C(c1cccs1)c1c(n(C)c(=O)n(C)c1=O)N2,405.5,73.8,2.88,1,5,2,5.0
TDP43_v2,CHEMBL4562819,-8.7,CN1CCN(c2ccc(-c3cn4c(-c5ccc6c(ccn6C)c5)cnc4cn3)cn2)CC1,423.5,54.5,3.7,0,5,3,5.0
TDP43_v2,CHEMBL4564913,-8.7,O=C(NNS(=O)(=O)c1ccccc1)c1cccc(C(F)(F)F)c1,344.3,75.3,2.33,2,3,4,5.0
TDP43_v2,CHEMBL4564965,-8.7,NC(=O)c1cc(N2CCOCC2)nc2ccc(F)cc12,275.3,68.5,1.31,1,4,2,5.0
TDP43_v2,CHEMBL4567981,-8.7,Cn1nc(CC(=O)N2CC(C(=O)N3CCCCC3)Oc3ccccc32)c2ccccc2c1=O,446.5,84.7,2.28,0,5,3,5.0
TDP43_v2,CHEMBL4567982,-8.7,Cc1ccc(NC(=O)Cn2nc3c4cc(-c5ccc(Cl)cc5)nn4ccn3c2=O)cc1C,446.9,85.7,3.72,1,4,4,5.0
TDP43_v2,CHEMBL4568125,-8.7,CCOC(=O)N1CCC2(CC1)C[C@@H](NC(=O)c1cccc3cn[nH]c13)c1ccccc1O2,434.5,96.5,3.81,2,5,3,4.0
TDP43_v2,CHEMBL4568196,-8.7,N#CC1(c2ccc(-c3cnc(N)c(-c4ccc5c(c4)C4(CC4)NC5=O)n3)cc2)CCOCC1,437.5,113.9,3.7,2,6,3,4.0
TDP43_v2,CHEMBL4568203,-8.7,Cc1ccc(-c2cc3c4nn(CC(=O)Nc5ccc6c(c5)OCO6)c(=O)n4ccn3n2)cc1,442.4,104.2,2.49,1,6,4,4.0
TDP43_v2,CHEMBL4568847,-8.7,COc1ccc(-c2cc3c4nnc(SCC(=O)Nc5cccc(C)c5C)n4ccn3n2)cc1,458.5,85.8,4.4,1,6,6,4.0
TDP43_v2,CHEMBL4570368,-8.7,O=C1CCc2cc(N3CC[C@](O)(C(=O)NCc4c(F)ccc(F)c4F)C3=O)ccc2N1,433.4,98.7,1.77,3,4,4,4.0
TDP43_v2,CHEMBL4570988,-8.7,Fc1ccc2c(c1)CCN(c1cccc(-c3nc4ccc(F)cc4[nH]3)n1)C2,362.4,44.8,4.47,1,3,2,5.0
TDP43_v2,CHEMBL4571045,-8.7,O=S(=O)(c1cnc2ccccc2c1)n1cc(C2=CCNCC2)c2ccccc21,389.5,64.0,3.8,1,4,3,5.0
TDP43_v2,CHEMBL4571233,-8.7,Cc1ccc2c(Cn3cc(CSc4nc5ccccc5[nH]4)nn3)cc(=O)oc2c1C,417.5,89.6,4.22,1,6,5,5.0
TDP43_v2,CHEMBL4571761,-8.7,Cc1ccc(NC(=O)Cn2nc3c(Sc4ccccc4)nc4ccccc4n3c2=O)cc1C,455.5,81.3,4.45,1,5,5,4.0
TDP43_v2,CHEMBL4572029,-8.7,Cc1cc2nn(CC(=O)Nc3ccc(F)cc3)c(=O)n2c(Nc2ccccc2C)n1,406.4,93.3,3.03,2,5,5,4.0
TDP43_v2,CHEMBL4573297,-8.7,Cc1ccc(F)cc1C(=O)Nc1nc2ccccn2c1C(=O)NC1CCCCC1,394.5,75.5,4.1,2,3,4,5.0
TDP43_v2,CHEMBL4573391,-8.7,O=c1c(-c2nnc(-c3ccc(Cl)cc3)o2)c[nH]c2ncc(-c3ccccc3)cc12,400.8,84.7,4.96,1,5,3,5.0
TDP43_v2,CHEMBL4573482,-8.7,Cc1ccc(-c2cc3c4nn(CC(=O)Nc5ccccc5Br)c(=O)n4ccn3n2)cc1C,491.3,85.7,3.83,1,4,4,4.0
TDP43_v2,CHEMBL4573585,-8.7,Cc1nc(-c2ccccc2)cc(C2COC3(CCCCC3)O2)c1C(=O)O,353.4,68.7,4.5,1,4,3,5.0
TDP43_v2,CHEMBL4574109,-8.7,COc1ccccc1C(=O)Nc1nonc1-c1ccc2c(c1)CCCC2,349.4,77.2,3.88,1,5,4,5.0
TDP43_v2,CHEMBL4574229,-8.7,N#Cc1ccc2c(c1)CN(CC[C@H]1CC[C@H](NC(=O)c3cnc4ccccn34)CC1)CC2,427.6,73.4,3.94,1,4,5,5.0
TDP43_v2,CHEMBL4575350,-8.7,FC(F)(F)c1ccc(-c2cn(Cc3ccc(-c4cn[nH]c4)cc3)nn2)cc1,369.4,59.4,4.4,1,3,4,5.0
TDP43_v2,CHEMBL4575412,-8.7,O=C1CCc2cc(N3CC[C@](O)(C(=O)NCc4ccc(F)c(Cl)c4F)C3=O)ccc2N1,449.8,98.7,2.29,3,4,4,4.0
TDP43_v2,CHEMBL4581153,-8.7,O=C(Nc1ccncc1)Nc1cccc(C2CCCN(c3ncnc4[nH]ccc34)C2)c1,413.5,98.8,4.38,3,5,4,4.0
TDP43_v2,CHEMBL4581508,-8.7,c1cnc2ccc(Cn3cnc4ncc(-c5ccncc5)nc43)cc2c1,338.4,69.4,3.48,0,5,3,5.0
TDP43_v2,CHEMBL4581602,-8.7,O=C(Nc1ccc2[nH]ncc2c1)c1c[nH]c2cc(-c3ccccc3)cnc12,353.4,86.5,4.36,3,3,3,5.0
TDP43_v2,CHEMBL4581856,-8.7,Cc1ccc(-c2cc(CCNC(=O)c3sc4nc(C)ccc4c3N)ccc2N2CCNCC2)cc1,485.7,83.3,4.54,3,6,6,4.0
TDP43_v2,CHEMBL4581923,-8.7,Cc1nn(-c2ccccc2)c2c1C(c1ccc(F)cc1)CS(=O)(=O)O2,358.4,61.2,3.17,0,4,2,5.0
TDP43_v2,CHEMBL4582298,-8.7,Cc1ccc(-n2c(=O)[nH]cc(C(=O)Nc3ccc(C(C)C)cc3)c2=O)cc1C,377.4,84.0,3.52,2,3,4,5.0
TDP43_v2,CHEMBL4582448,-8.7,c1ccc(-c2nc(-c3cccnc3)cc(N3CCc4ccccc4C3)n2)cc1,364.5,41.9,4.77,0,4,3,5.0
TDP43_v2,CHEMBL4584624,-8.7,Cc1ccc(C(=O)N(C)c2ccc(Cl)cc2)cc1C#Cc1cc(-c2cnn(C)c2)cnc1N,455.9,77.0,4.7,1,4,3,4.0
TDP43_v2,CHEMBL4584931,-8.7,Cc1ccc(C2(c3ccccc3)NC(=O)N(CC(=O)c3cccs3)C2=O)cc1C,404.5,66.5,4.04,1,4,5,5.0
TDP43_v2,CHEMBL4634844,-8.7,Cc1c(C(=O)N/N=C\c2cccc(F)c2)oc2cccc(O)c12,312.3,74.8,3.35,2,4,3,5.0
TDP43_v2,CHEMBL4635265,-8.7,O=c1cc(-c2ccccc2)oc2ccc(NS(=O)(=O)c3ccccc3)cc12,377.4,76.4,4.26,1,4,4,5.0
TDP43_v2,CHEMBL4636424,-8.7,O=C(Nc1ccccc1)Nc1ccc(F)c(C(=O)c2c[nH]c3ncccc23)c1F,392.4,86.9,4.72,3,3,4,5.0
TDP43_v2,CHEMBL4637608,-8.7,O=C1CCc2cc(CNC(=O)Cn3ncc4ccccc4c3=O)ccc2C1,361.4,81.1,1.77,1,4,4,5.0
TDP43_v2,CHEMBL4638806,-8.7,O=C1CC2(C(=O)Nc3ccc(Cl)cc32)c2cnn(Cc3ccc(Cl)c(F)c3)c2N1,431.3,76.0,3.96,2,3,2,5.0
TDP43_v2,CHEMBL4639157,-8.7,Cc1ccc(C(=O)c2ccn(-c3ccccc3F)c2)cc1C,293.3,22.0,4.46,0,1,3,4.0
TDP43_v2,CHEMBL4639692,-8.7,COc1cc(C(=O)N[C@@H]2C[C@H]3CCC[C@@H](C2)N3Cc2nc3c(C)cccc3s2)cc(OC)c1OC,495.6,72.9,4.95,1,7,7,4.0
TDP43_v2,CHEMBL495018,-8.7,O=C(NCCN1CCC(n2c(=O)[nH]c3ccccc32)CC1)c1ccc2cc(F)ccc2c1,432.5,70.1,3.69,2,3,5,5.0
TDP43_v2,CHEMBL498492,-8.7,CC(=O)N1CCc2cc(NC(=O)C3CCN(c4cccc(C(F)(F)F)c4)CC3)ccc21,431.5,52.7,4.47,1,3,3,5.0
TDP43_v2,CHEMBL499604,-8.7,O=c1ccc(-n2ccc3ccccc32)nn1CCCN1CCN(c2ccccc2Cl)CC1,448.0,46.3,4.05,0,4,6,5.0
TDP43_v2,CHEMBL500635,-8.7,C(#Cc1cccc2ccccc12)c1cccc(Cc2c[nH]cn2)c1,308.4,28.7,4.55,1,1,2,4.0
TDP43_v2,CHEMBL502159,-8.7,Cc1ccc2[nH]c(-c3cc(Cc4ccccc4)ccc3O)cc(=O)c2c1,341.4,53.1,4.8,2,2,3,5.0
TDP43_v2,CHEMBL503546,-8.7,O=c1[nH]c2ccccc2c2cn(-c3cccc(C(F)(F)F)c3)nc12,329.3,50.7,3.89,1,2,1,5.0
TDP43_v2,CHEMBL507835,-8.7,N#Cc1cc(C(=O)c2ccc(F)cc2)n2c1ccc1ccccc12,314.3,45.3,4.33,0,2,2,5.0
TDP43_v2,CHEMBL508515,-8.7,CN(C)CCCn1c2ccc(O)cc2c2c3c(c(-c4ccccc4)cc21)C(=O)NC3=O,413.5,74.6,4.0,2,4,5,5.0
TDP43_v2,CHEMBL508836,-8.7,Cc1ccccc1-n1cc(Cn2c(-c3cccc(F)c3)nc3ccccc32)nn1,383.4,48.5,4.78,0,3,4,5.0
TDP43_v2,CHEMBL510545,-8.7,O=C1NCCc2[nH]c(-c3ccnc(/C=C/c4ccccc4)c3)cc21,315.4,57.8,3.53,2,2,3,5.0
TDP43_v2,CHEMBL510902,-8.7,N#Cc1cc(C(=O)c2cccnc2)n2c1ccc1ccccc12,297.3,58.2,3.59,0,3,2,5.0
TDP43_v2,CHEMBL511317,-8.7,O=C1Oc2ccc3ccccc3c2CC1C(=O)c1ccc(Br)cc1,381.2,43.4,4.56,0,3,2,5.0
TDP43_v2,CHEMBL511475,-8.7,O=C(NCCN1CCC2(CC1)C(=O)NCN2c1ccccc1)c1ccc2ccccc2c1,428.5,64.7,3.0,2,4,5,5.0
TDP43_v2,CHEMBL512326,-8.7,Cc1ccc(C(=O)Nc2cccc(-c3nc4ccccc4[nH]3)c2)cc1,327.4,57.8,4.79,2,2,3,5.0
TDP43_v2,CHEMBL512559,-8.7,O=C(O)c1cc2c(c3c1ccc1ccccc13)OCO2,266.3,55.8,3.42,1,3,1,5.0
TDP43_v2,CHEMBL513061,-8.7,Nc1ccc(-c2ccccc2)cc1NC(=O)c1ccc(CN2CCC3(CCNC3)CC2)cc1,440.6,70.4,4.76,3,4,5,5.0
TDP43_v2,CHEMBL513662,-8.7,O=C(Nc1ccccc1-n1cccn1)c1cccc2c1C(=O)c1ccccc1-2,365.4,64.0,4.34,1,3,3,5.0
TDP43_v2,CHEMBL514041,-8.7,CCNC(=O)/C=C/c1cc2c(Nc3ccc4[nH]ccc4c3C)c(C#N)cnc2s1,401.5,93.6,4.85,3,5,5,4.0
TDP43_v2,CHEMBL514934,-8.7,O=S(=O)(c1ccc(-c2ccccc2)cc1)N1CCC(c2nc3ccccc3[nH]2)CC1,417.5,66.1,4.8,1,3,4,5.0
TDP43_v2,CHEMBL515219,-8.7,CN(C)c1ccc(C2=Nn3c(Cc4c[nH]c5ccccc45)nnc3SC2)cc1,388.5,62.1,3.77,1,5,4,5.0
TDP43_v2,CHEMBL515548,-8.7,Cc1n[nH]c2c(CO)ccc(Oc3cc(C#N)cc(C#N)c3)c12,304.3,105.7,2.9,2,5,3,4.0
TDP43_v2,CHEMBL516278,-8.7,O=C1Nc2ccccc2/C1=C\c1cccc(/C=C2/C(=O)Nc3ccccc32)n1,365.4,71.1,4.07,2,3,2,5.0
TDP43_v2,CHEMBL516959,-8.7,COc1ccc(Cc2cc(C3CCN(C(=O)c4ccc5occc5c4)CC3)nc(N)n2)cc1,442.5,94.5,4.42,1,6,5,4.0
TDP43_v2,CHEMBL516966,-8.7,Cc1ccc(C(=O)Nc2nc3ccccc3c3cn(-c4ccccc4)nc23)o1,368.4,73.0,4.73,1,4,3,5.0
TDP43_v2,CHEMBL518063,-8.7,CCc1nc2cc(Cl)ccc2c(=O)n1-c1n[nH]c2ccccc12,324.8,63.6,3.48,1,3,2,5.0
TDP43_v2,CHEMBL519534,-8.7,Cc1cccc(N(C)c2cc(N3CCN(CC(=O)Nc4nc(-c5ccccc5)cs4)CC3)ncn2)c1,499.6,77.5,4.44,1,8,7,4.0
TDP43_v2,CHEMBL520122,-8.7,O=C(Nc1nc2ccccc2c2cn(-c3ccccc3)nc12)c1ccccn1,365.4,72.7,4.22,1,4,3,5.0
TDP43_v2,CHEMBL520512,-8.7,Cc1cccc(Oc2ccnc(N3CCN(CC(=O)Nc4cccc5c4CCCC5)CC3)n2)c1,457.6,70.6,4.22,1,6,6,4.0
TDP43_v2,CHEMBL520745,-8.7,NC(=O)c1cccc2[nH]c(C3(N)CCc4ccccc4C3)nc12,306.4,97.8,2.0,3,3,2,4.0
TDP43_v2,CHEMBL521670,-8.7,O=C(NNc1cccc2ncccc12)C1(c2ccccc2F)CCCCC1,363.4,54.0,4.72,2,3,4,5.0
TDP43_v2,CHEMBL521724,-8.7,Cc1nc2c(N[C@H]3CCc4ccccc43)cc(-n3ccccc3=O)cn2c1C,370.5,51.3,4.2,1,3,3,5.0
TDP43_v2,CHEMBL522196,-8.7,COc1ccc2c(OCc3nnc4ccc(-c5ccc(F)c(F)c5)nn34)ccnc2c1,419.4,74.4,4.21,0,6,5,5.0
TDP43_v2,CHEMBL522716,-8.7,O=C(NC1CCc2cc(F)ccc21)C(=O)c1c[nH]c2ccccc12,322.3,62.0,3.29,2,2,3,5.0
TDP43_v2,CHEMBL523780,-8.7,COc1ccc(CN/C=C2\C(=O)NC(=O)c3ccc(-c4ccccc4)cc32)cc1O,400.4,87.7,3.47,3,5,5,5.0
TDP43_v2,CHEMBL523873,-8.7,O=C(NNc1cccc2ncccc12)C12CC3CC(CC(Cl)(C3)C1)C2,355.9,54.0,4.26,2,3,3,5.0
TDP43_v2,CHEMBL524445,-8.7,O/N=C1\CCc2cc(-c3cn(CC4CCCNC4)nc3-c3ccncc3)ccc21,387.5,75.3,3.74,2,5,4,5.0
TDP43_v2,CHEMBL527521,-8.7,O=c1[nH]c2c(cc1CNC1CCCCC1)c(-c1cccc(F)c1)nn2-c1ccccc1,416.5,62.7,4.94,2,3,5,5.0
TDP43_v2,CHEMBL527748,-8.7,NC1CCCN(Cc2cccc(-c3cccc(-c4nc5ccccc5[nH]4)c3)c2)C1,382.5,57.9,4.82,2,3,4,5.0
TDP43_v2,CHEMBL550991,-8.7,Cc1ccc(C(=O)N[C@H](C)c2ccc3ccccc3c2)cc1,289.4,29.1,4.64,1,1,3,4.0
TDP43_v2,CHEMBL559579,-8.7,Cc1ccc2c3c(ccc2n1)OC[C@H](CN1CCN(c2ccc4cc(Cl)ccc4n2)CC1)O3,461.0,50.7,4.71,0,6,3,4.0
TDP43_v2,CHEMBL560367,-8.7,Fc1cccc(CNC2=N[C@H](c3ccccc3)[C@H](c3ccccc3)N2)c1,345.4,36.4,4.36,2,3,4,4.0
TDP43_v2,CHEMBL561567,-8.7,O=C(Nc1cccc(-c2ccnc3c(C(=O)O)cnn23)c1)c1cccc(C(F)(F)F)c1,426.4,96.6,4.37,2,4,4,4.0
TDP43_v2,CHEMBL561880,-8.7,Cc1cc(N/N=C/c2ccnc3ccccc23)c2cc3c(cc2n1)OCO3,356.4,68.6,4.27,1,6,3,5.0
TDP43_v2,CHEMBL562355,-8.7,O=C(NCCc1ccc(O)cc1)C(c1ccccc1)c1ccccc1,331.4,49.3,3.88,2,2,6,5.0
TDP43_v2,CHEMBL562431,-8.7,C[C@H](C(=O)NCCc1ccc(O)cc1)c1cccc(C(O)c2ccccc2)c1,375.5,69.6,3.94,3,3,7,5.0
TDP43_v2,CHEMBL563965,-8.7,O=C(CN1C(=O)N/C(=C/c2ccc(Cl)cc2)C1=O)Nc1cccc(C(F)(F)F)c1,423.8,78.5,3.89,2,3,4,5.0
TDP43_v2,CHEMBL564227,-8.7,CS(=O)(=O)c1ccc([C@H](CCNC(=O)c2ccc(C#N)cc2)c2ccc(F)cc2)cc1,436.5,87.0,4.05,1,4,7,5.0
TDP43_v2,CHEMBL564391,-8.7,COc1ccccc1C(=O)NC(=O)NC1c2ccccc2-c2ccccc21,358.4,67.4,3.9,2,3,3,5.0
TDP43_v2,CHEMBL564694,-8.7,Cc1cc(C(=O)C(=O)N2CCN(C(=O)c3ccccc3)C[C@H]2C)ccc1-c1cc[nH]n1,416.5,86.4,2.94,1,4,4,5.0
TDP43_v2,CHEMBL564933,-8.7,O=C(c1ccc2ccccc2n1)c1ccccc1C(F)(F)F,301.3,30.0,4.48,0,2,2,4.0
TDP43_v2,CHEMBL565061,-8.7,CCOC(=O)c1cnn2c(-c3cccc(NC(=O)c4cccc(C(F)(F)F)c4)c3)ccnc12,454.4,85.6,4.84,1,5,5,4.0
TDP43_v2,CHEMBL565206,-8.7,CC(=O)c1cccc(-c2ccc3c(c2)CC[C@]24CN(C)C[C@H]2CC[C@@H]34)c1,345.5,20.3,4.93,0,2,2,4.0
TDP43_v2,CHEMBL565378,-8.7,COc1ccc(C2(c3ccc(C#N)c(-c4cccnc4)c3)N=C(N)N(C)C2=O)cc1C,411.5,104.6,2.97,1,6,4,4.0
TDP43_v2,CHEMBL566084,-8.7,CN(C1CCCc2ccccc21)C1CC(=O)c2ccccc21,291.4,20.3,4.32,0,2,2,4.0
TDP43_v2,CHEMBL566345,-8.7,O=C(NOC1CCCCO1)c1ccc2[nH]c(=O)c(CCCc3ccccc3)nc2c1,407.5,93.3,3.29,2,5,7,4.0
TDP43_v2,CHEMBL566402,-8.7,O=C(c1ccc2ccccc2c1)c1nc2cc(N3CCNCC3)ccc2[nH]1,356.4,61.0,3.36,2,4,3,5.0
TDP43_v2,CHEMBL566447,-8.7,CCc1cc2c(N3CCN(C(=O)Oc4cccc5ccccc45)CC3)ncnc2s1,418.5,58.6,4.73,0,6,3,5.0
TDP43_v2,CHEMBL602526,-8.7,Cc1cccc(C(=O)ONC(=N)Cc2cccc3ccccc23)c1,318.4,62.2,4.03,2,3,3,5.0
TDP43_v2,CHEMBL7914,-8.7,Cc1ccc(Nc2cc3c(cc2Nc2ccc(C)cc2)C(=O)NC3=O)cc1,357.4,70.2,4.67,3,4,4,5.0
TDP43_v2,CHEMBL8208,-8.7,c1ccc2c(CNCc3c[nH]c4ccccc34)cccc2c1,286.4,27.8,4.61,2,1,4,4.0
TDP43_v2,CHEMBL9127,-8.7,Cc1onc2c(=O)n(CCCN3CCN(c4cccc(Cl)c4)CC3)nc(-c3ccccc3)c12,464.0,67.4,4.23,0,6,6,4.0
TDP43_v2,ESTRIOL,-8.7,C[C@]12CC[C@@H]3c4ccc(O)cc4CC[C@H]3[C@@H]1C[C@@H](O)[C@@H]2O,288.4,60.7,2.58,3,3,0,5.0
TDP43_v2,ETHINYL ESTRADIOL,-8.7,C#C[C@]1(O)CC[C@H]2[C@@H]3CCc4cc(O)ccc4[C@H]3CC[C@@]21C,296.4,40.5,3.61,2,2,0,5.0
TDP43_v2,PALONOSETRON,-8.7,O=C1c2cccc3c2[C@H](CCC3)CN1[C@@H]1CN2CCC1CC2,296.4,23.6,2.66,0,2,1,4.0
TDP43_v2,CHEMBL1210540,-8.6,COc1ccc(C(=O)Nc2ncnc3[nH]c(/C=C/c4ccccc4)nc23)cc1,371.4,92.8,3.78,2,5,5,4.0
TDP43_v2,CHEMBL1210801,-8.6,CN1CCN(c2nc(N3CCCc4ccccc43)nc(N3CCCc4ccccc43)n2)CC1,441.6,51.6,3.79,0,7,3,5.0
TDP43_v2,CHEMBL12225,-8.6,O=C(O)c1ccc(O)c(C(=O)/C=C/c2ccccc2OCc2ccccc2)c1,374.4,83.8,4.57,2,4,7,5.0
TDP43_v2,CHEMBL1242758,-8.6,Nc1ncnc2c1c(-c1cccc3[nH]ccc13)nn2C1CCCC1,318.4,85.4,3.67,2,4,2,5.0
TDP43_v2,CHEMBL1242790,-8.6,Cc1ccc2c(CC3NCCc4ccccc43)cc(=O)oc2c1,305.4,42.2,3.53,1,3,2,5.0
TDP43_v2,CHEMBL1242888,-8.6,O=c1cc(CC2NCCc3ccccc32)c2ccc3ccccc3c2o1,341.4,42.2,4.38,1,3,2,5.0
TDP43_v2,CHEMBL124937,-8.6,O=c1cc(Nc2ccc3ccccc3c2)[nH]c(=O)[nH]1,253.3,77.8,1.96,3,3,2,5.0
TDP43_v2,CHEMBL1367070,-8.6,Cc1ccccc1C(=O)c1cccn1CC(=O)NCc1ccc2c(c1)OCO2,376.4,69.6,3.07,1,4,6,5.0
TDP43_v2,CHEMBL14272,-8.6,CC1CCC(=NNc2ccc3ccccc3c2)c2ncc(C(=O)O)c(=O)n21,362.4,96.6,3.27,2,5,3,4.0
TDP43_v2,CHEMBL1435510,-8.6,O=C(c1ccc(-c2ccccc2Cl)o1)N1CCN(c2ccccc2O)CC1,382.8,56.9,4.27,1,4,3,5.0
TDP43_v2,CHEMBL1524917,-8.6,O=C(CSc1ccc(-c2ccccc2)nn1)N1CCCc2ccccc21,361.5,46.1,4.22,0,4,4,5.0
TDP43_v2,CHEMBL17580,-8.6,N=C(N)c1ccc(CNC(=O)C2CCC=C2C(=O)N2CCc3ccccc32)cc1,388.5,99.3,2.51,3,3,5,4.0
TDP43_v2,CHEMBL17934,-8.6,CC1=NN(C(=O)Nc2cc(C)cc(C)c2)C(C)=NN1C(=O)Nc1cc(C)cc(C)c1,406.5,89.4,4.97,2,4,2,5.0
TDP43_v2,CHEMBL1795794,-8.6,CC1(C)CC(NC(=S)Nc2cccc(C#N)c2)c2cc(NC=O)ccc2O1,380.5,86.2,3.72,3,4,4,5.0
TDP43_v2,CHEMBL1795802,-8.6,Cc1cc(C)c2c(=O)n(CC(=O)Nc3ccc(F)cc3C)sc2n1,345.4,64.0,3.16,1,4,3,5.0
TDP43_v2,CHEMBL1808762,-8.6,Clc1ccccc1CNc1cc2c(cn1)[nH]c1ccccc12,307.8,40.7,4.98,2,2,3,5.0
TDP43_v2,CHEMBL1857968,-8.6,Cc1ccc(/C(=N/O)N2CCCC2)c(Oc2ccc3ccccc3c2)n1,347.4,58.0,4.57,1,4,3,5.0
TDP43_v2,CHEMBL1858634,-8.6,Cc1ccc(/C(=N/O)NC2CCC2)c(Oc2cccc3c2CCCC3)n1,351.5,66.7,4.34,2,4,4,5.0
TDP43_v2,CHEMBL1859594,-8.6,Cc1ccc2cccc(Oc3ccc(/C(=N/O)n4cccn4)cn3)c2n1,345.4,85.4,3.61,1,6,3,5.0
TDP43_v2,CHEMBL1859758,-8.6,Cc1ccc(/C(=N/O)N2CCSC2)c(Oc2ccc3ccccc3c2)n1,365.5,58.0,4.48,1,5,3,5.0
TDP43_v2,CHEMBL1862981,-8.6,Cc1cc(C(=O)NC2CCN(C(c3ccc(C(F)(F)F)cc3)c3cccnc3)CC2)[nH]n1,443.5,73.9,4.12,2,4,5,5.0
TDP43_v2,CHEMBL1863704,-8.6,O=C(c1cc(Cl)nc2ccccc12)N1CCN(S(=O)(=O)c2cccc(C(F)(F)F)c2)CC1,483.9,70.6,4.05,0,4,3,4.0
TDP43_v2,CHEMBL1864148,-8.6,Cc1cccc(C(O)c2nc(-c3cccc(C(F)(F)F)c3)c[nH]2)c1C,346.4,48.9,4.79,2,2,3,5.0
TDP43_v2,CHEMBL1865181,-8.6,Cc1ccc(-c2nnn(CC(=O)NC(=O)NC3CCCCC3)n2)cc1,342.4,101.8,1.81,2,5,4,4.0
TDP43_v2,CHEMBL1865323,-8.6,CC1CC(C)(C)CC2(C1)NC(=O)N(CC(=O)N(C)Cc1nc(O)c3ccccc3n1)C2=O,439.5,115.7,2.43,2,6,4,4.0
TDP43_v2,CHEMBL1865473,-8.6,Cc1cc(C)cc(N2CC(c3nc(-c4cccc(Cl)c4)no3)CC2=O)c1,367.8,59.2,4.53,0,4,3,5.0
TDP43_v2,CHEMBL1865562,-8.6,O=C(NCc1ccccc1)c1ccc(-c2cn[nH]c2)c2ccoc12,317.3,70.9,3.75,2,3,4,5.0
TDP43_v2,CHEMBL1865574,-8.6,CC(C)(C)n1nc(Cc2cccc3ccccc23)c(C#N)c1N,304.4,67.6,3.84,1,3,2,5.0
TDP43_v2,CHEMBL19051,-8.6,O=S1(=O)c2cccc3cccc(c23)N1CCN1CC=C(Cc2c[nH]c3ccc(F)cc23)CC1,461.6,56.4,4.84,1,3,5,4.0
TDP43_v2,CHEMBL19957,-8.6,O=C1Cc2cc(C#CCN3CCC(Cc4ccc(F)cc4)CC3)ccc2N1,362.4,32.3,3.63,1,2,3,4.0
TDP43_v2,CHEMBL20834,-8.6,O=C1NC(=O)c2c1c1c(ccc3cccnc31)c1[nH]c3ccccc3c21,337.3,74.8,3.91,2,3,0,5.0
TDP43_v2,CHEMBL21992,-8.6,CC(=O)N1CCc2ccc(N(C(=O)/C=C/c3ccccc3)C3CCN(C(=O)c4ccccc4)CC3)cc21,493.6,60.9,4.95,0,3,5,4.0
TDP43_v2,CHEMBL24827,-8.6,N=C(N)c1ccc(COc2cccc(CCNS(=O)(=O)c3ccc(Cl)cc3)c2)cc1,444.0,105.3,3.72,3,4,9,4.0
TDP43_v2,CHEMBL4434647,-8.6,O=C(Cn1cc(Cn2c3ccccc3c3ccccc32)nn1)c1cccc(F)c1,384.4,52.7,4.46,0,3,5,5.0
TDP43_v2,CHEMBL4434862,-8.6,O=C(O)[C@H]1C2CCC(CC2)[C@@H]1Nc1nc(-c2n[nH]c3ncc(F)cc23)nc2ccsc12,438.5,116.7,4.07,3,7,4,4.0
TDP43_v2,CHEMBL4435536,-8.6,c1ccc(CCc2ccc3[nH]nc(-c4ccc(N5CCNCC5)nc4)c3c2)cc1,383.5,56.8,3.82,2,4,5,5.0
TDP43_v2,CHEMBL4528173,-8.6,COc1cccc(CN2C(=O)CN(C(=O)c3cc4cc(OC)ccc4o3)C[C@@H]2CCc2ccccc2)c1,498.6,72.2,4.94,0,5,8,4.0
TDP43_v2,CHEMBL4528363,-8.6,CC(C)(N)c1ccc(-n2c(-c3cccnc3N)nc3ccc(-c4ccccc4)nc32)cc1,420.5,95.6,4.93,2,5,4,4.0
TDP43_v2,CHEMBL4529627,-8.6,Cc1ccc(C)c(C(=O)COC(=O)c2c(O)ccc3ccccc23)c1,334.4,63.6,4.2,1,4,4,5.0
TDP43_v2,CHEMBL4530813,-8.6,CC(C)S(=O)(=O)c1ccc(-c2cnc(N)c(-c3cc(-c4ccccc4)on3)n2)cc1,420.5,112.0,4.23,1,7,5,4.0
TDP43_v2,CHEMBL4530924,-8.6,C[C@H]1NC(=O)c2cc(-c3nccc4c(=O)n(C)c(NC(C)(C)C)nc34)[nH]c21,366.4,104.7,2.34,3,5,2,4.0
TDP43_v2,CHEMBL4531076,-8.6,Cc1cc(O)c(=O)c(O)cc1C(=O)c1ccc2ccccc2c1,306.3,74.6,3.15,2,4,2,5.0
TDP43_v2,CHEMBL4531349,-8.6,O=C(c1nnc(-c2ccc(C(F)F)cc2)o1)N1CC(Oc2ccc(CN3CC4(COC4)C3)cc2)C1,482.5,80.9,3.41,0,7,7,4.0
TDP43_v2,CHEMBL4531618,-8.6,OCc1cccc(-c2cnc3ccc(-c4ccccc4)nn23)c1,301.3,50.4,3.56,1,3,3,5.0
TDP43_v2,CHEMBL4531919,-8.6,N#Cc1ccccc1Cn1ccc2ccc(-c3cc(N)n[nH]3)cc21,313.4,83.4,3.53,2,3,3,5.0
TDP43_v2,CHEMBL4532181,-8.6,CN1CCCC1c1cn(Cc2ccc(C(=O)NO)cc2)c2ccccc12,349.4,57.5,3.58,2,3,4,5.0
TDP43_v2,CHEMBL4532455,-8.6,Cc1ccc2nc(CNc3ccccc3-c3ccccc3)cc(=O)n2c1,341.4,46.4,4.28,1,3,4,5.0
TDP43_v2,CHEMBL4533450,-8.6,O=c1c2ccccc2nnn1CSc1nc2ccccc2c(=O)n1CCC1=CCCCC1,445.5,82.7,4.14,0,6,6,5.0
TDP43_v2,CHEMBL4533617,-8.6,C=C1C(c2ccccc2F)=CC(=O)N1Cc1ccccc1,279.3,20.3,3.77,0,1,3,4.0
TDP43_v2,CHEMBL4534146,-8.6,N#Cc1ccc(-c2cnc3cnc(/C=C/c4ccccc4)cn23)cc1,322.4,54.0,4.44,0,3,3,5.0
TDP43_v2,CHEMBL4534361,-8.6,N#Cc1ccc(-c2cnc(N)c(-c3cc4c(cn3)C(=O)NCC4)c2)cc1,341.4,104.7,2.55,2,5,2,4.0
TDP43_v2,CHEMBL4534671,-8.6,COc1cccc(NC(=O)c2ccc(C)c(C#Cc3cc(-c4cnn(C)c4)cnc3N)c2)c1,437.5,95.1,4.03,2,5,4,4.0
TDP43_v2,CHEMBL4564248,-8.6,N#Cc1c(N)n[nH]c1-c1ccc2ccn(Cc3ccnc4ccccc34)c2c1,364.4,96.3,4.08,2,4,3,4.0
TDP43_v2,CHEMBL4564493,-8.6,Cc1ccc2c(=O)c3c(oc2c1)N1C[C@@H]2CCCN4CCC[C@@H]([C@H]24)[C@H]1CC3,364.5,36.7,3.73,0,4,0,4.0
TDP43_v2,CHEMBL4564717,-8.6,CC(=O)Nc1cccc(-c2cn3c(-c4ccc(C#N)cc4)cnc3cn2)c1,353.4,83.1,3.89,1,4,3,5.0
TDP43_v2,CHEMBL4564941,-8.6,CN1C(=O)C(NCc2ccccc2Cl)=C(c2cn(C)c3ccccc23)C1=O,379.8,54.3,3.33,1,3,4,5.0
TDP43_v2,CHEMBL4565044,-8.6,Cc1ccc(S(=O)(=O)Nc2ccc(C(=O)Nc3ncccc3O)cc2)cc1C,397.5,108.4,3.46,3,5,5,4.0
TDP43_v2,CHEMBL4565154,-8.6,O=C(Cn1nc2c3c4c(sc3ncn2c1=O)CCCC4)N1CCc2ccccc2C1,419.5,72.5,2.57,0,5,2,5.0
TDP43_v2,CHEMBL4566306,-8.6,Cc1ccc(Sc2nccn3c(=O)n(CC(=O)N4CCN(c5ccccc5)CC4)nc23)c(C)c1,474.6,75.7,3.01,0,6,5,4.0
TDP43_v2,CHEMBL4566420,-8.6,NC(=O)c1ccc(-c2cc(-c3ccncc3)nc(-c3ccc([N+](=O)[O-])cc3)c2)cc1,396.4,112.0,4.48,1,5,5,4.0
TDP43_v2,CHEMBL4566603,-8.6,Cc1cc2nn(CC(=O)Nc3ccccc3F)c(=O)n2c(Nc2ccc(C)c(F)c2)n1,424.4,93.3,3.17,2,5,5,4.0
TDP43_v2,CHEMBL4566630,-8.6,O=C(Nc1ccccc1)C1CSc2c(O)c(Cc3cccc4ccccc34)cc(=O)n21,428.5,71.3,4.58,2,4,4,5.0
TDP43_v2,CHEMBL4568077,-8.6,C[C@H]1COCCN1c1nc(-c2cnc(N)cc2C(F)F)cc(N2CCOCC2)n1,406.4,89.6,2.12,1,8,4,5.0
TDP43_v2,CHEMBL4568480,-8.6,O=C(O)c1ccc(-c2cc(=O)n3nc(C4CC4)c(-c4ccc(Cl)cc4)c3[nH]2)cc1,405.8,87.5,4.59,2,3,4,5.0
TDP43_v2,CHEMBL4570634,-8.6,CN(C[C@H]1COc2ccccc2O1)c1nc(-c2cccnc2)nc2ccccc12,384.4,60.4,3.97,0,6,4,5.0
TDP43_v2,CHEMBL4571235,-8.6,COc1cccc2cc3c(cc12)C(=O)N(c1ccccc1C(F)(F)F)C3=O,371.3,46.6,4.67,0,3,2,5.0
TDP43_v2,CHEMBL4571330,-8.6,Cc1cc2nn(CC(=O)Nc3cc(F)cc(F)c3)c(=O)n2c(Nc2ccccc2C)n1,424.4,93.3,3.17,2,5,5,4.0
TDP43_v2,CHEMBL4571531,-8.6,COc1ccc(S(=O)(=O)N2CCc3ccccc32)cc1C(=O)NOCc1ccccc1,438.5,84.9,3.31,1,5,7,5.0
TDP43_v2,CHEMBL4571884,-8.6,Cn1ccc2cc(NC(=O)Cc3ccc(-n4c5c(c6ncnc(N)c64)CCC5)cc3)ccc21,436.5,90.8,4.16,2,4,4,4.0
TDP43_v2,CHEMBL4572783,-8.6,Fc1ccc2[nH]c(Cc3c[nH]c4c(F)cccc34)cc2c1,282.3,31.6,4.52,2,0,2,4.0
TDP43_v2,CHEMBL4573527,-8.6,Cc1cccc(-c2ccc3c(c2)CCNC3=O)c1,237.3,29.1,2.95,1,1,1,4.0
TDP43_v2,CHEMBL4573582,-8.6,Cc1ccc2nc(NC(=O)c3cccc(C(F)(F)F)c3)c(C(=O)NC3CCCCC3)n2c1,444.5,75.5,4.98,2,3,4,5.0
TDP43_v2,CHEMBL4574735,-8.6,CNc1cc(-c2ccc3cnn(Cc4ccc(C(F)(F)F)cc4)c3c2)cn(C)c1=O,412.4,51.9,4.51,1,3,4,5.0
TDP43_v2,CHEMBL4574936,-8.6,O=C(c1cccc(NCc2cc(-c3ccc(Cl)cc3)c[nH]c2=O)c1)N1CCOCC1,423.9,74.4,3.78,2,4,5,5.0
TDP43_v2,CHEMBL4575882,-8.6,Cc1cccc(Nc2ncc(C(=O)c3cccc(-c4ccncc4)c3)[nH]2)c1,354.4,70.7,4.75,2,4,5,5.0
TDP43_v2,CHEMBL4581669,-8.6,CC(C)(C(=O)NCCc1ccccc1)n1cc(-c2ccc3c(c2)OCCO3)cn1,391.5,65.4,3.42,1,4,6,5.0
TDP43_v2,CHEMBL4581962,-8.6,O=C1C=CC2(C=C1)OCC(Cc1cccc(Br)c1)C(=O)N2c1ccccc1,424.3,46.6,4.06,0,3,3,5.0
TDP43_v2,CHEMBL4583678,-8.6,O=C(N/N=C/c1ccc(Cl)cc1)c1nc(-c2cc3ccccc3oc2=O)cs1,409.9,84.6,4.33,1,6,4,5.0
TDP43_v2,CHEMBL4585010,-8.6,Cc1c(C(=O)N2CCC(F)(c3ccc(F)cc3)C2)cnn1-c1nn2cccc2c(=O)[nH]1,424.4,88.3,2.37,1,4,3,5.0
TDP43_v2,CHEMBL4585059,-8.6,Cc1cc2nn(CC(=O)Nc3cccc(C)c3C)c(=O)n2c(Nc2ccc(C)c(F)c2)n1,434.5,93.3,3.65,2,5,5,4.0
TDP43_v2,CHEMBL4585069,-8.6,CNC(=O)c1ccc(CNc2cc(C(F)(F)F)c(C#N)c3nc4ccccc4n23)cc1,423.4,82.2,4.35,2,4,4,5.0
TDP43_v2,CHEMBL4585367,-8.6,NC(=O)c1ccc(-c2cc(-c3cccc(C(F)(F)F)c3)cnc2N)cc1,357.3,82.0,4.12,2,3,3,5.0
TDP43_v2,CHEMBL4634985,-8.6,Cc1ccc2[nH]cc(C(=O)On3nnc4ccccc43)c2c1,292.3,72.8,2.49,1,4,2,5.0
TDP43_v2,CHEMBL4634995,-8.6,O=c1[nH]cc(C#Cc2ccc3c4cccc5cccc(c6cccc2c63)c54)c(=O)[nH]1,386.4,65.7,4.51,2,2,0,5.0
TDP43_v2,CHEMBL4635528,-8.6,NC(=O)c1cc(-c2ccc(F)cc2)c2ccc(CN3CCCC3=O)cc2n1,363.4,76.3,3.26,1,3,4,5.0
TDP43_v2,CHEMBL4635680,-8.6,O=C(NCC1CCCOC1)c1n[nH]c2ccc(-c3cccc(F)c3F)cc12,371.4,67.0,3.66,2,3,4,5.0
TDP43_v2,CHEMBL4636029,-8.6,COc1ccc(OC[C@H]2c3cccn3CC(=O)N2Cc2cccc(C(F)(F)F)c2)cc1,430.4,43.7,4.68,0,3,6,5.0
TDP43_v2,CHEMBL4636158,-8.6,O=[N+]([O-])c1ccc(-c2nnnn2-c2ccc(-c3nc4ccccc4o3)cc2)cc1,384.4,112.8,4.05,0,7,4,4.0
TDP43_v2,CHEMBL4636168,-8.6,O=C1CC2(C(=O)Nc3ccc(Cl)cc32)c2cn(Cc3ccc(Cl)cc3)nc2N1,413.3,76.0,3.82,2,3,2,5.0
TDP43_v2,CHEMBL4636435,-8.6,O=C1[C@@H]2[C@H]3CC[C@H](C3)[C@@H]2C(=O)N1CCCCCCN1CCN(c2cccc(C(F)(F)F)c2)CC1,477.6,43.9,4.42,0,4,8,4.0
TDP43_v2,CHEMBL4636507,-8.6,Cc1[nH]nc2[nH]c(=O)cc([C@H]3CC[C@H](CC(=O)N4CCC(C)(C)CC4)CC3)c12,384.5,81.8,3.87,2,3,3,5.0
TDP43_v2,CHEMBL4636799,-8.6,O=C(CCc1ccccc1)N1CC[C@]23c4c5ccc(O)c4O[C@H]2c2[nH]c4ccccc4c2C[C@@]3(O)[C@H]1C5,492.6,85.8,4.32,3,4,3,4.0
TDP43_v2,CHEMBL4637120,-8.6,Fc1ccc(-c2cccn3cc(-c4ccccc4)nc23)cc1,288.3,17.3,4.81,0,1,2,4.0
TDP43_v2,CHEMBL4637198,-8.6,Cc1noc(C)c1-c1ccc2c(c1)C(c1ccccc1)NC(=O)N2C,333.4,58.4,4.21,1,3,2,5.0
TDP43_v2,CHEMBL4637707,-8.6,O=C1/C(=C/c2c[nH]c3ncccc23)CCc2cc(O)ccc21,290.3,66.0,3.48,2,3,1,5.0
TDP43_v2,CHEMBL4638219,-8.6,Cc1ccccc1-n1ncc2c1CCC[C@H]2NC(=O)c1noc2c1CCCC2,376.5,73.0,3.85,1,4,3,5.0
TDP43_v2,CHEMBL4638693,-8.6,O=C(Cc1ccccc1)N1CC[C@]23c4c5ccc(O)c4O[C@H]2c2[nH]c4ccccc4c2C[C@@]3(O)[C@H]1C5,478.5,85.8,3.93,3,4,2,4.0
TDP43_v2,CHEMBL4638982,-8.6,Cc1cc(N2C[C@H]3CC[C@@H](C2)[C@@H]3Nc2nc3n(n2)CCCN3c2ccc(F)c(F)c2)cnn1,452.5,75.0,3.52,1,7,4,4.0
TDP43_v2,CHEMBL495019,-8.6,O=C(C(=O)N1CCN(C(=O)c2ccccc2)CC1)c1c[nH]c2cc(F)cc(F)c12,397.4,73.5,2.61,1,3,3,5.0
TDP43_v2,CHEMBL496400,-8.6,Cc1cccc(C)c1CNc1cc(N2CCCCC2=O)cn2c(C)c(C)nc12,376.5,49.6,4.7,1,3,4,5.0
TDP43_v2,CHEMBL497670,-8.6,O/N=C1\CCc2cc(-c3cn(CC4CCNCC4)nc3-c3ccncc3)ccc21,387.5,75.3,3.74,2,5,4,5.0
TDP43_v2,CHEMBL497736,-8.6,O=c1c(C2=CS(=O)(=O)c3cc(F)ccc3N2)c(O)c2cc(F)ccc2n1Cc1ccc(F)cc1,484.5,88.4,4.37,2,5,3,4.0
TDP43_v2,CHEMBL498220,-8.6,Cc1nc2c(NCc3ccc(F)cc3Cl)cc(-n3ccccc3=O)cn2c1C,396.9,51.3,4.51,1,3,4,5.0
TDP43_v2,CHEMBL499812,-8.6,Oc1ccc2c(c1)CC[C@@H]1[C@@H]2CC[C@]2(O)[C@@H](O)CC[C@@H]12,274.4,60.7,2.33,3,3,0,5.0
TDP43_v2,CHEMBL500401,-8.6,O=S(=O)(Nc1cccc(C(F)(F)F)c1)c1cc(Cl)cc(Cl)c1,370.2,46.2,4.81,1,2,3,5.0
TDP43_v2,CHEMBL500821,-8.6,O=c1ccc2cc(O)c3c(c2o1)CCCC3,216.2,50.4,2.38,1,3,0,5.0
TDP43_v2,CHEMBL502269,-8.6,O=c1nc(-c2ccc3[nH]ncc3c2)cc(-c2cccc(F)c2)[nH]1,306.3,74.4,3.12,2,3,2,5.0
TDP43_v2,CHEMBL503748,-8.6,O=c1ccc2c(cc(O)c3ccccc32)o1,212.2,50.4,2.65,1,3,0,5.0
TDP43_v2,CHEMBL504473,-8.6,Cc1cc(C)c(/C=C/C(=O)c2ccccc2)c(C)c1,250.3,17.1,4.51,0,1,3,4.0
TDP43_v2,CHEMBL506671,-8.6,Cc1cc2c(cc1O)[nH]c1ccc3c(c12)C=CC(C)(C)O3,279.3,45.2,4.52,2,2,0,5.0
TDP43_v2,CHEMBL511056,-8.6,Cc1cc(I)ccc1Nc1cc(F)ccc1C(=O)NO,386.2,61.4,3.6,3,3,3,5.0
TDP43_v2,CHEMBL511218,-8.6,CN1C(=O)c2cccc3c2c1cc1ccccc13,233.3,20.3,3.58,0,1,0,4.0
TDP43_v2,CHEMBL511409,-8.6,Cc1ccc(Cn2nc(-c3nc(CNC(=O)OC(C)(C)C)no3)c3ccccc32)cc1,419.5,95.1,4.47,1,6,5,4.0
TDP43_v2,CHEMBL511563,-8.6,COc1ccc(-c2cnc3c(-c4ccnc5ccccc45)cnn3c2)cc1,352.4,52.3,4.62,0,4,3,5.0
TDP43_v2,CHEMBL511703,-8.6,O=C(c1cc(-c2ccncc2)nc2ccccc12)N1CCCCC1,317.4,46.1,3.92,0,3,2,5.0
TDP43_v2,CHEMBL511752,-8.6,CCc1cc(COc2ccc(N3CCN(C(C)C(=O)NO)C3=O)cc2)c2ccccc2n1,434.5,95.0,3.51,2,5,7,4.0
TDP43_v2,CHEMBL511923,-8.6,O=c1c2ccccc2oc2cc(OCCCN3CCN(c4cccc(Cl)c4)CC3)cc(O)c12,464.9,66.2,4.9,1,6,6,4.0
TDP43_v2,CHEMBL512904,-8.6,O=c1c2ccccc2nc2n1CCC2Cc1ccc(OCCCN2CCCCC2)cc1,417.6,47.4,4.38,0,4,7,5.0
TDP43_v2,CHEMBL513841,-8.6,N#Cc1cccc(NC(=O)Nc2ccc3ncnc(Nc4ccccc4)c3c2)c1,380.4,102.7,4.89,3,5,4,4.0
TDP43_v2,CHEMBL514153,-8.6,CONC(=O)c1cn(-c2ccc3c(c2)CCC3)c2nc(NCc3ccccc3)ncc2c1=O,441.5,98.1,3.17,2,6,6,4.0
TDP43_v2,CHEMBL514278,-8.6,O=C(N/N=C/c1ccco1)c1cc(-c2ccccc2)nn1Cc1ccc(Cl)nc1,405.8,85.3,4.0,1,5,6,5.0
TDP43_v2,CHEMBL514757,-8.6,O=C1CCCC1C1(O)c2ccccc2-n2c1nc1ccccc1c2=O,332.4,72.2,2.3,1,4,1,5.0
TDP43_v2,CHEMBL514820,-8.6,C[C@](N)(CO)C(=O)Nc1ccc(OCCc2ccc(-c3cccc(C(F)(F)F)c3)cc2)cc1,458.5,84.6,4.64,3,4,8,4.0
TDP43_v2,CHEMBL514865,-8.6,O=C1Nc2cc(F)ccc2/C1=C\c1cccc(C(F)(F)F)c1,307.2,29.1,4.34,1,1,1,4.0
TDP43_v2,CHEMBL514867,-8.6,O=C1Nc2ccccc2/C1=C\c1ccccc1C(F)(F)F,289.3,29.1,4.2,1,1,1,4.0
TDP43_v2,CHEMBL515155,-8.6,O=C1Nc2ccccc2/C1=C1\C(=O)Nc2ccccc21,262.3,58.2,2.5,2,2,0,5.0
TDP43_v2,CHEMBL515522,-8.6,O=C(c1cc(-c2cccnc2)nc2ccccc12)N1CCC(N2CCCC2)CC1,386.5,49.3,4.0,0,4,3,5.0
TDP43_v2,CHEMBL515831,-8.6,O=C(O)CC1=C/C(=C\c2cccc3cccnc23)c2ccc(F)cc21,331.3,50.2,4.79,1,2,3,5.0
TDP43_v2,CHEMBL515855,-8.6,Cc1cc2c(c(=O)[nH]1)C(=O)O/C2=C\c1cn(C)c2ccccc12,306.3,64.1,2.84,1,3,1,5.0
TDP43_v2,CHEMBL516231,-8.6,Cc1cc(Nc2nn(Cc3cc(F)ccc3F)c(=O)c3ccccc23)n[nH]1,367.4,75.6,3.5,2,4,4,5.0
TDP43_v2,CHEMBL516244,-8.6,COc1ccccc1-c1ccc2c(-c3nc4c(N5CCN(C)CC5)cccc4[nH]3)n[nH]c2c1,438.5,73.1,4.53,2,5,4,5.0
TDP43_v2,CHEMBL516284,-8.6,O=C([C@@H]1CCc2c(Cl)cc(OCc3ccc(C(F)(F)F)cc3)c(=O)n21)N1CCCC1,440.8,51.5,4.21,0,3,4,5.0
TDP43_v2,CHEMBL516326,-8.6,S=C(N1CCC(c2cccc(Br)c2)=N1)N1CCCc2ccccc21,400.3,18.8,4.6,0,2,1,4.0
TDP43_v2,CHEMBL517258,-8.6,O=C(Nc1nc(-c2ccccc2)nc2c1nnn2Cc1ccccc1)c1cccc(F)c1,424.4,85.6,4.33,1,5,5,5.0
TDP43_v2,CHEMBL518200,-8.6,N#Cc1cc(C(O)c2ccc(-n3cccn3)cc2)n2c1ccc1ccccc12,364.4,66.2,4.23,1,3,3,5.0
TDP43_v2,CHEMBL518779,-8.6,CC1(C)CC2(CN(Cc3ccc(C(F)(F)F)cc3)CCO2)c2ccccc2O1,391.4,21.7,4.99,0,3,2,4.0
TDP43_v2,CHEMBL519178,-8.6,O=C(CCc1cccc(-c2ccccc2)c1)NC1=C(C(=O)O)CCCC1,349.4,66.4,4.32,2,2,6,5.0
TDP43_v2,CHEMBL519238,-8.6,O=C1NC(=O)c2c1c(-c1ccccc1)cc1c2c2cc(O)ccc2n1CCCn1ccnc1,436.5,89.2,4.34,2,4,5,5.0
TDP43_v2,CHEMBL519554,-8.6,CC(=O)Nc1cc(-c2cc(C)ccc2C)nc(-n2nc(C)cc2C)n1,335.4,72.7,3.52,1,4,3,5.0
TDP43_v2,CHEMBL519620,-8.6,NC(=O)c1cccc(Cc2nc(-c3ccc(F)cc3)c(-c3ccnc(NC4CC4)n3)[nH]2)c1,428.5,109.6,3.94,3,5,7,4.0
TDP43_v2,CHEMBL520104,-8.6,Cc1nc(-c2nc(N3CCOCC3)[nH]c2-c2ccc3ncnn3c2)ccc1F,379.4,84.2,2.47,1,6,3,5.0
TDP43_v2,CHEMBL520502,-8.6,CC(C)(O)c1ccc(-c2cccc(-n3cc(C(=O)NC4CC4)c(=O)c4cccnc43)c2)cn1,440.5,97.1,3.57,2,5,5,4.0
TDP43_v2,CHEMBL520602,-8.6,CN(C(=O)N1CC(c2cc(F)ccc2F)=C[C@@]1(CO)c1ccccc1)C1CCN(CC(F)F)CC1,491.5,47.0,4.33,1,3,6,4.0
TDP43_v2,CHEMBL520803,-8.6,C#Cc1cccc(Nc2nc(N)nc3[nH]c(CCc4ccccc4)cc23)c1,353.4,79.6,4.05,3,4,5,5.0
TDP43_v2,CHEMBL521010,-8.6,O=C(c1cccc2c(=O)c3ccccc3[nH]c12)N1CCCCC1,306.4,53.2,3.31,1,2,1,5.0
TDP43_v2,CHEMBL522325,-8.6,Cc1cc(Nc2ccc(C#N)c(C(F)(F)F)c2)n2ncnc2n1,318.3,78.9,3.07,1,5,2,5.0
TDP43_v2,CHEMBL522462,-8.6,COc1cccc(-n2c(=O)n(Cc3c(F)cccc3F)c3cnc(NCc4ccccc4)nc32)c1,473.5,74.0,4.53,1,5,7,4.0
TDP43_v2,CHEMBL522596,-8.6,O=C(OC12C3C4CC5C6C4C1C6C1(OCCCN12)C53)c1n[nH]c2ccccc12,375.4,67.5,2.24,1,5,2,5.0
TDP43_v2,CHEMBL522622,-8.6,O=C(Nc1ccccc1-c1cn2c(CN3CCNCC3)csc2n1)c1cccc2cccnc12,468.6,74.6,4.27,2,6,5,4.0
TDP43_v2,CHEMBL523374,-8.6,CNc1noc2c(-c3ccc4c(N5CCOC[C@@H]5C)nncc4c3)c(C)ccc12,389.5,76.3,4.01,1,7,3,5.0
TDP43_v2,CHEMBL523678,-8.6,Cc1cccn2c(=O)c(O)c(C(=O)NCc3ccc(F)cc3)nc12,327.3,83.7,1.78,2,4,3,5.0
TDP43_v2,CHEMBL523712,-8.6,O=C(NCc1cccc(-c2cccc(CN3CCNCC3)c2)c1)c1ccc(C(F)(F)F)cc1,453.5,44.4,4.71,2,3,6,4.0
TDP43_v2,CHEMBL523793,-8.6,O=C(C=C1c2ccccc2C(=O)c2ccccc21)c1ccccc1,310.4,34.1,4.55,0,2,2,4.0
TDP43_v2,CHEMBL523800,-8.6,O=C1Oc2ccc3ccccc3c2CC1C(=O)c1ccc(F)cc1,320.3,43.4,3.94,0,3,2,5.0
TDP43_v2,CHEMBL527496,-8.6,Cc1cccc(C(=O)NCCCN2CCC(NC(=O)/C=C/c3ccc(Cl)c(Cl)c3)CC2)c1,474.4,61.4,4.72,2,3,8,4.0
TDP43_v2,CHEMBL527548,-8.6,Cn1cncc1C(=O)Nc1cccc(-c2csc(-c3nc4ccccc4[nH]3)c2)c1,399.5,75.6,4.94,2,4,4,5.0
TDP43_v2,CHEMBL527783,-8.6,COc1ccc2nccc([C@@H](O)CN3CCC(NCc4ccc5c(c4)NC(=O)C(C)S5)CC3)c2c1,492.6,86.7,3.96,3,7,7,4.0
TDP43_v2,CHEMBL557321,-8.6,Fc1ccc2[nH]cc(CCn3ccc4ccccc43)c2c1,278.3,20.7,4.5,1,0,3,4.0
TDP43_v2,CHEMBL557892,-8.6,O=c1cc(-c2coc3ccccc23)[nH]c2cc3c(cc12)OCO3,305.3,64.5,3.67,1,4,1,5.0
TDP43_v2,CHEMBL558242,-8.6,C[C@@H](NC(=O)c1ccccc1O)c1ccc2ccccc2c1,291.4,49.3,4.04,2,2,3,5.0
TDP43_v2,CHEMBL559891,-8.6,NC(=O)c1sc(-c2cnn3ccccc23)cc1OCc1ccccc1C(F)(F)F,417.4,69.6,4.76,1,4,5,5.0
TDP43_v2,CHEMBL560411,-8.6,Cn1c2c(c(=O)n(C)c1=O)C(c1ccc(F)c(F)c1F)C1=C(CC(c3ccco3)CC1=O)N2,457.4,86.2,3.05,1,5,2,4.0
TDP43_v2,CHEMBL560588,-8.6,Cc1cccc2nc(-c3cccnc3N3CCC(C(=O)O)CC3)oc(=O)c12,365.4,96.5,2.86,1,6,3,4.0
TDP43_v2,CHEMBL560781,-8.6,Cc1ccc(-c2nn(Cc3nnc(S)n3-c3ccccc3)c(=O)n2/N=C/c2ccc(F)cc2)cc1,485.5,82.9,3.96,1,6,6,4.0
TDP43_v2,CHEMBL561008,-8.6,Cc1cccc(-c2nc(-c3ccc(C#N)cc3)cn2-c2ccc3c(c2)OCCO3)n1,394.4,73.0,4.55,0,5,3,5.0
TDP43_v2,CHEMBL562267,-8.6,Cc1nc2c(-c3ccccc3)[nH]c(-c3ccc(O)cc3)cn-2c1=O,317.3,70.9,3.35,2,3,2,5.0
TDP43_v2,CHEMBL562892,-8.6,O=C(Nc1cccc2cccnc12)c1ccc(N2C(=O)[C@@H]3[C@H](C2=O)[C@@H]2C=C[C@H]3C2)c(Cl)c1,443.9,79.4,4.45,1,4,3,5.0
TDP43_v2,CHEMBL563189,-8.6,O=C(C=C1CCN(C(=O)c2ccccc2)CC1)N[C@@H]1CCN(Cc2ccc3cc(F)ccc3c2)C1,471.6,52.7,4.53,1,3,5,4.0
TDP43_v2,CHEMBL563749,-8.6,Nc1c(C(=O)c2ccccc2C(F)(F)F)cc[n+]([O-])c1-c1ccccc1Cl,392.8,70.0,4.47,1,3,3,5.0
TDP43_v2,CHEMBL563776,-8.6,N=C(N)c1ccc2cc(C3OC3c3ccccc3)ccc2c1,288.4,62.4,3.94,2,2,3,5.0
TDP43_v2,CHEMBL564389,-8.6,C=Cc1cccc2c1/C(=N/O)C(=O)N2Cc1cc(F)cc2c1OCOC2,354.3,71.4,3.06,1,5,3,5.0
TDP43_v2,CHEMBL565509,-8.6,CC(Nc1nccc(-n2cnc3ccccc32)n1)C1CCCN(C(=O)OCc2ccccc2)C1,456.6,85.2,4.66,1,6,6,4.0
TDP43_v2,CHEMBL565570,-8.6,c1ccc(C2NC(N3CCN(c4ccccn4)CC3)=NC3=C2CCc2ccccc23)cc1,421.5,43.8,4.26,1,5,2,5.0
TDP43_v2,CHEMBL565790,-8.6,COc1ccc(C2(c3cccc(-c4cccnc4)c3)N=C(N)N(C)C2=O)cc1C1CCCC1,440.5,80.8,4.45,1,5,5,5.0
TDP43_v2,CHEMBL566165,-8.6,COc1cc2ncn(-c3sc(C(N)=O)cc3OCc3ccccc3C(F)(F)F)c2cc1OC,477.5,88.6,4.8,1,6,7,4.0
TDP43_v2,CHEMBL566192,-8.6,c1ccc2cc(Cc3nc4cc(N5CCNCC5)ccc4[nH]3)ccc2c1,342.4,44.0,3.72,2,3,3,5.0
TDP43_v2,CHEMBL566211,-8.6,O=C(/C=C/c1cccc2ccn(Cc3ccccc3)c12)NS(=O)(=O)c1cccs1,422.5,68.2,4.27,1,4,6,5.0
TDP43_v2,CHEMBL7640,-8.6,Cc1c2c(cc3c(-c4ccccc4F)noc13)CC(C(=O)O)O2,313.3,72.6,3.33,1,4,2,5.0
TDP43_v2,ESTETROL ANHYDROUS,-8.6,C[C@]12CC[C@@H]3c4ccc(O)cc4CC[C@H]3[C@@H]1[C@@H](O)[C@@H](O)[C@@H]2O,304.4,80.9,1.55,4,4,0,4.0
TDP43_v2,SELINEXOR,-8.6,O=C(/C=C\n1cnc(-c2cc(C(F)(F)F)cc(C(F)(F)F)c2)n1)NNc1cnccn1,443.3,97.6,3.39,2,6,5,4.0
TDP43_v2,BENPERIDOL,-8.5,O=C(CCCN1CCC(n2c(=O)[nH]c3ccccc32)CC1)c1ccc(F)cc1,381.5,58.1,3.77,1,3,6,5.0
TDP43_v2,CHEMBL1163505,-8.5,CN1CCN(c2ccc(-c3cnc4c(c3)N(S(=O)(=O)c3cc(F)ccc3F)CCN4)cn2)CC1,486.5,81.7,2.79,1,7,4,4.0
TDP43_v2,CHEMBL1206916,-8.5,O=C(O)c1ccc2c(c1)/C(=C\Cn1cnc3ccccc31)c1ccccc1CO2,382.4,64.3,4.76,1,3,3,5.0
TDP43_v2,CHEMBL1210518,-8.5,COc1ccc(Cc2cc(C3CCCCC3)nn(CC(=O)NC3Cc4ccccc4C3)c2=O)cn1,472.6,86.1,3.57,1,5,7,4.0
TDP43_v2,CHEMBL1210579,-8.5,O=C(Cn1nc(C2CCCCC2)c2ccccc2c1=O)NCCc1ccccc1,389.5,64.0,3.8,1,3,6,5.0
TDP43_v2,CHEMBL1210672,-8.5,Cc1ccc(NC(=O)CN2CCN(c3nnc(Cc4ccncc4)c4ccccc34)CC2)c(C)c1,466.6,74.2,3.99,1,6,6,4.0
TDP43_v2,CHEMBL1210813,-8.5,O=C(CN1CCN(c2nnc(Cc3ccccc3)c3ccccc23)CC1)Nc1ccc(F)c(Cl)c1,490.0,61.4,4.77,1,5,6,4.0
TDP43_v2,CHEMBL1210840,-8.5,CN1C(=O)[C@]2(C)O[C@](C)(C1=O)[C@H]1C(=O)N(c3ccc(C#N)c(C(F)(F)F)c3)C(=O)[C@H]12,421.3,107.8,1.23,0,6,1,4.0
TDP43_v2,CHEMBL1240561,-8.5,O=C(NN1CNC(Cc2ccccc2)C1=O)C1CC(=O)N(Cc2ccc(F)cc2)C1,410.4,81.8,1.21,2,4,6,5.0
TDP43_v2,CHEMBL1242835,-8.5,CC(C)(Nc1ncc([N+](=O)[O-])c(Nc2ccccc2C(N)=O)n1)c1ccccc1,392.4,136.1,3.57,3,7,7,4.0
TDP43_v2,CHEMBL1243140,-8.5,Cc1ccccc1NC(=O)Oc1ccc2c(c1)[C@]1(C)CCN[C@@H]1N2,323.4,62.4,3.61,3,4,2,5.0
TDP43_v2,CHEMBL1243298,-8.5,CN1CC[C@@]2(C)c3cc(OC(=O)N4CCc5ccccc5C4)ccc3N(C)[C@@H]12,377.5,36.0,3.61,0,4,1,4.0
TDP43_v2,CHEMBL13588,-8.5,CN1C[C@H](CN2CC(=O)NC2=O)C[C@@H]2c3cccc4[nH]cc(c34)C[C@H]21,338.4,68.4,1.68,2,3,2,5.0
TDP43_v2,CHEMBL14316,-8.5,Cc1ccc(-c2nnc3c4ccccc4c(N4CCCC4)nn23)cc1C,343.4,46.3,4.16,0,4,2,5.0
TDP43_v2,CHEMBL15174,-8.5,CC1Nc2ccccc2C(=O)N1Cc1ccc(-c2ccccc2-c2nn[nH]n2)cc1,396.5,86.8,3.95,2,5,4,5.0
TDP43_v2,CHEMBL1530826,-8.5,COc1ccc2nc(-c3ccccc3)cc(C(=O)OCC(=O)N3CCCCC3)c2c1,404.5,68.7,4.08,0,5,5,5.0
TDP43_v2,CHEMBL1546634,-8.5,O=C(c1cnn2c(C(F)(F)F)cc(-c3ccc(F)cc3)nc12)N1CCc2ccccc2C1,440.4,50.5,4.75,0,3,2,5.0
TDP43_v2,CHEMBL16151,-8.5,COc1cccc([C@H]2C/C(=N\NC(=O)C(=O)NC(C)c3ccccc3)c3ccccc3N2)c1,442.5,91.8,3.95,3,5,5,4.0
TDP43_v2,CHEMBL16948,-8.5,O=C(Cn1c(=O)sc2ccc(Cl)cc21)N1CCC(C(=O)N2CCCc3ccccc32)CC1,470.0,62.6,3.93,0,4,3,4.0
TDP43_v2,CHEMBL1760931,-8.5,O=C(c1cccc(F)c1C(F)(F)F)c1nc(CN2CCOCC2)c2ccccn12,407.4,46.8,3.56,0,4,4,5.0
TDP43_v2,CHEMBL1766559,-8.5,O=C(O)c1cc(/C=C2\COc3ccccc3C2=O)ccc1O,296.3,83.8,2.75,2,4,2,5.0
TDP43_v2,CHEMBL17956,-8.5,Cc1cnc(N/C(O)=C2\C(=O)N(Cc3ccccc3)C(=O)c3ccc(Cl)cc32)s1,425.9,82.5,4.63,2,6,4,5.0
TDP43_v2,CHEMBL1808478,-8.5,Cc1cccc(C(=O)n2nc(C(=O)Nc3ccccc3)c3ccccc32)c1,355.4,64.0,4.29,1,3,3,5.0
TDP43_v2,CHEMBL1858096,-8.5,Nc1cc(-c2ccccc2)n(Cc2coc(-c3ccc(C(F)(F)F)cc3)n2)n1,384.4,69.9,4.85,1,4,4,5.0
TDP43_v2,CHEMBL1858531,-8.5,Cc1ccc(/C(=N/O)NCc2ccco2)c(Oc2cccc3ccccc23)n1,373.4,79.9,4.85,2,5,5,5.0
TDP43_v2,CHEMBL1858536,-8.5,Cc1cc(C)cc(CN/C(=N\O)c2ccc(Oc3c(F)c(F)cc(F)c3F)nc2)c1,419.4,66.7,4.97,2,4,5,5.0
TDP43_v2,CHEMBL1858689,-8.5,Cc1ccc(/C(=N/O)N2CCSCC2)c(Oc2ccc3ccccc3c2)n1,379.5,58.0,4.52,1,5,3,5.0
TDP43_v2,CHEMBL1858731,-8.5,CC1C=CC(C)N1/C(=N\O)c1ccc(Oc2cccc(F)c2)nc1,327.4,58.0,3.8,1,4,3,5.0
TDP43_v2,CHEMBL1858842,-8.5,c1ccc2c(-c3nc(CN4CCC(N5CCCC5)CC4)co3)cccc2c1,361.5,32.5,4.56,0,4,4,4.0
TDP43_v2,CHEMBL1858904,-8.5,COc1ccc(CN/C(=N\O)c2ccc(Oc3ccc4ccccc4c3)nc2)cc1,399.5,76.0,4.96,2,5,6,5.0
TDP43_v2,CHEMBL1859061,-8.5,Oc1ccc(-c2nc(CNCc3ccccc3C(F)(F)F)co2)cc1,348.3,58.3,4.36,2,4,5,5.0
TDP43_v2,CHEMBL1859541,-8.5,O/N=C(\NCc1ccccc1)c1ccc(Oc2ccc3ccccc3c2)nc1,369.4,66.7,4.95,2,4,5,5.0
TDP43_v2,CHEMBL1861279,-8.5,O/N=C(\NCc1cccnc1)c1cccnc1Oc1ccc2ccccc2c1,370.4,79.6,4.35,2,5,5,5.0
TDP43_v2,CHEMBL1861783,-8.5,Fc1ccc(-c2nc(CN3CCc4ccccc4C3)co2)cc1,308.4,29.3,4.04,0,3,3,4.0
TDP43_v2,CHEMBL1861954,-8.5,CC1CN(Cc2coc(-c3cccc4ccccc34)n2)CC(C)O1,322.4,38.5,4.1,0,4,3,4.0
TDP43_v2,CHEMBL1862922,-8.5,NC(=O)c1ccc(C(O)(c2ccc(C(F)(F)F)cc2)c2cccnc2)cc1,372.3,76.2,3.48,2,3,4,5.0
TDP43_v2,CHEMBL1862932,-8.5,O=C(NC1CCN(C(c2cnccn2)c2ccc(F)cc2F)CC1)c1ccc(C(F)(F)F)cc1,476.4,58.1,4.76,1,4,5,4.0
TDP43_v2,CHEMBL1863357,-8.5,NC(=O)c1cccc(C(O)(c2ccc(Cl)cc2)c2cncnc2)c1,339.8,89.1,2.51,2,4,4,5.0
TDP43_v2,CHEMBL1863785,-8.5,Cc1ccc2c(c1)c1c(c(=O)n(Cc3ccccc3)c(=O)n1Cc1cccc(F)c1)n2C,427.5,48.9,4.2,0,2,4,5.0
TDP43_v2,CHEMBL1864591,-8.5,COc1ccc(NC(=O)N2CCCC(C(=O)Nc3cccc(C)c3C)C2)cc1,381.5,70.7,4.19,2,3,4,5.0
TDP43_v2,CHEMBL1864661,-8.5,CC1(C(=O)NCc2ccc(C(F)(F)F)cc2)CCN1Cc1cc2ccccc2o1,402.4,45.5,4.73,1,3,5,5.0
TDP43_v2,CHEMBL1864925,-8.5,Cc1cc(C)cc(OCc2cc(=O)n3c4c(sc3n2)CCCC4)c1,340.4,43.6,3.83,0,4,3,5.0
TDP43_v2,CHEMBL1864929,-8.5,O=C(NCc1ccccc1Cl)c1ccc2nc(Cc3ccccc3)oc2c1,376.8,55.1,5.0,1,3,5,4.0
TDP43_v2,CHEMBL1864973,-8.5,CC1(C(=O)Nc2ccc3c(c2)OCO3)CCN1C(=O)Cc1ccc(-c2ccccc2)cc1,428.5,67.9,4.25,1,4,5,5.0
TDP43_v2,CHEMBL1865097,-8.5,OC(c1cc(F)cc(Cl)c1)c1nc(-c2ccccc2Cl)c[nH]1,337.2,48.9,4.6,2,2,3,5.0
TDP43_v2,CHEMBL1865254,-8.5,CC1CCC2(CC1)NC(=O)N(CC(=O)NCCc1c[nH]c3ccccc13)C2=O,382.5,94.3,2.33,3,3,5,4.0
TDP43_v2,CHEMBL18816,-8.5,c1ccc2nc(COc3ccc(OCc4ccc(Cc5nnn[nH]5)cc4)cc3)ccc2c1,423.5,85.8,4.5,1,6,8,5.0
TDP43_v2,CHEMBL19527,-8.5,Cc1nc(N)ncc1CNC(=O)Cn1c(C)cnc(NCC(F)(F)c2ccccc2)c1=O,443.5,127.8,1.75,3,7,8,4.0
TDP43_v2,CHEMBL19897,-8.5,C(#Cc1nc(-c2ccccc2)nc2c1ncn2Cc1ccccc1)c1ccccc1,386.5,43.6,4.94,0,3,3,5.0
TDP43_v2,CHEMBL19929,-8.5,CC(C)(C#Cc1ccc2[nH]c(O)nc2c1)N1CCC(Cc2ccc(F)cc2)CC1,391.5,52.1,4.49,2,3,3,5.0
TDP43_v2,CHEMBL20424,-8.5,CC1(C)N=C(N)N=C(N)N1c1cccc(COc2cccc(-c3ccccc3)c2)c1,399.5,89.2,4.12,2,6,5,5.0
TDP43_v2,CHEMBL20466,-8.5,CC1(C)N=C(N)N=C(N)N1c1cccc(COc2cccc3ccccc23)c1,373.5,89.2,3.6,2,6,4,5.0
TDP43_v2,CHEMBL20825,-8.5,CCOC(=O)[C@@H](Cc1ccc2ccccc2c1)NC(=O)c1cccc(C(=N)N)c1,389.5,105.3,3.03,3,4,7,4.0
TDP43_v2,CHEMBL2356147,-8.5,O=C(Nc1ccc2c(c1)OCCO2)C(C1CC1)n1c(=O)c(-c2ccccc2)nc2ccccc21,453.5,82.5,4.42,1,5,5,4.0
TDP43_v2,CHEMBL24950,-8.5,Oc1cccc(C2=Cc3cc(O)ccc3C23Cc2ccccc2C3)c1,326.4,40.5,4.69,2,2,1,5.0
TDP43_v2,CHEMBL25084,-8.5,Nc1nc(C2CCN(C(=O)CCc3ccccc3)CC2)c2ccccc2n1,360.5,72.1,3.55,1,4,4,5.0
TDP43_v2,CHEMBL25152,-8.5,O=C1Nc2ccccc2Cn2cc3nc4ccccc4c-3cc21,299.3,46.9,3.76,1,2,0,5.0
TDP43_v2,CHEMBL25502,-8.5,CC(=O)N1CCC(Oc2ccc(CC(=O)N3CCC(N4C(=O)OCc5ccccc54)CC3)cc2)CC1,491.6,79.4,3.77,0,5,5,4.0
TDP43_v2,CHEMBL26420,-8.5,NNC(=O)C(NCc1cccc(C(F)(F)F)c1)c1cccc2ccccc12,373.4,67.1,3.68,3,3,5,5.0
TDP43_v2,CHEMBL3309443,-8.5,NS(=O)(=O)c1ccc(N2N=C(C(F)(F)F)CC2c2cccc3ccccc23)cc1,419.4,75.8,4.36,1,4,3,5.0
TDP43_v2,CHEMBL3309991,-8.5,Nc1nc2c3c(F)cc(F)cc3nc(Cc3ccc4c(c3)OCO4)n2n1,355.3,87.6,2.46,1,6,2,5.0
TDP43_v2,CHEMBL3309992,-8.5,Nc1nc2c3c(Cl)cccc3nc(Cc3ccc4c(c3)OCO4)n2n1,353.8,87.6,2.83,1,6,2,5.0
TDP43_v2,CHEMBL4435985,-8.5,COc1cccc2cc3c(cc12)C(=O)N(Cc1ccccc1)C3=O,317.3,46.6,3.64,0,3,3,5.0
TDP43_v2,CHEMBL4436558,-8.5,CCc1cccc(NC(=O)c2cccc(/C=C3\CC(=O)N(Cc4ccccc4)C3=O)c2)c1,424.5,66.5,4.84,1,3,6,5.0
TDP43_v2,CHEMBL4436565,-8.5,CC1(Cc2ccccc2)C(=O)Nc2ccc(-c3nccn4nccc34)cc21,354.4,59.3,3.85,1,3,3,5.0
TDP43_v2,CHEMBL4528332,-8.5,Cc1ccc(-c2ccc3nnc(CCC(=O)NCc4ccc(Br)cc4)n3n2)cc1,450.3,72.2,4.11,1,4,6,4.0
TDP43_v2,CHEMBL4529577,-8.5,O=C1CCC2=C1C(c1ccc([N+](=O)[O-])cc1)CS(=O)(=O)O2,309.3,103.6,1.66,0,6,2,4.0
TDP43_v2,CHEMBL4529698,-8.5,CN1CCN(c2ccc(-c3cn4c(-c5cccc(N(C)C)c5)cnc4cn3)cn2)CC1,413.5,52.8,3.28,0,6,4,5.0
TDP43_v2,CHEMBL4530341,-8.5,Nc1ncc(-c2ccc(C(=O)N3CCC(N)C3)cc2)nc1-c1ccc(C(F)(F)F)cc1,427.4,98.1,3.58,2,5,3,4.0
TDP43_v2,CHEMBL4530362,-8.5,CCc1ccc(NC(=O)Cn2nc3cc(C)nc(Nc4ccc(C)c(F)c4)n3c2=O)cc1,434.5,93.3,3.59,2,5,6,4.0
TDP43_v2,CHEMBL4530573,-8.5,C[C@](O)(CN1CCc2cc(Cl)c(F)cc21)C(=O)Nc1ccc(C#N)c(C(F)(F)F)c1,441.8,76.4,4.12,2,4,4,5.0
TDP43_v2,CHEMBL4530737,-8.5,NCc1cc(=O)c2cc(-c3cccc4cccnc34)ccc2[nH]1,301.3,71.8,3.2,2,3,2,5.0
TDP43_v2,CHEMBL4530916,-8.5,NCc1ccc(C/N=C2/C3C4CC5C6C4C2C6C2(OCCO2)C53)cc1,336.4,56.8,2.22,1,4,3,5.0
TDP43_v2,CHEMBL4530997,-8.5,NC(=O)c1cccc(CNCC=Cc2ccccc2)c1,266.3,55.1,2.59,2,2,6,5.0
TDP43_v2,CHEMBL4531106,-8.5,O=S(=O)(c1ccccc1)N1CCc2cc(C3CCNCC3)ccc21,342.5,49.4,2.91,1,3,3,5.0
TDP43_v2,CHEMBL4531190,-8.5,N#C[C@]1(c2ccc(-c3cnc(N)c(-c4ccc5c(c4)CCNC5=O)n3)cc2)[C@@H]2COC[C@@H]21,423.5,113.9,2.72,2,6,3,4.0
TDP43_v2,CHEMBL4531294,-8.5,O=C(NCc1ccccc1)c1cc(-c2ccc(CN3CCOCC3)cc2)nc2ccc(F)cc12,455.5,54.5,4.8,1,4,6,4.0
TDP43_v2,CHEMBL4531337,-8.5,Cc1cc(-c2cnc(N)c(C(=O)Nc3c(C)cccc3Cl)c2)ccc1F,369.8,68.0,4.99,2,3,3,5.0
TDP43_v2,CHEMBL4531758,-8.5,Cc1cc(-c2cnc(N)c(C(=O)Nc3ccccc3C)c2)ccc1F,335.4,68.0,4.34,2,3,3,5.0
TDP43_v2,CHEMBL4531776,-8.5,O=C(NC(=O)N1CCCc2ccccc21)c1ccc(Cl)cc1Cl,349.2,49.4,4.3,1,2,1,5.0
TDP43_v2,CHEMBL4532195,-8.5,Nc1ncnc2c3c(n(-c4ccc(NC(=O)Cc5ccc(Cl)c(Cl)c5)cc4)c12)CCC3,452.3,85.8,4.98,2,4,4,4.0
TDP43_v2,CHEMBL4532201,-8.5,O=C1NC2(CCOc3ccccc32)C(=O)N1Cc1cc2ccccc2nc1Cl,393.8,71.5,3.62,1,4,2,5.0
TDP43_v2,CHEMBL4532413,-8.5,COc1cc2c(cc1OCCc1cccc3ccccc13)C1CCC2N1,345.4,30.5,4.95,1,3,5,4.0
TDP43_v2,CHEMBL4533403,-8.5,CCC(Cc1cccc(-c2cc(Cc3ccccc3)ccc2C(N)=O)c1)C(=O)O,387.5,80.4,4.7,2,2,8,5.0
TDP43_v2,CHEMBL4533670,-8.5,CC(C)CNC(=O)c1cc2ccccc2c2ccccc12,277.4,29.1,4.38,1,1,3,4.0
TDP43_v2,CHEMBL4533764,-8.5,CN(Cc1cnn(Cc2ccccc2)c1)C(=O)c1cccc(S(=O)(=O)N2CCc3ccccc32)c1,486.6,75.5,3.96,0,4,7,4.0
TDP43_v2,CHEMBL4533958,-8.5,Cc1ccc2[nH]c(CCN3C(=O)c4cccc5cccc(c45)C3=O)nc2c1,355.4,66.1,3.86,1,3,3,5.0
TDP43_v2,CHEMBL4534742,-8.5,COc1ccc(-c2cc3ncnc(NCC4CN(Cc5ccccc5)CCO4)c3s2)cc1,446.6,59.5,4.68,1,7,7,5.0
TDP43_v2,CHEMBL4553597,-8.5,O=C(Cn1c(=O)oc2cc(Br)ccc21)c1ccc2ccccc2c1,382.2,52.2,4.39,0,3,3,5.0
TDP43_v2,CHEMBL4553636,-8.5,OCc1ccc(-c2cn3c(-c4ccccc4)cnc3cn2)cc1,301.3,50.4,3.56,1,3,3,5.0
TDP43_v2,CHEMBL4559933,-8.5,CC(C)N1CCN(c2ccc(-c3cn4c(-c5ccccc5)cnc4cn3)cc2)CC1,397.5,36.7,4.59,0,4,4,4.0
TDP43_v2,CHEMBL4560031,-8.5,CC(C)(C)NC(=O)CNC(=O)c1cc(-c2ccccc2)nc2c1cnn2Cc1ccccc1,441.5,88.9,3.79,2,4,6,5.0
TDP43_v2,CHEMBL4564116,-8.5,Cc1ccc(-c2cc3c4nnc(CCC(=O)NCc5ccc(C(F)(F)F)cc5)n4ccn3n2)cc1C,492.5,76.6,4.93,1,4,6,4.0
TDP43_v2,CHEMBL4564177,-8.5,C[C@@H]1CN(C2CCc3c(NC(=O)c4cccc(C#N)c4)cccc32)C[C@H](C)N1C(=O)C1CCCC1,470.6,76.4,4.91,1,4,4,4.0
TDP43_v2,CHEMBL4564343,-8.5,Cc1ccc(NC(=O)Cn2nc3c4cc(-c5ccc(C)c(C)c5)nn4ccn3c2=O)c(C)c1,440.5,85.7,3.68,1,4,4,5.0
TDP43_v2,CHEMBL4564351,-8.5,Cc1ccc(-c2cnc(N)c(-c3ccc4c(c3)CCNC4=O)c2)s1,335.4,68.0,3.65,2,4,2,5.0
TDP43_v2,CHEMBL4564440,-8.5,Cc1ccccc1C(=O)NCc1ccc(CNS(=O)(=O)c2cccc(F)c2)cc1,412.5,75.3,3.54,2,3,7,5.0
TDP43_v2,CHEMBL4564526,-8.5,Cc1ccc(C)c(CSc2nnc3c(=O)n(-c4ccc(F)c(F)c4)ccn23)c1,398.4,52.2,4.07,0,4,4,5.0
TDP43_v2,CHEMBL4564822,-8.5,O=C(N/N=C/Cc1ccccc1)c1cc2ccccc2n1Cc1ccccc1,367.5,46.4,4.65,1,2,6,5.0
TDP43_v2,CHEMBL4565038,-8.5,CN(C)c1cccc(-c2cnc3ncn(Cc4ccc5ncccc5c4)c3n2)c1,380.5,59.7,4.16,0,5,4,5.0
TDP43_v2,CHEMBL4565133,-8.5,Cc1cc(C(=O)/C=C/c2ccc3[nH]ccc3c2)c2ccccc2n1,312.4,45.8,4.92,1,2,3,5.0
TDP43_v2,CHEMBL4566549,-8.5,C/C(=N/NC(=N)N)c1sc(-c2ccc(C#Cc3ccccc3)cc2)nc1C,373.5,87.2,3.73,3,4,3,5.0
TDP43_v2,CHEMBL4566700,-8.5,O=C1/C(=C/Nc2cccc(O)c2)c2ccccc2C(=O)N1Cc1ccccc1,370.4,69.6,4.03,2,4,4,5.0
TDP43_v2,CHEMBL4567794,-8.5,O=C(Nc1ccc(OS(=O)(=O)c2ccc(C(F)(F)F)cc2)cc1)C1CCCC1,413.4,72.5,4.6,1,4,5,5.0
TDP43_v2,CHEMBL4568476,-8.5,OCc1ccc(-c2cnc3cnc(-c4ccccc4CO)cn23)cc1,331.4,70.7,3.05,2,4,4,5.0
TDP43_v2,CHEMBL4569164,-8.5,Cc1cc(=O)[nH]c(-n2ncc(C(=O)N3CCc4ccc(C(F)(F)F)cc4C3)c2C)n1,417.4,83.9,2.79,1,4,2,5.0
TDP43_v2,CHEMBL4570217,-8.5,C[C@@H](c1cc2cccnc2cc1F)n1cnc2ncc(-c3ccc(C(N)=O)c(F)c3)nc21,430.4,99.6,4.03,1,5,4,4.0
TDP43_v2,CHEMBL4570283,-8.5,O=C(/C=C/c1ccccc1[N+](=O)[O-])n1nnnc1-c1ccccc1,321.3,103.8,2.6,0,6,4,4.0
TDP43_v2,CHEMBL4570851,-8.5,O=C(O)[C@H]1C2CCC(CC2)[C@@H]1Nc1nc(-c2c[nH]c3ncc(F)cc23)nc2c1SCC2,439.5,103.8,4.11,3,6,4,4.0
TDP43_v2,CHEMBL4570912,-8.5,CC(=O)Nc1ccc(-c2cnc3ccc(Cc4ccc(F)cc4)nn23)cc1,360.4,59.3,4.08,1,3,4,5.0
TDP43_v2,CHEMBL4571316,-8.5,CC1CCc2cc(F)cc3c(O)c(C(=O)NCc4cccc5cc[nH]c45)c(=O)n1c23,405.4,87.1,3.76,3,3,3,5.0
TDP43_v2,CHEMBL4571569,-8.5,COc1cccc(Nc2ncc(C(=O)c3cccc(-c4cccnc4)c3)[nH]2)c1,370.4,79.9,4.45,2,5,6,5.0
TDP43_v2,CHEMBL4571844,-8.5,Cc1nnc2n1CCN(C(=O)c1ccc(/C=C3\Oc4c(C(N)=O)cccc4C3=O)cc1)C2,429.4,120.4,1.96,1,6,3,4.0
TDP43_v2,CHEMBL4572719,-8.5,Cc1[nH]c2c(N3CCC(F)(F)C3)c(-c3ccccc3)nn2c(=O)c1-c1ccc2nccn2c1,446.5,70.7,4.16,1,4,3,5.0
TDP43_v2,CHEMBL4573486,-8.5,CCc1ccc(-c2cc(C(=O)O)ccc2Nc2ccc([N+](=O)[O-])c3nonc23)cc1,404.4,131.4,4.8,2,7,6,4.0
TDP43_v2,CHEMBL4573584,-8.5,Cc1ccc(C(=O)n2nnc3cc(Cl)c(Cl)cc32)cc1C,320.2,47.8,4.04,0,3,1,5.0
TDP43_v2,CHEMBL4573824,-8.5,Cc1cc(C(=O)NCc2cccc(C(=O)O)c2)n(Cc2csc(N3CCCCC3)n2)c1,438.6,87.5,3.92,2,5,7,5.0
TDP43_v2,CHEMBL4574755,-8.5,Cc1cccc(/C=C/c2ccc(=O)n(-c3ccc(F)cc3)n2)c1,306.3,34.9,3.85,0,2,3,4.0
TDP43_v2,CHEMBL4575518,-8.5,O=C(Nc1ccc2nc(Cc3ccccc3)nn2c1)NC1CCCCC1,349.4,71.3,3.77,2,3,4,5.0
TDP43_v2,CHEMBL4580639,-8.5,N#Cc1ccc(-c2cnc(N)c(-c3ccc4c(c3)C3(CC3)CNC4=O)n2)cc1,367.4,104.7,3.04,2,5,2,4.0
TDP43_v2,CHEMBL4580800,-8.5,CC[C@H]1C[N@]2CC[C@H]1C[C@H]2[C@H](O)c1ccnc2ccc(OCc3ccccc3)cc12,402.5,45.6,4.97,1,4,6,5.0
TDP43_v2,CHEMBL4580964,-8.5,Cc1cccn2c(=O)cc(CSc3nnc(NC(=O)Nc4ccccc4)s3)nc12,424.5,101.3,3.79,2,7,5,4.0
TDP43_v2,CHEMBL4581271,-8.5,O=C(NO)C(c1ccc(-c2ncccn2)cc1)c1ccccc1F,323.3,75.1,2.92,2,4,4,5.0
TDP43_v2,CHEMBL4581435,-8.5,COc1ccccc1Cc1cc(C)nn(CC(=O)Nc2ccc(C#N)cc2)c1=O,388.4,97.0,2.66,1,5,6,4.0
TDP43_v2,CHEMBL4581531,-8.5,O=C(Nc1nc2ccccn2c1C(=O)NC1CCCCC1)c1cc(F)ccc1F,398.4,75.5,3.93,2,3,4,5.0
TDP43_v2,CHEMBL4581606,-8.5,O=C(NO)c1ccc(CN2c3ccccc3Sc3cc(Cl)nnc32)cc1,384.8,78.4,4.05,2,6,3,5.0
TDP43_v2,CHEMBL4581608,-8.5,OCc1cccc(-c2ccc3nc(-c4ccc(Cl)cc4)nn3n2)c1,336.8,63.3,3.6,1,4,3,5.0
TDP43_v2,CHEMBL4581661,-8.5,Cc1cc2c(C(N)=O)cccc2n1-c1nccc(NCc2ccccc2)n1,357.4,85.8,3.44,2,4,5,5.0
TDP43_v2,CHEMBL4581829,-8.5,N#Cc1ccc(Cn2nccc2-c2ccc3nnn(-c4ccc5cn[nH]c5c4)c3c2)nc1,417.4,113.9,3.48,1,6,4,4.0
TDP43_v2,CHEMBL4581868,-8.5,CN(C)CCNC(=O)c1ccc(-c2cn3c(-c4cccc(OC(F)(F)F)c4)cnc3cn2)cc1,469.5,71.8,4.25,1,5,7,4.0
TDP43_v2,CHEMBL4581873,-8.5,O=C(Cc1nc(=O)c2c3c(sc2[nH]1)CCCC3)c1c[nH]c2ccccc12,363.4,78.6,3.77,2,4,3,5.0
TDP43_v2,CHEMBL4582130,-8.5,CC(=O)c1ccc(NC(=O)Cn2nc3ccc(-c4ccc(C)c(C)c4)nn3c2=O)cc1,415.5,98.4,3.02,1,5,5,4.0
TDP43_v2,CHEMBL4582309,-8.5,Cc1ccc(C(=O)N2CCc3sc(C(=O)NCC(O)CN4CCc5ccccc5C4)cc3C2)cc1,489.6,72.9,3.4,2,5,6,4.0
TDP43_v2,CHEMBL4582456,-8.5,C=Cc1cc(C(=O)O)cc2c1CCc1c-2ccc(O)c1C,280.3,57.5,3.81,2,2,2,5.0
TDP43_v2,CHEMBL4583548,-8.5,N/C(=N\O)c1cccc(/C=C/c2ccc(O)c(-c3ncccn3)c2)c1,332.4,104.6,3.11,3,5,4,4.0
TDP43_v2,CHEMBL4585398,-8.5,NC(=O)C1CCN(c2nc(-c3ccc(Cl)cc3)nc3sc4c(c23)CCC4)CC1,412.9,72.1,4.2,1,5,3,5.0
TDP43_v2,CHEMBL4635162,-8.5,CN(C)[C@H]1C[C@@]23CC[C@@]4(O2)C(=CC[C@]2(C)[C@@H](c5ccc6cnccc6c5)CC[C@H]24)C=C3[C@@H](O)[C@@H]1O,472.6,65.8,4.35,2,5,2,4.0
TDP43_v2,CHEMBL4635193,-8.5,Cc1cc(-c2ccc3nc(NC(=O)NCc4ccccc4)nn3c2)cc(C)c1O,387.4,91.5,4.04,3,4,4,4.0
TDP43_v2,CHEMBL4635243,-8.5,Fc1ccc2c(c1)CCC(c1nnc(-c3cc(F)c(F)c(F)c3F)o1)O2,368.3,48.2,4.5,0,4,2,5.0
TDP43_v2,CHEMBL4635819,-8.5,Cc1ccc(-n2cc(CSC3=NC(c4ccccc4)CC(=O)N3C)nn2)cc1C,405.5,63.4,4.08,0,5,4,5.0
TDP43_v2,CHEMBL4635912,-8.5,CC1(C)COc2c(COc3ccccc3CC(=O)O)cc(-c3ccc4c(c3)[C@H](N)CO4)cc21,445.5,91.0,4.62,2,5,6,4.0
TDP43_v2,CHEMBL4635954,-8.5,COc1ccc2c(c1)O/C(=C\c1ccc(OCC(=O)Nc3ccccc3)c(OC)c1)C2=O,431.4,83.1,4.34,1,6,7,5.0
TDP43_v2,CHEMBL4636009,-8.5,N#Cc1ccc(-c2cc(F)ccc2NC(=O)OCC2CCNCC2)cc1,353.4,74.2,3.91,2,4,4,5.0
TDP43_v2,CHEMBL4636413,-8.5,O=C(NCCCNc1nccc(-n2ccc3cccnc32)n1)c1ccc(C(F)(F)F)cc1,440.4,84.7,4.07,2,5,7,5.0
TDP43_v2,CHEMBL4636512,-8.5,N#Cc1ccc(Cn2nc(-c3ccc(F)nc3F)c3ccccc3c2=O)cc1,374.4,71.6,3.66,0,4,3,5.0
TDP43_v2,CHEMBL4636528,-8.5,O=C(Nc1ccc(F)cc1-c1ccc(F)c(Cl)c1)OCC1CCNCC1,380.8,50.4,4.83,2,3,4,5.0
TDP43_v2,CHEMBL4637130,-8.5,Cc1cc(C)c2[nH]ccc2c1Cc1nc2ccccc2[nH]1,275.4,44.5,4.25,2,1,2,5.0
TDP43_v2,CHEMBL4637780,-8.5,c1ccc2c(Sc3nccc4ccccc34)nccc2c1,288.4,25.8,4.93,0,3,2,4.0
TDP43_v2,CHEMBL4638755,-8.5,Nc1ncnc2c1c(Oc1cc(C(F)(F)F)ccn1)nn2C1CCCNC1,379.3,103.8,2.54,2,7,3,4.0
TDP43_v2,CHEMBL4638944,-8.5,NC(=O)c1ccccc1Nc1cccc(-c2cn(Cc3ccccc3)nn2)c1,369.4,85.8,3.84,2,4,6,5.0
TDP43_v2,CHEMBL4639333,-8.5,Cc1ncc(-c2nnc([C@H]3CCC[C@@H](N(C)C(=O)c4cccc(C(F)(F)F)c4)C3)[nH]2)n1C,446.5,79.7,4.33,1,4,4,5.0
TDP43_v2,CHEMBL4639542,-8.5,Cc1ccc(-c2nn(Cc3ccc(C#N)cc3)c(=O)c3ccccc23)c(F)n1,370.4,71.6,3.83,0,4,3,5.0
TDP43_v2,CHEMBL4639606,-8.5,Cc1[nH]nc2[nH]c(=O)cc([C@H]3CC[C@H](CC(=O)N4CCC(c5ccccc5)C4)CC3)c12,418.5,81.8,4.24,2,3,4,5.0
TDP43_v2,CHEMBL4639706,-8.5,CC1CCN(c2nc(C(F)(F)F)ccc2CNC(=O)Cc2ccc3c(c2)CCC3)CC1,431.5,45.2,4.68,1,3,5,5.0
TDP43_v2,CHEMBL4639745,-8.5,NC(=O)c1cccc(CNC(=O)[C@H](CC2CCCCC2)NC(=O)c2ccno2)c1,398.5,127.3,2.16,3,5,8,4.0
TDP43_v2,CHEMBL497968,-8.5,COc1ccc2c(OCc3nnc4ccc(-c5ccc(F)cc5)nn34)ccnc2c1,401.4,74.4,4.07,0,6,5,5.0
TDP43_v2,CHEMBL498005,-8.5,O=c1cc(O)c2ccc3c(c2o1)[C@@H](O)[C@@H](O)C1(CCCC1)O3,304.3,100.1,1.6,3,6,0,4.0
TDP43_v2,CHEMBL498434,-8.5,Cc1cccc(C)c1COc1cc(-n2ccccc2=O)cn2c(C)c(C)nc12,373.5,48.5,4.3,0,3,4,5.0
TDP43_v2,CHEMBL498572,-8.5,O=C(OC1CC2CC3CC(C1)N2CC3O)c1c[nH]c2ccccc12,326.4,65.6,2.31,2,4,2,5.0
TDP43_v2,CHEMBL498704,-8.5,O=C(O)c1cccnc1Oc1ccc2c(c1)C[C@@H](NC[C@H](O)c1cccc(Cl)c1)CC2,438.9,91.7,4.41,3,5,7,4.0
TDP43_v2,CHEMBL499637,-8.5,O=C1NC(NC2CCCCC2)=N/C1=C\c1c[nH]c2ncccc12,309.4,82.2,2.31,3,4,2,5.0
TDP43_v2,CHEMBL503079,-8.5,O=C(Cc1cccc2ccccc12)N1CCN(c2ccccc2)CC1CN1CCCC1,413.6,26.8,4.2,0,3,5,4.0
TDP43_v2,CHEMBL504812,-8.5,CC(=O)Nc1cc(-c2cccc(C(F)(F)F)c2)nc(-n2nc(C)cc2C)n1,375.4,72.7,3.92,1,4,3,5.0
TDP43_v2,CHEMBL508248,-8.5,COc1cccc2c1[C@@H]1CO[C@@H]3[C@@H]4C[C@@H](C(=O)O)[C@H]([C@H](C2)N31)N4C,330.4,62.2,1.11,1,5,2,5.0
TDP43_v2,CHEMBL509257,-8.5,C[C@H](NC1=NC(=O)C(C)(c2ccc(C(=O)NC3CCCC3)cc2)S1)c1ccc(F)cc1,439.6,70.6,4.69,2,4,5,5.0
TDP43_v2,CHEMBL510459,-8.5,CC(=O)N1CCN(c2cnc3cc(C(F)(F)F)cc(-c4ccccc4)c3n2)CC1,400.4,49.3,3.98,0,4,2,5.0
TDP43_v2,CHEMBL511228,-8.5,CC1(C)Cc2nc(N3CCOc4ccc(-c5ccn[nH]5)cc43)sc2C(=O)N1,381.5,83.1,3.13,2,6,2,5.0
TDP43_v2,CHEMBL511521,-8.5,O=C(Nc1ccccc1)c1c2n(c(=O)c3ccccc13)CCN2,305.3,63.1,2.68,2,3,2,5.0
TDP43_v2,CHEMBL511599,-8.5,CC(C)(C)c1ccc(-c2noc(C(=O)NCC(=O)Nc3cccc(C(F)(F)F)c3)n2)cc1,446.4,97.1,4.42,2,5,5,4.0
TDP43_v2,CHEMBL512322,-8.5,O=c1cc(N2CCOCC2)oc2c(-c3cccc(-c4ccccc4)c3)cccc12,383.4,42.7,4.96,0,4,3,5.0
TDP43_v2,CHEMBL512403,-8.5,Nc1c2c(c3nc4ccccc4c4c3c1N=C4)NCCC2=O,288.3,80.4,3.03,2,5,0,5.0
TDP43_v2,CHEMBL512409,-8.5,N#Cc1ccccc1NC(=O)c1cccc2c1C(=O)c1ccccc1-2,324.3,70.0,4.02,1,3,2,5.0
TDP43_v2,CHEMBL512515,-8.5,CC(c1c[nH]c2ccccc12)c1c[nH]c2ccccc12,260.3,31.6,4.8,2,0,2,4.0
TDP43_v2,CHEMBL513018,-8.5,c1ccc2c(c1)CC(Nc1cc3c(NC4Cc5ccccc5C4)ncnc3cn1)C2,393.5,62.7,4.18,2,5,4,5.0
TDP43_v2,CHEMBL513127,-8.5,Nc1ccccc1C#C/C=C\C#Cc1ccccc1OC(F)(F)F,327.3,35.2,4.13,1,2,1,4.0
TDP43_v2,CHEMBL513170,-8.5,O=C(Nc1ccccn1)c1c(O)ccc2cc(-c3cccc(O)c3)ccc12,356.4,82.5,4.57,3,4,3,5.0
TDP43_v2,CHEMBL513351,-8.5,COc1ccc(C(C)C(F)(F)F)cc1CN[C@H]1CCCN[C@H]1c1ccccc1,392.5,33.3,4.94,2,3,6,4.0
TDP43_v2,CHEMBL514356,-8.5,Cc1c(Nc2c(C#N)cnc3sc(/C=C/C(=O)N4CC[C@H](N(C)C)C4)cc23)ccc2[nH]ccc12,470.6,88.0,4.88,2,6,5,4.0
TDP43_v2,CHEMBL514397,-8.5,O=C([C@@H]1CCc2c(Cl)cc(OCc3ccc(F)c(F)c3)c(=O)n21)N1CCCC1,408.8,51.5,3.47,0,3,4,5.0
TDP43_v2,CHEMBL514533,-8.5,Cc1c(Nc2c(C#N)cnc3sc(/C=C/C(=O)N4CC[C@@H](N(C)C)C4)cc23)ccc2[nH]ccc12,470.6,88.0,4.88,2,6,5,4.0
TDP43_v2,CHEMBL514547,-8.5,O=c1c2ccccc2cc2n1Cc1c-2nc2ccccc2c1CN1CCOCC1,383.5,47.4,3.41,0,4,2,5.0
TDP43_v2,CHEMBL514645,-8.5,Cc1cc(C)c2c(=O)[nH]c(-c3cc(C)c(O)c(C)c3)nc2n1,295.3,78.9,2.92,2,4,1,5.0
TDP43_v2,CHEMBL514681,-8.5,O=C(CCc1ccccc1)NCC(=O)NC(c1ccccc1)c1ccc(Cl)cc1,406.9,58.2,4.29,2,2,8,5.0
TDP43_v2,CHEMBL514861,-8.5,Cc1nccn1CCC1CCN(C(=O)CCS(=O)(=O)c2ccc3cc(Cl)ccc3c2)CC1,474.0,72.3,4.49,0,4,7,4.0
TDP43_v2,CHEMBL515003,-8.5,Cc1ccc(-c2nc(CCOc3ccc([C@H]4CO[C@@](C)(C(=O)O)OC4)cc3)c(C)o2)cc1,437.5,91.0,4.51,1,6,7,4.0
TDP43_v2,CHEMBL515072,-8.5,O=C(COc1ccc2c(=O)cc(-c3ccccc3)oc2c1)Nc1ccc(F)cc1,389.4,68.5,4.62,1,4,5,5.0
TDP43_v2,CHEMBL516091,-8.5,Fc1cccc2c1CCC(Cn1cncn1)/C2=N/OCc1cccc(Cl)c1,384.8,52.3,4.25,0,4,5,5.0
TDP43_v2,CHEMBL516744,-8.5,O=C([C@@H]1CCc2c(Cl)cc(OCc3ccc(F)c(Cl)c3)c(=O)n21)N1CCCC1,425.3,51.5,3.98,0,3,4,5.0
TDP43_v2,CHEMBL517097,-8.5,O=C(Nc1nc(-c2ccccc2)nc2c1nnn2Cc1ccccc1)c1ccco1,396.4,98.7,3.78,1,6,5,4.0
TDP43_v2,CHEMBL517404,-8.5,N#Cc1ccc(Nc2nc(N)nc(Oc3ccc4ccccc4c3Br)n2)cc1,433.3,109.7,4.78,2,7,4,4.0
TDP43_v2,CHEMBL517410,-8.5,CCCS(=O)(=O)N1CCC(c2ccccn2)([C@H](C)NC(=O)c2cc(F)cc(F)c2Cl)CC1,486.0,79.4,3.91,1,4,7,4.0
TDP43_v2,CHEMBL517672,-8.5,CC(C)c1c(O)ccc2c1CC[C@H]1[C@@](C)(C(=O)O)CCC[C@]21C,316.4,57.5,4.61,2,2,2,5.0
TDP43_v2,CHEMBL518088,-8.5,COc1cc2c(cc1O)C[C@@H]1NCCc3cc4c(c-2c31)OCO4,311.3,60.0,2.54,2,5,1,5.0
TDP43_v2,CHEMBL518841,-8.5,Cc1ccc([C@@H]2CN(C)[C@]3(C(=O)N(C)c4ccccc43)[C@]23Cc2ccccc2C3=O)cc1,422.5,40.6,4.32,0,3,1,5.0
TDP43_v2,CHEMBL518969,-8.5,Cc1cc2nc(Nc3nc(O)c4ccccc4n3)nc(C)c2cc1C,331.4,83.8,3.95,2,6,2,5.0
TDP43_v2,CHEMBL519325,-8.5,NC(=O)c1ccc(F)c2c1CC(N(CCCCn1ccc3cccc(F)c31)C1CCC1)CO2,453.5,60.5,4.66,1,3,8,4.0
TDP43_v2,CHEMBL519416,-8.5,Oc1ccc2c3c1O[C@H]1c4c(c5cc(Cl)cc6c5n4CCC6)C[C@@]4(O)[C@@H](C2)N(CC2CC2)CC[C@]314,489.0,57.9,4.65,2,4,2,4.0
TDP43_v2,CHEMBL521395,-8.5,COc1ccc2c3c(n4c2c1CCC4)[C@@H]1Oc2c(O)ccc4c2[C@@]12CCN(CC1CC1)[C@H](C4)[C@]2(O)C3,484.6,67.1,4.0,2,5,3,4.0
TDP43_v2,CHEMBL522290,-8.5,Cc1ncsc1C(=O)N(Cc1cc(=O)[nH]c2c(F)cccc12)c1cccc(C#N)c1,418.5,89.8,4.15,1,5,4,5.0
TDP43_v2,CHEMBL522708,-8.5,Cc1ccc2c(OCCN3CCC(Cc4cccc(N5CCCS5(=O)=O)c4)CC3)cccc2n1,479.6,62.7,4.42,0,5,7,4.0
TDP43_v2,CHEMBL523261,-8.5,Cn1cc(-c2ccc3c(c2)Cc2c[nH]nc2-3)c(-c2ccncc2)n1,313.4,59.4,3.44,1,3,2,5.0
TDP43_v2,CHEMBL523460,-8.5,O=C(O)c1cc2c(cc1O)-c1[nH]c3ccc(C(F)(F)F)cc3c1CC2,347.3,73.3,4.36,3,2,1,5.0
TDP43_v2,CHEMBL523748,-8.5,O=C1CCC(c2cccc(Cl)c2)(C2CCN(Cc3ccc(Br)cc3)CC2)C(=O)N1,475.8,49.4,4.69,1,3,4,4.0
TDP43_v2,CHEMBL523842,-8.5,O=C(C(=O)N1CCN(C(=O)c2ccccc2)CC1)c1c[nH]c2cccc(Cl)c12,395.8,73.5,2.99,1,3,3,5.0
TDP43_v2,CHEMBL524197,-8.5,C[C@@H](NC(=O)/C=C/c1ccccc1)C(=O)Nc1nnc(-c2ccccc2)s1,378.5,84.0,3.36,2,5,6,5.0
TDP43_v2,CHEMBL524830,-8.5,O=C1NC(c2ccccc2)=N/C1=C\c1c[nH]c2ncccc12,288.3,70.1,2.48,2,3,2,5.0
TDP43_v2,CHEMBL525524,-8.5,Cn1nc(-c2ccc(CN[C@@H]3CCc4ccc(O)cc43)cc2)c2cnc(NC3CCCC3)nc21,454.6,87.9,4.87,3,6,6,4.0
TDP43_v2,CHEMBL526619,-8.5,COc1ccc(C=NN=c2cc(C)[nH]c3ccc(C)cc23)c2ccccc12,355.4,49.7,4.88,1,3,3,5.0
TDP43_v2,CHEMBL527052,-8.5,CC1=C(O)c2c(oc(-c3ccccc3C)cc2=O)C(C)(C)C1=O,310.3,67.5,3.76,1,4,1,5.0
TDP43_v2,CHEMBL528745,-8.5,Nc1nc(N)c2c(ccc3c2ccn3Cc2ccc(OCc3ccccc3)cc2)n1,395.5,92.0,4.38,2,5,5,4.0
TDP43_v2,CHEMBL531595,-8.5,Cc1nc2nc(N)nc(N)c2c(C)c1Cc1ccccc1Cl.Cl,350.3,90.7,3.47,2,5,2,4.0
TDP43_v2,CHEMBL552271,-8.5,Cc1ccc(C(N)=O)cc1Nc1cc(=O)n(C)c2c1cnn2-c1ccc(F)cc1F,409.4,94.9,3.15,2,4,4,4.0
TDP43_v2,CHEMBL557012,-8.5,Cc1cccc2c1/C(=N/O)C(=O)N2Cc1cc(F)cc2c1OCOC2,342.3,71.4,2.73,1,5,2,5.0
TDP43_v2,CHEMBL557755,-8.5,Nc1nc2ccc(-c3ccc(F)cc3)nc2n(CC2CCCCC2)c1=O,352.4,73.8,3.76,1,4,3,5.0
TDP43_v2,CHEMBL558903,-8.5,Cc1cccc(Cn2c(-c3ccc(-n4cncn4)cc3)nc3c(F)cc(F)cc32)c1,401.4,48.5,4.92,0,3,4,5.0
TDP43_v2,CHEMBL559588,-8.5,Cc1cccc(C(=O)N[C@H](C)c2ccc3ccccc3c2)c1,289.4,29.1,4.64,1,1,3,4.0
TDP43_v2,CHEMBL559808,-8.5,O=C(/C=C/c1ccccc1Cl)N1CCN(Cc2ccc(F)cc2)CC1,358.8,23.6,3.84,0,2,4,4.0
TDP43_v2,CHEMBL560590,-8.5,O=C(Nc1ccccc1)N1CCC(Cc2cnc3ccccc3c2)CC1,345.4,45.2,4.72,1,2,3,5.0
TDP43_v2,CHEMBL560765,-8.5,O=C1c2ccc(NCCO)c3cccc(c23)CN1c1cccc(Br)c1,397.3,52.6,4.17,2,3,4,5.0
TDP43_v2,CHEMBL560844,-8.5,Fc1cccc(COC2=N[C@H](c3ccccc3)[C@H](c3ccccc3)N2)c1,346.4,33.6,4.78,1,3,4,4.0
TDP43_v2,CHEMBL562197,-8.5,Cc1cccnc1-c1nc2ccnc(C(F)(F)F)c2c(=O)n1[C@H](C)Cc1ccccc1,424.4,60.7,4.98,0,4,4,5.0
TDP43_v2,CHEMBL563577,-8.5,Cc1ccc(C(=O)Nc2cccc(C(F)(F)F)c2)cc1Nc1[nH]cnc2ncnc1-2,412.4,95.6,4.63,3,5,4,4.0
TDP43_v2,CHEMBL564614,-8.5,O=C(Nc1ccc(F)c(F)c1)c1ccc(N2C(=O)[C@@H]3[C@H](C2=O)[C@@H]2C=C[C@H]3C2)cc1,394.4,66.5,3.53,1,3,3,5.0
TDP43_v2,CHEMBL565035,-8.5,Cc1nn(-c2ccc(C(N)=O)c(NC3CC=CC3)c2)c2c1C(=O)CC(C)(C)C2,378.5,90.0,3.57,2,4,4,4.0
TDP43_v2,CHEMBL565529,-8.5,Fc1ccc(-c2nc(N3CCOCC3)nc3c2CCc2ccccc2-3)cc1,361.4,38.2,3.88,0,4,2,4.0
TDP43_v2,CHEMBL565614,-8.5,O/N=C(\c1ccc(CN2CCC3(CC2)OCc2cc(F)ncc23)cc1)c1ccc(F)c(F)c1,453.5,58.0,4.75,1,5,4,4.0
TDP43_v2,CHEMBL566011,-8.5,COc1ccc(C2(c3cccc(-c4cccnc4F)c3)N=C(N)N(C)C2=O)cc1C,404.4,80.8,3.24,1,5,4,5.0
TDP43_v2,CHEMBL566258,-8.5,O=C(NCc1ccccc1)[C@@H]1CCC[C@H]1c1cc(-c2ccccc2)on1,346.4,55.1,4.54,1,3,5,5.0
TDP43_v2,CHEMBL566362,-8.5,CC(Nc1nccc(-n2cnc3ccccc32)n1)C1CCCN(C(=O)Nc2ccccc2)C1,441.5,88.0,4.56,2,5,5,5.0
TDP43_v2,CHEMBL566415,-8.5,CN1C(=O)C(c2cccc(-c3cccnc3)c2)(c2ccc3c(c2)OCO3)N=C1N,386.4,90.0,2.51,1,6,3,4.0
TDP43_v2,CHEMBL8620,-8.5,CN1CC=C(c2c(O)cc(O)c3c(=O)oc(-c4ccccc4Cl)cc23)CC1,383.8,73.9,4.24,2,5,2,5.0
TDP43_v2,CHEMBL8845,-8.5,CCC(=O)N1N=C(c2ccc(N)cc2)c2cc3c(cc2CC1C)OCO3,351.4,77.2,2.93,1,5,2,5.0
TDP43_v2,CHEMBL8960,-8.5,CC1Cc2cc3c(cc2C(c2ccc(N)cc2)=NN1C=O)OCO3,323.4,77.2,2.15,1,5,2,5.0
TDP43_v2,CHEMBL9951,-8.5,O=C1c2ccccc2CCCN1CCN1CCC(n2ccc3cc(F)ccc32)CC1,405.5,28.5,4.51,0,2,4,4.0
TDP43_v2,RILPIVIRINE,-8.5,Cc1cc(/C=C/C#N)cc(C)c1Nc1ccnc(Nc2ccc(C#N)cc2)n1,366.4,97.4,4.99,2,6,5,4.0
TDP43_v2,CHEMBL1094870,-8.4,CN1CCC[C@@H]1C(=O)NCc1c(CN(C)[C@H]2CCCc3cccnc32)ncc2ccccc12,443.6,61.4,3.85,1,5,6,5.0
TDP43_v2,CHEMBL1207638,-8.4,O=C(O)Cc1ccc2c(c1)CC(CNS(=O)(=O)c1cccc3ccccc13)C2,395.5,83.5,3.16,2,3,6,5.0
TDP43_v2,CHEMBL1210537,-8.4,O=C(Nc1ncnc2[nH]c(-c3cccc(Cl)c3)nc12)c1ccccc1,349.8,83.6,3.93,2,4,3,5.0
TDP43_v2,CHEMBL1210547,-8.4,O=C(CN1CCN(c2nnc(Cc3ccncc3)c3ccccc23)CC1)Nc1ccc(F)c(F)c1,474.5,74.2,3.65,1,6,6,4.0
TDP43_v2,CHEMBL1210674,-8.4,O=C(CN1CCN(c2nnc(Cc3ccncc3)c3ccccc23)CC1)Nc1cccc(F)c1,456.5,74.2,3.52,1,6,6,4.0
TDP43_v2,CHEMBL1210731,-8.4,Cc1ccccc1NC(=O)CN1CCN(c2nnc(Cc3ccncc3)c3ccccc23)CC1,452.6,74.2,3.68,1,6,6,4.0
TDP43_v2,CHEMBL1242980,-8.4,Cc1ccccc1NC(=O)Oc1ccc2c(c1)[C@]1(C)CCOC1O2,325.4,56.8,4.0,1,4,2,5.0
TDP43_v2,CHEMBL1243230,-8.4,COc1ccc2c(c1)/C(=N\OCCN1CCCCC1)c1c-2c(O)nc2ccccc12,403.5,67.2,4.18,1,6,5,5.0
TDP43_v2,CHEMBL12566,-8.4,Cc1c(C(=O)c2cccc3ccccc23)c2ccccc2n1CCN1CCOC(O)C1,414.5,54.7,3.98,1,4,5,5.0
TDP43_v2,CHEMBL13078,-8.4,O=C(c1cccc2ccccc12)c1cn(CCN2CCOCC2)c2ccccc12,384.5,34.5,4.36,0,3,5,4.0
TDP43_v2,CHEMBL1422628,-8.4,COc1nnc(-c2ccc(N3CCCCC3)c(NC(C)=O)c2)c2ccccc12,376.5,67.4,4.25,1,5,4,5.0
TDP43_v2,CHEMBL1501463,-8.4,Cc1c(C(=O)N2CCc3ccccc3C2)oc2ccccc12,291.4,33.5,3.94,0,2,1,4.0
TDP43_v2,CHEMBL1513171,-8.4,Cc1cc(C)c2c(c1)c(C)cc1nnc(SCc3ccccc3C#N)n12,358.5,54.0,4.97,0,4,3,5.0
TDP43_v2,CHEMBL1590708,-8.4,Cc1ccc(Cl)cc1N(C)C(=O)c1cc2ccc3cccnc3c2[nH]1,349.8,49.0,4.95,1,2,2,5.0
TDP43_v2,CHEMBL166209,-8.4,O=C(O)c1ccc2c3c(ncnc13)-c1ccccc1C2=O,276.3,80.2,2.54,1,4,1,5.0
TDP43_v2,CHEMBL1795744,-8.4,O=c1nc(N2CCOCC2)oc2cc3ccccc3cc12,282.3,55.6,2.18,0,5,1,5.0
TDP43_v2,CHEMBL1795801,-8.4,O=C(Cn1sc2cc(F)ccc2c1=O)Nc1nc(-c2ccccc2)cs1,385.4,64.0,3.96,1,5,4,5.0
TDP43_v2,CHEMBL1795920,-8.4,CC(=O)Nc1ccc2c(c1)C(NC(=S)Nc1cccc(C#N)c1)CC(C)(C)O2,394.5,86.2,4.11,3,4,3,5.0
TDP43_v2,CHEMBL1796807,-8.4,O=C(c1ccccc1)c1cc2cc(Br)cc(O)c2oc1=O,345.1,67.5,3.49,1,4,2,5.0
TDP43_v2,CHEMBL1808742,-8.4,Cc1cccc(CNc2nccc3c2[nH]c2ccccc23)c1,287.4,40.7,4.64,2,2,3,5.0
TDP43_v2,CHEMBL18518,-8.4,c1ccc(Cc2nn[nH]n2)c(COc2ccc(OCc3ccc4ccccc4n3)cc2)c1,423.5,85.8,4.5,1,6,8,5.0
TDP43_v2,CHEMBL1858811,-8.4,c1cnc(N2CCN(Cc3coc(-c4cccc5ccccc45)n3)CC2)nc1,371.4,58.3,3.61,0,6,4,5.0
TDP43_v2,CHEMBL1858965,-8.4,Cc1ccccc1CN/C(=N\O)c1ccnc(Oc2ccc(F)c(Cl)c2)c1,385.8,66.7,4.9,2,4,5,5.0
TDP43_v2,CHEMBL1859068,-8.4,CC(=O)c1ccc(N2CCN(Cc3coc(-c4ccccc4C)n3)CC2)cc1,375.5,49.6,4.17,0,5,5,5.0
TDP43_v2,CHEMBL1859186,-8.4,Fc1cccc(-c2nc(CNCc3cccc4ccccc34)co2)c1,332.4,38.1,4.92,1,3,5,4.0
TDP43_v2,CHEMBL1859233,-8.4,CC1CCCN(Cc2coc(-c3cccc4ccccc34)n2)C1,306.4,29.3,4.73,0,3,3,4.0
TDP43_v2,CHEMBL1859300,-8.4,Cc1cc(C)cc(Oc2nc(C)ccc2/C(=N/O)N2C(C)CCC2C)c1,353.5,58.0,4.81,1,4,3,5.0
TDP43_v2,CHEMBL1859301,-8.4,Cc1ccc(/C(=N/O)N2CCN(c3ccccc3)CC2)c(Oc2cccc3cnccc23)n1,439.5,74.1,4.69,1,6,4,5.0
TDP43_v2,CHEMBL1859526,-8.4,Clc1ccccc1-c1nc(Cn2cnc(-c3ccccc3)c2)co1,335.8,43.9,4.91,0,3,4,5.0
TDP43_v2,CHEMBL1859737,-8.4,Fc1cccc(-c2nc(CNCc3ccccc3C(F)(F)F)co2)c1,350.3,38.1,4.79,1,3,5,4.0
TDP43_v2,CHEMBL1859833,-8.4,Cc1ccc(Oc2ccc(/C(N)=N/O)cn2)c2c1CCC2,283.3,80.7,2.77,2,4,3,5.0
TDP43_v2,CHEMBL1859834,-8.4,Cc1ccc(Oc2ncccc2/C(=N/O)NCc2ccccc2)c2c1CCC2,373.5,66.7,4.6,2,4,5,5.0
TDP43_v2,CHEMBL1860176,-8.4,Cc1ccc(/C(=N/O)NC2CCC2)c(Oc2ccc3ccccc3c2)n1,347.4,66.7,4.61,2,4,4,5.0
TDP43_v2,CHEMBL1860385,-8.4,CN1CCCC1CCN/C(=N\O)c1cccnc1Oc1ccc2c(c1)CCCC2,394.5,70.0,3.96,2,5,6,5.0
TDP43_v2,CHEMBL1860747,-8.4,CCN1CCN(Cc2coc(-c3cccc4ccccc34)n2)CC1,321.4,32.5,3.63,0,4,4,4.0
TDP43_v2,CHEMBL1860994,-8.4,O/N=C(/c1cccnc1Oc1ccc2c(c1)CCCC2)N1CCSCC1,369.5,58.0,3.94,1,5,3,5.0
TDP43_v2,CHEMBL1861513,-8.4,CC1CCCCN1CCCNCc1coc(-c2cccc3ccccc23)n1,363.5,41.3,4.85,1,4,7,5.0
TDP43_v2,CHEMBL1861785,-8.4,C1=CCN(Cc2coc(-c3cccc4ccccc34)n2)CC1,290.4,29.3,4.26,0,3,3,4.0
TDP43_v2,CHEMBL1862849,-8.4,O=S(=O)(c1ccc(C(F)(F)F)cc1)N1CCN(C(c2ccc(Cl)cc2)c2cccnc2)CC1,496.0,53.5,4.85,0,4,5,4.0
TDP43_v2,CHEMBL1862944,-8.4,Cc1nc(C(=O)NC2CCN(C(c3ccc(C(F)(F)F)cc3)c3cccnc3)CC2)cs1,460.5,58.1,4.85,1,5,5,4.0
TDP43_v2,CHEMBL1863161,-8.4,N#Cc1ccnc(N2CCC(NC(c3ccc(C(F)(F)F)cc3)c3cccnc3)CC2)n1,438.5,77.7,4.11,1,6,5,5.0
TDP43_v2,CHEMBL1863195,-8.4,Cc1oncc1C(=O)N1CCC(NC(c2ccc(C(F)(F)F)cc2)c2cccnc2)CC1,444.5,71.3,4.38,1,5,5,5.0
TDP43_v2,CHEMBL1863219,-8.4,N#Cc1ccc(C(c2cccnc2)N2CCC(NC(=O)c3cc(F)ccc3F)CC2)cc1,432.5,69.0,4.22,1,4,5,5.0
TDP43_v2,CHEMBL1863325,-8.4,N#Cc1ccc(C(O)(c2ccc(C(F)(F)F)cc2)c2cccnc2)c(F)c1,372.3,56.9,4.4,1,3,3,5.0
TDP43_v2,CHEMBL1863368,-8.4,O=S(=O)(c1ccc(C(F)(F)F)cc1)N1CCN(C(c2ccc(Cl)cc2)c2cncnc2)CC1,496.9,66.4,4.24,0,5,5,4.0
TDP43_v2,CHEMBL1864636,-8.4,CN(C)CCNC(=O)c1cccc(-c2cnc3c(NC=O)cc(-c4cc(F)c(F)c(F)c4)cn23)c1,481.5,78.7,3.95,2,4,8,4.0
TDP43_v2,CHEMBL1864943,-8.4,Cc1cc(=O)oc2cc(O)cc(OCc3ccccc3)c12,282.3,59.7,3.39,1,4,3,5.0
TDP43_v2,CHEMBL1865048,-8.4,Cc1ccccc1OCC(=O)Nc1cc(C)c(O)c(-c2nc3ccccc3o2)c1,388.4,84.6,4.83,2,5,5,5.0
TDP43_v2,CHEMBL1865174,-8.4,O=C(NCc1ccccc1F)c1ccc2ccccc2n1,280.3,42.0,3.3,1,2,3,5.0
TDP43_v2,CHEMBL1865285,-8.4,O=C(Nc1cccc(C(F)(F)F)c1)c1cccc(NC(=O)c2cnccn2)c1,386.3,84.0,4.0,2,4,4,5.0
TDP43_v2,CHEMBL1865345,-8.4,COc1ccccc1N1CCN(C(=O)CSc2nc3ccccc3nc2Cc2ccccc2)CC1,484.6,58.6,4.67,0,6,7,4.0
TDP43_v2,CHEMBL1865669,-8.4,O=C(CCC1CCCN(C2C3CC4CC(C3)CC2C4)C1)NCc1ccc(F)c(F)c1,416.6,32.3,4.9,1,2,6,4.0
TDP43_v2,CHEMBL1865801,-8.4,COc1c(F)cccc1C1=CC(=O)C[C@H](c2ccc(F)cc2)C1,314.3,26.3,4.5,0,2,3,4.0
TDP43_v2,CHEMBL1866455,-8.4,CN1C(C(=O)NCc2ccccc2)CC2Cn3c(nc4ccccc43)C21,346.4,50.2,2.73,1,3,3,5.0
TDP43_v2,CHEMBL1872278,-8.4,Cn1ccc2c(-c3ccc4c(c3)OCCO4)cc3c(c21)C1CCC3C1,331.4,23.4,4.98,0,2,1,4.0
TDP43_v2,CHEMBL191991,-8.4,Oc1noc(C2CCNCC2)c1Cc1ccc2ccccc2c1Br,387.3,58.3,4.35,2,4,3,5.0
TDP43_v2,CHEMBL19349,-8.4,Cc1cc(C#CCN2CCC(Cc3ccc(F)cc3)CC2)cc2[nH]c(O)nc12,377.5,52.2,4.02,2,3,3,5.0
TDP43_v2,CHEMBL20375,-8.4,c1ccc(NNC2c3ccccc3Oc3ccccc32)cc1,288.4,33.3,4.5,2,3,3,4.0
TDP43_v2,CHEMBL21140,-8.4,Cc1cc(C(=O)Nc2ccc(C(=N)N(C)C)cc2F)n(-c2cc3ccccc3cc2F)n1,433.5,74.0,4.75,2,3,4,5.0
TDP43_v2,CHEMBL21190,-8.4,O=S(=O)(NS(=O)(=O)N1CCc2c(Cl)cccc2C1)N1CCc2c(Cl)cccc2C1,476.4,86.8,2.49,1,4,4,4.0
TDP43_v2,CHEMBL25345,-8.4,COc1ccc(Cc2cc(C3CCN(C(=O)c4ccc5c(c4)OCO5)CC3)nc(N)n2)cc1,446.5,99.8,3.41,1,7,5,4.0
TDP43_v2,CHEMBL26844,-8.4,O=C(NO)c1ccc(CNC(=O)c2ccc(-c3ccccc3)cc2)cc1,346.4,78.4,3.4,3,3,5,5.0
TDP43_v2,CHEMBL28177,-8.4,CC(CC(=O)Nc1ccccc1C(=O)O)c1ccc2ccccc2c1,333.4,66.4,4.67,2,2,5,5.0
TDP43_v2,CHEMBL29364,-8.4,Cc1ccc(CNC(=O)CCn2c3c(c4ccccc42)C(=O)CN2CCCCC32)o1,405.5,67.5,3.97,1,4,5,5.0
TDP43_v2,CHEMBL30051,-8.4,O=C(NO)C(NCc1cccc(C(F)(F)F)c1)c1cccc2ccccc12,374.4,61.4,4.19,3,3,5,5.0
TDP43_v2,CHEMBL3309993,-8.4,Nc1nc2c3ccc(O)cc3nc(Cc3ccc4c(c3)OCO4)n2n1,335.3,107.8,1.88,2,7,2,4.0
TDP43_v2,CHEMBL3311108,-8.4,c1cc2cc(-c3ccc(-c4cn5cc(C6=NCCCN6)ccc5n4)cc3)[nH]c2cc1C1=NCCCN1,473.6,81.9,4.63,3,5,4,4.0
TDP43_v2,CHEMBL3311109,-8.4,c1cc2cc(-c3ccc(-c4cn5ccc(C6=NCCN6)cc5n4)cc3)[nH]c2cc1C1=NCCN1,445.5,81.9,3.85,3,5,4,5.0
TDP43_v2,CHEMBL4434863,-8.4,O/N=c1\cc(-c2ccccc2)oc2c1ccc1ccccc12,287.3,45.7,4.54,1,3,1,5.0
TDP43_v2,CHEMBL4435086,-8.4,Nc1ncnc2c3c(n(-c4ccc(NC(=O)Cc5cnn(-c6ccccc6)c5)cc4)c12)CCC3,449.5,103.6,3.86,2,5,5,4.0
TDP43_v2,CHEMBL4435183,-8.4,CN1C(=O)C2(c3ccccc31)c1c(c3ccccc3oc1=O)Oc1c2c(=O)oc2ccccc12,449.4,90.0,4.32,0,6,0,5.0
TDP43_v2,CHEMBL4435572,-8.4,O=C(Cn1cc(Cn2c3ccccc3c3ccccc32)nn1)c1ccc(F)cc1,384.4,52.7,4.46,0,3,5,5.0
TDP43_v2,CHEMBL4435833,-8.4,O=C(O)[C@H]1C2CCC(CC2)[C@@H]1Nc1nc(-c2c[nH]c3ncc(F)cc23)nc2scnc12,438.5,116.7,4.07,3,7,4,4.0
TDP43_v2,CHEMBL4436056,-8.4,CC(NC(=O)c1ccccc1)c1nn(-c2ccc(C(N)=O)cc2)c2c1C(=O)CC(C)(C)C2,430.5,107.1,3.62,2,4,5,4.0
TDP43_v2,CHEMBL4528205,-8.4,CCc1cccc2c(C(=O)CN3CCC(C(=O)Nc4ccc5c(c4)OCO5)CC3)c[nH]c12,433.5,83.7,3.99,2,5,6,5.0
TDP43_v2,CHEMBL4529431,-8.4,Cc1c(COc2cc(N)nc3[nH]nnc23)cccc1-c1cccc(F)c1,349.4,89.7,3.63,2,5,4,5.0
TDP43_v2,CHEMBL4529934,-8.4,Cc1ccc(-c2ccc3nn(CC(=O)N4CCN(c5ccc(F)cc5)CC4)c(=O)n3n2)cc1C,460.5,75.7,2.66,0,5,4,4.0
TDP43_v2,CHEMBL4529977,-8.4,O=C(O)c1cccc(-n2c(/C=C/c3ccc([N+](=O)[O-])o3)nc3ccccc3c2=O)c1,403.4,128.5,3.76,1,6,5,4.0
TDP43_v2,CHEMBL4530238,-8.4,O=C(NO)c1ccc(Nc2nnc(-c3ccccc3)o2)cc1,296.3,100.3,2.6,3,6,4,4.0
TDP43_v2,CHEMBL4530264,-8.4,CN1CCN(c2ccc(-c3cn4c(-c5cccc(O)c5)cnc4cn3)cn2)CC1,386.5,69.8,2.92,1,6,3,5.0
TDP43_v2,CHEMBL4530572,-8.4,O=C(Cn1nc2c3cc(-c4ccc(F)cc4)nn3ccn2c1=O)Nc1ccc(Br)cc1,481.3,85.7,3.35,1,4,4,4.0
TDP43_v2,CHEMBL4530588,-8.4,O=C(Cn1nc2c3cc(-c4ccc(F)cc4)nn3ccn2c1=O)N1CCN(c2ccccc2F)CC1,489.5,80.1,2.44,0,5,4,4.0
TDP43_v2,CHEMBL4530623,-8.4,Cc1ccccc1CN(c1ccc(C(C)C)cc1)S(=O)(=O)c1cccn2cnnc12,420.5,67.6,4.56,0,4,6,5.0
TDP43_v2,CHEMBL4530711,-8.4,NC(=S)c1cccc(-c2cccc3[nH]ccc23)c1O,268.3,62.0,3.17,3,2,2,5.0
TDP43_v2,CHEMBL4530829,-8.4,CC1CCCC(C)N1CCC(=O)NNC(=O)c1cc(-c2ccc(Cl)cc2)nc2ccccc12,465.0,74.3,4.97,2,4,5,4.0
TDP43_v2,CHEMBL4530878,-8.4,CC(=O)c1cccc(-c2cnc3ccc(-c4ccc5c(c4)OCO5)nn23)c1,357.4,65.7,3.99,0,5,3,5.0
TDP43_v2,CHEMBL4531198,-8.4,O=C(NNc1ccc(F)cc1)c1cccc(S(=O)(=O)N2CCc3ccccc3C2)c1,425.5,78.5,3.33,2,4,5,5.0
TDP43_v2,CHEMBL4531264,-8.4,Nc1c(C(c2ccccc2)c2c(N)c3ccccc3oc2=O)c(=O)oc2ccccc12,410.4,112.5,4.24,2,6,3,4.0
TDP43_v2,CHEMBL4531266,-8.4,O=C1Cc2ccc(F)cc2C[C@@H]1C1=Cc2ccc(F)cc2CC1,310.3,17.1,4.28,0,1,1,4.0
TDP43_v2,CHEMBL4531394,-8.4,Cc1cccc(-c2cc(Nc3ccc([N+](=O)[O-])c4nonc34)ccc2C(=O)O)c1,390.4,131.4,4.55,2,7,5,4.0
TDP43_v2,CHEMBL4531401,-8.4,OCc1ccc(-c2cn3c(-c4cccc(OC(F)(F)F)c4)cnc3cn2)cc1,385.3,59.7,4.45,1,4,4,5.0
TDP43_v2,CHEMBL4531544,-8.4,O=C(/C=C/c1ccc(-n2nncc2-c2ccccc2)cc1)c1ccccc1,351.4,47.8,4.83,0,3,5,5.0
TDP43_v2,CHEMBL4531786,-8.4,O=C(Nc1nn(Cc2ccc(C(F)(F)F)cc2)c2ccccc12)c1cnc[nH]1,385.3,75.6,4.08,2,3,4,5.0
TDP43_v2,CHEMBL4531799,-8.4,Cn1ncc2ccc(-c3ccc4cnn(Cc5ccc(F)c(C(=O)O)c5)c4c3)cc21,400.4,72.9,4.48,1,3,4,5.0
TDP43_v2,CHEMBL4532096,-8.4,Clc1ccc2nc(-c3cccc(N4CCc5ccccc5C4)n3)[nH]c2c1,360.8,44.8,4.84,1,3,2,5.0
TDP43_v2,CHEMBL4532223,-8.4,O=C(NC(Cn1ccnc1)C(=O)c1cccc(F)c1)c1ccc(-c2ccccc2)cc1,413.5,64.0,4.37,1,3,7,5.0
TDP43_v2,CHEMBL4532287,-8.4,N#CN1CCC[C@](F)(C(=O)Nc2ccc(-c3cccc4[nH]ncc34)nn2)C1,365.4,110.6,2.24,2,6,3,4.0
TDP43_v2,CHEMBL4532313,-8.4,NC(=S)c1cccc(-c2cccc3[nH]ccc23)c1,252.3,41.8,3.47,2,1,2,5.0
TDP43_v2,CHEMBL4532359,-8.4,CCc1ccc(S(=O)(=O)Nc2ccc(-c3nc4ccccc4o3)cc2)cc1,378.5,72.2,4.86,1,4,5,5.0
TDP43_v2,CHEMBL4532735,-8.4,Cn1c(Oc2ccccc2-c2ccc(Cl)cc2)cc(=O)n(O)c1=O,344.8,73.5,2.9,1,4,3,5.0
TDP43_v2,CHEMBL4533401,-8.4,COc1ccc(-n2ncc3c(C(=O)NCc4cccc(C(F)(F)F)c4)cccc32)cc1,425.4,56.2,4.98,1,3,5,5.0
TDP43_v2,CHEMBL4534320,-8.4,Nc1nc(CN2CCN(Cc3cccc4cccnc34)CC2)nc2ccccc12,384.5,71.2,3.08,1,6,4,5.0
TDP43_v2,CHEMBL4534511,-8.4,COc1cc(C(N)=S)cc(-c2cccc3[nH]ccc23)c1,282.4,51.0,3.48,2,2,3,5.0
TDP43_v2,CHEMBL4534728,-8.4,CC(C)(Oc1ccc(-c2cnc(N)c(-c3ccc4c(c3)CCNC4=O)n2)cc1)C(N)=O,417.5,133.2,2.32,3,6,5,4.0
TDP43_v2,CHEMBL4543556,-8.4,Cc1c(C(=O)N2C3CCC2CC(F)(c2ccc(Cl)cc2)C3)cnn1-c1nn2cccc2c(=O)[nH]1,480.9,88.3,3.8,1,4,3,4.0
TDP43_v2,CHEMBL4553589,-8.4,Cc1cc(-c2csc(Cc3ccccc3)n2)c(C)n1NC(=O)c1nn(C)c(=O)c2ccccc12,469.6,81.8,4.45,1,5,5,4.0
TDP43_v2,CHEMBL4562707,-8.4,N#CC1=C(N)Oc2ccc3ccccc3c2C1,222.2,59.0,2.47,1,3,0,5.0
TDP43_v2,CHEMBL4562825,-8.4,C=Cc1cc(C(=O)O)cc2c1-c1ccc(O)c(C)c1CC2,280.3,57.5,3.81,2,2,2,5.0
TDP43_v2,CHEMBL4564089,-8.4,N#Cc1c(C(F)(F)F)cc(NCc2ccncc2)n2c1nc1ccccc12,367.3,66.0,4.39,1,4,3,5.0
TDP43_v2,CHEMBL4565057,-8.4,C=C(c1ccc2c(ccn2C)c1)c1nc(C)nc2ccccc12,299.4,30.7,4.49,0,2,2,4.0
TDP43_v2,CHEMBL4569433,-8.4,Cc1c(C(=O)N2Cc3cc(C(F)(F)F)cnc3C2)cnn1-c1nn2cccc2c(=O)[nH]1,429.4,101.2,2.09,1,5,2,4.0
TDP43_v2,CHEMBL4570266,-8.4,Cc1cccc(-c2nc(NC(=O)C3CC3)cc3c2CCCN3)c1C,321.4,54.0,4.07,2,3,3,5.0
TDP43_v2,CHEMBL4570314,-8.4,Cn1c(-c2c(-c3ccccc3)n[nH]c2-c2ccccc2O)nc2ccccc21,366.4,66.7,5.0,2,3,3,4.0
TDP43_v2,CHEMBL4570385,-8.4,Cc1ccc(CNC(=O)c2ccc(CN3CCc4ccccc4C3)cc2)cc1,370.5,32.3,4.48,1,2,5,4.0
TDP43_v2,CHEMBL4570423,-8.4,O=c1cc(NCCCN2CCN(c3nccc4ccc(Cl)cc34)CC2)c2ccccc2o1,449.0,61.6,4.62,1,6,6,5.0
TDP43_v2,CHEMBL4570440,-8.4,C[C@@H](CN1CCC2(CC1)C(=O)NC[C@H]2c1ccc(F)cc1)NC(=O)c1cnc2ccccc2c1,460.6,74.3,3.49,2,4,5,4.0
TDP43_v2,CHEMBL4571187,-8.4,N#Cc1ccc(CCc2nc3ccccc3c(=O)n2-c2cccc(C(=O)O)c2)cc1,395.4,96.0,3.74,1,4,5,4.0
TDP43_v2,CHEMBL4571300,-8.4,Cc1ccccc1N1C[C@@]2(CCC[C@H](Cn3cnc4ccc(C#N)cc43)C2)OC1=O,400.5,71.2,4.8,0,4,3,5.0
TDP43_v2,CHEMBL4571349,-8.4,Cc1cc2nccn2c2sc(C(=O)NC3Cc4ccccc4C3)c(N)c12,362.5,72.4,3.34,2,4,2,5.0
TDP43_v2,CHEMBL4571461,-8.4,Cc1ccc2nc(NC(=O)c3ccc(C#N)cc3)c(C(=O)NC3CCCCC3)n2c1,401.5,99.3,3.83,2,4,4,4.0
TDP43_v2,CHEMBL4572090,-8.4,CC(=O)N1CCC(n2c(-c3cc(C)c(O)c(C)c3)nc3ccccc32)CC1,363.5,58.4,4.21,1,3,2,5.0
TDP43_v2,CHEMBL4572205,-8.4,Cc1cccc(-c2cn3c(-c4ccc(C#N)cc4)cnc3cn2)c1C,324.4,54.0,4.55,0,3,2,5.0
TDP43_v2,CHEMBL4572927,-8.4,CC(C)n1nnc2cnc3ccc(-c4cnc5[nH]ccc5c4)cc3c21,328.4,72.3,4.1,1,4,2,5.0
TDP43_v2,CHEMBL4573316,-8.4,O=C(NCC1(c2ccc(Cl)nc2)CCCCC1)C1CCCc2[nH]ccc21,371.9,57.8,4.5,2,2,4,5.0
TDP43_v2,CHEMBL4573333,-8.4,NC(=O)c1cc([N+](=O)[O-])ccc1Nc1ccccc1-c1ccccc1,333.3,98.3,4.1,2,4,5,4.0
TDP43_v2,CHEMBL4573695,-8.4,Cc1ccccc1-c1nc2oc3ccccc3c(=O)c2c(=O)n1Cc1ccccc1,394.4,65.1,4.53,0,4,3,5.0
TDP43_v2,CHEMBL4573918,-8.4,O=C(Cn1nc2c(N3CCOCC3)nccn2c1=O)NCc1ccc(C(F)(F)F)cc1,436.4,93.8,1.06,1,6,5,4.0
TDP43_v2,CHEMBL4574114,-8.4,Oc1ccc(C2=CCN(c3ncnc4ccccc34)CC2)cc1,303.4,49.2,3.63,1,4,2,5.0
TDP43_v2,CHEMBL4575361,-8.4,COc1ccc(OCCN2CCN(CC(=O)Nc3nc(-c4c[nH]c5ccccc45)cs3)CC2)cc1,491.6,82.7,3.94,2,7,9,4.0
TDP43_v2,CHEMBL4575421,-8.4,Cc1ccc(OCc2n[nH]c(=S)n2C2CCCCC2)c2c1CCC2,343.5,42.8,4.82,1,3,4,5.0
TDP43_v2,CHEMBL4575814,-8.4,O=C(/C=C/c1ccccc1C(F)(F)F)Nc1ccc2c(c1)CCC2,331.3,29.1,4.85,1,1,3,4.0
TDP43_v2,CHEMBL4580706,-8.4,O=C1COc2ccc(C(=O)N3CCCc4ccccc43)cc2N1,308.3,58.6,2.61,1,3,1,5.0
TDP43_v2,CHEMBL4580911,-8.4,CC(C)(C)c1ccc(S(=O)(=O)Oc2ccc(NC(=O)C3CCCC3)cc2)cc1,401.5,72.5,4.88,1,4,5,5.0
TDP43_v2,CHEMBL4581299,-8.4,Cc1cccc(NC(=O)c2ccc3nn(CC(=O)N4CCc5ccccc5C4)c(=O)n3c2)c1,441.5,88.7,2.64,1,4,4,5.0
TDP43_v2,CHEMBL4581383,-8.4,Cc1cc(C)cc(Oc2cccc(-c3c(C)nnn3C3CCN(C(=N)N)CC3)c2)c1,404.5,93.0,4.19,2,4,4,4.0
TDP43_v2,CHEMBL4581665,-8.4,O=c1c2ccccc2nc(NCc2ccc(F)cc2)n1-c1cccc([N+](=O)[O-])c1,390.4,90.1,4.05,1,5,5,4.0
TDP43_v2,CHEMBL4584611,-8.4,COc1cc(/C=C/C=C2\N=C(/C=C/c3ccccc3)NC2=O)ccc1O,346.4,70.9,3.54,2,4,5,5.0
TDP43_v2,CHEMBL4634835,-8.4,CC(C)(C)c1[nH]cnc1/C=c1\[nH]c(=O)/c(=C/c2cccc(Oc3ccc(F)cc3)c2)[nH]c1=O,446.5,103.6,2.67,3,4,4,4.0
TDP43_v2,CHEMBL4634851,-8.4,CC(C)c1cc(Nc2nc(N3CCC[C@H](N)C3)ncc2C(N)=O)cc(C(C)C)c1,396.5,110.2,3.49,3,6,6,4.0
TDP43_v2,CHEMBL4635020,-8.4,CC(C)(C)c1cc(CNC(=O)Cc2ccc3c(c2)OCO3)n(-c2ccc(F)c(F)c2)n1,427.5,65.4,4.04,1,4,5,5.0
TDP43_v2,CHEMBL4635746,-8.4,N#Cc1ccnc(Oc2nn(C3CCC(F)(F)CC3)c3ncnc(N)c23)c1,371.4,115.5,3.22,1,7,3,4.0
TDP43_v2,CHEMBL4635830,-8.4,Cc1[nH]cnc1/C=c1\[nH]c(=O)/c(=C/c2cccc(Oc3ccc(F)cc3)c2)[nH]c1=O,404.4,103.6,1.68,3,4,4,4.0
TDP43_v2,CHEMBL4636028,-8.4,COc1ccc(C(C)(O)c2nc(-c3ccc4c(c3)OCO4)nc3ccccc23)cc1,400.4,73.7,4.29,1,6,4,5.0
TDP43_v2,CHEMBL4636254,-8.4,Cc1ncn(CC2CN(C)C2)c1NC(=O)[C@H]1CCC[C@@H](N(C)C(=O)c2cccc(C(F)(F)F)c2)C1,491.6,70.5,4.04,1,4,6,4.0
TDP43_v2,CHEMBL4636331,-8.4,CC1c2ccccc2CCN1c1nc2c(cnn2C(C)(C)C)c(=O)n1Cc1ccc(F)cc1,445.5,56.0,4.66,0,4,3,5.0
TDP43_v2,CHEMBL4636766,-8.4,COc1ccc(-c2cc(C(=O)NCc3ccc(F)cc3)c3ccccc3n2)cc1OC,416.5,60.5,4.99,1,4,6,5.0
TDP43_v2,CHEMBL4636779,-8.4,CC1CCN(c2cc(C(C)(C)C)ccc2CNC(=O)Cc2ccc3c(c2)OCO3)CC1,422.6,50.8,4.81,1,4,5,5.0
TDP43_v2,CHEMBL4637050,-8.4,N#CN1CC(OCc2ccc(-c3ccc4c(c3)OCO4)cc2)(c2ccccc2)C1,384.4,54.7,4.29,0,5,5,5.0
TDP43_v2,CHEMBL4637306,-8.4,O=C(O)Cc1ccccc1OCc1cccc(-c2ccc3c(c2)CNCC3)c1,373.5,58.6,4.21,2,3,6,5.0
TDP43_v2,CHEMBL4637380,-8.4,CC1(C)O[C@H]2CC(=O)OC[C@]23[C@H]2CCC4=C([C@H]5CCC(=O)O5)C(=O)CC[C@@]4(C)[C@]2(C)CC[C@@H]13,456.6,78.9,4.29,0,6,1,4.0
TDP43_v2,CHEMBL4637560,-8.4,Nc1ncnc2c1c(Oc1cccc(C(F)(F)F)c1)nn2[C@H]1C[C@H](F)C1,367.3,78.8,3.89,1,5,3,5.0
TDP43_v2,CHEMBL4637610,-8.4,Cc1ccc(S(=O)(=NC(N)=O)NC(=O)Nc2c3c(cc4c2CCC4)CCC3)cc1,412.5,113.7,3.61,3,3,3,4.0
TDP43_v2,CHEMBL4638343,-8.4,COc1cc(C(=O)N[C@@H]2C[C@H]3CCC[C@@H](C2)N3CC(=O)Nc2c(C)cccc2C)cc(OC)c1OC,495.6,89.1,4.08,2,6,8,4.0
TDP43_v2,CHEMBL4638387,-8.4,C[C@@H]1CN(c2snc3ccc(-c4cccc(Cl)c4)nc23)C[C@H](C)O1,359.9,38.2,4.63,0,5,2,4.0
TDP43_v2,CHEMBL4638639,-8.4,C=C1C(=O)[C@@]23C(=O)[C@@H]4OC[C@]5(C=CCC(C)(C)[C@@H]45)[C@@H]2CC[C@@H]1[C@H]3OC(=O)/C=C/c1ccc(OC)cc1,488.6,78.9,4.34,0,6,4,4.0
TDP43_v2,CHEMBL4638751,-8.4,C(=N/n1cnnc1)\c1cc2ccc3cccc4ccc(c1)c2c34,296.3,43.1,4.06,0,3,2,5.0
TDP43_v2,CHEMBL4638888,-8.4,COc1ccc(C(=O)N2[C@H](C)CN(C(=O)c3ccc4cc(C)[nH]c4c3)C[C@H]2C)c(F)c1,423.5,65.6,4.0,1,3,3,5.0
TDP43_v2,CHEMBL4638937,-8.4,FC(F)(F)COc1cccn2nc(N[C@@H]3[C@@H]4CC[C@H]3CN(c3ccnc(C(F)(F)F)c3)C4)nc12,486.4,67.6,4.41,1,6,5,4.0
TDP43_v2,CHEMBL4638972,-8.4,Nc1nc(-c2cc3c4c(n[nH]c4c2)Nc2ccccc2O3)cc(C2CC2)n1,356.4,101.7,4.33,3,6,2,4.0
TDP43_v2,CHEMBL496101,-8.4,Oc1ccc(Cc2nnc3ccc(-c4ccccc4)cn23)cc1,301.3,50.4,3.69,1,3,3,5.0
TDP43_v2,CHEMBL497735,-8.4,N[C@H](Cc1cc(F)c(F)cc1F)C1CCN(C(=O)c2ccc(F)cc2F)CC1,398.4,46.3,3.8,1,2,4,5.0
TDP43_v2,CHEMBL497765,-8.4,c1ccc(CCNc2nccc3[nH]c4ccccc4c23)cc1,287.4,40.7,4.37,2,2,4,5.0
TDP43_v2,CHEMBL497781,-8.4,Cc1cccc(-c2cc(=O)c3cc(Br)ccc3o2)c1,315.2,30.2,4.53,0,2,1,4.0
TDP43_v2,CHEMBL497809,-8.4,COc1ccc(CN2CCC(C3(c4ccccc4)CCC(=O)NC3=O)CC2)cc1,392.5,58.6,3.28,1,4,5,5.0
TDP43_v2,CHEMBL497967,-8.4,O=C(NNc1cccc2ncccc12)C12CC3CC(CC(C3)C1)C2,321.4,54.0,3.89,2,3,3,5.0
TDP43_v2,CHEMBL498280,-8.4,Cc1cn2cc(-n3ccccc3=O)cc(NCc3c(C)cccc3C)c2n1,358.4,51.3,4.02,1,3,4,5.0
TDP43_v2,CHEMBL498749,-8.4,N[C@H](Cc1cc(F)c(F)cc1F)C1CCN(C(=O)c2cc3ccccc3cn2)CC1,413.4,59.2,4.07,1,3,4,5.0
TDP43_v2,CHEMBL499605,-8.4,O=c1ccc(-n2ccc3ccccc32)nn1CCCCN1CCN(c2ccccc2Cl)CC1,462.0,46.3,4.44,0,4,7,4.0
TDP43_v2,CHEMBL501013,-8.4,C=C1CC(c2cccc3ccccc23)OC1=O,224.3,26.3,3.38,0,2,1,4.0
TDP43_v2,CHEMBL501462,-8.4,O=c1nc(-c2ccc3[nH]ncc3c2)cc(-c2ccc(OCc3ccccc3)cc2)[nH]1,394.4,83.7,4.56,2,4,5,5.0
TDP43_v2,CHEMBL501726,-8.4,O=c1ccc(-n2ccc3ccccc32)nn1CCCCCN1CCN(c2ccccc2Cl)CC1,476.0,46.3,4.83,0,4,8,4.0
TDP43_v2,CHEMBL502837,-8.4,CC(C)(C)C1CCC(NC2=N/C(=C\c3c[nH]c4ncccc34)C(=O)N2)CC1,365.5,82.2,3.58,3,4,2,5.0
TDP43_v2,CHEMBL502966,-8.4,O=C(c1ccc(C(F)(F)F)cc1)n1ccc2ccccc21,289.3,22.0,4.35,0,1,1,4.0
TDP43_v2,CHEMBL504261,-8.4,NC(=O)c1ccc(-c2ccnc3[nH]ccc23)cc1,237.3,71.8,2.33,2,2,2,5.0
TDP43_v2,CHEMBL504267,-8.4,Cc1nc2[nH]c(-c3ccnc(/C=C/c4ccccc4)c3)cc2c(=O)[nH]1,328.4,74.4,3.79,2,3,3,5.0
TDP43_v2,CHEMBL506611,-8.4,CN1C2C=C(c3cccc4ccccc34)CC1CC2,249.4,3.2,4.09,0,1,1,4.0
TDP43_v2,CHEMBL506980,-8.4,O=C(Nc1ccncc1)c1cccc2c(=O)c3ccccc3[nH]c12,315.3,74.8,3.33,2,3,2,5.0
TDP43_v2,CHEMBL507348,-8.4,O=c1[nH]cnc2[nH]c(-c3ccnc(/C=C/c4ccccc4)c3)cc12,314.3,74.4,3.48,2,3,3,5.0
TDP43_v2,CHEMBL507747,-8.4,Cc1ccc(C(=O)C=C2c3ccccc3C(=O)c3ccccc32)cc1,324.4,34.1,4.85,0,2,2,4.0
TDP43_v2,CHEMBL508050,-8.4,CC1(C)Oc2ccc(C#N)cc2C(NC(=O)c2ccc(Cl)cc2)C1O,356.8,82.3,3.21,2,4,2,5.0
TDP43_v2,CHEMBL508187,-8.4,CC(C)=CCc1c2c(c3[nH]c4c(O)cccc4c(=O)c3c1O)C=CC(C)(C)O2,377.4,82.5,4.79,3,4,2,5.0
TDP43_v2,CHEMBL508883,-8.4,O=c1nc(-c2ccc3[nH]ncc3c2)cc(-c2cccc(Cl)c2)[nH]1,322.8,74.4,3.63,2,3,2,5.0
TDP43_v2,CHEMBL509961,-8.4,CN1CCN(c2nc(NCc3cc4ccccc4s3)c3cc(Cl)ccc3n2)CC1,424.0,44.3,4.86,1,6,4,5.0
TDP43_v2,CHEMBL509970,-8.4,O=C(c1cc(-c2ccccn2)nc2ccccc12)N1CCC(N2CCCC2)CC1,386.5,49.3,4.0,0,4,3,5.0
TDP43_v2,CHEMBL510009,-8.4,N#Cc1ccccc1-c1ccc2ncnc(NCc3ccccc3)c2c1,336.4,61.6,4.78,1,4,4,5.0
TDP43_v2,CHEMBL510937,-8.4,C[C@H](NC1=NC(=O)C(C)(c2ccc(C(=O)N3CCCC3)cc2)S1)c1ccc(F)cc1,425.5,61.8,4.26,1,4,4,5.0
TDP43_v2,CHEMBL511177,-8.4,O=c1c2ccccc2c(C(=S)Nc2ccc(Cl)cc2)c2n1CCN2,355.9,46.1,3.87,2,3,2,5.0
TDP43_v2,CHEMBL511458,-8.4,CC1(C)NC(C)(C)C(c2nc3c(C(N)=O)cccc3[nH]2)=C1c1ccccc1,360.5,83.8,3.73,3,3,3,5.0
TDP43_v2,CHEMBL511518,-8.4,O=C1NC(=O)/C(=C/c2cccc(-c3ccccc3)c2)N1,264.3,58.2,2.53,2,2,2,5.0
TDP43_v2,CHEMBL511812,-8.4,CC[C@@]12C[C@H](O)[C@](O)(c3ccccc3)C[C@H]1CCc1cc(O)ccc12,338.4,60.7,3.64,3,3,2,5.0
TDP43_v2,CHEMBL511815,-8.4,Cc1ccc2c(N3CCN(CCc4cccc5c4OCC(=O)N5C)[C@H](C)C3)cccc2n1,430.6,48.9,3.65,0,5,4,5.0
TDP43_v2,CHEMBL512038,-8.4,C[C@]12CC[C@H](c3cc(F)c(O)cc3F)C[C@@H]1CC[C@@H]2O,282.3,40.5,3.72,2,2,1,5.0
TDP43_v2,CHEMBL512206,-8.4,N=C(N)N/N=C/C1=C(Oc2ccccc2)c2ccccc2CC1,306.4,83.5,2.89,3,3,4,5.0
TDP43_v2,CHEMBL512267,-8.4,N=C(NO)c1ccc(-n2c3c(c4ccccc42)C(=O)CCC3)c(Br)c1,398.3,78.1,4.22,3,3,2,5.0
TDP43_v2,CHEMBL512573,-8.4,N#CC1=C(N)OC2=C(C(=O)CC(c3ccccc3)C2)C1c1ccccc1F,360.4,76.1,4.03,1,4,2,5.0
TDP43_v2,CHEMBL514968,-8.4,COc1ccc2c(c1)ncn2-c1cc(OCc2ccccc2C(F)(F)F)c(C(N)=O)s1,447.4,79.4,4.79,1,5,6,5.0
TDP43_v2,CHEMBL515453,-8.4,Cc1ccc(NC(=O)c2cccc(C(C)(C)C#N)c2)cc1C(=O)Nc1ccc(N)nc1,413.5,120.9,4.28,3,5,5,4.0
TDP43_v2,CHEMBL515786,-8.4,O=C([C@@H]1CCc2c(Cl)cc(NCc3ccc(F)cc3)c(=O)n21)N1CCCC1,389.9,54.3,3.36,1,3,4,5.0
TDP43_v2,CHEMBL516163,-8.4,COc1cc2c(c3c1C(=O)C[C@@H](c1ccccc1)O3)[C@H]1[C@@H](O2)OC(C)(C)[C@@H]1OC(C)=O,424.4,80.3,3.94,0,7,3,5.0
TDP43_v2,CHEMBL517068,-8.4,CC(=O)Nc1nc(-c2ccc(F)c(C)n2)c(-c2ccc3ncnn3c2)[nH]1,351.3,100.9,2.59,2,5,3,4.0
TDP43_v2,CHEMBL517170,-8.4,Cc1ccc2c(OCCN3CCC(Cc4cccc(N5CCN[C@H](C)C5)c4)CC3)cccc2n1,458.7,40.6,4.67,1,5,7,4.0
TDP43_v2,CHEMBL517333,-8.4,O=C1NC[C@H](c2c[nH]c3ccccc23)N=C1c1c[nH]c2cc(Br)ccc12,407.3,73.0,4.07,3,2,2,5.0
TDP43_v2,CHEMBL517351,-8.4,O=c1c2cc3ccccc3cc2oc2c3c(cc(O)c12)OCCC3,318.3,59.7,4.13,1,4,0,5.0
TDP43_v2,CHEMBL517867,-8.4,O=C(Nc1nc2ccccc2c2cn(-c3ccccc3)nc12)c1ccco1,354.4,73.0,4.42,1,4,3,5.0
TDP43_v2,CHEMBL518018,-8.4,CC1(C)C=C(c2nc3c(C(N)=O)cccc3[nH]2)CC(C)(C)N1O,314.4,95.2,2.7,3,4,2,4.0
TDP43_v2,CHEMBL518113,-8.4,CCC(=O)NCCc1cc(-c2cccc(CO)c2)cc2ccc(OC)cc12,363.5,58.6,4.08,2,3,7,5.0
TDP43_v2,CHEMBL518516,-8.4,CN1CCN(c2cnc3cc(C(F)(F)F)cc(NCc4cccc([N+](=O)[O-])c4)c3n2)CC1,446.4,87.4,3.92,1,7,5,5.0
TDP43_v2,CHEMBL518545,-8.4,Cc1ccc2c(OCCN3CCC(Cc4cccc(N5CCN[C@@H](C)C5)c4)CC3)cccc2n1,458.7,40.6,4.67,1,5,7,4.0
TDP43_v2,CHEMBL518588,-8.4,Oc1ccc(CC2CC(CCc3ccccc3)=NO2)cc1,281.4,41.8,3.71,1,3,5,5.0
TDP43_v2,CHEMBL519264,-8.4,O=C(CN1CCN(Cc2ccc(C(=O)O)cc2)CC1)Nc1ccc(Oc2ccccc2)cc1,445.5,82.1,3.93,2,5,8,5.0
TDP43_v2,CHEMBL519419,-8.4,Cc1cc(I)ccc1Nc1c(C(=O)O)cc(F)c(F)c1F,407.1,49.3,4.46,2,2,3,5.0
TDP43_v2,CHEMBL519601,-8.4,O=C(Nc1ccccc1)c1ccc(CNc2nccc(-c3cccnc3)n2)cc1,381.4,79.8,4.4,2,5,6,5.0
TDP43_v2,CHEMBL519836,-8.4,FC(F)(F)c1cc(Nc2ccc3ccccc3c2)n2ncnc2n1,329.3,55.1,4.04,1,4,2,5.0
TDP43_v2,CHEMBL520034,-8.4,CN(C)C(=O)n1nnc(CNC(=O)c2cccc(-c3ccccc3)c2)n1,350.4,93.0,1.8,1,5,4,4.0
TDP43_v2,CHEMBL520037,-8.4,COc1cc(Nc2ncc3c(C)nc(-c4cccc(C(F)(F)F)c4)n3n2)cc(OC)c1OC,459.4,82.8,4.89,1,7,6,4.0
