target,ligand,afinidad
FUS,ABEMACICLIB,-6.4
FUS,ALECTINIB,-6.5
FUS,AMCINONIDE,-6.8
FUS,ATOGEPANT,-6.4
FUS,AVAPRITINIB,-7.4
FUS,BETAMETHASONE ACETATE,-6.4
FUS,BETAMETHASONE PHOSPHORIC ACID,-6.9
FUS,CEFTOBIPROLE MEDOCARIL FREE ACID,-6.7
FUS,CHEMBL1,-6.5
FUS,CHEMBL10012,-6.6
FUS,CHEMBL10039,-6.5
FUS,CHEMBL10059,-7.2
FUS,CHEMBL10088,-6.4
FUS,CHEMBL10136,-6.8
FUS,CHEMBL10183,-7.7
FUS,CHEMBL10211,-6.4
FUS,CHEMBL10295,-6.4
FUS,CHEMBL10456,-6.9
FUS,CHEMBL10540,-6.6
FUS,CHEMBL10552,-6.6
FUS,CHEMBL10613,-6.4
FUS,CHEMBL10658,-6.4
FUS,CHEMBL1075666,-7.0
FUS,CHEMBL1076047,-6.7
FUS,CHEMBL1076212,-6.7
FUS,CHEMBL1076214,-6.6
FUS,CHEMBL1076217,-6.6
FUS,CHEMBL1076221,-6.4
FUS,CHEMBL1076265,-6.7
FUS,CHEMBL1076286,-6.6
FUS,CHEMBL1076290,-6.9
FUS,CHEMBL1076294,-6.7
FUS,CHEMBL1076341,-6.6
FUS,CHEMBL1076419,-7.0
FUS,CHEMBL1076477,-6.8
FUS,CHEMBL1076656,-6.5
FUS,CHEMBL1076668,-7.6
FUS,CHEMBL1076769,-6.4
FUS,CHEMBL1077095,-6.4
FUS,CHEMBL1077107,-6.9
FUS,CHEMBL1077343,-6.5
FUS,CHEMBL1077450,-6.5
FUS,CHEMBL1079027,-6.5
FUS,CHEMBL1079031,-6.9
FUS,CHEMBL1082437,-7.0
FUS,CHEMBL10826,-6.7
FUS,CHEMBL1084974,-6.6
FUS,CHEMBL1085225,-6.5
FUS,CHEMBL1088172,-6.6
FUS,CHEMBL1089238,-6.7
FUS,CHEMBL1090651,-6.4
FUS,CHEMBL1090660,-6.6
FUS,CHEMBL1090668,-6.4
FUS,CHEMBL1091345,-7.0
FUS,CHEMBL1091702,-7.2
FUS,CHEMBL1092041,-6.9
FUS,CHEMBL1092134,-6.6
FUS,CHEMBL1092443,-6.5
FUS,CHEMBL1094998,-6.7
FUS,CHEMBL1095673,-6.4
FUS,CHEMBL1097899,-6.5
FUS,CHEMBL11244,-6.5
FUS,CHEMBL11349,-6.7
FUS,CHEMBL11378,-7.7
FUS,CHEMBL114,-6.4
FUS,CHEMBL11508,-6.6
FUS,CHEMBL11532,-6.7
FUS,CHEMBL11533,-6.4
FUS,CHEMBL1159639,-6.6
FUS,CHEMBL1159641,-6.9
FUS,CHEMBL1160771,-6.5
FUS,CHEMBL1162038,-6.7
FUS,CHEMBL1162097,-7.7
FUS,CHEMBL1162104,-7.1
FUS,CHEMBL11625,-7.0
FUS,CHEMBL1163060,-6.7
FUS,CHEMBL1163204,-6.5
FUS,CHEMBL1163213,-6.6
FUS,CHEMBL1163217,-7.3
FUS,CHEMBL1163227,-6.8
FUS,CHEMBL1163230,-6.6
FUS,CHEMBL1163233,-6.5
FUS,CHEMBL1163235,-6.4
FUS,CHEMBL1163239,-6.6
FUS,CHEMBL1163250,-6.8
FUS,CHEMBL1163251,-7.0
FUS,CHEMBL1163262,-6.4
FUS,CHEMBL1163272,-6.6
FUS,CHEMBL1163325,-7.1
FUS,CHEMBL1163342,-6.7
FUS,CHEMBL1163346,-6.9
FUS,CHEMBL1163458,-6.7
FUS,CHEMBL1163490,-7.0
FUS,CHEMBL1163491,-7.0
FUS,CHEMBL1163504,-6.7
FUS,CHEMBL1163505,-6.6
FUS,CHEMBL1163508,-6.4
FUS,CHEMBL1163514,-6.6
FUS,CHEMBL1163519,-6.7
FUS,CHEMBL1163540,-6.7
FUS,CHEMBL1163565,-6.8
FUS,CHEMBL1163605,-7.3
FUS,CHEMBL1163606,-6.4
FUS,CHEMBL1163610,-6.4
FUS,CHEMBL1164921,-6.6
FUS,CHEMBL1165737,-6.6
FUS,CHEMBL1170234,-6.7
FUS,CHEMBL1170719,-7.1
FUS,CHEMBL11725,-6.9
FUS,CHEMBL1172569,-6.6
FUS,CHEMBL11732,-6.4
FUS,CHEMBL11745,-6.7
FUS,CHEMBL11757,-6.7
FUS,CHEMBL11778,-6.5
FUS,CHEMBL11791,-6.4
FUS,CHEMBL11793,-6.6
FUS,CHEMBL11796,-6.4
FUS,CHEMBL1182776,-6.4
FUS,CHEMBL1183602,-6.7
FUS,CHEMBL1184214,-6.7
FUS,CHEMBL1185641,-7.2
FUS,CHEMBL1187325,-7.8
FUS,CHEMBL11895,-7.3
FUS,CHEMBL11899,-6.4
FUS,CHEMBL11905,-6.5
FUS,CHEMBL11950,-6.8
FUS,CHEMBL1195625,-6.8
FUS,CHEMBL1199189,-6.6
FUS,CHEMBL1200656,-6.6
FUS,CHEMBL12018,-6.8
FUS,CHEMBL1204482,-6.4
FUS,CHEMBL1204564,-6.4
FUS,CHEMBL1204619,-6.5
FUS,CHEMBL1204622,-6.4
FUS,CHEMBL1204624,-6.6
FUS,CHEMBL1205646,-6.4
FUS,CHEMBL1205665,-7.1
FUS,CHEMBL1205678,-6.4
FUS,CHEMBL1205859,-6.4
FUS,CHEMBL1205886,-6.4
FUS,CHEMBL1205903,-6.4
FUS,CHEMBL1205904,-6.6
FUS,CHEMBL1205929,-6.5
FUS,CHEMBL1205931,-6.4
FUS,CHEMBL1205954,-6.4
FUS,CHEMBL1205972,-6.5
FUS,CHEMBL1205996,-6.5
FUS,CHEMBL1206052,-6.4
FUS,CHEMBL1206120,-6.4
FUS,CHEMBL1206150,-6.8
FUS,CHEMBL1206161,-7.2
FUS,CHEMBL1206204,-6.5
FUS,CHEMBL1206279,-6.4
FUS,CHEMBL1206280,-6.6
FUS,CHEMBL1206282,-6.4
FUS,CHEMBL1206313,-6.4
FUS,CHEMBL1206322,-7.4
FUS,CHEMBL1206348,-6.7
FUS,CHEMBL1206351,-7.2
FUS,CHEMBL1206364,-7.6
FUS,CHEMBL1206368,-6.6
FUS,CHEMBL1206388,-7.6
FUS,CHEMBL1206409,-6.7
FUS,CHEMBL1206417,-6.5
FUS,CHEMBL1206425,-6.5
FUS,CHEMBL1206473,-6.5
FUS,CHEMBL1206480,-6.6
FUS,CHEMBL1206488,-6.5
FUS,CHEMBL1206489,-6.5
FUS,CHEMBL1206490,-6.5
FUS,CHEMBL1206500,-6.6
FUS,CHEMBL1206537,-6.4
FUS,CHEMBL1206581,-6.6
FUS,CHEMBL1206599,-6.4
FUS,CHEMBL1206693,-6.7
FUS,CHEMBL1206708,-6.4
FUS,CHEMBL1206733,-6.4
FUS,CHEMBL1206807,-7.0
FUS,CHEMBL1206810,-6.7
FUS,CHEMBL1206864,-6.4
FUS,CHEMBL1206876,-6.9
FUS,CHEMBL1206881,-6.6
FUS,CHEMBL1206889,-6.7
FUS,CHEMBL1206890,-6.7
FUS,CHEMBL1206905,-6.8
FUS,CHEMBL1206914,-6.7
FUS,CHEMBL1206919,-6.4
FUS,CHEMBL1206921,-6.6
FUS,CHEMBL1206923,-6.5
FUS,CHEMBL1206949,-6.6
FUS,CHEMBL1206950,-6.4
FUS,CHEMBL1206963,-6.8
FUS,CHEMBL1206967,-6.4
FUS,CHEMBL1206982,-7.1
FUS,CHEMBL1206988,-6.4
FUS,CHEMBL1207005,-6.9
FUS,CHEMBL1207111,-6.4
FUS,CHEMBL1207130,-6.4
FUS,CHEMBL1207133,-6.4
FUS,CHEMBL1207144,-6.5
FUS,CHEMBL1207147,-6.5
FUS,CHEMBL1207150,-6.6
FUS,CHEMBL1207157,-6.5
FUS,CHEMBL1207158,-6.5
FUS,CHEMBL1207183,-6.4
FUS,CHEMBL1207212,-6.4
FUS,CHEMBL1207221,-6.8
FUS,CHEMBL1207227,-6.6
FUS,CHEMBL1207261,-6.5
FUS,CHEMBL1207280,-7.4
FUS,CHEMBL1207287,-6.6
FUS,CHEMBL1207300,-6.8
FUS,CHEMBL1207301,-6.7
FUS,CHEMBL1207368,-6.5
FUS,CHEMBL1207384,-6.6
FUS,CHEMBL1207421,-6.5
FUS,CHEMBL1207472,-6.4
FUS,CHEMBL1207473,-6.4
FUS,CHEMBL1207502,-7.4
FUS,CHEMBL1207524,-7.0
FUS,CHEMBL1207578,-6.4
FUS,CHEMBL1207589,-6.4
FUS,CHEMBL1207600,-6.5
FUS,CHEMBL1207696,-7.2
FUS,CHEMBL1207710,-7.2
FUS,CHEMBL1207748,-6.9
FUS,CHEMBL1207783,-6.8
FUS,CHEMBL1207821,-8.4
FUS,CHEMBL1207829,-6.9
FUS,CHEMBL1207851,-6.8
FUS,CHEMBL1207864,-6.4
FUS,CHEMBL1207888,-6.4
FUS,CHEMBL1207916,-6.9
FUS,CHEMBL1207932,-6.5
FUS,CHEMBL1207933,-6.8
FUS,CHEMBL1208051,-6.4
FUS,CHEMBL1208057,-6.4
FUS,CHEMBL1208083,-7.2
FUS,CHEMBL1208089,-7.1
FUS,CHEMBL1208091,-7.0
FUS,CHEMBL1208096,-6.4
FUS,CHEMBL1208098,-6.6
FUS,CHEMBL1208131,-7.0
FUS,CHEMBL1208135,-6.4
FUS,CHEMBL1208158,-6.4
FUS,CHEMBL1208159,-7.0
FUS,CHEMBL1208265,-6.6
FUS,CHEMBL1208270,-6.6
FUS,CHEMBL1208280,-6.9
FUS,CHEMBL1208432,-6.5
FUS,CHEMBL1208433,-7.1
FUS,CHEMBL1208438,-6.9
FUS,CHEMBL1208479,-6.7
FUS,CHEMBL1208600,-6.6
FUS,CHEMBL1208793,-7.0
FUS,CHEMBL1208802,-6.6
FUS,CHEMBL1208831,-6.4
FUS,CHEMBL1208903,-7.1
FUS,CHEMBL1209719,-8.6
FUS,CHEMBL1209725,-9.1
FUS,CHEMBL12098,-6.5
FUS,CHEMBL1209968,-6.4
FUS,CHEMBL1210298,-6.5
FUS,CHEMBL1210303,-6.8
FUS,CHEMBL1210444,-6.5
FUS,CHEMBL1210506,-7.2
FUS,CHEMBL1210534,-6.4
FUS,CHEMBL1210536,-6.5
FUS,CHEMBL1210547,-6.5
FUS,CHEMBL1210548,-6.4
FUS,CHEMBL1210564,-6.4
FUS,CHEMBL1210592,-8.3
FUS,CHEMBL1210607,-6.4
FUS,CHEMBL1210628,-6.7
FUS,CHEMBL1210629,-6.8
FUS,CHEMBL1210643,-6.4
FUS,CHEMBL1210661,-6.5
FUS,CHEMBL1210672,-6.5
FUS,CHEMBL1210692,-6.5
FUS,CHEMBL1210693,-6.5
FUS,CHEMBL1210717,-6.4
FUS,CHEMBL1210718,-6.6
FUS,CHEMBL1210729,-6.4
FUS,CHEMBL1210731,-6.7
FUS,CHEMBL1210755,-6.4
FUS,CHEMBL1210783,-7.3
FUS,CHEMBL1210803,-7.1
FUS,CHEMBL1210813,-6.8
FUS,CHEMBL1210814,-6.5
FUS,CHEMBL1210815,-6.4
FUS,CHEMBL1210816,-6.5
FUS,CHEMBL1210835,-6.4
FUS,CHEMBL1210860,-6.7
FUS,CHEMBL1210863,-6.4
FUS,CHEMBL1210866,-7.0
FUS,CHEMBL1210867,-6.4
FUS,CHEMBL1210899,-7.2
FUS,CHEMBL1210900,-6.7
FUS,CHEMBL1210901,-6.8
FUS,CHEMBL1210902,-6.8
FUS,CHEMBL1210943,-6.4
FUS,CHEMBL1210981,-6.5
FUS,CHEMBL1213497,-6.4
FUS,CHEMBL1214058,-7.0
FUS,CHEMBL12143,-7.4
FUS,CHEMBL1214612,-6.7
FUS,CHEMBL1215356,-7.0
FUS,CHEMBL12212,-6.4
FUS,CHEMBL1222580,-7.1
FUS,CHEMBL1222706,-6.5
FUS,CHEMBL1222790,-6.7
FUS,CHEMBL1222867,-6.6
FUS,CHEMBL12346,-6.4
FUS,CHEMBL1237042,-6.7
FUS,CHEMBL1237046,-6.7
FUS,CHEMBL1237124,-6.8
FUS,CHEMBL1242340,-6.8
FUS,CHEMBL1242353,-6.7
FUS,CHEMBL1242354,-6.6
FUS,CHEMBL1242357,-6.4
FUS,CHEMBL1242366,-6.5
FUS,CHEMBL1242367,-6.6
FUS,CHEMBL1242373,-6.6
FUS,CHEMBL1242387,-6.6
FUS,CHEMBL1242433,-6.6
FUS,CHEMBL1242447,-6.6
FUS,CHEMBL1242457,-6.4
FUS,CHEMBL1242478,-6.4
FUS,CHEMBL1242515,-6.7
FUS,CHEMBL1242526,-6.4
FUS,CHEMBL1242527,-6.5
FUS,CHEMBL1242528,-6.5
FUS,CHEMBL1242533,-6.8
FUS,CHEMBL1242553,-6.4
FUS,CHEMBL1242575,-6.9
FUS,CHEMBL1242619,-6.4
FUS,CHEMBL1242620,-6.9
FUS,CHEMBL1242623,-6.7
FUS,CHEMBL1242642,-6.4
FUS,CHEMBL1242643,-6.5
FUS,CHEMBL1242712,-6.6
FUS,CHEMBL1242717,-6.5
FUS,CHEMBL1242735,-6.5
FUS,CHEMBL1242738,-6.4
FUS,CHEMBL1242776,-6.5
FUS,CHEMBL1242804,-6.5
FUS,CHEMBL1242810,-6.7
FUS,CHEMBL1242836,-6.4
FUS,CHEMBL1242845,-6.5
FUS,CHEMBL1242895,-6.5
FUS,CHEMBL1242896,-6.4
FUS,CHEMBL1242900,-6.5
FUS,CHEMBL1242904,-6.4
FUS,CHEMBL1242905,-6.7
FUS,CHEMBL1242996,-6.4
FUS,CHEMBL1243042,-6.4
FUS,CHEMBL1243078,-6.8
FUS,CHEMBL1243167,-6.5
FUS,CHEMBL1243200,-7.0
FUS,CHEMBL1243235,-6.4
FUS,CHEMBL1243248,-6.4
FUS,CHEMBL1243326,-6.6
FUS,CHEMBL12510,-7.0
FUS,CHEMBL1253516,-6.7
FUS,CHEMBL1253539,-6.5
FUS,CHEMBL12638,-6.4
FUS,CHEMBL12645,-7.7
FUS,CHEMBL12696,-6.6
FUS,CHEMBL12761,-6.8
FUS,CHEMBL12814,-7.0
FUS,CHEMBL128762,-7.3
FUS,CHEMBL12910,-6.4
FUS,CHEMBL12989,-6.6
FUS,CHEMBL13013,-6.5
FUS,CHEMBL13048,-6.4
FUS,CHEMBL13096,-6.4
FUS,CHEMBL13119,-7.1
FUS,CHEMBL13128,-6.4
FUS,CHEMBL13156,-6.4
FUS,CHEMBL13174,-6.6
FUS,CHEMBL13184,-6.4
FUS,CHEMBL13208,-6.5
FUS,CHEMBL13227,-6.9
FUS,CHEMBL1327582,-6.4
FUS,CHEMBL13317,-7.3
FUS,CHEMBL13342,-6.4
FUS,CHEMBL13349,-6.5
FUS,CHEMBL13354,-6.4
FUS,CHEMBL13372,-6.5
FUS,CHEMBL13407,-6.7
FUS,CHEMBL13411,-7.6
FUS,CHEMBL13421,-6.4
FUS,CHEMBL13436,-6.4
FUS,CHEMBL1343658,-6.6
FUS,CHEMBL13464,-6.5
FUS,CHEMBL13488,-6.6
FUS,CHEMBL13495,-6.4
FUS,CHEMBL13524,-6.7
FUS,CHEMBL13550,-6.5
FUS,CHEMBL13565,-6.4
FUS,CHEMBL13568,-6.5
FUS,CHEMBL1357321,-6.4
FUS,CHEMBL13577,-6.4
FUS,CHEMBL13578,-6.5
FUS,CHEMBL13604,-6.6
FUS,CHEMBL13626,-6.9
FUS,CHEMBL13640,-6.4
FUS,CHEMBL13675,-6.6
FUS,CHEMBL13693,-6.6
FUS,CHEMBL13720,-6.5
FUS,CHEMBL13731,-6.6
FUS,CHEMBL13734,-6.5
FUS,CHEMBL13746,-6.5
FUS,CHEMBL13771,-6.5
FUS,CHEMBL13841,-6.7
FUS,CHEMBL13850,-6.4
FUS,CHEMBL13891,-6.7
FUS,CHEMBL1397298,-6.5
FUS,CHEMBL13998,-6.5
FUS,CHEMBL14076,-6.4
FUS,CHEMBL14121,-6.4
FUS,CHEMBL14177,-6.8
FUS,CHEMBL14185,-6.4
FUS,CHEMBL14212,-6.4
FUS,CHEMBL14222,-6.4
FUS,CHEMBL14265,-6.6
FUS,CHEMBL14272,-6.4
FUS,CHEMBL14288,-6.9
FUS,CHEMBL14293,-6.4
FUS,CHEMBL14304,-6.4
FUS,CHEMBL14369,-6.7
FUS,CHEMBL1441967,-6.9
FUS,CHEMBL14504,-6.5
FUS,CHEMBL14601,-6.5
FUS,CHEMBL14666,-6.9
FUS,CHEMBL1472702,-6.5
FUS,CHEMBL14758,-7.1
FUS,CHEMBL14761,-6.4
FUS,CHEMBL1485553,-6.4
FUS,CHEMBL14866,-6.6
FUS,CHEMBL14872,-6.5
FUS,CHEMBL1488129,-6.5
FUS,CHEMBL14887,-7.5
FUS,CHEMBL14895,-6.5
FUS,CHEMBL149,-6.5
FUS,CHEMBL14921,-6.4
FUS,CHEMBL14970,-6.4
FUS,CHEMBL1508434,-6.8
FUS,CHEMBL15100,-6.5
FUS,CHEMBL15237,-6.5
FUS,CHEMBL1546634,-6.5
FUS,CHEMBL154714,-6.4
FUS,CHEMBL15579,-6.4
FUS,CHEMBL15581,-6.6
FUS,CHEMBL15744,-6.8
FUS,CHEMBL157459,-6.4
FUS,CHEMBL15749,-6.4
FUS,CHEMBL15808,-6.4
FUS,CHEMBL158175,-6.6
FUS,CHEMBL1592710,-6.4
FUS,CHEMBL15933,-6.7
FUS,CHEMBL159567,-7.4
FUS,CHEMBL159668,-6.6
FUS,CHEMBL15983,-6.4
FUS,CHEMBL1608464,-6.4
FUS,CHEMBL16215,-7.0
FUS,CHEMBL162297,-6.5
FUS,CHEMBL16239,-6.9
FUS,CHEMBL16243,-6.4
FUS,CHEMBL162493,-6.6
FUS,CHEMBL16254,-6.5
FUS,CHEMBL16289,-6.6
FUS,CHEMBL16334,-6.4
FUS,CHEMBL16385,-6.8
FUS,CHEMBL16475,-6.5
FUS,CHEMBL16498,-6.4
FUS,CHEMBL16525,-6.7
FUS,CHEMBL16574,-6.5
FUS,CHEMBL16590,-6.8
FUS,CHEMBL16663,-6.5
FUS,CHEMBL16666,-6.4
FUS,CHEMBL16669,-6.6
FUS,CHEMBL16671,-7.1
FUS,CHEMBL16676,-6.4
FUS,CHEMBL16695,-6.7
FUS,CHEMBL16750,-6.4
FUS,CHEMBL16866,-6.4
FUS,CHEMBL16871,-7.0
FUS,CHEMBL16888,-6.9
FUS,CHEMBL16895,-6.4
FUS,CHEMBL16936,-6.6
FUS,CHEMBL16948,-6.4
FUS,CHEMBL16958,-7.0
FUS,CHEMBL16969,-6.5
FUS,CHEMBL17058,-6.5
FUS,CHEMBL17116,-6.6
FUS,CHEMBL17131,-6.5
FUS,CHEMBL17211,-7.3
FUS,CHEMBL17214,-6.6
FUS,CHEMBL17245,-6.5
FUS,CHEMBL17248,-6.5
FUS,CHEMBL17319,-6.4
FUS,CHEMBL17339,-6.6
FUS,CHEMBL17346,-6.6
FUS,CHEMBL17391,-6.4
FUS,CHEMBL17417,-6.4
FUS,CHEMBL17422,-6.4
FUS,CHEMBL17427,-6.5
FUS,CHEMBL17456,-6.5
FUS,CHEMBL17482,-6.4
FUS,CHEMBL17496,-6.6
FUS,CHEMBL1751,-7.0
FUS,CHEMBL17519,-6.4
FUS,CHEMBL17558,-6.4
FUS,CHEMBL17589,-6.9
FUS,CHEMBL17611,-6.4
FUS,CHEMBL17626,-6.4
FUS,CHEMBL1765742,-6.8
FUS,CHEMBL17715,-6.6
FUS,CHEMBL17731,-7.0
FUS,CHEMBL1773130,-6.6
FUS,CHEMBL17749,-6.5
FUS,CHEMBL17760,-7.1
FUS,CHEMBL17852,-6.4
FUS,CHEMBL17911,-6.4
FUS,CHEMBL17928,-6.6
FUS,CHEMBL17934,-6.6
FUS,CHEMBL1795492,-6.5
FUS,CHEMBL1795541,-6.7
FUS,CHEMBL1795645,-6.4
FUS,CHEMBL1795724,-6.9
FUS,CHEMBL1795725,-6.6
FUS,CHEMBL1795784,-6.4
FUS,CHEMBL1795850,-6.5
FUS,CHEMBL1795854,-6.9
FUS,CHEMBL1795863,-6.5
FUS,CHEMBL1795864,-6.5
FUS,CHEMBL1795870,-6.6
FUS,CHEMBL1795876,-7.2
FUS,CHEMBL1795877,-6.9
FUS,CHEMBL1795878,-6.9
FUS,CHEMBL1795879,-7.1
FUS,CHEMBL1795881,-7.0
FUS,CHEMBL1795882,-7.2
FUS,CHEMBL1795884,-7.1
FUS,CHEMBL1795885,-6.9
FUS,CHEMBL1795886,-7.0
FUS,CHEMBL1795897,-6.5
FUS,CHEMBL1795898,-6.6
FUS,CHEMBL1795899,-7.4
FUS,CHEMBL1795920,-6.4
FUS,CHEMBL1795935,-6.5
FUS,CHEMBL1796154,-6.4
FUS,CHEMBL1796164,-6.4
FUS,CHEMBL1796172,-6.5
FUS,CHEMBL1796359,-7.0
FUS,CHEMBL1796362,-6.4
FUS,CHEMBL1796568,-6.5
FUS,CHEMBL1796638,-6.6
FUS,CHEMBL1796640,-6.5
FUS,CHEMBL1796739,-6.4
FUS,CHEMBL1796872,-6.7
FUS,CHEMBL1796970,-6.8
FUS,CHEMBL1797010,-6.4
FUS,CHEMBL1797074,-7.7
FUS,CHEMBL1797075,-7.7
FUS,CHEMBL18016,-6.4
FUS,CHEMBL1807255,-7.1
FUS,CHEMBL1808121,-6.4
FUS,CHEMBL1808126,-6.9
FUS,CHEMBL1808134,-6.6
FUS,CHEMBL1808208,-6.8
FUS,CHEMBL1808285,-6.5
FUS,CHEMBL1808444,-6.6
FUS,CHEMBL1808738,-6.8
FUS,CHEMBL1808974,-6.4
FUS,CHEMBL1808999,-6.4
FUS,CHEMBL1809058,-6.4
FUS,CHEMBL1809060,-6.6
FUS,CHEMBL18097,-6.9
FUS,CHEMBL18154,-6.4
FUS,CHEMBL18168,-6.6
FUS,CHEMBL18189,-6.4
FUS,CHEMBL18210,-6.6
FUS,CHEMBL18381,-6.8
FUS,CHEMBL18396,-6.4
FUS,CHEMBL18397,-6.4
FUS,CHEMBL18442,-6.6
FUS,CHEMBL18562,-6.4
FUS,CHEMBL1857839,-6.4
FUS,CHEMBL1858013,-6.6
FUS,CHEMBL1858185,-6.6
FUS,CHEMBL1858233,-6.8
FUS,CHEMBL1858263,-6.4
FUS,CHEMBL1858343,-6.4
FUS,CHEMBL1858494,-6.5
FUS,CHEMBL1858557,-6.5
FUS,CHEMBL1858612,-6.5
FUS,CHEMBL1858691,-6.5
FUS,CHEMBL1858700,-6.5
FUS,CHEMBL1858746,-6.7
FUS,CHEMBL1858825,-6.4
FUS,CHEMBL1858950,-6.5
FUS,CHEMBL1859069,-6.4
FUS,CHEMBL1859142,-6.4
FUS,CHEMBL1859156,-6.4
FUS,CHEMBL1859260,-6.5
FUS,CHEMBL1859339,-6.6
FUS,CHEMBL1859368,-6.9
FUS,CHEMBL1859525,-6.4
FUS,CHEMBL1859653,-6.4
FUS,CHEMBL1859674,-6.5
FUS,CHEMBL1859697,-6.6
FUS,CHEMBL1859819,-6.6
FUS,CHEMBL1859853,-6.6
FUS,CHEMBL1859883,-6.4
FUS,CHEMBL18600,-6.4
FUS,CHEMBL1860006,-6.5
FUS,CHEMBL1860112,-6.9
FUS,CHEMBL1860770,-6.6
FUS,CHEMBL1860988,-6.4
FUS,CHEMBL1861631,-6.8
FUS,CHEMBL1861878,-6.6
FUS,CHEMBL1862121,-6.4
FUS,CHEMBL1863113,-6.4
FUS,CHEMBL1863528,-6.7
FUS,CHEMBL1863561,-6.7
FUS,CHEMBL1863704,-6.7
FUS,CHEMBL1863708,-6.4
FUS,CHEMBL1863716,-6.5
FUS,CHEMBL1863824,-6.4
FUS,CHEMBL1863935,-6.4
FUS,CHEMBL1863965,-6.4
FUS,CHEMBL1864036,-6.6
FUS,CHEMBL1864057,-7.1
FUS,CHEMBL1864084,-6.9
FUS,CHEMBL1864181,-6.4
FUS,CHEMBL1864402,-6.7
FUS,CHEMBL1864417,-6.4
FUS,CHEMBL1864439,-6.4
FUS,CHEMBL1864454,-6.5
FUS,CHEMBL1864508,-6.6
FUS,CHEMBL1864543,-6.4
FUS,CHEMBL1864561,-6.4
FUS,CHEMBL1864574,-6.5
FUS,CHEMBL1864613,-6.9
FUS,CHEMBL1864626,-6.5
FUS,CHEMBL1864651,-6.5
FUS,CHEMBL1864667,-6.6
FUS,CHEMBL1864755,-6.8
FUS,CHEMBL1864764,-6.4
FUS,CHEMBL1864784,-6.6
FUS,CHEMBL1864798,-6.5
FUS,CHEMBL1864821,-6.5
FUS,CHEMBL1864856,-6.4
FUS,CHEMBL1865017,-6.8
FUS,CHEMBL1865065,-6.4
FUS,CHEMBL1865152,-6.7
FUS,CHEMBL1865202,-6.4
FUS,CHEMBL1865240,-6.4
FUS,CHEMBL1865383,-6.5
FUS,CHEMBL1865415,-6.6
FUS,CHEMBL1865459,-6.4
FUS,CHEMBL1865668,-6.4
FUS,CHEMBL1865685,-6.5
FUS,CHEMBL18657,-6.4
FUS,CHEMBL1865831,-6.8
FUS,CHEMBL1865860,-6.9
FUS,CHEMBL1866035,-6.5
FUS,CHEMBL18716,-6.5
FUS,CHEMBL18734,-6.7
FUS,CHEMBL18750,-6.4
FUS,CHEMBL18765,-6.8
FUS,CHEMBL18842,-6.8
FUS,CHEMBL18879,-6.9
FUS,CHEMBL1900572,-7.2
FUS,CHEMBL19035,-6.8
FUS,CHEMBL19051,-6.4
FUS,CHEMBL19097,-6.4
FUS,CHEMBL19203,-6.4
FUS,CHEMBL19220,-6.4
FUS,CHEMBL19347,-6.5
FUS,CHEMBL19365,-6.5
FUS,CHEMBL19368,-6.4
FUS,CHEMBL19430,-6.4
FUS,CHEMBL19473,-6.5
FUS,CHEMBL19510,-6.7
FUS,CHEMBL19525,-6.7
FUS,CHEMBL19594,-6.6
FUS,CHEMBL19596,-6.4
FUS,CHEMBL19608,-6.4
FUS,CHEMBL19614,-6.7
FUS,CHEMBL19675,-6.5
FUS,CHEMBL19726,-6.7
FUS,CHEMBL19747,-6.5
FUS,CHEMBL19761,-6.6
FUS,CHEMBL19801,-6.4
FUS,CHEMBL19812,-6.5
FUS,CHEMBL19855,-6.4
FUS,CHEMBL19902,-6.9
FUS,CHEMBL19917,-6.8
FUS,CHEMBL19978,-7.1
FUS,CHEMBL19991,-6.5
FUS,CHEMBL20019,-6.7
FUS,CHEMBL20031,-6.5
FUS,CHEMBL20035,-6.6
FUS,CHEMBL20066,-6.4
FUS,CHEMBL20160,-6.4
FUS,CHEMBL20178,-6.6
FUS,CHEMBL20196,-6.8
FUS,CHEMBL20208,-6.9
FUS,CHEMBL20255,-6.7
FUS,CHEMBL20267,-6.5
FUS,CHEMBL20277,-7.2
FUS,CHEMBL20299,-6.9
FUS,CHEMBL20304,-6.4
FUS,CHEMBL20327,-6.5
FUS,CHEMBL20368,-6.5
FUS,CHEMBL20379,-6.5
FUS,CHEMBL20390,-6.7
FUS,CHEMBL20413,-6.7
FUS,CHEMBL20418,-6.7
FUS,CHEMBL20438,-6.5
FUS,CHEMBL20466,-6.4
FUS,CHEMBL20496,-6.4
FUS,CHEMBL20503,-6.4
FUS,CHEMBL20528,-6.5
FUS,CHEMBL20536,-6.7
FUS,CHEMBL20604,-6.7
FUS,CHEMBL20628,-6.4
FUS,CHEMBL20629,-6.6
FUS,CHEMBL20672,-6.6
FUS,CHEMBL20673,-6.7
FUS,CHEMBL20685,-6.9
FUS,CHEMBL20691,-6.6
FUS,CHEMBL2069796,-6.6
FUS,CHEMBL20701,-6.4
FUS,CHEMBL20714,-6.4
FUS,CHEMBL20752,-6.6
FUS,CHEMBL20754,-6.8
FUS,CHEMBL20773,-6.6
FUS,CHEMBL20795,-6.4
FUS,CHEMBL20812,-6.4
FUS,CHEMBL20825,-6.5
FUS,CHEMBL20834,-7.3
FUS,CHEMBL20838,-6.5
FUS,CHEMBL20897,-6.7
FUS,CHEMBL20918,-6.4
FUS,CHEMBL20927,-6.6
FUS,CHEMBL20938,-6.9
FUS,CHEMBL20961,-6.6
FUS,CHEMBL21019,-6.5
FUS,CHEMBL21039,-6.5
FUS,CHEMBL21042,-6.4
FUS,CHEMBL21062,-6.5
FUS,CHEMBL21079,-6.5
FUS,CHEMBL21096,-6.8
FUS,CHEMBL21125,-6.7
FUS,CHEMBL21149,-6.4
FUS,CHEMBL21197,-6.7
FUS,CHEMBL21221,-7.1
FUS,CHEMBL21224,-7.2
FUS,CHEMBL21250,-6.4
FUS,CHEMBL21263,-6.6
FUS,CHEMBL21265,-6.4
FUS,CHEMBL21267,-7.0
FUS,CHEMBL21346,-6.4
FUS,CHEMBL2135293,-6.4
FUS,CHEMBL21366,-6.4
FUS,CHEMBL2142889,-6.5
FUS,CHEMBL21560,-6.4
FUS,CHEMBL21562,-6.4
FUS,CHEMBL21572,-6.4
FUS,CHEMBL21594,-6.6
FUS,CHEMBL21597,-6.8
FUS,CHEMBL21610,-6.7
FUS,CHEMBL2165614,-6.4
FUS,CHEMBL21665,-7.1
FUS,CHEMBL21670,-6.5
FUS,CHEMBL21793,-6.8
FUS,CHEMBL21815,-6.4
FUS,CHEMBL21877,-6.7
FUS,CHEMBL21944,-6.6
FUS,CHEMBL21963,-6.4
FUS,CHEMBL21991,-6.4
FUS,CHEMBL21992,-6.6
FUS,CHEMBL22003,-7.2
FUS,CHEMBL22045,-7.0
FUS,CHEMBL22115,-6.7
FUS,CHEMBL22355,-6.5
FUS,CHEMBL22417,-6.4
FUS,CHEMBL22522,-6.5
FUS,CHEMBL22570,-6.5
FUS,CHEMBL22578,-6.4
FUS,CHEMBL22594,-6.6
FUS,CHEMBL22657,-6.5
FUS,CHEMBL22696,-7.0
FUS,CHEMBL22736,-6.5
FUS,CHEMBL22769,-6.5
FUS,CHEMBL22822,-6.4
FUS,CHEMBL22844,-6.5
FUS,CHEMBL22877,-6.4
FUS,CHEMBL22881,-6.6
FUS,CHEMBL22884,-6.5
FUS,CHEMBL22906,-6.5
FUS,CHEMBL22908,-6.4
FUS,CHEMBL22910,-6.4
FUS,CHEMBL22968,-6.5
FUS,CHEMBL22971,-6.4
FUS,CHEMBL22974,-6.7
FUS,CHEMBL22980,-6.5
FUS,CHEMBL23201,-6.4
FUS,CHEMBL23217,-6.6
FUS,CHEMBL23248,-7.0
FUS,CHEMBL23387,-6.7
FUS,CHEMBL23411,-6.9
FUS,CHEMBL23457,-6.5
FUS,CHEMBL23647,-6.9
FUS,CHEMBL23745,-6.6
FUS,CHEMBL23814,-6.7
FUS,CHEMBL23825,-6.7
FUS,CHEMBL24012,-6.5
FUS,CHEMBL24088,-6.5
FUS,CHEMBL24140,-6.4
FUS,CHEMBL24184,-7.2
FUS,CHEMBL24204,-6.7
FUS,CHEMBL24224,-6.7
FUS,CHEMBL24263,-6.5
FUS,CHEMBL24276,-6.6
FUS,CHEMBL24317,-7.1
FUS,CHEMBL24319,-6.5
FUS,CHEMBL24322,-6.8
FUS,CHEMBL24334,-6.4
FUS,CHEMBL24359,-7.4
FUS,CHEMBL24416,-6.5
FUS,CHEMBL24424,-6.6
FUS,CHEMBL24433,-6.5
FUS,CHEMBL24457,-6.7
FUS,CHEMBL24501,-6.5
FUS,CHEMBL24507,-6.8
FUS,CHEMBL24514,-6.7
FUS,CHEMBL24526,-6.6
FUS,CHEMBL24566,-6.5
FUS,CHEMBL24595,-6.4
FUS,CHEMBL24682,-6.8
FUS,CHEMBL24686,-6.6
FUS,CHEMBL24775,-6.5
FUS,CHEMBL24781,-6.8
FUS,CHEMBL24810,-6.8
FUS,CHEMBL24833,-6.6
FUS,CHEMBL24844,-6.7
FUS,CHEMBL24856,-6.4
FUS,CHEMBL24875,-6.5
FUS,CHEMBL24900,-6.4
FUS,CHEMBL24907,-6.7
FUS,CHEMBL25034,-6.6
FUS,CHEMBL25058,-6.4
FUS,CHEMBL25063,-6.6
FUS,CHEMBL25073,-6.6
FUS,CHEMBL25084,-6.4
FUS,CHEMBL25149,-6.5
FUS,CHEMBL25175,-7.0
FUS,CHEMBL25179,-6.5
FUS,CHEMBL25183,-7.0
FUS,CHEMBL25201,-6.7
FUS,CHEMBL25220,-6.5
FUS,CHEMBL25226,-6.4
FUS,CHEMBL25272,-6.4
FUS,CHEMBL25281,-6.5
FUS,CHEMBL25313,-6.4
FUS,CHEMBL25317,-6.5
FUS,CHEMBL25336,-6.5
FUS,CHEMBL25345,-6.4
FUS,CHEMBL25351,-7.1
FUS,CHEMBL25353,-6.6
FUS,CHEMBL25455,-6.5
FUS,CHEMBL25516,-6.5
FUS,CHEMBL25527,-6.5
FUS,CHEMBL25529,-6.6
FUS,CHEMBL25538,-6.4
FUS,CHEMBL25585,-6.4
FUS,CHEMBL25593,-6.7
FUS,CHEMBL25629,-6.4
FUS,CHEMBL25641,-6.4
FUS,CHEMBL25698,-7.0
FUS,CHEMBL25760,-6.9
FUS,CHEMBL25770,-6.4
FUS,CHEMBL25794,-7.5
FUS,CHEMBL25839,-6.7
FUS,CHEMBL25967,-7.8
FUS,CHEMBL26011,-6.7
FUS,CHEMBL26039,-6.4
FUS,CHEMBL26041,-7.1
FUS,CHEMBL26058,-6.8
FUS,CHEMBL26074,-6.7
FUS,CHEMBL26081,-6.4
FUS,CHEMBL26132,-6.6
FUS,CHEMBL262399,-6.5
FUS,CHEMBL26240,-6.5
FUS,CHEMBL26271,-6.7
FUS,CHEMBL26360,-8.1
FUS,CHEMBL26380,-6.7
FUS,CHEMBL263810,-6.4
FUS,CHEMBL26401,-6.8
FUS,CHEMBL26414,-7.9
FUS,CHEMBL26415,-6.7
FUS,CHEMBL26420,-6.6
FUS,CHEMBL26433,-6.4
FUS,CHEMBL264478,-6.8
FUS,CHEMBL26449,-6.4
FUS,CHEMBL26480,-7.2
FUS,CHEMBL26541,-7.2
FUS,CHEMBL26571,-6.5
FUS,CHEMBL26584,-6.5
FUS,CHEMBL26591,-6.6
FUS,CHEMBL26599,-6.6
FUS,CHEMBL26603,-6.7
FUS,CHEMBL26624,-6.9
FUS,CHEMBL26625,-6.4
FUS,CHEMBL26647,-6.7
FUS,CHEMBL26678,-6.4
FUS,CHEMBL26779,-6.5
FUS,CHEMBL26790,-6.4
FUS,CHEMBL26817,-6.5
FUS,CHEMBL26872,-6.6
FUS,CHEMBL26925,-7.0
FUS,CHEMBL26928,-7.1
FUS,CHEMBL26936,-6.8
FUS,CHEMBL26946,-6.6
FUS,CHEMBL26958,-7.6
FUS,CHEMBL26959,-7.4
FUS,CHEMBL26969,-6.6
FUS,CHEMBL26970,-6.9
FUS,CHEMBL26996,-7.0
FUS,CHEMBL27000,-6.7
FUS,CHEMBL27024,-6.8
FUS,CHEMBL27063,-6.5
FUS,CHEMBL27091,-6.4
FUS,CHEMBL27165,-6.5
FUS,CHEMBL27197,-6.5
FUS,CHEMBL27198,-6.5
FUS,CHEMBL27202,-6.4
FUS,CHEMBL27258,-6.7
FUS,CHEMBL27342,-6.6
FUS,CHEMBL27348,-7.0
FUS,CHEMBL27368,-7.2
FUS,CHEMBL27387,-6.9
FUS,CHEMBL27388,-6.4
FUS,CHEMBL27421,-6.4
FUS,CHEMBL27456,-6.6
FUS,CHEMBL27509,-7.1
FUS,CHEMBL27511,-6.7
FUS,CHEMBL27514,-6.4
FUS,CHEMBL27554,-6.6
FUS,CHEMBL27657,-7.8
FUS,CHEMBL27699,-6.4
FUS,CHEMBL27721,-7.5
FUS,CHEMBL27761,-6.8
FUS,CHEMBL27775,-7.4
FUS,CHEMBL27781,-7.2
FUS,CHEMBL27788,-7.2
FUS,CHEMBL27864,-7.0
FUS,CHEMBL27890,-6.5
FUS,CHEMBL27958,-6.8
FUS,CHEMBL28100,-6.7
FUS,CHEMBL28162,-6.5
FUS,CHEMBL28166,-6.4
FUS,CHEMBL28202,-6.7
FUS,CHEMBL28284,-6.6
FUS,CHEMBL28286,-6.7
FUS,CHEMBL28335,-6.7
FUS,CHEMBL28388,-6.8
FUS,CHEMBL28432,-6.8
FUS,CHEMBL28436,-6.4
FUS,CHEMBL28526,-6.4
FUS,CHEMBL28555,-6.5
FUS,CHEMBL28587,-6.6
FUS,CHEMBL28620,-6.5
FUS,CHEMBL28627,-6.7
FUS,CHEMBL28629,-6.6
FUS,CHEMBL28638,-6.5
FUS,CHEMBL28670,-6.9
FUS,CHEMBL28676,-6.6
FUS,CHEMBL28729,-6.4
FUS,CHEMBL28750,-6.4
FUS,CHEMBL28751,-6.9
FUS,CHEMBL28809,-6.6
FUS,CHEMBL28816,-6.8
FUS,CHEMBL28853,-6.5
FUS,CHEMBL28902,-6.7
FUS,CHEMBL29020,-6.9
FUS,CHEMBL29063,-6.4
FUS,CHEMBL29073,-6.6
FUS,CHEMBL29129,-6.4
FUS,CHEMBL29147,-6.5
FUS,CHEMBL29169,-6.9
FUS,CHEMBL29309,-6.4
FUS,CHEMBL29340,-6.6
FUS,CHEMBL29347,-6.6
FUS,CHEMBL29368,-7.2
FUS,CHEMBL29373,-6.5
FUS,CHEMBL29422,-6.6
FUS,CHEMBL29512,-7.0
FUS,CHEMBL29530,-6.5
FUS,CHEMBL29594,-6.5
FUS,CHEMBL29604,-6.8
FUS,CHEMBL29643,-6.8
FUS,CHEMBL29677,-6.7
FUS,CHEMBL29710,-6.5
FUS,CHEMBL29731,-7.4
FUS,CHEMBL29779,-6.7
FUS,CHEMBL29853,-6.8
FUS,CHEMBL29865,-6.5
FUS,CHEMBL29879,-7.6
FUS,CHEMBL29888,-6.4
FUS,CHEMBL29998,-6.4
FUS,CHEMBL30015,-6.6
FUS,CHEMBL30025,-6.7
FUS,CHEMBL30059,-6.5
FUS,CHEMBL30195,-6.4
FUS,CHEMBL30370,-6.4
FUS,CHEMBL30390,-6.4
FUS,CHEMBL30458,-6.4
FUS,CHEMBL30528,-6.5
FUS,CHEMBL30550,-8.1
FUS,CHEMBL30587,-7.0
FUS,CHEMBL30696,-6.7
FUS,CHEMBL30756,-6.5
FUS,CHEMBL30862,-6.4
FUS,CHEMBL30910,-6.6
FUS,CHEMBL30990,-6.4
FUS,CHEMBL31065,-6.7
FUS,CHEMBL31131,-6.6
FUS,CHEMBL31163,-6.4
FUS,CHEMBL31199,-6.6
FUS,CHEMBL31213,-6.5
FUS,CHEMBL31251,-6.6
FUS,CHEMBL31315,-6.5
FUS,CHEMBL31413,-6.8
FUS,CHEMBL31419,-6.4
FUS,CHEMBL31423,-6.4
FUS,CHEMBL31444,-6.6
FUS,CHEMBL31476,-6.7
FUS,CHEMBL31605,-6.5
FUS,CHEMBL31645,-6.4
FUS,CHEMBL31651,-6.9
FUS,CHEMBL31680,-6.5
FUS,CHEMBL31714,-6.4
FUS,CHEMBL31794,-6.8
FUS,CHEMBL31802,-7.4
FUS,CHEMBL31833,-6.5
FUS,CHEMBL31936,-6.7
FUS,CHEMBL31941,-6.5
FUS,CHEMBL31978,-6.5
FUS,CHEMBL31986,-6.5
FUS,CHEMBL31999,-6.4
FUS,CHEMBL32112,-6.4
FUS,CHEMBL32138,-7.0
FUS,CHEMBL32187,-6.5
FUS,CHEMBL32245,-6.8
FUS,CHEMBL32255,-6.9
FUS,CHEMBL32380,-6.7
FUS,CHEMBL32389,-6.5
FUS,CHEMBL32399,-6.6
FUS,CHEMBL32404,-6.8
FUS,CHEMBL32426,-6.7
FUS,CHEMBL32492,-7.6
FUS,CHEMBL32579,-6.5
FUS,CHEMBL32591,-6.4
FUS,CHEMBL32612,-6.5
FUS,CHEMBL32630,-6.4
FUS,CHEMBL32662,-6.6
FUS,CHEMBL32728,-6.6
FUS,CHEMBL32750,-6.9
FUS,CHEMBL32764,-7.4
FUS,CHEMBL32766,-7.0
FUS,CHEMBL32812,-6.7
FUS,CHEMBL32944,-6.8
FUS,CHEMBL32947,-6.4
FUS,CHEMBL33045,-6.4
FUS,CHEMBL3309290,-6.4
FUS,CHEMBL3309292,-6.5
FUS,CHEMBL3309300,-7.1
FUS,CHEMBL3309306,-6.7
FUS,CHEMBL3309314,-6.5
FUS,CHEMBL3309315,-6.4
FUS,CHEMBL3309381,-6.4
FUS,CHEMBL3309382,-6.7
FUS,CHEMBL3309390,-6.4
FUS,CHEMBL3309394,-6.5
FUS,CHEMBL3309397,-6.6
FUS,CHEMBL3309403,-7.0
FUS,CHEMBL3309404,-7.1
FUS,CHEMBL3309408,-6.9
FUS,CHEMBL3309444,-6.5
FUS,CHEMBL3309469,-6.4
FUS,CHEMBL3309470,-6.8
FUS,CHEMBL3309473,-6.6
FUS,CHEMBL3309491,-6.6
FUS,CHEMBL3309494,-6.4
FUS,CHEMBL3309537,-6.7
FUS,CHEMBL3309539,-6.9
FUS,CHEMBL3309543,-6.5
FUS,CHEMBL3309549,-6.6
FUS,CHEMBL3309551,-6.4
FUS,CHEMBL3309552,-6.4
FUS,CHEMBL3309553,-7.1
FUS,CHEMBL3309554,-7.0
FUS,CHEMBL3309556,-7.0
FUS,CHEMBL3309566,-6.5
FUS,CHEMBL3309567,-6.5
FUS,CHEMBL3309571,-6.6
FUS,CHEMBL3309602,-6.5
FUS,CHEMBL3309648,-6.5
FUS,CHEMBL3309652,-6.4
FUS,CHEMBL3309659,-6.6
FUS,CHEMBL3309682,-7.6
FUS,CHEMBL3309683,-6.6
FUS,CHEMBL3309684,-6.8
FUS,CHEMBL3309685,-7.1
FUS,CHEMBL3309707,-6.4
FUS,CHEMBL3309730,-6.4
FUS,CHEMBL3309743,-6.6
FUS,CHEMBL3309767,-6.5
FUS,CHEMBL3309790,-6.4
FUS,CHEMBL3309835,-6.4
FUS,CHEMBL3309837,-7.0
FUS,CHEMBL3309838,-7.1
FUS,CHEMBL3309839,-6.7
FUS,CHEMBL3309840,-7.0
FUS,CHEMBL3309841,-6.4
FUS,CHEMBL3309842,-7.2
FUS,CHEMBL3309843,-6.7
FUS,CHEMBL3309844,-7.1
FUS,CHEMBL3309845,-7.5
FUS,CHEMBL3309846,-6.8
FUS,CHEMBL3309847,-7.2
FUS,CHEMBL3309855,-7.0
FUS,CHEMBL3309856,-6.4
FUS,CHEMBL3309947,-6.4
FUS,CHEMBL3309961,-7.0
FUS,CHEMBL3309962,-6.4
FUS,CHEMBL3309963,-6.6
FUS,CHEMBL3309964,-6.7
FUS,CHEMBL3309966,-6.5
FUS,CHEMBL3309969,-6.4
FUS,CHEMBL3309971,-6.5
FUS,CHEMBL3309973,-7.0
FUS,CHEMBL3310038,-6.5
FUS,CHEMBL3310039,-6.7
FUS,CHEMBL3310043,-6.6
FUS,CHEMBL3310049,-6.4
FUS,CHEMBL3310050,-6.5
FUS,CHEMBL3310052,-6.7
FUS,CHEMBL3310142,-6.4
FUS,CHEMBL3310151,-6.5
FUS,CHEMBL3310156,-6.4
FUS,CHEMBL3310183,-6.4
FUS,CHEMBL3310184,-6.4
FUS,CHEMBL3310185,-6.5
FUS,CHEMBL3310198,-6.5
FUS,CHEMBL3310199,-6.5
FUS,CHEMBL3310205,-6.7
FUS,CHEMBL3310206,-6.4
FUS,CHEMBL3310214,-6.5
FUS,CHEMBL3310215,-6.9
FUS,CHEMBL3310219,-6.8
FUS,CHEMBL3310221,-6.6
FUS,CHEMBL3310301,-6.7
FUS,CHEMBL3310321,-6.4
FUS,CHEMBL3310322,-6.4
FUS,CHEMBL3310323,-6.6
FUS,CHEMBL3310333,-6.5
FUS,CHEMBL3310336,-6.6
FUS,CHEMBL3310337,-6.6
FUS,CHEMBL3310341,-7.1
FUS,CHEMBL3310343,-6.6
FUS,CHEMBL3310344,-6.5
FUS,CHEMBL3310351,-6.4
FUS,CHEMBL3310361,-6.7
FUS,CHEMBL3310425,-6.7
FUS,CHEMBL3310456,-6.9
FUS,CHEMBL3310457,-6.8
FUS,CHEMBL3310458,-6.5
FUS,CHEMBL3310475,-6.5
FUS,CHEMBL3310476,-7.1
FUS,CHEMBL3310504,-6.4
FUS,CHEMBL3310506,-6.6
FUS,CHEMBL3310508,-7.5
FUS,CHEMBL3310509,-6.6
FUS,CHEMBL3310510,-6.8
FUS,CHEMBL3310511,-6.7
FUS,CHEMBL3310566,-7.0
FUS,CHEMBL3310569,-6.5
FUS,CHEMBL3310589,-6.7
FUS,CHEMBL3310590,-6.7
FUS,CHEMBL3310591,-6.4
FUS,CHEMBL3310593,-6.4
FUS,CHEMBL3310688,-6.9
FUS,CHEMBL3310689,-6.8
FUS,CHEMBL3310690,-6.8
FUS,CHEMBL3310691,-6.8
FUS,CHEMBL3310692,-6.8
FUS,CHEMBL3310693,-6.8
FUS,CHEMBL3310694,-6.8
FUS,CHEMBL3310695,-6.9
FUS,CHEMBL3310696,-6.5
FUS,CHEMBL3310715,-6.5
FUS,CHEMBL3310716,-7.1
FUS,CHEMBL3310717,-6.9
FUS,CHEMBL3310718,-6.6
FUS,CHEMBL3310719,-7.0
FUS,CHEMBL3310720,-7.0
FUS,CHEMBL3310721,-6.5
FUS,CHEMBL3310722,-7.1
FUS,CHEMBL3310723,-6.5
FUS,CHEMBL3310724,-7.0
FUS,CHEMBL3310725,-6.9
FUS,CHEMBL3310726,-6.5
FUS,CHEMBL3310727,-6.6
FUS,CHEMBL3310728,-6.4
FUS,CHEMBL3310732,-6.5
FUS,CHEMBL3310733,-6.5
FUS,CHEMBL3310796,-7.1
FUS,CHEMBL3310803,-6.8
FUS,CHEMBL3310804,-6.5
FUS,CHEMBL3310805,-6.5
FUS,CHEMBL3310807,-6.4
FUS,CHEMBL3310808,-6.4
FUS,CHEMBL3310810,-6.4
FUS,CHEMBL3310811,-6.5
FUS,CHEMBL3310813,-6.8
FUS,CHEMBL3310814,-6.5
FUS,CHEMBL3310894,-6.5
FUS,CHEMBL3310897,-6.8
FUS,CHEMBL3310921,-6.9
FUS,CHEMBL3310924,-6.5
FUS,CHEMBL3310926,-6.8
FUS,CHEMBL3310928,-6.7
FUS,CHEMBL3310986,-6.4
FUS,CHEMBL33110,-6.8
FUS,CHEMBL3311015,-7.1
FUS,CHEMBL3311016,-7.4
FUS,CHEMBL3311107,-6.6
FUS,CHEMBL3311108,-7.1
FUS,CHEMBL3311109,-6.8
FUS,CHEMBL3311110,-7.1
FUS,CHEMBL3311111,-7.1
FUS,CHEMBL3311112,-7.0
FUS,CHEMBL3311113,-7.1
FUS,CHEMBL3311114,-7.3
FUS,CHEMBL3311115,-7.0
FUS,CHEMBL3311116,-7.3
FUS,CHEMBL3311117,-7.0
FUS,CHEMBL3311118,-7.3
FUS,CHEMBL3311119,-6.9
FUS,CHEMBL3311120,-7.0
FUS,CHEMBL3311121,-6.8
FUS,CHEMBL3311122,-6.9
FUS,CHEMBL3311125,-7.4
FUS,CHEMBL3311126,-7.1
FUS,CHEMBL3311127,-6.5
FUS,CHEMBL3311128,-6.9
FUS,CHEMBL3311129,-6.8
FUS,CHEMBL3311212,-6.5
FUS,CHEMBL3311247,-6.9
FUS,CHEMBL3311269,-6.9
FUS,CHEMBL3311270,-7.4
FUS,CHEMBL3311271,-7.1
FUS,CHEMBL3311272,-7.3
FUS,CHEMBL3311273,-7.8
FUS,CHEMBL3311274,-7.8
FUS,CHEMBL3311275,-7.3
FUS,CHEMBL3311276,-6.6
FUS,CHEMBL3311284,-6.4
FUS,CHEMBL3311285,-6.6
FUS,CHEMBL3311286,-6.4
FUS,CHEMBL3311287,-6.7
FUS,CHEMBL3311335,-6.6
FUS,CHEMBL3311339,-6.6
FUS,CHEMBL3311382,-7.1
FUS,CHEMBL3311383,-7.2
FUS,CHEMBL3311385,-6.8
FUS,CHEMBL3311386,-7.1
FUS,CHEMBL3311387,-6.7
FUS,CHEMBL3311388,-6.6
FUS,CHEMBL3311393,-6.4
FUS,CHEMBL3311445,-7.2
FUS,CHEMBL3311446,-6.7
FUS,CHEMBL3311448,-6.4
FUS,CHEMBL3311449,-6.5
FUS,CHEMBL3311450,-6.4
FUS,CHEMBL3311451,-6.4
FUS,CHEMBL3311452,-6.9
FUS,CHEMBL3311454,-7.1
FUS,CHEMBL3311455,-6.4
FUS,CHEMBL3311521,-6.5
FUS,CHEMBL33121,-6.8
FUS,CHEMBL3314189,-7.4
FUS,CHEMBL3314190,-6.6
FUS,CHEMBL3314516,-6.4
FUS,CHEMBL3314562,-6.5
FUS,CHEMBL3314600,-6.4
FUS,CHEMBL33147,-7.0
FUS,CHEMBL3314938,-6.4
FUS,CHEMBL3315034,-6.7
FUS,CHEMBL3315041,-6.9
FUS,CHEMBL3315057,-7.4
FUS,CHEMBL3315063,-7.3
FUS,CHEMBL3315067,-7.2
FUS,CHEMBL3315068,-7.3
FUS,CHEMBL3315069,-6.9
FUS,CHEMBL3315154,-7.2
FUS,CHEMBL3315155,-6.4
FUS,CHEMBL3315370,-6.7
FUS,CHEMBL3315375,-6.9
FUS,CHEMBL33217,-6.4
FUS,CHEMBL33228,-6.8
FUS,CHEMBL33276,-6.5
FUS,CHEMBL33294,-6.9
FUS,CHEMBL33329,-6.6
FUS,CHEMBL33331,-7.3
FUS,CHEMBL33404,-6.4
FUS,CHEMBL3350666,-6.4
FUS,CHEMBL3350669,-6.7
FUS,CHEMBL3350671,-6.8
FUS,CHEMBL3350676,-6.5
FUS,CHEMBL3350975,-7.1
FUS,CHEMBL3350976,-6.4
FUS,CHEMBL3351047,-6.4
FUS,CHEMBL33540,-6.4
FUS,CHEMBL33542,-6.9
FUS,CHEMBL33543,-6.9
FUS,CHEMBL3355155,-6.5
FUS,CHEMBL3355157,-6.4
FUS,CHEMBL3355158,-6.4
FUS,CHEMBL3355191,-6.7
FUS,CHEMBL3355192,-6.7
FUS,CHEMBL3355193,-6.6
FUS,CHEMBL3355221,-6.4
FUS,CHEMBL33607,-7.1
FUS,CHEMBL33627,-7.2
FUS,CHEMBL33639,-6.6
FUS,CHEMBL33708,-6.4
FUS,CHEMBL33729,-6.9
FUS,CHEMBL33820,-6.7
FUS,CHEMBL33853,-6.8
FUS,CHEMBL33870,-6.5
FUS,CHEMBL33871,-6.7
FUS,CHEMBL33933,-6.8
FUS,CHEMBL339750,-6.6
FUS,CHEMBL34037,-7.1
FUS,CHEMBL34082,-6.5
FUS,CHEMBL34085,-6.5
FUS,CHEMBL34138,-6.7
FUS,CHEMBL34177,-6.5
FUS,CHEMBL34276,-6.6
FUS,CHEMBL34366,-6.6
FUS,CHEMBL34412,-6.4
FUS,CHEMBL34433,-6.5
FUS,CHEMBL34507,-7.0
FUS,CHEMBL34553,-6.4
FUS,CHEMBL34606,-6.4
FUS,CHEMBL34614,-6.5
FUS,CHEMBL34668,-6.4
FUS,CHEMBL34671,-6.5
FUS,CHEMBL34682,-6.9
FUS,CHEMBL34740,-6.7
FUS,CHEMBL34744,-6.9
FUS,CHEMBL34803,-6.6
FUS,CHEMBL34824,-6.4
FUS,CHEMBL34835,-6.9
FUS,CHEMBL34837,-6.6
FUS,CHEMBL34838,-6.6
FUS,CHEMBL34888,-6.6
FUS,CHEMBL34952,-6.5
FUS,CHEMBL34965,-6.5
FUS,CHEMBL35031,-6.4
FUS,CHEMBL35096,-6.4
FUS,CHEMBL35112,-6.4
FUS,CHEMBL35146,-6.7
FUS,CHEMBL35216,-6.7
FUS,CHEMBL35257,-6.5
FUS,CHEMBL35306,-6.5
FUS,CHEMBL35324,-6.8
FUS,CHEMBL35453,-6.5
FUS,CHEMBL35493,-7.3
FUS,CHEMBL35509,-6.5
FUS,CHEMBL35510,-6.7
FUS,CHEMBL35553,-6.6
FUS,CHEMBL35565,-6.8
FUS,CHEMBL35681,-6.6
FUS,CHEMBL35730,-6.9
FUS,CHEMBL35737,-6.9
FUS,CHEMBL35745,-6.7
FUS,CHEMBL35784,-7.0
FUS,CHEMBL35948,-6.6
FUS,CHEMBL35995,-6.5
FUS,CHEMBL36065,-6.8
FUS,CHEMBL36068,-6.6
FUS,CHEMBL36097,-6.4
FUS,CHEMBL36113,-7.6
FUS,CHEMBL36246,-6.8
FUS,CHEMBL36276,-6.4
FUS,CHEMBL36316,-6.4
FUS,CHEMBL36350,-6.6
FUS,CHEMBL36383,-6.6
FUS,CHEMBL36422,-6.6
FUS,CHEMBL36431,-6.4
FUS,CHEMBL36457,-6.4
FUS,CHEMBL36463,-6.4
FUS,CHEMBL36564,-6.5
FUS,CHEMBL36628,-7.1
FUS,CHEMBL36659,-6.6
FUS,CHEMBL36717,-6.5
FUS,CHEMBL36885,-6.6
FUS,CHEMBL36898,-6.8
FUS,CHEMBL36926,-6.6
FUS,CHEMBL37040,-6.5
FUS,CHEMBL37232,-6.5
FUS,CHEMBL37296,-6.6
FUS,CHEMBL3752910,-6.4
FUS,CHEMBL37578,-6.8
FUS,CHEMBL37611,-6.4
FUS,CHEMBL37633,-6.5
FUS,CHEMBL37674,-6.4
FUS,CHEMBL37705,-6.4
FUS,CHEMBL37777,-6.5
FUS,CHEMBL37779,-7.0
FUS,CHEMBL37799,-7.1
FUS,CHEMBL37845,-6.4
FUS,CHEMBL38010,-6.9
FUS,CHEMBL38131,-6.5
FUS,CHEMBL38140,-6.6
FUS,CHEMBL38194,-6.7
FUS,CHEMBL38271,-6.5
FUS,CHEMBL38425,-6.5
FUS,CHEMBL38464,-6.6
FUS,CHEMBL38480,-6.8
FUS,CHEMBL38524,-6.4
FUS,CHEMBL38549,-6.4
FUS,CHEMBL38591,-6.5
FUS,CHEMBL38605,-6.4
FUS,CHEMBL38628,-6.6
FUS,CHEMBL38692,-6.4
FUS,CHEMBL38714,-6.6
FUS,CHEMBL38772,-6.4
FUS,CHEMBL38920,-6.4
FUS,CHEMBL38957,-7.2
FUS,CHEMBL38960,-6.9
FUS,CHEMBL38961,-6.6
FUS,CHEMBL38981,-6.5
FUS,CHEMBL38990,-7.1
FUS,CHEMBL39147,-6.4
FUS,CHEMBL39153,-6.5
FUS,CHEMBL39169,-6.5
FUS,CHEMBL39242,-6.4
FUS,CHEMBL39255,-6.7
FUS,CHEMBL39263,-6.8
FUS,CHEMBL39269,-6.4
FUS,CHEMBL39272,-6.5
FUS,CHEMBL39285,-6.7
FUS,CHEMBL39297,-6.4
FUS,CHEMBL39324,-6.4
FUS,CHEMBL39339,-6.5
FUS,CHEMBL39350,-6.9
FUS,CHEMBL39532,-6.4
FUS,CHEMBL39536,-7.1
FUS,CHEMBL39542,-6.4
FUS,CHEMBL39647,-7.3
FUS,CHEMBL39648,-6.4
FUS,CHEMBL39708,-6.4
FUS,CHEMBL39830,-6.4
FUS,CHEMBL39831,-6.4
FUS,CHEMBL39906,-6.4
FUS,CHEMBL39920,-6.6
FUS,CHEMBL39985,-6.8
FUS,CHEMBL40072,-6.4
FUS,CHEMBL40077,-6.7
FUS,CHEMBL40090,-6.7
FUS,CHEMBL40092,-6.4
FUS,CHEMBL40162,-6.4
FUS,CHEMBL40174,-6.6
FUS,CHEMBL40188,-6.9
FUS,CHEMBL40266,-6.5
FUS,CHEMBL40288,-6.5
FUS,CHEMBL40310,-6.4
FUS,CHEMBL40417,-6.9
FUS,CHEMBL40474,-7.2
FUS,CHEMBL40475,-6.4
FUS,CHEMBL40638,-6.4
FUS,CHEMBL40650,-6.5
FUS,CHEMBL40658,-6.5
FUS,CHEMBL40715,-6.4
FUS,CHEMBL40780,-6.4
FUS,CHEMBL40819,-6.6
FUS,CHEMBL40900,-6.4
FUS,CHEMBL41080,-6.6
FUS,CHEMBL41122,-6.4
FUS,CHEMBL41155,-6.5
FUS,CHEMBL4115947,-6.4
FUS,CHEMBL4116086,-6.4
FUS,CHEMBL4116087,-6.4
FUS,CHEMBL4116093,-6.4
FUS,CHEMBL4116107,-6.7
FUS,CHEMBL4116108,-7.0
FUS,CHEMBL4116141,-6.4
FUS,CHEMBL4116164,-6.7
FUS,CHEMBL41209,-6.4
FUS,CHEMBL41285,-6.4
FUS,CHEMBL41309,-6.8
FUS,CHEMBL41332,-6.4
FUS,CHEMBL41335,-6.4
FUS,CHEMBL41383,-6.4
FUS,CHEMBL41396,-6.5
FUS,CHEMBL414380,-6.4
FUS,CHEMBL41442,-6.8
FUS,CHEMBL41444,-6.4
FUS,CHEMBL41473,-6.5
FUS,CHEMBL41529,-6.6
FUS,CHEMBL41652,-7.1
FUS,CHEMBL417,-6.7
FUS,CHEMBL41719,-6.4
FUS,CHEMBL41824,-7.0
FUS,CHEMBL41934,-6.4
FUS,CHEMBL41997,-6.9
FUS,CHEMBL42056,-6.7
FUS,CHEMBL42099,-6.6
FUS,CHEMBL42103,-6.8
FUS,CHEMBL42108,-6.5
FUS,CHEMBL42152,-6.6
FUS,CHEMBL42221,-6.4
FUS,CHEMBL42253,-6.5
FUS,CHEMBL42285,-6.8
FUS,CHEMBL42286,-6.6
FUS,CHEMBL42305,-6.7
FUS,CHEMBL42362,-6.7
FUS,CHEMBL42389,-7.3
FUS,CHEMBL42459,-7.2
FUS,CHEMBL42497,-6.9
FUS,CHEMBL42534,-7.2
FUS,CHEMBL42594,-6.5
FUS,CHEMBL42611,-6.6
FUS,CHEMBL42612,-6.6
FUS,CHEMBL42658,-6.4
FUS,CHEMBL42702,-6.4
FUS,CHEMBL42744,-6.5
FUS,CHEMBL42755,-6.4
FUS,CHEMBL42898,-6.4
FUS,CHEMBL42935,-6.4
FUS,CHEMBL42949,-6.9
FUS,CHEMBL42971,-6.4
FUS,CHEMBL4299184,-6.8
FUS,CHEMBL4299805,-6.5
FUS,CHEMBL4299810,-6.6
FUS,CHEMBL4299823,-6.5
FUS,CHEMBL4299826,-6.4
FUS,CHEMBL4299839,-6.6
FUS,CHEMBL4299876,-6.4
FUS,CHEMBL4299891,-6.6
FUS,CHEMBL4299905,-6.4
FUS,CHEMBL4299917,-6.6
FUS,CHEMBL4299927,-6.4
FUS,CHEMBL4299936,-6.4
FUS,CHEMBL4299997,-6.5
FUS,CHEMBL4300003,-6.7
FUS,CHEMBL4300004,-6.8
FUS,CHEMBL4300018,-6.7
FUS,CHEMBL4300044,-6.5
FUS,CHEMBL4300055,-6.6
FUS,CHEMBL4300087,-6.5
FUS,CHEMBL4300091,-6.8
FUS,CHEMBL4300098,-7.6
FUS,CHEMBL4300123,-7.0
FUS,CHEMBL4300133,-6.7
FUS,CHEMBL4300138,-6.4
FUS,CHEMBL43150,-6.6
FUS,CHEMBL43213,-6.5
FUS,CHEMBL43234,-6.7
FUS,CHEMBL43266,-6.4
FUS,CHEMBL43423,-6.4
FUS,CHEMBL43425,-6.6
FUS,CHEMBL43432,-6.9
FUS,CHEMBL43463,-6.7
FUS,CHEMBL43530,-6.5
FUS,CHEMBL43535,-6.4
FUS,CHEMBL43538,-6.7
FUS,CHEMBL43540,-6.7
FUS,CHEMBL43545,-6.4
FUS,CHEMBL43571,-6.4
FUS,CHEMBL43634,-6.4
FUS,CHEMBL43750,-6.9
FUS,CHEMBL43773,-6.7
FUS,CHEMBL43817,-6.5
FUS,CHEMBL438301,-6.8
FUS,CHEMBL438839,-6.7
FUS,CHEMBL43909,-6.8
FUS,CHEMBL43912,-6.8
FUS,CHEMBL43973,-6.4
FUS,CHEMBL44028,-6.8
FUS,CHEMBL44044,-6.7
FUS,CHEMBL44125,-6.5
FUS,CHEMBL44147,-6.5
FUS,CHEMBL44197,-7.0
FUS,CHEMBL44205,-6.7
FUS,CHEMBL44208,-6.9
FUS,CHEMBL44258,-6.6
FUS,CHEMBL44277,-6.6
FUS,CHEMBL44321,-6.4
FUS,CHEMBL44338,-6.9
FUS,CHEMBL4434647,-6.4
FUS,CHEMBL4434648,-6.5
FUS,CHEMBL4434650,-6.4
FUS,CHEMBL4434658,-6.5
FUS,CHEMBL4434662,-6.6
FUS,CHEMBL4434671,-6.5
FUS,CHEMBL4434672,-6.4
FUS,CHEMBL4434673,-6.4
FUS,CHEMBL4434674,-6.4
FUS,CHEMBL4434682,-6.6
FUS,CHEMBL4434712,-6.4
FUS,CHEMBL4434717,-6.4
FUS,CHEMBL4434725,-6.8
FUS,CHEMBL4434740,-6.4
FUS,CHEMBL4434744,-6.4
FUS,CHEMBL4434756,-6.5
FUS,CHEMBL4434768,-6.4
FUS,CHEMBL4434780,-6.4
FUS,CHEMBL4434797,-6.5
FUS,CHEMBL4434804,-6.5
FUS,CHEMBL4434808,-6.6
FUS,CHEMBL4434819,-6.8
FUS,CHEMBL4434821,-6.6
FUS,CHEMBL4434827,-6.5
FUS,CHEMBL4434850,-6.5
FUS,CHEMBL4434852,-7.9
FUS,CHEMBL4434859,-6.4
FUS,CHEMBL4434862,-6.6
FUS,CHEMBL4434871,-6.5
FUS,CHEMBL4434915,-6.5
FUS,CHEMBL4434936,-6.4
FUS,CHEMBL4434943,-6.4
FUS,CHEMBL4434974,-6.6
FUS,CHEMBL4434975,-6.8
FUS,CHEMBL4435001,-7.5
FUS,CHEMBL4435018,-6.4
FUS,CHEMBL4435035,-6.5
FUS,CHEMBL4435044,-6.5
FUS,CHEMBL4435061,-6.5
FUS,CHEMBL4435073,-7.3
FUS,CHEMBL4435075,-6.4
FUS,CHEMBL4435086,-6.9
FUS,CHEMBL4435088,-6.9
FUS,CHEMBL4435090,-6.7
FUS,CHEMBL4435100,-6.8
FUS,CHEMBL4435102,-7.3
FUS,CHEMBL4435103,-6.5
FUS,CHEMBL4435110,-6.7
FUS,CHEMBL4435111,-6.8
FUS,CHEMBL4435113,-6.5
FUS,CHEMBL4435126,-6.6
FUS,CHEMBL4435139,-6.8
FUS,CHEMBL4435143,-7.0
FUS,CHEMBL4435152,-6.7
FUS,CHEMBL4435159,-7.4
FUS,CHEMBL4435160,-6.9
FUS,CHEMBL4435164,-6.4
FUS,CHEMBL4435180,-6.7
FUS,CHEMBL4435182,-6.8
FUS,CHEMBL4435183,-6.9
FUS,CHEMBL4435185,-7.1
FUS,CHEMBL4435210,-6.4
FUS,CHEMBL4435225,-6.5
FUS,CHEMBL4435226,-6.6
FUS,CHEMBL4435244,-6.6
FUS,CHEMBL4435245,-7.1
FUS,CHEMBL4435265,-6.4
FUS,CHEMBL4435269,-6.6
FUS,CHEMBL4435296,-6.9
FUS,CHEMBL4435299,-6.5
FUS,CHEMBL4435302,-6.4
FUS,CHEMBL4435314,-6.9
FUS,CHEMBL4435326,-6.4
FUS,CHEMBL4435351,-7.4
FUS,CHEMBL4435360,-6.5
FUS,CHEMBL4435365,-6.5
FUS,CHEMBL4435366,-6.7
FUS,CHEMBL4435374,-6.5
FUS,CHEMBL4435393,-6.4
FUS,CHEMBL4435396,-6.5
FUS,CHEMBL4435411,-6.5
FUS,CHEMBL4435444,-7.3
FUS,CHEMBL4435466,-7.7
FUS,CHEMBL4435488,-6.6
FUS,CHEMBL4435508,-6.6
FUS,CHEMBL4435512,-7.0
FUS,CHEMBL4435514,-6.6
FUS,CHEMBL4435524,-6.6
FUS,CHEMBL4435526,-6.4
FUS,CHEMBL4435572,-6.4
FUS,CHEMBL4435579,-7.1
FUS,CHEMBL4435591,-6.4
FUS,CHEMBL4435614,-7.9
FUS,CHEMBL4435615,-6.4
FUS,CHEMBL4435619,-6.7
FUS,CHEMBL4435626,-6.4
FUS,CHEMBL4435660,-6.4
FUS,CHEMBL4435669,-6.7
FUS,CHEMBL4435679,-6.4
FUS,CHEMBL4435684,-6.7
FUS,CHEMBL4435685,-7.5
FUS,CHEMBL4435707,-6.6
FUS,CHEMBL4435719,-6.4
FUS,CHEMBL4435736,-6.6
FUS,CHEMBL4435739,-6.8
FUS,CHEMBL4435744,-6.5
FUS,CHEMBL4435750,-6.4
FUS,CHEMBL4435753,-6.4
FUS,CHEMBL4435773,-6.7
FUS,CHEMBL4435783,-7.4
FUS,CHEMBL4435796,-6.4
FUS,CHEMBL4435808,-6.4
FUS,CHEMBL4435809,-6.6
FUS,CHEMBL4435813,-6.5
FUS,CHEMBL4435827,-6.5
FUS,CHEMBL4435833,-6.7
FUS,CHEMBL4435839,-6.8
FUS,CHEMBL4435851,-6.4
FUS,CHEMBL4435862,-6.4
FUS,CHEMBL4435877,-7.1
FUS,CHEMBL4435888,-6.6
FUS,CHEMBL4435889,-6.6
FUS,CHEMBL4435914,-6.9
FUS,CHEMBL4435923,-6.8
FUS,CHEMBL4435930,-6.4
FUS,CHEMBL4435941,-6.9
FUS,CHEMBL4435953,-6.8
FUS,CHEMBL4435962,-7.4
FUS,CHEMBL4435968,-6.4
FUS,CHEMBL443597,-7.7
FUS,CHEMBL4436001,-6.4
FUS,CHEMBL4436010,-6.9
FUS,CHEMBL4436013,-6.6
FUS,CHEMBL4436014,-6.4
FUS,CHEMBL4436026,-6.5
FUS,CHEMBL4436028,-6.4
FUS,CHEMBL4436031,-6.8
FUS,CHEMBL4436039,-6.5
FUS,CHEMBL4436041,-6.4
FUS,CHEMBL4436054,-6.9
FUS,CHEMBL4436055,-6.5
FUS,CHEMBL4436064,-6.6
FUS,CHEMBL4436067,-6.7
FUS,CHEMBL4436096,-6.6
FUS,CHEMBL4436107,-6.5
FUS,CHEMBL4436108,-6.5
FUS,CHEMBL4436123,-6.7
FUS,CHEMBL4436129,-6.9
FUS,CHEMBL4436132,-6.4
FUS,CHEMBL4436151,-6.4
FUS,CHEMBL4436157,-6.5
FUS,CHEMBL4436181,-6.5
FUS,CHEMBL4436188,-6.8
FUS,CHEMBL4436202,-6.4
FUS,CHEMBL4436233,-6.8
FUS,CHEMBL4436235,-7.3
FUS,CHEMBL4436236,-6.5
FUS,CHEMBL4436255,-6.9
FUS,CHEMBL4436260,-6.4
FUS,CHEMBL4436265,-7.0
FUS,CHEMBL4436267,-6.7
FUS,CHEMBL4436273,-6.4
FUS,CHEMBL4436292,-7.1
FUS,CHEMBL4436301,-6.9
FUS,CHEMBL4436320,-7.0
FUS,CHEMBL4436325,-6.5
FUS,CHEMBL4436329,-6.8
FUS,CHEMBL4436338,-6.6
FUS,CHEMBL4436340,-7.1
FUS,CHEMBL4436345,-6.5
FUS,CHEMBL4436366,-7.9
FUS,CHEMBL4436383,-7.2
FUS,CHEMBL4436402,-7.0
FUS,CHEMBL4436414,-7.1
FUS,CHEMBL4436417,-6.8
FUS,CHEMBL4436425,-6.5
FUS,CHEMBL4436428,-6.7
FUS,CHEMBL4436429,-7.2
FUS,CHEMBL4436433,-6.5
FUS,CHEMBL4436435,-6.7
FUS,CHEMBL4436440,-6.7
FUS,CHEMBL4436447,-6.6
FUS,CHEMBL4436459,-6.4
FUS,CHEMBL4436487,-6.5
FUS,CHEMBL4436496,-6.4
FUS,CHEMBL4436535,-6.6
FUS,CHEMBL4436566,-6.6
FUS,CHEMBL4436591,-7.1
FUS,CHEMBL4436601,-6.7
FUS,CHEMBL4436612,-6.7
FUS,CHEMBL4436632,-6.5
FUS,CHEMBL4436634,-6.8
FUS,CHEMBL4436641,-6.4
FUS,CHEMBL4436647,-6.5
FUS,CHEMBL4436683,-6.7
FUS,CHEMBL4436696,-6.4
FUS,CHEMBL4436697,-7.0
FUS,CHEMBL4436736,-7.0
FUS,CHEMBL4436739,-6.6
FUS,CHEMBL4436740,-6.5
FUS,CHEMBL4436746,-7.0
FUS,CHEMBL44393,-6.6
FUS,CHEMBL44481,-6.4
FUS,CHEMBL445000,-6.8
FUS,CHEMBL445011,-6.8
FUS,CHEMBL44505,-6.5
FUS,CHEMBL44526,-6.5
FUS,CHEMBL44527,-7.0
FUS,CHEMBL44649,-6.4
FUS,CHEMBL44660,-6.7
FUS,CHEMBL44690,-6.6
FUS,CHEMBL44693,-7.1
FUS,CHEMBL44723,-6.6
FUS,CHEMBL44764,-6.7
FUS,CHEMBL44772,-6.4
FUS,CHEMBL44803,-6.6
FUS,CHEMBL44809,-6.4
FUS,CHEMBL44872,-6.6
FUS,CHEMBL44897,-6.4
FUS,CHEMBL45032,-6.5
FUS,CHEMBL45143,-6.9
FUS,CHEMBL45177,-6.6
FUS,CHEMBL45264,-6.7
FUS,CHEMBL4527842,-6.6
FUS,CHEMBL4527850,-7.1
FUS,CHEMBL4527943,-6.7
FUS,CHEMBL4527970,-7.5
FUS,CHEMBL4527972,-6.7
FUS,CHEMBL4528160,-6.5
FUS,CHEMBL4528161,-6.4
FUS,CHEMBL4529447,-6.4
FUS,CHEMBL4529455,-6.4
FUS,CHEMBL4529472,-7.4
FUS,CHEMBL4529476,-6.7
FUS,CHEMBL4529485,-6.4
FUS,CHEMBL4529488,-6.7
FUS,CHEMBL4529496,-6.8
FUS,CHEMBL4529499,-6.4
FUS,CHEMBL4529519,-6.7
FUS,CHEMBL4529557,-7.1
FUS,CHEMBL4529559,-6.4
FUS,CHEMBL4529601,-6.8
FUS,CHEMBL4529604,-6.5
FUS,CHEMBL4529606,-6.4
FUS,CHEMBL4529609,-6.4
FUS,CHEMBL4529614,-6.4
FUS,CHEMBL4529670,-6.8
FUS,CHEMBL4529683,-6.7
FUS,CHEMBL4529695,-6.4
FUS,CHEMBL4529698,-6.5
FUS,CHEMBL4529707,-6.5
FUS,CHEMBL4529711,-6.5
FUS,CHEMBL4529734,-6.5
FUS,CHEMBL4529763,-6.4
FUS,CHEMBL4529770,-6.4
FUS,CHEMBL4529778,-6.7
FUS,CHEMBL4529790,-6.4
FUS,CHEMBL4529813,-6.8
FUS,CHEMBL4529842,-6.6
FUS,CHEMBL4529847,-6.9
FUS,CHEMBL4529849,-6.7
FUS,CHEMBL4529855,-6.4
FUS,CHEMBL4529911,-6.7
FUS,CHEMBL4529934,-6.5
FUS,CHEMBL4529938,-7.0
FUS,CHEMBL4529950,-6.4
FUS,CHEMBL4529961,-6.9
FUS,CHEMBL4529965,-7.2
FUS,CHEMBL4529985,-6.5
FUS,CHEMBL4530050,-6.8
FUS,CHEMBL4530071,-6.6
FUS,CHEMBL4530081,-6.4
FUS,CHEMBL4530083,-6.4
FUS,CHEMBL4530092,-6.4
FUS,CHEMBL4530098,-6.5
FUS,CHEMBL4530115,-6.4
FUS,CHEMBL4530123,-6.5
FUS,CHEMBL4530155,-6.5
FUS,CHEMBL4530160,-7.2
FUS,CHEMBL4530178,-6.8
FUS,CHEMBL4530185,-6.4
FUS,CHEMBL4530197,-6.8
FUS,CHEMBL4530239,-6.9
FUS,CHEMBL4530264,-6.4
FUS,CHEMBL4530268,-6.5
FUS,CHEMBL4530288,-6.4
FUS,CHEMBL4530295,-6.6
FUS,CHEMBL4530296,-6.7
FUS,CHEMBL4530318,-6.6
FUS,CHEMBL4530325,-6.4
FUS,CHEMBL4530328,-7.0
FUS,CHEMBL4530341,-6.5
FUS,CHEMBL4530342,-6.7
FUS,CHEMBL4530394,-6.5
FUS,CHEMBL4530395,-6.5
FUS,CHEMBL4530404,-6.5
FUS,CHEMBL4530417,-6.6
FUS,CHEMBL4530474,-6.9
FUS,CHEMBL4530500,-6.5
FUS,CHEMBL4530509,-6.9
FUS,CHEMBL4530555,-6.6
FUS,CHEMBL4530585,-6.4
FUS,CHEMBL4530588,-6.7
FUS,CHEMBL4530597,-6.5
FUS,CHEMBL4530610,-6.7
FUS,CHEMBL4530620,-6.7
FUS,CHEMBL4530633,-7.3
FUS,CHEMBL4530658,-7.2
FUS,CHEMBL4530668,-6.6
FUS,CHEMBL4530672,-6.4
FUS,CHEMBL4530686,-6.7
FUS,CHEMBL4530729,-6.7
FUS,CHEMBL4530777,-6.6
FUS,CHEMBL4530812,-6.4
FUS,CHEMBL4530823,-6.6
FUS,CHEMBL4530827,-7.1
FUS,CHEMBL4530829,-6.5
FUS,CHEMBL4530850,-6.5
FUS,CHEMBL4530856,-6.6
FUS,CHEMBL4530868,-6.5
FUS,CHEMBL4530899,-6.4
FUS,CHEMBL4530925,-6.8
FUS,CHEMBL4530954,-6.6
FUS,CHEMBL4530964,-6.5
FUS,CHEMBL4530968,-6.6
FUS,CHEMBL4530976,-6.6
FUS,CHEMBL4531016,-7.4
FUS,CHEMBL4531042,-6.6
FUS,CHEMBL4531069,-6.5
FUS,CHEMBL4531080,-7.3
FUS,CHEMBL4531082,-6.6
FUS,CHEMBL4531084,-7.0
FUS,CHEMBL4531086,-6.5
FUS,CHEMBL4531102,-6.4
FUS,CHEMBL4531144,-7.1
FUS,CHEMBL4531159,-6.4
FUS,CHEMBL4531212,-6.7
FUS,CHEMBL4531228,-6.4
FUS,CHEMBL4531240,-6.7
FUS,CHEMBL4531242,-6.8
FUS,CHEMBL4531254,-6.6
FUS,CHEMBL4531294,-6.4
FUS,CHEMBL4531299,-6.6
FUS,CHEMBL4531300,-6.5
FUS,CHEMBL4531305,-6.4
FUS,CHEMBL4531326,-6.4
FUS,CHEMBL4531339,-6.6
FUS,CHEMBL4531344,-6.6
FUS,CHEMBL4531350,-6.6
FUS,CHEMBL4531357,-6.4
FUS,CHEMBL4531384,-6.4
FUS,CHEMBL4531395,-6.7
FUS,CHEMBL4531397,-6.4
FUS,CHEMBL4531482,-7.7
FUS,CHEMBL4531507,-6.7
FUS,CHEMBL4531510,-6.6
FUS,CHEMBL4531519,-6.5
FUS,CHEMBL4531536,-6.6
FUS,CHEMBL4531539,-6.4
FUS,CHEMBL4531570,-6.6
FUS,CHEMBL4531593,-6.8
FUS,CHEMBL4531601,-6.5
FUS,CHEMBL4531607,-6.5
FUS,CHEMBL4531616,-6.4
FUS,CHEMBL4531634,-6.6
FUS,CHEMBL4531654,-6.4
FUS,CHEMBL4531709,-7.2
FUS,CHEMBL4531716,-6.5
FUS,CHEMBL4531718,-6.5
FUS,CHEMBL4531736,-6.5
FUS,CHEMBL4531740,-7.1
FUS,CHEMBL4531759,-6.6
FUS,CHEMBL4531790,-6.4
FUS,CHEMBL4531791,-6.4
FUS,CHEMBL4531795,-7.1
FUS,CHEMBL4531799,-6.7
FUS,CHEMBL4531804,-6.5
FUS,CHEMBL4531815,-6.6
FUS,CHEMBL4531830,-7.1
FUS,CHEMBL4531832,-6.9
FUS,CHEMBL4531853,-6.9
FUS,CHEMBL4531862,-6.4
FUS,CHEMBL4531890,-7.3
FUS,CHEMBL4531903,-6.4
FUS,CHEMBL4531926,-7.3
FUS,CHEMBL4531945,-6.9
FUS,CHEMBL4531957,-6.4
FUS,CHEMBL4531986,-8.4
FUS,CHEMBL4532010,-6.7
FUS,CHEMBL4532024,-6.4
FUS,CHEMBL4532059,-6.8
FUS,CHEMBL4532149,-6.4
FUS,CHEMBL4532162,-6.9
FUS,CHEMBL4532170,-6.6
FUS,CHEMBL4532187,-6.7
FUS,CHEMBL4532195,-6.7
FUS,CHEMBL4532201,-6.8
FUS,CHEMBL4532262,-6.5
FUS,CHEMBL4532334,-6.6
FUS,CHEMBL4532349,-6.6
FUS,CHEMBL4532350,-6.5
FUS,CHEMBL4532360,-7.1
FUS,CHEMBL4532378,-6.5
FUS,CHEMBL4532390,-6.9
FUS,CHEMBL4532391,-6.7
FUS,CHEMBL4532433,-6.5
FUS,CHEMBL4532451,-6.9
FUS,CHEMBL4532462,-6.6
FUS,CHEMBL4532470,-6.9
FUS,CHEMBL4532487,-6.5
FUS,CHEMBL4532495,-7.5
FUS,CHEMBL4532501,-6.5
FUS,CHEMBL4532585,-6.5
FUS,CHEMBL4532629,-6.4
FUS,CHEMBL4532641,-6.6
FUS,CHEMBL4532745,-6.5
FUS,CHEMBL4532751,-7.2
FUS,CHEMBL4532752,-7.0
FUS,CHEMBL4532761,-6.7
FUS,CHEMBL4532772,-6.6
FUS,CHEMBL4532787,-6.5
FUS,CHEMBL4532800,-7.3
FUS,CHEMBL4532824,-6.8
FUS,CHEMBL4532859,-7.1
FUS,CHEMBL4532866,-6.8
FUS,CHEMBL4532868,-6.8
FUS,CHEMBL4532886,-6.6
FUS,CHEMBL4532907,-6.6
FUS,CHEMBL4533140,-6.5
FUS,CHEMBL4533157,-6.6
FUS,CHEMBL4533169,-6.4
FUS,CHEMBL4533171,-6.6
FUS,CHEMBL4533174,-6.9
FUS,CHEMBL4533198,-6.7
FUS,CHEMBL4533215,-6.6
FUS,CHEMBL4533224,-6.5
FUS,CHEMBL4533228,-6.7
FUS,CHEMBL4533265,-6.6
FUS,CHEMBL4533268,-6.6
FUS,CHEMBL4533292,-6.4
FUS,CHEMBL4533309,-6.7
FUS,CHEMBL4533316,-6.5
FUS,CHEMBL4533337,-6.4
FUS,CHEMBL4533341,-7.4
FUS,CHEMBL4533364,-6.4
FUS,CHEMBL4533369,-6.5
FUS,CHEMBL4533406,-6.4
FUS,CHEMBL4533415,-6.5
FUS,CHEMBL4533438,-6.6
FUS,CHEMBL4533470,-6.4
FUS,CHEMBL4533473,-6.4
FUS,CHEMBL4533484,-6.7
FUS,CHEMBL4533489,-6.5
FUS,CHEMBL4533492,-6.6
FUS,CHEMBL4533498,-6.4
FUS,CHEMBL4533508,-6.4
FUS,CHEMBL4533525,-7.2
FUS,CHEMBL4533541,-6.4
FUS,CHEMBL4533562,-6.4
FUS,CHEMBL4533577,-6.9
FUS,CHEMBL4533668,-6.7
FUS,CHEMBL4533682,-6.4
FUS,CHEMBL4533684,-7.0
FUS,CHEMBL4533692,-6.7
FUS,CHEMBL4533705,-7.0
FUS,CHEMBL4533714,-6.4
FUS,CHEMBL4533715,-6.4
FUS,CHEMBL4533725,-6.4
FUS,CHEMBL4533735,-7.0
FUS,CHEMBL4533747,-6.4
FUS,CHEMBL4533771,-6.8
FUS,CHEMBL4533779,-6.4
FUS,CHEMBL4533781,-6.5
FUS,CHEMBL4533791,-6.8
FUS,CHEMBL4533792,-6.4
FUS,CHEMBL4533805,-6.7
FUS,CHEMBL4533812,-6.9
FUS,CHEMBL4533848,-6.7
FUS,CHEMBL4533852,-7.6
FUS,CHEMBL4533881,-6.4
FUS,CHEMBL4533885,-6.7
FUS,CHEMBL4533894,-7.0
FUS,CHEMBL4533926,-6.8
FUS,CHEMBL4533939,-6.5
FUS,CHEMBL4533943,-6.8
FUS,CHEMBL4533958,-6.4
FUS,CHEMBL4533979,-6.7
FUS,CHEMBL4533993,-6.5
FUS,CHEMBL4533996,-6.6
FUS,CHEMBL4533998,-6.9
FUS,CHEMBL4534007,-6.7
FUS,CHEMBL4534015,-6.4
FUS,CHEMBL4534030,-6.4
FUS,CHEMBL4534041,-6.4
FUS,CHEMBL4534068,-6.6
FUS,CHEMBL4534078,-6.7
FUS,CHEMBL4534087,-6.8
FUS,CHEMBL4534151,-6.6
FUS,CHEMBL4534196,-6.5
FUS,CHEMBL4534209,-6.6
FUS,CHEMBL4534219,-6.6
FUS,CHEMBL4534229,-6.4
FUS,CHEMBL4534249,-6.5
FUS,CHEMBL4534277,-6.4
FUS,CHEMBL4534280,-6.4
FUS,CHEMBL4534314,-6.4
FUS,CHEMBL4534333,-6.5
FUS,CHEMBL4534391,-6.6
FUS,CHEMBL4534410,-6.4
FUS,CHEMBL4534411,-6.8
FUS,CHEMBL4534412,-6.4
FUS,CHEMBL4534423,-7.2
FUS,CHEMBL4534436,-6.5
FUS,CHEMBL4534464,-6.8
FUS,CHEMBL4534475,-6.6
FUS,CHEMBL4534499,-6.6
FUS,CHEMBL4534528,-7.0
FUS,CHEMBL4534529,-6.8
FUS,CHEMBL4534534,-8.5
FUS,CHEMBL4534578,-6.4
FUS,CHEMBL4534583,-6.7
FUS,CHEMBL4534592,-6.7
FUS,CHEMBL4534609,-6.8
FUS,CHEMBL4534610,-6.4
FUS,CHEMBL4534615,-6.6
FUS,CHEMBL4534620,-6.4
FUS,CHEMBL4534639,-6.4
FUS,CHEMBL4534647,-6.4
FUS,CHEMBL4534668,-6.4
FUS,CHEMBL4534671,-6.5
FUS,CHEMBL4534714,-6.5
FUS,CHEMBL4534728,-6.4
FUS,CHEMBL4534734,-6.7
FUS,CHEMBL4534743,-6.5
FUS,CHEMBL4534744,-6.8
FUS,CHEMBL4534750,-6.6
FUS,CHEMBL4534757,-6.6
FUS,CHEMBL4534767,-6.5
FUS,CHEMBL4534769,-6.7
FUS,CHEMBL45350,-6.5
FUS,CHEMBL45378,-6.6
FUS,CHEMBL45410,-6.4
FUS,CHEMBL45416,-6.4
FUS,CHEMBL45424,-7.1
FUS,CHEMBL4543175,-6.8
FUS,CHEMBL4543179,-6.5
FUS,CHEMBL4543190,-6.7
FUS,CHEMBL4543194,-6.5
FUS,CHEMBL4543202,-6.8
FUS,CHEMBL4543302,-6.9
FUS,CHEMBL4543342,-6.5
FUS,CHEMBL4543353,-6.9
FUS,CHEMBL4543357,-7.2
FUS,CHEMBL4543361,-6.4
FUS,CHEMBL4543373,-6.7
FUS,CHEMBL4543391,-6.5
FUS,CHEMBL4543398,-6.5
FUS,CHEMBL4543405,-6.6
FUS,CHEMBL4543414,-6.7
FUS,CHEMBL4543422,-7.0
FUS,CHEMBL4543425,-6.5
FUS,CHEMBL4543428,-6.6
FUS,CHEMBL4543433,-6.4
FUS,CHEMBL4543477,-6.5
FUS,CHEMBL4543497,-6.5
FUS,CHEMBL4543505,-7.0
FUS,CHEMBL4543538,-6.6
FUS,CHEMBL4543540,-7.2
FUS,CHEMBL4543556,-7.0
FUS,CHEMBL4543562,-6.4
FUS,CHEMBL4543572,-6.5
FUS,CHEMBL4543576,-7.3
FUS,CHEMBL4548513,-6.4
FUS,CHEMBL4548552,-6.6
FUS,CHEMBL45501,-6.8
FUS,CHEMBL4553125,-6.7
FUS,CHEMBL4553137,-6.5
FUS,CHEMBL4553143,-6.5
FUS,CHEMBL4553144,-6.4
FUS,CHEMBL4553540,-6.6
FUS,CHEMBL4553542,-6.6
FUS,CHEMBL4553551,-6.7
FUS,CHEMBL4553575,-6.4
FUS,CHEMBL4553582,-6.4
FUS,CHEMBL4553613,-6.6
FUS,CHEMBL4553614,-6.4
FUS,CHEMBL4553666,-6.8
FUS,CHEMBL4553671,-6.9
FUS,CHEMBL4553689,-6.6
FUS,CHEMBL4553700,-6.9
FUS,CHEMBL4553702,-6.7
FUS,CHEMBL4553707,-7.3
FUS,CHEMBL45572,-6.9
FUS,CHEMBL45582,-6.5
FUS,CHEMBL4559933,-6.4
FUS,CHEMBL4559936,-7.2
FUS,CHEMBL4559945,-7.6
FUS,CHEMBL4559959,-7.7
FUS,CHEMBL4559965,-6.5
FUS,CHEMBL4559987,-7.0
FUS,CHEMBL4560026,-6.5
FUS,CHEMBL4560033,-6.7
FUS,CHEMBL4560034,-6.9
FUS,CHEMBL4560046,-6.4
FUS,CHEMBL45605,-6.5
FUS,CHEMBL4562703,-6.9
FUS,CHEMBL4562744,-6.4
FUS,CHEMBL4562749,-7.0
FUS,CHEMBL4562781,-7.4
FUS,CHEMBL4562819,-6.7
FUS,CHEMBL4562848,-7.1
FUS,CHEMBL4562863,-6.8
FUS,CHEMBL4563199,-6.7
FUS,CHEMBL4563272,-7.0
FUS,CHEMBL4563340,-6.4
FUS,CHEMBL4563427,-6.4
FUS,CHEMBL4563669,-7.4
FUS,CHEMBL4563943,-7.3
FUS,CHEMBL4563948,-6.6
FUS,CHEMBL4563995,-6.6
FUS,CHEMBL4564043,-7.3
FUS,CHEMBL4564044,-6.4
FUS,CHEMBL4564052,-6.6
FUS,CHEMBL4564097,-6.5
FUS,CHEMBL4564116,-6.7
FUS,CHEMBL4564119,-7.4
FUS,CHEMBL4564155,-6.4
FUS,CHEMBL4564177,-6.5
FUS,CHEMBL4564188,-6.5
FUS,CHEMBL4564205,-6.6
FUS,CHEMBL4564225,-7.3
FUS,CHEMBL4564239,-7.3
FUS,CHEMBL4564275,-7.2
FUS,CHEMBL4564310,-7.3
FUS,CHEMBL4564327,-6.8
FUS,CHEMBL4564343,-7.1
FUS,CHEMBL4564349,-6.8
FUS,CHEMBL4564352,-7.1
FUS,CHEMBL4564368,-7.5
FUS,CHEMBL4564374,-7.0
FUS,CHEMBL4564407,-6.5
FUS,CHEMBL4564458,-6.6
FUS,CHEMBL4564465,-6.4
FUS,CHEMBL4564485,-7.0
FUS,CHEMBL4564493,-6.4
FUS,CHEMBL4564502,-6.4
FUS,CHEMBL4564549,-7.8
FUS,CHEMBL4564554,-6.5
FUS,CHEMBL4564558,-6.4
FUS,CHEMBL4564585,-6.4
FUS,CHEMBL4564665,-6.9
FUS,CHEMBL4564670,-6.5
FUS,CHEMBL4564697,-6.8
FUS,CHEMBL4564701,-6.8
FUS,CHEMBL4564717,-6.7
FUS,CHEMBL4564745,-6.6
FUS,CHEMBL4564763,-6.6
FUS,CHEMBL4564783,-6.9
FUS,CHEMBL4564796,-6.4
FUS,CHEMBL4564797,-6.8
FUS,CHEMBL4564812,-6.4
FUS,CHEMBL4564834,-6.9
FUS,CHEMBL4564867,-6.5
FUS,CHEMBL4564878,-6.4
FUS,CHEMBL4564908,-6.5
FUS,CHEMBL4564943,-6.5
FUS,CHEMBL4564945,-6.6
FUS,CHEMBL4564975,-7.0
FUS,CHEMBL4565007,-7.5
FUS,CHEMBL4565029,-6.6
FUS,CHEMBL4565031,-7.2
FUS,CHEMBL4565038,-6.4
FUS,CHEMBL4565048,-6.9
FUS,CHEMBL4565052,-6.8
FUS,CHEMBL4565065,-6.8
FUS,CHEMBL4565070,-6.9
FUS,CHEMBL4565085,-6.4
FUS,CHEMBL4565091,-6.5
FUS,CHEMBL45651,-6.8
FUS,CHEMBL4565103,-6.4
FUS,CHEMBL4565104,-6.5
FUS,CHEMBL4565148,-6.4
FUS,CHEMBL4565154,-6.4
FUS,CHEMBL4565181,-6.6
FUS,CHEMBL4565184,-6.4
FUS,CHEMBL4565209,-6.6
FUS,CHEMBL4565239,-6.5
FUS,CHEMBL4565734,-6.8
FUS,CHEMBL4566096,-6.6
FUS,CHEMBL4566157,-6.6
FUS,CHEMBL4566170,-6.6
FUS,CHEMBL4566183,-6.4
FUS,CHEMBL4566199,-6.6
FUS,CHEMBL4566231,-6.5
FUS,CHEMBL4566238,-7.2
FUS,CHEMBL4566247,-6.7
FUS,CHEMBL4566248,-6.7
FUS,CHEMBL4566255,-6.7
FUS,CHEMBL4566257,-6.9
FUS,CHEMBL4566305,-6.5
FUS,CHEMBL4566357,-6.9
FUS,CHEMBL4566359,-7.1
FUS,CHEMBL4566368,-6.7
FUS,CHEMBL4566371,-6.4
FUS,CHEMBL4566384,-6.6
FUS,CHEMBL4566395,-6.4
FUS,CHEMBL4566405,-6.6
FUS,CHEMBL4566410,-6.8
FUS,CHEMBL4566486,-6.5
FUS,CHEMBL4566499,-6.6
FUS,CHEMBL4566526,-6.4
FUS,CHEMBL4566549,-6.5
FUS,CHEMBL4566551,-6.4
FUS,CHEMBL4566557,-6.5
FUS,CHEMBL4566570,-6.4
FUS,CHEMBL4566589,-6.9
FUS,CHEMBL4566591,-6.6
FUS,CHEMBL4566600,-6.5
FUS,CHEMBL4566603,-6.4
FUS,CHEMBL4566625,-6.5
FUS,CHEMBL4566652,-6.6
FUS,CHEMBL4566656,-6.8
FUS,CHEMBL4566668,-6.6
FUS,CHEMBL4567646,-7.9
FUS,CHEMBL4567665,-6.5
FUS,CHEMBL4567666,-6.4
FUS,CHEMBL4567668,-6.7
FUS,CHEMBL4567683,-7.8
FUS,CHEMBL4567690,-6.8
FUS,CHEMBL4567711,-6.4
FUS,CHEMBL4567766,-6.5
FUS,CHEMBL4567785,-6.5
FUS,CHEMBL45678,-6.5
FUS,CHEMBL4567814,-6.7
FUS,CHEMBL4567820,-6.7
FUS,CHEMBL4567826,-6.4
FUS,CHEMBL4567829,-6.5
FUS,CHEMBL4567850,-7.1
FUS,CHEMBL4567853,-6.5
FUS,CHEMBL4567857,-6.5
FUS,CHEMBL4567859,-6.5
FUS,CHEMBL4567860,-6.5
FUS,CHEMBL4567872,-6.6
FUS,CHEMBL4567874,-6.5
FUS,CHEMBL4567975,-6.6
FUS,CHEMBL4567976,-6.9
FUS,CHEMBL4567979,-6.7
FUS,CHEMBL4567981,-6.4
FUS,CHEMBL4567991,-6.4
FUS,CHEMBL4567997,-7.0
FUS,CHEMBL4568000,-6.4
FUS,CHEMBL4568013,-6.7
FUS,CHEMBL4568022,-6.4
FUS,CHEMBL4568027,-6.4
FUS,CHEMBL4568031,-6.6
FUS,CHEMBL4568125,-6.8
FUS,CHEMBL4568171,-6.5
FUS,CHEMBL4568196,-6.6
FUS,CHEMBL4568198,-6.5
FUS,CHEMBL4568203,-6.5
FUS,CHEMBL4568214,-6.6
FUS,CHEMBL4568218,-6.7
FUS,CHEMBL4568226,-6.4
FUS,CHEMBL4568272,-6.9
FUS,CHEMBL4568280,-6.7
FUS,CHEMBL4568284,-7.5
FUS,CHEMBL4568292,-6.4
FUS,CHEMBL4568299,-6.4
FUS,CHEMBL45683,-7.0
FUS,CHEMBL4568319,-6.4
FUS,CHEMBL4568323,-6.8
FUS,CHEMBL4568382,-6.5
FUS,CHEMBL4568427,-6.5
FUS,CHEMBL4568431,-6.6
FUS,CHEMBL4568439,-6.7
FUS,CHEMBL4568445,-6.5
FUS,CHEMBL4568446,-6.6
FUS,CHEMBL4568449,-6.5
FUS,CHEMBL4568471,-6.4
FUS,CHEMBL4568472,-6.5
FUS,CHEMBL4568499,-6.8
FUS,CHEMBL4568515,-6.5
FUS,CHEMBL4568524,-6.4
FUS,CHEMBL4568540,-7.0
FUS,CHEMBL4568565,-6.4
FUS,CHEMBL4568584,-6.5
FUS,CHEMBL4568616,-6.7
FUS,CHEMBL4568641,-6.4
FUS,CHEMBL4568654,-6.5
FUS,CHEMBL4568688,-6.4
FUS,CHEMBL4568705,-6.7
FUS,CHEMBL4568719,-6.4
FUS,CHEMBL4568725,-6.8
FUS,CHEMBL4568728,-7.3
FUS,CHEMBL4568741,-6.9
FUS,CHEMBL4568767,-6.6
FUS,CHEMBL4568805,-7.2
FUS,CHEMBL4568823,-7.3
FUS,CHEMBL4568829,-6.5
FUS,CHEMBL4568847,-6.6
FUS,CHEMBL4568869,-6.6
FUS,CHEMBL4568872,-6.9
FUS,CHEMBL4568875,-6.8
FUS,CHEMBL4568877,-7.2
FUS,CHEMBL4568881,-6.4
FUS,CHEMBL4569164,-6.4
FUS,CHEMBL4569182,-6.7
FUS,CHEMBL4569194,-7.3
FUS,CHEMBL4569219,-7.3
FUS,CHEMBL4569238,-6.7
FUS,CHEMBL4569254,-6.5
FUS,CHEMBL4569264,-6.7
FUS,CHEMBL4569266,-6.4
FUS,CHEMBL45693,-6.8
FUS,CHEMBL4569304,-6.8
FUS,CHEMBL4569322,-6.7
FUS,CHEMBL4569344,-6.9
FUS,CHEMBL4569362,-6.8
FUS,CHEMBL4569396,-7.1
FUS,CHEMBL4569397,-6.4
FUS,CHEMBL4569409,-6.6
FUS,CHEMBL4569421,-6.6
FUS,CHEMBL4569427,-6.4
FUS,CHEMBL4569431,-6.4
FUS,CHEMBL4569433,-6.5
FUS,CHEMBL4569434,-6.5
FUS,CHEMBL4570001,-6.7
FUS,CHEMBL4570046,-6.6
FUS,CHEMBL4570217,-6.5
FUS,CHEMBL4570222,-6.8
FUS,CHEMBL4570240,-6.4
FUS,CHEMBL4570249,-6.4
FUS,CHEMBL4570265,-6.5
FUS,CHEMBL4570276,-6.6
FUS,CHEMBL4570293,-6.6
FUS,CHEMBL4570332,-7.0
FUS,CHEMBL4570355,-6.8
FUS,CHEMBL4570368,-6.8
FUS,CHEMBL4570375,-7.5
FUS,CHEMBL4570398,-6.7
FUS,CHEMBL4570402,-6.6
FUS,CHEMBL4570452,-6.5
FUS,CHEMBL4570458,-6.6
FUS,CHEMBL4570521,-6.8
FUS,CHEMBL4570539,-6.5
FUS,CHEMBL4570573,-6.8
FUS,CHEMBL4570594,-6.6
FUS,CHEMBL4570595,-6.8
FUS,CHEMBL4570615,-6.5
FUS,CHEMBL4570681,-6.5
FUS,CHEMBL4570691,-6.5
FUS,CHEMBL4570692,-6.5
FUS,CHEMBL4570741,-7.0
FUS,CHEMBL4570744,-6.6
FUS,CHEMBL4570803,-6.9
FUS,CHEMBL4570832,-6.5
FUS,CHEMBL4570851,-6.6
FUS,CHEMBL4570910,-6.7
FUS,CHEMBL4570947,-6.5
FUS,CHEMBL4570952,-6.5
FUS,CHEMBL4570958,-6.8
FUS,CHEMBL4570994,-6.6
FUS,CHEMBL4571007,-6.6
FUS,CHEMBL4571010,-6.8
FUS,CHEMBL4571014,-6.9
FUS,CHEMBL4571017,-7.3
FUS,CHEMBL4571039,-6.6
FUS,CHEMBL4571045,-6.6
FUS,CHEMBL4571049,-7.0
FUS,CHEMBL4571058,-6.6
FUS,CHEMBL4571062,-7.1
FUS,CHEMBL4571079,-6.6
FUS,CHEMBL4571144,-6.5
FUS,CHEMBL4571223,-6.8
FUS,CHEMBL4571226,-6.5
FUS,CHEMBL4571241,-6.8
FUS,CHEMBL4571265,-6.6
FUS,CHEMBL4571272,-6.5
FUS,CHEMBL4571274,-6.7
FUS,CHEMBL4571281,-6.7
FUS,CHEMBL4571314,-6.9
FUS,CHEMBL4571316,-6.8
FUS,CHEMBL4571330,-6.7
FUS,CHEMBL4571341,-6.7
FUS,CHEMBL4571371,-6.6
FUS,CHEMBL4571380,-6.5
FUS,CHEMBL4571384,-6.5
FUS,CHEMBL4571401,-6.5
FUS,CHEMBL4571423,-7.5
FUS,CHEMBL4571430,-6.6
FUS,CHEMBL4571445,-6.5
FUS,CHEMBL4571467,-6.6
FUS,CHEMBL4571472,-6.5
FUS,CHEMBL4571478,-6.6
FUS,CHEMBL4571505,-6.8
FUS,CHEMBL4571537,-6.5
FUS,CHEMBL4571571,-6.5
FUS,CHEMBL4571685,-6.5
FUS,CHEMBL4571778,-6.6
FUS,CHEMBL4571844,-6.9
FUS,CHEMBL4571868,-6.7
FUS,CHEMBL4571884,-6.6
FUS,CHEMBL4571926,-6.5
FUS,CHEMBL4571945,-6.5
FUS,CHEMBL4571947,-6.7
FUS,CHEMBL4572000,-6.5
FUS,CHEMBL4572007,-6.9
FUS,CHEMBL4572013,-6.5
FUS,CHEMBL4572046,-6.5
FUS,CHEMBL4572055,-6.8
FUS,CHEMBL4572079,-6.7
FUS,CHEMBL4572126,-6.7
FUS,CHEMBL4572128,-6.6
FUS,CHEMBL4572169,-6.5
FUS,CHEMBL4572191,-6.9
FUS,CHEMBL4572210,-6.6
FUS,CHEMBL4572216,-6.5
FUS,CHEMBL4572236,-6.6
FUS,CHEMBL4572267,-6.5
FUS,CHEMBL4572563,-6.5
FUS,CHEMBL4572621,-7.3
FUS,CHEMBL4572623,-6.6
FUS,CHEMBL4572759,-6.7
FUS,CHEMBL4572765,-6.6
FUS,CHEMBL4572782,-6.6
FUS,CHEMBL4572784,-7.0
FUS,CHEMBL4572786,-7.0
FUS,CHEMBL4572793,-7.3
FUS,CHEMBL4572802,-7.2
FUS,CHEMBL4572828,-7.1
FUS,CHEMBL4572836,-6.5
FUS,CHEMBL4572869,-6.5
FUS,CHEMBL4572876,-6.8
FUS,CHEMBL4572881,-6.6
FUS,CHEMBL4572894,-6.6
FUS,CHEMBL4572900,-6.8
FUS,CHEMBL4572947,-6.5
FUS,CHEMBL4572988,-6.5
FUS,CHEMBL4573066,-6.6
FUS,CHEMBL4573117,-6.7
FUS,CHEMBL4573120,-6.7
FUS,CHEMBL4573125,-7.0
FUS,CHEMBL4573129,-6.5
FUS,CHEMBL4573172,-6.6
FUS,CHEMBL4573220,-6.7
FUS,CHEMBL4573259,-6.7
FUS,CHEMBL4573275,-6.5
FUS,CHEMBL4573276,-6.5
FUS,CHEMBL4573292,-7.0
FUS,CHEMBL4573326,-6.5
FUS,CHEMBL4573367,-7.0
FUS,CHEMBL4573391,-6.5
FUS,CHEMBL4573400,-6.7
FUS,CHEMBL4573424,-6.5
FUS,CHEMBL4573426,-6.5
FUS,CHEMBL4573482,-6.5
FUS,CHEMBL4573495,-6.5
FUS,CHEMBL45735,-6.5
FUS,CHEMBL4573502,-6.7
FUS,CHEMBL4573505,-6.9
FUS,CHEMBL4573506,-6.5
FUS,CHEMBL4573515,-6.5
FUS,CHEMBL4573526,-6.5
FUS,CHEMBL4573532,-7.0
FUS,CHEMBL4573563,-6.7
FUS,CHEMBL4573564,-6.7
FUS,CHEMBL4573571,-6.6
FUS,CHEMBL4573576,-6.6
FUS,CHEMBL4573630,-7.0
FUS,CHEMBL4573649,-6.5
FUS,CHEMBL4573652,-6.8
FUS,CHEMBL4573657,-6.5
FUS,CHEMBL4573665,-7.2
FUS,CHEMBL4573757,-6.6
FUS,CHEMBL4573763,-6.5
FUS,CHEMBL4573793,-6.5
FUS,CHEMBL4573886,-7.5
FUS,CHEMBL4573895,-6.5
FUS,CHEMBL4573939,-7.1
FUS,CHEMBL4573944,-6.7
FUS,CHEMBL4573955,-6.5
FUS,CHEMBL4573983,-7.4
FUS,CHEMBL4574000,-6.6
FUS,CHEMBL4574112,-6.7
FUS,CHEMBL4574116,-7.0
FUS,CHEMBL4574194,-6.5
FUS,CHEMBL4574201,-6.6
FUS,CHEMBL4574204,-6.6
FUS,CHEMBL4574206,-6.7
FUS,CHEMBL4574530,-7.5
FUS,CHEMBL4574605,-7.2
FUS,CHEMBL4574611,-6.8
FUS,CHEMBL4574620,-6.8
FUS,CHEMBL4574630,-6.5
FUS,CHEMBL4574731,-6.7
FUS,CHEMBL4574749,-6.5
FUS,CHEMBL4574765,-6.5
FUS,CHEMBL4574827,-6.6
FUS,CHEMBL4574860,-6.5
FUS,CHEMBL4574862,-7.6
FUS,CHEMBL4574863,-6.5
FUS,CHEMBL4574920,-6.9
FUS,CHEMBL4574924,-6.8
FUS,CHEMBL4574953,-6.9
FUS,CHEMBL4574977,-6.7
FUS,CHEMBL4575003,-6.8
FUS,CHEMBL4575020,-6.9
FUS,CHEMBL4575035,-6.6
FUS,CHEMBL4575036,-6.6
FUS,CHEMBL4575062,-7.1
FUS,CHEMBL4575069,-7.3
FUS,CHEMBL4575080,-6.9
FUS,CHEMBL4575162,-6.5
FUS,CHEMBL4575176,-6.7
FUS,CHEMBL4575187,-6.8
FUS,CHEMBL4575352,-6.9
FUS,CHEMBL4575412,-6.7
FUS,CHEMBL4575423,-6.7
FUS,CHEMBL4575446,-6.7
FUS,CHEMBL4575516,-6.7
FUS,CHEMBL4575533,-6.8
FUS,CHEMBL4575539,-6.5
FUS,CHEMBL4575603,-6.9
FUS,CHEMBL4575619,-6.6
FUS,CHEMBL4575703,-6.6
FUS,CHEMBL4575707,-6.8
FUS,CHEMBL4575712,-6.6
FUS,CHEMBL4575782,-6.5
FUS,CHEMBL4575906,-6.6
FUS,CHEMBL45799,-6.6
FUS,CHEMBL4580639,-6.8
FUS,CHEMBL4580644,-6.9
FUS,CHEMBL4580645,-6.7
FUS,CHEMBL4580651,-6.5
FUS,CHEMBL4580671,-6.9
FUS,CHEMBL4580728,-6.9
FUS,CHEMBL4580755,-7.0
FUS,CHEMBL4580772,-6.6
FUS,CHEMBL4580828,-6.7
FUS,CHEMBL4580868,-6.7
FUS,CHEMBL4580885,-6.8
FUS,CHEMBL4580923,-7.3
FUS,CHEMBL4580943,-6.7
FUS,CHEMBL4580953,-7.4
FUS,CHEMBL4580955,-6.7
FUS,CHEMBL4580982,-6.6
FUS,CHEMBL4581008,-6.9
FUS,CHEMBL4581026,-6.5
FUS,CHEMBL4581030,-6.8
FUS,CHEMBL4581033,-6.5
FUS,CHEMBL4581076,-6.8
FUS,CHEMBL4581079,-7.0
FUS,CHEMBL4581091,-6.5
FUS,CHEMBL4581099,-6.6
FUS,CHEMBL4581114,-7.0
FUS,CHEMBL4581139,-6.5
FUS,CHEMBL4581144,-7.5
FUS,CHEMBL4581153,-6.8
FUS,CHEMBL4581156,-6.5
FUS,CHEMBL4581179,-6.6
FUS,CHEMBL4581184,-6.8
FUS,CHEMBL4581185,-6.7
FUS,CHEMBL4581197,-7.0
FUS,CHEMBL4581200,-6.7
FUS,CHEMBL4581213,-6.9
FUS,CHEMBL4581217,-7.1
FUS,CHEMBL4581238,-6.7
FUS,CHEMBL4581253,-7.2
FUS,CHEMBL4581258,-6.6
FUS,CHEMBL4581275,-7.3
FUS,CHEMBL4581289,-7.8
FUS,CHEMBL4581297,-6.8
FUS,CHEMBL4581299,-6.7
FUS,CHEMBL4581336,-6.9
FUS,CHEMBL4581412,-6.5
FUS,CHEMBL4581424,-6.5
FUS,CHEMBL4581455,-6.5
FUS,CHEMBL4581459,-6.7
FUS,CHEMBL4581474,-6.6
FUS,CHEMBL4581476,-7.6
FUS,CHEMBL4581503,-6.7
FUS,CHEMBL4581517,-6.7
FUS,CHEMBL4581567,-7.3
FUS,CHEMBL4581625,-6.5
FUS,CHEMBL4581690,-6.5
FUS,CHEMBL4581697,-7.3
FUS,CHEMBL4581701,-6.6
FUS,CHEMBL4581741,-6.6
FUS,CHEMBL4581760,-6.5
FUS,CHEMBL4581767,-7.7
FUS,CHEMBL4581775,-6.6
FUS,CHEMBL4581786,-7.0
FUS,CHEMBL4581793,-6.5
FUS,CHEMBL4581811,-6.5
FUS,CHEMBL4581829,-7.1
FUS,CHEMBL4581833,-7.1
FUS,CHEMBL4581867,-6.8
FUS,CHEMBL4581878,-6.7
FUS,CHEMBL4581886,-6.8
FUS,CHEMBL4581890,-7.0
FUS,CHEMBL4581905,-7.2
FUS,CHEMBL4581931,-6.5
FUS,CHEMBL4581932,-6.8
FUS,CHEMBL4581933,-6.6
FUS,CHEMBL4581958,-6.6
FUS,CHEMBL4581966,-7.1
FUS,CHEMBL4581967,-7.3
FUS,CHEMBL4581974,-7.0
FUS,CHEMBL4582211,-7.1
FUS,CHEMBL4582219,-6.6
FUS,CHEMBL4582236,-6.8
FUS,CHEMBL4582240,-6.5
FUS,CHEMBL4582280,-8.1
FUS,CHEMBL4582301,-7.1
FUS,CHEMBL4582312,-6.8
FUS,CHEMBL4582324,-6.5
FUS,CHEMBL4582401,-6.6
FUS,CHEMBL4582406,-7.1
FUS,CHEMBL4582427,-6.8
FUS,CHEMBL4582454,-6.8
FUS,CHEMBL4582524,-6.8
FUS,CHEMBL4582532,-6.6
FUS,CHEMBL4582573,-6.6
FUS,CHEMBL4582617,-7.3
FUS,CHEMBL4582729,-6.5
FUS,CHEMBL4582732,-6.6
FUS,CHEMBL4582738,-6.6
FUS,CHEMBL4583398,-7.8
FUS,CHEMBL4583435,-6.5
FUS,CHEMBL4583462,-6.5
FUS,CHEMBL4583525,-6.5
FUS,CHEMBL4583574,-6.5
FUS,CHEMBL4583616,-6.5
FUS,CHEMBL4583617,-6.5
FUS,CHEMBL4583626,-6.5
FUS,CHEMBL4583640,-6.7
FUS,CHEMBL4583650,-7.3
FUS,CHEMBL4584616,-6.6
FUS,CHEMBL4584626,-6.6
FUS,CHEMBL4584658,-6.5
FUS,CHEMBL4584678,-6.6
FUS,CHEMBL4584689,-6.6
FUS,CHEMBL4584767,-6.5
FUS,CHEMBL4584771,-6.5
FUS,CHEMBL4584797,-6.8
FUS,CHEMBL4584807,-7.9
FUS,CHEMBL4584853,-6.6
FUS,CHEMBL4584887,-6.9
FUS,CHEMBL4584894,-6.7
FUS,CHEMBL4584906,-7.5
FUS,CHEMBL4584914,-6.5
FUS,CHEMBL4584933,-7.0
FUS,CHEMBL4584942,-6.6
FUS,CHEMBL4584949,-6.9
FUS,CHEMBL4584951,-6.9
FUS,CHEMBL4584966,-6.7
FUS,CHEMBL4584967,-6.7
FUS,CHEMBL4584973,-6.6
FUS,CHEMBL4585010,-6.5
FUS,CHEMBL4585042,-6.6
FUS,CHEMBL4585057,-7.0
FUS,CHEMBL4585059,-6.6
FUS,CHEMBL4585076,-6.7
FUS,CHEMBL4585101,-7.2
FUS,CHEMBL4585164,-6.6
FUS,CHEMBL4585282,-7.0
FUS,CHEMBL4585295,-6.6
FUS,CHEMBL4585312,-7.4
FUS,CHEMBL4585375,-6.6
FUS,CHEMBL45857,-6.6
FUS,CHEMBL45883,-6.6
FUS,CHEMBL45955,-6.5
FUS,CHEMBL45977,-6.6
FUS,CHEMBL460540,-6.6
FUS,CHEMBL46150,-7.2
FUS,CHEMBL461980,-6.5
FUS,CHEMBL46211,-6.8
FUS,CHEMBL46263,-7.3
FUS,CHEMBL46319,-6.6
FUS,CHEMBL46332,-6.6
FUS,CHEMBL46343,-6.6
FUS,CHEMBL4634641,-6.7
FUS,CHEMBL4634647,-6.5
FUS,CHEMBL4634678,-6.7
FUS,CHEMBL4634693,-6.5
FUS,CHEMBL4634698,-6.7
FUS,CHEMBL4634712,-6.6
FUS,CHEMBL4634721,-6.8
FUS,CHEMBL4634723,-6.9
FUS,CHEMBL4634767,-6.5
FUS,CHEMBL4634782,-6.5
FUS,CHEMBL4634790,-7.2
FUS,CHEMBL4634793,-6.8
FUS,CHEMBL4634804,-6.8
FUS,CHEMBL4634820,-7.0
FUS,CHEMBL4634834,-6.9
FUS,CHEMBL4634838,-6.6
FUS,CHEMBL4634868,-6.6
FUS,CHEMBL4634870,-6.8
FUS,CHEMBL4634877,-6.8
FUS,CHEMBL4634909,-6.5
FUS,CHEMBL4634911,-6.5
FUS,CHEMBL4634950,-6.6
FUS,CHEMBL4634955,-6.7
FUS,CHEMBL4634962,-6.6
FUS,CHEMBL4634972,-7.0
FUS,CHEMBL4634976,-6.6
FUS,CHEMBL4634980,-7.7
FUS,CHEMBL4634989,-7.3
FUS,CHEMBL4634995,-7.7
FUS,CHEMBL4634998,-6.6
FUS,CHEMBL4635018,-6.8
FUS,CHEMBL4635038,-6.8
FUS,CHEMBL4635068,-6.5
FUS,CHEMBL4635079,-6.6
FUS,CHEMBL4635089,-6.5
FUS,CHEMBL4635111,-6.6
FUS,CHEMBL4635115,-6.8
FUS,CHEMBL4635119,-6.5
FUS,CHEMBL4635157,-7.1
FUS,CHEMBL4635162,-6.9
FUS,CHEMBL4635218,-6.6
FUS,CHEMBL4635220,-7.6
FUS,CHEMBL4635222,-7.0
FUS,CHEMBL4635231,-6.8
FUS,CHEMBL4635237,-6.9
FUS,CHEMBL4635239,-6.5
FUS,CHEMBL4635242,-7.0
FUS,CHEMBL4635274,-7.2
FUS,CHEMBL4635278,-6.7
FUS,CHEMBL4635318,-6.6
FUS,CHEMBL4635330,-7.0
FUS,CHEMBL4635354,-6.6
FUS,CHEMBL4635374,-6.7
FUS,CHEMBL4635384,-6.5
FUS,CHEMBL4635392,-6.7
FUS,CHEMBL4635394,-7.1
FUS,CHEMBL4635402,-6.7
FUS,CHEMBL4635410,-6.5
FUS,CHEMBL4635418,-6.6
FUS,CHEMBL4635422,-6.5
FUS,CHEMBL4635468,-7.1
FUS,CHEMBL4635528,-6.7
FUS,CHEMBL4635564,-6.7
FUS,CHEMBL4635582,-6.8
FUS,CHEMBL4635595,-7.2
FUS,CHEMBL46356,-6.6
FUS,CHEMBL4635630,-6.5
FUS,CHEMBL4635662,-7.3
FUS,CHEMBL4635673,-7.3
FUS,CHEMBL4635697,-6.5
FUS,CHEMBL4635700,-6.6
FUS,CHEMBL4635725,-6.8
FUS,CHEMBL4635738,-6.9
FUS,CHEMBL4635744,-6.7
FUS,CHEMBL4635757,-6.7
FUS,CHEMBL4635827,-6.8
FUS,CHEMBL4635830,-6.7
FUS,CHEMBL4635837,-6.5
FUS,CHEMBL4635845,-7.2
FUS,CHEMBL4635846,-7.0
FUS,CHEMBL4635872,-6.6
FUS,CHEMBL4635886,-6.9
FUS,CHEMBL4635896,-6.5
FUS,CHEMBL4635911,-6.6
FUS,CHEMBL4635938,-7.3
FUS,CHEMBL4635945,-6.5
FUS,CHEMBL4635964,-6.6
FUS,CHEMBL4636035,-6.5
FUS,CHEMBL4636050,-6.6
FUS,CHEMBL4636055,-6.5
FUS,CHEMBL4636056,-6.8
FUS,CHEMBL4636065,-6.5
FUS,CHEMBL4636072,-6.6
FUS,CHEMBL4636119,-6.5
FUS,CHEMBL4636142,-6.5
FUS,CHEMBL4636149,-6.7
FUS,CHEMBL4636168,-6.7
FUS,CHEMBL4636178,-6.7
FUS,CHEMBL4636179,-6.8
FUS,CHEMBL4636184,-7.1
FUS,CHEMBL4636189,-6.7
FUS,CHEMBL4636208,-6.8
FUS,CHEMBL4636227,-6.5
FUS,CHEMBL4636253,-7.2
FUS,CHEMBL4636263,-6.8
FUS,CHEMBL4636271,-6.6
FUS,CHEMBL4636304,-6.7
FUS,CHEMBL4636312,-6.6
FUS,CHEMBL4636314,-6.5
FUS,CHEMBL4636332,-6.6
FUS,CHEMBL4636346,-6.5
FUS,CHEMBL4636372,-7.1
FUS,CHEMBL4636373,-6.9
FUS,CHEMBL4636403,-6.6
FUS,CHEMBL4636405,-6.8
FUS,CHEMBL4636412,-7.0
FUS,CHEMBL4636419,-6.6
FUS,CHEMBL4636424,-6.7
FUS,CHEMBL4636431,-7.0
FUS,CHEMBL4636443,-6.8
FUS,CHEMBL4636460,-6.9
FUS,CHEMBL4636475,-6.5
FUS,CHEMBL4636486,-7.0
FUS,CHEMBL4636523,-6.5
FUS,CHEMBL4636543,-6.5
FUS,CHEMBL4636565,-6.5
FUS,CHEMBL4636596,-6.8
FUS,CHEMBL4636614,-6.7
FUS,CHEMBL4636615,-6.7
FUS,CHEMBL4636617,-7.1
FUS,CHEMBL4636629,-7.2
FUS,CHEMBL4636651,-6.6
FUS,CHEMBL4636663,-6.6
FUS,CHEMBL4636665,-6.6
FUS,CHEMBL4636666,-6.9
FUS,CHEMBL4636670,-6.7
FUS,CHEMBL4636684,-6.6
FUS,CHEMBL4636707,-7.6
FUS,CHEMBL4636712,-6.8
FUS,CHEMBL4636727,-7.0
FUS,CHEMBL4636752,-7.1
FUS,CHEMBL4636771,-7.5
FUS,CHEMBL4636783,-6.5
FUS,CHEMBL4636792,-6.9
FUS,CHEMBL4636838,-6.5
FUS,CHEMBL4636843,-6.6
FUS,CHEMBL4636846,-6.5
FUS,CHEMBL4636903,-6.5
FUS,CHEMBL4636909,-6.5
FUS,CHEMBL4636954,-6.8
FUS,CHEMBL4636970,-6.6
FUS,CHEMBL4636973,-6.7
FUS,CHEMBL4636984,-6.7
FUS,CHEMBL4636992,-6.5
FUS,CHEMBL4637014,-6.7
FUS,CHEMBL4637015,-6.9
FUS,CHEMBL4637020,-6.7
FUS,CHEMBL4637027,-6.8
FUS,CHEMBL4637048,-6.5
FUS,CHEMBL4637052,-6.8
FUS,CHEMBL4637056,-6.5
FUS,CHEMBL4637069,-6.5
FUS,CHEMBL4637095,-6.5
FUS,CHEMBL4637138,-6.7
FUS,CHEMBL4637151,-6.6
FUS,CHEMBL4637154,-6.7
FUS,CHEMBL4637180,-6.8
FUS,CHEMBL4637218,-6.5
FUS,CHEMBL4637251,-6.9
FUS,CHEMBL4637278,-6.8
FUS,CHEMBL4637291,-6.8
FUS,CHEMBL4637301,-7.1
FUS,CHEMBL4637305,-7.2
FUS,CHEMBL4637320,-6.5
FUS,CHEMBL4637326,-6.9
FUS,CHEMBL4637344,-6.7
FUS,CHEMBL4637348,-6.8
FUS,CHEMBL4637387,-6.5
FUS,CHEMBL4637411,-6.5
FUS,CHEMBL4637415,-6.9
FUS,CHEMBL4637418,-6.5
FUS,CHEMBL4637430,-7.4
FUS,CHEMBL4637458,-6.6
FUS,CHEMBL4637464,-6.6
FUS,CHEMBL4637486,-6.8
FUS,CHEMBL4637487,-6.6
FUS,CHEMBL4637493,-6.9
FUS,CHEMBL4637495,-6.5
FUS,CHEMBL4637502,-6.5
FUS,CHEMBL4637505,-7.4
FUS,CHEMBL4637509,-6.8
FUS,CHEMBL4637553,-6.8
FUS,CHEMBL4637566,-7.8
FUS,CHEMBL4637570,-6.5
FUS,CHEMBL4637586,-6.6
FUS,CHEMBL4637598,-6.8
FUS,CHEMBL4637624,-6.5
FUS,CHEMBL4637630,-6.5
FUS,CHEMBL4637649,-6.5
FUS,CHEMBL4637669,-7.0
FUS,CHEMBL4637676,-6.7
FUS,CHEMBL4637683,-6.5
FUS,CHEMBL4637696,-6.5
FUS,CHEMBL4637704,-6.6
FUS,CHEMBL4637714,-6.7
FUS,CHEMBL4637724,-6.5
FUS,CHEMBL4637757,-6.9
FUS,CHEMBL4637764,-7.2
FUS,CHEMBL4637766,-6.5
FUS,CHEMBL4637788,-7.5
FUS,CHEMBL4637790,-6.5
FUS,CHEMBL4637795,-6.8
FUS,CHEMBL4637802,-6.7
FUS,CHEMBL4637815,-6.9
FUS,CHEMBL4637835,-6.5
FUS,CHEMBL4637848,-7.2
FUS,CHEMBL4637854,-6.8
FUS,CHEMBL4637856,-6.8
FUS,CHEMBL4637870,-6.8
FUS,CHEMBL4637895,-6.9
FUS,CHEMBL4637917,-6.6
FUS,CHEMBL4637918,-6.6
FUS,CHEMBL4637923,-6.5
FUS,CHEMBL4637943,-6.6
FUS,CHEMBL4637967,-6.8
FUS,CHEMBL4637973,-7.2
FUS,CHEMBL4637979,-6.6
FUS,CHEMBL4637996,-6.5
FUS,CHEMBL4637998,-6.6
FUS,CHEMBL4638014,-6.9
FUS,CHEMBL4638029,-7.1
FUS,CHEMBL4638039,-6.8
FUS,CHEMBL4638055,-6.5
FUS,CHEMBL4638061,-6.6
FUS,CHEMBL4638094,-6.6
FUS,CHEMBL4638101,-6.6
FUS,CHEMBL4638112,-7.0
FUS,CHEMBL4638125,-6.5
FUS,CHEMBL4638127,-6.8
FUS,CHEMBL4638145,-6.8
FUS,CHEMBL4638148,-7.0
FUS,CHEMBL4638150,-6.6
FUS,CHEMBL4638186,-6.6
FUS,CHEMBL4638187,-6.7
FUS,CHEMBL4638224,-6.7
FUS,CHEMBL4638231,-6.9
FUS,CHEMBL4638274,-6.5
FUS,CHEMBL4638295,-6.8
FUS,CHEMBL4638320,-6.8
FUS,CHEMBL4638338,-6.7
FUS,CHEMBL4638351,-6.6
FUS,CHEMBL4638356,-6.7
FUS,CHEMBL4638367,-7.1
FUS,CHEMBL4638394,-6.8
FUS,CHEMBL4638397,-6.7
FUS,CHEMBL4638412,-6.6
FUS,CHEMBL4638432,-6.5
FUS,CHEMBL4638443,-6.5
FUS,CHEMBL4638475,-6.8
FUS,CHEMBL4638479,-6.6
FUS,CHEMBL4638480,-6.6
FUS,CHEMBL4638491,-6.5
FUS,CHEMBL4638495,-7.4
FUS,CHEMBL4638498,-6.5
FUS,CHEMBL4638519,-6.6
FUS,CHEMBL4638521,-6.5
FUS,CHEMBL4638524,-6.5
FUS,CHEMBL4638528,-6.6
FUS,CHEMBL4638536,-6.6
FUS,CHEMBL4638559,-6.7
FUS,CHEMBL4638560,-7.0
FUS,CHEMBL4638565,-6.7
FUS,CHEMBL4638566,-6.5
FUS,CHEMBL4638569,-6.8
FUS,CHEMBL4638609,-6.8
FUS,CHEMBL4638611,-7.2
FUS,CHEMBL4638613,-6.9
FUS,CHEMBL4638631,-6.7
FUS,CHEMBL4638633,-6.5
FUS,CHEMBL4638644,-7.0
FUS,CHEMBL4638654,-7.5
FUS,CHEMBL4638698,-6.5
FUS,CHEMBL4638702,-6.6
FUS,CHEMBL4638705,-6.5
FUS,CHEMBL4638713,-7.2
FUS,CHEMBL4638719,-6.5
FUS,CHEMBL4638758,-6.6
FUS,CHEMBL4638775,-7.0
FUS,CHEMBL4638783,-7.0
FUS,CHEMBL4638787,-6.8
FUS,CHEMBL4638790,-7.2
FUS,CHEMBL4638803,-6.8
FUS,CHEMBL4638848,-6.7
FUS,CHEMBL4638878,-6.7
FUS,CHEMBL4638880,-6.5
FUS,CHEMBL4638881,-6.7
FUS,CHEMBL4638885,-6.6
FUS,CHEMBL4638887,-6.5
FUS,CHEMBL4638909,-6.5
FUS,CHEMBL4638914,-7.0
FUS,CHEMBL4638917,-6.6
FUS,CHEMBL4638932,-6.5
FUS,CHEMBL4638941,-6.6
FUS,CHEMBL4638969,-7.2
FUS,CHEMBL4638972,-6.7
FUS,CHEMBL4638979,-6.8
FUS,CHEMBL4638981,-7.1
FUS,CHEMBL4638982,-6.7
FUS,CHEMBL4638987,-6.5
FUS,CHEMBL4639022,-6.8
FUS,CHEMBL4639049,-6.5
FUS,CHEMBL4639074,-6.5
FUS,CHEMBL4639076,-6.7
FUS,CHEMBL4639079,-6.5
FUS,CHEMBL4639108,-6.8
FUS,CHEMBL4639136,-6.5
FUS,CHEMBL4639158,-6.5
FUS,CHEMBL4639159,-6.7
FUS,CHEMBL4639184,-6.6
FUS,CHEMBL4639196,-6.5
FUS,CHEMBL4639205,-6.8
FUS,CHEMBL4639209,-6.7
FUS,CHEMBL4639214,-6.7
FUS,CHEMBL4639216,-7.0
FUS,CHEMBL4639219,-6.6
FUS,CHEMBL4639227,-6.5
FUS,CHEMBL4639252,-6.7
FUS,CHEMBL4639257,-6.6
FUS,CHEMBL4639260,-6.5
FUS,CHEMBL4639272,-6.8
FUS,CHEMBL4639278,-6.9
FUS,CHEMBL4639292,-6.8
FUS,CHEMBL4639310,-6.5
FUS,CHEMBL4639315,-6.8
FUS,CHEMBL4639319,-6.7
FUS,CHEMBL4639349,-7.1
FUS,CHEMBL4639356,-6.7
FUS,CHEMBL4639360,-6.9
FUS,CHEMBL4639364,-6.7
FUS,CHEMBL4639367,-6.5
FUS,CHEMBL4639369,-6.9
FUS,CHEMBL4639427,-6.9
FUS,CHEMBL4639428,-6.5
FUS,CHEMBL4639487,-6.5
FUS,CHEMBL4639490,-6.9
FUS,CHEMBL4639502,-6.7
FUS,CHEMBL4639528,-6.6
FUS,CHEMBL4639537,-6.8
FUS,CHEMBL4639566,-6.7
FUS,CHEMBL4639568,-6.6
FUS,CHEMBL4639572,-6.5
FUS,CHEMBL4639585,-6.8
FUS,CHEMBL4639596,-6.7
FUS,CHEMBL4639597,-6.5
FUS,CHEMBL4639622,-6.6
FUS,CHEMBL4639624,-6.8
FUS,CHEMBL4639634,-6.8
FUS,CHEMBL4639680,-6.5
FUS,CHEMBL4639693,-6.7
FUS,CHEMBL4639708,-6.5
FUS,CHEMBL4639715,-6.9
FUS,CHEMBL4639734,-6.7
FUS,CHEMBL4639739,-6.9
FUS,CHEMBL4639751,-6.8
FUS,CHEMBL46434,-6.6
FUS,CHEMBL464861,-7.1
FUS,CHEMBL46502,-7.1
FUS,CHEMBL46542,-6.9
FUS,CHEMBL46631,-6.9
FUS,CHEMBL46633,-6.8
FUS,CHEMBL46656,-6.6
FUS,CHEMBL46686,-6.6
FUS,CHEMBL46747,-6.5
FUS,CHEMBL46751,-6.6
FUS,CHEMBL46785,-6.5
FUS,CHEMBL46795,-6.5
FUS,CHEMBL46884,-7.0
FUS,CHEMBL47107,-6.7
FUS,CHEMBL47118,-6.8
FUS,CHEMBL47163,-6.7
FUS,CHEMBL47242,-6.6
FUS,CHEMBL47376,-7.1
FUS,CHEMBL47430,-7.0
FUS,CHEMBL47433,-6.8
FUS,CHEMBL47498,-6.9
FUS,CHEMBL47662,-6.7
FUS,CHEMBL47689,-6.5
FUS,CHEMBL47719,-7.0
FUS,CHEMBL47748,-6.5
FUS,CHEMBL47861,-6.9
FUS,CHEMBL47866,-7.2
FUS,CHEMBL47914,-6.5
FUS,CHEMBL48009,-6.9
FUS,CHEMBL48038,-6.6
FUS,CHEMBL48192,-6.5
FUS,CHEMBL48206,-6.5
FUS,CHEMBL48284,-6.5
FUS,CHEMBL48361,-6.9
FUS,CHEMBL48409,-6.8
FUS,CHEMBL48413,-6.5
FUS,CHEMBL48421,-6.6
FUS,CHEMBL48475,-6.6
FUS,CHEMBL48563,-6.7
FUS,CHEMBL48604,-6.7
FUS,CHEMBL48670,-6.7
FUS,CHEMBL48685,-6.7
FUS,CHEMBL48713,-7.0
FUS,CHEMBL48741,-6.6
FUS,CHEMBL48767,-6.9
FUS,CHEMBL48827,-6.6
FUS,CHEMBL48856,-6.7
FUS,CHEMBL48867,-6.9
FUS,CHEMBL48876,-7.4
FUS,CHEMBL48906,-6.7
FUS,CHEMBL49006,-6.6
FUS,CHEMBL49085,-6.9
FUS,CHEMBL49176,-6.5
FUS,CHEMBL49190,-7.0
FUS,CHEMBL49206,-6.5
FUS,CHEMBL49224,-6.6
FUS,CHEMBL49232,-6.8
FUS,CHEMBL49233,-6.6
FUS,CHEMBL49293,-6.6
FUS,CHEMBL49295,-6.5
FUS,CHEMBL49423,-6.9
FUS,CHEMBL49429,-6.5
FUS,CHEMBL49449,-6.8
FUS,CHEMBL49496,-6.8
FUS,CHEMBL495255,-6.5
FUS,CHEMBL495322,-6.9
FUS,CHEMBL49558,-6.6
FUS,CHEMBL495865,-6.5
FUS,CHEMBL495867,-6.8
FUS,CHEMBL49587,-6.7
FUS,CHEMBL495875,-6.6
FUS,CHEMBL495941,-6.5
FUS,CHEMBL495952,-6.9
FUS,CHEMBL496019,-6.5
FUS,CHEMBL496020,-6.5
FUS,CHEMBL496325,-6.5
FUS,CHEMBL496484,-6.5
FUS,CHEMBL496629,-6.9
FUS,CHEMBL49689,-6.6
FUS,CHEMBL49694,-6.6
FUS,CHEMBL497026,-7.1
FUS,CHEMBL497029,-6.5
FUS,CHEMBL49704,-7.1
FUS,CHEMBL49725,-8.1
FUS,CHEMBL497266,-6.5
FUS,CHEMBL497559,-7.0
FUS,CHEMBL497688,-6.7
FUS,CHEMBL497690,-6.5
FUS,CHEMBL497736,-6.7
FUS,CHEMBL497737,-7.0
FUS,CHEMBL497763,-7.1
FUS,CHEMBL497786,-6.6
FUS,CHEMBL497819,-6.5
FUS,CHEMBL497838,-6.7
FUS,CHEMBL497839,-6.5
FUS,CHEMBL497883,-6.5
FUS,CHEMBL497907,-6.5
FUS,CHEMBL49796,-6.5
FUS,CHEMBL497979,-6.7
FUS,CHEMBL497980,-6.6
FUS,CHEMBL497986,-6.6
FUS,CHEMBL498006,-6.6
FUS,CHEMBL498013,-7.1
FUS,CHEMBL498024,-6.8
FUS,CHEMBL498025,-6.7
FUS,CHEMBL498028,-7.0
FUS,CHEMBL498070,-6.6
FUS,CHEMBL498093,-7.0
FUS,CHEMBL498112,-7.2
FUS,CHEMBL498113,-6.9
FUS,CHEMBL498126,-6.5
FUS,CHEMBL498148,-6.6
FUS,CHEMBL498166,-7.1
FUS,CHEMBL498198,-6.7
FUS,CHEMBL498202,-6.6
FUS,CHEMBL498214,-6.7
FUS,CHEMBL498230,-6.7
FUS,CHEMBL498254,-6.7
FUS,CHEMBL498269,-7.1
FUS,CHEMBL498290,-6.9
FUS,CHEMBL498307,-6.5
FUS,CHEMBL498323,-6.5
FUS,CHEMBL498331,-7.2
FUS,CHEMBL498347,-6.9
FUS,CHEMBL498348,-6.7
FUS,CHEMBL498375,-6.6
FUS,CHEMBL498379,-6.6
FUS,CHEMBL49838,-6.6
FUS,CHEMBL498396,-6.6
FUS,CHEMBL498441,-6.5
FUS,CHEMBL498458,-6.9
FUS,CHEMBL498459,-6.6
FUS,CHEMBL498488,-6.7
FUS,CHEMBL498594,-6.9
FUS,CHEMBL498610,-6.7
FUS,CHEMBL498634,-6.9
FUS,CHEMBL498698,-6.6
FUS,CHEMBL498709,-6.8
FUS,CHEMBL498713,-6.8
FUS,CHEMBL49873,-6.5
FUS,CHEMBL498752,-6.8
FUS,CHEMBL498760,-6.7
FUS,CHEMBL498785,-6.6
FUS,CHEMBL498833,-6.5
FUS,CHEMBL498848,-6.5
FUS,CHEMBL498858,-6.9
FUS,CHEMBL498877,-6.5
FUS,CHEMBL498879,-6.8
FUS,CHEMBL498884,-6.8
FUS,CHEMBL498897,-6.6
FUS,CHEMBL498907,-6.8
FUS,CHEMBL49894,-6.8
FUS,CHEMBL498942,-6.6
FUS,CHEMBL499022,-6.6
FUS,CHEMBL499039,-7.4
FUS,CHEMBL499149,-7.2
FUS,CHEMBL499202,-7.1
FUS,CHEMBL499227,-7.2
FUS,CHEMBL499245,-6.6
FUS,CHEMBL499280,-7.0
FUS,CHEMBL499350,-6.5
FUS,CHEMBL499356,-6.7
FUS,CHEMBL499445,-7.9
FUS,CHEMBL499475,-6.6
FUS,CHEMBL499488,-6.6
FUS,CHEMBL499534,-6.5
FUS,CHEMBL499555,-7.1
FUS,CHEMBL499561,-6.8
FUS,CHEMBL49958,-6.6
FUS,CHEMBL499587,-7.0
FUS,CHEMBL499594,-6.6
FUS,CHEMBL499599,-6.6
FUS,CHEMBL499617,-6.6
FUS,CHEMBL499624,-6.7
FUS,CHEMBL49969,-6.5
FUS,CHEMBL499693,-7.3
FUS,CHEMBL499696,-6.9
FUS,CHEMBL499750,-6.5
FUS,CHEMBL499795,-6.8
FUS,CHEMBL499846,-6.5
FUS,CHEMBL499859,-6.8
FUS,CHEMBL499952,-6.9
FUS,CHEMBL499961,-7.7
FUS,CHEMBL499969,-6.6
FUS,CHEMBL49999,-6.6
FUS,CHEMBL500027,-6.6
FUS,CHEMBL500051,-7.0
FUS,CHEMBL500059,-6.9
FUS,CHEMBL500100,-7.7
FUS,CHEMBL500112,-6.6
FUS,CHEMBL500118,-6.5
FUS,CHEMBL500172,-6.5
FUS,CHEMBL500217,-6.8
FUS,CHEMBL500220,-6.9
FUS,CHEMBL500240,-6.6
FUS,CHEMBL500246,-6.6
FUS,CHEMBL500322,-6.6
FUS,CHEMBL500349,-6.6
FUS,CHEMBL500369,-7.3
FUS,CHEMBL500370,-6.7
FUS,CHEMBL500374,-7.2
FUS,CHEMBL500379,-6.6
FUS,CHEMBL500380,-6.5
FUS,CHEMBL500384,-6.8
FUS,CHEMBL500389,-6.6
FUS,CHEMBL500422,-6.6
FUS,CHEMBL500565,-7.0
FUS,CHEMBL500593,-6.6
FUS,CHEMBL500600,-6.5
FUS,CHEMBL500643,-6.6
FUS,CHEMBL500662,-6.8
FUS,CHEMBL500684,-6.5
FUS,CHEMBL500686,-6.7
FUS,CHEMBL500696,-6.9
FUS,CHEMBL500700,-7.0
FUS,CHEMBL500710,-6.8
FUS,CHEMBL500736,-6.9
FUS,CHEMBL500744,-7.2
FUS,CHEMBL500750,-6.6
FUS,CHEMBL500755,-7.1
FUS,CHEMBL500762,-6.5
FUS,CHEMBL500777,-7.2
FUS,CHEMBL50081,-6.8
FUS,CHEMBL50090,-6.5
FUS,CHEMBL50091,-6.8
FUS,CHEMBL500915,-7.4
FUS,CHEMBL500947,-6.5
FUS,CHEMBL500962,-6.7
FUS,CHEMBL500990,-7.0
FUS,CHEMBL501014,-7.6
FUS,CHEMBL501047,-6.9
FUS,CHEMBL501087,-6.9
FUS,CHEMBL501111,-6.8
FUS,CHEMBL501115,-7.1
FUS,CHEMBL501116,-7.6
FUS,CHEMBL501129,-7.0
FUS,CHEMBL501130,-6.9
FUS,CHEMBL501143,-6.8
FUS,CHEMBL501169,-6.8
FUS,CHEMBL501175,-6.8
FUS,CHEMBL501211,-6.9
FUS,CHEMBL501280,-7.2
FUS,CHEMBL501281,-6.5
FUS,CHEMBL501285,-6.7
FUS,CHEMBL501462,-6.6
FUS,CHEMBL501491,-6.5
FUS,CHEMBL501498,-7.9
FUS,CHEMBL501565,-6.5
FUS,CHEMBL501603,-7.2
FUS,CHEMBL501661,-6.8
FUS,CHEMBL501675,-7.0
FUS,CHEMBL501681,-6.7
FUS,CHEMBL501683,-6.6
FUS,CHEMBL501686,-7.5
FUS,CHEMBL501687,-7.4
FUS,CHEMBL501703,-6.8
FUS,CHEMBL501732,-6.8
FUS,CHEMBL501749,-6.5
FUS,CHEMBL501777,-7.2
FUS,CHEMBL501808,-6.9
FUS,CHEMBL501837,-7.0
FUS,CHEMBL501858,-7.0
FUS,CHEMBL501859,-6.7
FUS,CHEMBL501863,-7.5
FUS,CHEMBL501881,-6.8
FUS,CHEMBL50191,-6.5
FUS,CHEMBL50192,-7.0
FUS,CHEMBL501933,-8.0
FUS,CHEMBL501957,-8.0
FUS,CHEMBL501959,-7.0
FUS,CHEMBL501963,-6.5
FUS,CHEMBL501964,-7.2
FUS,CHEMBL501969,-6.6
FUS,CHEMBL501973,-7.4
FUS,CHEMBL501974,-6.6
FUS,CHEMBL501998,-6.5
FUS,CHEMBL501999,-6.6
FUS,CHEMBL502014,-7.3
FUS,CHEMBL502092,-6.5
FUS,CHEMBL502113,-7.0
FUS,CHEMBL502119,-6.5
FUS,CHEMBL50215,-6.9
FUS,CHEMBL502154,-7.2
FUS,CHEMBL502202,-6.7
FUS,CHEMBL502227,-6.8
FUS,CHEMBL502237,-6.9
FUS,CHEMBL502243,-6.9
FUS,CHEMBL502245,-6.6
FUS,CHEMBL502250,-6.5
FUS,CHEMBL502264,-6.5
FUS,CHEMBL502283,-6.7
FUS,CHEMBL502292,-6.5
FUS,CHEMBL502311,-6.8
FUS,CHEMBL502322,-6.7
FUS,CHEMBL502357,-6.5
FUS,CHEMBL502382,-6.7
FUS,CHEMBL502407,-6.5
FUS,CHEMBL502441,-6.7
FUS,CHEMBL502444,-6.8
FUS,CHEMBL502451,-6.7
FUS,CHEMBL502467,-7.3
FUS,CHEMBL502503,-6.6
FUS,CHEMBL502540,-6.7
FUS,CHEMBL502548,-6.7
FUS,CHEMBL502563,-7.1
FUS,CHEMBL502641,-6.5
FUS,CHEMBL502653,-6.6
FUS,CHEMBL502720,-7.5
FUS,CHEMBL502829,-6.6
FUS,CHEMBL50284,-6.5
FUS,CHEMBL502937,-6.6
FUS,CHEMBL502972,-6.5
FUS,CHEMBL50298,-6.8
FUS,CHEMBL502984,-7.0
FUS,CHEMBL502985,-6.5
FUS,CHEMBL503027,-6.5
FUS,CHEMBL503046,-8.0
FUS,CHEMBL503090,-6.8
FUS,CHEMBL503114,-6.8
FUS,CHEMBL503115,-6.5
FUS,CHEMBL503139,-6.7
FUS,CHEMBL503143,-7.6
FUS,CHEMBL503182,-7.1
FUS,CHEMBL503252,-6.5
FUS,CHEMBL503253,-6.9
FUS,CHEMBL503260,-8.1
FUS,CHEMBL503270,-6.8
FUS,CHEMBL503314,-6.7
FUS,CHEMBL503325,-6.7
FUS,CHEMBL503377,-6.6
FUS,CHEMBL503388,-6.7
FUS,CHEMBL503463,-7.0
FUS,CHEMBL503505,-7.1
FUS,CHEMBL503550,-7.1
FUS,CHEMBL503583,-6.8
FUS,CHEMBL503591,-6.5
FUS,CHEMBL503608,-6.5
FUS,CHEMBL503615,-7.9
FUS,CHEMBL503616,-7.1
FUS,CHEMBL503652,-6.7
FUS,CHEMBL503683,-6.5
FUS,CHEMBL503699,-6.6
FUS,CHEMBL503752,-7.7
FUS,CHEMBL503759,-6.5
FUS,CHEMBL503772,-7.0
FUS,CHEMBL503781,-6.7
FUS,CHEMBL503810,-7.1
FUS,CHEMBL503848,-6.5
FUS,CHEMBL503862,-7.0
FUS,CHEMBL503901,-6.9
FUS,CHEMBL503902,-6.7
FUS,CHEMBL503919,-6.6
FUS,CHEMBL503951,-6.7
FUS,CHEMBL503980,-7.4
FUS,CHEMBL504024,-6.7
FUS,CHEMBL504052,-7.0
FUS,CHEMBL504136,-7.3
FUS,CHEMBL50418,-6.6
FUS,CHEMBL504190,-6.6
FUS,CHEMBL504194,-6.5
FUS,CHEMBL50425,-6.7
FUS,CHEMBL504278,-6.6
FUS,CHEMBL504311,-6.6
FUS,CHEMBL504354,-6.5
FUS,CHEMBL504397,-6.8
FUS,CHEMBL504398,-6.7
FUS,CHEMBL504406,-6.7
FUS,CHEMBL504415,-7.2
FUS,CHEMBL504581,-6.6
FUS,CHEMBL504638,-6.6
FUS,CHEMBL504644,-6.8
FUS,CHEMBL504698,-6.8
FUS,CHEMBL504788,-7.9
FUS,CHEMBL50490,-6.6
FUS,CHEMBL505002,-6.6
FUS,CHEMBL505029,-6.5
FUS,CHEMBL505036,-6.6
FUS,CHEMBL505053,-6.8
FUS,CHEMBL505077,-7.1
FUS,CHEMBL505127,-6.9
FUS,CHEMBL505168,-8.7
FUS,CHEMBL505225,-6.7
FUS,CHEMBL505268,-6.6
FUS,CHEMBL505289,-7.6
SOD1,ADAPALENE,-6.5
SOD1,AMILORIDE,-6.5
SOD1,ATOGEPANT,-6.7
SOD1,AVAPRITINIB,-6.5
SOD1,BELUMOSUDIL,-6.4
SOD1,BETAMETHASONE,-6.2
SOD1,BETAMETHASONE PHOSPHORIC ACID,-6.7
SOD1,BEXAROTENE,-6.4
SOD1,BICTEGRAVIR,-6.4
SOD1,CANRENONE,-6.3
SOD1,CAPMATINIB,-6.9
SOD1,CARBAMAZEPINE,-6.4
SOD1,CEFTOBIPROLE MEDOCARIL FREE ACID,-6.3
SOD1,CHEMBL10059,-6.4
SOD1,CHEMBL10160,-6.2
SOD1,CHEMBL10175,-6.2
SOD1,CHEMBL10211,-6.4
SOD1,CHEMBL10295,-6.3
SOD1,CHEMBL10309,-6.5
SOD1,CHEMBL10456,-6.7
SOD1,CHEMBL10465,-6.4
SOD1,CHEMBL10510,-6.2
SOD1,CHEMBL10552,-6.6
SOD1,CHEMBL10676,-6.5
SOD1,CHEMBL10735,-7.0
SOD1,CHEMBL1075654,-6.6
SOD1,CHEMBL1075691,-6.5
SOD1,CHEMBL1075736,-6.2
SOD1,CHEMBL1075840,-6.3
SOD1,CHEMBL1075993,-6.6
SOD1,CHEMBL1076047,-6.3
SOD1,CHEMBL1076214,-6.8
SOD1,CHEMBL1076294,-6.4
SOD1,CHEMBL1076341,-6.2
SOD1,CHEMBL1077330,-7.0
SOD1,CHEMBL10775,-6.4
SOD1,CHEMBL1077648,-6.3
SOD1,CHEMBL10778,-6.3
SOD1,CHEMBL1078223,-6.3
SOD1,CHEMBL1078513,-6.3
SOD1,CHEMBL10815,-6.2
SOD1,CHEMBL1082437,-6.2
SOD1,CHEMBL10826,-6.3
SOD1,CHEMBL1085225,-6.2
SOD1,CHEMBL10861,-6.6
SOD1,CHEMBL10871,-6.4
SOD1,CHEMBL10872,-6.4
SOD1,CHEMBL1088966,-6.2
SOD1,CHEMBL1090356,-6.8
SOD1,CHEMBL1090649,-6.6
SOD1,CHEMBL1090660,-6.6
SOD1,CHEMBL1090668,-6.6
SOD1,CHEMBL1092041,-6.3
SOD1,CHEMBL10941,-6.4
SOD1,CHEMBL1094998,-6.2
SOD1,CHEMBL1095192,-6.4
SOD1,CHEMBL1096286,-6.3
SOD1,CHEMBL1096892,-6.5
SOD1,CHEMBL11025,-7.1
SOD1,CHEMBL11118,-6.7
SOD1,CHEMBL11150,-6.4
SOD1,CHEMBL11244,-6.5
SOD1,CHEMBL11252,-6.3
SOD1,CHEMBL11256,-6.2
SOD1,CHEMBL11282,-6.3
SOD1,CHEMBL11349,-6.2
SOD1,CHEMBL11368,-6.3
SOD1,CHEMBL11370,-6.4
SOD1,CHEMBL11378,-6.6
SOD1,CHEMBL11467,-6.2
SOD1,CHEMBL11508,-6.4
SOD1,CHEMBL11509,-6.4
SOD1,CHEMBL11521,-6.3
SOD1,CHEMBL11533,-6.3
SOD1,CHEMBL11550,-6.2
SOD1,CHEMBL1159639,-6.7
SOD1,CHEMBL1159694,-6.7
SOD1,CHEMBL1162038,-6.6
SOD1,CHEMBL1162097,-7.5
SOD1,CHEMBL1162104,-6.3
SOD1,CHEMBL11625,-6.4
SOD1,CHEMBL1163133,-6.4
SOD1,CHEMBL1163217,-6.7
SOD1,CHEMBL1163250,-6.6
SOD1,CHEMBL1163272,-6.2
SOD1,CHEMBL1163277,-6.8
SOD1,CHEMBL1163325,-6.9
SOD1,CHEMBL1163491,-6.4
SOD1,CHEMBL1163492,-6.3
SOD1,CHEMBL1163504,-6.4
SOD1,CHEMBL1163505,-6.3
SOD1,CHEMBL1163508,-6.2
SOD1,CHEMBL1163510,-6.7
SOD1,CHEMBL1163512,-6.4
SOD1,CHEMBL1163518,-6.9
SOD1,CHEMBL1163540,-6.4
SOD1,CHEMBL1163545,-6.4
SOD1,CHEMBL1163553,-6.7
SOD1,CHEMBL1163559,-6.7
SOD1,CHEMBL1163565,-6.3
SOD1,CHEMBL1163605,-6.2
SOD1,CHEMBL1163606,-6.9
SOD1,CHEMBL1163608,-6.3
SOD1,CHEMBL1165220,-6.3
SOD1,CHEMBL1165499,-6.8
SOD1,CHEMBL11671,-6.3
SOD1,CHEMBL11687,-6.2
SOD1,CHEMBL11690,-6.3
SOD1,CHEMBL1170054,-6.9
SOD1,CHEMBL1170061,-6.5
SOD1,CHEMBL1170234,-6.2
SOD1,CHEMBL1171146,-6.6
SOD1,CHEMBL11724,-6.4
SOD1,CHEMBL11725,-6.3
SOD1,CHEMBL11732,-6.6
SOD1,CHEMBL11745,-7.0
SOD1,CHEMBL11778,-6.6
SOD1,CHEMBL11782,-6.3
SOD1,CHEMBL11785,-6.4
SOD1,CHEMBL11787,-6.2
SOD1,CHEMBL11793,-6.2
SOD1,CHEMBL11796,-6.3
SOD1,CHEMBL11812,-6.5
SOD1,CHEMBL11824,-6.4
SOD1,CHEMBL1184214,-6.4
SOD1,CHEMBL11849,-6.2
SOD1,CHEMBL11857,-6.3
SOD1,CHEMBL1187325,-6.5
SOD1,CHEMBL1187868,-6.3
SOD1,CHEMBL11893,-6.3
SOD1,CHEMBL11895,-6.4
SOD1,CHEMBL11899,-6.7
SOD1,CHEMBL11905,-6.3
SOD1,CHEMBL11914,-6.3
SOD1,CHEMBL11921,-6.7
SOD1,CHEMBL11950,-6.4
SOD1,CHEMBL1195110,-6.9
SOD1,CHEMBL1198796,-6.3
SOD1,CHEMBL12018,-6.6
SOD1,CHEMBL1203109,-6.2
SOD1,CHEMBL12036,-6.5
SOD1,CHEMBL1204436,-6.2
SOD1,CHEMBL1204503,-6.3
SOD1,CHEMBL1204619,-6.4
SOD1,CHEMBL1204622,-6.2
SOD1,CHEMBL1205879,-6.8
SOD1,CHEMBL1205880,-6.4
SOD1,CHEMBL1205882,-6.6
SOD1,CHEMBL1205903,-6.2
SOD1,CHEMBL1205929,-6.3
SOD1,CHEMBL1206043,-6.2
SOD1,CHEMBL1206062,-6.2
SOD1,CHEMBL1206105,-6.2
SOD1,CHEMBL1206150,-7.0
SOD1,CHEMBL1206280,-6.3
SOD1,CHEMBL1206282,-6.2
SOD1,CHEMBL1206327,-6.4
SOD1,CHEMBL1206351,-6.7
SOD1,CHEMBL1206352,-6.2
SOD1,CHEMBL1206364,-7.0
SOD1,CHEMBL1206388,-6.3
SOD1,CHEMBL1206409,-6.2
SOD1,CHEMBL1206418,-6.2
SOD1,CHEMBL1206483,-6.7
SOD1,CHEMBL1206500,-6.5
SOD1,CHEMBL1206507,-6.5
SOD1,CHEMBL1206704,-6.2
SOD1,CHEMBL1206883,-6.3
SOD1,CHEMBL1206896,-6.3
SOD1,CHEMBL1206905,-6.5
SOD1,CHEMBL1206921,-6.3
SOD1,CHEMBL1206923,-7.0
SOD1,CHEMBL1206963,-6.2
SOD1,CHEMBL1206982,-6.2
SOD1,CHEMBL1207010,-6.4
SOD1,CHEMBL1207044,-6.2
SOD1,CHEMBL1207101,-6.6
SOD1,CHEMBL1207121,-6.4
SOD1,CHEMBL1207227,-6.4
SOD1,CHEMBL1207258,-6.5
SOD1,CHEMBL1207310,-6.2
SOD1,CHEMBL1207367,-6.7
SOD1,CHEMBL1207384,-6.2
SOD1,CHEMBL1207392,-6.2
SOD1,CHEMBL1207472,-6.5
SOD1,CHEMBL1207821,-6.6
SOD1,CHEMBL1207895,-6.2
SOD1,CHEMBL1207969,-6.5
SOD1,CHEMBL1208057,-6.6
SOD1,CHEMBL1208280,-6.5
SOD1,CHEMBL1208282,-6.6
SOD1,CHEMBL1208432,-6.7
SOD1,CHEMBL1208433,-6.3
SOD1,CHEMBL1208438,-7.2
SOD1,CHEMBL12085,-6.6
SOD1,CHEMBL1208600,-6.2
SOD1,CHEMBL1209719,-7.3
SOD1,CHEMBL1209725,-7.1
SOD1,CHEMBL1209733,-6.3
SOD1,CHEMBL12098,-6.7
SOD1,CHEMBL1209968,-6.2
SOD1,CHEMBL1210004,-6.2
SOD1,CHEMBL1210487,-6.3
SOD1,CHEMBL1210489,-6.2
SOD1,CHEMBL1210506,-6.3
SOD1,CHEMBL1210515,-6.3
SOD1,CHEMBL1210518,-6.7
SOD1,CHEMBL1210538,-6.2
SOD1,CHEMBL1210539,-6.9
SOD1,CHEMBL1210547,-6.2
SOD1,CHEMBL1210556,-6.2
SOD1,CHEMBL1210592,-8.6
SOD1,CHEMBL1210605,-6.4
SOD1,CHEMBL1210607,-6.3
SOD1,CHEMBL1210641,-7.1
SOD1,CHEMBL1210642,-6.6
SOD1,CHEMBL1210643,-6.6
SOD1,CHEMBL1210672,-6.2
SOD1,CHEMBL1210755,-6.2
SOD1,CHEMBL1210815,-6.7
SOD1,CHEMBL1210816,-6.8
SOD1,CHEMBL1210826,-6.2
SOD1,CHEMBL1210834,-6.2
SOD1,CHEMBL1210861,-6.2
SOD1,CHEMBL1210863,-6.9
SOD1,CHEMBL1210874,-6.3
SOD1,CHEMBL1210898,-6.5
SOD1,CHEMBL12109,-6.2
SOD1,CHEMBL1210979,-6.3
SOD1,CHEMBL1210980,-6.3
SOD1,CHEMBL1210981,-6.2
SOD1,CHEMBL1213309,-6.2
SOD1,CHEMBL1214058,-6.4
SOD1,CHEMBL1214096,-6.5
SOD1,CHEMBL12143,-6.6
SOD1,CHEMBL1214400,-6.2
SOD1,CHEMBL1214531,-6.5
SOD1,CHEMBL1214612,-6.4
SOD1,CHEMBL12153,-6.8
SOD1,CHEMBL1215356,-6.6
SOD1,CHEMBL1215806,-6.2
SOD1,CHEMBL1222580,-6.4
SOD1,CHEMBL1222706,-7.0
SOD1,CHEMBL1223185,-6.2
SOD1,CHEMBL1223924,-6.5
SOD1,CHEMBL12268,-6.5
SOD1,CHEMBL12301,-6.8
SOD1,CHEMBL12312,-6.2
SOD1,CHEMBL12360,-6.4
SOD1,CHEMBL12370,-6.4
SOD1,CHEMBL1240561,-6.2
SOD1,CHEMBL1242249,-6.3
SOD1,CHEMBL1242296,-6.6
SOD1,CHEMBL1242335,-6.2
SOD1,CHEMBL1242345,-6.2
SOD1,CHEMBL1242362,-6.2
SOD1,CHEMBL1242366,-6.5
SOD1,CHEMBL1242367,-6.4
SOD1,CHEMBL1242373,-6.6
SOD1,CHEMBL1242382,-6.6
SOD1,CHEMBL1242383,-6.3
SOD1,CHEMBL1242402,-6.3
SOD1,CHEMBL1242411,-6.2
SOD1,CHEMBL1242431,-6.2
SOD1,CHEMBL1242461,-6.3
SOD1,CHEMBL1242527,-6.2
SOD1,CHEMBL1242553,-6.3
SOD1,CHEMBL1242597,-6.2
SOD1,CHEMBL12426,-6.6
SOD1,CHEMBL1242643,-6.5
SOD1,CHEMBL12427,-6.4
SOD1,CHEMBL1242715,-6.2
SOD1,CHEMBL1242717,-6.2
SOD1,CHEMBL1242723,-6.3
SOD1,CHEMBL1242739,-7.0
SOD1,CHEMBL1242740,-6.3
SOD1,CHEMBL1242801,-6.3
SOD1,CHEMBL1242810,-6.9
SOD1,CHEMBL1242845,-6.5
SOD1,CHEMBL1242888,-6.2
SOD1,CHEMBL1242895,-6.2
SOD1,CHEMBL1242905,-6.9
SOD1,CHEMBL1242906,-6.2
SOD1,CHEMBL1242909,-6.8
SOD1,CHEMBL1242981,-6.2
SOD1,CHEMBL1242996,-6.3
SOD1,CHEMBL1242997,-6.5
SOD1,CHEMBL1243012,-6.2
SOD1,CHEMBL1243042,-6.2
SOD1,CHEMBL1243043,-6.3
SOD1,CHEMBL1243190,-6.2
SOD1,CHEMBL1243200,-6.4
SOD1,CHEMBL1243298,-6.3
SOD1,CHEMBL1243311,-6.3
SOD1,CHEMBL1243326,-6.5
SOD1,CHEMBL1243340,-6.3
SOD1,CHEMBL124937,-6.4
SOD1,CHEMBL12510,-6.5
SOD1,CHEMBL12514,-6.4
SOD1,CHEMBL12542,-6.3
SOD1,CHEMBL12546,-6.7
SOD1,CHEMBL12566,-6.6
SOD1,CHEMBL12578,-6.2
SOD1,CHEMBL12638,-6.3
SOD1,CHEMBL12645,-7.4
SOD1,CHEMBL12662,-6.4
SOD1,CHEMBL12755,-6.5
SOD1,CHEMBL12790,-6.2
SOD1,CHEMBL12801,-6.3
SOD1,CHEMBL12846,-6.2
SOD1,CHEMBL12848,-6.2
SOD1,CHEMBL128762,-6.4
SOD1,CHEMBL12890,-6.3
SOD1,CHEMBL12946,-6.2
SOD1,CHEMBL12977,-6.2
SOD1,CHEMBL12989,-6.5
SOD1,CHEMBL13018,-6.5
SOD1,CHEMBL130247,-6.2
SOD1,CHEMBL13035,-6.3
SOD1,CHEMBL1304170,-6.4
SOD1,CHEMBL13105,-6.2
SOD1,CHEMBL1310576,-6.4
SOD1,CHEMBL13119,-6.4
SOD1,CHEMBL13128,-6.3
SOD1,CHEMBL13137,-6.6
SOD1,CHEMBL13148,-6.4
SOD1,CHEMBL13317,-7.9
SOD1,CHEMBL13342,-6.6
SOD1,CHEMBL13347,-7.3
SOD1,CHEMBL13348,-6.2
SOD1,CHEMBL13398,-6.3
SOD1,CHEMBL13407,-6.7
SOD1,CHEMBL13411,-6.9
SOD1,CHEMBL13436,-6.2
SOD1,CHEMBL1343658,-6.4
SOD1,CHEMBL13464,-6.2
SOD1,CHEMBL13488,-6.2
SOD1,CHEMBL13495,-6.2
SOD1,CHEMBL1349775,-6.5
SOD1,CHEMBL13524,-6.4
SOD1,CHEMBL13526,-6.2
SOD1,CHEMBL13527,-6.2
SOD1,CHEMBL13534,-6.6
SOD1,CHEMBL13550,-6.7
SOD1,CHEMBL1355230,-6.2
SOD1,CHEMBL1355267,-6.2
SOD1,CHEMBL13578,-6.7
SOD1,CHEMBL13588,-6.2
SOD1,CHEMBL13602,-6.2
SOD1,CHEMBL13638,-7.1
SOD1,CHEMBL13640,-6.7
SOD1,CHEMBL1366713,-6.3
SOD1,CHEMBL13683,-6.4
SOD1,CHEMBL13686,-6.3
SOD1,CHEMBL13693,-6.5
SOD1,CHEMBL13709,-6.2
SOD1,CHEMBL1373390,-6.2
SOD1,CHEMBL13746,-6.5
SOD1,CHEMBL13751,-6.4
SOD1,CHEMBL13762,-6.3
SOD1,CHEMBL13876,-6.3
SOD1,CHEMBL13895,-6.4
SOD1,CHEMBL13977,-6.2
SOD1,CHEMBL13983,-6.2
SOD1,CHEMBL14020,-6.2
SOD1,CHEMBL14048,-6.5
SOD1,CHEMBL14058,-6.2
SOD1,CHEMBL14234,-6.2
SOD1,CHEMBL14237,-6.2
SOD1,CHEMBL14265,-6.6
SOD1,CHEMBL14272,-6.8
SOD1,CHEMBL14292,-6.2
SOD1,CHEMBL14304,-6.2
SOD1,CHEMBL14316,-6.2
SOD1,CHEMBL14362,-6.2
SOD1,CHEMBL14375,-6.3
SOD1,CHEMBL14383,-6.3
SOD1,CHEMBL1445418,-6.3
SOD1,CHEMBL14462,-6.2
SOD1,CHEMBL14519,-6.3
SOD1,CHEMBL14606,-6.6
SOD1,CHEMBL14611,-6.3
SOD1,CHEMBL14666,-7.1
SOD1,CHEMBL1468982,-6.2
SOD1,CHEMBL1469032,-6.6
SOD1,CHEMBL14725,-6.2
SOD1,CHEMBL14846,-6.2
SOD1,CHEMBL14853,-6.5
SOD1,CHEMBL14872,-6.2
SOD1,CHEMBL14890,-6.2
SOD1,CHEMBL14906,-6.8
SOD1,CHEMBL14921,-6.8
SOD1,CHEMBL14932,-6.2
SOD1,CHEMBL1508434,-6.4
SOD1,CHEMBL15100,-6.6
SOD1,CHEMBL15139,-6.4
SOD1,CHEMBL15238,-6.3
SOD1,CHEMBL1540525,-6.6
SOD1,CHEMBL1547450,-6.3
SOD1,CHEMBL15482,-6.3
SOD1,CHEMBL15581,-6.4
SOD1,CHEMBL15709,-6.2
SOD1,CHEMBL15744,-6.3
SOD1,CHEMBL15855,-6.4
SOD1,CHEMBL1587221,-6.4
SOD1,CHEMBL15909,-8.2
SOD1,CHEMBL1592710,-6.5
SOD1,CHEMBL15929,-6.3
SOD1,CHEMBL15933,-7.0
SOD1,CHEMBL159567,-7.1
SOD1,CHEMBL15961,-6.4
SOD1,CHEMBL15965,-6.8
SOD1,CHEMBL15983,-6.9
SOD1,CHEMBL16010,-6.3
SOD1,CHEMBL1602553,-6.2
SOD1,CHEMBL1608464,-6.9
SOD1,CHEMBL16151,-6.2
SOD1,CHEMBL16198,-6.9
SOD1,CHEMBL16215,-6.3
SOD1,CHEMBL16256,-6.5
SOD1,CHEMBL16289,-6.3
SOD1,CHEMBL16299,-6.3
SOD1,CHEMBL16303,-6.4
SOD1,CHEMBL16337,-6.4
SOD1,CHEMBL16340,-6.4
SOD1,CHEMBL16352,-6.2
SOD1,CHEMBL16415,-6.6
SOD1,CHEMBL16466,-6.2
SOD1,CHEMBL16488,-6.3
SOD1,CHEMBL16544,-6.4
SOD1,CHEMBL16547,-6.5
SOD1,CHEMBL16570,-6.3
SOD1,CHEMBL16601,-6.2
SOD1,CHEMBL16620,-6.3
SOD1,CHEMBL16643,-6.2
SOD1,CHEMBL16669,-6.6
SOD1,CHEMBL16695,-6.5
SOD1,CHEMBL16736,-6.2
SOD1,CHEMBL16754,-6.5
SOD1,CHEMBL1679,-6.6
SOD1,CHEMBL16810,-6.2
SOD1,CHEMBL16820,-6.4
SOD1,CHEMBL16903,-6.3
SOD1,CHEMBL16916,-6.4
SOD1,CHEMBL16944,-6.2
SOD1,CHEMBL16958,-6.2
SOD1,CHEMBL16963,-6.2
SOD1,CHEMBL16969,-6.3
SOD1,CHEMBL16986,-6.2
SOD1,CHEMBL17031,-6.2
SOD1,CHEMBL17108,-6.2
SOD1,CHEMBL1712359,-6.3
SOD1,CHEMBL17131,-6.3
SOD1,CHEMBL17198,-6.5
SOD1,CHEMBL17200,-6.4
SOD1,CHEMBL17203,-6.4
SOD1,CHEMBL17227,-6.4
SOD1,CHEMBL17232,-6.2
SOD1,CHEMBL17248,-6.6
SOD1,CHEMBL17251,-6.8
SOD1,CHEMBL17275,-6.3
SOD1,CHEMBL17327,-6.3
SOD1,CHEMBL17358,-6.2
SOD1,CHEMBL17363,-6.5
SOD1,CHEMBL17414,-6.4
SOD1,CHEMBL17417,-6.4
SOD1,CHEMBL17427,-6.6
SOD1,CHEMBL17435,-6.4
SOD1,CHEMBL17454,-6.2
SOD1,CHEMBL174668,-6.3
SOD1,CHEMBL17479,-6.4
SOD1,CHEMBL17481,-6.4
SOD1,CHEMBL17496,-6.5
SOD1,CHEMBL1751,-6.2
SOD1,CHEMBL17573,-6.4
SOD1,CHEMBL17576,-6.4
SOD1,CHEMBL17590,-6.2
SOD1,CHEMBL17624,-6.5
SOD1,CHEMBL17626,-6.6
SOD1,CHEMBL17634,-6.4
SOD1,CHEMBL17645,-6.2
SOD1,CHEMBL17669,-6.4
SOD1,CHEMBL17715,-6.7
SOD1,CHEMBL17731,-6.2
SOD1,CHEMBL17733,-6.8
SOD1,CHEMBL17735,-6.2
SOD1,CHEMBL17747,-6.4
SOD1,CHEMBL17761,-6.9
SOD1,CHEMBL17787,-6.4
SOD1,CHEMBL17810,-6.2
SOD1,CHEMBL1782170,-6.4
SOD1,CHEMBL17828,-6.7
SOD1,CHEMBL1782891,-6.4
SOD1,CHEMBL17832,-6.3
SOD1,CHEMBL17850,-6.6
SOD1,CHEMBL17858,-6.4
SOD1,CHEMBL17911,-6.3
SOD1,CHEMBL17928,-7.1
SOD1,CHEMBL17937,-6.4
SOD1,CHEMBL1795383,-6.4
SOD1,CHEMBL1795437,-6.2
SOD1,CHEMBL1795489,-6.2
SOD1,CHEMBL1795508,-6.3
SOD1,CHEMBL1795523,-6.4
SOD1,CHEMBL1795545,-6.2
SOD1,CHEMBL1795628,-6.2
SOD1,CHEMBL1795629,-6.6
SOD1,CHEMBL1795630,-6.5
SOD1,CHEMBL1795633,-6.5
SOD1,CHEMBL1795636,-6.8
SOD1,CHEMBL1795646,-6.2
SOD1,CHEMBL1795711,-6.5
SOD1,CHEMBL1795713,-6.4
SOD1,CHEMBL1795715,-6.4
SOD1,CHEMBL1795724,-6.9
SOD1,CHEMBL1795766,-6.3
SOD1,CHEMBL1795777,-6.3
SOD1,CHEMBL1795864,-6.4
SOD1,CHEMBL1795865,-6.2
SOD1,CHEMBL1795870,-7.5
SOD1,CHEMBL1795877,-6.6
SOD1,CHEMBL1795882,-6.6
SOD1,CHEMBL1795884,-6.7
SOD1,CHEMBL1795885,-6.9
SOD1,CHEMBL1795897,-6.2
SOD1,CHEMBL1795899,-6.6
SOD1,CHEMBL1795926,-6.3
SOD1,CHEMBL1795935,-6.3
SOD1,CHEMBL1795937,-6.2
SOD1,CHEMBL1796457,-6.5
SOD1,CHEMBL1796459,-6.9
SOD1,CHEMBL1796460,-6.8
SOD1,CHEMBL1796541,-6.3
SOD1,CHEMBL1796542,-6.3
SOD1,CHEMBL1796544,-6.3
SOD1,CHEMBL1796550,-6.2
SOD1,CHEMBL1796551,-6.3
SOD1,CHEMBL1796564,-6.5
SOD1,CHEMBL1796566,-6.6
SOD1,CHEMBL1796568,-6.6
SOD1,CHEMBL1796725,-6.2
SOD1,CHEMBL1796730,-6.2
SOD1,CHEMBL1797013,-6.3
SOD1,CHEMBL1797074,-6.3
SOD1,CHEMBL17985,-6.2
SOD1,CHEMBL18006,-6.5
SOD1,CHEMBL18024,-6.7
SOD1,CHEMBL18042,-6.5
SOD1,CHEMBL18045,-6.6
SOD1,CHEMBL18055,-6.6
SOD1,CHEMBL1806652,-6.2
SOD1,CHEMBL1807478,-6.2
SOD1,CHEMBL1808208,-6.2
SOD1,CHEMBL1808444,-6.4
SOD1,CHEMBL1808539,-6.2
SOD1,CHEMBL1808645,-6.2
SOD1,CHEMBL1808757,-6.2
SOD1,CHEMBL1808768,-6.3
SOD1,CHEMBL1808769,-6.4
SOD1,CHEMBL1808771,-6.6
SOD1,CHEMBL1808973,-6.4
SOD1,CHEMBL1809059,-6.2
SOD1,CHEMBL1809186,-6.4
SOD1,CHEMBL18154,-6.9
SOD1,CHEMBL18165,-6.6
SOD1,CHEMBL18177,-6.4
SOD1,CHEMBL18212,-6.7
SOD1,CHEMBL18224,-6.6
SOD1,CHEMBL18229,-6.5
SOD1,CHEMBL18266,-6.2
SOD1,CHEMBL18295,-6.3
SOD1,CHEMBL18323,-6.6
SOD1,CHEMBL18333,-7.1
SOD1,CHEMBL18339,-6.7
SOD1,CHEMBL18381,-6.9
SOD1,CHEMBL18391,-6.2
SOD1,CHEMBL18396,-6.2
SOD1,CHEMBL18413,-6.2
SOD1,CHEMBL18425,-6.5
SOD1,CHEMBL18442,-6.5
SOD1,CHEMBL18501,-6.4
SOD1,CHEMBL18533,-6.7
SOD1,CHEMBL18564,-6.2
SOD1,CHEMBL18579,-6.5
SOD1,CHEMBL1857916,-6.2
SOD1,CHEMBL1857924,-6.5
SOD1,CHEMBL1858013,-6.6
SOD1,CHEMBL1858078,-6.2
SOD1,CHEMBL1858083,-6.2
SOD1,CHEMBL1858181,-6.5
SOD1,CHEMBL1858208,-6.5
SOD1,CHEMBL1858212,-6.2
SOD1,CHEMBL1858343,-6.6
SOD1,CHEMBL1858357,-6.7
SOD1,CHEMBL1858374,-6.5
SOD1,CHEMBL1858377,-6.4
SOD1,CHEMBL1858476,-6.3
SOD1,CHEMBL1858494,-7.0
SOD1,CHEMBL1858509,-6.3
SOD1,CHEMBL1858521,-6.7
SOD1,CHEMBL1858549,-6.3
SOD1,CHEMBL1858557,-6.5
SOD1,CHEMBL1858636,-6.2
SOD1,CHEMBL1858639,-6.3
SOD1,CHEMBL1858647,-6.2
SOD1,CHEMBL1858691,-6.5
SOD1,CHEMBL1858700,-6.5
SOD1,CHEMBL1858708,-6.2
SOD1,CHEMBL1858853,-6.4
SOD1,CHEMBL1858900,-6.4
SOD1,CHEMBL1858903,-6.4
SOD1,CHEMBL1858904,-6.2
SOD1,CHEMBL1858933,-7.2
SOD1,CHEMBL1858947,-6.3
SOD1,CHEMBL1858950,-6.8
SOD1,CHEMBL1858971,-7.0
SOD1,CHEMBL1858983,-6.4
SOD1,CHEMBL1859008,-6.4
SOD1,CHEMBL1859014,-6.6
SOD1,CHEMBL1859025,-6.3
SOD1,CHEMBL1859092,-6.2
SOD1,CHEMBL1859103,-7.1
SOD1,CHEMBL1859125,-6.6
SOD1,CHEMBL1859126,-6.2
SOD1,CHEMBL1859172,-6.4
SOD1,CHEMBL1859186,-6.2
SOD1,CHEMBL1859211,-6.4
SOD1,CHEMBL1859235,-6.9
SOD1,CHEMBL1859260,-6.4
SOD1,CHEMBL1859276,-6.2
SOD1,CHEMBL1859295,-6.4
SOD1,CHEMBL1859337,-6.2
SOD1,CHEMBL1859339,-6.8
SOD1,CHEMBL1859341,-6.2
SOD1,CHEMBL1859344,-6.3
SOD1,CHEMBL1859368,-6.6
SOD1,CHEMBL1859397,-6.9
SOD1,CHEMBL1859447,-6.9
SOD1,CHEMBL1859483,-6.2
SOD1,CHEMBL1859498,-6.2
SOD1,CHEMBL1859541,-6.7
SOD1,CHEMBL1859625,-6.3
SOD1,CHEMBL1859651,-6.6
SOD1,CHEMBL1859653,-6.9
SOD1,CHEMBL1859782,-6.4
SOD1,CHEMBL1859818,-6.4
SOD1,CHEMBL1859843,-6.3
SOD1,CHEMBL1859853,-6.6
SOD1,CHEMBL1859867,-6.7
SOD1,CHEMBL1859883,-6.4
SOD1,CHEMBL1859909,-6.3
SOD1,CHEMBL1859919,-6.5
SOD1,CHEMBL18600,-6.2
SOD1,CHEMBL1860112,-6.6
SOD1,CHEMBL1860216,-6.2
SOD1,CHEMBL1860360,-6.2
SOD1,CHEMBL1860551,-6.3
SOD1,CHEMBL1860618,-6.5
SOD1,CHEMBL1860639,-6.2
SOD1,CHEMBL1860681,-6.8
SOD1,CHEMBL1860767,-6.2
SOD1,CHEMBL1860771,-6.7
SOD1,CHEMBL1860772,-6.3
SOD1,CHEMBL1860862,-6.5
SOD1,CHEMBL1860868,-6.5
SOD1,CHEMBL1861121,-6.3
SOD1,CHEMBL1861194,-6.5
SOD1,CHEMBL1861631,-6.9
SOD1,CHEMBL1861882,-6.3
SOD1,CHEMBL1862003,-6.3
SOD1,CHEMBL1862121,-6.4
SOD1,CHEMBL1862132,-6.2
SOD1,CHEMBL1862792,-6.2
SOD1,CHEMBL1862806,-6.2
SOD1,CHEMBL1862836,-6.2
SOD1,CHEMBL1862840,-7.0
SOD1,CHEMBL1862843,-6.2
SOD1,CHEMBL1862853,-6.7
SOD1,CHEMBL1862912,-6.4
SOD1,CHEMBL1862920,-6.3
SOD1,CHEMBL1862930,-6.2
SOD1,CHEMBL1862934,-6.2
SOD1,CHEMBL1862978,-7.1
SOD1,CHEMBL1862981,-6.3
SOD1,CHEMBL1862988,-6.2
SOD1,CHEMBL1863020,-6.4
SOD1,CHEMBL1863035,-6.3
SOD1,CHEMBL1863039,-6.2
SOD1,CHEMBL1863050,-6.4
SOD1,CHEMBL1863068,-6.4
SOD1,CHEMBL1863077,-6.2
SOD1,CHEMBL1863089,-6.3
SOD1,CHEMBL1863099,-6.3
SOD1,CHEMBL1863104,-6.3
SOD1,CHEMBL1863123,-6.7
SOD1,CHEMBL1863138,-6.2
SOD1,CHEMBL1863141,-6.2
SOD1,CHEMBL1863167,-6.2
SOD1,CHEMBL1863179,-6.2
SOD1,CHEMBL1863181,-6.2
SOD1,CHEMBL1863191,-6.6
SOD1,CHEMBL1863239,-6.2
SOD1,CHEMBL1863297,-6.2
SOD1,CHEMBL1863308,-6.5
SOD1,CHEMBL1863323,-6.2
SOD1,CHEMBL1863354,-6.3
SOD1,CHEMBL1863382,-6.2
SOD1,CHEMBL1863420,-6.6
SOD1,CHEMBL1863426,-6.2
SOD1,CHEMBL1863507,-6.2
SOD1,CHEMBL1863508,-6.4
SOD1,CHEMBL1863528,-6.4
SOD1,CHEMBL1863546,-6.2
SOD1,CHEMBL1863549,-6.3
SOD1,CHEMBL1863610,-6.2
SOD1,CHEMBL1863617,-6.5
SOD1,CHEMBL1863698,-6.3
SOD1,CHEMBL1863708,-6.3
SOD1,CHEMBL1863740,-6.2
SOD1,CHEMBL1863817,-6.2
SOD1,CHEMBL1863926,-6.4
SOD1,CHEMBL1864057,-7.0
SOD1,CHEMBL1864084,-6.6
SOD1,CHEMBL1864123,-6.5
SOD1,CHEMBL1864148,-6.2
SOD1,CHEMBL1864181,-6.5
SOD1,CHEMBL1864233,-6.2
SOD1,CHEMBL1864325,-6.8
SOD1,CHEMBL1864336,-6.2
SOD1,CHEMBL1864356,-6.3
SOD1,CHEMBL1864360,-6.2
SOD1,CHEMBL1864402,-6.8
SOD1,CHEMBL1864417,-6.8
SOD1,CHEMBL1864439,-6.5
SOD1,CHEMBL1864574,-6.7
SOD1,CHEMBL1864601,-6.2
SOD1,CHEMBL1864613,-6.2
SOD1,CHEMBL1864639,-6.8
SOD1,CHEMBL1864696,-6.2
SOD1,CHEMBL1864711,-6.3
SOD1,CHEMBL1864737,-6.6
SOD1,CHEMBL1864784,-6.2
SOD1,CHEMBL1864789,-6.4
SOD1,CHEMBL1864868,-6.2
SOD1,CHEMBL1864906,-6.3
SOD1,CHEMBL1864929,-6.4
SOD1,CHEMBL1864963,-6.5
SOD1,CHEMBL1865017,-7.6
SOD1,CHEMBL1865174,-6.2
SOD1,CHEMBL1865181,-6.5
SOD1,CHEMBL1865202,-7.1
SOD1,CHEMBL1865211,-6.2
SOD1,CHEMBL1865305,-6.8
SOD1,CHEMBL1865383,-6.4
SOD1,CHEMBL1865389,-6.7
SOD1,CHEMBL1865436,-6.2
SOD1,CHEMBL1865459,-6.5
SOD1,CHEMBL1865462,-6.2
SOD1,CHEMBL1865471,-6.3
SOD1,CHEMBL1865485,-6.2
SOD1,CHEMBL1865514,-6.2
SOD1,CHEMBL1865552,-6.5
SOD1,CHEMBL1865610,-6.2
SOD1,CHEMBL1865642,-6.4
SOD1,CHEMBL1865668,-6.4
SOD1,CHEMBL1865669,-6.2
SOD1,CHEMBL1865682,-6.3
SOD1,CHEMBL1865686,-6.2
SOD1,CHEMBL1865696,-6.7
SOD1,CHEMBL1865698,-6.6
SOD1,CHEMBL1865710,-6.8
SOD1,CHEMBL1865717,-6.2
SOD1,CHEMBL1865730,-6.2
SOD1,CHEMBL1865760,-6.3
SOD1,CHEMBL1865837,-6.6
SOD1,CHEMBL1865896,-6.4
SOD1,CHEMBL1865930,-6.3
SOD1,CHEMBL1865953,-6.2
SOD1,CHEMBL1866020,-6.3
SOD1,CHEMBL1866082,-6.5
SOD1,CHEMBL1866100,-6.3
SOD1,CHEMBL1866108,-6.3
SOD1,CHEMBL1866121,-6.4
SOD1,CHEMBL1866145,-6.2
SOD1,CHEMBL1866230,-6.3
SOD1,CHEMBL18699,-6.3
SOD1,CHEMBL18727,-6.4
SOD1,CHEMBL18759,-6.6
SOD1,CHEMBL18815,-6.2
SOD1,CHEMBL18816,-6.2
SOD1,CHEMBL18826,-6.7
SOD1,CHEMBL18847,-6.2
SOD1,CHEMBL18864,-6.2
SOD1,CHEMBL18911,-6.3
SOD1,CHEMBL18918,-6.3
SOD1,CHEMBL18940,-6.3
SOD1,CHEMBL1896436,-6.2
SOD1,CHEMBL18966,-6.2
SOD1,CHEMBL1900572,-6.3
SOD1,CHEMBL19043,-6.5
SOD1,CHEMBL19054,-6.3
SOD1,CHEMBL1911407,-6.3
SOD1,CHEMBL19130,-6.4
SOD1,CHEMBL19136,-6.2
SOD1,CHEMBL19139,-7.1
SOD1,CHEMBL19143,-6.2
SOD1,CHEMBL19158,-6.7
SOD1,CHEMBL19175,-6.2
SOD1,CHEMBL19179,-6.4
SOD1,CHEMBL19183,-6.2
SOD1,CHEMBL19228,-6.8
SOD1,CHEMBL19270,-6.5
SOD1,CHEMBL19277,-6.8
SOD1,CHEMBL19335,-6.2
SOD1,CHEMBL19348,-6.4
SOD1,CHEMBL19349,-6.5
SOD1,CHEMBL19359,-7.0
SOD1,CHEMBL19365,-6.5
SOD1,CHEMBL19368,-7.1
SOD1,CHEMBL19396,-6.9
SOD1,CHEMBL19404,-6.4
SOD1,CHEMBL19416,-6.7
SOD1,CHEMBL19433,-7.0
SOD1,CHEMBL19453,-6.2
SOD1,CHEMBL19506,-6.2
SOD1,CHEMBL19548,-6.2
SOD1,CHEMBL19590,-6.3
SOD1,CHEMBL19594,-7.1
SOD1,CHEMBL19614,-6.6
SOD1,CHEMBL19626,-6.5
SOD1,CHEMBL19636,-6.3
SOD1,CHEMBL19660,-6.7
SOD1,CHEMBL19689,-6.4
SOD1,CHEMBL19726,-6.6
SOD1,CHEMBL19727,-6.2
SOD1,CHEMBL19740,-6.3
SOD1,CHEMBL19769,-6.3
SOD1,CHEMBL19794,-6.2
SOD1,CHEMBL19801,-6.3
SOD1,CHEMBL19838,-6.2
SOD1,CHEMBL19844,-6.2
SOD1,CHEMBL19855,-6.9
SOD1,CHEMBL19893,-6.3
SOD1,CHEMBL19894,-6.2
SOD1,CHEMBL19897,-6.2
SOD1,CHEMBL19902,-7.3
SOD1,CHEMBL19913,-6.2
SOD1,CHEMBL19929,-6.3
SOD1,CHEMBL19945,-6.4
SOD1,CHEMBL19983,-6.2
SOD1,CHEMBL20007,-6.2
SOD1,CHEMBL20157,-7.7
SOD1,CHEMBL20160,-6.4
SOD1,CHEMBL20196,-6.3
SOD1,CHEMBL20227,-6.3
SOD1,CHEMBL20240,-6.4
SOD1,CHEMBL20281,-6.5
SOD1,CHEMBL20299,-6.2
SOD1,CHEMBL20304,-6.9
SOD1,CHEMBL20332,-6.2
SOD1,CHEMBL20350,-6.3
SOD1,CHEMBL20368,-6.8
SOD1,CHEMBL20389,-6.2
SOD1,CHEMBL20390,-7.9
SOD1,CHEMBL20393,-6.3
SOD1,CHEMBL20396,-6.8
SOD1,CHEMBL20420,-7.0
SOD1,CHEMBL20424,-6.6
SOD1,CHEMBL20438,-6.7
SOD1,CHEMBL20448,-6.2
SOD1,CHEMBL20466,-6.6
SOD1,CHEMBL20496,-7.2
SOD1,CHEMBL20514,-6.3
SOD1,CHEMBL20528,-6.6
SOD1,CHEMBL20536,-6.6
SOD1,CHEMBL20567,-6.7
SOD1,CHEMBL20571,-6.5
SOD1,CHEMBL20628,-6.3
SOD1,CHEMBL20629,-6.2
SOD1,CHEMBL20660,-6.2
SOD1,CHEMBL20673,-6.3
SOD1,CHEMBL20708,-6.3
SOD1,CHEMBL20714,-6.9
SOD1,CHEMBL20717,-6.4
SOD1,CHEMBL20754,-6.9
SOD1,CHEMBL20756,-6.2
SOD1,CHEMBL20821,-6.2
SOD1,CHEMBL20825,-6.5
SOD1,CHEMBL20832,-6.3
SOD1,CHEMBL20834,-6.8
SOD1,CHEMBL20838,-6.3
SOD1,CHEMBL20867,-6.2
SOD1,CHEMBL20878,-6.7
SOD1,CHEMBL20884,-6.3
SOD1,CHEMBL20894,-6.7
SOD1,CHEMBL20897,-6.8
SOD1,CHEMBL20926,-6.3
SOD1,CHEMBL20953,-6.5
SOD1,CHEMBL21013,-6.2
SOD1,CHEMBL21018,-6.3
SOD1,CHEMBL21019,-6.5
SOD1,CHEMBL21039,-6.2
SOD1,CHEMBL21051,-6.3
SOD1,CHEMBL21079,-6.4
SOD1,CHEMBL21125,-6.3
SOD1,CHEMBL21140,-7.0
SOD1,CHEMBL21162,-6.3
SOD1,CHEMBL21176,-6.6
SOD1,CHEMBL21179,-7.0
SOD1,CHEMBL21197,-7.7
SOD1,CHEMBL21213,-6.3
SOD1,CHEMBL21224,-6.3
SOD1,CHEMBL21250,-7.3
SOD1,CHEMBL21258,-6.7
SOD1,CHEMBL21267,-6.4
SOD1,CHEMBL2143379,-6.2
SOD1,CHEMBL21506,-6.7
SOD1,CHEMBL21562,-7.7
SOD1,CHEMBL21594,-6.3
SOD1,CHEMBL21652,-6.3
SOD1,CHEMBL21654,-6.3
SOD1,CHEMBL21710,-6.3
SOD1,CHEMBL21763,-6.4
SOD1,CHEMBL21769,-6.6
SOD1,CHEMBL21908,-6.2
SOD1,CHEMBL21939,-6.8
SOD1,CHEMBL21963,-6.2
SOD1,CHEMBL22003,-6.7
SOD1,CHEMBL22025,-6.2
SOD1,CHEMBL22033,-6.2
SOD1,CHEMBL22115,-6.4
SOD1,CHEMBL22241,-6.4
SOD1,CHEMBL22249,-6.4
SOD1,CHEMBL22295,-6.2
SOD1,CHEMBL22344,-6.2
SOD1,CHEMBL22388,-6.3
SOD1,CHEMBL22434,-6.7
SOD1,CHEMBL22477,-6.6
SOD1,CHEMBL22553,-7.2
SOD1,CHEMBL22561,-6.9
SOD1,CHEMBL22629,-6.6
SOD1,CHEMBL22656,-6.5
SOD1,CHEMBL22723,-6.3
SOD1,CHEMBL22736,-6.4
SOD1,CHEMBL22744,-6.3
SOD1,CHEMBL22785,-6.6
SOD1,CHEMBL22790,-6.4
SOD1,CHEMBL22792,-6.3
SOD1,CHEMBL22844,-6.5
SOD1,CHEMBL22918,-6.2
SOD1,CHEMBL22924,-6.8
SOD1,CHEMBL22945,-6.3
SOD1,CHEMBL22980,-6.2
SOD1,CHEMBL23035,-6.2
SOD1,CHEMBL23135,-6.2
SOD1,CHEMBL23174,-6.2
SOD1,CHEMBL23211,-6.8
SOD1,CHEMBL23218,-6.2
SOD1,CHEMBL23220,-6.2
SOD1,CHEMBL23248,-7.3
SOD1,CHEMBL23374,-6.8
SOD1,CHEMBL23388,-6.6
SOD1,CHEMBL23411,-6.2
SOD1,CHEMBL23422,-6.3
SOD1,CHEMBL23457,-6.2
SOD1,CHEMBL23584,-6.9
SOD1,CHEMBL23615,-6.5
SOD1,CHEMBL23620,-6.3
SOD1,CHEMBL23647,-6.5
SOD1,CHEMBL23744,-6.6
SOD1,CHEMBL23745,-6.4
SOD1,CHEMBL23785,-6.3
SOD1,CHEMBL23825,-6.4
SOD1,CHEMBL23846,-6.2
SOD1,CHEMBL23867,-6.9
SOD1,CHEMBL23998,-6.6
SOD1,CHEMBL24032,-6.4
SOD1,CHEMBL24057,-6.4
SOD1,CHEMBL24088,-6.4
SOD1,CHEMBL24112,-6.4
SOD1,CHEMBL24135,-6.3
SOD1,CHEMBL24184,-7.0
SOD1,CHEMBL24201,-6.3
SOD1,CHEMBL24203,-6.2
SOD1,CHEMBL24209,-6.8
SOD1,CHEMBL24244,-6.3
SOD1,CHEMBL24256,-6.4
SOD1,CHEMBL24295,-6.3
SOD1,CHEMBL24317,-6.4
SOD1,CHEMBL24359,-6.6
SOD1,CHEMBL24416,-6.3
SOD1,CHEMBL24424,-6.7
SOD1,CHEMBL24458,-6.4
SOD1,CHEMBL24508,-6.7
SOD1,CHEMBL24566,-6.2
SOD1,CHEMBL24606,-6.4
SOD1,CHEMBL24615,-6.2
SOD1,CHEMBL24635,-6.5
SOD1,CHEMBL24686,-6.3
SOD1,CHEMBL24738,-6.7
SOD1,CHEMBL24754,-6.2
SOD1,CHEMBL24763,-6.8
SOD1,CHEMBL24780,-6.3
SOD1,CHEMBL24810,-6.2
SOD1,CHEMBL24904,-6.6
SOD1,CHEMBL24907,-6.6
SOD1,CHEMBL24920,-6.2
SOD1,CHEMBL24950,-6.4
SOD1,CHEMBL24956,-6.6
SOD1,CHEMBL24966,-6.4
SOD1,CHEMBL24973,-6.3
SOD1,CHEMBL25034,-6.9
SOD1,CHEMBL25062,-6.2
SOD1,CHEMBL25063,-6.3
SOD1,CHEMBL25073,-6.3
SOD1,CHEMBL25084,-6.3
SOD1,CHEMBL25088,-6.2
SOD1,CHEMBL25091,-6.4
SOD1,CHEMBL25175,-6.3
SOD1,CHEMBL25183,-7.3
SOD1,CHEMBL25184,-6.3
SOD1,CHEMBL25201,-6.3
SOD1,CHEMBL25232,-6.5
SOD1,CHEMBL25244,-6.5
SOD1,CHEMBL25245,-6.2
SOD1,CHEMBL25299,-6.3
SOD1,CHEMBL25305,-6.4
SOD1,CHEMBL25336,-6.2
SOD1,CHEMBL25345,-6.5
SOD1,CHEMBL25351,-6.8
SOD1,CHEMBL25361,-6.2
SOD1,CHEMBL25368,-6.4
SOD1,CHEMBL25502,-6.6
SOD1,CHEMBL25516,-6.6
SOD1,CHEMBL25524,-6.5
SOD1,CHEMBL25527,-6.4
SOD1,CHEMBL25529,-6.3
SOD1,CHEMBL25580,-6.4
SOD1,CHEMBL25596,-6.4
SOD1,CHEMBL25632,-6.4
SOD1,CHEMBL25641,-6.2
SOD1,CHEMBL25664,-6.2
SOD1,CHEMBL25666,-6.5
SOD1,CHEMBL25673,-6.6
SOD1,CHEMBL25680,-6.3
SOD1,CHEMBL25698,-6.2
SOD1,CHEMBL25839,-6.5
SOD1,CHEMBL258525,-6.6
SOD1,CHEMBL25856,-6.5
SOD1,CHEMBL25870,-6.4
SOD1,CHEMBL25903,-6.4
SOD1,CHEMBL25933,-6.2
SOD1,CHEMBL25963,-6.5
SOD1,CHEMBL25981,-6.2
SOD1,CHEMBL25995,-6.5
SOD1,CHEMBL25999,-6.3
SOD1,CHEMBL26002,-6.2
SOD1,CHEMBL260023,-6.6
SOD1,CHEMBL26006,-6.5
SOD1,CHEMBL26074,-6.2
SOD1,CHEMBL26080,-6.5
SOD1,CHEMBL260906,-6.5
SOD1,CHEMBL260970,-6.5
SOD1,CHEMBL26130,-6.4
SOD1,CHEMBL26217,-6.2
SOD1,CHEMBL262399,-6.5
SOD1,CHEMBL26295,-6.2
SOD1,CHEMBL264055,-6.7
SOD1,CHEMBL26415,-6.5
SOD1,CHEMBL264478,-6.5
SOD1,CHEMBL26449,-6.3
SOD1,CHEMBL26471,-6.2
SOD1,CHEMBL26477,-6.2
SOD1,CHEMBL26500,-6.7
SOD1,CHEMBL26518,-7.1
SOD1,CHEMBL265763,-6.8
SOD1,CHEMBL26600,-6.3
SOD1,CHEMBL26624,-6.3
SOD1,CHEMBL26660,-6.4
SOD1,CHEMBL26678,-6.5
SOD1,CHEMBL26679,-6.8
SOD1,CHEMBL26755,-6.3
SOD1,CHEMBL26761,-6.4
SOD1,CHEMBL26779,-6.3
SOD1,CHEMBL26844,-6.4
SOD1,CHEMBL26868,-6.2
SOD1,CHEMBL26872,-6.4
SOD1,CHEMBL26896,-6.2
SOD1,CHEMBL26907,-6.3
SOD1,CHEMBL269191,-6.3
SOD1,CHEMBL26925,-6.2
SOD1,CHEMBL26928,-6.2
SOD1,CHEMBL26936,-6.5
SOD1,CHEMBL26946,-6.4
SOD1,CHEMBL26976,-6.3
SOD1,CHEMBL26996,-6.7
SOD1,CHEMBL26999,-6.2
SOD1,CHEMBL27048,-6.2
SOD1,CHEMBL27085,-6.3
SOD1,CHEMBL27132,-6.2
SOD1,CHEMBL27135,-6.2
SOD1,CHEMBL27149,-6.6
SOD1,CHEMBL27226,-6.4
SOD1,CHEMBL27228,-6.5
SOD1,CHEMBL27251,-6.2
SOD1,CHEMBL27309,-6.2
SOD1,CHEMBL27364,-6.2
SOD1,CHEMBL27376,-6.2
SOD1,CHEMBL27387,-6.4
SOD1,CHEMBL27388,-6.2
SOD1,CHEMBL27465,-6.2
SOD1,CHEMBL27509,-6.7
SOD1,CHEMBL27554,-6.4
SOD1,CHEMBL27556,-7.4
SOD1,CHEMBL27645,-6.2
SOD1,CHEMBL27684,-7.1
SOD1,CHEMBL27758,-6.6
SOD1,CHEMBL27761,-6.2
SOD1,CHEMBL27790,-6.4
SOD1,CHEMBL27805,-6.7
SOD1,CHEMBL27821,-6.7
SOD1,CHEMBL27826,-6.5
SOD1,CHEMBL27883,-6.2
SOD1,CHEMBL27965,-6.4
SOD1,CHEMBL28066,-6.3
SOD1,CHEMBL28067,-6.2
SOD1,CHEMBL28130,-6.5
SOD1,CHEMBL28172,-6.4
SOD1,CHEMBL28177,-6.4
SOD1,CHEMBL28202,-6.3
SOD1,CHEMBL28223,-6.7
SOD1,CHEMBL28280,-6.8
SOD1,CHEMBL28314,-6.2
SOD1,CHEMBL28316,-6.2
SOD1,CHEMBL28342,-6.3
SOD1,CHEMBL28350,-6.2
SOD1,CHEMBL28364,-6.2
SOD1,CHEMBL28386,-6.2
SOD1,CHEMBL28414,-6.5
SOD1,CHEMBL28422,-6.3
SOD1,CHEMBL28432,-6.6
SOD1,CHEMBL28451,-6.4
SOD1,CHEMBL28474,-6.4
SOD1,CHEMBL28505,-6.5
SOD1,CHEMBL28584,-6.2
SOD1,CHEMBL28595,-6.3
SOD1,CHEMBL28627,-6.4
SOD1,CHEMBL28729,-6.3
SOD1,CHEMBL28750,-6.3
SOD1,CHEMBL28797,-6.4
SOD1,CHEMBL28816,-6.2
SOD1,CHEMBL28817,-6.3
SOD1,CHEMBL28847,-6.8
SOD1,CHEMBL28853,-6.7
SOD1,CHEMBL28876,-6.2
SOD1,CHEMBL28897,-6.5
SOD1,CHEMBL28902,-6.6
SOD1,CHEMBL28906,-6.5
SOD1,CHEMBL28922,-6.5
SOD1,CHEMBL28947,-6.3
SOD1,CHEMBL28966,-6.4
SOD1,CHEMBL28983,-6.5
SOD1,CHEMBL29003,-6.8
SOD1,CHEMBL29037,-6.6
SOD1,CHEMBL29063,-6.3
SOD1,CHEMBL29073,-6.9
SOD1,CHEMBL29084,-6.3
SOD1,CHEMBL29129,-6.4
SOD1,CHEMBL29169,-7.0
SOD1,CHEMBL29208,-6.5
SOD1,CHEMBL29213,-6.8
SOD1,CHEMBL29217,-6.5
SOD1,CHEMBL29265,-6.2
SOD1,CHEMBL29271,-6.7
SOD1,CHEMBL29273,-6.9
SOD1,CHEMBL29276,-6.4
SOD1,CHEMBL29347,-6.8
SOD1,CHEMBL29368,-7.5
SOD1,CHEMBL29373,-6.3
SOD1,CHEMBL29374,-6.2
SOD1,CHEMBL29389,-6.6
SOD1,CHEMBL29510,-6.4
SOD1,CHEMBL29512,-6.6
SOD1,CHEMBL29530,-6.6
SOD1,CHEMBL29540,-6.2
SOD1,CHEMBL29567,-6.4
SOD1,CHEMBL29571,-6.5
SOD1,CHEMBL29575,-6.2
SOD1,CHEMBL29592,-6.5
SOD1,CHEMBL29594,-6.2
SOD1,CHEMBL29604,-6.4
SOD1,CHEMBL29657,-6.5
SOD1,CHEMBL29684,-7.4
SOD1,CHEMBL29731,-6.6
SOD1,CHEMBL29744,-6.4
SOD1,CHEMBL29772,-6.2
SOD1,CHEMBL29820,-6.3
SOD1,CHEMBL29879,-6.5
SOD1,CHEMBL29898,-6.2
SOD1,CHEMBL29998,-6.7
SOD1,CHEMBL30008,-6.2
SOD1,CHEMBL30015,-7.0
SOD1,CHEMBL30192,-6.5
SOD1,CHEMBL30297,-6.5
SOD1,CHEMBL30432,-6.4
SOD1,CHEMBL30481,-6.2
SOD1,CHEMBL30550,-6.9
SOD1,CHEMBL30587,-6.6
SOD1,CHEMBL30617,-6.2
SOD1,CHEMBL30639,-6.6
SOD1,CHEMBL30651,-6.2
SOD1,CHEMBL30681,-6.7
SOD1,CHEMBL30862,-6.6
SOD1,CHEMBL30910,-7.4
SOD1,CHEMBL31004,-6.2
SOD1,CHEMBL31065,-7.0
SOD1,CHEMBL31068,-6.3
SOD1,CHEMBL31076,-6.2
SOD1,CHEMBL31093,-6.2
SOD1,CHEMBL31108,-6.3
SOD1,CHEMBL31184,-6.2
SOD1,CHEMBL31213,-6.5
SOD1,CHEMBL31217,-6.5
SOD1,CHEMBL31241,-6.2
SOD1,CHEMBL31294,-6.3
SOD1,CHEMBL31315,-6.4
SOD1,CHEMBL31350,-6.2
SOD1,CHEMBL31399,-6.6
SOD1,CHEMBL31407,-6.2
SOD1,CHEMBL31476,-6.6
SOD1,CHEMBL31524,-6.2
SOD1,CHEMBL31653,-6.3
SOD1,CHEMBL31693,-6.2
SOD1,CHEMBL31714,-6.2
SOD1,CHEMBL31738,-6.5
SOD1,CHEMBL31776,-6.2
SOD1,CHEMBL31781,-6.6
SOD1,CHEMBL31802,-6.4
SOD1,CHEMBL31879,-6.2
SOD1,CHEMBL31941,-6.6
SOD1,CHEMBL31978,-6.9
SOD1,CHEMBL3198756,-6.5
SOD1,CHEMBL31998,-6.2
SOD1,CHEMBL32110,-6.2
SOD1,CHEMBL32138,-6.7
SOD1,CHEMBL32170,-6.4
SOD1,CHEMBL32187,-6.6
SOD1,CHEMBL32220,-6.3
SOD1,CHEMBL32248,-6.3
SOD1,CHEMBL32375,-6.8
SOD1,CHEMBL32380,-6.2
SOD1,CHEMBL32464,-6.5
SOD1,CHEMBL32596,-6.2
SOD1,CHEMBL32635,-6.8
SOD1,CHEMBL32690,-6.4
SOD1,CHEMBL32740,-6.2
SOD1,CHEMBL32741,-6.6
SOD1,CHEMBL32764,-6.4
SOD1,CHEMBL32766,-6.8
SOD1,CHEMBL32812,-6.7
SOD1,CHEMBL32926,-6.4
SOD1,CHEMBL32944,-6.8
SOD1,CHEMBL32947,-7.3
SOD1,CHEMBL32996,-6.2
SOD1,CHEMBL33010,-6.5
SOD1,CHEMBL3309290,-6.2
SOD1,CHEMBL3309291,-6.9
SOD1,CHEMBL3309292,-6.7
SOD1,CHEMBL3309297,-6.5
SOD1,CHEMBL3309300,-6.7
SOD1,CHEMBL3309306,-6.5
SOD1,CHEMBL3309383,-6.6
SOD1,CHEMBL3309384,-6.3
SOD1,CHEMBL3309385,-6.5
SOD1,CHEMBL3309388,-6.3
SOD1,CHEMBL3309389,-6.5
SOD1,CHEMBL3309394,-6.9
SOD1,CHEMBL3309395,-6.6
SOD1,CHEMBL3309396,-6.2
SOD1,CHEMBL3309397,-6.4
SOD1,CHEMBL3309403,-6.2
SOD1,CHEMBL3309444,-6.6
SOD1,CHEMBL3309450,-6.4
SOD1,CHEMBL3309470,-6.2
SOD1,CHEMBL3309473,-6.5
SOD1,CHEMBL3309474,-6.9
SOD1,CHEMBL3309475,-6.6
SOD1,CHEMBL3309490,-6.6
SOD1,CHEMBL3309493,-6.6
SOD1,CHEMBL3309506,-6.4
SOD1,CHEMBL3309508,-6.2
SOD1,CHEMBL3309537,-6.7
SOD1,CHEMBL3309539,-6.7
SOD1,CHEMBL3309540,-6.3
SOD1,CHEMBL3309541,-6.2
SOD1,CHEMBL3309546,-6.8
SOD1,CHEMBL3309547,-7.2
SOD1,CHEMBL3309548,-6.3
SOD1,CHEMBL3309550,-6.2
SOD1,CHEMBL3309552,-6.3
SOD1,CHEMBL3309554,-6.3
SOD1,CHEMBL3309561,-6.2
SOD1,CHEMBL3309567,-6.3
SOD1,CHEMBL3309645,-6.3
SOD1,CHEMBL3309650,-6.2
SOD1,CHEMBL3309655,-6.2
SOD1,CHEMBL3309659,-6.4
SOD1,CHEMBL3309684,-6.3
SOD1,CHEMBL3309740,-6.3
SOD1,CHEMBL3309742,-6.2
SOD1,CHEMBL3309744,-6.3
SOD1,CHEMBL3309760,-6.3
SOD1,CHEMBL3309762,-6.3
SOD1,CHEMBL3309775,-6.4
SOD1,CHEMBL3309784,-6.3
SOD1,CHEMBL3309785,-6.3
SOD1,CHEMBL3309822,-6.3
SOD1,CHEMBL3309828,-6.4
SOD1,CHEMBL3309840,-6.2
SOD1,CHEMBL3309845,-6.5
SOD1,CHEMBL3309847,-6.3
SOD1,CHEMBL3309855,-6.2
SOD1,CHEMBL3309857,-6.6
SOD1,CHEMBL3309898,-6.4
SOD1,CHEMBL3309924,-6.2
SOD1,CHEMBL3309958,-6.6
SOD1,CHEMBL3309960,-6.4
SOD1,CHEMBL3309961,-6.5
SOD1,CHEMBL3309962,-6.8
SOD1,CHEMBL3309963,-7.2
SOD1,CHEMBL3309964,-7.0
SOD1,CHEMBL3309965,-7.2
SOD1,CHEMBL3309966,-6.6
SOD1,CHEMBL3309969,-6.2
SOD1,CHEMBL3309973,-6.5
SOD1,CHEMBL3309978,-6.4
SOD1,CHEMBL3309979,-6.3
SOD1,CHEMBL3309980,-6.3
SOD1,CHEMBL3309985,-6.5
SOD1,CHEMBL3309986,-6.8
SOD1,CHEMBL3309987,-6.2
SOD1,CHEMBL3309988,-6.3
SOD1,CHEMBL3309989,-6.6
SOD1,CHEMBL3309991,-6.5
SOD1,CHEMBL3309992,-6.2
SOD1,CHEMBL3309993,-6.9
SOD1,CHEMBL3309994,-6.6
SOD1,CHEMBL3309995,-6.7
SOD1,CHEMBL3309996,-6.3
SOD1,CHEMBL3309998,-6.5
SOD1,CHEMBL3309999,-6.7
SOD1,CHEMBL3310002,-6.3
SOD1,CHEMBL3310003,-6.3
SOD1,CHEMBL3310006,-6.3
SOD1,CHEMBL3310010,-6.2
SOD1,CHEMBL3310012,-6.3
SOD1,CHEMBL3310014,-6.3
SOD1,CHEMBL3310020,-6.2
SOD1,CHEMBL3310038,-6.3
SOD1,CHEMBL3310043,-6.4
SOD1,CHEMBL3310049,-6.2
SOD1,CHEMBL3310054,-6.2
SOD1,CHEMBL3310073,-6.2
SOD1,CHEMBL3310106,-6.2
SOD1,CHEMBL3310108,-6.8
SOD1,CHEMBL3310151,-6.2
SOD1,CHEMBL3310152,-6.5
SOD1,CHEMBL3310155,-6.4
SOD1,CHEMBL3310156,-6.3
SOD1,CHEMBL3310181,-6.2
SOD1,CHEMBL3310191,-6.4
SOD1,CHEMBL3310192,-6.6
SOD1,CHEMBL3310193,-6.3
SOD1,CHEMBL3310213,-6.3
SOD1,CHEMBL3310262,-6.2
SOD1,CHEMBL3310333,-6.2
SOD1,CHEMBL3310359,-6.5
SOD1,CHEMBL3310361,-6.2
SOD1,CHEMBL3310368,-6.6
SOD1,CHEMBL3310377,-6.4
SOD1,CHEMBL3310388,-6.5
SOD1,CHEMBL3310456,-6.4
SOD1,CHEMBL3310457,-6.4
SOD1,CHEMBL3310464,-6.2
SOD1,CHEMBL3310506,-6.2
SOD1,CHEMBL3310509,-6.3
SOD1,CHEMBL3310569,-6.2
SOD1,CHEMBL3310590,-6.5
SOD1,CHEMBL3310688,-6.3
SOD1,CHEMBL3310689,-6.6
SOD1,CHEMBL3310692,-6.5
SOD1,CHEMBL3310693,-6.6
SOD1,CHEMBL3310694,-6.4
SOD1,CHEMBL3310716,-6.2
SOD1,CHEMBL3310719,-6.3
SOD1,CHEMBL3310724,-6.2
SOD1,CHEMBL3310725,-6.3
SOD1,CHEMBL3310726,-6.5
SOD1,CHEMBL3310727,-6.4
SOD1,CHEMBL3310728,-6.3
SOD1,CHEMBL3310729,-6.5
SOD1,CHEMBL3310730,-6.4
SOD1,CHEMBL3310732,-6.4
SOD1,CHEMBL3310796,-6.3
SOD1,CHEMBL3310803,-6.3
SOD1,CHEMBL3310804,-6.3
SOD1,CHEMBL3310805,-6.2
SOD1,CHEMBL3310807,-6.5
SOD1,CHEMBL3310808,-6.5
SOD1,CHEMBL3310810,-6.8
SOD1,CHEMBL3310811,-6.3
SOD1,CHEMBL3310812,-6.3
SOD1,CHEMBL3310813,-6.5
SOD1,CHEMBL3310814,-6.6
SOD1,CHEMBL3310845,-6.4
SOD1,CHEMBL3310894,-6.4
SOD1,CHEMBL3310895,-6.7
SOD1,CHEMBL3310897,-6.6
SOD1,CHEMBL3310898,-7.1
SOD1,CHEMBL3310921,-6.7
SOD1,CHEMBL3310924,-6.6
SOD1,CHEMBL3310926,-6.3
SOD1,CHEMBL3310928,-6.3
SOD1,CHEMBL3310986,-6.2
SOD1,CHEMBL3311120,-6.4
SOD1,CHEMBL3311121,-6.2
SOD1,CHEMBL3311127,-6.5
SOD1,CHEMBL3311149,-6.2
SOD1,CHEMBL3311237,-6.2
SOD1,CHEMBL3311238,-6.3
SOD1,CHEMBL3311247,-6.5
SOD1,CHEMBL3311269,-6.4
SOD1,CHEMBL3311270,-6.2
SOD1,CHEMBL3311273,-6.3
SOD1,CHEMBL3311274,-6.5
SOD1,CHEMBL3311275,-6.3
SOD1,CHEMBL3311276,-6.2
SOD1,CHEMBL3311284,-6.3
SOD1,CHEMBL3311285,-6.2
SOD1,CHEMBL3311286,-6.4
SOD1,CHEMBL3311287,-6.4
SOD1,CHEMBL3311337,-6.2
SOD1,CHEMBL3311339,-7.0
SOD1,CHEMBL3311384,-6.4
SOD1,CHEMBL3311385,-6.9
SOD1,CHEMBL3311386,-6.6
SOD1,CHEMBL3311387,-6.7
SOD1,CHEMBL3311388,-6.7
SOD1,CHEMBL3311393,-6.2
SOD1,CHEMBL3311445,-7.2
SOD1,CHEMBL3311446,-6.7
SOD1,CHEMBL3311448,-6.4
SOD1,CHEMBL3311450,-6.3
SOD1,CHEMBL3311451,-6.8
SOD1,CHEMBL3311452,-6.4
SOD1,CHEMBL3311454,-6.4
SOD1,CHEMBL3311537,-6.4
SOD1,CHEMBL3311538,-6.4
SOD1,CHEMBL3314147,-6.3
SOD1,CHEMBL3314155,-6.5
SOD1,CHEMBL3314189,-6.2
SOD1,CHEMBL3314303,-6.2
SOD1,CHEMBL3314394,-6.6
SOD1,CHEMBL3314770,-6.4
SOD1,CHEMBL3315057,-6.2
SOD1,CHEMBL3315063,-6.7
SOD1,CHEMBL3315067,-7.6
SOD1,CHEMBL3315068,-7.5
SOD1,CHEMBL3315069,-7.0
SOD1,CHEMBL3315070,-6.5
SOD1,CHEMBL3315159,-6.4
SOD1,CHEMBL3315207,-6.3
SOD1,CHEMBL3315210,-6.3
SOD1,CHEMBL3315211,-6.5
SOD1,CHEMBL3315212,-6.3
SOD1,CHEMBL3315213,-7.0
SOD1,CHEMBL3315218,-6.2
SOD1,CHEMBL3315291,-6.3
SOD1,CHEMBL3315370,-6.2
SOD1,CHEMBL33159,-6.4
SOD1,CHEMBL33187,-6.3
SOD1,CHEMBL33201,-6.2
SOD1,CHEMBL33213,-6.6
SOD1,CHEMBL33228,-6.7
SOD1,CHEMBL33267,-6.5
SOD1,CHEMBL33276,-6.2
SOD1,CHEMBL33292,-6.3
SOD1,CHEMBL33294,-6.2
SOD1,CHEMBL33301,-6.2
SOD1,CHEMBL33329,-6.6
SOD1,CHEMBL33335,-6.3
SOD1,CHEMBL33357,-6.4
SOD1,CHEMBL33384,-6.2
SOD1,CHEMBL33433,-6.4
SOD1,CHEMBL3350669,-6.2
SOD1,CHEMBL3350749,-6.2
SOD1,CHEMBL3350976,-6.4
SOD1,CHEMBL3351000,-6.4
SOD1,CHEMBL3351038,-6.3
SOD1,CHEMBL33537,-6.8
SOD1,CHEMBL33540,-6.2
SOD1,CHEMBL33542,-6.4
SOD1,CHEMBL3355153,-6.2
SOD1,CHEMBL3355155,-6.3
SOD1,CHEMBL3355157,-6.3
SOD1,CHEMBL3355158,-6.3
SOD1,CHEMBL3355191,-6.2
SOD1,CHEMBL3355193,-6.6
SOD1,CHEMBL3355222,-6.4
SOD1,CHEMBL33607,-6.9
SOD1,CHEMBL33627,-6.5
SOD1,CHEMBL33697,-6.3
SOD1,CHEMBL33705,-6.4
SOD1,CHEMBL33729,-6.3
SOD1,CHEMBL33750,-6.6
SOD1,CHEMBL33796,-6.4
SOD1,CHEMBL33815,-6.4
SOD1,CHEMBL33871,-6.5
SOD1,CHEMBL33906,-6.6
SOD1,CHEMBL33909,-6.2
SOD1,CHEMBL33947,-6.2
SOD1,CHEMBL33973,-6.3
SOD1,CHEMBL339750,-6.4
SOD1,CHEMBL34067,-6.4
SOD1,CHEMBL34082,-7.4
SOD1,CHEMBL34085,-6.3
SOD1,CHEMBL34152,-6.4
SOD1,CHEMBL34164,-6.2
SOD1,CHEMBL34177,-6.6
SOD1,CHEMBL34219,-6.2
SOD1,CHEMBL34309,-6.3
SOD1,CHEMBL34344,-6.2
SOD1,CHEMBL34348,-6.2
SOD1,CHEMBL34413,-6.3
SOD1,CHEMBL34421,-6.2
SOD1,CHEMBL34428,-6.3
SOD1,CHEMBL34433,-6.3
SOD1,CHEMBL34441,-6.3
SOD1,CHEMBL34507,-6.4
SOD1,CHEMBL34543,-6.3
SOD1,CHEMBL34627,-6.9
SOD1,CHEMBL34641,-6.3
SOD1,CHEMBL34684,-6.8
SOD1,CHEMBL34706,-6.3
SOD1,CHEMBL34721,-6.6
SOD1,CHEMBL34740,-6.7
SOD1,CHEMBL34744,-6.9
SOD1,CHEMBL34793,-6.5
SOD1,CHEMBL34803,-6.4
SOD1,CHEMBL34835,-6.7
SOD1,CHEMBL34838,-6.5
SOD1,CHEMBL34923,-6.3
SOD1,CHEMBL34967,-6.2
SOD1,CHEMBL35005,-6.5
SOD1,CHEMBL35019,-6.5
SOD1,CHEMBL35020,-6.2
SOD1,CHEMBL35057,-6.3
SOD1,CHEMBL35073,-6.2
SOD1,CHEMBL35080,-6.6
SOD1,CHEMBL35096,-6.4
SOD1,CHEMBL35122,-6.5
SOD1,CHEMBL35183,-6.5
SOD1,CHEMBL35241,-6.3
SOD1,CHEMBL35324,-6.7
SOD1,CHEMBL35409,-6.3
SOD1,CHEMBL35437,-6.2
SOD1,CHEMBL35466,-6.8
SOD1,CHEMBL35493,-6.7
SOD1,CHEMBL35525,-6.7
SOD1,CHEMBL35539,-6.2
SOD1,CHEMBL35565,-6.3
SOD1,CHEMBL35573,-6.3
SOD1,CHEMBL35586,-6.2
SOD1,CHEMBL35663,-6.2
SOD1,CHEMBL35665,-6.2
SOD1,CHEMBL35730,-6.5
SOD1,CHEMBL35754,-7.5
SOD1,CHEMBL35784,-6.4
SOD1,CHEMBL35807,-6.2
SOD1,CHEMBL35813,-6.3
SOD1,CHEMBL35826,-6.5
SOD1,CHEMBL35832,-6.3
SOD1,CHEMBL35842,-6.4
SOD1,CHEMBL35859,-6.2
SOD1,CHEMBL35978,-6.4
SOD1,CHEMBL35995,-6.2
SOD1,CHEMBL36001,-6.3
SOD1,CHEMBL36022,-6.3
SOD1,CHEMBL36035,-6.4
SOD1,CHEMBL36053,-6.2
SOD1,CHEMBL36065,-6.6
SOD1,CHEMBL36087,-6.8
SOD1,CHEMBL36113,-7.1
SOD1,CHEMBL36114,-6.2
SOD1,CHEMBL36141,-6.7
SOD1,CHEMBL36152,-6.2
SOD1,CHEMBL36172,-6.4
SOD1,CHEMBL36263,-6.2
SOD1,CHEMBL36268,-6.2
SOD1,CHEMBL36280,-6.6
SOD1,CHEMBL36288,-6.2
SOD1,CHEMBL36312,-6.6
SOD1,CHEMBL36317,-6.5
SOD1,CHEMBL36327,-6.2
SOD1,CHEMBL36379,-6.4
SOD1,CHEMBL36398,-6.3
SOD1,CHEMBL36431,-6.2
SOD1,CHEMBL36436,-6.3
SOD1,CHEMBL36441,-6.3
SOD1,CHEMBL36461,-6.3
SOD1,CHEMBL36501,-6.6
SOD1,CHEMBL36564,-6.5
SOD1,CHEMBL36573,-6.5
SOD1,CHEMBL36586,-6.7
SOD1,CHEMBL36599,-6.7
SOD1,CHEMBL36628,-6.6
SOD1,CHEMBL36631,-6.3
SOD1,CHEMBL36637,-6.3
SOD1,CHEMBL36688,-6.3
SOD1,CHEMBL36717,-7.2
SOD1,CHEMBL36739,-6.8
SOD1,CHEMBL36759,-7.0
SOD1,CHEMBL36823,-6.3
SOD1,CHEMBL36926,-6.8
SOD1,CHEMBL36960,-6.6
SOD1,CHEMBL36984,-7.0
SOD1,CHEMBL36986,-6.2
SOD1,CHEMBL37035,-7.0
SOD1,CHEMBL37061,-6.3
SOD1,CHEMBL37063,-6.3
SOD1,CHEMBL37098,-6.2
SOD1,CHEMBL37100,-6.4
SOD1,CHEMBL37152,-6.2
SOD1,CHEMBL37162,-6.4
SOD1,CHEMBL37169,-6.2
SOD1,CHEMBL37304,-6.8
SOD1,CHEMBL37348,-6.3
SOD1,CHEMBL37389,-6.2
SOD1,CHEMBL37472,-6.3
SOD1,CHEMBL37493,-6.4
SOD1,CHEMBL37541,-6.2
SOD1,CHEMBL37557,-6.3
SOD1,CHEMBL37633,-6.7
SOD1,CHEMBL37634,-6.4
SOD1,CHEMBL37636,-6.2
SOD1,CHEMBL37654,-6.2
SOD1,CHEMBL37657,-6.2
SOD1,CHEMBL37668,-6.4
SOD1,CHEMBL37684,-6.2
SOD1,CHEMBL37698,-6.4
SOD1,CHEMBL37708,-6.7
SOD1,CHEMBL37717,-6.3
SOD1,CHEMBL37777,-6.2
SOD1,CHEMBL37778,-6.2
SOD1,CHEMBL37799,-6.6
SOD1,CHEMBL37871,-6.2
SOD1,CHEMBL37906,-6.2
SOD1,CHEMBL37927,-6.2
SOD1,CHEMBL37939,-6.3
SOD1,CHEMBL37979,-6.2
SOD1,CHEMBL37994,-7.3
SOD1,CHEMBL37996,-6.4
SOD1,CHEMBL38054,-6.3
SOD1,CHEMBL38084,-6.4
SOD1,CHEMBL38140,-6.4
SOD1,CHEMBL38158,-6.3
SOD1,CHEMBL38184,-6.5
SOD1,CHEMBL38194,-6.4
SOD1,CHEMBL38239,-7.3
SOD1,CHEMBL38243,-6.3
SOD1,CHEMBL38260,-6.4
SOD1,CHEMBL38262,-6.3
SOD1,CHEMBL38271,-6.4
SOD1,CHEMBL38277,-6.4
SOD1,CHEMBL38315,-6.3
SOD1,CHEMBL38321,-6.3
SOD1,CHEMBL38335,-6.3
SOD1,CHEMBL38362,-6.2
SOD1,CHEMBL38433,-6.7
SOD1,CHEMBL38436,-6.8
SOD1,CHEMBL38491,-6.7
SOD1,CHEMBL38512,-6.5
SOD1,CHEMBL38543,-6.3
SOD1,CHEMBL38554,-6.3
SOD1,CHEMBL38562,-6.2
SOD1,CHEMBL38591,-6.2
SOD1,CHEMBL38629,-6.4
SOD1,CHEMBL38669,-6.2
SOD1,CHEMBL38709,-6.8
SOD1,CHEMBL38726,-6.7
SOD1,CHEMBL38767,-6.5
SOD1,CHEMBL38874,-6.3
SOD1,CHEMBL38899,-6.2
SOD1,CHEMBL38902,-6.6
SOD1,CHEMBL38920,-6.2
SOD1,CHEMBL38927,-6.2
SOD1,CHEMBL38957,-6.8
SOD1,CHEMBL38961,-6.7
SOD1,CHEMBL38990,-6.6
SOD1,CHEMBL39034,-6.3
SOD1,CHEMBL39054,-6.2
SOD1,CHEMBL39055,-6.2
SOD1,CHEMBL39143,-6.2
SOD1,CHEMBL39162,-6.6
SOD1,CHEMBL39255,-6.6
SOD1,CHEMBL39263,-6.2
SOD1,CHEMBL39269,-6.2
SOD1,CHEMBL39282,-6.2
SOD1,CHEMBL39309,-6.2
SOD1,CHEMBL39319,-6.2
SOD1,CHEMBL39339,-6.4
SOD1,CHEMBL39350,-6.2
SOD1,CHEMBL39397,-6.3
SOD1,CHEMBL39413,-6.3
SOD1,CHEMBL39443,-6.4
SOD1,CHEMBL39481,-6.3
SOD1,CHEMBL39536,-6.7
SOD1,CHEMBL39590,-6.5
SOD1,CHEMBL39793,-6.5
SOD1,CHEMBL39830,-6.6
SOD1,CHEMBL39883,-6.3
SOD1,CHEMBL39911,-6.6
SOD1,CHEMBL39923,-6.4
SOD1,CHEMBL40015,-6.2
SOD1,CHEMBL40072,-6.2
SOD1,CHEMBL40148,-6.2
SOD1,CHEMBL40174,-6.2
SOD1,CHEMBL40188,-6.8
SOD1,CHEMBL402708,-6.2
SOD1,CHEMBL40288,-6.8
SOD1,CHEMBL40294,-6.2
SOD1,CHEMBL40310,-6.7
SOD1,CHEMBL40355,-6.2
SOD1,CHEMBL40385,-6.3
SOD1,CHEMBL40398,-6.4
SOD1,CHEMBL40415,-6.2
SOD1,CHEMBL40429,-6.3
SOD1,CHEMBL40430,-6.3
SOD1,CHEMBL40446,-6.7
SOD1,CHEMBL40454,-6.2
SOD1,CHEMBL40529,-6.4
SOD1,CHEMBL40530,-6.5
SOD1,CHEMBL405667,-6.9
SOD1,CHEMBL40599,-6.3
SOD1,CHEMBL40607,-6.3
SOD1,CHEMBL40650,-6.3
SOD1,CHEMBL40762,-6.2
SOD1,CHEMBL408,-6.9
SOD1,CHEMBL40819,-6.4
SOD1,CHEMBL40831,-6.2
SOD1,CHEMBL40900,-6.3
SOD1,CHEMBL40929,-6.2
SOD1,CHEMBL40936,-6.3
SOD1,CHEMBL40937,-6.3
SOD1,CHEMBL40949,-6.2
SOD1,CHEMBL41080,-6.4
SOD1,CHEMBL4116107,-7.5
SOD1,CHEMBL4116108,-6.8
SOD1,CHEMBL4116164,-7.8
SOD1,CHEMBL41206,-6.3
SOD1,CHEMBL41212,-6.4
SOD1,CHEMBL41237,-6.2
SOD1,CHEMBL41332,-6.4
SOD1,CHEMBL41335,-6.6
SOD1,CHEMBL41359,-6.7
SOD1,CHEMBL41366,-6.6
SOD1,CHEMBL41370,-6.5
SOD1,CHEMBL41383,-6.4
SOD1,CHEMBL41396,-6.2
SOD1,CHEMBL41400,-6.4
SOD1,CHEMBL41433,-6.2
SOD1,CHEMBL41434,-6.6
SOD1,CHEMBL414380,-6.3
SOD1,CHEMBL41442,-6.3
SOD1,CHEMBL41444,-6.3
SOD1,CHEMBL41543,-6.3
SOD1,CHEMBL41645,-6.6
SOD1,CHEMBL41652,-6.3
SOD1,CHEMBL41719,-6.7
SOD1,CHEMBL41776,-6.6
SOD1,CHEMBL41797,-6.2
SOD1,CHEMBL41805,-6.2
SOD1,CHEMBL41816,-6.2
SOD1,CHEMBL42030,-6.4
SOD1,CHEMBL42042,-6.4
SOD1,CHEMBL42058,-6.4
SOD1,CHEMBL42108,-6.4
SOD1,CHEMBL42125,-6.7
SOD1,CHEMBL42134,-6.7
SOD1,CHEMBL42142,-6.3
SOD1,CHEMBL42184,-6.3
SOD1,CHEMBL42221,-6.2
SOD1,CHEMBL42253,-6.2
SOD1,CHEMBL42281,-6.3
SOD1,CHEMBL42287,-6.4
SOD1,CHEMBL42305,-6.2
SOD1,CHEMBL42318,-6.4
SOD1,CHEMBL42335,-6.6
SOD1,CHEMBL42388,-6.4
SOD1,CHEMBL42406,-6.8
SOD1,CHEMBL42459,-6.2
SOD1,CHEMBL42460,-6.7
SOD1,CHEMBL42497,-6.4
SOD1,CHEMBL42507,-6.4
SOD1,CHEMBL42523,-6.2
SOD1,CHEMBL42534,-6.3
SOD1,CHEMBL42599,-7.2
SOD1,CHEMBL42612,-6.2
SOD1,CHEMBL42625,-6.4
SOD1,CHEMBL42648,-6.4
SOD1,CHEMBL42698,-6.3
SOD1,CHEMBL42735,-6.7
SOD1,CHEMBL42744,-6.5
SOD1,CHEMBL42762,-6.9
SOD1,CHEMBL42770,-6.4
SOD1,CHEMBL42825,-6.3
SOD1,CHEMBL42826,-6.6
SOD1,CHEMBL42875,-6.5
SOD1,CHEMBL42889,-6.3
SOD1,CHEMBL42914,-6.5
SOD1,CHEMBL42927,-6.3
SOD1,CHEMBL42929,-6.3
SOD1,CHEMBL42934,-6.2
SOD1,CHEMBL4299062,-6.4
SOD1,CHEMBL42995,-6.2
SOD1,CHEMBL4299805,-6.2
SOD1,CHEMBL4299810,-6.2
SOD1,CHEMBL4299822,-6.3
SOD1,CHEMBL4299823,-6.4
SOD1,CHEMBL4299876,-6.6
SOD1,CHEMBL4299877,-6.4
SOD1,CHEMBL4299905,-6.4
SOD1,CHEMBL4299919,-6.2
SOD1,CHEMBL4299925,-6.2
SOD1,CHEMBL4299936,-6.4
SOD1,CHEMBL4299991,-6.3
SOD1,CHEMBL4299997,-6.4
SOD1,CHEMBL4300005,-6.2
SOD1,CHEMBL4300081,-6.3
SOD1,CHEMBL4300082,-6.5
SOD1,CHEMBL4300086,-6.2
SOD1,CHEMBL4300087,-6.3
SOD1,CHEMBL4300091,-6.2
SOD1,CHEMBL4300098,-7.4
SOD1,CHEMBL4300116,-6.3
SOD1,CHEMBL4300149,-6.3
SOD1,CHEMBL4300173,-6.7
SOD1,CHEMBL43008,-6.3
SOD1,CHEMBL43014,-6.3
SOD1,CHEMBL43017,-6.2
SOD1,CHEMBL4303142,-6.2
SOD1,CHEMBL43066,-7.0
SOD1,CHEMBL43078,-6.2
SOD1,CHEMBL43105,-6.6
SOD1,CHEMBL43118,-6.7
SOD1,CHEMBL43123,-6.2
SOD1,CHEMBL43150,-6.8
SOD1,CHEMBL43198,-6.4
SOD1,CHEMBL43227,-7.2
SOD1,CHEMBL43231,-6.2
SOD1,CHEMBL43234,-6.2
SOD1,CHEMBL43423,-6.8
SOD1,CHEMBL43433,-6.4
SOD1,CHEMBL43491,-6.8
SOD1,CHEMBL43497,-6.2
SOD1,CHEMBL43514,-6.4
SOD1,CHEMBL43535,-6.6
SOD1,CHEMBL43540,-6.5
SOD1,CHEMBL43569,-6.4
SOD1,CHEMBL43591,-6.7
SOD1,CHEMBL43634,-6.6
SOD1,CHEMBL43655,-6.3
SOD1,CHEMBL43677,-6.5
SOD1,CHEMBL43750,-6.7
SOD1,CHEMBL43751,-6.5
SOD1,CHEMBL43817,-6.6
SOD1,CHEMBL43818,-6.7
SOD1,CHEMBL43860,-6.8
SOD1,CHEMBL43871,-6.3
SOD1,CHEMBL43909,-6.9
SOD1,CHEMBL43912,-6.2
SOD1,CHEMBL43999,-6.5
SOD1,CHEMBL44036,-6.3
SOD1,CHEMBL44044,-6.2
SOD1,CHEMBL44050,-6.2
SOD1,CHEMBL44111,-6.6
SOD1,CHEMBL44116,-6.6
SOD1,CHEMBL44125,-6.2
SOD1,CHEMBL44190,-6.3
SOD1,CHEMBL44213,-7.3
SOD1,CHEMBL44217,-6.4
SOD1,CHEMBL44218,-6.5
SOD1,CHEMBL44288,-7.0
SOD1,CHEMBL44292,-6.2
SOD1,CHEMBL44344,-6.4
SOD1,CHEMBL4434652,-7.1
SOD1,CHEMBL4434662,-6.2
SOD1,CHEMBL4434720,-6.4
SOD1,CHEMBL4434725,-7.0
SOD1,CHEMBL4434731,-6.4
SOD1,CHEMBL4434740,-6.2
SOD1,CHEMBL4434812,-6.3
SOD1,CHEMBL4434821,-6.7
SOD1,CHEMBL4434827,-6.2
SOD1,CHEMBL4434836,-6.5
SOD1,CHEMBL4434850,-7.1
SOD1,CHEMBL4434852,-7.4
SOD1,CHEMBL4434862,-6.3
SOD1,CHEMBL4434863,-6.2
SOD1,CHEMBL4434887,-6.3
SOD1,CHEMBL4434902,-6.4
SOD1,CHEMBL4434912,-6.4
SOD1,CHEMBL4434915,-6.2
SOD1,CHEMBL4434920,-6.4
SOD1,CHEMBL4434926,-6.3
SOD1,CHEMBL4434951,-6.5
SOD1,CHEMBL4434956,-6.5
SOD1,CHEMBL4434974,-6.2
SOD1,CHEMBL4434975,-6.5
SOD1,CHEMBL44350,-6.8
SOD1,CHEMBL4435015,-6.9
SOD1,CHEMBL4435016,-6.4
SOD1,CHEMBL4435030,-6.3
SOD1,CHEMBL4435044,-6.4
SOD1,CHEMBL4435059,-6.5
SOD1,CHEMBL4435073,-6.8
SOD1,CHEMBL4435075,-6.3
SOD1,CHEMBL4435077,-6.3
SOD1,CHEMBL4435081,-6.3
SOD1,CHEMBL4435086,-6.9
SOD1,CHEMBL4435102,-6.2
SOD1,CHEMBL4435108,-6.4
SOD1,CHEMBL4435111,-6.3
SOD1,CHEMBL4435126,-6.2
SOD1,CHEMBL4435143,-6.7
SOD1,CHEMBL4435153,-6.2
SOD1,CHEMBL4435155,-6.5
SOD1,CHEMBL4435159,-6.8
SOD1,CHEMBL4435160,-7.1
SOD1,CHEMBL4435161,-6.2
SOD1,CHEMBL4435168,-6.2
SOD1,CHEMBL4435176,-6.3
SOD1,CHEMBL4435180,-7.3
SOD1,CHEMBL4435183,-6.4
SOD1,CHEMBL4435185,-6.4
SOD1,CHEMBL4435191,-6.4
SOD1,CHEMBL4435210,-6.4
SOD1,CHEMBL4435245,-6.9
SOD1,CHEMBL4435251,-6.4
SOD1,CHEMBL4435260,-6.4
SOD1,CHEMBL4435264,-6.2
SOD1,CHEMBL4435269,-6.3
SOD1,CHEMBL4435286,-6.2
SOD1,CHEMBL4435298,-6.3
SOD1,CHEMBL4435364,-6.3
SOD1,CHEMBL4435366,-6.4
SOD1,CHEMBL4435374,-6.5
SOD1,CHEMBL4435426,-6.3
SOD1,CHEMBL4435437,-6.8
SOD1,CHEMBL4435439,-6.2
SOD1,CHEMBL4435443,-6.3
SOD1,CHEMBL4435444,-6.6
SOD1,CHEMBL4435464,-6.2
SOD1,CHEMBL4435466,-6.3
SOD1,CHEMBL4435470,-6.4
SOD1,CHEMBL4435471,-6.9
SOD1,CHEMBL4435477,-6.4
SOD1,CHEMBL4435497,-6.6
SOD1,CHEMBL4435511,-6.4
SOD1,CHEMBL4435512,-6.5
SOD1,CHEMBL4435524,-6.2
SOD1,CHEMBL4435533,-6.3
SOD1,CHEMBL4435539,-6.6
SOD1,CHEMBL4435560,-6.2
SOD1,CHEMBL4435570,-6.5
SOD1,CHEMBL4435601,-6.5
SOD1,CHEMBL4435608,-6.2
SOD1,CHEMBL4435614,-7.8
SOD1,CHEMBL4435623,-6.6
SOD1,CHEMBL4435625,-6.2
SOD1,CHEMBL4435626,-6.2
SOD1,CHEMBL4435644,-6.3
SOD1,CHEMBL4435646,-6.8
SOD1,CHEMBL4435664,-6.6
SOD1,CHEMBL4435666,-6.2
SOD1,CHEMBL4435695,-6.4
SOD1,CHEMBL4435704,-6.3
SOD1,CHEMBL4435732,-7.2
SOD1,CHEMBL4435736,-6.3
SOD1,CHEMBL4435753,-6.9
SOD1,CHEMBL4435778,-6.2
SOD1,CHEMBL4435809,-6.5
SOD1,CHEMBL4435836,-6.2
SOD1,CHEMBL4435839,-6.2
SOD1,CHEMBL4435842,-6.5
SOD1,CHEMBL4435843,-6.2
SOD1,CHEMBL4435858,-6.9
SOD1,CHEMBL4435865,-6.3
SOD1,CHEMBL4435876,-6.8
SOD1,CHEMBL4435877,-6.3
SOD1,CHEMBL4435881,-6.7
SOD1,CHEMBL4435888,-6.3
SOD1,CHEMBL4435889,-6.3
SOD1,CHEMBL4435898,-6.2
SOD1,CHEMBL4435900,-6.6
SOD1,CHEMBL4435905,-6.5
SOD1,CHEMBL4435941,-6.2
SOD1,CHEMBL4435950,-6.2
SOD1,CHEMBL4435953,-6.2
SOD1,CHEMBL4435962,-6.8
SOD1,CHEMBL4435963,-6.4
SOD1,CHEMBL443597,-7.9
SOD1,CHEMBL4436001,-6.3
SOD1,CHEMBL4436016,-6.5
SOD1,CHEMBL4436018,-6.2
SOD1,CHEMBL4436033,-6.4
SOD1,CHEMBL4436047,-6.3
SOD1,CHEMBL4436056,-6.6
SOD1,CHEMBL4436067,-6.4
SOD1,CHEMBL4436096,-6.3
SOD1,CHEMBL4436108,-6.2
SOD1,CHEMBL4436123,-7.1
SOD1,CHEMBL4436129,-6.9
SOD1,CHEMBL4436132,-6.4
SOD1,CHEMBL4436134,-6.8
SOD1,CHEMBL4436157,-6.5
SOD1,CHEMBL4436188,-6.3
SOD1,CHEMBL4436216,-6.3
SOD1,CHEMBL4436235,-6.5
SOD1,CHEMBL4436248,-6.3
SOD1,CHEMBL4436254,-6.7
SOD1,CHEMBL4436265,-6.3
SOD1,CHEMBL4436282,-6.3
SOD1,CHEMBL4436301,-6.3
SOD1,CHEMBL4436320,-7.6
SOD1,CHEMBL4436325,-6.4
SOD1,CHEMBL4436340,-6.3
SOD1,CHEMBL4436347,-6.2
SOD1,CHEMBL4436350,-6.2
SOD1,CHEMBL4436353,-6.2
SOD1,CHEMBL4436366,-7.4
SOD1,CHEMBL4436384,-6.5
SOD1,CHEMBL4436387,-6.2
SOD1,CHEMBL4436392,-6.3
SOD1,CHEMBL4436402,-7.8
SOD1,CHEMBL4436416,-6.3
SOD1,CHEMBL4436417,-6.4
SOD1,CHEMBL4436425,-6.3
SOD1,CHEMBL4436434,-6.2
SOD1,CHEMBL4436435,-6.6
SOD1,CHEMBL4436455,-6.2
SOD1,CHEMBL4436459,-6.4
SOD1,CHEMBL4436487,-6.5
SOD1,CHEMBL4436488,-6.3
SOD1,CHEMBL4436538,-6.2
SOD1,CHEMBL4436542,-6.4
SOD1,CHEMBL4436565,-6.4
SOD1,CHEMBL4436568,-6.3
SOD1,CHEMBL4436585,-6.3
SOD1,CHEMBL4436601,-6.5
SOD1,CHEMBL4436612,-6.4
SOD1,CHEMBL4436623,-6.3
SOD1,CHEMBL4436625,-6.2
SOD1,CHEMBL4436630,-6.2
SOD1,CHEMBL4436641,-6.6
SOD1,CHEMBL4436645,-6.7
SOD1,CHEMBL4436654,-6.3
SOD1,CHEMBL4436657,-6.4
SOD1,CHEMBL4436683,-6.5
SOD1,CHEMBL4436700,-6.2
SOD1,CHEMBL4436739,-6.2
SOD1,CHEMBL4436746,-7.2
SOD1,CHEMBL44441,-6.8
SOD1,CHEMBL44488,-6.9
SOD1,CHEMBL445000,-6.7
SOD1,CHEMBL445011,-6.2
SOD1,CHEMBL44522,-7.4
SOD1,CHEMBL44532,-6.6
SOD1,CHEMBL44538,-6.4
SOD1,CHEMBL44554,-6.5
SOD1,CHEMBL44559,-6.4
SOD1,CHEMBL44690,-6.5
SOD1,CHEMBL44693,-6.5
SOD1,CHEMBL44742,-6.4
SOD1,CHEMBL44748,-6.2
SOD1,CHEMBL44772,-6.3
SOD1,CHEMBL44776,-6.2
SOD1,CHEMBL44803,-6.5
SOD1,CHEMBL44811,-6.2
SOD1,CHEMBL44818,-6.3
SOD1,CHEMBL44851,-6.3
SOD1,CHEMBL44852,-6.4
SOD1,CHEMBL44880,-6.5
SOD1,CHEMBL44886,-6.3
SOD1,CHEMBL44901,-6.2
SOD1,CHEMBL44910,-6.4
SOD1,CHEMBL44918,-6.2
SOD1,CHEMBL44942,-6.2
SOD1,CHEMBL44946,-6.2
SOD1,CHEMBL44961,-7.1
SOD1,CHEMBL44982,-6.4
SOD1,CHEMBL44994,-6.3
SOD1,CHEMBL44996,-6.2
SOD1,CHEMBL45064,-6.4
SOD1,CHEMBL45091,-6.8
SOD1,CHEMBL45177,-6.2
SOD1,CHEMBL45180,-6.3
SOD1,CHEMBL45209,-6.2
SOD1,CHEMBL4527850,-6.3
SOD1,CHEMBL4527956,-6.3
SOD1,CHEMBL4527970,-7.4
SOD1,CHEMBL4527971,-6.7
SOD1,CHEMBL4527972,-6.8
SOD1,CHEMBL4528123,-6.3
SOD1,CHEMBL4528150,-6.2
SOD1,CHEMBL4528197,-6.6
SOD1,CHEMBL4529435,-6.4
SOD1,CHEMBL4529443,-7.1
SOD1,CHEMBL4529472,-6.4
SOD1,CHEMBL4529485,-6.3
SOD1,CHEMBL4529491,-6.4
SOD1,CHEMBL4529499,-6.4
SOD1,CHEMBL4529557,-7.3
SOD1,CHEMBL4529559,-7.0
SOD1,CHEMBL4529563,-6.2
SOD1,CHEMBL4529573,-6.4
SOD1,CHEMBL4529578,-6.4
SOD1,CHEMBL4529601,-6.2
SOD1,CHEMBL4529649,-6.3
SOD1,CHEMBL4529655,-6.7
SOD1,CHEMBL4529683,-7.0
SOD1,CHEMBL4529695,-6.9
SOD1,CHEMBL4529770,-6.6
SOD1,CHEMBL4529774,-6.3
SOD1,CHEMBL4529778,-6.5
SOD1,CHEMBL4529780,-6.3
SOD1,CHEMBL4529808,-6.2
SOD1,CHEMBL4529813,-6.6
SOD1,CHEMBL4529911,-6.2
SOD1,CHEMBL4529919,-6.2
SOD1,CHEMBL4529934,-6.5
SOD1,CHEMBL4529936,-6.2
SOD1,CHEMBL4529938,-6.2
SOD1,CHEMBL4529958,-6.4
SOD1,CHEMBL4529961,-6.2
SOD1,CHEMBL4529965,-7.2
SOD1,CHEMBL4529977,-6.4
SOD1,CHEMBL4529981,-6.2
SOD1,CHEMBL4530022,-6.2
SOD1,CHEMBL4530028,-6.2
SOD1,CHEMBL4530045,-6.2
SOD1,CHEMBL4530048,-6.3
SOD1,CHEMBL4530050,-6.6
SOD1,CHEMBL4530071,-6.2
SOD1,CHEMBL4530074,-6.2
SOD1,CHEMBL4530114,-6.5
SOD1,CHEMBL4530115,-6.4
SOD1,CHEMBL4530127,-6.3
SOD1,CHEMBL4530155,-6.4
SOD1,CHEMBL4530160,-6.3
SOD1,CHEMBL4530161,-7.3
SOD1,CHEMBL4530178,-6.6
SOD1,CHEMBL4530189,-7.3
SOD1,CHEMBL4530192,-6.2
SOD1,CHEMBL4530197,-6.2
SOD1,CHEMBL4530202,-6.7
SOD1,CHEMBL4530208,-6.5
SOD1,CHEMBL4530231,-6.3
SOD1,CHEMBL4530238,-6.4
SOD1,CHEMBL4530239,-6.2
SOD1,CHEMBL4530250,-6.3
SOD1,CHEMBL4530264,-6.2
SOD1,CHEMBL4530268,-6.3
SOD1,CHEMBL4530272,-6.3
SOD1,CHEMBL4530295,-6.7
SOD1,CHEMBL4530296,-6.7
SOD1,CHEMBL4530312,-6.3
SOD1,CHEMBL4530328,-6.2
SOD1,CHEMBL4530341,-6.6
SOD1,CHEMBL4530348,-6.3
SOD1,CHEMBL4530367,-6.5
SOD1,CHEMBL4530394,-6.4
SOD1,CHEMBL4530395,-6.2
SOD1,CHEMBL4530401,-6.2
SOD1,CHEMBL4530417,-6.4
SOD1,CHEMBL4530472,-6.2
SOD1,CHEMBL4530531,-6.4
SOD1,CHEMBL4530555,-6.5
SOD1,CHEMBL4530588,-6.3
SOD1,CHEMBL4530597,-6.2
SOD1,CHEMBL4530620,-6.3
SOD1,CHEMBL4530624,-6.3
SOD1,CHEMBL4530658,-6.5
SOD1,CHEMBL4530686,-6.6
SOD1,CHEMBL4530694,-6.2
SOD1,CHEMBL4530728,-6.2
SOD1,CHEMBL4530741,-6.7
SOD1,CHEMBL4530759,-6.4
SOD1,CHEMBL4530767,-6.2
SOD1,CHEMBL4530777,-6.4
SOD1,CHEMBL4530793,-6.2
SOD1,CHEMBL4530812,-6.4
SOD1,CHEMBL4530827,-6.7
SOD1,CHEMBL4530829,-6.2
SOD1,CHEMBL4530861,-6.5
SOD1,CHEMBL4530878,-6.2
SOD1,CHEMBL4530885,-6.4
SOD1,CHEMBL4530899,-6.5
SOD1,CHEMBL4530932,-6.2
SOD1,CHEMBL4530939,-6.5
SOD1,CHEMBL4530949,-6.2
SOD1,CHEMBL4530954,-6.2
SOD1,CHEMBL4530968,-6.9
SOD1,CHEMBL4531007,-6.4
SOD1,CHEMBL4531012,-6.2
SOD1,CHEMBL4531016,-6.2
SOD1,CHEMBL4531032,-6.3
SOD1,CHEMBL4531076,-6.3
SOD1,CHEMBL4531084,-6.6
SOD1,CHEMBL4531108,-6.2
SOD1,CHEMBL4531124,-6.6
SOD1,CHEMBL4531162,-6.2
SOD1,CHEMBL4531181,-6.2
SOD1,CHEMBL4531190,-6.8
SOD1,CHEMBL4531194,-6.2
SOD1,CHEMBL4531242,-6.2
SOD1,CHEMBL4531280,-6.3
SOD1,CHEMBL4531294,-6.8
SOD1,CHEMBL4531316,-6.4
SOD1,CHEMBL4531339,-6.3
SOD1,CHEMBL4531375,-6.3
SOD1,CHEMBL4531384,-7.6
SOD1,CHEMBL4531411,-6.2
SOD1,CHEMBL4531426,-6.2
SOD1,CHEMBL4531444,-6.9
SOD1,CHEMBL4531482,-6.3
SOD1,CHEMBL4531536,-6.2
SOD1,CHEMBL4531546,-6.3
SOD1,CHEMBL4531566,-6.2
SOD1,CHEMBL4531575,-6.5
SOD1,CHEMBL4531616,-6.4
SOD1,CHEMBL4531632,-6.3
SOD1,CHEMBL4531634,-6.2
SOD1,CHEMBL4531647,-6.3
SOD1,CHEMBL4531689,-6.4
SOD1,CHEMBL4531717,-6.4
SOD1,CHEMBL4531733,-6.5
SOD1,CHEMBL4531736,-6.3
SOD1,CHEMBL4531759,-6.4
SOD1,CHEMBL4531786,-6.5
SOD1,CHEMBL4531790,-6.6
SOD1,CHEMBL4531791,-6.6
SOD1,CHEMBL4531799,-6.9
SOD1,CHEMBL4531804,-6.4
SOD1,CHEMBL4531824,-6.2
SOD1,CHEMBL4531832,-6.2
SOD1,CHEMBL4531840,-6.3
SOD1,CHEMBL4531853,-7.2
SOD1,CHEMBL4531880,-6.2
SOD1,CHEMBL4531890,-6.2
SOD1,CHEMBL4531926,-6.4
SOD1,CHEMBL4531945,-7.2
SOD1,CHEMBL4531946,-6.4
SOD1,CHEMBL4531954,-6.2
SOD1,CHEMBL4531986,-6.4
SOD1,CHEMBL4532010,-6.7
SOD1,CHEMBL4532059,-6.2
SOD1,CHEMBL4532083,-6.2
SOD1,CHEMBL4532096,-6.2
SOD1,CHEMBL4532114,-6.2
SOD1,CHEMBL4532117,-6.3
SOD1,CHEMBL4532148,-6.6
SOD1,CHEMBL4532160,-6.4
SOD1,CHEMBL4532162,-6.4
SOD1,CHEMBL4532164,-6.2
SOD1,CHEMBL4532170,-6.6
SOD1,CHEMBL4532174,-6.2
SOD1,CHEMBL4532195,-6.6
SOD1,CHEMBL4532204,-6.6
SOD1,CHEMBL4532209,-6.3
SOD1,CHEMBL4532211,-6.4
SOD1,CHEMBL4532229,-6.3
SOD1,CHEMBL4532231,-7.5
SOD1,CHEMBL4532233,-6.5
SOD1,CHEMBL4532246,-6.4
SOD1,CHEMBL4532255,-6.4
SOD1,CHEMBL4532262,-6.4
SOD1,CHEMBL4532306,-6.3
SOD1,CHEMBL4532324,-6.2
SOD1,CHEMBL4532346,-6.4
SOD1,CHEMBL4532372,-6.3
SOD1,CHEMBL4532378,-6.5
SOD1,CHEMBL4532387,-6.6
SOD1,CHEMBL4532390,-7.3
SOD1,CHEMBL4532413,-6.2
SOD1,CHEMBL4532417,-6.5
SOD1,CHEMBL4532439,-6.5
SOD1,CHEMBL4532443,-6.3
SOD1,CHEMBL4532451,-6.3
SOD1,CHEMBL4532462,-6.6
SOD1,CHEMBL4532472,-6.4
SOD1,CHEMBL4532488,-6.3
SOD1,CHEMBL4532495,-6.3
SOD1,CHEMBL4532509,-6.5
SOD1,CHEMBL4532548,-6.3
SOD1,CHEMBL4532585,-6.6
SOD1,CHEMBL4532628,-6.6
SOD1,CHEMBL4532631,-6.6
SOD1,CHEMBL4532745,-6.8
SOD1,CHEMBL4532763,-7.0
SOD1,CHEMBL4532800,-6.3
SOD1,CHEMBL4532806,-6.5
SOD1,CHEMBL4532824,-6.7
SOD1,CHEMBL4532846,-6.5
SOD1,CHEMBL4532859,-6.4
SOD1,CHEMBL4532866,-6.5
SOD1,CHEMBL4532868,-6.2
SOD1,CHEMBL4532907,-6.3
SOD1,CHEMBL4532922,-6.2
SOD1,CHEMBL4532935,-6.2
SOD1,CHEMBL4533143,-6.8
SOD1,CHEMBL4533184,-6.2
SOD1,CHEMBL4533198,-6.4
SOD1,CHEMBL4533261,-6.2
SOD1,CHEMBL4533267,-6.2
SOD1,CHEMBL4533272,-6.2
SOD1,CHEMBL4533286,-6.2
SOD1,CHEMBL4533309,-6.9
SOD1,CHEMBL4533325,-6.3
SOD1,CHEMBL4533337,-6.8
SOD1,CHEMBL4533341,-6.5
SOD1,CHEMBL4533350,-6.2
SOD1,CHEMBL4533354,-6.4
SOD1,CHEMBL4533369,-6.5
SOD1,CHEMBL4533386,-7.1
SOD1,CHEMBL4533406,-6.2
SOD1,CHEMBL4533413,-6.8
SOD1,CHEMBL4533415,-6.3
SOD1,CHEMBL4533455,-6.3
SOD1,CHEMBL4533464,-6.8
SOD1,CHEMBL4533470,-6.9
SOD1,CHEMBL45335,-6.4
SOD1,CHEMBL4533525,-6.4
SOD1,CHEMBL4533562,-6.3
SOD1,CHEMBL4533577,-6.4
SOD1,CHEMBL4533610,-7.6
SOD1,CHEMBL4533612,-6.2
SOD1,CHEMBL4533616,-6.4
SOD1,CHEMBL4533621,-6.9
SOD1,CHEMBL4533624,-6.4
SOD1,CHEMBL4533627,-6.3
SOD1,CHEMBL4533631,-6.5
SOD1,CHEMBL4533654,-6.6
SOD1,CHEMBL4533668,-6.5
SOD1,CHEMBL4533684,-6.6
SOD1,CHEMBL4533691,-6.3
SOD1,CHEMBL4533699,-6.4
SOD1,CHEMBL4533700,-6.3
SOD1,CHEMBL4533701,-6.3
SOD1,CHEMBL4533705,-6.4
SOD1,CHEMBL4533714,-6.7
SOD1,CHEMBL4533735,-6.5
SOD1,CHEMBL4533752,-6.3
SOD1,CHEMBL4533791,-6.2
SOD1,CHEMBL4533812,-6.4
SOD1,CHEMBL4533864,-6.2
SOD1,CHEMBL4533865,-6.5
SOD1,CHEMBL4533885,-6.2
SOD1,CHEMBL4533887,-6.7
SOD1,CHEMBL4533894,-6.3
SOD1,CHEMBL4533939,-6.2
SOD1,CHEMBL4533943,-6.7
SOD1,CHEMBL4533958,-6.5
SOD1,CHEMBL4533979,-6.3
SOD1,CHEMBL4533992,-6.3
SOD1,CHEMBL4534031,-6.2
SOD1,CHEMBL4534050,-6.5
SOD1,CHEMBL4534054,-6.2
SOD1,CHEMBL4534076,-6.2
SOD1,CHEMBL4534077,-6.6
SOD1,CHEMBL4534086,-6.5
SOD1,CHEMBL4534089,-6.2
SOD1,CHEMBL4534133,-6.5
SOD1,CHEMBL4534140,-6.2
SOD1,CHEMBL4534151,-6.8
SOD1,CHEMBL4534187,-6.9
SOD1,CHEMBL4534209,-6.3
SOD1,CHEMBL4534213,-6.3
SOD1,CHEMBL4534219,-6.2
SOD1,CHEMBL4534229,-6.3
SOD1,CHEMBL4534234,-6.8
SOD1,CHEMBL4534259,-6.2
SOD1,CHEMBL4534260,-6.6
SOD1,CHEMBL4534269,-6.7
SOD1,CHEMBL4534280,-6.3
SOD1,CHEMBL4534281,-6.3
SOD1,CHEMBL4534301,-6.2
SOD1,CHEMBL4534320,-6.2
SOD1,CHEMBL4534333,-6.3
SOD1,CHEMBL4534336,-6.6
SOD1,CHEMBL4534340,-6.2
SOD1,CHEMBL4534361,-6.6
SOD1,CHEMBL4534365,-6.4
SOD1,CHEMBL4534391,-6.6
SOD1,CHEMBL45344,-6.4
SOD1,CHEMBL4534423,-6.7
SOD1,CHEMBL4534436,-6.2
SOD1,CHEMBL4534474,-6.3
SOD1,CHEMBL4534475,-6.2
SOD1,CHEMBL4534487,-6.4
SOD1,CHEMBL4534528,-6.4
SOD1,CHEMBL4534534,-6.6
SOD1,CHEMBL4534571,-6.3
SOD1,CHEMBL4534578,-6.2
SOD1,CHEMBL4534583,-6.9
SOD1,CHEMBL4534609,-7.3
SOD1,CHEMBL4534615,-6.3
SOD1,CHEMBL4534662,-6.4
SOD1,CHEMBL4534666,-6.2
SOD1,CHEMBL4534671,-6.2
SOD1,CHEMBL4534702,-6.2
SOD1,CHEMBL4534728,-7.3
SOD1,CHEMBL4534739,-6.4
SOD1,CHEMBL4534744,-7.1
SOD1,CHEMBL4534756,-6.2
SOD1,CHEMBL4534757,-6.4
SOD1,CHEMBL4534769,-6.2
SOD1,CHEMBL45349,-6.4
SOD1,CHEMBL45360,-6.5
SOD1,CHEMBL45361,-6.2
SOD1,CHEMBL45410,-6.4
SOD1,CHEMBL45419,-6.3
SOD1,CHEMBL45424,-7.0
SOD1,CHEMBL4543190,-6.2
SOD1,CHEMBL4543202,-6.4
SOD1,CHEMBL4543207,-6.4
SOD1,CHEMBL4543224,-6.4
SOD1,CHEMBL4543232,-6.4
SOD1,CHEMBL4543253,-6.4
SOD1,CHEMBL4543326,-6.4
SOD1,CHEMBL4543357,-6.2
SOD1,CHEMBL4543373,-6.4
SOD1,CHEMBL4543398,-6.7
SOD1,CHEMBL4543405,-6.8
SOD1,CHEMBL4543416,-6.8
SOD1,CHEMBL4543428,-6.7
SOD1,CHEMBL4543505,-6.5
SOD1,CHEMBL4543530,-6.6
SOD1,CHEMBL4543538,-6.4
SOD1,CHEMBL4543553,-6.3
SOD1,CHEMBL4543556,-6.5
SOD1,CHEMBL4543562,-6.6
SOD1,CHEMBL4543576,-6.6
SOD1,CHEMBL45465,-6.4
SOD1,CHEMBL45475,-6.3
SOD1,CHEMBL4548511,-6.2
SOD1,CHEMBL4548513,-6.6
SOD1,CHEMBL4548552,-6.4
SOD1,CHEMBL45494,-6.2
SOD1,CHEMBL45528,-6.2
SOD1,CHEMBL4553125,-7.1
SOD1,CHEMBL4553129,-6.4
SOD1,CHEMBL4553137,-6.4
SOD1,CHEMBL4553144,-6.9
SOD1,CHEMBL4553151,-6.5
SOD1,CHEMBL45534,-6.3
SOD1,CHEMBL45535,-6.6
SOD1,CHEMBL4553540,-6.3
SOD1,CHEMBL4553542,-6.6
SOD1,CHEMBL4553555,-6.3
SOD1,CHEMBL4553563,-6.3
SOD1,CHEMBL4553568,-6.6
SOD1,CHEMBL4553582,-6.4
SOD1,CHEMBL4553584,-6.2
SOD1,CHEMBL4553590,-6.4
SOD1,CHEMBL4553608,-6.2
SOD1,CHEMBL4553613,-6.8
SOD1,CHEMBL4553631,-6.3
SOD1,CHEMBL4553656,-6.4
SOD1,CHEMBL4553666,-6.7
SOD1,CHEMBL4553671,-7.2
SOD1,CHEMBL4553676,-7.2
SOD1,CHEMBL4553678,-6.2
SOD1,CHEMBL4553692,-6.9
SOD1,CHEMBL45544,-6.3
SOD1,CHEMBL45551,-6.3
SOD1,CHEMBL45572,-6.4
SOD1,CHEMBL45582,-6.2
SOD1,CHEMBL4559934,-6.3
SOD1,CHEMBL4559936,-7.2
SOD1,CHEMBL4559947,-6.7
SOD1,CHEMBL4559959,-6.4
SOD1,CHEMBL4559965,-6.2
SOD1,CHEMBL4559987,-6.7
SOD1,CHEMBL4560005,-6.2
SOD1,CHEMBL4560026,-6.3
SOD1,CHEMBL4560048,-6.3
SOD1,CHEMBL4562703,-6.6
SOD1,CHEMBL4562734,-6.2
SOD1,CHEMBL4562813,-6.7
SOD1,CHEMBL4562819,-6.3
SOD1,CHEMBL4562821,-6.3
SOD1,CHEMBL4562840,-6.3
SOD1,CHEMBL4562848,-6.6
SOD1,CHEMBL4562890,-6.3
SOD1,CHEMBL4563598,-6.8
SOD1,CHEMBL4563669,-7.0
SOD1,CHEMBL4563943,-6.9
SOD1,CHEMBL4563944,-6.6
SOD1,CHEMBL4563948,-6.2
SOD1,CHEMBL4564043,-7.1
SOD1,CHEMBL4564055,-6.3
SOD1,CHEMBL4564110,-6.2
SOD1,CHEMBL4564116,-6.4
SOD1,CHEMBL4564119,-6.4
SOD1,CHEMBL4564123,-6.3
SOD1,CHEMBL4564205,-6.2
SOD1,CHEMBL4564225,-6.6
SOD1,CHEMBL4564239,-6.2
SOD1,CHEMBL4564243,-6.5
SOD1,CHEMBL4564248,-6.6
SOD1,CHEMBL4564277,-6.5
SOD1,CHEMBL4564284,-6.2
SOD1,CHEMBL4564310,-6.4
SOD1,CHEMBL4564312,-6.7
SOD1,CHEMBL4564327,-6.8
SOD1,CHEMBL4564334,-6.4
SOD1,CHEMBL4564351,-6.5
SOD1,CHEMBL4564368,-6.3
SOD1,CHEMBL4564407,-6.4
SOD1,CHEMBL4564465,-6.8
SOD1,CHEMBL4564478,-6.3
SOD1,CHEMBL4564493,-6.3
SOD1,CHEMBL4564502,-6.4
SOD1,CHEMBL4564524,-6.3
SOD1,CHEMBL4564549,-6.3
SOD1,CHEMBL4564558,-6.4
SOD1,CHEMBL4564585,-6.6
SOD1,CHEMBL4564586,-6.3
SOD1,CHEMBL4564619,-6.3
SOD1,CHEMBL4564624,-6.5
SOD1,CHEMBL4564630,-6.2
SOD1,CHEMBL4564665,-6.7
SOD1,CHEMBL4564683,-6.3
SOD1,CHEMBL4564697,-6.3
SOD1,CHEMBL4564701,-6.7
SOD1,CHEMBL4564713,-6.2
SOD1,CHEMBL4564739,-6.6
SOD1,CHEMBL4564744,-6.6
SOD1,CHEMBL4564745,-6.2
SOD1,CHEMBL4564783,-6.2
SOD1,CHEMBL4564789,-6.4
SOD1,CHEMBL4564798,-6.2
SOD1,CHEMBL4564799,-6.5
SOD1,CHEMBL4564823,-6.2
SOD1,CHEMBL4564827,-6.4
SOD1,CHEMBL4564853,-6.3
SOD1,CHEMBL4564908,-7.0
SOD1,CHEMBL4564943,-6.3
SOD1,CHEMBL4564945,-6.2
SOD1,CHEMBL4564991,-6.4
SOD1,CHEMBL4565007,-6.5
SOD1,CHEMBL4565029,-6.7
SOD1,CHEMBL4565031,-6.2
SOD1,CHEMBL4565065,-6.2
SOD1,CHEMBL4565088,-6.9
SOD1,CHEMBL4565091,-6.5
SOD1,CHEMBL4565103,-6.4
SOD1,CHEMBL4565154,-6.3
SOD1,CHEMBL4565180,-6.3
SOD1,CHEMBL4565181,-6.5
SOD1,CHEMBL4565186,-6.4
SOD1,CHEMBL4565216,-6.2
SOD1,CHEMBL4565223,-6.2
SOD1,CHEMBL4566100,-6.4
SOD1,CHEMBL4566105,-6.3
SOD1,CHEMBL4566170,-6.4
SOD1,CHEMBL4566175,-6.3
SOD1,CHEMBL4566238,-6.3
SOD1,CHEMBL4566283,-6.3
SOD1,CHEMBL4566305,-6.5
SOD1,CHEMBL4566329,-6.9
SOD1,CHEMBL4566359,-6.6
SOD1,CHEMBL4566368,-6.3
SOD1,CHEMBL4566385,-6.4
SOD1,CHEMBL4566409,-6.3
SOD1,CHEMBL4566415,-6.3
SOD1,CHEMBL4566434,-6.8
SOD1,CHEMBL4566499,-6.5
SOD1,CHEMBL4566528,-6.3
SOD1,CHEMBL4566549,-6.5
SOD1,CHEMBL4566558,-6.6
SOD1,CHEMBL4566570,-6.3
SOD1,CHEMBL4566589,-6.3
SOD1,CHEMBL4566591,-6.3
SOD1,CHEMBL4566600,-6.3
SOD1,CHEMBL4566613,-6.4
SOD1,CHEMBL4566656,-6.4
SOD1,CHEMBL45675,-6.5
SOD1,CHEMBL4567646,-6.6
SOD1,CHEMBL4567661,-6.7
SOD1,CHEMBL4567683,-6.8
SOD1,CHEMBL4567734,-6.7
SOD1,CHEMBL4567747,-6.7
SOD1,CHEMBL4567758,-6.6
SOD1,CHEMBL4567766,-6.4
SOD1,CHEMBL4567826,-6.3
SOD1,CHEMBL4567850,-6.3
SOD1,CHEMBL4567853,-6.5
SOD1,CHEMBL4567860,-6.3
SOD1,CHEMBL4567872,-6.6
SOD1,CHEMBL4567879,-6.4
SOD1,CHEMBL4567975,-6.8
SOD1,CHEMBL4568030,-6.9
SOD1,CHEMBL4568134,-6.3
SOD1,CHEMBL4568196,-7.1
SOD1,CHEMBL4568240,-6.6
SOD1,CHEMBL4568272,-6.5
SOD1,CHEMBL4568280,-6.8
SOD1,CHEMBL4568284,-6.8
SOD1,CHEMBL4568299,-6.4
SOD1,CHEMBL45683,-7.1
SOD1,CHEMBL4568323,-7.2
SOD1,CHEMBL4568330,-6.9
SOD1,CHEMBL4568382,-6.5
SOD1,CHEMBL4568429,-6.4
SOD1,CHEMBL4568439,-6.3
SOD1,CHEMBL4568445,-6.3
SOD1,CHEMBL4568448,-6.3
SOD1,CHEMBL4568479,-6.3
SOD1,CHEMBL4568489,-6.6
SOD1,CHEMBL4568540,-6.7
SOD1,CHEMBL4568565,-6.4
SOD1,CHEMBL4568584,-7.3
SOD1,CHEMBL4568594,-6.3
SOD1,CHEMBL4568613,-6.3
SOD1,CHEMBL4568617,-6.4
SOD1,CHEMBL4568640,-7.0
SOD1,CHEMBL4568641,-6.5
SOD1,CHEMBL4568705,-6.5
SOD1,CHEMBL4568713,-6.3
SOD1,CHEMBL4568716,-6.3
SOD1,CHEMBL4568728,-6.6
SOD1,CHEMBL4568740,-6.4
SOD1,CHEMBL4568741,-6.5
SOD1,CHEMBL4568815,-6.3
SOD1,CHEMBL4568823,-6.9
SOD1,CHEMBL4568829,-6.6
SOD1,CHEMBL4568852,-6.5
SOD1,CHEMBL4568872,-6.3
SOD1,CHEMBL4568875,-6.4
SOD1,CHEMBL4568877,-6.7
SOD1,CHEMBL4569164,-6.5
SOD1,CHEMBL4569205,-6.3
SOD1,CHEMBL4569217,-6.7
SOD1,CHEMBL4569218,-6.7
SOD1,CHEMBL4569219,-6.5
SOD1,CHEMBL4569264,-6.4
SOD1,CHEMBL45693,-6.7
SOD1,CHEMBL4569304,-6.5
SOD1,CHEMBL4569322,-6.3
SOD1,CHEMBL4569324,-6.3
SOD1,CHEMBL4569345,-6.4
SOD1,CHEMBL4569351,-6.7
SOD1,CHEMBL4569357,-6.5
SOD1,CHEMBL4569384,-6.3
SOD1,CHEMBL4569386,-6.3
SOD1,CHEMBL4569396,-7.0
SOD1,CHEMBL4569400,-6.8
SOD1,CHEMBL4569409,-6.6
SOD1,CHEMBL4569419,-6.5
SOD1,CHEMBL4570001,-7.4
SOD1,CHEMBL4570174,-6.5
SOD1,CHEMBL4570178,-6.3
SOD1,CHEMBL4570215,-6.4
SOD1,CHEMBL4570224,-6.9
SOD1,CHEMBL4570248,-6.3
SOD1,CHEMBL4570276,-6.6
SOD1,CHEMBL4570314,-6.4
SOD1,CHEMBL4570332,-6.6
SOD1,CHEMBL4570355,-6.8
SOD1,CHEMBL4570385,-6.4
SOD1,CHEMBL4570429,-6.3
SOD1,CHEMBL4570458,-6.8
SOD1,CHEMBL4570486,-6.7
SOD1,CHEMBL4570493,-6.4
SOD1,CHEMBL4570510,-6.5
SOD1,CHEMBL4570521,-6.7
SOD1,CHEMBL4570522,-6.5
SOD1,CHEMBL4570523,-6.7
SOD1,CHEMBL4570541,-6.3
SOD1,CHEMBL4570572,-6.8
SOD1,CHEMBL4570587,-6.3
SOD1,CHEMBL4570594,-6.3
SOD1,CHEMBL4570603,-6.7
SOD1,CHEMBL4570672,-6.9
SOD1,CHEMBL4570725,-6.4
SOD1,CHEMBL4570764,-6.8
SOD1,CHEMBL4570793,-6.4
SOD1,CHEMBL4570803,-6.7
SOD1,CHEMBL4570831,-6.4
SOD1,CHEMBL4570834,-6.4
SOD1,CHEMBL4570841,-6.4
SOD1,CHEMBL4570848,-6.6
SOD1,CHEMBL4570860,-6.3
SOD1,CHEMBL4570892,-6.5
SOD1,CHEMBL4570912,-6.3
SOD1,CHEMBL4570943,-6.4
SOD1,CHEMBL4570972,-6.3
SOD1,CHEMBL4570988,-6.4
SOD1,CHEMBL4570991,-6.4
SOD1,CHEMBL4571007,-6.6
SOD1,CHEMBL4571010,-6.3
SOD1,CHEMBL4571014,-6.8
SOD1,CHEMBL4571015,-6.3
SOD1,CHEMBL4571017,-7.0
SOD1,CHEMBL4571035,-6.7
SOD1,CHEMBL4571045,-6.5
SOD1,CHEMBL4571049,-6.3
SOD1,CHEMBL4571060,-6.6
SOD1,CHEMBL4571061,-6.4
SOD1,CHEMBL4571062,-7.4
SOD1,CHEMBL4571079,-6.4
SOD1,CHEMBL4571085,-6.3
SOD1,CHEMBL4571143,-6.4
SOD1,CHEMBL4571149,-6.4
SOD1,CHEMBL4571150,-6.3
SOD1,CHEMBL4571193,-6.4
SOD1,CHEMBL4571223,-6.4
SOD1,CHEMBL4571226,-6.5
SOD1,CHEMBL4571242,-6.3
SOD1,CHEMBL4571252,-6.3
SOD1,CHEMBL4571257,-6.3
SOD1,CHEMBL4571265,-6.8
SOD1,CHEMBL4571268,-6.4
SOD1,CHEMBL4571316,-6.7
SOD1,CHEMBL4571321,-6.5
SOD1,CHEMBL4571423,-6.6
SOD1,CHEMBL4571430,-6.5
SOD1,CHEMBL4571433,-6.4
SOD1,CHEMBL4571586,-6.5
SOD1,CHEMBL4571590,-6.6
SOD1,CHEMBL4571602,-6.6
SOD1,CHEMBL4571624,-6.6
SOD1,CHEMBL4571676,-6.8
SOD1,CHEMBL4571685,-6.7
SOD1,CHEMBL4571686,-6.4
SOD1,CHEMBL4571829,-6.3
SOD1,CHEMBL4571833,-6.3
SOD1,CHEMBL4571844,-6.3
SOD1,CHEMBL4571858,-6.9
SOD1,CHEMBL4571862,-6.7
SOD1,CHEMBL4571872,-6.6
SOD1,CHEMBL4571884,-6.8
SOD1,CHEMBL4571895,-7.1
SOD1,CHEMBL4571945,-6.8
SOD1,CHEMBL4571979,-7.1
SOD1,CHEMBL4572000,-6.3
SOD1,CHEMBL4572013,-6.4
SOD1,CHEMBL4572027,-6.3
SOD1,CHEMBL4572038,-6.3
SOD1,CHEMBL4572123,-6.4
SOD1,CHEMBL4572126,-6.8
SOD1,CHEMBL4572132,-7.1
SOD1,CHEMBL4572186,-6.3
SOD1,CHEMBL4572214,-6.3
SOD1,CHEMBL4572621,-6.7
SOD1,CHEMBL4572688,-6.4
SOD1,CHEMBL4572750,-6.3
SOD1,CHEMBL4572771,-6.5
SOD1,CHEMBL4572780,-6.5
SOD1,CHEMBL4572784,-6.6
SOD1,CHEMBL4572786,-6.6
SOD1,CHEMBL4572793,-6.3
SOD1,CHEMBL4572803,-6.4
SOD1,CHEMBL4572805,-6.4
SOD1,CHEMBL4572814,-6.5
SOD1,CHEMBL4572828,-7.0
SOD1,CHEMBL4572836,-6.3
SOD1,CHEMBL4572843,-7.0
SOD1,CHEMBL4572844,-6.4
SOD1,CHEMBL4572876,-6.8
SOD1,CHEMBL4572877,-6.5
SOD1,CHEMBL4572894,-6.8
SOD1,CHEMBL4572930,-6.3
SOD1,CHEMBL4573032,-6.5
SOD1,CHEMBL4573040,-6.5
SOD1,CHEMBL4573045,-6.4
SOD1,CHEMBL4573047,-6.4
SOD1,CHEMBL4573105,-6.5
SOD1,CHEMBL4573117,-6.4
SOD1,CHEMBL4573134,-6.4
SOD1,CHEMBL4573172,-7.0
SOD1,CHEMBL45732,-6.5
SOD1,CHEMBL4573275,-6.6
SOD1,CHEMBL4573290,-6.6
SOD1,CHEMBL4573292,-6.4
SOD1,CHEMBL4573337,-6.3
SOD1,CHEMBL4573380,-6.3
SOD1,CHEMBL4573390,-6.3
SOD1,CHEMBL4573391,-6.3
SOD1,CHEMBL4573410,-6.4
SOD1,CHEMBL4573427,-6.7
SOD1,CHEMBL45735,-6.7
SOD1,CHEMBL4573514,-6.8
SOD1,CHEMBL4573561,-6.5
SOD1,CHEMBL4573564,-6.7
SOD1,CHEMBL4573576,-6.3
SOD1,CHEMBL4573617,-6.6
SOD1,CHEMBL4573639,-6.3
SOD1,CHEMBL4573665,-6.8
SOD1,CHEMBL4573707,-7.0
SOD1,CHEMBL4573793,-6.4
SOD1,CHEMBL4573897,-6.7
SOD1,CHEMBL4574044,-6.3
SOD1,CHEMBL4574116,-6.3
SOD1,CHEMBL4574201,-6.8
SOD1,CHEMBL4574206,-7.3
SOD1,CHEMBL4574211,-6.3
SOD1,CHEMBL4574223,-6.3
SOD1,CHEMBL4574404,-6.6
SOD1,CHEMBL4574530,-7.2
SOD1,CHEMBL4574588,-6.9
SOD1,CHEMBL4574592,-6.4
SOD1,CHEMBL4574605,-6.4
SOD1,CHEMBL4574620,-6.8
SOD1,CHEMBL4574733,-6.6
SOD1,CHEMBL4574735,-6.4
SOD1,CHEMBL4574761,-6.7
SOD1,CHEMBL4574765,-6.3
SOD1,CHEMBL4574862,-6.7
SOD1,CHEMBL4574899,-6.8
SOD1,CHEMBL4574911,-6.6
SOD1,CHEMBL4574946,-6.6
SOD1,CHEMBL4574953,-6.4
SOD1,CHEMBL4574999,-6.4
SOD1,CHEMBL4575035,-6.3
SOD1,CHEMBL4575049,-6.5
SOD1,CHEMBL4575069,-7.3
SOD1,CHEMBL4575138,-6.5
SOD1,CHEMBL4575165,-6.3
SOD1,CHEMBL4575172,-6.5
SOD1,CHEMBL4575176,-6.5
SOD1,CHEMBL4575184,-6.5
SOD1,CHEMBL4575333,-6.4
SOD1,CHEMBL4575350,-6.3
SOD1,CHEMBL4575352,-6.4
SOD1,CHEMBL4575360,-6.3
SOD1,CHEMBL4575412,-7.0
SOD1,CHEMBL4575422,-6.3
SOD1,CHEMBL4575516,-6.3
SOD1,CHEMBL4575533,-6.5
SOD1,CHEMBL4575547,-6.8
SOD1,CHEMBL4575617,-6.5
SOD1,CHEMBL4575621,-6.3
SOD1,CHEMBL4575692,-6.4
SOD1,CHEMBL4575703,-6.3
SOD1,CHEMBL4575704,-6.4
SOD1,CHEMBL4575882,-6.9
SOD1,CHEMBL4575893,-6.4
SOD1,CHEMBL4575903,-6.6
SOD1,CHEMBL45785,-6.5
SOD1,CHEMBL4580639,-6.6
SOD1,CHEMBL4580644,-6.5
SOD1,CHEMBL4580645,-7.0
SOD1,CHEMBL4580659,-6.4
SOD1,CHEMBL4580660,-6.3
SOD1,CHEMBL4580694,-6.7
SOD1,CHEMBL45807,-6.6
SOD1,CHEMBL4580709,-6.3
SOD1,CHEMBL4580728,-6.3
SOD1,CHEMBL4580751,-6.3
SOD1,CHEMBL4580755,-7.0
SOD1,CHEMBL4580770,-6.3
SOD1,CHEMBL4580803,-6.6
SOD1,CHEMBL4580828,-6.6
SOD1,CHEMBL4580840,-6.4
SOD1,CHEMBL4580842,-6.5
SOD1,CHEMBL4580876,-6.7
SOD1,CHEMBL4580960,-6.7
SOD1,CHEMBL4580964,-6.4
SOD1,CHEMBL4580979,-6.9
SOD1,CHEMBL4581030,-6.6
SOD1,CHEMBL4581045,-6.6
SOD1,CHEMBL4581055,-6.6
SOD1,CHEMBL4581059,-6.3
SOD1,CHEMBL4581065,-6.6
SOD1,CHEMBL4581076,-6.5
SOD1,CHEMBL4581091,-6.3
SOD1,CHEMBL4581099,-6.4
SOD1,CHEMBL4581118,-6.5
SOD1,CHEMBL4581127,-6.3
SOD1,CHEMBL4581128,-6.6
SOD1,CHEMBL4581156,-6.3
SOD1,CHEMBL4581177,-6.4
SOD1,CHEMBL4581184,-6.5
SOD1,CHEMBL4581185,-6.7
SOD1,CHEMBL4581201,-6.4
SOD1,CHEMBL4581213,-6.6
SOD1,CHEMBL4581223,-6.7
SOD1,CHEMBL4581268,-6.6
SOD1,CHEMBL4581299,-6.5
SOD1,CHEMBL4581329,-6.3
SOD1,CHEMBL4581368,-6.4
SOD1,CHEMBL4581370,-6.4
SOD1,CHEMBL4581395,-6.4
SOD1,CHEMBL4581412,-6.3
SOD1,CHEMBL4581413,-6.6
SOD1,CHEMBL4581423,-6.7
SOD1,CHEMBL4581439,-6.7
SOD1,CHEMBL4581440,-6.3
SOD1,CHEMBL4581474,-6.3
SOD1,CHEMBL4581517,-6.7
SOD1,CHEMBL4581539,-6.4
SOD1,CHEMBL4581578,-6.4
SOD1,CHEMBL4581595,-6.3
SOD1,CHEMBL4581618,-6.3
SOD1,CHEMBL4581637,-6.3
SOD1,CHEMBL4581650,-6.4
SOD1,CHEMBL4581724,-6.8
SOD1,CHEMBL4581741,-6.3
SOD1,CHEMBL4581758,-6.6
SOD1,CHEMBL4581767,-7.0
SOD1,CHEMBL4581818,-6.9
SOD1,CHEMBL4581833,-6.4
SOD1,CHEMBL4581856,-6.4
SOD1,CHEMBL4581859,-6.4
SOD1,CHEMBL4581931,-6.5
SOD1,CHEMBL4581946,-6.4
SOD1,CHEMBL4581955,-6.3
SOD1,CHEMBL4581974,-6.6
SOD1,CHEMBL4582130,-6.6
SOD1,CHEMBL4582133,-6.4
SOD1,CHEMBL4582172,-6.4
SOD1,CHEMBL4582175,-6.3
SOD1,CHEMBL4582194,-6.6
SOD1,CHEMBL4582211,-6.9
SOD1,CHEMBL4582218,-6.3
SOD1,CHEMBL4582219,-6.4
SOD1,CHEMBL4582226,-6.3
SOD1,CHEMBL4582236,-6.6
SOD1,CHEMBL4582253,-6.4
SOD1,CHEMBL4582280,-6.5
SOD1,CHEMBL4582301,-6.8
SOD1,CHEMBL4582347,-7.1
SOD1,CHEMBL4582368,-6.4
SOD1,CHEMBL4582423,-6.5
SOD1,CHEMBL4582424,-6.3
SOD1,CHEMBL4582448,-6.3
SOD1,CHEMBL4582454,-6.4
SOD1,CHEMBL4582474,-6.4
SOD1,CHEMBL4582483,-6.3
SOD1,CHEMBL4582525,-6.6
SOD1,CHEMBL4582554,-6.6
SOD1,CHEMBL4582567,-6.5
SOD1,CHEMBL4582603,-6.4
SOD1,CHEMBL4582606,-6.3
SOD1,CHEMBL4582622,-6.8
SOD1,CHEMBL4582716,-6.3
SOD1,CHEMBL4582729,-6.7
SOD1,CHEMBL4583398,-7.2
SOD1,CHEMBL4583457,-6.6
SOD1,CHEMBL4583461,-6.3
SOD1,CHEMBL4583493,-6.3
SOD1,CHEMBL4583533,-6.4
SOD1,CHEMBL4583563,-6.4
SOD1,CHEMBL4583574,-6.5
SOD1,CHEMBL4583596,-6.4
SOD1,CHEMBL4583613,-6.5
SOD1,CHEMBL4583626,-6.8
SOD1,CHEMBL4583627,-6.7
SOD1,CHEMBL4583637,-6.6
SOD1,CHEMBL4583640,-6.7
SOD1,CHEMBL4583650,-7.0
SOD1,CHEMBL4583665,-6.5
SOD1,CHEMBL4583678,-6.4
SOD1,CHEMBL4583682,-6.3
SOD1,CHEMBL4583692,-6.3
SOD1,CHEMBL4583697,-6.3
SOD1,CHEMBL4583698,-6.6
SOD1,CHEMBL4583717,-6.4
SOD1,CHEMBL4583732,-6.4
SOD1,CHEMBL4584616,-6.5
SOD1,CHEMBL4584679,-6.3
SOD1,CHEMBL4584685,-6.3
SOD1,CHEMBL4584714,-6.3
SOD1,CHEMBL4584742,-6.3
SOD1,CHEMBL4584771,-6.3
SOD1,CHEMBL4584797,-6.7
SOD1,CHEMBL4584807,-6.6
SOD1,CHEMBL4584906,-7.7
SOD1,CHEMBL4584909,-6.4
SOD1,CHEMBL4584911,-6.4
SOD1,CHEMBL4584937,-6.3
SOD1,CHEMBL4584949,-6.6
SOD1,CHEMBL4584951,-6.3
SOD1,CHEMBL4584953,-6.3
SOD1,CHEMBL4584970,-6.6
SOD1,CHEMBL4585041,-6.7
SOD1,CHEMBL4585057,-6.3
SOD1,CHEMBL4585076,-7.0
SOD1,CHEMBL4585150,-6.3
SOD1,CHEMBL4585155,-6.3
SOD1,CHEMBL4585164,-6.3
SOD1,CHEMBL4585198,-6.5
SOD1,CHEMBL4585204,-6.6
SOD1,CHEMBL4585299,-6.3
SOD1,CHEMBL4585312,-6.8
SOD1,CHEMBL4585315,-6.3
SOD1,CHEMBL4585327,-6.4
SOD1,CHEMBL4585329,-6.3
SOD1,CHEMBL4585367,-6.6
SOD1,CHEMBL4585436,-6.3
SOD1,CHEMBL4585441,-6.4
SOD1,CHEMBL4585484,-6.6
SOD1,CHEMBL4585490,-6.3
SOD1,CHEMBL45885,-6.4
SOD1,CHEMBL45888,-6.3
SOD1,CHEMBL45965,-6.3
SOD1,CHEMBL45966,-6.4
SOD1,CHEMBL45977,-6.6
SOD1,CHEMBL45987,-6.4
SOD1,CHEMBL46010,-6.4
SOD1,CHEMBL460540,-6.4
SOD1,CHEMBL46077,-6.7
SOD1,CHEMBL46098,-6.7
SOD1,CHEMBL46120,-6.3
SOD1,CHEMBL46121,-6.4
SOD1,CHEMBL46148,-6.3
SOD1,CHEMBL46176,-6.3
SOD1,CHEMBL46187,-6.7
SOD1,CHEMBL46230,-6.5
SOD1,CHEMBL46263,-7.8
SOD1,CHEMBL46315,-6.4
SOD1,CHEMBL46332,-6.4
SOD1,CHEMBL46333,-6.7
SOD1,CHEMBL4634678,-6.6
SOD1,CHEMBL4634704,-6.3
SOD1,CHEMBL4634721,-6.3
SOD1,CHEMBL4634723,-6.3
SOD1,CHEMBL4634750,-6.3
SOD1,CHEMBL4634780,-6.8
SOD1,CHEMBL4634782,-6.7
SOD1,CHEMBL4634793,-7.1
SOD1,CHEMBL4634804,-6.3
SOD1,CHEMBL4634820,-6.4
SOD1,CHEMBL4634834,-7.4
SOD1,CHEMBL4634838,-6.5
SOD1,CHEMBL4634844,-6.3
SOD1,CHEMBL4634868,-7.3
SOD1,CHEMBL4634870,-6.5
SOD1,CHEMBL4634881,-6.9
SOD1,CHEMBL4634909,-7.0
SOD1,CHEMBL4634910,-6.5
SOD1,CHEMBL4634912,-6.5
SOD1,CHEMBL4634929,-6.4
SOD1,CHEMBL4634940,-6.4
SOD1,CHEMBL4634944,-6.9
SOD1,CHEMBL4634950,-6.3
SOD1,CHEMBL4634972,-6.8
SOD1,CHEMBL4634976,-6.6
SOD1,CHEMBL4634980,-6.9
SOD1,CHEMBL4634983,-6.3
SOD1,CHEMBL4634989,-6.9
SOD1,CHEMBL4634998,-6.4
SOD1,CHEMBL4635032,-6.6
SOD1,CHEMBL4635068,-6.5
SOD1,CHEMBL4635072,-6.4
SOD1,CHEMBL4635113,-6.3
SOD1,CHEMBL4635115,-6.4
SOD1,CHEMBL4635137,-6.5
SOD1,CHEMBL4635157,-6.4
SOD1,CHEMBL4635162,-6.3
SOD1,CHEMBL4635193,-6.3
SOD1,CHEMBL4635222,-6.3
SOD1,CHEMBL4635228,-6.8
SOD1,CHEMBL4635236,-6.3
SOD1,CHEMBL4635237,-6.5
SOD1,CHEMBL4635242,-6.8
SOD1,CHEMBL4635243,-6.3
SOD1,CHEMBL4635246,-6.9
SOD1,CHEMBL4635261,-6.3
SOD1,CHEMBL4635270,-6.5
SOD1,CHEMBL4635318,-7.2
SOD1,CHEMBL4635322,-6.4
SOD1,CHEMBL4635330,-6.5
SOD1,CHEMBL4635342,-6.3
SOD1,CHEMBL4635354,-6.5
SOD1,CHEMBL4635388,-6.5
SOD1,CHEMBL4635392,-6.8
SOD1,CHEMBL4635396,-6.3
SOD1,CHEMBL4635402,-6.3
SOD1,CHEMBL4635420,-6.3
SOD1,CHEMBL4635468,-7.3
SOD1,CHEMBL4635552,-6.5
SOD1,CHEMBL4635564,-6.5
SOD1,CHEMBL4635573,-6.7
SOD1,CHEMBL4635582,-6.5
SOD1,CHEMBL4635586,-6.4
SOD1,CHEMBL4635595,-6.5
SOD1,CHEMBL4635610,-6.5
SOD1,CHEMBL4635629,-6.3
SOD1,CHEMBL4635652,-6.8
SOD1,CHEMBL4635673,-6.4
SOD1,CHEMBL4635744,-6.6
SOD1,CHEMBL4635749,-6.8
SOD1,CHEMBL4635787,-7.3
SOD1,CHEMBL4635822,-6.5
SOD1,CHEMBL4635827,-6.9
SOD1,CHEMBL4635845,-7.0
SOD1,CHEMBL4635846,-6.5
SOD1,CHEMBL4635938,-6.5
SOD1,CHEMBL4635945,-6.7
SOD1,CHEMBL4635958,-6.4
SOD1,CHEMBL4636019,-6.3
SOD1,CHEMBL4636035,-6.3
SOD1,CHEMBL4636048,-6.5
SOD1,CHEMBL4636054,-6.6
SOD1,CHEMBL4636062,-6.3
SOD1,CHEMBL4636065,-6.6
SOD1,CHEMBL4636075,-6.3
SOD1,CHEMBL4636104,-7.2
SOD1,CHEMBL4636119,-6.3
SOD1,CHEMBL4636143,-7.2
SOD1,CHEMBL4636148,-6.4
SOD1,CHEMBL4636153,-6.4
SOD1,CHEMBL4636190,-6.3
SOD1,CHEMBL4636191,-6.4
SOD1,CHEMBL4636195,-7.0
SOD1,CHEMBL46362,-6.5
SOD1,CHEMBL4636208,-6.3
SOD1,CHEMBL4636253,-7.0
SOD1,CHEMBL4636263,-6.3
SOD1,CHEMBL4636298,-6.3
SOD1,CHEMBL4636312,-6.7
SOD1,CHEMBL4636336,-6.8
SOD1,CHEMBL4636361,-6.4
SOD1,CHEMBL4636372,-6.5
SOD1,CHEMBL4636400,-6.5
SOD1,CHEMBL4636419,-6.6
SOD1,CHEMBL4636426,-6.3
SOD1,CHEMBL4636437,-6.3
SOD1,CHEMBL4636462,-6.9
SOD1,CHEMBL4636502,-6.4
SOD1,CHEMBL4636517,-6.3
SOD1,CHEMBL4636535,-6.4
SOD1,CHEMBL4636581,-6.3
SOD1,CHEMBL4636614,-6.3
SOD1,CHEMBL4636617,-7.0
SOD1,CHEMBL4636629,-6.6
SOD1,CHEMBL4636663,-6.4
SOD1,CHEMBL4636665,-6.3
SOD1,CHEMBL4636680,-6.5
SOD1,CHEMBL4636704,-6.3
SOD1,CHEMBL4636707,-6.8
SOD1,CHEMBL4636712,-6.4
SOD1,CHEMBL4636727,-6.5
SOD1,CHEMBL4636752,-7.1
SOD1,CHEMBL4636758,-6.3
SOD1,CHEMBL4636771,-7.0
SOD1,CHEMBL4636826,-6.7
SOD1,CHEMBL4636838,-6.3
SOD1,CHEMBL4636872,-6.6
SOD1,CHEMBL4636897,-6.3
SOD1,CHEMBL4636923,-7.0
SOD1,CHEMBL4636924,-6.3
SOD1,CHEMBL4636970,-6.4
SOD1,CHEMBL4636973,-7.2
SOD1,CHEMBL4637015,-6.6
SOD1,CHEMBL4637016,-6.5
SOD1,CHEMBL4637018,-6.6
SOD1,CHEMBL4637020,-6.8
SOD1,CHEMBL4637022,-6.4
SOD1,CHEMBL4637048,-6.3
SOD1,CHEMBL4637056,-6.5
SOD1,CHEMBL4637079,-6.3
SOD1,CHEMBL4637136,-6.7
SOD1,CHEMBL4637138,-7.2
SOD1,CHEMBL4637161,-6.4
SOD1,CHEMBL4637170,-6.3
SOD1,CHEMBL4637172,-6.5
SOD1,CHEMBL4637180,-6.7
SOD1,CHEMBL4637202,-6.3
SOD1,CHEMBL4637218,-6.5
SOD1,CHEMBL4637251,-6.7
SOD1,CHEMBL4637291,-6.5
SOD1,CHEMBL4637301,-7.2
SOD1,CHEMBL4637325,-6.5
SOD1,CHEMBL4637345,-6.4
SOD1,CHEMBL4637347,-7.6
SOD1,CHEMBL4637350,-6.6
SOD1,CHEMBL4637354,-6.3
SOD1,CHEMBL4637358,-6.8
SOD1,CHEMBL4637374,-6.3
SOD1,CHEMBL4637378,-6.5
SOD1,CHEMBL4637386,-6.4
SOD1,CHEMBL4637387,-6.4
SOD1,CHEMBL4637404,-6.4
SOD1,CHEMBL4637410,-6.3
SOD1,CHEMBL4637411,-6.3
SOD1,CHEMBL4637415,-6.4
SOD1,CHEMBL4637430,-6.5
SOD1,CHEMBL4637458,-6.3
SOD1,CHEMBL4637464,-6.4
SOD1,CHEMBL4637487,-7.0
SOD1,CHEMBL4637495,-6.6
SOD1,CHEMBL4637505,-6.3
SOD1,CHEMBL4637566,-6.9
SOD1,CHEMBL4637569,-6.8
SOD1,CHEMBL4637570,-7.0
SOD1,CHEMBL4637622,-6.3
SOD1,CHEMBL4637658,-6.5
SOD1,CHEMBL4637669,-7.2
SOD1,CHEMBL4637700,-6.3
SOD1,CHEMBL4637714,-6.3
SOD1,CHEMBL4637727,-6.3
SOD1,CHEMBL4637737,-6.4
SOD1,CHEMBL4637764,-6.5
SOD1,CHEMBL4637795,-7.4
SOD1,CHEMBL4637800,-6.4
SOD1,CHEMBL4637802,-6.3
SOD1,CHEMBL4637815,-6.9
SOD1,CHEMBL4637848,-6.7
SOD1,CHEMBL4637854,-6.7
SOD1,CHEMBL4637856,-6.5
SOD1,CHEMBL4637858,-6.5
SOD1,CHEMBL4637870,-6.4
SOD1,CHEMBL4637919,-6.4
SOD1,CHEMBL4637967,-6.7
SOD1,CHEMBL4637990,-6.3
SOD1,CHEMBL4637996,-6.3
SOD1,CHEMBL4637997,-6.6
SOD1,CHEMBL4638005,-6.8
SOD1,CHEMBL4638009,-6.3
SOD1,CHEMBL4638014,-7.2
SOD1,CHEMBL4638016,-6.5
SOD1,CHEMBL4638029,-6.7
SOD1,CHEMBL4638035,-6.5
SOD1,CHEMBL4638039,-6.5
SOD1,CHEMBL4638060,-6.3
SOD1,CHEMBL4638078,-6.5
SOD1,CHEMBL4638091,-6.3
SOD1,CHEMBL4638092,-6.4
SOD1,CHEMBL4638094,-6.5
SOD1,CHEMBL4638112,-6.4
SOD1,CHEMBL4638148,-7.1
SOD1,CHEMBL4638150,-6.6
SOD1,CHEMBL4638178,-6.4
SOD1,CHEMBL4638186,-6.4
SOD1,CHEMBL4638187,-7.2
SOD1,CHEMBL4638228,-6.8
SOD1,CHEMBL4638237,-6.5
SOD1,CHEMBL4638260,-6.5
SOD1,CHEMBL4638320,-6.7
SOD1,CHEMBL4638327,-6.3
SOD1,CHEMBL4638350,-6.3
SOD1,CHEMBL4638351,-6.5
SOD1,CHEMBL4638356,-6.4
SOD1,CHEMBL4638364,-6.8
SOD1,CHEMBL4638385,-6.4
SOD1,CHEMBL4638423,-6.3
SOD1,CHEMBL4638439,-6.6
SOD1,CHEMBL4638443,-6.3
SOD1,CHEMBL4638455,-6.7
SOD1,CHEMBL4638495,-6.7
SOD1,CHEMBL4638502,-6.3
SOD1,CHEMBL4638505,-6.5
SOD1,CHEMBL4638519,-6.5
SOD1,CHEMBL4638521,-6.6
SOD1,CHEMBL4638540,-6.8
SOD1,CHEMBL4638561,-6.5
SOD1,CHEMBL4638566,-6.6
SOD1,CHEMBL4638594,-6.4
SOD1,CHEMBL4638611,-6.6
SOD1,CHEMBL4638613,-7.0
SOD1,CHEMBL4638626,-7.0
SOD1,CHEMBL4638644,-6.8
SOD1,CHEMBL4638691,-6.3
SOD1,CHEMBL4638693,-6.4
SOD1,CHEMBL4638702,-7.2
SOD1,CHEMBL4638713,-6.7
SOD1,CHEMBL4638721,-6.3
SOD1,CHEMBL4638729,-6.3
SOD1,CHEMBL4638748,-6.8
SOD1,CHEMBL4638756,-7.0
SOD1,CHEMBL4638775,-6.7
SOD1,CHEMBL4638783,-6.8
SOD1,CHEMBL4638790,-6.9
SOD1,CHEMBL4638800,-6.6
SOD1,CHEMBL4638828,-6.5
SOD1,CHEMBL4638848,-6.4
SOD1,CHEMBL4638881,-7.1
SOD1,CHEMBL4638899,-6.3
SOD1,CHEMBL4638914,-6.4
SOD1,CHEMBL4638917,-6.5
SOD1,CHEMBL4638932,-6.6
SOD1,CHEMBL4638944,-6.8
SOD1,CHEMBL4638969,-6.4
SOD1,CHEMBL4638972,-6.5
SOD1,CHEMBL4638979,-6.3
SOD1,CHEMBL4638981,-6.8
SOD1,CHEMBL4638987,-6.7
SOD1,CHEMBL4639022,-6.3
SOD1,CHEMBL4639049,-6.4
SOD1,CHEMBL4639051,-6.5
SOD1,CHEMBL4639076,-6.4
SOD1,CHEMBL4639079,-6.5
SOD1,CHEMBL4639108,-6.5
SOD1,CHEMBL4639112,-6.5
SOD1,CHEMBL4639125,-6.6
SOD1,CHEMBL4639154,-6.6
SOD1,CHEMBL4639189,-6.3
SOD1,CHEMBL4639205,-6.6
SOD1,CHEMBL4639207,-6.3
SOD1,CHEMBL4639216,-6.5
SOD1,CHEMBL4639219,-6.8
SOD1,CHEMBL4639228,-6.4
SOD1,CHEMBL4639252,-7.0
SOD1,CHEMBL4639256,-6.3
SOD1,CHEMBL4639257,-6.9
SOD1,CHEMBL4639285,-6.3
SOD1,CHEMBL4639294,-6.5
SOD1,CHEMBL4639369,-6.5
SOD1,CHEMBL4639392,-6.5
SOD1,CHEMBL4639415,-6.4
SOD1,CHEMBL4639429,-6.4
SOD1,CHEMBL4639434,-6.6
SOD1,CHEMBL4639444,-6.4
SOD1,CHEMBL4639473,-6.3
SOD1,CHEMBL4639501,-6.4
SOD1,CHEMBL4639507,-6.3
SOD1,CHEMBL4639530,-6.4
SOD1,CHEMBL4639553,-6.3
SOD1,CHEMBL4639566,-6.7
SOD1,CHEMBL4639572,-6.8
SOD1,CHEMBL4639585,-6.6
SOD1,CHEMBL4639606,-6.4
SOD1,CHEMBL4639610,-6.4
SOD1,CHEMBL4639614,-6.5
SOD1,CHEMBL4639627,-6.3
SOD1,CHEMBL4639634,-6.5
SOD1,CHEMBL4639672,-6.6
SOD1,CHEMBL4639704,-6.3
SOD1,CHEMBL4639730,-6.7
SOD1,CHEMBL4639734,-6.7
SOD1,CHEMBL4639751,-6.4
SOD1,CHEMBL4639765,-6.6
SOD1,CHEMBL46404,-6.4
SOD1,CHEMBL464413,-6.3
SOD1,CHEMBL46487,-6.7
SOD1,CHEMBL46521,-6.3
SOD1,CHEMBL46542,-6.4
SOD1,CHEMBL46553,-6.3
SOD1,CHEMBL46631,-7.0
SOD1,CHEMBL46663,-6.5
SOD1,CHEMBL46686,-6.7
SOD1,CHEMBL46736,-6.4
SOD1,CHEMBL46747,-6.4
SOD1,CHEMBL46799,-6.6
SOD1,CHEMBL46844,-6.5
SOD1,CHEMBL46876,-6.5
SOD1,CHEMBL46886,-6.3
SOD1,CHEMBL46905,-6.4
SOD1,CHEMBL46970,-7.0
SOD1,CHEMBL46992,-6.8
SOD1,CHEMBL47046,-6.4
SOD1,CHEMBL47050,-6.3
SOD1,CHEMBL47116,-6.3
SOD1,CHEMBL47145,-6.5
SOD1,CHEMBL47174,-6.5
SOD1,CHEMBL47203,-6.9
SOD1,CHEMBL47211,-6.4
SOD1,CHEMBL47338,-6.3
SOD1,CHEMBL47376,-6.9
SOD1,CHEMBL47430,-6.5
SOD1,CHEMBL47488,-6.4
SOD1,CHEMBL47498,-6.7
SOD1,CHEMBL47515,-6.3
SOD1,CHEMBL47526,-6.3
SOD1,CHEMBL47591,-6.6
SOD1,CHEMBL47606,-6.7
SOD1,CHEMBL47662,-6.8
SOD1,CHEMBL47699,-6.8
SOD1,CHEMBL47719,-6.8
SOD1,CHEMBL47739,-6.5
SOD1,CHEMBL47866,-6.3
SOD1,CHEMBL48009,-6.7
SOD1,CHEMBL48042,-6.4
SOD1,CHEMBL48045,-6.6
SOD1,CHEMBL48165,-6.7
SOD1,CHEMBL48199,-6.6
SOD1,CHEMBL48206,-6.8
SOD1,CHEMBL48240,-6.3
SOD1,CHEMBL48284,-6.3
SOD1,CHEMBL48412,-6.3
SOD1,CHEMBL48471,-6.9
SOD1,CHEMBL48475,-6.3
SOD1,CHEMBL48494,-6.6
SOD1,CHEMBL48497,-6.8
SOD1,CHEMBL48595,-6.4
SOD1,CHEMBL48604,-6.7
SOD1,CHEMBL48606,-6.6
SOD1,CHEMBL48636,-6.7
SOD1,CHEMBL48663,-6.3
SOD1,CHEMBL48674,-6.4
SOD1,CHEMBL48685,-6.5
SOD1,CHEMBL48691,-6.6
SOD1,CHEMBL48717,-6.9
SOD1,CHEMBL48741,-6.5
SOD1,CHEMBL48742,-6.6
SOD1,CHEMBL48801,-6.5
SOD1,CHEMBL48803,-6.3
SOD1,CHEMBL48813,-6.4
SOD1,CHEMBL48827,-6.3
SOD1,CHEMBL48856,-6.3
SOD1,CHEMBL48864,-6.7
SOD1,CHEMBL48867,-6.5
SOD1,CHEMBL48906,-6.6
SOD1,CHEMBL49041,-6.3
SOD1,CHEMBL49063,-6.6
SOD1,CHEMBL49128,-6.3
SOD1,CHEMBL49130,-6.8
SOD1,CHEMBL49181,-7.1
SOD1,CHEMBL49232,-6.6
SOD1,CHEMBL49322,-6.4
SOD1,CHEMBL49325,-6.3
SOD1,CHEMBL49370,-6.5
SOD1,CHEMBL49392,-6.3
SOD1,CHEMBL49423,-6.5
SOD1,CHEMBL49445,-6.3
SOD1,CHEMBL49491,-7.1
SOD1,CHEMBL495019,-6.6
SOD1,CHEMBL495025,-6.3
SOD1,CHEMBL495174,-6.6
SOD1,CHEMBL495180,-6.3
SOD1,CHEMBL49520,-7.2
SOD1,CHEMBL495322,-6.6
SOD1,CHEMBL495636,-6.5
SOD1,CHEMBL495715,-6.8
SOD1,CHEMBL495875,-7.1
SOD1,CHEMBL496020,-6.5
SOD1,CHEMBL496249,-6.6
SOD1,CHEMBL49627,-6.8
SOD1,CHEMBL49634,-6.4
SOD1,CHEMBL49636,-6.6
SOD1,CHEMBL496481,-6.6
SOD1,CHEMBL49657,-6.4
SOD1,CHEMBL496867,-6.3
SOD1,CHEMBL496949,-6.7
SOD1,CHEMBL49696,-6.9
SOD1,CHEMBL497026,-6.5
SOD1,CHEMBL497105,-6.3
SOD1,CHEMBL497188,-6.4
SOD1,CHEMBL49725,-7.1
SOD1,CHEMBL497559,-6.8
SOD1,CHEMBL497670,-6.3
SOD1,CHEMBL497683,-6.4
SOD1,CHEMBL497690,-6.4
SOD1,CHEMBL497692,-6.5
SOD1,CHEMBL497737,-6.5
SOD1,CHEMBL497780,-6.4
SOD1,CHEMBL497786,-6.4
SOD1,CHEMBL497839,-6.3
SOD1,CHEMBL49786,-6.3
SOD1,CHEMBL497977,-6.7
SOD1,CHEMBL497980,-6.5
SOD1,CHEMBL498024,-7.1
SOD1,CHEMBL498025,-7.1
SOD1,CHEMBL498032,-6.3
SOD1,CHEMBL498101,-6.9
SOD1,CHEMBL498112,-6.6
SOD1,CHEMBL498113,-6.4
SOD1,CHEMBL498134,-6.3
SOD1,CHEMBL498148,-6.3
SOD1,CHEMBL498183,-6.8
SOD1,CHEMBL498197,-6.5
SOD1,CHEMBL498199,-6.5
SOD1,CHEMBL498230,-6.3
SOD1,CHEMBL498269,-6.5
SOD1,CHEMBL498290,-6.4
SOD1,CHEMBL498300,-6.3
SOD1,CHEMBL498305,-6.3
SOD1,CHEMBL498323,-6.3
SOD1,CHEMBL498324,-6.7
SOD1,CHEMBL498343,-6.5
SOD1,CHEMBL498390,-6.3
SOD1,CHEMBL498396,-6.4
SOD1,CHEMBL498414,-6.3
SOD1,CHEMBL498420,-6.4
SOD1,CHEMBL498441,-6.4
SOD1,CHEMBL498449,-6.4
SOD1,CHEMBL498458,-6.4
SOD1,CHEMBL498459,-6.6
SOD1,CHEMBL498538,-7.1
SOD1,CHEMBL498608,-6.4
SOD1,CHEMBL498653,-6.4
SOD1,CHEMBL498664,-6.6
SOD1,CHEMBL498674,-6.3
SOD1,CHEMBL498703,-6.3
SOD1,CHEMBL498704,-6.8
SOD1,CHEMBL498710,-6.4
SOD1,CHEMBL498760,-6.5
SOD1,CHEMBL498894,-6.6
SOD1,CHEMBL49894,-6.5
SOD1,CHEMBL49899,-6.3
SOD1,CHEMBL499061,-6.5
SOD1,CHEMBL499109,-6.3
SOD1,CHEMBL499227,-6.4
SOD1,CHEMBL499245,-6.7
SOD1,CHEMBL499280,-6.7
SOD1,CHEMBL499301,-6.3
SOD1,CHEMBL499331,-6.5
SOD1,CHEMBL499347,-6.3
SOD1,CHEMBL499349,-6.3
SOD1,CHEMBL499372,-6.5
SOD1,CHEMBL499445,-7.2
SOD1,CHEMBL499544,-6.3
SOD1,CHEMBL499555,-6.6
SOD1,CHEMBL49958,-6.8
SOD1,CHEMBL499587,-6.4
SOD1,CHEMBL499588,-6.4
SOD1,CHEMBL499606,-6.4
SOD1,CHEMBL499617,-6.5
SOD1,CHEMBL499618,-6.3
SOD1,CHEMBL499622,-6.4
SOD1,CHEMBL499624,-7.1
SOD1,CHEMBL49969,-6.7
SOD1,CHEMBL499693,-6.5
SOD1,CHEMBL49973,-6.5
SOD1,CHEMBL499793,-6.5
SOD1,CHEMBL499846,-6.5
SOD1,CHEMBL499849,-6.3
SOD1,CHEMBL499886,-6.5
SOD1,CHEMBL499944,-6.4
SOD1,CHEMBL499952,-6.9
SOD1,CHEMBL499961,-6.9
SOD1,CHEMBL500051,-6.7
SOD1,CHEMBL500059,-6.3
SOD1,CHEMBL500100,-6.6
SOD1,CHEMBL500112,-6.4
SOD1,CHEMBL500118,-6.8
SOD1,CHEMBL500157,-6.6
SOD1,CHEMBL500172,-6.5
SOD1,CHEMBL500217,-6.4
SOD1,CHEMBL500240,-6.3
SOD1,CHEMBL500308,-6.3
SOD1,CHEMBL50034,-6.5
SOD1,CHEMBL500393,-6.4
SOD1,CHEMBL500560,-6.9
SOD1,CHEMBL500565,-6.6
SOD1,CHEMBL500635,-6.5
SOD1,CHEMBL500643,-6.3
SOD1,CHEMBL500662,-6.6
SOD1,CHEMBL500684,-6.5
SOD1,CHEMBL500686,-6.6
SOD1,CHEMBL500744,-6.3
SOD1,CHEMBL50081,-6.6
SOD1,CHEMBL500859,-6.7
SOD1,CHEMBL50090,-6.6
SOD1,CHEMBL50091,-6.5
SOD1,CHEMBL500915,-6.7
SOD1,CHEMBL500921,-6.5
SOD1,CHEMBL500990,-6.3
SOD1,CHEMBL50106,-6.4
SOD1,CHEMBL501115,-6.5
SOD1,CHEMBL501116,-6.3
SOD1,CHEMBL501129,-6.9
SOD1,CHEMBL501165,-6.3
SOD1,CHEMBL501182,-6.6
SOD1,CHEMBL501242,-6.5
SOD1,CHEMBL50127,-6.5
SOD1,CHEMBL501280,-6.8
SOD1,CHEMBL501281,-6.3
SOD1,CHEMBL501285,-6.7
SOD1,CHEMBL50129,-6.7
SOD1,CHEMBL501414,-6.3
SOD1,CHEMBL50145,-6.4
SOD1,CHEMBL501462,-6.5
SOD1,CHEMBL501463,-6.4
SOD1,CHEMBL501471,-6.3
SOD1,CHEMBL501486,-6.5
SOD1,CHEMBL501490,-6.5
SOD1,CHEMBL501509,-6.4
SOD1,CHEMBL501576,-6.4
SOD1,CHEMBL501703,-6.4
SOD1,CHEMBL501714,-6.4
SOD1,CHEMBL501719,-6.3
SOD1,CHEMBL501731,-6.3
SOD1,CHEMBL501732,-6.8
SOD1,CHEMBL501743,-6.9
SOD1,CHEMBL501827,-6.9
SOD1,CHEMBL501881,-6.8
SOD1,CHEMBL50191,-6.5
SOD1,CHEMBL501923,-6.6
SOD1,CHEMBL501933,-7.0
SOD1,CHEMBL501959,-6.3
SOD1,CHEMBL501964,-7.0
SOD1,CHEMBL501973,-6.3
SOD1,CHEMBL502015,-6.7
SOD1,CHEMBL502021,-6.3
SOD1,CHEMBL502050,-6.8
SOD1,CHEMBL50208,-6.3
SOD1,CHEMBL502084,-6.7
SOD1,CHEMBL502113,-6.8
SOD1,CHEMBL502119,-6.3
SOD1,CHEMBL502124,-6.5
SOD1,CHEMBL502142,-6.5
SOD1,CHEMBL502152,-6.7
SOD1,CHEMBL502202,-7.0
SOD1,CHEMBL502203,-6.3
SOD1,CHEMBL502245,-6.3
SOD1,CHEMBL502258,-7.0
SOD1,CHEMBL502283,-6.6
SOD1,CHEMBL502322,-6.6
SOD1,CHEMBL502444,-6.3
SOD1,CHEMBL502503,-6.5
SOD1,CHEMBL502531,-6.3
SOD1,CHEMBL502540,-6.4
SOD1,CHEMBL502548,-6.3
SOD1,CHEMBL502555,-6.3
SOD1,CHEMBL502556,-6.3
SOD1,CHEMBL502720,-6.7
SOD1,CHEMBL502735,-7.1
SOD1,CHEMBL502826,-6.5
SOD1,CHEMBL502829,-6.5
SOD1,CHEMBL502839,-6.5
SOD1,CHEMBL50296,-6.9
SOD1,CHEMBL503046,-6.5
SOD1,CHEMBL503089,-6.5
SOD1,CHEMBL503090,-6.9
SOD1,CHEMBL503139,-6.7
SOD1,CHEMBL503143,-6.4
SOD1,CHEMBL503209,-6.3
SOD1,CHEMBL503253,-6.5
SOD1,CHEMBL503260,-7.0
SOD1,CHEMBL503325,-6.4
SOD1,CHEMBL503385,-6.5
SOD1,CHEMBL503421,-6.5
SOD1,CHEMBL503452,-6.7
SOD1,CHEMBL503460,-7.3
SOD1,CHEMBL503505,-6.3
SOD1,CHEMBL503583,-6.4
SOD1,CHEMBL503615,-6.8
SOD1,CHEMBL503616,-6.5
SOD1,CHEMBL503772,-6.9
SOD1,CHEMBL503856,-7.2
SOD1,CHEMBL503901,-7.0
SOD1,CHEMBL504005,-6.5
SOD1,CHEMBL504024,-6.4
SOD1,CHEMBL50406,-6.3
SOD1,CHEMBL504072,-7.1
SOD1,CHEMBL504077,-6.6
SOD1,CHEMBL504190,-6.6
SOD1,CHEMBL504194,-6.3
SOD1,CHEMBL504245,-6.3
SOD1,CHEMBL50425,-6.5
SOD1,CHEMBL504267,-6.4
SOD1,CHEMBL504398,-7.0
SOD1,CHEMBL50440,-6.9
SOD1,CHEMBL504415,-7.3
SOD1,CHEMBL504467,-6.3
SOD1,CHEMBL504596,-6.3
SOD1,CHEMBL504638,-6.3
SOD1,CHEMBL504655,-6.4
SOD1,CHEMBL504698,-6.5
SOD1,CHEMBL505011,-6.4
SOD1,CHEMBL505187,-6.3
SOD1,CHEMBL505225,-6.4
SOD1,CHEMBL505268,-6.7
SOD1,CHEMBL505281,-6.3
SOD1,CHEMBL505289,-6.3
SOD1,CHEMBL505413,-7.4
SOD1,CHEMBL505417,-6.3
SOD1,CHEMBL505469,-6.5
SOD1,CHEMBL505516,-6.4
SOD1,CHEMBL505626,-6.4
SOD1,CHEMBL505653,-6.7
SOD1,CHEMBL505866,-6.3
SOD1,CHEMBL50590,-7.5
SOD1,CHEMBL506022,-7.8
SOD1,CHEMBL506057,-7.1
SOD1,CHEMBL506077,-7.7
SOD1,CHEMBL506266,-6.3
SOD1,CHEMBL506419,-6.3
SOD1,CHEMBL50643,-6.3
SOD1,CHEMBL506434,-7.0
SOD1,CHEMBL50644,-6.8
SOD1,CHEMBL50689,-6.7
SOD1,CHEMBL506935,-6.3
SOD1,CHEMBL50698,-6.5
SOD1,CHEMBL507112,-6.7
SOD1,CHEMBL50713,-6.5
SOD1,CHEMBL507130,-6.3
SOD1,CHEMBL50714,-6.7
SOD1,CHEMBL507201,-6.3
SOD1,CHEMBL507222,-6.4
SOD1,CHEMBL507223,-6.4
SOD1,CHEMBL507348,-6.4
SOD1,CHEMBL507365,-6.5
SOD1,CHEMBL507368,-7.2
SOD1,CHEMBL507439,-6.4
SOD1,CHEMBL507532,-6.9
SOD1,CHEMBL507540,-6.6
SOD1,CHEMBL507714,-6.5
SOD1,CHEMBL507747,-6.3
SOD1,CHEMBL507810,-6.3
SOD1,CHEMBL507815,-6.3
SOD1,CHEMBL50783,-6.9
SOD1,CHEMBL507922,-6.7
SOD1,CHEMBL507989,-6.3
SOD1,CHEMBL50807,-6.7
SOD1,CHEMBL508098,-6.5
SOD1,CHEMBL508099,-7.1
SOD1,CHEMBL508123,-6.3
SOD1,CHEMBL508135,-6.4
SOD1,CHEMBL508165,-6.8
SOD1,CHEMBL508250,-6.5
SOD1,CHEMBL50828,-6.4
SOD1,CHEMBL508307,-6.6
SOD1,CHEMBL508316,-6.9
SOD1,CHEMBL508403,-6.6
SOD1,CHEMBL508429,-6.4
SOD1,CHEMBL508494,-6.3
SOD1,CHEMBL508535,-6.7
SOD1,CHEMBL508556,-6.5
SOD1,CHEMBL508572,-6.4
SOD1,CHEMBL508578,-6.4
SOD1,CHEMBL508579,-6.8
SOD1,CHEMBL508592,-6.4
SOD1,CHEMBL508633,-6.4
SOD1,CHEMBL50866,-6.3
SOD1,CHEMBL508684,-6.8
SOD1,CHEMBL508691,-6.4
SOD1,CHEMBL508754,-7.2
SOD1,CHEMBL508765,-6.8
SOD1,CHEMBL508776,-6.7
SOD1,CHEMBL508876,-6.3
SOD1,CHEMBL508922,-6.3
SOD1,CHEMBL508930,-6.5
SOD1,CHEMBL509001,-6.4
SOD1,CHEMBL509101,-6.7
SOD1,CHEMBL50923,-6.5
SOD1,CHEMBL50924,-6.3
SOD1,CHEMBL509251,-6.8
SOD1,CHEMBL50933,-6.4
SOD1,CHEMBL509412,-6.5
SOD1,CHEMBL509413,-6.6
SOD1,CHEMBL509499,-6.6
SOD1,CHEMBL509519,-6.3
SOD1,CHEMBL509552,-6.4
SOD1,CHEMBL50956,-6.3
SOD1,CHEMBL50961,-6.8
SOD1,CHEMBL509650,-6.3
SOD1,CHEMBL509656,-7.0
SOD1,CHEMBL50972,-7.3
SOD1,CHEMBL509745,-6.3
SOD1,CHEMBL509747,-6.4
SOD1,CHEMBL509804,-6.3
SOD1,CHEMBL509849,-6.3
SOD1,CHEMBL50986,-6.5
SOD1,CHEMBL50988,-6.6
SOD1,CHEMBL509900,-6.4
SOD1,CHEMBL510084,-6.6
SOD1,CHEMBL510085,-6.9
SOD1,CHEMBL510112,-6.5
SOD1,CHEMBL510151,-6.6
SOD1,CHEMBL510168,-6.6
SOD1,CHEMBL510176,-6.3
SOD1,CHEMBL510193,-6.5
SOD1,CHEMBL51028,-6.4
SOD1,CHEMBL510316,-6.9
SOD1,CHEMBL510325,-6.3
SOD1,CHEMBL510364,-6.4
SOD1,CHEMBL510373,-6.8
SOD1,CHEMBL510426,-6.3
SOD1,CHEMBL51050,-6.7
SOD1,CHEMBL510508,-6.3
SOD1,CHEMBL510545,-6.3
SOD1,CHEMBL510563,-6.8
SOD1,CHEMBL510589,-6.9
SOD1,CHEMBL510667,-6.3
SOD1,CHEMBL510668,-6.3
SOD1,CHEMBL510690,-6.7
SOD1,CHEMBL51075,-6.4
SOD1,CHEMBL510906,-6.4
SOD1,CHEMBL510912,-6.6
SOD1,CHEMBL510959,-6.8
SOD1,CHEMBL510961,-6.5
SOD1,CHEMBL511047,-7.0
SOD1,CHEMBL511077,-6.4
SOD1,CHEMBL51112,-7.1
SOD1,CHEMBL511133,-6.5
SOD1,CHEMBL511137,-6.5
SOD1,CHEMBL511154,-6.4
SOD1,CHEMBL511162,-6.3
SOD1,CHEMBL511214,-6.4
SOD1,CHEMBL511231,-6.6
SOD1,CHEMBL511242,-6.6
SOD1,CHEMBL511251,-6.4
SOD1,CHEMBL511285,-6.4
SOD1,CHEMBL511307,-6.4
SOD1,CHEMBL511318,-6.3
SOD1,CHEMBL511378,-6.6
SOD1,CHEMBL511414,-6.4
SOD1,CHEMBL511438,-6.5
SOD1,CHEMBL511446,-6.3
SOD1,CHEMBL511448,-6.3
SOD1,CHEMBL511475,-6.5
SOD1,CHEMBL511478,-6.4
SOD1,CHEMBL511553,-6.3
SOD1,CHEMBL511591,-6.3
SOD1,CHEMBL511592,-6.3
SOD1,CHEMBL511625,-6.6
SOD1,CHEMBL511669,-6.5
SOD1,CHEMBL511688,-6.7
SOD1,CHEMBL511731,-6.3
SOD1,CHEMBL511754,-6.3
SOD1,CHEMBL511779,-6.3
SOD1,CHEMBL511795,-6.3
SOD1,CHEMBL511797,-6.6
SOD1,CHEMBL511804,-6.3
SOD1,CHEMBL511812,-6.3
SOD1,CHEMBL511813,-6.4
SOD1,CHEMBL511831,-6.9
SOD1,CHEMBL51190,-6.8
SOD1,CHEMBL511900,-6.3
SOD1,CHEMBL511923,-6.4
SOD1,CHEMBL511936,-6.6
SOD1,CHEMBL511942,-6.5
SOD1,CHEMBL511961,-6.3
SOD1,CHEMBL512012,-6.3
SOD1,CHEMBL512015,-6.3
SOD1,CHEMBL512089,-6.8
SOD1,CHEMBL512163,-6.5
SOD1,CHEMBL512187,-6.4
SOD1,CHEMBL512191,-6.4
SOD1,CHEMBL512239,-6.4
SOD1,CHEMBL512242,-6.4
SOD1,CHEMBL512254,-6.7
SOD1,CHEMBL512255,-6.3
SOD1,CHEMBL512267,-6.5
SOD1,CHEMBL512290,-6.5
SOD1,CHEMBL512308,-6.5
SOD1,CHEMBL512326,-6.4
SOD1,CHEMBL512342,-6.4
SOD1,CHEMBL512343,-6.3
SOD1,CHEMBL512416,-6.9
SOD1,CHEMBL512438,-6.3
SOD1,CHEMBL51244,-6.3
SOD1,CHEMBL512445,-6.5
SOD1,CHEMBL512519,-6.3
SOD1,CHEMBL512531,-6.8
SOD1,CHEMBL512533,-6.7
SOD1,CHEMBL512544,-6.4
SOD1,CHEMBL512633,-6.3
SOD1,CHEMBL512693,-6.6
SOD1,CHEMBL512709,-6.3
SOD1,CHEMBL512716,-6.3
SOD1,CHEMBL512722,-6.8
SOD1,CHEMBL512774,-6.3
SOD1,CHEMBL512803,-6.6
SOD1,CHEMBL512821,-6.3
SOD1,CHEMBL512832,-6.4
SOD1,CHEMBL512905,-6.4
SOD1,CHEMBL512961,-6.8
SOD1,CHEMBL512964,-6.8
SOD1,CHEMBL512966,-6.3
SOD1,CHEMBL512972,-7.0
SOD1,CHEMBL512992,-6.6
SOD1,CHEMBL513027,-6.9
SOD1,CHEMBL51303,-6.7
SOD1,CHEMBL513061,-6.9
SOD1,CHEMBL513065,-6.7
SOD1,CHEMBL513076,-6.7
SOD1,CHEMBL513145,-6.3
SOD1,CHEMBL513151,-6.8
SOD1,CHEMBL513157,-6.4
SOD1,CHEMBL513165,-6.4
SOD1,CHEMBL513180,-6.8
SOD1,CHEMBL513214,-6.6
SOD1,CHEMBL513227,-6.5
SOD1,CHEMBL513249,-6.4
SOD1,CHEMBL513306,-6.3
SOD1,CHEMBL513332,-6.3
SOD1,CHEMBL513335,-6.3
SOD1,CHEMBL513347,-6.3
SOD1,CHEMBL513355,-6.3
SOD1,CHEMBL513357,-6.9
SOD1,CHEMBL51338,-6.3
SOD1,CHEMBL513384,-6.3
SOD1,CHEMBL51339,-6.5
SOD1,CHEMBL513417,-6.7
SOD1,CHEMBL513422,-6.5
SOD1,CHEMBL513480,-6.9
SOD1,CHEMBL513492,-7.1
SOD1,CHEMBL513495,-6.6
SOD1,CHEMBL513562,-6.3
SOD1,CHEMBL513591,-6.8
SOD1,CHEMBL513657,-6.4
SOD1,CHEMBL513680,-6.3
SOD1,CHEMBL513712,-6.3
SOD1,CHEMBL513720,-6.5
SOD1,CHEMBL513759,-6.4
SOD1,CHEMBL513764,-6.3
SOD1,CHEMBL513821,-6.6
SOD1,CHEMBL513830,-6.8
SOD1,CHEMBL513841,-6.7
SOD1,CHEMBL513870,-6.4
SOD1,CHEMBL513916,-6.3
SOD1,CHEMBL51392,-7.3
SOD1,CHEMBL513993,-6.4
SOD1,CHEMBL513998,-6.4
SOD1,CHEMBL514026,-6.3
SOD1,CHEMBL514039,-7.2
SOD1,CHEMBL514067,-6.3
SOD1,CHEMBL514069,-6.6
SOD1,CHEMBL514086,-6.3
SOD1,CHEMBL514087,-7.4
SOD1,CHEMBL514088,-7.0
SOD1,CHEMBL514124,-6.9
SOD1,CHEMBL514132,-6.3
SOD1,CHEMBL514135,-6.6
SOD1,CHEMBL514185,-6.5
SOD1,CHEMBL514231,-6.8
SOD1,CHEMBL514240,-6.4
SOD1,CHEMBL514265,-6.4
SOD1,CHEMBL514310,-6.3
SOD1,CHEMBL514351,-6.4
SOD1,CHEMBL514373,-6.3
SOD1,CHEMBL514419,-6.5
SOD1,CHEMBL514420,-6.6
SOD1,CHEMBL514432,-6.5
SOD1,CHEMBL514438,-6.3
SOD1,CHEMBL514467,-7.2
SOD1,CHEMBL514503,-7.0
SOD1,CHEMBL514509,-6.5
SOD1,CHEMBL514511,-6.6
SOD1,CHEMBL514513,-6.4
SOD1,CHEMBL51456,-6.3
SOD1,CHEMBL514564,-6.3
SOD1,CHEMBL51459,-6.8
SOD1,CHEMBL514598,-7.3
SOD1,CHEMBL514653,-6.6
SOD1,CHEMBL514661,-6.3
SOD1,CHEMBL514678,-6.8
SOD1,CHEMBL514688,-7.2
SOD1,CHEMBL514700,-6.3
SOD1,CHEMBL514730,-6.7
SOD1,CHEMBL514762,-6.6
SOD1,CHEMBL514794,-6.9
SOD1,CHEMBL514798,-6.5
SOD1,CHEMBL514806,-6.7
SOD1,CHEMBL51482,-6.9
SOD1,CHEMBL514880,-6.6
SOD1,CHEMBL514896,-6.4
SOD1,CHEMBL514934,-6.9
SOD1,CHEMBL514953,-6.3
SOD1,CHEMBL514967,-6.3
SOD1,CHEMBL514977,-6.4
SOD1,CHEMBL514985,-7.0
SOD1,CHEMBL514994,-6.6
SOD1,CHEMBL515014,-6.3
SOD1,CHEMBL515032,-6.3
SOD1,CHEMBL515054,-6.3
SOD1,CHEMBL51507,-6.5
SOD1,CHEMBL515072,-6.3
SOD1,CHEMBL515079,-6.9
SOD1,CHEMBL515087,-6.8
SOD1,CHEMBL515093,-6.7
SOD1,CHEMBL515109,-6.9
SOD1,CHEMBL515146,-6.4
SOD1,CHEMBL51515,-6.3
SOD1,CHEMBL515160,-6.3
SOD1,CHEMBL515161,-6.5
SOD1,CHEMBL515165,-6.9
SOD1,CHEMBL515177,-6.4
SOD1,CHEMBL515179,-6.5
SOD1,CHEMBL515208,-6.3
SOD1,CHEMBL515211,-6.6
SOD1,CHEMBL515219,-6.4
SOD1,CHEMBL515245,-6.3
SOD1,CHEMBL515258,-6.5
SOD1,CHEMBL515274,-6.6
SOD1,CHEMBL515280,-6.4
SOD1,CHEMBL515322,-6.4
SOD1,CHEMBL515338,-6.3
SOD1,CHEMBL515349,-6.4
SOD1,CHEMBL51535,-6.4
SOD1,CHEMBL515352,-7.1
SOD1,CHEMBL515405,-6.6
SOD1,CHEMBL51542,-6.4
SOD1,CHEMBL515432,-6.9
SOD1,CHEMBL515433,-6.7
SOD1,CHEMBL515466,-6.3
SOD1,CHEMBL515491,-6.5
SOD1,CHEMBL515521,-6.3
SOD1,CHEMBL515615,-6.7
SOD1,CHEMBL515616,-6.3
SOD1,CHEMBL515633,-6.3
SOD1,CHEMBL515644,-6.7
SOD1,CHEMBL515648,-6.7
SOD1,CHEMBL515655,-6.3
SOD1,CHEMBL515680,-6.3
SOD1,CHEMBL515727,-6.3
SOD1,CHEMBL515733,-6.4
SOD1,CHEMBL51574,-6.7
SOD1,CHEMBL515795,-6.4
SOD1,CHEMBL51580,-6.4
SOD1,CHEMBL515805,-6.5
SOD1,CHEMBL515810,-6.3
SOD1,CHEMBL515860,-7.2
SOD1,CHEMBL51588,-6.6
SOD1,CHEMBL515897,-6.4
SOD1,CHEMBL515937,-6.4
SOD1,CHEMBL515938,-6.9
SOD1,CHEMBL515955,-7.3
SOD1,CHEMBL515964,-6.5
SOD1,CHEMBL515991,-6.5
SOD1,CHEMBL516003,-6.8
SOD1,CHEMBL516068,-6.7
SOD1,CHEMBL516074,-7.2
SOD1,CHEMBL516113,-6.6
SOD1,CHEMBL516132,-7.2
SOD1,CHEMBL516144,-6.7
SOD1,CHEMBL51615,-6.9
SOD1,CHEMBL516162,-6.6
SOD1,CHEMBL516167,-6.5
SOD1,CHEMBL516186,-6.5
SOD1,CHEMBL516216,-6.4
SOD1,CHEMBL516230,-6.4
SOD1,CHEMBL516232,-6.7
SOD1,CHEMBL516244,-6.3
SOD1,CHEMBL516246,-6.3
SOD1,CHEMBL516280,-6.3
SOD1,CHEMBL516295,-6.8
SOD1,CHEMBL516309,-6.7
SOD1,CHEMBL516331,-6.9
SOD1,CHEMBL516335,-6.4
SOD1,CHEMBL51635,-7.5
SOD1,CHEMBL516355,-6.5
SOD1,CHEMBL516356,-6.3
SOD1,CHEMBL516376,-6.5
SOD1,CHEMBL51646,-6.3
SOD1,CHEMBL516502,-7.1
SOD1,CHEMBL516504,-6.3
SOD1,CHEMBL516545,-6.3
SOD1,CHEMBL516623,-6.4
SOD1,CHEMBL516654,-6.3
SOD1,CHEMBL516685,-7.3
SOD1,CHEMBL516687,-6.6
SOD1,CHEMBL516700,-6.7
SOD1,CHEMBL516745,-6.4
SOD1,CHEMBL516769,-6.3
SOD1,CHEMBL516782,-6.4
SOD1,CHEMBL516790,-6.6
SOD1,CHEMBL516802,-6.8
SOD1,CHEMBL516809,-6.5
SOD1,CHEMBL516845,-6.6
SOD1,CHEMBL516855,-6.5
SOD1,CHEMBL516864,-6.3
SOD1,CHEMBL516874,-6.3
SOD1,CHEMBL516899,-6.5
SOD1,CHEMBL51691,-6.5
SOD1,CHEMBL5169322,-6.3
SOD1,CHEMBL516952,-6.6
SOD1,CHEMBL516962,-7.1
SOD1,CHEMBL516967,-6.8
SOD1,CHEMBL516993,-6.5
SOD1,CHEMBL517006,-6.7
SOD1,CHEMBL517010,-6.5
SOD1,CHEMBL517014,-6.4
SOD1,CHEMBL517019,-6.4
SOD1,CHEMBL517021,-6.4
SOD1,CHEMBL517068,-6.8
SOD1,CHEMBL517071,-6.4
SOD1,CHEMBL517102,-6.9
SOD1,CHEMBL517108,-6.5
SOD1,CHEMBL517117,-6.6
SOD1,CHEMBL517180,-6.8
SOD1,CHEMBL517192,-6.4
SOD1,CHEMBL517206,-6.9
SOD1,CHEMBL517254,-6.6
SOD1,CHEMBL517276,-7.0
SOD1,CHEMBL517285,-7.1
SOD1,CHEMBL517333,-6.7
SOD1,CHEMBL51735,-7.3
SOD1,CHEMBL517365,-6.5
SOD1,CHEMBL517370,-6.6
SOD1,CHEMBL51739,-6.4
SOD1,CHEMBL517395,-6.5
SOD1,CHEMBL517404,-6.4
SOD1,CHEMBL517449,-6.9
SOD1,CHEMBL517467,-6.5
SOD1,CHEMBL517481,-6.6
SOD1,CHEMBL517506,-6.8
SOD1,CHEMBL517514,-6.7
SOD1,CHEMBL517540,-6.3
SOD1,CHEMBL517578,-6.3
SOD1,CHEMBL517591,-6.4
SOD1,CHEMBL517609,-6.6
SOD1,CHEMBL517610,-6.3
SOD1,CHEMBL517612,-6.5
SOD1,CHEMBL517614,-6.3
SOD1,CHEMBL517653,-6.4
SOD1,CHEMBL517708,-7.2
SOD1,CHEMBL517722,-6.4
SOD1,CHEMBL517723,-6.4
SOD1,CHEMBL517750,-6.3
SOD1,CHEMBL517782,-6.9
SOD1,CHEMBL517795,-6.3
SOD1,CHEMBL517861,-6.3
SOD1,CHEMBL517876,-6.5
SOD1,CHEMBL517880,-6.4
SOD1,CHEMBL517881,-6.9
SOD1,CHEMBL517891,-6.4
SOD1,CHEMBL517921,-6.7
SOD1,CHEMBL517935,-6.4
SOD1,CHEMBL517939,-6.7
SOD1,CHEMBL517942,-6.7
SOD1,CHEMBL51796,-6.6
SOD1,CHEMBL517981,-6.6
SOD1,CHEMBL517996,-6.6
SOD1,CHEMBL518004,-6.6
SOD1,CHEMBL518017,-6.4
SOD1,CHEMBL518019,-6.8
SOD1,CHEMBL518057,-6.9
SOD1,CHEMBL518071,-6.8
SOD1,CHEMBL51809,-6.5
SOD1,CHEMBL518091,-7.1
SOD1,CHEMBL518161,-6.5
SOD1,CHEMBL518179,-6.4
SOD1,CHEMBL518236,-6.4
SOD1,CHEMBL51824,-6.5
SOD1,CHEMBL518255,-6.4
SOD1,CHEMBL518257,-7.4
SOD1,CHEMBL518304,-7.2
SOD1,CHEMBL518324,-6.4
SOD1,CHEMBL518374,-6.6
SOD1,CHEMBL518376,-6.4
SOD1,CHEMBL518412,-6.3
SOD1,CHEMBL518421,-6.4
SOD1,CHEMBL518422,-7.5
SOD1,CHEMBL518475,-6.5
SOD1,CHEMBL518485,-7.4
SOD1,CHEMBL518571,-6.5
SOD1,CHEMBL518572,-6.3
SOD1,CHEMBL518639,-6.4
SOD1,CHEMBL518656,-6.6
SOD1,CHEMBL51867,-6.6
SOD1,CHEMBL518676,-6.3
SOD1,CHEMBL518678,-6.5
SOD1,CHEMBL518695,-6.3
SOD1,CHEMBL518824,-6.9
SOD1,CHEMBL518847,-6.3
SOD1,CHEMBL518937,-6.3
SOD1,CHEMBL518966,-6.3
SOD1,CHEMBL518972,-6.4
SOD1,CHEMBL519010,-6.3
SOD1,CHEMBL519021,-6.3
SOD1,CHEMBL519101,-6.4
SOD1,CHEMBL519111,-6.3
SOD1,CHEMBL51913,-6.3
SOD1,CHEMBL519222,-6.6
SOD1,CHEMBL519226,-6.4
SOD1,CHEMBL519242,-6.4
SOD1,CHEMBL519252,-6.5
SOD1,CHEMBL519294,-6.7
SOD1,CHEMBL519334,-6.5
SOD1,CHEMBL519345,-6.5
SOD1,CHEMBL519388,-6.3
SOD1,CHEMBL519416,-6.5
SOD1,CHEMBL519444,-6.6
SOD1,CHEMBL51945,-6.3
SOD1,CHEMBL519472,-6.5
SOD1,CHEMBL51953,-6.6
SOD1,CHEMBL519556,-6.6
SOD1,CHEMBL519558,-6.4
SOD1,CHEMBL519572,-7.1
SOD1,CHEMBL519583,-6.3
SOD1,CHEMBL519612,-6.5
SOD1,CHEMBL519651,-6.3
SOD1,CHEMBL519795,-6.3
SOD1,CHEMBL519813,-7.1
SOD1,CHEMBL519830,-6.6
SOD1,CHEMBL519851,-6.5
SOD1,CHEMBL519861,-6.3
SOD1,CHEMBL519888,-6.7
SOD1,CHEMBL519893,-6.4
SOD1,CHEMBL519899,-6.3
SOD1,CHEMBL519939,-6.9
SOD1,CHEMBL519960,-6.3
SOD1,CHEMBL520021,-6.4
SOD1,CHEMBL52004,-6.4
SOD1,CHEMBL520067,-6.3
SOD1,CHEMBL520078,-7.2
SOD1,CHEMBL520111,-6.7
SOD1,CHEMBL520112,-6.4
SOD1,CHEMBL520129,-6.5
SOD1,CHEMBL520186,-6.4
SOD1,CHEMBL520192,-6.3
SOD1,CHEMBL520195,-6.6
SOD1,CHEMBL520220,-6.5
SOD1,CHEMBL520228,-6.8
SOD1,CHEMBL520247,-6.3
SOD1,CHEMBL520254,-6.3
SOD1,CHEMBL520274,-6.3
SOD1,CHEMBL520288,-6.4
SOD1,CHEMBL520297,-6.7
SOD1,CHEMBL520304,-6.3
SOD1,CHEMBL52032,-6.4
SOD1,CHEMBL520335,-6.3
SOD1,CHEMBL520358,-6.3
SOD1,CHEMBL52036,-6.3
SOD1,CHEMBL520362,-6.5
SOD1,CHEMBL520374,-6.4
SOD1,CHEMBL520499,-7.1
SOD1,CHEMBL520525,-6.7
SOD1,CHEMBL520529,-6.5
SOD1,CHEMBL520543,-6.5
SOD1,CHEMBL520557,-6.5
SOD1,CHEMBL520569,-6.8
SOD1,CHEMBL520574,-6.3
SOD1,CHEMBL520617,-6.3
SOD1,CHEMBL520632,-6.4
SOD1,CHEMBL520738,-6.4
SOD1,CHEMBL520745,-6.4
SOD1,CHEMBL520748,-6.3
SOD1,CHEMBL520753,-6.5
SOD1,CHEMBL520778,-7.0
SOD1,CHEMBL520826,-6.3
SOD1,CHEMBL520872,-6.4
SOD1,CHEMBL520878,-6.3
SOD1,CHEMBL520905,-6.4
SOD1,CHEMBL520918,-6.5
SOD1,CHEMBL520996,-6.4
SOD1,CHEMBL521006,-6.4
SOD1,CHEMBL52102,-6.4
SOD1,CHEMBL521020,-7.0
SOD1,CHEMBL521022,-6.3
SOD1,CHEMBL521037,-6.5
SOD1,CHEMBL521076,-7.1
SOD1,CHEMBL521096,-6.3
SOD1,CHEMBL521113,-6.4
SOD1,CHEMBL521139,-6.7
SOD1,CHEMBL521172,-6.5
SOD1,CHEMBL521261,-7.4
SOD1,CHEMBL521271,-6.3
SOD1,CHEMBL52128,-6.4
SOD1,CHEMBL52132,-6.9
SOD1,CHEMBL521366,-6.7
SOD1,CHEMBL521372,-6.4
SOD1,CHEMBL521470,-6.4
SOD1,CHEMBL521474,-6.7
SOD1,CHEMBL521478,-6.8
SOD1,CHEMBL521491,-6.4
SOD1,CHEMBL521496,-6.3
SOD1,CHEMBL521514,-6.6
SOD1,CHEMBL521532,-6.5
SOD1,CHEMBL521534,-6.3
SOD1,CHEMBL521548,-6.7
SOD1,CHEMBL521557,-6.7
SOD1,CHEMBL52157,-6.7
SOD1,CHEMBL521570,-6.3
SOD1,CHEMBL521574,-6.7
SOD1,CHEMBL521609,-6.4
SOD1,CHEMBL521617,-6.8
SOD1,CHEMBL521652,-6.8
SOD1,CHEMBL521696,-6.5
SOD1,CHEMBL521703,-6.4
SOD1,CHEMBL521719,-6.4
SOD1,CHEMBL521720,-6.4
SOD1,CHEMBL521725,-7.3
SOD1,CHEMBL521746,-6.6
SOD1,CHEMBL521761,-6.4
SOD1,CHEMBL521809,-6.6
SOD1,CHEMBL521815,-6.6
SOD1,CHEMBL521821,-6.8
SOD1,CHEMBL521838,-6.3
SOD1,CHEMBL521854,-6.3
SOD1,CHEMBL521887,-6.4
SOD1,CHEMBL521900,-6.3
SOD1,CHEMBL521949,-6.7
SOD1,CHEMBL521959,-6.6
SOD1,CHEMBL522001,-6.6
SOD1,CHEMBL522013,-7.0
SOD1,CHEMBL52203,-6.8
SOD1,CHEMBL52205,-6.7
SOD1,CHEMBL522072,-6.3
SOD1,CHEMBL522084,-6.6
SOD1,CHEMBL52210,-6.5
SOD1,CHEMBL522143,-6.5
SOD1,CHEMBL522198,-6.5
SOD1,CHEMBL522201,-6.3
SOD1,CHEMBL522214,-7.0
SOD1,CHEMBL522219,-6.5
SOD1,CHEMBL522224,-6.3
SOD1,CHEMBL522281,-6.4
SOD1,CHEMBL522295,-6.6
SOD1,CHEMBL522392,-6.4
SOD1,CHEMBL522415,-6.4
SOD1,CHEMBL522438,-6.4
SOD1,CHEMBL522485,-6.4
SOD1,CHEMBL522487,-6.3
SOD1,CHEMBL522495,-6.9
SOD1,CHEMBL522502,-6.5
SOD1,CHEMBL522507,-6.3
SOD1,CHEMBL522529,-6.6
SOD1,CHEMBL522575,-6.4
SOD1,CHEMBL522589,-6.3
SOD1,CHEMBL522596,-6.5
SOD1,CHEMBL522598,-6.5
SOD1,CHEMBL522609,-6.3
SOD1,CHEMBL522615,-7.0
SOD1,CHEMBL522618,-6.3
SOD1,CHEMBL522621,-6.4
SOD1,CHEMBL522649,-6.4
SOD1,CHEMBL522671,-6.5
SOD1,CHEMBL522678,-6.7
SOD1,CHEMBL522693,-6.5
SOD1,CHEMBL522718,-6.4
SOD1,CHEMBL522722,-6.5
SOD1,CHEMBL522724,-7.1
SOD1,CHEMBL522736,-6.5
SOD1,CHEMBL522752,-6.3
SOD1,CHEMBL522788,-6.4
SOD1,CHEMBL522789,-6.5
SOD1,CHEMBL522791,-6.3
SOD1,CHEMBL522846,-6.3
SOD1,CHEMBL522902,-6.5
SOD1,CHEMBL522939,-6.7
SOD1,CHEMBL522941,-6.6
SOD1,CHEMBL52297,-6.3
SOD1,CHEMBL52301,-6.4
SOD1,CHEMBL523030,-6.6
SOD1,CHEMBL523097,-6.4
SOD1,CHEMBL523154,-7.3
SOD1,CHEMBL523224,-6.4
SOD1,CHEMBL523241,-6.4
SOD1,CHEMBL523261,-6.5
SOD1,CHEMBL523297,-6.7
SOD1,CHEMBL523300,-6.6
SOD1,CHEMBL52332,-6.8
SOD1,CHEMBL523361,-6.6
SOD1,CHEMBL52339,-6.5
SOD1,CHEMBL523411,-6.3
SOD1,CHEMBL523442,-6.3
SOD1,CHEMBL52350,-6.5
SOD1,CHEMBL523527,-6.3
SOD1,CHEMBL523559,-6.4
SOD1,CHEMBL523619,-6.3
SOD1,CHEMBL52366,-6.4
SOD1,CHEMBL523684,-6.6
SOD1,CHEMBL523712,-6.9
SOD1,CHEMBL523723,-6.4
SOD1,CHEMBL523734,-6.7
SOD1,CHEMBL52374,-6.3
SOD1,CHEMBL523753,-6.6
SOD1,CHEMBL523816,-6.3
SOD1,CHEMBL52382,-6.4
SOD1,CHEMBL523874,-6.6
SOD1,CHEMBL523882,-6.4
SOD1,CHEMBL523885,-6.5
SOD1,CHEMBL523907,-6.4
SOD1,CHEMBL52391,-7.0
SOD1,CHEMBL523922,-6.4
SOD1,CHEMBL523923,-6.5
SOD1,CHEMBL523991,-6.3
SOD1,CHEMBL524013,-7.0
SOD1,CHEMBL524029,-6.6
SOD1,CHEMBL524068,-6.7
SOD1,CHEMBL524096,-6.6
SOD1,CHEMBL524162,-6.4
SOD1,CHEMBL524165,-7.6
SOD1,CHEMBL524209,-6.7
SOD1,CHEMBL524215,-6.6
SOD1,CHEMBL524221,-6.4
SOD1,CHEMBL524223,-6.4
SOD1,CHEMBL524250,-6.8
SOD1,CHEMBL524253,-7.2
SOD1,CHEMBL524262,-7.4
SOD1,CHEMBL524292,-6.5
SOD1,CHEMBL524398,-6.3
SOD1,CHEMBL524551,-6.5
SOD1,CHEMBL524583,-6.3
SOD1,CHEMBL524587,-6.5
SOD1,CHEMBL52464,-6.6
SOD1,CHEMBL524656,-7.2
SOD1,CHEMBL524755,-6.6
SOD1,CHEMBL524756,-6.6
SOD1,CHEMBL524765,-7.1
SOD1,CHEMBL52479,-6.4
SOD1,CHEMBL524800,-6.6
SOD1,CHEMBL524801,-6.6
SOD1,CHEMBL524817,-6.8
SOD1,CHEMBL524898,-6.8
SOD1,CHEMBL524909,-6.4
SOD1,CHEMBL524988,-6.4
SOD1,CHEMBL525107,-6.9
SOD1,CHEMBL52512,-6.6
SOD1,CHEMBL52525,-6.6
SOD1,CHEMBL525311,-6.4
SOD1,CHEMBL525358,-6.3
SOD1,CHEMBL525495,-7.0
SOD1,CHEMBL525501,-6.3
SOD1,CHEMBL525503,-6.8
SOD1,CHEMBL525510,-7.6
SOD1,CHEMBL525516,-6.7
SOD1,CHEMBL525662,-6.3
SOD1,CHEMBL525672,-6.6
SOD1,CHEMBL525725,-6.3
SOD1,CHEMBL525727,-6.3
SOD1,CHEMBL525856,-6.4
SOD1,CHEMBL525863,-6.9
SOD1,CHEMBL525883,-6.4
SOD1,CHEMBL525896,-6.4
SOD1,CHEMBL525897,-6.3
SOD1,CHEMBL525971,-6.3
SOD1,CHEMBL526061,-6.3
SOD1,CHEMBL526065,-6.3
SOD1,CHEMBL526078,-6.3
SOD1,CHEMBL526097,-6.9
SOD1,CHEMBL526098,-6.3
SOD1,CHEMBL52610,-6.4
SOD1,CHEMBL526218,-6.5
SOD1,CHEMBL526223,-6.6
SOD1,CHEMBL526224,-6.3
SOD1,CHEMBL526226,-6.3
SOD1,CHEMBL526243,-6.3
SOD1,CHEMBL526244,-6.6
SOD1,CHEMBL526251,-6.5
SOD1,CHEMBL526268,-7.0
SOD1,CHEMBL526269,-6.4
SOD1,CHEMBL526294,-6.4
SOD1,CHEMBL526387,-6.7
SOD1,CHEMBL526395,-6.5
SOD1,CHEMBL526448,-6.3
SOD1,CHEMBL526452,-6.3
SOD1,CHEMBL526466,-6.4
SOD1,CHEMBL526507,-7.0
SOD1,CHEMBL526560,-6.7
SOD1,CHEMBL52659,-6.3
SOD1,CHEMBL526591,-6.3
SOD1,CHEMBL526613,-6.7
SOD1,CHEMBL526637,-6.7
SOD1,CHEMBL526655,-6.4
SOD1,CHEMBL526656,-6.8
SOD1,CHEMBL526671,-7.2
SOD1,CHEMBL526687,-6.3
SOD1,CHEMBL526771,-6.4
SOD1,CHEMBL526775,-6.3
SOD1,CHEMBL526778,-6.5
SOD1,CHEMBL526782,-6.6
SOD1,CHEMBL526784,-6.4
SOD1,CHEMBL526816,-6.7
SOD1,CHEMBL526897,-6.4
SOD1,CHEMBL526930,-6.5
SOD1,CHEMBL526941,-6.4
SOD1,CHEMBL52698,-6.3
SOD1,CHEMBL526991,-6.4
SOD1,CHEMBL527235,-6.3
SOD1,CHEMBL527275,-6.7
SOD1,CHEMBL527281,-6.4
SOD1,CHEMBL527359,-6.3
SOD1,CHEMBL527370,-6.4
SOD1,CHEMBL527379,-6.6
SOD1,CHEMBL527385,-6.3
SOD1,CHEMBL527395,-6.7
SOD1,CHEMBL52741,-6.3
SOD1,CHEMBL527448,-6.7
SOD1,CHEMBL527482,-6.4
SOD1,CHEMBL527492,-6.4
SOD1,CHEMBL527504,-6.7
SOD1,CHEMBL527532,-6.6
SOD1,CHEMBL527547,-6.4
SOD1,CHEMBL527563,-6.8
SOD1,CHEMBL527569,-6.6
SOD1,CHEMBL527590,-6.8
SOD1,CHEMBL527603,-6.7
SOD1,CHEMBL527604,-6.3
SOD1,CHEMBL527605,-6.7
SOD1,CHEMBL527665,-6.3
SOD1,CHEMBL527687,-6.7
SOD1,CHEMBL527705,-7.4
SOD1,CHEMBL527768,-6.9
SOD1,CHEMBL527776,-6.6
SOD1,CHEMBL527786,-6.8
SOD1,CHEMBL527851,-6.4
SOD1,CHEMBL527894,-6.7
SOD1,CHEMBL527905,-6.6
SOD1,CHEMBL527912,-6.4
SOD1,CHEMBL527930,-6.7
SOD1,CHEMBL52852,-6.5
SOD1,CHEMBL52869,-6.5
SOD1,CHEMBL528745,-6.3
SOD1,CHEMBL52880,-7.0
SOD1,CHEMBL529058,-6.8
SOD1,CHEMBL529263,-6.6
SOD1,CHEMBL52932,-6.3
SOD1,CHEMBL529341,-6.5
SOD1,CHEMBL52942,-6.6
SOD1,CHEMBL529450,-6.6
SOD1,CHEMBL529695,-6.4
SOD1,CHEMBL529771,-6.3
SOD1,CHEMBL52981,-6.3
SOD1,CHEMBL529999,-6.6
SOD1,CHEMBL530000,-6.5
SOD1,CHEMBL530004,-6.8
SOD1,CHEMBL530034,-6.5
SOD1,CHEMBL53006,-6.5
SOD1,CHEMBL53012,-6.5
SOD1,CHEMBL530151,-6.4
SOD1,CHEMBL53025,-6.3
SOD1,CHEMBL530363,-6.5
SOD1,CHEMBL53061,-6.3
SOD1,CHEMBL53066,-6.3
SOD1,CHEMBL53081,-7.0
SOD1,CHEMBL53093,-7.2
SOD1,CHEMBL53095,-6.3
SOD1,CHEMBL53147,-7.2
SOD1,CHEMBL53154,-6.3
SOD1,CHEMBL53178,-6.8
SOD1,CHEMBL53190,-6.6
SOD1,CHEMBL53216,-6.3
SOD1,CHEMBL53242,-6.6
SOD1,CHEMBL53299,-6.4
SOD1,CHEMBL533010,-6.8
SOD1,CHEMBL53338,-6.8
SOD1,CHEMBL53345,-6.5
SOD1,CHEMBL53383,-6.3
SOD1,CHEMBL53426,-6.5
SOD1,CHEMBL53464,-6.6
SOD1,CHEMBL53478,-6.7
SOD1,CHEMBL53491,-6.4
SOD1,CHEMBL53582,-6.7
SOD1,CHEMBL53589,-6.5
SOD1,CHEMBL53591,-6.3
SOD1,CHEMBL53636,-6.4
SOD1,CHEMBL53673,-6.5
SOD1,CHEMBL53802,-6.9
SOD1,CHEMBL53806,-6.5
SOD1,CHEMBL53808,-6.5
SOD1,CHEMBL53819,-6.6
SOD1,CHEMBL53829,-6.4
SOD1,CHEMBL53903,-6.5
SOD1,CHEMBL53907,-6.5
SOD1,CHEMBL53908,-6.7
SOD1,CHEMBL53923,-6.6
SOD1,CHEMBL53939,-6.5
SOD1,CHEMBL53960,-6.5
SOD1,CHEMBL53987,-6.5
SOD1,CHEMBL54018,-6.3
SOD1,CHEMBL54154,-6.3
SOD1,CHEMBL54159,-6.7
SOD1,CHEMBL54183,-6.3
SOD1,CHEMBL54372,-6.9
SOD1,CHEMBL54467,-6.4
SOD1,CHEMBL54470,-6.7
SOD1,CHEMBL54505,-6.8
SOD1,CHEMBL54533,-6.4
SOD1,CHEMBL54590,-6.5
SOD1,CHEMBL54613,-6.3
SOD1,CHEMBL54715,-6.6
SOD1,CHEMBL54730,-6.5
SOD1,CHEMBL54743,-6.4
SOD1,CHEMBL54750,-6.3
SOD1,CHEMBL54751,-6.4
SOD1,CHEMBL54757,-6.4
SOD1,CHEMBL54772,-6.4
SOD1,CHEMBL54800,-6.5
SOD1,CHEMBL54804,-6.8
SOD1,CHEMBL54810,-6.5
SOD1,CHEMBL54846,-6.3
SOD1,CHEMBL54856,-6.4
SOD1,CHEMBL54892,-6.5
SOD1,CHEMBL54930,-7.5
SOD1,CHEMBL54948,-6.5
SOD1,CHEMBL55035,-7.4
SOD1,CHEMBL550980,-6.4
SOD1,CHEMBL550991,-6.4
SOD1,CHEMBL551066,-6.8
SOD1,CHEMBL55117,-6.3
SOD1,CHEMBL551205,-6.6
SOD1,CHEMBL55139,-6.4
SOD1,CHEMBL55151,-6.3
SOD1,CHEMBL55155,-6.4
SOD1,CHEMBL55200,-6.6
SOD1,CHEMBL552007,-6.7
SOD1,CHEMBL552066,-6.4
SOD1,CHEMBL552100,-7.1
SOD1,CHEMBL552201,-6.3
SOD1,CHEMBL552255,-6.4
SOD1,CHEMBL552344,-6.8
SOD1,CHEMBL55305,-6.3
SOD1,CHEMBL55344,-6.3
SOD1,CHEMBL55363,-6.4
SOD1,CHEMBL55368,-6.4
SOD1,CHEMBL553693,-7.3
SOD1,CHEMBL554029,-6.4
SOD1,CHEMBL554351,-6.9
SOD1,CHEMBL554497,-6.3
SOD1,CHEMBL55516,-6.3
SOD1,CHEMBL55546,-6.3
SOD1,CHEMBL555875,-6.3
SOD1,CHEMBL555948,-7.5
SOD1,CHEMBL556180,-6.5
SOD1,CHEMBL55653,-6.3
SOD1,CHEMBL55656,-6.7
SOD1,CHEMBL55686,-6.5
SOD1,CHEMBL556916,-6.9
SOD1,CHEMBL556926,-6.3
SOD1,CHEMBL556939,-6.7
SOD1,CHEMBL556991,-6.7
SOD1,CHEMBL556992,-6.5
SOD1,CHEMBL557030,-6.3
SOD1,CHEMBL557071,-6.5
SOD1,CHEMBL557080,-6.3
SOD1,CHEMBL557083,-6.3
SOD1,CHEMBL557108,-6.9
SOD1,CHEMBL557118,-6.5
SOD1,CHEMBL557244,-6.4
SOD1,CHEMBL557263,-6.6
SOD1,CHEMBL55727,-7.0
SOD1,CHEMBL557296,-6.3
SOD1,CHEMBL55732,-6.4
SOD1,CHEMBL557330,-6.9
SOD1,CHEMBL557334,-6.7
SOD1,CHEMBL557345,-6.8
SOD1,CHEMBL557450,-6.8
SOD1,CHEMBL557471,-7.4
SOD1,CHEMBL557602,-6.4
SOD1,CHEMBL557693,-6.5
SOD1,CHEMBL557697,-6.9
SOD1,CHEMBL55770,-6.4
SOD1,CHEMBL557725,-7.2
SOD1,CHEMBL557757,-7.1
SOD1,CHEMBL55788,-6.7
SOD1,CHEMBL557910,-6.5
SOD1,CHEMBL557911,-6.8
SOD1,CHEMBL557938,-6.8
SOD1,CHEMBL557971,-6.3
SOD1,CHEMBL558025,-6.6
SOD1,CHEMBL558138,-6.6
SOD1,CHEMBL55826,-6.5
SOD1,CHEMBL558277,-6.4
SOD1,CHEMBL55828,-7.0
SOD1,CHEMBL558347,-6.7
SOD1,CHEMBL55835,-6.3
SOD1,CHEMBL558442,-6.5
SOD1,CHEMBL558443,-6.6
SOD1,CHEMBL558480,-6.3
SOD1,CHEMBL558482,-6.4
SOD1,CHEMBL558493,-6.3
SOD1,CHEMBL558669,-6.5
SOD1,CHEMBL55874,-6.4
SOD1,CHEMBL558744,-6.3
SOD1,CHEMBL558808,-6.4
SOD1,CHEMBL558845,-6.3
SOD1,CHEMBL558848,-6.3
SOD1,CHEMBL558851,-6.3
SOD1,CHEMBL558867,-6.6
SOD1,CHEMBL558869,-6.9
SOD1,CHEMBL558888,-6.8
SOD1,CHEMBL559005,-6.6
SOD1,CHEMBL559058,-6.7
SOD1,CHEMBL559064,-6.7
SOD1,CHEMBL559076,-6.6
SOD1,CHEMBL559094,-6.8
SOD1,CHEMBL559128,-6.4
SOD1,CHEMBL559234,-6.3
SOD1,CHEMBL559260,-6.3
SOD1,CHEMBL559283,-6.3
SOD1,CHEMBL55932,-6.7
SOD1,CHEMBL559330,-6.3
SOD1,CHEMBL559399,-6.4
SOD1,CHEMBL559401,-6.3
SOD1,CHEMBL559433,-6.4
SOD1,CHEMBL559504,-6.5
SOD1,CHEMBL559537,-6.3
SOD1,CHEMBL559562,-6.5
SOD1,CHEMBL559605,-6.4
SOD1,CHEMBL55962,-6.6
SOD1,CHEMBL559628,-6.4
SOD1,CHEMBL559638,-6.6
SOD1,CHEMBL559693,-6.3
SOD1,CHEMBL559778,-6.5
SOD1,CHEMBL559815,-7.3
SOD1,CHEMBL55984,-6.7
SOD1,CHEMBL559878,-6.5
SOD1,CHEMBL559897,-6.4
SOD1,CHEMBL559900,-6.6
SOD1,CHEMBL559935,-6.3
SOD1,CHEMBL559947,-6.4
SOD1,CHEMBL560063,-6.8
SOD1,CHEMBL560083,-6.3
SOD1,CHEMBL560135,-6.9
SOD1,CHEMBL560156,-6.4
SOD1,CHEMBL560201,-6.3
SOD1,CHEMBL560219,-6.3
SOD1,CHEMBL560275,-7.0
SOD1,CHEMBL560283,-6.5
SOD1,CHEMBL560301,-6.3
SOD1,CHEMBL560377,-6.6
SOD1,CHEMBL560392,-6.6
SOD1,CHEMBL560404,-6.3
SOD1,CHEMBL560522,-6.8
SOD1,CHEMBL560561,-6.3
SOD1,CHEMBL560765,-6.4
SOD1,CHEMBL560888,-6.9
SOD1,CHEMBL560891,-7.5
SOD1,CHEMBL560895,-6.5
SOD1,CHEMBL560929,-6.3
SOD1,CHEMBL56093,-6.7
SOD1,CHEMBL560953,-6.7
SOD1,CHEMBL560956,-6.4
SOD1,CHEMBL561010,-6.3
SOD1,CHEMBL561011,-6.4
SOD1,CHEMBL561015,-6.8
SOD1,CHEMBL561019,-6.6
SOD1,CHEMBL561042,-6.5
SOD1,CHEMBL561061,-6.4
SOD1,CHEMBL561101,-6.3
SOD1,CHEMBL561129,-6.3
SOD1,CHEMBL561130,-6.3
SOD1,CHEMBL561148,-6.3
SOD1,CHEMBL561162,-6.4
SOD1,CHEMBL561200,-6.7
SOD1,CHEMBL561206,-6.6
SOD1,CHEMBL561268,-7.1
SOD1,CHEMBL561291,-6.3
SOD1,CHEMBL561292,-7.5
SOD1,CHEMBL561331,-7.2
SOD1,CHEMBL561356,-6.5
SOD1,CHEMBL561370,-6.9
SOD1,CHEMBL561412,-7.1
SOD1,CHEMBL561437,-6.4
SOD1,CHEMBL561445,-6.5
SOD1,CHEMBL561526,-7.3
SOD1,CHEMBL561540,-6.6
SOD1,CHEMBL561567,-6.3
SOD1,CHEMBL561584,-6.4
SOD1,CHEMBL561610,-6.8
SOD1,CHEMBL561629,-6.3
SOD1,CHEMBL561675,-6.4
SOD1,CHEMBL561704,-6.4
SOD1,CHEMBL561738,-6.8
SOD1,CHEMBL561796,-7.1
SOD1,CHEMBL561818,-6.3
SOD1,CHEMBL56185,-6.4
SOD1,CHEMBL561880,-6.4
SOD1,CHEMBL561886,-6.6
SOD1,CHEMBL561889,-6.4
SOD1,CHEMBL561983,-6.8
SOD1,CHEMBL561986,-6.5
SOD1,CHEMBL561999,-6.4
SOD1,CHEMBL562009,-6.3
SOD1,CHEMBL562030,-6.3
SOD1,CHEMBL562034,-6.4
SOD1,CHEMBL562052,-6.3
SOD1,CHEMBL562069,-7.2
SOD1,CHEMBL562080,-6.3
SOD1,CHEMBL562099,-6.5
SOD1,CHEMBL56210,-7.1
SOD1,CHEMBL562227,-6.5
SOD1,CHEMBL562230,-6.4
SOD1,CHEMBL562302,-6.3
SOD1,CHEMBL562394,-7.1
SOD1,CHEMBL562407,-6.5
SOD1,CHEMBL562412,-7.1
SOD1,CHEMBL562426,-6.4
SOD1,CHEMBL562467,-6.4
SOD1,CHEMBL56250,-6.4
SOD1,CHEMBL562512,-6.3
SOD1,CHEMBL562670,-7.3
SOD1,CHEMBL562716,-6.3
SOD1,CHEMBL562735,-6.4
SOD1,CHEMBL562882,-6.6
SOD1,CHEMBL562905,-6.6
SOD1,CHEMBL562922,-6.5
SOD1,CHEMBL562923,-6.5
SOD1,CHEMBL562931,-6.4
SOD1,CHEMBL562947,-6.5
SOD1,CHEMBL563005,-6.7
SOD1,CHEMBL563019,-6.5
SOD1,CHEMBL563040,-6.5
SOD1,CHEMBL56307,-6.4
SOD1,CHEMBL563107,-6.3
SOD1,CHEMBL563110,-6.3
SOD1,CHEMBL563162,-6.9
SOD1,CHEMBL563189,-6.6
SOD1,CHEMBL56320,-6.6
SOD1,CHEMBL56321,-6.4
SOD1,CHEMBL563240,-6.5
SOD1,CHEMBL56325,-6.9
SOD1,CHEMBL563278,-6.5
SOD1,CHEMBL563303,-6.7
SOD1,CHEMBL563326,-6.3
SOD1,CHEMBL563340,-6.3
SOD1,CHEMBL563397,-6.7
SOD1,CHEMBL563410,-7.0
SOD1,CHEMBL563436,-7.3
SOD1,CHEMBL563452,-6.5
SOD1,CHEMBL563500,-6.4
SOD1,CHEMBL563535,-6.3
SOD1,CHEMBL563536,-6.3
SOD1,CHEMBL563543,-6.6
SOD1,CHEMBL563569,-6.3
SOD1,CHEMBL563577,-6.3
SOD1,CHEMBL56359,-6.5
SOD1,CHEMBL563590,-6.5
SOD1,CHEMBL563591,-6.8
SOD1,CHEMBL56361,-6.3
SOD1,CHEMBL563612,-6.3
SOD1,CHEMBL563712,-6.7
SOD1,CHEMBL563727,-6.9
SOD1,CHEMBL563745,-6.4
SOD1,CHEMBL563770,-6.4
SOD1,CHEMBL563799,-6.6
SOD1,CHEMBL563890,-6.4
SOD1,CHEMBL56390,-6.3
SOD1,CHEMBL563960,-6.4
SOD1,CHEMBL563968,-6.3
SOD1,CHEMBL563997,-6.3
SOD1,CHEMBL564022,-6.4
SOD1,CHEMBL564025,-6.6
SOD1,CHEMBL564030,-6.6
SOD1,CHEMBL564088,-7.4
SOD1,CHEMBL564096,-6.4
SOD1,CHEMBL56410,-6.6
SOD1,CHEMBL564118,-6.6
SOD1,CHEMBL564125,-6.5
SOD1,CHEMBL564135,-6.3
SOD1,CHEMBL564211,-6.5
SOD1,CHEMBL564243,-6.7
SOD1,CHEMBL564248,-6.5
SOD1,CHEMBL564268,-6.6
SOD1,CHEMBL564327,-6.9
SOD1,CHEMBL564354,-6.3
SOD1,CHEMBL564397,-6.6
SOD1,CHEMBL564411,-6.4
SOD1,CHEMBL56443,-6.3
SOD1,CHEMBL564436,-6.5
SOD1,CHEMBL564475,-6.3
SOD1,CHEMBL564487,-7.4
SOD1,CHEMBL56450,-6.7
SOD1,CHEMBL564527,-6.4
SOD1,CHEMBL564567,-6.5
SOD1,CHEMBL564607,-6.3
SOD1,CHEMBL564611,-6.3
SOD1,CHEMBL564783,-6.3
SOD1,CHEMBL564795,-6.6
SOD1,CHEMBL564926,-6.5
SOD1,CHEMBL564950,-6.8
SOD1,CHEMBL564972,-6.8
SOD1,CHEMBL564985,-6.3
SOD1,CHEMBL565063,-6.3
SOD1,CHEMBL565073,-6.6
SOD1,CHEMBL56516,-6.8
SOD1,CHEMBL565164,-6.4
SOD1,CHEMBL565211,-6.4
SOD1,CHEMBL565232,-6.4
SOD1,CHEMBL565234,-6.3
SOD1,CHEMBL565235,-6.6
SOD1,CHEMBL565255,-6.3
SOD1,CHEMBL565310,-6.5
SOD1,CHEMBL565328,-7.2
SOD1,CHEMBL565330,-6.4
SOD1,CHEMBL565350,-6.7
SOD1,CHEMBL565356,-6.8
SOD1,CHEMBL565369,-6.5
SOD1,CHEMBL565377,-6.4
SOD1,CHEMBL565391,-6.4
SOD1,CHEMBL565408,-6.3
SOD1,CHEMBL565411,-6.4
SOD1,CHEMBL565418,-6.7
SOD1,CHEMBL565447,-6.4
SOD1,CHEMBL565478,-6.4
SOD1,CHEMBL565539,-7.0
SOD1,CHEMBL565544,-6.4
SOD1,CHEMBL565549,-6.5
SOD1,CHEMBL56555,-6.3
SOD1,CHEMBL565553,-7.0
SOD1,CHEMBL565554,-6.5
SOD1,CHEMBL565559,-6.4
SOD1,CHEMBL565564,-6.3
SOD1,CHEMBL565614,-6.6
SOD1,CHEMBL565649,-6.4
SOD1,CHEMBL565672,-6.3
SOD1,CHEMBL565686,-6.4
SOD1,CHEMBL565751,-6.3
SOD1,CHEMBL565784,-6.3
SOD1,CHEMBL565790,-6.3
SOD1,CHEMBL56580,-6.3
SOD1,CHEMBL565839,-6.7
SOD1,CHEMBL565857,-6.5
SOD1,CHEMBL565881,-6.3
SOD1,CHEMBL565883,-6.7
SOD1,CHEMBL565921,-6.5
SOD1,CHEMBL565933,-6.9
SOD1,CHEMBL565939,-6.3
SOD1,CHEMBL565941,-6.4
SOD1,CHEMBL565942,-6.3
SOD1,CHEMBL566017,-6.7
SOD1,CHEMBL566022,-6.3
SOD1,CHEMBL566030,-7.2
SOD1,CHEMBL566037,-6.3
SOD1,CHEMBL566045,-6.4
SOD1,CHEMBL566054,-6.5
SOD1,CHEMBL566099,-6.3
SOD1,CHEMBL566100,-6.7
SOD1,CHEMBL566148,-6.3
SOD1,CHEMBL566155,-6.9
SOD1,CHEMBL566172,-6.6
SOD1,CHEMBL566192,-6.9
SOD1,CHEMBL566197,-6.3
SOD1,CHEMBL566214,-6.3
SOD1,CHEMBL566219,-6.5
SOD1,CHEMBL566226,-6.3
SOD1,CHEMBL566263,-6.3
SOD1,CHEMBL566314,-6.9
SOD1,CHEMBL566345,-6.4
SOD1,CHEMBL566356,-6.5
SOD1,CHEMBL566380,-6.4
SOD1,CHEMBL566395,-6.3
SOD1,CHEMBL566396,-6.6
SOD1,CHEMBL566401,-6.6
SOD1,CHEMBL566402,-7.0
SOD1,CHEMBL566413,-6.3
SOD1,CHEMBL566415,-6.4
SOD1,CHEMBL56642,-6.4
SOD1,CHEMBL566464,-6.3
SOD1,CHEMBL566486,-6.4
SOD1,CHEMBL566505,-6.3
SOD1,CHEMBL566509,-6.3
SOD1,CHEMBL566540,-6.4
SOD1,CHEMBL566961,-6.3
SOD1,CHEMBL567047,-6.6
SOD1,CHEMBL567845,-6.4
SOD1,CHEMBL56849,-6.5
SOD1,CHEMBL568580,-6.5
SOD1,CHEMBL56864,-6.4
SOD1,CHEMBL56867,-6.5
SOD1,CHEMBL56875,-6.3
SOD1,CHEMBL56893,-7.6
SOD1,CHEMBL56904,-6.9
SOD1,CHEMBL569490,-6.4
SOD1,CHEMBL569656,-6.4
SOD1,CHEMBL56978,-6.3
SOD1,CHEMBL56979,-6.3
SOD1,CHEMBL56995,-6.7
SOD1,CHEMBL57039,-6.4
SOD1,CHEMBL57044,-6.5
SOD1,CHEMBL57047,-6.4
SOD1,CHEMBL57084,-6.4
SOD1,CHEMBL57148,-6.4
SOD1,CHEMBL57180,-6.5
SOD1,CHEMBL57198,-6.3
SOD1,CHEMBL57325,-6.4
SOD1,CHEMBL57351,-6.8
SOD1,CHEMBL57388,-6.4
SOD1,CHEMBL57417,-6.3
SOD1,CHEMBL57429,-6.3
SOD1,CHEMBL57444,-6.3
SOD1,CHEMBL57479,-6.6
SOD1,CHEMBL574800,-7.2
SOD1,CHEMBL57557,-6.3
SOD1,CHEMBL57559,-6.4
SOD1,CHEMBL57560,-6.7
SOD1,CHEMBL57587,-6.9
SOD1,CHEMBL57611,-6.3
SOD1,CHEMBL57617,-6.6
SOD1,CHEMBL57640,-6.4
SOD1,CHEMBL57653,-7.6
SOD1,CHEMBL57699,-6.4
SOD1,CHEMBL57737,-6.3
SOD1,CHEMBL57779,-6.6
SOD1,CHEMBL57821,-6.5
SOD1,CHEMBL57830,-6.8
SOD1,CHEMBL57850,-6.3
SOD1,CHEMBL57902,-6.4
SOD1,CHEMBL57931,-6.3
SOD1,CHEMBL57964,-6.5
SOD1,CHEMBL57980,-6.8
SOD1,CHEMBL57992,-6.4
SOD1,CHEMBL58051,-6.3
SOD1,CHEMBL58104,-6.4
SOD1,CHEMBL581092,-6.4
SOD1,CHEMBL58110,-6.5
SOD1,CHEMBL58116,-7.6
SOD1,CHEMBL58170,-6.5
SOD1,CHEMBL58215,-6.5
SOD1,CHEMBL582221,-6.7
SOD1,CHEMBL58258,-6.3
SOD1,CHEMBL58334,-6.3
SOD1,CHEMBL58375,-6.7
SOD1,CHEMBL58393,-6.5
SOD1,CHEMBL58396,-6.4
SOD1,CHEMBL58428,-7.9
SOD1,CHEMBL58440,-6.3
SOD1,CHEMBL58443,-6.6
SOD1,CHEMBL58449,-6.3
SOD1,CHEMBL58515,-6.7
SOD1,CHEMBL58524,-6.4
SOD1,CHEMBL58553,-6.4
SOD1,CHEMBL58577,-6.3
SOD1,CHEMBL58580,-6.5
SOD1,CHEMBL58593,-6.4
SOD1,CHEMBL58676,-6.4
SOD1,CHEMBL58734,-6.5
SOD1,CHEMBL58818,-6.3
SOD1,CHEMBL58829,-6.9
SOD1,CHEMBL58897,-6.4
SOD1,CHEMBL58905,-6.3
SOD1,CHEMBL58926,-6.6
SOD1,CHEMBL58936,-6.3
SOD1,CHEMBL58999,-6.5
SOD1,CHEMBL59009,-6.5
SOD1,CHEMBL59036,-7.1
SOD1,CHEMBL59098,-7.0
SOD1,CHEMBL59137,-6.3
SOD1,CHEMBL59195,-6.3
SOD1,CHEMBL59209,-6.4
SOD1,CHEMBL59231,-6.3
SOD1,CHEMBL592411,-6.5
SOD1,CHEMBL59252,-6.8
SOD1,CHEMBL592631,-6.6
SOD1,CHEMBL59273,-6.6
SOD1,CHEMBL59285,-6.9
SOD1,CHEMBL59384,-6.8
SOD1,CHEMBL59400,-6.7
SOD1,CHEMBL59437,-6.9
SOD1,CHEMBL59475,-6.7
SOD1,CHEMBL59527,-6.5
SOD1,CHEMBL59583,-6.3
SOD1,CHEMBL59590,-7.0
SOD1,CHEMBL59618,-6.3
SOD1,CHEMBL596211,-6.3
SOD1,CHEMBL59634,-6.6
SOD1,CHEMBL59642,-6.6
SOD1,CHEMBL59704,-6.6
SOD1,CHEMBL59758,-6.3
SOD1,CHEMBL59760,-6.8
SOD1,CHEMBL59918,-7.7
SOD1,CHEMBL59964,-6.5
SOD1,CHEMBL601080,-6.9
SOD1,CHEMBL60165,-6.4
SOD1,CHEMBL60232,-6.9
SOD1,CHEMBL603,-6.4
SOD1,CHEMBL60330,-6.3
SOD1,CHEMBL603312,-6.3
SOD1,CHEMBL60339,-6.5
SOD1,CHEMBL60461,-6.5
SOD1,CHEMBL60519,-6.5
SOD1,CHEMBL60536,-6.7
SOD1,CHEMBL60537,-6.5
SOD1,CHEMBL60562,-6.3
SOD1,CHEMBL60564,-6.5
SOD1,CHEMBL60572,-6.7
SOD1,CHEMBL60608,-6.5
SOD1,CHEMBL60622,-6.3
SOD1,CHEMBL60635,-6.3
SOD1,CHEMBL60639,-6.6
SOD1,CHEMBL60707,-6.4
SOD1,CHEMBL60729,-6.4
SOD1,CHEMBL60748,-6.4
SOD1,CHEMBL60770,-6.3
SOD1,CHEMBL60836,-6.6
SOD1,CHEMBL60852,-6.3
SOD1,CHEMBL60865,-7.0
SOD1,CHEMBL60872,-6.4
SOD1,CHEMBL60876,-6.5
SOD1,CHEMBL608971,-6.4
SOD1,CHEMBL60912,-6.4
SOD1,CHEMBL60924,-6.4
SOD1,CHEMBL60926,-6.4
SOD1,CHEMBL60955,-6.3
SOD1,CHEMBL61011,-6.3
SOD1,CHEMBL61073,-6.4
SOD1,CHEMBL610757,-6.6
SOD1,CHEMBL610759,-6.5
SOD1,CHEMBL61082,-6.8
SOD1,CHEMBL61125,-6.6
SOD1,CHEMBL61132,-6.5
SOD1,CHEMBL61145,-6.3
SOD1,CHEMBL61149,-6.5
SOD1,CHEMBL61196,-6.3
SOD1,CHEMBL61290,-6.6
SOD1,CHEMBL61362,-6.4
SOD1,CHEMBL61442,-7.0
SOD1,CHEMBL61495,-6.4
SOD1,CHEMBL61497,-6.9
SOD1,CHEMBL61534,-6.6
SOD1,CHEMBL61579,-7.5
SOD1,CHEMBL61597,-6.5
SOD1,CHEMBL61609,-6.4
SOD1,CHEMBL61643,-6.6
SOD1,CHEMBL61654,-6.3
SOD1,CHEMBL61667,-6.9
SOD1,CHEMBL61681,-6.3
SOD1,CHEMBL61683,-6.7
SOD1,CHEMBL61685,-6.3
SOD1,CHEMBL61708,-6.4
SOD1,CHEMBL61790,-6.4
SOD1,CHEMBL61804,-6.4
SOD1,CHEMBL61822,-6.5
SOD1,CHEMBL61824,-6.9
SOD1,CHEMBL61847,-6.3
SOD1,CHEMBL61852,-6.3
SOD1,CHEMBL62068,-6.7
SOD1,CHEMBL6207,-8.0
SOD1,CHEMBL62071,-6.5
SOD1,CHEMBL62089,-6.3
SOD1,CHEMBL62094,-6.4
SOD1,CHEMBL62110,-6.4
SOD1,CHEMBL62131,-6.6
SOD1,CHEMBL62166,-6.8
SOD1,CHEMBL62200,-6.3
SOD1,CHEMBL62275,-6.6
SOD1,CHEMBL62279,-6.4
SOD1,CHEMBL62289,-6.3
SOD1,CHEMBL62290,-6.8
SOD1,CHEMBL62295,-6.6
SOD1,CHEMBL62322,-6.3
SOD1,CHEMBL62397,-6.7
SOD1,CHEMBL62411,-7.5
SOD1,CHEMBL62438,-6.4
SOD1,CHEMBL62470,-6.8
SOD1,CHEMBL62478,-6.3
SOD1,CHEMBL62509,-6.4
SOD1,CHEMBL62528,-6.3
SOD1,CHEMBL62529,-6.5
SOD1,CHEMBL62563,-6.9
SOD1,CHEMBL62569,-6.6
SOD1,CHEMBL62609,-6.4
SOD1,CHEMBL62614,-6.8
SOD1,CHEMBL62618,-7.2
SOD1,CHEMBL62740,-6.5
SOD1,CHEMBL62746,-6.5
SOD1,CHEMBL62750,-6.8
SOD1,CHEMBL62784,-6.5
SOD1,CHEMBL62830,-6.3
SOD1,CHEMBL62843,-6.3
SOD1,CHEMBL62846,-6.5
SOD1,CHEMBL62877,-6.4
SOD1,CHEMBL62914,-6.3
SOD1,CHEMBL6293,-6.6
SOD1,CHEMBL62963,-6.9
SOD1,CHEMBL62969,-7.0
SOD1,CHEMBL62972,-6.4
SOD1,CHEMBL62995,-6.4
SOD1,CHEMBL63111,-6.5
SOD1,CHEMBL63138,-6.5
SOD1,CHEMBL6315,-6.5
SOD1,CHEMBL63181,-6.6
SOD1,CHEMBL63192,-7.1
SOD1,CHEMBL63226,-6.8
SOD1,CHEMBL63235,-6.4
SOD1,CHEMBL63264,-6.5
SOD1,CHEMBL63292,-6.3
SOD1,CHEMBL63334,-6.5
SOD1,CHEMBL63354,-6.3
SOD1,CHEMBL63401,-6.3
SOD1,CHEMBL63475,-6.3
SOD1,CHEMBL63518,-6.3
SOD1,CHEMBL6354,-7.0
SOD1,CHEMBL6356,-7.3
SOD1,CHEMBL6361,-6.5
SOD1,CHEMBL63636,-6.5
SOD1,CHEMBL63672,-6.5
SOD1,CHEMBL63677,-6.4
SOD1,CHEMBL63710,-6.8
SOD1,CHEMBL63757,-6.5
SOD1,CHEMBL63770,-6.7
SOD1,CHEMBL63792,-6.8
SOD1,CHEMBL63819,-6.4
SOD1,CHEMBL63861,-6.3
SOD1,CHEMBL63863,-6.6
SOD1,CHEMBL63864,-6.5
SOD1,CHEMBL63887,-6.3
SOD1,CHEMBL63914,-6.3
SOD1,CHEMBL63918,-6.3
SOD1,CHEMBL63919,-6.5
SOD1,CHEMBL63943,-6.3
SOD1,CHEMBL63972,-6.4
SOD1,CHEMBL63973,-6.3
SOD1,CHEMBL63983,-6.4
SOD1,CHEMBL6402,-6.5
SOD1,CHEMBL64051,-6.4
SOD1,CHEMBL64065,-6.4
SOD1,CHEMBL64198,-6.4
SOD1,CHEMBL64262,-6.6
SOD1,CHEMBL64285,-6.5
SOD1,CHEMBL6432,-6.4
SOD1,CHEMBL64355,-6.5
SOD1,CHEMBL64437,-6.3
SOD1,CHEMBL64539,-6.5
SOD1,CHEMBL64687,-6.4
SOD1,CHEMBL64763,-6.4
SOD1,CHEMBL64783,-6.6
SOD1,CHEMBL64796,-6.4
SOD1,CHEMBL64822,-6.3
SOD1,CHEMBL64858,-6.3
SOD1,CHEMBL64913,-6.4
SOD1,CHEMBL64947,-6.6
SOD1,CHEMBL64991,-6.3
SOD1,CHEMBL64993,-6.3
SOD1,CHEMBL65001,-6.5
SOD1,CHEMBL65010,-6.5
SOD1,CHEMBL65065,-6.9
SOD1,CHEMBL65066,-6.5
SOD1,CHEMBL65132,-6.4
SOD1,CHEMBL65138,-6.6
SOD1,CHEMBL65147,-6.8
SOD1,CHEMBL65159,-6.7
SOD1,CHEMBL65205,-6.7
SOD1,CHEMBL65299,-6.5
SOD1,CHEMBL6572,-6.4
SOD1,CHEMBL6599,-6.4
SOD1,CHEMBL66112,-6.3
SOD1,CHEMBL6618,-6.9
SOD1,CHEMBL6653,-6.5
SOD1,CHEMBL66647,-6.5
SOD1,CHEMBL6673,-6.5
SOD1,CHEMBL6686,-7.1
SOD1,CHEMBL6693,-6.9
SOD1,CHEMBL6726,-6.6
SOD1,CHEMBL6748,-6.4
SOD1,CHEMBL6759,-6.4
SOD1,CHEMBL6884,-6.7
SOD1,CHEMBL6897,-6.8
SOD1,CHEMBL6905,-6.9
SOD1,CHEMBL6912,-6.6
SOD1,CHEMBL6914,-6.3
SOD1,CHEMBL6925,-6.4
SOD1,CHEMBL6926,-6.5
SOD1,CHEMBL6929,-7.1
SOD1,CHEMBL6933,-6.5
SOD1,CHEMBL6942,-6.6
SOD1,CHEMBL6947,-6.8
SOD1,CHEMBL6949,-6.5
SOD1,CHEMBL6967,-7.1
SOD1,CHEMBL6969,-6.4
SOD1,CHEMBL6975,-6.9
SOD1,CHEMBL6979,-7.5
SOD1,CHEMBL6982,-6.3
SOD1,CHEMBL6991,-7.1
SOD1,CHEMBL7027,-6.9
SOD1,CHEMBL7029,-6.5
SOD1,CHEMBL7035,-6.6
SOD1,CHEMBL7049,-7.2
SOD1,CHEMBL7050,-7.1
SOD1,CHEMBL7051,-6.3
SOD1,CHEMBL7102,-6.5
SOD1,CHEMBL7104,-6.5
SOD1,CHEMBL7134,-7.2
SOD1,CHEMBL7136,-7.3
SOD1,CHEMBL7157,-6.5
SOD1,CHEMBL7167,-6.3
SOD1,CHEMBL7176,-7.5
SOD1,CHEMBL7189,-6.8
SOD1,CHEMBL7276,-6.5
SOD1,CHEMBL7285,-6.6
SOD1,CHEMBL7316,-6.3
SOD1,CHEMBL7347,-7.1
SOD1,CHEMBL7358,-6.6
SOD1,CHEMBL7367,-6.4
SOD1,CHEMBL7391,-6.4
SOD1,CHEMBL7403,-7.4
SOD1,CHEMBL7427,-6.4
SOD1,CHEMBL7495,-6.6
SOD1,CHEMBL7611,-6.6
SOD1,CHEMBL7624,-6.5
SOD1,CHEMBL7684,-6.5
SOD1,CHEMBL7719,-6.6
SOD1,CHEMBL7735,-6.3
SOD1,CHEMBL7748,-6.5
SOD1,CHEMBL7790,-6.5
SOD1,CHEMBL7928,-6.3
SOD1,CHEMBL7967,-6.5
SOD1,CHEMBL8020,-6.6
SOD1,CHEMBL8129,-6.5
SOD1,CHEMBL8133,-6.5
SOD1,CHEMBL8208,-6.3
SOD1,CHEMBL8309,-6.5
SOD1,CHEMBL8387,-6.3
SOD1,CHEMBL8432,-6.6
SOD1,CHEMBL8447,-6.6
SOD1,CHEMBL8485,-6.3
SOD1,CHEMBL8496,-6.4
SOD1,CHEMBL8546,-6.3
SOD1,CHEMBL8553,-6.4
SOD1,CHEMBL8574,-6.4
SOD1,CHEMBL8686,-6.5
SOD1,CHEMBL8779,-6.3
SOD1,CHEMBL8935,-6.7
SOD1,CHEMBL8943,-6.5
SOD1,CHEMBL8949,-6.4
SOD1,CHEMBL8954,-6.6
SOD1,CHEMBL8980,-6.6
SOD1,CHEMBL9086,-6.5
SOD1,CHEMBL9111,-6.5
SOD1,CHEMBL9171,-6.6
SOD1,CHEMBL9192,-6.3
SOD1,CHEMBL9250,-6.4
SOD1,CHEMBL9287,-6.3
SOD1,CHEMBL9312,-6.4
SOD1,CHEMBL9363,-6.3
SOD1,CHEMBL9368,-6.3
SOD1,CHEMBL9391,-6.8
SOD1,CHEMBL941,-7.0
SOD1,CHEMBL9412,-7.5
SOD1,CHEMBL9415,-6.3
SOD1,CHEMBL9461,-6.5
SOD1,CHEMBL9464,-6.6
SOD1,CHEMBL9465,-6.3
SOD1,CHEMBL9500,-6.4
SOD1,CHEMBL9506,-6.6
SOD1,CHEMBL9510,-6.5
SOD1,CHEMBL9521,-6.4
SOD1,CHEMBL9531,-6.7
SOD1,CHEMBL9582,-6.6
SOD1,CHEMBL9616,-6.3
SOD1,CHEMBL9659,-6.3
SOD1,CHEMBL9671,-6.4
SOD1,CHEMBL9757,-6.4
SOD1,CHEMBL9832,-6.3
SOD1,CHEMBL9961,-6.3
SOD1,DELAFLOXACIN,-6.5
SOD1,DEXAMETHASONE,-6.6
SOD1,DEXAMETHASONE PHOSPHORIC ACID,-6.6
SOD1,DIGITOXIN,-7.0
SOD1,DIHYDROERGOTAMINE,-7.0
SOD1,DIHYDROSTREPTOMYCIN,-6.5
SOD1,DUVELISIB,-6.4
SOD1,EPLERENONE,-6.5
SOD1,ERGOTAMINE,-6.8
SOD1,ETRASIMOD,-6.4
SOD1,FEXOFENADINE,-6.3
SOD1,GLASDEGIB,-6.5
SOD1,GLIBORNURIDE,-6.5
SOD1,GLIPIZIDE,-6.4
SOD1,IMATINIB,-6.9
SOD1,INDACATEROL,-6.5
SOD1,IPRAGLIFLOZIN,-6.4
SOD1,IRINOTECAN,-6.3
SOD1,LUMACAFTOR,-6.3
SOD1,MIDOSTAURIN,-6.6
SOD1,NALDEMEDINE,-7.1
SOD1,NEBIVOLOL,-6.3
SOD1,NICERGOLINE,-6.3
SOD1,NILOTINIB,-6.6
SOD1,NIRAPARIB,-6.3
SOD1,NOVOBIOCIN,-6.5
SOD1,OXYPHENISATINE,-6.4
SOD1,OXYTETRACYCLINE,-6.6
SOD1,PEFICITINIB,-6.5
SOD1,PIMOZIDE,-6.3
SOD1,PIRTOBRUTINIB,-6.3
SOD1,POSACONAZOLE,-6.7
SOD1,RAMATROBAN,-6.3
SOD1,REVEFENACIN,-6.6
SOD1,SELINEXOR,-6.4
SOD1,TALAZOPARIB,-6.3
SOD1,TEDIZOLID PHOSPHATE,-6.6
SOD1,TEMAFLOXACIN,-6.3
SOD1,TEMOPORFIN,-7.5
SOD1,TRIAMCINOLONE,-7.0
SOD1,TRILACICLIB,-6.7
SOD1,TROGLITAZONE,-6.8
SOD1,TUCATINIB,-6.8
SOD1,UBROGEPANT,-6.7
SOD1,UMBRALISIB,-6.4
SOD1,Ursolic_Acid,-6.3
SOD1,VIBEGRON,-6.9
SOD1,VILAZODONE,-6.4
SOD1,ZAVEGEPANT,-7.0
TDP43_v2,ANTRAFENINE,-9.2
TDP43_v2,APOMORPHINE,-8.8
TDP43_v2,ASTEMIZOLE,-8.4
TDP43_v2,ATOGEPANT,-8.4
TDP43_v2,AVACOPAN,-8.6
TDP43_v2,BELUMOSUDIL,-9.3
TDP43_v2,BENPERIDOL,-8.5
TDP43_v2,BUCLIZINE,-8.5
TDP43_v2,CAPMATINIB,-10.1
TDP43_v2,CHEMBL10031,-9.0
TDP43_v2,CHEMBL10059,-8.8
TDP43_v2,CHEMBL10072,-8.8
TDP43_v2,CHEMBL10076,-8.6
TDP43_v2,CHEMBL10094,-8.4
TDP43_v2,CHEMBL10098,-8.6
TDP43_v2,CHEMBL10160,-8.5
TDP43_v2,CHEMBL10180,-8.4
TDP43_v2,CHEMBL10231,-8.4
TDP43_v2,CHEMBL10251,-8.4
TDP43_v2,CHEMBL10254,-8.4
TDP43_v2,CHEMBL10407,-8.4
TDP43_v2,CHEMBL10448,-8.5
TDP43_v2,CHEMBL10456,-8.4
TDP43_v2,CHEMBL10499,-8.4
TDP43_v2,CHEMBL10536,-8.9
TDP43_v2,CHEMBL10552,-8.4
TDP43_v2,CHEMBL10555,-9.3
TDP43_v2,CHEMBL10633,-8.8
TDP43_v2,CHEMBL10634,-8.4
TDP43_v2,CHEMBL10723,-8.8
TDP43_v2,CHEMBL10735,-8.7
TDP43_v2,CHEMBL10750,-8.5
TDP43_v2,CHEMBL10760,-8.7
TDP43_v2,CHEMBL1076214,-8.7
TDP43_v2,CHEMBL1076656,-8.4
TDP43_v2,CHEMBL1077407,-8.7
TDP43_v2,CHEMBL10784,-9.3
TDP43_v2,CHEMBL1078513,-8.9
TDP43_v2,CHEMBL10826,-9.3
TDP43_v2,CHEMBL1089470,-9.2
TDP43_v2,CHEMBL1089969,-9.0
TDP43_v2,CHEMBL1090356,-8.8
TDP43_v2,CHEMBL1090649,-8.6
TDP43_v2,CHEMBL1091702,-8.4
TDP43_v2,CHEMBL1091740,-8.8
TDP43_v2,CHEMBL1092134,-9.5
TDP43_v2,CHEMBL1094870,-8.4
TDP43_v2,CHEMBL1095192,-8.6
TDP43_v2,CHEMBL10971,-8.4
TDP43_v2,CHEMBL1097899,-8.7
TDP43_v2,CHEMBL10981,-8.5
TDP43_v2,CHEMBL11014,-8.7
TDP43_v2,CHEMBL11024,-9.0
TDP43_v2,CHEMBL11025,-9.3
TDP43_v2,CHEMBL11131,-9.1
TDP43_v2,CHEMBL11149,-8.4
TDP43_v2,CHEMBL11174,-8.4
TDP43_v2,CHEMBL11243,-8.4
TDP43_v2,CHEMBL11349,-8.8
TDP43_v2,CHEMBL11370,-8.5
TDP43_v2,CHEMBL11435,-8.9
TDP43_v2,CHEMBL11508,-8.7
TDP43_v2,CHEMBL11509,-8.5
TDP43_v2,CHEMBL11532,-8.7
TDP43_v2,CHEMBL11533,-9.3
TDP43_v2,CHEMBL11550,-8.6
TDP43_v2,CHEMBL1162097,-9.7
TDP43_v2,CHEMBL11625,-9.6
TDP43_v2,CHEMBL1163203,-9.1
TDP43_v2,CHEMBL1163204,-8.5
TDP43_v2,CHEMBL1163216,-8.6
TDP43_v2,CHEMBL1163217,-9.1
TDP43_v2,CHEMBL1163227,-8.8
TDP43_v2,CHEMBL1163245,-8.6
TDP43_v2,CHEMBL1163325,-9.7
TDP43_v2,CHEMBL1163360,-9.0
TDP43_v2,CHEMBL1163458,-9.0
TDP43_v2,CHEMBL1163487,-8.7
TDP43_v2,CHEMBL1163498,-8.8
TDP43_v2,CHEMBL1163505,-8.5
TDP43_v2,CHEMBL1163508,-8.6
TDP43_v2,CHEMBL1163511,-8.4
TDP43_v2,CHEMBL1163518,-9.6
TDP43_v2,CHEMBL1163540,-9.6
TDP43_v2,CHEMBL1163545,-9.5
TDP43_v2,CHEMBL1163553,-9.3
TDP43_v2,CHEMBL1163559,-9.8
TDP43_v2,CHEMBL1163565,-8.7
TDP43_v2,CHEMBL1163566,-8.7
TDP43_v2,CHEMBL1163581,-8.4
TDP43_v2,CHEMBL1163584,-8.8
TDP43_v2,CHEMBL1163605,-9.5
TDP43_v2,CHEMBL1163606,-9.0
TDP43_v2,CHEMBL1163607,-8.4
TDP43_v2,CHEMBL11687,-8.7
TDP43_v2,CHEMBL11708,-8.5
TDP43_v2,CHEMBL11745,-9.2
TDP43_v2,CHEMBL11765,-8.5
TDP43_v2,CHEMBL11768,-8.8
TDP43_v2,CHEMBL11778,-9.5
TDP43_v2,CHEMBL11782,-8.8
TDP43_v2,CHEMBL11785,-8.9
TDP43_v2,CHEMBL11786,-9.0
TDP43_v2,CHEMBL1178861,-9.2
TDP43_v2,CHEMBL11791,-8.6
TDP43_v2,CHEMBL11812,-9.5
TDP43_v2,CHEMBL1183295,-8.4
TDP43_v2,CHEMBL1183442,-8.5
TDP43_v2,CHEMBL11836,-8.4
TDP43_v2,CHEMBL11895,-8.5
TDP43_v2,CHEMBL11899,-9.3
TDP43_v2,CHEMBL11905,-9.2
TDP43_v2,CHEMBL11920,-8.8
TDP43_v2,CHEMBL11921,-8.4
TDP43_v2,CHEMBL11950,-8.5
TDP43_v2,CHEMBL12004,-8.7
TDP43_v2,CHEMBL1200681,-8.8
TDP43_v2,CHEMBL12018,-9.3
TDP43_v2,CHEMBL12036,-8.8
TDP43_v2,CHEMBL1204490,-8.7
TDP43_v2,CHEMBL1204537,-8.8
TDP43_v2,CHEMBL1206282,-8.5
TDP43_v2,CHEMBL1206351,-9.4
TDP43_v2,CHEMBL12064,-8.8
TDP43_v2,CHEMBL1206417,-8.7
TDP43_v2,CHEMBL1206448,-8.7
TDP43_v2,CHEMBL1206453,-8.5
TDP43_v2,CHEMBL1206471,-8.9
TDP43_v2,CHEMBL1206500,-9.2
TDP43_v2,CHEMBL1206507,-8.7
TDP43_v2,CHEMBL1206701,-8.9
TDP43_v2,CHEMBL1206704,-8.4
TDP43_v2,CHEMBL1206876,-8.4
TDP43_v2,CHEMBL1206916,-8.5
TDP43_v2,CHEMBL1207005,-8.5
TDP43_v2,CHEMBL1207187,-8.5
TDP43_v2,CHEMBL1207239,-8.8
TDP43_v2,CHEMBL1207287,-8.6
TDP43_v2,CHEMBL1207384,-8.4
TDP43_v2,CHEMBL1207392,-8.4
TDP43_v2,CHEMBL1207472,-8.4
TDP43_v2,CHEMBL1207567,-8.8
TDP43_v2,CHEMBL1207638,-8.4
TDP43_v2,CHEMBL1207695,-8.5
TDP43_v2,CHEMBL1207916,-8.5
TDP43_v2,CHEMBL1207920,-9.1
TDP43_v2,CHEMBL1208034,-8.4
TDP43_v2,CHEMBL1208083,-8.7
TDP43_v2,CHEMBL1208131,-8.7
TDP43_v2,CHEMBL1208432,-8.4
TDP43_v2,CHEMBL1208433,-8.9
TDP43_v2,CHEMBL1208809,-8.4
TDP43_v2,CHEMBL1208812,-8.9
TDP43_v2,CHEMBL1210014,-8.4
TDP43_v2,CHEMBL1210092,-8.5
TDP43_v2,CHEMBL1210149,-9.0
TDP43_v2,CHEMBL1210444,-9.2
TDP43_v2,CHEMBL1210487,-8.4
TDP43_v2,CHEMBL1210488,-8.7
TDP43_v2,CHEMBL1210515,-9.3
TDP43_v2,CHEMBL1210517,-8.8
TDP43_v2,CHEMBL1210518,-8.5
TDP43_v2,CHEMBL1210537,-8.4
TDP43_v2,CHEMBL1210538,-8.7
TDP43_v2,CHEMBL1210539,-9.7
TDP43_v2,CHEMBL1210540,-8.6
TDP43_v2,CHEMBL1210547,-8.4
TDP43_v2,CHEMBL1210551,-8.8
TDP43_v2,CHEMBL1210552,-8.4
TDP43_v2,CHEMBL1210579,-8.5
TDP43_v2,CHEMBL1210605,-9.3
TDP43_v2,CHEMBL1210606,-8.8
TDP43_v2,CHEMBL1210612,-8.4
TDP43_v2,CHEMBL1210614,-8.4
TDP43_v2,CHEMBL1210640,-9.1
TDP43_v2,CHEMBL1210641,-8.7
TDP43_v2,CHEMBL1210643,-9.3
TDP43_v2,CHEMBL1210671,-8.8
TDP43_v2,CHEMBL1210672,-8.5
TDP43_v2,CHEMBL1210674,-8.4
TDP43_v2,CHEMBL1210675,-8.6
TDP43_v2,CHEMBL1210677,-8.8
TDP43_v2,CHEMBL1210718,-9.0
TDP43_v2,CHEMBL1210729,-8.4
TDP43_v2,CHEMBL1210731,-8.4
TDP43_v2,CHEMBL1210736,-8.6
TDP43_v2,CHEMBL1210737,-8.7
TDP43_v2,CHEMBL1210767,-9.1
TDP43_v2,CHEMBL1210783,-8.5
TDP43_v2,CHEMBL1210800,-9.2
TDP43_v2,CHEMBL1210801,-8.6
TDP43_v2,CHEMBL1210803,-9.4
TDP43_v2,CHEMBL1210805,-9.2
TDP43_v2,CHEMBL1210813,-8.5
TDP43_v2,CHEMBL1210814,-8.7
TDP43_v2,CHEMBL1210815,-8.7
TDP43_v2,CHEMBL1210816,-8.4
TDP43_v2,CHEMBL1210840,-8.5
TDP43_v2,CHEMBL1210863,-8.7
TDP43_v2,CHEMBL1210866,-8.8
TDP43_v2,CHEMBL1210872,-8.9
TDP43_v2,CHEMBL1210874,-9.2
TDP43_v2,CHEMBL1210877,-8.8
TDP43_v2,CHEMBL1210902,-8.6
TDP43_v2,CHEMBL1210963,-9.3
TDP43_v2,CHEMBL1214096,-9.2
TDP43_v2,CHEMBL12143,-8.4
TDP43_v2,CHEMBL1214531,-8.4
TDP43_v2,CHEMBL12225,-8.6
TDP43_v2,CHEMBL1222706,-9.2
TDP43_v2,CHEMBL12228,-8.8
TDP43_v2,CHEMBL12312,-8.7
TDP43_v2,CHEMBL12375,-8.7
TDP43_v2,CHEMBL1240561,-8.5
TDP43_v2,CHEMBL12416,-9.0
TDP43_v2,CHEMBL1242061,-8.5
TDP43_v2,CHEMBL1242261,-8.5
TDP43_v2,CHEMBL1242312,-8.6
TDP43_v2,CHEMBL1242334,-8.6
TDP43_v2,CHEMBL1242341,-8.5
TDP43_v2,CHEMBL1242342,-8.4
TDP43_v2,CHEMBL1242345,-9.4
TDP43_v2,CHEMBL1242353,-8.7
TDP43_v2,CHEMBL1242382,-8.7
TDP43_v2,CHEMBL1242434,-8.4
TDP43_v2,CHEMBL1242447,-8.8
TDP43_v2,CHEMBL1242461,-8.4
TDP43_v2,CHEMBL1242495,-9.2
TDP43_v2,CHEMBL1242504,-8.6
TDP43_v2,CHEMBL1242539,-8.6
TDP43_v2,CHEMBL1242623,-9.4
TDP43_v2,CHEMBL1242630,-8.7
TDP43_v2,CHEMBL1242631,-8.7
TDP43_v2,CHEMBL1242676,-8.8
TDP43_v2,CHEMBL1242683,-8.9
TDP43_v2,CHEMBL1242713,-8.5
TDP43_v2,CHEMBL1242739,-9.1
TDP43_v2,CHEMBL1242758,-8.6
TDP43_v2,CHEMBL1242767,-8.4
TDP43_v2,CHEMBL1242769,-8.4
TDP43_v2,CHEMBL1242790,-8.6
TDP43_v2,CHEMBL1242809,-8.7
TDP43_v2,CHEMBL1242810,-10.0
TDP43_v2,CHEMBL1242815,-8.7
TDP43_v2,CHEMBL1242817,-8.7
TDP43_v2,CHEMBL1242835,-8.5
TDP43_v2,CHEMBL1242845,-8.9
TDP43_v2,CHEMBL1242888,-8.6
TDP43_v2,CHEMBL1242905,-10.0
TDP43_v2,CHEMBL1242906,-8.8
TDP43_v2,CHEMBL1242951,-8.7
TDP43_v2,CHEMBL1242968,-8.4
TDP43_v2,CHEMBL1242980,-8.4
TDP43_v2,CHEMBL1243011,-9.2
TDP43_v2,CHEMBL1243042,-8.5
TDP43_v2,CHEMBL1243052,-8.9
TDP43_v2,CHEMBL1243078,-8.9
TDP43_v2,CHEMBL1243140,-8.5
TDP43_v2,CHEMBL1243200,-9.2
TDP43_v2,CHEMBL1243230,-8.4
TDP43_v2,CHEMBL1243265,-9.6
TDP43_v2,CHEMBL1243288,-9.2
TDP43_v2,CHEMBL1243298,-8.5
TDP43_v2,CHEMBL1243319,-9.1
TDP43_v2,CHEMBL1243326,-9.5
TDP43_v2,CHEMBL1243349,-8.4
TDP43_v2,CHEMBL1243388,-8.6
TDP43_v2,CHEMBL12460,-9.0
TDP43_v2,CHEMBL124937,-8.6
TDP43_v2,CHEMBL12514,-8.5
TDP43_v2,CHEMBL12542,-8.4
TDP43_v2,CHEMBL12566,-8.4
TDP43_v2,CHEMBL12645,-8.7
TDP43_v2,CHEMBL12848,-8.8
TDP43_v2,CHEMBL12906,-8.4
TDP43_v2,CHEMBL12987,-9.2
TDP43_v2,CHEMBL12989,-8.6
TDP43_v2,CHEMBL13078,-8.4
TDP43_v2,CHEMBL13137,-8.5
TDP43_v2,CHEMBL1332994,-8.7
TDP43_v2,CHEMBL13347,-9.3
TDP43_v2,CHEMBL13411,-8.8
TDP43_v2,CHEMBL13436,-8.8
TDP43_v2,CHEMBL135,-8.9
TDP43_v2,CHEMBL13505,-8.7
TDP43_v2,CHEMBL1354146,-9.5
TDP43_v2,CHEMBL1354521,-8.4
TDP43_v2,CHEMBL1355230,-8.8
TDP43_v2,CHEMBL13565,-8.7
TDP43_v2,CHEMBL13578,-9.0
TDP43_v2,CHEMBL13588,-8.5
TDP43_v2,CHEMBL13602,-8.6
TDP43_v2,CHEMBL13609,-9.7
TDP43_v2,CHEMBL13642,-9.8
TDP43_v2,CHEMBL1366713,-8.4
TDP43_v2,CHEMBL1367070,-8.6
TDP43_v2,CHEMBL13687,-8.4
TDP43_v2,CHEMBL13694,-8.8
TDP43_v2,CHEMBL13712,-8.5
TDP43_v2,CHEMBL13716,-8.7
TDP43_v2,CHEMBL1373390,-8.7
TDP43_v2,CHEMBL13739,-8.5
TDP43_v2,CHEMBL13745,-8.6
TDP43_v2,CHEMBL13816,-9.0
TDP43_v2,CHEMBL13830,-8.4
TDP43_v2,CHEMBL13841,-9.0
TDP43_v2,CHEMBL13850,-8.9
TDP43_v2,CHEMBL13866,-8.5
TDP43_v2,CHEMBL13950,-8.4
TDP43_v2,CHEMBL1395177,-8.4
TDP43_v2,CHEMBL13972,-8.7
TDP43_v2,CHEMBL13979,-9.0
TDP43_v2,CHEMBL14026,-8.6
TDP43_v2,CHEMBL14048,-9.1
TDP43_v2,CHEMBL14089,-9.3
TDP43_v2,CHEMBL14125,-8.5
TDP43_v2,CHEMBL14149,-8.4
TDP43_v2,CHEMBL1418541,-8.7
TDP43_v2,CHEMBL14187,-10.0
TDP43_v2,CHEMBL1422628,-8.4
TDP43_v2,CHEMBL14228,-9.7
TDP43_v2,CHEMBL14272,-8.6
TDP43_v2,CHEMBL14316,-8.5
TDP43_v2,CHEMBL14329,-8.7
TDP43_v2,CHEMBL1435510,-8.6
TDP43_v2,CHEMBL14389,-8.4
TDP43_v2,CHEMBL14408,-8.8
TDP43_v2,CHEMBL1440958,-8.7
TDP43_v2,CHEMBL1441967,-9.7
TDP43_v2,CHEMBL14451,-8.7
TDP43_v2,CHEMBL14458,-8.4
TDP43_v2,CHEMBL14462,-8.8
TDP43_v2,CHEMBL14504,-8.7
TDP43_v2,CHEMBL1451971,-9.2
TDP43_v2,CHEMBL14557,-10.0
TDP43_v2,CHEMBL14565,-8.4
TDP43_v2,CHEMBL14605,-8.4
TDP43_v2,CHEMBL14606,-8.4
TDP43_v2,CHEMBL14668,-8.6
TDP43_v2,CHEMBL14682,-8.6
TDP43_v2,CHEMBL14697,-8.5
TDP43_v2,CHEMBL14763,-8.6
TDP43_v2,CHEMBL14819,-8.6
TDP43_v2,CHEMBL14866,-8.4
TDP43_v2,CHEMBL14895,-8.4
TDP43_v2,CHEMBL14917,-9.0
TDP43_v2,CHEMBL14944,-9.0
TDP43_v2,CHEMBL14955,-8.5
TDP43_v2,CHEMBL14995,-8.4
TDP43_v2,CHEMBL1501463,-8.4
TDP43_v2,CHEMBL15035,-9.1
TDP43_v2,CHEMBL15056,-8.6
TDP43_v2,CHEMBL1508434,-9.6
TDP43_v2,CHEMBL15114,-8.4
TDP43_v2,CHEMBL15120,-8.9
TDP43_v2,CHEMBL1512065,-8.5
TDP43_v2,CHEMBL15122,-8.4
TDP43_v2,CHEMBL1513171,-8.4
TDP43_v2,CHEMBL15174,-8.5
TDP43_v2,CHEMBL1524917,-8.6
TDP43_v2,CHEMBL15306,-8.7
TDP43_v2,CHEMBL1530826,-8.5
TDP43_v2,CHEMBL15407,-8.4
TDP43_v2,CHEMBL15419,-8.8
TDP43_v2,CHEMBL15431,-8.4
TDP43_v2,CHEMBL1546634,-8.5
TDP43_v2,CHEMBL15483,-8.8
TDP43_v2,CHEMBL15486,-8.5
TDP43_v2,CHEMBL15581,-8.6
TDP43_v2,CHEMBL15632,-8.8
TDP43_v2,CHEMBL15646,-8.4
TDP43_v2,CHEMBL157117,-8.4
TDP43_v2,CHEMBL15714,-8.6
TDP43_v2,CHEMBL15794,-8.4
TDP43_v2,CHEMBL158175,-8.5
TDP43_v2,CHEMBL1586151,-8.4
TDP43_v2,CHEMBL1590708,-8.4
TDP43_v2,CHEMBL15909,-9.0
TDP43_v2,CHEMBL1591882,-9.5
TDP43_v2,CHEMBL1592710,-8.5
TDP43_v2,CHEMBL1592725,-9.3
TDP43_v2,CHEMBL15933,-8.4
TDP43_v2,CHEMBL159567,-9.0
TDP43_v2,CHEMBL15985,-8.4
TDP43_v2,CHEMBL15996,-8.6
TDP43_v2,CHEMBL16010,-9.5
TDP43_v2,CHEMBL16016,-8.8
TDP43_v2,CHEMBL16143,-8.4
TDP43_v2,CHEMBL16146,-8.4
TDP43_v2,CHEMBL16151,-8.5
TDP43_v2,CHEMBL16195,-8.7
TDP43_v2,CHEMBL16202,-8.5
TDP43_v2,CHEMBL16215,-9.6
TDP43_v2,CHEMBL16216,-8.6
TDP43_v2,CHEMBL16234,-8.9
TDP43_v2,CHEMBL16254,-9.7
TDP43_v2,CHEMBL16257,-8.6
TDP43_v2,CHEMBL16299,-8.6
TDP43_v2,CHEMBL16374,-8.9
TDP43_v2,CHEMBL16400,-8.9
TDP43_v2,CHEMBL16446,-8.6
TDP43_v2,CHEMBL16468,-8.7
TDP43_v2,CHEMBL16488,-8.9
TDP43_v2,CHEMBL16529,-8.5
TDP43_v2,CHEMBL16536,-8.4
TDP43_v2,CHEMBL16551,-8.5
TDP43_v2,CHEMBL16564,-8.4
TDP43_v2,CHEMBL16589,-8.6
TDP43_v2,CHEMBL16598,-8.6
TDP43_v2,CHEMBL16620,-8.9
TDP43_v2,CHEMBL166209,-8.4
TDP43_v2,CHEMBL16625,-8.7
TDP43_v2,CHEMBL16703,-8.4
TDP43_v2,CHEMBL16773,-9.0
TDP43_v2,CHEMBL167929,-8.6
TDP43_v2,CHEMBL16795,-9.1
TDP43_v2,CHEMBL16911,-8.8
TDP43_v2,CHEMBL16916,-9.5
TDP43_v2,CHEMBL16948,-8.5
TDP43_v2,CHEMBL16958,-8.8
TDP43_v2,CHEMBL16965,-9.7
TDP43_v2,CHEMBL16983,-8.5
TDP43_v2,CHEMBL17022,-9.2
TDP43_v2,CHEMBL17023,-8.6
TDP43_v2,CHEMBL17028,-9.0
TDP43_v2,CHEMBL17031,-8.9
TDP43_v2,CHEMBL17072,-8.4
TDP43_v2,CHEMBL1708737,-9.1
TDP43_v2,CHEMBL17108,-9.9
TDP43_v2,CHEMBL17131,-8.4
TDP43_v2,CHEMBL17145,-8.5
TDP43_v2,CHEMBL17158,-8.7
TDP43_v2,CHEMBL17252,-8.4
TDP43_v2,CHEMBL17253,-8.5
TDP43_v2,CHEMBL17271,-8.6
TDP43_v2,CHEMBL1731606,-8.7
TDP43_v2,CHEMBL17332,-8.9
TDP43_v2,CHEMBL17358,-8.7
TDP43_v2,CHEMBL17363,-8.7
TDP43_v2,CHEMBL17427,-9.2
TDP43_v2,CHEMBL174668,-9.6
TDP43_v2,CHEMBL17481,-8.4
TDP43_v2,CHEMBL17515,-8.6
TDP43_v2,CHEMBL17530,-8.7
TDP43_v2,CHEMBL17580,-8.6
TDP43_v2,CHEMBL17590,-9.0
TDP43_v2,CHEMBL1760931,-8.5
TDP43_v2,CHEMBL17617,-8.5
TDP43_v2,CHEMBL17645,-8.9
TDP43_v2,CHEMBL1765742,-8.6
TDP43_v2,CHEMBL1766559,-8.5
TDP43_v2,CHEMBL17726,-8.4
TDP43_v2,CHEMBL17731,-9.8
TDP43_v2,CHEMBL17828,-9.2
TDP43_v2,CHEMBL17841,-8.6
TDP43_v2,CHEMBL1784105,-8.5
TDP43_v2,CHEMBL17866,-8.5
TDP43_v2,CHEMBL17911,-8.7
TDP43_v2,CHEMBL17930,-8.4
TDP43_v2,CHEMBL17934,-8.6
TDP43_v2,CHEMBL1795448,-8.9
TDP43_v2,CHEMBL1795523,-8.5
TDP43_v2,CHEMBL17956,-8.5
TDP43_v2,CHEMBL1795680,-8.5
TDP43_v2,CHEMBL1795744,-8.4
TDP43_v2,CHEMBL1795794,-8.6
TDP43_v2,CHEMBL1795801,-8.4
TDP43_v2,CHEMBL1795802,-8.6
TDP43_v2,CHEMBL1795854,-8.9
TDP43_v2,CHEMBL1795859,-8.5
TDP43_v2,CHEMBL1795876,-9.1
TDP43_v2,CHEMBL1795881,-8.4
TDP43_v2,CHEMBL1795882,-8.7
TDP43_v2,CHEMBL1795897,-9.1
TDP43_v2,CHEMBL1795898,-8.6
TDP43_v2,CHEMBL1795899,-9.5
TDP43_v2,CHEMBL1795920,-8.4
TDP43_v2,CHEMBL1796446,-8.5
TDP43_v2,CHEMBL1796448,-8.4
TDP43_v2,CHEMBL1796543,-8.4
TDP43_v2,CHEMBL1796545,-8.9
TDP43_v2,CHEMBL1796564,-9.1
TDP43_v2,CHEMBL1796565,-8.5
TDP43_v2,CHEMBL1796566,-8.7
TDP43_v2,CHEMBL1796807,-8.4
TDP43_v2,CHEMBL18012,-8.4
TDP43_v2,CHEMBL18013,-8.5
TDP43_v2,CHEMBL18055,-8.5
TDP43_v2,CHEMBL1808478,-8.5
TDP43_v2,CHEMBL1808545,-8.7
TDP43_v2,CHEMBL1808742,-8.4
TDP43_v2,CHEMBL1808757,-8.6
TDP43_v2,CHEMBL1808762,-8.6
TDP43_v2,CHEMBL1808764,-8.7
TDP43_v2,CHEMBL1808768,-9.1
TDP43_v2,CHEMBL1808770,-9.4
TDP43_v2,CHEMBL1808771,-8.8
TDP43_v2,CHEMBL1808787,-8.7
TDP43_v2,CHEMBL1809056,-8.5
TDP43_v2,CHEMBL1809186,-9.5
TDP43_v2,CHEMBL18132,-8.8
TDP43_v2,CHEMBL18154,-8.4
TDP43_v2,CHEMBL18155,-8.8
TDP43_v2,CHEMBL18189,-9.3
TDP43_v2,CHEMBL18200,-9.2
TDP43_v2,CHEMBL18210,-9.2
TDP43_v2,CHEMBL18304,-10.0
TDP43_v2,CHEMBL18323,-8.4
TDP43_v2,CHEMBL18333,-8.9
TDP43_v2,CHEMBL18339,-8.9
TDP43_v2,CHEMBL18381,-8.8
TDP43_v2,CHEMBL18392,-8.7
TDP43_v2,CHEMBL18453,-8.4
TDP43_v2,CHEMBL18456,-8.4
TDP43_v2,CHEMBL18501,-8.9
TDP43_v2,CHEMBL18518,-8.4
TDP43_v2,CHEMBL18551,-8.7
TDP43_v2,CHEMBL18564,-9.0
TDP43_v2,CHEMBL18573,-9.5
TDP43_v2,CHEMBL1857851,-8.8
TDP43_v2,CHEMBL1857908,-8.8
TDP43_v2,CHEMBL1857924,-9.3
TDP43_v2,CHEMBL1857968,-8.6
TDP43_v2,CHEMBL1858013,-9.3
TDP43_v2,CHEMBL1858020,-8.8
TDP43_v2,CHEMBL1858096,-8.5
TDP43_v2,CHEMBL1858169,-8.6
TDP43_v2,CHEMBL1858185,-8.7
TDP43_v2,CHEMBL1858208,-9.3
TDP43_v2,CHEMBL1858233,-9.0
TDP43_v2,CHEMBL1858286,-8.8
TDP43_v2,CHEMBL1858313,-9.0
TDP43_v2,CHEMBL1858320,-9.4
TDP43_v2,CHEMBL1858343,-8.7
TDP43_v2,CHEMBL1858348,-8.6
TDP43_v2,CHEMBL1858351,-8.8
TDP43_v2,CHEMBL1858371,-9.1
TDP43_v2,CHEMBL1858444,-9.1
TDP43_v2,CHEMBL1858494,-9.0
TDP43_v2,CHEMBL1858509,-8.5
TDP43_v2,CHEMBL1858531,-8.5
TDP43_v2,CHEMBL1858536,-8.5
TDP43_v2,CHEMBL1858549,-8.5
TDP43_v2,CHEMBL1858566,-8.8
TDP43_v2,CHEMBL1858571,-8.7
TDP43_v2,CHEMBL1858580,-8.5
TDP43_v2,CHEMBL1858591,-8.7
TDP43_v2,CHEMBL1858605,-9.9
TDP43_v2,CHEMBL1858607,-8.8
TDP43_v2,CHEMBL1858610,-8.6
TDP43_v2,CHEMBL1858621,-9.4
TDP43_v2,CHEMBL1858634,-8.6
TDP43_v2,CHEMBL1858639,-8.9
TDP43_v2,CHEMBL1858647,-8.7
TDP43_v2,CHEMBL1858689,-8.5
TDP43_v2,CHEMBL1858691,-9.1
TDP43_v2,CHEMBL1858700,-9.4
TDP43_v2,CHEMBL1858731,-8.5
TDP43_v2,CHEMBL1858802,-8.4
TDP43_v2,CHEMBL1858811,-8.4
TDP43_v2,CHEMBL1858822,-8.4
TDP43_v2,CHEMBL1858838,-8.9
TDP43_v2,CHEMBL1858842,-8.5
TDP43_v2,CHEMBL1858865,-8.8
TDP43_v2,CHEMBL18589,-8.8
TDP43_v2,CHEMBL1858903,-8.8
TDP43_v2,CHEMBL1858904,-8.5
TDP43_v2,CHEMBL1858912,-8.7
TDP43_v2,CHEMBL1858921,-9.4
TDP43_v2,CHEMBL1858932,-8.7
TDP43_v2,CHEMBL1858933,-9.6
TDP43_v2,CHEMBL1858936,-8.5
TDP43_v2,CHEMBL1858950,-9.0
TDP43_v2,CHEMBL1858965,-8.4
TDP43_v2,CHEMBL1858971,-8.7
TDP43_v2,CHEMBL1858983,-9.4
TDP43_v2,CHEMBL1859008,-8.5
TDP43_v2,CHEMBL1859014,-8.7
TDP43_v2,CHEMBL1859033,-8.6
TDP43_v2,CHEMBL1859046,-8.5
TDP43_v2,CHEMBL1859061,-8.5
TDP43_v2,CHEMBL1859068,-8.4
TDP43_v2,CHEMBL1859078,-9.0
TDP43_v2,CHEMBL1859124,-9.4
TDP43_v2,CHEMBL1859125,-9.1
TDP43_v2,CHEMBL1859126,-8.5
TDP43_v2,CHEMBL1859144,-8.4
TDP43_v2,CHEMBL1859161,-8.8
TDP43_v2,CHEMBL1859162,-8.6
TDP43_v2,CHEMBL1859172,-8.6
TDP43_v2,CHEMBL1859183,-8.7
TDP43_v2,CHEMBL1859186,-8.4
TDP43_v2,CHEMBL1859233,-8.4
TDP43_v2,CHEMBL1859235,-9.1
TDP43_v2,CHEMBL1859284,-8.4
TDP43_v2,CHEMBL1859295,-9.2
TDP43_v2,CHEMBL1859300,-8.4
TDP43_v2,CHEMBL1859301,-8.4
TDP43_v2,CHEMBL1859331,-8.8
TDP43_v2,CHEMBL1859337,-8.7
TDP43_v2,CHEMBL1859339,-9.7
TDP43_v2,CHEMBL1859341,-9.1
TDP43_v2,CHEMBL1859368,-9.6
TDP43_v2,CHEMBL1859397,-8.9
TDP43_v2,CHEMBL1859398,-8.5
TDP43_v2,CHEMBL1859424,-8.9
TDP43_v2,CHEMBL1859447,-8.4
TDP43_v2,CHEMBL1859526,-8.4
TDP43_v2,CHEMBL1859541,-8.5
TDP43_v2,CHEMBL1859594,-8.6
TDP43_v2,CHEMBL1859632,-8.8
TDP43_v2,CHEMBL1859653,-8.6
TDP43_v2,CHEMBL1859657,-8.7
TDP43_v2,CHEMBL1859669,-9.2
TDP43_v2,CHEMBL1859695,-8.8
TDP43_v2,CHEMBL18597,-8.9
TDP43_v2,CHEMBL1859703,-8.5
TDP43_v2,CHEMBL1859722,-8.9
TDP43_v2,CHEMBL1859737,-8.4
TDP43_v2,CHEMBL1859758,-8.6
TDP43_v2,CHEMBL1859802,-8.7
TDP43_v2,CHEMBL1859819,-9.1
TDP43_v2,CHEMBL1859833,-8.4
TDP43_v2,CHEMBL1859834,-8.4
TDP43_v2,CHEMBL1859836,-8.6
TDP43_v2,CHEMBL1859853,-9.1
TDP43_v2,CHEMBL1859862,-8.7
TDP43_v2,CHEMBL1859867,-8.9
TDP43_v2,CHEMBL1859883,-9.9
TDP43_v2,CHEMBL1859894,-9.0
TDP43_v2,CHEMBL18600,-8.7
TDP43_v2,CHEMBL1860023,-8.8
TDP43_v2,CHEMBL1860029,-9.2
TDP43_v2,CHEMBL1860112,-8.8
TDP43_v2,CHEMBL1860176,-8.4
TDP43_v2,CHEMBL1860261,-8.9
TDP43_v2,CHEMBL1860360,-8.6
TDP43_v2,CHEMBL1860385,-8.4
TDP43_v2,CHEMBL1860478,-8.5
TDP43_v2,CHEMBL1860681,-9.1
TDP43_v2,CHEMBL1860738,-8.8
TDP43_v2,CHEMBL1860747,-8.4
TDP43_v2,CHEMBL1860873,-8.7
TDP43_v2,CHEMBL1860983,-8.4
TDP43_v2,CHEMBL1860994,-8.4
TDP43_v2,CHEMBL1861110,-8.7
TDP43_v2,CHEMBL1861124,-8.5
TDP43_v2,CHEMBL1861194,-8.6
TDP43_v2,CHEMBL1861261,-9.2
TDP43_v2,CHEMBL1861262,-8.7
TDP43_v2,CHEMBL1861279,-8.5
TDP43_v2,CHEMBL1861513,-8.4
TDP43_v2,CHEMBL1861514,-8.9
TDP43_v2,CHEMBL1861631,-8.4
TDP43_v2,CHEMBL1861754,-8.4
TDP43_v2,CHEMBL1861783,-8.5
TDP43_v2,CHEMBL1861785,-8.4
TDP43_v2,CHEMBL1861878,-9.1
TDP43_v2,CHEMBL1861954,-8.5
TDP43_v2,CHEMBL1862002,-8.8
TDP43_v2,CHEMBL1862076,-9.2
TDP43_v2,CHEMBL1862121,-9.0
TDP43_v2,CHEMBL1862123,-8.8
TDP43_v2,CHEMBL1862132,-8.6
TDP43_v2,CHEMBL1862155,-8.5
TDP43_v2,CHEMBL1862813,-8.9
TDP43_v2,CHEMBL1862831,-8.7
TDP43_v2,CHEMBL1862834,-8.7
TDP43_v2,CHEMBL1862840,-8.4
TDP43_v2,CHEMBL1862849,-8.4
TDP43_v2,CHEMBL1862880,-8.5
TDP43_v2,CHEMBL1862915,-8.8
TDP43_v2,CHEMBL1862920,-8.5
TDP43_v2,CHEMBL1862922,-8.5
TDP43_v2,CHEMBL1862929,-8.7
TDP43_v2,CHEMBL1862932,-8.5
TDP43_v2,CHEMBL1862944,-8.4
TDP43_v2,CHEMBL1862954,-8.7
TDP43_v2,CHEMBL1862981,-8.6
TDP43_v2,CHEMBL1863008,-8.4
TDP43_v2,CHEMBL1863021,-8.5
TDP43_v2,CHEMBL1863061,-8.8
TDP43_v2,CHEMBL1863064,-8.5
TDP43_v2,CHEMBL1863104,-8.4
TDP43_v2,CHEMBL1863112,-8.4
TDP43_v2,CHEMBL1863113,-9.0
TDP43_v2,CHEMBL1863161,-8.4
TDP43_v2,CHEMBL1863191,-8.7
TDP43_v2,CHEMBL1863195,-8.4
TDP43_v2,CHEMBL1863219,-8.4
TDP43_v2,CHEMBL1863236,-8.5
TDP43_v2,CHEMBL1863325,-8.4
TDP43_v2,CHEMBL1863357,-8.5
TDP43_v2,CHEMBL1863368,-8.4
TDP43_v2,CHEMBL1863390,-8.4
TDP43_v2,CHEMBL1863478,-8.4
TDP43_v2,CHEMBL1863494,-8.6
TDP43_v2,CHEMBL18635,-8.4
TDP43_v2,CHEMBL1863533,-9.3
TDP43_v2,CHEMBL1863567,-8.7
TDP43_v2,CHEMBL1863577,-8.5
TDP43_v2,CHEMBL1863644,-8.8
TDP43_v2,CHEMBL1863685,-8.9
TDP43_v2,CHEMBL1863704,-8.6
TDP43_v2,CHEMBL1863708,-9.3
TDP43_v2,CHEMBL1863750,-9.7
TDP43_v2,CHEMBL1863785,-8.5
TDP43_v2,CHEMBL1863824,-8.6
TDP43_v2,CHEMBL1863827,-8.4
TDP43_v2,CHEMBL1863929,-9.2
TDP43_v2,CHEMBL1863955,-8.4
TDP43_v2,CHEMBL1863982,-10.3
TDP43_v2,CHEMBL1863987,-8.6
TDP43_v2,CHEMBL1864057,-8.6
TDP43_v2,CHEMBL1864084,-8.5
TDP43_v2,CHEMBL1864148,-8.6
TDP43_v2,CHEMBL1864181,-8.9
TDP43_v2,CHEMBL1864215,-9.0
TDP43_v2,CHEMBL1864305,-8.8
TDP43_v2,CHEMBL1864340,-8.4
TDP43_v2,CHEMBL1864381,-8.5
TDP43_v2,CHEMBL1864390,-9.8
TDP43_v2,CHEMBL1864402,-9.4
TDP43_v2,CHEMBL1864417,-8.9
TDP43_v2,CHEMBL1864503,-9.1
TDP43_v2,CHEMBL1864516,-9.3
TDP43_v2,CHEMBL1864560,-8.7
TDP43_v2,CHEMBL1864574,-9.5
TDP43_v2,CHEMBL1864579,-8.8
TDP43_v2,CHEMBL1864591,-8.5
TDP43_v2,CHEMBL1864595,-8.9
TDP43_v2,CHEMBL1864610,-8.6
TDP43_v2,CHEMBL1864613,-8.5
TDP43_v2,CHEMBL1864636,-8.4
TDP43_v2,CHEMBL1864661,-8.5
TDP43_v2,CHEMBL1864753,-8.8
TDP43_v2,CHEMBL1864770,-8.7
TDP43_v2,CHEMBL1864835,-8.9
TDP43_v2,CHEMBL1864851,-8.9
TDP43_v2,CHEMBL1864906,-8.6
TDP43_v2,CHEMBL1864925,-8.5
TDP43_v2,CHEMBL1864929,-8.5
TDP43_v2,CHEMBL1864943,-8.4
TDP43_v2,CHEMBL1864973,-8.5
TDP43_v2,CHEMBL1865017,-8.8
TDP43_v2,CHEMBL1865048,-8.4
TDP43_v2,CHEMBL1865061,-8.7
TDP43_v2,CHEMBL1865097,-8.5
TDP43_v2,CHEMBL18651,-9.9
TDP43_v2,CHEMBL1865158,-9.1
TDP43_v2,CHEMBL1865174,-8.4
TDP43_v2,CHEMBL1865181,-8.6
TDP43_v2,CHEMBL1865202,-9.0
TDP43_v2,CHEMBL1865211,-8.9
TDP43_v2,CHEMBL1865254,-8.5
TDP43_v2,CHEMBL1865285,-8.4
TDP43_v2,CHEMBL1865296,-8.8
TDP43_v2,CHEMBL1865323,-8.6
TDP43_v2,CHEMBL1865345,-8.4
TDP43_v2,CHEMBL1865382,-8.9
TDP43_v2,CHEMBL1865415,-8.5
TDP43_v2,CHEMBL1865459,-8.9
TDP43_v2,CHEMBL1865462,-8.5
TDP43_v2,CHEMBL1865473,-8.6
TDP43_v2,CHEMBL1865477,-8.8
TDP43_v2,CHEMBL1865555,-9.0
TDP43_v2,CHEMBL1865562,-8.6
TDP43_v2,CHEMBL1865574,-8.6
TDP43_v2,CHEMBL1865627,-8.9
TDP43_v2,CHEMBL1865664,-8.5
TDP43_v2,CHEMBL1865668,-9.2
TDP43_v2,CHEMBL1865669,-8.4
TDP43_v2,CHEMBL18657,-9.9
TDP43_v2,CHEMBL1865710,-9.5
TDP43_v2,CHEMBL1865717,-8.7
TDP43_v2,CHEMBL1865801,-8.4
TDP43_v2,CHEMBL1865860,-8.4
TDP43_v2,CHEMBL1865883,-8.4
TDP43_v2,CHEMBL1865938,-8.4
TDP43_v2,CHEMBL1866012,-8.7
TDP43_v2,CHEMBL1866108,-8.7
TDP43_v2,CHEMBL1866455,-8.4
TDP43_v2,CHEMBL1872278,-8.4
TDP43_v2,CHEMBL18750,-9.2
TDP43_v2,CHEMBL18765,-8.8
TDP43_v2,CHEMBL18782,-8.6
TDP43_v2,CHEMBL18803,-9.7
TDP43_v2,CHEMBL18816,-8.5
TDP43_v2,CHEMBL18826,-8.8
TDP43_v2,CHEMBL18833,-8.8
TDP43_v2,CHEMBL18864,-8.6
TDP43_v2,CHEMBL18867,-8.5
TDP43_v2,CHEMBL18918,-8.6
TDP43_v2,CHEMBL18940,-8.4
TDP43_v2,CHEMBL18944,-8.4
TDP43_v2,CHEMBL1899991,-8.5
TDP43_v2,CHEMBL1900571,-8.7
TDP43_v2,CHEMBL1900572,-8.5
TDP43_v2,CHEMBL19034,-9.0
TDP43_v2,CHEMBL19051,-8.6
TDP43_v2,CHEMBL19102,-8.4
TDP43_v2,CHEMBL19111,-8.6
TDP43_v2,CHEMBL19158,-8.9
TDP43_v2,CHEMBL191991,-8.4
TDP43_v2,CHEMBL19203,-8.6
TDP43_v2,CHEMBL19226,-8.4
TDP43_v2,CHEMBL19228,-8.9
TDP43_v2,CHEMBL19255,-8.7
TDP43_v2,CHEMBL19270,-9.1
TDP43_v2,CHEMBL19277,-9.1
TDP43_v2,CHEMBL19304,-8.6
TDP43_v2,CHEMBL19325,-8.5
TDP43_v2,CHEMBL19348,-9.2
TDP43_v2,CHEMBL19349,-8.4
TDP43_v2,CHEMBL19359,-8.7
TDP43_v2,CHEMBL19365,-8.9
TDP43_v2,CHEMBL19368,-9.1
TDP43_v2,CHEMBL19400,-8.5
TDP43_v2,CHEMBL19418,-8.7
TDP43_v2,CHEMBL19419,-8.7
TDP43_v2,CHEMBL19430,-8.4
TDP43_v2,CHEMBL19456,-8.9
TDP43_v2,CHEMBL19527,-8.5
TDP43_v2,CHEMBL19530,-8.5
TDP43_v2,CHEMBL19582,-8.8
TDP43_v2,CHEMBL19590,-8.5
TDP43_v2,CHEMBL19594,-9.6
TDP43_v2,CHEMBL19614,-8.8
TDP43_v2,CHEMBL19636,-8.6
TDP43_v2,CHEMBL19660,-8.7
TDP43_v2,CHEMBL19677,-8.4
TDP43_v2,CHEMBL19726,-8.4
TDP43_v2,CHEMBL19730,-8.7
TDP43_v2,CHEMBL19768,-8.7
TDP43_v2,CHEMBL19834,-9.0
TDP43_v2,CHEMBL19855,-8.5
TDP43_v2,CHEMBL19897,-8.5
TDP43_v2,CHEMBL19902,-9.2
TDP43_v2,CHEMBL19913,-9.2
TDP43_v2,CHEMBL19914,-8.4
TDP43_v2,CHEMBL19917,-8.6
TDP43_v2,CHEMBL19929,-8.5
TDP43_v2,CHEMBL19945,-8.4
TDP43_v2,CHEMBL19957,-8.6
TDP43_v2,CHEMBL19985,-8.6
TDP43_v2,CHEMBL19990,-8.5
TDP43_v2,CHEMBL19991,-8.9
TDP43_v2,CHEMBL20066,-9.9
TDP43_v2,CHEMBL20163,-8.5
TDP43_v2,CHEMBL20217,-8.4
TDP43_v2,CHEMBL20258,-9.0
TDP43_v2,CHEMBL20281,-9.4
TDP43_v2,CHEMBL20299,-8.4
TDP43_v2,CHEMBL20301,-8.8
TDP43_v2,CHEMBL20329,-8.9
TDP43_v2,CHEMBL20344,-9.2
TDP43_v2,CHEMBL20368,-8.5
TDP43_v2,CHEMBL20375,-8.4
TDP43_v2,CHEMBL20390,-9.3
TDP43_v2,CHEMBL20391,-8.9
TDP43_v2,CHEMBL20408,-8.7
TDP43_v2,CHEMBL20413,-9.5
TDP43_v2,CHEMBL20414,-8.6
TDP43_v2,CHEMBL20420,-9.7
TDP43_v2,CHEMBL20424,-8.5
TDP43_v2,CHEMBL20437,-8.4
TDP43_v2,CHEMBL20438,-8.5
TDP43_v2,CHEMBL20466,-8.5
TDP43_v2,CHEMBL20475,-9.5
TDP43_v2,CHEMBL20496,-10.1
TDP43_v2,CHEMBL20514,-8.9
TDP43_v2,CHEMBL20567,-8.7
TDP43_v2,CHEMBL20591,-8.5
TDP43_v2,CHEMBL20603,-8.5
TDP43_v2,CHEMBL20629,-8.9
TDP43_v2,CHEMBL20639,-8.8
TDP43_v2,CHEMBL20644,-8.8
TDP43_v2,CHEMBL20660,-9.2
TDP43_v2,CHEMBL20672,-8.4
TDP43_v2,CHEMBL20673,-9.5
TDP43_v2,CHEMBL20708,-9.0
TDP43_v2,CHEMBL20714,-9.6
TDP43_v2,CHEMBL20717,-9.1
TDP43_v2,CHEMBL20733,-9.1
TDP43_v2,CHEMBL20751,-9.0
TDP43_v2,CHEMBL20754,-8.5
TDP43_v2,CHEMBL20773,-8.4
TDP43_v2,CHEMBL20821,-8.8
TDP43_v2,CHEMBL20825,-8.5
TDP43_v2,CHEMBL20832,-8.8
TDP43_v2,CHEMBL20834,-8.6
TDP43_v2,CHEMBL20872,-9.2
TDP43_v2,CHEMBL20878,-8.4
TDP43_v2,CHEMBL20894,-9.3
TDP43_v2,CHEMBL20897,-9.1
TDP43_v2,CHEMBL20918,-9.3
TDP43_v2,CHEMBL20937,-8.4
TDP43_v2,CHEMBL20953,-9.1
TDP43_v2,CHEMBL20972,-9.5
TDP43_v2,CHEMBL21019,-8.7
TDP43_v2,CHEMBL21039,-8.8
TDP43_v2,CHEMBL21051,-9.5
TDP43_v2,CHEMBL21064,-8.4
TDP43_v2,CHEMBL21071,-8.6
TDP43_v2,CHEMBL21114,-8.5
TDP43_v2,CHEMBL21125,-9.9
TDP43_v2,CHEMBL21140,-8.4
TDP43_v2,CHEMBL21154,-8.6
TDP43_v2,CHEMBL21176,-9.2
TDP43_v2,CHEMBL21179,-9.7
TDP43_v2,CHEMBL21190,-8.4
TDP43_v2,CHEMBL21197,-10.8
TDP43_v2,CHEMBL21224,-9.6
TDP43_v2,CHEMBL21250,-8.7
TDP43_v2,CHEMBL21277,-8.6
TDP43_v2,CHEMBL21333,-8.8
TDP43_v2,CHEMBL21335,-8.6
TDP43_v2,CHEMBL21341,-8.8
TDP43_v2,CHEMBL21343,-8.6
TDP43_v2,CHEMBL2134777,-8.4
TDP43_v2,CHEMBL2134798,-9.0
TDP43_v2,CHEMBL2134834,-8.4
TDP43_v2,CHEMBL2135253,-9.0
TDP43_v2,CHEMBL21425,-8.6
TDP43_v2,CHEMBL21426,-8.7
TDP43_v2,CHEMBL21432,-8.6
TDP43_v2,CHEMBL21433,-8.5
TDP43_v2,CHEMBL21458,-9.2
TDP43_v2,CHEMBL21524,-8.5
TDP43_v2,CHEMBL21542,-8.5
TDP43_v2,CHEMBL21562,-8.6
TDP43_v2,CHEMBL21609,-8.4
TDP43_v2,CHEMBL21633,-8.7
TDP43_v2,CHEMBL2165614,-8.7
TDP43_v2,CHEMBL21659,-8.8
TDP43_v2,CHEMBL21670,-9.2
TDP43_v2,CHEMBL21737,-8.8
TDP43_v2,CHEMBL21907,-8.9
TDP43_v2,CHEMBL21939,-8.5
TDP43_v2,CHEMBL21963,-8.4
TDP43_v2,CHEMBL21992,-8.6
TDP43_v2,CHEMBL22003,-9.1
TDP43_v2,CHEMBL22071,-8.5
TDP43_v2,CHEMBL22157,-8.6
TDP43_v2,CHEMBL22174,-8.5
TDP43_v2,CHEMBL22201,-8.6
TDP43_v2,CHEMBL22249,-8.6
TDP43_v2,CHEMBL22255,-8.7
TDP43_v2,CHEMBL22278,-9.2
TDP43_v2,CHEMBL22287,-9.0
TDP43_v2,CHEMBL22417,-8.6
TDP43_v2,CHEMBL22418,-8.7
TDP43_v2,CHEMBL22473,-8.4
TDP43_v2,CHEMBL22553,-8.9
TDP43_v2,CHEMBL22559,-8.9
TDP43_v2,CHEMBL22655,-9.0
TDP43_v2,CHEMBL22792,-8.4
TDP43_v2,CHEMBL22829,-8.7
TDP43_v2,CHEMBL22840,-8.6
TDP43_v2,CHEMBL22924,-8.8
TDP43_v2,CHEMBL22929,-8.5
TDP43_v2,CHEMBL22937,-8.9
TDP43_v2,CHEMBL22962,-9.0
TDP43_v2,CHEMBL22967,-8.5
TDP43_v2,CHEMBL23007,-8.5
TDP43_v2,CHEMBL23135,-8.4
TDP43_v2,CHEMBL23144,-8.6
TDP43_v2,CHEMBL23163,-8.4
TDP43_v2,CHEMBL23184,-8.7
TDP43_v2,CHEMBL23201,-8.4
TDP43_v2,CHEMBL23211,-8.9
TDP43_v2,CHEMBL23215,-8.7
TDP43_v2,CHEMBL23218,-8.5
TDP43_v2,CHEMBL23219,-8.4
TDP43_v2,CHEMBL23220,-8.8
TDP43_v2,CHEMBL23237,-8.4
TDP43_v2,CHEMBL23240,-8.4
TDP43_v2,CHEMBL23265,-8.5
TDP43_v2,CHEMBL23272,-8.4
TDP43_v2,CHEMBL23369,-8.5
TDP43_v2,CHEMBL23374,-9.2
TDP43_v2,CHEMBL23383,-8.5
TDP43_v2,CHEMBL23422,-8.4
TDP43_v2,CHEMBL23430,-9.1
TDP43_v2,CHEMBL23457,-8.6
TDP43_v2,CHEMBL23463,-8.7
TDP43_v2,CHEMBL23487,-8.6
TDP43_v2,CHEMBL23490,-8.4
TDP43_v2,CHEMBL23528,-8.4
TDP43_v2,CHEMBL2356147,-8.5
TDP43_v2,CHEMBL23584,-9.1
TDP43_v2,CHEMBL2360312,-8.7
TDP43_v2,CHEMBL2360861,-8.7
TDP43_v2,CHEMBL2360863,-9.0
TDP43_v2,CHEMBL23615,-9.4
TDP43_v2,CHEMBL2361580,-9.0
TDP43_v2,CHEMBL23672,-9.0
TDP43_v2,CHEMBL23718,-8.6
TDP43_v2,CHEMBL23719,-9.2
TDP43_v2,CHEMBL23766,-8.4
TDP43_v2,CHEMBL23767,-8.9
TDP43_v2,CHEMBL23785,-9.2
TDP43_v2,CHEMBL23797,-8.9
TDP43_v2,CHEMBL23803,-8.5
TDP43_v2,CHEMBL23824,-8.6
TDP43_v2,CHEMBL23830,-8.8
TDP43_v2,CHEMBL23846,-8.5
TDP43_v2,CHEMBL23854,-8.4
TDP43_v2,CHEMBL23867,-9.2
TDP43_v2,CHEMBL23869,-8.8
TDP43_v2,CHEMBL23870,-8.5
TDP43_v2,CHEMBL23879,-8.8
TDP43_v2,CHEMBL23908,-8.5
TDP43_v2,CHEMBL23936,-8.4
TDP43_v2,CHEMBL23963,-8.6
TDP43_v2,CHEMBL23989,-8.6
TDP43_v2,CHEMBL23998,-9.1
TDP43_v2,CHEMBL24012,-8.7
TDP43_v2,CHEMBL24032,-8.7
TDP43_v2,CHEMBL24057,-8.4
TDP43_v2,CHEMBL24087,-8.7
TDP43_v2,CHEMBL24089,-8.4
TDP43_v2,CHEMBL24094,-8.5
TDP43_v2,CHEMBL24095,-8.4
TDP43_v2,CHEMBL24098,-9.4
TDP43_v2,CHEMBL24112,-8.6
TDP43_v2,CHEMBL24140,-8.9
TDP43_v2,CHEMBL24201,-9.3
TDP43_v2,CHEMBL24224,-8.4
TDP43_v2,CHEMBL24244,-9.4
TDP43_v2,CHEMBL24263,-9.2
TDP43_v2,CHEMBL24266,-8.6
TDP43_v2,CHEMBL24276,-10.0
TDP43_v2,CHEMBL24295,-9.7
TDP43_v2,CHEMBL24313,-8.9
TDP43_v2,CHEMBL24360,-9.7
TDP43_v2,CHEMBL24424,-8.4
TDP43_v2,CHEMBL24508,-9.5
TDP43_v2,CHEMBL24580,-8.8
TDP43_v2,CHEMBL24606,-8.5
TDP43_v2,CHEMBL24680,-8.8
TDP43_v2,CHEMBL24736,-8.6
TDP43_v2,CHEMBL24754,-8.7
TDP43_v2,CHEMBL24775,-9.8
TDP43_v2,CHEMBL24780,-9.4
TDP43_v2,CHEMBL24824,-8.9
TDP43_v2,CHEMBL24827,-8.6
TDP43_v2,CHEMBL24898,-9.0
TDP43_v2,CHEMBL24904,-8.8
TDP43_v2,CHEMBL24907,-9.8
TDP43_v2,CHEMBL24920,-8.6
TDP43_v2,CHEMBL24950,-8.5
TDP43_v2,CHEMBL24980,-8.4
TDP43_v2,CHEMBL25001,-8.6
TDP43_v2,CHEMBL25012,-8.4
TDP43_v2,CHEMBL25017,-8.8
TDP43_v2,CHEMBL25021,-9.0
TDP43_v2,CHEMBL25022,-8.7
TDP43_v2,CHEMBL25034,-8.6
TDP43_v2,CHEMBL25058,-8.6
TDP43_v2,CHEMBL25061,-8.8
TDP43_v2,CHEMBL25062,-8.4
TDP43_v2,CHEMBL25065,-8.4
TDP43_v2,CHEMBL25073,-8.8
TDP43_v2,CHEMBL25084,-8.5
TDP43_v2,CHEMBL25088,-8.7
TDP43_v2,CHEMBL25127,-8.4
TDP43_v2,CHEMBL25152,-8.5
TDP43_v2,CHEMBL25181,-8.4
TDP43_v2,CHEMBL25182,-8.8
TDP43_v2,CHEMBL25183,-8.6
TDP43_v2,CHEMBL25201,-10.1
TDP43_v2,CHEMBL25299,-9.8
TDP43_v2,CHEMBL25307,-8.7
TDP43_v2,CHEMBL25323,-9.0
TDP43_v2,CHEMBL25334,-8.4
TDP43_v2,CHEMBL25337,-8.4
TDP43_v2,CHEMBL25345,-8.4
TDP43_v2,CHEMBL25351,-9.3
TDP43_v2,CHEMBL25368,-8.8
TDP43_v2,CHEMBL25383,-8.4
TDP43_v2,CHEMBL25415,-8.9
TDP43_v2,CHEMBL25455,-8.7
TDP43_v2,CHEMBL25461,-8.7
TDP43_v2,CHEMBL25502,-8.5
TDP43_v2,CHEMBL25516,-8.7
TDP43_v2,CHEMBL25527,-8.8
TDP43_v2,CHEMBL25601,-8.8
TDP43_v2,CHEMBL25657,-8.5
TDP43_v2,CHEMBL25673,-8.9
TDP43_v2,CHEMBL25698,-8.8
TDP43_v2,CHEMBL25720,-8.4
TDP43_v2,CHEMBL25737,-8.4
TDP43_v2,CHEMBL25821,-9.1
TDP43_v2,CHEMBL26080,-9.0
TDP43_v2,CHEMBL26086,-8.4
TDP43_v2,CHEMBL261102,-8.4
TDP43_v2,CHEMBL26132,-8.9
TDP43_v2,CHEMBL26193,-8.5
TDP43_v2,CHEMBL262299,-8.4
TDP43_v2,CHEMBL26233,-8.6
TDP43_v2,CHEMBL26286,-8.5
TDP43_v2,CHEMBL26380,-8.5
TDP43_v2,CHEMBL26396,-8.5
TDP43_v2,CHEMBL26401,-9.0
TDP43_v2,CHEMBL26415,-9.3
TDP43_v2,CHEMBL26420,-8.5
TDP43_v2,CHEMBL26422,-8.9
TDP43_v2,CHEMBL264478,-8.5
TDP43_v2,CHEMBL26449,-9.3
TDP43_v2,CHEMBL26471,-9.2
TDP43_v2,CHEMBL26500,-8.5
TDP43_v2,CHEMBL26532,-8.6
TDP43_v2,CHEMBL26582,-9.3
TDP43_v2,CHEMBL26583,-8.5
TDP43_v2,CHEMBL26629,-8.6
TDP43_v2,CHEMBL26631,-8.4
TDP43_v2,CHEMBL26708,-8.5
TDP43_v2,CHEMBL26751,-8.9
TDP43_v2,CHEMBL26810,-8.8
TDP43_v2,CHEMBL26821,-8.5
TDP43_v2,CHEMBL26844,-8.4
TDP43_v2,CHEMBL26847,-9.1
TDP43_v2,CHEMBL26863,-8.4
TDP43_v2,CHEMBL269191,-8.7
TDP43_v2,CHEMBL26946,-8.5
TDP43_v2,CHEMBL26976,-8.6
TDP43_v2,CHEMBL26997,-8.7
TDP43_v2,CHEMBL27036,-8.4
TDP43_v2,CHEMBL27048,-8.8
TDP43_v2,CHEMBL27101,-8.5
TDP43_v2,CHEMBL27117,-8.6
TDP43_v2,CHEMBL27132,-9.5
TDP43_v2,CHEMBL27165,-8.9
TDP43_v2,CHEMBL27180,-8.6
TDP43_v2,CHEMBL27226,-8.4
TDP43_v2,CHEMBL27228,-8.4
TDP43_v2,CHEMBL27251,-9.8
TDP43_v2,CHEMBL27258,-8.4
TDP43_v2,CHEMBL27275,-8.5
TDP43_v2,CHEMBL27276,-8.9
TDP43_v2,CHEMBL27309,-9.0
TDP43_v2,CHEMBL27342,-8.8
TDP43_v2,CHEMBL27364,-8.4
TDP43_v2,CHEMBL27379,-8.6
TDP43_v2,CHEMBL27388,-9.2
TDP43_v2,CHEMBL27431,-8.8
TDP43_v2,CHEMBL27448,-8.7
TDP43_v2,CHEMBL27507,-8.4
TDP43_v2,CHEMBL27535,-9.0
TDP43_v2,CHEMBL27559,-8.6
TDP43_v2,CHEMBL27677,-9.0
TDP43_v2,CHEMBL27684,-8.4
TDP43_v2,CHEMBL27709,-9.2
TDP43_v2,CHEMBL27716,-8.7
TDP43_v2,CHEMBL27758,-8.8
TDP43_v2,CHEMBL27805,-8.8
TDP43_v2,CHEMBL27812,-9.3
TDP43_v2,CHEMBL27882,-8.5
TDP43_v2,CHEMBL27938,-8.4
TDP43_v2,CHEMBL27940,-8.5
TDP43_v2,CHEMBL27966,-8.7
TDP43_v2,CHEMBL28106,-8.7
TDP43_v2,CHEMBL28158,-8.6
TDP43_v2,CHEMBL28161,-9.3
TDP43_v2,CHEMBL28177,-8.4
TDP43_v2,CHEMBL28178,-8.4
TDP43_v2,CHEMBL28199,-8.4
TDP43_v2,CHEMBL28204,-8.4
TDP43_v2,CHEMBL28280,-8.8
TDP43_v2,CHEMBL28307,-8.8
TDP43_v2,CHEMBL28316,-8.4
TDP43_v2,CHEMBL28317,-8.7
TDP43_v2,CHEMBL28405,-8.5
TDP43_v2,CHEMBL28471,-9.0
TDP43_v2,CHEMBL28499,-9.0
TDP43_v2,CHEMBL28526,-8.4
TDP43_v2,CHEMBL28729,-8.8
TDP43_v2,CHEMBL28783,-8.5
TDP43_v2,CHEMBL28853,-8.5
TDP43_v2,CHEMBL28861,-9.0
TDP43_v2,CHEMBL28978,-8.5
TDP43_v2,CHEMBL29037,-8.6
TDP43_v2,CHEMBL29073,-9.1
TDP43_v2,CHEMBL29122,-8.9
TDP43_v2,CHEMBL29169,-9.4
TDP43_v2,CHEMBL29214,-8.6
TDP43_v2,CHEMBL29312,-8.6
TDP43_v2,CHEMBL29347,-8.6
TDP43_v2,CHEMBL29364,-8.4
TDP43_v2,CHEMBL29368,-8.6
TDP43_v2,CHEMBL29373,-8.5
TDP43_v2,CHEMBL29500,-8.4
TDP43_v2,CHEMBL29539,-8.5
TDP43_v2,CHEMBL29573,-8.5
TDP43_v2,CHEMBL29594,-8.5
TDP43_v2,CHEMBL29633,-8.4
TDP43_v2,CHEMBL29731,-8.6
TDP43_v2,CHEMBL29748,-8.7
TDP43_v2,CHEMBL29787,-9.0
TDP43_v2,CHEMBL29796,-8.5
TDP43_v2,CHEMBL29820,-8.9
TDP43_v2,CHEMBL29998,-8.4
TDP43_v2,CHEMBL30008,-8.7
TDP43_v2,CHEMBL30039,-8.5
TDP43_v2,CHEMBL30051,-8.4
TDP43_v2,CHEMBL30059,-8.7
TDP43_v2,CHEMBL30125,-8.5
TDP43_v2,CHEMBL30148,-8.4
TDP43_v2,CHEMBL30160,-8.4
TDP43_v2,CHEMBL30196,-8.4
TDP43_v2,CHEMBL30246,-8.4
TDP43_v2,CHEMBL30262,-8.5
TDP43_v2,CHEMBL30312,-8.6
TDP43_v2,CHEMBL30331,-8.5
TDP43_v2,CHEMBL30537,-8.5
TDP43_v2,CHEMBL30550,-8.9
TDP43_v2,CHEMBL30587,-9.2
TDP43_v2,CHEMBL30617,-8.5
TDP43_v2,CHEMBL30646,-8.7
TDP43_v2,CHEMBL30654,-9.4
TDP43_v2,CHEMBL30667,-8.6
TDP43_v2,CHEMBL30755,-8.7
TDP43_v2,CHEMBL30791,-8.4
TDP43_v2,CHEMBL30910,-8.5
TDP43_v2,CHEMBL30928,-8.6
TDP43_v2,CHEMBL30979,-8.7
TDP43_v2,CHEMBL31009,-8.8
TDP43_v2,CHEMBL31065,-8.6
TDP43_v2,CHEMBL31184,-9.5
TDP43_v2,CHEMBL31252,-8.6
TDP43_v2,CHEMBL31334,-8.4
TDP43_v2,CHEMBL31428,-8.8
TDP43_v2,CHEMBL31466,-8.7
TDP43_v2,CHEMBL31476,-8.5
TDP43_v2,CHEMBL31587,-9.2
TDP43_v2,CHEMBL31610,-8.6
TDP43_v2,CHEMBL31687,-8.8
TDP43_v2,CHEMBL31796,-8.5
TDP43_v2,CHEMBL31828,-8.4
TDP43_v2,CHEMBL31833,-8.8
TDP43_v2,CHEMBL31952,-8.5
TDP43_v2,CHEMBL32002,-8.4
TDP43_v2,CHEMBL32110,-8.4
TDP43_v2,CHEMBL32138,-8.4
TDP43_v2,CHEMBL32185,-8.6
TDP43_v2,CHEMBL32211,-8.6
TDP43_v2,CHEMBL32220,-8.4
TDP43_v2,CHEMBL32240,-8.8
TDP43_v2,CHEMBL32274,-8.4
TDP43_v2,CHEMBL32302,-8.8
TDP43_v2,CHEMBL32320,-9.2
TDP43_v2,CHEMBL32337,-8.4
TDP43_v2,CHEMBL32392,-8.4
TDP43_v2,CHEMBL32404,-8.5
TDP43_v2,CHEMBL32426,-9.3
TDP43_v2,CHEMBL32451,-8.5
TDP43_v2,CHEMBL32492,-8.5
TDP43_v2,CHEMBL32497,-8.4
TDP43_v2,CHEMBL32524,-8.4
TDP43_v2,CHEMBL32545,-8.8
TDP43_v2,CHEMBL32555,-8.5
TDP43_v2,CHEMBL32570,-8.4
TDP43_v2,CHEMBL32603,-9.4
TDP43_v2,CHEMBL32612,-8.4
TDP43_v2,CHEMBL32630,-8.6
TDP43_v2,CHEMBL32635,-8.6
TDP43_v2,CHEMBL32663,-9.4
TDP43_v2,CHEMBL32690,-8.9
TDP43_v2,CHEMBL32741,-8.8
TDP43_v2,CHEMBL32764,-8.6
TDP43_v2,CHEMBL32766,-8.7
TDP43_v2,CHEMBL32767,-8.6
TDP43_v2,CHEMBL32776,-8.5
TDP43_v2,CHEMBL32792,-8.5
TDP43_v2,CHEMBL32812,-8.6
TDP43_v2,CHEMBL32823,-8.8
TDP43_v2,CHEMBL32860,-8.4
TDP43_v2,CHEMBL32870,-8.6
TDP43_v2,CHEMBL32891,-8.8
TDP43_v2,CHEMBL32908,-8.6
TDP43_v2,CHEMBL32926,-8.7
TDP43_v2,CHEMBL32932,-10.3
TDP43_v2,CHEMBL32944,-10.4
TDP43_v2,CHEMBL32947,-8.7
TDP43_v2,CHEMBL32996,-8.5
TDP43_v2,CHEMBL33054,-8.4
TDP43_v2,CHEMBL3309292,-9.1
TDP43_v2,CHEMBL3309384,-8.4
TDP43_v2,CHEMBL3309385,-8.7
TDP43_v2,CHEMBL3309386,-9.2
TDP43_v2,CHEMBL3309443,-8.5
TDP43_v2,CHEMBL3309444,-9.2
TDP43_v2,CHEMBL3309478,-9.7
TDP43_v2,CHEMBL3309481,-9.2
TDP43_v2,CHEMBL3309482,-8.8
TDP43_v2,CHEMBL3309483,-8.5
TDP43_v2,CHEMBL3309484,-8.6
TDP43_v2,CHEMBL3309485,-8.6
TDP43_v2,CHEMBL3309486,-8.6
TDP43_v2,CHEMBL3309487,-9.1
TDP43_v2,CHEMBL3309488,-10.0
TDP43_v2,CHEMBL3309489,-9.8
TDP43_v2,CHEMBL3309493,-8.6
TDP43_v2,CHEMBL3309537,-8.9
TDP43_v2,CHEMBL3309539,-9.9
TDP43_v2,CHEMBL3309543,-8.4
TDP43_v2,CHEMBL3309548,-8.5
TDP43_v2,CHEMBL3309551,-8.7
TDP43_v2,CHEMBL3309590,-8.6
TDP43_v2,CHEMBL3309616,-8.6
TDP43_v2,CHEMBL3309662,-8.4
TDP43_v2,CHEMBL3309682,-9.2
TDP43_v2,CHEMBL3309685,-8.6
TDP43_v2,CHEMBL3309773,-8.7
TDP43_v2,CHEMBL3309778,-8.6
TDP43_v2,CHEMBL3309794,-8.4
TDP43_v2,CHEMBL3309812,-8.6
TDP43_v2,CHEMBL3309828,-8.9
TDP43_v2,CHEMBL3309838,-8.6
TDP43_v2,CHEMBL3309843,-8.8
TDP43_v2,CHEMBL3309844,-8.4
TDP43_v2,CHEMBL3309845,-9.0
TDP43_v2,CHEMBL3309846,-8.8
TDP43_v2,CHEMBL3309847,-9.0
TDP43_v2,CHEMBL3309924,-8.7
TDP43_v2,CHEMBL3309962,-8.6
TDP43_v2,CHEMBL3309963,-8.4
TDP43_v2,CHEMBL3309964,-8.4
TDP43_v2,CHEMBL3309988,-8.7
TDP43_v2,CHEMBL3309991,-8.5
TDP43_v2,CHEMBL3309992,-8.5
TDP43_v2,CHEMBL3309993,-8.4
TDP43_v2,CHEMBL3309995,-8.7
TDP43_v2,CHEMBL3310005,-8.7
TDP43_v2,CHEMBL3310006,-8.4
TDP43_v2,CHEMBL3310007,-9.0
TDP43_v2,CHEMBL3310015,-8.5
TDP43_v2,CHEMBL3310017,-8.5
TDP43_v2,CHEMBL3310038,-8.7
TDP43_v2,CHEMBL3310099,-8.6
TDP43_v2,CHEMBL3310180,-9.2
TDP43_v2,CHEMBL3310191,-9.0
TDP43_v2,CHEMBL3310192,-8.7
TDP43_v2,CHEMBL3310193,-9.1
TDP43_v2,CHEMBL3310195,-8.4
TDP43_v2,CHEMBL3310239,-8.8
TDP43_v2,CHEMBL3310458,-8.6
TDP43_v2,CHEMBL3310475,-8.5
TDP43_v2,CHEMBL3310476,-8.7
TDP43_v2,CHEMBL3310667,-8.8
TDP43_v2,CHEMBL3310688,-9.1
TDP43_v2,CHEMBL3310696,-8.4
TDP43_v2,CHEMBL3310703,-9.0
TDP43_v2,CHEMBL3310715,-8.6
TDP43_v2,CHEMBL3310722,-9.2
TDP43_v2,CHEMBL3310724,-9.9
TDP43_v2,CHEMBL3310725,-8.6
TDP43_v2,CHEMBL3310727,-8.4
TDP43_v2,CHEMBL3310728,-9.8
TDP43_v2,CHEMBL3310731,-8.4
TDP43_v2,CHEMBL3310884,-8.4
TDP43_v2,CHEMBL3310921,-8.7
TDP43_v2,CHEMBL3310926,-9.3
TDP43_v2,CHEMBL3310928,-9.3
TDP43_v2,CHEMBL3310999,-8.5
TDP43_v2,CHEMBL33110,-9.2
TDP43_v2,CHEMBL3311015,-8.4
TDP43_v2,CHEMBL3311016,-9.0
TDP43_v2,CHEMBL3311051,-8.5
TDP43_v2,CHEMBL3311054,-8.5
TDP43_v2,CHEMBL3311107,-8.5
TDP43_v2,CHEMBL3311108,-8.4
TDP43_v2,CHEMBL3311109,-8.4
TDP43_v2,CHEMBL3311112,-8.4
TDP43_v2,CHEMBL3311113,-8.6
TDP43_v2,CHEMBL3311114,-8.4
TDP43_v2,CHEMBL3311116,-8.4
TDP43_v2,CHEMBL3311117,-8.4
TDP43_v2,CHEMBL3311118,-8.5
TDP43_v2,CHEMBL3311119,-8.4
TDP43_v2,CHEMBL3311120,-8.5
TDP43_v2,CHEMBL3311122,-8.5
TDP43_v2,CHEMBL3311125,-9.2
TDP43_v2,CHEMBL3311128,-8.6
TDP43_v2,CHEMBL3311129,-8.5
TDP43_v2,CHEMBL3311247,-9.2
TDP43_v2,CHEMBL3311270,-8.4
TDP43_v2,CHEMBL3311271,-8.5
TDP43_v2,CHEMBL3311272,-8.6
TDP43_v2,CHEMBL3311275,-9.3
TDP43_v2,CHEMBL3311276,-8.4
TDP43_v2,CHEMBL3311283,-8.5
TDP43_v2,CHEMBL3311336,-8.4
TDP43_v2,CHEMBL3311342,-8.4
TDP43_v2,CHEMBL3311383,-9.1
TDP43_v2,CHEMBL3311384,-9.1
TDP43_v2,CHEMBL3311385,-8.9
TDP43_v2,CHEMBL3311388,-9.0
TDP43_v2,CHEMBL3311445,-8.8
TDP43_v2,CHEMBL3311537,-8.5
TDP43_v2,CHEMBL33127,-8.5
TDP43_v2,CHEMBL33139,-9.3
TDP43_v2,CHEMBL3313950,-8.6
TDP43_v2,CHEMBL3314018,-9.2
TDP43_v2,CHEMBL3314276,-8.5
TDP43_v2,CHEMBL33144,-9.1
TDP43_v2,CHEMBL3314692,-8.5
TDP43_v2,CHEMBL3314980,-8.6
TDP43_v2,CHEMBL33150,-8.7
TDP43_v2,CHEMBL3315041,-8.9
TDP43_v2,CHEMBL3315057,-8.5
TDP43_v2,CHEMBL3315063,-8.5
TDP43_v2,CHEMBL3315067,-8.8
TDP43_v2,CHEMBL3315068,-8.4
TDP43_v2,CHEMBL3315154,-8.9
TDP43_v2,CHEMBL3315155,-8.5
TDP43_v2,CHEMBL3315356,-8.5
TDP43_v2,CHEMBL3315375,-9.2
TDP43_v2,CHEMBL33200,-8.5
TDP43_v2,CHEMBL33213,-8.9
TDP43_v2,CHEMBL33217,-8.8
TDP43_v2,CHEMBL33228,-9.3
TDP43_v2,CHEMBL33239,-8.9
TDP43_v2,CHEMBL33253,-9.0
TDP43_v2,CHEMBL33255,-9.0
TDP43_v2,CHEMBL33288,-8.4
TDP43_v2,CHEMBL33294,-8.7
TDP43_v2,CHEMBL33309,-8.4
TDP43_v2,CHEMBL33329,-9.0
TDP43_v2,CHEMBL33345,-8.6
TDP43_v2,CHEMBL33354,-8.9
TDP43_v2,CHEMBL33363,-9.2
TDP43_v2,CHEMBL33364,-8.5
TDP43_v2,CHEMBL33464,-8.6
TDP43_v2,CHEMBL33475,-8.5
TDP43_v2,CHEMBL3351012,-8.6
TDP43_v2,CHEMBL33537,-8.4
TDP43_v2,CHEMBL33540,-8.6
TDP43_v2,CHEMBL3355155,-8.8
TDP43_v2,CHEMBL3355157,-8.5
TDP43_v2,CHEMBL3355158,-8.4
TDP43_v2,CHEMBL33580,-8.4
TDP43_v2,CHEMBL33607,-8.4
TDP43_v2,CHEMBL33661,-8.6
TDP43_v2,CHEMBL33708,-9.1
TDP43_v2,CHEMBL33721,-8.4
TDP43_v2,CHEMBL33729,-8.4
TDP43_v2,CHEMBL33854,-8.5
TDP43_v2,CHEMBL33871,-9.3
TDP43_v2,CHEMBL33909,-8.4
TDP43_v2,CHEMBL33933,-8.4
TDP43_v2,CHEMBL339750,-8.4
TDP43_v2,CHEMBL34020,-8.5
TDP43_v2,CHEMBL34101,-8.5
TDP43_v2,CHEMBL34173,-8.5
TDP43_v2,CHEMBL34177,-8.8
TDP43_v2,CHEMBL34185,-8.7
TDP43_v2,CHEMBL34219,-8.4
TDP43_v2,CHEMBL34276,-8.6
TDP43_v2,CHEMBL34331,-8.7
TDP43_v2,CHEMBL34344,-9.7
TDP43_v2,CHEMBL34432,-8.5
TDP43_v2,CHEMBL34493,-8.7
TDP43_v2,CHEMBL34507,-9.5
TDP43_v2,CHEMBL34609,-8.4
TDP43_v2,CHEMBL34706,-8.6
TDP43_v2,CHEMBL34740,-8.4
TDP43_v2,CHEMBL34744,-8.7
TDP43_v2,CHEMBL34775,-8.9
TDP43_v2,CHEMBL34796,-9.4
TDP43_v2,CHEMBL34803,-9.3
TDP43_v2,CHEMBL34824,-9.6
TDP43_v2,CHEMBL34825,-8.6
TDP43_v2,CHEMBL34835,-9.3
TDP43_v2,CHEMBL34839,-8.6
TDP43_v2,CHEMBL34882,-9.4
TDP43_v2,CHEMBL34898,-8.5
TDP43_v2,CHEMBL34958,-8.5
TDP43_v2,CHEMBL35003,-8.4
TDP43_v2,CHEMBL35073,-9.1
TDP43_v2,CHEMBL35208,-8.6
TDP43_v2,CHEMBL35220,-8.7
TDP43_v2,CHEMBL35229,-8.7
TDP43_v2,CHEMBL35250,-8.7
TDP43_v2,CHEMBL35336,-8.6
TDP43_v2,CHEMBL35340,-8.9
TDP43_v2,CHEMBL35379,-8.4
TDP43_v2,CHEMBL35395,-9.1
TDP43_v2,CHEMBL35409,-8.5
TDP43_v2,CHEMBL35429,-8.4
TDP43_v2,CHEMBL35450,-8.7
TDP43_v2,CHEMBL35468,-8.5
TDP43_v2,CHEMBL35493,-8.8
TDP43_v2,CHEMBL35506,-8.7
TDP43_v2,CHEMBL35510,-8.6
TDP43_v2,CHEMBL35565,-8.7
TDP43_v2,CHEMBL35573,-9.0
TDP43_v2,CHEMBL35579,-8.4
TDP43_v2,CHEMBL35663,-8.5
TDP43_v2,CHEMBL35754,-9.2
TDP43_v2,CHEMBL35781,-8.6
TDP43_v2,CHEMBL35810,-9.3
TDP43_v2,CHEMBL35842,-8.6
TDP43_v2,CHEMBL35857,-8.6
TDP43_v2,CHEMBL35858,-9.0
TDP43_v2,CHEMBL35859,-8.8
TDP43_v2,CHEMBL35866,-8.9
TDP43_v2,CHEMBL35896,-8.4
TDP43_v2,CHEMBL35939,-9.4
TDP43_v2,CHEMBL35954,-9.4
TDP43_v2,CHEMBL35994,-8.4
TDP43_v2,CHEMBL36022,-8.8
TDP43_v2,CHEMBL36035,-8.5
TDP43_v2,CHEMBL36050,-8.8
TDP43_v2,CHEMBL36052,-8.4
TDP43_v2,CHEMBL36056,-8.6
TDP43_v2,CHEMBL36061,-8.6
TDP43_v2,CHEMBL36065,-8.7
TDP43_v2,CHEMBL36067,-9.1
TDP43_v2,CHEMBL36070,-8.5
TDP43_v2,CHEMBL36071,-8.6
TDP43_v2,CHEMBL36079,-8.4
TDP43_v2,CHEMBL36110,-8.7
TDP43_v2,CHEMBL36113,-9.5
TDP43_v2,CHEMBL36206,-9.1
TDP43_v2,CHEMBL36292,-8.5
TDP43_v2,CHEMBL36297,-8.9
TDP43_v2,CHEMBL36348,-8.8
TDP43_v2,CHEMBL36360,-8.6
TDP43_v2,CHEMBL36363,-8.8
TDP43_v2,CHEMBL36379,-9.4
TDP43_v2,CHEMBL36431,-8.7
TDP43_v2,CHEMBL36440,-8.8
TDP43_v2,CHEMBL36441,-8.4
TDP43_v2,CHEMBL36466,-8.8
TDP43_v2,CHEMBL36500,-9.1
TDP43_v2,CHEMBL36570,-8.8
TDP43_v2,CHEMBL36599,-8.7
TDP43_v2,CHEMBL36600,-9.0
TDP43_v2,CHEMBL36632,-8.4
TDP43_v2,CHEMBL36688,-8.6
TDP43_v2,CHEMBL36717,-9.9
TDP43_v2,CHEMBL36747,-8.5
TDP43_v2,CHEMBL36828,-8.6
TDP43_v2,CHEMBL36878,-8.7
TDP43_v2,CHEMBL36900,-8.4
TDP43_v2,CHEMBL36980,-8.7
TDP43_v2,CHEMBL37097,-8.8
TDP43_v2,CHEMBL37162,-9.5
TDP43_v2,CHEMBL37215,-8.5
TDP43_v2,CHEMBL37219,-9.0
TDP43_v2,CHEMBL37258,-8.4
TDP43_v2,CHEMBL37296,-8.7
TDP43_v2,CHEMBL37319,-8.5
TDP43_v2,CHEMBL37388,-9.1
TDP43_v2,CHEMBL37439,-8.4
TDP43_v2,CHEMBL37473,-8.4
TDP43_v2,CHEMBL3752910,-9.2
TDP43_v2,CHEMBL37597,-8.7
TDP43_v2,CHEMBL37633,-8.6
TDP43_v2,CHEMBL37634,-8.8
TDP43_v2,CHEMBL37653,-8.6
TDP43_v2,CHEMBL37657,-8.6
TDP43_v2,CHEMBL37661,-8.4
TDP43_v2,CHEMBL37708,-9.2
TDP43_v2,CHEMBL37714,-9.2
TDP43_v2,CHEMBL37721,-8.4
TDP43_v2,CHEMBL37777,-8.7
TDP43_v2,CHEMBL37810,-9.2
TDP43_v2,CHEMBL37829,-8.6
TDP43_v2,CHEMBL37867,-8.9
TDP43_v2,CHEMBL37887,-8.8
TDP43_v2,CHEMBL37897,-8.7
TDP43_v2,CHEMBL37906,-8.6
TDP43_v2,CHEMBL38058,-8.5
TDP43_v2,CHEMBL38078,-8.5
TDP43_v2,CHEMBL38120,-8.9
TDP43_v2,CHEMBL38140,-8.9
TDP43_v2,CHEMBL38152,-8.5
TDP43_v2,CHEMBL38154,-8.7
TDP43_v2,CHEMBL38176,-9.1
TDP43_v2,CHEMBL38198,-8.9
TDP43_v2,CHEMBL38232,-9.0
TDP43_v2,CHEMBL38271,-8.9
TDP43_v2,CHEMBL38309,-8.6
TDP43_v2,CHEMBL38330,-8.7
TDP43_v2,CHEMBL38340,-8.4
TDP43_v2,CHEMBL38373,-8.7
TDP43_v2,CHEMBL38418,-8.9
TDP43_v2,CHEMBL38425,-8.8
TDP43_v2,CHEMBL38433,-9.7
TDP43_v2,CHEMBL38436,-8.9
TDP43_v2,CHEMBL38451,-8.6
TDP43_v2,CHEMBL38467,-8.7
TDP43_v2,CHEMBL38477,-8.6
TDP43_v2,CHEMBL38491,-9.1
TDP43_v2,CHEMBL38543,-8.5
TDP43_v2,CHEMBL38574,-8.8
TDP43_v2,CHEMBL38650,-8.7
TDP43_v2,CHEMBL38726,-8.7
TDP43_v2,CHEMBL38767,-8.8
TDP43_v2,CHEMBL38843,-8.4
TDP43_v2,CHEMBL38861,-8.4
TDP43_v2,CHEMBL38899,-9.2
TDP43_v2,CHEMBL38917,-8.7
TDP43_v2,CHEMBL38957,-8.5
TDP43_v2,CHEMBL39077,-8.8
TDP43_v2,CHEMBL39078,-9.1
TDP43_v2,CHEMBL39153,-9.2
TDP43_v2,CHEMBL39167,-8.5
TDP43_v2,CHEMBL39171,-8.9
TDP43_v2,CHEMBL39182,-8.7
TDP43_v2,CHEMBL39186,-9.1
TDP43_v2,CHEMBL39192,-8.7
TDP43_v2,CHEMBL39225,-8.5
TDP43_v2,CHEMBL39263,-9.2
TDP43_v2,CHEMBL39266,-8.4
TDP43_v2,CHEMBL39270,-9.1
TDP43_v2,CHEMBL39285,-8.4
TDP43_v2,CHEMBL39293,-9.7
TDP43_v2,CHEMBL39315,-8.8
TDP43_v2,CHEMBL39339,-8.9
TDP43_v2,CHEMBL39397,-8.4
TDP43_v2,CHEMBL39405,-8.8
TDP43_v2,CHEMBL39449,-9.0
TDP43_v2,CHEMBL39502,-8.6
TDP43_v2,CHEMBL39511,-9.0
TDP43_v2,CHEMBL39523,-8.9
TDP43_v2,CHEMBL39526,-8.4
TDP43_v2,CHEMBL39587,-8.6
TDP43_v2,CHEMBL39590,-8.4
TDP43_v2,CHEMBL39591,-9.5
TDP43_v2,CHEMBL39604,-8.9
TDP43_v2,CHEMBL39641,-8.4
TDP43_v2,CHEMBL39760,-8.4
TDP43_v2,CHEMBL39769,-8.5
TDP43_v2,CHEMBL39793,-8.5
TDP43_v2,CHEMBL39820,-8.6
TDP43_v2,CHEMBL39830,-8.9
TDP43_v2,CHEMBL39856,-8.4
TDP43_v2,CHEMBL39859,-8.4
TDP43_v2,CHEMBL39891,-9.3
TDP43_v2,CHEMBL39932,-8.4
TDP43_v2,CHEMBL39937,-8.4
TDP43_v2,CHEMBL39947,-8.4
TDP43_v2,CHEMBL40047,-8.9
TDP43_v2,CHEMBL40077,-8.5
TDP43_v2,CHEMBL40092,-8.5
TDP43_v2,CHEMBL40114,-8.9
TDP43_v2,CHEMBL40120,-9.2
TDP43_v2,CHEMBL40174,-8.4
TDP43_v2,CHEMBL40188,-8.8
TDP43_v2,CHEMBL40211,-8.5
TDP43_v2,CHEMBL40267,-9.3
TDP43_v2,CHEMBL40430,-8.5
TDP43_v2,CHEMBL40466,-8.4
TDP43_v2,CHEMBL40558,-8.6
TDP43_v2,CHEMBL40564,-8.5
TDP43_v2,CHEMBL405667,-8.9
TDP43_v2,CHEMBL40583,-9.6
TDP43_v2,CHEMBL40684,-8.5
TDP43_v2,CHEMBL40721,-8.6
TDP43_v2,CHEMBL40747,-8.9
TDP43_v2,CHEMBL40762,-9.8
TDP43_v2,CHEMBL40776,-9.1
TDP43_v2,CHEMBL40819,-8.5
TDP43_v2,CHEMBL40906,-8.4
TDP43_v2,CHEMBL40935,-8.5
TDP43_v2,CHEMBL40937,-8.7
TDP43_v2,CHEMBL40950,-8.7
TDP43_v2,CHEMBL40956,-8.5
TDP43_v2,CHEMBL41122,-8.7
TDP43_v2,CHEMBL41123,-8.4
TDP43_v2,CHEMBL41124,-8.5
TDP43_v2,CHEMBL41154,-8.7
TDP43_v2,CHEMBL4116075,-9.1
TDP43_v2,CHEMBL4116107,-9.3
TDP43_v2,CHEMBL4116115,-8.7
TDP43_v2,CHEMBL4116156,-8.6
TDP43_v2,CHEMBL4116164,-9.5
TDP43_v2,CHEMBL4116166,-9.0
TDP43_v2,CHEMBL4116171,-8.4
TDP43_v2,CHEMBL41196,-8.4
TDP43_v2,CHEMBL41205,-8.5
TDP43_v2,CHEMBL41206,-9.4
TDP43_v2,CHEMBL41209,-8.4
TDP43_v2,CHEMBL41214,-8.6
TDP43_v2,CHEMBL41230,-8.9
TDP43_v2,CHEMBL41332,-8.5
TDP43_v2,CHEMBL41343,-8.4
TDP43_v2,CHEMBL41359,-8.5
TDP43_v2,CHEMBL41370,-8.6
TDP43_v2,CHEMBL41415,-8.6
TDP43_v2,CHEMBL41430,-9.9
TDP43_v2,CHEMBL41438,-8.4
TDP43_v2,CHEMBL41462,-9.7
TDP43_v2,CHEMBL41473,-9.2
TDP43_v2,CHEMBL41495,-9.6
TDP43_v2,CHEMBL41526,-8.8
TDP43_v2,CHEMBL41557,-8.4
TDP43_v2,CHEMBL41561,-9.0
TDP43_v2,CHEMBL41645,-8.9
TDP43_v2,CHEMBL41649,-8.5
TDP43_v2,CHEMBL41686,-8.5
TDP43_v2,CHEMBL41700,-9.0
TDP43_v2,CHEMBL41701,-9.0
TDP43_v2,CHEMBL41736,-8.6
TDP43_v2,CHEMBL41776,-8.4
TDP43_v2,CHEMBL41805,-9.4
TDP43_v2,CHEMBL41863,-8.4
TDP43_v2,CHEMBL41877,-8.9
TDP43_v2,CHEMBL41982,-8.8
TDP43_v2,CHEMBL42042,-9.2
TDP43_v2,CHEMBL42043,-8.4
TDP43_v2,CHEMBL42051,-8.9
TDP43_v2,CHEMBL42082,-8.5
TDP43_v2,CHEMBL42103,-10.2
TDP43_v2,CHEMBL42239,-9.2
TDP43_v2,CHEMBL42304,-8.7
TDP43_v2,CHEMBL42325,-8.5
TDP43_v2,CHEMBL42334,-8.9
TDP43_v2,CHEMBL42362,-8.4
TDP43_v2,CHEMBL42406,-8.9
TDP43_v2,CHEMBL42454,-8.5
TDP43_v2,CHEMBL42459,-8.4
TDP43_v2,CHEMBL42505,-8.4
TDP43_v2,CHEMBL42562,-8.4
TDP43_v2,CHEMBL42594,-8.5
TDP43_v2,CHEMBL42599,-9.2
TDP43_v2,CHEMBL42648,-8.4
TDP43_v2,CHEMBL42689,-8.6
TDP43_v2,CHEMBL42704,-9.0
TDP43_v2,CHEMBL42770,-8.8
TDP43_v2,CHEMBL42773,-8.6
TDP43_v2,CHEMBL42778,-9.2
TDP43_v2,CHEMBL42809,-8.6
TDP43_v2,CHEMBL42898,-8.8
TDP43_v2,CHEMBL42928,-8.4
TDP43_v2,CHEMBL42949,-8.4
TDP43_v2,CHEMBL42955,-8.5
TDP43_v2,CHEMBL42971,-8.6
TDP43_v2,CHEMBL4299790,-8.9
TDP43_v2,CHEMBL4299805,-9.0
TDP43_v2,CHEMBL4299821,-8.9
TDP43_v2,CHEMBL4299822,-8.4
TDP43_v2,CHEMBL4299823,-8.9
TDP43_v2,CHEMBL4299828,-8.9
TDP43_v2,CHEMBL4299877,-8.8
TDP43_v2,CHEMBL4299885,-9.1
TDP43_v2,CHEMBL4299923,-8.8
TDP43_v2,CHEMBL4299936,-8.7
TDP43_v2,CHEMBL4299972,-8.5
TDP43_v2,CHEMBL4300005,-9.1
TDP43_v2,CHEMBL4300018,-8.5
TDP43_v2,CHEMBL4300021,-8.8
TDP43_v2,CHEMBL4300074,-8.6
TDP43_v2,CHEMBL4300082,-8.4
TDP43_v2,CHEMBL4300086,-8.9
TDP43_v2,CHEMBL4300087,-9.5
TDP43_v2,CHEMBL4300088,-8.6
TDP43_v2,CHEMBL4300102,-8.7
TDP43_v2,CHEMBL4300123,-8.7
TDP43_v2,CHEMBL4300172,-8.5
TDP43_v2,CHEMBL4300173,-8.5
TDP43_v2,CHEMBL43008,-8.4
TDP43_v2,CHEMBL43017,-8.6
TDP43_v2,CHEMBL43043,-8.5
TDP43_v2,CHEMBL43052,-9.2
TDP43_v2,CHEMBL43079,-8.5
TDP43_v2,CHEMBL43105,-8.5
TDP43_v2,CHEMBL43112,-8.9
TDP43_v2,CHEMBL43139,-8.4
TDP43_v2,CHEMBL43173,-8.5
TDP43_v2,CHEMBL43177,-9.1
TDP43_v2,CHEMBL43193,-8.5
TDP43_v2,CHEMBL43200,-9.3
TDP43_v2,CHEMBL43234,-8.5
TDP43_v2,CHEMBL43326,-8.6
TDP43_v2,CHEMBL43367,-8.7
TDP43_v2,CHEMBL43391,-8.5
TDP43_v2,CHEMBL43423,-8.7
TDP43_v2,CHEMBL43432,-8.4
TDP43_v2,CHEMBL43463,-8.4
TDP43_v2,CHEMBL43467,-9.0
TDP43_v2,CHEMBL43497,-8.5
TDP43_v2,CHEMBL43509,-9.3
TDP43_v2,CHEMBL43512,-9.3
TDP43_v2,CHEMBL43513,-8.5
TDP43_v2,CHEMBL43514,-8.4
TDP43_v2,CHEMBL43535,-8.4
TDP43_v2,CHEMBL43569,-9.0
TDP43_v2,CHEMBL43572,-8.7
TDP43_v2,CHEMBL43624,-8.7
TDP43_v2,CHEMBL43627,-8.6
TDP43_v2,CHEMBL43634,-8.6
TDP43_v2,CHEMBL43638,-9.2
TDP43_v2,CHEMBL43665,-8.5
TDP43_v2,CHEMBL43702,-8.6
TDP43_v2,CHEMBL43744,-9.0
TDP43_v2,CHEMBL43775,-8.6
TDP43_v2,CHEMBL43813,-8.7
TDP43_v2,CHEMBL43817,-9.0
TDP43_v2,CHEMBL43818,-8.5
TDP43_v2,CHEMBL43860,-8.5
TDP43_v2,CHEMBL43874,-8.5
TDP43_v2,CHEMBL43877,-8.5
TDP43_v2,CHEMBL438839,-9.0
TDP43_v2,CHEMBL43909,-8.4
TDP43_v2,CHEMBL43912,-8.9
TDP43_v2,CHEMBL43956,-8.6
TDP43_v2,CHEMBL43969,-8.4
TDP43_v2,CHEMBL44049,-8.4
TDP43_v2,CHEMBL44125,-8.5
TDP43_v2,CHEMBL44159,-8.6
TDP43_v2,CHEMBL44187,-8.4
TDP43_v2,CHEMBL44190,-8.6
TDP43_v2,CHEMBL44192,-9.2
TDP43_v2,CHEMBL44231,-8.7
TDP43_v2,CHEMBL44262,-8.5
TDP43_v2,CHEMBL44310,-8.8
TDP43_v2,CHEMBL4434647,-8.6
TDP43_v2,CHEMBL4434672,-8.4
TDP43_v2,CHEMBL4434676,-8.5
TDP43_v2,CHEMBL4434697,-8.7
TDP43_v2,CHEMBL4434725,-9.3
TDP43_v2,CHEMBL4434731,-8.6
TDP43_v2,CHEMBL4434768,-8.5
TDP43_v2,CHEMBL4434797,-8.8
TDP43_v2,CHEMBL4434818,-8.5
TDP43_v2,CHEMBL4434821,-9.5
TDP43_v2,CHEMBL4434850,-9.8
TDP43_v2,CHEMBL4434852,-8.6
TDP43_v2,CHEMBL4434862,-8.6
TDP43_v2,CHEMBL4434863,-8.4
TDP43_v2,CHEMBL4434874,-8.8
TDP43_v2,CHEMBL4434876,-9.1
TDP43_v2,CHEMBL4434881,-8.7
TDP43_v2,CHEMBL4434896,-8.9
TDP43_v2,CHEMBL4434920,-8.9
TDP43_v2,CHEMBL4434926,-8.4
TDP43_v2,CHEMBL4434936,-8.8
TDP43_v2,CHEMBL4434949,-8.4
TDP43_v2,CHEMBL4434956,-10.2
TDP43_v2,CHEMBL4434974,-9.3
TDP43_v2,CHEMBL4434982,-8.7
TDP43_v2,CHEMBL4434988,-8.9
TDP43_v2,CHEMBL4434992,-8.8
TDP43_v2,CHEMBL4435001,-9.1
TDP43_v2,CHEMBL4435004,-8.6
TDP43_v2,CHEMBL4435011,-8.8
TDP43_v2,CHEMBL4435015,-10.0
TDP43_v2,CHEMBL4435019,-8.4
TDP43_v2,CHEMBL4435073,-8.5
TDP43_v2,CHEMBL4435077,-8.7
TDP43_v2,CHEMBL4435086,-8.4
TDP43_v2,CHEMBL4435090,-8.6
TDP43_v2,CHEMBL4435101,-8.8
TDP43_v2,CHEMBL4435110,-8.4
TDP43_v2,CHEMBL4435125,-8.7
TDP43_v2,CHEMBL4435160,-8.5
TDP43_v2,CHEMBL4435167,-8.4
TDP43_v2,CHEMBL4435182,-8.5
TDP43_v2,CHEMBL4435183,-8.4
TDP43_v2,CHEMBL4435210,-9.9
TDP43_v2,CHEMBL4435217,-8.5
TDP43_v2,CHEMBL4435226,-8.4
TDP43_v2,CHEMBL4435229,-8.7
TDP43_v2,CHEMBL4435236,-8.6
TDP43_v2,CHEMBL4435239,-9.1
TDP43_v2,CHEMBL4435240,-8.5
TDP43_v2,CHEMBL4435245,-8.7
TDP43_v2,CHEMBL4435250,-8.7
TDP43_v2,CHEMBL4435258,-8.6
TDP43_v2,CHEMBL4435260,-8.5
TDP43_v2,CHEMBL4435261,-8.7
TDP43_v2,CHEMBL4435268,-8.5
TDP43_v2,CHEMBL4435269,-8.5
TDP43_v2,CHEMBL4435291,-8.4
TDP43_v2,CHEMBL4435306,-8.6
TDP43_v2,CHEMBL4435326,-8.6
TDP43_v2,CHEMBL4435359,-8.6
TDP43_v2,CHEMBL4435365,-8.5
TDP43_v2,CHEMBL4435374,-8.5
TDP43_v2,CHEMBL4435391,-8.4
TDP43_v2,CHEMBL4435394,-8.5
TDP43_v2,CHEMBL4435426,-8.9
TDP43_v2,CHEMBL4435464,-8.6
TDP43_v2,CHEMBL4435472,-8.5
TDP43_v2,CHEMBL4435489,-8.4
TDP43_v2,CHEMBL4435490,-8.4
TDP43_v2,CHEMBL4435511,-9.1
TDP43_v2,CHEMBL4435512,-8.4
TDP43_v2,CHEMBL4435536,-8.6
TDP43_v2,CHEMBL4435568,-9.3
TDP43_v2,CHEMBL4435572,-8.4
TDP43_v2,CHEMBL4435609,-8.7
TDP43_v2,CHEMBL4435614,-9.0
TDP43_v2,CHEMBL4435619,-8.7
TDP43_v2,CHEMBL4435654,-8.7
TDP43_v2,CHEMBL4435672,-8.6
TDP43_v2,CHEMBL4435719,-8.5
TDP43_v2,CHEMBL4435732,-10.1
TDP43_v2,CHEMBL4435739,-8.8
TDP43_v2,CHEMBL4435753,-8.4
TDP43_v2,CHEMBL4435768,-8.5
TDP43_v2,CHEMBL4435769,-9.0
TDP43_v2,CHEMBL4435778,-8.7
TDP43_v2,CHEMBL4435816,-8.4
TDP43_v2,CHEMBL4435833,-8.4
TDP43_v2,CHEMBL4435838,-8.6
TDP43_v2,CHEMBL4435842,-9.0
TDP43_v2,CHEMBL4435845,-9.2
TDP43_v2,CHEMBL4435865,-8.5
TDP43_v2,CHEMBL4435877,-8.5
TDP43_v2,CHEMBL4435881,-8.9
TDP43_v2,CHEMBL4435894,-8.6
TDP43_v2,CHEMBL4435911,-9.0
TDP43_v2,CHEMBL4435923,-8.7
TDP43_v2,CHEMBL4435985,-8.5
TDP43_v2,CHEMBL4436007,-8.9
TDP43_v2,CHEMBL4436010,-9.0
TDP43_v2,CHEMBL4436017,-9.2
TDP43_v2,CHEMBL4436028,-9.3
TDP43_v2,CHEMBL4436041,-8.9
TDP43_v2,CHEMBL4436054,-8.4
TDP43_v2,CHEMBL4436056,-8.4
TDP43_v2,CHEMBL4436071,-8.8
TDP43_v2,CHEMBL4436086,-8.8
TDP43_v2,CHEMBL4436093,-8.4
TDP43_v2,CHEMBL4436096,-9.5
TDP43_v2,CHEMBL4436216,-8.8
TDP43_v2,CHEMBL4436225,-8.8
TDP43_v2,CHEMBL4436235,-8.8
TDP43_v2,CHEMBL4436248,-8.8
TDP43_v2,CHEMBL4436249,-8.4
TDP43_v2,CHEMBL4436254,-8.4
TDP43_v2,CHEMBL4436320,-9.0
TDP43_v2,CHEMBL4436322,-9.1
TDP43_v2,CHEMBL4436366,-9.7
TDP43_v2,CHEMBL4436373,-9.0
TDP43_v2,CHEMBL4436402,-9.5
TDP43_v2,CHEMBL4436414,-8.6
TDP43_v2,CHEMBL4436445,-8.4
TDP43_v2,CHEMBL4436455,-9.1
TDP43_v2,CHEMBL4436459,-9.0
TDP43_v2,CHEMBL4436492,-8.5
TDP43_v2,CHEMBL4436505,-9.5
TDP43_v2,CHEMBL4436521,-9.4
TDP43_v2,CHEMBL4436526,-9.1
TDP43_v2,CHEMBL4436528,-8.4
TDP43_v2,CHEMBL4436538,-8.8
TDP43_v2,CHEMBL4436548,-9.1
TDP43_v2,CHEMBL4436558,-8.5
TDP43_v2,CHEMBL4436565,-8.5
TDP43_v2,CHEMBL4436574,-8.6
TDP43_v2,CHEMBL4436585,-8.9
TDP43_v2,CHEMBL4436587,-8.9
TDP43_v2,CHEMBL4436614,-8.4
TDP43_v2,CHEMBL4436625,-9.3
TDP43_v2,CHEMBL4436630,-8.9
TDP43_v2,CHEMBL4436638,-9.0
TDP43_v2,CHEMBL4436651,-8.5
TDP43_v2,CHEMBL4436660,-8.4
TDP43_v2,CHEMBL4436670,-8.6
TDP43_v2,CHEMBL4436683,-8.5
TDP43_v2,CHEMBL4436692,-8.4
TDP43_v2,CHEMBL4436715,-8.4
TDP43_v2,CHEMBL4436728,-8.4
TDP43_v2,CHEMBL4436738,-8.9
TDP43_v2,CHEMBL4436739,-9.2
TDP43_v2,CHEMBL44375,-8.5
TDP43_v2,CHEMBL44403,-8.6
TDP43_v2,CHEMBL44414,-8.5
TDP43_v2,CHEMBL444368,-8.7
TDP43_v2,CHEMBL44472,-8.4
TDP43_v2,CHEMBL444748,-8.8
TDP43_v2,CHEMBL44492,-8.8
TDP43_v2,CHEMBL44522,-8.7
TDP43_v2,CHEMBL44532,-8.7
TDP43_v2,CHEMBL44538,-8.8
TDP43_v2,CHEMBL44591,-8.9
TDP43_v2,CHEMBL44606,-9.2
TDP43_v2,CHEMBL44611,-8.7
TDP43_v2,CHEMBL44632,-8.9
TDP43_v2,CHEMBL44633,-8.8
TDP43_v2,CHEMBL44634,-8.4
TDP43_v2,CHEMBL44636,-9.0
TDP43_v2,CHEMBL44643,-8.4
TDP43_v2,CHEMBL44683,-9.0
TDP43_v2,CHEMBL44710,-8.4
TDP43_v2,CHEMBL44723,-8.7
TDP43_v2,CHEMBL44734,-9.6
TDP43_v2,CHEMBL44748,-8.4
TDP43_v2,CHEMBL44839,-8.5
TDP43_v2,CHEMBL44859,-8.5
TDP43_v2,CHEMBL44880,-8.8
TDP43_v2,CHEMBL44893,-9.2
TDP43_v2,CHEMBL44905,-8.8
TDP43_v2,CHEMBL44936,-8.4
TDP43_v2,CHEMBL44940,-8.8
TDP43_v2,CHEMBL44943,-8.9
TDP43_v2,CHEMBL44947,-8.4
TDP43_v2,CHEMBL44994,-8.9
TDP43_v2,CHEMBL45000,-8.6
TDP43_v2,CHEMBL45044,-8.4
TDP43_v2,CHEMBL45074,-8.7
TDP43_v2,CHEMBL45096,-8.4
TDP43_v2,CHEMBL45098,-8.4
TDP43_v2,CHEMBL451,-8.4
TDP43_v2,CHEMBL45143,-8.9
TDP43_v2,CHEMBL45255,-8.6
TDP43_v2,CHEMBL45267,-8.5
TDP43_v2,CHEMBL45270,-8.9
TDP43_v2,CHEMBL4527842,-9.4
TDP43_v2,CHEMBL4527971,-8.4
TDP43_v2,CHEMBL4528139,-8.7
TDP43_v2,CHEMBL4528173,-8.6
TDP43_v2,CHEMBL4528205,-8.4
TDP43_v2,CHEMBL4528276,-8.9
TDP43_v2,CHEMBL4528332,-8.5
TDP43_v2,CHEMBL4528363,-8.6
TDP43_v2,CHEMBL4529431,-8.4
TDP43_v2,CHEMBL4529435,-8.4
TDP43_v2,CHEMBL4529437,-8.8
TDP43_v2,CHEMBL4529443,-8.7
TDP43_v2,CHEMBL4529454,-8.5
TDP43_v2,CHEMBL4529457,-9.2
TDP43_v2,CHEMBL4529472,-8.9
TDP43_v2,CHEMBL4529559,-8.7
TDP43_v2,CHEMBL4529563,-9.0
TDP43_v2,CHEMBL4529575,-8.7
TDP43_v2,CHEMBL4529577,-8.5
TDP43_v2,CHEMBL4529627,-8.6
TDP43_v2,CHEMBL4529631,-8.6
TDP43_v2,CHEMBL4529636,-8.4
TDP43_v2,CHEMBL4529649,-8.8
TDP43_v2,CHEMBL4529670,-8.4
TDP43_v2,CHEMBL4529682,-8.9
TDP43_v2,CHEMBL4529687,-8.4
TDP43_v2,CHEMBL4529698,-8.5
TDP43_v2,CHEMBL4529711,-8.6
TDP43_v2,CHEMBL4529778,-8.6
TDP43_v2,CHEMBL4529885,-9.6
TDP43_v2,CHEMBL4529934,-8.4
TDP43_v2,CHEMBL4529961,-9.0
TDP43_v2,CHEMBL4529965,-9.4
TDP43_v2,CHEMBL4529972,-8.8
TDP43_v2,CHEMBL4529977,-8.4
TDP43_v2,CHEMBL4529982,-8.9
TDP43_v2,CHEMBL4529998,-8.8
TDP43_v2,CHEMBL4530022,-9.4
TDP43_v2,CHEMBL4530028,-9.2
TDP43_v2,CHEMBL4530071,-9.4
TDP43_v2,CHEMBL4530081,-8.9
TDP43_v2,CHEMBL4530104,-8.4
TDP43_v2,CHEMBL4530123,-8.7
TDP43_v2,CHEMBL4530161,-9.6
TDP43_v2,CHEMBL4530180,-9.0
TDP43_v2,CHEMBL4530227,-9.0
TDP43_v2,CHEMBL4530238,-8.4
TDP43_v2,CHEMBL4530239,-8.9
TDP43_v2,CHEMBL4530246,-8.6
TDP43_v2,CHEMBL4530247,-9.1
TDP43_v2,CHEMBL4530264,-8.4
TDP43_v2,CHEMBL4530296,-8.5
TDP43_v2,CHEMBL4530341,-8.5
TDP43_v2,CHEMBL4530342,-8.4
TDP43_v2,CHEMBL4530362,-8.5
TDP43_v2,CHEMBL4530367,-8.5
TDP43_v2,CHEMBL4530417,-10.2
TDP43_v2,CHEMBL4530425,-8.9
TDP43_v2,CHEMBL4530435,-8.8
TDP43_v2,CHEMBL4530477,-8.6
TDP43_v2,CHEMBL45305,-8.4
TDP43_v2,CHEMBL4530503,-8.5
TDP43_v2,CHEMBL4530518,-9.1
TDP43_v2,CHEMBL4530530,-8.6
TDP43_v2,CHEMBL4530572,-8.4
TDP43_v2,CHEMBL4530573,-8.5
TDP43_v2,CHEMBL4530623,-8.4
TDP43_v2,CHEMBL4530633,-8.4
TDP43_v2,CHEMBL4530671,-9.4
TDP43_v2,CHEMBL4530672,-8.8
TDP43_v2,CHEMBL4530673,-8.9
TDP43_v2,CHEMBL4530686,-9.6
TDP43_v2,CHEMBL4530697,-9.0
TDP43_v2,CHEMBL4530711,-8.4
TDP43_v2,CHEMBL4530727,-8.9
TDP43_v2,CHEMBL4530728,-8.7
TDP43_v2,CHEMBL4530737,-8.5
TDP43_v2,CHEMBL4530764,-8.5
TDP43_v2,CHEMBL4530794,-8.5
TDP43_v2,CHEMBL4530796,-8.8
TDP43_v2,CHEMBL4530813,-8.6
TDP43_v2,CHEMBL4530818,-8.7
TDP43_v2,CHEMBL4530823,-10.0
TDP43_v2,CHEMBL4530829,-8.4
TDP43_v2,CHEMBL4530850,-8.7
TDP43_v2,CHEMBL4530878,-8.4
TDP43_v2,CHEMBL4530898,-8.4
TDP43_v2,CHEMBL4530899,-9.6
TDP43_v2,CHEMBL4530916,-8.5
TDP43_v2,CHEMBL4530924,-8.6
TDP43_v2,CHEMBL4530954,-8.7
TDP43_v2,CHEMBL4530964,-9.0
TDP43_v2,CHEMBL4530995,-8.5
TDP43_v2,CHEMBL4530997,-8.5
TDP43_v2,CHEMBL4531034,-8.5
TDP43_v2,CHEMBL4531076,-8.6
TDP43_v2,CHEMBL4531084,-9.3
TDP43_v2,CHEMBL4531106,-8.5
TDP43_v2,CHEMBL4531109,-9.0
TDP43_v2,CHEMBL4531162,-8.8
TDP43_v2,CHEMBL4531183,-9.0
TDP43_v2,CHEMBL4531190,-8.5
TDP43_v2,CHEMBL4531198,-8.4
TDP43_v2,CHEMBL4531222,-8.5
TDP43_v2,CHEMBL4531264,-8.4
TDP43_v2,CHEMBL4531266,-8.4
TDP43_v2,CHEMBL4531280,-8.5
TDP43_v2,CHEMBL4531294,-8.5
TDP43_v2,CHEMBL4531316,-8.6
TDP43_v2,CHEMBL4531337,-8.5
TDP43_v2,CHEMBL4531349,-8.6
TDP43_v2,CHEMBL4531357,-9.4
TDP43_v2,CHEMBL4531366,-9.6
TDP43_v2,CHEMBL4531374,-8.5
TDP43_v2,CHEMBL4531394,-8.4
TDP43_v2,CHEMBL4531397,-8.4
TDP43_v2,CHEMBL4531401,-8.4
TDP43_v2,CHEMBL4531438,-8.8
TDP43_v2,CHEMBL4531470,-8.8
TDP43_v2,CHEMBL4531502,-8.6
TDP43_v2,CHEMBL4531510,-8.8
TDP43_v2,CHEMBL4531544,-8.4
TDP43_v2,CHEMBL4531557,-8.4
TDP43_v2,CHEMBL4531564,-8.5
TDP43_v2,CHEMBL4531618,-8.6
TDP43_v2,CHEMBL4531626,-8.8
TDP43_v2,CHEMBL4531647,-8.6
TDP43_v2,CHEMBL4531689,-9.4
TDP43_v2,CHEMBL4531694,-8.7
TDP43_v2,CHEMBL4531718,-8.8
TDP43_v2,CHEMBL4531733,-8.8
TDP43_v2,CHEMBL4531758,-8.5
TDP43_v2,CHEMBL4531776,-8.5
TDP43_v2,CHEMBL4531781,-8.7
TDP43_v2,CHEMBL4531786,-8.4
TDP43_v2,CHEMBL4531788,-8.8
TDP43_v2,CHEMBL4531791,-8.8
TDP43_v2,CHEMBL4531795,-8.9
TDP43_v2,CHEMBL4531799,-8.4
TDP43_v2,CHEMBL4531802,-8.7
TDP43_v2,CHEMBL4531820,-8.4
TDP43_v2,CHEMBL4531843,-9.2
TDP43_v2,CHEMBL4531877,-8.8
TDP43_v2,CHEMBL4531919,-8.6
TDP43_v2,CHEMBL4531926,-9.5
TDP43_v2,CHEMBL4531945,-9.1
TDP43_v2,CHEMBL4531970,-8.7
TDP43_v2,CHEMBL4531974,-8.6
TDP43_v2,CHEMBL4532038,-9.1
TDP43_v2,CHEMBL4532050,-9.0
TDP43_v2,CHEMBL4532052,-8.5
TDP43_v2,CHEMBL4532096,-8.4
TDP43_v2,CHEMBL4532104,-9.2
TDP43_v2,CHEMBL4532117,-8.5
TDP43_v2,CHEMBL4532123,-8.5
TDP43_v2,CHEMBL4532149,-8.6
TDP43_v2,CHEMBL4532163,-8.7
TDP43_v2,CHEMBL4532181,-8.6
TDP43_v2,CHEMBL4532195,-8.5
TDP43_v2,CHEMBL4532201,-8.5
TDP43_v2,CHEMBL4532202,-9.0
TDP43_v2,CHEMBL4532223,-8.4
TDP43_v2,CHEMBL4532246,-9.4
TDP43_v2,CHEMBL4532247,-8.8
TDP43_v2,CHEMBL4532255,-8.9
TDP43_v2,CHEMBL4532287,-8.4
TDP43_v2,CHEMBL4532313,-8.4
TDP43_v2,CHEMBL4532315,-8.9
TDP43_v2,CHEMBL4532334,-9.0
TDP43_v2,CHEMBL4532349,-8.4
TDP43_v2,CHEMBL4532350,-9.6
TDP43_v2,CHEMBL4532359,-8.4
TDP43_v2,CHEMBL4532360,-8.7
TDP43_v2,CHEMBL4532378,-8.4
TDP43_v2,CHEMBL4532390,-8.6
TDP43_v2,CHEMBL4532407,-8.4
TDP43_v2,CHEMBL4532413,-8.5
TDP43_v2,CHEMBL4532418,-8.5
TDP43_v2,CHEMBL4532429,-8.7
TDP43_v2,CHEMBL4532431,-8.6
TDP43_v2,CHEMBL4532451,-8.7
TDP43_v2,CHEMBL4532455,-8.6
TDP43_v2,CHEMBL4532462,-8.8
TDP43_v2,CHEMBL4532470,-8.6
TDP43_v2,CHEMBL4532482,-8.4
TDP43_v2,CHEMBL4532639,-8.5
TDP43_v2,CHEMBL4532734,-8.6
TDP43_v2,CHEMBL4532735,-8.4
TDP43_v2,CHEMBL4532751,-9.2
TDP43_v2,CHEMBL4532806,-8.4
TDP43_v2,CHEMBL4532846,-9.0
TDP43_v2,CHEMBL4532859,-9.0
TDP43_v2,CHEMBL4532864,-8.4
TDP43_v2,CHEMBL4532866,-8.9
TDP43_v2,CHEMBL4532868,-9.3
TDP43_v2,CHEMBL4532881,-8.6
TDP43_v2,CHEMBL4532886,-9.1
TDP43_v2,CHEMBL4532898,-9.0
TDP43_v2,CHEMBL4533143,-8.4
TDP43_v2,CHEMBL4533156,-8.5
TDP43_v2,CHEMBL4533163,-8.8
TDP43_v2,CHEMBL4533171,-9.0
TDP43_v2,CHEMBL4533198,-8.8
TDP43_v2,CHEMBL4533280,-8.5
TDP43_v2,CHEMBL4533286,-8.7
TDP43_v2,CHEMBL4533309,-8.6
TDP43_v2,CHEMBL4533331,-8.4
TDP43_v2,CHEMBL4533337,-8.4
TDP43_v2,CHEMBL4533362,-8.9
TDP43_v2,CHEMBL4533379,-8.9
TDP43_v2,CHEMBL4533401,-8.4
TDP43_v2,CHEMBL4533402,-8.8
TDP43_v2,CHEMBL4533403,-8.5
TDP43_v2,CHEMBL4533406,-9.1
TDP43_v2,CHEMBL4533450,-8.6
TDP43_v2,CHEMBL4533455,-8.4
TDP43_v2,CHEMBL4533464,-9.1
TDP43_v2,CHEMBL4533470,-8.9
TDP43_v2,CHEMBL4533487,-9.4
TDP43_v2,CHEMBL4533525,-8.6
TDP43_v2,CHEMBL4533569,-10.1
TDP43_v2,CHEMBL4533610,-8.9
TDP43_v2,CHEMBL4533617,-8.6
TDP43_v2,CHEMBL4533668,-8.8
TDP43_v2,CHEMBL4533670,-8.5
TDP43_v2,CHEMBL4533677,-9.0
TDP43_v2,CHEMBL4533692,-9.0
TDP43_v2,CHEMBL4533705,-9.3
TDP43_v2,CHEMBL4533714,-8.4
TDP43_v2,CHEMBL4533725,-8.6
TDP43_v2,CHEMBL4533764,-8.5
TDP43_v2,CHEMBL4533771,-9.3
TDP43_v2,CHEMBL4533779,-9.2
TDP43_v2,CHEMBL4533854,-8.8
TDP43_v2,CHEMBL4533858,-8.4
TDP43_v2,CHEMBL4533864,-8.7
TDP43_v2,CHEMBL4533898,-9.0
TDP43_v2,CHEMBL4533915,-8.6
TDP43_v2,CHEMBL4533938,-8.6
TDP43_v2,CHEMBL4533958,-8.5
TDP43_v2,CHEMBL4533962,-8.7
TDP43_v2,CHEMBL4533979,-9.2
TDP43_v2,CHEMBL4533993,-8.7
TDP43_v2,CHEMBL4534001,-8.5
TDP43_v2,CHEMBL4534019,-8.6
TDP43_v2,CHEMBL4534068,-8.9
TDP43_v2,CHEMBL4534086,-8.4
TDP43_v2,CHEMBL4534133,-8.4
TDP43_v2,CHEMBL4534146,-8.6
TDP43_v2,CHEMBL4534171,-9.3
TDP43_v2,CHEMBL4534187,-8.8
TDP43_v2,CHEMBL4534219,-8.9
TDP43_v2,CHEMBL4534249,-9.5
TDP43_v2,CHEMBL4534265,-8.8
TDP43_v2,CHEMBL4534269,-8.7
TDP43_v2,CHEMBL4534271,-8.5
TDP43_v2,CHEMBL4534320,-8.4
TDP43_v2,CHEMBL4534332,-8.4
TDP43_v2,CHEMBL4534333,-9.1
TDP43_v2,CHEMBL4534355,-8.8
TDP43_v2,CHEMBL4534361,-8.6
TDP43_v2,CHEMBL4534365,-8.7
TDP43_v2,CHEMBL4534366,-8.9
TDP43_v2,CHEMBL4534391,-8.9
TDP43_v2,CHEMBL4534410,-8.8
TDP43_v2,CHEMBL4534423,-8.5
TDP43_v2,CHEMBL4534436,-8.7
TDP43_v2,CHEMBL4534470,-8.7
TDP43_v2,CHEMBL4534474,-8.4
TDP43_v2,CHEMBL4534475,-9.1
TDP43_v2,CHEMBL4534507,-8.9
TDP43_v2,CHEMBL4534511,-8.4
TDP43_v2,CHEMBL4534526,-8.5
TDP43_v2,CHEMBL4534527,-8.9
TDP43_v2,CHEMBL4534547,-8.6
TDP43_v2,CHEMBL4534560,-9.0
TDP43_v2,CHEMBL4534562,-8.6
TDP43_v2,CHEMBL4534578,-8.9
TDP43_v2,CHEMBL4534583,-9.5
TDP43_v2,CHEMBL4534609,-9.4
TDP43_v2,CHEMBL4534610,-9.1
TDP43_v2,CHEMBL4534639,-8.7
TDP43_v2,CHEMBL4534662,-8.7
TDP43_v2,CHEMBL4534671,-8.6
TDP43_v2,CHEMBL4534728,-8.4
TDP43_v2,CHEMBL4534742,-8.5
TDP43_v2,CHEMBL4534744,-8.8
TDP43_v2,CHEMBL4534750,-9.5
TDP43_v2,CHEMBL4534757,-9.3
TDP43_v2,CHEMBL45360,-8.8
TDP43_v2,CHEMBL45361,-8.4
TDP43_v2,CHEMBL45371,-9.0
TDP43_v2,CHEMBL45374,-8.5
TDP43_v2,CHEMBL45407,-8.7
TDP43_v2,CHEMBL4543175,-9.1
TDP43_v2,CHEMBL4543179,-8.4
TDP43_v2,CHEMBL4543251,-8.6
TDP43_v2,CHEMBL4543254,-8.8
TDP43_v2,CHEMBL4543269,-8.5
TDP43_v2,CHEMBL4543294,-8.4
TDP43_v2,CHEMBL4543351,-8.4
TDP43_v2,CHEMBL4543356,-8.5
TDP43_v2,CHEMBL4543357,-9.0
TDP43_v2,CHEMBL4543398,-9.3
TDP43_v2,CHEMBL4543405,-8.9
TDP43_v2,CHEMBL4543428,-8.9
TDP43_v2,CHEMBL4543497,-8.9
TDP43_v2,CHEMBL4543502,-8.6
TDP43_v2,CHEMBL4543552,-8.6
TDP43_v2,CHEMBL4543553,-8.7
TDP43_v2,CHEMBL4543556,-8.4
TDP43_v2,CHEMBL4543562,-9.1
TDP43_v2,CHEMBL4543576,-8.8
TDP43_v2,CHEMBL4548552,-8.4
TDP43_v2,CHEMBL45518,-8.4
TDP43_v2,CHEMBL4553128,-9.1
TDP43_v2,CHEMBL4553138,-9.1
TDP43_v2,CHEMBL4553144,-10.2
TDP43_v2,CHEMBL4553542,-8.5
TDP43_v2,CHEMBL4553558,-8.4
TDP43_v2,CHEMBL4553584,-8.4
TDP43_v2,CHEMBL4553589,-8.4
TDP43_v2,CHEMBL4553597,-8.5
TDP43_v2,CHEMBL4553608,-9.0
TDP43_v2,CHEMBL4553613,-8.7
TDP43_v2,CHEMBL4553629,-8.9
TDP43_v2,CHEMBL4553636,-8.5
TDP43_v2,CHEMBL4553654,-9.0
TDP43_v2,CHEMBL4553656,-8.9
TDP43_v2,CHEMBL4553657,-9.3
TDP43_v2,CHEMBL4553666,-8.5
TDP43_v2,CHEMBL4553671,-8.4
TDP43_v2,CHEMBL4553709,-10.8
TDP43_v2,CHEMBL45544,-8.5
TDP43_v2,CHEMBL45572,-8.8
TDP43_v2,CHEMBL45580,-8.4
TDP43_v2,CHEMBL45587,-8.5
TDP43_v2,CHEMBL4559933,-8.5
TDP43_v2,CHEMBL4559934,-8.8
TDP43_v2,CHEMBL4559936,-9.5
TDP43_v2,CHEMBL4559945,-8.4
TDP43_v2,CHEMBL4559962,-8.4
TDP43_v2,CHEMBL4559965,-8.9
TDP43_v2,CHEMBL4559974,-9.1
TDP43_v2,CHEMBL4559987,-9.9
TDP43_v2,CHEMBL4560002,-8.5
TDP43_v2,CHEMBL4560012,-8.5
TDP43_v2,CHEMBL4560013,-8.4
TDP43_v2,CHEMBL4560031,-8.5
TDP43_v2,CHEMBL4560033,-8.5
TDP43_v2,CHEMBL4560034,-9.1
TDP43_v2,CHEMBL4560050,-8.5
TDP43_v2,CHEMBL4562707,-8.4
TDP43_v2,CHEMBL4562745,-9.1
TDP43_v2,CHEMBL4562819,-8.7
TDP43_v2,CHEMBL4562825,-8.4
TDP43_v2,CHEMBL4562863,-8.4
TDP43_v2,CHEMBL4562878,-8.6
TDP43_v2,CHEMBL4563197,-9.2
TDP43_v2,CHEMBL4563272,-8.4
TDP43_v2,CHEMBL4563598,-9.3
TDP43_v2,CHEMBL4563668,-9.0
TDP43_v2,CHEMBL4563943,-9.6
TDP43_v2,CHEMBL4564043,-9.4
TDP43_v2,CHEMBL4564089,-8.4
TDP43_v2,CHEMBL4564116,-8.5
TDP43_v2,CHEMBL4564177,-8.5
TDP43_v2,CHEMBL4564198,-9.0
TDP43_v2,CHEMBL4564225,-9.4
TDP43_v2,CHEMBL4564246,-9.2
TDP43_v2,CHEMBL4564248,-8.6
TDP43_v2,CHEMBL4564272,-8.8
TDP43_v2,CHEMBL4564332,-8.5
TDP43_v2,CHEMBL4564343,-8.5
TDP43_v2,CHEMBL4564351,-8.5
TDP43_v2,CHEMBL4564373,-8.5
TDP43_v2,CHEMBL4564407,-8.5
TDP43_v2,CHEMBL4564438,-8.8
TDP43_v2,CHEMBL4564440,-8.5
TDP43_v2,CHEMBL4564441,-8.4
TDP43_v2,CHEMBL4564465,-8.7
TDP43_v2,CHEMBL4564478,-8.7
TDP43_v2,CHEMBL4564493,-8.6
TDP43_v2,CHEMBL4564513,-8.6
TDP43_v2,CHEMBL4564524,-8.8
TDP43_v2,CHEMBL4564526,-8.5
TDP43_v2,CHEMBL4564564,-8.5
TDP43_v2,CHEMBL4564566,-8.6
TDP43_v2,CHEMBL4564622,-8.9
TDP43_v2,CHEMBL4564683,-8.6
TDP43_v2,CHEMBL4564701,-9.2
TDP43_v2,CHEMBL4564717,-8.6
TDP43_v2,CHEMBL4564739,-8.6
TDP43_v2,CHEMBL4564744,-9.0
TDP43_v2,CHEMBL4564745,-9.7
TDP43_v2,CHEMBL4564799,-8.5
TDP43_v2,CHEMBL4564822,-8.5
TDP43_v2,CHEMBL4564874,-9.1
TDP43_v2,CHEMBL4564913,-8.7
TDP43_v2,CHEMBL4564941,-8.6
TDP43_v2,CHEMBL4564945,-8.4
TDP43_v2,CHEMBL4564965,-8.7
TDP43_v2,CHEMBL4564983,-8.9
TDP43_v2,CHEMBL45650,-8.9
TDP43_v2,CHEMBL4565024,-8.9
TDP43_v2,CHEMBL4565029,-8.8
TDP43_v2,CHEMBL4565038,-8.5
TDP43_v2,CHEMBL4565044,-8.6
TDP43_v2,CHEMBL4565048,-8.7
TDP43_v2,CHEMBL4565057,-8.4
TDP43_v2,CHEMBL4565103,-9.2
TDP43_v2,CHEMBL4565133,-8.5
TDP43_v2,CHEMBL4565154,-8.6
TDP43_v2,CHEMBL4565223,-8.5
TDP43_v2,CHEMBL4566100,-9.3
TDP43_v2,CHEMBL4566105,-9.4
TDP43_v2,CHEMBL4566140,-8.5
TDP43_v2,CHEMBL4566177,-8.4
TDP43_v2,CHEMBL4566187,-8.5
TDP43_v2,CHEMBL4566217,-8.6
TDP43_v2,CHEMBL4566305,-9.0
TDP43_v2,CHEMBL4566306,-8.6
TDP43_v2,CHEMBL4566342,-8.5
TDP43_v2,CHEMBL4566357,-8.6
TDP43_v2,CHEMBL4566359,-8.5
TDP43_v2,CHEMBL4566395,-8.8
TDP43_v2,CHEMBL4566420,-8.6
TDP43_v2,CHEMBL4566458,-8.9
TDP43_v2,CHEMBL4566486,-8.4
TDP43_v2,CHEMBL4566528,-9.8
TDP43_v2,CHEMBL4566549,-8.5
TDP43_v2,CHEMBL4566557,-9.1
TDP43_v2,CHEMBL4566589,-8.4
TDP43_v2,CHEMBL4566595,-8.6
TDP43_v2,CHEMBL45666,-8.8
TDP43_v2,CHEMBL4566603,-8.6
TDP43_v2,CHEMBL4566630,-8.6
TDP43_v2,CHEMBL4566700,-8.5
TDP43_v2,CHEMBL4566714,-9.3
TDP43_v2,CHEMBL4567661,-9.3
TDP43_v2,CHEMBL4567664,-8.5
TDP43_v2,CHEMBL4567665,-8.5
TDP43_v2,CHEMBL4567668,-9.0
TDP43_v2,CHEMBL4567683,-9.8
TDP43_v2,CHEMBL4567684,-9.0
TDP43_v2,CHEMBL4567738,-9.7
TDP43_v2,CHEMBL4567755,-8.5
TDP43_v2,CHEMBL4567766,-8.7
TDP43_v2,CHEMBL4567794,-8.5
TDP43_v2,CHEMBL4567813,-8.4
TDP43_v2,CHEMBL4567814,-9.0
TDP43_v2,CHEMBL4567827,-8.7
TDP43_v2,CHEMBL4567853,-8.6
TDP43_v2,CHEMBL4567859,-8.4
TDP43_v2,CHEMBL4567860,-8.8
TDP43_v2,CHEMBL4567869,-8.8
TDP43_v2,CHEMBL4567872,-9.0
TDP43_v2,CHEMBL4567878,-9.0
TDP43_v2,CHEMBL4567907,-9.5
TDP43_v2,CHEMBL4567976,-9.1
TDP43_v2,CHEMBL4567979,-8.5
TDP43_v2,CHEMBL4567981,-8.7
TDP43_v2,CHEMBL4567982,-8.7
TDP43_v2,CHEMBL4567997,-8.5
TDP43_v2,CHEMBL4568022,-8.5
TDP43_v2,CHEMBL4568025,-8.5
TDP43_v2,CHEMBL4568026,-8.4
TDP43_v2,CHEMBL4568029,-8.4
TDP43_v2,CHEMBL4568030,-8.5
TDP43_v2,CHEMBL4568035,-9.9
TDP43_v2,CHEMBL4568055,-8.5
TDP43_v2,CHEMBL4568077,-8.6
TDP43_v2,CHEMBL4568125,-8.7
TDP43_v2,CHEMBL4568132,-9.0
TDP43_v2,CHEMBL4568196,-8.7
TDP43_v2,CHEMBL45682,-8.4
TDP43_v2,CHEMBL4568203,-8.7
TDP43_v2,CHEMBL4568214,-8.4
TDP43_v2,CHEMBL4568280,-9.4
TDP43_v2,CHEMBL4568284,-8.8
TDP43_v2,CHEMBL4568299,-8.9
TDP43_v2,CHEMBL45683,-9.6
TDP43_v2,CHEMBL4568382,-9.7
TDP43_v2,CHEMBL4568472,-8.9
TDP43_v2,CHEMBL4568476,-8.5
TDP43_v2,CHEMBL4568479,-9.2
TDP43_v2,CHEMBL4568480,-8.6
TDP43_v2,CHEMBL4568489,-8.7
TDP43_v2,CHEMBL4568565,-8.4
TDP43_v2,CHEMBL4568584,-8.4
TDP43_v2,CHEMBL4568628,-8.7
TDP43_v2,CHEMBL4568636,-8.6
TDP43_v2,CHEMBL4568641,-9.1
TDP43_v2,CHEMBL4568688,-9.1
TDP43_v2,CHEMBL4568712,-9.2
TDP43_v2,CHEMBL4568718,-8.7
TDP43_v2,CHEMBL4568720,-8.4
TDP43_v2,CHEMBL4568725,-8.9
TDP43_v2,CHEMBL4568728,-9.0
TDP43_v2,CHEMBL4568740,-9.1
TDP43_v2,CHEMBL4568741,-8.7
TDP43_v2,CHEMBL4568752,-8.5
TDP43_v2,CHEMBL4568753,-8.7
TDP43_v2,CHEMBL4568805,-8.5
TDP43_v2,CHEMBL4568817,-8.8
TDP43_v2,CHEMBL4568823,-10.8
TDP43_v2,CHEMBL4568829,-9.4
TDP43_v2,CHEMBL4568847,-8.7
TDP43_v2,CHEMBL4568869,-8.5
TDP43_v2,CHEMBL4568871,-9.4
TDP43_v2,CHEMBL4568877,-9.1
TDP43_v2,CHEMBL4569164,-8.5
TDP43_v2,CHEMBL4569189,-8.8
TDP43_v2,CHEMBL4569218,-8.7
TDP43_v2,CHEMBL4569239,-8.8
TDP43_v2,CHEMBL4569287,-8.4
TDP43_v2,CHEMBL4569326,-9.0
TDP43_v2,CHEMBL4569344,-8.5
TDP43_v2,CHEMBL4569384,-8.9
TDP43_v2,CHEMBL4569386,-8.6
TDP43_v2,CHEMBL4569433,-8.4
TDP43_v2,CHEMBL4569434,-9.1
TDP43_v2,CHEMBL4570022,-8.4
TDP43_v2,CHEMBL4570029,-8.9
TDP43_v2,CHEMBL4570046,-9.1
TDP43_v2,CHEMBL4570206,-8.4
TDP43_v2,CHEMBL4570217,-8.5
TDP43_v2,CHEMBL4570224,-9.5
TDP43_v2,CHEMBL4570254,-8.9
TDP43_v2,CHEMBL4570266,-8.4
TDP43_v2,CHEMBL4570283,-8.5
TDP43_v2,CHEMBL4570293,-8.5
TDP43_v2,CHEMBL4570314,-8.4
TDP43_v2,CHEMBL4570330,-8.6
TDP43_v2,CHEMBL4570368,-8.7
TDP43_v2,CHEMBL4570384,-8.4
TDP43_v2,CHEMBL4570385,-8.4
TDP43_v2,CHEMBL4570402,-8.8
TDP43_v2,CHEMBL4570423,-8.4
TDP43_v2,CHEMBL4570435,-9.1
TDP43_v2,CHEMBL4570440,-8.4
TDP43_v2,CHEMBL4570452,-8.8
TDP43_v2,CHEMBL4570458,-9.0
TDP43_v2,CHEMBL4570476,-8.4
TDP43_v2,CHEMBL4570491,-9.1
TDP43_v2,CHEMBL4570493,-8.5
TDP43_v2,CHEMBL4570523,-9.1
TDP43_v2,CHEMBL4570545,-9.1
TDP43_v2,CHEMBL4570572,-10.5
TDP43_v2,CHEMBL4570578,-8.7
TDP43_v2,CHEMBL4570597,-8.9
TDP43_v2,CHEMBL4570616,-8.4
TDP43_v2,CHEMBL4570622,-8.7
TDP43_v2,CHEMBL4570634,-8.6
TDP43_v2,CHEMBL4570654,-9.0
TDP43_v2,CHEMBL4570660,-8.4
TDP43_v2,CHEMBL4570672,-9.2
TDP43_v2,CHEMBL4570674,-9.2
TDP43_v2,CHEMBL4570711,-8.9
TDP43_v2,CHEMBL4570775,-8.5
TDP43_v2,CHEMBL4570851,-8.5
TDP43_v2,CHEMBL4570860,-9.1
TDP43_v2,CHEMBL4570910,-9.0
TDP43_v2,CHEMBL4570912,-8.5
TDP43_v2,CHEMBL4570972,-8.6
TDP43_v2,CHEMBL4570988,-8.7
TDP43_v2,CHEMBL4571007,-8.7
TDP43_v2,CHEMBL4571014,-8.9
TDP43_v2,CHEMBL4571017,-9.3
TDP43_v2,CHEMBL4571045,-8.7
TDP43_v2,CHEMBL4571049,-8.5
TDP43_v2,CHEMBL4571062,-8.4
TDP43_v2,CHEMBL4571079,-8.6
TDP43_v2,CHEMBL4571085,-9.1
TDP43_v2,CHEMBL4571089,-8.5
TDP43_v2,CHEMBL4571098,-8.6
TDP43_v2,CHEMBL4571149,-9.2
TDP43_v2,CHEMBL4571168,-8.6
TDP43_v2,CHEMBL4571172,-8.9
TDP43_v2,CHEMBL4571187,-8.4
TDP43_v2,CHEMBL4571193,-8.8
TDP43_v2,CHEMBL4571210,-8.4
TDP43_v2,CHEMBL4571233,-8.7
TDP43_v2,CHEMBL4571235,-8.6
TDP43_v2,CHEMBL4571265,-9.0
TDP43_v2,CHEMBL4571300,-8.4
TDP43_v2,CHEMBL4571316,-8.5
TDP43_v2,CHEMBL4571330,-8.6
TDP43_v2,CHEMBL4571349,-8.4
TDP43_v2,CHEMBL4571423,-9.0
TDP43_v2,CHEMBL4571424,-9.2
TDP43_v2,CHEMBL4571430,-8.9
TDP43_v2,CHEMBL4571450,-8.7
TDP43_v2,CHEMBL4571461,-8.4
TDP43_v2,CHEMBL4571513,-9.0
TDP43_v2,CHEMBL4571531,-8.6
TDP43_v2,CHEMBL4571537,-8.4
TDP43_v2,CHEMBL4571569,-8.5
TDP43_v2,CHEMBL4571571,-8.5
TDP43_v2,CHEMBL4571586,-8.9
TDP43_v2,CHEMBL4571606,-8.9
TDP43_v2,CHEMBL4571646,-8.5
TDP43_v2,CHEMBL4571686,-8.4
TDP43_v2,CHEMBL4571687,-8.7
TDP43_v2,CHEMBL4571689,-10.0
TDP43_v2,CHEMBL4571695,-9.0
TDP43_v2,CHEMBL45717,-8.6
TDP43_v2,CHEMBL4571740,-8.9
TDP43_v2,CHEMBL4571761,-8.7
TDP43_v2,CHEMBL4571785,-9.1
TDP43_v2,CHEMBL4571786,-8.5
TDP43_v2,CHEMBL4571828,-8.9
TDP43_v2,CHEMBL4571844,-8.5
TDP43_v2,CHEMBL4571884,-8.6
TDP43_v2,CHEMBL4571895,-10.5
TDP43_v2,CHEMBL4571947,-8.4
TDP43_v2,CHEMBL4571963,-8.4
TDP43_v2,CHEMBL4572007,-8.6
TDP43_v2,CHEMBL4572027,-9.0
TDP43_v2,CHEMBL4572029,-8.7
TDP43_v2,CHEMBL4572044,-8.8
TDP43_v2,CHEMBL4572076,-8.5
TDP43_v2,CHEMBL4572090,-8.4
TDP43_v2,CHEMBL4572126,-8.8
TDP43_v2,CHEMBL4572191,-8.4
TDP43_v2,CHEMBL4572205,-8.4
TDP43_v2,CHEMBL4572554,-8.9
TDP43_v2,CHEMBL4572561,-8.6
TDP43_v2,CHEMBL4572621,-9.1
TDP43_v2,CHEMBL4572688,-8.8
TDP43_v2,CHEMBL4572719,-8.5
TDP43_v2,CHEMBL4572759,-9.2
TDP43_v2,CHEMBL4572771,-9.1
TDP43_v2,CHEMBL4572782,-8.9
TDP43_v2,CHEMBL4572783,-8.6
TDP43_v2,CHEMBL4572784,-8.6
TDP43_v2,CHEMBL4572802,-8.6
TDP43_v2,CHEMBL4572816,-10.4
TDP43_v2,CHEMBL4572828,-8.6
TDP43_v2,CHEMBL4572843,-9.0
TDP43_v2,CHEMBL4572927,-8.4
TDP43_v2,CHEMBL4572948,-8.5
TDP43_v2,CHEMBL4572950,-8.4
TDP43_v2,CHEMBL4573047,-8.4
TDP43_v2,CHEMBL4573135,-8.6
TDP43_v2,CHEMBL4573138,-8.9
TDP43_v2,CHEMBL4573172,-9.7
TDP43_v2,CHEMBL4573192,-8.8
TDP43_v2,CHEMBL4573211,-8.4
TDP43_v2,CHEMBL4573217,-8.5
TDP43_v2,CHEMBL4573263,-8.5
TDP43_v2,CHEMBL4573281,-8.4
TDP43_v2,CHEMBL4573297,-8.7
TDP43_v2,CHEMBL4573307,-10.0
TDP43_v2,CHEMBL4573316,-8.4
TDP43_v2,CHEMBL4573324,-8.8
TDP43_v2,CHEMBL4573326,-8.4
TDP43_v2,CHEMBL4573333,-8.4
TDP43_v2,CHEMBL4573380,-8.4
TDP43_v2,CHEMBL4573391,-8.7
TDP43_v2,CHEMBL4573463,-8.7
TDP43_v2,CHEMBL4573482,-8.7
TDP43_v2,CHEMBL4573486,-8.5
TDP43_v2,CHEMBL4573502,-8.5
TDP43_v2,CHEMBL4573516,-8.7
TDP43_v2,CHEMBL4573521,-9.2
TDP43_v2,CHEMBL4573526,-9.0
TDP43_v2,CHEMBL4573527,-8.6
TDP43_v2,CHEMBL4573532,-8.5
TDP43_v2,CHEMBL4573582,-8.6
TDP43_v2,CHEMBL4573584,-8.5
TDP43_v2,CHEMBL4573585,-8.7
TDP43_v2,CHEMBL4573630,-8.9
TDP43_v2,CHEMBL4573639,-8.5
TDP43_v2,CHEMBL4573665,-8.6
TDP43_v2,CHEMBL4573695,-8.4
TDP43_v2,CHEMBL4573824,-8.5
TDP43_v2,CHEMBL4573869,-8.8
TDP43_v2,CHEMBL4573890,-8.4
TDP43_v2,CHEMBL4573918,-8.4
TDP43_v2,CHEMBL4573939,-8.5
TDP43_v2,CHEMBL4573943,-8.7
TDP43_v2,CHEMBL4573994,-8.4
TDP43_v2,CHEMBL4574109,-8.7
TDP43_v2,CHEMBL4574110,-8.4
TDP43_v2,CHEMBL4574112,-8.8
TDP43_v2,CHEMBL4574114,-8.4
TDP43_v2,CHEMBL4574116,-9.4
TDP43_v2,CHEMBL4574194,-8.5
TDP43_v2,CHEMBL4574203,-9.0
TDP43_v2,CHEMBL4574223,-9.1
TDP43_v2,CHEMBL4574229,-8.7
TDP43_v2,CHEMBL4574403,-8.8
TDP43_v2,CHEMBL4574583,-8.9
TDP43_v2,CHEMBL4574588,-9.0
TDP43_v2,CHEMBL4574604,-8.4
TDP43_v2,CHEMBL4574606,-8.4
TDP43_v2,CHEMBL4574616,-8.9
TDP43_v2,CHEMBL4574622,-9.1
TDP43_v2,CHEMBL4574630,-9.9
TDP43_v2,CHEMBL4574735,-8.6
TDP43_v2,CHEMBL4574755,-8.5
TDP43_v2,CHEMBL4574765,-8.8
TDP43_v2,CHEMBL4574862,-8.4
TDP43_v2,CHEMBL4574863,-8.8
TDP43_v2,CHEMBL4574867,-8.7
TDP43_v2,CHEMBL4574876,-9.3
TDP43_v2,CHEMBL4574882,-8.8
TDP43_v2,CHEMBL4574899,-8.7
TDP43_v2,CHEMBL4574909,-9.0
TDP43_v2,CHEMBL4574911,-9.5
TDP43_v2,CHEMBL4574936,-8.6
TDP43_v2,CHEMBL4574963,-8.9
TDP43_v2,CHEMBL4574975,-8.6
TDP43_v2,CHEMBL4574977,-9.2
TDP43_v2,CHEMBL4575046,-9.0
TDP43_v2,CHEMBL4575069,-9.7
TDP43_v2,CHEMBL4575112,-8.6
TDP43_v2,CHEMBL4575350,-8.7
TDP43_v2,CHEMBL4575357,-8.7
TDP43_v2,CHEMBL4575360,-9.0
TDP43_v2,CHEMBL4575361,-8.4
TDP43_v2,CHEMBL4575411,-9.2
TDP43_v2,CHEMBL4575412,-8.7
TDP43_v2,CHEMBL4575421,-8.4
TDP43_v2,CHEMBL4575423,-8.7
TDP43_v2,CHEMBL4575518,-8.5
TDP43_v2,CHEMBL4575547,-8.8
TDP43_v2,CHEMBL4575587,-8.7
TDP43_v2,CHEMBL4575792,-9.7
TDP43_v2,CHEMBL4575814,-8.4
TDP43_v2,CHEMBL4575879,-8.4
TDP43_v2,CHEMBL4575882,-8.6
TDP43_v2,CHEMBL45788,-8.6
TDP43_v2,CHEMBL4580639,-8.5
TDP43_v2,CHEMBL4580644,-9.1
TDP43_v2,CHEMBL4580649,-8.6
TDP43_v2,CHEMBL4580660,-8.4
TDP43_v2,CHEMBL4580671,-8.9
TDP43_v2,CHEMBL4580675,-8.7
TDP43_v2,CHEMBL4580679,-9.3
TDP43_v2,CHEMBL4580706,-8.4
TDP43_v2,CHEMBL4580720,-8.6
TDP43_v2,CHEMBL4580728,-8.5
TDP43_v2,CHEMBL4580757,-8.8
TDP43_v2,CHEMBL4580797,-9.6
TDP43_v2,CHEMBL4580800,-8.5
TDP43_v2,CHEMBL4580808,-8.4
TDP43_v2,CHEMBL4580828,-8.4
TDP43_v2,CHEMBL4580861,-8.7
TDP43_v2,CHEMBL4580886,-8.9
TDP43_v2,CHEMBL4580898,-8.7
TDP43_v2,CHEMBL4580911,-8.4
TDP43_v2,CHEMBL4580923,-9.4
TDP43_v2,CHEMBL4580953,-9.4
TDP43_v2,CHEMBL4580957,-8.7
TDP43_v2,CHEMBL4580964,-8.5
TDP43_v2,CHEMBL4580982,-8.5
TDP43_v2,CHEMBL4581006,-9.0
TDP43_v2,CHEMBL4581030,-8.8
TDP43_v2,CHEMBL4581045,-8.6
TDP43_v2,CHEMBL4581052,-8.8
TDP43_v2,CHEMBL4581054,-8.5
TDP43_v2,CHEMBL4581059,-8.9
TDP43_v2,CHEMBL4581076,-9.1
TDP43_v2,CHEMBL4581089,-9.2
TDP43_v2,CHEMBL4581099,-8.8
TDP43_v2,CHEMBL4581118,-8.7
TDP43_v2,CHEMBL4581128,-9.0
TDP43_v2,CHEMBL4581153,-8.7
TDP43_v2,CHEMBL4581162,-8.8
TDP43_v2,CHEMBL4581175,-9.6
TDP43_v2,CHEMBL4581185,-8.9
TDP43_v2,CHEMBL4581196,-8.9
TDP43_v2,CHEMBL4581211,-8.6
TDP43_v2,CHEMBL4581213,-8.4
TDP43_v2,CHEMBL4581223,-8.7
TDP43_v2,CHEMBL4581233,-8.8
TDP43_v2,CHEMBL4581247,-8.4
TDP43_v2,CHEMBL4581258,-8.7
TDP43_v2,CHEMBL4581271,-8.5
TDP43_v2,CHEMBL4581275,-8.7
TDP43_v2,CHEMBL4581299,-8.4
TDP43_v2,CHEMBL45813,-9.2
TDP43_v2,CHEMBL4581371,-9.1
TDP43_v2,CHEMBL4581383,-8.4
TDP43_v2,CHEMBL4581407,-9.1
TDP43_v2,CHEMBL4581409,-8.7
TDP43_v2,CHEMBL4581425,-8.7
TDP43_v2,CHEMBL4581433,-8.4
TDP43_v2,CHEMBL4581435,-8.5
TDP43_v2,CHEMBL4581437,-8.5
TDP43_v2,CHEMBL4581452,-8.6
TDP43_v2,CHEMBL4581479,-8.5
TDP43_v2,CHEMBL4581508,-8.7
TDP43_v2,CHEMBL4581517,-9.3
TDP43_v2,CHEMBL4581531,-8.5
TDP43_v2,CHEMBL4581602,-8.7
TDP43_v2,CHEMBL4581606,-8.5
TDP43_v2,CHEMBL4581608,-8.5
TDP43_v2,CHEMBL4581625,-8.4
TDP43_v2,CHEMBL4581632,-8.6
TDP43_v2,CHEMBL4581661,-8.5
TDP43_v2,CHEMBL4581664,-8.8
TDP43_v2,CHEMBL4581665,-8.4
TDP43_v2,CHEMBL4581669,-8.6
TDP43_v2,CHEMBL4581697,-8.5
TDP43_v2,CHEMBL4581736,-8.5
TDP43_v2,CHEMBL4581739,-8.6
TDP43_v2,CHEMBL4581741,-8.6
TDP43_v2,CHEMBL4581757,-8.9
TDP43_v2,CHEMBL4581758,-8.9
TDP43_v2,CHEMBL4581775,-9.4
TDP43_v2,CHEMBL4581796,-8.4
TDP43_v2,CHEMBL4581818,-9.3
TDP43_v2,CHEMBL4581829,-8.5
TDP43_v2,CHEMBL4581837,-8.6
TDP43_v2,CHEMBL4581840,-8.9
TDP43_v2,CHEMBL4581843,-8.4
TDP43_v2,CHEMBL4581849,-8.8
TDP43_v2,CHEMBL4581856,-8.7
TDP43_v2,CHEMBL4581868,-8.5
TDP43_v2,CHEMBL4581873,-8.5
TDP43_v2,CHEMBL4581891,-8.4
TDP43_v2,CHEMBL4581897,-8.5
TDP43_v2,CHEMBL4581905,-9.1
TDP43_v2,CHEMBL4581923,-8.7
TDP43_v2,CHEMBL4581955,-8.9
TDP43_v2,CHEMBL4581962,-8.6
TDP43_v2,CHEMBL4582109,-9.5
TDP43_v2,CHEMBL4582128,-8.8
TDP43_v2,CHEMBL4582130,-8.5
TDP43_v2,CHEMBL4582162,-8.5
TDP43_v2,CHEMBL4582183,-9.2
TDP43_v2,CHEMBL4582211,-8.8
TDP43_v2,CHEMBL4582212,-8.8
TDP43_v2,CHEMBL4582217,-9.2
TDP43_v2,CHEMBL4582219,-8.5
TDP43_v2,CHEMBL4582265,-9.0
TDP43_v2,CHEMBL4582298,-8.7
TDP43_v2,CHEMBL4582301,-8.4
TDP43_v2,CHEMBL4582309,-8.5
TDP43_v2,CHEMBL4582312,-8.5
TDP43_v2,CHEMBL4582324,-8.4
TDP43_v2,CHEMBL4582347,-8.6
TDP43_v2,CHEMBL4582409,-9.1
TDP43_v2,CHEMBL4582423,-9.1
TDP43_v2,CHEMBL4582439,-8.4
TDP43_v2,CHEMBL4582448,-8.7
TDP43_v2,CHEMBL4582454,-8.4
TDP43_v2,CHEMBL4582456,-8.5
TDP43_v2,CHEMBL4582483,-8.9
TDP43_v2,CHEMBL4582525,-8.7
TDP43_v2,CHEMBL4582545,-8.8
TDP43_v2,CHEMBL4582550,-8.7
TDP43_v2,CHEMBL4582551,-9.1
TDP43_v2,CHEMBL4582553,-8.6
TDP43_v2,CHEMBL4582554,-8.7
TDP43_v2,CHEMBL4582564,-8.7
TDP43_v2,CHEMBL4582567,-9.3
TDP43_v2,CHEMBL4582595,-8.8
TDP43_v2,CHEMBL4582622,-9.1
TDP43_v2,CHEMBL4582727,-8.7
TDP43_v2,CHEMBL4582738,-8.4
TDP43_v2,CHEMBL4582741,-9.3
TDP43_v2,CHEMBL45829,-8.6
TDP43_v2,CHEMBL45830,-8.7
TDP43_v2,CHEMBL4583390,-8.5
TDP43_v2,CHEMBL4583414,-9.8
TDP43_v2,CHEMBL4583461,-8.9
TDP43_v2,CHEMBL4583548,-8.5
TDP43_v2,CHEMBL4583606,-8.5
TDP43_v2,CHEMBL4583630,-8.4
TDP43_v2,CHEMBL4583634,-10.0
TDP43_v2,CHEMBL4583640,-9.2
TDP43_v2,CHEMBL4583641,-9.2
TDP43_v2,CHEMBL4583650,-8.7
TDP43_v2,CHEMBL4583678,-8.6
TDP43_v2,CHEMBL4583721,-9.0
TDP43_v2,CHEMBL4584611,-8.4
TDP43_v2,CHEMBL4584624,-8.7
TDP43_v2,CHEMBL4584649,-9.4
TDP43_v2,CHEMBL4584679,-9.5
TDP43_v2,CHEMBL4584700,-8.7
TDP43_v2,CHEMBL4584751,-8.5
TDP43_v2,CHEMBL4584771,-9.6
TDP43_v2,CHEMBL4584783,-8.6
TDP43_v2,CHEMBL4584800,-9.3
TDP43_v2,CHEMBL4584807,-8.5
TDP43_v2,CHEMBL4584906,-10.1
TDP43_v2,CHEMBL4584917,-8.5
TDP43_v2,CHEMBL4584919,-9.1
TDP43_v2,CHEMBL4584931,-8.7
TDP43_v2,CHEMBL4584937,-9.1
TDP43_v2,CHEMBL4584949,-8.8
TDP43_v2,CHEMBL4584960,-9.0
TDP43_v2,CHEMBL4584970,-8.8
TDP43_v2,CHEMBL4585010,-8.6
TDP43_v2,CHEMBL4585019,-8.4
TDP43_v2,CHEMBL4585023,-8.9
TDP43_v2,CHEMBL4585059,-8.6
TDP43_v2,CHEMBL4585069,-8.6
TDP43_v2,CHEMBL4585164,-8.8
TDP43_v2,CHEMBL4585263,-8.5
TDP43_v2,CHEMBL4585275,-9.1
TDP43_v2,CHEMBL4585282,-8.9
TDP43_v2,CHEMBL4585299,-8.4
TDP43_v2,CHEMBL4585306,-9.2
TDP43_v2,CHEMBL4585312,-8.6
TDP43_v2,CHEMBL4585367,-8.6
TDP43_v2,CHEMBL4585368,-8.9
TDP43_v2,CHEMBL4585377,-9.4
TDP43_v2,CHEMBL4585398,-8.5
TDP43_v2,CHEMBL4585436,-8.8
TDP43_v2,CHEMBL4585441,-9.2
TDP43_v2,CHEMBL4585484,-8.8
TDP43_v2,CHEMBL4585508,-8.4
TDP43_v2,CHEMBL45871,-8.8
TDP43_v2,CHEMBL45876,-8.7
TDP43_v2,CHEMBL45965,-8.7
TDP43_v2,CHEMBL45977,-9.1
TDP43_v2,CHEMBL45987,-8.6
TDP43_v2,CHEMBL46002,-8.4
TDP43_v2,CHEMBL46037,-8.4
TDP43_v2,CHEMBL46103,-8.4
TDP43_v2,CHEMBL46127,-8.4
TDP43_v2,CHEMBL46137,-9.0
TDP43_v2,CHEMBL46140,-8.6
TDP43_v2,CHEMBL461807,-8.5
TDP43_v2,CHEMBL46187,-9.5
TDP43_v2,CHEMBL46192,-8.4
TDP43_v2,CHEMBL46196,-8.6
TDP43_v2,CHEMBL461980,-9.0
TDP43_v2,CHEMBL46199,-8.7
TDP43_v2,CHEMBL46202,-8.5
TDP43_v2,CHEMBL46211,-8.4
TDP43_v2,CHEMBL46221,-8.5
TDP43_v2,CHEMBL46234,-8.4
TDP43_v2,CHEMBL46235,-8.5
TDP43_v2,CHEMBL46269,-8.4
TDP43_v2,CHEMBL46332,-8.6
TDP43_v2,CHEMBL46343,-8.8
TDP43_v2,CHEMBL4634661,-8.5
TDP43_v2,CHEMBL4634712,-8.6
TDP43_v2,CHEMBL4634793,-9.4
TDP43_v2,CHEMBL4634811,-8.6
TDP43_v2,CHEMBL4634814,-8.5
TDP43_v2,CHEMBL4634820,-8.6
TDP43_v2,CHEMBL4634835,-8.4
TDP43_v2,CHEMBL4634844,-8.7
TDP43_v2,CHEMBL4634851,-8.4
TDP43_v2,CHEMBL4634862,-8.7
TDP43_v2,CHEMBL4634867,-8.9
TDP43_v2,CHEMBL4634873,-8.6
TDP43_v2,CHEMBL4634885,-8.6
TDP43_v2,CHEMBL4634929,-8.4
TDP43_v2,CHEMBL4634955,-8.4
TDP43_v2,CHEMBL4634956,-8.4
TDP43_v2,CHEMBL4634958,-8.4
TDP43_v2,CHEMBL4634962,-8.4
TDP43_v2,CHEMBL4634985,-8.6
TDP43_v2,CHEMBL4634991,-8.4
TDP43_v2,CHEMBL4634999,-8.6
TDP43_v2,CHEMBL4635020,-8.4
TDP43_v2,CHEMBL4635022,-8.4
TDP43_v2,CHEMBL4635038,-8.6
TDP43_v2,CHEMBL4635060,-8.6
TDP43_v2,CHEMBL4635079,-8.6
TDP43_v2,CHEMBL4635113,-8.4
TDP43_v2,CHEMBL4635149,-9.2
TDP43_v2,CHEMBL4635162,-8.5
TDP43_v2,CHEMBL4635193,-8.5
TDP43_v2,CHEMBL4635207,-8.7
TDP43_v2,CHEMBL4635211,-8.8
TDP43_v2,CHEMBL4635222,-9.1
TDP43_v2,CHEMBL4635242,-9.6
TDP43_v2,CHEMBL4635243,-8.5
TDP43_v2,CHEMBL4635261,-8.8
TDP43_v2,CHEMBL4635265,-8.7
TDP43_v2,CHEMBL4635286,-8.6
TDP43_v2,CHEMBL4635288,-8.4
TDP43_v2,CHEMBL4635318,-8.9
TDP43_v2,CHEMBL4635322,-8.6
TDP43_v2,CHEMBL4635360,-8.8
TDP43_v2,CHEMBL4635367,-8.4
TDP43_v2,CHEMBL4635392,-8.9
TDP43_v2,CHEMBL4635486,-9.4
TDP43_v2,CHEMBL4635508,-8.5
TDP43_v2,CHEMBL4635528,-8.6
TDP43_v2,CHEMBL4635532,-8.8
TDP43_v2,CHEMBL4635542,-8.7
TDP43_v2,CHEMBL4635552,-9.2
TDP43_v2,CHEMBL4635564,-8.4
TDP43_v2,CHEMBL4635582,-8.8
TDP43_v2,CHEMBL4635595,-9.6
TDP43_v2,CHEMBL4635598,-8.8
TDP43_v2,CHEMBL4635673,-9.1
TDP43_v2,CHEMBL4635680,-8.6
TDP43_v2,CHEMBL4635697,-8.5
TDP43_v2,CHEMBL4635711,-8.4
TDP43_v2,CHEMBL4635743,-8.5
TDP43_v2,CHEMBL4635746,-8.4
TDP43_v2,CHEMBL4635753,-8.4
TDP43_v2,CHEMBL4635769,-9.5
TDP43_v2,CHEMBL4635784,-8.9
TDP43_v2,CHEMBL4635787,-9.9
TDP43_v2,CHEMBL4635811,-8.5
TDP43_v2,CHEMBL4635819,-8.5
TDP43_v2,CHEMBL4635822,-8.4
TDP43_v2,CHEMBL4635830,-8.4
TDP43_v2,CHEMBL4635846,-8.9
TDP43_v2,CHEMBL4635858,-8.8
TDP43_v2,CHEMBL4635900,-8.8
TDP43_v2,CHEMBL4635912,-8.5
TDP43_v2,CHEMBL4635938,-8.4
TDP43_v2,CHEMBL4635944,-8.4
TDP43_v2,CHEMBL4635954,-8.5
TDP43_v2,CHEMBL4635965,-8.6
TDP43_v2,CHEMBL4635972,-8.5
TDP43_v2,CHEMBL4635988,-8.6
TDP43_v2,CHEMBL4636009,-8.5
TDP43_v2,CHEMBL4636016,-8.9
TDP43_v2,CHEMBL4636028,-8.4
TDP43_v2,CHEMBL4636029,-8.6
TDP43_v2,CHEMBL4636044,-8.9
TDP43_v2,CHEMBL4636074,-8.9
TDP43_v2,CHEMBL4636075,-9.3
TDP43_v2,CHEMBL4636112,-8.7
TDP43_v2,CHEMBL4636132,-8.9
TDP43_v2,CHEMBL4636148,-8.9
TDP43_v2,CHEMBL4636158,-8.6
TDP43_v2,CHEMBL4636168,-8.6
TDP43_v2,CHEMBL4636180,-8.6
TDP43_v2,CHEMBL4636184,-8.7
TDP43_v2,CHEMBL4636189,-8.9
TDP43_v2,CHEMBL4636195,-9.6
TDP43_v2,CHEMBL4636208,-9.3
TDP43_v2,CHEMBL4636228,-8.5
TDP43_v2,CHEMBL4636254,-8.4
TDP43_v2,CHEMBL4636284,-8.5
TDP43_v2,CHEMBL4636305,-8.9
TDP43_v2,CHEMBL4636331,-8.4
TDP43_v2,CHEMBL4636332,-8.6
TDP43_v2,CHEMBL4636335,-8.5
TDP43_v2,CHEMBL4636400,-8.6
TDP43_v2,CHEMBL4636413,-8.5
TDP43_v2,CHEMBL4636424,-8.7
TDP43_v2,CHEMBL4636431,-8.8
TDP43_v2,CHEMBL4636435,-8.6
TDP43_v2,CHEMBL4636443,-8.5
TDP43_v2,CHEMBL4636462,-10.0
TDP43_v2,CHEMBL4636486,-8.4
TDP43_v2,CHEMBL4636502,-8.4
TDP43_v2,CHEMBL4636507,-8.6
TDP43_v2,CHEMBL4636512,-8.5
TDP43_v2,CHEMBL4636523,-9.1
TDP43_v2,CHEMBL4636528,-8.5
TDP43_v2,CHEMBL4636556,-8.8
TDP43_v2,CHEMBL46366,-9.1
TDP43_v2,CHEMBL4636615,-8.4
TDP43_v2,CHEMBL4636617,-8.5
TDP43_v2,CHEMBL4636626,-8.5
TDP43_v2,CHEMBL4636629,-8.6
TDP43_v2,CHEMBL4636654,-8.5
TDP43_v2,CHEMBL4636665,-8.8
TDP43_v2,CHEMBL4636692,-8.5
TDP43_v2,CHEMBL4636752,-8.7
TDP43_v2,CHEMBL4636762,-8.9
TDP43_v2,CHEMBL4636766,-8.4
TDP43_v2,CHEMBL4636771,-8.8
TDP43_v2,CHEMBL4636779,-8.4
TDP43_v2,CHEMBL4636799,-8.6
TDP43_v2,CHEMBL4636815,-8.4
TDP43_v2,CHEMBL4636843,-8.4
TDP43_v2,CHEMBL4636909,-9.0
TDP43_v2,CHEMBL4636939,-8.6
TDP43_v2,CHEMBL4636940,-8.5
TDP43_v2,CHEMBL4636973,-9.0
TDP43_v2,CHEMBL4636979,-8.8
TDP43_v2,CHEMBL4636994,-8.9
TDP43_v2,CHEMBL4637014,-8.6
TDP43_v2,CHEMBL4637048,-9.0
TDP43_v2,CHEMBL4637050,-8.4
TDP43_v2,CHEMBL4637067,-8.5
TDP43_v2,CHEMBL4637085,-8.6
TDP43_v2,CHEMBL4637090,-8.8
TDP43_v2,CHEMBL4637095,-8.8
TDP43_v2,CHEMBL46371,-8.4
TDP43_v2,CHEMBL4637120,-8.6
TDP43_v2,CHEMBL4637126,-9.2
TDP43_v2,CHEMBL4637130,-8.5
TDP43_v2,CHEMBL4637136,-8.7
TDP43_v2,CHEMBL4637138,-9.5
TDP43_v2,CHEMBL4637154,-9.1
TDP43_v2,CHEMBL4637155,-8.8
TDP43_v2,CHEMBL4637158,-8.4
TDP43_v2,CHEMBL4637172,-8.6
TDP43_v2,CHEMBL4637180,-9.6
TDP43_v2,CHEMBL4637197,-8.8
TDP43_v2,CHEMBL4637198,-8.6
TDP43_v2,CHEMBL4637238,-9.1
TDP43_v2,CHEMBL4637251,-9.7
TDP43_v2,CHEMBL4637273,-8.6
TDP43_v2,CHEMBL4637291,-8.7
TDP43_v2,CHEMBL4637301,-9.1
TDP43_v2,CHEMBL4637305,-8.9
TDP43_v2,CHEMBL4637306,-8.4
TDP43_v2,CHEMBL4637311,-8.9
TDP43_v2,CHEMBL4637341,-9.1
TDP43_v2,CHEMBL4637348,-9.0
TDP43_v2,CHEMBL4637353,-8.8
TDP43_v2,CHEMBL4637378,-8.7
TDP43_v2,CHEMBL4637380,-8.4
TDP43_v2,CHEMBL4637404,-9.6
TDP43_v2,CHEMBL4637406,-8.4
TDP43_v2,CHEMBL4637410,-9.2
TDP43_v2,CHEMBL4637411,-8.7
TDP43_v2,CHEMBL4637413,-9.4
TDP43_v2,CHEMBL4637415,-9.7
TDP43_v2,CHEMBL4637418,-9.3
TDP43_v2,CHEMBL4637458,-8.4
TDP43_v2,CHEMBL4637463,-8.4
TDP43_v2,CHEMBL4637473,-8.4
TDP43_v2,CHEMBL4637484,-8.5
TDP43_v2,CHEMBL4637487,-9.4
TDP43_v2,CHEMBL4637492,-8.6
TDP43_v2,CHEMBL4637493,-8.4
TDP43_v2,CHEMBL4637536,-8.6
TDP43_v2,CHEMBL4637558,-8.9
TDP43_v2,CHEMBL4637560,-8.4
TDP43_v2,CHEMBL4637566,-8.6
TDP43_v2,CHEMBL4637569,-8.4
TDP43_v2,CHEMBL4637608,-8.7
TDP43_v2,CHEMBL4637610,-8.4
TDP43_v2,CHEMBL4637622,-9.0
TDP43_v2,CHEMBL4637624,-8.5
TDP43_v2,CHEMBL4637630,-9.2
TDP43_v2,CHEMBL4637635,-8.4
TDP43_v2,CHEMBL4637658,-9.2
TDP43_v2,CHEMBL4637707,-8.6
TDP43_v2,CHEMBL4637719,-8.5
TDP43_v2,CHEMBL4637737,-8.4
TDP43_v2,CHEMBL4637742,-8.9
TDP43_v2,CHEMBL4637758,-8.4
TDP43_v2,CHEMBL4637766,-8.5
TDP43_v2,CHEMBL4637767,-8.7
TDP43_v2,CHEMBL4637780,-8.5
TDP43_v2,CHEMBL4637789,-8.9
TDP43_v2,CHEMBL4637793,-8.8
TDP43_v2,CHEMBL4637795,-9.2
TDP43_v2,CHEMBL46378,-8.7
TDP43_v2,CHEMBL4637800,-8.8
TDP43_v2,CHEMBL4637815,-9.0
TDP43_v2,CHEMBL4637828,-9.7
TDP43_v2,CHEMBL4637848,-8.4
TDP43_v2,CHEMBL4637870,-8.8
TDP43_v2,CHEMBL4637889,-8.8
TDP43_v2,CHEMBL4637895,-9.0
TDP43_v2,CHEMBL4637918,-8.4
TDP43_v2,CHEMBL4637919,-8.4
TDP43_v2,CHEMBL4637935,-9.2
TDP43_v2,CHEMBL4637967,-8.5
TDP43_v2,CHEMBL4637999,-9.0
TDP43_v2,CHEMBL4638007,-8.4
TDP43_v2,CHEMBL4638014,-8.8
TDP43_v2,CHEMBL4638029,-9.1
TDP43_v2,CHEMBL4638033,-8.4
TDP43_v2,CHEMBL4638055,-9.0
TDP43_v2,CHEMBL4638060,-9.2
TDP43_v2,CHEMBL4638063,-8.9
TDP43_v2,CHEMBL4638087,-8.7
TDP43_v2,CHEMBL4638124,-8.7
TDP43_v2,CHEMBL4638148,-10.0
TDP43_v2,CHEMBL4638150,-8.4
TDP43_v2,CHEMBL4638161,-8.5
TDP43_v2,CHEMBL4638178,-8.7
TDP43_v2,CHEMBL4638211,-9.2
TDP43_v2,CHEMBL4638219,-8.6
TDP43_v2,CHEMBL4638223,-8.7
TDP43_v2,CHEMBL4638224,-8.4
TDP43_v2,CHEMBL4638228,-9.9
TDP43_v2,CHEMBL4638250,-8.4
TDP43_v2,CHEMBL4638285,-8.6
TDP43_v2,CHEMBL4638343,-8.4
TDP43_v2,CHEMBL4638350,-8.6
TDP43_v2,CHEMBL4638387,-8.4
TDP43_v2,CHEMBL4638427,-8.7
TDP43_v2,CHEMBL4638442,-8.5
TDP43_v2,CHEMBL4638475,-8.6
TDP43_v2,CHEMBL4638492,-9.0
TDP43_v2,CHEMBL4638493,-8.4
TDP43_v2,CHEMBL4638498,-9.1
TDP43_v2,CHEMBL4638502,-8.5
TDP43_v2,CHEMBL4638524,-8.9
TDP43_v2,CHEMBL4638528,-9.1
TDP43_v2,CHEMBL4638558,-9.0
TDP43_v2,CHEMBL4638611,-8.8
TDP43_v2,CHEMBL4638613,-8.4
TDP43_v2,CHEMBL4638615,-9.0
TDP43_v2,CHEMBL4638633,-8.6
TDP43_v2,CHEMBL4638639,-8.4
TDP43_v2,CHEMBL4638667,-8.7
TDP43_v2,CHEMBL4638693,-8.6
TDP43_v2,CHEMBL4638698,-8.5
TDP43_v2,CHEMBL4638702,-9.6
TDP43_v2,CHEMBL4638728,-8.4
TDP43_v2,CHEMBL4638748,-8.8
TDP43_v2,CHEMBL4638751,-8.4
TDP43_v2,CHEMBL4638755,-8.5
TDP43_v2,CHEMBL4638766,-8.8
TDP43_v2,CHEMBL4638783,-9.0
TDP43_v2,CHEMBL4638790,-8.5
TDP43_v2,CHEMBL4638806,-8.7
TDP43_v2,CHEMBL4638814,-8.6
TDP43_v2,CHEMBL4638878,-8.8
TDP43_v2,CHEMBL4638888,-8.4
TDP43_v2,CHEMBL4638895,-8.4
TDP43_v2,CHEMBL4638932,-8.8
TDP43_v2,CHEMBL4638937,-8.4
TDP43_v2,CHEMBL4638944,-8.5
TDP43_v2,CHEMBL4638955,-8.7
TDP43_v2,CHEMBL4638966,-8.9
TDP43_v2,CHEMBL4638969,-8.9
TDP43_v2,CHEMBL4638971,-8.7
TDP43_v2,CHEMBL4638972,-8.4
TDP43_v2,CHEMBL4638979,-8.9
TDP43_v2,CHEMBL4638981,-8.7
TDP43_v2,CHEMBL4638982,-8.6
TDP43_v2,CHEMBL4638987,-9.3
TDP43_v2,CHEMBL4638990,-8.6
TDP43_v2,CHEMBL4639048,-8.8
TDP43_v2,CHEMBL4639049,-8.6
TDP43_v2,CHEMBL4639074,-8.4
TDP43_v2,CHEMBL4639076,-8.4
TDP43_v2,CHEMBL4639103,-8.4
TDP43_v2,CHEMBL4639108,-8.9
TDP43_v2,CHEMBL4639154,-8.5
TDP43_v2,CHEMBL4639156,-8.5
TDP43_v2,CHEMBL4639157,-8.7
TDP43_v2,CHEMBL4639202,-8.5
TDP43_v2,CHEMBL4639205,-8.5
TDP43_v2,CHEMBL4639214,-9.1
TDP43_v2,CHEMBL4639215,-8.8
TDP43_v2,CHEMBL4639219,-8.5
TDP43_v2,CHEMBL4639247,-9.1
TDP43_v2,CHEMBL4639252,-8.7
TDP43_v2,CHEMBL4639256,-9.2
TDP43_v2,CHEMBL4639278,-8.6
TDP43_v2,CHEMBL4639292,-8.5
TDP43_v2,CHEMBL4639333,-8.5
TDP43_v2,CHEMBL4639356,-8.7
TDP43_v2,CHEMBL4639364,-9.8
TDP43_v2,CHEMBL4639392,-8.4
TDP43_v2,CHEMBL4639414,-8.6
TDP43_v2,CHEMBL4639477,-8.8
TDP43_v2,CHEMBL4639501,-9.0
TDP43_v2,CHEMBL4639507,-8.6
TDP43_v2,CHEMBL4639535,-8.8
TDP43_v2,CHEMBL4639542,-8.5
TDP43_v2,CHEMBL4639562,-8.5
TDP43_v2,CHEMBL4639565,-8.6
TDP43_v2,CHEMBL4639566,-8.4
TDP43_v2,CHEMBL4639572,-9.1
TDP43_v2,CHEMBL4639575,-8.6
TDP43_v2,CHEMBL4639606,-8.5
TDP43_v2,CHEMBL4639609,-8.7
TDP43_v2,CHEMBL4639614,-9.2
TDP43_v2,CHEMBL4639634,-8.8
TDP43_v2,CHEMBL4639657,-8.7
TDP43_v2,CHEMBL4639692,-8.7
TDP43_v2,CHEMBL4639704,-8.8
TDP43_v2,CHEMBL4639706,-8.5
TDP43_v2,CHEMBL4639715,-8.7
TDP43_v2,CHEMBL4639734,-8.6
TDP43_v2,CHEMBL4639745,-8.5
TDP43_v2,CHEMBL46404,-8.5
TDP43_v2,CHEMBL46425,-8.5
TDP43_v2,CHEMBL464413,-9.6
TDP43_v2,CHEMBL46449,-8.7
TDP43_v2,CHEMBL464861,-9.1
TDP43_v2,CHEMBL46498,-8.4
TDP43_v2,CHEMBL46502,-8.9
TDP43_v2,CHEMBL46523,-9.5
TDP43_v2,CHEMBL46582,-8.7
TDP43_v2,CHEMBL46610,-8.4
TDP43_v2,CHEMBL46626,-8.5
TDP43_v2,CHEMBL46657,-8.6
TDP43_v2,CHEMBL46707,-8.9
TDP43_v2,CHEMBL46730,-8.4
TDP43_v2,CHEMBL46751,-8.6
TDP43_v2,CHEMBL46788,-8.8
TDP43_v2,CHEMBL46799,-8.9
TDP43_v2,CHEMBL46806,-8.4
TDP43_v2,CHEMBL46821,-8.6
TDP43_v2,CHEMBL46884,-9.4
TDP43_v2,CHEMBL46905,-8.6
TDP43_v2,CHEMBL46934,-8.5
TDP43_v2,CHEMBL46938,-9.2
TDP43_v2,CHEMBL46940,-9.0
TDP43_v2,CHEMBL46959,-8.9
TDP43_v2,CHEMBL46969,-8.6
TDP43_v2,CHEMBL46982,-8.4
TDP43_v2,CHEMBL47050,-10.0
TDP43_v2,CHEMBL47118,-9.3
TDP43_v2,CHEMBL47145,-8.7
TDP43_v2,CHEMBL47207,-8.4
TDP43_v2,CHEMBL47230,-8.5
TDP43_v2,CHEMBL47242,-8.7
TDP43_v2,CHEMBL47247,-8.4
TDP43_v2,CHEMBL47273,-8.4
TDP43_v2,CHEMBL47276,-8.6
TDP43_v2,CHEMBL47279,-8.6
TDP43_v2,CHEMBL47336,-8.5
TDP43_v2,CHEMBL47338,-8.4
TDP43_v2,CHEMBL47352,-9.0
TDP43_v2,CHEMBL47358,-8.5
TDP43_v2,CHEMBL47376,-9.6
TDP43_v2,CHEMBL47430,-9.5
TDP43_v2,CHEMBL47488,-8.4
TDP43_v2,CHEMBL47496,-8.8
TDP43_v2,CHEMBL47498,-9.2
TDP43_v2,CHEMBL47558,-8.5
TDP43_v2,CHEMBL47591,-9.2
TDP43_v2,CHEMBL47603,-8.6
TDP43_v2,CHEMBL47606,-8.5
TDP43_v2,CHEMBL47622,-8.5
TDP43_v2,CHEMBL47624,-8.9
TDP43_v2,CHEMBL47631,-8.7
TDP43_v2,CHEMBL47662,-9.5
TDP43_v2,CHEMBL47691,-8.4
TDP43_v2,CHEMBL47703,-9.0
TDP43_v2,CHEMBL47764,-8.6
TDP43_v2,CHEMBL47779,-8.5
TDP43_v2,CHEMBL47821,-8.5
TDP43_v2,CHEMBL47823,-8.6
TDP43_v2,CHEMBL47840,-8.8
TDP43_v2,CHEMBL47851,-8.9
TDP43_v2,CHEMBL47971,-8.6
TDP43_v2,CHEMBL48009,-8.7
TDP43_v2,CHEMBL48019,-8.6
TDP43_v2,CHEMBL48045,-8.4
TDP43_v2,CHEMBL48052,-8.9
TDP43_v2,CHEMBL48107,-8.8
TDP43_v2,CHEMBL48115,-8.4
TDP43_v2,CHEMBL48117,-8.5
TDP43_v2,CHEMBL48165,-8.4
TDP43_v2,CHEMBL48192,-9.0
TDP43_v2,CHEMBL48199,-8.5
TDP43_v2,CHEMBL48248,-8.9
TDP43_v2,CHEMBL48267,-8.7
TDP43_v2,CHEMBL48284,-9.2
TDP43_v2,CHEMBL48353,-8.4
TDP43_v2,CHEMBL48390,-8.4
TDP43_v2,CHEMBL48409,-8.4
TDP43_v2,CHEMBL48421,-8.4
TDP43_v2,CHEMBL48541,-8.5
TDP43_v2,CHEMBL48636,-8.4
TDP43_v2,CHEMBL48648,-8.4
TDP43_v2,CHEMBL48665,-8.4
TDP43_v2,CHEMBL48674,-8.7
TDP43_v2,CHEMBL48676,-8.9
TDP43_v2,CHEMBL48685,-8.4
TDP43_v2,CHEMBL48696,-8.6
TDP43_v2,CHEMBL48717,-8.4
TDP43_v2,CHEMBL48741,-9.9
TDP43_v2,CHEMBL48754,-8.9
TDP43_v2,CHEMBL48803,-8.6
TDP43_v2,CHEMBL48813,-8.7
TDP43_v2,CHEMBL48856,-8.4
TDP43_v2,CHEMBL48867,-8.4
TDP43_v2,CHEMBL48879,-8.7
TDP43_v2,CHEMBL48909,-8.6
TDP43_v2,CHEMBL48960,-9.2
TDP43_v2,CHEMBL49063,-8.6
TDP43_v2,CHEMBL49085,-8.6
TDP43_v2,CHEMBL49130,-8.6
TDP43_v2,CHEMBL49133,-9.8
TDP43_v2,CHEMBL49175,-9.9
TDP43_v2,CHEMBL49190,-9.0
TDP43_v2,CHEMBL49199,-9.4
TDP43_v2,CHEMBL49224,-9.3
TDP43_v2,CHEMBL49230,-8.7
TDP43_v2,CHEMBL49322,-9.2
TDP43_v2,CHEMBL49325,-8.4
TDP43_v2,CHEMBL49370,-8.5
TDP43_v2,CHEMBL49404,-8.5
TDP43_v2,CHEMBL49423,-8.7
TDP43_v2,CHEMBL49449,-8.7
TDP43_v2,CHEMBL49468,-8.8
TDP43_v2,CHEMBL49470,-8.6
TDP43_v2,CHEMBL495018,-8.7
TDP43_v2,CHEMBL495019,-8.6
TDP43_v2,CHEMBL49503,-8.4
TDP43_v2,CHEMBL49552,-8.4
TDP43_v2,CHEMBL49558,-8.4
TDP43_v2,CHEMBL495865,-8.6
TDP43_v2,CHEMBL496101,-8.4
TDP43_v2,CHEMBL49627,-8.6
TDP43_v2,CHEMBL49634,-8.6
TDP43_v2,CHEMBL496400,-8.6
TDP43_v2,CHEMBL496562,-9.1
TDP43_v2,CHEMBL496798,-8.8
TDP43_v2,CHEMBL496946,-8.5
TDP43_v2,CHEMBL49696,-9.6
TDP43_v2,CHEMBL49725,-10.3
TDP43_v2,CHEMBL497261,-10.0
TDP43_v2,CHEMBL497559,-8.7
TDP43_v2,CHEMBL49765,-8.4
TDP43_v2,CHEMBL497670,-8.6
TDP43_v2,CHEMBL497692,-8.7
TDP43_v2,CHEMBL497716,-9.0
TDP43_v2,CHEMBL497735,-8.4
TDP43_v2,CHEMBL497736,-8.6
TDP43_v2,CHEMBL497765,-8.4
TDP43_v2,CHEMBL497769,-8.5
TDP43_v2,CHEMBL497779,-8.9
TDP43_v2,CHEMBL497781,-8.4
TDP43_v2,CHEMBL497809,-8.4
TDP43_v2,CHEMBL497832,-9.0
TDP43_v2,CHEMBL497967,-8.4
TDP43_v2,CHEMBL497968,-8.5
TDP43_v2,CHEMBL498004,-8.8
TDP43_v2,CHEMBL498005,-8.5
TDP43_v2,CHEMBL498112,-8.9
TDP43_v2,CHEMBL498114,-9.0
TDP43_v2,CHEMBL498130,-8.9
TDP43_v2,CHEMBL498145,-9.0
TDP43_v2,CHEMBL498183,-9.9
TDP43_v2,CHEMBL498220,-8.6
TDP43_v2,CHEMBL498237,-8.9
TDP43_v2,CHEMBL498255,-8.5
TDP43_v2,CHEMBL498280,-8.4
TDP43_v2,CHEMBL498308,-8.4
TDP43_v2,CHEMBL498324,-9.0
TDP43_v2,CHEMBL498344,-8.8
TDP43_v2,CHEMBL49835,-9.1
TDP43_v2,CHEMBL498390,-9.7
TDP43_v2,CHEMBL498391,-9.5
TDP43_v2,CHEMBL498420,-8.5
TDP43_v2,CHEMBL498434,-8.5
TDP43_v2,CHEMBL498471,-9.0
TDP43_v2,CHEMBL498472,-8.8
TDP43_v2,CHEMBL498474,-8.6
TDP43_v2,CHEMBL498492,-8.7
TDP43_v2,CHEMBL498519,-8.6
TDP43_v2,CHEMBL498544,-8.9
TDP43_v2,CHEMBL498572,-8.5
TDP43_v2,CHEMBL498585,-9.0
TDP43_v2,CHEMBL498608,-8.5
TDP43_v2,CHEMBL49869,-8.7
TDP43_v2,CHEMBL498704,-8.5
TDP43_v2,CHEMBL498749,-8.4
TDP43_v2,CHEMBL498764,-8.4
TDP43_v2,CHEMBL498796,-8.6
TDP43_v2,CHEMBL498797,-9.1
TDP43_v2,CHEMBL498807,-8.4
TDP43_v2,CHEMBL49884,-8.5
TDP43_v2,CHEMBL498905,-8.5
TDP43_v2,CHEMBL498907,-8.5
TDP43_v2,CHEMBL49891,-8.5
TDP43_v2,CHEMBL49894,-8.7
TDP43_v2,CHEMBL498951,-9.0
TDP43_v2,CHEMBL499042,-8.5
TDP43_v2,CHEMBL49905,-9.1
TDP43_v2,CHEMBL499067,-8.6
TDP43_v2,CHEMBL499089,-8.7
TDP43_v2,CHEMBL499202,-9.2
TDP43_v2,CHEMBL499227,-8.5
TDP43_v2,CHEMBL499280,-9.7
TDP43_v2,CHEMBL499301,-8.7
TDP43_v2,CHEMBL499335,-8.8
TDP43_v2,CHEMBL499339,-8.4
TDP43_v2,CHEMBL499488,-9.8
TDP43_v2,CHEMBL499548,-8.4
TDP43_v2,CHEMBL499555,-8.4
TDP43_v2,CHEMBL49958,-8.8
TDP43_v2,CHEMBL499594,-9.8
TDP43_v2,CHEMBL499604,-8.7
TDP43_v2,CHEMBL499605,-8.4
TDP43_v2,CHEMBL499617,-8.4
TDP43_v2,CHEMBL499637,-8.5
TDP43_v2,CHEMBL49969,-9.0
TDP43_v2,CHEMBL499693,-9.2
TDP43_v2,CHEMBL499705,-8.5
TDP43_v2,CHEMBL499810,-9.1
TDP43_v2,CHEMBL499812,-8.6
TDP43_v2,CHEMBL49990,-8.9
TDP43_v2,CHEMBL499952,-8.4
TDP43_v2,CHEMBL499961,-9.7
TDP43_v2,CHEMBL500003,-8.7
TDP43_v2,CHEMBL500051,-8.5
TDP43_v2,CHEMBL500100,-8.4
TDP43_v2,CHEMBL500108,-8.5
TDP43_v2,CHEMBL500114,-8.8
TDP43_v2,CHEMBL500144,-9.4
TDP43_v2,CHEMBL500217,-8.5
TDP43_v2,CHEMBL50023,-8.4
TDP43_v2,CHEMBL500246,-8.5
TDP43_v2,CHEMBL500384,-9.8
TDP43_v2,CHEMBL500394,-8.8
TDP43_v2,CHEMBL500401,-8.6
TDP43_v2,CHEMBL500422,-8.7
TDP43_v2,CHEMBL50050,-8.4
TDP43_v2,CHEMBL500560,-8.7
TDP43_v2,CHEMBL500615,-8.5
TDP43_v2,CHEMBL500635,-8.7
TDP43_v2,CHEMBL500662,-9.3
TDP43_v2,CHEMBL500684,-8.9
TDP43_v2,CHEMBL500729,-8.4
TDP43_v2,CHEMBL500744,-8.6
TDP43_v2,CHEMBL500777,-9.2
TDP43_v2,CHEMBL500821,-8.6
TDP43_v2,CHEMBL500905,-9.3
TDP43_v2,CHEMBL500941,-8.4
TDP43_v2,CHEMBL500990,-8.4
TDP43_v2,CHEMBL501013,-8.4
TDP43_v2,CHEMBL501014,-8.8
TDP43_v2,CHEMBL501077,-8.5
TDP43_v2,CHEMBL501200,-8.4
TDP43_v2,CHEMBL501242,-8.5
TDP43_v2,CHEMBL501280,-8.8
TDP43_v2,CHEMBL501285,-8.7
TDP43_v2,CHEMBL501326,-8.6
TDP43_v2,CHEMBL501414,-8.7
TDP43_v2,CHEMBL501462,-8.4
TDP43_v2,CHEMBL501471,-8.6
TDP43_v2,CHEMBL501513,-8.4
TDP43_v2,CHEMBL501686,-8.5
TDP43_v2,CHEMBL50169,-9.9
TDP43_v2,CHEMBL501716,-8.5
TDP43_v2,CHEMBL501726,-8.4
TDP43_v2,CHEMBL501758,-8.7
TDP43_v2,CHEMBL501779,-8.7
TDP43_v2,CHEMBL501808,-8.5
TDP43_v2,CHEMBL50183,-8.4
TDP43_v2,CHEMBL50187,-8.8
TDP43_v2,CHEMBL501872,-8.6
TDP43_v2,CHEMBL501959,-8.7
TDP43_v2,CHEMBL502005,-9.1
TDP43_v2,CHEMBL502013,-8.5
TDP43_v2,CHEMBL502015,-9.1
TDP43_v2,CHEMBL50206,-8.5
TDP43_v2,CHEMBL502071,-8.5
TDP43_v2,CHEMBL502084,-8.5
TDP43_v2,CHEMBL502113,-8.4
TDP43_v2,CHEMBL502133,-8.9
TDP43_v2,CHEMBL50215,-9.1
TDP43_v2,CHEMBL502155,-10.7
TDP43_v2,CHEMBL502159,-8.7
TDP43_v2,CHEMBL502237,-8.7
TDP43_v2,CHEMBL502258,-9.6
TDP43_v2,CHEMBL502264,-8.5
TDP43_v2,CHEMBL502269,-8.6
TDP43_v2,CHEMBL50227,-8.5
TDP43_v2,CHEMBL502283,-8.5
TDP43_v2,CHEMBL502467,-8.7
TDP43_v2,CHEMBL502540,-8.4
TDP43_v2,CHEMBL502558,-8.5
TDP43_v2,CHEMBL502569,-8.9
TDP43_v2,CHEMBL502579,-9.9
TDP43_v2,CHEMBL502694,-8.6
TDP43_v2,CHEMBL502745,-9.1
TDP43_v2,CHEMBL502830,-8.9
TDP43_v2,CHEMBL502837,-8.4
TDP43_v2,CHEMBL502839,-9.1
TDP43_v2,CHEMBL502966,-8.4
TDP43_v2,CHEMBL502972,-8.6
TDP43_v2,CHEMBL503017,-8.7
TDP43_v2,CHEMBL50303,-8.4
TDP43_v2,CHEMBL503046,-9.4
TDP43_v2,CHEMBL503048,-8.8
TDP43_v2,CHEMBL503071,-8.5
TDP43_v2,CHEMBL503079,-8.5
TDP43_v2,CHEMBL503169,-8.4
TDP43_v2,CHEMBL50322,-8.9
TDP43_v2,CHEMBL503237,-9.6
TDP43_v2,CHEMBL503253,-9.5
TDP43_v2,CHEMBL503314,-9.0
TDP43_v2,CHEMBL503331,-8.9
TDP43_v2,CHEMBL503486,-9.0
TDP43_v2,CHEMBL503487,-9.4
TDP43_v2,CHEMBL503546,-8.7
TDP43_v2,CHEMBL50357,-8.6
TDP43_v2,CHEMBL503616,-8.4
TDP43_v2,CHEMBL503699,-8.4
TDP43_v2,CHEMBL503748,-8.6
TDP43_v2,CHEMBL503772,-8.6
TDP43_v2,CHEMBL503980,-9.1
TDP43_v2,CHEMBL504024,-9.9
TDP43_v2,CHEMBL50408,-8.5
TDP43_v2,CHEMBL504136,-8.4
TDP43_v2,CHEMBL504139,-9.1
TDP43_v2,CHEMBL504164,-8.7
TDP43_v2,CHEMBL50426,-8.7
TDP43_v2,CHEMBL504261,-8.4
TDP43_v2,CHEMBL504267,-8.4
TDP43_v2,CHEMBL50433,-8.8
TDP43_v2,CHEMBL504398,-9.8
TDP43_v2,CHEMBL504473,-8.6
TDP43_v2,CHEMBL504788,-9.1
TDP43_v2,CHEMBL504803,-8.9
TDP43_v2,CHEMBL504812,-8.5
TDP43_v2,CHEMBL505036,-8.5
TDP43_v2,CHEMBL50509,-9.5
TDP43_v2,CHEMBL505168,-9.7
TDP43_v2,CHEMBL505187,-8.5
TDP43_v2,CHEMBL505289,-8.7
TDP43_v2,CHEMBL505413,-9.7
TDP43_v2,CHEMBL505445,-9.2
TDP43_v2,CHEMBL505454,-8.7
TDP43_v2,CHEMBL505676,-8.8
TDP43_v2,CHEMBL505698,-8.9
TDP43_v2,CHEMBL505775,-9.1
TDP43_v2,CHEMBL50580,-8.9
TDP43_v2,CHEMBL50581,-8.8
TDP43_v2,CHEMBL50584,-8.9
TDP43_v2,CHEMBL505908,-9.6
TDP43_v2,CHEMBL50607,-9.0
TDP43_v2,CHEMBL506077,-8.7
TDP43_v2,CHEMBL506155,-8.6
TDP43_v2,CHEMBL506169,-8.8
TDP43_v2,CHEMBL506233,-8.5
TDP43_v2,CHEMBL506266,-8.8
TDP43_v2,CHEMBL506278,-8.6
TDP43_v2,CHEMBL506484,-8.4
TDP43_v2,CHEMBL506533,-9.4
TDP43_v2,CHEMBL50661,-9.0
TDP43_v2,CHEMBL506611,-8.4
TDP43_v2,CHEMBL50666,-9.2
TDP43_v2,CHEMBL506671,-8.6
TDP43_v2,CHEMBL506719,-8.6
TDP43_v2,CHEMBL506742,-8.6
TDP43_v2,CHEMBL506873,-8.8
TDP43_v2,CHEMBL506881,-8.5
TDP43_v2,CHEMBL506963,-8.5
TDP43_v2,CHEMBL50698,-8.6
TDP43_v2,CHEMBL506980,-8.4
TDP43_v2,CHEMBL507067,-8.4
TDP43_v2,CHEMBL507184,-8.5
TDP43_v2,CHEMBL507222,-9.0
TDP43_v2,CHEMBL507325,-9.0
TDP43_v2,CHEMBL507348,-8.4
TDP43_v2,CHEMBL50742,-8.6
TDP43_v2,CHEMBL507469,-8.7
TDP43_v2,CHEMBL507625,-9.0
TDP43_v2,CHEMBL507714,-8.6
TDP43_v2,CHEMBL507747,-8.4
TDP43_v2,CHEMBL507756,-8.4
TDP43_v2,CHEMBL507802,-8.6
TDP43_v2,CHEMBL507810,-9.0
TDP43_v2,CHEMBL50783,-8.9
TDP43_v2,CHEMBL507831,-8.6
TDP43_v2,CHEMBL507835,-8.7
TDP43_v2,CHEMBL507879,-9.0
TDP43_v2,CHEMBL507916,-8.6
TDP43_v2,CHEMBL507922,-8.7
TDP43_v2,CHEMBL507973,-8.9
TDP43_v2,CHEMBL508050,-8.4
TDP43_v2,CHEMBL50807,-8.6
TDP43_v2,CHEMBL508098,-8.7
TDP43_v2,CHEMBL508135,-8.7
TDP43_v2,CHEMBL508187,-8.4
TDP43_v2,CHEMBL508201,-8.9
TDP43_v2,CHEMBL508203,-9.3
TDP43_v2,CHEMBL508248,-8.5
TDP43_v2,CHEMBL508274,-9.3
TDP43_v2,CHEMBL508307,-9.1
TDP43_v2,CHEMBL508403,-8.9
TDP43_v2,CHEMBL508453,-9.3
TDP43_v2,CHEMBL508488,-9.1
TDP43_v2,CHEMBL508515,-8.7
TDP43_v2,CHEMBL508529,-8.5
TDP43_v2,CHEMBL508535,-9.7
TDP43_v2,CHEMBL508557,-8.4
TDP43_v2,CHEMBL508565,-8.4
TDP43_v2,CHEMBL508659,-8.5
TDP43_v2,CHEMBL508754,-9.0
TDP43_v2,CHEMBL508758,-8.6
TDP43_v2,CHEMBL508836,-8.7
TDP43_v2,CHEMBL50884,-8.6
TDP43_v2,CHEMBL508861,-8.8
TDP43_v2,CHEMBL508883,-8.4
TDP43_v2,CHEMBL508885,-8.8
TDP43_v2,CHEMBL508886,-8.4
TDP43_v2,CHEMBL508898,-8.6
TDP43_v2,CHEMBL508915,-8.5
TDP43_v2,CHEMBL508966,-9.3
TDP43_v2,CHEMBL509079,-8.9
TDP43_v2,CHEMBL509101,-9.1
TDP43_v2,CHEMBL509131,-8.8
TDP43_v2,CHEMBL509251,-8.9
TDP43_v2,CHEMBL509257,-8.5
TDP43_v2,CHEMBL50926,-9.3
TDP43_v2,CHEMBL50928,-8.6
TDP43_v2,CHEMBL509305,-8.8
TDP43_v2,CHEMBL50933,-8.6
TDP43_v2,CHEMBL509400,-8.5
TDP43_v2,CHEMBL509408,-9.0
TDP43_v2,CHEMBL509412,-8.7
TDP43_v2,CHEMBL509499,-9.9
TDP43_v2,CHEMBL509622,-8.6
TDP43_v2,CHEMBL509656,-8.7
TDP43_v2,CHEMBL50972,-8.4
TDP43_v2,CHEMBL509725,-9.3
TDP43_v2,CHEMBL50973,-8.4
TDP43_v2,CHEMBL509747,-8.8
TDP43_v2,CHEMBL509760,-8.4
TDP43_v2,CHEMBL509816,-8.4
TDP43_v2,CHEMBL50986,-9.1
TDP43_v2,CHEMBL509903,-8.5
TDP43_v2,CHEMBL509913,-8.9
TDP43_v2,CHEMBL509961,-8.4
TDP43_v2,CHEMBL509970,-8.4
TDP43_v2,CHEMBL509972,-8.4
TDP43_v2,CHEMBL510009,-8.4
TDP43_v2,CHEMBL510021,-8.4
TDP43_v2,CHEMBL51005,-9.0
TDP43_v2,CHEMBL510084,-8.5
TDP43_v2,CHEMBL510193,-8.7
TDP43_v2,CHEMBL510211,-8.4
TDP43_v2,CHEMBL510280,-9.7
TDP43_v2,CHEMBL510386,-9.0
TDP43_v2,CHEMBL51039,-8.4
TDP43_v2,CHEMBL510426,-8.5
TDP43_v2,CHEMBL510455,-9.2
TDP43_v2,CHEMBL510459,-8.5
TDP43_v2,CHEMBL51050,-9.2
TDP43_v2,CHEMBL51052,-8.4
TDP43_v2,CHEMBL510540,-9.4
TDP43_v2,CHEMBL510545,-8.7
TDP43_v2,CHEMBL510547,-8.6
TDP43_v2,CHEMBL510589,-9.2
TDP43_v2,CHEMBL51061,-8.7
TDP43_v2,CHEMBL510667,-8.5
TDP43_v2,CHEMBL510668,-8.8
TDP43_v2,CHEMBL51075,-8.5
TDP43_v2,CHEMBL510814,-8.5
TDP43_v2,CHEMBL510902,-8.7
TDP43_v2,CHEMBL510937,-8.4
TDP43_v2,CHEMBL511056,-8.6
TDP43_v2,CHEMBL511133,-8.4
TDP43_v2,CHEMBL511169,-9.0
TDP43_v2,CHEMBL511177,-8.4
TDP43_v2,CHEMBL511218,-8.6
TDP43_v2,CHEMBL511228,-8.5
TDP43_v2,CHEMBL511234,-8.5
TDP43_v2,CHEMBL511251,-8.8
TDP43_v2,CHEMBL511277,-8.6
TDP43_v2,CHEMBL511317,-8.7
TDP43_v2,CHEMBL511318,-9.2
TDP43_v2,CHEMBL511378,-9.0
TDP43_v2,CHEMBL511381,-8.7
TDP43_v2,CHEMBL511409,-8.6
TDP43_v2,CHEMBL511414,-9.2
TDP43_v2,CHEMBL511428,-8.4
TDP43_v2,CHEMBL511438,-8.8
TDP43_v2,CHEMBL511458,-8.4
TDP43_v2,CHEMBL511475,-8.7
TDP43_v2,CHEMBL511476,-9.0
TDP43_v2,CHEMBL511480,-8.7
TDP43_v2,CHEMBL511484,-8.7
TDP43_v2,CHEMBL511518,-8.4
TDP43_v2,CHEMBL511521,-8.5
TDP43_v2,CHEMBL511563,-8.6
TDP43_v2,CHEMBL511599,-8.5
TDP43_v2,CHEMBL511600,-8.8
TDP43_v2,CHEMBL511605,-8.9
TDP43_v2,CHEMBL511625,-8.9
TDP43_v2,CHEMBL51165,-8.6
TDP43_v2,CHEMBL511664,-8.7
TDP43_v2,CHEMBL511703,-8.6
TDP43_v2,CHEMBL511752,-8.6
TDP43_v2,CHEMBL511754,-8.7
TDP43_v2,CHEMBL511765,-8.5
TDP43_v2,CHEMBL511769,-9.4
TDP43_v2,CHEMBL511804,-8.7
TDP43_v2,CHEMBL511812,-8.4
TDP43_v2,CHEMBL511813,-8.9
TDP43_v2,CHEMBL511815,-8.4
TDP43_v2,CHEMBL511822,-8.7
TDP43_v2,CHEMBL51185,-8.8
TDP43_v2,CHEMBL51190,-8.5
TDP43_v2,CHEMBL511910,-9.2
TDP43_v2,CHEMBL511923,-8.6
TDP43_v2,CHEMBL511927,-9.2
TDP43_v2,CHEMBL511929,-8.6
TDP43_v2,CHEMBL511936,-9.5
TDP43_v2,CHEMBL511978,-8.7
TDP43_v2,CHEMBL512012,-9.0
TDP43_v2,CHEMBL512038,-8.4
TDP43_v2,CHEMBL512070,-9.0
TDP43_v2,CHEMBL512089,-9.2
TDP43_v2,CHEMBL512124,-8.5
TDP43_v2,CHEMBL512158,-9.0
TDP43_v2,CHEMBL512177,-8.4
TDP43_v2,CHEMBL512187,-9.0
TDP43_v2,CHEMBL512206,-8.4
TDP43_v2,CHEMBL512249,-8.6
TDP43_v2,CHEMBL512267,-8.4
TDP43_v2,CHEMBL512268,-8.7
TDP43_v2,CHEMBL512320,-8.9
TDP43_v2,CHEMBL512322,-8.5
TDP43_v2,CHEMBL512326,-8.7
TDP43_v2,CHEMBL512365,-8.6
TDP43_v2,CHEMBL512403,-8.5
TDP43_v2,CHEMBL512409,-8.5
TDP43_v2,CHEMBL512422,-8.4
TDP43_v2,CHEMBL512438,-9.1
TDP43_v2,CHEMBL512463,-8.5
TDP43_v2,CHEMBL512501,-8.5
TDP43_v2,CHEMBL512515,-8.5
TDP43_v2,CHEMBL512519,-8.9
TDP43_v2,CHEMBL512531,-8.6
TDP43_v2,CHEMBL512539,-8.5
TDP43_v2,CHEMBL512559,-8.7
TDP43_v2,CHEMBL512573,-8.4
TDP43_v2,CHEMBL512592,-9.1
TDP43_v2,CHEMBL512600,-8.8
TDP43_v2,CHEMBL512601,-9.7
TDP43_v2,CHEMBL512629,-8.4
TDP43_v2,CHEMBL512691,-9.0
TDP43_v2,CHEMBL512774,-8.6
TDP43_v2,CHEMBL512783,-8.4
TDP43_v2,CHEMBL51280,-9.0
TDP43_v2,CHEMBL512832,-8.8
TDP43_v2,CHEMBL512839,-8.4
TDP43_v2,CHEMBL512904,-8.6
TDP43_v2,CHEMBL512964,-8.4
TDP43_v2,CHEMBL512992,-8.4
TDP43_v2,CHEMBL513018,-8.5
TDP43_v2,CHEMBL513055,-8.5
TDP43_v2,CHEMBL513061,-8.7
TDP43_v2,CHEMBL513127,-8.5
TDP43_v2,CHEMBL513132,-9.1
TDP43_v2,CHEMBL513141,-8.7
TDP43_v2,CHEMBL513143,-8.8
TDP43_v2,CHEMBL513157,-8.7
TDP43_v2,CHEMBL513165,-8.5
TDP43_v2,CHEMBL513167,-8.8
TDP43_v2,CHEMBL513169,-8.4
TDP43_v2,CHEMBL51317,-8.9
TDP43_v2,CHEMBL513170,-8.5
TDP43_v2,CHEMBL513173,-8.6
TDP43_v2,CHEMBL51322,-8.8
TDP43_v2,CHEMBL513247,-8.7
TDP43_v2,CHEMBL513264,-8.4
TDP43_v2,CHEMBL513306,-8.6
TDP43_v2,CHEMBL513319,-8.5
TDP43_v2,CHEMBL513332,-8.6
TDP43_v2,CHEMBL513347,-8.7
TDP43_v2,CHEMBL513351,-8.5
TDP43_v2,CHEMBL513356,-8.5
TDP43_v2,CHEMBL513357,-9.4
TDP43_v2,CHEMBL513359,-8.9
TDP43_v2,CHEMBL513368,-9.1
TDP43_v2,CHEMBL513378,-8.4
TDP43_v2,CHEMBL51338,-8.5
TDP43_v2,CHEMBL513422,-9.7
TDP43_v2,CHEMBL513424,-8.7
TDP43_v2,CHEMBL513480,-8.5
TDP43_v2,CHEMBL513492,-9.2
TDP43_v2,CHEMBL513493,-9.7
TDP43_v2,CHEMBL513495,-9.5
TDP43_v2,CHEMBL513511,-8.8
TDP43_v2,CHEMBL51352,-8.6
TDP43_v2,CHEMBL513522,-8.9
TDP43_v2,CHEMBL513591,-8.5
TDP43_v2,CHEMBL513659,-8.4
TDP43_v2,CHEMBL513662,-8.7
TDP43_v2,CHEMBL513689,-9.3
TDP43_v2,CHEMBL513747,-8.9
TDP43_v2,CHEMBL513748,-9.0
TDP43_v2,CHEMBL513759,-9.0
TDP43_v2,CHEMBL513763,-9.1
TDP43_v2,CHEMBL513768,-9.2
TDP43_v2,CHEMBL513796,-8.6
TDP43_v2,CHEMBL513821,-8.4
TDP43_v2,CHEMBL513840,-8.6
TDP43_v2,CHEMBL513841,-8.6
TDP43_v2,CHEMBL513883,-8.9
TDP43_v2,CHEMBL513897,-9.1
TDP43_v2,CHEMBL513903,-9.1
TDP43_v2,CHEMBL513943,-8.4
TDP43_v2,CHEMBL513955,-8.4
TDP43_v2,CHEMBL513986,-8.4
TDP43_v2,CHEMBL513998,-9.4
TDP43_v2,CHEMBL513999,-8.7
TDP43_v2,CHEMBL514007,-8.9
TDP43_v2,CHEMBL514039,-8.5
TDP43_v2,CHEMBL514041,-8.7
TDP43_v2,CHEMBL514086,-8.4
TDP43_v2,CHEMBL514087,-8.9
TDP43_v2,CHEMBL514094,-8.9
TDP43_v2,CHEMBL514105,-9.4
TDP43_v2,CHEMBL514124,-8.8
TDP43_v2,CHEMBL514132,-9.0
TDP43_v2,CHEMBL514153,-8.6
TDP43_v2,CHEMBL514154,-8.5
TDP43_v2,CHEMBL514180,-8.6
TDP43_v2,CHEMBL514231,-8.4
TDP43_v2,CHEMBL514233,-8.4
TDP43_v2,CHEMBL514237,-9.0
TDP43_v2,CHEMBL514240,-9.5
TDP43_v2,CHEMBL514261,-8.4
TDP43_v2,CHEMBL514266,-9.1
TDP43_v2,CHEMBL514278,-8.6
TDP43_v2,CHEMBL514289,-8.5
TDP43_v2,CHEMBL514356,-8.5
TDP43_v2,CHEMBL514360,-8.9
TDP43_v2,CHEMBL514373,-9.2
TDP43_v2,CHEMBL514397,-8.5
TDP43_v2,CHEMBL514416,-9.3
TDP43_v2,CHEMBL514428,-8.7
TDP43_v2,CHEMBL514439,-8.8
TDP43_v2,CHEMBL514448,-8.5
TDP43_v2,CHEMBL51447,-8.7
TDP43_v2,CHEMBL514503,-9.2
TDP43_v2,CHEMBL514506,-8.5
TDP43_v2,CHEMBL514511,-9.2
TDP43_v2,CHEMBL514513,-9.2
TDP43_v2,CHEMBL514532,-8.5
TDP43_v2,CHEMBL514533,-8.5
TDP43_v2,CHEMBL514547,-8.5
TDP43_v2,CHEMBL514557,-8.7
TDP43_v2,CHEMBL514564,-9.3
TDP43_v2,CHEMBL514602,-8.4
TDP43_v2,CHEMBL514645,-8.5
TDP43_v2,CHEMBL514670,-9.4
TDP43_v2,CHEMBL514681,-8.5
TDP43_v2,CHEMBL514700,-9.1
TDP43_v2,CHEMBL514716,-8.6
TDP43_v2,CHEMBL514720,-8.4
TDP43_v2,CHEMBL514725,-8.7
TDP43_v2,CHEMBL514730,-8.5
TDP43_v2,CHEMBL514732,-8.9
TDP43_v2,CHEMBL514757,-8.6
TDP43_v2,CHEMBL514780,-8.9
TDP43_v2,CHEMBL514782,-8.7
TDP43_v2,CHEMBL514789,-8.5
TDP43_v2,CHEMBL514806,-8.5
TDP43_v2,CHEMBL514808,-9.7
TDP43_v2,CHEMBL514812,-10.2
TDP43_v2,CHEMBL514820,-8.6
TDP43_v2,CHEMBL514826,-8.6
TDP43_v2,CHEMBL514827,-8.9
TDP43_v2,CHEMBL514828,-8.7
TDP43_v2,CHEMBL514844,-9.3
TDP43_v2,CHEMBL514848,-8.8
TDP43_v2,CHEMBL514861,-8.5
TDP43_v2,CHEMBL514865,-8.6
TDP43_v2,CHEMBL514867,-8.6
TDP43_v2,CHEMBL514868,-8.7
TDP43_v2,CHEMBL51487,-8.4
TDP43_v2,CHEMBL514880,-10.2
TDP43_v2,CHEMBL514896,-8.8
TDP43_v2,CHEMBL514934,-8.7
TDP43_v2,CHEMBL514936,-8.7
TDP43_v2,CHEMBL514953,-9.1
TDP43_v2,CHEMBL514968,-8.4
TDP43_v2,CHEMBL514982,-8.4
TDP43_v2,CHEMBL514994,-9.3
TDP43_v2,CHEMBL515003,-8.5
TDP43_v2,CHEMBL515010,-8.4
TDP43_v2,CHEMBL515036,-8.6
TDP43_v2,CHEMBL515043,-9.4
TDP43_v2,CHEMBL51505,-9.9
TDP43_v2,CHEMBL515068,-8.6
TDP43_v2,CHEMBL51507,-8.4
TDP43_v2,CHEMBL515071,-8.7
TDP43_v2,CHEMBL515072,-8.5
TDP43_v2,CHEMBL515079,-8.7
TDP43_v2,CHEMBL515087,-9.4
TDP43_v2,CHEMBL515093,-9.3
TDP43_v2,CHEMBL515106,-8.4
TDP43_v2,CHEMBL515109,-8.6
TDP43_v2,CHEMBL515155,-8.6
TDP43_v2,CHEMBL515160,-8.7
TDP43_v2,CHEMBL515200,-8.9
TDP43_v2,CHEMBL515204,-8.5
TDP43_v2,CHEMBL515219,-8.7
TDP43_v2,CHEMBL515221,-8.7
TDP43_v2,CHEMBL515274,-9.9
TDP43_v2,CHEMBL515286,-8.8
TDP43_v2,CHEMBL51529,-8.7
TDP43_v2,CHEMBL515322,-8.6
TDP43_v2,CHEMBL515348,-9.0
TDP43_v2,CHEMBL515356,-8.6
TDP43_v2,CHEMBL515371,-8.8
TDP43_v2,CHEMBL515388,-9.4
TDP43_v2,CHEMBL515444,-8.8
TDP43_v2,CHEMBL515453,-8.4
TDP43_v2,CHEMBL515456,-8.8
TDP43_v2,CHEMBL515500,-8.6
TDP43_v2,CHEMBL515522,-8.6
TDP43_v2,CHEMBL515540,-9.2
TDP43_v2,CHEMBL515548,-8.7
TDP43_v2,CHEMBL515615,-8.6
TDP43_v2,CHEMBL515616,-9.2
TDP43_v2,CHEMBL515619,-10.0
TDP43_v2,CHEMBL515644,-8.9
TDP43_v2,CHEMBL515647,-8.6
TDP43_v2,CHEMBL515648,-8.5
TDP43_v2,CHEMBL515662,-8.8
TDP43_v2,CHEMBL51567,-8.4
TDP43_v2,CHEMBL515680,-8.8
TDP43_v2,CHEMBL515727,-9.0
TDP43_v2,CHEMBL515786,-8.4
TDP43_v2,CHEMBL515795,-8.5
TDP43_v2,CHEMBL51581,-8.6
TDP43_v2,CHEMBL515819,-9.2
TDP43_v2,CHEMBL515823,-8.5
TDP43_v2,CHEMBL515831,-8.6
TDP43_v2,CHEMBL515841,-8.7
TDP43_v2,CHEMBL515855,-8.6
TDP43_v2,CHEMBL515860,-8.4
TDP43_v2,CHEMBL515883,-8.5
TDP43_v2,CHEMBL51591,-8.5
TDP43_v2,CHEMBL515929,-9.0
TDP43_v2,CHEMBL515941,-8.7
TDP43_v2,CHEMBL515999,-8.8
TDP43_v2,CHEMBL516048,-8.5
TDP43_v2,CHEMBL516051,-8.7
TDP43_v2,CHEMBL516067,-8.7
TDP43_v2,CHEMBL516068,-8.6
TDP43_v2,CHEMBL516074,-9.1
TDP43_v2,CHEMBL516091,-8.5
TDP43_v2,CHEMBL516113,-9.4
TDP43_v2,CHEMBL516132,-8.5
TDP43_v2,CHEMBL516144,-8.7
TDP43_v2,CHEMBL51615,-9.6
TDP43_v2,CHEMBL516162,-8.5
TDP43_v2,CHEMBL516163,-8.4
TDP43_v2,CHEMBL516193,-8.7
TDP43_v2,CHEMBL516216,-9.6
TDP43_v2,CHEMBL516231,-8.6
TDP43_v2,CHEMBL516234,-9.1
TDP43_v2,CHEMBL516236,-8.5
TDP43_v2,CHEMBL516244,-8.6
TDP43_v2,CHEMBL516260,-8.8
TDP43_v2,CHEMBL516278,-8.7
TDP43_v2,CHEMBL516284,-8.6
TDP43_v2,CHEMBL516295,-9.1
TDP43_v2,CHEMBL516306,-8.8
TDP43_v2,CHEMBL516326,-8.6
TDP43_v2,CHEMBL516355,-9.1
TDP43_v2,CHEMBL516356,-8.6
TDP43_v2,CHEMBL516370,-8.8
TDP43_v2,CHEMBL516387,-8.4
TDP43_v2,CHEMBL516394,-8.9
TDP43_v2,CHEMBL516444,-8.5
TDP43_v2,CHEMBL516464,-8.7
TDP43_v2,CHEMBL516467,-8.9
TDP43_v2,CHEMBL516486,-9.1
TDP43_v2,CHEMBL516493,-8.7
TDP43_v2,CHEMBL516502,-8.5
TDP43_v2,CHEMBL516517,-8.6
TDP43_v2,CHEMBL516539,-8.6
TDP43_v2,CHEMBL516559,-8.4
TDP43_v2,CHEMBL516605,-8.5
TDP43_v2,CHEMBL516635,-9.0
TDP43_v2,CHEMBL516654,-8.9
TDP43_v2,CHEMBL516662,-9.0
TDP43_v2,CHEMBL516673,-8.4
TDP43_v2,CHEMBL516700,-8.8
TDP43_v2,CHEMBL516708,-8.7
TDP43_v2,CHEMBL516744,-8.5
TDP43_v2,CHEMBL516759,-9.2
TDP43_v2,CHEMBL516760,-8.4
TDP43_v2,CHEMBL516783,-8.6
TDP43_v2,CHEMBL516789,-9.0
TDP43_v2,CHEMBL516794,-8.4
TDP43_v2,CHEMBL516809,-9.6
TDP43_v2,CHEMBL516816,-9.0
TDP43_v2,CHEMBL516823,-8.9
TDP43_v2,CHEMBL516934,-9.5
TDP43_v2,CHEMBL516945,-8.6
TDP43_v2,CHEMBL516959,-8.7
TDP43_v2,CHEMBL516962,-9.6
TDP43_v2,CHEMBL516966,-8.7
TDP43_v2,CHEMBL516967,-8.4
TDP43_v2,CHEMBL516971,-8.4
TDP43_v2,CHEMBL51698,-9.1
TDP43_v2,CHEMBL516982,-8.8
TDP43_v2,CHEMBL516988,-8.7
TDP43_v2,CHEMBL51699,-9.7
TDP43_v2,CHEMBL516997,-8.5
TDP43_v2,CHEMBL517006,-8.6
TDP43_v2,CHEMBL517021,-8.7
TDP43_v2,CHEMBL517032,-8.5
TDP43_v2,CHEMBL51704,-8.5
TDP43_v2,CHEMBL517063,-8.6
TDP43_v2,CHEMBL517068,-8.4
TDP43_v2,CHEMBL517097,-8.5
TDP43_v2,CHEMBL517101,-9.2
TDP43_v2,CHEMBL517102,-8.8
TDP43_v2,CHEMBL517108,-8.4
TDP43_v2,CHEMBL517154,-8.6
TDP43_v2,CHEMBL517165,-8.9
TDP43_v2,CHEMBL517170,-8.4
TDP43_v2,CHEMBL51718,-8.8
TDP43_v2,CHEMBL517180,-9.6
TDP43_v2,CHEMBL517197,-9.2
TDP43_v2,CHEMBL517206,-10.0
TDP43_v2,CHEMBL517254,-8.6
TDP43_v2,CHEMBL517258,-8.6
TDP43_v2,CHEMBL517276,-8.8
TDP43_v2,CHEMBL517282,-10.3
TDP43_v2,CHEMBL517285,-8.5
TDP43_v2,CHEMBL517293,-8.4
TDP43_v2,CHEMBL517333,-8.4
TDP43_v2,CHEMBL517340,-8.4
TDP43_v2,CHEMBL517343,-9.0
TDP43_v2,CHEMBL517351,-8.4
TDP43_v2,CHEMBL517370,-8.7
TDP43_v2,CHEMBL517404,-8.5
TDP43_v2,CHEMBL517410,-8.5
TDP43_v2,CHEMBL517437,-8.5
TDP43_v2,CHEMBL517442,-8.7
TDP43_v2,CHEMBL517493,-8.8
TDP43_v2,CHEMBL517506,-9.4
TDP43_v2,CHEMBL517512,-8.5
TDP43_v2,CHEMBL517519,-9.2
TDP43_v2,CHEMBL51753,-8.7
TDP43_v2,CHEMBL517551,-8.4
TDP43_v2,CHEMBL517578,-8.6
TDP43_v2,CHEMBL517597,-8.5
TDP43_v2,CHEMBL517609,-9.3
TDP43_v2,CHEMBL517672,-8.5
TDP43_v2,CHEMBL517708,-9.2
TDP43_v2,CHEMBL517722,-8.4
TDP43_v2,CHEMBL51777,-8.8
TDP43_v2,CHEMBL517802,-8.5
TDP43_v2,CHEMBL517867,-8.4
TDP43_v2,CHEMBL517876,-9.3
TDP43_v2,CHEMBL517902,-8.7
TDP43_v2,CHEMBL517935,-9.2
TDP43_v2,CHEMBL517939,-8.4
TDP43_v2,CHEMBL517942,-8.7
TDP43_v2,CHEMBL517981,-8.6
TDP43_v2,CHEMBL518018,-8.4
TDP43_v2,CHEMBL518019,-8.9
TDP43_v2,CHEMBL518063,-8.7
TDP43_v2,CHEMBL51808,-8.7
TDP43_v2,CHEMBL518088,-8.5
TDP43_v2,CHEMBL51809,-9.5
TDP43_v2,CHEMBL518113,-8.4
TDP43_v2,CHEMBL518200,-8.6
TDP43_v2,CHEMBL518232,-8.6
TDP43_v2,CHEMBL518237,-9.2
TDP43_v2,CHEMBL51824,-8.7
TDP43_v2,CHEMBL518252,-8.4
TDP43_v2,CHEMBL518254,-8.4
TDP43_v2,CHEMBL518258,-8.8
TDP43_v2,CHEMBL518302,-9.1
TDP43_v2,CHEMBL51834,-8.5
TDP43_v2,CHEMBL518358,-9.3
TDP43_v2,CHEMBL51841,-8.7
TDP43_v2,CHEMBL518412,-8.4
TDP43_v2,CHEMBL518413,-8.5
TDP43_v2,CHEMBL518457,-8.7
TDP43_v2,CHEMBL518485,-9.2
TDP43_v2,CHEMBL518516,-8.4
TDP43_v2,CHEMBL518517,-8.5
TDP43_v2,CHEMBL518545,-8.4
TDP43_v2,CHEMBL518570,-8.9
TDP43_v2,CHEMBL518571,-8.9
TDP43_v2,CHEMBL518572,-9.3
TDP43_v2,CHEMBL518588,-8.4
TDP43_v2,CHEMBL518633,-8.9
TDP43_v2,CHEMBL518638,-8.6
TDP43_v2,CHEMBL518639,-8.5
TDP43_v2,CHEMBL518650,-9.2
TDP43_v2,CHEMBL518695,-9.2
TDP43_v2,CHEMBL518709,-8.5
TDP43_v2,CHEMBL51874,-9.1
TDP43_v2,CHEMBL518779,-8.6
TDP43_v2,CHEMBL518792,-8.6
TDP43_v2,CHEMBL518824,-8.9
TDP43_v2,CHEMBL51884,-9.3
TDP43_v2,CHEMBL518841,-8.5
TDP43_v2,CHEMBL51893,-8.6
TDP43_v2,CHEMBL518935,-9.5
TDP43_v2,CHEMBL518966,-8.4
TDP43_v2,CHEMBL518968,-8.5
TDP43_v2,CHEMBL518969,-8.5
TDP43_v2,CHEMBL518978,-8.6
TDP43_v2,CHEMBL519040,-9.5
TDP43_v2,CHEMBL519068,-8.8
TDP43_v2,CHEMBL519077,-8.5
TDP43_v2,CHEMBL519126,-9.1
TDP43_v2,CHEMBL519143,-9.2
TDP43_v2,CHEMBL519150,-8.5
TDP43_v2,CHEMBL519178,-8.6
TDP43_v2,CHEMBL519195,-8.5
TDP43_v2,CHEMBL519197,-8.4
TDP43_v2,CHEMBL519238,-8.6
TDP43_v2,CHEMBL519254,-8.5
TDP43_v2,CHEMBL519264,-8.4
TDP43_v2,CHEMBL519289,-8.7
TDP43_v2,CHEMBL51930,-8.8
TDP43_v2,CHEMBL519302,-8.7
TDP43_v2,CHEMBL519325,-8.5
TDP43_v2,CHEMBL519337,-8.6
TDP43_v2,CHEMBL519345,-8.4
TDP43_v2,CHEMBL519390,-9.8
TDP43_v2,CHEMBL519401,-8.9
TDP43_v2,CHEMBL519414,-8.6
TDP43_v2,CHEMBL519416,-8.5
TDP43_v2,CHEMBL519419,-8.4
TDP43_v2,CHEMBL519456,-8.4
TDP43_v2,CHEMBL519472,-8.4
TDP43_v2,CHEMBL51948,-8.6
TDP43_v2,CHEMBL519508,-9.2
TDP43_v2,CHEMBL519527,-9.9
TDP43_v2,CHEMBL519534,-8.7
TDP43_v2,CHEMBL519554,-8.6
TDP43_v2,CHEMBL519557,-8.4
TDP43_v2,CHEMBL519599,-8.7
TDP43_v2,CHEMBL519601,-8.4
TDP43_v2,CHEMBL519620,-8.6
TDP43_v2,CHEMBL519637,-8.8
TDP43_v2,CHEMBL519737,-8.5
TDP43_v2,CHEMBL519757,-8.6
TDP43_v2,CHEMBL519795,-8.8
TDP43_v2,CHEMBL519829,-8.4
TDP43_v2,CHEMBL519830,-10.3
TDP43_v2,CHEMBL519836,-8.4
TDP43_v2,CHEMBL51984,-8.5
TDP43_v2,CHEMBL519858,-8.4
TDP43_v2,CHEMBL519864,-8.5
TDP43_v2,CHEMBL519876,-9.9
TDP43_v2,CHEMBL519879,-8.5
TDP43_v2,CHEMBL519880,-8.6
TDP43_v2,CHEMBL519891,-9.0
TDP43_v2,CHEMBL519970,-8.4
TDP43_v2,CHEMBL51998,-8.8
TDP43_v2,CHEMBL519982,-8.8
TDP43_v2,CHEMBL520018,-8.8
TDP43_v2,CHEMBL520033,-9.1
TDP43_v2,CHEMBL520034,-8.4
TDP43_v2,CHEMBL520037,-8.4
TDP43_v2,CHEMBL520050,-8.8
TDP43_v2,CHEMBL520070,-9.1
TDP43_v2,CHEMBL520104,-8.6
TDP43_v2,CHEMBL520108,-8.9
TDP43_v2,CHEMBL520111,-9.2
TDP43_v2,CHEMBL520122,-8.7
TDP43_v2,CHEMBL520129,-8.9
TDP43_v2,CHEMBL52014,-8.9
TDP43_v2,CHEMBL520186,-8.5
TDP43_v2,CHEMBL520217,-8.5
TDP43_v2,CHEMBL520228,-10.0
TDP43_v2,CHEMBL520296,-8.6
TDP43_v2,CHEMBL520325,-8.8
TDP43_v2,CHEMBL520390,-8.5
TDP43_v2,CHEMBL520425,-9.1
TDP43_v2,CHEMBL520426,-8.5
TDP43_v2,CHEMBL520458,-9.5
TDP43_v2,CHEMBL520474,-8.7
TDP43_v2,CHEMBL520502,-8.6
TDP43_v2,CHEMBL520503,-9.1
TDP43_v2,CHEMBL520512,-8.7
TDP43_v2,CHEMBL520543,-8.6
TDP43_v2,CHEMBL520569,-9.1
TDP43_v2,CHEMBL520574,-8.5
TDP43_v2,CHEMBL520583,-8.6
TDP43_v2,CHEMBL520593,-8.9
TDP43_v2,CHEMBL520602,-8.6
TDP43_v2,CHEMBL520609,-8.6
TDP43_v2,CHEMBL520644,-8.5
TDP43_v2,CHEMBL520738,-8.8
TDP43_v2,CHEMBL520745,-8.7
TDP43_v2,CHEMBL520755,-9.2
TDP43_v2,CHEMBL520757,-8.5
TDP43_v2,CHEMBL520768,-8.7
TDP43_v2,CHEMBL520798,-8.9
TDP43_v2,CHEMBL520803,-8.6
TDP43_v2,CHEMBL520812,-9.2
TDP43_v2,CHEMBL520883,-8.7
TDP43_v2,CHEMBL520890,-8.9
TDP43_v2,CHEMBL520899,-8.5
TDP43_v2,CHEMBL520908,-8.8
TDP43_v2,CHEMBL520911,-8.9
TDP43_v2,CHEMBL520918,-9.4
TDP43_v2,CHEMBL520941,-8.9
TDP43_v2,CHEMBL521010,-8.6
TDP43_v2,CHEMBL52102,-9.3
TDP43_v2,CHEMBL521020,-9.9
TDP43_v2,CHEMBL521033,-8.8
TDP43_v2,CHEMBL521051,-9.3
TDP43_v2,CHEMBL521073,-8.5
TDP43_v2,CHEMBL521103,-8.5
TDP43_v2,CHEMBL521139,-9.0
TDP43_v2,CHEMBL52119,-8.5
TDP43_v2,CHEMBL521228,-8.7
TDP43_v2,CHEMBL521253,-9.0
TDP43_v2,CHEMBL521275,-9.1
TDP43_v2,CHEMBL521286,-9.3
TDP43_v2,CHEMBL521313,-9.0
TDP43_v2,CHEMBL52132,-8.6
TDP43_v2,CHEMBL521325,-8.7
TDP43_v2,CHEMBL521366,-8.5
TDP43_v2,CHEMBL521395,-8.5
TDP43_v2,CHEMBL521421,-8.6
TDP43_v2,CHEMBL521431,-8.6
TDP43_v2,CHEMBL521463,-8.6
TDP43_v2,CHEMBL521496,-9.0
TDP43_v2,CHEMBL521528,-8.8
TDP43_v2,CHEMBL521548,-9.1
TDP43_v2,CHEMBL521574,-9.0
TDP43_v2,CHEMBL521605,-8.8
TDP43_v2,CHEMBL521638,-8.7
TDP43_v2,CHEMBL521670,-8.7
TDP43_v2,CHEMBL521724,-8.7
TDP43_v2,CHEMBL521727,-8.9
TDP43_v2,CHEMBL521733,-8.8
TDP43_v2,CHEMBL521777,-9.2
TDP43_v2,CHEMBL521804,-9.4
TDP43_v2,CHEMBL521809,-8.9
TDP43_v2,CHEMBL521837,-9.1
TDP43_v2,CHEMBL521844,-8.9
TDP43_v2,CHEMBL521850,-8.9
TDP43_v2,CHEMBL521854,-8.5
TDP43_v2,CHEMBL521873,-9.2
TDP43_v2,CHEMBL521887,-9.4
TDP43_v2,CHEMBL521905,-8.9
TDP43_v2,CHEMBL521949,-9.3
TDP43_v2,CHEMBL521959,-8.5
TDP43_v2,CHEMBL522001,-8.6
TDP43_v2,CHEMBL522004,-9.0
TDP43_v2,CHEMBL52205,-8.5
TDP43_v2,CHEMBL522061,-8.8
TDP43_v2,CHEMBL522115,-8.7
TDP43_v2,CHEMBL522120,-8.5
TDP43_v2,CHEMBL522172,-9.3
TDP43_v2,CHEMBL522196,-8.7
TDP43_v2,CHEMBL522219,-9.2
TDP43_v2,CHEMBL522290,-8.5
TDP43_v2,CHEMBL522295,-9.4
TDP43_v2,CHEMBL522325,-8.6
TDP43_v2,CHEMBL522330,-8.5
TDP43_v2,CHEMBL52235,-8.5
TDP43_v2,CHEMBL522362,-8.8
TDP43_v2,CHEMBL522387,-8.5
TDP43_v2,CHEMBL522391,-8.6
TDP43_v2,CHEMBL522461,-9.0
TDP43_v2,CHEMBL522462,-8.6
TDP43_v2,CHEMBL522479,-8.6
TDP43_v2,CHEMBL522542,-8.9
TDP43_v2,CHEMBL522596,-8.6
TDP43_v2,CHEMBL522619,-8.6
TDP43_v2,CHEMBL522622,-8.6
TDP43_v2,CHEMBL522669,-8.6
TDP43_v2,CHEMBL522696,-8.7
TDP43_v2,CHEMBL522708,-8.5
TDP43_v2,CHEMBL522716,-8.7
TDP43_v2,CHEMBL522718,-8.8
TDP43_v2,CHEMBL522736,-8.6
TDP43_v2,CHEMBL522790,-8.8
TDP43_v2,CHEMBL522791,-9.4
TDP43_v2,CHEMBL522807,-8.7
TDP43_v2,CHEMBL522834,-8.5
TDP43_v2,CHEMBL522893,-9.1
TDP43_v2,CHEMBL522940,-9.9
TDP43_v2,CHEMBL522941,-8.9
TDP43_v2,CHEMBL523030,-8.7
TDP43_v2,CHEMBL523224,-8.8
TDP43_v2,CHEMBL523244,-8.9
TDP43_v2,CHEMBL523261,-8.5
TDP43_v2,CHEMBL523297,-9.5
TDP43_v2,CHEMBL523300,-8.6
TDP43_v2,CHEMBL52332,-9.4
TDP43_v2,CHEMBL523374,-8.6
TDP43_v2,CHEMBL52339,-9.0
TDP43_v2,CHEMBL52342,-9.0
TDP43_v2,CHEMBL523442,-8.5
TDP43_v2,CHEMBL523460,-8.5
TDP43_v2,CHEMBL523608,-8.7
TDP43_v2,CHEMBL523625,-9.1
TDP43_v2,CHEMBL523656,-9.0
TDP43_v2,CHEMBL52366,-9.6
TDP43_v2,CHEMBL523673,-8.5
TDP43_v2,CHEMBL523678,-8.6
TDP43_v2,CHEMBL523712,-8.6
TDP43_v2,CHEMBL523734,-8.6
TDP43_v2,CHEMBL523748,-8.5
TDP43_v2,CHEMBL523778,-8.8
TDP43_v2,CHEMBL523780,-8.7
TDP43_v2,CHEMBL523793,-8.6
TDP43_v2,CHEMBL523800,-8.6
TDP43_v2,CHEMBL523816,-8.8
TDP43_v2,CHEMBL523842,-8.5
TDP43_v2,CHEMBL523861,-9.3
TDP43_v2,CHEMBL523873,-8.7
TDP43_v2,CHEMBL523874,-9.6
TDP43_v2,CHEMBL523949,-8.6
TDP43_v2,CHEMBL523953,-8.5
TDP43_v2,CHEMBL523991,-9.0
TDP43_v2,CHEMBL524000,-8.7
TDP43_v2,CHEMBL524011,-8.7
TDP43_v2,CHEMBL524027,-9.4
TDP43_v2,CHEMBL524065,-8.5
TDP43_v2,CHEMBL524068,-8.8
TDP43_v2,CHEMBL524109,-8.9
TDP43_v2,CHEMBL524137,-9.4
TDP43_v2,CHEMBL524173,-8.7
TDP43_v2,CHEMBL524197,-8.5
TDP43_v2,CHEMBL524206,-8.5
TDP43_v2,CHEMBL524216,-8.7
TDP43_v2,CHEMBL524221,-8.6
TDP43_v2,CHEMBL524223,-8.5
TDP43_v2,CHEMBL524224,-9.6
TDP43_v2,CHEMBL524253,-8.9
TDP43_v2,CHEMBL524262,-9.8
TDP43_v2,CHEMBL524391,-8.8
TDP43_v2,CHEMBL524445,-8.7
TDP43_v2,CHEMBL524467,-9.0
TDP43_v2,CHEMBL524561,-9.0
TDP43_v2,CHEMBL524569,-8.5
TDP43_v2,CHEMBL524570,-8.5
TDP43_v2,CHEMBL524614,-9.0
TDP43_v2,CHEMBL524701,-8.5
TDP43_v2,CHEMBL524755,-8.7
TDP43_v2,CHEMBL524756,-8.9
TDP43_v2,CHEMBL524765,-9.2
TDP43_v2,CHEMBL52479,-8.5
TDP43_v2,CHEMBL524793,-8.9
TDP43_v2,CHEMBL524830,-8.5
TDP43_v2,CHEMBL524898,-9.1
TDP43_v2,CHEMBL524988,-8.9
TDP43_v2,CHEMBL524995,-8.6
TDP43_v2,CHEMBL52512,-8.7
TDP43_v2,CHEMBL525139,-8.5
TDP43_v2,CHEMBL525149,-8.9
TDP43_v2,CHEMBL525213,-8.7
TDP43_v2,CHEMBL525417,-8.7
TDP43_v2,CHEMBL525495,-9.3
TDP43_v2,CHEMBL525516,-9.2
TDP43_v2,CHEMBL525523,-8.9
TDP43_v2,CHEMBL525524,-8.5
TDP43_v2,CHEMBL525530,-9.5
TDP43_v2,CHEMBL52557,-8.9
TDP43_v2,CHEMBL52558,-8.5
TDP43_v2,CHEMBL525863,-9.2
TDP43_v2,CHEMBL525897,-9.0
TDP43_v2,CHEMBL525899,-9.0
TDP43_v2,CHEMBL525924,-8.7
TDP43_v2,CHEMBL526044,-9.0
TDP43_v2,CHEMBL526073,-8.5
TDP43_v2,CHEMBL526078,-9.3
TDP43_v2,CHEMBL526104,-8.7
TDP43_v2,CHEMBL526109,-8.6
TDP43_v2,CHEMBL526206,-8.8
TDP43_v2,CHEMBL526209,-8.5
TDP43_v2,CHEMBL526226,-8.5
TDP43_v2,CHEMBL526244,-9.4
TDP43_v2,CHEMBL526386,-8.5
TDP43_v2,CHEMBL526387,-8.6
TDP43_v2,CHEMBL526395,-10.1
TDP43_v2,CHEMBL52640,-8.7
TDP43_v2,CHEMBL526424,-8.6
TDP43_v2,CHEMBL52653,-8.5
TDP43_v2,CHEMBL52654,-9.4
TDP43_v2,CHEMBL526560,-9.4
TDP43_v2,CHEMBL526591,-8.9
TDP43_v2,CHEMBL526619,-8.5
TDP43_v2,CHEMBL526705,-8.8
TDP43_v2,CHEMBL52673,-8.9
TDP43_v2,CHEMBL526772,-8.5
TDP43_v2,CHEMBL526778,-9.2
TDP43_v2,CHEMBL526784,-9.4
TDP43_v2,CHEMBL526805,-8.6
TDP43_v2,CHEMBL52685,-9.1
TDP43_v2,CHEMBL52691,-9.5
TDP43_v2,CHEMBL526941,-8.9
TDP43_v2,CHEMBL527052,-8.5
TDP43_v2,CHEMBL527224,-8.5
TDP43_v2,CHEMBL527235,-9.3
TDP43_v2,CHEMBL527263,-8.9
TDP43_v2,CHEMBL527311,-9.0
TDP43_v2,CHEMBL527379,-8.5
TDP43_v2,CHEMBL527408,-8.7
TDP43_v2,CHEMBL527496,-8.6
TDP43_v2,CHEMBL527506,-8.5
TDP43_v2,CHEMBL527510,-8.5
TDP43_v2,CHEMBL527512,-8.8
TDP43_v2,CHEMBL527521,-8.7
TDP43_v2,CHEMBL527525,-8.9
TDP43_v2,CHEMBL527548,-8.6
TDP43_v2,CHEMBL527603,-8.6
TDP43_v2,CHEMBL527606,-8.6
TDP43_v2,CHEMBL527612,-8.5
TDP43_v2,CHEMBL527647,-9.1
TDP43_v2,CHEMBL527655,-8.5
TDP43_v2,CHEMBL527705,-10.1
TDP43_v2,CHEMBL527748,-8.7
TDP43_v2,CHEMBL527768,-9.2
TDP43_v2,CHEMBL527776,-8.9
TDP43_v2,CHEMBL527783,-8.6
TDP43_v2,CHEMBL527786,-9.0
TDP43_v2,CHEMBL527820,-8.8
TDP43_v2,CHEMBL527851,-8.9
TDP43_v2,CHEMBL527930,-9.1
TDP43_v2,CHEMBL52818,-8.5
TDP43_v2,CHEMBL528745,-8.5
TDP43_v2,CHEMBL528821,-9.5
TDP43_v2,CHEMBL528976,-9.2
TDP43_v2,CHEMBL52899,-9.4
TDP43_v2,CHEMBL529263,-9.0
TDP43_v2,CHEMBL52927,-9.2
TDP43_v2,CHEMBL529339,-8.7
TDP43_v2,CHEMBL52942,-8.6
TDP43_v2,CHEMBL52950,-8.9
TDP43_v2,CHEMBL52973,-8.6
TDP43_v2,CHEMBL529864,-9.5
TDP43_v2,CHEMBL529945,-8.7
TDP43_v2,CHEMBL529979,-9.6
TDP43_v2,CHEMBL52998,-8.6
TDP43_v2,CHEMBL530151,-9.1
TDP43_v2,CHEMBL53081,-9.6
TDP43_v2,CHEMBL53093,-8.8
TDP43_v2,CHEMBL53101,-9.1
TDP43_v2,CHEMBL53147,-8.8
TDP43_v2,CHEMBL531595,-8.5
TDP43_v2,CHEMBL53182,-8.7
TDP43_v2,CHEMBL53190,-8.6
TDP43_v2,CHEMBL53202,-9.8
TDP43_v2,CHEMBL53226,-9.0
TDP43_v2,CHEMBL53234,-9.0
TDP43_v2,CHEMBL532429,-9.1
TDP43_v2,CHEMBL53251,-8.8
TDP43_v2,CHEMBL53264,-8.8
TDP43_v2,CHEMBL53350,-9.1
TDP43_v2,CHEMBL53383,-9.9
TDP43_v2,CHEMBL53419,-9.2
TDP43_v2,CHEMBL53471,-8.8
TDP43_v2,CHEMBL53510,-8.5
TDP43_v2,CHEMBL53565,-8.9
TDP43_v2,CHEMBL53582,-8.6
TDP43_v2,CHEMBL53598,-8.6
TDP43_v2,CHEMBL53633,-8.9
TDP43_v2,CHEMBL53699,-8.5
TDP43_v2,CHEMBL53727,-8.7
TDP43_v2,CHEMBL53806,-9.0
TDP43_v2,CHEMBL53819,-8.8
TDP43_v2,CHEMBL53845,-9.4
TDP43_v2,CHEMBL53848,-8.7
TDP43_v2,CHEMBL53875,-8.5
TDP43_v2,CHEMBL53884,-8.8
TDP43_v2,CHEMBL538928,-8.5
TDP43_v2,CHEMBL53907,-8.5
TDP43_v2,CHEMBL53923,-8.9
TDP43_v2,CHEMBL53928,-9.2
TDP43_v2,CHEMBL53933,-8.9
TDP43_v2,CHEMBL53952,-8.9
TDP43_v2,CHEMBL53973,-8.8
TDP43_v2,CHEMBL53991,-8.6
TDP43_v2,CHEMBL54014,-8.8
TDP43_v2,CHEMBL54098,-9.0
TDP43_v2,CHEMBL54114,-8.5
TDP43_v2,CHEMBL54154,-9.6
TDP43_v2,CHEMBL54164,-8.8
TDP43_v2,CHEMBL54211,-8.6
TDP43_v2,CHEMBL54273,-8.7
TDP43_v2,CHEMBL54293,-9.4
TDP43_v2,CHEMBL54351,-8.9
TDP43_v2,CHEMBL54387,-8.7
TDP43_v2,CHEMBL54473,-10.3
TDP43_v2,CHEMBL54525,-8.6
TDP43_v2,CHEMBL54538,-8.7
TDP43_v2,CHEMBL54594,-8.8
TDP43_v2,CHEMBL54616,-8.6
TDP43_v2,CHEMBL54673,-9.4
TDP43_v2,CHEMBL54786,-8.8
TDP43_v2,CHEMBL54810,-9.1
TDP43_v2,CHEMBL54818,-8.5
TDP43_v2,CHEMBL54864,-8.5
TDP43_v2,CHEMBL54892,-8.6
TDP43_v2,CHEMBL54930,-8.6
TDP43_v2,CHEMBL54968,-8.5
TDP43_v2,CHEMBL54978,-8.5
TDP43_v2,CHEMBL55037,-8.5
TDP43_v2,CHEMBL55046,-9.8
TDP43_v2,CHEMBL55055,-8.9
TDP43_v2,CHEMBL55081,-9.1
TDP43_v2,CHEMBL550838,-8.5
TDP43_v2,CHEMBL550847,-9.6
TDP43_v2,CHEMBL550859,-8.5
TDP43_v2,CHEMBL550863,-9.3
TDP43_v2,CHEMBL550991,-8.7
TDP43_v2,CHEMBL551130,-8.6
TDP43_v2,CHEMBL55176,-8.6
TDP43_v2,CHEMBL552066,-9.4
TDP43_v2,CHEMBL552201,-8.5
TDP43_v2,CHEMBL552271,-8.5
TDP43_v2,CHEMBL55232,-8.6
TDP43_v2,CHEMBL552344,-8.5
TDP43_v2,CHEMBL55241,-9.3
TDP43_v2,CHEMBL55244,-9.6
TDP43_v2,CHEMBL55309,-8.6
TDP43_v2,CHEMBL55315,-8.5
TDP43_v2,CHEMBL55328,-8.6
TDP43_v2,CHEMBL55335,-8.5
TDP43_v2,CHEMBL55336,-8.8
TDP43_v2,CHEMBL55362,-9.1
TDP43_v2,CHEMBL554511,-8.9
TDP43_v2,CHEMBL55502,-8.6
TDP43_v2,CHEMBL555367,-9.2
TDP43_v2,CHEMBL55545,-8.7
TDP43_v2,CHEMBL556184,-8.7
TDP43_v2,CHEMBL55672,-9.8
TDP43_v2,CHEMBL556916,-9.4
TDP43_v2,CHEMBL556924,-8.5
TDP43_v2,CHEMBL556930,-8.5
TDP43_v2,CHEMBL556992,-9.3
TDP43_v2,CHEMBL557003,-9.5
TDP43_v2,CHEMBL557012,-8.5
TDP43_v2,CHEMBL557057,-8.9
TDP43_v2,CHEMBL557071,-8.9
TDP43_v2,CHEMBL557099,-8.5
TDP43_v2,CHEMBL557108,-9.0
TDP43_v2,CHEMBL557118,-8.9
TDP43_v2,CHEMBL557208,-9.4
TDP43_v2,CHEMBL557321,-8.6
TDP43_v2,CHEMBL55735,-9.1
TDP43_v2,CHEMBL55737,-8.9
TDP43_v2,CHEMBL55742,-8.7
TDP43_v2,CHEMBL557469,-8.5
TDP43_v2,CHEMBL557476,-9.2
TDP43_v2,CHEMBL55755,-9.3
TDP43_v2,CHEMBL557628,-8.8
TDP43_v2,CHEMBL557697,-8.5
TDP43_v2,CHEMBL557702,-8.7
TDP43_v2,CHEMBL557719,-9.0
TDP43_v2,CHEMBL557722,-8.8
TDP43_v2,CHEMBL557725,-10.5
TDP43_v2,CHEMBL557755,-8.5
TDP43_v2,CHEMBL557757,-8.5
TDP43_v2,CHEMBL557850,-8.5
TDP43_v2,CHEMBL557892,-8.6
TDP43_v2,CHEMBL557907,-9.5
TDP43_v2,CHEMBL557910,-9.1
TDP43_v2,CHEMBL557924,-8.5
TDP43_v2,CHEMBL557936,-9.1
TDP43_v2,CHEMBL55814,-9.0
TDP43_v2,CHEMBL558242,-8.6
TDP43_v2,CHEMBL558255,-8.9
TDP43_v2,CHEMBL55828,-8.8
TDP43_v2,CHEMBL558347,-9.4
TDP43_v2,CHEMBL558442,-8.5
TDP43_v2,CHEMBL558475,-9.3
TDP43_v2,CHEMBL558480,-9.3
TDP43_v2,CHEMBL558494,-9.4
TDP43_v2,CHEMBL558496,-9.9
TDP43_v2,CHEMBL558675,-8.9
TDP43_v2,CHEMBL558678,-8.5
TDP43_v2,CHEMBL558808,-9.1
TDP43_v2,CHEMBL55884,-9.1
TDP43_v2,CHEMBL558867,-8.9
TDP43_v2,CHEMBL558869,-9.2
TDP43_v2,CHEMBL558890,-8.7
TDP43_v2,CHEMBL558903,-8.5
TDP43_v2,CHEMBL558918,-8.8
TDP43_v2,CHEMBL558930,-8.7
TDP43_v2,CHEMBL55903,-8.5
TDP43_v2,CHEMBL559064,-8.6
TDP43_v2,CHEMBL559069,-8.9
TDP43_v2,CHEMBL559105,-8.5
TDP43_v2,CHEMBL559240,-8.7
TDP43_v2,CHEMBL55926,-9.1
TDP43_v2,CHEMBL559284,-8.6
TDP43_v2,CHEMBL559290,-8.8
TDP43_v2,CHEMBL559317,-8.6
TDP43_v2,CHEMBL559382,-9.3
TDP43_v2,CHEMBL559423,-8.8
TDP43_v2,CHEMBL559460,-8.6
TDP43_v2,CHEMBL559491,-8.5
TDP43_v2,CHEMBL559498,-8.6
TDP43_v2,CHEMBL559502,-8.8
TDP43_v2,CHEMBL559504,-9.1
TDP43_v2,CHEMBL559553,-8.5
TDP43_v2,CHEMBL559579,-8.7
TDP43_v2,CHEMBL559588,-8.5
TDP43_v2,CHEMBL559606,-8.7
TDP43_v2,CHEMBL55962,-8.7
TDP43_v2,CHEMBL559683,-9.0
TDP43_v2,CHEMBL559759,-8.8
TDP43_v2,CHEMBL559778,-8.5
TDP43_v2,CHEMBL559808,-8.5
TDP43_v2,CHEMBL559814,-8.6
TDP43_v2,CHEMBL559823,-8.8
TDP43_v2,CHEMBL559838,-8.5
TDP43_v2,CHEMBL559862,-8.5
TDP43_v2,CHEMBL559891,-8.6
TDP43_v2,CHEMBL559900,-9.2
TDP43_v2,CHEMBL559997,-9.3
TDP43_v2,CHEMBL560014,-8.8
TDP43_v2,CHEMBL560022,-9.1
TDP43_v2,CHEMBL560025,-8.9
TDP43_v2,CHEMBL560083,-8.7
TDP43_v2,CHEMBL560115,-8.9
TDP43_v2,CHEMBL560135,-10.0
TDP43_v2,CHEMBL560143,-8.5
TDP43_v2,CHEMBL560170,-9.7
TDP43_v2,CHEMBL560179,-9.2
TDP43_v2,CHEMBL560198,-9.1
TDP43_v2,CHEMBL560290,-9.3
TDP43_v2,CHEMBL560320,-9.4
TDP43_v2,CHEMBL560336,-8.8
TDP43_v2,CHEMBL560348,-9.3
TDP43_v2,CHEMBL560367,-8.7
TDP43_v2,CHEMBL560372,-8.5
TDP43_v2,CHEMBL560411,-8.6
TDP43_v2,CHEMBL560463,-8.6
TDP43_v2,CHEMBL560588,-8.6
TDP43_v2,CHEMBL560590,-8.5
TDP43_v2,CHEMBL560644,-8.7
TDP43_v2,CHEMBL560648,-8.5
TDP43_v2,CHEMBL560765,-8.5
TDP43_v2,CHEMBL560769,-8.8
TDP43_v2,CHEMBL560771,-8.5
TDP43_v2,CHEMBL560781,-8.6
TDP43_v2,CHEMBL560844,-8.5
TDP43_v2,CHEMBL560851,-8.6
TDP43_v2,CHEMBL560903,-8.8
TDP43_v2,CHEMBL560919,-9.1
TDP43_v2,CHEMBL561008,-8.6
TDP43_v2,CHEMBL561061,-8.9
TDP43_v2,CHEMBL561136,-8.9
TDP43_v2,CHEMBL56114,-8.7
TDP43_v2,CHEMBL561268,-8.6
TDP43_v2,CHEMBL561292,-9.1
TDP43_v2,CHEMBL561321,-9.1
TDP43_v2,CHEMBL561365,-8.7
TDP43_v2,CHEMBL561445,-9.3
TDP43_v2,CHEMBL561449,-9.1
TDP43_v2,CHEMBL561450,-8.8
TDP43_v2,CHEMBL561535,-9.4
TDP43_v2,CHEMBL561557,-9.0
TDP43_v2,CHEMBL561567,-8.7
TDP43_v2,CHEMBL561584,-8.6
TDP43_v2,CHEMBL561629,-9.6
TDP43_v2,CHEMBL561740,-10.0
TDP43_v2,CHEMBL561765,-8.9
TDP43_v2,CHEMBL561770,-8.6
TDP43_v2,CHEMBL561880,-8.7
TDP43_v2,CHEMBL561889,-8.7
TDP43_v2,CHEMBL561941,-8.7
TDP43_v2,CHEMBL561960,-8.7
TDP43_v2,CHEMBL561969,-8.8
TDP43_v2,CHEMBL562059,-8.7
TDP43_v2,CHEMBL562069,-9.0
TDP43_v2,CHEMBL562112,-8.9
TDP43_v2,CHEMBL562121,-8.8
TDP43_v2,CHEMBL562128,-8.8
TDP43_v2,CHEMBL562138,-8.6
TDP43_v2,CHEMBL562171,-8.6
TDP43_v2,CHEMBL562183,-8.7
TDP43_v2,CHEMBL562185,-8.7
TDP43_v2,CHEMBL562197,-8.5
TDP43_v2,CHEMBL562248,-9.8
TDP43_v2,CHEMBL562267,-8.6
TDP43_v2,CHEMBL562350,-8.6
TDP43_v2,CHEMBL562355,-8.7
TDP43_v2,CHEMBL562357,-8.7
TDP43_v2,CHEMBL562362,-8.7
TDP43_v2,CHEMBL562431,-8.7
TDP43_v2,CHEMBL562442,-8.5
TDP43_v2,CHEMBL562513,-8.5
TDP43_v2,CHEMBL562556,-8.7
TDP43_v2,CHEMBL562572,-8.9
TDP43_v2,CHEMBL562830,-9.0
TDP43_v2,CHEMBL562882,-9.4
TDP43_v2,CHEMBL562892,-8.6
TDP43_v2,CHEMBL562905,-9.1
TDP43_v2,CHEMBL562922,-8.5
TDP43_v2,CHEMBL562923,-9.3
TDP43_v2,CHEMBL563019,-9.4
TDP43_v2,CHEMBL563040,-8.5
TDP43_v2,CHEMBL56307,-8.7
TDP43_v2,CHEMBL563119,-9.1
TDP43_v2,CHEMBL563189,-8.6
TDP43_v2,CHEMBL563229,-9.0
TDP43_v2,CHEMBL563240,-9.1
TDP43_v2,CHEMBL56326,-8.8
TDP43_v2,CHEMBL563260,-9.9
TDP43_v2,CHEMBL563303,-9.7
TDP43_v2,CHEMBL563373,-8.9
TDP43_v2,CHEMBL563382,-8.7
TDP43_v2,CHEMBL563390,-8.5
TDP43_v2,CHEMBL563421,-9.2
TDP43_v2,CHEMBL56345,-8.6
TDP43_v2,CHEMBL56346,-8.5
TDP43_v2,CHEMBL563466,-8.8
TDP43_v2,CHEMBL563504,-8.5
TDP43_v2,CHEMBL563536,-9.9
TDP43_v2,CHEMBL563577,-8.5
TDP43_v2,CHEMBL563578,-8.7
TDP43_v2,CHEMBL563584,-8.5
TDP43_v2,CHEMBL56361,-8.8
TDP43_v2,CHEMBL563630,-9.6
TDP43_v2,CHEMBL563643,-8.5
TDP43_v2,CHEMBL563706,-9.5
TDP43_v2,CHEMBL563727,-8.6
TDP43_v2,CHEMBL563749,-8.6
TDP43_v2,CHEMBL563776,-8.6
TDP43_v2,CHEMBL563783,-8.6
TDP43_v2,CHEMBL563828,-9.6
TDP43_v2,CHEMBL563850,-9.0
TDP43_v2,CHEMBL56390,-8.6
TDP43_v2,CHEMBL563956,-9.0
TDP43_v2,CHEMBL563965,-8.7
TDP43_v2,CHEMBL564040,-9.1
TDP43_v2,CHEMBL564088,-9.1
TDP43_v2,CHEMBL564125,-8.6
TDP43_v2,CHEMBL564135,-8.5
TDP43_v2,CHEMBL564184,-8.6
TDP43_v2,CHEMBL564192,-8.8
TDP43_v2,CHEMBL564204,-8.6
TDP43_v2,CHEMBL564223,-9.0
TDP43_v2,CHEMBL564227,-8.7
TDP43_v2,CHEMBL564230,-8.8
TDP43_v2,CHEMBL564247,-8.6
TDP43_v2,CHEMBL564268,-9.5
TDP43_v2,CHEMBL564281,-8.5
TDP43_v2,CHEMBL564327,-8.8
TDP43_v2,CHEMBL564334,-8.7
TDP43_v2,CHEMBL564389,-8.6
TDP43_v2,CHEMBL564391,-8.7
TDP43_v2,CHEMBL564409,-8.5
TDP43_v2,CHEMBL564411,-9.4
TDP43_v2,CHEMBL56447,-8.5
TDP43_v2,CHEMBL564487,-8.8
TDP43_v2,CHEMBL564500,-8.8
TDP43_v2,CHEMBL564520,-8.6
TDP43_v2,CHEMBL564523,-9.0
TDP43_v2,CHEMBL564543,-8.5
TDP43_v2,CHEMBL564553,-8.7
TDP43_v2,CHEMBL564575,-9.3
TDP43_v2,CHEMBL564614,-8.5
TDP43_v2,CHEMBL564694,-8.7
TDP43_v2,CHEMBL56471,-8.6
TDP43_v2,CHEMBL564726,-8.6
TDP43_v2,CHEMBL564803,-8.6
TDP43_v2,CHEMBL564933,-8.7
TDP43_v2,CHEMBL56503,-8.6
TDP43_v2,CHEMBL565035,-8.5
TDP43_v2,CHEMBL565043,-9.3
TDP43_v2,CHEMBL565061,-8.7
TDP43_v2,CHEMBL565086,-8.8
TDP43_v2,CHEMBL565088,-8.8
TDP43_v2,CHEMBL56509,-9.8
TDP43_v2,CHEMBL565122,-8.9
TDP43_v2,CHEMBL565195,-8.5
TDP43_v2,CHEMBL565206,-8.7
TDP43_v2,CHEMBL565234,-9.6
TDP43_v2,CHEMBL565235,-10.2
TDP43_v2,CHEMBL565241,-8.9
TDP43_v2,CHEMBL565263,-9.8
TDP43_v2,CHEMBL565273,-8.6
TDP43_v2,CHEMBL565315,-8.9
TDP43_v2,CHEMBL565350,-8.9
TDP43_v2,CHEMBL565351,-8.8
TDP43_v2,CHEMBL5653589,-8.8
TDP43_v2,CHEMBL565378,-8.7
TDP43_v2,CHEMBL565385,-8.9
TDP43_v2,CHEMBL565437,-8.9
TDP43_v2,CHEMBL565455,-8.5
TDP43_v2,CHEMBL565463,-9.3
TDP43_v2,CHEMBL565464,-9.2
TDP43_v2,CHEMBL565509,-8.6
TDP43_v2,CHEMBL565529,-8.5
TDP43_v2,CHEMBL565553,-9.3
TDP43_v2,CHEMBL565562,-8.5
TDP43_v2,CHEMBL565570,-8.6
TDP43_v2,CHEMBL565614,-8.5
TDP43_v2,CHEMBL565649,-8.5
TDP43_v2,CHEMBL565672,-8.6
TDP43_v2,CHEMBL565790,-8.6
TDP43_v2,CHEMBL565791,-8.6
TDP43_v2,CHEMBL565837,-9.3
TDP43_v2,CHEMBL565843,-9.1
TDP43_v2,CHEMBL565856,-8.9
TDP43_v2,CHEMBL565857,-9.3
TDP43_v2,CHEMBL565883,-9.1
TDP43_v2,CHEMBL565935,-8.5
TDP43_v2,CHEMBL565950,-8.8
TDP43_v2,CHEMBL565954,-8.5
TDP43_v2,CHEMBL565956,-8.5
TDP43_v2,CHEMBL565960,-8.9
TDP43_v2,CHEMBL565985,-8.7
TDP43_v2,CHEMBL565988,-9.3
TDP43_v2,CHEMBL566005,-9.5
TDP43_v2,CHEMBL566006,-8.8
TDP43_v2,CHEMBL566011,-8.5
TDP43_v2,CHEMBL566013,-9.2
TDP43_v2,CHEMBL566054,-9.0
TDP43_v2,CHEMBL566060,-8.8
TDP43_v2,CHEMBL566075,-9.2
TDP43_v2,CHEMBL566084,-8.7
TDP43_v2,CHEMBL566100,-9.1
TDP43_v2,CHEMBL56611,-9.2
TDP43_v2,CHEMBL566112,-8.8
TDP43_v2,CHEMBL566141,-8.7
TDP43_v2,CHEMBL56615,-8.8
TDP43_v2,CHEMBL566155,-8.7
TDP43_v2,CHEMBL566165,-8.6
TDP43_v2,CHEMBL566172,-8.5
TDP43_v2,CHEMBL566192,-8.6
TDP43_v2,CHEMBL566197,-8.9
TDP43_v2,CHEMBL56621,-8.8
TDP43_v2,CHEMBL566211,-8.6
TDP43_v2,CHEMBL566219,-9.3
TDP43_v2,CHEMBL566226,-8.6
TDP43_v2,CHEMBL566234,-8.9
TDP43_v2,CHEMBL566242,-9.2
TDP43_v2,CHEMBL566257,-8.9
TDP43_v2,CHEMBL566258,-8.5
TDP43_v2,CHEMBL566261,-9.0
TDP43_v2,CHEMBL566345,-8.7
TDP43_v2,CHEMBL566362,-8.5
TDP43_v2,CHEMBL56637,-8.9
TDP43_v2,CHEMBL566379,-9.0
TDP43_v2,CHEMBL566380,-9.2
TDP43_v2,CHEMBL566388,-8.8
TDP43_v2,CHEMBL566396,-9.9
TDP43_v2,CHEMBL566402,-8.7
TDP43_v2,CHEMBL566415,-8.5
TDP43_v2,CHEMBL566421,-9.0
TDP43_v2,CHEMBL566444,-8.7
TDP43_v2,CHEMBL566445,-9.0
TDP43_v2,CHEMBL566447,-8.7
TDP43_v2,CHEMBL566464,-8.5
TDP43_v2,CHEMBL566509,-8.5
TDP43_v2,CHEMBL566535,-9.0
TDP43_v2,CHEMBL56659,-8.5
TDP43_v2,CHEMBL567051,-8.9
TDP43_v2,CHEMBL568008,-8.8
TDP43_v2,CHEMBL568414,-8.8
TDP43_v2,CHEMBL56849,-8.8
TDP43_v2,CHEMBL56855,-8.8
TDP43_v2,CHEMBL568759,-9.4
TDP43_v2,CHEMBL568763,-8.7
TDP43_v2,CHEMBL56904,-8.7
TDP43_v2,CHEMBL56935,-8.8
TDP43_v2,CHEMBL570247,-8.8
TDP43_v2,CHEMBL57059,-8.5
TDP43_v2,CHEMBL57065,-8.6
TDP43_v2,CHEMBL57084,-9.1
TDP43_v2,CHEMBL57095,-8.8
TDP43_v2,CHEMBL57198,-8.5
TDP43_v2,CHEMBL572199,-9.5
TDP43_v2,CHEMBL57318,-9.0
TDP43_v2,CHEMBL57351,-8.5
TDP43_v2,CHEMBL57353,-8.6
TDP43_v2,CHEMBL57420,-8.5
TDP43_v2,CHEMBL57446,-8.6
TDP43_v2,CHEMBL57465,-9.3
TDP43_v2,CHEMBL57479,-8.8
TDP43_v2,CHEMBL57512,-8.7
TDP43_v2,CHEMBL57561,-9.0
TDP43_v2,CHEMBL57564,-9.3
TDP43_v2,CHEMBL57568,-9.3
TDP43_v2,CHEMBL57640,-8.7
TDP43_v2,CHEMBL57731,-9.0
TDP43_v2,CHEMBL57768,-8.7
TDP43_v2,CHEMBL57875,-8.8
TDP43_v2,CHEMBL57904,-8.5
TDP43_v2,CHEMBL57989,-8.6
TDP43_v2,CHEMBL58005,-8.7
TDP43_v2,CHEMBL58022,-8.6
TDP43_v2,CHEMBL58037,-8.8
TDP43_v2,CHEMBL58055,-8.6
TDP43_v2,CHEMBL58079,-8.7
TDP43_v2,CHEMBL58116,-9.0
TDP43_v2,CHEMBL58154,-9.3
TDP43_v2,CHEMBL58205,-8.5
TDP43_v2,CHEMBL582221,-9.6
TDP43_v2,CHEMBL582554,-9.7
TDP43_v2,CHEMBL58272,-8.9
TDP43_v2,CHEMBL58287,-9.0
TDP43_v2,CHEMBL58305,-8.7
TDP43_v2,CHEMBL58325,-8.5
TDP43_v2,CHEMBL58357,-8.9
TDP43_v2,CHEMBL58372,-8.6
TDP43_v2,CHEMBL58375,-8.5
TDP43_v2,CHEMBL58392,-9.4
TDP43_v2,CHEMBL58422,-9.0
TDP43_v2,CHEMBL58449,-9.5
TDP43_v2,CHEMBL58450,-8.9
TDP43_v2,CHEMBL58498,-8.8
TDP43_v2,CHEMBL58563,-9.0
TDP43_v2,CHEMBL58566,-8.8
TDP43_v2,CHEMBL58575,-8.8
TDP43_v2,CHEMBL58598,-8.6
TDP43_v2,CHEMBL58669,-8.6
TDP43_v2,CHEMBL58696,-8.6
TDP43_v2,CHEMBL58714,-9.3
TDP43_v2,CHEMBL58716,-9.3
TDP43_v2,CHEMBL58733,-8.5
TDP43_v2,CHEMBL58734,-8.8
TDP43_v2,CHEMBL58737,-8.5
TDP43_v2,CHEMBL58744,-8.7
TDP43_v2,CHEMBL58745,-8.8
TDP43_v2,CHEMBL58747,-8.6
TDP43_v2,CHEMBL58774,-8.8
TDP43_v2,CHEMBL58786,-8.7
TDP43_v2,CHEMBL58791,-8.7
TDP43_v2,CHEMBL58960,-9.2
TDP43_v2,CHEMBL58967,-8.6
TDP43_v2,CHEMBL58996,-8.5
TDP43_v2,CHEMBL590478,-9.5
TDP43_v2,CHEMBL59098,-9.4
TDP43_v2,CHEMBL59154,-8.6
TDP43_v2,CHEMBL59184,-9.1
TDP43_v2,CHEMBL59187,-8.6
TDP43_v2,CHEMBL59190,-8.8
TDP43_v2,CHEMBL59234,-8.8
TDP43_v2,CHEMBL59240,-9.7
TDP43_v2,CHEMBL59241,-9.1
TDP43_v2,CHEMBL59296,-8.8
TDP43_v2,CHEMBL59384,-8.5
TDP43_v2,CHEMBL59400,-9.1
TDP43_v2,CHEMBL59527,-8.9
TDP43_v2,CHEMBL59561,-8.5
TDP43_v2,CHEMBL59601,-8.5
TDP43_v2,CHEMBL596211,-8.8
TDP43_v2,CHEMBL59642,-8.5
TDP43_v2,CHEMBL59644,-8.5
TDP43_v2,CHEMBL59664,-9.4
TDP43_v2,CHEMBL59677,-8.6
TDP43_v2,CHEMBL59704,-8.5
TDP43_v2,CHEMBL59748,-9.2
TDP43_v2,CHEMBL59785,-9.1
TDP43_v2,CHEMBL59802,-8.6
TDP43_v2,CHEMBL59852,-8.6
TDP43_v2,CHEMBL59853,-9.1
TDP43_v2,CHEMBL59918,-9.4
TDP43_v2,CHEMBL59985,-8.7
TDP43_v2,CHEMBL60026,-9.6
TDP43_v2,CHEMBL60038,-8.6
TDP43_v2,CHEMBL60050,-8.7
TDP43_v2,CHEMBL60097,-9.2
TDP43_v2,CHEMBL60232,-9.4
TDP43_v2,CHEMBL602526,-8.7
TDP43_v2,CHEMBL60267,-8.5
TDP43_v2,CHEMBL60396,-8.6
TDP43_v2,CHEMBL60456,-8.5
TDP43_v2,CHEMBL60461,-9.0
TDP43_v2,CHEMBL60471,-8.6
TDP43_v2,CHEMBL60478,-8.5
TDP43_v2,CHEMBL60498,-8.7
TDP43_v2,CHEMBL60515,-8.6
TDP43_v2,CHEMBL60530,-8.8
TDP43_v2,CHEMBL60564,-8.8
TDP43_v2,CHEMBL60618,-8.9
TDP43_v2,CHEMBL60640,-9.1
TDP43_v2,CHEMBL60677,-9.1
TDP43_v2,CHEMBL60707,-9.0
TDP43_v2,CHEMBL60754,-9.4
TDP43_v2,CHEMBL60796,-9.1
TDP43_v2,CHEMBL60836,-8.8
TDP43_v2,CHEMBL60845,-8.7
TDP43_v2,CHEMBL60852,-9.0
TDP43_v2,CHEMBL60879,-8.9
TDP43_v2,CHEMBL60912,-9.1
TDP43_v2,CHEMBL609157,-8.7
TDP43_v2,CHEMBL60931,-8.8
TDP43_v2,CHEMBL60944,-8.7
TDP43_v2,CHEMBL60990,-8.5
TDP43_v2,CHEMBL61046,-9.3
TDP43_v2,CHEMBL61064,-8.6
TDP43_v2,CHEMBL61073,-8.5
TDP43_v2,CHEMBL610879,-8.8
TDP43_v2,CHEMBL61182,-8.5
TDP43_v2,CHEMBL61256,-8.6
TDP43_v2,CHEMBL61374,-8.7
TDP43_v2,CHEMBL61470,-8.7
TDP43_v2,CHEMBL61579,-8.9
TDP43_v2,CHEMBL61629,-8.5
TDP43_v2,CHEMBL61674,-8.6
TDP43_v2,CHEMBL61685,-9.2
TDP43_v2,CHEMBL61790,-8.8
TDP43_v2,CHEMBL61816,-8.5
TDP43_v2,CHEMBL61822,-8.9
TDP43_v2,CHEMBL61872,-8.7
TDP43_v2,CHEMBL61926,-8.5
TDP43_v2,CHEMBL61950,-8.8
TDP43_v2,CHEMBL62079,-8.6
TDP43_v2,CHEMBL62158,-9.0
TDP43_v2,CHEMBL62166,-9.0
TDP43_v2,CHEMBL62188,-9.5
TDP43_v2,CHEMBL62258,-8.5
TDP43_v2,CHEMBL6228,-8.5
TDP43_v2,CHEMBL62290,-8.6
TDP43_v2,CHEMBL62291,-8.5
TDP43_v2,CHEMBL6247,-8.9
TDP43_v2,CHEMBL62614,-8.5
TDP43_v2,CHEMBL62636,-8.9
TDP43_v2,CHEMBL62656,-8.8
TDP43_v2,CHEMBL62701,-8.6
TDP43_v2,CHEMBL62746,-9.0
TDP43_v2,CHEMBL62758,-8.5
TDP43_v2,CHEMBL62794,-9.3
TDP43_v2,CHEMBL62852,-8.5
TDP43_v2,CHEMBL62877,-8.5
TDP43_v2,CHEMBL62919,-8.6
TDP43_v2,CHEMBL62959,-8.5
TDP43_v2,CHEMBL62994,-8.6
TDP43_v2,CHEMBL63045,-8.6
TDP43_v2,CHEMBL63073,-8.9
TDP43_v2,CHEMBL63127,-8.5
TDP43_v2,CHEMBL6315,-9.5
TDP43_v2,CHEMBL63192,-8.7
TDP43_v2,CHEMBL63235,-9.5
TDP43_v2,CHEMBL63258,-8.9
TDP43_v2,CHEMBL63273,-8.5
TDP43_v2,CHEMBL63338,-8.8
TDP43_v2,CHEMBL6335,-8.7
TDP43_v2,CHEMBL63354,-8.6
TDP43_v2,CHEMBL63439,-8.9
TDP43_v2,CHEMBL63518,-8.5
TDP43_v2,CHEMBL6353,-8.6
TDP43_v2,CHEMBL6354,-8.6
TDP43_v2,CHEMBL63546,-9.0
TDP43_v2,CHEMBL63555,-8.5
TDP43_v2,CHEMBL6356,-8.6
TDP43_v2,CHEMBL6361,-9.6
TDP43_v2,CHEMBL63610,-9.1
TDP43_v2,CHEMBL63788,-8.5
TDP43_v2,CHEMBL63814,-9.2
TDP43_v2,CHEMBL6386,-9.7
TDP43_v2,CHEMBL63863,-10.0
TDP43_v2,CHEMBL63864,-8.6
TDP43_v2,CHEMBL63914,-8.6
TDP43_v2,CHEMBL6392,-8.5
TDP43_v2,CHEMBL63948,-8.6
TDP43_v2,CHEMBL63976,-8.9
TDP43_v2,CHEMBL63983,-8.7
TDP43_v2,CHEMBL64022,-8.5
TDP43_v2,CHEMBL64051,-9.1
TDP43_v2,CHEMBL64071,-8.6
TDP43_v2,CHEMBL6413,-8.7
TDP43_v2,CHEMBL64213,-8.6
TDP43_v2,CHEMBL64245,-8.6
TDP43_v2,CHEMBL64252,-8.6
TDP43_v2,CHEMBL64265,-8.6
TDP43_v2,CHEMBL64350,-8.5
TDP43_v2,CHEMBL6441,-8.5
TDP43_v2,CHEMBL6459,-8.6
TDP43_v2,CHEMBL64621,-9.2
TDP43_v2,CHEMBL64678,-8.5
TDP43_v2,CHEMBL64681,-8.5
TDP43_v2,CHEMBL6471,-9.0
TDP43_v2,CHEMBL64714,-8.5
TDP43_v2,CHEMBL64733,-8.6
TDP43_v2,CHEMBL64742,-8.5
TDP43_v2,CHEMBL64758,-8.9
TDP43_v2,CHEMBL64763,-9.1
TDP43_v2,CHEMBL64858,-8.8
TDP43_v2,CHEMBL64904,-9.1
TDP43_v2,CHEMBL64913,-8.6
TDP43_v2,CHEMBL64915,-8.5
TDP43_v2,CHEMBL64956,-8.6
TDP43_v2,CHEMBL65014,-8.5
TDP43_v2,CHEMBL65033,-8.8
TDP43_v2,CHEMBL65132,-8.6
TDP43_v2,CHEMBL65205,-9.4
TDP43_v2,CHEMBL65219,-8.7
TDP43_v2,CHEMBL65299,-8.5
TDP43_v2,CHEMBL6599,-8.7
TDP43_v2,CHEMBL6618,-8.7
TDP43_v2,CHEMBL6637,-8.9
TDP43_v2,CHEMBL6689,-9.0
TDP43_v2,CHEMBL6693,-9.5
TDP43_v2,CHEMBL6726,-8.6
TDP43_v2,CHEMBL6874,-9.2
TDP43_v2,CHEMBL6905,-8.9
TDP43_v2,CHEMBL6914,-8.8
TDP43_v2,CHEMBL6925,-8.9
TDP43_v2,CHEMBL6933,-8.6
TDP43_v2,CHEMBL6949,-8.6
TDP43_v2,CHEMBL6959,-8.8
TDP43_v2,CHEMBL6969,-8.8
TDP43_v2,CHEMBL6982,-8.5
TDP43_v2,CHEMBL6983,-9.2
TDP43_v2,CHEMBL6991,-8.7
TDP43_v2,CHEMBL7029,-8.6
TDP43_v2,CHEMBL7039,-9.2
TDP43_v2,CHEMBL7050,-8.9
TDP43_v2,CHEMBL7051,-8.8
TDP43_v2,CHEMBL7053,-8.8
TDP43_v2,CHEMBL7058,-9.1
TDP43_v2,CHEMBL7064,-8.7
TDP43_v2,CHEMBL7089,-9.0
TDP43_v2,CHEMBL7134,-9.0
TDP43_v2,CHEMBL7167,-8.9
TDP43_v2,CHEMBL7177,-8.5
TDP43_v2,CHEMBL7251,-8.5
TDP43_v2,CHEMBL7285,-9.1
TDP43_v2,CHEMBL7317,-8.6
TDP43_v2,CHEMBL7328,-8.9
TDP43_v2,CHEMBL7329,-8.5
TDP43_v2,CHEMBL7343,-8.7
TDP43_v2,CHEMBL7349,-8.5
TDP43_v2,CHEMBL7373,-8.8
TDP43_v2,CHEMBL7383,-8.5
TDP43_v2,CHEMBL7403,-8.6
TDP43_v2,CHEMBL7409,-9.0
TDP43_v2,CHEMBL7421,-8.6
TDP43_v2,CHEMBL7455,-8.8
TDP43_v2,CHEMBL7463,-8.8
TDP43_v2,CHEMBL7522,-9.2
TDP43_v2,CHEMBL7598,-8.8
TDP43_v2,CHEMBL7617,-8.6
TDP43_v2,CHEMBL7640,-8.6
TDP43_v2,CHEMBL7656,-8.6
TDP43_v2,CHEMBL7748,-8.5
TDP43_v2,CHEMBL7775,-8.6
TDP43_v2,CHEMBL7790,-9.9
TDP43_v2,CHEMBL7791,-8.5
TDP43_v2,CHEMBL7855,-8.9
TDP43_v2,CHEMBL7858,-8.8
TDP43_v2,CHEMBL7859,-8.8
TDP43_v2,CHEMBL7914,-8.7
TDP43_v2,CHEMBL7929,-9.7
TDP43_v2,CHEMBL7939,-8.6
TDP43_v2,CHEMBL7970,-8.8
TDP43_v2,CHEMBL7986,-8.7
TDP43_v2,CHEMBL8020,-9.4
TDP43_v2,CHEMBL8035,-8.7
TDP43_v2,CHEMBL8045,-8.5
TDP43_v2,CHEMBL8067,-8.7
TDP43_v2,CHEMBL8129,-9.0
TDP43_v2,CHEMBL8208,-8.7
TDP43_v2,CHEMBL8252,-8.5
TDP43_v2,CHEMBL8305,-9.2
TDP43_v2,CHEMBL8385,-8.5
TDP43_v2,CHEMBL8459,-8.6
TDP43_v2,CHEMBL8499,-8.6
TDP43_v2,CHEMBL8550,-9.6
TDP43_v2,CHEMBL8574,-8.6
TDP43_v2,CHEMBL8620,-8.5
TDP43_v2,CHEMBL8744,-8.5
TDP43_v2,CHEMBL8779,-8.8
TDP43_v2,CHEMBL8845,-8.5
TDP43_v2,CHEMBL8893,-9.2
TDP43_v2,CHEMBL8937,-8.5
TDP43_v2,CHEMBL8949,-9.8
TDP43_v2,CHEMBL8960,-8.5
TDP43_v2,CHEMBL9127,-8.7
TDP43_v2,CHEMBL9138,-8.7
TDP43_v2,CHEMBL9174,-9.8
TDP43_v2,CHEMBL9181,-8.7
TDP43_v2,CHEMBL9250,-9.1
TDP43_v2,CHEMBL9252,-8.5
TDP43_v2,CHEMBL9287,-8.9
TDP43_v2,CHEMBL9308,-8.7
TDP43_v2,CHEMBL9312,-8.7
TDP43_v2,CHEMBL9379,-9.1
TDP43_v2,CHEMBL9402,-8.8
TDP43_v2,CHEMBL9415,-9.0
TDP43_v2,CHEMBL9440,-8.9
TDP43_v2,CHEMBL9478,-8.7
TDP43_v2,CHEMBL9500,-10.0
TDP43_v2,CHEMBL9506,-8.5
TDP43_v2,CHEMBL9510,-9.5
TDP43_v2,CHEMBL9538,-9.0
TDP43_v2,CHEMBL9628,-8.5
TDP43_v2,CHEMBL9781,-8.7
TDP43_v2,CHEMBL9951,-8.5
TDP43_v2,CHEMBL9952,-8.8
TDP43_v2,DESOGESTREL,-9.0
TDP43_v2,DIENOGEST,-9.0
TDP43_v2,DIHYDROERGOTAMINE,-8.9
TDP43_v2,ELTROMBOPAG,-8.6
TDP43_v2,ENTRECTINIB,-9.7
TDP43_v2,ERGOTAMINE,-8.6
TDP43_v2,ESTETROL ANHYDROUS,-8.6
TDP43_v2,ESTRADIOL,-8.8
TDP43_v2,ESTRIOL,-8.7
TDP43_v2,ESTRONE,-8.9
TDP43_v2,ESTRONE SULFURIC ACID,-8.9
TDP43_v2,ETHINYL ESTRADIOL,-8.7
TDP43_v2,ETHYLESTRENOL,-8.5
TDP43_v2,ETONOGESTREL,-8.9
TDP43_v2,FLUOROESTRADIOL,-8.9
TDP43_v2,FLUOROESTRADIOL F-18,-8.9
TDP43_v2,LAZERTINIB,-8.5
TDP43_v2,LEVONORGESTREL,-8.8
TDP43_v2,LUMACAFTOR,-9.0
TDP43_v2,LYNESTRENOL,-8.8
TDP43_v2,MEFLOQUINE,-9.4
TDP43_v2,MONTELUKAST,-9.4
TDP43_v2,NILOTINIB,-9.0
TDP43_v2,NOMEGESTROL,-8.9
TDP43_v2,NOMEGESTROL ACETATE,-9.2
TDP43_v2,NORGESTREL,-8.8
TDP43_v2,PALONOSETRON,-8.7
TDP43_v2,PERAMPANEL,-8.9
TDP43_v2,PIMOZIDE,-9.2
TDP43_v2,PONATINIB,-8.5
TDP43_v2,PRANLUKAST,-9.1
TDP43_v2,RILPIVIRINE,-8.5
TDP43_v2,SELINEXOR,-8.6
TDP43_v2,TELMISARTAN,-9.0
TDP43_v2,TEPOTINIB,-8.6
TDP43_v2,TUCATINIB,-8.5
TDP43_v2,ULIPRISTAL ACETATE,-9.0
TDP43_v2,ZAVEGEPANT,-9.6
