LIGAND INFORMATION,,,,,IN VITRO ASSAYS,,,,,,,,,CELL-BASED ASSAYS,,,,,,,,ANIMAL MODELS,,,,,,,,,,,,,,
#,Previous ID #,SMILES,Name,DOI/PMC,Control,Assay Target(s) ,Observation,Ligand Concentration,Buffer,Category,Assay,Method/Notes,Control/Validation,Control,Cell Line,Observation,Concentration,Category,Assay,Method Notes,Control/Validation,Control,Organism,Observation,Administration/Concentration,Category,Assay,Method/Notes,Control/Validation,,,,,,,
R-BIND (LM) 0001,R-BIND (MV) 0002,NC(=[NH2+])NCCC[C@H]([NH3+])C(=O)NC1=CC2=C(C=C1)C1C3=CC=C(NC(=O)[C@@H]([NH3+])CCCNC(N)=[NH2+])C=C3C2C2=C1C=CC(NC(=O)[C@@H]([NH3+])CCCNC(N)=[NH2+])=C2,Triptycene 2,10.1002/anie.201601626,,RpoH ?32mRNA factor,?Tm = 13.7 °C,Ligand = 2 µM; RNA = 1 µM,10 mM sodium phosphate (pH = 7.2),Binding,Optical Melting,Errors not reported.,Compared to absence of ligand,,E. coli DH5? ,~50-65% decrease in fluorescence,"Ligand = 5, 25 µM",Translational Activity,Reporter,rpoHgene was inserted into a plasmid encoding GFP; Cells were subject to heat shock at 42 ºC and fluorescence measured.,Compared to absence of ligand,,,,,,,,,,,,,,,
R-BIND (LM) 0001,R-BIND (MV) 0002,NC(=[NH2+])NCCC[C@H]([NH3+])C(=O)NC1=CC2=C(C=C1)C1C3=CC=C(NC(=O)[C@@H]([NH3+])CCCNC(N)=[NH2+])C=C3C2C2=C1C=CC(NC(=O)[C@@H]([NH3+])CCCNC(N)=[NH2+])=C2,Triptycene 2,10.1002/anie.201601626,,RpoH ?32mRNA factor,Ligand-induced stabilization observed,Ligand = 10 µM; RNA = 5 µM,10 mM sodium phosphate (pH = 7.2),Binding,Circular Dichroism,Spectra were measured every 1 nm between 350 nm and 200 nm,Compared to absence of ligand,C,E. coli DH5? ,Low relative GFP florescence prior to heat shock; slight increase in presence or absence of ligand upon heat shock,"Ligand = 5, 25 µM",Translational Activity,Reporter,Control GFP plasmid with no rpoH gene; Cells were subject to heat shock at 42 ºC and fluorescence measured.,Compared to absence of ligand,,,,,,,,,,,,,,,
R-BIND (LM) 0001,R-BIND (MV) 0002,NC(=[NH2+])NCCC[C@H]([NH3+])C(=O)NC1=CC2=C(C=C1)C1C3=CC=C(NC(=O)[C@@H]([NH3+])CCCNC(N)=[NH2+])C=C3C2C2=C1C=CC(NC(=O)[C@@H]([NH3+])CCCNC(N)=[NH2+])=C2,Triptycene 2,10.1002/anie.201601626,,RpoH ?32mRNA factor,Kd = 1.5 µM,Ligand = NR; RNA = 120 nM,50 mM sodium phosphate (pH = 7.2),Binding,Fluorescence-Based Titration (Labeled RNA),RNA was labeled with FAM (5') and IowaBlk (3'). Errors not reported.,Decreased fluorescence consistent with reforming the folded 3WJ state. ,C,E. coli DH5? ,mRNA levels were moderately affected at high concentrations,"Ligand = 12.5, 25 µM",Transcriptional Inhibition,qRT-PCR,Samples were allowed to grow at 30 °C for 3 hours. Cultures were then kept at 30 °C for 18 hours. Total RNA from E. coli was extracted and purified. Reverse transcription was conducted,Compared to absence of ligand,,,,,,,,,,,,,,,
R-BIND (LM) 0001,R-BIND (MV) 0002,NC(=[NH2+])NCCC[C@H]([NH3+])C(=O)NC1=CC2=C(C=C1)C1C3=CC=C(NC(=O)[C@@H]([NH3+])CCCNC(N)=[NH2+])C=C3C2C2=C1C=CC(NC(=O)[C@@H]([NH3+])CCCNC(N)=[NH2+])=C2,Triptycene 2,10.1002/anie.201601626,,"?32 mRNA, 5' end",Ligand-induced stabilization observed,Ligand = 2.5 µM; RNA = 0.25 µM,10 mM sodium phosphate (pH = 7.2),Binding,Optical Melting,-,Compared to absence of ligand,,E. coli DH5? ,Moderately inhibitory at high concentrations,Ligand = 25 µM,Antimicrobial Activity,Growth Inhibition,E. coli DH5? cells transformed with the ?32-EmGFP plasmid were grown overnight at 30°C in Luria broth (LB) supplemented with 50 µg/mL ampicillin. Overnight cultures were diluted  S4 1:100 in LB.  Samples were allowed to grow at 30 °C for 3 hours. Cultures were kept at 30 °C or heat shocked at 42 °C for 18 hours.,Compared to absence of ligand,,,,,,,,,,,,,,,
R-BIND (LM) 0001,R-BIND (MV) 0002,NC(=[NH2+])NCCC[C@H]([NH3+])C(=O)NC1=CC2=C(C=C1)C1C3=CC=C(NC(=O)[C@@H]([NH3+])CCCNC(N)=[NH2+])C=C3C2C2=C1C=CC(NC(=O)[C@@H]([NH3+])CCCNC(N)=[NH2+])=C2,Triptycene 2,10.1002/anie.201601626,,"?32 mRNA, 5' end",Thermal stabilization,Ligand = 5 µM; RNA = 0.5 µM,10 mM sodium phosphate (pH = 7.2),Binding,Circular Dichroism,Spectra were measured every 1 nm between 350 nm and 200 nm,Compared to absence of ligand,,,,,,,,,,,,,,,,,,,,,,,
R-BIND (LM) 0002,R-BIND (MV) 0003,CCCN(CC(=O)N(CCC)CC(=O)N(CC(N)=O)CC1=CN(CCCNC(=O)CCCOC2=C(C=C(C=C2C(C)(C)C)C2=NC3=CC(=CC=C3N2)N2CC[NH+](C)CC2)C(C)(C)C)N=N1)C(=O)CCCOC1=CC=CC(=C1)C1=NC2=CC(=CC=C2N1)C1=NC2=CC(=CC=C2N1)N1CC[NH+](C)CC1,Targaprimir-96,10.1073/pnas.1523975113,,Pri-miR-96,Inhibited cleavage of pri-miR-96 at low-nanomolar concentrations,"Ligand = 5, 50, 500 nM",-,Binding,PAGE,"Radioactively labeled model of pre-miR-96 processing and cell extracts with overexpressed Drosha. RNA was incubated with ligand in 6.4 mM MgCl2 at room temperature for 10 min, Drosha lysate was added and the samples were incubated at 37ºC for 3h.",Compared to absence of ligand,,MDA-MB-231 TNBC Cells,"IC50 = ~50 nM (mature miR-96). Boosted pri-miRNA-96, and decreased pre-miRNA in a dose-dependent manner.",Ligand = 10 - 1000 nM,On-Target Effect,qRT-PCR,"The expression levels of mature miRNAs, pre-miR-96, and pri-miR-96 were normalized to U6 small nuclear RNA.",Analyzed effect on pri- and precursor microRNA-96,C,TNBC mouse model (NOD/SCID),"The amount of intact compound in plasma peaks at ~4h; 48 h post-injection, ligand concentration in plasma is greater than 50 nM",Intraperitoneal; 2 or 7 mg/kg,Pharmacokinetics,LC/MS-MS,The amount of intact compound in blood plasma was measured as function of time,-,,,,,,,
R-BIND (LM) 0002,R-BIND (MV) 0003,CCCN(CC(=O)N(CCC)CC(=O)N(CC(N)=O)CC1=CN(CCCNC(=O)CCCOC2=C(C=C(C=C2C(C)(C)C)C2=NC3=CC(=CC=C3N2)N2CC[NH+](C)CC2)C(C)(C)C)N=N1)C(=O)CCCOC1=CC=CC(=C1)C1=NC2=CC(=CC=C2N1)C1=NC2=CC(=CC=C2N1)N1CC[NH+](C)CC1,Targaprimir-96,10.1073/pnas.1523975113,,Pri-miR-96,Nanomolar concentrations protected the predicted binding site from cleavage by S1 nuclease,NR,20 mM sodium acetate (pH = 4.5) and 150 mM NaCl,Binding,PAGE,"5'-end labeled was folded by heating at 65 ºC for 5 min and slowly cooling to room temperature. Zinc sulfate was added to a final concentration of 1 mM followed by addition of serially diluted concentrations of 3. After incubating the samples at room temperature for 15 min, 0.05 units/µL of S1 nuclease was added and the samples were incubated at 37 ?C for 30 min. ",Compared to absence of ligand and cleavage by T1 nuclease under denaturing conditions (cleaves Gs).,,MDA-MB-231 TNBC Cells,2-fold increase in FOXO1 expression,Ligand = 50 nM,Translational Activity,Western Blot,-,Compared to control (B-actin) and vehicle groups,,TNBC mouse model (NOD/SCID),Compound significantly decreased tumor growth,Intraperitoneal; 10 mg/kg,Tumor Burden,Tumor Size,"Mice injected with a variant of MDA-MB-231 that expresses luciferase. After tumor development, treatment with compound over 21 days (every other day) was performed.","Compared to vehicle before and after xenografting with MDA-MD-231-luc cells, No toxicity was observed",,,,,,,
R-BIND (LM) 0002,R-BIND (MV) 0003,CCCN(CC(=O)N(CCC)CC(=O)N(CC(N)=O)CC1=CN(CCCNC(=O)CCCOC2=C(C=C(C=C2C(C)(C)C)C2=NC3=CC(=CC=C3N2)N2CC[NH+](C)CC2)C(C)(C)C)N=N1)C(=O)CCCOC1=CC=CC(=C1)C1=NC2=CC(=CC=C2N1)C1=NC2=CC(=CC=C2N1)N1CC[NH+](C)CC1,Targaprimir-96,10.1073/pnas.1523975113,C,RNAC  (UU loop mutant to AU basepair),Kd > 4 µM,Ligand = 1 - 100 nM,"8 mM Na2HPO4 (pH = 7.0), 190 mM NaCl, 1 mM EDTA, and 40 µg/mL BSA",Off-Target Effect,Fluorescence-Based Titration (Intrinsic),RNA contained a mutation of UU loop to AU pair. RNA was folded by heating at 60 °C for 5 min and slowly cooling to room temperature. The solutions were incubated for 30 min at room temperature and then transferred to a 96-well plate and fluorescence intensity measured. ,Compared to monomers,,MDA-MB-231 TNBC Cells,"Induced early apoptosis, ablated upon exogenous expression of pri-miR-96",Ligand = 50 nM,Apoptosis,Annexin V,Assessed by Annexin V staining,"Conducted with or without forced overexpression of pri-miR-96, compared to monomers",,TNBC mouse model (NOD/SCID),Compound significantly decreased tumor growth,Intraperitoneal; 10 mg/kg,Tumor Burden,Bioluminescent Imaging,"Mice injected with a variant of MDA-MB-231 that expresses luciferase. After tumor development, treatment with compound over 21 days (every other day) was performed.",Compared to vehicle before and after xenografting with MDA-MD-231-luc cells,,,,,,,
R-BIND (LM) 0002,R-BIND (MV) 0003,CCCN(CC(=O)N(CCC)CC(=O)N(CC(N)=O)CC1=CN(CCCNC(=O)CCCOC2=C(C=C(C=C2C(C)(C)C)C2=NC3=CC(=CC=C3N2)N2CC[NH+](C)CC2)C(C)(C)C)N=N1)C(=O)CCCOC1=CC=CC(=C1)C1=NC2=CC(=CC=C2N1)C1=NC2=CC(=CC=C2N1)N1CC[NH+](C)CC1,Targaprimir-96,10.1073/pnas.1523975113,C,RNA1 (Drosha processing site only),Kd = 1.2 ± 0.3 µM,Ligand = 1 - 100 nM,"9 mM Na2HPO4 (pH = 7.0), 190 mM NaCl, 1 mM EDTA, and 40 µg/mL BSA",Binding,Fluorescence-Based Titration (Intrinsic),RNA contained the Drosha processing site. RNA was folded by heating at 60 °C for 5 min and slowly cooling to room temperature. The solutions were incubated for 30 min at room temperature and then transferred to a 96-well plate and fluorescence intensity measured. ,Compared to monomers,C,MCF10A,No significant effect on apoptosis,Ligand = 50 nM,Apoptosis,Annexin V,Nontumorigenic mammary epithelial cell line,"Conducted with or without forced overexpression of pri-miR-96, compared to monomers",,TNBC mouse model (NOD/SCID),"Observed decreased levels of mature miR-96 (~50%),  increased pri-miR-96",Intraperitoneal; 10 mg/kg,RNA Abundance,qRT-PCR,Conducted using TargetScan,Compared to vehicle; tumors excised from treated and untreated mice,,,,,,,
R-BIND (LM) 0002,R-BIND (MV) 0003,CCCN(CC(=O)N(CCC)CC(=O)N(CC(N)=O)CC1=CN(CCCNC(=O)CCCOC2=C(C=C(C=C2C(C)(C)C)C2=NC3=CC(=CC=C3N2)N2CC[NH+](C)CC2)C(C)(C)C)N=N1)C(=O)CCCOC1=CC=CC(=C1)C1=NC2=CC(=CC=C2N1)C1=NC2=CC(=CC=C2N1)N1CC[NH+](C)CC1,Targaprimir-96,10.1073/pnas.1523975113,C,RNA2 (desired GG loop only),Kd = 0.9 ± 0.2 µM,Ligand = 1 - 100 nM,"10 mM Na2HPO4 (pH = 7.0), 190 mM NaCl, 1 mM EDTA, and 40 µg/mL BSA",Binding,Fluorescence-Based Titration (Intrinsic),RNA contained desired GG loop. RNA was folded by heating at 60 °C for 5 min and slowly cooling to room temperature. The solutions were incubated for 30 min at room temperature and then transferred to a 96-well plate and fluorescence intensity measured. ,Compared to monomers,,MDA-MB-231 TNBC Cells,Only miR-96 expression was affected,Ligand = 50 nM,On-Target Effect,qRT-PCR,Conducted using TargetScan,Compared to vehicle,,TNBC mouse model (NOD/SCID),Increased FOXO1 levels,Intraperitoneal; 10 mg/kg,Protein Abundance,Western Blot,-,Compared to control (B-actin) and vehicle groups; tumors excised from treated and untreated mice,,,,,,,
R-BIND (LM) 0002,R-BIND (MV) 0003,CCCN(CC(=O)N(CCC)CC(=O)N(CC(N)=O)CC1=CN(CCCNC(=O)CCCOC2=C(C=C(C=C2C(C)(C)C)C2=NC3=CC(=CC=C3N2)N2CC[NH+](C)CC2)C(C)(C)C)N=N1)C(=O)CCCOC1=CC=CC(=C1)C1=NC2=CC(=CC=C2N1)C1=NC2=CC(=CC=C2N1)N1CC[NH+](C)CC1,Targaprimir-96,10.1073/pnas.1523975113,C,RNA3 (both the Drosha target site and adjacent target site),Kd = 20 ± 7 nM,Ligand = 1 - 100 nM,"11 mM Na2HPO4 (pH = 7.0), 190 mM NaCl, 1 mM EDTA, and 40 µg/mL BSA",Binding,Fluorescence-Based Titration (Intrinsic),"RNA contains both the Drosha target site and the adjacent site for individual monomers. RNA was folded by heating at 60 °C for 5 min and slowly cooling to room temperature. The solutions were incubated for 30 min at room temperature and then transferred to a 96-well plate and fluorescence intensity measured.  This measurement was completed in the presence of PEG 8000, a molecular crowding agent that allows in vitro conditions to mimic the molecularly crowded environment in cells.",Compared to monomers,,4175 Lung Metastatic Breast Cancer,"Inhibits biogenesis of mature (decreased), pre-miR-96 (decreased), and pri-miR-96 (increased)",Ligand = 50 nM,On-Target Effect,qRT-PCR,Derived from MDA-MB-231. ,"Analyzed effect on pri- and precursor microRNA-96, used vehicle control",,,,,,,,,,,,,,,
R-BIND (LM) 0002,R-BIND (MV) 0003,CCCN(CC(=O)N(CCC)CC(=O)N(CC(N)=O)CC1=CN(CCCNC(=O)CCCOC2=C(C=C(C=C2C(C)(C)C)C2=NC3=CC(=CC=C3N2)N2CC[NH+](C)CC2)C(C)(C)C)N=N1)C(=O)CCCOC1=CC=CC(=C1)C1=NC2=CC(=CC=C2N1)C1=NC2=CC(=CC=C2N1)N1CC[NH+](C)CC1,Targaprimir-96,10.1073/pnas.1523975113,C,RNA4 (GG to GC loop mutation),Kd = 1.2 ± 0.3 µM,Ligand = 1 - 100 nM,"12 mM Na2HPO4 (pH = 7.0), 190 mM NaCl, 1 mM EDTA, and 40 µg/mL BSA",Binding,Fluorescence-Based Titration (Intrinsic),RNA contained GG to GC loop mutation. RNA was folded by heating at 60 °C for 5 min and slowly cooling to room temperature. The solutions were incubated for 30 min at room temperature and then transferred to a 96-well plate and fluorescence intensity measured. ,Compared to monomers,,4175 Lung Metastatic Breast Cancer,Increases FOXO1 levels,Ligand = 50 nM,Translational Activity,Western Blot,-,Compared to control (B-actin) and vehicle groups,,,,,,,,,,,,,,,
R-BIND (LM) 0002,R-BIND (MV) 0003,CCCN(CC(=O)N(CCC)CC(=O)N(CC(N)=O)CC1=CN(CCCNC(=O)CCCOC2=C(C=C(C=C2C(C)(C)C)C2=NC3=CC(=CC=C3N2)N2CC[NH+](C)CC2)C(C)(C)C)N=N1)C(=O)CCCOC1=CC=CC(=C1)C1=NC2=CC(=CC=C2N1)C1=NC2=CC(=CC=C2N1)N1CC[NH+](C)CC1,Targaprimir-96,10.1073/pnas.1523975113,C,RNA5 (UU loop mutant to UA loop),Kd = 1.5 ± 0.2 µM,Ligand = 1 - 100 nM,"13 mM Na2HPO4 (pH = 7.0), 190 mM NaCl, 1 mM EDTA, and 40 µg/mL BSA",Binding,Fluorescence-Based Titration (Intrinsic),RNA contained UU to UA loop mutation. RNA was folded by heating at 60 °C for 5 min and slowly cooling to room temperature. The solutions were incubated for 30 min at room temperature and then transferred to a 96-well plate and fluorescence intensity measured. ,Compared to monomers,,4175 Lung Metastatic Breast Cancer,"Triggers apoptosis, forced expression of pri-miR-96 decreased apoptosis",Ligand = 50 nM,Apoptosis,Annexin V,-,Conducted with or without forced overexpression of pri-miR-96,,,,,,,,,,,,,,,
R-BIND (LM) 0002,R-BIND (MV) 0003,CCCN(CC(=O)N(CCC)CC(=O)N(CC(N)=O)CC1=CN(CCCNC(=O)CCCOC2=C(C=C(C=C2C(C)(C)C)C2=NC3=CC(=CC=C3N2)N2CC[NH+](C)CC2)C(C)(C)C)N=N1)C(=O)CCCOC1=CC=CC(=C1)C1=NC2=CC(=CC=C2N1)C1=NC2=CC(=CC=C2N1)N1CC[NH+](C)CC1,Targaprimir-96,10.1073/pnas.1523975113,C,AT-rich DNA hairpin,Kd > 50 µM,Ligand = 1 - 100 nM,"14 mM Na2HPO4 (pH = 7.0), 190 mM NaCl, 1 mM EDTA, and 40 µg/mL BSA",Off-Target Effect,Fluorescence-Based Titration (Intrinsic),RNA was folded by heating at 60 °C for 5 min and slowly cooling to room temperature. The solutions were incubated for 30 min at room temperature and then transferred to a 96-well plate and fluorescence intensity measured. ,Compared to monomers,,4175 Lung Metastatic Breast Cancer,Only miR-96 expression was affected,Ligand = 50 nM,On-Target Effect,qRT-PCR,Conducted using TargetScan,Compared to vehicle,,,,,,,,,,,,,,,
R-BIND (LM) 0002,R-BIND (MV) 0003,CCCN(CC(=O)N(CCC)CC(=O)N(CC(N)=O)CC1=CN(CCCNC(=O)CCCOC2=C(C=C(C=C2C(C)(C)C)C2=NC3=CC(=CC=C3N2)N2CC[NH+](C)CC2)C(C)(C)C)N=N1)C(=O)CCCOC1=CC=CC(=C1)C1=NC2=CC(=CC=C2N1)C1=NC2=CC(=CC=C2N1)N1CC[NH+](C)CC1,Targaprimir-96,10.1073/pnas.1523975113,,,,,,,,,,C,MDA-MB-231 TNBC Cells,Observed an approximately five-fold enrichment of pri-miR-96,Ligand = 50 nM,On-Target Effect,Chem-CLIP,Ligand is appended with a nucleic acid reactive module that allows small molecules to be conjugated to their cellular RNA targets and a biotin module that allows for isolation of biotinylated products,"Tested appended ligand for binding to pri-miR-96 in vitro, had controls in which the RNA-binding modules are removed for experiment",,,,,,,,,,,,,,,
R-BIND (LM) 0002,R-BIND (MV) 0003,CCCN(CC(=O)N(CCC)CC(=O)N(CC(N)=O)CC1=CN(CCCNC(=O)CCCOC2=C(C=C(C=C2C(C)(C)C)C2=NC3=CC(=CC=C3N2)N2CC[NH+](C)CC2)C(C)(C)C)N=N1)C(=O)CCCOC1=CC=CC(=C1)C1=NC2=CC(=CC=C2N1)C1=NC2=CC(=CC=C2N1)N1CC[NH+](C)CC1,Targaprimir-96,10.1073/pnas.1523975113,,,,,,,,,,C,MDA-MB-231 TNBC Cells,Reduced the amount of pri-miR-96 pulled down by ligand in a dose-dependent manner,"Ligand = 1000, 5000 nM; Competitive probe = 50 nM",On-Target Effect,Competitive Chem-CLIP,Cells are cotreated with the Chem-CLIP probe and the unreactive parent compound; targets that are bound selectively by the parent compound are depleted by the pull-down; accounts for no-selective effects due to cross-linking and purification modules,-,,,,,,,,,,,,,,,
R-BIND (LM) 0002,R-BIND (MV) 0003,CCCN(CC(=O)N(CCC)CC(=O)N(CC(N)=O)CC1=CN(CCCNC(=O)CCCOC2=C(C=C(C=C2C(C)(C)C)C2=NC3=CC(=CC=C3N2)N2CC[NH+](C)CC2)C(C)(C)C)N=N1)C(=O)CCCOC1=CC=CC(=C1)C1=NC2=CC(=CC=C2N1)C1=NC2=CC(=CC=C2N1)N1CC[NH+](C)CC1,Targaprimir-96,10.1073/pnas.1523975113,,,,,,,,,,C,TA98 Salmonella Typhimurim Strain,Compound is not mutagenic under the conditions and strain evaluated,"Ligand = 0.006, 0.003, 0.02, 0.08, 0.4 2, 10 µM",Pharmacological Profiling,Ames Test,Strains were used to detect frameshift mutations and base pair substitutions; mutagenicity was evaluated after 5 d of exposure,"Mutagenic potential was studied in the presence (+S9) and absence (?S9) of rat liver extract S9. Nitrofluorene, amino anthracene, and sodium azide were used as positive controls.",,,,,,,,,,,,,,,
R-BIND (LM) 0002,R-BIND (MV) 0003,CCCN(CC(=O)N(CCC)CC(=O)N(CC(N)=O)CC1=CN(CCCNC(=O)CCCOC2=C(C=C(C=C2C(C)(C)C)C2=NC3=CC(=CC=C3N2)N2CC[NH+](C)CC2)C(C)(C)C)N=N1)C(=O)CCCOC1=CC=CC(=C1)C1=NC2=CC(=CC=C2N1)C1=NC2=CC(=CC=C2N1)N1CC[NH+](C)CC1,Targaprimir-96,10.1073/pnas.1523975113,,,,,,,,,,C,TA100 Salmonella Typhimurim  Strain,Compound is not mutagenic under the conditions and strain evaluated,"Ligand = 0.006, 0.003, 0.02, 0.08, 0.4 2, 10 µM",Pharmacological Profiling,Ames Test,Strains were used to detect frameshift mutations and base pair substitutions; mutagenicity was evaluated after 5 d of exposure,"Mutagenic potential was studied in the presence (+S9) and absence (?S9) of rat liver extract S9. Nitrofluorene, amino anthracene, and sodium azide were used as positive controls.",,,,,,,,,,,,,,,
R-BIND (LM) 0002,R-BIND (MV) 0003,CCCN(CC(=O)N(CCC)CC(=O)N(CC(N)=O)CC1=CN(CCCNC(=O)CCCOC2=C(C=C(C=C2C(C)(C)C)C2=NC3=CC(=CC=C3N2)N2CC[NH+](C)CC2)C(C)(C)C)N=N1)C(=O)CCCOC1=CC=CC(=C1)C1=NC2=CC(=CC=C2N1)C1=NC2=CC(=CC=C2N1)N1CC[NH+](C)CC1,Targaprimir-96,10.1021/jacs.8b10558,,,,,,,,,,C,MCF-7 Cells,No effect on mir-515-5p levels,Ligand = 500 nM,Off-Target Effect,RT-qPCR,After 48 hours of treatment,Compared to untreated cells and active compound 2,,,,,,,,,,,,,,,
R-BIND (LM) 0002,R-BIND (MV) 0003,CCCN(CC(=O)N(CCC)CC(=O)N(CC(N)=O)CC1=CN(CCCNC(=O)CCCOC2=C(C=C(C=C2C(C)(C)C)C2=NC3=CC(=CC=C3N2)N2CC[NH+](C)CC2)C(C)(C)C)N=N1)C(=O)CCCOC1=CC=CC(=C1)C1=NC2=CC(=CC=C2N1)C1=NC2=CC(=CC=C2N1)N1CC[NH+](C)CC1,Targaprimir-96,10.1021/acschembio.8b00827,,pri-miR-96,Kd = 39 ± 18 nM,Ligand = NR; RNA = 5 nM,NR,Binding,Microscale Thermophoresis,Cy5-labeled RNA was used,Compared to bleomycin-ligand conjugate,C,MDA-MB-231 TNBC Cells,No effect on DNA damage and double-stranded breaks,Ligand = 500 nM,Off-Target Effect,Fluorescence Microscopy,"An antibody of the gamma H2A histone family, member X, was used as a marker for DNA double-stranded breaks visualized as nuclear foci. Imaged with antibody filter and DAPI filter, then merged. Cells were treated with compound for 12 h.",Compared to bleomycin-ligand conjugate and bleomycin alone. Bleomycin is a known DNA binder and cleavage agent. Also compared to vehicle. ,,,,,,,,,,,,,,,
R-BIND (LM) 0002,R-BIND (MV) 0003,CCCN(CC(=O)N(CCC)CC(=O)N(CC(N)=O)CC1=CN(CCCNC(=O)CCCOC2=C(C=C(C=C2C(C)(C)C)C2=NC3=CC(=CC=C3N2)N2CC[NH+](C)CC2)C(C)(C)C)N=N1)C(=O)CCCOC1=CC=CC(=C1)C1=NC2=CC(=CC=C2N1)C1=NC2=CC(=CC=C2N1)N1CC[NH+](C)CC1,Targaprimir-96,10.1021/acschembio.8b00827,C,AT-rich DNA hairpin,Kd > 30 µM,Ligand = NR; DNA = 5 nM,NR,Binding,Microscale Thermophoresis,Cy5-labeled DNA was used,Compared to bleomycin-ligand conjugate,,MDA-MB-231 TNBC Cells,Increased levels of pri-miR-96 and diminished the cleaving capacity of bleomycin-ligand conjugate,"Ligand = 5, 50, and 500 nM",On-Target Effect,RT-qPCR,Used to outcompete bleomycin-ligand conjugate. Cells grown to 70% confluency. Compound treatment conducted for 24 h.,Compared to bleomycin-ligand conjugate alone and untreated cells. Normalized to U6 small nucleolar RNA.,,,,,,,,,,,,,,,
R-BIND (LM) 0002,R-BIND (MV) 0003,CCCN(CC(=O)N(CCC)CC(=O)N(CC(N)=O)CC1=CN(CCCNC(=O)CCCOC2=C(C=C(C=C2C(C)(C)C)C2=NC3=CC(=CC=C3N2)N2CC[NH+](C)CC2)C(C)(C)C)N=N1)C(=O)CCCOC1=CC=CC(=C1)C1=NC2=CC(=CC=C2N1)C1=NC2=CC(=CC=C2N1)N1CC[NH+](C)CC1,Targaprimir-96,10.1021/acschembio.8b00827,,,,,,,,,,,MDA-MB-231 TNBC Cells ,Similar uptake to ligand-bleomycin conjugate,Ligand = 500 nM,Cell Uptake,Confocal Microscopy,Measured after treatment for 3 h.,Compared to bleomycin-ligand conjugate. Normalized intensity per cell is reported.,,,,,,,,,,,,,,,
R-BIND (LM) 0002,R-BIND (MV) 0003,CCCN(CC(=O)N(CCC)CC(=O)N(CC(N)=O)CC1=CN(CCCNC(=O)CCCOC2=C(C=C(C=C2C(C)(C)C)C2=NC3=CC(=CC=C3N2)N2CC[NH+](C)CC2)C(C)(C)C)N=N1)C(=O)CCCOC1=CC=CC(=C1)C1=NC2=CC(=CC=C2N1)C1=NC2=CC(=CC=C2N1)N1CC[NH+](C)CC1,Targaprimir-96,10.1021/acschembio.8b00827,,,,,,,,,,,MDA-MB-231 TNBC Cells,Induced apoptosis,Ligand = 50 and 500 nM,Apoptosis,Annexin V/PI Staining,Treated for 48 h.,Camptothecin was used as a positive control,,,,,,,,,,,,,,,
R-BIND (LM) 0002,R-BIND (MV) 0003,CCCN(CC(=O)N(CCC)CC(=O)N(CC(N)=O)CC1=CN(CCCNC(=O)CCCOC2=C(C=C(C=C2C(C)(C)C)C2=NC3=CC(=CC=C3N2)N2CC[NH+](C)CC2)C(C)(C)C)N=N1)C(=O)CCCOC1=CC=CC(=C1)C1=NC2=CC(=CC=C2N1)C1=NC2=CC(=CC=C2N1)N1CC[NH+](C)CC1,Targaprimir-96,10.1021/acschembio.8b00827,,,,,,,,,,,MDA-MB-231 TNBC Cells,Significant and dose-dependent induction of apoptosis. Decreased  apoptotic effect upon overexpression of pri-miR-96 via a plasmid,"Ligand = 5, 50, 500 and 1000 µM",Apoptosis,Caspase-3 Assay,Treated for 48 h.,-,,,,,,,,,,,,,,,
R-BIND (LM) 0002,R-BIND (MV) 0003,CCCN(CC(=O)N(CCC)CC(=O)N(CC(N)=O)CC1=CN(CCCNC(=O)CCCOC2=C(C=C(C=C2C(C)(C)C)C2=NC3=CC(=CC=C3N2)N2CC[NH+](C)CC2)C(C)(C)C)N=N1)C(=O)CCCOC1=CC=CC(=C1)C1=NC2=CC(=CC=C2N1)C1=NC2=CC(=CC=C2N1)N1CC[NH+](C)CC1,Targaprimir-96,10.1021/acschembio.8b00827,,,,,,,,,,C,MCF10A,No effect on apoptosis,"Ligand = 5, 50, 500 and 1000 µM",Apoptosis,Caspase-3 Assay,Healthy breast epithelial cells. Treated for 48 h.,-,,,,,,,,,,,,,,,
R-BIND (LM) 0003,R-BIND (MV) 0004,CCCN(CC(=O)N(CCC)CC(=O)N(CC(N)=O)CC1=CN(CCCNC(=[NH2+])C2=CC=C(C=C2)C2=CC=C(O2)C2=CC=C(C=C2)C(N)=[NH2+])N=N1)C(=O)CNCC1=CN(CCCNC(=[NH2+])C2=CC=C(C=C2)C2=CC=C(O2)C2=CC=C(C=C2)C(N)=[NH2+])N=N1,2AU-2,10.1038/ncomms11647,,r(AUUCU)11,Compound bound to the RNA 2-20-fold greater than the other dimers,Ligand = 1 µM; RNA = 100 nM,"PBS buffer (pH = 7.4), 1 mM MgCl2, and 50 µg/mL BSA",Binding,Filter Binding Assay,"After incubation of radioactively labelled RNA with compound, the compound-bound RNA was separated from free RNA by using a Dot-Blot apparatus.",-,C,HeLa Cells,No changes in GFP expression was observed in either system,Ligand = 250 nM,Translational Activity,Reporter,Transfected plasmids encoding GFP and GFP and r(AUUCU)500.,Compared to untreated control,,,,,,,,,,,,,,,
R-BIND (LM) 0003,R-BIND (MV) 0004,CCCN(CC(=O)N(CCC)CC(=O)N(CC(N)=O)CC1=CN(CCCNC(=[NH2+])C2=CC=C(C=C2)C2=CC=C(O2)C2=CC=C(C=C2)C(N)=[NH2+])N=N1)C(=O)CNCC1=CN(CCCNC(=[NH2+])C2=CC=C(C=C2)C2=CC=C(O2)C2=CC=C(C=C2)C(N)=[NH2+])N=N1,2AU-2,10.1038/ncomms11647,C,r(AUUCU)11; 35-fold excess tRNA,"A slight decrease (~20%) in binding was observed, suggesting the compound is selective",Ligand = 1 µM; RNA = 100 nM,"PBS buffer (pH = 7.4), 1 mM MgCl2, and 50 µg/mL BSA",Binding,Filter Binding Assay,"After incubation of radioactively labelled RNA with compound in 35-fold excess tRNA, the compound-bound RNA was separated from free RNA by using a Dot-Blot apparatus.",-,,SCA10 Fibroblasts,Caspase 3 levels reduced to amounts seen in healthy cells,Ligand = 50 nM,Protein Abundance,Caspase-3 Assay,"Compounds dissolved in DMSO (50%) were added to cells, and collected after 48 h",Compared to healthy fibroblasts without SCA10,,,,,,,,,,,,,,,
R-BIND (LM) 0003,R-BIND (MV) 0004,CCCN(CC(=O)N(CCC)CC(=O)N(CC(N)=O)CC1=CN(CCCNC(=[NH2+])C2=CC=C(C=C2)C2=CC=C(O2)C2=CC=C(C=C2)C(N)=[NH2+])N=N1)C(=O)CNCC1=CN(CCCNC(=[NH2+])C2=CC=C(C=C2)C2=CC=C(O2)C2=CC=C(C=C2)C(N)=[NH2+])N=N1,2AU-2,10.1038/ncomms11647,,r(AUUCU)11-DGCR8? complex,70% inhibition,Ligand = 1.5 µM; RNA = 60 nM; Protein = 40 nM,"20 mM HEPES (pH = 7.5), 110 mM KCl, 110 mM NaCl, 0.1% BSA, 2 mM MgCl2, 2 mM CaCl2, 0.05% Tween-20, and 5 mM DTT",Protein Displacement,TR-FRET,-,Separately confirmed that DGCR8? binds r(AUUCU)11 using a gel mobility shift assay. Compared to monomeric compounds (which had less activity),,SCA10 Fibroblasts,Reduced mitochondrial abundance of PKC?,Ligand = 50 nM,Localization,Confocal Microscopy,"Compounds dissolved in DMSO (50%) were added to cells, and collected after 48 h",Compared to healthy fibroblasts without SCA10,,,,,,,,,,,,,,,
R-BIND (LM) 0003,R-BIND (MV) 0004,CCCN(CC(=O)N(CCC)CC(=O)N(CC(N)=O)CC1=CN(CCCNC(=[NH2+])C2=CC=C(C=C2)C2=CC=C(O2)C2=CC=C(C=C2)C(N)=[NH2+])N=N1)C(=O)CNCC1=CN(CCCNC(=[NH2+])C2=CC=C(C=C2)C2=CC=C(O2)C2=CC=C(C=C2)C(N)=[NH2+])N=N1,2AU-2,10.1038/ncomms11647,,r(AUUCU)11,Kd = 185 ± 1.0 nM; Hill coefficient = 1.4 ± 0.4; Stoichiometry = 7 ± 0.1; EC50 = 146 ± 8 nM (16 ± 4 nM),Ligand = 1 µM,"8 mM Na2HPO4  (pH = 7.0), 185 mM NaCl, and 0.1 mM EDTA (+ 20% PEG 8000 for values in parenthesis) ",Binding,Fluorescence-Based Titration (Intrinsic),"Performed under constant ligand concentration and RNA was serially diluted. For molecular crowding experiments, PEG 8000 was added to a final concentration of 20% (w/v) to the folded RNA and to the solution used for serial dilutions. After a 20 min incubation, fluorescence intensity was measured.","DMSO, compared to monomeric compounds (which had less activity), conducted under cellular crowding conditions with PEG",,SCA10 Fibroblasts,Diminished ~70% of nuclear foci,Ligand = 50 nM,Nuclear Foci Dispersion,Fluorescence In Situ Hybridization,"Compounds dissolved in DMSO (50%) were added to cells, and collected after 48 h. The AUUCU RNA foci were detected using a Cy3-labelled (AGAAU)10 RNA oligonucleotide probe.","Co-stained with DAPI, compared to no compound",,,,,,,,,,,,,,,
R-BIND (LM) 0003,R-BIND (MV) 0004,CCCN(CC(=O)N(CCC)CC(=O)N(CC(N)=O)CC1=CN(CCCNC(=[NH2+])C2=CC=C(C=C2)C2=CC=C(O2)C2=CC=C(C=C2)C(N)=[NH2+])N=N1)C(=O)CNCC1=CN(CCCNC(=[NH2+])C2=CC=C(C=C2)C2=CC=C(O2)C2=CC=C(C=C2)C(N)=[NH2+])N=N1,2AU-2,10.1038/ncomms11647,C,r(CUG)12,Kd = ~ 4 µM; n = ~ 9,Ligand = 1 µM,"8 mM Na2HPO4  (pH = 7.0), 185 mM NaCl, and 0.1 mM EDTA",Off-Target Effect,Fluorescence-Based Titration (Intrinsic),"Performed under constant ligand concentration and RNA was serially diluted. After a 20 min incubation, fluorescence intensity
was measured.","DMSO, compared to monomeric compounds",C,SCA10 Fibroblasts,No changes in ATXB10 mRNA levels,Ligand = 50 nM,Transcriptional Activity,qRT-PCR,"Compounds dissolved in DMSO (50%) were added to cells, and collected after 48 h",Compared to untreated control; normalized to GAPDH mRNA,,,,,,,,,,,,,,,
R-BIND (LM) 0003,R-BIND (MV) 0004,CCCN(CC(=O)N(CCC)CC(=O)N(CC(N)=O)CC1=CN(CCCNC(=[NH2+])C2=CC=C(C=C2)C2=CC=C(O2)C2=CC=C(C=C2)C(N)=[NH2+])N=N1)C(=O)CNCC1=CN(CCCNC(=[NH2+])C2=CC=C(C=C2)C2=CC=C(O2)C2=CC=C(C=C2)C(N)=[NH2+])N=N1,2AU-2,10.1038/ncomms11647,C,r(CGG)12,Kd = ~ 4 µM; n = ~ 6,Ligand = 1 µM,"8 mM Na2HPO4  (pH = 7.0), 185 mM NaCl, and 0.1 mM EDTA",Off-Target Effect,Fluorescence-Based Titration (Intrinsic),"Performed under constant ligand concentration and RNA was serially diluted. After a 20 min incubation, fluorescence intensity was measured.","DMSO, compared to monomeric compounds",,,,,,,,,,,,,,,,,,,,,,,
R-BIND (LM) 0003,R-BIND (MV) 0004,CCCN(CC(=O)N(CCC)CC(=O)N(CC(N)=O)CC1=CN(CCCNC(=[NH2+])C2=CC=C(C=C2)C2=CC=C(O2)C2=CC=C(C=C2)C(N)=[NH2+])N=N1)C(=O)CNCC1=CN(CCCNC(=[NH2+])C2=CC=C(C=C2)C2=CC=C(O2)C2=CC=C(C=C2)C(N)=[NH2+])N=N1,2AU-2,10.1038/ncomms11647,C,r(CCUG)12,Kd = ~ 4 µM; n = ~ 6,Ligand = 1 µM,"8 mM Na2HPO4  (pH = 7.0), 185 mM NaCl, and 0.1 mM EDTA",Off-Target Effect,Fluorescence-Based Titration (Intrinsic),"Performed under constant ligand concentration and RNA was serially diluted. After a 20 min incubation, fluorescence intensity was measured.","DMSO, compared to monomeric compounds ",,,,,,,,,,,,,,,,,,,,,,,
R-BIND (LM) 0003,R-BIND (MV) 0004,CCCN(CC(=O)N(CCC)CC(=O)N(CC(N)=O)CC1=CN(CCCNC(=[NH2+])C2=CC=C(C=C2)C2=CC=C(O2)C2=CC=C(C=C2)C(N)=[NH2+])N=N1)C(=O)CNCC1=CN(CCCNC(=[NH2+])C2=CC=C(C=C2)C2=CC=C(O2)C2=CC=C(C=C2)C(N)=[NH2+])N=N1,2AU-2,10.1038/ncomms11647,C,DNA hairpin,No saturable binding observed,Ligand = 1 µM,"8 mM Na2HPO4  (pH = 7.0), 185 mM NaCl, and 0.1 mM EDTA",Off-Target Effect,Fluorescence-Based Titration (Intrinsic),"Performed under constant ligand concentration and RNA was serially diluted. After a 20 min incubation, fluorescence intensity was measured.","DMSO, compared to monomeric compounds (which bound with higher affinity)",,,,,,,,,,,,,,,,,,,,,,,
R-BIND (LM) 0003,R-BIND (MV) 0004,CCCN(CC(=O)N(CCC)CC(=O)N(CC(N)=O)CC1=CN(CCCNC(=[NH2+])C2=CC=C(C=C2)C2=CC=C(O2)C2=CC=C(C=C2)C(N)=[NH2+])N=N1)C(=O)CNCC1=CN(CCCNC(=[NH2+])C2=CC=C(C=C2)C2=CC=C(O2)C2=CC=C(C=C2)C(N)=[NH2+])N=N1,2AU-2,10.1038/ncomms11647,,r(AUUCU)500,Significant enrichment of the r(AUUCU)500 in the pulled-down material,Ligand = 250 nM; RNA = 100 µg,SCA10 fibroblast cell lysate,On-Target Effect,RNA Pull-Down,"A biotinylated ligand derivative was synthesized and incubated with total RNA isolated from cells that express r(AUUCU)500. Bound RNAs were isolated with streptavidin resin. After extensive washing and elution of bound RNAs, the amount of r(AUUCU)500 bound was quantified by qRT–PCR.",Normalized to 18S rRNA,,,,,,,,,,,,,,,,,,,,,,,
R-BIND (LM) 0003,R-BIND (MV) 0004,CCCN(CC(=O)N(CCC)CC(=O)N(CC(N)=O)CC1=CN(CCCNC(=[NH2+])C2=CC=C(C=C2)C2=CC=C(O2)C2=CC=C(C=C2)C(N)=[NH2+])N=N1)C(=O)CNCC1=CN(CCCNC(=[NH2+])C2=CC=C(C=C2)C2=CC=C(O2)C2=CC=C(C=C2)C(N)=[NH2+])N=N1,2AU-2,10.1038/ncomms11647,C,r(AUUCU)500; Various excess concentrations of r(AUUCU)11,100-fold excess of r(AUUCU011 was required to decrease enrichment of r(AUUCU)500 in the pulled-down fraction,Ligand = 250 nM; RNA = 100 µg,SCA10 fibroblast cell lysate,On-Target Effect,RNA Pull-Down,"A biotinylated ligand derivative was synthesized and incubated with total RNA isolated from cells that express r(AUUCU)500 with various shorter repeat concentrations added to the lysate. Bound RNAs were isolated with streptavidin resin. After extensive washing and elution of bound RNAs, the amount of r(AUUCU)500 bound was quantified by qRT–PCR.",-,,,,,,,,,,,,,,,,,,,,,,,
R-BIND (LM) 0003,R-BIND (MV) 0004,CCCN(CC(=O)N(CCC)CC(=O)N(CC(N)=O)CC1=CN(CCCNC(=[NH2+])C2=CC=C(C=C2)C2=CC=C(O2)C2=CC=C(C=C2)C(N)=[NH2+])N=N1)C(=O)CNCC1=CN(CCCNC(=[NH2+])C2=CC=C(C=C2)C2=CC=C(O2)C2=CC=C(C=C2)C(N)=[NH2+])N=N1,2AU-2,10.1038/ncomms11647,C,93 highly abundant transcripts ,"Only a fraction of other RNAs were enriched comparably to r(AUUCU)500, mostly tRNA",Ligand = 250 nM; RNA = 100 µg,"8 mM Na2HPO4  (pH = 7.0), 185 mM NaCl, and 0.1 mM EDTA",Off-Target Effect,qRT-PCR,"93 highly abundant RNAs included rRNAs, sRNAs, tRNAs and mRNAs",Normalized to 18S rRNA,,,,,,,,,,,,,,,,,,,,,,,
R-BIND (LM) 0004,R-BIND (MV) 0009,CCCN(CC(=O)N(CCC)CC(=O)N(CCC)CC(=O)N(CC(N)=O)CC1=CN(CCCNC(=O)CCCOC2=CC=CC(=C2)C2=NC3=CC(=CC=C3N2)C2=NC3=CC(=CC=C3N2)N2CC[NH+](C)CC2)N=N1)C(=O)CNCC1=CN(CCCNC(=O)CCCOC2=CC=CC(=C2)C2=NC3=CC(=CC=C3N2)C2=NC3=CC(=CC=C3N2)N2CC[NH+](C)CC2)N=N1,2H-3,10.1021/cb400875u,,r(CGG)12-DGCR8? complex,IC50 = 18 ± 0.7 µM,NR,"20 mM HEPES (pH = 7.5), 110 mM KCl, 110 mM NaCl, 0.1% (w/v) BSA, 2 mM MgCl2, 2 mM CaCl2, 0.05% (v/v) Tween-20, and 5 mM DTT",Protein Displacement,TR-FRET,-,Compared to parent monomer compound,,COS7 Cells (SMN2),30 ± 2 % improvement of SMN2 splicing.,Ligand = 20 µM,RNA Splicing,RT-PCR,"Cells co-transfected with a plasmid encoding r(CGG)60x and an SMN2 mini-gene. Compound was added post-transfection, and alternative pre-mRNA splicing patterns were evaluated by RT-PCR.",Compared to untreated cells,,,,,,,,,,,,,,,
R-BIND (LM) 0004,R-BIND (MV) 0009,CCCN(CC(=O)N(CCC)CC(=O)N(CCC)CC(=O)N(CC(N)=O)CC1=CN(CCCNC(=O)CCCOC2=CC=CC(=C2)C2=NC3=CC(=CC=C3N2)C2=NC3=CC(=CC=C3N2)N2CC[NH+](C)CC2)N=N1)C(=O)CNCC1=CN(CCCNC(=O)CCCOC2=CC=CC(=C2)C2=NC3=CC(=CC=C3N2)C2=NC3=CC(=CC=C3N2)N2CC[NH+](C)CC2)N=N1,2H-3,10.1021/cb400875u,C,r(CGG)12-DGCR8? complex; 65-fold excess tRNA,IC50 = 30 ± 0.7 µM,NR,"20 mM HEPES (pH = 7.5), 110 mM KCl, 110 mM NaCl, 0.1% (w/v) BSA, 2 mM MgCl2, 2 mM CaCl2, 0.05% (v/v) Tween-20, and 5 mM DTT",Protein Displacement,TR-FRET,-,Compared to parent monomer compound,,,,,,,,,,,,,,,,,,,,,,,
R-BIND (LM) 0005A,R-BIND (MV) 0010-a,CCCN(CC(=O)N(CCC)CC(=O)N(CCC)CC(=O)N(CCC)CC(=O)N(CC(N)=O)CC1=CN(CCCNC(=O)CCCOC2=CC=CC(=C2)C2=NC3=CC(=CC=C3N2)C2=NC3=CC(=CC=C3N2)N2CC[NH+](C)CC2)N=N1)C(=O)CNCC1=CN(CCCNC(=O)CCCOC2=CC=CC(=C2)C2=NC3=CC(=CC=C3N2)C2=NC3=CC(=CC=C3N2)N2CC[NH+](C)CC2)N=N1,2H-4,10.1021/cb200408a,,r(CUG)109,Kd = 100 nM,Ligand = 1 µM,"8 mM sodium phosphate (pH = 7.0), 185 mM NaCl, and 1 mM EDTA",Binding,Fluorescence-Based Titration (Intrinsic),-,-,,HeLa Cells,Splicing improved to approximately wild-type levels,"Ligand = 5, 25 µM",RNA Splicing,RT-PCR,DM1 cell culture co-transfected with plasmids with DM1 minigene containing 960 CTG repeats and a cTNT minigene.,Compared to untreated cells,,,,,,,,,,,,,,,
R-BIND (LM) 0005A,R-BIND (MV) 0010-a,CCCN(CC(=O)N(CCC)CC(=O)N(CCC)CC(=O)N(CCC)CC(=O)N(CC(N)=O)CC1=CN(CCCNC(=O)CCCOC2=CC=CC(=C2)C2=NC3=CC(=CC=C3N2)C2=NC3=CC(=CC=C3N2)N2CC[NH+](C)CC2)N=N1)C(=O)CNCC1=CN(CCCNC(=O)CCCOC2=CC=CC(=C2)C2=NC3=CC(=CC=C3N2)C2=NC3=CC(=CC=C3N2)N2CC[NH+](C)CC2)N=N1,2H-4,10.1021/cb200408a,,r(CUG)exp-MBNL1 complex,IC50 = 11 µM,NR,"20 mM HEPES (pH = 7.5), 110 mM KCl, 110 mM NaCl, 0.1% (w/v) BSA, 2 mM MgCl2, 2 mM CaCl2, 0.05% (v/v) Tween-20, and 5 mM DTT",Protein Displacement,TR-FRET,-,-,C,HeLa Cells,No effect cTNT splicing in the absence of r(CUG)exp repeats,Ligand = 50 µM,RNA Splicing,RT-PCR,Cells were co-transfected with a mini-gene containing only five CTG repeats and the cTNT mini-gene. ,Compared to untreated cells,,,,,,,,,,,,,,,
R-BIND (LM) 0005A,R-BIND (MV) 0010-a,CCCN(CC(=O)N(CCC)CC(=O)N(CCC)CC(=O)N(CCC)CC(=O)N(CC(N)=O)CC1=CN(CCCNC(=O)CCCOC2=CC=CC(=C2)C2=NC3=CC(=CC=C3N2)C2=NC3=CC(=CC=C3N2)N2CC[NH+](C)CC2)N=N1)C(=O)CNCC1=CN(CCCNC(=O)CCCOC2=CC=CC(=C2)C2=NC3=CC(=CC=C3N2)C2=NC3=CC(=CC=C3N2)N2CC[NH+](C)CC2)N=N1,2H-4,10.1021/cb200408a,,,,,,,,,,C,HeLa Cells,No effect on alternative splicing of PLEKHH2 pre-mRNA,Ligand = 50 µM,RNA Splicing,RT-PCR,Gene not controlled by MBNL1,Compared to untreated cells,,,,,,,,,,,,,,,
R-BIND (LM) 0005A,R-BIND (MV) 0010-a,CCCN(CC(=O)N(CCC)CC(=O)N(CCC)CC(=O)N(CCC)CC(=O)N(CC(N)=O)CC1=CN(CCCNC(=O)CCCOC2=CC=CC(=C2)C2=NC3=CC(=CC=C3N2)C2=NC3=CC(=CC=C3N2)N2CC[NH+](C)CC2)N=N1)C(=O)CNCC1=CN(CCCNC(=O)CCCOC2=CC=CC(=C2)C2=NC3=CC(=CC=C3N2)C2=NC3=CC(=CC=C3N2)N2CC[NH+](C)CC2)N=N1,2H-4,10.1021/cb200408a,,,,,,,,,,,HeLa Cells,No effect on cell morphology or cell death,"Ligand = 5, 25 µM",Cytotoxicity,-,-,-,,,,,,,,,,,,,,,
R-BIND (LM) 0005A,R-BIND (MV) 0010-a,CCCN(CC(=O)N(CCC)CC(=O)N(CCC)CC(=O)N(CCC)CC(=O)N(CC(N)=O)CC1=CN(CCCNC(=O)CCCOC2=CC=CC(=C2)C2=NC3=CC(=CC=C3N2)C2=NC3=CC(=CC=C3N2)N2CC[NH+](C)CC2)N=N1)C(=O)CNCC1=CN(CCCNC(=O)CCCOC2=CC=CC(=C2)C2=NC3=CC(=CC=C3N2)C2=NC3=CC(=CC=C3N2)N2CC[NH+](C)CC2)N=N1,2H-4,10.1021/cb200408a,,,,,,,,,,,C212 Cells,150% increase in luciferase activity,Ligand = 25 µM,Translational Activity,Reporter,Cell line stably expresses the firefly luciferase gene containing a (CTG)800 expansion in the 3? UTR.,Compared to untreated cells,,,,,,,,,,,,,,,
R-BIND (LM) 0005A,R-BIND (MV) 0010-a,CCCN(CC(=O)N(CCC)CC(=O)N(CCC)CC(=O)N(CCC)CC(=O)N(CC(N)=O)CC1=CN(CCCNC(=O)CCCOC2=CC=CC(=C2)C2=NC3=CC(=CC=C3N2)C2=NC3=CC(=CC=C3N2)N2CC[NH+](C)CC2)N=N1)C(=O)CNCC1=CN(CCCNC(=O)CCCOC2=CC=CC(=C2)C2=NC3=CC(=CC=C3N2)C2=NC3=CC(=CC=C3N2)N2CC[NH+](C)CC2)N=N1,2H-4,10.1021/cb200408a,,,,,,,,,,C,C212 Cells,No increase in luciferase activity,Ligand = 50 µM,Translational Activity,Reporter,Cell line stably expresses the firefly luciferase gene without the(CTG)800 expansion in the 3? UTR.,Compared to untreated cells,,,,,,,,,,,,,,,
R-BIND (LM) 0005A,R-BIND (MV) 0010-a,CCCN(CC(=O)N(CCC)CC(=O)N(CCC)CC(=O)N(CCC)CC(=O)N(CC(N)=O)CC1=CN(CCCNC(=O)CCCOC2=CC=CC(=C2)C2=NC3=CC(=CC=C3N2)C2=NC3=CC(=CC=C3N2)N2CC[NH+](C)CC2)N=N1)C(=O)CNCC1=CN(CCCNC(=O)CCCOC2=CC=CC(=C2)C2=NC3=CC(=CC=C3N2)C2=NC3=CC(=CC=C3N2)N2CC[NH+](C)CC2)N=N1,2H-4,10.1021/cb200408a,,,,,,,,,,,C212 Cells,The number of foci is decreased and the foci are more dispersed,Ligand = 25 µM,Nuclear Foci Dispersion,Fluorescence In Situ Hybridization,-,"Compared to untreated cells, used DAPI stain for nuclear localization and confirmed presence of RNA",,,,,,,,,,,,,,,
R-BIND (LM) 0005B,R-BIND (MV) 0010-b,CCCN(CC(=O)N(CCC)CC(=O)N(CCC)CC(=O)N(CCC)CC(=O)N(CC(N)=O)CC1=CN(CCCNC(=O)CCCOC2=CC=CC(=C2)C2=NC3=CC(=CC=C3N2)C2=NC3=CC(=CC=C3N2)N2CC[NH+](C)CC2)N=N1)C(=O)CNCC1=CN(CCCNC(=O)CCCOC2=CC=CC(=C2)C2=NC3=CC(=CC=C3N2)C2=NC3=CC(=CC=C3N2)N2CC[NH+](C)CC2)N=N1,2H-4,10.1021/cb400875u,,r(CGG)12-DGCR8? complex,IC50 = 20 ± 0.2 µM,NR,"20 mM HEPES (pH = 7.5), 110 mM KCl, 110 mM NaCl, 0.1% (w/v) BSA, 2 mM MgCl2, 2 mM CaCl2, 0.05% (v/v) Tween-20, and 5 mM DTT",Protein Displacement,TR-FRET,-,Compared to parent monomer compound,,COS7 Cells (SMN2),25 ± 10 % improvement of SMN2 splicing.,Ligand = 20 µM,RNA Splicing,RT-PCR,"Cells co-transfected with a plasmid encoding r(CGG)60x and an SMN2 mini-gene. Compound was added post-transfection, and alternative pre-mRNA splicing patterns were evaluated by RT-PCR.",Compared to untreated cells,,,,,,,,,,,,,,,
R-BIND (LM) 0005B,R-BIND (MV) 0010-b,CCCN(CC(=O)N(CCC)CC(=O)N(CCC)CC(=O)N(CCC)CC(=O)N(CC(N)=O)CC1=CN(CCCNC(=O)CCCOC2=CC=CC(=C2)C2=NC3=CC(=CC=C3N2)C2=NC3=CC(=CC=C3N2)N2CC[NH+](C)CC2)N=N1)C(=O)CNCC1=CN(CCCNC(=O)CCCOC2=CC=CC(=C2)C2=NC3=CC(=CC=C3N2)C2=NC3=CC(=CC=C3N2)N2CC[NH+](C)CC2)N=N1,2H-4,10.1021/cb400875u,,r(CGG)12,Kd = 212 ± 35 nM,Ligand = 1 µM,"8 mM sodium phosphate (pH = 7.0), 185 mM NaCl, and 1 mM EDTA",Binding,Fluorescence-Based Titration (Intrinsic),,,,,,,,,,,,,,,,,,,,,,,,,
R-BIND (LM) 0005B,R-BIND (MV) 0010-b,CCCN(CC(=O)N(CCC)CC(=O)N(CCC)CC(=O)N(CCC)CC(=O)N(CC(N)=O)CC1=CN(CCCNC(=O)CCCOC2=CC=CC(=C2)C2=NC3=CC(=CC=C3N2)C2=NC3=CC(=CC=C3N2)N2CC[NH+](C)CC2)N=N1)C(=O)CNCC1=CN(CCCNC(=O)CCCOC2=CC=CC(=C2)C2=NC3=CC(=CC=C3N2)C2=NC3=CC(=CC=C3N2)N2CC[NH+](C)CC2)N=N1,2H-4,10.1021/cb400875u,,r(CGG)12-DGCR8? complex; 65-fold excess tRNA,IC50 = 28 ± 1 µM,NR,"20 mM HEPES (pH = 7.5), 110 mM KCl, 110 mM NaCl, 0.1% (w/v) BSA, 2 mM MgCl2, 2 mM CaCl2, 0.05% (v/v) Tween-20, and 5 mM DTT",Protein Displacement,TR-FRET,-,Compared to parent monomer compound,,,,,,,,,,,,,,,,,,,,,,,
R-BIND (LM) 0006,R-BIND (MV) 0011,CCCN(CC(=O)N(CCC)CC(=O)N(CCC)CC(=O)N(CCC)CC(=O)N(CCC)CC(=O)N(CC(N)=O)CC1=CN(CCCNC(=O)CCCOC2=CC=CC(=C2)C2=NC3=CC(=CC=C3N2)C2=NC3=CC(=CC=C3N2)N2CC[NH+](C)CC2)N=N1)C(=O)CNCC1=CN(CCCNC(=O)CCCOC2=CC=CC(=C2)C2=NC3=CC(=CC=C3N2)C2=NC3=CC(=CC=C3N2)N2CC[NH+](C)CC2)N=N1,2H-5,10.1021/cb400875u,,r(CGG)12-DGCR8? complex,IC50 = 18 ± 0.8 µM,NR,"20 mM HEPES (pH = 7.5), 110 mM KCl, 110 mM NaCl, 0.1% (w/v) BSA, 2 mM MgCl2, 2 mM CaCl2, 0.05% (v/v) Tween-20, and 5 mM DTT",Protein Displacement,TR-FRET,-,Compared to parent monomer compound,,COS7 Cells (SMN2),34 ± 8 % improvement in SMN2 splicing,Ligand = 20 µM,RNA Splicing,RT-PCR,"Cells co-transfected with a plasmid encoding r(CGG)60x and an SMN2 mini-gene. Compound was added post-transfection, and alternative pre-mRNA splicing patterns were evaluated by RT-PCR.",Compared to untreated cells,,,,,,,,,,,,,,,
R-BIND (LM) 0006,R-BIND (MV) 0011,CCCN(CC(=O)N(CCC)CC(=O)N(CCC)CC(=O)N(CCC)CC(=O)N(CCC)CC(=O)N(CC(N)=O)CC1=CN(CCCNC(=O)CCCOC2=CC=CC(=C2)C2=NC3=CC(=CC=C3N2)C2=NC3=CC(=CC=C3N2)N2CC[NH+](C)CC2)N=N1)C(=O)CNCC1=CN(CCCNC(=O)CCCOC2=CC=CC(=C2)C2=NC3=CC(=CC=C3N2)C2=NC3=CC(=CC=C3N2)N2CC[NH+](C)CC2)N=N1,2H-5,10.1021/cb400875u,,r(CGG)12-DGCR8? complex; 65-fold excess tRNA,IC50 = 23 ± 3 µM,NR,"20 mM HEPES (pH = 7.5), 110 mM KCl, 110 mM NaCl, 0.1% (w/v) BSA, 2 mM MgCl2, 2 mM CaCl2, 0.05% (v/v) Tween-20, and 5 mM DTT",Protein Displacement,TR-FRET,-,Compared to parent monomer compound,,COS7 Cells (SMN2),SMN2 splicing restored to wild-type at 50 µM concentration,"Ligand = 1, 10, 20, 50 µM",RNA Splicing,RT-PCR,As determined by comparing the percentage of exon 7 inclusion in untreated cells that express r(CGG)exp to the percentage of exon inclusion in treated cells using a two-tailed Student's t test,Compared to untreated cells,,,,,,,,,,,,,,,
R-BIND (LM) 0006,R-BIND (MV) 0011,CCCN(CC(=O)N(CCC)CC(=O)N(CCC)CC(=O)N(CCC)CC(=O)N(CCC)CC(=O)N(CC(N)=O)CC1=CN(CCCNC(=O)CCCOC2=CC=CC(=C2)C2=NC3=CC(=CC=C3N2)C2=NC3=CC(=CC=C3N2)N2CC[NH+](C)CC2)N=N1)C(=O)CNCC1=CN(CCCNC(=O)CCCOC2=CC=CC(=C2)C2=NC3=CC(=CC=C3N2)C2=NC3=CC(=CC=C3N2)N2CC[NH+](C)CC2)N=N1,2H-5,10.1021/cb400875u,,r(CGG)12,Kd = 280 ± 76 nM,Ligand = 1 µM,"8 mM sodium phosphate (pH = 7.0), 185 mM NaCl, and 1 mM EDTA",Binding,Fluorescence-Based Titration (Intrinsic),-,,C,COS7 Cells (SMN2),No effect on SMN2 alternative splicing,Ligand = 50 µM,RNA Splicing,RT-PCR,Cells do not express r(CGG)exp,Compared to untreated cells,,,,,,,,,,,,,,,
R-BIND (LM) 0006,R-BIND (MV) 0011,CCCN(CC(=O)N(CCC)CC(=O)N(CCC)CC(=O)N(CCC)CC(=O)N(CCC)CC(=O)N(CC(N)=O)CC1=CN(CCCNC(=O)CCCOC2=CC=CC(=C2)C2=NC3=CC(=CC=C3N2)C2=NC3=CC(=CC=C3N2)N2CC[NH+](C)CC2)N=N1)C(=O)CNCC1=CN(CCCNC(=O)CCCOC2=CC=CC(=C2)C2=NC3=CC(=CC=C3N2)C2=NC3=CC(=CC=C3N2)N2CC[NH+](C)CC2)N=N1,2H-5,10.1021/cb400875u,C,tRNA,Kd >> 2 µM,Ligand = NR; RNA = < 2 µM,"9 mM sodium phosphate (pH = 7.0), 185 mM NaCl, and 1 mM EDTA",Off-Target Effect,Fluorescence-Based Titration (Intrinsic),-,,,COS7 Cells (SMN2),Bcl-x pre-mRNA splicing restored to wild-type at 50 µM concentration,"Ligand = 1, 10, 20, 50 µM",RNA Splicing,RT-PCR,-,Compared to untreated cells,,,,,,,,,,,,,,,
R-BIND (LM) 0006,R-BIND (MV) 0011,CCCN(CC(=O)N(CCC)CC(=O)N(CCC)CC(=O)N(CCC)CC(=O)N(CCC)CC(=O)N(CC(N)=O)CC1=CN(CCCNC(=O)CCCOC2=CC=CC(=C2)C2=NC3=CC(=CC=C3N2)C2=NC3=CC(=CC=C3N2)N2CC[NH+](C)CC2)N=N1)C(=O)CNCC1=CN(CCCNC(=O)CCCOC2=CC=CC(=C2)C2=NC3=CC(=CC=C3N2)C2=NC3=CC(=CC=C3N2)N2CC[NH+](C)CC2)N=N1,2H-5,10.1021/cb400875u,,r(CGG)exp,Pulls down a significant amount of r(CGG)exp,-,-,On-Target Effect,Northern Blot,"Total RNA from a FXTAS model cellular system was applied to the affinity matrix with streptavidin displaying biotinylated ligand. The resin was washed to remove unbound biomolecules, and the cellular targets were harvested and separated by gel electrophoresis.",Compared to untreated cells and oligo targeting repeats,C,COS7 Cells (SMN2),No effect on Bcl-x pre-mRNA splicing,Ligand = 50 µM,RNA Splicing,RT-PCR,Cells do not express r(CGG)exp,Compared to untreated cells,,,,,,,,,,,,,,,
R-BIND (LM) 0006,R-BIND (MV) 0011,CCCN(CC(=O)N(CCC)CC(=O)N(CCC)CC(=O)N(CCC)CC(=O)N(CCC)CC(=O)N(CC(N)=O)CC1=CN(CCCNC(=O)CCCOC2=CC=CC(=C2)C2=NC3=CC(=CC=C3N2)C2=NC3=CC(=CC=C3N2)N2CC[NH+](C)CC2)N=N1)C(=O)CNCC1=CN(CCCNC(=O)CCCOC2=CC=CC(=C2)C2=NC3=CC(=CC=C3N2)C2=NC3=CC(=CC=C3N2)N2CC[NH+](C)CC2)N=N1,2H-5,10.1021/cb400875u,,r(CGG)exp,Pulls down a significant amount of r(CGG)exp,-,-,On-Target Effect,qRT-PCR,Conducted on pull down with primers specific for r(CGG)exp,"Compared to untreated cells, 18S rRNA, and oligo targeting repeats",C,COS7 Cells (SMN2),No effect on cTNT splicing,Ligand = 50 µM,RNA Splicing,RT-PCR,Not regulated by Sam68,"Compared to untreated cells, and those that don't express r(CGG)exp",,,,,,,,,,,,,,,
R-BIND (LM) 0006,R-BIND (MV) 0011,CCCN(CC(=O)N(CCC)CC(=O)N(CCC)CC(=O)N(CCC)CC(=O)N(CCC)CC(=O)N(CC(N)=O)CC1=CN(CCCNC(=O)CCCOC2=CC=CC(=C2)C2=NC3=CC(=CC=C3N2)C2=NC3=CC(=CC=C3N2)N2CC[NH+](C)CC2)N=N1)C(=O)CNCC1=CN(CCCNC(=O)CCCOC2=CC=CC(=C2)C2=NC3=CC(=CC=C3N2)C2=NC3=CC(=CC=C3N2)N2CC[NH+](C)CC2)N=N1,2H-5,10.1021/cb400875u,,,,,,,,,,C,COS7 Cells (SMN2),No effect on IR splicing,Ligand = 50 µM,RNA Splicing,RT-PCR,Not regulated by Sam68,"Compared to untreated cells, and those that don't express r(CGG)exp",,,,,,,,,,,,,,,
R-BIND (LM) 0006,R-BIND (MV) 0011,CCCN(CC(=O)N(CCC)CC(=O)N(CCC)CC(=O)N(CCC)CC(=O)N(CCC)CC(=O)N(CC(N)=O)CC1=CN(CCCNC(=O)CCCOC2=CC=CC(=C2)C2=NC3=CC(=CC=C3N2)C2=NC3=CC(=CC=C3N2)N2CC[NH+](C)CC2)N=N1)C(=O)CNCC1=CN(CCCNC(=O)CCCOC2=CC=CC(=C2)C2=NC3=CC(=CC=C3N2)C2=NC3=CC(=CC=C3N2)N2CC[NH+](C)CC2)N=N1,2H-5,10.1021/cb400875u,,,,,,,,,,C,COS7 Cells (SMN2),No effect on PLEKHH2 splicing,Ligand = 50 µM,RNA Splicing,RT-PCR,Not regulated by Sam68,"Compared to untreated cells, and those that don't express r(CGG)exp",,,,,,,,,,,,,,,
R-BIND (LM) 0006,R-BIND (MV) 0011,CCCN(CC(=O)N(CCC)CC(=O)N(CCC)CC(=O)N(CCC)CC(=O)N(CCC)CC(=O)N(CC(N)=O)CC1=CN(CCCNC(=O)CCCOC2=CC=CC(=C2)C2=NC3=CC(=CC=C3N2)C2=NC3=CC(=CC=C3N2)N2CC[NH+](C)CC2)N=N1)C(=O)CNCC1=CN(CCCNC(=O)CCCOC2=CC=CC(=C2)C2=NC3=CC(=CC=C3N2)C2=NC3=CC(=CC=C3N2)N2CC[NH+](C)CC2)N=N1,2H-5,10.1021/cb400875u,,,,,,,,,,,COS7 Cells (SMN2),No effect on GFP protein levels,Ligand = 20 µM,Translational Activity,Western Blot,COS7 cells were transfected with a plasmid that encodes r(CGG)88 in the 5? UTR of GFP,"Compared to untreated cells, Oligo targeting repeats, and beta-actin",,,,,,,,,,,,,,,
R-BIND (LM) 0006,R-BIND (MV) 0011,CCCN(CC(=O)N(CCC)CC(=O)N(CCC)CC(=O)N(CCC)CC(=O)N(CCC)CC(=O)N(CC(N)=O)CC1=CN(CCCNC(=O)CCCOC2=CC=CC(=C2)C2=NC3=CC(=CC=C3N2)C2=NC3=CC(=CC=C3N2)N2CC[NH+](C)CC2)N=N1)C(=O)CNCC1=CN(CCCNC(=O)CCCOC2=CC=CC(=C2)C2=NC3=CC(=CC=C3N2)C2=NC3=CC(=CC=C3N2)N2CC[NH+](C)CC2)N=N1,2H-5,10.1021/cb400875u,,,,,,,,,,,COS7 Cells (SMN2),No effect on GFP mRNA,Ligand = 20 µM,Translational Activity,qRT-PCR,COS7 cells were transfected with a plasmid that encodes r(CGG)88 in the 5? UTR of GFP,"Compared to untreated cells, Oligo targeting repeats",,,,,,,,,,,,,,,
R-BIND (LM) 0007,R-BIND (MV) 0012,CCCN(CC(=O)N(CCC)CC(=O)N(CCC)CC(=O)N(CCC)CC(=O)N(CCC)CC(=O)N(CCC)CC(=O)N(CC(N)=O)CC1=CN(CCCNC(=O)CCCOC2=CC=CC(=C2)C2=NC3=CC(=CC=C3N2)C2=NC3=CC(=CC=C3N2)N2CC[NH+](C)CC2)N=N1)C(=O)CNCC1=CN(CCCNC(=O)CCCOC2=CC=CC(=C2)C2=NC3=CC(=CC=C3N2)C2=NC3=CC(=CC=C3N2)N2CC[NH+](C)CC2)N=N1,2H-6,10.1021/cb400875u,,r(CGG)12-DGCR8? complex,IC50 = 23 ± 1 µM,NR,"20 mM HEPES (pH = 7.5), 110 mM KCl, 110 mM NaCl, 0.1% (w/v) BSA, 2 mM MgCl2, 2 mM CaCl2, 0.05% (v/v) Tween-20, and 5 mM DTT",Protein Displacement,TR-FRET,-,Compared to parent monomer compound,,COS7 Cells (SMN2),33 ± 3 % improvement of SMN2 splicing,Ligand = 20 µM,RNA Splicing,RT-PCR,"Cells co-transfected with a plasmid encoding r(CGG)60x and an SMN2 mini-gene. Compound was added post-transfection, and alternative pre-mRNA splicing patterns were evaluated by RT-PCR.",Compared to untreated cells,,,,,,,,,,,,,,,
R-BIND (LM) 0007,R-BIND (MV) 0012,CCCN(CC(=O)N(CCC)CC(=O)N(CCC)CC(=O)N(CCC)CC(=O)N(CCC)CC(=O)N(CCC)CC(=O)N(CC(N)=O)CC1=CN(CCCNC(=O)CCCOC2=CC=CC(=C2)C2=NC3=CC(=CC=C3N2)C2=NC3=CC(=CC=C3N2)N2CC[NH+](C)CC2)N=N1)C(=O)CNCC1=CN(CCCNC(=O)CCCOC2=CC=CC(=C2)C2=NC3=CC(=CC=C3N2)C2=NC3=CC(=CC=C3N2)N2CC[NH+](C)CC2)N=N1,2H-6,10.1021/cb400875u,C,r(CGG)12-DGCR8? complex; 65-fold excess tRNA,IC50 = 24 ± 2 µM,NR,"20 mM HEPES (pH = 7.5), 110 mM KCl, 110 mM NaCl, 0.1% (w/v) BSA, 2 mM MgCl2, 2 mM CaCl2, 0.05% (v/v) Tween-20, and 5 mM DTT",Protein Displacement,TR-FRET,-,Compared to parent monomer compound,,,,,,,,,,,,,,,,,,,,,,,
R-BIND (LM) 0008,R-BIND (MV) 0013,C[C@H](N(C)C(=O)[C@H](C)N(C)C(=O)[C@H](C)N(C)C(=O)[C@H](C)N(C)C(=O)[C@H](C)N(C)C(=O)C[NH2+]CCCN1C=C(C[N+]2=CC3=C(C)C4=C(NC5=C4C=C(O)C=C5)C(C)=C3C=C2)N=N1)C(=O)N(CCCN1C=C(C[N+]2=CC3=C(C)C4=C(NC5=C4C=C(O)C=C5)C(C)=C3C=C2)N=N1)CC(N)=O,2HE-5NMe,10.1021/acschembio.6b00147,,r(CGG)12-DGCR8? complex,60% complex inhibition; IC50 = 472 ± 80 nM,Ligand = 1 µM,"20 mM HEPES (pH = 7.5), 110 mM KCl, 110 mM NaCl, 0.1% (w/v) BSA, 2 mM MgCl2, 2 mM CaCl2, 0.05% (v/v) Tween-20, and 5 mM DTT",Protein Displacement,TR-FRET,-,Compared to parent monomer compound,,HeLa Cells (FXTAS),5-fold enrichment of r(CGG)88-GFP,Ligand = 2.5 µM,On-Target Effect,Chem-CLIP,Ligand is appended with a nucleic acid reactive module that allows small molecules to be conjugated to their cellular RNA targets and a biotin module that allows for isolation of biotinylated products,Compared to starting lysate,,,,,,,,,,,,,,,
R-BIND (LM) 0008,R-BIND (MV) 0013,C[C@H](N(C)C(=O)[C@H](C)N(C)C(=O)[C@H](C)N(C)C(=O)[C@H](C)N(C)C(=O)[C@H](C)N(C)C(=O)C[NH2+]CCCN1C=C(C[N+]2=CC3=C(C)C4=C(NC5=C4C=C(O)C=C5)C(C)=C3C=C2)N=N1)C(=O)N(CCCN1C=C(C[N+]2=CC3=C(C)C4=C(NC5=C4C=C(O)C=C5)C(C)=C3C=C2)N=N1)CC(N)=O,2HE-5NMe,10.1021/acschembio.6b00147,,r(CGG)12-DGCR8? complex; 65-fold excess tRNA,IC50 = 3.5  ± 0.6 µM,Ligand = 1 µM,"21 mM HEPES (pH = 7.5), 110 mM KCl, 110 mM NaCl, 0.1% (w/v) BSA, 2 mM MgCl2, 2 mM CaCl2, 0.05% (v/v) Tween-20, and 5 mM DTT",Protein Displacement,TR-FRET,-,Compared to parent monomer compound,,HeLa Cells (FXTAS),IC50 = 140 ± 10 nM,Ligand = 2.5 µM,On-Target Effect,Competitive Chem-CLIP,"Cells were cotreated with a noncovalent binder and Biotinylated ligand, and depletion of r(CGG)88-GFP captured by ligand was measured. IC50 is for inhibition of the Biotinylated ligand reaction with r(CGG)88-GFP",Compared to monomer,,,,,,,,,,,,,,,
R-BIND (LM) 0008,R-BIND (MV) 0013,C[C@H](N(C)C(=O)[C@H](C)N(C)C(=O)[C@H](C)N(C)C(=O)[C@H](C)N(C)C(=O)[C@H](C)N(C)C(=O)C[NH2+]CCCN1C=C(C[N+]2=CC3=C(C)C4=C(NC5=C4C=C(O)C=C5)C(C)=C3C=C2)N=N1)C(=O)N(CCCN1C=C(C[N+]2=CC3=C(C)C4=C(NC5=C4C=C(O)C=C5)C(C)=C3C=C2)N=N1)CC(N)=O,2HE-5NMe,10.1021/acschembio.6b00147,,r(CGG)12,"Kd = 50 ± 0.6 nM (binding mode 1), Kd = 65 ± 1.4 nM (binding mode 2); Kon = 2.11 ± 0.01 x 10^3 1/M*s (binding mode 1), Kon = 8.90 ± 0.12 x 10^4  1/M*s (binding mode 2); Koff = 1.03 ± 0.01 x 10^-04 1/s (binding mode 1), Koff = 5.84 ± 0.37 x 10^-3 1/s",Ligand = NR; RNA = 60 nM,1 X Kinetics Buffer (ForteBio),Binding,Biolayer Interferometry,Best fit to a 2:1 heterogeneous ligand mode,Sample with no compound was used as background,,HeLa Cells (FXTAS),Restores alternative SMN2 splicing patterns back to wild-type,Ligand = 50 µM,RNA Splicing,RT-PCR,As determined by comparing the percentage of exon 7 inclusion in untreated cells that express r(CGG)exp to the percentage of exon inclusion in treated cells using a two-tailed Student's t test,"Compared to no compound, monomer, and non-FXTAS-affected cells",,,,,,,,,,,,,,,
R-BIND (LM) 0008,R-BIND (MV) 0013,C[C@H](N(C)C(=O)[C@H](C)N(C)C(=O)[C@H](C)N(C)C(=O)[C@H](C)N(C)C(=O)[C@H](C)N(C)C(=O)C[NH2+]CCCN1C=C(C[N+]2=CC3=C(C)C4=C(NC5=C4C=C(O)C=C5)C(C)=C3C=C2)N=N1)C(=O)N(CCCN1C=C(C[N+]2=CC3=C(C)C4=C(NC5=C4C=C(O)C=C5)C(C)=C3C=C2)N=N1)CC(N)=O,2HE-5NMe,10.1021/acschembio.6b00147,,r(CGG)12,5x10^-7 M ligand bound,Ligand = 1 µM; RNA or Protein = 2 µM,NR,Binding,Competition Dialysis,-,Compared to r(GCGC) and protein DGCR8; Observed less binding,C,HeLa Cells (FXTAS),No effect on cTNT splicing,Ligand = 50 µM,RNA Splicing,RT-PCR,Not regulated by Sam68,"Compared to untreated cells, and those that don't express r(CGG)exp",,,,,,,,,,,,,,,
R-BIND (LM) 0008,R-BIND (MV) 0013,C[C@H](N(C)C(=O)[C@H](C)N(C)C(=O)[C@H](C)N(C)C(=O)[C@H](C)N(C)C(=O)[C@H](C)N(C)C(=O)C[NH2+]CCCN1C=C(C[N+]2=CC3=C(C)C4=C(NC5=C4C=C(O)C=C5)C(C)=C3C=C2)N=N1)C(=O)N(CCCN1C=C(C[N+]2=CC3=C(C)C4=C(NC5=C4C=C(O)C=C5)C(C)=C3C=C2)N=N1)CC(N)=O,2HE-5NMe,10.1021/acschembio.6b00147,,r(CGG)12,?H = -74.9 ± 1.1 kcal/mol; ?S = 219 ± 3 cal/K*mol; ?G = -7.04 ± 0.13 kcal/mol; Tm = 69.2 ± 0.3 ºC,"Ligand = 0.5, 1.0, 2.5, 5.0 µM; RNA = 1 µM","2 mM Na2HPO4 (pH = 7.0), 45 mM NaCl, and 25 ?M Na2EDTA",Binding,Optical Melting,-,Compared to monomers,C,HeLa Cells (FXTAS),No effect on IR splicing,Ligand = 50 µM,RNA Splicing,RT-PCR,Not regulated by Sam68,"Compared to untreated cells, and those that don't express r(CGG)exp",,,,,,,,,,,,,,,
R-BIND (LM) 0008,R-BIND (MV) 0013,C[C@H](N(C)C(=O)[C@H](C)N(C)C(=O)[C@H](C)N(C)C(=O)[C@H](C)N(C)C(=O)[C@H](C)N(C)C(=O)C[NH2+]CCCN1C=C(C[N+]2=CC3=C(C)C4=C(NC5=C4C=C(O)C=C5)C(C)=C3C=C2)N=N1)C(=O)N(CCCN1C=C(C[N+]2=CC3=C(C)C4=C(NC5=C4C=C(O)C=C5)C(C)=C3C=C2)N=N1)CC(N)=O,2HE-5NMe,10.1021/acschembio.6b00147,,,,,,,,,,,HeLa Cells (FXTAS),Prevents ~75% of nuclear foci formation,Ligand = 50 µM,Nuclear Foci Dispersion,Fluorescence Microscopy,"Ligand was applied to cells shortly after transfection with a plasmid expressing (CGG)60- Spinach2, an RNA GFP mimic. Treated for 24 h",Compared to untreated cells,,,,,,,,,,,,,,,
R-BIND (LM) 0008,R-BIND (MV) 0013,C[C@H](N(C)C(=O)[C@H](C)N(C)C(=O)[C@H](C)N(C)C(=O)[C@H](C)N(C)C(=O)[C@H](C)N(C)C(=O)C[NH2+]CCCN1C=C(C[N+]2=CC3=C(C)C4=C(NC5=C4C=C(O)C=C5)C(C)=C3C=C2)N=N1)C(=O)N(CCCN1C=C(C[N+]2=CC3=C(C)C4=C(NC5=C4C=C(O)C=C5)C(C)=C3C=C2)N=N1)CC(N)=O,2HE-5NMe,10.1021/acschembio.6b00147,,,,,,,,,,,HeLa Cells (FXTAS),Disrupts ~60% of preformed foci,Ligand = 50 µM,Nuclear Foci Dispersion,-,Cells were treated with the compound 24 h post-transfection to determine if the compound can disrupt preformed foci. Transfection medium was replaced by compound medium. Transfection positive cells were imaged and checked for foci.,Compared to untreated cells,,,,,,,,,,,,,,,
R-BIND (LM) 0008,R-BIND (MV) 0013,C[C@H](N(C)C(=O)[C@H](C)N(C)C(=O)[C@H](C)N(C)C(=O)[C@H](C)N(C)C(=O)[C@H](C)N(C)C(=O)C[NH2+]CCCN1C=C(C[N+]2=CC3=C(C)C4=C(NC5=C4C=C(O)C=C5)C(C)=C3C=C2)N=N1)C(=O)N(CCCN1C=C(C[N+]2=CC3=C(C)C4=C(NC5=C4C=C(O)C=C5)C(C)=C3C=C2)N=N1)CC(N)=O,2HE-5NMe,10.1021/acschembio.6b00147,,,,,,,,,,,HeLa Cells (FXTAS),Most foci were dissolved within the first hour and fully disappeared by 4 h,Ligand = 50 µM,Nuclear Foci Dispersion,Fluorescence Microscopy,Time-course experiment,Compared to untreated cells; Compared rate of nuclear foci disruption to improvement in splicing-defects and observed a direct correlation,,,,,,,,,,,,,,,
R-BIND (LM) 0008,R-BIND (MV) 0013,C[C@H](N(C)C(=O)[C@H](C)N(C)C(=O)[C@H](C)N(C)C(=O)[C@H](C)N(C)C(=O)[C@H](C)N(C)C(=O)C[NH2+]CCCN1C=C(C[N+]2=CC3=C(C)C4=C(NC5=C4C=C(O)C=C5)C(C)=C3C=C2)N=N1)C(=O)N(CCCN1C=C(C[N+]2=CC3=C(C)C4=C(NC5=C4C=C(O)C=C5)C(C)=C3C=C2)N=N1)CC(N)=O,2HE-5NMe,10.1021/acschembio.6b00147,,,,,,,,,,,HeLa Cells (FXTAS),~80% inhibition of RANT,Ligand = 50 µM,Translational Activity,Reporter,"Employed a cellular model system in which r(CGG)88 is embedded in the 5? UTR of green fluorescent protein (GFP). The construct was developed such that the orientation of the r(CGG) in the 5? UTR relative to the GFP open reading frame (ORF) mimics that between r(CGG)exp and the ORF in FMR1. Two translation products are observed in cells, the canonical translation product GFP and the RANT product polyG-GFP. The two products can be resolved by SDS-PAGE and visualized by Western blot with an anti-GFP antibody.",Compared to untreated cells and cells with GFP only,,,,,,,,,,,,,,,
R-BIND (LM) 0008,R-BIND (MV) 0013,C[C@H](N(C)C(=O)[C@H](C)N(C)C(=O)[C@H](C)N(C)C(=O)[C@H](C)N(C)C(=O)[C@H](C)N(C)C(=O)C[NH2+]CCCN1C=C(C[N+]2=CC3=C(C)C4=C(NC5=C4C=C(O)C=C5)C(C)=C3C=C2)N=N1)C(=O)N(CCCN1C=C(C[N+]2=CC3=C(C)C4=C(NC5=C4C=C(O)C=C5)C(C)=C3C=C2)N=N1)CC(N)=O,2HE-5NMe,10.1021/acschembio.6b00147,,,,,,,,,,C,HeLa Cells (FXTAS),No effect on r(CGG)88 GFP mRNA levels,Ligand = 50 µM,Translational Activity,qRT-PCR,-,Compared to untreated cells,,,,,,,,,,,,,,,
R-BIND (LM) 0008,R-BIND (MV) 0013,C[C@H](N(C)C(=O)[C@H](C)N(C)C(=O)[C@H](C)N(C)C(=O)[C@H](C)N(C)C(=O)[C@H](C)N(C)C(=O)C[NH2+]CCCN1C=C(C[N+]2=CC3=C(C)C4=C(NC5=C4C=C(O)C=C5)C(C)=C3C=C2)N=N1)C(=O)N(CCCN1C=C(C[N+]2=CC3=C(C)C4=C(NC5=C4C=C(O)C=C5)C(C)=C3C=C2)N=N1)CC(N)=O,2HE-5NMe,10.1021/acschembio.6b00147,,,,,,,,,,,HeLa Cells (FXTAS),No change in cell proliferation,Ligand = 50 µM,Cytotoxicity,WST-1,-,Compared to untreated cells,,,,,,,,,,,,,,,
R-BIND (LM) 0009,R-BIND (MV) 0014,C[NH+]1CCN(CC1)C1=CC=C2NC(=NC2=C1)C1=CC=C2NC(=NC2=C1)C1=CC(OCCCC(=O)NCCNC(=O)CNC(=O)CNC(=O)CNC(=O)CCCOC2=CC=CC(=C2)C2=NC3=CC(=CC=C3N2)C2=NC3=CC(=CC=C3N2)N2CC[NH+](C)CC2)=CC=C1,2H-3G,10.1021/cb400265y,,r(CUG)12-MBNL1 complex,IC50 = ~ 3 µM,NR,"20 mM HEPES (pH = 7.5), 110 mM KCl, 110 mM NaCl, 0.1% (w/v) BSA, 2 mM MgCl2, 2 mM CaCl2, 0.05% (v/v) Tween-20, and 5 mM DTT",Protein Displacement,TR-FRET,-,Corrected for background noise,,HeLa Cells (DM1),~70% improvement in cTNT Exon 5 inclusion,Ligand = 10 µM,RNA Splicing,RT-PCR,"Cells were treated post-transfection with 10 ?M compound in growth medium. In the absence of r(CUG)exp, the exon 5 inclusion rate is ?45%, whereas in the presence of r(CUG) exp, the exon 5 inclusion rate is ?85% ","Compared to untreated cells, and cells lacking r(CUG)exp",,,,,,,,,,,,,,,
R-BIND (LM) 0009,R-BIND (MV) 0014,C[NH+]1CCN(CC1)C1=CC=C2NC(=NC2=C1)C1=CC=C2NC(=NC2=C1)C1=CC(OCCCC(=O)NCCNC(=O)CNC(=O)CNC(=O)CNC(=O)CCCOC2=CC=CC(=C2)C2=NC3=CC(=CC=C3N2)C2=NC3=CC(=CC=C3N2)N2CC[NH+](C)CC2)=CC=C1,2H-3G,10.1021/cb400265y,C,Pronase,Intermediate pronase stability at pH = 7.8 and pH = 9.0,Ligand = 400 µM; Protein = 1 U,50 mM Tris-HCl (pH = 7.8 or 9.0) and 10 mM CaCl2,Activity,Pronase Activity,Incubated for 18 h. Products were analyzed by HPLC,-,,HeLa Cells (DM1),~125% enhancement of luciferase activity,Ligand = 10 µM,Translational Activity,Reporter,Cells expressing 800 or 0 CTG repeats in the 3' UTR of luciferase were used. Cells were then treated with compound and monitored for luciferase activity.,"Compared to parent compound, 2H-4. Enhancement of Luciferase activity is relative to untreated cells. ",,,,,,,,,,,,,,,
R-BIND (LM) 0009,R-BIND (MV) 0014,C[NH+]1CCN(CC1)C1=CC=C2NC(=NC2=C1)C1=CC=C2NC(=NC2=C1)C1=CC(OCCCC(=O)NCCNC(=O)CNC(=O)CNC(=O)CNC(=O)CCCOC2=CC=CC(=C2)C2=NC3=CC(=CC=C3N2)C2=NC3=CC(=CC=C3N2)N2CC[NH+](C)CC2)=CC=C1,2H-3G,10.1021/cb400265y,,,,,,,,,,C,HeLa Cells (DM1),Compound is cell-permeable,"Ligand = 1, 10 µM",Cell Uptake,Fluorescence Microscopy,-,"Compared to parent compound, 2H-4. ",,,,,,,,,,,,,,,
R-BIND (LM) 0009,R-BIND (MV) 0014,C[NH+]1CCN(CC1)C1=CC=C2NC(=NC2=C1)C1=CC=C2NC(=NC2=C1)C1=CC(OCCCC(=O)NCCNC(=O)CNC(=O)CNC(=O)CNC(=O)CCCOC2=CC=CC(=C2)C2=NC3=CC(=CC=C3N2)C2=NC3=CC(=CC=C3N2)N2CC[NH+](C)CC2)=CC=C1,2H-3G,10.1021/cb400265y,,,,,,,,,,C,C2C12 Cells,No effect on toxicity,"Ligand = 1, 10 µM",Cytotoxicity,Propidium Iodide Stain,-,"Compared to parent compound, 2H-4. ",,,,,,,,,,,,,,,
R-BIND (LM) 0010,R-BIND (MV) 0015,C[C@@H](N(C)C(=O)[C@@H](C)N(C)C(=O)[C@@H](C)N(C)C(=O)CCCOC1=CC=CC(=C1)C1=NC2=CC(=CC=C2N1)C1=NC2=CC(=CC=C2N1)N1CC[NH+](C)CC1)C(=O)NCCNC(=O)CCCOC1=CC=CC(=C1)C1=NC2=CC(=CC=C2N1)C1=NC2=CC(=CC=C2N1)N1CC[NH+](C)CC1,2H-3NMe,10.1021/cb400265y,,r(CUG)12-MBNL1 complex,IC50 = ~ 30 µM,NR,"20 mM HEPES (pH = 7.5), 110 mM KCl, 110 mM NaCl, 0.1% (w/v) BSA, 2 mM MgCl2, 2 mM CaCl2, 0.05% (v/v) Tween-20, and 5 mM DTT",Protein Displacement,TR-FRET,-,Corrected for background noise,,HeLa Cells (DM1),~85% improvement in cTNT Exon 5 inclusion,Ligand = 10 µM,RNA Splicing,RT-PCR,"Cells were treated post-transfection with 10 ?M compound in growth medium. In the absence of r(CUG)exp, the exon 5 inclusion rate is ?45%, whereas in the presence of r(CUG) exp, the exon 5 inclusion rate is ?85% ","Compared to untreated cells, and cells lacking r(CUG)exp",,,,,,,,,,,,,,,
R-BIND (LM) 0010,R-BIND (MV) 0015,C[C@@H](N(C)C(=O)[C@@H](C)N(C)C(=O)[C@@H](C)N(C)C(=O)CCCOC1=CC=CC(=C1)C1=NC2=CC(=CC=C2N1)C1=NC2=CC(=CC=C2N1)N1CC[NH+](C)CC1)C(=O)NCCNC(=O)CCCOC1=CC=CC(=C1)C1=NC2=CC(=CC=C2N1)C1=NC2=CC(=CC=C2N1)N1CC[NH+](C)CC1,2H-3NMe,10.1021/cb400265y,C,Pronase,Pronase unstable at pH = 7.8 and pH = 9.0,Ligand = 400 µM; Protein = 1 U,50 mM Tris-HCl (pH = 7.8 or 9.0) and 10 mM CaCl2,Activity,Pronase Activity,Incubated for 18 h. Products were analyzed by HPLC,-,,C2C12 Cells,~100% enhancement of luciferase activity,Ligand = 10 µM,Translational Activity,Reporter,Cells expressing 800 or 0 CTG repeats in the 3' UTR of luciferase were used. Cells were then treated with compound and monitored for luciferase activity.,"Compared to parent compound, 2H-4. Enhancement of Luciferase activity is relative to untreated cells. ",,,,,,,,,,,,,,,
R-BIND (LM) 0010,R-BIND (MV) 0015,C[C@@H](N(C)C(=O)[C@@H](C)N(C)C(=O)[C@@H](C)N(C)C(=O)CCCOC1=CC=CC(=C1)C1=NC2=CC(=CC=C2N1)C1=NC2=CC(=CC=C2N1)N1CC[NH+](C)CC1)C(=O)NCCNC(=O)CCCOC1=CC=CC(=C1)C1=NC2=CC(=CC=C2N1)C1=NC2=CC(=CC=C2N1)N1CC[NH+](C)CC1,2H-3NMe,10.1021/cb400265y,,,,,,,,,,C,C2C12 Cells,Compound is cell-permeable,"Ligand = 1, 10 µM",Cell Uptake,Fluorescence Microscopy,-,"Compared to parent compound, 2H-4. ",,,,,,,,,,,,,,,
R-BIND (LM) 0010,R-BIND (MV) 0015,C[C@@H](N(C)C(=O)[C@@H](C)N(C)C(=O)[C@@H](C)N(C)C(=O)CCCOC1=CC=CC(=C1)C1=NC2=CC(=CC=C2N1)C1=NC2=CC(=CC=C2N1)N1CC[NH+](C)CC1)C(=O)NCCNC(=O)CCCOC1=CC=CC(=C1)C1=NC2=CC(=CC=C2N1)C1=NC2=CC(=CC=C2N1)N1CC[NH+](C)CC1,2H-3NMe,10.1021/cb400265y,,,,,,,,,,C,C2C12 Cells,No effect on toxicity,"Ligand = 1, 10 µM",Cytotoxicity,Propidium Iodide Stain,-,"Compared to parent compound, 2H-4. ",,,,,,,,,,,,,,,
R-BIND (LM) 0011,R-BIND (MV) 0016,CCCN([C@H](C)C(=O)N(CCC)[C@H](C)C(=O)N(CCC)[C@H](C)C(=O)NCCNC(=O)CCCOC1=CC=CC(=C1)C1=NC2=CC(=CC=C2N1)C1=NC2=CC(=CC=C2N1)N1CC[NH+](C)CC1)C(=O)CCCOC1=CC=CC(=C1)C1=NC2=CC(=CC=C2N1)C1=NC2=CC(=CC=C2N1)N1CC[NH+](C)CC1,2H-3NPr,10.1021/cb400265y,,r(CUG)12-MBNL1 complex,IC50 = ~ 15 µM,NR,"20 mM HEPES (pH = 7.5), 110 mM KCl, 110 mM NaCl, 0.1% (w/v) BSA, 2 mM MgCl2, 2 mM CaCl2, 0.05% (v/v) Tween-20, and 5 mM DTT",Protein Displacement,TR-FRET,-,Corrected for background noise,,HeLa Cells (DM1),~83% improvement in cTNT Exon 5 inclusion,Ligand = 10 µM,RNA Splicing,RT-PCR,"Cells were treated post-transfection with 10 ?M compound in growth medium. In the absence of r(CUG)exp, the exon 5 inclusion rate is ?45%, whereas in the presence of r(CUG) exp, the exon 5 inclusion rate is ?85% ","Compared to untreated cells, and cells lacking r(CUG)exp",,,,,,,,,,,,,,,
R-BIND (LM) 0011,R-BIND (MV) 0016,CCCN([C@H](C)C(=O)N(CCC)[C@H](C)C(=O)N(CCC)[C@H](C)C(=O)NCCNC(=O)CCCOC1=CC=CC(=C1)C1=NC2=CC(=CC=C2N1)C1=NC2=CC(=CC=C2N1)N1CC[NH+](C)CC1)C(=O)CCCOC1=CC=CC(=C1)C1=NC2=CC(=CC=C2N1)C1=NC2=CC(=CC=C2N1)N1CC[NH+](C)CC1,2H-3NPr,10.1021/cb400265y,C,Pronase,Intermediate pronase stability at pH = 7.8 and pH = 9.0,Ligand = 400 µM; Protein = 1 U,50 mM Tris-HCl (pH = 7.8 or 9.0) and 10 mM CaCl2,Activity,Pronase Activity,Incubated for 18 h. Products were analyzed by HPLC,-,,C2C12 Cells,~95% enhancement of luciferase activity,Ligand = 10 µM,Translational Activity,Reporter,Cells expressing 800 or 0 CTG repeats in the 3' UTR of luciferase were used. Cells were then treated with compound and monitored for luciferase activity.,"Compared to parent compound, 2H-4. Enhancement of Luciferase activity is relative to untreated cells. ",,,,,,,,,,,,,,,
R-BIND (LM) 0011,R-BIND (MV) 0016,CCCN([C@H](C)C(=O)N(CCC)[C@H](C)C(=O)N(CCC)[C@H](C)C(=O)NCCNC(=O)CCCOC1=CC=CC(=C1)C1=NC2=CC(=CC=C2N1)C1=NC2=CC(=CC=C2N1)N1CC[NH+](C)CC1)C(=O)CCCOC1=CC=CC(=C1)C1=NC2=CC(=CC=C2N1)C1=NC2=CC(=CC=C2N1)N1CC[NH+](C)CC1,2H-3NPr,10.1021/cb400265y,,,,,,,,,,C,C2C12 Cells,Compound is cell-permeable,"Ligand = 1, 10 µM",Cell Uptake,Fluorescence Microscopy,-,"Compared to parent compound, 2H-4. ",,,,,,,,,,,,,,,
R-BIND (LM) 0011,R-BIND (MV) 0016,CCCN([C@H](C)C(=O)N(CCC)[C@H](C)C(=O)N(CCC)[C@H](C)C(=O)NCCNC(=O)CCCOC1=CC=CC(=C1)C1=NC2=CC(=CC=C2N1)C1=NC2=CC(=CC=C2N1)N1CC[NH+](C)CC1)C(=O)CCCOC1=CC=CC(=C1)C1=NC2=CC(=CC=C2N1)C1=NC2=CC(=CC=C2N1)N1CC[NH+](C)CC1,2H-3NPr,10.1021/cb400265y,,,,,,,,,,C,C2C12 Cells,No effect on toxicity,"Ligand = 1, 10 µM",Cytotoxicity,Propidium Iodide Stain,-,"Compared to parent compound, 2H-4. ",,,,,,,,,,,,,,,
R-BIND (LM) 0012,R-BIND (MV) 0017,CCCN(CC(=O)N[C@H](CCCCNC(=O)CCCOC1=CC=CC(=C1)C1=NC2=CC(=CC=C2N1)C1=NC2=CC(=CC=C2N1)N1CC[NH+](C)CC1)C(N)=O)C(=O)CN(CCC)C(=O)CN(CCC)C(=O)CN(CCC)C(=O)CCCOC1=CC=CC(=C1)C1=NC2=CC(=CC=C2N1)C1=NC2=CC(=CC=C2N1)N1CC[NH+](C)CC1,2H-K4,10.1021/cb400265y,,r(CUG)12-MBNL1 complex,IC50 = ~ 30 µM,NR,"20 mM HEPES (pH = 7.5), 110 mM KCl, 110 mM NaCl, 0.1% (w/v) BSA, 2 mM MgCl2, 2 mM CaCl2, 0.05% (v/v) Tween-20, and 5 mM DTT",Protein Displacement,TR-FRET,-,Corrected for background noise,,HeLa Cells (DM1),~80% improvement in cTNT Exon 5 inclusion,Ligand = 10 µM,RNA Splicing,RT-PCR,"Cells were treated post-transfection with 10 ?M compound in growth medium. In the absence of r(CUG)exp, the exon 5 inclusion rate is ?45%, whereas in the presence of r(CUG) exp, the exon 5 inclusion rate is ?85% ","Compared to untreated cells, and cells lacking r(CUG)exp",,,,,,,,,,,,,,,
R-BIND (LM) 0012,R-BIND (MV) 0017,CCCN(CC(=O)N[C@H](CCCCNC(=O)CCCOC1=CC=CC(=C1)C1=NC2=CC(=CC=C2N1)C1=NC2=CC(=CC=C2N1)N1CC[NH+](C)CC1)C(N)=O)C(=O)CN(CCC)C(=O)CN(CCC)C(=O)CN(CCC)C(=O)CCCOC1=CC=CC(=C1)C1=NC2=CC(=CC=C2N1)C1=NC2=CC(=CC=C2N1)N1CC[NH+](C)CC1,2H-K4,10.1021/cb400265y,C,Pronase,Intermediate pronase stability at pH = 7.8 and pH = 9.0,Ligand = 400 µM,50 mM Tris-HCl (pH = 7.8 or 9.0) and 10 mM CaCl2,Activity,Pronase Activity,Incubated for 18 h. Products were analyzed by HPLC,-,,C2C12 Cells,~140% enhancement of luciferase activity,Ligand = 10 µM,Translational Activity,Reporter,Cells expressing 800 or 0 CTG repeats in the 3' UTR of luciferase were used. Cells were then treated with compound and monitored for luciferase activity.,Enhancement of Luciferase activity is relative to untreated cells. ,,,,,,,,,,,,,,,
R-BIND (LM) 0012,R-BIND (MV) 0017,CCCN(CC(=O)N[C@H](CCCCNC(=O)CCCOC1=CC=CC(=C1)C1=NC2=CC(=CC=C2N1)C1=NC2=CC(=CC=C2N1)N1CC[NH+](C)CC1)C(N)=O)C(=O)CN(CCC)C(=O)CN(CCC)C(=O)CN(CCC)C(=O)CCCOC1=CC=CC(=C1)C1=NC2=CC(=CC=C2N1)C1=NC2=CC(=CC=C2N1)N1CC[NH+](C)CC1,2H-K4,10.1021/cb400265y,,,,,,,,,,C,C2C12 Cells ,Compound is cell-permeable,"Ligand = 1, 10 µM",Cell Uptake,Flow Cytometry,-,Hoechst 33258 used as positive control for gating. ,,,,,,,,,,,,,,,
R-BIND (LM) 0012,R-BIND (MV) 0017,CCCN(CC(=O)N[C@H](CCCCNC(=O)CCCOC1=CC=CC(=C1)C1=NC2=CC(=CC=C2N1)C1=NC2=CC(=CC=C2N1)N1CC[NH+](C)CC1)C(N)=O)C(=O)CN(CCC)C(=O)CN(CCC)C(=O)CN(CCC)C(=O)CCCOC1=CC=CC(=C1)C1=NC2=CC(=CC=C2N1)C1=NC2=CC(=CC=C2N1)N1CC[NH+](C)CC1,2H-K4,10.1021/cb400265y,,,,,,,,,,C,C2C12 Cells,Some toxicity at 10 µM compound,"Ligand = 1, 10 µM",Cytotoxicity,Flow Cytometry,-,Hoechst 33258 used as positive control for gating. ,,,,,,,,,,,,,,,
R-BIND (LM) 0013,R-BIND (MV) 0018,C[C@@H](NC(=O)CCCOC1=CC=CC(=C1)C1=NC2=CC(=CC=C2N1)C1=NC2=CC(=CC=C2N1)N1CC[NH+](C)CC1)C(=O)N[C@H](C)C(=O)N[C@H](C)C(=O)N[C@H](C)C(=O)N[C@H](CCCCNC(=O)CCCOC1=CC=CC(=C1)C1=NC2=CC(=CC=C2N1)C1=NC2=CC(=CC=C2N1)N1CC[NH+](C)CC1)C(N)=O,2H-K4NH,10.1021/cb400265y,,r(CUG)12-MBNL1 complex,IC50 = ~ 35 µM,NR,"20 mM HEPES (pH = 7.5), 110 mM KCl, 110 mM NaCl, 0.1% (w/v) BSA, 2 mM MgCl2, 2 mM CaCl2, 0.05% (v/v) Tween-20, and 5 mM DTT",Protein Displacement,TR-FRET,-,Corrected for background noise,,HeLa Cells (DM1),~70% improvement in cTNT Exon 5 inclusion,Ligand = 10 µM,RNA Splicing,RT-PCR,"Cells were treated post-transfection in growth medium. In the absence of r(CUG)exp, the exon 5 inclusion rate is ?45%, whereas in the presence of r(CUG) exp, the exon 5 inclusion rate is ?85% ","Compared to untreated cells, and cells lacking r(CUG)exp",,,,,,,,,,,,,,,
R-BIND (LM) 0013,R-BIND (MV) 0018,C[C@@H](NC(=O)CCCOC1=CC=CC(=C1)C1=NC2=CC(=CC=C2N1)C1=NC2=CC(=CC=C2N1)N1CC[NH+](C)CC1)C(=O)N[C@H](C)C(=O)N[C@H](C)C(=O)N[C@H](C)C(=O)N[C@H](CCCCNC(=O)CCCOC1=CC=CC(=C1)C1=NC2=CC(=CC=C2N1)C1=NC2=CC(=CC=C2N1)N1CC[NH+](C)CC1)C(N)=O,2H-K4NH,10.1021/cb400265y,C,Pronase,Pronase unstable at pH = 7.8 and pH = 9.0,Ligand = 400 µM,50 mM Tris-HCl (pH = 7.8 or 9.0) and 10 mM CaCl2,Activity,Pronase Activity,Incubated for 18 h. Products were analyzed by HPLC,-,,C2C12 Cells,~140% enhancement of luciferase activity,Ligand = 10 µM,Translational Activity,Reporter,Cells expressing 800 or 0 CTG repeats in the 3' UTR of luciferase were used. Cells were then treated with compound and monitored for luciferase activity.,"Compared to parent compound, 2H4. Enhancement of Luciferase activity is relative to untreated cells. ",,,,,,,,,,,,,,,
R-BIND (LM) 0013,R-BIND (MV) 0018,C[C@@H](NC(=O)CCCOC1=CC=CC(=C1)C1=NC2=CC(=CC=C2N1)C1=NC2=CC(=CC=C2N1)N1CC[NH+](C)CC1)C(=O)N[C@H](C)C(=O)N[C@H](C)C(=O)N[C@H](C)C(=O)N[C@H](CCCCNC(=O)CCCOC1=CC=CC(=C1)C1=NC2=CC(=CC=C2N1)C1=NC2=CC(=CC=C2N1)N1CC[NH+](C)CC1)C(N)=O,2H-K4NH,10.1021/cb400265y,,,,,,,,,,C,C2C12 Cells,Compound is cell-permeable,"Ligand = 1, 10 µM",Cell Uptake,Flow Cytometry,-,"Compared to parent compound, 2H4. Hoechst 33258 used as positive control for gating. ",,,,,,,,,,,,,,,
R-BIND (LM) 0013,R-BIND (MV) 0018,C[C@@H](NC(=O)CCCOC1=CC=CC(=C1)C1=NC2=CC(=CC=C2N1)C1=NC2=CC(=CC=C2N1)N1CC[NH+](C)CC1)C(=O)N[C@H](C)C(=O)N[C@H](C)C(=O)N[C@H](C)C(=O)N[C@H](CCCCNC(=O)CCCOC1=CC=CC(=C1)C1=NC2=CC(=CC=C2N1)C1=NC2=CC(=CC=C2N1)N1CC[NH+](C)CC1)C(N)=O,2H-K4NH,10.1021/cb400265y,,,,,,,,,,C,C2C12 Cells,No effect on toxicity,"Ligand = 1, 10 µM",Cytotoxicity,Flow Cytometry,-,"Compared to parent compound, 2H4. Hoechst 33258 used as positive control for gating. ",,,,,,,,,,,,,,,
R-BIND (LM) 0014,R-BIND (MV) 0019,C[C@@H](N(C)C(=O)[C@@H](C)N(C)C(=O)[C@@H](C)N(C)C(=O)[C@@H](C)N(C)C(=O)CCCOC1=CC=CC(=C1)C1=NC2=CC(=CC=C2N1)C1=NC2=CC(=CC=C2N1)N1CC[NH+](C)CC1)C(=O)N[C@H](CCCCNC(=O)CCCOC1=CC=CC(=C1)C1=NC2=CC(=CC=C2N1)C1=NC2=CC(=CC=C2N1)N1CC[NH+](C)CC1)C(N)=O,2H-K4NMe,10.1021/cb400265y,,r(CUG)12-MBNL1 complex,IC50 = ~ 20 µM,NR,"20 mM HEPES (pH = 7.5), 110 mM KCl, 110 mM NaCl, 0.1% (w/v) BSA, 2 mM MgCl2, 2 mM CaCl2, 0.05% (v/v) Tween-20, and 5 mM DTT",Protein Displacement,TR-FRET,-,Corrected for background noise,,HeLa Cells (DM1),~15% improvement in cTNT Exon 5 inclusion,Ligand = 5 µM,RNA Splicing,RT-PCR,"Cells were treated post-transfection in growth medium. In the absence of r(CUG)exp, the exon 5 inclusion rate is ?45%, whereas in the presence of r(CUG) exp, the exon 5 inclusion rate is ?85% ","Compared to untreated cells, and cells lacking r(CUG)exp",,DM1 HSALR mouse model (Clcn1),~71% Clcn1 exon 7a exclusion (increased from ~50%),Intraperitoneal; 100 mg/kg once a day for 7 days,RNA Splicing,RT-PCR,-,Compared to wild-type,,,,,,,
R-BIND (LM) 0014,R-BIND (MV) 0019,C[C@@H](N(C)C(=O)[C@@H](C)N(C)C(=O)[C@@H](C)N(C)C(=O)[C@@H](C)N(C)C(=O)CCCOC1=CC=CC(=C1)C1=NC2=CC(=CC=C2N1)C1=NC2=CC(=CC=C2N1)N1CC[NH+](C)CC1)C(=O)N[C@H](CCCCNC(=O)CCCOC1=CC=CC(=C1)C1=NC2=CC(=CC=C2N1)C1=NC2=CC(=CC=C2N1)N1CC[NH+](C)CC1)C(N)=O,2H-K4NMe,10.1021/cb400265y,C,Pronase,Intermediate pronase stability at pH = 7.8 and pH = 9.0,Ligand = 400 µM,50 mM Tris-HCl (pH = 7.8 or 9.0) and 10 mM CaCl2,Activity,Pronase Activity,Incubated for 18 h. Products were analyzed by HPLC,-,,C2C12 Cells,~140% enhancement of luciferase activity,Ligand = 10 µM,Translational Activity,Reporter,Cells expressing 800 or 0 CTG repeats in the 3' UTR of luciferase were used. Cells were then treated with compound and monitored for luciferase activity.,"Compared to parent compound, 2H4. Enhancement of Luciferase activity is relative to untreated cells. ",,DM1 HSALR mouse model (Serca1),21.5% Serca1 exon 21 inclusion (increased from ~11.8%),Intraperitoneal; 100 mg/kg once a day for 7 days,RNA Splicing,RT-PCR,-,Compared to wild-type,,,,,,,
R-BIND (LM) 0014,R-BIND (MV) 0019,C[C@@H](N(C)C(=O)[C@@H](C)N(C)C(=O)[C@@H](C)N(C)C(=O)[C@@H](C)N(C)C(=O)CCCOC1=CC=CC(=C1)C1=NC2=CC(=CC=C2N1)C1=NC2=CC(=CC=C2N1)N1CC[NH+](C)CC1)C(=O)N[C@H](CCCCNC(=O)CCCOC1=CC=CC(=C1)C1=NC2=CC(=CC=C2N1)C1=NC2=CC(=CC=C2N1)N1CC[NH+](C)CC1)C(N)=O,2H-K4NMe,10.1021/cb400265y,,r(CUG)12,Koff (1) = 2.43x10^-3 s-1; Koff (2) = 5.00x10^-2; Kon (1) = 2.61 x 10^5 M-s-1; Kon (2) = 1.87 x 10^3 M-s-1; Kobs (1) = 1.31 x 10^-08 M,Ligand = NR; RNA = 540 nM,1 X Kinetics Buffer (ForteBio),Binding,Surface Plasmon Resonance,Binding model two fits one analyte in solution binding to one binding site on the surface. Binding model one fits the binding of one analyte in solution to two different binding sites on the surface.,Compared to MBNL binding,C,C2C12 Cells,Compound is cell-permeable,"Ligand = 1, 10 µM",Cell Uptake,Flow Cytometry,-,"Compared to parent compound, 2H4. Hoechst 33258 used as positive control for gating. ",C,DM1 HSALR mouse model,No change in ITGB1 alternative splicing,Intraperitoneal; 100 mg/kg once a day for 7 days,RNA Splicing,RT-PCR,Not regulated by MBNL1,Compared to wild-type,,,,,,,
R-BIND (LM) 0014,R-BIND (MV) 0019,C[C@@H](N(C)C(=O)[C@@H](C)N(C)C(=O)[C@@H](C)N(C)C(=O)[C@@H](C)N(C)C(=O)CCCOC1=CC=CC(=C1)C1=NC2=CC(=CC=C2N1)C1=NC2=CC(=CC=C2N1)N1CC[NH+](C)CC1)C(=O)N[C@H](CCCCNC(=O)CCCOC1=CC=CC(=C1)C1=NC2=CC(=CC=C2N1)C1=NC2=CC(=CC=C2N1)N1CC[NH+](C)CC1)C(N)=O,2H-K4NMe,10.1021/cb400265y,C,r(CAG)12,Koff (1) = 6.95 x 10^-2 s-1; Koff (2) = 8.47 x 10^-2; Kon (1) = 8.38 x 10^4 M-s-1; Kon (2) = 1.63 x 10^3 M-s-1; Kobs (1) = 8.29 x 10^-7 M,Ligand = NR; RNA = 540 nM,1 X Kinetics Buffer (ForteBio),Off-Target Effect,Surface Plasmon Resonance,Binding model two fits one analyte in solution binding to one binding site on the surface. Binding model one fits the binding of one analyte in solution to two different binding sites on the surface.,Compared to MBNL binding,C,C2C12 Cells,No effect on toxicity,"Ligand = 1, 10 µM",Cytotoxicity,Flow Cytometry,-,"Compared to parent compound, 2H4. Hoechst 33258 used as positive control for gating. ",C,DM1 HSALR mouse model,No change in CAPzb alternative splicing,Intraperitoneal; 100 mg/kg once a day for 7 days,RNA Splicing,RT-PCR,Not regulated by MBNL1,Compared to wild-type,,,,,,,
R-BIND (LM) 0014,R-BIND (MV) 0019,C[C@@H](N(C)C(=O)[C@@H](C)N(C)C(=O)[C@@H](C)N(C)C(=O)[C@@H](C)N(C)C(=O)CCCOC1=CC=CC(=C1)C1=NC2=CC(=CC=C2N1)C1=NC2=CC(=CC=C2N1)N1CC[NH+](C)CC1)C(=O)N[C@H](CCCCNC(=O)CCCOC1=CC=CC(=C1)C1=NC2=CC(=CC=C2N1)C1=NC2=CC(=CC=C2N1)N1CC[NH+](C)CC1)C(N)=O,2H-K4NMe,10.1021/cb400265y,C,r(AU)12,Koff (1) = 1.65 x 10^-2 s-1; Koff (2) = 3.59 x 10^-1; Kon (1) = 4.14 x 10^4 M-s-1; Kon (2) = 1.98 x 10^4 M-s-1; Kobs (1) = 4.00 x 10^-7 M,Ligand = NR; RNA = 540 nM,1 X Kinetics Buffer (ForteBio),Off-Target Effect,Surface Plasmon Resonance,Binding model two fits one analyte in solution binding to one binding site on the surface. Binding model one fits the binding of one analyte in solution to two different binding sites on the surface.,Compared to MBNL binding,C,C2C12 Cells,No effect on PLEKHH2 splicing,Ligand = 10 µM,RNA Splicing,RT-PCR,-,Compared to untreated cells and parent compound,,,,,,,,,,,,,,,
R-BIND (LM) 0014,R-BIND (MV) 0019,C[C@@H](N(C)C(=O)[C@@H](C)N(C)C(=O)[C@@H](C)N(C)C(=O)[C@@H](C)N(C)C(=O)CCCOC1=CC=CC(=C1)C1=NC2=CC(=CC=C2N1)C1=NC2=CC(=CC=C2N1)N1CC[NH+](C)CC1)C(=O)N[C@H](CCCCNC(=O)CCCOC1=CC=CC(=C1)C1=NC2=CC(=CC=C2N1)C1=NC2=CC(=CC=C2N1)N1CC[NH+](C)CC1)C(N)=O,2H-K4NMe,10.1021/cb400265y,C,r(CG)8,Koff (1) = 8.22 x 10^-2 s-1; Koff (2) = 1.05 x 10^-1; Kon (1) = 5.84 x 10^4 M-s-1; Kon (2) = 2.48 x 10^4 M-s-1; Kobs (1) = 1.40 x 10^-6 M,Ligand = NR; RNA = 540 nM,1 X Kinetics Buffer (ForteBio),Off-Target Effect,Surface Plasmon Resonance,Binding model two fits one analyte in solution binding to one binding site on the surface. Binding model one fits the binding of one analyte in solution to two different binding sites on the surface.,Compared to MBNL binding,,,,,,,,,,,,,,,,,,,,,,,
R-BIND (LM) 0014,R-BIND (MV) 0019,C[C@@H](N(C)C(=O)[C@@H](C)N(C)C(=O)[C@@H](C)N(C)C(=O)[C@@H](C)N(C)C(=O)CCCOC1=CC=CC(=C1)C1=NC2=CC(=CC=C2N1)C1=NC2=CC(=CC=C2N1)N1CC[NH+](C)CC1)C(=O)N[C@H](CCCCNC(=O)CCCOC1=CC=CC(=C1)C1=NC2=CC(=CC=C2N1)C1=NC2=CC(=CC=C2N1)N1CC[NH+](C)CC1)C(N)=O,2H-K4NMe,10.1021/cb400265y,,Total RNA,r(CUG)exp is highly enriched in pulldown fraction,Ligand = 50 nmoles,-,On-Target Effect,Northern Blot,"Total RNA from a DM1 model cellular system was applied to the affinity matrix with streptavidin displaying biotinylated ligand. The resin was washed to remove unbound biomolecules, and the cellular targets were harvested and separated by gel electrophoresis.",Compared to 5'-biotin-d(CAG)exp,,,,,,,,,,,,,,,,,,,,,,,
R-BIND (LM) 0015,R-BIND (MV) 0020,C[C@H](N(C)C(=O)[C@H](C)N(C)C(=O)[C@H](C)N(C)C(=O)[C@H](C)N(C)C(=O)CCCOC1=CC=CC(=C1)C1=NC2=CC(=CC=C2N1)C1=NC2=CC(=CC=C2N1)N1CC[NH+](C)CC1)C(=O)N(CCCCN(C)C(=O)CCCOC1=CC=CC(=C1)C1=NC2=CC(=CC=C2N1)C1=NC2=CC(=CC=C2N1)N1CC[NH+](C)CC1)CC(N)=O,2H-K4NMeS,10.1038/nchembio.2251,,r(CUG)12-MBNL1 complex,IC50 = ~ 1-2 µM,Ligand = NR; RNA = 80 nM; Protein = 60 nM,"20 mM HEPES (pH = 7.5), 110 mM KCl, 110 mM NaCl, 0.1% (w/v) BSA, 2 mM MgCl2, 2 mM CaCl2, 0.05% (v/v) Tween-20, and 5 mM DTT",Protein Displacement,TR-FRET,The compounds were incubated with the RNA for 4 h at room temperature followed by addition of the protein.,-,,DM1-patient derived cells (GM03987),Improved MBNL1 exon 5 pre-mRNA splicing defect,"Ligand = 1, 10, 100 nM",RNA Splicing,Northern Blot and RT-PCR,-,"Compared to no compound, Non-DM1 cells, and to morpholino oligonucleotide",,,,,,,,,,,,,,,
R-BIND (LM) 0015,R-BIND (MV) 0020,C[C@H](N(C)C(=O)[C@H](C)N(C)C(=O)[C@H](C)N(C)C(=O)[C@H](C)N(C)C(=O)CCCOC1=CC=CC(=C1)C1=NC2=CC(=CC=C2N1)C1=NC2=CC(=CC=C2N1)N1CC[NH+](C)CC1)C(=O)N(CCCCN(C)C(=O)CCCOC1=CC=CC(=C1)C1=NC2=CC(=CC=C2N1)C1=NC2=CC(=CC=C2N1)N1CC[NH+](C)CC1)CC(N)=O,2H-K4NMeS,10.1038/nchembio.2251,,r(CUG)12,Kd = 13.2 ± 1.1 x 10^-9 M; Hill coefficient = 1.5 ± 0.2; ~3 ligands/RNA,Ligand = 4 µM,"8 mM Na2HPO4 (pH = 7.0), 185 mM NaCl, and 1 mM EDTA",Binding,Fluorescence-Based Titration (Intrinsic),-,-,,DM1-patient derived cells (GM03987),Improved splicing of CAMK2G exon 14,"Ligand = 1, 10, 100 nM",RNA Splicing,Northern Blot and RT-PCR,MBNL1-controlled gene,"Compared to no compound, Non-DM1 cells, and to morpholino oligonucleotide",,,,,,,,,,,,,,,
R-BIND (LM) 0015,R-BIND (MV) 0020,C[C@H](N(C)C(=O)[C@H](C)N(C)C(=O)[C@H](C)N(C)C(=O)[C@H](C)N(C)C(=O)CCCOC1=CC=CC(=C1)C1=NC2=CC(=CC=C2N1)C1=NC2=CC(=CC=C2N1)N1CC[NH+](C)CC1)C(=O)N(CCCCN(C)C(=O)CCCOC1=CC=CC(=C1)C1=NC2=CC(=CC=C2N1)C1=NC2=CC(=CC=C2N1)N1CC[NH+](C)CC1)CC(N)=O,2H-K4NMeS,10.1038/nchembio.2251,,r(CUG)109,Kd = 12.4 ± 1.4 x 10^-9 M; Hill coefficient = 1.03 ± 0.10; ~23 ligands/RNA,Ligand = 4 µM,"9 mM Na2HPO4 (pH = 7.0), 185 mM NaCl, and 1 mM EDTA",Binding,Fluorescence-Based Titration (Intrinsic),-,-,,DM1-patient derived cells (GM03987),Improved splicing of NCOR2 exon 45a,"Ligand = 1, 10, 100 nM",RNA Splicing,Northern Blot and RT-PCR,MBNL1-controlled gene,"Compared to no compound, Non-DM1 cells, and to morpholino oligonucleotide",,,,,,,,,,,,,,,
R-BIND (LM) 0015,R-BIND (MV) 0020,C[C@H](N(C)C(=O)[C@H](C)N(C)C(=O)[C@H](C)N(C)C(=O)[C@H](C)N(C)C(=O)CCCOC1=CC=CC(=C1)C1=NC2=CC(=CC=C2N1)C1=NC2=CC(=CC=C2N1)N1CC[NH+](C)CC1)C(=O)N(CCCCN(C)C(=O)CCCOC1=CC=CC(=C1)C1=NC2=CC(=CC=C2N1)C1=NC2=CC(=CC=C2N1)N1CC[NH+](C)CC1)CC(N)=O,2H-K4NMeS,10.1038/nchembio.2251,C,r(GC20),No saturable binding observed,Ligand = 4 µM,"10 mM Na2HPO4 (pH = 7.0), 185 mM NaCl, and 1 mM EDTA",Off-Target Effect,Fluorescence-Based Titration (Intrinsic),-,-,,DM1-patient derived cells (GM03987),Modest effect on NFIX exon 7,"Ligand = 1, 10, 100 nM",RNA Splicing,Northern Blot and RT-PCR,MBNL1-controlled gene,"Compared to no compound, Non-DM1 cells, and to morpholino oligonucleotide",,,,,,,,,,,,,,,
R-BIND (LM) 0015,R-BIND (MV) 0020,C[C@H](N(C)C(=O)[C@H](C)N(C)C(=O)[C@H](C)N(C)C(=O)[C@H](C)N(C)C(=O)CCCOC1=CC=CC(=C1)C1=NC2=CC(=CC=C2N1)C1=NC2=CC(=CC=C2N1)N1CC[NH+](C)CC1)C(=O)N(CCCCN(C)C(=O)CCCOC1=CC=CC(=C1)C1=NC2=CC(=CC=C2N1)C1=NC2=CC(=CC=C2N1)N1CC[NH+](C)CC1)CC(N)=O,2H-K4NMeS,10.1038/nchembio.2251,C,tRNA,No saturable binding observed,Ligand = 4 µM,"11 mM Na2HPO4 (pH = 7.0), 185 mM NaCl, and 1 mM EDTA",Off-Target Effect,Fluorescence-Based Titration (Intrinsic),-,-,C,DM1-patient derived cells (GM03987),No effect on Exon 22a inclusion in MAP4K4,"Ligand = 1, 10, 100 nM",RNA Splicing,Northern Blot and RT-PCR,Not MBNL1-controlled,-,,,,,,,,,,,,,,,
R-BIND (LM) 0015,R-BIND (MV) 0020,C[C@H](N(C)C(=O)[C@H](C)N(C)C(=O)[C@H](C)N(C)C(=O)[C@H](C)N(C)C(=O)CCCOC1=CC=CC(=C1)C1=NC2=CC(=CC=C2N1)C1=NC2=CC(=CC=C2N1)N1CC[NH+](C)CC1)C(=O)N(CCCCN(C)C(=O)CCCOC1=CC=CC(=C1)C1=NC2=CC(=CC=C2N1)C1=NC2=CC(=CC=C2N1)N1CC[NH+](C)CC1)CC(N)=O,2H-K4NMeS,10.1038/nchembio.2251,C,cTNT,No saturable binding observed,Ligand = 4 µM,"12 mM Na2HPO4 (pH = 7.0), 185 mM NaCl, and 1 mM EDTA",Off-Target Effect,Fluorescence-Based Titration (Intrinsic),-,-,,DM1-patient derived cells (GM03987),Reduced the number of nuclear foci by ~50% ,Ligand = 1 µM,Nuclear Foci Dispersion,Fluorescence In Situ Hybridization,Cells were treated with the compound of interest for 48 h in growth medium. Immunostaining of MBNL1 was done.,Compared to no compound,,,,,,,,,,,,,,,
R-BIND (LM) 0015,R-BIND (MV) 0020,C[C@H](N(C)C(=O)[C@H](C)N(C)C(=O)[C@H](C)N(C)C(=O)[C@H](C)N(C)C(=O)CCCOC1=CC=CC(=C1)C1=NC2=CC(=CC=C2N1)C1=NC2=CC(=CC=C2N1)N1CC[NH+](C)CC1)C(=O)N(CCCCN(C)C(=O)CCCOC1=CC=CC(=C1)C1=NC2=CC(=CC=C2N1)C1=NC2=CC(=CC=C2N1)N1CC[NH+](C)CC1)CC(N)=O,2H-K4NMeS,10.1038/nchembio.2251,C,AT-rich DNA hairpin,No saturable binding observed,Ligand = 4 µM,"13 mM Na2HPO4 (pH = 7.0), 185 mM NaCl, and 1 mM EDTA",Off-Target Effect,Fluorescence-Based Titration (Intrinsic),-,-,,C2C12 Cells ,Increased luciferase activity,-,Localization,Reporter,"Embedded r(CUG)800 in the 3? UTR of the firefly luciferase gene. The presence of r(CUG)800prevents trafficking of luciferase mRNA to the cytoplasm and reduces its translation, as measured by enzymatic activity.",Compared to no compound,,,,,,,,,,,,,,,
R-BIND (LM) 0015,R-BIND (MV) 0020,C[C@H](N(C)C(=O)[C@H](C)N(C)C(=O)[C@H](C)N(C)C(=O)[C@H](C)N(C)C(=O)CCCOC1=CC=CC(=C1)C1=NC2=CC(=CC=C2N1)C1=NC2=CC(=CC=C2N1)N1CC[NH+](C)CC1)C(=O)N(CCCCN(C)C(=O)CCCOC1=CC=CC(=C1)C1=NC2=CC(=CC=C2N1)C1=NC2=CC(=CC=C2N1)N1CC[NH+](C)CC1)CC(N)=O,2H-K4NMeS,10.1038/nchembio.2251,,,,,,,,,,C,C2C12 Cells ,No effect on luciferase mRNA levels,-,Translational Activity,qPCR,-,Compared to no compound,,,,,,,,,,,,,,,
R-BIND (LM) 0015,R-BIND (MV) 0020,C[C@H](N(C)C(=O)[C@H](C)N(C)C(=O)[C@H](C)N(C)C(=O)[C@H](C)N(C)C(=O)CCCOC1=CC=CC(=C1)C1=NC2=CC(=CC=C2N1)C1=NC2=CC(=CC=C2N1)N1CC[NH+](C)CC1)C(=O)N(CCCCN(C)C(=O)CCCOC1=CC=CC(=C1)C1=NC2=CC(=CC=C2N1)C1=NC2=CC(=CC=C2N1)N1CC[NH+](C)CC1)CC(N)=O,2H-K4NMeS,10.1038/nchembio.2251,,,,,,,,,,,DM1-patient derived cells (GM03987),"~13,000-fold enrichment of DMPK mRNA",Ligand = 100 nM,On-Target Effect,Chem-CLIP,Ligand is appended with a nucleic acid reactive module that allows small molecules to be conjugated to their cellular RNA targets and a biotin module that allows for isolation of biotinylated products,"Tested appended ligand for binding to target in vitro, had controls in which the RNA-binding modules are removed for experiment. No enrichment in non-DM1-affected cells",,,,,,,,,,,,,,,
R-BIND (LM) 0015,R-BIND (MV) 0020,C[C@H](N(C)C(=O)[C@H](C)N(C)C(=O)[C@H](C)N(C)C(=O)[C@H](C)N(C)C(=O)CCCOC1=CC=CC(=C1)C1=NC2=CC(=CC=C2N1)C1=NC2=CC(=CC=C2N1)N1CC[NH+](C)CC1)C(=O)N(CCCCN(C)C(=O)CCCOC1=CC=CC(=C1)C1=NC2=CC(=CC=C2N1)C1=NC2=CC(=CC=C2N1)N1CC[NH+](C)CC1)CC(N)=O,2H-K4NMeS,10.1038/nchembio.2251,,,,,,,,,,,DM1-patient derived cells (GM03987),Effectively competed with appended ligand for binding to DMPK mRNAl Ki = 2.9 nM,"Ligand = 100 nM; Competitor = 1, 10, 100, 1000, 10000 nM",On-Target Effect,Competitive Chem-CLIP,Cells are cotreated with the Chem-CLIP probe and the unreactive parent compound; targets that are bound selectively by the parent compound are depleted by the pull-down; accounts for no-selective effects due to cross-linking and purification modules,-,,,,,,,,,,,,,,,
R-BIND (LM) 0015,R-BIND (MV) 0020,C[C@H](N(C)C(=O)[C@H](C)N(C)C(=O)[C@H](C)N(C)C(=O)[C@H](C)N(C)C(=O)CCCOC1=CC=CC(=C1)C1=NC2=CC(=CC=C2N1)C1=NC2=CC(=CC=C2N1)N1CC[NH+](C)CC1)C(=O)N(CCCCN(C)C(=O)CCCOC1=CC=CC(=C1)C1=NC2=CC(=CC=C2N1)C1=NC2=CC(=CC=C2N1)N1CC[NH+](C)CC1)CC(N)=O,2H-K4NMeS,10.1038/nchembio.2251,,,,,,,,,,,DM1-patient derived cells (GM03987),Enrichment only observed for fragments containing r(CUG)exp,Ligand = 100 nM,On-Target Effect,Chem-CLIP,"Total RNA isolated from DM1-patient-derived cells treated with was annealed with antisense oligonucleotides targeting specific portions of DMPK mRNA. After cleavage with RNase H, the mRNA was digested into fragments with and without r(CUG)exp. Regions of DMPK mRNA bound by the compound were captured and quantified by reverse transcription-quantitative polymerase chain reaction (RT-qPCR) using specific primers for each fragment of the mRNA.",-,,,,,,,,,,,,,,,
R-BIND (LM) 0015,R-BIND (MV) 0020,C[C@H](N(C)C(=O)[C@H](C)N(C)C(=O)[C@H](C)N(C)C(=O)[C@H](C)N(C)C(=O)CCCOC1=CC=CC(=C1)C1=NC2=CC(=CC=C2N1)C1=NC2=CC(=CC=C2N1)N1CC[NH+](C)CC1)C(=O)N(CCCCN(C)C(=O)CCCOC1=CC=CC(=C1)C1=NC2=CC(=CC=C2N1)C1=NC2=CC(=CC=C2N1)N1CC[NH+](C)CC1)CC(N)=O,2H-K4NMeS,10.1038/nchembio.2251,,,,,,,,,,C,DM1-patient derived cells (GM03987),No RNAs were enriched within two orders of magnitude of the enrichment observed with DMPK,Ligand = 100 nM,On-Target Effect,RT-qPCR,-,Compared to no compound. Allele-selective RT-qPCR revealed significant enrichment in the mutant expanded DMPK allele .,,,,,,,,,,,,,,,
R-BIND (LM) 0015,R-BIND (MV) 0020,C[C@H](N(C)C(=O)[C@H](C)N(C)C(=O)[C@H](C)N(C)C(=O)[C@H](C)N(C)C(=O)CCCOC1=CC=CC(=C1)C1=NC2=CC(=CC=C2N1)C1=NC2=CC(=CC=C2N1)N1CC[NH+](C)CC1)C(=O)N(CCCCN(C)C(=O)CCCOC1=CC=CC(=C1)C1=NC2=CC(=CC=C2N1)C1=NC2=CC(=CC=C2N1)N1CC[NH+](C)CC1)CC(N)=O,2H-K4NMeS,10.1038/nchembio.2251,,,,,,,,,,,DM1-patient derived cells (GM03987),Even distribution in nucleus and cytoplasm,NR,Localization,Confocal Microscopy,Cells were treated for 48 h,Compared to nuclear and cytoplasmic markers,,,,,,,,,,,,,,,
R-BIND (LM) 0015,R-BIND (MV) 0020,C[C@H](N(C)C(=O)[C@H](C)N(C)C(=O)[C@H](C)N(C)C(=O)[C@H](C)N(C)C(=O)CCCOC1=CC=CC(=C1)C1=NC2=CC(=CC=C2N1)C1=NC2=CC(=CC=C2N1)N1CC[NH+](C)CC1)C(=O)N(CCCCN(C)C(=O)CCCOC1=CC=CC(=C1)C1=NC2=CC(=CC=C2N1)C1=NC2=CC(=CC=C2N1)N1CC[NH+](C)CC1)CC(N)=O,2H-K4NMeS,10.1038/nchembio.2251,,,,,,,,,,,DM1-patient derived cells (GM03987),Compound is stable,Ligand = 5 µM,Ligand stability,MALDI TOF/TOF,Cells were treated for 48 h,Compared to parent compound,,,,,,,,,,,,,,,
R-BIND (LM) 0016,R-BIND (MV) 0021,CCCN([C@H](C)C(=O)N(CCC)[C@H](C)C(=O)N(CCC)[C@H](C)C(=O)N(CCC)[C@H](C)C(=O)N[C@H](CCCCNC(=O)CCCOC1=CC=CC(=C1)C1=NC2=CC(=CC=C2N1)C1=NC2=CC(=CC=C2N1)N1CC[NH+](C)CC1)C(N)=O)C(=O)CCCOC1=CC=CC(=C1)C1=NC2=CC(=CC=C2N1)C1=NC2=CC(=CC=C2N1)N1CC[NH+](C)CC1,2H-K4NPr,10.1021/cb400265y,,r(CUG)12-MBNL1 complex,IC50 = ~ 30 µM,NR,"20 mM HEPES (pH = 7.5), 110 mM KCl, 110 mM NaCl, 0.1% (w/v) BSA, 2 mM MgCl2, 2 mM CaCl2, 0.05% (v/v) Tween-20, and 5 mM DTT",Protein Displacement,TR-FRET,-,Corrected for background noise,,HeLa Cells (DM1),~10% improvement in cTNT Exon 5 inclusion,Ligand = 10 µM,RNA Splicing,RT-PCR,"Cells were treated post-transfection in growth medium. In the absence of r(CUG)exp, the exon 5 inclusion rate is ?45%, whereas in the presence of r(CUG) exp, the exon 5 inclusion rate is ?85% ","Compared to untreated cells, and cells lacking r(CUG)exp",,,,,,,,,,,,,,,
R-BIND (LM) 0016,R-BIND (MV) 0021,CCCN([C@H](C)C(=O)N(CCC)[C@H](C)C(=O)N(CCC)[C@H](C)C(=O)N(CCC)[C@H](C)C(=O)N[C@H](CCCCNC(=O)CCCOC1=CC=CC(=C1)C1=NC2=CC(=CC=C2N1)C1=NC2=CC(=CC=C2N1)N1CC[NH+](C)CC1)C(N)=O)C(=O)CCCOC1=CC=CC(=C1)C1=NC2=CC(=CC=C2N1)C1=NC2=CC(=CC=C2N1)N1CC[NH+](C)CC1,2H-K4NPr,10.1021/cb400265y,C,Pronase,Intermediate pronase stability at pH = 7.8 and pH = 9.0,Ligand = 400 µM; Protein = 1 U,50 mM Tris-HCl (pH = 7.8 or 9.0) and 10 mM CaCl2,Activity,Pronase Activity,Incubated for 18 h. Products were analyzed by HPLC,-,,C2C12 Cells,~150% enhancement of luciferase activity,Ligand = 10 µM,Translational Activity,Reporter,Cells expressing 800 or 0 CTG repeats in the 3' UTR of luciferase were used. Cells were then treated with compound and monitored for luciferase activity.,"Compared to parent compound, 2H4. Enhancement of Luciferase activity is relative to untreated cells. ",,,,,,,,,,,,,,,
R-BIND (LM) 0016,R-BIND (MV) 0021,CCCN([C@H](C)C(=O)N(CCC)[C@H](C)C(=O)N(CCC)[C@H](C)C(=O)N(CCC)[C@H](C)C(=O)N[C@H](CCCCNC(=O)CCCOC1=CC=CC(=C1)C1=NC2=CC(=CC=C2N1)C1=NC2=CC(=CC=C2N1)N1CC[NH+](C)CC1)C(N)=O)C(=O)CCCOC1=CC=CC(=C1)C1=NC2=CC(=CC=C2N1)C1=NC2=CC(=CC=C2N1)N1CC[NH+](C)CC1,2H-K4NPr,10.1021/cb400265y,,,,,,,,,,C,C2C12 Cells,Compound is cell-permeable,"Ligand = 1, 10 µM",Cell Uptake,Flow Cytometry,-,"Compared to parent compound, 2H4. Hoechst 33258 used as positive control for gating. ",,,,,,,,,,,,,,,
R-BIND (LM) 0016,R-BIND (MV) 0021,CCCN([C@H](C)C(=O)N(CCC)[C@H](C)C(=O)N(CCC)[C@H](C)C(=O)N(CCC)[C@H](C)C(=O)N[C@H](CCCCNC(=O)CCCOC1=CC=CC(=C1)C1=NC2=CC(=CC=C2N1)C1=NC2=CC(=CC=C2N1)N1CC[NH+](C)CC1)C(N)=O)C(=O)CCCOC1=CC=CC(=C1)C1=NC2=CC(=CC=C2N1)C1=NC2=CC(=CC=C2N1)N1CC[NH+](C)CC1,2H-K4NPr,10.1021/cb400265y,,,,,,,,,,C,C2C12 Cells ,No effect on toxicity,"Ligand = 1, 10 µM",Cytotoxicity,Flow Cytometry,-,"Compared to parent compound, 2H4. Hoechst 33258 used as positive control for gating. ",,,,,,,,,,,,,,,
R-BIND (LM) 0017,R-BIND (MV) 0025,NC1=NC(NCCCCNC2=C3C=CC=C(C(=O)NCCC[NH2+]CCC[NH2+]CCCNC(=O)C4=C5[NH+]=C6C=CC=CC6=C(NCCCCNC6=NC(N)=[NH+]C(N)=N6)C5=CC=C4)C3=[NH+]C3=CC=CC=C23)=[NH+]C(N)=N1,Acridine 9,10.1021/jm400794z,,r(CUG)12,?Tm = 9.3 ± 0.6 ºC,Ligand = 3.3 µM; RNA = 3.3 µM,PBS buffer (pH = 7.4) and 0.05% Tween-20,Binding,Optical Melting,-,-,,HeLa Cells (DM1),Compound is cell-permeable,Ligand = 35 µM,Cell Uptake,Confocal Microscopy,Monitored through inherent fluorescence of the acridine unit,"Spermine was used as negative control, compared to healthy (normal) cells.",,,,,,,,,,,,,,,
R-BIND (LM) 0017,R-BIND (MV) 0025,NC1=NC(NCCCCNC2=C3C=CC=C(C(=O)NCCC[NH2+]CCC[NH2+]CCCNC(=O)C4=C5[NH+]=C6C=CC=CC6=C(NCCCCNC6=NC(N)=[NH+]C(N)=N6)C5=CC=C4)C3=[NH+]C3=CC=CC=C23)=[NH+]C(N)=N1,Acridine 9,10.1021/jm400794z,,r(CUG)6,Kd = 0.32 ± 0.02 µM,NR,NR,Binding,Fluorescence-Based Titration (Intrinsic),TAMRA-labelled RNA was incubated with various ligand concentrations,-,,HeLa Cells (DM1),"~10% cells containing nuclear foci at lowest concentration, complete dispersion at highest concentration","Ligand = 20, 35, 50 µM",Nuclear Foci Dispersion,Confocal Microscopy,"Transfected with GFP-DT0 or GFP-DT960 containing 0 or 960 CTG repeats, respectively, in exon 15 of a truncated DMPKgene. RNA was labeled with a Cy3 FISH probe. TOPRO-3 was used to stain the nucleus.","GFP-DT0 control; Spermine was used as a negative control, compared to normal HeLa Cells",,,,,,,,,,,,,,,
R-BIND (LM) 0017,R-BIND (MV) 0025,NC1=NC(NCCCCNC2=C3C=CC=C(C(=O)NCCC[NH2+]CCC[NH2+]CCCNC(=O)C4=C5[NH+]=C6C=CC=CC6=C(NCCCCNC6=NC(N)=[NH+]C(N)=N6)C5=CC=C4)C3=[NH+]C3=CC=CC=C23)=[NH+]C(N)=N1,Acridine 9,10.1021/jm400794z,,r(CUG)12-MBNL1 complex,IC50 = 1.1 ± 0.1 µM; Bivalent effect = 133,NR,PBS buffer (pH = 7.4) and 0.05% Tween-20,Protein Displacement,Surface Plasmon Resonance,-,Slight amount of tRNA present ,,HeLa Cells (DM1),Most foci dispersed over a 10 h period,Ligand = 50 µM,Nuclear Foci Dispersion,Confocal Microscopy,"Utilized inherent fluorescence of the acridine unit, and observed GFP-MBNL1 foci",Negative control done without compound incubation but imaging at same timepoints,,,,,,,,,,,,,,,
R-BIND (LM) 0017,R-BIND (MV) 0025,NC1=NC(NCCCCNC2=C3C=CC=C(C(=O)NCCC[NH2+]CCC[NH2+]CCCNC(=O)C4=C5[NH+]=C6C=CC=CC6=C(NCCCCNC6=NC(N)=[NH+]C(N)=N6)C5=CC=C4)C3=[NH+]C3=CC=CC=C23)=[NH+]C(N)=N1,Acridine 9,10.1021/jm400794z,,,,,,,,,,,HeLa Cells (DM1),Less than 20 % cell death at highest concentration tested,Ligand = 1 - 75 µM,Cytotoxicity,Sulforhodamine B,-,-,,,,,,,,,,,,,,,
R-BIND (LM) 0018,R-BIND (MV) 0027,NC1=NC(N)=[NH+]C(NCCCCNC(=[NH2+])C2=CC=C(C=C2)C(=[NH2+])NCCCCNC2=NC(NCC3=CN(CCCNC4=[NH+]C(N)=[NH+]C(NCCCCNC(=[NH2+])C5=CC=C(C=C5)C(=[NH2+])NCCCCNC5=NC(N)=[NH+]C(N)=N5)=N4)N=N3)=NC(N)=[NH+]2)=N1,Bisamidinium 2a,10.1002/cmdc.201600081,,r(CUG)16-MBNL1 complex,IC50 = 290 ± 20 nM; Ki = 25 ± 8 nM,Ligand = 0.012 - 5 µM; RNA = 0.22 nM; Protein = 0.1 µM,"20 mM Tris-HCl (pH = 8.0), 175 mM NaCl, 5 mM MgCl2, 1.25 mM 2-mercapto-ethanol (BME), 12.5% glycerol, 2mg/mL bovine serum albumin (BSA), 0.1 mg/mL heparin, and 0.05% or 0.1% Triton X",Protein Displacement,Electrophoretic Mobility Shift Assay,"Truncated MBNL1 and a hexahistidine tag was used, along with a radiolabeled-(CUG)16",-,,HeLa Cells (DM1),Decreased nuclear foci to ~72% of the original number at 1 uM; ~36% at 10 uM; dose-dependent effect was not observed at all concentrations,"Ligand = 1, 10, 100 µM",Nuclear Foci Dispersion,Fluorescence In Situ Hybridization,"The endogenous MBNL1 was visualized by Alexa Fluor 647 dye-labeled antibody , while r(CUG)960 was detected by a complementary sequence (CAG)10 conjugated with a Cy3 dye.",Compared to untreated cells,,C57BL/6 female mice,MTD = 3 mg/kg,"Intraperitoneal; 5, 10, 20, 50, or 100 mg/kg single dose",Toxicity,Mortality,Ligand formulated in sterile water,-,,,,,,,
R-BIND (LM) 0018,R-BIND (MV) 0027,NC1=NC(N)=[NH+]C(NCCCCNC(=[NH2+])C2=CC=C(C=C2)C(=[NH2+])NCCCCNC2=NC(NCC3=CN(CCCNC4=[NH+]C(N)=[NH+]C(NCCCCNC(=[NH2+])C5=CC=C(C=C5)C(=[NH2+])NCCCCNC5=NC(N)=[NH+]C(N)=N5)=N4)N=N3)=NC(N)=[NH+]2)=N1,Bisamidinium 2a,10.1002/cmdc.201600081,,r(CUG)16,Change in heat released; Possible positive cooperativity,Ligand = 500 µM; RNA = 10 µM,20 mM MOPS (pH = 7.0) and 300 mM NaCl,Binding,Isothermal Titration Calorimetry,Could not obtain a curve fit in software used.,-,,HeLa Cells (DM1),"Negligible at lower concentrations, ~10% at 100 µM",Ligand = 1 - 100 µM,Cytotoxicity,Sulforhodamine B,-,-,,Drosophila [UAS-(CTG)480],Partial reversal of degenerative phenotype at 50 uM,"Oral; 20, 50, 100, 200, or 400 µM ",Rough Eye Phenotype,Light Microscopy and SEM,"Tissue-specific expression of the interrupted 480 CTG repeats, i(CTG)480, in flies using the gmrGAL4 driver induces glossy and rough eye phenotypes with reduced eye size, which reflects severe morphological disturbance of the adult eye architecture.","SEM images taken to compare rough eye phenotype compared to untreated flies. Also treated flies with interrupted r(CUG)60, which did not exhibit a severe morphological phenotype. No effects were observed.",,,,,,,
R-BIND (LM) 0018,R-BIND (MV) 0027,NC1=NC(N)=[NH+]C(NCCCCNC(=[NH2+])C2=CC=C(C=C2)C(=[NH2+])NCCCCNC2=NC(NCC3=CN(CCCNC4=[NH+]C(N)=[NH+]C(NCCCCNC(=[NH2+])C5=CC=C(C=C5)C(=[NH2+])NCCCCNC5=NC(N)=[NH+]C(N)=N5)=N4)N=N3)=NC(N)=[NH+]2)=N1,Bisamidinium 2a,10.1002/cmdc.201600081,,,,,,,,,,,HeLa Cells (DM1),Dose-dependent reversal of IR splicing. 100 uM of compound fully recovered the IR defect.,Ligand = 1 - 100 µM,RNA Splicing,RT-PCR,Used DM1 model cells with an IRmini-gene.,"Compared to normal HeLa Cells, untreated cells",C,Drosophila [UAS-(CTG)480],No effect on phenotype,"Oral; 20, 50, 100, 200, or 400 µM ",Rough Eye Phenotype,Light Microscopy and SEM,-,-,,,,,,,
R-BIND (LM) 0018,R-BIND (MV) 0027,NC1=NC(N)=[NH+]C(NCCCCNC(=[NH2+])C2=CC=C(C=C2)C(=[NH2+])NCCCCNC2=NC(NCC3=CN(CCCNC4=[NH+]C(N)=[NH+]C(NCCCCNC(=[NH2+])C5=CC=C(C=C5)C(=[NH2+])NCCCCNC5=NC(N)=[NH+]C(N)=N5)=N4)N=N3)=NC(N)=[NH+]2)=N1,Bisamidinium 2a,10.1002/cmdc.201600081,,,,,,,,,,,,,,,,,,,Drosophila [UAS-(CTG)480],37% improvement in larval crawling activity at 20 uM; Near full recovery at 100 uM.,"Oral; 20, 50, 100, 200, or 400 µM ",Motor Behavior,Locomotor Activity,-,"Compared to untreated larvae and larvae without repeats (""healthy"")",,,,,,,
R-BIND (LM) 0019,R-BIND (MV) 0028,NC1=NC(NCCN(CC[NH3+])CC[NH3+])=NC(NCCCCNC(=[NH2+])C2=CC=C(C=C2)C(=[NH2+])NCCCCNC2=NC(NCCN(CC[NH3+])CC[NH3+])=NC(N)=[NH+]2)=[NH+]1,Bisamidinium 9,10.1021/jacs.5b09266,,r(CUG)16,Large number of bands seen,Ligand = 100 µM; RNA = 100 nM,"Tris (pH = 7.4), 150 mM NaCl, and 2 mM MgCl2",Activity,PAGE,RNA was labeled with TAMRA; Incubated for 6 h,Compared to untreated sample and mix of negative controls,,HeLa Cells (DM1),Inhibited nuclear foci formation; lead to dispersion of MBNL1 protein throughout nucleus,Ligand = 50 µM,Nuclear Foci Dispersion,Confocal Microscopy,"Transfected with GFP-DT0 or GFP-DT960 containing 0 or 960 CTG repeats, respectively, in exon 15 of a truncated DMPKgene. ",GFP-DT0 control,,Drosophila [UAS-(CTG)480],Glossy eye phenotype suppressed at 200 uM; Dose-dependent,"Oral; 200, 400, or 800 µM",Rough Eye Phenotype,Light Microscopy and SEM,"Tissue-specific expression of the interrupted 480 CTG repeats, i(CTG)480, in flies using the gmrGAL4 driver induces glossy and rough eye phenotypes with reduced eye size, which reflects severe morphological disturbance of the adult eye architecture.","SEM images taken to compare rough eye phenotype compared to untreated flies. Also treated flies with interrupted r(CUG)60, which did not exhibit a severe morphological phenotype. No effects were observed.",,,,,,,
R-BIND (LM) 0019,R-BIND (MV) 0028,NC1=NC(NCCN(CC[NH3+])CC[NH3+])=NC(NCCCCNC(=[NH2+])C2=CC=C(C=C2)C(=[NH2+])NCCCCNC2=NC(NCCN(CC[NH3+])CC[NH3+])=NC(N)=[NH+]2)=[NH+]1,Bisamidinium 9,10.1021/jacs.5b09266,,(CTG/CAG)74,Dose-dependent inhibition of transcription up to 100%,"Ligand = 1, 10, 50, 100 µM; DNA = 15 ng","80 mM Tris (pH = 8.3), 10 mM MgCl2, 2 mM spermine, 0.1% Triton-X, and 10 mM NaCl",Activity,Denaturing Gel,"T7 RNA polymerase at 37 ºC, for 2 h",Compared to untreated reaction; Conducted experiments with two separate control plasmids each lacking repeats,,HeLa Cells (DM1),Significant decrease in the level of toxic r(CUG) RNA,Ligand = 50 µM,Transcriptional Inhibition,RT-PCR,"Transfected with GFP-DT0 or GFP-DT960 containing 0 or 960 CTG repeats, respectively, in exon 15 of a truncated DMPKgene. Cells were treated with ligands for 3 d, and total mRNA was isolated and subject to RT-PCR. mRNA levels of exon 15 upstream of CUPexp were measured relative to PABP mRNA.",-,,Drosophila [UAS-(CTG)480],38 - 89% improvement in larval crawling activity,"Oral; 100, 200, or 400 µM",Motor Behavior,Locomotor Activity,-,"Compared to untreated larvae and larvae without repeats (""healthy"")",,,,,,,
R-BIND (LM) 0019,R-BIND (MV) 0028,NC1=NC(NCCN(CC[NH3+])CC[NH3+])=NC(NCCCCNC(=[NH2+])C2=CC=C(C=C2)C(=[NH2+])NCCCCNC2=NC(NCCN(CC[NH3+])CC[NH3+])=NC(N)=[NH+]2)=[NH+]1,Bisamidinium 9,10.1021/jacs.5b09266,C,r(CCUG)8,No effect on cleavage,Ligand = 100 µM; RNA = 100 nM,"Tris (pH = 7.4), 150 mM NaCl, and 2 mM MgCl2",Off-Target Effect,PAGE,RNA was stained with EtBr,-,,HeLa Cells (DM1),77% rescue of IR splicing defect.,Ligand = 100 µM,RNA Splicing,RT-PCR,Co-transfected with IRminigene and (CTG)960.,-,,Drosophila [UAS-(CTG)480],40 - 60% reduction of SV40 mRNA levels,"Oral; 100, 200, or 400 µM",RNA Abundance,RT-PCR,The SV40 mRNA was expressed approximately equally in larvae bearing either i(CUG)60 or i(CUG)480,Compared to untreated flies; normalized to beta actin,,,,,,,
R-BIND (LM) 0019,R-BIND (MV) 0028,NC1=NC(NCCN(CC[NH3+])CC[NH3+])=NC(NCCCCNC(=[NH2+])C2=CC=C(C=C2)C(=[NH2+])NCCCCNC2=NC(NCCN(CC[NH3+])CC[NH3+])=NC(N)=[NH+]2)=[NH+]1,Bisamidinium 9,10.1021/jacs.5b09266,C,HIV-1 FSS RNA,No effect on cleavage,Ligand = 100 µM; RNA = 100 nM,"Tris (pH = 7.4), 150 mM NaCl, and 2 mM MgCl2",Off-Target Effect,PAGE,RNA was stained with EtBr,-,,,,,,,,,,,,,,,,,,,,,,,
R-BIND (LM) 0019,R-BIND (MV) 0028,NC1=NC(NCCN(CC[NH3+])CC[NH3+])=NC(NCCCCNC(=[NH2+])C2=CC=C(C=C2)C(=[NH2+])NCCCCNC2=NC(NCCN(CC[NH3+])CC[NH3+])=NC(N)=[NH+]2)=[NH+]1,Bisamidinium 9,10.1021/jacs.5b09266,,r(CUG)16,69 % effect on cleavage,Ligand = 100 µM; RNA = 100 nM,"Tris (pH = 7.4), 150 mM NaCl, and 2 mM MgCl2",Activity,PAGE,RNA was stained with EtBr,HIV FS RNA was used as an internal standard. Repeated with (CUG)16 competitor and inhibitor was reduced.,,,,,,,,,,,,,,,,,,,,,,,
R-BIND (LM) 0019,R-BIND (MV) 0028,NC1=NC(NCCN(CC[NH3+])CC[NH3+])=NC(NCCCCNC(=[NH2+])C2=CC=C(C=C2)C(=[NH2+])NCCCCNC2=NC(NCCN(CC[NH3+])CC[NH3+])=NC(N)=[NH+]2)=[NH+]1,Bisamidinium 9,10.1021/jacs.5b09266,,r(CUG)12,Kd = 6 ± 4 µM,Ligand = 500 µM; RNA = 10 µM,20 mM MOPS (pH = 7.0) and 300 mM NaCl,Binding,Isothermal Titration Calorimetry,Each injection was 24 s and the delay between injections was 400 s,-,,,,,,,,,,,,,,,,,,,,,,,
R-BIND (LM) 0019,R-BIND (MV) 0028,NC1=NC(NCCN(CC[NH3+])CC[NH3+])=NC(NCCCCNC(=[NH2+])C2=CC=C(C=C2)C(=[NH2+])NCCCCNC2=NC(NCCN(CC[NH3+])CC[NH3+])=NC(N)=[NH+]2)=[NH+]1,Bisamidinium 9,10.1021/jacs.5b09266,C,d(CAG)12,No binding,Ligand = 500 µM; RNA = 10 µM,20 mM MOPS (pH = 7.0) and 300 mM NaCl,Off-Target Effect,Isothermal Titration Calorimetry,Each injection was 24 s and the delay between injections was 400 s,-,-,,,,,,,,,,,,,,,,,,,,,,
R-BIND (LM) 0019,R-BIND (MV) 0028,NC1=NC(NCCN(CC[NH3+])CC[NH3+])=NC(NCCCCNC(=[NH2+])C2=CC=C(C=C2)C(=[NH2+])NCCCCNC2=NC(NCCN(CC[NH3+])CC[NH3+])=NC(N)=[NH+]2)=[NH+]1,Bisamidinium 9,10.1021/jacs.5b09266,C,d(CTG/CAG)12,No binding,Ligand = 500 µM; RNA = 10 µM,20 mM MOPS (pH = 7.0) and 300 mM NaCl,Off-Target Effect,Isothermal Titration Calorimetry,Each injection was 24 s and the delay between injections was 400 s,-,-,,,,,,,,,,,,,,,,,,,,,,
R-BIND (LM) 0019,R-BIND (MV) 0028,NC1=NC(NCCN(CC[NH3+])CC[NH3+])=NC(NCCCCNC(=[NH2+])C2=CC=C(C=C2)C(=[NH2+])NCCCCNC2=NC(NCCN(CC[NH3+])CC[NH3+])=NC(N)=[NH+]2)=[NH+]1,Bisamidinium 9,10.1021/jacs.5b09266,,d(CTG)12,Kd = 5 ± 1 ,Ligand = 500 µM; RNA = 10 µM,20 mM MOPS (pH = 7.0) and 300 mM NaCl,Binding,Isothermal Titration Calorimetry,Each injection was 24 s and the delay between injections was 400 s,-,-,,,,,,,,,,,,,,,,,,,,,,
R-BIND (LM) 0020,R-BIND (MV) 0029,CCC1=C(C=C2C=C3C=CC=CC3=CC2=N1)C(=O)N1CCC[C@H]1C(=O)N[C@@H](C\C=C/C[C@H](NC(=O)[C@@H]1CCCN1C(=O)C1=C(CC)N=C2C=C3C=CC=CC3=CC2=C1)C(=O)N[C@@H](CCCC[NH3+])C(=O)NCCC[NH3+])C(=O)N[C@@H](CCCC[NH3+])C(=O)NCCC[NH3+],DCC 4 (2012),10.1093/nar/gks298,,r(CUG)2,Kd = 32 nM; n = 2; t1/2 = 757 s,Ligand = NR; RNA = 200 nM,0.01?M HEPES (pH = 7.4) and 0.15?M NaCl,Binding,Surface Plasmon Resonance,-,-,,Human Fibroblasts,"Cell-permeable, primarily localize in nucleus",NR,Cell Uptake,Fluorescence Microscopy,Treated for 12 h,Compared to untreated cells and parent compound,,DM1 HSALR mouse model (Clcn1),Improvement in Clcn1 splicing,Intraperitoneal; 40 mg/kg for 5 days,RNA Splicing,RT-PCR,"Mice were sacrificed 1 day after the last injection, and vastus muscle was obtained for splicing analysis. ",Compared to saline-injected control,,,,,,,
R-BIND (LM) 0020,R-BIND (MV) 0029,CCC1=C(C=C2C=C3C=CC=CC3=CC2=N1)C(=O)N1CCC[C@H]1C(=O)N[C@@H](C\C=C/C[C@H](NC(=O)[C@@H]1CCCN1C(=O)C1=C(CC)N=C2C=C3C=CC=CC3=CC2=C1)C(=O)N[C@@H](CCCC[NH3+])C(=O)NCCC[NH3+])C(=O)N[C@@H](CCCC[NH3+])C(=O)NCCC[NH3+],DCC 4 (2012),10.1093/nar/gks298,,r(CUG)4,Kd = 22.5 nM; n = 10; t1/2 = 1650 s,Ligand = NR; RNA = 200 nM,0.01?M HEPES (pH = 7.4) and 0.15?M NaCl,Binding,Surface Plasmon Resonance,-,-,,Mouse C2C12 Myoblasts,"Cell-permeable, primarily localize in nucleus",NR,Cell Uptake,Fluorescence Microscopy,Treated for 12 h,Compared to untreated cells and parent compound,,DM1 HSALR mouse model (Clcn1),No change in Atp2a1,Intraperitoneal; 40 mg/kg for 5 days,RNA Splicing,RT-PCR,"Mice were sacrificed 1 day after the last injection, and vastus muscle was obtained for splicing analysis. ",Compared to saline-injected control,,,,,,,
R-BIND (LM) 0020,R-BIND (MV) 0029,CCC1=C(C=C2C=C3C=CC=CC3=CC2=N1)C(=O)N1CCC[C@H]1C(=O)N[C@@H](C\C=C/C[C@H](NC(=O)[C@@H]1CCCN1C(=O)C1=C(CC)N=C2C=C3C=CC=CC3=CC2=C1)C(=O)N[C@@H](CCCC[NH3+])C(=O)NCCC[NH3+])C(=O)N[C@@H](CCCC[NH3+])C(=O)NCCC[NH3+],DCC 4 (2012),10.1093/nar/gks298,,r(CUG)10,Kd = 38 nM; n = 10; t1/2 = 548 s,Ligand = NR; RNA = 200 nM,0.01?M HEPES (pH = 7.4) and 0.15?M NaCl,Binding,Surface Plasmon Resonance,-,-,,Human Fibroblasts,No significant toxicity observed,Ligand = 100 µM,Cytotoxicity,MTT,-,Compared to mitomycin C and saw significant toxicity,,,,,,,,,,,,,,,
R-BIND (LM) 0020,R-BIND (MV) 0029,CCC1=C(C=C2C=C3C=CC=CC3=CC2=N1)C(=O)N1CCC[C@H]1C(=O)N[C@@H](C\C=C/C[C@H](NC(=O)[C@@H]1CCCN1C(=O)C1=C(CC)N=C2C=C3C=CC=CC3=CC2=C1)C(=O)N[C@@H](CCCC[NH3+])C(=O)NCCC[NH3+])C(=O)N[C@@H](CCCC[NH3+])C(=O)NCCC[NH3+],DCC 4 (2012),10.1093/nar/gks298,,r(CCUG)10,Kd = 39 nM; n = 10; t1/2 = 745 s,Ligand = NR; RNA = 200 nM,0.01?M HEPES (pH = 7.4) and 0.15?M NaCl,Binding,Surface Plasmon Resonance,-,-,,Mouse C2C12 Myoblasts,No significant toxicity observed,Ligand = 100 µM,Cytotoxicity,MTT,-,Compared to mitomycin C and saw significant toxicity,,,,,,,,,,,,,,,
R-BIND (LM) 0020,R-BIND (MV) 0029,CCC1=C(C=C2C=C3C=CC=CC3=CC2=N1)C(=O)N1CCC[C@H]1C(=O)N[C@@H](C\C=C/C[C@H](NC(=O)[C@@H]1CCCN1C(=O)C1=C(CC)N=C2C=C3C=CC=CC3=CC2=C1)C(=O)N[C@@H](CCCC[NH3+])C(=O)NCCC[NH3+])C(=O)N[C@@H](CCCC[NH3+])C(=O)NCCC[NH3+],DCC 4 (2012),10.1093/nar/gks298,C,r(CAG)10,Kd = 49 nM; n = 10; t1/2 = 462 s,Ligand = NR; RNA = 200 nM,0.01?M HEPES (pH = 7.4) and 0.15?M NaCl,Off-Target Effect,Surface Plasmon Resonance,-,-,,Mouse C5-14 Myoblasts,Concentration-dependent increase in luciferase activity,Ligand = 1 - 100 µM,Localization,Reporter,"An engineered cell line (C5-14) expressing a luciferase-encoding mRNA with 800 CUG repeats in the 3?-UTR was used. Formation of (CUG)800 RNA–MBNL1 complexes in the C5-14 cell line suppresses translation of this mRNA, and therefore suppresses the cellular level of luciferase. Inhibition of protein complexation to the (CUG)800 RNA allows translation to occur, restoring luciferase expression. The increase in luciferase activity is accompanied by a disruption of CUG foci, as seen by fluorescence in-situ hybridization","Compared to negative control ligand with no selectivity for repeats and untreated cells, also used a morpholino antisense oligonucleotide (CAG-25) complementary to the CUG repeat RNA as positive control",,,,,,,,,,,,,,,
R-BIND (LM) 0020,R-BIND (MV) 0029,CCC1=C(C=C2C=C3C=CC=CC3=CC2=N1)C(=O)N1CCC[C@H]1C(=O)N[C@@H](C\C=C/C[C@H](NC(=O)[C@@H]1CCCN1C(=O)C1=C(CC)N=C2C=C3C=CC=CC3=CC2=C1)C(=O)N[C@@H](CCCC[NH3+])C(=O)NCCC[NH3+])C(=O)N[C@@H](CCCC[NH3+])C(=O)NCCC[NH3+],DCC 4 (2012),10.1093/nar/gks298,C,RNA Duplex,Kd = 67 nM; t1/2 = 801 s,Ligand = NR; RNA = 200 nM,0.01?M HEPES (pH = 7.4) and 0.15?M NaCl,Off-Target Effect,Surface Plasmon Resonance,-,-,C,Mouse C1-S Myoblasts,Concentration-dependent decrease in luciferase activity,Ligand = 1- 100 µM,Localization,Reporter,Cell line carrying an analogous luciferase construct lacking the CUG repeats in the 3?-UTR; used as positive control for luciferase expression. Speculated that the observed effect could result from an off-target effect of compound causing a global decrease in protein synthesis,"Compared to negative control ligand with no selectivity for repeats and untreated cells, also used a morpholino antisense oligonucleotide (CAG-25) complementary to the CUG repeat RNA as positive control",,,,,,,,,,,,,,,
R-BIND (LM) 0020,R-BIND (MV) 0029,CCC1=C(C=C2C=C3C=CC=CC3=CC2=N1)C(=O)N1CCC[C@H]1C(=O)N[C@@H](C\C=C/C[C@H](NC(=O)[C@@H]1CCCN1C(=O)C1=C(CC)N=C2C=C3C=CC=CC3=CC2=C1)C(=O)N[C@@H](CCCC[NH3+])C(=O)NCCC[NH3+])C(=O)N[C@@H](CCCC[NH3+])C(=O)NCCC[NH3+],DCC 4 (2012),10.1093/nar/gks298,C,HIV-1 FSS RNA,Kd = 1.240 µM; t1/2 = 67 s,Ligand = NR; RNA = 200 nM,0.01?M HEPES (pH = 7.4) and 0.15?M NaCl,Off-Target Effect,Surface Plasmon Resonance,-,-,,,,,,,,,,,,,,,,,,,,,,,
R-BIND (LM) 0020,R-BIND (MV) 0029,CCC1=C(C=C2C=C3C=CC=CC3=CC2=N1)C(=O)N1CCC[C@H]1C(=O)N[C@@H](C\C=C/C[C@H](NC(=O)[C@@H]1CCCN1C(=O)C1=C(CC)N=C2C=C3C=CC=CC3=CC2=C1)C(=O)N[C@@H](CCCC[NH3+])C(=O)NCCC[NH3+])C(=O)N[C@@H](CCCC[NH3+])C(=O)NCCC[NH3+],DCC 4 (2012),10.1093/nar/gks298,,r(CUG)10,Kd = 66 ± 2 nM,Ligand = 1 µM; RNA = 10 µM,0.01?M HEPES (pH = 7.4) and 0.15?M NaCl,Binding,Fluorescence-Based Titration (Intrinsic),-,-,,,,,,,,,,,,,,,,,,,,,,,
R-BIND (LM) 0020,R-BIND (MV) 0029,CCC1=C(C=C2C=C3C=CC=CC3=CC2=N1)C(=O)N1CCC[C@H]1C(=O)N[C@@H](C\C=C/C[C@H](NC(=O)[C@@H]1CCCN1C(=O)C1=C(CC)N=C2C=C3C=CC=CC3=CC2=C1)C(=O)N[C@@H](CCCC[NH3+])C(=O)NCCC[NH3+])C(=O)N[C@@H](CCCC[NH3+])C(=O)NCCC[NH3+],DCC 4 (2012),10.1093/nar/gks298,C,Yeast tRNA,No binding,Ligand = 1 µM; RNA = 10 µM,0.01?M HEPES (pH = 7.4) and 0.15?M NaCl,Off-Target Effect,Fluorescence-Based Titration (Intrinsic),-,-,,,,,,,,,,,,,,,,,,,,,,,
R-BIND (LM) 0020,R-BIND (MV) 0029,CCC1=C(C=C2C=C3C=CC=CC3=CC2=N1)C(=O)N1CCC[C@H]1C(=O)N[C@@H](C\C=C/C[C@H](NC(=O)[C@@H]1CCCN1C(=O)C1=C(CC)N=C2C=C3C=CC=CC3=CC2=C1)C(=O)N[C@@H](CCCC[NH3+])C(=O)NCCC[NH3+])C(=O)N[C@@H](CCCC[NH3+])C(=O)NCCC[NH3+],DCC 4 (2012),10.1093/nar/gks298,,-,Decreased level of protein expression,Ligand = 0 - 100 µM,C5-14 cell lysate,Activity,Bradford Assay,-,Compared to untreated lysate,,,,,,,,,,,,,,,,,,,,,,,
R-BIND (LM) 0020,R-BIND (MV) 0029,CCC1=C(C=C2C=C3C=CC=CC3=CC2=N1)C(=O)N1CCC[C@H]1C(=O)N[C@@H](C\C=C/C[C@H](NC(=O)[C@@H]1CCCN1C(=O)C1=C(CC)N=C2C=C3C=CC=CC3=CC2=C1)C(=O)N[C@@H](CCCC[NH3+])C(=O)NCCC[NH3+])C(=O)N[C@@H](CCCC[NH3+])C(=O)NCCC[NH3+],DCC 4 (2012),10.1093/nar/gks298,,-,Decreased level of protein expression,Ligand = 0 - 100 µM,C1-S cell lysate,Activity,Bradford Assay,-,Compared to untreated lysate,,,,,,,,,,,,,,,,,,,,,,,
R-BIND (LM) 0021,R-BIND (MV) 0030,CCC1=C(C=C2C=C3C=CC=CC3=CC2=N1)C(=O)N1CCC[C@H]1C(=O)N[C@@H](CCC\C=C\CCC[C@H](NC(=O)[C@@H]1CCCN1C(=O)C1=C(CC)N=C2C=C3C=CC=CC3=CC2=C1)C(=O)N[C@@H](CCCC[NH3+])C(=O)NCCC[NH3+])C(=O)N[C@@H](CCCC[NH3+])C(=O)NCCC[NH3+],DCC 11 (2012),10.1093/nar/gks298,,r(CUG)2,Kd = 668 nM; t1/2 = 109 s,Ligand = NR; RNA = 200 nM,0.01?M HEPES (pH = 7.4) and 0.15?M NaCl,Binding,Surface Plasmon Resonance,-,-,,Human Fibroblasts,"Cell-permeable, primarily localize in nucleus",NR,Cell Uptake,Fluorescence Microscopy,Treated for 12 h,Compared to untreated cells and parent compound,,DM1 HSALR mouse model (Clcn1),Improvement in Clcn1 splicing,Intraperitoneal; 40 mg/kg for 5 days,RNA Splicing,RT-PCR,"Mice were sacrificed 1 day after the last injection, and vastus muscle was obtained for splicing analysis. ",Compared to saline-injected control,,,,,,,
R-BIND (LM) 0021,R-BIND (MV) 0030,CCC1=C(C=C2C=C3C=CC=CC3=CC2=N1)C(=O)N1CCC[C@H]1C(=O)N[C@@H](CCC\C=C\CCC[C@H](NC(=O)[C@@H]1CCCN1C(=O)C1=C(CC)N=C2C=C3C=CC=CC3=CC2=C1)C(=O)N[C@@H](CCCC[NH3+])C(=O)NCCC[NH3+])C(=O)N[C@@H](CCCC[NH3+])C(=O)NCCC[NH3+],DCC 11 (2012),10.1093/nar/gks298,,r(CUG)4,Kd = 60 nM; n = 1; t1/2 = 806 s,Ligand = NR; RNA = 200 nM,0.01?M HEPES (pH = 7.4) and 0.15?M NaCl,Binding,Surface Plasmon Resonance,-,-,,Mouse C2C12 Myoblasts,"Cell-permeable, primarily localize in nucleus",NR,Cell Uptake,Fluorescence Microscopy,Treated for 12 h,Compared to untreated cells and parent compound,,DM1 HSALR mouse model (Clcn1),Improvement in Atp2a1 splicing,Intraperitoneal; 40 mg/kg for 5 days,RNA Splicing,RT-PCR,"Mice were sacrificed 1 day after the last injection, and vastus muscle was obtained for splicing analysis. ",Compared to saline-injected control,,,,,,,
R-BIND (LM) 0021,R-BIND (MV) 0030,CCC1=C(C=C2C=C3C=CC=CC3=CC2=N1)C(=O)N1CCC[C@H]1C(=O)N[C@@H](CCC\C=C\CCC[C@H](NC(=O)[C@@H]1CCCN1C(=O)C1=C(CC)N=C2C=C3C=CC=CC3=CC2=C1)C(=O)N[C@@H](CCCC[NH3+])C(=O)NCCC[NH3+])C(=O)N[C@@H](CCCC[NH3+])C(=O)NCCC[NH3+],DCC 11 (2012),10.1093/nar/gks298,,r(CUG)10,Kd = 22.5 nM; n = 5; t1/2 = 1272 s,Ligand = NR; RNA = 200 nM,0.01?M HEPES (pH = 7.4) and 0.15?M NaCl,Binding,Surface Plasmon Resonance,-,-,,Human Fibroblasts,No significant toxicity observed,Ligand = 100 µM,Cytotoxicity,MTT,-,Compared to mitomycin C and saw significant toxicity,,DM1 HSALR mouse model (Clcn1),Improvement in Ttn splicing,Intraperitoneal; 40 mg/kg for 5 days,RNA Splicing,RT-PCR,"Mice were sacrificed 1 day after the last injection, and vastus muscle was obtained for splicing analysis. ",Compared to saline-injected control,,,,,,,
R-BIND (LM) 0021,R-BIND (MV) 0030,CCC1=C(C=C2C=C3C=CC=CC3=CC2=N1)C(=O)N1CCC[C@H]1C(=O)N[C@@H](CCC\C=C\CCC[C@H](NC(=O)[C@@H]1CCCN1C(=O)C1=C(CC)N=C2C=C3C=CC=CC3=CC2=C1)C(=O)N[C@@H](CCCC[NH3+])C(=O)NCCC[NH3+])C(=O)N[C@@H](CCCC[NH3+])C(=O)NCCC[NH3+],DCC 11 (2012),10.1093/nar/gks298,,r(CCUG)10,Kd = 210 nM; t1/2 = 50 s,Ligand = NR; RNA = 200 nM,0.01?M HEPES (pH = 7.4) and 0.15?M NaCl,Binding,Surface Plasmon Resonance,-,-,,Mouse C2C12 Myoblasts,No significant toxicity observed,Ligand = 100 µM,Cytotoxicity,MTT,-,Compared to mitomycin C and saw significant toxicity,C,DM1 HSALR mouse model (Clcn1),No change in Capzb splicing,Intraperitoneal; 40 mg/kg for 5 days,RNA Splicing,RT-PCR,"Mice were sacrificed 1 day after the last injection, and vastus muscle was obtained for splicing analysis. Splicing not dependent on MBNL1.",Compared to saline-injected control,,,,,,,
R-BIND (LM) 0021,R-BIND (MV) 0030,CCC1=C(C=C2C=C3C=CC=CC3=CC2=N1)C(=O)N1CCC[C@H]1C(=O)N[C@@H](CCC\C=C\CCC[C@H](NC(=O)[C@@H]1CCCN1C(=O)C1=C(CC)N=C2C=C3C=CC=CC3=CC2=C1)C(=O)N[C@@H](CCCC[NH3+])C(=O)NCCC[NH3+])C(=O)N[C@@H](CCCC[NH3+])C(=O)NCCC[NH3+],DCC 11 (2012),10.1093/nar/gks298,C,(CAG)10,Kd =  862 nM; t1/2 = 56 s,Ligand = NR; RNA = 200 nM,0.01?M HEPES (pH = 7.4) and 0.15?M NaCl,Off-Target Effect,Surface Plasmon Resonance,-,-,,Mouse C5-14 Myoblasts,Concentration-dependent increase in luciferase activity,Ligand = 1 - 100 µM,Localization,Reporter,"An engineered cell line (C5-14) expressing a luciferase-encoding mRNA with 800 CUG repeats in the 3?-UTR was used. Formation of (CUG)800 RNA–MBNL1 complexes in the C5-14 cell line suppresses translation of this mRNA, and therefore suppresses the cellular level of luciferase. Inhibition of protein complexation to the (CUG)800 RNA allows translation to occur, restoring luciferase expression. The increase in luciferase activity is accompanied by a disruption of CUG foci, as seen by fluorescence in-situ hybridization","Compared to negative control ligand with no selectivity for repeats and untreated cells, also used a morpholino antisense oligonucleotide (CAG-25) complementary to the CUG repeat RNA as positive control",,,,,,,,,,,,,,,
R-BIND (LM) 0021,R-BIND (MV) 0030,CCC1=C(C=C2C=C3C=CC=CC3=CC2=N1)C(=O)N1CCC[C@H]1C(=O)N[C@@H](CCC\C=C\CCC[C@H](NC(=O)[C@@H]1CCCN1C(=O)C1=C(CC)N=C2C=C3C=CC=CC3=CC2=C1)C(=O)N[C@@H](CCCC[NH3+])C(=O)NCCC[NH3+])C(=O)N[C@@H](CCCC[NH3+])C(=O)NCCC[NH3+],DCC 11 (2012),10.1093/nar/gks298,C,Duplex,No binding,Ligand = NR; RNA = 200 nM,0.01?M HEPES (pH = 7.4) and 0.15?M NaCl,Off-Target Effect,Surface Plasmon Resonance,-,-,C,Mouse C1-S Myoblasts,No change in luciferase activity,Ligand = 1 - 100 µM,Localization,Reporter,Cell line carrying an analogous luciferase construct lacking the CUG repeats in the 3?-UTR; used as positive control for luciferase expression. ,"Compared to negative control ligand with no selectivity for repeats and untreated cells, also used a morpholino antisense oligonucleotide (CAG-25) complementary to the CUG repeat RNA as positive control",,,,,,,,,,,,,,,
R-BIND (LM) 0021,R-BIND (MV) 0030,CCC1=C(C=C2C=C3C=CC=CC3=CC2=N1)C(=O)N1CCC[C@H]1C(=O)N[C@@H](CCC\C=C\CCC[C@H](NC(=O)[C@@H]1CCCN1C(=O)C1=C(CC)N=C2C=C3C=CC=CC3=CC2=C1)C(=O)N[C@@H](CCCC[NH3+])C(=O)NCCC[NH3+])C(=O)N[C@@H](CCCC[NH3+])C(=O)NCCC[NH3+],DCC 11 (2012),10.1093/nar/gks298,C,HIV-1 FSS RNA,Kd = 2 µM; t1/2 = 27 s,Ligand = NR; RNA = 200 nM,0.01?M HEPES (pH = 7.4) and 0.15?M NaCl,Off-Target Effect,Surface Plasmon Resonance,-,-,,,,,,,,,,,,,,,,,,,,,,,
R-BIND (LM) 0021,R-BIND (MV) 0030,CCC1=C(C=C2C=C3C=CC=CC3=CC2=N1)C(=O)N1CCC[C@H]1C(=O)N[C@@H](CCC\C=C\CCC[C@H](NC(=O)[C@@H]1CCCN1C(=O)C1=C(CC)N=C2C=C3C=CC=CC3=CC2=C1)C(=O)N[C@@H](CCCC[NH3+])C(=O)NCCC[NH3+])C(=O)N[C@@H](CCCC[NH3+])C(=O)NCCC[NH3+],DCC 11 (2012),10.1093/nar/gks298,,r(CUG)10,Kd = 57 ± 1 nM,"Ligand = 1 µM, RNA = 10 µM",0.01?M HEPES (pH = 7.4) and 0.15?M NaCl,Binding,Fluorescence-Based Titration (Intrinsic),-,-,,,,,,,,,,,,,,,,,,,,,,,
R-BIND (LM) 0021,R-BIND (MV) 0030,CCC1=C(C=C2C=C3C=CC=CC3=CC2=N1)C(=O)N1CCC[C@H]1C(=O)N[C@@H](CCC\C=C\CCC[C@H](NC(=O)[C@@H]1CCCN1C(=O)C1=C(CC)N=C2C=C3C=CC=CC3=CC2=C1)C(=O)N[C@@H](CCCC[NH3+])C(=O)NCCC[NH3+])C(=O)N[C@@H](CCCC[NH3+])C(=O)NCCC[NH3+],DCC 11 (2012),10.1093/nar/gks298,C,r(CCUG)10,Kd = 73.6 ± 0.8 nM,"Ligand = 1 µM, RNA = 10 µM",0.01?M HEPES (pH = 7.4) and 0.15?M NaCl,Off-Target Effect,Fluorescence-Based Titration (Intrinsic),-,-,,,,,,,,,,,,,,,,,,,,,,,
R-BIND (LM) 0021,R-BIND (MV) 0030,CCC1=C(C=C2C=C3C=CC=CC3=CC2=N1)C(=O)N1CCC[C@H]1C(=O)N[C@@H](CCC\C=C\CCC[C@H](NC(=O)[C@@H]1CCCN1C(=O)C1=C(CC)N=C2C=C3C=CC=CC3=CC2=C1)C(=O)N[C@@H](CCCC[NH3+])C(=O)NCCC[NH3+])C(=O)N[C@@H](CCCC[NH3+])C(=O)NCCC[NH3+],DCC 11 (2012),10.1093/nar/gks298,,-,No change in protein expression,Ligand = 0 - 100 µM,C5-14 cell lysate,Activity,Bradford Assay,-,Compared to untreated lysate,,,,,,,,,,,,,,,,,,,,,,,
R-BIND (LM) 0021,R-BIND (MV) 0030,CCC1=C(C=C2C=C3C=CC=CC3=CC2=N1)C(=O)N1CCC[C@H]1C(=O)N[C@@H](CCC\C=C\CCC[C@H](NC(=O)[C@@H]1CCCN1C(=O)C1=C(CC)N=C2C=C3C=CC=CC3=CC2=C1)C(=O)N[C@@H](CCCC[NH3+])C(=O)NCCC[NH3+])C(=O)N[C@@H](CCCC[NH3+])C(=O)NCCC[NH3+],DCC 11 (2012),10.1093/nar/gks298,,-,No change in protein expression,Ligand = 0 - 100 µM,C1-S cell lysate,Activity,Bradford Assay,-,Compared to untreated lysate,,,,,,,,,,,,,,,,,,,,,,,
R-BIND (LM) 0022,R-BIND (MV) 0031,CCC1=C(C=C2C=C3C=CC=CC3=CC2=N1)C(=O)N(C)[C@@H](C\C=C\C[C@H](N(C)C(=O)C1=C(CC)N=C2C=C3C=CC=CC3=CC2=C1)C(=O)N1CCC[C@H]1C(=O)N(C)[C@@H](CC1=CC=CC=C1)C(=O)NCCC[NH3+])C(=O)N1CCC[C@H]1C(=O)N(C)[C@@H](CC1=CC=CC=C1)C(=O)NCCC[NH3+],Compound 4E,10.1021/acschembio.5b00682,,HIV-1 FSS RNA,Kd = 5.0 ± 2.0 nM,Ligand = 0 - 1 µM; RNA = 0 - 10 µM,"20 mM HEPES, 150 mM NaCl, and 5 mM MgCl2",Binding,Fluorescence-Based Titration (Intrinsic),-,-,,HEK293T Cells,LD50 = 20-30 µM,NR,Cytotoxicity,WST-1,"After cells were allowed to adhere for 6 h, they were then incubated with the compound for 24 h",Compared to untreated control,,,,,,,,,,,,,,,
R-BIND (LM) 0022,R-BIND (MV) 0031,CCC1=C(C=C2C=C3C=CC=CC3=CC2=N1)C(=O)N(C)[C@@H](C\C=C\C[C@H](N(C)C(=O)C1=C(CC)N=C2C=C3C=CC=CC3=CC2=C1)C(=O)N1CCC[C@H]1C(=O)N(C)[C@@H](CC1=CC=CC=C1)C(=O)NCCC[NH3+])C(=O)N1CCC[C@H]1C(=O)N(C)[C@@H](CC1=CC=CC=C1)C(=O)NCCC[NH3+],Compound 4E,10.1021/acschembio.5b00682,C,HIV-1 FSS DNA,Kd = 34 ± 10 nM,Ligand = 0 - 1 µM; RNA = 0 - 10 µM,"20 mM HEPES, 150 mM NaCl, and 5 mM MgCl2",Off-Target Effect,Fluorescence-Based Titration (Intrinsic),-,-,,HEK293T Cells,Enhanced permeability,"Ligand = 5, 50 µM",Cell Uptake,Flow Cytometry,HEK293T cells were incubated for 24 h in the presence of compound. Cells were then gated for negative propidium iodide and positive compound fluorescence. ,Compared to untreated control,,,,,,,,,,,,,,,
R-BIND (LM) 0022,R-BIND (MV) 0031,CCC1=C(C=C2C=C3C=CC=CC3=CC2=N1)C(=O)N(C)[C@@H](C\C=C\C[C@H](N(C)C(=O)C1=C(CC)N=C2C=C3C=CC=CC3=CC2=C1)C(=O)N1CCC[C@H]1C(=O)N(C)[C@@H](CC1=CC=CC=C1)C(=O)NCCC[NH3+])C(=O)N1CCC[C@H]1C(=O)N(C)[C@@H](CC1=CC=CC=C1)C(=O)NCCC[NH3+],Compound 4E,10.1021/acschembio.5b00682,C,Yeast tRNA,Kd = 91 ± 20 nM,Ligand = 0 - 1 µM; RNA = 0 - 10 µM,"20 mM HEPES, 150 mM NaCl, and 5 mM MgCl2",Off-Target Effect,Fluorescence-Based Titration (Intrinsic),-,-,,HEK293T Cells,Dose-dependent significant decrease in infectivity,"Ligand = 2, 6.3, 20 µM",Antiviral Activity,ELISA,"HEK293T producer cells were transfected with a pro-viral plasmid for HIV in which the nef gene is replaced with green fluorescent protein and the env gene is deleted. A plasmid coding for VSV-G was cotransfected to allow for production of single cycle infectious virions. Producer cells were incubated with the compound for 24 h, after which the virions were harvested and normalized for viral load based on p24 ELISA. Equal loads of these viral particles were then incubated with TZM-bl reporter cells that express luciferase under long terminal repeat (LTR) promoter control when infected by HIV-1.",Compared to untreated control; experiments repeated in another laboratory.,,,,,,,,,,,,,,,
R-BIND (LM) 0022,R-BIND (MV) 0031,CCC1=C(C=C2C=C3C=CC=CC3=CC2=N1)C(=O)N(C)[C@@H](C\C=C\C[C@H](N(C)C(=O)C1=C(CC)N=C2C=C3C=CC=CC3=CC2=C1)C(=O)N1CCC[C@H]1C(=O)N(C)[C@@H](CC1=CC=CC=C1)C(=O)NCCC[NH3+])C(=O)N1CCC[C@H]1C(=O)N(C)[C@@H](CC1=CC=CC=C1)C(=O)NCCC[NH3+],Compound 4E,10.1021/acschembio.5b00682,,HIV-1 FSS RNA,Kd = 13 ± 5.2 nM; ka = 1.6 ± 0.7 x 10^5 M-1s-1; kd = 1.9 ± 0.5 x 10^-3 s-1,NR,10 mM HEPES and 150 mM NaCl,Binding,Surface Plasmon Resonance,Compounds were injected at a flow rate of 30 ?L/min,,,HEK293T Cells,Interferes with production of virus particles,"Ligand = 2, 6.3, 20 µM",Antiviral Activity,ELISA,"SDS PAGE and Western Blot. The primary antibody reacted with the blots recognized p160, the full length Gag-Pol polyprotein that is only made if the ?1 frameshift occurs, as well as with p55 and p24, two forms of Gag that are made with or without frameshifting. The ratio of p160 to p24+p55 was determined as a semiquantitative measure of frameshifting.",Compared to FDA-approved protease inhibitor Indinavir and untreated cells,,,,,,,,,,,,,,,
R-BIND (LM) 0022,R-BIND (MV) 0031,CCC1=C(C=C2C=C3C=CC=CC3=CC2=N1)C(=O)N(C)[C@@H](C\C=C\C[C@H](N(C)C(=O)C1=C(CC)N=C2C=C3C=CC=CC3=CC2=C1)C(=O)N1CCC[C@H]1C(=O)N(C)[C@@H](CC1=CC=CC=C1)C(=O)NCCC[NH3+])C(=O)N1CCC[C@H]1C(=O)N(C)[C@@H](CC1=CC=CC=C1)C(=O)NCCC[NH3+],Compound 4E,10.1021/acschembio.5b00682,C,HIV-1 protease,No protease inhibition,Ligand = 0 - 100 µM,-,Off-Target Effect,HIV-1 Protease Activity,FRET peptide substrate,Done in presence and absence of compound and with a known protease inhibitor,,,,,,,,,,,,,,,,,,,,,,,
R-BIND (LM) 0023,R-BIND (MV) 0032,"CCC1=C(C=C2C=C3C=CC=CC3=CC2=N1)C(=O)N[C@@H](C\C=C/C[C@H](NC(=O)C1=C(CC)N=C2C=C3C=CC=CC3=CC2=C1)C(=O)N1CCC[C@H]1C(=O)N[C@@H](CC1=CC=CC=C1)C(=O)NCCC[NH3+])C(=O)N1CCC[C@H]1C(=O)N[C@@H](CC1=CC=CC=C1)C(=O)NCCC[NH3+]
",DCC 4 (2014),10.1021/jm401438g,,HIV-1 FSS RNA,ka = 4.24 ± 0.22 x 10^4 M-1s-1; kd = 4.11 ± 0.02 x 10^-3 s-1; Kd = 0.102 µM,Ligand = NR; RNA = 500 nM,0.01?M HEPES (pH = 7.4) and 0.15?M NaCl,Binding,Surface Plasmon Resonance,-,Compared to SPR chip with low RNA density,,HEK293T Cells,Compound is cell permeable,"Ligand = 50, 100, 200, 500 µM",Cell Uptake,Fluorescence Microscopy,Done via internal ligand fluorescence. Cells treated for 12 hrs.,Cells were washed to ensure cell staining was not due to surface capture.,,,,,,,,,,,,,,,
R-BIND (LM) 0023,R-BIND (MV) 0032,"CCC1=C(C=C2C=C3C=CC=CC3=CC2=N1)C(=O)N[C@@H](C\C=C/C[C@H](NC(=O)C1=C(CC)N=C2C=C3C=CC=CC3=CC2=C1)C(=O)N1CCC[C@H]1C(=O)N[C@@H](CC1=CC=CC=C1)C(=O)NCCC[NH3+])C(=O)N1CCC[C@H]1C(=O)N[C@@H](CC1=CC=CC=C1)C(=O)NCCC[NH3+]
",DCC 4 (2014),10.1021/jm401438g,,HIV-1 FSS DNA,ka = 2.17 ± 0.77 x 10^4 M-1s-1; kd = 1.35 ± 0.03 x 10^-3 s-1; Kd = 0.071 µM,Ligand = NR; DNA = 500 nM,"20 mM HEPES (pH = 7.4), 0.15?M NaCl, 5 mM MgCl2, and 0.005% Tween-20",Binding,Surface Plasmon Resonance,-,Compared to SPR chip with low RNA density,,HEK293T Cells,No toxicity below 60 µM,Ligand = 0 - 0.5 mM,Cytotoxicity,WST-1,"HEK 293FT cells cultured in DMEM for 24 h, after which a 10:1 media to WST-1 cell proliferation reagent mixture replaced the growth media for 2 h. Absorbance was then measured at 450 and 690 nm.",-,,,,,,,,,,,,,,,
R-BIND (LM) 0023,R-BIND (MV) 0032,"CCC1=C(C=C2C=C3C=CC=CC3=CC2=N1)C(=O)N[C@@H](C\C=C/C[C@H](NC(=O)C1=C(CC)N=C2C=C3C=CC=CC3=CC2=C1)C(=O)N1CCC[C@H]1C(=O)N[C@@H](CC1=CC=CC=C1)C(=O)NCCC[NH3+])C(=O)N1CCC[C@H]1C(=O)N[C@@H](CC1=CC=CC=C1)C(=O)NCCC[NH3+]
",DCC 4 (2014),10.1021/jm401438g,C,HTLV-2 FSS RNA,No binding,Ligand = NR; RNA = 500 nM,0.01?M HEPES (pH = 7.4) and 0.15?M NaCl,Off-Target Effect,Surface Plasmon Resonance,-,-,,HEK293T Cells,Stimulated -1 frameshift translation up to 160 %,Ligand = 0 - 0.5 mM,Frameshifting Activity,Reporter,Dual luciferase reporter (pDualHIV(-1)). The FSS sequence has been inserted between Renilla (Rluc) and firefly (Fluc) luciferase genes,Used negative controls from in vitro assays,,,,,,,,,,,,,,,
R-BIND (LM) 0023,R-BIND (MV) 0032,"CCC1=C(C=C2C=C3C=CC=CC3=CC2=N1)C(=O)N[C@@H](C\C=C/C[C@H](NC(=O)C1=C(CC)N=C2C=C3C=CC=CC3=CC2=C1)C(=O)N1CCC[C@H]1C(=O)N[C@@H](CC1=CC=CC=C1)C(=O)NCCC[NH3+])C(=O)N1CCC[C@H]1C(=O)N[C@@H](CC1=CC=CC=C1)C(=O)NCCC[NH3+]
",DCC 4 (2014),10.1021/jm401438g,,HIV-1 FSS RNA,Kd = 66 ± 34 nM,Ligand = 1 µM; RNA = 10 µM,0.01?M HEPES (pH = 7.4) and 0.15?M NaCl,Binding,Fluorescence-Based Titration (Intrinsic),-,,C,HEK293T Cells,No frameshifting observed,Ligand = 0 - 0.5 mM,Frameshifting Activity,Reporter,"pDualHIV(0) construct, where Fluc is in the 0 reading frame relative to Rluc. ",Used negative controls from in vitro assays,,,,,,,,,,,,,,,
R-BIND (LM) 0023,R-BIND (MV) 0032,"CCC1=C(C=C2C=C3C=CC=CC3=CC2=N1)C(=O)N[C@@H](C\C=C/C[C@H](NC(=O)C1=C(CC)N=C2C=C3C=CC=CC3=CC2=C1)C(=O)N1CCC[C@H]1C(=O)N[C@@H](CC1=CC=CC=C1)C(=O)NCCC[NH3+])C(=O)N1CCC[C@H]1C(=O)N[C@@H](CC1=CC=CC=C1)C(=O)NCCC[NH3+]
",DCC 4 (2014),10.1021/jm401438g,,HIV-1 FSS DNA,Kd = 265 ± 38 nM,Ligand = 1 µM; DNA = 40 µM,0.01?M HEPES (pH = 7.4) and 0.15?M NaCl,Binding,Fluorescence-Based Titration (Intrinsic),-,,,HEK293T Cells,No frameshifting observed,Ligand = 0 - 0.5 mM,Frameshifting Activity,Reporter,"pDualHTLV-2(-1) construct, where Fluc is in the 0 reading frame relative to Rluc. ",Used negative controls from in vitro assays,,,,,,,,,,,,,,,
R-BIND (LM) 0023,R-BIND (MV) 0032,"CCC1=C(C=C2C=C3C=CC=CC3=CC2=N1)C(=O)N[C@@H](C\C=C/C[C@H](NC(=O)C1=C(CC)N=C2C=C3C=CC=CC3=CC2=C1)C(=O)N1CCC[C@H]1C(=O)N[C@@H](CC1=CC=CC=C1)C(=O)NCCC[NH3+])C(=O)N1CCC[C@H]1C(=O)N[C@@H](CC1=CC=CC=C1)C(=O)NCCC[NH3+]
",DCC 4 (2014),10.1021/jm401438g,C,tRNA,Kd = 334 ± 28 nM,Ligand = 1 µM; RNA = 40 µM,0.01?M HEPES (pH = 7.4) and 0.15?M NaCl,Off-Target Effect,Fluorescence-Based Titration (Intrinsic),-,,,HEK293T Producer,Decrease in viral infectivity. EC50 = 3.90 µM,"Ligand = 10, 20, 40 µM",Antiviral Activity,ELISA,"Viral producer cells were dosed with compounds after transfection, and viral particles were harvested. Infections were performed using TZM-bl reporter cells (express luciferase when infected). Luminescence was quantitated. Also observed viral product via fluorescence microscopy and GFP marker.",Used peptide backbone as negative control. Protease inhibitor Indinavir was used as control (known EC50),,,,,,,,,,,,,,,
R-BIND (LM) 0023,R-BIND (MV) 0032,"CCC1=C(C=C2C=C3C=CC=CC3=CC2=N1)C(=O)N[C@@H](C\C=C/C[C@H](NC(=O)C1=C(CC)N=C2C=C3C=CC=CC3=CC2=C1)C(=O)N1CCC[C@H]1C(=O)N[C@@H](CC1=CC=CC=C1)C(=O)NCCC[NH3+])C(=O)N1CCC[C@H]1C(=O)N[C@@H](CC1=CC=CC=C1)C(=O)NCCC[NH3+]
",DCC 4 (2014),10.1021/jm401438g,,,,,,,,,,,HEK293T Producer,"Increased amounts of Reverse Transcriptase observed. The amount of RT in 
unprocessed Gag-Pol (p160) relative to mature RT (p66 +
p51) also increased significantly.","Ligand = 10, 20, 40 µM",Protein Abundance,Western Blot,"As RT is produced only as part of the Gag-Pol fusion, increasing amounts of RT relative to capsid protein p24 (a structural protein produced as part of Gag) would be required given an increase in frameshifting.",Used Indinavir as positive control. Reported  relative to p24.,,,,,,,,,,,,,,,
R-BIND (LM) 0024,R-BIND (MV) 0033,CCC1=C(C=C2C=C3C=CC=CC3=CC2=N1)C(=O)N[C@@H](C\C=C\C[C@H](NC(=O)C1=C(CC)N=C2C=C3C=CC=CC3=CC2=C1)C(=O)N1CCC[C@H]1C(=O)N[C@@H](CC1=CC=CC=C1)C(=O)NCCC[NH3+])C(=O)N1CCC[C@H]1C(=O)N[C@@H](CC1=CC=CC=C1)C(=O)NCCC[NH3+],DCC 5 (2014),10.1021/jm401438g,,HIV-1 FSS RNA,ka = 3.99 ± 0.27 x 10^4 M-1s-1; kd = 3.75 ± 0.12 x 10^-3 s-1; Kd = 89 nM,Ligand = NR; RNA = 500 nM,0.01?M HEPES (pH = 7.4) and 0.15?M NaCl,Binding,Surface Plasmon Resonance,-,Compared to SPR chip with low RNA density,,HEK293T Cells,Compound is cell permeable,"Ligand = 50, 100, 200, 500 µM",Cell Uptake,Fluorescence Microscopy,Done via internal ligand fluorescence. Cells treated for 12 hrs.,Cells were washed to ensure cell staining was not due to surface capture.,,,,,,,,,,,,,,,
R-BIND (LM) 0024,R-BIND (MV) 0033,CCC1=C(C=C2C=C3C=CC=CC3=CC2=N1)C(=O)N[C@@H](C\C=C\C[C@H](NC(=O)C1=C(CC)N=C2C=C3C=CC=CC3=CC2=C1)C(=O)N1CCC[C@H]1C(=O)N[C@@H](CC1=CC=CC=C1)C(=O)NCCC[NH3+])C(=O)N1CCC[C@H]1C(=O)N[C@@H](CC1=CC=CC=C1)C(=O)NCCC[NH3+],DCC 5 (2014),10.1021/jm401438g,,HIV-1 FSS DNA,ka = 3.68 ± 1.45 x 10^4 M-1s-1; kd = 3.46 ± 2.05 x 10^-3 s-1; Kd = 96 nM,Ligand = NR; RNA = 500 nM,"20 mM HEPES (pH = 7.4) 0.15?M NaCl, 5 mM MgCl2, and 0.005% Tween-20",Binding,Surface Plasmon Resonance,-,Compared to SPR chip with low RNA density,,HEK293T Cells,No toxicity below 60 µM,Ligand = 0 - 0.5 mM,Cytotoxicity,WST-1,"HEK 293FT cells cultured in DMEM for 24 h, after which a 10:1 media to WST-1 cell proliferation reagent mixture replaced the growth media for 2 h. Absorbance was then measured at 450 and 690 nm.",-,,,,,,,,,,,,,,,
R-BIND (LM) 0024,R-BIND (MV) 0033,CCC1=C(C=C2C=C3C=CC=CC3=CC2=N1)C(=O)N[C@@H](C\C=C\C[C@H](NC(=O)C1=C(CC)N=C2C=C3C=CC=CC3=CC2=C1)C(=O)N1CCC[C@H]1C(=O)N[C@@H](CC1=CC=CC=C1)C(=O)NCCC[NH3+])C(=O)N1CCC[C@H]1C(=O)N[C@@H](CC1=CC=CC=C1)C(=O)NCCC[NH3+],DCC 5 (2014),10.1021/jm401438g,C,HTLV-2 FSS RNA,No binding,Ligand = NR; RNA = 500 nM,0.01?M HEPES (pH = 7.4) and 0.15?M NaCl,Off-Target Effect,Surface Plasmon Resonance,-,-,,HEK293T Cells,Stimulated -1 frameshift translation up to 160 %,Ligand = 0 - 50 µM,Frameshifting Activity,Reporter,Dual luciferase reporter (pDualHIV(-1)). The FSS sequence has been inserted between Renilla (Rluc) and firefly (Fluc) luciferase genes,Used negative controls from in vitro assays,,,,,,,,,,,,,,,
R-BIND (LM) 0024,R-BIND (MV) 0033,CCC1=C(C=C2C=C3C=CC=CC3=CC2=N1)C(=O)N[C@@H](C\C=C\C[C@H](NC(=O)C1=C(CC)N=C2C=C3C=CC=CC3=CC2=C1)C(=O)N1CCC[C@H]1C(=O)N[C@@H](CC1=CC=CC=C1)C(=O)NCCC[NH3+])C(=O)N1CCC[C@H]1C(=O)N[C@@H](CC1=CC=CC=C1)C(=O)NCCC[NH3+],DCC 5 (2014),10.1021/jm401438g,,HIV-1 FSS RNA,Kd = 409 ± 25 nM,Ligand = 1 µM; RNA = 10 µM,0.01?M HEPES (pH = 7.4) and 0.15?M NaCl,Binding,Fluorescence-Based Titration (Intrinsic),-,,C,HEK293T Cells,No frameshifting observed,Ligand = 0 - 50 µM,Frameshifting Activity,Reporter,"pDualHIV(0) construct, where Fluc is in the 0 reading frame relative to Rluc. ",Used negative controls from in vitro assays,,,,,,,,,,,,,,,
R-BIND (LM) 0024,R-BIND (MV) 0033,CCC1=C(C=C2C=C3C=CC=CC3=CC2=N1)C(=O)N[C@@H](C\C=C\C[C@H](NC(=O)C1=C(CC)N=C2C=C3C=CC=CC3=CC2=C1)C(=O)N1CCC[C@H]1C(=O)N[C@@H](CC1=CC=CC=C1)C(=O)NCCC[NH3+])C(=O)N1CCC[C@H]1C(=O)N[C@@H](CC1=CC=CC=C1)C(=O)NCCC[NH3+],DCC 5 (2014),10.1021/jm401438g,,HIV-1 FSS DNA,Kd = 118 ± 20 nM,Ligand = 1 µM; DNA = 40 µM,0.01?M HEPES (pH = 7.4) and 0.15?M NaCl,Binding,Fluorescence-Based Titration (Intrinsic),-,,,HEK293T Cells,No frameshifting observed,Ligand = 0 - 50 µM,Frameshifting Activity,Reporter,"pDualHTLV-2(-1) construct, where Fluc is in the 0 reading frame relative to Rluc. ",Used negative controls from in vitro assays,,,,,,,,,,,,,,,
R-BIND (LM) 0024,R-BIND (MV) 0033,CCC1=C(C=C2C=C3C=CC=CC3=CC2=N1)C(=O)N[C@@H](C\C=C\C[C@H](NC(=O)C1=C(CC)N=C2C=C3C=CC=CC3=CC2=C1)C(=O)N1CCC[C@H]1C(=O)N[C@@H](CC1=CC=CC=C1)C(=O)NCCC[NH3+])C(=O)N1CCC[C@H]1C(=O)N[C@@H](CC1=CC=CC=C1)C(=O)NCCC[NH3+],DCC 5 (2014),10.1021/jm401438g,C,tRNA,Kd = 217 ± 28 nM,Ligand = 1 µM; RNA = 40 µM,0.01?M HEPES (pH = 7.4) and 0.15?M NaCl,Off-Target Effect,Fluorescence-Based Titration (Intrinsic),-,,,HEK293T Producers,Decrease in viral infectivity. EC50 = 25.6 µM,"Ligand = 10, 20, 40 µM",Antiviral Activity,ELISA,"Viral producer cells were dosed with compounds after transfection, and viral particles were harvested. Infections were performed using TZM-bl reporter cells (express luciferase when infected). Luminescence was quantitated. Also observed viral product via fluorescence microscopy and GFP marker.",Used peptide backbone as negative control. Protease inhibitor Indinavir was used as control (known EC50),,,,,,,,,,,,,,,
R-BIND (LM) 0024,R-BIND (MV) 0033,CCC1=C(C=C2C=C3C=CC=CC3=CC2=N1)C(=O)N[C@@H](C\C=C\C[C@H](NC(=O)C1=C(CC)N=C2C=C3C=CC=CC3=CC2=C1)C(=O)N1CCC[C@H]1C(=O)N[C@@H](CC1=CC=CC=C1)C(=O)NCCC[NH3+])C(=O)N1CCC[C@H]1C(=O)N[C@@H](CC1=CC=CC=C1)C(=O)NCCC[NH3+],DCC 5 (2014),10.1021/jm401438g,,,,,,,,,,,HEK293T Producers,"Increased amounts of Reverse Transcriptase observed. The amount of RT in 
unprocessed Gag-Pol (p160) relative to mature RT (p66 +
p51) also increased significantly.","Ligand = 10, 20, 40 µM",Protein Abundance,Western Blot,"As RT is produced only as part of the Gag-Pol fusion, increasing amounts of RT relative to capsid protein p24 (a structural protein produced as part of Gag) would be required given an increase in frameshifting.",Used Indinavir as positive control. Reported  relative to p24.,,,,,,,,,,,,,,,
R-BIND (LM) 0025,R-BIND (MV) 0038,CCC1=C(C=C2C=C3C=CC=CC3=CC2=N1)C(=O)N[C@@H](CCN1C=C(C[C@H](NC(=O)C2=C(CC)N=C3C=C4C=CC=CC4=CC3=C2)C(=O)N2CCC[C@H]2C(=O)N[C@@H](CC2=CC=CC=C2)C(=O)NCCC[NH3+])N=N1)C(=O)N1CCC[C@H]1C(=O)N[C@@H](CC1=CC=CC=C1)C(=O)NCCC[NH3+],DCC 3 (2017),10.1021/acschembio.7b00052,,HIV-1 FSS RNA,ka = 8.8 ± 3 x 10^4 1/M*s; kd = 6.8 ± 1 x 10^-3 1/s; Kd = 97 ± 20 nM,Ligand = NR; RNA = 50 µM,"10 mM HEPES (pH = 7.4), 150 mM NaCl, and 0.005% Tween",Binding,Surface Plasmon Resonance,50 ?M 5?-biotin HIV-1 FSS was refolded in 10 mM HEPES and 150 mM NaCl at pH 7.4 by heating at 98 °C in a heater block for 2 min then cooled to RT and immobilized on one flow cell of the SPR chip to a density of 1100 RU. ,-,,HEK293T Cells,TD50 ~ 90 µM,Ligand = NR,Cytotoxicity,WST-1,Cells incubated for 24 h with compound,Compared to untreated cells,,,,,,,,,,,,,,,
R-BIND (LM) 0025,R-BIND (MV) 0038,CCC1=C(C=C2C=C3C=CC=CC3=CC2=N1)C(=O)N[C@@H](CCN1C=C(C[C@H](NC(=O)C2=C(CC)N=C3C=C4C=CC=CC4=CC3=C2)C(=O)N2CCC[C@H]2C(=O)N[C@@H](CC2=CC=CC=C2)C(=O)NCCC[NH3+])N=N1)C(=O)N1CCC[C@H]1C(=O)N[C@@H](CC1=CC=CC=C1)C(=O)NCCC[NH3+],DCC 3 (2017),10.1021/acschembio.7b00052,C,HIV-1 FSS RNA; 5-fold excess tRNA,Kd = 32 ± 6 nM,Ligand = NR; RNA = 50 µM,"11 mM HEPES (pH = 7.4), 150 mM NaCl, and 0.005% Tween",Binding,Surface Plasmon Resonance,,,,HEK293T Cells,Permeable at 5 and 15 µM,Ligand = NR,Cell Uptake,Flow Cytometry,Cells incubated for 24 h with compound,Compared to untreated cells,,,,,,,,,,,,,,,
R-BIND (LM) 0025,R-BIND (MV) 0038,CCC1=C(C=C2C=C3C=CC=CC3=CC2=N1)C(=O)N[C@@H](CCN1C=C(C[C@H](NC(=O)C2=C(CC)N=C3C=C4C=CC=CC4=CC3=C2)C(=O)N2CCC[C@H]2C(=O)N[C@@H](CC2=CC=CC=C2)C(=O)NCCC[NH3+])N=N1)C(=O)N1CCC[C@H]1C(=O)N[C@@H](CC1=CC=CC=C1)C(=O)NCCC[NH3+],DCC 3 (2017),10.1021/acschembio.7b00052,,,,,,,,,,,HEK293T Cells,Dose-dependent decrease in infectivity,"Ligand = 2, 6.3, 20 µM",Antiviral Activity,ELISA,p24 ELISA and GFP monitoring by fluorescence microscopy,Compared to Indinavir (FDA-approved protease inhibitor) and untreated cells,,,,,,,,,,,,,,,
R-BIND (LM) 0025,R-BIND (MV) 0038,CCC1=C(C=C2C=C3C=CC=CC3=CC2=N1)C(=O)N[C@@H](CCN1C=C(C[C@H](NC(=O)C2=C(CC)N=C3C=C4C=CC=CC4=CC3=C2)C(=O)N2CCC[C@H]2C(=O)N[C@@H](CC2=CC=CC=C2)C(=O)NCCC[NH3+])N=N1)C(=O)N1CCC[C@H]1C(=O)N[C@@H](CC1=CC=CC=C1)C(=O)NCCC[NH3+],DCC 3 (2017),10.1021/acschembio.7b00052,,,,,,,,,,,HEK293T Cells,Increased the amount of Gag-Pol relative to Gan,"Ligand = 2, 6.3, 20 µM",Antiviral Activity,Western Blot,Assessed Gag/Gag-Pol ratio,Compared to Indinavir (FDA-approved protease inhibitor) and untreated cells; relative to p24,,,,,,,,,,,,,,,
R-BIND (LM) 0025,R-BIND (MV) 0038,CCC1=C(C=C2C=C3C=CC=CC3=CC2=N1)C(=O)N[C@@H](CCN1C=C(C[C@H](NC(=O)C2=C(CC)N=C3C=C4C=CC=CC4=CC3=C2)C(=O)N2CCC[C@H]2C(=O)N[C@@H](CC2=CC=CC=C2)C(=O)NCCC[NH3+])N=N1)C(=O)N1CCC[C@H]1C(=O)N[C@@H](CC1=CC=CC=C1)C(=O)NCCC[NH3+],DCC 3 (2017),10.1021/acschembio.7b00052,,,,,,,,,,,MT-2 T-cells,Very low levels of virus present; IC50 = 15.33 µM,"Ligand = 2.5, 5, 10, 15, 20, 30 µM",Antiviral Activity,ELISA,Analyzed propagation of HIVIIIB,-,,,,,,,,,,,,,,,
R-BIND (LM) 0025,R-BIND (MV) 0038,CCC1=C(C=C2C=C3C=CC=CC3=CC2=N1)C(=O)N[C@@H](CCN1C=C(C[C@H](NC(=O)C2=C(CC)N=C3C=C4C=CC=CC4=CC3=C2)C(=O)N2CCC[C@H]2C(=O)N[C@@H](CC2=CC=CC=C2)C(=O)NCCC[NH3+])N=N1)C(=O)N1CCC[C@H]1C(=O)N[C@@H](CC1=CC=CC=C1)C(=O)NCCC[NH3+],DCC 3 (2017),10.1021/acschembio.7b00052,,,,,,,,,,,MT-2 T-cells,No cell growth inhibition,"Ligand = 2.5, 5, 10, 15, 20, 30 µM",Proliferation,Resazurin,6 days post-transfection,-,,,,,,,,,,,,,,,
R-BIND (LM) 0025,R-BIND (MV) 0038,CCC1=C(C=C2C=C3C=CC=CC3=CC2=N1)C(=O)N[C@@H](CCN1C=C(C[C@H](NC(=O)C2=C(CC)N=C3C=C4C=CC=CC4=CC3=C2)C(=O)N2CCC[C@H]2C(=O)N[C@@H](CC2=CC=CC=C2)C(=O)NCCC[NH3+])N=N1)C(=O)N1CCC[C@H]1C(=O)N[C@@H](CC1=CC=CC=C1)C(=O)NCCC[NH3+],DCC 3 (2017),10.1021/acschembio.7b00052,,,,,,,,,,,MT-2 HIV-1 AD.MDR01,No effect on virus inhibition,Ligand = 15 µM,Antiviral Activity,ELISA,p24 ELISA,-,,,,,,,,,,,,,,,
R-BIND (LM) 0025,R-BIND (MV) 0038,CCC1=C(C=C2C=C3C=CC=CC3=CC2=N1)C(=O)N[C@@H](CCN1C=C(C[C@H](NC(=O)C2=C(CC)N=C3C=C4C=CC=CC4=CC3=C2)C(=O)N2CCC[C@H]2C(=O)N[C@@H](CC2=CC=CC=C2)C(=O)NCCC[NH3+])N=N1)C(=O)N1CCC[C@H]1C(=O)N[C@@H](CC1=CC=CC=C1)C(=O)NCCC[NH3+],DCC 3 (2017),10.1021/acschembio.7b00052,,,,,,,,,,,MT-2 HIV-1 AD.MDR01,No significant effect on cell growth,Ligand = 15 µM,Proliferation,Resazurin,6 days post-transfection,-,,,,,,,,,,,,,,,
R-BIND (LM) 0026,R-BIND (MV) 0039,CCC1=C(C=C2C=C3C=CC=CC3=CC2=N1)C(=O)N[C@@H](CC1=CN(CC[C@H](N(C)C(=O)C2=C(CC)N=C3C=C4C=CC=CC4=CC3=C2)C(=O)N2CCC[C@H]2C(=O)N(C)[C@@H](CC2=CC=CC=C2)C(=O)NCCC[NH3+])N=N1)C(=O)N1CCC[C@H]1C(=O)N[C@@H](CC1=CC=CC=C1)C(=O)NCCC[NH3+],DCC 4 (2017),10.1021/acschembio.7b00052,,HIV-1 FSS RNA,ka = 5.3 ± 2 x 10^4 1/M*s; kd = 3.3 ± 1 x 10^-3 1/s; Kd = 68 ± 7 nM,Ligand = NR; RNA = 50 µM,"10 mM HEPES (pH = 7.4), 150 mM NaCl, and 0.005% Tween",Binding,Surface Plasmon Resonance,50 ?M 5?-biotin HIV-1 FSS was refolded in 10 mM HEPES and 150 mM NaCl at pH 7.4 by heating at 98 °C in a heater block for 2 min then cooled to RT and immobilized on one flow cell of the SPR chip to a density of 1100 RU. ,-,,HEK293T Cells,TD50 ~ 90 µM,Ligand = NR,Cytotoxicity,WST-1,Cells incubated for 24 h with compound,Compared to untreated cells,,,,,,,,,,,,,,,
R-BIND (LM) 0026,R-BIND (MV) 0039,CCC1=C(C=C2C=C3C=CC=CC3=CC2=N1)C(=O)N[C@@H](CC1=CN(CC[C@H](N(C)C(=O)C2=C(CC)N=C3C=C4C=CC=CC4=CC3=C2)C(=O)N2CCC[C@H]2C(=O)N(C)[C@@H](CC2=CC=CC=C2)C(=O)NCCC[NH3+])N=N1)C(=O)N1CCC[C@H]1C(=O)N[C@@H](CC1=CC=CC=C1)C(=O)NCCC[NH3+],DCC 4 (2017),10.1021/acschembio.7b00052,C,HIV-1 FSS RNA; 5-fold excess tRNA,Kd = 62 ± 20 nM,Ligand = NR; RNA = 50 µM,"11 mM HEPES (pH = 7.4), 150 mM NaCl, and 0.005% Tween",Binding,Surface Plasmon Resonance,,,,HEK293T Cells,Permeable at 5 and 15 µM,Ligand = NR,Cell Uptake,Flow Cytometry,Cells incubated for 24 h with compound,Compared to untreated cells,,,,,,,,,,,,,,,
R-BIND (LM) 0026,R-BIND (MV) 0039,CCC1=C(C=C2C=C3C=CC=CC3=CC2=N1)C(=O)N[C@@H](CC1=CN(CC[C@H](N(C)C(=O)C2=C(CC)N=C3C=C4C=CC=CC4=CC3=C2)C(=O)N2CCC[C@H]2C(=O)N(C)[C@@H](CC2=CC=CC=C2)C(=O)NCCC[NH3+])N=N1)C(=O)N1CCC[C@H]1C(=O)N[C@@H](CC1=CC=CC=C1)C(=O)NCCC[NH3+],DCC 4 (2017),10.1021/acschembio.7b00052,,,,,,,,,,,HEK293T Cells,Dose-dependent decrease in infectivity,"Ligand = 2, 6.3, 20 µM",Antiviral Activity,ELISA,p24 ELISA and GFP monitoring by fluorescence microscopy,Compared to Indinavir (FDA-approved protease inhibitor) and untreated cells,,,,,,,,,,,,,,,
R-BIND (LM) 0026,R-BIND (MV) 0039,CCC1=C(C=C2C=C3C=CC=CC3=CC2=N1)C(=O)N[C@@H](CC1=CN(CC[C@H](N(C)C(=O)C2=C(CC)N=C3C=C4C=CC=CC4=CC3=C2)C(=O)N2CCC[C@H]2C(=O)N(C)[C@@H](CC2=CC=CC=C2)C(=O)NCCC[NH3+])N=N1)C(=O)N1CCC[C@H]1C(=O)N[C@@H](CC1=CC=CC=C1)C(=O)NCCC[NH3+],DCC 4 (2017),10.1021/acschembio.7b00052,,,,,,,,,,,HEK293T Cells,Increased the amount of Gag-Pol relative to Gan,"Ligand = 2, 6.3, 20 µM",Antiviral Activity,Western Blot,Assessed Gag/Gag-Pol ratio,Compared to Indinavir (FDA-approved protease inhibitor) and untreated cells; relative to p24,,,,,,,,,,,,,,,
R-BIND (LM) 0026,R-BIND (MV) 0039,CCC1=C(C=C2C=C3C=CC=CC3=CC2=N1)C(=O)N[C@@H](CC1=CN(CC[C@H](N(C)C(=O)C2=C(CC)N=C3C=C4C=CC=CC4=CC3=C2)C(=O)N2CCC[C@H]2C(=O)N(C)[C@@H](CC2=CC=CC=C2)C(=O)NCCC[NH3+])N=N1)C(=O)N1CCC[C@H]1C(=O)N[C@@H](CC1=CC=CC=C1)C(=O)NCCC[NH3+],DCC 4 (2017),10.1021/acschembio.7b00052,,,,,,,,,,,MT-2 T-cells,Very low levels of virus present; IC50 = 10.17 µM,"Ligand = 2.5, 5, 10, 15, 20, 30 µM",Antiviral Activity,ELISA,Analyzed propagation of HIVIIIB,-,,,,,,,,,,,,,,,
R-BIND (LM) 0026,R-BIND (MV) 0039,CCC1=C(C=C2C=C3C=CC=CC3=CC2=N1)C(=O)N[C@@H](CC1=CN(CC[C@H](N(C)C(=O)C2=C(CC)N=C3C=C4C=CC=CC4=CC3=C2)C(=O)N2CCC[C@H]2C(=O)N(C)[C@@H](CC2=CC=CC=C2)C(=O)NCCC[NH3+])N=N1)C(=O)N1CCC[C@H]1C(=O)N[C@@H](CC1=CC=CC=C1)C(=O)NCCC[NH3+],DCC 4 (2017),10.1021/acschembio.7b00052,,,,,,,,,,,MT-2 T-cells,No cell growth inhibition,"Ligand = 2.5, 5, 10, 15, 20, 30 µM",Proliferation,Resazurin,6 days post-transfection,-,,,,,,,,,,,,,,,
R-BIND (LM) 0026,R-BIND (MV) 0039,CCC1=C(C=C2C=C3C=CC=CC3=CC2=N1)C(=O)N[C@@H](CC1=CN(CC[C@H](N(C)C(=O)C2=C(CC)N=C3C=C4C=CC=CC4=CC3=C2)C(=O)N2CCC[C@H]2C(=O)N(C)[C@@H](CC2=CC=CC=C2)C(=O)NCCC[NH3+])N=N1)C(=O)N1CCC[C@H]1C(=O)N[C@@H](CC1=CC=CC=C1)C(=O)NCCC[NH3+],DCC 4 (2017),10.1021/acschembio.7b00052,,,,,,,,,,,MT-2 HIV-1 AD.MDR01,No effect on virus inhibition,Ligand = 15 µM,Antiviral Activity,ELISA,p24 ELISA,-,,,,,,,,,,,,,,,
R-BIND (LM) 0026,R-BIND (MV) 0039,CCC1=C(C=C2C=C3C=CC=CC3=CC2=N1)C(=O)N[C@@H](CC1=CN(CC[C@H](N(C)C(=O)C2=C(CC)N=C3C=C4C=CC=CC4=CC3=C2)C(=O)N2CCC[C@H]2C(=O)N(C)[C@@H](CC2=CC=CC=C2)C(=O)NCCC[NH3+])N=N1)C(=O)N1CCC[C@H]1C(=O)N[C@@H](CC1=CC=CC=C1)C(=O)NCCC[NH3+],DCC 4 (2017),10.1021/acschembio.7b00052,,,,,,,,,,,MT-2 HIV-1 AD.MDR01,Prolonged cell growth,Ligand = 15 µM,Proliferation,Resazurin,6 days post-transfection,-,,,,,,,,,,,,,,,
R-BIND (LM) 0027,R-BIND (MV) 0040,CCC1=C(C=C2C=C3C=CC=CC3=CC2=N1)C(=O)N[C@@H](CC1=CN(CC[C@H](N(C)C(=O)C2=C(CC)N=C3C=C4C=CC=CC4=CC3=C2)C(=O)N2CCC[C@H]2C(=O)N[C@@H](CC2=CC=CC=C2)C(=O)NCCC[NH3+])N=N1)C(=O)N1CCC[C@H]1C(=O)N(C)[C@@H](CC1=CC=CC=C1)C(=O)NCCC[NH3+],DCC 5 (2017),10.1021/acschembio.7b00052,,HIV-1 FSS RNA,ka = 1.2 ± 0.3 x 10^4 1/M*s; kd = 6.2 ± 0.3 x 10^-3 1/s; Kd = 59 ± 10 nM,Ligand = NR; RNA = 50 µM,"10 mM HEPES (pH = 7.4), 150 mM NaCl, and 0.005% Tween",Binding,Surface Plasmon Resonance,50 ?M 5?-biotin HIV-1 FSS was refolded in 10 mM HEPES and 150 mM NaCl at pH 7.4 by heating at 98 °C in a heater block for 2 min then cooled to RT and immobilized on one flow cell of the SPR chip to a density of 1100 RU. ,-,,HEK293T Cells,TD50 > 110 µM,Ligand = NR,Cytotoxicity,WST-1,Cells incubated for 24 h with compound,Compared to untreated cells,,,,,,,,,,,,,,,
R-BIND (LM) 0027,R-BIND (MV) 0040,CCC1=C(C=C2C=C3C=CC=CC3=CC2=N1)C(=O)N[C@@H](CC1=CN(CC[C@H](N(C)C(=O)C2=C(CC)N=C3C=C4C=CC=CC4=CC3=C2)C(=O)N2CCC[C@H]2C(=O)N[C@@H](CC2=CC=CC=C2)C(=O)NCCC[NH3+])N=N1)C(=O)N1CCC[C@H]1C(=O)N(C)[C@@H](CC1=CC=CC=C1)C(=O)NCCC[NH3+],DCC 5 (2017),10.1021/acschembio.7b00052,C,HIV-1 FSS RNA; 5-fold excess tRNA,Kd = 31 ± 5 nM,Ligand = NR; RNA = 50 µM,"11 mM HEPES (pH = 7.4), 150 mM NaCl, and 0.005% Tween",Binding,Surface Plasmon Resonance,51 ?M 5?-biotin HIV-1 FSS was refolded in 10 mM HEPES and 150 mM NaCl at pH 7.4 by heating at 98 °C in a heater block for 2 min then cooled to RT and immobilized on one flow cell of the SPR chip to a density of 1100 RU. ,-,,HEK293T Cells,Permeable at 5 and 15 µM,Ligand = NR,Cell Uptake,Flow Cytometry,Cells incubated for 24 h with compound,Compared to untreated cells,,,,,,,,,,,,,,,
R-BIND (LM) 0027,R-BIND (MV) 0040,CCC1=C(C=C2C=C3C=CC=CC3=CC2=N1)C(=O)N[C@@H](CC1=CN(CC[C@H](N(C)C(=O)C2=C(CC)N=C3C=C4C=CC=CC4=CC3=C2)C(=O)N2CCC[C@H]2C(=O)N[C@@H](CC2=CC=CC=C2)C(=O)NCCC[NH3+])N=N1)C(=O)N1CCC[C@H]1C(=O)N(C)[C@@H](CC1=CC=CC=C1)C(=O)NCCC[NH3+],DCC 5 (2017),10.1021/acschembio.7b00052,,,,,,,,,,,HEK293T Cells,Dose-dependent decrease in infectivity,"Ligand = 2, 6.3, 20 µM",Antiviral Activity,ELISA,p24 ELISA and GFP monitoring by fluorescence microscopy,Compared to Indinavir (FDA-approved protease inhibitor) and untreated cells,,,,,,,,,,,,,,,
R-BIND (LM) 0027,R-BIND (MV) 0040,CCC1=C(C=C2C=C3C=CC=CC3=CC2=N1)C(=O)N[C@@H](CC1=CN(CC[C@H](N(C)C(=O)C2=C(CC)N=C3C=C4C=CC=CC4=CC3=C2)C(=O)N2CCC[C@H]2C(=O)N[C@@H](CC2=CC=CC=C2)C(=O)NCCC[NH3+])N=N1)C(=O)N1CCC[C@H]1C(=O)N(C)[C@@H](CC1=CC=CC=C1)C(=O)NCCC[NH3+],DCC 5 (2017),10.1021/acschembio.7b00052,,,,,,,,,,,HEK293T Cells,Increased the amount of Gag-Pol relative to Gan,"Ligand = 2, 6.3, 20 µM",Antiviral Activity,Western Blot,Assessed Gag/Gag-Pol ratio,Compared to Indinavir (FDA-approved protease inhibitor) and untreated cells; relative to p24,,,,,,,,,,,,,,,
R-BIND (LM) 0027,R-BIND (MV) 0040,CCC1=C(C=C2C=C3C=CC=CC3=CC2=N1)C(=O)N[C@@H](CC1=CN(CC[C@H](N(C)C(=O)C2=C(CC)N=C3C=C4C=CC=CC4=CC3=C2)C(=O)N2CCC[C@H]2C(=O)N[C@@H](CC2=CC=CC=C2)C(=O)NCCC[NH3+])N=N1)C(=O)N1CCC[C@H]1C(=O)N(C)[C@@H](CC1=CC=CC=C1)C(=O)NCCC[NH3+],DCC 5 (2017),10.1021/acschembio.7b00052,,,,,,,,,,,MT-2 T-cells,Very low levels of virus present; IC50 = 10.17 µM,"Ligand = 2.5, 5, 10, 15, 20, 30 µM",Antiviral Activity,ELISA,Analyzed propagation of HIVIIIB,-,,,,,,,,,,,,,,,
R-BIND (LM) 0027,R-BIND (MV) 0040,CCC1=C(C=C2C=C3C=CC=CC3=CC2=N1)C(=O)N[C@@H](CC1=CN(CC[C@H](N(C)C(=O)C2=C(CC)N=C3C=C4C=CC=CC4=CC3=C2)C(=O)N2CCC[C@H]2C(=O)N[C@@H](CC2=CC=CC=C2)C(=O)NCCC[NH3+])N=N1)C(=O)N1CCC[C@H]1C(=O)N(C)[C@@H](CC1=CC=CC=C1)C(=O)NCCC[NH3+],DCC 5 (2017),10.1021/acschembio.7b00052,,,,,,,,,,,MT-2 T-cells,No cell growth inhibition,"Ligand = 2.5, 5, 10, 15, 20, 30 µM",Proliferation,Resazurin,6 days post-transfection,-,,,,,,,,,,,,,,,
R-BIND (LM) 0027,R-BIND (MV) 0040,CCC1=C(C=C2C=C3C=CC=CC3=CC2=N1)C(=O)N[C@@H](CC1=CN(CC[C@H](N(C)C(=O)C2=C(CC)N=C3C=C4C=CC=CC4=CC3=C2)C(=O)N2CCC[C@H]2C(=O)N[C@@H](CC2=CC=CC=C2)C(=O)NCCC[NH3+])N=N1)C(=O)N1CCC[C@H]1C(=O)N(C)[C@@H](CC1=CC=CC=C1)C(=O)NCCC[NH3+],DCC 5 (2017),10.1021/acschembio.7b00052,,,,,,,,,,,MT-2 HIV-1 AD.MDR01,No effect on virus inhibition,Ligand = 15 µM,Antiviral Activity,ELISA,p24 ELISA,-,,,,,,,,,,,,,,,
R-BIND (LM) 0027,R-BIND (MV) 0040,CCC1=C(C=C2C=C3C=CC=CC3=CC2=N1)C(=O)N[C@@H](CC1=CN(CC[C@H](N(C)C(=O)C2=C(CC)N=C3C=C4C=CC=CC4=CC3=C2)C(=O)N2CCC[C@H]2C(=O)N[C@@H](CC2=CC=CC=C2)C(=O)NCCC[NH3+])N=N1)C(=O)N1CCC[C@H]1C(=O)N(C)[C@@H](CC1=CC=CC=C1)C(=O)NCCC[NH3+],DCC 5 (2017),10.1021/acschembio.7b00052,,,,,,,,,,,MT-2 HIV-1 AD.MDR01,No significant effect on cell growth,Ligand = 15 µM,Proliferation,Resazurin,6 days post-transfection,-,,,,,,,,,,,,,,,
R-BIND (LM) 0028,R-BIND (MV) 0041,CCC1=C(C=C2C=C3C=CC=CC3=CC2=N1)C(=O)N(C)[C@@H](CCN1C=C(C[C@H](N(C)C(=O)C2=C(CC)N=C3C=C4C=CC=CC4=CC3=C2)C(=O)N2CCC[C@H]2C(=O)N(C)[C@@H](CC2=CC=CC=C2)C(=O)NCCC[NH3+])N=N1)C(=O)N1CCC[C@H]1C(=O)N(C)[C@@H](CC1=CC=CC=C1)C(=O)NCCC[NH3+],DCC 7 (2017),10.1021/acschembio.7b00052,,HIV-1 FSS RNA,ka = 1.9 ± 0.3 x 10^5 1/M*s; kd = 3.0 ± 0.5 x 10^-3 1/s; Kd = 16 ± 4 nM,Ligand = NR; RNA = 50 µM,"10 mM HEPES (pH = 7.4), 150 mM NaCl, and 0.005% Tween",Binding,Surface Plasmon Resonance,50 ?M 5?-biotin HIV-1 FSS was refolded in 10 mM HEPES and 150 mM NaCl at pH 7.4 by heating at 98 °C in a heater block for 2 min then cooled to RT and immobilized on one flow cell of the SPR chip to a density of 1100 RU. ,-,,HEK293T Cells,TD50 ~ 60 µM,Ligand = NR,Cytotoxicity,WST-1,Cells incubated for 24 h with compound,Compared to untreated cells,,,,,,,,,,,,,,,
R-BIND (LM) 0028,R-BIND (MV) 0041,CCC1=C(C=C2C=C3C=CC=CC3=CC2=N1)C(=O)N(C)[C@@H](CCN1C=C(C[C@H](N(C)C(=O)C2=C(CC)N=C3C=C4C=CC=CC4=CC3=C2)C(=O)N2CCC[C@H]2C(=O)N(C)[C@@H](CC2=CC=CC=C2)C(=O)NCCC[NH3+])N=N1)C(=O)N1CCC[C@H]1C(=O)N(C)[C@@H](CC1=CC=CC=C1)C(=O)NCCC[NH3+],DCC 7 (2017),10.1021/acschembio.7b00052,C,HIV-1 FSS RNA; 5-fold excess tRNA,Kd = 130 ± 20 nM,Ligand = NR; RNA = 50 µM,"11 mM HEPES (pH = 7.4), 150 mM NaCl, and 0.005% Tween",Binding,Surface Plasmon Resonance,51 ?M 5?-biotin HIV-1 FSS was refolded in 10 mM HEPES and 150 mM NaCl at pH 7.4 by heating at 98 °C in a heater block for 2 min then cooled to RT and immobilized on one flow cell of the SPR chip to a density of 1100 RU. ,-,,HEK293T Cells,Permeable at 5 and 15 µM,Ligand = NR,Cell Uptake,Flow Cytometry,Cells incubated for 24 h with compound,Compared to untreated cells,,,,,,,,,,,,,,,
R-BIND (LM) 0028,R-BIND (MV) 0041,CCC1=C(C=C2C=C3C=CC=CC3=CC2=N1)C(=O)N(C)[C@@H](CCN1C=C(C[C@H](N(C)C(=O)C2=C(CC)N=C3C=C4C=CC=CC4=CC3=C2)C(=O)N2CCC[C@H]2C(=O)N(C)[C@@H](CC2=CC=CC=C2)C(=O)NCCC[NH3+])N=N1)C(=O)N1CCC[C@H]1C(=O)N(C)[C@@H](CC1=CC=CC=C1)C(=O)NCCC[NH3+],DCC 7 (2017),10.1021/acschembio.7b00052,,,,,,,,,,,HEK293T Cells,Dose-dependent decrease in infectivity,"Ligand = 2, 6.3, 20 µM",Antiviral Activity,ELISA,p24 ELISA and GFP monitoring by fluorescence microscopy,Compared to Indinavir (FDA-approved protease inhibitor) and untreated cells,,,,,,,,,,,,,,,
R-BIND (LM) 0028,R-BIND (MV) 0041,CCC1=C(C=C2C=C3C=CC=CC3=CC2=N1)C(=O)N(C)[C@@H](CCN1C=C(C[C@H](N(C)C(=O)C2=C(CC)N=C3C=C4C=CC=CC4=CC3=C2)C(=O)N2CCC[C@H]2C(=O)N(C)[C@@H](CC2=CC=CC=C2)C(=O)NCCC[NH3+])N=N1)C(=O)N1CCC[C@H]1C(=O)N(C)[C@@H](CC1=CC=CC=C1)C(=O)NCCC[NH3+],DCC 7 (2017),10.1021/acschembio.7b00052,,,,,,,,,,,HEK293T Cells,53 / 17872 transcripts statistically significant differences over control,"Ligand = 6, 20 µM",Global RNA Abundance,RNA-Seq,-,Performed in biological triplicate,,,,,,,,,,,,,,,
R-BIND (LM) 0028,R-BIND (MV) 0041,CCC1=C(C=C2C=C3C=CC=CC3=CC2=N1)C(=O)N(C)[C@@H](CCN1C=C(C[C@H](N(C)C(=O)C2=C(CC)N=C3C=C4C=CC=CC4=CC3=C2)C(=O)N2CCC[C@H]2C(=O)N(C)[C@@H](CC2=CC=CC=C2)C(=O)NCCC[NH3+])N=N1)C(=O)N1CCC[C@H]1C(=O)N(C)[C@@H](CC1=CC=CC=C1)C(=O)NCCC[NH3+],DCC 7 (2017),10.1021/acschembio.7b00052,,,,,,,,,,,MT-2 T-cells,Increased the amount of Gag-Pol relative to Gan,"Ligand = 2, 6.3, 20 µM",Antiviral Activity,Western Blot,Assessed Gag/Gag-Pol ratio,Compared to Indinavir (FDA-approved protease inhibitor) and untreated cells; relative to p24,,,,,,,,,,,,,,,
R-BIND (LM) 0028,R-BIND (MV) 0041,CCC1=C(C=C2C=C3C=CC=CC3=CC2=N1)C(=O)N(C)[C@@H](CCN1C=C(C[C@H](N(C)C(=O)C2=C(CC)N=C3C=C4C=CC=CC4=CC3=C2)C(=O)N2CCC[C@H]2C(=O)N(C)[C@@H](CC2=CC=CC=C2)C(=O)NCCC[NH3+])N=N1)C(=O)N1CCC[C@H]1C(=O)N(C)[C@@H](CC1=CC=CC=C1)C(=O)NCCC[NH3+],DCC 7 (2017),10.1021/acschembio.7b00052,,,,,,,,,,,MT-2 T-cells,Very low levels of virus present; IC50 =  4.86 µM,"Ligand = 2.5, 5, 10, 15, 20, 30 µM",Antiviral Activity,ELISA,Analyzed propagation of HIVIIIB,-,,,,,,,,,,,,,,,
R-BIND (LM) 0028,R-BIND (MV) 0041,CCC1=C(C=C2C=C3C=CC=CC3=CC2=N1)C(=O)N(C)[C@@H](CCN1C=C(C[C@H](N(C)C(=O)C2=C(CC)N=C3C=C4C=CC=CC4=CC3=C2)C(=O)N2CCC[C@H]2C(=O)N(C)[C@@H](CC2=CC=CC=C2)C(=O)NCCC[NH3+])N=N1)C(=O)N1CCC[C@H]1C(=O)N(C)[C@@H](CC1=CC=CC=C1)C(=O)NCCC[NH3+],DCC 7 (2017),10.1021/acschembio.7b00052,,,,,,,,,,,MT-2 T-cells,No cell growth inhibition,"Ligand = 2.5, 5, 10, 15, 20, 30 µM",Proliferation,Resazurin,6 days post-transfection,-,,,,,,,,,,,,,,,
R-BIND (LM) 0028,R-BIND (MV) 0041,CCC1=C(C=C2C=C3C=CC=CC3=CC2=N1)C(=O)N(C)[C@@H](CCN1C=C(C[C@H](N(C)C(=O)C2=C(CC)N=C3C=C4C=CC=CC4=CC3=C2)C(=O)N2CCC[C@H]2C(=O)N(C)[C@@H](CC2=CC=CC=C2)C(=O)NCCC[NH3+])N=N1)C(=O)N1CCC[C@H]1C(=O)N(C)[C@@H](CC1=CC=CC=C1)C(=O)NCCC[NH3+],DCC 7 (2017),10.1021/acschembio.7b00052,,,,,,,,,,,MT-2 HIV-1 AD.MDR01,Statistically significant virus inhibition,Ligand = 15 µM,Antiviral Activity,ELISA,-,-,,,,,,,,,,,,,,,
R-BIND (LM) 0028,R-BIND (MV) 0041,CCC1=C(C=C2C=C3C=CC=CC3=CC2=N1)C(=O)N(C)[C@@H](CCN1C=C(C[C@H](N(C)C(=O)C2=C(CC)N=C3C=C4C=CC=CC4=CC3=C2)C(=O)N2CCC[C@H]2C(=O)N(C)[C@@H](CC2=CC=CC=C2)C(=O)NCCC[NH3+])N=N1)C(=O)N1CCC[C@H]1C(=O)N(C)[C@@H](CC1=CC=CC=C1)C(=O)NCCC[NH3+],DCC 7 (2017),10.1021/acschembio.7b00052,,,,,,,,,,,MT-2 HIV-1 AD.MDR01,Significant effect on cell growth,Ligand = 15 µM,Proliferation,Resazurin,6 days post-transfection,-,,,,,,,,,,,,,,,
R-BIND (LM) 0029,,[NH3+]CCCNC1=NC2=C(C=C1)C=CC1=C2N=C(NCCCNC(=O)CC[NH2+]CCC(=O)NCCCNC2=NC3=C(C=C2)C=CC2=C3N=C(NCCC[NH3+])C=C2)C=C1,DDAP,10.1002/chem.201804368,,r(CUG)9,Binds. SPR intensity gradually increased as the concentration of ligand increased. Sensogram showed a slow increase in the SPR intensity during the injection of the ligand solution and a slow decrease during injection of the buffer solution,"Ligand = 7.5, 15, 30, 60, and 120 nM","10 mM HEPES (pH = 7.4), 0.15 M NaCl, 3 mM EDTA, and 0.005% v/v Surfactant P20",Binding,Surface Plasmon Resonance,"RNA-immobilized surface prepared on a streptavidin-sensor chip (SA chip; GE Healthcare). Amount of RNA immobilized was 327 RU as evaluated as the difference in the RU before and after the immobilization step. Single-cycle kinetics analysis was applied: the ligand solution was injected with increasing concentrations in a single cycle. After each injection of the ligand solution for 60 s to monitor the association phase, the buffer solution without ligand was injected for an additional 60 s to monitor the dissociation phase.",-,,C2C12 Cells,Mis-splicing of Atp2a1 was partially recovered in a dose-dependent manner (up to 93.5% at 40 µM). Recovery was statistically significant at 30 and 40 µM,"Ligand = 10, 20, 30, and 40 µM",RNA Splicing,RT-PCR,Model system conditionally express r(CUG)800 repeats,Compared to untreated cells,,DM1 HSALR mouse model (Clcn1),58.7% Clcn1 exon 7a exclusion (Increased from 46.8%) at 20 mg/kg; 64.3% Clcn1 exon 7a exclusion at 50 mg/kg,Intraperitoneal; 20 mg/kg or 50 mg/kg once a day for 5 days,RNA splicing,RT-PCR,Mice express r(CUG)220 and exhibit splicing defects,Compared to wild-type mice and HSALR mice not treated with compound,,,,,,,
R-BIND (LM) 0029,,[NH3+]CCCNC1=NC2=C(C=C1)C=CC1=C2N=C(NCCCNC(=O)CC[NH2+]CCC(=O)NCCCNC2=NC3=C(C=C2)C=CC2=C3N=C(NCCC[NH3+])C=C2)C=C1,DDAP,10.1002/chem.201804368,C,r(CAG)9,"Binds; Compared to r(CUG)9, SPR intensity was lower at higher concentrations of ligand","Ligand = 7.5, 15, 30, 60, and 120 nM","10 mM HEPES (pH = 7.4), 0.15 M NaCl, 3 mM EDTA, and 0.005% v/v Surfactant P20",Off-Target Effect,Surface Plasmon Resonance,"RNA-immobilized surface prepared on a streptavidin-sensor chip (SA chip; GE Healthcare). Amount of RNA immobilized was 321 RU as evaluated as the difference in the RU before and after the immobilization step. Single-cycle kinetics analysis was applied: the ligand solution was injected with increasing concentrations in a single cycle. After each injection of the ligand solution for 60 s to monitor the association phase, the buffer solution without ligand was injected for an additional 60 s to monitor the dissociation phase.",-,C,C2C12 Cells,No effect on splicing regulation,Ligand = 40 µM,RNA Splicing,RT-PCR,Model system does not express r(CUG)800 repeats,Compared to untreated cells,,DM1 HSALR mouse model (Atp2a1),"41.7% and 46.4% Atp2a1 exon 22 inclusion at 20 mg/kg and 50 mg/kg, respectively (increased from 22.1%)",Intraperitoneal; 20 mg/kg or 50 mg/kg once a day for 5 days,RNA splicing,RT-PCR,Mice express r(CUG)220 and exhibit splicing defects,Compared to wild-type mice and HSALR mice not treated with compound,,,,,,,
R-BIND (LM) 0029,,[NH3+]CCCNC1=NC2=C(C=C1)C=CC1=C2N=C(NCCCNC(=O)CC[NH2+]CCC(=O)NCCCNC2=NC3=C(C=C2)C=CC2=C3N=C(NCCC[NH3+])C=C2)C=C1,DDAP,10.1002/chem.201804368,C,r(CCG)9,"Binds; Compared to r(CUG)9, SPR intensity was lower at higher concentrations of ligand","Ligand = 7.5, 15, 30, 60, and 120 nM","10 mM HEPES (pH = 7.4), 0.15 M NaCl, 3 mM EDTA, and 0.005% v/v Surfactant P20",Off-Target Effect,Surface Plasmon Resonance,"RNA-immobilized surface prepared on a streptavidin-sensor chip (SA chip; GE Healthcare). Amount of RNA immobilized was 303 RU as evaluated as the difference in the RU before and after the immobilization step. Single-cycle kinetics analysis was applied: the ligand solution was injected with increasing concentrations in a single cycle. After each injection of the ligand solution for 60 s to monitor the association phase, the buffer solution without ligand was injected for an additional 60 s to monitor the dissociation phase.",-,,C2C12 Cells,No significant cytotoxicity below 40 µM,Ligand = 0-100 µM,Cytotoxicity,NR,-,-,,,,,,,,,,,,,,,
R-BIND (LM) 0029,,[NH3+]CCCNC1=NC2=C(C=C1)C=CC1=C2N=C(NCCCNC(=O)CC[NH2+]CCC(=O)NCCCNC2=NC3=C(C=C2)C=CC2=C3N=C(NCCC[NH3+])C=C2)C=C1,DDAP,10.1002/chem.201804368,C,r(CGG)9,"Binds; Compared to r(CUG)9, SPR intensity was lower at higher concentrations of ligand","Ligand = 7.5, 15, 30, 60, and 120 nM","10 mM HEPES (pH = 7.4), 0.15 M NaCl, 3 mM EDTA, and 0.005% v/v Surfactant P20",Off-Target Effect,Surface Plasmon Resonance,"RNA-immobilized surface prepared on a streptavidin-sensor chip (SA chip; GE Healthcare). Amount of RNA immobilized was 327 RU as evaluated as the difference in the RU before and after the immobilization step. Single-cycle kinetics analysis was applied: the ligand solution was injected with increasing concentrations in a single cycle. After each injection of the ligand solution for 60 s to monitor the association phase, the buffer solution without ligand was injected for an additional 60 s to monitor the dissociation phase.",-,,C2C12 Cells,Significantly decreased the fraction of cells having nuclear foci to 5.1%,Ligand = 40 µM,Nuclear Foci Dispersion,Fluorescence In Situ Hybridization,Model system conditionally express r(CUG)800 repeats,Compared to untreated cells,,,,,,,,,,,,,,,
R-BIND (LM) 0029,,[NH3+]CCCNC1=NC2=C(C=C1)C=CC1=C2N=C(NCCCNC(=O)CC[NH2+]CCC(=O)NCCCNC2=NC3=C(C=C2)C=CC2=C3N=C(NCCC[NH3+])C=C2)C=C1,DDAP,10.1002/chem.201804368,,r(CUG)20,Binds; negligible dissociation below 60 nM,"Ligand = 7.5, 15, 30, 60, and 120 nM","10 mM HEPES (pH = 7.4), 0.15 M NaCl, 3 mM EDTA, and 0.005% v/v Surfactant P20",Binding,Surface Plasmon Resonance,"RNA-immobilized surface prepared on a streptavidin-sensor chip (SA chip; GE Healthcare). Amount of RNA immobilized was 732 RU as evaluated as the difference in the RU before and after the immobilization step. Single-cycle kinetics analysis was applied: the ligand solution was injected with increasing concentrations in a single cycle. After each injection of the ligand solution for 60 s to monitor the association phase, the buffer solution without ligand was injected for an additional 60 s to monitor the dissociation phase.",-,,,,,,,,,,,,,,,,,,,,,,,
R-BIND (LM) 0029,,[NH3+]CCCNC1=NC2=C(C=C1)C=CC1=C2N=C(NCCCNC(=O)CC[NH2+]CCC(=O)NCCCNC2=NC3=C(C=C2)C=CC2=C3N=C(NCCC[NH3+])C=C2)C=C1,DDAP,10.1002/chem.201804368,C,Double-stranded RNA-hairpin,Binds; efficiency was lower than that observed for binding to r(CUG)9 ,"Ligand = 7.5, 15, 30, 60, and 120 nM","10 mM HEPES (pH = 7.4), 0.15 M NaCl, 3 mM EDTA, and 0.005% v/v Surfactant P20",Off-Target Effect,Surface Plasmon Resonance,"RNA-immobilized surface prepared on a streptavidin-sensor chip (SA chip; GE Healthcare). Amount of RNA immobilized was 768 RU as evaluated as the difference in the RU before and after the immobilization step. Single-cycle kinetics analysis was applied: the ligand solution was injected with increasing concentrations in a single cycle. After each injection of the ligand solution for 60 s to monitor the association phase, the buffer solution without ligand was injected for an additional 60 s to monitor the dissociation phase.",-,,,,,,,,,,,,,,,,,,,,,,,
R-BIND (LM) 0029,,[NH3+]CCCNC1=NC2=C(C=C1)C=CC1=C2N=C(NCCCNC(=O)CC[NH2+]CCC(=O)NCCCNC2=NC3=C(C=C2)C=CC2=C3N=C(NCCC[NH3+])C=C2)C=C1,DDAP,10.1002/chem.201804368,C,Single-stranded RNA (random sequence),No binding,"Ligand = 7.5, 15, 30, 60, and 120 nM","10 mM HEPES (pH = 7.4), 0.15 M NaCl, 3 mM EDTA, and 0.005% v/v Surfactant P20",Off-Target Effect,Surface Plasmon Resonance,"RNA-immobilized surface prepared on a streptavidin-sensor chip (SA chip; GE Healthcare). Amount of RNA immobilized was 674 RU as evaluated as the difference in the RU before and after the immobilization step. Single-cycle kinetics analysis was applied: the ligand solution was injected with increasing concentrations in a single cycle. After each injection of the ligand solution for 60 s to monitor the association phase, the buffer solution without ligand was injected for an additional 60 s to monitor the dissociation phase.",-,,,,,,,,,,,,,,,,,,,,,,,
R-BIND (LM) 0029,,[NH3+]CCCNC1=NC2=C(C=C1)C=CC1=C2N=C(NCCCNC(=O)CC[NH2+]CCC(=O)NCCCNC2=NC3=C(C=C2)C=CC2=C3N=C(NCCC[NH3+])C=C2)C=C1,DDAP,10.1002/chem.201804368,,r(CUG)9,Appearance of negative band at 320 nm,Ligand = 20 µM and RNA = 5 µM,10 mM sodium cacodylate (pH = 7.0) and 100 mM NaCl,Binding,Circular Dichroism,"RNA alone formed an A-form-like conformation, giving an intense, positive band at 275 nm and a weak, negative band at 234 nm; UV absorbance of the ligand and RNA alone were measured to confirm the ligand is in a chiral environment",Compared to free RNA,,,,,,,,,,,,,,,,,,,,,,,
R-BIND (LM) 0029,,[NH3+]CCCNC1=NC2=C(C=C1)C=CC1=C2N=C(NCCCNC(=O)CC[NH2+]CCC(=O)NCCCNC2=NC3=C(C=C2)C=CC2=C3N=C(NCCC[NH3+])C=C2)C=C1,DDAP,10.1002/chem.201804368,C,r(CAG)9,Small spectral change at 320 nm ,Ligand = 20 µM and RNA = 5 µM,10 mM sodium cacodylate (pH = 7.0) and 100 mM NaCl,Off-Target Effect,Circular Dichroism,"RNA alone formed an A-form-like conformation, giving an intense, positive band at 275 nm and a weak, negative band at 234 nm",Compared to free RNA,,,,,,,,,,,,,,,,,,,,,,,
R-BIND (LM) 0029,,[NH3+]CCCNC1=NC2=C(C=C1)C=CC1=C2N=C(NCCCNC(=O)CC[NH2+]CCC(=O)NCCCNC2=NC3=C(C=C2)C=CC2=C3N=C(NCCC[NH3+])C=C2)C=C1,DDAP,10.1002/chem.201804368,C,r(CCG)9,Appearance of negative band at 320 nm,Ligand = 20 µM and RNA = 5 µM,10 mM sodium cacodylate (pH = 7.0) and 100 mM NaCl,Off-Target Effect,Circular Dichroism,"RNA alone formed an A-form-like conformation, giving an intense, positive band at 275 nm and a weak, negative band at 234 nm",Compared to free RNA,,,,,,,,,,,,,,,,,,,,,,,
R-BIND (LM) 0029,,[NH3+]CCCNC1=NC2=C(C=C1)C=CC1=C2N=C(NCCCNC(=O)CC[NH2+]CCC(=O)NCCCNC2=NC3=C(C=C2)C=CC2=C3N=C(NCCC[NH3+])C=C2)C=C1,DDAP,10.1002/chem.201804368,C,r(CGG)9,Small spectral change at 320 nm ,Ligand = 20 µM and RNA = 5 µM,10 mM sodium cacodylate (pH = 7.0) and 100 mM NaCl,Off-Target Effect,Circular Dichroism,"RNA alone formed an A-form-like conformation, giving an intense, positive band at 275 nm and a weak, negative band at 234 nm",Compared to free RNA,,,,,,,,,,,,,,,,,,,,,,,
R-BIND (LM) 0029,,[NH3+]CCCNC1=NC2=C(C=C1)C=CC1=C2N=C(NCCCNC(=O)CC[NH2+]CCC(=O)NCCCNC2=NC3=C(C=C2)C=CC2=C3N=C(NCCC[NH3+])C=C2)C=C1,DDAP,10.1002/chem.201804368,,r(CUG)9,"Ions corresponding to the free r(CUG)9 RNA decreased in intensity in the presence of 10 µM DDAP, and new ions appeared, with m/z values of 1862.5586 , 1552.1332, and 1329.2576; thus indicating the formation of a 1:1 binding complex between DDAP an r(CUG)9 repeats. At 40 µM DDAP, ions corresponding to the 1:1 complex remained predominant in the spectra and the ion intensity was maintained.","Ligand = 10 and 40 µM, RNA = 10 µM",50 mM ammonium acetate (pH = 7.0),Binding,ESI-TOF MS,-,Compared to free RNA,,,,,,,,,,,,,,,,,,,,,,,
R-BIND (LM) 0029,,[NH3+]CCCNC1=NC2=C(C=C1)C=CC1=C2N=C(NCCCNC(=O)CC[NH2+]CCC(=O)NCCCNC2=NC3=C(C=C2)C=CC2=C3N=C(NCCC[NH3+])C=C2)C=C1,DDAP,10.1002/chem.201804368,,r(CUG)9,Binds,"Ligand = NR, RNA = 5 µM",10 mM sodium cacodylate (pH = 7.0) and 100 mM NaCl,Binding,Isothermal Titration Calorimetry,"2 µL of DDAP (300 µM) was titrated every 2 min into buffer solution containing repeat RNA. Difficult to fit to the theoretical binding isotherm, mainly because the repeat hairpin potentially holds multiple binding sites with different affinity to DDAP binding",-,,,,,,,,,,,,,,,,,,,,,,,
R-BIND (LM) 0029,,[NH3+]CCCNC1=NC2=C(C=C1)C=CC1=C2N=C(NCCCNC(=O)CC[NH2+]CCC(=O)NCCCNC2=NC3=C(C=C2)C=CC2=C3N=C(NCCC[NH3+])C=C2)C=C1,DDAP,10.1002/chem.201804368,C,r(CAG)9,Binds,"Ligand = NR, RNA = 5 µM",10 mM sodium cacodylate (pH = 7.0) and 100 mM NaCl,Off-Target Effect,Isothermal Titration Calorimetry,"2 µL of DDAP (300 µM) was titrated every 2 min into buffer solution containing repeat RNA. Difficult to fit to the theoretical binding isotherm, mainly because the repeat hairpin potentially holds multiple binding sites with different affinity to DDAP binding",-,,,,,,,,,,,,,,,,,,,,,,,
R-BIND (LM) 0029,,[NH3+]CCCNC1=NC2=C(C=C1)C=CC1=C2N=C(NCCCNC(=O)CC[NH2+]CCC(=O)NCCCNC2=NC3=C(C=C2)C=CC2=C3N=C(NCCC[NH3+])C=C2)C=C1,DDAP,10.1002/chem.201804368,C,r(CCG)9,Binds,"Ligand = NR, RNA = 5 µM",10 mM sodium cacodylate (pH = 7.0) and 100 mM NaCl,Off-Target Effect,Isothermal Titration Calorimetry,"2 µL of DDAP (300 µM) was titrated every 2 min into buffer solution containing repeat RNA. Difficult to fit to the theoretical binding isotherm, mainly because the repeat hairpin potentially holds multiple binding sites with different affinity to DDAP binding",-,,,,,,,,,,,,,,,,,,,,,,,
R-BIND (LM) 0029,,[NH3+]CCCNC1=NC2=C(C=C1)C=CC1=C2N=C(NCCCNC(=O)CC[NH2+]CCC(=O)NCCCNC2=NC3=C(C=C2)C=CC2=C3N=C(NCCC[NH3+])C=C2)C=C1,DDAP,10.1002/chem.201804368,C,r(CGG)9,Binds,"Ligand = NR, RNA = 5 µM",10 mM sodium cacodylate (pH = 7.0) and 100 mM NaCl,Off-Target Effect,Isothermal Titration Calorimetry,"2 µL of DDAP (300 µM) was titrated every 2 min into buffer solution containing repeat RNA. Difficult to fit to the theoretical binding isotherm, mainly because the repeat hairpin potentially holds multiple binding sites with different affinity to DDAP binding",-,,,,,,,,,,,,,,,,,,,,,,,
R-BIND (LM) 0029,,[NH3+]CCCNC1=NC2=C(C=C1)C=CC1=C2N=C(NCCCNC(=O)CC[NH2+]CCC(=O)NCCCNC2=NC3=C(C=C2)C=CC2=C3N=C(NCCC[NH3+])C=C2)C=C1,DDAP,10.1002/chem.201804368,,r(CUG)20,Ki = 41 nM,"Ligand = 0.4, 0.7, 1.5, 3.1, 6.2, 12.5, 25, 50, 100, and 200 nM, RNA = 0.1 nM, Protein = 15 nM","50 mM NaCl, 50 mM KCl, 50 mM Tris-HCl, (pH = 8).0 1 mM MgCl2, and 0.05% Tween 20",Protein displacement,Filter Binding,5'-32P-labeled r(CUG)20,-,,,,,,,,,,,,,,,,,,,,,,,
R-BIND (LM) 0029,,[NH3+]CCCNC1=NC2=C(C=C1)C=CC1=C2N=C(NCCCNC(=O)CC[NH2+]CCC(=O)NCCCNC2=NC3=C(C=C2)C=CC2=C3N=C(NCCC[NH3+])C=C2)C=C1,DDAP,10.1002/chem.201804368,,r(CUG)20,"Ki = 0.30 µM, IC50 = 0.615 µM","Ligand = 0.18-180 µM, RNA = 0.6 nM, Protein = 400 nM","50 mM Tris-acetate (pH = 8.0), 50 mM NaCl, 50 mM KCl, 1 mM MgCl2, 12.5% (v/v) glycerol",Protein displacement,Electrophoretic Mobility Shift,5'-32P-labeled r(CUG)20,"Control with no ligand, control with RNA only",,,,,,,,,,,,,,,,,,,,,,,
R-BIND (LM) 0030,,CCC1=NC2=CC=CC=C2C=C1C(=O)N(C)[C@@H](CCN1C=C(C[C@H](N(C)C(=O)C2=CC3=CC=CC=C3N=C2CC)C(=O)N2CCC[C@H]2C(=O)N(C)[C@@H](CC2=CC=CC=C2)C(=O)NCCC[NH3+])N=N1)C(=O)N1CCC[C@H]1C(=O)N(C)[C@@H](CC1=CC=CC=C1)C(=O)NCCC[NH3+],Compound 4,10.1016/j.bmc.2019.05.009,,HIV-1 FSS,Kd = 497 ± 157 nM;  Kon = 6.49 X 10^4 1/M*sec; Koff = 2.37 X 10^-2 1/sec,NR,"10 mM HEPES (pH = 7.4), 150 mM NaCl, 3 mM EDTA, 0.005% Tween 20",Binding,Surface Plasmon Resonance,Biotinylated RNA was immobilized to streptavidin-containing surface. 2000 RU of RNA was immobilized. Compound was injected for one minute. At least two injections were performed for each concentration. The two lowest compound concentrations with enough response to be fit reliably were used for final fitting and Kd determination. Curves were fit to a 1:1 Langmuir binding model.,-,,HEK 293FT Cells,Significant decrease in cell viability at concentrations below 40 µM,Ligand = 0-100 µM,Cytotoxicity,WST-1,Experiment conducted 24 hours after addition of compound,-,,,,,,,,,,,,,,,
R-BIND (LM) 0030,,CCC1=NC2=CC=CC=C2C=C1C(=O)N(C)[C@@H](CCN1C=C(C[C@H](N(C)C(=O)C2=CC3=CC=CC=C3N=C2CC)C(=O)N2CCC[C@H]2C(=O)N(C)[C@@H](CC2=CC=CC=C2)C(=O)NCCC[NH3+])N=N1)C(=O)N1CCC[C@H]1C(=O)N(C)[C@@H](CC1=CC=CC=C1)C(=O)NCCC[NH3+],Compound 4,10.1016/j.bmc.2019.05.009,C,"HIV-1 FSS,  5-fold excess tRNA",Kd = 132 ± 34.5 nM,NR,"10 mM HEPES (pH = 7.4), 150 mM NaCl, 3 mM EDTA, 0.005% Tween 20",Off-Target Effect,Surface Plasmon Resonance,Biotinylated RNA was immobilized to streptavidin-containing surface. 2000 RU of RNA was immobilized. Compound was injected for one minute. At least two injections were performed for each concentration. The two lowest compound concentrations with enough response to be fit reliably were used for final fitting and Kd determination. Curves were fit to a 1:1 Langmuir binding model.,Neomycin was used as a negative control,,MT-2 Cells,Strong dose-response; Decreased the amount of virus produced at 25 µM ligand,"Ligand = 2.5, 10, and 25 µM",Antiviral Activity,ELISA,"p24 protein; Cells were infected with HIV-1(IIIB) at a concentration of 32.41 ng p24/mL (as calibrated by p24 ELISA) and then incubated with the compound for 6 days; On days 2 and 4 post-infection, a portion of medium (0.3  mL) was removed and replenished ","Compared to infected cells without compound and infected cells treated with Compound 3, a positive control with antiviral activity (IC50 = 4.86 µM)",,,,,,,,,,,,,,,
R-BIND (LM) 0031,,CCC1=NC2=CC=CC=C2C=C1C(=O)N(C)[C@@H](CCN1C=C(C[C@H](N(C)C(=O)C2=CC3=CC=CC=C3N=C2CC)C(=O)N2C[C@H](O)C[C@H]2C(=O)N(C)[C@@H](CC2=CC=CC=C2)C(=O)NCCC[NH3+])N=N1)C(=O)N1C[C@H](O)C[C@H]1C(=O)N(C)[C@@H](CC1=CC=CC=C1)C(=O)NCCC[NH3+],Compound 5,10.1016/j.bmc.2019.05.009,,HIV-1 FSS,Kd = 583 ± 202 nM; Kon = 1.49 X 10^4 1/M*sec; Koff = 6.80 X 10^-3 1/sec,NR,"10 mM HEPES (pH = 7.4), 150 mM NaCl, 3 mM EDTA, 0.005% Tween 20",Binding,Surface Plasmon Resonance,Biotinylated RNA was immobilized to streptavidin-containing surface. 2000 RU of RNA was immobilized. Compound was injected for one minute. At least two injections were performed for each concentration. The two lowest compound concentrations with enough response to be fit reliably were used for final fitting and Kd determination. Curves were fit to a 1:1 Langmuir binding model.,-,,HEK 293FT Cells,No significant decrease in cell viability at concentrations below 40 µM,Ligand = 0-100 µM,Cytotoxicity,WST-1,Experiment conducted 24 hours after addition of compound,-,,,,,,,,,,,,,,,
R-BIND (LM) 0031,,CCC1=NC2=CC=CC=C2C=C1C(=O)N(C)[C@@H](CCN1C=C(C[C@H](N(C)C(=O)C2=CC3=CC=CC=C3N=C2CC)C(=O)N2C[C@H](O)C[C@H]2C(=O)N(C)[C@@H](CC2=CC=CC=C2)C(=O)NCCC[NH3+])N=N1)C(=O)N1C[C@H](O)C[C@H]1C(=O)N(C)[C@@H](CC1=CC=CC=C1)C(=O)NCCC[NH3+],Compound 5,10.1016/j.bmc.2019.05.009,C,"HIV-1 FSS,  5-fold excess tRNA",Kd = 441 ± 121 nM,NR,"10 mM HEPES (pH = 7.4), 150 mM NaCl, 3 mM EDTA, 0.005% Tween 20",Off-Target Effect,Surface Plasmon Resonance,Biotinylated RNA was immobilized to streptavidin-containing surface. 2000 RU of RNA was immobilized. Compound was injected for one minute. At least two injections were performed for each concentration. The two lowest compound concentrations with enough response to be fit reliably were used for final fitting and Kd determination. Curves were fit to a 1:1 Langmuir binding model.,Neomycin was used as a negative control,,MT-2 Cells,Strong dose-response; Decreased the amount of virus produced at 25 µM ligand,"Ligand = 2.5, 10, and 25 µM",Antiviral Activity,ELISA,"p24 protein; Cells were infected with HIV-1(IIIB) at a concentration of 32.41 ng p24/mL (as calibrated by p24 ELISA) and then incubated with the compound for 6 days; On days 2 and 4 post-infection, a portion of medium (0.3  mL) was removed and replenished ","Compared to infected cells without compound and infected cells treated with Compound 3, a positive control with antiviral activity (IC50 = 4.86 µM)",,,,,,,,,,,,,,,
R-BIND (LM) 0032,,CN([C@@H](CC1=CC=CC=C1)C(=O)NCCC[NH3+])C(=O)[C@@H]1CCCN1C(=O)[C@H](CCN1C=C(C[C@H](N(C)C(=O)C2=CC3=CC=CC=C3N=C2)C(=O)N2CCC[C@H]2C(=O)N(C)[C@@H](CC2=CC=CC=C2)C(=O)NCCC[NH3+])N=N1)N(C)C(=O)C1=CC2=CC=CC=C2N=C1,Compound 6,10.1016/j.bmc.2019.05.009,,HIV-1 FSS,Kd = 62.2 ± 21.3 nM; Kon = 5.66 X 10^4 1/M*sec; Koff = 2.26 X 10^-3 1/sec,NR,"10 mM HEPES (pH = 7.4), 150 mM NaCl, 3 mM EDTA, 0.005% Tween 20",Binding,Surface Plasmon Resonance,Biotinylated RNA was immobilized to streptavidin-containing surface. 2000 RU of RNA was immobilized. Compound was injected for one minute. At least two injections were performed for each concentration. The two lowest compound concentrations with enough response to be fit reliably were used for final fitting and Kd determination. Curves were fit to a 1:1 Langmuir binding model.,-,,HEK 293FT Cells,No significant decrease in cell viability at concentrations below 40 µM,Ligand = 0-100 µM,Cytotoxicity,WST-1,Experiment conducted 24 hours after addition of compound,-,,,,,,,,,,,,,,,
R-BIND (LM) 0032,,CN([C@@H](CC1=CC=CC=C1)C(=O)NCCC[NH3+])C(=O)[C@@H]1CCCN1C(=O)[C@H](CCN1C=C(C[C@H](N(C)C(=O)C2=CC3=CC=CC=C3N=C2)C(=O)N2CCC[C@H]2C(=O)N(C)[C@@H](CC2=CC=CC=C2)C(=O)NCCC[NH3+])N=N1)N(C)C(=O)C1=CC2=CC=CC=C2N=C1,Compound 6,10.1016/j.bmc.2019.05.009,C,"HIV-1 FSS,  5-fold excess tRNA",Kd = 124 ± 37.4 nM,NR,"10 mM HEPES (pH = 7.4), 150 mM NaCl, 3 mM EDTA, 0.005% Tween 20",Off-Target Effect,Surface Plasmon Resonance,Biotinylated RNA was immobilized to streptavidin-containing surface. 2000 RU of RNA was immobilized. Compound was injected for one minute. At least two injections were performed for each concentration. The two lowest compound concentrations with enough response to be fit reliably were used for final fitting and Kd determination. Curves were fit to a 1:1 Langmuir binding model.,Neomycin was used as a negative control,,MT-2 Cells,Strong dose-response; Decreased the amount of virus produced at 25 µM ligand,"Ligand = 2.5, 10, and 25 µM",Antiviral Activity,ELISA,"p24 protein; Cells were infected with HIV-1(IIIB) at a concentration of 32.41 ng p24/mL (as calibrated by p24 ELISA) and then incubated with the compound for 6 days; On days 2 and 4 post-infection, a portion of medium (0.3  mL) was removed and replenished ","Compared to infected cells without compound and infected cells treated with Compound 3, a positive control with antiviral activity (IC50 = 4.86 µM)",,,,,,,,,,,,,,,
R-BIND (LM) 0032,,CN([C@@H](CC1=CC=CC=C1)C(=O)NCCC[NH3+])C(=O)[C@@H]1CCCN1C(=O)[C@H](CCN1C=C(C[C@H](N(C)C(=O)C2=CC3=CC=CC=C3N=C2)C(=O)N2CCC[C@H]2C(=O)N(C)[C@@H](CC2=CC=CC=C2)C(=O)NCCC[NH3+])N=N1)N(C)C(=O)C1=CC2=CC=CC=C2N=C1,Compound 6,10.1016/j.bmc.2019.05.009,,Mixture of RNAs,"Preferentially binds to the HIV-1 FSS RNA . Appreciable binding also observed to two RNA hairpins derived from IRF5 (shorter stem)  and BDNF (sequence of tetraloop is GAUG) mRNAs, respectively","Ligand = 2.0 µM, RNA = 2.5 µM",1X PBS and 1 mM EDTA,Binding,Competition Dialysis,"8 tetraloop hairpins: HIV-1 FSS (ACAA), CXC (CCAG), IRF5 (ACAA), NRAS (UUUA), IL15 (UCUG), APOL3 (AGCA), PML (GCGA), FBX (AGAA), and BDNF (GAUG)",Control with no RNA,,,,,,,,,,,,,,,,,,,,,,,
R-BIND (LM) 0033,,CN([C@@H](CC1=CC=CC=C1)C(=O)NCCC[NH3+])C(=O)[C@@H]1C[C@@H](O)CN1C(=O)[C@H](CCN1C=C(C[C@H](N(C)C(=O)C2=CC3=CC=CC=C3N=C2)C(=O)N2C[C@H](O)C[C@H]2C(=O)N(C)[C@@H](CC2=CC=CC=C2)C(=O)NCCC[NH3+])N=N1)N(C)C(=O)C1=CC2=CC=CC=C2N=C1,Compound 7,10.1016/j.bmc.2019.05.009,,HIV-1 FSS,Kd = 110 ± 34.2 nM; Kon = 6.74 X 10^4 1/M*sec; Koff = 5.42 X 10^-3 1/sec,NR,"10 mM HEPES (pH = 7.4), 150 mM NaCl, 3 mM EDTA, 0.005% Tween 20",Binding,Surface Plasmon Resonance,Biotinylated RNA was immobilized to streptavidin-containing surface. 2000 RU of RNA was immobilized. Compound was injected for one minute. At least two injections were performed for each concentration. The two lowest compound concentrations with enough response to be fit reliably were used for final fitting and Kd determination. Curves were fit to a 1:1 Langmuir binding model.,-,,HEK 293FT Cells,No significant decrease in cell viability at concentrations below 40 µM,Ligand = 0-100 µM,Cytotoxicity,WST-1,Experiment conducted 24 hours after addition of compound,-,,,,,,,,,,,,,,,
R-BIND (LM) 0033,,CN([C@@H](CC1=CC=CC=C1)C(=O)NCCC[NH3+])C(=O)[C@@H]1C[C@@H](O)CN1C(=O)[C@H](CCN1C=C(C[C@H](N(C)C(=O)C2=CC3=CC=CC=C3N=C2)C(=O)N2C[C@H](O)C[C@H]2C(=O)N(C)[C@@H](CC2=CC=CC=C2)C(=O)NCCC[NH3+])N=N1)N(C)C(=O)C1=CC2=CC=CC=C2N=C1,Compound 7,10.1016/j.bmc.2019.05.009,C,"HIV-1 FSS,  5-fold excess tRNA",Kd = 183 ± 32.5 nM,NR,"10 mM HEPES (pH = 7.4), 150 mM NaCl, 3 mM EDTA, 0.005% Tween 20",Off-Target Effect,Surface Plasmon Resonance,Biotinylated RNA was immobilized to streptavidin-containing surface. 2000 RU of RNA was immobilized. Compound was injected for one minute. At least two injections were performed for each concentration. The two lowest compound concentrations with enough response to be fit reliably were used for final fitting and Kd determination. Curves were fit to a 1:1 Langmuir binding model.,-,,MT-2 Cells,Strong dose-response; Decreased the amount of virus produced at 25 µM ligand,"Ligand = 2.5, 10, and 25 µM",Antiviral Activity,ELISA,"p24 protein; Cells were infected with HIV-1(IIIB) at a concentration of 32.41 ng p24/mL (as calibrated by p24 ELISA) and then incubated with the compound for 6 days; On days 2 and 4 post-infection, a portion of medium (0.3  mL) was removed and replenished ","Compared to infected cells without compound and infected cells treated with Compound 3, a positive control with antiviral activity (IC50 = 4.86 µM)",,,,,,,,,,,,,,,
R-BIND (LM) 0034,,CCCN(CC(=O)N(CCC)CC(=O)N(CCC)CC(=O)N(CCC)CC(=O)N(CC(N)=O)CC1=CN(CCCNC(=O)CCCOC2=C(C=C(C=C2C(C)(C)C)C2=NC3=CC(=CC=C3N2)C2=NC3=CC(=CC=C3N2)N2CC[NH+](C)CC2)C(C)(C)C)N=N1)C(=O)CNCC1=CN(CCCNC(=O)CCCOC2=C(C=C(C=C2C(C)(C)C)C2=NC3=CC(=CC=C3N2)C2=NC3=CC(=CC=C3N2)N2CC[NH+](C)CC2)C(C)(C)C)N=N1,Targaprimir-515,10.1021/jacs.8b10558,C,RNA 1 (Drosha 885),Kd = >100 µM,"Ligand = 0.5 µM, RNA = 0.098-100 µM","8 mM Na2HPO4, 190 mM NaCl, 1 mM EDTA, and 40 µg/mL BSA",Off-Target Effect,Fluorescence-Based Titration (Intrinsic),RNA 1 displays the motif found in the Drosha site of pri-miR-885. Measured at 460 nm,-,,MCF-7 Cells,Competed off binding of Targaprimir-515/885-CA-Biotin ,"Ligand = 5 µM, Targaprimir-515/885-CA-Biotin = 0.5 µM",On-Target Effect,Competitive Chem-CLIP,Targaprimir-515/885-CA-Biotin is a derivative of Targaprimir-515/885 that contains purification (biotin) and cross-linking (chlorambucil) modules; Performed a competitive experiment with Targaprimir-515 and Targaprimir-515/885-CA-Biotin; Cells treated for 24 hours,"Compared to cells treated only with Targaprimir-515/885-CA-Biotin; Validated Targaprimir-515/885-CA-Biotin enriched levels of miR-515 in the pulled down fraction (quantified by RT-qPCR) as compared to the target levels before pull-down; Enrichment of miR-515 by Targaprimir-515/885-CA-Biotin is significantly greater than background RNA pulled down by Control-CA-Biotin, a control Chem-CLIP probe lacking RNA-binding modules",,,,,,,,,,,,,,,
R-BIND (LM) 0034,,CCCN(CC(=O)N(CCC)CC(=O)N(CCC)CC(=O)N(CCC)CC(=O)N(CC(N)=O)CC1=CN(CCCNC(=O)CCCOC2=C(C=C(C=C2C(C)(C)C)C2=NC3=CC(=CC=C3N2)C2=NC3=CC(=CC=C3N2)N2CC[NH+](C)CC2)C(C)(C)C)N=N1)C(=O)CNCC1=CN(CCCNC(=O)CCCOC2=C(C=C(C=C2C(C)(C)C)C2=NC3=CC(=CC=C3N2)C2=NC3=CC(=CC=C3N2)N2CC[NH+](C)CC2)C(C)(C)C)N=N1,Targaprimir-515,10.1021/jacs.8b10558,C,RNA 2 (Drosha 515),Kd = >100 µM,"Ligand = 0.5 µM, RNA = 0.098-100 µM","8 mM Na2HPO4, 190 mM NaCl, 1 mM EDTA, and 40 µg/mL BSA",Off-Target Effect,Fluorescence-Based Titration (Intrinsic),RNA 2 displays the motif found in the Drosha site of pri-miR-515,-,C,MCF-7 Cells,Did not significantly compete off binding of Targaprimir-515/885-CA-Biotin to pri-miR-885,"Ligand = 5 µM, Targaprimir-515/885-CA-Biotin = 0.5 µM",Off-Target Effect,Competitive Chem-CLIP,Targaprimir-515/885-CA-Biotin is a derivative of Targaprimir-515/885 that contains purification (biotin) and cross-linking (chlorambucil) modules; Performed a competitive experiment with Targaprimir-515 and Targaprimir-515/885-CA-Biotin; Cells treated for 24 hours,"Compared to cells treated only with Targaprimir-515/885-CA-Biotin; Validated Targaprimir-515/885-CA-Biotin enriched levels of miR-515 in the pulled down fraction (quantified by RT-qPCR) as compared to the target levels before pull-down; Enrichment of miR-515 by Targaprimir-515/885-CA-Biotin is significantly greater than background RNA pulled down by Control-CA-Biotin, a control Chem-CLIP probe lacking RNA-binding modules",,,,,,,,,,,,,,,
R-BIND (LM) 0034,,CCCN(CC(=O)N(CCC)CC(=O)N(CCC)CC(=O)N(CCC)CC(=O)N(CC(N)=O)CC1=CN(CCCNC(=O)CCCOC2=C(C=C(C=C2C(C)(C)C)C2=NC3=CC(=CC=C3N2)C2=NC3=CC(=CC=C3N2)N2CC[NH+](C)CC2)C(C)(C)C)N=N1)C(=O)CNCC1=CN(CCCNC(=O)CCCOC2=C(C=C(C=C2C(C)(C)C)C2=NC3=CC(=CC=C3N2)C2=NC3=CC(=CC=C3N2)N2CC[NH+](C)CC2)C(C)(C)C)N=N1,Targaprimir-515,10.1021/jacs.8b10558,C,RNA 3 (adjacent to Drosha 515),Kd = >100 µM,"Ligand = 0.5 µM, RNA = 0.098-100 µM","8 mM Na2HPO4, 190 mM NaCl, 1 mM EDTA, and 40 µg/mL BSA",Off-Target Effect,Fluorescence-Based Titration (Intrinsic),RNA 3 displays the adjacent binding site in pri-miR-515,-,,MCF-7 Cells,IC50 = ~0.2 µM,"Ligand = 0.05, 0.5, and 5 µM",RNA Abundance,RT-qPCR,Tested miR-515; Cells were treated for 48 hours,Compared to untreated cells; RNA expression levels were normalized with U6 small nuclear RNA; Vivo-Morpholino antisense oligonucleotide reduced levels of mature miR-515 with an IC50 = ~6 µM as compared to a scramble vivo-morpholino antisense oligonucleotide,,,,,,,,,,,,,,,
R-BIND (LM) 0034,,CCCN(CC(=O)N(CCC)CC(=O)N(CCC)CC(=O)N(CCC)CC(=O)N(CC(N)=O)CC1=CN(CCCNC(=O)CCCOC2=C(C=C(C=C2C(C)(C)C)C2=NC3=CC(=CC=C3N2)C2=NC3=CC(=CC=C3N2)N2CC[NH+](C)CC2)C(C)(C)C)N=N1)C(=O)CNCC1=CN(CCCNC(=O)CCCOC2=C(C=C(C=C2C(C)(C)C)C2=NC3=CC(=CC=C3N2)C2=NC3=CC(=CC=C3N2)N2CC[NH+](C)CC2)C(C)(C)C)N=N1,Targaprimir-515,10.1021/jacs.8b10558,,RNA 4 (Drosha and adjacent 515),Kd = 0.06 ± 0.01 µM,"Ligand = 0.5 µM, RNA = 0.098-100 µM","8 mM Na2HPO4, 190 mM NaCl, 1 mM EDTA, and 40 µg/mL BSA",Binding,Fluorescence-Based Titration (Intrinsic),RNA 4 contains both the Drosha site and the adjacent binding site in pri-miR-515,-,C,MCF-7 Cells,Did not significantly decrease levels,"Ligand = 0.05, 0.5, and 5 µM",RNA abundance,RT-qPCR,Tested miR-885; Cells were treated for 48 hours,Compared to untreated cells; RNA expression levels were normalized with U6 small nuclear RNA; Vivo-Morpholino antisense oligonucleotide reduced levels of mature miR-515 with an IC50 = ~6 µM as compared to a scramble vivo-morpholino antisense oligonucleotide,,,,,,,,,,,,,,,
R-BIND (LM) 0034,,CCCN(CC(=O)N(CCC)CC(=O)N(CCC)CC(=O)N(CCC)CC(=O)N(CC(N)=O)CC1=CN(CCCNC(=O)CCCOC2=C(C=C(C=C2C(C)(C)C)C2=NC3=CC(=CC=C3N2)C2=NC3=CC(=CC=C3N2)N2CC[NH+](C)CC2)C(C)(C)C)N=N1)C(=O)CNCC1=CN(CCCNC(=O)CCCOC2=C(C=C(C=C2C(C)(C)C)C2=NC3=CC(=CC=C3N2)C2=NC3=CC(=CC=C3N2)N2CC[NH+](C)CC2)C(C)(C)C)N=N1,Targaprimir-515,10.1021/jacs.8b10558,C,tRNA,Kd = >100 µM,Ligand = 0.5 µM,"8 mM Na2HPO4, 190 mM NaCl, 1 mM EDTA, and 40 µg/mL BSA",Off-Target Effect,Fluorescence-Based Titration (Intrinsic),-,-,,MCF-7 Cells,Increased pri-miR-515 levels,Ligand = 0.5 and 5 µM,RNA Abundance,RT-qPCR,Tested pri-miR-515; Cells were treated for 48 hours,Compared to untreated cells; RNA expression levels were normalized with 18S RNA,,,,,,,,,,,,,,,
R-BIND (LM) 0034,,CCCN(CC(=O)N(CCC)CC(=O)N(CCC)CC(=O)N(CCC)CC(=O)N(CC(N)=O)CC1=CN(CCCNC(=O)CCCOC2=C(C=C(C=C2C(C)(C)C)C2=NC3=CC(=CC=C3N2)C2=NC3=CC(=CC=C3N2)N2CC[NH+](C)CC2)C(C)(C)C)N=N1)C(=O)CNCC1=CN(CCCNC(=O)CCCOC2=C(C=C(C=C2C(C)(C)C)C2=NC3=CC(=CC=C3N2)C2=NC3=CC(=CC=C3N2)N2CC[NH+](C)CC2)C(C)(C)C)N=N1,Targaprimir-515,10.1021/jacs.8b10558,C,DNA hairpin,Kd = >100 µM,"Ligand = 0.5 µM, DNA= 0.098-100 µM","8 mM Na2HPO4, 190 mM NaCl, 1 mM EDTA, and 40 µg/mL BSA",Off-Target Effect,Fluorescence-Based Titration (Intrinsic),-,-,,MCF-7 Cells,Cell-permeable,Ligand = 0.5 µM,Cell Uptake,Flow cytometry,Propidium iodide stain,Compared to untreated cells,,,,,,,,,,,,,,,
R-BIND (LM) 0034,,CCCN(CC(=O)N(CCC)CC(=O)N(CCC)CC(=O)N(CCC)CC(=O)N(CC(N)=O)CC1=CN(CCCNC(=O)CCCOC2=C(C=C(C=C2C(C)(C)C)C2=NC3=CC(=CC=C3N2)C2=NC3=CC(=CC=C3N2)N2CC[NH+](C)CC2)C(C)(C)C)N=N1)C(=O)CNCC1=CN(CCCNC(=O)CCCOC2=C(C=C(C=C2C(C)(C)C)C2=NC3=CC(=CC=C3N2)C2=NC3=CC(=CC=C3N2)N2CC[NH+](C)CC2)C(C)(C)C)N=N1,Targaprimir-515,10.1021/jacs.8b10558,,pri-miR-515,Kd = 940 ± 260 nM,"Ligand = 0.5 µM, RNA = 0.098-100 µM","8 mM Na2HPO4, 190 mM NaCl, 1 mM EDTA, and 40 µg/mL BSA",Binding,Fluorescence-Based Titration (Intrinsic),Contains 1x1 nucleotide internal loops in its Drosha site and a base paired region in its Dicer site,-,,MCF-7 Cells,Nontoxic,Ligand = 0.5 µM,Cytotoxicity,Flow cytometry,Cells treated with compound for 24 hours; Propidium iodide stain,Compared to untreated cells,,,,,,,,,,,,,,,
R-BIND (LM) 0034,,CCCN(CC(=O)N(CCC)CC(=O)N(CCC)CC(=O)N(CCC)CC(=O)N(CC(N)=O)CC1=CN(CCCNC(=O)CCCOC2=C(C=C(C=C2C(C)(C)C)C2=NC3=CC(=CC=C3N2)C2=NC3=CC(=CC=C3N2)N2CC[NH+](C)CC2)C(C)(C)C)N=N1)C(=O)CNCC1=CN(CCCNC(=O)CCCOC2=C(C=C(C=C2C(C)(C)C)C2=NC3=CC(=CC=C3N2)C2=NC3=CC(=CC=C3N2)N2CC[NH+](C)CC2)C(C)(C)C)N=N1,Targaprimir-515,10.1021/jacs.8b10558,C,pri-miR-21,Saturable binding not observed,"Ligand = 0.5 µM, RNA = 0.098-100 µM","8 mM Na2HPO4, 190 mM NaCl, 1 mM EDTA, and 40 µg/mL BSA",Off-Target Effect,Fluorescence-Based Titration (Intrinsic),Contains a base paired region in its Drosha site and a 5' bulge in its Dicer site,-,,MCF-7 Cells,Significantly decreased both the 5p and 3p mature miR-515 strands,Ligand = 0.5 and 10 µM,RNA Abundance,RT-qPCR,Tested miR-515-5p and miR-515-3p; Cells treated with compound for 48 hours,Compared to untreated cells; RNA expression levels were normalized to U6 small nuclear RNA,,,,,,,,,,,,,,,
R-BIND (LM) 0034,,CCCN(CC(=O)N(CCC)CC(=O)N(CCC)CC(=O)N(CCC)CC(=O)N(CC(N)=O)CC1=CN(CCCNC(=O)CCCOC2=C(C=C(C=C2C(C)(C)C)C2=NC3=CC(=CC=C3N2)C2=NC3=CC(=CC=C3N2)N2CC[NH+](C)CC2)C(C)(C)C)N=N1)C(=O)CNCC1=CN(CCCNC(=O)CCCOC2=C(C=C(C=C2C(C)(C)C)C2=NC3=CC(=CC=C3N2)C2=NC3=CC(=CC=C3N2)N2CC[NH+](C)CC2)C(C)(C)C)N=N1,Targaprimir-515,10.1021/jacs.8b10558,C,pri-miR-107,Saturable binding not observed,"Ligand = 0.5 µM, RNA = 0.098-100 µM","8 mM Na2HPO4, 190 mM NaCl, 1 mM EDTA, and 40 µg/mL BSA",Off-Target Effect,Fluorescence-Based Titration (Intrinsic),Contains a 1x3 nucleotide internal loop and a 5' bulge in its Dicer site,-,,MCF-7 Cells,Significantly decreases levels of miR-515 only; Shows similar selectivity profile as anti-515-5p vivo-morpholino antisense oligonucleotide (10 µM),Ligand = 0.5 µM,RNA Abundance,RT-qPCR,"Tested miRNAs predicted to target the SK1 3' UTR, a known miR-515-5p target; Cells were treated for 48 hours",Compared to untreated cells,,,,,,,,,,,,,,,
R-BIND (LM) 0034,,CCCN(CC(=O)N(CCC)CC(=O)N(CCC)CC(=O)N(CCC)CC(=O)N(CC(N)=O)CC1=CN(CCCNC(=O)CCCOC2=C(C=C(C=C2C(C)(C)C)C2=NC3=CC(=CC=C3N2)C2=NC3=CC(=CC=C3N2)N2CC[NH+](C)CC2)C(C)(C)C)N=N1)C(=O)CNCC1=CN(CCCNC(=O)CCCOC2=C(C=C(C=C2C(C)(C)C)C2=NC3=CC(=CC=C3N2)C2=NC3=CC(=CC=C3N2)N2CC[NH+](C)CC2)C(C)(C)C)N=N1,Targaprimir-515,10.1021/jacs.8b10558,,pri-miR-515,Inhibited ~80% of processing,Ligand = 1 µM,"6.4 mM MgCl2, 20 mM Tris HCl (pH = 8.0), 100 mM KCl, and 0.2 mM EDTA",Activity,Drosha inhibition,Pri-miR-515 was 5'-end labeled with 32P,"Compared to untreated full length pri-miR-515, RNase T1, base hydrolysis, cell lysate not transfected with Drosha, and an RNA marker that is 46 nucleotides in length",,MCF-7 Cells,Affected levels of miR-515-5p to the greatest extent; Did not affect levels of structurally similar RNAs containing the motifs found in the Drosha sites of miR-885 and miR-515,Ligand = 0.5 µM,RNA Abundance,RT-qPCR,Tested all miRNAs expressed at measurable level; Cells were treated for 48 hours; 515-VM is a vivo-morpholino antisense oligonucleotide that targets miR-515-5p,"Compared to untreated cells; 515-VM (10 µM) affected levels of miR-515-5p to the greatest extent but also significantly affected levels of miR-525-5p, miR-23b-5p, and miR-200b-3p; showed by isothermal titration calorimetry that off-target binding events of 515-VM are traced to binding to miRNAs without perfect complementarity ",,,,,,,,,,,,,,,
R-BIND (LM) 0034,,CCCN(CC(=O)N(CCC)CC(=O)N(CCC)CC(=O)N(CCC)CC(=O)N(CC(N)=O)CC1=CN(CCCNC(=O)CCCOC2=C(C=C(C=C2C(C)(C)C)C2=NC3=CC(=CC=C3N2)C2=NC3=CC(=CC=C3N2)N2CC[NH+](C)CC2)C(C)(C)C)N=N1)C(=O)CNCC1=CN(CCCNC(=O)CCCOC2=C(C=C(C=C2C(C)(C)C)C2=NC3=CC(=CC=C3N2)C2=NC3=CC(=CC=C3N2)N2CC[NH+](C)CC2)C(C)(C)C)N=N1,Targaprimir-515,10.1021/jacs.8b10558,,pri-miR-515,Significantly competed off binding of Targaprimir-515/885-CA-Biotin to pri-miR-515,"Ligand = 0.5, 5, and 50 µM, Targaprimir-515/885-CA-Biotin = 0.5 µM",DMEM growth medium,On-Target Effect,Competitive Chem-CLIP,"Targaprimir-515/885-CA-Biotin is a derivative of Targaprimir-515/885 that contains purification (biotin) and cross-linking (chlorambucil) modules. RNA is 32P 5'-end labelled. Approximately 10,000 counts of labelled RNA was folded in growth medium. Streptavidin-agarose beads suspended in 1X PBS were added, incubated, and then washed. The amount of unbound RNA was quantified using a liquid scintillation counter","Validated Targaprimir-515/885-CA-Biotin pulls down pri-miR-515 and pri-miR-885 selectively over Control-CA-Biotin, which lacks the RNA-binding module",,MCF-7 Cells,~1.8-fold (0.5 µM) and ~2.5-fold (5 µM) increase in SK1 levels ,Ligand = 0.5 and 5 µM,Protein Abundance,Western blot,"Tested sphingosine kinase 1 (SK1), a protein repressed by miR-515; Cells were treated for 48 hours",Compared to untreated cells; Protein levels normalized to beta-actin loading control,,,,,,,,,,,,,,,
R-BIND (LM) 0034,,CCCN(CC(=O)N(CCC)CC(=O)N(CCC)CC(=O)N(CCC)CC(=O)N(CC(N)=O)CC1=CN(CCCNC(=O)CCCOC2=C(C=C(C=C2C(C)(C)C)C2=NC3=CC(=CC=C3N2)C2=NC3=CC(=CC=C3N2)N2CC[NH+](C)CC2)C(C)(C)C)N=N1)C(=O)CNCC1=CN(CCCNC(=O)CCCOC2=C(C=C(C=C2C(C)(C)C)C2=NC3=CC(=CC=C3N2)C2=NC3=CC(=CC=C3N2)N2CC[NH+](C)CC2)C(C)(C)C)N=N1,Targaprimir-515,10.1021/jacs.8b10558,C,pri-miR-885,Did not significantly compete off binding of Targaprimir-515/885-CA-Biotin to pri-miR-885,"Ligand = 0.5, 5, and 50 µM, Targaprimir-515/885-CA-Biotin = 0.5 µM",DMEM growth medium,Off-Target Effect,Competitive Chem-CLIP,"Targaprimir-515/885-CA-Biotin is a derivative of Targaprimir-515/885 that contains purification (biotin) and cross-linking (chlorambucil) modules. RNA is 32P 5'-end labelled. Approximately 10,000 counts of labelled RNA was folded in growth medium. Streptavidin-agarose beads suspended in 1X PBS were added, incubated, and then washed. The amount of unbound RNA was quantified using a liquid scintillation counter","Validated Targaprimir-515/885-CA-Biotin pulls down pri-miR-515 and pri-miR-885 selectively over Control-CA-Biotin, which lacks the RNA-binding module",,MCF-7 Cells,Enhanced levels of S1P by ~4-fold,Ligand = 0.5 µM,Protein Abundance,ELISA,"Tested S1P, whose biosynthesis is catalyzed by SK1 protein ",Compared to cells treated with DMSO; Plasmid overexpression of SK1 enhanced S1P levels by ~5-fold,,,,,,,,,,,,,,,
R-BIND (LM) 0034,,CCCN(CC(=O)N(CCC)CC(=O)N(CCC)CC(=O)N(CCC)CC(=O)N(CC(N)=O)CC1=CN(CCCNC(=O)CCCOC2=C(C=C(C=C2C(C)(C)C)C2=NC3=CC(=CC=C3N2)C2=NC3=CC(=CC=C3N2)N2CC[NH+](C)CC2)C(C)(C)C)N=N1)C(=O)CNCC1=CN(CCCNC(=O)CCCOC2=C(C=C(C=C2C(C)(C)C)C2=NC3=CC(=CC=C3N2)C2=NC3=CC(=CC=C3N2)N2CC[NH+](C)CC2)C(C)(C)C)N=N1,Targaprimir-515,10.1021/jacs.8b10558,,,,,,,,,,,MCF-7 Cells,Enhanced migration by ~2.5-fold,Ligand = 0.5 µM,Cell Migration,Trans-well,Cells were treated for 8 hours; Percentage of cells migrated was measured by staining with crystal violet staining and comparing stained to unstained cells,"Compared to cells treated with DMSO; siRNA targeting SK1 mRNA and SKI-178 (1 µM), a selective SK1 inhibitor, ablated the enhanced migration by Targaprimir-515 ",,,,,,,,,,,,,,,
R-BIND (LM) 0034,,CCCN(CC(=O)N(CCC)CC(=O)N(CCC)CC(=O)N(CCC)CC(=O)N(CC(N)=O)CC1=CN(CCCNC(=O)CCCOC2=C(C=C(C=C2C(C)(C)C)C2=NC3=CC(=CC=C3N2)C2=NC3=CC(=CC=C3N2)N2CC[NH+](C)CC2)C(C)(C)C)N=N1)C(=O)CNCC1=CN(CCCNC(=O)CCCOC2=C(C=C(C=C2C(C)(C)C)C2=NC3=CC(=CC=C3N2)C2=NC3=CC(=CC=C3N2)N2CC[NH+](C)CC2)C(C)(C)C)N=N1,Targaprimir-515,10.1021/jacs.8b10558,,,,,,,,,,,MDA-MB-231 Cells,Increased migration,Ligand = 0.5 µM,Cell Migration,Trans-well,Cells were treated for 16 hours; Percentage of cells migrated was measured by staining with crystal violet and comparing stained to unstained cells,Compared to cells treated with DMSO,,,,,,,,,,,,,,,
R-BIND (LM) 0034,,CCCN(CC(=O)N(CCC)CC(=O)N(CCC)CC(=O)N(CCC)CC(=O)N(CC(N)=O)CC1=CN(CCCNC(=O)CCCOC2=C(C=C(C=C2C(C)(C)C)C2=NC3=CC(=CC=C3N2)C2=NC3=CC(=CC=C3N2)N2CC[NH+](C)CC2)C(C)(C)C)N=N1)C(=O)CNCC1=CN(CCCNC(=O)CCCOC2=C(C=C(C=C2C(C)(C)C)C2=NC3=CC(=CC=C3N2)C2=NC3=CC(=CC=C3N2)N2CC[NH+](C)CC2)C(C)(C)C)N=N1,Targaprimir-515,10.1021/jacs.8b10558,,,,,,,,,,C,MCF-7 Cells,No effect on SK2 levels ,Ligand = 0.5 µM,Protein Abundance,Western blot,"Tested for SK2, which has significant homology to SK1 and also functions to modulate the S1P pathway; Cells were treated for 48 hours",Compared to cells treated with DMSO; Beta-actin loading control; No effect on SK2 levels observed with SK1-targeted siRNA transfection or cells that were mock transfected,,,,,,,,,,,,,,,
R-BIND (LM) 0034,,CCCN(CC(=O)N(CCC)CC(=O)N(CCC)CC(=O)N(CCC)CC(=O)N(CC(N)=O)CC1=CN(CCCNC(=O)CCCOC2=C(C=C(C=C2C(C)(C)C)C2=NC3=CC(=CC=C3N2)C2=NC3=CC(=CC=C3N2)N2CC[NH+](C)CC2)C(C)(C)C)N=N1)C(=O)CNCC1=CN(CCCNC(=O)CCCOC2=C(C=C(C=C2C(C)(C)C)C2=NC3=CC(=CC=C3N2)C2=NC3=CC(=CC=C3N2)N2CC[NH+](C)CC2)C(C)(C)C)N=N1,Targaprimir-515,10.1021/jacs.8b10558,,,,,,,,,,,MCF-7 Cells,~1.5-fold increased expression of FZD5 at 5 µM compound,Ligand = 0.5 and 5 µM,Protein Abundance,Western blot,"FZD5 is frizzled class 5 receptor, involved in the Wnt signaling pathway and enhances cell proliferation and migration in cancer cells; Cells were treated for 48 hours",Compared to untreated cells; Beta-actin loading control; FZD5 is expressed at detectable levels (RT-qPCR),,,,,,,,,,,,,,,
R-BIND (LM) 0034,,CCCN(CC(=O)N(CCC)CC(=O)N(CCC)CC(=O)N(CCC)CC(=O)N(CC(N)=O)CC1=CN(CCCNC(=O)CCCOC2=C(C=C(C=C2C(C)(C)C)C2=NC3=CC(=CC=C3N2)C2=NC3=CC(=CC=C3N2)N2CC[NH+](C)CC2)C(C)(C)C)N=N1)C(=O)CNCC1=CN(CCCNC(=O)CCCOC2=C(C=C(C=C2C(C)(C)C)C2=NC3=CC(=CC=C3N2)C2=NC3=CC(=CC=C3N2)N2CC[NH+](C)CC2)C(C)(C)C)N=N1,Targaprimir-515,10.1021/jacs.8b10558,,,,,,,,,,C,MCF-7 Cells,No change in expression level,Ligand = 0.5 µM,RNA Abundance,RT-qPCR,Cells were transfected with inducible pri-miR-515 plasmid,Compared to untreated cells; miR-497 levels remain unchanged with and without doxycycline treatment,,,,,,,,,,,,,,,
R-BIND (LM) 0034,,CCCN(CC(=O)N(CCC)CC(=O)N(CCC)CC(=O)N(CCC)CC(=O)N(CC(N)=O)CC1=CN(CCCNC(=O)CCCOC2=C(C=C(C=C2C(C)(C)C)C2=NC3=CC(=CC=C3N2)C2=NC3=CC(=CC=C3N2)N2CC[NH+](C)CC2)C(C)(C)C)N=N1)C(=O)CNCC1=CN(CCCNC(=O)CCCOC2=C(C=C(C=C2C(C)(C)C)C2=NC3=CC(=CC=C3N2)C2=NC3=CC(=CC=C3N2)N2CC[NH+](C)CC2)C(C)(C)C)N=N1,Targaprimir-515,10.1021/jacs.8b10558,,,,,,,,,,,MCF-7 Cells,Increased proliferation,Ligand = 0.5 and 5 µM,Proliferation,CellTiter Glo,Cells treated for 24 hours,Compared to untreated cells; Co-treatment with FZD5 siRNA ablates cellular proliferation,,,,,,,,,,,,,,,
R-BIND (LM) 0034,,CCCN(CC(=O)N(CCC)CC(=O)N(CCC)CC(=O)N(CCC)CC(=O)N(CC(N)=O)CC1=CN(CCCNC(=O)CCCOC2=C(C=C(C=C2C(C)(C)C)C2=NC3=CC(=CC=C3N2)C2=NC3=CC(=CC=C3N2)N2CC[NH+](C)CC2)C(C)(C)C)N=N1)C(=O)CNCC1=CN(CCCNC(=O)CCCOC2=C(C=C(C=C2C(C)(C)C)C2=NC3=CC(=CC=C3N2)C2=NC3=CC(=CC=C3N2)N2CC[NH+](C)CC2)C(C)(C)C)N=N1,Targaprimir-515,10.1021/jacs.8b10558,,,,,,,,,,,MCF-7 Cells,Increased migration,Ligand = 0.5 µM,Cell Migration,Trans-well,Cells were treated for 16 hours; Percentage of cells migrated was measured by staining with crystal violet and comparing stained to unstained cells,Compared to cells treated with DMSO and a control siRNA; Co-treatment with FZD5 siRNA ablates cell migration,,,,,,,,,,,,,,,
R-BIND (LM) 0034,,CCCN(CC(=O)N(CCC)CC(=O)N(CCC)CC(=O)N(CCC)CC(=O)N(CC(N)=O)CC1=CN(CCCNC(=O)CCCOC2=C(C=C(C=C2C(C)(C)C)C2=NC3=CC(=CC=C3N2)C2=NC3=CC(=CC=C3N2)N2CC[NH+](C)CC2)C(C)(C)C)N=N1)C(=O)CNCC1=CN(CCCNC(=O)CCCOC2=C(C=C(C=C2C(C)(C)C)C2=NC3=CC(=CC=C3N2)C2=NC3=CC(=CC=C3N2)N2CC[NH+](C)CC2)C(C)(C)C)N=N1,Targaprimir-515,10.1021/jacs.8b10558,,,,,,,,,,,MCF-7 Cells,"~1.2 and ~1.4-fold increase in SK1 expression at 0.5 and 1 µM, respectively",Ligand = 0.5 and 1 µM,Global Protein Abundance,LC-MS/MS,Newly synthesized proteins were analyzed using incorporation of homopropargyl-glycine and subsequent click-conjugation to biotin azide and enrichment with streptavidin; Cells were treated for 48 hours,Compared to cells treated with DMSO,,,,,,,,,,,,,,,
R-BIND (LM) 0034,,CCCN(CC(=O)N(CCC)CC(=O)N(CCC)CC(=O)N(CCC)CC(=O)N(CC(N)=O)CC1=CN(CCCNC(=O)CCCOC2=C(C=C(C=C2C(C)(C)C)C2=NC3=CC(=CC=C3N2)C2=NC3=CC(=CC=C3N2)N2CC[NH+](C)CC2)C(C)(C)C)N=N1)C(=O)CNCC1=CN(CCCNC(=O)CCCOC2=C(C=C(C=C2C(C)(C)C)C2=NC3=CC(=CC=C3N2)C2=NC3=CC(=CC=C3N2)N2CC[NH+](C)CC2)C(C)(C)C)N=N1,Targaprimir-515,10.1021/jacs.8b10558,,,,,,,,,,,MCF-7 Cells,180 proteins (4%) with upregulated expression (>50% increase); ~4-fold increase in HER2 expression; SK2 was not observed,Ligand = 1 µM,Global Protein Abundance,LC-MS/MS,Newly synthesized proteins were analyzed using incorporation of homopropargyl-glycine and subsequent click-conjugation to biotin azide and enrichment with streptavidin; Cells were treated for 48 hours,Compared to cells treated with DMSO,,,,,,,,,,,,,,,
R-BIND (LM) 0034,,CCCN(CC(=O)N(CCC)CC(=O)N(CCC)CC(=O)N(CCC)CC(=O)N(CC(N)=O)CC1=CN(CCCNC(=O)CCCOC2=C(C=C(C=C2C(C)(C)C)C2=NC3=CC(=CC=C3N2)C2=NC3=CC(=CC=C3N2)N2CC[NH+](C)CC2)C(C)(C)C)N=N1)C(=O)CNCC1=CN(CCCNC(=O)CCCOC2=C(C=C(C=C2C(C)(C)C)C2=NC3=CC(=CC=C3N2)C2=NC3=CC(=CC=C3N2)N2CC[NH+](C)CC2)C(C)(C)C)N=N1,Targaprimir-515,10.1021/jacs.8b10558,,,,,,,,,,,MCF-7 Cells,"99.7% of genes (17992/18044) were not significantly affected by compound treatment; Fold change of HER2 and SK1 increased by 6% and 17%, respectively",Ligand = 1 µM,Global RNA Abundance,RNA-Seq,Cells were treated for 24 hours,Compared to untreated cells,,,,,,,,,,,,,,,
R-BIND (LM) 0034,,CCCN(CC(=O)N(CCC)CC(=O)N(CCC)CC(=O)N(CCC)CC(=O)N(CC(N)=O)CC1=CN(CCCNC(=O)CCCOC2=C(C=C(C=C2C(C)(C)C)C2=NC3=CC(=CC=C3N2)C2=NC3=CC(=CC=C3N2)N2CC[NH+](C)CC2)C(C)(C)C)N=N1)C(=O)CNCC1=CN(CCCNC(=O)CCCOC2=C(C=C(C=C2C(C)(C)C)C2=NC3=CC(=CC=C3N2)C2=NC3=CC(=CC=C3N2)N2CC[NH+](C)CC2)C(C)(C)C)N=N1,Targaprimir-515,10.1021/jacs.8b10558,,,,,,,,,,,MCF-7 Cells,1.7-fold increase in HER2 levels,Ligand = 1 µM,Protein Abundance,ELISA,Cells were treated for 48 hours,"Compared to untreated cells; 515-VM (Anti-515-5p Vivo-morpholino antisense oligonucleotide, 5 µM) also increased HER2 levels while SCR-VM (scrambled control Vivo-morpholino antisense oligonucleotide, 5 µM) did not",,,,,,,,,,,,,,,
R-BIND (LM) 0034,,CCCN(CC(=O)N(CCC)CC(=O)N(CCC)CC(=O)N(CCC)CC(=O)N(CC(N)=O)CC1=CN(CCCNC(=O)CCCOC2=C(C=C(C=C2C(C)(C)C)C2=NC3=CC(=CC=C3N2)C2=NC3=CC(=CC=C3N2)N2CC[NH+](C)CC2)C(C)(C)C)N=N1)C(=O)CNCC1=CN(CCCNC(=O)CCCOC2=C(C=C(C=C2C(C)(C)C)C2=NC3=CC(=CC=C3N2)C2=NC3=CC(=CC=C3N2)N2CC[NH+](C)CC2)C(C)(C)C)N=N1,Targaprimir-515,10.1021/jacs.8b10558,,,,,,,,,,,MCF-7 Cells,1.6-fold increase in HER2 levels,Ligand = 1 µM,Protein Abundance,Flow cytometry,APC-linked HER2 antibody,Compared to untreated cells,,,,,,,,,,,,,,,
R-BIND (LM) 0034,,CCCN(CC(=O)N(CCC)CC(=O)N(CCC)CC(=O)N(CCC)CC(=O)N(CC(N)=O)CC1=CN(CCCNC(=O)CCCOC2=C(C=C(C=C2C(C)(C)C)C2=NC3=CC(=CC=C3N2)C2=NC3=CC(=CC=C3N2)N2CC[NH+](C)CC2)C(C)(C)C)N=N1)C(=O)CNCC1=CN(CCCNC(=O)CCCOC2=C(C=C(C=C2C(C)(C)C)C2=NC3=CC(=CC=C3N2)C2=NC3=CC(=CC=C3N2)N2CC[NH+](C)CC2)C(C)(C)C)N=N1,Targaprimir-515,10.1021/jacs.8b10558,,,,,,,,,,,MCF-7 Cells,Sensitizes cells to Herceptin-mediated loss of cell viability in a dose-dependent manner,"Ligand = 1 µM; Herceptin = 2, 20, and 200 nM",Cytotoxicity,CellTiter Glo,"Cells were treated with Targaprimir-515 for 24 hours, followed by 48 hour treatment of Herceptin",Compared to untreated cells,,,,,,,,,,,,,,,
R-BIND (LM) 0034,,CCCN(CC(=O)N(CCC)CC(=O)N(CCC)CC(=O)N(CCC)CC(=O)N(CC(N)=O)CC1=CN(CCCNC(=O)CCCOC2=C(C=C(C=C2C(C)(C)C)C2=NC3=CC(=CC=C3N2)C2=NC3=CC(=CC=C3N2)N2CC[NH+](C)CC2)C(C)(C)C)N=N1)C(=O)CNCC1=CN(CCCNC(=O)CCCOC2=C(C=C(C=C2C(C)(C)C)C2=NC3=CC(=CC=C3N2)C2=NC3=CC(=CC=C3N2)N2CC[NH+](C)CC2)C(C)(C)C)N=N1,Targaprimir-515,10.1021/jacs.8b10558,,,,,,,,,,,MCF-7 Cells,Did not enhance migration when pri-miR-515 was overexpressed,Ligand = 1 µM,Cell Migration,Trans-well,Cells were transfected with doxycycline inducible pri-miR-515 plasmid,Compared to non-induced cells,,,,,,,,,,,,,,,
R-BIND (LM) 0034,,CCCN(CC(=O)N(CCC)CC(=O)N(CCC)CC(=O)N(CCC)CC(=O)N(CC(N)=O)CC1=CN(CCCNC(=O)CCCOC2=C(C=C(C=C2C(C)(C)C)C2=NC3=CC(=CC=C3N2)C2=NC3=CC(=CC=C3N2)N2CC[NH+](C)CC2)C(C)(C)C)N=N1)C(=O)CNCC1=CN(CCCNC(=O)CCCOC2=C(C=C(C=C2C(C)(C)C)C2=NC3=CC(=CC=C3N2)C2=NC3=CC(=CC=C3N2)N2CC[NH+](C)CC2)C(C)(C)C)N=N1,Targaprimir-515,10.1021/jacs.8b10558,,,,,,,,,,,MCF-7 Cells,Only sensitizes cells expressing endogenous levels of pri-miR-515 to Herceptin treatment,"Ligand = 1 µM, Herceptin = 20 nM",Cytotoxicity,CellTiter Glo,Cells were transfected with doxycycline inducible pri-miR-515 plasmid,Compared to untreated cells; Forced overexpression of miR-515 ablated Herceptin sensitivity in the presence of doxycycline but not it its absence,,,,,,,,,,,,,,,
R-BIND (LM) 0034,,CCCN(CC(=O)N(CCC)CC(=O)N(CCC)CC(=O)N(CCC)CC(=O)N(CC(N)=O)CC1=CN(CCCNC(=O)CCCOC2=C(C=C(C=C2C(C)(C)C)C2=NC3=CC(=CC=C3N2)C2=NC3=CC(=CC=C3N2)N2CC[NH+](C)CC2)C(C)(C)C)N=N1)C(=O)CNCC1=CN(CCCNC(=O)CCCOC2=C(C=C(C=C2C(C)(C)C)C2=NC3=CC(=CC=C3N2)C2=NC3=CC(=CC=C3N2)N2CC[NH+](C)CC2)C(C)(C)C)N=N1,Targaprimir-515,10.1021/jacs.8b10558,,,,,,,,,,,MCF-7 Cells,Sensitizes cells to Kadcyla,"Ligand = 1 µM, Kadcyla = 1, 10, and 100 nM",Cytotoxicity,CellTiter Glo,"Cells were treated with Targaprimir-515 for 24 hours, followed by 48 hour treatment of Kadcyla (antibody drug conjugate of Herceptin and emtansine)",Compared to untreated cells; Cells treated with DMSO did not sensitize cells to Kadcyla,,,,,,,,,,,,,,,
R-BIND (LM) 0034,,CCCN(CC(=O)N(CCC)CC(=O)N(CCC)CC(=O)N(CCC)CC(=O)N(CC(N)=O)CC1=CN(CCCNC(=O)CCCOC2=C(C=C(C=C2C(C)(C)C)C2=NC3=CC(=CC=C3N2)C2=NC3=CC(=CC=C3N2)N2CC[NH+](C)CC2)C(C)(C)C)N=N1)C(=O)CNCC1=CN(CCCNC(=O)CCCOC2=C(C=C(C=C2C(C)(C)C)C2=NC3=CC(=CC=C3N2)C2=NC3=CC(=CC=C3N2)N2CC[NH+](C)CC2)C(C)(C)C)N=N1,Targaprimir-515,10.1021/jacs.8b10558,,,,,,,,,,,MCF-7 Cells,Increased apoptotic activity with co-treatment of Kadcyla (10 nM),"Ligand = 1 µM, Kadcyla = 1, 10, and 100 nM",Apoptosis,Caspase-Glo,Measured Caspase 3/7 activity,Compared to untreated cells; Cells treated with DMSO and Kadcyla (antibody drug conjugate of Herceptin and emtansine) had no change in apoptotic activity,,,,,,,,,,,,,,,
R-BIND (LM) 0034,,CCCN(CC(=O)N(CCC)CC(=O)N(CCC)CC(=O)N(CCC)CC(=O)N(CC(N)=O)CC1=CN(CCCNC(=O)CCCOC2=C(C=C(C=C2C(C)(C)C)C2=NC3=CC(=CC=C3N2)C2=NC3=CC(=CC=C3N2)N2CC[NH+](C)CC2)C(C)(C)C)N=N1)C(=O)CNCC1=CN(CCCNC(=O)CCCOC2=C(C=C(C=C2C(C)(C)C)C2=NC3=CC(=CC=C3N2)C2=NC3=CC(=CC=C3N2)N2CC[NH+](C)CC2)C(C)(C)C)N=N1,Targaprimir-515,10.1021/jacs.8b10558,,,,,,,,,,,MCF-7 Cells,Co-treatment with SKI-178 or siRNA ablated Targaprimir-515 sensitizing effect,Ligand = 1 µM,Cytotoxicity,CellTiter Glo,SKI-178 is an inhibitor of SK1; 515-VM is a vivo-morpholino antisense oligonucleotide that binds miR-515-5p; SCR-VM is a scrambled vivo-morpholino antisense oligonucleotide  ,Compared to untreated cells; Treatment with 515-VM  (5 µM) sensitized cells to Herceptin while SCR-VM (5 µM) did not; Scrambled siRNA did not ablate Herceptin sensitivity,,,,,,,,,,,,,,,
R-BIND (LM) 0034,,CCCN(CC(=O)N(CCC)CC(=O)N(CCC)CC(=O)N(CCC)CC(=O)N(CC(N)=O)CC1=CN(CCCNC(=O)CCCOC2=C(C=C(C=C2C(C)(C)C)C2=NC3=CC(=CC=C3N2)C2=NC3=CC(=CC=C3N2)N2CC[NH+](C)CC2)C(C)(C)C)N=N1)C(=O)CNCC1=CN(CCCNC(=O)CCCOC2=C(C=C(C=C2C(C)(C)C)C2=NC3=CC(=CC=C3N2)C2=NC3=CC(=CC=C3N2)N2CC[NH+](C)CC2)C(C)(C)C)N=N1,Targaprimir-515,10.1021/jacs.8b10558,,,,,,,,,,C,MCF-10A Cells,Did not sensitize cells to Herceptin,"Ligand = NR, Herceptin = NR",Cytotoxicity,CellTiter Glo,"Cells do not express miR-515 at appreciable levels; Cells were treated with Targaprimir-515, 515-VM (Anti-515-5p Vivo-morpholino antisense oligonucleotide) or SCR-VM (scrambled control Vivo-morpholino antisense oligonucleotide) for 24 h, followed by Herceptin treatment for 48 h",Compared to untreated cells; Cells treated with 515-VM or SCRM-VM did not sensitize cells to Herceptin,,,,,,,,,,,,,,,
R-BIND (LM) 0034,,CCCN(CC(=O)N(CCC)CC(=O)N(CCC)CC(=O)N(CCC)CC(=O)N(CC(N)=O)CC1=CN(CCCNC(=O)CCCOC2=C(C=C(C=C2C(C)(C)C)C2=NC3=CC(=CC=C3N2)C2=NC3=CC(=CC=C3N2)N2CC[NH+](C)CC2)C(C)(C)C)N=N1)C(=O)CNCC1=CN(CCCNC(=O)CCCOC2=C(C=C(C=C2C(C)(C)C)C2=NC3=CC(=CC=C3N2)C2=NC3=CC(=CC=C3N2)N2CC[NH+](C)CC2)C(C)(C)C)N=N1,Targaprimir-515,10.1021/jacs.8b10558,,,,,,,,,,,MDA-MB-231 Cells,Sensitized cells to Kadcyla,"Ligand = 8 µM, Kadcyla = 200 nM",Cytotoxicity,CellTiter Glo,"Cells were treated with Targaprimir-515 for 24 hours, followed by 48 hour treatment of Kadcyla (antibody drug conjugate of Herceptin and emtansine)",Compared to untreated cells; SK1 inhibitor SKI-178 (1 µM) does not sensitize cells to Kadcyla;  Co-treatment of Targaprimir-515 with SKI-178 decreases sensitivity to Kadcyla,,,,,,,,,,,,,,,
R-BIND (LM) 0034,,CCCN(CC(=O)N(CCC)CC(=O)N(CCC)CC(=O)N(CCC)CC(=O)N(CC(N)=O)CC1=CN(CCCNC(=O)CCCOC2=C(C=C(C=C2C(C)(C)C)C2=NC3=CC(=CC=C3N2)C2=NC3=CC(=CC=C3N2)N2CC[NH+](C)CC2)C(C)(C)C)N=N1)C(=O)CNCC1=CN(CCCNC(=O)CCCOC2=C(C=C(C=C2C(C)(C)C)C2=NC3=CC(=CC=C3N2)C2=NC3=CC(=CC=C3N2)N2CC[NH+](C)CC2)C(C)(C)C)N=N1,Targaprimir-515,10.1021/jacs.8b10558,,,,,,,,,,,HepG2 Cells,Sensitized cells to Kadcyla,"Ligand = 1 µM, Kadcyla = 200 nM",Cytotoxicity,CellTiter Glo,"Cells were treated with Targaprimir-515 for 24 hours, followed by 48 hour treatment of Kadcyla (antibody drug conjugate of Herceptin and emtansine)",Compared to untreated cells; SK1 inhibitor SKI-178 (1 µM) does not sensitize cells to Kadcyla; Co-treatment of Targaprimir-515 with SKI-178 decreases sensitivity to Kadcyla,,,,,,,,,,,,,,,
R-BIND (LM) 0034,,CCCN(CC(=O)N(CCC)CC(=O)N(CCC)CC(=O)N(CCC)CC(=O)N(CC(N)=O)CC1=CN(CCCNC(=O)CCCOC2=C(C=C(C=C2C(C)(C)C)C2=NC3=CC(=CC=C3N2)C2=NC3=CC(=CC=C3N2)N2CC[NH+](C)CC2)C(C)(C)C)N=N1)C(=O)CNCC1=CN(CCCNC(=O)CCCOC2=C(C=C(C=C2C(C)(C)C)C2=NC3=CC(=CC=C3N2)C2=NC3=CC(=CC=C3N2)N2CC[NH+](C)CC2)C(C)(C)C)N=N1,Targaprimir-515,10.1021/jacs.8b10558,,,,,,,,,,,MCF-7 Cells,Increased translational activity,Ligand = 1 and 5 µM,Translational Activity,Dual luciferase,Cells were transiently transfected with firefly/Renilla Duo Luciferase reporter vector encoding the 3' untranslated region of SK1 that contains the miR-515-5p binding site; Cells were treated for 48 hours,"Compared to cells transfected with control vector; Treatment with 515-VM (Anti-515-5p Vivo-morpholino antisense oligonucleotide, 5 µM) increased activity; Treatment with SCR-VM (scrambled control Vivo-morpholino antisense oligonucleotide, 5 µM) did not alter activity",,,,,,,,,,,,,,,
R-BIND (LM) 0034,,CCCN(CC(=O)N(CCC)CC(=O)N(CCC)CC(=O)N(CCC)CC(=O)N(CC(N)=O)CC1=CN(CCCNC(=O)CCCOC2=C(C=C(C=C2C(C)(C)C)C2=NC3=CC(=CC=C3N2)C2=NC3=CC(=CC=C3N2)N2CC[NH+](C)CC2)C(C)(C)C)N=N1)C(=O)CNCC1=CN(CCCNC(=O)CCCOC2=C(C=C(C=C2C(C)(C)C)C2=NC3=CC(=CC=C3N2)C2=NC3=CC(=CC=C3N2)N2CC[NH+](C)CC2)C(C)(C)C)N=N1,Targaprimir-515,10.1021/jacs.8b10558,,,,,,,,,,,MCF-7 Cells,No effect was observed,Ligand = 1 and 5 µM,Translational Activity,Dual luciferase,Cells were transiently transfected with firefly/Renilla Duo Luciferase reporter vector encoding the 3' untranslated region of HER2 that contains the miR-515-5p binding site;  Cells were treated for 48 hours,"Compared to cells transfected with control vector; Treatment with 515-VM (Anti-515-5p Vivo-morpholino antisense oligonucleotide, 5 µM) or SCR-VM (scrambled control Vivo-morpholino antisense oligonucleotide, 5 µM) did not alter activity",,,,,,,,,,,,,,,
R-BIND (LM) 0034,,CCCN(CC(=O)N(CCC)CC(=O)N(CCC)CC(=O)N(CCC)CC(=O)N(CC(N)=O)CC1=CN(CCCNC(=O)CCCOC2=C(C=C(C=C2C(C)(C)C)C2=NC3=CC(=CC=C3N2)C2=NC3=CC(=CC=C3N2)N2CC[NH+](C)CC2)C(C)(C)C)N=N1)C(=O)CNCC1=CN(CCCNC(=O)CCCOC2=C(C=C(C=C2C(C)(C)C)C2=NC3=CC(=CC=C3N2)C2=NC3=CC(=CC=C3N2)N2CC[NH+](C)CC2)C(C)(C)C)N=N1,Targaprimir-515,10.1021/jacs.8b10558,,,,,,,,,,,MCF-7 Cells,SK1 levels increase after 24 and 48 hour treatments,Ligand = 1 µM,RNA Abundance,RT-qPCR,Tested for SK1; mRNA levels were measured after 24 and 48 hours of treatment,Compared to untreated cells; RNA expression levels normalized with 18S; Treatment with 515-VM (Anti-515-5p Vivo-morpholino antisense oligonucleotide) increased SK1 levels at both 24 and 48 hours; Treatment with SCR-VM (scrambled control Vivo-morpholino antisense oligonucleotide) did not increase SK1 levels,,,,,,,,,,,,,,,
R-BIND (LM) 0034,,CCCN(CC(=O)N(CCC)CC(=O)N(CCC)CC(=O)N(CCC)CC(=O)N(CC(N)=O)CC1=CN(CCCNC(=O)CCCOC2=C(C=C(C=C2C(C)(C)C)C2=NC3=CC(=CC=C3N2)C2=NC3=CC(=CC=C3N2)N2CC[NH+](C)CC2)C(C)(C)C)N=N1)C(=O)CNCC1=CN(CCCNC(=O)CCCOC2=C(C=C(C=C2C(C)(C)C)C2=NC3=CC(=CC=C3N2)C2=NC3=CC(=CC=C3N2)N2CC[NH+](C)CC2)C(C)(C)C)N=N1,Targaprimir-515,10.1021/jacs.8b10558,,,,,,,,,,,MCF-7 Cells,HER2 levels only increase after 48 hours of treatment,Ligand = 1 µM,RNA Abundance,RT-qPCR,Tested for HER2; mRNA levels were measured after 24 and 48 hours of treatment,Compared to untreated cells; RNA expression levels normalized with 18S; Treatment with 515-VM (Anti-515-5p Vivo-morpholino antisense oligonucleotide) increased HER2 levels only at 48 hours treatment; Treatment with SCR-VM (scrambled control Vivo-morpholino antisense oligonucleotide) did not increase HER2 levels,,,,,,,,,,,,,,,
R-BIND (LM) 0035,,O=C(NC1=CC(=CC=C1)C1=[NH+]CCN1)C1=CC=C(C=C1)C1=CC=C(C=C1)C(=O)NC1=CC=CC(=C1)C1=[NH+]CCN1,Compound 10,10.1016/j.chempr.2018.08.003,,Mixture of RNAs,No preferential binding data shown,Ligand = 2mM; RNA = 0.125 pmol/µL; Competitor oligonucleotides = 0.125 nmol/µL,"Screening Buffer 1 (SB1): 8 mM Na2HPO4 (pH = 7.0), 185 mM NaCl, 0.1 mM EDTA, and 40 µg/mL BSA; Screening Buffer 2 (SB2): SB1 without BSA",Binding ,Microarray,"2 mM compound spotted onto the microarray surface. Radioactively labeled RNA was mixed with competitor oligonucleotides. Nucleic acids were mixed together in a total volume of 400 µL, and BSA was added to 40 µg/mL.  Spots that bound RNA were mechanically removed them from the surface. RNA was subjected to RT-qPCR for identity.",-,,SGR-Neo_Rluc-JFH1-2A replicon cells in Huh-7.5,IC50 = 19 ± 2 µM,"Ligand = 0, 2.5, 5, 10, 20 µM",Antiviral Activity,Luciferase,"HCV stable subgenomic replicon cells (SGR-Rluc-Neo-[NS3-5B]-JFH1-2a with luciferase reporter).  24 hr post cell plating, the compound of interest was added. After 72 hr,  luciferase activity was measured.","Compared to DMSO, Compound 9 (non-binder) and 2'-C-methyladenosine triphosphate",,,,,,,,,,,,,,,
R-BIND (LM) 0035,,O=C(NC1=CC(=CC=C1)C1=[NH+]CCN1)C1=CC=C(C=C1)C1=CC=C(C=C1)C(=O)NC1=CC=CC(=C1)C1=[NH+]CCN1,Compound 10,10.1016/j.chempr.2018.08.003,,HCV SL I and SL III (5'GUG3'/3'C_G5'),"Kd = 3,350 ± 770 nM",NR,"20 mM HEPES (pH = 7.5), 150 mM NaCl, 5 mM KCl, 40 mg/mL BSA, and 1 mM MgCl2",Binding ,Fluorescence-Based Titration (Labeled RNA) ,5'-fluorescein labeled RNA. Ligand was prepared in serial dilutions (1:2) for concentration range tested.,Compared to compound 9 (non-binder),C,Huh-7.5 Cells,No toxicity at 10 µM,Ligand = 10 µM,Cytotoxicity,WST-1,-,Compared to cells treated with DMSO,,,,,,,,,,,,,,,
R-BIND (LM) 0035,,O=C(NC1=CC(=CC=C1)C1=[NH+]CCN1)C1=CC=C(C=C1)C1=CC=C(C=C1)C(=O)NC1=CC=CC(=C1)C1=[NH+]CCN1,Compound 10,10.1016/j.chempr.2018.08.003,,HCV SL II (5'CUG3'/3'G_C5'),"Kd = 7,100 ± 4,200 nM",NR,"20 mM HEPES (pH = 7.5), 150 mM NaCl, 5 mM KCl, 40 mg/mL BSA, and 1 mM MgCl2",Binding ,Fluorescence-Based Titration (Labeled RNA) ,5'-fluorescein labeled RNA. Ligand was prepared in serial dilutions (1:2) for concentration range tested.,Compared to compound 9 (non-binder),,,,,,,,,,,,,,,,,,,,,,,
R-BIND (LM) 0035,,O=C(NC1=CC(=CC=C1)C1=[NH+]CCN1)C1=CC=C(C=C1)C1=CC=C(C=C1)C(=O)NC1=CC=CC(=C1)C1=[NH+]CCN1,Compound 10,10.1016/j.chempr.2018.08.003,,HCV SL I (5'UAG3'/3'A_C5'),Kd = 460 ± 140 nM,NR,"20 mM HEPES (pH = 7.5), 150 mM NaCl, 5 mM KCl, 40 mg/mL BSA, and 1 mM MgCl2",Binding ,Fluorescence-Based Titration (Labeled RNA) ,5'-fluorescein labeled RNA. Ligand was prepared in serial dilutions (1:2) for concentration range tested.,Compared to compound 9 (non-binder),,,,,,,,,,,,,,,,,,,,,,,
R-BIND (LM) 0035,,O=C(NC1=CC(=CC=C1)C1=[NH+]CCN1)C1=CC=C(C=C1)C1=CC=C(C=C1)C(=O)NC1=CC=CC(=C1)C1=[NH+]CCN1,Compound 10,10.1016/j.chempr.2018.08.003,C,Mixture of Kinases,No kinases were significantly inhibited,Ligand = 20 µM,NR,Off-Target Effect,Kinase Selectivity Profiling Assay,Luminescence readout. Timepoints of 24 and 72 hours. 22 kinases were studied.,Compared to staurosporine,,,,,,,,,,,,,,,,,,,,,,,
